tree
version=v4
num_class=1
num_tree_per_iteration=1
label_index=0
max_feature_idx=33
objective=quantile
feature_names=mandi_name district state variety is_real_trade day_of_week month day_of_year is_weekend is_holiday price_roll_mean_7 price_roll_std_7 price_roll_mean_30 price_expanding_mean sin_365_1 cos_365_1 sin_365_2 cos_365_2 rainfall_7d_sum rainfall_30d_sum temp_7d_avg price_lag_1 price_lag_2 price_lag_3 price_lag_7 temp_mean_lag1 rainfall_lag1 temp_mean temp_lag1 temp_lag7 precip_lag1 precip_roll7 precip_roll30 evapotrans_lag1
feature_infos=-1:14:10:5:15:7:6:0:13:1:21:12:4:19:16:3:11:20:2:17:18:9 none none -1:1:3:2:0 none [0:6] [1:12] [1:366] [0:1] [0:1] [394.28571428571428:131086504.71428572] [0:346815176.15154129] [443.66666666666669:30590979.833333332] [971.09666666666669:1131950.5985221674] [-0.9999994220246925:0.99998555065071859] [-0.99997919295908233:0.9999907524084426] [-0.9999994220246925:0.99995318436087299] [-0.99999768809943823:0.99996300980480612] [0:257] [0:453.89999999999998] [17.392857142857142:32.600000000000001] [100:917588483] [100:917588483] [100:917588483] [100:917588483] [14.449999999999999:33.299999999999997] [0:79.900000000000006] [14.449999999999999:33.299999999999997] [14.449999999999999:33.299999999999997] [14.449999999999999:33.299999999999997] [0:79.900000000000006] [0:257] [0:453.89999999999998] [0.87:9.2799999999999994]
tree_sizes=1573 1856 1861 1872 1897 1886 1865 1890 1894 1894 1869 1885 1877 1884 1888 1891 1894 1880 1889 1863 1877 1911 1901 1901 1891 1893 1895 1906 1886 1901 1912 1917 1879 1913 1912 1907 1886 1896 1740 1905 1903 1902 1898 1898 1906 1896 1905 1895 1919 1892 1899 1884 1901 1923 1894 1909 1891 1889 1882 1892 1884 1901 1912 1910 1900 1941 1889 1902 1914 1896 1878 1914 1906 1890 1912 1905 1889 1913 1822 1898 1914 1906 1913 1922 1906 1881 1922 1895 1914 1893 1895 1922 1916 1915 1925 1882 1882

Tree=0
num_leaves=20
num_cat=0
split_feature=21 22 22 14 23 10 21 22 18 10 20 31 16 23 29 18 12 22 17
split_gain=878.967 69.8829 46.5825 14.1943 9.63718 5.98105 4.96468 3.98431 3.8986 4.65603 2.98572 2.76602 2.33864 1.62713 1.1055 1.03085 0.906629 0.677063 0.471216
threshold=800.50000000000011 900.50000000000011 821.50000000000011 0.91596454896554913 750.50000000000011 872.21428571428589 995.5100000000001 912.23500000000013 6.8000000000000114 816.00000000000011 27.532142857142862 2.1500000000000026 0.92919371535393525 805.50000000000011 28.775000000000002 1.800000000000002 838.81666666666672 805.50000000000011 0.1318557721318592
decision_type=2 2 2 2 2 2 2 2 2 2 2 2 2 2 2 2 2 2 2
left_child=2 3 4 8 11 14 12 10 9 -2 -4 -1 16 -8 -5 -6 -3 -7 -10
right_child=1 6 7 5 15 17 13 -9 18 -11 -12 -13 -14 -15 -16 -17 -18 -19 -20
leaf_value=791 797.24600007832055 800 794 795.5 794 797 799.10900000281629 796.70000017434359 800 799.62500031851232 797 794.75 797 809.75 794 797 801.5 798.52999999999997 802.25000012293458
leaf_weight=901 74 61 77 104 275 77 64 196 50 286 122 83 50 12664 140 64 427 98 111
leaf_count=901 74 61 77 104 275 77 64 196 50 286 122 83 50 12664 140 64 427 98 111
internal_value=800 800.002 799.979 799.994 799.977 799.99 800.003 799.989 799.998 799.996 799.986 799.975 800 800.003 799.987 799.982 800.001 799.995 800.001
internal_weight=15924 14206 1718 940 1323 419 13266 395 521 360 199 984 538 12728 244 339 488 175 161
internal_count=15924 14206 1718 940 1323 419 13266 395 521 360 199 984 538 12728 244 339 488 175 161
is_linear=0
shrinkage=1


Tree=1
num_leaves=20
num_cat=0
split_feature=22 10 10 10 14 15 11 14 14 20 16 12 22 32 23 14 18 12 22
split_gain=686.458 67.3093 37.2339 13.1854 11.1631 10.7737 9.07689 6.67966 6.73209 5.11551 4.92901 1.88367 1.68318 1.34131 1.22677 1.16493 1.15103 1.08485 0.108558
threshold=795.50000000000011 864.357142857143 707.21428571428589 1095.8571428571431 0.67167992559793654 -0.11692317777808843 176.42130302993777 0.65883702558178847 0.80417553764032002 24.246428571428577 0.98519415784776321 704.08333333333337 927.50000000000011 9.8499999999999996 1000.5000000000001 0.67167992559793654 0.99999999999999389 756.40000000000009 1000.5000000000001
decision_type=2 2 2 2 2 2 2 2 2 2 2 2 2 2 2 2 2 2 2
left_child=2 4 16 5 13 15 7 11 -9 -6 -7 -4 -11 17 -5 -3 -1 -2 -16
right_child=1 3 6 14 9 10 -8 8 -10 12 -12 -13 -14 -15 18 -17 -18 -19 -20
leaf_value=-8.7300000000000004 -2.7974999909475446 2.9324999963119627 -3.2827499579451977 0.098999994769692415 -5.8199999999999994 -1.4045999970227514 -3.5414999631419777 -5.7299999999999995 -5.7479999493062497 -4.6799998654425146 -5.2199998569488519 -2.5109999690204856 -3.7160429918761251 1.4392499998658899 1.2075 0.089999999999999997 -5.8424999999999994 -1.448612966370552 11.7075
leaf_weight=682 55 679 54 190 55 457 98 110 379 302 65 78 82 74 166 454 70 72 11802
leaf_count=682 55 679 54 190 55 457 98 110 379 302 65 78 82 74 166 454 70 72 11802
internal_value=0.000124145 0.00211457 -0.0193899 0.00255784 -0.00737129 1.81161e-05 -0.0143167 -0.0156945 -0.0174245 -0.0100636 -0.00351625 -0.00886466 -0.00857922 -0.00124752 0.00289983 0.00168783 -0.0241554 -0.00323437 0.00293834
internal_weight=15924 14453 1471 13813 640 1655 719 621 489 439 522 132 384 201 12158 1133 752 127 11968
internal_count=15924 14453 1471 13813 640 1655 719 621 489 439 522 132 384 201 12158 1133 752 127 11968
is_linear=0
shrinkage=0.03


Tree=2
num_leaves=20
num_cat=0
split_feature=21 10 10 14 21 13 14 31 16 10 14 21 14 20 29 15 15 14 23
split_gain=723.995 56.0903 32.8475 12.9336 10.7656 9.16599 7.51487 4.03126 3.61267 3.27897 4.48852 2.35273 2.20246 1.27642 1.1687 1.0672 0.994357 0.924782 0.572479
threshold=795.50000000000011 864.357142857143 707.21428571428589 0.91596454896554913 945.50000000000011 1693.4790495296925 0.59177612190863982 0.79999999999999993 0.8277925332691819 1100.214285714286 0.95998215779580554 830.50000000000011 0.92273069556937592 29.178571428571434 27.975000000000005 -0.80926783187727869 -0.88620506325989179 0.98049069993378934 1000.5000000000001
decision_type=2 2 2 2 2 2 2 2 2 2 2 2 2 2 2 2 2 2 2
left_child=2 3 -1 11 8 6 16 -8 12 10 -6 13 -3 -2 -7 -13 -4 -5 -11
right_child=1 4 5 17 9 14 7 -9 -10 18 -12 15 -14 -15 -16 -17 -18 -19 -20
leaf_value=-8.4680999999999997 -1.2291899899779246 0.0961379949901702 -2.8115175012616453 -5.2275598611518728 2.8171840408641007 -4.0896000040367255 -5.6480999999999995 -3.0105599445685729 -5.6634000042915327 2.2051501521728949 -1.231559993831812 0.16654499976497114 -1.4137620000893172 -2.610884991772993 -4.1475600015208114 -1.3573500044055304 -2.7772018054408867 -5.6873759991669059 11.356275
leaf_weight=746 57 315 51 158 1078 69 263 57 50 144 173 111 192 65 226 93 56 175 11845
leaf_count=746 57 315 51 158 1078 69 263 57 50 144 173 111 192 65 226 93 56 175 11845
internal_value=0.000137331 0.00217908 -0.0199258 -0.00634545 0.00258994 -0.0151577 -0.0181402 -0.0206075 -0.00144086 0.00276301 0.00123642 -0.00191743 -0.00057874 -0.00519512 -0.0106419 0 -0.0102222 -0.0105269 0.00291843
internal_weight=15924 14456 1468 659 13797 722 427 320 557 13240 1251 326 507 122 295 204 107 333 11989
internal_count=15924 14456 1468 659 13797 722 427 320 557 13240 1251 326 507 122 295 204 107 333 11989
is_linear=0
shrinkage=0.03


Tree=3
num_leaves=20
num_cat=0
split_feature=22 10 10 22 14 11 14 13 15 10 14 7 10 14 29 12 13 13 19
split_gain=662.354 62.8413 32.6537 13.2937 11.3693 8.89405 6.45073 7.09793 4.59268 4.19337 3.75183 3.52751 3.03326 2.24542 2.16441 1.88367 1.4296 1.39036 1.28824
threshold=795.50000000000011 864.357142857143 707.21428571428589 927.50000000000011 0.98049069993378934 176.42130302993777 0.65883702558178847 1650.4474935875992 -0.29342786347392819 1100.214285714286 0.63257020223555627 139.50000000000003 1003.357142857143 0.49065764355977465 28.550000000000001 704.08333333333337 1574.6574801463721 1472.1748249815771 0.39999999999999963
decision_type=2 2 2 2 2 2 2 2 2 2 2 2 2 2 2 2 2 2 2
left_child=2 4 13 8 11 6 15 -8 -3 10 -5 18 -10 -1 -6 -4 -15 -13 -2
right_child=1 3 5 9 14 -7 7 -9 12 -11 -12 17 -14 16 -16 -17 -18 -19 -20
leaf_value=-5.3534444813066786 -3.3440788190408921 0.74441586383832858 -3.0866202739381152 3.6891410171701624 -5.4759569999999984 -3.2886698021927332 -5.4781170015208112 -4.4407331646177957 -3.7054031750463898 10.565586750000001 -0.37971552122592239 -2.726127122030948 -0.36566325955536855 -8.9640569999999968 -5.4551650645464065 -2.3355158384755579 -6.8030444991299568 0.12108203664855181 -2.5227732082021679
leaf_weight=64 92 221 54 703 110 98 218 271 170 12011 557 57 151 514 72 78 174 144 165
leaf_count=64 92 221 54 703 110 98 218 271 170 12011 557 57 151 514 72 78 174 144 165
internal_value=0.000165589 0.0021208 -0.0190027 0.00254915 -0.00704368 -0.0142333 -0.0155981 -0.017302 -0.00200552 0.0027387 0.00103489 -0.00435948 -0.00432298 -0.0234781 -0.0134918 -0.00886466 -0.0241524 -0.00109901 -0.00672093
internal_weight=15924 14453 1471 13813 640 719 621 489 542 13271 1260 458 321 752 182 132 688 201 257
internal_count=15924 14453 1471 13813 640 719 621 489 542 13271 1260 458 321 752 182 132 688 201 257
is_linear=0
shrinkage=0.03


Tree=4
num_leaves=20
num_cat=1
split_feature=21 22 22 14 23 10 7 21 21 29 23 23 29 12 0 7 14 10 21
split_gain=683.763 61.7145 39.0461 15.1897 7.69763 5.92402 4.67501 4.01786 3.76509 3.06372 2.96636 1.97324 1.73051 1.63095 0.843403 0.834756 0.79464 0.716856 0.429261
threshold=795.50000000000011 912.23500000000013 821.50000000000011 0.92273069556937592 670.50000000000011 880.78571428571433 139.50000000000003 912.23500000000013 830.50000000000011 28.550000000000001 821.50000000000011 821.50000000000011 22.425000000000004 704.08333333333337 0 80.500000000000014 0.62587949062545845 1107.214285714286 850.50000000000011
decision_type=2 2 2 2 2 2 2 2 2 2 2 2 2 2 9 2 2 2 2
left_child=2 3 4 8 -1 14 10 15 16 -4 -6 -9 -10 -8 -5 -3 -2 -13 -17
right_child=1 7 9 5 6 -7 13 11 12 -11 -12 17 -14 -15 -16 18 -18 -19 -20
leaf_value=-8.8451352899999964 -1.2125814876432821 -2.2801757557967779 -4.9685392963659885 -3.5966244848513398 -6.445135289999997 -1.3845946411931866 -3.2919880065495759 -0.79021273279803683 -1.5546674609236946 -3.3454627299045625 -5.3137734914751871 2.7168352483696125 0.24385748820101483 -2.6254110842939626 -5.3897623896924092 -0.43150714582816924 -2.5505923257397978 10.698619147500002 0.78823927744759126
leaf_weight=519 84 65 134 139 413 184 77 86 90 146 106 1070 412 73 190 106 71 11847 112
leaf_count=519 84 65 134 139 413 184 77 86 90 146 106 1070 412 73 190 106 71 11847 112
internal_value=0.000184427 0.00216871 -0.0193131 -0.0044193 -0.0217166 -0.00829961 -0.019191 0.00275254 -0.00131307 -0.00891459 -0.0207462 0.00283021 0 -0.0134106 -0.0107818 -0.000654929 -0.00538462 0.00286159 4.1096e-05
internal_weight=15924 14456 1468 1170 1188 513 669 13286 657 280 519 13003 502 150 329 283 155 12917 218
internal_count=15924 14456 1468 1170 1188 513 669 13286 657 280 519 13003 502 150 329 283 155 12917 218
cat_boundaries=0 1
cat_threshold=1607762
is_linear=0
shrinkage=0.03


Tree=5
num_leaves=20
num_cat=1
split_feature=21 22 22 22 23 31 21 14 21 7 0 23 15 7 7 10 23 20 7
split_gain=688.844 49.7391 34.8272 12.2858 11.9984 8.94655 4.86614 4.6202 3.42404 2.43712 2.31816 2.24723 1.79892 1.78572 1.72829 1.39387 0.853691 0.494771 0.47892
threshold=795.50000000000011 900.50000000000011 830.50000000000011 795.50000000000011 821.50000000000011 5.200000000000002 1027.5000000000002 0.62587949062545845 850.50000000000011 151.50000000000003 0 805.50000000000011 -0.091258822863740666 100.50000000000001 80.500000000000014 816.00000000000011 927.50000000000011 29.239285714285717 101.50000000000001
decision_type=2 2 2 2 2 2 2 2 2 2 9 2 2 2 2 2 2 2 2
left_child=2 3 4 7 5 9 11 -2 10 -1 -5 -3 -10 -4 -13 -9 -8 -15 -6
right_child=1 6 13 8 18 -7 16 15 12 -11 -12 14 -14 17 -16 -17 -18 -19 -20
leaf_value=-7.6797812312999962 -1.2647149342988588 -2.324661278325892 -5.0520284836595364 -2.665069183870858 -5.1546302859101756 -2.7609062165478475 3.860830196551162 -5.5883888996193507 0.98568402410489897 -4.7880996068607953 -0.9933626028381517 -0.6023744698234168 -1.1423537832056274 -1.2944336366814668 1.3776605730750009 -2.6814876437138371 9.2121608487390318 -4.1065841789493183 -2.5125261385829574
leaf_weight=928 79 83 125 108 76 67 127 160 259 82 169 192 173 55 658 125 12334 74 51
leaf_count=928 79 83 125 108 76 67 127 160 259 82 169 192 173 55 658 125 12334 74 51
internal_value=0.000239232 0.00222325 -0.0194044 -0.00397207 -0.0215627 -0.0226475 0.00272318 -0.00847397 -0.00158873 -0.0233976 -0.00418705 0.000571735 0 -0.00895294 0.00107521 -0.0102797 0.0028806 -0.00567692 -0.0119062
internal_weight=15925 14467 1458 1073 1204 1077 13394 364 709 1010 277 933 432 254 850 285 12461 129 127
internal_count=15925 14467 1458 1073 1204 1077 13394 364 709 1010 277 933 432 254 850 285 12461 129 127
cat_boundaries=0 1
cat_threshold=1094848
is_linear=0
shrinkage=0.03


Tree=6
num_leaves=20
num_cat=0
split_feature=10 10 22 7 31 7 23 10 29 23 22 17 12 29 10 7 11 15 13
split_gain=606.886 44.0188 39.1345 10.8369 10.2598 10.0439 8.2039 8.12227 6.56892 5.22366 5.2138 4.02616 3.64529 3.48932 2.81996 2.74661 2.18485 2.01628 1.17183
threshold=816.00000000000011 725.357142857143 912.23500000000013 101.50000000000001 0.40000000000001518 153.50000000000003 821.50000000000011 992.92857142857156 22.925000000000004 795.50000000000011 795.50000000000011 -0.88320848168588306 678.75000000000011 28.775000000000002 1087.6428571428576 107.50000000000001 188.98223650460463 -0.58481178939031186 1493.3823156342185
decision_type=2 2 2 2 2 2 2 2 2 2 2 2 2 2 2 2 2 2 2
left_child=1 5 3 7 10 9 11 8 -2 18 -3 -4 -6 -12 15 -8 -5 -14 -1
right_child=2 4 6 16 12 -7 14 -9 -10 -11 13 -13 17 -15 -16 -17 -18 -19 -20
leaf_value=-8.5893875207756754 -5.5862529272198831 -4.9472506360745649 -4.8998538768054098 -0.0038242246443574209 -2.5989895633972306 -3.3435816186549729 -0.98563003175740271 -0.17668254032480277 -2.7509375834753547 -6.3258836310157385 -5.195129482018161 -0.47698328474129359 -0.68683419779802823 -2.365453208926406 9.3512957476128307 2.3015003737262734 -2.2137100319149954 -2.6889269210258426 -7.4493877943609954
leaf_weight=409 56 275 50 404 54 83 243 93 189 54 69 120 94 116 12188 852 124 93 359
leaf_count=409 56 275 50 404 54 83 243 93 189 54 69 120 94 116 12188 852 124 93 359
internal_value=0.000286324 -0.0171917 0.00225084 -0.00390657 -0.0113846 -0.0216225 0.00265081 -0.00811504 -0.0109756 -0.0226841 -0.0140889 -0.00377193 -0.006 -0.00951613 0.00273668 0.00120438 -0.0011172 -0.0036383 -0.0233953
internal_weight=15925 1606 14319 866 701 905 13453 338 245 822 460 170 241 185 13283 1095 528 187 768
internal_count=15925 1606 14319 866 701 905 13453 338 245 822 460 170 241 185 13283 1095 528 187 768
is_linear=0
shrinkage=0.03


Tree=7
num_leaves=20
num_cat=1
split_feature=21 22 22 21 22 33 23 21 14 21 14 0 29 33 21 15 6 23 32
split_gain=605.248 46.2201 25.9601 14.0399 11.6614 4.93064 4.47525 4.38477 3.92515 3.07963 3.07061 2.92896 2.5782 2.46734 2.12695 1.59816 1.36438 0.85656 0.796518
threshold=795.50000000000011 945.50000000000011 830.50000000000011 695.50000000000011 795.50000000000011 4.745000000000001 757.50000000000011 1027.5000000000002 0.62587949062545845 850.50000000000011 0.63257020223555627 0 28.725000000000005 5.2000000000000011 945.50000000000011 -0.42179730054635828 3.5000000000000004 927.50000000000011 0.29999999999999788
decision_type=2 2 2 2 2 2 2 2 2 2 2 9 2 2 2 2 2 2 2
left_child=2 4 3 6 8 -5 -1 16 -2 11 -7 -6 13 -4 -10 -11 18 -9 -3
right_child=1 7 12 5 9 10 -8 17 14 15 -12 -13 -14 -15 -16 -17 -18 -19 -20
leaf_value=-7.8793061050442024 -1.2266587595305625 1.0968355191965076 -2.8191950849582317 -2.3922517932820955 -2.4567076645292345 -2.7747770003218362 -5.9636294851784921 3.6172698582602871 -4.8798331537385895 1.2295024649582105 -4.5341459262560599 -1.0501711567904262 -2.9241233439975627 -5.2035463452080881 -3.395655023720328 -0.60721999184890285 1.1100683623145267 8.920756875184443 -0.99611113469174462
leaf_weight=549 79 64 50 50 111 108 84 126 177 217 413 174 131 73 108 286 611 12321 193
leaf_count=549 79 64 50 50 111 108 84 126 177 217 413 174 131 73 108 286 611 12321 193
internal_value=0.00036544 0.00222532 -0.0180473 -0.0199195 -0.00352038 -0.0161748 -0.0231956 0.00272604 -0.00798082 -0.00139544 -0.017092 -0.00388112 -0.00895294 -0.0123871 -0.00965035 0 0.000597238 0.00287082 -0.00113953
internal_weight=15925 14467 1458 1204 1152 571 633 13315 364 788 521 285 254 123 285 503 868 12447 257
internal_count=15925 14467 1458 1204 1152 571 633 13315 364 788 521 285 254 123 285 503 868 12447 257
cat_boundaries=0 1
cat_threshold=1094848
is_linear=0
shrinkage=0.03


Tree=8
num_leaves=20
num_cat=1
split_feature=21 22 22 21 22 19 21 14 31 21 0 21 16 14 11 19 13 23 19
split_gain=580.946 45.391 24.2243 14.8771 11.5063 4.80666 4.51797 3.8146 3.33378 2.91615 2.69404 1.97692 1.7758 1.59112 1.38389 1.32389 1.26742 1.04779 0.62686
threshold=795.50000000000011 945.50000000000011 830.50000000000011 700.50000000000011 795.50000000000011 8.6500000000000021 1027.5000000000002 0.62587949062545845 0.70000000000000184 850.50000000000011 0 945.50000000000011 -0.30061409409415352 0.48314048284850658 159.98511835555192 4.0499999999999936 1657.9424961597545 927.50000000000011 0.29999999999999788
decision_type=2 2 2 2 2 2 2 2 2 2 9 2 2 2 2 2 2 2 2
left_child=2 4 3 5 7 13 15 -2 16 10 -6 -9 -4 -1 -11 18 -5 -8 -3
right_child=1 6 12 8 9 -7 17 11 -10 14 -12 -13 -14 -15 -16 -17 -18 -19 -20
leaf_value=-4.4149650860490839 -1.189858996744646 0.24666151120421684 -2.8337008358146631 -5.6276817909500432 -2.3830064345933555 -5.4638945949382354 3.5087517625124773 -4.7334381591264334 -2.1740344490697217 0.63262091387314989 -1.0186660220867145 -3.2937853730087179 -4.4785177289994795 -6.9895269773788415 -0.97239256265160567 1.1383645079262597 -1.686305264820035 8.6531341689289096 -0.92617776278219321
leaf_weight=54 79 151 125 174 111 63 126 177 90 349 174 108 129 721 154 466 102 12321 251
leaf_count=54 79 151 125 174 111 63 126 177 90 349 174 108 129 721 154 466 102 12321 251
internal_value=0.000403115 0.00222532 -0.0176361 -0.0194465 -0.00346834 -0.0217652 0.00272154 -0.00789863 -0.01397 -0.00135741 -0.00377622 -0.00954545 -0.00883529 -0.0225 0 0.000562716 -0.0158014 0.00286841 -0.000617866
internal_weight=15925 14467 1458 1204 1152 838 13315 364 366 788 285 285 254 775 503 868 276 12447 402
internal_count=15925 14467 1458 1204 1152 838 13315 364 366 788 285 285 254 775 503 868 276 12447 402
cat_boundaries=0 1
cat_threshold=1094848
is_linear=0
shrinkage=0.03


Tree=9
num_leaves=20
num_cat=1
split_feature=21 21 13 14 21 7 23 14 23 13 33 12 0 12 21 27 13 23 7
split_gain=533.838 38.7126 21.9844 13.7051 9.50548 6.80938 6.18693 5.16629 5.05423 3.29142 3.87975 2.77891 2.2598 2.01341 1.60661 1.50627 1.13213 1.11912 0.849275
threshold=795.50000000000011 900.50000000000011 1704.8287493158184 0.21022171450811275 725.50000000000011 107.50000000000001 1000.5000000000001 0.94138322595482449 775.50000000000011 1915.3609918665386 5.4450000000000012 1073.8333333333337 0 734.28333333333342 1070.5000000000002 28.825000000000006 1524.8535118114569 852.84000000000003 139.50000000000003
decision_type=2 2 2 2 2 2 2 2 2 2 2 2 9 2 2 2 2 2 2
left_child=2 5 3 -1 8 9 7 -3 -5 10 -2 -9 -7 -14 18 -4 -6 -11 -8
right_child=1 6 15 4 16 12 14 11 -10 17 -12 -13 13 -15 -16 -17 -18 -19 -20
leaf_value=-1.8396945096470576 -1.650746943386292 1.5981565121484014 -0.81502220281258375 -6.78793944068057 -4.2743876156901246 0.27468540796420365 0.14704645396374685 -3.4177380291133059 -4.6669702865582252 -1.0513999860097203 -4.9900349467832594 -0.12125256554144617 -2.3764122300791026 -0.82481855912938473 9.2935401438610441 -3.7402836507051167 -2.6487035120838121 0.14110691154108498 2.6246428421428583
leaf_weight=62 87 720 73 764 90 228 319 108 88 64 182 128 52 244 12022 218 163 69 244
leaf_count=62 87 720 73 764 90 228 319 108 88 64 182 128 52 244 12022 218 163 69 244
internal_value=0.000478463 0.00222532 -0.0168136 -0.0186935 -0.0194756 -0.00368608 0.00263314 0.000253919 -0.0211125 -0.00664764 -0.00862222 -0.00353165 -0.00132 -0.00301954 0.00281027 -0.00908219 -0.0137244 -0.00228358 0.00110638
internal_weight=15925 14467 1458 1167 1105 926 13541 956 852 402 269 236 524 296 12585 291 253 133 563
internal_count=15925 14467 1458 1167 1105 926 13541 956 852 402 269 236 524 296 12585 291 253 133 563
cat_boundaries=0 1
cat_threshold=1622035
is_linear=0
shrinkage=0.03


Tree=10
num_leaves=20
num_cat=0
split_feature=21 22 22 21 22 22 21 21 14 7 14 7 14 10 13 23 14 14 14
split_gain=512.033 50.931 24.861 8.16151 7.56895 6.91344 5.26178 3.91887 3.17313 2.7241 1.98835 1.80922 1.69688 1.57467 1.27436 1.2036 1.30365 0.887458 0.863483
threshold=795.50000000000011 852.84000000000003 670.50000000000011 1020.4050000000001 830.50000000000011 795.50000000000011 725.50000000000011 677.50000000000011 0.62587949062545845 115.50000000000001 0.65883702558178847 98.500000000000014 0.97314989601849466 1036.214285714286 1580.919762563067 1000.5000000000001 0.84313847884979054 0.91596454896554913 0.97875492728876534
decision_type=2 2 2 2 2 2 2 2 2 2 2 2 2 2 2 2 2 2 2
left_child=2 5 7 9 6 8 10 18 -2 13 -4 -6 -7 -3 -8 16 -5 -9 -1
right_child=1 3 4 15 11 12 14 17 -10 -11 -12 -13 -14 -15 -16 -17 -18 -19 -20
leaf_value=-7.3262029659811319 -0.97243044188226024 -1.5193002980505814 -3.0060358194921699 3.9667842410448211 -4.3611072666920423 -0.8012358153862903 -3.7406581902916463 -3.6033665188896764 -4.4361321652916672 0.99582616108550892 -5.1198529861580457 -2.9965319500949028 -3.7106652686401924 0.14956034110968783 -1.4765767101043823 8.2647339395452128 -0.90804014884609929 -7.046795472608415 -7.3684689606166183
leaf_weight=371 67 227 82 286 127 396 110 52 305 645 317 128 97 222 145 12243 98 75 61
leaf_count=371 67 227 82 286 127 396 110 52 305 645 317 128 97 222 145 12243 98 75 61
internal_value=0.000485643 0.00218846 -0.0163928 0.00263577 -0.0131736 -0.00484988 -0.0149817 -0.0215143 -0.00798659 0.000106849 -0.01737 -0.00832031 -0.00238057 -0.00164 -0.0110156 0.00285128 0.00100519 -0.0154219 -0.0231617
internal_weight=16054 14586 1468 13721 909 865 654 559 372 1094 399 255 493 449 255 12627 384 127 432
internal_count=16054 14586 1468 13721 909 865 654 559 372 1094 399 255 493 449 255 12627 384 127 432
is_linear=0
shrinkage=0.03


Tree=11
num_leaves=20
num_cat=0
split_feature=21 22 22 21 22 22 21 21 14 7 14 12 14 15 13 23 14 10 14
split_gain=497.714 47.9442 25.5576 7.65606 7.05713 6.25766 4.63885 4.58995 2.82862 2.60895 2.43517 1.90024 1.7659 1.73936 1.46373 1.29796 1.91177 0.867545 0.798296
threshold=795.50000000000011 852.84000000000003 670.50000000000011 1020.4050000000001 830.50000000000011 795.50000000000011 677.50000000000011 725.50000000000011 0.62587949062545845 115.50000000000001 0.65883702558178847 1236.1333333333334 0.97314989601849466 -0.11692317777808843 1580.919762563067 1070.5000000000002 0.95752911693909493 809.21428571428589 0.97875492728876534
decision_type=2 2 2 2 2 2 2 2 2 2 2 2 2 2 2 2 2 2 2
left_child=2 5 6 9 7 8 18 10 -2 11 -4 -3 -7 -6 -9 16 -5 -10 -1
right_child=1 3 4 15 13 12 -8 14 17 -11 -12 -13 -14 -15 -16 -17 -18 -19 -20
leaf_value=-7.1064168770016982 -0.94325752862579304 -1.7716122003253083 -2.9158547449074059 3.8465771230804489 -3.3197954147252657 -0.7771987409247032 -5.4732803379234669 -3.6284384445828954 -4.9000444391065665 0.96595137625294514 -4.9662573965733037 0.016156428834175562 -3.5993453105809849 -4.1251122846621131 -1.4322794088012509 8.7667919213588572 -0.91052690199723407 -2.1967637928183588 -7.1474148917981202
leaf_weight=371 67 178 82 570 115 396 127 110 167 645 317 271 97 140 145 11985 72 138 61
leaf_count=371 67 178 82 570 115 396 127 110 167 645 317 271 97 140 145 11985 72 138 61
internal_value=0.000472563 0.00215144 -0.0161681 0.00258548 -0.0129099 -0.00467667 -0.0213536 -0.0146611 -0.00766488 0.000134247 -0.01692 -0.00157333 -0.00231984 -0.00820312 -0.0108984 0.00279427 0.00133904 -0.00892157 -0.0230924
internal_weight=16054 14586 1468 13721 909 865 559 654 372 1094 399 449 493 255 255 12627 642 305 432
internal_count=16054 14586 1468 13721 909 865 559 654 372 1094 399 449 493 255 255 12627 642 305 432
is_linear=0
shrinkage=0.03


Tree=12
num_leaves=20
num_cat=0
split_feature=21 22 22 22 22 21 21 21 33 15 14 26 15 23 14 7 21 13 23
split_gain=482.084 45.6971 26.5138 8.46798 6.60124 5.66251 4.94537 3.46709 3.3055 2.8157 2.58256 1.83276 1.57311 1.46007 1.98537 1.42223 1.41368 1.26763 1.25599
threshold=795.50000000000011 900.50000000000011 650.50000000000011 795.50000000000011 830.50000000000011 725.50000000000011 1020.4050000000001 695.50000000000011 5.4850000000000012 -0.38243420677835349 0.62587949062545845 0.35000000000000003 -0.11692317777808843 1070.5000000000002 0.95752911693909493 81.500000000000014 830.50000000000011 1546.4417666982856 700.50000000000011
decision_type=2 2 2 2 2 2 2 2 2 2 2 2 2 2 2 2 2 2 2
left_child=2 3 7 10 5 8 15 18 -4 16 -2 -11 -6 14 -8 -3 -5 -7 -1
right_child=1 6 4 9 12 17 13 -9 -10 11 -12 -13 -14 -15 -16 -17 -18 -19 -20
leaf_value=-7.6075256442230357 -0.91495980276701749 -0.81250886776685216 -2.9047055809096842 -0.86297928222469744 -3.2202015522835077 -3.5591468003705131 3.6339833531645547 -5.3916404493671779 -4.635103386898809 -2.0967425225755285 -4.1560468671597199 0.39362113413249472 -4.0013589161222498 8.5037881637180917 -0.94036426730174438 0.73221945318390202 0.39183115278129549 -1.431712462706739 -4.79548759509023
leaf_weight=367 67 200 70 86 115 88 550 113 349 331 305 53 140 11963 68 703 260 170 56
leaf_count=367 67 200 70 86 115 88 550 113 349 331 305 53 140 11963 68 703 260 170 56
internal_value=0.000494986 0.00214732 -0.0158822 -0.00370716 -0.0126785 -0.0143274 0.00262937 -0.0213352 -0.0166857 -0.00174419 -0.00742359 -0.00351429 -0.00808594 0.00278398 0.00122617 0.000424779 9.5101e-05 -0.0102741 -0.0228679
internal_weight=16054 14586 1468 1102 932 677 13484 536 419 730 372 384 255 12581 618 903 346 258 423
internal_count=16054 14586 1468 1102 932 677 13484 536 419 730 372 384 255 12581 618 903 346 258 423
is_linear=0
shrinkage=0.03


Tree=13
num_leaves=20
num_cat=0
split_feature=22 10 10 6 10 15 14 14 29 22 10 20 10 14 22 23 29 13 12
split_gain=410.816 40.2801 27.557 10.5438 9.16373 6.66804 5.90028 4.98883 4.42529 4.11416 4.08396 4.01849 2.89723 2.96307 1.83771 1.76383 1.75455 1.64458 1.53456
threshold=821.50000000000011 750.07142857142867 975.07142857142867 4.5000000000000009 623.57142857142878 -0.11692317777808843 0.61237135649459018 0.82414472752956958 24.025000000000002 1020.4050000000001 835.78571428571433 29.046428571428578 929.21428571428589 0.90162119223771331 773.00000000000011 900.50000000000011 29.125000000000004 1534.7033054480642 1605.0166666666669
decision_type=2 2 2 2 2 2 2 2 2 2 2 2 2 2 2 2 2 2 2
left_child=1 4 3 8 17 11 16 -8 -2 18 -10 -3 13 -7 -13 -11 -6 -1 -4
right_child=2 5 9 -5 6 12 7 -9 10 15 -12 14 -14 -15 -16 -17 -18 -19 -20
leaf_value=-7.4149986202208797 -4.2239538881010752 0.090137202047367276 0.99688894449466969 0.34920047524419934 -1.0571756210538716 -3.9961010652674367 -5.0303596176529393 -4.8811748200334515 -3.8630953824681056 -0.21280244676554794 -0.74593021042235219 -2.5191073848388328 -1.6406032392487113 -2.9902484877574862 -0.97878932385353068 6.7786745188065476 -2.128662599002467 -4.4474138024206669 -1.6336488637655913
leaf_weight=271 71 124 482 519 60 59 155 439 172 124 278 142 77 228 94 12502 79 56 122
leaf_count=271 71 124 482 519 60 59 155 439 172 124 278 142 77 228 94 12502 79 56 122
internal_value=0.000571598 -0.0129933 0.00227139 -0.00240634 -0.0167531 -0.00741103 -0.0146403 -0.0160387 -0.00542529 0.00264266 -0.00415743 -0.00427978 -0.0103644 -0.0118542 -0.00656962 0.00275861 -0.00827143 -0.0212927 0.000143802
internal_weight=16054 1784 14270 1040 1060 724 733 594 521 13230 450 360 364 287 236 12626 139 327 604
internal_count=16054 1784 14270 1040 1060 724 733 594 521 13230 450 360 364 287 236 12626 139 327 604
is_linear=0
shrinkage=0.03


Tree=14
num_leaves=20
num_cat=1
split_feature=21 10 13 16 7 17 15 32 21 21 13 21 11 20 15 33 0 23 23
split_gain=410.802 37.4413 22.7881 12.5712 12.3264 8.43739 5.84667 5.32701 4.4602 4.29539 3.67999 2.85783 2.61872 2.08977 1.58355 2.38445 1.54863 1.17445 1.03213
threshold=795.50000000000011 968.357142857143 1549.556683986774 0.90892735371523092 116.50000000000001 0.53857859989105195 0.31595530242620651 1.8499999999999932 1020.4050000000001 725.50000000000011 1807.6075253679642 830.50000000000011 98.349474058744732 28.553571428571434 0.19126587156512342 5.4450000000000012 0 700.50000000000011 1070.5000000000002
decision_type=2 2 2 2 2 2 2 2 2 2 2 2 2 2 2 2 9 2 2
left_child=2 4 5 6 10 7 9 -1 14 -4 12 -6 -2 -7 -3 -16 -12 -9 -10
right_child=1 8 3 -5 11 13 -8 17 18 -11 16 -13 -14 -15 15 -17 -18 -19 -20
leaf_value=-6.4083486698218133 -1.7771984466418629 1.0629365273323621 -3.8572507942105108 -4.7946826036607888 -0.87559181867168745 -1.7116059069391021 0.14032625545472632 -7.031827074193771 2.5541728889356654 -1.6071745443966505 -0.081954365965624429 0.45283421450131311 -5.2074874849898594 -3.0880285263800955 0.080293602068406925 -2.0352826498198655 -1.8769177705699365 -3.8475453004677624 8.0453142832423534
leaf_weight=387 115 428 385 65 139 53 50 126 569 244 119 518 204 81 222 80 154 77 12038
leaf_count=387 115 428 385 65 139 53 50 126 569 244 119 518 204 81 222 80 154 77 12038
internal_value=0.000623918 0.00214938 -0.0144935 -0.0106349 -0.0027984 -0.0183766 -0.00929118 -0.0200254 0.00261628 -0.0100762 -0.00593423 0 -0.0082125 -0.0106889 0.000266758 -0.00131683 -0.00308759 -0.0151765 0.00274873
internal_weight=16054 14586 1468 744 1249 724 679 590 13337 629 592 657 319 134 730 302 273 203 12607
internal_count=16054 14586 1468 744 1249 724 679 590 13337 629 592 657 319 134 730 302 273 203 12607
cat_boundaries=0 1
cat_threshold=532627
is_linear=0
shrinkage=0.03


Tree=15
num_leaves=20
num_cat=2
split_feature=21 22 22 20 10 21 23 10 18 15 33 33 14 14 0 16 0 13 21
split_gain=395.899 37.5837 26.104 7.21536 6.51924 5.71918 5.51506 5.4837 3.36337 3.25992 3.14257 3.04781 2.9446 2.71221 2.1176 1.99852 1.93487 1.75163 1.50583
threshold=795.50000000000011 945.50000000000011 677.50000000000011 24.246428571428577 801.07142857142867 650.50000000000011 1097.5000000000002 758.00000000000011 1.800000000000002 -0.42179730054635828 6.5500000000000007 5.4450000000000012 0.60555468348150676 0.84313847884979054 0 -0.77719744692517556 1 1549.556683986774 1110.5000000000002
decision_type=2 2 2 2 2 2 2 2 2 2 2 2 2 2 9 2 9 2 2
left_child=2 4 5 11 8 10 12 17 15 -6 13 -4 -3 -1 -14 -2 -11 -5 -8
right_child=1 6 3 7 9 -7 18 -9 -10 16 -12 -13 14 -15 -16 -17 -18 -19 -20
leaf_value=-6.3729382036009925 -0.4993469873019728 2.4203990150798336 -1.9716491163273777 -4.242976326120715 0.31273920116607812 -3.5392540226148732 1.0943627386816741 -1.7252081585352881 -0.66309809368278971 -0.3202961977541699 -7.0002982015195965 -4.7928351102630318 1.2668117674282202 -4.2971182235792336 -1.0037834629180999 -4.304075620185567 -1.4270515627274414 -3.7266456801348395 9.3039548547450845
leaf_weight=89 54 667 75 211 338 170 712 311 78 230 212 88 242 137 337 181 305 229 11381
leaf_count=89 54 667 75 211 338 170 712 311 78 230 212 88 242 137 337 181 305 229 11381
internal_value=0.000615404 0.00214374 -0.0139324 -0.0105934 -0.00295451 -0.0188522 0.0026006 -0.00919149 -0.00670701 -0.00155149 -0.0208907 -0.0166829 0.000651965 -0.0174317 -0.000858621 -0.00851695 -0.00302239 -0.0114626 0.00279759
internal_weight=16047 14525 1522 914 1186 608 13339 751 313 873 438 163 1246 226 579 235 535 440 12093
internal_count=16047 14525 1522 914 1186 608 13339 751 313 873 438 163 1246 226 579 235 535 440 12093
cat_boundaries=0 1 2
cat_threshold=558106 550939
is_linear=0
shrinkage=0.03


Tree=16
num_leaves=20
num_cat=2
split_feature=21 21 21 10 10 23 15 12 13 14 18 18 11 0 0 27 21 21 20
split_gain=370.888 33.6208 28.3866 8.35031 7.36037 6.07977 5.46949 4.77638 4.64077 4.56191 4.24278 3.02814 2.66008 2.45717 2.40033 2.31523 1.89957 1.61699 1.21816
threshold=795.50000000000011 945.50000000000011 695.50000000000011 607.28571428571433 801.07142857142867 1097.5000000000002 0.53312596302726967 725.08333333333337 1699.1177311401023 0.93845596220871974 1.800000000000002 5.8499999999999952 64.545111412896219 0 1 30.325000000000006 850.50000000000011 1110.5000000000002 24.103571428571435
decision_type=2 2 2 2 2 2 2 2 2 2 2 2 2 9 9 2 2 2 2
left_child=2 4 3 -1 10 9 7 -5 11 -3 12 18 -2 -11 -6 -10 -16 -7 -4
right_child=1 5 8 6 14 17 -8 -9 15 13 -12 -13 -14 -15 16 -17 -18 -19 -20
leaf_value=-6.8735823646418828 -0.68850225330650783 1.972906014598433 -3.4411075166890885 -4.9031935909795914 0.13182601558684992 1.0759745938408771 -6.026496273568716 -4.153904011381794 -1.1918924680481577 1.0826645547726579 -0.63677184546401366 -0.76198874746375767 -4.3656205415354838 -1.7236691460802667 -1.1407429418709711 -2.0029804928484545 -0.36774521387973014 9.0248362091027321 -2.7320700036192149
leaf_weight=243 60 1052 109 211 350 653 70 231 168 101 72 54 157 202 217 52 204 11457 384
leaf_count=243 60 1052 109 211 350 653 70 231 168 101 72 54 157 202 217 52 204 11457 384
internal_value=0.000660269 0.00213961 -0.0134202 -0.017619 -0.00298303 0.00254641 -0.0151053 -0.0135643 -0.00921094 0.000597345 -0.00709655 -0.0107737 -0.00919266 -0.00258553 -0.00137565 -0.0050905 -0.002875 0.00276071 -0.0115506
internal_weight=16047 14525 1522 755 1060 13465 512 442 767 1355 289 547 217 303 771 220 421 12110 493
internal_count=16047 14525 1522 755 1060 13465 512 442 767 1355 289 547 217 303 771 220 421 12110 493
cat_boundaries=0 1 2
cat_threshold=557272 1067067
is_linear=0
shrinkage=0.03


Tree=17
num_leaves=20
num_cat=0
split_feature=21 22 21 22 22 22 33 20 22 31 27 21 15 19 32 31 18 18 10
split_gain=346.456 34.9233 31.5546 9.87045 6.19566 4.97134 4.89572 3.67159 4.08598 3.55759 3.06311 2.85978 3.33575 2.36754 2.26478 1.87318 1.86977 0.708096 0.468993
threshold=795.50000000000011 945.50000000000011 695.50000000000011 830.50000000000011 725.50000000000011 1300.5000000000002 5.4850000000000012 24.103571428571435 830.50000000000011 4.8499999999999988 28.825000000000006 830.50000000000011 -0.42179730054635828 6.8499999999999979 5.9499999999999975 1.800000000000002 0.40000000000001518 0.60000000000000198 1142.9285714285718
decision_type=2 2 2 2 2 2 2 2 2 2 2 2 2 2 2 2 2 2 2
left_child=2 4 3 6 16 9 -1 14 10 15 -9 17 -13 -8 -4 -3 -2 -6 -7
right_child=1 5 7 -5 11 18 13 8 -10 -11 -12 12 -14 -15 -16 -17 -18 -19 -20
leaf_value=-3.963263756323971 -4.1662436985872482 0.95203677268762843 -3.43886200764927 -4.5593997994356767 -1.997873356712911 0.014045564742875064 -6.1160246697148857 -1.4589933003885627 -1.4261565166906596 3.1131792853376696 -2.7877782421655146 0.47329807934083562 -1.0379198826178428 -4.0244670158413172 -3.1219956492240604 -1.261155265230592 -1.9271767056778337 -0.66090931769785721 13.254091122829649
leaf_weight=76 168 1683 63 105 142 50 521 213 123 1651 307 315 428 53 61 110 52 81 9845
leaf_count=76 168 1683 63 105 142 50 521 213 123 1651 307 315 428 53 61 110 52 81 9845
internal_value=0.000680833 0.0021107 -0.0129278 -0.0173413 -0.00280286 0.00255112 -0.0187788 -0.00850781 -0.00741615 0.00154049 -0.00860844 -0.00170321 -0.000733871 -0.0198313 -0.013704 0.00058194 -0.00739819 -0.00471429 0.00289814
internal_weight=16047 14525 1522 755 1186 13339 650 767 643 3444 520 966 743 574 124 1793 220 223 9895
internal_count=16047 14525 1522 755 1186 13339 650 767 643 3444 520 966 743 574 124 1793 220 223 9895
is_linear=0
shrinkage=0.03


Tree=18
num_leaves=20
num_cat=0
split_feature=21 21 21 17 23 12 13 23 7 21 7 12 15 23 21 13 12 21 17
split_gain=334.058 32.7386 30.5998 8.9731 5.8935 5.52158 4.67966 4.27822 3.94576 3.47303 2.45993 2.12456 1.88066 2.35101 1.79583 1.57152 1.45932 1.03047 0.878206
threshold=795.50000000000011 650.50000000000011 912.23500000000013 -0.42180510190895731 1097.5000000000002 716.68333333333351 1852.1444193389532 700.50000000000011 116.50000000000001 725.50000000000011 141.50000000000003 1066.5833333333337 -0.13398942717002907 1051.5000000000002 1347.5000000000002 1567.718723858123 1578.4333333333336 830.50000000000011 -0.92682582346012798
decision_type=2 2 2 2 2 2 2 2 2 2 2 2 2 2 2 2 2 2 2
left_child=1 3 7 5 8 -1 9 18 11 10 -3 -4 17 -14 16 -11 -6 -9 -2
right_child=2 6 4 -5 14 -7 -8 12 -10 15 -12 -13 13 -15 -16 -17 -18 -19 -20
leaf_value=-6.7273336325768254 -5.5448231704740483 -3.2187852534129777 -1.9952896855233548 -5.7989018357495228 3.0302301169986712 -4.0305440452453416 -1.4240388718224635 -0.74391176065414522 2.2197325717477194 -3.0447110641135597 -1.4123827228862633 -0.033109287494550443 -1.8544152757599615 0.36563492771466977 13.60646838914476 -1.0057109132746187 0.85544400113814212 0.062476738668599811 -2.2686221008217644
leaf_weight=166 52 299 159 267 1883 226 123 164 845 154 106 393 313 77 9690 181 547 338 64
leaf_count=166 52 299 159 267 1883 226 123 164 845 154 106 393 313 77 9690 181 547 338 64
internal_value=0.000710743 -0.012652 0.00211483 -0.0177545 0.00249268 -0.0144504 -0.0086875 -0.00290486 0.00060515 -0.00961538 -0.0116749 -0.00131826 -0.00212654 -0.00372123 0.00270646 -0.00696429 0.00191896 -0.00079324 -0.0084359
internal_weight=16047 1522 14525 659 13517 392 863 1008 1397 740 405 552 892 390 12120 335 2430 502 116
internal_count=16047 1522 14525 659 13517 392 863 1008 1397 740 405 552 892 390 12120 335 2430 502 116
is_linear=0
shrinkage=0.03


Tree=19
num_leaves=20
num_cat=0
split_feature=21 22 21 22 22 21 33 20 21 7 13 22 22 19 27 23 7 11 14
split_gain=322.015 39.5196 28.0471 8.84455 6.5089 5.36967 5.08276 4.44713 2.72697 2.48086 2.43795 2.42241 2.32129 2.05306 1.98827 1.96445 1.79168 1.78353 1.51744
threshold=750.50000000000011 945.50000000000011 650.50000000000011 800.50000000000011 750.50000000000011 1110.5000000000002 5.4850000000000012 24.246428571428577 852.84000000000003 100.50000000000001 1478.6400448028678 795.50000000000011 620.50000000000011 3.2499999999999933 29.125000000000004 1000.5000000000001 125.50000000000001 125.356634105613 0.84313847884979054
decision_type=2 2 2 2 2 2 2 2 2 2 2 2 2 2 2 2 2 2 2
left_child=2 4 3 6 12 9 -1 13 10 -3 -6 14 -2 -4 -9 16 -7 -10 -8
right_child=1 5 7 -5 8 15 18 11 17 -11 -12 -13 -14 -15 -16 -17 -18 -19 -20
leaf_value=-3.9131339503012472 -5.0506628113365561 -0.57378232827873255 -3.2924611824058636 -4.3342879798466623 -2.4679518622672392 -2.0673488073018476 -5.7588447447423698 -2.1385099841670456 0.45061548811451724 1.5062919282803253 -0.80824717367407706 -1.3941396158543466 -1.8503245285379364 -2.9551361789853012 -2.7144406279780058 7.9482743374704166 3.2393091229917155 -1.1256652647084751 -6.1645810436735626
leaf_weight=65 72 513 52 93 50 62 250 240 292 1156 384 153 299 78 206 11516 115 200 251
leaf_count=65 72 513 52 93 50 62 250 240 292 1156 384 153 299 78 206 11516 115 200 251
internal_value=0.000740653 0.0020513 -0.0130605 -0.0176182 -0.00293066 0.00253843 -0.0190952 -0.00886027 -0.0015178 0.000905389 -0.00324828 -0.00758 -0.00632258 -0.014313 -0.00878523 0.00276757 -0.000134831 0 -0.0202231
internal_weight=16047 14659 1388 659 1297 13362 566 729 926 1669 434 599 371 130 446 11693 177 492 501
internal_count=16047 14659 1388 659 1297 13362 566 729 926 1669 434 599 371 130 446 11693 177 492 501
is_linear=0
shrinkage=0.03


Tree=20
num_leaves=20
num_cat=0
split_feature=21 22 22 16 21 21 31 23 21 27 19 18 13 22 21 14 18 23 19
split_gain=297.102 42.681 21.4091 8.40298 7.46469 6.55652 5.79412 4.41311 3.95487 2.89813 2.7974 2.59601 2.22193 1.821 1.8198 1.77463 1.47096 0.614407 0.588344
threshold=800.50000000000011 677.50000000000011 995.5100000000001 0.90892735371523092 577.50000000000011 725.50000000000011 5.6000000000000139 775.50000000000011 1306.6350000000002 28.825000000000006 0.29999999999999999 3.4999999999999765 1478.6400448028678 757.50000000000011 650.50000000000011 0.97508442350096236 1.8000000000000163 1000.5000000000001 5.2499999999999973
decision_type=2 2 2 2 2 2 2 2 2 2 2 2 2 2 2 2 2 2 2
left_child=1 4 6 5 -1 10 7 15 11 18 -3 16 -7 -9 -11 -2 -4 -10 -6
right_child=2 3 8 -5 9 12 -8 13 17 14 -12 -13 -14 -15 -16 -17 -18 -19 -20
leaf_value=-6.1706658167540152 -2.6598413313319953 -2.3475501434513961 0.99485861311399104 -4.2635562698600999 -3.0066636134709865 -2.7743401793051667 1.3992254374874697 -3.2113397312256629 0.17558461675573581 -3.272508176883 -3.4711895419397947 3.0351304033044402 -0.83423358410482884 -0.51150531665443655 -5.6317706136113621 -4.1487580666170745 -1.2317704574594552 12.839826107346306 -3.0691737648693747
leaf_weight=206 97 107 1582 54 182 76 329 140 55 103 383 1483 491 613 94 76 75 9812 50
leaf_count=206 97 107 1582 54 182 76 329 140 55 103 383 1483 491 613 94 76 75 9812 50
internal_value=0.000804485 -0.0108683 0.00223733 -0.00724101 -0.0171226 -0.00657278 -0.00148089 -0.00271521 0.00259963 -0.0144837 -0.00919552 0.00163801 -0.00421479 -0.00163926 -0.017697 -0.00710345 0.000781665 0.00290089 -0.0114979
internal_weight=16008 1746 14262 1111 635 1057 1255 926 13007 429 490 3140 567 753 197 173 1657 9867 232
internal_count=16008 1746 14262 1111 635 1057 1255 926 13007 429 490 3140 567 753 197 173 1657 9867 232
is_linear=0
shrinkage=0.03


Tree=21
num_leaves=20
num_cat=1
split_feature=21 22 22 21 21 31 21 0 16 13 15 32 33 15 33 32 32 31 14
split_gain=280.021 42.496 19.6739 7.97107 6.02473 5.40924 4.21622 3.44916 3.43737 2.97453 2.5542 2.35741 1.61292 1.50038 1.42767 1.16601 0.918385 0.588569 0.401877
threshold=805.50000000000011 677.50000000000011 995.5100000000001 725.50000000000011 577.50000000000011 5.6000000000000139 1347.5000000000002 0 -0.78922834539459008 1478.6400448028678 0.054805126479326886 0.19999999999999471 6.995000000000001 -0.78324956448884031 5.1050000000000013 0.69999999999999962 2.2499999999999933 0.099999999999986697 0.83376496542330847
decision_type=2 2 2 2 2 2 2 9 2 2 2 2 2 2 2 2 2 2 2
left_child=1 4 5 11 -1 7 10 16 -9 -5 17 -3 18 -11 -13 -12 -2 -4 -6
right_child=2 3 6 9 12 -7 -8 8 -10 13 15 14 -14 -15 -16 -17 -18 -19 -20
leaf_value=-5.9855458422513959 0.20511319295793951 -1.7770717373966294 1.7666005750197247 -2.9045770944137921 -2.9538840269634341 1.3317988907652851 13.324631324125916 -0.29637154103444002 -2.9026281063609876 0.068274066541123973 1.2627972494784956 -1.4466272139243253 -3.3960829359595901 -0.97051434829856065 -3.7585179656347112 -0.42037378483175752 -1.9343430901415855 2.9684837659767656 -3.6796527827427492
leaf_weight=206 270 62 373 81 91 326 9780 168 374 68 506 55 126 461 407 693 96 1651 214
leaf_count=206 270 62 373 81 91 326 9780 168 374 68 506 55 126 461 407 693 96 1651 214
internal_value=0.000806359 -0.0104357 0.0022086 -0.00687489 -0.0166834 -0.00138704 0.00255337 -0.00259736 -0.00408499 -0.00439444 0.00158002 -0.00966286 -0.0142639 -0.00343019 -0.0104514 0.000435 -0.000151194 0.00223556 -0.012451
internal_weight=16008 1771 14237 1134 637 1234 13003 908 542 610 3223 524 431 529 462 1199 366 2024 305
internal_count=16008 1771 14237 1134 637 1234 13003 908 542 610 3223 524 431 529 462 1199 366 2024 305
cat_boundaries=0 1
cat_threshold=565306
is_linear=0
shrinkage=0.03


Tree=22
num_leaves=20
num_cat=1
split_feature=21 22 22 16 21 21 31 21 23 13 0 15 20 27 11 12 29 19 20
split_gain=262.322 35.4312 18.8938 7.51774 5.93442 5.90527 5.16979 4.15325 3.80282 3.07188 2.83495 2.43549 1.55873 1.47544 1.26349 1.06895 1.03348 0.670026 0.620554
threshold=805.50000000000011 677.50000000000011 995.5100000000001 0.90892735371523092 715.50000000000011 577.50000000000011 5.6000000000000139 1347.5000000000002 773.00000000000011 1478.6400448028678 0 0.054805126479326886 30.339285714285719 28.825000000000006 82.206186652766448 663.40000000000009 21.075000000000006 6.0999999999999996 31.43214285714286
decision_type=2 2 2 2 2 2 2 2 2 2 9 2 2 2 2 2 2 2 2
left_child=1 5 6 4 12 15 8 11 14 -6 -10 18 -3 17 -2 -1 -13 -7 -4
right_child=2 3 7 -5 9 13 -8 -9 10 -11 -12 16 -14 -15 -16 -17 -18 -19 -20
leaf_value=-7.1549823054659454 -0.56751447938549415 -3.1215126044179065 2.8292452697724682 -3.984918961564039 -2.8499487345853867 -2.8157943378811443 1.2918449240423262 12.924892384402138 0.030387386099908383 -0.78807309449365959 -1.6395307992828945 2.2057271496438449 -2.1215618000683429 -3.9370701974208839 -4.1774381403524412 -5.2559991480539132 -0.0046072108162556972 -3.0052587639745978 -0.4182953909992202
leaf_weight=120 50 384 1945 56 86 183 326 9780 435 544 308 291 64 198 115 86 908 50 79
leaf_count=120 50 384 1945 56 86 183 326 9780 435 544 308 291 64 198 115 86 908 50 79
internal_value=0.000851334 -0.0100293 0.0022086 -0.00676916 -0.00613624 -0.0157429 -0.00131417 0.00254645 -0.00249835 -0.00411252 -0.0015 0.00158002 -0.00886637 -0.0133611 -0.00668675 -0.0204203 0.00046 -0.0109231 0.00222074
internal_weight=16008 1771 14237 1134 1078 637 1234 13003 908 630 743 3223 448 431 165 206 1199 233 2024
internal_count=16008 1771 14237 1134 1078 637 1234 13003 908 630 743 3223 448 431 165 206 1199 233 2024
cat_boundaries=0 1
cat_threshold=581754
is_linear=0
shrinkage=0.03


Tree=23
num_leaves=20
num_cat=1
split_feature=21 22 22 21 22 21 18 20 13 0 21 15 33 12 15 13 14 14 7
split_gain=244.853 30.6483 18.4199 6.70571 6.54462 6.25275 3.57738 2.94031 2.88723 2.68434 2.66773 1.93755 1.81443 1.67093 1.6487 1.10576 1.02926 2.58032 0.972499
threshold=805.50000000000011 677.50000000000011 1097.5000000000002 715.50000000000011 773.00000000000011 577.50000000000011 4.8499999999999988 30.339285714285719 1478.6400448028678 0 1347.5000000000002 0.1318557721318592 5.1050000000000013 663.40000000000009 -0.78324956448884031 1961.1117993688417 0.65883702558178847 0.83376496542330847 139.50000000000003
decision_type=2 2 2 2 2 2 2 2 2 9 2 2 2 2 2 2 2 2 2
left_child=1 5 4 7 -2 13 9 12 -5 -6 11 -4 -3 -1 -10 -13 -7 -18 -8
right_child=2 3 10 8 6 16 18 -9 14 -11 -12 15 -14 -15 -16 -17 17 -19 -20
leaf_value=-6.9403328363019661 -2.4589834802479946 -1.0430934327498385 3.2621274723390741 -2.879676198242846 0.23499689979228452 -2.2688986715582158 -1.1649380936791676 -2.0579149460662935 0.092695337847812115 -1.1949548109689476 12.537145612870079 0.89865171351840389 -3.5005582628875702 -5.0983191736122961 -0.96484629878836825 -0.59117298492162029 -2.9660896635490914 -3.980978795637879 1.8470153886146021
leaf_weight=120 249 52 1534 90 582 86 75 64 70 538 9745 834 365 86 493 116 71 274 564
leaf_count=120 249 52 1534 90 582 86 75 64 70 538 9745 834 365 86 493 116 71 274 564
internal_value=0.000888813 -0.00962302 0.00220017 -0.00658414 -0.000443504 -0.0149436 0.000177273 -0.009361 -0.00445872 -0.000816235 0.00263794 0.00171308 -0.0103206 -0.0196957 -0.00352128 0.000583596 -0.0125278 -0.013526 0.0019875
internal_weight=16008 1771 14237 1134 2008 637 1759 481 653 1120 12229 2484 417 206 563 950 431 345 639
internal_count=16008 1771 14237 1134 2008 637 1759 481 653 1120 12229 2484 417 206 563 950 431 345 639
cat_boundaries=0 1
cat_threshold=557243
is_linear=0
shrinkage=0.03


Tree=24
num_leaves=20
num_cat=0
split_feature=21 22 22 7 21 16 23 23 19 11 22 12 21 15 27 20 21 7 23
split_gain=232.573 30.1931 18.4395 7.37517 6.91363 6.69835 5.25543 4.33595 3.13324 2.7793 2.0556 2.02742 1.82504 1.45652 1.39732 1.05567 1.01031 0.939354 0.679998
threshold=805.50000000000011 677.50000000000011 1121.6100000000004 116.50000000000001 577.50000000000011 0.90892735371523092 650.50000000000011 773.00000000000011 0.39999999999999963 393.43354090673296 700.50000000000011 663.40000000000009 1347.5000000000002 0.27487873330147788 28.825000000000006 25.532142857142862 852.84000000000003 120.50000000000001 1000.5000000000001
decision_type=2 2 2 2 2 2 2 2 2 2 2 2 2 2 2 2 2 2 2
left_child=1 4 3 7 11 6 -3 -2 -8 16 -9 -1 13 18 17 -15 -5 -6 -4
right_child=2 5 12 9 14 -7 8 10 -10 -11 -12 -13 -14 15 -16 -17 -18 -19 -20
leaf_value=-6.7321228512129059 -3.6192186625651734 -4.8262900170511491 -0.31619389753695698 -0.48397923450497043 -3.0731597406200852 -3.7696678742736034 -1.2517024299323898 -3.7960565630850689 -1.3096564841082905 -2.3127838464779797 -0.37168816515143632 -4.9453695984039285 12.161031244483976 1.2634084709378315 -3.7354824253123757 -0.90462174909301163 1.4210660172353695 -1.0158490032075465 3.4684910032936611
leaf_weight=120 145 162 83 180 174 56 223 78 693 57 791 86 9719 606 198 87 1219 59 1272
leaf_count=120 145 162 83 180 174 56 223 78 693 57 791 86 9719 606 198 87 1219 59 1272
internal_value=0.000909426 -0.00933521 0.00218753 -0.00015176 -0.0146144 -0.00631982 -0.00571918 -0.00213103 -0.00474046 0.00119629 -0.00126207 -0.0195507 0.00268236 0.00180527 -0.0121111 0.000596542 0.00148714 -0.00976923 0.00238938
internal_weight=16008 1771 14237 2470 637 1134 1078 1014 916 1456 869 206 11767 2048 431 693 1399 233 1355
internal_count=16008 1771 14237 2470 637 1134 1078 1014 916 1456 869 206 11767 2048 431 693 1399 233 1355
is_linear=0
shrinkage=0.03


Tree=25
num_leaves=20
num_cat=1
split_feature=21 21 22 12 7 16 11 22 21 21 16 22 15 18 15 33 0 10 24
split_gain=236.076 25.679 18.0387 7.92077 9.3382 6.33041 5.51543 5.4744 4.09334 3.62416 3.39544 2.9678 2.53669 1.50362 1.4511 1.40647 1.34744 1.14981 1.05946
threshold=805.50000000000011 650.50000000000011 1002.0000000000001 652.60000000000014 57.500000000000007 0.94704596667653973 121.49857925879049 620.50000000000011 1170.5000000000002 577.50000000000011 0.71051919230648819 830.50000000000011 0.31595530242620651 5.200000000000002 -0.27694043983797384 5.7950000000000008 0 1057.714285714286 1125.5000000000002
decision_type=2 2 2 2 2 2 2 2 2 2 2 2 2 2 2 2 9 2 2
left_child=1 3 6 9 -5 7 13 -3 14 -1 -9 18 -6 15 -4 -2 -13 -16 -8
right_child=2 5 8 4 12 -7 11 10 -10 -11 -12 16 -14 -15 17 -17 -18 -19 -20
leaf_value=-6.5061441324379796 -0.90955492028409457 -4.9008239503569566 2.0943095973101591 -4.886153733929298 -3.871825860130448 -3.3955138420310629 -3.704850577394863 -1.4968908878209437 7.8644362731948503 -2.6026491179689812 0.39863104189989224 -1.8638627200161197 -1.3141767010583858 1.4284015289785739 -0.89826519497501633 0.065800277771622687 0.25447995319324385 0.7017130686266555 -0.63560032416051493
leaf_weight=127 109 100 824 56 301 52 187 900 11178 125 53 118 52 386 90 459 244 570 56
leaf_count=127 109 100 824 56 301 52 187 900 11178 125 53 118 52 386 90 459 244 570 56
internal_value=0.000916062 -0.00942105 0.00220349 -0.0141571 -0.011239 -0.00653707 -0.000819231 -0.00595446 0.00257925 -0.0186522 -0.00516352 -0.00306931 -0.00916949 0.000562304 0.00104848 -0.000353251 -0.00118182 0 -0.00568033
internal_weight=15987 1766 14221 661 409 1105 1559 1053 12662 252 953 605 353 954 1484 568 362 660 243
internal_count=15987 1766 14221 661 409 1105 1559 1053 12662 252 953 605 353 954 1484 568 362 660 243
cat_boundaries=0 1
cat_threshold=3212384
is_linear=0
shrinkage=0.03


Tree=26
num_leaves=20
num_cat=2
split_feature=21 21 22 12 16 16 11 22 21 15 16 22 31 0 15 0 21 13 24
split_gain=226.782 26.1482 17.6886 7.86844 7.69903 6.68359 5.13033 4.92877 3.90059 3.82598 3.1899 2.62946 1.40213 1.34744 1.33022 1.04485 0.993935 1.95399 0.91108
threshold=805.50000000000011 650.50000000000011 1002.0000000000001 623.35000000000014 0.93544191479114935 0.94704596667653973 121.49857925879049 620.50000000000011 1170.5000000000002 0.38043945030393422 0.71051919230648819 830.50000000000011 10.900000000000007 0 -0.11692317777808843 1 1527.2400000000002 2353.1003636363639 1125.5000000000002
decision_type=2 2 2 2 2 2 2 2 2 2 2 2 2 9 2 9 2 2 2
left_child=1 3 6 -1 9 7 14 -3 12 -5 -9 18 15 -13 -2 -4 17 -10 -8
right_child=2 5 8 4 -6 -7 11 10 16 -11 -12 13 -14 -15 -16 -17 -18 -19 -20
leaf_value=-4.8884649805237155 0.49336946124084868 -4.753799231846247 1.146849375985743 -3.7764549126470262 -4.73956912191142 -3.2936484267701314 -3.5937050600730176 -1.4519841611863138 4.3205905198935319 -1.294662092872672 0.38667211064289597 -1.8079468384156376 2.4200466723204239 0.24684555459744625 -0.31412878520867243 -0.6354891108645172 16.060267218953616 -0.77198466056538606 -0.616532314435701
leaf_weight=149 724 100 375 406 56 52 187 900 2731 50 53 118 642 244 230 467 8311 136 56
leaf_count=149 724 100 375 406 56 52 187 900 2731 50 53 118 642 244 230 467 8311 136 56
internal_value=0.000931073 -0.00920034 0.00219294 -0.0139758 -0.0119474 -0.00629295 -0.0008 -0.00569829 0.00256503 -0.0104311 -0.0049434 -0.0029703 0.00106869 -0.00118182 0.00053089 0.000202847 0.00275955 0.00220921 -0.00543443
internal_weight=15987 1766 14221 661 512 1105 1559 1053 12662 456 953 605 1484 362 954 842 11178 2867 243
internal_count=15987 1766 14221 661 512 1105 1559 1053 12662 456 953 605 1484 362 954 842 11178 2867 243
cat_boundaries=0 1 2
cat_threshold=3212384 49912
is_linear=0
shrinkage=0.03


Tree=27
num_leaves=20
num_cat=2
split_feature=21 21 21 0 16 7 13 17 10 11 21 7 20 13 17 21 15 23 0
split_gain=213.558 24.729 15.0885 8.20063 5.56209 5.26836 4.76276 3.68398 3.07753 3.27851 2.44095 2.35166 2.21659 2.20493 2.20198 1.71962 1.6092 1.58512 1.43282
threshold=805.50000000000011 650.50000000000011 1121.6100000000004 0 0.94704596667653973 116.50000000000001 1489.4186107159794 -0.67326866607897362 968.357142857143 121.49857925879049 1527.2400000000002 153.50000000000003 24.425000000000004 1991.1289855072466 -0.80417042486635371 550.50000000000011 0.29137697329261131 670.50000000000011 1
decision_type=2 2 2 9 2 2 2 2 2 2 2 2 2 2 2 2 2 2 9
left_child=1 3 5 17 6 8 11 -8 9 -2 13 -3 -5 16 -15 -14 -4 -1 -10
right_child=2 4 10 12 -6 -7 7 -9 18 -11 -12 -13 15 14 -16 -17 -18 -19 -20
leaf_value=-5.6071743536275207 -0.10280587068193427 -3.097077433189634 3.9309252331504827 -3.4929856133255726 -3.1948389739670278 0.90350467005772817 -2.6555907182836154 -0.42282305023685751 1.0036821923777073 -3.3698289951231688 15.578459202385009 -0.87748330574349775 -5.0526672441926932 -1.0618798047372755 2.7310514846648664 -2.0613349204596716 2.2212548114611752 -3.0039224874831976 -0.81949055665512704
leaf_weight=202 237 168 2201 59 52 1413 409 385 236 204 8345 91 119 88 135 231 1003 50 359
leaf_count=202 237 168 2201 59 52 1413 409 385 236 204 8345 91 119 88 135 231 1003 50 359
internal_value=0.00095359 -0.00887776 0.00217817 -0.0135227 -0.00604882 1.7143e-05 -0.00549905 -0.00423019 -0.00158824 -0.00348869 0.00262389 -0.00918462 -0.00968571 0.00190957 -0.000830357 -0.00867521 0.00211451 -0.0183992 -0.000100671
internal_weight=15987 1766 14221 661 1105 2449 1053 794 1036 441 11772 259 409 3427 223 350 3204 252 595
internal_count=15987 1766 14221 661 1105 2449 1053 794 1036 441 11772 259 409 3427 223 350 3204 252 595
cat_boundaries=0 1 2
cat_threshold=561153 573466
is_linear=0
shrinkage=0.03


Tree=28
num_leaves=20
num_cat=0
split_feature=21 22 22 21 21 18 29 21 27 23 11 10 31 19 15 14 19 10 29
split_gain=196.938 24.3458 17.7902 9.84949 6.2517 5.01627 4.22068 4.08509 3.17108 2.93605 2.80297 2.24766 2.02825 3.12194 1.34142 1.29359 1.58275 1.14981 1.08871
threshold=805.50000000000011 620.50000000000011 1002.0000000000001 715.50000000000011 550.50000000000011 5.200000000000002 23.775000000000002 1170.5000000000002 26.925000000000004 677.50000000000011 121.49857925879049 947.21428571428589 0.30000000000001609 0.099999999999999964 -0.27694043983797384 0.90162119223771331 1.4500000000000004 1057.714285714286 22.775000000000002
decision_type=2 2 2 2 2 2 2 2 2 2 2 2 2 2 2 2 2 2 2
left_child=1 4 5 6 -1 10 -3 14 -6 -8 18 -12 13 -5 -4 -9 -17 -16 -2
right_child=2 3 7 12 8 -7 9 15 -10 -11 11 -13 -14 -15 17 16 -18 -19 -20
leaf_value=-5.9967158281229915 -1.5236070416394398 -3.1138856739274559 2.0302219838771158 0.093480767440278792 -2.2812247591885173 1.3214651793573069 -2.7358629340616774 8.5749550859241488 -3.3060269129633841 -1.7513656663131503 -3.2997431573198752 -0.84160329273824797 -0.42546897554032659 -2.1834907694319532 -0.89345064240660355 4.5557204638692612 -0.61815145039360109 0.67893290821199681 0.0029319200598464787
leaf_weight=161 54 130 824 86 80 462 222 10188 184 317 210 319 228 358 90 799 191 570 514
leaf_count=161 54 130 824 86 80 462 222 10188 184 317 210 319 228 358 90 799 191 570 514
internal_value=0.000987366 -0.00845331 0.00216341 -0.00640238 -0.0147887 -0.000838461 -0.00902687 0.0025366 -0.0114453 -0.00764444 -0.00196175 -0.0035434 -0.00371322 -0.00492809 0.00100808 0.0027354 0.0015893 0 -0.000405975
internal_weight=15987 1766 14221 1341 425 1559 669 12662 264 539 1097 529 672 444 1484 11178 990 660 568
internal_count=15987 1766 14221 1341 425 1559 669 12662 264 539 1097 529 672 444 1484 11178 990 660 568
is_linear=0
shrinkage=0.03


Tree=29
num_leaves=20
num_cat=3
split_feature=21 21 21 0 18 16 12 14 10 0 20 11 10 15 14 14 12 16 0
split_gain=181.974 21.9104 14.9656 7.94219 6.61292 3.79704 3.75904 5.2022 3.43142 2.43497 2.33703 1.62849 1.33192 1.98585 1.25197 1.0332 0.958473 0.940795 0.930632
threshold=805.50000000000011 650.50000000000011 1227.5000000000002 0 6.9500000000000011 0.94704596667653973 877.55000000000007 0.91596454896554913 801.07142857142867 1 24.553571428571434 121.49857925879049 1548.714285714286 0.20812153622207724 0.97112537654464559 -0.2270106897347694 734.28333333333342 -0.95244167294248061 2
decision_type=2 2 2 9 2 2 2 2 2 9 2 2 2 2 2 2 2 2 9
left_child=1 3 4 16 8 6 7 -3 11 -10 -5 -2 13 -4 -8 -15 -1 -12 -6
right_child=2 5 12 10 18 -7 14 -9 9 -11 17 -13 -14 15 -16 -17 -18 -19 -20
leaf_value=-4.5273588945553733 -0.88029511413533668 -0.6990203452242596 5.5159116720072792 -3.1511877604629075 0.94905511984557112 -3.0055772345301905 -0.2657796388394893 -3.3351701193658707 0.46290853617137651 -0.77831653852301386 -3.0444000583431601 -4.0516658921020205 14.103856773735737 -2.0508217349522875 -1.2671857226879664 3.0079744893999578 -4.5910637815648547 -3.0605733635349304 2.3483294738073104
leaf_weight=175 103 394 1623 65 330 52 186 280 1015 964 62 77 8309 91 193 741 77 282 968
leaf_count=175 103 394 1623 65 330 52 186 280 1015 964 62 77 8309 91 193 741 77 282 968
internal_value=0.00101176 -0.00806282 0.00214231 -0.012435 0.000409485 -0.00539783 -0.00492979 -0.00631556 -0.000591667 -0.00020606 -0.00875714 -0.00455801 0.00269457 0.00201547 -0.00233684 0.000745498 -0.0171445 -0.00766087 0.00210855
internal_weight=15987 1766 14221 661 3457 1105 1053 674 2159 1979 409 180 10764 2455 379 832 252 344 1298
internal_count=15987 1766 14221 661 3457 1105 1053 674 2159 1979 409 180 10764 2455 379 832 252 344 1298
cat_boundaries=0 1 2 3
cat_threshold=561153 574170 536577
is_linear=0
shrinkage=0.03


Tree=30
num_leaves=20
num_cat=1
split_feature=10 21 22 18 0 14 21 12 21 11 15 11 23 15 14 7 14 13 13
split_gain=158.626 29.4892 15.3642 5.81543 5.32594 4.75674 3.03432 2.79004 2.78015 2.67539 2.66799 2.49157 2.33445 2.20678 2.1659 4.28581 3.96187 1.94101 1.8124
threshold=843.78571428571433 670.50000000000011 1121.6100000000004 3.4999999999999765 0 0.97875492728876534 1527.2400000000002 678.75000000000011 850.50000000000011 138.56191669174203 -0.78324956448884031 67.259270913428551 650.50000000000011 -0.26867065956352881 0.82414472752956958 139.50000000000003 0.92273069556937592 2353.1003636363639 1493.3823156342185
decision_type=2 2 2 2 9 2 2 2 2 2 2 2 2 2 2 2 2 2 2
left_child=1 4 3 8 12 7 13 18 -2 -10 -9 -7 -1 -4 15 -6 -16 -15 -3
right_child=2 5 6 -5 14 11 -8 10 9 -11 -12 -13 -14 17 16 -17 -18 -19 -20
leaf_value=-4.3969747617851969 -1.4133194749010864 -1.8566765786802131 3.7236191327326242 1.2977227515800243 -3.4516142376887342 -1.0666812386985463 14.430741070523665 0.2725507809599963 0.48616425734116347 -1.5744558195580869 -0.9134696841261476 -3.2677038583522973 -3.0969001449141373 1.6771393409519737 -0.96189132166058944 -2.6877429769679773 -3.5800235124269295 -0.9585783533020551 -0.52619673756323904
leaf_weight=190 320 128 1604 925 76 93 8272 183 637 461 494 238 53 1810 75 53 198 124 56
leaf_count=190 320 128 1604 925 76 93 8272 183 637 461 494 238 53 1810 75 53 198 124 56
internal_value=0.00104215 -0.00724374 0.00212124 -7.93514e-05 -0.0124458 -0.00438307 0.0025616 -0.00311137 -0.00130444 -0.000537761 -0.00211504 -0.00753614 -0.0166772 0.00179118 -0.00910169 -0.0130615 -0.00735766 0.00106822 -0.0065027
internal_weight=15990 1837 14153 2343 645 1192 11810 861 1418 1098 677 331 243 3538 402 129 273 1934 184
internal_count=15990 1837 14153 2343 645 1192 11810 861 1418 1098 677 331 243 3538 402 129 273 1934 184
cat_boundaries=0 1
cat_threshold=561153
is_linear=0
shrinkage=0.03


Tree=31
num_leaves=20
num_cat=2
split_feature=10 23 22 22 15 22 29 16 24 15 25 10 23 16 0 0 19 22 13
split_gain=151.175 22.7668 15.4411 7.27608 6.50973 6.29984 3.80808 3.41638 3.39849 4.10983 2.58062 2.28748 2.28136 2.20562 1.65146 1.63158 1.14809 0.743613 1.58748
threshold=843.78571428571433 677.50000000000011 1200.5000000000002 550.50000000000011 -0.13398942717002907 650.50000000000011 23.725000000000005 -0.52766560075116253 715.50000000000011 0.38043945030393422 29.125000000000004 975.07142857142867 1150.5000000000002 0.94704596667653973 0 1 7.1499999999999995 1527.2400000000002 2353.1003636363639
decision_type=2 2 2 2 2 2 2 2 2 2 2 2 2 2 9 9 2 2 2
left_child=1 3 4 -1 15 7 -7 -3 9 -5 -8 13 -4 -6 -13 -2 -17 18 -14
right_child=2 5 12 8 11 6 10 -9 -10 -11 -12 14 17 -15 -16 16 -18 -19 -20
leaf_value=-4.7899823484021695 1.707236484455158 -1.3364703645817813 0.14994791301647567 -2.263277389780487 -0.83856293432606588 -2.2840424183701571 -0.47399665997825158 -2.983255740204025 -3.8364712276725221 0.22551541541406164 -0.99031176193759229 0.86009733522878029 3.8465231356877609 -2.6288339749103407 -0.8138417493713096 -0.8103910065983011 0.93118793083146933 13.997818838407953 -0.82519665606031589
leaf_weight=177 1105 57 313 303 289 101 480 149 153 50 367 339 2216 51 632 285 546 8273 104
leaf_count=177 1105 57 313 303 289 101 480 149 153 50 367 339 2216 51 632 285 546 8273 104
internal_value=0.00105716 -0.00703156 0.00211064 -0.0114123 0.000278941 -0.00439221 -0.00327819 -0.00926087 -0.00934319 -0.00738983 -0.00254009 -0.00133537 0.00265178 -0.00347507 -0.000537037 0.00139546 0.000306413 0.00272645 0.00216502
internal_weight=15990 1837 14153 683 3247 1154 948 206 506 353 847 1311 10906 340 971 1936 831 10593 2320
internal_count=15990 1837 14153 683 3247 1154 948 206 506 353 847 1311 10906 340 971 1936 831 10593 2320
cat_boundaries=0 1 2
cat_threshold=57544 1608890
is_linear=0
shrinkage=0.03


Tree=32
num_leaves=20
num_cat=0
split_feature=21 21 22 11 16 7 12 14 22 14 14 21 13 21 19 15 13 14 15
split_gain=142.573 28.3357 15.3159 7.88421 5.25894 5.00924 6.50404 6.0402 3.53159 2.80527 2.74606 2.51152 2.43504 2.06946 2.03223 2.02466 1.92568 1.62949 1.35567
threshold=830.50000000000011 670.50000000000011 1235.9300000000001 134.96031162638477 0.94704596667653973 57.500000000000007 678.75000000000011 0.59177612190863982 650.50000000000011 0.94138322595482449 0.91596454896554913 951.50000000000011 1489.4186107159794 1527.2400000000002 1.149999999999993 -0.065537083312030994 2353.1003636363639 0.9550229469509578 0.27487873330147788
decision_type=2 2 2 2 2 2 2 2 2 2 2 2 2 2 2 2 2 2 2
left_child=1 5 3 11 8 -1 7 -7 14 -5 -8 15 -10 16 -3 -2 18 -18 -4
right_child=2 4 13 9 -6 6 10 -9 12 -11 -12 -13 -14 -15 -16 -17 17 -19 -20
leaf_value=-3.8654003170401268 0.2703141837829881 -1.5816299098145479 4.6628914755717483 -0.6508477230381825 -2.7877982024805865 -1.7142727085185241 -0.76530634955877708 -4.1998463677667921 -1.5952100606101027 -2.1843034587514314 -2.8942985010868783 1.6626695862618754 -0.56418829575952834 13.577884273255714 -3.285809972529345 -0.92008546303124006 1.7798839459593201 -2.4457718302446221 1.5695793397656703
leaf_weight=65 500 71 1467 617 51 63 96 224 185 348 225 1795 763 8236 80 183 66 53 902
leaf_count=65 500 71 1467 617 51 63 96 224 185 348 225 1795 763 8236 80 183 66 53 902
internal_value=0.0010928 -0.00679605 0.00211152 0.000355401 -0.00387055 -0.0117151 -0.0106749 -0.0141458 -0.00337091 -0.00192547 -0.00739752 0.0012622 -0.00261433 0.00267105 -0.00777632 -0.00022807 0.00185978 -0.00165 0.0020557
internal_weight=15990 1823 14167 3443 1150 673 608 287 1099 965 321 2478 948 10724 151 683 2488 119 2369
internal_count=15990 1823 14167 3443 1150 673 608 287 1099 965 321 2478 948 10724 151 683 2488 119 2369
is_linear=0
shrinkage=0.03


Tree=33
num_leaves=20
num_cat=1
split_feature=21 21 21 7 16 7 12 14 10 14 12 14 12 23 13 0 29 15 16
split_gain=136.066 28.0619 13.343 5.55585 5.49407 5.35995 5.39281 5.26422 3.87805 3.37905 3.53489 2.74606 1.93871 1.79672 2.48803 1.67528 1.59007 1.5632 1.40095
threshold=830.50000000000011 670.50000000000011 1235.9300000000001 116.50000000000001 0.94704596667653973 57.500000000000007 678.75000000000011 0.59177612190863982 793.21428571428589 0.97112537654464559 678.75000000000011 0.91596454896554913 885.28333333333342 1425.5000000000002 2353.1003636363639 0 22.975000000000005 0.27487873330147788 -0.72696319516528884
decision_type=2 2 2 2 2 2 2 2 2 2 2 2 2 2 2 9 2 2 2
left_child=1 5 3 8 9 -1 7 -7 -2 10 -3 -8 -11 14 17 -10 18 -4 -5
right_child=2 4 13 16 -6 6 11 -9 15 12 -12 -13 -14 -15 -16 -17 -18 -19 -20
leaf_value=-3.7494383075289233 -3.1293913351601366 -1.5005214050404569 4.5230047313045949 -2.3562734053020171 -2.7041642564061705 -1.6628445272629697 -0.74234715907201532 -4.0738509767337883 0.26895783818414831 -2.682212402140725 -0.1457405545132815 -2.8074695460542731 -0.80103855536171553 10.704976163719664 -1.0629456000426667 -0.80783797103994304 1.3017449060042823 1.1784596362267095 0.99380316411621827
leaf_weight=65 100 164 1203 85 51 63 96 224 633 160 576 225 199 8921 70 664 1758 566 167
leaf_count=65 100 164 1203 85 51 63 96 224 633 160 576 225 199 8921 70 664 1758 566 167
internal_value=0.00110781 -0.00659868 0.00210305 0.000450704 -0.0036881 -0.0114926 -0.0104286 -0.013625 -0.000982832 -0.00318 -0.00192308 -0.00739752 -0.00563333 0.00262197 0.00170217 -0.000503852 0.00146942 0.00193898 -0.000628458
internal_weight=15990 1823 14167 3407 1150 673 608 287 1397 1099 740 321 359 10760 1839 1297 2010 1769 252
internal_count=15990 1823 14167 3407 1150 673 608 287 1397 1099 740 321 359 10760 1839 1297 2010 1769 252
cat_boundaries=0 1
cat_threshold=565982
is_linear=0
shrinkage=0.03


Tree=34
num_leaves=20
num_cat=2
split_feature=22 22 22 7 23 13 0 31 18 22 15 17 17 20 17 13 0 22 23
split_gain=120.013 17.8512 17.6295 7.56491 7.0504 3.94713 3.55395 3.52448 3.29668 3.06319 2.46253 2.37282 2.21397 1.85097 1.85254 1.76399 1.44711 1.24906 1.01615
threshold=800.50000000000011 620.50000000000011 1140.1950000000004 57.500000000000007 743.00000000000011 1518.2596267422634 0 1.4000000000000019 5.6000000000000139 1445.5000000000002 -0.26867065956352881 -0.98212955754013376 -0.78324956448884031 24.967857142857149 -0.89404254237865755 2353.1003636363639 1 577.50000000000011 1200.5000000000002
decision_type=2 2 2 2 2 2 9 2 2 2 2 2 2 2 2 2 9 2 2
left_child=1 6 4 -3 12 7 17 -5 16 10 -4 -7 -2 -8 -15 -12 -6 -1 -11
right_child=2 3 9 5 8 11 13 -9 -10 18 15 -13 -14 14 -16 -17 -18 -19 -20
leaf_value=-5.1645537612167294 -2.407726337743191 -2.8245445728425023 3.1231229010247556 -2.2169678150759742 -0.87789629588697338 -2.0633108893384744 -3.1833991380363855 -0.6734417989066388 1.1513377174825248 0.068541733872779342 1.043661713466868 -0.59926555607771959 -0.90829060315184895 -3.2131546237999893 -2.032289584872347 -0.95922755365647416 -0.033307724166455367 -2.7917117772359714 10.983119406271941
leaf_weight=135 128 70 1311 244 358 89 52 147 938 123 1304 696 50 65 157 87 1052 68 8916
leaf_count=135 128 70 1311 244 358 89 52 147 938 123 1304 696 50 65 157 87 1052 68 8916
internal_value=0.00111531 -0.00635499 0.00202103 -0.00440016 -0.000236248 -0.00376975 -0.0113473 -0.00630612 0.000182631 0.00251048 0.0015838 -0.00244275 -0.00598324 -0.00758947 -0.0062287 0.000659483 -0.000712261 -0.015028 0.0027823
internal_weight=15990 1723 14267 1246 2526 1176 477 391 2348 11741 2702 785 178 274 222 1391 1410 203 9039
internal_count=15990 1723 14267 1246 2526 1176 477 391 2348 11741 2702 785 178 274 222 1391 1410 203 9039
cat_boundaries=0 1 2
cat_threshold=529409 3231744
is_linear=0
shrinkage=0.03


Tree=35
num_leaves=20
num_cat=1
split_feature=21 21 22 22 31 16 29 14 10 21 21 13 22 13 15 15 20 0 13
split_gain=125.263 23.3252 11.7564 5.38324 5.24872 3.99487 3.9095 3.7801 5.10839 3.64709 2.39 2.34942 2.17198 2.14473 1.74966 1.49828 1.26025 1.2019 1.06419
threshold=850.50000000000011 670.50000000000011 1227.5000000000002 550.50000000000011 4.8499999999999988 0.94704596667653973 23.375000000000004 0.98049069993378934 758.00000000000011 550.50000000000011 1510.5000000000002 1467.0640568641318 715.50000000000011 2289.3697275102654 0.27487873330147788 0.19126587156512342 29.239285714285717 0 2676.4329411764706
decision_type=2 2 2 2 2 2 2 2 2 2 2 2 2 2 2 2 2 9 2
left_child=1 3 4 9 12 7 -5 11 -9 -1 13 -3 -2 14 -4 -14 -8 -6 -15
right_child=2 5 10 6 17 -7 16 8 -10 -11 -12 -13 15 18 -16 -17 -18 -19 -20
leaf_value=-5.0256271735213494 -1.8844454759148297 -1.5469954777526895 4.201156601944751 -3.3338227448537503 -0.30575292744180693 -2.6518517038932989 -1.6200586920697773 -3.7722059873856248 -1.2063051941089753 -2.9410843306412127 12.519904877958295 -0.41948881114904457 0.51106794452177906 -1.1414313096340669 1.5442107883348093 -0.75479574570729835 -2.3097629971228071 1.9284024067639498 2.5712274712797241
leaf_weight=126 113 175 1439 57 156 56 220 112 244 57 8294 826 923 77 876 751 220 1245 50
leaf_count=126 113 175 1439 57 156 56 220 112 244 57 8294 826 923 77 876 751 220 1245 50
internal_value=0.00114471 -0.00569054 0.00217573 -0.0102863 0.000557855 -0.0034413 -0.00842169 -0.00306627 -0.00578992 -0.0150326 0.00265186 -0.0020479 -0.0005 0.00177691 0.00199482 -0.000198806 -0.0072449 0.00193866 -0.00182812
internal_weight=16017 2093 13924 680 3188 1413 497 1357 356 183 10736 1001 1787 2442 2315 1674 440 1401 127
internal_count=16017 2093 13924 680 3188 1413 497 1357 356 183 10736 1001 1787 2442 2315 1674 440 1401 127
cat_boundaries=0 1
cat_threshold=12288
is_linear=0
shrinkage=0.03


Tree=36
num_leaves=20
num_cat=0
split_feature=21 21 22 11 22 21 16 14 10 20 21 13 13 7 15 31 7 16 13
split_gain=117.262 22.8327 11.2355 5.63135 5.39475 4.03474 3.71149 3.71109 5.10787 2.48469 2.41479 2.17052 2.13023 1.78882 1.70597 1.58639 1.13534 1.08377 1.06419
threshold=850.50000000000011 670.50000000000011 1227.5000000000002 138.56191669174203 577.50000000000011 550.50000000000011 0.94704596667653973 0.98049069993378934 758.00000000000011 24.553571428571434 1510.5000000000002 1467.0640568641318 2289.3697275102654 93.500000000000014 0.27487873330147788 4.8499999999999988 104.50000000000001 0.80417553764032002 2676.4329411764706
decision_type=2 2 2 2 2 2 2 2 2 2 2 2 2 2 2 2 2 2 2
left_child=1 4 3 16 5 -1 7 11 -9 -6 12 -3 14 -11 -4 17 -2 -5 -14
right_child=2 6 10 15 9 -7 -8 8 -10 13 -12 -13 18 -15 -16 -17 -18 -19 -20
leaf_value=-4.8668533418684206 0.040664181646305891 -1.5005856134201081 4.0751219038864095 -1.2829748935618632 -2.7440336587457952 -2.6820628220089127 -2.5722961527765009 -3.659039807764056 -1.1701160382857068 -0.78892063034366777 12.144307731619548 -0.40690414681457471 -1.1071883703450449 -2.4323051184457491 1.4978844646847653 1.7458851938533728 1.3488511683132554 1.8704417393564878 2.4940906471413293
leaf_weight=133 554 175 1439 653 83 73 56 112 244 58 8294 826 77 333 876 136 1766 79 50
leaf_count=133 554 175 1439 653 83 73 56 112 244 58 8294 826 77 333 876 136 1766 79 50
internal_value=0.0011803 -0.00543266 0.00217788 0.000595485 -0.00997797 -0.0143333 -0.00320792 -0.00284536 -0.00553781 -0.00796421 0.00264348 -0.00183832 0.00176463 -0.00668878 0.00198187 -0.00143959 0.00137656 -0.00201774 -0.00182812
internal_weight=16017 2093 13924 3188 680 206 1413 1357 356 474 10736 1001 2442 391 2315 868 2320 732 127
internal_count=16017 2093 13924 3188 680 206 1413 1357 356 474 10736 1001 2442 391 2315 868 2320 732 127
is_linear=0
shrinkage=0.03


Tree=37
num_leaves=20
num_cat=3
split_feature=21 21 21 31 16 12 13 10 18 10 32 14 10 15 23 0 0 21 0
split_gain=111.018 22.5054 9.90318 5.51739 4.01837 5.69487 3.74926 3.68842 3.01368 2.99748 2.14783 2.12504 3.22747 1.81648 1.43561 1.32806 1.21618 0.641955 0.505605
threshold=850.50000000000011 670.50000000000011 1510.5000000000002 4.8499999999999988 0.93544191479114935 652.60000000000014 1514.9221775981052 521.50000000000011 6.9500000000000011 864.357142857143 1.2000000000000006 0.98049069993378934 750.07142857142867 0.31595530242620651 1200.5000000000002 0 1 1100.5000000000002 2
decision_type=2 2 2 2 2 2 2 2 2 2 2 2 2 2 2 9 9 2 9
left_child=1 4 3 9 5 7 8 -1 -3 18 -11 16 -13 -7 -4 17 -8 -5 -2
right_child=2 6 14 15 -6 13 11 -9 -10 10 -12 12 -14 -15 -16 -17 -18 -19 -20
leaf_value=-5.2741755551160105 -1.0014020334720077 -2.1370946698941427 -0.69135254657052658 -0.59800025842934956 -3.5867183737441692 -2.6698018502687932 0.011132412726880047 -2.4898509610361899 0.24319061474474593 1.1467206420050688 -0.15486539318878556 -4.1234411181309758 -1.0984528997651977 -0.15253703395785062 11.77997849967096 2.2944529516226897 -0.82578366745354925 1.6835482577705319 -2.0246801891605877
leaf_weight=52 108 286 87 99 60 311 378 204 58 1510 1441 56 236 53 8304 2098 399 170 107
leaf_count=52 108 286 87 99 60 311 378 204 58 1510 1441 56 236 53 8304 2098 399 170 107
internal_value=0.00118779 -0.00524642 0.00215849 0.00115902 -0.00975771 -0.00886473 -0.00303819 -0.0124786 -0.00583478 0.000323019 0.000585366 -0.00209159 -0.00433106 -0.0061726 0.00281196 0.0022576 -0.00118766 4.28572e-05 -0.00305556
internal_weight=16017 2093 13924 5533 680 620 1413 256 344 3166 2951 1069 292 364 8391 2367 777 269 215
internal_count=16017 2093 13924 5533 680 620 1413 256 344 3166 2951 1069 292 364 8391 2367 777 269 215
cat_boundaries=0 1 2 3
cat_threshold=12800 1100842 1149024
is_linear=0
shrinkage=0.03


Tree=38
num_leaves=18
num_cat=1
split_feature=21 21 21 31 16 16 10 10 10 15 32 33 0 24 21 20 16
split_gain=103.822 21.8723 10.0395 5.48244 3.94968 3.72004 4.53531 2.64327 2.62615 3.01885 1.99657 1.77664 1.29491 0.896178 0.641955 0.331077 0.0731423
threshold=850.50000000000011 620.50000000000011 1510.5000000000002 4.8499999999999988 0.94704596667653973 0.63423707282422626 742.50000000000011 801.07142857142867 521.50000000000011 0.53312596302726967 0.29999999999999788 6.5500000000000007 0 1070.5000000000002 1100.5000000000002 23.525000000000006 -0.9998468409516591
decision_type=2 2 2 2 2 2 2 2 2 2 2 2 9 2 2 2 2
left_child=1 8 3 7 5 6 -3 -2 -1 11 -9 -10 14 -4 -5 -14 -15
right_child=2 4 13 12 -6 -7 -8 10 9 -11 -12 -13 15 16 -16 -17 -18
leaf_value=-4.6132101953586737 -2.1072347705342822 -2.0824588821876415 -1.1378217501895285 -0.58006025067646905 -2.5677341259134425 0.66641204796162468 -0.60940597424093723 1.4942750149053339 -1.8484499819892852 -3.54400165892093 -0.026437493213232362 -3.0771657206649952 0.81221526637021368 5.2765792542043659 1.6330418100374151 2.3735716676603027 11.426579144680831
leaf_weight=63 80 526 61 99 72 104 919 1113 155 50 1973 204 218 50 170 1880 8280
leaf_count=63 80 526 61 99 72 104 919 1113 155 50 1973 204 218 50 170 1880 8280
internal_value=0.00120464 -0.00501719 0.00214341 0.00113733 -0.00331813 -0.00295355 -0.003361 0.000304073 -0.0107378 -0.0095561 0.000457726 -0.0083 0.00223226 0.00280124 4.28572e-05 0.00247937 0.00282859
internal_weight=16017 2093 13924 5533 1621 1549 1445 3166 472 409 3086 359 2367 8391 269 2098 8330
internal_count=16017 2093 13924 5533 1621 1549 1445 3166 472 409 3086 359 2367 8391 269 2098 8330
cat_boundaries=0 1
cat_threshold=12800
is_linear=0
shrinkage=0.03


Tree=39
num_leaves=20
num_cat=1
split_feature=10 23 23 15 12 11 20 27 7 10 13 3 17 23 13 19 12 7 10
split_gain=93.5816 13.5092 10.9591 6.31052 3.90376 3.88029 3.57872 6.8377 3.20343 3.05982 2.66603 2.52913 2.28346 2.28135 1.92095 1.68992 1.6484 1.24253 0.747624
threshold=864.357142857143 677.50000000000011 1445.5000000000002 0.17435360825960186 567.21666666666681 107.04082439660577 24.903571428571432 26.925000000000004 111.50000000000001 1003.357142857143 1512.7243686505658 0 0.89975755788027889 795.50000000000011 1819.0405269642035 4.9499999999999975 800.56666666666672 137.50000000000003 1347.6428571428576
decision_type=2 2 2 2 2 2 2 2 2 2 2 9 2 2 2 2 2 2 2
left_child=1 4 3 13 -1 10 16 -8 11 15 12 -7 -3 -2 -11 -5 -6 -15 -4
right_child=2 5 18 9 6 8 7 -9 -10 14 -12 -13 -14 17 -16 -17 -18 -19 -20
leaf_value=-2.9510519838002653 -0.98353027207909527 -1.5380525737433888 0.60018733349136966 -2.5275819738745411 -2.5041038940035238 -1.5861676621409238 0.14675701083193143 -3.4229900715032842 -0.33566915857491542 0.43772213492789525 -0.26424484989281338 -2.7967489176270965 0.51086185180131061 0.72379815842116646 -0.93790517274116647 -0.082185055630741091 -3.3027127952955508 2.0607419196184424 9.5837817703404085
leaf_weight=61 81 196 126 92 65 129 105 417 93 1167 667 134 56 1248 281 58 53 2057 8931
leaf_count=61 81 196 126 92 65 129 105 417 93 1167 667 134 56 1248 281 58 53 2057 8931
internal_value=0.00121963 -0.00488467 0.00208218 0.000938215 -0.00826496 -0.00298589 -0.0074181 -0.00615488 -0.00570588 -0.000594747 -0.00187826 -0.00740909 -0.0045415 0.00167493 -0.000138716 -0.00466887 -0.0125294 0.00180581 0.00270656
internal_weight=16017 1976 14041 4984 701 1275 640 522 356 1598 919 263 252 3386 1448 150 118 3305 9057
internal_count=16017 1976 14041 4984 701 1275 640 522 356 1598 919 263 252 3386 1448 150 118 3305 9057
cat_boundaries=0 1
cat_threshold=12
is_linear=0
shrinkage=0.03


Tree=40
num_leaves=20
num_cat=2
split_feature=10 22 22 11 14 25 23 29 33 14 13 0 0 27 23 13 18 23 16
split_gain=86.8372 16.8938 14.3961 6.86001 4.90696 2.88344 2.86368 2.70567 2.59519 2.40939 2.60132 2.31254 1.64271 1.47883 1.2714 1.24499 1.22704 1.16324 1.21558
threshold=843.78571428571433 1227.5000000000002 620.50000000000011 138.56191669174203 0.99274428880883148 25.275000000000002 677.50000000000011 23.575000000000006 5.4450000000000012 0.90162119223771331 2353.1003636363639 0 1 29.525000000000002 1000.5000000000001 1850.1901394808217 11.550000000000002 577.50000000000011 -0.43733782138609528
decision_type=2 2 2 2 2 2 2 2 2 2 2 9 9 2 2 2 2 2 2
left_child=2 3 5 7 6 -1 -4 8 -2 14 -11 -5 -9 -8 -3 -6 -13 -7 -19
right_child=1 9 4 11 15 17 13 12 -10 10 -12 16 -14 -15 -16 -17 -18 18 -20
leaf_value=-1.8988994715069334 -0.026977089597615085 -0.012802175466528069 -2.2577118403543772 0.14798516400983439 -3.1368086530832651 -4.4280402642284207 -0.38783180316049432 0.02582965124973078 -1.7261210625462653 2.4619821016302343 -1.1666566564838194 -1.3580366945287579 1.5120075962851336 -0.4852824310445481 7.6080535529561342 -0.78742073696573756 1.0121469610908873 -2.384290633064384 -3.364584995011807
leaf_weight=83 462 111 294 306 142 146 650 497 55 804 117 619 1390 228 9734 55 57 138 87
leaf_count=83 462 111 294 306 142 146 650 497 55 804 117 619 1390 228 9734 55 57 138 87
internal_value=0.00119992 0.00199611 -0.00495395 0.000133747 -0.0033635 -0.00963297 -0.00256522 0.00100915 -0.000857143 0.0025776 0.0010282 -0.00196236 0.00154449 -0.00162799 0.00271786 -0.00784848 -0.0029214 -0.0108387 -0.00876106
internal_weight=15975 14152 1823 3386 1369 454 1172 2404 517 10766 921 982 1887 878 9845 197 676 371 225
internal_count=15975 14152 1823 3386 1369 454 1172 2404 517 10766 921 982 1887 878 9845 197 676 371 225
cat_boundaries=0 1 2
cat_threshold=600204 2175489
is_linear=0
shrinkage=0.03


Tree=41
num_leaves=20
num_cat=2
split_feature=21 21 22 11 22 29 33 14 14 14 14 0 0 15 28 14 33 7 33
split_gain=87.9707 19.6953 10.5339 6.67692 3.89914 2.925 2.83886 2.8174 2.63892 2.58325 2.48007 2.35971 1.61475 1.51725 1.49315 1.39778 1.8036 1.10006 0.902174
threshold=912.23500000000013 600.50000000000011 1347.5000000000002 138.56191669174203 695.50000000000011 24.825000000000006 4.6550000000000011 0.83376496542330847 0.62587949062545845 0.91596454896554913 0.92273069556937592 0 1 -0.55656394595157355 28.875000000000004 0.90162119223771331 6.3200000000000012 104.50000000000001 6.2150000000000007
decision_type=2 2 2 2 2 2 2 2 2 2 2 9 9 2 2 2 2 2 2
left_child=1 7 3 12 10 6 -6 8 -1 -9 18 -5 -2 -13 -7 -4 -17 -14 -3
right_child=2 4 15 11 5 14 -8 9 -10 -11 -12 13 17 -15 -16 16 -18 -19 -20
leaf_value=-1.577267936611803 0.046247862446376145 -0.093293458763816367 9.0680267106415116 0.56563991014705362 -0.38359143006400787 -0.014806982499835249 -1.985713578027154 -0.49696633276814095 -3.5068225976965124 -4.2482786953131564 -3.0404805653616274 3.089150205764716 0.66065257839911717 -1.8234739400974207 -0.66833696942616405 -1.1570140980198376 3.3699684036251507 2.0451180544679737 -1.7327230660853299
leaf_weight=58 502 104 9151 380 193 575 208 60 97 195 200 74 576 551 680 161 507 1611 92
leaf_count=58 502 104 9151 380 193 575 208 60 97 195 200 74 576 551 680 161 507 1611 92
internal_value=0.00120931 -0.00399878 0.00216176 0.00077862 -0.0027662 -0.00208027 -0.00435821 -0.0100365 -0.0136538 -0.00761719 -0.00550882 -0.00128231 0.0015658 -0.00240566 -0.00131369 0.00267739 0.00122422 0.00191356 -0.00272589
internal_weight=15975 2462 13513 3694 2052 1656 401 410 155 255 396 1005 2689 625 1255 9819 668 2187 196
internal_count=15975 2462 13513 3694 2052 1656 401 410 155 255 396 1005 2689 625 1255 9819 668 2187 196
cat_boundaries=0 1 2
cat_threshold=600732 12805
is_linear=0
shrinkage=0.03


Tree=42
num_leaves=20
num_cat=3
split_feature=21 21 22 11 11 10 15 14 14 15 14 7 13 0 21 0 15 7 0
split_gain=82.5609 18.443 10.0132 5.69078 3.59693 5.47936 3.04084 2.81892 2.2501 2.23214 2.19706 1.85445 1.81194 1.64937 1.48524 1.38617 1.36688 1.19849 1.00954
threshold=912.23500000000013 600.50000000000011 1377.5000000000002 138.56191669174203 108.01234497350625 793.21428571428589 0.61067742788105683 0.83376496542330847 0.91596454896554913 -0.60555643346685839 0.62587949062545845 104.50000000000001 1583.6093424119742 0 1510.5000000000002 1 0.27487873330147788 104.50000000000001 2
decision_type=2 2 2 2 2 2 2 2 2 2 2 2 2 9 2 9 2 2 9
left_child=1 7 3 13 6 11 12 10 -9 -5 -1 -6 -3 -2 16 -11 -4 -15 -18
right_child=2 4 14 9 5 -7 -8 8 -10 15 -12 -13 -14 17 -16 -17 18 -19 -20
leaf_value=-1.5299498985134505 0.2574395707939649 -0.82077277176421082 4.6358647725743891 3.290397094148191 -3.6604608806503443 -0.83394365856869346 -2.0655197106208161 -0.48205734278509721 -4.1208303344537613 -1.6274603768077065 -3.401617919765616 -4.2109109087385121 -0.0098470949929445242 0.67232639498803193 10.295985909322264 -0.02494655875728272 -1.9565567356821307 2.0399641406726721 1.7350714548155293
leaf_weight=58 663 585 633 156 118 499 66 60 195 592 97 104 680 637 8229 386 137 1630 450
leaf_count=58 663 585 633 156 118 499 66 60 195 592 97 104 680 637 8229 386 137 1630 450
internal_value=0.00121683 -0.00382826 0.00213956 0.000877491 -0.00263468 -0.0043795 -0.00165315 -0.00967153 -0.00726562 -0.000901321 -0.0132692 -0.00838117 -0.00127962 0.00158137 0.00267746 -0.0014617 0.00160934 0.00196488 0.000469388
internal_weight=15975 2462 13513 4064 2052 721 1331 410 255 1134 155 222 1265 2930 9449 978 1220 2267 587
internal_count=15975 2462 13513 4064 2052 721 1331 410 255 1134 155 222 1265 2930 9449 978 1220 2267 587
cat_boundaries=0 1 2 3
cat_threshold=78341 3167331 67618
is_linear=0
shrinkage=0.03


Tree=43
num_leaves=20
num_cat=2
split_feature=21 21 22 11 11 22 15 14 14 15 13 14 12 0 14 0 12 33 11
split_gain=76.058 16.7138 9.87029 5.52649 3.257 2.87658 2.70663 2.35921 2.81219 2.19492 2.00796 1.93848 1.88255 1.6239 1.40578 1.32737 1.18826 1.0528 0.728601
threshold=912.23500000000013 600.50000000000011 1377.5000000000002 138.56191669174203 113.5205037070847 900.50000000000011 0.59003219687534991 0.83376496542330847 0.63257020223555627 -0.60555643346685839 1674.8067055393587 0.91596454896554913 772.41666666666686 0 0.89017062131308955 1 1831.6833333333336 6.2650000000000006 36.596252735593715
decision_type=2 2 2 2 2 2 2 2 2 2 2 2 2 9 2 9 2 2 2
left_child=1 7 3 13 6 10 12 8 -1 -5 -6 -9 -3 18 -4 -11 -15 -16 -2
right_child=2 4 14 9 5 -7 -8 11 -10 15 -12 -13 -14 16 17 -17 -18 -19 -20
leaf_value=-1.8208199474376616 -1.2446837992110942 -0.78555044666573448 9.2250822922038918 3.1916851813237463 -4.0010893864761208 -0.65638509541582268 -1.9588156873353706 -0.46759562250154474 -3.3209323718714785 -1.5786365655034762 -1.0724865566908544 -3.9972054244201476 -0.015320487609629131 1.8040108135244959 -1.1360314895988985 -0.02419816199456095 -0.66921301608040273 3.2430123917239024 0.66514225066403165
leaf_weight=65 58 582 8790 156 209 280 74 60 90 592 182 195 725 2198 181 386 69 478 605
leaf_count=65 58 582 8790 156 209 280 74 60 90 592 182 195 725 2198 181 386 69 478 605
internal_value=0.00124499 -0.00359683 0.00213068 0.000877491 -0.00245933 -0.00421429 -0.00157164 -0.00916058 -0.0125 -0.00087489 -0.00592347 -0.00691406 -0.00121101 0.00157114 0.00266476 -0.00143105 0.00195171 0.0012 0.00016914
internal_weight=15975 2462 13513 4064 2052 671 1381 410 155 1134 391 255 1307 2930 9449 978 2267 659 663
internal_count=15975 2462 13513 4064 2052 671 1381 410 155 1134 391 255 1307 2930 9449 978 2267 659 663
cat_boundaries=0 1 2
cat_threshold=78341 3167331
is_linear=0
shrinkage=0.03


Tree=44
num_leaves=20
num_cat=2
split_feature=21 21 22 11 23 22 15 22 21 20 20 15 7 11 0 16 13 23 0
split_gain=70.1585 15.3516 9.43553 4.93738 3.25092 2.08508 2.04886 2.02428 1.84759 1.82035 1.79562 1.54374 1.49069 1.37704 1.22138 1.12148 1.07819 0.942258 0.821168
threshold=912.23500000000013 600.50000000000011 1377.5000000000002 138.56191669174203 677.50000000000011 500.50000000000006 -0.60555643346685839 620.50000000000011 1510.5000000000002 24.63571428571429 24.06071428571429 0.27487873330147788 104.50000000000001 74.801324154329663 0 0.77241981449888963 2215.2990044031317 1307.5000000000002 1
decision_type=2 2 2 2 2 2 2 2 2 2 2 2 2 2 9 2 2 2 9
left_child=1 5 3 12 13 -1 -5 -6 11 -7 -9 -4 16 -3 -14 -8 -2 -10 -13
right_child=2 4 8 6 7 9 15 10 17 -11 -12 18 14 -15 -16 -17 -18 -19 -20
leaf_value=-3.8473011035034381 0.67177326912106283 -1.0776347958313262 4.3737443276970831 3.0959346258840359 -2.4191157806009311 -2.801649583302614 -1.0752967225650463 -1.2684066150326576 -0.97117154299598363 -2.7239677335889505 -0.3784577813194267 -1.9069568176688982 0.43250666983402741 -3.0385562367721137 2.0941123348751574 1.9537567568048151 -0.89864850995471557 9.9679922163283319 1.406266842404948
leaf_weight=85 739 163 633 156 89 52 874 307 94 273 1263 137 520 230 1606 104 65 8135 450
leaf_count=85 739 163 633 156 89 52 874 307 94 273 1263 137 520 230 1606 104 65 8135 450
internal_value=0.00126002 -0.00338977 0.0021107 0.000884871 -0.00229859 -0.00872263 -0.000769163 -0.00167349 0.00263302 -0.00726994 -0.00138447 0.00146192 0.00154043 -0.00481218 0.00196192 -0.00130848 0.000368944 0.00280097 0.000265306
internal_weight=15975 2462 13513 4064 2052 410 1134 1659 9449 325 1570 1220 2930 393 2126 978 804 8229 587
internal_count=15975 2462 13513 4064 2052 410 1134 1659 9449 325 1570 1220 2930 393 2126 978 804 8229 587
cat_boundaries=0 1 2
cat_threshold=2109957 67618
is_linear=0
shrinkage=0.03


Tree=45
num_leaves=20
num_cat=0
split_feature=21 21 16 15 10 12 14 13 21 15 7 16 10 33 29 33 17 13 10
split_gain=66.5954 18.4672 7.22322 5.58327 4.53526 4.09344 3.4442 3.05116 2.6432 3.68808 1.99333 1.08636 1.06913 1.0116 1.12828 0.923277 0.75271 0.716426 0.638049
threshold=725.50000000000011 1200.5000000000002 0.93544191479114935 -0.39827153806311183 777.357142857143 623.35000000000014 0.91596454896554913 1874.2541912632826 1725.9400000000003 -0.16799793862756093 83.500000000000014 -0.97509344079810367 1003.357142857143 6.3550000000000013 24.175000000000004 6.7350000000000012 -0.42180510190895731 1809.6656342617957 1519.9285714285718
decision_type=2 2 2 2 2 2 2 2 2 2 2 2 2 2 2 2 2 2 2
left_child=2 3 5 13 10 15 16 -8 9 -3 -5 -11 -6 14 -2 -1 -7 -15 -10
right_child=1 8 -4 4 12 6 7 -9 18 11 -12 -13 -14 17 -16 -17 -18 -19 -20
leaf_value=-0.964087406232359 0.011321401556369444 4.5876461661549177 -2.7286670279447471 -0.3029555943918994 -0.65617387114886783 0.23153843394168411 -2.5565372580634786 0.056167238696873123 2.1704963191893505 -3.2665816994839663 -3.5905520444640162 1.4691976292791715 0.045338848455455188 -0.2633473797972018 1.158655138501798 -3.050921008643237 -0.82690090574607633 1.090364594712302 14.211314096786623
leaf_weight=61 291 1903 90 62 694 102 427 56 106 65 168 2010 1173 356 1072 106 224 213 6772
leaf_count=61 291 1903 90 62 694 102 427 56 106 65 168 2010 1173 356 1072 106 224 213 6772
internal_value=0.00127244 0.00179363 -0.00595783 4.76428e-05 -0.00101239 -0.00512487 -0.00413333 -0.00577686 0.00243741 0.00178914 -0.005 0.000881503 -0.000494647 0.00122142 0.00166716 -0.00960714 -0.00155046 7.36843e-05 0.0028055
internal_weight=15951 14885 1066 4029 2097 976 809 483 10856 3978 230 2075 1867 1932 1363 167 326 569 6878
internal_count=15951 14885 1066 4029 2097 976 809 483 10856 3978 230 2075 1867 1932 1363 167 326 569 6878
is_linear=0
shrinkage=0.03


Tree=46
num_leaves=20
num_cat=0
split_feature=21 22 16 15 22 12 21 14 12 13 11 20 22 21 20 24 21 14 22
split_gain=59.6233 19.6712 6.77952 6.39362 5.31347 4.52969 2.98884 2.83267 2.49684 2.15348 1.66239 1.17945 1.03965 0.999802 0.953201 0.645404 0.6436 0.502122 0.368507
threshold=725.50000000000011 1235.9300000000001 0.93544191479114935 -0.42179730054635828 620.50000000000011 623.35000000000014 1545.5000000000002 0.91596454896554913 1638.7666666666669 1874.2541912632826 87.457472658442896 26.953571428571433 546.50000000000011 951.50000000000011 23.646428571428576 620.50000000000011 1070.5000000000002 0.94978112945126536 1550.5000000000002
decision_type=2 2 2 2 2 2 2 2 2 2 2 2 2 2 2 2 2 2 2
left_child=2 3 5 13 -5 12 8 15 16 -9 -6 -10 -1 -2 -15 -7 -3 18 -8
right_child=1 6 -4 4 10 7 17 9 11 -11 -12 -13 -14 14 -16 -17 -18 -19 -20
leaf_value=-3.9333539783951905 0.049420516573714768 -0.20534902163164143 -2.6468070171064042 -3.7580730076177442 0.13281923321697658 0.14749085933750553 3.6297372143756381 -2.4798411403215739 -0.41939750194578113 0.054482221535967802 -0.80409000854186186 3.4964185909212171 -1.6970659987609982 -0.41033915378313535 1.7302499400595817 -0.80209387684931011 2.9397096406883936 -0.037844413785516041 10.773684711801977
leaf_weight=51 682 104 90 92 781 72 456 427 554 56 1322 201 116 113 1179 254 1659 60 7682
leaf_count=51 682 104 90 92 781 72 456 427 554 56 1322 201 116 113 1179 254 1659 60 7682
internal_value=0.0012762 0.00176945 -0.0055642 1.00721e-05 -0.0010929 -0.0047564 0.00244966 -0.00372593 0.00150417 -0.00521901 -0.000758555 1.1028e-10 -0.00942857 0.00125924 0.00175638 -0.00136697 0.00212245 0.00273436 0.00275452
internal_weight=15951 14885 1066 4169 2195 976 10716 809 2518 483 2103 755 167 1974 1292 326 1763 8198 8138
internal_count=15951 14885 1066 4169 2195 976 10716 809 2518 483 2103 755 167 1974 1292 326 1763 8198 8138
is_linear=0
shrinkage=0.03


Tree=47
num_leaves=20
num_cat=0
split_feature=10 7 22 21 11 23 15 11 21 15 13 15 23 20 13 21 11 20 23
split_gain=55.6738 13.8338 12.2694 8.4752 4.91937 3.36247 2.63193 2.35132 2.16559 2.6433 2.05431 1.98671 1.48861 1.28233 1.30043 1.0695 0.922418 0.914743 0.777516
threshold=864.357142857143 57.500000000000007 1307.5000000000002 550.50000000000011 179.87799944122301 695.50000000000011 0.37247810748448967 113.5205037070847 1645.5000000000002 -0.16799793862756093 1394.5727899860583 -0.29342786347392819 1100.5000000000002 22.089285714285719 1720.8385416666667 1097.5000000000002 213.17580476558933 23.88571428571429 1300.5000000000002
decision_type=2 2 2 2 2 2 2 2 2 2 2 2 2 2 2 2 2 2 2
left_child=1 -1 4 10 11 6 -5 -7 9 -4 -3 17 -13 15 -15 -6 -11 -2 -10
right_child=2 3 8 5 13 7 -8 -9 18 16 -12 12 -14 14 -16 -17 -18 -19 -20
leaf_value=-2.5884923608178827 -0.056445467939378734 -3.8068838097339937 4.7032324657148257 -1.6736295883747876 -0.35296819501042315 -0.13086926364072163 0.47668254221617912 -1.6116540796753562 -2.6798202002461196 1.5680276622275664 -3.6301738891672004 -0.39812703603908878 0.99091091567081735 1.0600165424578025 -0.97667785195807566 -2.4288276153069073 -0.1468052142343006 1.3911226898721452 11.661764132528962
leaf_weight=85 244 51 1011 436 77 890 64 267 53 799 155 647 669 200 330 162 572 1792 7447
leaf_count=85 244 51 1011 436 77 890 64 267 53 799 155 647 669 200 330 162 572 1792 7447
internal_value=0.00128373 -0.0034587 0.00194687 -0.00288412 0.000557496 -0.00213148 -0.00422156 -0.00118653 0.0025216 0.00168317 -0.00868116 0.00106203 0.000116173 -0.00158182 -0.000649717 -0.00345 0.000778426 0.00165096 0.00278163
internal_weight=15951 1948 14003 1863 4121 1657 500 1157 9882 2382 206 3352 1316 769 530 239 1371 2036 7500
internal_count=15951 1948 14003 1863 4121 1657 500 1157 9882 2382 206 3352 1316 769 530 239 1371 2036 7500
is_linear=0
shrinkage=0.03


Tree=48
num_leaves=20
num_cat=2
split_feature=10 16 22 21 31 22 21 31 14 13 0 23 19 0 20 21 17 23 25
split_gain=52.8283 13.3143 11.9648 8.82969 3.66839 3.11722 2.17952 2.63189 3.16583 2.05431 2.03741 1.8686 1.83408 1.42706 1.34448 1.00991 0.726411 0.695367 0.375595
threshold=864.357142857143 0.93544191479114935 1307.5000000000002 550.50000000000011 12.100000000000007 600.50000000000011 1827.5000000000002 0.40000000000001251 -0.39826117949089107 1394.5727899860583 0 677.50000000000011 0.29999999999999788 1 26.803571428571434 830.50000000000011 0.052657569964411031 1450.5000000000002 20.425000000000004
decision_type=2 2 2 2 2 2 2 2 2 2 9 2 2 9 2 2 2 2 2
left_child=1 3 4 9 10 14 7 8 -4 -1 15 -7 -12 16 -5 -2 -6 -8 -9
right_child=2 -3 6 5 13 11 17 18 -10 -11 12 -13 -14 -15 -16 -17 -18 -19 -20
leaf_value=-3.6926772954419733 -1.1572584368146848 -2.5108375899933457 -2.8436173695703038 -0.55855412979635766 -0.45095130769049763 -1.1169876515868555 -0.58054235126790155 0.55920706682983645 2.1738747256473587 -3.5212686724921856 0.66377446272541984 -0.28765988566375722 -0.86422263880740169 1.6922980029096382 -2.3696192370764719 0.59538855731776374 0.63589610820068254 15.811911208553092 5.018078414639688
leaf_weight=51 75 85 120 79 102 313 65 70 1600 155 404 1073 1015 1201 192 1077 247 6026 2001
leaf_count=51 75 85 120 79 102 313 65 70 1600 155 404 1073 1015 1201 192 1077 247 6026 2001
internal_value=0.00128373 -0.00333556 0.00192973 -0.00277146 0.000557496 -0.00200482 0.00249732 0.00189557 0.000984893 -0.00868116 -0.000121306 -0.00138212 -0.000893706 0.0017118 -0.00500735 0.000791918 0 0.00286408 0.00262934
internal_weight=15951 1948 14003 1863 4121 1657 9882 3791 1720 206 2571 1386 1419 1550 271 1152 349 6091 2071
internal_count=15951 1948 14003 1863 4121 1657 9882 3791 1720 206 2571 1386 1419 1550 271 1152 349 6091 2071
cat_boundaries=0 1 2
cat_threshold=3834588 12805
is_linear=0
shrinkage=0.03


Tree=49
num_leaves=20
num_cat=4
split_feature=23 23 16 23 15 16 14 14 0 0 20 12 0 23 0 16 11 31 24
split_gain=48.5465 12.8099 8.80488 5.21914 3.69898 3.69011 3.10071 2.95545 2.95066 2.61815 2.59133 5.19877 1.69989 1.63692 1.59904 1.44821 1.16858 0.971273 0.873434
threshold=795.50000000000011 1150.5000000000002 0.93544191479114935 600.50000000000011 -0.42179730054635828 0.3036948619824264 0.89017062131308955 0.90162119223771331 0 1 22.353571428571435 1795.0166666666669 2 715.50000000000011 3 -0.93197223986804445 193.03342913056909 10.900000000000007 1140.1950000000004
decision_type=2 2 2 2 2 2 2 2 9 9 2 2 9 2 9 2 2 2 2
left_child=2 4 3 5 14 9 10 15 18 -1 11 -3 -8 -9 -2 -5 -14 -16 -6
right_child=1 6 -4 7 8 -7 12 13 -10 -11 -12 -13 16 -15 17 -17 -18 -19 -20
leaf_value=-1.5249529442018288 1.0090281444975071 -0.19648889361716773 -2.4102050015437242 -0.7464047165888974 -1.6098367959135325 0.10516108522226909 1.7424789079169951 -1.9627124413681285 0.11441585681042771 -3.5053859397030482 5.6588348440372869 8.3564111683008981 0.71021993767349745 -0.5732166069372443 -0.5377153811147265 0.27122189325292995 -2.1131781056707539 0.76788458691753958 -0.5122969752892591
leaf_weight=119 820 761 81 182 416 61 796 277 887 219 7498 1902 293 236 304 273 160 370 296
leaf_count=119 820 761 81 182 416 61 796 277 887 219 7498 1902 293 236 304 273 160 370 296
internal_value=0.00127808 0.00180323 -0.00394824 -0.00332895 7.56304e-05 -0.00627 0.00226755 -0.00206502 -0.00091125 -0.00749557 0.00244322 0.00159685 0.0008016 -0.00363035 0.00116187 -0.000197368 -0.000594827 0 -0.0023361
internal_weight=15951 14503 1448 1367 3093 399 11410 968 1599 338 10161 2663 1249 513 1494 455 453 674 712
internal_count=15951 14503 1448 1367 3093 399 11410 968 1599 338 10161 2663 1249 513 1494 455 453 674 712
cat_boundaries=0 1 2 3 4
cat_threshold=3234817 3180752 2802914 2657338
is_linear=0
shrinkage=0.03


Tree=50
num_leaves=20
num_cat=3
split_feature=10 21 22 15 11 15 18 21 32 13 20 32 7 0 22 0 23 0 13
split_gain=52.653 10.6545 9.82059 5.29288 3.9822 3.15648 2.36588 1.69377 1.63751 1.608 1.59545 1.54639 1.44436 1.29867 1.2088 1.11445 0.640276 0.634899 0.579371
threshold=910.78571428571433 550.50000000000011 1550.5000000000002 0.17435360825960186 113.5205037070847 0.59003219687534991 1.1000000000000056 1500.5000000000002 0.099999999999999964 1670.1793434611566 25.532142857142862 0.29999999999999999 137.50000000000003 0 550.50000000000011 1 1400.5000000000002 2 1445.621196658454
decision_type=2 2 2 2 2 2 2 2 2 2 2 2 2 9 2 9 2 9 2
left_child=1 14 3 12 5 11 9 -4 17 -6 -10 -3 13 -2 18 -14 -9 -5 -1
right_child=2 4 7 8 6 -7 -8 16 10 -11 -12 -13 15 -15 -16 -17 -18 -19 -20
leaf_value=-3.6661861970784009 -0.20969429846812532 0.1873895751476545 0.80022855156495465 -0.26521952703050028 -3.1341236005626945 -1.7627333213230323 0.41718384568007022 0.47216222525673174 -0.15878599727116269 -1.1370998895102351 -1.3715916878915253 -0.514432323193865 -0.24988530633634687 1.2277060751753444 -3.211930961762631 1.9268245626184375 9.4085160954231952 2.3463692292991651 -1.9482064229734311
leaf_weight=67 443 298 369 110 229 64 76 103 1319 273 219 1126 147 803 113 2162 7660 349 52
leaf_count=67 443 298 369 110 229 64 76 103 1319 273 219 1126 147 803 113 2162 7660 349 52
internal_value=0.00128706 -0.00290605 0.00199467 0.00100864 -0.00219013 -0.00132371 -0.00433679 0.00266212 -0.000207207 -0.00508747 -0.000695906 -0.000991579 0.00170416 0.000820369 -0.0090515 0.00216104 0.00275811 0.00133043 -0.01165
internal_weight=15982 2298 13684 5552 2066 1488 578 8132 1997 502 1538 1424 3555 1246 232 2309 7763 459 119
internal_count=15982 2298 13684 5552 2066 1488 578 8132 1997 502 1538 1424 3555 1246 232 2309 7763 459 119
cat_boundaries=0 1 2 3
cat_threshold=1397761 8192 40970
is_linear=0
shrinkage=0.03


Tree=51
num_leaves=20
num_cat=3
split_feature=21 21 21 16 14 11 33 22 22 11 10 20 22 0 20 0 13 3 17
split_gain=50.9011 10.5021 9.80592 4.22916 2.99121 2.84698 2.78389 2.49138 2.25234 1.77889 2.02801 1.72668 1.50345 1.27387 1.16843 1.13204 1.1117 1.085 0.927225
threshold=852.84000000000003 1235.9300000000001 550.50000000000011 0.95752911693909493 0.89017062131308955 138.56191669174203 6.2650000000000006 1150.5000000000002 773.00000000000011 91.114788471770154 864.357142857143 24.06071428571429 550.50000000000011 0 22.300000000000001 1 1737.5263485819353 2 0.2769436411835739
decision_type=2 2 2 2 2 2 2 2 2 2 2 2 2 9 2 9 2 9 2
left_child=2 5 12 9 7 13 16 14 -7 11 -11 -4 -1 18 -3 -10 -6 -15 -2
right_child=1 4 3 -5 6 8 -8 -9 15 10 -12 -13 -14 17 -16 -17 -18 -19 -20
leaf_value=-3.3809239589464264 -0.39866670123337006 -1.6150857974776962 -1.266527282460117 -1.9300779291221575 3.3221629690449541 -2.1016259737864629 2.6296582880160284 6.3973273524250693 0.81624354894176065 -1.4642740020980667 -0.45583628854278063 -0.24991186940552687 -3.0598540185928003 1.1660454626665819 1.7732632948382987 -0.79742088655325338 -1.9472637441919451 -0.051127814425263061 0.60483937753630557
leaf_weight=119 512 81 85 83 52 108 744 9518 270 463 300 986 114 1138 129 447 205 268 360
leaf_count=119 512 81 85 83 52 108 744 9518 270 463 300 986 114 1138 129 447 205 268 360
internal_value=0.00127955 0.00194903 -0.00300558 -0.00226486 0.00239441 0.00039433 0.000766467 0.0025572 -0.00108959 -0.00193079 -0.00307068 -0.00107463 -0.00887179 0.000951733 -0.00049763 -0.000409471 -0.00183721 0.00150529 0
internal_weight=15982 13832 2150 1917 10729 3103 1001 9728 825 1834 763 1071 233 2278 210 717 257 1406 872
internal_count=15982 13832 2150 1917 10729 3103 1001 9728 825 1834 763 1071 233 2278 210 717 257 1406 872
cat_boundaries=0 1 2 3
cat_threshold=3764225 532699 2
is_linear=0
shrinkage=0.03


Tree=52
num_leaves=20
num_cat=2
split_feature=10 21 21 11 11 18 7 29 12 0 23 13 0 21 33 20 32 14 22
split_gain=50.3413 10.5025 9.95863 4.14795 3.76019 2.15933 2.05045 2.04273 1.82807 1.65562 1.64545 1.36635 1.3491 1.30269 1.10133 1.2731 1.02182 0.756529 0.75569
threshold=910.78571428571433 577.50000000000011 1645.5000000000002 140.34379529399038 113.5205037070847 1.1000000000000056 101.50000000000001 23.375000000000004 1288.3833333333334 0 1210.5000000000002 1670.1793434611566 1 500.50000000000006 3.8950000000000005 23.460714285714293 6.9499999999999975 0.84313847884979054 1510.5000000000002
decision_type=2 2 2 2 2 2 2 2 2 9 2 2 9 2 2 2 2 2 2
left_child=1 13 3 6 7 11 8 16 -2 -9 -4 -6 -8 17 -5 -16 -3 -1 -12
right_child=2 4 10 14 5 -7 12 9 -10 -11 18 -13 -14 -15 15 -17 -18 -19 -20
leaf_value=-2.6960615758239186 -0.65985176562932502 -1.7439532471884269 -2.9257751820095224 1.0309749018505943 -3.0398726275420174 0.47401053370954177 0.56140682271085462 -0.47521760913702016 0.96648995990994535 0.097071671940586149 1.0497782773289897 -1.088681215869411 1.8801470754048979 -2.2145514591833315 -1.1165052159151203 0.017937016891430631 -0.3074649338150714 -4.421096388954683 10.193613523539934
leaf_weight=53 242 61 58 625 220 75 659 750 932 607 212 271 2250 139 378 984 50 72 7344
leaf_count=53 242 61 58 625 220 75 659 750 932 607 212 271 2250 139 378 984 50 72 7344
internal_value=0.00127204 -0.00282775 0.00196398 0.00104513 -0.00206536 -0.0041746 0.00159256 -0.0012192 0.000482553 -0.000857143 0.00269035 -0.00490244 0.00202474 -0.00850189 -5.7344e-05 -0.00055686 -0.00519643 -0.0111905 0.00273164
internal_weight=15982 2298 13684 6070 2034 566 4083 1468 1174 1357 7614 491 2909 264 1987 1362 111 125 7556
internal_count=15982 2298 13684 6070 2034 566 4083 1468 1174 1357 7614 491 2909 264 1987 1362 111 125 7556
cat_boundaries=0 1 2
cat_threshold=2698309 78341
is_linear=0
shrinkage=0.03


Tree=53
num_leaves=20
num_cat=2
split_feature=21 21 22 11 16 31 23 0 22 23 0 14 21 14 21 14 21 24 7
split_gain=47.3848 10.7447 9.34884 4.37718 3.58283 2.48126 2.05238 2.73365 1.70829 1.67261 1.55215 1.51025 1.23636 0.980321 0.904801 0.800036 0.656115 0.582495 0.543479
threshold=945.50000000000011 577.50000000000011 1550.5000000000002 128.76455070237321 0.95752911693909493 10.900000000000007 637.50000000000011 0 670.50000000000011 1400.5000000000002 1 -0.51297808981038739 500.50000000000006 0.89017062131308955 1200.5000000000002 0.83849049182116964 1400.5000000000002 2030.5000000000002 101.50000000000001
decision_type=2 2 2 2 2 2 2 9 2 2 9 2 2 2 2 2 2 2 2
left_child=1 12 3 10 6 11 7 -3 -8 -4 14 -5 15 16 -2 -1 -11 -15 -12
right_child=2 4 9 5 -6 -7 8 -9 -10 13 18 -13 -14 17 -16 -17 -18 -19 -20
leaf_value=-2.7020199145170567 -0.26782642017375252 -3.3154025196447043 -0.14304405211597546 -3.4074580332960132 -1.6911893915453244 2.4599848611865167 -1.1219190925536393 -0.63329255236637616 -0.24404893994907453 0.59944065951267578 0.80690899743798827 -0.34833785399955181 -2.1481149154078314 3.0942379510931435 2.2639674600346522 -4.098999996902644 9.0003301395700976 -0.56424267909794157 1.7926742775305002
leaf_weight=50 474 120 190 67 94 383 236 189 1633 102 717 1379 139 181 364 76 7487 154 1947
leaf_count=50 474 120 190 67 94 383 236 189 1633 102 717 1379 139 181 364 76 7487 154 1947
internal_value=0.00127204 -0.00247991 0.00198349 0.000993623 -0.00178575 -0.00017377 -0.00151033 -0.00383226 -0.00110053 0.0026281 0.00161604 -0.000765031 -0.00823308 0.00269489 0.000399293 -0.0108425 0.00276838 0.000892857 0.00197271
internal_weight=15982 2537 13445 5331 2272 1829 2178 309 1869 8114 3502 1446 265 7924 838 126 7589 335 2664
internal_count=15982 2537 13445 5331 2272 1829 2178 309 1869 8114 3502 1446 265 7924 838 126 7589 335 2664
cat_boundaries=0 1 2
cat_threshold=94241 602625
is_linear=0
shrinkage=0.03


Tree=54
num_leaves=20
num_cat=0
split_feature=10 7 23 23 15 13 25 15 14 11 25 11 20 19 16 15 12 7 12
split_gain=44.6892 9.19969 7.99035 7.44088 4.1653 2.9754 2.66747 2.37078 2.33992 2.54837 1.92401 1.80492 1.32456 3.73227 1.56839 1.14839 4.84871 1.03536 0.985672
threshold=929.21428571428589 57.500000000000007 1445.5000000000002 577.50000000000011 0.17435360825960186 1567.718723858123 27.325000000000006 -0.79382744783423187 0.89017062131308955 166.13935486062627 26.825000000000006 109.4872245243243 25.532142857142862 1.2000000000000006 -0.76763861105243425 0.67644692717078936 1773.5833333333337 141.50000000000003 678.75000000000011
decision_type=2 2 2 2 2 2 2 2 2 2 2 2 2 2 2 2 2 2 2
left_child=1 5 4 6 -2 -1 -3 18 15 -10 -11 -9 14 -14 -6 -4 -17 -8 -5
right_child=2 3 8 7 12 -7 17 11 9 10 -12 -13 13 -15 -16 16 -18 -19 -20
leaf_value=-2.1132451508789356 1.1636506929870198 -1.2525288535566319 7.7027903810539176 -0.44577949688769475 -2.4407065868273863 -1.1813518313010731 -4.1375069706224874 -0.34473356678806971 3.0833942493962976 -2.2066861681202417 1.9545183442169245 -1.088515063910787 0.65530721855729979 -2.1586986549037195 0.28922553481411739 -0.48180938119232752 8.3535385200103409 -0.7805545248016047 0.62850504329983403
leaf_weight=56 3018 61 4973 147 118 50 137 1044 371 135 99 594 179 126 1066 445 3028 52 283
leaf_count=56 3018 61 4973 147 118 50 137 1044 371 135 99 594 179 126 1066 445 3028 52 283
internal_value=0.00125515 -0.00248783 0.0019278 -0.00206598 0.000879769 -0.0111869 -0.00699203 -0.00144563 0.00244454 0.000544555 -0.0018 -0.00197132 -0.000394631 -0.00215686 2.27849e-05 0.00257523 0.00210535 -0.00877895 0.000452436
internal_weight=15982 2424 13558 2318 4507 106 250 2068 9051 605 234 1638 1489 305 1184 8446 3473 189 430
internal_count=15982 2424 13558 2318 4507 106 250 2068 9051 605 234 1638 1489 305 1184 8446 3473 189 430
is_linear=0
shrinkage=0.03


Tree=55
num_leaves=20
num_cat=2
split_feature=22 22 23 16 15 15 14 11 23 11 20 0 13 7 0 25 32 27 18
split_gain=40.8669 10.1356 8.14556 4.06642 3.65406 3.46298 2.85978 3.28039 1.97321 1.91783 1.82053 1.738 1.42237 1.68524 1.41073 1.37891 1.13461 1.82145 1.00424
threshold=912.23500000000013 1400.5000000000002 677.50000000000011 0.90892735371523092 0.17435360825960186 0.37247810748448967 0.88220160189607266 166.13935486062627 850.50000000000011 113.5205037070847 27.125000000000004 0 1585.9682342950266 146.50000000000003 1 29.525000000000002 0.29999999999999788 26.875000000000004 1.9999999999999869
decision_type=2 2 2 2 2 2 2 2 2 2 2 9 2 2 9 2 2 2 2
left_child=2 4 3 5 8 11 -3 -8 -2 12 -9 -1 13 -4 -10 -14 -6 -18 -11
right_child=1 6 9 -5 16 -7 7 10 14 18 -12 -13 15 -15 -16 -17 17 -19 -20
leaf_value=-2.2460801077302164 -0.73450793688262939 7.1745725383014332 -1.0873169055898706 -1.9526684895485991 0.80916936124055605 0.98798018607475613 3.5113745501195717 -1.8003033431652768 0.33629568759891759 -1.3552985505499371 2.6500456251893709 -1.2438209904303943 0.45259056043663209 0.031713138982426115 1.4685156357557707 -0.28254462398568475 -0.40164488614188043 -1.2899681226878319 0.095128978500498451
leaf_weight=249 198 8443 244 53 378 57 391 184 960 545 53 311 459 254 1820 219 937 94 85
leaf_count=249 198 8443 244 53 378 57 391 184 960 545 53 311 459 254 1820 219 937 94 85
internal_value=0.00125742 0.00191091 -0.00227574 -0.00511922 0.000712398 -0.00431068 0.00248545 0.000443561 0.00131219 -0.00119369 -0.0022437 -0.00505348 -0.000430756 -0.00166533 0.00152643 0.000410898 -0.000523404 -0.00105814 -0.00254358
internal_weight=15934 13458 2476 670 4387 617 9071 628 2978 1806 237 560 1176 498 2780 678 1409 1031 630
internal_count=15934 13458 2476 670 4387 617 9071 628 2978 1806 237 560 1176 498 2780 678 1409 1031 630
cat_boundaries=0 1 2
cat_threshold=545825 2175557
is_linear=0
shrinkage=0.03


Tree=56
num_leaves=20
num_cat=3
split_feature=21 21 21 15 16 16 22 13 13 14 3 0 17 22 10 14 0 25 23
split_gain=41.5981 8.65608 7.79207 4.57546 3.56173 3.30105 3.28896 3.1978 2.55732 3.83637 2.00897 1.59039 1.33119 1.24184 1.22348 1.05002 0.808048 0.689184 0.548779
threshold=951.50000000000011 1645.5000000000002 577.50000000000011 0.1573897509163161 -0.89405649444168434 0.95752911693909493 1200.5000000000002 1700.3951933023795 1965.2637365934152 0.92273069556937592 0 1 -0.30982845708428081 821.50000000000011 947.21428571428589 0.89017062131308955 2 27.575000000000006 1300.5000000000002
decision_type=2 2 2 2 2 2 2 2 2 2 9 9 2 2 2 2 9 2 2
left_child=2 3 12 10 7 8 -3 -5 9 -4 16 -6 17 -12 -7 18 -2 -1 -8
right_child=1 6 5 4 11 14 15 -9 -10 -11 13 -13 -14 -15 -16 -17 -18 -19 -20
leaf_value=-1.1976713598616637 -1.9183935887342021 -2.2051148541318017 -0.14073808511429886 -4.0273884435484453 -0.3637872956816135 -1.8097051599891425 -1.1443025100500162 -0.17961923187217346 0.41053030855210926 -1.2897268075035275 -2.3064767855986559 0.91687787745629667 -2.322336764770816 1.675266289726862 -0.88137072343453116 0.46342080627654569 1.03706232252387 -3.4685658555172192 9.4952893098833808
leaf_weight=65 112 63 1337 58 910 73 57 69 255 832 56 1075 95 3125 54 232 167 102 7197
leaf_count=65 112 63 1337 58 910 73 57 69 255 832 56 1075 95 3125 54 232 167 102 7197
internal_value=0.00127436 0.00198583 -0.00202772 0.001075 -4.25923e-06 -0.00149765 0.00265192 -0.004875 -0.00122598 -0.00157051 0.00174661 0.000287009 -0.0069924 0.00196053 -0.00628125 0.0027131 -0.00057931 -0.00478571 0.00277836
internal_weight=15934 13121 2813 5572 2112 2551 7549 127 2424 2169 3460 1985 262 3181 127 7486 279 167 7254
internal_count=15934 13121 2813 5572 2112 2551 7549 127 2424 2169 3460 1985 262 3181 127 7486 279 167 7254
cat_boundaries=0 1 2 3
cat_threshold=12 3741738 83008
is_linear=0
shrinkage=0.03


Tree=57
num_leaves=20
num_cat=0
split_feature=21 21 23 15 16 16 22 13 15 13 17 12 10 7 13 15 32 13 23
split_gain=39.1623 8.41224 6.9595 4.51329 4.07199 3.54234 3.24423 3.1978 3.113 2.23945 2.48295 2.21083 1.67001 1.624 1.3265 1.25354 0.633582 0.549077 0.508431
threshold=951.50000000000011 1645.5000000000002 677.50000000000011 0.1573897509163161 0.90892735371523092 -0.89405649444168434 1200.5000000000002 1700.3951933023795 0.1573897509163161 1965.2637365934152 0.07411673974326928 1024.6666666666667 1200.0714285714287 139.50000000000003 2069.3727022058829 -0.80417042486635371 9.8499999999999996 1972.0160576278479 1300.5000000000002
decision_type=2 2 2 2 2 2 2 2 2 2 2 2 2 2 2 2 2 2 2
left_child=2 3 4 12 8 7 -3 -5 15 10 11 -4 13 -2 -7 -1 -12 -14 -8
right_child=1 6 9 5 -6 14 18 -9 -10 -11 16 -13 17 -15 -16 -17 -18 -19 -20
leaf_value=-0.5132172700180484 -0.078911771658424487 -2.1389614085078477 -0.47481489425629797 -3.9065667902419903 -1.8249358703867686 0.37559646341128716 -1.109973434748516 -0.17423065491600548 0.54835469148420346 0.45398613906973767 -0.2238325141666746 -1.3291772360885816 2.8775083724464734 1.0931693274584491 -1.1116724706143213 -2.0114680387496309 0.58259781409998324 0.40434547445600094 8.8866156467694726
leaf_weight=105 612 63 893 58 53 1831 57 69 86 251 377 351 1633 1119 154 436 261 96 7429
leaf_count=105 612 63 893 58 53 1831 57 69 86 251 377 351 1633 1119 154 436 261 96 7429
internal_value=0.00126119 0.00195153 -0.00194243 0.00105347 -0.00460352 -1.84571e-05 0.00260821 -0.004875 -0.0038121 -0.00107123 -0.00143866 -0.00221928 0.0017206 0.00101501 0.000271903 -0.00467159 1.40846e-05 0.0024 0.00266903
internal_weight=15934 13121 2813 5572 680 2112 7549 127 627 2133 1882 1244 3460 1731 1985 541 638 1729 7486
internal_count=15934 13121 2813 5572 680 2112 7549 127 627 2133 1882 1244 3460 1731 1985 541 638 1729 7486
is_linear=0
shrinkage=0.03


Tree=58
num_leaves=20
num_cat=0
split_feature=21 22 21 11 16 14 11 13 14 12 20 20 22 24 21 7 25 20 12
split_gain=36.711 8.66355 6.38256 4.83067 3.21554 2.49031 2.51454 2.39533 3.48218 1.93372 2.7836 1.85606 2.24841 1.7243 1.40916 3.22801 1.17972 1.16908 0.845339
threshold=951.50000000000011 1450.5000000000002 550.50000000000011 177.78397800468125 0.95752911693909493 0.89017062131308955 166.13935486062627 1965.2637365934152 0.92273069556937592 1841.8166666666668 26.803571428571434 22.300000000000001 1347.5000000000002 977.04500000000019 1800.5000000000002 314.50000000000006 26.825000000000006 23.525000000000006 1010.1833333333335
decision_type=2 2 2 2 2 2 2 2 2 2 2 2 2 2 2 2 2 2 2
left_child=2 3 -1 9 7 14 -7 8 -4 17 -11 12 -5 -6 15 -3 -8 -2 -13
right_child=1 5 4 11 13 6 16 -9 -10 10 -12 18 -14 -15 -16 -17 -18 -19 -20
leaf_value=-2.5368048261899463 0.18910695386234228 4.4002031981132825 -0.12876373081374753 -2.3441444780443486 -1.7543907441349935 3.4847313518693679 -3.3896727319492155 0.38461555838838046 -1.2016579887198764 -2.1541620596330331 2.3711006533109948 -1.2282830805864271 0.14289977673445681 -0.71036716762003171 13.120017177366387 0.28774798274045471 1.5060495850450275 1.3223674973614865 0.56739687654978543
leaf_weight=230 585 1689 1355 226 54 303 99 255 843 116 104 139 120 76 5934 635 70 2688 413
leaf_count=230 585 1689 1355 226 54 303 99 255 843 116 104 139 120 76 5934 635 70 2688 413
internal_value=0.00124424 0.00191267 -0.00185714 0.000810109 -0.00140712 0.00246192 0.000234672 -0.00113936 -0.0014693 0.00132055 -0.00128959 -0.00112458 -0.00284438 -0.0060687 0.00258373 0.00189548 -0.00257647 0.00151008 0
internal_weight=15934 13121 2813 4391 2583 8730 472 2453 2198 3493 220 898 346 130 8258 2324 169 3273 552
internal_count=15934 13121 2813 4391 2583 8730 472 2453 2198 3493 220 898 346 130 8258 2324 169 3273 552
is_linear=0
shrinkage=0.03


Tree=59
num_leaves=20
num_cat=0
split_feature=21 22 21 11 16 14 20 11 13 14 20 7 12 12 20 24 20 11 23
split_gain=35.3619 8.80804 6.50307 4.82584 2.96343 2.80912 2.58839 2.48691 2.13734 3.30561 1.88302 1.57594 3.44666 1.53418 2.12853 1.44488 1.33512 0.91701 0.898897
threshold=951.50000000000011 1400.5000000000002 550.50000000000011 177.78397800468125 0.95752911693909493 0.89017062131308955 22.175000000000004 166.13935486062627 1965.2637365934152 0.9550229469509578 27.125000000000004 314.50000000000006 1912.1000000000001 1841.8166666666668 26.803571428571434 977.04500000000019 20.232142857142865 114.5643923739669 897.50000000000011
decision_type=2 2 2 2 2 2 2 2 2 2 2 2 2 2 2 2 2 2 2
left_child=2 3 -1 13 8 11 16 -7 9 -4 -9 -3 -13 17 -15 -6 -5 -2 -8
right_child=1 5 4 6 15 7 18 10 -10 -11 -12 12 -14 14 -16 -17 -18 -19 -20
leaf_value=-2.4607006814042478 1.2573039090405176 6.9735699554422128 -0.17707750454308285 0.40720894191430651 -1.7017590218109442 2.9081435177214146 -2.0915552183680299 -2.3527807587810288 0.37307709163672792 -1.2132518132526202 2.2795152983707729 -0.87403302622024426 7.4200760984747465 -1.7742654038542196 2.2915699824251936 -0.68905615259143149 -2.1837183828357696 0.28702992795747662 0.20126629742212521
leaf_weight=230 2449 6166 1502 58 54 367 76 149 255 696 51 361 1939 105 90 76 223 639 448
leaf_count=230 2449 6166 1502 58 54 367 76 149 255 696 51 361 1939 105 90 76 223 639 448
internal_value=0.00122918 0.00188523 -0.0018145 0.000713867 -0.00136068 0.00241023 -0.00133995 0.000274648 -0.00110269 -0.00141473 -0.00231343 0.00254789 0.00181877 0.00123143 -0.00122449 -0.00583969 -0.00365957 0.00140142 -5.71417e-06
internal_weight=15934 13121 2813 4088 2583 9033 805 567 2453 2198 200 8466 2300 3283 195 130 281 3088 524
internal_count=15934 13121 2813 4088 2583 9033 805 567 2453 2198 200 8466 2300 3283 195 130 281 3088 524
is_linear=0
shrinkage=0.03


Tree=60
num_leaves=20
num_cat=5
split_feature=23 23 23 15 14 0 16 0 29 0 31 32 7 0 23 11 33 13 0
split_gain=29.729 8.31302 4.63374 3.93 3.75145 3.48648 3.23679 2.60876 2.24447 1.81349 2.53465 2.6479 1.29164 1.62734 1.25983 1.2333 0.997535 0.782584 0.620876
threshold=1140.1950000000004 670.50000000000011 2150.5000000000005 0.20812153622207724 0.61237135649459018 0 -0.99385384359725149 1 23.675000000000004 2 0.70000000000001517 2.1499999999999937 239.50000000000003 3 1350.5000000000002 107.04082439660577 6.4150000000000009 1976.286248843682 4
decision_type=2 2 2 2 2 9 2 9 2 9 2 2 2 9 2 2 2 2 9
left_child=1 9 3 14 12 15 -5 -8 -7 10 11 -1 16 -14 18 -6 -3 -16 -2
right_child=2 4 -4 6 5 8 7 -9 -10 -11 -12 -13 13 -15 17 -17 -18 -19 -20
leaf_value=-1.99741732903848 0.16671538625700266 0.86036079003585542 16.903364645194557 -2.8116448225439603 0.13862029262743072 -1.3245563014658905 2.4556924894054242 0.092589786508205082 -0.91612026468932006 -0.94652138869441671 0.050768753566718387 -3.2610237003947846 -0.96777446086592556 1.435019807955217 4.5464520822546897 -0.44860183966100153 -0.21804640998287664 -0.93645534166011735 1.4272973929524595
leaf_weight=265 262 944 4482 74 734 134 1842 1594 763 288 52 62 239 145 2183 471 152 52 1192
leaf_count=265 262 944 4482 74 734 134 1842 1594 763 288 52 62 239 145 2183 471 152 52 1192
internal_value=0.00127581 -0.000865412 0.00205855 0.0015725 -0.000278817 -0.00110271 0.000833096 0.00097847 -0.00250441 -0.00394311 -0.00535385 -0.00647561 0.000860905 -0.000553247 0.00226341 0 0.00139745 0.00273703 0.00150309
internal_weight=15930 4249 11681 7199 3582 2102 3510 3436 897 667 379 327 1480 384 3689 1205 1096 2235 1454
internal_count=15930 4249 11681 7199 3582 2102 3510 3436 897 667 379 327 1480 384 3689 1205 1096 2235 1454
cat_boundaries=0 1 2 3 4 5
cat_threshold=575098 2408675 619553 2661505 2433536
is_linear=0
shrinkage=0.03


Tree=61
num_leaves=20
num_cat=3
split_feature=22 23 26 14 15 12 14 22 0 0 29 24 24 33 10 19 0 7 24
split_gain=32.5137 9.34275 3.95815 3.57592 2.67768 5.22818 6.96953 2.60588 2.18101 2.01632 1.75807 1.55833 1.90866 1.51877 1.29243 1.25837 1.18342 1.23172 1.05348
threshold=1251.1550000000002 670.50000000000011 1.3500000000000003 0.89017062131308955 0.68274389090025245 1899.3833333333334 -0.49064630004295678 677.50000000000011 0 1 23.575000000000006 757.50000000000011 650.50000000000011 6.3950000000000005 1821.6428571428576 1.4500000000000004 2 139.50000000000003 637.50000000000011
decision_type=2 2 2 2 2 2 2 2 9 9 2 2 2 2 2 2 9 2 2
left_child=1 9 7 4 -2 6 -6 -3 15 11 -9 12 -1 -10 -7 -5 -4 -18 -11
right_child=3 2 16 8 5 14 -8 10 13 18 -12 -13 -14 -15 -16 -17 17 -19 -20
leaf_value=-2.2003615338187612 5.7325849058190181 -1.4219207692897855 1.2572431878511454 2.7544386435706447 -4.7252428704948999 1.6010378495798443 0.71995379636427148 -0.73519967767020855 -2.4051421214611208 0.43327025677690778 0.0063923447281025525 -2.4159498289549326 -0.04379301262599903 0.45891696053002307 10.396263705838718 -0.74867783027678469 -0.96881711987793562 0.43704691536726137 -1.2078094690083858
leaf_weight=234 5744 274 611 497 57 394 866 815 140 108 2349 63 80 246 2361 97 61 753 180
leaf_count=234 5744 274 611 497 57 394 866 815 140 108 2349 63 80 246 2361 97 61 753 180
internal_value=0.00126828 -0.000584373 -0.000118421 0.00225714 0.00243776 0.00177195 -0.000136364 -0.000677813 0.000474006 -0.00391892 -0.000418009 -0.00539691 -0.00439048 -0.00120151 0.00242743 0.00163141 0.00119916 0.00036 -0.00157525
internal_weight=15930 5528 4863 10402 9422 3678 923 3438 980 665 3164 377 314 386 2755 594 1425 814 288
internal_count=15930 5528 4863 10402 9422 3678 923 3438 980 665 3164 377 314 386 2755 594 1425 814 288
cat_boundaries=0 1 2 3
cat_threshold=2278563 619553 1068272
is_linear=0
shrinkage=0.03


Tree=62
num_leaves=20
num_cat=0
split_feature=22 10 21 15 29 21 16 14 16 14 23 14 29 33 15 23 22 24 10
split_gain=30.9597 8.52861 4.60505 5.20252 3.61294 3.545 3.04302 2.95852 1.99208 1.89667 1.7028 1.68745 0.996228 0.991286 0.964925 0.781709 0.740664 0.658665 0.646339
threshold=1251.1550000000002 801.07142857142867 1827.5000000000002 -0.16799793862756093 23.575000000000006 546.50000000000011 -0.99385384359725149 0.67167992559793654 -0.74514031746906351 0.90892735371523092 577.50000000000011 -0.36647417525074694 29.025000000000002 3.5850000000000004 0.53312596302726967 1450.5000000000002 1610.5000000000002 750.50000000000011 1221.5000000000002
decision_type=2 2 2 2 2 2 2 2 2 2 2 2 2 2 2 2 2 2 2
left_child=1 5 3 18 8 12 -5 -6 -3 14 -11 -10 -1 -8 -7 -4 -17 -9 -2
right_child=2 4 15 6 7 9 13 17 11 10 -12 -13 -14 -15 -16 16 -18 -19 -20
leaf_value=-2.4289071620331786 1.1220197020951126 -2.7867809250460445 -0.48290897072121791 -4.0107728752125169 1.0159361074561319 -0.086288332896553188 3.2230919215363238 -0.81441721697196501 0.78223834404925319 -3.2102502931418613 -1.0306934054654111 -0.6217086256602663 -1.1084380918362398 0.31855621568501391 -1.1951265630963885 0.28863030369201398 12.352555816111918 0.0098274948295016748 3.4773411485106922
leaf_weight=85 119 86 71 51 1390 622 598 108 179 85 575 722 63 1778 63 77 5984 1550 1724
leaf_count=85 119 86 71 51 1390 622 598 108 179 85 575 722 63 1778 63 77 5984 1550 1724
internal_value=0.00127205 -0.00053554 0.00223695 0.0014575 0.000170961 -0.0024739 0.000521417 0.000691702 -0.00139069 -0.00193908 -0.00310893 -0.000911308 -0.00698658 0.000695414 -0.00074344 0.00277205 0.00280897 -0.00013924 0.00266486
internal_weight=15930 5528 10402 4270 4035 1493 2427 3048 987 1345 660 901 148 2376 685 6132 6061 1658 1843
internal_count=15930 5528 10402 4270 4035 1493 2427 3048 987 1345 660 901 148 2376 685 6132 6061 1658 1843
is_linear=0
shrinkage=0.03


Tree=63
num_leaves=20
num_cat=4
split_feature=22 23 31 22 15 16 0 0 32 0 31 32 0 11 24 29 15 14 10
split_gain=29.6085 8.08118 4.27589 3.58435 3.85338 2.72593 2.2699 2.01681 1.84863 1.84164 2.29513 2.61259 1.36241 1.23481 1.06769 0.860851 0.787986 0.699865 0.655666
threshold=1251.1550000000002 670.50000000000011 2.5999999999999934 2100.5000000000005 -0.16799793862756093 -0.99629805505515945 0 1 0.2499999999999965 2 0.70000000000001517 2.2499999999999933 3 103.07764064048128 637.50000000000011 23.575000000000006 -0.73865259438682551 0.89017062131308955 1221.5000000000002
decision_type=2 2 2 2 2 2 9 9 2 9 2 2 9 2 2 2 2 2 2
left_child=1 9 6 4 18 -6 8 -7 -3 10 11 -1 16 -8 -11 -14 -4 -5 -2
right_child=3 2 12 17 5 7 13 -9 -10 14 -12 -13 15 -15 -16 -17 -18 -19 -20
leaf_value=-1.8363828374847599 1.088359111032261 0.15048636022620443 0.27776538181116994 16.681534174129361 -1.9497152765195611 2.535074024075525 0.11778854783741544 0.76526145876392815 -1.2503406230713769 0.43358093231303368 0.089949339898470024 -2.9176933168549968 -0.13376689538258468 -0.52141583133308123 -1.1671573685068912 1.0820539443426211 -0.72385968907883058 0.10681843466382475 3.6911080072190163
leaf_weight=246 119 217 378 4550 80 1997 1119 1509 687 119 51 56 207 952 193 1084 219 64 2083
leaf_count=246 119 217 378 4550 80 1997 1119 1509 687 119 51 56 207 952 193 1084 219 64 2083
internal_value=0.00126452 -0.000502984 -6.90788e-05 0.00220811 0.00169097 0.00106301 -0.00078629 0.00119846 -0.00203607 -0.0036036 -0.00512637 -0.00626733 0.00103706 -0.000207493 -0.00151393 0.00158065 -8.88157e-05 0.00284659 0.00269224
internal_weight=15930 5528 4863 10402 5788 3586 2975 3506 904 665 353 302 1888 2071 312 1291 597 4614 2202
internal_count=15930 5528 4863 10402 5788 3586 2975 3506 904 665 353 302 1888 2071 312 1291 597 4614 2202
cat_boundaries=0 1 2 3 4
cat_threshold=3217413 114923 613409 2241029
is_linear=0
shrinkage=0.03


Tree=64
num_leaves=20
num_cat=0
split_feature=22 23 31 14 15 10 33 11 15 23 10 12 18 12 24 31 13 14 33
split_gain=28.6656 7.5847 3.96872 3.60901 2.97681 5.1058 2.1412 2.12457 2.12441 1.67426 1.41879 1.31368 1.24984 1.10148 0.930404 1.1486 0.921877 0.884385 0.807892
threshold=1251.1550000000002 670.50000000000011 2.5999999999999934 0.89017062131308955 0.69521084835931835 1792.9285714285718 6.3950000000000005 101.28049213253527 0.96177147954086928 550.50000000000011 835.78571428571433 1957.4333333333336 113.30000000000001 1899.3833333333334 620.50000000000011 0.29999999999998678 1757.0161384976529 0.65883702558178847 7.5050000000000008
decision_type=2 2 2 2 2 2 2 2 2 2 2 2 2 2 2 2 2 2 2
left_child=1 9 7 4 -2 8 11 16 -6 17 -9 -5 -4 -7 -11 -16 -3 -1 -8
right_child=3 2 12 6 5 13 18 10 -10 14 -12 -13 -14 -15 15 -17 -18 -19 -20
leaf_value=-0.3404061087992285 5.3660207678585055 -0.15981092683144288 0.57824849711662241 1.766986727426785 -1.241054589111277 3.3335186356825766 2.35283856357298 -1.2289854600372236 1.6891746674743995 -0.020124939683203256 -0.70496915133285765 -1.9218639662033783 -0.71852023432120127 9.2133530949563216 -1.5257812313485883 0.14894724429844911 0.51093509166930273 -2.7947827410459753 -0.2271527298177044
leaf_weight=50 5808 891 1792 116 416 263 572 306 568 142 1209 215 96 2367 230 55 569 188 77
leaf_count=50 5808 891 1792 116 416 263 572 306 568 142 1209 215 96 2367 230 55 569 188 77
internal_value=0.00127393 -0.000465003 -4.44078e-05 0.00220235 0.00238364 0.00167552 0.000412844 -0.000735887 -0.000124873 -0.00346847 -0.00152375 -0.00148193 0.00102118 0.00236602 -0.00215888 -0.00314685 5.13348e-05 -0.00561088 0.00144923
internal_weight=15930 5528 4863 10402 9422 3614 980 2975 984 665 1515 331 1888 2630 427 285 1460 238 649
internal_count=15930 5528 4863 10402 9422 3614 980 2975 984 665 1515 331 1888 2630 427 285 1460 238 649
is_linear=0
shrinkage=0.03


Tree=65
num_leaves=20
num_cat=1
split_feature=21 21 21 11 7 0 16 22 12 16 29 19 31 21 21 29 14 13 14
split_gain=30.4895 9.78816 4.76466 4.03746 3.22277 2.57886 2.57154 2.27827 2.05424 1.95258 1.84467 1.72029 1.34262 1.2735 0.982155 0.947496 0.907925 0.645021 0.606505
threshold=1200.5000000000002 577.50000000000011 1850.5000000000002 116.9126650681582 116.50000000000001 0 -0.99629805505515945 1750.5000000000002 1935.2833333333335 -0.99629805505515945 24.275000000000002 0.19999999999999471 0.099999999999986697 500.50000000000006 2100.5000000000005 28.325000000000006 0.99552231814189451 1825.2799879445452 0.90162119223771331
decision_type=2 2 2 2 2 9 2 2 2 2 2 2 2 2 2 2 2 2 2
left_child=1 13 3 8 5 16 17 14 -2 -5 -8 -7 -11 -1 -4 -10 -3 -6 -9
right_child=2 4 7 9 6 11 10 18 15 12 -12 -13 -14 -15 -16 -17 -18 -19 -20
leaf_value=-2.7055338635124713 2.7784177059120201 0.052075267340787434 2.4108020557866365 -3.0638990285520289 -0.93567910704623769 -0.0067290964089290056 -0.43987105023940365 12.932159113620168 -0.58991139786493585 -0.039069872713730476 0.38426951394870257 -1.1206764509527041 2.1689745389942163 -1.5860822863520116 -2.8257776836291151 2.8771666316353017 -0.84660885335131608 -0.10739575508284065 -0.28971170204150282
leaf_weight=128 2382 1026 145 65 101 260 647 5626 128 1242 1843 861 1051 137 103 57 133 50 52
leaf_count=128 2382 1026 145 65 101 260 647 5626 128 1242 1843 861 1051 137 103 57 133 50 52
internal_value=0.00118631 -0.000699248 0.0020916 0.00138246 -0.000386428 -0.00121657 0.000313399 0.00267302 0.00221028 0.000461636 0.000560016 -0.00223675 0.000625109 -0.00631579 0 -0.000645161 -0.000169231 -0.00343421 0.00279609
internal_weight=16037 5186 10851 4925 4921 2280 2641 5926 2567 2358 2490 1121 2293 265 248 185 1159 151 5678
internal_count=16037 5186 10851 4925 4921 2280 2641 5926 2567 2358 2490 1121 2293 265 248 185 1159 151 5678
cat_boundaries=0 1
cat_threshold=50394
is_linear=0
shrinkage=0.03


Tree=66
num_leaves=20
num_cat=0
split_feature=21 21 21 15 15 22 16 12 13 14 20 21 21 20 25 33 20 21 29
split_gain=28.6797 7.7361 6.37391 5.65831 2.35926 2.25372 2.15247 2.52765 1.93562 1.88663 1.35961 1.77655 1.27496 1.10939 0.994445 1.17076 0.988399 0.982155 0.770128
threshold=1125.5000000000002 577.50000000000011 1850.5000000000002 0.19126587156512342 -0.73865259438682551 1750.5000000000002 -0.89405649444168434 1887.2000000000003 1952.101836832778 0.96465729447553372 23.646428571428576 951.50000000000011 1277.5000000000002 20.232142857142865 30.275000000000002 6.995000000000001 24.882142857142863 2100.5000000000005 22.525000000000002
decision_type=2 2 2 2 2 2 2 2 2 2 2 2 2 2 2 2 2 2 2
left_child=1 14 3 12 10 17 7 -5 9 -6 -3 -12 -2 -8 15 16 -1 -4 -19
right_child=2 4 5 6 8 -7 13 -9 -10 -11 11 -13 -14 -15 -16 -17 -18 18 -20
leaf_value=-1.6673251970369762 0.83435933045193733 -1.1017132312848186 2.338477994113036 -3.9068368741162187 -0.28976638557558793 12.406811697874316 3.7189061079182952 -0.13080137503437711 0.24953033638991087 -0.9392852472021721 -0.069297192537825417 1.1900887847384007 3.0361673258325457 0.15040894040903383 -0.55755840290464709 -3.4449322986183675 -1.5037550431424807 -4.9872194884251622 1.0736297940465565
leaf_weight=51 963 55 145 66 1860 5678 285 126 441 721 552 444 2226 2107 50 52 112 50 53
leaf_count=51 963 55 145 66 1860 5678 285 126 441 721 552 444 2226 2107 50 52 112 50 53
internal_value=0.00118631 -0.000889836 0.00196 0.00123554 -0.000553755 0.00265784 0.000172921 -0.00284456 -0.000985445 -0.00130596 0.000644487 0.000935808 0.00208213 0.000435019 -0.00586466 -0.00680556 -0.00497561 0 -0.00236538
internal_weight=16037 4338 11699 5773 4073 5926 2584 192 3022 2581 1051 996 3189 2392 265 215 163 248 103
internal_count=16037 4338 11699 5773 4073 5926 2584 192 3022 2581 1051 996 3189 2392 265 215 163 248 103
is_linear=0
shrinkage=0.03


Tree=67
num_leaves=20
num_cat=3
split_feature=22 10 11 22 15 23 0 20 7 29 20 0 0 29 14 27 14 20 32
split_gain=27.7237 6.8876 3.56486 3.4675 4.35061 2.78594 1.93553 1.88836 1.60615 1.57836 1.85367 1.49004 1.45054 1.3407 2.10397 1.70335 1.21643 1.08033 0.985448
threshold=1300.5000000000002 758.00000000000011 114.5643923739669 2010.5000000000002 0.34033495509342487 577.50000000000011 0 23.132142857142863 38.500000000000007 24.475000000000005 29.239285714285717 1 2 23.525000000000002 0.77244481603295057 23.775000000000002 0.9550229469509578 20.232142857142865 1.2000000000000006
decision_type=2 2 2 2 2 2 9 2 2 2 2 9 9 2 2 2 2 2 2
left_child=1 5 7 4 16 11 17 8 -3 -7 -11 -1 -9 15 -15 -4 -2 -6 -18
right_child=3 2 13 -5 6 9 -8 12 -10 10 -12 -13 -14 14 -16 -17 18 -19 -20
leaf_value=-3.3872583930705416 3.5324862461938777 1.0346802572987701 -0.50620198842033881 13.275429826855749 8.0788718518294829 -1.2013923765738539 1.6629166029918319 0.013594461127129222 -0.96175384783457052 0.09797195364767837 -0.73643489547454377 -0.80727180397335596 0.69073701169299029 1.3805563444107529 -0.55168380187002819 -2.2908471088647016 1.9849747060904412 -0.77474481423558061 -1.8516890022119545
leaf_weight=107 2253 164 423 5051 153 169 1533 895 228 409 397 134 1817 302 925 127 288 609 53
leaf_count=107 2253 164 423 5051 153 169 1533 895 228 409 397 134 1817 302 925 127 288 609 53
internal_value=0.00119379 -0.000392588 0.000102007 0.00217131 0.00157914 -0.00241331 0.000601045 0.000723672 -0.00116794 -0.0016291 -0.001 -0.00538017 0.00101401 -0.00095838 -0.000361563 -0.00220508 0.00242659 -0.00059379 0.000578947
internal_weight=16037 6097 4881 9940 4889 1216 2295 3104 392 975 806 241 2712 1777 1227 550 2594 762 341
internal_count=16037 6097 4881 9940 4889 1216 2295 3104 392 975 806 241 2712 1777 1227 550 2594 762 341
cat_boundaries=0 1 2 3
cat_threshold=531473 12321 2175501
is_linear=0
shrinkage=0.03


Tree=68
num_leaves=20
num_cat=1
split_feature=21 21 21 11 7 0 22 12 16 29 19 31 19 29 21 25 33 29 22
split_gain=26.6422 7.63501 4.84154 3.77826 2.95473 2.32748 2.20503 2.14967 1.92054 1.70282 1.56342 1.55972 1.84808 1.05725 0.982155 0.814098 0.772796 0.770128 0.646211
threshold=1200.5000000000002 577.50000000000011 1850.5000000000002 116.9126650681582 116.50000000000001 0 1750.5000000000002 1935.2833333333335 -0.99629805505515945 23.925000000000004 0.19999999999999471 13.000000000000011 6.8999999999999995 28.325000000000006 2100.5000000000005 30.275000000000002 5.6750000000000007 22.525000000000002 695.50000000000011
decision_type=2 2 2 2 2 9 2 2 2 2 2 2 2 2 2 2 2 2 2
left_child=1 15 3 7 5 18 14 -2 -6 -10 -7 12 -5 -9 -4 16 -1 -16 -3
right_child=2 4 6 11 8 10 -8 13 9 -11 -12 -13 -14 -15 17 -17 -18 -19 -20
leaf_value=-0.44562640767048395 2.5631739994372849 -0.88011525992939899 2.2883434830782416 0.95547547848529324 -0.76121009202106893 -0.0080653102807944216 11.827198230175172 -0.60174016221819149 -0.43213993430731484 0.35338866386242379 -0.97741618606231007 2.4678432661676024 -0.86460116616935501 2.7267901232912588 -4.8481720468351943 -0.4801057961778129 -2.3133185840360477 0.94666373504451973 0.092670407193808035
leaf_weight=56 2382 123 145 1215 151 320 5678 128 542 1948 988 509 634 57 50 50 159 53 849
leaf_count=56 2382 123 145 1215 151 320 5678 128 542 1948 988 509 634 57 50 50 159 53 849
internal_value=0.00119566 -0.000566223 0.00204184 0.00132765 -0.000288907 -0.00108505 0.00262747 0.0021285 0.000381529 0.000596146 -0.00190371 0.000436202 6.4866e-06 -0.000806451 0 -0.00552632 -0.00638889 -0.00236538 0
internal_weight=16037 5186 10851 4925 4921 2280 5926 2567 2641 2490 1308 2358 1849 185 248 265 215 103 972
internal_count=16037 5186 10851 4925 4921 2280 5926 2567 2641 2490 1308 2358 1849 185 248 265 215 103 972
cat_boundaries=0 1
cat_threshold=49370
is_linear=0
shrinkage=0.03


Tree=69
num_leaves=20
num_cat=5
split_feature=22 10 11 22 15 23 0 0 0 10 31 0 0 29 7 14 29 29 14
split_gain=25.9539 6.39156 3.53188 3.36495 4.31552 2.18337 1.91724 1.77334 1.38914 1.23214 1.19342 1.56397 1.17155 1.16808 1.15363 1.14256 1.11983 1.0347 0.957781
threshold=1300.5000000000002 732.50000000000011 114.5643923739669 2010.5000000000002 0.3484035575467645 577.50000000000011 0 1 2 900.07142857142867 0.29999999999998678 3 4 23.525000000000002 64.500000000000014 0.9550229469509578 23.525000000000002 21.725000000000005 0.89017062131308955
decision_type=2 2 2 2 2 2 9 9 9 2 2 9 9 2 2 2 2 2 2
left_child=1 5 7 4 15 12 14 13 -4 -9 11 -7 -1 -3 -6 -2 -10 -8 -5
right_child=3 2 8 18 6 10 17 9 16 -11 -12 -13 -14 -15 -16 -17 -18 -19 -20
leaf_value=-3.2378500648173034 3.3496164388249392 -1.0422300057958422 0.75703519748231674 13.423704536051872 1.2297512067791514 0.31308086553012554 2.5403653691502197 -0.007536818881937391 -1.1856250752522255 0.89842749086182982 0.097257837240837655 -0.97578075376750906 -0.72292276800871369 0.017775194349594455 -1.2227181824337021 0.46331530185475078 -0.35227381260399887 0.69028337838726683 -0.26228290041793789
leaf_weight=107 2293 151 307 4965 338 116 690 621 454 1764 195 457 130 723 415 341 1072 812 86
leaf_count=107 2293 151 307 4965 338 116 690 621 454 1764 195 457 130 723 415 341 1072 812 86
internal_value=0.00118631 -0.000348311 7.48087e-05 0.00213208 0.00154847 -0.00253479 0.000558511 0.00067546 -0.000968375 0.00110184 -0.0016658 -0.00236237 -0.00514286 -0.000444068 -0.000636126 0.00237837 -0.00134483 0.00118374 0.00268765
internal_weight=16037 6097 5092 9940 4889 1005 2255 3259 1833 2385 768 573 237 874 753 2634 1526 1502 5051
internal_count=16037 6097 5092 9940 4889 1005 2255 3259 1833 2385 768 573 237 874 753 2634 1526 1502 5051
cat_boundaries=0 1 2 3 4 5
cat_threshold=531473 602629 557596 81938 12321
is_linear=0
shrinkage=0.03


Tree=70
num_leaves=20
num_cat=4
split_feature=22 23 31 14 32 11 15 22 0 0 31 0 20 0 23 24 14 14 20
split_gain=23.391 7.63695 3.99191 3.48534 3.04345 2.65529 2.21819 2.93561 1.92193 1.92153 1.77704 1.80329 1.77246 1.24585 1.22902 1.21347 1.06957 0.793561 0.705083
threshold=1400.5000000000002 677.50000000000011 4.8499999999999988 0.88220160189607266 0.19999999999999471 197.28514450842513 0.68274389090025245 1750.5000000000002 0 1 1.000000000000002 2 26.953571428571433 3 1400.5000000000002 2211.5000000000005 0.61237135649459018 0.80417553764032002 23.625000000000004
decision_type=2 2 2 2 2 2 2 2 9 9 2 9 2 9 2 2 2 2 2
left_child=1 10 4 6 -3 -5 -2 8 -8 -6 11 17 15 18 -9 -7 -13 -1 -4
right_child=3 2 13 5 9 12 7 14 -10 -11 -12 16 -14 -15 -16 -17 -18 -19 -20
leaf_value=-0.71817689509266269 5.6494313537682048 0.59292009658727018 -1.009654335567276 2.268289566662919 -1.4924426159027024 -4.0305951744692008 2.2182470177060529 -2.3740138454992183 -0.95530859973088822 -0.23666242742195837 0.13802843057520303 -0.25869408000933081 1.3801540109478718 1.089808670929574 7.2851210694099429 -0.99470561343147834 -1.9196786794065259 0.16925065492205846 0.3250374670963464
leaf_weight=70 5062 1082 105 440 378 69 317 75 395 2468 62 60 50 1517 2657 81 356 154 683
leaf_count=70 5062 1082 105 440 378 69 317 75 395 2468 62 60 50 1517 2657 81 356 154 683
internal_value=0.00123417 -7.35293e-05 0.000254091 0.00223057 -0.000318402 2.3401e-05 0.00239132 0.00176691 0 -0.000841939 -0.00304267 -0.00353354 -0.00276119 0.00124892 0.00221405 -0.0044702 -0.00470023 -0.000906383 0.000198999
internal_weight=16081 6935 6233 9146 3928 640 8506 3444 712 2846 702 640 200 2305 2732 150 416 224 788
internal_count=16081 6935 6233 9146 3928 640 8506 3444 712 2846 702 640 200 2305 2732 150 416 224 788
cat_boundaries=0 1 2 3 4
cat_threshold=1630337 71680 1083602 2765317
is_linear=0
shrinkage=0.03


Tree=71
num_leaves=20
num_cat=3
split_feature=21 21 21 15 31 0 20 0 29 7 19 23 10 0 23 33 23 12 14
split_gain=24.7113 6.7384 4.72865 4.59008 2.87852 2.6319 2.0595 2.02961 1.46543 2.75072 1.33323 1.04944 0.925759 0.894825 0.777816 0.784725 0.574238 0.353259 0.168559
threshold=1235.9300000000001 577.50000000000011 2000.5000000000002 -0.18493013702746822 4.8499999999999988 0 20.232142857142865 1 23.925000000000004 205.50000000000003 0.2499999999999965 1510.5000000000002 892.64285714285722 2 577.50000000000011 6.995000000000001 1170.5000000000002 954.26666666666677 0.89017062131308955
decision_type=2 2 2 2 2 9 2 9 2 2 2 2 2 9 2 2 2 2 2
left_child=1 14 3 16 5 12 -5 -8 9 -6 -7 -4 -3 -10 15 -1 -2 -18 -13
right_child=2 4 11 6 8 10 7 -9 13 -11 -12 18 -14 -15 -16 -17 17 -19 -20
leaf_value=-0.70693647201932663 1.2903841628086308 -0.25474989926107189 -2.2528694693827482 5.6158698018029058 -1.0339239243347325 0.025451495193718792 -1.7842710806172337 1.0116266917444443 -0.09620085592620628 0.91791709857639736 -0.65300898603807511 14.302439767888014 0.49466083496062041 0.96946564773047383 -1.4206213141243695 -2.6575666168429417 0.1527179744295715 2.7884914606716777 1.8378208521493564
leaf_weight=82 132 635 63 449 122 457 380 2556 286 243 1573 4931 786 949 136 51 53 2139 58
leaf_count=82 132 635 63 449 122 457 380 2556 286 243 1573 4931 786 949 136 51 53 2139 58
internal_value=0.00122298 -0.000442586 0.00205055 0.00144168 -0.000186461 -0.000681344 0.000717661 0.000409602 0.000852592 -0.000737705 -0.00137433 0.00272927 0.000284916 0.00135922 -0.00506667 -0.00698507 0.00247613 0.00259508 0.00277996
internal_weight=16081 5320 10761 5709 5051 3451 3385 2936 1600 365 2030 5052 1421 1235 269 133 2324 2192 4989
internal_count=16081 5320 10761 5709 5051 3451 3385 2936 1600 365 2030 5052 1421 1235 269 133 2324 2192 4989
cat_boundaries=0 1 2 3
cat_threshold=1098330 6164 2105857
is_linear=0
shrinkage=0.03


Tree=72
num_leaves=20
num_cat=4
split_feature=21 21 22 11 31 0 13 20 29 29 14 31 0 21 0 0 10 32 25
split_gain=23.452 6.26714 4.9072 3.91931 2.71899 2.21575 2.02255 1.75924 1.65763 1.36152 1.77293 1.32617 1.68412 1.17295 1.02524 0.894825 0.879127 0.867679 0.830491
threshold=1235.9300000000001 577.50000000000011 1800.5000000000002 210.77453494481108 4.8499999999999988 0 1957.0547414297419 23.710714285714293 27.025000000000002 23.925000000000004 -0.36647417525074694 12.100000000000007 1 1800.5000000000002 2 3 892.64285714285722 0.19999999999999471 30.325000000000006
decision_type=2 2 2 2 2 9 2 2 2 2 2 2 9 2 9 9 2 2 2
left_child=1 18 3 6 5 16 7 -2 -8 10 -6 12 -5 14 -4 -11 -3 -7 -1
right_child=2 4 13 11 9 17 8 -9 -10 15 -12 -13 -14 -15 -16 -17 -18 -19 -20
leaf_value=-1.6392816064394331 0.67622509622735083 -0.24710740228323802 -1.8146026502338828 0.41806441963998858 0.93062918723908117 0.018627290676863691 -2.6387683930489252 2.5851545900397426 1.5346429004229192 -0.093314830248419883 -0.94764051427999796 3.6748572024803252 -1.9202806919985906 10.449500476091819 2.6673371183698769 0.9403816782985609 0.47982100991180077 -0.61869444440556798 -0.2181342000343825
leaf_weight=219 775 635 126 408 198 383 90 2495 118 286 167 186 470 5746 347 949 786 1647 50
leaf_count=219 775 635 126 408 198 383 90 2495 118 286 167 186 470 5746 347 949 786 1647 50
internal_value=0.00123604 -0.000386205 0.00204219 0.00127251 -0.000138955 -0.00062051 0.00176171 0.00194895 -0.000961722 0.000871331 -0.000655738 -0.000284507 -0.000808874 0.00259678 0.001 0.00135922 0.000263967 -0.00125674 -0.00484444
internal_weight=16081 5320 10761 4542 5051 3451 3478 3270 208 1600 365 1064 878 6219 473 1235 1421 2030 269
internal_count=16081 5320 10761 4542 5051 3451 3478 3270 208 1600 365 1064 878 6219 473 1235 1421 2030 269
cat_boundaries=0 1 2 3 4
cat_threshold=1098330 1044616 71697 2105857
is_linear=0
shrinkage=0.03


Tree=73
num_leaves=20
num_cat=3
split_feature=21 21 22 11 31 0 12 20 31 0 18 33 21 0 32 10 7 25 33
split_gain=22.8639 6.28363 5.01641 3.89269 2.58902 1.99148 1.71325 1.78557 1.36132 1.5966 1.23856 1.23781 1.14025 1.02524 1.02064 0.996058 0.840353 0.830491 1.72522
threshold=1235.9300000000001 577.50000000000011 1800.5000000000002 210.77453494481108 4.8499999999999988 0 1841.8166666666668 23.710714285714293 12.100000000000007 1 139.65000000000006 3.8350000000000004 1800.5000000000002 2 0.19999999999999471 892.64285714285722 318.50000000000006 30.325000000000006 6.995000000000001
decision_type=2 2 2 2 2 9 2 2 2 9 2 2 2 9 2 2 2 2 2
left_child=1 17 3 6 5 15 7 -2 9 -5 -6 -8 13 16 -7 -3 -4 18 -1
right_child=2 4 12 8 10 14 11 -9 -10 -11 -12 -13 -14 -15 -16 -17 -18 -19 -20
leaf_value=-0.9971645334915602 0.41037413628156083 -0.29107293255302374 3.0730059162027188 0.40552248705078808 0.51240706617744447 0.15728601620198304 4.2097473890808246 2.4733703163187801 3.5646114864059153 -1.862672271238631 -0.93675128152564258 -0.63981466280370625 10.136015461809064 2.5873170048187792 -0.61645809678950159 0.31318834054656269 -4.3836492528214865 -0.21159017403335068 -2.425548909980193
leaf_weight=164 563 775 68 408 1532 315 192 2465 186 470 68 258 5746 347 1431 930 58 50 55
leaf_count=164 563 775 68 408 1532 315 192 2465 186 470 68 258 5746 347 1431 930 58 50 55
internal_value=0.00122112 -0.000380567 0.0020171 0.00123949 -0.000133017 -0.000603128 0.00172722 0.00198382 -0.000312676 -0.000843003 0.000852592 0 0.00257749 0.001 -0.00131303 0.000104895 -0.00107299 -0.00484444 -0.00567273
internal_weight=16081 5320 10761 4542 5051 3451 3478 3028 1064 878 1600 450 6219 473 1746 1705 126 269 219
internal_count=16081 5320 10761 4542 5051 3451 3478 3028 1064 878 1600 450 6219 473 1746 1705 126 269 219
cat_boundaries=0 1 2 3
cat_threshold=1099354 1044616 71697
is_linear=0
shrinkage=0.03


Tree=74
num_leaves=20
num_cat=3
split_feature=22 10 14 33 31 15 12 23 15 29 14 32 0 0 10 16 12 31 0
split_gain=21.6359 6.82143 3.5513 3.25813 3.06044 2.40212 3.4907 2.3525 2.17493 1.75281 2.44638 1.57841 1.54758 1.48665 1.25562 0.981097 0.95016 0.916377 1.02024
threshold=1400.5000000000002 750.07142857142867 0.88220160189607266 6.3950000000000005 4.8499999999999988 0.68274389090025245 1753.3500000000001 550.50000000000011 0.96177147954086928 23.625000000000004 -0.36647417525074694 0.19999999999999471 0 1 2014.3571428571429 -0.99629805505515945 848.03333333333342 0.29999999999998234 2
decision_type=2 2 2 2 2 2 2 2 2 2 2 2 9 9 2 2 2 2 9
left_child=1 7 5 12 11 -2 8 -1 -7 10 -6 16 -4 -13 -8 -11 -3 18 -9
right_child=2 4 3 -5 9 6 14 17 -10 15 -12 13 -14 -15 -16 -17 -18 -19 -20
leaf_value=-1.5624548051093878 5.2172683663191011 -0.91045367579016723 0.084049110465343038 2.0056161097369154 1.116548521639724 -2.7087634392686346 2.4178771158671886 -0.31062202250652227 0.90104167354578424 -0.80373422277478235 -0.95055408709891509 -0.83419846883755044 -3.6282922874426893 -0.065748693510944228 7.5506039498271331 0.97139595537465739 0.63909753786773471 0.048642319663678754 -1.0680089804606983
leaf_weight=226 5062 60 107 397 231 153 1050 246 243 69 191 619 136 1837 1998 1769 1024 257 406
leaf_count=226 5062 60 107 397 231 153 1050 246 243 69 191 619 136 1837 1998 1769 1024 257 406
internal_value=0.00119687 -6.05535e-05 0.00215513 0 0.000349078 0.00231727 0.00167112 -0.0021919 -0.000899244 0.00121406 -0.000446808 -0.000190624 -0.00272951 -0.000621489 0.00202001 0.0016199 0.000743779 -0.00143736 -0.00203522
internal_weight=16081 6935 9146 640 5800 8506 3444 1135 396 2260 422 3540 243 2456 3048 1838 1084 909 652
internal_count=16081 6935 9146 640 5800 8506 3444 1135 396 2260 422 3540 243 2456 3048 1838 1084 909 652
cat_boundaries=0 1 2 3
cat_threshold=24778 79873 641090
is_linear=0
shrinkage=0.03


Tree=75
num_leaves=20
num_cat=2
split_feature=22 21 11 21 15 22 0 15 12 14 23 21 0 20 22 20 22 20 21
split_gain=21.6853 7.12985 4.0899 3.18626 3.68377 2.16838 2.10403 1.81633 1.65148 1.39065 1.39349 1.26709 1.03342 0.882901 0.71528 0.690543 0.623926 0.567788 0.408506
threshold=1400.5000000000002 546.50000000000011 103.07764064048128 1700.5000000000002 0.3484035575467645 620.50000000000011 0 0.96177147954086928 1438.7166666666669 0.9193901325473397 1576.0000000000002 977.04500000000019 1 23.646428571428576 1898.6550000000002 23.746428571428577 1600.5000000000002 29.925000000000004 1600.5000000000002
decision_type=2 2 2 2 2 2 9 2 2 2 2 2 9 2 2 2 2 2 2
left_child=1 -1 6 4 15 17 11 8 -6 10 14 -3 -7 -8 -5 -2 -12 -4 -9
right_child=3 2 5 9 7 12 13 18 -10 -11 16 -13 -14 -15 -16 -17 -18 -19 -20
leaf_value=-2.0367818552599601 -0.40100203783631555 0.083413947439686248 -2.3486581545106135 2.7696062527325438 1.2260104519694 0.093505357230824565 -0.70653053210933559 2.4049919757305438 -1.2141601429170776 -2.3041961700562781 0.69731984623068122 1.3032817255538021 -0.48100084809631077 0.11741335975600196 -3.7039724741200182 2.4280333467916426 8.238578372112352 -2.4285979309064665 0.073031514569438766
leaf_weight=164 74 656 116 140 132 916 330 296 458 52 80 1118 1631 1911 53 1245 6512 55 125
leaf_count=164 74 656 116 140 132 916 330 296 458 52 80 1118 1631 1911 53 1245 6512 55 125
internal_value=0.00123044 -3.39228e-05 0.000110484 0.00218652 0.00119048 -0.000780066 0.000724602 -0.000130435 -0.00124365 0.00251916 0.00255968 0.00149412 -0.000539246 8.7922e-05 0 0.00223636 0.00263325 -0.0040814 0.00132227
internal_weight=16064 6897 6733 9167 2330 2718 4015 1011 590 6837 6785 1774 2547 2241 193 1319 6592 171 421
internal_count=16064 6897 6733 9167 2330 2718 4015 1011 590 6837 6785 1774 2547 2241 193 1319 6592 171 421
cat_boundaries=0 1 2
cat_threshold=19682 625181
is_linear=0
shrinkage=0.03


Tree=76
num_leaves=20
num_cat=4
split_feature=22 21 11 21 15 0 22 0 33 23 21 0 16 15 15 13 20 33 0
split_gain=21.0466 6.06277 3.56685 2.96025 3.83565 2.27315 1.90039 1.44913 1.71187 1.42574 1.28991 1.08141 0.954476 0.667051 0.840621 0.646079 0.632796 0.563838 0.922426
threshold=1450.5000000000002 546.50000000000011 103.07764064048128 1700.5000000000002 0.3484035575467645 0 620.50000000000011 1 3.6250000000000004 1576.0000000000002 977.04500000000019 2 -0.99629805505515945 0.53312596302726967 0.96177147954086928 1504.8443824913109 23.746428571428577 5.6350000000000007 3
decision_type=2 2 2 2 2 9 2 9 2 2 2 9 2 2 2 2 2 2 9
left_child=1 15 5 4 16 10 -4 -6 -9 13 -3 -8 -7 -5 -15 -1 -2 -11 -19
right_child=3 2 6 9 7 12 11 8 -10 17 -12 -13 -14 14 -16 -17 -18 18 -20
leaf_value=-1.9076621645836347 -0.24048890505522616 0.080911529016495828 -2.4731529883365071 5.1382854941779614 0.88331715826383539 -0.93821168371830366 0.23382442403084905 1.7870009783912315 -1.7113797869141436 8.152202927548089 1.2987533491246017 -0.43244852431295083 0.07534349532597627 -5.6113353773494428 2.7747732130055347 -2.1346782560528093 2.6431915266853179 -0.60339831585185189 4.3234025840221895
leaf_weight=102 69 656 171 78 427 88 875 164 323 6132 1183 1843 2229 55 52 62 1054 117 384
leaf_count=102 69 656 171 78 427 88 875 164 323 6132 1183 1843 2229 55 52 62 1054 117 384
internal_value=0.00123231 2.24689e-05 0.000161794 0.00221206 0.00116585 0.000729613 -0.000639446 -0.000232787 -0.00137349 0.00251782 0.00151459 -0.000426995 7.9897e-05 0 -0.00161111 -0.00565455 0.00234342 0.00259029 0.00141036
internal_weight=16064 7209 7045 8855 2037 4156 2889 914 487 6818 1839 2718 2317 185 107 164 1123 6633 501
internal_count=16064 7209 7045 8855 2037 4156 2889 914 487 6818 1839 2718 2317 185 107 164 1123 6633 501
cat_boundaries=0 1 2 3 4
cat_threshold=19682 57545 754205 2635792
is_linear=0
shrinkage=0.03


Tree=77
num_leaves=20
num_cat=3
split_feature=21 23 21 26 11 0 21 0 20 12 23 10 11 0 21 7 10 33 13
split_gain=19.7738 5.22274 3.03554 2.87067 2.02183 1.5661 1.54573 1.75635 1.52329 1.60724 1.39391 1.25637 1.05289 0.78991 0.713707 1.09515 1.28763 0.733488 0.697655
threshold=1700.5000000000002 852.84000000000003 546.50000000000011 1.0000000180025095e-35 108.01234497350625 0 1445.5000000000002 1 26.217857142857145 1743.2166666666669 1576.0000000000002 1207.2857142857144 321.09322176947666 2 2327.5000000000005 313.50000000000006 1801.6428571428576 5.6350000000000007 1510.0963142378744
decision_type=2 2 2 2 2 9 2 9 2 2 2 2 2 9 2 2 2 2 2
left_child=1 2 18 8 13 -6 7 -5 9 -3 12 -10 -2 -4 15 17 -17 -12 -1
right_child=10 3 4 6 5 -7 -8 -9 11 -11 14 -13 -14 -15 -16 16 -18 -19 -20
leaf_value=-1.8769310783387787 3.6822142766157828 0.075218548760199733 -0.410548082320981 0.94570536558313845 0.067953801701528552 -0.98702250589882978 2.5355797168423555 -0.0068748548810151815 0.033701768815187348 -0.680647252852284 6.4072829861378882 1.6652229669597638 -3.4245131656934213 0.073584619239422 20.828873138964784 -2.6614096731915984 2.4395546066223548 2.3973220266088999 -1.590005773523544
leaf_weight=100 145 1370 408 1070 215 457 1069 995 901 750 1857 766 103 958 3727 98 599 422 54
leaf_count=100 145 1370 408 1070 215 457 1069 995 901 750 1857 766 103 958 3727 98 599 422 54
internal_value=0.00123044 0.000305464 -0.000961696 0.000713378 -0.000628249 -0.00197474 0.0013866 0.000871249 0.000144139 -0.000374823 0.00243642 0.000830935 3.61447e-05 2.1947e-06 0.0025185 0.00210715 0.000954155 0.00243947 -0.00505161
internal_weight=16064 9113 2192 6921 2038 672 3134 2065 3787 2120 6951 1667 248 1366 6703 2976 697 2279 154
internal_count=16064 9113 2192 6921 2038 672 3134 2065 3787 2120 6951 1667 248 1366 6703 2976 697 2279 154
cat_boundaries=0 1 2 3
cat_threshold=624690 52450 1640596
is_linear=0
shrinkage=0.03


Tree=78
num_leaves=19
num_cat=0
split_feature=22 21 11 21 15 16 16 29 10 21 22 23 21 33 13 14 18 14
split_gain=19.783 4.66822 3.4605 3.21114 3.44959 2.22951 1.93088 1.80625 1.74275 1.53031 1.43277 1.00035 0.832901 0.824395 0.549946 0.539653 0.237122 0.175854
threshold=1450.5000000000002 546.50000000000011 105.45038633826637 2010.5000000000002 0.21652257995689161 -0.998663445439673 -0.99940763397299126 21.625000000000004 742.50000000000011 1140.1950000000004 1750.5000000000002 1610.5000000000002 757.50000000000011 6.0650000000000004 1504.8443824913109 0.80417553764032002 92.550000000000026 0.89017062131308955
decision_type=2 2 2 2 2 2 2 2 2 2 2 2 2 2 2 2 2 2
left_child=1 14 6 4 15 -6 -3 -7 12 -8 -5 -12 -4 -10 -1 16 -2 -13
right_child=3 2 8 10 5 7 9 -9 13 -11 11 17 -14 -15 -16 -17 -18 -19
leaf_value=-1.7941243672959619 3.39758892238445 -1.3851183068592703 -0.80757091154051075 -1.3335075781455785 -3.6149295690751315 3.1135160406840807 0.081916818100739405 0.099071612578511048 0.011035784949218901 1.1895839929678445 -2.2167952295976772 13.068749899712813 -2.4575822038139763 -0.63904014759849159 -2.0229377351655176 -0.0088485911833372285 0.65008542719917162 0.95622424326505917
leaf_weight=102 1475 69 168 82 58 901 2565 1288 1640 1589 52 4762 57 957 62 69 110 58
leaf_count=102 1475 69 168 82 58 901 2565 1288 1640 1589 52 4762 57 957 62 69 110 58
internal_value=0.00122484 5.15951e-05 0.000174567 0.0021748 0.00150384 0.000709965 0.000723011 0.000882192 -0.000630181 0.000815163 0.00269364 0.00276236 -0.00318584 -0.0003903 -0.00492727 0.00255408 0.00266709 0.00280958
internal_weight=16064 7209 7045 8855 3901 2247 4223 2189 2822 4154 4954 4872 225 2597 164 1654 1585 4820
internal_count=16064 7209 7045 8855 3901 2247 4223 2189 2822 4154 4954 4872 225 2597 164 1654 1585 4820
is_linear=0
shrinkage=0.03


Tree=79
num_leaves=20
num_cat=0
split_feature=22 21 21 15 20 15 19 22 19 18 12 25 12 7 23 20 13 29 27
split_gain=19.5638 3.54746 3.17664 3.3277 2.26304 1.99675 1.99149 1.60533 1.51991 1.43964 1.79612 1.19714 1.07919 0.928696 0.794324 0.630311 0.44777 0.250394 0.242542
threshold=1450.5000000000002 550.50000000000011 2010.5000000000002 0.21652257995689161 20.596428571428575 -0.73865259438682551 0.2499999999999965 1771.5000000000002 95.15000000000002 132.95000000000002 935.58333333333348 20.375000000000004 963.21666666666681 115.50000000000001 1610.5000000000002 23.746428571428577 1472.1748249815771 21.025000000000002 28.425000000000004
decision_type=2 2 2 2 2 2 2 2 2 2 2 2 2 2 2 2 2 2 2
left_child=1 13 3 15 17 9 12 -4 -8 10 -3 -6 -7 16 -9 -2 -1 -5 -16
right_child=2 5 7 4 11 6 8 14 -10 -11 -12 -13 -14 -15 18 -17 -18 -19 -20
leaf_value=-2.1377489894412047 0.015212084757551673 0.033854940821765891 -1.152712338236016 5.6232440333674774 -3.3777435161323823 -0.52115059891281901 -0.37691262649760637 -2.2426173280866633 0.57295496558801406 -0.78797603648259973 1.200131918241611 0.50943122236698291 0.80955434354145628 -0.14982202982766596 12.441524563629777 3.2306185099484104 -2.0015823918492317 1.4548076987426124 5.7331996152842635
leaf_weight=76 77 794 86 463 104 294 3071 51 639 97 1059 1618 1013 85 4766 1577 81 62 51
leaf_count=76 77 794 86 463 104 294 3071 51 639 97 1059 1618 1013 85 4766 1577 81 62 51
internal_value=0.0012267 5.99169e-05 0.00217141 0.00150384 0.00072331 0.000190299 -0.000118374 0.00268759 -0.000481002 0.00100718 0.00121036 0.000168892 0.000876147 -0.00349383 0.00276217 0.00253595 -0.00489873 0.00245247 0.00280324
internal_weight=16064 7209 8855 3901 2247 6967 5017 4954 3710 1950 1853 1722 1307 242 4868 1654 157 525 4817
internal_count=16064 7209 8855 3901 2247 6967 5017 4954 3710 1950 1853 1722 1307 242 4868 1654 157 525 4817
is_linear=0
shrinkage=0.03


Tree=80
num_leaves=20
num_cat=0
split_feature=21 21 7 7 32 25 16 13 7 16 19 27 29 27 16 22 12 21 27
split_gain=18.7418 4.5231 3.3582 3.26355 3.10418 2.63199 2.58624 2.48702 2.90612 1.7765 1.73571 1.82587 1.35244 1.46019 1.30736 1.30138 1.02263 0.989479 0.870528
threshold=1235.9300000000001 2200.3500000000004 313.50000000000006 111.50000000000001 5.2499999999999973 24.775000000000002 0.95752911693909493 1683.8069801551264 346.50000000000006 0.76140650896573492 1.8499999999999932 28.825000000000006 24.425000000000004 24.525000000000002 -0.99629805505515945 1749.7900000000002 1080.2193333333337 897.50000000000011 20.725000000000005
decision_type=2 2 2 2 2 2 2 2 2 2 2 2 2 2 2 2 2 2 2
left_child=4 2 3 5 6 -2 10 8 -4 12 11 -1 13 -6 -14 -3 -12 -8 -9
right_child=1 15 7 -5 9 -7 17 18 -10 -11 16 -13 14 -15 -16 -17 -18 -19 -20
leaf_value=0.27080233435059997 2.7073735204405569 -1.1181309733337754 -3.7482809649637612 2.5533189511413559 -0.11243567745159933 -0.048929433073528483 -1.0286146865266947 3.5889810900915848 -0.49607422623489389 0.93337533135600137 -0.44478331144813316 -0.45383566135530162 -1.2657844028683456 -1.2663991090001141 0.38424850287185797 16.174355289764179 -1.1073279872985513 -0.53175793958488415 0.19483042537146694
leaf_weight=971 1272 76 73 2882 555 1162 102 331 309 516 355 1125 64 141 1148 4111 263 82 588
leaf_count=971 1272 76 73 2882 555 1162 102 331 309 516 355 1125 64 141 1148 4111 263 82 588
internal_value=0.00120004 0.00191828 0.00141523 0.00174967 -0.000249671 0.000910472 -0.000917903 1.3825e-05 -0.00198172 0.000530722 -0.000664088 -0.000227468 8.32898e-05 -0.000942611 0.00070981 0.00270201 -0.00206947 -0.00439459 0.000893478
internal_weight=16126 10804 6617 5316 5322 2434 2898 1301 382 2424 2714 2096 1908 696 1212 4187 618 184 919
internal_count=16126 10804 6617 5316 5322 2434 2898 1301 382 2424 2714 2096 1908 696 1212 4187 618 184 919
is_linear=0
shrinkage=0.03


Tree=81
num_leaves=20
num_cat=0
split_feature=21 14 33 15 22 23 32 16 14 16 32 11 19 16 27 21 23 20 7
split_gain=17.9333 5.29028 3.37783 3.36717 4.25092 3.12876 2.22659 2.19085 1.72413 1.60612 1.46477 1.43197 1.33197 1.15912 1.12497 1.23846 1.05787 0.891424 0.608741
threshold=1235.9300000000001 0.88220160189607266 6.3950000000000005 0.70747208174348741 1717.5000000000002 577.50000000000011 5.2499999999999973 0.96687895796550427 0.91596454896554913 0.76140650896573492 4.0499999999999936 103.07764064048128 1.4500000000000004 0.60726729507090926 24.775000000000002 1475.5000000000002 1410.5000000000002 29.51071428571429 235.50000000000003
decision_type=2 2 2 2 2 2 2 2 2 2 2 2 2 2 2 2 2 2 2
left_child=5 3 14 -2 10 8 7 11 17 13 -5 -7 -4 -8 -3 -16 -6 -1 -11
right_child=1 2 12 4 16 6 9 -9 -10 18 -12 -13 -14 -15 15 -17 -18 -19 -20
leaf_value=0.12309434982137914 3.6781836752558354 1.4260974480368083 1.8516683728608418 1.9753023188976515 -3.467113621197325 0.057305195800135475 0.15835545182876781 -0.91629250950660779 -2.3892596052464197 1.396770786572284 -0.74058018675608006 -0.4361715561947363 -1.1847642754584116 -1.0602307992367213 -0.79132625005828372 -3.3797155414332334 5.3317769896323304 -1.8048455347282428 -0.04795103394519315
leaf_weight=103 6069 53 654 363 65 1359 1701 152 110 433 649 1151 65 180 177 137 2572 51 82
leaf_count=103 6069 53 654 363 65 1359 1701 152 110 433 649 1151 65 180 177 137 2572 51 82
internal_value=0.00119074 0.00189329 -5.24378e-05 0.00211534 0.00136767 -0.000227127 -5.15911e-05 -0.000656778 -0.00340755 0.000602003 -0.000245804 -0.000424134 0.0011 0.000168969 -0.00242935 -0.00315238 0.00200379 -0.000987097 0.00209302
internal_weight=16126 10804 1086 9718 3649 5322 5058 2662 264 2396 1012 2510 719 1881 367 314 2637 154 515
internal_count=16126 10804 1086 9718 3649 5322 5058 2662 264 2396 1012 2510 719 1881 367 314 2637 154 515
is_linear=0
shrinkage=0.03


Tree=82
num_leaves=20
num_cat=3
split_feature=21 21 11 22 16 27 12 23 21 15 0 33 0 20 15 20 22 24 0
split_gain=17.6155 4.93541 2.89118 2.83756 2.17707 2.04678 1.97457 1.68955 1.65832 2.09695 1.62068 1.5212 1.30697 1.0752 0.927039 0.863034 0.86172 0.846446 0.552647
threshold=1627.5000000000002 912.23500000000013 138.56191669174203 1347.5000000000002 0.95752911693909493 26.875000000000004 2218.2166666666672 577.50000000000011 2245.5000000000005 0.3484035575467645 0 3.8250000000000006 1 22.353571428571435 -0.63257203029273779 24.06071428571429 1749.7900000000002 951.50000000000011 2
decision_type=2 2 2 2 2 2 2 2 2 2 9 2 9 2 2 2 2 2 9
left_child=1 4 6 13 5 15 12 -7 9 -5 -11 18 -3 -2 -13 -1 -10 -6 -4
right_child=3 2 11 8 17 7 -8 -9 16 10 -12 14 -14 -15 -16 -17 -18 -19 -20
leaf_value=-0.30899937839650898 -4.7876198578372984 0.091996547802476361 -0.25253939944620801 3.9383885237266676 -1.2678870438966143 -1.8913043614757836 -1.3371019433423348 -0.33717339247988004 -0.70724589512254943 3.4881070317088096 0.80493131756453773 1.5967824503858832 0.83389319192155364 0.72235603442671203 -0.61805747945411194 0.57492841394632144 15.962601497231715 -0.39414688831055056 1.8750711968336753
leaf_weight=303 50 718 112 1375 60 196 69 1437 61 1002 1096 138 3280 58 1193 430 4061 54 433
leaf_count=303 50 718 112 1375 60 196 69 1437 61 1002 1096 138 3280 58 1193 430 4061 54 433
internal_value=0.00118143 0.000227208 0.000700538 0.00221885 -0.000888754 -0.000670469 0.00115192 -0.0012705 0.00229068 0.00176857 0.0011334 -0.000254129 0.00124756 -0.0023945 -0.00081982 0.000604905 0.00271914 -0.00498261 0.00104396
internal_weight=16126 8423 5943 7703 2480 2366 4067 1633 7595 3473 2098 1876 3998 108 1331 733 4122 114 545
internal_count=16126 8423 5943 7703 2480 2366 4067 1633 7595 3473 2098 1876 3998 108 1331 733 4122 114 545
cat_boundaries=0 1 2 3
cat_threshold=2408674 78344 1114146
is_linear=0
shrinkage=0.03


Tree=83
num_leaves=20
num_cat=1
split_feature=21 21 11 14 7 21 16 27 13 12 0 20 14 13 29 10 20 12 14
split_gain=17.1531 4.90664 2.98672 2.50033 2.36945 3.3503 1.94001 1.84693 1.93559 1.58445 1.41325 2.1693 1.28899 1.28453 0.934795 0.859736 0.80455 0.791634 0.740665
threshold=1690.5000000000002 912.23500000000013 103.07764064048128 0.91248814248966237 313.50000000000006 2550.5000000000005 0.95752911693909493 26.875000000000004 1478.6400448028678 1713.616666666667 0 23.746428571428577 0.80926549319045582 1693.4790495296925 23.925000000000004 1873.0714285714287 24.06071428571429 868.36666666666679 0.8697513045430848
decision_type=2 2 2 2 2 2 2 2 2 2 9 2 2 2 2 2 2 2 2
left_child=1 6 10 4 18 9 7 16 -9 -6 17 -12 14 -14 -4 -5 -1 -3 -2
right_child=3 2 12 15 5 -7 -8 8 -10 -11 11 -13 13 -15 -16 -17 -18 -19 -20
leaf_value=-0.29972939704461421 7.0991857307476609 -0.63775954349899056 -0.0019970290750519967 3.8714937460688561 -3.153301466801298 18.959784134720071 -0.91912434286915656 -1.0063739620048635 -0.24028437974135808 1.3382267862143258 -0.59642527599619821 0.75245817529762704 0.75774885083652654 -0.68805627771825473 1.3957957956748843 -4.0208008119678169 0.55768056152793299 1.2763390720116377 1.231549156583746
leaf_weight=303 4977 55 1100 50 108 977 114 398 1235 914 343 1498 275 832 636 50 430 1625 206
leaf_count=303 4977 55 1100 50 108 977 114 398 1235 914 343 1498 275 832 636 50 430 1625 206
internal_value=0.00116469 0.000271001 0.000715947 0.00224372 0.00231254 0.001386 -0.000852479 -0.00064512 -0.00121542 0.00013783 0.00129983 0.000673866 0 -0.000806859 0.000502591 -0.00222772 0.000564033 0.00194264 0.00266088
internal_weight=16126 8844 6364 7282 7182 1999 2480 2366 1633 1022 3521 1841 2843 1107 1736 100 733 1680 5183
internal_count=16126 8844 6364 7282 7182 1999 2480 2366 1633 1022 3521 1841 2843 1107 1736 100 733 1680 5183
cat_boundaries=0 1
cat_threshold=19682
is_linear=0
shrinkage=0.03


Tree=84
num_leaves=20
num_cat=0
split_feature=21 7 22 11 18 22 14 7 10 20 20 12 18 14 25 14 12 13 18
split_gain=17.2166 4.89247 3.24862 2.16552 2.10952 2.04413 1.91188 1.53662 2.27624 1.32226 1.33273 1.27686 1.85828 1.18297 1.2624 1.10051 1.07287 0.929687 0.914208
threshold=1700.5000000000002 141.50000000000003 677.50000000000011 114.5643923739669 0.1000000000000089 1510.5000000000002 0.8697513045430848 313.50000000000006 2864.2142857142862 29.317857142857147 24.63571428571429 935.58333333333348 59.650000000000013 -0.40614700388750385 21.025000000000002 -0.19337636264337835 1947.116666666667 1670.1793434611566 0.50000000000000189
decision_type=2 2 2 2 2 2 2 2 2 2 2 2 2 2 2 2 2 2 2
left_child=1 2 9 16 13 -2 7 -7 -9 10 -1 12 -6 14 -3 -13 -4 -11 -5
right_child=5 4 3 18 11 6 -8 8 -10 17 -12 15 -14 -15 -16 -17 -18 -19 -20
leaf_value=-0.74739724733091994 -0.84511945031980662 1.0728469395998887 0.20359115521323742 -0.21547071205598819 0.29568737728564304 7.5334775400780325 -0.096001245553631806 1.0189344568259515 15.883376473652536 -2.3711903128762759 0.045684986714499068 0.64113248248375909 -0.93511594875532866 0.2181303529938092 -2.6558581917385728 1.9860924187254261 -0.72139125643543511 -0.98598557072503878 -0.77563201948278848
leaf_weight=121 171 53 2240 1618 531 4726 269 880 938 125 261 1889 96 596 109 949 120 87 347
leaf_count=121 171 53 2240 1618 531 4726 269 880 938 125 261 1889 96 596 109 949 120 87 347
internal_value=0.00115353 0.000291042 -0.000345122 -4.85436e-05 0.00104261 0.00227588 0.00235897 0.00246096 0.00165421 -0.00242521 -0.00119843 0.00135892 5.73249e-05 -0.000343873 -0.0026319 0.0016305 0.000552732 -0.00440845 -0.000793489
internal_weight=16126 9142 4919 4325 4223 6984 6813 6544 1818 594 382 3465 627 758 162 2838 2360 212 1965
internal_count=16126 9142 4919 4325 4223 6984 6813 6544 1818 594 382 3465 627 758 162 2838 2360 212 1965
is_linear=0
shrinkage=0.03


Tree=85
num_leaves=20
num_cat=0
split_feature=21 15 33 19 22 12 20 14 23 11 22 18 14 32 7 20 33 21 10
split_gain=18.177 4.93781 3.08728 3.10216 2.25952 1.94592 2.31901 1.90188 1.4767 1.48219 1.36288 1.08331 1.05148 1.03219 1.02297 0.968122 0.743953 0.855504 0.675549
threshold=1700.5000000000002 -0.73865259438682551 3.5850000000000004 0.2499999999999965 1510.5000000000002 915.01666666666677 23.646428571428576 0.8697513045430848 1576.0000000000002 321.09322176947666 1610.5000000000002 59.650000000000013 -0.96235977360714686 9.8499999999999996 345.50000000000006 22.300000000000001 6.4150000000000009 2030.5000000000002 1214.6428571428576
decision_type=2 2 2 2 2 2 2 2 2 2 2 2 2 2 2 2 2 2 2
left_child=1 5 -3 10 15 11 18 8 9 -6 -4 13 -5 -1 -10 -2 17 -9 -7
right_child=4 2 3 12 7 6 -8 16 14 -11 -12 -13 -14 -15 -16 -17 -18 -19 -20
leaf_value=-0.13827480147358315 -3.1379618970829828 0.87202182718054999 0.46277251647641976 4.3716933312123913 3.1578689997691818 -0.98796055881207223 1.3987162076468345 -2.1048744598812159 7.1900579959328494 -5.751351684200249 -1.7356136005920184 -0.66544197444892283 -0.47180194720662949 1.2431017668561037 1.9120075199755857 1.354214615669397 4.9136406782670274 0.60538669657898414 0.84538551459978462
leaf_weight=462 88 1042 1457 86 111 65 1724 52 5735 62 143 72 3723 253 562 82 140 77 50
leaf_count=462 88 1042 1457 86 111 65 1724 52 5735 62 143 72 3723 253 562 82 140 77 50
internal_value=0.00110358 0.000215466 -0.000225046 -0.000519039 0.00226368 0.00131443 0.00184891 0.00235193 0.0024548 -3.44826e-05 0.000571518 7.61432e-06 -0.000988976 0.000418995 0.00253033 -0.000964912 0 -0.00175385 -0.00206897
internal_weight=15986 9077 6451 5409 6909 2626 1839 6739 6470 173 1600 787 3809 715 6297 170 269 129 115
internal_count=15986 9077 6451 5409 6909 2626 1839 6739 6470 173 1600 787 3809 715 6297 170 269 129 115
is_linear=0
shrinkage=0.03


Tree=86
num_leaves=20
num_cat=1
split_feature=22 15 14 14 19 12 20 0 15 12 18 32 18 22 11 7 15 26 14
split_gain=16.5905 5.32442 2.71429 2.71187 2.72407 2.15605 2.39165 2.05017 1.44287 1.76023 1.08331 1.03219 0.908195 0.761926 0.727794 0.680412 0.581112 0.444297 0.417468
threshold=1750.5000000000002 -0.73865259438682551 0.91248814248966237 -0.85227431625818906 0.2499999999999965 915.01666666666677 23.646428571428576 0 0.42763731121559989 1697.1333333333334 59.650000000000013 9.8499999999999996 17.449999999999999 1100.5000000000002 113.5205037070847 260.50000000000006 0.63089349388778826 20.750000000000004 0.49065764355977465
decision_type=2 2 2 2 2 2 2 9 2 2 2 2 2 2 2 2 2 2 2
left_child=1 5 8 13 14 10 -7 -6 18 16 11 -1 -11 15 -5 -3 -10 -8 -2
right_child=2 3 -4 4 7 6 17 -9 9 12 -12 -13 -14 -15 -16 -17 -18 -19 -20
leaf_value=-0.1341265574293756 8.8753120265933561 -0.80166250716345833 -1.676890919351731 0.60739224079633647 0.026645516207957132 -0.83050225005151534 1.4382116961244666 -0.65297342072999198 1.3600100575888687 5.2904501665728514 -0.64547871521545686 1.2058087138504221 -0.39492669488694254 1.9353627208755606 0.0037281071886098595 1.4368452133593499 -2.1580019702589985 -0.088362046361608243 0.32510980984654447
leaf_weight=462 2638 89 94 854 1696 115 1811 2627 78 3515 72 253 132 495 789 60 86 64 56
leaf_count=462 2638 89 94 854 1696 115 1811 2627 78 3515 72 253 132 495 789 60 86 64 56
internal_value=0.00110734 0.000291436 0.00226091 -0.000165633 -0.000371543 0.00139525 0.00192115 -0.000771508 0.00233784 0.00192497 7.61432e-06 0.000418995 0.00206579 0.00166977 0.000653285 0 -0.000927273 0.00219083 0.00290427
internal_weight=15986 9387 6599 6610 5966 2777 1990 4323 6505 3811 787 715 3647 644 1643 149 164 1875 2694
internal_count=15986 9387 6599 6610 5966 2777 1990 4323 6505 3811 787 715 3647 644 1643 149 164 1875 2694
cat_boundaries=0 1
cat_threshold=189122
is_linear=0
shrinkage=0.03


Tree=87
num_leaves=20
num_cat=2
split_feature=21 10 26 14 22 25 14 16 7 10 0 20 14 21 14 25 0 32 20
split_gain=17.7339 4.06484 3.26654 3.24794 2.45583 2.24021 1.87455 1.86339 1.45719 2.4523 1.39291 1.91963 1.34452 1.52509 1.37183 1.47112 1.20937 1.02782 0.844934
threshold=1700.5000000000002 750.07142857142867 1.0000000180025095e-35 -0.40614700388750385 1510.5000000000002 21.275000000000002 0.8697513045430848 -0.34235511113144612 313.50000000000006 3101.2857142857147 0 23.646428571428576 0.91596454896554913 757.50000000000011 0.80926549319045582 27.775000000000002 1 0.29999999999999999 22.300000000000001
decision_type=2 2 2 2 2 2 2 2 2 2 9 2 2 2 2 2 9 2 2
left_child=1 12 3 5 18 -3 8 -5 -6 -10 11 -4 14 17 15 -1 -8 -14 -2
right_child=4 2 10 7 6 -7 16 -9 9 -11 -12 -13 13 -15 -16 -17 -18 -19 -20
leaf_value=-0.80786036095659119 -3.0380245721889314 0.27680853006141476 -0.99091921119399007 0.49370057150829649 6.7298529361259281 -2.8237181577154233 3.8626744565090121 -0.13677849576434123 0.78736341229733187 24.02324831998623 0.65876792068692225 0.3116398893582209 0.53109157505245108 -2.5754194101809365 0.52393116627869307 -0.20437882715768985 -1.0557032528628432 -1.4222390628246142 1.3128575640231168
leaf_weight=62 88 69 59 1490 4699 144 102 2833 895 876 2900 472 63 86 212 373 167 314 82
leaf_count=62 88 69 59 1490 4699 144 102 2833 895 876 2900 472 63 86 212 373 167 314 82
internal_value=0.00109608 0.000218771 0.00046009 -5.88493e-05 0.00224197 -0.0036729 0.00233412 0.000109621 0.00243625 0.00163544 0.00115909 -0.000188192 -0.00147165 -0.00272845 -0.0005 -0.00151376 0 -0.00173016 -0.00114035
internal_weight=15986 9077 7967 4536 6909 213 6739 4323 6470 1771 3431 531 1110 463 647 435 269 377 170
internal_count=15986 9077 7967 4536 6909 213 6739 4323 6470 1771 3431 531 1110 463 647 435 269 377 170
cat_boundaries=0 1 2
cat_threshold=139796 16427
is_linear=0
shrinkage=0.03


Tree=88
num_leaves=20
num_cat=2
split_feature=21 31 14 10 22 25 14 0 15 10 0 27 21 18 27 16 7 31 25
split_gain=17.3539 4.38147 2.48027 2.57079 2.4252 1.92705 1.84774 1.72913 1.46512 1.46255 1.39564 1.25918 1.02966 0.774136 0.749016 0.64763 0.55513 0.622768 0.508692
threshold=1700.5000000000002 9.4999999999999947 -0.40614700388750385 750.07142857142867 1510.5000000000002 21.275000000000002 0.91248814248966237 0 0.42763731121559989 2350.0714285714289 1 26.925000000000004 1251.1550000000002 113.30000000000001 22.425000000000004 -0.58482091572441486 139.50000000000003 105.35000000000001 27.125000000000004
decision_type=2 2 2 2 2 2 2 9 2 2 9 2 2 2 2 2 2 2 2
left_child=1 2 5 11 15 -1 8 -5 -6 -10 16 -4 13 -12 -7 -2 -3 -18 -14
right_child=4 10 3 7 6 14 -8 -9 9 -11 12 -13 18 -15 -16 -17 17 -19 -20
leaf_value=0.24590500264629067 -1.6145184080763315 -0.20116714687508955 0.057343071885742204 -0.56204285488222805 7.0372669199171352 -2.9830592684861341 -1.4400452039740883 0.17252149872406072 2.750766997118959 8.7511105182208198 -0.011294184164892194 -0.76983852752264581 1.4322749536178416 -0.81022863596716455 -2.396381998524193 0.7443260695061551 1.0805658773864948 0.059773932613119106 -0.27293801139172541
leaf_weight=68 67 80 326 1074 2897 92 84 3719 1907 1851 627 776 626 55 52 103 1375 141 66
leaf_count=68 67 80 326 1074 2897 92 84 3719 1907 1851 627 776 626 55 52 103 1375 141 66
internal_value=0.0010867 0.000218771 -0.000234774 -0.00011194 0.00222026 -0.00342254 0.00231187 0.000180225 0.00237079 0.00194174 0.00116627 -0.00142248 0.000409386 -0.000364568 -0.0054 -0.00114035 0.00177536 0.00192024 0.00124242
internal_weight=15986 9077 6107 5895 6909 212 6739 4793 6655 3758 2970 1102 1374 682 144 170 1596 1516 692
internal_count=15986 9077 6107 5895 6909 212 6739 4793 6655 3758 2970 1102 1374 682 144 170 1596 1516 692
cat_boundaries=0 1 2
cat_threshold=1382408 576738
is_linear=0
shrinkage=0.03


Tree=89
num_leaves=20
num_cat=4
split_feature=21 31 14 10 22 14 0 0 11 7 10 0 0 33 21 29 14 11 31
split_gain=17.2479 4.10049 2.69732 2.46506 2.38869 1.96091 1.87702 1.66916 1.66499 1.55682 2.61536 1.47416 1.15737 1.04117 0.870113 1.45493 0.743784 0.647646 0.592223
threshold=1700.5000000000002 9.4999999999999947 -0.40614700388750385 750.07142857142867 1510.5000000000002 0.8697513045430848 0 1 93.174822826985562 314.50000000000006 3101.2857142857147 2 3 6.4150000000000009 1251.1550000000002 23.525000000000002 0.65883702558178847 378.49564281793624 105.35000000000001
decision_type=2 2 2 2 2 2 9 9 2 2 2 9 9 2 2 2 2 2 2
left_child=1 2 6 8 17 9 -1 -5 -4 -6 -11 16 -7 -14 15 -13 18 -2 -3
right_child=4 11 3 7 5 12 -8 -9 -10 10 -12 14 13 -15 -16 -17 -18 -19 -20
leaf_value=-0.45720854503504682 2.74090350667863 1.0433079916996444 -0.13522613974691711 -0.62987256720040008 6.3736530340404318 4.0336633999398721 -2.8135050508372581 0.1558608599010845 -1.8914343674084522 0.57855145823505261 22.701309559316989 -0.76593356438892068 -2.2548274576299172 3.5622367584996137 1.3064780476853315 0.086218401089151256 -0.2537488295327287 -2.3982112713925923 0.099195065399005522
leaf_weight=106 90 1478 734 846 4734 106 106 3947 368 874 862 105 85 78 623 524 86 80 154
leaf_count=106 90 1478 734 846 4734 106 106 3947 368 874 862 105 85 78 623 524 86 80 154
internal_value=0.00106418 0.000198943 -0.000239686 -0.00011194 0.00219421 0.00228516 -0.00356338 0.000173968 -0.00139529 0.00238989 0.00155613 0.00111579 -6.66666e-05 -0.00175862 0.00027791 -0.000457143 0.00168826 -0.00114035 0.00184997
internal_weight=15986 9077 6107 5895 6909 6739 212 4793 1102 6470 1736 2970 269 163 1252 629 1718 170 1632
internal_count=15986 9077 6107 5895 6909 6739 212 4793 1102 6470 1736 2970 269 163 1252 629 1718 170 1632
cat_boundaries=0 1 2 3 4
cat_threshold=57379 1382400 642274 16489
is_linear=0
shrinkage=0.03


Tree=90
num_leaves=20
num_cat=5
split_feature=21 11 10 22 21 7 10 7 29 0 0 0 0 12 0 7 11 29 29
split_gain=16.1512 3.65037 3.29813 2.75136 2.57275 1.59553 1.49553 2.566 1.42147 1.80081 1.40093 1.35219 1.27107 1.26817 1.26509 1.17395 0.99012 0.933054 0.769783
threshold=1700.5000000000002 103.07764064048128 793.21428571428589 1510.5000000000002 1140.1950000000004 345.50000000000006 2350.0714285714289 313.50000000000006 24.225000000000005 0 1 2 3 641.93333333333351 4 115.50000000000001 179.87799944122301 23.375000000000004 21.025000000000002
decision_type=2 2 2 2 2 2 2 2 2 9 9 9 9 2 9 2 2 2 2
left_child=1 4 12 -2 8 6 7 -5 9 -1 -6 -7 -3 -10 -4 -14 -16 -12 -13
right_child=3 2 14 5 10 11 -8 -9 13 -11 17 18 15 -15 16 -17 -18 -19 -20
leaf_value=-0.90256663646796043 -1.0056336138890842 0.015222108018312936 0.64072689647773029 4.0666462586299996 1.2778251306952024 3.1280723434162518 17.675612085729071 -0.88632619364893062 -0.45624797435325914 0.19634245629378874 -0.72101354068231127 1.5283733658950625 -1.9206864259798304 0.21050821954462887 0.062565878432663771 0.10027244603412637 -0.51422536774421168 0.97042993034552305 -2.4431766720606949
leaf_weight=261 160 109 733 2489 1583 352 3390 281 258 291 161 118 251 1857 1371 57 1412 749 139
leaf_count=261 160 109 733 2489 1583 352 3390 281 258 291 161 118 251 1857 1371 57 1412 749 139
internal_value=0.00104419 0.00020717 -0.000474326 0.00213593 0.000735323 0.00223072 0.00237867 0.00181342 6.97153e-05 -0.00126401 0.00142903 0.000659016 -0.003 0.000439509 -0.000161217 -0.00392163 -0.000463851 0.000407166 -0.000873134
internal_weight=16022 9093 3933 6929 5160 6769 6160 2770 2667 552 2493 609 417 2115 3516 308 2783 910 257
internal_count=16022 9093 3933 6929 5160 6769 6160 2770 2667 552 2493 609 417 2115 3516 308 2783 910 257
cat_boundaries=0 1 2 3 4 5
cat_threshold=3774592 1232098 123050 1163328 688780
is_linear=0
shrinkage=0.03


Tree=91
num_leaves=20
num_cat=2
split_feature=21 21 15 21 7 0 15 16 24 18 12 25 7 19 0 14 7 13 21
split_gain=15.5229 3.42521 3.06353 3.46814 2.70632 3.2565 2.18836 1.86793 1.98186 1.41154 1.30469 1.29262 1.11336 0.830398 0.800124 0.731267 0.557661 0.582157 0.3379
threshold=1645.5000000000002 577.50000000000011 0.34033495509342487 2245.5000000000005 55.500000000000007 0 -0.43733099657705293 -0.89405649444168434 1002.0000000000001 91.150000000000034 1096.8000000000002 21.275000000000002 349.50000000000006 370.40000000000003 1 0.59177612190863982 139.50000000000003 1472.1748249815771 3000.5000000000005
decision_type=2 2 2 2 2 9 2 2 2 2 2 2 2 2 9 2 2 2 2
left_child=1 16 15 4 14 -6 9 11 -9 10 -3 -8 18 -11 -4 -2 17 -1 -5
right_child=2 6 3 12 5 -7 7 8 -10 13 -12 -13 -14 -15 -16 -17 -18 -19 -20
leaf_value=-1.7035169621127977 4.9128300913341487 0.14270604808501161 -0.66095201533124015 6.2971305617890829 -2.7429123338863208 0.75731724033948489 0.14619185132829068 -0.35900747033684471 0.18225490005271003 -0.78665975589780524 1.2788637597958943 -2.504799737175988 -0.51890992122443469 0.69670776943267343 4.3031400071177295 -0.598698529744496 0.0093406326938297382 -0.93649104330359767 34.990001909965606
leaf_weight=109 3030 1936 136 949 292 994 50 1598 2997 171 1257 76 100 69 722 76 53 107 1300
leaf_count=109 3030 1936 136 949 292 994 50 1598 2997 171 1257 76 100 69 722 76 53 107 1300
internal_value=0.00102734 0.000134615 0.00201079 0.00148732 0.000586014 -0.000254079 0.000249786 -0.000161372 -5.22192e-05 0.000828189 0.00100313 -0.00375591 0.00229021 -0.00130705 0.00189639 0.00275282 -0.00317778 -0.00385714 0.002432
internal_weight=16022 8423 7599 4493 2144 1286 8154 4721 4595 3433 3193 126 2349 240 858 3106 269 216 2249
internal_count=16022 8423 7599 4493 2144 1286 8154 4721 4595 3433 3193 126 2349 240 858 3106 269 216 2249
cat_boundaries=0 1 2
cat_threshold=2103313 525312
is_linear=0
shrinkage=0.03


Tree=92
num_leaves=20
num_cat=3
split_feature=22 21 26 20 21 0 15 20 22 12 3 23 21 15 0 14 10 15 15
split_gain=15.6806 3.35606 3.13484 3.24251 2.95498 2.92672 2.23354 2.34005 1.71535 1.51083 1.37032 1.3222 0.762271 0.749864 0.970375 0.778646 0.603571 0.525536 0.509957
threshold=1627.5000000000002 2100.5000000000005 1.0000000180025095e-35 20.596428571428575 577.50000000000011 0 -0.43733099657705293 23.710714285714293 677.50000000000011 1066.5833333333337 1 1610.5000000000002 1576.0000000000002 0.94353349168649059 2 0.88220160189607266 1100.214285714286 0.99249573635719013 -0.39827153806311183
decision_type=2 2 2 2 2 9 2 2 2 2 9 2 2 2 9 2 2 2 2
left_child=4 2 3 -2 18 -5 7 16 10 -9 -8 -10 -4 15 -15 -3 -6 -16 -1
right_child=1 13 12 5 6 -7 8 9 11 -11 -12 -13 -14 14 17 -17 -18 -19 -20
leaf_value=-0.29102752641919966 4.323301171210872 13.541907492513243 -0.30396097460560162 -2.147776287122515 0.23672317018581732 0.92821996221523528 -0.076420905723365962 0.13599318881287356 0.052321331112322428 1.2218755793310676 -1.5333922348383802 -0.92051414647621621 2.9903099697240183 4.4530065817587534 -1.6667154133840711 -0.20680041828777893 -0.88531454562509437 5.8528881407063666 -1.6603522493955274
leaf_weight=96 488 4100 73 512 52 800 197 1796 3904 1450 165 410 1207 208 114 66 159 52 173
leaf_count=96 488 4100 73 512 52 800 197 1796 3904 1450 165 410 1207 208 114 66 159 52 173
internal_value=0.00101985 0.00200564 0.00121227 0.000374792 0.000120314 -0.000372429 0.000227932 0.00080856 -0.000191789 0.00101725 -0.00217355 -1.46001e-05 0.00235363 0.00253358 0.001032 0.00265731 -0.00217925 -0.000491525 -0.00295556
internal_weight=16022 7620 3080 1800 8402 1312 8133 3457 4676 3246 362 4314 1280 4540 374 4166 211 166 269
internal_count=16022 7620 3080 1800 8402 1312 8133 3457 4676 3246 362 4314 1280 4540 374 4166 211 166 269
cat_boundaries=0 1 2 3
cat_threshold=2890769 12 57515
is_linear=0
shrinkage=0.03


Tree=93
num_leaves=20
num_cat=4
split_feature=21 21 22 11 14 7 21 0 11 0 0 22 21 25 14 12 11 0 11
split_gain=15.3818 3.28119 2.92661 2.40551 2.38776 2.18856 2.56517 1.99435 1.94762 1.84518 1.7981 1.35764 1.33235 0.986835 0.958194 0.929513 0.82909 0.768611 0.470633
threshold=1700.5000000000002 912.23500000000013 1510.5000000000002 138.56191669174203 0.80417553764032002 313.50000000000006 3000.5000000000005 0 72.534556489509001 1 2 620.50000000000011 577.50000000000011 26.025000000000002 -0.26866367175705824 1854.366666666667 424.5620816102325 3 34.575658930549587
decision_type=2 2 2 2 2 2 2 9 2 9 9 2 2 2 2 2 2 9 2
left_child=1 8 16 10 5 -4 -7 -5 17 -6 15 -10 -13 -11 -9 -3 -2 -1 -19
right_child=2 3 4 7 9 6 -8 14 11 13 -12 12 -14 -15 -16 -17 -18 18 -20
leaf_value=0.21596603831156269 -0.032692252397700017 0.26139710130507132 6.2070409078841582 0.80365159552942056 2.595102170268766 0.48522885482353167 28.893126902260288 -1.4461959150018648 -1.4090256070286258 -1.9019532257803953 0.81787753509479155 -1.6610657773442625 -0.30548950874208741 1.6424742033454713 -0.22463545543977964 -1.3048036794798863 -1.8260578118445521 -0.28254242801278723 -0.0070098062421710483
leaf_weight=517 104 1422 4462 583 260 975 816 270 243 139 2920 83 1041 117 1309 104 56 132 469
leaf_count=517 104 1422 4462 583 260 975 816 270 243 139 2920 83 1041 117 1309 104 56 132 469
internal_value=0.00101423 0.000197273 0.00207965 0.000550613 0.00217755 0.00233994 0.00139955 -0.000253814 -0.000724055 0.000121857 0.000951878 -0.00148684 -0.000989333 -0.0015618 -0.000822641 8.00261e-05 -0.00177019 0.000168901 -0.000509804
internal_weight=16022 9093 6929 6608 6769 6253 1791 2162 2485 516 4446 1367 1124 256 1579 1526 160 1118 601
internal_count=16022 9093 6929 6608 6769 6253 1791 2162 2485 516 4446 1367 1124 256 1579 1526 160 1118 601
cat_boundaries=0 1 2 3 4
cat_threshold=565388 16618 1651213 83155
is_linear=0
shrinkage=0.03


Tree=94
num_leaves=20
num_cat=3
split_feature=21 22 10 14 7 21 11 0 7 18 32 0 0 16 12 12 25 11 17
split_gain=15.6936 2.92008 2.87339 2.23148 2.13989 2.56517 2.13688 1.73474 1.67454 1.75402 1.77972 1.42695 1.3292 1.20406 1.02258 0.934975 0.875401 0.82909 0.798447
threshold=1700.5000000000002 1510.5000000000002 992.92857142857156 0.80417553764032002 313.50000000000006 3000.5000000000005 106.46092211887294 0 116.50000000000001 1.2000000000000022 0.099999999999999964 1 2 0.34841060557183762 1620.5500000000002 915.01666666666677 26.025000000000002 424.5620816102325 0.91160899963879305
decision_type=2 2 2 2 2 2 2 9 2 2 2 9 9 2 2 2 2 2 2
left_child=2 17 8 4 -3 -6 11 -5 9 10 -1 13 -8 -4 -14 -13 -9 -2 -10
right_child=1 3 6 7 5 -7 12 16 18 -11 -12 15 14 -15 -16 -17 -18 -19 -20
leaf_value=0.065188194437721184 -0.031711484825767897 6.0208296806476316 1.0416191718143737 2.5172491051607024 0.47067198917882314 28.026333095192481 0.50216259121407736 -1.8448946290069868 -0.0076412596717438499 0.34444994457047567 -0.81197038943105448 -0.31261803173856784 0.020197133969134296 -0.33714103329515488 -1.0627286210232141 1.0311129267844248 1.5931999772451064 -1.7712760774892164 1.2570524541794967
leaf_weight=299 104 4462 482 260 975 816 1139 139 1240 187 1053 57 935 572 731 2270 117 56 128
leaf_count=299 104 4462 482 260 975 816 1139 139 1240 187 1053 57 935 572 731 2270 117 56 128
internal_value=0.000999251 0.00207532 0.000174181 0.00217312 0.00233035 0.00139955 0.000543559 0.000179884 -0.000596286 -0.00127792 -0.00166962 0.00105204 -5.34568e-05 8.16902e-05 -0.00060644 0.00146536 -0.00144944 -0.00177019 0.000138057
internal_weight=16022 6929 9093 6769 6253 1791 6186 516 2907 1539 1352 3381 2805 1054 1666 2327 256 160 1368
internal_count=16022 6929 9093 6769 6253 1791 6186 516 2907 1539 1352 3381 2805 1054 1666 2327 256 160 1368
cat_boundaries=0 1 2 3
cat_threshold=16618 3748364 2794156
is_linear=0
shrinkage=0.03


Tree=95
num_leaves=20
num_cat=5
split_feature=21 7 7 18 27 0 14 0 10 0 31 12 22 31 0 11 17 0 24
split_gain=15.8614 3.03778 2.62822 2.23438 2.24794 2.20195 2.16261 2.71149 1.92018 1.68208 1.52037 1.50672 1.36962 1.36487 1.29875 1.16887 1.0987 1.08708 0.884682
threshold=1749.7900000000002 116.50000000000001 345.50000000000006 0.10000000000000007 26.875000000000004 0 0.82899317702918729 1 992.92857142857156 2 2.5999999999999934 2173.5500000000006 1627.5000000000002 0.099999999999982256 3 312.61047453110206 0.73866113298174818 4 2211.5000000000005
decision_type=2 2 2 2 2 9 2 9 2 9 2 2 2 2 9 2 2 9 2
left_child=1 3 6 8 5 -5 12 -8 17 13 -6 -9 15 -3 -4 -2 -15 -1 -11
right_child=2 9 14 4 10 -7 7 11 -10 18 -12 -13 -14 16 -16 -17 -18 -19 -20
leaf_value=0.03830086220328946 2.4409393463981939 -0.028335730848669013 2.2220827213806102 -1.2912501884053011 -2.0026082210431855 0.31273647732093285 2.8922723978440708 -3.7327764833555594 0.30406454760320378 0.051108879539343129 0.15882845867682094 -0.47613347232069259 5.8830935623553255 0.87775134896803142 -1.9069599226118459 -2.3928492068688167 0.16505915088732606 -0.63844086635831898 -2.063670374993833
leaf_weight=416 85 707 343 114 329 404 221 70 1842 1990 85 105 5668 1664 316 78 838 684 55
leaf_count=416 85 707 343 114 329 404 221 70 1842 1990 85 105 5668 1664 316 78 838 684 55
internal_value=0.000990759 0.000165298 0.00207826 -0.00046529 -0.00174598 -0.00032948 0.00226975 7.55678e-06 -4.38327e-05 0.00063882 -0.00340482 -0.00258064 0.00241564 0.00106584 0.0002 -3.65852e-05 0.00139872 -0.00104905 -1.45913e-05
internal_weight=16014 9128 6886 3874 932 518 6227 396 2942 5254 414 175 5831 3209 659 163 2502 1100 2045
internal_count=16014 9128 6886 3874 932 518 6227 396 2942 5254 414 175 5831 3209 659 163 2502 1100 2045
cat_boundaries=0 1 2 3 4 5
cat_threshold=2627586 20714 574718 90282 2130130
is_linear=0
shrinkage=0.03


Tree=96
num_leaves=20
num_cat=6
split_feature=21 7 21 15 16 14 0 0 0 3 0 23 21 0 13 16 15 16 11
split_gain=15.7379 2.86976 2.79683 2.10675 2.25281 1.94202 1.76912 1.59032 1.52949 1.48472 1.38301 1.32752 1.10894 1.06305 1.04526 1.01655 1.28591 0.995893 0.982516
threshold=1700.5000000000002 345.50000000000006 912.23500000000013 0.27487873330147788 -0.99152915938811637 0.80417553764032002 0 1 2 3 4 1450.5000000000002 1197.5000000000002 5 1583.6093424119742 0.95752911693909493 0.089118976521498999 -0.998663445439673 113.5205037070847
decision_type=2 2 2 2 2 2 9 9 9 9 9 2 2 9 2 2 2 2 2
left_child=2 5 14 6 -5 11 9 -7 -6 -4 -3 -2 -8 -9 15 16 -1 -13 -16
right_child=1 10 3 4 8 7 12 13 -10 -11 -12 17 -14 -15 18 -17 -18 -19 -20
leaf_value=-0.51152913650742282 -2.6557833923005703 2.0396933709858498 0.84518342968444593 -2.976578163240382 0.71507933538907698 2.715247082983268 -0.4787893579396173 1.1287454130919758 -0.38235650019615142 -0.29709490108563597 -1.9060984920983124 -0.046274724767343782 0.7828303411908325 -3.6055576133348328 0.13411646711234737 -1.1395883110228489 0.19169414350364425 5.6024069649757893 -0.3740325348933719
leaf_weight=796 89 349 2522 52 891 262 600 122 1225 317 320 120 925 139 761 63 275 5580 606
leaf_count=796 89 349 2522 52 891 262 600 122 1225 317 320 120 925 139 761 63 275 5580 606
internal_value=0.000977646 0.00204784 0.000145451 0.000476198 -0.000272476 0.00224632 0.000858419 0.000389313 -9.77798e-05 0.00129895 0.000107463 0.00240622 1.10304e-10 -0.00114706 -0.00070024 -0.00137709 -0.00110261 0.00246536 -0.000105263
internal_weight=16014 6981 9033 6532 2168 6312 4364 523 2116 2839 669 5789 1525 261 2501 1134 1071 5700 1367
internal_count=16014 6981 9033 6532 2168 6312 4364 523 2116 2839 669 5789 1525 261 2501 1134 1071 5700 1367
cat_boundaries=0 1 2 3 4 5 6
cat_threshold=576758 16617 57537 2 90282 13314
is_linear=0
shrinkage=0.03


end of trees

feature_importances:
price_lag_1=259
price_lag_2=170
sin_365_1=152
mandi_name=149
cos_365_1=110
price_lag_3=105
price_roll_mean_7=97
day_of_year=85
price_expanding_mean=85
price_roll_std_7=81
sin_365_2=76
temp_7d_avg=74
price_roll_mean_30=73
temp_lag7=48
precip_roll7=45
evapotrans_lag1=43
rainfall_7d_sum=35
rainfall_30d_sum=29
precip_roll30=29
temp_mean_lag1=22
temp_mean=22
price_lag_7=19
cos_365_2=18
rainfall_lag1=6
variety=5
month=2
temp_lag1=1

parameters:
[boosting: gbdt]
[objective: quantile]
[metric: quantile]
[tree_learner: serial]
[device_type: cpu]
[data_sample_strategy: bagging]
[data: ]
[valid: ]
[num_iterations: 2000]
[learning_rate: 0.03]
[num_leaves: 20]
[num_threads: 0]
[seed: 42]
[deterministic: 0]
[force_col_wise: 0]
[force_row_wise: 0]
[histogram_pool_size: -1]
[max_depth: 5]
[min_data_in_leaf: 50]
[min_sum_hessian_in_leaf: 0.001]
[bagging_fraction: 0.8]
[pos_bagging_fraction: 1]
[neg_bagging_fraction: 1]
[bagging_freq: 5]
[bagging_seed: 400]
[bagging_by_query: 0]
[feature_fraction: 0.8]
[feature_fraction_bynode: 1]
[feature_fraction_seed: 30056]
[extra_trees: 0]
[extra_seed: 12879]
[early_stopping_round: 0]
[early_stopping_min_delta: 0]
[first_metric_only: 0]
[max_delta_step: 0]
[lambda_l1: 1.5]
[lambda_l2: 1]
[linear_lambda: 0]
[min_gain_to_split: 0]
[drop_rate: 0.1]
[max_drop: 50]
[skip_drop: 0.5]
[xgboost_dart_mode: 0]
[uniform_drop: 0]
[drop_seed: 17869]
[top_rate: 0.2]
[other_rate: 0.1]
[min_data_per_group: 100]
[max_cat_threshold: 32]
[cat_l2: 10]
[cat_smooth: 10]
[max_cat_to_onehot: 4]
[top_k: 20]
[monotone_constraints: ]
[monotone_constraints_method: basic]
[monotone_penalty: 0]
[feature_contri: ]
[forcedsplits_filename: ]
[refit_decay_rate: 0.9]
[cegb_tradeoff: 1]
[cegb_penalty_split: 0]
[cegb_penalty_feature_lazy: ]
[cegb_penalty_feature_coupled: ]
[path_smooth: 0]
[interaction_constraints: ]
[verbosity: -1]
[saved_feature_importance_type: 0]
[use_quantized_grad: 0]
[num_grad_quant_bins: 4]
[quant_train_renew_leaf: 0]
[stochastic_rounding: 1]
[linear_tree: 0]
[max_bin: 255]
[max_bin_by_feature: ]
[min_data_in_bin: 3]
[bin_construct_sample_cnt: 200000]
[data_random_seed: 175]
[is_enable_sparse: 1]
[enable_bundle: 1]
[use_missing: 1]
[zero_as_missing: 0]
[feature_pre_filter: 1]
[pre_partition: 0]
[two_round: 0]
[header: 0]
[label_column: ]
[weight_column: ]
[group_column: ]
[ignore_column: ]
[categorical_feature: 0,1,2,3]
[forcedbins_filename: ]
[precise_float_parser: 0]
[parser_config_file: ]
[objective_seed: 16083]
[num_class: 1]
[is_unbalance: 0]
[scale_pos_weight: 1]
[sigmoid: 1]
[boost_from_average: 1]
[reg_sqrt: 0]
[alpha: 0.1]
[fair_c: 1]
[poisson_max_delta_step: 0.7]
[tweedie_variance_power: 1.5]
[lambdarank_truncation_level: 30]
[lambdarank_norm: 1]
[label_gain: ]
[lambdarank_position_bias_regularization: 0]
[eval_at: ]
[multi_error_top_k: 1]
[auc_mu_weights: ]
[num_machines: 1]
[local_listen_port: 12400]
[time_out: 120]
[machine_list_filename: ]
[machines: ]
[gpu_platform_id: -1]
[gpu_device_id: -1]
[gpu_use_dp: 0]
[num_gpu: 1]

end of parameters

pandas_categorical:[["Chandvad", "Devala", "Dindori", "Dindori(Vani)", "Kalvan", "Lasalgaon", "Lasalgaon(Niphad)", "Lasalgaon(Vinchur)", "Malharshree Farmers Producer Co Ltd", "Mankamneshwar Farmar Producer Coltd Sanchalit Mank", "Manmad", "Nampur", "Nandgaon", "Nasik", "Pimpalgaon", "Pimpalgaon Baswant(Saykheda)", "Satana", "Shivsiddha Govind Producer Company Limited Sanchal", "Shree Rameshwar Krushi Market", "Sinner", "Umrane", "Yeola"], ["Nashik"], ["Maharashtra"], ["Local", "Other", "Pole", "Red", "White"]]
