tree
version=v4
num_class=1
num_tree_per_iteration=1
label_index=0
max_feature_idx=33
objective=quantile
feature_names=mandi_name district state variety is_real_trade day_of_week month day_of_year is_weekend is_holiday price_roll_mean_7 price_roll_std_7 price_roll_mean_30 price_expanding_mean sin_365_1 cos_365_1 sin_365_2 cos_365_2 rainfall_7d_sum rainfall_30d_sum temp_7d_avg price_lag_30 price_lag_31 price_lag_32 price_lag_45 temp_mean_lag30 rainfall_lag30 temp_mean temp_lag1 temp_lag7 precip_lag1 precip_roll7 precip_roll30 evapotrans_lag1
feature_infos=-1:14:5:10:7:15:6:0:13:1:21:12:19:4:16:3:11:20:2:17:18:8 none none -1:1:3:2:0 none [0:6] [1:12] [1:366] [0:1] [0:1] [394.28571428571428:131086504.71428572] [0:346815176.15154129] [443.66666666666669:30590979.833333332] [1176.9729729729729:1131950.5985221674] [-0.9999994220246925:0.99998555065071859] [-0.99997919295908233:0.9999907524084426] [-0.9999994220246925:0.99995318436087299] [-0.99999768809943823:0.99996300980480612] [0:257] [0:453.89999999999998] [17.392857142857142:32.357142857142854] [100:917588483] [100:917588483] [100:917588483] [100:917588483] [14.449999999999999:33.049999999999997] [0:79.900000000000006] [14.449999999999999:33.299999999999997] [14.449999999999999:33.299999999999997] [14.449999999999999:33.049999999999997] [0:79.900000000000006] [0:257] [0:453.89999999999998] [0.87:9.2799999999999994]
tree_sizes=2603 2806 2794 2808 2813 2780 2781 2793 2802 2812 2781 2791 2797 2808 2799 2806 2810 2468 2744 2811 2809 2822 2822 2795 2824 2801 2809 2794 2809 2797 2802 2802 2832 2782 2791 2768 2824 2792 2817 2806 2781 2832 2821 2754 2557 2806 2839 2805 2807 2822 2524 2463 2778 2709 2824 2770 2817 2829 2734 2777 2818 2780 2831

Tree=0
num_leaves=30
num_cat=3
split_feature=10 19 21 0 0 15 18 14 6 23 19 10 30 25 16 16 0 19 14 20 15 12 20 18 19 18 19 15 13
split_gain=123.527 102.787 54.2591 39.3687 19.8364 15.0575 13.7423 12.9093 11.0236 2.601 2.53332 2.43825 2.54914 2.51656 1.76337 1.05154 0.963727 2.71001 0.945227 2.14429 2.41525 6.57964 0.905385 0.331363 0.224808 0.109119 0.1166 0.0658252 0.0545676
threshold=2729.2857142857147 71.65000000000002 2600.5000000000005 0 1 0.66367808336324663 40.649999999999999 -0.49064630004295678 9.5000000000000018 2528.0000000000005 308.55000000000007 2485.7857142857147 2.2500000000000004 25.925000000000004 0.39034993933883777 0.8277925332691819 2 18.850000000000005 -0.78856175031405207 24.467857142857145 -0.27694043983797384 1801.916666666667 24.353571428571435 101.05000000000003 242.15000000000006 9.600000000000005 68.750000000000014 -0.25206183926700709 1314.273114036607
decision_type=2 2 2 9 9 2 2 2 2 2 2 2 2 2 2 2 9 2 2 2 2 2 2 2 2 2 2 2 2
left_child=11 16 4 8 6 7 -3 -5 10 23 -4 18 -13 22 -8 -15 17 -2 19 -1 21 -21 -14 -6 -10 26 -18 -22 -20
right_child=1 2 3 5 9 -7 14 -9 24 -11 -12 12 13 15 -16 -17 25 -19 28 20 27 -23 -24 -25 -26 -27 -28 -29 -30
leaf_value=4099.3009213621726 4104.9087785735792 4107.6930639147758 4114.5573495548779 4119.5047780700634 4104.0341355425116 266268.32052142563 4113.0573491404393 4108.2073470002588 4102.9582077294044 4111.5538473368206 4115.8430627408716 4101.3476364616645 4110.5859202943511 4105.1802073986191 4119.0016345691683 4110.1883485233784 4102.5030639648439 4113.4673487287937 4096.9802058829591 4107.9287792968753 4106.4673476020953 4111.1980654992713 4111.9634217970206 4109.7269912368056 4108.9527770472941 4105.4234180901567 4107.6738487953971 4104.7144921874997 4092.857351074219
leaf_weight=862 93 39 65 669 336 37 34 30 123 44 49 223 35 101 42 52 941 30 101 183 39 42 40 30 32 30 30 177 10336
leaf_count=862 93 39 65 669 336 37 34 30 123 44 49 223 35 101 42 52 941 30 101 183 39 42 40 30 32 30 30 177 10336
internal_value=4107.14 4107.15 4107.15 4107.15 4107.14 4107.15 4107.15 4107.15 4107.14 4107.14 4107.15 4107.14 4107.14 4107.14 4107.15 4107.14 4107.14 4107.14 4107.14 4107.14 4107.14 4107.14 4107.15 4107.14 4107.14 4107.14 4107.14 4107.14 4107.14
internal_weight=14845 2654 1530 1005 525 736 115 699 269 410 114 12191 451 228 76 153 1124 123 11740 1303 441 225 75 366 155 1001 971 216 10437
internal_count=14845 2654 1530 1005 525 736 115 699 269 410 114 12191 451 228 76 153 1124 123 11740 1303 441 225 75 366 155 1001 971 216 10437
cat_boundaries=0 1 2 3
cat_threshold=2366728 1249288 16392
is_linear=0
shrinkage=1


Tree=1
num_leaves=31
num_cat=0
split_feature=10 32 22 15 16 13 13 15 16 10 10 30 14 19 19 14 32 15 16 12 22 24 6 20 18 32 13 18 13 19
split_gain=121.278 102.575 51.8006 22.2756 12.3026 9.7567 9.21299 6.37153 3.25975 3.04627 2.29891 2.40026 2.21457 1.8147 1.11814 0.886206 2.223 8.17818 0.862924 1.5849 0.732451 0.578039 0.795805 0.469125 0.359293 0.114479 0.114261 0.0796963 0.0540031 0.0243474
threshold=2729.2857142857147 70.550000000000011 2676.0400000000004 0.66367808336324663 0.39034993933883777 1681.9341497079029 1875.2301755926253 0.19969739736768838 0.88119114410046628 3808.7857142857147 2485.7857142857147 2.2500000000000004 -0.56368474752277564 251.45000000000002 147.95000000000005 -0.78856175031405207 111.25000000000001 -0.27694043983797384 -0.99385384359725149 4471.5000000000009 1395.5000000000002 853.00000000000011 8.5000000000000018 24.18928571428572 10.000000000000011 61.95000000000001 1388.2316673710907 28.549999999999994 1314.273114036607 145.65000000000003
decision_type=2 2 2 2 2 2 2 2 2 2 2 2 2 2 2 2 2 2 2 2 2 2 2 2 2 2 2 2 2 2
left_child=10 18 4 5 9 7 -7 -4 13 14 15 -12 -13 -6 -3 16 17 -1 19 -2 -14 22 -18 -22 25 -20 -23 -19 -17 -5
right_child=1 2 3 29 8 6 -8 -9 -10 -11 11 12 20 -15 -16 28 21 27 24 -21 23 26 -24 -25 -26 -27 -28 -29 -30 -31
leaf_value=3.8001629181888168 -4.0096015750344396 3.5124238337101632 7.8415679788643597 -17.890867878465951 9.2604957669450929 12.018093916795543 15.775308385066083 5.7192352931509163 9.3032676933641874 9.4620936028783671 -5.7374756451393392 3.5512842018790525 4.1989369667351548 3.0478074968828044 -5.0817707120693374 -10.061231918058256 2.335854594965276 -2.3609800028899826 -4.2663702345315748 6.2610394993182945 3.2874000094774876 -1.4203610756766865 -2.7775023972347146 -1.2218511229663669 3.1171671789114233 0.42540313026389415 -7.7330682220959037 0.59746678641286965 -14.14285817871094 719502.21152725525
leaf_weight=54 53 87 241 43 66 513 68 41 52 33 223 45 51 87 263 101 33 145 986 30 43 31 51 89 30 31 959 30 10336 30
leaf_count=54 53 87 241 43 66 513 68 41 52 33 223 45 51 87 263 101 33 145 986 30 43 31 51 89 30 31 959 30 10336 30
internal_value=-1.02722e-05 0.0019258 0.00361836 0.00508218 0.00126655 0.00553067 0.00630498 0.00388339 0.00324029 0.000178385 -0.000432702 0.000253318 0.000986899 0.00236039 -7.12252e-05 -0.000459927 -0.000200537 0.000676087 -0.000349249 0.000577381 0.00042663 -0.000397209 0.000329412 0 -0.000432729 -0.000470039 -0.000469223 -0.000326705 -0.00049133 -8.7838e-05
internal_weight=14845 2654 1524 936 588 863 581 282 205 383 12191 451 228 153 350 11740 1303 229 1130 83 183 1074 84 132 1047 1017 990 175 10437 73
internal_count=14845 2654 1524 936 588 863 581 282 205 383 12191 451 228 153 350 11740 1303 229 1130 83 183 1074 84 132 1047 1017 990 175 10437 73
is_linear=0
shrinkage=0.01


Tree=2
num_leaves=31
num_cat=4
split_feature=10 19 21 0 0 15 18 14 15 23 10 0 18 16 19 19 18 0 19 14 19 15 13 19 18 23 12 18 18 19
split_gain=119.902 99.4421 53.1376 38.437 20.2632 14.6009 13.7423 12.51 10.466 2.22881 2.16912 2.086 2.57798 1.76337 1.55835 1.01464 1.29222 0.963727 2.71001 0.835009 1.96404 7.02559 0.821345 0.474236 0.434638 0.540069 0.212299 0.191643 0.109119 0.1166
threshold=2729.2857142857147 71.65000000000002 2600.5000000000005 0 1 0.66367808336324663 40.649999999999999 -0.49064630004295678 1.0000000180025095e-35 2528.0000000000005 2485.7857142857147 2 9.0000000000000036 0.39034993933883777 308.55000000000007 358.55000000000001 89.90000000000002 3 18.850000000000005 -0.78856175031405207 124.25000000000001 -0.27694043983797384 1604.0767831622713 242.15000000000006 15.400000000000004 1150.5000000000002 1857.8333333333337 101.05000000000003 9.600000000000005 68.750000000000014
decision_type=2 2 2 9 9 2 2 2 2 2 2 9 2 2 2 2 2 9 2 2 2 2 2 2 2 2 2 2 2 2
left_child=10 17 4 8 6 7 -3 -5 14 27 19 12 -12 -8 -4 -13 -17 18 -2 20 21 26 -14 -10 25 -22 -1 -6 29 -19
right_child=1 2 3 5 9 -7 13 -9 23 -11 11 15 22 -15 -16 16 -18 28 -20 -21 24 -23 -24 -25 -26 -27 -28 -29 -30 -31
leaf_value=1.666363995043727 -2.1692812519983544 0.45130603131690522 7.3938672243699601 12.110483772597382 -3.1704465127701313 258100.19318677098 5.7605189708182118 0.9315865634736864 -4.2761583952808744 4.2740040054868711 -15.393245145414317 -3.1051599446149112 3.2779964808257693 11.650077565027571 8.5988663513449684 3.0881421801198008 -1.7081853526731356 -4.5535064012418482 6.1984291043251147 -13.930001374267581 1.0259976316587018 -1.8806786765335983 5.0795052121273692 1.3057183969442212 -7.4513944059168091 -2.2352286507539847 4.2085893399008096 2.4932024978264411 -1.735402161034578 0.52122053395295553
leaf_weight=31 93 39 58 669 336 37 34 30 126 44 45 269 44 42 48 30 33 941 30 10437 60 191 30 37 901 89 31 30 30 30
leaf_count=31 93 39 58 669 336 37 34 30 126 44 45 269 44 42 48 30 33 941 30 10437 60 191 30 37 901 89 31 30 30 30
internal_value=-1.43137e-05 0.00191073 0.00356956 0.00491799 0.000964829 0.00608032 0.00446429 0.00648643 0.0014125 -0.000106888 -0.000434342 0.000231195 0.00131154 0.0072987 0.0038972 -0.000163265 0.000914062 -0.000339556 0.000436567 -0.000460779 -0.000208206 0.000564961 0.00257333 -7.01221e-05 -0.000404377 3.66665e-05 0.00347619 -0.000389646 -0.000445158 -0.000468622
internal_weight=14845 2654 1530 1005 525 736 115 699 269 410 12191 451 119 76 106 332 63 1124 123 11740 1303 253 74 163 1050 149 62 366 1001 971
internal_count=14845 2654 1530 1005 525 736 115 699 269 410 12191 451 119 76 106 332 63 1124 123 11740 1303 253 74 163 1050 149 62 366 1001 971
cat_boundaries=0 1 2 3 4
cat_threshold=2366728 1249288 593168 16392
is_linear=0
shrinkage=0.01


Tree=3
num_leaves=31
num_cat=0
split_feature=10 32 22 15 16 13 13 7 16 10 10 30 25 19 19 11 16 12 14 32 15 16 24 7 31 32 13 30 13 19
split_gain=118.367 99.8843 50.2337 21.6521 11.9111 10.6252 8.93169 5.88617 3.43737 3.04627 2.16912 2.2557 2.38088 2.0496 1.11814 1.04309 0.862924 1.5849 0.835009 2.05125 7.51632 0.828171 0.578039 0.795805 0.349924 0.114471 0.114261 0.069909 0.0540031 0.0243474
threshold=2729.2857142857147 70.550000000000011 2676.0400000000004 0.66367808336324663 0.39034993933883777 1681.9341497079029 1875.2301755926253 285.50000000000006 0.88119114410046628 3808.7857142857147 2485.7857142857147 2.2500000000000004 25.925000000000004 251.45000000000002 147.95000000000005 100.71801733929401 -0.99385384359725149 4471.5000000000009 -0.78856175031405207 111.25000000000001 -0.27694043983797384 0.8277925332691819 853.00000000000011 243.50000000000003 10.000000000000011 61.95000000000001 1388.2316673710907 1.1500000000000001 1314.273114036607 145.65000000000003
decision_type=2 2 2 2 2 2 2 2 2 2 2 2 2 2 2 2 2 2 2 2 2 2 2 2 2 2 2 2 2 2
left_child=10 16 4 5 9 7 -7 -4 13 14 18 -12 15 -6 -3 -13 17 -2 19 20 -1 -14 23 -21 25 -18 -24 -22 -20 -5
right_child=1 2 3 29 8 6 -8 -9 -10 -11 11 12 21 -15 -16 -17 24 -19 28 22 27 -23 26 -25 -26 -27 -28 -29 -30 -31
leaf_value=3.7200753956079189 -3.9239704952716785 3.4196944056648775 7.6771636700375669 -17.669197615728482 9.0479369906360976 11.776808139901615 15.496450463489454 5.5409381806310387 9.0937342407802682 9.24636782912361 -5.6079078086560008 2.0425404111267609 -1.959022634428629 2.922187093478458 -4.9992485398209423 4.8914341437441617 -4.1782611996328889 6.1364448132818596 -9.8213195851349973 2.302236072699043 -2.3618718897682629 2.9270583329752271 -1.4018840493004587 -2.6752134292032004 3.015630821439728 0.41593689362172881 -7.6019112605510077 0.17825359138411045 -13.862129583181154 710887.65848445322
leaf_weight=54 53 87 241 43 66 513 68 41 52 33 223 41 101 87 263 34 985 30 101 33 141 52 31 51 31 31 959 34 10336 30
leaf_count=54 53 87 241 43 66 513 68 41 52 33 223 41 101 87 263 34 985 30 101 33 141 52 31 51 31 31 959 34 10336 30
internal_value=-1.70081e-05 0.00189567 0.0035659 0.00500747 0.00124958 0.00544965 0.00625344 0.00374205 0.00319175 0.000178385 -0.000434342 0.000231195 0.000943231 0.00229545 -7.12252e-05 0.00240132 -0.000349249 0.000577381 -0.000460779 -0.000208206 0.000632609 0.000152597 -0.000397209 0.000329412 -0.000432729 -0.00047001 -0.000469223 -0.000326705 -0.00049133 -8.7838e-05
internal_weight=14845 2654 1524 936 588 863 581 282 205 383 12191 451 228 153 350 75 1130 83 11740 1303 229 153 1074 84 1047 1016 990 175 10437 73
internal_count=14845 2654 1524 936 588 863 581 282 205 383 12191 451 228 153 350 75 1130 83 11740 1303 229 153 1074 84 1047 1016 990 175 10437 73
is_linear=0
shrinkage=0.01


Tree=4
num_leaves=31
num_cat=2
split_feature=10 32 21 0 32 0 31 14 16 15 10 30 25 23 20 11 16 16 12 16 14 32 15 31 22 31 12 31 32 30
split_gain=115.622 97.5596 51.2164 37.7862 24.0692 21.1877 13.5553 9.65159 11.8192 2.87324 2.16384 2.2557 2.38088 1.83559 1.28032 1.04309 1.01061 0.862924 1.5849 0.828171 0.773339 1.88667 6.88213 0.375184 0.414807 0.349924 0.220453 0.187416 0.114471 0.069909
threshold=2729.2857142857147 70.550000000000011 2600.5000000000005 0 303.40000000000003 1 32.550000000000018 -0.74441730022405961 0.94911049632748046 0.16587474750015932 2485.7857142857147 2.2500000000000004 25.925000000000004 2528.0000000000005 24.63571428571429 100.71801733929401 0.39034993933883777 -0.99385384359725149 4471.5000000000009 0.8277925332691819 -0.78856175031405207 111.25000000000001 -0.27694043983797384 18.500000000000021 1111.5000000000002 10.000000000000011 2881.9333333333338 106.65000000000002 61.95000000000001 1.1500000000000001
decision_type=2 2 2 9 2 9 2 2 2 2 2 2 2 2 2 2 2 2 2 2 2 2 2 2 2 2 2 2 2 2
left_child=10 17 5 4 9 6 -3 14 -9 -4 20 -12 15 27 -5 -13 -8 18 -2 -14 21 22 -1 24 -23 28 -6 -7 -19 -24
right_child=1 2 3 7 26 13 16 8 -10 -11 11 12 19 -15 -16 -17 -18 25 -20 -21 -22 23 29 -25 -26 -27 -28 -29 -30 -31
leaf_value=3.6828746416518428 -3.884730790318963 -10.761408369752845 6.9288709744343393 9.031376291055814 3.871516469524622 -3.2179949591101251 6.0461654706145787 -2.3131769999252789 5.6287564805618784 -0.68917284677167123 -5.5518287305694409 2.0221150070154956 -1.9394324080843397 4.1407158994156674 13.084956700280404 4.8425198023067226 11.218152203793231 -4.1364785876365611 6.0750803651490424 2.8977877496454738 -13.652080064693092 0.85064346827211013 -2.3382531708705847 -7.2997994206343604 -1.6793696420447561 2.9854745132253275 15.53827212325613 2.2738185863094498 0.41177752468551265 0.17647105547026939
leaf_weight=54 53 33 116 280 31 335 38 50 52 170 223 41 101 44 243 34 44 985 30 52 10437 73 141 869 132 31 57 31 31 34
leaf_count=54 53 33 116 280 31 335 38 50 52 170 223 41 101 44 243 34 44 985 30 52 10437 73 141 869 132 31 57 31 31 34
internal_value=-2.10496e-05 0.0018693 0.00352 0.0048505 0.00208571 0.000964829 0.00454365 0.00634827 0.00338835 0.000686411 -0.000433522 0.000231195 0.000943231 -0.000130641 0.00702004 0.00240132 0.00709639 -0.000349249 0.000577381 0.000152597 -0.000459927 -0.000215874 0.00058913 -0.000397209 0 -0.000432729 0.00669663 -0.000389646 -0.00047001 -0.000326705
internal_weight=14845 2654 1524 999 374 525 115 625 102 286 12191 451 228 410 523 75 82 1130 83 153 11740 1303 229 1074 205 1047 88 366 1016 175
internal_count=14845 2654 1524 999 374 525 115 625 102 286 12191 451 228 410 523 75 82 1130 83 153 11740 1303 229 1074 205 1047 88 366 1016 175
cat_boundaries=0 1 2
cat_threshold=2497801 1249288
is_linear=0
shrinkage=0.01


Tree=5
num_leaves=31
num_cat=4
split_feature=10 32 21 0 19 0 13 7 32 15 12 20 16 14 10 0 18 13 10 16 13 14 19 15 0 11 10 11 13 10
split_gain=112.353 94.9641 48.3347 24.8419 19.1985 18.0816 16.4113 8.86391 4.94775 4.71904 4.6162 4.03729 3.62112 3.5971 2.44959 2.79415 3.17217 2.85174 1.22002 0.938552 1.38079 0.903684 3.03116 8.4436 0.830024 1.65378 0.457276 0.417232 0.405492 0.475643
threshold=2729.2857142857147 131.95000000000002 2600.5000000000005 0 280.85000000000008 1 1729.3810663861252 220.50000000000003 66.250000000000014 -0.039769286347669845 3862.0500000000006 24.553571428571434 0.84660111278280559 -0.74441730022405961 2485.7857142857147 2 9.0000000000000036 1607.613759385368 4081.8571428571436 0.93771544905322102 1857.549305582113 -0.78856175031405207 111.15000000000002 -0.21022037796396451 3 852.13314253600618 2021.5000000000002 143.51041110400354 1489.5031473075214 1991.4285714285718
decision_type=2 2 2 9 2 9 2 2 2 2 2 2 2 2 2 9 2 2 2 2 2 2 2 2 9 2 2 2 2 2
left_child=14 8 5 7 10 6 -3 -4 24 -6 -5 -9 -7 18 21 16 -16 -18 -10 -17 -21 22 23 26 25 -2 -1 -15 29 -24
right_child=1 2 3 4 9 12 -8 11 13 -11 -12 -13 -14 27 15 19 17 -19 -20 20 -22 -23 28 -25 -26 -27 -28 -29 -30 -31
leaf_value=2.6838968652977928 -1.4545611553112576 9.7458869958470498 5.4231864080728194 7.889335835270237 14.80610499177069 -2.3283085900968752 4.6212450749219895 6.9677287831315882 5.8259006732161565 8.5153335312503078 0.74835835896533354 12.825471640367326 3.5751646030305144 5.1463706165512022 -16.962000745783353 -1.8613928926002814 3.1666517182242111 4.804895357592553 8.9155938869480309 1.804966764473948 -9.3078924274539805 -13.57270281873366 -2.3648719600241934 -2.0291557779827269 -3.993398525422267 5.6500456753371422 3.9853315866001049 -6.9353870876007679 -7.6323291051551898 1.1233989347458484
leaf_weight=30 93 49 30 121 124 331 52 215 38 39 143 220 33 31 45 280 46 30 51 30 38 10419 110 141 977 30 36 79 951 52
leaf_count=30 93 49 30 121 124 331 52 215 38 39 143 220 33 31 45 280 46 30 51 30 38 10419 110 141 977 30 36 79 951 52
internal_value=-2.16617e-05 0.00184117 0.00369035 0.00505487 0.00300571 0.00104614 0.00454911 0.00669643 -8.42309e-05 0.00578354 0.00135094 0.00720757 -3.20001e-05 0.0013525 -0.000427881 0.000267021 0.00151136 0.00288312 0.00283889 -0.000178273 0.000811594 -0.000456516 -0.000196821 0.000896634 -0.000354224 0.00036194 0.00383582 4.50449e-05 -0.000409785 0
internal_weight=14864 2656 1357 892 427 465 101 465 1299 163 264 435 364 199 12208 469 121 76 89 348 68 11739 1320 207 1100 123 66 110 1113 162
internal_count=14864 2656 1357 892 427 465 101 465 1299 163 264 435 364 199 12208 469 121 76 89 348 68 11739 1320 207 1100 123 66 110 1113 162
cat_boundaries=0 1 2 3 4
cat_threshold=1163506 1245208 593168 16392
is_linear=0
shrinkage=0.01


Tree=6
num_leaves=31
num_cat=4
split_feature=10 32 22 0 0 7 12 32 32 17 17 23 20 10 0 30 13 13 13 0 11 19 7 31 26 10 15 32 13 11
split_gain=108.578 92.0434 45.3479 28.6486 19.9353 13.6089 12.4017 6.50921 4.66464 4.61643 3.30593 2.81578 2.64927 2.44387 2.79415 3.78184 2.06605 1.35064 1.18138 0.830024 1.65378 0.701758 1.07701 0.535706 0.484115 1.69923 4.46212 5.77632 0.483549 0.417232
threshold=2729.2857142857147 131.95000000000002 2676.0400000000004 0 1 279.50000000000006 3862.0500000000006 308.55000000000007 66.250000000000014 -0.12546094329884036 -0.091260510743598464 2528.0000000000005 24.200000000000006 2485.7857142857147 2 2.2500000000000004 1604.0767831622713 1744.385811353595 1598.1012505093727 3 852.13314253600618 358.55000000000001 215.50000000000003 83.750000000000028 3.2500000000000004 1978.6428571428576 -0.27694043983797384 111.25000000000001 1689.7877168174964 143.51041110400354
decision_type=2 2 2 9 9 2 2 2 2 2 2 2 2 2 9 2 2 2 2 9 2 2 2 2 2 2 2 2 2 2
left_child=13 8 4 9 5 -3 7 -5 19 -4 17 23 -11 24 15 -15 -17 -10 -13 20 -2 -16 -23 -6 -1 -26 27 -27 -8 -12
right_child=1 2 3 6 11 -7 28 -9 10 12 29 18 -14 14 21 16 -18 -19 -20 -21 -22 22 -24 -25 25 26 -28 -29 -30 -31
leaf_value=-12.580189461865421 -1.4400155437581452 8.9567885645379164 11.822220669878471 7.5729396913121425 -3.0126672590296906 8.4579412257283586 -2.223058267991461 14.386973184821136 5.7676416664839962 645656.94796898414 5.0949069103856877 4.7828877021032996 5.5175413415098591 -15.540595836962966 -2.6412686263254863 3.1854026636292838 4.7348238702956262 8.7971485937849696 7.6358974273904447 -3.9534645401680426 5.5935452185837677 -1.4972673560676506 1.7524174525770924 2.0330067512426648 -6.7552264708007286 3.8811928550166432 -4.2802933527931737 0.77068800739238219 1.9986414656986149 -6.8660332167247571
leaf_weight=10006 93 72 405 124 259 45 61 75 33 31 31 37 49 50 280 40 31 56 55 977 30 38 30 67 1376 39 236 82 77 79
leaf_count=10006 93 72 405 124 259 45 61 75 33 31 31 37 49 50 280 40 31 56 55 977 30 38 30 67 1376 39 236 82 77 79
internal_value=-2.77162e-05 0.00180354 0.00362408 0.00510207 0.00132929 0.00477734 0.00253305 0.0042025 -9.19232e-05 0.00666835 0.0013025 0.000212121 0.00419753 -0.000427062 0.000267021 0.00151136 0.00311806 0.00272778 0.00176344 -0.000354224 0.00036194 -0.000178273 0.000666667 -0.000192661 -0.000455665 -0.000286332 0.000311452 0.00188115 0.000223021 4.50449e-05
internal_weight=14864 2656 1357 822 535 117 337 199 1299 485 199 418 80 12208 469 121 71 89 92 1100 123 348 68 326 11739 1733 357 121 138 110
internal_count=14864 2656 1357 822 535 117 337 199 1299 485 199 418 80 12208 469 121 71 89 92 1100 123 348 68 326 11739 1733 357 121 138 110
cat_boundaries=0 1 2 3 4
cat_threshold=1687794 1245208 593168 16392
is_linear=0
shrinkage=0.01


Tree=7
num_leaves=31
num_cat=3
split_feature=14 21 0 32 21 14 32 15 13 26 0 25 15 32 23 20 18 20 0 18 24 13 24 13 14 32 32 14 11 14
split_gain=67.0284 140.75 33.4812 11.091 14.2723 11.6187 10.7188 10.6436 10.2669 4.79197 3.2494 3.1709 2.40401 10.1856 3.40846 2.22313 2.20854 1.77132 1.06171 6.36325 5.5703 15.8004 0.755884 0.613153 0.590863 0.45598 0.419859 0.307352 0.156945 0.337874
threshold=-0.72101013194340913 2647.5000000000005 0 256.05000000000001 1475.5000000000002 -0.56368474752277564 280.65000000000003 0.63089349388778826 1574.1927275423025 1.0000000180025095e-35 1 28.725000000000005 -0.21022037796396451 111.25000000000001 1930.5000000000002 24.06071428571429 83.750000000000028 24.882142857142863 2 35.449999999999996 951.02500000000009 1700.2029749791657 1395.5000000000002 1609.8354362734601 -0.94975917145599731 124.25000000000001 237.60000000000005 -0.94975917145599731 852.13314253600618 -0.59869031648930193
decision_type=2 2 9 2 2 2 2 2 2 2 9 2 2 2 2 2 2 2 9 2 2 2 2 2 2 2 2 2 2 2
left_child=1 9 7 18 22 8 10 17 -6 -1 15 23 13 24 -15 -4 27 25 19 -2 -21 -22 -5 -7 -11 -3 -12 -8 -20 -30
right_child=3 2 6 4 5 11 16 -9 -10 12 26 -13 -14 14 -16 -17 -18 -19 28 20 21 -23 -24 -25 -26 -27 -28 -29 29 -31
leaf_value=5.8702166956251247 -11.649317359038569 7.683457872637864 0.88209849792549455 -16.804716405297505 1.4854603367526489 -2.7863876540889949 17.347173233469874 578187.90729343193 5.3763965212948772 3.0553158956992053 -4.313490215318998 8.5420023622112335 -3.447007080170446 -3.7370114731971058 5.4326021181735555 6.8906743804228068 13.67381624921828 12.603944189577961 -12.182602118583919 -1.8611746340050286 5.4025113315754734 -6.2511565203506425 2.5988763508444483 2.6600990789133632 3.8209524545606564 10.83894826232345 3.0768521803374211 13.258816166825918 1.5730633333305677 -11.269622548457239
leaf_weight=54 1227 30 37 403 37 75 31 52 70 31 95 40 1257 671 47 84 41 149 9588 76 39 63 31 72 40 286 59 43 32 104
leaf_count=54 1227 30 37 403 37 75 31 52 70 31 95 40 1257 671 47 84 41 149 9588 76 39 63 31 72 40 286 59 43 32 104
internal_value=-3.37707e-05 0.0012987 0.00458866 -0.000372618 0.000817558 0.00251864 0.00213217 0.00625284 0.00515278 -0.000118991 0.00105978 0.00093883 -0.000201759 0.000222152 -0.000123783 0.00219318 0.00476293 0.00686159 -0.000451438 -0.000178319 0.00156983 0.00309709 -0.000314943 0.000179054 0.0038125 0.00622082 0 0.00590667 -0.000489163 -5.83943e-05
internal_weight=14864 3007 907 11857 728 294 390 517 107 2100 275 187 2046 789 718 121 115 465 11129 1405 178 102 434 147 71 316 154 74 9724 136
internal_count=14864 3007 907 11857 728 294 390 517 107 2100 275 187 2046 789 718 121 115 465 11129 1405 178 102 434 147 71 316 154 74 9724 136
cat_boundaries=0 1 2 3
cat_threshold=1687794 2105345 1114376
is_linear=0
shrinkage=0.01


Tree=8
num_leaves=31
num_cat=3
split_feature=10 32 22 0 0 16 12 17 20 16 32 32 17 10 30 25 20 14 14 19 16 24 12 21 27 10 10 16 0 14
split_gain=98.6863 88.9278 40.8961 26.6671 19.2516 13.078 11.1588 6.57671 5.91933 5.69316 5.5029 4.06724 2.63488 2.42673 2.55217 2.03524 2.36393 0.950198 0.936729 2.9887 8.4436 0.966346 0.912747 0.765336 0.639633 0.469923 0.457276 0.389334 0.349451 0.420462
threshold=2729.2857142857147 131.95000000000002 2676.0400000000004 0 1 -0.14250758662009075 3862.0500000000006 -0.12546094329884036 24.200000000000006 0.84660111278280559 303.40000000000003 70.550000000000011 -0.15951288319385923 2485.7857142857147 2.2500000000000004 25.925000000000004 24.31785714285715 -0.44504625642270151 -0.78856175031405207 111.15000000000002 0.41203339881415796 753.00000000000011 3301.7833333333338 2580.5000000000005 25.175000000000008 4081.8571428571436 2021.5000000000002 -0.12546116083924153 2 -0.64578423485557612
decision_type=2 2 2 9 9 2 2 2 2 2 2 2 2 2 2 2 2 2 2 2 2 2 2 2 2 2 2 2 9 2
left_child=13 11 4 7 5 -3 10 -4 -9 22 -5 28 25 18 -15 16 -16 23 19 20 -1 -21 -6 -17 -8 -13 -22 -14 29 -2
right_child=1 2 3 6 9 -7 24 8 -10 -11 -12 12 27 14 15 17 -18 -19 -20 21 26 -23 -24 -25 -26 -27 -28 -29 -30 -31
leaf_value=-1.9315910773538019 1.6099733485280563 8.2607898618830085 11.581489098141594 6.8503376890818393 -2.1942635028594863 8.7831597081594222 -0.32070657583088841 636309.41413858638 5.3886821401826817 4.3365263334525483 14.561341233120874 5.651263082862906 -7.0920384917497401 -5.4346599390013139 1.0713318765181805 3.2109875341498446 4.4110942251508298 -1.7907769964047113 -13.189347874741829 1.1742807529682433 2.7038080242291107 -6.1896750140859833 9.8235805677295804 2.168337156996393 2.3173750704433953 8.6601957141349892 3.8684568176383256 4.9899327279660772 -3.870817739552963 -6.4486465230203986
leaf_weight=141 30 45 405 118 329 72 101 31 49 47 81 33 68 230 30 30 46 103 10419 37 30 1076 42 30 37 37 36 31 1006 94
leaf_count=141 30 45 405 118 329 72 101 31 49 47 81 33 68 230 30 30 46 103 10419 37 30 1076 42 30 37 37 36 31 1006 94
internal_value=-4.38615e-05 0.00170192 0.00349153 0.0048955 0.00131063 0.00469922 0.0024181 0.00640625 0.00358025 0.000212121 0.0040025 -0.000161154 0.00126765 -0.000424605 0.000267021 0.00100208 0.00236364 0.000295732 -0.000453109 -0.000189251 0.000896634 -0.000400808 -0.000176075 0.00131148 0.000223021 0.00274648 0.00383582 0.000105 -0.000384616 5.92591e-05
internal_weight=14864 2656 1357 822 535 117 337 485 80 418 199 1299 169 12208 469 239 76 163 11739 1320 207 1113 371 60 138 70 66 99 1130 124
internal_count=14864 2656 1357 822 535 117 337 485 80 418 199 1299 169 12208 469 239 76 163 11739 1320 207 1113 371 60 138 70 66 99 1130 124
cat_boundaries=0 1 2 3
cat_threshold=1687794 1245208 16392
is_linear=0
shrinkage=0.01


Tree=9
num_leaves=31
num_cat=2
split_feature=12 32 0 17 16 24 16 14 13 24 32 14 13 31 12 16 0 13 14 13 13 31 13 21 16 7 29 12 14 32
split_gain=77.4332 122.953 24.6004 27.7226 11.1132 12.0203 7.63165 4.19909 4.12971 4.08702 3.59551 2.65174 2.05702 1.89945 7.32694 13.6612 10.1741 6.67687 4.48042 1.35119 0.916432 0.369595 0.804601 0.267914 0.247563 0.214413 0.160632 0.320825 0.0191377 0.0202863
threshold=2657.233333333334 131.95000000000002 0 -0.15951288319385923 0.93771544905322102 3700.5000000000005 0.84660111278280559 -0.81923160956083974 1574.1927275423025 2211.5000000000005 70.550000000000011 -0.77786766366919291 1860.0933929458522 9.0000000000000036 1801.916666666667 0.10837544681456425 1 1690.8986705442462 -0.59176244063315286 1807.9594529478461 1648.0115982181662 11.599999999999996 1489.5031473075214 1400.5000000000002 -0.998663445439673 274.50000000000006 29.125000000000004 1622.5833333333337 -0.861146256326485 66.250000000000014
decision_type=2 2 9 2 2 2 2 2 2 2 2 2 2 2 2 2 9 2 2 2 2 2 2 2 2 2 2 2 2 2
left_child=13 10 3 12 5 7 19 -4 -6 -8 24 -12 20 -1 21 23 17 -17 -18 -5 -3 22 -15 25 -2 -16 -23 -28 -26 -30
right_child=1 2 4 6 8 -7 9 -9 -10 -11 11 -13 -14 14 15 16 18 -19 -20 -21 -22 26 -24 -25 28 -27 27 -29 29 -31
leaf_value=-12.713883973005849 1.2472076392654072 5.1558965759199911 5.5867412424608185 -1.8672701970874905 1.3792943966597335 7.9135103103243072 7.2904677570117791 -1.6018713383351404 4.863215523714417 5.3238118911172885 6.5235913720569716 -15.976703343962857 16.841602555480339 0.88182585571753269 2.6206120515295801 5.5480822264051355 3.4547721941134388 5.0565305698622254 -0.12671729072747931 445450.1908535214 12.336848463299766 -7.714007716641925 -7.6661422251109501 -4.6994186184458 -0.28189482409406535 -6.1266409244287274 -3.1003121993405331 2.0590709106283054 -8.7480337581786394 -3.3530173395865983
leaf_weight=7851 49 50 362 72 31 51 33 113 65 43 59 50 35 50 30 71 56 30 151 34 283 3050 122 431 30 37 113 48 1434 30
leaf_count=7851 49 50 362 72 31 51 33 113 65 43 59 50 35 50 30 71 56 30 151 34 283 3050 122 431 30 37 113 48 1434 30
internal_value=-4.92433e-05 0.00144 0.00391645 0.00548128 0.00238389 0.00181594 0.00228962 0.00128676 0.00558763 0.0047013 -0.00031216 0.00141364 0.00717073 -0.000399469 -0.000223031 0.000628253 0.00228479 0.00472768 0.000763761 0.000439252 0.00746557 -0.00042893 0 -0.000378758 -0.000441386 9.55881e-05 -0.000453145 -6.48149e-05 -0.000466221 -0.000472355
internal_weight=14864 2824 1172 550 622 526 182 475 96 76 1652 109 368 12040 4189 806 308 101 207 106 333 3383 172 498 1543 67 3211 161 1494 1464
internal_count=14864 2824 1172 550 622 526 182 475 96 76 1652 109 368 12040 4189 806 308 101 207 106 333 3383 172 498 1543 67 3211 161 1494 1464
cat_boundaries=0 1 2
cat_threshold=1818706 1116616
is_linear=0
shrinkage=0.01


Tree=10
num_leaves=31
num_cat=0
split_feature=10 32 21 13 7 13 31 7 19 32 11 14 13 10 32 32 13 13 21 14 20 7 32 10 13 13 13 11 7 17
split_gain=96.1 85.4024 44.5275 12.4581 11.4536 8.86298 4.87902 6.14687 4.72559 4.1464 3.97886 2.1287 2.57918 1.97842 1.82017 1.74031 1.37672 1.65699 1.00779 0.881853 2.05091 1.86016 4.47141 0.739815 0.647767 1.67477 0.463152 0.387758 0.179 0.228138
threshold=2729.2857142857147 131.95000000000002 2600.5000000000005 1681.9341497079029 314.50000000000006 1860.0933929458522 83.750000000000028 207.50000000000003 268.35000000000008 70.550000000000011 198.80595947758636 -0.77786766366919291 1744.385811353595 2551.928571428572 352.25000000000006 187.75000000000003 1632.8295615275815 1580.2599258525127 2125.5700000000002 -0.78856175031405207 24.467857142857145 262.50000000000006 111.25000000000001 3386.1428571428573 1735.1855498918756 1609.8354362734601 1655.3539240168514 37.796447300972069 324.50000000000006 -0.022576210847469604
decision_type=2 2 2 2 2 2 2 2 2 2 2 2 2 2 2 2 2 2 2 2 2 2 2 2 2 2 2 2 2 2
left_child=13 9 6 8 5 -5 16 18 10 28 -4 12 -11 19 -10 -15 17 -3 -8 20 -1 22 -22 -18 25 27 -13 -17 29 -2
right_child=1 2 3 4 -6 -7 7 -9 14 11 -12 26 -14 15 -16 24 23 -19 -20 -21 21 -23 -24 -25 -26 -27 -28 -29 -30 -31
leaf_value=-7.1352707085602152 -0.9082742412990209 -0.042211355052604066 5.9676469312693632 11.011061293610073 317047.03361003398 14.342889589541844 4.2156442609324429 9.3939112288791318 7.3453019551884235 2.3109940316757731 4.7717254664758117 4.8188622318152872 8.3148568771148987 -2.7402032261653084 3.4952330268206224 -1.3926037012312145 -3.2511044986216535 5.8730023715823405 -3.5767174643455286 -12.800910064547889 3.1765343747299983 -2.04610199536874 0.13185140049865751 4.9811157827591312 -1.3152264661900612 4.4359407075419579 -3.635549108635554 2.6662513731469697 -13.951582123290853 1.2704495805368969
leaf_weight=898 291 53 49 497 36 75 30 33 134 33 89 36 42 185 37 30 223 43 33 10640 70 172 210 36 34 37 65 67 739 104
leaf_count=898 291 53 49 497 36 75 30 33 134 33 89 36 42 185 37 30 223 43 33 10640 70 172 210 36 34 37 65 67 739 104
internal_value=-5.462e-05 0.00166144 0.00340833 0.00467484 0.00552709 0.00587086 0.000806416 0.00280412 0.00295323 -0.000156369 0.00144604 0.00125424 0.00253289 -0.00042786 0.00409593 0.000292373 0.000231741 0.00125773 0.000757812 -0.000449921 -0.000196151 0.000339956 0.000854092 -0.000113462 0.00104142 0.00135556 0.000191176 0.00052551 -0.000385022 -0.000170455
internal_weight=15021 2678 1368 917 608 572 451 96 309 1310 138 176 75 12343 171 353 355 96 63 11990 1350 452 280 259 168 134 101 97 1134 395
internal_count=15021 2678 1368 917 608 572 451 96 309 1310 138 176 75 12343 171 353 355 96 63 11990 1350 452 280 259 168 134 101 97 1134 395
is_linear=0
shrinkage=0.01


Tree=11
num_leaves=31
num_cat=0
split_feature=10 31 21 13 14 13 7 20 26 14 12 12 13 10 30 14 13 24 25 13 25 14 20 7 12 23 20 12 14 21
split_gain=93.6388 72.2173 33.8861 12.1381 9.21974 6.30416 4.84789 4.83549 5.27365 4.45024 18.4439 3.39868 2.97523 1.82863 1.44224 1.88699 1.40313 1.34123 1.25976 1.07687 1.3938 0.869401 2.05091 1.86016 4.98683 0.564428 0.412765 0.401484 0.348178 0.693018
threshold=2729.2857142857147 12.000000000000004 2647.5000000000005 1681.9341497079029 -0.94975917145599731 1860.0933929458522 270.50000000000006 24.653571428571432 0.15000000000000005 -0.77786766366919291 3513.8333333333339 3800.0500000000006 1807.9594529478461 2551.928571428572 2.2500000000000004 -0.56368474752277564 1700.2029749791657 3395.0000000000005 24.125000000000004 1672.4293854152163 29.075000000000006 -0.78856175031405207 24.467857142857145 262.50000000000006 1801.916666666667 1395.5000000000002 23.946428571428577 2736.166666666667 -0.68430824382591193 4250.5000000000009
decision_type=2 2 2 2 2 2 2 2 2 2 2 2 2 2 2 2 2 2 2 2 2 2 2 2 2 2 2 2 2 2
left_child=13 4 7 11 -2 12 -7 8 -3 10 -6 18 -5 21 -15 -16 -10 -13 -4 20 -9 22 -1 24 -24 -17 -12 -21 29 -11
right_child=1 2 3 5 9 6 -8 19 16 28 26 17 -14 14 15 25 -18 -19 -20 27 -22 -23 23 -25 -26 -27 -28 -29 -30 -31
leaf_value=-7.0639180014746126 10.778140824208194 6.0380554382059577 7.6958815506400695 10.994423027391825 -1.194242442557568 14.79805672492385 -1.8196582720779577 4.1867622623588439 8.110683173531168 -3.0450895704389329 8.496637514187988 -0.027239338398522828 7.5404402984863728 -4.8236284305668082 4.0991120960018232 4.357737577580914 -3.5852914220874323 9.3440870799141713 6.6097784835073163 -2.9793095578020736 0.85141435639510055 -12.672900963902412 0.17775468339150585 -2.0256409754150537 3.2073944644300298 -0.40238842619239701 7.5704406131630835 3.8620051741309118 -12.031331036824044 1282637.5775738996
leaf_weight=898 49 34 36 368 273 41 31 37 82 100 32 53 72 151 43 38 36 35 174 137 85 10640 223 172 57 121 54 31 875 43
leaf_count=898 49 34 36 368 273 41 31 37 82 100 32 53 72 151 43 38 36 35 174 137 85 10640 223 172 57 121 54 31 875 43
internal_value=-5.86142e-05 0.00163531 0.00338707 0.00460543 8.89978e-05 0.00556335 0.00252055 0.00112641 0.00257516 -5.69667e-05 0.000890278 0.00291304 0.00603175 -0.00042705 0.000264124 0.000832512 0.00143697 0.00107865 0.00362559 0.00032646 0.00104878 -0.000448253 -0.000196151 0.000339956 0.000854092 0.000253125 0.00490805 -0.000142012 -0.000401374 0
internal_weight=15021 2678 1252 810 1426 512 72 442 152 1377 359 298 440 12343 353 202 118 88 210 290 122 11990 1350 452 280 159 86 168 1018 143
internal_count=15021 2678 1252 810 1426 512 72 442 152 1377 359 298 440 12343 353 202 118 88 210 290 122 11990 1350 452 280 159 86 168 1018 143
is_linear=0
shrinkage=0.01


Tree=12
num_leaves=31
num_cat=0
split_feature=10 32 21 13 7 13 31 7 32 11 32 14 13 10 30 25 13 7 12 14 24 32 7 12 10 7 15 14 13 24
split_gain=90.2343 80.4837 43.3557 11.8413 10.5786 8.33342 5.2733 6.95427 4.22109 3.66308 3.34565 2.23068 2.57918 1.33047 1.43033 1.4712 1.24313 1.52282 1.07701 0.857827 2.37647 1.77434 6.18207 0.66463 0.660758 0.418503 0.27539 0.189237 0.0463584 0.0346726
threshold=2708.9828571428579 131.95000000000002 2600.5000000000005 1681.9341497079029 314.50000000000006 1860.0933929458522 83.750000000000028 207.50000000000003 70.550000000000011 330.42811245988605 233.25000000000003 -0.77786766366919291 1744.385811353595 2514.928571428572 2.2500000000000004 25.925000000000004 1744.385811353595 192.50000000000003 2683.3666666666672 -0.70898476237405783 753.00000000000011 111.25000000000001 260.50000000000006 2171.3920000000007 1969.3571428571431 212.50000000000003 0.42763731121559989 -0.91936887716170002 1314.273114036607 1472.5000000000002
decision_type=2 2 2 2 2 2 2 2 2 2 2 2 2 2 2 2 2 2 2 2 2 2 2 2 2 2 2 2 2 2
left_child=13 8 6 9 5 -5 16 18 26 10 -4 12 -10 19 -15 -16 17 -3 -8 20 24 22 -22 -13 -1 29 27 -2 -21 -17
right_child=1 2 3 4 -6 -7 7 -9 11 -11 -12 23 -14 14 15 25 -18 -19 -20 28 21 -23 -24 -25 -26 -27 -28 -29 -30 -31
leaf_value=0.43116420741930195 -0.71143093234953259 -3.4652251865556845 6.4109084946000623 10.74575092282428 310670.06491661281 14.05148012639718 4.1214380896324228 8.8138061821805529 2.2638953287738475 2.62489162915413 6.9356601065998857 4.8076344028020337 8.1467419332018753 -4.7830988942107284 4.2391796692640149 -1.944151216735643 -4.0613434836545625 4.8872437701464371 -3.304338277101047 -8.9291692518010777 3.1259219909178233 -6.2998730956305922 -1.9791723787173374 -4.2621440421945227 1.5983995557572905 3.6615416280288686 -4.1348392723203595 2.9172602337831446 -12.832721000667348 0.031947187893617029
leaf_weight=36 37 91 69 507 36 75 30 36 33 58 190 30 42 177 44 53 166 116 38 103 67 1285 212 75 30 47 1072 32 10204 30
leaf_count=36 37 91 69 507 36 75 30 36 33 58 190 30 42 177 44 53 166 116 38 103 67 1285 212 75 30 47 1072 32 10204 30
internal_value=-6.46054e-05 0.00157772 0.00323708 0.00448985 0.00531664 0.00564151 0.000756276 0.00274286 -0.000189486 0.00283491 0.00334808 0.00121547 0.00253289 -0.000430792 0.000154829 0.000817143 0.000169786 0.000704327 0.000666667 -0.000448861 -0.000223789 -0.000307987 0.000394643 0.000165094 0.00159701 0.00019084 -0.000420753 7.85713e-05 -0.00048346 -0.000136905
internal_weight=15021 2733 1412 935 618 582 477 104 1321 317 259 180 75 12288 351 174 373 207 68 11937 1630 1564 279 105 66 130 1141 69 10307 83
internal_count=15021 2733 1412 935 618 582 477 104 1321 317 259 180 75 12288 351 174 373 207 68 11937 1630 1564 279 105 66 130 1141 69 10307 83
is_linear=0
shrinkage=0.01


Tree=13
num_leaves=31
num_cat=4
split_feature=10 32 22 0 0 25 14 32 32 14 0 25 14 13 13 10 32 18 14 20 24 32 12 31 33 23 15 0 13 13
split_gain=86.0495 75.8836 38.5996 22.3014 14.0303 14.6702 13.5164 11.3093 4.17496 3.52836 3.39655 2.71623 2.23068 2.57918 1.34689 1.31605 1.35687 1.1973 0.935516 2.40518 1.7984 1.44926 0.66463 0.66138 1.00515 0.625654 0.328323 0.167069 0.535214 1.71291
threshold=2708.9828571428579 131.95000000000002 2647.5000000000005 0 1 25.125000000000004 -0.56368474752277564 303.40000000000003 70.550000000000011 -0.9442364261229238 2 24.725000000000005 -0.77786766366919291 1744.385811353595 1754.8665133735465 2514.928571428572 187.75000000000003 106.65000000000002 -0.70898476237405783 24.425000000000004 753.00000000000011 111.25000000000001 2171.3920000000007 103.15000000000002 2.9400000000000008 2528.0000000000005 0.50370931781787065 3 1653.4350955071297 1637.1740821234723
decision_type=2 2 2 9 9 2 2 2 2 2 9 2 2 2 2 2 2 2 2 2 2 2 2 2 2 2 2 9 2 2
left_child=15 8 4 6 5 14 9 10 26 -4 -5 -9 13 -10 -3 18 -17 25 19 -1 -21 -22 -14 24 -18 -6 -2 28 29 -20
right_child=1 2 3 7 17 -7 -8 11 12 -11 -12 -13 22 -15 -16 16 23 -19 27 20 21 -23 -24 -25 -26 -27 -28 -29 -30 -31
leaf_value=-7.6514813819273044 0.021199748672264065 7.0348132627439952 12.225327802585909 6.5468636080770466 -2.9629277562948215 9.9988776487427042 -2.0387728032944641 13.338881380890184 2.2412563754861057 7.0541487630545401 1.5450302781793093 12.778267427336814 4.7595580587740107 8.0652745138698538 -16.227543771606047 -2.5538489856728859 4.1912661594560578 2.6275828847974991 -2.5540347596838275 0.88055169091429475 1.795950063575799 -2.6282152816581994 -4.219522601772578 -0.050835739087423233 0.048929315507766032 2.1075360751082686 -5.4194106561713626 -12.716173411149162 -16.622534468927437 1.5045603178487863
leaf_weight=1101 117 30 220 100 301 48 32 56 33 279 162 64 30 42 36 213 52 47 76 54 193 282 75 45 41 37 1024 9932 268 31
leaf_count=1101 117 30 220 100 301 48 32 56 33 279 162 64 30 42 36 213 52 47 76 54 193 282 75 45 41 37 1024 9932 268 31
internal_value=-6.99309e-05 0.00153383 0.00314508 0.00436926 0.000881 0.003784 0.00570941 0.00226209 -0.000181921 0.006221 0.00109886 0.00487603 0.00121547 0.00253289 0.000850746 -0.000427537 0.000154829 -5.68183e-05 -0.00044551 -0.000211527 0.000331132 0.000110294 0.000165094 0.000942446 0.00142021 -0.000292036 -0.000411997 -0.000481519 -0.000200777 0.000337963
internal_weight=15021 2733 1412 913 499 114 531 382 1321 499 262 120 180 75 66 12288 351 385 11937 1630 529 475 105 138 93 338 1141 10307 375 107
internal_count=15021 2733 1412 913 499 114 531 382 1321 499 262 120 180 75 66 12288 351 385 11937 1630 529 475 105 138 93 338 1141 10307 375 107
cat_boundaries=0 1 2 3 4
cat_threshold=1687794 1118232 2105345 1048576
is_linear=0
shrinkage=0.01


Tree=14
num_leaves=31
num_cat=2
split_feature=10 19 21 0 15 19 0 25 17 32 24 31 16 29 7 10 32 17 16 10 15 7 32 32 25 15 23 13 21 20
split_gain=85.161 74.7898 40.188 21.9857 14.9079 12.2704 10.9202 16.3656 3.72677 3.57446 3.46615 2.64954 1.88658 1.4516 3.26584 1.31965 1.35687 0.732402 0.700057 0.553299 5.37959 2.84936 2.95911 0.529252 0.499944 0.305424 0.231696 0.193284 0.162409 0.154817
threshold=2708.9828571428579 131.75000000000003 2647.5000000000005 0 -0.82899557272681157 308.55000000000007 1 24.775000000000002 -0.77652946334914841 70.550000000000011 3690.0000000000005 77.250000000000014 0.76558307451930629 24.925000000000008 313.50000000000006 2514.928571428572 187.75000000000003 -0.29343329057636974 0.93771544905322102 1871.5000000000002 -0.21022037796396451 235.50000000000003 111.25000000000001 323.45000000000005 27.125000000000004 0.50370931781787065 1510.5000000000002 1720.899885378609 1347.5000000000002 25.282142857142862
decision_type=2 2 2 9 2 2 9 2 2 2 2 2 2 2 2 2 2 2 2 2 2 2 2 2 2 2 2 2 2 2
left_child=15 9 6 4 -4 10 7 27 -6 25 -5 -7 -8 14 17 19 28 -11 23 -1 21 24 -23 -18 -21 29 -15 -3 -17 -2
right_child=1 2 3 5 8 11 12 -9 -10 13 -12 -13 -14 26 -16 16 18 -19 -20 20 -22 22 -24 -25 -26 -27 -28 -29 -30 -31
leaf_value=-11.559803743643441 0.38167958081224873 0.57840833886233356 -2.0206302289830571 2.6303441717473395 12.096885843981918 12.445502744569962 -2.0318232539272532 10.436092875239055 7.3298006376080949 4.3184645324403119 6.1578788519653438 12.633342191286884 2.753235203692578 0.89535658154232023 -17.357436436466681 2.0109725559374847 3.5268029227879167 6.9013656448182585 4.0780758483010775 1.051328987387522 -9.9538547826763555 3.0987481113385904 0.79550237576509408 -0.69878952852620235 -9.3658667563353752 -5.3652165496096496 -2.7007637896963668 -16.408111566573758 -4.0277144839246128 -0.77522314392584524
leaf_weight=9176 66 30 36 238 222 79 325 43 288 32 31 48 43 31 36 30 54 30 31 96 2362 62 115 53 126 1024 50 30 183 51
leaf_count=9176 66 30 36 238 222 79 325 43 288 32 31 48 43 31 36 30 54 30 31 96 2362 62 115 53 126 1024 50 30 183 51
internal_value=-7.25936e-05 0.00152286 0.00312129 0.00431495 0.00563196 0.00226536 0.000708686 0.00340789 0.00617417 -0.000181681 0.00105741 0.00489453 -0.000116095 0.00111389 0.00192929 -0.000428351 0.000154829 0.00331746 0.000942446 -0.000446348 -0.00031155 0.00075125 0.00169382 0.000430555 0 -0.000394483 0 0.000163934 -0.000310748 1.27117e-05
internal_weight=15021 2733 1413 942 546 396 471 103 510 1320 269 127 368 179 98 12288 351 62 138 11937 2761 399 177 107 222 1141 81 60 213 117
internal_count=15021 2733 1413 942 546 396 471 103 510 1320 269 127 368 179 98 12288 351 62 138 11937 2761 399 177 107 222 1141 81 60 213 117
cat_boundaries=0 1 2
cat_threshold=1687794 1126408
is_linear=0
shrinkage=0.01


Tree=15
num_leaves=31
num_cat=3
split_feature=10 32 21 0 0 25 15 13 31 13 16 18 10 32 16 13 14 20 15 32 32 23 14 15 10 14 22 0 13 13
split_gain=78.7851 69.4477 36.5046 21.5074 16.8943 15.8511 14.186 8.18248 4.77868 3.96411 3.68482 1.85145 1.32406 1.75737 1.75446 1.15003 0.972048 2.65789 2.41406 6.6683 0.946844 0.785141 0.626384 0.52099 0.506415 0.49902 0.34505 0.327171 0.887869 3.30976
threshold=2708.9828571428579 87.550000000000011 2676.0400000000004 0 1 25.125000000000004 0.21652257995689161 1648.0115982181662 95.450000000000031 1684.688717709306 0.8277925332691819 33.800000000000018 2485.7857142857147 283.65000000000009 0.86440767487108461 1739.4909713028924 -0.78856175031405207 24.467857142857145 -0.25206183926700709 111.25000000000001 69.350000000000023 4000.5000000000005 -0.77786766366919291 0.42763731121559989 3614.3571428571436 -0.91936887716170002 1347.5000000000002 2 1653.4350955071297 1639.5691105769233
decision_type=2 2 2 9 9 2 2 2 2 2 2 2 2 2 2 2 2 2 2 2 2 2 2 2 2 2 2 9 2 2
left_child=12 20 4 7 5 15 9 11 -9 -5 24 -4 16 26 -15 -3 17 -1 19 -19 23 -8 -22 25 -6 -2 -14 28 29 -18
right_child=1 2 3 6 10 -7 21 8 -10 -11 -12 -13 13 14 -16 -17 27 18 -20 -21 22 -23 -24 -25 -26 -27 -28 -29 -30 -31
leaf_value=-6.8091198075419559 -0.66351835334614861 6.7141575870939931 0.20903058002707289 6.1352103025696385 -2.8701021360205115 9.3647076210659179 -3.0103126190102931 12.010834455657651 8.3211122347759847 12.507008687631833 3.1193088483350331 3.6470020612509 3.8550135542878468 -1.2545896516900465 3.7011933063342775 -16.064446728912777 -2.5486108191535095 3.1666028767507171 -1.7538356178187189 0.071449494910964542 6.3912503670269967 2.0319984417964241 -5.3059559973762473 -4.8486886206789208 4.2572357487187586 3.311909947726527 -3.3381658786875925 -12.488436712759233 -16.318120465037538 1.3908257960018182
leaf_weight=909 35 33 32 143 367 60 108 346 56 128 53 31 40 53 58 35 82 63 166 197 36 59 35 1077 45 32 253 10138 283 30
leaf_count=909 35 33 32 143 367 60 108 346 56 128 53 31 40 53 58 35 82 63 166 197 36 59 35 1077 45 32 253 10138 283 30
internal_value=-8.35225e-05 0.00145815 0.00290047 0.00416869 0.000948653 0.004 0.00234076 0.00568803 0.00634988 0.00380331 0 0.00216406 -0.000424998 0.000118518 0.00120089 0.000811594 -0.000444351 -0.00017777 0.000461358 0.0010728 -0.000310444 3.86904e-05 0.000756944 -0.000386026 -0.000305085 0.000389706 -0.000260204 -0.000477169 -0.000141626 0.000566372
internal_weight=14983 2711 1496 903 593 128 438 465 402 271 465 63 12272 404 111 68 11868 1335 426 260 1215 167 71 1144 412 67 293 10533 395 112
internal_count=14983 2711 1496 903 593 128 438 465 402 271 465 63 12272 404 111 68 11868 1335 426 260 1215 167 71 1144 412 67 293 10533 395 112
cat_boundaries=0 1 2 3
cat_threshold=1171634 1118232 1048576
is_linear=0
shrinkage=0.01


Tree=16
num_leaves=31
num_cat=4
split_feature=10 19 21 0 14 0 25 19 13 31 32 12 17 20 15 0 20 10 30 14 13 14 20 15 12 13 15 14 0 13
split_gain=77.0135 68.4792 35.0973 17.6185 13.0479 11.6904 15.9177 11.5048 5.64826 4.50178 3.36667 2.91666 1.58556 2.46847 1.53873 1.24394 2.69868 1.21774 1.55101 1.85891 1.29185 0.972048 2.65789 2.41406 7.63123 0.592759 0.52099 0.49902 0.327171 0.887869
threshold=2708.9828571428579 131.75000000000003 2676.0400000000004 0 -0.56368474752277564 1 25.375000000000004 308.55000000000007 1643.9295631777884 85.550000000000026 69.350000000000023 3862.0500000000006 -0.15951288319385923 24.003571428571433 -0.12545862287572049 2 24.31785714285715 2485.7857142857147 2.4500000000000006 -0.49064630004295678 1574.1927275423025 -0.78856175031405207 24.467857142857145 -0.25206183926700709 1801.916666666667 1657.9151781518399 0.42763731121559989 -0.91936887716170002 3 1653.4350955071297
decision_type=2 2 2 9 2 9 2 2 2 2 2 2 2 2 2 9 2 2 2 2 2 2 2 2 2 2 2 2 9 2
left_child=17 10 5 4 8 6 14 11 -4 -9 26 -5 13 -12 -3 16 -7 21 -19 20 -20 22 -1 24 -24 -14 27 -2 29 -23
right_child=1 2 3 7 -6 15 -8 9 -10 -11 12 -13 25 -15 -16 -17 -18 18 19 -21 -22 28 23 -25 -26 -27 -28 -29 -30 -31
leaf_value=-6.7410286094665341 -0.65688316981268602 4.3389506773388931 2.514841566823625 6.9434988902427985 -2.0714655189783793 3.5132202987309582 10.452966902865926 11.940771696574489 11.585527191329273 12.729976224217184 6.6594810089520529 0.72037751884397305 2.0802524403344238 2.1371759297438309 -8.6884336218345162 -1.562226747144531 -0.47531178773013699 -5.0928754784682715 1.0744521360657349 -0.052673895203005902 3.7261685320391464 0.7968062323553422 0.3873516736644142 -1.7362972616405308 3.3337988633141595 -3.4084161509096522 -4.8002017344721333 3.2787908482492645 -12.363552345631641 -16.15493926038716
leaf_weight=909 35 34 45 121 32 33 41 84 396 34 33 145 51 40 49 295 72 217 37 111 39 112 209 166 51 62 1077 32 10138 283
leaf_count=909 35 34 45 121 32 33 41 84 396 34 33 145 51 40 49 295 72 217 37 111 39 112 209 166 51 62 1077 32 10138 283
internal_value=-8.81942e-05 0.00143602 0.0029953 0.00424417 0.00556508 0.000929524 0.00346667 0.00237468 0.00613009 0.00505042 -0.000176559 0.00122472 0.00105348 0.00220946 0.00105357 2.43308e-05 0.000926724 -0.000425813 9.3827e-05 0.000779255 0.00197403 -0.000444351 -0.00017777 0.000461358 0.0010728 0.00020614 -0.000386026 0.000389706 -0.000477169 -0.000141626
internal_weight=14983 2711 1381 857 473 524 124 384 441 118 1330 266 186 73 83 400 105 12272 404 187 76 11868 1335 426 260 113 1144 67 10533 395
internal_count=14983 2711 1381 857 473 524 124 384 441 118 1330 266 186 73 83 400 105 12272 404 187 76 11868 1335 426 260 113 1144 67 10533 395
cat_boundaries=0 1 2 3 4
cat_threshold=1163506 1122328 169986 1048576
is_linear=0
shrinkage=0.01


Tree=17
num_leaves=27
num_cat=0
split_feature=10 19 21 7 14 16 24 10 32 25 17 20 10 15 7 19 22 19 16 16 15 14 30 20 10 16
split_gain=73.3329 64.7881 33.4458 9.48439 9.19567 8.16796 5.47352 3.9519 3.08499 2.6132 1.36253 2.87246 1.19751 7.75548 4.78402 4.17367 1.65425 1.24873 0.983019 0.695564 0.509474 0.49902 0.104109 0.0651997 0.408577 0.00662136
threshold=2708.9828571428579 131.75000000000003 2676.0400000000004 313.50000000000006 -0.56368474752277564 0.78725952717486247 3690.0000000000005 3785.0771428571434 69.350000000000023 24.725000000000005 -0.15951288319385923 24.003571428571433 1892.9285714285718 -0.25206183926700709 247.50000000000003 108.65000000000002 1111.5000000000002 284.25000000000006 0.31596169403973995 -0.12546116083924153 0.42763731121559989 -0.91936887716170002 14.850000000000003 24.239285714285717 4271.5000000000009 -0.998663445439673
decision_type=2 2 2 2 2 2 2 2 2 2 2 2 2 2 2 2 2 2 2 2 2 2 2 2 2 2
left_child=12 8 5 4 6 7 -4 18 20 -7 11 -10 -1 14 16 -16 -14 -18 -3 -12 21 -2 -15 25 -25 -22
right_child=1 2 3 -5 -6 9 -8 -9 10 -11 19 -13 13 22 15 -17 17 -19 -20 -21 23 -23 -24 24 -26 -27
leaf_value=-11.289876193355163 -0.65031433811456141 -7.1580023020261079 9.9462403104733639 -10.996379312670928 -1.9652507220670055 3.0910838035392949 11.021650625912535 7.5947671314140512 6.5928861988625345 9.2909420714066719 -10.238792368786829 2.1158041704463955 2.9281646410555653 -6.6291235228044307 3.4994144871629453 0.95501482571931295 -0.29280275055834398 3.057274199810645 1.534917373549554 2.5044055888783268 -3.9217806875718044 3.2460029397667682 -1.8850166204698555 -2.3737199522260872 0.35505578225111478 -6.8022874889112614
leaf_weight=9321 35 246 636 50 37 30 134 48 33 58 66 40 59 2375 40 31 325 84 142 47 36 32 37 143 31 867
leaf_count=9321 35 246 636 50 37 30 134 48 33 58 66 40 59 2375 40 31 325 84 142 47 36 32 37 143 31 867
internal_value=-9.55354e-05 0.00139178 0.00290847 0.00412762 0.00438923 0.000891428 0.00462386 0.000302059 -0.000176559 0.00366292 0.001 0.00207432 -0.000424998 -0.000242378 0.000834259 0.00325694 0.000439232 0.000184146 -1.02829e-05 0.00020614 -0.000377293 0.000389706 -0.00048736 -0.000434601 -0.000154286 -0.000477323
internal_weight=14983 2711 1381 857 807 524 770 436 1330 88 186 73 12272 2951 539 71 468 409 388 113 1144 67 2412 1077 174 903
internal_count=14983 2711 1381 857 807 524 770 436 1330 88 186 73 12272 2951 539 71 468 409 388 113 1144 67 2412 1077 174 903
is_linear=0
shrinkage=0.01


Tree=18
num_leaves=30
num_cat=0
split_feature=12 32 17 7 13 13 32 18 12 16 7 13 32 23 13 21 11 11 16 7 12 13 21 13 19 16 12 13 13
split_gain=54.7888 91.0547 17.6771 14.6486 17.4593 12.0033 2.76429 1.5973 5.04816 11.8127 3.94113 2.36246 0.998687 0.615606 0.900429 0.594695 0.483568 0.350696 1.04703 1.4885 0.261332 0.184089 0.0868804 0.0417124 0.0400139 0.0399264 0.229535 0.0303024 0.00253696
threshold=2657.233333333334 89.600000000000009 0.5475998096715059 313.50000000000006 1681.9341497079029 1865.1677532218089 237.60000000000005 8.2999999999999847 1801.916666666667 0.31596169403973995 220.50000000000003 1601.1053055226787 69.350000000000023 1377.5000000000002 1585.1466896030108 3990.0000000000005 114.30431396259446 127.37187705464939 0.77241981449888963 232.50000000000003 1657.8166666666668 1314.273114036607 1400.5000000000002 1330.3697784988283 160.55000000000004 -0.98803388382128665 4553.8833333333341 1314.273114036607 1642.2149819337428
decision_type=2 2 2 2 2 2 2 2 2 2 2 2 2 2 2 2 2 2 2 2 2 2 2 2 2 2 2 2 2
left_child=7 12 3 4 6 -6 -3 21 17 13 11 -11 25 14 -10 -14 -12 23 20 -20 -19 -1 -15 27 -5 26 -2 -9 -4
right_child=1 2 28 24 5 -7 -8 8 9 10 16 -13 15 22 -16 -17 -18 18 19 -21 -22 -23 -24 -25 -26 -27 -28 -29 -30
leaf_value=1.7979288195757379 -3.7416584057108691 5.1200620390355063 -1.9325896598653187 -16.564808222429082 9.9488287261755008 12.734654500784393 6.0697821247635089 -9.6117016011959642 -2.2546041904314515 0.48531492097598816 3.1940380869916227 3.9957562495410253 -0.65264521418169552 -1.9879442032702082 3.4714204413671887 6.8591004824692394 4.385173672255906 -11.753995605912904 -0.10684257060034538 1.1560322538714638 -0.49670670732019856 -11.819368575298915 -3.7036880698492474 -7.7810018705647259 687027.41796844488 -9.2456070906237695 0.80351512155174531 0.0068752718679927225 -2.4362840151934635
leaf_weight=42 120 89 30 59 535 96 285 49 47 86 35 76 32 36 36 30 42 572 138 42 107 7875 477 2440 30 1402 31 53 91
leaf_count=42 120 89 30 59 535 96 285 49 47 86 35 76 32 36 36 30 42 572 138 42 107 7875 477 2440 30 1402 31 53 91
internal_value=-0.000102209 0.00114977 0.00321752 0.00361918 0.00396372 0.0049913 0.00219467 -0.000394644 -0.000233184 0.000457536 0.00233542 0.00134356 -0.000400681 -0.000281407 0.000458333 0.000777778 0.00425 -0.000405791 -0.000208721 0.000441989 -0.000396324 -0.00047973 -0.000421206 -0.000468345 -0.000161111 -0.000454633 -0.000167763 -0.000106796 -0.000331967
internal_weight=14983 2830 1215 1094 1005 631 374 12153 4236 835 239 162 1615 596 83 62 77 3401 859 180 679 7917 513 2542 89 1553 151 102 121
internal_count=14983 2830 1215 1094 1005 631 374 12153 4236 835 239 162 1615 596 83 62 77 3401 859 180 679 7917 513 2542 89 1553 151 102 121
is_linear=0
shrinkage=0.01


Tree=19
num_leaves=31
num_cat=2
split_feature=14 21 0 19 21 14 13 13 7 25 16 13 13 7 19 11 22 0 31 13 23 14 23 27 24 32 24 21 30 13
split_gain=46.5385 92.3059 22.6233 9.94608 13.4013 15.2769 8.76378 5.3646 14.3279 4.32089 3.26792 2.91211 4.38908 2.74047 9.14889 4.70887 1.8101 1.61026 5.24145 5.60662 13.1121 0.869383 1.30197 0.821962 0.625299 0.533285 0.371762 0.184172 0.168807 0.162678
threshold=-0.75579217237767959 2676.0400000000004 0 271.25000000000006 1610.5000000000002 -0.56368474752277564 1574.1927275423025 1865.1677532218089 270.50000000000006 27.275000000000002 -0.8431462759492121 1816.7078089765043 1686.60801913616 262.50000000000006 111.15000000000002 131.83683999912006 2245.5000000000005 1 32.550000000000018 1692.3964768878548 977.50000000000011 0.98049069993378934 1285.3450000000003 24.725000000000005 1395.5000000000002 219.35000000000005 1977.5000000000002 2500.5000000000005 20.950000000000006 1672.4293854152163
decision_type=2 2 9 2 2 2 2 2 2 2 2 2 2 2 2 2 2 9 2 2 2 2 2 2 2 2 2 2 2 2
left_child=1 9 7 17 24 6 -6 8 25 13 -4 12 -12 14 23 -16 -7 18 21 20 -20 -2 -23 -1 -5 -3 -15 -18 -19 -30
right_child=3 2 10 4 5 16 -8 -9 -10 -11 11 -13 -14 26 15 -17 27 28 19 -21 -22 22 -24 -25 -26 -27 -28 -29 29 -31
leaf_value=2.5879731786144653 -10.480210973750255 11.191604863959528 -0.95853865496661061 -16.887095074484343 0.63084866220506386 2.8681850798222208 4.373728644913836 13.609545486180966 12.152498448555077 5.8164556482987413 5.7649413284619087 -0.68088534567463765 9.5093155047944826 -3.6390806897498487 -3.2453418344541354 4.3460981884957635 1.5048997339990273 -10.839162794123549 -0.79395457527507463 -6.7504650131849804 9.3861575172244454 1.5928990313169198 -24.514936656502133 3.550601891399582 1.745063399959434 3.1241902064489695 0.024653827202265402 -1.7624854859002548 0.68988353302263605 -4.6310305595902284
leaf_weight=31 766 46 43 382 34 33 81 50 192 31 145 31 168 1117 587 106 32 10379 41 70 34 42 62 34 37 90 104 90 47 78
leaf_count=31 766 46 43 382 34 33 81 50 192 31 145 31 168 1117 587 106 32 10379 41 70 34 42 62 34 37 90 104 90 47 78
internal_value=-0.000104211 0.00106358 0.00401762 -0.000370546 0.00079058 0.00252768 0.00528017 0.00576093 0.00640122 -5.71856e-05 0.00207663 0.00245797 0.00275 -0.00012096 0.000343873 0 0.000400641 -0.000440929 -4.62964e-05 0.00169521 0.00358553 -0.000350172 0.000457143 0.00390152 -0.000308333 0.00373723 -0.000417758 -8.9431e-05 -0.000477604 -1.98414e-05
internal_weight=14983 2775 765 12208 689 270 115 378 328 2010 387 344 313 1979 758 693 155 11519 1015 145 75 870 104 65 419 136 1221 122 10504 125
internal_count=14983 2775 765 12208 689 270 115 378 328 2010 387 344 313 1979 758 693 155 11519 1015 145 75 870 104 65 419 136 1221 122 10504 125
cat_boundaries=0 1 2
cat_threshold=1294514 1114368
is_linear=0
shrinkage=0.01


Tree=20
num_leaves=31
num_cat=0
split_feature=10 32 21 15 13 16 13 32 26 7 10 30 13 13 13 14 32 7 24 31 14 7 14 32 10 19 10 13 10 23
split_gain=69.5262 59.6045 24.5674 12.7989 11.1291 10.1452 7.61946 4.30505 3.97437 4.93876 2.2982 2.23476 2.39157 1.62647 1.47478 0.662103 1.71232 7.2236 1.24907 0.471948 0.411328 0.287957 0.183083 0.298673 0.299703 0.135956 0.104491 0.092748 0.085639 0.0773682
threshold=2729.2857142857147 70.550000000000011 2647.5000000000005 0.63089349388778826 1680.6158280975717 0.77241981449888963 1872.5960046437879 233.25000000000003 0.25000000000000006 199.50000000000003 2514.928571428572 2.2500000000000004 1609.8354362734601 1712.4612583572114 1616.4547234573163 -0.72101013194340913 111.25000000000001 256.50000000000006 753.00000000000011 10.000000000000011 -0.47558551945199218 271.50000000000006 -0.64578423485557612 1.7999999999999996 4271.5000000000009 150.35000000000005 2485.7857142857147 1370.1928152492671 3743.2142857142858 1395.5000000000002
decision_type=2 2 2 2 2 2 2 2 2 2 2 2 2 2 2 2 2 2 2 2 2 2 2 2 2 2 2 2 2 2
left_child=10 19 5 4 7 8 -6 -4 9 -3 15 -12 20 -14 -7 16 17 -1 -18 22 -13 -19 23 24 -2 -5 -17 -20 -10 -22
right_child=1 2 3 25 6 14 -8 -9 28 -11 11 12 13 -15 -16 26 18 21 27 -21 29 -23 -24 -25 -26 -27 -28 -29 -30 -31
leaf_value=2.8028200843236393 -0.68659982244054163 1.1596044693889098 5.0490107765726675 -16.861864313334756 10.255193402025039 4.9194523013794944 13.084892100045007 6.0802456946590482 -3.1441049909535472 6.2109156452487113 -4.3960615198999049 2.5039100725565713 4.0602890064151413 2.2728270581661025 8.5138486452493645 -12.016486498213563 1.063913867417301 1.7171225605691314 -1.0348974055288525 3.242160632367582 1.2649985854139454 -1.6363500300956499 -12.819557107805181 -1.8832983606235312 0.43619754332128013 1264011.3571912979 0.1097999055287622 -5.9291346904738349 -0.13444274031370435 -1.8263999251499126
leaf_weight=49 58 117 88 59 526 30 82 219 267 34 186 46 33 34 38 10307 50 30 39 32 30 190 770 261 31 30 35 1197 30 64
leaf_count=49 58 117 88 59 526 30 82 219 267 34 186 46 33 34 38 10307 50 30 39 32 30 190 770 261 31 30 35 1197 30 64
internal_value=-0.000104992 0.00135578 0.00265615 0.00357015 0.00392194 0.000854932 0.0047225 0.00229383 0.000280623 0.00160855 -0.000423481 0.000313452 0.00104087 0.00259559 0.00443478 -0.000448689 -0.000242609 0.000464815 -0.000398602 -0.000352125 0.000212766 -0.000271493 -0.000392507 -0.000156695 0.000283333 0 -0.000478681 -0.00046726 -0.000364094 -7.36843e-05
internal_weight=14962 2672 1520 1004 915 516 608 307 448 151 12290 393 207 67 68 11897 1555 269 1286 1152 140 220 1120 350 89 89 10342 1236 297 94
internal_count=14962 2672 1520 1004 915 516 608 307 448 151 12290 393 207 67 68 11897 1555 269 1286 1152 140 220 1120 350 89 89 10342 1236 297 94
is_linear=0
shrinkage=0.01


Tree=21
num_leaves=31
num_cat=4
split_feature=10 32 0 12 21 15 16 0 15 14 22 16 10 0 30 13 12 14 32 15 18 15 16 31 15 16 0 13 10 14
split_gain=67.6586 58.0543 26.0956 14.9453 13.1395 10.4796 9.70012 7.37248 7.16716 7.92842 3.15942 2.53163 2.28813 2.3765 2.92634 2.31312 1.33682 0.697724 1.68125 7.2236 0.500191 0.704778 0.477285 0.471948 0.287957 0.257394 0.217854 0.697968 1.59156 0.183083
threshold=2729.2857142857147 70.550000000000011 0 2832.5166666666669 2580.5000000000005 0.32410992729244009 0.074116354202380205 1 -0.039769286347669845 -0.78856175031405207 1817.5000000000002 0.78725952717486247 2514.928571428572 2 2.2500000000000004 1604.0767831622713 3921.983333333334 -0.72101013194340913 111.25000000000001 -0.29342786347392819 18.500000000000021 -0.54219087765047058 0.93771544905322102 10.000000000000011 -0.039769286347669845 0.69522491211780757 3 1653.4350955071297 1237.6428571428573 -0.64578423485557612
decision_type=2 2 9 2 2 2 2 9 2 2 2 2 2 9 2 2 2 2 2 2 2 2 2 2 2 2 9 2 2 2
left_child=12 23 3 6 25 7 -3 -6 11 -10 -8 -5 17 14 -14 -16 -7 18 19 -1 21 -20 -15 29 -21 -4 27 28 -19 -2
right_child=1 2 4 8 5 16 10 -9 9 -11 -12 -13 13 22 15 -17 -18 26 20 24 -22 -23 -24 -25 -26 -27 -28 -29 -30 -31
leaf_value=2.7747918834804022 -0.85046638255384466 -4.9555299394932097 -2.494404118184065 6.2479759678221081 11.005224425747233 4.9851582904540424 5.1371760170132106 5.4116962470710419 12.062867789399707 1254168.2186606987 8.394784673964768 4.2489222971724319 -12.408067691550173 -1.825790971708235 2.5838582797298391 4.767601167424008 -1.5201241498881177 -18.920830529023181 0.97837528774708771 1.6999513349634423 -6.9190296219882317 -2.2138645466379581 1.0727886253049286 3.2097390260439038 -1.6199865297946914 0.75648305768056423 -12.003466665815818 -15.294843074548954 1.7042777980737538 -12.691361536727127
leaf_weight=49 350 102 246 114 223 47 47 241 185 40 47 68 43 224 41 30 127 65 76 30 1027 183 55 32 190 33 9965 275 37 770
leaf_count=49 350 102 246 114 223 47 47 241 185 40 47 68 43 224 41 30 127 65 76 30 1027 183 55 32 190 33 9965 275 37 770
internal_value=-0.000107666 0.00133333 0.0026167 0.00423208 0.00147791 0.00228638 0.00193909 0.00307097 0.00540809 0.00667035 0.00424211 0.00376503 -0.000421854 0.000313452 0.001464 0.00284028 0.000131428 -0.000447008 -0.000236183 0.000464815 -0.000390832 0 -0.00017069 -0.000352125 -0.000271493 -0.000283929 -0.000477715 -0.000176547 0.000475728 -0.000392507
internal_weight=14962 2672 1520 603 917 638 196 464 407 225 94 182 12290 393 114 71 174 11897 1555 269 1286 259 279 1152 220 279 10342 377 102 1120
internal_count=14962 2672 1520 603 917 638 196 464 407 225 94 182 12290 393 114 71 174 11897 1555 269 1286 259 279 1152 220 279 10342 377 102 1120
cat_boundaries=0 1 2 3 4
cat_threshold=1163322 2752704 593168 1048576
is_linear=0
shrinkage=0.01


Tree=22
num_leaves=31
num_cat=4
split_feature=10 19 21 0 0 25 15 16 14 19 12 24 16 13 10 30 13 25 14 20 15 19 14 0 11 0 13 13 15 10
split_gain=64.1628 54.6364 27.8963 17.6229 13.7721 15.749 12.5264 7.50552 5.29041 5.24278 3.60355 3.42584 2.69932 1.94874 1.70563 2.2648 2.88185 1.61415 0.715264 1.94259 1.82854 6.0175 0.380656 0.483148 0.782157 0.219686 0.697968 1.53471 0.121824 0.0922982
threshold=2685.7857142857147 101.35000000000002 2647.5000000000005 0 1 25.475000000000005 -0.25206183926700709 0.94911049632748046 -0.84315017450793706 171.45000000000002 2130.6833333333338 2528.0000000000005 0.84660111278280559 1611.9693163785184 2485.7857142857147 2.2500000000000004 1574.1927275423025 26.325000000000006 -0.72101013194340913 24.425000000000004 -0.29342786347392819 111.15000000000002 -0.64578423485557612 2 567.78600932125221 3 1653.4350955071297 1639.5691105769233 -0.25206183926700709 3683.928571428572
decision_type=2 2 2 9 9 2 2 2 2 2 2 2 2 2 2 2 2 2 2 2 2 2 2 9 2 9 2 2 2 2
left_child=14 10 4 6 5 -3 11 8 -5 -8 -2 -4 29 -9 18 -16 -17 -18 19 -1 21 -21 23 24 -12 26 27 -20 -22 -6
right_child=1 2 3 7 12 -7 9 13 -10 -11 22 -13 -14 -15 15 16 17 -19 25 20 28 -23 -24 -25 -26 -27 -28 -29 -30 -31
leaf_value=-6.9930452358913868 5.2052134279099516 0.4763188643609268 0.23746510057949055 8.9863530455827441 -2.1656015716977688 8.5963962578952486 4.2359958840285437 1.4846906448306652 -0.65740705044645098 14.081567077966756 -1.4011863564846347 4.0453337458588869 2.5717303720858036 8.1733216869124767 -4.5644397023303034 -0.43529625157172702 4.5873302722455236 3.5577890820051379 -2.0043226157816436 2.768743876679951 0.89831746684524238 0.62452801186352025 -12.141549543388058 -2.1241429715259734 1.0861681707028841 -11.978432089965237 -15.141894643803463 1.6872350200930168 -1.6048672789914369 0.33576578121844608
leaf_weight=1045 30 58 41 360 360 44 49 38 114 199 53 126 44 43 193 83 39 35 71 40 46 215 827 288 63 9930 275 31 191 31
leaf_count=1045 30 58 41 360 360 44 49 38 114 199 53 126 44 43 193 83 39 35 71 40 46 215 827 288 63 9930 275 31 191 31
internal_value=-0.000114349 0.00125894 0.0025441 0.00355819 0.00069052 0.00379646 0.00514671 0.0022129 0.00173263 0.00673092 -0.00026981 0.00301488 -0.000106502 0.00511585 -0.000426978 0.000242165 0.00114873 0.00257333 -0.000447615 -0.000233095 0.000271805 0.000869141 -0.000361607 -7.90125e-05 0.000409449 -0.000478609 -0.000176547 0.000475728 -0.000329832 -0.000396684
internal_weight=14962 2768 1507 970 537 102 415 555 474 248 1261 167 435 81 12194 350 157 74 11844 1537 492 255 1231 404 116 10307 377 102 237 391
internal_count=14962 2768 1507 970 537 102 415 555 474 248 1261 167 435 81 12194 350 157 74 11844 1537 492 255 1231 404 116 10307 377 102 237 391
cat_boundaries=0 1 2 3 4
cat_threshold=1687728 1114136 16480 1048576
is_linear=0
shrinkage=0.01


Tree=23
num_leaves=31
num_cat=5
split_feature=10 32 21 0 0 25 7 32 0 32 18 24 16 10 30 13 25 12 14 20 7 32 14 0 11 0 13 13 15 10
split_gain=62.5255 53.5654 26.4236 18.4965 16.1793 15.8106 11.8102 7.45978 6.30178 5.24061 4.65215 3.36223 2.72912 1.70563 2.2648 2.88185 1.61415 1.08044 0.715264 1.94259 1.82854 5.72417 0.267509 0.443624 0.625755 0.219686 0.697968 1.53471 0.121824 0.0889106
threshold=2685.7857142857147 82.850000000000023 2647.5000000000005 0 1 24.875000000000004 260.50000000000006 303.40000000000003 2 173.45000000000002 79.15000000000002 2528.0000000000005 0.84660111278280559 2485.7857142857147 2.2500000000000004 1574.1927275423025 26.325000000000006 2249.8666666666672 -0.72101013194340913 24.425000000000004 256.50000000000006 111.25000000000001 -0.64578423485557612 3 567.78600932125221 4 1653.4350955071297 1639.5691105769233 -0.25206183926700709 3683.928571428572
decision_type=2 2 2 9 9 2 2 2 9 2 2 2 2 2 2 2 2 2 2 2 2 2 2 9 2 9 2 2 2 2
left_child=13 17 4 6 5 -3 11 8 -5 -8 -9 -4 29 18 -15 -16 -17 -2 19 -1 21 -21 23 24 -19 26 27 -20 -22 -6
right_child=1 2 3 7 12 -7 9 10 -10 -11 -12 -13 -14 14 15 16 -18 22 25 20 28 -23 -24 -25 -26 -27 -28 -29 -30 -31
leaf_value=-6.9231147835324736 4.754461284475834 0.128379532819069 0.23509044957369699 9.2714070532770165 -2.138204515009698 8.0435984612636222 6.1592545036648314 10.016998978326647 1.9271310269936197 13.362891769548769 5.2066520298287529 4.0047535288193785 2.546013068364946 -4.5187953053070009 -0.43094328905600954 4.5414569695230664 3.5222111911850882 -1.3773221775624749 -1.9842793896238256 2.7193565258788022 0.8893342921767865 0.18620577041633576 -12.272720141141154 -2.6379026226987752 0.8955773545947473 -11.858647769065582 -14.990475697365428 1.6703626698920879 -1.5888186062015208 0.12175423761075478
leaf_weight=1045 30 53 41 122 380 55 62 110 276 191 58 127 44 193 83 39 35 52 71 49 46 206 818 253 63 9930 275 31 191 33
leaf_count=1045 30 53 41 122 380 55 62 110 276 191 58 127 44 193 83 39 35 52 71 49 46 206 818 253 63 9930 275 31 191 33
internal_value=-0.000118359 0.00123727 0.00246877 0.003458 0.000719965 0.004 0.00506829 0.00210919 0.00135589 0.00658858 0.00394083 0.00299408 -0.000125 -0.000426978 0.000242165 0.00114873 0.00257333 -0.000327034 -0.000447615 -0.000233095 0.000271805 0.000869141 -0.000381634 -0.000119241 0.000337301 -0.000478609 -0.000176547 0.000475728 -0.000329832 -0.000402174
internal_weight=14962 2768 1552 987 565 108 421 566 398 253 168 168 457 12194 350 157 74 1216 11844 1537 492 255 1186 368 115 10307 377 102 237 413
internal_count=14962 2768 1552 987 565 108 421 566 398 253 168 168 457 12194 350 157 74 1216 11844 1537 492 255 1186 368 115 10307 377 102 237 413
cat_boundaries=0 1 2 3 4 5
cat_threshold=1687728 1114136 8258 16480 1048576
is_linear=0
shrinkage=0.01


Tree=24
num_leaves=31
num_cat=2
split_feature=12 32 14 0 20 32 18 7 24 0 18 12 7 19 19 14 24 32 7 14 14 21 24 21 20 24 14 18 22 11
split_gain=49.2046 79.7808 19.9251 20.7763 14.9991 6.87934 4.94843 4.93552 4.19283 1.53445 3.72145 9.69648 5.87781 3.30153 1.19012 0.742918 1.45535 1.43548 6.1211 0.576639 0.398608 0.322046 0.262508 0.137651 0.147834 0.113077 0.0763407 0.0797565 0.0746416 0.044022
threshold=2552.6666666666674 89.600000000000009 -0.47558551945199218 0 23.653571428571432 308.55000000000007 60.050000000000018 260.50000000000006 2997.5000000000005 1 32.550000000000018 1868.366666666667 212.50000000000003 75.550000000000026 175.45000000000002 -0.72101013194340913 753.00000000000011 124.25000000000001 260.50000000000006 -0.77786766366919291 0.99552231814189451 2030.5000000000002 1445.0000000000002 2177.5000000000005 24.003571428571433 850.50000000000011 0.98372640911059162 14.400000000000009 753.00000000000011 86.781058951664377
decision_type=2 2 2 9 2 2 2 2 2 9 2 2 2 2 2 2 2 2 2 2 2 2 2 2 2 2 2 2 2 2
left_child=9 19 3 4 14 8 -7 -6 -5 10 20 13 -13 -12 -3 16 -11 18 -18 21 26 -2 -4 -23 -25 -19 27 -1 -15 -28
right_child=1 2 22 5 7 6 -8 -9 -10 15 11 12 -14 28 -16 -17 17 25 -20 -21 -22 23 -24 24 -26 -27 29 -29 -30 -31
leaf_value=-9.0664823542666415 -1.1718196080294454 -16.555364212106046 4.8498940931638996 2.4965698487664625 9.2569960535639311 7.4476195308393862 2.7893347232461396 11.782877802096435 9.0573645021165472 1.3612598921046015 5.2108224651524937 4.9159928923986325 4.2607148804663719 -0.1394352975398806 669404.82441736793 -11.109344390639212 2.6580484238316 -0.10085340550278113 -1.4729237787714473 -10.094752798561945 0.79651779367222841 0.21173999804088631 -2.5493116477816984 1.2275148981000445 -0.23757606187244429 -7.3845123345148682 1.589373593416076 -1.2127651568933553 -7.0728077822426352 -23.667205931025904
leaf_weight=912 66 48 30 265 207 75 96 295 142 36 30 33 35 38 30 8778 82 32 314 1560 41 30 148 35 33 1147 30 123 225 46
leaf_count=912 66 48 30 265 207 75 96 295 142 36 30 33 35 38 30 8778 82 32 314 1560 41 30 148 35 33 1147 30 123 225 46
internal_value=-0.000120364 0.00100947 0.00284368 0.00332269 0.00467005 0.00183531 0.00357267 0.00538569 0.00111887 -0.000411745 -0.00010269 0.000772099 0.00414493 0 0.000518987 -0.000455241 -0.000245348 -0.000296637 0.000206549 -0.000406957 -0.000386817 0.000109091 -0.000217877 0.000515151 8.69564e-05 -0.000474153 -0.000427608 -0.000451255 -0.00038447 0
internal_weight=14962 3060 1336 1158 580 578 171 502 407 11902 1513 361 68 293 78 10389 1611 1575 396 1724 1152 164 178 98 68 1179 1111 1035 263 76
internal_count=14962 3060 1336 1158 580 578 171 502 407 11902 1513 361 68 293 78 10389 1611 1575 396 1724 1152 164 178 98 68 1179 1111 1035 263 76
cat_boundaries=0 1 2
cat_threshold=1818802 1114376
is_linear=0
shrinkage=0.01


Tree=25
num_leaves=31
num_cat=5
split_feature=10 19 21 0 17 0 7 20 7 0 16 12 22 20 0 19 11 10 15 7 24 10 0 11 29 29 10 24 10 18
split_gain=58.5888 47.3722 24.4515 18.9612 13.7993 12.738 11.5128 9.8119 7.37132 3.32613 3.25917 2.49045 2.26007 0.529766 0.351321 0.874951 1.86738 0.362129 3.71758 3.13703 1.55423 0.318876 0.266517 0.516397 1.03653 0.172997 0.140363 0.00912639 0.00911819 0.00318033
threshold=2514.928571428572 101.35000000000002 2676.0400000000004 0 0.34235372601783864 1 279.50000000000006 23.653571428571432 286.50000000000006 2 0.86440767487108461 2013.7833333333335 2425.1300000000006 25.06071428571429 3 0.19999999999999471 140.80550559094038 1907.214285714286 -0.25206183926700709 247.50000000000003 753.00000000000011 3614.3571428571436 4 567.78600932125221 23.725000000000005 29.275000000000002 3347.5714285714289 550.50000000000011 4081.8571428571436 70.950000000000017
decision_type=2 2 2 9 2 9 2 2 2 9 2 2 2 2 9 2 2 2 2 2 2 2 9 2 2 2 2 2 2 2
left_child=14 11 5 4 7 6 12 -4 9 -5 21 -2 -3 -10 15 16 -1 27 19 20 -19 -7 23 28 -25 29 -8 -16 -13 -17
right_child=1 2 3 8 -6 10 26 -9 13 -11 -12 22 -14 -15 17 25 -18 18 -20 -21 -22 -23 -24 24 -26 -27 -28 -29 -30 -31
leaf_value=1.8770488332502289 4.8406169525315716 5.506932786461495 302599.38386667374 8.5621852183632576 -0.22208228103433322 -2.6980816882338252 -15.501222925670055 11.084337034436373 -2.5982224012142967 1.7516747184487294 2.4347643043234228 -3.4262643793771845 3.2544051749502079 1.8638467609660354 -4.0870938238908607 -6.058322134503042 -3.0099449209866544 2.2536380444519941 -8.8137649373911966 2.3987477102231849 -1.0622322015687817 7.7201840924760399 -3.9342520122794986 -1.1106826233908158 1.0995980424812373 0.17646075686149792 4.5497642740303172 -10.569679169389069 -1.4577412387582172 -0.5130411418730273
leaf_weight=30 43 113 36 140 49 431 61 454 128 145 49 186 38 34 217 282 46 33 2124 58 247 31 978 76 48 30 30 8740 31 35
leaf_count=30 43 113 36 140 49 431 61 454 128 145 49 186 38 34 217 282 46 33 2124 58 247 31 978 76 48 30 30 8740 31 35
internal_value=-0.000126573 0.00109591 0.00218994 0.00322898 0.00449182 0.00081366 0.00264427 0.00508147 0.00154258 0.00254371 -8.71649e-05 -0.000294204 0.0044375 -6.74848e-05 -0.000447606 -0.000118664 0.000805195 -0.000458399 -0.000337394 0.000622419 0.000142349 -0.000369331 -0.000378409 -8.66478e-05 0.000384 -0.000354885 0 -0.000491014 -0.000405963 -0.000435535
internal_weight=14943 3101 1739 986 539 753 242 490 447 285 511 1362 151 162 11842 423 76 11419 2462 338 280 462 1319 341 124 347 91 8957 217 317
internal_count=14943 3101 1739 986 539 753 242 490 447 285 511 1362 151 162 11842 423 76 11419 2462 338 280 462 1319 341 124 347 91 8957 217 317
cat_boundaries=0 1 2 3 4 5
cat_threshold=1302706 1120536 2621512 1048576 16480
is_linear=0
shrinkage=0.01


Tree=26
num_leaves=31
num_cat=5
split_feature=10 19 21 0 15 0 13 13 13 15 16 13 12 0 24 26 24 10 16 19 0 11 0 11 20 11 11 11 15 19
split_gain=57.3727 46.2845 24.4405 21.0779 12.7079 12.4112 15.9272 10.7642 6.43121 6.02168 4.42842 3.59558 2.49045 0.779029 0.633481 0.35222 1.42905 0.964906 2.06883 3.84587 0.526978 0.212843 0.201278 0.447289 0.774825 0.149026 0.0205142 0.0580946 0.0139944 0.159281
threshold=2514.928571428572 101.35000000000002 2700.5000000000005 0 -0.81925291736142491 1 1747.2187798609511 1653.4350955071297 1607.613759385368 0.21652257995689161 0.95239763423914636 1684.688717709306 2013.7833333333335 2 3598.4100000000003 2.9500000000000006 600.50000000000011 1907.214285714286 0.5331367478917558 111.15000000000002 3 121.98750911859729 4 685.91016526870669 23.453571428571433 481.23353241337924 91.459723057636083 62.915286960649816 0.6174544326165855 12.950000000000001
decision_type=2 2 2 9 2 9 2 2 2 2 2 2 2 9 2 2 2 2 2 2 9 2 9 2 2 2 2 2 2 2
left_child=15 12 5 4 -4 6 8 -6 -3 11 13 -5 -2 -7 -11 20 -17 -18 -19 -20 21 26 23 -14 -25 -23 27 -1 29 -24
right_child=1 2 3 9 7 10 -8 -9 -10 14 -12 -13 22 -15 -16 16 17 18 19 -21 -22 25 28 24 -26 -27 -28 -29 -30 -31
leaf_value=1.1364518890132598 4.792210783006257 1.6715368705342764 -0.095787457563956901 5.4641201948225646 1.6590420099372591 1.1125051567661854 -15.217511840561443 11.429138750185226 8.7511634687859434 -1.6150015259960622 2.1535147558323393 5.8575041632306712 -2.0238445144210133 -1.5913563066380447 2.8650272003364203 1.4117919670442778 -6.7150732562811459 -3.6160574229853348 2.7179498639468251 0.24786131789146759 -10.566123788711584 -6.3407631160615372 0.14072258716449071 -0.93826375895723257 1.3787178677309202 0.15593178032782132 0.53711988701553126 -8.1527340863511686 -8.1548998646393382 -2.0215952907904806
leaf_weight=49 43 56 40 143 51 103 95 369 108 95 44 133 172 426 76 30 1326 302 33 147 9643 166 48 49 30 32 59 55 824 196
leaf_count=49 43 56 40 143 51 103 95 369 108 95 44 133 172 426 76 30 1326 302 33 147 9643 166 48 49 30 32 59 55 824 196
internal_value=-0.000129918 0.00107979 0.00216121 0.00330011 0.0047983 0.000905162 0.00266852 0.00541568 0.00465455 0.00158624 4.02396e-05 0.0025343 -0.000294204 -0.00019717 8.43022e-05 -0.000447606 -0.00030397 -0.000344942 1.86334e-05 0.000883978 -0.000472964 -5.51076e-05 -0.000378409 -5.91604e-05 0.00050625 -0.000296483 0.00017378 0 -0.000439296 -0.000253061
internal_weight=14943 3101 1739 907 460 832 259 420 164 447 573 276 1362 529 171 11842 1838 1808 482 180 10004 361 1319 251 79 198 163 104 1068 244
internal_count=14943 3101 1739 907 460 832 259 420 164 447 573 276 1362 529 171 11842 1838 1808 482 180 10004 361 1319 251 79 198 163 104 1068 244
cat_boundaries=0 1 2 3 4 5
cat_threshold=1302704 1640728 2101250 1048576 16416
is_linear=0
shrinkage=0.01


Tree=27
num_leaves=31
num_cat=6
split_feature=10 19 21 0 17 0 13 13 7 13 16 13 18 0 32 13 10 16 19 0 13 15 0 10 23 20 31 31 0 16
split_gain=55.5665 44.3011 24.0568 20.2307 14.3593 11.3757 14.8171 10.7313 5.84053 5.58591 4.42842 3.84397 1.6147 0.779029 0.387595 0.36849 2.24772 2.96967 4.36207 1.37516 2.45783 0.342997 0.371428 0.410377 0.291336 0.242184 0.154738 0.128177 0.0833922 0.177568
threshold=2514.928571428572 101.35000000000002 2700.5000000000005 0 0.34235372601783864 1 1747.2187798609511 1653.4350955071297 286.50000000000006 1607.613759385368 0.95239763423914636 1684.688717709306 37.750000000000021 2 173.45000000000002 1653.4350955071297 1907.214285714286 0.039769539193789977 111.15000000000002 3 1626.1860731729773 0.62420859727530387 4 3250.0714285714289 1143.0000000000002 27.117857142857151 39.40000000000002 0.7000000000000125 5 -0.96026770555568497
decision_type=2 2 2 9 2 9 2 2 2 2 2 2 2 9 2 2 2 2 2 9 2 2 9 2 2 2 2 2 9 2
left_child=15 12 5 4 7 6 9 -4 11 -3 13 -5 21 -7 -10 16 19 25 -19 20 -1 22 23 -2 -20 -18 -27 -24 29 -23
right_child=1 2 3 8 -6 10 -8 -9 14 -11 -12 -13 -14 -15 -16 -17 17 18 24 -21 -22 28 27 -25 -26 26 -28 -29 -30 -31
leaf_value=-1.1053186032463829 -2.2848023678563298 1.6548215018289312 1.6424515898378855 5.4094789928743401 -0.17288725703155319 1.1013801051985252 -15.065336722155825 11.354478074779502 -7.1327361818726533 8.663651834098081 2.1319796082740146 5.7989291215983689 4.7004163871370865 -1.5754427435716662 2.4753820493801331 -12.547043094919259 -2.081536328120245 2.4357008856669546 1.4132002685607592 -9.5313128766182977 1.8980043167787388 1.1684543734619035 -3.5373684061916042 0.79029356913360416 -0.59983885440111628 3.9524647547839584 -2.9556466312091105 0.010788856333775226 -8.8693011827431132 -13.583535697615195
leaf_weight=70 38 56 51 143 46 103 95 363 77 108 44 133 43 426 94 6976 285 52 50 4205 30 30 175 71 108 34 32 41 886 78
leaf_count=70 38 56 51 143 46 103 95 363 77 108 44 133 43 426 94 6976 285 52 50 4205 30 30 175 71 108 34 32 41 886 78
internal_value=-0.000133264 0.00105722 0.00211523 0.00324504 0.00471338 0.000869148 0.00255741 0.00540482 0.00156441 0.00447273 4.02396e-05 0.00249819 -0.000286867 -0.00019717 8.43022e-05 -0.000445918 -0.000370454 0.000212633 0.00116114 -0.000448793 0.000630631 -0.000355682 -3.83437e-05 0.000379167 0.000257862 -0.000328125 0.000104477 -0.00029956 -0.000449246 -3.36136e-05
internal_weight=14943 3101 1739 907 460 832 259 414 447 164 573 276 1362 529 171 11842 4866 561 210 4305 100 1319 325 109 158 351 66 216 994 108
internal_count=14943 3101 1739 907 460 832 259 414 447 164 573 276 1362 529 171 11842 4866 561 210 4305 100 1319 325 109 158 351 66 216 994 108
cat_boundaries=0 1 2 3 4 5 6
cat_threshold=1302704 1640728 2101250 1048576 8416 16392
is_linear=0
shrinkage=0.01


Tree=28
num_leaves=31
num_cat=6
split_feature=10 19 21 0 14 0 7 24 7 16 0 18 29 0 24 14 24 20 32 7 14 0 11 0 11 10 10 22 26 11
split_gain=52.9784 42.004 23.0085 20.399 13.8918 11.3694 11.502 7.37043 5.14349 3.88804 2.5236 1.6147 1.42177 0.643849 0.633481 0.470845 1.51274 0.821959 0.856761 4.98515 0.41417 0.555397 0.488888 0.405196 0.348736 0.694447 2.15142 0.255224 0.132069 0.121581
threshold=2514.928571428572 101.35000000000002 2700.5000000000005 0 -0.57780908558020239 1 284.50000000000006 3727.5000000000005 286.50000000000006 0.95239763423914636 2 37.750000000000021 24.875000000000004 3 3598.4100000000003 -0.56368474752277564 715.50000000000011 24.63571428571429 124.25000000000001 258.50000000000006 -0.64578423485557612 4 567.78600932125221 5 121.98750911859729 1244.0714285714287 1392.9285714285718 1150.5000000000002 1.0000000180025095e-35 754.90459819830971
decision_type=2 2 2 9 2 9 2 2 2 2 9 2 2 9 2 2 2 2 2 2 2 9 2 9 2 2 2 2 2 2
left_child=15 11 5 4 7 6 12 -4 10 13 -5 20 -3 -7 -10 16 27 -18 19 -19 21 22 -2 24 25 -17 -27 -1 -23 -25
right_child=1 2 3 8 -6 9 -8 -9 14 -11 -12 -13 -14 -15 -16 23 17 18 -20 -21 -22 28 -24 29 -26 26 -28 -29 -30 -31
leaf_value=1.2593330606377675 -0.86212379085545154 8.3502842815312999 11.115696853082431 7.4902296694349602 -0.17115838446124212 1.0903663041465395 -5.5581532815431176 10.989857084925061 -1.6236053312298959 2.1106598121912707 2.0108330750059311 4.6534122232657165 3.6495941055684957 -1.5596883161359529 2.8116231078392628 -18.381027762115995 -5.3854340626365502 2.2644163765626435 -3.6596434442423282 -1.2639946387747947 -12.286056197725422 0.13254700410110218 1.082723599630504 -11.334008243860358 -10.062964278778862 1.8533473914637946 -10.045760635201921 -0.62780751313763261 -2.3921549208830206 -0.41001844673407173
leaf_weight=60 60 123 326 122 46 103 94 88 95 44 154 43 42 426 76 75 1605 67 201 167 906 39 61 9339 192 31 45 30 253 30
leaf_count=60 60 123 326 122 46 103 94 88 95 44 154 43 42 426 76 75 1605 67 201 167 906 39 61 9339 192 31 45 30 253 30
internal_value=-0.000140625 0.00102176 0.00205201 0.00315694 0.00462845 0.000833133 0.00252037 0.00530843 0.00147707 5.99303e-06 0.00235379 -0.000286867 0.00420181 -0.000216038 8.43022e-05 -0.000445918 -0.000297982 -0.000357668 5.73383e-06 0.000438298 -0.000355682 -6.40098e-05 0.000450757 -0.000477299 -8.89832e-05 0.000226974 0.000935065 0.000934066 -0.000316832 -0.000489819
internal_weight=14943 3101 1739 907 460 832 259 414 447 573 276 1362 165 529 171 11842 2130 2040 435 234 1319 413 121 9712 343 151 76 90 292 9369
internal_count=14943 3101 1739 907 460 832 259 414 447 573 276 1362 165 529 171 11842 2130 2040 435 234 1319 413 121 9712 343 151 76 90 292 9369
cat_boundaries=0 1 2 3 4 5 6
cat_threshold=1302704 1640728 2621512 2101250 16480 1048576
is_linear=0
shrinkage=0.01


Tree=29
num_leaves=31
num_cat=6
split_feature=10 19 21 0 14 0 7 7 32 16 7 12 31 29 0 0 14 24 20 32 7 0 33 10 15 15 14 0 11 11
split_gain=51.992 41.1839 22.4105 19.7528 17.8405 12.849 9.63351 6.80406 4.41291 4.19793 3.4088 2.47364 1.7824 1.69934 1.43771 1.41831 0.464587 1.51274 0.821959 0.856761 4.98515 0.485581 0.458589 0.443308 0.397115 1.39826 0.385788 0.602404 0.488888 0.121581
threshold=2514.928571428572 101.35000000000002 2750.5000000000005 0 -0.59869031648930193 1 284.50000000000006 312.50000000000006 280.65000000000003 0.92919371535393525 208.50000000000003 2013.7833333333335 59.150000000000013 24.525000000000002 2 3 -0.56368474752277564 715.50000000000011 24.63571428571429 124.25000000000001 258.50000000000006 4 3.8150000000000004 3250.0714285714289 0.20812153622207724 0.054805126479326886 -0.64578423485557612 5 567.78600932125221 754.90459819830971
decision_type=2 2 2 9 2 9 2 2 2 2 2 2 2 2 9 9 2 2 2 2 2 9 2 2 2 2 2 9 2 2
left_child=16 11 5 4 7 6 10 -4 14 15 -3 -2 -10 -11 -5 -7 17 22 -19 20 -20 24 -1 -8 25 -18 27 28 -13 -23
right_child=1 2 3 8 -6 9 23 -9 12 13 -12 26 -14 -15 -16 -17 21 18 19 -21 -22 29 -24 -25 -26 -27 -28 -29 -30 -31
leaf_value=-1.9094980867011406 4.6507503890721624 2.8705101973372904 10.653032699821832 5.1670658321003655 -0.096719540157041983 2.1752418642914297 -15.048799451034807 1244080.4120912075 3.6852243531733153 1.5575108316375315 8.7345454385267605 -0.85350255294689603 1.199998319331423 1.7290547039134128 -2.9276206405002685 -1.4065795007332955 -0.75478000191423589 -5.3315797220101828 2.241772212797017 -3.6230470097999063 -1.251354692387046 -11.220668161421754 1.1039154615301434 6.4636092867381718 -9.6198508491791337 1.7321063889605361 -11.192595474167414 -1.5996330247463195 1.0718963636342009 -0.40591826226672889
leaf_weight=36 43 55 412 123 66 135 55 32 50 35 104 60 30 42 128 442 143 1605 67 201 167 9339 54 30 165 35 909 289 61 30
leaf_count=36 43 55 412 123 66 135 55 32 50 35 104 60 30 42 128 442 143 1605 67 201 167 9339 54 30 165 35 909 289 61 30
internal_value=-0.000142633 0.00100887 0.00202902 0.00320606 0.00442418 0.000913237 0.00281569 0.00523146 0.00112427 0.00013985 0.00437812 -0.000286867 0.00320988 0.00232692 0.000454365 -0.000135813 -0.000445073 -0.000297982 -0.000357668 5.73383e-06 0.000438298 -0.000476269 0.000934066 8.72092e-05 -6.07346e-05 0.00022905 -0.000370833 -8.51583e-05 0.000450757 -0.000489819
internal_weight=14943 3101 1739 841 510 898 244 444 331 654 159 1362 80 77 251 577 11842 2130 2040 435 234 9712 90 85 343 178 1319 410 121 9369
internal_count=14943 3101 1739 841 510 898 244 444 331 654 159 1362 80 77 251 577 11842 2130 2040 435 234 9712 90 85 343 178 1319 410 121 9369
cat_boundaries=0 1 2 3 4 5 6
cat_threshold=1302768 1640472 2621443 2101506 1048576 16480
is_linear=0
shrinkage=0.01


Tree=30
num_leaves=31
num_cat=5
split_feature=10 32 21 0 0 13 13 20 32 12 14 21 0 10 0 15 17 14 32 7 10 24 6 12 14 24 0 13 13 16
split_gain=49.2421 44.267 19.5633 18.2806 13.5822 11.7235 8.88721 9.81812 4.12868 4.05971 3.97993 3.25681 3.41005 2.03697 3.17888 5.17021 0.882467 0.830529 2.20731 6.43738 1.9041 0.927251 1.28459 0.767841 0.698429 1.29613 0.503498 1.44038 3.24805 0.355751
threshold=2729.2857142857147 124.25000000000001 2750.5000000000005 0 1 1747.2187798609511 1672.4293854152163 23.810714285714294 312.4500000000001 2108.3500000000008 -0.96235977360714686 2125.5700000000002 2 2485.7857142857147 3 -0.6523320455745395 -0.93543596745397617 -0.78856175031405207 111.25000000000001 262.50000000000006 1948.5000000000002 853.00000000000011 8.5000000000000018 2500.1666666666674 -0.77786766366919291 3990.0000000000005 4 1653.4350955071297 1639.5691105769233 0.94911049632748046
decision_type=2 2 2 9 9 2 2 2 2 2 2 2 9 2 9 2 2 2 2 2 2 2 2 2 2 2 9 2 2 2
left_child=13 9 4 8 5 23 10 -8 16 -2 -5 -6 -13 17 15 -15 -4 18 19 20 -1 22 -20 -3 25 -11 27 28 -19 -16
right_child=1 2 3 6 11 -7 7 -9 -10 24 -12 12 -14 14 29 -17 -18 26 21 -21 -22 -23 -24 -25 -26 -27 -28 -29 -30 -31
leaf_value=1.2388352170517209 4.9511804353457451 3.2721887247651997 1.7317574153473829 5.9441617333846102 -2.347208834764841 -5.5672072963580268 5.9579416130837721 10.902339418259396 3.8931027641286096 -0.46993428135506138 -0.53369238539677266 -0.24040040008537392 5.0057880514948936 4.0737216060314037 -1.7667313022983004 -15.790638712353875 -0.54457379707685882 -0.84668269886737446 2.2806007983893144 -1.2603535151268248 2.7411063766199164 -5.2952647316909864 -1.6323880877270955 10.255515333828901 -7.663919704182641 3.4053919254789071 -10.845182071671223 -14.815206124325456 1.8174928536595512 0.62414443646321438
leaf_weight=31 31 31 54 49 261 34 37 372 31 231 50 106 164 56 290 52 135 65 34 152 43 1019 49 46 1019 31 10132 273 31 54
leaf_count=31 31 31 54 49 261 34 37 372 31 231 50 106 164 56 290 52 135 65 34 152 43 1019 49 46 1019 31 10132 273 31 54
internal_value=-0.000145783 0.00108051 0.00233771 0.00346502 0.00104044 0.00405328 0.0044817 0.00523293 0.000822511 -0.000225438 0.001705 0.000303505 0.00108856 -0.000414468 0.00022958 0.00164706 0.000239474 -0.000439941 -0.000191121 0.00069163 0.00310667 -0.000381686 0.000577381 0.00655769 -0.000320203 0.000110266 -0.000470434 -6.44738e-05 0.000948453 -0.000230986
internal_weight=14963 2682 1370 728 642 111 508 409 220 1312 99 531 270 12281 452 108 189 11829 1328 226 74 1102 83 77 1281 262 10501 369 96 344
internal_count=14963 2682 1370 728 642 111 508 409 220 1312 99 531 270 12281 452 108 189 11829 1328 226 74 1102 83 77 1281 262 10501 369 96 344
cat_boundaries=0 1 2 3 4 5
cat_threshold=793609 1116168 16865 592152 1048576
is_linear=0
shrinkage=0.01


Tree=31
num_leaves=31
num_cat=6
split_feature=10 32 0 24 0 13 12 15 23 12 10 0 15 12 0 16 26 10 15 19 0 13 13 17 0 16 16 24 13 20
split_gain=47.7816 42.8275 19.7027 25.3292 10.1313 10.5442 7.07383 7.59809 6.86606 5.77391 2.03697 3.17888 5.17021 1.87059 0.962346 0.637317 0.545988 2.09546 4.40927 5.3245 0.552206 1.4179 3.39853 0.385554 0.510598 0.56585 0.355751 0.16431 0.114215 0.112656
threshold=2729.2857142857147 101.45000000000002 0 3400.5000000000005 1 1767.6050429091008 2782.5928333333336 0.21652257995689161 2676.0400000000004 4084.3333333333335 2485.7857142857147 2 -0.6523320455745395 2190.6500000000001 3 0.74300049550786151 2.7500000000000004 1871.5000000000002 -0.19337245081799007 111.15000000000002 4 1653.4350955071297 1639.5691105769233 -0.19969970580767249 5 -0.92641089502887486 0.94911049632748046 1270.5000000000002 1321.4629340951267 24.296428571428574
decision_type=2 2 9 2 9 2 2 2 2 2 2 9 2 2 9 2 2 2 2 2 9 2 2 2 9 2 2 2 2 2
left_child=10 13 3 4 5 -3 15 9 -6 -8 16 12 -12 -2 -9 27 20 28 19 -19 21 22 -1 24 25 -15 -13 -4 -18 -25
right_child=1 2 6 -5 8 -7 7 14 -10 -11 11 26 -14 23 -16 -17 17 18 -20 -21 -22 -23 -24 29 -26 -27 -28 -29 -30 -31
leaf_value=-0.83821587187870028 4.7102543190137309 11.052136079505013 3.2831896267014118 955949.74456512812 -2.551681564341207 -7.5833355881696081 6.2885837180177715 2.1275835910991314 3.3217879929521534 10.267683231834226 4.0329843899710882 -1.7490639892753157 -15.632732325230336 2.8810658201308224 -5.0866411511834233 1.1164696347016954 0.30486406815336464 3.2272018586541154 -4.0313294197745089 0.78752974523936392 -10.000437648928596 -13.574580597864173 1.8249948072701099 -9.0667125153910568 -2.2942432772949695 -0.015781956829494119 0.61790299209858224 -2.0730352029650332 -6.886498294614027 -1.5399370866896562
leaf_weight=65 30 115 30 105 121 30 410 100 151 32 56 290 52 33 108 38 32 50 323 163 9534 252 30 848 147 90 54 189 1380 105
leaf_count=65 30 115 30 105 121 30 410 100 151 32 56 290 52 33 108 38 32 50 323 163 9534 252 30 848 147 90 54 189 1380 105
internal_value=-0.000149793 0.00105814 0.00224161 0.00378799 0.00270694 0.00479167 0.00128159 0.001851 0.00132155 0.00259368 -0.000414468 0.00022958 0.00164706 -0.00028429 0.000220096 -7.17055e-05 -0.000439941 -0.000273987 0.00024581 0.0013715 -0.000471615 -3.77096e-05 0.000963542 -0.000352533 0 0.000436567 -0.000230986 -0.000315909 -0.000478415 -0.000447065
internal_weight=14963 2682 1429 522 417 145 907 650 272 442 12281 452 108 1253 208 257 11829 1948 536 213 9881 347 95 1223 270 123 344 219 1412 953
internal_count=14963 2682 1429 522 417 145 907 650 272 442 12281 452 108 1253 208 257 11829 1948 536 213 9881 347 95 1223 270 123 344 219 1412 953
cat_boundaries=0 1 2 3 4 5 6
cat_threshold=1171504 1114128 592152 1475 1048576 49376
is_linear=0
shrinkage=0.01


Tree=32
num_leaves=31
num_cat=0
split_feature=12 32 14 7 13 22 20 13 31 31 12 16 19 11 11 16 32 21 14 29 24 16 26 25 13 18 25 19 12 18
split_gain=21.6937 45.7325 10.3967 3.53155 6.50497 6.19005 5.21469 2.32955 2.30541 1.41024 3.32564 8.69954 3.44961 1.53056 0.690827 1.89856 0.923186 0.647036 0.508776 0.407708 0.353998 0.173627 0.123245 0.392871 0.115755 0.160221 0.0933245 0.0461966 0.120142 0.0180993
threshold=2552.6666666666674 173.45000000000002 -0.47558551945199218 286.50000000000006 1681.9341497079029 2550.5000000000005 24.275000000000006 1854.3722502934722 34.600000000000016 9.0000000000000036 1825.7500000000002 0.21652696009750597 196.25000000000003 95.118973121132754 127.37187705464939 0.71953851835684701 179.85000000000005 1395.5000000000002 -0.77786766366919291 28.725000000000005 1451.5000000000002 0.074116354202380205 4.8500000000000005 24.725000000000005 1330.3697784988283 19.099999999999998 25.175000000000008 0.099999999999999964 4666.1666666666679 8.650000000000011
decision_type=2 2 2 2 2 2 2 2 2 2 2 2 2 2 2 2 2 2 2 2 2 2 2 2 2 2 2 2 2 2
left_child=9 18 3 4 5 -3 -6 8 -5 -1 14 17 13 -13 24 19 -17 -12 22 -16 -4 -19 26 -24 25 -11 -2 28 -20 -26
right_child=1 2 20 7 6 -7 -8 -9 -10 10 11 12 -14 -15 15 16 -18 21 27 -21 -22 -23 23 -25 29 -27 -28 -29 -30 -31
leaf_value=-10.04193548079294 -0.89757191087589339 9.059769612646372 3.8975587916826999 13.427665039394043 10.035203856825012 3.9733850201490211 9.6879209844882368 -4.1162305193240734 1.8612579180265187 0.76527203009976918 1.4823631073604029 1.8414337135090071 0.10800419052494674 4.3588712713687316 -11.020042898886404 1.1254733675038224 0.9064520093850359 -3.5190192606478057 -9.704227072376538 0.66705528945094705 -2.4842660305785875 1.4794705550755316 -0.94460510396221875 2.839377430993701 -7.9325833424134862 -8.019426472902536 0.40426658449165431 -10.140481046061208 0.33254042053200805 -6.9459876922686759
leaf_weight=7822 117 61 34 123 104 307 257 53 67 31 47 64 50 59 607 30 149 403 103 111 131 37 49 36 31 73 52 1487 52 2416
leaf_count=7822 117 61 34 123 104 307 257 53 67 31 47 64 50 59 607 30 149 403 103 111 131 37 49 36 31 73 52 1487 52 2416
internal_value=-0.000211942 0.000541694 0.00212786 0.0025221 0.00288425 0.00188618 0.00386602 0.00138729 0.00191099 -0.000404409 -0.000249209 0.000393343 0.00231897 0.00321371 -0.000375181 -0.000120824 0.000780555 -0.000273566 -0.00040485 -0.000360223 -0.000135542 -0.000408163 0 0.000319767 -0.000460619 -1.90477e-05 -0.000144118 -0.000469264 -0.000176282 -0.000475286
internal_weight=14963 3033 1137 972 729 368 361 243 190 11930 4108 660 173 123 3448 897 179 487 1896 718 165 440 254 85 2551 104 169 1642 155 2447
internal_count=14963 3033 1137 972 729 368 361 243 190 11930 4108 660 173 123 3448 897 179 487 1896 718 165 440 254 85 2551 104 169 1642 155 2447
is_linear=0
shrinkage=0.01


Tree=33
num_leaves=31
num_cat=6
split_feature=10 15 0 7 19 12 16 13 24 10 0 32 0 12 7 13 14 32 7 10 24 7 0 13 13 0 14 20 0 21
split_gain=28.2437 28.6961 22.9603 11.1404 12.047 8.68272 6.09351 5.07863 4.46482 2.96291 3.30059 2.94189 5.38984 9.74364 2.43457 1.75021 0.812329 2.20731 5.74964 1.63256 0.927251 1.28459 0.58156 1.65092 3.79492 0.380835 0.697272 0.781071 0.27515 0.140304
threshold=2485.7857142857147 0.26659387353423869 0 210.50000000000003 226.15000000000006 2552.6666666666674 0.94911049632748046 1571.9398761537566 1275.4700000000003 3683.928571428572 1 173.45000000000002 2 3559.8333333333335 230.50000000000003 1618.9685036702431 -0.78856175031405207 111.25000000000001 262.50000000000006 1948.5000000000002 853.00000000000011 243.50000000000003 3 1653.4350955071297 1639.5691105769233 4 -0.64578423485557612 23.653571428571432 5 4550.5000000000009
decision_type=2 2 9 2 2 2 2 2 2 2 9 2 9 2 2 2 2 2 2 2 2 2 9 2 2 9 2 2 9 2
left_child=16 2 3 8 -5 -6 9 -8 -2 28 -11 25 13 -13 -9 -10 17 18 19 -1 21 -19 23 24 -18 26 27 -3 -4 -14
right_child=1 11 6 4 5 -7 7 14 15 10 -12 12 29 -15 -16 -17 22 20 -20 -21 -22 -23 -24 -25 -26 -27 -28 -29 -30 -31
leaf_value=1.1807525119310505 4.5051006942866136 -5.4464520280392348 0.083247941876674433 11.405777947913814 -16.854492354044243 9.6984390979437087 0.16440941836434056 3.2244113069383689 0.70626734111854306 5.1561504443323249 0.40308140069560955 -11.153935147680729 -4.4698917908242732 1253398.882992751 1.2118853053320902 -2.2942437486886647 -0.76037383623722576 2.2408549728591787 -1.1298137458428252 2.6378345815534772 -5.1144032312057908 -1.5255664999631799 -10.574112389621835 -14.430888902295635 1.8814873318581797 -4.0455561126440385 -11.367503716868882 0.96471279942137733 -1.8398302146057015 0.59598460307961099
leaf_weight=31 40 44 126 69 48 250 47 40 44 104 149 51 160 53 31 95 65 34 152 43 1019 49 10132 273 31 1228 165 66 290 34
leaf_count=31 40 44 126 69 48 250 47 40 44 104 149 51 160 53 31 95 65 34 152 43 1019 49 10132 273 31 1228 165 66 290 34
internal_value=-0.000213279 0.000629346 0.00174175 0.00329803 0.00436549 0.00341472 0.000597118 0.00269748 0.001225 0.000217164 0.00107677 -0.000188957 0.000705685 0.00241739 0.00436806 0.000289286 -0.000437405 -0.000191121 0.00069163 0.00297333 -0.000381686 0.000577381 -0.000467578 -3.8158e-05 0.00105155 -0.000373338 0 0.000585585 -0.000282974 -0.000278049
internal_weight=14963 3134 1333 546 367 298 787 118 179 669 253 1801 298 104 71 139 11829 1328 226 74 1102 83 10501 369 96 1503 275 110 416 194
internal_count=14963 3134 1333 546 367 298 787 118 179 669 253 1801 298 104 71 139 11829 1328 226 74 1102 83 10501 369 96 1503 275 110 416 194
cat_boundaries=0 1 2 3 4 5 6
cat_threshold=1788248 2097283 1115282 1048576 16416 2134018
is_linear=0
shrinkage=0.01


Tree=34
num_leaves=31
num_cat=6
split_feature=32 22 0 17 17 17 0 25 22 7 7 7 19 31 0 13 13 17 15 11 7 11 0 13 11 0 20 0 19 13
split_gain=15.9187 27.7722 12.0024 12.8767 3.13941 4.24378 2.97182 3.62525 9.02422 2.72635 2.78312 3.00492 1.97439 1.95131 3.33042 6.39734 12.8858 2.50124 3.93457 1.59561 1.09488 2.17127 0.555016 0.696298 0.279261 0.649167 1.20001 0.251367 0.849205 2.00089
threshold=182.45000000000002 2177.5000000000005 0 -0.85227283847737434 0.48877522411129348 -0.23328638671828431 1 29.025000000000002 1150.5000000000002 286.50000000000006 218.50000000000003 230.50000000000003 227.95000000000002 13.299999999999992 2 1693.6038148941534 1574.1927275423025 -0.54220090575550783 -0.10837475778693638 77.344313670427297 243.50000000000003 75.000000000007091 3 1700.2029749791657 605.88039376874679 4 22.889285714285723 5 0.19999999999999471 1802.2562944718118
decision_type=2 2 9 2 2 2 9 2 2 2 2 2 2 2 9 2 2 2 2 2 2 2 9 2 2 9 2 9 2 2
left_child=13 6 3 12 5 -5 7 20 -9 10 -4 -12 -3 24 15 16 -15 18 19 -16 21 -2 23 -19 27 26 -26 28 29 -1
right_child=1 2 9 4 -6 -7 -8 8 -10 -11 11 -13 -14 14 17 -17 -18 22 -20 -21 -22 -23 -24 -25 25 -27 -28 -29 -30 -31
leaf_value=1.8883493406867511 -0.53276402318692029 11.661015704399116 -1.1598920540802697 10.587522130821197 -0.86741483443603506 180313.69470204203 -5.8827915515784017 -0.94800376558515842 7.752257875108965 -2.0611520029486932 3.0083427198978008 3.6145077434806696 9.7810594105560398 -1.6702214821978938 -0.22158579159608224 -12.87361585096513 5.2705923385273712 3.2065634983660698 -1.7099359485111976 3.1589822785139718 -11.022674848992898 3.2066513773105245 -5.4039492761940044 -13.827609571809239 -6.7215725645047169 -4.352301457160733 1.2639877864248761 -9.0580901705375734 -10.414718618068214 -18.832109126758766
leaf_weight=30 113 47 97 134 47 58 1618 49 30 125 64 359 55 43 33 101 38 71 142 87 245 71 1376 92 67 476 52 8934 254 55
leaf_count=30 113 47 97 134 47 58 1618 49 30 125 64 359 55 43 33 101 38 71 142 87 245 71 1376 92 67 476 52 8934 254 55
internal_value=-0.00023199 0.000402827 0.00179027 0.00329403 0.00204375 0.0026114 -0.000236483 0.000416185 0.00238125 0.000910823 0.0012476 0.00160024 0.00639806 -0.000399553 -0.000106603 0.00113471 0.00328659 -0.000243102 0.000642585 0.00198347 3.60464e-05 0.000637838 -0.000402273 0.000106322 -0.000457392 -0.000213926 0.000388461 -0.000471911 -0.000141429 0.000668605
internal_weight=14963 3112 986 341 239 192 2126 508 79 645 520 423 102 11851 1983 182 81 1801 262 120 429 184 1539 163 9868 595 119 9273 339 85
internal_count=14963 3112 986 341 239 192 2126 508 79 645 520 423 102 11851 1983 182 81 1801 262 120 429 184 1539 163 9868 595 119 9273 339 85
cat_boundaries=0 1 2 3 4 5 6
cat_threshold=737368 1116440 1114112 2056 16416 1048576
is_linear=0
shrinkage=0.01


Tree=35
num_leaves=31
num_cat=7
split_feature=10 15 0 10 0 16 25 0 0 20 10 15 14 24 0 25 25 0 14 10 13 12 0 13 13 24 13 26 25 14
split_gain=17.6079 24.2806 21.5826 10.1671 11.9571 4.90703 4.86321 4.5446 2.07181 1.91819 0.788484 5.7363 4.22501 3.57659 2.42737 1.09058 0.825883 0.584232 0.878193 0.806208 1.57316 0.580528 0.337376 0.841204 1.9715 0.0993938 0.230334 0.0518864 0.042353 0.157616
threshold=2708.9828571428579 0.26659387353423869 0 3968.2857142857147 1 0.84660111278280559 24.825000000000006 2 3 24.332142857142863 1871.5000000000002 -0.19337245081799007 -0.89785546691630314 1111.5000000000002 4 27.125000000000004 24.175000000000004 5 -0.61237985104942771 4081.8571428571436 1818.7454041410381 3800.0500000000006 6 1650.5099283321158 1614.1055055906661 550.50000000000011 1330.3697784988283 5.0500000000000007 25.525000000000002 -0.78856175031405207
decision_type=2 2 9 2 9 2 2 9 9 2 2 2 2 2 9 2 2 9 2 2 2 2 9 2 2 2 2 2 2 2
left_child=10 2 6 5 9 8 -2 -7 -4 -5 22 12 13 -12 15 -14 -16 18 19 27 -21 -6 23 24 -1 26 -24 -3 -19 -30
right_child=1 17 3 4 21 7 -8 -9 -10 -11 11 -13 14 -15 16 -17 -18 28 -20 20 -22 -23 25 -25 -26 -27 -28 -29 29 -31
leaf_value=-0.85811217868044698 4.941897348410909 -1.2754316174457696 8.1470889923352008 9.262744815038765 7.7342231187489849 8.097248508673351 8.3445379080259681 1.0788688788038525 -0.80382360124850027 9.761637414689659 -0.37199320145058606 -7.3888614496658498 4.3148248684847132 2.7915440607086714 1.9986789590406249 0.21082502675133061 -1.4532378751622577 -4.1470836054500868 -12.776034275915267 1275326.7245990646 0.097541022483631321 -0.24001982241607081 1.2512086025787685 -7.9132072813301253 1.5191670849180623 -9.7107283608473018 -16.32014205380634 0.54642548670462887 0.34436225918149382 -3.9638505242681861
leaf_weight=67 32 82 113 31 40 100 69 160 429 71 33 2538 69 51 44 47 331 1059 217 31 77 80 50 238 30 8525 184 33 39 99
leaf_count=67 32 82 113 31 40 100 69 160 429 71 33 2538 69 51 44 47 331 1059 217 31 77 80 50 238 30 8525 184 33 39 99
internal_value=-0.000263494 0.000455664 0.00158748 0.00108985 0.003 0.000559153 0.00579911 0.00168582 0 0.00530088 -0.000427056 -0.000281471 0.000611979 0.00268235 0.000232723 0.00143307 -0.000148964 -0.000316545 0 0.000439732 0.00106422 0.000458015 -0.000475756 -0.000108382 0.000627551 -0.00048797 -0.0002 -6.46553e-05 -0.000429222 -0.000136691
internal_weight=14969 2762 1125 1024 222 802 101 260 542 102 12207 3113 575 84 491 116 375 1637 440 223 108 120 9094 335 97 8759 234 115 1197 138
internal_count=14969 2762 1125 1024 222 802 101 260 542 102 12207 3113 575 84 491 116 375 1637 440 223 108 120 9094 335 97 8759 234 115 1197 138
cat_boundaries=0 1 2 3 4 5 6 7
cat_threshold=1114120 540881 139427 657410 71962 16496 1048576
is_linear=0
shrinkage=0.01


Tree=36
num_leaves=31
num_cat=0
split_feature=10 15 10 13 16 19 7 19 12 14 32 7 10 23 18 14 23 11 20 15 25 22 13 10 11 10 11 23 16 25
split_gain=16.323 22.4291 10.9603 6.9767 6.21865 4.10226 3.25347 1.94747 1.38603 0.745814 2.50705 6.05628 0.92516 0.392425 0.363991 0.276195 0.565367 0.471861 0.535625 0.238927 0.226341 0.208376 0.18942 0.91573 0.14248 0.105847 0.0796039 0.0616131 0.0139903 0.00617082
threshold=2514.928571428572 0.26659387353423869 3922.5000000000005 1689.7877168174964 0.21652696009750597 145.65000000000003 210.50000000000003 231.75000000000003 3800.0500000000006 -0.79902248885025529 111.25000000000001 262.50000000000006 1948.5000000000002 1395.5000000000002 18.500000000000021 -0.64578423485557612 4350.5000000000009 567.78600932125221 23.810714285714294 -0.54219087765047058 25.175000000000008 1070.5000000000002 1330.3697784988283 1359.6428571428573 717.7706630372553 2485.7857142857147 325.86880211284807 4050.5000000000005 0.10837544681456425 24.675000000000008
decision_type=2 2 2 2 2 2 2 2 2 2 2 2 2 2 2 2 2 2 2 2 2 2 2 2 2 2 2 2 2 2
left_child=9 2 4 8 13 -6 -7 -5 -4 10 11 12 -1 -2 19 16 20 -18 -19 -12 27 -21 23 -11 25 -24 -22 -3 -15 -13
right_child=1 15 3 7 5 6 -8 -9 -10 22 14 29 -14 28 -16 -17 17 18 -20 21 26 -23 24 -25 -26 -27 -28 -29 -30 -31
leaf_value=1.5693587364414947 0.93730664602512326 -2.9687525062135474 5.9026200215551023 9.7263644352091738 4.4685967800485216 0.077419488740343906 4.536092922160015 7.6657822344708828 -0.76328699070222217 -7.9883460182119785 1.8406149047578406 -1.5566654270213496 2.8783240265269256 -4.5109019513194832 -5.9924410722989654 -12.79660060081363 -3.4885912828183154 406029.56717126939 1196931.0475796466 0.49445079390904767 -1.2150241434606286 -1.367931644723092 -10.31901599413446 3.3768389993817132 -0.012316273968343979 0.82589311084551442 0.21173572206786642 -0.72229471040019688 -3.1379124785499291 -0.28448767299933403
leaf_weight=30 52 518 43 107 35 196 495 66 56 163 30 119 45 238 888 927 56 34 33 33 48 114 10283 31 57 34 100 78 30 30
leaf_count=30 52 518 43 107 35 196 495 66 56 163 30 119 45 238 888 927 56 34 33 33 48 114 10283 31 57 34 100 78 30 30
internal_value=-0.000268838 0.000373916 0.00136543 0.00316484 0.000885387 0.0013989 0.00120592 0.00438793 0.000905 -0.000438396 -0.000197287 0.000746667 0.00305921 -0.000249221 -0.000405722 -0.000349304 -0.000199885 0.000391129 0.000977941 0 -0.00031141 -0.000158784 -0.000466837 -8.71796e-05 -0.000472964 -0.000475722 0 -0.00039866 -0.000423792 -0.000363333
internal_weight=14969 3112 1318 272 1046 726 691 173 99 11857 1289 224 75 320 1065 1794 867 123 67 177 744 147 10568 194 10374 10317 148 596 268 149
internal_count=14969 3112 1318 272 1046 726 691 173 99 11857 1289 224 75 320 1065 1794 867 123 67 177 744 147 10568 194 10374 10317 148 596 268 149
is_linear=0
shrinkage=0.01


Tree=37
num_leaves=31
num_cat=6
split_feature=10 15 0 10 0 25 16 0 20 0 13 12 14 13 7 32 12 0 16 10 10 13 32 12 16 25 0 7 13 10
split_gain=15.1872 23.4853 21.5353 10.0572 11.0542 4.55408 4.01956 4.30583 2.28647 0.779511 1.15605 4.12891 0.825168 2.00096 1.86412 5.65794 0.580528 0.360557 0.777642 0.321212 0.190029 0.115936 0.112957 0.0808729 0.07606 0.0582847 0.245849 0.345576 0.0533159 0.0386796
threshold=2708.9828571428579 0.26659387353423869 0 3968.2857142857147 1 24.825000000000006 0.39034993933883777 2 24.332142857142863 3 1655.3539240168514 1389.3000000000002 -0.56368474752277564 1582.8533468214766 262.50000000000006 111.25000000000001 3800.0500000000006 4 -0.96929669384506845 2351.3571428571436 2628.7857142857147 1587.6301187551192 55.850000000000001 2108.3500000000008 0.31596169403973995 25.125000000000004 5 312.50000000000006 1314.273114036607 1250.8571428571431
decision_type=2 2 9 2 9 2 2 9 2 9 2 2 2 2 2 2 2 9 2 2 2 2 2 2 2 2 9 2 2 2
left_child=9 2 5 6 8 -2 24 -8 -5 10 11 29 13 14 15 -11 -6 18 -3 -12 28 -22 -20 -16 -4 -19 27 -27 -14 -1
right_child=1 17 3 4 16 -7 7 -9 -10 12 19 -13 20 -15 23 -17 -18 25 22 -21 21 -23 -24 -25 -26 26 -28 -29 -30 -31
leaf_value=-17.99883238463639 4.8413393078389522 1193163.350253534 -3.2274742111131194 9.0728537225362889 7.5802230652167939 8.2157315997241138 7.9009598035539081 0.72262781984438518 9.5667573961906704 2.400054807195231 -13.202842951526046 1.5694693141952563 -7.4791115910099535 -7.0131419186444877 -2.1893309934370055 0.12009721811480779 -0.33488326854399975 -4.5391816397850828 -4.1325732992798194 3.7171694089310905 0.46891393243770718 -1.8837535842628321 127596.36013578893 -0.14263374588009073 -0.24095339197613108 0.30347719699256737 -5.1381603855721805 -1.4508121764713542 -10.331680900627262 0.17095640431946776
leaf_weight=65 32 38 264 31 40 69 231 268 71 75 287 35 100 1378 295 373 80 1089 127 30 52 66 39 38 39 45 221 78 9379 34
leaf_count=65 32 38 264 31 40 69 231 268 71 75 287 35 100 1378 295 373 80 1089 127 30 52 66 39 38 39 45 221 78 9379 34
internal_value=-0.000273514 0.000394137 0.00150755 0.00101256 0.00291031 0.00570982 0.000484433 0.001041 0.00512389 -0.000425418 0 0.000762963 -0.000440894 -0.000254398 0.000140025 0.000570156 0.000458015 -0.000365385 0 -0.000341195 -0.000482236 0 -0.000257485 -0.000408683 -0.000399671 -0.000420014 -0.000237681 6.34327e-05 -0.000487289 -0.000195
internal_weight=14969 2762 1125 1024 222 101 802 499 102 12207 451 134 11756 2159 781 448 120 1637 204 317 9597 118 166 333 303 1433 344 123 9479 99
internal_count=14969 2762 1125 1024 222 101 802 499 102 12207 451 134 11756 2159 781 448 120 1637 204 317 9597 118 166 333 303 1433 344 123 9479 99
cat_boundaries=0 1 2 3 4 5 6
cat_threshold=1114120 540881 666786 1048832 16400 1056928
is_linear=0
shrinkage=0.01


Tree=38
num_leaves=31
num_cat=5
split_feature=10 15 0 10 0 13 16 0 20 14 14 32 7 10 24 12 0 13 13 0 16 7 13 11 13 24 16 19 24 11
split_gain=13.6746 21.4498 22.6685 11.587 11.0542 4.53606 3.95559 4.48242 2.28647 0.830556 0.751858 2.53158 6.0253 0.92516 0.746844 0.580528 0.54236 1.44944 4.22196 0.294005 0.483228 0.919758 0.208639 0.665036 0.10325 0.0219096 0.0167556 0.00617082 0.00594794 0.00522418
threshold=2485.7857142857147 0.26659387353423869 0 3968.2857142857147 1 1709.4065990384352 0.34841060557183762 2 24.332142857142863 -0.47558551945199218 -0.79902248885025529 111.25000000000001 262.50000000000006 1948.5000000000002 753.00000000000011 3800.0500000000006 3 1653.4350955071297 1637.1740821234723 4 -0.95244167294248061 318.50000000000006 1330.3697784988283 162.56866681060276 1388.2316673710907 850.50000000000011 0.28313881758084386 197.65000000000003 1322.4400000000003 754.90459819830971
decision_type=2 2 9 2 9 2 2 9 2 2 2 2 2 2 2 2 9 2 2 9 2 2 2 2 2 2 2 2 2 2
left_child=10 2 5 6 8 9 26 -8 -5 -2 11 12 13 -1 -13 -6 17 18 -12 20 21 -3 23 -18 -16 -26 -4 -22 -14 -24
right_child=1 19 3 4 15 -7 7 -9 -10 -11 16 14 28 -15 24 -17 22 -19 -20 -21 27 -23 29 -25 25 -27 -28 -29 -30 -31
leaf_value=1.5296646010051262 9.5663705295394923 1202407.5550796266 -3.7058477584924319 8.982125185310931 7.5044208345646233 3.9432323524998827 10.210212031987551 1.4149957811658387 9.4710898222287607 4.7281741564223259 -1.2640047695304426 0.73169198239642064 -1.8880385989640822 2.8255402381897063 -0.18158277652478588 -0.33153443585855757 -7.725064590994613 -13.68551124044267 1.5914708808682729 -4.0440149959121765 -2.821404422183714 -5.3302630022255926 -10.31282716476073 3.088085909785482 -0.77365568532644691 -5.776190728070782 -0.53683544098927216 -11.549125629214856 -0.27100631412096016 -6.2129640180773213
leaf_weight=30 46 33 333 31 40 30 100 545 71 31 77 34 117 45 34 80 154 280 30 1602 119 37 9912 40 30 961 30 30 30 37
leaf_count=30 46 33 333 31 40 30 100 545 71 31 77 34 117 45 34 80 154 280 30 1602 119 37 9912 40 30 961 30 30 30 37
internal_value=-0.00028153 0.000301045 0.0012642 0.000834005 0.00291031 0.00547881 0.000372646 0.000847523 0.00512389 0.00732692 -0.000438156 -0.000195398 0.000757847 0.00305921 -0.000405189 0.000458015 -0.000466717 -5.90453e-05 0.000893518 -0.000400933 0 0.000633803 -0.000480747 -8.71796e-05 -0.000460526 -0.000479335 -0.000443681 -0.000363333 -0.000361487 -0.00048789
internal_weight=14969 3158 1337 1230 222 107 1008 645 102 77 11811 1281 222 75 1059 120 10530 387 107 1821 219 70 10143 194 1025 991 363 149 147 9949
internal_count=14969 3158 1337 1230 222 107 1008 645 102 77 11811 1281 222 75 1059 120 10530 387 107 1821 219 70 10143 194 1025 991 363 149 147 9949
cat_boundaries=0 1 2 3 4 5
cat_threshold=1114120 540881 133378 1048576 144
is_linear=0
shrinkage=0.01


Tree=39
num_leaves=31
num_cat=0
split_feature=10 15 10 13 20 17 13 13 24 24 13 19 13 12 15 12 30 18 7 13 13 10 15 13 13 19 19 10 19 19
split_gain=13.2434 21.3455 11.0206 6.2616 4.0948 2.48479 2.38779 3.19412 1.55771 0.842594 1.78622 0.67619 0.650602 2.51529 3.00721 1.47596 0.640658 0.456137 0.207405 0.230209 0.194128 1.16347 1.04729 1.36199 0.590631 1.9303 0.115792 0.230178 0.424705 0.126628
threshold=2485.7857142857147 0.26659387353423869 3922.5000000000005 1689.7877168174964 24.610714285714288 -0.90892157495189674 1574.1927275423025 1707.396970048758 2647.5000000000005 1275.4700000000003 1580.2599258525127 231.75000000000003 1440.2307412261541 1575.0666666666668 -0.19337245081799007 1801.916666666667 10.750000000000002 86.750000000000028 220.50000000000003 1330.3697784988283 1653.4350955071297 1957.214285714286 -0.21022037796396451 1564.2479510308206 1642.2149819337428 0.19999999999999471 60.650000000000013 4571.6428571428578 156.55000000000004 90.850000000000023
decision_type=2 2 2 2 2 2 2 2 2 2 2 2 2 2 2 2 2 2 2 2 2 2 2 2 2 2 2 2 2 2
left_child=12 2 4 8 6 11 17 -8 -4 10 -6 -5 13 18 15 -15 -11 -2 -1 -20 21 24 23 -23 -14 -26 -3 29 -29 -28
right_child=1 26 3 5 9 -7 7 -9 -10 16 -12 -13 20 14 -16 -17 -18 -19 19 -21 -22 22 -24 -25 25 -27 27 28 -30 -31
leaf_value=-9.8439201626033217 -0.2543545078328488 -4.6054581071883636 5.4591380690867402 9.1284935187451772 -5.9390356792226591 7.1589658713115965 6.0104701468808424 2.4832536641315639 -0.57607080345689032 -0.84797551529603821 4.0703007899318786 7.5598437460632981 -8.5398087275940835 2.5251568769893704 -1.2376008171794499 2.2705117965004056 1.1124050211386658 2.0272129798967153 1.1637247844619649 -10.454130598690613 -11.509665975267385 0.35507878868488385 -1.4330466945027243 5.5152012305575138 1.5152421563556371 -8.2326654236294381 -0.012870395547539921 -10.666763997186065 1171997.5105605714 -4.3302285915538068
leaf_weight=685 89 1186 35 87 36 36 212 184 64 298 37 50 3301 49 75 32 163 46 33 61 7025 136 168 37 38 171 79 96 30 430
leaf_count=685 89 1186 35 87 36 36 212 184 64 298 37 50 3301 49 75 32 163 46 33 61 7025 136 168 37 38 171 79 96 30 430
internal_value=-0.00028487 0.000288382 0.00124925 0.00305494 0.000776266 0.00421552 0.00139944 0.00179345 0.000905 0.000136448 0.00112838 0.00486594 -0.000439003 -0.000168269 0.000968153 0.00231098 -1.08237e-06 0.000165441 -0.000409616 0 -0.000461341 -0.000390836 0.000144737 0.00070977 -0.000445742 2.61904e-05 -0.00041191 -0.000263365 5.5118e-05 -0.000361765
internal_weight=14969 3158 1337 272 1065 173 531 396 99 534 73 137 11811 935 156 81 461 135 779 94 10876 3851 341 173 3510 209 1821 635 126 509
internal_count=14969 3158 1337 272 1065 173 531 396 99 534 73 137 11811 935 156 81 461 135 779 94 10876 3851 341 173 3510 209 1821 635 126 509
is_linear=0
shrinkage=0.01


Tree=40
num_leaves=31
num_cat=4
split_feature=10 7 0 6 19 0 12 12 13 7 26 10 7 19 22 0 13 13 0 32 33 13 26 18 10 18 18 26 26 22
split_gain=13.9854 21.8764 18.0048 8.4357 6.45967 5.64643 5.34881 1.82069 1.19079 1.01657 0.878661 2.36382 4.23495 2.46318 2.02238 0.743439 1.66456 3.86501 0.388789 0.542687 0.879059 0.252062 0.105494 0.0568701 0.282153 0.39937 0.108135 0.0269881 0.101193 0.0179316
threshold=2729.2857142857147 289.50000000000006 0 7.5000000000000009 271.25000000000006 1 2832.5166666666669 4143.4500000000007 1705.8104591482872 212.50000000000003 2.3500000000000001 1892.9285714285718 258.50000000000006 108.65000000000002 1111.5000000000002 2 1655.3539240168514 1642.2149819337428 3 39.750000000000007 4.4450000000000012 1330.3697784988283 2.4500000000000006 19.099999999999998 1969.3571428571431 39.40000000000002 19.949999999999996 12.250000000000002 14.65 800.50000000000011
decision_type=2 2 9 2 2 9 2 2 2 2 2 2 2 2 2 9 2 2 9 2 2 2 2 2 2 2 2 2 2 2
left_child=10 2 4 -4 9 6 -5 -7 -6 -2 15 21 13 -13 -15 16 17 -1 19 -3 -21 -12 -14 -17 26 -26 -25 -20 -29 -23
right_child=1 18 3 5 8 7 -8 -9 -10 -11 11 12 22 14 -16 23 -18 -19 27 20 -22 29 -24 24 25 -27 -28 28 -30 -31
leaf_value=-3.1902491766662271 5.368969174709596 -11.30465171472094 -2.4130564643585548 -3.4789614443900354 4.4081845831757356 1.6042898509582617 8.6074891219935736 9.1811110186344873 2.2328276041379116 10.953262397180806 1.2518276728566828 3.0066260116561256 -1.1713835570591866 2.8243154501484433 0.25645642416967962 -9.8972666125813973 -14.09615051466559 1.4925504828290854 -4.1315480344417832 -5.9409017492308136 1159580.0681148735 -13.031453961561738 -3.1603936303227629 -1.1226869852744437 2.88859961517851 -1.9516308098018882 -9.3051613014985417 1.5077771916538973 -4.8295404039273881 -6.4283707800109928
leaf_weight=75 31 109 299 40 35 395 200 51 30 45 52 60 30 51 208 7957 261 39 1222 43 32 32 385 31 82 226 1348 30 82 1454
leaf_count=75 31 109 299 40 35 395 200 51 30 45 52 60 30 51 208 7957 261 39 1222 43 32 32 385 31 82 226 1348 30 82 1454
internal_value=-0.000280363 0.000377316 0.00143478 0.000901104 0.00466776 0.00152402 0.002749 0.0007593 0.00238636 0.00703896 -0.000422673 -0.000235812 0.000221769 0.00109531 0.000617308 -0.000464022 0 0.000982609 -0.000400922 0 0.000690789 -0.000460689 -0.000426683 -0.000480787 -0.000393069 -7.767e-05 -0.00045616 -0.000458736 -0.000141593 -0.000486214
internal_weight=14935 2644 1126 985 141 686 240 446 65 76 12291 2272 734 319 259 10019 375 114 1518 184 75 1538 415 9644 1687 308 1379 1334 112 1486
internal_count=14935 2644 1126 985 141 686 240 446 65 76 12291 2272 734 319 259 10019 375 114 1518 184 75 1538 415 9644 1687 308 1379 1334 112 1486
cat_boundaries=0 1 2 3 4
cat_threshold=1114136 673922 1048576 48
is_linear=0
shrinkage=0.01


Tree=41
num_leaves=31
num_cat=4
split_feature=14 23 7 0 23 26 14 13 24 0 18 13 24 11 0 20 15 18 0 32 14 32 29 14 31 24 13 13 26 7
split_gain=10.1664 11.0129 13.8514 9.56346 9.09536 4.47893 3.14378 2.27877 1.73677 1.62767 5.00807 5.95835 9.97824 0.969183 0.948469 0.920064 1.48219 0.842397 0.674221 0.647355 0.674666 1.61986 0.551482 0.504845 0.308958 0.18249 0.135124 1.18868 0.117916 0.0801081
threshold=-0.65882179392489248 2300.5000000000005 286.50000000000006 0 3598.4100000000003 1.0000000180025095e-35 -0.97113884758256674 1592.2530775799194 775.50000000000011 1 32.550000000000018 1684.688717709306 951.02500000000009 204.87652433669493 2 24.610714285714288 -0.25206183926700709 12.200000000000021 3 290.65000000000003 -0.50556189049999822 326.85000000000008 23.975000000000005 0.99552231814189451 50.650000000000027 853.00000000000011 1650.5099283321158 1642.2149819337428 2.7500000000000004 290.50000000000006
decision_type=2 2 2 9 2 2 2 2 2 9 2 2 2 2 9 2 2 2 9 2 2 2 2 2 2 2 2 2 2 2
left_child=1 5 3 4 6 -1 -3 13 17 10 23 12 -12 -5 -9 25 -17 -7 22 -11 21 -21 -4 26 -23 -10 27 -2 -13 -20
right_child=9 2 18 7 -6 8 -8 14 15 19 11 28 -14 -15 -16 16 -18 -19 29 20 -22 24 -24 -25 -26 -27 -28 -29 -30 -31
leaf_value=3.8922424082721436 -7.0663115221622279 8.0101335585260447 1127294.5693148861 2.3452998259972162 10.536900617978327 1.5317102200283117 9.1326553297896247 1.9236780139799314 0.35423016077743286 -8.9411503917680832 -0.012738556041610298 -13.717053450237064 6.7279539399326245 5.7261232983524497 -1.0128847078104997 1.0816303761971069 -1.3375920621409241 0.36079523860434343 0.39879980937421411 2.7315549975584092 -2.6005286793903588 0.75349547617191148 -1.6856115805003871 0.71752801237673969 -1.4816741623811565 -4.8036526134918374 -13.407734317261195 1.0207520550288662 3.4856397817610878 -3.9273180627811017
leaf_weight=54 268 98 42 55 30 35 129 121 40 9628 58 99 53 32 130 214 355 43 36 36 282 63 70 47 111 1504 870 45 30 357
leaf_count=54 268 98 42 55 30 35 129 121 40 9628 58 99 53 32 130 214 355 43 36 36 282 63 70 47 111 1504 870 45 30 357
internal_value=-0.000287058 0.000196503 0.00101726 0.00205117 0.00347575 -0.000201469 0.00283553 0.000805157 -0.000276232 -0.000427487 -0.000104659 0.00120332 0.00289732 0.00223295 0.000295635 -0.000334201 0 0.0011519 -0.000182806 -0.000472806 -9.33064e-05 0.000308057 0.000439024 -0.000369618 -4.00001e-05 -0.000460842 -0.000415118 -0.000179936 -0.000188462 -0.000387376
internal_weight=14935 3345 1100 595 257 2245 227 338 2191 11590 1470 240 111 87 251 2113 569 78 505 10120 492 210 112 1230 174 1544 1183 313 129 393
internal_count=14935 3345 1100 595 257 2245 227 338 2191 11590 1470 240 111 87 251 2113 569 78 505 10120 492 210 112 1230 174 1544 1183 313 129 393
cat_boundaries=0 1 2 3 4
cat_threshold=739544 1114376 2097187 106512
is_linear=0
shrinkage=0.01


Tree=42
num_leaves=31
num_cat=4
split_feature=10 15 0 14 0 10 19 7 7 25 14 20 15 19 11 0 13 13 21 14 20 30 7 19 0 19 13 11 11 23
split_gain=11.4619 20.2802 14.4243 8.3956 4.0145 6.95251 2.82397 6.79077 2.66713 1.13158 0.775536 2.40257 1.66425 4.1842 2.26449 0.638297 1.73646 4.78388 0.426543 0.327186 0.206804 0.160714 0.14605 0.230014 0.133752 0.347601 0.0537596 0.239861 0.0203538 0.00900277
threshold=2485.7857142857147 0.21652257995689161 0 -0.59176244063315286 1 3464.3571428571436 274.15000000000003 210.50000000000003 241.50000000000003 24.825000000000006 -0.70898476237405783 24.407142857142862 -0.30982845708428081 108.65000000000002 131.83683999912006 2 1653.4350955071297 1639.5691105769233 1253.0000000000002 -0.95754239937548935 24.217857142857149 2.2500000000000004 262.50000000000006 128.95000000000002 3 156.55000000000004 1321.4629340951267 162.56866681060276 754.90459819830971 2053.0000000000005
decision_type=2 2 9 2 9 2 2 2 2 2 2 2 2 2 2 9 2 2 2 2 2 2 2 2 9 2 2 2 2 2
left_child=10 2 6 4 5 -4 7 -2 -6 -8 11 -1 13 -13 -15 16 17 -12 -5 21 -20 -3 23 -14 25 -21 27 -17 -28 -24
right_child=1 19 3 18 8 -7 9 -9 -10 -11 15 12 22 14 -16 26 -18 -19 20 24 -22 -23 29 -25 -26 -27 28 -29 -30 -31
leaf_value=-5.9794342164002288 4.0252933595427587 -3.7806996319418449 1.2635853372218753 3.4507833839434761 2.2120921400811691 9.7383092258013217 2.8151106918773667 10.574388897434092 1.3217283069982204 4.080931404045721 -2.9637645339701577 2.858313352967718 1.7539505624196614 -1.5898404338444749 1.727542919782695 -7.6573500901747638 -13.300784866153434 1.5369384563037733 0.89684597133446464 -10.986855232119293 -1.7392135390866477 4.9737776518585104 -1.323297068768559 -6.020506914018962 -4.3200437930146709 1142911.4522342042 -10.324420478463084 3.4673676833074718 -7.4120977260450811 -0.34814471734225211
leaf_weight=1083 43 51 79 30 128 153 34 46 303 32 73 37 30 163 66 122 283 30 76 95 353 33 149 43 1631 30 9648 30 31 30
leaf_count=1083 43 51 79 30 128 153 34 46 303 32 73 37 30 163 66 122 283 30 76 95 353 33 149 43 1631 30 9648 30 31 30
internal_value=-0.000293084 0.000244227 0.00121401 0.000775816 0.00150376 0.0025679 0.00399096 0.00550556 0.000824661 0.00234328 -0.000435655 -0.000218789 0.00032948 0.00088764 0.000328261 -0.000468634 -3.27457e-05 0.00104327 -0.000238044 -0.000423683 -0.000336047 9.41175e-05 -0.000221344 4.72972e-05 -0.000454183 -1.83825e-05 -0.0004842 -0.000169935 -0.000488585 -0.000386111
internal_weight=14935 3117 1277 1122 663 232 155 89 431 66 11818 1601 518 266 229 10217 386 103 459 1840 429 84 252 73 1756 125 9831 152 9679 179
internal_count=14935 3117 1277 1122 663 232 155 89 431 66 11818 1601 518 266 229 10217 386 103 459 1840 429 84 252 73 1756 125 9831 152 9679 179
cat_boundaries=0 1 2 3 4
cat_threshold=1114136 2771072 1048576 262416
is_linear=0
shrinkage=0.01


Tree=43
num_leaves=31
num_cat=5
split_feature=32 12 14 0 0 20 12 14 7 12 14 13 21 14 23 0 15 13 12 0 13 32 18 0 19 13 19 18 24 26
split_gain=9.61161 18.878 10.0457 14.6811 7.34425 6.5422 2.77146 1.90883 4.45891 3.91087 1.59615 2.66388 1.43003 1.21831 1.03819 0.977941 1.29732 4.38383 8.66326 0.605702 2.73095 0.287253 0.215505 1.11505 2.4711 0.195606 0.197663 0.11599 0.136039 0.0989294
threshold=182.45000000000002 2552.6666666666674 -0.97113884758256674 0 1 24.63571428571429 4084.3333333333335 -0.8781231054254196 268.50000000000006 1801.916666666667 -0.59176244063315286 1587.6301187551192 2750.5000000000005 -0.94975917145599731 3150.5000000000005 2 0.20812153622207724 1690.8986705442462 889.00000000000011 3 1497.2269356955383 202.35000000000005 32.550000000000018 4 86.850000000000009 1314.273114036607 169.45000000000002 52.650000000000006 2900.5000000000005 7.4500000000000011
decision_type=2 2 2 9 9 2 2 2 2 2 2 2 2 2 2 9 2 2 2 9 2 2 2 9 2 2 2 2 2 2
left_child=7 19 3 27 5 12 14 8 9 -1 11 -6 -4 -11 -5 16 17 18 -9 20 -2 -22 25 24 -24 -17 -27 28 -3 -25
right_child=1 2 4 6 10 -7 -8 15 -10 13 -12 -13 -14 -15 -16 22 -18 -19 -20 -21 21 -23 23 29 -26 26 -28 -29 -30 -31
leaf_value=-0.93162320609976379 1.829791200580166 -2.1706062492698148 8.34191095877466 7.8419786972216512 1.8514161593342713 -1.7483769157433215 10.075787174938196 -16.853312313405628 -1.2450909982893121 5.6088283959832985 -1.2419971805000085 1.808094168919425 3.0871341930484495 2.8498800941683431 6.3022241708706286 3.0950215965545897 -13.138665554117537 -15.471074024592214 3.8238691621951197 -6.159571494507019 0.28937510929083321 -3.9594915174268044 4.887597763898988 -3.4677224536465117 -0.12814435858711393 -9.51157638834351 -2.1907219181194537 -0.83240738450694551 1.2740520673831717 -3.8235002423256028
leaf_weight=72 47 30 38 79 93 34 37 39 397 43 223 421 30 36 32 39 256 127 30 1609 32 314 30 798 71 9704 160 53 30 31
leaf_count=72 47 30 38 79 93 34 37 39 397 43 223 421 30 36 32 39 256 127 30 1609 32 314 30 798 71 9704 160 53 30 31
internal_value=-0.000293753 0.000199484 0.00125341 0.00297519 0.000702976 0.0030885 0.0048805 -0.000423906 0.000138433 0.00160855 0.000309492 0.000627184 0.00515942 0.00313125 0.00414732 -0.000452109 0 0.000619289 0.00265 -0.000374938 0 -0.000325649 -0.000470906 -0.000295381 0.000620536 -0.000486824 -0.000489813 0 0.000327869 -0.000422024
internal_weight=14935 3102 1100 261 839 102 148 11833 548 151 737 514 68 79 111 11285 452 196 69 2002 393 346 10833 930 101 9903 9864 113 60 829
internal_count=14935 3102 1100 261 839 102 148 11833 548 151 737 514 68 79 111 11285 452 196 69 2002 393 346 10833 930 101 9903 9864 113 60 829
cat_boundaries=0 1 2 3 4 5
cat_threshold=44067 67594 1048576 69650 65544
is_linear=0
shrinkage=0.01


Tree=44
num_leaves=28
num_cat=4
split_feature=10 15 0 12 7 0 19 7 13 25 13 10 16 19 12 0 13 20 21 15 30 0 19 24 10 15 10
split_gain=10.9867 19.322 13.5889 8.05632 4.60712 4.06436 2.95331 7.45577 1.20138 0.864101 0.574896 3.11895 3.38354 3.32325 1.8061 1.30167 2.38711 0.453057 0.421406 0.327186 0.160714 0.133752 0.347601 0.119135 0.707279 0.00927739 0.00813511
threshold=2485.7857142857147 0.21652257995689161 0 4084.3333333333335 218.50000000000003 1 274.15000000000003 210.50000000000003 1779.4642329372336 24.825000000000006 1653.4350955071297 1892.9285714285718 0.4737060765891063 108.65000000000002 1493.9833333333336 2 1637.1740821234723 27.667857142857148 1253.0000000000002 0.28313308994381592 2.2500000000000004 3 156.55000000000004 600.50000000000011 1237.6428571428573 -0.97315270831292444 1871.5000000000002
decision_type=2 2 9 2 2 9 2 2 2 2 2 2 2 2 2 9 2 2 2 2 2 9 2 2 2 2 2
left_child=10 2 6 4 18 -6 7 -2 -5 -8 11 15 17 -14 -15 16 -1 25 -4 20 -3 22 -21 24 -17 -13 -25
right_child=1 19 3 8 5 -7 9 -9 -10 -11 -12 12 13 14 -16 23 -18 -19 -20 21 -22 -23 -24 26 -26 -27 -28
leaf_value=-2.9723655802524047 3.9361644483083382 -3.7279252930524422 3.4778712650491115 6.2784963602091093 7.5416453157235184 0.822527762319057 2.7394463059686114 10.367887136710369 8.8833073956509665 3.9589526737470062 -11.062905934718936 -1.1089343820403224 2.7834516188996723 1.631272382834305 -0.38820765146767122 -15.286020519367831 1.4756395160983187 4.2812700210945591 -1.5799901549938751 -10.781870915914665 4.9201848044225196 -4.2375449905241531 1131482.341624395 -8.2765039022828937 1.5998679074435627 -1.4195428438821862 -0.12255838440418231
leaf_weight=73 43 51 30 30 251 351 34 46 43 32 7014 30 46 47 107 360 31 59 417 95 33 1631 30 3722 30 263 36
leaf_count=73 43 51 30 30 251 351 34 46 43 32 7014 30 46 47 107 360 31 59 417 95 33 1631 30 3722 30 263 36
internal_value=-0.000297771 0.000228191 0.00117488 0.000749338 0.000519524 0.00109287 0.00387048 0.00539444 0.00396622 0.00219403 -0.000437347 -0.00034589 0.000350814 0.00139303 0.0006 -0.000438749 0.000591304 -0.000215298 -0.000231027 -0.000423683 9.41175e-05 -0.000454183 -1.83825e-05 -0.00046742 -0.000242967 -0.000396259 -0.000489226
internal_weight=14935 3117 1277 1122 1049 602 155 89 73 66 11818 4804 552 200 154 4252 104 352 447 1840 84 1756 125 4148 390 293 3758
internal_count=14935 3117 1277 1122 1049 602 155 89 73 66 11818 4804 552 200 154 4252 104 352 447 1840 84 1756 125 4148 390 293 3758
cat_boundaries=0 1 2 3 4
cat_threshold=1114136 2754722 1048576 262416
is_linear=0
shrinkage=0.01


Tree=45
num_leaves=31
num_cat=0
split_feature=10 15 14 19 24 12 12 13 21 7 25 13 10 16 32 13 12 14 10 16 24 7 13 10 13 14 13 13 10 32
split_gain=9.83146 16.9037 8.50315 5.00148 4.71059 3.50389 2.44974 1.52603 0.77941 2.02381 1.34065 0.660655 2.5408 2.0406 2.50709 0.687982 0.541818 0.413801 0.610417 0.210535 0.480136 0.122065 0.0920149 0.863604 0.411652 1.40709 0.15014 0.469288 0.180179 0.0174369
threshold=2485.7857142857147 0.19969739736768838 -0.56368474752277564 206.85000000000005 2650.5000000000005 4084.3333333333335 2552.6666666666674 1569.9819195921639 2050.5000000000005 200.50000000000003 27.275000000000002 1489.5031473075214 1871.5000000000002 0.039769539193789977 117.05000000000003 1445.452773391236 2459.166666666667 -0.96235977360714686 3922.5000000000005 0.91161058030431363 695.50000000000011 171.50000000000003 1653.4350955071297 1957.214285714286 1642.2149819337428 0.97696484778429815 1564.2479510308206 1580.2599258525127 2064.3571428571436 191.25000000000003
decision_type=2 2 2 2 2 2 2 2 2 2 2 2 2 2 2 2 2 2 2 2 2 2 2 2 2 2 2 2 2 2
left_child=11 2 3 4 -2 -6 -5 -8 9 10 -4 12 19 21 -15 -16 -11 18 -3 -1 -21 -14 23 24 -13 -26 28 -28 -25 -19
right_child=1 17 8 6 5 -7 7 -9 -10 16 -12 22 13 14 15 -17 -18 29 -20 20 -22 -23 -24 26 25 -27 27 -29 -30 -31
leaf_value=-7.6226764878438944 9.3077338194501547 -7.3254083450193619 3.7253651358870745 -11.796155944861685 1.0463167888290652 8.7155697359263016 0.80124675565417236 7.1066693913623027 -1.9184784759390749 3.2947793915593935 -0.37016763631046201 -8.4179741659462799 1.7139407736195984 2.1091368729986182 -0.24874867529241471 2.1262989625685451 5.7987009352419685 -4.1889292858667471 3.174799083482327 1.2343700380734484 -6.5876019471625407 -1.7862352073568681 -10.737343569944649 1.3631231775067094 -6.064023296450233 1.8408674398257403 4.8579225357912028 -0.30102569493641901 -0.29050037575544652 -3.6643423606438614
leaf_weight=1324 32 55 34 64 53 33 84 482 196 34 213 2550 30 41 70 31 30 1539 32 33 128 104 6959 42 181 34 48 64 133 227
leaf_count=1324 32 55 34 64 53 33 84 482 196 34 213 2550 30 41 70 31 30 1539 32 33 128 104 6959 42 181 34 48 64 133 227
internal_value=-0.000303071 0.000194918 0.00109275 0.00177036 0.00370588 0.00226437 0.00138669 0.00159965 7.18503e-05 0.000399038 0 -0.000435403 -0.000244325 0.000620939 0.00146154 0.000485294 0.00196923 -0.000408037 0.0001875 -0.00041218 -3.08654e-06 -0.0002 -0.000467989 -0.000401572 -0.000456435 0 9.20138e-05 0.00038938 -4.26138e-05 -0.000443124
internal_weight=14880 3108 1255 748 118 86 630 566 507 311 247 11772 1761 276 142 101 64 1853 87 1485 161 134 10011 3052 2765 215 287 112 175 1766
internal_count=14880 3108 1255 748 118 86 630 566 507 311 247 11772 1761 276 142 101 64 1853 87 1485 161 134 10011 3052 2765 215 287 112 175 1766
is_linear=0
shrinkage=0.01


Tree=46
num_leaves=31
num_cat=0
split_feature=10 15 10 16 11 12 13 32 13 12 13 10 16 32 13 11 16 24 19 13 10 15 13 13 14 14 32 19 26 18
split_gain=9.26261 16.0256 8.49396 4.57001 3.62677 3.558 3.51349 2.97533 1.81426 1.357 0.641238 2.5408 2.0406 2.50709 0.687982 0.349506 0.210535 0.480136 0.186046 0.133914 0.830992 0.796075 0.943578 0.689493 1.21689 0.122065 0.0174369 0.324344 0.0696748 0.013329
threshold=2485.7857142857147 0.26659387353423869 3922.5000000000005 0.18281681932135149 146.25743772012538 3603.8166666666671 1693.6038148941534 229.45000000000002 1569.9819195921639 2201.7500000000005 1489.5031473075214 1871.5000000000002 0.039769539193789977 117.05000000000003 1445.452773391236 232.5530137979504 0.91161058030431363 695.50000000000011 71.65000000000002 1653.4350955071297 1957.214285714286 -0.039769286347669845 1564.2479510308206 1642.2149819337428 0.97696484778429815 0.19337368024598436 191.25000000000003 212.35000000000005 20.100000000000005 46.100000000000001
decision_type=2 2 2 2 2 2 2 2 2 2 2 2 2 2 2 2 2 2 2 2 2 2 2 2 2 2 2 2 2 2
left_child=10 2 3 18 9 -4 15 -8 -6 -5 11 16 25 -14 -15 -7 29 -18 -2 20 23 22 -22 -12 -25 -13 28 -28 -3 -1
right_child=1 26 5 4 8 6 7 -9 -10 -11 19 12 13 14 -16 -17 17 -19 -20 -21 21 -23 -24 24 -26 -27 27 -29 -30 -31
leaf_value=-7.8743771801366709 1.2676820649616609 -4.1646253716888078 7.0779647895396582 3.7002653988318803 0.20824315356330186 4.3577759227283863 9.0499484198515638 7.0065412143040628 7.1515554642700545 1.3795558843430564 -8.3337944242868165 -1.7683728552832971 2.0880455042686332 -0.24626118853948953 2.1050359729428614 -2.7948050772255177 1.2220263376927143 -6.5217259276909161 -3.3714667272850365 -10.629970134245202 0.25942375017180719 -0.87515402091428474 5.2370715909041232 -6.0033830634857317 1.8224587654274842 1.6968013658834036 1175741.350785275 -4.9411710334355936 -1.2231522660012633 -2.5238550470593286
leaf_weight=1068 30 1491 41 33 52 41 94 45 219 455 2550 104 41 70 31 40 33 128 292 6959 96 151 40 181 34 30 42 185 48 256
leaf_count=1068 30 1491 41 33 52 41 94 45 219 455 2550 104 41 70 31 40 33 128 292 6959 96 151 40 181 34 30 42 185 48 256
internal_value=-0.000304415 0.000178836 0.00100447 0.000600277 0.00102697 0.00263168 0.0020362 0.00300357 0.00196507 0.000482617 -0.000432855 -0.000244325 0.000620939 0.00146154 0.000485294 0.000237805 -0.00041218 -3.08654e-06 -0.000374613 -0.000464992 -0.000391746 9.20138e-05 0.000671533 -0.000445589 5.78703e-05 -0.0002 -0.000443124 -0.000234649 -0.000467208 -0.00045434
internal_weight=14880 3108 1342 1081 759 261 220 139 271 488 11772 1761 276 142 101 81 1485 161 322 10011 3052 287 136 2765 215 134 1766 227 1539 1324
internal_count=14880 3108 1342 1081 759 261 220 139 271 488 11772 1761 276 142 101 81 1485 161 322 10011 3052 287 136 2765 215 134 1766 227 1539 1324
is_linear=0
shrinkage=0.01


Tree=47
num_leaves=31
num_cat=0
split_feature=10 15 10 13 20 14 24 18 13 32 31 11 13 10 15 12 22 32 32 32 24 10 13 10 15 13 13 20 31 32
split_gain=8.77976 15.3719 8.0118 2.68782 2.64353 2.57659 1.71813 1.61482 2.27919 1.10974 0.839509 1.56371 0.705106 2.6823 2.06962 1.16563 1.09803 0.533983 0.456459 0.20537 0.250782 0.618799 0.164123 0.80959 0.796075 0.943578 0.784486 1.3577 0.0882056 0.0174369
threshold=2485.7857142857147 0.26659387353423869 3922.5000000000005 1688.1683958936435 24.582142857142863 -0.97509794945709805 2647.5000000000005 104.5 1569.9819195921639 231.45000000000002 82.65000000000002 96.981823697223845 1489.5031473075214 1871.5000000000002 -0.19337245081799007 1825.7500000000002 1111.5000000000002 323.45000000000005 80.950000000000017 82.850000000000023 700.50000000000011 1333.6428571428576 1653.4350955071297 1957.214285714286 -0.039769286347669845 1564.2479510308206 1642.2149819337428 25.696428571428573 34.600000000000016 191.25000000000003
decision_type=2 2 2 2 2 2 2 2 2 2 2 2 2 2 2 2 2 2 2 2 2 2 2 2 2 2 2 2 2 2
left_child=12 2 4 6 7 9 -4 8 -2 -5 18 -12 13 19 15 16 -15 -9 -6 -1 21 -21 23 26 25 -25 -14 -28 -8 -3
right_child=1 29 3 5 10 -7 28 17 -10 -11 11 -13 22 14 -16 -17 -18 -19 -20 20 -22 -23 -24 24 -26 -27 27 -29 -30 -31
leaf_value=-8.4727868037491323 -0.22393934944923657 -4.1053937392911886 5.2042755699549836 8.9820988640683659 3.5453067503131495 1.6108425228447534 5.9316889526006582 1.5764792914483194 5.5074520119573824 6.9737827893305315 -0.86250515278294571 3.7315351659605778 -8.2504564800439493 1.8782918069507883 -1.8558788528293968 2.0725902115376407 -0.0070399050142158038 -1.0774454366176323 -0.31353231835670725 -1.7521727515504473 -5.1876859199830641 1.2726743769182196 -10.523670432902753 0.25682951267009058 -0.86640248070514347 5.184700874995082 -13.597651344534009 1.1053536051192843 -1.3391245682041375 -4.6001880916518632
leaf_weight=1037 85 1539 31 86 35 32 30 46 305 47 65 67 2550 58 102 32 84 92 386 213 202 33 6959 96 151 40 140 75 35 227
leaf_count=1037 85 1539 31 86 35 32 30 46 305 47 65 67 2550 58 102 32 84 92 386 213 202 33 6959 96 151 40 140 75 35 227
internal_value=-0.000304415 0.00016597 0.000974683 0.00255534 0.000581793 0.00335843 0.00105155 0.00108885 0.00141944 0.00398134 7.85197e-05 0.000781955 -0.000429457 -0.000232974 0.00065704 0.00133143 0.000832168 7.91366e-05 -0.000119668 -0.000405451 -0.000187083 0 -0.000462995 -0.000385195 9.20138e-05 0.000671533 -0.000438359 0.000104167 0 -0.000443124
internal_weight=14880 3108 1342 261 1081 165 96 528 390 133 553 132 11772 1761 276 174 142 138 421 1485 448 246 10011 3052 287 136 2765 215 65 1766
internal_count=14880 3108 1342 261 1081 165 96 528 390 133 553 132 11772 1761 276 174 142 138 421 1485 448 246 10011 3052 287 136 2765 215 65 1766
is_linear=0
shrinkage=0.01


Tree=48
num_leaves=31
num_cat=6
split_feature=10 16 14 0 19 0 19 16 0 10 13 12 13 10 16 32 13 0 13 13 0 14 14 10 20 0 19 10 26 16
split_gain=8.68594 12.9547 9.8355 9.88694 14.8485 4.64749 2.98547 2.75152 2.52428 2.30896 2.25629 0.894161 0.705106 2.6823 1.88021 2.50709 0.687982 0.574048 1.46163 4.1838 0.470737 1.10482 0.300163 0.400189 0.219173 0.20718 0.354407 0.0993123 0.0773439 0.0663497
threshold=2485.7857142857147 -0.37447172655954952 -0.56368474752277564 0 237.85000000000005 1 169.45000000000002 0.95239763423914636 2 3743.2142857142858 1574.1927275423025 2171.3920000000007 1489.5031473075214 1871.5000000000002 0.039769539193789977 117.05000000000003 1445.452773391236 3 1653.4350955071297 1637.1740821234723 4 -0.15101209918632377 -0.96235977360714686 3922.5000000000005 26.525000000000006 5 178.05000000000004 2274.7142857142862 5.6500000000000012 0.96851839807117801
decision_type=2 2 2 9 2 9 2 2 9 2 2 2 2 2 2 2 2 9 2 2 9 2 2 2 2 9 2 2 2 2
left_child=12 22 3 4 -3 6 11 8 -5 -6 -9 -4 13 20 24 -16 -17 18 19 -14 21 -1 23 -2 -15 26 28 -20 -24 -22
right_child=1 2 5 7 9 -7 -8 10 -10 -11 -12 -13 17 14 15 16 -18 -19 27 -21 29 -23 25 -25 -26 -27 -28 -29 -30 -31
leaf_value=1.2569185931977354 -7.215304271112748 9.235630512389001 3.5173648649399167 3.2483641105158272 8.1677814002668558 -2.4161108862253955 4.2470947293921908 -0.10273253958610994 -0.69739367600329749 10.664132000018961 2.0149983223956389 -0.2833150104646881 -1.522648155896464 -2.1358388019196943 2.0464391471105712 -0.25221218581547944 2.0746293469612831 -8.6474574885338011 -5.95872667140726 1.8570051223325204 -7.7480595492221349 -7.3023454626695186 -4.5268225325193185 3.0453171022695038 1.6695344333766253 -4.0197107322343513 1164786.7789685191 -4.1295889858607477 -6.6645371816420287 -3.7056908937944417
leaf_weight=37 55 69 30 126 118 501 46 37 256 57 85 48 75 104 41 70 31 9558 317 30 1271 89 136 32 30 1440 42 31 30 88
leaf_count=37 55 69 30 126 118 501 46 37 256 57 85 48 75 104 41 70 31 9558 317 30 1271 89 136 32 30 1440 42 31 30 88
internal_value=-0.000305087 0.000162753 0.000890466 0.00166355 0.00328627 -1.99682e-05 0.00161481 0.000772815 0.000336815 0.00177557 0.00210569 0.000392405 -0.000429457 -0.000232974 0.00065704 0.00146154 0.000485294 -0.000462995 -7.86639e-05 0.000919811 -0.000405451 0.000124087 -0.000407546 7.38635e-05 -0.000125926 -0.000439054 -6.39271e-05 -0.000412608 -0.000317365 -0.000459489
internal_weight=14880 3108 1373 748 244 625 124 504 382 175 122 78 11772 1761 276 142 101 10011 453 105 1485 126 1735 87 134 1648 208 348 166 1359
internal_count=14880 3108 1373 748 244 625 124 504 382 175 122 78 11772 1761 276 142 101 10011 453 105 1485 126 1735 87 134 1648 208 348 166 1359
cat_boundaries=0 1 2 3 4 5 6
cat_threshold=3866712 71946 18562 1310720 67584 304
is_linear=0
shrinkage=0.01


Tree=49
num_leaves=31
num_cat=4
split_feature=14 23 15 0 14 14 25 11 19 15 19 12 0 32 12 24 13 13 18 0 13 24 13 14 30 0 13 15 13 15
split_gain=7.52957 7.25009 12.8884 5.13827 5.94101 3.18693 2.26382 2.24071 1.77743 1.34289 8.49544 1.66777 1.29354 4.05565 3.92658 1.16322 0.659429 3.31013 1.01836 0.409352 0.495792 0.114089 0.105287 0.085585 0.0716938 0.687583 0.197696 0.134383 0.0585372 0.0575448
threshold=-0.59869031648930193 2425.1300000000006 0.19969739736768838 0 -0.9259986516102553 -0.83377653105606597 27.275000000000002 254.43331043077291 358.55000000000001 -0.19337245081799007 124.25000000000001 1825.7500000000002 1 183.90000000000003 2079.1833333333338 775.50000000000011 1653.4350955071297 1642.2149819337428 25.300000000000008 2 1818.7454041410381 2258.5000000000005 1601.1053055226787 -0.96235977360714686 3.8500000000000001 3 1719.5619762569834 -0.98372925196996197 1314.273114036607 -0.98372925196996197
decision_type=2 2 2 9 2 2 2 2 2 2 2 2 9 2 2 2 2 2 2 9 2 2 2 2 2 9 2 2 2 2
left_child=1 6 3 5 7 22 9 -5 -6 10 11 -1 13 16 -15 -12 17 18 -2 20 -4 -11 -3 -21 28 26 27 -26 -14 -18
right_child=12 2 19 4 8 -7 -8 -9 -10 21 15 -13 24 14 -16 -17 29 -19 -20 23 -22 -23 -24 -25 25 -27 -28 -29 -30 -31
leaf_value=0.76612720679333279 -7.6864637981592612 0.78681958999508672 1121686.8446901885 8.5380651873426192 1.7332481226373002 1.7723274590716651 2.6210178131681663 8.791427833647635 9.4108715818900688 -2.7545248249518073 1.0039239789709231 3.0352488549646006 -4.8110330475724421 0.086796144742683892 7.2007403162480363 -3.6060107030345412 -2.7085121910687144 1.6246412105929637 3.4076572519819526 -0.24777404996345467 -4.5513186059774577 -0.27759139211089134 -1.0586140629590803 -4.1119765826904215 3.1329063254793961 -3.0744919582715893 -17.852911888974589 0.12473842838758631 -9.9846403021431644 -11.858864594653877
leaf_weight=34 403 32 56 92 132 56 59 109 44 1436 85 61 56 53 32 848 53 45 82 39 82 30 137 439 40 1209 38 72 8264 762
leaf_count=34 403 32 56 92 132 56 59 109 44 1436 85 61 56 53 32 848 53 45 82 39 82 30 137 439 40 1209 38 72 8264 762
internal_value=-0.000305759 7.80752e-05 0.00071452 0.00175622 0.00245232 0.000413135 -0.000221809 0.0037104 0.00108475 -0.000271343 0 0.00283854 -0.000436949 -0.000142262 0.00194767 -0.000285332 -0.000284175 0 -0.000252058 -0.000288493 0.000140939 -0.000465576 -0.000202941 -0.000427403 -0.000478793 -0.000374632 0.000217391 0.000477876 -0.000495133 -0.000462623
internal_weight=14880 3771 1218 602 377 225 2553 201 176 2494 1028 95 11109 1430 85 933 1345 530 485 616 138 1466 169 478 9679 1359 150 112 8320 815
internal_count=14880 3771 1218 602 377 225 2553 201 176 2494 1028 95 11109 1430 85 933 1345 530 485 616 138 1466 169 478 9679 1359 150 112 8320 815
cat_boundaries=0 1 2 3 4
cat_threshold=300065 1378560 65648 4104
is_linear=0
shrinkage=0.01


Tree=50
num_leaves=28
num_cat=6
split_feature=10 15 0 12 7 0 21 32 11 13 10 15 0 10 15 12 0 0 19 21 13 10 10 0 12 31 31
split_gain=8.36393 16.487 10.801 6.36715 3.5536 3.69734 3.1539 2.68938 4.18914 0.94344 3.79093 3.06798 2.85242 5.10524 2.54225 4.6484 1.7782 0.501568 1.25373 0.413547 0.19335 0.565845 0.0938935 0.0637405 0.016129 0.0153232 0.0201889
threshold=2514.928571428572 0.17435360825960186 0 4084.3333333333335 212.50000000000003 1 2842.5000000000005 271.25000000000006 88.05463620990777 1653.4350955071297 1883.3571428571429 -0.21022037796396451 2 1237.6428571428573 -0.42179730054635828 1801.916666666667 3 4 178.05000000000004 1451.5000000000002 1321.4629340951267 1271.7857142857144 2285.7857142857147 5 2108.3500000000008 38.800000000000011 44.600000000000016
decision_type=2 2 9 2 2 9 2 2 2 2 2 2 9 2 2 2 9 9 2 2 2 2 2 9 2 2 2
left_child=9 2 6 4 19 -6 7 8 -2 10 12 14 13 -1 16 -16 -12 18 -3 -4 21 -14 -13 -22 -24 -19 -27
right_child=1 17 3 -5 5 -7 -8 -9 -10 -11 11 22 20 -15 15 -17 -18 25 -20 -21 23 -23 24 -25 -26 26 -28
leaf_value=-17.143268681045846 6.0557044026643903 -11.456621560584395 0.38504833644636116 8.335672911521284 8.6809447517198048 1.0264067730450694 9.0890714029104718 2.4702900214195034 5.6281738813052709 -10.35059006083881 -1.1985930322885978 -1.3873022460307405 -7.5827046257310258 1.6945396977822529 -1.7194125265768816 2.7703326883707224 2.5029462531601321 -3.9414530582666503 1119456.2809543281 -2.2101793305971809 -6.0934806954211806 1.549976661251605 -2.3405314683266418 -8.1175917730344302 0.23254953425247035 0.75954453232057295 -2.8265616198531278
leaf_weight=64 30 128 69 58 127 478 30 44 41 7009 110 206 115 38 33 45 150 1641 52 301 436 31 30 3565 30 31 40
leaf_count=64 30 128 69 58 127 478 30 44 41 7009 110 206 115 38 33 45 150 1641 52 301 436 31 30 3565 30 31 40
internal_value=-0.0002984 0.000164441 0.001095 0.000693008 0.000494365 0.000969472 0.00357372 0.00286638 0.00409028 -0.000419034 -0.000306242 0.000426446 -0.000412824 0.00114159 0.0010649 0.00267089 0.000536398 -0.000409931 5.23559e-05 -0.000256065 -0.000455387 -2.04083e-05 -0.000348315 -0.00046989 0 -0.000461985 -7.6389e-05
internal_weight=14932 3070 1178 1033 975 605 145 115 71 11862 4853 604 4249 102 338 78 260 1892 180 370 4147 146 266 4001 60 1712 71
internal_count=14932 3070 1178 1033 975 605 145 115 71 11862 4853 604 4249 102 338 78 260 1892 180 370 4147 146 266 4001 60 1712 71
cat_boundaries=0 1 2 3 4 5 6
cat_threshold=1114136 2754560 1048576 25824 1048592 67584
is_linear=0
shrinkage=0.01


Tree=51
num_leaves=27
num_cat=6
split_feature=10 15 0 12 7 0 21 32 11 13 10 15 12 0 10 0 21 0 22 24 10 20 24 0 31 31
split_gain=7.75448 16.2429 11.4394 5.88516 3.36734 3.13904 3.1106 2.73858 4.13861 0.878409 3.30943 2.91703 2.58527 2.53409 4.54602 1.48728 0.411052 0.352587 0.670032 0.209826 0.824233 0.0721148 0.0718245 0.0256148 0.0178222 0.0201889
threshold=2485.7857142857147 0.17435360825960186 0 4084.3333333333335 212.50000000000003 1 2842.5000000000005 271.25000000000006 88.05463620990777 1653.4350955071297 1883.3571428571429 -0.21022037796396451 1878.7333333333336 2 1237.6428571428573 3 1451.5000000000002 4 4000.5000000000005 550.50000000000011 1186.2857142857144 25.614285714285717 1795.0000000000002 5 38.800000000000011 44.600000000000016
decision_type=2 2 9 2 2 9 2 2 2 2 2 2 2 9 2 9 2 9 2 2 2 2 2 9 2 2
left_child=9 2 6 4 16 -6 7 8 -2 10 13 12 15 14 -1 -12 -4 18 -3 20 -15 24 -13 -21 -19 -26
right_child=1 17 3 -5 5 -7 -8 -9 -10 -11 11 22 -14 19 -16 -17 -18 21 -20 23 -22 -23 -24 -25 25 -27
leaf_value=-16.971835994235388 5.9951473586377446 -20.982361050612177 0.36795653382922838 8.2523161824060729 8.5332075630748871 1.0058661182608721 8.9981806888813711 2.445587121205306 5.419488252908125 -10.291587193861863 -1.8994103510166802 -1.3431092888814049 2.7099649654387212 -15.303864044924484 1.6775943008044314 1.6437060226806923 -2.1847155703482075 -4.0742822191583352 1155606.5396317528 -6.1889949440860166 1.487237837161258 -0.29173398297357311 -0.54432632521303181 -7.7993188211531974 0.75194908699736862 -2.7982960036545954
leaf_weight=64 30 71 70 58 128 484 30 44 43 6968 106 221 48 186 38 176 309 1709 32 425 33 46 39 3503 31 40
leaf_count=64 30 71 70 58 128 484 30 44 43 6968 106 221 48 186 38 176 309 1709 32 425 33 46 39 3503 31 40
internal_value=-0.000303757 0.000136756 0.0010543 0.000646698 0.000458165 0.000920065 0.00358544 0.00289407 0.00410135 -0.000421198 -0.00031188 0.000380711 0.00101208 -0.000410471 0.0010531 0.000597173 -0.000261842 -0.000427202 7.45613e-05 -0.000450577 -8.86365e-05 -0.0004589 -0.000383142 -0.000469331 -0.000471645 -7.6389e-05
internal_weight=14932 3125 1196 1049 991 612 147 117 73 11807 4839 590 330 4249 102 282 379 1929 103 4147 219 1826 260 3928 1780 71
internal_count=14932 3125 1196 1049 991 612 147 117 73 11807 4839 590 330 4249 102 282 379 1929 103 4147 219 1826 260 3928 1780 71
cat_boundaries=0 1 2 3 4 5 6
cat_threshold=1114136 2754560 1048576 25824 272 67584
is_linear=0
shrinkage=0.01


Tree=52
num_leaves=31
num_cat=6
split_feature=10 7 0 7 0 12 7 14 32 13 10 7 12 0 10 11 0 18 11 16 22 0 19 20 0 13 20 11 33 7
split_gain=7.84284 13.5033 10.5315 6.49049 3.79723 7.23995 4.70856 3.72231 3.27625 0.878409 3.22695 2.53172 2.18011 2.05037 3.79355 1.2767 0.722266 1.71911 0.534816 0.502959 0.344704 0.341504 0.595533 0.258024 0.109131 0.842571 0.0860055 0.0689659 0.0195051 0.00628043
threshold=2485.7857142857147 284.50000000000006 0 220.50000000000003 1 3973.7500000000005 241.50000000000003 -0.50556189049999822 274.05000000000007 1653.4350955071297 1778.7857142857144 262.50000000000006 1878.7333333333336 2 1237.6428571428573 131.83683999912006 3 83.750000000000028 104.51133454142125 0.56192297990542495 1425.0100000000002 4 178.05000000000004 24.63571428571429 5 1468.8101095685317 24.789285714285722 114.97422065594486 5.2350000000000003 312.50000000000006
decision_type=2 2 9 2 9 2 2 2 2 2 2 2 2 9 2 2 9 2 2 2 2 9 2 2 9 2 2 2 2 2
left_child=9 2 7 16 5 -5 -6 8 -2 10 13 12 15 14 -1 -12 17 -4 -14 -9 -18 22 29 -24 25 -15 -13 -28 -23 -3
right_child=1 21 3 4 6 -7 -8 19 -10 -11 11 26 18 24 -16 -17 20 -19 -20 -21 -22 28 23 -25 -26 -27 27 -29 -30 -31
leaf_value=-16.802117634293037 9.1086241441159395 -0.36774984938054717 -1.2635561355257603 6.6838992216097477 1.8471813188275312 8.3575432908688807 -0.74371991997653331 3.4989037781009493 3.4324881477841833 -10.188671321923247 -0.41596203591004 -2.7191478156166342 2.661089103670792 0.46526373434237828 1.6927305981016429 1.5616451860174545 2.1110517987674795 2.4731877222745782 1.9188552861119501 3.3584518943658277 -1.9177364589917554 -3.7018383142051743 1149079.9155885084 0.55191751028510438 -8.474530311572785 -7.8024592887549593 0.076159992650612698 -1.0511823542276597 -1.8671219916997215 -13.770979994617878
leaf_weight=64 40 30 74 207 101 32 247 32 57 6968 174 237 30 162 36 187 30 34 31 33 429 1568 30 31 3233 588 43 54 30 120
leaf_count=64 40 30 74 207 101 32 247 32 57 6968 174 237 30 162 36 187 30 34 31 33 429 1568 30 31 3233 588 43 54 30 120
internal_value=-0.000303087 0.000139955 0.00091268 0.000543348 0.00128656 0.002242 0.000518106 0.00323121 0.00470918 -0.000421198 -0.00031188 0.000280053 0.000801418 -0.000423972 0.000900901 0.000468232 -0.000199824 0.000470588 0.00257258 0.00132576 -0.000381915 -0.000416851 0 0.000798387 -0.000461067 -0.000295664 -0.000349254 0 -0.000465507 -0.000364239
internal_weight=14932 3125 1316 1154 587 239 348 162 97 11807 4839 756 422 4083 100 361 567 108 61 65 459 1809 211 61 3983 750 334 97 1598 150
internal_count=14932 3125 1316 1154 587 239 348 162 97 11807 4839 756 422 4083 100 361 567 108 61 65 459 1809 211 61 3983 750 334 97 1598 150
cat_boundaries=0 1 2 3 4 5 6
cat_threshold=1114136 2771136 1048576 268294 16400 71680
is_linear=0
shrinkage=0.01


Tree=53
num_leaves=30
num_cat=7
split_feature=10 15 0 7 0 21 7 13 19 13 10 15 0 10 14 24 0 0 18 0 10 21 13 10 20 0 24 31 31
split_gain=7.6258 15.5864 11.0988 5.0874 3.42425 5.98129 4.70856 3.33064 3.00347 0.835169 3.04202 2.77017 2.2489 4.01866 2.21974 3.27301 1.338 0.540528 1.2749 0.346273 0.525232 0.317794 0.257644 0.855581 0.0700823 0.0686755 0.0583637 0.0157418 0.0201889
threshold=2485.7857142857147 0.17435360825960186 0 220.50000000000003 1 3500.5000000000005 241.50000000000003 1611.9693163785184 277.35000000000008 1653.4350955071297 1871.5000000000002 -0.21022037796396451 2 1237.6428571428573 -0.90529520250134576 1125.5000000000002 3 4 83.750000000000028 5 4233.2142857142871 1472.5000000000002 1342.9826249620378 1359.6428571428573 25.614285714285717 6 1795.0000000000002 38.800000000000011 44.600000000000016
decision_type=2 2 9 2 9 2 2 2 2 2 2 2 9 2 2 2 9 9 2 9 2 2 2 2 2 9 2 2 2
left_child=9 2 7 17 5 -5 -6 -2 -9 10 12 14 13 -1 15 -12 -16 18 -4 20 -3 -19 23 -14 27 -24 -13 -21 -29
right_child=1 19 3 4 6 -7 -8 8 -10 -11 11 26 22 -15 16 -17 -18 21 -20 24 -22 -23 25 -25 -26 -27 -28 28 -30
leaf_value=-16.634096457950104 1.9498779429906321 -21.081038154215722 -1.3650279785947359 6.9864525462541147 1.8287095056392602 8.1143005009857259 -0.73628272077676638 8.651998390433258 3.3872567976717107 -10.086784608704015 -1.0508726101275325 -1.3449346668825763 -6.9007223892686431 1.6438910518153724 -2.334282325617099 2.6671425567637272 1.986759858430279 2.0337611495889916 2.3773725807890806 -3.9965210138246987 1119986.0716968677 -1.8424571318253866 -5.8781864446989287 1.1958440194017737 -0.27680390560252277 -8.4096740678709505 -0.71084872479739214 0.76017921535961008 -2.7332946604760036
leaf_weight=64 31 66 76 208 101 31 247 58 58 6968 35 228 182 38 105 47 151 31 42 1709 37 313 433 54 46 3457 45 31 40
leaf_count=64 31 66 76 208 101 31 247 58 58 6968 35 228 182 38 105 47 151 31 42 1709 37 313 433 54 46 3457 45 31 40
internal_value=-0.000306436 0.000130358 0.00102924 0.00062783 0.00125255 0.002162 0.000518106 0.00352215 0.00454701 -0.000422891 -0.000316013 0.00033415 -0.000412391 0.000964602 0.000946903 0.00239759 0.000435798 -0.00013175 0.000395349 -0.000422021 7.45613e-05 -0.000343662 -0.000450326 -7.59495e-05 -0.000453457 -0.000471601 -0.000388686 -0.00046603 -7.6389e-05
internal_weight=14932 3125 1196 1049 587 239 348 147 116 11807 4839 611 4228 102 338 82 256 462 118 1929 103 344 4126 236 1826 3890 273 1780 71
internal_count=14932 3125 1196 1049 587 239 348 147 116 11807 4839 611 4228 102 338 82 256 462 118 1929 103 344 4126 236 1826 3890 273 1780 71
cat_boundaries=0 1 2 3 4 5 6 7
cat_threshold=1114136 2771136 1048576 25824 792582 272 67584
is_linear=0
shrinkage=0.01


Tree=54
num_leaves=31
num_cat=0
split_feature=10 15 7 12 13 26 23 13 12 23 19 24 7 25 13 10 15 13 13 19 14 32 24 24 24 7 20 10 19 23
split_gain=7.64911 15.2975 7.56293 2.64152 2.68298 3.28585 2.16853 0.814958 2.02718 1.81865 0.926673 0.755232 1.50939 1.73137 0.357687 1.8521 1.51093 0.761185 0.669183 2.1265 0.264629 0.272212 0.254849 0.187644 0.0766962 0.0662968 0.0489727 0.0580077 0.718283 0.0270777
threshold=2485.7857142857147 0.17435360825960186 220.50000000000003 4084.3333333333335 1729.3810663861252 1.3500000000000003 2800.5000000000005 1440.2307412261541 1582.5833333333335 1377.5000000000002 111.15000000000002 1550.5000000000002 210.50000000000003 26.375000000000004 1653.4350955071297 1925.5714285714287 -0.21022037796396451 1564.2479510308206 1643.9295631777884 0.19999999999999471 -0.15101209918632377 151.15000000000003 550.50000000000011 1111.5000000000002 1795.0000000000002 212.50000000000003 25.614285714285717 4314.6428571428578 178.05000000000004 2777.5000000000005
decision_type=2 2 2 2 2 2 2 2 2 2 2 2 2 2 2 2 2 2 2 2 2 2 2 2 2 2 2 2 2 2
left_child=7 2 11 4 5 -4 -6 8 20 10 23 12 13 -2 15 18 17 -17 -9 -20 21 -1 -23 -10 -18 -13 27 -3 -29 -27
right_child=1 26 3 -5 6 -7 -8 14 9 -11 -12 25 -14 -15 -16 16 24 -19 19 -21 -22 22 -24 -25 -26 29 -28 28 -30 -31
leaf_value=0.52105434888565416 3.4814050012822357 -3.7915067998570384 4.000666171702381 8.1009700397856381 -1.0962271058517121 4.7971416124233279 9.0961914737577754 -7.6304110937755638 3.3105611721455164 -1.1886243731516881 0.65673814938396224 -1.6420994025647795 5.2233263351282408 -0.3647363718221911 -9.9859167626169754 0.9261392696655516 -1.5046083171714921 5.1083012954077631 1.6912766219077253 -6.1497335090283514 -15.083648248024447 1.1263741160447207 -2.6579925851891892 1.930906825367855 -0.2912048958352757 0.47759990308190087 -0.34873081228783576 -4.910931345281754 1040951.2232255623 -0.66916763955854497
leaf_weight=31 45 1474 33 59 109 380 94 3346 33 61 34 156 39 214 6968 160 151 40 34 143 513 46 185 30 32 30 49 349 57 37
leaf_count=31 45 1474 33 59 109 380 94 3346 33 61 34 156 39 214 6968 160 151 40 34 143 513 46 185 30 32 30 49 349 57 37
internal_value=-0.000307105 0.000130358 0.00102089 0.00171967 0.00149433 0.00196498 0.000482843 -0.000423738 -0.000124732 0.000886792 0.00175 9.48275e-05 0.000438127 0.000117308 -0.00044846 -0.000361659 0.000282552 0.000895522 -0.000434591 0.000120786 -0.000344717 -4.18252e-05 -0.000196121 0.00247656 -0.000334239 -0.000319197 -0.000416839 -0.000425306 -0.000253071 0
internal_weight=14932 3125 1196 675 616 413 203 11807 933 158 97 521 298 259 10874 3906 383 200 3523 177 775 262 231 63 183 223 1929 1880 406 67
internal_count=14932 3125 1196 675 616 413 203 11807 933 158 97 521 298 259 10874 3906 383 200 3523 177 775 262 231 63 183 223 1929 1880 406 67
is_linear=0
shrinkage=0.01


Tree=55
num_leaves=31
num_cat=6
split_feature=14 7 12 0 10 7 25 0 13 24 0 11 19 0 13 13 30 0 10 13 13 20 0 23 18 19 13 7 18 10
split_gain=6.91977 5.86014 16.1287 9.96188 9.23377 2.94309 2.90667 2.70449 2.03232 1.90255 1.51601 1.66071 1.27707 1.21807 2.2539 5.2621 0.410601 1.99034 3.03259 1.02799 0.801521 0.365904 0.320335 0.480298 0.319252 0.208124 0.202783 0.142361 0.0522788 0.0460333
threshold=-0.59869031648930193 284.50000000000006 1878.7333333333336 0 3922.5000000000005 230.50000000000003 24.825000000000006 1 1489.5031473075214 2400.5000000000005 2 131.83683999912006 231.75000000000003 3 1653.4350955071297 1642.2149819337428 1.7500000000000002 4 2107.2142857142862 1473.1607532813393 1539.1831321499017 24.81071428571429 5 4000.5000000000005 41.650000000000006 147.95000000000005 1314.273114036607 291.50000000000006 12.500000000000004 921.14285714285722
decision_type=2 2 2 9 2 2 2 9 2 2 9 2 2 9 2 2 2 9 2 2 2 2 9 2 2 2 2 2 2 2
left_child=1 2 8 4 6 9 -4 -7 10 -5 21 -12 -6 14 15 29 26 18 19 -18 -20 -1 23 27 -16 -10 -15 -3 -27 -2
right_child=13 22 3 5 12 7 -8 -9 25 -11 11 -13 -14 16 24 -17 17 -19 20 -21 -22 -23 -24 -25 -26 28 -28 -29 -30 -31
leaf_value=-2.5584212532684316 -16.064411496397724 0.2622451063962849 2.0589463091773008 2.097823634972741 8.6644501050551543 4.6076802325270538 9.7729607546582518 -0.23494994265978655 0.81721361929027814 1.8253714558811212 -0.88269408701272301 1.7193591686270653 8.2117060783929894 0.66004254858595457 -12.599044822538479 1.7062760959938996 0.4756301509314726 -3.443205037779248 0.089445766656911577 -10.531673276733548 3.9880519764842273 0.60722526136576049 -3.2689180847633788 1088317.8185987221 3.2727173730884465 -2.70833323147101 -10.357913887959722 -2.2087593835109156 -4.7167995581287672 0.28971201460003704
leaf_weight=121 47 30 118 34 50 106 52 340 30 31 44 67 33 38 279 32 73 1724 30 257 61 32 1410 41 30 56 8564 135 997 30
leaf_count=121 47 30 118 34 50 106 52 340 30 31 44 67 33 38 279 32 73 1724 30 257 61 32 1410 41 30 56 8564 135 997 30
internal_value=-0.000315316 5.53915e-05 0.000404593 0.00156601 0.0031572 0.000679119 0.00184211 0.000373602 -0.000247404 0.00268939 0.000520755 0.00134836 0.00605357 -0.000439952 7.2261e-05 0.00132273 -0.000460448 -0.000322694 0.00027662 -0.000135952 0.00189674 -0.00010061 -0.000394558 0 -0.000337097 -0.000444188 -0.00049413 -0.000256024 -0.000471063 0
internal_weight=14892 3727 2111 764 253 511 170 446 1347 65 264 111 83 11165 418 109 10747 2145 421 330 91 153 1616 206 309 1083 8602 165 1053 77
internal_count=14892 3727 2111 764 253 511 170 446 1347 65 264 111 83 11165 418 109 10747 2145 421 330 91 153 1616 206 309 1083 8602 165 1053 77
cat_boundaries=0 1 2 3 4 5 6
cat_threshold=3358808 526464 2139200 1048832 333832 144
is_linear=0
shrinkage=0.01


Tree=56
num_leaves=31
num_cat=4
split_feature=14 15 12 0 10 25 13 0 14 14 31 0 13 13 13 12 31 0 10 19 13 18 21 19 13 14 14 31 18 14
split_gain=6.77229 5.88031 15.8972 10.0407 6.28815 3.9975 2.03232 1.71198 3.5935 3.58383 1.24338 1.21807 2.2539 5.2621 1.14853 0.521593 0.429048 2.08459 3.16585 1.60342 1.262 0.319252 0.243681 0.208124 0.19189 0.117165 0.263675 0.104756 0.0609884 0.0568406
threshold=-0.59869031648930193 0.18281312110578132 1878.7333333333336 0 3922.5000000000005 24.825000000000006 1489.5031473075214 1 -0.73282214301478099 -0.90529520250134576 17.100000000000009 2 1653.4350955071297 1642.2149819337428 1447.865803953536 3973.7500000000005 23.949999999999999 3 2107.2142857142862 119.60000000000001 1468.8101095685317 41.650000000000006 4395.5000000000009 147.95000000000005 1314.273114036607 -0.8781231054254196 -0.72101013194340913 10.900000000000007 19.099999999999998 -0.97876850416056738
decision_type=2 2 2 9 2 2 2 9 2 2 2 9 2 2 2 2 2 9 2 2 2 2 2 2 2 2 2 2 2 2
left_child=1 2 6 4 5 -4 10 9 -9 -5 14 12 13 -2 -1 -6 24 18 20 -20 -18 -14 29 -8 -13 -24 -27 -25 -19 -3
right_child=11 22 3 7 15 -7 23 8 -10 -11 -12 16 21 -15 -16 -17 17 28 19 -21 -22 -23 25 27 -26 26 -28 -29 -30 -31
leaf_value=0.70702928498481032 -2.9761083810552011 -0.62860932206289422 1.9062121023223719 6.3713648231365232 8.6867448399275915 9.6752311471116723 0.80904148309737145 -0.23260044323318632 2.1327712949961186 -1.2640207336757856 -1.856179937042717 -0.012001427343568878 -12.473054374313094 1.6892133350339609 2.3203588356585398 8.4656281311427524 1.423570358961755 -8.1125000619743144 4.4769797116747778 3.122809923228449 -12.64629583157409 3.2399901993575644 -4.2823867483303273 -2.179681434146568 -9.7695759511518201 1098681.0210478092 -4.6092871069875221 -4.3171569050029124 -2.8700448602179338 -3.0725393789741706
leaf_weight=123 77 49 123 72 52 52 30 340 52 42 109 42 279 32 32 31 32 50 30 48 203 30 61 35 8722 34 46 1018 1620 1426
leaf_count=123 77 49 123 72 52 52 30 340 52 42 109 42 279 32 32 31 32 50 30 48 203 30 61 35 8722 34 46 1018 1620 1426
internal_value=-0.000316659 5.00267e-05 0.000399858 0.00155294 0.00312639 0.00205966 -0.000247404 0.000651837 0.000282878 0.001704 0.000520755 -0.000439952 7.2261e-05 0.00132273 0.00110577 0.00557738 -0.000460448 -0.000313256 0.000412037 0.00216456 -0.000116526 -0.000337097 -0.000400742 -0.000444188 -0.000493098 0 0.000246913 -0.000471063 -0.000455086 -0.000438686
internal_weight=14892 3727 2111 764 258 175 1347 506 392 114 264 11165 418 109 155 83 10747 1983 313 78 235 309 1616 1083 8764 141 80 1053 1670 1475
internal_count=14892 3727 2111 764 258 175 1347 506 392 114 264 11165 418 109 155 83 10747 1983 313 78 235 309 1616 1083 8764 141 80 1053 1670 1475
cat_boundaries=0 1 2 3 4
cat_threshold=3342552 542720 1048832 329736
is_linear=0
shrinkage=0.01


Tree=57
num_leaves=31
num_cat=0
split_feature=10 15 7 19 24 12 16 24 13 13 10 15 25 32 12 19 24 10 7 19 13 13 20 29 21 20 20 20 26 18
split_gain=6.24034 12.6829 7.55251 4.87421 4.72037 2.10737 1.40138 0.989724 2.63366 0.853947 1.97314 1.47782 0.870539 2.16911 0.770792 0.559392 0.464299 1.09211 0.274703 0.787669 0.17259 0.885207 1.59261 1.88016 0.125049 0.060201 0.0249196 0.118584 0.0128027 0.0135061
threshold=2485.7857142857147 0.18281312110578132 220.50000000000003 201.35000000000005 2650.5000000000005 4084.3333333333335 0.99351232050787985 1275.4700000000003 1611.9693163785184 1504.2556862405952 1778.7857142857144 -0.19337245081799007 26.125000000000004 111.25000000000001 4029.8666666666672 97.350000000000009 700.50000000000011 1237.6428571428573 210.50000000000003 338.25000000000006 1653.4350955071297 1642.2149819337428 25.696428571428573 27.975000000000005 1451.5000000000002 25.614285714285717 24.503571428571437 24.767857142857149 47.300000000000004 53.650000000000006
decision_type=2 2 2 2 2 2 2 2 2 2 2 2 2 2 2 2 2 2 2 2 2 2 2 2 2 2 2 2 2 2
left_child=9 2 7 4 -4 6 -5 8 -2 10 15 12 13 -12 -6 -1 17 -17 24 -20 21 26 -23 -24 -9 28 -11 -28 29 -3
right_child=1 25 3 5 14 -7 -8 18 -10 20 11 -13 -14 -15 -16 16 -18 -19 19 -21 -22 22 23 -25 -26 -27 27 -29 -30 -31
leaf_value=-8.1194265405196262 -2.0106268215261234 -3.894667246460819 8.4348606490698739 4.2503547867642384 2.6903982347938524 7.8500707992711307 1.4462509768658134 -0.12548290398705969 3.7295899716382253 -12.665383366027472 1.9936319795896202 -1.1477483920232494 -0.3181058554952596 0.71058019179282261 6.2663654983747374 -4.5789697210404405 -7.0844704383783963 1.4699781493700581 3.4124047652835925 -0.24446938124451298 -9.8385275554028802 -12.660996819050277 1.6723212016836224 0.001343151292310869 -1.1788761037759767 -0.1965070967014293 -1.2395187495304456 -4.76979869019637 -14.047195667107578 -3.6848496339207668
leaf_weight=1163 59 1802 33 492 33 35 36 51 31 1398 59 130 37 123 30 166 210 64 36 69 7004 145 32 60 266 45 178 1045 30 30
leaf_count=1163 59 1802 33 492 33 35 36 51 31 1398 59 130 37 123 30 166 210 64 36 69 7004 145 32 60 266 45 178 1045 30 30
internal_value=-0.000320016 7.8272e-05 0.000899744 0.00160682 0.00373196 0.00122074 0.00103214 0 0.000934066 -0.00042463 -0.000223246 0.000444286 0.000956818 0.00125137 0.00185156 -0.000375 -4.53516e-05 0.000238095 -0.00021513 0.000165094 -0.000463449 -0.000380903 0.00017437 0.00122581 -0.000372642 -0.000421122 -0.000434973 -0.000360703 -0.000429952 -0.000434261
internal_weight=14892 3078 1171 659 96 563 528 512 90 11814 1952 349 219 182 63 1603 440 230 422 105 9862 2858 237 92 317 1907 2621 1223 1862 1832
internal_count=14892 3078 1171 659 96 563 528 512 90 11814 1952 349 219 182 63 1603 440 230 422 105 9862 2858 237 92 317 1907 2621 1223 1862 1832
is_linear=0
shrinkage=0.01


Tree=58
num_leaves=30
num_cat=0
split_feature=14 7 12 12 7 19 13 24 31 10 10 24 13 10 13 13 13 13 21 19 16 21 20 7 7 31 21 7 20
split_gain=6.50631 5.44849 15.114 4.06019 2.91924 3.51207 1.88172 1.40305 0.610752 0.583002 0.553002 1.59867 2.47323 0.516925 0.329862 0.458838 0.363719 0.281147 0.236151 0.208124 0.195447 0.457988 0.16872 0.117165 0.263675 0.104756 0.0921376 0.0612859 0.0216015
threshold=-0.59869031648930193 284.50000000000006 1878.7333333333336 4084.3333333333335 272.50000000000006 201.35000000000005 1489.5031473075214 695.50000000000011 32.350000000000016 1907.214285714286 2128.6428571428573 1275.4700000000003 1574.1927275423025 3922.5000000000005 1504.2556862405952 1402.5076842243532 1420.4199522667393 1314.273114036607 4395.5000000000009 147.95000000000005 0.8277925332691819 2580.5000000000005 25.575000000000006 302.50000000000006 318.50000000000006 10.900000000000007 1451.5000000000002 285.50000000000006 27.546428571428574
decision_type=2 2 2 2 2 2 2 2 2 2 2 2 2 2 2 2 2 2 2 2 2 2 2 2 2 2 2 2 2
left_child=1 2 6 4 5 -4 7 -1 17 -9 14 12 -12 -6 15 -10 -17 -2 22 -8 26 -22 27 -20 -25 -21 -13 -3 -16
right_child=8 18 3 -5 13 -7 19 9 10 -11 11 20 -14 -15 28 16 -18 -19 23 25 21 -23 -24 24 -26 -27 -28 -29 -30
leaf_value=1.6870628262807545 2.3232816178628419 -0.58337655637765296 4.7707236838878782 7.8249299320481072 -1.5916255474728223 3.6683694661300854 0.71660246177569209 -1.0878372477324691 -6.7896235337474842 0.83434594865061429 -2.5957559730057769 -0.040504374934276902 3.8614034250570577 5.7941335144021284 -13.260341612589203 0.80162772190465603 -0.035023108021462267 -9.4513529495621729 -4.202714384507817 -2.1454894323097999 4.1232545331576391 -0.76169445978724215 0.19331570729954692 1087694.2497840035 -4.524247563453037 -4.1756000603988568 -1.4234440488455646 -3.6315876352014387 -0.67486212394769207
leaf_weight=34 45 49 105 64 102 451 30 124 172 106 56 66 60 42 870 35 114 9343 61 35 30 60 39 34 46 1018 284 1387 30
leaf_count=34 45 49 105 64 102 451 30 124 172 106 56 66 60 42 870 35 114 9343 61 35 30 60 39 34 46 1018 284 1387 30
internal_value=-0.000320016 3.92971e-05 0.000376184 0.00150065 0.00125535 0.00158348 -0.000254822 0.000483019 -0.000440847 0.000151515 -0.000257874 0 0.00104273 0 -0.000376841 -6.36647e-05 0.000303333 -0.000474385 -0.000394558 -0.000444188 -0.000272109 5.49449e-05 -0.000431911 0 0.000246913 -0.000471063 -0.000384616 -0.00045094 -0.000477248
internal_weight=14892 3727 2111 764 700 556 1347 264 11165 230 1777 556 116 144 1221 321 149 9388 1616 1083 440 90 1475 141 80 1053 350 1436 900
internal_count=14892 3727 2111 764 700 556 1347 264 11165 230 1777 556 116 144 1221 321 149 9388 1616 1083 440 90 1475 141 80 1053 350 1436 900
is_linear=0
shrinkage=0.01


Tree=59
num_leaves=31
num_cat=4
split_feature=14 7 12 0 19 21 32 7 24 7 0 0 13 13 11 32 11 31 0 10 19 13 31 21 13 20 24 7 7 7
split_gain=6.26879 5.2482 14.5349 8.877 5.91395 4.46782 2.31737 2.32562 1.9902 1.62975 1.91013 1.21807 2.2539 5.2621 1.04799 0.85854 0.81286 0.429048 2.08459 2.72653 1.89714 1.63864 0.319252 0.236151 0.19189 0.16872 0.119601 0.117165 0.263675 0.0893774
threshold=-0.59869031648930193 284.50000000000006 2040.0333333333335 0 229.65000000000003 2842.5000000000005 124.25000000000001 254.50000000000003 775.50000000000011 230.50000000000003 1 2 1653.4350955071297 1642.2149819337428 181.26539343500235 335.05000000000001 117.2984586875853 23.949999999999999 3 2107.2142857142862 119.60000000000001 1468.8101095685317 45.150000000000006 4395.5000000000009 1314.273114036607 25.575000000000006 853.00000000000011 302.50000000000006 318.50000000000006 262.50000000000006
decision_type=2 2 2 9 2 2 2 2 2 2 9 9 2 2 2 2 2 2 9 2 2 2 2 2 2 2 2 2 2 2
left_child=1 2 6 4 14 -6 7 -1 16 15 -11 12 13 -2 -4 -5 -8 24 19 21 -21 -19 -14 25 -13 -3 -10 -25 -29 -9
right_child=11 23 3 9 5 -7 8 29 26 10 -12 17 22 -15 -16 -17 -18 18 -20 20 -22 -23 -24 27 -26 -27 -28 28 -30 -31
leaf_value=1.9672002056532127 -2.8332181800624561 -3.3342355383164235 4.4528200777081999 2.0940567191594188 5.3714669396548116 9.6917974342859274 -1.5230543401638164 1.2694746581967418 -0.27891662506787329 3.0848821377507658 -0.48260545674266497 -0.05478871957015078 -12.15913731519329 1.7501115191624066 8.3784419548537024 1.7443050856265274 1.5530360538452224 1.4236527579432965 -2.841764554106609 4.4412938672094215 3.0158655596831285 -12.288844181578424 3.131680363397038 -4.1606872406627371 -9.4917984957872541 0.19138255022655229 -4.0468645418501881 1076817.3072861633 -4.4790050878185053 -0.86696558714690353
leaf_weight=54 77 1436 34 30 97 76 33 31 67 114 237 42 279 32 48 30 82 32 1670 30 48 203 30 61 8722 39 1113 34 46 65
leaf_count=54 77 1436 34 30 97 76 33 31 67 114 237 42 279 32 48 30 82 32 1670 30 48 203 30 61 8722 39 1113 34 46 65
internal_value=-0.000321359 3.12499e-05 0.000361979 0.00158471 0.00301692 0.00197414 -0.000195367 0.000960265 -0.000337577 0.000579384 0.000296875 -0.000439952 7.2261e-05 0.00132273 0.00540964 0.00213115 0.000883621 -0.000460448 -0.000313256 0.000412037 0.00203797 -7.41527e-05 -0.000337097 -0.000394558 -0.000493098 -0.000431911 -0.000465707 0 0.000246913 0
internal_weight=14892 3727 2111 666 255 173 1445 150 1295 411 351 11165 418 109 82 60 115 10747 1983 313 78 235 309 1616 8764 1475 1180 141 80 96
internal_count=14892 3727 2111 666 255 173 1445 150 1295 411 351 11165 418 109 82 60 115 10747 1983 313 78 235 309 1616 8764 1475 1180 141 80 96
cat_boundaries=0 1 2 3 4
cat_threshold=3866840 51200 1048832 329736
is_linear=0
shrinkage=0.01


Tree=60
num_leaves=31
num_cat=5
split_feature=14 23 7 0 7 20 7 20 7 19 13 0 19 11 19 13 15 25 13 0 32 14 23 19 25 0 11 30 0 13
split_gain=6.04891 5.58873 10.5261 4.71603 7.16552 3.56797 3.52672 1.56189 1.29872 5.22179 1.7103 1.25161 3.58545 1.07993 1.06225 1.01855 0.682003 0.741434 0.600117 0.581108 0.464569 0.404757 0.586201 0.349509 0.301104 0.221609 0.149249 0.142901 0.83605 0.614032
threshold=-0.61237985104942771 2425.1300000000006 283.50000000000006 0 254.50000000000003 24.517857142857149 236.50000000000003 24.296428571428574 271.50000000000006 124.25000000000001 1402.5076842243532 1 179.75000000000003 131.83683999912006 345.55000000000007 1676.2988387047556 -0.94426098523567992 27.275000000000002 1483.0017915392459 2 326.85000000000008 0.97696484778429815 1285.3450000000003 178.05000000000004 26.375000000000004 3 99.62859547970109 3.1500000000000008 4 1702.6846590909092
decision_type=2 2 2 9 2 2 2 2 2 2 2 9 2 2 2 2 2 2 2 9 2 2 2 2 2 9 2 2 9 2
left_child=1 7 3 6 14 -6 20 24 9 10 -9 12 16 -11 -5 -14 17 -2 -19 23 -3 -18 -23 -4 -1 -10 -8 -13 29 -29
right_child=11 2 19 4 5 -7 26 8 25 13 -12 27 15 -15 -16 -17 21 18 -20 -21 -22 22 -24 -25 -26 -27 -28 28 -30 -31
leaf_value=-4.6749336716919387 3.1455368755311826 0.56442252620748901 -3.9132085906365637 0.56103874384146302 8.1044197398918918 7.6143872480995665 2.0452527118413792 0.3202821844609739 0.062513393276726545 -3.4631709040044187 2.4248453838756152 -9.8546385674497881 4.994468890670257 1.0360259325991108 8.6425834908187156 2.6802186804288008 -7.2381567054328713 0.9936608568677866 -0.71265496404703377 -3.8867252701308086 1.8114251677292759 1.2745686239814267 -19.727937064349881 1008857.6159543569 5.1764317513574918 -2.1540647243910569 -0.74026500332180822 0.79480978352998621 -3.2858788434890882 -16.273384452294799
leaf_weight=1345 41 30 52 98 100 54 30 36 117 334 66 8194 59 149 51 43 987 30 120 497 30 57 89 57 40 411 179 203 1220 135
leaf_count=1345 41 30 52 98 100 54 30 36 117 334 66 8194 59 149 51 43 987 30 120 497 30 57 89 57 40 411 179 203 1220 135
internal_value=-0.00031619 3.31791e-05 0.000603053 0.00157766 0.0024156 0.00401935 0.000483928 -0.000231693 3.90484e-05 0.00037116 0.00241748 -0.000431971 -0.000141267 -4.44216e-05 0.000836667 0.00164078 -0.000288302 0.000231771 -3.31127e-05 -0.000301483 0.00262295 -0.000384921 4.76189e-05 0.000295833 -0.000456349 -0.000310019 -6.90477e-05 -0.000472806 -0.000358563 6.01718e-05
internal_weight=14854 3676 1178 572 303 154 269 2498 1113 585 102 11178 1426 483 149 102 1324 191 150 606 60 1133 146 109 1385 528 209 9752 1558 338
internal_count=14854 3676 1178 572 303 154 269 2498 1113 585 102 11178 1426 483 149 102 1324 191 150 606 60 1133 146 109 1385 528 209 9752 1558 338
cat_boundaries=0 1 2 3 4 5
cat_threshold=304163 1378560 65617 4256 4122
is_linear=0
shrinkage=0.01


Tree=61
num_leaves=31
num_cat=5
split_feature=10 15 0 10 12 13 13 16 0 24 22 13 12 15 0 13 13 0 12 13 15 13 10 24 0 26 7 20 25 15
split_gain=6.12192 12.4704 8.86955 6.1142 5.37498 3.27119 6.54485 1.79997 2.38417 1.2651 1.0385 1.01802 2.14596 1.89298 0.774173 1.70634 3.07469 0.653595 1.29877 0.622154 0.189646 0.141853 1.50132 0.760027 0.137981 0.244806 0.116698 0.093112 0.0501145 0.0274706
threshold=2485.7857142857147 0.16587474750015932 0 3655.3571428571436 4084.3333333333335 1609.8354362734601 1764.5083604780459 0.96231527631374336 1 2327.5000000000005 2889.5000000000005 1440.2307412261541 1575.0666666666668 -0.19337245081799007 2 1653.4350955071297 1632.8295615275815 3 826.48333333333346 1408.5506816034556 -0.94426098523567992 1580.2599258525127 1925.5714285714287 897.50000000000011 4 5.3500000000000005 190.50000000000003 25.614285714285717 25.725000000000005 -0.99907307217758434
decision_type=2 2 9 2 2 2 2 2 9 2 2 2 2 2 9 2 2 9 2 2 2 2 2 2 9 2 2 2 2 2
left_child=11 2 3 5 7 28 -7 8 -4 -9 -5 12 17 19 15 16 26 18 -1 -14 -17 22 -16 -24 25 -3 -13 -26 -2 -23
right_child=1 24 4 10 -6 6 -8 9 -10 -11 -12 14 13 -15 21 20 -18 -19 -20 -21 -22 29 23 -25 27 -27 -28 -29 -30 -31
leaf_value=-12.771030469564467 1.2229396991845165 -6.2249765314871386 2.3320496364294043 8.2880840135451059 7.2474501328351195 6.7352377958643448 -0.88666956659397922 -0.39808823538930016 -1.256194770358446 1.3780217465275097 10.084982911848455 -15.995895328624206 1.0458361196428387 -0.64096677733782148 -7.1282148780832379 0.60290844837447088 1.6656545629734782 -8.7667122762914911 1.2422798957095103 1.7651874359316828 -7.3433013619848522 -13.600295508220485 1.2661275634433369 0.10332171447131719 -3.842458626978285 943584.95041753352 0.5286495923477047 -0.46146371990484369 -0.37714039602872335 -9.2354262889479948
leaf_weight=92 30 223 228 37 52 69 54 38 530 84 42 50 53 74 2224 30 30 631 54 31 319 70 30 251 1628 58 30 38 49 7725
leaf_count=92 30 223 228 37 52 69 54 38 530 84 42 50 53 74 2224 30 30 631 54 31 319 70 30 251 1628 58 30 38 49 7725
internal_value=-0.000318209 6.95981e-05 0.000867792 0.00239555 0.000364793 0.00147291 0.0024879 0.000170261 0 0.00129268 0.00488125 -0.000423856 -9.3483e-05 0.000949685 -0.000451627 -2.02129e-05 0.00103604 -0.000319409 0.000235669 0.00197647 -0.000384286 -0.000469402 -0.000384078 0.000281915 -0.000422741 -0.000138699 0 -0.000460942 0 -0.000496088
internal_weight=14854 3160 1213 281 932 202 123 880 758 122 79 11694 935 158 10759 459 110 777 146 84 349 10300 2505 281 1947 281 80 1666 79 7795
internal_count=14854 3160 1213 281 932 202 123 880 758 122 79 11694 935 158 10759 459 110 777 146 84 349 10300 2505 281 1947 281 80 1666 79 7795
cat_boundaries=0 1 2 3 4 5
cat_threshold=3342616 563202 1310720 6144 304
is_linear=0
shrinkage=0.01


Tree=62
num_leaves=31
num_cat=0
split_feature=10 15 7 19 24 23 22 24 25 27 7 19 14 20 19 7 24 7 19 24 19 31 29 30 21 24 20 29 15 10
split_gain=5.81566 12.3483 5.24489 2.88144 3.42125 1.82981 1.14858 1.08941 1.8017 1.06358 0.932017 3.25686 0.744339 2.27862 0.986874 3.43226 1.30319 0.627748 0.282243 0.195896 0.491829 0.689292 0.34121 0.131576 0.104648 0.0630125 0.054374 0.0526743 0.0486047 0.0255176
threshold=2485.7857142857147 0.16587474750015932 220.50000000000003 219.55000000000004 2650.5000000000005 2800.5000000000005 3598.4100000000003 1275.4700000000003 28.725000000000005 25.225000000000005 210.50000000000003 326.85000000000008 -0.70898476237405783 24.407142857142862 124.25000000000001 262.50000000000006 795.50000000000011 270.50000000000006 88.550000000000011 670.50000000000011 58.750000000000007 50.650000000000027 24.375000000000004 0.75000000000000011 1451.5000000000002 1240.5000000000002 25.614285714285717 24.575000000000006 -0.99966479353140603 4937.1428571428578
decision_type=2 2 2 2 2 2 2 2 2 2 2 2 2 2 2 2 2 2 2 2 2 2 2 2 2 2 2 2 2 2
left_child=12 2 7 4 -4 17 -6 8 -2 -7 24 -12 13 -1 15 18 -16 -5 -15 20 -14 22 -22 -18 -9 -17 29 -23 -21 -3
right_child=1 26 3 5 6 9 -8 10 -10 -11 11 -13 19 14 16 25 23 -19 -20 28 21 27 -24 -25 -26 -27 -28 -29 -30 -31
leaf_value=-4.3844371122365535 3.0799986974530458 -3.8072539512886392 7.5312263651393403 2.4041575406350395 3.2699092036586483 8.2067229070095387 7.1749757080608072 -0.11098078312793253 -1.7663578179675632 1.7163146971751686 6.4148926346242954 -0.37413811585026935 -17.413184553097867 2.2093144929887472 1.3050201934666359 -1.7718485332376972 -0.020708163407613639 -1.1369701432243688 0.72631526730460294 -9.0084688192454845 -0.22266372066768156 -8.681559334976269 1.7155765991899774 -3.5044557886602199 -1.7482986547704418 0.041287307243093457 -0.61936422074813968 -2.9075529085738974 -8.2125624437712492 -5.5537816855894411
leaf_weight=1063 46 1794 43 248 65 155 32 60 58 68 34 77 393 46 53 67 44 56 40 56 31 92 38 213 271 64 49 87 9407 104
leaf_count=1063 46 1794 43 248 65 155 32 60 58 68 34 77 393 46 53 67 44 56 40 56 31 92 38 213 271 64 49 87 9407 104
internal_value=-0.000320902 5.69439e-05 0.000851318 0.00144686 0.00276596 0.00107292 0.00154592 0.000104205 0.00102857 0.00177902 -9.25509e-05 0.000665178 -0.000423856 -0.00021056 0.000315341 0.000832569 -1.60773e-05 0.000518033 0.00237931 -0.000456408 -0.00025 6.42569e-05 0.000935714 -0.000343023 -0.000378012 -0.000117424 -0.000433008 -0.000219445 -0.000469305 -0.000441812
internal_weight=14854 3160 1213 667 140 527 97 546 104 223 442 111 11694 1590 527 217 310 304 86 10104 641 248 69 257 331 131 1947 179 9463 1898
internal_count=14854 3160 1213 667 140 527 97 546 104 223 442 111 11694 1590 527 217 310 304 86 10104 641 248 69 257 331 131 1947 179 9463 1898
is_linear=0
shrinkage=0.01


end of trees

feature_importances:
price_expanding_mean=240
mandi_name=204
price_roll_mean_7=170
sin_365_1=125
day_of_year=112
precip_roll30=110
rainfall_30d_sum=107
cos_365_1=99
price_roll_mean_30=90
sin_365_2=83
price_lag_45=79
temp_7d_avg=68
price_roll_std_7=56
price_lag_30=56
rainfall_7d_sum=46
temp_mean_lag30=43
precip_roll7=41
price_lag_32=31
price_lag_31=25
precip_lag1=24
rainfall_lag30=21
cos_365_2=20
temp_lag7=11
month=4
evapotrans_lag1=4
temp_mean=3

parameters:
[boosting: gbdt]
[objective: quantile]
[metric: quantile]
[tree_learner: serial]
[device_type: cpu]
[data_sample_strategy: bagging]
[data: ]
[valid: ]
[num_iterations: 3000]
[learning_rate: 0.01]
[num_leaves: 31]
[num_threads: 0]
[seed: 42]
[deterministic: 0]
[force_col_wise: 0]
[force_row_wise: 0]
[histogram_pool_size: -1]
[max_depth: 6]
[min_data_in_leaf: 30]
[min_sum_hessian_in_leaf: 0.001]
[bagging_fraction: 0.8]
[pos_bagging_fraction: 1]
[neg_bagging_fraction: 1]
[bagging_freq: 5]
[bagging_seed: 400]
[bagging_by_query: 0]
[feature_fraction: 0.8]
[feature_fraction_bynode: 1]
[feature_fraction_seed: 30056]
[extra_trees: 0]
[extra_seed: 12879]
[early_stopping_round: 0]
[early_stopping_min_delta: 0]
[first_metric_only: 0]
[max_delta_step: 0]
[lambda_l1: 1]
[lambda_l2: 1]
[linear_lambda: 0]
[min_gain_to_split: 0]
[drop_rate: 0.1]
[max_drop: 50]
[skip_drop: 0.5]
[xgboost_dart_mode: 0]
[uniform_drop: 0]
[drop_seed: 17869]
[top_rate: 0.2]
[other_rate: 0.1]
[min_data_per_group: 100]
[max_cat_threshold: 32]
[cat_l2: 10]
[cat_smooth: 10]
[max_cat_to_onehot: 4]
[top_k: 20]
[monotone_constraints: ]
[monotone_constraints_method: basic]
[monotone_penalty: 0]
[feature_contri: ]
[forcedsplits_filename: ]
[refit_decay_rate: 0.9]
[cegb_tradeoff: 1]
[cegb_penalty_split: 0]
[cegb_penalty_feature_lazy: ]
[cegb_penalty_feature_coupled: ]
[path_smooth: 0]
[interaction_constraints: ]
[verbosity: -1]
[saved_feature_importance_type: 0]
[use_quantized_grad: 0]
[num_grad_quant_bins: 4]
[quant_train_renew_leaf: 0]
[stochastic_rounding: 1]
[linear_tree: 0]
[max_bin: 255]
[max_bin_by_feature: ]
[min_data_in_bin: 3]
[bin_construct_sample_cnt: 200000]
[data_random_seed: 175]
[is_enable_sparse: 1]
[enable_bundle: 1]
[use_missing: 1]
[zero_as_missing: 0]
[feature_pre_filter: 1]
[pre_partition: 0]
[two_round: 0]
[header: 0]
[label_column: ]
[weight_column: ]
[group_column: ]
[ignore_column: ]
[categorical_feature: 0,1,2,3]
[forcedbins_filename: ]
[precise_float_parser: 0]
[parser_config_file: ]
[objective_seed: 16083]
[num_class: 1]
[is_unbalance: 0]
[scale_pos_weight: 1]
[sigmoid: 1]
[boost_from_average: 1]
[reg_sqrt: 0]
[alpha: 0.95]
[fair_c: 1]
[poisson_max_delta_step: 0.7]
[tweedie_variance_power: 1.5]
[lambdarank_truncation_level: 30]
[lambdarank_norm: 1]
[label_gain: ]
[lambdarank_position_bias_regularization: 0]
[eval_at: ]
[multi_error_top_k: 1]
[auc_mu_weights: ]
[num_machines: 1]
[local_listen_port: 12400]
[time_out: 120]
[machine_list_filename: ]
[machines: ]
[gpu_platform_id: -1]
[gpu_device_id: -1]
[gpu_use_dp: 0]
[num_gpu: 1]

end of parameters

pandas_categorical:[["Chandvad", "Devala", "Dindori", "Dindori(Vani)", "Kalvan", "Lasalgaon", "Lasalgaon(Niphad)", "Lasalgaon(Vinchur)", "Malharshree Farmers Producer Co Ltd", "Mankamneshwar Farmar Producer Coltd Sanchalit Mank", "Manmad", "Nampur", "Nandgaon", "Nasik", "Pimpalgaon", "Pimpalgaon Baswant(Saykheda)", "Satana", "Shivsiddha Govind Producer Company Limited Sanchal", "Shree Rameshwar Krushi Market", "Sinner", "Umrane", "Yeola"], ["Nashik"], ["Maharashtra"], ["Local", "Other", "Pole", "Red", "White"]]
