tree
version=v4
num_class=1
num_tree_per_iteration=1
label_index=0
max_feature_idx=33
objective=quantile
feature_names=mandi_name district state variety is_real_trade day_of_week month day_of_year is_weekend is_holiday price_roll_mean_7 price_roll_std_7 price_roll_mean_30 price_expanding_mean sin_365_1 cos_365_1 sin_365_2 cos_365_2 rainfall_7d_sum rainfall_30d_sum temp_7d_avg price_lag_1 price_lag_2 price_lag_3 price_lag_7 temp_mean_lag1 rainfall_lag1 temp_mean temp_lag1 temp_lag7 precip_lag1 precip_roll7 precip_roll30 evapotrans_lag1
feature_infos=-1:14:10:5:15:7:6:0:13:1:21:12:4:19:16:3:11:20:2:17:18:9 none none -1:1:3:2:0 none [0:6] [1:12] [1:366] [0:1] [0:1] [394.28571428571428:131086504.71428572] [0:346815176.15154129] [443.66666666666669:30590979.833333332] [971.09666666666669:1131950.5985221674] [-0.9999994220246925:0.99998555065071859] [-0.99997919295908233:0.9999907524084426] [-0.9999994220246925:0.99995318436087299] [-0.99999768809943823:0.99996300980480612] [0:257] [0:453.89999999999998] [17.392857142857142:32.600000000000001] [100:917588483] [100:917588483] [100:917588483] [100:917588483] [14.449999999999999:33.299999999999997] [0:79.900000000000006] [14.449999999999999:33.299999999999997] [14.449999999999999:33.299999999999997] [14.449999999999999:33.299999999999997] [0:79.900000000000006] [0:257] [0:453.89999999999998] [0.87:9.2799999999999994]
tree_sizes=3686 3968 3982 3980 3980 3968 3971 3993 4013 3971 3976 3975 3969 4015 3982 4000 4004 3993 3970 4021 4011 4029 4040 4014 4022 4000 4051 4049 4036 4067 4031 4050 4026 4061 4024 4064 4025 4060 4038 4049 4066 4066 4050 4053 4045 4028 4053 4042 4076 4073 4062 4059 4089 4078 4026 4075 4067 4075 4042 4042 4063 4088 4083 4050 4047 4073 4040 4050 4048 4078 4071 4040 4065 4069 4083 4075 4071 4054 4062 4055 4036 4047 4044 4035 4081 4068 4041 4060 4061 4069 4034 4082 4057 4057 4059 4058 4060 4029 4020 4090 4042 4050 4038 4056 4063 4087 4053 4046 4066 4064 4076 4057 4036 4042 4012 4045 4077 4087 4090 4073 4076 4010 4065 4040 4040 4085 4041 4052 4059 4074 4058 4050 4069 4044 4035 4044 4086 4039

Tree=0
num_leaves=45
num_cat=0
split_feature=21 21 22 14 22 30 22 21 6 20 14 15 14 15 15 16 25 18 14 14 21 17 16 27 21 16 18 23 22 23 21 12 27 20 29 30 12 31 25 15 19 10 6 13
split_gain=2972.28 66.3418 66.2142 25.3699 19.1634 16.8847 13.2141 13.5989 7.52132 7.24902 6.71414 5.95842 5.49901 5.41605 8.70663 4.69992 4.66917 6.16789 5.27213 4.58858 4.26642 4.19481 3.97599 3.67116 3.42475 4.28481 3.41801 3.08007 3.06827 3.0359 3.03239 2.85907 2.85452 3.12385 2.67889 2.57055 3.12096 2.48904 2.38405 2.31396 2.26628 2.16764 2.10476 2.72808
threshold=1576.0000000000002 1749.7900000000002 1370.5000000000002 0.90162119223771331 1492.0000000000002 1.0000000180025095e-35 1690.5000000000002 1492.0000000000002 9.5000000000000018 20.596428571428575 0.92602006027323147 -0.70900320270980455 -0.97113884758256674 -0.73865259438682551 -0.9497838742125716 0.1254553598049121 23.375000000000004 3.6000000000000019 -0.022576249993022688 0.78857998149907527 1645.5000000000002 -0.88918525430897799 0.039769539193789977 30.075000000000006 1353.0000000000002 0.88119114410046628 0.19999999999998672 1576.0000000000002 1827.5000000000002 1749.7900000000002 1350.5000000000002 1689.5166666666669 24.725000000000005 24.103571428571435 23.525000000000002 0.35000000000000003 1753.3500000000001 32.150000000000013 25.175000000000008 -0.17646730165275518 4.9499999999999975 1592.5714285714287 10.500000000000002 1724.0357821191158
decision_type=2 2 2 2 2 2 2 2 2 2 2 2 2 2 2 2 2 2 2 2 2 2 2 2 2 2 2 2 2 2 2 2 2 2 2 2 2 2 2 2 2 2 2 2
left_child=2 5 8 6 35 9 7 19 24 -2 27 -11 -9 14 -14 23 17 18 26 21 32 -4 -23 -15 -1 -26 -13 42 34 30 -10 -12 33 39 38 36 -3 -34 -18 -7 -8 -16 -6 -44
right_child=1 4 3 -5 10 20 40 12 29 11 31 16 13 15 41 -17 28 -19 -20 -21 -22 22 -24 -25 25 -27 -28 -29 -30 -31 -32 -33 37 -35 -36 -37 -38 -39 -40 -41 -42 -43 43 -45
leaf_value=1562.5999999999999 1585.0999999999999 1574.5999999999999 1583.5999999999999 1573.0999999999999 1588.0999999999999 1579.0999999999999 1583.5999999999999 1583.5999999999999 1565.5999999999999 1583.5999999999999 1582.1300000000001 1577.5999999999999 1578.3499999999999 1580.5999999999999 1580.6300000000001 1576.0999999999999 1576.1300000000001 1577.5999999999999 1584.5 1579.325 1583.5999999999999 1576.0999999999999 1574.5999999999999 1577.5999999999999 1574.5999999999999 1580.5999999999999 1585.0999999999999 1607.5999999999999 1580.5999999999999 1580.5999999999999 1577.5999999999999 1575.6500000000001 1581.665 1582.0999999999999 1577.5999999999999 1586.5999999999999 1586.075 1579.115 1582.0999999999999 1588.8499999999999 1577.6900000000001 1579.0999999999999 1577.5999999999999 1590.3499999999999
leaf_weight=5781 71 39 20 398 107 29 83 27 238 33 23 95 54 76 104 99 29 25 77 46 439 256 274 21 238 25 26 6428 38 20 56 20 62 85 98 24 60 34 21 21 132 24 28 40
leaf_count=5781 71 39 20 398 107 29 83 27 238 33 23 95 54 76 104 99 29 25 77 46 439 256 274 21 238 25 26 6428 38 20 56 20 62 85 98 24 60 34 21 21 132 24 28 40
internal_value=1580 1580.01 1579.99 1579.99 1580.01 1580.01 1579.99 1579.99 1579.99 1580 1580.01 1580 1580 1580 1580 1579.99 1580 1580 1580 1579.99 1580.01 1579.99 1579.99 1580 1579.99 1579.99 1580 1580.01 1580 1579.99 1579.99 1580 1580.01 1580.01 1579.99 1580 1580 1580 1580 1580 1580 1580 1580.01 1580.01
internal_weight=15924 7952 7972 1614 6769 1183 1216 1001 6358 513 6646 442 405 378 182 196 409 223 198 596 670 550 530 97 6044 263 121 6603 186 314 294 43 231 135 148 123 99 96 50 50 215 128 175 68
internal_count=15924 7952 7972 1614 6769 1183 1216 1001 6358 513 6646 442 405 378 182 196 409 223 198 596 670 550 530 97 6044 263 121 6603 186 314 294 43 231 135 148 123 99 96 50 50 215 128 175 68
is_linear=0
shrinkage=1


Tree=1
num_leaves=45
num_cat=0
split_feature=22 22 22 14 31 23 14 17 14 10 16 33 10 20 6 33 16 11 22 20 15 33 27 16 16 27 10 31 16 20 31 15 14 6 10 17 10 28 17 14 10 22 14 13
split_gain=2730.28 93.2349 82.21 35.7169 22.0044 19.7911 17.4289 14.1633 17.5235 11.977 13.9979 11.3759 10.7223 10.2037 8.69994 8.36945 8.27219 7.27073 6.42835 6.25833 6.25709 8.98144 8.92871 6.01725 5.99427 5.76126 5.29909 5.05966 4.89947 3.84187 3.76179 3.41406 3.33746 4.34727 4.50927 3.16493 10.3665 3.1091 2.93775 2.87645 3.88715 2.7912 3.2343 5.45635
threshold=1576.0000000000002 1370.5000000000002 1750.5000000000002 0.90892735371523092 0.10000000000001512 1645.5000000000002 0.91248814248966237 -0.88918525430897799 -0.70898476237405783 1432.214285714286 0.91161058030431363 3.7350000000000008 1450.0714285714287 24.046428571428578 9.5000000000000018 3.7550000000000003 0.90892735371523092 197.28514450842513 2100.5000000000005 27.603571428571435 -0.95998493203694346 3.5450000000000004 20.925000000000001 -0.94388905186573491 -0.99763297024448894 25.025000000000002 1718.714285714286 27.250000000000011 0.91161058030431363 22.217857142857145 27.250000000000011 -0.26037106507032781 0.79383249484937135 10.500000000000002 1768.0714285714287 0.8500094512057853 1665.214285714286 23.375000000000004 0.37447021150729259 0.67167992559793654 1592.5714285714287 1210.5000000000002 -0.53493989022977317 1539.5999019607846
decision_type=2 2 2 2 2 2 2 2 2 2 2 2 2 2 2 2 2 2 2 2 2 2 2 2 2 2 2 2 2 2 2 2 2 2 2 2 2 2 2 2 2 2 2 2
left_child=1 5 4 7 11 14 12 30 31 10 19 26 -4 15 41 37 -13 -8 24 -10 -11 -22 -23 -21 25 -14 29 -16 38 -2 -3 -9 33 -26 -35 39 -37 -6 -17 -15 -41 -1 43 -43
right_child=2 3 6 -5 13 -7 17 8 9 20 -12 16 18 35 27 28 -18 -19 -20 23 21 22 -24 -25 32 -27 -28 -29 -30 -31 -32 -33 -34 34 -36 36 -38 -39 -40 40 -42 42 -44 -45
leaf_value=-18.377999999999997 -2.5529999999999973 -0.85799999999999721 -3.8307000000000015 -6.692999999999997 6.0532500000000029 -4.9229999999999974 2.7720000000000025 -3.7829999999999973 -5.2679999999999971 -2.3504999999999971 3.6202499999999986 -2.3279999999999972 -3.5279999999999974 3.550050000000001 -11.327999999999998 6.1470000000000029 4.5795000000000021 -7.8629999999999969 40.722000000000001 -3.8797500000000014 3.5520000000000027 -8.2379999999999978 0.5370000000000027 0.71700000000000275 10.302000000000003 5.7720000000000029 5.7720000000000029 2.1720000000000028 -3.7829999999999973 7.2435000000000009 6.4020000000000028 -1.0679999999999972 7.272000000000002 2.8456500000000005 8.772000000000002 -0.34994999999999887 2.0295000000000027 0.71609999999999674 -0.87299999999999722 -1.5779999999999972 3.1470000000000025 2.0820000000000025 -9.0779999999999976 -7.8779999999999966
leaf_weight=4843 37 20 27 338 106 116 64 142 244 45 39 254 20 405 307 20 26 33 4529 24 142 52 297 52 1227 25 87 24 25 20 53 20 151 76 395 63 146 91 60 21 48 20 1104 86
leaf_count=4843 37 20 27 338 106 116 64 142 244 45 39 254 20 405 307 20 26 33 4529 24 142 52 297 52 1227 25 87 24 25 20 53 20 151 76 395 63 146 91 60 21 48 20 1104 86
internal_value=-0.000139223 -0.0125522 0.0122921 -0.00571964 0.00571429 -0.0140947 0.0137071 -0.00315636 -0.00404124 -0.00239303 -0.00663325 0 0.013897 0.00817379 -0.0143179 0.00356504 -0.00352374 0.00105046 0.0139764 -0.00870665 0.000442082 0.00142944 -0.00115153 -0.00114323 0.0124951 0.00159645 0.00684941 -0.00954998 -0.00325404 -0.000210158 0.00960328 -0.0131215 0.0127586 0.0131423 0.0106602 0.0102064 0.00708752 0.00721461 0.000337079 0.0115735 0.00581766 -0.014578 -0.0132609 -0.00817154
internal_weight=15924 7968 7956 1468 1409 6500 6547 1130 1057 895 359 424 6450 985 6384 302 280 97 6423 320 536 491 349 76 1894 45 144 331 105 57 73 162 1849 1698 471 683 209 197 80 474 69 6053 1210 106
internal_count=15924 7968 7956 1468 1409 6500 6547 1130 1057 895 359 424 6450 985 6384 302 280 97 6423 320 536 491 349 76 1894 45 144 331 105 57 73 162 1849 1698 471 683 209 197 80 474 69 6053 1210 106
is_linear=0
shrinkage=0.03


Tree=2
num_leaves=45
num_cat=0
split_feature=21 21 21 14 26 23 17 14 16 10 10 20 15 14 14 21 33 16 14 11 23 25 19 12 14 33 16 33 31 10 21 21 31 10 10 16 33 27 15 15 14 20 15 20
split_gain=2906.08 69.9047 66.7359 20.7432 16.912 13.0916 11.1187 11.5804 11.0475 10.7925 9.1711 7.75368 6.90891 6.0718 5.35614 5.20429 5.09003 4.91545 4.81509 4.77377 4.75843 4.35509 5.10367 5.65437 5.16597 3.89039 3.73066 5.58838 4.57279 3.58633 3.40308 3.34468 3.09008 3.05924 3.18449 3.00731 2.74261 2.68009 2.53543 2.51154 2.43852 2.35631 2.30613 2.25901
threshold=1576.0000000000002 1353.0000000000002 1750.5000000000002 0.90162119223771331 1.0000000180025095e-35 1650.5000000000002 -0.88918525430897799 -0.70898476237405783 0.91161058030431363 1450.0714285714287 1432.214285714286 20.596428571428575 -0.70900320270980455 0.91248814248966237 0.90162119223771331 1645.5000000000002 6.4150000000000009 -0.2270106897347694 -0.9954993026558282 353.26770462643765 1545.5000000000002 23.475000000000005 4.9499999999999975 2872.7500000000005 -0.05695216311707673 5.5150000000000006 0.17011757999667351 3.5450000000000004 65.750000000000043 1672.0000000000002 2000.5000000000002 1500.5000000000002 32.150000000000013 1621.5000000000002 1672.0000000000002 -0.99629805505515945 6.4150000000000009 25.725000000000005 0.63089349388778826 -0.26037106507032781 0.80417553764032002 24.103571428571435 0.69521084835931835 24.025000000000006
decision_type=2 2 2 2 2 2 2 2 2 2 2 2 2 2 2 2 2 2 2 2 2 2 2 2 2 2 2 2 2 2 2 2 2 2 2 2 2 2 2 2 2 2 2 2
left_child=1 5 4 6 11 19 18 39 9 17 -4 -2 -13 20 -7 32 -15 31 -3 -1 38 22 24 42 -14 29 27 -11 -28 -23 35 -9 37 -34 -35 -22 -27 -6 -12 -8 -37 -10 -24 -17
right_child=2 3 10 -5 15 14 7 8 41 26 13 12 21 16 -16 43 -18 -19 -20 -21 30 25 23 -25 -26 36 28 -29 -30 -31 -32 -33 33 34 -36 40 -38 -39 -40 -41 -42 -43 -44 -45
leaf_value=-16.296659999999999 4.0308900000000047 -0.9822599999999988 -2.715659999999998 -4.9922099999999974 2.0339399999999999 -4.0933694999999961 -3.6695100000000003 -2.7249599999999963 -0.75951000000000024 4.3532400000000013 10.670171250000003 3.5618400000000019 -2.2581599999999979 -6.7761600000000017 -9.6238352197265602 1.8404025000000046 3.6473399999999989 -5.9274599999999964 3.2999400000000012 -9.1169099999999972 4.8488400000000045 -2.2581599999999979 3.4288650000000018 6.1620900000000036 4.778265000000002 -3.7656194999999979 -2.3400014999999961 -1.1353049999999985 1.2587400000000024 3.5208900000000014 36.050339999999998 0.56228999999999474 0.68300775000000047 -0.86295149999999921 1.3550669999999967 8.462940000000005 -0.52213499999999957 1.0424025000000006 6.2875102500000022 -2.2059599999999975 6.3038400000000046 1.9970692499999971 -2.2541099999999981 3.3854985000000011
leaf_weight=6247 96 25 25 340 77 87 145 171 25 78 48 41 22 22 32 117 49 172 37 120 37 32 20 24 74 56 145 211 22 43 4882 32 58 31 25 1291 86 40 94 25 105 58 129 428
leaf_count=6247 96 25 25 340 77 87 145 171 25 78 48 41 22 22 32 117 49 172 37 120 37 32 20 24 74 56 145 211 22 43 4882 32 58 31 25 1291 86 40 94 25 105 58 129 428
internal_value=-0.000137339 -0.0129372 0.0126944 -0.00706345 0.00674148 -0.0142824 -0.00512782 -0.00583618 -0.00449294 -0.00553724 0.0139647 0.00305248 0.00161639 0.0140343 -0.00438287 0.00969849 0.00523207 -0.00930952 0.00719807 -0.0144669 0.0141305 0.000610985 0.00316611 6.93241e-05 0.00870968 -0.00254261 -0.0024271 -0.000352819 -0.00599641 0.00295606 0.0142535 -0.00611521 0.00589355 0.00234005 -0.00262032 0.0129454 -0.00546798 0.00932536 0.00863476 -0.0130335 0.0131703 0.00592058 -0.00209256 0.0113043
internal_weight=15924 7972 7952 1486 1399 6486 1146 1084 914 831 6553 623 527 6528 119 776 71 375 62 6367 6457 486 269 173 96 217 456 289 167 75 6315 203 231 114 56 1433 142 117 142 170 1396 83 149 545
internal_count=15924 7972 7952 1486 1399 6486 1146 1084 914 831 6553 623 527 6528 119 776 71 375 62 6367 6457 486 269 173 96 217 456 289 167 75 6315 203 231 114 56 1433 142 117 142 170 1396 83 149 545
is_linear=0
shrinkage=0.03


Tree=3
num_leaves=45
num_cat=0
split_feature=22 22 22 14 31 7 14 7 7 33 17 11 33 12 10 31 15 19 31 16 22 16 27 27 27 10 26 7 12 22 16 7 19 11 5 31 5 31 16 26 24 16 17 12
split_gain=2683.28 93.5001 81.7949 35.2847 22.4395 21.3163 16.4873 14.895 17.0534 13.7291 13.5385 11.7108 11.1562 10.8361 10.6875 6.88195 6.51475 7.76097 6.43115 6.22896 6.19024 7.92646 6.52797 6.12181 8.01422 5.83253 5.43452 4.90852 4.17659 4.14712 4.05485 4.71914 4.62274 4.03654 3.94587 3.73258 3.60949 3.59191 3.82323 3.66012 3.1963 3.11621 3.10386 3.03848
threshold=1576.0000000000002 1370.5000000000002 1750.5000000000002 0.90162119223771331 0.10000000000001512 277.50000000000006 0.89017062131308955 260.50000000000006 230.50000000000003 3.5450000000000004 0.7912140244565844 197.28514450842513 3.7350000000000008 1723.6000000000001 1450.0714285714287 87.950000000000031 0.80290535434334509 4.9499999999999975 11.350000000000003 0.85784900197110281 2151.5000000000005 -0.99763297024448894 25.025000000000002 21.325000000000006 24.725000000000005 1607.3571428571429 7.0000000000000009 326.50000000000006 1697.1333333333334 1200.5000000000002 0.89404822654372251 47.500000000000007 303.85000000000008 450.93172618698674 1.5000000000000002 23.200000000000014 1.5000000000000002 35.800000000000018 -0.99385384359725149 2.5500000000000003 1250.5000000000002 -0.93197223986804445 -0.15314025082153274 1807.9333333333336
decision_type=2 2 2 2 2 2 2 2 2 2 2 2 2 2 2 2 2 2 2 2 2 2 2 2 2 2 2 2 2 2 2 2 2 2 2 2 2 2 2 2 2 2 2 2
left_child=1 5 4 7 12 29 14 8 10 40 23 34 25 -12 -4 16 37 -18 33 -14 21 22 -16 -3 -25 -2 -17 -23 -29 -1 -31 -32 42 -7 -8 -11 -15 38 -6 -39 -9 -26 -33 -19
right_child=2 3 6 -5 15 18 11 9 -10 35 13 -13 19 36 20 26 17 43 -20 -21 -22 27 -24 24 41 -27 -28 28 -30 30 31 32 -34 -35 -36 -37 -38 39 -40 -41 -42 -43 -44 -45
leaf_value=-17.337760199999998 -1.5780132000000013 -7.6206599549999963 -3.634030200000002 -6.0033101999999987 0.01490225917968928 -11.112686699999994 0.054011925000000925 0.3498848625000005 -3.5594247000000019 -3.5206046999999989 -4.9021362000000002 -4.6047333075000001 -2.2429448250000008 6.1522646925000029 -3.2676251999999999 -3.2752661999999986 7.6444758000000048 -3.8633367000000018 0.81582180000000104 3.0432785475000004 39.498829800000003 10.360269746250005 5.4533748000000015 2.1126514837499997 -1.596379274999997 5.3449518000000014 0.79519042500000525 0.098242800000007263 7.4273298000000043 -8.0167601999999984 -10.116760199999998 -5.6347601999999997 -9.5715747000000011 -0.90196005749999586 8.2794198000000048 7.3728883312499987 -0.70978495499999783 -0.73672469999999746 3.3295500449999986 1.7839335449999998 6.6509417999999982 0.20678880000000391 0.74589586124999752 2.1105035850000036
leaf_weight=4837 32 27 27 352 26 297 28 28 153 152 175 62 230 21 25 22 57 51 53 50 4304 1526 26 130 94 112 42 37 407 1135 53 26 23 42 105 20 20 37 524 169 121 175 34 57
leaf_count=4837 32 27 27 352 26 297 28 28 153 152 175 62 230 21 25 22 57 51 53 50 4304 1526 26 130 94 112 42 37 407 1135 53 26 23 42 105 20 20 37 524 169 121 175 34 57
internal_value=-0.000133571 -0.0124392 0.0121903 -0.00559703 0.00562912 -0.0139839 0.0136017 -0.00298092 -0.00518425 0.00246652 -0.00303224 0.00498206 -0.000134402 -0.00914854 0.0138658 0.00811288 0.00877429 0.00334343 -0.00718439 -0.00363085 0.0139463 0.0125635 0.000821918 6.33654e-05 0.00100727 0.00664122 -0.00135725 0.0128658 0.0100585 -0.0144197 -0.0128723 -0.0079133 -0.0033935 -0.0087054 0.0100075 -0.0032946 0.00467153 0.00995503 0.0112289 0.00653566 0.00913481 -0.0019398 0.000948419 -0.00135985
internal_weight=15924 7968 7956 1468 1409 6500 6547 1116 795 321 642 195 424 216 6352 985 921 165 392 280 6325 2021 51 426 399 144 64 1970 444 6108 1271 136 83 339 133 172 41 756 550 206 149 269 60 108
internal_count=15924 7968 7956 1468 1409 6500 6547 1116 795 321 642 195 424 216 6352 985 921 165 392 280 6325 2021 51 426 399 144 64 1970 444 6108 1271 136 83 339 133 172 41 756 550 206 149 269 60 108
is_linear=0
shrinkage=0.03


Tree=4
num_leaves=45
num_cat=0
split_feature=21 21 21 14 22 15 22 17 14 16 10 27 6 22 14 12 14 21 16 21 27 14 26 10 23 16 31 16 21 7 15 7 16 15 12 27 7 11 12 20 20 12 14 21
split_gain=2842.32 71.6128 67.7175 21.215 20.6821 18.4252 15.4529 10.7906 12.2156 11.3258 10.6605 9.63372 8.42781 6.62427 6.36529 5.22191 4.81509 4.33382 4.2682 4.15765 3.88158 3.84444 3.72182 3.95525 3.46603 3.4007 4.31736 4.23664 3.3019 3.85281 3.19123 3.43772 2.83862 2.61021 2.60813 4.88459 2.51154 2.40507 2.34157 2.29778 4.06464 2.2328 1.9358 1.94018
threshold=1576.0000000000002 1353.0000000000002 1750.5000000000002 0.90162119223771331 1650.5000000000002 -0.64580103137750788 1645.5000000000002 -0.88918525430897799 -0.70898476237405783 0.91161058030431363 1450.0714285714287 24.725000000000005 11.500000000000002 1347.5000000000002 0.88220160189607266 2735.7500000000005 -0.9954993026558282 1545.5000000000002 -0.89405649444168434 1645.5000000000002 22.475000000000005 0.8697513045430848 0.35000000000000003 1475.0714285714287 1650.5000000000002 0.17011757999667351 65.750000000000043 -0.97876850416056738 2200.3500000000004 316.50000000000006 -0.30982845708428081 352.50000000000006 -0.57078386445773377 -0.55656394595157355 2036.1666666666667 21.325000000000006 258.50000000000006 118.89871640143265 1422.3166666666668 25.660714285714292 24.046428571428578 1807.9333333333336 0.80417553764032002 2030.5000000000002
decision_type=2 2 2 2 2 2 2 2 2 2 2 2 2 2 2 2 2 2 2 2 2 2 2 2 2 2 2 2 2 2 2 2 2 2 2 2 2 2 2 2 2 2 2 2
left_child=1 4 5 7 12 19 22 16 36 10 17 13 -1 -7 28 -16 -3 32 20 39 -15 33 23 -4 -14 27 -27 -12 29 42 -20 41 -10 -13 35 -31 -9 -23 -11 40 -2 -32 -8 -44
right_child=2 3 6 -5 -6 11 14 8 9 38 25 21 24 18 15 -17 -18 -19 30 -21 -22 37 -24 -25 -26 26 -28 -29 -30 34 31 -33 -34 -35 -36 -37 -38 -39 -40 -41 -42 -43 43 -45
leaf_value=-15.317627393999999 -0.11980783363124486 -0.96328874587499735 -4.0979824964999967 -4.6623443940000016 -3.0878582940000001 -4.0535586089999995 10.028243707612502 -3.4526419590000046 -2.0494148639999934 3.4372510466624999 -2.2321036947626953 -1.6489813093687451 -10.782194828999998 -4.4113475575499965 7.2219801753750037 -0.6937400939999997 3.1904452541249997 0.44718046732499489 -2.3322017115000007 2.873667685631252 4.7695937986500025 0.052446443681249094 7.7753066084999976 6.6449324009999957 0.82801643100000322 -2.2545082139999977 1.2628200707437554 0.59284548599999876 42.483864906000001 8.2468936559999992 3.7477202760000066 1.4925647460000049 -4.8881502539999957 1.3885026210000022 6.5668585560000059 -2.4195964439999966 -2.0329984590000003 -2.3850494157749949 0.37824914956874522 0.36283113600000205 1.8564902611500018 6.1306996710000039 3.5539167076125042 11.661521707612504
leaf_weight=6140 24 25 24 340 105 49 1501 145 139 45 52 24 210 32 156 39 37 36 20 422 27 38 51 149 31 145 22 237 4027 60 187 133 200 66 389 28 25 70 38 85 83 139 64 65
leaf_count=6140 24 25 24 340 105 49 1501 145 139 45 52 24 210 32 156 39 37 36 20 422 27 38 51 149 31 145 22 237 4027 60 187 133 200 66 389 28 25 70 38 85 83 139 64 65
internal_value=-0.000188205 -0.0128469 0.012502 -0.00690196 -0.0142084 0.00650561 0.0137816 -0.00494459 -0.00564247 -0.00426321 -0.00532066 0.00345434 -0.0144257 0.00538579 0.014056 0.00867248 0.00719807 -0.00906958 0.00635012 0.0104006 -0.00121827 -0.00225644 0.00601071 0.00388215 -0.00888428 -0.00222977 -0.00563734 -0.000249049 0.0142265 0.0132466 0.00728867 0.00780222 -0.0101209 0.00229745 0.0108405 0.00609535 -0.0130335 -0.00607771 0.00628159 0.00669964 0.00963585 0.00946642 0.0139482 0.0103176
internal_weight=15924 7972 7952 1486 6486 1399 6553 1146 1084 914 831 785 6381 587 6329 195 62 375 538 614 59 198 224 173 241 456 167 289 6134 2107 479 459 339 90 477 88 170 108 83 192 107 326 1630 129
internal_count=15924 7972 7952 1486 6486 1399 6553 1146 1084 914 831 785 6381 587 6329 195 62 375 538 614 59 198 224 173 241 456 167 289 6134 2107 479 459 339 90 477 88 170 108 83 192 107 326 1630 129
is_linear=0
shrinkage=0.03


Tree=5
num_leaves=45
num_cat=0
split_feature=21 22 21 14 31 7 21 22 20 22 21 17 20 7 16 10 16 26 23 19 31 7 21 10 16 16 14 12 17 10 10 7 16 11 16 23 15 17 10 16 15 20 26 7
split_gain=2786.66 76.906 66.7727 19.8351 16.8508 13.6462 13.2898 12.846 10.7173 8.53778 12.4738 10.3711 7.74154 6.71594 7.45331 5.94986 5.4514 5.20051 4.764 4.25403 4.194 3.89095 3.78049 3.752 3.55414 3.4384 3.42012 4.40445 3.22005 3.95928 3.13901 3.2889 4.92334 3.58007 3.08281 2.79869 2.77942 2.73788 2.55771 2.36388 2.28029 2.17833 2.98619 2.15908
threshold=1590.5000000000002 1410.5000000000002 1849.7150000000004 0.90162119223771331 0.10000000000001512 47.500000000000007 1347.5000000000002 1500.5000000000002 20.667857142857148 1690.5000000000002 1545.5000000000002 -0.88918525430897799 24.153571428571432 260.50000000000006 0.89693165594635726 1735.7857142857144 0.94704596667653973 1.7500000000000002 1650.5000000000002 208.35000000000005 27.250000000000011 327.50000000000006 1651.5000000000002 1592.5714285714287 -0.63920832810365547 0.039769539193789977 0.88220160189607266 2735.7500000000005 0.83730377313544024 1672.0000000000002 1364.3571428571429 61.500000000000007 -0.28622501271271089 128.05783663568008 0.28313881758084386 1551.5000000000002 -0.73865259438682551 0.37447021150729259 1450.0714285714287 -0.98803388382128665 -0.79382744783423187 22.396428571428576 0.25000000000000006 258.50000000000006
decision_type=2 2 2 2 2 2 2 2 2 2 2 2 2 2 2 2 2 2 2 2 2 2 2 2 2 2 2 2 2 2 2 2 2 2 2 2 2 2 2 2 2 2 2 2
left_child=1 6 4 9 5 -2 18 -4 -7 10 11 -3 15 14 24 17 25 19 43 37 38 22 28 36 -8 -13 35 -28 -14 -30 -10 -32 39 -34 -25 -9 -12 -6 -15 -33 -16 -17 -43 -1
right_child=2 3 7 -5 12 8 13 26 30 -11 23 16 21 20 40 41 -18 -19 -20 -21 -22 -23 -24 34 -26 -27 27 -29 29 -31 31 32 33 -35 -36 -37 -38 -39 -40 -41 -42 42 -44 -45
leaf_value=-14.858098572179996 6.6318787796324976 2.9057001883762448 4.8734259477450044 -5.3636820721799969 1.8338990908155051 3.7981069636200027 -2.534929183079996 7.8366134088825028 -4.6079418507300032 0.31035218982000401 1.8632497187175932 -2.691166456004995 1.800795553315504 -4.5615433942800001 1.9168308927626276 5.1404974177200007 0.4303509035004322 1.6738678016810582 -6.914663901525703 -2.0863440297189388 2.2158925183762435 0.025096092040500933 3.847837013081064 1.0217836616187468 -5.1024312292799978 -3.3190627002300062 9.3372573023512562 -0.48018335492999992 -0.7183144411744683 1.4103351897780065 2.3196424047716278 -2.3925377228984925 0.75526900143956022 -3.2075427157049976 -0.94664703241405956 27.352628531501253 -0.6801963609071231 -0.072448875254997339 0.43701178392000539 3.3329211485005295 -5.569298637180002 -0.64064541022837596 4.4290530992138475 -11.168098572179996
leaf_weight=5478 134 31 99 275 23 111 126 96 25 232 68 264 201 64 21 111 33 153 43 20 32 29 470 30 468 278 127 31 46 43 49 28 72 136 56 5760 44 92 24 94 21 25 32 330
leaf_count=5478 134 31 99 275 23 111 126 96 25 232 68 264 201 64 21 111 33 153 43 20 32 29 470 30 468 278 127 31 46 43 49 28 72 136 56 5760 44 92 24 94 21 25 32 330
internal_value=-9.49445e-05 -0.0127148 0.0123843 -0.00607276 0.00745842 0.00353104 -0.0140322 0.0139098 0.0013046 -0.00416659 -0.0056299 -0.00776605 0.00950285 -0.0102725 -0.0115029 0.0063736 -0.00868023 0.00373829 -0.0145173 -0.000532939 -0.0037219 0.0113066 0.0117182 0.000893488 -0.0123666 -0.00940232 0.0140864 0.00965844 0.00898656 0.00417508 -0.000957684 -0.000269058 -0.00135414 -0.00416627 -0.00379791 0.0142052 0.00452275 0.00166811 -0.00711691 0.00341523 0.00064133 0.0108685 0.00598949 -0.0145912
internal_weight=15925 7918 8007 1311 1894 649 6607 6113 515 1036 804 606 1245 756 636 456 575 288 5851 135 120 789 760 198 594 542 6014 158 290 89 404 379 330 208 86 5856 112 115 88 122 42 168 57 5808
internal_count=15925 7918 8007 1311 1894 649 6607 6113 515 1036 804 606 1245 756 636 456 575 288 5851 135 120 789 760 198 594 542 6014 158 290 89 404 379 330 208 86 5856 112 115 88 122 42 168 57 5808
is_linear=0
shrinkage=0.03


Tree=6
num_leaves=45
num_cat=0
split_feature=22 22 22 23 7 17 31 20 31 23 7 7 7 20 15 31 33 12 33 10 13 25 17 26 25 7 18 10 33 12 22 10 22 10 20 20 10 7 11 19 17 20 22 12
split_gain=2557.2 93.5343 77.1995 22.8014 20.9796 22.2751 20.5574 17.2102 13.8949 11.9 13.6579 11.2879 10.2862 10.2513 13.9263 9.01323 8.27693 8.10074 7.48253 7.26539 6.65947 6.13628 5.27827 5.24059 5.12882 6.35085 5.05758 4.74295 8.11246 4.20811 4.64215 4.10182 3.95599 3.8198 3.79876 4.1606 3.68989 5.20309 3.25027 3.60107 3.20327 5.04271 3.07757 3.07641
threshold=1576.0000000000002 1350.5000000000002 1800.5000000000002 1623.0000000000002 260.50000000000006 -0.64743680879621224 0.099999999999982256 20.146428571428576 24.650000000000013 2400.5000000000005 308.50000000000006 61.500000000000007 277.50000000000006 23.975000000000005 -0.9497838742125716 84.950000000000031 5.5150000000000006 1743.2166666666669 3.6450000000000005 1432.214285714286 1811.8474448403078 25.575000000000006 -0.64743680879621224 7.0000000000000009 24.725000000000005 224.50000000000003 18.500000000000021 1375.0714285714287 3.5450000000000004 1598.4166666666667 1650.5000000000002 1548.714285714286 1210.5000000000002 1792.9285714285718 25.496428571428577 24.38571428571429 2264.428571428572 335.50000000000006 118.89871640143265 1.9499999999999933 -0.28725831407847041 22.089285714285719 1627.5000000000002 1743.2166666666669
decision_type=2 2 2 2 2 2 2 2 2 2 2 2 2 2 2 2 2 2 2 2 2 2 2 2 2 2 2 2 2 2 2 2 2 2 2 2 2 2 2 2 2 2 2 2
left_child=1 3 6 12 5 -3 7 -2 27 10 16 -9 32 17 31 19 -4 -7 33 -8 36 -18 -23 -17 25 -16 -14 -6 -29 -21 34 -15 -1 -13 35 -31 37 -12 -20 -40 -5 -42 -41 -36
right_child=2 4 9 40 8 13 15 11 -10 -11 20 18 26 14 24 23 21 -19 38 29 -22 22 -24 -25 -26 -27 -28 28 -30 30 -32 -33 -34 -35 43 -37 -38 -39 39 42 41 -43 -44 -45
leaf_value=-15.912355615014594 7.1796764180249619 -4.8491917827879476 11.94919554043909 -7.8420629968621993 -4.558027249551599 -4.5498255682730937 -1.0872175407872191 4.6108100924810307 5.8139070878935879 46.688770102874962 -0.91758740662503435 -1.6559340476338524 -11.026615967097598 -5.0176100850649989 2.9588710638917064 -2.3132804027954021 3.1626786410536565 2.7786187383914669 0.24759703137090694 3.7624019026886319 9.2028476981249643 0.48668651655690265 13.113440398826585 0.41785120085057997 -0.57810439581340911 -3.1209897633516062 1.8211770128249576 5.8326386396307779 -3.5964830798998491 0.50939798500256528 2.945016240490089 -0.45213874157309647 -7.2476159495016033 5.6447201214149914 -0.96197670719476602 2.2938131464815976 7.2662802933749635 4.5950447547114051 -4.3101253063056015 -4.9839973364931947 -6.4401597549549727 5.4854795337155311 -0.22226902822317923 0.59767865092798267
leaf_weight=4784 96 430 1650 20 55 186 54 95 97 3472 75 29 284 80 100 28 150 36 68 511 342 42 235 56 284 21 25 58 122 95 426 37 1159 39 28 71 61 175 115 32 50 49 83 20
leaf_count=4784 96 430 1650 20 55 186 54 95 97 3472 75 29 284 80 100 28 150 36 68 511 342 42 235 56 284 21 25 58 122 95 426 37 1159 39 28 71 61 175 115 32 50 49 83 20
internal_value=-0.000151459 -0.012303 0.0117415 -0.0138927 -0.00557533 -0.00745848 0.00635231 0.00152935 0.00107498 0.013345 0.0118556 -0.000871828 -0.0141404 -0.0043099 -0.00200536 0.00843379 0.013048 -0.00971184 -0.0032696 0.00909634 0.00805696 0.00929993 0.0119524 -0.00103448 0.000622069 0.00579686 -0.00877386 -0.00285836 -0.000483065 0.00960125 0.00796282 -0.0111187 -0.0144187 0.00568282 0.00432975 0.00648405 0.00486017 0.00322671 -0.00532372 -0.00702738 -0.000856423 0.00133199 -0.00323197 -0.00305613
internal_weight=15925 7877 8048 6371 1506 1174 1846 557 332 6202 2730 461 6252 744 522 1289 2077 222 366 1205 653 427 277 84 405 121 309 235 180 1151 640 117 5943 68 214 166 311 250 298 230 119 99 115 48
internal_count=15925 7877 8048 6371 1506 1174 1846 557 332 6202 2730 461 6252 744 522 1289 2077 222 366 1205 653 427 277 84 405 121 309 235 180 1151 640 117 5943 68 214 166 311 250 298 230 119 99 115 48
is_linear=0
shrinkage=0.03


Tree=7
num_leaves=45
num_cat=0
split_feature=21 21 22 31 22 22 20 14 16 21 20 6 16 6 14 20 14 21 33 33 31 18 13 21 15 15 23 16 25 16 27 29 21 29 15 33 14 11 27 15 14 16 32 11
split_gain=2664.46 110.2 45.9165 18.3281 18.0478 16.7012 12.0148 11.8302 8.44452 8.43839 8.11269 8.081 7.17446 7.00963 6.737 6.11258 5.34262 5.16319 4.76861 4.64897 4.56481 4.49634 4.45607 4.20366 5.53997 4.72215 4.19578 6.33636 3.87109 3.72093 4.14187 3.59178 3.47585 3.4215 3.2245 2.95875 3.27597 3.11889 2.76589 2.56679 2.47556 2.89673 2.39807 2.66757
threshold=1545.5000000000002 1771.5000000000002 1350.5000000000002 0.099999999999982256 1593.0000000000002 1690.5000000000002 20.553571428571434 -0.97113884758256674 0.94704596667653973 2200.3500000000004 24.196428571428577 9.5000000000000018 0.039769539193789977 10.500000000000002 0.82899317702918729 22.267857142857149 0.8697513045430848 1235.9300000000001 3.8950000000000005 3.2950000000000004 25.400000000000009 61.650000000000013 1636.2840196576853 1590.5000000000002 -0.97315270831292444 -0.79382744783423187 1410.5000000000002 -0.083761810613583024 22.875000000000004 0.89404822654372251 24.175000000000004 23.575000000000006 1410.5000000000002 22.825000000000006 0.94636490295939868 6.285000000000001 0.88220160189607266 239.29459827146619 21.675000000000001 0.79773375822167203 -0.96689237009891416 -0.63920832810365547 168.25000000000003 87.457472658442896
decision_type=2 2 2 2 2 2 2 2 2 2 2 2 2 2 2 2 2 2 2 2 2 2 2 2 2 2 2 2 2 2 2 2 2 2 2 2 2 2 2 2 2 2 2 2
left_child=2 3 11 6 31 7 -2 -4 12 13 15 17 32 14 -6 -5 26 -1 -7 42 -13 34 38 24 -12 -26 -8 28 -28 40 -31 -3 -9 -24 -21 36 37 -16 -15 -25 -19 -42 -17 -44
right_child=1 4 5 10 9 18 16 8 -10 -11 23 20 -14 22 35 19 -18 29 -20 21 -22 -23 33 39 25 -27 27 -29 -30 30 -32 -33 -34 -35 -36 -37 -38 -39 -40 -41 41 -43 43 -45
leaf_value=-15.434984946564157 3.3622037991689568 -0.12979762695702787 2.6441119700881539 4.7377257253060234 8.7312143121382686 3.0499148749595335 -2.7455245802459238 -4.9660878465309635 0.43478350826981793 37.78810699978871 -0.74479399774172861 -11.67354082947667 -4.5290150657394657 3.9976770297325128 1.4685600395949767 -0.22647265576109474 -1.8486484176151587 -2.7634870248665537 -4.874969102964446 0.6057988074867876 0.87800495926365096 -1.9543552967435061 7.0482918845737119 2.3749987520871492 2.025526812012997 -0.62744733820550891 -1.4007198053109016 3.8985499884566002 4.2394122436837209 -7.190557136529546 -0.39311088246560189 8.3836654726237203 -2.0280978516193202 4.1239318071919868 -1.8319329045738162 7.1307934684423673 -0.75340274976370658 13.212777295740336 -1.1077215238954046 -0.024486933192463312 -4.9049849465641566 -6.2657159517076604 0.3517374421829868 6.8326626607626162
leaf_weight=4810 88 104 53 112 1480 117 57 227 39 4113 23 270 669 71 39 29 167 33 116 94 25 25 375 637 58 49 102 85 20 66 48 55 196 92 55 112 43 37 34 21 187 764 83 45
leaf_count=4810 88 104 53 112 1480 117 57 227 39 4113 23 270 669 71 39 29 167 33 116 94 25 25 375 637 58 49 102 85 20 66 48 55 196 92 55 112 43 37 34 21 187 764 83 45
internal_value=-0.000247534 0.0115064 -0.0130585 0.00481515 0.0132922 -0.00818009 8.09093e-05 -0.00962503 -0.010275 0.0135406 0.00680855 -0.0141723 -0.0107655 0.0120678 0.0130337 0.00354773 -0.00197634 -0.0144153 -0.000823681 0.00148596 -0.00929177 -0.00187823 0.00917147 0.00863723 0.00366641 0.00655462 0.000670201 0.00266538 -0.00169533 -0.0125371 -0.00733567 0.00328096 -0.00768613 0.0104303 8.04829e-05 0.0082302 0.00488665 0.00863338 0.00353949 0.00961404 -0.0131359 -0.0134181 0.00523234 0.00700234
internal_weight=15925 8305 7620 1750 6555 1417 519 1184 1131 6396 1231 6203 1092 2283 1711 443 431 5908 233 331 295 174 572 788 130 107 264 207 122 1098 114 159 423 467 149 231 119 76 105 658 984 951 157 128
internal_count=15925 8305 7620 1750 6555 1417 519 1184 1131 6396 1231 6203 1092 2283 1711 443 431 5908 233 331 295 174 572 788 130 107 264 207 122 1098 114 159 423 467 149 231 119 76 105 658 984 951 157 128
is_linear=0
shrinkage=0.03


Tree=8
num_leaves=45
num_cat=1
split_feature=21 21 22 22 22 31 14 20 21 6 17 21 6 14 14 20 13 21 12 14 17 0 23 16 16 31 16 16 27 25 30 14 12 27 16 14 12 14 13 19 14 21 25 25
split_gain=2616.25 112.916 47.6432 18.2621 16.5178 15.6672 11.5288 10.0294 9.7527 9.66422 8.2319 7.74889 7.68793 7.30571 6.8888 5.77098 5.14201 5.11736 5.03842 5.02209 4.5255 4.51759 4.33544 5.53133 4.29447 4.19342 3.82238 3.68111 4.14187 3.60888 3.37386 3.20922 3.12271 2.86271 2.61482 2.97049 2.56945 2.51334 2.4173 2.46359 2.36143 2.51261 2.32739 4.08699
threshold=1545.5000000000002 1750.5000000000002 1350.5000000000002 1593.0000000000002 1690.5000000000002 0.099999999999982256 -0.97113884758256674 20.553571428571434 2200.3500000000004 9.5000000000000018 -0.62588708731544751 1645.5000000000002 10.500000000000002 0.78857998149907527 0.82899317702918729 24.025000000000006 1636.2840196576853 1235.9300000000001 1987.7000000000003 0.8697513045430848 0.86762559983340215 0 1410.5000000000002 -0.083761810613583024 0.28313881758084386 25.400000000000009 -0.93197223986804445 0.89404822654372251 24.175000000000004 22.875000000000004 0.35000000000000003 0.88220160189607266 2264.0166666666669 25.075000000000006 -0.63920832810365547 -0.96689237009891416 1303.7833333333335 0.81925054981890411 1713.3184175702213 12.450000000000003 -0.59869031648930193 1700.5000000000002 26.075000000000006 24.525000000000002
decision_type=2 2 2 2 2 2 2 2 2 2 2 2 2 2 2 2 2 2 2 2 2 9 2 2 2 2 2 2 2 2 2 2 2 2 2 2 2 2 2 2 2 2 2 2
left_child=2 5 9 30 6 7 -4 -2 12 17 -8 15 14 32 -5 18 -14 -1 -7 22 26 40 -9 29 -22 38 -17 34 -29 -24 -3 -6 -12 -15 -19 -36 -30 -10 -11 -40 -13 -42 43 -16
right_child=1 3 4 8 31 11 10 19 37 25 13 21 16 33 42 20 -18 27 -20 -21 24 -23 23 -25 -26 -27 -28 28 36 -31 -32 -33 -34 -35 35 -37 -38 -39 39 -41 41 -43 -44 -45
leaf_value=-14.971935398167233 3.0772290722927824 2.8833073003474645 2.5647886109855063 8.3287832448617678 0.30396652261745771 -0.82277184104580547 -4.8302173945587787 -2.6631588428385453 39.654463789795052 -11.497432932260867 -3.4649113569768653 2.5163769070870159 2.5012262596191905 3.0357455057750782 5.3563503876824168 -0.16324892988543524 6.5270131058940022 -4.7578353981672326 6.9269373084929704 -1.8079277973373449 1.1839031144413956 2.798279883045359 -0.93278661407737551 3.9180062411484036 -0.72245017780947818 0.85166481048573817 1.5074971085174889 -6.9748404224336582 1.3279565081069233 4.1122298763732079 7.6830629890396471 -8.4291200307732392 0.22912795145981135 -1.4483260325023013 -2.6805824141205536 -6.077744473156427 -4.7139938100555776 12.654463789795054 3.17363390693263 -10.26848867813387 -0.029169372949838814 2.8309371521859679 9.1198430656501515 1.3568711323014577
leaf_weight=4810 80 135 53 1524 206 107 407 57 3940 226 629 62 106 26 63 40 477 187 25 166 23 498 98 80 39 25 229 66 28 20 32 27 29 40 33 764 20 173 20 24 107 50 98 76
leaf_count=4810 80 135 53 1524 206 107 407 57 3940 226 629 62 106 26 63 40 477 187 25 166 23 498 98 80 39 25 229 66 28 20 32 27 29 40 33 764 20 173 20 24 107 50 98 76
internal_value=-0.00028521 0.0113619 -0.0129798 0.0131243 -0.00801073 0.00441497 -0.00944768 -2.39473e-05 0.0133778 -0.0141142 -0.0100893 0.00630201 0.0118242 -0.00815771 0.012817 0.00326495 0.00881838 -0.0143797 -0.0020212 -0.00188079 0.00538206 0.00825826 0.000752646 0.00286219 -0.00188406 -0.00878346 0.007068 -0.0125098 -0.00733567 -0.00124471 0.00330341 -0.000694981 -0.0091126 0.00131619 -0.0131054 -0.0138653 -0.000561331 0.0142622 -0.00987412 -0.00333333 0.00398079 0.00217696 0.00802193 0.00547807
internal_weight=15925 8305 7620 6624 1417 1681 1184 501 6457 6203 1131 1180 2344 724 1761 463 583 5908 132 421 331 717 255 198 62 295 269 1098 114 118 167 233 658 66 984 797 48 4113 270 44 219 157 237 139
internal_count=15925 8305 7620 6624 1417 1681 1184 501 6457 6203 1131 1180 2344 724 1761 463 583 5908 132 421 331 717 255 198 62 295 269 1098 114 118 167 233 658 66 984 797 48 4113 270 44 219 157 237 139
cat_boundaries=0 1
cat_threshold=3692544
is_linear=0
shrinkage=0.03


Tree=9
num_leaves=45
num_cat=0
split_feature=21 21 7 21 21 21 31 31 21 7 16 15 20 16 14 33 13 11 20 16 12 7 17 7 16 24 23 16 33 12 25 7 13 12 13 7 31 7 31 14 20 15 17 16
split_gain=2577.02 110.776 49.0018 21.6247 19.3496 13.329 10.6312 10.4839 10.0791 10.5981 7.8093 7.51139 6.94183 6.50477 6.01148 5.89116 5.56074 4.57761 4.49348 8.36351 4.21862 4.20772 4.14903 5.20618 4.64448 4.10037 3.78795 4.66225 3.53486 6.29381 3.38187 3.59588 3.30857 3.06796 2.85234 4.86656 2.75028 4.33296 3.71814 3.11708 2.74976 2.74935 2.73149 3.41471
threshold=1545.5000000000002 1800.5000000000002 260.50000000000006 1350.5000000000002 1670.5000000000002 1300.5000000000002 26.800000000000015 0.099999999999982256 2549.8300000000004 310.50000000000006 0.94704596667653973 0.20812153622207724 20.232142857142865 -0.68352903331423187 0.80417553764032002 3.7850000000000006 1778.7840861201321 462.52623463596893 23.93214285714286 0.40024370752619226 2847.6666666666674 346.50000000000006 0.86762559983340215 190.50000000000003 -0.91895236716066997 1235.9300000000001 1475.5000000000002 0.80417553764032002 3.5450000000000004 1753.3500000000001 26.025000000000002 66.500000000000014 1616.7650299954482 1743.2166666666669 1682.7023585171021 235.50000000000003 0.099999999999986697 60.500000000000007 2.9999999999999933 -0.59869031648930193 31.025000000000006 -0.73865259438682551 0.93992883619806145 0.3036948619824264
decision_type=2 2 2 2 2 2 2 2 2 2 2 2 2 2 2 2 2 2 2 2 2 2 2 2 2 2 2 2 2 2 2 2 2 2 2 2 2 2 2 2 2 2 2 2
left_child=2 4 3 26 7 17 28 15 9 14 13 -6 -13 40 42 -2 20 -4 19 -9 32 -10 24 -24 41 -14 -1 -28 29 -7 -16 -32 -11 -25 -21 -36 37 -27 -38 -40 -5 -20 -3 -44
right_child=1 8 5 10 11 6 -8 18 21 16 -12 12 25 -15 30 -17 -18 -19 22 34 -22 -23 23 33 -26 36 27 -29 -30 -31 31 -33 -34 -35 35 -37 38 -39 39 -41 -42 -43 43 -45
leaf_value=-13.022777336222216 0.93976452518068065 11.078919747515913 -9.3290971336428576 -1.8985649837606069 2.940676534099814 -4.6256891591080667 3.2404283677157708 4.1411340196747597 47.464829876101199 -1.4182711479469321 0.50122065209170041 5.4931027493786218 -2.0691464752997626 -3.7039071127925558 4.3221890027509859 -1.8278358402952017 7.6088883461470074 -0.17790563146880572 2.7137483661351482 -2.2841563317097404 6.689849749625612 12.994829876101202 1.387745565025998 -1.3051291338419764 1.5126004104717321 4.2668788062594558 -6.5449813031944455 1.8748134310997466 -3.3689901507419049 5.7711420222133594 12.208237260151781 0.84558568796915545 3.528974621389418 0.48119322104905676 0.69024642744459586 -1.8710414826098303 3.8195922116946175 0.37255898391541903 7.3403715626990493 -0.17801456675351573 0.23389747565779997 -0.6519595751657743 7.8626964974314353 2.2468420404846596
leaf_weight=5707 107 1574 406 157 481 39 78 77 3089 31 44 114 39 760 182 208 439 44 22 36 112 115 52 37 356 65 118 27 178 37 187 28 147 21 40 21 116 203 40 55 25 40 224 47
leaf_count=5707 107 1574 406 157 481 39 78 77 3089 31 44 114 39 760 182 208 439 44 22 36 112 115 52 37 356 65 118 27 178 37 187 28 147 21 40 21 116 203 40 55 25 40 224 47
internal_value=-0.00034926 0.0112102 -0.0129483 -0.0137622 0.0053082 -0.00582662 -0.00125565 0.00231246 0.0132455 0.0119794 -0.00964101 0.0080424 0.0058804 -0.0102187 0.0130043 -0.00222786 0.00882184 -0.00919129 0.00435408 0.000155083 0.00557394 0.0144181 0.00573187 0.000517711 0.00709639 0.0043949 -0.0144558 -0.00959338 -0.00423849 0.00114323 0.00962478 0.0121897 0.00267827 -0.00562823 -0.00568486 -0.00166939 0.00515967 0.00312197 0.00773093 0.00328076 -0.00509061 -0.000434783 0.0137293 0.010889
internal_weight=15925 8305 7620 6838 2130 782 332 1017 6175 2971 986 1113 632 942 2242 315 729 450 702 174 290 3204 528 110 418 518 5852 145 254 76 397 215 178 58 97 61 479 268 211 95 182 62 1845 271
internal_count=15925 8305 7620 6838 2130 782 332 1017 6175 2971 986 1113 632 942 2242 315 729 450 702 174 290 3204 528 110 418 518 5852 145 254 76 397 215 178 58 97 61 479 268 211 95 182 62 1845 271
is_linear=0
shrinkage=0.03


Tree=10
num_leaves=45
num_cat=0
split_feature=21 21 21 22 22 33 7 7 31 7 17 13 14 17 20 20 13 14 33 21 20 10 23 7 33 7 21 7 7 10 13 31 17 7 21 17 33 14 17 10 11 33 10 21
split_gain=2551.25 91.7045 66.4552 22.179 19.3535 15.5312 14.1737 12.3819 12.396 9.88295 9.34502 9.27605 8.13519 7.22544 7.20019 6.60905 8.77452 5.93474 5.39631 5.14791 4.66117 4.47231 4.45052 4.36098 4.28132 4.06027 4.03343 3.77486 3.61166 3.48425 3.42733 3.33129 3.31174 6.66186 3.2251 3.17071 3.04728 3.04552 2.93343 2.91484 2.74647 2.64707 2.64694 2.6447
threshold=1550.5000000000002 1749.7900000000002 1353.0000000000002 1677.5000000000002 2200.3500000000004 5.8850000000000007 306.50000000000006 260.50000000000006 25.999999999999996 258.50000000000006 -0.51297720034420879 1778.7840861201321 0.80417553764032002 0.7912140244565844 23.88571428571429 23.93214285714286 1789.8125000000002 0.88220160189607266 6.4150000000000009 1251.1550000000002 22.496428571428577 1600.0714285714287 1410.5000000000002 127.50000000000001 2.9400000000000008 343.50000000000006 1545.5000000000002 10.500000000000002 328.50000000000006 1726.3571428571429 1939.2922452459272 25.400000000000009 0.86762559983340215 192.50000000000003 1235.9300000000001 0.86762559983340215 6.2650000000000006 0.92602006027323147 0.86113879051459274 1971.5714285714287 54.149264603879892 3.7850000000000006 2192.928571428572 1651.5000000000002
decision_type=2 2 2 2 2 2 2 2 2 2 2 2 2 2 2 2 2 2 2 2 2 2 2 2 2 2 2 2 2 2 2 2 2 2 2 2 2 2 2 2 2 2 2 2
left_child=2 5 3 9 6 15 12 10 -9 34 -4 25 22 14 -12 16 27 20 -7 -11 38 -15 -3 -16 -25 42 -26 -2 30 -18 32 -21 -17 -34 -1 -24 -19 -20 -6 -27 -29 -42 -8 -39
right_child=1 4 7 -5 17 18 11 8 -10 19 13 -13 -14 21 23 28 29 36 37 31 -22 -23 35 24 26 39 -28 40 -30 -31 -32 -33 33 -35 -36 -37 -38 43 -40 -41 41 -43 -44 -45
leaf_value=-14.132094016135552 3.5360469373806698 4.7150217462369346 -3.8241936593382366 -0.93596106219883146 18.325468125668607 -3.6816403966749371 -2.1842063734718589 -2.4219069506977791 2.85208558200075 -10.716972866427163 -4.6496112443883701 7.0707138235088243 4.4613239769029747 -3.5894803499041528 3.3956398573121942 2.6261111905310055 0.27059673338324952 -1.0077876455188686 2.5414455358079997 -3.6823898441117149 38.555884979818167 -0.57867209294426059 9.0036192671503557 2.1598262890793332 -1.7429560366303041 2.8894296908095973 0.38116497535255006 -1.380735320575518 -1.2685702767680993 6.3079318807695701 -0.31725452798227249 2.6703022733428337 1.4626310994935079 -0.55548784544426322 -5.61017138367197 4.0741741550904296 12.539918355876088 -1.6456699922125562 5.0899849798181664 5.4443552262940846 0.85214599017078851 -0.84954713436533436 1.9868961020008282 1.3543300077874436
leaf_weight=4868 37 48 451 106 618 46 77 234 79 372 75 397 284 172 34 424 37 24 64 69 3302 42 1283 35 202 127 54 43 28 101 35 22 109 40 1078 404 37 51 136 88 149 121 28 23
leaf_count=4868 37 48 451 106 618 46 77 234 79 372 75 397 284 172 34 424 37 24 64 69 3302 42 1283 35 202 127 54 43 28 101 35 22 109 40 1078 404 37 51 136 88 149 121 28 23
internal_value=-0.000466984 0.0112941 -0.0126277 -0.0138942 0.0126836 0.00401116 0.0107222 -0.0066374 -0.00137975 -0.0141193 -0.00817951 0.00708688 0.0120113 -0.00575965 -0.00336666 0.00533493 0.00269822 0.0139861 -0.00405758 -0.0098726 0.0141261 -0.0102149 0.0127843 -0.0014211 -0.00261766 0.00327085 -0.00397111 0.000162811 0.00735262 0.0091021 0.00783917 -0.00342481 0.00839644 0.00450704 -0.0144493 0.0130413 0.00461538 -0.00106445 0.0119706 0.00563459 -0.000900671 0.000211033 -0.00154139 -0.00522267
internal_weight=16054 8161 7893 6515 6853 1308 2736 1378 313 6409 1065 717 2019 614 400 1124 488 4117 184 463 4056 214 1735 325 291 320 256 350 636 138 608 91 573 149 5946 1687 61 138 754 215 313 270 105 74
internal_count=16054 8161 7893 6515 6853 1308 2736 1378 313 6409 1065 717 2019 614 400 1124 488 4117 184 463 4056 214 1735 325 291 320 256 350 636 138 608 91 573 149 5946 1687 61 138 754 215 313 270 105 74
is_linear=0
shrinkage=0.03


Tree=11
num_leaves=45
num_cat=0
split_feature=21 21 21 22 14 22 7 31 25 7 21 17 14 15 20 15 7 12 21 22 20 12 17 14 25 11 21 13 11 13 27 23 7 12 21 12 31 31 23 11 11 22 13 24
split_gain=2514.84 95.7496 68.7583 22.3307 17.8193 15.935 11.8715 12.8805 10.8018 10.2419 10.2338 9.11335 7.84971 8.37869 7.41439 8.21066 7.32579 6.67437 5.24907 4.53944 4.5006 6.15837 4.30968 4.5109 4.19262 3.89249 3.63319 3.51177 3.43138 3.43028 4.53971 3.27966 3.29138 3.22033 2.89228 2.84142 2.81162 2.68449 2.57092 2.54846 2.37392 2.37176 2.31239 2.98278
threshold=1550.5000000000002 1800.5000000000002 1350.5000000000002 1677.5000000000002 0.67167992559793654 1776.5050000000003 260.50000000000006 25.999999999999996 24.075000000000006 258.50000000000006 1690.5000000000002 -0.54220090575550783 0.81925054981890411 0.94353349168649059 24.025000000000006 -0.95998493203694346 313.50000000000006 1877.3500000000001 1251.1550000000002 1200.5000000000002 24.046428571428578 1807.9333333333336 0.86762559983340215 -0.11692013674435776 26.075000000000006 116.9126650681582 1235.9300000000001 1685.765550564922 312.61047453110206 1819.0405269642035 30.075000000000006 1898.6550000000002 306.50000000000006 1761.9666666666669 1651.5000000000002 2056.5000000000005 52.350000000000023 25.400000000000009 1377.5000000000002 439.15503282684102 399.85113507426132 2077.3450000000007 1742.4378493674612 1627.5000000000002
decision_type=2 2 2 2 2 2 2 2 2 2 2 2 2 2 2 2 2 2 2 2 2 2 2 2 2 2 2 2 2 2 2 2 2 2 2 2 2 2 2 2 2 2 2 2
left_child=2 4 3 9 10 19 11 35 -6 26 20 -4 13 31 33 -16 -12 -18 -11 -3 21 -2 -22 -24 40 34 -1 -15 -19 30 36 32 -7 -13 -10 -8 -17 -20 -31 -29 -14 -27 43 -23
right_child=1 5 6 -5 8 12 7 -9 25 18 16 14 24 27 15 29 17 28 37 -21 22 42 23 -25 -26 41 -28 39 -30 38 -32 -33 -34 -35 -36 -37 -38 -39 -40 -41 -42 -43 -44 -45
leaf_value=-13.708131195651482 -0.43257758482632425 -8.7926528645078079 -3.7094678495580862 -0.43077518267348297 2.9522578254033807 7.4764435770759246 -3.174194428436949 2.7210763152644288 -0.32568113221494283 -10.39546368043435 3.3295024658782881 -4.0775727087779927 1.2011922889995481 1.9201905553493361 -3.1869388866111317 0.93336880331406169 -1.9389751728134945 2.9528710619712002 -4.8813759901523754 6.7441159113301525 1.6397671501058653 2.0278283072955174 -0.53882321008093415 1.3860489149300406 10.259166100023558 -2.2862467269967568 -5.4838669442005834 8.352532460036155 5.5086425611316026 -2.2921085007853685 -1.6033708434058234 29.884208430423623 4.3413768540892352 -0.28678404236758182 1.9265221555711036 0.084765973002906767 -0.82495751004688034 2.7240753673171594 -0.52646573259534424 4.952285430423621 9.7051439896152232 0.73877567909649999 6.2138979853416227 -0.13113183165488179
leaf_weight=4868 206 36 445 105 58 306 175 80 54 372 617 174 109 105 94 150 78 99 64 315 271 21 50 54 187 162 1053 513 95 45 67 4387 69 28 36 64 44 21 44 127 55 21 77 53
leaf_count=4868 206 36 445 105 58 306 175 80 54 372 617 174 109 105 94 150 78 99 64 315 271 21 50 54 187 162 1053 513 95 45 67 4387 69 28 36 64 44 21 44 127 55 21 77 53
internal_value=-0.00048567 0.0111911 -0.0125593 -0.0138656 0.00539265 0.0130135 -0.0065506 -0.00144782 -0.000942314 -0.0140915 0.00668805 -0.00803959 0.0133861 0.0136645 -0.00575298 -0.00357352 0.0088539 0.00472988 -0.00973966 0.00678439 0.00405273 0.0016298 0.00635031 0.00112392 0.00900598 -0.00344929 -0.0144267 0.0106858 0.00771252 -0.00144816 0.000275756 0.0141297 0.011389 -0.0105245 0.00163152 -0.00494354 0.00261206 -0.00296122 -0.00653199 0.0115248 0.00546618 -0.00596395 0.00623428 0.00238866
internal_weight=16054 8161 7893 6483 1952 6209 1410 319 331 6378 1621 1091 5858 5507 646 444 889 272 457 351 732 357 375 104 351 273 5921 745 194 350 261 4762 375 202 90 239 194 85 89 640 164 183 151 74
internal_count=16054 8161 7893 6483 1952 6209 1410 319 331 6378 1621 1091 5858 5507 646 444 889 272 457 351 732 357 375 104 351 273 5921 745 194 350 261 4762 375 202 90 239 194 85 89 640 164 183 151 74
is_linear=0
shrinkage=0.03


Tree=12
num_leaves=45
num_cat=0
split_feature=21 21 22 14 22 14 21 22 21 25 21 7 17 33 14 7 7 33 31 6 24 22 22 12 23 12 29 33 17 25 15 11 12 25 14 27 13 7 7 7 33 13 31 21
split_gain=2462.06 92.2805 69.088 16.7327 16.0204 15.205 12.8378 12.1987 10.7677 9.55625 9.12765 11.8923 8.35528 7.03885 6.97839 6.93534 6.8717 6.83473 5.69318 5.48019 4.58314 4.38662 4.19548 4.27624 3.81461 3.84176 3.85841 3.79565 3.78359 3.67761 4.55518 3.65131 3.51142 3.23175 3.20769 3.02834 2.95572 2.95223 2.76344 5.59318 2.69016 2.60255 3.01034 2.96404
threshold=1550.5000000000002 1800.5000000000002 1350.5000000000002 0.67167992559793654 1776.5050000000003 0.90162119223771331 1347.5000000000002 1690.5000000000002 1690.5000000000002 24.075000000000006 2700.5000000000005 306.50000000000006 -0.88918525430897799 5.0250000000000012 0.80417553764032002 313.50000000000006 268.50000000000006 3.8950000000000005 28.199999999999999 7.5000000000000009 1690.5000000000002 1200.5000000000002 1527.2400000000002 1997.8333333333337 1397.5000000000002 1924.1833333333336 24.025000000000002 4.285000000000001 0.7912140244565844 25.125000000000004 0.42763731121559989 399.85113507426132 2659.3166666666671 20.475000000000005 -0.50556189049999822 25.075000000000006 1682.7023585171021 346.50000000000006 234.50000000000003 247.50000000000003 7.4450000000000012 1570.0565577054913 15.799999999999978 2077.3450000000007
decision_type=2 2 2 2 2 2 2 2 2 2 2 2 2 2 2 2 2 2 2 2 2 2 2 2 2 2 2 2 2 2 2 2 2 2 2 2 2 2 2 2 2 2 2 2
left_child=2 3 6 8 21 7 16 12 28 -5 11 14 18 22 -6 -10 -1 20 -4 -8 -17 -3 23 -14 -11 26 -26 41 38 31 -31 -16 -19 -24 -9 -15 -28 -12 -2 -40 -37 -13 -43 -44
right_child=1 4 5 9 10 -7 19 34 15 24 37 27 13 35 29 17 -18 32 -20 -21 -22 -23 33 -25 25 -27 36 -29 -30 30 -32 -33 -34 -35 -36 40 -38 -39 39 -41 -42 42 43 -45
leaf_value=-11.796887259781938 1.3866368573059491 -8.5288732785725738 -1.682449688746775 2.8636900906412777 10.579259481368474 -4.6128239552709234 -3.4968549110600802 -7.52277223751204 3.2296173919019404 -4.4489036060613785 48.487682177510912 1.8625848386888559 -3.706891431792668 2.1513901780029321 0.072032371382975954 -1.8912099399875455 -9.220231325807088 -2.6890952809785791 3.7234372447065174 -1.6529246534697994 4.5388250044105778 6.5417924339902447 -6.7336191509502124 0.033294134498678428 2.6008311120786014 -2.4035979832972587 -0.84290624356338184 4.1789411928282822 0.50784084195715984 2.0704203534518659 10.551391117022851 9.9752005577720819 1.7408161110553533 -0.80562996292391853 2.3841391598211996 -1.764001845631193 0.56411815341212335 13.325648667691212 -1.9762672035607578 4.6887895964948134 0.43527032139634908 6.8202729290340285 -0.9179808029637524 6.7656905820512323
leaf_weight=5584 236 36 20 58 2012 378 328 27 617 23 2696 41 490 27 74 45 276 43 32 131 163 315 31 33 33 117 59 158 338 47 207 41 21 178 183 142 41 74 32 126 33 443 21 44
leaf_count=5584 236 36 20 58 2012 378 328 27 617 23 2696 41 490 27 74 45 276 43 32 131 163 315 31 33 33 117 59 158 338 47 207 41 21 178 183 142 41 74 32 126 33 443 21 44
internal_value=-0.000483802 0.0110698 -0.0124301 0.00537729 0.0128589 -0.00680198 -0.0138314 -0.0051392 0.00663253 -0.000761099 0.0132324 0.0121036 -0.00653788 -0.00719088 0.0131208 0.0088539 -0.0142108 0.00484013 0.00512476 -0.00897844 0.00748198 0.0066135 -0.00856031 -0.0100019 -0.00311974 -0.00202719 0.00144252 0.00867204 0.00392979 0.00929829 0.0113223 0.00479583 -0.00369735 -0.00493544 0.00141361 -0.00221178 -0.00146853 0.0144894 0.00592997 0.00282732 -0.00366648 0.00985613 0.0104448 0.0043318
internal_weight=16054 8161 7893 1952 6209 1574 6319 1196 1621 331 5858 3088 986 934 2381 889 5860 272 52 459 208 351 732 523 273 250 133 707 732 369 254 115 64 209 210 202 100 2770 394 158 175 549 508 65
internal_count=16054 8161 7893 1952 6209 1574 6319 1196 1621 331 5858 3088 986 934 2381 889 5860 272 52 459 208 351 732 523 273 250 133 707 732 369 254 115 64 209 210 202 100 2770 394 158 175 549 508 65
is_linear=0
shrinkage=0.03


Tree=13
num_leaves=45
num_cat=1
split_feature=22 22 10 14 22 17 31 11 6 14 33 20 33 22 12 20 19 11 13 14 25 14 22 23 17 14 24 0 14 10 10 14 25 15 13 33 6 17 11 17 25 29 6 10
split_gain=2271.45 135.823 66.233 28.1009 22.687 19.7955 18.8812 18.6884 17.8983 17.8322 12.3164 10.5888 10.0327 9.25049 9.01015 7.43537 8.62314 7.17639 7.06944 6.96631 6.83217 6.76578 5.79944 5.51586 5.0339 5.79787 5.0271 4.82778 4.56282 4.49056 4.17756 4.05182 4.25495 4.04339 4.32475 4.03653 3.91063 3.88351 3.81546 3.79136 4.12387 5.08488 3.41644 4.3114
threshold=1545.5000000000002 1776.5050000000003 1286.2857142857144 0.90162119223771331 2600.5000000000005 -0.88918525430897799 0.099999999999982256 155.39542104005139 10.500000000000002 0.84773968378660736 3.7650000000000001 22.496428571428577 7.4450000000000012 1151.5000000000002 1957.4333333333336 24.13214285714286 6.0999999999999996 123.96312670019627 1778.7840861201321 -0.97694226132849327 26.125000000000004 0.90162119223771331 1651.5000000000002 1545.5000000000002 0.84659964483890704 -0.099819732675876835 1275.4700000000003 0 0.57077594689671507 1576.4285714285718 1592.5714285714287 0.81925054981890411 21.575000000000006 -0.61236746317008228 1690.5877507056905 3.4150000000000005 11.500000000000002 -0.99531284698386135 67.259270913428551 0.92763104771667149 20.575000000000006 22.425000000000004 2.5000000000000004 1768.0714285714287
decision_type=2 2 2 2 2 2 2 2 2 2 2 2 2 2 2 2 2 2 2 2 2 2 2 2 2 2 2 9 2 2 2 2 2 2 2 2 2 2 2 2 2 2 2 2
left_child=2 6 13 5 8 -4 10 12 9 26 -2 14 23 -1 36 16 30 33 27 37 -11 -22 24 38 28 -26 -3 -10 -17 -30 -8 32 -6 34 -18 -19 -9 -15 -7 -28 41 -41 43 -12
right_child=1 4 3 -5 31 7 15 11 18 20 42 -13 -14 19 -16 22 17 35 -20 -21 21 -23 -24 -25 25 -27 39 -29 29 -31 -32 -33 -34 -35 -36 -37 -38 -39 -40 40 -42 -43 -44 -45
leaf_value=-14.442980641988481 2.9339605058980132 1.0123944853225839 4.7131542692773403 -4.9637178580567189 24.557185784538099 -3.8299042903260689 -1.2210218888810187 -9.1070126614263724 -0.11129429434445796 0.34163092824295516 -2.3728749038319812 2.1655088627063694 0.87164571192738316 -4.3527136927121139 1.7277764984205237 1.738425913818719 -1.0516312723989596 8.2223976686922846 6.3997520861277009 -5.850243179055842 10.114239220057611 0.61283563660658835 2.7174439928702623 -1.0309691841694575 -0.72939166616270312 1.3751197652193092 9.6484496683074497 3.8240282557754277 -1.4508399225017727 2.3405854901530971 5.1045838676634956 2.3794391737313232 45.533051712185589 -2.1327355400452075 0.44888402817934775 -0.2119355151901641 -2.60865907975833 0.81494098107771151 -3.2244317603040167 4.5196163705830692 4.6690828824049868 -1.4306557762854561 -2.2855878548626993 9.3730968000376524
leaf_weight=4453 198 33 66 600 328 331 20 118 126 163 24 185 41 24 115 253 22 83 542 1210 127 62 356 103 64 48 1793 284 35 40 88 36 2711 93 95 69 126 37 293 39 295 26 273 26
leaf_count=4453 198 33 66 600 328 331 20 118 126 163 24 185 41 24 115 253 22 83 542 1210 127 62 356 103 64 48 1793 284 35 40 88 36 2711 93 95 69 126 37 293 39 295 26 273 26
internal_value=-0.000506226 0.01033 -0.0122573 -0.00752085 0.0123261 -0.0051571 0.0029948 -0.00596525 0.0106665 0.0119842 -0.00180771 -0.00170373 -0.0089793 -0.0138934 -0.00471178 0.00497354 0.00197192 -0.000240265 0.00714946 -0.0116214 0.00570009 0.00958223 0.00674162 -0.00979508 0.00442399 -0.00104371 0.0129944 0.0041624 0.00629991 -0.000159787 0.00940796 0.0142083 0.0143273 -0.00384103 -0.000102477 0.004714 -0.00797624 -0.00166939 -0.0108588 0.0131726 0.0103221 0.00341014 -0.00542247 0.00173653
internal_weight=16054 8352 7702 1978 6565 1378 1787 1312 3490 2538 521 544 768 5724 359 1266 470 362 952 1271 352 189 796 727 440 112 2186 410 328 75 108 3075 3039 210 117 152 244 61 624 2153 360 65 323 50
internal_count=16054 8352 7702 1978 6565 1378 1787 1312 3490 2538 521 544 768 5724 359 1266 470 362 952 1271 352 189 796 727 440 112 2186 410 328 75 108 3075 3039 210 117 152 244 61 624 2153 360 65 323 50
cat_boundaries=0 1
cat_threshold=3158017
is_linear=0
shrinkage=0.03


Tree=14
num_leaves=45
num_cat=0
split_feature=21 21 21 7 21 7 7 21 16 16 31 7 33 31 20 23 33 33 19 16 13 17 7 13 13 20 20 33 13 11 19 20 23 17 10 7 20 10 17 13 11 33 11 23
split_gain=2369.42 99.5755 67.0943 21.121 16.0415 18.4387 14.8373 14.6142 14.0899 15.2158 11.2349 9.98289 7.18377 7.08539 8.51996 6.01039 5.24175 5.22285 4.43549 9.02154 4.2244 4.20874 3.97591 3.93981 3.51811 3.38283 3.37955 5.39658 3.50034 3.45928 3.36906 3.32306 3.29131 3.28895 3.28432 3.05131 3.01375 3.54052 3.72172 2.97203 2.91154 2.78481 3.24606 2.67733
threshold=1550.5000000000002 1800.5000000000002 1277.5000000000002 260.50000000000006 2700.5000000000005 310.50000000000006 268.50000000000006 1670.5000000000002 -0.83789107429055565 0.90892735371523092 25.400000000000009 229.50000000000003 5.8850000000000007 0.19999999999998672 20.553571428571434 1527.2400000000002 5.4850000000000012 4.5850000000000009 80.850000000000009 -0.94388905186573491 1773.1609523514423 -0.59350570164704342 345.50000000000006 1714.8010801203175 1621.5895813339732 29.696428571428577 23.775000000000006 3.7550000000000003 1697.2320496293607 170.43362064931426 4.0499999999999936 24.553571428571434 1545.5000000000002 0.91423533665985768 1422.5714285714287 59.500000000000007 24.153571428571432 1747.214285714286 -0.91597566659893348 1716.113718820862 276.36565410670818 3.6550000000000007 112.21535338628762 1410.5000000000002
decision_type=2 2 2 2 2 2 2 2 2 2 2 2 2 2 2 2 2 2 2 2 2 2 2 2 2 2 2 2 2 2 2 2 2 2 2 2 2 2 2 2 2 2 2 2
left_child=2 7 6 8 5 16 32 12 18 15 -5 24 26 14 -9 -10 33 20 19 -4 39 -17 -6 -8 -11 -14 27 -2 -28 -29 -23 -32 -1 43 -16 -36 37 38 -15 -7 -25 -37 -43 -3
right_child=1 4 3 10 22 17 23 13 9 11 -12 -13 25 36 34 21 -18 -19 -20 -21 -22 30 -24 40 -26 -27 28 29 -30 -31 31 -33 -34 -35 35 41 -38 -39 -40 -41 -42 42 -44 -45
leaf_value=-12.086045536582196 0.81443977892173502 6.8388044510789312 -1.5803281950027188 -2.5177865970709434 45.667060160820022 4.4693622945798701 -10.453330382517448 4.7724889996032527 -3.7657181583993427 2.8050269665416772 2.5021904380559747 -4.2025343819996372 -1.6206657474442772 10.085933498801461 -2.4951148207981726 -4.525839026875242 7.1700523766244055 -0.071810880286964224 -3.7352748113492131 1.1937286835249166 6.7360108722598353 0.75679271185475039 13.128030459609045 -6.9384327408263466 -0.33549316606844737 0.95707722836172471 1.8130270180526895 -1.9903967314560305 0.57074005129691385 0.6958201722917442 -5.72479617260983 -0.41227957249188418 -5.0194134365464675 6.4437909009599945 2.958501433331131 5.1392753015404367 2.7560335354002334 3.2693719867187041 0.10736208227883821 0.390912132766075 2.676236583444306 2.8486411545070904 -0.7740837023636572 10.47294099527336
leaf_weight=5315 176 24 121 318 2701 186 273 98 1100 53 97 38 89 24 20 144 518 75 27 84 480 54 92 43 52 41 185 47 255 49 46 47 38 366 70 30 457 121 110 87 43 35 145 1680
leaf_count=5315 176 24 121 318 2701 186 273 98 1100 53 97 38 89 24 20 144 518 75 27 84 480 54 92 43 52 41 185 47 255 49 46 47 38 366 70 30 457 121 110 87 43 35 145 1680
internal_value=-0.000551074 0.0107831 -0.0122705 -0.00779056 0.0126414 0.0112576 -0.0139803 0.00487014 -0.00922201 -0.0102647 -0.00169116 -0.000922432 0.00188457 0.00713179 0.00391108 -0.0112228 0.0125061 0.00735056 -0.00231366 -0.000789859 0.00810251 -0.0073583 0.0143325 -0.00805347 0.00382493 -0.00458878 0.0030712 0.000429989 0.00469666 -0.00527575 -0.00375255 -0.00721805 -0.0143771 0.0131863 0.00138954 0.00223849 0.00892712 0.00627989 0.00288591 0.00509703 -0.00240418 0.000414089 -0.000982787 0.0137474
internal_weight=16054 8161 7893 2181 6209 3416 5712 1952 1766 1534 415 143 842 1110 398 1391 2588 828 232 205 753 291 2793 359 105 130 712 272 440 96 147 93 5353 2070 300 280 712 255 134 273 86 210 180 1704
internal_count=16054 8161 7893 2181 6209 3416 5712 1952 1766 1534 415 143 842 1110 398 1391 2588 828 232 205 753 291 2793 359 105 130 712 272 440 96 147 93 5353 2070 300 280 712 255 134 273 86 210 180 1704
is_linear=0
shrinkage=0.03


Tree=15
num_leaves=45
num_cat=0
split_feature=21 21 22 21 14 22 21 22 20 14 6 22 14 13 14 16 31 20 17 25 23 16 14 17 29 27 32 15 21 20 20 15 11 23 14 16 6 29 31 14 13 6 33 17
split_gain=2352.34 118.454 57.3675 19.7996 16.8521 16.0504 14.9215 11.9146 9.27164 9.95569 9.2528 9.25151 8.99724 7.72589 6.75745 8.52537 6.51496 7.67493 6.32747 5.69882 4.6764 4.43831 4.03426 3.85788 3.99586 3.8477 3.80563 3.63792 3.53922 3.70641 5.78981 3.39672 3.37857 3.34534 3.35275 3.58823 3.32583 3.22758 3.19541 3.19265 3.10524 3.10259 3.09097 3.25371
threshold=1545.5000000000002 1852.6250000000002 1350.5000000000002 1645.5000000000002 0.90162119223771331 1717.5000000000002 1235.9300000000001 1677.5000000000002 22.496428571428577 0.81925054981890411 7.5000000000000009 1347.5000000000002 -0.97113884758256674 1757.0161384976529 -0.65234524191686594 0.91161058030431363 0.099999999999986697 20.553571428571434 0.011826363350393306 25.225000000000005 1451.5000000000002 -0.81862078084264434 0.91248814248966237 0.86113879051459274 22.425000000000004 30.775000000000002 69.950000000000017 -0.95998493203694346 1700.5000000000002 23.903571428571432 22.01071428571429 0.48877522411129348 393.43354090673296 1933.5750000000003 0.41398981800788198 0.94911049632748046 2.5000000000000004 23.025000000000002 28.700000000000014 -0.9954993026558282 1645.8481998559887 1.5000000000000002 2.2950000000000004 0.99530134160901229
decision_type=2 2 2 2 2 2 2 2 2 2 2 2 2 2 2 2 2 2 2 2 2 2 2 2 2 2 2 2 2 2 2 2 2 2 2 2 2 2 2 2 2 2 2 2
left_child=2 3 6 18 7 -3 20 12 13 -10 21 -5 38 26 -14 27 17 -13 40 32 39 -8 -21 -15 -25 28 37 -16 29 30 -18 -31 -11 34 35 42 -19 -7 -4 -1 -2 -29 -20 -44
right_child=1 5 4 11 -6 8 10 -9 9 19 -12 16 14 23 15 -17 25 36 33 22 -22 -23 -24 24 -26 -27 -28 41 -30 31 -32 -33 -34 -35 -36 -37 -38 -39 -40 -41 -42 -43 43 -45
leaf_value=-2.249458519923063 0.22051386254133376 6.4987368803388694 -1.1772147122642809 -2.857474490128876 -4.66495811018053 6.9463530499677741 -2.7465660036053805 1.4393295045885544 26.297048355995429 -0.19899588521094755 -2.5621039354041066 3.6391668813124758 -2.4808941425421311 12.807339719517554 -3.6012779824209393 1.9441424474345195 4.5292058076789221 3.0644505824068515 2.6604121621867622 10.140889973769646 -6.4220671462136165 -4.807641455610586 -0.38585199283254723 5.1435650080921524 2.7217582730185867 -0.2405248530770393 0.91997614456494603 -5.494876846204245 3.1493217432357334 2.1863499332335503 -0.21774936839380415 -1.1818210427426084 8.6115925736918442 5.4023856929530547 2.8793943261700994 1.3134001543413614 0.28232460618959521 0.23526305574090997 3.3952737861453235 -12.184700824175025 -1.4465590578397176 -1.6241594861929762 -0.18998404002007874 1.9365886070784653
leaf_weight=34 83 212 20 58 352 214 121 188 3954 74 231 146 171 744 82 40 40 98 25 195 67 830 21 249 52 22 90 115 612 331 75 21 51 28 55 48 303 32 35 5065 150 400 279 34
leaf_count=34 83 212 20 58 352 214 121 188 3954 74 231 146 171 744 82 40 40 98 25 195 67 830 21 249 52 22 90 115 612 331 75 21 51 28 55 48 303 32 35 5065 150 400 279 34
internal_value=-0.000612073 0.0104901 -0.0124953 0.00488227 -0.00700021 0.0127829 -0.0137091 -0.00509181 0.0130859 0.0137766 -0.0106565 0.0066274 -0.00658325 0.0109348 -0.00738399 -0.00595197 0.00704266 0.00435387 0.000636661 0.00883026 -0.0144068 -0.0119672 0.0117862 0.0122113 0.00930588 0.00837526 0.00695329 -0.00685312 0.00862941 0.00664098 0.00192876 0.00817097 0.00369305 0.00264762 0.00199955 0.00100233 0.00219895 0.00888663 0.00511797 -0.0145108 -0.00339768 -0.00590565 -7.9858e-05 -0.000900671
internal_weight=16047 8296 7751 2408 1403 5888 6348 1051 5676 4295 1182 1706 863 1381 808 637 1648 547 702 341 5166 951 216 1045 301 1101 336 597 1079 467 115 352 125 469 441 386 401 246 55 5099 233 515 338 313
internal_count=16047 8296 7751 2408 1403 5888 6348 1051 5676 4295 1182 1706 863 1381 808 637 1648 547 702 341 5166 951 216 1045 301 1101 336 597 1079 467 115 352 125 469 441 386 401 246 55 5099 233 515 338 313
is_linear=0
shrinkage=0.03


Tree=16
num_leaves=45
num_cat=2
split_feature=21 21 21 6 21 21 14 6 21 26 20 21 14 14 14 15 13 12 33 17 10 25 23 15 11 33 13 17 14 33 14 12 0 33 31 20 10 10 14 11 33 6 0 13
split_gain=2291.32 92.2948 72.9977 18.3714 14.9366 13.6268 13.6041 12.0446 10.3236 7.47151 7.80858 6.40212 5.98984 5.84677 5.37277 5.15093 5.06074 4.98286 5.52236 6.28809 4.85015 4.82929 4.41995 4.26429 4.13175 4.01061 3.50828 3.42845 3.80555 4.36997 3.41073 4.35609 3.17884 3.49305 4.22294 2.99182 4.93934 2.9797 2.87417 2.80605 3.8242 2.95308 3.30801 2.69684
threshold=1551.5000000000002 1898.6550000000002 1350.5000000000002 11.500000000000002 2650.5000000000005 1690.5000000000002 0.90162119223771331 10.500000000000002 1183.0000000000002 1.0000000180025095e-35 20.553571428571434 1492.0000000000002 -0.96689237009891416 0.81428061195174062 0.91248814248966237 0.94909129669788206 1701.8566468253969 1924.1833333333336 4.995000000000001 -0.88918525430897799 1442.4285714285718 25.225000000000005 1593.0000000000002 0.41202506375868281 372.4117025423331 3.8050000000000002 1778.7840861201321 0.92763104771667149 0.14250626876356556 3.4650000000000003 -0.8041866928211282 2581.3000000000006 0 3.1350000000000002 65.150000000000034 23.864285714285717 1813.1428571428573 1813.1428571428573 0.81925054981890411 115.47005383793642 4.1950000000000012 2.5000000000000004 1 1570.0565577054913
decision_type=2 2 2 2 2 2 2 2 2 2 2 2 2 2 2 2 2 2 2 2 2 2 2 2 2 2 2 2 2 2 2 2 9 2 2 2 2 2 2 2 2 2 9 2
left_child=2 5 3 8 7 14 11 13 22 10 -7 17 -10 27 32 38 -5 18 19 -4 -12 24 -1 -23 -15 -19 30 -3 37 -30 -9 -32 -2 -34 -35 36 -11 -29 -6 40 -22 -41 -43 -33
right_child=1 4 6 16 15 9 -8 26 12 35 20 -13 -14 21 -16 -17 -18 25 -20 -21 39 23 -24 -25 -26 -27 -28 28 29 -31 31 43 33 34 -36 -37 -38 -39 -40 41 -42 42 -44 -45
leaf_value=-13.281568831906112 0.40461534337065241 9.3698413147352966 1.4771808164905087 -7.3191597994497739 42.008136905315574 4.2294335961321528 -3.1310389247909121 14.046012794686369 -0.83420009066160439 0.040958529878625992 -2.3001361352882146 -0.41549729026107229 -4.642124408647395 -0.43932703964208031 -1.6108508293341162 11.904821834258659 -1.6031029947500188 4.0322108418575677 -0.73303409779618733 -3.4139420478186775 0.60702041130298767 -0.37427643304756886 -1.8151585697548103 9.7637769442333422 8.3532447964810856 -4.7257246942459563 7.0755475518188176 0.9735324626578995 3.1789905776544014 -0.61553312799390369 -0.16880293746856978 0.93560751483357762 1.5519535829590154 1.2435879031433068 -1.5341320949824306 2.860094253887778 4.4682065119681393 9.5298260974784821 3.1264783116894201 2.7371205172781732 4.7615497968287084 2.9670514597938071 -0.57513076485354298 6.3130202894544825
leaf_weight=4593 452 1480 37 201 2859 177 330 54 55 71 33 486 1558 63 54 105 100 42 125 383 55 25 21 198 45 36 428 39 24 41 127 36 81 254 21 550 50 176 20 102 78 110 183 89
leaf_count=4593 452 1480 37 201 2859 177 330 54 55 71 33 486 1558 63 54 105 100 42 125 383 55 25 21 198 45 36 428 39 24 41 127 36 81 254 21 550 50 176 20 102 78 110 183 89
internal_value=-0.000612073 0.0106443 -0.0120285 -0.0133771 0.0126495 0.00551363 -0.00590786 0.01108 -0.0137274 0.00733234 0.00523913 -0.0043116 -0.0116496 0.0122433 0.00253683 0.0141339 -0.00611757 -0.00632643 -0.00734177 -0.00899072 0.0034967 0.00855331 -0.0144529 0.0110802 0.0033025 0.000729834 0.00776052 0.0129351 0.00984291 0.00341014 0.00528259 0.00379611 0.00315184 0.00523627 0.00375136 0.00962897 0.0053014 0.0117713 0.0143732 0.00419807 0.00797896 0.00291572 0.00137155 0.00776978
internal_weight=16047 8080 7967 6528 5809 2271 1439 2825 6227 1409 738 1109 1613 2091 862 2984 301 623 545 420 561 331 4614 223 108 78 734 1760 280 65 306 252 808 356 275 671 121 215 2879 528 133 395 293 125
internal_count=16047 8080 7967 6528 5809 2271 1439 2825 6227 1409 738 1109 1613 2091 862 2984 301 623 545 420 561 331 4614 223 108 78 734 1760 280 65 306 252 808 356 275 671 121 215 2879 528 133 395 293 125
cat_boundaries=0 1 2
cat_threshold=3202208 38048
is_linear=0
shrinkage=0.03


Tree=17
num_leaves=45
num_cat=0
split_feature=21 21 22 21 22 21 14 22 25 6 14 14 6 21 33 7 14 25 14 7 31 21 16 14 17 20 10 27 10 33 22 16 33 7 20 16 33 17 16 7 33 14 26 20
split_gain=2235.79 94.3472 82.0587 17.2701 15.9251 15.8542 14.8274 10.4321 10.275 9.64242 8.90511 8.51172 7.98146 7.03366 6.05123 5.99758 5.98298 5.55069 5.27382 5.47585 7.34094 5.14864 4.82438 4.74244 4.41524 4.12509 3.83678 4.54063 3.48365 3.47759 3.36071 3.26352 3.25512 3.13146 3.08132 5.24113 4.68585 4.2551 3.21397 3.0201 2.98606 2.94567 2.92455 2.77413
threshold=1551.5000000000002 1950.5000000000002 1350.5000000000002 1227.5000000000002 1776.5050000000003 1690.5000000000002 0.90162119223771331 1690.5000000000002 21.925000000000001 7.5000000000000009 0.80926549319045582 0.71503381463111937 10.500000000000002 1492.0000000000002 3.7050000000000005 268.50000000000006 0.19337368024598436 25.225000000000005 0.78857998149907527 260.50000000000006 28.199999999999999 3500.5000000000005 -0.81862078084264434 0.91248814248966237 0.90893208180343155 21.43928571428572 1475.0714285714287 24.225000000000005 1703.7857142857144 3.7350000000000008 1200.5000000000002 0.98802474685579866 4.5750000000000011 62.500000000000007 23.975000000000005 0.50371950759872852 3.5450000000000004 0.81178104038754306 -0.94388905186573491 7.5000000000000009 6.4450000000000012 0.89787622492179153 4.7500000000000009 22.175000000000004
decision_type=2 2 2 2 2 2 2 2 2 2 2 2 2 2 2 2 2 2 2 2 2 2 2 2 2 2 2 2 2 2 2 2 2 2 2 2 2 2 2 2 2 2 2 2
left_child=2 5 3 15 30 23 7 13 16 22 -10 12 24 18 28 -1 21 33 19 32 -21 25 -5 31 -7 -6 -13 -28 -14 -9 -3 -2 39 -12 35 36 -15 38 -36 -4 41 -29 43 -11
right_child=1 4 6 9 8 11 -8 29 10 42 17 26 14 34 -16 -17 -18 -19 -20 20 -22 -23 -24 -25 -26 -27 27 40 -30 -31 -32 -33 -34 -35 37 -37 -38 -39 -40 -41 -42 -43 -44 -45
leaf_value=-11.564988040752016 0.82114675115401725 -11.38703890412166 -0.48023622590875448 -2.4505135886089349 6.8627054225469575 3.9239435959699582 -4.1766914813069045 3.7547727707073588 26.497892798156109 -5.6068084120648747 3.7118230371227492 -2.2301408240050158 1.2990794630863411 3.2725567092088941 0.27699163129482712 -9.9921569012128657 9.1401140269613457 9.7946774867593707 0.3092979030391052 -3.1739934156920047 3.5033820685361068 44.759496562874922 -4.4754538358728899 -1.5625253044540921 1.5533864114671769 5.6897400959472222 3.9792810843098687 0.35843494976187001 4.5539190083125609 -1.3636984391730254 7.7359213148785715 1.3908909769960132 -1.3818583463121308 -1.1377313931687059 -0.86870368857187941 -2.0800840414431128 -3.4909321700639362 -1.2391239496461526 0.53730011533130662 -3.4415742628998474 1.8605846016486736 -5.0671909658833361 -3.8279598367654772 -0.8772106584906032
leaf_weight=4910 759 28 24 128 335 758 382 93 3835 45 106 20 75 38 173 224 270 217 49 165 20 149 866 54 321 256 50 74 262 112 166 49 94 25 37 59 41 37 151 294 76 22 54 144
leaf_count=4910 759 28 24 128 335 758 382 93 3835 45 106 20 75 38 173 224 270 217 49 165 20 149 866 54 321 256 50 74 262 112 166 49 94 25 37 59 41 37 151 294 76 22 54 144
internal_value=-0.000634507 0.0104846 -0.0119117 -0.013436 0.0127772 0.00589729 -0.00582482 -0.00419817 0.0130928 -0.0102433 0.013751 0.00747747 0.00827638 -0.00545238 0.00516957 -0.0142044 0.0103623 0.00912669 -0.00733168 -0.00810919 -0.00379254 0.0089542 -0.0115552 0.00253683 0.00974145 0.00768398 0.00221809 0.00336335 0.00751112 0.00196002 0.00431221 0.00311471 -0.0100388 0.00421053 -0.0020986 -0.00562636 -0.000530973 5.33096e-05 0.00189793 -0.0114964 0.00102847 -0.00246618 -0.0048622 -0.00307774
internal_weight=16047 8080 7967 6371 5387 2693 1596 1214 5193 1237 4183 1831 1589 1009 510 5134 1010 348 646 597 185 740 994 862 1079 591 242 222 337 205 194 808 412 131 363 138 79 225 188 318 172 96 243 189
internal_count=16047 8080 7967 6371 5387 2693 1596 1214 5193 1237 4183 1831 1589 1009 510 5134 1010 348 646 597 185 740 994 862 1079 591 242 222 337 205 194 808 412 131 363 138 79 225 188 318 172 96 243 189
is_linear=0
shrinkage=0.03


Tree=18
num_leaves=45
num_cat=0
split_feature=21 21 21 7 7 21 21 7 16 16 12 21 26 20 25 33 23 13 12 20 11 16 18 18 15 26 33 18 7 13 11 33 16 25 27 13 7 7 20 7 7 21 23 23
split_gain=2186.95 91.6177 79.3107 19.3873 17.3798 16.4532 14.8934 11.6071 9.88345 9.71466 10.259 8.32845 7.31589 9.28524 7.01165 6.02541 5.92166 4.94634 4.79722 4.04838 4.00118 3.88988 7.39152 3.88039 3.80451 5.8637 5.75592 5.10417 4.12019 4.52065 3.5539 3.26612 3.16329 3.20548 5.052 3.06022 3.95748 2.9881 2.91441 3.42116 3.23862 2.86668 2.86278 2.83537
threshold=1551.5000000000002 1950.5000000000002 1347.5000000000002 268.50000000000006 260.50000000000006 1690.5000000000002 2500.5000000000005 310.50000000000006 -0.68352903331423187 0.89693165594635726 1422.3166666666668 1150.5000000000002 1.0000000180025095e-35 20.232142857142865 21.575000000000006 3.4950000000000006 1510.5000000000002 1661.0315026430351 2026.6833333333336 22.267857142857149 262.76913640612509 -0.94388905186573491 9.149999999999995 35.449999999999996 -0.70900320270980455 5.6500000000000012 3.7350000000000008 1.500000000000002 66.500000000000014 1868.5460473158512 75.592894601844293 3.2650000000000001 -0.90163369914317015 27.625000000000004 27.125000000000004 2463.4005923731952 62.500000000000007 123.50000000000001 22.13928571428572 278.50000000000006 318.50000000000006 3500.5000000000005 1510.5000000000002 1280.5000000000002
decision_type=2 2 2 2 2 2 2 2 2 2 2 2 2 2 2 2 2 2 2 2 2 2 2 2 2 2 2 2 2 2 2 2 2 2 2 2 2 2 2 2 2 2 2 2
left_child=2 5 3 11 8 24 7 35 21 16 -11 20 13 -7 41 -6 -10 -5 31 -19 -1 -4 37 -12 25 -2 -26 28 29 -28 -24 -9 -15 34 -34 42 -37 -23 -17 -40 -41 -8 -3 -22
right_child=1 6 4 17 15 12 14 18 9 10 23 -13 -14 32 -16 38 -18 19 -20 -21 43 22 30 -25 26 -27 27 -29 -30 -31 -32 -33 33 -35 -36 36 -38 -39 39 40 -42 -43 -44 -45
leaf_value=-13.032844158738945 1.2888459015460763 4.948785141023043 -1.4739545463776698 -8.2998202984298928 1.7897614878088575 4.6184809596310563 11.409885927036985 6.7749860962355841 -3.0907104277887991 2.6552051807914858 0.14166580080573341 -4.6453249136931323 2.8518861490669698 -0.046311140374758676 37.964559778930244 -3.8820031652753308 -1.7823714669733499 -8.1955470281680256 5.852665797207651 1.6815739294101149 -7.0701800092443268 -2.183608225064853 0.29293587306177643 -2.7225285584773551 1.0882335935920628 -0.11425807980636818 2.0202044607139826 -1.8695453429514144 -1.3723954704273842 -2.0956875347806156 -3.4044335223993927 -1.8454981030421242 2.2851384094836624 5.1992317925785985 -3.4337866146757188 9.5420839462325002 -0.52955526743966175 1.7175379657989116 -1.8822669510214813 3.4646601607364298 -0.35085910501902162 41.652535277960368 8.0071975441356269 -1.9798361042270198
leaf_weight=4288 241 26 103 241 127 223 237 63 711 54 28 1473 824 98 2899 98 269 94 368 68 51 20 26 54 231 111 73 63 114 29 31 64 618 43 25 92 32 60 25 23 79 118 1488 44
leaf_count=4288 241 26 103 241 127 223 237 63 711 54 28 1473 824 98 2899 98 269 94 368 68 51 20 26 54 231 111 73 63 114 29 31 64 618 43 25 92 32 60 25 23 79 118 1488 44
internal_value=-0.000690592 0.0103064 -0.011844 -0.013408 -0.0061103 0.0057859 0.0125656 0.0106099 -0.00765209 -0.00884061 -0.00130051 -0.0138466 0.00739555 0.00567173 0.0138462 -0.000161886 -0.00988369 -0.00702555 0.00656837 -0.00294263 -0.0145062 -0.00211162 0.00118162 -0.00800244 0.00236283 0.00476285 0.000699863 -0.00219276 0 0.00437806 -0.00704028 0.00151062 0.0041283 0.00484915 0.00431037 0.0118289 0.00722804 0.00707865 -0.00311861 -9.44138e-05 0.00232125 0.00983385 0.0122033 -0.00832808
internal_weight=16047 8080 7967 6259 1708 2693 5387 2133 1356 1116 136 5856 1831 1007 3254 352 980 403 495 162 4383 240 137 82 862 352 510 279 216 102 57 127 784 686 643 1638 124 80 225 127 102 355 1514 95
internal_count=16047 8080 7967 6259 1708 2693 5387 2133 1356 1116 136 5856 1831 1007 3254 352 980 403 495 162 4383 240 137 82 862 352 510 279 216 102 57 127 784 686 643 1638 124 80 225 127 102 355 1514 95
is_linear=0
shrinkage=0.03


Tree=19
num_leaves=45
num_cat=1
split_feature=21 21 22 22 7 21 7 21 16 20 14 16 7 31 25 22 7 13 7 14 31 7 7 29 33 14 16 0 11 20 31 7 33 23 16 14 25 24 21 19 30 21 7 23
split_gain=2147.06 110.449 65.8684 23.5907 19.6864 17.6221 15.1951 10.5529 9.34823 9.57635 8.55653 8.15812 8.05773 7.747 7.15717 6.60195 6.30969 6.25893 5.6613 5.56161 5.17862 5.00369 4.87911 4.68445 4.10712 4.05824 4.00773 3.9065 3.88205 3.87778 10.1068 3.87675 3.83942 3.7355 3.61007 3.43766 4.50842 3.53301 3.07129 3.58626 3.04269 2.95941 2.83818 2.82775
threshold=1545.5000000000002 1852.6250000000002 1280.5000000000002 2548.8300000000004 258.50000000000006 1627.5000000000002 310.50000000000006 1140.1950000000004 0.89404822654372251 23.678571428571434 0.62587949062545845 -0.83789107429055565 314.50000000000006 28.199999999999999 24.075000000000006 1550.5000000000002 345.50000000000006 1809.6656342617957 222.50000000000003 0.81925054981890411 2.0000000000000022 340.50000000000006 268.50000000000006 24.575000000000006 5.785000000000001 0.90162119223771331 -0.94388905186573491 0 114.5643923739669 23.93214285714286 5.900000000000003 5.5000000000000009 3.7350000000000008 1451.5000000000002 0.074116354202380205 0.81428061195174062 26.075000000000006 1347.5000000000002 1347.5000000000002 86.250000000000014 0.35000000000000003 1451.5000000000002 260.50000000000006 2200.3500000000004
decision_type=2 2 2 2 2 2 2 2 2 2 2 2 2 2 2 2 2 2 2 2 2 2 2 2 2 2 2 9 2 2 2 2 2 2 2 2 2 2 2 2 2 2 2 2
left_child=2 5 7 6 8 34 35 33 11 -10 12 20 29 32 -12 31 19 27 -11 24 26 40 38 -19 -5 -17 -4 -14 -16 30 -7 -13 -6 -1 -2 37 -37 -3 -9 -40 43 -33 -15 -8
right_child=1 3 4 16 13 10 21 22 9 18 14 15 17 42 28 25 -18 23 -20 -21 -22 -23 -24 -25 -26 -27 -28 -29 -30 -31 -32 41 -34 -35 -36 36 -38 -39 39 -41 -42 -43 -44 -45
leaf_value=-13.645186800964202 1.1141787926391793 4.1751835804519422 -1.2401374644834606 37.314019220843512 -0.10288551925920728 4.090103718737863 -1.0662912223634271 -4.6451868009642023 -3.7186872372324706 2.2551418635521574 2.6110373252123873 -0.38761991019355491 2.0278291251864347 -0.62699576866310047 1.4147422035528563 0.10871884531206888 7.1753215119764446 4.5514259090123232 -4.0068743613591069 2.2352714053350429 -2.3923376361765589 5.9329883926218461 -3.1149762658221651 -1.1617216957280505 1.3140192208435155 -4.3656081155178095 0.95365793667578147 -0.941476750636699 -1.0993778217871886 2.3059010763127175 -0.13699145618653688 -4.0422819106153698 -2.9906817107441497 -9.1680658113030464 -0.24132743703937762 2.1995193947301415 8.2793958894999928 7.3813604194240607 -3.4719725525193232 0.22081218848989009 5.682117518523337 -1.8750200398032528 3.1540109453582681 3.3972459583583428
leaf_weight=4141 303 40 52 2981 155 202 84 1246 47 67 56 32 108 21 54 76 136 163 21 40 74 414 130 20 31 57 51 144 156 714 112 950 200 35 376 133 186 1688 115 29 71 185 67 84
leaf_count=4141 303 40 52 2981 155 202 84 1246 47 67 56 32 108 21 54 76 136 163 21 40 74 414 130 20 31 57 51 144 156 714 112 950 200 35 376 133 186 1688 115 29 71 185 67 84
internal_value=-0.000720504 0.00988621 -0.0120734 0.0121002 -0.00746533 0.00447116 0.0100319 -0.0137352 -0.00900502 -0.00142117 0.00607946 -0.00969603 0.0069797 -0.00185511 0.00111612 -0.01052 0.0138506 0.00354401 0.00439274 0.0141335 -0.00362507 0.00603583 -0.0115828 0.00776625 0.0142814 -0.00414726 0.000698351 0.000464102 -0.00141361 0.00843011 0.0056256 -0.0112433 -0.00383554 -0.0145176 0.000371079 0.0113048 0.00840489 0.0118379 -0.0121049 -0.00789035 0.0025596 -0.0115338 0.00609535 0.000339084
internal_weight=16047 8296 7751 5888 2055 2408 2700 5696 1612 135 1729 1477 1463 443 266 1300 3188 435 88 3052 177 653 1520 183 3012 133 103 252 210 1028 314 1167 355 4176 679 2047 319 1728 1390 144 239 1135 88 168
internal_count=16047 8296 7751 5888 2055 2408 2700 5696 1612 135 1729 1477 1463 443 266 1300 3188 435 88 3052 177 653 1520 183 3012 133 103 252 210 1028 314 1167 355 4176 679 2047 319 1728 1390 144 239 1135 88 168
cat_boundaries=0 1
cat_threshold=1127424
is_linear=0
shrinkage=0.03


Tree=20
num_leaves=45
num_cat=0
split_feature=21 21 22 22 21 7 7 21 16 7 16 31 14 7 14 7 15 15 7 22 33 11 16 16 26 23 26 24 21 22 14 25 10 33 14 25 15 13 14 14 15 7 21 27
split_gain=2085.41 110.542 69.0524 23.4766 21.5534 20.1823 16.5612 15.5874 7.74607 6.93631 6.42705 5.8722 5.74703 6.49458 5.20929 5.05658 4.71383 5.5291 4.68612 4.5671 4.46635 4.21508 4.07074 4.63194 4.06418 3.9872 3.81291 3.74956 3.61301 3.49015 3.31521 5.1073 4.32847 3.31328 3.30964 4.52134 3.98589 4.59328 4.62405 3.04187 3.03374 2.9898 2.96228 2.92553
threshold=1545.5000000000002 1898.6550000000002 1347.5000000000002 2676.0400000000004 1645.5000000000002 310.50000000000006 258.50000000000006 1277.5000000000002 0.94911049632748046 268.50000000000006 -0.68352903331423187 25.400000000000009 0.91248814248966237 314.50000000000006 0.80926549319045582 340.50000000000006 -0.70900320270980455 -0.55656394595157355 345.50000000000006 1725.9400000000003 3.8950000000000005 151.18578920369092 -0.84829621879359263 0.88119114410046628 5.6500000000000012 1933.5750000000003 18.350000000000005 2300.5000000000005 995.5100000000001 1627.5000000000002 0.62587949062545845 24.075000000000006 1614.6428571428576 5.785000000000001 0.79904096188274243 25.575000000000006 0.98174098242282837 1809.6656342617957 0.14250626876356556 0.48314048284850658 0.99748108949426018 256.50000000000006 1472.5000000000002 24.175000000000004
decision_type=2 2 2 2 2 2 2 2 2 2 2 2 2 2 2 2 2 2 2 2 2 2 2 2 2 2 2 2 2 2 2 2 2 2 2 2 2 2 2 2 2 2 2 2
left_child=2 4 7 5 16 34 8 9 10 28 -4 29 13 26 18 27 24 -18 33 40 -15 -14 -9 41 -2 -19 30 -7 -1 -8 39 -32 -33 -5 36 -36 -3 -38 -39 -6 42 -24 -12 -25
right_child=1 3 6 14 12 15 11 22 -10 -11 19 -13 21 20 -16 -17 17 25 -20 -21 -22 -23 23 43 -26 -27 -28 -29 -30 -31 31 32 -34 -35 35 -37 37 38 -40 -41 -42 -43 -44 -45
leaf_value=-15.485831196935274 1.1890909003047057 8.3738270009196594 -0.71579549407289844 38.706202408937024 2.1495276880664163 -0.12946134908077056 -2.7342655667227098 -0.99367206689684617 0.80984521103695217 -7.6265645037857599 -3.9043857509541247 1.9474264215848303 1.095225879978168 2.9074987270954251 3.3963247885558063 5.9909557598926586 -1.6950380448364695 -0.46942360661378185 8.7395167824317639 -0.086518672714528289 -0.60649644061218622 -3.7153951333558197 -3.3474872131300004 -3.786445172577912 -0.18524878605929984 4.1007695304066942 -0.1128563647401927 4.7382334425783448 -5.7358311969352753 0.073605299604787428 2.9615795224325505 -2.1295382106871203 0.94168648752317718 0.90540362073267944 2.6667522140993265 8.5777539752689815 0.54678196162253245 7.667035903408193 0.73182436881660806 4.2488976244596994 0.025470131505858262 -3.5990156912773932 -1.3970441058882896 1.111050297038372
leaf_weight=2720 208 1633 180 2730 935 157 188 76 51 242 711 91 61 358 46 437 53 333 105 45 85 38 415 28 88 38 38 124 2427 145 49 30 97 22 166 206 48 122 41 100 23 77 213 28
leaf_count=2720 208 1633 180 2730 935 157 188 76 51 242 711 91 61 358 46 437 53 333 105 45 85 38 415 28 88 38 38 124 2427 145 49 30 97 22 166 206 48 122 41 100 23 77 213 28
internal_value=-0.000597635 0.00977432 -0.0119015 0.0120389 0.00450878 0.0101418 -0.00645498 -0.0133928 -0.00822664 -0.0139136 -0.00872536 -0.00133695 0.00627101 0.00668223 0.0139547 0.00576104 0.000120817 -0.00190285 0.0141164 -0.00967342 0.00354773 -0.000726539 -0.008888 -0.00979201 0.00302938 -0.000598222 0.00779121 0.00260406 -0.0141482 -0.00318823 0.00808521 0.00424191 0.00103855 0.0143552 0.0115595 0.00894114 0.0120856 0.00815727 0.0105579 0.00873539 -0.0101172 -0.0107234 -0.0103852 -0.0015508
internal_weight=16008 8348 7660 5837 2511 2934 1647 6013 1223 5389 1172 424 1791 1692 2903 718 720 424 2857 992 443 99 624 548 296 371 1249 281 5147 333 1211 176 127 2752 2216 372 1844 211 163 1035 947 492 924 56
internal_count=16008 8348 7660 5837 2511 2934 1647 6013 1223 5389 1172 424 1791 1692 2903 718 720 424 2857 992 443 99 624 548 296 371 1249 281 5147 333 1211 176 127 2752 2216 372 1844 211 163 1035 947 492 924 56
is_linear=0
shrinkage=0.03


Tree=21
num_leaves=45
num_cat=1
split_feature=21 22 21 21 21 22 14 22 21 16 21 16 22 21 33 17 12 14 17 13 14 15 11 11 0 33 16 16 11 33 33 25 15 15 16 16 12 6 21 29 13 31 14 22
split_gain=2044.29 100.076 88.2064 16.3001 14.9612 14.8555 13.6858 9.62683 9.26799 10.8917 7.70154 7.52016 7.317 5.82848 5.59463 6.23623 5.94743 5.33519 5.46612 5.65484 4.88741 4.73668 4.41727 4.40643 4.32662 4.32359 4.31302 4.77028 4.19409 4.08809 3.67214 3.66538 4.64063 3.46359 3.66528 3.99375 3.7552 3.40004 3.36916 3.38149 3.31351 3.27076 2.8376 2.8269
threshold=1590.5000000000002 1347.5000000000002 2050.5000000000005 1277.5000000000002 1670.5000000000002 1950.5000000000002 0.90162119223771331 1690.5000000000002 2700.5000000000005 -0.90893575921103265 1500.5000000000002 -0.88622299073327826 1347.5000000000002 977.04500000000019 4.995000000000001 -0.88918525430897799 1997.8333333333337 0.91248814248966237 0.91160899963879305 1534.7033054480642 -0.9954993026558282 0.91159213926341531 326.55033155722759 253.99217167313614 0 3.8350000000000004 -0.84829621879359263 0.88119114410046628 118.89871640143265 5.9150000000000009 3.4750000000000005 28.550000000000001 0.054805126479326886 -0.78324956448884031 -0.96929669384506845 -0.99385384359725149 2478.1500000000005 11.500000000000002 1796.2950000000003 24.525000000000002 1565.6386499342175 28.199999999999999 0.80926549319045582 1510.5000000000002
decision_type=2 2 2 2 2 2 2 2 2 2 2 2 2 2 2 2 2 2 2 2 2 2 2 2 9 2 2 2 2 2 2 2 2 2 2 2 2 2 2 2 2 2 2 2
left_child=1 3 4 13 24 22 7 10 9 -7 14 33 -13 -1 15 41 43 18 38 -20 40 42 -4 -11 -2 -18 -5 -28 -19 -26 -21 -8 -33 -6 35 36 -35 -22 39 -14 -15 -3 -10 -17
right_child=2 6 5 26 11 8 31 -9 21 23 -12 12 17 20 -16 16 25 28 19 30 37 -23 -24 -25 29 -27 27 -29 -30 -31 -32 32 -34 34 -36 -37 -38 -39 -40 -41 -42 -43 -44 -45
leaf_value=-15.021256261027215 1.0219151815940426 -0.99503273206101994 7.0042429983255747 -0.96386190488994195 6.5617796758618825 2.8582028709108451 -4.2381906711985673 1.5150936128941941 39.533412571950109 9.6226121908920632 -0.061225284826227834 -2.3109633273281247 1.5889273602493834 -3.543892379611036 -0.38079941275496026 -3.0187200430027041 4.6314257296262724 2.6229391407386742 -0.61266381847242202 2.9916662101193037 -5.5637562610272147 24.504201171867066 5.4774032898522353 7.7146256416855543 0.42191518159404268 -2.7346290342513613 -3.2572256781429711 -1.3382767650705067 -0.80431626231125619 -1.7165915016886468 1.8507673163035609 -4.1077516116162087 -1.1478521222267817 -3.3603243019776525 -1.297585116539467 5.9773338467953474 2.2768844024914414 -5.8012311825686691 4.5810102696139667 2.9086978229222402 1.4889995532001989 1.8406909757594099 4.5903040376204718 -1.5678486386226711
leaf_weight=2784 347 20 132 80 21 141 268 222 2547 1212 278 67 222 23 184 532 36 41 59 270 2490 171 156 499 337 33 504 58 54 35 313 61 158 35 67 53 36 70 986 213 22 26 31 114
leaf_count=2784 347 20 132 80 21 141 268 222 2547 1212 278 67 222 23 184 532 36 41 59 270 2490 171 156 499 337 33 504 58 54 35 313 61 158 35 67 53 36 70 986 213 22 26 31 114
internal_value=-0.000633242 -0.0114091 0.0100324 -0.013313 0.00612053 0.0125569 -0.005464 -0.00399419 0.0129712 0.0113207 -0.00503802 0.00724303 0.00775785 -0.0138524 -0.00632949 -0.00746551 -0.0081555 0.00806126 0.00838156 0.00606915 -0.0128218 0.0140817 0.00592503 0.0119818 0.00231122 0.000173661 -0.00877901 -0.00970824 0.00107256 0 0.00696622 -0.00981729 -0.00690096 0.00182461 0.000533752 0.00360193 -0.00101266 -0.0129944 0.00942369 0.00719835 -0.00292683 0.00318872 0.0144048 -0.00904968
internal_weight=16008 7963 8045 6031 3156 4889 1932 1445 4601 1852 1223 2437 2225 5389 945 761 715 2158 2063 642 2605 2749 288 1711 719 69 642 562 95 372 583 487 219 212 191 124 71 2560 1421 435 45 46 2578 646
internal_count=16008 7963 8045 6031 3156 4889 1932 1445 4601 1852 1223 2437 2225 5389 945 761 715 2158 2063 642 2605 2749 288 1711 719 69 642 562 95 372 583 487 219 212 191 124 71 2560 1421 435 45 46 2578 646
cat_boundaries=0 1
cat_threshold=1062094
is_linear=0
shrinkage=0.03


Tree=22
num_leaves=45
num_cat=1
split_feature=21 22 21 21 22 21 14 16 22 20 14 14 22 15 21 12 33 11 20 20 18 14 16 27 15 22 20 16 14 13 13 18 17 33 11 0 33 24 16 11 14 33 16 15
split_gain=1993.2 96.9436 87.5816 18.1591 16.65 16.1903 13.784 9.81824 9.2678 8.74988 9.29338 8.81503 7.83014 6.74307 6.42391 6.22154 6.60513 6.14714 5.61991 8.03741 8.08564 6.80231 5.96997 4.87101 6.02173 4.4867 5.0669 5.25966 4.38344 5.94925 4.3469 4.16169 4.15716 3.988 3.72877 3.60311 4.08351 3.35146 3.34237 3.65251 3.28105 3.27923 2.81589 4.19171
threshold=1590.5000000000002 1347.5000000000002 2125.5700000000002 1140.1950000000004 2030.5000000000002 1670.5000000000002 0.90162119223771331 -0.91597725483594616 1450.5000000000002 22.496428571428577 0.72695311118111527 -0.73282214301478099 1347.5000000000002 0.96177147954086928 1397.5000000000002 2197.5166666666669 4.995000000000001 399.85113507426132 19.967857142857145 23.88571428571429 4.8499999999999988 0.90162119223771331 0.36848418633289504 28.550000000000001 0.054805126479326886 1749.7900000000002 23.810714285714294 0.57957876984334955 -0.25205528343633254 1546.4417666982856 1448.2751169720641 0.099999999999986697 0.94353349168649059 4.0250000000000012 128.05783663568008 0 5.9150000000000009 2030.5000000000002 0.84660111278280559 226.97938025123761 -0.97113884758256674 3.0550000000000002 -0.93197223986804445 -0.78324956448884031
decision_type=2 2 2 2 2 2 2 2 2 2 2 2 2 2 2 2 2 2 2 2 2 2 2 2 2 2 2 2 2 2 2 2 2 2 2 9 2 2 2 2 2 2 2 2
left_child=1 3 5 17 38 30 8 -7 15 11 -11 -6 -9 41 42 16 28 -1 -14 20 31 32 -22 -8 -25 26 27 33 29 -3 -2 -20 -21 -10 -23 36 -32 -12 39 -4 -28 -13 43 -5
right_child=2 6 4 14 9 7 23 12 25 10 37 13 18 -15 -16 -17 -18 -19 19 21 22 34 -24 24 -26 -27 40 -29 -30 -31 35 -33 -34 -35 -36 -37 -38 -39 -40 -41 -42 -43 -44 -45
leaf_value=-12.320618573196397 5.9411765082281631 1.2355005319955898 8.7294289160706207 0.33315642680360269 -0.31296035245971099 0.59648435301236757 -4.1307196301522255 -2.2416344275082793 -0.89889020735226033 27.379804431086988 -0.27020405578300138 4.1578412013431807 4.4099423093430072 2.4089707464681656 -2.2186898202957672 4.305516602001437 -0.059477272996107326 -4.7503064939580328 2.7784646663171269 3.7712744887253344 7.3936207946577133 2.7388012159146635 -0.74178297906301394 -4.0766140508230384 -0.98532048711222719 2.3377297604683873 2.4182937412796308 -3.4181633857989002 -3.62641452486602 -1.7327393829967719 0.25492074614096055 5.5496948507174375 0.74792064640806077 -4.4706664970014014 -1.075123775663585 0.88120271126436933 -1.7280855427833808 8.0051460687699176 10.132418151588181 5.1461488853570492 -0.31501313841854767 16.108512820474534 -4.046100090867184 -4.1668435731963971
leaf_weight=4086 24 27 64 36 67 209 269 73 181 3167 28 51 357 92 189 27 106 42 491 1050 41 49 72 66 152 169 24 75 239 183 330 217 149 34 54 332 33 295 49 196 380 555 1576 102
leaf_count=4086 24 27 64 36 67 209 269 73 181 3167 28 51 357 92 189 27 106 42 491 1050 41 49 72 66 152 169 24 75 239 183 330 217 149 34 54 332 33 295 49 196 380 555 1576 102
internal_value=-0.000659479 -0.0112999 0.0098721 -0.0131737 0.0126064 0.00628594 -0.00544848 0.00733029 -0.00397343 0.0130953 0.0137351 0.0101712 0.00784223 0.0111689 -0.0107414 -0.00690088 -0.00758782 -0.014294 0.00812749 0.00753709 0.00520278 0.00900622 -0.00222812 -0.00981729 -0.00645117 -0.00199513 -0.0030644 -0.006091 -0.00917836 -0.00598287 0.0022695 0.00639316 0.00964223 -0.00368201 0.00157129 0.00182995 -0.000273385 0.00885794 0.00586218 0.00448674 -0.000883445 0.0123197 -0.011322 -0.00714699
internal_weight=16008 7963 8045 6031 4564 3481 1932 2762 1445 4255 3490 765 2553 698 1903 582 555 4128 2480 2123 821 1302 113 487 218 863 694 290 449 210 719 708 1199 215 103 695 363 323 309 260 404 606 1714 138
internal_count=16008 7963 8045 6031 4564 3481 1932 2762 1445 4255 3490 765 2553 698 1903 582 555 4128 2480 2123 821 1302 113 487 218 863 694 290 449 210 719 708 1199 215 103 695 363 323 309 260 404 606 1714 138
cat_boundaries=0 1
cat_threshold=2738225
is_linear=0
shrinkage=0.03


Tree=23
num_leaves=45
num_cat=0
split_feature=21 21 21 21 22 22 7 7 20 20 12 14 16 16 20 7 21 7 33 25 7 20 16 32 27 33 20 15 15 18 27 17 22 15 11 33 26 33 13 29 22 18 20 7
split_gain=1936.65 110.59 68.4257 25.8981 19.8371 19.2288 17.1166 14.6935 8.95531 9.08654 13.1295 8.6653 8.65273 11.1929 9.14527 7.83305 7.40895 7.3144 7.00819 5.35218 4.83969 4.73697 6.24692 4.49641 4.41571 4.40438 4.33748 4.20559 5.61641 4.1904 4.16238 4.68815 3.85877 3.85484 3.77988 3.77395 3.76454 3.71286 3.61678 3.39271 3.39724 3.24543 3.20576 3.18011
threshold=1545.5000000000002 2050.5000000000005 1277.5000000000002 1645.5000000000002 1500.5000000000002 2676.0400000000004 310.50000000000006 260.50000000000006 19.967857142857145 23.88571428571429 1841.8166666666668 0.91248814248966237 -0.83789107429055565 0.83966414931270739 23.678571428571434 229.50000000000003 977.04500000000019 326.50000000000006 5.5150000000000006 21.575000000000006 268.50000000000006 26.803571428571434 -0.94388905186573491 139.25000000000003 24.975000000000005 6.4150000000000009 22.01071428571429 -0.70900320270980455 -0.55656394595157355 1.0000000180025095e-35 30.475000000000005 0.89975755788027889 1725.9400000000003 -0.70900320270980455 312.61047453110206 3.4150000000000005 5.6500000000000012 3.4950000000000006 1742.4378493674612 24.775000000000002 1370.5000000000002 15.200000000000019 21.907142857142862 10.500000000000002
decision_type=2 2 2 2 2 2 2 2 2 2 2 2 2 2 2 2 2 2 2 2 2 2 2 2 2 2 2 2 2 2 2 2 2 2 2 2 2 2 2 2 2 2 2 2
left_child=2 3 4 27 16 6 33 12 -5 10 43 17 21 32 -15 -16 34 30 19 23 -18 -4 -23 -7 37 -13 -22 36 -29 -12 31 -11 -14 -3 -1 -8 -2 -9 42 40 -30 -19 -31 -10
right_child=1 5 7 8 -6 18 35 24 9 11 29 25 13 14 15 -17 20 41 -20 -21 26 22 -24 -25 -26 -27 -28 28 39 38 -32 -33 -34 -35 -36 -37 -38 -39 -40 -41 -42 -43 -44 -45
leaf_value=-14.201000016000503 1.0963246365098063 11.526387591381903 -2.6575009109786993 3.8542726080233134 -2.1136729907700031 27.039565769937127 8.6061972067848984 1.127183101238793 1.8630431951538207 3.0396205935538818 2.4309917211072931 -8.3850729795387426 -3.0013670640358168 -3.4352180051784194 1.3364392250484207 -1.4217637627976671 -5.0272250160005019 1.6650180951221887 1.5190263316336337 36.026016061858996 -9.1802533995738997 -1.1299303804459235 1.0730051390588642 -0.58143645546329481 3.5998855056218937 0.32374331012431867 -1.4385859006388637 -1.6644919813234174 -3.5440744147697547 3.6188120281110128 -0.58300784044327203 0.80698165044131309 0.67272742623238058 7.17926619642523 -9.4441186322360284 2.8501747887441726 -0.21095427401633401 -1.9406356206876194 10.107213752369823 -1.4780590482468778 0.85126576537035703 -3.6224985684140414 -0.36350934548796432 -0.41169435411994754
leaf_weight=2768 208 278 31 323 112 238 249 115 35 1061 410 21 1176 58 97 46 2573 35 47 2569 88 103 65 21 21 79 98 53 34 23 36 214 34 1268 48 219 88 227 152 85 252 21 39 290
leaf_count=2768 208 278 31 323 112 238 249 115 35 1061 410 21 1176 58 97 46 2573 35 47 2569 88 103 65 21 21 79 98 53 34 23 36 214 34 1268 48 219 88 227 152 85 252 21 39 290
internal_value=-0.000741937 0.00925324 -0.0116352 0.00514643 -0.0133059 0.0121581 0.00990368 -0.0068177 0.00647731 0.00584703 0.00355284 0.00732874 -0.00804733 -0.00887393 -0.00229736 0.00176101 -0.0135571 0.0079526 0.0137359 0.013927 -0.0124432 -0.00216976 -0.000160619 0.00977229 -0.001355 -0.00116883 -0.00772166 7.91557e-05 -0.00183212 0.00609998 0.00840668 0.00869108 -0.00996364 0.0114268 -0.0146469 0.00486435 0.00282675 -0.00218357 0.00951425 -0.000517381 0.0010381 -0.00262032 0.00333333 -0.00132882
internal_weight=16008 8348 7660 3459 5687 4889 2014 1973 2739 2416 949 1467 1610 1411 201 143 5575 1367 2875 2828 2759 199 168 259 363 100 186 720 424 624 1311 1275 1210 1546 2816 468 296 342 214 371 286 56 62 325
internal_count=16008 8348 7660 3459 5687 4889 2014 1973 2739 2416 949 1467 1610 1411 201 143 5575 1367 2875 2828 2759 199 168 259 363 100 186 720 424 624 1311 1275 1210 1546 2816 468 296 342 214 371 286 56 62 325
is_linear=0
shrinkage=0.03


Tree=24
num_leaves=45
num_cat=0
split_feature=21 21 21 21 21 7 22 7 20 20 12 16 16 20 21 14 15 7 7 22 7 19 16 33 27 20 27 15 18 15 15 30 11 22 23 33 7 7 24 16 11 12 17 19
split_gain=1891.75 108.226 71.0533 24.2728 20.7732 19.9445 19.5535 14.0004 9.42342 8.75816 12.144 8.54174 10.6802 8.75057 8.40866 8.33577 8.0332 7.1707 6.36988 6.08451 4.83728 4.73697 5.53791 4.40438 4.36064 4.02055 3.99348 4.23148 3.9768 3.95463 4.46519 3.76454 3.76049 3.65044 3.26951 3.14757 3.11119 3.10713 3.01933 3.37738 4.76923 2.97735 2.93241 2.79234
threshold=1545.5000000000002 2050.5000000000005 1277.5000000000002 1645.5000000000002 2800.5000000000005 310.50000000000006 1500.5000000000002 260.50000000000006 19.967857142857145 23.88571428571429 1841.8166666666668 0.83966414931270739 -0.83789107429055565 23.678571428571434 977.04500000000019 0.91248814248966237 -0.70900320270980455 229.50000000000003 326.50000000000006 2150.5000000000005 268.50000000000006 78.250000000000014 -0.94388905186573491 6.4150000000000009 24.975000000000005 22.01071428571429 30.475000000000005 -0.98372925196996197 1.0000000180025095e-35 -0.70900320270980455 -0.55656394595157355 5.6500000000000012 312.61047453110206 1725.9400000000003 1933.5750000000003 3.4950000000000006 10.500000000000002 340.50000000000006 1700.5000000000002 0.27074174196563189 348.09980694367903 1673.3500000000001 -0.62588708731544751 41.650000000000013
decision_type=2 2 2 2 2 2 2 2 2 2 2 2 2 2 2 2 2 2 2 2 2 2 2 2 2 2 2 2 2 2 2 2 2 2 2 2 2 2 2 2 2 2 2 2
left_child=2 3 6 29 5 16 14 11 -5 10 36 12 21 -13 32 18 -3 -15 26 -6 -16 22 -4 -17 35 -22 27 -11 -12 31 -31 -2 -1 -14 -32 -9 -10 -21 -18 -40 42 -7 -41 -20
right_child=1 4 7 8 19 41 -8 24 9 15 28 13 33 17 20 23 38 -19 43 37 25 -23 -24 -25 -26 -27 -28 -29 -30 30 34 -33 -34 -35 -36 -37 -38 -39 39 40 -42 -43 -44 -45
leaf_value=-13.774970015520486 1.0634348974145142 9.8220998402522888 -1.0960324690325434 3.738644429782612 10.927841424842759 -3.0629308232354311 -2.0502628010469017 1.0933676082016268 1.8071518992992082 0.69987457783246554 2.3580619694740719 -3.3321614650230638 -2.9113260521147435 1.2963460482969662 -4.8764082655204852 -8.1335207901525788 2.5724392863094727 -1.3791108499137397 1.9218892327794093 37.945235580003221 -8.904845797586681 -2.9299774584545024 1.0408149848871016 0.31403101082058582 3.4918889404532387 -1.3954283236196987 -0.56551760522997252 2.9223400183657646 6.6917242179319505 -1.614557221883715 -0.40692144456284268 -0.20462564579584408 -9.1607950732689485 0.65254560344541113 3.9319033937013383 -1.8824165520669931 -0.39934352349635216 24.735216743739624 9.1683524087331687 0.77907658401090429 4.717665451809256 5.2359848917638212 6.3701527981441197 -3.7600507487191157
leaf_weight=2768 208 474 105 323 40 21 112 115 35 188 410 58 1176 97 2573 21 97 46 32 2369 88 31 63 79 21 98 36 1087 214 53 333 88 48 34 38 227 290 151 396 45 116 493 687 24
leaf_count=2768 208 474 105 323 40 21 112 115 35 188 410 58 1176 97 2573 21 97 46 32 2369 88 31 63 79 21 98 36 1087 214 53 333 88 48 34 38 227 290 151 396 45 116 493 687 24
internal_value=-0.000747559 0.00913106 -0.0115138 0.00506837 0.0120047 0.00994891 -0.0132162 -0.00660484 0.00635683 0.00571044 0.00345801 -0.00780511 -0.00863104 -0.00199901 -0.0134656 0.00716516 0.0114275 0.00197065 0.00777705 0.0138733 -0.0122801 -0.00216976 -0.000160619 -0.00116883 -0.00127238 -0.00756045 0.00820075 0.00847933 0.00590771 0.000162477 -0.00169064 0.00282675 -0.0146255 -0.00969093 -0.000517381 -0.00209588 -0.00123654 0.0140578 0.0102319 0.0106318 0.00954722 0.00472087 0.0104453 -0.00208556
internal_weight=16008 8348 7660 3459 4889 2329 5687 1973 2739 2416 949 1610 1409 201 5575 1467 1815 143 1367 2560 2759 199 168 100 363 186 1311 1275 624 720 424 296 2816 1210 371 342 325 2520 1341 1244 848 514 732 56
internal_count=16008 8348 7660 3459 4889 2329 5687 1973 2739 2416 949 1610 1409 201 5575 1467 1815 143 1367 2560 2759 199 168 100 363 186 1311 1275 624 720 424 296 2816 1210 371 342 325 2520 1341 1244 848 514 732 56
is_linear=0
shrinkage=0.03


Tree=25
num_leaves=45
num_cat=3
split_feature=21 21 22 21 21 7 7 21 16 7 22 7 23 27 33 0 33 28 16 0 33 17 15 0 16 21 28 15 27 22 10 12 16 19 17 15 7 12 32 10 27 28 27 22
split_gain=1871.01 96.2834 88.0435 21.523 19.8365 15.2375 13.7072 11.5133 10.3505 9.35781 8.08978 7.42986 7.00667 5.75659 5.68927 6.00006 5.60356 5.52715 10.5559 5.41614 5.37178 5.34533 5.11099 5.07947 4.89271 4.7513 4.63255 4.43039 5.45942 4.21227 4.02008 4.001 3.88529 4.06476 3.84891 5.80843 3.79027 3.36072 3.32652 3.31877 3.27846 3.24863 3.6814 3.21393
threshold=1551.5000000000002 2255.6700000000005 1280.5000000000002 1690.5000000000002 1140.1950000000004 258.50000000000006 345.50000000000006 1450.5000000000002 0.878110924644389 306.50000000000006 2000.5000000000002 222.50000000000003 1492.0000000000002 24.825000000000006 3.3950000000000005 0 5.1650000000000009 21.625000000000004 -0.98214488425316759 1 5.4850000000000012 0.90893208180343155 -0.63257203029273779 2 -0.8983350073998303 1277.5000000000002 27.625000000000004 0.99748108949426018 27.475000000000005 1725.9400000000003 1607.3571428571429 2684.4333333333338 0.3036948619824264 1.9499999999999933 -0.52765736634565841 0.054805126479326886 51.500000000000007 1349.8000000000002 26.050000000000001 2478.7857142857147 21.175000000000001 21.725000000000005 21.975000000000005 1593.0000000000002
decision_type=2 2 2 2 2 2 2 2 2 2 2 2 2 2 2 9 2 2 2 9 2 2 2 9 2 2 2 2 2 2 2 2 2 2 2 2 2 2 2 2 2 2 2 2
left_child=2 3 4 19 12 7 10 8 27 20 -3 36 -1 24 31 29 17 18 -12 -2 21 -5 -9 -22 -7 -6 39 28 43 -16 -26 -11 41 -34 35 -30 -10 -24 -21 -25 -17 -23 -43 -4
right_child=1 6 5 9 25 13 -8 22 11 14 16 -13 -14 -15 15 40 -18 -19 -20 38 23 32 37 26 30 -27 -28 -29 34 -31 -32 -33 33 -35 -36 -37 -38 -39 -40 -41 -42 42 -44 -45
leaf_value=-11.111720915054873 0.97416440879119814 7.7966416247783537 -3.6271702972330466 4.2171638973398444 -3.7483515720247507 -7.7759791142903527 6.2953161257114854 -0.0055655503103446335 -3.9596407396433868 3.6143158288293282 -4.0994558165655874 -3.3261521669522573 -0.073601934593300486 2.8799411105575095 -2.517896022986764 2.5178877203657963 8.2061929381297318 28.290034090762063 14.47819774423062 -0.42444485009680194 3.9377868462538035 5.339590003948568 0.82963031907098639 -1.6760396440550858 -1.030506034670543 -2.6476319566979347 3.6256041186773951 0.203675329267204 -4.227825873430378 3.3094959407297209 2.0780147720280002 11.586540167035951 2.0446598415183415 -0.95062119561309821 -0.64924268058060186 -2.0953762408729473 2.3265528001856888 -1.5868018036014404 0.4665148088430055 9.6371899079405114 -1.485567173345405 -0.64698909162543483 1.7270455677240375 -3.1842219379202015
leaf_weight=4077 262 108 686 1509 1107 59 208 216 20 288 25 32 33 34 48 76 308 3110 264 260 246 88 29 135 270 369 80 34 124 209 118 61 51 59 104 173 54 283 352 20 137 39 184 38
leaf_count=4077 262 108 686 1509 1107 59 208 216 20 288 25 32 33 34 48 76 308 3110 264 260 246 88 29 135 270 369 80 34 124 209 118 61 51 59 104 173 54 283 352 20 137 39 184 38
internal_value=-0.000689431 0.00940335 -0.0111254 0.00616871 -0.0131518 -0.00614617 0.0127021 -0.00741844 -0.0089732 0.00729915 0.0131116 0 -0.0142252 -0.0013968 0.00451959 0.00235482 0.0133479 0.0137013 0.00969215 0.00198719 0.00824188 0.00895135 -0.0036868 0.00538765 -0.00230821 -0.0101599 0.00188494 -0.00979381 -0.0101164 0.00532385 -0.00107447 0.00742481 0.00594158 0.00106267 -0.00728497 -0.00902726 0.00522267 -0.00614226 0.000380968 -0.00104449 -0.00139848 0.0076567 0.00570148 -0.0116793
internal_weight=15987 8127 7860 4104 5586 2274 4023 1793 1265 3230 3815 106 4110 481 819 470 3707 3399 289 874 2411 1930 528 481 447 1476 235 1159 1125 257 388 349 421 110 401 297 74 312 612 155 213 311 223 724
internal_count=15987 8127 7860 4104 5586 2274 4023 1793 1265 3230 3815 106 4110 481 819 470 3707 3399 289 874 2411 1930 528 481 447 1476 235 1159 1125 257 388 349 421 110 401 297 74 312 612 155 213 311 223 724
cat_boundaries=0 1 2 3
cat_threshold=1131690 598086 50400
is_linear=0
shrinkage=0.03


Tree=26
num_leaves=45
num_cat=1
split_feature=21 21 10 21 21 6 6 22 21 26 31 28 16 11 0 16 21 33 22 21 22 33 28 15 20 15 6 16 20 16 16 15 29 19 11 28 15 33 11 15 11 11 13 28
split_gain=1807.13 99.7313 85.7266 26.5161 23.5728 13.9166 11.4678 9.96415 7.54399 7.35666 7.17839 6.60365 5.8919 5.68505 5.67106 5.44038 5.37451 5.08273 4.78046 4.18402 4.15477 4.12111 3.93759 3.90286 4.85874 13.5282 5.1266 3.83709 3.79179 3.68796 4.20223 3.57673 4.9221 4.48623 4.24862 3.72805 6.22479 3.68304 4.99584 3.36679 3.35945 3.29349 3.20399 4.12121
threshold=1551.5000000000002 2500.5000000000005 1142.9285714285718 1776.5050000000003 1370.5000000000002 10.500000000000002 11.500000000000002 2030.5000000000002 1097.5000000000002 1.0000000180025095e-35 37.850000000000009 21.625000000000004 0.78725952717486247 253.99217167313614 0 -0.92641089502887486 1492.0000000000002 5.1650000000000009 1227.5000000000002 2298.5000000000005 1600.5000000000002 5.3750000000000009 27.625000000000004 -0.96904977397942549 23.625000000000004 0.44312301391210612 9.5000000000000018 -0.81862078084264434 26.082142857142863 -0.14250758662009075 -0.93197223986804445 -0.77243990499604276 24.125000000000004 4.9499999999999975 301.38568866708829 24.775000000000002 0.82293497932636273 5.9150000000000009 118.89871640143265 0.98486764554468398 231.20471177792575 74.801324154329663 1942.2172303271443 16.450000000000003
decision_type=2 2 2 2 2 2 2 2 2 2 2 2 2 2 9 2 2 2 2 2 2 2 2 2 2 2 2 2 2 2 2 2 2 2 2 2 2 2 2 2 2 2 2 2
left_child=2 3 8 9 6 13 23 -3 18 31 -11 15 28 19 20 -9 -6 -13 -1 21 -7 42 41 -4 39 26 27 -26 -12 30 -18 -2 33 37 -35 36 -34 -33 -39 -25 -8 -23 43 -5
right_child=1 7 4 5 16 14 40 11 -10 10 12 17 -14 -15 -16 -17 29 -19 -20 -21 -22 22 -24 24 25 -27 -28 -29 -30 -31 -32 32 35 34 -36 -37 -38 38 -40 -41 -42 -43 -44 -45
leaf_value=-12.248369287603229 2.8596386556633604 9.4862851282552203 -3.3518728170015128 -0.3403264525959912 -1.7102216328845565 -0.81762524794110047 -3.635688554297178 -2.6883571701099709 -4.0702237441676541 1.2867071819619149 2.4831527018530628 29.983749603003943 -0.28347610327096162 4.5575989033275341 1.9340040612361065 22.553352574926016 -1.3469671070775586 7.3774586881274287 -3.3896516236763521 8.5563428165165671 3.8701658417255658 5.29480706681814 5.6905444553231588 -4.5054770297406694 -2.2672787203941267 3.5436181306449472 1.0809657903237144 -3.48037064946659 -0.40386239229886428 -0.76701265748374114 1.4546939941061794 2.6025674249943678 2.2156212515072706 -1.3226438539882315 2.4306984974642898 -1.4617463040723508 -4.6881368962021117 2.0820961063023709 -3.1194036209400702 -1.3967643901032283 0.066295129934543409 0.73034819558623887 5.5251405187857925 4.0244560243907799
leaf_weight=3363 40 82 244 23 767 49 57 25 862 580 144 2801 119 439 434 272 64 124 48 363 389 32 113 448 171 41 20 1088 22 362 134 169 49 159 74 126 28 20 25 49 142 153 193 1080
leaf_count=3363 40 82 244 23 767 49 57 25 862 580 144 2801 119 439 434 272 64 124 48 363 389 32 113 448 171 41 20 1088 22 362 134 169 49 159 74 126 28 20 25 49 142 153 193 1080
internal_value=-0.000670666 0.00924832 -0.010927 0.00649624 -0.00750523 0.00803127 -0.00936994 0.0132644 -0.0137984 0.00326796 0.00511155 0.0135275 0.00119958 0.00921372 0.00477812 0.00922922 -0.00432673 0.0139626 -0.0144358 0.00990854 0.00715688 0.00923844 0.00602818 -0.0100344 -0.00954928 -0.00858799 -0.00913298 -0.00937336 0.00485852 -0.00208356 0.00119637 0.000952036 0.000410706 0.00217401 -0.000694981 -0.00345643 0.00171206 0.0053106 -0.00226164 -0.0120941 -0.00247112 0.00330632 0.00997377 0.00933914
internal_weight=15987 8127 7860 4823 3587 3268 2260 3304 4273 1555 865 3222 285 2396 872 297 1327 2925 3411 1957 438 1594 298 2061 1817 1320 1279 1259 166 560 198 690 650 447 233 203 77 214 45 497 199 185 1296 1103
internal_count=15987 8127 7860 4823 3587 3268 2260 3304 4273 1555 865 3222 285 2396 872 297 1327 2925 3411 1957 438 1594 298 2061 1817 1320 1279 1259 166 560 198 690 650 447 233 203 77 214 45 497 199 185 1296 1103
cat_boundaries=0 1
cat_threshold=17578
is_linear=0
shrinkage=0.03


Tree=27
num_leaves=45
num_cat=1
split_feature=21 21 10 21 21 7 7 15 21 30 31 16 16 6 16 0 7 17 11 16 28 11 6 27 15 28 16 16 19 17 17 16 10 7 7 21 21 20 29 31 15 29 32 11
split_gain=1764.43 99.5682 85.83 25.3332 23.7841 14.7201 11.4289 10.2495 8.14222 7.26553 6.92512 5.8919 5.86633 5.76946 5.75586 5.68922 5.42726 9.78693 5.16597 5.16207 5.03932 5.12193 4.81922 4.56225 4.36578 4.36271 5.82625 4.32709 4.32267 4.81039 6.68022 4.80508 5.18979 4.24829 4.18399 4.18024 4.11159 3.79179 3.76476 3.632 3.61291 4.80524 4.67454 4.11373
threshold=1551.5000000000002 2500.5000000000005 1150.0714285714287 1776.5050000000003 1370.5000000000002 306.50000000000006 258.50000000000006 0.94353349168649059 1097.5000000000002 1.0000000180025095e-35 37.850000000000009 0.78725952717486247 -0.81862078084264434 4.5000000000000009 -0.86600738435842672 0 268.50000000000006 -0.62588708731544751 253.99217167313614 0.84313847884979054 24.075000000000006 234.2668401224241 5.5000000000000009 26.575000000000006 0.96633974041180493 21.625000000000004 -0.96929669384506845 0.59004413292372648 5.6499999999999995 -0.88918525430897799 0.1318557721318592 0.4737060765891063 1497.5000000000002 3.5000000000000004 340.50000000000006 1210.5000000000002 1976.9000000000003 26.082142857142863 24.675000000000008 75.649999999999991 -0.77243990499604276 24.125000000000004 4.7499999999999982 111.26972805281598
decision_type=2 2 2 2 2 2 2 2 2 2 2 2 2 2 2 9 2 2 2 2 2 2 2 2 2 2 2 2 2 2 2 2 2 2 2 2 2 2 2 2 2 2 2 2
left_child=2 3 8 9 6 16 12 22 24 40 -11 37 35 19 -8 -7 17 20 36 33 -5 27 23 -3 -1 26 -24 -22 -15 -30 -31 32 -32 -6 -17 -4 -19 -12 -38 -14 -2 42 -42 -44
right_child=1 7 4 5 13 15 14 -9 -10 10 11 -13 39 28 -16 34 -18 18 -20 -21 21 -23 25 -25 -26 -27 -28 -29 29 30 31 -33 -34 -35 -36 -37 38 -39 -40 -41 41 -43 43 -45
leaf_value=-11.88091820897513 2.7738494959934621 14.64203930478536 -3.502178180220735 4.578397173414289 2.015842161126578 3.5398737464570376 -8.5501377431254095 5.0874545449353263 -3.8683967494077001 1.2481059665030578 2.4086581207974733 -0.27497182017283422 -3.5488036357172721 0.19098196946184201 -1.3244237716804708 -0.8709971316852102 8.0745368883884776 2.4167457940711734 4.2308489172576129 1.1278647545953686 2.2926236258588575 -1.6470553100002074 -2.6077064550066686 -0.57939128531507322 -1.5863227229618997 29.958665001790141 28.399588652515995 -0.0094476667694993917 1.4335971457329708 -1.4012363317204302 -2.0126197399979353 0.3060500372407432 0.14102161102428795 -2.7077357492885321 3.2617083796126267 0.05298603732243691 4.7905690918831123 -0.39174652052989928 8.3522102559436959 -3.729713542736306 1.9029905996489174 -1.0882871418900935 -2.6670592988342068 0.57426985635397843
leaf_weight=3406 40 200 74 38 20 432 67 146 929 580 144 119 1493 152 252 146 366 532 345 38 43 27 25 31 25 2742 160 119 58 202 177 115 124 438 274 81 629 22 317 209 221 203 56 170
leaf_count=3406 40 200 74 38 20 432 67 146 929 580 144 119 1493 152 252 146 366 532 345 38 43 27 25 31 25 2742 160 119 58 202 177 115 124 438 274 81 629 22 317 209 221 203 56 170
internal_value=-0.000685678 0.00911543 -0.0108201 0.00636562 -0.00731893 0.00786604 -0.00924912 0.0131282 -0.0136297 0.00321008 0.00504219 0.00119958 -0.0101513 -0.00414395 -0.00398621 0.00446779 0.00906295 0.00845666 0.00918874 -0.00670631 0.00256275 0.000539397 0.0134882 0.00926871 -0.0143079 0.0138198 0.00930308 0.00257249 -0.00260476 -0.00363408 -0.00441191 -0.00222783 -0.00422451 -0.00759005 0.00180656 -0.00452611 0.00996347 0.00485852 0.0111584 -0.0106615 0.000908564 0.000364559 0.00210691 -0.000915524
internal_weight=15987 8127 7860 4823 3500 3268 2176 3304 4360 1555 865 285 1857 1324 319 852 2416 2050 1823 496 227 189 3158 231 3431 2927 185 162 828 676 618 416 301 458 420 155 1478 166 946 1702 690 650 447 226
internal_count=15987 8127 7860 4823 3500 3268 2176 3304 4360 1555 865 285 1857 1324 319 852 2416 2050 1823 496 227 189 3158 231 3431 2927 185 162 828 676 618 416 301 458 420 155 1478 166 946 1702 690 650 447 226
cat_boundaries=0 1
cat_threshold=17578
is_linear=0
shrinkage=0.03


Tree=28
num_leaves=45
num_cat=2
split_feature=21 22 21 21 21 7 21 7 16 7 14 25 7 14 7 23 29 21 31 16 22 21 14 27 0 31 15 20 17 0 11 17 14 7 31 11 18 20 20 23 15 25 15 29
split_gain=1726.27 94.8585 94.4978 23.1187 20.1902 15.0007 14.8687 11.7164 11.638 8.66988 7.64207 7.99905 7.46096 7.05519 6.9204 5.77416 5.72392 5.58495 5.5804 5.5519 5.51071 5.20398 4.87039 5.95349 4.73676 4.67593 4.59525 4.40054 4.20339 4.1778 4.07227 4.06245 5.00099 4.06227 3.99539 3.91595 3.87499 3.75317 4.76857 4.26569 3.61771 3.57618 4.88818 3.5064
threshold=1590.5000000000002 1280.5000000000002 2600.5000000000005 1800.5000000000002 1097.5000000000002 310.50000000000006 1451.5000000000002 258.50000000000006 0.878110924644389 345.50000000000006 0.70290292807158605 24.075000000000006 187.50000000000003 -0.98046803196378884 222.50000000000003 1353.0000000000002 23.225000000000005 1277.5000000000002 39.40000000000002 -0.83789107429055565 2077.3450000000007 2255.6700000000005 0.7210268013660811 24.175000000000004 0 1.0000000180025095e-35 0.99748108949426018 22.553571428571434 -0.97507822412530132 1 287.02082220799065 0.91423533665985768 0.79904096188274243 51.500000000000007 0.19999999999998228 116.9126650681582 5.6000000000000139 24.175000000000004 25.175000000000004 1914.9900000000002 -0.80417042486635371 21.625000000000004 0.76002003530985496 20.425000000000004
decision_type=2 2 2 2 2 2 2 2 2 2 2 2 2 2 2 2 2 2 2 2 2 2 2 2 9 2 2 2 2 9 2 2 2 2 2 2 2 2 2 2 2 2 2 2
left_child=1 4 3 10 15 21 7 8 19 20 12 -12 18 -14 33 -1 29 28 -2 36 -4 31 41 -24 40 -8 -21 -18 -6 -7 -23 32 -5 -10 -9 -13 -3 39 -39 -26 -15 42 -22 -33
right_child=2 6 9 5 17 16 25 34 14 -11 11 35 13 24 -16 -17 27 -19 -20 26 22 30 23 -25 37 -27 -28 -29 -30 -31 -32 43 -34 -35 -36 -37 -38 38 -40 -41 -42 -43 -44 -45
leaf_value=-10.804490662705877 1.7840707024630365 0.082185353755853605 16.289740344661336 4.4897927314024173 -1.6956806005399334 1.5370148467839158 -1.9967412444867771 -3.0264491353169887 -3.5992230974903441 10.246885905857068 2.4526596830486165 0.83059196114845124 7.7065092536806565 -0.93775969041620555 -2.8816331581805477 -3.5259323944015524 -3.1717188849068654 -2.3698620952651082 -0.52324273035249913 -3.1435882602682383 -0.47439411428447326 7.8511353845003349 32.969146335683774 0.43434618472876646 0.083959490158281372 -0.00064284466453500499 0.33782785303926627 2.2299622184486294 -3.6037022721859535 3.6468555222319421 5.7727422294736597 4.8992318247181457 2.4314576493602522 2.3681204186310936 0.50667068193193243 -1.6612911191670263 -3.1385297259039522 2.1715799796709438 -0.0020201451701450423 4.5791785909510052 0.1898847500042416 29.659905051736441 29.822914905672757 0.81657662203970405
leaf_weight=3545 558 72 41 1159 66 233 274 185 20 110 53 64 56 53 34 43 50 370 25 1042 29 526 65 68 304 441 34 76 1563 404 164 68 264 58 163 170 40 168 63 85 203 2655 148 175
leaf_count=3545 558 72 41 1159 66 233 274 185 20 110 53 64 56 53 34 43 50 370 25 1042 29 526 65 68 304 441 34 76 1563 404 164 68 264 58 163 170 40 168 63 85 203 2655 148 175
internal_value=-0.00069506 -0.010607 0.00910926 0.00651927 -0.0127386 0.0080831 -0.00556557 -0.00713367 -0.0084432 0.0131982 0.00381055 -0.000668757 0.00466108 0.00299002 0.000776093 -0.0140874 0.00441882 -0.0103156 0.00732636 -0.00931487 0.0135015 0.00926828 0.0136528 0.00797896 0.00232508 -0.00194658 -0.0099777 -0.00140365 -0.0110748 0.00557526 0.0114723 0.00835304 0.00896775 0.00572343 -0.00223212 -0.00306279 -0.00291704 0.00370894 0.00680225 0.00195837 -0.00111612 0.0139179 0.00972332 0.00473879
internal_weight=15987 7950 8037 4921 5587 3119 2363 1648 1300 3116 1802 287 1515 932 112 3588 763 1999 583 1188 3006 2356 2965 133 876 715 1076 126 1629 637 690 1666 1423 78 348 234 112 620 231 389 256 2832 177 243
internal_count=15987 7950 8037 4921 5587 3119 2363 1648 1300 3116 1802 287 1515 932 112 3588 763 1999 583 1188 3006 2356 2965 133 876 715 1076 126 1629 637 690 1666 1423 78 348 234 112 620 231 389 256 2832 177 243
cat_boundaries=0 1 2
cat_threshold=2152448 3782657
is_linear=0
shrinkage=0.03


Tree=29
num_leaves=45
num_cat=2
split_feature=21 21 10 21 21 7 7 14 15 14 14 14 28 21 21 16 16 15 31 26 27 27 29 24 33 16 17 14 14 21 16 0 16 0 11 20 7 31 19 15 20 20 21 20
split_gain=1688.43 95.2723 94.8574 25.5565 21.2856 14.9937 10.9921 10.2548 10.0468 8.27113 7.99884 8.05908 7.9035 7.83534 6.6399 6.0384 5.63149 5.27384 4.92334 6.45596 5.09078 4.79182 4.49625 4.46017 4.00862 4.77991 3.96464 6.93002 4.46959 3.84396 3.83229 5.30565 4.57076 3.83132 3.81137 3.78969 3.74525 3.6952 3.412 3.5176 3.30555 4.79473 3.2698 13.9325
threshold=1590.5000000000002 2600.5000000000005 1150.0714285714287 1370.5000000000002 1950.5000000000002 310.50000000000006 258.50000000000006 0.70290292807158605 0.94353349168649059 0.90162119223771331 0.49065764355977465 -0.98370366633421236 24.075000000000006 1150.5000000000002 1627.5000000000002 -0.86600738435842672 -0.81862078084264434 -0.70900320270980455 47.350000000000001 1.0000000180025095e-35 24.025000000000002 26.575000000000006 23.075000000000006 1749.7900000000002 4.0650000000000004 0.14889030080148793 -0.88918525430897799 -0.62588817255938378 -0.23537230790205757 1210.5000000000002 0.27074174196563189 0 0.50371950759872852 1 114.5643923739669 22.553571428571434 268.50000000000006 75.649999999999991 5.6499999999999995 -0.81925291736142491 29.582142857142863 26.696428571428573 3000.5000000000005 23.525000000000006
decision_type=2 2 2 2 2 2 2 2 2 2 2 2 2 2 2 2 2 2 2 2 2 2 2 2 2 2 2 2 2 2 2 9 2 9 2 2 2 2 2 2 2 2 2 2
left_child=2 4 13 6 7 17 16 10 21 26 11 -2 -9 24 33 -8 29 -6 19 -16 -20 42 -7 36 25 -1 -5 -28 -29 -4 -25 -32 -33 -13 -14 -24 -19 40 39 -30 41 -18 43 -3
right_child=1 8 3 9 5 22 15 12 -10 -11 -12 14 34 -15 18 -17 37 23 20 -21 -22 -23 35 30 -26 -27 27 28 38 -31 31 32 -34 -35 -36 -37 -38 -39 -40 -41 -42 -43 -44 -45
leaf_value=-4.0504947071303876 7.3317292365664075 4.1634143953224472 -3.2890017666485369 1.4233278650452701 8.1063202332759285 3.6838005058703924 -8.0957731262782922 2.3954211435674537 6.7922478650312472 -2.1947274068162801 3.6866254407568886 -0.39012723495909424 0.8782232226589064 -2.5975682145310461 1.6773394912579898 -1.213859112492206 -3.4154192624825894 0.63221608650999772 0.51534162498353453 1.6127126203708713 -0.91127227371548769 1.7701079001843436 -3.0765673183596585 8.0273318950607742 -11.230355942824703 -5.2303559428247031 -1.3160561775988504 0.29715568423957844 2.7921712415459101 0.14570410401081063 5.501488592811997 -2.9611652533855679 3.9660786465390854 0.66748622444249806 -1.2544497620971355 2.3670202550866404 6.6261221667996226 -3.5023598168754893 -1.3567110873418153 -0.45941557979110709 -4.0170707267292478 -2.3149536658386181 34.770107900184342 7.3213090720593437
leaf_weight=282 94 115 74 60 229 428 67 70 116 319 168 104 80 432 753 252 1035 115 118 767 48 45 40 367 3156 490 207 201 28 81 576 29 405 197 219 56 58 209 340 259 155 303 2167 673
leaf_count=282 94 115 74 60 229 428 67 70 116 319 168 104 80 432 753 252 1035 115 118 767 48 45 40 367 3156 490 207 201 28 81 576 29 405 197 219 56 58 209 340 259 155 303 2167 673
internal_value=-0.000728838 0.00896741 -0.0105316 -0.00691819 0.00636687 0.00847206 -0.00895961 0.00451358 0.0130731 -0.00377413 0.00527411 0.00476287 -0.00011379 -0.0135059 0.00435408 -0.00379818 -0.00984438 0.00978697 0.00508689 0.00562266 0.000162553 0.0134086 0.00400114 0.00915231 -0.0139296 -0.0119635 -0.00253128 -0.00296783 -0.0017353 -0.00433269 0.00972478 0.00875854 0.00573519 0.000239123 -0.00224674 -0.00184183 0.00457539 -0.0103443 -0.00298517 -0.000564263 -0.00981314 -0.00932442 0.0135569 0.0118729
internal_weight=15987 8037 7950 3590 4921 2303 2176 2618 3116 1414 2249 2081 369 4360 1987 319 1857 1779 1686 1520 166 3000 524 1550 3928 772 1095 1035 828 155 1377 1010 434 301 299 96 173 1702 627 287 1493 1338 2955 788
internal_count=15987 8037 7950 3590 4921 2303 2176 2618 3116 1414 2249 2081 369 4360 1987 319 1857 1779 1686 1520 166 3000 524 1550 3928 772 1095 1035 828 155 1377 1010 434 301 299 96 173 1702 627 287 1493 1338 2955 788
cat_boundaries=0 1 2
cat_threshold=49386 51329
is_linear=0
shrinkage=0.03


Tree=30
num_leaves=45
num_cat=1
split_feature=21 21 22 21 7 15 15 21 21 15 14 14 14 16 13 14 0 31 10 22 15 10 22 15 11 11 11 5 11 7 22 32 7 18 14 23 14 21 7 22 11 7 31 10
split_gain=1654.22 111.954 74.014 25.363 19.7524 15.1761 13.9489 11.4476 10.4824 20.6086 8.97087 10.3092 11.3923 7.33793 7.65965 6.87973 6.64825 6.35461 6.62479 6.12813 9.72923 6.08 5.43481 5.43217 5.27547 5.26192 4.99439 5.73186 4.94855 4.60588 4.3812 4.36125 5.06174 4.30555 4.16882 4.07822 3.98225 3.93005 3.86642 3.86443 3.80585 3.71619 3.53296 3.48469
threshold=1545.5000000000002 2255.6700000000005 1125.5000000000002 1645.5000000000002 258.50000000000006 0.94353349168649059 0.86004965528756494 1377.5000000000002 3000.5000000000005 0.31595530242620651 -0.97694226132849327 0.21022171450811275 0.79383249484937135 -0.79838158684077809 1735.4924721296404 -0.99275805973510278 0 0.19999999999998228 1214.6428571428576 2550.5000000000005 0.70138038092733435 1778.6428571428576 1450.5000000000002 -0.73865259438682551 123.96312670019627 93.174822826985562 224.56332070738702 3.5000000000000004 341.61609311558942 201.50000000000003 1749.7900000000002 90.050000000000026 144.50000000000003 9.149999999999995 0.12545942051955489 1651.5000000000002 0.80926549319045582 1075.9850000000004 68.500000000000014 2100.5000000000005 407.66466144427585 143.50000000000003 75.649999999999991 2620.7142857142862
decision_type=2 2 2 2 2 2 2 2 2 2 2 2 2 2 2 2 9 2 2 2 2 2 2 2 2 2 2 2 2 2 2 2 2 2 2 2 2 2 2 2 2 2 2 2
left_child=2 3 6 -2 7 8 15 13 9 -3 26 16 21 14 -4 -1 22 -6 -19 -11 43 31 -12 29 -8 -14 -5 -28 38 33 42 32 -13 -9 -18 -25 39 -17 -27 -10 -7 -16 -15 -21
right_child=1 5 4 10 17 40 24 23 36 19 11 12 25 30 41 37 34 18 -20 20 -22 -23 -24 35 -26 28 27 -29 -30 -31 -32 -33 -34 -35 -36 -37 -38 -39 -40 -41 -42 -43 -44 -45
leaf_value=-0.3000679232910079 0.0040917664128551218 7.3404686280225677 0.72920255878891338 7.1750945623526512 -3.0848875585387927 6.6835964866574882 -6.7758418229756643 0.18101277466836563 9.7742769850608955 6.7563378202972624 -4.6559338280476785 0.24401231550758437 3.9689746413879128 -3.2696224909279383 -3.3718914528589097 -10.893445264539963 1.0199279403231969 -2.3159555571346289 1.5097014846998353 -2.2453881603707191 12.001213180819425 4.9234656587572108 2.3101909541195527 -1.9106885662818398 -1.6836989588602091 0.69476333385737687 5.0978511338648387 -1.2263310921247079 7.0651534650228474 0.8888868825983991 1.2930887525276455 -1.280988464351219 2.469041147471589 -1.2136221418410105 -0.93450788253601325 -0.1179203465513001 0.7057817804195633 -3.7135840288456481 -1.3515443144736865 34.010358669110524 1.7372688630991888 -0.62286770850927498 -3.4680536952880012 2.5748865888875909
leaf_weight=36 705 779 67 181 278 167 68 61 23 442 50 80 103 1597 116 3248 816 96 185 66 96 649 1044 513 157 231 34 20 71 55 30 20 194 153 90 70 22 649 70 2102 113 70 231 142
leaf_count=36 705 779 67 181 278 167 68 61 23 442 50 80 103 1597 116 3248 816 96 185 66 96 649 1044 513 157 231 34 20 71 55 30 20 194 153 90 70 22 649 70 2102 113 70 231 142
internal_value=-0.000727763 0.00854827 -0.0107651 0.00523095 -0.00756282 0.0122054 -0.0134766 -0.00853903 0.0127194 0.0108072 0.00623635 0.00584448 0.0078041 -0.00972574 -0.00490715 -0.0138929 0.00445328 -0.0023824 0.000789755 0.00723361 0.00393621 0.00971477 0.00602935 -0.00559441 -0.00618392 0.00400337 0.0119183 0.00382625 0.00233002 -0.00205128 -0.01038 0.00611017 0.00710325 -0.00404951 0.00245279 -0.00722346 0.0140757 -0.0140135 0.000637662 0.0142073 0.00545162 -0.00804406 -0.0105667 0.000273907
internal_weight=15990 8310 7680 4358 3522 3952 4158 2963 3672 1525 3653 3418 1418 2111 253 3933 2000 559 281 746 304 943 1094 852 225 475 235 54 372 269 1858 294 274 214 906 583 2147 3897 301 2125 280 186 1828 208
internal_count=15990 8310 7680 4358 3522 3952 4158 2963 3672 1525 3653 3418 1418 2111 253 3933 2000 559 281 746 304 943 1094 852 225 475 235 54 372 269 1858 294 274 214 906 583 2147 3897 301 2125 280 186 1828 208
cat_boundaries=0 1
cat_threshold=83178
is_linear=0
shrinkage=0.03


Tree=31
num_leaves=45
num_cat=2
split_feature=22 10 10 10 15 16 6 33 20 17 22 16 23 17 17 33 16 15 15 26 10 15 26 17 0 13 33 31 0 24 33 25 17 33 12 20 24 16 20 29 31 18 15 10
split_gain=1541.88 106.434 84.5684 32.2604 26.3972 19.7147 19.2138 13.8504 17.3718 14.6427 11.9123 11.7726 10.5893 10.5747 12.8047 9.73539 8.48934 8.42193 7.72428 7.05938 6.77943 6.15559 5.84275 6.64379 5.77072 5.74906 5.68621 5.23064 5.22638 5.06183 4.97985 4.77523 4.54948 4.52968 4.49867 6.72928 5.13878 4.36663 4.32955 4.11985 4.10463 6.32045 4.06352 4.02572
threshold=1545.5000000000002 2585.7857142857147 1142.9285714285718 1778.6428571428576 0.94353349168649059 -0.87343490179953709 7.5000000000000009 5.5150000000000006 25.346428571428579 -0.62588708731544751 1100.5000000000002 -0.7614135502316719 1510.5000000000002 -0.88918525430897799 0.24372745969684181 3.7850000000000006 0.77241981449888963 -0.69676771491221523 0.95436825032516992 5.6500000000000012 1214.6428571428576 -0.15950993297387572 0.65000000000000002 -0.17646730165275518 0 1887.1642610931774 3.9850000000000008 0.099999999999982256 1 2491.0000000000005 3.8350000000000004 25.025000000000002 -0.90892157495189674 5.1650000000000009 1947.116666666667 26.26071428571429 2676.0400000000004 0.24998082458982465 22.446428571428577 24.075000000000006 0.099999999999982256 6.250000000000008 0.99932962452255414 1400.0714285714287
decision_type=2 2 2 2 2 2 2 2 2 2 2 2 2 2 2 2 2 2 2 2 2 2 2 2 9 2 2 2 9 2 2 2 2 2 2 2 2 2 2 2 2 2 2 2
left_child=2 3 10 17 33 22 11 18 24 -10 26 25 -13 20 43 -16 30 19 32 28 -8 -19 23 38 39 -4 37 42 -2 -26 -14 -25 -7 -3 35 -34 -36 -1 -5 -9 -20 -42 -23 -15
right_child=1 4 6 5 -6 7 13 8 9 -11 -12 12 16 14 15 -17 -18 21 40 -21 -22 27 -24 31 29 -27 -28 -29 -30 -31 -32 -33 34 -35 36 -37 -38 -39 -40 -41 41 -43 -44 -45
leaf_value=-3.3095585445498261 0.68907845732791773 26.9166579485344 -0.22221443205142122 0.31724465789425266 1.1304729396586481 8.9792023331389945 -1.9594174823570676 2.6140527575697283 -0.29760676559182569 7.2757069926403117 -3.1824649380274876 -3.05170558399535 0.50749799787751948 -3.4148800586885546 0.66147071280086489 -3.4741523000267693 3.9787236083448487 -1.1114025867481165 2.9055923156914329 0.0080451458674360762 3.1855898401450804 -0.57864652941235017 5.4121492285629831 -2.6501850970232179 -3.5330956155966566 -2.4262449308257441 -10.566641906603767 1.4435788920687149 1.7016648002809733 1.3133391183273977 -3.1382727892768365 3.3107776379801361 2.0647662547238563 7.9871688246711887 6.2087049898635982 8.3486828052503679 -0.35851884781000082 -5.1111056846389991 10.475514769801531 -0.40902689488726079 4.5882030681222137 -0.51898182121775338 4.2952973647784845 -1.1470628884229723
leaf_weight=276 218 2767 241 58 171 226 36 48 88 205 534 1804 44 157 326 181 44 144 572 210 82 382 52 196 94 140 3126 467 350 24 126 34 587 163 732 137 27 351 51 66 196 20 40 197
leaf_count=276 218 2767 241 58 171 226 36 48 88 205 534 1804 44 157 326 181 44 144 572 210 82 382 52 196 94 140 3126 467 350 24 126 34 587 163 732 137 27 351 51 66 196 20 40 197
internal_value=-0.000742772 0.00819594 -0.0104515 0.00558125 0.0125994 0.00729894 -0.00689944 0.00811919 0.0036793 0.00853634 -0.0132495 -0.00834563 -0.0092597 -0.00335206 -0.00450819 -0.0014435 -0.00292854 0.00234222 0.0090513 0.00469991 0.00505504 0.000563353 0.000951163 -0.000477735 -0.00244291 -0.00349515 -0.0138478 0.00149814 0.00643725 -0.00676815 -0.00597884 -0.00337679 0.0101878 0.0132681 0.00957589 0.0078677 0.0112001 -0.0112135 0.00560953 0.00239323 0.00658165 0.0101203 -0.000916844 -0.00888732
internal_weight=15990 8325 7665 5224 3101 3413 3378 3022 525 293 4287 2399 2018 979 861 507 214 1811 2497 778 118 1033 391 339 232 381 3753 889 568 118 170 230 1709 2930 1483 724 759 627 109 114 788 216 422 354
internal_count=15990 8325 7665 5224 3101 3413 3378 3022 525 293 4287 2399 2018 979 861 507 214 1811 2497 778 118 1033 391 339 232 381 3753 889 568 118 170 230 1709 2930 1483 724 759 627 109 114 788 216 422 354
cat_boundaries=0 1 2
cat_threshold=25824 3687429
is_linear=0
shrinkage=0.03


Tree=32
num_leaves=45
num_cat=0
split_feature=21 21 22 21 21 15 22 15 21 20 14 15 22 16 12 21 14 13 11 29 16 16 14 14 16 31 22 33 13 25 11 31 32 17 14 16 33 16 14 31 20 17 33 7
split_gain=1560.41 118.161 72.0928 27.4649 20.2502 17.1603 16.7814 12.9594 9.69832 8.49691 8.88505 8.27063 7.80239 7.30871 7.37614 6.90468 6.57131 6.01467 5.97966 5.45147 6.32879 5.45136 5.31067 5.28712 5.22852 5.19112 4.537 4.4179 4.35873 4.34597 4.33903 4.1816 4.158 4.04608 3.93376 4.25081 3.8892 3.59154 3.56477 3.36071 3.27192 3.13552 3.78887 3.75255
threshold=1500.5000000000002 2077.3450000000007 1121.6100000000004 2800.5000000000005 1645.5000000000002 0.31595530242620651 1510.5000000000002 0.86004965528756494 1300.5000000000002 20.232142857142865 -0.98046803196378884 0.91852788691372023 2593.0000000000005 0.88119114410046628 1384.1833333333336 995.5100000000001 -0.96689237009891416 1783.8617850637524 123.96312670019627 27.375000000000004 0.90159200968320541 -0.93197223986804445 -0.98930078251469888 0.80926549319045582 -0.68352903331423187 57.150000000000006 2100.5000000000005 4.2950000000000008 1690.5877507056905 16.450000000000003 224.56332070738702 78.600000000000009 79.950000000000017 0.99731940924863693 0.90162119223771331 -0.94388905186573491 1.6150000000000004 0.90159200968320541 -0.29343379936893921 0.099999999999982256 21.907142857142862 0.07411673974326928 2.2450000000000006 260.50000000000006
decision_type=2 2 2 2 2 2 2 2 2 2 2 2 2 2 2 2 2 2 2 2 2 2 2 2 2 2 2 2 2 2 2 2 2 2 2 2 2 2 2 2 2 2 2 2
left_child=2 4 7 5 41 -3 8 15 31 29 30 23 17 16 -15 -1 -10 27 -9 20 33 -21 -17 26 -18 -22 -5 40 -13 -6 -11 -4 -31 39 35 -8 -24 -19 -30 -12 -7 43 -43 -2
right_child=1 3 6 11 9 12 34 18 13 10 19 28 -14 14 -16 22 24 37 -20 21 25 -23 36 -25 -26 -27 -28 -29 38 32 -32 -33 -34 -35 -36 -37 -38 -39 -40 -41 -42 42 -44 -45
leaf_value=-10.999642649405654 -0.92717369400407501 5.7085395729862558 -3.0940218331048914 9.4612045541250467 -0.7754652818552904 3.2552794472048729 -3.5074746674298445 -6.4642511292237579 0.8888004061888386 7.1002964546519705 0.3503622399812093 -5.5941317440792222 1.9369536616949881 2.2294046937149368 -1.9897074689721046 0.25876176797734501 -0.70491087150702691 4.6517926810282564 -1.5439944681555322 -0.27882624855025823 3.0358841522097997 2.810287720838605 -2.7202735880028559 0.43438945222011621 -2.1880501332551545 -0.23749758540276161 30.399194164649451 5.187872835772513 26.048100862720194 3.572963715677024 0.92695438995855617 -3.3309142394608555 1.7629707830217773 3.1152051162832435 -3.1836138856540934 0.058482487616339535 -3.8680377519056535 7.1148592764299377 3.9420265904949336 1.0215319432181649 -1.8715589505201728 3.1686760473391815 0.14220678551205651 2.6966629133247069
leaf_weight=2636 233 751 1652 27 23 54 36 67 75 116 657 23 276 51 38 28 192 708 150 48 250 239 48 27 794 37 2371 124 69 299 36 197 60 64 74 356 1185 287 43 962 54 29 494 50
leaf_count=2636 233 751 1652 27 23 54 36 67 75 116 657 23 276 51 38 28 192 708 150 48 250 239 48 27 794 37 2371 124 69 299 36 197 60 64 74 356 1185 287 43 962 54 29 494 50
internal_value=-0.000740896 0.00815494 -0.0106137 0.0112289 0.00403992 0.00880928 -0.00742316 -0.0132999 -0.00824647 0.00524954 0.00458761 0.0133577 0.00695363 -0.00607512 0.00215488 -0.0136979 -0.00676845 0.00797979 -0.00613542 0.00411236 0.00354652 0.00798328 -0.0118563 0.0137611 -0.00742014 0.0076698 0.0139098 0.0036062 0.00608438 0.00941377 0.0116174 -0.00959494 0.0102256 0.00284119 -0.00211757 -0.000910482 -0.0121499 0.00899608 0.00853702 0.00254586 -0.00080481 -0.000145143 0.0012273 -0.00269163
internal_weight=15990 8411 7579 4814 3597 2254 3465 4114 2999 2791 2409 2560 1503 1150 89 3897 1061 1227 217 2257 1970 287 1261 2425 986 287 2398 232 135 382 152 1849 359 1683 466 392 1233 995 112 1619 108 806 523 283
internal_count=15990 8411 7579 4814 3597 2254 3465 4114 2999 2791 2409 2560 1503 1150 89 3897 1061 1227 217 2257 1970 287 1261 2425 986 287 2398 232 135 382 152 1849 359 1683 466 392 1233 995 112 1619 108 806 523 283
is_linear=0
shrinkage=0.03


Tree=33
num_leaves=45
num_cat=1
split_feature=21 21 10 21 15 21 21 7 33 14 20 15 7 23 29 16 16 31 16 16 27 15 20 7 13 20 29 16 14 16 29 5 21 14 13 7 12 0 14 24 20 16 31 12
split_gain=1500.02 113.375 71.7165 29.3777 23.1253 18.5211 17.1433 11.9207 11.5016 7.58554 9.1956 6.82536 6.16413 6.11187 5.53321 6.43048 5.32849 5.08801 4.88018 6.29717 6.87986 4.81476 4.6144 13.513 5.87671 4.28977 4.42181 4.1977 4.15444 4.40429 4.80536 4.07359 4.00439 3.92225 3.90325 3.87868 3.8168 3.63487 3.54309 3.52803 3.46565 3.33837 3.01741 3.4049
threshold=1500.5000000000002 2077.3450000000007 1142.9285714285718 3000.5000000000005 0.29958852271690523 1645.5000000000002 1370.5000000000002 334.50000000000006 5.0700000000000012 -0.98046803196378884 20.232142857142865 0.91159213926341531 47.500000000000007 1327.5000000000002 27.375000000000004 0.90159200968320541 -0.93197223986804445 57.150000000000006 0.14889030080148793 -0.35142503082623217 23.875000000000004 -0.96904977397942549 23.410714285714292 64.500000000000014 1647.7608418367349 25.389285714285723 25.275000000000002 0.99865421017599998 0.074116354202380205 0.84313847884979054 26.875000000000004 3.5000000000000004 1298.5000000000002 0.80926549319045582 1833.6040548598692 10.500000000000002 1651.1500000000003 0 0.90162119223771331 1750.5000000000002 29.653571428571432 -0.83789107429055565 0.099999999999982256 1555.0500000000002
decision_type=2 2 2 2 2 2 2 2 2 2 2 2 2 2 2 2 2 2 2 2 2 2 2 2 2 2 2 2 2 2 2 2 2 2 2 2 2 9 2 2 2 2 2 2
left_child=2 5 8 4 -3 42 7 21 13 31 39 33 34 18 15 37 -16 -17 19 -1 -21 -4 35 -24 41 26 -14 -20 36 30 -30 -7 -10 -5 -6 -23 -8 -12 -27 -11 -26 -25 -2 -44
right_child=1 3 6 11 12 9 28 -9 32 10 14 -13 25 -15 16 17 -18 -19 27 20 -22 22 23 24 40 38 -28 -29 29 -31 -32 -33 -34 -35 -36 -37 -38 -39 -40 -41 -42 -43 43 -45
leaf_value=-4.674442990413838 -0.73190381147150219 5.7287792005793587 -2.7270035164578381 32.487218339709962 3.0837324043188343 6.8784505925952493 -1.0065152252919642 -1.1967588790725312 -9.9196533699234877 1.8108854382939568 1.2941052244115872 19.624295135431289 4.5004613701002967 0.77241897863759956 -0.2704614610937483 2.9448076276435073 2.7259790892134448 -0.23037265784068039 -4.8456627060074311 0.14723829214406806 -2.7250520117833674 -0.85245374870385371 4.1099709533023203 0.44402351452906941 -3.0240378478768251 7.0062199509044172 -1.6483525202047404 -0.18630465047610983 -2.9709868106117141 2.7916646505444715 -1.178184644716008 0.61507743325299313 -0.74305801590287723 0.43196157870022261 5.0556210664160375 -4.3351613944230385 0.32534252042022671 0.46478989491661421 -0.49899967091778763 3.2508174878654423 -3.3664989067645297 -1.6384612152618876 1.1015412718288302 -0.13058062823607086
leaf_weight=339 268 974 244 2035 90 119 354 193 2921 84 910 154 883 28 48 250 239 37 734 93 108 49 49 42 770 163 48 32 241 27 288 33 26 22 421 406 154 773 24 298 171 310 227 311
leaf_count=339 268 974 244 2035 90 119 354 193 2921 84 910 154 883 28 48 250 239 37 734 93 108 49 49 42 770 163 48 32 241 27 288 33 26 22 421 406 154 773 24 298 171 310 227 311
internal_value=-0.000759658 0.00796234 -0.0104395 0.0109734 0.0088095 0.0039315 -0.00711228 -0.00860615 -0.0130018 0.00508832 0.0047107 0.0135191 0.00661838 -0.0106791 0.00397944 0.00340947 0.00787879 0.00756531 -0.010977 -0.0087706 -0.00453506 -0.00928029 -0.00873741 -0.00784368 -0.0084309 0.00536356 0.00452368 -0.0125271 -0.00397237 -0.00576695 -0.00637309 0.0116174 -0.0140518 0.013977 0.00935629 -0.0113645 -0.00200157 0.00269859 0.00952432 0.0090212 -0.00967166 -0.00510366 -7.07108e-05 0.00122096
internal_weight=15990 8411 7579 4814 2603 3597 3298 2234 4281 2791 2639 2211 1629 1334 2257 1970 287 287 1306 540 201 2041 1797 1342 1293 1118 931 766 1064 556 529 152 2947 2057 511 455 508 1683 187 382 941 352 806 538
internal_count=15990 8411 7579 4814 2603 3597 3298 2234 4281 2791 2639 2211 1629 1334 2257 1970 287 287 1306 540 201 2041 1797 1342 1293 1118 931 766 1064 556 529 152 2947 2057 511 455 508 1683 187 382 941 352 806 538
cat_boundaries=0 1
cat_threshold=85178
is_linear=0
shrinkage=0.03


Tree=34
num_leaves=45
num_cat=0
split_feature=22 23 22 23 23 22 7 17 17 7 33 7 25 33 31 17 17 7 17 17 25 31 7 18 31 17 15 31 29 15 7 32 18 22 15 19 23 33 20 13 13 33 11 5
split_gain=1387.04 106.989 87.8049 30.4171 22.6893 18.4458 15.7938 10.6385 11.0592 10.0708 8.69864 8.25469 7.84138 7.78393 7.3357 7.19771 8.13927 6.65327 6.62234 6.60265 6.49276 6.45869 8.36565 6.73445 7.22182 6.15718 6.15227 6.10577 6.07912 5.64317 5.49404 5.52777 5.94775 5.42319 7.9901 5.15063 4.81654 4.7963 4.78681 4.71777 4.45305 4.16035 4.05503 3.8775
threshold=1545.5000000000002 2600.5000000000005 1125.5000000000002 1849.7150000000004 1397.5000000000002 1347.5000000000002 345.50000000000006 -0.81801230613066578 0.052657569964411031 258.50000000000006 5.5150000000000006 326.50000000000006 25.575000000000006 5.0250000000000012 24.650000000000013 -0.62588708731544751 0.6490740716826261 53.500000000000007 -0.98631490141008282 0.92763104771667149 16.450000000000003 0.099999999999982256 62.500000000000007 2.800000000000002 8.9499999999999993 0.95753409784554566 0.42763731121559989 34.95000000000001 24.125000000000004 0.99748108949426018 224.50000000000003 212.50000000000003 3.1000000000000183 3000.5000000000005 0.19969739736768838 146.55000000000004 1042.0350000000001 5.5150000000000006 22.396428571428576 1570.0565577054913 1700.3951933023795 3.8950000000000005 65.237660756321759 1.5000000000000002
decision_type=2 2 2 2 2 2 2 2 2 2 2 2 2 2 2 2 2 2 2 2 2 2 2 2 2 2 2 2 2 2 2 2 2 2 2 2 2 2 2 2 2 2 2 2
left_child=2 3 4 21 13 42 10 -5 12 15 33 19 17 18 -11 -7 30 -9 -1 20 -10 22 43 -23 -25 40 -14 39 -13 -18 31 32 -17 34 -3 -36 -15 38 -19 -26 -21 -24 -4 -2
right_child=1 6 5 7 -6 9 -8 8 11 14 -12 28 26 36 -16 16 29 37 -20 25 -22 23 41 24 27 -27 -28 -29 -30 -31 -32 -33 -34 -35 35 -37 -38 -39 -40 -41 -42 -43 -44 -45
leaf_value=0.85706766942153534 5.1196222305596439 5.0928784747112008 -2.8257544178823797 8.1909197678936447 0.35279564580370787 -2.2438647965808705 1.9055091099192987 5.5633215028700187 -0.80032937666727888 -1.1200842309609789 3.0102520152601753 3.8597295485257757 0.72725501443374352 -11.092063768825783 2.504056618381894 0.96626818645215851 -2.5614818465076747 -0.64342726258481664 -4.117949575402208 6.7648138293583173 5.1098279273305049 2.581429596010048 1.0253222356930269 -1.0670097758024395 4.5325352160213113 2.9137761917807095 6.2085579761218499 0.13893429803891763 -1.6887075337246846 1.3767794695552469 -1.1363980486237164 3.1338322579578128 -1.4226219632755328 30.665197497510455 9.3504013799665842 1.3359063360841446 -3.6056720019417501 -1.2780976728936935 2.1677761333297108 0.78847646498656099 -0.5633523510572126 -1.2010004412440094 -2.6691792122138804 0.67306410991145404
leaf_weight=25 83 487 704 324 109 462 153 101 28 224 84 460 94 2464 110 166 293 121 1156 21 768 377 218 122 130 223 200 466 73 33 87 40 99 2077 148 99 464 160 362 478 79 271 1229 118
leaf_count=25 83 487 704 324 109 462 153 101 28 224 84 460 94 2464 110 166 293 121 1156 21 768 377 218 122 130 223 200 466 73 33 87 40 99 2077 148 99 464 160 362 478 79 271 1229 118
internal_value=-0.000710877 0.00776711 -0.00991924 0.00518125 -0.0128226 -0.00636535 0.0122427 0.00715537 0.00653396 -0.00388151 0.0127395 0.00806065 0.00410076 -0.013181 0.000709368 -0.00518346 -0.0032962 0.00245532 -0.01111 0.0095273 0.0109999 0.00255048 0.000126069 0.00361198 0.00250564 0.00588672 0.0082523 0.00329299 0.00497468 -0.00679853 -0.000374904 0.00151426 -4.52659e-05 0.0130241 0.0107846 0.0063618 -0.0140149 0.00132483 0.00281929 0.0052738 -0.00026973 -0.00198732 -0.00830893 0.00528095
internal_weight=15990 8325 7665 5277 4218 3447 3048 3014 2690 1514 2895 1652 1038 4109 334 1180 718 744 1181 1119 796 2263 690 1573 1196 323 294 1074 533 326 392 305 265 2811 734 247 2928 643 483 608 100 489 1933 201
internal_count=15990 8325 7665 5277 4218 3447 3048 3014 2690 1514 2895 1652 1038 4109 334 1180 718 744 1181 1119 796 2263 690 1573 1196 323 294 1074 533 326 392 305 265 2811 734 247 2928 643 483 608 100 489 1933 201
is_linear=0
shrinkage=0.03


Tree=35
num_leaves=45
num_cat=1
split_feature=21 21 22 21 21 15 21 26 14 14 13 15 14 22 33 25 31 33 33 16 16 12 12 32 0 21 17 15 31 25 20 20 20 33 20 32 15 12 16 31 20 18 14 12
split_gain=1427 120.663 76.7743 33.5168 17.2381 11.3028 11.2413 16.3894 8.82324 10.4169 7.90464 7.68544 7.57823 7.44846 7.43168 7.33891 6.55496 6.5421 6.37364 6.27829 6.14015 6.06236 5.77255 5.38473 5.43127 5.38383 5.30213 5.21423 6.09915 5.02075 4.91057 6.81891 6.20329 5.21209 4.49647 4.39639 8.87602 5.2011 4.36432 5.0557 4.24024 4.05067 4.02424 4.28916
threshold=1510.5000000000002 2593.0000000000005 1051.5000000000002 1776.5050000000003 1347.5000000000002 0.86004965528756494 3150.5000000000005 0.35000000000000003 -0.96235977360714686 0.19337368024598436 1580.919762563067 0.70138038092733435 -0.98930078251469888 1500.5000000000002 5.3750000000000009 16.450000000000003 0.099999999999982256 1.6150000000000004 3.8350000000000004 0.84313847884979054 0.3744682635859638 1422.3166666666668 1563.5500000000002 200.75000000000003 0 1070.5000000000002 0.67008729192674277 -0.93845867424155849 25.400000000000009 25.575000000000006 22.267857142857149 24.43928571428572 25.625000000000004 3.5850000000000004 23.864285714285717 90.050000000000026 -0.7614016681079937 1148.3500000000001 -0.98523971305672675 45.750000000000007 22.496428571428577 0.099999999999982256 0.90162119223771331 1471.5666666666668
decision_type=2 2 2 2 2 2 2 2 2 2 2 2 2 2 2 2 2 2 2 2 2 2 2 2 9 2 2 2 2 2 2 2 2 2 2 2 2 2 2 2 2 2 2 2
left_child=2 3 5 16 13 12 7 10 -5 23 -3 -12 -1 35 15 -11 18 -14 40 20 27 -21 34 24 -10 -19 -8 -6 -29 41 -24 33 -33 -32 -18 36 37 -4 -36 -40 -2 -16 43 -31
right_child=1 6 4 8 19 -7 26 -9 9 14 11 -13 17 -15 29 -17 22 25 -20 21 -22 -23 30 -25 -26 -27 -28 28 -30 42 31 32 -34 -35 38 -37 -38 -39 39 -41 -42 -43 -44 -45
leaf_value=0.11284038359363875 0.40022753620282286 14.948779442339186 -1.4168983383384328 6.1252718311868275 -2.0959427566515783 -3.9475326501841357 32.092645864593351 5.4609432527524628 0.90634350131643937 -0.82487136178070153 -0.85408450341316888 9.3819168503389587 -1.2020821687889611 -2.7280795692285609 0.3023324214927311 4.517652724628328 -0.98180020483283781 -9.2893018557610105 -1.076953587813049 2.2563630345360863 -2.1319351761082519 -1.1732754790349189 2.7777599960124122 4.3349819629509421 2.6194597674878959 -2.9002277497827071 18.734783937860485 -1.0449125690364565 2.1116134184845894 -0.26721579793864064 0.011567269784163727 0.92219526594815526 -0.16568751356119718 -1.2502259839957468 -0.34408939824359319 -2.9219230497382385 -3.1207601783213454 0.49642352686641517 1.7878728883553252 -0.28291740232800977 7.0099304114884093 5.7456353686570214 -0.050095401670371298 5.1584261600363739
leaf_weight=29 182 85 189 320 98 180 1889 658 589 26 179 194 46 144 197 815 38 3032 318 70 484 73 118 133 940 295 146 594 71 36 176 229 114 133 34 873 1411 37 417 53 32 24 41 275
leaf_count=29 182 85 189 320 98 180 1889 658 589 26 179 194 46 144 197 815 38 3032 318 70 484 73 118 133 940 295 146 594 71 36 176 229 114 133 34 873 1411 37 417 53 32 24 41 275
internal_value=-0.000748075 0.00778825 -0.0101411 0.00499742 -0.0073062 -0.0133405 0.012428 0.00999642 0.0067657 0.00626995 0.00562541 0.0037309 -0.0137289 -0.00872499 0.00816562 0.00996552 0.00173906 -0.0138602 -0.00106559 -0.00459463 -0.00527784 0.00134172 0.00287859 0.00465495 0.00414754 -0.0140158 0.0137595 -0.00359324 -0.00263419 0.00551736 0.00120374 0.00017942 0.00309531 -0.00304756 0.0052518 -0.00910601 -0.00818032 -0.00264042 0.00600476 0.00675814 0.00292854 0.00195387 0.00774496 0.00891032
internal_weight=16017 8391 7626 5240 4044 3582 3151 1116 3396 3076 458 373 3402 2654 1414 841 1844 3373 532 1390 1247 143 1312 1662 1529 3327 2035 763 665 573 770 652 343 309 542 2510 1637 226 504 470 214 221 352 311
internal_count=16017 8391 7626 5240 4044 3582 3151 1116 3396 3076 458 373 3402 2654 1414 841 1844 3373 532 1390 1247 143 1312 1662 1529 3327 2035 763 665 573 770 652 343 309 542 2510 1637 226 504 470 214 221 352 311
cat_boundaries=0 1
cat_threshold=2734097
is_linear=0
shrinkage=0.03


Tree=36
num_leaves=45
num_cat=0
split_feature=21 21 22 21 21 21 21 26 7 13 22 21 16 15 7 31 14 20 25 32 14 13 33 13 15 22 33 19 15 7 16 7 20 12 12 12 7 7 25 21 25 20 15 33
split_gain=1389.12 121.045 77.6189 32.2755 17.8044 12.556 12.2026 15.7637 8.72964 8.15923 7.93632 7.29344 8.87289 7.14384 6.99539 6.0004 5.60156 5.33504 8.66411 5.28825 5.17856 4.95877 4.94597 4.78107 5.78552 6.2936 4.71948 4.36385 4.26389 5.56164 10.3042 10.0415 4.64143 4.20605 4.0829 4.03425 4.52366 4.03164 4.74806 3.97517 3.94554 3.89548 5.01013 3.87682
threshold=1510.5000000000002 2593.0000000000005 1051.5000000000002 1776.5050000000003 1370.5000000000002 995.5100000000001 3150.5000000000005 0.35000000000000003 308.50000000000006 1580.919762563067 1650.5000000000002 1976.9000000000003 0.02902486234042238 0.70138038092733435 264.50000000000006 0.099999999999982256 -0.40614700388750385 23.975000000000005 23.525000000000002 303.85000000000008 0.878110924644389 1690.5877507056905 3.8350000000000004 1817.2182262268486 -0.70900320270980455 2151.5000000000005 3.4150000000000005 6.0999999999999996 0.98332250088165762 42.500000000000007 0.86440767487108461 222.50000000000003 26.082142857142863 2089.8166666666671 2056.5000000000005 2778.5166666666669 61.500000000000007 327.50000000000006 24.375000000000004 1651.5000000000002 16.450000000000003 23.810714285714294 -0.22700609751797865 3.8150000000000004
decision_type=2 2 2 2 2 2 2 2 2 2 2 2 2 2 2 2 2 2 2 2 2 2 2 2 2 2 2 2 2 2 2 2 2 2 2 2 2 2 2 2 2 2 2 2
left_child=2 3 5 15 10 -1 7 9 11 -3 19 -5 -13 -11 -7 22 -8 18 27 28 33 -18 -2 24 -14 -26 -10 -17 29 -4 32 -32 -31 41 -28 40 -37 38 -19 43 -25 -6 -43 -40
right_child=1 6 4 8 20 14 16 -9 26 13 -12 12 23 -15 -16 17 21 37 -20 -21 -22 -23 -24 35 25 -27 34 -29 -30 30 31 -33 -34 -35 -36 36 -38 -39 39 -41 -42 42 -44 -45
leaf_value=-9.9106228000881789 1.1646711338519673 14.500316059069004 -4.0974854380706143 1.6432703164560052 -2.4624364852662142 -3.6426541246336157 33.388451273997546 5.2971149551698948 4.9587983497970516 -0.82846196831077579 0.23368946706315 7.9445570940804071 4.5005503130592395 9.1004593448287867 -0.96126798068760988 2.553269493875483 -0.64459066486906524 2.0971350660498227 -0.63499462065365486 -3.2794672523129655 -1.9574193810039071 22.328779038793645 -1.0446449801786581 -0.34172847380319921 2.6082556059583997 -1.2624941401447041 -1.373721900952048 0.13187134529074229 -1.0626387463466038 -2.9304340056049725 0.54313398790905354 -3.2546834995027552 -1.9665325723845466 1.7452491783379651 1.5778616059877253 5.590481125985943 -2.9356182089391814 -1.7545353876607952 -0.18170222115370166 1.2172973187884417 4.6659860404237747 -0.52044022207330498 1.9773012261369773 0.58061830907708556
leaf_weight=2672 214 85 319 841 247 835 1786 658 428 179 95 428 48 194 75 62 39 201 172 231 292 210 318 24 241 90 115 137 123 916 128 63 1091 77 341 101 33 32 148 295 706 400 62 265
leaf_count=2672 214 85 319 841 247 835 1786 658 428 179 95 428 48 194 75 62 39 201 172 231 292 210 318 24 241 90 115 137 123 916 128 63 1091 77 341 101 33 32 148 295 706 400 62 265
internal_value=-0.000755567 0.00766669 -0.0100231 0.00487147 -0.00717267 -0.01324 0.0123138 0.00978138 0.0066067 0.00549443 -0.00837362 0.00751045 0.00866016 0.00357009 -0.0101824 0.00167399 0.0137006 0.00276427 -0.000274859 -0.00865592 -0.00386513 0.00944199 -0.00100921 0.00737028 0.00454234 0.00311688 0.00403461 0.0039779 -0.00827128 -0.0085384 -0.00799645 -0.00131868 -0.00863036 -0.00259127 0.0019009 0.00860664 0.00378076 0.00396557 0.00433616 0.00317328 0.00948774 -0.00331688 -0.00168145 0.00126362
internal_weight=16017 8391 7626 5240 4044 3582 3151 1116 3396 458 2966 2512 1671 373 910 1844 2035 1312 371 2871 1078 249 532 1243 379 331 884 199 2640 2517 2198 191 2007 786 456 864 134 941 909 708 730 709 462 413
internal_count=16017 8391 7626 5240 4044 3582 3151 1116 3396 458 2966 2512 1671 373 910 1844 2035 1312 371 2871 1078 249 532 1243 379 331 884 199 2640 2517 2198 191 2007 786 456 864 134 941 909 708 730 709 462 413
is_linear=0
shrinkage=0.03


Tree=37
num_leaves=45
num_cat=2
split_feature=21 21 10 21 10 21 21 26 7 6 13 15 21 16 13 0 21 14 14 17 25 29 19 33 13 13 33 14 15 16 27 14 12 0 12 15 25 14 12 17 27 15 16 14
split_gain=1353.46 123.482 74.5899 31.839 14.3521 14.2295 12.7143 15.1737 8.87385 8.48817 8.15923 7.14384 7.0639 8.47413 5.98469 5.92869 5.65125 5.60156 5.14051 6.16341 7.26676 6.82331 5.18998 5.13548 5.45167 4.95877 4.70195 4.65089 4.12582 4.34216 7.57835 4.02094 4.00946 3.9797 3.86554 3.81591 4.17054 3.67334 3.95256 4.01801 3.43109 6.19858 3.36882 9.55911
threshold=1510.5000000000002 2593.0000000000005 1142.9285714285718 1776.5050000000003 843.78571428571433 1370.5000000000002 3150.5000000000005 0.35000000000000003 308.50000000000006 11.500000000000002 1580.919762563067 0.70138038092733435 1976.9000000000003 0.02902486234042238 1445.621196658454 0 1140.1950000000004 -0.40614700388750385 -0.98046803196378884 0.07411673974326928 23.625000000000004 27.375000000000004 69.450000000000017 2.8050000000000002 1845.7527577673234 1690.5877507056905 3.4150000000000005 -0.98930078251469888 -0.96904977397942549 0.36848418633289504 30.125000000000004 0.878110924644389 1620.5500000000002 1 2056.5000000000005 -0.70900320270980455 24.175000000000004 0.79904096188274243 2089.8166666666671 -0.88918525430897799 28.550000000000001 0.054805126479326886 0.83966414931270739 0.72695311118111527
decision_type=2 2 2 2 2 2 2 2 2 2 2 2 2 2 2 9 2 2 2 2 2 2 2 2 2 2 2 2 2 2 2 2 2 9 2 2 2 2 2 2 2 2 2 2
left_child=2 3 4 14 -1 9 7 10 12 28 -3 -12 -5 -14 -2 -15 27 -8 -16 20 22 23 -20 -21 -25 -19 -10 -6 -4 30 32 37 -30 -22 -28 -17 -37 38 39 -7 -33 -42 -31 -44
right_child=1 6 5 8 16 31 17 -9 26 -11 11 -13 13 15 18 35 -18 25 19 21 33 -23 -24 24 -26 -27 34 -29 29 42 -32 40 -34 -35 -36 36 -38 -39 -40 -41 41 -43 43 -45
leaf_value=-11.11330411608553 4.2724783083304256 14.065306577296932 -2.401104267880481 1.5939722069623257 -0.31018631752313469 1.1561310411201815 32.386797735777627 5.1382015065147968 4.810034399303138 -2.1600481706241896 -0.80360810926144943 8.8274455644839236 7.7062203812579977 4.6014867777046176 5.8508265295316662 4.1714521777708491 -1.9943741467447216 -0.62525294492299055 2.4436442096000883 1.2887566040881302 0.053207876442278347 1.9896179543066363 0.024789228916499723 -0.10464674564193047 1.2815289888884558 21.658915667629838 -1.3325102439234888 -4.4378958690920509 -1.0090203765348928 -3.1816168798315743 -2.9450972961847697 -3.2022991367017597 -4.4958530495859961 -1.2139483090545991 1.5305257578080955 3.6355270033779026 1.1411457011791686 3.1583545027760156 1.6699163186461896 -1.087927845556153 -2.8757761387032152 -0.0034437960357467999 -2.5434428726414078 3.4928473890055782
leaf_weight=1836 53 85 230 841 30 43 1786 658 428 200 179 194 428 577 47 40 519 39 41 122 144 165 82 731 193 210 115 1920 419 705 212 144 126 266 341 312 314 32 76 636 33 115 313 37
leaf_count=1836 53 85 230 841 30 43 1786 658 428 200 179 194 428 577 47 40 519 39 41 122 144 165 82 731 193 210 115 1920 419 705 212 144 126 266 341 312 314 32 76 636 33 115 313 37
internal_value=-0.000721854 0.00759161 -0.00986966 0.00476842 -0.0124764 -0.00648942 0.0122852 0.00970074 0.00649186 -0.00785291 0.00549443 0.00357009 0.00740297 0.0085345 0.00159265 0.00727375 -0.0109765 0.0137006 0.00129641 0.00103033 -0.00165447 0.00221452 0.00472786 0.00131632 0.000548642 0.00944199 0.00389888 -0.0117209 -0.00843103 -0.00794493 -0.00619733 -0.00365304 -0.0043148 -0.00357718 0.00176935 0.00505399 0.0045472 -0.00253081 -0.0029559 -0.00368429 -0.00666553 -0.00342336 -0.00919534 -0.00676093
internal_weight=16017 8391 7626 5240 4305 3321 3151 1116 3396 2242 458 373 2512 1671 1844 1243 2469 2035 1791 1744 533 1211 123 1046 924 249 884 1950 2042 1812 757 1079 545 410 456 666 626 787 755 679 292 148 1055 350
internal_count=16017 8391 7626 5240 4305 3321 3151 1116 3396 2242 458 373 2512 1671 1844 1243 2469 2035 1791 1744 533 1211 123 1046 924 249 884 1950 2042 1812 757 1079 545 410 456 666 626 787 755 679 292 148 1055 350
cat_boundaries=0 1 2
cat_threshold=16618 4320
is_linear=0
shrinkage=0.03


Tree=38
num_leaves=45
num_cat=0
split_feature=21 21 10 21 21 10 15 14 7 11 14 16 14 14 21 32 20 31 31 33 27 27 16 16 14 20 20 29 7 14 20 16 33 29 12 11 7 15 33 10 7 16 21 13
split_gain=1314.05 108.236 94.0833 26.2623 23.3325 16.5611 16.1171 10.2491 10.0965 10.087 8.0963 6.69882 6.11061 6.28434 6.06567 5.9581 5.85491 6.18441 6.05438 6.35898 6.13394 5.38607 4.95485 4.66007 5.41385 5.9218 4.56039 6.09079 4.4887 4.45761 4.41234 6.95131 3.98387 6.02124 3.85068 3.83137 3.68939 3.97028 4.78566 3.67116 4.51101 3.64198 3.60402 4.013
threshold=1590.5000000000002 2777.5000000000005 1142.9285714285718 1950.5000000000002 1400.5000000000002 843.78571428571433 -0.70900320270980455 -0.98370366633421236 260.50000000000006 237.04530408863644 -0.40614700388750385 -0.83789107429055565 -0.95754239937548935 -0.49064630004295678 1140.1950000000004 1.0000000180025095e-35 20.232142857142865 0.099999999999982256 40.649999999999999 2.2450000000000006 20.475000000000005 26.575000000000006 -0.86600738435842672 0.89404822654372251 0.9893236546938301 28.725000000000005 22.553571428571434 22.175000000000004 10.500000000000002 -0.98930078251469888 23.364285714285717 0.95566275305367776 5.3750000000000009 25.175000000000008 1570.2500000000002 226.97938025123761 2.5000000000000004 0.98486764554468398 3.9150000000000005 1228.6428571428576 141.50000000000003 0.8277925332691819 3150.5000000000005 1755.0070636696503
decision_type=2 2 2 2 2 2 2 2 2 2 2 2 2 2 2 2 2 2 2 2 2 2 2 2 2 2 2 2 2 2 2 2 2 2 2 2 2 2 2 2 2 2 2 2
left_child=2 3 5 7 8 -1 -5 -2 11 12 42 39 -8 -14 29 23 -9 36 20 41 -19 30 -10 24 -13 -26 27 -11 -17 -7 31 -12 -15 -34 -22 -31 -18 38 -38 40 -4 -20 43 -3
right_child=1 10 4 6 -6 14 9 16 22 26 21 15 13 32 -16 28 17 18 19 -21 34 -23 -24 -25 25 -27 -28 -29 -30 35 -32 -33 33 -35 -36 -37 37 -39 -40 -41 -42 -43 -44 -45
leaf_value=-10.779904992602962 6.2651475182110214 12.037213802232198 -3.2459906233525748 4.6081644453915853 -0.46584671138181416 -0.30088072799743942 6.9214719052193203 2.4046360548105872 -7.0719835029145131 2.7682101277499633 7.5088787458441679 -2.4483092543925467 1.552243350466789 4.4634421743734851 -1.9376274058862646 -0.25261993694382795 5.8690726249978225 -1.9938506447204167 2.6048719311744901 -0.40210359516600647 1.3764485652263669 -0.88027552051918057 -0.7656320823927103 4.404075803754532 1.0349341394661404 -3.5027246714785543 4.0658585047352211 -2.3748140436742324 -2.6104780578668509 -4.2922217728807617 4.8936551940369597 22.520199692891769 -0.30889554692701038 4.3741693808759736 0.67319046432791652 -4.5929745794417931 3.0506353289907655 -1.7924155938162198 -0.1321885671072755 0.35933185587544814 0.043164925825997215 0.065552090519547621 31.415193803704295 7.1607002232984449
leaf_weight=1836 89 207 54 478 1108 30 196 287 68 324 160 306 244 657 522 50 22 35 36 177 611 28 305 26 68 31 500 100 1551 1836 299 91 92 150 622 84 140 135 394 73 51 53 1786 105
leaf_count=1836 89 207 54 478 1108 30 196 287 68 324 160 306 244 657 522 50 22 35 36 177 611 28 305 26 68 31 500 100 1551 1836 299 91 92 150 622 84 140 135 394 73 51 53 1786 105
internal_value=-0.000695632 0.00788678 -0.0092988 0.00541866 -0.00578202 -0.012311 0.00746853 0.00325708 -0.00734466 0.00640802 0.0128123 -0.00811592 0.00807408 0.00722771 -0.0107022 -0.00860538 0.00290076 0.00237832 0.0034398 -0.000665163 0.00430329 0.00964712 -0.00276601 -0.00545581 -0.00625031 -0.00012109 0.00398983 0.00169064 -0.009451 -0.0114748 0.0103018 0.00733572 0.00838839 0.00506815 0.00465656 -0.0116541 1.73636e-05 -0.000376625 0.000780753 -0.00250983 -0.00610847 0.00585859 0.0136824 0.01066
internal_weight=16017 8018 7999 5342 3691 4308 2741 2601 2583 2263 2676 2210 1339 1143 2472 2032 2512 2225 1534 266 1268 578 373 431 405 99 924 424 1601 1950 550 251 899 242 1233 1920 691 669 534 178 105 89 2098 312
internal_count=16017 8018 7999 5342 3691 4308 2741 2601 2583 2263 2676 2210 1339 1143 2472 2032 2512 2225 1534 266 1268 578 373 431 405 99 924 424 1601 1950 550 251 899 242 1233 1920 691 669 534 178 105 89 2098 312
is_linear=0
shrinkage=0.03


Tree=39
num_leaves=45
num_cat=0
split_feature=10 23 10 10 31 23 7 15 11 33 12 7 7 15 17 29 7 18 28 31 15 7 10 7 19 17 31 27 28 10 7 32 15 15 13 7 32 27 18 33 33 17 17 7
split_gain=1169.62 159.663 66.9547 48.9665 17.1164 15.5874 14.9256 13.8329 12.0544 11.8881 10.4241 10.2865 10.1277 9.56192 8.08883 8.13361 10.6567 7.73516 7.37433 6.87685 9.35183 7.3557 6.79768 7.18834 9.84253 6.49991 6.0489 5.67632 5.41249 5.07051 4.99281 4.94279 5.88204 14.982 6.76378 6.54245 8.24224 5.18057 5.06091 4.91101 4.63245 4.57851 8.09071 5.31657
threshold=1442.4285714285718 2593.0000000000005 992.92857142857156 1792.9285714285718 0.099999999999986697 1280.5000000000002 347.50000000000006 -0.94426098523567992 237.04530408863644 5.1650000000000009 1525.9666666666669 120.50000000000001 2.5000000000000004 -0.98932651372861458 -0.8611288361322974 28.825000000000006 53.500000000000007 2.4000000000000155 16.450000000000003 12.800000000000006 0.48877522411129348 289.50000000000006 3584.6428571428573 285.50000000000006 105.75000000000001 0.98901092807778201 59.100000000000023 30.075000000000006 24.175000000000004 2250.0714285714289 360.50000000000006 313.25000000000006 -0.7614016681079937 -0.90161545992537195 1720.8385416666667 42.500000000000007 13.450000000000001 21.925000000000001 48.950000000000003 5.2750000000000012 3.7850000000000006 -0.88918525430897799 -0.23328638671828431 239.50000000000003
decision_type=2 2 2 2 2 2 2 2 2 2 2 2 2 2 2 2 2 2 2 2 2 2 2 2 2 2 2 2 2 2 2 2 2 2 2 2 2 2 2 2 2 2 2 2
left_child=2 3 13 4 12 31 9 -7 14 22 26 -9 -2 -1 -5 16 17 18 -16 20 21 -10 23 -3 -25 41 27 -6 -11 30 -18 32 33 38 35 37 -37 -34 -4 -22 -14 -12 43 -43
right_child=1 6 5 8 10 7 -8 11 19 28 25 -13 40 -15 15 -17 29 -19 -20 -21 39 -23 -24 24 -26 -27 -28 -29 -30 -31 -32 -33 34 -35 -36 36 -38 -39 -40 -41 -42 42 -44 -45
leaf_value=-0.45801324960905276 5.6930004462478854 6.7167072265575412 -1.2293083930862598 6.824974802025813 1.825358622327335 -2.5038050852493803 1.1361199035137359 -2.2085333048798814 -2.8435200843117374 21.785722838457559 3.2326642205997187 -0.26055849993856212 -0.092048100553646456 -8.8654877309629843 -0.83716419897192507 7.5877417754604357 0.67203879086090179 -0.88448882691449171 3.995730068273958 5.5403355771299356 2.2284848686742018 5.9444458547238446 34.214153204251176 16.214153204251179 1.7512348137899061 2.218366247430581 -0.97948051012555881 -0.20237508094144457 1.184472868999469 5.4615114707614243 4.6353104891326531 -3.1581388006894167 -1.937197556756256 0.066257672403817192 -3.0543938114471745 -0.80518637157737205 -3.8423378353384474 -4.5046373531552533 -2.8473787105203132 7.3121647568220665 -2.0769989934776367 -2.6112941654863198 0.054587107937607016 -0.43887925638151953
leaf_weight=69 32 873 215 209 515 207 119 589 165 50 68 540 218 2828 34 131 735 21 704 195 738 45 1409 401 219 70 35 107 113 237 47 256 158 227 838 333 282 169 255 111 508 81 745 116
leaf_count=69 32 873 215 209 515 207 119 589 165 50 68 540 218 2828 34 131 735 21 704 195 738 45 1409 401 219 70 35 107 113 237 47 256 158 227 838 333 282 169 255 111 508 81 745 116
internal_value=-0.00070687 0.00640497 -0.00994775 0.00346883 0.000281351 -0.00746406 0.011814 -0.00480278 0.00582634 0.0122189 0.0019239 -0.00349128 -0.00347843 -0.0134348 0.00720787 0.00659054 0.00605534 0.00874984 0.00926297 0.00349015 0.00253234 -0.00312708 0.0126622 0.0112397 0.00875181 0.000108323 0.00490336 0.00558913 0.00430411 0.00404475 0.00287303 -0.00876367 -0.00834928 -0.00599914 -0.00926746 -0.00751194 -0.00567713 -0.0109508 -0.00905552 0.00393593 -0.00421016 -0.000501931 -0.00104766 -0.00645358
internal_weight=16017 9051 6966 5867 2495 4069 3184 1336 3372 3065 1737 1129 758 2897 2118 1909 1778 759 738 1254 1059 210 2902 1493 620 1080 657 622 163 1019 782 2733 2477 697 1780 942 615 327 470 849 726 1010 942 197
internal_count=16017 9051 6966 5867 2495 4069 3184 1336 3372 3065 1737 1129 758 2897 2118 1909 1778 759 738 1254 1059 210 2902 1493 620 1080 657 622 163 1019 782 2733 2477 697 1780 942 615 327 470 849 726 1010 942 197
is_linear=0
shrinkage=0.03


Tree=40
num_leaves=45
num_cat=1
split_feature=22 23 22 22 14 11 11 0 26 33 14 12 17 14 16 29 13 27 10 11 27 7 17 29 26 14 16 16 12 16 17 27 13 23 12 17 16 17 17 16 23 7 10 33
split_gain=1184.21 141.705 71.9741 34.6208 17.3122 14.9839 13.0661 11.4241 10.3999 10.2539 9.64373 8.58231 8.5686 7.25259 8.71778 8.69103 6.69776 6.38327 6.16899 5.91486 5.46966 7.38567 5.29719 5.40204 6.31239 5.15534 5.10319 5.00939 4.9194 4.64027 4.6291 4.62119 8.49118 4.86969 5.1161 6.16637 6.15286 4.53528 4.31143 4.29669 4.52296 3.86719 3.8531 3.81822
threshold=1450.5000000000002 2593.0000000000005 1051.5000000000002 1725.9400000000003 -0.41398024697495356 297.86142510809742 69.863813100712775 0 0.75000000000000011 3.4950000000000006 0.91248814248966237 2502.9166666666674 0.96407344085605606 -0.94705910369513524 0.92919371535393525 28.725000000000005 1801.6733911810388 23.525000000000002 816.00000000000011 224.56332070738702 24.175000000000004 348.50000000000006 -0.86655446526867463 27.675000000000004 4.7500000000000009 -0.99275805973510278 0.039769539193789977 -0.62588817255938378 1088.3500000000001 0.89693165594635726 0.99924179677339053 20.375000000000004 1724.0357821191158 1300.5000000000002 1570.2500000000002 -0.23328638671828431 -0.96235977360714686 -0.9575230291762723 -0.26037588076992096 0.99831452020184319 1140.1950000000004 53.500000000000007 1680.1428571428573 8.3450000000000006
decision_type=2 2 2 2 2 2 2 9 2 2 2 2 2 2 2 2 2 2 2 2 2 2 2 2 2 2 2 2 2 2 2 2 2 2 2 2 2 2 2 2 2 2 2 2
left_child=2 3 5 10 11 12 37 13 16 26 30 17 18 42 15 -15 -6 -3 -1 22 21 -18 -9 24 41 -20 -8 43 -28 -30 31 32 -2 -33 36 -36 -35 -4 -16 -39 -41 -24 -5 -11
right_child=1 4 6 7 8 -7 9 19 -10 27 -12 -13 -14 14 38 -17 20 -19 25 -21 -22 -23 23 -25 -26 -27 28 -29 29 -31 -32 33 -34 34 35 -37 -38 39 -40 40 -42 -43 -44 -45
leaf_value=-10.790543210895985 -4.2754141651580095 0.82268971535143465 -0.36602723406728044 -0.98738900253844464 -2.000668657135336 -1.745118628906539 1.1818656651196295 6.1540175363293699 3.2651838139902929 -1.5042075472135024 -1.3132220045998815 25.687728608123646 -1.1511268347933674 0.29630809323955642 -0.31442794307519079 4.5174457988214494 19.263103086962541 12.727728608123648 0.54185890406231685 3.3566298202096392 2.0090361193135116 1.3421661250973034 3.7642891980182478 5.4805275071361326 -0.071290475042917481 -4.7905432108959847 -1.9554074657297758 -2.5329553405217324 -0.66153418252073148 2.8386638425325237 2.5305702527868945 -2.3272730804006994 1.7238679768308929 -0.96814530260848974 -0.95674553007416763 0.29930765492051248 1.3284493608305001 -2.2990621126445148 4.9945914670157183 0.31637733383513816 -1.9330962050173968 2.2351870955587185 6.3854794434633995 1.2927226222501553
leaf_weight=1607 84 83 60 20 94 106 166 135 404 419 219 1947 90 1007 35 85 207 209 23 817 118 83 463 144 106 1772 96 1317 102 31 41 94 66 82 158 658 541 1270 167 22 20 644 140 23
leaf_count=1607 84 83 60 20 94 106 166 135 404 419 219 1947 90 1007 35 85 207 209 23 817 118 83 463 144 106 1772 96 1317 102 31 41 94 66 82 158 658 541 1270 167 22 20 644 140 23
internal_value=-0.000723751 0.00660392 -0.00982819 0.0037849 0.0117173 -0.0128143 -0.00678001 0.00546411 0.0082077 -0.00531869 0.00053111 0.0131356 -0.0131517 0.00329691 0.0025709 0.0015081 0.00531169 0.0083088 -0.0133938 0.00678367 0.00697623 0.00919338 0.00793982 0.00737013 0.00671173 -0.0121731 -0.000941534 -0.00629981 -0.00384985 -9.01578e-05 0.00128589 0.00104094 -0.00397735 0.00153415 0.0019679 0.000400686 0.00401541 -0.0090715 0.00829787 -0.00944059 0 0.00738145 0.00935041 -0.00352183
internal_weight=15975 8851 7124 5706 3145 3598 3526 3763 906 2154 1943 2239 3492 1454 1294 1092 502 292 3402 2309 408 290 1492 1357 1213 1795 395 1759 229 133 1724 1683 150 1533 1439 816 623 1372 202 1312 42 1107 160 442
internal_count=15975 8851 7124 5706 3145 3598 3526 3763 906 2154 1943 2239 3492 1454 1294 1092 502 292 3402 2309 408 290 1492 1357 1213 1795 395 1759 229 133 1724 1683 150 1533 1439 816 623 1372 202 1312 42 1107 160 442
cat_boundaries=0 1
cat_threshold=3780613
is_linear=0
shrinkage=0.03


Tree=41
num_leaves=45
num_cat=1
split_feature=21 21 22 21 21 21 11 15 11 14 14 17 29 32 32 22 16 14 14 16 22 16 29 7 20 27 0 15 15 20 14 18 7 7 27 31 24 21 21 14 13 7 32 11
split_gain=1199.52 116.673 84.5364 26.1323 16.7141 14.5479 12.2937 10.5679 9.43547 9.16226 8.09265 6.6252 7.64752 10.7265 10.2331 6.55558 6.33998 6.21828 5.85029 5.6403 5.42124 5.397 5.38729 7.1492 5.27784 4.58057 4.47242 4.44774 5.26071 4.31675 7.76745 5.86267 4.3192 4.31636 4.29301 4.15496 6.40048 4.82811 5.49344 4.07612 3.98893 4.43027 4.41546 3.97144
threshold=1545.5000000000002 2777.5000000000005 1051.5000000000002 1950.5000000000002 1400.5000000000002 977.04500000000019 239.29459827146619 0.91159213926341531 91.114788471770154 0.80926549319045582 -0.98370366633421236 0.07411673974326928 27.375000000000004 4.7499999999999982 210.65000000000003 3350.5000000000005 -0.92641089502887486 0.78325454425165997 -0.98930078251469888 -0.35142503082623217 1650.5000000000002 0.14889030080148793 23.375000000000004 69.500000000000014 22.553571428571434 26.575000000000006 0 -0.96904977397942549 -0.69676771491221523 21.953571428571433 0.90162119223771331 56.800000000000004 19.500000000000004 175.50000000000003 21.525000000000002 0.099999999999982256 2777.5000000000005 2700.5000000000005 2298.5000000000005 -0.091260668982868151 1737.5263485819353 285.50000000000006 151.15000000000006 297.86142510809742
decision_type=2 2 2 2 2 2 2 2 2 2 2 2 2 2 2 2 2 2 2 2 2 2 2 2 2 2 9 2 2 2 2 2 2 2 2 2 2 2 2 2 2 2 2 2
left_child=2 3 5 10 8 33 16 9 18 15 -2 26 13 39 19 25 -5 21 -4 -15 29 -7 -20 -24 34 40 -12 -25 -29 32 31 -31 -10 -1 -9 36 -18 38 -37 -13 -3 -42 -43 -35
right_child=1 7 4 6 -6 17 -8 24 20 -11 11 12 -14 14 -16 -17 35 -19 22 -21 -22 -23 23 27 -26 -27 -28 28 -30 30 -32 -33 -34 43 -36 37 -38 -39 -40 -41 41 42 -44 -45
leaf_value=-8.966826914569106 5.7305689169456624 8.0866904009932785 2.297604823683248 0.15301487168865605 -0.49146586281459576 -1.3467344668677457 2.8548302256813733 7.5206767010606628 -2.3226087898298147 -3.3150261931055658 0.69715957496864123 0.52715907026234621 1.7940217192259138 1.1582303003660763 5.7209996597699773 29.417096749879942 4.1786530354781766 -3.7824875689238673 -2.8844232969763608 -0.11804574308623841 -0.1273762694197319 -3.1632322804050896 0.46088578302837391 -2.2732070050937203 20.043033531079754 -0.85744031619840821 -0.30499510478293812 -1.3243811748211078 -2.2283842441491424 -0.52576768530403573 -2.8412225680618439 -1.9571665151936759 -4.9064829018267888 -5.0082336402927989 -9.228514345501436 3.5071685764182097 -2.3745855794381074 1.1559535294587748 4.7755026644585765 2.7510103151125032 9.4759919949871438 14.84493592070241 -1.8398917306925933 0.91429303351237878
leaf_weight=2424 108 556 27 89 785 252 971 66 60 28 245 114 253 428 58 1591 774 376 293 745 148 288 34 242 84 25 575 447 658 479 533 103 266 199 28 455 21 89 321 440 150 66 61 20
leaf_count=2424 108 556 27 89 785 252 971 66 60 28 245 114 253 428 58 1591 774 376 293 745 148 288 34 242 84 25 575 447 658 479 533 103 266 199 28 455 21 89 321 440 150 66 61 20
internal_value=-0.000759432 0.00710482 -0.00935238 0.00467931 -0.00640033 -0.0127313 0.00680379 0.0122978 -0.00733929 0.0128061 0.00272985 0.00242364 0.00333988 0.00264523 0.00108196 0.0130015 0.00830827 -0.00946076 -0.00889542 0.000470548 -0.00567113 -0.00738197 -0.00911953 -0.00832814 0.00520494 0.0108694 0.000142666 -0.00867196 -0.0078563 -0.00623274 -0.00533764 -0.00293249 -0.00928243 -0.0138633 0.000286929 0.00872658 0.00714627 0.0101745 0.0109354 0.00611262 0.0112495 0.00827138 0.004107 -0.00977636
internal_weight=15975 8341 7634 5686 4075 3559 2720 2655 3290 2477 2966 2858 2038 1785 1231 2449 1749 916 1701 1173 1589 540 1674 1381 178 858 820 1347 1105 1441 1115 582 326 2643 94 1660 795 865 776 554 833 277 127 219
internal_count=15975 8341 7634 5686 4075 3559 2720 2655 3290 2477 2966 2858 2038 1785 1231 2449 1749 916 1701 1173 1589 540 1674 1381 178 858 820 1347 1105 1441 1115 582 326 2643 94 1660 795 865 776 554 833 277 127 219
cat_boundaries=0 1
cat_threshold=5312
is_linear=0
shrinkage=0.03


Tree=42
num_leaves=45
num_cat=2
split_feature=21 21 22 21 21 21 11 15 14 14 16 22 16 21 14 16 20 0 7 27 16 14 16 25 15 15 16 27 7 15 21 24 27 27 14 0 13 7 32 20 16 22 13 16
split_gain=1173.75 116.513 85.435 25.7803 16.8587 14.8417 12.0549 10.8391 9.08426 8.21559 7.57958 6.3175 6.17376 6.08177 5.97829 5.57254 4.92005 4.88802 4.86537 6.52444 5.50089 4.91081 4.84004 4.70392 7.17856 5.10109 4.65271 4.55526 4.48406 4.39972 7.94466 6.22285 4.29301 3.90343 3.92057 3.89614 3.89109 4.43027 4.41546 3.7771 3.68866 3.93238 3.62715 3.59692
threshold=1545.5000000000002 2777.5000000000005 1051.5000000000002 1950.5000000000002 1306.6350000000002 950.50000000000011 239.29459827146619 0.91159213926341531 0.80926549319045582 -0.98370366633421236 0.34841060557183762 3350.5000000000005 -0.92641089502887486 1670.5000000000002 0.60555468348150676 0.14889030080148793 22.553571428571434 0 195.50000000000003 27.675000000000004 0.94704596667653973 0.63257020223555627 0.9962888416657264 30.525000000000002 -0.95502570686053045 -0.78324956448884031 -0.89405649444168434 26.575000000000006 264.50000000000006 -0.70900320270980455 2700.5000000000005 2777.5000000000005 21.525000000000002 24.975000000000005 -0.59176244063315286 1 1737.5263485819353 285.50000000000006 151.15000000000006 20.667857142857148 0.92919371535393525 1670.5000000000002 1641.3143167721489 0.88119114410046628
decision_type=2 2 2 2 2 2 2 2 2 2 2 2 2 2 2 2 2 9 2 2 2 2 2 2 2 2 2 2 2 2 2 2 2 2 2 9 2 2 2 2 2 2 2 2
left_child=2 3 5 9 10 28 12 8 11 -2 23 27 -5 -11 15 -7 32 40 19 20 -6 -21 -12 24 -4 -26 -27 36 -1 30 -14 35 -9 34 -20 -31 -3 -38 -39 -17 41 -15 -25 -36
right_child=1 7 4 6 18 14 -8 16 -10 13 22 -13 29 17 -16 39 -18 -19 33 21 -22 -23 -24 42 25 26 -28 -29 -30 31 -32 -33 -34 -35 43 -37 37 38 -40 -41 -42 -43 -44 -45
leaf_value=-8.6978221071320334 5.5586518494372923 7.8440896889634857 -1.9429927269370353 0.14842442553799856 -1.9830085863186844 -1.2894209325650228 2.7691853189109339 7.2950564000288498 -3.215575407312401 0.10661743253994473 -2.760114353789862 28.534583847383544 4.7210879995097459 1.671893287538768 -3.6229601587769751 -0.16017707270789514 19.441742525147358 1.1649183984768468 -0.81989213583219678 0.4848673110267589 2.6809327783847676 -1.0420281985056408 -0.46576112045363971 -0.5568601440635621 0.1768000871917684 -2.7048666015601586 -1.3839291869456951 -0.83171710671245813 -7.7675277948077293 4.2583707978954282 0.78493675166301957 -2.0322521030665688 -8.9516589151363917 2.1197415057619651 -0.46897496919153808 3.1679915434484744 9.1917122351375333 14.399587843081335 -1.7846949787718132 -3.5730087290949335 4.6748841660578249 -0.23294706006247565 -2.5470622710001556 1.9532161680500177
leaf_weight=2480 108 556 240 89 552 228 971 66 28 1011 1092 1591 335 108 513 34 84 1298 266 64 29 297 65 42 169 224 521 25 88 726 86 22 28 30 246 491 150 66 61 216 49 392 194 44
leaf_count=2480 108 556 240 89 552 228 971 66 28 1011 1092 1591 335 108 513 34 84 1298 266 64 29 297 65 42 169 224 521 25 88 726 86 22 28 30 246 491 150 66 61 216 49 392 194 44
internal_value=-0.000750042 0.00702929 -0.00925021 0.00460544 -0.00628255 -0.012647 0.00671556 0.0122187 0.0127334 0.00266916 -0.00777826 0.012928 0.00820536 0.00236066 -0.0095167 -0.00708429 0.0050365 0.00338477 -0.00378706 -0.00512366 -0.00709344 -0.00194406 -0.00957739 -0.00627797 -0.00548219 -0.00426321 -0.00533083 0.0108344 -0.0138534 0.00861816 0.0112847 0.00770882 0.000286929 -0.00163283 -0.00220644 0.00799606 0.0112135 0.00827138 0.004107 -0.0101839 0.000933643 0.000173965 -0.0101525 0.000196484
internal_weight=15975 8341 7634 5686 4075 3559 2720 2655 2477 2966 2547 2449 1749 2858 991 478 178 1847 1528 942 581 361 1157 1390 1154 914 745 858 2568 1660 421 1239 94 586 556 1217 833 277 127 250 549 500 236 290
internal_count=15975 8341 7634 5686 4075 3559 2720 2655 2477 2966 2547 2449 1749 2858 991 478 178 1847 1528 942 581 361 1157 1390 1154 914 745 858 2568 1660 421 1239 94 586 556 1217 833 277 127 250 549 500 236 290
cat_boundaries=0 1 2
cat_threshold=3186693 17650
is_linear=0
shrinkage=0.03


Tree=43
num_leaves=45
num_cat=3
split_feature=21 21 22 21 21 21 15 15 14 12 14 17 21 0 14 27 32 17 29 32 19 20 11 22 24 7 20 7 15 24 0 14 27 0 27 31 14 22 27 20 7 7 19 14
split_gain=1140.81 115.618 87.5357 25.1405 15.7482 15.6515 11.9316 10.4649 8.94213 8.90345 7.80256 7.74689 7.38401 6.86266 8.27399 6.72961 6.59497 6.32207 7.73883 10.0003 10.8677 5.71629 5.62853 5.53357 5.32853 6.17151 4.92005 4.55358 6.3166 4.71208 4.48445 4.29523 4.29301 4.09063 4.0623 3.81363 3.65091 4.45896 3.49212 3.41847 4.83213 4.80509 3.38295 4.02065
threshold=1545.5000000000002 2777.5000000000005 1051.5000000000002 1950.5000000000002 1306.6350000000002 1027.5000000000002 -0.72694848937061807 0.91159213926341531 0.80926549319045582 2502.9166666666674 -0.98370366633421236 0.93992883619806145 2700.5000000000005 0 -0.94705910369513524 23.525000000000002 303.85000000000008 0.07411673974326928 27.375000000000004 4.7499999999999982 212.50000000000003 26.13214285714286 331.72474379659417 1650.5000000000002 1670.5000000000002 310.50000000000006 22.553571428571434 120.50000000000001 -0.96466008222729416 1300.5000000000002 1 0.78325454425165997 21.525000000000002 2 26.375000000000004 4.2000000000000162 -0.091260668982868151 1898.6550000000002 26.325000000000006 22.267857142857149 21.500000000000004 266.50000000000006 186.75000000000003 -0.98046803196378884
decision_type=2 2 2 2 2 2 2 2 2 2 2 2 2 9 2 2 2 2 2 2 2 2 2 2 2 2 2 2 2 2 9 2 2 9 2 2 2 2 2 2 2 2 2 2
left_child=2 3 5 10 16 11 12 8 9 15 -2 22 -5 24 -15 -3 23 30 19 36 21 -21 -1 39 -8 -26 32 29 -29 -6 -12 -7 -9 -30 -32 -16 -19 -38 42 40 -4 -41 -17 -44
right_child=1 7 4 6 27 31 13 26 -10 -11 17 -13 -14 14 35 38 -18 18 -20 20 -22 -23 -24 -25 25 -27 -28 28 33 -31 34 -33 -34 -35 -36 -37 37 -39 -40 41 -42 -43 43 -45
leaf_value=-7.6868874439180734 5.3918922939541769 -1.3684428473924981 -1.2936380364925981 4.288918294808127 -0.59919324397882967 -1.7926783516026126 -0.29357932566809153 7.0762047080279826 -3.1191081450930298 23.178546331962039 0.53799243060308755 -1.4088961464523777 0.72505047720113902 7.5070660139765346 2.4351152665554059 7.4587378541079845 -2.7491993577513858 0.47639674620017103 1.7370025446729414 0.21357624201044473 5.7310711828607026 -0.68591199815041592 -0.35991049945688924 -0.39705540039340348 4.3984336628478831 2.492728036541771 18.858490249392943 -1.5407682525094981 0.14902440435278208 -2.053135744498503 -0.010617806658347035 -3.2888631070201857 -8.6831091476823055 -0.76004253812709976 -1.4076032758019652 -0.27027204168692831 3.0831061249631717 1.2576699975731458 0.69156828342401233 -1.9550235816600343 -4.4355933128407923 0.027268837620747489 12.074782642226541 0.98407186427955362
leaf_weight=2861 108 49 79 375 149 353 72 66 28 1995 263 67 89 131 874 235 221 114 253 1069 60 102 33 99 737 296 84 118 358 454 433 245 28 449 124 146 282 158 38 1732 328 88 72 60
leaf_count=2861 108 49 79 375 149 353 72 66 28 1995 263 67 89 131 874 235 221 114 253 1069 60 102 33 99 737 296 84 118 358 454 433 245 28 449 124 146 282 158 38 1732 328 88 72 60
internal_value=-0.000744408 0.00692499 -0.00912445 0.00451047 -0.00612059 -0.0125627 0.00659424 0.0120945 0.0126002 0.0127933 0.00259836 -0.0134585 0.0109825 0.00568991 0.00393765 0.0089782 -0.00756625 0.00229768 0.00319268 0.00249398 0.000984485 0.000343267 -0.0136923 -0.00709213 0.0074092 0.00802633 0.0050365 -0.00370853 -0.00238028 -0.00574034 6.95037e-05 -0.00812072 0.000286929 -0.00142733 -0.00144948 0.00305558 0.00584191 0.00708248 0.0102493 -0.00740066 -0.0099042 -0.00683864 0.0111468 0.00724451
internal_weight=15975 8341 7634 5686 4075 3559 2720 2655 2477 2449 2966 2961 464 2256 1151 454 2547 2858 2038 1785 1231 1171 2894 2326 1105 1033 178 1528 925 603 820 598 94 807 557 1020 554 440 405 2227 407 1820 367 132
internal_count=15975 8341 7634 5686 4075 3559 2720 2655 2477 2449 2966 2961 464 2256 1151 454 2547 2858 2038 1785 1231 1171 2894 2326 1105 1033 178 1528 925 603 820 598 94 807 557 1020 554 440 405 2227 407 1820 367 132
cat_boundaries=0 1 2 3
cat_threshold=16618 4320 607472
is_linear=0
shrinkage=0.03


Tree=44
num_leaves=45
num_cat=2
split_feature=21 21 22 21 21 15 7 15 15 21 20 15 11 27 7 21 20 33 12 21 0 27 16 16 7 10 13 16 33 26 16 27 19 12 16 0 24 10 31 25 24 19 24 20
split_gain=1103.91 116.13 84.6575 27.7007 18.1833 13.8401 9.66449 8.87802 7.791 7.68044 7.14783 12.0565 7.03205 6.58841 5.96288 5.30317 5.14857 9.72308 5.10742 4.93489 4.8246 4.49973 4.48878 5.37391 4.96178 4.20001 7.14372 6.08377 7.01547 4.16857 4.16708 4.13429 4.11967 4.04608 4.20348 4.96784 5.26104 3.99174 3.88602 3.80064 3.66876 3.5579 4.2934 4.71251
threshold=1500.5000000000002 2887.0200000000004 977.04500000000019 1950.5000000000002 1306.6350000000002 -0.72694848937061807 171.50000000000003 0.91159213926341531 0.92519182738459482 1645.5000000000002 23.18214285714286 0.51849435583340198 208.10871656390376 26.575000000000006 266.50000000000006 1140.1950000000004 25.325000000000006 2.6750000000000003 3629.7631666666671 2700.5000000000005 0 21.725000000000005 0.86440767487108461 0.21652696009750597 230.50000000000003 3623.2142857142862 1750.0852866645553 0.95938219844953276 4.5250000000000012 3.2500000000000004 0.28313881758084386 23.225000000000005 237.60000000000005 1485.5333333333335 0.96522610578843548 1 2200.3500000000004 1747.214285714286 76.40000000000002 20.475000000000005 1177.5000000000002 5.6499999999999995 1210.5000000000002 28.425000000000001
decision_type=2 2 2 2 2 2 2 2 2 2 2 2 2 2 2 2 2 2 2 2 9 2 2 2 2 2 2 2 2 2 2 2 2 2 2 9 2 2 2 2 2 2 2 2
left_child=2 3 6 9 8 19 15 13 10 -2 21 14 33 25 16 -1 29 -18 -9 -5 -11 39 23 41 -24 26 -3 28 -28 -12 -8 -25 -22 -7 35 -35 -37 -14 -21 -4 -13 42 -6 -44
right_child=1 7 4 5 22 12 30 18 -10 20 11 40 37 -15 -16 -17 17 -19 -20 38 32 -23 24 31 -26 -27 27 -29 -30 -31 -32 -33 -34 34 -36 36 -38 -39 -40 -41 -42 -43 43 -45
leaf_value=-8.2062808206005311 -0.0029178763185859677 11.361616597588927 -4.2316906385982085 4.160250745963876 1.3283735947871673 -1.0207791067891379 -3.854628079389629 -4.4047830328784174 -1.7730854502951638 0.46665554838477646 -2.7776873817035992 1.4381842205064754 -0.82755810105704308 -1.1396601654442247 0.89787435893172862 -1.9021284861869798 1.5245522967390002 -2.0293079912297141 15.855318655585217 2.9059753067091014 1.0999895057752473 -3.8933258091991205 1.1430350739190589 -2.9679812209596674 -0.95910804660345428 29.983189942003175 8.2704548478982183 18.287708885255164 -1.9764301217275759 -2.0132234456722791 -4.0150606176490848 -1.0320567502255289 5.7084105906951077 3.7116746062668744 7.0872775326484838 2.8487665134957205 -0.32382457347517629 3.0906626158492987 0.27410901434186141 -1.4905220324488049 -1.0447362876820114 -0.96994936087905559 0.5576666972662121 -1.2029405469153538
leaf_weight=2437 821 649 96 375 59 26 190 44 247 1031 351 45 82 20 53 89 38 1461 114 125 1150 337 83 110 48 1303 164 101 58 517 109 501 64 529 159 332 137 1068 89 89 32 432 92 118
leaf_count=2437 821 649 96 375 59 26 190 44 247 1031 351 45 82 20 53 89 38 1461 114 125 1150 337 83 110 48 1303 164 101 58 517 109 501 64 529 159 332 137 1068 89 89 32 432 92 118
internal_value=-0.000738775 0.00671145 -0.00908629 0.00445834 -0.00662165 0.00654906 -0.0131932 0.0122099 -0.00786167 0.00246469 -0.00828128 -0.00760963 0.00550855 0.0126844 -0.0079819 -0.0137987 -0.00820498 -0.00713228 0.00529412 0.0106637 0.00337268 -0.0114863 -0.00381263 -0.00434189 0.00146453 0.0128355 0.0113229 0.00765088 0.00484917 -0.010053 -0.00806419 -0.00640157 0.00465403 0.00713549 0.00739953 0.00666967 0.00409518 0.00383184 0.00699206 -0.00768233 0.00404669 -0.00254172 0.000156076 -0.00184198
internal_weight=15975 8441 7534 5988 4709 2922 2825 2453 3266 3066 3019 2497 2333 2295 2420 2526 2367 1499 158 589 2245 522 1443 1312 131 2275 972 323 222 868 299 611 1214 1183 1157 998 469 1150 214 185 77 701 269 210
internal_count=15975 8441 7534 5988 4709 2922 2825 2453 3266 3066 3019 2497 2333 2295 2420 2526 2367 1499 158 589 2245 522 1443 1312 131 2275 972 323 222 868 299 611 1214 1183 1157 998 469 1150 214 185 77 701 269 210
cat_boundaries=0 1 2
cat_threshold=3717125 16610
is_linear=0
shrinkage=0.03


Tree=45
num_leaves=45
num_cat=0
split_feature=21 21 10 21 10 21 15 14 14 13 13 16 14 31 32 15 7 7 18 25 33 13 12 14 16 21 17 29 14 33 25 16 27 26 7 27 32 21 7 15 21 21 33 12
split_gain=1040.47 108.413 79.5793 25.1191 22.1926 13.958 13.1439 10.3167 9.16825 9.98705 7.75506 7.43922 10.6763 6.436 6.30444 6.00378 5.76379 5.67277 6.68075 5.5576 8.84925 5.52427 5.13484 5.12084 4.98467 7.21649 4.97843 4.96076 5.71419 5.68248 4.88752 4.73697 4.68054 4.92315 4.35475 6.22386 4.33844 4.24271 4.17093 3.92529 3.80417 4.00969 3.73104 3.36022
threshold=1545.5000000000002 2900.5000000000005 1128.6428571428576 1776.5050000000003 835.78571428571433 1377.5000000000002 -0.70900320270980455 -0.40614700388750385 -0.95754239937548935 1817.2182262268486 1700.3951933023795 0.14250626876356556 0.64579916509010216 11.350000000000003 313.25000000000006 -0.98932651372861458 53.500000000000007 141.50000000000003 0.20000000000001514 25.575000000000006 3.4150000000000005 1445.621196658454 1761.9666666666669 0.91248814248966237 0.99572776335819457 995.5100000000001 0.99865940500831329 26.825000000000006 0.57077594689671507 2.8250000000000006 16.450000000000003 -0.998663445439673 18.225000000000005 4.7500000000000009 268.50000000000006 24.425000000000004 221.75000000000003 830.50000000000011 148.50000000000003 0.95936279103287792 2700.5000000000005 2750.5000000000005 5.1650000000000009 2387.8333333333339
decision_type=2 2 2 2 2 2 2 2 2 2 2 2 2 2 2 2 2 2 2 2 2 2 2 2 2 2 2 2 2 2 2 2 2 2 2 2 2 2 2 2 2 2 2 2
left_child=2 3 4 21 13 14 10 43 34 31 40 12 36 -1 15 -4 30 18 -17 20 -18 -2 -12 -21 -13 -26 27 29 -29 -23 -11 -10 -33 -34 35 -8 -6 -15 -19 42 -5 -42 -9 -3
right_child=1 7 5 6 11 -7 8 39 9 16 22 24 -14 37 -16 17 19 38 -20 23 -22 26 -24 -25 25 -27 -28 28 -30 -31 -32 32 33 -35 -36 -37 -38 -39 -40 -41 41 -43 -44 -45
leaf_value=-9.4600923959825138 3.381991451969343 9.7724715143471634 -2.1386658283592328 4.4817243869814503 -1.6731492392657423 -0.66415514766120165 3.6462833934678041 8.5846363715459137 -4.1022536585448188 -1.1199768563398083 0.22600632355658262 -3.7247126444621128 -3.3022630405830009 -7.0066721331705093 -2.5117743298994628 -1.9078116670838665 5.2807601315939605 1.0833739399622595 -3.5557716250363818 4.9106393635155365 0.1363436183097326 0.68862775645322238 2.0644535294923752 -1.128083170778466 -10.034985139983986 0.35966412751022969 2.2030377191564128 1.7172774299222169 -0.11899250470404239 -0.12098529348067813 3.5229842484217735 -2.2982317435162916 1.393179491630401 -0.87149588448426585 5.9331377425269167 -1.1760546863308399 1.901889430897578 0.41591534222876475 -1.3995863107077819 -5.4114333772702956 0.095075692454856836 2.8241102995337952 -2.112578304548931 24.583694243743079
leaf_weight=1697 53 220 143 419 547 1095 31 354 29 32 130 876 820 20 152 1026 327 47 289 170 418 195 147 23 49 54 58 148 117 1173 722 20 1129 67 287 33 24 34 788 21 53 129 36 1749
leaf_count=1697 53 220 143 419 547 1095 31 354 29 32 130 876 820 20 152 1026 327 47 289 170 418 195 147 23 49 54 58 148 117 1173 722 20 1129 67 287 33 24 34 788 21 53 129 36 1749
internal_value=-0.000736125 0.00662923 -0.00870658 0.00445119 -0.0115411 -0.00540578 0.00571686 0.012036 0.00484383 0.00429403 0.00898189 -0.0096439 -0.00822515 -0.0141066 -0.00666721 -0.00627186 0.00579576 -0.00587275 -0.00710364 0.0042181 0.00303583 0.00142595 0.00480693 0.0087623 -0.0116556 -0.00535403 0.00112471 0.000815627 0.00457186 8.55201e-05 0.00775361 0.00225042 0.00253844 0.00278154 0.00943321 0.00229329 -0.00506391 -0.00382625 -0.00393007 0.00769156 0.0109 0.00723229 0.00837478 0.0129409
internal_weight=15951 8290 7661 5910 4121 3540 4166 2380 3288 2937 878 2370 1391 1751 2445 2293 1692 2150 1315 938 745 1744 277 193 979 103 1691 1633 265 1368 754 1245 1216 1196 351 64 571 54 835 411 601 182 390 1969
internal_count=15951 8290 7661 5910 4121 3540 4166 2380 3288 2937 878 2370 1391 1751 2445 2293 1692 2150 1315 938 745 1744 277 193 979 103 1691 1633 265 1368 754 1245 1216 1196 351 64 571 54 835 411 601 182 390 1969
is_linear=0
shrinkage=0.03


Tree=46
num_leaves=45
num_cat=0
split_feature=21 21 22 21 21 15 21 11 14 14 13 16 22 22 13 14 17 12 15 17 11 16 31 12 16 15 20 15 27 22 13 10 33 16 33 14 21 21 14 20 27 29 15 20
split_gain=1018.63 106.058 88.6736 24.7336 21.4405 13.7327 11.326 10.4893 10.353 8.16804 10.0339 7.45753 6.2177 5.89962 5.74919 5.2822 5.20839 5.02142 8.48062 7.7964 5.37714 5.08536 6.24767 4.96102 4.91022 5.29434 4.81705 4.74499 5.09221 4.53956 4.76871 4.42008 4.35723 4.84548 4.24012 4.01067 3.99726 4.00969 3.92772 3.85882 3.84693 4.57544 5.08954 3.95723
threshold=1545.5000000000002 2900.5000000000005 977.04500000000019 1800.5000000000002 1377.5000000000002 -0.70900320270980455 927.50000000000011 67.259270913428551 -0.40614700388750385 -0.95754239937548935 1817.2182262268486 0.99831452020184319 1750.5000000000002 2650.5000000000005 1700.3951933023795 0.90892735371523092 -0.96687281075841669 1578.4333333333336 0.50370931781787065 0.99683437150207233 353.26770462643765 -0.93197223986804445 39.850000000000001 1743.2166666666669 0.90892735371523092 0.91159213926341531 24.267857142857149 -0.056951011027366626 24.425000000000004 3500.5000000000005 1747.450039412671 1392.2857142857144 4.1650000000000009 -0.98523971305672675 2.8050000000000002 0.15951094710994371 2700.5000000000005 2750.5000000000005 0.92602006027323147 21.907142857142862 30.575000000000003 27.175000000000001 0.94636490295939868 23.18214285714286
decision_type=2 2 2 2 2 2 2 2 2 2 2 2 2 2 2 2 2 2 2 2 2 2 2 2 2 2 2 2 2 2 2 2 2 2 2 2 2 2 2 2 2 2 2 2
left_child=2 3 6 17 7 14 35 11 29 27 32 16 40 24 36 -8 -4 18 21 20 34 -2 38 -16 25 -12 -24 28 -7 30 -3 -18 -11 -34 -19 -1 -5 -38 -23 -36 41 42 43 -9
right_child=1 8 4 5 -6 9 15 12 -10 10 13 -13 -14 -15 23 -17 31 19 -20 -21 -22 22 26 -25 -26 -27 -28 -29 -30 -31 -32 -33 33 -35 39 -37 37 -39 -40 -41 -42 -43 -44 -45
leaf_value=-5.5365856709870327 -0.44993565352183396 12.944830616763211 0.71028073043296214 4.3249619142377513 -0.63675546704734076 2.5236622034778859 -2.4847906628060148 -3.5614680152061795 6.6265076702344459 0.10431247368466075 1.641204247532039 0.22050288493027892 2.8836366342152382 0.45942491253169915 -0.049066640235855628 -4.087919650103049 -2.2023789799095823 0.65394228986104963 -1.6536405304155208 2.5792840180980079 2.7922588962475285 1.7942451093105194 1.1959934419864793 1.9683038195290099 4.6828210419940435 3.382363605206558 -0.94826411253847476 6.1949889148890316 -1.087199776854086 28.346183416430783 9.4745066028868603 0.30309382284850928 -2.3233131154825091 2.6486378584759698 1.1850288890544971 -8.2177327698232219 0.09222342168121031 2.7393869905477777 -0.31673569511518507 -0.31807177632753564 -2.3023492502359679 -1.113668039682318 -1.4245970304941464 -1.930439354490785
leaf_weight=147 75 447 45 389 1098 39 378 386 411 573 519 54 71 171 80 243 1304 152 144 77 157 436 51 145 343 563 33 258 30 1324 198 29 46 481 231 2027 53 129 45 690 220 604 229 826
leaf_count=147 75 447 45 389 1098 39 378 386 411 573 519 54 71 171 80 243 1304 152 144 77 157 436 51 145 343 563 33 258 30 1324 198 29 46 481 231 2027 53 129 45 690 220 604 229 826
internal_value=-0.000738006 0.00654962 -0.00862435 0.00439536 -0.00617682 0.00583174 -0.012884 -0.0072522 0.0118974 0.00490622 0.00436074 -0.00927798 -0.00600873 0.00588121 0.00934179 -0.00929319 -0.00970684 0.00177036 0.00366917 0.000628873 4.63377e-05 0.00515076 0.00612635 0.005251 0.00651323 0.00551428 -0.0013912 0.00939162 0.00234443 0.0128038 0.0107146 -0.0100458 0.00215162 0.00412066 -0.000710092 -0.0139078 0.0109473 0.00723229 0.00744544 -0.00147867 -0.00628317 -0.00587355 -0.00679481 -0.00757116
internal_weight=15951 8290 7661 5910 4866 3819 2795 3768 2380 3023 2696 1432 2336 1596 796 621 1378 2091 784 1307 1230 640 565 225 1425 1082 84 327 69 1969 645 1333 1100 527 1073 2174 571 182 481 921 2265 2045 1441 1212
internal_count=15951 8290 7661 5910 4866 3819 2795 3768 2380 3023 2696 1432 2336 1596 796 621 1378 2091 784 1307 1230 640 565 225 1425 1082 84 327 69 1969 645 1333 1100 527 1073 2174 571 182 481 921 2265 2045 1441 1212
is_linear=0
shrinkage=0.03


Tree=47
num_leaves=45
num_cat=0
split_feature=21 21 22 21 21 15 21 14 11 13 14 13 14 22 22 14 7 22 12 20 15 12 15 13 13 7 32 24 33 11 27 5 12 11 14 15 27 27 29 15 20 21 21 27
split_gain=985.119 105.727 87.4759 23.2614 20.239 12.8016 11.6027 11.1035 10.2418 8.36835 7.71243 9.93964 6.67141 5.95626 5.6893 5.88382 5.66845 4.90047 4.69693 6.3187 5.86739 4.48045 5.49644 7.13989 4.46208 5.82764 6.12432 4.45281 4.38918 4.42203 4.38349 4.28431 4.1618 4.1434 4.12496 4.01879 4.71178 3.77644 4.97718 4.89413 3.93855 3.73226 3.82175 3.64514
threshold=1545.5000000000002 2900.5000000000005 977.04500000000019 1776.5050000000003 1377.5000000000002 -0.70900320270980455 927.50000000000011 -0.40614700388750385 69.863813100712775 1700.3951933023795 -0.95754239937548935 1817.2182262268486 -0.99275805973510278 1750.5000000000002 2650.5000000000005 0.91248814248966237 143.50000000000003 3500.5000000000005 1578.4333333333336 23.810714285714294 0.9989598388634241 1281.0166666666669 0.7487283477006671 1716.113718820862 1667.7967495467499 285.50000000000006 214.15000000000003 1690.5000000000002 2.8250000000000006 353.26770462643765 18.225000000000005 3.5000000000000004 1761.9666666666669 221.72220889324134 0.15951094710994371 0.95436825032516992 26.325000000000006 30.575000000000003 27.175000000000001 0.94636490295939868 23.18214285714286 2700.5000000000005 2750.5000000000005 29.975000000000005
decision_type=2 2 2 2 2 2 2 2 2 2 2 2 2 2 2 2 2 2 2 2 2 2 2 2 2 2 2 2 2 2 2 2 2 2 2 2 2 2 2 2 2 2 2 2
left_child=2 3 6 18 8 9 34 17 12 41 27 30 -4 37 15 33 -8 24 19 -2 28 -14 23 -23 -3 -26 -27 31 -20 -30 -12 -7 -11 -13 -1 36 -9 38 39 40 -10 43 -43 -5
right_child=1 7 4 5 -6 10 16 35 13 32 11 14 21 -15 -16 -17 -18 -19 20 -21 -22 22 -24 -25 25 26 -28 -29 29 -31 -32 -33 -34 -35 -36 -37 -38 -39 -40 -41 -42 42 -44 -45
leaf_value=-5.370488100857421 -1.5517249519784808 12.84140907759112 2.2614404246573008 4.5242214329259944 -0.61765280303592018 2.7352140335514878 -3.4411255270849028 8.7472754938997284 -3.4586732748174676 0.17660589710281213 -2.2324141654213419 3.2808926970503602 -2.175697660827193 2.797127535188781 0.37937010532915566 -3.5182293976602566 -1.9130420533750929 27.495797913937857 0.76987445245179054 0.87097025981268184 4.22708387897283 -0.25719366815192302 -2.3324340385226923 -1.8651900386255191 11.107524036052553 13.061948218344181 -2.2282669509318564 5.9698640204349154 -0.29386996266464394 3.383651822510592 0.97219104362663067 -1.1095534366529363 1.9434708090217372 2.937912608357351 -7.9712007867285264 -3.0060758219269519 -0.75276051707185387 -2.2733470048156481 -1.0537914908224957 -1.3818591195793215 -1.8849130011584179 0.089456719030767989 2.6572053808313467 1.0031297013928451
leaf_weight=147 108 323 21 396 1098 71 413 340 377 130 20 910 1095 71 176 30 208 1324 146 563 41 172 93 152 140 131 51 241 779 107 1225 39 147 576 2027 39 32 213 570 225 779 53 129 23
leaf_count=147 108 323 21 396 1098 71 413 340 377 130 20 910 1095 71 176 30 208 1324 146 563 41 172 93 152 140 131 51 241 779 107 1225 39 147 576 2027 39 32 213 570 225 779 53 129 23
internal_value=-0.000747409 0.00641934 -0.00850296 0.00426846 -0.00607201 0.00548643 -0.0127337 0.0117587 -0.00711685 0.00870858 0.00462486 0.00412039 -0.0090092 -0.00581719 0.00561846 0.00621133 -0.00909998 0.0126972 0.00135715 0.00332588 0.000123008 -0.00924344 -0.00657396 -0.00471151 0.0105286 0.00800062 0.00443163 0.00883509 -0.00031683 -0.00111387 0.00208176 0.00378747 0.00437387 0.00647803 -0.0137698 0.00725371 0.00821553 -0.00609815 -0.00567987 -0.00665556 -0.00744486 0.0107004 0.00706755 0.0122691
internal_weight=15951 8290 7661 5910 4866 4166 2795 2380 3768 878 3288 2937 1533 2235 1692 1516 621 1969 1744 671 1073 1512 417 324 645 322 182 351 1032 886 1245 110 277 1486 2174 411 372 2164 1951 1381 1156 601 182 419
internal_count=15951 8290 7661 5910 4866 4166 2795 2380 3768 878 3288 2937 1533 2235 1692 1516 621 1969 1744 671 1073 1512 417 324 645 322 182 351 1032 886 1245 110 277 1486 2174 411 372 2164 1951 1381 1156 601 182 419
is_linear=0
shrinkage=0.03


Tree=48
num_leaves=45
num_cat=2
split_feature=21 21 22 21 21 20 22 21 29 16 14 17 13 17 17 32 32 17 33 21 16 14 22 0 16 16 22 17 22 17 24 14 20 0 17 25 25 32 32 16 25 16 19 6
split_gain=949.653 120.259 74.7171 26.9973 20.5818 16.3286 11.4547 10.894 6.77278 8.20776 8.73333 9.18019 8.62226 7.22566 6.75168 6.6293 6.3449 6.17857 5.76092 5.46151 5.37324 5.08715 5.0865 4.46606 4.4407 4.41857 4.30077 4.03957 5.3181 4.06273 4.20899 3.99577 3.95508 3.86299 3.83785 6.37694 3.80514 3.8034 5.60235 4.1804 3.55621 3.51425 5.84453 3.61891
threshold=1451.5000000000002 2300.5000000000005 950.50000000000011 3499.5000000000005 1690.5000000000002 23.460714285714293 1298.5000000000002 912.23500000000013 27.375000000000004 0.89693165594635726 -0.97694226132849327 0.66528039291287311 1781.3372726388486 0.052657569964411031 0.83730377313544024 313.25000000000006 188.45000000000002 0.283138326639013 3.2950000000000004 1397.5000000000002 0.99683609994235922 0.90892735371523092 3000.5000000000005 0 -0.38342031270350613 -0.93197223986804445 1750.5000000000002 -0.11905762902754294 2550.5000000000005 0.78325861861090706 2777.5000000000005 0.15951094710994371 18.303571428571434 1 1.0000000180025095e-35 23.275000000000002 30.525000000000002 0.2499999999999965 0.39999999999999963 0.9962888416657264 21.925000000000001 -0.83789107429055565 74.050000000000026 7.5000000000000009
decision_type=2 2 2 2 2 2 2 2 2 2 2 2 2 2 2 2 2 2 2 2 2 2 2 9 2 2 2 2 2 2 2 2 2 9 2 2 2 2 2 2 2 2 2 2
left_child=2 4 7 5 18 27 15 31 9 10 -6 17 24 16 -14 19 -11 23 -2 36 -17 -9 -5 -12 -13 -10 41 28 -3 -29 -31 -1 -19 40 35 -35 37 -4 -39 -40 -20 42 -8 -43
right_child=1 3 6 22 8 -7 26 21 25 13 11 12 14 -15 -16 20 -18 32 33 -21 -22 -23 -24 -25 -26 -27 -28 29 -30 30 -32 -33 -34 34 -36 -37 -38 38 39 -41 -42 43 -44 -45
leaf_value=-5.209373457831699 0.4328166635140292 3.4491797937019393 -1.1345668041516921 20.383082877203158 3.695055525148184 4.7308669672494892 0.44383061278616082 -2.3528556813205772 -0.49960121193866597 1.9888648989325064 1.0885665982336421 2.0601045549382127 4.7863904138921844 4.8454763886579277 1.5184542628948667 -2.5758250890243741 -0.57939182750415852 1.2407403445234182 -1.7157808822994933 0.40436190763586521 -0.33984578908763752 -3.8496182637851302 24.16435150715165 -0.2339488323104274 -0.15513938689322343 2.5819267177892038 2.1375725451863374 7.1132659641785034 -3.6898510318371063 4.2928027174244789 -2.2708043365744195 -7.7906216174064848 -1.1626792278745461 1.9961856805201421 -0.18897818580978082 -1.5632349650716013 -2.3606216174064856 -4.0067557312044118 -1.8594207808296868 0.12511353376561374 0.49887191573095152 -1.7243341289097007 -3.9057426285831593 -0.58746425298303395
leaf_weight=143 413 80 324 72 237 1468 126 344 38 249 399 202 188 256 520 266 44 28 43 56 33 235 1541 337 370 305 104 288 93 155 78 1987 278 38 505 246 307 93 1741 39 297 978 53 354
leaf_count=143 413 80 324 72 237 1468 126 344 38 249 399 202 188 256 520 266 44 28 43 56 33 235 1541 337 370 305 104 288 93 155 78 1987 278 38 505 246 307 93 1741 39 297 978 53 354
internal_value=-0.000785024 0.00584015 -0.00887249 0.00988106 0.00278424 0.00768558 -0.00649002 -0.0128057 0.00407175 0.00362826 0.00291196 0.00235003 0.00405203 0.00696048 0.00626606 -0.00763247 0.00372569 0.000256213 -9.53246e-05 -0.00713527 -0.0118756 -0.00913832 0.0128213 0.0017484 0.00130572 0.00807928 -0.00446536 0.00388561 -6.93241e-05 0.00520438 0.00223938 -0.0138008 -0.00332244 -0.00120627 -0.00234264 -0.00516367 -0.00734276 -0.00690091 -0.00742192 -0.00704286 0.00144816 -0.00487195 -0.000904523 -0.00540275
internal_weight=15951 8768 7183 3775 4993 2162 4474 2709 3451 3108 2559 2322 1280 549 708 2859 293 1042 1542 2560 299 579 1613 736 572 343 1615 694 173 521 233 2130 306 1129 789 284 2504 2197 1873 1780 340 1511 179 1332
internal_count=15951 8768 7183 3775 4993 2162 4474 2709 3451 3108 2559 2322 1280 549 708 2859 293 1042 1542 2560 299 579 1613 736 572 343 1615 694 173 521 233 2130 306 1129 789 284 2504 2197 1873 1780 340 1511 179 1332
cat_boundaries=0 1 2
cat_threshold=543970 230
is_linear=0
shrinkage=0.03


Tree=49
num_leaves=45
num_cat=1
split_feature=23 23 23 23 14 23 23 15 0 11 14 11 15 15 14 16 16 20 12 16 14 14 20 32 16 6 12 32 33 26 16 20 25 15 26 33 16 16 12 23 13 16 27 16
split_gain=839.104 102.424 81.3794 24.7147 20.292 19.0016 13.8914 12.7103 12.7592 9.97444 9.11178 8.85215 7.96791 13.9856 6.77687 9.48197 6.70639 6.57529 5.93461 5.60939 5.49503 5.46282 6.72109 12.2355 7.52897 5.45583 5.39105 6.24708 7.77876 5.05128 4.94759 7.1523 5.18265 4.90501 5.74095 4.88461 4.83002 12.4949 4.63218 4.63091 6.2415 4.60273 4.55567 4.52409
threshold=1510.5000000000002 2900.5000000000005 1140.1950000000004 1827.5000000000002 -0.40614700388750385 800.50000000000011 1353.0000000000002 0.37247810748448967 0 203.54009783963923 -0.97113884758256674 69.863813100712775 -0.77243990499604276 -0.94426098523567992 0.60555468348150676 0.14889030080148793 0.90892735371523092 20.317857142857147 1493.116666666667 0.99683609994235922 -0.074117382312902977 0.91248814248966237 24.296428571428574 4.3500000000000014 0.36848418633289504 7.5000000000000009 2684.4333333333338 160.75000000000003 4.6050000000000013 3.5500000000000003 0.96687895796550427 23.225000000000005 26.475000000000005 -0.97315270831292444 0.25000000000000006 5.9750000000000005 0.10837544681456425 0.8277925332691819 830.06666666666672 995.5100000000001 1574.6574801463721 -0.93197223986804445 24.375000000000004 -0.7614135502316719
decision_type=2 2 2 2 2 2 2 2 9 2 2 2 2 2 2 2 2 2 2 2 2 2 2 2 2 2 2 2 2 2 2 2 2 2 2 2 2 2 2 2 2 2 2 2
left_child=2 3 5 21 26 9 11 18 20 -1 -8 -4 13 -12 15 29 -10 -17 -5 -19 -9 22 23 -2 -25 43 27 -3 -29 38 31 -6 -33 34 -24 -23 -20 -38 -7 -16 42 -35 -41 -13
right_child=1 4 6 7 30 14 10 8 16 -11 12 25 -14 -15 39 17 -18 19 36 -21 -22 35 33 24 -26 -27 -28 28 -30 -31 -32 32 -34 41 -36 -37 37 -39 -40 40 -42 -43 -44 -45
leaf_value=-8.4569029688842914 1.8793248443876085 25.682703431768132 -1.7555076146932695 0.36340321060120001 0.34500700002456597 -3.2657706170889527 2.8111562900190847 1.9113396987435634 0.068254735901483621 -1.0526714897792158 -1.0282303589317825 -0.45397041181618075 -1.0549019457484836 1.2781465013053639 -4.7069029688842905 0.83725382280547811 3.2629308975301043 -2.8260963486245201 5.3700069101686676 0.41772542063445367 3.0316688377743262 -3.8554318216411878 1.715862575709957 0.10341282144448313 -0.7285434465670505 -0.22879301787871667 22.945993431305158 6.219438745315192 -3.4154998134011247 0.088976988012651637 17.150510753269241 4.1499138494307362 -0.79322055859539775 -0.44757865535240399 -0.31741446645650284 -0.21708982474749972 0.62733865476674056 4.1248112213022976 -1.4924861739662447 -1.8602491747367746 -2.7074431483212149 1.3556522342089623 2.0102375013914728 -1.9019991100387392
leaf_weight=1609 337 128 867 183 225 106 71 520 838 97 85 188 790 175 713 34 230 530 587 28 792 38 23 452 303 282 1652 109 25 138 81 170 20 97 183 158 370 241 364 42 559 607 39 865
leaf_count=1609 337 128 867 183 225 106 71 520 838 97 85 188 790 175 713 34 230 530 587 28 792 38 23 452 303 282 1652 109 25 138 81 170 20 97 183 158 370 241 364 42 559 607 39 865
internal_value=-0.000790666 0.00575833 -0.00801981 0.00364686 0.0109776 -0.0107657 -0.00449941 0.00512403 0.0037927 -0.0132214 -0.00177683 -0.00588393 -0.00248262 0.00206459 -0.00912303 -0.00747188 0.00130507 -0.010179 0.00741583 -0.0109604 0.00576129 0.00111778 0.00158683 0 -0.00212157 -0.00434574 0.0123802 0.00834414 0.00378076 -0.0048298 0.00555735 0.00422067 0.00850605 0.00349083 -0.000567686 -0.0036563 0.00818546 0.00630339 -0.00631142 -0.0105846 -0.0087127 0.00468257 -0.000887793 -0.00533852
internal_weight=15951 8369 7582 5959 2410 4259 3323 3761 2380 1706 1121 2202 1050 260 2553 1200 1068 592 1381 558 1312 2198 2002 1092 755 1335 1914 262 134 608 496 415 190 910 206 196 1198 611 470 1353 640 704 81 1053
internal_count=15951 8369 7582 5959 2410 4259 3323 3761 2380 1706 1121 2202 1050 260 2553 1200 1068 592 1381 558 1312 2198 2002 1092 755 1335 1914 262 134 608 496 415 190 910 206 196 1198 611 470 1353 640 704 81 1053
cat_boundaries=0 1
cat_threshold=17642
is_linear=0
shrinkage=0.03


Tree=50
num_leaves=45
num_cat=2
split_feature=21 21 22 21 21 21 21 7 17 32 21 17 15 15 21 27 18 31 29 25 15 31 0 11 11 20 15 7 7 22 22 0 12 26 32 18 20 15 7 15 15 13 15 7
split_gain=896.426 121.604 76.7398 27.6115 17.8732 13.7537 10.8873 10.744 9.98946 8.93315 7.14458 6.02962 5.83192 7.07817 6.70918 5.80034 5.55245 5.35855 5.18163 5.77403 5.12865 5.0812 4.88466 4.76394 4.32832 5.52561 9.20468 5.19085 4.54637 4.31052 4.25404 4.24053 4.16657 4.00426 5.68199 3.92585 6.00253 5.31178 4.43081 4.35929 3.90387 6.19933 3.80743 3.67928
threshold=1492.0000000000002 2887.0200000000004 977.04500000000019 1976.9000000000003 1125.5000000000002 1347.5000000000002 3500.5000000000005 308.50000000000006 0.96407344085605606 306.45000000000005 1690.5000000000002 -0.94139465211055529 -0.72694848937061807 -0.074115882986646633 2700.5000000000005 30.575000000000003 6.0000000000000133 48.950000000000003 24.225000000000005 24.175000000000004 -0.70900320270980455 68.850000000000037 0 128.05783663568008 75.592894601844293 22.610714285714288 -0.12545862287572049 19.500000000000004 102.50000000000001 2649.2200000000007 2700.5000000000005 1 1183.4333333333336 0.25000000000000006 166.55000000000004 1.0000000180025095e-35 20.232142857142865 -0.98372925196996197 49.500000000000007 -0.69676771491221523 0.91159213926341531 1695.8038550949248 0.28313308994381592 268.50000000000006
decision_type=2 2 2 2 2 2 2 2 2 2 2 2 2 2 2 2 2 2 2 2 2 2 9 2 2 2 2 2 2 2 2 9 2 2 2 2 2 2 2 2 2 2 2 2
left_child=2 3 4 10 8 9 33 12 16 15 20 -12 14 23 -5 24 -1 35 19 -15 22 -16 -2 -14 25 -4 -27 -26 -29 -20 -8 -30 -6 34 40 36 -13 -37 -38 -39 -3 -42 -21 -18
right_child=1 6 5 7 32 -7 30 -9 -10 -11 11 17 13 18 21 -17 43 -19 29 42 -22 -23 -24 -25 27 26 -28 28 31 -31 -32 -33 -34 -35 -36 37 38 39 -40 -41 41 -43 -44 -45
leaf_value=-6.8560628650946924 0.77113528039367341 9.2894482926793582 -2.8686202742101568 3.5922677212689496 0.60663127247642701 -0.74046319629638557 26.534783026917601 1.8526102452847135 0.59994868149644043 -2.3506551681028145 5.2221232402300668 1.8134431319520308 1.3578074208842417 2.949006982452977 2.6154064993791666 -2.1112286213048423 -3.6799406986986614 -0.38752618506020325 5.1158093966547655 2.3029049716636152 -0.29716854376378704 0.10178587669345689 -0.026695517304589203 -0.96577756968649731 0.75660211887530404 -1.7028423862524733 -0.11303206010803137 -2.5174249495567689 -1.8007303587169212 0.79654592118548406 23.757613628366009 -0.74659219020294698 -2.806079865325164 6.7635752118643859 -1.8181190079234055 -0.22235565683287631 1.374196985651488 1.8136463406316783 -0.55445681584532391 1.1667911426133843 -11.190239434484379 9.6145271536096519 -0.63999859396484682 1.216767527881276
leaf_weight=2332 237 342 131 356 57 1100 37 611 38 317 81 185 89 642 116 311 320 115 538 41 929 98 306 85 64 829 160 736 381 81 1501 430 57 446 51 140 131 289 410 574 21 60 187 20
leaf_count=2332 237 342 131 356 57 1100 37 611 38 317 81 185 89 642 116 311 320 115 538 41 929 98 306 85 64 829 160 736 381 81 1501 430 57 446 51 140 131 289 410 574 21 60 187 20
internal_value=-0.000791948 0.00570887 -0.00855707 0.00348208 -0.0124277 -0.00610482 0.0113612 0.0056633 -0.0129172 -0.00705903 0.00165494 0.00285803 0.00662845 0.00572545 0.00925627 -0.00655698 -0.0131346 0.00250366 0.00639447 0.00489254 7.94783e-05 0.00503036 0.00239735 0 -0.00611182 -0.00755022 -0.00677586 -0.00510955 -0.00545666 0.00849943 0.0129101 -0.00389841 -0.000762489 0.00876753 0.00682767 0.00292175 0.00123537 0.00413917 -0.000354833 0.00501912 0.00796975 0.00199753 0.000775975 -0.00951779
internal_weight=15982 8699 7283 6241 2824 4459 2458 2844 2710 3359 3397 1925 2233 1663 570 3042 2672 1844 1489 870 1472 214 543 174 2731 1120 989 1611 1547 619 1538 811 114 920 474 1729 726 1003 541 863 423 81 228 340
internal_count=15982 8699 7283 6241 2824 4459 2458 2844 2710 3359 3397 1925 2233 1663 570 3042 2672 1844 1489 870 1472 214 543 174 2731 1120 989 1611 1547 619 1538 811 114 920 474 1729 726 1003 541 863 423 81 228 340
cat_boundaries=0 1 2
cat_threshold=590077 2665552
is_linear=0
shrinkage=0.03


Tree=51
num_leaves=45
num_cat=0
split_feature=21 21 22 21 21 21 14 7 31 32 14 17 19 27 32 22 15 21 15 24 32 16 16 11 17 20 22 7 14 14 20 33 31 15 10 12 25 14 27 14 16 16 12 15
split_gain=862.338 119.15 78.7758 28.9473 16.0407 13.2394 12.6645 10.3614 10.0265 9.36188 8.38848 7.86485 9.01695 8.58786 8.97555 6.68399 5.9584 6.54158 6.44266 6.24763 5.86193 5.8248 5.57351 6.95214 5.92686 6.71918 5.42958 6.2675 5.93438 5.32886 5.1566 5.13008 5.0812 4.82951 4.72159 5.49703 5.1554 4.56639 4.43662 4.40867 5.09986 6.75353 7.89006 4.30472
threshold=1492.0000000000002 2887.0200000000004 977.04500000000019 1976.9000000000003 1125.5000000000002 1300.5000000000002 -0.40614700388750385 308.50000000000006 10.900000000000007 306.45000000000005 -0.98370366633421236 0.07411673974326928 212.50000000000003 27.925000000000004 4.7499999999999982 3550.5000000000005 -0.72694848937061807 2700.5000000000005 -0.074115882986646633 2000.5000000000002 6.9499999999999975 -0.18598319447470388 0.9962888416657264 75.592894601844293 0.52766346590117863 23.18214285714286 2548.8300000000004 32.500000000000007 0.41398981800788198 0.90162119223771331 20.425000000000001 3.4150000000000005 68.850000000000037 -0.98667386918526234 1432.214285714286 1555.0500000000002 23.975000000000005 0.80926549319045582 21.975000000000005 -0.96235977360714686 -0.61998829497903662 0.84313847884979054 1400.7166666666669 0.95436825032516992
decision_type=2 2 2 2 2 2 2 2 2 2 2 2 2 2 2 2 2 2 2 2 2 2 2 2 2 2 2 2 2 2 2 2 2 2 2 2 2 2 2 2 2 2 2 2
left_child=2 3 4 10 8 9 15 16 38 22 -2 34 13 14 21 -3 17 -5 19 -18 -16 -13 23 -4 25 30 27 28 -20 -29 -25 -9 -19 -10 -12 36 -36 43 -1 -7 -41 -42 -43 -8
right_child=1 6 5 7 -6 39 37 31 33 -11 11 12 -14 -15 20 -17 18 32 26 -21 -22 -23 -24 24 -26 -27 -28 29 -30 -31 -32 -33 -34 -35 35 -37 -38 -39 -40 40 41 42 -44 -45
leaf_value=-4.9712160630229363 4.7630523265437343 9.9657590761214347 -1.796486005218203 3.484499689630884 -0.30155315794092985 1.0450668444782059 6.58948842531737 4.3194156044687269 1.1240645499715709 -2.2828403209558403 -2.6109152494178964 -0.63772530409166273 4.8250787556160146 2.3250591128947145 -1.8584839021948312 24.544885219515031 -0.8679196028071362 2.5369443043977866 2.6521338849092033 1.7974410910313405 0.10300576962384866 1.8743144732263795 0.16765546592699138 0.035778717267120327 -0.92892255412834857 -1.8057618633833772 0.83285962739809294 4.7020402057421231 -0.50405831439294613 -1.7478706179696859 -4.110400022349272 -0.41487267535992828 0.098732300392648534 -2.9819063612542163 3.3499200268855542 -0.441738264001724 0.10143556183331838 -6.8362943640684257 -6.6100139938649214 0.012238601126260846 -1.5337899812195757 2.0030902740414649 -0.9876408696204384 -0.78016338761796866
leaf_weight=58 130 704 1170 356 114 71 378 275 32 311 92 126 66 174 114 1314 94 116 300 80 1275 487 57 30 551 946 206 837 116 30 177 336 98 230 85 555 293 24 2390 232 784 63 67 38
leaf_count=58 130 704 1170 356 114 71 378 275 32 311 92 126 66 174 114 1314 94 116 300 80 1275 487 57 30 551 946 206 837 116 30 177 336 98 230 85 555 293 24 2390 232 784 63 67 38
internal_value=-0.000805088 0.00557092 -0.00842114 0.00336671 -0.0123427 -0.00593662 0.0111659 0.00560001 -0.0128065 -0.00693902 0.00149598 0.00119739 0.00219303 0.00185975 0.00130213 0.0121733 0.00654785 0.00920365 0.00563526 0.000155083 -3.02354e-05 0.00432556 -0.00641124 -0.0065958 -0.00536764 -0.00659266 0.00627359 0.00700023 0.00395818 0.00845577 -0.0115017 0.00213058 0.00503036 -0.00719954 -0.000977466 -0.000334369 0.00245173 0.00653715 -0.0134051 -0.0032635 -0.00371434 -0.00472268 0.00159108 0.00727469
internal_weight=15982 8699 7283 6241 2824 4459 2458 2844 2710 3242 3397 3267 2242 2176 2002 2018 2233 570 1663 174 1389 613 2931 2874 1704 1153 1489 1283 416 867 207 611 214 262 1025 933 378 440 2448 1217 1146 914 130 416
internal_count=15982 8699 7283 6241 2824 4459 2458 2844 2710 3242 3397 3267 2242 2176 2002 2018 2233 570 1663 174 1389 613 2931 2874 1704 1153 1489 1283 416 867 207 611 214 262 1025 933 378 440 2448 1217 1146 914 130 416
is_linear=0
shrinkage=0.03


Tree=52
num_leaves=45
num_cat=1
split_feature=21 21 21 21 22 32 26 14 11 22 17 19 29 32 21 14 7 16 0 19 14 17 14 16 14 13 14 21 11 17 20 16 10 12 25 25 14 11 16 16 16 18 17 17
split_gain=828.077 116.49 78.0769 34.4031 21.0902 10.5611 10.1485 8.54848 8.2969 7.31076 7.13999 9.21802 8.30092 8.1254 7.06281 6.45715 5.52407 5.46194 5.43878 4.8771 4.76181 4.7523 4.69707 4.59943 4.56586 4.42831 4.92085 4.43045 4.40528 4.63101 6.18514 4.30244 4.29935 5.18886 4.73101 4.15291 4.03563 4.01614 3.76762 3.71146 4.26254 3.51674 4.39599 3.69981
threshold=1492.0000000000002 3200.5000000000005 1042.0350000000001 1976.9000000000003 852.84000000000003 313.25000000000006 0.65000000000000002 -0.98370366633421236 237.04530408863644 3600.5000000000005 0.07411673974326928 212.50000000000003 28.775000000000002 4.7499999999999982 1300.5000000000002 -0.95754239937548935 358.50000000000006 0.9962888416657264 0 272.65000000000003 -0.091260668982868151 0.96407344085605606 0.79904096188274243 -0.61998829497903662 -0.99275805973510278 1489.4186107159794 -0.68430824382591193 2700.5000000000005 75.592894601844293 0.47370525521770246 23.678571428571434 -0.98523971305672675 1432.214285714286 1555.0500000000002 23.975000000000005 24.375000000000004 -0.96235977360714686 331.72474379659417 0.84660111278280559 0.88119114410046628 0.10837544681456425 0.60000000000001519 0.41789902429155973 0.97650658860526895
decision_type=2 2 2 2 2 2 2 2 2 2 2 2 2 2 2 2 2 2 9 2 2 2 2 2 2 2 2 2 2 2 2 2 2 2 2 2 2 2 2 2 2 2 2 2
left_child=2 3 4 7 21 14 15 -2 -6 37 32 12 13 20 17 -5 -15 24 -17 23 -12 -1 -11 -16 -4 26 -8 -28 35 30 -30 -20 -9 34 -34 -26 -7 -3 -37 40 -27 42 -33 -43
right_child=1 9 5 6 8 36 25 10 -10 22 11 -13 -14 16 19 18 -18 -19 31 -21 -22 -23 -24 -25 28 39 27 -29 29 -31 -32 41 33 -35 -36 38 -38 -39 -40 -41 -42 43 -44 -45
leaf_value=-7.1617135740489752 4.620160756747425 12.990199361080775 0.98379690565443523 5.2324816224348663 -2.9185228997993176 -0.038387784834750388 -0.67206800974503156 -2.5325877919353568 -2.1617877227856548 23.808538662929582 -0.61859354496891339 4.6803263929475349 2.2136981922778887 0.061317051394722738 0.01187144309247401 2.9373081807641483 -3.2114600966920372 0.3482209862558534 -4.8543948898280487 1.635923544879414 1.840726165379226 -0.021877562902748195 0.57666187440053818 -1.0362552332939616 -1.9718668027156048 5.7764140267668083 5.6343212463422923 0.14443503530188309 -3.3444921339376967 -0.92630447462699972 -1.6614322482491866 3.2732304582116409 3.2494224260789903 -0.42848611608167175 0.098392494978318146 -1.5359797856313571 -2.1209398970745701 9.1918094230040595 0.82371557605954648 5.6780444490501392 1.0130511323599034 -0.4435983629962027 1.1955618138770614 3.1532468704900336
leaf_weight=1975 130 326 46 146 1220 26 58 92 145 1292 122 66 173 1330 236 955 63 51 50 46 488 25 24 929 328 444 53 40 128 500 709 496 85 555 293 638 237 319 44 177 336 238 312 36
leaf_count=1975 130 326 46 146 1220 26 58 92 145 1292 122 66 173 1330 236 955 63 51 50 46 488 25 24 929 328 444 53 40 128 500 709 496 85 555 293 638 237 319 44 177 336 238 312 36
internal_value=-0.000821982 0.00542608 -0.00828521 0.00355249 -0.0116377 -0.00540492 0.00571429 0.00142533 -0.0087554 0.0118617 0.00112393 0.00207261 0.00173567 0.00118916 -0.00498536 0.00454615 -7.3218e-05 -0.00591506 0.00411672 -0.00310627 0.00407638 -0.0136028 0.0131502 -0.0034864 -0.0061226 0.00806516 0.00325612 0.00754028 -0.00630651 -0.0051694 -0.00653685 0.00262411 -0.0009482 -0.000334369 0.00237239 -0.00780814 -0.0112201 0.00922648 -0.00646093 0.00882039 0.00791822 0.00304685 0.00404282 9.85042e-05
internal_weight=15982 8699 7283 6738 3365 3918 3341 3397 1365 1961 3267 2242 2176 2003 3655 2233 1393 2444 2087 1211 610 2000 1316 1165 2393 1108 151 93 2347 1337 837 1132 1025 933 378 1010 263 645 682 957 780 1082 808 274
internal_count=15982 8699 7283 6738 3365 3918 3341 3397 1365 1961 3267 2242 2176 2003 3655 2233 1393 2444 2087 1211 610 2000 1316 1165 2393 1108 151 93 2347 1337 837 1132 1025 933 378 1010 263 645 682 957 780 1082 808 274
cat_boundaries=0 1
cat_threshold=49378
is_linear=0
shrinkage=0.03


Tree=53
num_leaves=45
num_cat=2
split_feature=21 21 10 21 21 11 15 31 14 22 17 19 29 19 0 19 14 19 13 17 31 15 15 21 24 16 18 14 14 11 29 7 11 16 24 0 10 14 16 14 33 20 16 21
split_gain=804.881 117.595 79.9853 32.6796 20.3259 11.7689 11.0337 9.53349 8.17034 7.67025 6.76556 7.88716 7.12131 7.01705 6.43906 6.01504 5.80431 8.44049 5.47217 5.3429 5.32024 7.0422 9.83766 5.0173 8.89129 5.53298 4.95956 4.86712 4.66456 4.35696 4.30054 5.51433 4.67347 4.09144 3.93661 3.93302 3.858 3.79641 3.79056 5.66741 3.78693 3.74566 3.5871 5.60249
threshold=1492.0000000000002 3200.5000000000005 864.357142857143 1976.9000000000003 1151.5000000000002 241.97731558273512 0.37247810748448967 11.350000000000003 -0.98370366633421236 3600.5000000000005 0.07411673974326928 212.50000000000003 28.775000000000002 5.6499999999999995 0 6.9499999999999975 -0.96235977360714686 303.85000000000008 1761.9276497583662 -0.99531284698386135 75.649999999999991 -0.77243990499604276 -0.86974577485258975 2300.5000000000005 2800.5000000000005 0.18281681932135149 48.950000000000003 -0.99275805973510278 0.79904096188274243 154.11807393586398 27.025000000000002 141.50000000000003 103.07764064048128 -0.98523971305672675 2000.5000000000002 1 1432.214285714286 -0.70898476237405783 0.95752911693909493 0.68432406471780916 3.7350000000000008 20.503571428571433 0.99572776335819457 897.50000000000011
decision_type=2 2 2 2 2 2 2 2 2 2 2 2 2 2 9 2 2 2 2 2 2 2 2 2 2 2 2 2 2 2 2 2 2 2 2 9 2 2 2 2 2 2 2 2
left_child=2 3 7 8 5 27 23 -1 -2 -3 36 12 13 18 29 -15 19 20 -12 -6 21 22 26 25 -25 -5 -18 -4 -11 -8 41 32 -32 -16 37 -33 -10 -27 40 -40 -23 -29 -43 -44
right_child=1 9 4 6 16 -7 14 -9 10 28 11 -13 -14 15 33 -17 17 -19 -20 -21 -22 38 -24 24 -26 34 -28 30 -30 -31 31 35 -34 -35 -36 -37 -38 -39 39 -41 -42 42 43 -45
leaf_value=-7.2843621668275045 4.4815559340449997 10.679383260748855 1.9422209541474205 3.8324046304477566 -1.943111797054472 -1.6460117924581641 3.1978387454549955 -1.1113938665778966 -2.4566101581772952 23.094282503041693 0.22562814292114922 4.5399166011591081 2.1472872465095518 -2.2385944850887527 -4.8282215288764601 0.086866225034796116 -0.18103839272413325 -2.0041909462778675 2.2394798239308851 1.2289864258180909 -1.7204788604676717 -0.48302812959300012 0.93208779970531164 4.5403066169514661 1.2604961145976312 -1.0503185335873535 -1.685369572365937 -0.41388734968636409 0.55936201816852182 2.5771972324280839 -2.403096077300015 -1.3763069976924931 -2.1950866266394846 2.0046114920586886 1.3274687408498242 -0.018617062029816223 -0.050548089405851898 2.2185675601217736 -2.2766761068232211 1.7863593384684053 -1.6801007402605888 -2.7981327561697253 -8.6236128895179949 0.079006525214419976
leaf_weight=1890 130 645 20 227 28 257 426 78 92 1292 316 66 173 76 44 1286 239 107 325 94 188 268 187 647 277 84 143 54 24 702 378 111 323 839 75 147 933 20 24 61 1327 1259 33 67
leaf_count=1890 130 645 20 227 28 257 426 78 92 1292 316 66 173 76 44 1286 239 107 325 94 188 268 187 647 277 84 143 54 24 702 378 111 323 839 75 147 933 20 24 61 1327 1259 33 67
internal_value=-0.000840753 0.00531917 -0.00819871 0.00343673 -0.00628436 -0.00814692 0.00554368 -0.0133667 0.00136352 0.0117852 0.00106884 0.00199233 0.00168053 0.00117418 0.00413803 -4.18471e-05 -0.00443232 -0.0047392 0.00376228 0.00194103 -0.00437487 -0.00396692 -0.00107538 0.00766634 0.00889189 0.00486826 -0.00383931 -0.00880273 0.0131046 0.00563834 -0.00892753 -0.00736315 -0.00874626 0.00212966 0.000904523 -0.00359163 -0.0009482 -0.00285303 -0.00494435 0.00119859 -0.00527365 -0.00998655 -0.010295 -0.00476523
internal_weight=15982 8699 7283 6738 5315 2649 3341 1968 3397 1961 3267 2242 2176 2003 2011 1362 2666 2544 641 122 2437 2249 569 1330 924 406 382 2392 1316 1128 2372 959 701 883 179 258 1025 104 1680 85 1595 1413 1359 100
internal_count=15982 8699 7283 6738 5315 2649 3341 1968 3397 1961 3267 2242 2176 2003 2011 1362 2666 2544 641 122 2437 2249 569 1330 924 406 382 2392 1316 1128 2372 959 701 883 179 258 1025 104 1680 85 1595 1413 1359 100
cat_boundaries=0 1 2
cat_threshold=50402 557218
is_linear=0
shrinkage=0.03


Tree=54
num_leaves=45
num_cat=0
split_feature=10 23 10 10 14 10 18 18 14 20 7 20 31 16 16 7 7 11 12 11 25 19 25 33 16 18 25 33 20 25 19 23 32 33 17 14 7 13 15 12 31 14 13 14
split_gain=719.884 115.586 75.5299 30.0217 22.0834 16.0411 13.6008 12.2829 10.871 17.2162 11.2331 10.186 9.68499 9.58428 9.16426 9.37906 9.15851 8.69022 8.58476 8.49349 7.95972 7.36998 7.173 7.00856 6.30745 6.12847 6.08635 5.94813 5.51731 5.44595 5.60547 5.38911 5.02662 4.94108 5.29355 4.81903 5.25311 4.9279 4.72043 4.5648 4.41265 4.28708 4.23873 4.15536
threshold=1442.4285714285718 2850.5000000000005 864.357142857143 1792.9285714285718 -0.40614700388750385 1128.6428571428576 36.950000000000024 0.099999999999982256 0.90162119223771331 25.125000000000004 53.500000000000007 24.367857142857151 11.350000000000003 0.36848418633289504 0.17011757999667351 141.50000000000003 2.5000000000000004 103.07764064048128 2759.1000000000004 69.863813100712775 24.725000000000005 193.55000000000004 24.825000000000006 5.9150000000000009 -0.98214488425316759 2.5999999999999934 25.975000000000005 3.5950000000000002 23.678571428571434 25.075000000000006 146.55000000000004 2750.5000000000005 313.25000000000006 2.3550000000000004 0.38640165280327893 0.80926549319045582 347.50000000000006 1611.946723571986 -0.12545862287572049 1912.1000000000001 25.999999999999996 0.91596454896554913 1463.2624073850159 0.9962888416657264
decision_type=2 2 2 2 2 2 2 2 2 2 2 2 2 2 2 2 2 2 2 2 2 2 2 2 2 2 2 2 2 2 2 2 2 2 2 2 2 2 2 2 2 2 2 2
left_child=2 3 12 7 18 14 8 16 9 10 25 13 -1 38 15 17 -2 -4 29 32 -13 -21 -11 24 -12 26 -5 -22 -23 30 -3 -8 -7 -17 -35 36 37 -6 -9 -10 -32 -29 -20 -19
right_child=1 4 5 6 35 19 31 11 39 22 23 20 -14 -15 -16 33 -18 43 42 21 27 28 -24 -25 -26 -27 -28 41 -30 -31 40 -33 -34 34 -36 -37 -38 -39 -40 -41 -42 -43 -44 -45
leaf_value=-7.0658313018226808 4.6258184092240491 13.609012448427727 -2.5116926293994526 2.5037291087906599 0.13445167864834956 -1.1269726057876528 3.499464337487602 4.7717068379697976 2.9666259242993327 -1.1564907625805438 -2.2593820245541907 1.7593794635589153 -1.07805205058056 -0.53818211468105803 -2.9436655253110167 0.61812196534154284 -1.2091926412167913 -1.3495455579006612 5.6575362576246446 -1.3960739793439085 -0.63567712956194322 -3.5790010847871039 4.1981731480032485 -2.6357330136780024 1.2098303928203586 -1.1827119161976112 -1.1439762894732712 0.5910961852350306 0.99118696942494577 21.121512827727837 -1.6554303287532706 0.54001546654580579 -1.9387921029533446 0.22763794953242039 -1.5332384577547531 -2.9798010848818328 -0.89360192161169949 6.4400737145257878 0.95176385201482838 -3.0360431163012311 4.8774254929053766 -1.5707067418543907 19.431454027950448 -5.7502556484651848
leaf_weight=1890 34 120 376 930 83 891 543 37 22 46 162 270 78 491 949 49 769 295 72 1530 107 22 496 56 1465 21 27 533 182 87 72 113 132 137 345 55 72 343 264 124 39 30 1583 40
leaf_count=1890 34 120 376 930 83 891 543 37 22 46 162 270 78 491 949 49 769 295 72 1530 107 22 496 56 1465 21 27 533 182 87 72 113 132 137 345 55 72 343 264 124 39 30 1583 40
internal_value=-0.000799457 0.00476136 -0.00808939 0.00265546 0.0102122 -0.00611083 0.00427255 9.94044e-05 0.00349706 0.00386251 0.00286799 0.00152243 -0.0130618 -0.000980937 -0.00802884 -0.00632558 -0.00296601 -0.00858107 0.0116983 -0.00458525 0.00363472 -0.00330258 0.00873824 0.0013796 0.00174052 0.00542583 0.00577996 0.00187584 0.00204312 0.00715813 0.00472523 0.00822588 -0.00675594 -0.00329881 -0.00422526 0.00490327 0.00583618 0.00710397 0.00322816 -0.00449692 -0.000108011 0.00311135 0.0125684 -0.00504924
internal_weight=15982 9066 6916 6540 2526 4948 4005 2535 3349 3203 2661 1732 1968 792 2191 1242 803 711 1973 2757 940 1734 542 1683 1627 978 957 670 204 318 231 656 1023 531 482 553 498 426 301 146 111 563 1655 335
internal_count=15982 9066 6916 6540 2526 4948 4005 2535 3349 3203 2661 1732 1968 792 2191 1242 803 711 1973 2757 940 1734 542 1683 1627 978 957 670 204 318 231 656 1023 531 482 553 498 426 301 146 111 563 1655 335
is_linear=0
shrinkage=0.03


Tree=55
num_leaves=45
num_cat=1
split_feature=22 22 22 22 14 11 32 10 20 0 11 16 14 22 12 12 18 18 18 14 7 10 14 20 12 26 19 16 20 10 16 27 15 15 14 12 29 7 16 29 11 10 20 14
split_gain=716.88 111.093 80.829 21.8686 16.1477 12.8008 12.3965 11.6507 10.1373 9.41985 8.34385 7.17381 6.85691 6.36833 6.35654 6.0594 6.00651 5.64573 6.65372 5.56653 5.53149 5.38729 5.25498 4.88652 4.88633 4.86379 14.1325 4.85936 4.68063 4.5184 6.39824 6.25175 6.13499 8.06056 4.33171 4.54599 4.03728 4.07769 3.96088 3.63399 3.40796 3.36305 3.78076 3.6973
threshold=1450.5000000000002 2950.5000000000005 897.50000000000011 1749.7900000000002 -0.30983472475487867 208.10871656390376 324.65000000000003 1316.0000000000002 25.460714285714293 0 69.863813100712775 0.96687895796550427 0.90162119223771331 3598.4100000000003 1638.7666666666669 1375.1666666666667 5.200000000000002 0.099999999999982256 5.200000000000002 -0.9954993026558282 3.5000000000000004 3057.2857142857151 -0.97113884758256674 23.903571428571432 1073.8333333333337 0.65000000000000002 191.95000000000002 0.99572776335819457 23.775000000000006 1135.7857142857144 0.10837544681456425 23.825000000000006 -0.93237865822738086 -0.7614016681079937 0.8697513045430848 1795.0166666666669 20.975000000000005 348.50000000000006 0.44313197806314492 20.325000000000006 100.00000000000377 1703.7857142857144 21.753571428571433 0.90162119223771331
decision_type=2 2 2 2 2 2 2 2 2 9 2 2 2 2 2 2 2 2 2 2 2 2 2 2 2 2 2 2 2 2 2 2 2 2 2 2 2 2 2 2 2 2 2 2
left_child=2 3 5 17 13 16 8 10 9 34 19 21 15 25 29 -10 -1 20 -19 -4 -2 -6 -9 38 -25 26 -3 28 -21 30 31 -12 -31 -34 35 -5 37 -11 -20 -35 -37 42 -24 -43
right_child=1 4 7 6 11 -7 -8 22 12 36 14 -13 -14 -15 -16 -17 -18 18 23 27 -22 -23 41 24 -26 -27 -28 -29 -30 32 -32 -33 33 39 -36 40 -38 -39 -40 -41 -42 43 -44 -45
leaf_value=-7.1538563627680007 6.9534682481312551 9.3197219068771666 2.1883724249616865 -0.13525771121112712 2.0215777219050119 -2.0330236202565128 4.8199273710242574 2.0830746512113456 -0.030475096197851596 3.1746058370951369 1.4920780747878359 14.933247468843238 -0.61333712852947997 21.81851040711193 -3.7000020894361101 3.5698293667735377 -3.6722385402434004 1.4680425505375456 1.5314011822959468 -2.4931240387927187 -0.79452726831982312 -1.9705706303966644 -2.8474396577890388 -1.789664332705579 0.29462263994822252 11.583294832987253 -3.9500863531651089 -0.2689387681618291 -1.6033724631985569 -2.0589279545672139 -2.8258270445381832 -1.3346374512896806 0.60625138269892198 -1.9652692228038573 -2.6913177331005818 1.4634199199831619 1.2112346648150287 1.4045248016516234 -0.91134764562105142 -0.87973556666519237 0.91024727688260887 5.863252607931746 -0.78213866994439285 -2.4428145747230698
leaf_weight=1860 29 357 22 337 86 130 220 40 67 383 70 79 66 1370 254 591 228 318 75 271 610 118 211 20 762 247 56 87 1190 106 381 636 145 78 55 188 1742 189 142 415 658 80 931 34
leaf_count=1860 29 357 22 337 86 130 220 40 67 383 70 79 66 1370 254 591 228 318 75 271 610 118 211 20 762 247 56 87 1190 106 381 636 145 78 55 188 1742 189 142 415 658 80 931 34
internal_value=-0.000807513 0.00494712 -0.00784366 0.00292416 0.0105884 -0.012604 0.0040762 -0.00571025 0.00371764 0.0030565 -0.00657766 0.00385729 0.00695622 0.011525 -0.00532924 0.00788178 -0.0131732 0.000274526 0.00139853 -0.00823323 -0.00203724 0.000867222 -0.00326132 0.000192173 0.00130035 0.00908499 0.00707335 -0.00844713 -0.00885771 -0.00470865 -0.00594426 -0.00424444 -0.0028988 -0.00178185 0.000910985 0.00130336 0.00418097 0.00639224 -0.00378627 -0.00361387 0.00247843 -0.00360401 -0.00409509 0.00128834
internal_weight=15934 8765 7169 6452 2313 2218 4496 4951 4276 3552 3655 283 724 2030 2085 658 2088 1956 1317 1570 639 204 1296 999 782 660 413 1548 1461 1831 1087 706 744 638 1238 1183 2314 572 217 493 846 1256 1142 114
internal_count=15934 8765 7169 6452 2313 2218 4496 4951 4276 3552 3655 283 724 2030 2085 658 2088 1956 1317 1570 639 204 1296 999 782 660 413 1548 1461 1831 1087 706 744 638 1238 1183 2314 572 217 493 846 1256 1142 114
cat_boundaries=0 1
cat_threshold=2732037
is_linear=0
shrinkage=0.03


Tree=56
num_leaves=45
num_cat=3
split_feature=21 21 22 21 21 21 15 15 22 14 25 19 31 15 14 32 14 16 30 16 17 0 16 23 32 13 19 31 25 17 5 23 0 10 14 27 27 15 25 0 18 12 27 10
split_gain=711.161 97.3237 97.1913 22.844 18.7748 14.0326 13.2825 8.41641 7.50742 6.16295 5.35138 6.1293 5.33729 8.72105 7.29523 6.75807 6.0363 5.53046 5.2158 5.20048 6.7281 5.13542 5.25597 4.84663 4.54976 4.46959 4.409 6.84466 6.11113 6.54465 4.46419 4.28141 4.14679 4.06421 3.99996 3.99689 5.30682 5.29325 3.91242 3.63595 3.63126 3.6085 3.4724 3.40923
threshold=1590.5000000000002 3250.5000000000005 897.50000000000011 1327.5000000000002 2077.3450000000007 912.23500000000013 0.37247810748448967 0.98332250088165762 3500.5000000000005 0.79904096188274243 25.075000000000006 328.05000000000007 75.649999999999991 -0.78324956448884031 0.55656748448714433 0.2499999999999965 -0.98930078251469888 0.89404822654372251 10.400000000000002 0.96522610578843548 -0.11905762902754294 0 -0.98214488425316759 950.50000000000011 0.29999999999999999 2289.3697275102654 5.9499999999999975 0.099999999999982256 29.125000000000004 -0.94139465211055529 3.5000000000000004 2500.5000000000005 1 1339.3571428571429 0.84773968378660736 19.725000000000005 24.125000000000004 -0.81925291736142491 24.675000000000008 2 5.6000000000000139 2636.6833333333338 24.625000000000004 1308.8571428571431
decision_type=2 2 2 2 2 2 2 2 2 2 2 2 2 2 2 2 2 2 2 2 2 9 2 2 2 2 2 2 2 2 2 2 9 2 2 2 2 2 2 9 2 2 2 2
left_child=2 4 5 7 19 23 10 12 -3 -10 11 39 13 14 33 17 -17 -15 -12 26 -21 31 -23 40 -18 -5 27 32 29 30 -28 -8 -2 42 -7 -29 -37 -38 -22 -6 -1 -31 -4 -14
right_child=1 8 3 25 6 34 21 -9 9 -11 18 -13 43 15 -16 16 24 -19 -20 20 38 22 -24 -25 -26 -27 28 35 -30 41 -32 -33 -34 -35 -36 36 37 -39 -40 -41 -42 -43 -44 -45
leaf_value=-6.9392406718849609 1.4284163285845408 10.086216521343731 -0.35217696980721258 -0.41332598364233714 -0.18159069431775604 -1.1782612847875191 3.3063714278347822 0.64229499371445742 21.163955094898579 -3.3192098639516963 5.9547892405242644 5.0969918557685876 -1.9971305333644351 -1.4838745251517911 1.3047582777631714 0.81782548762222174 -3.7348604583231459 4.705826344287944 0.99068053993633154 -0.37455994477981902 3.0626783342337967 -2.8715142295994882 1.7159558690206893 -5.2228387551366593 -2.2059865478787817 -4.0057466004991937 4.7890915700648833 -0.061406541780035011 2.4463234558392535 -0.051312668842699617 -0.35036368227088815 0.99221282476629991 -0.26659449572395716 0.99530159900407389 -2.8208558107600106 2.9261273857204353 3.2119340185909437 -0.2412471020582177 -0.044342470194055746 1.4270828800387108 -3.7773342535637151 2.1196501138652479 -1.1902337079559311 -0.31778341567042617
leaf_weight=1630 386 501 267 1726 120 116 688 118 1373 24 411 167 354 680 77 53 135 28 68 49 152 47 684 102 1732 76 113 60 71 1444 33 268 360 20 182 234 43 96 25 395 174 145 473 34
leaf_count=1630 386 501 267 1726 120 116 688 118 1373 24 411 167 354 680 77 53 135 28 68 49 152 47 684 102 1732 76 113 60 71 1444 33 268 360 20 182 234 43 96 25 395 174 145 473 34
internal_value=-0.000816927 0.00552865 -0.00714696 -0.00509986 0.00367084 -0.0125071 0.00544468 -0.00637153 0.0114572 0.0125918 0.00791663 0.00619704 -0.00661338 -0.00623705 -0.0035623 -0.00708763 -0.00801365 -0.00457139 0.0103569 0.00209648 0.00648828 0.00374133 0.00175685 -0.0134552 -0.00829736 -0.00229566 0.00176276 0.00319057 0.000828858 0.000473748 0.00655031 0.00518269 0.00144351 -0.00445599 -0.00643073 0.00619257 0.00734924 0.00267434 0.00921513 0.0045661 -0.0138169 -8.30659e-05 -0.00481962 -0.00996393
internal_weight=15934 7957 7977 5773 6059 2204 2848 3971 1898 1397 1161 682 3853 3465 837 2628 1920 708 479 3211 226 1687 731 1906 1867 1802 2985 1179 1806 1735 146 956 746 760 298 433 373 139 177 515 1804 1589 740 388
internal_count=15934 7957 7977 5773 6059 2204 2848 3971 1898 1397 1161 682 3853 3465 837 2628 1920 708 479 3211 226 1687 731 1906 1867 1802 2985 1179 1806 1735 146 956 746 760 298 433 373 139 177 515 1804 1589 740 388
cat_boundaries=0 1 2 3
cat_threshold=1098984 91306 66573
is_linear=0
shrinkage=0.03


Tree=57
num_leaves=45
num_cat=0
split_feature=21 21 22 21 21 21 22 15 27 7 21 15 21 27 21 16 21 15 22 21 17 16 16 29 23 18 24 25 26 16 16 7 16 15 20 7 22 21 17 17 31 15 22 32
split_gain=681.374 107.039 81.113 25.162 13.9208 10.1364 9.12057 8.96687 7.31629 7.75682 6.72138 6.71346 6.34448 5.96919 6.05697 5.92607 5.84121 5.38223 5.65524 5.33374 5.20282 5.0756 7.89994 4.94907 4.76498 4.64208 6.07251 4.61806 4.4792 6.19441 4.36722 6.63346 4.96209 4.84468 5.27149 12.4359 4.15198 4.1139 3.90573 3.83959 3.55048 4.92938 4.32293 3.9202
threshold=1451.5000000000002 3050.5000000000005 897.50000000000011 1976.9000000000003 830.50000000000011 1183.0000000000002 3500.5000000000005 -0.72694848937061807 25.075000000000006 54.500000000000007 1627.5000000000002 0.91852788691372023 2211.5000000000005 24.125000000000004 2400.5000000000005 -0.98214488425316759 3499.5000000000005 -0.85674049181790024 2650.5000000000005 1125.5000000000002 -0.94139465211055529 0.99351232050787985 0.90159200968320541 28.825000000000006 977.04500000000019 6.6499999999999906 750.50000000000011 16.450000000000003 2.8500000000000001 0.96522610578843548 -0.57693561556757644 258.50000000000006 -0.97876850416056738 0.99748108949426018 23.678571428571434 62.500000000000007 2470.5000000000005 2350.5000000000005 0.99274945289872141 0.91852788691372023 82.050000000000026 -0.7614016681079937 1051.5000000000002 88.250000000000014
decision_type=2 2 2 2 2 2 2 2 2 2 2 2 2 2 2 2 2 2 2 2 2 2 2 2 2 2 2 2 2 2 2 2 2 2 2 2 2 2 2 2 2 2 2 2
left_child=2 3 4 10 24 11 -3 17 13 12 -2 21 -10 15 -15 -9 -8 18 -5 25 -12 22 40 28 -1 -6 -27 -17 29 38 32 33 -7 34 -32 -36 -29 -11 -22 -20 41 43 -43 -4
right_child=1 6 5 7 19 30 16 8 9 37 20 -13 -14 14 -16 27 -18 -19 39 -21 23 -23 -24 -25 -26 26 -28 36 -30 -31 31 -33 -34 -35 35 -37 -38 -39 -40 -41 -42 42 -44 -45
leaf_value=-6.7310634517284127 -0.12864305323162284 8.442569795528474 -0.52584098380381195 4.2795551993584988 -3.3682623037743245 -2.506437923126756 5.5056737181133872 -3.1871800416787708 2.4784547209778292 2.7011786555199566 4.3430699012727629 -0.63900782854072757 -1.3069038787520548 -0.40844930772464749 5.7260323234844144 -1.6463322925974762 20.529036442051623 5.0230181037251622 0.039702530207264317 -0.78895191335516301 0.31897699356763948 -0.12140654104635587 -2.3801254822887068 1.8736796616004925 -5.5831978282796113 1.612904010334147 -1.8763516809966654 2.9541086564582972 -0.099259683290450762 3.2256593900775465 -1.9959584261995404 -0.038732413898596857 -0.22022434509042113 1.615848323959717 3.8158033230204214 -1.0827081221274784 0.865117093330939 10.631107051242971 2.2236326273919782 1.4783338252739848 -2.5526596001536315 -2.6170768987095112 -1.670771984300859 -1.2952673823547218
leaf_weight=1489 1140 717 254 234 464 56 128 57 69 308 95 173 103 308 100 24 1313 120 139 83 1414 103 284 137 62 29 71 957 416 101 346 255 460 29 44 1241 356 144 143 186 119 714 649 300
leaf_count=1489 1140 717 254 234 464 56 128 57 69 308 95 173 103 308 100 24 1313 120 139 83 1414 103 284 137 62 29 71 957 416 101 346 255 460 29 44 1241 356 144 143 186 119 714 649 300
internal_value=-0.000826341 0.00482392 -0.00763754 0.00291432 -0.0124457 -0.0055344 0.0106191 0.00487327 0.00401756 0.00682102 0.00114825 -0.00683988 0.00137711 0.00304478 -0.000139672 0.00397891 0.0119992 0.0079252 0.00667501 -0.00873435 0.00208014 -0.00724774 -0.00753718 0.00178282 -0.0139914 -0.00978018 -0.00386613 0.00438411 0.00141604 0.00211507 -0.00413887 -0.00479975 -0.00167991 -0.00549184 -0.00570903 -0.0048183 0.00462417 0.0088852 0.00164537 0.0040972 -0.00687933 -0.00656304 -0.00753576 -0.00416351
internal_weight=15934 8709 7225 6551 2198 5027 2158 3105 2426 624 3446 2596 172 1802 408 1394 1441 679 559 647 2306 2423 2320 2211 1551 564 100 1337 2074 1658 2431 1915 516 1660 1631 1285 1313 452 1557 325 2036 1917 1363 554
internal_count=15934 8709 7225 6551 2198 5027 2158 3105 2426 624 3446 2596 172 1802 408 1394 1441 679 559 647 2306 2423 2320 2211 1551 564 100 1337 2074 1658 2431 1915 516 1660 1631 1285 1313 452 1557 325 2036 1917 1363 554
is_linear=0
shrinkage=0.03


Tree=58
num_leaves=45
num_cat=0
split_feature=21 21 10 21 21 11 25 32 15 21 14 24 14 31 14 25 14 11 29 7 22 20 17 29 16 20 7 20 15 16 16 15 25 20 17 7 14 11 13 21 16 7 29 31
split_gain=653.714 105.403 81.0189 28.3354 15.8964 11.0355 9.55833 9.12811 7.99583 6.35259 6.28756 6.61224 6.11969 5.79294 5.73483 5.64527 5.64461 6.28244 5.62153 6.64042 5.38307 4.82518 4.81134 5.02269 4.56478 6.16047 11.3406 5.91752 5.86855 10.6647 6.09089 5.84635 5.66787 4.65149 4.42595 4.39025 4.3113 4.08179 4.02669 4.00252 8.10686 3.99987 3.80927 3.79003
threshold=1451.5000000000002 3395.0000000000005 816.00000000000011 1976.9000000000003 1170.5000000000002 241.97731558273512 25.175000000000008 324.65000000000003 0.6174544326165855 1627.5000000000002 0.79904096188274243 2676.0400000000004 0.79904096188274243 8.6000000000000103 -0.9954993026558282 25.975000000000005 0.55656748448714433 293.74036829135747 26.925000000000004 143.50000000000003 821.50000000000011 20.503571428571433 -0.94139465211055529 28.825000000000006 0.28313881758084386 23.678571428571434 62.500000000000007 24.38571428571429 0.054805126479326886 -0.48314718476766422 -0.92641089502887486 -0.79382744783423187 24.175000000000004 29.003571428571437 0.97650658860526895 12.500000000000002 0.90162119223771331 439.15503282684102 1878.8280960016161 945.50000000000011 0.99351232050787985 239.50000000000003 25.175000000000008 34.650000000000013
decision_type=2 2 2 2 2 2 2 2 2 2 2 2 2 2 2 2 2 2 2 2 2 2 2 2 2 2 2 2 2 2 2 2 2 2 2 2 2 2 2 2 2 2 2 2
left_child=2 3 13 9 5 14 7 12 36 -2 11 -3 16 -1 -4 -10 34 -18 21 38 -15 -16 -11 43 28 -26 -27 31 29 -6 -30 -28 -31 -29 35 -5 -8 -14 -20 -23 -41 -33 -9 -24
right_child=1 10 4 6 24 -7 8 42 15 22 -12 -13 37 20 18 -17 17 -19 19 -21 -22 39 23 -25 25 26 27 33 30 32 -32 41 -34 -35 -36 -37 -38 -39 -40 40 -42 -43 -44 -45
leaf_value=-6.5291315481765588 -0.12478376163467488 4.7983827183175798 1.5721433405811831 -1.4787878222359609 -0.40302447941118769 -0.94979490780308418 4.57545720400147 4.345523039228774 2.0046062784015408 4.2127778042345838 -0.728448139132015 17.843767072747312 -2.4915661329955876 -3.7165896331340988 -0.15165131466784146 -1.9400095780111792 5.0548193688294623 -1.4723371462683303 -2.3892313750648957 -0.63909634454494946 1.2959572037269425 -5.1818958433026809 0.4731059226347793 1.8174692717524747 -1.9185877765011536 3.7013292233298092 1.2023219559992275 -1.8502963064438245 -5.3301794173850681 -0.057281877688125177 0.59458291046886635 -1.8891751638375467 -1.8603060609107387 0.54675607624947242 2.8000892086404248 1.4311881624455098 -1.4595740421186201 4.0911079601682827 -1.3377616512181338 -2.1239117100034068 0.14618734247081078 -0.36331751691430325 -0.4890756330445265 -0.16687274294350118
leaf_weight=1569 1140 73 23 88 506 259 718 190 108 95 29 1652 84 44 62 61 195 44 526 298 23 396 1771 137 360 44 79 556 43 80 403 26 281 50 238 1693 32 37 396 972 78 151 21 303
leaf_count=1569 1140 73 23 88 506 259 718 190 108 95 29 1652 84 44 62 61 195 44 526 298 23 396 1771 137 360 44 79 556 43 80 403 26 281 50 238 1693 32 37 396 972 78 151 21 303
internal_value=-0.000820693 0.00471369 -0.00749221 0.0030556 -0.00577231 -0.00725458 0.00495341 0.00401799 0.00758568 0.00112214 0.0112861 0.0115193 0.00348535 -0.0133653 -0.00781215 0.00166765 0.00383818 0.00820577 -0.00793849 -0.00641505 -0.00464978 -0.00916849 0.0020281 0.00174212 -0.00404094 -0.00532896 -0.00400287 -0.00476395 -0.00279644 -0.00423481 0 -0.00092542 -0.00817502 -0.00638014 0.0033193 0.00280276 0.00891481 -0.00307184 -0.00767487 -0.00952009 -0.00853919 -0.00396386 0.0100047 0.00137264
internal_weight=15934 8709 7225 6955 5589 3010 3509 2590 919 3446 1754 1725 2379 1636 2751 169 2258 239 2728 1220 67 1508 2306 2211 2579 1266 906 862 1313 867 446 256 361 606 2019 1781 750 121 922 1446 1050 177 211 2074
internal_count=15934 8709 7225 6955 5589 3010 3509 2590 919 3446 1754 1725 2379 1636 2751 169 2258 239 2728 1220 67 1508 2306 2211 2579 1266 906 862 1313 867 446 256 361 606 2019 1781 750 121 922 1446 1050 177 211 2074
is_linear=0
shrinkage=0.03


Tree=59
num_leaves=45
num_cat=2
split_feature=21 21 10 21 21 21 11 32 20 0 31 14 22 31 12 14 15 22 32 27 7 22 13 19 14 16 20 7 31 7 15 15 16 13 20 15 0 26 11 16 22 26 12 27
split_gain=630.615 109.57 77.0306 26.4911 12.4195 11.2564 10.4126 7.7573 9.34043 6.63603 5.76984 5.59252 5.55822 5.42847 5.30775 5.95085 5.19691 7.04587 6.67591 5.77052 5.06874 5.03267 4.68394 5.13053 5.52595 5.35876 4.63676 7.67136 5.07168 4.44905 4.44443 4.14432 4.1272 11.5576 5.88435 3.89312 3.80846 3.7554 3.72407 4.34414 3.70333 3.59238 3.56813 3.48855
threshold=1400.5000000000002 2997.5000000000005 816.00000000000011 1776.5050000000003 3600.5000000000005 1170.5000000000002 241.97731558273512 318.20000000000005 25.625000000000004 0 8.9499999999999993 -0.9954993026558282 3500.5000000000005 0.099999999999982256 1375.1666666666667 0.90162119223771331 -0.73865259438682551 1027.5000000000002 88.250000000000014 24.475000000000005 208.50000000000003 821.50000000000011 1445.621196658454 5.6499999999999995 0.91248814248966237 -0.93197223986804445 26.26071428571429 258.50000000000006 0.19999999999998228 137.50000000000003 0.95436825032516992 0.99855310097228334 0.83966414931270739 1657.9424961597545 23.678571428571434 0.99748108949426018 1 1.3500000000000003 123.96312670019627 0.99572776335819457 927.50000000000011 14.65 1548.0000000000002 18.050000000000004
decision_type=2 2 2 2 2 2 2 2 2 9 2 2 2 2 2 2 2 2 2 2 2 2 2 2 2 2 2 2 2 2 2 2 2 2 2 2 9 2 2 2 2 2 2 2
left_child=2 3 10 13 30 6 11 8 9 43 40 -4 -6 31 -10 41 18 -18 19 -13 -9 -12 -15 24 25 -24 27 32 -29 -25 -3 -2 35 34 -34 36 -7 -22 39 -19 -1 -16 -33 -5
right_child=1 4 5 7 12 26 -8 20 14 -11 21 16 -14 22 15 -17 17 38 -20 -21 37 -23 23 29 -26 -27 -28 28 -30 -31 -32 42 33 -35 -36 -37 -38 -39 -40 -41 -42 -43 -44 -45
leaf_value=-6.3332576017312618 -0.79011195096461961 6.740934490336544 1.5249790403637506 -2.3467953889027284 13.330342824114505 -1.2966502154082069 -0.92130106056898964 -0.24632927957035461 -0.3847137327215614 1.5596633752940783 -3.6050919441400775 1.7174411484119219 20.727594849644852 2.5067481903085502 3.6415005322727776 -0.70918960124741715 -3.1871556025544852 -1.7178268788489277 -1.576106516651123 -0.79084269227883508 -0.74258039661146991 1.2570784876151333 -0.39463097793929819 -1.2458490863469638 -1.7906305960695466 1.934226439374173 -0.54786311081981465 -2.2739181361515217 1.4975572595331095 0.040765861004059614 -1.1461965520845445 -1.5466249580073645 -1.1906539288689872 -1.5885000218011691 2.2826736385880255 1.5495353869268591 -2.1108669692543072 5.1409111469669417 -2.2919331235309834 0.17304608150212517 -0.40528936544993827 -0.21769639084816161 5.1972842437867319 0.67612786606335362
leaf_weight=1548 789 856 23 38 198 380 259 24 55 2186 36 28 1211 68 487 49 1069 502 453 301 20 21 65 79 28 216 816 149 147 1250 32 26 67 129 83 25 432 184 332 43 31 32 55 1112
leaf_count=1548 789 856 23 38 198 380 259 24 55 2186 36 28 1211 68 487 49 1069 502 453 301 20 21 65 79 28 216 816 149 147 1250 32 26 67 129 83 25 432 184 332 43 31 32 55 1112
internal_value=-0.000811279 0.00438704 -0.00766311 0.00246366 0.0100483 -0.00588706 -0.00708515 0.00393638 0.00362507 0.00299362 -0.013347 -0.00762677 0.0118033 6.87085e-05 0.00700048 0.00786305 -0.00775155 -0.00858486 -0.00567319 -0.00240656 0.00932486 -0.00388792 0.00105328 0.000730725 0.00421223 0.00548559 -0.00426686 -0.00530911 -0.00100304 -7.67437e-05 0.00725932 -0.00185841 -0.00644835 -0.00326765 0.00237841 -0.00750448 -0.00786479 0.0108623 -0.00658078 -0.00811227 -0.0136863 0.00880755 0.00458693 0.00110939
internal_weight=15934 9060 6874 6763 2297 5238 3010 4187 3959 3336 1636 2751 1409 2576 623 568 2728 1946 782 329 228 57 1706 1638 309 281 2228 1412 296 1329 888 870 1116 279 150 837 812 204 877 545 1579 519 81 1150
internal_count=15934 9060 6874 6763 2297 5238 3010 4187 3959 3336 1636 2751 1409 2576 623 568 2728 1946 782 329 228 57 1706 1638 309 281 2228 1412 296 1329 888 870 1116 279 150 837 812 204 877 545 1579 519 81 1150
cat_boundaries=0 1 2
cat_threshold=2930693 91178
is_linear=0
shrinkage=0.03


Tree=60
num_leaves=45
num_cat=2
split_feature=23 23 23 23 11 14 23 16 17 11 16 20 19 14 14 14 33 0 25 31 16 0 16 15 20 26 32 26 13 13 16 27 13 15 17 15 27 13 16 17 7 32 16 6
split_gain=573.018 102.226 66.6256 25.0269 14.5732 12.7908 12.7287 10.2445 9.92391 9.5024 9.37328 8.09445 12.4545 8.34326 7.76723 7.06171 6.70936 6.47083 6.25111 6.24729 6.08991 5.75006 5.58146 5.57929 5.2876 5.27926 17.0275 5.2202 5.13715 4.86476 5.28433 6.43948 7.11874 6.20327 4.69835 4.57794 4.55172 4.39402 6.45123 4.15751 4.09242 4.07562 6.31019 3.97696
threshold=1400.5000000000002 3100.5000000000005 821.50000000000011 1827.5000000000002 203.54009783963923 -0.40614700388750385 1051.5000000000002 -0.98214488425316759 0.93158198870884079 75.592894601844293 0.96687895796550427 25.325000000000006 230.95000000000002 0.90162119223771331 0.97314989601849466 0.8697513045430848 3.4750000000000005 0 22.825000000000006 8.2000000000000153 -0.99385384359725149 1 0.89693165594635726 0.92191100909954782 23.132142857142863 0.15000000000000005 279.75000000000006 14.65 1731.2366863905329 1448.2751169720641 0.1254553598049121 20.625000000000004 1716.113718820862 0.42763731121559989 -0.99140057354994637 -0.90161545992537195 28.550000000000001 1594.0949838152862 -0.84829621879359263 0.41789902429155973 144.50000000000003 4.0499999999999936 -0.56457669118955289 2.5000000000000004
decision_type=2 2 2 2 2 2 2 2 2 2 2 2 2 2 2 2 2 9 2 2 2 9 2 2 2 2 2 2 2 2 2 2 2 2 2 2 2 2 2 2 2 2 2 2
left_child=2 3 4 14 19 25 8 18 39 24 41 12 15 27 20 21 35 23 -5 28 -2 -9 34 36 -8 26 37 -13 -1 -22 -31 32 -32 -33 -14 -11 -18 38 -3 -4 -21 42 -7 -26
right_child=1 5 6 7 -6 10 9 11 -10 16 -12 13 22 -15 -16 -17 17 -19 -20 40 29 -23 -24 -25 43 -27 -28 -29 -30 30 31 33 -34 -35 -36 -37 -38 -39 -40 -41 -42 -43 -44 -45
leaf_value=-6.1432598736793249 -1.3279418485506971 1.8201935483374336 -2.6321750205656644 -4.3836194217778752 -0.82289974644918062 18.160846214113931 -1.9263013540647944 0.36770325982294705 0.2035637346520093 -0.77082027008643306 14.53235244375206 3.8074747225144527 12.113940689338392 -1.2268655289654486 -1.7635898562566399 -1.9989130418193712 -1.4927568686400854 -1.5586204858362385 0.4927132748204599 -4.8681956404733251 1.8873304552727859 1.7833298145578691 5.7600976465734899 1.7929551368782732 0.67411712900012155 15.756024491118314 -4.2394965003818994 -0.52976087456159804 -3.7269046276206228 0.77476290723131791 -3.4883007639180663 -0.12160398729269445 1.2702888101575682 1.1220213024583403 0.98447644175638283 0.77176767256286893 0.3527966647885864 23.105767004155503 18.88399613799707 -1.6961583665041178 -0.43898106796302955 -1.3670420407120809 0.031847321206359989 -1.1778468246456442
leaf_weight=1293 67 156 1275 83 100 62 187 745 117 104 68 643 62 76 134 102 275 983 74 26 105 1768 148 56 42 886 32 42 286 1231 103 974 48 300 333 226 155 619 82 422 58 108 93 1181
leaf_count=1293 67 156 1275 83 100 62 187 745 117 104 68 643 62 76 134 102 275 983 74 26 105 1768 148 56 42 886 32 42 286 1231 103 974 48 300 333 226 155 619 82 422 58 108 93 1181
internal_value=-0.000702255 0.0041991 -0.00730714 0.00246331 -0.012326 0.0099981 -0.00554478 0.00398837 -0.00755581 -0.00440684 0.0045666 0.00428976 0.00361831 0.00707134 0.000363593 0.00275783 -0.00295815 -0.00382683 -0.00351369 -0.012995 0.000699056 0.0030727 0.00775548 -0.000901028 -0.00625275 0.011009 0.00936003 0.00811852 -0.0134203 0.000917026 0.000665261 -0.000576802 -0.00643283 0.000115376 0.00587699 0.000899727 -0.00208556 0.0101645 0.00666527 -0.00813859 -0.00495838 0.00198404 0.00510638 -0.00552857
internal_weight=15930 9144 6786 7038 1763 2106 5023 4076 1814 3209 331 3919 3158 761 2962 2615 1799 1469 157 1663 2828 2513 543 486 1410 1775 889 685 1579 2761 2656 1425 151 1274 395 330 430 857 238 1697 84 263 155 1223
internal_count=15930 9144 6786 7038 1763 2106 5023 4076 1814 3209 331 3919 3158 761 2962 2615 1799 1469 157 1663 2828 2513 543 486 1410 1775 889 685 1579 2761 2656 1425 151 1274 395 330 430 857 238 1697 84 263 155 1223
cat_boundaries=0 1 2
cat_threshold=155779 2985985
is_linear=0
shrinkage=0.03


Tree=61
num_leaves=45
num_cat=1
split_feature=22 22 10 22 25 10 14 32 15 16 17 14 14 12 19 7 17 14 32 32 0 27 26 13 23 12 16 25 15 15 23 13 14 29 16 13 7 15 33 20 17 13 17 20
split_gain=570.474 93.5014 85.5432 23.0155 13.3477 13.2623 7.87873 7.61203 7.32448 6.74793 13.5093 7.13139 6.60005 9.04992 8.19563 9.16857 7.11622 6.16486 7.68856 9.79291 11.5802 6.14531 6.32095 5.65972 5.53119 5.25719 5.08474 5.89786 5.01577 16.1248 5.4319 4.8232 4.80975 5.80242 4.70176 5.40853 4.48401 4.38247 4.20869 4.16785 5.11116 3.73136 4.82378 3.77296
threshold=1450.5000000000002 3500.5000000000005 816.00000000000011 1950.5000000000002 25.075000000000006 1114.3571428571429 0.80926549319045582 313.25000000000006 0.58307701883076835 0.89693165594635726 0.1318557721318592 0.41398981800788198 0.878110924644389 1732.2856666666669 5.2499999999999973 137.50000000000003 0.93544678080366561 0.98049069993378934 0.2499999999999965 1.3499999999999968 0 26.325000000000006 6.7500000000000009 1551.7262114410862 3499.5000000000005 1570.2500000000002 -0.98523971305672675 22.825000000000006 -0.7614016681079937 -0.93845867424155849 1445.5000000000002 1822.7706912595547 -0.47558551945199218 25.725000000000005 -0.99763297024448894 1551.7262114410862 73.500000000000014 -0.98667386918526234 5.9400000000000004 24.610714285714288 0.86113879051459274 1697.2320496293607 -0.92682582346012798 28.653571428571432
decision_type=2 2 2 2 2 2 2 2 2 2 2 2 2 2 2 2 2 2 2 2 9 2 2 2 2 2 2 2 2 2 2 2 2 2 2 2 2 2 2 2 2 2 2 2
left_child=2 3 37 12 9 17 23 28 21 11 25 26 14 36 31 -16 34 18 -4 -20 -21 -6 38 -3 -25 -11 27 -5 29 -7 41 -2 -31 -34 -17 -36 -14 -1 -23 40 -28 42 43 -30
right_child=1 6 5 4 8 7 -8 -9 -10 10 -12 -13 13 -15 15 16 -18 -19 19 20 -22 22 -24 24 -26 -27 39 -29 30 32 -32 -33 33 -35 35 -37 -38 -39 -40 -41 -42 -43 -44 -45
leaf_value=-0.25449179207745143 0.60239121635303938 6.7939906320399857 -0.35689643878884109 -4.5815415748525492 5.7579953676687659 -1.1034200414141628 -4.9909388436977791 -1.606321732567328 1.0939901825383003 -1.0149737579999283 5.2365025725826078 -1.3104854490814841 1.318537057066262 -2.320591309264072 -1.4475897130639668 -2.8958539980937781 -0.36997751002966878 -3.5743872533556029 -3.0385941961814456 -0.40945560009427823 -1.8453752210462773 5.1946425726622989 -1.4032900641801098 8.4172103348049454 19.783343756384763 2.4114820778088095 2.7534361482925349 1.9774239067147141 0.74745109884566996 1.7485738208554449 -0.50575937205911936 2.8862224522554527 -0.76838432501673992 0.71587247687609867 1.7987139663658398 0.3193471880497884 -0.90302760037590579 -5.9589620774689456 1.0672555159376531 0.21838578362698172 0.66972008055694687 -1.5792734137230491 -1.3847961571961298 -1.8068161273141459
leaf_weight=29 539 159 230 65 583 386 22 195 229 63 205 167 117 192 166 47 373 353 366 400 970 100 48 175 1192 326 1095 50 127 87 504 306 94 194 334 1252 87 1587 136 382 424 881 672 21
leaf_count=29 539 159 230 65 583 386 22 195 229 63 205 167 117 192 166 47 373 353 366 400 970 100 48 175 1192 326 1095 50 127 87 504 306 94 194 334 1252 87 1587 136 382 424 881 672 21
internal_value=-0.000721088 0.00436683 -0.00705557 0.00294355 0.00452661 -0.00526578 0.0110632 -0.00399924 0.00733236 0.00341795 0.00625652 0.00264395 0.00114617 -0.0024918 0.00162474 0.00064776 0.00120981 -0.00699064 -0.00633081 -0.007014 -0.0058441 0.00859416 0.00495248 0.011321 0.0119465 0.00296068 0.00313824 -0.00297133 -0.0036199 -0.0015136 -0.00434538 0.00413206 0.00291122 0.00103089 0.00206478 0.00234348 0.00189613 -0.0131223 0.00697586 0.00350955 0.00421434 -0.00515666 -0.00369101 0.00119514
internal_weight=15930 8834 7096 7286 3873 5480 1548 3161 1096 2777 594 2183 3413 396 3017 2172 2006 2319 1966 1736 1370 867 284 1526 1367 389 2016 115 2966 761 2205 845 375 288 1633 1586 204 1616 236 1901 1519 1701 820 148
internal_count=15930 8834 7096 7286 3873 5480 1548 3161 1096 2777 594 2183 3413 396 3017 2172 2006 2319 1966 1736 1370 867 284 1526 1367 389 2016 115 2966 761 2205 845 375 288 1633 1586 204 1616 236 1901 1519 1701 820 148
cat_boundaries=0 1
cat_threshold=1140774
is_linear=0
shrinkage=0.03


Tree=62
num_leaves=45
num_cat=1
split_feature=21 21 21 22 21 25 21 24 16 17 3 17 20 18 7 24 16 16 29 27 16 17 16 25 10 10 19 14 14 26 16 14 29 31 23 17 18 17 20 27 16 18 31 26
split_gain=562.656 98.9633 86.6153 21.179 20.3242 11.3334 7.6872 7.31982 7.18367 11.802 6.00836 5.69492 7.23228 7.06339 5.56647 5.50815 5.17322 5.12173 5.06382 6.66104 5.42742 5.04123 4.8455 5.47915 4.96725 4.75834 4.48717 7.31057 4.07536 4.01063 4.00727 3.97891 3.91792 3.63086 3.62916 5.65293 5.64781 4.21734 3.48292 7.98607 4.96422 5.00864 7.00186 4.26862
threshold=1492.0000000000002 3395.0000000000005 897.50000000000011 1000.5000000000001 1976.9000000000003 25.075000000000006 1298.5000000000002 3695.0000000000005 0.84660111278280559 0.052657569964411031 0 0.43733605198774955 22.353571428571435 127.60000000000004 34.500000000000007 1976.9000000000003 -0.99629805505515945 0.99572776335819457 28.925000000000004 24.725000000000005 -0.93197223986804445 -0.056952064366225956 -0.98214488425316759 24.125000000000004 2202.3571428571436 742.50000000000011 188.35000000000005 0.61915405168109316 -0.98930078251469888 8.0500000000000025 0.71953851835684701 0.79904096188274243 25.125000000000004 0.29999999999998678 1300.5000000000002 -0.94139465211055529 93.950000000000031 0.2769436411835739 26.178571428571434 25.075000000000006 0.83966414931270739 65.150000000000034 0.20000000000001514 3.5500000000000003
decision_type=2 2 2 2 2 2 2 2 2 2 9 2 2 2 2 2 2 2 2 2 2 2 2 2 2 2 2 2 2 2 2 2 2 2 2 2 2 2 2 2 2 2 2 2
left_child=2 4 3 25 16 8 11 21 22 15 -7 12 -4 38 -11 -10 -2 26 19 34 -20 31 -6 30 -25 -1 27 -14 -28 -21 -24 32 -3 -29 37 -36 -37 -18 40 -40 -13 42 -42 -41
right_child=1 7 6 -5 5 10 -8 -9 9 14 -12 13 17 -15 -16 -17 18 -19 20 29 -22 -23 23 24 -26 -27 28 33 -30 -31 -32 -33 -34 -35 35 36 -38 -39 39 43 41 -43 -44 -45
leaf_value=-6.6801932151448762 -1.0557644504419863 12.755371938558335 -2.9061692163169823 -1.7579139136577031 -1.9544447600102783 1.0611704770621555 -0.64118299880761009 20.689843443693217 -1.7412950711401116 0.031067728391540185 4.2955324527678203 -1.4226848034970156 0.62971921342044423 -2.5097573589448516 4.4657579722547007 1.9847614982848927 -2.409121506347875 0.11415132491229997 -0.15068607531583439 -0.080519827950693068 2.2030376591957475 5.2099216595891198 2.4003532231265647 -1.2718753546994253 0.4103915784863898 -3.9360705734309565 -0.28138445902593273 -1.3710722542451081 -1.9937366855017638 -0.7063078735548185 -0.15789789325717721 -0.56260841112138216 7.489843443693216 -1.8504213432742482 4.0470818662224923 0.67297899289672614 -1.2408913504141172 0.017472107295270687 2.071332093401768 -0.92866091822605989 1.3605777942224029 1.8517401916215976 -1.3456148812177808 0.61583652012995005
leaf_weight=1026 90 286 182 173 93 261 1545 1076 79 46 771 703 103 78 308 241 30 109 80 893 153 238 1194 117 334 987 53 974 338 58 137 23 137 498 93 1811 61 87 40 191 50 35 62 86
leaf_count=1026 90 286 182 173 93 261 1545 1076 79 46 771 703 103 78 308 241 30 109 80 893 153 238 1194 117 334 987 53 974 338 58 137 23 137 498 93 1811 61 87 40 191 50 35 62 86
internal_value=-0.000724854 0.00441664 -0.00690741 -0.0118965 0.00280405 0.00437631 -0.0047457 0.0107704 0.00329999 0.00595906 0.0070313 -0.0055244 -0.00642506 -0.00388884 0.00973454 0.00177132 0.00112541 -0.00591875 0.00132176 0.000993043 0.00558559 0.00832773 0.00234228 0.00269177 -0.00015961 -0.0127624 -0.00626977 -0.00555012 -0.00915878 -0.00108506 0.00366013 0.0102152 0.0108769 -0.0060913 0.00194371 0.00225027 0.00188932 -0.00317677 -0.00330049 -0.000605487 -0.00430185 0.000693406 -0.0023818 -0.00242512
internal_weight=15930 8697 7233 2186 6937 3581 5047 1760 2549 674 1032 3502 2257 1245 354 320 3356 2075 3266 3033 233 684 1875 1782 451 2013 1966 1575 391 951 1331 446 423 1472 2082 1965 1872 117 1167 317 850 147 112 277
internal_count=15930 8697 7233 2186 6937 3581 5047 1760 2549 674 1032 3502 2257 1245 354 320 3356 2075 3266 3033 233 684 1875 1782 451 2013 1966 1575 391 951 1331 446 423 1472 2082 1965 1872 117 1167 317 850 147 112 277
cat_boundaries=0 1
cat_threshold=8
is_linear=0
shrinkage=0.03


Tree=63
num_leaves=45
num_cat=0
split_feature=22 22 10 10 10 23 16 14 33 25 20 14 12 15 32 18 22 22 32 14 6 15 18 15 14 26 14 32 18 15 18 18 25 16 6 15 14 16 32 15 27 32 16 15
split_gain=518.171 87.7247 81.772 16.1071 15.2886 11.7723 9.24963 8.38964 12.6856 8.21055 7.4808 7.23607 10.4962 7.02612 8.68564 7.75037 6.68482 6.46863 6.40776 6.9209 6.37727 5.85202 6.1124 5.6648 5.61552 5.51437 5.42459 5.34394 5.27948 5.25054 5.24144 7.05801 5.44043 5.21885 6.01156 5.59877 5.19852 5.61824 11.6679 5.88714 5.06055 4.63558 4.63452 4.50878
threshold=1450.5000000000002 3000.5000000000005 816.00000000000011 1801.6428571428576 3692.928571428572 1200.5000000000002 -0.98214488425316759 0.8697513045430848 6.2650000000000006 22.825000000000006 25.575000000000006 -0.86976336936302323 3793.6166666666672 -0.73865259438682551 306.45000000000005 0.20000000000000182 805.50000000000011 1002.0000000000001 303.85000000000008 -0.46038400545438724 1.5000000000000002 -0.73865259438682551 9.4999999999999947 0.95436825032516992 -0.98930078251469888 14.65 -0.60554068365937697 186.75000000000003 8.2000000000000153 -0.16799793862756093 2.9999999999999933 25.000000000000014 16.450000000000003 -0.83789107429055565 7.5000000000000009 -0.79382744783423187 0.79904096188274243 -0.37447172655954952 140.85000000000005 -0.67801649466304881 28.550000000000001 0.29999999999999788 0.99898004730802425 -0.55656394595157355
decision_type=2 2 2 2 2 2 2 2 2 2 2 2 2 2 2 2 2 2 2 2 2 2 2 2 2 2 2 2 2 2 2 2 2 2 2 2 2 2 2 2 2 2 2 2
left_child=2 3 16 21 23 13 9 10 -9 -5 18 -6 -13 14 -4 17 -1 20 30 -20 -15 22 -2 36 -17 -12 27 -24 -18 41 32 -32 -8 -7 -35 -36 37 38 -3 -39 -10 -22 -26 -23
right_child=1 4 5 6 11 33 7 8 40 -11 25 12 -14 15 -16 24 28 -19 19 -21 29 43 26 -25 42 -27 -28 -29 -30 -31 31 -33 -34 34 35 -37 -38 39 -40 -41 -42 -43 -44 -45
leaf_value=-5.6467543202415031 1.5873374367897031 7.5747838851695084 -0.49843096852909863 -4.0412172643306077 20.744148140382425 0.28211481129040522 -1.5671649676673747 -2.9172833363592416 2.2148207673671525 1.0260287238763681 3.7587362695180264 3.4330825635421158 25.54576407815 1.1442184952156071 -1.8764899171430283 -0.38349542776842099 -2.6621110979419482 -0.96134976331825894 4.553355752179109 -0.17660531774333549 -0.2991972911009611 -0.42351090825969095 0.010715003692560003 -2.3012090676097068 -2.5075543034667716 -0.54993285280464643 0.016869899471464576 4.052246162982919 1.3506363036146853 -4.3158976927112391 -0.15257551595847188 0.92613663859240203 2.2034038002889824 -1.2019811155538069 1.2809705398104188 -0.39432190609699774 -5.4634654505276741 1.3297026131004259 -2.8134653750465577 9.8487187200456674 -2.7775801973909346 -1.9431344579005758 0.87988460629535892 -0.0090276448482234165
leaf_weight=1380 160 411 813 92 580 244 38 121 149 82 393 223 472 28 212 77 215 682 235 46 123 202 43 29 850 36 641 48 21 420 461 546 1958 1406 61 425 31 87 81 316 45 119 20 1308
leaf_count=1380 160 411 813 92 580 244 38 121 149 82 393 223 472 28 212 77 215 682 235 46 123 202 43 29 850 36 641 48 21 420 461 546 1958 1406 61 425 31 87 81 316 45 119 20 1308
internal_value=-0.000726737 0.00412232 -0.00676386 0.00238443 0.0092673 -0.00501396 0.00350468 0.00379757 -0.000894954 -0.00325675 0.00419649 0.0114203 0.00933966 -0.00612631 -0.00405034 -0.00704239 -0.0126954 -0.00559507 0.00370787 0.00804696 -0.00764672 0.00042338 0.00235063 0.00638886 -0.00913525 0.00792822 0.00118426 0.00803513 -0.00799238 -0.00824196 0.00330059 0.00153113 0.00419167 -0.00327091 -0.00380371 -0.000919564 0.00679948 0.00721931 0.00505385 0.00985363 0.00384853 -0.00469641 -0.00982301 -0.000713198
internal_weight=15930 8834 7096 6604 2230 5480 4202 4028 315 174 3713 1275 695 3344 1025 2319 1616 1372 3284 281 690 2402 892 955 947 429 732 91 236 662 3003 1007 1996 2136 1892 486 926 895 492 403 194 242 870 1510
internal_count=15930 8834 7096 6604 2230 5480 4202 4028 315 174 3713 1275 695 3344 1025 2319 1616 1372 3284 281 690 2402 892 955 947 429 732 91 236 662 3003 1007 1996 2136 1892 486 926 895 492 403 194 242 870 1510
is_linear=0
shrinkage=0.03


Tree=64
num_leaves=45
num_cat=0
split_feature=22 22 10 10 10 10 15 11 18 14 12 20 14 18 14 33 32 15 18 19 31 7 32 14 15 20 24 15 13 14 33 15 15 15 23 7 20 29 14 32 15 33 11 32
split_gain=500.582 84.2327 80.2059 16.3467 15.0965 14.9581 8.87668 11.1883 8.63208 8.53745 10.4514 6.67278 7.15716 9.11719 7.09552 11.1334 6.16705 5.77649 6.1124 6.87968 5.76491 5.53416 9.57883 7.28388 5.64774 5.64676 5.47201 5.19576 5.41719 5.04111 6.47452 4.89564 10.861 8.17216 4.90305 4.69535 4.59937 5.71888 4.46558 6.16438 5.64758 5.38637 5.79006 4.37445
threshold=1450.5000000000002 3000.5000000000005 767.64285714285722 1095.8571428571431 1801.6428571428576 3692.928571428572 -0.78324956448884031 172.51638983559806 29.699999999999999 -0.86976336936302323 4035.1500000000005 28.139285714285723 -0.95244167294248061 2.9999999999999933 0.8697513045430848 6.2650000000000006 313.25000000000006 -0.73865259438682551 9.4999999999999947 210.65000000000003 69.800000000000011 285.50000000000006 140.85000000000005 0.79904096188274243 -0.67801649466304881 22.653571428571432 2000.5000000000002 -0.9937528315903793 1697.2320496293607 -0.52032787705993211 4.0250000000000012 -0.98932651372861458 -0.7614016681079937 -0.93845867424155849 1445.5000000000002 314.50000000000006 24.38571428571429 25.725000000000005 -0.98046803196378884 5.6499999999999995 0.41202506375868281 2.5550000000000002 157.23110058942433 10.750000000000002
decision_type=2 2 2 2 2 2 2 2 2 2 2 2 2 2 2 2 2 2 2 2 2 2 2 2 2 2 2 2 2 2 2 2 2 2 2 2 2 2 2 2 2 2 2 2
left_child=2 4 -1 6 17 21 20 -8 11 -7 -11 12 -6 14 35 -16 31 18 -2 -20 27 23 25 24 -3 -23 -15 -4 -29 -10 -31 -5 33 -33 -34 -14 -35 -38 41 40 -40 -19 -43 -41
right_child=1 5 3 16 8 9 7 -9 29 10 -12 -13 13 26 15 -17 -18 38 19 -21 -22 22 -24 -25 -26 -27 -28 28 -30 30 -32 32 34 36 -36 -37 37 -39 39 43 -42 42 -44 -45
leaf_value=-5.5677411004685755 1.5397173136860101 1.3326922963137031 1.3047352438522 -1.4454971591728007 3.8011630348720451 20.121823696170949 -2.713245148092851 -1.4175922920092205 4.868006198924081 3.8525253090017122 28.082282942646806 4.98325814203268 1.9700803342998596 -1.0709802215124908 -2.8297648362684615 1.3840882220701747 -1.4044227718964111 4.894841264457968 0.050775293279906465 4.0636995228792454 -1.8712863461365623 -0.069793180314807163 -2.729061413795157 -5.2995614870118466 9.5532571584442945 8.2480076492980157 0.54503599224081201 -1.2888870915770325 0.16127264674498407 0.63266671519361128 5.8520183825337382 -0.70751214647878669 -1.2079581729464586 1.3690748267452237 -0.45862425242474497 0.94587360527786124 -0.74281270293703749 0.6204379241455581 -0.47017842246569214 -1.657169427371872 0.99346764530067044 2.7736727251278261 -0.70128085614301883 -0.25796689054674288
leaf_weight=1235 160 88 58 190 176 580 1504 321 370 283 412 84 1389 291 121 179 227 49 682 50 83 110 81 31 317 328 191 311 171 526 74 247 1844 98 506 801 92 209 266 158 418 26 53 540
leaf_count=1235 160 88 58 190 176 580 1504 321 370 283 412 84 1389 291 121 179 227 49 682 50 83 110 81 31 317 328 191 311 171 526 74 247 1844 98 506 801 92 209 266 158 418 26 53 540
internal_value=-0.000728621 0.00403742 -0.00666239 -0.00519732 0.00233446 0.00907897 -0.00706956 -0.00812668 0.003419 0.0112085 0.00895123 0.00267226 0.00244814 0.00209852 0.00283001 -0.0014895 -0.00385339 0.000435869 0.00235063 0.00118426 -0.00396726 0.00623181 0.00412637 0.00872965 0.00980499 0.00588222 -0.00167393 -0.00282725 -0.0038519 0.00590352 0.0041943 -0.00351119 -0.00321318 0.000227519 -0.00416025 0.00342313 0.00288649 0.0010362 -0.000693332 -0.00119166 0.000828826 0.00466042 -0.000151707 -0.00317576
internal_weight=15930 8834 7096 5861 6604 2230 2448 1825 4202 1275 695 3232 3148 2972 2490 300 3413 2402 892 732 623 955 519 436 405 438 482 540 482 970 600 3186 2996 646 2350 2190 399 301 1510 1382 684 128 79 698
internal_count=15930 8834 7096 5861 6604 2230 2448 1825 4202 1275 695 3232 3148 2972 2490 300 3413 2402 892 732 623 955 519 436 405 438 482 540 482 970 600 3186 2996 646 2350 2190 399 301 1510 1382 684 128 79 698
is_linear=0
shrinkage=0.03


Tree=65
num_leaves=45
num_cat=1
split_feature=21 21 10 21 21 11 20 16 11 14 17 24 31 31 23 21 14 7 17 19 27 12 17 13 20 22 17 7 20 16 23 7 31 27 16 10 16 20 27 14 14 22 27 0
split_gain=502.268 103.15 75.5461 25.5249 13.7064 9.58419 8.509 10.1449 11.8219 7.58193 7.66412 7.29331 7.49439 6.3987 6.12778 6.09706 5.88384 5.50537 5.28715 8.96446 7.33714 6.7381 5.20946 5.08159 4.79527 6.64348 6.36109 7.10361 7.74366 5.6607 4.75392 4.64838 4.61811 6.91327 4.42332 4.3468 4.81931 4.3025 4.2846 6.02426 4.94821 4.1959 4.18487 4.05794
threshold=1400.5000000000002 3500.5000000000005 767.64285714285722 1976.9000000000003 1042.0350000000001 226.97938025123761 25.18928571428572 0.95938219844953276 172.51638983559806 -0.861146256326485 -0.39629547245636182 775.50000000000011 8.6000000000000103 75.649999999999991 3150.5000000000005 852.84000000000003 -0.98046803196378884 208.50000000000003 0.07411673974326928 212.50000000000003 27.675000000000004 1831.6833333333336 -0.99140057354994637 1957.0547414297419 21.907142857142862 1651.5000000000002 0.21652658465572394 59.500000000000007 23.460714285714293 -0.91597725483594616 1327.5000000000002 146.50000000000003 28.199999999999999 24.725000000000005 -0.3098332921407298 1821.6428571428576 -0.98214488425316759 24.210714285714293 24.625000000000004 -0.42957681104363482 0.30164402523644185 912.23500000000013 21.675000000000001 0
decision_type=2 2 2 2 2 2 2 2 2 2 2 2 2 2 2 2 2 2 2 2 2 2 2 2 2 2 2 2 2 2 2 2 2 2 2 2 2 2 2 2 2 2 2 9
left_child=2 3 -1 16 5 11 7 22 -9 -3 -11 12 -4 24 -12 41 30 -15 42 20 21 37 -5 32 25 -6 27 28 -26 -28 -2 -22 33 -10 -8 -24 -37 -20 39 -31 -40 -13 -18 -44
right_child=1 9 4 6 13 -7 34 8 23 10 14 15 -14 17 -16 -17 18 -19 19 -21 31 -23 35 -25 26 -27 29 -29 -30 38 -32 -33 -34 -35 -36 36 -38 -39 40 -41 -42 -43 43 -45
leaf_value=-5.3292840440294311 -0.87379937218336179 18.843168985285825 -1.6675273280321834 10.823181788184918 -2.2475963445933358 -1.7281351670279956 5.0009448571907908 5.5302369336692205 1.286388788491323 -1.1344200957938801 0.76761898098223125 -3.9540418555873917 1.3784979190079059 -1.618986686397228 14.245300816465742 -1.8129087676275013 1.8017149106478187 -0.91954090906325514 -0.54226566968891454 4.0665228163649862 -0.11875079995024862 0.8744634508568595 -1.3506026497813559 7.6453682561846472 -0.73845024014111005 1.9718500361484621 1.3123538449985084 -1.1534849375927627 3.4556310936767431 1.8412744982309015 3.3490971501672937 2.2080000130043209 11.611842768282708 -2.1311074404003509 2.0137877114461888 -1.2876550626797187 1.3446272185114048 0.091742186974296369 -1.178299258233751 -0.32849666508274594 -0.011323463969595195 -4.5482749392746005 0.09661976214569222 -0.63512024600628592
leaf_weight=1276 20 707 251 78 412 213 330 213 126 58 54 515 32 218 736 982 58 181 552 69 59 876 115 63 67 47 89 1492 54 80 142 146 23 53 435 141 2211 710 274 385 179 161 439 715
leaf_count=1276 20 707 251 78 412 213 330 213 126 58 54 515 32 218 736 982 58 181 552 69 59 876 115 63 67 47 89 1492 54 80 142 146 23 53 435 141 2211 710 274 385 179 161 439 715
internal_value=-0.000749013 0.00386917 -0.00685239 0.00242365 -0.00535804 -0.00724061 0.00416488 0.00344745 0.00746078 0.0109073 0.00898125 -0.00790377 -0.00343342 -0.00419108 0.00975446 -0.00866474 0.000680648 -0.00777249 0.000429624 0.00124249 0.000926977 0.0004055 0.00269223 0.00321388 -0.00372576 -0.00656066 -0.00322774 -0.0043965 0.00257638 -0.0013524 0.0062739 0.00634812 0.000875804 -0.000737018 0.00699516 0.00244903 0.0027282 -0.000995959 -0.00205533 -2.58009e-05 -0.00413154 -0.0108667 -0.00118555 -0.00158305
internal_weight=16037 9129 6908 7574 5632 2154 3788 3023 478 1555 848 1941 283 3478 790 1658 3786 399 3624 2412 2343 2138 2545 265 3079 459 2620 1613 121 1007 162 205 202 179 765 2467 2352 1262 918 465 453 676 1212 1154
internal_count=16037 9129 6908 7574 5632 2154 3788 3023 478 1555 848 1941 283 3478 790 1658 3786 399 3624 2412 2343 2138 2545 265 3079 459 2620 1613 121 1007 162 205 202 179 765 2467 2352 1262 918 465 453 676 1212 1154
cat_boundaries=0 1
cat_threshold=147696
is_linear=0
shrinkage=0.03


Tree=66
num_leaves=45
num_cat=0
split_feature=21 21 10 21 21 17 25 16 17 14 15 11 13 21 12 32 14 20 15 14 22 17 27 17 32 7 27 33 33 7 10 17 17 7 23 13 16 20 16 14 27 14 14 23
split_gain=481.667 102.635 76.1393 24.2644 13.6852 10.6042 7.8401 8.25041 14.462 7.73465 7.55057 6.87594 6.79834 5.82927 5.74137 5.27922 5.1931 4.93 5.82134 5.94687 4.89936 4.86386 6.61489 8.59292 4.75791 5.0803 4.66217 6.1332 5.60967 4.64838 4.54192 4.70494 4.79036 4.51372 4.49891 4.28138 4.26395 4.23171 4.87575 4.2002 4.13204 4.05856 4.03898 4.0327
threshold=1400.5000000000002 3500.5000000000005 767.64285714285722 1976.9000000000003 1051.5000000000002 0.92520893929334658 25.175000000000008 0.94911049632748046 0.1318557721318592 -0.8821812062722818 0.6174544326165855 172.51638983559806 1954.3762254901965 897.50000000000011 4035.1500000000005 313.25000000000006 -0.98046803196378884 21.860714285714288 0.42763731121559989 0.72695311118111527 1690.5000000000002 0.07411673974326928 27.675000000000004 0.2769436411835739 5.6499999999999995 155.50000000000003 26.325000000000006 4.0950000000000006 5.9400000000000004 146.50000000000003 1757.214285714286 0.98448590438035632 -0.91597566659893348 23.500000000000004 1327.5000000000002 1735.4924721296404 0.96231527631374336 23.082142857142863 0.99049901459377832 0.17646842360078763 21.675000000000001 -0.38242426011641079 0.98049069993378934 3499.5000000000005
decision_type=2 2 2 2 2 2 2 2 2 2 2 2 2 2 2 2 2 2 2 2 2 2 2 2 2 2 2 2 2 2 2 2 2 2 2 2 2 2 2 2 2 2 2 2
left_child=2 3 35 16 5 11 7 30 12 -3 26 13 -9 -4 36 17 34 20 -19 -20 -6 40 23 -23 33 -26 -8 -28 -29 -24 -5 32 -32 -25 -2 39 41 -15 -39 -1 -18 -11 -13 -16
right_child=1 9 4 6 15 -7 10 8 -10 14 -12 42 -14 37 43 -17 21 18 19 -21 -22 22 29 24 25 -27 27 28 -30 -31 31 -33 -34 -35 -36 -37 -38 38 -40 -41 -42 -43 -44 -45
leaf_value=-1.166952748125899 -0.84758539101786023 18.277873915727245 -3.7096650571813892 -1.711191775889954 -2.2420516024680195 0.20996749020392713 4.6460031450536254 0.1216383984967183 5.4201271971293359 6.3616916468588141 0.14820962139003768 -1.3594157495891375 5.7774150105932991 -2.8976407778212478 -4.003283378916521 -1.256200622184549 1.7476634633283823 -0.74455777333696227 -0.2437483915544385 4.0298119984058101 1.6074874458872113 1.4243905796057719 -0.11518827595174115 1.4702417215870707 -1.191650377978275 -0.014548380541980349 -1.1879484815539922 4.8230530672579945 1.25945173015877 2.1417600126141929 5.6847667743923394 2.9176443483516241 0.86979741513011954 0.11971380899562063 3.2486242356622719 -3.6559646921301074 11.162038390310999 -1.5272712068503522 1.0239475079082836 -5.683474034748345 -0.2907241973574855 -5.8002509001843148 -2.8668493517075331 28.347572824087578
leaf_weight=29 20 671 785 78 382 132 512 224 155 376 161 298 85 161 23 236 58 2214 267 56 48 167 59 264 168 1235 62 98 126 146 98 194 1995 373 142 117 63 902 30 1130 1154 34 121 388
leaf_count=29 20 671 785 78 382 132 512 224 155 376 161 298 85 161 23 236 58 2214 267 56 48 167 59 264 168 1235 62 98 126 146 98 194 1995 373 142 117 63 902 30 1130 1154 34 121 388
internal_value=-0.000732177 0.0037903 -0.00670908 0.0023484 -0.00520889 -0.00690873 0.00404609 0.00324909 0.00691015 0.0108109 0.00639349 -0.00738409 0.00314461 -0.00816091 0.00895487 -0.0039187 0.000648953 -0.00357319 -0.00306728 0.000687094 -0.00654964 0.000413068 0.00119274 0.000712247 0.000174991 -0.000799658 0.00758927 0.00449843 0.00681392 0.00634812 0.00252928 0.00277294 0.00235631 0.00232617 0.00590376 -0.0133273 0.00668358 -0.00673497 -0.00595108 -0.0138832 -0.00113604 0.0055523 -0.00389406 0.0115592
internal_weight=16037 9129 6908 7574 5632 2429 3788 2829 464 1555 959 2297 309 1878 884 3203 3786 2967 2537 323 430 3624 2412 2207 2040 1403 798 286 224 205 2365 2287 2093 637 162 1276 473 1093 932 1159 1212 410 419 411
internal_count=16037 9129 6908 7574 5632 2429 3788 2829 464 1555 959 2297 309 1878 884 3203 3786 2967 2537 323 430 3624 2412 2207 2040 1403 798 286 224 205 2365 2287 2093 637 162 1276 473 1093 932 1159 1212 410 419 411
is_linear=0
shrinkage=0.03


Tree=67
num_leaves=45
num_cat=1
split_feature=22 22 10 10 14 22 16 17 20 14 7 22 17 14 10 18 14 17 14 30 19 16 14 14 11 16 16 13 19 0 11 18 31 23 14 24 16 30 17 14 10 24 27 20
split_gain=452.307 84.5732 79.5411 16.9661 14.1493 11.7146 9.45883 14.7764 10.4124 13.2282 8.94889 7.52032 7.28706 7.18372 6.92722 6.83819 6.6418 6.25619 5.94286 5.86632 6.15418 5.94745 5.51364 5.13607 4.88606 4.79095 6.06689 4.64695 4.54859 4.38436 4.67866 4.27085 4.8869 4.16042 4.15172 4.10701 5.47108 4.07295 3.86517 6.88416 4.81957 3.84051 3.95893 3.81733
threshold=1400.5000000000002 3150.5000000000005 767.64285714285722 1896.5000000000002 -0.52766804058324157 977.04500000000019 0.92919371535393525 0.1318557721318592 25.460714285714293 0.41398981800788198 104.50000000000001 3850.5000000000005 0.8277910979379729 0.80926549319045582 2364.3571428571436 159.75000000000003 -0.9954993026558282 0.96407344085605606 0.90162119223771331 0.25000000000000006 293.35000000000008 0.99351232050787985 0.21022171450811275 0.14250626876356556 74.801324154329663 0.98213580174693105 0.90159200968320541 1752.4987596102271 0.29999999999999788 0 337.36280394647707 99.950000000000031 102.35000000000002 3395.0000000000005 0.17646842360078763 1322.4400000000003 0.84660111278280559 14.65 0.22281834724267766 0.49065764355977465 910.78571428571433 2255.6700000000005 24.725000000000005 22.089285714285719
decision_type=2 2 2 2 2 2 2 2 2 2 2 2 2 2 2 2 2 2 2 2 2 2 2 2 2 2 2 2 2 9 2 2 2 2 2 2 2 2 2 2 2 2 2 2
left_child=2 3 27 -2 11 10 8 41 9 16 -4 19 13 29 -11 24 -5 28 37 20 -3 31 23 -18 25 26 35 34 -12 -6 -31 -21 -33 -13 -1 36 -7 -10 40 -40 -30 42 -8 -26
right_child=1 4 5 6 12 15 7 -9 18 14 17 33 -14 -15 -16 -17 22 -19 -20 21 -22 -23 -24 -25 43 -27 -28 -29 38 30 -32 32 -34 -35 -36 -37 -38 -39 39 -41 -42 -43 -44 -45
leaf_value=-1.131944165682121 0.11342812293134329 6.602450750904147 -3.4397012760460095 5.7811513928848575 8.9785592622941834 -1.1558639920407949 1.6894523519276186 5.2430782062806394 3.4526789955445998 -1.4580712118582322 -0.53101006309600218 8.8802834769516075 -2.0859675293306918 -5.0836333610735958 3.7173172141755049 -2.2497816382478719 0.86296687869193189 1.2233211949143175 -0.81786443296899047 10.210707505709529 -5.0797661603525759 -0.6727621107428422 2.6168848442210786 -2.1892113662033035 -2.1143469668141552 0.0089580628457292723 -1.8168280239406567 -3.5462857513662058 -2.7568796049367297 7.0664632961501521 -0.92756856888072425 -1.291238242325826 5.3783701303063847 21.498433229510077 -5.5129698137058956 -0.31288844196754095 0.13586939558585298 -0.59845082630212576 -1.8567339153572584 0.5058032300241172 -1.3966444371776343 3.1874846645246362 -0.87202281808891713 -0.65068711085411446
leaf_weight=29 3241 268 677 100 249 981 156 198 428 293 144 65 49 33 89 72 1961 37 71 269 26 21 167 74 457 136 185 103 246 80 85 24 43 844 1144 264 83 38 305 80 155 180 85 1802
leaf_count=29 3241 268 677 100 249 981 156 198 428 293 144 65 49 33 89 72 1961 37 71 269 26 21 167 74 457 136 185 103 246 80 85 24 43 844 1144 264 83 38 305 80 155 180 85 1802
internal_value=-0.000719083 0.00365893 -0.00651686 0.00210306 0.00901561 -0.0049816 0.00345225 0.00685188 0.0027978 0.00203308 -0.00711453 0.0104205 0.0045898 0.00579736 -0.00313269 -0.00409965 0.00289171 -0.00525489 0.00661329 0.00794348 0.00478409 0.0105349 0.00254621 0.0021139 -0.00392953 -0.00517373 -0.00565858 -0.0132803 -0.00573809 0.00687515 0.00246716 0.0115055 0.00464978 0.0121901 -0.0138198 -0.00494466 -0.00577671 0.00784596 -0.00663656 -0.00447157 -0.00870606 0.00366184 0.00116964 -0.00301979
internal_weight=16037 9137 6900 7081 2056 5624 3840 619 3221 2684 1644 1560 496 447 382 3980 2302 967 537 651 294 357 2202 2035 3908 1649 1513 1276 930 414 165 336 67 909 1173 1328 1064 466 786 385 401 421 241 2259
internal_count=16037 9137 6900 7081 2056 5624 3840 619 3221 2684 1644 1560 496 447 382 3980 2302 967 537 651 294 357 2202 2035 3908 1649 1513 1276 930 414 165 336 67 909 1173 1328 1064 466 786 385 401 421 241 2259
cat_boundaries=0 1
cat_threshold=1138936
is_linear=0
shrinkage=0.03


Tree=68
num_leaves=45
num_cat=3
split_feature=21 21 10 21 21 11 25 16 16 18 22 16 16 32 7 31 20 0 16 27 20 16 25 0 10 33 27 7 33 16 19 10 0 32 25 21 27 23 11 23 6 16 29 31
split_gain=451.862 98.3394 78.2481 21.9459 13.3552 10.0854 8.02138 9.41343 7.82197 6.70142 6.57615 5.39997 6.8031 7.691 6.36758 8.06038 7.70772 6.40295 5.5111 5.16337 7.85187 4.67652 4.3746 4.87818 4.3097 5.43981 4.79911 4.36716 4.28821 4.60524 7.67526 7.82916 4.98326 4.25183 4.14694 4.09748 4.08469 4.06502 4.00137 3.97481 3.71243 3.72661 3.69072 3.67583
threshold=1400.5000000000002 3500.5000000000005 767.64285714285722 1976.9000000000003 897.50000000000011 172.51638983559806 25.025000000000002 0.96522610578843548 0.99351232050787985 159.75000000000003 4000.5000000000005 0.99572776335819457 0.90159200968320541 0.2499999999999965 141.50000000000003 0.20000000000001514 26.13214285714286 0 0.84660111278280559 24.725000000000005 20.503571428571433 0.85784900197110281 23.175000000000004 1 1821.6428571428576 3.8350000000000004 24.175000000000004 347.50000000000006 3.1550000000000007 0.96522610578843548 186.75000000000003 1735.7857142857144 2 2.4499999999999971 16.450000000000003 805.50000000000011 25.725000000000005 2548.8300000000004 337.36280394647707 3300.5000000000005 1.5000000000000002 0.77241981449888963 26.875000000000004 29.900000000000009
decision_type=2 2 2 2 2 2 2 2 2 2 2 2 2 2 2 2 2 9 2 2 2 2 2 9 2 2 2 2 2 2 2 2 9 2 2 2 2 2 2 2 2 2 2 2
left_child=2 3 35 28 5 42 7 24 -9 11 22 12 14 -14 15 21 18 -18 -16 20 -10 -6 23 -3 -5 34 27 -27 43 32 31 -31 -30 37 -26 -1 -28 40 -24 -12 -8 -42 -4 -2
right_child=1 10 4 6 9 -7 33 8 19 -11 39 -13 13 -15 16 -17 17 -19 -20 -21 -22 -23 38 -25 25 26 36 -29 29 30 -32 -33 -34 -35 -36 -37 -38 -39 -40 -41 41 -43 -44 -45
leaf_value=-5.2242337801150116 1.8688093915038506 10.176152582660256 -4.7436467716834176 -1.2140797339640415 -1.0424642994522719 -2.2405471545527371 -0.70546110143692431 5.044433663556851 -2.7244207597735772 -2.1042721000387767 4.9068409272350912 0.31131097799110191 3.1102965114166228 -1.7339484908270333 -1.2432176231907215 -1.9118199209864781 -0.41584192570973527 0.71714248566978078 0.41523021628608259 -0.84586213354624307 4.6778133804757953 1.5555746074588637 9.3051704969800664 2.2660421573798386 -1.7452936968001915 1.4930875137725184 -1.4539257463274544 -2.3161945655725411 0.26209613533117815 -0.38905574011500904 4.9199035060776009 5.8919932232697532 -0.25920359905419899 3.6065214345946219 1.8104995819732721 -1.5592597979120888 1.5456972300675738 -0.61610194592381962 13.294790073823025 22.317075248265496 -1.6619367815236523 3.0915882998036657 -2.3304669680252768 0.1702722239539321
leaf_weight=1166 285 110 336 118 1479 215 32 175 26 78 22 108 22 422 1224 550 275 281 122 41 125 47 309 171 28 698 240 58 1311 89 53 30 1463 700 1157 110 44 74 212 731 35 237 473 555
leaf_count=1166 285 110 336 118 1479 215 32 175 26 78 22 108 22 422 1224 550 275 281 122 41 125 47 309 171 28 698 240 58 1311 89 53 30 1463 700 1157 110 44 74 212 731 35 237 473 555
internal_value=-0.0007116 0.00366871 -0.00650063 0.0022573 -0.00497985 -0.00808222 0.00387186 0.00299878 0.00746935 -0.00428962 0.0105408 -0.00413832 -0.00430045 -0.00782932 -0.00390563 -0.00505611 -0.00264813 0.000318288 -0.00387564 0.00326393 0.00583719 -0.00392962 0.00863608 0.00559232 0.00229696 0.00259404 0.00100663 0.00225764 0.000641029 0.000100811 0.00486345 0.000604534 -0.000193576 0.00606344 0.00398447 -0.0132098 -0.00231257 0.00348321 0.0102706 0.0125641 0.00502137 0.00616318 -0.00961809 0.00253184
internal_weight=16037 9129 6908 7574 5632 1024 3788 2710 367 4608 1555 4530 4422 444 3978 2076 1902 556 1346 192 151 1526 802 281 2343 2225 1040 756 3786 2946 172 119 2774 1078 1185 1276 284 378 521 753 304 272 809 840
internal_count=16037 9129 6908 7574 5632 1024 3788 2710 367 4608 1555 4530 4422 444 3978 2076 1902 556 1346 192 151 1526 802 281 2343 2225 1040 756 3786 2946 172 119 2774 1078 1185 1276 284 378 521 753 304 272 809 840
cat_boundaries=0 1 2 3
cat_threshold=11443 16616 1255152
is_linear=0
shrinkage=0.03


Tree=69
num_leaves=45
num_cat=2
split_feature=22 10 10 22 22 14 12 16 28 11 7 18 14 14 31 0 10 17 16 11 33 33 12 0 15 6 7 28 12 31 10 33 13 11 13 15 24 16 7 14 10 14 33 29
split_gain=424.423 86.3958 75.5591 19.4721 12.6789 11.2414 10.3847 9.35019 11.6607 10.4669 8.53868 7.38678 7.34416 6.43993 7.90537 6.26649 6.18643 6.11112 5.47288 5.05469 5.26001 5.00806 7.90527 5.992 4.96222 4.82671 4.74976 4.70681 5.0596 4.68047 4.61977 5.52879 4.53968 4.28903 4.22664 4.9148 4.10253 5.31618 4.27432 4.10072 4.17984 4.09497 4.09075 3.88617
threshold=1450.5000000000002 767.64285714285722 3692.928571428572 1950.5000000000002 977.04500000000019 -0.861146256326485 3535.0833333333335 0.95938219844953276 24.975000000000005 172.51638983559806 101.50000000000001 159.75000000000003 0.79904096188274243 -0.98046803196378884 82.750000000000014 0 2835.428571428572 0.96407344085605606 0.94496830006774635 74.801324154329663 3.3950000000000005 3.3650000000000007 1912.1000000000001 1 -0.67801649466304881 1.5000000000000002 229.50000000000003 22.425000000000004 2713.3833333333337 71.650000000000034 2334.5714285714289 5.8250000000000011 1752.4987596102271 154.11807393586398 1815.309341332412 -0.73865259438682551 1322.4400000000003 0.98213580174693105 109.50000000000001 -0.29343379936893921 4343.1428571428578 0.17646842360078763 2.5550000000000002 20.225000000000005
decision_type=2 2 2 2 2 2 2 2 2 2 2 2 2 2 2 9 2 2 2 2 2 2 2 9 2 2 2 2 2 2 2 2 2 2 2 2 2 2 2 2 2 2 2 2
left_child=1 32 3 13 10 -4 -7 8 12 -9 -3 19 15 42 18 27 -11 33 21 36 29 22 -15 -23 -18 -10 -20 -5 -29 -21 -14 -32 41 34 35 -12 37 -6 -38 40 -8 -1 -2 -22
right_child=2 4 5 7 11 6 39 9 25 16 17 -13 30 14 -16 -17 24 -19 26 20 43 23 -24 -25 -26 -27 -28 28 -30 -31 31 -33 -34 -35 -36 -37 38 -39 -40 -41 -42 -43 -44 -45
leaf_value=-0.94125882730820531 5.3236757845434726 -3.485407068789045 16.415072443922146 -0.79563171218372641 -1.0909695157866632 0.16721410033812389 8.3939638203708089 5.4687563662653158 -0.72533342124225775 0.64066477938057687 -1.0979973265691125 -2.119160026099272 -3.1108569108189932 0.1222524963020703 -1.0101349780698388 1.6752965910112607 -0.61690537321175498 1.2565355681076515 1.7324548993750726 0.60250884771924573 -1.6894357635582808 0.28302437064189462 3.1911766894111975 -0.39369797362294773 9.7825226310412212 3.0212775112702457 -0.30980878086544067 0.1702305220400808 3.4199301170563738 -1.1585352857723297 -2.9016363282557629 4.4665427126000079 -3.2831701654217693 -0.75466378384385957 -0.84894559301029004 -2.843911752390909 -0.89504391259407834 0.059570683070185169 0.080883057307473791 -1.1336526359267645 33.647562990817526 -5.1908537058912678 0.79890156404222123 -0.88506618452419161
leaf_weight=29 61 632 598 421 1252 134 229 232 43 227 269 72 52 564 135 1337 28 37 216 270 140 1079 266 998 84 984 24 380 213 99 63 31 103 181 226 299 120 135 228 29 339 1144 83 1951
leaf_count=29 61 632 598 421 1252 134 229 232 43 227 269 72 52 564 135 1337 28 37 216 270 140 1079 266 998 84 984 24 380 213 99 63 31 103 181 226 299 120 135 228 29 339 1144 83 1951
internal_value=-0.000713471 -0.00612932 0.00368437 0.00251851 -0.00460016 0.0102791 0.00777185 0.00391492 0.00333617 0.0074803 -0.00684082 -0.00373603 0.00222738 0.000848487 0.000574937 0.00263366 0.00410498 -0.00512499 0.000880811 -0.00357131 -0.00269379 0.000520106 0.00249006 -0.000265755 0.00987511 0.00602862 0.00523532 0.000817303 0.00254932 0.000601463 -0.00429158 -0.000286929 -0.0132098 -0.00558097 -0.00653192 -0.00791586 -0.00481356 -0.00554538 -0.00188739 0.00946575 0.0100282 -0.0137431 0.0070576 -0.00327674
internal_weight=16037 7187 8850 7521 5911 1329 731 4095 3524 571 1644 4267 2497 3426 3282 2351 339 1012 3147 4195 2460 2907 830 2077 112 1027 240 1014 593 369 146 94 1276 975 794 568 1735 1387 348 597 568 1173 144 2091
internal_count=16037 7187 8850 7521 5911 1329 731 4095 3524 571 1644 4267 2497 3426 3282 2351 339 1012 3147 4195 2460 2907 830 2077 112 1027 240 1014 593 369 146 94 1276 975 794 568 1735 1387 348 597 568 1173 144 2091
cat_boundaries=0 1 2
cat_threshold=4141067 484081
is_linear=0
shrinkage=0.03


Tree=70
num_leaves=45
num_cat=2
split_feature=22 22 22 23 14 22 17 25 16 16 23 23 20 27 15 14 13 7 27 26 20 7 20 14 0 13 14 16 11 32 18 24 32 19 18 14 0 27 7 15 16 17 15 18
split_gain=407.78 82.0642 63.2639 14.8607 12.9032 11.1048 9.25593 8.76842 9.60741 8.70043 8.69257 7.11872 5.92297 8.01559 6.81907 5.89591 5.88891 5.42012 5.43657 8.59652 6.14785 5.02248 4.9463 5.05541 4.86779 4.84174 4.63585 4.47022 5.73168 4.66026 4.48544 4.30471 4.50425 4.30255 4.14094 9.95707 5.15334 4.07071 4.0591 4.04268 5.03532 3.90386 4.62224 4.83907
threshold=1545.5000000000002 897.50000000000011 3600.5000000000005 750.50000000000011 -0.861146256326485 1953.7650000000001 -0.39629547245636182 25.075000000000006 0.95938219844953276 0.99898004730802425 1370.5000000000002 1051.5000000000002 23.410714285714292 21.975000000000005 0.63089349388778826 0.86113431103781346 1553.9156517967372 55.500000000000007 26.325000000000006 6.7500000000000009 25.325000000000006 224.50000000000003 22.089285714285719 0.878110924644389 0 1413.2755806788161 0.79904096188274243 0.96522610578843548 79.04188160472907 331.15000000000003 92.550000000000026 3400.5000000000005 219.85000000000005 5.6499999999999995 48.950000000000003 -0.52032787705993211 1 24.125000000000004 277.50000000000006 0.96177147954086928 0.99572776335819457 0.99274945289872141 -0.97696767110351213 1.0000000180025095e-35
decision_type=2 2 2 2 2 2 2 2 2 2 2 2 2 2 2 2 2 2 2 2 2 2 2 2 9 2 2 2 2 2 2 2 2 2 2 2 9 2 2 2 2 2 2 2
left_child=1 3 5 -1 31 27 -6 8 15 21 12 -5 13 -3 24 34 -8 -9 20 -20 25 -10 -12 33 -14 -19 -18 29 -29 30 41 32 -4 -24 36 -36 -7 -38 -26 40 -15 42 -2 -44
right_child=2 10 4 11 6 7 16 17 9 -11 22 -13 14 39 -16 -17 26 18 19 -21 -22 -23 23 -25 38 -27 -28 28 -30 -31 -32 -33 -34 -35 35 -37 37 -39 -40 -41 -42 -43 43 -45
leaf_value=-4.9852221085545487 -0.45718519473394054 -0.85509204563035601 22.186420990907202 -2.4515637816070295 -1.7112864037111057 -0.63716279065462 0.078457230341714423 0.36336667952626611 5.0008038989204122 -0.22083967283710762 -1.7955135385228778 -0.98805982013400007 -0.50062425345386374 -2.4445116413911907 2.7158515713337463 -4.0297364160671512 12.759971756174563 -1.5977101654026318 2.2588637368674904 -1.8999389205758415 6.0525607221482955 0.91610794885706126 1.393484259894834 -0.84814422967022207 -1.0280218598154851 4.2027750287133312 -2.1928827233244803 0.16317535553675497 5.1260218189987379 5.3041632346489367 -1.5285563780151188 16.252620270604474 -1.0680835242644207 -0.020928720651712637 5.685261413653711 0.34104105993156508 1.7959940166335469 -0.13111566768124702 1.183524505743685 -0.65510135157491278 -0.43528362350411381 1.4656979904950003 -0.2054612946334089 0.47859273759768822
leaf_weight=1195 171 325 65 918 63 389 74 180 248 84 294 132 967 403 59 41 581 33 218 50 266 75 134 365 2294 320 26 141 79 40 54 557 43 524 134 360 1227 353 22 48 68 241 838 1382
leaf_count=1195 171 325 65 918 63 389 74 180 248 84 294 132 967 403 59 41 581 33 218 50 266 75 134 365 2294 320 26 141 79 40 54 557 43 524 134 360 1227 353 22 48 68 241 838 1382
internal_value=-0.000705922 -0.00566036 0.00390035 -0.0104949 0.00969555 0.0027205 0.00697084 0.00375481 0.00289993 0.0071776 -0.00368738 -0.00788211 -0.00435656 -0.00660704 -0.00378714 0.00220319 0.00799002 0.00608378 0.00704768 0.00345767 0.00859635 0.00941504 -0.00155797 -0.000568859 -0.00396942 0.00598131 0.00896393 0.00132277 0.00543844 0.000989325 0.000836529 0.0127379 0.00718779 0.000998329 0.00239211 0.00485124 0.0017734 0.00252626 -0.00471906 -0.00892314 -0.00976863 0.00101326 0.000644891 0.00101212
internal_weight=16081 7748 8333 2245 1409 6924 744 3978 2911 407 5503 1050 4186 844 3342 2504 681 1067 887 268 619 323 1317 1023 3283 353 607 2946 220 2726 2686 665 108 658 2463 494 1969 1580 2316 519 471 2632 2391 2220
internal_count=16081 7748 8333 2245 1409 6924 744 3978 2911 407 5503 1050 4186 844 3342 2504 681 1067 887 268 619 323 1317 1023 3283 353 607 2946 220 2726 2686 665 108 658 2463 494 1969 1580 2316 519 471 2632 2391 2220
cat_boundaries=0 1 2
cat_threshold=1401472 1847312
is_linear=0
shrinkage=0.03


Tree=71
num_leaves=45
num_cat=2
split_feature=21 21 21 21 11 27 16 7 15 21 33 14 16 32 15 15 18 26 27 33 21 16 20 12 16 19 20 0 21 33 27 7 20 14 7 10 12 0 12 10 23 20 32 32
split_gain=401.595 88.9408 72.5486 18.2126 16.5697 8.76693 10.6382 11.7908 8.90337 8.06616 7.96503 7.56855 6.13479 7.1807 7.82712 8.34867 8.37242 7.01304 5.92506 7.83213 5.89385 5.81375 6.75966 5.76815 5.50626 5.23719 5.21288 4.77887 4.75142 4.59368 4.54549 4.52143 4.36966 4.11132 3.89082 4.75584 3.83945 3.72599 3.70731 3.69721 3.66076 3.60824 4.42384 4.11508
threshold=1400.5000000000002 3600.5000000000005 897.50000000000011 1950.5000000000002 170.43362064931426 25.075000000000006 0.95566275305367776 226.50000000000003 0.59003219687534991 750.50000000000011 4.5250000000000012 -0.86976336936302323 0.99572776335819457 313.25000000000006 -0.7614016681079937 -0.93845867424155849 55.60000000000003 4.2500000000000009 26.325000000000006 4.0950000000000006 1121.6100000000004 0.99971969515277614 21.003571428571433 4035.1500000000005 0.91593490216309192 266.65000000000009 20.317857142857147 0 1600.5000000000002 5.9400000000000004 20.475000000000005 23.500000000000004 23.225000000000005 0.79904096188274243 360.50000000000006 1821.6428571428576 2387.8333333333339 1 3212.6000000000004 1295.7857142857144 3499.5000000000005 24.407142857142862 135.25000000000003 290.05000000000007
decision_type=2 2 2 2 2 2 2 2 2 2 2 2 2 2 2 2 2 2 2 2 2 2 2 2 2 2 2 9 2 2 2 2 2 2 2 2 2 9 2 2 2 2 2 2
left_child=2 3 4 25 9 6 10 21 18 -1 30 -3 13 14 15 16 17 -4 -7 -20 26 -8 -23 24 -13 28 -16 39 -2 -21 32 -12 38 -26 35 -32 -31 -33 -5 -28 -25 43 -43 -17
right_child=1 11 12 5 -6 8 7 -9 -10 -11 31 23 -14 -15 20 41 -18 -19 19 29 -22 22 -24 40 33 -27 27 -29 -30 36 34 37 -34 -35 -36 -37 -38 -39 -40 -41 -42 42 -44 -45
leaf_value=-5.0355714314578917 -0.14917697307466141 15.894974096060063 -0.72443953213381973 0.076718886303202671 -2.2530166983790409 4.4340949559943201 4.6600964402176777 -0.85604600441163026 0.32477996446144741 -2.3842506111470469 3.5951853114859431 3.7820837187425966 0.30125067966582947 -1.289237054144396 0.8171372730664086 1.4489868366520864 -1.4767498613405905 0.4048403666719082 -1.5053341018627679 4.4963301044673152 -0.91261173989425737 -2.6552828901766747 6.8840444301544537 -5.6890246520844041 7.3118814095359355 2.0698179710285931 -1.1202395044928379 -1.7378635276174315 0.28976717780668765 -0.057702328716391089 -1.1258612869767695 -3.5761968391532992 8.0742541551178508 -0.2050818854523527 8.8477779692668967 1.3820930205293007 2.1793482846477854 -0.19613704497091702 -4.0108951340102337 1.6538543204016218 29.255336948407752 0.22696399881197066 -0.99184087365900375 -0.1809295346986812
leaf_weight=1206 1350 672 185 290 259 546 284 72 239 771 21 278 114 333 44 73 271 159 65 107 1757 28 20 23 83 116 356 916 2248 85 87 113 20 22 36 1603 29 316 43 42 348 331 86 34
leaf_count=1206 1350 672 185 290 259 546 284 72 239 771 21 278 114 333 44 73 271 159 65 107 1757 28 20 23 83 116 356 916 2248 85 87 113 20 22 36 1603 29 316 43 42 348 331 86 34
internal_value=-0.00066488 0.0034642 -0.00610803 0.00219186 -0.0105572 0.00359556 0.00274522 0.007268 0.00592102 -0.0114926 0.00202127 0.0103478 -0.00399098 -0.00416211 -0.00382854 -0.00169608 -0.00406763 -0.000950305 0.00738733 0.00386928 -0.00460724 0.00965673 0 0.00827079 0.00566954 0.000677688 -0.00609454 -0.00643558 0.000474417 0.00656716 0.00280506 -0.00159298 -0.00028887 0.0115319 0.00343955 0.0032288 0.00234005 -0.00226521 -0.00111678 -0.00337417 0.0109458 0.00108185 -0.00017262 0.0059944
internal_weight=16081 9144 6937 7718 2236 4004 2933 404 1071 1977 2529 1426 4701 4587 4254 1139 615 344 832 286 3115 332 48 754 383 3714 1358 1314 3598 221 2079 450 353 105 1726 1690 114 429 333 398 371 524 417 107
internal_count=16081 9144 6937 7718 2236 4004 2933 404 1071 1977 2529 1426 4701 4587 4254 1139 615 344 832 286 3115 332 48 754 383 3714 1358 1314 3598 221 2079 450 353 105 1726 1690 114 429 333 398 371 524 417 107
cat_boundaries=0 1 2
cat_threshold=1073808 3672081
is_linear=0
shrinkage=0.03


Tree=72
num_leaves=45
num_cat=2
split_feature=21 21 21 22 21 14 10 16 25 21 16 17 14 16 16 13 0 27 14 18 17 32 20 27 20 20 20 33 14 6 29 25 13 27 30 14 0 20 18 16 20 16 29 12
split_gain=380.113 80.7237 74.9387 19.268 14.4507 8.3697 8.03613 7.68642 7.48574 6.08557 5.78652 6.24204 5.70675 8.38688 9.31762 5.26234 5.075 4.99987 6.20895 4.98971 4.67976 4.58852 5.2818 4.59924 4.24231 4.19289 5.92551 6.18227 5.53044 4.07611 4.0065 7.77317 3.98671 3.93051 8.1629 3.91953 3.88799 4.81977 3.8008 3.7578 5.79129 5.76065 5.62484 4.74508
threshold=1472.5000000000002 3600.5000000000005 897.50000000000011 945.50000000000011 2077.3450000000007 -0.86976336936302323 692.92857142857156 -0.98214488425316759 25.175000000000008 1125.5000000000002 0.99351232050787985 0.44890178019517757 0.79904096188274243 0.8277925332691819 0.99898004730802425 1657.9424961597545 0 25.275000000000002 -0.98930078251469888 86.350000000000037 0.91160899963879305 309.15000000000003 21.803571428571434 22.325000000000006 20.317857142857147 24.407142857142862 25.460714285714293 2.3550000000000004 0.72695311118111527 2.5000000000000004 23.325000000000006 20.475000000000005 1634.1421383647801 26.325000000000006 6.7500000000000009 0.62587949062545845 1 20.317857142857147 0.60000000000001519 0.96522610578843548 23.18214285714286 0.78725952717486247 25.475000000000005 1229.616666666667
decision_type=2 2 2 2 2 2 2 2 2 2 2 2 2 2 2 2 9 2 2 2 2 2 2 2 2 2 2 2 2 2 2 2 2 2 2 2 9 2 2 2 2 2 2 2
left_child=2 4 3 6 16 -3 -1 -6 12 10 11 17 13 30 -15 -7 24 18 -4 36 32 22 23 -11 -2 28 -27 -28 -24 -10 31 -9 -8 -31 -35 -34 37 -13 -39 41 -41 -18 -43 -42
right_child=1 5 9 -5 7 15 20 8 29 21 -12 19 -14 14 -16 -17 39 -19 -20 -21 -22 -23 25 -25 -26 26 27 -29 -30 33 -32 -33 35 34 -36 -37 -38 38 -40 40 43 42 -44 -45
leaf_value=-5.6345042885141536 1.8911318673924256 15.418124873178257 1.3101718330460779 -2.2628621429677587 -1.9270947216339254 3.6405087572015256 -3.6651177174992675 -0.9270727197955102 1.2192046113989499 -1.0361760329876575 0.46764888506424768 2.0382042183375289 -1.7926327241568105 2.6764706936177141 -0.84275232414895529 13.409717687427243 0.077761823213995732 -1.1167040597406854 -2.1371678020896705 -1.9852064220363148 -0.5699905994680341 -1.21395316438377 -0.080413623905860723 -3.109304916323965 0.39121190347691365 -1.337381390784276 1.9697852367018822 -0.38353256796383672 3.6087747085026809 4.9291657852140816 0.34718047177130756 3.1635429689638532 -0.2348725832966386 2.8345673642391511 -1.7403060017391407 -2.7827393306958328 0.12293789145797973 -4.2598961757971958 -0.52038858989719294 5.3685396473266724 4.6734934971447624 -0.72093831830041155 0.83189610262334546 -0.10497304473665849
leaf_weight=715 163 672 28 296 118 196 551 166 181 316 61 22 104 526 89 558 1653 963 349 61 58 177 649 99 1576 411 35 1289 53 474 935 614 62 151 50 554 257 83 235 37 20 307 59 108
leaf_count=715 163 672 28 296 118 196 551 166 181 316 61 22 104 526 89 558 1653 963 349 61 58 177 649 99 1576 411 35 1289 53 474 935 614 62 151 50 554 257 83 235 37 20 307 59 108
internal_value=-0.000653687 0.00356419 -0.00569722 -0.0102755 0.00229324 0.0100954 -0.0113638 0.0037226 0.00399289 -0.00368448 -0.00494488 -0.00522346 0.00314161 0.00344921 0.00645749 0.00791274 0.0010507 -0.00640027 -0.0093397 -0.00282176 -0.00987838 -0.00282658 -0.00253392 -0.0056661 0.00225373 -0.0019991 -0.00279062 -0.00181029 -3.84561e-05 0.0064093 0.00236838 0.00395718 -0.0102922 0.00748334 0.00393834 -0.00861386 -0.00197957 -0.00401885 -0.00508331 8.06709e-05 0.00443368 -0.000273389 -0.00367932 0.00138173
internal_weight=16081 8757 7324 2236 7331 1426 1940 3408 3290 5088 2059 1998 2434 2330 615 754 3923 1340 377 658 1225 3029 2852 415 1739 2437 1735 1324 702 856 1715 780 1167 675 201 616 597 340 318 2184 165 2019 366 128
internal_count=16081 8757 7324 2236 7331 1426 1940 3408 3290 5088 2059 1998 2434 2330 615 754 3923 1340 377 658 1225 3029 2852 415 1739 2437 1735 1324 702 856 1715 780 1167 675 201 616 597 340 318 2184 165 2019 366 128
cat_boundaries=0 1 2
cat_threshold=67306 2657370
is_linear=0
shrinkage=0.03


Tree=73
num_leaves=45
num_cat=3
split_feature=21 21 21 22 21 10 14 16 25 21 16 17 14 16 16 10 32 7 20 18 7 0 17 20 32 29 27 16 14 0 27 33 0 29 25 7 20 17 31 16 16 10 27 16
split_gain=360.779 76.9836 75.5475 19.164 12.8761 8.84763 7.96229 7.38314 6.93608 6.31755 6.2868 6.35046 5.26698 8.78457 10.1575 5.17307 4.9205 4.88853 4.7657 4.52801 4.51574 4.49591 4.46167 4.40035 4.83861 4.32011 4.30148 4.14492 4.00013 3.91995 3.84275 7.78692 3.822 3.70631 6.43727 3.66203 6.71834 4.13978 6.76907 4.73196 3.6049 3.56779 3.56493 3.55566
threshold=1472.5000000000002 3600.5000000000005 897.50000000000011 945.50000000000011 2077.3450000000007 692.92857142857156 -0.86976336936302323 -0.98214488425316759 25.175000000000008 1121.6100000000004 0.99351232050787985 0.41789902429155973 0.78857998149907527 0.89693165594635726 0.99898004730802425 4545.857142857144 340.65000000000009 51.500000000000007 25.267857142857149 86.350000000000037 224.50000000000003 0 0.91160899963879305 21.803571428571434 309.15000000000003 18.225000000000005 22.325000000000006 0.96231527631374336 -0.98930078251469888 1 26.325000000000006 4.0950000000000006 2 22.975000000000005 20.475000000000005 62.500000000000007 23.460714285714293 0.19969739736768838 67.900000000000034 0.88119114410046628 0.92919371535393525 1592.5714285714287 25.175000000000008 0.96522610578843548
decision_type=2 2 2 2 2 2 2 2 2 2 2 2 2 2 2 2 2 2 2 2 2 9 2 2 2 2 2 2 2 9 2 2 9 2 2 2 2 2 2 2 2 2 2 2
left_child=2 4 3 5 16 -1 -3 -6 12 10 11 18 13 33 20 27 21 -10 28 29 -15 25 -7 26 35 -2 -11 32 -4 -13 -19 -32 -8 34 -9 36 -25 40 39 -39 41 -37 -35 -23
right_child=1 6 9 -5 7 22 15 8 17 23 -12 19 -14 14 -16 -17 -18 30 -20 -21 -22 43 -24 24 -26 -27 -28 -29 -30 -31 31 -33 -34 42 -36 37 -38 38 -40 -41 -42 -43 -44 -45
leaf_value=-5.4654691598587304 4.5515982895511078 14.955581126982906 1.2708666780546958 -2.1949762786787272 -1.8692818799849009 -3.0384421280070386 7.197515494886968 -0.63296848707301701 -0.036628533276384587 -1.0050907519980274 0.50159552587546841 0.15774421686562731 -1.4980454180252489 4.1418672942223793 -0.81746975442448722 33.105385309332711 4.9440563979855598 4.2703766659379196 -1.1010892779977917 -2.0504819750258831 0.92681076290645248 -0.067667792698470064 -0.5528908814839929 -0.31738235494512307 -1.1773456415982446 0.41723960108942038 -3.0160257688342469 10.213137562284814 -2.0902036115527221 -0.84039523660014304 -1.4841905061516103 2.7753509631221571 2.1149814791407855 0.28111648982808446 3.1475028672501844 -0.48128665537892173 3.6610432517082074 0.014485929620674369 -1.0040029783545708 2.2156063722085833 -1.9582597472566681 -2.5769166184361847 2.1660101351124013 0.65314410540045176
leaf_weight=715 28 672 26 296 118 1167 230 161 102 320 59 228 117 312 89 245 45 518 879 58 77 1998 58 115 180 1687 99 49 376 389 64 172 230 1026 556 1209 60 640 228 51 49 122 96 165
leaf_count=715 28 672 26 296 118 1167 230 161 102 320 59 228 117 312 89 245 45 518 879 58 77 1998 58 115 180 1687 99 49 376 389 64 172 230 1026 556 1209 60 640 228 51 49 122 96 165
internal_value=-0.000644359 0.00346485 -0.00555795 -0.0101547 0.00222368 -0.0112401 0.00984293 0.00357296 0.00383788 -0.00353708 -0.00484442 -0.00513624 0.00301836 0.00333261 0.0069588 0.00771383 0.0010507 0.006164 -0.00637889 -0.00277292 0.00905166 0.000935252 -0.00968247 -0.00267873 -0.00222561 0.0020764 -0.00554044 0.00597525 -0.00909475 -0.00201264 0.00699775 0.00379924 0.00507933 0.00238812 0.00407475 -0.00187826 0.00229583 -0.00219738 -0.000633228 0.000842136 -0.00323672 -0.00293892 0.00130737 1.93272e-05
internal_weight=16081 8757 7324 2236 7331 1940 1426 3408 3290 5088 2015 1956 2434 2317 478 754 3923 856 1281 675 389 3878 1225 3073 2654 1715 419 509 402 617 754 236 460 1839 717 2474 175 2299 919 691 1380 1331 1122 2163
internal_count=16081 8757 7324 2236 7331 1940 1426 3408 3290 5088 2015 1956 2434 2317 478 754 3923 856 1281 675 389 3878 1225 3073 2654 1715 419 509 402 617 754 236 460 1839 717 2474 175 2299 919 691 1380 1331 1122 2163
cat_boundaries=0 1 2 3
cat_threshold=67306 1138853 1106088
is_linear=0
shrinkage=0.03


Tree=74
num_leaves=45
num_cat=2
split_feature=22 10 10 10 16 14 17 17 10 22 25 12 29 14 14 18 22 16 16 15 0 32 11 16 31 16 29 16 0 15 15 15 16 18 26 14 12 32 13 6 25 13 32 15
split_gain=335.796 73.9561 62.3906 16.9902 13.5673 12.3925 9.96052 8.97756 10.4655 8.96503 10.4275 8.86057 8.36797 7.50652 6.0317 6.97226 5.95995 5.40459 7.16045 6.04929 5.55883 5.30398 5.08885 5.07946 5.01591 4.93632 5.25048 6.62679 4.92421 4.91338 10.9987 4.90571 4.70601 4.38702 5.5934 3.91711 7.49274 4.59199 5.48102 4.23265 4.21168 3.86652 3.8568 3.71148
threshold=1450.5000000000002 742.50000000000011 3692.928571428572 992.92857142857156 0.95938219844953276 -0.86976336936302323 0.92520893929334658 0.14889004263668562 3158.7857142857147 1850.5000000000002 25.075000000000006 3535.0833333333335 27.925000000000004 0.41398981800788198 -0.97113884758256674 89.399999999999991 1645.5000000000002 -0.34235511113144612 -0.57078386445773377 -0.9260227363677036 0 306.45000000000005 67.259270913428551 -0.77719744692517556 1.1000000000000056 -0.98523971305672675 23.375000000000004 0.43152950955792641 1 -0.7614016681079937 -0.93845867424155849 -0.27694043983797384 0.99683609994235922 56.800000000000004 4.2500000000000009 0.878110924644389 1865.8000000000002 5.6499999999999995 1750.0852866645553 2.5000000000000004 27.125000000000004 1727.2653524492237 391.55000000000013 0.31595530242620651
decision_type=2 2 2 2 2 2 2 2 2 2 2 2 2 2 2 2 2 2 2 2 9 2 2 2 2 2 2 2 9 2 2 2 2 2 2 2 2 2 2 2 2 2 2 2
left_child=1 41 4 6 9 -4 12 8 -6 14 13 -7 24 25 -2 35 -9 18 19 -12 -19 29 -14 -21 -3 -11 27 -27 -15 30 33 32 -23 34 -5 37 43 38 -16 -39 -38 -1 -28 -37
right_child=2 3 5 21 7 11 -8 16 -10 10 17 -13 22 28 15 -17 -18 20 -20 23 -22 31 -24 -25 -26 26 42 -29 -30 -31 -32 -33 -34 -35 -36 36 40 39 -40 -41 -42 -43 -44 -45
leaf_value=-4.8911467900908843 2.1182785743220585 -3.9685157342803334 14.576488984208581 -0.76719028891011587 0.52040024050849754 0.14146070664221269 0.25708049816511785 -0.11816032781705871 8.4773771853553264 -1.9270028641852355 -1.4714416049536954 13.699801547880011 -1.7546044048412306 0.17182930462034163 0.23410363651289115 -1.5837668164062801 5.8299228962238407 2.851552607735981 8.2208165340657775 0.74044330007021919 0.55840844942911871 -1.3252040179504365 -1.0489786468990012 8.060899341169165 -1.726067330987247 1.7358097433407487 0.39425940623116162 2.7057895953733988 -2.5816585269577783 -0.88142537950311628 0.28504278649484716 0.25478600739513124 0.35227541996146783 -1.3685572088519757 0.39214722579494715 -0.49795168510853727 -5.4154205816523007 -1.3829709444039053 2.3630199201217557 0.051835063500785733 -0.42945196799522933 -2.9976631630948236 4.0683221560755145 1.1361174604449444
leaf_weight=1006 136 445 583 138 514 142 96 33 105 117 38 563 362 217 382 69 176 206 160 90 443 277 614 121 309 958 1352 215 136 2965 490 42 20 266 139 106 96 110 245 1334 80 58 23 104
leaf_count=1006 136 445 583 138 514 142 96 33 105 117 38 563 362 217 382 69 176 206 160 90 443 277 614 121 309 958 1352 215 136 2965 490 42 20 266 139 106 96 110 245 1334 80 58 23 104
internal_value=-0.000636897 -0.00543538 0.0032795 -0.00417355 0.00223986 0.00938359 -0.0066026 0.00586523 0.00404135 0.00179383 0.0026783 0.00669692 -0.00712502 0.00177827 0.000438376 0.000105697 0.0112482 0.00524242 0.00794916 0.00474508 0.00353104 -0.00315003 -0.00528327 0.00673614 -0.00950404 0.00232336 0.00260076 0.00407638 -0.00232795 -0.0028431 -0.00105701 -0.00675907 -0.00811848 -0.00399926 -0.00134248 0.000371169 -0.00240093 0.000889382 0.00303301 -3.9471e-05 -0.00696763 -0.0127403 0.00133954 0.00141361
internal_weight=16081 7227 8854 6163 7566 1288 1826 828 619 6738 4076 705 1730 3018 2662 2526 209 1058 409 249 649 4337 976 211 754 2665 2548 1173 353 3998 1033 339 297 543 277 2457 386 2071 627 1444 176 1064 1375 210
internal_count=16081 7227 8854 6163 7566 1288 1826 828 619 6738 4076 705 1730 3018 2662 2526 209 1058 409 249 649 4337 976 211 754 2665 2548 1173 353 3998 1033 339 297 543 277 2457 386 2071 627 1444 176 1064 1375 210
cat_boundaries=0 1 2
cat_threshold=4328 84218
is_linear=0
shrinkage=0.03


Tree=75
num_leaves=45
num_cat=2
split_feature=21 21 21 22 21 16 14 0 16 21 16 24 33 33 29 27 16 27 0 24 14 16 16 16 14 16 16 14 15 16 14 23 11 33 33 12 22 27 13 22 14 13 27 11
split_gain=346.361 93.1079 63.2404 21.4065 10.9646 8.87609 8.63845 7.65691 6.91023 6.58046 6.92845 6.53381 6.33022 7.12515 5.92251 7.43725 6.98999 6.36543 5.96845 5.85157 5.84128 7.47195 5.68531 8.41835 8.31364 5.60433 8.32783 7.4147 5.32825 5.13743 5.10095 4.72077 4.41476 5.02756 4.35543 6.22935 4.22449 3.75249 3.74804 3.74054 3.69763 4.13122 3.53473 3.49285
threshold=1645.5000000000002 800.50000000000011 3550.5000000000005 897.50000000000011 1298.5000000000002 0.96522610578843548 -0.86976336936302323 0 0.99898004730802425 2327.5000000000005 -0.98214488425316759 2676.0400000000004 5.6050000000000013 1.6150000000000004 28.825000000000006 24.125000000000004 -0.99629805505515945 29.725000000000005 1 1651.5000000000002 0.57077594689671507 0.75011860976965206 -0.63920832810365547 -0.40614512594453095 -0.52032787705993211 0.99572776335819457 0.90159200968320541 0.75014288946266361 0.5475998096715059 0.84660111278280559 -0.99275805973510278 773.00000000000011 44.986770542122095 3.0950000000000002 3.5850000000000004 1453.4666666666669 3500.5000000000005 27.675000000000004 1815.309341332412 1645.5000000000002 0.58481550752069722 1557.6596917513727 22.975000000000005 290.30360986024164
decision_type=2 2 2 2 2 2 2 9 2 2 2 2 2 2 2 2 2 2 9 2 2 2 2 2 2 2 2 2 2 2 2 2 2 2 2 2 2 2 2 2 2 2 2 2
left_child=1 3 5 31 25 9 36 -8 12 14 -11 28 13 -7 15 16 -2 -16 -17 -20 21 -18 -13 -24 -25 26 29 -28 -12 30 -3 -1 -32 -34 -31 -36 -4 -6 -30 -21 -39 -42 -27 -15
right_child=2 4 6 -5 37 8 7 -9 -10 10 11 22 -14 43 17 18 20 -19 19 39 -22 -23 23 24 -26 42 27 -29 38 34 32 -33 33 -35 35 -37 -38 40 -40 -41 41 -43 -44 -45
leaf_value=-4.5457168854032419 -4.5402348003385216 1.3631314592309911 11.211428243172795 -1.9619532408945384 -0.43375396560685886 -0.14274806428746614 10.799641067321245 4.2070829015940037 -0.1377212229766519 -1.896613464704078 3.9203654212137735 3.3107945969749606 -0.16156321349414157 4.5732113222277597 2.7557789816588181 0.32171261081219427 1.1440225564192406 -0.24704166339292896 -1.114903389414253 0.80457933714442553 2.7350282737657436 -0.45664740259593145 -3.1841488282061436 4.4022348335355943 0.055961098501850298 -1.1306310541541802 -1.5399007898736841 3.6315621544239285 -3.1193248446412802 1.8382007602387636 -1.0726134342911007 -3.0279827256195304 -0.14463478389890042 -1.1861556251143883 -0.94280231814142434 1.6308149016431002 14.576709649480062 1.2288061989701906 2.3912557293566303 -0.20715436754538585 -0.91205100558806174 0.23678601055329976 0.70077536638992344 0.78430210040120751
leaf_weight=1104 21 60 78 251 2097 29 499 297 114 83 551 387 85 388 143 699 1587 71 177 23 120 174 123 102 402 31 359 26 60 38 578 432 354 2343 84 38 611 68 249 515 123 370 81 39
leaf_count=1104 21 60 78 251 2097 29 499 297 114 83 551 387 85 388 143 699 1587 71 177 23 120 174 123 102 402 31 359 26 60 38 578 432 354 2343 84 38 611 68 249 515 123 370 81 39
internal_value=-0.000666517 -0.00485499 0.00396638 -0.010935 -0.00322055 0.00262239 0.00952259 0.00738224 0.00592581 0.00222741 0.00362373 0.00400032 0.0073406 0.0087415 0.00145237 0.00113899 0.00236423 0.00629145 -0.000507036 -0.00241622 0.00255808 0.00211913 0.00236367 0.000593207 0.00231502 -0.00421507 -0.00440633 -0.00860036 0.00592606 -0.00394323 -0.00419538 -0.0122629 -0.00435468 -0.0038419 0.00129294 -0.00144963 0.0119896 -0.00172567 0.00275639 -0.000886452 0.000449118 -0.000450213 0.0023818 0.00972138
internal_weight=16064 8437 7627 1787 6650 6142 1485 796 655 5487 1957 1874 541 456 3530 3316 1902 214 1414 715 1881 1761 1014 627 504 3992 3880 385 860 3495 3335 1536 3275 2697 160 122 689 2658 309 538 561 493 112 427
internal_count=16064 8437 7627 1787 6650 6142 1485 796 655 5487 1957 1874 541 456 3530 3316 1902 214 1414 715 1881 1761 1014 627 504 3992 3880 385 860 3495 3335 1536 3275 2697 160 122 689 2658 309 538 561 493 112 427
cat_boundaries=0 1 2
cat_threshold=1630448 36088
is_linear=0
shrinkage=0.03


Tree=76
num_leaves=45
num_cat=3
split_feature=21 21 21 22 21 16 17 0 31 33 32 16 32 20 23 21 20 33 25 16 11 20 10 0 23 22 17 13 16 17 23 16 31 10 16 15 7 13 0 15 31 16 16 33
split_gain=332.488 75.7896 75.2432 21.418 15.3075 8.02922 7.92171 7.45999 5.98765 8.82617 7.29121 5.51372 5.51425 5.09731 5.05437 4.89244 5.49322 5.60859 5.25395 4.76531 11.3312 5.6573 4.66088 4.61148 4.32615 4.31483 4.01078 7.67345 4.85841 3.95818 3.7644 3.72215 5.35181 3.50974 4.76231 3.2715 3.66233 3.21025 3.21007 3.48355 3.09386 5.85863 5.01179 4.3171
threshold=1450.5000000000002 800.50000000000011 3550.5000000000005 897.50000000000011 1976.9000000000003 -0.98214488425316759 -0.51297720034420879 0 87.950000000000031 3.0950000000000002 79.950000000000017 -0.98803388382128665 318.20000000000005 24.425000000000004 773.00000000000011 1042.0350000000001 21.860714285714288 7.8450000000000006 22.175000000000004 0.96522610578843548 166.13935486062627 25.460714285714293 1821.6428571428576 1 4248.0000000000009 3499.5000000000005 -0.91597566659893348 1563.7003370446951 -0.63920832810365547 0.1318557721318592 1300.5000000000002 -0.24372844578285471 49.400000000000013 1316.0000000000002 0.98802474685579866 -0.12545862287572049 23.500000000000004 1676.8249384249345 2 0.42763731121559989 34.95000000000001 0.8080041977283311 0.96522610578843548 2.6750000000000003
decision_type=2 2 2 2 2 2 2 9 2 2 2 2 2 2 2 2 2 2 2 2 2 2 2 9 2 2 2 2 2 2 2 2 2 2 2 2 2 2 9 2 2 2 2 2
left_child=1 3 4 14 23 -6 25 -8 9 10 -3 -11 15 -12 -1 35 18 -18 -17 21 -21 22 -7 -2 -9 -4 27 -24 -28 -22 -25 32 -23 34 -10 -13 -37 -5 39 -33 42 43 -32 -42
right_child=2 8 6 37 5 19 7 24 33 11 13 12 -14 -15 -16 16 17 -19 -20 20 29 31 26 30 -26 -27 28 -29 -30 -31 40 38 -34 -35 -36 36 -38 -39 -40 -41 41 -43 -44 -45
leaf_value=-4.4093453788411434 0.41856369943387789 1.7660664462049407 10.991730151490419 -3.3013829898350346 -1.7981815261181826 -1.3052254826513741 2.3495940595842058 6.1020522785065436 -1.629685906393588 -1.6397345991665695 0.13620399043682938 -0.77182781278093437 -1.3842125353085031 -0.93879140758259383 -2.9371432438509459 -1.2159145802685065 -0.30653549363234561 -1.1505709563609547 -2.5708687038574372 5.1182794470256976 0.97018050233482422 4.742828200596966 -0.24607817091472953 -1.9389580420349375 29.0372404715967 13.931374214841616 3.0293284431016829 8.1288838877021981 0.46274763838720445 6.809559894649742 0.015856909185706626 1.1362244080209893 -1.5008957537558603 -0.4195901341158958 0.41340646234143147 2.0697337474907633 -2.3274722274812678 -0.035551279737484266 0.32846213165783184 3.4773271995018282 1.8322287507267834 -0.84726630976590966 1.2237814356212176 -0.34230528070948024
leaf_weight=1104 1299 101 74 92 127 112 233 331 213 150 253 685 125 295 432 343 2059 291 112 192 287 246 80 122 230 617 660 140 1619 35 1651 50 26 98 28 24 623 159 200 56 99 111 102 178
leaf_count=1104 1299 101 74 92 127 112 233 331 213 150 253 685 125 295 432 343 2059 291 112 192 287 246 80 122 230 617 660 140 1619 35 1651 50 26 98 28 24 623 159 200 56 99 111 102 178
internal_value=-0.00066465 -0.00546145 0.00321862 -0.0108175 0.00198009 0.00329678 0.00938119 0.00732527 -0.00368827 -0.0034285 -0.000157141 -0.00390902 -0.00370874 -0.00152709 -0.0121457 -0.00351986 -0.00280632 -0.00221991 -0.00582729 0.00355162 0.00623809 0.00311749 0.00252078 0.000563432 0.00916127 0.0117378 0.0027898 0.00666515 0.00241411 0.00278485 -0.000256038 0.00580695 0.00836825 -0.00755529 -0.00950643 -0.00501989 -0.0065554 -0.00267622 0.00351846 0.0074677 3.36276e-05 -0.00238856 0.000571559 -4.33057e-05
internal_weight=16064 7187 8877 1787 7392 3830 1485 794 5400 5061 649 4412 4262 548 1536 4137 2805 2350 455 3703 514 3189 2611 3562 561 691 2499 220 2279 322 2263 578 272 339 241 1332 647 251 306 106 2141 388 1753 277
internal_count=16064 7187 8877 1787 7392 3830 1485 794 5400 5061 649 4412 4262 548 1536 4137 2805 2350 455 3703 514 3189 2611 3562 561 691 2499 220 2279 322 2263 578 272 339 241 1332 647 251 306 106 2141 388 1753 277
cat_boundaries=0 1 2 3
cat_threshold=2432003 132856 8424
is_linear=0
shrinkage=0.03


Tree=77
num_leaves=45
num_cat=4
split_feature=21 21 21 13 21 17 0 11 32 17 21 17 7 23 26 11 32 32 25 17 10 7 21 25 33 0 31 7 24 31 0 10 17 23 0 24 20 7 31 11 31 33 10 27
split_gain=318.431 74.4732 70.8758 15.9248 14.1812 7.36044 7.29978 7.24904 5.54079 6.07149 5.17941 6.05483 4.60122 4.56143 4.52905 5.51398 6.57356 5.40159 4.4291 4.35257 4.5711 4.34007 4.38221 4.27346 4.81604 4.42572 5.49302 4.93561 3.99346 3.96649 3.91499 3.851 3.79662 3.82392 3.78963 3.72382 3.4273 3.36885 3.24245 3.1293 3.17504 3.06325 3.05571 3.62762
threshold=1450.5000000000002 800.50000000000011 3550.5000000000005 1714.8010801203175 1976.9000000000003 -0.51297720034420879 0 239.29459827146619 313.25000000000006 0.19969739736768838 1042.0350000000001 0.91160899963879305 2.5000000000000004 4248.0000000000009 0.65000000000000002 53.482298378658612 321.05000000000001 275.55000000000007 26.875000000000004 0.99683437150207233 2217.0000000000005 215.50000000000003 2650.5000000000005 20.425000000000004 7.8450000000000006 1 0.20000000000001514 141.50000000000003 1771.5000000000002 4.8499999999999988 2 1332.0714285714287 -0.72251215431422378 2000.5000000000002 3 715.50000000000011 19.967857142857145 230.50000000000003 43.60000000000003 87.457472658442896 0.50000000000000189 4.6550000000000011 3935.7857142857147 24.325000000000006
decision_type=2 2 2 2 2 2 9 2 2 2 2 2 2 2 2 2 2 2 2 2 2 2 2 2 2 9 2 2 2 2 9 2 2 2 9 2 2 2 2 2 2 2 2 2
left_child=1 3 4 7 12 42 -7 29 10 37 11 -3 -2 -8 17 21 18 28 19 20 -17 22 -16 36 25 -25 -27 -28 -6 -1 39 -32 41 -34 -35 -5 -12 -10 -11 -14 -41 -30 43 -4
right_child=2 8 5 35 14 6 13 -9 9 38 23 -13 30 -15 15 16 -18 -19 -20 -21 -22 -23 -24 24 -26 26 27 -29 32 -31 31 -33 33 34 -36 -37 -38 -39 -40 40 -42 -43 -44 -45
leaf_value=-4.3634607471621054 3.7346352060473169 -1.4454395358112355 15.495915206771635 0.45115027729356028 -0.52370333635533828 2.2791062377966864 5.9189907101513466 1.2439237951068276 0.23604210611123108 -0.80965626253562961 -0.031273497738043263 0.46254186382243456 -0.019795817875226475 28.166123257448799 0.92857098933507809 -0.14943811413172625 6.1931186513721466 -2.3782646392981039 5.5387165034781374 3.4475629449561689 1.5097694052876114 3.4502409921059005 -0.55311300791009665 -0.15737514973470751 -1.1160538276701253 -0.26229497712602212 -1.4626561996445206 -0.67655761054450292 9.3175149837933162 -2.259029657638373 -1.2411363840415059 0.0025106065439058512 2.2533076873512368 -0.71683614903716264 1.4583614697918528 -2.8003259411729737 -2.7120399274678824 -1.4642778541567463 -1.583027122830706 0.2974402913717108 1.2911087725025903 1.03308548823416 17.033951798752678 5.1877875660820836
leaf_weight=1255 38 1391 118 64 241 233 331 38 57 80 52 114 419 230 36 249 233 95 66 60 492 32 133 1293 291 708 208 799 139 114 115 2297 364 237 1382 316 170 87 150 403 290 71 392 181
leaf_count=1255 38 1391 118 64 241 233 331 38 57 80 52 114 419 230 36 249 233 95 66 60 492 32 133 1293 291 708 208 799 139 114 115 2297 364 237 1382 316 170 87 150 403 290 71 392 181
internal_value=-0.000662782 -0.0053571 0.00313751 -0.0106664 0.00193544 0.00911858 0.00713638 -0.0121399 -0.00359938 -0.00712911 -0.00333599 -0.00481164 0.000571854 0.00895115 0.00320279 0.00464376 0.00547859 0.00246016 0.0042694 0.00364748 0.00301174 5.96718e-05 -0.00184506 -0.00270427 -0.00243157 -0.0020734 -0.00306765 -0.00450998 0.00273489 -0.0124987 0.000458841 -0.000221708 0.00313802 0.00272906 0.00210117 -0.00520126 -0.00674021 -0.00226926 -0.0101565 0.00192229 0.00317703 0.00698239 0.0113905 0.0090672
internal_weight=16064 7187 8877 1787 7392 1485 794 1407 5400 374 5026 1505 3562 561 3830 1301 1100 2529 867 801 741 201 169 3521 3299 3008 1715 1007 2434 1369 3524 2412 2193 1983 1619 380 222 144 230 1112 693 210 691 299
internal_count=16064 7187 8877 1787 7392 1485 794 1407 5400 374 5026 1505 3562 561 3830 1301 1100 2529 867 801 741 201 169 3521 3299 3008 1715 1007 2434 1369 3524 2412 2193 1983 1619 380 222 144 230 1112 693 210 691 299
cat_boundaries=0 1 2 3 4
cat_threshold=2432003 2050186 132848 2754576
is_linear=0
shrinkage=0.03


Tree=78
num_leaves=45
num_cat=0
split_feature=21 21 21 22 21 16 11 22 25 16 16 31 33 31 10 16 16 33 15 29 19 21 22 16 26 12 22 15 33 33 25 33 7 23 31 21 16 31 25 15 26 33 16 31
split_gain=303.907 73.7477 70.949 21.2298 15.4928 7.36003 10.0334 6.88082 6.11018 6.67038 5.7954 5.77441 8.35112 5.71586 5.67484 5.64723 5.70065 5.06135 4.77439 4.74826 4.5109 4.59629 4.28697 4.13673 4.12143 4.07171 5.46284 4.84462 4.7471 3.94152 3.83325 4.4167 3.79733 3.66705 3.64308 3.61323 4.26277 3.59101 3.57188 3.55713 4.24455 3.62898 5.3813 4.67269
threshold=1450.5000000000002 800.50000000000011 3700.5000000000005 821.50000000000011 1976.9000000000003 0.95938219844953276 166.13935486062627 4000.5000000000005 25.075000000000006 -0.19337636264337835 -0.98803388382128665 75.649999999999991 3.0950000000000002 5.200000000000002 2835.428571428572 0.1254553598049121 0.44313197806314492 3.4650000000000003 -0.67801649466304881 28.125000000000004 313.25000000000006 1042.0350000000001 1327.5000000000002 -0.77719744692517556 14.65 2896.8333333333335 2593.0000000000005 0.96633974041180493 4.1650000000000009 3.0650000000000004 20.425000000000004 7.8450000000000006 2.5000000000000004 773.00000000000011 44.300000000000018 2700.5000000000005 -0.015051239303264097 96.450000000000031 24.775000000000002 -0.97315270831292444 0.25000000000000006 3.1550000000000007 0.78725952717486247 35.449999999999996
decision_type=2 2 2 2 2 2 2 2 2 2 2 2 2 2 2 2 2 2 2 2 2 2 2 2 2 2 2 2 2 2 2 2 2 2 2 2 2 2 2 2 2 2 2 2
left_child=1 3 4 13 22 8 -7 38 17 23 -3 12 15 33 -8 34 -17 29 -16 -5 21 -14 -2 -10 -25 26 28 -27 -19 35 -23 -32 -24 -1 -12 36 -6 -37 -4 40 -34 42 -41 -43
right_child=2 10 7 19 5 6 14 -9 9 -11 11 -13 20 -15 18 16 -18 25 -20 -21 -22 30 32 24 -26 27 -28 -29 -30 -31 31 -33 39 -35 -36 37 -38 -39 -40 41 -42 43 -44 -45
leaf_value=-4.7552149910180477 -2.1226443010477793 -1.5064933374211347 5.6292959111131768 -3.8638281282896507 0.056699454583676923 4.7816373507252727 0.38913883715041719 17.493425520181212 -0.36564460370330831 0.56213714244971014 1.9337955610579205 -1.1722680843562876 -1.2998285321848719 -2.1482032331654635 -0.25036265436210214 -1.4539232066270482 0.055820475462537614 -0.72760700486673158 7.7885550806906751 -0.3921546315073135 -1.3165389257041147 -1.9876019858155576 4.6284700264467258 5.7806817892922275 -1.2935185208315851 3.3371500451121254 -2.3548225717411149 -2.1448779271495093 1.2897423300366018 3.1928678439613578 -0.36308923896280132 -1.0825722128400206 1.4123645857933922 -2.9330360719220332 -0.024846536431316506 0.40357212707696816 1.6641896574166639 -0.79244548514159308 9.9651168986246468 1.4523251435066276 -0.44904337071385725 0.15245257164479653 -0.17650522211488237 -0.62596601329318902
leaf_weight=990 164 152 357 176 151 228 248 723 57 453 103 495 1321 113 33 97 281 259 73 205 133 208 35 392 24 443 228 91 406 404 2246 291 26 303 73 257 221 85 182 547 273 2187 140 190
leaf_count=990 164 152 357 176 151 228 248 723 57 453 103 495 1321 113 33 97 281 259 73 205 133 208 35 392 24 443 228 91 406 404 2246 291 26 303 73 257 221 85 182 547 273 2187 140 190
internal_value=-0.000629167 -0.00521518 0.00308344 -0.0104986 0.00199104 0.00325973 0.0063855 0.00967198 0.00273458 0.00482345 -0.00346605 -0.00329776 -0.00297532 -0.0122018 0.00321096 0.000481862 -0.00157895 0.0019732 0.00901979 -0.00420362 -0.00343216 -0.00325299 0.000546588 0.00731769 0.00835616 0.00078621 -0.000450118 0.00285902 0.000920162 0.00348538 -0.00255073 -0.00222774 0.000776022 -0.0127693 0.00492334 0.00213836 0.00418436 -7.89243e-05 0.00708959 0.000672594 -0.00244734 0.000978101 0.00289914 0.000421522
internal_weight=16064 7187 8877 1787 7615 4053 582 1262 3471 926 5400 5248 4753 1406 354 554 378 2545 106 381 4199 4066 3562 473 416 1427 893 534 665 1118 2745 2537 3398 1293 176 714 372 342 539 3363 299 3064 687 2377
internal_count=16064 7187 8877 1787 7615 4053 582 1262 3471 926 5400 5248 4753 1406 354 554 378 2545 106 381 4199 4066 3562 473 416 1427 893 534 665 1118 2745 2537 3398 1293 176 714 372 342 539 3363 299 3064 687 2377
is_linear=0
shrinkage=0.03


Tree=79
num_leaves=45
num_cat=2
split_feature=21 21 21 22 21 21 22 18 16 31 17 31 16 16 15 32 32 29 32 29 32 16 15 16 15 27 3 3 22 29 31 20 17 21 16 31 32 25 32 7 15 13 25 23
split_gain=292.247 89.4829 57.8136 20.7781 9.07531 8.85565 6.87775 6.02265 5.6692 5.56553 5.47163 7.70108 5.21848 9.30807 6.29569 5.13274 4.99493 4.74826 4.63993 4.90519 6.38563 8.00996 8.42525 7.04837 5.81566 5.65716 5.06484 4.52621 6.05242 5.4535 4.33812 4.47973 4.10032 4.08682 4.45865 4.03284 3.74273 3.7254 3.61353 3.56736 3.55867 3.59521 3.56096 3.43272
threshold=1645.5000000000002 800.50000000000011 3727.5000000000005 821.50000000000011 1277.5000000000002 2327.5000000000005 3550.5000000000005 122.55000000000003 -0.98214488425316759 5.200000000000002 0.44313120970497338 30.900000000000016 0.99572776335819457 0.90159200968320541 -0.7614016681079937 275.55000000000007 66.950000000000017 28.125000000000004 331.15000000000003 28.825000000000006 6.3499999999999979 0.92919371535393525 0.92191100909954782 0.43152950955792641 0.64414586362404946 29.725000000000005 0 1 945.50000000000011 26.925000000000004 51.750000000000007 26.38214285714286 0.91423533665985768 2700.5000000000005 0.4737060765891063 33.800000000000018 202.85000000000005 23.225000000000005 0.39999999999999963 286.50000000000006 -0.90161545992537195 1502.0216794048249 23.775000000000002 773.00000000000011
decision_type=2 2 2 2 2 2 2 2 2 2 2 2 2 2 2 2 2 2 2 2 2 2 2 2 2 2 9 9 2 2 2 2 2 2 2 2 2 2 2 2 2 2 2 2
left_child=1 3 5 9 7 18 -4 12 -7 43 11 15 13 14 40 -10 -8 -5 19 20 21 22 26 -24 -23 -21 -2 28 -16 -29 31 -12 35 -32 -35 36 -22 -13 -14 -17 42 -42 -3 -1
right_child=2 4 6 17 -6 8 16 -9 10 -11 30 37 38 -15 27 39 -18 -19 -20 25 32 24 23 -25 -26 -27 -28 29 -30 -31 33 -33 -34 34 -36 -37 -38 -39 -40 -41 41 -43 -44 -45
leaf_value=-4.6125585412875054 1.0278946254582877 0.42220075092290582 7.8581248284181449 -3.7479132844409597 -0.27562030783960834 -1.7173422472761604 9.7353556499956611 -1.6195612197772971 3.520499735446069 -2.083757136170501 1.5861675057354614 -1.5824638988294828 -3.157449668546104 -1.3506982530567586 -2.149523668866991 1.3978983199320145 14.718622754575781 -0.38038999256209421 4.6030057436604599 2.5334521158016194 0.28035405355079207 0.41411188080113331 0.89749505101575433 2.5844397017532605 3.6205377114430868 -0.35467526559220458 -0.5762621050297162 -1.4342435104979971 -0.92931984983638805 0.15337997715104279 0.82480815602138591 4.554577957393021 -0.45762270247495052 0.15520418688747667 -0.90831440662997465 -0.26300304463713248 2.5542941371851291 5.3850200242813706 0.57898945403570223 -2.7671755202989332 1.604163956084369 0.018028358908753716 -0.77383275020544429 -2.8450449897643715
leaf_weight=990 162 82 179 176 2706 99 366 104 831 113 589 27 24 375 366 60 696 205 53 143 1050 107 540 174 182 71 501 590 1139 281 153 100 374 135 96 417 100 349 85 73 43 295 560 303
leaf_count=990 162 82 179 176 2706 99 366 104 831 113 589 27 24 375 366 60 696 205 53 143 1050 107 540 174 182 71 501 590 1139 281 153 100 374 135 96 417 100 349 85 73 43 295 560 303
internal_value=-0.000623564 -0.00447097 0.00363205 -0.0104314 -0.00286868 0.00247992 0.00955765 -0.00378718 0.00386808 -0.0121165 0.00415731 0.00543765 -0.00359288 -0.00378226 -0.0032797 0.00401099 0.0104764 -0.00420362 0.00157895 0.0014556 0.00119265 0.00255507 0.00159901 0.0038608 0.00709789 0.00587109 -0.000832454 -0.00411473 -0.00511649 -0.00229486 0.00255521 0.0039791 2.16372e-05 0 -0.00251839 0.000696829 0.00161464 0.00908535 0.00285976 -0.00144252 -0.00125191 0.00123336 -0.00256502 -0.0126765
internal_weight=16064 8437 7627 1787 6650 6386 1241 3944 2512 1406 2413 1340 3840 3731 3356 964 1062 381 3874 3821 3607 1666 1377 714 289 214 663 2376 1505 871 1073 689 1941 384 231 1567 1150 376 109 133 980 338 642 1293
internal_count=16064 8437 7627 1787 6650 6386 1241 3944 2512 1406 2413 1340 3840 3731 3356 964 1062 381 3874 3821 3607 1666 1377 714 289 214 663 2376 1505 871 1073 689 1941 384 231 1567 1150 376 109 133 980 338 642 1293
cat_boundaries=0 1 2
cat_threshold=2 2
is_linear=0
shrinkage=0.03


Tree=80
num_leaves=45
num_cat=3
split_feature=21 21 22 21 21 21 27 16 7 7 21 23 16 16 25 25 16 5 0 16 16 27 26 12 26 22 13 7 6 27 29 7 13 21 19 12 21 24 32 16 0 7 12 0
split_gain=270.207 69.3437 64.8377 14.0802 13.3874 8.91035 6.08801 9.71838 9.49619 7.7015 5.51902 5.7808 4.60976 5.69639 6.18471 4.48311 5.497 4.43015 4.23492 4.21154 4.9366 4.19827 5.84418 4.31796 5.15708 3.87074 3.75883 5.44597 3.53459 3.40375 3.96765 3.56585 3.8438 3.32956 3.31775 3.2925 3.2573 3.24255 3.14133 3.08383 3.05041 2.99558 2.96664 2.95717
threshold=1400.5000000000002 3700.5000000000005 757.50000000000011 1976.9000000000003 795.50000000000011 1042.0350000000001 25.075000000000006 0.95566275305367776 226.50000000000003 54.500000000000007 4000.5000000000005 3600.5000000000005 0.21652696009750597 -0.98214488425316759 25.175000000000008 25.125000000000004 0.38044714639866822 1.5000000000000002 0 0.36848418633289504 0.99572776335819457 26.325000000000006 6.7500000000000009 2387.8333333333339 0.8500000000000002 2125.5700000000002 2289.3697275102654 61.500000000000007 5.5000000000000009 22.125000000000004 26.925000000000004 171.50000000000003 1866.453617033826 1300.5000000000002 272.65000000000003 3535.0833333333335 951.50000000000011 1150.5000000000002 91.750000000000014 -0.15207594512309344 1 100.50000000000001 2183.5166666666669 2
decision_type=2 2 2 2 2 2 2 2 2 2 2 2 2 2 2 2 2 2 9 2 2 2 2 2 2 2 2 2 2 2 2 2 2 2 2 2 2 2 2 2 9 2 2 9
left_child=2 3 4 26 28 18 7 12 17 25 -3 35 13 -5 39 16 -14 -9 -4 43 33 -11 23 24 -23 -8 34 -28 -1 -20 -31 32 -32 -21 -2 -12 -34 -35 -13 -15 -18 -6 -27 -7
right_child=1 10 5 6 41 19 9 8 -10 21 11 38 15 14 -16 -17 40 -19 29 20 -22 22 -24 -25 -26 42 27 -29 -30 30 31 -33 36 37 -36 -37 -38 -39 -40 -41 -42 -43 -44 -45
leaf_value=-4.4741817850488799 0.081262924531547473 5.0947015321763658 -1.6705896454475624 -2.0328267643010531 -3.5642288207110147 0.014337888885861502 2.4088672818981616 1.1373256147642974 -1.1513249093971194 3.6791253219630562 8.5300750706310868 17.714276124620032 -1.5538378246232649 1.4680413344631824 5.2912424182575952 -1.218352714038583 0.81389529265415828 5.2575218957786314 0.29822509589896867 -0.98214402933085121 0.4660743646222556 -0.32955406489409594 -1.7600247794557708 3.7274446463006869 2.6389571141346866 -2.0785253245016406 9.4469157815531482 -3.1233030265521915 -2.4531904374503881 -1.9157021903845952 -1.3004440824373262 0.51358350833848365 0.53761951038706512 1.26959767994599 1.7655946018696942 -2.3946387047764257 -1.4530975849462107 -0.35039331696670839 18.069486200508525 2.0384541726754195 0.012691735984226397 -0.68406159351207574 -0.20129252908780243 -0.54755383630853205
leaf_weight=954 3620 434 544 124 146 581 42 110 67 631 44 268 126 1186 80 81 274 239 94 1138 92 102 45 47 85 36 20 84 115 616 505 41 158 32 108 57 49 322 466 256 461 174 96 1376
leaf_count=954 3620 434 544 124 146 581 42 110 67 631 44 268 126 1186 80 81 274 239 94 1138 92 102 45 47 85 36 20 84 115 616 505 41 158 32 108 57 49 322 466 256 461 174 96 1376
internal_value=-0.000561636 0.00281224 -0.00503121 0.00176854 -0.0108286 -0.00357906 0.00299332 0.00229586 0.00655371 0.00492298 0.00932314 0.0107556 0.00161006 0.00256789 0.00307273 -6.05031e-05 0.000571362 0.00854197 -0.00517762 -0.00267205 -0.00382362 0.00602901 0.00294518 0.0048569 0.00278995 -0.000844342 0.000461105 -0.0051585 -0.0124422 -0.00422375 -0.00463224 -0.00316293 -0.003661 -0.00424033 0.000618814 0.00397626 -0.000202801 -0.00168596 0.0116837 0.0026191 0.00156713 -0.00542643 -0.0033838 -0.00173829
internal_weight=16126 9189 6937 7920 1389 5548 4088 3004 416 1084 1269 835 2588 1646 1522 942 861 349 2007 3541 1584 910 279 234 187 174 3832 104 1069 1463 1369 753 712 1492 3728 101 207 354 734 1442 735 320 132 1957
internal_count=16126 9189 6937 7920 1389 5548 4088 3004 416 1084 1269 835 2588 1646 1522 942 861 349 2007 3541 1584 910 279 234 187 174 3832 104 1069 1463 1369 753 712 1492 3728 101 207 354 734 1442 735 320 132 1957
cat_boundaries=0 1 2 3
cat_threshold=2654340 2244720 417932
is_linear=0
shrinkage=0.03


Tree=81
num_leaves=45
num_cat=0
split_feature=21 21 22 21 21 21 17 22 27 16 14 33 14 16 33 20 15 15 14 17 32 7 5 33 24 14 17 20 17 24 21 25 7 25 11 6 32 26 18 33 20 32 33 24
split_gain=255.557 67.7918 64.7461 13.371 12.645 8.70674 6.59388 6.53583 5.77442 8.43585 9.17175 8.37527 8.0943 7.01162 5.07754 5.04003 7.57019 5.36642 4.70919 4.48177 4.45014 4.34356 4.21598 4.0871 4.43922 3.83708 4.24307 6.31071 7.27941 4.21333 4.11257 4.05415 5.55596 4.46603 3.76638 4.21096 3.74477 5.32706 4.71708 3.67037 8.62668 3.86729 4.37693 3.62546
threshold=1400.5000000000002 3700.5000000000005 757.50000000000011 1976.9000000000003 795.50000000000011 1042.0350000000001 0.91160899963879305 3997.2150000000006 25.075000000000006 0.95566275305367776 -0.65234524191686594 4.5250000000000012 -0.74441730022405961 0.97508442350096236 4.955000000000001 23.364285714285717 0.51849435583340198 0.8511460603353429 0.64579916509010216 0.99953765813430351 91.750000000000014 275.50000000000006 1.5000000000000002 4.7250000000000005 2298.5000000000005 -0.97113884758256674 0.097680735332368748 29.482142857142865 0.2769436411835739 1307.5000000000002 1651.5000000000002 24.175000000000004 68.500000000000014 24.325000000000006 134.96031162638477 1.5000000000000002 5.8499999999999943 1.0000000180025095e-35 21.750000000000011 3.4350000000000005 25.267857142857149 65.450000000000017 3.2250000000000005 2125.5700000000002
decision_type=2 2 2 2 2 2 2 2 2 2 2 2 2 2 2 2 2 2 2 2 2 2 2 2 2 2 2 2 2 2 2 2 2 2 2 2 2 2 2 2 2 2 2 2
left_child=2 3 4 25 -1 6 -4 -3 9 11 -11 19 14 -14 43 17 21 18 -7 -5 -9 39 23 -12 -25 29 31 28 30 -2 -28 32 -27 -33 -13 -36 37 -30 -38 41 -41 -17 -43 -10
right_child=1 7 5 8 -6 15 -8 20 12 10 22 34 13 -15 -16 16 -18 -19 -20 -21 -22 -23 -24 24 -26 26 27 -29 36 -31 -32 33 -34 -35 35 -37 38 -39 -40 40 -42 42 -44 -45
leaf_value=-4.0222081811605959 -0.27921019079378423 6.5734615477335865 -1.4678852211996172 0.84895202176128115 -1.3320647289015868 -1.6058101149936863 0.21242486346704367 11.182847840881431 3.2898696663626104 -0.41315528778861105 7.0006618830121488 -1.7418607332023555 1.7516792095291567 -1.1923122349423965 -1.0630671319569773 1.914585458902768 2.1199427002128934 -0.96293444842073539 -0.054396155708191146 3.7301367912207342 16.469589939088188 2.805293852010434 5.2155658290678932 -1.8516554283683127 2.1196773151599611 1.9854781067579665 0.10409739301479135 1.6071003459325164 0.31202290561227297 2.2513471330060244 4.6601044022189226 -2.5356659166456597 -0.069190309420605445 -0.33945104611316079 2.7192028255187335 -1.1866312044194296 -0.38871852137290713 2.4129680699988478 0.1899589422675467 -1.4046745854878793 -0.39533292472676862 -0.35750476056156 0.95297284591446663 8.8376698868241412
leaf_weight=1069 64 478 1883 2082 320 262 124 304 134 98 24 106 658 93 35 33 90 487 63 46 487 28 230 31 33 100 66 122 613 136 84 25 255 842 22 332 890 94 541 354 1484 667 73 164
leaf_count=1069 64 478 1883 2082 320 262 124 304 134 98 24 106 658 93 35 33 90 487 63 46 487 28 230 31 33 100 66 122 613 136 84 25 255 842 22 332 890 94 541 354 1484 667 73 164
internal_value=-0.000537452 0.00274369 -0.00488417 0.00171172 -0.0106774 -0.00343307 -0.0050132 0.00918131 0.00290526 0.00222596 0.00619322 0.00158688 0.00478461 0.00305152 0.00868208 -0.0025365 -0.00191712 -0.00461396 -0.00760381 0.002381 0.0108608 -0.00220984 0.00866709 0.00303065 -0.000889236 0.000437619 0.000213926 0.000944774 0.000588698 0.00448276 0.00697535 -0.00122494 0.00147001 -0.00233191 -0.00207998 -0.000584581 0.000138908 0.00192618 -0.000742087 -0.00233695 -0.00306675 -0.000597594 -0.00104986 0.00995304
internal_weight=16126 9189 6937 7920 1389 5548 2007 1269 4088 3004 416 2588 1084 751 333 3541 2729 812 325 2128 791 2639 318 88 64 3832 3632 2410 2288 200 150 1222 355 867 460 354 2138 707 1431 2611 1838 773 740 298
internal_count=16126 9189 6937 7920 1389 5548 2007 1269 4088 3004 416 2588 1084 751 333 3541 2729 812 325 2128 791 2639 318 88 64 3832 3632 2410 2288 200 150 1222 355 867 460 354 2138 707 1431 2611 1838 773 740 298
is_linear=0
shrinkage=0.03


Tree=82
num_leaves=45
num_cat=6
split_feature=21 21 22 21 21 21 17 11 17 20 3 12 23 24 0 15 17 16 17 29 11 0 0 23 31 24 26 20 27 31 32 19 20 21 31 27 29 19 33 17 15 24 0 0
split_gain=240.729 70.8685 53.8021 16.2905 13.0737 12.1027 7.19082 6.29199 5.7915 5.9641 6.30563 5.43263 5.3145 5.233 5.20104 5.10115 4.6206 5.10148 14.9029 5.63253 5.75926 5.06093 4.56173 4.89074 4.53998 4.50367 8.26505 4.88501 4.41724 3.94116 3.92006 3.9009 3.86697 3.82197 3.61772 3.57675 3.43758 5.85975 4.20919 3.40361 3.66054 3.54728 3.69246 3.58733
threshold=1298.5000000000002 2997.5000000000005 757.50000000000011 4000.5000000000005 1627.5000000000002 795.50000000000011 -0.99140057354994637 337.36280394647707 0.43733605198774955 23.132142857142863 0 1620.5500000000002 3600.5000000000005 1002.0000000000001 1 0.19969739736768838 0.99953765813430351 0.90892735371523092 0.052657569964411031 28.825000000000006 205.86634591634652 2 3 995.5100000000001 1.1000000000000056 1930.5000000000002 0.15000000000000005 21.753571428571433 29.725000000000005 84.950000000000031 313.25000000000006 266.65000000000009 25.625000000000004 1670.5000000000002 0.90000000000001601 19.875000000000004 25.225000000000005 101.75000000000001 3.9750000000000005 -0.99864786094873803 -0.94426098523567992 1177.5000000000002 4 5
decision_type=2 2 2 2 2 2 2 2 2 2 9 2 2 2 9 2 2 2 2 2 2 9 9 2 2 2 2 2 2 2 2 2 2 2 2 2 2 2 2 2 2 2 9 9
left_child=2 4 5 7 25 34 31 36 9 -4 13 22 -5 -11 30 -9 17 19 32 21 28 -8 23 -12 -13 27 -27 -2 -21 -23 35 -6 -19 -20 -1 -10 -3 -38 -39 -29 -41 43 -43 -42
right_child=1 3 8 12 6 -7 16 15 14 10 11 24 -14 -15 -16 -17 -18 18 33 20 -22 29 -24 -25 -26 26 -28 39 -30 -31 -32 -33 -34 -35 -36 -37 37 38 -40 40 41 42 -44 -45
leaf_value=-4.2192900860625935 -1.3441451822437147 5.2599565032497591 -2.0251516233444984 5.9593382193187603 0.48451174623160564 -1.2966023216365568 -0.17105847188340134 4.8347482041432341 -3.2256692985904123 -1.5437913951853397 -0.13757066705969009 -1.0400708713154028 16.864303301400859 -0.77466326153276888 -0.092183164890548133 1.1273456917947442 2.6019940166413198 -0.18365752046551506 -0.27777934266363896 3.1421946020554832 -0.41604304811328802 0.52766525582967228 -0.66958090966074224 1.2139641996334649 -5.5669869703024393 -2.2243646895667983 5.1296378585386444 -2.3827222099984691 0.27453901525212016 -0.52658631229067399 -1.5313782182627187 12.42294433382755 2.7280827663092895 3.1310279659674074 -2.2589284788920563 -0.67182501202432143 6.3857323117043139 1.2375587397681624 -3.3669237474741314 -0.35434431002785005 -0.1036494567613056 0.47668865450823772 -0.13024008767262216 1.3332989903283328
leaf_weight=926 285 647 318 101 29 313 1350 122 41 823 138 147 734 1093 723 490 75 404 31 151 83 2533 308 100 55 237 26 21 56 159 68 69 85 378 143 615 64 106 36 328 114 374 1064 163
leaf_count=926 285 647 318 101 29 313 1350 122 41 823 138 147 734 1093 723 490 75 404 31 151 83 2533 308 100 55 237 26 21 56 159 68 69 85 378 143 615 64 106 36 328 114 374 1064 163
internal_value=-0.000559776 0.00219116 -0.00544338 0.00683318 0.000858629 -0.0106121 0.00170125 0.00492253 -0.00382967 -0.00458637 -0.00412034 -0.00169767 0.0101808 -0.00502933 -0.00226798 0.00259271 0.00155171 0.00144491 0.00350406 0.00101729 0.00505688 0.000726603 -0.000159311 0.00288996 -0.00592281 -0.000883197 -0.00460661 -0.000464859 0.00773539 0.00147552 -0.00404168 0.00975535 -2.45349e-05 0.00772916 -0.0121336 -0.00337906 0.00659008 0.00318777 -0.000190007 4.21491e-05 0.000167393 0.000724156 0.000123079 0.00383255
internal_weight=16126 10315 5811 2300 8015 1382 5403 1465 4429 2982 2664 748 835 1916 1447 612 5305 5230 898 4332 290 4042 546 238 202 2612 263 2349 207 2692 724 98 489 409 1069 656 853 206 142 2064 2043 1715 1438 277
internal_count=16126 10315 5811 2300 8015 1382 5403 1465 4429 2982 2664 748 835 1916 1447 612 5305 5230 898 4332 290 4042 546 238 202 2612 263 2349 207 2692 724 98 489 409 1069 656 853 206 142 2064 2043 1715 1438 277
cat_boundaries=0 1 2 3 4 5 6
cat_threshold=2 2135125 3947009 85026 1114312 85057
is_linear=0
shrinkage=0.03


Tree=83
num_leaves=45
num_cat=4
split_feature=21 21 22 21 13 21 17 14 25 7 23 17 18 14 18 20 3 10 16 17 17 12 13 12 31 29 11 13 0 14 16 16 7 18 24 25 0 31 22 14 17 22 0 7
split_gain=232.794 68.4421 52.2618 15.1197 12.989 10.3859 7.50581 6.97398 6.70736 5.96622 5.76719 5.54516 6.39104 5.49753 5.18064 5.30753 8.15062 5.52747 4.79136 17.5601 5.09863 4.94132 4.75066 4.74322 4.92326 4.68771 5.3998 4.64598 4.57547 4.45066 4.25893 4.63557 8.46015 4.07958 4.03496 3.92521 3.8834 3.81038 4.8755 3.80277 3.84657 3.65957 3.5038 3.45436
threshold=1298.5000000000002 3400.5000000000005 757.50000000000011 1690.5000000000002 1706.4976283506701 4100.5000000000009 -0.99140057354994637 0.51297097409535064 24.825000000000006 53.500000000000007 3550.5000000000005 0.43733605198774955 89.399999999999991 -0.99275805973510278 0.20000000000001514 23.082142857142863 0 921.07142857142878 0.92919371535393525 0.052657569964411031 0.99953765813430351 1854.366666666667 1577.8090066225168 2985.0666666666671 27.250000000000011 28.825000000000006 205.86634591634652 1527.592889682843 1 0.97314989601849466 0.99683609994235922 -0.77719744692517556 143.50000000000003 1.9000000000000021 747.50000000000011 16.450000000000003 2 25.000000000000004 2649.2200000000007 -0.97113884758256674 -0.98631490141008282 3550.5000000000005 3 100.50000000000001
decision_type=2 2 2 2 2 2 2 2 2 2 2 2 2 2 2 2 9 2 2 2 2 2 2 2 2 2 2 2 9 2 2 2 2 2 2 2 9 2 2 2 2 2 9 2
left_child=2 3 4 39 7 8 27 -1 9 -3 -7 13 28 -4 15 -15 17 -17 20 21 25 -20 -19 24 -11 35 -27 -5 -13 -18 31 32 -16 -9 -6 -8 -37 38 -23 40 -2 -12 -33 -36
right_child=1 5 11 6 34 10 18 33 -10 23 41 12 -14 14 30 16 29 22 19 -21 -22 37 -24 -25 -26 26 -28 -29 -30 -31 -32 42 -34 -35 43 36 -38 -39 -40 -41 -42 -43 -44 -45
leaf_value=-1.6980613215994673 -1.4013440508286976 8.9432443391299561 1.7714051767923558 -0.51734960139110853 0.33456545397398713 4.8912219503831142 -2.1510528304600642 -4.0927113834807143 6.7923168035984824 -3.4300471084800961 14.952213367916269 -1.0979904203188311 -1.3892073734666108 -2.0144258749640698 -0.97430756225832393 -1.8888073218440831 0.68963150199895829 2.0503240630687412 -0.93612214137003313 3.8716662587721768 2.6264592445252926 1.358724248876672 -0.82414878695067728 3.8335544021405892 3.6790968042655865 2.81430285963742 -0.24791072098679365 9.5760742212749843 -0.090913265138927377 -0.70262510768278219 0.28283654196718427 -0.82460569365855918 1.1377103858874442 -1.7645355774550171 -3.4427530786235057 0.041232049588750215 0.60530515402810126 9.8734829718099757 -2.0378322742882347 -0.15307548645548535 2.3732235302964524 17.384962688708583 -1.9831339666265262 -1.147447799270044
leaf_weight=156 35 53 54 20 65 81 35 908 250 72 49 387 122 196 344 317 278 64 113 366 74 214 524 540 45 180 84 83 938 300 32 243 97 57 93 1741 2545 27 105 2912 86 605 533 103
leaf_count=156 35 53 54 20 65 81 35 908 250 72 49 387 122 196 344 317 278 64 113 366 74 214 524 540 45 180 84 83 938 300 32 243 97 57 93 1741 2545 27 105 2912 86 605 533 103
internal_value=-0.000563496 0.00214171 -0.00536594 0.00105764 -0.0104602 0.00765265 0.0019835 -0.0118651 0.00559004 0.00409379 0.0103415 -0.00377548 -0.00224725 -0.00451595 -0.00469144 -0.00359836 -0.00298159 -0.00473391 0.00183202 0.00394134 0.00145779 2.61381e-05 -0.0030556 0.00330543 -0.00215201 0.00133083 0.00521393 0.0100097 -0.00163912 -0.000147934 -0.00615803 -0.00644318 -0.00397189 -0.0128194 -0.0044121 0.00109278 0.00117519 0.00181162 0.000883736 -0.000646863 0.00455822 0.0112781 -0.00784306 -0.00656298
internal_weight=16126 10315 5811 8620 1382 1695 5587 1121 960 710 735 4429 1447 2982 2928 1679 1483 905 5484 825 4659 459 588 657 117 4585 264 103 1325 578 1249 1217 441 965 261 4321 4286 346 319 3033 121 654 776 196
internal_count=16126 10315 5811 8620 1382 1695 5587 1121 960 710 735 4429 1447 2982 2928 1679 1483 905 5484 825 4659 459 588 657 117 4585 264 103 1325 578 1249 1217 441 965 261 4321 4286 346 319 3033 121 654 776 196
cat_boundaries=0 1 2 3 4
cat_threshold=2 2134036 2898443 1132704
is_linear=0
shrinkage=0.03


Tree=84
num_leaves=45
num_cat=0
split_feature=21 21 10 21 21 11 20 22 14 25 14 14 32 18 14 33 14 29 7 32 16 16 15 16 33 26 33 25 13 12 16 7 16 16 16 16 16 15 33 20 11 33 33 24
split_gain=220.665 67.6155 52.5909 19.5857 9.05097 6.11363 6.27799 6.05507 5.74903 5.66575 7.68786 8.01121 5.97959 5.43109 5.36353 5.12935 6.03144 6.76284 5.32216 5.68507 5.05486 7.23539 4.98474 6.50971 4.60022 5.90773 6.51354 5.74671 5.48682 5.02857 5.8674 5.38677 4.76451 4.4961 7.41812 5.64606 5.14291 5.53153 4.42497 5.59105 4.42302 4.43369 4.41241 4.33335
threshold=1298.5000000000002 3850.5000000000005 725.357142857143 1976.9000000000003 850.50000000000011 170.43362064931426 24.089285714285719 3500.5000000000005 -0.97113884758256674 25.175000000000008 0.79904096188274243 0.54940630780725741 254.45000000000002 81.350000000000023 0.49065764355977465 3.8250000000000006 -0.53493989022977317 22.575000000000006 348.50000000000006 146.85000000000005 -0.34235511113144612 -0.57078386445773377 -0.9260227363677036 -0.77719744692517556 3.8350000000000004 5.6500000000000012 2.2450000000000006 20.925000000000001 1836.0105875417798 1935.2833333333335 -0.99629805505515945 23.500000000000004 0.91593490216309192 0.99572776335819457 0.90159200968320541 0.83966414931270739 0.36848418633289504 -0.78324956448884031 4.7250000000000005 20.667857142857148 116.9126650681582 2.5550000000000002 3.1950000000000007 2327.5000000000005
decision_type=2 2 2 2 2 2 2 2 2 2 2 2 2 2 2 2 2 2 2 2 2 2 2 2 2 2 2 2 2 2 2 2 2 2 2 2 2 2 2 2 2 2 2 2
left_child=2 3 14 8 5 6 -4 -3 40 10 11 15 20 24 -1 16 43 -18 19 -17 21 22 -11 -24 25 26 -10 32 -28 30 -29 -31 -26 34 35 36 37 -6 -13 -40 -2 -42 -27 -5
right_child=1 7 4 9 33 -7 -8 -9 13 12 -12 38 -14 -15 -16 18 17 -19 -20 -21 -22 -23 23 -25 27 42 28 29 -30 31 -32 -33 -34 -35 -36 -37 -38 -39 39 -41 41 -43 -44 -45
leaf_value=-1.4379700313708883 2.5447909377135853 7.001923956203604 -4.4852236737582425 0.60482457245736665 -0.017802854188005313 -1.5690487886840161 -1.5782742979618467 12.81611968489889 1.7419613981377449 -1.739855799284969 -1.9005482804503684 6.5805611997795994 5.5355755108416451 -0.84041141039529066 -3.9699300419762924 1.2774401443090802 2.699080212016769 -0.17088714941829722 -3.0607901494480276 -0.76732460454312779 0.62084110128167136 6.2384620478186568 -1.2379162307917477 6.4962019765092665 -1.6070729811730347 -0.13125446568542656 0.12058525766723051 -1.3414364777122727 1.3869063216331494 3.1578674370533188 0.098321635757035883 -1.3032291012446182 1.5244473414471178 0.25461165270704667 -1.1016413551427957 0.32130656142775932 -1.321755432127631 -0.8160517885645413 -0.86668759159204001 2.6613250240660133 3.1556474519745437 -0.55448180046220386 -1.5786716902697173 3.8232843986752663
leaf_weight=92 88 123 191 190 611 208 793 922 68 35 147 104 151 205 834 745 562 510 62 323 561 130 60 98 216 378 1162 62 342 29 1623 542 28 112 392 165 808 1605 61 147 52 105 58 426
leaf_count=92 88 123 191 190 611 208 793 922 68 35 147 104 151 205 834 745 562 510 62 323 561 130 60 98 216 378 1162 62 342 29 1623 542 28 112 392 165 808 1605 61 147 52 105 58 426
internal_value=-0.000556055 0.00207773 -0.00523171 0.0012618 -0.00398805 -0.00626374 -0.00725231 0.00931203 -2.35977e-05 0.00274043 0.00212749 0.00244305 0.00467781 -0.000257156 -0.0117881 0.00193641 0.00298383 0.00162018 0.000368994 0.000867896 0.00372922 0.00672238 0.00301398 0.00529412 -3.92627e-05 0.00102933 0.00188728 -0.000898764 0.00147397 -0.000424183 0.000398789 -0.00285764 -0.00527243 -0.00325255 -0.00343805 -0.00295757 -0.00325287 -0.00250305 0.00700737 0.00445459 0.00445532 0.00141311 -0.00205687 0.0053514
internal_weight=16126 10315 5811 9270 4885 1192 984 1045 4958 4312 3277 3130 1035 4713 926 2818 1688 1072 1130 1068 884 323 193 158 4508 2008 1572 2500 1504 2256 1685 571 244 3693 3581 3189 3024 2216 312 208 245 157 436 616
internal_count=16126 10315 5811 9270 4885 1192 984 1045 4958 4312 3277 3130 1035 4713 926 2818 1688 1072 1130 1068 884 323 193 158 4508 2008 1572 2500 1504 2256 1685 571 244 3693 3581 3189 3024 2216 312 208 245 157 436 616
is_linear=0
shrinkage=0.03


Tree=85
num_leaves=45
num_cat=0
split_feature=21 10 21 21 21 25 14 32 29 14 11 29 27 22 27 15 32 14 27 32 15 15 18 20 26 11 14 14 29 11 7 15 25 22 12 7 14 33 18 10 14 7 19 22
split_gain=198.123 66.9585 52.0527 14.3 11.9689 7.18463 8.61754 6.49347 6.44797 5.98827 5.82584 5.71334 7.07219 4.91857 4.74615 5.98443 6.39986 6.47659 5.63888 4.66383 5.1588 7.45834 8.85302 5.95397 5.46194 4.60769 4.47308 6.02227 5.3689 4.99326 4.73415 4.33178 4.93648 4.25048 7.75482 6.62604 5.23209 6.11214 4.23147 4.14274 4.11907 4.07736 4.02578 3.5445
threshold=1500.5000000000002 725.357142857143 3888.0000000000005 912.23500000000013 2350.5000000000005 25.075000000000006 -0.74441730022405961 348.45000000000005 26.875000000000004 -0.52766804058324157 244.38333471052823 28.825000000000006 30.175000000000008 2548.8300000000004 24.125000000000004 -0.90892157495189674 5.9499999999999975 -0.12546116083924153 21.825000000000006 313.25000000000006 -0.7614016681079937 -0.93845867424155849 55.60000000000003 24.38571428571429 4.2500000000000009 34.575658930549587 -0.61237985104942771 -0.65234524191686594 22.925000000000004 61.961969903266528 61.500000000000007 -0.92272482904738262 23.875000000000004 2650.5000000000005 2460.1333333333337 53.500000000000007 -0.52766804058324157 4.2350000000000012 4.6499999999999977 635.78571428571433 0.59177612190863982 143.50000000000003 83.550000000000026 1749.7900000000002
decision_type=2 2 2 2 2 2 2 2 2 2 2 2 2 2 2 2 2 2 2 2 2 2 2 2 2 2 2 2 2 2 2 2 2 2 2 2 2 2 2 2 2 2 2 2
left_child=1 39 4 8 7 33 -7 11 10 -4 38 14 -13 -8 15 -2 18 -18 -17 20 21 22 24 -23 -5 41 27 -16 -28 -29 -30 -21 -33 -6 -35 -36 37 -37 -3 -1 -41 -10 -25 -22
right_child=2 3 9 19 5 6 13 -9 25 -11 -12 12 -14 -15 26 16 17 -19 -20 31 43 23 -24 42 -26 -27 28 29 30 -31 -32 32 -34 34 35 36 -38 -39 -40 40 -42 -43 -44 -45
leaf_value=-5.1258321407170024 1.7731869873026402 -3.4427149713897953 13.937033418092989 -0.41441393492776907 2.2232343663633216 7.4052365428877671 3.3419179155253391 5.5762198304285127 -2.1473284655517806 2.7839695892403871 -0.57185382922943062 1.7552915294279705 -0.55659681899594482 0.52446360146077953 0.054783265526605188 0.34975660772034073 0.13317796861290618 -1.3909827809970214 1.9965269050107577 -1.335286406015141 -0.69589215081086875 1.2423208256752274 -1.151074982765242 0.68550770102768177 0.51086004535927254 -1.0628963609243294 -1.9712978008036712 -0.15869419858275022 0.79345396553902214 5.5828831982345601 -0.22039963150719244 0.18010161547933762 -0.82856997047576664 -0.84859428823822092 8.3741558608767619 3.3340641795294093 -0.077086975334746052 -0.77477368547107739 -1.4326801112127434 -0.82083214071700239 -3.2413480721539099 -0.091252114701649137 -0.30317155739556712 1.7978264052230177
leaf_weight=390 65 466 892 186 548 262 120 48 86 106 87 231 84 259 594 738 905 177 460 78 3321 120 291 282 189 751 150 27 270 71 950 88 189 272 78 435 453 217 128 79 450 39 211 143
leaf_count=390 65 466 892 186 548 262 120 48 86 106 87 231 84 259 594 738 905 177 460 78 3321 120 291 282 189 751 150 27 270 71 950 88 189 272 78 435 453 217 128 79 450 39 211 143
internal_value=-0.000587198 -0.00410702 0.00258164 -0.00305811 0.00171525 0.00333459 0.00610201 0.000816964 -0.00557575 0.00901413 -0.00776978 0.000704559 0.00460806 0.00319705 0.000424769 0.00134834 0.00109074 -0.000579429 0.00260162 -0.0022885 -0.00203917 -0.000408099 -0.00260772 0.00197684 0.000431885 -0.003866 -0.000624121 0.0013394 -0.00161813 0.0082263 -0.000956479 -0.00560969 -0.00383255 0.00244721 0.00159577 0.00264728 0.00204687 0.00376783 -0.00883185 -0.0116984 -0.00994519 -0.00920863 0.000511053 -0.00264051
internal_weight=15986 7574 8412 6655 7414 2644 641 4770 1557 998 681 4722 315 379 4407 2345 2280 1082 1198 5098 4743 1279 666 613 375 876 2062 692 1370 98 1220 355 277 2003 1455 1183 1105 652 594 919 529 125 493 3464
internal_count=15986 7574 8412 6655 7414 2644 641 4770 1557 998 681 4722 315 379 4407 2345 2280 1082 1198 5098 4743 1279 666 613 375 876 2062 692 1370 98 1220 355 277 2003 1455 1183 1105 652 594 919 529 125 493 3464
is_linear=0
shrinkage=0.03


Tree=86
num_leaves=45
num_cat=5
split_feature=22 22 23 22 13 16 12 14 0 12 7 18 32 7 15 22 14 14 20 27 12 15 0 0 14 5 15 16 27 11 20 11 16 14 0 18 16 14 11 3 7 15 7 15
split_gain=181.543 58.9336 42.2981 12.3308 12.2554 10.1343 8.15029 7.68409 7.37117 7.22162 9.66789 6.71291 6.5666 6.12019 6.10163 6.01217 6.15153 5.53261 5.43106 8.15868 7.71037 6.38831 5.41945 4.55501 4.43412 4.2426 4.66296 4.25837 4.34636 3.9888 3.93329 3.87655 3.83183 3.75787 3.65621 3.44682 3.87179 3.36415 3.18742 3.08936 3.88327 3.06658 4.28933 3.03973
threshold=1450.5000000000002 757.50000000000011 3600.5000000000005 3997.2150000000006 1706.4976283506701 0.96231527631374336 3308.7166666666672 -0.98046803196378884 0 2553.5333333333338 44.500000000000007 1.0999999999999825 290.05000000000007 304.50000000000006 0.84658398682345093 945.50000000000011 0.61915405168109316 0.91248814248966237 23.082142857142863 22.125000000000004 2118.3500000000008 0.58307701883076835 1 2 -0.99866806308218525 1.5000000000000002 0.99748108949426018 0.71953851835684701 22.725000000000005 91.114788471770154 24.38571428571429 179.87799944122301 0.90159200968320541 -0.861146256326485 3 0.60000000000001519 0.24998082458982465 -0.99866806308218525 44.986770542122095 4 102.50000000000001 -0.67801649466304881 224.50000000000003 -0.80417042486635371
decision_type=2 2 2 2 2 2 2 2 9 2 2 2 2 2 2 2 2 2 2 2 2 2 9 9 2 2 2 2 2 2 2 2 2 2 9 2 2 2 2 9 2 2 2 2
left_child=1 4 5 30 11 7 13 12 29 10 -7 31 37 -5 24 16 35 25 19 34 -21 23 -19 -20 -8 26 32 28 -27 -9 -4 43 -10 -29 -17 -3 -37 -2 -25 40 -18 42 -11 -1
right_child=2 15 3 6 -6 9 14 8 17 41 -12 -13 -14 -15 -16 18 39 22 21 20 -22 -23 -24 38 -26 27 -28 33 -30 -31 -32 -33 -34 -35 -36 36 -38 -39 -40 -41 -42 -43 -44 -45
leaf_value=-2.3658461977967709 -2.4005544883690164 -1.7843414186320881 2.0872615399968888 10.58265884300299 -1.6123306404779345 7.4363511335027255 2.4108192149575731 0.11194620774127884 0.23629382239983668 3.9121745425646441 0.21006218517495198 -1.6845076825967482 5.5713538107072758 -6.0564268289149776 3.404193315674811 0.54833147854497954 -1.4140644280812249 0.078806740264253675 -0.21756248070469836 -1.9660527317293734 4.9673316023660181 1.2952146380870864 -2.5109182206431444 -0.79350253744539023 17.190326939566457 -0.40546334065954626 3.8230915123143845 1.0981019060587482 0.44683005200567322 1.3090911645291863 5.8317922931399035 0.0090520566794043585 2.3518730962804919 -0.64168442905765455 -0.93507125045402284 0.6909045322692372 -1.7834143444449302 0.76849973055500187 -0.46555492871195836 -1.7205804971854921 0.42366818369360881 7.8705378105610855 -0.52090327442136408 -3.7535916985523863
leaf_weight=122 25 154 393 67 264 117 43 488 1425 43 475 172 180 34 72 124 255 106 1838 399 40 153 116 348 567 1014 72 68 1243 1017 202 21 101 630 353 192 54 176 1343 437 66 126 40 811
leaf_count=122 25 154 393 67 264 117 43 488 1425 43 475 172 180 34 72 124 255 106 1838 399 40 153 116 348 567 1014 72 68 1243 1017 202 21 101 630 353 192 54 176 1343 437 66 126 40 811
internal_value=-0.000587198 -0.0041431 0.00228697 0.00711632 -0.00968779 0.00139465 0.00959264 0.00101064 0.000759064 0.0045837 0.00288296 -0.0110532 0.00514826 0.00160237 0.0107711 -0.00280346 -0.00473793 0.000178053 -0.00231552 -0.00438489 -0.00733774 -0.00179979 -0.00444394 -0.00206058 0.0117473 0.00040456 0.00165008 -0.000268011 0.000364184 0.00258201 0.00385145 -0.0120396 0.00129546 -0.00231629 -0.00166003 -0.00171707 0.000475416 0.00140229 -0.00318147 -0.00632766 -0.00366053 0.00938307 0.00483755 -0.0123267
internal_weight=15986 7146 8840 1378 1390 7462 783 6661 6280 801 592 1126 381 101 682 5756 1158 4775 4598 916 439 3682 222 3529 610 4553 1598 2955 2257 1505 595 954 1526 698 477 400 246 201 1691 758 321 209 83 933
internal_count=15986 7146 8840 1378 1390 7462 783 6661 6280 801 592 1126 381 101 682 5756 1158 4775 4598 916 439 3682 222 3529 610 4553 1598 2955 2257 1505 595 954 1526 698 477 400 246 201 1691 758 321 209 83 933
cat_boundaries=0 1 2 3 4 5
cat_threshold=131808 20491 1273482 73731 12
is_linear=0
shrinkage=0.03


Tree=87
num_leaves=45
num_cat=3
split_feature=21 10 21 21 32 7 26 14 21 29 22 17 16 16 20 27 17 20 16 16 12 22 0 23 21 10 0 21 20 7 16 24 25 12 14 0 32 25 14 29 22 7 22 27
split_gain=179.338 67.6774 46.4486 16.1484 7.80516 7.82142 8.12999 6.36432 6.04066 5.89903 5.24483 5.01677 4.97157 4.93289 7.77016 10.1308 5.83128 5.68655 5.3716 5.345 4.78281 5.30789 4.5702 4.61709 4.81907 4.56592 4.5429 4.5159 4.83153 4.98135 4.6637 4.2976 4.18621 6.21484 4.14673 3.93715 3.90488 5.91638 3.78051 3.70865 3.69496 3.39233 3.24539 4.08364
threshold=1627.5000000000002 725.357142857143 3888.0000000000005 912.23500000000013 333.95000000000005 210.50000000000003 0.65000000000000002 -0.69674959280705229 2350.5000000000005 26.925000000000004 2593.0000000000005 0.8277910979379729 -0.97509344079810367 0.36848418633289504 23.810714285714294 24.625000000000004 -0.71502926860092908 29.003571428571437 -0.98803388382128665 0.99572776335819457 1281.0166666666669 1070.5000000000002 0 995.5100000000001 1151.5000000000002 623.57142857142878 1 2950.5000000000005 23.364285714285717 214.50000000000003 0.96231527631374336 3100.5000000000005 24.875000000000004 3212.6000000000004 0.59177612190863982 2 321.05000000000001 23.975000000000005 -0.99866806308218525 24.775000000000002 2177.5000000000005 102.50000000000001 821.50000000000011 27.775000000000002
decision_type=2 2 2 2 2 2 2 2 2 2 2 2 2 2 2 2 2 2 2 2 2 2 9 2 2 2 9 2 2 2 2 2 2 2 2 9 2 2 2 2 2 2 2 2
left_child=1 25 4 9 8 -6 -7 38 26 11 39 35 -11 18 19 16 -16 -17 -5 20 -15 -22 -20 -24 -25 -1 -2 28 -12 -30 32 -32 33 -29 -27 -3 -18 -38 -4 -10 -28 -37 -14 -44
right_child=2 3 7 13 5 6 -8 -9 10 12 27 -13 42 14 15 17 36 -19 22 -21 21 -23 23 24 -26 34 40 30 29 -31 31 -33 -34 -35 -36 41 37 -39 -40 -41 -42 -43 43 -45
leaf_value=-5.0844494255389199 0.50246220852868184 -3.4240072057927255 2.3384946385088505 -1.0125299407659736 -0.74944119970798961 -3.8707806045760025 3.5283204179164271 7.8034744247705561 2.1331146091254367 -1.6811465672682766 -2.8232573375380432 0.85608844386741223 -1.2624662809834046 -1.5064134777846903 -1.0238582525169817 -0.98716660191639327 0.53419742635524126 0.58782909487233836 0.10718505068340846 0.44420466906286149 0.63435730144931768 -1.1654221863875955 0.24466863803791283 -0.90263095034235108 -0.25037213135410863 -0.96365983316414372 0.12192822407032394 -0.8561373790206448 -0.024817814788589201 3.9724035301648652 3.8406170823945898 7.0230391873266491 4.4656664633981151 3.3313400712313204 -3.0109839475958129 -2.8613116606075866 0.40164916535329437 -0.93955747609990448 13.895109406770574 4.1183202928833591 -0.9918051462294829 0.0076715055885904345 1.3652221141023733 -0.64197550333155384
leaf_weight=325 1922 334 46 173 27 31 302 277 391 122 149 58 342 292 161 902 496 75 1089 76 57 436 328 556 1173 87 1592 270 395 118 88 64 226 449 507 228 45 46 675 185 398 77 45 351
leaf_count=325 1922 334 46 173 27 31 302 277 391 122 149 58 342 292 161 902 496 75 1089 76 57 436 328 556 1173 87 1592 270 395 118 88 64 226 449 507 228 45 46 675 185 398 77 45 351
internal_value=-0.000564678 -0.00359165 0.00277077 -0.00264497 0.00185891 0.00615662 0.00742119 0.00880373 0.00161067 -0.00536382 0.00281872 -0.00741931 -0.00369376 -0.00192749 -0.00291056 -0.00174599 0.000878225 -0.00375806 -0.00116056 -0.00523981 -0.00597631 -0.00416143 -0.000876323 -0.00170384 -0.00233185 -0.0112741 0.000888781 0.00200216 4.07793e-05 0.00142662 0.00318294 0.00806706 0.0023934 0.00126825 -0.00969029 -0.00818651 0.00226878 -0.00342481 0.0102926 0.00530637 -0.000118494 -0.0050841 -0.00275979 -0.000901288
internal_weight=15986 8381 7605 7462 6607 360 333 998 6247 1557 2335 697 860 5905 2586 1725 748 977 3319 861 785 493 3146 2057 1729 919 3912 1759 662 513 1097 152 945 719 594 639 587 91 721 576 1990 305 738 396
internal_count=15986 8381 7605 7462 6607 360 333 998 6247 1557 2335 697 860 5905 2586 1725 748 977 3319 861 785 493 3146 2057 1729 919 3912 1759 662 513 1097 152 945 719 594 639 587 91 721 576 1990 305 738 396
cat_boundaries=0 1 2 3
cat_threshold=1206412 200434 3771472
is_linear=0
shrinkage=0.03


Tree=88
num_leaves=45
num_cat=3
split_feature=21 10 21 21 16 17 10 14 14 15 19 16 15 31 10 0 16 27 10 16 33 16 25 17 27 0 16 7 14 14 0 33 15 24 7 7 27 15 12 26 12 7 16 27
split_gain=171.213 66.1977 44.2674 16.0454 7.65644 9.47105 11.5778 7.32477 6.3865 5.72785 5.59468 5.11953 4.95788 4.83015 4.79896 4.77966 4.44365 5.43644 5.54262 6.02884 5.73878 5.42859 4.59786 4.3615 4.32309 4.15656 4.14324 7.62471 3.87366 3.83592 3.78469 3.64636 6.24696 3.50681 3.38536 5.52631 3.35347 3.39775 3.34042 3.29982 3.12714 4.99632 3.07061 3.04538
threshold=1627.5000000000002 725.357142857143 3888.0000000000005 912.23500000000013 0.96231527631374336 0.14889004263668562 3101.2857142857147 -0.98046803196378884 -0.69674959280705229 -0.17646730165275518 186.75000000000003 -0.99629805505515945 -0.67801649466304881 131.85000000000005 623.57142857142878 0 0.36848418633289504 19.725000000000005 1257.214285714286 0.99572776335819457 3.2950000000000004 -0.98803388382128665 29.175000000000004 -0.99960007011775021 22.125000000000004 1 0.90892735371523092 71.500000000000014 0.59177612190863982 0.91248814248966237 2 2.0350000000000006 -0.93845867424155849 1930.5000000000002 270.50000000000006 266.50000000000006 18.225000000000005 0.9980355542543059 734.28333333333342 16.850000000000005 4035.1500000000005 270.50000000000006 -0.05695216311707673 22.225000000000005
decision_type=2 2 2 2 2 2 2 2 2 2 2 2 2 2 2 9 2 2 2 2 2 2 2 2 2 9 2 2 2 2 9 2 2 2 2 2 2 2 2 2 2 2 2 2
left_child=1 14 4 9 7 6 -6 10 13 11 -2 -3 -8 40 -1 -9 21 -18 19 24 39 43 33 -23 -19 -25 27 -11 -16 36 -13 42 -33 -22 35 -12 -17 -38 -30 -20 41 -4 -27 -5
right_child=2 3 8 16 5 -7 12 15 -10 26 34 30 -14 -15 28 29 17 18 20 -21 22 23 -24 25 -26 31 -28 -29 38 -31 -32 32 -34 -35 -36 -37 37 -39 -40 -41 -42 -43 -44 -45
leaf_value=-4.9319159427727532 0.20513688870483293 -2.0258385188179329 15.906198775515959 -7.8201045613359588 0.11610170598774289 4.7139477466747746 -0.74581402285838971 0.87292521300989501 7.5693701920274359 1.0698571140229962 2.9014698110424568 -1.0550361940264712 7.0974846831705962 -2.0283890763479007 -0.9347500381692202 -0.93764758094112488 -3.6659764081952573 0.10136135853086671 0.36492343768105229 0.38277399344836111 -0.51814329207888243 -3.2713868352838471 0.75382369965786666 0.1338791176437894 -0.98440937797687178 2.6306589003509373 -4.8259665806813459 -2.5684987124683061 -3.5031797918345569 -1.2328397678087162 -0.20028128905299239 -1.0065805497980853 -0.26413868986765121 -3.2731021915410223 6.1327346683866812 -2.2303017655647497 0.24353104206637338 2.4262642517427251 -2.5474693778390316 -0.4693115026452665 14.515970164111577 9.367842773818456 0.013359909289615644 -0.49025769881416864
leaf_weight=325 132 67 156 31 434 170 20 1328 277 58 32 359 108 20 87 117 84 114 295 98 761 24 67 1079 941 34 88 646 259 84 339 272 1672 139 193 27 3812 150 248 87 311 234 65 142
leaf_count=325 132 67 156 31 434 170 20 1328 277 58 32 359 108 20 87 117 84 114 295 98 761 24 67 1079 941 34 88 646 259 84 339 272 1672 139 193 27 3812 150 248 87 311 234 65 142
internal_value=-0.000555295 -0.0035129 0.00270371 -0.00257662 0.0018135 0.00470837 0.00282334 0.00145223 0.00859333 -0.00528675 0.00545952 -0.003427 0.0107494 0.0100846 -0.0111109 0.00117135 -0.00186144 -0.00279456 -0.00254067 -0.00406903 -0.00123193 -0.00113344 -0.00246303 -0.000847716 -0.00473131 -0.000748535 -0.00707865 -0.00630166 -0.0094883 0.000664254 -0.00266008 -0.00154011 -0.00183478 -0.00302966 0.00808013 0.00172589 0.000797235 0.000945711 -0.010495 0.00187647 0.0105006 0.00868239 0.00405651 -0.00630849
internal_weight=15986 8381 7605 7462 6607 732 562 5875 998 1557 384 765 128 721 919 5491 5905 2586 2502 1153 1349 3319 967 3146 1055 3122 792 704 594 4163 698 2043 1944 900 252 59 4079 3962 507 382 701 390 99 173
internal_count=15986 8381 7605 7462 6607 732 562 5875 998 1557 384 765 128 721 919 5491 5905 2586 2502 1153 1349 3319 967 3146 1055 3122 792 704 594 4163 698 2043 1944 900 252 59 4079 3962 507 382 701 390 99 173
cat_boundaries=0 1 2 3
cat_threshold=131808 1206412 2678934
is_linear=0
shrinkage=0.03


Tree=89
num_leaves=45
num_cat=4
split_feature=21 10 21 21 16 17 10 14 14 15 13 11 15 15 29 11 31 10 32 15 17 18 17 21 22 7 0 11 15 16 32 7 16 0 31 18 0 13 14 11 33 0 24 33
split_gain=164.918 66.2458 43.1784 15.2671 6.9957 8.38781 11.0554 6.83634 6.71091 6.36914 5.68402 5.50553 5.48656 5.22255 4.83502 4.81181 4.77483 4.71071 4.69333 5.44136 8.59794 8.33932 4.4958 4.44344 7.04505 5.31733 4.643 4.40322 4.35335 4.90605 4.28085 6.95232 6.99553 5.01561 4.08495 4.02564 6.02212 3.93536 3.80684 3.74519 3.60318 3.59963 3.57886 5.2293
threshold=1627.5000000000002 725.357142857143 3888.0000000000005 912.23500000000013 0.96231527631374336 0.14889004263668562 3101.2857142857147 -0.98046803196378884 -0.69674959280705229 -0.17646730165275518 1557.6596917513727 47.612773364056345 -0.78324956448884031 -0.65883892954715351 28.825000000000006 162.66017746619826 131.85000000000005 623.57142857142878 313.25000000000006 -0.7614016681079937 0.77652048701313048 56.800000000000004 0.99274945289872141 2350.5000000000005 2649.2200000000007 214.50000000000003 0 213.17580476558933 -0.27694043983797384 0.98334239299093984 0.2499999999999965 249.50000000000003 -0.86600738435842672 1 0.99999999999999389 0.29999999999998678 2 1553.9156517967372 0.59177612190863982 213.17580476558933 2.1450000000000005 3 1545.5000000000002 2.5550000000000002
decision_type=2 2 2 2 2 2 2 2 2 2 2 2 2 2 2 2 2 2 2 2 2 2 2 2 2 2 9 2 2 2 2 2 2 9 2 2 9 2 2 2 2 9 2 2
left_child=1 17 4 9 7 6 -6 10 16 11 -2 12 -3 -8 22 -16 39 -1 19 20 40 37 23 26 41 -26 -9 -11 29 -20 -21 35 -33 -34 -17 -32 -37 -22 -19 -4 -5 -25 43 -12
right_child=2 3 8 18 5 -7 13 14 -10 27 42 -13 -14 -15 15 34 -18 38 28 30 21 -23 -24 24 25 -27 -28 -29 -30 -31 31 32 33 -35 -36 36 -38 -39 -40 -41 -42 -43 -44 -45
leaf_value=-4.7839584644895705 -0.24390747879790978 -0.28202378666798267 11.322284744252997 1.3415681864747397 0.11261865480811138 4.5725293142745285 -0.29133228748355122 0.40653759879277457 7.3422890862666188 -2.8560282576288363 3.0970458866671402 -0.49689636963928818 -1.6860686376737886 7.2057000425177238 1.8759148413932007 -2.7461000491460377 -1.9675374040574591 -0.90670753702414342 -0.8793067713255095 -0.17136593368366335 0.35256505234970514 -1.0276036318297905 1.3213539185994239 -0.082827627843626031 -0.29958981074254554 1.4736711871266448 -0.20191938031522114 -1.0334545087198979 0.32782345733684676 0.094780384166351719 -0.6802871778534898 -3.9221588104904228 -0.44799288465628362 1.0963103786716102 1.3281641937836683 -0.2704899513952489 -1.2293334075570568 -0.13864187859122579 -2.8274514434988953 13.649247637548488 0.19006187555693485 3.8539987074702458 5.6634463842444482 -0.75010528040329405
leaf_weight=325 103 101 216 82 434 170 25 1169 277 678 43 509 155 103 160 28 20 87 259 1167 143 300 368 109 388 1080 1715 114 45 63 1030 135 408 372 99 274 584 308 507 485 735 375 192 46
leaf_count=325 103 101 216 82 434 170 25 1169 277 678 43 509 155 103 160 28 20 87 259 1167 143 300 368 109 388 1080 1715 114 45 63 1030 135 408 372 99 274 584 308 507 485 735 375 192 46
internal_value=-0.000542159 -0.00344489 0.00265638 -0.00250828 0.00177718 0.00454446 0.00276997 0.00143181 0.0084731 -0.00515188 0.00530331 -0.00319174 -0.00678251 0.0105152 0.00116042 0.00495298 0.0100014 -0.0110456 -0.00181064 -0.00159206 -9.3744e-05 -0.00241246 0.000950597 0.000706561 0.00181189 0.00077447 -4.05672e-05 -0.00704078 -0.00509943 -0.00632412 -0.00218307 -0.00281902 -0.000668779 0.000419177 0.000566483 -0.00385944 -0.00538049 0.00015961 -0.00943781 0.0104151 0.00203402 0.00495146 0.00751334 0.00249158
internal_weight=15986 8381 7605 7462 6607 732 562 5875 998 1557 384 765 256 128 5491 287 721 919 5905 5538 1568 751 5204 4836 1952 1468 2884 792 367 322 3970 2803 915 780 127 1888 858 451 594 701 817 484 281 89
internal_count=15986 8381 7605 7462 6607 732 562 5875 998 1557 384 765 256 128 5491 287 721 919 5905 5538 1568 751 5204 4836 1952 1468 2884 792 367 322 3970 2803 915 780 127 1888 858 451 594 701 817 484 281 89
cat_boundaries=0 1 2 3 4
cat_threshold=1266 3245266 1065128 2229266
is_linear=0
shrinkage=0.03


Tree=90
num_leaves=45
num_cat=3
split_feature=21 21 21 22 21 21 23 10 7 17 23 0 29 32 17 29 25 11 11 23 29 32 15 33 21 32 7 7 0 19 21 12 0 19 32 15 17 33 7 17 7 26 7 5
split_gain=170.308 52.4958 48.1683 14.3905 10.9148 10.6657 6.8058 6.56296 5.97449 5.51904 5.25278 5.19486 5.13301 4.87485 4.83712 4.93623 4.82199 4.67249 4.60647 4.56576 4.5347 4.40508 3.97837 4.58306 4.78223 4.67162 4.37292 4.14505 4.85675 4.08387 3.89063 3.86813 3.78481 3.63835 3.81395 3.57595 3.53835 3.4953 3.42497 4.75597 4.46731 3.27915 7.4457 3.3958
threshold=1300.5000000000002 795.50000000000011 3395.0000000000005 897.50000000000011 4100.5000000000009 1645.5000000000002 3550.5000000000005 657.21428571428589 300.50000000000006 0.93158198870884079 977.04500000000019 0 24.225000000000005 223.75000000000003 -0.99763124042248752 28.825000000000006 25.225000000000005 239.29459827146619 205.86634591634652 1852.6250000000002 28.550000000000001 91.750000000000014 -0.85225707553516283 3.3950000000000005 2351.5000000000005 6.5500000000000016 186.50000000000003 314.50000000000006 1 136.75000000000003 2700.5000000000005 2896.8333333333335 2 272.65000000000003 263.55000000000007 -0.9497838742125716 -0.99531284698386135 3.4350000000000005 215.50000000000003 -0.96687281075841669 208.50000000000003 2.0500000000000003 281.50000000000006 1.5000000000000002
decision_type=2 2 2 2 2 2 2 2 2 2 2 9 2 2 2 2 2 2 2 2 2 2 2 2 2 2 2 2 9 2 2 2 9 2 2 2 2 2 2 2 2 2 2 2
left_child=1 3 5 7 8 33 -6 -1 13 32 -11 -10 -9 -4 -7 22 41 -13 19 -17 -5 -8 26 24 25 -24 35 28 -25 -26 -28 -29 37 34 -2 -16 -23 -3 40 -40 -34 42 -15 -43
right_child=2 9 4 20 6 14 21 12 11 10 -12 17 -14 16 15 18 -18 -19 -20 -21 -22 36 23 27 29 -27 30 31 -30 -31 -32 -33 38 -35 -36 -37 -38 -39 39 -41 -42 43 -44 -45
leaf_value=-4.1904397105548821 -0.13726276027367021 0.21346406081863278 7.3289950446461347 -4.4687462795337023 3.0018617614265941 8.577074568034476 15.175595635794643 -4.4032985548323866 4.7244479063291234 1.1784291856160802 -0.24008041070665512 4.7428224474079794 -1.8894068045278003 10.836087157326023 0.5512811293109553 0.68636367342204041 4.6091343728423046 -2.0801430744958953 -0.094208011012669887 3.5435774807459972 0.96615677610499118 0.046318562141811979 1.5397814474955998 0.96803046830462669 3.0996003290842462 0.27987999602532909 -0.042544837567213563 -1.8935337644353489 0.12359412055812641 4.2450029262672251 -0.803867147529852 0.67035434938693017 -0.76095776407795934 0.94485881175648045 -1.5394963461768827 -0.27270586468829605 15.061401618974392 -0.73040873017554642 0.34542378546065944 -1.4992968335832346 0.44777699954365285 1.88233843678639 -2.6980625967864942 -1.9172972592368249
leaf_weight=519 2195 229 206 79 85 51 253 195 223 81 367 56 604 58 383 104 87 188 95 98 96 20 274 1136 135 601 270 367 1480 195 178 374 2251 91 36 106 369 1087 49 449 95 78 32 97
leaf_count=519 2195 229 206 79 85 51 253 195 223 81 367 56 604 58 383 104 87 188 95 98 96 20 274 1136 135 601 270 367 1480 195 178 374 2251 91 36 106 369 1087 49 449 95 78 32 97
internal_value=-0.000537195 -0.00448149 0.0018881 -0.00937111 0.00640203 0.000919563 0.00921744 -0.0104446 0.00440152 -0.00289642 0.000261102 0.00188825 -0.00872482 0.00649884 0.00160285 0.0015212 0.00433684 -0.00116883 0.00529115 0.00785255 -0.00126785 0.0102741 0.00131694 0.00168278 0.0032711 0.0021049 -0.000460997 0.00111167 0.0016731 0.00635262 -0.00260433 -0.00086628 -0.00323718 -0.000799707 -0.00104074 0.00149663 0.0122899 -0.0018528 -0.00385656 -0.00613732 -0.00338732 0.00230856 0.00695893 -6.85323e-05
internal_weight=16022 6101 9921 1493 1752 8169 727 1318 1025 4608 448 467 799 558 5847 5796 352 244 297 202 175 642 5499 4562 1205 875 937 3357 2616 330 448 741 4160 2322 2231 489 389 1316 2844 498 2346 265 90 175
internal_count=16022 6101 9921 1493 1752 8169 727 1318 1025 4608 448 467 799 558 5847 5796 352 244 297 202 175 642 5499 4562 1205 875 937 3357 2616 330 448 741 4160 2322 2231 489 389 1316 2844 498 2346 265 90 175
cat_boundaries=0 1 2 3
cat_threshold=1138848 73970 227848
is_linear=0
shrinkage=0.03


Tree=91
num_leaves=45
num_cat=3
split_feature=21 21 21 13 21 14 16 33 16 13 17 17 18 14 14 16 21 15 15 18 0 31 29 14 0 17 12 33 24 18 25 27 14 29 13 33 31 26 27 33 5 0 15 21
split_gain=162.394 50.3159 47.4802 16.8399 13.4322 8.28675 6.71727 7.74911 8.4307 7.30835 6.65187 5.52509 5.0717 4.97253 4.88803 5.68273 4.47741 5.09068 8.13465 4.48517 4.45381 4.42749 4.41758 5.17019 6.34189 6.39601 6.30068 6.41719 6.28615 5.66668 6.52712 7.26501 4.41158 4.29828 4.23269 4.0323 3.80739 3.70988 5.07849 3.70577 3.56328 3.51774 4.32191 3.41189
threshold=1300.5000000000002 795.50000000000011 3910.0000000000005 1655.3808635803964 1645.5000000000002 -0.52766804058324157 0.96522610578843548 5.6050000000000013 0.98802474685579866 2520.6115779645193 0.53857859989105195 0.93158198870884079 38.950000000000003 -0.99275805973510278 -0.53493989022977317 0.99683609994235922 900.50000000000011 -0.93845867424155849 -0.77243990499604276 0.29999999999998678 0 25.999999999999996 28.825000000000006 -0.81923160956083974 1 0.61746585276059895 1841.8166666666668 5.1650000000000009 2500.5000000000005 50.850000000000001 25.325000000000006 22.425000000000004 0.22700754078277605 28.225000000000005 1482.7938516419192 4.955000000000001 0.70000000000000184 14.400000000000002 29.725000000000005 5.2750000000000012 1.0000000180025095e-35 2 -0.091258822863740666 1677.5000000000002
decision_type=2 2 2 2 2 2 2 2 2 2 2 2 2 2 2 2 2 2 2 2 9 2 2 2 9 2 2 2 2 2 2 2 2 2 2 2 2 2 2 2 2 9 2 2
left_child=1 3 4 10 -2 20 22 8 43 39 34 13 -13 21 15 -15 41 -18 -19 -20 -4 -3 23 29 26 28 27 -25 -26 30 31 -6 -27 -5 -1 -32 -36 38 -24 -10 -28 -16 -43 -8
right_child=2 11 5 33 6 -7 7 -9 9 -11 -12 12 -14 14 16 -17 17 18 19 -21 -22 -23 37 24 25 32 40 -29 -30 -31 35 -33 -34 -35 36 -37 -38 -39 -40 -41 -42 42 -44 -45
leaf_value=-4.4599856117562986 -0.11864592392999043 -0.60750658548059733 8.8559140383057819 -2.6894523506686014 6.0066781495047916 -0.14189638453313363 -0.015053940765060361 -0.63366082833478232 0.041617860536371155 8.2370314512872547 -1.8561997209859264 0.67624870818963922 -0.60472972343767417 -1.2085543408180455 -0.8460774657677802 0.42025196407174914 -0.97605484751442984 0.2173242624031127 -0.48119108765532587 -1.0567721513037509 12.411688797951046 2.6029264594836454 2.6349749838299794 -0.34890631517151516 -1.0125710757575563 0.033423048260260657 2.1493422834028753 1.1479587070617072 0.25813410226720634 3.6196673256103939 9.1580512761814319 -0.0099850816742230106 1.4347461635404102 -1.1409846664933423 -2.8715523936061778 -0.51130694285512157 -0.45345026280065209 -0.73854591640255196 -0.24255954772679159 5.8402413275627367 0.76734852552601063 -0.8827169284693821 -3.1453937346203769 5.2551567290393271
leaf_weight=437 2322 32 136 127 75 95 25 99 275 48 142 231 217 442 436 31 260 483 1438 576 711 32 193 450 438 921 353 104 364 287 123 750 180 285 434 37 68 28 76 24 1570 235 195 237
leaf_count=437 2322 32 136 127 75 95 25 99 275 48 142 231 217 442 436 31 260 483 1438 576 711 32 193 450 438 921 353 104 364 287 123 750 180 285 434 37 68 28 76 24 1570 235 195 237
internal_value=-0.000531578 -0.00438314 0.00183669 -0.00917018 0.00116404 0.00824435 0.00184945 0.00461376 0.00588081 0.00280035 -0.0111387 -0.00283132 0.000328052 -0.00317228 -0.00330241 -0.00617628 -0.00292622 -0.00233289 -0.00191502 -0.00275408 0.00918664 0.0051014 0.00151989 0.00133172 0.000841762 -0.000461032 0.00183829 -0.000969139 -0.00250218 0.00301627 0.00193077 0.000850806 0.00101898 -0.0039966 -0.0120562 0.00747658 -0.0101514 0.0050892 0.00617614 0.00104313 0.00265821 -0.00481122 -0.00674165 0.00994659
internal_weight=16022 6101 9921 1493 8979 942 6657 708 609 347 1081 4608 448 4160 4096 473 3623 2757 2497 2014 847 64 5949 5652 4380 1903 2477 554 802 1272 985 825 1101 412 939 160 502 297 269 299 1923 866 430 262
internal_count=16022 6101 9921 1493 8979 942 6657 708 609 347 1081 4608 448 4160 4096 473 3623 2757 2497 2014 847 64 5949 5652 4380 1903 2477 554 802 1272 985 825 1101 412 939 160 502 297 269 299 1923 866 430 262
cat_boundaries=0 1 2 3
cat_threshold=274433 58594 88171
is_linear=0
shrinkage=0.03


Tree=92
num_leaves=45
num_cat=3
split_feature=21 21 21 13 21 15 23 17 22 21 17 29 0 6 27 15 32 14 14 14 15 27 20 24 14 0 26 27 29 25 27 32 21 0 27 15 17 15 26 32 33 27 13 10
split_gain=152.202 60.3047 36.924 15.0959 7.84413 6.51824 6.38969 6.29409 6.28507 5.61091 5.60979 5.49281 5.04685 4.54311 5.95578 4.1809 9.29389 4.86082 4.60674 4.53961 4.29728 4.31 4.03358 4.00892 3.86358 3.83762 3.78269 4.82479 3.37712 3.33327 3.23134 4.6578 3.22176 3.48457 3.27901 3.12429 3.23977 3.12994 2.9918 5.61191 4.74152 3.42572 2.92661 4.0614
threshold=1600.5000000000002 800.50000000000011 4100.5000000000009 1565.6386499342175 2997.5000000000005 0.95436825032516992 3550.5000000000005 0.52766346590117863 830.50000000000011 1298.5000000000002 -0.99763124042248752 28.825000000000006 0 2.5000000000000004 28.825000000000006 -0.78324956448884031 313.25000000000006 -0.98930078251469888 -0.73282214301478099 -0.70898476237405783 -0.93845867424155849 23.975000000000005 26.38214285714286 1075.9850000000004 -0.69674959280705229 1 14.400000000000002 29.725000000000005 29.275000000000002 26.425000000000008 28.725000000000005 1.6499999999999986 1042.0350000000001 2 19.725000000000005 -0.85225707553516283 0.99530134160901229 -0.70900320270980455 0.75000000000000011 283.2000000000001 3.2750000000000004 23.525000000000002 1619.4837294522924 777.357142857143
decision_type=2 2 2 2 2 2 2 2 2 2 2 2 9 2 2 2 2 2 2 2 2 2 2 2 2 9 2 2 2 2 2 2 2 9 2 2 2 2 2 2 2 2 2 2
left_child=1 3 4 7 10 12 -4 -1 13 15 -2 25 -6 -5 42 16 20 -17 23 -20 21 22 -3 -19 -8 29 27 -13 -10 -12 -22 -32 33 -21 -34 36 -27 -37 39 40 -14 -42 -15 -44
right_child=2 9 6 8 5 -7 24 -9 28 -11 11 26 38 14 -16 17 -18 18 19 32 30 -23 -24 -25 -26 35 -28 -29 -30 -31 31 -33 34 -35 -36 37 -38 -39 -40 -41 41 -43 43 -45
leaf_value=-3.587485870451451 8.4348995559503805 -0.020733018610123964 2.5394552446452643 -4.3725001580113778 1.2698050814878614 -7.7868353161849289 13.426866475999409 -1.8136482735279389 -2.2823273154534149 -0.15552667563847988 0.043793426005145193 2.6407089422800754 -3.4462736568513992 -1.352165153716075 -2.1019502982872322 1.1073137420870534 -0.78629215340891734 -1.667016123646897 0.55109710161499714 -0.59508145691346215 0.60230460607799152 -0.81588244642917973 1.8354591454277078 -0.70782043474039713 14.34300946743323 -0.11109600317104196 -0.71638953891047774 -0.0076110136900388167 0.51670012617222028 -1.3543839092981851 -1.5302766329264772 0.64180944977832044 -2.6960467094705565 -1.3635911032886041 -0.42813614615965206 1.11464456901002 0.89487401256136301 0.58126116504934544 2.9998679338931331 -4.0815735418136958 5.4117388364271664 4.4011107464779 0.57245295859703105 -1.6152704318362328
leaf_weight=689 50 106 85 70 429 33 479 177 172 2532 1719 191 52 92 306 65 215 101 24 394 334 342 35 157 163 509 28 78 127 103 52 46 58 758 1347 143 66 2505 472 58 273 266 65 56
leaf_count=689 50 106 85 70 429 33 479 177 172 2532 1719 191 52 92 306 65 215 101 24 394 334 342 35 157 163 509 28 78 127 103 52 46 58 758 1347 143 66 2505 472 58 273 266 65 56
internal_value=-0.000503492 -0.00331691 0.00253528 -0.00825894 0.00186406 0.00372181 0.00896988 -0.0110807 -0.00550276 -0.00199616 0.00131804 0.00122368 0.00400426 -0.00730267 -0.00632248 -0.00269131 -0.00113884 -0.00329431 -0.00348068 -0.00309635 0.00017703 -0.00176361 0.00263643 -0.00731112 0.00999377 0.000989475 0.00519017 0.00628763 -0.00194584 -0.000112985 0.00235362 -0.0024159 -0.00321927 -0.00439806 -0.00225037 0.00160898 -0.00038602 0.00204939 0.00504995 0.00376213 0.00463881 0.00547579 -0.00244955 0.00059455
internal_weight=16022 8320 7702 1754 6975 1583 727 866 888 6566 5392 5342 1550 589 519 4034 1130 2904 2839 2581 915 483 141 258 642 5045 297 269 299 1822 432 98 2557 1152 1405 3223 575 2648 1121 649 591 539 213 121
internal_count=16022 8320 7702 1754 6975 1583 727 866 888 6566 5392 5342 1550 589 519 4034 1130 2904 2839 2581 915 483 141 258 642 5045 297 269 299 1822 432 98 2557 1152 1405 3223 575 2648 1121 649 591 539 213 121
cat_boundaries=0 1 2 3
cat_threshold=2364417 4100105 10297
is_linear=0
shrinkage=0.03


Tree=93
num_leaves=45
num_cat=3
split_feature=21 21 21 22 21 21 25 7 23 21 15 0 12 17 29 11 0 14 14 33 23 27 29 7 31 33 5 17 7 7 14 19 32 23 11 25 19 29 0 18 7 23 21 33
split_gain=148.186 43.8031 42.7889 13.5526 10.0452 9.00228 6.50773 7.29366 6.41454 6.38569 9.0951 7.54733 4.96396 4.38205 4.5183 4.55613 3.85758 4.33458 4.12649 3.89233 3.83147 3.78542 4.44311 6.8429 4.58201 4.55555 3.87999 5.41352 5.38724 3.78116 3.71126 3.57435 3.8569 3.43639 3.40043 3.4468 3.37381 3.2555 3.14266 3.11992 3.11056 2.91804 3.07688 2.84476
threshold=1300.5000000000002 3395.0000000000005 725.50000000000011 821.50000000000011 4150.5000000000009 1645.5000000000002 24.525000000000002 53.500000000000007 3550.5000000000005 900.50000000000011 -0.78324956448884031 0 3212.6000000000004 -0.99763124042248752 28.825000000000006 191.15065039336767 1 -0.53493989022977317 -0.9954993026558282 3.4350000000000005 3952.0050000000006 18.575000000000003 21.175000000000001 42.500000000000007 0.70000000000001517 3.2250000000000005 1.5000000000000002 0.99731940924863693 34.500000000000007 71.500000000000014 -0.69674959280705229 272.65000000000003 263.55000000000007 1852.6250000000002 185.68989461561526 23.475000000000005 337.35000000000008 29.275000000000002 2 89.399999999999991 30.500000000000004 795.50000000000011 677.50000000000011 8.3250000000000011
decision_type=2 2 2 2 2 2 2 2 2 2 2 9 2 2 2 2 9 2 2 2 2 2 2 2 2 2 2 2 2 2 2 2 2 2 2 2 2 2 9 2 2 2 2 2
left_child=2 5 3 41 6 31 7 -3 -6 10 -4 29 20 -7 21 33 19 18 -18 -11 -9 -15 23 24 -23 -25 27 -24 -28 -12 -10 32 38 -16 35 -14 -21 -5 -2 -19 -40 42 -1 -42
right_child=1 4 9 37 8 13 -8 12 30 16 11 -13 34 14 15 -17 17 39 -20 36 -22 22 26 25 -26 -27 28 -29 -30 -31 -32 -33 -34 -35 -36 -37 -38 -39 40 -41 43 -43 -44 -45
leaf_value=-4.2733023747720011 -0.45519247284889275 7.7289090693594922 0.052141502128345105 -3.2765140458650297 2.4632715873059121 7.9581253245466268 4.757910504033946 0.1815795828862474 13.61297412651928 0.26199269917154194 0.71546663255763632 -1.9687005196592144 3.0404565350513257 -0.92630152255521803 0.63712490402659339 -0.017121317454596011 0.45082845247098929 -0.50826622593688286 -1.1484442347027231 -0.41168205430631361 -3.4645137183881749 2.4145864047866414 0.41346474666623179 3.2620714031450939 -0.37994330725860892 -0.30622057653759838 -1.1035184894041503 2.9776666498846587 0.17743387748154646 -1.1895653326614672 14.021903086613751 0.92473822539084038 -1.4850862778045222 3.25157881883983 2.043079797992764 9.7556174951376615 -0.73711646076194026 0.7182577577969903 -1.2881634021723938 -1.1385792551977578 0.065285981030258428 -2.8103214469680204 -1.8811679584475132 2.613062124429391
leaf_weight=566 898 61 259 94 81 51 348 173 455 305 66 601 67 160 100 106 41 1864 282 1024 49 309 1459 291 33 377 286 67 2517 435 159 91 36 91 308 51 37 73 120 97 1157 122 235 20
leaf_count=566 898 61 259 94 81 51 348 173 455 305 66 601 67 160 100 106 41 1864 282 1024 49 309 1459 291 33 377 286 67 2517 435 159 91 36 91 308 51 37 73 120 97 1157 122 235 20
internal_value=-0.000507237 0.00175505 -0.00418646 -0.00957435 0.00605959 0.000831426 0.00421152 0.00255535 0.00886491 -0.00301371 -0.00476967 -0.00595862 0.00161549 0.00145918 0.00138145 0.00498822 -0.00235802 -0.00311102 -0.00635097 -0.00106606 -0.00201261 0.00118601 0.00132269 0.00311553 0.00656825 0.00134261 0.000903652 0.00212109 0.000239735 -0.00301702 0.00991207 -0.00074803 -0.000986957 0.0077551 0.00351326 0.00784928 -0.00193384 -0.00168761 -0.000825475 -0.0025914 0.000123938 -0.0109977 -0.0116615 0.000596381
internal_weight=16022 9921 6101 1090 1752 8169 1057 709 695 5011 1361 1102 648 5847 5796 297 3650 2284 323 1366 222 5499 5339 1010 342 668 4329 1526 2803 501 614 2322 2231 191 426 118 1061 167 2195 1961 1297 923 801 1177
internal_count=16022 9921 6101 1090 1752 8169 1057 709 695 5011 1361 1102 648 5847 5796 297 3650 2284 323 1366 222 5499 5339 1010 342 668 4329 1526 2803 501 614 2322 2231 191 426 118 1061 167 2195 1961 1297 923 801 1177
cat_boundaries=0 1 2 3
cat_threshold=22635 1272456 3258376
is_linear=0
shrinkage=0.03


Tree=94
num_leaves=45
num_cat=3
split_feature=21 22 21 21 21 23 25 0 5 16 14 33 14 7 32 17 14 14 16 16 11 23 21 24 17 21 14 17 32 23 27 7 25 16 16 19 24 10 21 16 12 0 27 0
split_gain=139.325 43.0142 41.014 12.5027 11.7622 6.88893 6.38291 5.9534 5.48356 6.62655 5.35376 5.98727 5.24495 5.15751 4.76251 4.54781 4.37742 5.24682 4.62166 4.3686 6.82371 4.36025 4.28846 4.13716 4.13144 4.7694 3.71553 3.63259 4.46931 3.61894 3.59778 3.79809 3.64579 10.3073 6.03838 5.39107 5.18955 4.51235 3.54865 3.65981 3.81413 3.53893 3.47595 3.39995
threshold=1300.5000000000002 757.50000000000011 4100.5000000000009 2053.0000000000005 725.50000000000011 3550.5000000000005 25.075000000000006 0 2.5000000000000004 0.95566275305367776 -0.74441730022405961 4.6850000000000014 0.77244481603295057 224.50000000000003 164.45000000000002 0.93158198870884079 -0.98930078251469888 -0.53493989022977317 0.99351232050787985 0.90892735371523092 55.335556456838958 977.04500000000019 2200.3500000000004 1070.5000000000002 0.1318557721318592 2450.5000000000005 -0.99963879343104534 -0.99531284698386135 91.750000000000014 775.50000000000011 30.475000000000005 357.50000000000006 23.275000000000002 -0.86600738435842672 -0.75015329512557205 266.65000000000009 1445.5000000000002 2178.6428571428573 1042.0350000000001 -0.99629805505515945 1555.0500000000002 1 19.725000000000005 2
decision_type=2 2 2 2 2 2 2 9 2 2 2 2 2 2 2 2 2 2 2 2 2 2 2 2 2 2 2 2 2 2 2 2 2 2 2 2 2 2 2 2 2 9 2 9
left_child=1 4 3 8 29 -4 7 12 30 43 11 -8 -5 -11 41 16 -3 18 23 20 -9 -17 -13 -18 25 -21 -22 -7 -29 -1 31 32 33 -2 36 -36 -34 -35 39 -19 -41 -12 -40 -10
right_child=2 15 5 6 -6 27 10 19 9 13 14 22 -14 -15 -16 21 17 38 -20 24 26 -23 -24 -25 -26 -27 -28 28 -30 -31 -32 -33 34 37 35 -37 -38 -39 42 40 -42 -43 -44 -45
leaf_value=-3.1057434194560036 -4.6822444779532155 1.0605694762503184 2.3893734396867377 0.28686056561786244 -1.2886319711571832 -1.1386168767365483 5.594058719404047 -0.74532046048178924 0.016041754782442012 3.0707437614685271 1.8953048075268202 2.0125398459647861 -2.9550311010640642 -0.084797815833342158 -0.73559362468207379 1.1303225286514651 -1.3770236999919518 -1.4982521568672051 0.30530869868830907 -0.35577266265313484 8.1628567802890117 -0.18545079430060582 -2.018844116584487 -0.81437124705136854 2.425043533836774 4.2044853364746677 1.2863050739206345 13.641560103949226 13.532686931180423 -2.6664130186407502 -1.1461087876864156 -1.20651429700309 0.018341018570297365 1.5344372483216386 -0.083935115939952995 2.1728164623793247 3.0638212953637436 -0.95710849486010707 -2.7057438625970223 -0.8310898457851158 -2.5015093173519753 0.40220698712831332 -0.3350314633513608 -0.4589289422290494
leaf_weight=744 77 73 85 1242 545 20 351 116 970 77 366 24 55 62 35 74 146 72 52 101 27 368 40 266 103 152 1209 253 369 102 82 158 107 658 1309 86 139 62 54 1451 251 280 1903 1306
leaf_count=744 77 73 85 1242 545 20 351 116 970 77 366 24 55 62 35 74 146 72 52 101 27 368 40 266 103 152 1209 253 369 102 82 158 107 658 1309 86 139 62 54 1451 251 280 1903 1306
internal_value=-0.000496002 -0.00406353 0.00169759 0.00115476 -0.00869959 0.00855728 0.00238765 0.00167116 0.000161395 -0.000874498 0.00434906 0.00703927 0.000123938 0.00547807 0.00270445 -0.00269357 -0.0029936 -0.00312078 -0.00613445 0.00282696 0.00206124 0.000196788 -0.00135725 -0.00719971 0.00580455 0.00372185 0.0027158 0.00962 0.0100257 -0.0109171 0.00109667 0.00129309 0.00158607 0.00325179 0.00077509 8.60153e-06 0.00510768 0.00437023 -0.00274503 -0.00371851 -0.00343517 0.00329206 -0.00186092 -0.001264
internal_weight=16022 6101 9921 9194 1391 727 4101 3005 5093 2415 1096 415 1297 139 681 4710 4268 4195 464 1708 1352 442 64 412 356 253 1236 642 622 846 2678 2596 2438 797 1641 1395 246 720 3731 1774 1702 646 1957 2276
internal_count=16022 6101 9921 9194 1391 727 4101 3005 5093 2415 1096 415 1297 139 681 4710 4268 4195 464 1708 1352 442 64 412 356 253 1236 642 622 846 2678 2596 2438 797 1641 1395 246 720 3731 1774 1702 646 1957 2276
cat_boundaries=0 1 2 3
cat_threshold=2929673 157929 9446
is_linear=0
shrinkage=0.03


Tree=95
num_leaves=45
num_cat=4
split_feature=21 21 21 22 21 14 21 19 21 0 11 15 29 12 26 33 27 25 22 5 0 17 17 11 14 0 25 27 24 29 33 11 25 17 7 29 0 27 27 29 7 29 13 21
split_gain=127.784 49.6145 39.7752 13.9221 7.77644 6.4967 5.6632 5.16163 5.06789 4.93807 6.36759 4.46939 4.31304 5.79709 4.77452 5.16672 6.80632 4.4545 4.23599 4.22663 4.76614 4.11476 4.17084 4.08464 3.80924 3.78974 3.75128 3.65033 3.70109 3.49475 3.47915 3.69347 3.24595 3.53643 3.21484 3.97017 4.36193 4.29014 3.15793 3.13318 3.1147 3.0453 3.51838 3.00706
threshold=1500.5000000000002 750.50000000000011 3997.2150000000006 821.50000000000011 2350.5000000000005 -0.52766804058324157 677.50000000000011 257.85000000000008 1042.0350000000001 0 51.466586479104556 -0.98932651372861458 27.675000000000004 1471.5666666666668 5.6500000000000012 3.4150000000000005 20.175000000000004 23.375000000000004 1397.5000000000002 2.5000000000000004 1 0.91423533665985768 0.76971054597235045 431.89711560268876 -0.98046803196378884 2 26.475000000000005 29.225000000000005 897.50000000000011 29.075000000000006 2.2950000000000004 253.99217167313614 24.975000000000005 -0.091260510743598464 34.500000000000007 27.825000000000006 3 31.125000000000004 22.175000000000004 24.675000000000008 268.50000000000006 30.275000000000002 1512.7243686505658 2732.5000000000005
decision_type=2 2 2 2 2 2 2 2 2 9 2 2 2 2 2 2 2 2 2 2 9 2 2 2 2 9 2 2 2 2 2 2 2 2 2 2 9 2 2 2 2 2 2 2
left_child=1 3 4 6 7 30 -1 12 11 26 39 -3 14 -14 15 16 -2 -16 -18 20 -10 22 -17 24 -12 -23 32 28 -8 -5 -4 -32 -6 -34 -13 36 -36 41 -38 -11 -33 42 -37 -35
right_child=2 8 5 29 9 -7 27 -9 19 10 23 34 13 -15 17 21 18 -19 -20 -21 -22 25 -24 -25 -26 -27 -28 -29 -30 -31 31 40 33 43 35 37 38 -39 -40 -41 -42 -43 -44 -45
leaf_value=-4.0519310009451619 -0.52544543835283886 0.89576791105172782 0.53585173634059402 -1.9765616920323599 0.18329756342654946 0.67486062865325491 -1.207116691574065 2.1899701536194129 0.16921249518245757 0.067400767849949264 10.11862795970373 0.63729313739855109 0.019099042820777186 1.6196519615536009 0.99426184026516118 -0.0051319542769738286 -8.2054747970991286 -0.57805651751307552 1.8367428971739672 -0.54982943655858207 -0.33063831180147985 -1.0530181717260279 1.4068624215200816 1.7808046054201532 1.9680089095843687 -0.021186479364073418 -3.1575384726988269 -1.7924132164803723 -3.3131959271558262 0.6011828329955563 11.522182465166999 18.237577887628497 4.442282755894662 2.9602052962894003 -0.78141709856028452 -1.1928445657715161 -0.19826612120985146 -1.3639494828870198 -1.5921126437140094 -1.0894640148317603 11.703594080126054 -1.1008381903055431 0.070557043673409217 -0.92996428923251639
leaf_weight=622 182 44 44 133 806 85 249 175 980 71 55 65 234 198 88 2013 32 317 592 1999 1234 261 339 329 1178 343 34 195 57 104 252 52 149 36 372 48 58 86 584 41 468 253 481 76
leaf_count=622 182 44 44 133 806 85 249 175 980 71 55 65 234 198 88 2013 32 317 592 1999 1234 261 339 329 1178 343 34 195 57 104 252 52 149 36 372 48 58 86 584 41 468 253 481 76
internal_value=-0.00042319 -0.00325577 0.00211205 -0.0084457 0.00140043 0.00807014 -0.00984062 0.000665466 -0.00211747 0.00266369 0.00368565 -0.00336598 0.000472266 0.00332562 0.000175662 0.000509556 0.00263863 -0.0029178 0.00412915 -0.00152667 -0.000621923 -7.00247e-05 0.000496152 0.00420396 0.00499716 -0.00227942 0.00106381 -0.00744762 -0.00538059 -0.00182202 0.00889229 0.00936019 0.00138881 0.0042972 -0.00358071 -0.00380798 -0.0050853 -0.00231195 -0.00657415 -0.00318466 0.00789656 -0.00160721 -0.00030618 0.000240856
internal_weight=16014 7564 8450 1360 7549 901 1123 4774 6204 2775 1674 1991 4599 432 4167 3762 806 405 624 4213 2214 2956 2352 1562 1233 604 1101 501 306 237 816 772 1067 261 1947 1882 1014 868 642 112 520 782 529 112
internal_count=16014 7564 8450 1360 7549 901 1123 4774 6204 2775 1674 1991 4599 432 4167 3762 806 405 624 4213 2214 2956 2352 1562 1233 604 1101 501 306 237 816 772 1067 261 1947 1882 1014 868 642 112 520 782 529 112
cat_boundaries=0 1 2 3 4
cat_threshold=2921987 214155 561393 555032
is_linear=0
shrinkage=0.03


Tree=96
num_leaves=45
num_cat=4
split_feature=21 21 21 22 21 23 21 25 17 23 19 21 16 7 29 27 29 13 31 27 14 17 14 13 27 16 13 14 14 29 17 14 3 7 0 24 15 0 11 15 0 31 25 33
split_gain=122.103 47.9653 36.6887 13.8059 8.90458 5.85758 5.75794 5.35118 8.25763 5.25018 5.18742 5.09392 4.4529 6.34293 5.09368 4.49673 5.0568 5.06733 4.82411 4.44925 3.96359 3.89157 6.36046 4.13145 3.71125 3.56813 3.51795 3.30243 6.54942 3.29997 3.18822 3.16812 3.15326 5.51702 3.53369 3.14313 3.40419 3.08141 3.34474 4.19289 3.06123 3.13756 3.45048 3.30336
threshold=1500.5000000000002 750.50000000000011 4100.5000000000009 821.50000000000011 2350.5000000000005 3500.5000000000005 677.50000000000011 25.075000000000006 -0.18704161936942101 775.50000000000011 257.85000000000008 1042.0350000000001 0.96522610578843548 44.500000000000007 27.675000000000004 24.125000000000004 25.775000000000002 1747.450039412671 44.300000000000018 30.175000000000008 -0.61237985104942771 0.22281834724267766 -0.26866367175705824 1594.0949838152862 29.225000000000005 0.94704596667653973 1623.8147197468681 0.30164402523644185 0.17646842360078763 29.225000000000005 -0.51297720034420879 -0.65234524191686594 0 102.50000000000001 1 995.5100000000001 -0.048362832084465616 2 50.000000000010509 -0.8611288361322974 3 73.050000000000026 24.725000000000005 7.830000000000001
decision_type=2 2 2 2 2 2 2 2 2 2 2 2 2 2 2 2 2 2 2 2 2 2 2 2 2 2 2 2 2 2 2 2 9 2 9 2 2 9 2 2 9 2 2 2
left_child=1 3 4 6 10 -4 9 37 -9 -1 12 21 14 -14 15 16 17 -2 20 -16 -17 32 -23 -24 25 30 -7 28 -10 -5 -8 -28 33 34 -3 -34 -37 -6 39 -39 -13 43 -43 -42
right_child=2 11 5 29 7 26 24 8 27 -11 -12 40 13 -15 19 18 -18 -19 -20 -21 -22 22 23 -25 -26 -27 31 -29 -30 -31 -32 -33 35 -35 -36 36 -38 38 -40 -41 41 42 -44 -45
leaf_value=-3.9303730709168074 -0.24160523136607251 0.39733894262998831 0.51495620029076461 -1.8989812489796338 0.20083866909706558 4.2835289444797349 -1.4433246243905653 4.6743304931307099 0.22133842717876631 -2.5450497555117169 2.124271049010829 -0.077727204696932395 7.0794168074194088 0.21680989490204863 1.2664458254561202 0.38310482679735741 1.7972887545167566 0.78038982002726243 -0.68250621045985327 -0.65063144308215104 -0.30793302222846702 -1.5010682186211919 -0.3949745771015773 0.73382981780744216 -1.7386408199859624 -4.236993315545579 13.620518286551555 -1.542430137906333 4.559495008713788 0.61249391139041898 -0.13090337293169341 9.8335153155367667 -1.4104134412436411 0.67084598430496833 -1.409252800591587 -0.37132735279017426 -3.0408667774181297 -0.81906418135115244 1.623438826995889 1.50190678506709 -0.23752910932320673 -0.54121919496305959 -1.4396744147027505 -1.0880727438612723
leaf_weight=552 969 110 72 146 736 67 156 380 210 70 175 1463 82 317 340 415 68 1104 141 92 1071 186 279 189 195 31 455 80 53 91 119 126 470 91 303 269 94 80 1377 40 2245 219 96 190
leaf_count=552 969 110 72 146 736 67 156 380 210 70 175 1463 82 317 340 415 68 1104 141 92 1071 186 279 189 195 31 455 80 53 91 119 126 470 91 303 269 94 80 1377 40 2245 219 96 190
internal_value=-0.000419443 -0.00318835 0.00205879 -0.0082913 0.00145496 0.00853631 -0.00968035 0.00274923 0.00499516 -0.0116171 0.000652898 -0.00206912 0.00045922 0.00348785 0.00017071 -0.00018232 0.000720191 0.000454392 -0.00137177 0.00325619 -0.000866025 -0.00332078 -0.00141721 0.000442213 -0.00726801 -0.00518458 0.00943836 0.00160886 0.00323831 -0.00169549 -0.00407852 0.010191 -0.0042495 -0.00221163 -0.00373275 -0.00538726 -0.00333792 0.00202051 0.00279477 -0.00197336 -0.00147682 -0.00206406 -0.00489368 -0.00170506
internal_weight=16014 7564 8450 1360 7730 720 1123 2956 723 622 4774 6204 4599 399 4200 3768 2141 2073 1627 432 1486 1991 654 468 501 306 648 343 263 237 275 581 1337 504 413 833 363 2233 1497 120 4213 2750 315 2435
internal_count=16014 7564 8450 1360 7730 720 1123 2956 723 622 4774 6204 4599 399 4200 3768 2141 2073 1627 432 1486 1991 654 468 501 306 648 343 263 237 275 581 1337 504 413 833 363 2233 1497 120 4213 2750 315 2435
cat_boundaries=0 1 2 3 4
cat_threshold=12 1071112 2888707 1261706
is_linear=0
shrinkage=0.03


Tree=97
num_leaves=45
num_cat=5
split_feature=21 21 21 22 21 28 17 21 21 19 15 11 20 11 14 5 0 20 32 7 33 13 31 33 21 0 15 0 6 29 7 0 30 29 0 27 22 22 29 11 21 27 13 14
split_gain=114.246 45.3463 36.7913 12.8954 8.29607 6.09176 6.80677 5.95444 4.87651 4.76162 4.35559 4.16187 3.70835 6.27499 3.70014 3.69793 4.42221 3.83872 3.78724 4.90022 4.53175 3.69665 3.65773 4.12473 6.13766 3.6669 3.86436 3.33075 3.30312 3.29997 3.29436 3.2928 3.27259 3.23642 4.05223 3.83179 3.23345 3.19466 3.13019 4.2153 3.62467 3.16904 3.10408 3.35465
threshold=1500.5000000000002 750.50000000000011 4100.5000000000009 821.50000000000011 2298.5000000000005 25.075000000000006 -0.18704161936942101 695.50000000000011 1042.0350000000001 266.65000000000009 -0.98932651372861458 201.48000017230342 26.325000000000006 203.54009783963923 -0.65234524191686594 2.5000000000000004 0 21.953571428571433 135.25000000000003 278.50000000000006 3.4350000000000005 1623.8147197468681 42.250000000000014 2.2450000000000006 1651.5000000000002 1 -0.97315270831292444 2 1.5000000000000002 29.225000000000005 270.50000000000006 3 3.7500000000000004 27.825000000000006 4 31.125000000000004 2125.5700000000002 4000.5000000000005 24.425000000000004 195.18001458970846 3250.5000000000005 25.825000000000006 1607.0096188322539 0.93544191479114935
decision_type=2 2 2 2 2 2 2 2 2 2 2 2 2 2 2 2 9 2 2 2 2 2 2 2 2 9 2 9 2 2 2 9 2 2 9 2 2 2 2 2 2 2 2 2
left_child=1 3 4 7 9 38 -7 42 10 22 -3 -11 -8 -14 21 16 -10 -17 27 20 31 -4 25 24 -24 26 -2 32 -12 -5 -13 -20 -19 34 -30 -35 -27 -23 39 40 -6 -40 -1 -44
right_child=2 8 14 29 5 6 12 -9 15 11 28 30 13 -15 -16 17 -18 18 19 -21 -22 37 23 -25 -26 36 -28 -29 33 -31 -32 -33 -34 35 -36 -37 -38 -39 41 -41 -42 -43 43 -45
leaf_value=-3.8124618787893017 -0.46646647021457965 0.88074411103322059 6.6301388382241697 -1.8420118115102433 0.86680275771323978 4.0273029771289517 -0.14556633684197096 -1.5385229523178805 0.16667468866818352 3.3706496677954374 1.3996714748862746 -1.4740002890917991 4.177702654738507 -0.53435538690437623 7.928838177004061 -1.7422439608641207 -0.31359328916773505 -0.021886941796774407 0.2516371453189663 1.602448441885433 -1.2505614802989804 9.0927272161066401 1.5480807847931737 -0.48168422542505596 -0.33726756685618281 0.033264605412709897 0.41236765926603763 -0.54424945657194024 -0.74325618395528636 0.594119094048707 7.3679150105457376 -0.85350773386609713 0.49282494652538161 -0.28101953996614837 -1.3456768316386962 -1.3275237778731326 -1.1102270346580168 13.487226452452848 -0.00040231686566130517 0.90629865928586462 4.8029821330172444 5.6890811654181785 -2.7444094117818234 -2.6900512062143163
leaf_weight=508 157 44 75 146 347 452 260 485 980 80 54 36 66 45 162 282 1234 479 122 23 190 87 53 273 63 1364 2149 589 377 91 24 221 93 782 648 86 304 396 837 1018 175 27 67 63
leaf_count=508 157 44 75 146 347 452 260 485 980 80 54 36 66 45 162 282 1234 479 122 23 190 87 53 273 63 1364 2149 589 377 91 24 221 93 782 648 86 304 396 837 1018 175 27 67 63
internal_value=-0.000430683 -0.00310903 0.00196649 -0.00807073 0.00136182 0.00252301 0.00475276 -0.00941323 -0.00202076 0.000528969 -0.00324544 0.0059743 0.00172999 0.00631863 0.00845299 -0.00144122 -0.000594824 -0.00237707 -0.00184148 -0.0038788 -0.0044682 0.00961656 0.000353418 -0.00242097 0.00229974 0.000625802 0.00139761 -0.000862975 -0.00345745 -0.00169549 0 -0.0023958 0.000767909 -0.003667 -0.00481124 -0.00231195 -0.000445146 0.0105817 0.00175825 0.00256931 0.00476346 0.000308992 -0.0113258 -0.00712529
internal_weight=16014 7564 8450 1360 7730 3227 823 1123 6204 4503 1991 140 371 111 720 4213 2214 1999 1717 556 533 558 4363 389 116 3974 2306 1161 1947 237 60 343 572 1893 1025 868 1668 483 2404 1540 522 864 638 130
internal_count=16014 7564 8450 1360 7730 3227 823 1123 6204 4503 1991 140 371 111 720 4213 2214 1999 1717 556 533 558 4363 389 116 3974 2306 1161 1947 237 60 343 572 1893 1025 868 1668 483 2404 1540 522 864 638 130
cat_boundaries=0 1 2 3 4 5
cat_threshold=214155 28406 1360616 608402 555032
is_linear=0
shrinkage=0.03


Tree=98
num_leaves=45
num_cat=6
split_feature=21 21 21 22 21 23 25 7 21 23 21 17 0 17 7 11 7 33 5 0 13 0 16 17 29 11 0 20 7 32 33 11 0 25 20 25 21 27 15 0 20 15 29 11
split_gain=108.338 44.0559 36.4111 12.2765 8.13573 6.58397 6.37559 6.77569 5.96542 5.48075 5.05822 4.86011 4.23932 4.09773 4.88933 3.59276 5.70216 3.51854 3.48992 4.11126 3.47998 3.4144 3.34427 7.80083 3.29997 3.26737 3.25234 3.13442 3.70044 4.18638 4.95558 3.36259 3.12968 3.10636 3.07247 3.57388 3.25264 3.06772 3.05192 2.97637 2.90448 2.71672 2.6934 3.1536
threshold=1500.5000000000002 750.50000000000011 4100.5000000000009 821.50000000000011 3400.5000000000005 3650.5000000000005 24.825000000000006 53.500000000000007 670.50000000000011 775.50000000000011 1042.0350000000001 -0.99763124042248752 0 0.28931730210571233 153.50000000000003 234.2668401224241 243.50000000000003 1.9850000000000001 2.5000000000000004 1 1623.8147197468681 2 0.89693165594635726 0.052657569964411031 29.225000000000005 1098.0225530041132 3 22.089285714285719 278.50000000000006 135.25000000000003 3.4350000000000005 226.97938025123761 4 25.225000000000005 20.596428571428575 19.875000000000004 1327.5000000000002 18.050000000000004 -0.77243990499604276 5 29.482142857142865 0.99681593486783593 27.725000000000005 50.000000000010509
decision_type=2 2 2 2 2 2 2 2 2 2 2 2 9 2 2 2 2 2 2 9 2 9 2 2 2 2 9 2 2 2 2 2 9 2 2 2 2 2 2 9 2 2 2 2
left_child=1 3 4 8 11 -4 7 -6 9 -1 13 -2 25 -3 -15 16 -9 -16 19 -12 -7 -17 42 33 -5 37 -19 34 29 32 39 -30 -29 -24 35 -20 -37 -13 40 -31 -10 -21 43 -14
right_child=2 10 5 24 6 20 -8 15 38 -11 18 12 22 14 17 21 -18 26 27 41 -22 -23 23 -25 -26 -27 -28 28 31 30 -32 -33 -34 -35 -36 36 -38 -39 -40 -41 -42 -43 -44 -45
leaf_value=-3.7221905903433297 7.8902562106982845 -0.93791018125034264 2.9225435768535268 -1.7867514571649359 7.2270555398802117 3.3626124033398082 4.433282595570363 -1.3790993992016343 -1.1208204010693577 -2.3879967266599351 0.1616744480081411 -1.0487961870556659 -0.327408382994339 0.88540312036441493 2.120878851491383 2.2026704443954803 4.3543113164487837 -1.0074453793313978 -2.306866698889686 -0.3363714943306445 12.433033235873781 -1.0690306620974614 -0.20735510324375467 1.9792898510513897 0.57629552122724703 18.582718093057785 -0.16109545610823317 -0.68221196088810865 2.0526719986974329 0.27321657239807789 -1.2130446358900109 -0.3591761706560328 0.044587557261691016 2.1302394273208392 -2.0866913724784353 0.48491635374383346 -1.3825163644849634 0.018919898159020929 -1.7376629576706779 -0.88415170552116251 0.45799977153694837 0.89805399470785452 0.96205052442515127 0.32114255882500853
leaf_weight=517 57 1397 91 146 61 64 256 66 65 66 980 64 226 154 26 215 180 216 52 1187 565 189 256 267 91 24 198 374 49 115 190 57 683 86 179 50 22 3094 436 228 39 47 266 2423
leaf_count=517 57 1397 91 146 61 64 256 66 65 66 980 64 226 154 26 215 180 216 52 1187 565 189 256 267 91 24 198 374 49 115 190 57 683 86 179 50 22 3094 436 228 39 47 266 2423
internal_value=-0.00041757 -0.00302574 0.00191678 -0.00791633 0.00131525 0.00836967 0.00388998 0.0024216 -0.00922625 -0.0113394 -0.00195306 0.000946607 0.000871893 -0.00320024 -0.00110587 0.00151823 0.00437627 -0.00271984 -0.00136289 -0.000540626 0.00946113 -0.000215293 0.00158654 0.00361517 -0.00169549 7.42458e-05 -0.00339773 -0.00227202 -0.00176699 -0.00213005 -0.00429938 0.0036475 -0.00103301 0.000605086 -0.00508743 -0.00142627 0.00287101 -8.54944e-06 -0.0069376 -0.00213349 -0.00227666 -0.00168556 0.00116703 0.000876524
internal_weight=16014 7564 8450 1360 7730 720 967 711 1123 583 6204 6763 6706 1991 594 650 246 440 4213 2214 629 404 3524 609 237 3182 414 1999 1696 1590 533 106 1057 342 303 124 72 3158 540 343 104 1234 2915 2649
internal_count=16014 7564 8450 1360 7730 720 967 711 1123 583 6204 6763 6706 1991 594 650 246 440 4213 2214 629 404 3524 609 237 3182 414 1999 1696 1590 533 106 1057 342 303 124 72 3158 540 343 104 1234 2915 2649
cat_boundaries=0 1 2 3 4 5 6
cat_threshold=3003393 214155 1140968 2133013 726039 67762
is_linear=0
shrinkage=0.03


Tree=99
num_leaves=45
num_cat=2
split_feature=22 22 10 12 16 10 17 11 12 14 32 20 20 17 16 16 19 19 0 16 14 22 20 27 32 15 16 33 27 3 27 27 32 20 14 27 14 33 18 16 10 22 20 29
split_gain=101.63 36.3179 33.6567 8.15014 9.02882 7.45238 10.4697 7.25861 6.01205 6.26819 5.91188 5.49723 5.16399 4.68381 9.17525 7.2956 5.61263 7.30481 5.51799 4.65253 4.5703 5.77128 5.19311 9.51029 5.16075 4.49384 6.01625 7.23173 6.85647 6.0271 4.31333 4.12973 4.42089 4.10598 4.05754 3.95881 4.32234 3.94671 6.35703 4.97331 4.6769 5.35213 3.86154 5.63859
threshold=1377.5000000000002 725.50000000000011 4056.428571428572 688.50000000000011 0.89404822654372251 2250.0714285714289 0.44313120970497338 166.13935486062627 3212.6000000000004 -0.861146256326485 348.45000000000005 26.51071428571429 23.132142857142863 0.052657569964411031 0.92273069556937592 0.75011860976965206 5.6499999999999995 6.9499999999999975 0 -0.99629805505515945 0.98049069993378934 945.50000000000011 23.18214285714286 22.125000000000004 0.69999999999999962 0.31595530242620651 0.18281681932135149 3.3950000000000005 23.925000000000004 1 19.875000000000004 20.025000000000002 2.049999999999994 24.610714285714288 0.48314048284850658 19.725000000000005 0.28519915169571858 4.0250000000000012 3.3000000000000127 0.99351232050787985 2677.2142857142862 2650.5000000000005 21.267857142857146 21.725000000000005
decision_type=2 2 2 2 2 2 2 2 2 2 2 2 2 2 2 2 2 2 9 2 2 2 2 2 2 2 2 2 2 9 2 2 2 2 2 2 2 2 2 2 2 2 2 2
left_child=1 3 5 34 -5 10 7 -7 9 -4 13 31 -10 18 15 16 30 -18 -2 -3 22 -22 23 35 -23 26 28 33 -24 -30 -15 -8 -33 -28 -1 -21 -37 39 40 -9 -39 -42 -25 -44
right_child=2 19 8 4 -6 6 11 37 12 -11 -12 -13 -14 14 -16 -17 17 -19 -20 20 21 24 25 42 -26 -27 27 -29 29 -31 -32 32 -34 -35 -36 36 -38 38 -40 -41 41 -43 43 -45
leaf_value=-0.79119275936149158 0.12340233863977687 -1.4482790665416541 7.0193624530709524 -1.3102984285313994 -4.1189282874870852 2.5490003567416033 4.7371215874837977 3.0708018185599939 7.4753438765745246 -6.5447905058958167 5.7951907223189432 2.1745345896974024 10.439358850205316 -0.4397074193326273 1.6908201665585874 -0.5496071462652139 -1.5658679247556393 0.063368911339870229 -0.56455840997410744 -2.4410482294821758 -1.7619702356497089 0.26141335864448706 1.2550597885474575 -3.0567082782434793 -2.0978823975283332 0.51774189052503006 0.034092836510092185 -1.130143318777965 -0.27681603031298208 0.71427110031377872 1.1856866508123232 -2.4823642167807689 -0.088259549857270941 -0.69722846487483248 -3.5864223047153221 -1.0556716119492204 0.46492999632937654 -0.10749534017699261 -1.7610622835294247 -1.6920833841828515 7.2411763738448274 3.3284523543964224 -0.3521076775145161 -2.2020148169615732
leaf_weight=58 1034 125 23 557 97 521 73 541 229 31 79 70 521 142 326 281 141 1642 920 122 368 238 114 99 232 326 469 541 1760 182 816 120 934 190 368 162 156 345 146 29 77 411 183 215
leaf_count=58 1034 125 23 557 97 521 73 541 229 31 79 70 521 142 326 281 141 1642 920 122 368 238 114 99 232 326 469 541 1760 182 816 120 934 190 368 162 156 345 146 29 77 411 183 215
internal_value=-0.000404456 -0.00327289 0.00158663 -0.00830201 -0.00618713 0.00104034 0.00217073 0.00346215 0.00745803 -0.00216266 0.000353459 -6.01454e-05 0.00815491 0.000231418 0.000913055 0.000396082 0.000868994 -0.000124502 -0.000934957 -0.00228143 -0.00214706 -0.00418446 -0.00176849 -0.0037584 -0.00197192 -0.00124703 -0.0015838 -0.00327223 -0.000596761 -0.00101797 0.00272101 -0.000569603 -0.00105018 -0.00115612 -0.0115395 -0.000538514 0.0012166 0.00242851 0.00126851 0.00441501 0.00228304 0.00417333 -0.00660229 -0.00526752
internal_weight=16014 6562 9452 1080 654 8648 3267 2070 804 54 5381 1197 750 5302 3348 3022 2741 1783 1954 5482 5357 838 4519 937 470 3582 3256 1200 2056 1942 958 1127 1054 659 426 440 318 1549 979 570 833 488 497 398
internal_count=16014 6562 9452 1080 654 8648 3267 2070 804 54 5381 1197 750 5302 3348 3022 2741 1783 1954 5482 5357 838 4519 937 470 3582 3256 1200 2056 1942 958 1127 1054 659 426 440 318 1549 979 570 833 488 497 398
cat_boundaries=0 1 2
cat_threshold=1198330 2
is_linear=0
shrinkage=0.03


Tree=100
num_leaves=45
num_cat=5
split_feature=22 22 23 22 16 0 15 31 22 28 27 15 16 20 7 11 23 3 11 0 0 20 11 14 28 18 32 0 29 20 17 22 33 27 28 32 24 32 7 20 20 17 5 16
split_gain=89.9175 33.2786 25.0699 8.23642 5.07089 5.5011 5.00481 8.73175 8.14555 4.82594 9.1498 7.07784 4.73663 6.56004 4.65296 4.78899 4.63329 4.61414 7.16529 5.39752 4.48449 4.24628 3.9934 4.02749 3.88612 5.24804 3.86916 3.85363 3.76971 3.74465 3.74386 3.59004 3.40376 4.16941 4.04941 3.2507 3.23499 3.63142 3.22471 3.21977 3.19817 3.12552 3.33191 3.08888
threshold=1450.5000000000002 743.00000000000011 3150.5000000000005 4150.5000000000009 0.90892735371523092 0 -0.73865259438682551 70.65000000000002 927.50000000000011 24.425000000000004 23.925000000000004 0.71952396275653763 -0.93197223986804445 29.51071428571429 252.50000000000003 326.55033155722759 830.50000000000011 1 312.61047453110206 2 3 22.217857142857145 75.592894601844293 0.8697513045430848 24.625000000000004 119.85000000000001 54.750000000000007 4 29.275000000000002 19.875000000000004 -0.99140057354994637 577.50000000000011 5.6050000000000013 24.575000000000006 26.025000000000002 0.19999999999999471 1776.5050000000003 1.2000000000000006 2.5000000000000004 28.503571428571433 24.38571428571429 -0.26037588076992096 1.0000000180025095e-35 -0.97876850416056738
decision_type=2 2 2 2 2 9 2 2 2 2 2 2 2 2 2 2 2 9 2 9 9 2 2 2 2 2 2 9 2 2 2 2 2 2 2 2 2 2 2 2 2 2 2 2
left_child=1 4 12 9 5 39 7 27 17 10 11 -4 21 20 -12 -16 31 19 -19 -8 32 -2 -22 -24 25 40 -5 -3 -21 -10 -28 -7 -14 -34 -35 -31 37 -25 -37 -1 -9 -23 -43 -33
right_child=2 6 3 26 -6 16 8 24 29 -11 14 -13 13 -15 15 -17 -18 18 -20 28 22 41 23 36 -26 -27 30 -29 -30 35 -32 43 33 34 -36 38 -38 -39 -40 -41 -42 42 -44 -45
leaf_value=0.04773951463409503 -2.9111406634511217 -0.31634225132344224 6.4062823952012735 6.5367914190575993 -4.5170429279513646 -4.812170619955408 0.62887290924035366 0.43877227906624622 1.5685897338443329 3.5844966038439043 -1.515502239152329 1.6905556881357393 0.013234610854908624 2.1072347500028625 4.6190243124211721 -3.3000690867654021 -1.0926173880578283 -1.4922367507774419 2.8773903919839654 -1.6529082418058203 -0.04745995537782164 -1.7932388541277975 0.75740770541747793 -0.023972157861278445 -0.93275672873243587 -0.94571681364530547 0.47167768608861477 0.22412262637676916 0.51957019016928707 -0.077020504422918065 11.7468614732914 -2.4477018089382239 2.8295742743074697 -2.5196886575318351 -0.28848051257430596 2.1915031234972049 -0.63376554802795226 2.5571819048063591 -0.59403693291070681 -1.824942200188189 -0.37572731451380831 5.0516570770778708 -0.09314523562100703 -1.3800182638373553
leaf_weight=104 135 449 217 223 81 167 118 62 63 502 105 416 1648 153 90 89 100 598 21 287 972 38 2938 94 173 102 41 898 47 864 389 61 25 84 117 21 228 33 2260 138 93 47 328 445
leaf_count=104 135 449 217 223 81 167 118 62 63 502 105 416 1648 153 90 89 100 598 21 287 972 38 2938 94 173 102 41 898 47 864 389 61 25 84 117 21 228 33 2260 138 93 47 328 445
internal_value=-0.000371449 -0.00287706 0.00163901 0.00453019 -0.00768817 -0.00710472 -0.00200575 -0.000665129 -0.00256175 0.0032429 0.00194308 0.00395198 0.000762708 0.000996011 -0.00252376 0.00040201 -0.00832844 -0.00482868 -0.00650453 -0.00233066 0.000842469 -0.00191024 0.00137821 0.0018803 -0.00438735 -0.00203034 0.007322 0.000521119 -0.0042633 -0.00180387 0.00899093 -0.00933294 -0.000380553 -0.00383459 -0.00528095 -0.0019497 -0.00113208 0.00269079 -0.00254351 -0.00272511 0.00143133 -0.000392157 0.000431885 -0.00805572
internal_weight=16064 7152 8912 2072 1096 1015 6056 1777 4279 1419 917 633 6840 6292 284 179 773 1071 619 452 6139 548 4265 3293 430 257 653 1347 334 3208 430 673 1874 226 201 3145 355 127 2281 242 155 413 375 506
internal_count=16064 7152 8912 2072 1096 1015 6056 1777 4279 1419 917 633 6840 6292 284 179 773 1071 619 452 6139 548 4265 3293 430 257 653 1347 334 3208 430 673 1874 226 201 3145 355 127 2281 242 155 413 375 506
cat_boundaries=0 1 2 3 4 5
cat_threshold=1064999 12 18592 3969537 2105398
is_linear=0
shrinkage=0.03


Tree=101
num_leaves=45
num_cat=3
split_feature=21 21 21 22 20 21 21 15 7 0 11 21 17 16 17 31 7 20 19 7 20 5 20 32 33 31 33 19 10 5 12 15 31 33 15 7 0 0 31 19 26 25 16 20
split_gain=89.7928 37.1015 31.5518 12.4091 5.69741 5.13764 5.02481 6.7406 7.26096 5.00137 4.64618 4.27141 4.46236 4.90143 9.39332 8.25185 4.35313 6.391 3.95795 5.33302 4.38098 3.76994 4.84406 4.6778 3.85127 3.8159 4.05061 5.75479 3.87159 3.76758 3.75367 6.45665 3.57395 3.46803 3.60115 3.38483 3.35173 3.28753 3.26692 3.18538 3.48408 3.13513 3.08978 3.58707
threshold=1450.5000000000002 725.50000000000011 3910.0000000000005 821.50000000000011 22.446428571428577 4495.0000000000009 1020.4050000000001 -0.78324956448884031 153.50000000000003 0 234.2668401224241 1776.5050000000003 -0.99763124042248752 0.92919371535393525 0.14889004263668562 27.250000000000011 49.500000000000007 20.503571428571433 293.35000000000008 285.50000000000006 24.967857142857149 3.5000000000000004 21.907142857142862 133.05000000000004 3.0650000000000004 75.649999999999991 3.9300000000000002 6.3499999999999979 1592.5714285714287 1.5000000000000002 688.50000000000011 0.53312596302726967 40.649999999999999 2.5050000000000003 0.054805126479326886 3.5000000000000004 1 2 1.0000000180025095e-35 156.85000000000002 16.850000000000005 16.450000000000003 -0.90893575921103265 24.996428571428577
decision_type=2 2 2 2 2 2 2 2 2 9 2 2 2 2 2 2 2 2 2 2 2 2 2 2 2 2 2 2 2 2 2 2 2 2 2 2 9 9 2 2 2 2 2 2
left_child=1 3 11 30 -4 10 7 8 -3 -9 32 35 -13 18 15 16 17 -15 41 20 -20 25 -23 -24 39 26 27 -8 -28 -18 -1 -32 -6 -12 -35 -2 -29 38 -37 -25 -41 -14 -36 -44
right_child=2 6 4 -5 5 -7 21 9 -10 -11 33 12 13 14 -16 -17 29 -19 19 -21 -22 22 23 24 -26 -27 28 36 -30 -31 31 -33 -34 34 42 37 -38 -39 -40 40 -42 -43 43 -45
leaf_value=-3.1178437541313397 5.1100877539632368 1.1639762063354453 -0.49329401789575511 -0.15907489131263161 5.7726518394104094 16.707926560239706 1.7411889859919005 -1.1064906459912527 -0.54350925829483288 -0.8938609231448561 -2.1176579220730081 7.7189854791961414 -2.5221894886917298 -2.8406048705245301 2.9429717667653414 3.4090186486747007 0.84642824870913502 2.8697205464875832 -0.31414740078864495 -3.4658881274771329 9.3244875202571134 -2.1616649467220044 -0.068555118990706196 -0.99286732785265708 -1.4774908439418504 -0.54083261949560435 -0.13509714931117742 -0.84392917508735532 -2.2755712213700825 -0.8752816805038901 -1.2726790201588971 -4.3194961511660068 1.7610717141056875 11.352748770750521 6.1662296495825242 -0.54092553302567348 0.20706043594705534 -0.11549348608771878 0.46465495931324197 0.87497999615044819 -0.92763926921366302 0.56084195259028091 -1.5022851460228912 3.8944556290926537
leaf_weight=412 33 115 97 160 141 378 95 448 344 1309 27 64 34 42 260 101 116 170 286 79 38 148 654 27 179 320 1506 131 140 228 394 96 49 43 74 236 577 1526 512 66 42 4213 103 51
leaf_count=412 33 115 97 160 141 378 95 448 344 1309 27 64 34 42 260 101 116 170 286 79 38 148 654 27 179 320 1506 131 140 228 394 96 49 43 74 236 577 1526 512 66 42 4213 103 51
internal_value=-0.000399462 -0.00289986 0.00161238 -0.00807551 0.00674073 0.00751299 -0.00199833 -0.0031393 9.14833e-05 -0.00398498 0.00546404 0.000989783 0.00143524 0.00134397 0.00334969 0.00143357 0 0.00338048 0.000947722 -0.00189035 -0.000175872 -0.00134668 -0.00281964 -0.00204214 -0.00505253 -0.000751869 -0.000347883 0.00139709 -0.00120102 -0.0020837 -0.0094413 -0.00764538 0.0091373 0.00310969 0.00413869 -9.62247e-05 0.000461799 -0.000236137 0.00138108 -0.00119911 0.00108233 0.00121777 0.00261727 0.000175211
internal_weight=16064 7163 8901 1062 963 866 6101 2216 459 1757 488 7938 5631 5567 917 657 556 212 4650 403 324 3885 1116 968 314 2769 2449 803 1646 344 902 490 190 298 271 2307 708 2274 748 135 108 4247 228 154
internal_count=16064 7163 8901 1062 963 866 6101 2216 459 1757 488 7938 5631 5567 917 657 556 212 4650 403 324 3885 1116 968 314 2769 2449 803 1646 344 902 490 190 298 271 2307 708 2274 748 135 108 4247 228 154
cat_boundaries=0 1 2 3
cat_threshold=2654340 2101268 206020
is_linear=0
shrinkage=0.03


Tree=102
num_leaves=45
num_cat=5
split_feature=21 21 21 12 15 0 20 21 11 21 21 15 7 16 16 33 25 33 0 12 17 0 24 31 7 15 20 15 14 31 24 20 12 0 8 16 20 31 12 15 0 7 33 16
split_gain=84.2689 35.568 32.3325 8.20041 9.76692 5.7551 5.5949 5.12771 5.50656 4.84419 4.63099 7.12808 6.91276 4.2759 7.63637 7.75485 4.40896 5.52072 5.29889 5.14968 4.40981 4.17381 4.09893 4.45324 3.94429 3.87449 6.58013 3.86534 3.78912 3.64397 3.59093 3.66314 4.45289 3.52393 3.43931 4.43472 3.35947 3.24916 3.24829 3.09805 3.04236 3.0301 3.63877 2.82931
threshold=1410.5000000000002 725.50000000000011 3910.0000000000005 688.50000000000011 0.53312596302726967 0 22.446428571428577 4650.5000000000009 234.2668401224241 1776.5050000000003 1042.0350000000001 -0.78324956448884031 153.50000000000003 0.96522610578843548 0.99898004730802425 5.6050000000000013 25.525000000000002 4.4650000000000007 1 1477.9333333333336 -0.99763124042248752 2 4550.5000000000009 59.100000000000023 3.5000000000000004 -0.85225707553516283 25.575000000000006 -0.98932651372861458 -0.95244167294248061 1.0000000180025095e-35 1898.6550000000002 23.864285714285717 1899.3833333333334 3 1.0000000180025095e-35 0.98519415784776321 25.146428571428576 42.250000000000014 2056.5000000000005 -0.97696767110351213 4 32.500000000000007 5.9400000000000004 0.9962888416657264
decision_type=2 2 2 2 2 9 2 2 2 2 2 2 2 2 2 2 2 2 9 2 2 9 2 2 2 2 2 2 2 2 2 2 2 9 2 2 2 2 2 2 9 2 2 2
left_child=1 3 9 -1 5 -5 -4 8 37 24 11 12 -3 16 15 34 17 20 -19 -18 -11 -13 23 28 -2 26 -22 -21 -10 -26 31 32 40 -33 -15 -36 -30 -8 -27 -14 -31 -29 -43 -12
right_child=2 10 6 4 -6 -7 7 -9 22 13 43 21 39 14 -16 -17 19 18 -20 27 25 -23 -24 -25 29 38 -28 41 36 30 -32 33 -34 -35 35 -37 -38 -39 -40 -41 -42 42 -44 -45
leaf_value=-3.0438937750348032 4.2244058193849972 1.1290569201453831 -0.47849519735888862 0.15781720359729887 -4.2305761942941036 -1.2218071404852844 6.7910849607092221 18.994966395907024 7.8107044449541627 7.487415914820251 -0.25972382810871408 -1.0518660207500148 0.5098020466895048 3.4261161348167479 -0.84030003287549782 -0.62725979818733324 -0.72261085444676831 0.22509448054899506 -1.378252280554932 -0.73484575725785362 -0.54098372865884359 -0.8705318943989141 9.4648215716894537 -4.6776048088087236 -0.68776861677443324 -0.0021235431847549079 1.2621234204281335 -0.42910651179420256 0.073741050405988065 -0.036799730689642728 1.2342224851779098 -0.14913936576192441 1.8730873390797875 0.29838810851733566 5.9645328905464812 -0.93115525692562184 19.318612497336797 1.70823956268252 1.1963453101728305 -0.68223927204297463 -0.9841620478843629 2.4278025777196035 0.51821769752640645 0.46730734027587001
leaf_weight=417 38 115 97 117 107 421 171 266 71 62 3470 379 94 370 100 91 81 510 321 76 397 1423 63 32 849 890 85 26 187 114 156 386 48 830 20 41 23 53 1848 266 159 490 223 81
leaf_count=417 38 115 97 117 107 421 171 266 71 62 3470 379 94 370 100 91 81 510 321 76 397 1423 63 32 849 890 85 26 187 114 156 386 48 830 20 41 23 53 1848 266 159 490 223 81
internal_value=-0.000405065 -0.00291244 0.00147775 -0.00796253 -0.00583165 -0.0041758 0.00667843 0.00744371 0.00589402 0.000867362 -0.00199156 -0.00304861 0.000214692 0.00136066 0.00370841 0.00516568 0.00106846 0.000652063 -0.0015305 0.00297623 0.00120563 -0.00391044 0.00366126 0.0022421 -0.000208131 0.00105183 -0.00142502 0.00369525 0.00345784 -0.000352858 0.000450062 7.80691e-06 -0.00284024 0.000762273 0.0068476 0.000196399 0.00141361 0.00962517 0.00148899 -0.00182449 -0.00432808 0.00435936 0.00472865 -0.00131283
internal_weight=16064 6890 9174 1062 645 538 963 866 600 8211 5828 2277 475 5631 622 522 5009 4113 831 896 3282 1802 376 313 2580 3220 482 815 281 2542 1693 1537 321 1216 431 61 210 224 2738 360 273 739 713 3551
internal_count=16064 6890 9174 1062 645 538 963 866 600 8211 5828 2277 475 5631 622 522 5009 4113 831 896 3282 1802 376 313 2580 3220 482 815 281 2542 1693 1537 321 1216 431 61 210 224 2738 360 273 739 713 3551
cat_boundaries=0 1 2 3 4 5
cat_threshold=16548 312547 2130052 2111498 74922
is_linear=0
shrinkage=0.03


Tree=103
num_leaves=45
num_cat=3
split_feature=21 21 21 21 22 15 7 7 20 31 0 7 7 23 27 28 7 27 7 12 28 12 15 7 33 31 7 15 12 31 20 20 21 24 7 27 16 15 0 12 31 32 19 0
split_gain=79.9731 39.5576 19.8839 14.8218 12.1463 6.9869 6.80987 6.14589 5.62684 5.53969 4.38994 4.22521 3.98277 3.87881 3.70593 4.70591 4.22242 6.54212 3.61612 3.82079 3.55651 3.34547 6.44507 3.34502 3.34279 5.52644 6.11923 4.52496 3.37018 3.6024 3.34304 7.63923 3.33164 3.3179 3.31572 3.16698 3.06792 3.02255 2.95427 2.9502 3.21765 2.93902 5.04154 2.79096
threshold=1042.0350000000001 3997.2150000000006 715.50000000000011 1690.5000000000002 821.50000000000011 -0.78324956448884031 153.50000000000003 3.5000000000000004 22.446428571428577 59.100000000000023 0 254.50000000000003 30.500000000000004 1849.7150000000004 18.225000000000005 20.025000000000002 360.50000000000006 22.575000000000006 273.50000000000006 3859.3333333333335 20.175000000000004 688.50000000000011 0.53312596302726967 302.50000000000006 3.1050000000000004 64.15000000000002 256.50000000000006 -0.94426098523567992 1697.1333333333334 78.600000000000009 21.803571428571434 20.596428571428575 4450.5000000000009 4550.5000000000009 334.50000000000006 29.525000000000002 -0.98214488425316759 -0.98372925196996197 1 820.90000000000009 0.69999999999998674 321.05000000000001 12.450000000000003 2
decision_type=2 2 2 2 2 2 2 2 2 2 9 2 2 2 2 2 2 2 2 2 2 2 2 2 2 2 2 2 2 2 2 2 2 2 2 2 2 2 9 2 2 2 2 9
left_child=2 3 4 7 21 6 -4 -2 -3 11 -7 -10 13 -9 -5 -16 20 -18 -13 23 -17 -1 35 -20 27 30 -27 -14 29 -29 31 -26 33 -11 -32 43 38 -38 -22 40 -12 42 -8 -23
right_child=1 8 5 14 -6 10 41 12 9 32 39 18 24 -15 15 16 17 -19 19 -21 36 22 -24 -25 25 26 -28 28 -30 -31 34 -33 -34 -35 -36 -37 37 -39 -40 -41 -42 -43 -44 -45
leaf_value=-3.1346123911002164 2.7841867511490204 -0.51513216711886345 1.0951852125410233 -0.89925858394794544 0.01672967766731176 -1.0145171703325502 -0.71906018247899739 -1.4487387827599401 -1.2001336276462189 -4.8035371037572849 -1.2861550001331681 13.476917120604309 -0.28868585764998556 4.589494928275192 2.6679617992469447 -1.727524887957586 -1.3234978962398645 8.3085908394461825 14.630490772489292 10.64439046778436 0.45998551333964088 -1.1830155726978295 -4.1036589084652793 1.3664960107440969 0.45799251820659265 -1.1298326628193103 0.86471266218361276 0.47002692762611897 2.4279760295234198 -0.2176773091871155 -0.12725484917582208 -2.0444214011243775 3.4792313523530312 2.9001371878738698 1.1901939847975722 -2.3652489738159455 -0.21873386852925022 0.60568216462587765 -2.5961637864710179 -0.75521239610631485 -0.49119490624633155 -0.85980115305626492 0.59388454464720208 -0.31266293602688733
leaf_weight=398 50 94 117 140 144 479 178 331 21 39 193 114 398 22 272 103 23 61 77 409 108 112 95 116 111 239 37 370 109 205 3122 242 33 27 215 107 393 5115 129 1102 82 76 108 148
leaf_count=398 50 94 117 140 144 479 178 331 21 39 193 114 398 22 272 103 23 61 77 409 108 112 95 116 111 239 37 370 109 205 3122 242 33 27 215 107 393 5115 129 1102 82 76 108 148
internal_value=-0.000399462 0.000684631 -0.00453176 0.000214665 -0.00806394 -0.00301143 0.000212899 -0.000932289 0.00664122 0.00742375 -0.00384516 0.00831909 -0.00102979 -0.00411215 0.00120064 0.00130994 0.00113231 0.00781213 0.00870968 0.00776781 0.00103572 -0.00941402 -0.00765419 0.00425686 -0.000813573 -0.00121706 -0.00531329 0.0006626 0.00214442 0.00122066 -0.000909731 -0.00368734 0.000726539 -0.00313162 -0.000614905 -0.00583492 0.00113523 0.00127939 -0.0022016 -0.00290678 -0.00571429 -0.00181442 -0.000408948 -0.00402537
internal_weight=16064 12725 3339 11795 1004 2335 479 5451 930 836 1856 737 5401 353 6344 6204 5932 84 716 602 5848 860 462 193 5048 3966 276 1082 684 575 3690 353 99 66 3337 367 5745 5508 237 1377 275 362 286 260
internal_count=16064 12725 3339 11795 1004 2335 479 5451 930 836 1856 737 5401 353 6344 6204 5932 84 716 602 5848 860 462 193 5048 3966 276 1082 684 575 3690 353 99 66 3337 367 5745 5508 237 1377 275 362 286 260
cat_boundaries=0 1 2 3
cat_threshold=2654340 19554 2636800
is_linear=0
shrinkage=0.03


Tree=104
num_leaves=45
num_cat=3
split_feature=21 21 21 22 21 21 11 20 7 25 27 31 17 7 17 17 0 31 19 13 16 20 27 13 17 27 7 16 20 26 20 0 7 22 25 26 20 27 0 25 16 27 7 16
split_gain=79.1936 37.2542 19.6491 12.0564 10.4972 8.70031 7.0151 5.62778 5.44427 4.93711 6.23111 4.73688 4.592 6.25349 4.13 4.07138 4.04781 4.03884 5.44645 4.03882 4.68208 3.94742 3.85707 3.3938 3.15573 4.41074 3.88622 3.09706 3.05816 3.80353 4.02705 2.95043 2.76511 2.85049 2.75928 2.73909 3.06992 5.24456 4.51637 3.83245 4.57946 4.10654 2.7314 2.70838
threshold=1042.0350000000001 3395.0000000000005 715.50000000000011 821.50000000000011 1690.5000000000002 4495.0000000000009 229.12878474779112 22.446428571428577 3.5000000000000004 24.475000000000005 24.025000000000002 93.950000000000031 0.21652658465572394 153.50000000000003 -0.99763124042248752 -0.99864786094873803 0 6.250000000000008 303.85000000000008 1549.556683986774 0.90892735371523092 24.696428571428577 29.525000000000002 1594.0949838152862 -0.029024744910506859 23.925000000000004 291.50000000000006 -0.95753797188986722 22.217857142857145 1.0000000180025095e-35 20.503571428571433 1 268.50000000000006 1610.5000000000002 16.450000000000003 15.100000000000001 25.460714285714293 25.575000000000006 2 24.125000000000004 0.41203339881415796 24.525000000000002 230.50000000000003 -0.99629805505515945
decision_type=2 2 2 2 2 2 2 2 2 2 2 2 2 2 2 2 9 2 2 2 2 2 2 2 2 2 2 2 2 2 2 9 2 2 2 2 2 2 9 2 2 2 2 2
left_child=2 4 3 19 8 6 11 -7 -2 10 -8 24 31 23 -6 -10 28 -15 -19 -1 22 -13 -21 -14 25 -3 -27 -12 29 30 -17 -4 42 -34 -16 36 39 -38 -39 40 -36 -41 -30 -33
right_child=1 5 12 -5 14 7 9 -9 15 -11 27 21 13 17 34 16 -18 18 -20 20 -22 -23 -24 -25 -26 26 -28 -29 32 -31 -32 43 33 -35 35 -37 37 38 -40 41 -42 -43 -44 -45
leaf_value=-2.7555740193672111 2.7006611486145493 6.744495907808159 -0.90966233263264706 0.016227787337293194 8.9603291596254095 0.46182115664267254 2.5296554862002765 15.608325709623365 -2.7497874658036086 3.1982118110555255 3.9638068306089802 -3.959110194785139 -0.47538644753951015 -1.7888338037002744 -2.0651328701392582 0.29083803002023956 -0.33076506932337224 0.47020607886458266 -0.83400711846457731 -0.39257379758025307 -3.331562964360208 1.058324163548932 -2.233008041269064 1.1471946961170771 2.9731157260264283 2.126607073173195 6.7293341454209941 -2.3817401697834066 0.040306742883101376 3.5388157885384723 -1.6625227883152387 -1.5678897145015367 2.5543807130723279 -1.032617271978038 0.22934140354559757 -0.28190013138332687 1.857301652594558 1.2703291056985062 -0.13942030992475793 -0.64293868917117836 1.0993111199933445 0.22793614577920379 -0.35687789342690845 -0.76370868977477013
leaf_weight=543 50 113 323 144 50 62 352 378 34 293 26 31 96 231 36 102 2787 191 84 167 52 33 98 119 112 175 50 135 1834 34 241 60 87 43 1757 225 242 256 399 622 778 1149 239 1231
leaf_count=543 50 113 323 144 50 62 352 378 34 293 26 31 96 231 36 102 2787 191 84 167 52 33 98 119 112 175 50 135 1834 34 241 60 87 43 1757 225 242 256 399 622 778 1149 239 1231
internal_value=-0.000410667 0.000668128 -0.00452278 -0.00803406 1.75101e-05 0.00471962 0.00349746 0.00837764 -0.000915778 0.00174544 -2.33873e-05 0.00623809 -0.00301143 -0.00101512 0.000940679 -0.00100757 -0.00094129 -0.00283936 -0.000370774 -0.00937914 -0.00666036 -0.00135725 -0.00502452 0.0032636 0.00732504 0.00877551 0.00631719 -0.0049162 -7.99197e-05 -0.00257757 -0.0035325 -0.00390125 0.000345876 0.00458878 0.000861441 0.000916895 0.00105745 0.00265522 0.00125477 0.000723857 0.00147213 -0.000345548 7.81438e-05 -0.00316809
internal_weight=16064 12725 3339 1004 10965 1760 1320 440 5451 806 513 514 2335 721 5514 5401 5367 506 275 860 317 64 265 215 450 338 225 161 2580 377 343 1614 2203 130 5464 5428 5203 897 655 4306 2535 1771 2073 1291
internal_count=16064 12725 3339 1004 10965 1760 1320 440 5451 806 513 514 2335 721 5514 5401 5367 506 275 860 317 64 265 215 450 338 225 161 2580 377 343 1614 2203 130 5464 5428 5203 897 655 4306 2535 1771 2073 1291
cat_boundaries=0 1 2 3
cat_threshold=214252 2130048 225440
is_linear=0
shrinkage=0.03


Tree=105
num_leaves=45
num_cat=3
split_feature=10 22 22 12 13 14 14 20 29 27 0 14 14 14 16 25 27 14 25 27 33 14 15 15 15 19 23 32 31 0 0 14 20 12 14 16 27 12 14 13 15 15 13 33
split_gain=81.0233 31.4517 29.0113 8.38463 7.39557 7.23621 6.66234 6.22131 6.1765 9.66808 5.79147 5.78934 5.7276 5.49157 5.4011 5.0818 7.46616 4.97848 4.94605 5.64298 5.06966 6.12728 4.81182 5.75437 5.12428 4.80229 4.74512 4.55127 4.53764 4.10845 3.9805 3.96809 3.88282 4.96028 4.86628 3.84751 3.67066 3.5539 4.01652 3.38424 3.55918 5.4583 3.08236 3.7903
threshold=1364.3571428571429 715.50000000000011 3850.5000000000005 3388.2833333333338 1701.8566468253969 0.97112537654464559 -0.86976336936302323 22.396428571428576 23.675000000000004 21.975000000000005 0 0.75014288946266361 0.28519915169571858 -0.99866806308218525 -0.99629805505515945 26.025000000000002 24.175000000000004 -0.861146256326485 22.375000000000004 21.275000000000002 3.8350000000000004 0.55656748448714433 -0.67801649466304881 0.34033495509342487 -0.82899557272681157 0.29999999999999788 3650.5000000000005 7.8500000000000014 4.8499999999999988 1 2 0.48314048284850658 21.267857142857146 1288.3833333333334 -0.26866367175705824 -0.98214488425316759 18.225000000000005 2800.8333333333335 -0.9954993026558282 1485.5612260813862 0.53312596302726967 0.29137697329261131 1961.1117993688417 5.1050000000000013
decision_type=2 2 2 2 2 2 2 2 2 2 9 2 2 2 2 2 2 2 2 2 2 2 2 2 2 2 2 2 2 9 9 2 2 2 2 2 2 2 2 2 2 2 2 2
left_child=1 4 5 6 27 10 -4 -5 9 12 11 18 -3 -9 -10 16 -13 -11 19 20 36 -22 24 25 -16 -24 -15 31 35 -26 -27 -1 -19 -34 -35 -20 -2 38 -30 -33 41 -41 -12 -44
right_child=2 8 3 7 -6 -7 -8 13 14 17 42 15 -14 26 22 -17 -18 32 28 -21 21 -23 23 -25 29 30 -28 -29 37 -31 -32 39 33 34 -36 -37 -38 -39 -40 40 -42 -43 43 -45
leaf_value=-0.31521227428164933 -1.1716135066416062 -1.5150650728805215 6.477223007742209 -0.065516779904114628 -0.80584239514788802 -1.1778943551389056 -4.0408899765277102 -1.3115838090750958 -1.1874412762987747 0.052766296284401049 0.28589481856815835 0.87294540336315551 0.78519399517717603 3.8629952529954332 -0.13645004664633006 0.029704132169902094 -3.2123067180999803 -2.8872904477932537 -1.8834145179327402 -1.4824272064344461 -2.2703432256475273 2.4552872035148972 -0.10737845015669108 0.47061412520508494 1.0180970998231555 -1.1358779589113668 9.2076428344854495 -0.73102478172334029 3.0871102107372166 0.051673626950776562 -0.48363416564095585 -3.0248686510062308 -1.987847787620709 -3.4383646823354499 0.16857853093947822 1.8049121458257558 2.0014357217728795 1.9787819966653069 -0.07442152109223002 -1.9419441441832554 -3.3802903244753644 0.33239646233515596 2.046084776368891 0.28273265105313838
leaf_weight=70 73 176 109 91 159 212 88 41 122 101 3569 65 162 83 1194 237 201 94 65 394 239 68 777 205 127 667 637 100 90 240 795 338 526 64 162 711 390 196 1410 240 63 49 403 327
leaf_count=70 73 176 109 91 159 212 88 41 122 101 3569 65 162 83 1194 237 201 94 65 394 239 68 777 205 127 667 637 100 90 240 795 338 526 64 162 711 390 196 1410 240 63 49 403 327
internal_value=-0.000483382 -0.00309465 0.00124774 0.00595939 -0.00793053 0.000675946 0.000365297 0.00724915 -0.00218344 -0.00400125 0.000813809 1.01227e-05 0.000346051 0.00813559 -0.00161663 -0.00300537 -0.00585118 -0.00555591 0.000428206 -0.00118289 0.000307752 -0.00267665 -0.00142618 -0.00225727 -0.00012299 -0.00269841 0.00874462 -0.00903035 0.00118806 0.00297467 -0.00371178 -0.00982371 -0.00630777 -0.00558037 -0.00184432 0.00308852 0.00229324 0.000316609 -0.000177988 -0.0105159 -0.00842658 -0.00699412 0.00158316 0.00336529
internal_weight=16130 6431 9699 1049 1019 8650 197 852 5412 1285 8438 4139 338 761 4127 503 266 947 3636 1164 770 307 4005 2444 1561 2239 720 860 2472 367 1462 760 846 752 226 776 463 1696 1500 690 352 289 4299 730
internal_count=16130 6431 9699 1049 1019 8650 197 852 5412 1285 8438 4139 338 761 4127 503 266 947 3636 1164 770 307 4005 2444 1561 2239 720 860 2472 367 1462 760 846 752 226 776 463 1696 1500 690 352 289 4299 730
cat_boundaries=0 1 2 3
cat_threshold=4044817 86128 2666577
is_linear=0
shrinkage=0.03


Tree=106
num_leaves=45
num_cat=4
split_feature=21 21 13 22 16 3 17 21 17 16 25 27 33 33 14 16 20 25 14 14 0 17 18 26 12 16 17 18 27 24 0 20 25 24 16 22 11 12 27 20 0 16 22 11
split_gain=78.7121 43.3564 15.1054 12.0549 11.6348 9.78595 8.84781 8.58715 8.08419 5.3816 5.48472 5.41401 5.09692 4.82547 4.63761 4.47561 4.33748 5.60017 5.53538 3.94412 4.20229 4.17364 4.69809 7.31742 6.08527 5.7551 6.48908 5.05075 4.5315 3.94764 3.89425 3.8414 4.28746 3.80132 3.63382 3.78056 3.5865 3.55132 4.13828 4.09608 3.41278 3.39887 3.55957 3.3881
threshold=897.50000000000011 3400.5000000000005 1514.9221775981052 1510.5000000000002 0.90892735371523092 0 0.097680735332368748 4300.5000000000009 0.91160899963879305 0.96687895796550427 24.425000000000004 25.025000000000002 4.6550000000000011 2.8550000000000004 -0.99763297024448894 0.18281681932135149 23.810714285714294 23.625000000000004 -0.26866367175705824 0.73865729060996177 1 -0.99763124042248752 3.6000000000000019 1.0000000180025095e-35 2920.1000000000004 -0.98523971305672675 0.38640165280327893 11.800000000000004 29.125000000000004 3200.5000000000005 2 24.767857142857149 22.175000000000004 3499.5000000000005 0.68589359117003446 912.23500000000013 259.58212754075015 1288.3833333333334 19.725000000000005 22.93214285714286 3 -0.90893575921103265 3997.2150000000006 38.854122249084384
decision_type=2 2 2 2 2 9 2 2 2 2 2 2 2 2 2 2 2 2 2 2 9 2 2 2 2 2 2 2 2 2 9 2 2 2 2 2 2 2 2 2 9 2 2 2
left_child=2 3 8 16 5 30 -7 9 -1 10 12 -12 13 31 -13 36 18 -18 43 21 -21 -5 23 25 27 -23 -27 28 -24 -29 -4 32 -3 -25 35 -32 -9 39 -39 -20 -19 42 -38 -2
right_child=1 7 4 19 -6 6 -8 15 -10 -11 11 14 -14 -15 -16 -17 17 40 37 20 -22 22 24 33 -26 26 -28 29 -30 -31 34 -33 -34 -35 -36 -37 41 38 -40 -41 -42 -43 -44 -45
leaf_value=-2.428990650298664 0.077882225512241804 5.6239036453051678 -0.72151525845175513 7.1228895061400177 -3.3213707544408684 -1.531459819810143 0.026522724933369091 10.109946741147686 0.03739932629113582 5.2828644518564349 5.0729178258993164 9.9872105013593071 -3.7502000835998661 3.4366801071479949 -0.076388886877348336 13.46141354945089 0.48902731753249323 -0.43026691470523926 -1.3079600419297026 0.1529763428741944 -0.7313350034552365 -1.9760152681814678 -0.72393414311401783 2.6107188343057692 4.6018980450917208 2.327256671481964 0.1797638510008619 0.075669856930520613 1.2134892921905645 -2.8886371607572778 -0.36199706440782392 2.06024551080611 -2.1852553996315871 -2.5980423047577461 0.76191836755474518 2.105433181237371 3.417417125636407 -3.1782995388354482 0.088135651011316443 0.018696529506009939 -0.047919474574343895 1.3989851049823687 23.440232781592353 -1.685703747936194
leaf_weight=696 49 30 112 53 96 752 237 125 63 84 223 28 96 386 144 85 269 1509 229 504 448 158 343 227 98 729 1695 2400 36 38 179 46 114 31 58 70 57 76 568 121 2137 152 149 430
leaf_count=696 49 30 112 53 96 752 237 125 63 84 223 28 96 386 144 85 269 1509 229 504 448 158 343 227 98 729 1695 2400 36 38 179 46 114 31 58 70 57 76 568 121 2137 152 149 430
internal_value=-0.000464783 0.000381623 -0.00565242 -0.000249175 -0.00390732 -0.00321497 -0.00481633 0.00484091 -0.00910552 0.00334636 0.00276638 0.00557327 0.00111144 0.00218191 0.00155142 0.00786305 -0.00130788 -0.000784654 -0.00269635 0.000594222 -0.0011942 0.000887898 0.000810064 0.00167846 -3.49902e-05 0.00119554 0.0015581 -0.000291789 -0.00351358 0.000207949 0.000657189 -0.00172015 -0.00414296 0.00649748 0.00240303 0.000891208 0.00673153 -0.00141535 -8.84956e-05 -0.00384747 -0.0010935 0.0051857 0.00770015 -0.00534753
internal_weight=16130 13867 2263 12148 1504 1408 989 1719 759 1151 1067 395 672 576 172 568 5388 3915 1473 6760 952 5808 5755 2840 2915 2582 2424 2817 379 2438 419 190 144 258 307 249 483 994 644 350 3646 358 206 479
internal_count=16130 13867 2263 12148 1504 1408 989 1719 759 1151 1067 395 672 576 172 568 5388 3915 1473 6760 952 5808 5755 2840 2915 2582 2424 2817 379 2438 419 190 144 258 307 249 483 994 644 350 3646 358 206 479
cat_boundaries=0 1 2 3 4
cat_threshold=12 41194 566288 2634279
is_linear=0
shrinkage=0.03


Tree=107
num_leaves=45
num_cat=4
split_feature=21 21 21 22 16 7 11 18 14 0 16 17 24 17 21 32 18 7 17 10 0 7 7 33 29 22 14 16 24 14 29 16 5 7 7 27 0 27 23 16 18 32 12 3
split_gain=73.7737 41.6707 13.9098 13.5867 8.82537 7.59737 6.16724 7.28604 5.44345 5.34173 5.31285 9.81723 9.1088 5.32404 4.27494 4.77054 4.162 4.08775 4.00742 3.94288 3.8597 3.8579 3.95934 3.82759 3.75879 3.70724 3.44867 3.25131 4.36367 5.61762 3.92161 3.90995 3.7402 3.157 4.09335 4.18559 3.13137 3.09254 3.08812 3.10188 4.60687 2.8769 2.85067 2.81972
threshold=897.50000000000011 3850.5000000000005 1690.5000000000002 670.50000000000011 0.95752911693909493 68.500000000000014 253.99217167313614 84.950000000000031 -0.52766804058324157 0 0.96522610578843548 0.14889004263668562 3100.5000000000005 -0.99140057354994637 677.50000000000011 6.8499999999999979 82.15000000000002 3.5000000000000004 0.99953765813430351 4785.2857142857147 1 268.50000000000006 256.50000000000006 2.9400000000000008 26.925000000000004 1817.5000000000002 -0.97694226132849327 0.63920241694561786 1545.5000000000002 0.21022171450811275 25.475000000000005 0.69522491211780757 1.5000000000000002 232.50000000000003 49.500000000000007 21.725000000000005 2 26.875000000000004 1353.0000000000002 0.98802474685579866 75.100000000000037 370.40000000000003 2056.5000000000005 3
decision_type=2 2 2 2 2 2 2 2 2 9 2 2 2 2 2 2 2 2 2 2 9 2 2 2 2 2 2 2 2 2 2 2 2 2 2 2 9 2 2 2 2 2 2 9
left_child=3 2 17 14 5 -5 7 -3 19 43 13 12 33 16 15 -1 -4 -2 27 21 41 22 -8 38 25 26 -25 28 42 -30 32 -32 -29 34 35 -12 -23 -26 39 40 -22 -19 -15 -7
right_child=1 6 10 4 -6 9 8 -9 -10 -11 11 -13 -14 18 -16 -17 -18 20 -20 -21 23 36 -24 24 37 -27 -28 30 29 -31 31 -33 -34 -35 -36 -37 -38 -39 -40 -41 -42 -43 -44 -45
leaf_value=-3.0193222470944385 2.0593865883499007 7.2558957861196287 0.11949716535411881 1.0376909297125507 -3.465698138476998 0.60046241102751874 -0.11215026934435172 -0.69309902707657556 -3.0448252791389083 -1.0800368871073487 -1.6918696745652868 4.3641480969720261 4.1191974785807766 -0.7565746143777915 -1.6001360836396463 0.002589468254299163 7.9757480165405736 -0.35896260849108669 2.2362392328963869 26.74619386996806 0.17155716917136943 6.619132967009504 13.792571142967354 1.0654993243553168 0.44279333529072118 2.0911188508203917 -0.47420225249034498 0.2054841176077366 0.35782768815696725 1.2064310209940732 -1.990971709299332 0.86862726585104377 -0.47625837847695607 4.4481764082040716 -0.57208947569369228 2.9335034816693994 0.81966816920396468 -0.058026171341386427 0.73425821668989211 0.87317890138290066 -0.58701960158222044 -0.77805719076835878 1.1450949536881545 -0.7015280016160409
leaf_weight=405 54 324 53 73 79 109 21 28 85 1033 57 151 63 347 188 31 74 2225 67 90 236 232 60 93 157 124 2075 395 3102 445 26 310 746 39 203 125 217 1192 170 29 132 58 62 345
leaf_count=405 54 324 53 73 79 109 21 28 85 1033 57 151 63 347 188 31 74 2225 67 90 236 232 60 93 157 124 2075 395 3102 445 26 310 746 39 203 125 217 1192 170 29 132 58 62 345
internal_value=-0.000431305 0.000388113 -8.40743e-05 -0.00545358 -0.00401562 -0.00351708 0.00611295 0.00936382 0.00448447 -0.00398225 0.000926083 0.00352139 0.00144118 0.000631231 -0.00922448 -0.0108622 0.00670338 -0.00105147 0.000490355 0.00546202 -0.0011203 0.0044652 0.0105055 -0.000575378 -0.000934333 -0.00167401 -0.00196347 0.000399772 0.000848563 0.00118745 -0.000800217 0.00204403 -0.00164052 -0.000134402 -0.000965983 0.00228995 0.00336673 0.000320213 0.00171398 0.000256862 -0.000480848 -0.00211155 -0.00208262 -0.00115708
internal_weight=16130 13867 12810 2263 1639 1560 1057 352 705 1487 6265 638 487 5627 624 436 127 6545 5500 620 6491 530 81 4208 3641 2292 2168 5433 3956 3547 1477 336 1141 424 385 182 449 1349 567 397 368 2283 409 454
internal_count=16130 13867 12810 2263 1639 1560 1057 352 705 1487 6265 638 487 5627 624 436 127 6545 5500 620 6491 530 81 4208 3641 2292 2168 5433 3956 3547 1477 336 1141 424 385 182 449 1349 567 397 368 2283 409 454
cat_boundaries=0 1 2 3 4
cat_threshold=1134632 2660869 1264864 12
is_linear=0
shrinkage=0.03


Tree=108
num_leaves=45
num_cat=3
split_feature=21 21 10 13 21 6 14 17 25 27 17 27 20 14 27 20 20 29 17 20 0 17 20 0 14 14 0 31 31 12 22 27 25 25 24 17 10 14 25 23 12 18 32 22
split_gain=70.7008 40.7972 12.3828 11.9582 8.36945 6.57415 5.22229 5.11956 4.68517 6.60433 5.04613 4.5721 4.4171 8.39296 6.06913 4.93514 4.83576 4.83345 4.32147 4.28435 4.27673 4.29401 4.08707 4.02449 4.37106 3.99806 3.95532 3.75679 3.68576 3.65751 3.56119 3.46988 5.23028 3.43891 3.33112 3.30201 3.25164 3.15855 4.06302 3.0811 3.03533 3.00269 2.99377 2.93052
threshold=805.50000000000011 3395.0000000000005 1364.3571428571429 1514.9221775981052 4300.5000000000009 2.5000000000000004 0.97112537654464559 0.91160899963879305 24.425000000000004 23.925000000000004 0.44313120970497338 25.025000000000002 23.953571428571433 -0.26866367175705824 22.125000000000004 21.267857142857146 24.425000000000004 26.875000000000004 -0.99763124042248752 30.403571428571432 0 -0.62588708731544751 22.396428571428576 1 0.72695311118111527 0.64579916509010216 2 93.950000000000031 77.450000000000031 1288.3833333333334 695.50000000000011 24.175000000000004 26.025000000000002 22.875000000000004 670.50000000000011 -0.6905596507703472 725.357142857143 -0.99275805973510278 24.175000000000004 1227.5000000000002 1415.8500000000001 59.100000000000001 142.85000000000005 3400.5000000000005
decision_type=2 2 2 2 2 2 2 2 2 2 2 2 2 2 2 2 2 2 2 2 9 2 2 9 2 2 9 2 2 2 2 2 2 2 2 2 2 2 2 2 2 2 2 2
left_child=3 2 12 7 8 -5 18 -1 9 10 -3 -10 13 37 40 -16 -14 -18 -4 20 30 -22 -6 24 -20 -19 -27 35 -13 -17 -7 -26 -33 -12 -32 -11 -23 38 -2 -39 -15 42 -24 -37
right_child=1 4 6 5 22 19 -8 -9 11 27 33 28 16 14 15 29 17 25 23 -21 21 36 41 -25 31 26 -28 -29 -30 -31 34 32 -34 -35 -36 43 -38 39 -40 -41 -42 -43 -44 -45
leaf_value=-2.3260726956202062 1.519231597859898 4.9075812840749542 6.79476415746878 -2.9122453633548138 -0.47269680929789726 -2.1219778647328948 -1.1274013022880638 0.066277808534832158 4.8836418239450765 3.2273274317445249 -1.9019654142923537 -0.007637887085415968 0.3666452311066723 -0.00079022147886234954 -2.2473481716205832 -1.5381195677387121 -0.61084880247358742 0.21341389830832552 0.0020725066706484083 -1.2982943359732793 -0.99554868428224497 0.63310310656239943 14.622871877198621 0.24605891609278613 0.74254918048195806 0.043092828187545819 -0.53114638240840406 -3.6781700554629104 4.659085146074446 0.12251111930470074 0.31712205566227336 -3.0862750748500183 -0.23528050323648245 2.2692923270020491 -1.3204351788685533 3.0470532667462655 0.099202725419615376 -1.7181983255363229 -1.4898603371043282 -0.28998800768320504 1.1485553265720068 0.36069287896045804 11.738582794233452 -1.5009681904046965
leaf_weight=648 37 309 52 101 58 95 212 38 238 70 145 151 386 213 64 223 1108 670 2286 151 302 43 255 4990 47 564 714 27 52 178 47 143 178 51 270 43 102 283 24 72 100 42 213 135
leaf_count=648 37 309 52 101 58 95 212 38 238 70 145 151 386 213 64 223 1108 670 2286 151 302 43 255 4990 47 564 714 27 52 178 47 143 178 51 270 43 102 283 24 72 100 42 213 135
internal_value=-0.000407127 0.000295958 -0.000308272 -0.00601636 0.00453412 -0.00408784 0.000413121 -0.00913424 0.00312996 0.0017267 0.00376559 0.00560417 -0.00153944 -0.0031128 -0.00126847 -0.00344442 -0.000992708 -0.00139295 0.000541443 -0.00335313 -0.00252823 -0.000420039 0.00754621 0.000482333 -0.000460568 -0.000491248 -0.00147641 -0.00200654 0.00227474 -0.00219895 -0.00468372 -0.00349633 -0.00461538 0 -0.00325449 -0.000834341 0.00380427 -0.00655371 -0.000196399 -0.00763729 0.00195465 0.00840423 0.00909421 -0.00301516
internal_weight=16130 14333 12544 1797 1789 1111 7908 686 1221 780 505 441 4636 1194 778 465 3442 3056 7696 1010 859 447 568 7644 2654 1948 1278 275 203 401 412 368 321 196 317 248 145 416 61 355 313 510 468 178
internal_count=16130 14333 12544 1797 1789 1111 7908 686 1221 780 505 441 4636 1194 778 465 3442 3056 7696 1010 859 447 568 7644 2654 1948 1278 275 203 401 412 368 321 196 317 248 145 416 61 355 313 510 468 178
cat_boundaries=0 1 2 3
cat_threshold=3681432 3966993 1281080
is_linear=0
shrinkage=0.03


Tree=109
num_leaves=45
num_cat=5
split_feature=21 21 22 10 16 21 3 13 11 18 14 0 22 32 14 20 17 14 27 15 29 27 14 20 17 27 16 19 19 17 18 0 0 22 27 16 27 0 15 27 31 24 16 23
split_gain=66.1939 38.3335 11.7881 10.8965 7.78037 7.44358 6.97539 5.88814 5.54415 8.2009 4.68247 6.65628 4.54964 4.53708 4.46511 4.94827 5.0998 5.4709 5.02599 4.29223 4.10618 5.89753 5.87272 4.58782 3.94227 4.27341 4.7555 4.16117 3.93566 3.88213 5.28122 3.78609 3.76246 3.75414 3.74688 3.73571 3.69389 3.63789 3.61531 3.60138 3.58046 3.74109 3.33054 3.79554
threshold=805.50000000000011 3395.0000000000005 670.50000000000011 1364.3571428571429 0.90892735371523092 4495.0000000000009 0 1594.0949838152862 226.97938025123761 87.950000000000031 0.73865729060996177 1 1151.5000000000002 54.750000000000007 0.534952257794027 29.367857142857151 -0.84313311835787952 -0.94139628442229062 29.625000000000004 -0.73865259438682551 23.675000000000004 21.975000000000005 0.28519915169571858 21.267857142857146 -0.029024744910506859 23.925000000000004 -0.58482091572441486 279.75000000000006 7.1499999999999995 -0.06339081865169055 0.70000000000001517 2 3 3910.0000000000005 23.975000000000005 -0.99152915938811637 30.475000000000005 4 -0.91595872546125101 24.175000000000004 105.35000000000001 2050.5000000000005 0.98802474685579866 830.50000000000011
decision_type=2 2 2 2 2 2 9 2 2 2 2 9 2 2 2 2 2 2 2 2 2 2 2 2 2 2 2 2 2 2 2 9 9 2 2 2 2 9 2 2 2 2 2 2
left_child=2 3 28 20 6 8 7 -4 9 24 14 36 19 -7 15 16 40 34 -17 -8 21 22 -2 -23 25 -3 -27 -28 -1 30 31 -22 -32 -15 -18 -19 -12 -10 -25 -13 41 -5 43 -31
right_child=1 5 4 10 -6 13 12 -9 37 -11 11 39 -14 33 -16 18 17 35 -20 -21 29 23 -24 38 -26 26 27 -29 -30 42 32 -33 -34 -35 -36 -37 -38 -39 -40 -41 -42 -43 -44 -45
leaf_value=-2.6570296067170145 -1.2632530921311944 8.6958324180936799 -0.70287826035235179 0.023025664726174001 -3.3642709179283892 9.0445540906078339 -0.26775716838603786 0.68248540791180856 -0.25248032396064446 -0.80614978465300047 0.13975005269854135 1.2820095238035514 4.4284977591946015 9.3599871381784272 1.2424464433404023 3.1051334734319629 -2.2441827355050146 -2.0490910003846592 -0.16611849529833761 -1.6141135252101122 0.2897175041916944 -2.7233978858264538 0.71143920857641085 -1.307030258974762 1.9698358376400802 9.7127392241491748 0.43528402569768787 3.6523321274644784 -0.22160589115088497 0.62348102966987995 -0.24890516286349565 -0.39926105214207608 -1.3542842469419474 13.761636524851337 -0.6071184857220896 0.091756872314015248 -1.7598125142478351 2.9877782764010181 -0.62888840918918953 -1.4672000482457337 3.4910518830122417 3.7896971839567368 0.76346668223425695 -0.10286911960719862
leaf_weight=547 159 114 132 310 67 169 211 187 341 66 821 58 29 30 455 84 55 164 47 574 395 92 160 137 109 46 114 49 50 115 223 908 391 255 114 5057 49 496 575 453 117 124 86 1395
leaf_count=547 159 114 132 310 67 169 211 187 341 66 821 58 29 30 455 84 55 164 47 574 395 92 160 137 109 46 114 49 50 115 223 908 391 255 114 5057 49 496 575 453 117 124 86 1395
internal_value=-0.000388528 0.000291772 -0.00581604 -0.000293923 -0.00409716 0.00439998 -0.00350543 0.000309936 0.00326717 0.00577595 0.000382772 -0.00120339 -0.00494722 0.00772297 0.000718849 0.00050345 0.000375688 9.40613e-05 0.00627002 -0.00544135 -0.00144885 -0.00302912 0.000413663 -0.00439871 0.00728304 0.00895079 0.00637016 0.00393624 -0.00926478 -0.000942757 -0.0018528 -0.000768936 -0.00414753 0.0100386 -0.00521585 0.00026661 0.000405636 0.0017704 -0.00357674 -0.00388025 0.00312466 0.00185902 0.000148487 -0.000176809
internal_weight=16130 14333 1797 12544 1200 1789 1133 319 1335 498 7908 1381 814 454 6527 6072 5941 5390 131 785 4636 1123 319 804 432 323 209 163 597 3513 1917 1303 614 285 169 5221 870 837 712 511 551 434 1596 1510
internal_count=16130 14333 1797 12544 1200 1789 1133 319 1335 498 7908 1381 814 454 6527 6072 5941 5390 131 785 4636 1123 319 804 432 323 209 163 597 3513 1917 1303 614 285 169 5221 870 837 712 511 551 434 1596 1510
cat_boundaries=0 1 2 3 4 5
cat_threshold=12 188650 1051673 1132686 2986011
is_linear=0
shrinkage=0.03


Tree=110
num_leaves=45
num_cat=4
split_feature=21 21 21 0 21 16 16 12 25 15 29 17 0 20 16 15 18 16 15 32 20 23 11 27 0 0 16 17 23 11 25 19 26 31 32 12 10 33 16 33 16 24 20 20
split_gain=60.8713 33.7829 13.2554 11.3026 6.95171 6.31939 6.18078 7.97009 6.0052 5.76456 5.04484 4.58008 4.33881 4.31296 4.31708 4.07665 3.81719 5.96385 3.73277 3.66729 3.57547 3.49383 3.48577 3.4517 3.34564 3.19542 3.06339 5.87357 2.98941 2.98795 3.14238 2.96468 3.35027 2.9643 4.21054 2.94493 3.73161 2.9245 2.71043 2.67311 3.21312 2.64092 2.6247 2.99016
threshold=805.50000000000011 2392.5000000000005 4250.5000000000009 0 1300.5000000000002 0.93544191479114935 0.90892735371523092 716.68333333333351 25.075000000000006 0.29137697329261131 26.925000000000004 -0.18704161936942101 1 20.06071428571429 0.99572776335819457 -0.80417042486635371 1.7000000000000155 -0.32614396506100213 0.99981043035926087 352.35000000000008 28.075000000000006 3550.5000000000005 56.325139338192706 25.025000000000002 2 3 0.31596169403973995 -0.7614016681079937 1097.5000000000002 348.09980694367903 20.625000000000004 5.9499999999999975 1.0000000180025095e-35 82.750000000000014 56.399999999999999 1548.0000000000002 947.21428571428589 5.9650000000000007 -0.61998829497903662 3.1950000000000007 -0.62588817255938378 2300.5000000000005 30.446428571428577 25.210714285714293
decision_type=2 2 2 9 2 2 2 2 2 2 2 2 9 2 2 2 2 2 2 2 2 2 2 2 9 9 2 2 2 2 2 2 2 2 2 2 2 2 2 2 2 2 2 2
left_child=3 4 8 5 10 9 7 15 12 -1 13 38 26 -2 25 -5 -13 20 19 24 -18 -4 -14 -12 31 -15 -3 -28 -16 30 -24 32 -6 34 -23 36 42 -17 -10 40 -33 -26 43 -9
right_child=1 2 21 6 18 -7 -8 35 11 -11 23 16 22 14 28 37 17 -19 -20 -21 -22 33 29 -25 41 -27 27 -29 -30 -31 -32 39 -34 -35 -36 -37 -38 -39 -40 -41 -42 -43 -44 -45
leaf_value=-0.45558508889013122 0.63706609366522793 -0.81409209197413923 2.4889816759843186 -1.2787296596563613 0.25934954881067485 -2.7118003524632108 -4.5613754945312879 -1.5017972881181765 17.673078367722145 0.90937983221595342 1.5604429702179003 -1.8664936448051774 -0.13742515889562126 -0.82261532644286262 1.2712273540120747 -1.9181992292367254 5.8758769693299495 -0.23033589739184207 3.8922247203601454 2.3843338778652785 0.7101670142536386 7.4561043575603412 7.2334553250930709 -0.10433564778938489 -0.14755536236565603 -0.42484656762757023 5.285053181099638 0.088808112489609806 -0.050984859030636466 1.1215681662278008 1.8028046486170024 2.9164153041645227 1.2574033947253054 -0.096810428296612364 12.496987713819289 -2.3152635462019586 1.4530844239228269 -3.0580425361826991 3.3369041862039897 -0.28088483620071653 0.025611748016090133 0.82124494304841844 -1.0552150438735111 -0.52452159810078791
leaf_weight=392 76 641 65 181 1240 38 85 143 45 53 67 95 122 1056 49 132 76 132 55 57 31 180 46 1635 2855 1353 44 338 57 434 701 114 136 39 328 62 46 230 338 1093 379 385 98 315
leaf_count=392 76 641 65 181 1240 38 85 143 45 53 67 95 122 1056 49 132 76 132 55 57 31 180 46 1635 2855 1353 44 338 57 434 701 114 136 39 328 62 46 230 338 1093 379 385 98 315
internal_value=-0.000361786 0.000290069 0.00277749 -0.00560081 -0.00056679 -0.00154533 -0.00704785 -0.00654627 0.00196576 -0.000566165 -0.00149822 0.00436759 0.00122394 -0.00233183 -0.00254543 -0.00924692 0.00178689 0.0038143 6.60427e-05 -1.91721e-06 0.00907563 0.00680771 0.00236235 -0.000227366 -7.20724e-05 -0.00280686 -0.000243926 0.00187647 0.00336475 0.00288037 0.00403159 0.000655092 0.00167648 0.00758911 0.00820114 -0.00433218 -0.00368211 -0.0110936 0.00660924 -0.00022508 0.00160617 -0.000737516 -0.00436432 -0.00339882
internal_weight=16037 14262 3655 1775 10607 483 1292 1207 3043 445 4293 717 2326 2591 2515 543 334 239 6314 6259 107 612 1303 1702 6202 2409 1023 382 106 1181 747 2962 1376 547 508 664 602 362 383 1586 493 3240 556 458
internal_count=16037 14262 3655 1775 10607 483 1292 1207 3043 445 4293 717 2326 2591 2515 543 334 239 6314 6259 107 612 1303 1702 6202 2409 1023 382 106 1181 747 2962 1376 547 508 664 602 362 383 1586 493 3240 556 458
cat_boundaries=0 1 2 3 4
cat_threshold=1065134 2890819 403178 3184150
is_linear=0
shrinkage=0.03


Tree=111
num_leaves=45
num_cat=5
split_feature=21 21 21 22 21 25 19 17 20 27 20 17 14 20 24 13 0 20 3 20 0 32 31 19 11 24 22 20 21 32 7 25 17 0 19 31 12 21 22 7 12 0 33 26
split_gain=58.8079 35.3675 13.1511 9.35964 9.22635 5.77437 4.56392 4.14269 3.88507 7.71259 4.69641 4.59392 4.43468 4.0587 4.06466 3.99147 3.8377 3.66814 4.33094 3.773 3.64227 3.60548 3.55663 4.96657 3.47495 3.45024 3.41067 3.37033 3.84288 3.79386 3.35089 3.30503 3.27254 3.26501 3.51699 3.78401 3.23456 3.2221 3.19226 3.14432 4.82601 3.11952 3.02034 3.65365
threshold=725.50000000000011 2392.5000000000005 4250.5000000000009 830.50000000000011 1300.5000000000002 25.075000000000006 7.1499999999999995 -0.18704161936942101 23.953571428571433 22.225000000000005 20.596428571428575 -0.82413948779581736 -0.99275805973510278 30.617857142857147 747.50000000000011 1638.5979793767535 0 27.364285714285717 1 24.51071428571429 2 352.35000000000008 1.7000000000000155 98.65000000000002 64.545111412896219 1593.0000000000002 3910.0000000000005 21.003571428571433 1000.5000000000001 6.8999999999999995 113.50000000000001 16.450000000000003 0.9999398912535008 3 5.9499999999999975 0.10000000000000007 830.06666666666672 852.84000000000003 775.50000000000011 57.500000000000007 688.50000000000011 4 3.8150000000000004 5.6500000000000012
decision_type=2 2 2 2 2 2 2 2 2 2 2 2 2 2 2 2 9 2 9 2 9 2 2 2 2 2 2 2 2 2 2 2 2 9 2 2 2 2 2 2 2 9 2 2
left_child=3 4 5 6 8 20 39 42 9 10 25 17 -11 14 15 -13 -12 19 38 -10 -3 31 -9 -24 -22 -2 -4 -14 -29 -30 -15 -6 33 34 35 -33 -16 -17 -19 -1 -41 -38 43 -7
right_child=1 2 26 -5 21 7 -8 22 11 12 16 13 27 30 36 37 -18 18 -20 -21 24 -23 23 -25 -26 -27 -28 28 29 -31 -32 32 -34 -35 -36 -37 41 -39 -40 40 -42 -43 -44 -45
leaf_value=-3.6059078431660598 0.67965151931254009 -0.053903184423579657 2.8142780391514952 -0.35000035467401058 -1.9617040874494467 -0.97304640692341304 -0.87909094336762905 -2.1259804574605847 0.41423338538276311 0.63326296184266995 0.61958198031651479 0.10489495049297318 -2.7943834060636488 0.31064919914339495 -0.4992867704578367 1.1720159982137386 -2.2259646020160586 -2.7599946437091538 0.19353715205828961 -1.4088225224198436 -0.11288786735589383 2.3128038615293236 2.5670734484672812 -0.47669419876557639 1.8260872580463388 -2.2030794023201858 9.4565219960716433 -2.1393382127736036 0.35437108754292806 -0.50307961443406268 -0.71114545155570741 0.24113658885576114 4.2073289031123462 -0.10664753787339008 -0.043689966080542035 1.0832436841994739 -0.27377901967444757 0.06926627106436456 -0.60934410782200588 -2.4774770071786123 -0.96993652872872527 0.13585449052339299 5.6711099111861518 2.5151799128296055
leaf_weight=83 155 1023 116 163 36 39 101 80 79 49 110 180 58 53 306 42 171 76 291 419 143 57 165 89 1160 25 496 288 140 298 246 1045 24 3242 1587 323 780 30 254 385 357 929 242 102
leaf_count=83 155 1023 116 163 36 39 101 80 79 49 110 180 58 53 306 42 171 76 291 419 143 57 165 89 1160 25 496 288 140 298 246 1045 24 3242 1587 323 780 30 254 385 357 929 242 102
internal_value=-0.000359915 0.000130251 0.00269541 -0.00709026 -0.000699719 0.00188689 -0.00825721 0.00424209 -0.00166536 -0.00308091 2.60247e-05 -0.0011674 -0.00480375 -0.000466467 -3.17586e-05 0.00355811 -0.00239061 -0.00277187 -0.00122686 -0.00469183 0.00115945 6.12914e-05 0.00178689 0.00353011 0.00220242 0.00381455 0.00670969 -0.00535263 -0.0047886 -0.00300616 -0.00375125 -6.71237e-06 4.53296e-05 1.93639e-06 0.000722404 0.00183978 -0.000482358 0.00952843 -0.00351955 -0.00899527 -0.0083641 2.45743e-05 0.00637431 0.00284904
internal_weight=16037 14948 3655 1089 11293 3043 926 717 4979 1294 461 3685 833 2566 2267 252 281 1119 621 498 2326 6314 334 254 1303 180 612 784 726 438 299 6257 6221 6197 2955 1368 2015 72 330 825 742 1709 383 141
internal_count=16037 14948 3655 1089 11293 3043 926 717 4979 1294 461 3685 833 2566 2267 252 281 1119 621 498 2326 6314 334 254 1303 180 612 784 726 438 299 6257 6221 6197 2955 1368 2015 72 330 825 742 1709 383 141
cat_boundaries=0 1 2 3 4 5
cat_threshold=1065139 2 2890819 403178 2663943
is_linear=0
shrinkage=0.03


Tree=112
num_leaves=45
num_cat=5
split_feature=22 12 13 14 22 15 6 3 33 11 29 17 27 15 29 0 26 0 29 23 0 14 14 5 11 0 17 27 11 33 24 13 13 27 19 28 28 28 27 5 32 17 24 33
split_gain=49.6055 29.9302 10.9619 9.68051 8.38595 8.33929 6.24794 9.58382 5.89474 6.1588 5.09774 4.95592 4.79424 5.05079 4.64254 4.51617 4.69361 4.49962 3.93454 4.01538 3.61768 3.56548 4.23167 5.57454 4.70294 3.51465 4.09521 3.29457 4.52253 3.34559 4.21764 3.25689 3.22539 3.09446 3.05764 3.41655 3.0047 4.26224 2.98888 2.9615 2.81792 2.69722 3.41275 2.68588
threshold=821.50000000000011 2896.8333333333335 1514.9221775981052 -0.52766804058324157 1450.5000000000002 -0.79382744783423187 2.5000000000000004 0 2.2950000000000004 188.98223650460463 24.475000000000005 0.91160899963879305 20.025000000000002 0.99530134160901229 26.925000000000004 1 12.250000000000002 2 20.575000000000006 2732.5000000000005 3 0.94978112945126536 0.72695311118111527 2.5000000000000004 91.114788471770154 4 -0.99140057354994637 18.225000000000005 174.32286215007062 4.7250000000000005 1898.6550000000002 1703.1105686095009 1713.3184175702213 26.025000000000002 32.350000000000001 22.975000000000005 23.475000000000005 25.225000000000005 23.375000000000004 2.5000000000000004 4.9499999999999975 -0.98631490141008282 1275.4700000000003 2.5550000000000002
decision_type=2 2 2 2 2 2 2 9 2 2 2 2 2 2 2 9 2 9 2 2 9 2 2 2 2 9 2 2 2 2 2 2 2 2 2 2 2 2 2 2 2 2 2 2
left_child=2 4 11 8 14 -4 -7 10 39 -10 -8 38 -5 17 21 -11 34 -14 19 27 -12 22 23 41 -24 26 -20 -6 -29 30 -30 33 -25 -23 35 -17 -26 -38 -1 -3 -9 -2 -43 -27
right_child=1 3 5 12 18 6 7 40 9 15 20 -13 13 -15 -16 16 -18 -19 25 -21 -22 31 24 32 36 43 -28 28 29 -31 -32 -33 -34 -35 -36 -37 37 -39 -40 -41 -42 42 -44 -45
leaf_value=-0.36100549118563091 1.8402772410280863 0.97813138127886756 0.59227096044191907 5.1957373769260107 -0.61991639500782414 -2.5344186290474395 -1.6965664590297762 -1.3557028070836201 4.976354824667987 1.5418810228664597 -0.64314942807168107 0.07190624477587107 1.0803948076481993 4.6920072931089214 -0.01951542905635506 6.8359762246658322 -0.7408074716412375 -0.95667075912641963 4.3445209949311723 5.6011379492925899 0.65297605156940564 -2.749112123495836 2.6889098792769164 -0.87368936874212744 1.9546705513814027 0.6538018115783063 -0.19281477925180068 1.7195686242813417 -1.2489948174501113 -2.8067718131639685 2.84978118309466 -1.9920281442156391 -0.14692171671492815 0.34172277491571545 9.2154591964242343 0.25552135978100521 -2.1199162432952403 0.4719005622293207 -2.0550823523447161 -3.2875669718740346 -0.86240682533713819 -0.31698258389052963 0.20124660038219871 0.070601019817186167
leaf_weight=43 39 45 98 56 83 89 61 457 313 277 105 53 468 74 2020 91 34 400 33 46 178 108 45 894 25 400 1761 274 120 39 177 302 330 106 447 129 61 134 605 55 110 798 485 3569
leaf_count=43 39 45 98 56 83 89 61 457 313 277 105 53 468 74 2020 91 34 400 33 46 178 108 45 894 25 400 1761 274 120 39 177 302 330 106 447 129 61 134 605 55 110 798 485 3569
internal_value=-0.000348691 0.000244204 -0.00504252 0.00330752 -0.000373193 -0.00316638 -0.0039866 -0.00324004 0.0049256 0.00546975 0.000754024 -0.00797604 0.00104899 0.000538159 -0.00125339 0.00429097 0.00554352 -0.000100219 0.000350195 0.00241104 0.00247969 -0.00194223 -0.00151969 -0.00189584 0.00208223 8.53707e-05 -0.00101269 0.00183523 0.00260121 0.000258852 0.00135308 -0.00423755 -0.00335512 -0.0013872 0.00617898 0.00325761 0.000258973 -0.000984111 -0.00869773 -0.00206793 -0.00558309 -0.000542319 -0.000780921 0.000583549
internal_weight=16037 14238 1799 2389 11849 1098 1000 911 1391 1291 344 701 998 942 5347 978 701 868 6502 739 283 3327 2811 2546 265 5763 1794 693 610 336 297 516 1224 214 667 220 220 195 648 100 567 1322 1283 3969
internal_count=16037 14238 1799 2389 11849 1098 1000 911 1391 1291 344 701 998 942 5347 978 701 868 6502 739 283 3327 2811 2546 265 5763 1794 693 610 336 297 516 1224 214 667 220 220 195 648 100 567 1322 1283 3969
cat_boundaries=0 1 2 3 4 5
cat_threshold=12 267267 1171507 46128 2136073
is_linear=0
shrinkage=0.03


Tree=113
num_leaves=45
num_cat=5
split_feature=21 21 21 21 22 28 16 33 0 16 29 14 14 11 20 17 11 20 33 32 26 14 31 20 20 0 28 21 11 20 0 32 15 32 11 0 22 27 0 16 16 33 16 13
split_gain=51.0311 30.3906 11.9325 8.19009 8.08381 5.07493 4.37261 5.31358 5.18748 4.19274 4.16554 5.44764 7.08294 6.1837 4.14839 3.95815 6.21357 5.12288 4.88145 4.67799 4.94374 4.19686 4.06121 3.95183 3.73326 3.68698 3.62337 3.56795 4.40506 3.57051 3.30704 4.70975 3.26848 3.16493 3.09934 3.08639 3.0022 2.99613 2.99254 2.95329 3.41797 3.62934 3.3007 2.72891
threshold=725.50000000000011 2392.5000000000005 4495.0000000000009 1300.5000000000002 830.50000000000011 25.075000000000006 0.90892735371523092 6.4150000000000009 0 -0.2270106897347694 26.925000000000004 0.94978112945126536 0.72695311118111527 106.46092211887294 20.06071428571429 0.44313120970497338 170.43362064931426 24.196428571428577 4.4650000000000007 279.75000000000006 12.250000000000002 -0.56368474752277564 93.950000000000031 25.267857142857149 30.403571428571432 1 26.575000000000006 852.84000000000003 241.97731558273512 21.953571428571433 2 318.20000000000005 0.99995376255531909 352.35000000000008 176.42130302993777 3 4150.5000000000009 31.525000000000002 4 -0.7614135502316719 -0.65234524191686594 3.8250000000000006 -0.37447172655954952 1559.8065853274404
decision_type=2 2 2 2 2 2 2 2 9 2 2 2 2 2 2 2 2 2 2 2 2 2 2 2 2 9 2 2 2 2 9 2 2 2 2 9 2 2 9 2 2 2 2 2
left_child=4 3 5 10 6 15 7 8 -1 39 11 12 14 -14 -2 16 22 18 21 38 -21 -18 -3 -15 37 -20 -11 28 -16 -29 -17 -32 33 35 -26 -5 -4 -12 -19 -7 -41 42 -42 -6
right_child=1 2 36 32 43 9 -8 -9 -10 26 24 -13 13 23 27 30 17 19 25 20 -22 -23 -24 -25 34 -27 -28 29 -30 -31 31 -33 -34 -35 -36 -37 -38 -39 -40 40 41 -43 -44 -45
leaf_value=-1.6236308769617618 0.646448309665692 2.6239848785330424 7.4743077541395406 0.11420700946440319 -4.3584156363830022 0.25901740468722889 -2.8507255420416184 -1.8931299448914796 0.044462491912020709 1.2527310853655671 0.046523982851156234 -1.3064486265468804 0.93291509359328928 -2.9513216463199754 -2.5671322609819476 -0.93078229951695901 3.3877683856227643 -0.91754709128995726 3.1243052488482657 -2.9485611510259626 1.2935682872115148 9.2623708653855008 -2.6173587521469268 0.52176715181825895 -0.59813827139139275 -1.1090397679118904 -3.2489879302133247 -1.4219517812548452 2.1676426947926415 -0.23840682625887438 0.65816728294456872 -0.62638364941830782 4.0789910054244611 2.1130841158355089 0.81801108459916749 -0.10524959890722584 12.413718361916343 -1.1460966733891109 2.6715799646876119 11.96278245412563 -0.7090723961351818 4.8650501687959009 2.5097290898924234 0.57799010263571116
leaf_weight=235 80 363 123 2972 21 62 98 443 150 281 1557 606 94 56 106 251 292 111 104 118 34 51 42 94 414 217 50 405 35 1405 582 54 24 57 62 3261 327 65 243 68 70 160 52 142
leaf_count=235 80 363 123 2972 21 62 98 443 150 281 1557 606 94 56 106 251 292 111 104 118 34 51 42 94 414 217 50 405 35 1405 582 54 24 57 62 3261 327 65 243 68 70 160 52 142
internal_value=-0.000352433 0.00010416 0.00248201 -0.000665185 -0.00662198 0.00183832 -0.00770651 -0.00698829 -0.00439366 0.00401292 -0.00157498 -0.00231578 -0.00164037 0.00318312 -0.00222146 0.0011807 0.00208368 0.000971712 0.00270592 -0.00129816 -0.0057002 0.00519382 0.00528758 -0.000579614 -0.000556218 3.73715e-05 0.00148596 -0.00249705 -0.00710135 -0.00213635 -0.000419344 0.000738276 5.17889e-05 9.06186e-06 -0.00289225 -5.48684e-05 0.00705843 0.000127612 0.000584581 0.00603494 0.00710368 0.00562566 0.00169533 -0.000441447
internal_weight=16037 14948 3655 11293 1089 3205 926 828 385 743 4979 2881 2275 244 2031 2462 1575 1170 664 506 152 343 405 150 2098 321 331 1951 141 1810 887 636 6314 6290 476 6233 450 1622 354 412 350 282 122 163
internal_count=16037 14948 3655 11293 1089 3205 926 828 385 743 4979 2881 2275 244 2031 2462 1575 1170 664 506 152 343 405 150 2098 321 331 1951 141 1810 887 636 6314 6290 476 6233 450 1622 354 412 350 282 122 163
cat_boundaries=0 1 2 3 4 5
cat_threshold=2661456 16552 922627 403178 2130947
is_linear=0
shrinkage=0.03


Tree=114
num_leaves=45
num_cat=7
split_feature=24 12 22 14 0 13 7 29 7 33 0 23 14 0 17 15 12 16 22 0 31 0 15 22 7 23 33 13 7 32 19 15 7 16 25 18 33 15 13 0 32 0 17 7
split_gain=45.4436 18.2429 18.1823 8.0125 5.57308 5.4908 5.42407 4.819 6.22235 5.44625 4.49345 5.63391 4.97 4.62499 4.30917 8.02387 6.2848 4.75186 4.51827 4.73002 4.60555 4.4202 4.00333 7.00538 6.71811 3.82991 3.76683 3.65396 4.65763 3.57603 3.56386 3.5116 3.44902 3.42344 3.34418 5.7326 3.46095 5.02065 6.2717 3.19151 3.18657 3.13082 3.07203 2.90409
threshold=1253.0000000000002 2896.8333333333335 670.50000000000011 -0.52766804058324157 0 1643.580960830933 359.50000000000006 22.975000000000005 69.500000000000014 5.4450000000000012 1 3910.0000000000005 0.90162119223771331 2 0.07411673974326928 -0.93845867424155849 800.56666666666672 0.3036948619824264 1227.5000000000002 3 7.7999999999999945 4 -0.34234976856068178 3598.4100000000003 268.50000000000006 3350.5000000000005 6.8950000000000005 1663.6706455271435 330.50000000000006 37.95000000000001 321.05000000000001 -0.67801649466304881 349.50000000000006 0.89404822654372251 22.625000000000004 1.7000000000000155 3.4850000000000008 0.96633974041180493 1752.4987596102271 5 1.9499999999999933 6 -0.99763124042248752 292.50000000000006
decision_type=2 2 2 2 9 2 2 2 2 2 9 2 2 9 2 2 2 2 2 9 2 9 2 2 2 2 2 2 2 2 2 2 2 2 2 2 2 2 2 9 2 9 2 2
left_child=2 10 5 4 -3 26 29 9 -9 32 11 12 42 40 16 18 -10 39 19 20 -16 -17 23 -6 -24 -12 33 28 -26 34 -27 -19 -4 -1 36 -36 -5 -38 -39 -18 -14 -33 -2 -29
right_child=1 3 7 6 22 -7 -8 8 14 -11 25 -13 13 -15 15 21 17 31 -20 -21 -22 -23 24 -25 27 30 -28 43 -30 -31 -32 41 -34 -35 35 -37 37 38 -40 -41 -42 -43 -44 -45
leaf_value=-1.5606593869059617 8.0938711384714317 1.5205444500696466 -1.2681306775422263 -3.0605612753863327 4.987427532588331 -0.62518881998689146 7.4770133453059611 0.62797171727734957 -0.88248498033402023 -2.91225721938899 0.14914886710809697 -4.0890031527455992 0.074136381247139976 -2.2665874738765206 -1.0749202785128051 -0.17585631435043297 0.015988641806048916 0.63079088529640559 -0.99447430138907744 -0.61945214786543257 0.7847685961084585 0.39561076800079714 10.198333585636364 -0.60649118989208084 -0.09588606862573669 7.4081168243576343 -2.9743231806391837 1.9940656842174644 11.585905198451464 -2.4703038220157305 -1.2173315821649566 -0.78755302193770371 1.081648229260495 -3.6613999636195342 0.40174866703989437 3.6763477468238714 3.0650949471834861 1.8610299858395409 -2.4199672960507677 -0.48697914078452298 -2.2778854037272027 -1.305459426068271 -0.016602937061345528 11.831001355714479
leaf_weight=312 29 292 508 164 48 141 50 214 398 103 3845 49 231 227 34 442 811 33 173 351 95 581 126 103 159 64 171 190 25 77 21 221 53 59 237 117 186 61 105 679 32 223 3549 448
leaf_count=312 29 292 508 164 48 141 50 214 398 103 3845 49 231 227 34 442 811 33 173 351 95 581 126 103 159 64 171 190 25 77 21 221 53 59 237 117 186 61 105 679 32 223 3549 448
internal_value=-0.000320632 0.000849249 -0.00250031 0.00315188 0.00462368 -0.00708827 0.00109518 -0.00186254 -0.00149045 -0.00424183 0.000165525 -0.000526278 -0.000404857 -0.00323811 -0.00175497 -0.000588867 -0.00258002 -0.00188196 -0.00318787 -0.0016809 0.00310568 0.00106734 0.00558291 0.00107214 0.00635692 0.000890079 -0.00846154 0.00536066 0.00161325 0.000582832 0.00719154 -0.00448962 -0.00306897 -0.00674212 0.00113435 0.0033804 -0.000401085 0.00126953 -0.00251054 -0.0010449 -0.00037349 -0.00519478 -1.59302e-05 0.0064363
internal_weight=16037 10435 5602 2388 1391 683 997 4919 4255 664 8047 4117 4068 490 4041 1676 2365 1967 653 480 129 1023 1099 151 948 3930 542 822 184 947 85 477 561 371 870 354 516 352 166 1490 263 444 3578 638
internal_count=16037 10435 5602 2388 1391 683 997 4919 4255 664 8047 4117 4068 490 4041 1676 2365 1967 653 480 129 1023 1099 151 948 3930 542 822 184 947 85 477 561 371 870 354 516 352 166 1490 263 444 3578 638
cat_boundaries=0 1 2 3 4 5 6 7
cat_threshold=267265 4041746 41986 1130665 19503 1074394 1648730
is_linear=0
shrinkage=0.03


Tree=115
num_leaves=45
num_cat=3
split_feature=21 21 13 16 21 7 17 18 25 7 3 0 12 22 7 16 25 14 23 16 16 13 14 20 7 18 14 13 0 22 21 16 17 17 22 12 20 14 16 16 24 19 20 17
split_gain=46.8474 27.7792 14.9229 9.45186 8.69688 6.92821 6.59229 5.94607 5.28043 5.21891 5.96744 4.86237 4.67998 4.5655 4.29021 4.28853 4.25674 4.0824 4.33751 3.83716 3.56686 3.54688 3.49594 3.49553 3.39231 3.37632 3.24613 5.33127 3.23334 3.44254 3.64217 3.69281 3.10471 3.0821 2.97092 5.3308 4.43931 2.93349 2.93135 2.81851 2.82449 2.74801 2.72404 2.6759
threshold=850.50000000000011 4100.5000000000009 1546.4417666982856 0.90892735371523092 2350.5000000000005 69.500000000000014 0.52766346590117863 42.250000000000014 25.075000000000006 143.50000000000003 0 1 1453.4666666666669 951.50000000000011 3.5000000000000004 -0.59869031648930193 22.925000000000004 -0.76141707087277943 2400.5000000000005 -0.2270106897347694 -0.99152915938811637 1699.1177311401023 0.83376496542330847 22.446428571428577 120.50000000000001 1.7000000000000155 0.79904096188274243 2574.6207332490526 2 2177.5000000000005 1690.5000000000002 0.97364703930971175 0.052657569964411031 0.99530134160901229 2676.0400000000004 2985.0666666666671 22.353571428571435 -0.99275805973510278 0.91161058030431363 -0.92641089502887486 1700.5000000000002 344.9500000000001 24.332142857142863 0.99953765813430351
decision_type=2 2 2 2 2 2 2 2 2 2 9 9 2 2 2 2 2 2 2 2 2 2 2 2 2 2 2 2 9 2 2 2 2 2 2 2 2 2 2 2 2 2 2 2
left_child=2 4 6 5 14 -4 22 11 26 10 12 16 13 -7 -2 -11 -3 41 -19 25 -16 -9 -1 -13 -24 -20 27 34 43 30 37 -32 -29 -21 39 38 -37 -30 -36 -6 -41 -10 -18 -22
right_child=1 7 3 -5 8 9 -8 21 17 15 -12 23 -14 -15 20 -17 42 18 19 33 28 -23 24 -25 -26 -27 -28 32 29 -31 31 -33 -34 -35 35 36 -38 -39 -40 40 -42 -43 -44 -45
leaf_value=-2.8620740858310807 1.8698399416493134 -8.1695336413116451 0.78822101432475222 -2.2732750723520563 -2.9027212050403977 0.047163140191721027 -0.83792836970234819 -2.5858711384360595 5.3928226763324094 0.62281696095818173 -1.1641764106587822 2.6741551357918385 -1.8486493305615117 2.9004313611145305 -0.86196303885002068 -0.97705907400533876 13.858770160256485 2.7968370316568913 -1.0146424019821279 -0.94032652767714808 0.0044101322769961367 2.2322051758455652 -1.8190123517475472 10.848955903633916 0.39657283007814836 3.5803458285015175 -2.1837263863205201 5.8903111443045413 1.3839094611662834 -1.3054699160100154 0.052875577142963266 2.508658139115886 0.099460270329873313 1.3665764819394235 -0.88630485067402787 -2.0441454916711153 1.8416240985107559 -0.28850255251989892 0.18679471730220484 -1.5874365569601194 1.6060570261672524 1.7113120885596527 0.35062124304175085 1.2600797811030304
leaf_weight=274 115 31 66 77 61 208 195 38 244 124 677 53 48 38 280 31 44 93 45 143 5299 71 358 428 31 85 66 67 45 334 1057 76 32 25 559 145 654 2902 155 54 446 84 52 52
leaf_count=274 115 31 66 77 61 208 195 38 244 124 677 53 48 38 280 31 44 93 45 143 5299 71 358 428 31 85 66 67 45 334 1057 76 32 25 559 145 654 2902 155 54 446 84 52 52
internal_value=-0.000345631 0.000291433 -0.00449062 -0.00242061 -2.26405e-05 -0.00175908 -0.00754807 0.006041 0.00140867 -0.00231507 -0.00313253 0.00719783 0.000483394 0.00218204 -0.000439661 0.0027853 0.00140044 0.00364622 0.00156482 -0.000191211 -0.000505918 -0.000384968 -0.00897602 0.00851558 -0.00712413 0.00366641 0.00068867 0.000889053 -0.000409827 -0.0010097 -0.000771305 0.000672491 0.0076892 -0.00319453 0.000562654 -0.000126892 0.00155425 -0.00132741 -0.00201232 0.00242737 0.00317337 0.00611704 0.0046514 8.61763e-05
internal_weight=15962 13835 2127 1269 13118 1192 858 717 2958 1126 971 608 294 246 10160 155 127 719 391 298 10045 109 663 481 389 130 2239 2173 9765 4414 4080 1133 99 168 2074 1513 799 2947 714 561 500 328 96 5351
internal_count=15962 13835 2127 1269 13118 1192 858 717 2958 1126 971 608 294 246 10160 155 127 719 391 298 10045 109 663 481 389 130 2239 2173 9765 4414 4080 1133 99 168 2074 1513 799 2947 714 561 500 328 96 5351
cat_boundaries=0 1 2 3
cat_threshold=12 268299 396539
is_linear=0
shrinkage=0.03


Tree=116
num_leaves=45
num_cat=5
split_feature=21 21 13 21 16 14 3 17 12 25 33 16 16 31 15 18 14 16 0 21 15 0 26 17 0 31 17 17 7 16 18 21 14 13 16 0 27 25 15 32 23 16 16 23
split_gain=44.7873 26.4559 13.7649 10.6895 9.20535 6.70589 9.86344 6.1296 5.70557 4.93446 3.90438 4.78618 5.8742 4.78249 4.84688 6.77356 5.11945 4.32416 4.59068 4.17382 4.15873 4.10991 3.93065 5.14425 3.90307 3.61039 3.55428 3.54597 4.17073 3.66611 3.94571 3.51433 3.4477 4.59634 3.40163 3.35857 3.28748 4.84918 3.27216 3.21013 3.18554 3.9512 3.1038 3.04396
threshold=850.50000000000011 4495.0000000000009 1565.6386499342175 2350.5000000000005 0.93544191479114935 0.62587949062545845 0 0.91160899963879305 1453.4666666666669 25.075000000000006 3.4150000000000005 0.14889030080148793 0.64415889436411822 63.399999999999999 -0.70900320270980455 0.69999999999998674 -0.83377653105606597 0.98519415784776321 1 1650.5000000000002 0.98005052076767474 2 9.8500000000000032 0.91423533665985768 3 129.80000000000004 -0.99531284698386135 -0.18704161936942101 293.50000000000006 -0.2270106897347694 1.7000000000000155 550.50000000000011 0.79904096188274243 2574.6207332490526 0.99971969515277614 4 23.775000000000002 20.475000000000005 -0.99818570902816506 293.35000000000008 805.50000000000011 -0.95753797188986722 -0.78922834539459008 1957.5000000000002
decision_type=2 2 2 2 2 2 9 2 2 2 2 2 2 2 2 2 2 2 9 2 2 9 2 2 9 2 2 2 2 2 2 2 2 2 2 9 2 2 2 2 2 2 2 2
left_child=2 3 7 10 5 -4 8 31 24 32 11 35 22 14 21 17 26 18 -16 39 -18 -12 23 25 -7 -13 -17 28 -11 30 -29 -1 33 -5 -19 -2 37 43 -31 -14 41 -33 -43 -37
right_child=1 -3 4 9 -6 6 -8 -9 -10 27 13 12 19 -15 15 16 20 34 -20 -21 -22 -23 -24 -25 -26 -27 -28 29 -30 38 -32 40 -34 -35 -36 36 -38 -39 -40 -41 -42 42 -44 -45
leaf_value=-3.7847668931197118 -0.058278096856392944 11.409888126380737 0.59031260363017735 0.32042204202278296 -2.2925582727504588 -0.17291185431632755 -1.1064221876691858 0.30081377951577282 -1.7759435315970813 2.2399487328932763 -0.17473202442639149 0.61158098983835085 0.48048376344827826 -0.68548919606712611 0.017521941132924893 -2.0710222140038397 -0.9016876162666756 2.0248086413010049 -0.48870996970152869 -0.20189788073953421 1.4371030372057543 0.39903665751672635 -0.80682775512230365 -0.86703512009463335 1.0085799483757978 -0.81779865586624056 0.066617958376002664 -1.1329291503213312 16.260370794753729 1.7471561972962786 2.7874572870096745 -2.1081229814057845 -2.1182145947309095 3.8154769440963943 -0.41034510250154993 1.8319037170947126 0.12501336302518212 3.4694447605186016 -0.86755760712197116 -0.046292104162338317 -2.7990803791352326 -0.087029168371856258 -1.6004994766252525 -1.4799347945985926
leaf_weight=176 389 431 145 2287 66 112 652 64 49 385 603 243 357 229 2761 25 858 149 1593 135 62 837 254 199 165 60 435 50 54 28 137 88 66 102 44 95 349 269 135 168 92 107 411 46
leaf_count=176 389 431 145 2287 66 112 652 64 49 385 603 243 357 229 2761 25 858 149 1593 135 62 837 254 199 165 60 435 50 54 28 137 88 66 102 44 95 349 269 135 168 92 107 411 46
internal_value=-0.000324957 0.000297938 -0.00437779 6.24436e-05 -0.00223026 -0.00158668 -0.00248134 -0.00709626 0.00177626 0.00156191 -0.000416039 0.000595531 -0.000569875 -0.000757889 -0.000624669 -0.0010042 -0.00284545 -0.000444679 -0.000640086 0.00149523 -0.00413759 0.000935352 -0.00237667 -0.000830512 0.00350776 0.00162323 -0.000254293 0.00362692 0.00542473 0.00136247 0.00423303 -0.00775312 0.000896908 0.00108493 0.00394614 0.00203554 0.00317514 0.00504023 -0.00191294 0.00270806 -0.00678556 -0.00598416 -0.00497394 0.000510276
internal_weight=15962 13835 2127 13404 1189 1123 978 938 326 3244 10160 2564 1416 7596 7367 5927 1380 4547 4354 660 920 1440 756 502 277 303 460 789 439 350 187 874 2455 2389 193 1148 759 410 163 525 698 606 518 141
internal_count=15962 13835 2127 13404 1189 1123 978 938 326 3244 10160 2564 1416 7596 7367 5927 1380 4547 4354 660 920 1440 756 502 277 303 460 789 439 350 187 874 2455 2389 193 1148 759 410 163 525 698 606 518 141
cat_boundaries=0 1 2 3 4 5
cat_threshold=12 28409 17455 45201 1142804
is_linear=0
shrinkage=0.03


Tree=117
num_leaves=45
num_cat=3
split_feature=21 21 16 13 21 16 7 15 3 22 21 15 11 18 12 10 33 31 15 18 14 16 16 10 16 12 27 33 15 0 22 16 10 28 13 12 16 14 15 27 13 0 13 14
split_gain=43.0591 25.2119 13.4994 12.6131 9.72137 6.49141 6.2433 4.91157 5.26382 4.093 8.01005 5.31357 4.4245 5.34942 3.91678 3.85863 3.83113 4.47055 4.46304 5.9089 4.89381 4.44788 5.35157 5.26368 4.22466 4.48943 3.94269 5.41987 3.74622 3.74189 3.71293 3.68749 3.641 3.5836 3.56937 3.55696 3.55103 3.51409 3.39538 3.31504 3.2332 3.19178 3.11157 3.07521
threshold=850.50000000000011 4495.0000000000009 0.90892735371523092 1546.4417666982856 2400.5000000000005 -0.95753797188986722 69.500000000000014 -0.78324956448884031 0 2676.0400000000004 2950.5000000000005 0.5475998096715059 226.97938025123761 86.350000000000037 1453.4666666666669 607.28571428571433 3.4150000000000005 63.399999999999999 -0.70900320270980455 0.69999999999998674 -0.83377653105606597 0.1254553598049121 0.64415889436411822 1680.1428571428573 -0.98803388382128665 2036.1666666666667 29.025000000000002 5.7950000000000008 -0.65883892954715351 1 3300.5000000000005 -0.015051239303264097 809.21428571428589 23.275000000000002 1737.5263485819353 1807.9333333333336 0.96231527631374336 -0.81923160956083974 0.97648852793709995 19.875000000000004 1744.9047198267715 2 1876.4294039723891 -0.53493989022977317
decision_type=2 2 2 2 2 2 2 2 9 2 2 2 2 2 2 2 2 2 2 2 2 2 2 2 2 2 2 2 2 9 2 2 2 2 2 2 2 2 2 2 2 9 2 2
left_child=2 4 3 5 16 -1 -5 32 14 11 43 -6 13 28 34 -7 21 18 26 24 33 31 35 40 25 -20 -18 -28 -12 -26 -14 -2 -8 -21 -9 -23 -30 -19 -22 -37 -24 -32 -13 -11
right_child=1 -3 -4 6 9 15 7 8 -10 10 12 42 30 -15 -16 -17 17 37 19 20 38 22 23 -25 29 -27 27 -29 36 -31 41 -33 -34 -35 -36 39 -38 -39 -40 -41 -42 -43 -44 -45
leaf_value=-2.6226694709645231 0.37861375371697248 11.067591482589314 -2.9691989185978387 0.74201414424939793 2.9115387456897861 -2.267852053659321 0.78270672206442149 -0.2610890236658156 -1.044588656258888 0.18207678878630759 -0.095439770835646406 -2.128848292528887 2.8773412984409923 -1.761865121446567 -1.7226652256491672 -1.0349439176630431 0.030079107920627166 0.9237480481414968 -4.2396123639973942 2.6240767461843939 -0.91327053536957914 -0.61896190478923019 0.11203932582528295 -0.36898601857503877 0.074768693661476385 -0.016832363736057232 2.720987604447588 0.33513549707621221 2.7987856352932292 -0.36704486004676934 0.87289348836916125 1.5468868406976093 -0.72414622518743554 -0.1243887313518212 1.1860724852474585 -0.47314581754538376 4.6288546628472798 -0.89246382618360032 0.50566516598712952 0.82873327824426946 0.86695732394638525 -1.0610114476090076 1.4500318087448385 -0.67748801070350961
leaf_weight=122 990 431 137 66 339 160 76 143 696 168 117 157 321 67 53 516 1182 37 69 24 841 643 446 92 2889 64 72 199 423 1605 470 158 50 450 108 46 72 194 97 96 125 355 191 405
leaf_count=122 990 431 137 66 339 160 76 143 696 168 117 157 321 67 53 516 1182 37 69 24 841 643 446 92 2889 64 72 199 423 1605 470 158 50 450 108 46 72 194 97 96 125 355 191 405
internal_value=-0.000347511 0.000263243 -0.00432138 -0.00369177 3.3348e-05 -0.00661195 -0.00173391 -0.00226179 -0.0029667 0.00151113 0.000924482 0.00355407 0.00189688 0.00381682 0.000372493 -0.00545334 -0.000408175 -0.000743484 -0.000616249 -0.000975642 -0.00267474 0.00058819 -0.000515848 0.00146584 -0.000456441 -0.00572502 0.00087537 0.00413869 0.00470021 -0.000299726 0.000756478 0.00198328 0.0033069 -0.000183506 0.00195938 -0.00219335 0.00584124 -0.00485504 -0.00393028 0.00209008 0.00254246 -0.000305418 0.000939385 -0.00216716
internal_weight=15962 13835 2127 1990 13404 798 1192 1126 1000 3085 2398 687 1825 679 304 676 10319 7723 7492 6039 1412 2596 1448 663 4627 133 1453 271 612 4494 1146 1148 126 474 251 785 495 231 938 142 571 825 348 573
internal_count=15962 13835 2127 1990 13404 798 1192 1126 1000 3085 2398 687 1825 679 304 676 10319 7723 7492 6039 1412 2596 1448 663 4627 133 1453 271 612 4494 1146 1148 126 474 251 785 495 231 938 142 571 825 348 573
cat_boundaries=0 1 2 3
cat_threshold=12 30457 1206505
is_linear=0
shrinkage=0.03


Tree=118
num_leaves=45
num_cat=3
split_feature=21 21 16 10 21 0 3 14 25 21 16 14 25 14 17 27 27 26 0 12 17 29 14 16 21 19 17 26 16 12 14 17 12 11 25 19 16 16 13 33 5 19 16 17
split_gain=41.0203 25.1488 11.9467 12.7443 10.1573 6.36476 8.66674 4.48987 4.13148 3.88748 3.50168 3.27408 4.69281 5.19887 3.51439 8.99645 5.46823 7.2614 5.09819 4.02468 8.3352 4.43652 3.26401 4.30873 4.12347 3.78672 3.4275 3.45876 3.18302 3.17697 3.15323 3.11717 3.08778 2.91055 2.90678 2.86828 2.85805 6.23454 5.16133 4.08069 4.23543 4.57944 3.855 3.63607
threshold=805.50000000000011 4495.0000000000009 0.93544191479114935 607.28571428571433 2400.5000000000005 0 1 0.67167992559793654 25.075000000000006 695.50000000000011 -0.99152915938811637 -0.9954993026558282 24.175000000000004 -0.99763297024448894 -0.11905762902754294 22.375000000000004 28.425000000000004 0.25000000000000006 2 1807.9333333333336 0.24998039114150908 23.675000000000004 -0.76141707087277943 -0.61998829497903662 3000.5000000000005 150.85000000000005 0.67008729192674277 10.400000000000002 -0.99152915938811637 1236.1333333333334 -0.79384350655589164 -0.16587666496079914 1570.2500000000002 747.91120294182758 22.825000000000006 251.75000000000003 0.97364703930971175 0.99351232050787985 2463.4005923731952 4.6050000000000013 1.5000000000000002 313.25000000000006 -0.8983350073998303 -0.94703994556331683
decision_type=2 2 2 2 2 9 9 2 2 2 2 2 2 2 2 2 2 2 9 2 2 2 2 2 2 2 2 2 2 2 2 2 2 2 2 2 2 2 2 2 2 2 2 2
left_child=2 4 3 9 10 28 -7 -8 36 -1 34 12 -12 -14 15 31 19 -18 29 21 -21 -16 23 -10 -25 26 -24 -28 -5 -17 -26 -13 -30 -3 -2 -20 39 -38 -39 40 42 43 -6 -42
right_child=1 33 -4 5 8 6 7 -9 22 -11 11 14 13 -15 16 18 17 -19 35 20 -22 -23 25 24 30 -27 27 -29 32 -31 -32 -33 -34 -35 -36 -37 37 38 -40 -41 41 -43 -44 -45
leaf_value=-2.6786059072546498 -4.1124239930774724 10.735563738111622 -3.1632918406362447 -1.5612381388193659 8.5175063252228291 0.68271480088072045 0.19952552230880541 -1.2089186085359649 15.686239431957887 0.17260386878814757 1.9726505224017159 2.7716268930785688 -1.3626305079526411 2.2292769783209403 -0.56849165623590125 -1.1103414022615357 -0.02587331728921299 1.7431905870706794 -0.071764267528560591 4.5448600408330595 0.12343047258370915 0.0080351881768433477 -0.40836614660120629 10.298866315903783 0.56489739958213014 -0.92002564079655258 2.6077268776227354 -1.1790746429199634 -0.81624629937915583 -0.54081434307318088 4.3897722414485179 -0.76965412516000919 -2.1866346527306337 13.371441688065232 -0.41372772110834827 -0.48733856027105615 4.3955422902788763 -1.1721953832624921 5.6629746317452057 -1.3180231497869543 -4.6916227086515052 -1.031094815008057 0.67726156150910355 0.59146412484937172
leaf_weight=224 83 323 116 43 110 191 129 378 54 27 105 99 64 42 1407 302 210 162 2581 157 1748 2299 127 69 226 42 140 48 652 952 32 21 39 108 214 201 70 87 33 323 42 190 563 929
leaf_count=224 83 323 116 43 110 191 129 378 54 27 105 99 64 42 1407 302 210 162 2581 157 1748 2299 127 69 226 42 140 48 652 952 32 21 39 108 214 201 70 87 33 323 42 190 563 929
internal_value=-0.000341872 0.000199956 -0.00460897 -0.00396411 -2.38128e-05 -0.00286782 -0.000758367 -0.00280797 0.00149169 -0.0102031 -0.000463225 -0.000370721 0.00332544 -0.00110273 -0.000447969 -0.00111812 1.7048e-05 0.00353937 -0.00135948 -0.000216 0.00090389 -0.000792477 0.00345075 0.00538441 0.00407215 0.00137777 0.00251349 0.00508772 -0.00479371 -0.00294043 0.00231306 0.00696919 -0.00435827 0.00733473 -0.00367553 -0.000632857 0.00087427 0.00440295 0.000224813 0.000561865 0.00111063 1.0335e-05 0.00300401 0.000846463
internal_weight=15962 14163 1799 1683 13732 1432 698 507 3085 251 10647 10350 211 106 10139 4156 5983 372 4036 5611 1905 3706 738 381 327 357 315 188 734 1254 258 120 691 431 297 2782 2347 190 120 2157 1834 1161 673 971
internal_count=15962 14163 1799 1683 13732 1432 698 507 3085 251 10647 10350 211 106 10139 4156 5983 372 4036 5611 1905 3706 738 381 327 357 315 188 734 1254 258 120 691 431 297 2782 2347 190 120 2157 1834 1161 673 971
cat_boundaries=0 1 2 3
cat_threshold=2667664 12 2961413
is_linear=0
shrinkage=0.03


Tree=119
num_leaves=45
num_cat=5
split_feature=21 21 0 21 7 3 22 33 17 14 22 22 33 17 19 12 14 27 7 0 25 23 12 0 19 33 33 13 33 25 27 7 26 27 14 19 27 18 0 13 22 26 17 17
split_gain=39.084 23.3252 11.0189 8.98544 5.46731 6.86619 5.15973 4.02951 6.31177 6.13556 4.5675 4.55275 4.06478 6.17626 6.24641 4.32517 3.77859 4.11611 3.72463 3.53921 3.96936 4.03711 3.4367 3.33468 3.30674 3.12661 4.64002 4.17874 4.50988 5.20356 4.40461 3.9097 3.76745 3.91549 3.79414 3.56646 4.90838 3.5253 3.31804 3.28836 5.08161 3.5927 3.25113 7.16779
threshold=805.50000000000011 4495.0000000000009 0 2350.5000000000005 57.500000000000007 1 650.50000000000011 4.6250000000000009 0.43733605198774955 -0.59176244063315286 2676.0400000000004 2400.5000000000005 3.1050000000000004 0.82414901459271639 0.94999999999999307 2502.9166666666674 0.91596454896554913 28.875000000000004 3.5000000000000004 2 23.475000000000005 2450.5000000000005 772.41666666666686 3 55.750000000000007 3.4150000000000005 4.2150000000000007 1725.3944585736563 4.3450000000000006 23.075000000000006 19.875000000000004 318.50000000000006 4.7500000000000009 20.175000000000004 -0.9954993026558282 247.25000000000003 24.225000000000005 28.700000000000014 4 1843.194851743239 2245.5000000000005 3.6500000000000008 0.82414901459271639 0.91423533665985768
decision_type=2 2 9 2 2 9 2 2 2 2 2 2 2 2 2 2 2 2 2 9 2 2 2 9 2 2 2 2 2 2 2 2 2 2 2 2 2 2 9 2 2 2 2 2
left_child=2 3 6 18 -4 22 -1 8 9 19 -10 -9 -12 14 -14 -15 17 -7 -2 -5 21 -21 -6 -13 -3 32 42 30 29 -29 -28 -32 33 -20 -34 36 -36 -37 -30 41 -41 -35 -27 -44
right_child=1 24 4 7 5 16 -8 11 10 -11 12 23 13 15 -16 -17 -18 -19 25 20 -22 -23 -24 -25 -26 26 27 28 38 -31 31 -33 34 39 35 37 -38 -39 -40 40 -42 -43 43 -45
leaf_value=-2.3377629164314531 1.7459864053978265 6.7421875216363789 -1.9523253492219577 0.74744626644615431 -0.61707967738452107 0.43337261272761335 -1.0321992805734055 2.0150354371252024 0.91483599459306331 3.8847980673040001 -0.80115269699309921 0.24923572855301698 -2.9352235614168056 0.068804647442630082 3.2171712317442731 -2.7614759309522898 -1.8427063834021566 -0.74143724736532701 -0.61685072007600183 8.3058098378487593 3.741441275125978 -1.2483089118319299 0.96623428090532115 -1.8825281043542417 10.963219153152277 -0.59070245046759284 -3.3085236998857317 4.6957370903089304 -0.050685553562268525 -0.28517830999351301 0.21793821076058748 -7.6190988406411151 1.4593249151180474 0.13442312148288693 0.35661606466986878 1.1559718064320315 -0.37140661955676135 -0.63878976141783361 -0.47441969113818344 2.392141884915211 -1.9525473827933615 1.7082894086913143 0.97322310500947418 -0.50164050610960886
leaf_weight=411 116 144 57 843 50 104 603 120 400 167 375 223 22 86 186 54 261 167 199 21 412 114 146 221 287 1388 49 77 1443 76 2119 21 68 731 440 24 418 329 1522 205 40 109 277 837
leaf_count=411 116 144 57 843 50 104 603 120 400 167 375 223 22 86 186 54 261 167 199 21 412 114 146 221 287 1388 49 77 1443 76 2119 21 68 731 440 24 418 329 1522 205 40 109 277 837
internal_value=-0.000343752 0.000185129 -0.00450892 -3.03668e-05 -0.00175072 -0.00106716 -0.00655893 0.00134922 0.00183463 0.00307109 0.000117532 -0.000951959 -0.00130272 0.00102557 0.00431043 -0.00383298 -0.00281682 -0.000376245 -0.000457376 0.00241493 0.00427571 -8.88231e-05 0.00362445 -0.00235758 0.00705637 -0.000517446 -0.000815971 -0.000313165 -0.00101889 0.00399739 0.000690695 0.000895753 0.000390933 0.0015396 -0.000759909 -0.00114937 -0.000101387 -0.00368734 -0.00127888 0.00225048 0.00531212 0.00135341 -0.00188122 -0.000670496
internal_weight=15962 14163 1799 13732 785 728 1014 3244 2680 1557 1123 564 723 348 208 140 532 271 10488 1390 547 135 196 444 431 10372 7809 5307 3118 153 2189 2140 2563 1284 1279 1211 858 353 2965 1085 245 840 2502 1114
internal_count=15962 14163 1799 13732 785 728 1014 3244 2680 1557 1123 564 723 348 208 140 532 271 10488 1390 547 135 196 444 431 10372 7809 5307 3118 153 2189 2140 2563 1284 1279 1211 858 353 2965 1085 245 840 2502 1114
cat_boundaries=0 1 2 3 4 5
cat_threshold=2667537 12 2405553 287841 296184
is_linear=0
shrinkage=0.03


Tree=120
num_leaves=45
num_cat=1
split_feature=21 21 21 16 12 31 12 20 20 20 21 16 11 7 7 22 26 28 3 22 29 15 15 29 27 28 7 20 27 33 26 16 20 7 27 7 16 16 33 33 16 24 28 27
split_gain=40.0031 17.3631 15.5254 6.55968 7.38459 5.63035 4.91077 4.92859 4.78318 4.65005 4.27662 4.28332 4.05425 3.86717 4.22628 3.59952 3.54616 3.41772 3.59605 4.79655 3.82638 3.30606 4.63668 3.22066 3.3074 3.04097 3.00278 2.90237 2.86548 2.73901 6.22404 4.78149 4.76462 8.43548 4.65232 3.8725 3.68291 4.0877 3.48484 8.70364 4.68848 5.83742 3.61863 3.57826
threshold=1265.5000000000002 4300.5000000000009 700.50000000000011 0.90892735371523092 678.75000000000011 39.850000000000001 2896.8333333333335 20.553571428571434 20.06071428571429 23.18214285714286 577.50000000000011 -0.95753797188986722 250.82007648065434 71.500000000000014 80.500000000000014 1749.7900000000002 29.150000000000002 31.200000000000003 0 620.50000000000011 25.825000000000006 0.99530134160901229 0.98005052076767474 18.225000000000005 19.875000000000004 25.875000000000004 23.500000000000004 22.396428571428576 20.075000000000006 3.3950000000000005 5.4500000000000011 0.074116354202380205 25.325000000000006 286.50000000000006 18.575000000000003 179.50000000000003 -0.96929669384506845 -0.74514031746906351 5.6050000000000013 6.4150000000000009 0.95566275305367776 1377.5000000000002 26.325000000000006 24.075000000000006
decision_type=2 2 2 2 2 2 2 2 2 2 2 2 2 2 2 2 2 2 9 2 2 2 2 2 2 2 2 2 2 2 2 2 2 2 2 2 2 2 2 2 2 2 2 2
left_child=2 6 3 4 10 12 23 -8 26 15 -1 -12 -3 25 -15 -10 21 18 20 -20 -16 22 28 24 -2 -11 -4 -14 -9 30 34 35 38 -34 -25 -32 -36 -38 40 -40 42 -42 -31 -41
right_child=1 5 8 -5 -6 -7 7 16 9 13 11 -13 27 14 17 -17 -18 -19 19 -21 -22 -23 -24 29 -26 -27 -28 -29 -30 32 31 -33 33 -35 36 -37 37 -39 39 43 41 -43 -44 -45
leaf_value=-3.433831851037159 -0.11114346624790186 10.679144392704556 2.0892649576066891 -2.4432116475873578 -0.70871690435644097 -0.80620956770528662 -2.4521660817206063 4.2057957496598792 -1.2300764248790939 0.060122570303321368 -1.8171995717703657 -1.0883165754815503 -0.43485251529889407 -1.9369965385074237 -0.98921076072428038 8.2963351114217101 -3.2742360414069913 -0.81816058884018783 -4.9781677265007938 -0.19518292681402441 0.473788270685086 5.0444809965045145 -1.5743631384648096 -0.95605671963380701 2.7171474384879364 1.613751210539359 0.45416837747748329 10.7925365986237 1.3577139841965777 -0.3819762809968506 -0.4055020499788452 -0.27145840997887943 0.088819477516185547 11.850394928442958 5.4038781174448571 1.4000582626849836 -1.0672230574330979 0.98048993730824796 -2.0691180961344027 4.3621130676401956 2.1968925477860592 0.13863483765979709 1.4998596204257182 0.077424321262665213
leaf_weight=138 52 101 24 87 540 76 58 50 717 140 58 188 56 227 123 22 20 244 56 2558 391 59 74 91 105 76 45 318 1598 2625 109 734 1803 102 32 222 97 1031 253 23 98 506 31 103
leaf_count=138 52 101 24 87 540 76 58 50 717 140 58 188 56 227 123 22 20 244 56 2558 391 59 74 91 105 76 45 318 1598 2625 109 734 1803 102 32 222 97 1031 253 23 98 506 31 103
internal_value=-0.000273456 0.000826884 -0.0023104 -0.00567896 -0.00493128 0.0060098 0.000537358 0.00192674 -0.00157297 -0.00169232 -0.00811507 -0.00571719 0.00722374 -0.00126917 -0.00150371 -0.00387228 0.00220532 -0.00123573 -0.00096768 -0.00141649 0.00131082 0.00234799 0.00210615 0.000214791 0.00446849 0.00262379 0.00625181 0.00576584 0.00243735 0.000129388 0.000996071 -0.000687259 -0.000232139 0.000982626 0.00243146 0.00230142 0.00294544 0.00265668 -0.000868896 -0.00359272 -0.00055121 0.00183248 -0.00109446 0.00283109
internal_weight=16061 10427 5634 1011 924 551 9876 1859 4623 4554 384 246 475 3815 3599 739 1801 3372 3128 2614 514 1781 1722 8017 157 216 69 374 1648 7860 2316 1065 5544 1905 1251 331 1160 1128 3639 379 3260 604 2656 126
internal_count=16061 10427 5634 1011 924 551 9876 1859 4623 4554 384 246 475 3815 3599 739 1801 3372 3128 2614 514 1781 1722 8017 157 216 69 374 1648 7860 2316 1065 5544 1905 1251 331 1160 1128 3639 379 3260 604 2656 126
cat_boundaries=0 1
cat_threshold=12
is_linear=0
shrinkage=0.03


Tree=121
num_leaves=45
num_cat=7
split_feature=21 21 10 31 15 3 20 22 32 16 22 15 0 12 20 0 0 15 21 32 0 15 20 26 0 16 13 29 31 14 33 26 14 17 27 33 32 33 20 23 19 0 15 14
split_gain=38.5632 17.0958 15.0723 5.54971 5.32144 7.30947 9.04809 7.99611 6.29195 6.11584 5.19436 4.75437 6.39151 4.43809 4.83616 4.75801 4.31005 4.06505 3.85585 3.54716 3.4731 3.35852 4.49814 4.26199 3.23987 3.18679 3.04614 2.97706 2.95824 2.8239 2.7882 3.82972 3.75087 3.57842 3.0955 3.27254 4.11273 2.78571 2.77694 2.55242 2.44069 2.64955 2.86389 2.58454
threshold=1265.5000000000002 4300.5000000000009 607.28571428571433 39.850000000000001 -0.73865259438682551 0 27.210714285714289 912.23500000000013 2.049999999999994 0.95752911693909493 1177.5000000000002 -0.93845867424155849 1 2896.8333333333335 20.553571428571434 2 3 -0.96466008222729416 912.23500000000013 54.750000000000007 4 0.99349222267034787 24.225000000000005 6.7500000000000009 5 0.99683609994235922 1597.2374436230687 22.625000000000004 0.70000000000000184 -0.8821812062722818 3.3650000000000007 4.3500000000000005 -0.97113884758256674 -0.71502926860092908 20.175000000000004 3.2650000000000001 135.25000000000003 6.9350000000000014 20.503571428571433 1050.4500000000003 1.7999999999999996 6 0.34033495509342487 -0.98664820696349753
decision_type=2 2 2 2 2 9 2 2 2 2 2 2 9 2 2 9 9 2 2 2 9 2 2 2 9 2 2 2 2 2 2 2 2 2 2 2 2 2 2 2 2 9 2 2
left_child=2 13 37 19 11 7 8 -6 9 16 38 12 17 24 -15 21 28 -4 -11 29 -13 22 23 -16 39 40 -12 -20 -7 -3 31 34 -33 -34 -26 36 -36 -1 -10 -2 41 -9 -43 -42
right_child=1 3 4 -5 5 6 -8 25 10 18 26 20 -14 14 15 -17 -18 -19 27 -21 -22 -23 -24 -25 30 -27 -28 -29 -30 -31 -32 32 33 -35 35 -37 -38 -39 -40 -41 43 42 -44 -45
leaf_value=-1.4905175964743602 -3.1584776943528028 15.692089620449391 -0.36929174704970591 -0.78202328067413418 -1.2411341904090942 -0.96975176098689297 0.42484879369585654 0.25795974648909237 1.9929736318721734 -3.0336360077332518 -2.9980334277546032 -0.15790010993762621 0.14471994641595073 -2.378601099268991 1.5197335095325046 0.45980328640180118 0.13511232443958249 -1.4898147436168745 -2.5474905869097824 10.665400880377783 0.28677436315381555 5.0050514429860637 2.4712941404060165 -2.8892940299462859 -0.25033165155206688 0.70427640545913617 -0.27923032532764863 0.50473218975119494 -3.3735375732334125 5.0524721658088856 0.051845108539973803 2.5046897552476479 -1.2113464122882214 0.026171008791443455 0.12016816702809592 2.6963404600934879 1.3598112621386098 -3.3225604152485761 0.1971177362249216 -0.058172151636510988 0.43133600067008271 -0.70003205441119687 1.5753110520114342 -0.6984634082982234
leaf_weight=161 58 28 267 76 976 175 471 212 45 99 75 342 234 58 570 832 202 125 37 288 484 49 324 26 112 34 81 37 42 159 2993 68 49 514 195 67 229 102 327 3732 63 210 30 803
leaf_count=161 58 28 267 76 976 175 471 212 45 99 75 342 234 58 570 832 202 125 37 288 484 49 324 26 112 34 81 37 42 159 2993 68 49 514 195 67 229 102 327 3732 63 210 30 803
internal_value=-0.000267852 0.000812498 -0.0022678 0.00595536 -0.00192363 -0.00249853 -0.000906877 -0.00356572 -0.00238104 -0.00450431 0 -0.000369809 -0.00234308 0.000525207 0.00184605 0.00212204 -0.002534 -0.00461825 -0.00925477 0.0071606 0.00112214 0.0035359 0.00315944 0.00160544 0.000218533 -0.00208343 -0.00459321 -0.0040081 -0.00533686 0.00391235 0.000788747 0.00199092 0.000351767 -0.000447523 0.00370088 0.00472816 0.00374204 -0.00928164 0.0019269 -0.000417621 -0.00231925 -0.00052422 -0.00262695 -0.00325251
internal_weight=16061 10427 5634 551 5371 3919 1591 2328 1120 592 528 1452 626 9876 1859 1801 419 392 173 475 826 969 920 596 8017 1352 156 74 217 187 4227 1234 631 563 603 491 424 263 372 3790 1318 452 240 866
internal_count=16061 10427 5634 551 5371 3919 1591 2328 1120 592 528 1452 626 9876 1859 1801 419 392 173 475 826 969 920 596 8017 1352 156 74 217 187 4227 1234 631 563 603 491 424 263 372 3790 1318 452 240 866
cat_boundaries=0 1 2 3 4 5 6 7
cat_threshold=2 2666579 649259 2661378 1056831 3141637 2655289
is_linear=0
shrinkage=0.03


Tree=122
num_leaves=45
num_cat=4
split_feature=21 21 10 21 20 29 21 7 12 7 24 0 0 22 21 22 21 25 17 12 27 27 7 7 17 27 5 18 10 5 20 7 17 0 32 25 31 0 27 31 32 24 20 7
split_gain=36.4877 16.816 14.8578 5.1345 5.05759 6.74562 5.28073 3.96104 4.75705 4.05627 3.87475 3.63855 3.54406 3.90077 5.69431 4.0573 3.74214 3.72825 3.52232 4.09438 3.51067 3.48233 5.74596 4.89576 11.5557 5.40674 4.52896 3.86947 3.98137 3.67706 3.83874 3.87917 3.46594 3.29762 3.27345 3.22699 3.18059 3.06806 2.97973 4.40808 2.93672 2.8859 2.86639 3.8678
threshold=1265.5000000000002 4500.5000000000009 607.28571428571433 2997.5000000000005 20.06071428571429 23.875000000000004 795.50000000000011 143.50000000000003 800.56666666666672 162.50000000000003 747.50000000000011 0 1 2649.2200000000007 2425.1300000000006 2177.5000000000005 2100.5000000000005 23.925000000000004 0.99351059783078122 1638.7666666666669 28.725000000000005 23.925000000000004 268.50000000000006 292.50000000000006 -0.51297720034420879 24.475000000000005 1.5000000000000002 1.7000000000000155 3814.428571428572 1.0000000180025095e-35 25.210714285714293 232.50000000000003 0.93992883619806145 2 54.750000000000007 22.975000000000005 31.300000000000015 3 24.625000000000004 78.600000000000009 5.9499999999999975 3800.5000000000005 20.667857142857148 357.50000000000006
decision_type=2 2 2 2 2 2 2 2 2 2 2 9 9 2 2 2 2 2 2 2 2 2 2 2 2 2 2 2 2 2 2 2 2 9 2 2 2 9 2 2 2 2 2 2
left_child=2 3 -1 12 -4 6 40 8 -7 20 -10 -11 13 14 15 16 36 -16 32 -20 -9 22 35 25 -25 -23 -24 28 -26 -27 31 -31 -14 -12 -3 -5 -2 -8 39 -13 -6 -28 43 -34
right_child=1 34 4 21 5 7 37 9 10 11 33 38 18 -15 17 -17 -18 -19 19 -21 -22 23 26 24 27 29 41 -29 -30 30 -32 -33 42 -35 -36 -37 -38 -39 -40 -41 -42 -43 -44 -45
leaf_value=-2.1465688478071638 0.050111941163517026 8.4177084685741548 1.205582610379738 1.5400454464961035 -2.7457211056874335 -0.75068769151036918 -0.15024350315268747 1.0341070933510559 0.44682915875365325 0.20987970969081515 -0.079185602227792057 0.23598354383338802 0.17127848208944327 -0.72379494801411959 0.21570606477076126 -0.97896314157221809 1.712015692547493 3.9585930399990499 -0.42304547120750613 1.6687715694026224 -0.12177529332132678 -1.2443297014507289 3.8036594841722127 12.560141566872225 2.3630502740803374 -1.9776265607645722 -1.3839677896655962 6.674337944551521 -3.4037792376286733 -1.1339004549978471 -0.44837118688931921 2.6208735791404614 3.0251215205736854 -0.68200145767034193 10.768498236498072 4.653427264058009 -0.30849512138406227 -1.1170907678586239 -0.58850831315673813 -0.61491873974909594 -1.6481739318557673 2.7555344778469317 -0.57628229169649436 -1.1736919175998923
leaf_weight=263 2060 142 71 80 144 541 361 222 241 233 755 293 3606 383 95 372 173 105 89 184 178 163 223 124 109 66 250 30 100 57 136 309 48 1065 237 127 557 665 370 129 103 170 406 26
leaf_count=263 2060 142 71 80 144 541 361 222 241 233 755 293 3606 383 95 372 173 105 89 184 178 163 223 124 109 66 250 30 100 57 136 309 48 1065 237 127 557 665 370 129 103 170 406 26
internal_value=-0.000258513 0.000792358 -0.0022039 0.000558016 -0.00186219 -0.00196921 -0.00387401 -0.00136624 -0.00206256 -9.26251e-05 -0.00140313 -0.00109453 0.000225441 -0.000450587 -0.00012403 -0.00043547 -4.1934e-05 0.00478261 0.000806116 0.00410839 0.00246688 0.0019428 0.00338431 0.000819852 0.00366841 -0.00059089 0.00197792 -0.000175659 -0.00163558 0.000786833 0.001667 0.0032696 0.000586623 -0.00187737 0.00699552 0.00773539 -0.000325551 -0.00292077 -0.00205336 -0.000348259 -0.0078187 0.000135682 -0.00180587 0.00360324
internal_weight=16061 10427 5634 10048 5371 5300 1273 4027 2602 1425 2061 1025 8104 3745 3362 3162 2790 200 4359 273 400 1944 850 1094 363 731 643 239 209 568 502 366 4086 1820 379 207 2617 1026 792 422 247 420 480 74
internal_count=16061 10427 5634 10048 5371 5300 1273 4027 2602 1425 2061 1025 8104 3745 3362 3162 2790 200 4359 273 400 1944 850 1094 363 731 643 239 209 568 502 366 4086 1820 379 207 2617 1026 792 422 247 420 480 74
cat_boundaries=0 1 2 3 4
cat_threshold=1132680 3665925 148031 90336
is_linear=0
shrinkage=0.03


Tree=123
num_leaves=45
num_cat=5
split_feature=21 21 10 21 21 16 3 13 20 20 11 31 32 31 14 33 7 7 0 20 20 32 33 31 0 17 14 0 28 28 17 11 33 23 14 31 24 3 17 15 31 12 24 11
split_gain=34.7703 16.1213 14.0766 4.96974 4.94487 6.01352 4.85299 4.7029 3.6487 5.04365 3.60593 5.52475 3.75942 4.14343 4.54035 4.92059 4.39451 5.4697 3.78584 3.64234 3.48303 3.37239 3.35359 3.3121 3.19233 3.19144 3.11366 3.10885 3.10039 3.02089 3.70133 2.99781 2.83029 2.76534 2.94035 3.85893 2.9347 2.7406 4.00061 4.50656 3.84657 3.80889 3.4849 2.59144
threshold=1265.5000000000002 4500.5000000000009 607.28571428571433 2997.5000000000005 715.50000000000011 0.93544191479114935 0 1607.0096188322539 20.425000000000001 23.18214285714286 172.51638983559806 93.950000000000031 230.95000000000002 0.20000000000000182 -0.52766804058324157 3.1050000000000004 293.50000000000006 278.50000000000006 1 24.675000000000004 25.175000000000004 54.750000000000007 6.8550000000000013 1.500000000000002 2 0.99924179677339053 0.65883702558178847 3 19.875000000000004 23.525000000000002 -0.19969970580767249 77.980461533350862 5.0850000000000009 1050.4500000000003 -0.9954993026558282 131.85000000000005 2900.5000000000005 4 0.097680735332368748 -0.93845867424155849 1.000000000000002 1525.9666666666669 995.5100000000001 312.61047453110206
decision_type=2 2 2 2 2 2 9 2 2 2 2 2 2 2 2 2 2 2 9 2 2 2 2 2 9 2 2 9 2 2 2 2 2 2 2 2 2 9 2 2 2 2 2 2
left_child=2 3 22 24 5 6 7 -4 28 27 11 20 13 -12 16 -16 17 -15 19 -14 -5 -3 31 -17 33 -26 -8 -10 -6 30 -11 -1 -29 -2 -35 36 -36 38 42 -40 -39 -42 -31 -38
right_child=1 21 4 10 8 -7 26 -9 9 29 12 -13 18 14 15 23 -18 -19 -20 -21 -22 -23 -24 -25 25 -27 -28 32 -30 37 -32 -33 -34 34 35 -37 43 40 39 -41 41 -43 -44 -45
leaf_value=-1.9057624461747933 -2.2761659586377778 8.165177214516925 -0.40420063951265434 2.9985734146977028 -1.1018119446787544 -2.126952724511014 -0.1188415770787094 1.0152228409947417 -1.5987287139000932 -0.30304606644391241 0.072241282581862826 -2.5802471145128312 -1.4272696361800195 7.1473245006827613 -3.4811349233226792 -0.90797665028052954 14.869308598219318 -0.25284792240533988 0.90346876589210745 -0.098446221494928057 -0.59120261947377228 10.445443289403128 -3.1120514751162145 2.6024269677923257 0.13026557614444301 1.8084719488722065 -1.5132986022407453 -0.00010399001667792617 1.7287239787723365 -0.82978780025334908 0.67158697074563856 -0.1857485701985945 -2.3164008775800773 2.4813876847911067 -0.031724684205989888 -0.820727105075714 -1.8330863467856897 0.21372483488348734 -0.560535242275223 0.10456926447509886 -0.020319038721012816 -3.8818678222314995 -0.2860436377460962 -0.77304469149404897
leaf_weight=72 57 142 113 359 44 62 125 81 387 146 495 39 110 78 68 74 159 102 168 109 42 237 124 141 4617 69 414 236 78 596 191 67 62 71 3021 55 48 593 451 709 92 57 934 166
leaf_count=72 57 142 113 359 44 62 125 81 387 146 495 39 110 78 68 74 159 102 168 109 42 237 124 141 4617 69 414 236 78 596 191 67 62 71 3021 55 48 593 451 709 92 57 934 166
internal_value=-0.000262249 0.000763587 -0.0021613 0.000534131 -0.00182868 -0.00401459 -0.00324922 0.000867222 -0.00144818 -0.00158887 0.00189651 0.00428766 0.00119473 0.0020786 0.00370841 0.000890145 0.00605131 0.0028151 -0.00134849 -0.00384985 0.00534031 0.00683725 -0.00893957 0.00312413 0.000206932 0.000714848 -0.00466582 -0.00395855 0.00366093 -0.00115731 0.0015485 -0.00569375 -0.00145083 -0.000489192 -0.000378448 -0.000509711 -0.000374641 -0.00142391 -0.00186549 -0.000540471 0.000195453 -0.00410463 -0.0028802 -0.00376927
internal_weight=16061 10427 5634 10048 5371 795 733 194 4576 4454 1944 440 1504 1117 622 283 339 180 387 219 401 379 263 215 8104 4686 539 685 122 3769 337 139 298 3418 3361 3290 3235 3432 2690 1160 742 149 1530 214
internal_count=16061 10427 5634 10048 5371 795 733 194 4576 4454 1944 440 1504 1117 622 283 339 180 387 219 401 379 263 215 8104 4686 539 685 122 3769 337 139 298 3418 3361 3290 3235 3432 2690 1160 742 149 1530 214
cat_boundaries=0 1 2 3 4 5
cat_threshold=12 2679971 3600389 2661458 2
is_linear=0
shrinkage=0.03


Tree=124
num_leaves=45
num_cat=1
split_feature=21 21 21 22 21 29 3 21 20 16 20 27 27 16 22 32 23 19 27 16 16 27 16 16 20 16 5 20 29 20 16 20 26 33 25 17 5 5 17 12 17 5 33 24
split_gain=33.3717 16.1825 14.0942 6.15487 4.83268 4.79312 4.50468 4.36168 4.08237 4.08001 4.01827 3.70762 3.42925 3.48065 3.40495 3.37239 3.20722 3.18571 3.17967 5.60627 5.53283 5.8769 4.37168 4.21677 4.40122 4.14573 3.95078 3.53996 3.5016 3.37921 6.93759 3.31842 2.98874 3.60365 3.0055 2.9829 6.27954 12.2261 5.21239 3.74392 3.70143 3.0576 3.84047 5.27574
threshold=1265.5000000000002 4500.5000000000009 700.50000000000011 677.50000000000011 2997.5000000000005 23.375000000000004 0 550.50000000000011 20.06071428571429 0.60726729507090926 23.18214285714286 22.425000000000004 28.875000000000004 0.90892735371523092 1749.7900000000002 54.750000000000007 700.50000000000011 10.750000000000002 23.925000000000004 0.38044714639866822 0.99463153969809781 24.475000000000005 -0.58482091572441486 -0.92641089502887486 25.06071428571429 0.97109394436505758 1.5000000000000002 23.460714285714293 24.075000000000006 23.18214285714286 -0.61998829497903662 24.31785714285715 18.350000000000005 1.7400000000000002 31.200000000000003 0.9899370942838045 3.5000000000000004 1.5000000000000002 0.93544678080366561 1644.1000000000001 0.99897831515029056 2.5000000000000004 5.4850000000000012 1898.6550000000002
decision_type=2 2 2 2 2 2 9 2 2 2 2 2 2 2 2 2 2 2 2 2 2 2 2 2 2 2 2 2 2 2 2 2 2 2 2 2 2 2 2 2 2 2 2 2
left_child=2 4 3 7 35 -5 9 16 -4 -7 14 -12 13 -9 -10 -3 -1 -8 19 22 21 23 26 28 31 29 27 -6 -20 -23 -31 -25 33 -13 -35 38 37 39 41 -37 -38 -2 43 -43
right_child=1 15 8 5 18 6 17 12 10 -11 11 32 -14 -15 -16 -17 -18 -19 20 -21 -22 25 -24 24 -26 -27 -28 -29 -30 30 -32 -33 -34 34 -36 36 40 -39 -40 -41 -42 42 -44 -45
leaf_value=-3.1242263917740716 0.21520169392598973 7.9202218980814179 1.1539766430434792 -2.8108029570917266 1.8185041298526174 1.0935231100418354 -1.1593350184494722 -0.32954701201464898 -1.1033226379201277 -1.1709589046617588 1.0886824772205193 1.2631221383972502 -1.7678331167790009 -1.3708987661710035 8.060405749132018 10.132079990721023 0.13617670363192927 1.6700563737428626 10.729885874445642 3.3731934235383911 -2.283112461301207 -3.3837643868580991 -4.3918301006600631 -1.1358941496603938 2.658268826556732 3.8887361582228777 1.0935082283090058 8.7211215506311373 -1.5842522805259387 9.0911767265256085 0.30590803061149924 -3.4134307952280412 -0.85867730930059338 -0.16093877237577772 -0.75164317459486485 0.023512461370287382 3.6043863577289357 -1.0644969695539077 -0.4187378697908184 2.778079361038019 0.70421198076502711 -0.19051869731072202 -0.48240149253241948 0.57923022886484887
leaf_weight=161 3462 142 69 72 141 92 262 183 717 24 34 54 141 33 22 237 20 23 32 206 39 46 55 119 38 48 375 73 55 157 501 59 98 3385 244 84 107 232 871 137 72 1334 739 1066
leaf_count=161 3462 142 69 72 141 92 262 183 717 24 34 54 141 33 22 237 20 23 32 206 39 46 55 119 38 48 375 73 55 157 501 59 98 3385 244 84 107 232 871 137 72 1334 739 1066
internal_value=-0.000252909 0.000752079 -0.00211338 -0.00532292 0.000522188 -0.00281547 -0.0015258 -0.00752091 -0.00141074 0.0033069 -0.00152105 -0.00112762 -0.00557827 -0.00317908 -0.00354756 0.00683725 -0.0113308 -0.00349712 0.00186564 0.00324315 0.000792432 0.00120557 0.00185841 -0.00231607 -0.00456733 0.00262864 0.00261755 0.00587109 0.00323766 0.0020409 0.00259383 -0.0065525 -0.00121711 -0.00107844 -0.00119368 0.000199529 0.00217845 0.000291326 3.1718e-05 0.005346 0.00693467 0.000319947 -0.000357427 0.000223741
internal_weight=16061 10427 5634 1011 10048 473 401 538 4623 116 4554 3815 357 216 739 379 181 285 1944 850 1094 1055 644 303 216 752 589 214 87 704 658 178 3781 3683 3629 8104 632 453 7472 221 179 6601 3139 2400
internal_count=16061 10427 5634 1011 10048 473 401 538 4623 116 4554 3815 357 216 739 379 181 285 1944 850 1094 1055 644 303 216 752 589 214 87 704 658 178 3781 3683 3629 8104 632 453 7472 221 179 6601 3139 2400
cat_boundaries=0 1
cat_threshold=12
is_linear=0
shrinkage=0.03


Tree=125
num_leaves=45
num_cat=3
split_feature=21 12 21 22 21 32 0 11 18 16 13 0 24 0 25 25 16 7 16 7 26 33 17 17 17 13 7 20 32 20 33 18 17 21 16 21 19 33 6 27 27 11 33 19
split_gain=35.5636 17.6231 7.7663 7.35567 6.63052 5.60451 4.33618 4.12321 5.45643 3.98552 3.99799 4.36438 4.07897 3.97235 3.8152 5.21688 5.44124 5.18891 4.55415 4.18114 5.6148 6.21894 3.80515 5.61751 6.70877 6.51289 3.7907 3.71635 3.58877 3.66021 4.02326 3.55281 3.42553 3.35756 3.99253 3.24597 3.22547 2.93203 4.51299 2.82404 2.62609 2.61892 2.98589 2.53374
threshold=715.50000000000011 2920.1000000000004 4550.5000000000009 830.50000000000011 1500.5000000000002 54.750000000000007 0 262.76913640612509 77.250000000000014 -0.99629805505515945 2215.2990044031317 1 747.50000000000011 2 24.975000000000005 24.375000000000004 -0.96929669384506845 288.50000000000006 -0.89405649444168434 45.500000000000007 1.5500000000000003 3.9150000000000005 0.86113879051459274 0.6952237066490784 0.35444694528809534 1722.6421540394788 42.500000000000007 25.089285714285719 223.75000000000003 25.06071428571429 3.5950000000000002 21.750000000000011 -0.79384213008979243 900.50000000000011 0.99572776335819457 577.50000000000011 1.0499999999999967 6.9350000000000014 2.5000000000000004 22.725000000000005 25.675000000000004 114.5643923739669 4.8650000000000011 0.099999999999999964
decision_type=2 2 2 2 2 2 9 2 2 2 2 9 2 9 2 2 2 2 2 2 2 2 2 2 2 2 2 2 2 2 2 2 2 2 2 2 2 2 2 2 2 2 2 2
left_child=3 4 7 6 9 -4 35 8 26 -2 11 -11 -13 40 15 18 -17 28 -6 -18 36 -22 23 24 -20 -25 -3 39 29 41 -31 -32 -29 43 -35 -1 -21 38 -8 -28 -9 42 -16 -14
right_child=1 2 5 -5 14 -7 37 13 -10 10 -12 12 33 -15 17 16 19 -19 22 20 21 -23 -24 25 -26 -27 27 32 -30 30 31 -33 -34 34 -36 -37 -38 -39 -40 -41 -42 -43 -44 -45
leaf_value=-3.5832668679444315 -0.96862694075380262 -1.5986308620637668 2.5440639130580349 0.51949282542319219 -1.6876840541354159 10.440019796804103 -1.819262933198649 1.2432229169671245 -0.78681514500452066 0.05839077921387343 -1.0861513388222186 0.27193737315654859 0.28597424039822839 -0.40796689472742853 -0.42288177028722312 4.4941424162562473 2.4085347967950064 8.3463549058191937 0.63266622440914944 -3.3662395412199566 -0.18740506145964445 4.4148629835955893 -0.11876113124767471 -0.58850314458283259 -0.32627458453248548 2.7261161295139753 2.0300185560577733 -1.3137394786704726 2.3938760214328747 -0.60492229281682286 0.24676012873000558 0.88613783025025206 2.6877346621065588 -0.24774289983734546 1.0433570649454986 -1.2800341743208969 -0.86106049352995107 -1.2940398775788076 -0.25458465682296832 3.4515417473347405 8.9644374083905038 -0.9326923911086169 1.1757290046287949 -0.88371742169509437
leaf_weight=145 150 30 112 145 306 222 54 586 106 2035 310 311 93 531 118 35 51 165 1001 53 497 47 973 93 460 307 170 52 169 150 902 192 45 2978 63 282 411 166 256 397 47 195 81 560
leaf_count=145 150 30 112 145 306 222 54 586 106 2035 310 311 93 531 118 35 51 165 1001 53 497 47 973 93 460 307 170 52 169 150 902 192 45 2978 63 282 411 166 256 397 47 195 81 560
internal_value=-0.000207263 0.000165755 0.00258344 -0.00555004 -0.000271287 0.00681532 -0.00655741 0.00186192 0.00352081 -0.000941062 -0.000826286 -0.000655122 -0.00122836 0.00071901 0.000429738 -7.72301e-05 -0.0018618 0.0015197 0.000543613 -0.00224908 -0.00267533 -0.000600992 0.000919869 0.00171511 0.000850044 0.00486628 0.00449071 0.00496461 0.00105252 0.000620841 0.0014203 0.00205374 -0.000432544 -0.0015097 -0.00108908 -0.00881263 -0.00510019 -0.00425221 -0.00260239 0.00589314 0.00230446 -0.00189546 0.000512305 -0.00346348
internal_weight=16052 15004 2298 1048 12706 334 903 1964 800 6500 6350 6040 4005 1164 6206 4234 1094 1972 3140 1059 1008 544 2834 1861 1461 400 694 664 1807 1638 1244 1094 97 3694 3041 427 464 476 310 567 633 394 199 653
internal_count=16052 15004 2298 1048 12706 334 903 1964 800 6500 6350 6040 4005 1164 6206 4234 1094 1972 3140 1059 1008 544 2834 1861 1461 400 694 664 1807 1638 1244 1094 97 3694 3041 427 464 476 310 567 633 394 199 653
cat_boundaries=0 1 2 3
cat_threshold=2658384 82104 1780778
is_linear=0
shrinkage=0.03


Tree=126
num_leaves=45
num_cat=4
split_feature=22 12 22 15 3 15 20 0 12 0 11 12 12 7 7 7 27 17 14 25 0 13 24 16 23 33 19 12 15 16 11 16 33 20 13 16 14 26 25 25 16 19 12 20
split_gain=30.0682 14.3907 9.46114 6.66305 5.82535 9.07758 5.74373 5.13736 4.85924 4.71664 4.4982 4.44618 3.99273 3.86723 7.50982 4.46554 5.18849 4.08605 3.71339 3.69445 3.18166 2.91485 2.88014 4.50251 2.88054 2.72898 4.81275 2.94498 3.42611 3.11235 2.70446 4.57679 3.63914 4.86566 4.61749 3.54951 2.66205 3.0481 2.49681 2.80394 2.49101 2.45086 2.44029 2.4035
threshold=912.23500000000013 2920.1000000000004 620.50000000000011 -0.73865259438682551 0 0.51849435583340198 20.925000000000004 1 678.75000000000011 2 301.38568866708829 1295.2500000000002 1140.616666666667 254.50000000000003 268.50000000000006 291.50000000000006 25.825000000000006 -0.6391983530350368 0.83376496542330847 22.725000000000005 3 1600.244068617279 1070.5000000000002 0.14889030080148793 3695.0000000000005 3.7150000000000003 57.750000000000007 4214.0000000000009 -0.34234976856068178 0.92919371535393525 70.710678118669975 0.89693165594635726 3.2150000000000003 25.18928571428572 1750.0852866645553 0.99898004730802425 -0.99866806308218525 43.650000000000006 23.975000000000005 20.475000000000005 -0.72696319516528884 0.94999999999999307 678.75000000000011 25.06071428571429
decision_type=2 2 2 2 9 2 2 9 2 9 2 2 2 2 2 2 2 2 2 2 9 2 2 2 2 2 2 2 2 2 2 2 2 2 2 2 2 2 2 2 2 2 2 2
left_child=2 9 8 20 5 11 -3 25 -1 22 -6 21 -7 17 -15 16 -16 -9 -10 -17 41 42 23 -2 36 27 -27 28 29 -8 -11 32 38 -34 -35 -33 -24 -38 39 -32 -21 -4 -5 -28
right_child=1 6 3 4 10 12 7 13 18 30 -12 -13 -14 14 15 19 -18 -19 -20 40 -22 -23 24 -25 -26 26 43 -29 -30 -31 31 35 33 34 -36 -37 37 -39 -40 -41 -42 -43 -44 -45
leaf_value=-2.4374015348243279 -0.11711590443702334 -1.1212480855468834 -0.51568632575771911 0.50942028628860381 -1.0178533128293379 -1.8243152661711359 -1.5015775108551179 -3.1742144329432289 -3.1650213050888452 -0.075249797393360032 2.604013624856127 -0.81231263278728982 -2.8189681682209629 6.1693652527427725 -2.4049097810502733 0.064080526255334003 9.2648180430602736 0.029479042296454736 -0.62075243224310273 3.434523362830737 -0.14638583795612134 0.68365875297376533 3.6898852456293572 -0.85041776590751961 -2.7290881849179525 2.2101165950137238 10.749698431323818 -0.96481481634619737 2.4056152682858647 1.4433638848421242 0.057276204001418592 1.1693768432394041 -0.26802084564087181 0.87206780998191102 0.030810192507392458 -1.034847039875217 -0.05487364378531083 -0.84167624675045771 0.064873185434678363 1.9940727085603611 5.6766932908598209 1.216318788569182 -0.4719949804593091 1.2150236094994988
leaf_weight=231 535 115 34 27 856 64 61 48 35 1539 27 107 71 75 110 323 20 168 213 299 337 270 45 304 52 310 219 91 331 22 109 441 1441 415 721 41 5057 39 267 266 68 70 142 36
leaf_count=231 535 115 34 27 856 64 61 48 35 1539 27 107 71 75 110 323 20 168 213 299 337 270 45 304 52 310 219 91 331 22 109 441 1441 415 721 41 5057 39 267 266 68 70 142 36
internal_value=-0.000212869 0.000342495 -0.00324745 -0.00234003 -0.00325874 -0.00110259 0.00250729 0.00285269 -0.0070382 -9.82071e-05 -0.00485052 0.000598791 -0.0080829 0.00137543 0.00225897 0.001423 -0.00366641 -0.00220731 -0.00409915 0.00238661 0.000911358 0.00194033 -0.0006698 -0.00230247 -0.000406693 0.00433015 0.00580782 0.00275589 0.00383241 -0.00158845 0.000559418 0.00100024 0.000590848 8.61433e-05 0.00155532 0.00372744 -0.000334948 -0.000399717 0.00261174 0.00419088 0.00444566 0.00523225 -0.00113542 0.00886711
internal_weight=16052 13568 2484 2005 1564 681 2296 2181 479 11272 883 546 135 1111 895 820 130 216 248 690 441 439 6032 839 5193 1070 565 505 414 83 5240 3701 3219 2577 1136 482 5141 5096 642 375 367 104 169 255
internal_count=16052 13568 2484 2005 1564 681 2296 2181 479 11272 883 546 135 1111 895 820 130 216 248 690 441 439 6032 839 5193 1070 565 505 414 83 5240 3701 3219 2577 1136 482 5141 5096 642 375 367 104 169 255
cat_boundaries=0 1 2 3 4
cat_threshold=12 256104 2685957 610368
is_linear=0
shrinkage=0.03


Tree=127
num_leaves=45
num_cat=6
split_feature=21 12 0 21 21 32 11 18 7 10 29 33 3 7 7 24 0 22 22 27 27 0 29 24 33 6 27 0 32 31 17 27 29 7 18 7 17 14 11 0 26 13 12 33
split_gain=33.3622 16.2451 7.3105 7.17224 6.01021 5.0658 3.44842 5.4654 4.6191 3.44434 3.44419 3.74197 3.53751 3.81009 4.24128 3.92755 3.89905 3.34601 3.33801 3.17835 4.37527 3.16435 3.10099 3.75004 3.06753 3.966 3.03607 2.98897 3.2959 5.86037 3.88811 2.9558 2.84595 3.6426 3.34415 3.33567 2.89802 2.83414 3.47703 3.46845 3.21649 3.58448 2.82985 2.77019
threshold=715.50000000000011 2920.1000000000004 0 4550.5000000000009 1500.5000000000002 54.750000000000007 205.86634591634652 77.250000000000014 42.500000000000007 3750.0714285714289 26.925000000000004 2.3550000000000004 1 143.50000000000003 162.50000000000003 995.5100000000001 2 821.50000000000011 650.50000000000011 25.675000000000004 25.375000000000004 3 28.825000000000006 1347.5000000000002 6.9350000000000014 2.5000000000000004 29.175000000000004 4 242.15000000000006 34.95000000000001 -0.99140057354994637 26.375000000000004 20.825000000000006 32.500000000000007 1.7000000000000155 358.50000000000006 0.99865940500831329 0.94978112945126536 84.399136685611538 5 43.650000000000006 1609.7191827591166 1570.2500000000002 6.4750000000000005
decision_type=2 2 9 2 2 2 2 2 2 2 2 2 9 2 2 2 9 2 2 2 2 9 2 2 2 2 2 9 2 2 2 2 2 2 2 2 2 2 2 9 2 2 2 2
left_child=2 4 18 6 10 -5 7 8 -3 22 37 -12 13 15 26 16 -13 24 -1 20 -8 -16 27 -24 25 -4 -15 28 29 -6 -30 -21 35 34 -34 -29 -35 39 -39 40 41 42 -2 -41
right_child=1 3 17 5 9 -7 19 -9 -10 -11 11 12 -14 14 21 -17 -18 -19 -20 31 -22 -23 23 -25 -26 -27 -28 32 30 -31 -32 -33 33 36 -36 -37 -38 38 -40 43 -42 -43 -44 -45
leaf_value=-2.1665323303107464 -0.49451930423437485 -2.4944506214433315 -1.7536419181960912 2.4014384978158794 -0.032684584922508295 9.9200144068309104 0.61223547346801066 -0.8424166260434458 2.6908831089484284 -3.120947417179186 1.58460686574507 0.030964666400675467 0.40174032522069181 0.87301862216330384 -0.95187821902341507 -0.14739280084875644 -0.93742460740123079 0.7716660671339366 -1.0690608323106097 8.623335828090207 -1.8004445405218392 0.060077812019142696 -0.49102391442170756 0.86708777894559719 -1.2903966952103723 -0.21879465942463297 -0.38333040841718513 1.3859761369048555 7.5943668445561094 -0.51126445671154208 0.1320676948682285 -0.71647592361040091 -0.10754442966677516 0.15249267850026399 -1.6323566570470358 -1.1688062339869965 1.8957079373412649 0.016762986028466001 -1.6896836118330452 -0.030670870542454622 -1.4001998907938651 -0.0022658144718479887 -2.9566049084772397 0.81761206197210756
leaf_weight=284 929 27 49 112 2055 222 1222 77 467 69 75 129 481 287 101 816 367 111 200 79 67 192 61 311 159 245 126 409 36 393 359 25 172 2191 52 52 46 200 499 1540 22 591 112 33
leaf_count=284 929 27 49 112 2055 222 1222 77 467 69 75 129 481 287 101 816 367 111 200 79 67 192 61 311 159 245 126 409 36 393 359 25 172 2191 52 52 46 200 499 1540 22 591 112 33
internal_value=-0.000203525 0.000157757 -0.0053783 0.002479 -0.000261843 0.00654594 0.00178555 0.00375066 0.00491196 0.000405569 -0.000899525 -4.54528e-05 -0.000244888 -0.000797298 0.00097295 -0.00175825 -0.00386414 -0.00286884 -0.00806922 0.000977676 0.000567838 -0.00178096 0.000481009 0.00313625 -0.00406533 -0.00223393 0.00293391 0.000309101 -0.000382742 -0.000795311 0.00215642 0.00602305 0.000981208 0.00057779 -0.0030656 0.00314899 0.000944079 -0.0014587 -0.00319268 -0.00108209 -0.00203533 -0.00189143 -0.00295073 -6.44305e-05
internal_weight=16052 15004 1048 2298 12706 334 1964 571 494 6206 6500 2574 2499 2018 706 1312 496 564 484 1393 1289 293 6137 372 453 294 413 5765 2843 2448 395 104 2922 2461 224 461 2237 3926 699 3227 1654 1632 1041 1573
internal_count=16052 15004 1048 2298 12706 334 1964 571 494 6206 6500 2574 2499 2018 706 1312 496 564 484 1393 1289 293 6137 372 453 294 413 5765 2843 2448 395 104 2922 2461 224 461 2237 3926 699 3227 1654 1632 1041 1573
cat_boundaries=0 1 2 3 4 5 6
cat_threshold=2658386 2 622616 2662480 3012609 2669636
is_linear=0
shrinkage=0.03


Tree=128
num_leaves=45
num_cat=4
split_feature=21 21 21 0 32 21 15 15 18 13 19 33 27 0 23 24 6 0 17 25 12 33 10 0 33 26 26 31 7 31 15 32 33 7 26 15 19 32 32 19 19 31 12 21
split_gain=31.1845 15.3902 9.1838 7.00032 4.5731 4.14843 3.68046 5.17263 5.48629 5.6759 5.07725 4.44739 4.27464 4.22963 4.06974 3.83681 3.34952 3.27137 3.12218 4.12459 8.64949 4.87964 5.40064 4.75492 4.10071 3.98118 4.94099 6.01465 4.08393 6.13502 3.79171 3.77123 3.76541 5.03288 4.74403 3.71926 3.38716 3.08926 3.06851 3.43626 3.65172 3.2544 3.00075 2.95713
threshold=715.50000000000011 4550.5000000000009 1690.5000000000002 0 54.750000000000007 577.50000000000011 -0.73865259438682551 -0.93845867424155849 55.60000000000003 1697.2320496293607 0.19999999999999471 2.1450000000000005 27.125000000000004 1 1876.3700000000001 725.50000000000011 2.5000000000000004 2 0.93771382312378282 25.625000000000004 1471.5666666666668 4.6050000000000013 2036.5714285714287 3 3.4650000000000003 4.4500000000000011 1.3500000000000003 48.950000000000003 254.50000000000003 49.400000000000013 0.60383265664488517 71.350000000000009 5.6050000000000013 32.500000000000007 14.65 -0.14250536273956091 1.7999999999999996 0.19999999999999471 293.35000000000008 212.50000000000003 89.450000000000017 72.350000000000037 790.63333333333344 897.50000000000011
decision_type=2 2 2 9 2 2 2 2 2 2 2 2 2 9 2 2 2 9 2 2 2 2 2 9 2 2 2 2 2 2 2 2 2 2 2 2 2 2 2 2 2 2 2 2
left_child=3 2 6 5 -3 -1 7 8 12 -10 13 -9 -2 -8 17 -14 -5 43 19 21 37 25 -23 30 31 26 27 -4 29 -27 -24 36 33 -22 -35 -30 -20 -21 39 40 -13 -41 -18 -12
right_child=1 4 18 16 -6 -7 10 11 9 -11 14 38 15 -15 -16 -17 42 -19 24 20 32 22 23 -25 -26 28 -28 -29 35 -31 -32 -33 -34 34 -36 -37 -38 -39 -40 41 -42 -43 -44 -45
leaf_value=-3.0050746960268575 0.20201533497955096 5.2499705366363925 0.59462055267323644 -1.5922728656991449 9.4342785933913582 -1.0852956612798852 0.20250936295231894 1.2826878534982507 -1.2494618991563424 0.046174680150409132 -1.0069128986252258 0.38109800022947521 0.48058314475848418 -0.41293872947297355 1.3071708024039344 -0.63672729333898581 -0.68725020793889136 -0.1875704727277008 0.13382909921744271 -3.0125494425997954 -0.68290232530411565 0.87135651108686718 -1.3904441644024927 -2.2088383492669164 -0.69924817030633335 -1.3172219742611604 1.2093052793802337 -1.3846974000855197 4.8108757305658125 -0.063689236015113684 0.79478647681407888 -0.32692394427324301 0.47640119965150457 3.4923029835907617 -1.6065454632414047 0.47580807682393922 2.2959156804382017 -0.19887782306296004 -0.29227531647032834 1.9814889814981551 -0.16207471659627912 -0.5583850774735879 0.84029633735017684 -0.61183622382561453
leaf_weight=179 445 135 2307 44 226 414 787 99 257 163 275 589 30 612 154 127 267 2434 140 23 28 229 261 307 470 101 710 92 30 382 239 256 313 395 35 337 121 144 197 59 290 23 144 1182
leaf_count=179 445 135 2307 44 226 414 787 99 257 163 275 589 30 612 154 127 267 2434 140 23 28 229 261 307 470 101 710 92 30 382 239 256 313 395 35 337 121 144 197 59 290 23 144 1182
internal_value=-0.000203525 0.00014576 -4.91699e-06 -0.00520656 0.00626419 -0.00733212 -0.000716293 0.000294853 -0.00128852 -0.0039205 -0.00114013 0.0015846 0.000543099 0.000415982 -0.00167907 -0.00370465 -0.00221888 -0.00186888 0.000788572 0.00104869 0.00287496 0.000705091 -0.00112634 -0.00228225 -0.000771958 0.00118512 0.0016828 0.00103039 -0.00063169 -0.0024467 -0.000405803 0.00106749 0.00421735 0.00595285 0.00675889 0.00174884 0.00360781 -0.00330341 0.00105949 0.00176048 0.00120805 0.00763703 -0.00141571 -0.00299366
internal_weight=16052 15004 14643 1048 361 593 7723 2279 1022 420 5444 1257 602 1399 4045 157 455 3891 6920 5933 938 4995 1036 807 987 3959 3109 2399 850 483 500 517 771 458 430 367 261 167 1158 961 879 82 411 1457
internal_count=16052 15004 14643 1048 361 593 7723 2279 1022 420 5444 1257 602 1399 4045 157 455 3891 6920 5933 938 4995 1036 807 987 3959 3109 2399 850 483 500 517 771 458 430 367 261 167 1158 961 879 82 411 1457
cat_boundaries=0 1 2 3 4
cat_threshold=2659410 2139384 2665476 287978
is_linear=0
shrinkage=0.03


Tree=129
num_leaves=45
num_cat=3
split_feature=21 21 21 0 20 21 7 0 26 19 29 14 5 25 27 33 12 25 25 7 25 25 14 15 18 7 7 7 32 24 20 27 13 7 0 29 32 20 27 29 7 33 20 27
split_gain=30.521 14.5657 8.96984 7.05778 4.60915 4.26031 3.40655 3.13938 4.33878 3.86845 3.81403 3.19255 3.27357 3.93372 3.18087 3.12046 3.26406 2.90835 3.79227 7.47054 5.95126 4.58846 4.19993 5.23909 3.76684 3.64092 3.63715 5.1787 3.56084 3.97622 3.41164 2.96705 2.74747 2.7355 2.73758 3.23325 3.75131 2.84429 2.75433 2.73273 2.62725 2.62604 3.35021 2.4786
threshold=715.50000000000011 4550.5000000000009 1500.5000000000002 0 22.446428571428577 577.50000000000011 59.500000000000007 1 43.650000000000006 0.19999999999999471 21.425000000000001 0.89017062131308955 2.5000000000000004 28.225000000000005 29.225000000000005 6.9350000000000014 688.50000000000011 24.975000000000005 24.725000000000005 254.50000000000003 24.625000000000004 24.375000000000004 -0.95754239937548935 -0.14250536273956091 93.950000000000031 279.50000000000006 292.50000000000006 318.50000000000006 331.15000000000003 1930.5000000000002 23.710714285714293 23.725000000000005 2215.2990044031317 32.500000000000007 2 24.525000000000002 66.950000000000017 23.93214285714286 26.275000000000002 23.375000000000004 340.50000000000006 8.1850000000000005 30.403571428571432 19.500000000000004
decision_type=2 2 2 9 2 2 2 9 2 2 2 2 2 2 2 2 2 2 2 2 2 2 2 2 2 2 2 2 2 2 2 2 2 2 9 2 2 2 2 2 2 2 2 2
left_child=3 2 7 5 -3 -1 -5 32 9 10 -9 12 14 -14 -11 39 -17 18 20 -20 21 22 23 -4 -24 -21 33 -28 29 -22 -23 -32 41 -19 38 37 -37 -36 -35 -8 -29 42 43 -2
right_child=1 4 17 6 -6 -7 15 8 -10 11 -12 -13 13 -15 -16 16 -18 26 19 25 28 30 24 -25 -26 -27 27 40 -30 -31 31 -33 -34 34 35 36 -38 -39 -40 -41 -42 -43 -44 -45
leaf_value=-2.9149224551460509 -2.8881506275551021 -4.4104153633731995 7.5293595888075471 -1.5445046797281718 8.9455035722851157 -1.0527367914414874 -2.7151614391462826 -1.1825666270246642 -1.5100537891560883 0.069970514869179962 0.26960557060731616 -0.97729250278901358 -0.6366345460375612 0.32782603989467474 -0.70209111709453731 -1.1936245336286742 -0.61033060215383161 -0.84921002430138059 -0.84158581380581265 2.4237586026844098 0.46906183238866217 4.0961861459267723 0.27197765226550474 0.51801066313339106 -0.66519134995908646 -0.37120682605492217 10.290154538927185 -0.21591235204195414 -0.3635202369968738 3.662862990738756 -2.8058624424279333 -0.33138875963460124 -0.77018159878442871 0.34587583561514063 -0.49673250416770315 0.50761099059673143 -0.13580723079907897 1.8962169489866403 -0.31310894755509705 0.35482028376982327 5.556370206720735 0.54447442439014704 -0.63400557312581896 0.039702205376729575
leaf_weight=179 62 55 83 44 306 414 27 52 26 990 513 578 902 150 87 58 106 54 324 76 104 37 3889 175 204 152 98 110 21 94 47 561 238 354 34 677 478 284 215 220 31 96 167 2680
leaf_count=179 62 55 83 44 306 414 27 52 26 990 513 578 902 150 87 58 106 54 324 76 104 37 3889 175 204 152 98 110 21 94 47 561 238 354 34 677 478 284 215 220 31 96 167 2680
internal_value=-0.000199787 0.00014576 -8.19499e-07 -0.00514932 0.00609803 -0.00728237 -0.00215438 -0.000827384 -0.00147728 -0.00138352 0.000870642 -0.00185512 -0.00131605 -0.00250642 -0.000150404 -0.00134274 -0.0045521 0.000666124 0.000303792 -0.00205941 0.000554544 0.000341666 0.000692239 0.00440527 0.000457355 0.00209119 0.00155968 0.00506901 0.0053948 0.00664816 -0.00201829 -0.00256043 -0.000160462 0.00115786 0.00133539 0.00201065 0.00128301 0.00470607 -0.000435158 0.000777013 0.00136074 8.38574e-05 -7.63123e-05 0.000173954
internal_weight=16052 15004 14643 1048 361 593 455 6541 3298 3272 565 2707 2129 1052 1077 411 164 8102 5767 552 5215 4996 4351 258 4093 228 2335 239 219 198 645 608 3243 2096 2042 1473 1155 318 569 247 141 3005 2909 2742
internal_count=16052 15004 14643 1048 361 593 455 6541 3298 3272 565 2707 2129 1052 1077 411 164 8102 5767 552 5215 4996 4351 258 4093 228 2335 239 219 198 645 608 3243 2096 2042 1473 1155 318 569 247 141 3005 2909 2742
cat_boundaries=0 1 2 3
cat_threshold=2659410 1527994 3673090
is_linear=0
shrinkage=0.03


Tree=130
num_leaves=45
num_cat=5
split_feature=22 22 12 14 30 7 7 25 7 15 19 15 7 16 13 16 16 17 11 0 33 33 0 33 0 25 7 33 12 31 3 15 14 17 0 32 16 14 25 16 14 20 13 32
split_gain=23.0781 11.0447 9.54242 6.16929 5.85083 7.1257 6.69087 4.86745 5.447 4.63857 7.18768 4.54546 4.6097 4.36038 4.31691 4.16529 6.83249 6.98584 4.7042 4.44529 4.24473 3.83923 3.83451 3.82228 3.83166 3.78845 3.72647 3.69312 3.56078 3.52103 3.42716 5.64443 5.43622 5.83895 4.08058 3.58271 4.30572 3.31823 3.27125 3.26863 3.22107 3.23141 3.19143 3.16464
threshold=1445.5000000000002 670.50000000000011 2985.0666666666671 -0.52766804058324157 2.1500000000000008 292.50000000000006 277.50000000000006 22.625000000000004 340.50000000000006 -0.78324956448884031 0.19999999999999471 -0.93845867424155849 199.50000000000003 -0.99152915938811637 1551.7262114410862 0.14250626876356556 0.97109394436505758 0.14889004263668562 59.190571963459526 0 6.4150000000000009 3.4150000000000005 1 3.7050000000000005 2 20.025000000000002 68.500000000000014 6.3950000000000005 4160.8500000000013 31.300000000000015 3 0.054805126479326886 0.98049069993378934 -0.89881715304566234 4 0.29999999999999999 0.96687895796550427 -0.77245553105869302 25.275000000000002 0.76140650896573492 0.78325454425165997 29.51071428571429 2520.6115779645193 306.45000000000005
decision_type=2 2 2 2 2 2 2 2 2 2 2 2 2 2 2 2 2 2 2 9 2 2 9 2 9 2 2 2 2 2 9 2 2 2 9 2 2 2 2 2 2 2 2 2
left_child=1 14 13 4 6 23 -4 25 -9 11 -11 12 22 -2 27 19 20 37 -19 21 -17 -15 -3 24 -6 -5 -22 -1 29 -8 32 -32 33 -12 -35 36 -33 -18 -26 -37 41 -21 -39 -13
right_child=2 9 3 7 5 -7 28 8 -10 10 30 43 -14 15 -16 16 17 18 -20 40 26 -23 -24 -25 38 -27 -28 -29 -30 -31 31 35 -34 34 -36 39 -38 42 -40 -41 -42 -43 -44 -45
leaf_value=-1.0955432835144847 -1.059723377990881 -0.50138072302251091 7.1858606237461435 3.5108094071056439 -2.8113830300687028 5.8220947530049489 3.5118536082731859 0.61392831215360044 6.1074318173727757 0.048878958763077664 0.2323715456940772 0.37879277143279294 -1.3884091025978613 1.6055892155568676 -0.57733044634112329 -0.23082444781046432 1.9210047023179366 -0.74518981262021045 6.399923485146978 -0.01221568648113589 1.9728579670495843 0.31591086785247396 0.08905223484681983 4.2152760656084247 -0.2515299856524939 -1.1214132868018349 -0.028471193433806545 -2.188043733630999 7.4330575676471673 -0.99432682480591439 0.4525715396177577 -0.2341133986913769 -2.0334912384540211 -0.84977570713676409 -0.20775329258782618 -0.84588942325362948 -2.5600876772707637 -0.118664781292822 2.7345168087850653 0.2037272249683906 -2.0027332027481815 1.4881194356867808 3.6405826481351866 -0.30834725188660284
leaf_weight=225 193 258 156 54 110 66 365 268 67 1113 208 723 100 494 258 2601 44 23 97 1495 122 963 473 44 118 437 213 207 352 46 233 107 321 741 948 635 105 420 26 267 38 91 43 153
leaf_count=225 193 258 156 54 110 66 365 268 67 1113 208 723 100 494 258 2601 44 23 97 1495 122 963 473 44 118 437 213 207 352 46 233 107 321 741 948 635 105 420 26 267 38 91 43 153
internal_value=-0.000281629 -0.0015621 0.000730709 0.0024949 0.00379705 0.000568525 0.00507235 0.000468466 0.00325873 -0.00117179 -0.00166029 0.000165192 -0.00142221 0.000186044 -0.00516882 0.000315618 -0.000382251 0.00245894 0.00896753 0.00112362 -0.000990089 0.00231886 -0.00059089 -0.00139886 -0.00282172 -0.00142944 0.00218442 -0.00700532 0.00390774 0.00199951 -0.00231747 -0.00109203 -0.0030416 -0.00244162 -0.00302646 -0.00198995 -0.00550212 0.000911063 0.000564568 -0.00116063 3.48816e-05 0.000243995 0.000155474 0.00167447
internal_weight=16021 7075 8946 2109 1283 364 919 826 335 6385 4678 1707 831 6837 690 6644 3563 627 120 3081 2936 1457 731 298 254 491 335 432 763 411 3565 1347 2218 1897 1689 1114 212 507 144 902 1624 1586 463 876
internal_count=16021 7075 8946 2109 1283 364 919 826 335 6385 4678 1707 831 6837 690 6644 3563 627 120 3081 2936 1457 731 298 254 491 335 432 763 411 3565 1347 2218 1897 1689 1114 212 507 144 902 1624 1586 463 876
cat_boundaries=0 1 2 3 4 5
cat_threshold=2494200 2629840 2139280 2 2667652
is_linear=0
shrinkage=0.03


Tree=131
num_leaves=45
num_cat=7
split_feature=21 21 0 21 0 33 22 19 17 10 31 25 24 27 20 14 22 7 15 32 15 22 19 32 14 25 33 27 7 25 0 0 0 14 3 7 15 0 17 15 15 22 33 27
split_gain=25.21 14.2367 7.21986 7.09097 4.42887 3.9147 3.47869 3.43902 3.65186 3.62714 4.33097 3.37768 3.36067 3.88646 5.55787 3.35793 3.29587 3.59763 3.9283 3.1978 3.69839 3.24015 3.14759 4.64962 3.09419 2.99645 5.71737 4.63099 4.01343 5.56974 4.89783 3.67333 3.52047 2.93895 2.81303 6.9736 4.36454 3.80969 3.17282 3.94186 3.26133 2.78392 2.74789 2.98076
threshold=2351.5000000000005 715.50000000000011 0 4650.5000000000009 1 4.6050000000000013 5300.5000000000009 286.25000000000006 0.44313120970497338 3552.3250000000003 0.10000000000001512 20.825000000000006 1253.0000000000002 22.125000000000004 22.01071428571429 -0.98046803196378884 912.23500000000013 57.500000000000007 0.41202506375868281 232.85000000000005 -0.10837475778693638 4250.5000000000009 272.65000000000003 270.05000000000007 -0.29343379936893921 26.125000000000004 3.6450000000000005 25.775000000000002 318.50000000000006 24.725000000000005 2 3 4 0.99466373373798567 5 105.50000000000001 0.17435360825960186 6 0.07411673974326928 0.04621408538533487 -0.93237865822738086 2425.1300000000006 6.0650000000000004 22.675000000000004
decision_type=2 2 9 2 9 2 2 2 2 2 2 2 2 2 2 2 2 2 2 2 2 2 2 2 2 2 2 2 2 2 9 9 9 2 9 2 2 9 2 2 2 2 2 2
left_child=1 2 -1 4 -2 7 -5 8 9 10 -6 -7 13 24 -15 -9 17 -4 -19 20 -11 -21 23 25 -3 26 31 -27 29 -28 -30 -14 -29 -34 35 37 -36 -16 39 -37 -40 -13 43 -38
right_child=3 12 16 6 5 11 -8 15 -10 19 -12 41 22 14 34 -17 -18 18 -20 21 -22 -23 -24 -25 -26 27 28 32 30 -31 -32 -33 33 -35 36 38 42 -39 40 -41 -42 -43 -44 -45
leaf_value=-2.0599751461779414 1.4594442079523104 -4.6829513662490445 -1.5513448208652403 6.8002202187735383 1.4834051375881381 -3.5261645494887808 27.742305107322043 3.4299772540195455 0.011526811586954863 5.8788923483775575 8.2403822647178142 1.8819251174307896 0.50964871244462295 -2.0713936309043843 -2.6756823806923373 -0.3313676440427662 1.4239001273895167 -0.66454578156582211 0.39688803379491561 -0.026123289498889334 1.3881255433839987 -2.6449347789266175 0.51138119374070923 -1.2563396453607709 0.63016059859840878 1.666508402484095 0.033568517884559695 -0.39223041941816061 -1.8697409903789968 -0.54610707630464728 -0.91365061168340611 -0.036686559640584163 0.29924847286461953 -1.0802074863482289 0.35741680843408286 -0.37446847802114458 -2.475122200239336 -0.58533808264182652 -0.27794691929742954 1.1993986814897426 0.10930548789849695 -1.994857629552373 -2.0051536721853234 -0.010647167614221189
leaf_weight=304 1265 51 55 232 139 30 73 63 567 56 178 58 747 121 211 297 67 557 57 92 236 21 246 34 218 108 1533 322 118 934 473 1165 998 96 501 1191 42 189 666 74 948 258 71 359
leaf_count=304 1265 51 55 232 139 30 73 63 567 56 178 58 747 121 211 297 67 557 57 92 236 21 246 34 218 108 1533 322 118 934 473 1165 998 96 501 1191 42 189 666 74 948 258 71 359
internal_value=-0.000268521 -0.00090534 -0.00426594 0.00195563 0.00154504 0.000649344 0.00633235 0.00126251 0.00198743 0.00340258 0.00580889 -0.00224502 -0.000598891 -0.00122078 -0.00143651 -0.00132463 -0.00252915 -0.00320132 -0.00253542 0.00151074 0.00317357 -0.00275862 -0.000172274 -0.000298249 0.00227425 -0.000239756 -0.00059697 0.000923168 -0.00140185 -0.000868226 -0.00362375 0.000688772 0.00046395 0.00127434 -0.00125514 -0.0016728 0.000164785 -0.00539115 -0.00116078 -0.00228599 -0.000276935 -0.0013192 -0.00190002 -0.00092745
internal_weight=16021 12456 1040 3565 3260 1995 305 1649 1289 722 317 346 11416 4642 4373 360 736 669 614 405 292 113 6774 6528 269 6494 4970 1524 3058 2467 591 1912 1416 1094 4252 3279 973 400 2879 1265 1614 316 472 401
internal_count=16021 12456 1040 3565 3260 1995 305 1649 1289 722 317 346 11416 4642 4373 360 736 669 614 405 292 113 6774 6528 269 6494 4970 1524 3058 2467 591 1912 1416 1094 4252 3279 973 400 2879 1265 1614 316 472 401
cat_boundaries=0 1 2 3 4 5 6 7
cat_threshold=561153 158250 2129992 18523 1573909 2 1135781
is_linear=0
shrinkage=0.03


Tree=132
num_leaves=45
num_cat=6
split_feature=21 21 21 0 16 0 14 32 27 16 27 20 27 13 24 27 0 33 24 24 28 20 27 16 5 27 0 33 19 6 17 0 33 16 0 7 11 12 32 20 16 21 14 20
split_gain=22.4708 13.9306 7.23788 5.8562 5.5373 4.053 3.72024 5.52457 3.64229 3.62874 4.10154 5.57261 6.8497 5.43136 4.08068 4.04661 3.51902 3.37828 3.33141 3.29018 4.71785 4.19158 4.01339 4.147 3.54451 3.51824 3.28766 3.12279 3.10434 3.02535 2.90639 2.78741 2.71482 2.71438 2.65383 2.87001 2.60282 2.53581 2.43993 2.45287 2.41999 2.415 3.64269 3.2764
threshold=2351.5000000000005 650.50000000000011 4650.5000000000009 0 -0.99629805505515945 1 0.90162119223771331 1.4500000000000004 22.225000000000005 0.14889030080148793 19.500000000000004 20.596428571428575 20.625000000000004 1722.6421540394788 1100.5000000000002 22.675000000000004 2 4.6050000000000013 951.50000000000011 1545.5000000000002 27.575000000000006 22.553571428571434 23.825000000000006 -0.42180583328916638 1.0000000180025095e-35 21.525000000000002 3 6.3200000000000012 6.9499999999999975 1.5000000000000002 0.81178104038754306 4 3.7850000000000006 0.10837544681456425 5 101.50000000000001 56.325139338192706 652.60000000000014 54.750000000000007 24.467857142857145 0.90892735371523092 3550.5000000000005 -0.52766804058324157 24.225000000000005
decision_type=2 2 2 9 2 9 2 2 2 2 2 2 2 2 2 2 9 2 2 2 2 2 2 2 2 2 9 2 2 2 2 9 2 2 9 2 2 2 2 2 2 2 2 2
left_child=1 3 5 28 8 36 9 16 -3 19 13 15 -13 -11 -14 31 -8 32 -10 21 24 25 23 -23 26 -6 -21 -18 37 -15 -24 -12 41 -26 35 -9 -2 -1 -4 -40 -39 42 43 -7
right_child=2 4 38 -5 6 17 7 34 18 10 11 12 14 29 -16 -17 27 -19 -20 20 -22 22 30 -25 33 -27 -28 -29 -30 -31 -32 -33 -34 -35 -36 -37 -38 40 39 -41 -42 -43 -44 -45
leaf_value=-2.4478635876544148 -0.35891857639076985 -6.8994517668191424 8.5470383557628704 -0.78357220774501735 0.15620802287510741 7.5045322286186638 0.13432765708349848 -0.89022590720518957 -0.86680698908114096 -3.1891281375074505 -0.39100254740685841 -2.6373063937129451 -0.52547729859493864 -0.43921772560955447 -0.054926614832938862 -2.0760839873689747 -1.2326734577375578 -1.6301066225488148 -0.23120231625534871 -0.16874711873750015 1.7273410481896951 -2.121305715182674 0.029209231002603246 1.1906233213207473 0.017081728953135096 -2.4765574943777504 2.3315487479349337 -0.1602004903321142 0.16866451907058375 3.4667784834122335 -0.4092742971232326 0.8722879274657509 2.1918816248731989 1.2858602210779577 -1.2549905316963457 0.5184156490580597 1.5936668630505664 -0.51350807808202259 17.901657255199087 0.13680598563103558 -3.9288667023252852 -0.59629078558521997 -0.067903908473631411 1.0930143690734166
leaf_weight=161 119 34 125 314 154 66 786 452 71 76 104 113 694 108 2879 23 145 266 185 102 134 46 1699 213 1491 223 206 574 35 21 374 298 454 25 472 99 1610 111 148 32 34 287 357 101
leaf_count=161 119 34 125 314 154 66 786 452 71 76 104 113 694 108 2879 23 145 266 185 102 134 46 1699 213 1491 223 206 574 35 21 374 298 454 25 472 99 1610 111 148 32 34 287 357 101
internal_value=-0.000287246 -0.00088848 0.00181257 -0.00514731 -0.000651804 0.00139781 -0.00054834 -0.00156521 -0.00474664 -0.000261825 -0.000888997 -0.000681569 -0.00105721 -0.00503169 -0.000826173 0.00256881 -0.000406618 0.000260853 -0.00350254 0.000317542 0.00125479 -0.000358791 0.000114489 0.00363566 0.000853572 -0.00329356 0.00378773 -0.0019092 -0.00780974 -0.00125484 -0.000324152 0.0032753 0.0009106 0.00025526 -0.00326654 -0.00173231 0.00238744 -0.00900686 0.00623402 0.00847862 -0.00607857 -0.000125755 0.00108185 0.00473968
internal_weight=16021 12456 3565 655 11801 3260 11511 2528 290 8983 4316 4111 3686 205 3573 425 1505 1531 256 4667 1958 2709 2332 259 1824 377 308 719 341 129 2073 402 1265 1516 1023 551 1729 306 305 180 145 811 524 167
internal_count=16021 12456 3565 655 11801 3260 11511 2528 290 8983 4316 4111 3686 205 3573 425 1505 1531 256 4667 1958 2709 2332 259 1824 377 308 719 341 129 2073 402 1265 1516 1023 551 1729 306 305 180 145 811 524 167
cat_boundaries=0 1 2 3 4 5 6
cat_threshold=2658369 158319 36073 1073234 18488 1073843
is_linear=0
shrinkage=0.03


Tree=133
num_leaves=45
num_cat=7
split_feature=21 22 21 21 16 3 22 23 0 14 3 32 20 16 20 0 10 20 16 24 24 25 20 25 5 0 16 22 16 12 22 0 15 11 18 22 12 14 5 21 12 20 0 32
split_gain=20.0573 12.9684 6.92784 6.56362 4.79692 4.41341 4.32174 7.74131 4.55344 3.96296 5.70326 7.88301 5.06409 4.24063 4.95234 4.08609 4.1339 3.96149 3.95052 3.32654 3.01217 4.7091 3.89749 5.00337 3.67329 3.57435 3.31177 4.54152 3.37146 3.0855 2.9766 2.9631 2.93 2.77198 3.56205 3.21074 3.36187 2.70092 3.6425 2.61314 2.58512 4.18855 2.61008 3.16563
threshold=2351.5000000000005 670.50000000000011 550.50000000000011 4650.5000000000009 -0.98803388382128665 0 2649.2200000000007 2950.5000000000005 1 0.98049069993378934 2 0.69999999999999962 28.425000000000001 0.14889030080148793 28.953571428571433 3 2507.2142857142862 23.525000000000006 -0.98214488425316759 1097.5000000000002 1545.5000000000002 27.575000000000006 22.01071428571429 21.125000000000004 2.5000000000000004 4 -0.96929669384506845 1510.5000000000002 -0.015051239303264097 678.75000000000011 5300.5000000000009 5 0.95436825032516992 172.51638983559806 87.950000000000031 3300.5000000000005 3388.2833333333338 -0.54939360607974019 3.5000000000000004 650.50000000000011 2098.5333333333338 27.210714285714289 6 35.650000000000013
decision_type=2 2 2 2 2 9 2 2 9 2 9 2 2 2 2 9 2 2 2 2 2 2 2 2 2 9 2 2 2 2 2 9 2 2 2 2 2 2 2 2 2 2 9 2
left_child=1 2 -1 6 40 39 17 18 -9 13 31 12 19 20 15 16 -15 -2 -8 -12 22 26 23 24 -6 -24 27 -22 -28 -27 -5 -11 33 34 -10 -35 -37 38 -20 -4 41 -3 43 -43
right_child=3 4 5 30 9 -7 7 8 32 10 11 -13 -14 14 -16 -17 -18 -19 37 -21 21 -23 25 -25 -26 29 28 -29 -30 -31 -32 -33 -34 35 -36 36 -38 -39 -40 -41 -42 42 -44 -45
leaf_value=-2.4943820780831345 0.52012055595444961 -4.9919605158419023 -0.36292212055161027 6.0591638945543576 2.4010407473647568 -1.263669006386525 -5.6410323355398351 -0.90539502612449263 2.3335352447199282 0.29519586113055535 -0.60907880828541461 -2.2025857830839346 -1.1650587040640374 -0.05767730806611325 0.80133277258326074 -0.40128988583231717 3.9750545883988933 2.6357563560329798 -0.22575513765145386 1.1748232023344349 -1.6250230326073005 1.5661194921037258 0.20413442455010908 -3.5264544129949762 -2.8743023331240964 -1.1048332502547389 0.0045761987641685662 3.6221677659106328 1.2472844144456212 -0.067119246914448927 26.372986236446412 -0.44323688433686581 -2.7998727169946278 3.6654120472974658 -1.2282928491046028 -0.38920489070281516 1.8174029996331933 -0.46881707747599649 4.0962894390536775 0.56037546418988993 0.25936495052603731 -0.2237476537751138 -0.73205280483262014 0.36253455535533474
leaf_weight=171 329 58 73 232 71 325 25 254 347 273 53 304 112 2639 86 2412 33 364 176 119 20 142 1261 123 47 100 1485 66 205 1563 73 224 30 286 40 340 570 449 50 121 103 82 158 27
leaf_count=171 329 58 73 232 71 325 25 254 347 273 53 304 112 2639 86 2412 33 364 176 119 20 142 1261 123 47 100 1485 66 205 1563 73 224 30 286 40 340 570 449 50 121 103 82 158 27
internal_value=-0.000255413 -0.000823452 -0.00482104 0.00172842 -0.000588725 -0.00308611 0.00133339 0.000764287 0.00177387 -0.000470714 -0.00219519 -0.00415817 -0.00062302 -0.000287913 -0.000893019 -0.00101434 -0.000200216 0.00343673 -0.00192401 0.00259733 0.000326966 0.00126531 -0.000240751 -0.00390709 0.000482642 6.05314e-05 0.000842858 0.00658537 0.000548488 -0.000849919 0.00593904 0.000201144 0.00235475 0.0025469 0.00475846 0.00182844 0.000952643 -0.00148422 0.00118089 0.000573248 -0.00370708 -0.00501999 -0.00341445 0.000352645
internal_weight=16021 12456 690 3565 11766 519 3260 2567 1867 11338 1085 588 284 10253 5170 5084 2672 693 700 172 5083 1918 3165 241 118 2924 1776 86 1690 1663 305 497 1613 1583 387 1196 910 675 226 194 428 325 267 109
internal_count=16021 12456 690 3565 11766 519 3260 2567 1867 11338 1085 588 284 10253 5170 5084 2672 693 700 172 5083 1918 3165 241 118 2924 1776 86 1690 1663 305 497 1613 1583 387 1196 910 675 226 194 428 325 267 109
cat_boundaries=0 1 2 3 4 5 6 7
cat_threshold=12 2360320 12 71915 2036904 3162346 18657
is_linear=0
shrinkage=0.03


Tree=134
num_leaves=45
num_cat=6
split_feature=21 22 21 21 16 3 27 22 23 0 10 22 21 14 26 22 31 16 25 27 25 14 32 14 3 32 16 0 25 24 26 0 24 12 13 0 29 10 25 5 27 14 27 18
split_gain=18.2545 10.1055 7.85946 5.91875 4.36193 4.0405 3.71504 3.44784 3.16888 4.31593 4.31481 4.1758 4.6676 5.133 3.18282 2.98799 4.0154 4.03965 3.16243 4.67675 3.71696 3.11943 2.8501 5.66081 7.64959 4.5494 4.72155 3.30659 2.94052 3.55524 2.81272 2.78204 2.71978 2.66378 2.63182 2.95431 2.75659 2.68498 3.4391 2.60487 2.55925 2.55289 2.47611 2.43924
threshold=1677.5000000000002 670.50000000000011 4650.5000000000009 550.50000000000011 -0.98803388382128665 0 22.225000000000005 5277.5000000000009 2950.5000000000005 1 3721.8571428571436 2676.0400000000004 2400.5000000000005 -0.91597725483594616 7.8500000000000005 2125.5700000000002 39.850000000000001 0.96522610578843548 26.075000000000006 26.375000000000004 24.475000000000005 -0.41398024697495356 0.10000000000000007 0.98049069993378934 2 0.29999999999999999 0.96687895796550427 3 21.125000000000004 1593.0000000000002 11.750000000000002 4 1650.5000000000002 1125.6595000000002 1884.0530265425339 5 21.275000000000002 1332.0714285714287 29.025000000000002 2.5000000000000004 22.425000000000004 0.89787622492179153 28.825000000000006 1.0999999999999825
decision_type=2 2 2 2 2 9 2 2 2 9 2 2 2 2 2 2 2 2 2 2 2 2 2 2 9 2 2 9 2 2 2 9 2 2 2 9 2 2 2 2 2 2 2 2
left_child=1 3 8 -1 6 33 -3 -4 11 10 43 12 14 -14 15 16 17 -2 20 -20 -17 -18 34 25 -25 26 -24 28 29 -27 -16 -15 -32 -5 36 -36 40 38 -38 -29 -6 -41 -7 -10
right_child=2 4 7 5 22 42 -8 -9 9 -11 -12 -13 13 31 30 18 21 -19 19 -21 -22 -23 23 24 -26 27 -28 39 -30 -31 32 -33 -34 -35 35 -37 37 -39 -40 41 -42 -43 -44 -45
leaf_value=-2.4195506157406395 0.25510479441260142 -6.3708892843503326 5.196093975396443 -0.059141372169573284 -0.10075405158653893 -0.43843684185974269 -0.37674102555084571 25.581796649353027 9.6742259818120306 1.6200345412234809 -2.2456449677285262 -0.3392809654150642 8.698806719091726 -0.043549988231541194 -0.7136255863196117 -0.06942760757174482 -1.0007453182442771 1.8241500145539749 2.9912496591054376 -0.1984463067736624 -1.2441165749743128 1.2421569911062078 -0.22522440805185681 -0.021100427409949132 -2.0337776786923745 0.098020248168630808 -2.500637580340574 -0.048499616582656696 0.061733206351267993 -2.4772014719373749 1.3181394419126855 1.5937706704466246 -0.28132937033911048 1.5134185159750346 -0.80832330867176772 0.077794831689329269 1.9936431534086181 0.020702587428484093 0.22672298285930309 -0.30157559477641144 -2.0987046395233846 -1.0748277770667118 -1.5356945839307308 -0.33525818175326094
leaf_weight=171 2130 28 228 173 81 126 281 77 80 1636 118 669 63 228 112 535 86 163 68 113 254 22 214 301 333 62 104 1712 2092 76 39 303 77 21 255 358 155 366 197 1353 22 179 199 161
leaf_count=171 2130 28 228 173 81 126 281 77 80 1636 118 669 63 228 112 535 86 163 68 113 254 22 214 301 333 62 104 1712 2092 76 39 303 77 21 255 358 155 366 197 1353 22 179 199 161
internal_value=-0.000292864 -0.00120351 0.000833136 -0.00469062 -0.000908546 -0.00308611 -0.00440634 0.00554572 0.000623004 0.00162999 -0.00133297 0.000209169 0.000560922 0.00302474 0.000153372 0.000386224 0.000954562 0.00122193 -0.00101742 0.00255108 -0.00184007 -0.0046901 -0.000770601 -0.0010406 -0.00373285 -0.000745326 -0.00423452 -0.000542007 0.00034686 -0.00388849 -0.00327488 0.00205611 0 0.000426262 0.000437208 -0.00104714 0.00154914 0.00221 0.00408123 -0.00115147 -0.00302619 -0.00205404 -0.00504924 0.00092078
internal_weight=16021 8859 7162 690 8169 519 309 305 6857 1995 359 4862 4193 594 3599 3371 2401 2293 970 181 789 108 7860 6426 634 5792 318 5474 2230 138 228 531 116 194 1434 613 821 718 352 3244 103 1532 325 241
internal_count=16021 8859 7162 690 8169 519 309 305 6857 1995 359 4862 4193 594 3599 3371 2401 2293 970 181 789 108 7860 6426 634 5792 318 5474 2230 138 228 531 116 194 1434 613 821 718 352 3244 103 1532 325 241
cat_boundaries=0 1 2 3 4 5 6
cat_threshold=12 2360336 12 1508015 40147 1757313
is_linear=0
shrinkage=0.03


Tree=135
num_leaves=45
num_cat=4
split_feature=21 21 16 3 10 15 0 21 22 10 16 16 14 20 32 15 16 15 15 32 30 11 17 27 6 20 27 11 33 15 33 22 32 0 13 15 14 5 17 14 13 0 24 10
split_gain=18.4923 10.5681 10.324 10.1075 6.23116 5.79365 5.40597 5.14173 4.59693 5.78919 4.74672 5.05489 5.60177 4.11117 5.0241 5.7928 5.10965 4.01688 3.68875 3.18581 3.14801 3.12032 3.18276 2.96584 5.27932 4.17859 6.25091 3.74522 3.67924 3.58847 2.96208 2.80622 2.72192 2.68255 3.02684 3.14951 2.66603 2.58737 2.54604 2.91515 2.49968 2.35868 2.15705 3.16479
threshold=852.84000000000003 4650.5000000000009 0.93544191479114935 0 607.28571428571433 -0.73865259438682551 1 2327.5000000000005 2650.5000000000005 2791.928571428572 0.97109394436505758 0.99351232050787985 0.68432406471780916 22.217857142857145 279.75000000000006 0.19969739736768838 0.61746692340271048 0.99981043035926087 0.40418040343369133 404.50000000000006 17.350000000000005 239.29459827146619 -0.074115882986646633 19.725000000000005 1.5000000000000002 20.146428571428576 21.675000000000001 174.32286215007062 4.4150000000000009 0.99138911339924218 6.9350000000000014 927.50000000000011 56.399999999999999 2 1594.0949838152862 -0.97696767110351213 0.30164402523644185 1.0000000180025095e-35 -0.99864786094873803 -0.9954993026558282 1588.6594322212391 3 747.50000000000011 692.92857142857156
decision_type=2 2 2 9 2 2 9 2 2 2 2 2 2 2 2 2 2 2 2 2 2 2 2 2 2 2 2 2 2 2 2 2 2 9 2 2 2 2 2 2 2 9 2 2
left_child=2 7 3 6 30 33 42 17 18 -10 13 -12 -13 -11 16 -16 -15 19 20 23 -9 22 41 24 40 26 27 -25 29 -26 -5 -8 -3 -6 35 -35 -37 -19 -27 -40 -2 -7 43 -1
right_child=1 32 -4 4 5 21 31 8 9 10 11 12 -14 14 15 -17 -18 37 -20 -21 -22 -23 -24 25 28 38 -28 -29 -30 -31 -32 -33 -34 34 -36 36 -38 -39 39 -41 -42 -43 -44 -45
leaf_value=-0.73146549127137628 -3.6551891302828561 7.22735428545126 -2.3718297987115022 -1.392026815352873 -0.66049061925006525 -0.010263743778845083 0.24138195670926393 2.9076306832192631 -0.50380762883618901 -2.1831027907265024 3.4059955617152307 -1.4551634735368861 4.843242111574118 1.3687415256788289 0.095630499293438337 -3.1683680203779727 -0.96863936874075529 6.4019559158514809 0.83254766093825305 1.8336228725606383 -0.31570478119948348 2.2064323292346968 -1.2093088561353271 1.5335815328410398 2.5183062350261092 -1.3492839290102461 -1.6624841433178721 0.50464851328954408 -1.6765019306431121 -1.0715566872957287 -2.9484667743652873 1.8917349331806916 10.074639768811734 0.72024723415166469 1.0419326066922621 -1.2549895058016289 0.11901040831109412 0.93691501431274105 1.146107238428949 -0.060754157170410959 -1.0101467141593627 -1.005214163219855 -1.2655179727709469 1.0631575430078977
leaf_weight=71 41 128 117 96 104 142 278 295 401 142 95 46 31 1340 258 96 127 29 559 26 35 29 123 213 139 60 31 154 28 50 90 67 186 43 69 36 101 42 165 8995 176 622 134 33
leaf_count=71 41 128 117 96 104 142 278 295 401 142 95 46 31 1340 258 96 127 29 559 26 35 29 123 213 139 60 31 154 28 50 90 67 186 43 69 36 101 42 165 8995 176 622 134 33
internal_value=-0.000120426 0.0002806 -0.00270614 -0.00220647 -0.00353013 -0.00279883 0.00113303 0.000154485 0.00115967 0.000507472 0.00112969 0.00590936 0.000155642 0.000709083 0.00109384 -0.00210957 0.00186899 -0.00018445 0.00301653 -0.000234866 0.00553469 -0.00405742 -0.00437606 -0.000262333 -0.00268832 -0.000152525 0.00285607 0.00395533 0.000608015 0.00212586 -0.00868888 0.00349761 0.00572111 0.000458794 0.00213045 0.000149917 -0.00205689 0.00691983 -0.000282752 -0.000242028 -0.00599724 -0.00364743 -0.00228537 0.000835735
internal_weight=16043 13888 2155 2038 1455 1269 583 13574 3425 2536 2135 172 77 1963 1821 354 1467 10149 889 10078 330 916 887 10052 434 9618 398 367 217 189 186 345 314 353 249 180 137 71 9220 9160 217 764 238 104
internal_count=16043 13888 2155 2038 1455 1269 583 13574 3425 2536 2135 172 77 1963 1821 354 1467 10149 889 10078 330 916 887 10052 434 9618 398 367 217 189 186 345 314 353 249 180 137 71 9220 9160 217 764 238 104
cat_boundaries=0 1 2 3 4
cat_threshold=12 537728 8376 532494
is_linear=0
shrinkage=0.03


Tree=136
num_leaves=45
num_cat=1
split_feature=21 21 16 12 21 21 7 22 10 16 16 19 12 15 15 32 7 16 15 30 19 19 15 10 27 17 27 7 29 33 5 25 25 16 7 25 33 10 5 13 33 21 0 22
split_gain=16.8596 10.1837 9.45386 9.04624 5.55341 5.34474 5.02801 4.30402 5.43705 4.6908 5.05489 4.82374 4.09693 4.01688 3.92876 3.96621 4.98474 3.91638 3.56742 3.14897 2.82058 2.79726 4.00882 3.23759 3.08885 3.01603 2.70097 5.45186 4.15071 3.42835 3.28163 3.13468 2.58838 6.56926 7.35234 4.10705 4.37061 3.39406 2.58737 2.26986 2.25774 2.2493 2.24008 2.13312
threshold=852.84000000000003 4650.5000000000009 0.93544191479114935 678.75000000000011 577.50000000000011 2327.5000000000005 68.500000000000014 2650.5000000000005 2791.928571428572 0.97109394436505758 0.99351232050787985 290.05000000000007 1325.7000000000003 0.99981043035926087 0.95436825032516992 279.75000000000006 285.50000000000006 0.61746692340271048 0.38043945030393422 17.350000000000005 57.750000000000007 0.19999999999999471 -0.73865259438682551 793.21428571428589 29.225000000000005 -0.98006184984776434 19.725000000000005 26.000000000000004 18.225000000000005 4.4150000000000009 3.5000000000000004 20.625000000000004 23.625000000000004 -0.84829621879359263 318.50000000000006 23.775000000000002 1.7400000000000002 2400.0714285714289 1.0000000180025095e-35 1588.6594322212391 4.4850000000000012 577.50000000000011 0 550.50000000000011
decision_type=2 2 2 2 2 2 2 2 2 2 2 2 2 2 2 2 2 2 2 2 2 2 2 2 2 2 2 2 2 2 2 2 2 2 2 2 2 2 2 2 2 2 9 2
left_child=2 5 3 4 -1 13 43 18 40 14 -11 -12 21 26 15 17 -17 -10 19 -7 -3 25 23 24 -23 -8 27 39 30 31 -28 -29 33 34 -30 -34 -37 -35 -15 -2 42 -24 -9 -5
right_child=1 20 -4 6 -6 7 12 8 9 10 11 -13 -14 38 -16 16 -18 -19 -20 -21 -22 22 41 -25 -26 -27 28 29 32 -31 -32 -33 35 37 -36 36 -38 -39 -40 -41 -42 -43 -44 -45
leaf_value=-2.6130604005595419 -3.5455334563743688 5.6627557509819324 -2.3006749047501578 -0.2758528215755115 -0.66304170934733575 2.8282417496833658 -1.4392423404901307 0.22885349655842446 1.2247762759605847 3.3038156948637698 4.6950328089009146 -1.9025197594728842 -1.5389022503819143 6.2098972383759383 -3.0091720041540566 0.092761584314639545 -3.0733169797666391 -0.9216993553295606 0.80757123111010054 -0.30623363776349377 9.9340212203269029 0.95730570364676393 0.45690604903655413 -0.21263739693291653 -0.63493674740654682 1.01274895612916 2.555771500283273 -0.040038190766236992 1.0335656538005014 -1.6262068727238193 -0.85213254649903314 6.8442930041468832 -0.58469836585197188 0.26685823496305716 -3.4115738904463817 1.7414102963089544 -0.076212648405287381 -1.2623026531232324 0.90880756388335948 -1.0841214047337393 -2.7400832725389863 -0.52463783799908359 -0.5182978635773543 0.57525682438887771
leaf_weight=129 41 123 117 20 354 285 30 104 1437 95 40 37 194 29 36 258 96 136 569 35 191 90 79 89 37 141 92 176 92 28 25 44 118 2478 174 24 6515 126 42 145 89 762 208 113
leaf_count=129 41 123 117 20 354 285 30 104 1437 95 40 37 194 29 36 258 96 136 569 35 191 90 79 89 37 141 92 176 92 28 25 44 118 2478 174 24 6515 126 42 145 89 762 208 113
internal_value=-9.79861e-05 0.00028492 -0.00256693 -0.00208871 -0.00567584 0.000161116 -0.000972285 0.00118595 0.000554789 0.00115779 0.00590936 0.000155642 -0.00149568 -0.00018445 0.000739646 0.000924706 -0.00194013 0.00157142 0.00298279 0.00552015 0.0056256 -0.000852536 -0.00143033 0.00220731 0.00528718 0.00270018 -0.000234866 -0.0025501 -0.000130339 0.000350665 0.00548249 0.00162199 -0.000199641 0.000552942 -0.00393461 -0.000524553 -0.000423912 0.00101263 0.00691983 -0.00643203 -0.00264772 -0.00236833 -0.00143223 0.00459805
internal_weight=16043 13888 2155 2038 483 13574 1555 3425 2536 2135 172 77 1422 10149 1963 1927 354 1573 889 320 314 1228 1057 216 127 171 10078 434 9644 248 117 220 9527 2870 266 6657 6539 2604 71 186 401 841 312 133
internal_count=16043 13888 2155 2038 483 13574 1555 3425 2536 2135 172 77 1422 10149 1963 1927 354 1573 889 320 314 1228 1057 216 127 171 10078 434 9644 248 117 220 9527 2870 266 6657 6539 2604 71 186 401 841 312 133
cat_boundaries=0 1
cat_threshold=1136643
is_linear=0
shrinkage=0.03


Tree=137
num_leaves=45
num_cat=2
split_feature=21 21 10 15 7 21 11 15 0 10 33 27 7 7 19 27 20 14 14 14 27 5 27 33 7 5 5 23 24 14 27 31 19 26 11 14 33 26 13 29 15 0 15 19
split_gain=17.0361 9.2309 8.01268 6.70181 6.22069 5.55576 5.49561 4.02361 4.01183 3.7137 3.78896 2.68705 5.00909 3.83561 8.31174 4.27737 6.64449 4.01855 4.83974 4.49967 3.91283 3.82904 3.78724 3.34411 2.84938 2.76901 2.58737 2.54787 4.70202 4.02428 3.35583 3.22104 3.90531 4.63723 3.32986 2.96965 2.91581 3.10325 2.7805 2.861 2.76659 2.65509 2.51513 2.47079
threshold=852.84000000000003 4700.5000000000009 521.50000000000011 0.56901594657981336 68.500000000000014 2327.5000000000005 170.43362064931426 0.99981043035926087 0 607.28571428571433 6.9350000000000014 19.725000000000005 26.000000000000004 23.500000000000004 5.6499999999999995 20.725000000000005 22.300000000000001 0.19337368024598436 0.10837544681456425 0.3504237462291826 22.175000000000004 1.5000000000000002 22.925000000000004 4.4150000000000009 358.50000000000006 3.5000000000000004 1.0000000180025095e-35 2470.5000000000005 2997.5000000000005 -0.52766804058324157 20.025000000000002 0.19999999999998672 313.25000000000006 0.65000000000000002 136.36435786245548 -0.21861968191509915 4.4850000000000012 14.65 1611.946723571986 22.425000000000004 0.69521084835931835 1 0.83258597624099873 57.750000000000007
decision_type=2 2 2 2 2 2 2 2 9 2 2 2 2 2 2 2 2 2 2 2 2 2 2 2 2 2 2 2 2 2 2 2 2 2 2 2 2 2 2 2 2 9 2 2
left_child=2 5 -1 4 -4 7 -5 11 -7 10 -6 12 -2 14 17 25 20 18 -13 -19 -17 -16 -18 24 -14 42 -9 28 36 31 -31 41 34 -34 -33 -32 37 40 -38 -40 -10 -29 -15 -3
right_child=1 43 3 6 9 8 -8 26 27 -11 -12 13 23 15 21 16 22 19 -20 -21 -22 -23 -24 -25 -26 -27 -28 29 -30 30 35 32 33 -35 -36 -37 38 -39 39 -41 -42 -43 -44 -45
leaf_value=-2.2073202336816489 -1.5641264670011923 7.7711279270099292 0.42583672380152959 -2.2976721936167417 -0.67689391494057871 -0.0052594361468982238 0.11612922253414069 6.0236003212246576 7.9647250762602013 -0.33978485530427577 -2.0698328033003719 1.1214104856317657 1.4730741329761667 4.1176631533493104 0.48197239831286875 -0.23620037064112123 0.60535196141677938 2.4815667812737412 -0.89303608979421134 0.10655517226736606 -1.4976747150598657 -1.4909936495442548 -0.048963938589884036 -1.5774206665421069 -1.5862961508308944 -0.54268222170996971 0.8815433369668596 3.7876511838211124 -4.9896930226030101 4.2367896624716783 -0.86208826807705918 5.0393181015787922 -4.2215628740379882 1.3520908842698462 3.5148291869035937 0.36140801390807153 -3.1044077288592939 -2.5352043039330101 -1.0539940584966643 2.1146060356858287 2.7259709588596523 -1.7055974857852969 1.1724230867004655 16.970297149469069
leaf_weight=68 186 109 97 141 91 1423 62 29 86 1628 68 147 185 38 54 552 468 161 100 66 499 127 7121 28 35 95 42 106 24 32 321 62 46 195 383 337 22 23 35 93 115 171 216 156
leaf_count=68 186 109 97 141 91 1423 62 29 86 1628 68 147 185 38 54 552 468 161 100 66 499 127 7121 28 35 95 42 106 24 32 321 62 46 195 383 337 22 23 35 93 115 171 216 156
internal_value=-0.000112946 0.000271959 -0.00259478 -0.00226247 -0.00170214 0.000163839 -0.00744461 -0.000190362 0.00119945 -0.00210509 -0.00648649 -0.000240819 -0.0025501 -0.00013656 0.00207907 -0.000298361 -0.000430203 0.00417001 0.00150546 0.00705416 -0.00266578 -0.00337935 -0.000120172 0.000229746 0.00148569 0.00295617 0.00691983 0.00204357 0.00421251 0.00153167 -0.000213013 0.00278476 0.00388719 0.00079635 0.00555381 -0.000679228 0.00504411 0.00721553 0.00177881 0.00348946 0.00841372 4.33057e-05 0.00459268 0.00581667
internal_weight=16043 13888 2155 2087 1884 13623 203 10149 3474 1787 159 10078 434 9644 655 8989 8640 474 247 227 1051 181 7589 248 220 349 71 2051 398 1653 690 963 686 241 445 658 374 224 150 128 201 277 254 265
internal_count=16043 13888 2155 2087 1884 13623 203 10149 3474 1787 159 10078 434 9644 655 8989 8640 474 247 227 1051 181 7589 248 220 349 71 2051 398 1653 690 963 686 241 445 658 374 224 150 128 201 277 254 265
cat_boundaries=0 1 2
cat_threshold=2458769 12320
is_linear=0
shrinkage=0.03


end of trees

feature_importances:
price_lag_1=623
sin_365_2=511
sin_365_1=460
day_of_year=374
cos_365_1=337
price_lag_2=311
temp_7d_avg=303
cos_365_2=285
mandi_name=269
evapotrans_lag1=268
temp_mean=247
price_roll_std_7=191
price_roll_mean_30=187
precip_roll7=183
price_roll_mean_7=181
price_expanding_mean=178
temp_mean_lag1=177
precip_roll30=167
price_lag_3=132
temp_lag7=125
rainfall_30d_sum=107
rainfall_7d_sum=102
price_lag_7=96
rainfall_lag1=87
month=49
day_of_week=41
variety=33
temp_lag1=33
precip_lag1=14
is_weekend=1

parameters:
[boosting: gbdt]
[objective: quantile]
[metric: quantile]
[tree_learner: serial]
[device_type: cpu]
[data_sample_strategy: bagging]
[data: ]
[valid: ]
[num_iterations: 2000]
[learning_rate: 0.03]
[num_leaves: 45]
[num_threads: 0]
[seed: 42]
[deterministic: 0]
[force_col_wise: 0]
[force_row_wise: 0]
[histogram_pool_size: -1]
[max_depth: 9]
[min_data_in_leaf: 20]
[min_sum_hessian_in_leaf: 0.001]
[bagging_fraction: 0.8]
[pos_bagging_fraction: 1]
[neg_bagging_fraction: 1]
[bagging_freq: 5]
[bagging_seed: 400]
[bagging_by_query: 0]
[feature_fraction: 0.8]
[feature_fraction_bynode: 1]
[feature_fraction_seed: 30056]
[extra_trees: 0]
[extra_seed: 12879]
[early_stopping_round: 0]
[early_stopping_min_delta: 0]
[first_metric_only: 0]
[max_delta_step: 0]
[lambda_l1: 0.1]
[lambda_l2: 0.1]
[linear_lambda: 0]
[min_gain_to_split: 0]
[drop_rate: 0.1]
[max_drop: 50]
[skip_drop: 0.5]
[xgboost_dart_mode: 0]
[uniform_drop: 0]
[drop_seed: 17869]
[top_rate: 0.2]
[other_rate: 0.1]
[min_data_per_group: 100]
[max_cat_threshold: 32]
[cat_l2: 10]
[cat_smooth: 10]
[max_cat_to_onehot: 4]
[top_k: 20]
[monotone_constraints: ]
[monotone_constraints_method: basic]
[monotone_penalty: 0]
[feature_contri: ]
[forcedsplits_filename: ]
[refit_decay_rate: 0.9]
[cegb_tradeoff: 1]
[cegb_penalty_split: 0]
[cegb_penalty_feature_lazy: ]
[cegb_penalty_feature_coupled: ]
[path_smooth: 0]
[interaction_constraints: ]
[verbosity: -1]
[saved_feature_importance_type: 0]
[use_quantized_grad: 0]
[num_grad_quant_bins: 4]
[quant_train_renew_leaf: 0]
[stochastic_rounding: 1]
[linear_tree: 0]
[max_bin: 255]
[max_bin_by_feature: ]
[min_data_in_bin: 3]
[bin_construct_sample_cnt: 200000]
[data_random_seed: 175]
[is_enable_sparse: 1]
[enable_bundle: 1]
[use_missing: 1]
[zero_as_missing: 0]
[feature_pre_filter: 1]
[pre_partition: 0]
[two_round: 0]
[header: 0]
[label_column: ]
[weight_column: ]
[group_column: ]
[ignore_column: ]
[categorical_feature: 0,1,2,3]
[forcedbins_filename: ]
[precise_float_parser: 0]
[parser_config_file: ]
[objective_seed: 16083]
[num_class: 1]
[is_unbalance: 0]
[scale_pos_weight: 1]
[sigmoid: 1]
[boost_from_average: 1]
[reg_sqrt: 0]
[alpha: 0.5]
[fair_c: 1]
[poisson_max_delta_step: 0.7]
[tweedie_variance_power: 1.5]
[lambdarank_truncation_level: 30]
[lambdarank_norm: 1]
[label_gain: ]
[lambdarank_position_bias_regularization: 0]
[eval_at: ]
[multi_error_top_k: 1]
[auc_mu_weights: ]
[num_machines: 1]
[local_listen_port: 12400]
[time_out: 120]
[machine_list_filename: ]
[machines: ]
[gpu_platform_id: -1]
[gpu_device_id: -1]
[gpu_use_dp: 0]
[num_gpu: 1]

end of parameters

pandas_categorical:[["Chandvad", "Devala", "Dindori", "Dindori(Vani)", "Kalvan", "Lasalgaon", "Lasalgaon(Niphad)", "Lasalgaon(Vinchur)", "Malharshree Farmers Producer Co Ltd", "Mankamneshwar Farmar Producer Coltd Sanchalit Mank", "Manmad", "Nampur", "Nandgaon", "Nasik", "Pimpalgaon", "Pimpalgaon Baswant(Saykheda)", "Satana", "Shivsiddha Govind Producer Company Limited Sanchal", "Shree Rameshwar Krushi Market", "Sinner", "Umrane", "Yeola"], ["Nashik"], ["Maharashtra"], ["Local", "Other", "Pole", "Red", "White"]]
