tree
version=v4
num_class=1
num_tree_per_iteration=1
label_index=0
max_feature_idx=34
objective=quantile
feature_names=mandi_name district state variety is_real_trade day_of_week month day_of_year is_weekend is_holiday price_roll_mean_7 price_roll_std_7 price_roll_mean_30 price_expanding_mean sin_365_1 cos_365_1 sin_365_2 cos_365_2 rainfall_7d_sum rainfall_30d_sum temp_7d_avg price_lag_7 price_lag_8 price_lag_9 price_lag_14 price_lag_30 temp_mean_lag7 rainfall_lag7 temp_mean temp_lag1 temp_lag7 precip_lag1 precip_roll7 precip_roll30 evapotrans_lag1
feature_infos=-1:14:10:5:15:7:6:0:13:1:21:12:4:19:16:3:11:20:2:17:18:9 none none -1:1:3:2:0 none [0:6] [1:12] [1:366] [0:1] [0:1] [394.28571428571428:131086504.71428572] [0:346815176.15154129] [443.66666666666669:30590979.833333332] [971.09666666666669:1131950.5985221674] [-0.9999994220246925:0.99998555065071859] [-0.99997919295908233:0.9999907524084426] [-0.9999994220246925:0.99995318436087299] [-0.99999768809943823:0.99996300980480612] [0:257] [0:453.89999999999998] [17.392857142857142:32.600000000000001] [100:917588483] [100:917588483] [100:917588483] [100:917588483] [100:917588483] [14.449999999999999:33.299999999999997] [0:79.900000000000006] [14.449999999999999:33.299999999999997] [14.449999999999999:33.299999999999997] [14.449999999999999:33.299999999999997] [0:79.900000000000006] [0:257] [0:453.89999999999998] [0.87:9.2799999999999994]
tree_sizes=2463 2852 2824 2758 2863 2850 2825 2826 2841 2851 2849 2857 2858 2850 2847 2834 2843 2842 2840 2857 2851 2858 2833 2849 2866 2864 2874 2860 2836 2852 2855 2856 2848 2828 2847 2845 2855 2848 2826 2866 2853 2857 2846 2844 2837 2846 2846 2851 2861 2847 2836 2845 2864 2834 2842 2860 2829 2859 2862 2844 2845 2844 2848 2837 2793 2860 2868 2871 2870 2887 2846 2878 2862 2807 2834 2846 2841 2868 2878 2872 2830 2870 2870 2837 2865 2879 2887 2871 2872 2872 2854 2876 2852 2857 2883 2848 2834 2889 2853 2851 2857 2855 2881 2828 2875 2881 2869 2877 2878 2885 2858 2838 2893 2858 2881 2865 2862 2872 2868 2859 2857 2870 2871 2861 2878 2868 2856 2864 2897 2878 2893 2871 2862 2851 2859 2874 2878 2879 2875 2861 2866 2880 2849 2855 2878 2900 2889 2862 2877 2875 2873 2880 2872 2858 2878 2848 2888 2882 2897 2870 2861 2903 2893 2889 2889 2892 2867 2864 2879 2837 2868 2897 2894 2893 2885 2879 2882 2855 2876 2860 2880 2873 2885 2907 2903 2867 2915 2847 2875 2902 2871 2894 2873 2892 2894

Tree=0
num_leaves=31
num_cat=1
split_feature=12 7 13 21 7 21 16 7 13 18 21 7 12 7 7 19 13 14 22 14 13 33 19 33 21 0 13 14 34 12
split_gain=210.984 67.9787 30.4455 25.4472 26.434 13.5732 11.4581 9.22269 7.44916 5.24658 4.75627 17.5804 18.8252 13.7005 4.5352 3.87353 3.43411 2.43093 3.25806 2.3784 3.59163 2.11813 1.50385 1.37794 1.30993 0.905115 0.787876 0.376113 0.881949 0.299177
threshold=806.23333333333346 144.50000000000003 1572.7693320210415 997.50000000000011 101.50000000000001 620.50000000000011 0.97872324816535838 81.500000000000014 1503.9307694914683 0.20000000000000892 1280.5000000000002 49.500000000000007 1282.1333333333334 30.500000000000004 137.50000000000003 0.50000000000000033 1660.9915218756544 0.98049069993378934 805.50000000000011 0.84313847884979054 1704.2981144210551 0.39999999999999963 0.29999999999999999 0.39999999999999963 715.50000000000011 0 1477.8363553701329 0.9193901325473397 5.6650000000000009 663.01666666666677
decision_type=2 2 2 2 2 2 2 2 2 2 2 2 2 2 2 2 2 2 2 2 2 2 2 2 2 9 2 2 2 2
left_child=1 2 7 4 6 9 8 26 21 -3 11 12 13 -5 16 -10 23 -13 -19 -6 -21 -2 -14 -4 -9 -22 -1 -12 -29 -7
right_child=3 5 14 10 19 29 -8 24 15 -11 27 17 22 -15 -16 -17 -18 18 -20 20 25 -23 -24 -25 -26 -27 -28 28 -30 -31
leaf_value=698.62500001676381 699.01100000344218 698.87000000998376 698 700.4500000141561 701 700 697.70050000030551 697.5 699.5 700 704.5 701.5 699.72500001080334 697.93750001769513 700.02000000625844 698.78000001013277 699.15000001415615 698.23000000089405 700 698.45000002905726 699.3250000339001 698.7750000115484 703 698.77500006370246 697.5 700.5 699.3500000067055 699.19000003710391 701.00999999999999 701
leaf_weight=46 43 68 43 39 653 72 42 319 239 31 9189 2123 59 96 43 273 96 31 252 40 131 32 142 172 126 167 31 84 835 254
leaf_count=46 43 68 43 39 653 72 42 319 239 31 9189 2123 59 96 43 273 96 31 252 40 131 32 142 172 126 167 31 84 835 254
internal_value=700 699.996 699.994 700 699.999 699.999 699.997 699.993 699.998 699.996 700 700 699.998 699.995 699.997 699.998 699.996 700 699.999 700 699.999 699.995 700 699.996 699.992 700 699.996 700 700 700
internal_weight=15771 1301 876 14470 1620 425 629 522 587 99 12850 2742 336 135 354 512 311 2406 283 991 338 75 201 215 445 298 77 10108 919 326
internal_count=15771 1301 876 14470 1620 425 629 522 587 99 12850 2742 336 135 354 512 311 2406 283 991 338 75 201 215 445 298 77 10108 919 326
cat_boundaries=0 1
cat_threshold=1068224
is_linear=0
shrinkage=1


Tree=1
num_leaves=31
num_cat=0
split_feature=10 10 6 13 7 16 12 33 14 13 34 12 14 13 13 13 14 28 11 20 20 18 13 14 11 11 10 7 33 33
split_gain=171.464 22.5158 36.9864 17.3038 22.4522 16.7637 9.40865 8.31677 8.01329 3.98702 5.64719 3.86931 3.40292 6.34241 2.79165 2.58403 3.33228 2.463 1.89108 1.76126 1.00763 0.874269 1.48396 0.799984 0.601321 0.526515 0.420668 0.909623 0.366027 0.856029
threshold=731.857142857143 1080.0714285714287 3.5000000000000004 1562.0966182159186 146.50000000000003 0.95566275305367776 652.60000000000014 0.39999999999999963 0.88621069759564464 1638.6099825251204 4.4150000000000009 567.21666666666681 0.97875492728876534 1886.8514419260962 1736.7675285229334 1496.2882490957086 0.95242846126021108 27.725000000000005 137.53077576784898 26.675000000000004 30.167857142857148 0.10000000000001512 1631.0533885924535 0.7210268013660811 98.349474058684919 72.343097869930588 1243.0000000000002 97.500000000000014 2.7499999999999969 0.29999999999999788
decision_type=2 2 2 2 2 2 2 2 2 2 2 2 2 2 2 2 2 2 2 2 2 2 2 2 2 2 2 2 2 2
left_child=3 2 5 4 6 9 -1 23 20 10 -2 -6 21 24 17 -8 -17 -10 -19 -11 -5 22 -4 -7 -14 -13 27 28 29 -3
right_child=1 26 12 8 11 7 15 -9 14 19 -12 25 13 -15 -16 16 -18 18 -20 -21 -22 -23 -24 -25 -26 -27 -28 -29 -30 -31
leaf_value=-2.5949999682605269 0.0084950001205506206 1.0019250001579523 -0.22946249933950602 0.0050000000000000001 -0.98870000009983761 -2.4780714999559375 -2.4750000000000001 -0.88200499709732871 -0.98778500026032323 -0.47229995074421149 -1.7682999957770107 0.011299999900162448 -1.373814994713515 0.012199999898672332 -0.98780000010132774 -0.97499999999999998 -2.1449999973177909 -2.4777499984018507 -1.635459987602532 -1.0015149989690633 -0.52733249332450294 0.51224999936297533 0.0084999998584385141 -1.7043749886285513 -1.4878000001013276 -0.20386999891430135 3.9550000000000001 2.4849999999999999 0.62770502816505747 -0.61037995175093418
leaf_weight=214 48 115 94 99 32 72 203 40 47 141 143 70 30 169 36 65 37 61 35 138 38 1139 489 32 95 39 10464 1235 214 137
leaf_count=214 48 115 94 99 32 72 203 40 47 141 143 70 30 169 36 65 37 61 35 138 38 1139 489 32 95 39 10464 1235 214 137
internal_value=1.17614e-05 0.000280312 -0.000556822 -0.00404504 -0.00497731 -0.00270406 -0.00594327 -0.00571034 -0.00205678 -0.00175159 -0.00288802 -0.00133451 9.32077e-05 -0.000891525 -0.00344722 -0.00469771 -0.00309709 -0.00408681 -0.00507216 -0.000930357 -0.000155797 0.000267557 -3.16781e-05 -0.00721905 -0.00259921 -0.000322727 0.000462149 0.000299941 -5.78158e-05 -0.000332016
internal_weight=15771 14795 2630 976 660 614 519 144 316 470 191 141 2016 294 179 305 102 143 96 279 137 1722 583 104 125 109 12165 1701 466 252
internal_count=15771 14795 2630 976 660 614 519 144 316 470 191 141 2016 294 179 305 102 143 96 279 137 1722 583 104 125 109 12165 1701 466 252
is_linear=0
shrinkage=0.01


Tree=2
num_leaves=31
num_cat=0
split_feature=10 10 7 16 13 7 12 33 14 13 34 12 13 13 13 7 7 18 10 20 14 13 15 10 7 18 10 20 12 23
split_gain=168.297 22.5484 35.8277 18.8745 16.205 22.1786 9.9579 8.01766 6.88319 6.62396 6.12373 4.65516 3.12518 2.42995 2.30163 1.88264 1.86656 1.68357 1.56366 1.78163 1.33124 0.899034 0.591541 0.429779 0.901086 1.14467 0.580004 0.308069 0.167286 0.130083
threshold=725.07142857142867 1080.0714285714287 97.500000000000014 0.95566275305367776 1578.723381342166 146.50000000000003 652.60000000000014 0.39999999999999963 0.88621069759564464 1638.6099825251204 4.4150000000000009 567.21666666666681 1720.3263812538178 1496.2882490957086 1967.6514212609675 100.50000000000001 73.500000000000014 0.10000000000001512 793.07142857142867 30.296428571428578 0.7210268013660811 1612.1525679040508 -0.16799793862756093 1257.214285714286 98.500000000000014 0.20000000000001514 1178.6428571428576 30.082142857142863 688.18333333333351 650.50000000000011
decision_type=2 2 2 2 2 2 2 2 2 2 2 2 2 2 2 2 2 2 2 2 2 2 2 2 2 2 2 2 2 2
left_child=4 2 3 9 5 6 -1 20 27 10 -2 -7 15 28 -11 -10 -15 18 19 -4 -5 -17 -20 24 25 -3 -27 -6 -8 -19
right_child=1 23 17 7 8 11 13 -9 12 14 -12 -13 -14 16 -16 21 -18 29 22 -21 -22 -23 -24 -25 -26 26 -28 -29 -30 -31
leaf_value=-2.589049968875945 0.0084100501193451489 0.47566786429492519 -0.48745149636890078 -2.4532907849563781 0.0049500000000000455 -0.97881300009883943 -2.3902499856948851 -0.87318494712635586 -1.3058499307242675 -0.9786920970835844 -1.7526169952529962 -0.0361316263776758 -0.70139226256563048 -0.98109349989445493 0.010015149989690145 -2.1119349892301491 -1.9535500000268224 0.0022275000987571026 0.0066650002621859803 -0.97950950003027948 -1.6873312387422663 -2.4549975003780804 -0.48175116634599391 3.9154499999999999 2.4601500000000001 -1.4775249489893572 -0.012570286772456198 -0.62107917009654723 -2.45025 0.56637748081243278
leaf_weight=212 48 422 123 72 78 32 65 40 32 294 162 97 30 38 132 34 94 53 461 68 32 35 100 10338 1295 54 56 30 134 1110
leaf_count=212 48 422 123 72 78 32 65 40 32 294 162 97 30 38 132 34 94 53 461 68 32 35 100 10338 1295 54 56 30 134 1110
internal_value=1.93698e-05 0.00027589 -0.000549889 -0.00235595 -0.00414967 -0.00495394 -0.00584283 -0.00564138 -0.00183542 -0.0015887 -0.00305687 -0.00111923 -0.00336742 -0.00465211 -0.000836066 -0.00421078 -0.00333835 0.000181367 -0.000177955 -0.000960937 -0.00712381 -0.00522143 7.20641e-05 0.000459683 0.00030279 -2.62664e-05 -0.000945946 0 -0.0054525 0.000422251
internal_weight=15771 14860 2695 780 911 672 543 144 239 636 210 129 131 331 426 101 132 1915 752 191 104 69 561 12165 1827 532 110 108 199 1163
internal_count=15771 14860 2695 780 911 672 543 144 239 636 210 129 131 331 426 101 132 1915 752 191 104 69 561 12165 1827 532 110 108 199 1163
is_linear=0
shrinkage=0.01


Tree=3
num_leaves=30
num_cat=0
split_feature=10 10 7 7 13 33 7 12 13 7 7 15 12 13 13 34 10 20 11 33 10 7 18 10 24 12 12 7 7
split_gain=168.287 21.7437 35.5875 16.606 26.3539 14.3037 13.8136 9.19701 8.43872 6.16406 5.26263 5.18778 4.98195 3.58299 2.51375 1.17733 0.950393 1.13889 0.464751 0.401994 0.393699 0.836604 0.967869 0.440184 0.144503 0.0971915 0.082063 0.119641 0.0171961
threshold=731.857142857143 1080.0714285714287 49.500000000000007 146.50000000000003 1538.3236463998703 0.39999999999999963 102.50000000000001 678.23333333333346 1905.6241626421563 66.500000000000014 78.500000000000014 -0.63257203029273779 567.21666666666681 1736.7675285229334 1496.2882490957086 4.6850000000000014 776.28571428571433 29.946428571428577 123.92393980643335 1.9499999999999933 1257.214285714286 98.500000000000014 0.20000000000001514 1178.6428571428576 620.50000000000011 1396.6833333333336 1306.1500000000003 245.50000000000003 107.50000000000001
decision_type=2 2 2 2 2 2 2 2 2 2 2 2 2 2 2 2 2 2 2 2 2 2 2 2 2 2 2 2 2
left_child=3 2 5 4 7 15 8 -1 10 -6 -4 -11 -5 -13 28 -2 17 -8 -18 -10 21 22 25 -24 -14 -3 -23 -28 -9
right_child=1 20 6 12 9 -7 16 14 19 11 -12 13 24 -15 -16 -17 18 -19 -20 -21 -22 26 23 -25 -26 -27 27 -29 -30
leaf_value=-2.4637970913238165 -2.0739083760533781 0.0040971207665268143 -0.45818593534782326 -0.96902487009785088 0.0049004999999999656 -0.72658609433773602 0.027130312493435744 -2.4257474999999999 0.011977848399787945 -0.21626586969769959 -1.6583518413696698 -1.9424086694569023 -0.20146998208470593 -0.9681281312042066 -1.0281569546910365 -2.30769136866027 0.5159632573406614 -0.48712636900900841 0.0065983496597925755 -0.47762822116932646 3.8762954999999999 2.9289335117299702 -1.4627496994994631 -0.012444583904732041 0.011871071264157367 0.50874382851246913 2.3965485065714121 -0.073451498345971228 -1.1069224881289899
leaf_weight=265 30 188 122 32 65 59 122 127 192 49 344 200 59 38 43 77 1148 65 409 62 10338 1072 54 56 64 234 148 75 34
leaf_count=265 30 188 122 32 65 59 122 127 192 49 344 200 59 38 43 77 1148 65 409 62 10338 1072 54 56 64 234 148 75 34
internal_value=1.49315e-05 0.000280988 -0.000541619 -0.00400409 -0.0045736 -0.00501198 -0.000234483 -0.00613936 -0.00140083 -0.00244759 -0.00219914 -0.00307812 -0.000913462 -0.00368619 -0.00438049 -0.00718981 0.000241834 -0.000406915 0.00032638 2.7451e-05 0.000459683 0.00030826 -7.50468e-06 -0.000855856 0 0.000191489 0.000445602 0.000185268 -0.00499691
internal_weight=15771 14795 2630 976 821 166 2464 469 720 352 466 287 155 238 204 107 1744 187 1557 254 12165 1827 532 110 123 422 1295 223 161
internal_count=15771 14795 2630 976 821 166 2464 469 720 352 466 287 155 238 204 107 1744 187 1557 254 12165 1827 532 110 123 422 1295 223 161
is_linear=0
shrinkage=0.01


Tree=4
num_leaves=31
num_cat=1
split_feature=10 10 7 7 12 33 7 20 12 11 10 0 24 33 11 16 21 34 34 10 11 11 12 10 7 18 10 12 24 21
split_gain=166.472 22.204 35.4034 16.379 22.8729 14.3037 13.5293 6.42698 4.98195 4.76165 4.69522 3.29883 2.4603 2.39829 2.25969 2.67291 1.25021 1.17733 0.98918 1.17865 0.736539 0.622948 0.583846 0.424448 0.901086 0.928558 0.440184 0.347684 0.144503 0.0770853
threshold=731.857142857143 1080.0714285714287 49.500000000000007 146.50000000000003 688.18333333333351 0.39999999999999963 102.50000000000001 24.589285714285719 567.21666666666681 65.228535331399627 880.78571428571433 0 637.50000000000011 0.2499999999999965 164.27038590630386 0.074116354202380205 670.50000000000011 4.6850000000000014 7.4450000000000012 757.71428571428589 78.919036179492466 107.98092790689506 652.60000000000014 1257.214285714286 98.500000000000014 0.20000000000001514 1178.6428571428576 1480.7500000000002 620.50000000000011 1472.5000000000002
decision_type=2 2 2 2 2 2 2 2 2 2 2 9 2 2 2 2 2 2 2 2 2 2 2 2 2 2 2 2 2 2
left_child=3 2 5 4 13 17 7 10 -5 12 -4 -9 -6 -1 15 -11 -14 -2 27 -20 22 -22 -15 24 25 29 -27 -8 -10 -3
right_child=1 23 6 8 9 -7 18 11 28 14 -12 -13 16 20 -16 -17 -18 -19 19 -21 21 -23 -24 -25 -26 26 -28 -29 -30 -31
leaf_value=-0.90696389027362845 -2.0531692922928442 0.47887883279027504 -1.9321423111727898 -0.95933462139687209 -1.1392010775825421 -0.71932023339435813 0.50680955935890881 -1.1044087248354264 -0.19945528226385847 -2.4014900250000006 -0.34493230315544365 -0.4532216469291086 -0.43311854017446588 -2.6485215088537712 -1.7024713277236105 -1.0028249878929778 -0.42417827470147701 -2.2846144549736676 -2.2546297208658923 -0.0017803527446286465 -2.1519948750976305 -2.5735215025207778 -1.9117227768136005 3.8375325450000002 2.4062591648827003 -1.4481222025044684 -0.012320138065684374 -0.0079538468397424827 0.011752360551515554 -0.039127436760059336
leaf_weight=30 30 392 135 32 33 59 1324 250 59 184 48 287 43 141 30 97 101 77 30 327 36 74 52 10338 1295 54 56 63 64 30
leaf_count=30 30 392 135 32 33 59 1324 250 59 184 48 287 43 141 30 97 101 77 30 327 36 74 52 10338 1295 54 56 63 64 30
internal_value=1.36635e-05 0.000278285 -0.000553022 -0.00398362 -0.00454927 -0.00501198 -0.000246653 -0.00140083 -0.000913462 -0.00312065 -0.00303533 -0.000820632 -0.00169382 -0.00659731 -0.00389263 -0.00418262 -0.00102069 -0.00718981 0.000224642 -0.000227654 -0.00690296 -0.00563063 -0.00754381 0.000458861 0.00030279 -2.62664e-05 -0.000855856 0.000348343 0 0.000167849
internal_weight=15771 14795 2630 976 821 166 2464 720 155 488 183 537 177 333 311 281 144 107 1744 357 303 110 193 12165 1827 532 110 1387 123 422
internal_count=15771 14795 2630 976 821 166 2464 720 155 488 183 537 177 333 311 281 144 107 1744 357 303 110 193 12165 1827 532 110 1387 123 422
cat_boundaries=0 1
cat_threshold=3267585
is_linear=0
shrinkage=0.01


Tree=5
num_leaves=31
num_cat=1
split_feature=10 10 7 14 13 20 14 13 19 7 11 12 25 12 0 7 32 10 11 21 13 10 7 32 19 10 12 14 25 10
split_gain=169.223 22.7181 36.7397 17.3883 28.1581 14.1798 13.2907 11.6395 9.92757 5.69674 5.21451 4.98672 4.26718 4.21073 3.17011 1.5569 1.30104 1.28525 1.10614 0.882866 0.873291 0.500495 0.777121 0.759894 0.710363 0.343832 0.308822 0.498562 0.103264 0.0411131
threshold=731.857142857143 1080.0714285714287 51.500000000000007 0.59177612190863982 1492.1171027907558 21.339285714285719 0.97696484778429815 1638.6099825251204 0.29999999999999999 132.50000000000003 151.1857892036183 688.18333333333351 1550.5000000000002 607.75000000000011 0 67.500000000000014 2.2000000000000157 800.50000000000011 69.006555934220117 715.50000000000011 1597.8815303899339 1243.0000000000002 98.500000000000014 0.20000000000001514 0.69999999999999962 1100.214285714286 1363.4166666666667 -0.44504625642270151 1677.5000000000002 647.21428571428589
decision_type=2 2 2 2 2 2 2 2 2 2 2 2 2 2 9 2 2 2 2 2 2 2 2 2 2 2 2 2 2 2
left_child=3 2 5 13 11 -2 16 19 18 10 -10 -5 -7 -1 -9 -13 17 -4 -6 -8 -20 22 23 25 -25 -3 -24 -28 -18 -15
right_child=1 21 6 4 8 12 7 14 9 -11 -12 15 -14 29 -16 -17 28 -19 20 -21 -22 -23 26 24 -26 -27 27 -29 -30 -31
leaf_value=-0.94974127518290286 0.47698149705525777 -0.20021207765459126 -0.44627022411580092 -2.8720363146268597 0.012783970994402746 -2.2260855534588035 -1.4255009404063617 0.023749442546390602 -2.3720363146268597 -1.0970362956278792 -1.1592727125188671 -1.4072147477239654 -1.5613327899191936 -0.19355872888222528 -0.95257032337742209 -2.8739751241017997 1.0053304448410787 0.031481323118466992 -1.396404287721988 -1.9064358876754199 -0.38685880146586199 3.7991572195500001 2.3821965732338732 0.052737767919409179 -1.0351122107384025 0.99147089426153234 -0.11777957666536736 1.6414304552782517 -0.078591305630309208 0.0064092688964069566
leaf_weight=48 39 44 212 252 62 97 34 217 203 52 38 34 34 35 230 88 811 757 36 97 38 10549 1056 38 58 343 30 135 33 76
leaf_count=48 39 44 212 252 62 97 34 217 203 52 38 34 34 35 230 88 811 757 36 97 38 10549 1056 38 58 343 30 135 33 76
internal_value=1.25499e-05 0.000277219 -0.000577479 -0.00404881 -0.00464988 -0.00505848 -0.000252717 -0.0015734 -0.00285 -0.00388946 -0.00454339 -0.00667467 -0.006625 -0.000940625 -0.000773437 -0.00470732 0.000163451 -7.7835e-05 -0.000525547 -0.00420076 -0.00137333 0.000456708 0.000282698 -3.82231e-05 -0.000845361 0.000137887 0.000417758 0 0.000452071 4.91072e-05
internal_weight=15776 14814 2561 962 803 170 2391 578 429 293 241 374 131 159 447 122 1813 969 136 131 74 12253 1704 483 96 387 1221 165 844 111
internal_count=15776 14814 2561 962 803 170 2391 578 429 293 241 374 131 159 447 122 1813 969 136 131 74 12253 1704 483 96 387 1221 165 844 111
cat_boundaries=0 1
cat_threshold=565466
is_linear=0
shrinkage=0.01


Tree=6
num_leaves=31
num_cat=0
split_feature=10 10 6 16 15 13 19 15 10 11 12 15 12 25 15 32 10 11 15 11 13 18 15 10 21 12 33 6 12 6
split_gain=169.541 21.7041 35.0361 20.0352 17.3883 28.1581 9.92757 5.69674 5.43909 5.21451 4.98672 4.44058 4.21073 3.78758 2.48856 2.17269 2.17351 2.96835 1.5569 1.10614 0.873291 0.693589 0.554294 0.523893 0.909391 0.529794 0.502651 0.579284 0.485498 0.150784
threshold=731.857142857143 1080.0714285714287 3.5000000000000004 0.95566275305367776 -0.80417042486635371 1492.1171027907558 0.29999999999999999 -0.64580103137750788 910.78571428571433 151.1857892036183 688.18333333333351 0.25829915227078726 607.75000000000011 1550.5000000000002 0.70138038092733435 0.50000000000001521 835.64285714285722 116.75166926848841 0.40418040343369133 69.006555934220117 1597.8815303899339 0.30000000000000188 -0.048362832084465616 1185.7857142857144 1227.5000000000002 1586.8500000000001 0.39999999999999963 2.5000000000000004 1831.6833333333336 2.5000000000000004
decision_type=2 2 2 2 2 2 2 2 2 2 2 2 2 2 2 2 2 2 2 2 2 2 2 2 2 2 2 2 2 2
left_child=4 2 3 8 12 10 19 -8 11 -9 -6 -2 -1 14 -5 16 17 -4 -12 -7 -21 -10 -18 24 26 29 27 -3 -27 -26
right_child=1 23 15 13 5 6 7 9 21 -11 18 -13 -14 -15 -16 -17 22 -19 -20 20 -22 -23 -24 -25 25 28 -28 -29 -30 -31
leaf_value=-0.94024386243107416 -1.5169150104221576 -0.38564734212372176 -0.0041316903001650997 -1.9060370159714879 -2.8433159514805912 0.012656131284458692 -1.0860659326716007 -2.3483159514805916 -0.073792391186783851 -1.1476799853936788 -2.845235372860782 -0.18320216857327068 0.0063451762074430464 -1.5210705757390428 -2.3195074538462621 0.96319674351579976 0.13190377267829242 -1.4135132147698064 -1.3931426002467258 -1.3824402448447677 -0.38299021345120293 -1.1480167163784993 -0.45954349686960283 3.2960656473544998 -0.1758455767951761 -1.2406691656389151 1.8583746075015348 1.3634775385548608 0.01246340397008177 2.132083028453116
leaf_weight=48 194 31 252 39 252 62 52 203 152 38 88 58 111 35 65 978 540 121 34 36 38 61 66 11131 70 32 810 62 30 87
leaf_count=48 194 31 252 39 252 62 52 203 152 38 88 58 111 35 65 978 540 121 34 36 38 61 66 11131 70 32 810 62 30 87
internal_value=1.63529e-05 0.000281269 -0.000554059 -0.00265785 -0.00404881 -0.00464988 -0.00285 -0.00388946 -0.00162554 -0.00454339 -0.00667467 -0.00262451 -0.000940625 -0.00600357 -0.00702857 9.11645e-05 -0.000235204 -0.000838235 -0.00470732 -0.000525547 -0.00137333 -0.000390187 0.000120264 0.000456708 0.000232413 -0.000320455 0.000377765 -0.00025 -0.00109524 0
internal_weight=15776 14814 2561 604 962 803 429 293 465 241 374 252 159 139 104 1957 979 373 122 136 74 213 606 12253 1122 219 903 93 62 157
internal_count=15776 14814 2561 604 962 803 429 293 465 241 374 252 159 139 104 1957 979 373 122 136 74 213 606 12253 1122 219 903 93 62 157
is_linear=0
shrinkage=0.01


Tree=7
num_leaves=31
num_cat=4
split_feature=12 14 13 21 7 16 12 14 12 13 12 12 0 0 13 34 13 34 21 7 12 14 34 23 12 0 33 0 12 14
split_gain=126.237 47.1147 34.7118 13.6793 22.8116 18.7325 12.8736 8.51106 8.24066 6.22765 5.51508 4.76919 3.74583 3.43694 3.27584 1.51902 2.35208 1.49604 1.07023 2.09772 4.7747 3.73179 0.96507 0.918744 0.847489 1.1999 0.835213 0.756263 0.399121 0.182888
threshold=806.23333333333346 0.59177612190863982 1524.1923050556986 1111.5000000000002 101.50000000000001 0.97872324816535838 1243.3500000000001 0.94704596667653973 678.23333333333346 1488.488680605624 607.75000000000011 1143.616666666667 0 1 1578.723381342166 7.4850000000000012 1715.595945836593 7.120000000000001 1300.5000000000002 47.500000000000007 1274.2000000000003 0.54940630780725741 5.2600000000000007 715.50000000000011 1495.8500000000001 2 4.3500000000000014 3 1344.9000000000003 0.9193901325473397
decision_type=2 2 2 2 2 2 2 2 2 2 2 2 9 9 2 2 2 2 2 2 2 2 2 2 2 9 2 9 2 2
left_child=1 10 8 4 5 9 -7 13 23 11 -1 -2 -11 -4 26 -6 -17 -15 19 20 21 -5 -16 -3 -21 -26 -9 -18 -22 -20
right_child=3 2 7 18 15 6 -8 14 -10 12 -12 -13 -14 17 22 16 27 -19 29 24 28 -23 -24 -25 25 -27 -28 -29 -30 -31
leaf_value=-0.93084142380676327 -1.3422634474269821 -2.4184599514054517 0.0020209122973449214 -0.11164605777410336 0.9721474275378662 -2.1648905162342893 0.32843883340736341 -2.1696758171480002 -2.4609028896117464 -0.40060477296163499 0.024409149678231774 -0.62137602894995692 -0.93138000284062972 -0.38033691092303706 -0.88224564606092748 -2.9425300025543062 -0.82823404924214117 -1.2295592449897796 4.2282049908809549 2.2223840554719652 -0.46929086628104527 -2.2160085243109275 -1.8600392913895254 -2.8155952920030383 -0.93330144205675891 0.96507489585312467 -1.75045423418785 0.97743804519431821 2.425910132511965 0.78130499050991609
leaf_weight=51 44 216 100 30 1578 79 32 33 160 382 342 31 362 61 35 37 110 86 9046 1259 44 31 106 42 115 199 34 162 137 832
leaf_count=51 44 216 100 30 1578 79 32 33 160 382 342 31 362 61 35 37 110 86 9046 1259 44 31 106 42 115 199 34 162 137 832
internal_value=1.38176e-05 -0.00301263 -0.00430606 0.000278754 -0.000344748 -0.00162728 -0.00548661 -0.00235197 -0.00639857 -0.00108598 -0.000110406 -0.00384868 -0.000789262 -0.00103427 -0.00385646 0.000282574 -0.000340323 -0.00193987 0.000429836 0.000196861 -0.000654321 -0.00305645 -0.00281338 -0.00757143 0.000334498 -0.000104762 -0.00583088 0 0.000112637 0.000471606
internal_weight=15776 1266 873 14510 2817 930 111 455 418 819 393 75 744 247 208 1887 309 147 11693 1815 242 61 141 258 1573 314 67 272 181 9878
internal_count=15776 1266 873 14510 2817 930 111 455 418 819 393 75 744 247 208 1887 309 147 11693 1815 242 61 141 258 1573 314 67 272 181 9878
cat_boundaries=0 1 2 3 4
cat_threshold=108762 1051715 2203136 19552
is_linear=0
shrinkage=0.01


Tree=8
num_leaves=31
num_cat=1
split_feature=10 10 7 14 13 14 19 13 19 7 11 12 12 11 0 7 11 7 10 21 13 10 12 32 7 33 32 14 10 10
split_gain=168.183 20.679 37.5232 17.1487 28.1131 14.3086 12.7734 11.6395 9.72076 5.56669 5.08622 4.8099 4.21073 3.56646 3.17011 1.5569 1.10614 0.90456 1.13361 0.882866 0.873291 0.455725 0.768553 0.502549 0.41513 0.533128 0.248388 0.171258 0.146099 0.0411131
threshold=731.857142857143 1080.0714285714287 51.500000000000007 0.59177612190863982 1492.1171027907558 0.97696484778429815 0.79999999999999971 1638.6099825251204 0.29999999999999999 132.50000000000003 151.1857892036183 688.18333333333351 607.75000000000011 133.82477792326938 0 67.500000000000014 69.006555934220117 130.50000000000003 757.71428571428589 715.50000000000011 1597.8815303899339 1243.0000000000002 1690.2333333333336 0.50000000000001521 44.500000000000007 1.3499999999999968 0.20000000000000892 0.99274428880883148 1164.3571428571429 647.21428571428589
decision_type=2 2 2 2 2 2 2 2 2 2 2 2 2 2 9 2 2 2 2 2 2 2 2 2 2 2 2 2 2 2
left_child=3 2 6 12 11 17 13 19 16 10 -10 -5 -1 -2 -9 -13 -6 18 -4 -7 -18 22 24 28 25 -3 -19 -26 -24 -14
right_child=1 21 5 4 8 7 -8 14 9 -11 -12 15 29 -15 -16 -17 20 26 -20 -21 -22 -23 23 -25 27 -27 -28 -29 -30 -31
leaf_value=-0.92153300956869544 -2.1194291155201599 -0.42709794960886027 -1.0811129249866911 -2.7906981924517313 0.021567848203621471 -1.3877969988261942 -0.5373163368853513 0.022348418822872421 -2.3006481924517312 -1.0622303513279294 -1.1268893855113353 -1.3590685025942046 -0.19193068485226059 -2.1017091682260762 -0.92224200647170496 -2.7921739902360572 -1.3524599333407661 0.0065430261087730162 0.0088486100926999291 -1.8498306278825829 -0.36195290707961419 3.6859229409721457 -0.10776583878900917 -1.0314506027824124 2.2848299538983219 1.485867175981836 0.99828919575043351 -0.021075158524744956 1.1672581231412826 0.0060376329485859513
leaf_weight=48 91 87 58 252 62 34 49 217 203 52 38 34 35 30 230 88 36 148 650 97 38 10549 56 37 1261 167 957 38 58 76
leaf_count=48 91 87 58 252 62 34 49 217 203 52 38 34 35 30 230 88 36 148 650 97 38 10549 56 37 1261 167 957 38 58 76
internal_value=2.07898e-05 0.000284644 -0.00053064 -0.00402804 -0.004625 -0.00020255 -0.00505848 -0.0015734 -0.00282674 -0.00385544 -0.00450207 -0.006648 -0.000940625 -0.00679918 -0.000773437 -0.00470732 -0.000525547 0.000229603 -3.66714e-05 -0.00420076 -0.00137333 0.000455892 0.000288563 -0.000358553 0.000358108 0 0.000409132 0.000430385 0 4.91072e-05
internal_weight=15776 14814 2561 962 803 2391 170 578 429 293 241 374 159 121 447 122 136 1813 708 131 74 12253 1704 151 1553 254 1105 1299 114 111
internal_count=15776 14814 2561 962 803 2391 170 578 429 293 241 374 159 121 447 122 136 1813 708 131 74 12253 1704 151 1553 254 1105 1299 114 111
cat_boundaries=0 1
cat_threshold=565466
is_linear=0
shrinkage=0.01


Tree=9
num_leaves=31
num_cat=1
split_feature=10 10 6 16 13 14 14 19 10 20 25 10 10 11 10 13 14 14 13 33 20 29 26 13 29 0 14 10 6 32
split_gain=168.729 21.5024 35.7183 19.8292 16.8854 25.3772 12.9962 5.48748 5.19454 5.38699 3.78758 3.15774 2.9736 3.10483 2.8018 2.64432 2.56737 2.48856 1.79022 1.74272 1.69715 1.54295 0.855859 0.643115 0.583185 0.523233 0.558584 0.422592 0.486691 0.709105
threshold=731.857142857143 1080.0714285714287 3.5000000000000004 0.95566275305367776 1516.9172005800544 0.58481550752069722 0.88621069759564464 0.39999999999999963 910.78571428571433 24.589285714285719 1550.5000000000002 635.78571428571433 800.50000000000011 95.181529999744058 607.28571428571433 1706.0580246913582 0.95242846126021108 0.7210268013660811 1488.488680605624 6.9499999999999975 30.457142857142859 27.325000000000006 30.025000000000002 1400.7628576443744 27.325000000000006 0 0.82414472752956958 1264.3571428571429 3.5000000000000004 0.20000000000001514
decision_type=2 2 2 2 2 2 2 2 2 2 2 2 2 2 2 2 2 2 2 2 2 2 2 2 2 9 2 2 2 2
left_child=4 2 3 8 5 14 22 -8 9 -2 17 23 13 20 -1 21 -15 -5 19 -13 -4 -9 -6 -7 -10 26 -14 28 29 -3
right_child=1 27 12 10 6 11 7 15 24 -11 -12 18 25 16 -16 -17 -18 -19 -20 -21 -22 -23 -24 -25 -26 -27 -28 -29 -30 -31
leaf_value=-0.91231767947300801 -1.7407786922725328 0.44880558471194293 0.045134847515426901 -2.2534691829902544 -0.054919073862421633 -2.7627912105272139 -1.353667629910096 -1.5966875670026996 -0.35923099520428425 -0.5281679671963635 -1.4626588475946225 -2.4882872922993555 0.92959636062843176 0.29101880566562083 -0.001231269303602015 -1.0936433729228288 -1.9185044520287944 -1.8441334494942285 -0.99064455197062418 -2.2677522509818973 -0.27314450823920666 -2.5838936871014129 -0.75166632455192284 -2.7655197823004718 -0.81373162422567502 0.51647407449195271 -0.4519627154901063 3.6490637115624249 2.1361859472908677 -0.83891167927907617
leaf_weight=34 131 439 221 65 137 88 67 38 142 121 35 123 231 34 90 32 77 39 42 45 33 88 48 130 71 1160 201 10379 1350 85
leaf_count=34 131 439 221 65 137 88 67 38 142 121 35 123 231 34 90 32 77 39 42 45 33 88 48 130 71 1160 201 10379 1350 85
internal_value=1.69868e-05 0.000281269 -0.000550156 -0.00267438 -0.00403842 -0.00519711 -0.00244526 -0.00405973 -0.001647 -0.00262451 -0.00600357 -0.00635431 0.000101379 -0.000703552 -0.001104 -0.00510063 -0.00209375 -0.00702857 -0.00523697 -0.00577515 -5.09804e-05 -0.00580315 -0.000416667 -0.00735616 -0.000436916 0.00029253 0 0.000455892 0.0003024 2.28572e-05
internal_weight=15776 14814 2561 604 962 552 410 225 465 252 139 428 1957 365 124 158 111 104 210 168 254 126 185 218 213 1592 432 12253 1874 524
internal_count=15776 14814 2561 604 962 552 410 225 465 252 139 428 1957 365 124 158 111 104 210 168 254 126 185 218 213 1592 432 12253 1874 524
cat_boundaries=0 1
cat_threshold=82636
is_linear=0
shrinkage=0.01


Tree=10
num_leaves=31
num_cat=4
split_feature=10 10 7 7 12 19 14 0 12 12 14 12 0 24 24 19 14 23 11 10 23 17 33 7 0 0 19 10 25 14
split_gain=173.452 19.8777 34.1132 15.8165 22.1784 13.3905 12.9597 8.03485 7.0293 5.4689 4.19733 4.12203 3.77547 1.61972 1.36779 1.32528 1.30774 0.633749 0.611328 0.499169 0.946758 0.781882 0.93432 0.524078 0.582438 0.466044 0.45038 0.450204 0.321435 0.200727
threshold=731.857142857143 1080.0714285714287 51.500000000000007 143.50000000000003 652.60000000000014 0.79999999999999971 0.98049069993378934 0 934.03333333333342 755.1500000000002 0.95242846126021108 607.75000000000011 1 775.50000000000011 1298.5000000000002 1.9499999999999933 0.94425825643485939 715.50000000000011 67.480155813194955 1278.6428571428576 1497.0000000000002 0.35444694528809534 1.4500000000000004 44.500000000000007 2 3 1.3499999999999968 647.21428571428589 853.00000000000011 0.9916835347852474
decision_type=2 2 2 2 2 2 2 9 2 2 2 2 9 2 2 2 2 2 2 2 2 2 2 2 9 9 2 2 2 2
left_child=3 2 5 4 18 14 16 10 13 -9 28 -5 -10 -8 -2 -11 26 -12 -1 20 23 22 -22 24 -3 -18 -4 -13 -6 -25
right_child=1 19 6 11 7 -7 8 9 12 15 17 27 -14 -15 -16 -17 25 -19 -20 -21 21 -23 -24 29 -26 -27 -28 -29 -30 -31
leaf_value=-2.2834044559647966 -2.2243406444662357 -0.32466266848356723 0.0072500110558922706 -1.0238632862283215 -0.59790642154596874 -0.46293705248066225 -1.480574846298373 -2.4560134103409008 0.020213062097983993 -1.1301345115999266 -2.6939075356398638 -1.3493013908492055 -1.3918575378150402 -1.8218145924694877 -1.5233044896951209 -2.2599039253131359 -0.84041713740684632 -2.1256689561747941 -2.7354378021397387 3.68194207445051 0.92529137284872587 0.76578967762441419 -0.51278431803264268 1.7858592281392487 0.65815941008233625 -0.18543453954159481 0.94906451524368207 0.01114724192260433 -0.092978958872687797 0.018016238527488397
leaf_weight=122 86 104 509 56 63 53 68 157 236 136 46 45 181 75 31 67 109 47 99 10257 40 86 62 1536 147 194 1066 82 69 64
leaf_count=122 86 104 509 56 63 53 68 157 236 136 46 45 181 75 31 67 109 47 99 10257 40 86 62 1536 147 194 1066 82 69 64
internal_value=1.67673e-05 0.000286615 -0.000504408 -0.00403586 -0.00464312 -0.00482456 -0.000197212 -0.00357935 -0.00153298 -0.0045283 -0.00172669 -0.0012962 -0.000840909 -0.00346181 -0.00670763 -0.00342402 0.000196381 -0.00344149 -0.00738514 0.000455233 0.000298775 -0.000349206 -0.000961165 0.00037014 -1.78571e-05 -0.000389803 0.000315673 -0.000207031 -0.000556391 0.000437227
internal_weight=15893 14904 2608 989 806 170 2438 585 560 360 225 183 417 143 117 203 1878 93 221 12296 2039 188 102 1851 251 303 1575 127 132 1600
internal_count=15893 14904 2608 989 806 170 2438 585 560 360 225 183 417 143 117 203 1878 93 221 12296 2039 188 102 1851 251 303 1575 127 132 1600
cat_boundaries=0 1 2 3 4
cat_threshold=1140866 532731 1640610 1147011
is_linear=0
shrinkage=0.01


Tree=11
num_leaves=31
num_cat=1
split_feature=10 10 6 13 14 16 14 12 19 33 10 14 14 13 13 13 28 10 11 33 28 20 19 18 13 18 0 10 6 18
split_gain=170.922 19.8104 31.44 17.838 23.6286 17.5513 11.0992 6.68042 6.135 3.90971 3.14123 3.41723 2.85757 4.7435 2.6154 2.45575 1.95316 1.88616 1.67341 1.66489 1.62449 1.1194 0.985142 0.948356 0.683873 0.49838 0.56782 0.487195 0.607349 0.966119
threshold=731.857142857143 1080.0714285714287 3.5000000000000004 1521.9847970594637 0.58481550752069722 0.95566275305367776 0.90892735371523092 652.60000000000014 5.8499999999999943 0.39999999999999963 947.00000000000011 0.98049069993378934 0.95752911693909493 1905.6241626421563 1492.1171027907558 1704.2981144210551 29.075000000000006 607.28571428571433 98.349474058684919 0.2499999999999965 24.375000000000004 28.996428571428577 2.049999999999994 0.099999999999986697 1619.7959786195449 0.29999999999998678 0 1278.6428571428576 3.5000000000000004 0.20000000000001514
decision_type=2 2 2 2 2 2 2 2 2 2 2 2 2 2 2 2 2 2 2 2 2 2 2 2 2 2 9 2 2 2
left_child=3 2 5 4 17 10 16 -6 20 21 11 -2 25 18 19 22 -5 -1 -14 -9 -7 -8 -11 -12 -18 26 -4 28 29 -3
right_child=1 27 12 6 7 8 9 14 -10 15 23 -13 13 -15 -16 -17 24 -19 -20 -21 -22 -23 -24 -25 -26 -27 -28 -29 -30 -31
leaf_value=-0.89295586981599406 -0.390308219939423 0.42906055135025517 -0.049266940445292264 -0.026567741011805205 -2.7084951797563934 -2.2490628581658045 -1.8317875045335676 -0.75069213517985856 -0.73391847105233043 -2.2448228544800561 0.045361078930542816 -1.3929558475768136 -0.9240052874527187 0.09549880315955854 -0.90531587567224292 -1.0888256752686789 -0.36453257266401684 -0.12618393176640327 -1.5076849522442155 -2.3460646758256081 -1.7633353108798173 -0.11455980532253238 -2.7432763007304706 -0.9946502388971592 -1.2620788706947439 0.80932983252882107 0.476563489453811 3.6451226537060051 1.9807208448229601 -0.55966239945425666
leaf_weight=31 86 469 224 139 216 77 30 36 30 50 116 220 57 204 39 30 39 90 127 156 33 34 68 56 31 1083 295 10257 1479 91
leaf_count=31 86 469 224 139 216 77 30 36 30 50 116 220 57 204 39 30 39 90 127 156 33 34 68 56 31 1083 295 10257 1479 91
internal_value=1.73965e-05 0.000285273 -0.000504408 -0.00400556 -0.0051775 -0.00247334 -0.00239218 -0.00624219 -0.00560284 -0.00400939 -0.0015261 -0.00214007 0.000102963 -0.000658098 -0.00489009 -0.0049396 -0.000692857 -0.00114344 -0.00182703 -0.00540933 -0.00671171 -0.00166154 -0.00563866 -0.000369942 -0.00204225 0.000293824 1.82692e-05 0.000453607 0.000298775 1.28161e-11
internal_weight=15893 14904 2608 989 568 618 421 447 140 212 478 306 1990 388 231 148 209 121 184 192 110 64 118 172 70 1602 519 12296 2039 560
internal_count=15893 14904 2608 989 568 618 421 447 140 212 478 306 1990 388 231 148 209 121 184 192 110 64 118 172 70 1602 519 12296 2039 560
cat_boundaries=0 1
cat_threshold=2155584
is_linear=0
shrinkage=0.01


Tree=12
num_leaves=31
num_cat=1
split_feature=10 10 20 16 13 14 12 12 14 13 14 11 11 12 13 16 14 19 28 10 10 11 16 11 10 22 17 3 16 18
split_gain=163.653 20.3211 21.2228 21.0929 18.6112 21.2714 13.5539 8.94498 7.114 6.94976 6.50323 4.84696 4.07592 3.77964 3.39401 2.76846 2.62804 1.22119 1.15243 1.03129 0.869754 0.478243 0.469989 0.468796 0.456638 0.620087 0.854835 0.384567 0.357066 0.348695
threshold=731.857142857143 1080.0714285714287 23.460714285714293 0.92919371535393525 1578.723381342166 0.61237135649459018 652.60000000000014 1258.0666666666668 0.9550229469509578 1905.6241626421563 0.98667101781630195 93.795622960376008 139.95875214214155 607.75000000000011 1477.8363553701329 -0.63920832810365547 0.98049069993378934 1.3499999999999968 29.725000000000005 825.14285714285722 657.21428571428589 164.27038590630386 -0.43733782138609528 132.26983484313303 1278.6428571428576 1545.5000000000002 0.35444694528809534 0 -0.030099068566675755 0.20000000000001514
decision_type=2 2 2 2 2 2 2 2 2 2 2 2 2 2 2 2 2 2 2 2 2 2 2 2 2 2 2 9 2 2
left_child=4 2 3 10 5 13 -7 -5 17 16 -2 18 22 -1 20 -16 -10 19 -6 -4 -8 -14 -13 -12 25 27 -27 -3 -11 -29
right_child=1 24 8 7 11 6 14 -9 9 28 23 12 21 -15 15 -17 -18 -19 -20 -21 -22 -23 -24 -25 -26 26 -28 29 -30 -31
leaf_value=-0.89640734130722521 0.086441023386713847 1.7481934274096274 -0.32858857951677212 -2.116630445265689 0.027701316728223239 -2.6811357240365119 -1.9599500751377048 -0.76423914199864396 -0.82651755796183557 0.24963861005535035 -1.7798399877368076 -3.2584126319158164 -1.342927258687173 -0.043013588271581041 -0.29372516996053522 -2.1990150311392318 -1.3191839602900348 0.93544285999725507 -0.60840386020999127 0.19797672438138572 -2.2006502754568991 -0.39208979209819189 -1.7794654708774602 -1.6292146363290601 3.6086714271689448 -0.50589198209610919 0.9699570515518392 0.91734791924505932 -0.41851755826415959 -0.51746044829156579
leaf_weight=52 182 1529 184 90 118 218 97 31 155 191 39 34 38 95 43 121 225 982 30 376 72 31 40 39 10257 45 51 321 114 93
leaf_count=52 182 1529 184 90 118 218 97 31 155 191 39 34 38 95 43 121 225 982 30 376 72 31 40 39 10257 45 51 321 114 93
internal_value=2.18007e-05 0.000283932 -0.000515906 -0.00269503 -0.00391465 -0.0048083 -0.00571467 -0.00614344 -0.000137567 -0.000987609 -0.00103448 -0.00172774 -0.00304514 -0.0013277 -0.0043518 -0.00313939 -0.00188976 0.00023396 -0.000375839 -0.000124777 -0.00544412 -0.00107857 -0.00470667 -0.00343038 0.00045442 0.000303676 -0.00043299 0.000345422 0.000106209 4e-05
internal_weight=15893 14904 2608 381 989 698 551 121 2227 685 260 291 143 147 333 164 380 1542 148 560 169 69 74 78 12296 2039 96 1943 305 414
internal_count=15893 14904 2608 381 989 698 551 121 2227 685 260 291 143 147 333 164 380 1542 148 560 169 69 74 78 12296 2039 96 1943 305 414
cat_boundaries=0 1
cat_threshold=6
is_linear=0
shrinkage=0.01


Tree=13
num_leaves=31
num_cat=2
split_feature=10 10 6 0 14 14 19 10 15 14 10 10 20 14 14 11 10 28 34 23 28 0 33 20 10 23 17 33 32 33
split_gain=162.762 20.253 30.5665 15.0266 20.292 11.8168 12.6103 9.05929 6.63143 4.49967 3.84604 3.48417 3.03728 2.70682 2.68383 2.15884 2.06513 1.90093 1.16061 0.827734 0.693597 0.873601 0.572747 0.90575 0.51857 0.932534 0.781882 0.93432 0.486968 0.46805
threshold=731.857142857143 1080.0714285714287 3.5000000000000004 0 0.62587949062545845 0.76696112484652035 0.79999999999999971 671.50000000000011 -0.15101602693478741 0.95242846126021108 607.28571428571433 947.00000000000011 24.267857142857149 0.95752911693909493 0.98049069993378934 98.349474058684919 835.64285714285722 28.825000000000006 4.6850000000000014 715.50000000000011 29.075000000000006 1 0.69999999999999962 25.428571428571434 1278.6428571428576 1497.0000000000002 0.35444694528809534 1.4500000000000004 1.0000000180025095e-35 1.9499999999999933
decision_type=2 2 2 9 2 2 2 2 2 2 2 2 2 2 2 2 2 2 2 2 2 9 2 2 2 2 2 2 2 2
left_child=3 2 5 9 10 6 18 8 -6 22 -5 14 -9 20 -7 29 -17 -14 -2 -11 -4 -22 23 -1 25 -3 27 -27 -10 -15
right_child=1 24 13 4 7 11 -8 12 28 19 -12 -13 17 15 -16 16 -18 -19 -20 -21 21 -23 -24 -25 -26 26 -28 -29 -30 -31
leaf_value=0.021936545039125187 -1.8279009561030826 1.226783041554864 0.95605195059413672 -1.0975756299435409 -2.6815109235941708 -0.41585518197998128 -0.45303790739564093 -2.177024891677025 -0.77669898903982271 -2.111959024257871 -0.20281676848298194 -0.42970108505242927 -0.78875926853589973 0.27014763318455509 -1.3658344494981451 -1.6480985505008883 -0.53241428254535572 -1.6986119857236639 -2.0659421207868625 -2.3737276530522879 -0.13585484645482551 0.4337220670593524 0.18164946548465311 -0.4838444597711225 3.5725847128972554 0.90215895190162432 0.73871143012928453 -0.49689103061321283 -2.5796180880473139 -1.0282368755434113
leaf_weight=51 32 1851 1037 48 236 96 51 41 67 45 111 141 54 150 220 88 114 111 78 47 231 334 45 69 10257 40 86 62 64 36
leaf_count=51 32 1851 1037 48 236 96 51 41 67 45 111 141 54 150 220 88 114 111 78 47 231 334 45 69 10257 40 86 62 64 36
internal_value=2.11715e-05 0.00028259 -0.000515906 -0.00390455 -0.00463526 -0.00245719 -0.00481173 -0.00558101 -0.00656658 -0.00153545 -0.00144062 -0.00159716 -0.00375362 8.28729e-05 -0.00218297 -0.000658098 -0.00137438 -0.00299699 -0.00671171 -0.00337634 0.000268871 0 -0.000527108 -0.000909091 0.000452793 0.000293873 -0.000349206 -0.000961165 -0.00450379 6.95187e-05
internal_weight=15893 14904 2608 989 732 618 161 573 367 257 159 457 206 1990 316 388 202 165 110 92 1602 565 165 120 12296 2039 188 102 131 186
internal_count=15893 14904 2608 989 732 618 161 573 367 257 159 457 206 1990 316 388 202 165 110 92 1602 565 165 120 12296 2039 188 102 131 186
cat_boundaries=0 1 2
cat_threshold=1132706 42177
is_linear=0
shrinkage=0.01


Tree=14
num_leaves=31
num_cat=0
split_feature=10 10 6 13 14 16 12 12 14 12 13 10 14 14 13 20 15 13 26 33 10 14 18 34 19 10 15 12 12 22
split_gain=160.831 20.4024 30.3274 18.0788 21.6061 16.9309 14.1038 6.27819 4.71802 4.03777 3.41799 3.14123 3.41723 2.819 4.54394 2.6259 2.61241 1.46822 1.36757 1.3125 1.16091 1.01225 0.948356 0.882919 0.725714 0.525903 0.942091 0.47522 0.40037 0.457885
threshold=731.857142857143 1080.0714285714287 3.5000000000000004 1578.723381342166 0.61237135649459018 0.95566275305367776 652.60000000000014 1249.8000000000002 0.88621069759564464 607.75000000000011 1477.8363553701329 947.00000000000011 0.98049069993378934 0.95752911693909493 1905.6241626421563 23.18928571428572 -0.34234976856068178 1706.0580246913582 25.525000000000002 0.39999999999999963 657.21428571428589 0.98213580174693105 0.099999999999986697 7.080000000000001 1.3499999999999968 1278.6428571428576 -0.11692317777808843 806.23333333333346 1754.1833333333336 1545.5000000000002
decision_type=2 2 2 2 2 2 2 2 2 2 2 2 2 2 2 2 2 2 2 2 2 2 2 2 2 2 2 2 2 2
left_child=3 2 5 4 9 11 -6 15 23 -1 20 12 -2 24 21 -7 -12 18 -10 -20 -8 -15 -13 -5 27 26 -3 -4 -28 -30
right_child=1 25 13 8 6 7 10 -9 17 -11 16 22 -14 14 -16 -17 -18 -19 19 -21 -22 -23 -24 -25 -26 -27 28 -29 29 -31
leaf_value=-0.87646751159471692 -0.37398141034061083 2.2973267313612507 -0.023001383939797702 0.050466129001252968 -2.6301047423106003 -2.1847465039236211 -1.913535465150386 -0.73159686549073077 -1.734841060710516 -0.039712201826989639 -0.2639728090249881 0.056449654921716573 -1.3521761050031638 -1.0880133035312844 0.10031552684878088 -1.3869043626930617 -2.1512287003073127 -0.81051200457573858 -1.7752880348154465 -3.1523282586954418 -2.1546592609925548 -1.1108053899432633 -0.97092844705263281 -0.42350698119347863 0.91239443448732649 3.5368588657682825 0.27036461911692217 0.23882535539284866 -0.047039317532867483 -0.53980422705770426
leaf_weight=52 86 1251 177 90 218 77 97 33 34 95 43 116 220 74 204 30 121 47 37 50 72 110 56 33 1062 10257 656 363 97 35
leaf_count=52 86 1251 177 90 218 77 97 33 34 95 43 116 220 74 204 30 121 47 37 50 72 110 56 33 1062 10257 656 363 97 35
internal_value=1.80257e-05 0.000277893 -0.000523572 -0.00388434 -0.00476538 -0.00245719 -0.00567844 -0.00553191 -0.00172774 -0.00126014 -0.00429192 -0.0015261 -0.00214007 7.28277e-05 -0.000683805 -0.00672685 -0.00307879 -0.00281657 -0.00343852 -0.00416477 -0.00538529 -0.00182703 -0.000369942 -0.000149194 0.000262633 0.000448727 0.000288971 -1.84843e-05 5.06972e-06 -0.000481203
internal_weight=15893 14904 2608 989 698 618 551 140 291 147 333 478 306 1990 388 107 164 168 121 87 169 184 172 123 1602 12296 2039 540 788 132
internal_count=15893 14904 2608 989 698 618 551 140 291 147 333 478 306 1990 388 107 164 168 121 87 169 184 172 123 1602 12296 2039 540 788 132
is_linear=0
shrinkage=0.01


Tree=15
num_leaves=31
num_cat=0
split_feature=12 7 13 21 7 16 12 12 14 7 33 7 23 33 13 20 23 21 21 26 21 7 12 14 14 13 12 16 14 34
split_gain=118.313 47.1426 33.46 13.4444 20.3152 19.3333 15.065 9.25602 7.98116 3.70732 3.67727 3.50616 2.9958 2.25087 2.1375 2.62746 2.10757 2.10658 1.86972 1.50943 0.966178 2.0812 3.37548 4.00035 0.847514 1.01925 0.738053 0.547061 0.389964 0.990542
threshold=806.23333333333346 146.50000000000003 1524.1923050556986 1111.5000000000002 101.50000000000001 0.97872324816535838 1234.866666666667 688.18333333333351 0.94704596667653973 79.500000000000014 0.099999999999999964 78.500000000000014 577.50000000000011 1.7999999999999996 1660.9915218756544 28.417857142857144 715.50000000000011 775.50000000000011 637.50000000000011 25.025000000000002 1300.5000000000002 47.500000000000007 1344.9000000000003 0.54940630780725741 0.84313847884979054 1806.3253000084408 1495.8500000000001 -0.83789107429055565 0.9053161325100999 5.2600000000000007
decision_type=2 2 2 2 2 2 2 2 2 2 2 2 2 2 2 2 2 2 2 2 2 2 2 2 2 2 2 2 2 2
left_child=1 2 7 4 5 10 -7 16 14 -10 -2 -12 -3 -9 15 -4 -1 -11 -6 -15 21 22 23 -5 -20 -26 -23 -28 -22 -30
right_child=3 12 8 20 18 6 -8 13 9 17 11 -13 -14 19 -16 -17 -18 -19 24 -21 28 26 -24 -25 25 -27 27 -29 29 -31
leaf_value=-2.3217597064217577 0.092504345097973562 -0.85532180628937915 0.1346624453296722 0.37065470517750071 -2.2614151067022492 -2.0304259575162895 0.034392400357989558 -1.6841351380821779 -0.13492773268964114 -2.4869001892078368 -0.32791212763098576 -1.3345283212426191 0.41138788932355169 -2.1297164242657529 0.016467856280732728 -0.80343776867304839 -2.6023580786218794 -1.7713710521309745 1.1960303309554763 -2.6259993059889171 3.9321212771068894 1.6829680291270279 2.5148424198394976 -1.9062672937835385 -0.798197973099808 0.49357123178463286 -0.79286008586713819 0.14062672352636485 -1.3153096932346 0.97944722015898722
leaf_weight=245 188 58 44 54 36 78 36 47 31 118 320 305 348 64 93 148 54 67 1381 35 8915 1288 128 63 127 342 33 284 63 885
leaf_count=245 188 58 44 54 36 78 36 47 31 118 320 305 348 64 93 148 54 67 1381 35 8915 1288 128 63 127 342 33 284 63 885
internal_value=8.75371e-06 -0.00281892 -0.00404118 0.000272802 -0.000345949 -0.00155873 -0.00541739 -0.00604821 -0.00223008 -0.00369585 -0.000999386 -0.00136981 7.37102e-06 -0.00378912 -0.00107517 -0.00167876 -0.00710167 -0.00423387 0.000245363 -0.004705 0.000422273 0.000202593 -0.000640244 -0.00187712 0.000294435 -5.42553e-05 0.000337796 -6.761e-05 0.000462439 0.000246575
internal_weight=15878 1352 946 14526 2813 927 114 445 501 216 813 625 406 146 285 192 299 185 1886 99 11713 1850 245 117 1850 469 1605 317 9863 948
internal_count=15878 1352 946 14526 2813 927 114 445 501 216 813 625 406 146 285 192 299 185 1886 99 11713 1850 245 117 1850 469 1605 317 9863 948
is_linear=0
shrinkage=0.01


Tree=16
num_leaves=31
num_cat=4
split_feature=10 10 6 14 13 26 19 0 14 12 13 14 10 18 10 20 0 29 13 15 19 10 15 12 33 0 19 24 0 12
split_gain=155.156 19.7048 31.3341 18.9473 25.6744 13.5516 10.611 10.0763 9.77174 8.83792 4.9095 3.90424 2.51194 2.13557 1.95451 2.65263 1.88882 1.75959 1.73508 2.17892 1.59127 0.615653 1.23363 1.20206 1.20947 0.691202 0.538977 0.321224 0.27942 0.249049
threshold=740.50000000000011 1071.7857142857144 3.5000000000000004 0.58481550752069722 1477.8363553701329 23.475000000000005 0.79999999999999971 0 0.95242846126021108 688.18333333333351 1568.447223297451 0.98667101781630195 607.28571428571433 0.29999999999998678 880.78571428571433 24.553571428571434 1 27.775000000000002 1854.4935088577047 -0.32613736746952143 0.39999999999999963 1316.0000000000002 0.2332836900311728 1754.1833333333336 1.8499999999999932 2 1.7999999999999996 1275.4700000000003 3 892.51666666666677
decision_type=2 2 2 2 2 2 2 9 2 2 2 2 2 2 2 2 9 2 2 2 2 2 2 2 2 9 2 2 9 2
left_child=3 2 5 12 9 6 27 10 16 -5 -6 -8 -1 18 15 -7 -9 -16 19 -4 -10 22 -3 25 -25 -24 -11 -2 -15 -20
right_child=1 21 13 4 7 14 11 8 20 26 -12 -13 -14 28 17 -17 -18 -19 29 -21 -22 -23 23 24 -26 -27 -28 -29 -30 -31
leaf_value=-0.84676858822648571 -2.1423780355498847 1.9036863060265266 -0.00043908356705649925 -2.5785396208357105 -2.0969224053833684 -1.7442117125769809 0.1271179306545783 -0.59696684055656934 -1.6934856712204249 -1.1893567139877963 -2.6700046238852702 -1.5107214798238071 0.0058814829031541647 -0.011215398483475799 0.095707880702920356 -0.98529216606562731 0.016651985077899098 -0.8528444382294359 -0.022318152360367719 -1.146004580184449 -2.3144531890955422 3.5172301893658675 -0.2803020645154034 0.27503170701949414 -0.54487939932748952 0.44301151785885667 -2.6067471048692918 -1.6707332611662375 0.87417377902065152 0.27320278702517803
leaf_weight=34 80 1695 279 254 55 66 46 113 49 65 49 77 137 129 112 114 144 78 45 213 113 9901 123 55 47 484 53 30 890 348
leaf_count=34 80 1695 279 254 55 66 46 113 49 65 49 77 137 129 112 114 144 78 45 213 113 9901 123 55 47 484 53 30 890 348
internal_value=1.12728e-05 0.000277189 -0.000528907 -0.00367104 -0.00425502 -0.00251407 -0.00441667 -0.0027834 -0.00188488 -0.00628418 -0.00554783 -0.00224597 -0.000549419 9.55381e-05 -0.00128032 -0.0020442 -0.000664729 -0.000497382 -0.000256772 -0.000657201 -0.0038589 0.000442264 0.000287734 -5e-05 -0.00105825 0.000104441 -0.00378992 -0.00671171 0.000411275 0.000219543
internal_weight=15878 14812 2507 1066 895 603 233 523 419 372 104 123 171 1904 370 180 257 190 885 492 162 12305 2404 709 102 607 118 110 1019 393
internal_count=15878 14812 2507 1066 895 603 233 523 419 372 104 123 171 1904 370 180 257 190 885 492 162 12305 2404 709 102 607 118 110 1019 393
cat_boundaries=0 1 2 3 4
cat_threshold=528400 2171905 1576992 612
is_linear=0
shrinkage=0.01


Tree=17
num_leaves=31
num_cat=3
split_feature=10 10 7 7 13 33 7 0 14 12 13 10 7 10 32 0 11 33 25 29 14 34 33 20 18 10 20 15 0 33
split_gain=154.89 19.734 33.9442 18.9473 25.6744 14.9217 10.5071 10.0763 9.77174 8.83792 4.9095 3.52378 3.19647 2.51194 1.92508 1.88882 1.60812 1.23244 0.948715 0.739384 0.68623 1.49142 0.746474 0.640686 0.469449 0.323823 1.08924 1.26153 0.1394 0.139004
threshold=740.50000000000011 1071.7857142857144 49.500000000000007 146.50000000000003 1477.8363553701329 0.39999999999999963 93.500000000000014 0 0.95242846126021108 688.18333333333351 1568.447223297451 929.21428571428589 76.500000000000014 607.28571428571433 0.50000000000001521 1 113.38934190281458 0.39999999999999963 1020.5000000000001 28.775000000000002 0.9193901325473397 5.2600000000000007 1.4500000000000004 26.803571428571434 0.80000000000001525 1235.7857142857144 22.710714285714293 0.78724360164103002 2 0.94999999999999307
decision_type=2 2 2 2 2 2 2 9 2 2 2 2 2 2 2 9 2 2 2 2 2 2 2 2 2 2 2 2 9 2
left_child=3 2 5 4 9 -2 11 10 15 -1 -6 12 -4 -5 16 -9 -8 -10 -11 -13 25 24 -23 -24 -22 26 27 -3 -16 -15
right_child=1 20 6 13 7 -7 14 8 17 18 -12 19 -14 29 28 -17 -18 -19 -20 -21 21 22 23 -25 -26 -27 -28 -29 -30 -31
leaf_value=-2.5527542246273529 -2.0146249051605967 -1.2842359503929266 -0.39233462929885404 -0.83830090234422072 -2.0759531813295347 -0.48013722643083412 0.03796394628113503 -0.59099717215100389 -1.6885101686016475 -2.5804913607785052 -2.6433045776464179 0.066778462173846656 -1.3285507820283671 -0.1076331377979608 0.17899497065679834 0.016485465227119675 -0.77869316052558557 -2.3286755262760095 -1.1695816945001967 -0.92810646403069896 -1.5023289282217525 1.6312199312136475 -0.44263147907804978 0.41962084457165333 -0.13326724952023114 3.8576277624421618 2.1644732290365485 0.14222290996089676 0.92679211235824366 0.3896724714698403
leaf_weight=254 95 43 78 34 55 55 555 113 55 60 49 116 239 65 116 144 400 107 58 41 35 783 130 194 36 9705 1130 249 812 72
leaf_count=254 95 43 78 34 55 55 555 113 55 60 49 116 239 65 116 144 400 107 58 41 35 783 130 194 36 9705 1130 249 812 72
internal_value=8.12395e-06 0.000273814 -0.000532895 -0.00367104 -0.00425502 -0.00513245 -0.000233885 -0.0027834 -0.00188488 -0.00628418 -0.00554783 -0.00156421 -0.00217453 -0.000549419 9.63376e-05 -0.000664729 -0.00021182 -0.0038589 -0.00378992 -0.000262658 0.000439013 0.000194232 0.000291968 -8.61538e-05 -0.00117361 0.00046401 0.000302881 -0.00021843 0.000424112 0
internal_weight=15878 14812 2507 1066 895 150 2357 523 419 372 104 474 317 171 1883 257 955 162 118 157 12305 1178 1107 324 71 11127 1422 292 928 137
internal_count=15878 14812 2507 1066 895 150 2357 523 419 372 104 474 317 171 1883 257 955 162 118 157 12305 1178 1107 324 71 11127 1422 292 928 137
cat_boundaries=0 1 2 3
cat_threshold=528400 2171905 612
is_linear=0
shrinkage=0.01


Tree=18
num_leaves=31
num_cat=0
split_feature=10 10 7 7 13 19 7 19 7 19 10 7 10 13 14 25 11 32 11 20 20 13 29 26 10 15 20 32 10 14
split_gain=153.792 19.9659 33.9442 19.458 26.1169 16.6468 10.5071 8.89827 8.84229 6.04662 3.52378 3.19647 2.62125 2.41613 2.38251 2.09134 1.97129 1.92508 1.60812 1.41296 1.05442 1.01002 0.739384 0.603662 0.525945 1.03992 0.987256 0.931763 0.316773 0.213368
threshold=740.50000000000011 1071.7857142857144 49.500000000000007 146.50000000000003 1562.0966182159186 0.79999999999999971 93.500000000000014 1.8499999999999932 78.500000000000014 0.2499999999999965 929.21428571428589 76.500000000000014 607.28571428571433 1432.580681875728 0.93544191479114935 830.50000000000011 103.05199700676442 0.50000000000001521 113.38934190281458 24.967857142857149 30.296428571428578 1477.8363553701329 28.775000000000002 21.525000000000002 1316.0000000000002 0.2332836900311728 25.428571428571434 1.8000000000000163 1171.5000000000002 0.9916835347852474
decision_type=2 2 2 2 2 2 2 2 2 2 2 2 2 2 2 2 2 2 2 2 2 2 2 2 2 2 2 2 2 2
left_child=3 2 5 4 8 23 10 14 19 -10 11 -4 -5 -11 20 -16 -9 18 -8 -1 -6 -21 -12 -2 25 29 28 -28 -27 -3
right_child=1 24 6 12 7 -7 17 16 9 13 22 -13 -14 -15 15 -17 -18 -19 -20 21 -22 -23 -24 -25 -26 26 27 -29 -30 -31
leaf_value=-1.3613617506111733 -1.6761984748307033 2.1247379250931022 -0.38841128300586575 -0.82991789332077814 0.051863751534177979 0.12099397184841605 0.037584306818323643 -2.6080968924536636 -0.60136656975183278 -2.5291863995253823 0.066110677552108366 -1.315265274208083 0.0019259433594243092 -2.1481308131392289 -2.5410511930415391 -1.6455144965613877 -1.6995302317847822 0.87590111843016416 -0.77090622892033001 -1.1362541190744888 -0.49268397985148332 -0.27945462464093707 -0.91882539939039154 -1.9868947783092292 3.4705275042430213 -0.11635672202599194 -0.068798609465113084 -0.72676788578291129 0.63692814274150311 0.08797325078335598
leaf_weight=41 30 1600 78 34 120 44 555 34 45 208 116 239 137 191 32 48 61 928 400 38 44 33 41 76 9901 237 65 30 377 95
leaf_count=41 30 1600 78 34 120 44 555 34 45 208 116 239 137 191 32 48 61 928 400 38 44 33 41 76 9901 237 65 30 377 95
internal_value=1.37918e-05 0.000278539 -0.000532895 -0.0036523 -0.00424386 -0.00513245 -0.000233885 -0.00200147 -0.00558707 -0.0062427 -0.00156421 -0.00217453 -0.000491279 -0.00665125 -0.000930612 -0.00234568 -0.00460937 9.63376e-05 -0.00021182 -0.00286726 -0.000169697 -0.00172917 -0.000262658 -0.00726168 0.000444702 0.000300208 -7.74647e-06 -0.000963542 0.000125203 0.000434847
internal_weight=15878 14812 2507 1066 895 150 2357 339 556 444 474 317 171 399 244 80 95 1883 955 112 164 71 157 106 12305 2404 709 95 614 1695
internal_count=15878 14812 2507 1066 895 150 2357 339 556 444 474 317 171 399 244 80 95 1883 955 112 164 71 157 106 12305 2404 709 95 614 1695
is_linear=0
shrinkage=0.01


Tree=19
num_leaves=31
num_cat=2
split_feature=10 10 7 7 13 19 12 7 19 10 7 19 0 29 10 33 11 32 11 13 21 17 29 26 10 15 15 18 21 0
split_gain=151.39 19.6388 34.0041 19.1047 25.3171 16.6468 10.5588 10.2427 8.89827 3.40276 3.08198 3.03514 2.83299 3.57526 2.62125 2.49762 1.97129 1.80002 1.51228 1.38445 0.839024 0.783867 0.739384 0.603662 0.56386 1.16707 1.0102 1.98454 0.38894 0.211688
threshold=740.50000000000011 1071.7857142857144 49.500000000000007 146.50000000000003 1562.0966182159186 0.79999999999999971 688.18333333333351 93.500000000000014 1.8499999999999932 929.21428571428589 76.500000000000014 0.79999999999999971 0 28.825000000000006 607.28571428571433 0.74999999999999656 103.05199700676442 0.50000000000001521 113.38934190281458 1477.8363553701329 725.50000000000011 -0.85227283847737434 28.775000000000002 21.525000000000002 1316.0000000000002 0.2332836900311728 0.82293497932636273 0.20000000000001514 637.50000000000011 1
decision_type=2 2 2 2 2 2 2 2 2 2 2 2 9 2 2 2 2 2 2 2 2 2 2 2 2 2 2 2 2 9
left_child=3 2 5 4 6 23 15 9 12 10 -4 20 13 -6 -5 19 -10 18 -9 -1 -8 -13 -11 -2 25 -3 27 -27 -17 -28
right_child=1 24 7 14 8 -7 11 17 16 22 -12 21 -14 -15 -16 28 -18 -19 -20 -21 -22 -23 -24 -25 -26 26 29 -29 -30 -31
leaf_value=-2.0558920706378507 -1.6594364900823961 1.8661480631755833 -0.38452717017580684 -0.82161871438757095 -0.63473556979325396 0.11978403212993198 -0.72015351616128387 0.037208463750140613 -2.5820159235291271 0.065449570776586766 -1.3021126214660024 -2.5290518006255436 0.062774105991425161 -1.9565598007005929 0.0019066839258300662 -2.5192663716325177 -1.6825349294669341 0.86714210724586227 -0.76319716663112647 -0.70104414227735889 -2.0137119173235063 -1.0945960895515783 -0.90963714539648788 -1.9670258305261374 3.4358222292005913 0.0030311480822914306 -0.062341764501021087 -1.0415566250060031 -2.0114761544715898 1.021669937202166
leaf_weight=79 30 1695 78 34 50 44 81 555 34 116 239 67 127 67 137 110 61 928 400 47 30 53 41 76 9901 247 122 75 89 265
leaf_count=79 30 1695 78 34 50 44 81 555 34 116 239 67 127 67 137 110 61 928 400 47 30 53 41 76 9901 247 122 75 89 265
internal_value=1.31621e-05 0.000275839 -0.000528907 -0.00362418 -0.00421038 -0.00513245 -0.00553321 -0.000229644 -0.00200147 -0.00154316 -0.00214308 -0.0037694 -0.000930612 -0.00196484 -0.000491279 -0.0067408 -0.00460937 9.63376e-05 -0.00020136 -0.00525197 -0.00236161 -0.00495868 -0.000262658 -0.00726168 0.000440639 0.000291892 -3.59155e-05 -0.0004613 -0.0076025 0.000292526
internal_weight=15878 14812 2507 1066 895 150 556 2357 339 474 317 231 244 117 171 325 95 1883 955 126 111 120 157 106 12305 2404 709 322 199 387
internal_count=15878 14812 2507 1066 895 150 556 2357 339 474 317 231 244 117 171 325 95 1883 955 126 111 120 157 106 12305 2404 709 322 199 387
cat_boundaries=0 1 2
cat_threshold=2105504 529410
is_linear=0
shrinkage=0.01


Tree=20
num_leaves=31
num_cat=3
split_feature=10 10 7 7 13 33 14 13 0 7 21 12 19 19 14 18 7 0 28 10 15 33 14 14 25 15 11 10 23 0
split_gain=129.492 17.7317 32.3187 17.2505 15.6168 11.1791 10.5549 8.79791 8.18774 6.27533 4.57885 3.38631 2.48789 2.14572 1.85334 1.75582 1.20706 0.940177 0.878842 0.828809 2.00108 1.32927 1.62782 0.823261 0.607916 0.538973 0.511918 0.469891 0.380216 0.338443
threshold=740.50000000000011 1042.9285714285718 49.500000000000007 144.50000000000003 1485.0464948705423 0.39999999999999963 0.97696484778429815 1902.3424908424911 0 66.500000000000014 546.50000000000011 678.23333333333346 0.29999999999999788 2.049999999999994 0.95242846126021108 3.9000000000000021 111.50000000000001 1 28.825000000000006 1228.6428571428576 0.2332836900311728 2.7499999999999969 0.54940630780725741 0.79383249484937135 1099.7100000000003 -0.013976481981245173 95.181529999744058 800.50000000000011 677.50000000000011 2
decision_type=2 2 2 2 2 2 2 2 9 2 2 2 2 2 2 2 2 9 2 2 2 2 2 2 2 2 2 2 2 9
left_child=3 2 5 4 11 -2 16 15 9 -6 -5 18 -11 24 23 -8 17 -4 28 20 -3 22 -22 -10 -13 -9 -16 -18 -1 -23
right_child=1 19 6 10 8 -7 7 25 14 12 -12 13 -14 -15 26 -17 27 -19 -20 -21 21 29 -24 -25 -26 -27 -28 -29 -30 -31
leaf_value=-1.9843212908968304 -2.0704820266967325 1.4080904213483811 -0.38541272265719773 -0.92339044995013964 -0.03867105007351828 -0.52049321085092703 -1.6798870357921027 0.095303387155644986 -0.55397617124420817 -1.6375327854065254 0.0010985909814848142 -0.54158282455002205 -2.0085196732071222 -2.5036974633469611 -0.43525472244606705 -0.2571867827016181 -0.022835045787360952 0.024465647090101288 -2.7312435830152242 3.1211478063687799 0.33814879665302455 -0.19009886476783058 -0.90380756195223189 0.10568395374846574 -0.98470325857970131 -0.36224940208521866 -1.6829552712072007 0.50305415038182366 -1.9841286901905397 0.88927861398167352
leaf_weight=61 79 1376 107 32 34 43 279 142 40 35 166 36 181 69 31 40 182 190 132 10732 73 105 118 93 38 96 47 1065 36 201
leaf_count=61 79 1376 107 32 34 43 279 142 40 35 166 36 181 69 31 40 182 190 132 10732 73 105 118 93 38 96 47 1065 36 201
internal_value=4.78878e-05 0.00028687 -0.000534397 -0.00337645 -0.00400899 -0.00552033 -0.000237631 -0.00141846 -0.00272619 -0.0039272 -0.000658291 -0.00556032 -0.00470968 -0.00408681 -0.00101126 -0.00250156 0.000182524 -0.000374161 -0.00641522 0.000432532 0.000227588 -0.000304217 -0.000960937 -0.00025 -0.00257333 0 -0.00229114 0.000323317 -0.00511735 7.49186e-05
internal_weight=15859 14828 2223 1031 833 122 2101 557 461 250 198 372 216 143 211 319 1544 297 229 12605 1873 497 191 133 74 238 78 1247 97 306
internal_count=15859 14828 2223 1031 833 122 2101 557 461 250 198 372 216 143 211 319 1544 297 229 12605 1873 497 191 133 74 238 78 1247 97 306
cat_boundaries=0 1 2 3
cat_threshold=2691248 17539 2135040
is_linear=0
shrinkage=0.01


Tree=21
num_leaves=31
num_cat=4
split_feature=10 10 6 15 0 15 12 33 15 21 15 19 20 0 32 15 0 33 26 20 10 15 33 15 19 21 0 25 19 33
split_gain=123.355 17.8963 27.1277 16.1306 15.5429 13.2938 12.3694 10.7363 6.3342 4.57885 4.22616 3.81846 4.56216 2.86997 1.99021 1.76106 1.66599 2.00911 1.50355 1.39033 0.781485 1.89619 1.20113 1.48539 0.619439 0.573075 0.338443 0.322638 0.307036 0.269326
threshold=740.50000000000011 1042.9285714285718 3.5000000000000004 -0.79382744783423187 0 0.66367808336324663 755.1500000000002 0.39999999999999963 0.17435360825960186 546.50000000000011 0.1573897509163161 1.9499999999999933 24.882142857142863 1 0.29999999999998678 -0.30164489695395946 2 1.8499999999999932 30.875000000000004 23.63928571428572 1228.6428571428576 0.2332836900311728 2.7499999999999969 0.84199059757024453 1.0499999999999967 997.50000000000011 3 1645.5000000000002 3.2499999999999933 1.0499999999999967
decision_type=2 2 2 2 9 2 2 2 2 2 2 2 2 9 2 2 9 2 2 2 2 2 2 2 2 2 9 2 2 2
left_child=3 2 5 9 10 13 8 -7 18 -1 15 12 -8 25 16 24 -4 -18 -6 -15 21 27 23 -23 -5 -2 -24 -3 -17 -16
right_child=1 20 14 4 6 7 11 -9 -10 -11 -12 -13 -14 19 29 28 17 -19 -20 -21 -22 22 26 -25 -26 -27 -28 -29 -30 -31
leaf_value=-0.91415654545063818 -1.6672896097912375 2.0714669893889575 0.11442357099667781 -0.62334566462858454 -2.4820704395900326 -2.0497772064297655 -1.043045485610864 -0.51528827874241823 -0.57110198306355642 0.0010876050716705336 -0.18649460307628135 -1.9901791720982625 -0.11692286981257963 -1.5683497686973433 0.0024951486193171514 -1.9763306905330675 -0.32949987976301887 -1.4742298029423251 -1.4532959518831134 -0.45469324879251155 3.0899363283050922 -0.89476948633270936 -0.18819787612015226 0.33476730868649396 -0.45649302421622823 -1.2954306570907514 0.88038582784185682 0.16396287985188196 -2.1874058684315423 0.86661872156838116
leaf_weight=32 72 1174 385 122 215 79 35 43 34 166 82 58 67 70 133 93 291 105 30 217 10732 118 105 73 30 44 201 202 67 784
leaf_count=32 72 1174 385 122 215 79 35 43 34 166 82 58 67 70 133 93 291 105 30 217 10732 118 105 73 30 44 201 202 67 784
internal_value=5.29319e-05 0.000286196 -0.000538894 -0.00328924 -0.00390108 -0.00252376 -0.00522333 -0.00543902 -0.00664464 -0.000658291 -0.00220494 -0.00298137 -0.00164078 -0.0016052 7.00412e-05 -0.00279233 -0.000293478 -0.000742015 -0.00722561 -0.000894295 0.000432532 0.000232924 -0.000284137 -0.000908854 -0.00185621 -0.00292913 7.49186e-05 0.000427015 -0.00360248 0.000390523
internal_weight=15859 14828 2223 1031 833 525 439 122 279 198 394 160 102 403 1698 312 781 396 245 287 12605 1873 497 191 152 116 306 1376 160 917
internal_count=15859 14828 2223 1031 833 525 439 122 279 198 394 160 102 403 1698 312 781 396 245 287 12605 1873 497 191 152 116 306 1376 160 917
cat_boundaries=0 1 2 3 4
cat_threshold=3238050 1121281 602298 2135040
is_linear=0
shrinkage=0.01


Tree=22
num_leaves=31
num_cat=2
split_feature=10 10 7 7 0 13 33 7 7 19 13 10 7 7 7 33 13 34 10 10 15 33 15 15 0 13 19 23 32 13
split_gain=120.788 17.7608 31.2707 16.29 14.7588 11.2814 10.7363 10.4808 9.95449 6.93806 6.05839 4.30459 4.22616 3.42747 1.76106 1.35711 1.29934 0.940243 0.777483 0.742017 1.79425 1.07939 1.34935 0.500955 0.338443 0.313111 0.307036 0.290012 0.285874 0.223693
threshold=740.50000000000011 1042.9285714285718 49.500000000000007 144.50000000000003 0 1570.8467598893196 0.39999999999999963 81.500000000000014 102.50000000000001 1.9499999999999933 1902.3424908424911 557.92857142857156 82.500000000000014 79.500000000000014 109.50000000000001 8.75 1521.9847970594637 7.4350000000000014 800.50000000000011 1228.6428571428576 0.2332836900311728 2.7499999999999969 0.84199059757024453 -0.013976481981245173 1 1516.9172005800544 3.2499999999999933 1445.0000000000002 0.20000000000000892 1604.0368201529059
decision_type=2 2 2 2 9 2 2 2 2 2 2 2 2 2 2 2 2 2 2 2 2 2 2 2 9 2 2 2 2 2
left_child=3 2 6 4 12 7 -2 25 10 -7 13 -5 29 -4 26 -9 -16 28 -19 20 27 22 -22 -12 -23 -6 -14 -3 -10 -1
right_child=1 19 8 11 5 9 -8 15 17 -11 23 -13 14 -15 16 -17 -18 18 -20 -21 21 24 -24 -25 -26 -27 -28 -29 -30 -31
leaf_value=-0.7969792995289442 -2.0292794343654679 1.5266542867824544 -0.34691191335127464 -0.92945674221627794 -1.0157010242846842 0.11586437116597853 -0.5101353959549938 -2.4315649661818344 0.078936846524432142 -2.5025071755450927 0.093093078278178559 0.0011819325204436889 -1.9565673836277373 -1.6366299388825905 -0.6850209154833159 -2.4536164168834653 -0.48589080150526215 -0.87753903988601734 0.015136002949637245 3.0590369650220417 -0.885821791469382 -0.18631589735895054 0.33141963559962861 -0.35072868611732838 0.8715819695634377 -0.77514985537381242 -2.1655318097472263 -0.61886227980226405 0.84405000748784575 0.10751698812396017
leaf_weight=41 79 1338 127 30 67 55 43 216 276 35 133 168 93 289 57 36 95 81 239 10732 118 105 73 98 201 30 67 38 858 41
leaf_count=41 79 1338 127 30 67 55 43 216 276 35 133 168 93 289 57 36 95 81 239 10732 118 105 73 98 201 30 67 38 858 41
internal_value=5.6715e-05 0.000287545 -0.000534397 -0.00325048 -0.00386511 -0.00515667 -0.00543902 -0.00610143 -0.000242388 -0.00192308 -0.00127546 -0.00060804 -0.00220494 -0.0019952 -0.00279233 -0.00720949 -0.00185621 0.000210997 -0.000249221 0.000433325 0.00023826 -0.000264056 -0.000856771 0 7.49186e-05 -0.00307653 -0.00360248 0.000427015 0.00034978 -0.000108434
internal_weight=15859 14828 2223 1031 833 439 122 349 2101 90 647 198 394 416 312 252 152 1454 320 12605 1873 497 191 231 306 97 160 1376 1134 82
internal_count=15859 14828 2223 1031 833 439 122 349 2101 90 647 198 394 416 312 252 152 1454 320 12605 1873 497 191 231 306 97 160 1376 1134 82
cat_boundaries=0 1 2
cat_threshold=3238050 2135040
is_linear=0
shrinkage=0.01


Tree=23
num_leaves=31
num_cat=2
split_feature=10 14 13 0 10 6 19 15 11 14 10 13 15 14 0 12 16 13 21 29 10 21 13 14 14 34 19 19 19 12
split_gain=115.812 19.2404 25.4377 15.0969 10.2646 27.9187 11.8821 6.68588 6.31051 4.8789 4.81688 4.29912 2.95386 2.57021 1.86279 1.81997 1.7769 1.25527 1.50057 1.15347 1.02244 0.935191 0.905509 0.707511 0.554513 1.61109 0.685259 0.733052 0.522135 0.342696
threshold=793.07142857142867 0.61237135649459018 1570.8467598893196 0 1071.7857142857144 2.5000000000000004 0.39999999999999963 0.17435360825960186 78.67957924693836 0.95752911693909493 557.92857142857156 1902.3424908424911 0.1573897509163161 0.94704596667653973 1 732.88333333333344 0.98519415784776321 1634.2606852497099 747.50000000000011 29.775000000000002 1021.5000000000001 821.50000000000011 1521.9847970594637 0.89787622492179153 0.92602006027323147 5.2600000000000007 1.4500000000000004 2.9499999999999971 8.2999999999999954 1282.1333333333334
decision_type=2 2 2 9 2 2 2 2 2 2 2 2 2 2 9 2 2 2 2 2 2 2 2 2 2 2 2 2 2 2
left_child=1 10 3 7 5 6 16 28 17 29 -1 14 22 19 -11 -9 -2 18 -4 -10 -8 -15 -5 -14 -6 -26 -27 -28 -3 -7
right_child=4 2 8 12 24 9 20 15 13 11 -12 -13 23 21 -16 -17 -18 -19 -20 -21 -22 -23 -24 -25 25 26 27 -29 -30 -31
leaf_value=-0.920162174794115 -1.7385586552113521 -2.4252510920630534 0.03444667423581841 -1.5688425335369001 2.7988874923163918 0.50594791818341978 -0.51600262385720108 -0.34359912795706266 0.05149577252128211 -1.4370331767344113 0.0065471119745285546 0.046691541159867178 -0.85826550312945959 -1.770715921990389 -0.64378975965545393 -1.3474206895284742 -2.0100871209858808 0.039675303726052887 -0.68866305640026215 -1.0204508658427356 0.18144936269047438 -1.1735101152842302 -1.7027675487647114 0.0876415232792397 -1.6090703436946501 1.5454415043025045 -0.39603221260439875 0.48192994476086548 -2.4289206949831526 -0.030174315701830726
leaf_weight=30 45 171 45 167 11243 1272 30 31 47 107 258 279 31 156 165 59 53 144 50 49 34 61 60 32 49 771 87 205 41 87
leaf_count=30 45 171 45 167 11243 1272 30 31 47 107 258 279 31 156 165 59 53 144 50 49 34 61 60 32 49 771 87 205 41 87
internal_value=6.30202e-05 -0.00264759 -0.00322969 -0.00467791 0.000332929 -0.000315485 -0.00428834 -0.00629073 -0.0016528 1.8315e-05 -0.000297578 -0.000769022 -0.0026412 -0.00259076 -0.001663 -0.0039011 -0.00647475 -0.000377083 -0.00127604 -0.00105155 -0.000738462 -0.00321789 -0.00327412 -0.000601562 0.000442498 0.00021204 0.000302162 -8.19112e-05 -0.00753052 0.000345221
internal_weight=15859 1432 1144 592 14427 2072 162 302 552 1910 288 551 290 313 272 90 98 239 95 96 64 217 227 63 12355 1112 1063 292 212 1359
internal_count=15859 1432 1144 592 14427 2072 162 302 552 1910 288 551 290 313 272 90 98 239 95 96 64 217 227 63 12355 1112 1063 292 212 1359
cat_boundaries=0 1 2
cat_threshold=562193 1140737
is_linear=0
shrinkage=0.01


Tree=24
num_leaves=31
num_cat=2
split_feature=10 14 13 0 10 7 33 7 11 10 14 13 7 14 0 13 12 11 21 7 10 13 14 18 6 27 12 12 16 33
split_gain=112.476 18.5928 22.3986 11.4108 10.2208 31.1277 14.237 7.26665 5.52829 5.42322 4.68517 4.12217 3.48823 2.78083 1.66376 1.58447 1.51561 1.41649 1.19997 0.707511 0.593857 0.563705 0.545791 1.24045 1.10552 0.75151 0.389986 0.330914 0.272463 0.252253
threshold=793.07142857142867 0.63257020223555627 1575.696023351433 0 1071.7857142857144 49.500000000000007 0.39999999999999963 81.500000000000014 81.467200528214576 557.92857142857156 0.95752911693909493 1902.3424908424911 82.500000000000014 0.94978112945126536 1 1636.3253132832081 732.88333333333344 137.53077576784898 747.50000000000011 64.500000000000014 647.21428571428589 1814.6964134967207 0.92602006027323147 0.099999999999986697 3.5000000000000004 1.0000000180025095e-35 2380.9333333333338 1282.1333333333334 -0.70291267844185523 1.0499999999999967
decision_type=2 2 2 9 2 2 2 2 2 2 2 2 2 2 9 2 2 2 2 2 2 2 2 2 2 2 2 2 2 2
left_child=1 9 3 7 5 6 -2 16 15 -1 27 14 19 17 -12 18 -3 -10 -4 -5 -11 -15 -6 26 25 -25 -24 29 -29 -7
right_child=4 2 8 12 22 10 -8 -9 13 20 11 -13 -14 21 -16 -17 -18 -19 -20 -21 -22 -23 23 24 -26 -27 -28 28 -30 -31
leaf_value=-1.1955751144620299 -1.9861167225250718 -0.34016313667749187 -0.35234987115265065 -0.84968284809816486 2.7708986173932284 0.066450921692142798 -0.49252393892342655 -2.412810645548324 -1.4532339143583159 -0.94146010341010467 -1.4226628449670671 0.046224625748269015 -1.6066582694572968 -1.7714511406460467 -0.63735186205889971 0.037715565901707319 -1.2723568422391487 0.036588257273943749 -0.6889185984900611 0.086765108046447534 0.084535821626641333 -1.1295362583266226 1.3628144828753133 -1.0129796070281145 0.78638086908280502 0.059644391358355801 -0.18617613740241612 -0.13113554421560042 0.50835751425333786 0.89800171578859989
leaf_weight=37 90 31 41 31 11243 374 59 187 44 59 107 279 244 152 165 140 62 57 48 32 223 44 821 77 109 40 65 35 53 910
leaf_count=37 90 31 41 31 11243 374 59 187 44 59 107 279 244 152 165 140 62 57 48 32 223 44 821 77 109 40 65 35 53 910
internal_value=6.55423e-05 -0.00260572 -0.00321679 -0.00456888 0.000331543 -0.000315485 -0.00470333 -0.00611684 -0.00168311 -0.000439062 2.15697e-05 -0.000750906 -0.00281918 -0.00258893 -0.00162637 -0.000458696 -0.00376064 -0.00107353 -0.00150556 -0.000601562 3.53358e-06 -0.00330964 0.000440879 0.00021204 -0.000427313 -0.00111441 0.000386697 0.000339403 -0.000179775 0.000382879
internal_weight=15859 1432 1113 587 14427 2072 149 280 526 319 1923 551 307 297 272 229 93 101 89 63 282 196 12355 1112 226 117 886 1372 88 1284
internal_count=15859 1432 1113 587 14427 2072 149 280 526 319 1923 551 307 297 272 229 93 101 89 63 282 196 12355 1112 226 117 886 1372 88 1284
cat_boundaries=0 1 2
cat_threshold=562177 1140737
is_linear=0
shrinkage=0.01


Tree=25
num_leaves=31
num_cat=1
split_feature=10 10 6 14 13 16 10 33 7 25 10 20 0 13 14 32 11 10 13 13 29 20 23 33 33 10 20 15 23 24
split_gain=122.563 17.2864 26.6061 13.3235 16.2403 11.9912 7.11772 5.45681 5.30818 4.14193 3.34257 3.60295 3.26471 5.07556 2.77822 1.67842 1.43392 1.48869 1.3045 1.20794 0.928409 0.899189 0.709247 0.674998 1.76208 0.634956 1.47484 1.64785 1.9164 0.806603
threshold=740.50000000000011 1080.0714285714287 3.5000000000000004 0.69056404122701587 1481.8598763368984 0.92919371535393525 607.28571428571433 0.39999999999999963 73.500000000000014 821.50000000000011 880.78571428571433 24.589285714285719 0 1566.3861781410585 0.7210268013660811 1.0500000000000047 113.38934190281458 825.14285714285722 1660.9915218756544 1544.8181828127565 27.325000000000006 28.146428571428576 550.50000000000011 0.69999999999999962 6.5500000000000016 1228.6428571428576 22.710714285714293 0.81304046271159414 1200.5000000000002 1976.9000000000003
decision_type=2 2 2 2 2 2 2 2 2 2 2 2 9 2 2 2 2 2 2 2 2 2 2 2 2 2 2 2 2 2
left_child=3 2 5 6 9 10 22 14 19 23 11 -2 13 -10 -7 16 18 -18 -4 -6 -12 -14 -1 -5 -25 26 27 28 -3 -28
right_child=1 25 15 4 8 7 -8 -9 12 -11 20 -13 21 -15 -16 -17 17 -19 -20 -21 -22 -23 -24 24 -26 -27 29 -29 -30 -31
leaf_value=-1.2206212638676603 -1.5953551703410973 -0.060907920991532916 -0.076055521650097282 -1.6848410596132672 -0.89867292851213787 -1.9446563478613235 -0.070416364851275434 -0.47716566491076684 -1.8909175095026183 -2.4033656919403596 -0.13183966752309054 -1.0484749366914001 -1.7867672994225183 -2.8995326016277669 -1.3636293937483062 1.2588324366144459 -0.8878817141833244 -0.22459081339308642 0.28105642268048053 0.022551906711420315 -0.84073731352303471 -0.8352893668811926 -0.67623134216221348 -2.3955410907301458 -1.8941432412434929 3.0616524675499011 1.4971596587912042 0.20861777338605883 -1.5136823280745255 -0.61870356364541212
leaf_weight=36 119 36 128 75 37 63 188 43 38 113 149 107 72 62 34 837 114 322 525 82 82 160 33 88 66 10683 1255 203 36 43
leaf_count=36 119 36 128 75 37 63 188 43 38 113 149 107 72 62 34 837 114 322 525 82 82 160 33 88 66 10683 1255 203 36 43
internal_value=4.95578e-05 0.000284811 -0.000466918 -0.00324929 -0.0038961 -0.0023102 -0.00120736 -0.00489362 -0.00259845 -0.0055656 -0.00148799 -0.00236564 -0.00325526 -0.00495495 -0.0062398 0.000100156 -0.000151835 -0.000599542 0.000132263 -0.000670833 -0.000579741 -0.00215638 -0.00393571 -0.00641522 -0.00705161 0.000440401 0.0002392 -0.000407609 -0.00169863 0.000384142
internal_weight=15829 14779 2523 1050 793 597 257 140 451 342 457 226 332 100 97 1926 1089 436 653 119 231 232 69 229 154 12256 1573 275 72 1298
internal_count=15829 14779 2523 1050 793 597 257 140 451 342 457 226 332 100 97 1926 1089 436 653 119 231 232 69 229 154 12256 1573 275 72 1298
cat_boundaries=0 1
cat_threshold=528432
is_linear=0
shrinkage=0.01


Tree=26
num_leaves=31
num_cat=1
split_feature=10 10 6 14 12 20 33 11 10 13 14 0 10 7 11 32 22 20 20 13 19 20 23 14 10 10 20 15 24 14
split_gain=120.779 16.869 25.5116 13.4735 16.6927 9.01003 8.16171 9.19227 7.33309 6.38988 3.13384 4.55492 2.97093 1.78438 2.03957 1.67842 1.46958 2.04027 1.13702 1.01645 0.935254 0.862271 0.709247 0.687725 0.640096 0.595269 1.38975 1.88239 0.798748 0.28666
threshold=740.50000000000011 1080.0714285714287 3.5000000000000004 0.69056404122701587 703.25000000000011 24.575000000000006 5.2499999999999973 165.85277324614555 607.28571428571433 1547.8800887573968 0.97112537654464559 0 910.78571428571433 86.500000000000014 75.59289460182147 1.0500000000000047 800.50000000000011 30.003571428571433 26.732142857142865 1594.6983772819474 0.29999999999999999 28.146428571428576 550.50000000000011 0.79383249484937135 647.21428571428589 1228.6428571428576 22.38214285714286 0.81304046271159414 1976.9000000000003 0.9916835347852474
decision_type=2 2 2 2 2 2 2 2 2 2 2 9 2 2 2 2 2 2 2 2 2 2 2 2 2 2 2 2 2 2
left_child=3 2 5 8 9 6 7 -2 22 13 11 -6 -8 -5 -15 16 17 -4 -7 -18 -12 -20 -1 -13 -10 26 27 -3 29 -28
right_child=1 25 15 4 10 18 12 -9 24 -11 20 23 -14 14 -16 -17 19 -19 21 -21 -22 -23 -24 -25 -26 -27 28 -29 -30 -31
leaf_value=-1.208415051228984 -1.7463366672250107 -1.1817609015121215 -0.010251871555319219 -1.1894751374455095 -0.0075344181353662566 -0.31738425511538304 -1.4476047341765437 0.15496453512307376 -1.0090572336873445 -0.59142969517701693 -1.5886819470389713 -1.0705019408101701 -0.032137714898700181 -2.3327380635201407 -2.3358944385934328 1.2462441122483019 -0.06182087501388922 -0.70364085081482464 -1.2999515210434869 0.09963680697327347 -2.2111977939270084 -1.1802147432795107 -0.66946902874059178 -1.0448351562677727 0.016277289918933856 3.0310359428744018 1.4909510431951198 0.21254049298103769 -0.61251652800895762 -0.14481222916528344
leaf_weight=36 144 54 233 36 105 121 97 30 50 42 42 32 70 129 120 837 52 134 39 670 138 96 33 149 138 10683 1241 196 43 39
leaf_count=36 144 54 233 36 105 121 97 30 50 42 42 32 70 129 120 837 52 134 39 670 138 96 33 149 138 10683 1241 196 43 39
internal_value=5.39798e-05 0.000287517 -0.000455032 -0.00322074 -0.00387091 -0.00226003 -0.00333187 -0.00487429 -0.0011686 -0.00562957 -0.002606 -0.00187108 -0.00164583 -0.00618007 -0.006542 0.000100156 -0.000151835 -0.000669837 -0.000785992 9.82019e-05 -0.00370166 -0.00141544 -0.00393571 -0.00275781 -8.46561e-05 0.000441217 0.000245553 -0.000418327 0.000378776 0.000429352
internal_weight=15829 14779 2523 1050 793 597 341 174 257 327 466 286 167 285 249 1926 1089 367 256 722 180 135 69 181 188 12256 1573 250 1323 1280
internal_count=15829 14779 2523 1050 793 597 341 174 257 327 466 286 167 285 249 1926 1089 367 256 722 180 135 69 181 188 12256 1573 250 1323 1280
cat_boundaries=0 1
cat_threshold=1130738
is_linear=0
shrinkage=0.01


Tree=27
num_leaves=31
num_cat=0
split_feature=10 10 6 14 13 16 12 10 14 16 25 10 20 13 14 13 19 13 29 28 10 19 19 10 10 20 17 23 24 22
split_gain=115.733 16.4265 24.9043 12.9784 16.7997 10.1628 7.55131 6.79008 4.67019 4.54847 4.17214 3.16926 3.90223 2.39515 1.64156 3.63763 1.24523 1.20794 0.928409 0.785573 0.998489 0.695426 1.24916 0.640096 0.554307 1.26866 1.29033 1.56535 0.726482 0.508079
threshold=740.50000000000011 1080.0714285714287 3.5000000000000004 0.69056404122701587 1481.8598763368984 0.92919371535393525 1258.0666666666668 607.28571428571433 0.7210268013660811 0.57957876984334955 821.50000000000011 880.78571428571433 24.589285714285719 1700.1008356535222 0.97875492728876534 1895.9147978557073 0.39999999999999963 1544.8181828127565 27.325000000000006 28.875000000000004 815.21428571428589 0.69999999999999962 6.5500000000000016 647.21428571428589 1235.7857142857144 22.710714285714293 0.32207272259607772 1200.5000000000002 1976.9000000000003 795.50000000000011
decision_type=2 2 2 2 2 2 2 2 2 2 2 2 2 2 2 2 2 2 2 2 2 2 2 2 2 2 2 2 2 2
left_child=3 2 5 7 10 11 8 -1 -7 13 21 12 -2 16 19 29 -6 -11 -13 -4 -21 -5 -23 -9 25 26 27 -3 -27 -16
right_child=1 24 14 4 9 6 -8 23 -10 17 -12 18 -14 -15 15 -17 -18 -19 -20 20 -22 22 -24 -25 -26 28 -28 -29 -30 -31
leaf_value=-1.0560661757521097 -1.5619382519654357 -0.0051128825657721149 0.95020049101003767 -1.4995817073950051 -1.5008213527284644 -1.8777464172634257 -0.16754062630547759 -0.99896666135047074 -1.2725297322445033 -0.87903251338111543 -2.3613069468550201 -0.12369705904747169 -1.025828829463836 -0.64167392586730065 -0.99319781386141603 0.081967802823947097 -1.8727374453352101 0.022401731825659681 -0.81933042517736965 -0.12014508521271418 0.24788456850459414 -2.3668332202106503 -1.8535246143886115 0.016114517019744964 3.0406620312850077 1.4672785517713407 0.20822653233971658 -1.4310051699421109 -0.60604916521329255 -0.7343423280580994
leaf_weight=69 119 39 1017 76 60 67 33 50 40 37 113 149 107 56 46 152 216 82 82 151 487 82 71 138 10616 1301 214 38 48 73
leaf_count=69 119 39 1017 76 60 67 33 50 40 37 113 149 107 56 46 152 216 82 82 151 487 82 71 138 10616 1301 214 38 48 73
internal_value=6.09286e-05 0.000289547 -0.000443146 -0.00314462 -0.00378275 -0.00222659 -0.00460993 -0.00112984 -0.00589352 -0.00246571 -0.00547813 -0.00146616 -0.00232159 -0.00307508 0.000105345 -0.000604779 -0.00347292 -0.000670833 -0.000579741 0.000227959 -3.28638e-05 -0.00632826 -0.00697078 -8.46561e-05 0.000441217 0.000255942 -0.00032363 -0.00142949 0.000388519 -0.00192083
internal_weight=15829 14779 2523 1050 793 597 140 257 107 451 342 457 226 332 1926 271 276 119 231 1655 638 229 153 188 12256 1640 291 77 1349 119
internal_count=15829 14779 2523 1050 793 597 140 257 107 451 342 457 226 332 1926 271 276 119 231 1655 638 229 153 188 12256 1640 291 77 1349 119
is_linear=0
shrinkage=0.01


Tree=28
num_leaves=31
num_cat=3
split_feature=12 14 13 21 7 16 12 12 0 22 13 34 33 5 14 14 7 13 14 0 18 7 21 21 22 26 0 14 19 16
split_gain=88.6474 32.9465 22.4676 10.1123 18.314 13.4006 11.601 5.64603 5.39522 4.68761 3.26278 3.36378 2.86835 2.05444 2.17172 2.00767 1.58824 1.48175 0.788564 1.58329 1.8768 3.6395 0.61623 0.452438 0.416592 0.814193 0.374599 1.06267 0.316697 0.213199
threshold=806.23333333333346 0.59177612190863982 1516.9172005800544 1111.5000000000002 101.50000000000001 0.98519415784776321 1234.866666666667 623.35000000000014 0 546.50000000000011 1905.6241626421563 4.4050000000000011 0.2499999999999965 1.0000000180025095e-35 0.97112537654464559 0.96904697354198299 80.500000000000014 1400.7628576443744 0.534952257794027 1 0.099999999999986697 93.500000000000014 637.50000000000011 600.50000000000011 1233.0000000000002 22.625000000000004 2 0.84313847884979054 0.69999999999999962 -0.030099068566675755
decision_type=2 2 2 2 2 2 2 2 9 2 2 2 2 2 2 2 2 2 2 9 2 2 2 2 2 2 9 2 2 2
left_child=1 9 7 4 5 10 -7 17 13 -1 11 -2 -9 -4 -15 28 -14 -3 -5 20 -20 -22 -6 -11 25 -21 27 -24 -10 -12
right_child=3 2 8 18 22 6 -8 12 15 23 29 -13 16 14 -16 -17 -18 -19 19 24 21 -23 26 -25 -26 -27 -28 -29 -30 -31
leaf_value=-0.75819765411923845 0.32258825254401435 -2.4923807936860216 -0.5135369546930203 3.1198516319453149 -2.020707199886286 -1.897790279987257 1.0276492255241201 -0.52776609947457309 -0.1051730464471118 -0.16517210994344111 0.084954226255898588 -0.9173593219159567 -0.92861061842390746 -0.9558839025526219 -1.7467419087865874 -1.5519835550318626 -2.298465050858872 -1.8299535793190376 0.12592168920528696 -0.7267485406707388 -1.714183352180795 1.8102516496734793 1.1568724731095741 0.50125214583957223 1.2134739756402124 0.66848357875559783 0.92485431118903882 -0.74231868861505601 0.043481713744981658 -0.26749335493964072
leaf_weight=33 96 61 53 8659 35 64 30 43 70 61 127 522 57 125 75 51 215 50 364 50 67 82 329 320 2078 399 1424 97 102 90
leaf_count=33 96 61 53 8659 35 64 30 43 70 61 127 522 57 125 75 51 215 50 364 50 67 82 329 320 2078 399 1424 97 102 90
internal_value=6.72457e-05 -0.0024161 -0.00348726 0.000293269 -0.000242629 -0.00139301 -0.00497895 -0.00516862 -0.00195388 -5.54217e-05 -0.00097189 -0.00134249 -0.004375 -0.00292992 -0.00353234 -0.000634615 -0.00477656 -0.00727232 0.000423034 0.000276225 -0.000216603 -0.00117 0.000319459 0.000236911 0.00037963 7.66667e-05 0.00034846 5.26316e-05 -8.09248e-05 3.89908e-05
internal_weight=15829 1316 902 14513 2814 929 94 426 476 414 835 618 315 253 200 223 272 111 11699 3040 513 149 1885 381 2527 449 1850 426 172 217
internal_count=15829 1316 902 14513 2814 929 94 426 476 414 835 618 315 253 200 223 272 111 11699 3040 513 149 1885 381 2527 449 1850 426 172 217
cat_boundaries=0 1 2 3
cat_threshold=2699440 3215872 6852
is_linear=0
shrinkage=0.01


Tree=29
num_leaves=31
num_cat=0
split_feature=10 10 6 13 7 12 16 12 14 14 14 10 7 13 18 12 34 11 10 11 13 34 13 11 26 10 24 14 16 26
split_gain=110.796 15.9199 24.5489 12.5231 15.5012 10.1788 9.69151 7.29676 4.58244 4.33522 4.08121 3.16926 3.0571 2.06913 1.81297 1.69428 1.66644 1.65978 2.10382 1.5761 1.49203 1.47443 0.749542 0.71991 0.658095 0.515514 2.27387 2.41555 1.24006 0.430972
threshold=740.50000000000011 1080.0714285714287 3.5000000000000004 1564.6117144109583 146.50000000000003 623.35000000000014 0.92919371535393525 1258.0666666666668 0.9550229469509578 0.7210268013660811 0.93544191479114935 880.78571428571433 76.500000000000014 1477.8363553701329 0.29999999999998678 607.75000000000011 7.3250000000000002 116.75166926848841 872.21428571428589 91.833182093010763 1400.7628576443744 5.4450000000000012 1627.6599282296654 132.26983484313303 29.625000000000004 1621.5000000000002 1976.9000000000003 -0.54220184589352438 0.52217737485370563 23.025000000000002
decision_type=2 2 2 2 2 2 2 2 2 2 2 2 2 2 2 2 2 2 2 2 2 2 2 2 2 2 2 2 2 2
left_child=3 2 6 4 5 20 11 9 13 -8 16 12 -2 -7 17 -6 -5 22 -19 -12 -1 -10 -4 -13 -21 26 29 -28 -29 -3
right_child=1 25 14 10 15 8 7 -9 21 -11 19 23 -14 -15 -16 -17 -18 18 -20 24 -22 -23 -24 -25 -26 -27 27 28 -30 -31
leaf_value=-2.4372311830050344 0.043043326760805453 0.42424950245903087 -0.16520292002284589 0.047030615552625936 -0.72214211552528351 -1.0352179417946978 -1.8399910502909189 -0.15669162682326365 -0.80446659742565119 -1.2408265321221859 -0.60928092589367699 0.21802352003583231 -1.320441328040711 -0.73999933853942323 0.54974597771637812 -0.0038469745852981654 -0.9159715301407636 -0.72349798025130951 -0.015281287566438928 -1.5293693847408534 -1.8116540435258468 -2.3219843051097966 0.18703534058855451 -0.78858830339413177 -2.9007086326859546 4.4790568946527047 -0.44864360251169078 1.1259812312948811 -0.7846628075541473 2.1640566555473666
leaf_weight=64 44 947 84 143 52 134 67 33 40 40 34 65 182 112 1059 98 41 162 210 89 54 157 411 166 32 7830 35 217 153 3074
leaf_count=64 44 947 84 143 52 134 67 33 40 40 34 65 182 112 1059 98 41 162 210 89 54 157 411 166 32 7830 35 217 153 3074
internal_value=5.84018e-05 0.000282104 -0.000439184 -0.00307802 -0.00384059 -0.00460765 -0.00220987 -0.00453901 -0.00384797 -0.00580093 -0.00144265 -0.00146616 -0.00232159 -0.00282186 0.000105345 -0.00089404 -0.000367568 -0.000226382 -0.000734584 -0.00264423 -0.00731933 -0.00505808 0.000136089 -0.000579741 -0.00319262 0.000431427 0.000337249 -0.0003633 -9.43396e-05 0.000410368
internal_weight=15829 14779 2523 1050 711 561 597 140 443 107 339 457 226 246 1926 150 184 867 372 155 118 197 495 231 121 12256 4426 405 370 4021
internal_count=15829 14779 2523 1050 711 561 597 140 443 107 339 457 226 246 1926 150 184 867 372 155 118 197 495 231 121 12256 4426 405 370 4021
is_linear=0
shrinkage=0.01


Tree=30
num_leaves=31
num_cat=2
split_feature=10 0 13 17 10 6 19 17 16 15 15 15 10 0 33 32 12 19 15 15 29 24 15 20 19 24 29 10 24 16
split_gain=102.882 17.8069 15.2501 15.7047 10.4008 23.2387 8.40287 6.38148 5.59111 4.8698 4.45903 3.67006 3.28865 2.71516 4.28758 2.2486 2.19071 2.04141 1.76005 1.72146 1.57604 1.51948 0.886495 1.32792 0.873569 0.479518 0.394989 0.386104 1.86276 2.38967
threshold=793.07142857142867 0 1564.6117144109583 0.71503753411753179 1080.0714285714287 2.5000000000000004 5.9499999999999975 -0.81052350355985869 0.97364703930971175 0.17435360825960186 -0.048362832084465616 -0.77243990499604276 929.21428571428589 1 1.149999999999993 0.20000000000000892 865.90000000000009 1.9499999999999933 0.1573897509163161 -0.75013812021657655 30.075000000000006 1266.5000000000002 -0.35846086284744721 29.346428571428579 3.1999999999999988 830.50000000000011 27.325000000000006 1621.5000000000002 1976.9000000000003 -0.93197223986804445
decision_type=2 9 2 2 2 2 2 2 2 2 2 2 2 9 2 2 2 2 2 2 2 2 2 2 2 2 2 2 2 2
left_child=1 2 3 9 5 6 8 16 -2 11 22 -1 15 14 19 -12 18 25 24 -9 -18 -10 -7 -24 -3 -4 -14 28 -6 -30
right_child=4 7 17 -5 27 10 -8 13 21 -11 12 -13 26 -15 -16 -17 20 -19 -20 -21 -22 -23 23 -25 -26 -27 -28 -29 29 -31
leaf_value=-0.98482026193636174 -1.352807727440301 -1.8094713884383864 0.018847055313420933 0.59350267877132101 1.7578723135059573 0.70464899003589454 2.3518338717379654 -1.1776171631678432 -1.8842097447264201 -0.93318640858086011 -0.95605163418395778 -2.2828023337349475 0.343032242798813 -0.045111457508762394 0.31659259693075081 -0.29932196095341984 0.14652857950915313 -1.2875233713939775 -0.50880926410444804 -0.78866505656958141 -1.6687045038963688 -1.0515668668283396 0.26369670926167588 -0.79077209361310508 -2.003488316070666 -0.34652673179633886 -0.70800562967394187 4.4033730133969087 -0.3035919365172175 -0.0057817347817712538
leaf_weight=55 44 91 66 45 4055 1101 35 53 59 95 131 192 154 276 87 89 49 53 30 138 42 30 254 174 117 51 68 7792 37 373
leaf_count=55 44 91 66 45 4055 1101 35 53 59 95 131 192 154 276 87 89 49 53 30 138 42 30 254 174 117 51 68 7792 37 373
internal_value=6.23856e-05 -0.00248439 -0.00389349 -0.0050683 0.000317983 -0.000322664 -0.00388166 -0.00151957 -0.00502612 -0.00579883 -1.24239e-05 -0.00659879 -0.000900677 -0.000852252 -0.00152595 -0.00176471 -0.00265303 -0.00137427 -0.0031841 -0.00241927 -0.00113587 -0.00650556 0.000238235 -0.000130536 -0.00352153 -0.000521186 0 0.000430617 0.000347627 -0.000279805
internal_weight=15836 1440 557 387 14396 2139 168 883 133 342 1971 247 442 554 278 220 329 170 238 191 91 89 1529 428 208 117 222 12257 4465 410
internal_count=15836 1440 557 387 14396 2139 168 883 133 342 1971 247 442 554 278 220 329 170 238 191 91 89 1529 428 208 117 222 12257 4465 410
cat_boundaries=0 1 2
cat_threshold=562177 2107456
is_linear=0
shrinkage=0.01


Tree=31
num_leaves=31
num_cat=1
split_feature=10 0 13 14 10 6 19 11 14 15 14 13 11 13 14 11 14 30 19 10 33 10 15 25 21 10 10 24 20 15
split_gain=99.9978 18.2992 15.0299 16.1055 10.545 23.1148 8.40287 7.10809 6.21001 6.10209 5.239 5.3902 3.55262 2.56577 5.05041 2.54566 2.26901 2.08754 2.04141 1.72562 1.39565 0.792895 0.679187 0.576024 0.507845 0.490131 0.474644 1.84124 1.2122 1.63359
threshold=793.07142857142867 0 1564.6117144109583 0.58481550752069722 1080.0714285714287 2.5000000000000004 5.9499999999999975 151.1857892036183 0.95242846126021108 0.17435360825960186 0.9550229469509578 1905.6241626421563 67.480155813194955 1477.8363553701329 0.67167992559793654 128.02529511965446 0.35846314187849709 30.675000000000004 1.9499999999999933 1021.5000000000001 6.8499999999999979 647.21428571428589 0.054805126479326886 977.50000000000011 747.50000000000011 647.21428571428589 1375.0714285714287 1930.5000000000002 25.853571428571431 0.83730377313544024
decision_type=2 9 2 2 2 2 2 2 2 2 2 2 2 2 2 2 2 2 2 2 2 2 2 2 2 2 2 2 2 2
left_child=1 2 3 16 5 6 7 19 13 20 -7 15 23 14 25 -12 -1 -15 24 -2 -5 -16 -14 -10 -4 -3 27 -6 29 -29
right_child=4 8 18 9 26 10 -8 -9 12 -11 11 -13 22 17 21 -17 -18 -19 -20 -21 -22 -23 -24 -25 -26 -27 -28 28 -30 -31
leaf_value=0.78738722156738217 -1.8644423858822154 -1.3845840310266562 0.056867156392771741 -2.4351504708639613 1.3049318645332491 0.47446716346126644 2.3283155330205854 -0.55002480975356682 -1.5617489942055409 -0.92807971425971647 -0.53462114051133858 0.071904016520618536 -1.8140865074291472 -0.024379555630857842 -0.80302257106953223 -0.97865495681888082 -0.70507249175066822 -0.73426514809462151 -1.274648137680038 -1.2117783005907001 -2.0582616155036191 -0.78157486634965456 -1.4956898264282614 0.16007751278545113 -0.35830538323972044 0.016039071032714566 3.6463371094673782 -0.61520689217444391 0.87333766042533545 1.1054400967185525
leaf_weight=45 72 33 58 154 2551 1390 35 31 30 92 109 280 200 326 32 192 42 46 53 30 54 45 61 38 59 72 9508 74 89 35
leaf_count=45 72 33 58 154 2551 1390 35 31 30 92 109 280 200 326 32 192 42 46 53 30 54 45 61 38 59 72 9508 74 89 35
internal_value=6.11227e-05 -0.00244969 -0.00387588 -0.00504253 0.000313121 -0.000332009 -0.00388166 -0.00502612 -0.00147483 -0.00614618 -2.25659e-05 -0.000823883 -0.00259242 -0.000816216 -0.00179781 -0.00175331 -0.00109659 -0.00030563 -0.00137427 -0.00630097 -0.00715789 -0.00373718 -0.00312786 -0.000376812 -0.000521186 -0.000259434 0.000426538 0.000299818 -0.00060804 -0.00132273
internal_weight=15836 1440 557 387 14396 2139 168 133 883 300 1971 581 329 554 182 301 87 372 170 102 208 77 261 68 117 105 12257 2749 198 109
internal_count=15836 1440 557 387 14396 2139 168 133 883 300 1971 581 329 554 182 301 87 372 170 102 208 77 261 68 117 105 12257 2749 198 109
cat_boundaries=0 1
cat_threshold=562177
is_linear=0
shrinkage=0.01


Tree=32
num_leaves=31
num_cat=1
split_feature=10 0 13 7 10 7 14 7 14 13 11 13 7 11 19 22 30 10 7 11 25 33 10 16 25 21 12 19 33 10
split_gain=97.7499 17.1753 15.6245 16.6783 10.9251 20.0002 6.21001 5.90121 4.96884 4.80953 3.55262 2.56577 5.05041 2.50039 2.39315 2.30932 2.08754 2.06318 9.37641 7.34843 2.00716 1.8479 0.792895 0.679187 0.576024 0.52097 0.510981 0.495539 1.20097 0.490131
threshold=793.07142857142867 0 1564.6117144109583 146.50000000000003 947.00000000000011 49.500000000000007 0.95242846126021108 81.500000000000014 0.95752911693909493 1905.6241626421563 67.480155813194955 1477.8363553701329 139.50000000000003 128.02529511965446 1.9499999999999933 550.50000000000011 30.675000000000004 1100.214285714286 45.500000000000007 136.25938024427981 1497.0000000000002 6.8499999999999979 647.21428571428589 0.10837544681456425 977.50000000000011 753.00000000000011 1495.8500000000001 0.69999999999999962 0.4000000000000003 647.21428571428589
decision_type=2 9 2 2 2 2 2 2 2 2 2 2 2 2 2 2 2 2 2 2 2 2 2 2 2 2 2 2 2 2
left_child=1 2 3 7 5 -2 11 -1 27 13 24 12 22 -10 25 -5 -13 18 19 20 -6 -9 -3 -12 -8 -4 -20 28 -7 -14
right_child=4 6 14 15 17 8 10 21 9 -11 23 16 29 -15 -16 -17 -18 -19 26 -21 -22 -23 -24 -25 -26 -27 -28 -29 -30 -31
leaf_value=-0.91879891711711892 -1.8533188711806394 -0.79499234535883723 0.0032354050214746621 -0.70646761821997861 -1.4373472849932269 0.43380726406156178 -1.5461315042634851 -2.4107989661553217 -0.62064621008192367 0.029211369103532007 -1.7959456423548559 -0.024135760074549401 -1.3707381907163898 -1.0215980538788434 -1.2619016563032375 0.012461873425123546 -0.72692249661367481 2.3233174083306163 0.76369944272835233 0.20774673123018411 -1.0405575020246152 -2.0376789993485831 -0.77375911768615835 -1.4807329281639789 0.15847673765759607 -0.35838180590212176 -0.46745409772696989 0.43995071998034391 -0.076936521770450808 0.015878680322386922
leaf_weight=92 50 32 79 33 38 116 30 154 86 174 200 326 33 142 53 54 46 12067 958 50 32 54 45 61 38 38 134 511 38 72
leaf_count=92 50 32 79 33 38 116 30 154 86 174 200 326 33 142 53 54 46 12067 958 50 32 54 45 61 38 38 134 511 38 72
internal_value=6.04913e-05 -0.00242193 -0.00380546 -0.00499098 0.000309648 -0.000636404 -0.00147483 -0.00611296 -0.000333801 -0.0012134 -0.00259242 -0.000816216 -0.00179781 -0.00216594 -0.00125731 -0.000982955 -0.00030563 0.000390023 0 -0.00264463 -0.00471831 -0.00711005 -0.00373718 -0.00312786 -0.000376812 -0.000351695 0.000289113 0.000183934 -0.000277419 -0.000259434
internal_weight=15836 1440 557 387 14396 1117 883 300 1067 402 329 554 182 228 170 87 372 13279 1212 120 70 208 77 261 68 117 1092 665 154 105
internal_count=15836 1440 557 387 14396 1117 883 300 1067 402 329 554 182 228 170 87 372 13279 1212 120 70 208 77 261 68 117 1092 665 154 105
cat_boundaries=0 1
cat_threshold=562177
is_linear=0
shrinkage=0.01


Tree=33
num_leaves=31
num_cat=0
split_feature=10 14 12 10 16 12 10 15 14 15 12 14 19 10 6 19 16 25 23 29 22 25 28 23 19 20 33 19 25 10
split_gain=97.2044 14.4276 19.6903 10.9091 19.2371 6.54868 5.21953 5.08093 3.48583 2.99363 2.89246 2.29551 2.06477 1.96963 7.95607 4.35601 6.67147 1.56927 1.48281 1.31148 1.20289 1.13586 1.1098 1.05722 0.998665 0.893373 1.12901 0.746963 0.567235 0.431189
threshold=793.07142857142867 0.67167992559793654 703.25000000000011 947.00000000000011 0.98519415784776321 623.35000000000014 647.21428571428589 -0.048362832084465616 0.97112537654464559 0.61067742788105683 865.90000000000009 0.96904697354198299 0.69999999999999962 1100.214285714286 2.5000000000000004 5.9499999999999975 0.92919371535393525 650.50000000000011 805.50000000000011 28.925000000000004 550.50000000000011 1227.5000000000002 29.225000000000005 550.50000000000011 0.29999999999999999 29.225000000000005 0.79999999999999971 4.3500000000000014 1645.5000000000002 1621.5000000000002
decision_type=2 2 2 2 2 2 2 2 2 2 2 2 2 2 2 2 2 2 2 2 2 2 2 2 2 2 2 2 2 2
left_child=1 6 5 4 7 12 19 25 9 20 24 -9 -3 14 15 16 -5 27 -12 -1 -4 -13 -19 -21 -10 -2 -27 -7 -16 -15
right_child=3 2 8 13 -6 17 -8 11 10 -11 18 21 -14 29 28 -17 -18 22 -20 23 -22 -23 -24 -25 -26 26 -28 -29 -30 -31
leaf_value=-0.18395709039764144 0.42275308062060968 -1.6812236357393764 -0.90172421215171794 0.15242886846924758 -1.8369869776770837 -1.1353950191786693 0.10305391748897705 -0.028646205822192353 -1.3878447566912102 -1.6748104651131359 -0.48210233584341938 -1.01665503794016 -2.178852860907929 1.158663121847922 0.96937338988308985 2.5940079815476764 -1.3890924563773204 -0.78467328548024928 -1.4874750044403056 -1.1553099688278736 -0.42423914849801547 -0.68046726867496898 -2.3865904055063698 -0.92494587040130571 -2.0399003440031076 -0.41585063097387831 0.16423482551930391 -2.1901523384943333 -0.40955392462492063 4.2996427380849598
leaf_weight=35 432 32 51 35 49 48 230 86 41 32 71 81 61 4275 863 43 66 100 55 32 329 96 57 49 166 147 226 51 205 7792
leaf_count=35 432 32 51 35 49 48 230 86 41 32 71 81 61 4275 863 43 66 100 55 32 329 96 57 49 166 147 226 51 205 7792
internal_value=6.04913e-05 -0.00241499 -0.00297991 0.000308953 -0.000636404 -0.00495857 -0.000596542 -0.000342376 -0.00203418 -0.00136562 -0.00282485 -0.00154735 -0.00737766 0.00038927 0 -0.0021931 -0.00332843 -0.00401556 -0.00147244 -0.00232479 -0.00107612 -0.00219944 -0.00317405 -0.00304268 -0.00358894 4.03226e-05 -0.000303476 -0.005205 0.000303087 0.000427867
internal_weight=15836 1440 1094 14396 1117 349 346 1068 745 412 333 263 93 13279 1212 144 101 256 126 116 380 177 157 81 207 805 373 99 1068 12067
internal_count=15836 1440 1094 14396 1117 349 346 1068 745 412 333 263 93 13279 1212 144 101 256 126 116 380 177 157 81 207 805 373 99 1068 12067
is_linear=0
shrinkage=0.01


Tree=34
num_leaves=31
num_cat=0
split_feature=10 10 14 10 6 19 13 13 11 14 14 13 18 11 11 11 33 14 28 10 14 19 13 18 33 10 24 14 16 20
split_gain=96.7099 14.4005 12.321 10.5606 23.0529 8.40287 8.1355 7.12432 7.10809 6.23162 4.95159 5.20591 4.05047 3.77566 3.14293 2.40701 2.36737 2.15117 1.93164 1.72562 1.65315 1.57998 1.40187 0.882843 0.703241 0.53635 1.88279 3.03531 1.1553 0.677486
threshold=793.07142857142867 635.78571428571433 0.70290292807158605 1080.0714285714287 2.5000000000000004 5.9499999999999975 1570.8467598893196 1516.9172005800544 151.1857892036183 0.58481550752069722 0.9550229469509578 1905.6241626421563 0.099999999999986697 91.833182093010763 47.495864312263841 128.02529511965446 0.39999999999999963 0.95752911693909493 28.875000000000004 1021.5000000000001 0.88621069759564464 0.80000000000000038 1638.6099825251204 0.40000000000001518 0.80000000000000038 1621.5000000000002 1976.9000000000003 -0.54220184589352438 0.52217737485370563 22.710714285714293
decision_type=2 2 2 2 2 2 2 2 2 2 2 2 2 2 2 2 2 2 2 2 2 2 2 2 2 2 2 2 2 2
left_child=1 7 -3 4 5 8 14 9 19 -1 -6 15 24 22 23 -12 -9 -15 -14 -2 -18 -16 -8 -4 -11 26 29 -28 -29 -5
right_child=3 2 6 25 10 -7 13 16 -10 12 11 -13 18 17 21 -17 20 -19 -20 -21 -22 -23 -24 -25 -26 -27 27 28 -30 -31
leaf_value=-0.68468264752883656 -1.8193191184231488 0.011748811434009054 -0.11085805644733478 0.32795818029551022 0.46949416155637019 2.2910659887454647 -0.46891453588147997 -0.13734766844487697 -0.52294606665843646 -1.1569567354151717 -0.51290191662600459 0.077697535351126307 -2.3039079880625124 -0.97320489463633975 -1.6605352152886372 -0.95179030142579768 -0.74140936097402732 -1.4327318326161085 -3.1447142277661424 -1.1713961201710874 -1.3417354509465753 -1.9028480625830408 0.0074454424562406989 -1.2100082356746582 -1.7004614567739669 4.2566463107041113 -0.37031615245111604 1.0810513935690091 -0.68949305340289568 2.1331526555963687
leaf_weight=56 72 261 35 813 1390 35 88 54 31 93 109 280 30 75 71 192 32 157 62 30 31 174 142 34 45 7792 31 222 157 3242
leaf_count=56 72 261 35 813 1390 35 88 54 31 93 109 280 30 75 71 192 32 157 62 30 31 174 142 34 45 7792 31 222 157 3242
internal_value=6.11227e-05 -0.00240805 -0.00176445 0.000308953 -0.000336682 -0.00388166 -0.0023964 -0.00403094 -0.00502612 -0.00490244 -2.76369e-05 -0.000806701 -0.00564935 -0.00150972 -0.00366032 -0.0017202 -0.00179237 -0.0024206 -0.00746237 -0.00630097 -0.00310156 -0.00421748 -0.000541126 -0.00150714 -0.00432374 0.000422459 0.000327474 -0.000304136 -2.76316e-05 0.000393861
internal_weight=15836 1440 1037 14396 2139 168 776 403 133 286 1971 581 230 462 314 301 117 232 92 102 63 245 230 69 138 12257 4465 410 379 4055
internal_count=15836 1440 1037 14396 2139 168 776 403 133 286 1971 581 230 462 314 301 117 232 92 102 63 245 230 69 138 12257 4465 410 379 4055
is_linear=0
shrinkage=0.01


Tree=35
num_leaves=31
num_cat=4
split_feature=10 10 7 0 14 32 33 7 13 13 14 0 13 12 28 0 13 33 14 0 18 15 32 13 18 7 11 13 10 20
split_gain=99.7818 16.8794 27.4414 11.4229 9.14482 8.27262 8.14465 7.83253 11.4109 7.12826 5.54486 4.1301 2.50053 1.8496 3.04941 1.83728 1.62924 1.45456 0.814633 1.29909 1.33472 4.20297 0.736125 0.938903 0.471313 0.936705 0.434905 0.315335 0.281792 0.132704
threshold=731.857142857143 1042.9285714285718 49.500000000000007 0 0.95752911693909493 0.79999999999999993 0.39999999999999963 146.50000000000003 1477.8363553701329 1886.8514419260962 0.94704596667653973 1 1544.8181828127565 688.18333333333351 28.875000000000004 2 1447.8918991236874 3.2499999999999933 0.534952257794027 3 0.099999999999986697 0.2332836900311728 1.9999999999999869 1641.3143167721489 0.20000000000000892 85.500000000000014 251.19926610913799 1967.6514212609675 1087.6428571428576 22.157142857142862
decision_type=2 2 2 9 2 2 2 2 2 2 2 9 2 2 2 9 2 2 2 9 2 2 2 2 2 2 2 2 2 2
left_child=3 2 6 5 22 12 -2 8 13 11 15 -6 -1 14 -5 -10 -15 -12 29 20 26 -22 23 -4 28 -26 -20 -11 -21 -3
right_child=1 18 4 7 9 -7 -8 -9 10 27 17 -13 -14 16 -16 -17 -18 -19 19 24 21 -23 -24 -25 25 -27 -28 -29 -30 -31
leaf_value=-2.3617413807556558 -1.7949991782070371 1.7449731599063387 -0.14117057367731581 -1.3457194238119272 -0.34626805130085331 -1.2236043208030305 -0.34179386794432776 -0.017632056012575861 -0.50299127307042524 -0.25939636483766315 -1.4084799263444949 -1.4848848334253837 -1.4408511852684627 -0.67452942584132258 -2.1435403497159697 0.048808279284206758 -2.1856714112611786 -2.0482902384999058 0.80326343974906378 -0.13197627420422314 1.683081578786715 -1.7386099136000153 1.059635151200274 0.14151374333932273 -0.27818816211271469 2.3349372829481227 -0.40199941087414198 0.16913839811763953 1.6050294560071441 3.2956155664795053
leaf_weight=80 83 2262 202 100 119 40 42 120 117 115 111 284 30 62 111 123 38 61 294 103 100 48 655 576 264 358 98 199 2026 7018
leaf_count=80 83 2262 202 100 119 40 42 120 117 115 111 284 30 62 111 123 38 61 294 103 100 48 655 576 264 358 98 199 2026 7018
internal_value=6.49937e-05 0.000270964 -0.000519552 -0.00300151 -0.000248722 -0.00562112 -0.00505952 -0.00242213 -0.00284323 -0.00117201 -0.0017046 -0.00205074 -0.00743243 -0.00430929 -0.00492689 -0.0006639 -0.00287129 -0.00308671 0.00041485 0.000272023 -0.000163339 -0.000979866 0.000206764 0 0.000360427 9.79133e-05 0.000117048 -9.5238e-06 0.000434038 0.00046439
internal_weight=15839 14846 2275 993 2150 150 125 843 723 717 412 403 110 311 211 240 100 172 12571 3291 540 148 1433 778 2751 622 392 314 2129 9280
internal_count=15839 14846 2275 993 2150 150 125 843 723 717 412 403 110 311 211 240 100 172 12571 3291 540 148 1433 778 2751 622 392 314 2129 9280
cat_boundaries=0 1 2 3 4
cat_threshold=528384 532568 2171921 3414528
is_linear=0
shrinkage=0.01


Tree=36
num_leaves=31
num_cat=1
split_feature=10 10 7 7 12 14 19 14 11 10 21 12 19 19 33 28 10 7 20 28 10 14 10 15 19 32 10 3 32 25
split_gain=97.8688 16.6358 27.4956 9.52904 12.3252 8.96109 8.67062 8.41067 4.28494 3.87102 3.85668 3.17618 3.72595 2.27493 2.01183 1.40971 1.01478 1.24889 1.00718 0.880547 0.873221 0.862463 0.771212 1.86247 2.25609 0.736125 0.498069 0.440497 1.27548 0.130067
threshold=731.857142857143 1042.9285714285718 49.500000000000007 139.50000000000003 623.35000000000014 0.95752911693909493 0.39999999999999963 0.94138322595482449 97.590007294848547 872.21428571428589 546.50000000000011 703.25000000000011 0.39999999999999963 0.69999999999999962 6.9499999999999975 27.625000000000004 647.21428571428589 148.50000000000003 24.089285714285719 24.775000000000002 671.50000000000011 0.534952257794027 1135.7857142857144 0.2332836900311728 5.9499999999999975 1.9999999999999869 800.50000000000011 0 0.099999999999982256 2777.5000000000005
decision_type=2 2 2 2 2 2 2 2 2 2 2 2 2 2 2 2 2 2 2 2 2 2 2 2 2 2 2 9 2 2
left_child=3 2 6 4 13 25 -2 15 18 -10 -5 14 -13 -1 -9 19 17 -12 -7 -6 -17 -3 23 29 -25 26 -4 28 -24 -23
right_child=1 21 5 10 7 8 -8 11 9 -11 16 12 -14 -15 -16 20 -18 -19 -20 -21 -22 22 27 24 -26 -27 -28 -29 -30 -31
leaf_value=-1.5025214841779992 -1.7782153421893865 2.7626594108147104 -0.22841224011910569 -0.9620144011282068 -0.87996329962003628 -0.9135619511300439 -0.33700292923294589 -2.7449790962172926 -1.1220491694741987 -0.61480664146636699 -1.3132883312986943 -1.3655912000328545 -2.1483915688089703 -2.1828696575672306 -1.6124331309771698 -0.87000571159823636 0.0090963533290341833 -0.031366946633408083 0.041708517914619901 -0.34598826605830241 -0.61884924325286417 0.85390791264052468 1.1720689380790148 -0.95722145838187522 3.6498852236511592 1.0490387996882713 0.25231402314168838 1.6748754137905446 -0.67981623948803505 -1.0117235138165479
leaf_weight=30 82 9280 190 36 42 35 43 105 241 191 37 53 159 55 43 55 112 44 250 156 66 275 1142 69 48 655 588 1490 237 30
leaf_count=30 82 9280 190 36 42 35 43 105 241 191 37 53 159 55 43 55 112 44 250 156 66 275 1142 69 48 655 588 1490 237 30
internal_value=6.5625e-05 0.000269617 -0.000515158 -0.00297133 -0.00351373 -0.000244073 -0.00505952 -0.00303015 -0.00115808 -0.00178753 -0.00111087 -0.00409972 -0.00316432 -0.00718023 -0.00534228 -0.00178281 -0.000481959 -0.00133537 -0.000166084 -0.0011608 -0.00270082 0.000412464 0.000265948 -0.000115839 -0.00119915 0.000206764 0 0.00032561 0.000179496 0.000269608
internal_weight=15839 14846 2275 993 764 2150 125 679 717 432 229 360 212 85 148 319 193 81 285 198 121 12571 3291 422 117 1433 778 2869 1379 305
internal_count=15839 14846 2275 993 764 2150 125 679 717 432 229 360 212 85 148 319 193 81 285 198 121 12571 3291 422 117 1433 778 2869 1379 305
cat_boundaries=0 1
cat_threshold=8
is_linear=0
shrinkage=0.01


Tree=37
num_leaves=31
num_cat=3
split_feature=12 14 13 14 7 12 12 12 0 23 33 7 13 12 14 19 0 25 7 19 28 34 12 13 0 19 12 12 26 13
split_gain=70.4057 27.984 19.1775 11.1057 7.07201 37.4847 4.88427 4.85934 4.84406 4.13313 3.38227 3.24639 3.5815 2.8265 2.04711 1.80927 1.71203 2.41963 1.61056 1.60885 1.38022 1.07638 0.747809 0.635483 0.343308 0.624762 0.318975 0.296027 0.21698 0.808508
threshold=806.23333333333346 0.63257020223555627 1516.9172005800544 0.59177612190863982 47.500000000000007 1258.0666666666668 607.75000000000011 623.35000000000014 0 1000.5000000000001 0.2499999999999965 111.50000000000001 1905.6241626421563 1344.9000000000003 0.97112537654464559 0.69999999999999962 1 1749.7900000000002 81.500000000000014 6.9499999999999975 29.125000000000004 6.9350000000000014 1098.4000000000003 1584.1076928982275 2 0.8999999999999998 1143.616666666667 835.96666666666681 22.825000000000006 1552.6133543047356
decision_type=2 2 2 2 2 2 2 2 9 2 2 2 2 2 2 2 9 2 2 2 2 2 2 2 9 2 2 2 2 2
left_child=1 6 7 28 5 26 21 15 23 11 -9 12 -6 -7 20 -3 17 -11 -12 -16 -10 -1 -18 -4 25 -8 -5 -13 29 -2
right_child=3 2 8 4 9 13 24 10 14 16 18 27 -14 -15 19 -17 22 -19 -20 -21 -22 -23 -24 -25 -26 -27 -28 -29 -30 -31
leaf_value=-0.48518462371597787 0.043301907893200278 -1.474419054185012 -1.4298722829650248 -1.7761667805528925 -0.87145001393687038 -0.40738568453181112 -1.3007853927807498 -0.44309801505294311 0.18361618663846055 1.2444472859462676 -0.82770044434879098 -0.029553894460045957 0.084491078935076375 4.7551591355554574 -1.7062384058724052 -2.1499960912249767 -0.45896502540943374 -0.65249289067798277 -2.1250424230768616 -0.36252712687700595 -0.31566641912496457 -0.77054445458333709 0.85344700118400385 -0.86620719038721372 0.3449686646759158 0.28544963528021788 -1.3131517196877949 0.36283322990546957 2.9747657217117065 2.1855181841749536
leaf_weight=34 469 31 62 31 520 57 31 42 93 380 64 57 227 322 61 56 135 554 203 30 175 32 1838 38 289 73 62 324 6915 2634
leaf_count=34 469 31 62 31 520 57 31 42 93 380 64 57 227 322 61 56 135 554 203 30 175 32 1838 38 289 73 62 324 6915 2634
internal_value=6.81503e-05 -0.00214677 -0.00321554 0.000269345 -0.000141193 -0.0012981 -0.000131522 -0.00484131 -0.0017837 -3.09711e-06 -0.00414677 -0.000519043 -0.000904412 7.76316e-05 -0.00108243 -0.00711932 0.000193776 -0.000151323 -0.00457649 -0.00244022 -0.0006171 -0.00264179 0.000361139 -0.00369369 0.000270305 -0.000156522 -0.00695213 0.000210733 0.000455035 0.000370973
internal_weight=15839 1314 855 14525 4507 472 459 396 459 4035 309 1128 747 379 359 87 2907 934 267 91 268 66 1973 100 393 104 93 381 10018 3103
internal_count=15839 1314 855 14525 4507 472 459 396 459 4035 309 1128 747 379 359 87 2907 934 267 91 268 66 1973 100 393 104 93 381 10018 3103
cat_boundaries=0 1 2 3
cat_threshold=2686992 3481104 1056932
is_linear=0
shrinkage=0.01


Tree=38
num_leaves=31
num_cat=5
split_feature=10 10 7 0 15 19 32 7 7 0 0 33 11 19 12 11 25 7 10 18 31 10 10 7 33 10 0 0 12 25
split_gain=93.7116 15.3291 27.8667 12.3326 8.86131 8.67062 8.03007 7.42955 6.70828 5.05299 4.26142 4.37443 3.38254 2.13631 1.98569 1.07981 0.937648 0.800009 2.08054 3.02563 0.800465 0.907503 0.670517 1.04975 0.579965 0.557737 0.53536 0.520513 0.490131 0.370684
threshold=740.50000000000011 1042.9285714285718 49.500000000000007 0 -0.75013812021657655 0.39999999999999963 0.79999999999999993 109.50000000000001 81.500000000000014 1 2 0.2499999999999965 59.13724946261393 1.9499999999999933 732.88333333333344 97.590007294848547 1187.5000000000002 79.500000000000014 1200.0714285714287 0.099999999999986697 0.65000000000000002 1735.7857142857144 647.21428571428589 148.50000000000003 1.0499999999999967 1135.7857142857144 3 4 993.16666666666686 1000.0600000000001
decision_type=2 2 2 9 2 2 2 2 2 9 9 2 2 2 2 2 2 2 2 2 2 2 2 2 2 2 9 9 2 2
left_child=3 2 5 6 22 -2 14 9 16 13 11 -10 -12 -4 -1 -11 -6 18 19 26 27 -22 23 -5 29 -21 -3 -20 -18 -9
right_child=1 17 7 4 8 -7 -8 24 10 15 12 -13 -14 -15 -16 -17 28 -19 20 25 21 -23 -24 -25 -26 -27 -28 -29 -30 -31
leaf_value=-2.2937551190339436 -1.7429030287718246 -0.32464120197982516 -0.95386579112202019 -1.2874625664554205 -0.44696422040228878 -0.315871232135087 -1.1073142988800135 -0.026966549990647987 -0.34788943683644086 0.039142029956373225 0.06360399807836864 -1.81095146498228 -1.4482405298422225 -1.6633544731807215 -1.3972295646902941 -0.54377507775297618 0.012424293330688202 2.5790170335160583 -0.17315283473351273 -1.1986448055869343 -1.7247985155677099 5.1780416523573782 0.0083358453832250365 0.021429737161396938 0.70852598235114783 -0.6718829313774155 0.94369521553104418 1.5930134419869311 -0.71597464612393258 0.53946026871730279
leaf_weight=83 82 107 123 34 60 43 41 275 43 283 49 302 142 89 30 311 72 9328 215 36 33 36 125 40 896 35 151 2630 33 112
leaf_count=83 82 107 123 34 60 43 41 275 43 283 49 302 142 89 30 311 72 9328 215 36 33 36 125 40 896 35 151 2630 33 112
internal_value=7.00442e-05 0.000276106 -0.000488939 -0.00280853 -0.00225027 -0.00505952 -0.00547273 -0.000208373 -0.00280556 -0.000962825 -0.00335568 -0.00406601 -0.00170545 -0.00226009 -0.00722368 -0.000434711 -0.000948795 0.000411669 0.00026865 -0.000471212 0.000355746 -0.00065 -0.0003525 -0.00110667 0.000258178 -0.00228472 0 0.000383872 -0.000259434 -4.25258e-05
internal_weight=15839 14785 2214 1054 900 125 154 2089 701 806 536 345 191 212 113 594 165 12571 3243 329 2914 69 199 74 1283 71 258 2845 105 387
internal_count=15839 14785 2214 1054 900 125 154 2089 701 806 536 345 191 212 113 594 165 12571 3243 329 2914 69 199 74 1283 71 258 2845 105 387
cat_boundaries=0 1 2 3 4 5
cat_threshold=528384 1121281 2139217 1585376 3145728
is_linear=0
shrinkage=0.01


Tree=39
num_leaves=31
num_cat=3
split_feature=10 10 7 0 14 13 19 32 14 13 19 13 0 7 18 29 13 34 14 0 18 16 13 24 10 19 10 7 32 20
split_gain=93.0957 15.302 27.8667 12.4444 9.24975 9.75723 8.67062 8.03007 7.95174 6.79103 5.96498 3.82801 3.51811 3.04164 2.13987 1.39068 1.24879 1.13602 0.842237 1.26396 1.33472 4.20297 0.799474 0.753669 0.597709 0.452632 0.386552 0.970556 0.374032 0.119981
threshold=740.50000000000011 1042.9285714285718 49.500000000000007 0 0.65883702558178847 1471.8172171018948 0.39999999999999963 0.79999999999999993 0.97696484778429815 1886.8514419260962 3.9499999999999935 1556.5421231245539 1 81.500000000000014 0.1000000000000089 28.550000000000001 1419.0832770744794 7.120000000000001 0.534952257794027 2 0.099999999999986697 0.46230456327903491 1378.5429677530326 2177.5000000000005 864.357142857143 1.5500000000000003 1316.0000000000002 76.500000000000014 0.20000000000000892 22.667857142857148
decision_type=2 2 2 9 2 2 2 2 2 2 2 2 9 2 2 2 2 2 2 9 2 2 2 2 2 2 2 2 2 2
left_child=3 2 6 7 16 13 -2 11 17 12 15 -1 -10 -6 -15 -7 22 28 29 20 23 -22 -5 -20 -19 -11 27 -21 -4 -3
right_child=1 18 8 4 5 10 -8 -9 9 25 -12 -13 -14 14 -16 -17 -18 24 19 26 21 -23 -24 -25 -26 -27 -28 -29 -30 -31
leaf_value=-2.2708175678436047 -1.7254739984841063 1.6522514820222183 -0.0033551955024219903 -0.12906947320251885 -0.52866406936816335 -0.3772079334665901 -0.31271251981373577 -1.0962411558912131 -0.45691356135964006 0.11095386664281794 -1.7106520142928465 -1.3832572690433913 -1.4540613427176377 -1.3179504614009567 -2.1090898263785576 -1.2488987463938914 0.11872806270864623 -0.14901818621679846 0.77458681432064458 -0.095411543279694477 1.6374979737549464 -1.7022650810199416 -1.2740629867949966 -0.45775887160877782 0.16172070144257414 -0.24638860077772151 1.7892789965519098 0.82453767060638217 0.64920356296325754 3.2256099619511067
leaf_weight=83 82 2864 222 58 52 169 43 41 112 181 71 30 183 119 100 190 102 219 322 292 100 48 39 70 210 75 1803 656 887 6416
leaf_count=83 82 2864 222 58 52 169 43 41 112 181 71 30 183 119 100 190 102 219 322 292 100 48 39 70 210 75 1803 656 887 6416
internal_value=7.00442e-05 0.000275429 -0.000488939 -0.00279905 -0.0022393 -0.00280556 -0.00505952 -0.00547273 -0.000208373 -0.00124004 -0.00182135 -0.00722368 -0.00227196 -0.00431801 -0.00486591 -0.00125139 -0.0003025 0.000155296 0.000410873 0.000265948 -0.000163339 -0.000979866 -0.00113776 0.000117048 -0.000268605 -7.78209e-06 0.000353186 0.000172813 0.000328378 0.000461157
internal_weight=15839 14785 2214 1054 900 701 125 154 2089 551 430 113 295 271 219 359 199 1538 12571 3291 540 148 97 392 429 256 2751 948 1109 9280
internal_count=15839 14785 2214 1054 900 701 125 154 2089 551 430 113 295 271 219 359 199 1538 12571 3291 540 148 97 392 429 256 2751 948 1109 9280
cat_boundaries=0 1 2 3
cat_threshold=528384 8440 3414528
is_linear=0
shrinkage=0.01


Tree=40
num_leaves=31
num_cat=4
split_feature=10 0 7 12 10 7 10 14 19 7 7 10 14 19 20 19 0 25 7 11 10 0 10 10 14 34 0 32 26 25
split_gain=85.282 16.5401 9.44745 13.809 9.11907 21.2394 10.7181 8.36484 4.83042 3.96199 3.54666 2.62042 2.74392 2.41723 2.33794 3.72114 1.79252 2.14277 1.43099 1.23305 0.843539 0.765034 1.14446 0.707684 0.672555 1.80962 4.15553 3.05707 0.357071 1.12388
threshold=793.07142857142867 0 161.50000000000003 678.23333333333346 1100.214285714286 49.500000000000007 1003.357142857143 0.69056404122701587 0.29999999999999999 96.500000000000014 137.50000000000003 707.21428571428589 0.97875492728876534 0.79999999999999971 24.739285714285721 1.7999999999999996 1 2230.5000000000005 81.500000000000014 75.59289460182147 947.00000000000011 2 843.21428571428589 647.21428571428589 0.91248814248966237 6.2750000000000012 3 0.099999999999986697 23.175000000000004 1450.5000000000002
decision_type=2 9 2 2 2 2 2 2 2 2 2 2 2 2 2 2 9 2 2 2 2 9 2 2 2 2 9 2 2 2
left_child=1 2 3 10 5 6 -2 23 19 16 -1 18 -13 -8 -5 -16 17 -7 -10 -9 -18 22 -11 -3 28 26 27 -26 29 -6
right_child=4 7 -4 14 24 9 13 8 11 21 -12 12 -14 -15 15 -17 20 -19 -20 -21 -22 -23 -24 -25 25 -27 -28 -29 -30 -31
leaf_value=-2.2500286242345164 -1.6175585428097288 -0.46838165109734353 0.93001261163943949 -1.5892216906581089 -0.049526915140736226 -0.76542575125093304 -1.1837994201613775 0.034960049837669954 -0.35300277933030422 -0.16747260194191199 -0.97448590602896423 -0.50911428277212223 -1.3457234173029573 0.15496830116548896 -0.30715241416886169 -2.1541343650421032 -0.35227448698692715 -0.25075022517512308 -1.3844265701761205 -0.89252534222941637 0.14238232011125904 0.52866431923914736 0.28613258316359225 0.23508810061812796 -0.31534674180560485 1.8795127543830321 0.54429181542341876 -1.6653452996958211 3.264236154960976 2.6121273221002888
leaf_weight=111 74 56 41 44 648 67 64 99 31 116 57 142 128 54 82 69 190 40 249 132 128 1214 386 196 63 840 220 48 6983 3247
leaf_count=111 74 56 41 44 648 67 64 99 31 116 57 142 128 54 82 69 190 40 249 132 128 1214 386 196 63 840 220 48 6983 3247
internal_value=7.39254e-05 -0.00224722 -0.00397108 -0.00458379 0.000306682 -0.000262853 -0.00344041 -0.00150718 -0.00203261 1.89076e-05 -0.00672189 -0.00254991 -0.00175277 -0.00143697 -0.00266582 -0.0019375 -0.000839202 -0.00191949 -0.00327402 -0.000752155 -0.000367781 0.000237624 -7.60234e-05 2.37154e-05 0.000417801 0.000175341 -0.000435241 -0.00192213 0.000442964 0.000356135
internal_weight=15819 1437 404 363 14382 2333 192 1033 781 2141 168 550 270 118 195 151 425 107 280 231 318 1716 502 252 12049 1171 331 111 10878 3895
internal_count=15819 1437 404 363 14382 2333 192 1033 781 2141 168 550 270 118 195 151 425 107 280 231 318 1716 502 252 12049 1171 331 111 10878 3895
cat_boundaries=0 1 2 3 4
cat_threshold=561153 1158144 90820 3216401
is_linear=0
shrinkage=0.01


Tree=41
num_leaves=31
num_cat=3
split_feature=10 0 10 6 13 15 14 14 13 15 0 12 0 14 15 16 19 33 19 13 10 15 18 15 33 28 14 34 12 15
split_gain=83.8947 14.3601 11.192 21.3992 9.23427 13.517 7.05887 5.85987 5.06964 4.6088 4.12074 3.80236 3.64255 4.06762 3.9824 3.12823 3.10782 2.97381 2.02575 1.23279 0.914511 2.29201 1.83396 2.40447 0.814537 0.813424 0.760933 0.64632 0.609024 0.594299
threshold=767.50000000000011 0 1042.9285714285718 2.5000000000000004 1564.6117144109583 -0.9292178835113839 0.95752911693909493 0.97696484778429815 1905.6241626421563 0.29958852271690523 1 1234.866666666667 2 0.65883702558178847 -0.57077231802681661 0.97872324816535838 4.3500000000000014 6.9499999999999975 1.9499999999999933 1824.2304683505474 1332.214285714286 0.2332836900311728 0.099999999999986697 0.94909129669788206 1.0499999999999967 24.225000000000005 -0.47558551945199218 6.5500000000000007 901.93333333333351 0.054805126479326886
decision_type=2 9 2 2 2 2 2 2 2 2 9 2 9 2 2 2 2 2 2 2 2 2 2 2 2 2 2 2 2 2
left_child=1 4 3 11 5 -1 12 24 10 17 -9 15 -3 -14 -15 -2 19 -7 -6 27 21 -4 26 -24 28 -17 -23 -8 -5 -10
right_child=2 6 20 7 18 9 16 8 29 -11 -12 -13 13 14 -16 25 -18 -19 -20 -21 -22 22 23 -25 -26 -27 -28 -29 -30 -31
leaf_value=0.67478244879684912 -1.5793070584517817 0.018578672455835624 1.3058110320288216 -0.037271835476183707 -0.047178146374627222 -2.0115710897012891 -1.4856858009937934 -0.40973921023071319 0.13544531354424943 -1.4037348078182217 -1.3635781724619755 -0.92264886662910583 -0.043273686742098895 -0.96972814975384181 -0.72657391954208594 -1.5428497258036276 -1.5268958624928406 -1.5839923190312777 -2.3586101208393333 -0.18742650638732028 3.1266747713256753 -0.35401238010001496 -0.78715375561464174 2.438838490541984 0.52813788902483272 -1.211582482682618 0.31968989151419164 -1.4805593166590456 0.68281460524203452 -0.30284872988653766
leaf_weight=37 31 218 1968 279 59 161 78 113 144 46 150 34 135 72 147 38 128 30 34 32 9807 40 139 72 956 31 533 64 165 78
leaf_count=37 31 218 1968 279 59 161 78 113 144 46 150 34 135 72 147 38 128 30 34 32 9807 40 139 72 956 31 533 64 165 78
internal_value=7.89823e-05 -0.00241506 0.000292133 -0.000396287 -0.00409127 -0.00513818 -0.00163051 -0.000115323 -0.00106481 -0.00601471 -0.00200189 -0.00424444 -0.000966841 -0.00156986 -0.00245682 -0.00524752 -0.00290099 -0.00674219 -0.00131383 -0.00190286 0.000403623 0.000234653 -0.000214013 -0.00101179 0.000206995 -0.00650714 6.35889e-05 -0.0023007 -0.000130337 4.48432e-06
internal_weight=15819 1241 14578 2019 367 274 874 1885 485 237 263 134 572 354 219 100 302 191 93 174 12559 2752 784 211 1400 69 573 142 444 222
internal_count=15819 1241 14578 2019 367 274 874 1885 485 237 263 134 572 354 219 100 302 191 93 174 12559 2752 784 211 1400 69 573 142 444 222
cat_boundaries=0 1 2 3
cat_threshold=561153 532696 1132706
is_linear=0
shrinkage=0.01


Tree=42
num_leaves=31
num_cat=3
split_feature=10 0 10 7 32 12 14 19 14 12 19 14 0 10 10 20 20 24 10 15 18 7 12 7 14 11 34 10 34 0
split_gain=79.507 13.7855 10.8963 24.8714 8.69667 9.09182 7.41601 6.17689 5.30222 4.61818 4.61582 4.01475 3.35047 3.27115 1.49634 2.52249 1.1528 0.979363 0.905328 2.26799 1.84 2.42053 0.869271 0.865607 0.751939 0.617547 0.507812 0.387595 0.78887 0.351061
threshold=767.50000000000011 0 1042.9285714285718 49.500000000000007 2.2000000000000157 743.96666666666681 0.69056404122701587 0.69999999999999962 0.94704596667653973 663.01666666666677 0.69999999999999962 0.97112537654464559 1 929.21428571428589 635.78571428571433 25.346428571428579 29.76071428571429 795.50000000000011 1323.5000000000002 0.2332836900311728 0.099999999999986697 346.50000000000006 641.93333333333351 148.50000000000003 -0.47558551945199218 78.919036179492466 5.995000000000001 854.357142857143 7.0050000000000008 2
decision_type=2 9 2 2 2 2 2 2 2 2 2 2 9 2 2 2 2 2 2 2 2 2 2 2 2 2 2 2 2 9
left_child=1 4 3 10 5 -1 22 14 27 26 -2 -11 13 -10 15 -8 -7 -14 19 29 24 -22 23 -3 -21 -16 -9 28 -5 -4
right_child=2 6 18 8 -6 16 7 9 12 11 -12 -13 17 -15 25 -17 -18 -19 -20 20 21 -23 -24 -25 -26 -27 -28 -29 -30 -31
leaf_value=-2.2079772079065019 -1.5385656769797456 -1.0915652742029613 0.0083325102378253042 0.39396574504431792 0.010302872577056326 -1.6739111461411811 -0.0018595425895674967 -0.63671217555218806 -1.4219490510466375 -0.58636974274324016 -0.40406238374993719 -1.4042710672795664 -0.45346544909081071 0.18955276464588339 -0.072291298269718682 -1.021124786848449 -2.3040917544540234 -0.034309292634602293 3.0633263174005738 -0.35047225629901474 -0.75984335784733514 2.3068646535503348 0.16538854591245111 -0.0021171417464272407 0.29105318775699152 -1.3178372540018923 -1.2419498997311731 0.79000942654439577 -0.030033702963897908 1.3679866503304337
leaf_weight=130 86 32 169 226 33 57 43 40 163 133 31 174 87 65 112 77 36 358 9870 40 131 69 144 58 523 119 53 897 106 1757
leaf_count=130 86 32 169 226 33 57 43 40 163 133 31 174 87 65 112 77 36 358 9870 40 131 69 144 58 523 119 53 897 106 1757
internal_value=8.53034e-05 -0.00234259 0.000292818 -0.000386386 -0.00442697 -0.0053058 -0.0017244 -0.00222673 -0.000104572 -0.00309227 -0.00484322 -0.0024237 -0.000821217 -0.00178243 -0.00120597 -0.00214876 -0.00269681 -0.000257675 0.000402826 0.000232156 -0.00022055 -0.00104478 -0.000140426 -0.000934066 5.58511e-05 -0.000665948 -0.00514362 0.000280081 0 0.00041671
internal_weight=15819 1241 14578 2019 256 223 985 751 1902 400 117 307 673 228 351 120 93 445 12559 2689 763 200 234 90 563 231 93 1229 332 1926
internal_count=15819 1241 14578 2019 256 223 985 751 1902 400 117 307 673 228 351 120 93 445 12559 2689 763 200 234 90 563 231 93 1229 332 1926
cat_boundaries=0 1 2 3
cat_threshold=528385 1133569 70144
is_linear=0
shrinkage=0.01


Tree=43
num_leaves=31
num_cat=3
split_feature=10 0 10 7 32 13 14 13 14 0 12 13 14 33 25 7 33 10 0 10 15 18 7 12 7 12 14 33 13 10
split_gain=78.098 13.6165 10.6046 24.9842 8.55593 10.625 7.22334 8.35213 5.11009 4.46883 4.21641 4.1716 3.10543 2.97108 2.84816 2.06488 1.89793 1.63975 1.10989 0.939754 2.23123 1.84 2.42053 0.869271 0.865607 0.856924 0.751939 0.738554 0.7202 0.656794
threshold=767.50000000000011 0 1042.9285714285718 49.500000000000007 2.2000000000000157 1564.6117144109583 0.69056404122701587 1471.8172171018948 0.97696484778429815 1 1234.866666666667 1905.6241626421563 0.95752911693909493 0.19999999999999471 927.50000000000011 79.500000000000014 0.69999999999999962 975.07142857142867 2 1323.5000000000002 0.2332836900311728 0.099999999999986697 346.50000000000006 641.93333333333351 148.50000000000003 912.08333333333337 -0.47558551945199218 1.0499999999999967 1738.893200549451 843.21428571428589
decision_type=2 9 2 2 2 2 2 2 2 9 2 2 2 2 2 2 2 2 9 2 2 2 2 2 2 2 2 2 2 2
left_child=1 4 3 10 5 15 23 14 27 25 17 -11 18 -14 16 -1 -8 -2 -9 20 -4 26 -23 24 -3 -10 -22 29 -7 -5
right_child=2 6 19 8 -6 28 7 12 9 11 -12 -13 13 -15 -16 -17 -18 -19 -20 -21 21 22 -24 -25 -26 -27 -28 -29 -30 -31
leaf_value=-1.1716166450947225 -1.5890487711382937 -1.080649621460932 1.2524047255006303 -0.12886230204062357 0.010199843851285471 -2.3876890732672749 -1.3106258731539482 -0.64143894080900266 -0.446393042509027 -1.4006764738162578 -1.0004674590481013 -0.093119679883036197 0.081778679495971007 -1.3963452263833294 -0.97081228625880867 -2.1858974358274366 -1.5134749548550475 -0.89994773719779031 -0.011255752821191982 3.0326930542265682 -0.3469675337360249 -0.75224492426886191 2.283796007014832 0.16373466045332621 -0.0020959703289627112 0.13315942315216064 0.28814265587942123 0.52051435427785031 -0.15726129625415083 0.37947671064745159
leaf_weight=30 51 32 1926 184 33 31 58 125 60 135 30 72 44 191 67 130 116 36 150 9870 40 131 69 144 58 218 523 958 32 275
leaf_count=30 51 32 1926 184 33 31 58 125 60 135 30 72 44 191 67 130 116 36 150 9870 40 131 69 144 58 218 523 958 32 275
internal_value=8.78319e-05 -0.00231844 0.000293504 -0.000376485 -0.00438951 -0.00526116 -0.00170432 -0.00220013 -9.4062e-05 -0.00098251 -0.00484322 -0.00204817 -0.00143836 -0.00229873 -0.00375826 -0.00664596 -0.00447429 -0.00598295 -0.000661232 0.00040203 0.000228439 -0.00022055 -0.00104478 -0.000140426 -0.000934066 -7.26643e-05 5.58511e-05 0.000203456 -0.00153906 -0.000109783
internal_weight=15819 1241 14578 2019 256 223 985 751 1902 485 117 207 510 235 241 160 174 87 275 12559 2689 763 200 234 90 278 563 1417 63 459
internal_count=15819 1241 14578 2019 256 223 985 751 1902 485 117 207 510 235 241 160 174 87 275 12559 2689 763 200 234 90 278 563 1417 63 459
cat_boundaries=0 1 2 3
cat_threshold=528385 532730 2108496
is_linear=0
shrinkage=0.01


Tree=44
num_leaves=31
num_cat=3
split_feature=10 0 10 7 32 13 10 17 13 7 19 0 10 25 33 19 7 28 11 12 12 7 13 33 10 24 0 19 25 20
split_gain=75.4271 12.1232 10.715 20.6479 8.00442 9.54511 7.99034 7.12795 8.50512 5.02212 3.87245 3.67934 3.77071 2.84816 2.68003 2.47481 2.33177 1.75787 1.61344 1.02948 0.869271 0.865607 0.7202 0.639709 0.632503 3.49201 3.73575 2.6125 0.694136 0.667125
threshold=767.50000000000011 0 1087.6428571428576 49.500000000000007 2.2000000000000157 1564.6117144109583 1003.357142857143 0.052657569964411031 1471.8172171018948 101.50000000000001 3.9499999999999935 1 929.21428571428589 927.50000000000011 0.39999999999999963 0.74999999999999656 79.500000000000014 29.025000000000002 103.05199700676442 912.08333333333337 641.93333333333351 148.50000000000003 1738.893200549451 1.0499999999999967 1614.6428571428576 1976.9000000000003 2 0.69999999999999962 2050.5000000000005 22.710714285714293
decision_type=2 9 2 2 2 2 2 2 2 2 2 9 2 2 2 2 2 2 2 2 2 2 2 2 2 2 9 2 2 2
left_child=1 4 3 6 5 16 -2 8 13 11 17 19 -13 15 -8 -3 -1 -10 -12 -5 21 -9 -7 -11 25 29 27 -27 -28 -4
right_child=2 7 24 9 -6 22 14 20 10 23 18 12 -14 -15 -16 -17 -18 -19 -20 -21 -22 -23 -24 -25 -26 26 28 -29 -30 -31
leaf_value=-1.1599004786437759 -1.5568315529028747 -0.99775518514282246 0.15225732018698965 -0.4379037668013927 0.010097845412772507 -2.3638121825346015 -1.078438221764805 -1.069843125246323 -0.31172907803288319 -0.0068176798552926268 -1.0767164886288665 -1.1988951715532341 -0.32798567318115562 -0.96110416339622051 0.17491668412605754 -1.5451541958574149 -2.1640384614691621 -1.1008772423916686 -1.2546487980591885 0.11945937088369593 0.16209731384879306 -0.0020750106256734752 -0.15568868329160876 0.67400872065371853 3.9850449488732402 -0.22840069070683669 -0.69188338516259795 -1.1211643816927557 0.73213060471460267 1.9455974189417859
leaf_weight=30 74 58 791 81 33 31 47 32 227 498 47 155 102 67 48 116 130 200 36 253 144 58 32 1148 7857 39 108 63 190 3124
leaf_count=30 74 58 791 81 33 31 47 32 227 498 47 155 102 67 48 116 130 200 36 253 144 58 32 1148 7857 39 108 63 190 3124
internal_value=8.65676e-05 -0.00227818 0.000288703 -0.000318654 -0.0042397 -0.00508259 -0.00367941 -0.00169428 -0.00218684 -5.87578e-05 -0.00141879 -0.000852196 -0.00172201 -0.00375826 -0.00158854 -0.00447429 -0.00639752 -0.000996495 -0.00343452 -9.56522e-05 -0.000140426 -0.000934066 -0.00153906 0.000220401 0.000409595 0.00030526 -0.000573566 -0.00211504 0 0.000397727
internal_weight=15819 1241 14578 2406 256 223 169 985 751 2237 510 591 257 241 95 174 160 427 83 334 234 90 63 1646 12172 4315 400 102 298 3915
internal_count=15819 1241 14578 2406 256 223 169 985 751 2237 510 591 257 241 95 174 160 427 83 334 234 90 63 1646 12172 4315 400 102 298 3915
cat_boundaries=0 1 2 3
cat_threshold=528385 532734 3675136
is_linear=0
shrinkage=0.01


Tree=45
num_leaves=31
num_cat=0
split_feature=10 14 12 10 7 12 14 13 7 14 10 11 13 28 14 11 11 11 14 34 25 26 23 20 25 13 10 11 12 13
split_gain=75.0181 14.9416 20.8096 8.68402 20.8167 7.53815 5.17405 5.43848 4.83097 3.79863 3.53799 3.23234 3.09181 2.10162 1.95592 1.2464 1.65711 0.983063 0.982014 2.17059 1.37779 1.8306 0.611493 0.444773 1.49146 0.889598 0.617017 0.353444 0.302465 0.256846
threshold=793.07142857142867 0.69056404122701587 652.60000000000014 1087.6428571428576 49.500000000000007 1258.0666666666668 0.95752911693909493 1627.6599282296654 38.500000000000007 0.95752911693909493 607.28571428571433 81.467200528214576 1905.6241626421563 28.825000000000006 0.98667101781630195 162.56866681059333 76.861966506011413 85.91246929834243 0.91248814248966237 6.2750000000000012 2250.5000000000005 26.025000000000002 550.50000000000011 23.146428571428576 1425.0100000000002 1706.0580246913582 1171.5000000000002 103.05199700676442 623.35000000000014 1439.8523923974576
decision_type=2 2 2 2 2 2 2 2 2 2 2 2 2 2 2 2 2 2 2 2 2 2 2 2 2 2 2 2 2 2
left_child=1 10 13 4 5 8 15 27 -2 -6 22 -9 17 14 -3 16 -4 -11 23 20 21 -20 -1 24 25 -5 -26 -8 -15 -12
right_child=3 2 6 18 9 -7 7 11 -10 12 29 -13 -14 28 -16 -17 -18 -19 19 -21 -22 -23 -24 -25 26 -27 -28 -29 -30 -31
leaf_value=-0.96322529102188315 -1.2306001290211359 -1.377188161789735 -0.41609024773832398 -0.2687316589997657 0.44996485101788253 -0.27151504926249415 -1.786743816120862 0.13011942271161775 -1.6156780779787574 0.12230285090155661 -0.066877256939522442 -1.1527661178216133 0.083858345049339339 -2.0351533725532356 -1.6177394010171486 0.12557056593438151 -1.5038002691554055 -0.70953870981212375 -1.7063120764446982 1.7428558676312318 0.075991805569585374 0.21186959844716588 -0.42094315512014208 3.170213407495504 -0.22982687767335486 1.9178747380930463 2.5284112169427906 -1.8232804718351623 -2.1243396778752439 0.17747081185245414
leaf_weight=35 39 67 237 410 1452 52 133 69 77 42 129 125 269 57 30 43 146 253 96 867 170 68 30 7157 104 216 3071 126 44 162
leaf_count=35 39 67 237 410 1452 52 133 69 77 42 129 125 269 57 30 43 146 253 96 867 170 68 30 7157 104 216 3071 126 44 162
internal_value=8.54408e-05 -0.00209449 -0.00268228 0.000304064 -0.000273684 -0.00364497 -0.00200057 -0.00276101 -0.00505983 3.9663e-06 -0.000285714 -0.0014 -0.000686726 -0.00563317 -0.00419898 -0.00116393 -0.00135026 -0.00139358 0.000408676 0.000125208 -0.000546269 -0.0012 -0.00238636 0.000438817 0.000342057 -9.09091e-05 0.000430573 -0.00373269 -0.00685784 0.000155822
internal_weight=15776 1433 1077 14343 2184 168 879 453 116 2016 356 194 564 198 97 426 383 295 12159 1201 334 164 65 10958 3801 626 3175 259 101 291
internal_count=15776 1433 1077 14343 2184 168 879 453 116 2016 356 194 564 198 97 426 383 295 12159 1201 334 164 65 10958 3801 626 3175 259 101 291
is_linear=0
shrinkage=0.01


Tree=46
num_leaves=31
num_cat=0
split_feature=12 15 13 7 12 16 33 7 17 25 28 12 7 33 25 18 32 18 18 33 21 33 12 13 20 32 12 24 16 25
split_gain=57.2346 27.8702 17.3136 7.5955 14.3423 22.8474 6.24594 5.19817 3.57475 3.82225 3.54375 3.13313 1.85568 2.35206 3.46444 1.7795 3.95837 1.65271 1.49882 1.9348 1.36769 1.14211 0.890861 1.03923 0.581365 0.398636 1.06983 1.56469 3.21745 0.372982
threshold=806.23333333333346 -0.72694848937061807 1516.9172005800544 111.50000000000001 1258.0666666666668 0.97872324816535838 0.2499999999999965 81.500000000000014 -0.91336200528690714 830.50000000000011 24.225000000000005 607.75000000000011 66.500000000000014 0.099999999999999964 1749.7900000000002 0.20000000000000892 0.70000000000000184 0.20000000000000182 0.29999999999998678 0.39999999999999963 1095.0000000000002 0.69999999999999962 1344.9000000000003 1688.9300060385788 23.410714285714292 0.60000000000001519 1887.2000000000003 1976.9000000000003 -0.91597725483594616 915.50000000000011
decision_type=2 2 2 2 2 2 2 2 2 2 2 2 2 2 2 2 2 2 2 2 2 2 2 2 2 2 2 2 2 2
left_child=1 11 6 4 5 15 -3 -8 9 24 -7 17 22 -14 -15 20 -17 -1 19 -10 -2 -9 23 -6 -4 26 27 29 -29 -5
right_child=3 2 8 25 12 10 7 21 18 -11 -12 -13 13 14 -16 16 -18 -19 -20 -21 -22 -23 -24 -25 -26 -27 -28 28 -30 -31
leaf_value=-0.9125450734461924 -0.43417251545041075 -0.33902534496063169 -0.74724255311037102 -0.031086984692980293 0.21250412079320544 -1.5359141144305124 -0.72025223292733043 -1.7867798281952134 -0.019442789885788327 -1.826526668862428 -1.5097931516692462 0.12226344434552278 0.76064552033605082 2.0675915757192809 -0.65074693275863582 -1.3751799105405222 -0.44787486167351859 -0.044382271044057668 0.0040733906912892217 -1.0118121309935979 0.64016130800776527 -1.9369571198014961 2.1595560242455791 -0.33776284650856858 -1.2766720205562438 2.5504846581168157 5.4522461908933053 -0.95203199506268432 0.39083539528716194 0.48426879540294687
leaf_weight=42 592 35 30 248 173 49 60 68 73 43 40 427 554 295 526 64 77 30 96 144 156 202 2243 42 52 6614 1803 43 68 887
leaf_count=42 592 35 30 248 173 49 60 68 73 43 40 427 554 295 526 64 77 30 96 144 156 202 2243 42 52 6614 1803 43 68 887
internal_value=8.861e-05 -0.00191788 -0.00307027 0.000269914 -5.28886e-05 -0.00113483 -0.00469262 -0.00512085 -0.00168793 -0.00315476 -0.00595 -4.1e-05 0.000220788 -6.72238e-05 -0.000413017 -0.000635393 -0.00168662 -0.0019726 -0.0010621 -0.00152064 -0.000421896 -0.00573801 0.000385929 -0.000196759 -0.0016747 0.000431654 0.000326066 9.06175e-05 -0.00102232 0.000209067
internal_weight=15776 1302 803 14474 4811 978 365 330 438 125 89 499 3833 1375 821 889 141 72 313 217 748 270 2458 215 82 9663 3049 1246 111 1135
internal_count=15776 1302 803 14474 4811 978 365 330 438 125 89 499 3833 1375 821 889 141 72 313 217 748 270 2458 215 82 9663 3049 1246 111 1135
is_linear=0
shrinkage=0.01


Tree=47
num_leaves=31
num_cat=4
split_feature=12 14 12 14 14 7 12 22 0 12 19 15 12 12 0 11 25 18 22 0 11 32 11 20 25 0 16 22 32 12
split_gain=54.4247 25.1163 14.3421 9.05006 7.34423 5.64385 29.431 4.72983 3.36323 3.012 2.56655 2.52927 2.45757 2.35189 2.19569 2.19048 1.9936 1.65271 1.08159 0.868706 0.695366 0.624837 0.484021 0.466547 1.39911 1.35987 1.30143 0.37549 0.345681 0.303826
threshold=806.23333333333346 0.69056404122701587 623.35000000000014 0.59177612190863982 0.97112537654464559 47.500000000000007 1258.0666666666668 1002.0000000000001 0 607.75000000000011 0.74999999999999656 -0.28519997588938989 1344.9000000000003 715.91666666666686 1 68.443579004830653 1749.7900000000002 0.20000000000000182 650.50000000000011 2 83.719486186208201 3.1000000000000183 110.33153499920104 22.960714285714293 1400.5000000000002 3 -0.93881210897455081 1200.5000000000002 0.20000000000000182 641.93333333333351
decision_type=2 2 2 2 2 2 2 2 9 2 2 2 2 2 9 2 2 2 2 9 2 2 2 2 2 9 2 2 2 2
left_child=1 9 10 23 8 6 20 11 -4 17 -3 19 -8 -10 16 -13 -9 -1 22 -7 -5 -20 -6 24 25 26 -2 -26 29 -11
right_child=3 2 4 5 18 7 12 14 13 28 -12 15 -14 -15 -16 -17 -18 -19 21 -21 -22 -23 -24 -25 27 -27 -28 -29 -30 -31
leaf_value=-0.90341962271173093 -0.6579874104883533 -1.41597625440567 0.068706293746674529 -1.1111089067208344 -1.9269436023451787 -0.56520040238020697 -0.47536194526044662 1.0218993291707832 -0.97008601403464778 -0.8316926263455775 -2.0525750629989949 -0.0021258722851645769 4.4697458771114089 -0.64582938768278786 0.90883039069862914 -0.65284034075593456 -0.56784625301157543 -0.043938448333617527 -1.6287487401254341 0.50687131986755529 -1.626207162992801 -0.29323635413181842 -1.9155395022186796 2.8460700729393209 0.022293833644720866 0.515229831994784 -0.1800421407332084 2.4450488154763161 0.49876598563261554 0.012636217941428154
leaf_weight=42 73 30 103 34 53 131 55 327 148 44 54 206 315 162 2045 493 469 30 170 323 55 34 49 6662 205 325 183 2573 285 98
leaf_count=42 73 30 103 34 53 131 55 327 148 44 54 206 315 162 2045 493 469 30 170 323 55 34 49 6662 205 325 183 2573 285 98
internal_value=9.2413e-05 -0.00186416 -0.00295833 0.000269223 -0.00247292 -0.000104064 -0.00115326 1.42678e-05 -0.00155435 -8.1e-05 -0.00691765 -0.000522964 6.73855e-05 -0.0020405 0.000235925 -0.000900714 -0.000200743 -0.0019726 -0.00367101 3.73626e-05 -0.00628333 -0.00306341 -0.00474757 0.000436091 0.000330208 -0.000102234 -0.000644195 0.000424253 0.000218458 -0.000132867
internal_weight=15776 1302 803 14474 719 4453 459 3994 413 499 84 1153 370 310 2841 699 796 72 306 454 89 204 102 10021 3359 581 256 2778 427 142
internal_count=15776 1302 803 14474 719 4453 459 3994 413 499 84 1153 370 310 2841 699 796 72 306 454 89 204 102 10021 3359 581 256 2778 427 142
cat_boundaries=0 1 2 3 4
cat_threshold=1067138 3481088 28736 3677186
is_linear=0
shrinkage=0.01


Tree=48
num_leaves=31
num_cat=0
split_feature=10 14 12 10 6 19 11 33 13 14 13 28 11 12 19 11 11 34 32 14 32 24 12 13 20 25 16 10 24 10
split_gain=67.3757 12.458 17.4896 8.01515 17.8273 7.39969 6.45055 6.31018 5.14379 3.41697 3.24888 2.8349 2.68387 2.62833 2.56655 1.93232 1.31578 1.30262 1.08131 0.891212 2.17684 2.27052 2.34008 0.584722 0.473207 1.54313 0.892894 0.727014 0.457174 0.366445
threshold=793.07142857142867 0.69056404122701587 623.35000000000014 1087.6428571428576 2.5000000000000004 5.9499999999999975 155.21129823605915 0.39999999999999963 1578.723381342166 0.95752911693909493 1905.6241626421563 24.225000000000005 74.801324154316362 607.75000000000011 0.74999999999999656 133.82477792326938 93.795622960376008 6.5500000000000007 1.6000000000000154 0.91248814248966237 0.099999999999982256 1849.7150000000004 1947.116666666667 1439.8523923974576 23.146428571428576 1425.0100000000002 -0.93881210897455081 1316.0000000000002 3395.0000000000005 707.21428571428589
decision_type=2 2 2 2 2 2 2 2 2 2 2 2 2 2 2 2 2 2 2 2 2 2 2 2 2 2 2 2 2 2
left_child=1 13 14 4 5 6 11 12 15 -6 18 -2 -4 17 -3 -9 -10 -1 -11 24 28 -22 -23 -14 25 26 -5 -27 -21 -15
right_child=3 2 7 19 9 -7 -8 8 16 10 -12 -13 23 29 -16 -17 -18 -19 -20 20 21 22 -24 -25 -26 27 -28 -29 -30 -31
leaf_value=-0.38151185621762124 -1.5693853803004505 -1.4018164918616132 0.028131453269529087 -0.29001822640004959 0.43539740961736656 2.321757522263062 -0.050701111041830026 -1.4379979350045815 -0.33774773192657875 -0.77694217368300955 0.086918077197861515 -1.2726758795189579 -0.97198450046315454 -0.037076756393564003 -2.0320493123690047 -2.8897721232088087 -1.5270245195022802 -0.9096902758960681 -0.11170371450781504 1.0039615503825627 0.36432912307191528 -1.7161084279415624 -0.22676666028726278 -1.2248264105004711 3.1140371003220437 -0.016868233737511767 0.39081688808838361 3.1014697823574604 -0.50980679681482677 0.49312680502676531
leaf_weight=31 81 30 148 146 1435 42 30 295 138 220 269 32 31 108 54 31 171 39 75 911 130 57 69 179 7157 286 480 2889 34 178
leaf_count=31 81 30 148 146 1435 42 30 295 138 220 269 32 31 108 54 31 171 39 75 911 130 57 69 179 7157 286 480 2889 34 178
internal_value=9.68499e-05 -0.00196897 -0.00250603 0.000304064 -0.000250801 -0.00321237 -0.00429514 -0.0021162 -0.00272406 1.975e-05 -0.000633628 -0.00538158 -0.00100557 -0.000313725 -0.00691765 -0.00362997 -0.00172742 -0.00204225 -0.0013598 0.000404564 0.000133527 -0.000669261 -0.00162992 -0.00172986 0.000433342 0.000334166 -0.000106858 0.000424276 0.000362051 8.01394e-05
internal_weight=15776 1433 1077 14343 2184 185 143 993 635 1999 564 113 358 356 84 326 309 70 295 12159 1201 256 126 210 10958 3801 626 3175 945 286
internal_count=15776 1433 1077 14343 2184 185 143 993 635 1999 564 113 358 356 84 326 309 70 295 12159 1201 256 126 210 10958 3801 626 3175 945 286
is_linear=0
shrinkage=0.01


Tree=49
num_leaves=31
num_cat=3
split_feature=10 0 10 7 19 7 13 14 13 7 7 14 14 13 11 0 19 10 14 0 19 33 13 22 13 14 32 24 26 25
split_gain=65.6923 13.0213 7.99506 20.367 8.79645 7.30213 10.56 7.01508 5.97073 4.65357 4.63808 4.53927 3.26646 3.10525 2.84386 2.23892 1.97755 1.78441 0.946169 2.23777 2.86489 3.48593 0.82495 0.805537 0.667115 0.652395 0.538307 0.444184 0.393751 1.35687
threshold=793.07142857142867 0 1087.6428571428576 49.500000000000007 0.79999999999999971 150.50000000000003 1562.0966182159186 0.69056404122701587 1471.8172171018948 127.50000000000001 81.500000000000014 0.9550229469509578 0.95752911693909493 1905.6241626421563 77.728158775767625 1 1.9499999999999933 1012.9285714285716 0.91248814248966237 2 0.69999999999999962 2.5499999999999932 1636.3253132832081 650.50000000000011 1908.753176382661 0.534952257794027 0.70000000000001517 2177.5000000000005 23.175000000000004 1425.0100000000002
decision_type=2 9 2 2 2 2 2 2 2 2 2 2 2 2 2 9 2 2 2 9 2 2 2 2 2 2 2 2 2 2
left_child=1 5 3 4 17 6 10 23 9 -9 -1 22 -5 15 -13 -14 -8 -2 28 20 24 -22 -10 25 -20 -3 -21 -28 29 -4
right_child=2 7 18 12 -6 -7 16 8 11 -11 -12 14 13 -15 -16 -17 -18 -19 19 26 21 -23 -24 -25 -26 -27 27 -29 -30 -31
leaf_value=-1.2298396884470681 -1.5838153824455894 -0.0025501283757677173 -0.032004700933246102 0.43060820241376813 -0.075205231978239195 -0.46387743473969018 -0.061549786691677079 -1.0171824830980034 -0.32509778447082743 -1.3145830087607724 -2.2743476062853993 -0.33912278399845447 -0.18830306863292531 0.086048896425882732 -1.4073525699711211 -0.99716935337276447 -2.1772344948376037 -0.75933126368017956 1.5462704582338254 1.0441588589994315 -1.7027222718947463 0.20971754185240513 0.065523878953765657 0.23101997923589943 -0.48784990540955941 -1.0351956275037961 0.29160327747516618 -0.54936667128068084 2.9839152726612985 2.3785047059319822
leaf_weight=43 65 60 605 1452 57 54 45 196 192 45 115 85 113 269 231 182 36 46 123 799 49 35 111 188 37 32 111 47 7073 3280
leaf_count=43 65 60 605 1452 57 54 45 196 192 45 115 85 113 269 231 182 36 46 123 799 49 35 111 188 37 32 111 47 7073 3280
internal_value=9.87514e-05 -0.00194107 0.000303367 -0.000250801 -0.0035858 -0.0038273 -0.00471042 -0.00139878 -0.0018583 -0.00322107 -0.0062327 -0.00130726 2.37977e-05 -0.000615929 -0.00215142 -0.00132601 -0.00157927 -0.00521875 0.000403742 0.000125208 -0.000698039 -0.00221176 -0.000389803 0 1.22634e-11 -0.000795699 0.00034969 -0.000132075 0.000433342 0.000342898
internal_weight=15776 1433 14343 2184 168 293 239 1140 860 241 158 619 2016 564 316 295 81 111 12159 1201 244 84 303 280 160 92 957 158 10958 3885
internal_count=15776 1433 14343 2184 168 293 239 1140 860 241 158 619 2016 564 316 295 81 111 12159 1201 244 84 303 280 160 92 957 158 10958 3885
cat_boundaries=0 1 2 3
cat_threshold=528385 524536 3477520
is_linear=0
shrinkage=0.01


Tree=50
num_leaves=31
num_cat=3
split_feature=21 14 13 7 14 20 25 21 19 33 19 14 13 0 32 22 34 0 25 13 32 21 18 13 13 11 0 33 20 25
split_gain=48.9152 13.1942 18.4546 8.31924 6.66783 5.40574 15.6572 6.18921 7.34809 5.12674 11.6672 4.00592 4.78444 2.75701 2.74721 2.69633 1.73912 1.71683 2.23463 1.66128 1.22965 1.20571 1.05184 1.35338 1.04006 0.686849 0.618033 1.33422 0.494717 1.54997
threshold=805.50000000000011 0.59177612190863982 1521.9847970594637 81.500000000000014 0.59177612190863982 23.88571428571429 1550.5000000000002 1269.8500000000001 6.2500000000000009 0.79999999999999971 6.2500000000000009 0.94425825643485939 1840.5025253150457 0 1.000000000000002 795.50000000000011 7.4350000000000014 1 1749.7900000000002 1685.2654000222544 1.7000000000000155 637.50000000000011 0.50000000000000189 1519.7847639724878 1471.8172171018948 129.99404689483515 2 0.79999999999999971 22.582142857142863 1450.5000000000002
decision_type=2 2 2 2 2 2 2 2 2 2 2 2 2 9 2 2 2 9 2 2 2 2 2 2 2 2 9 2 2 2
left_child=1 22 3 20 28 6 7 8 -6 21 -11 13 14 16 -13 19 -4 18 -17 -7 -3 -5 23 24 -1 -21 27 -8 29 -2
right_child=4 2 11 9 5 15 26 -9 -10 10 -12 12 -14 -15 -16 17 -18 -19 -20 25 -22 -23 -24 -25 -26 -27 -28 -29 -30 -31
leaf_value=-0.16765308732119596 -0.10384912102607179 -0.0071917663233041209 -0.29681258538107413 -1.3552129474267389 -1.4208152553792461 -1.1884104314078674 -0.85408934297790406 0.4027256012336739 -0.98213497614649359 -2.0527235850634411 -1.4520488638502902 -1.4595271467549071 -0.027142462678836129 0.015941790079867596 -0.00838114391491287 0.59606172431636739 -1.0618559908100349 0.47804784443476567 -0.61628035553820237 0.37121285516750568 -0.67845530509475094 -0.33411929377193356 0.8073126947632473 0.67626531336655704 -0.56563747630295436 -0.68524535357226624 2.9121172857335469 3.3927754218329866 2.7433598256513809 2.0645333956456127
leaf_weight=80 559 57 73 80 144 46 51 63 65 92 116 243 132 316 44 419 35 2254 474 57 57 73 261 77 32 78 380 80 7075 2313
leaf_count=80 559 57 73 80 144 46 51 63 65 92 116 243 132 316 44 419 35 2254 474 57 57 73 261 77 32 78 380 80 7075 2313
internal_value=9.87553e-05 -0.0014675 -0.00197195 -0.00355567 0.000296536 -4.00049e-05 -0.000788903 -0.00272527 -0.00355 -0.00430801 -0.00538756 -0.00106457 -0.0017631 -0.000348235 -0.00248785 0.000133373 -0.00164706 0.000204416 -0.000158739 -0.00104121 -0.00106957 -0.00275 0 -0.000555263 -0.00127434 -0.000386029 0.000225586 -0.00031338 0.00043662 0.00031535
internal_weight=15826 1768 1318 475 14058 4111 783 272 209 361 208 843 419 424 287 3328 108 3147 893 181 114 153 450 189 112 135 511 131 9947 2872
internal_count=15826 1768 1318 475 14058 4111 783 272 209 361 208 843 419 424 287 3328 108 3147 893 181 114 153 450 189 112 135 511 131 9947 2872
cat_boundaries=0 1 2 3
cat_threshold=2633752 3481088 3219457
is_linear=0
shrinkage=0.01


Tree=51
num_leaves=31
num_cat=0
split_feature=12 14 12 14 14 21 16 12 14 13 33 13 13 18 18 7 14 28 12 14 13 12 20 13 17 7 25 12 12 11
split_gain=48.7212 19.8618 15.6708 8.12565 6.90926 6.06114 18.1227 10.0527 3.6634 4.69159 3.57588 3.02424 1.94335 1.4784 1.36612 4.05464 1.98691 1.31001 1.15309 0.858776 0.844714 0.616391 0.576707 1.38744 2.77282 1.19022 0.453058 0.342518 0.236795 0.227711
threshold=806.23333333333346 0.59177612190863982 623.35000000000014 0.59177612190863982 0.97112537654464559 1111.5000000000002 0.97872324816535838 1234.866666666667 0.94138322595482449 1886.8514419260962 0.64999999999999303 1516.9172005800544 1600.9209540135041 3.9000000000000021 0.099999999999986697 49.500000000000007 0.9193901325473397 29.075000000000006 567.21666666666681 0.7210268013660811 1459.226270220538 770.85000000000014 23.017857142857149 1657.931421089693 0.44313120970497338 325.50000000000006 1913.0000000000002 835.96666666666681 652.60000000000014 126.58283564604126
decision_type=2 2 2 2 2 2 2 2 2 2 2 2 2 2 2 2 2 2 2 2 2 2 2 2 2 2 2 2 2 2
left_child=1 18 10 22 11 6 8 19 27 -10 -3 20 13 -6 29 -16 -17 -13 -1 -8 -4 -14 23 24 25 -2 -26 -5 -20 -7
right_child=3 2 4 5 12 14 7 -9 9 -11 -12 17 21 -15 15 16 -18 -19 28 -21 -22 -23 -24 -25 26 -27 -28 -29 -30 -31
leaf_value=-0.50062283680193909 -0.37572166732445661 -1.1543360238248122 -0.71478103399348469 -0.064982050192963159 -1.8654785273476551 2.2486190582525989 -1.2270683265369722 0.28538280980513164 -1.0831133930050976 0.051502835297868373 -2.0202670987298275 0.038276607470896389 -1.3818036064151569 -0.24590039548321102 -1.7318973613127602 2.8564117018469148 -0.62062632121044792 -0.54094930783378092 -0.034487849655990645 -1.4756184302751201 -0.76599339248854859 -0.5006542818323666 2.8817977263452836 2.7878859253328447 0.022879046364468209 -1.146517231912338 1.1107969850217323 0.14750439722557171 0.7025333223133241 0.34865717516166123
leaf_weight=31 128 35 101 81 203 991 50 39 383 361 76 120 38 37 30 423 244 211 106 35 55 32 6601 2339 444 30 450 727 268 1157
leaf_count=31 128 35 101 81 203 991 50 39 383 361 76 120 38 37 30 423 244 211 106 35 55 32 6601 2339 444 30 450 727 268 1157
internal_value=0.000105074 -0.00173782 -0.00255886 0.000272599 -0.00204449 -7.72888e-05 -0.000555754 -0.004224 -0.000253702 -0.000762416 -0.00611161 -0.00126332 -0.00323151 -0.00369295 0.00020116 -0.000174069 0 -0.000676205 8.00493e-05 -0.00613372 -0.00243312 -0.00147887 0.000431902 0.00031707 5.69802e-06 -0.00120126 0.000231285 0.000202719 0.000258667 0.000327594
internal_weight=15826 1313 908 14513 797 4521 1676 124 1552 744 111 487 310 240 2845 697 667 331 405 85 156 70 9992 3391 1052 158 894 808 374 2148
internal_count=15826 1313 908 14513 797 4521 1676 124 1552 744 111 487 310 240 2845 697 667 331 405 85 156 70 9992 3391 1052 158 894 808 374 2148
is_linear=0
shrinkage=0.01


Tree=52
num_leaves=31
num_cat=2
split_feature=21 14 13 21 0 32 16 14 19 14 13 14 7 0 14 19 7 21 7 19 20 13 17 34 24 22 14 24 11 24
split_gain=43.9508 13.0961 11.3894 16.4104 9.97262 12.0581 6.66459 6.10563 4.65309 4.0807 4.05127 3.76109 3.59348 1.92085 2.96554 3.26653 1.575 1.24961 4.38007 1.17322 0.637674 1.55888 2.57162 2.41326 0.572831 0.528047 0.436031 0.365658 0.329321 0.303331
threshold=695.50000000000011 0.59177612190863982 1643.5615951963152 1111.5000000000002 0 1.9000000000000021 0.97872324816535838 0.97112537654464559 0.39999999999999963 0.59177612190863982 1477.8363553701329 0.94704596667653973 40.500000000000007 1 0.9193901325473397 0.099999999999999964 81.500000000000014 1233.0000000000002 49.500000000000007 4.7499999999999982 23.017857142857149 1663.6049629227452 0.44313120970497338 4.0850000000000009 1610.5000000000002 577.50000000000011 0.80926549319045582 747.50000000000011 65.91841999967167 600.50000000000011
decision_type=2 2 2 2 9 2 2 2 2 2 2 2 2 9 2 2 2 2 2 2 2 2 2 2 2 2 2 2 2 2
left_child=4 20 3 6 5 27 7 -3 -8 -6 16 28 -5 14 26 -16 -11 18 -15 -13 21 22 23 -2 -24 -18 -4 -1 -12 -22
right_child=1 2 13 12 9 -7 8 -9 -10 10 11 19 -14 17 15 -17 25 -19 -20 -21 29 -23 24 -25 -26 -27 -28 -29 -30 -31
leaf_value=-2.0114417165639984 -0.73127824589981227 -0.28415657426565566 0.85624091767975319 -1.6987335222849771 0.002664493314799211 0.20223641894986233 -1.5509903005088881 -1.408700738917249 -0.11977313615746735 -0.67489142416647541 -0.32371710824249261 -1.1444671593360856 2.9663166976064104 -0.40581988716450246 0.12157005542029753 -0.91202241270449891 -1.067083941375375 1.0572183307227043 0.071204096007293591 -1.499316153304761 -0.04311980309385767 2.7921858053615107 -0.0099716596697555816 -0.41174866900020674 1.3264141373705605 -1.4177968814003246 -0.038416465645176701 -2.2822557957792315 0.15866524597600229 2.5048006793900912
leaf_weight=73 42 354 334 31 108 30 59 228 31 40 60 112 497 60 218 315 37 1376 1014 30 42 2307 409 119 513 122 326 30 90 6819
leaf_count=73 42 354 334 31 108 30 59 228 31 40 60 112 497 60 218 315 37 1376 1014 30 42 2307 409 119 513 122 326 30 90 6819
internal_value=0.000106337 0.000223054 -0.000204067 -0.00104913 -0.00228377 -0.00474653 -0.00208618 -0.00166209 -0.00467033 -0.00160738 -0.00202134 -0.00120819 0.000253308 7.17618e-05 -0.000252076 -0.000811798 -0.0031525 0.000233645 -1.2093e-05 -0.00237063 0.000425819 0.00030522 0 -0.00116975 0.0001961 -0.00362812 0.000181543 -0.00671635 -3.31126e-05 0.000483897
internal_weight=15826 15094 4843 1200 732 133 672 582 90 599 491 292 528 3643 1193 533 199 2450 1074 142 10251 3390 1083 161 922 159 660 103 150 6861
internal_count=15826 15094 4843 1200 732 133 672 582 90 599 491 292 528 3643 1193 533 199 2450 1074 142 10251 3390 1083 161 922 159 660 103 150 6861
cat_boundaries=0 1 2
cat_threshold=528384 3481089
is_linear=0
shrinkage=0.01


Tree=53
num_leaves=31
num_cat=4
split_feature=10 0 32 14 10 7 19 12 13 14 14 11 13 0 15 11 14 0 24 12 10 24 12 7 20 10 7 12 16 0
split_gain=57.5558 15.4604 8.00185 7.62217 7.39947 19.0306 7.96996 6.82217 5.46314 5.34914 2.9594 2.78096 2.5318 2.24055 2.23635 2.75542 1.53206 1.35558 0.955153 0.804286 0.675973 1.95077 2.06101 2.48985 1.14834 0.930003 0.642661 0.518252 0.460916 0.367414
threshold=793.07142857142867 0 1.9000000000000021 0.69056404122701587 1080.0714285714287 49.500000000000007 0.79999999999999971 875.45000000000016 1471.8172171018948 0.94704596667653973 0.9550229469509578 77.728158775767625 1905.6241626421563 1 -0.59867820553660911 143.18444574248625 0.63257020223555627 2 1253.0000000000002 652.60000000000014 1552.0000000000002 2125.5700000000002 1947.116666666667 329.50000000000006 22.667857142857148 1185.7857142857144 148.50000000000003 1282.1333333333334 -0.71504042705586657 3
decision_type=2 9 2 2 2 2 2 2 2 2 2 2 2 9 2 2 2 9 2 2 2 2 2 2 2 2 2 2 2 9
left_child=1 2 7 19 5 6 16 -1 14 17 27 -11 13 -12 -5 -16 -2 -10 -18 26 21 24 23 -23 25 -6 -3 29 -29 -7
right_child=4 3 -4 8 20 10 -8 -9 9 11 12 -13 -14 -15 15 -17 18 -19 -20 -21 -22 22 -24 -25 -26 -27 -28 28 -30 -31
leaf_value=-1.9897697730314809 -1.4032912341731305 -1.163236427647361 -0.1566332934758993 -1.6867922961380621 -0.43625085331940278 -0.019997090447929858 0.013550396262410036 -1.6169342849339068 -0.45525978617038937 -0.37405096242246966 -0.049117242031077278 -1.4257281146917107 0.070755450599308156 -1.0415180149400096 -0.93063725891760851 -2.8035640386405669 -1.5015729076930451 0.04169672803300245 -0.69597597136923195 0.45195311863231247 3.6610575292995744 -1.2839337877744503 0.023156196326887955 0.62278940530490534 1.5299707824611251 0.34107499861467716 -4.8664834133304028e-05 -0.22173375846483306 0.5383110957004773 0.59238269902180152
leaf_weight=103 35 41 30 46 147 184 48 36 117 93 112 286 280 176 182 46 46 196 31 191 8318 55 158 31 2955 574 81 40 47 1141
leaf_count=103 35 41 30 46 147 184 48 36 117 93 112 286 280 176 182 46 46 196 31 191 8318 55 158 31 2955 574 81 40 47 1141
internal_value=0.000113919 -0.00178468 -0.00458611 -0.00135698 0.000305932 -0.000233536 -0.00354037 -0.00586071 -0.00180662 -0.00130447 3.02877e-05 -0.00210658 -0.000572935 -0.00123183 -0.00302909 -0.00251528 -0.00499115 -0.000297771 -0.00591667 0 0.000401095 0.000285641 -0.000563265 -0.0018046 0.000344846 0 -0.000642276 0.000280255 -0.000414773 0.00033371
internal_weight=15826 1448 169 1279 14378 2140 160 139 966 692 1980 379 568 288 274 228 112 313 77 313 12238 3920 244 86 3676 721 122 1412 87 1325
internal_count=15826 1448 169 1279 14378 2140 160 139 966 692 1980 379 568 288 274 228 112 313 77 313 12238 3920 244 86 3676 721 122 1412 87 1325
cat_boundaries=0 1 2 3 4
cat_threshold=528384 524536 2105425 16452
is_linear=0
shrinkage=0.01


Tree=54
num_leaves=31
num_cat=4
split_feature=10 0 32 17 10 7 19 13 13 17 11 7 7 0 15 11 13 0 0 32 10 32 13 25 32 19 22 13 11 19
split_gain=55.9333 15.8039 8.00185 7.98657 7.24263 15.0715 7.72287 5.80047 5.66564 5.03305 3.01408 2.7324 2.70395 2.3941 2.23635 2.75542 2.09417 1.35558 0.643219 1.11535 1.25747 1.88798 0.715903 0.625118 0.58897 0.562669 0.449688 0.501722 0.266993 0.264755
threshold=793.07142857142867 0 1.9000000000000021 0.052657569964411031 1100.214285714286 49.500000000000007 0.79999999999999971 1562.0966182159186 1471.8172171018948 -0.79384213008979243 77.728158775767625 38.500000000000007 101.50000000000001 1 -0.59867820553660911 143.18444574248625 1908.753176382661 2 3 2.5999999999999934 1614.6428571428576 0.20000000000001514 2449.8630434782613 1497.0000000000002 1.4000000000000152 17.850000000000005 670.50000000000011 1419.0832770744794 56.267854060594352 1.5500000000000003
decision_type=2 9 2 2 2 2 2 2 2 2 2 2 2 9 2 2 2 9 9 2 2 2 2 2 2 2 2 2 2 2
left_child=1 2 7 8 5 6 11 -1 14 10 -10 -2 13 16 -3 -16 -7 -11 -6 20 21 -20 -22 -13 25 -14 27 28 -5 -15
right_child=4 3 -4 26 18 12 -8 -9 9 17 -12 23 24 29 15 -17 -18 -19 19 -21 22 -23 -24 -25 -26 -27 -28 -29 -30 -31
leaf_value=-1.971399840158498 -0.83999229769207684 -1.6699243731766817 -0.15506696054114008 -1.1746810099738674 2.3503734749130105 -0.9366793721040988 0.088495598304377823 -1.5009080898791591 -0.37031045279824548 -0.45070718830868578 -1.411470833544793 -1.3887812424637105 0.14238211287475219 0.19970813332448753 -0.92133088632843241 -2.7755283982541608 -0.0086696773513429554 0.041279760752672423 0.050816903503425478 2.6197715859283051 2.5203118383863941 -0.99574841864472552 -0.43339995172996004 -0.99937667448608558 0.96799600803672892 -0.19359709211304085 0.21803218243158537 0.045011793824928155 -0.028809698175861268 -0.2409803167398902
leaf_weight=99 38 46 30 30 7482 145 62 40 93 117 286 61 706 132 182 46 74 196 656 2111 1495 157 146 30 864 45 195 54 34 174
leaf_count=99 38 46 30 30 7482 145 62 40 93 117 286 61 706 132 182 46 74 196 656 2111 1495 157 146 30 864 45 195 54 34 174
internal_value=0.000114551 -0.00175707 -0.00458611 -0.00132597 0.000303846 -0.000203473 -0.00288802 -0.00586071 -0.00178594 -0.00127561 -0.00205395 -0.00427308 3.2695e-05 -0.000584601 -0.00302909 -0.00251528 -0.00135 -0.000297771 0.000402847 0.000299934 0.000149491 -0.000164005 0.000310901 -0.0052663 0.00023979 2.06117e-05 2.07006e-05 -0.000428571 -0.00104615 0
internal_weight=15826 1448 169 1279 14378 2331 191 139 966 692 379 129 2140 525 274 228 219 313 12047 4565 2454 813 1641 91 1615 751 313 118 64 306
internal_count=15826 1448 169 1279 14378 2331 191 139 966 692 379 129 2140 525 274 228 219 313 12047 4565 2454 813 1641 91 1615 751 313 118 64 306
cat_boundaries=0 1 2 3 4
cat_threshold=528384 1170433 2105425 188655
is_linear=0
shrinkage=0.01


Tree=55
num_leaves=31
num_cat=3
split_feature=21 14 21 13 0 32 16 14 14 16 13 7 12 25 0 24 14 16 28 12 22 13 26 13 16 21 24 0 13 22
split_gain=39.2688 12.7709 9.3181 9.35506 8.63627 12.5977 4.03262 4.41593 3.72637 4.30328 2.77837 2.4779 15.23 2.59619 1.66201 1.98662 1.53022 0.950723 1.84021 0.743682 0.631464 0.478028 0.4111 1.28614 1.87929 2.1302 0.635641 0.34153 0.318196 0.206878
threshold=695.50000000000011 0.59177612190863982 997.50000000000011 1645.8081581098152 0 1.0500000000000047 0.99049901459377832 0.96234642434711437 0.98522604642031408 -0.94388905186573491 1400.7628576443744 47.500000000000007 1336.7333333333336 1451.5000000000002 1 1800.5000000000002 0.91248814248966237 -0.60468929461279042 30.325000000000006 818.36666666666679 800.50000000000011 1477.8363553701329 22.975000000000005 1663.6049629227452 -0.92641089502887486 2125.5700000000002 1610.5000000000002 2 1511.5689194770894 747.50000000000011
decision_type=2 2 2 2 9 2 2 2 2 2 2 2 2 2 9 2 2 2 2 2 2 2 2 2 2 2 2 9 2 2
left_child=4 22 3 6 5 -1 7 -3 9 10 -6 12 13 -4 15 -13 21 27 -19 -18 -16 -11 23 24 25 -2 -26 -5 -12 -10
right_child=1 2 11 17 8 -7 -8 -9 29 16 28 14 -14 -15 20 -17 19 18 -20 -21 -22 -23 -24 -25 26 -27 -28 -29 -30 -31
leaf_value=-1.9517369347264608 -0.70301709562414394 -0.29148095335457969 -1.3349044896512601 -0.051020427864048035 -1.1587383931595931 0.083101356373010291 -1.3587794094855181 -1.3333905515721329 -1.4167566700714076 -0.27859285766818642 -0.55043720867144241 0.39664509712250956 4.3057784190582584 -0.92629799051625361 -1.0219034621556309 -0.77538441140021752 -1.4587152369474796 -0.18736970564518976 -0.86181508533608919 -0.032196366664286352 0.66495013077082565 0.16460506945326875 2.3305877396189074 2.9030943632314625 -0.030444246314235004 0.45015213789329084 1.3792893562597892 0.16107425021078764 -0.27843824133566913 -1.283405070747986
leaf_weight=93 43 273 56 113 32 36 33 231 43 123 30 262 323 50 76 230 120 379 90 49 2416 114 6928 2301 448 50 460 269 32 65
leaf_count=93 43 273 56 113 32 36 33 231 43 123 30 262 323 50 76 230 120 379 90 49 2416 114 6928 2301 448 50 460 269 32 65
internal_value=0.000121377 0.000232537 -0.000191483 -0.000882649 -0.0021294 -0.00446786 -0.00191729 -0.00165941 -0.00151212 -0.00113772 -0.00308421 8.68483e-05 -0.000617442 -0.0038972 0.000191625 -0.000326044 -0.00065602 -0.000216549 -0.00052234 -0.00138529 0.000298042 -9.03361e-05 0.000432509 0.000330306 2.04591e-05 -0.00131383 0.000169417 0.000133159 -0.00157143 -0.00326605
internal_weight=15768 15031 4801 1388 737 129 537 504 608 500 94 3413 429 106 2984 492 406 851 469 169 2492 237 10230 3302 1001 93 908 382 62 108
internal_count=15768 15031 4801 1388 737 129 537 504 608 500 94 3413 429 106 2984 492 406 851 469 169 2492 237 10230 3302 1001 93 908 382 62 108
cat_boundaries=0 1 2 3
cat_threshold=528384 3477504 12488
is_linear=0
shrinkage=0.01


Tree=56
num_leaves=31
num_cat=6
split_feature=10 14 0 10 7 33 12 13 14 14 19 0 21 13 34 0 0 14 0 19 34 13 10 20 25 0 12 22 7 12
split_gain=51.8781 10.9533 13.7311 6.50586 14.85 6.67136 5.803 3.58275 5.53017 2.88707 2.53818 2.29578 2.25173 2.12667 1.62145 1.56829 1.10976 1.0263 2.09662 2.61808 1.20589 0.989394 0.783889 0.564652 1.48996 1.5287 0.530766 0.513856 0.725538 0.441904
threshold=793.07142857142867 0.69056404122701587 0 1080.0714285714287 49.500000000000007 0.39999999999999963 652.60000000000014 1471.8172171018948 0.94704596667653973 0.9550229469509578 0.39999999999999963 1 546.50000000000011 1905.6241626421563 5.3050000000000006 2 3 0.8697513045430848 4 0.69999999999999962 5.2250000000000005 1937.8684139002137 1028.7857142857144 23.146428571428576 1450.5000000000002 5 875.45000000000016 670.50000000000011 146.50000000000003 2455.0500000000006
decision_type=2 2 9 2 2 2 2 2 2 2 2 9 2 2 2 9 9 2 9 2 2 2 2 2 2 9 2 2 2 2
left_child=1 12 6 4 5 22 -3 10 16 -6 -4 -10 -1 15 -12 -11 -9 23 19 -19 21 -20 -2 24 25 -5 -8 28 -14 -21
right_child=3 2 7 17 9 -7 26 8 11 13 14 -13 27 -15 -16 -17 -18 18 20 29 -22 -23 -24 -25 -26 -27 -28 -29 -30 -31
leaf_value=-0.74842487805131375 -1.3611056018704717 -1.9322195653842718 -0.86675600398997121 0.46409532030826833 0.41385385868201696 -0.092713741885230863 -1.0019100162606711 -0.39223374184772947 -0.3919355930075144 -0.15024923792430694 -0.18133627452687873 -1.4020040051017402 -0.96137020041437315 0.067445419807375478 -1.7082419588542717 -0.93370160780054778 0.028844670443306106 1.2231611945060947 -1.6322394941564755 -1.1794404841188628 0.59691622786474385 0.38596916020879746 -0.90111440532505183 3.2514455119194712 2.2027118536590042 -0.33148610941368412 -1.4401189527425788 0.22322982674891684 0.0054383942285256351 -0.44665822606648398
leaf_weight=30 64 53 94 358 1402 59 32 112 100 119 30 278 31 278 155 177 191 79 32 35 1394 34 31 6757 3144 329 33 201 104 32
leaf_count=30 64 53 94 358 1402 59 32 112 100 119 30 278 31 278 155 177 191 79 32 35 1394 34 31 6757 3144 329 33 201 104 32
internal_value=0.000124548 -0.00168028 -0.00218814 0.000307295 -0.000199437 -0.00318065 -0.00535659 -0.00170958 -0.00130425 2.93374e-05 -0.00271607 -0.00211346 -0.000155313 -0.000561739 -0.00342742 -0.00115152 -0.000258224 0.000396638 0.000151213 -0.000936306 0.000271924 -0.001 -0.00481771 0.000432902 0.000327636 -8.21221e-05 -0.00344697 5.34125e-05 -0.000386029 -0.00244853
internal_weight=15768 1444 1078 14324 2130 154 118 960 681 1976 279 378 366 574 185 296 303 12194 1606 146 1460 66 95 10588 3831 687 65 336 135 67
internal_count=15768 1444 1078 14324 2130 154 118 960 681 1976 279 378 366 574 185 296 303 12194 1606 146 1460 66 95 10588 3831 687 65 336 135 67
cat_boundaries=0 1 2 3 4 5 6
cat_threshold=528384 41026 524536 41041 2424832 123097
is_linear=0
shrinkage=0.01


Tree=57
num_leaves=31
num_cat=0
split_feature=10 14 12 10 7 19 14 19 19 14 34 13 10 10 13 13 19 14 11 12 20 18 19 20 25 17 29 10 12 24
split_gain=50.8009 9.86332 13.2544 6.15318 14.3495 6.28001 5.9315 5.53953 3.71166 2.65558 2.17661 1.89727 1.77834 1.77553 1.58231 1.82709 1.3679 1.12288 2.17852 1.32961 2.38655 0.6095 1.24319 0.566921 1.47147 1.45566 0.539002 0.48735 0.461239 0.424583
threshold=793.07142857142867 0.69056404122701587 623.35000000000014 1080.0714285714287 49.500000000000007 0.39999999999999963 0.95242846126021108 0.69999999999999962 0.099999999999999964 0.9550229469509578 5.2600000000000007 1905.6241626421563 1028.7857142857144 585.78571428571433 1477.8363553701329 1454.1710054641007 2.4499999999999971 0.88220160189607266 205.86634591635774 2075.9000000000005 25.853571428571431 1.8000000000000163 2.7499999999999969 23.146428571428576 1450.5000000000002 0.44313120970497338 29.875000000000004 1375.0714285714287 1265.6833333333336 3150.5000000000005
decision_type=2 2 2 2 2 2 2 2 2 2 2 2 2 2 2 2 2 2 2 2 2 2 2 2 2 2 2 2 2 2
left_child=1 13 7 4 5 12 14 -3 -8 -6 -10 16 -2 -1 15 -4 -11 23 21 20 -20 -19 -23 24 25 -5 -16 -26 -7 -21
right_child=3 2 6 17 9 28 8 -9 10 11 -12 -13 -14 -15 26 -17 -18 18 19 29 -22 22 -24 -25 27 -27 -28 -29 -30 -31
leaf_value=-0.65677086851775646 -1.3554373025576587 -1.221781777861896 -0.58542246593240888 -0.33954495545168928 0.40971532009519651 -0.37521790734637367 -0.36604356970811458 -1.7940355371612788 -0.48411764871462865 -0.898539160992472 -1.4912413524389834 0.066770965609301208 -0.9080162392625829 0.0083499435061257215 -0.23621845256738411 -0.71233016129754789 -0.34078588957380673 1.1207519859663584 -1.6026671179299459 0.22561825655841833 -0.071349726777712064 -0.72779000907951286 0.62083302359141002 3.1869676594846461 0.067585797477913323 0.5517808700749447 -0.47215002701792558 3.139799130370188 1.8765486297794698 -0.3092125486448436
leaf_weight=54 62 36 86 263 1402 32 70 57 68 112 388 278 30 312 239 32 184 1047 65 151 72 31 80 6852 337 424 102 2807 30 65
leaf_count=54 62 36 86 263 1402 32 70 57 68 112 388 278 30 312 239 32 184 1047 65 151 72 31 80 6852 337 424 102 2807 30 65
internal_value=0.000126451 -0.00165952 -0.0021418 0.000307295 -0.000185359 -0.00311613 -0.00178245 -0.00578191 -0.00251803 3.94537e-05 -0.00284902 -0.000526957 -0.00477419 -0.000209809 -0.00091413 -0.00194118 -0.00108418 0.000394178 0.000129299 -0.00054661 -0.00131522 0.000344262 -0.000308036 0.000430691 0.000325026 -8.21221e-05 -0.000524854 0.00041717 -0.000460317 -9.21658e-06
internal_weight=15768 1444 1078 14324 2130 154 985 93 526 1976 456 574 92 366 459 118 296 12194 1511 353 137 1158 111 10683 3831 687 341 3144 62 216
internal_count=15768 1444 1078 14324 2130 154 985 93 526 1976 456 574 92 366 459 118 296 12194 1511 353 137 1158 111 10683 3831 687 341 3144 62 216
is_linear=0
shrinkage=0.01


Tree=58
num_leaves=31
num_cat=3
split_feature=10 0 7 12 14 10 7 33 10 16 14 12 0 19 10 10 34 33 14 11 0 19 14 19 32 33 19 20 12 16
split_gain=49.0662 9.63874 6.96884 11.0559 6.16351 6.05505 13.7693 6.0324 2.9016 3.4562 2.65558 2.22907 1.90461 1.5196 1.51538 1.51245 1.20986 1.13615 1.12288 2.17852 2.93584 1.8355 1.00499 0.995427 0.720046 1.49988 0.660174 0.566921 1.4566 2.73473
threshold=793.07142857142867 0 137.50000000000003 663.01666666666677 0.97112537654464559 1080.0714285714287 49.500000000000007 0.39999999999999963 707.21428571428589 -0.94388905186573491 0.9550229469509578 678.23333333333346 1 0.099999999999999964 1021.5000000000001 607.28571428571433 5.2600000000000007 2.2499999999999933 0.88220160189607266 205.86634591635774 2 0.099999999999999964 0.94704596667653973 2.8499999999999939 1.8000000000000163 2.7499999999999969 1.8499999999999932 23.146428571428576 1887.2000000000003 -0.93881210897455081
decision_type=2 9 2 2 2 2 2 2 2 2 2 2 9 2 2 2 2 2 2 2 9 2 2 2 2 2 2 2 2 2
left_child=1 2 3 -1 8 6 7 14 9 11 -8 -3 17 -6 -2 -4 -15 -12 27 24 21 -21 -11 -5 -20 -26 -14 28 29 -7
right_child=5 4 15 23 13 18 10 -9 -10 22 12 -13 26 16 -16 -17 -18 -19 19 20 -22 -23 -24 -25 25 -27 -28 -29 -30 -31
leaf_value=-1.8989706420603523 -1.3636881908157321 -1.13342499869393 -0.73437292058562254 -1.0534082485702043 -0.35118787683943026 -0.60711886834531326 0.40561816689424463 -0.088034425392915269 0.00072149179654031038 -0.17368600155690858 -1.0331496616086457 -0.020274900489911742 0.12634550578744824 -0.29189103685466888 -1.0812431832995586 0.13003234568466127 -1.346380198967486 -0.33831512644264172 1.1136002079704941 -0.15876589830348434 0.1103815717590298 -1.3603914807999937 -1.5059321934782732 -2.1908883806372113 -0.71257097244596712 0.54829117007964223 -0.31674488046169996 3.1550979828897998 4.6108089673456609 0.44411823036651565
leaf_weight=74 58 74 30 103 42 134 1402 59 367 273 77 30 224 39 37 47 278 58 1041 41 239 73 57 30 33 84 215 6852 2415 1282
leaf_count=74 58 74 30 103 42 134 1402 59 367 273 77 30 224 39 37 47 278 58 1041 41 239 73 57 30 33 84 215 6852 2415 1282
internal_value=0.000130256 -0.00162491 -0.00328136 -0.00435817 -0.00116994 0.000307993 -0.000180666 -0.00305161 -0.000672693 -0.00122529 3.94537e-05 -0.0028381 -0.000526957 -0.00227917 -0.00460937 -0.000660256 -0.00252044 -0.00152397 0.000394178 0.000129299 -0.00054661 -0.001784 -0.000679758 -0.00248881 0.000344262 -0.000351695 -0.000156667 0.000430691 0.000325026 6.2103e-05
internal_weight=15768 1444 284 207 1160 14324 2130 154 801 434 1976 104 574 359 95 77 317 135 12194 1511 353 114 330 133 1158 117 439 10683 3831 1416
internal_count=15768 1444 284 207 1160 14324 2130 154 801 434 1976 104 574 359 95 77 317 135 12194 1511 353 114 330 133 1158 117 439 10683 3831 1416
cat_boundaries=0 1 2 3
cat_threshold=528385 1121408 3477505
is_linear=0
shrinkage=0.01


Tree=59
num_leaves=31
num_cat=3
split_feature=10 0 7 12 14 10 7 33 10 16 14 12 0 10 10 19 11 14 0 34 12 34 21 14 19 19 12 26 10 16
split_gain=47.087 9.34245 6.58936 11.8142 5.92909 5.87815 13.8575 6.0324 2.68477 3.6773 2.43395 2.22907 2.07339 1.51538 1.51245 1.42456 1.33839 1.13019 1.86601 4.4134 1.6615 1.11442 0.950787 0.825673 0.769504 0.516448 0.495355 0.480145 1.28695 3.02026
threshold=793.07142857142867 0 137.50000000000003 663.01666666666677 0.97112537654464559 1080.0714285714287 49.500000000000007 0.39999999999999963 707.21428571428589 -0.94388905186573491 0.9550229469509578 678.23333333333346 1 1021.5000000000001 607.28571428571433 0.099999999999999964 138.44373104864994 0.88220160189607266 2 6.2950000000000008 2075.9000000000005 5.2600000000000007 897.50000000000011 0.94704596667653973 2.8499999999999939 0.79999999999999971 652.60000000000014 22.975000000000005 1614.6428571428576 -0.91597725483594616
decision_type=2 9 2 2 2 2 2 2 2 2 2 2 9 2 2 2 2 2 9 2 2 2 2 2 2 2 2 2 2 2
left_child=1 2 3 -1 8 6 7 13 9 11 -8 -3 16 -2 -4 -6 -12 27 19 20 -19 -17 26 -11 -5 -21 -10 28 29 -7
right_child=5 4 14 24 15 17 10 -9 22 23 12 -13 -14 -15 -16 21 -18 18 -20 25 -22 -23 -24 -25 -26 -27 -28 -29 -30 -31
leaf_value=-1.8799809356397486 -1.3500513089075745 -1.1220907487069904 -0.72702919137976596 -1.042874166084502 -0.34767599807103639 -0.55925398151754191 0.40156198522530245 -0.087154081138985803 -0.69176742245918532 -0.17194914154133942 -0.35992121485704587 -0.020072151485012936 -0.13220672146929871 -1.0704307514665632 0.12873202222781488 -0.28897212648612269 -1.2856145914045936 -1.4568208905120619 0.8007844127950523 1.7779253743563219 -0.36536044068042989 -1.3329163969778111 -1.3814756223207167 -1.4908728715434902 -2.1689794968308385 -0.37079920772399916 0.060401472620018853 2.8592322704487083 3.1981025125169928 0.42052069051023078
leaf_weight=74 58 74 30 103 42 47 1402 59 35 273 53 30 447 37 47 39 74 89 952 323 89 278 32 57 30 58 300 7057 2651 928
leaf_count=74 58 74 30 103 42 47 1402 59 35 273 53 30 447 37 47 39 74 89 952 323 89 278 32 57 30 58 300 7057 2651 928
internal_value=0.000135963 -0.00158339 -0.00321356 -0.00426202 -0.00113578 0.000310087 -0.000171281 -0.00305161 -0.000647756 -0.00117931 4.95701e-05 -0.0028381 -0.000492174 -0.00460937 -0.000660256 -0.00222361 -0.00156884 0.000394998 0.000129299 -0.000316667 -0.0016257 -0.00245755 0 -0.000619335 -0.00233955 0.000263089 0.000141369 0.000431627 0.000328922 7.68444e-06
internal_weight=15768 1444 284 207 1160 14324 2130 154 801 434 1976 104 574 95 77 359 127 12194 1511 559 178 317 367 330 133 381 335 10683 3626 975
internal_count=15768 1444 284 207 1160 14324 2130 154 801 434 1976 104 574 95 77 359 127 12194 1511 559 178 317 367 330 133 381 335 10683 3626 975
cat_boundaries=0 1 2 3
cat_threshold=528385 1154048 3480593
is_linear=0
shrinkage=0.01


Tree=60
num_leaves=31
num_cat=5
split_feature=10 17 0 23 10 6 16 19 11 25 26 15 0 18 32 19 10 23 20 11 20 0 17 10 23 0 32 15 0 28
split_gain=45.3543 10.407 8.81027 6.51168 3.5905 8.95772 3.93343 9.25231 2.90247 2.53863 2.39933 2.12548 1.98574 1.91089 3.69825 1.60207 1.43802 1.22577 1.20236 1.10833 0.706954 0.561404 0.436463 0.410268 1.46528 1.41535 0.919727 0.460126 0.412191 0.348068
threshold=843.21428571428589 0.052657569964411031 0 550.50000000000011 1164.3571428571429 3.5000000000000004 0.97872324816535838 0.39999999999999963 77.728158775767625 850.50000000000011 30.725000000000005 -0.23537842981696178 1 0.099999999999986697 1.2000000000000199 0.39999999999999963 622.50000000000011 950.50000000000011 21.739285714285717 58.316344967760557 27.239285714285717 2 -0.23328638671828431 1621.5000000000002 1800.5000000000002 3 0.099999999999986697 0.29137697329261131 4 28.925000000000004
decision_type=2 2 9 2 2 2 2 2 2 2 2 2 9 2 2 2 2 2 2 2 2 9 2 2 2 9 2 2 9 2
left_child=1 2 3 -1 5 6 13 -8 9 12 15 -10 -4 20 -15 -5 19 -13 -7 -3 -2 22 -20 24 27 26 -26 -6 -29 -18
right_child=4 16 8 10 23 18 7 -9 11 -11 -12 17 -14 14 -16 -17 29 -19 21 -21 -22 -23 -24 -25 25 -27 -28 28 -30 -31
leaf_value=-1.8456531620855092 0.10156023108087996 -0.79592822593967405 -0.8679519563135899 -1.2730909352966269 2.1690365902783202 -0.39504993116539611 -0.9416851963129419 -0.032635504674952402 -0.50413547043459961 0.0047020582162659429 -0.036288876837658156 -1.1170222127777876 -0.19261559546042598 -1.0173331895182802 0.052403838187074399 -1.4119676656882372 0.549396734274473 -1.2869458872477901 -0.55446179180096111 0.026986759095215619 -0.35614839536132209 0.70285082595010817 2.2891665052998307 3.6687289082280334 -0.34514148838912823 0.43185301341895765 -1.6446101101651527 -0.062576204296304325 0.82666719655281584 -0.027591186924546731
leaf_weight=77 249 52 102 82 2204 36 65 71 145 253 36 306 106 84 69 161 243 49 82 33 73 1824 85 7817 78 168 33 404 616 151
leaf_count=77 249 52 102 82 2204 36 65 71 145 253 36 306 106 84 69 161 243 49 82 33 73 1824 85 7817 78 168 33 404 616 151
internal_value=0.00014643 -0.0013478 -0.0018069 -0.00316621 0.000339494 3.4104e-06 -0.0010531 -0.00256934 -0.00124434 -0.000648268 -0.00246607 -0.00179641 -0.00146411 -0.000593487 -0.00151623 -0.00282172 -6.35417e-05 -0.00222612 0.00032717 -0.00125 -0.000120743 0.000364207 -0.000148876 0.000416924 0.000317209 -0.000358929 -0.00118443 0.000378915 0.000186092 0.00016962
internal_weight=15754 1796 1317 356 13958 2638 611 136 961 461 279 500 208 475 153 243 479 355 2027 85 322 1991 167 11320 3503 279 111 3224 1020 394
internal_count=15754 1796 1317 356 13958 2638 611 136 961 461 279 500 208 475 153 243 479 355 2027 85 322 1991 167 11320 3503 279 111 3224 1020 394
cat_boundaries=0 1 2 3 4 5
cat_threshold=529409 41040 580 3675153 72787
is_linear=0
shrinkage=0.01


Tree=61
num_leaves=31
num_cat=5
split_feature=10 14 12 14 33 33 10 6 16 33 20 0 12 18 32 29 0 20 11 14 11 0 33 20 0 0 32 14 20 12
split_gain=44.3094 10.7795 11.8204 4.11477 3.67431 3.45943 3.3667 8.81178 4.02582 7.72 3.28962 2.47029 1.85299 1.73074 3.42324 1.68146 1.3936 1.20978 1.04789 0.940139 1.98971 2.57875 1.89314 0.706954 0.463904 0.460423 0.500563 0.382703 0.300972 0.89104
threshold=843.21428571428589 0.69056404122701587 623.35000000000014 0.97112537654464559 0.39999999999999963 0.74999999999999656 1164.3571428571429 3.5000000000000004 0.97872324816535838 0.39999999999999963 23.839285714285719 0 607.75000000000011 0.099999999999986697 1.2000000000000199 29.225000000000005 1 21.739285714285717 110.33153499920104 0.88220160189607266 174.23301310928215 2 0.099999999999999964 27.239285714285717 3 4 0.29999999999998234 0.78325454425165997 23.146428571428576 1473.8333333333337
decision_type=2 2 2 2 2 2 2 2 2 2 2 9 2 2 2 2 9 2 2 2 2 9 2 2 9 9 2 2 2 2
left_child=1 12 5 10 18 -3 7 8 13 -10 -4 -12 15 23 -15 -1 -6 -9 -5 28 -21 22 -22 -2 27 26 -14 -19 29 -8
right_child=6 2 3 4 16 -7 19 17 9 -11 11 -13 25 14 -16 -17 -18 24 -20 20 21 -23 -24 -25 -26 -27 -28 -29 -30 -31
leaf_value=0.089571775414801838 0.10054462877007156 -1.082487605438514 -1.4547171357664492 0.046931918333345569 -0.83410853740131319 -1.7465097816453425 -0.064500208881265578 -0.3910994318537418 -0.92853187608596477 -0.054978268906563377 -0.62753493312216069 -0.14895996378787918 -0.65965649034316931 -1.0071598576230978 0.051879799805203936 -0.6059390433402041 -1.4389754009731346 1.4486092510151662 -1.0495277149987492 1.2941808195449671 0.055437582551384867 0.17556330692614938 -1.2193978778768557 -0.3525869114077092 0.69582231769060698 0.25840126924429846 0.17373375835971827 -0.63541289544232948 3.6750227300150051 2.2090552092248181
leaf_weight=30 249 30 31 82 213 55 416 36 70 66 280 372 49 84 69 36 185 103 63 956 42 276 80 73 1824 313 57 64 6350 3200
leaf_count=30 249 30 31 82 213 55 416 36 70 66 280 372 49 84 69 36 185 103 63 956 42 276 80 73 1824 313 57 64 6350 3200
internal_value=0.000145795 -0.00133111 -0.00180221 -0.0015379 -0.00220312 -0.00543605 0.000336629 1.0989e-05 -0.00103676 -0.00256934 -0.000991959 -0.000817764 -3.60082e-05 -0.000572479 -0.0014513 -0.00159701 -0.00270927 0.000332101 -0.000736301 0.000411624 0.000152768 -0.000428571 -0.00157143 -0.000120743 0.000369227 0.000189286 -0.000316239 -9.26966e-05 0.000445771 0.000361626
internal_weight=15754 1796 1311 1226 543 85 13958 2638 611 136 683 652 485 475 153 66 398 2027 145 11320 1354 398 122 322 1991 419 106 167 9966 3616
internal_count=15754 1796 1311 1226 543 85 13958 2638 611 136 683 652 485 475 153 66 398 2027 145 11320 1354 398 122 322 1991 419 106 167 9966 3616
cat_boundaries=0 1 2 3 4 5
cat_threshold=2658389 2138322 3412993 580 24596
is_linear=0
shrinkage=0.01


Tree=62
num_leaves=31
num_cat=2
split_feature=10 14 12 13 19 10 7 19 16 23 33 11 10 7 12 29 12 12 18 13 7 14 11 0 12 13 14 22 0 33
split_gain=43.7206 9.90275 12.0327 5.10888 4.53987 3.3667 8.87339 8.05638 4.50839 3.34616 2.81224 1.83819 1.98396 1.80583 1.76416 1.68146 1.46442 1.09824 1.01811 0.888673 2.11384 0.882376 1.96435 2.31 1.74065 0.793486 0.703951 1.50405 0.556304 0.682307
threshold=843.21428571428589 0.69056404122701587 623.35000000000014 1481.8598763368984 0.69999999999999962 1164.3571428571429 76.500000000000014 0.39999999999999963 0.97872324816535838 950.50000000000011 0.39999999999999963 76.861966506011413 607.28571428571433 97.500000000000014 607.75000000000011 29.225000000000005 1586.8500000000001 678.23333333333346 0.20000000000001514 1891.6318444589881 331.50000000000006 0.88220160189607266 205.86634591635774 0 2065.0166666666669 1547.8800887573968 0.99053107487289871 830.50000000000011 1 1.0499999999999967
decision_type=2 2 2 2 2 2 2 2 2 2 2 2 2 2 2 2 2 2 2 2 2 2 2 9 2 2 2 2 9 2
left_child=1 14 4 11 -3 6 7 8 25 10 -5 17 -13 -11 15 -1 26 -4 -9 20 -18 -7 -23 24 -24 -2 -8 -28 29 -16
right_child=5 2 3 9 -6 21 16 18 -10 13 -12 12 -14 -15 28 -17 19 -19 -20 -21 -22 22 23 -25 -26 -27 27 -29 -30 -31
leaf_value=0.088676057660653729 -1.1272359055747401 -1.1436399879007748 -1.296938368845767 -0.029878497639986012 -1.6579428732525716 2.7663925043519408 0.6207263906526248 0.21928642031000917 -0.92298302558895318 -1.2871747012214205 -0.82125425451557632 -0.79545193950603432 -1.6953013247382864 -0.61632429479884399 -0.76286144523370858 -0.59987965290680223 -1.4613877401675399 -0.56296436288357365 -0.52941020397538763 0.10517975143978953 0.65817441643688723 1.0155347975285645 -1.5397751622385465 0.14089774802472674 -0.48067930734967818 -0.57942218520602484 -1.078066254154926 0.14518869099443285 0.17339533210889915 0.034738885968130288
leaf_weight=30 30 34 61 294 51 9966 1905 178 65 65 546 39 99 30 39 36 50 92 58 112 39 1023 39 228 64 47 33 121 317 63
leaf_count=30 30 34 61 294 51 9966 1905 178 65 65 546 39 99 30 39 36 50 92 58 112 39 1023 39 228 64 47 33 121 317 63
internal_value=0.000147064 -0.00131998 -0.00177172 -0.0015053 -0.00543605 0.000336629 1.0989e-05 -0.00140106 -0.00327972 -0.00112447 -0.000903686 -0.00268664 -0.00360432 -0.00294271 -7.71605e-05 -0.00159701 0.000252101 -0.00177597 -0.000219409 -0.000542079 -0.00128333 0.000411624 0.000160148 -0.000495482 -0.00165351 -0.00142949 0.000334709 -0.000277419 0.000141667 -0.000433628
internal_weight=15754 1796 1311 1226 85 13958 2638 378 142 935 840 291 138 95 485 66 2260 153 236 201 89 11320 1354 331 103 77 2059 154 419 102
internal_count=15754 1796 1311 1226 85 13958 2638 378 142 935 840 291 138 95 485 66 2260 153 236 201 89 11320 1354 331 103 77 2059 154 419 102
cat_boundaries=0 1 2
cat_threshold=3477505 24581
is_linear=0
shrinkage=0.01


Tree=63
num_leaves=31
num_cat=3
split_feature=10 14 12 19 13 23 7 10 33 20 11 33 20 0 7 12 13 29 0 7 34 32 33 0 19 20 12 14 7 13
split_gain=41.9407 9.36807 11.5708 5.22688 4.56712 3.43496 3.38817 8.44615 2.95324 6.66347 6.04159 2.64464 2.46644 1.87299 1.80583 1.76416 1.75247 1.68146 0.722296 0.990546 2.46492 0.475581 0.683022 0.418407 0.546377 0.37231 1.41866 1.83144 3.21645 0.821422
threshold=843.21428571428589 0.69056404122701587 623.35000000000014 0.69999999999999962 1481.8598763368984 950.50000000000011 98.500000000000014 1164.3571428571429 5.2499999999999973 23.460714285714293 165.85277324614555 0.39999999999999963 23.410714285714292 0 97.500000000000014 607.75000000000011 1964.2221316122079 29.225000000000005 1 62.500000000000007 6.2750000000000012 1.9000000000000021 2.049999999999994 2 1.2000000000000006 22.710714285714293 1887.2000000000003 -0.54220184589352438 320.50000000000006 1519.7847639724878
decision_type=2 2 2 2 2 2 2 2 2 2 2 2 2 9 2 2 2 2 9 2 2 2 2 9 2 2 2 2 2 2
left_child=1 15 3 -3 12 11 7 8 9 10 -2 -6 -4 -14 -7 17 -11 -1 19 -9 -21 -20 -23 24 -17 26 27 28 -8 -29
right_child=6 2 4 -5 5 14 25 18 -10 16 -12 -13 13 -15 -16 23 -18 -19 21 20 -22 22 -24 -25 -26 -27 -28 29 -30 -31
leaf_value=0.087789297084046952 -0.97257729958066441 -1.1322035880217671 -1.3623699391715158 -1.6413634445200465 -0.029579712663586308 -1.2743029542092068 0.28487886246279848 0.90492663023046316 0.037765475174776401 -0.41992482731540065 0.41705401158351663 -0.81304171197042063 -1.7101441813827558 -0.59410391912330796 -0.61016105185085601 -0.57571037203988251 0.14498873303124366 -0.59388085637773436 1.4370217586719658 -1.1548086814708918 1.2517537502936638 -0.652975758175666 0.4409754501439509 0.18701168914399777 0.54756019412518508 1.8921868988426753 4.894913831706817 -0.23057501599264527 -0.67438050111488279 0.83642075767203627
leaf_weight=30 121 34 43 51 294 65 81 430 209 185 38 546 126 122 30 57 167 36 2532 82 154 30 169 298 64 7919 1340 58 53 390
leaf_count=30 121 34 43 51 294 65 81 430 209 185 38 546 126 122 30 57 167 36 2532 82 154 30 169 298 64 7919 1340 58 53 390
internal_value=0.000150238 -0.00128659 -0.00172599 -0.00531977 -0.00146455 -0.0011031 0.000335912 9.19136e-05 -0.000887656 -0.00129785 -0.00300312 -0.000879905 -0.0025839 -0.00211245 -0.00294271 -7.71605e-05 -0.000492918 -0.00159701 0.000302678 0 -0.000514768 0.000373997 -5.25e-05 0.000141667 -0.000299242 0.000436954 0.000296932 -0.000101201 -0.00113333 0.000187082
internal_weight=15754 1796 1311 85 1226 935 13958 4117 720 511 159 840 291 248 95 485 352 66 3397 666 236 2731 199 419 121 9841 1922 582 134 448
internal_count=15754 1796 1311 85 1226 935 13958 4117 720 511 159 840 291 248 95 485 352 66 3397 666 236 2731 199 419 121 9841 1922 582 134 448
cat_boundaries=0 1 2 3
cat_threshold=13377 3475472 26629
is_linear=0
shrinkage=0.01


Tree=64
num_leaves=31
num_cat=6
split_feature=10 14 12 19 13 11 10 7 19 14 7 20 12 0 12 0 0 29 13 14 11 0 12 12 3 0 33 22 33 11
split_gain=40.9273 10.2551 11.9867 5.22688 4.88476 3.85247 2.73673 7.80037 9.14887 2.7023 2.51172 2.49324 1.98732 1.92368 1.92065 1.83478 1.78811 1.68146 1.31059 0.771881 1.71119 1.86983 1.64815 0.595443 0.480637 0.446665 0.469528 0.396328 0.365795 0.465563
threshold=864.357142857143 0.69056404122701587 623.35000000000014 0.69999999999999962 1481.8598763368984 77.728158775767625 1164.3571428571429 47.500000000000007 0.39999999999999963 0.63257020223555627 105.50000000000001 23.410714285714292 1495.8500000000001 0 607.75000000000011 1 2 29.225000000000005 1959.6620942383436 0.88220160189607266 205.86634591635774 3 2065.0166666666669 1265.6833333333336 4 5 1.0499999999999967 753.00000000000011 1.4500000000000004 123.92393980643335
decision_type=2 2 2 2 2 2 2 2 2 2 2 2 2 9 2 9 9 2 2 2 2 9 2 2 9 9 2 2 2 2
left_child=1 14 3 -3 11 15 7 8 9 -2 -7 -4 24 -13 17 -6 18 -1 -14 -8 28 22 -22 -10 27 26 -16 -9 -21 -30
right_child=6 2 4 -5 5 10 19 12 23 -11 -12 13 16 -15 25 -17 -18 -19 -20 20 21 -23 -24 -25 -26 -27 -28 -29 29 -31
leaf_value=0.086911404113205942 -0.97276038925253572 -1.1208815521415496 -1.3487462397798 -1.6249498100748461 -0.59930688559457634 -1.0578580226965306 2.7260958814317116 -0.27724699419932403 -0.45354896407905154 -0.89505989872673453 -0.54297706744850227 -1.6930427395689287 -0.67500127663075593 -0.58412604669392587 -0.61352885516168176 0.019886836289261776 0.11297852210665191 -0.58794204781395709 -0.36010894782056718 1.8381522559586683 -1.5199376499595272 0.15103685735918815 -0.46432442746147318 2.4014239436364297 0.68137897400873093 0.29831992036965765 0.20247460445168336 0.16394481415751472 0.77208433693265832 -0.49053150089214909
leaf_weight=30 52 34 43 51 104 399 9966 30 59 57 207 126 61 123 52 312 172 36 48 824 39 228 64 105 1743 344 61 185 115 84
leaf_count=30 52 34 43 51 104 399 9966 30 59 57 207 126 61 123 52 312 172 36 48 824 39 228 64 105 1743 344 61 185 115 84
internal_value=0.000154681 -0.00121113 -0.0016575 -0.00531977 -0.00140913 -0.00106452 0.000345261 4.21807e-05 -0.00154562 -0.00377727 -0.00157661 -0.00257338 0.000240848 -0.002102 0 -0.000292566 -0.000530142 -0.00159701 -0.0014625 0.000411624 0.000174908 -0.000435241 -0.00147807 0 0.000356815 0.000215066 -0.000270161 -5.53097e-05 0.000382324 0
internal_weight=15754 1922 1399 85 1314 1022 13832 2512 273 109 606 292 2239 249 523 416 281 66 109 11320 1354 331 103 164 1958 457 113 215 1023 199
internal_count=15754 1922 1399 85 1314 1022 13832 2512 273 109 606 292 2239 249 523 416 281 66 109 11320 1354 331 103 164 1958 457 113 215 1023 199
cat_boundaries=0 1 2 3 4 5 6
cat_threshold=13377 2622481 2201224 3477505 8 24596
is_linear=0
shrinkage=0.01


Tree=65
num_leaves=31
num_cat=5
split_feature=10 12 7 14 13 19 10 7 19 16 10 0 10 0 11 11 15 0 19 7 10 18 26 0 12 23 34 0 12 20
split_gain=40.8105 9.92622 9.96649 7.41372 5.13865 4.05708 3.9907 9.79794 5.4656 3.19096 3.64146 2.23392 2.08159 2.08095 1.46461 0.955049 0.908825 0.961502 0.818061 0.746984 1.10185 1.61419 1.20624 0.718968 1.06671 0.68569 0.653948 0.625424 0.481709 0.474229
threshold=843.21428571428589 623.35000000000014 146.50000000000003 0.97696484778429815 1837.8630056260981 0.64999999999999303 1087.6428571428576 49.500000000000007 0.39999999999999963 0.97508442350096236 692.92857142857156 0 1003.357142857143 1 117.87230770513241 77.728158775767625 -0.57077231802681661 2 0.8999999999999998 105.50000000000001 1278.6428571428576 0.20000000000001514 25.975000000000005 3 2045.0833333333337 945.50000000000011 7.4350000000000014 4 1495.8500000000001 22.917857142857148
decision_type=2 2 2 2 2 2 2 2 2 2 2 9 2 9 2 2 2 9 2 2 2 2 2 9 2 2 2 9 2 2
left_child=1 2 5 9 11 -1 7 8 12 10 13 -5 -2 -3 28 -13 -16 -18 -4 20 21 27 -23 24 -22 -6 -12 -8 -9 -21
right_child=6 3 18 4 25 -7 19 14 -10 -11 26 15 -14 -15 16 -17 17 -19 -20 29 23 22 -24 -25 -26 -27 -28 -29 -30 -31
leaf_value=-0.88597296608755072 -1.3557890058506123 -0.26448292100727289 -0.34617190510572016 -1.2955623227664959 0.12674076088384609 -1.5695689721224142 -0.27875890161820321 0.67915245787707423 -0.12954581250994307 -1.3763024299050488 0.11635076340229317 -0.38698853840484815 -0.97294164541304995 -0.95455446357303497 1.6384030296508203 -1.1162790235193456 -0.49676855265780845 -0.0096584587486099015 0.15716068043263889 1.2161247367495356 -0.41516709944823982 -0.91087273640518451 -0.062655674260237743 1.4153679096272291 1.1527928065546271 -0.37715787654684724 -0.31058855937458379 0.8030100850212617 -0.25018676825324843 2.7974219192735221
leaf_weight=34 48 222 35 118 92 84 105 952 65 38 527 84 43 199 136 213 223 260 49 2057 117 66 55 2673 215 31 171 406 67 6503
leaf_count=34 48 222 35 118 92 84 105 952 65 38 527 84 43 199 136 213 223 260 49 2057 117 66 55 2673 215 31 171 406 67 6503
internal_value=0.00014123 -0.00123367 -0.00334483 -0.000974351 -0.00194991 -0.00521849 0.000328438 -0.000107521 -0.00249682 -0.000510794 -0.000402232 -0.00248197 -0.00407065 -0.00113626 0.000115314 -0.00172565 -0.000258871 -0.000472107 -0.000564706 0.000393384 0.000266218 -0.000101106 -0.00114344 0.000346806 -6.99708e-05 -6.85484e-05 2.71817e-05 0.00012793 0.000352451 0.00044621
internal_weight=15888 1897 202 1695 538 118 13991 1794 156 1157 1119 415 91 421 1638 297 619 483 84 12197 3637 632 121 3005 332 123 698 511 1019 8560
internal_count=15888 1897 202 1695 538 118 13991 1794 156 1157 1119 415 91 421 1638 297 619 483 84 12197 3637 632 121 3005 332 123 698 511 1019 8560
cat_boundaries=0 1 2 3 4 5
cat_threshold=1072128 3270784 3247169 1376272 69666
is_linear=0
shrinkage=0.01


Tree=66
num_leaves=31
num_cat=2
split_feature=21 14 21 16 0 32 13 13 14 13 7 14 7 25 21 11 11 0 13 14 20 13 16 14 24 13 13 29 14 25
split_gain=30.8231 10.0109 7.23939 8.39011 6.91899 8.25428 4.1554 3.70669 2.89607 3.32118 3.21618 2.7476 1.80776 6.88562 2.80646 1.62877 1.45131 1.67514 1.18597 1.01838 0.753514 1.79043 2.28615 2.86095 1.01657 0.588155 0.377475 0.334552 0.297453 0.105758
threshold=695.50000000000011 0.59177612190863982 1000.5000000000001 0.97872324816535838 0 1.9000000000000021 1641.3143167721489 1544.8181828127565 0.98522604642031408 1477.8363553701329 146.50000000000003 0.97112537654464559 47.500000000000007 1545.5000000000002 1269.8500000000001 117.87230770513241 123.92393980643335 1 1432.580681875728 0.9962888416657264 22.710714285714293 1690.3684119030092 -0.93881210897455081 -0.66528616069191593 1600.5000000000002 1514.1999759750979 1702.7488357324303 29.325000000000006 0.93544191479114935 3150.5000000000005
decision_type=2 2 2 2 9 2 2 2 2 2 2 2 2 2 2 2 2 9 2 2 2 2 2 2 2 2 2 2 2 2
left_child=4 20 3 6 5 7 11 -1 9 10 18 -3 13 14 -4 -8 29 -18 -6 -10 21 22 23 -2 -24 -5 -15 -11 -29 -14
right_child=1 2 12 25 8 -7 15 -9 19 27 -12 -13 16 26 -16 -17 17 -19 -20 -21 -22 -23 24 -25 -26 -27 -28 28 -30 -31
leaf_value=-1.7934781046487249 -0.24515278735869456 -0.20466323070301723 -1.1280379191865211 -1.3048861146719728 -0.70706444679024016 0.33819853707136183 0.075696709503809634 -1.5585053925515495 -1.1815427150472237 0.047346672046653597 0.0029812636578448993 -1.2918606972685134 1.5470655712566146 -0.34234113247575709 -0.39445858886513868 -0.35274927034695891 -0.41113397612230079 0.22877673252193287 -1.0628398329504143 -0.73645625558664773 2.2463711870538221 2.7138449727546181 -0.14637953467361739 -1.4237410939580146 1.0249289076630212 -0.95963611584294373 6.947545294666984 0.024827123199562335 -0.97715399070161213 0.35171068331455457
leaf_weight=78 63 294 71 30 124 31 632 32 77 155 77 215 1326 93 30 353 371 1122 54 35 7190 1966 459 30 589 35 229 44 50 33
leaf_count=78 63 294 71 30 124 31 632 32 77 155 77 215 1326 93 30 353 371 1122 54 35 7190 1966 459 30 589 35 229 44 50 33
internal_value=0.000143747 0.000242896 -0.00013092 -0.000692628 -0.00182256 -0.0038125 -0.000530435 -0.00536036 -0.00126316 -0.000926733 -0.00172852 -0.00126569 0.000133547 -0.00046816 -0.0027402 -0.000139452 0.000226428 4.35075e-06 -0.00246369 -0.00277876 0.000419353 0.000281049 -2.58319e-05 -0.0015266 9.91421e-05 -0.00420455 0.000219814 -6.2e-05 -0.000557895 0.000462868
internal_weight=15888 15131 4834 1559 757 141 1494 110 616 504 255 509 3275 423 101 985 2852 1493 178 112 10297 3107 1141 93 1048 65 322 249 94 1359
internal_count=15888 15131 4834 1559 757 141 1494 110 616 504 255 509 3275 423 101 985 2852 1493 178 112 10297 3107 1141 93 1048 65 322 249 94 1359
cat_boundaries=0 1 2
cat_threshold=528384 3473425
is_linear=0
shrinkage=0.01


Tree=67
num_leaves=31
num_cat=0
split_feature=10 12 7 14 19 10 7 19 19 16 10 10 33 24 10 12 33 11 11 19 7 10 18 33 18 14 20 12 16 11
split_gain=37.8058 8.20687 8.17976 7.15469 4.36438 3.78024 9.62824 5.50961 3.65488 3.33962 2.87039 2.36979 1.92661 1.4574 1.46099 1.13936 2.82565 1.95909 0.839476 0.818061 0.751292 0.998781 1.66037 1.42922 0.723309 0.697336 0.494638 1.6299 2.32983 0.429185
threshold=843.21428571428589 623.35000000000014 146.50000000000003 0.97112537654464559 0.099999999999999964 1087.6428571428576 47.500000000000007 0.39999999999999963 0.79999999999999971 0.97508442350096236 684.00000000000011 968.64285714285722 0.79999999999999971 1250.5000000000002 947.00000000000011 688.18333333333351 6.8499999999999979 77.728158775767625 117.87230770513241 0.8999999999999998 105.50000000000001 1278.6428571428576 0.20000000000001514 2.7499999999999969 0.10000000000001512 0.82414472752956958 22.917857142857148 1887.2000000000003 -0.93881210897455081 217.39726637650776
decision_type=2 2 2 2 2 2 2 2 2 2 2 2 2 2 2 2 2 2 2 2 2 2 2 2 2 2 2 2 2 2
left_child=1 2 8 9 -5 6 7 11 -1 10 12 -2 -3 18 -15 16 -6 -17 -8 -4 21 22 -7 -24 -12 -20 27 28 -22 -23
right_child=5 3 19 4 15 20 13 -9 -10 -11 24 -13 -14 14 -16 17 -18 -19 25 -21 26 29 23 -25 -26 -27 -28 -29 -30 -31
leaf_value=-0.78588619698355378 -1.3296430897112494 -0.25139075525182403 -0.32477540500817609 0.0079061071293651079 -2.0441116523535503 0.19743867161854553 0.66930466064893024 -0.11730677887996539 -1.6345637638877071 -1.3500084193623465 -0.12307115272354988 -0.98262981943497585 -1.040046251802663 -0.48552770766731529 -0.13642519082859564 -0.25362534974177026 -0.75396200567191329 -1.0884058470311064 1.0931919928229574 0.16113647893007468 -0.69081797683597668 1.712595711599562 -0.89761346746007131 0.042887714752648222 0.12662215679092403 -0.20423605870959549 2.7524943653274523 4.4661026176205523 0.4997377787246311 0.29190923348977749
leaf_weight=47 30 243 35 104 34 511 912 65 71 38 297 58 122 76 178 85 54 308 162 49 114 2077 69 52 410 313 6503 1451 492 928
leaf_count=47 30 243 35 104 34 511 912 65 71 38 297 58 122 76 178 85 54 308 162 49 114 2077 69 52 410 313 6503 1451 492 928
internal_value=0.000147523 -0.00117571 -0.00309852 -0.000938974 -0.00183874 0.000327723 -9.63788e-05 -0.00249026 -0.00479832 -0.000454545 -0.000339236 -0.00411236 -0.00105874 0.000122107 -0.000560784 -0.00223963 -0.0034382 -0.00193782 0.000254683 -0.000564706 0.000390925 0.000263469 -8.5308e-05 -0.00114344 1.90678e-05 -6.82773e-05 0.000443873 0.000295675 -0.000126853 0.000340153
internal_weight=15888 1897 202 1695 585 13991 1794 153 118 1110 1072 88 365 1641 254 481 88 393 1387 84 12197 3637 632 121 707 475 8560 2057 606 3005
internal_count=15888 1897 202 1695 585 13991 1794 153 118 1110 1072 88 365 1641 254 481 88 393 1387 84 12197 3637 632 121 707 475 8560 2057 606 3005
is_linear=0
shrinkage=0.01


Tree=68
num_leaves=31
num_cat=0
split_feature=10 12 7 17 13 10 7 19 19 16 10 10 33 11 18 12 32 13 19 7 18 10 33 24 23 18 20 12 16 13
split_gain=37.3141 7.87306 7.84328 7.02562 5.35905 3.69591 9.93212 5.4656 3.35753 3.35241 2.9189 2.08159 1.92661 1.3643 1.14841 1.19511 0.986377 0.922973 0.818061 0.751292 0.996691 1.77468 1.74949 0.717602 0.68615 0.644287 0.494638 1.6299 2.32983 0.4822
threshold=843.21428571428589 623.35000000000014 146.50000000000003 -0.88320848168588306 1837.8630056260981 1087.6428571428576 49.500000000000007 0.39999999999999963 0.79999999999999971 0.97508442350096236 684.00000000000011 1003.357142857143 0.79999999999999971 117.87230770513241 4.2000000000000162 688.18333333333351 1.8000000000000163 1902.3424908424911 0.8999999999999998 105.50000000000001 0.099999999999986697 1621.5000000000002 2.7499999999999969 1397.5000000000002 945.50000000000011 0.10000000000001512 22.917857142857148 1887.2000000000003 -0.93881210897455081 1535.816933420437
decision_type=2 2 2 2 2 2 2 2 2 2 2 2 2 2 2 2 2 2 2 2 2 2 2 2 2 2 2 2 2 2
left_child=1 2 8 4 14 6 7 11 -1 10 12 -2 -5 23 15 -3 17 -15 -4 20 -7 22 -22 -8 -6 -12 27 28 -21 -23
right_child=5 3 18 9 24 19 13 -9 -10 -11 25 -13 -14 16 -16 -17 -18 -19 -20 26 21 29 -24 -25 -26 -27 -28 -29 -30 -31
leaf_value=-0.77802733501371779 -1.3170353369570011 -1.5368755901026776 -0.3215276509580946 -0.24887684769930599 0.15970580252774677 1.0933449616242157 0.65036224844851831 -0.11613371109116546 -1.6182181262488298 -1.3365083351687232 -0.12184044119631406 -0.94210555157270492 -1.0296457892846362 -0.49713892012626043 -0.24902464991088177 -1.0531167926746567 0.58667679451444965 0.069508872325591151 0.15952511414077392 -0.68390979706761668 -0.91927908413231574 -0.54669576781011697 0.14194485126329082 -0.52830960710158581 -0.36129361793921982 0.11836068525757813 2.7249694216741775 4.4214415914443475 0.49474040093738531 2.4015859066993865
leaf_weight=47 48 69 35 243 105 2777 972 65 71 38 297 43 122 299 47 337 154 166 49 114 178 45 127 47 32 405 6503 1451 492 510
leaf_count=47 48 69 35 243 105 2777 972 65 71 38 297 43 122 299 47 337 154 166 49 114 178 45 127 47 32 405 6503 1451 492 510
internal_value=0.000149412 -0.00116517 -0.00304926 -0.000933078 -0.00181895 0.000328438 -9.08078e-05 -0.00249682 -0.00471429 -0.000449819 -0.000333801 -0.00407065 -0.00105874 0.000133618 -0.00234251 -0.00252334 -0.000226613 -0.000466738 -0.000564706 0.000390925 0.000263469 -2.32288e-05 -0.000645425 0.000362255 -1.08696e-05 2.9872e-05 0.000443873 0.000295675 -0.000126853 0.000301259
internal_weight=15888 1897 202 1695 590 13991 1794 156 118 1105 1067 91 365 1638 453 406 619 465 84 12197 3637 860 305 1019 137 702 8560 2057 606 555
internal_count=15888 1897 202 1695 590 13991 1794 156 118 1105 1067 91 365 1638 453 406 619 465 84 12197 3637 860 305 1019 137 702 8560 2057 606 555
is_linear=0
shrinkage=0.01


Tree=69
num_leaves=31
num_cat=1
split_feature=10 12 15 17 13 10 6 33 16 0 10 19 33 10 12 13 15 19 18 17 11 10 10 15 16 18 18 23 13 25
split_gain=35.6483 6.91254 6.87556 6.77028 4.70359 3.62688 8.70166 4.75962 3.37564 2.94238 2.77571 2.5313 2.0426 1.55849 1.43425 1.02486 0.884537 0.818061 0.795669 0.784313 0.757963 0.682133 0.67673 2.03184 2.88221 1.00236 0.644287 0.624843 0.464874 0.218941
threshold=843.21428571428589 623.35000000000014 -0.8142754349318998 -0.88320848168588306 1837.8630056260981 1095.8571428571431 2.5000000000000004 0.39999999999999963 0.97508442350096236 0 684.00000000000011 0.79999999999999971 0.79999999999999971 1003.357142857143 1480.7500000000002 2190.0938914027156 -0.63257203029273779 0.8999999999999998 3.1000000000000094 0.67008729192674277 117.87230770513241 921.07142857142878 1531.6428571428576 0.25829915227078726 -0.8983350073998303 0.099999999999986697 0.10000000000001512 945.50000000000011 1674.593309570633 2900.5000000000005
decision_type=2 2 2 2 2 2 2 2 2 9 2 2 2 2 2 2 2 2 2 2 2 2 2 2 2 2 2 2 2 2
left_child=1 2 17 4 9 6 7 13 10 18 12 -4 -5 -2 20 19 -13 -1 -3 -16 -8 -22 23 29 -25 -26 -12 -6 -11 -7
right_child=5 3 11 8 27 22 14 -9 -10 28 26 16 -14 -15 15 -17 -18 -19 -20 -21 21 -23 -24 24 25 -27 -28 -29 -30 -31
leaf_value=-0.31831237444851412 -1.3021432879737185 -1.300350219307091 -0.77024706166358092 -0.2463880792223129 0.15810874450246981 1.6584332007910489 0.64890116355871419 -0.012468143067202729 -1.3231432518170365 -0.94561109060651261 -0.1206220367843505 -0.9492631419849058 -1.0193493313917903 -0.98942745528401155 -0.61524860486019706 0.3170204260167846 -1.9102561966072302 0.15792986299936573 -0.88168202022943354 1.3791683871268763 -0.19048278673928459 0.13934992024118209 3.3194064445567597 -0.60903292509825013 0.46221158027236992 -0.16796986154718713 0.11717707840500229 -0.35768068175982815 -0.12690504974326303 -0.15086518846673638
leaf_weight=35 53 195 47 243 105 2374 982 66 38 196 297 38 122 53 98 70 33 49 30 32 178 329 8448 30 895 327 405 32 32 56
leaf_count=35 53 195 47 243 105 2374 982 66 38 196 297 38 122 53 98 70 33 49 30 32 178 329 8448 30 895 327 405 32 32 56
internal_value=0.0001513 -0.00113356 -0.00290148 -0.000915389 -0.00178511 0.000326294 -8.029e-05 -0.00221965 -0.000440778 -0.00227643 -0.000324438 -0.00446218 -0.00103142 -0.00352336 0.00013284 -0.000646766 -0.00575694 -0.000564706 -0.003125 -0.00118321 0.000244631 -5.21653e-05 0.000389498 0.000269074 -5.10774e-05 1.71709e-05 2.9872e-05 -8.33333e-05 -0.00119665 0.000438091
internal_weight=15888 1897 202 1695 590 13991 1861 172 1105 453 1067 118 365 106 1689 200 71 84 225 130 1489 507 12130 3682 1252 1222 702 137 228 2430
internal_count=15888 1897 202 1695 590 13991 1861 172 1105 453 1067 118 365 106 1689 200 71 84 225 130 1489 507 12130 3682 1252 1222 702 137 228 2430
cat_boundaries=0 1
cat_threshold=3234817
is_linear=0
shrinkage=0.01


Tree=70
num_leaves=31
num_cat=4
split_feature=22 14 12 7 14 13 19 19 7 13 14 0 29 19 0 7 12 20 13 19 7 12 28 28 0 11 13 13 23 0
split_gain=24.8272 7.62552 9.57204 6.59805 5.43081 3.3608 2.91916 6.9482 8.73973 4.30068 3.33495 4.44252 1.99226 1.89321 1.22526 1.55655 1.2617 0.859738 1.80093 2.69039 1.47966 0.800893 0.71709 0.703091 0.567758 0.917073 0.553269 0.528038 1.15559 0.470856
threshold=795.50000000000011 0.97112537654464559 623.35000000000014 146.50000000000003 0.59177612190863982 1886.8514419260962 0.19999999999999471 0.29999999999999999 49.500000000000007 1624.1763295099065 0.93237596376505805 0 23.225000000000005 0.79999999999999971 1 139.50000000000003 688.18333333333351 23.146428571428576 1604.0368201529059 25.550000000000004 320.50000000000006 912.08333333333337 30.375000000000004 29.225000000000005 2 170.43362064926214 1394.7048805886573 1471.8172171018948 650.50000000000011 3
decision_type=2 2 2 2 2 2 2 2 2 2 2 9 2 2 9 2 2 2 2 2 2 2 2 2 9 2 2 2 2 9
left_child=1 2 3 13 17 12 21 8 9 -8 29 -12 -3 -1 15 16 -4 18 19 -2 -21 -6 26 -5 25 -23 -14 28 -16 -9
right_child=4 5 14 23 6 -7 7 10 -10 -11 11 -13 22 -15 27 -17 -18 -19 -20 20 -22 24 -24 -25 -26 -27 -28 -29 -30 -31
leaf_value=-1.0629774736144686 0.40614522079293996 -0.21716565155442602 -0.72397986739952858 0.22886740038391928 -0.63077277907246598 0.17869905420242721 -1.2953642740603202 -0.57007323884007566 -0.032810808920491576 -0.36768129085568663 -1.0430057455510002 -0.026729550956815635 -1.212058869058448 -1.5870283235045191 -0.7194030218110582 0.11452775734575191 -0.54915929132252761 2.4003200015471409 1.9943486374509969 -0.28717883067211319 -0.87099917100280577 1.1367376474099722 -0.49491971952620606 -0.30502990204680347 0.70435868774313526 -0.69484742723821191 -1.5531206288953661 0.055463472333383258 0.081819792026500304 0.379059916380521
leaf_weight=48 715 42 38 43 81 36 67 171 149 65 284 667 31 61 80 108 128 6551 2682 79 85 88 31 41 1488 30 195 471 97 1268
leaf_count=48 715 42 38 43 81 36 67 171 149 65 284 667 31 61 80 108 128 6551 2682 79 85 88 31 41 1488 30 195 471 97 1268
internal_value=0.000160166 -0.00108546 -0.000674283 -0.00269845 0.000285744 -0.00241815 -7.11171e-06 -0.000215007 -0.00170035 -0.00356391 -3.555e-05 -0.000498424 -0.00276833 -0.00432273 -0.00023727 -0.000782456 -0.00141916 0.000412934 0.000280882 -0.000102841 -0.00126061 0.000316055 -0.00310659 -0.000447059 0.000369011 -0.00024031 -0.0033348 0 -0.000457865 0.000263542
internal_weight=15920 1450 1115 193 14470 335 4358 2671 281 132 2390 951 299 109 922 274 166 10112 3561 879 164 1687 257 84 1606 118 226 648 177 1439
internal_count=15920 1450 1115 193 14470 335 4358 2671 281 132 2390 951 299 109 922 274 166 10112 3561 879 164 1687 257 84 1606 118 226 648 177 1439
cat_boundaries=0 1 2 3 4
cat_threshold=2440192 530513 1048592 3146240
is_linear=0
shrinkage=0.01


Tree=71
num_leaves=31
num_cat=1
split_feature=10 10 17 13 10 15 33 16 15 12 15 16 18 12 16 10 22 29 11 12 3 13 29 23 27 10 11 17 32 25
split_gain=30.8037 6.58551 6.05739 5.01945 3.54 7.34489 2.91973 7.59953 2.8149 2.57183 3.72991 2.63686 2.04563 1.67691 1.6731 1.59887 1.2094 1.79649 1.09539 0.802141 0.623859 0.774879 0.491322 0.478044 0.466892 0.766913 1.72566 1.53243 0.331727 0.31043
threshold=843.21428571428589 521.50000000000011 -0.88320848168588306 1845.8302354421901 1200.0714285714287 0.054805126479326886 5.9499999999999975 0.95566275305367776 0.70138038092733435 623.35000000000014 -0.72694848937061807 0.97508442350096236 0.099999999999986697 567.21666666666681 -0.70291267844185523 692.92857142857156 770.50000000000011 23.225000000000005 77.728158775767625 607.75000000000011 0 1850.21083927053 29.225000000000005 945.50000000000011 1.0000000180025095e-35 1778.6428571428576 217.39726637650776 0.32207272259607772 1.8000000000000163 2997.5000000000005
decision_type=2 2 2 2 2 2 2 2 2 2 2 2 2 2 2 2 2 2 2 2 9 2 2 2 2 2 2 2 2 2
left_child=1 13 3 16 5 20 7 12 -9 10 22 15 -7 -1 -8 -11 17 -3 -18 -12 21 -2 -4 -5 25 26 28 -28 -6 -22
right_child=4 2 9 23 24 6 14 8 -10 11 19 -13 -14 -15 -16 -17 18 -19 -20 -21 29 -23 -24 -25 -26 -27 27 -29 -30 -31
leaf_value=-1.7937252436097211 -0.5482370875666932 -0.13063584622490262 0.18903579505321999 0.16518938755713758 1.34906911388938 -0.012581398816696607 -0.31097413133512858 -0.49704067599268087 -0.99767515260636741 -0.47161623393642954 -0.85505277614093689 -1.3183414423576627 -0.6356480143797727 -1.08113852525037 0.20793071008719363 0.016071353409101825 -0.25757508527199452 -1.510507667553634 -0.96424311030674592 -1.3956403696608519 0.69352357878919701 0.21477292592215591 -0.3358386421099373 -0.34814533687754223 3.1637056347641539 3.048046378238682 -0.46363127330761389 0.45699020368661741 0.31672233392710764 -1.3153056945822295
leaf_weight=31 59 30 46 97 1531 283 48 30 108 369 30 32 106 34 301 667 57 215 131 32 2009 102 35 30 4852 3701 263 410 251 30
leaf_count=31 59 30 46 97 1531 283 48 30 108 369 30 32 106 34 301 667 57 215 131 32 2009 102 35 30 4852 3701 263 410 251 30
internal_value=0.000159538 -0.00105716 -0.000933691 -0.00180036 0.000318921 1.55996e-05 -0.000754846 -0.00122443 -0.0032446 -0.000523515 -0.00179514 -0.000342376 -0.000475641 -0.00420455 -1.57143e-05 -0.000243009 -0.00231221 -0.00283537 -0.00156614 -0.00363492 0.000327124 -0.000229651 -0.000237805 0 0.000402761 0.000339126 0.000194422 -0.000227745 0.000359506 0.000375366
internal_weight=15920 1836 1771 560 14084 3076 876 527 138 1211 143 1068 389 65 349 1036 433 245 188 62 2200 161 81 127 11008 6156 2455 673 1782 2039
internal_count=15920 1836 1771 560 14084 3076 876 527 138 1211 143 1068 389 65 349 1036 433 245 188 62 2200 161 81 127 11008 6156 2455 673 1782 2039
cat_boundaries=0 1
cat_threshold=8
is_linear=0
shrinkage=0.01


Tree=72
num_leaves=31
num_cat=2
split_feature=21 14 0 32 21 16 14 13 14 25 13 0 18 7 25 7 11 20 20 13 19 7 13 7 12 24 13 12 25 25
split_gain=23.5853 8.76351 6.2545 6.46372 5.07891 8.64822 4.72891 3.89148 3.96202 2.75595 1.99818 1.91197 2.68144 5.16105 1.65051 1.57168 1.53523 0.889665 0.889322 1.95689 2.80945 1.28363 0.867525 0.81771 3.73848 0.641275 0.501953 0.449712 0.410226 0.202251
threshold=677.50000000000011 0.59177612190863982 0 1.0500000000000047 1070.5000000000002 0.97872324816535838 0.98522604642031408 1636.3253132832081 0.97112537654464559 1497.0000000000002 1477.8363553701329 1 0.099999999999986697 93.500000000000014 770.50000000000011 148.50000000000003 117.87230770513241 25.346428571428579 23.067857142857147 1604.0368201529059 25.550000000000004 320.50000000000006 1876.3042325817323 47.500000000000007 1363.4166666666667 1651.5000000000002 1617.026312977958 779.75000000000011 897.50000000000011 1350.5000000000002
decision_type=2 2 9 2 2 2 2 2 2 2 2 9 2 2 2 2 2 2 2 2 2 2 2 2 2 2 2 2 2 2
left_child=2 18 3 14 5 7 10 8 -3 -7 15 23 22 -14 -1 17 -9 -4 19 20 25 -22 -13 24 -6 -2 -8 28 -12 -21
right_child=1 4 6 -5 11 9 26 16 -10 -11 27 12 13 -15 -16 -17 -18 -19 -20 29 21 -23 -24 -25 -26 -27 -28 -29 -30 -31
leaf_value=-1.6393769957001676 -0.15849721288397464 -0.087431528703680317 -0.023406383026622103 0.093235340973010283 -0.36495523449474271 -1.2658483435594416 -1.2438523440654006 0.099730853296609662 -1.2957636752979551 -0.72471990961929367 -0.15057754535692575 1.159800184573899 -1.4295831841255353 1.1259825232499945 -1.496017947017027 0.0065665234692386725 -0.31532689443195439 -1.0241298925156832 2.2505061134292119 0.18817265751261875 -0.31333167241505899 -0.85765286655970074 -0.3203830952817831 0.7895005879322663 4.5064925815543893 1.7278982272330341 -0.64719934412930413 0.30069547648378425 -1.315180286140593 2.4417751380503909
leaf_weight=60 374 311 35 33 57 56 62 759 205 31 98 492 141 147 31 72 430 137 6829 280 72 85 259 1787 189 349 45 120 30 2344
leaf_count=60 374 311 35 33 57 56 62 759 205 31 98 492 141 147 31 72 430 137 6829 280 72 85 259 1787 189 349 45 120 30 2344
internal_value=0.000161422 0.000245986 -0.00160014 -0.00361481 -0.000102364 -0.000526492 -0.00108279 -0.000361958 -0.00108704 -0.00359659 -0.000657201 0.000141881 -0.000200476 -0.00102422 -0.0052663 -0.00129796 -3.82353e-05 -0.00181503 0.000410925 0.000274465 -0.000124858 -0.00133861 0.000100399 0.000321184 -0.000190283 0.000126381 -0.00302315 0 -0.000434109 0.00041219
internal_weight=15920 15197 723 124 4864 1792 599 1705 516 87 492 3072 1039 288 91 244 1189 172 10333 3504 880 157 751 2033 246 723 107 248 128 2624
internal_count=15920 15197 723 124 4864 1792 599 1705 516 87 492 3072 1039 288 91 244 1189 172 10333 3504 880 157 751 2033 246 723 107 248 128 2624
cat_boundaries=0 1 2
cat_threshold=528384 189678
is_linear=0
shrinkage=0.01


Tree=73
num_leaves=31
num_cat=5
split_feature=10 10 14 13 10 15 0 18 34 0 14 14 16 25 12 0 26 14 11 12 13 29 13 3 13 23 16 34 22 0
split_gain=29.0619 6.75934 5.86024 4.76711 3.42989 7.40732 3.19468 4.31284 3.975 2.82836 2.91607 3.84908 2.42117 5.66482 1.67691 1.51224 1.20652 0.88442 2.36301 2.28266 2.09641 0.78939 0.778771 0.633541 0.774879 0.478044 0.474608 0.4372 0.430912 0.420577
threshold=843.21428571428589 521.50000000000011 0.97112537654464559 1845.8302354421901 1200.0714285714287 0.054805126479326886 0 0.20000000000000182 4.3150000000000004 1 0.69056404122701587 0.78857998149907527 0.97872324816535838 1545.5000000000002 567.21666666666681 2 21.975000000000005 0.8697513045430848 213.51647599187078 2075.9000000000005 1861.9475379474175 29.225000000000005 1624.1763295099065 3 1850.21083927053 945.50000000000011 -0.70291267844185523 5.1650000000000009 695.50000000000011 4
decision_type=2 2 2 2 2 2 9 2 2 9 2 2 2 2 2 9 2 2 2 2 2 2 2 9 2 2 2 2 2 9
left_child=1 14 9 15 5 23 7 16 -9 10 21 -12 26 -14 -1 28 -7 -6 27 20 -20 -3 -17 24 -2 -5 -8 -19 -4 -11
right_child=4 2 3 25 17 6 12 8 -10 29 11 -13 13 -15 -16 22 -18 18 19 -21 -22 -23 -24 -25 -26 -27 -28 -29 -30 -31
leaf_value=-1.7601110164920808 -0.54070627475163824 0.1992532974974251 0.064285471060424898 0.16586064742730089 2.6350819318918717 0.29904525098753687 -0.3512569440179204 -0.27088317449017146 -1.2625359091705053 -0.13354843354309157 -1.3307707433660243 -0.5228840942704589 -0.77939963242135091 1.1560117913921113 -1.0539333700408642 -1.5567257785627391 -0.47404475277753877 -0.39062781602377705 -0.38517076886255647 0.070359530394737205 -1.4487745392903637 -0.3160864857125098 -0.64871646790537474 0.66023972013872723 0.21153966461256868 -0.34151061456444753 0.045735997474734551 1.4697680347764732 -0.80259665081849807 0.068299266253747007
leaf_weight=31 59 167 31 97 9630 87 37 30 47 299 82 291 52 59 34 215 101 38 60 220 59 75 107 2039 102 30 463 1001 74 303
leaf_count=31 59 167 31 97 9630 87 37 30 47 299 82 291 52 59 34 215 101 38 60 220 59 75 107 2039 102 30 463 1001 74 303
internal_value=0.000162678 -0.00101905 -0.000894187 -0.00175315 0.000317501 1.88495e-05 -0.000754846 -0.00165761 -0.00373718 -0.000493842 -0.00096246 -0.00153342 -0.000312701 -0.00164732 -0.00420455 -0.00225818 -0.000825397 0.000400036 0.000151559 -0.000560294 -0.00167083 -7.81893e-05 -0.00260961 0.000331667 -0.000229651 0 0 0.00039375 -0.00075431 0
internal_weight=15920 1836 1771 554 14084 3076 876 265 77 1217 615 373 611 111 65 427 188 11008 1378 339 119 242 322 2200 161 127 500 1039 105 602
internal_count=15920 1836 1771 554 14084 3076 876 265 77 1217 615 373 611 111 65 427 188 11008 1378 339 119 242 322 2200 161 127 500 1039 105 602
cat_boundaries=0 1 2 3 4 5
cat_threshold=3739776 570433 557122 8 2115604
is_linear=0
shrinkage=0.01


Tree=74
num_leaves=31
num_cat=4
split_feature=10 10 7 13 7 19 11 10 15 15 28 19 15 12 28 0 20 18 0 11 19 0 25 11 0 13 17 12 20 25
split_gain=28.9001 7.51323 6.70349 8.94179 4.50236 3.96423 2.79854 2.01042 4.89672 2.88827 3.78982 2.39874 1.96871 1.67691 1.19 0.863149 1.22916 0.839826 1.20384 1.00515 0.557536 0.515971 0.663216 0.723723 0.436988 0.769532 1.90793 3.06352 0.373398 1.57187
threshold=929.21428571428589 521.50000000000011 137.50000000000003 1578.723381342166 51.500000000000007 0.39999999999999963 93.024952614063764 1332.214285714286 0.2332836900311728 0.83730377313544024 22.625000000000004 5.9499999999999975 -0.32613736746952143 567.21666666666681 22.125000000000004 0 20.925000000000004 0.60000000000000198 1 81.467200528214576 1.5500000000000003 2 1645.5000000000002 125.35663410559862 3 1859.6753540330126 -0.51297720034420879 2075.9000000000005 22.960714285714293 1327.5000000000002
decision_type=2 2 2 2 2 2 2 2 2 2 2 2 2 2 2 9 2 2 9 2 2 9 2 2 9 2 2 2 2 2
left_child=1 13 3 4 -3 -6 20 8 21 10 14 -12 -8 -1 -10 16 -11 18 19 -4 -5 22 -2 -24 -9 28 27 -27 29 -26
right_child=7 2 17 6 5 -7 12 24 9 15 11 -13 -14 -15 -16 -17 -18 -19 -20 -21 -22 -23 23 -25 25 26 -28 -29 -30 -31
leaf_value=-1.7425099063271605 0.54207140420998357 -1.291707092984181 -0.64387081087411391 0.0652480285675891 -0.22529987790844039 -1.2177660634807028 -0.024409223314549248 3.0378870219312488 -0.7347949877939659 0.79506127207551003 -0.6001175690176328 2.9646742662703804 -0.89668084117492675 -1.043394036340455 -0.77432211210651403 0.42728017695174819 -0.59043661667612979 0.79533393417332154 0.12157174166767182 0.052436837805880869 -0.18812579976689919 0.92225316273094093 -0.31299764516696971 -0.86208622303359217 -0.64275825287283372 -1.4090085616838783 2.9005440932077464 -0.13316160928134924 3.6075142446327164 1.7586505659559319
leaf_weight=31 294 30 71 334 164 383 165 6024 52 49 239 165 455 34 35 362 58 344 224 35 142 2319 69 33 105 48 457 151 2213 835
leaf_count=31 294 30 71 334 164 383 165 6024 52 49 239 165 455 34 35 362 58 344 224 35 142 2319 69 33 105 48 457 151 2213 835
internal_value=0.000163934 -0.000842934 -0.000743825 -0.00108333 -0.00209602 -0.00185493 -0.000539654 0.000344511 0.000140778 -0.000468262 -0.00100508 -0.000562963 -0.000982287 -0.00420455 -0.00291477 7.34043e-05 -0.000648305 8.44445e-05 -0.000256798 -0.00108547 1.67715e-05 0.000359904 0 -0.000669903 0.000419616 0.000323168 0 -0.0008025 0.000388871 0.000201913
internal_weight=15920 2412 2347 1673 577 547 1096 13508 3675 960 491 404 620 65 87 469 107 674 330 106 476 2715 396 102 9833 3809 656 199 3153 940
internal_count=15920 2412 2347 1673 577 547 1096 13508 3675 960 491 404 620 65 87 469 107 674 330 106 476 2715 396 102 9833 3809 656 199 3153 940
cat_boundaries=0 1 2 3 4
cat_threshold=528386 581633 78336 188651
is_linear=0
shrinkage=0.01


Tree=75
num_leaves=31
num_cat=4
split_feature=10 0 14 14 13 32 10 15 13 0 13 7 0 24 12 13 32 24 0 14 30 13 17 29 25 21 23 12 34 11
split_gain=33.7902 6.77683 5.37265 4.39798 4.07684 4.78918 2.99304 10.2475 2.29308 2.3625 2.18796 3.77467 1.71061 1.33505 2.32865 1.31353 1.5692 1.39186 0.8941 0.8576 0.680815 1.65555 2.28942 2.39381 0.675525 0.650345 0.607647 0.541448 0.456255 0.404798
threshold=793.07142857142867 0 0.97112537654464559 0.59177612190863982 1541.4035141340294 1.3999999999999868 1021.5000000000001 0.70138038092733435 1868.3527720027721 1 1477.8363553701329 146.50000000000003 2 1976.9000000000003 1935.2833333333335 1581.8140433337155 1.2000000000000199 1397.5000000000002 3 0.79904096188274243 22.525000000000002 1647.720770821051 0.40614348274680406 21.275000000000002 2900.5000000000005 747.50000000000011 1500.5000000000002 934.03333333333342 5.7300000000000013 99.068398681445004
decision_type=2 9 2 2 2 2 2 2 2 9 2 2 9 2 2 2 2 2 9 2 2 2 2 2 2 2 2 2 2 2
left_child=1 4 10 20 5 -1 7 15 9 28 11 19 13 24 -15 16 -5 -17 25 -3 21 22 23 -2 -8 -12 -24 -11 -4 -6
right_child=3 2 8 6 29 -7 12 -9 -10 27 18 -13 -14 14 -16 17 -18 -19 -20 -21 -22 -23 26 -25 -26 -27 -28 -29 -30 -31
leaf_value=-1.6564530933421233 -1.048076644079815 -1.1018304562142158 0.1091330192545136 -0.82317303398976172 -0.053616209552451721 -0.37621016884407688 0.50794817590304864 -0.92431992634087579 0.070910626532003543 -1.4961738716362516 -0.17989790344465348 0.020664481498184721 0.55677795598377688 -1.5553838800414697 -0.33454330364311474 0.0055149655902304653 0.040784938840307768 -0.60911023188117996 0.063257561841034551 -0.6112647067804059 2.1130093795997147 2.1251926524622062 -0.21107370318254312 -0.37493910316109935 -1.3008147185999284 -1.3078060399855778 1.2882167711817059 -0.5649406253667062 -0.96800805344659624 -1.124508979253094
leaf_weight=83 32 89 41 38 31 32 377 57 42 218 128 148 2483 42 192 932 31 65 325 133 7444 1995 314 73 34 79 324 44 60 30
leaf_count=83 32 89 41 38 31 32 377 57 42 218 128 148 2483 42 192 932 31 65 325 133 7444 1995 314 73 34 79 324 44 60 30
internal_value=0.000156311 -0.00127931 -0.000991275 0.000304593 -0.0031123 -0.0044181 3.18674e-05 -0.000407918 -0.00196429 -0.00222115 -0.000552602 -0.00114555 0.000193033 -0.000255335 -0.00086383 -0.000175258 -0.00150714 -7.16433e-05 -0.000120075 -0.00196861 0.00041746 0.000273457 -0.000118952 -0.00148585 6.18932e-05 -0.000626147 9.23318e-05 -0.00270696 -0.00053125 -0.000959677
internal_weight=15916 1483 1307 14433 176 115 4251 1123 405 363 902 370 3128 645 234 1066 69 997 532 222 10182 2738 743 105 411 207 638 262 101 61
internal_count=15916 1483 1307 14433 176 115 4251 1123 405 363 902 370 3128 645 234 1066 69 997 532 222 10182 2738 743 105 411 207 638 262 101 61
cat_boundaries=0 1 2 3 4
cat_threshold=528384 34882 3478032 2132017
is_linear=0
shrinkage=0.01


Tree=76
num_leaves=31
num_cat=6
split_feature=10 0 14 14 22 10 15 33 11 14 0 12 0 25 0 14 12 11 0 17 34 20 12 16 7 10 0 12 33 24
split_gain=32.6515 6.1725 5.26932 4.32119 3.60694 2.91702 8.21312 3.3716 2.06818 1.95207 2.73751 2.39232 1.81908 3.29931 1.69138 1.61654 2.64045 1.25278 1.22506 1.15222 3.35899 0.926528 1.6705 3.74114 5.40939 0.795886 0.739222 0.540557 0.435232 0.433243
threshold=793.07142857142867 0 0.97112537654464559 0.59177612190863982 500.50000000000006 1095.8571428571431 0.67644692717078936 0.39999999999999963 69.863813100642773 0.69056404122701587 1 715.91666666666686 2 1397.5000000000002 3 0.63257020223555627 703.25000000000011 113.38934190281458 4 -0.52765736634565841 6.2950000000000008 22.710714285714293 1887.2000000000003 -0.93881210897455081 320.50000000000006 647.21428571428589 5 652.60000000000014 8.2999999999999954 1397.5000000000002
decision_type=2 9 2 2 2 2 2 2 2 2 9 2 9 2 9 2 2 2 9 2 2 2 2 2 2 2 9 2 2 2
left_child=1 4 9 21 -1 6 17 8 -8 27 -11 -12 28 25 19 -6 -17 29 -19 20 -7 22 23 24 -2 -14 -25 -3 -4 -5
right_child=3 2 12 5 15 14 7 -9 -10 10 11 -13 13 -15 -16 16 -18 18 -20 -21 -22 -23 -24 26 -26 -27 -28 -29 -30 -31
leaf_value=-1.6204125622180801 0.1218699689981753 -0.18189105113974255 -0.040383888091851027 0.1557932826163291 0.012894825453275161 -1.2410622227822103 -0.73751387953032532 -0.089619080976215668 -1.2309089541336558 -0.072352742805089007 -0.86550870323980322 -0.60465090826878276 -0.92554659025963215 -0.35345146457534865 0.81939621017780184 -1.3279842328052354 -0.82339590827953835 -0.5326811419260179 -0.1415367620742056 1.422054639219468 0.62343593320947865 2.2055642065792807 4.0995048019308049 1.0332038956737042 -1.0902142806993942 -1.5758231181100533 -0.16206651610018727 0.42162546649362276 -0.99641895862992913 -0.41484851435746967
leaf_weight=48 62 130 71 630 31 120 31 42 51 247 132 194 42 88 2271 47 50 146 475 249 196 7072 1850 631 47 168 520 199 36 40
leaf_count=48 62 130 71 630 31 120 31 42 51 247 132 194 42 88 2271 47 50 146 475 249 196 7072 1850 631 47 168 520 199 36 40
internal_value=0.000158824 -0.00125236 -0.0009761 0.000304593 -0.00300535 3.42192e-05 -0.000333686 -0.002784 -0.00396386 -0.000541528 -0.000894599 -0.00147478 -0.00193966 -0.00233333 0.000221361 -0.00213953 -0.00277041 -8.86223e-05 -0.000417203 -0.000256076 -0.00066877 0.000416478 0.000265188 -7.9302e-06 -0.00177727 -0.00310427 0.000152344 4.39394e-05 -0.000478814 0.000201192
internal_weight=15916 1483 1307 14433 176 4251 1415 124 82 902 573 326 405 298 2836 128 97 1291 621 565 316 10182 3110 1260 109 210 1151 329 107 670
internal_count=15916 1483 1307 14433 176 4251 1415 124 82 902 573 326 405 298 2836 128 97 1291 621 565 316 10182 3110 1260 109 210 1151 329 107 670
cat_boundaries=0 1 2 3 4 5 6
cat_threshold=528384 1138854 34882 3478032 100416 57515
is_linear=0
shrinkage=0.01


Tree=77
num_leaves=31
num_cat=3
split_feature=10 0 14 14 21 13 10 15 7 0 14 13 0 11 14 12 21 7 20 7 20 13 17 7 28 12 12 10 18 10
split_gain=31.475 5.55204 4.43001 4.38187 4.03674 3.37114 3.08165 10.201 1.77535 1.38673 1.37372 2.80871 1.32608 1.28203 1.11568 1.2624 1.01887 0.939653 0.930879 1.88854 0.926528 1.93258 3.65281 3.29879 0.86586 0.675012 0.530537 0.445658 0.445382 0.388977
threshold=793.07142857142867 0 0.59177612190863982 0.69056404122701587 550.50000000000011 1645.8081581098152 1021.5000000000001 0.70138038092733435 82.500000000000014 1 0.98049069993378934 1891.6318444589881 2 95.181529999744058 0.92273069556937592 755.1500000000002 795.50000000000011 135.50000000000003 26.967857142857145 61.500000000000007 22.710714285714293 1685.2654000222544 0.44890178019517757 320.50000000000006 30.875000000000004 1572.4666666666669 652.60000000000014 910.78571428571433 0.19999999999998672 1332.214285714286
decision_type=2 9 2 2 2 2 2 2 2 9 2 2 9 2 2 2 2 2 2 2 2 2 2 2 2 2 2 2 2 2
left_child=1 4 20 26 17 8 7 10 16 18 27 -12 -10 -7 28 -16 -5 -1 19 -8 21 22 23 -2 -15 -24 -3 -4 -6 -11
right_child=2 3 6 5 14 13 9 -9 12 29 11 -13 -14 24 15 -17 -18 -19 -20 -21 -22 -23 25 -25 -26 -27 -28 -29 -30 -31
leaf_value=-2.0148432784253694 -0.34522162048462274 -0.18007214062834553 -0.036881323918468996 -0.1304063206761516 -0.5468160606346032 0.095621540093874635 0.73510971421715909 -0.90276763753613065 -0.53345977238884645 0.096595179400800785 -0.65415107717851828 0.03504476884711534 -1.2702667113587904 -1.2077517434848022 -1.2607111244519205 -0.90297679605816006 -1.2072153419633818 -0.51458886602602061 1.1829323791474595 -0.88836325386461967 2.1835085645134877 2.5712833942342206 -0.20033489830555148 -0.99512268797771442 0.16857246112213822 1.1845965871986548 0.40015669081751393 0.48809182419841807 0.56172719695905227 1.2841059545064679
leaf_weight=51 109 130 392 138 33 146 191 57 140 934 168 206 360 84 32 41 31 35 257 197 7072 2011 374 55 37 561 194 300 31 1549
leaf_count=51 109 130 392 138 33 146 191 57 140 934 168 206 360 84 32 41 31 35 257 197 7072 2011 374 55 37 561 194 300 31 1549
internal_value=0.00016008 -0.0012254 0.000303208 -0.000928403 -0.0026859 -0.00128282 2.95155e-05 -0.000416815 -0.00166493 0.000193033 -0.00018463 -0.000674667 -0.00197605 -0.000285448 -0.00160507 -0.00247973 -0.000679412 -0.00456322 -0.000209604 -0.000529563 0.000416478 0.000265188 -6.40909e-05 -0.00144242 -0.00106148 0.000168269 3.69231e-05 6.63781e-05 -0.000430769 0.000301323
internal_weight=15916 1483 14433 1260 223 936 4251 1123 669 3128 1066 374 500 267 137 73 169 86 645 388 10182 3110 1099 164 121 935 324 692 64 2483
internal_count=15916 1483 14433 1260 223 936 4251 1123 669 3128 1066 374 500 267 137 73 169 86 645 388 10182 3110 1099 164 121 935 324 692 64 2483
cat_boundaries=0 1 2 3
cat_threshold=1576960 3478032 67718
is_linear=0
shrinkage=0.01


Tree=78
num_leaves=31
num_cat=0
split_feature=10 14 12 14 14 19 10 15 33 19 12 11 13 14 13 11 13 20 13 15 7 21 11 14 33 12 7 12 11 21
split_gain=30.734 5.25215 6.63365 4.26729 3.4585 2.95635 2.95457 7.17007 3.65364 2.65502 1.88212 1.81236 1.32394 1.22698 2.76137 0.934956 0.923734 0.914152 1.89713 2.8882 3.00035 0.883616 0.787503 1.70686 1.85016 0.606042 0.409829 1.48831 0.321186 0.319635
threshold=793.07142857142867 0.69056404122701587 623.35000000000014 0.59177612190863982 0.95242846126021108 0.79999999999999971 1095.8571428571431 0.67644692717078936 0.39999999999999963 0.099999999999999964 607.75000000000011 69.863813100642773 1477.8363553701329 0.98049069993378934 1891.6318444589881 62.678317052708593 1432.580681875728 23.067857142857147 1685.2654000222544 0.84658398682345093 320.50000000000006 677.50000000000011 123.92393980643335 0.88220160189607266 0.69999999999999962 1572.4666666666669 44.500000000000007 1388.4000000000003 110.33153499920104 753.00000000000011
decision_type=2 2 2 2 2 2 2 2 2 2 2 2 2 2 2 2 2 2 2 2 2 2 2 2 2 2 2 2 2 2
left_child=1 10 5 17 12 -3 7 13 11 -6 15 -9 16 28 -15 -1 -4 18 19 20 -2 -11 26 -24 -25 -21 27 -8 -5 -14
right_child=3 2 4 6 9 -7 22 8 -10 21 -12 -13 29 14 -16 -17 -18 -19 -20 25 -22 -23 23 24 -26 -27 -28 -29 -30 -31
leaf_value=-0.56943319829768357 -0.29961528567564755 -0.93645050637516747 -0.4301695454604606 0.20143674026027961 -0.076642697289663289 -1.6346778503025419 -1.2757378649281426 -0.72111106435966077 -0.079695213791091457 -1.1682533095457526 0.082062804762297242 -1.2139016194624788 -0.13099291990600456 -0.52023750144002812 0.069990746717128335 0.004803241931554081 -0.63030183836725084 2.1900848141778875 2.4926531130977261 -0.18858086398992133 -0.99569514233727263 -1.2296597125702333 1.9175197060757798 0.28716347654317509 -0.52233191269776424 0.97054171303246639 1.7714155044838891 4.0566947765922343 -0.075349518546523719 -0.41683747114672876
leaf_weight=47 148 40 63 469 72 51 31 31 42 183 302 51 272 189 242 30 45 6721 2239 391 54 298 737 363 325 629 1266 114 391 80
leaf_count=47 148 40 63 469 72 51 31 31 42 183 302 51 272 189 242 30 45 6721 2239 391 54 298 737 363 325 629 1266 114 391 80
internal_value=0.00016385 -0.00120519 -0.00155475 0.000305286 -0.00130523 -0.00417935 3.6571e-05 -0.000333686 -0.002624 -0.00184747 -0.000159211 -0.00384337 -0.000629067 -0.000104102 -0.000542824 -0.00155769 -0.00161468 0.000416478 0.000277441 -3.18888e-05 -0.00112808 -0.00211515 0.000224885 5.08415e-05 -0.000298984 0.000176298 0.000393414 -5.13698e-05 0.00010453 -0.000294618
internal_weight=15916 1483 1104 14433 1013 91 4251 1415 124 553 379 82 460 1291 431 77 108 10182 3461 1222 202 481 2836 1425 688 1020 1411 145 860 352
internal_count=15916 1483 1104 14433 1013 91 4251 1415 124 553 379 82 460 1291 431 77 108 10182 3461 1222 202 481 2836 1425 688 1020 1411 145 860 352
is_linear=0
shrinkage=0.01


Tree=79
num_leaves=31
num_cat=2
split_feature=10 0 14 21 14 13 10 15 14 13 0 7 30 14 12 25 7 21 7 14 13 30 13 17 29 12 23 10 28 13
split_gain=29.187 5.67544 4.33985 4.27967 3.90943 3.00367 2.84255 8.77189 1.58421 2.80871 1.5526 1.36172 1.44905 1.35868 1.2624 1.17492 1.1196 1.00133 0.939653 0.860995 0.667644 0.630139 1.65555 1.98709 1.77492 0.530537 0.513444 0.388977 1.19541 0.33234
threshold=793.07142857142867 0 0.59177612190863982 550.50000000000011 0.69056404122701587 1641.3143167721489 1021.5000000000001 0.67644692717078936 0.98049069993378934 1891.6318444589881 1 82.500000000000014 28.875000000000004 0.92273069556937592 755.1500000000002 1749.7900000000002 60.500000000000007 795.50000000000011 135.50000000000003 0.94704596667653973 1868.3527720027721 22.525000000000002 1647.720770821051 0.44890178019517757 22.475000000000005 652.60000000000014 1510.5000000000002 1332.214285714286 22.475000000000005 1614.4764172335601
decision_type=2 9 2 2 2 2 2 2 2 2 9 2 2 2 2 2 2 2 2 2 2 2 2 2 2 2 2 2 2 2
left_child=1 3 21 18 25 11 7 8 -4 -10 15 17 -13 -5 -15 -8 -17 -6 -1 -7 -21 22 23 24 -2 -3 -25 28 -12 -9
right_child=2 4 6 13 5 19 10 29 9 -11 27 12 -14 14 -16 16 -18 -19 -20 20 -22 -23 -24 26 -26 -27 -28 -29 -30 -31
leaf_value=-1.9858664912299069 -0.90474403356307109 -0.17550881987902389 0.052542348082608471 -0.40472007078653505 -0.1282671059332664 0.11226363829145719 1.5161825419607342 -1.2085791069068337 -0.64240719139233204 0.033994413691472526 -0.65017330843187393 -1.1552569771840764 -0.52637969734956103 -1.2358074160816988 -0.88165043099017715 1.4667633814060077 -0.82704219699573511 -1.1899074919484642 -0.50374864538278386 -1.0520558037136145 0.074201739354122345 2.0414846492307777 2.0492659036339909 -0.20345313828676323 0.29558410091199622 0.3953344958617161 1.5769235296586044 1.2732502231951031 0.20411803860655478 -0.30957786068938886
leaf_weight=51 83 130 673 64 136 113 237 45 168 206 30 328 163 32 41 120 288 31 35 119 46 7444 1995 301 49 194 310 1549 904 31
leaf_count=51 83 130 673 64 136 113 237 45 168 206 30 328 163 32 41 120 288 31 35 119 46 7444 1995 301 49 194 310 1549 904 31
internal_value=0.000162593 -0.0011715 0.000300436 -0.00264316 -0.000873328 -0.00120811 2.95155e-05 -0.000399021 -0.000149332 -0.000674667 0.000186641 -0.00157967 -0.00185874 -0.00153261 -0.00247973 -0.000240091 -0.000577017 -0.000693452 -0.00456322 -0.000290323 -0.000768072 0.00041255 0.000273457 -0.000118952 -0.00123308 3.69231e-05 0.000107026 0.000301323 0.000125134 -0.00366234
internal_weight=15916 1483 14433 223 1260 936 4251 1123 1047 374 3128 658 491 137 73 645 408 167 86 278 165 10182 2738 743 132 324 611 2483 934 76
internal_count=15916 1483 14433 223 1260 936 4251 1123 1047 374 3128 658 491 137 73 645 408 167 86 278 165 10182 2738 743 132 324 611 2483 934 76
cat_boundaries=0 1 2
cat_threshold=1576960 3478032
is_linear=0
shrinkage=0.01


Tree=80
num_leaves=31
num_cat=7
split_feature=12 14 14 0 19 19 15 14 0 22 23 12 29 0 26 15 0 0 20 12 0 16 15 13 28 12 13 0 19 20
split_gain=19.795 7.74327 6.60454 5.11252 2.82891 5.66565 10.7822 4.19178 4.87877 3.54339 2.35727 2.14883 2.15708 1.94077 1.32809 2.7981 1.16139 1.03843 0.990264 2.40917 2.08973 2.34825 0.897386 0.782854 0.666922 0.619036 0.597949 0.498277 0.383212 0.373169
threshold=779.75000000000011 0.71503381463111937 0.59177612190863982 0 0.2499999999999965 0.29999999999999999 0.63089349388778826 0.94978112945126536 1 1267.8500000000001 550.50000000000011 607.75000000000011 28.925000000000004 2 27.725000000000005 0.17435360825960186 3 4 23.067857142857147 1808.3500000000001 5 -0.92641089502887486 -0.32613736746952143 1758.815593126166 29.125000000000004 912.08333333333337 1928.025762075026 6 0.30000000000000032 29.296428571428574
decision_type=2 2 2 9 2 2 2 2 9 2 2 2 2 9 2 2 9 9 2 2 9 2 2 2 2 2 2 9 2 2
left_child=1 11 18 10 17 6 -6 16 -9 -8 -3 12 -1 28 15 -15 -7 23 19 20 21 -2 -12 -4 -16 -19 -25 29 -5 -13
right_child=2 3 4 13 5 7 9 8 -10 -11 22 27 -14 14 24 -17 -18 25 -20 -21 -22 -23 -24 26 -26 -27 -28 -29 -30 -31
leaf_value=0.087389687150524045 -0.69137734074270785 -1.6436284162333035 1.262445086322165 -0.38913781833605271 0.11505853174444773 -0.39773267292265746 -1.1808842240451773 -1.174325649730497 -0.19350981817564145 -0.073008057917057084 -0.7653489517215033 0.23430989492946641 -0.56758001437915373 -1.4524969650292678 -0.027099206118606098 -0.045019079798778935 0.37638440472755924 -0.19972482335297334 2.2471735136968842 3.5822815736836042 0.50445323735298797 -0.22013016991329803 -2.4080742490758569 -0.9010276458249995 -1.2970852056093785 0.66932296940414016 -0.0090027807811840707 0.34431706023841613 0.24084169915571416 -0.53837874651420281
leaf_weight=31 55 49 74 36 166 339 109 105 795 30 32 54 49 165 78 62 1306 127 6621 2281 708 451 59 66 100 1566 38 278 78 65
leaf_count=31 55 49 74 36 166 339 109 105 795 30 32 54 49 165 78 62 1306 127 6621 2281 708 451 59 66 100 1566 38 278 78 65
internal_value=0.000168806 -0.00110114 0.000266781 -0.00180379 -4.01313e-05 -0.000240267 -0.00152778 -8.15004e-05 -0.00063263 -0.003575 -0.00350993 -0.000107741 -0.00160494 -0.00122736 -0.00155649 -0.00213377 0.000214156 0.000259348 0.000410991 0.000268164 -8.47736e-05 -0.000574468 -0.00254891 -0.000428571 -0.000843575 0.000338322 -0.00102857 0.000172111 0 -0.000311538
internal_weight=15973 1136 14837 659 4721 2850 305 2545 900 139 140 477 80 519 405 227 1645 1871 10116 3495 1214 506 91 178 178 1693 104 397 114 119
internal_count=15973 1136 14837 659 4721 2850 305 2545 900 139 140 477 80 519 405 227 1645 1871 10116 3495 1214 506 91 178 178 1693 104 397 114 119
cat_boundaries=0 1 2 3 4 5 6 7
cat_threshold=528385 333824 18562 2363909 1052672 3740690 8304
is_linear=0
shrinkage=0.01


Tree=81
num_leaves=31
num_cat=4
split_feature=21 7 22 0 32 13 17 16 13 17 0 32 16 12 15 11 13 13 0 20 12 16 7 13 24 16 12 0 13 33
split_gain=19.3153 6.95211 6.92935 4.78268 5.88722 4.555 3.09112 2.7982 2.62746 2.47421 1.97079 1.83635 2.22173 1.30906 2.15092 1.28032 1.05699 0.95982 0.921309 0.704439 2.53073 2.40458 2.78277 1.20338 0.605636 1.0669 0.505491 0.393296 0.320521 0.074809
threshold=695.50000000000011 137.50000000000003 1020.4050000000001 0 1.9000000000000021 1636.3253132832081 -0.93919267210266388 0.98519415784776321 1519.7847639724878 -0.88320848168588306 1 0.19999999999998672 0.27694220057652758 788.06666666666672 -0.84313311835787952 105.0897573490568 1876.3042325817323 1516.9172005800544 2 23.067857142857147 1865.8000000000002 -0.93881210897455081 320.50000000000006 1604.0368201529059 1500.5000000000002 0.49253244405029933 652.60000000000014 3 1496.2882490957086 0.29999999999999788
decision_type=2 2 2 9 2 2 2 2 2 2 9 2 2 2 2 2 2 2 9 2 2 2 2 2 2 2 2 9 2 2
left_child=3 2 5 4 8 7 28 9 -1 -2 24 16 -13 14 -8 27 -12 -16 -17 20 21 22 -3 -23 25 -4 -21 -7 -5 -15
right_child=1 19 10 6 -6 15 13 -9 -10 -11 11 12 -14 29 17 18 -18 -19 -20 26 -22 23 -24 -25 -26 -27 -28 -29 -30 -31
leaf_value=-1.4461560698078908 -1.3683903810940399 -0.29392255128971001 0.74830947078689181 -1.4930532922518907 0.62720067821823988 -0.13889904585628524 0.10583404054024512 -1.2035227076316468 -1.2738982167651391 -0.19635719033897339 0.99330256605204048 0.55015148985846241 -0.83622606389804943 -0.24383115446294823 -0.9455125335386958 -0.93761075629817936 -0.27861745167799878 -0.25882941280790256 -0.20129594997470179 -0.17524737341532073 4.3965736939232043 -0.29207656041149621 -0.69501830039170553 1.0562312584991336 1.2412910127247541 -0.093322928252107737 1.9812853764280745 0.19401538833375243 -0.77211825359200903 0.12856619167372887
leaf_weight=64 199 64 610 41 31 125 85 36 37 307 1198 167 252 35 181 112 391 105 325 37 1580 218 53 357 1582 326 6914 371 63 107
leaf_count=64 199 64 610 41 31 125 85 36 37 307 1198 167 252 35 181 112 391 105 325 37 1580 218 53 357 1582 326 6914 371 63 107
internal_value=0.000170684 0.000248407 -1.49117e-05 -0.001394 -0.0031049 -0.00061145 -0.000941879 -0.00134254 -0.0045049 -0.00111834 0.00017738 -5.25012e-05 -0.000644048 -0.000609922 -0.000926075 -0.000175054 9.71698e-05 -0.00134843 -0.000574201 0.000420804 0.000257809 -0.000236652 -0.00153814 1.30208e-05 0.000363385 0.000147279 0.000472598 0.000156942 -0.00255238 0.000146853
internal_weight=15973 15224 6001 749 132 1475 617 542 101 506 4526 2008 419 513 371 933 1589 286 437 9223 2272 692 117 575 2518 936 6951 496 104 142
internal_count=15973 15224 6001 749 132 1475 617 542 101 506 4526 2008 419 513 371 933 1589 286 437 9223 2272 692 117 575 2518 936 6951 496 104 142
cat_boundaries=0 1 2 3 4
cat_threshold=528384 188654 104512 3148808
is_linear=0
shrinkage=0.01


Tree=82
num_leaves=31
num_cat=5
split_feature=22 21 14 0 14 21 16 19 14 0 14 18 15 12 0 19 25 0 29 0 20 12 16 34 20 30 32 14 33 33
split_gain=19.0121 5.58781 5.15251 3.80531 3.78664 2.7807 9.31917 1.89416 1.72291 1.97839 1.66696 2.03539 1.6451 2.06134 1.64202 1.60931 1.35877 1.21455 1.18397 1.0377 0.955779 2.33151 2.83084 4.4497 0.928198 0.831151 1.80579 0.529199 0.4068 1.30941
threshold=800.50000000000011 577.50000000000011 0.60555468348150676 0 0.97112537654464559 1051.5000000000002 0.97872324816535838 0.099999999999999964 0.95752911693909493 1 0.58481550752069722 1.0000000180025095e-35 -0.82413948779581736 678.23333333333346 2 0.74999999999999656 1450.5000000000002 3 23.025000000000002 4 23.067857142857147 1865.8000000000002 -0.93881210897455081 4.2150000000000007 21.003571428571433 26.975000000000005 0.20000000000001514 0.94704596667653973 0.19999999999999471 0.39999999999999963
decision_type=2 2 2 9 2 2 2 2 2 9 2 2 2 2 9 2 2 9 2 9 2 2 2 2 2 2 2 2 2 2
left_child=1 3 20 10 12 6 8 -6 -4 -10 -1 -12 -3 15 25 -14 -8 -15 -9 -20 21 22 23 -2 -24 26 -7 -5 -16 -30
right_child=2 4 5 27 7 14 16 18 9 -11 11 -13 13 17 28 -17 -18 -19 19 -21 -22 -23 24 -25 -26 -27 -28 -29 29 -31
leaf_value=-0.1843454355413314 -0.71529435670581021 0.28592340399281618 0.22521760975806893 -0.10683057119297346 0.14343464411061699 -0.22075781357662494 -1.1635605750023568 0.015603102116342594 0.063091629965444526 -0.7978559554000364 -0.82144064142003292 -1.7027865400277982 -0.1727354325795902 -0.5119398456277735 1.3033984886860142 -0.98476541504982795 -0.70780093302054914 0.079202831998233872 -0.36660354438524301 -1.2427784407419318 2.2477809730266989 4.1485851494623391 1.1889578451257088 -0.09389638789949635 -0.17256286443987709 0.54318649978302636 -1.1871222343071264 -1.205986060966163 -0.30092419875989196 0.34607226515721423
leaf_weight=31 43 323 562 85 61 390 53 36 222 243 50 47 84 226 1062 92 31 382 101 176 6608 2161 522 74 674 205 65 42 84 1238
leaf_count=31 43 323 562 85 61 390 53 36 222 243 50 47 84 226 1062 92 31 382 101 176 6608 2161 522 74 674 205 65 42 84 1238
internal_value=0.000167554 -0.000818653 0.000288559 -0.00219727 -0.000573212 -5.41385e-06 -0.000435701 -0.001448 -0.000161965 -0.000616953 -0.00335252 -0.00430102 -0.000267599 -0.000519745 0.00014844 -0.00148023 -0.00362353 -0.000223317 -0.00176274 -0.00198381 0.000410691 0.00026964 -5.59361e-05 -0.00153814 8.18714e-05 -0.000283159 -0.000531798 -0.000626812 0.000272234 0.000144369
internal_weight=15973 1736 14237 255 1481 4155 1111 374 1027 465 128 97 1107 784 3044 176 84 608 313 277 10082 3474 1313 117 1196 660 455 127 2384 1322
internal_count=15973 1736 14237 255 1481 4155 1111 374 1027 465 128 97 1107 784 3044 176 84 608 313 277 10082 3474 1313 117 1196 660 455 127 2384 1322
cat_boundaries=0 1 2 3 4 5
cat_threshold=2625537 557290 4002304 2111509 2098370
is_linear=0
shrinkage=0.01


Tree=83
num_leaves=31
num_cat=4
split_feature=10 10 14 13 7 10 13 0 33 16 20 28 12 13 0 0 7 34 12 0 18 20 12 16 34 13 22 12 25 24
split_gain=26.6231 5.68555 5.22978 3.94506 3.10473 4.59321 2.21665 2.10753 3.3457 6.5172 1.6368 1.70273 1.28887 2.31346 1.41561 0.953028 0.769368 2.50464 0.734176 0.71405 2.06111 0.684958 2.641 2.33531 4.4497 1.39344 0.407052 0.216406 0.212299 0.178903
threshold=843.21428571428589 521.50000000000011 0.69056404122701587 1572.7693320210415 109.50000000000001 1200.0714285714287 1400.7628576443744 0 6.3499999999999979 0.90159200968320541 23.410714285714292 29.125000000000004 1290.7000000000003 1840.5025253150457 1 2 60.500000000000007 6.2950000000000008 1698.2833333333335 3 0.19999999999998228 23.067857142857147 1865.8000000000002 -0.93881210897455081 4.2150000000000007 1604.0368201529059 795.50000000000011 1207.6000000000001 747.50000000000011 600.50000000000011
decision_type=2 2 2 2 2 2 2 9 2 2 2 2 2 2 9 9 2 2 2 9 2 2 2 2 2 2 2 2 2 2
left_child=1 6 19 10 5 7 -1 26 9 -9 28 -12 14 -14 -5 -7 18 -18 -17 20 -3 22 23 24 -6 -25 -2 -10 -4 -21
right_child=4 2 3 12 21 15 -8 8 27 -11 11 -13 13 -15 -16 16 17 -19 -20 29 -22 -23 -24 25 -26 -27 -28 -29 -30 -31
leaf_value=-1.5404211537848407 -0.47480092221428449 -0.95914652484205931 -1.0637719663151286 -0.49998363801527684 -0.7081414131387519 1.309804600130632 -0.17456616903495342 -0.29491830750807951 -0.37463688199621897 -1.1443798516907324 -0.61113022018606045 -1.4500176315109841 -0.9451319230922044 -0.098910460005627601 0.021538400264045708 -0.24693271678070269 -0.59606020563788253 1.5588738318639812 2.3991187662093556 0.0018571662002849509 0.13275411366774567 1.8066603057675656 4.3111221054893498 -0.2993139598643535 -0.092957424020501722 1.0349862866283359 0.077989047558274405 2.0543911741633605 -1.3933756706244469 0.26026368307627801
leaf_weight=32 32 40 31 403 43 1855 30 283 46 97 362 139 33 44 295 160 230 383 748 87 78 7470 1580 198 74 355 418 145 31 251
leaf_count=32 32 40 31 403 43 1855 30 283 46 97 362 139 33 44 295 160 230 383 748 87 78 7470 1580 198 74 355 418 145 31 251
internal_value=0.000170058 -0.000954227 -0.000842897 -0.00115833 0.000318636 9.51569e-05 -0.00395238 -0.000488748 -0.000884021 -0.00144357 -0.00180585 -0.00157271 -0.000673325 -0.00194231 -0.000516452 0.0002748 7.86554e-05 -0.000184853 0.000268427 6.12692e-05 -0.000550388 0.000418681 0.000255442 -0.000260805 -0.00153814 0 1.0846e-05 0.000132813 -0.00347619 0.000312321
internal_weight=15973 1856 1794 1338 14117 4397 62 1021 571 380 563 501 775 77 698 3376 1521 613 908 456 118 9720 2250 670 117 553 450 191 62 338
internal_count=15973 1856 1794 1338 14117 4397 62 1021 571 380 563 501 775 77 698 3376 1521 613 908 456 118 9720 2250 670 117 553 450 191 62 338
cat_boundaries=0 1 2 3 4
cat_threshold=26714 3207328 712940 581632
is_linear=0
shrinkage=0.01


Tree=84
num_leaves=31
num_cat=4
split_feature=21 14 0 32 21 13 7 33 14 14 13 0 11 14 12 12 30 32 20 12 0 17 11 12 0 11 18 7 13 13
split_gain=18.4031 7.67966 5.05628 5.88722 4.2954 5.80325 3.56323 7.31409 3.30239 2.64181 2.62746 1.75754 1.22121 1.08547 1.68218 0.961886 0.943272 2.29708 0.840317 2.34755 2.00585 2.33879 0.614616 0.527597 0.471771 0.366457 0.546314 0.493032 0.320521 0.286658
threshold=695.50000000000011 0.59177612190863982 0 1.9000000000000021 1070.5000000000002 1636.3253132832081 49.500000000000007 0.39999999999999963 0.98522604642031408 0.97112537654464559 1519.7847639724878 1 105.0897573490568 0.57077594689671507 755.1500000000002 1404.866666666667 26.975000000000005 0.20000000000001514 23.067857142857147 1808.3500000000001 2 0.44890178019517757 111.13901399520627 652.60000000000014 3 126.58283564604126 0.1000000000000089 44.500000000000007 1496.2882490957086 1600.9209540135041
decision_type=2 2 9 2 2 2 2 2 2 2 2 9 2 2 2 2 2 2 2 2 9 2 2 2 9 2 2 2 2 2
left_child=2 18 3 10 5 6 7 -3 13 -8 -1 16 24 -4 22 -14 17 -6 19 20 21 -2 -15 -20 -7 27 -27 -13 -10 -22
right_child=1 4 8 -5 11 12 9 -9 28 -11 -12 25 15 14 -16 -17 -18 -19 23 -21 29 -23 -24 -25 -26 26 -28 -29 -30 -31
leaf_value=-1.399262432171686 -0.56410676533751047 -1.1916471359903558 0.10185848244363109 0.62445063383221633 -0.21596491609437393 -0.14701202052565052 -0.094772768577429681 0.11925803749878125 -1.4640328975828132 -1.3172516306755497 -1.2569372596018651 -0.063845078410985551 -0.21310642186707177 -0.67043463588398111 0.022212823790497962 -0.69287892035831111 0.52230064538783394 -1.15917653577438 -0.1835315596726439 3.5087251045157526 0.030290900851016152 -0.18554122211037846 -1.1059115926414529 2.0593445117116507 0.2311396371620035 0.31528121801275727 -0.25666109521668451 1.5954617348297302 -0.74596913108032215 1.3763774654503569
leaf_weight=64 96 47 102 31 394 120 315 31 41 205 37 156 449 177 162 53 213 68 35 2281 290 408 72 6793 569 926 249 1109 63 417
leaf_count=64 96 47 102 31 394 120 315 31 41 205 37 156 449 177 162 53 213 68 35 2281 290 408 72 6793 569 926 249 1109 63 417
internal_value=0.000173188 0.000249064 -0.001354 -0.0031049 -7.50255e-05 -0.00046676 -0.00127045 -0.0033038 -0.000894108 -0.000940499 -0.0045049 0.000146823 -5.41107e-05 -0.000551556 -0.000787621 -0.000435388 -0.000295189 -0.000559395 0.000404031 0.000270827 -7.79703e-05 -0.000559223 -0.001302 0.00047064 0.00020942 0.000273358 0.000133929 0.000396919 -0.00255238 0.000255571
internal_weight=15973 15224 749 132 4904 1789 598 78 617 520 101 3115 1191 513 411 502 675 462 10320 3492 1211 504 249 6828 689 2440 1175 1265 104 707
internal_count=15973 15224 749 132 4904 1789 598 78 617 520 101 3115 1191 513 411 502 675 462 10320 3492 1211 504 249 6828 689 2440 1175 1265 104 707
cat_boundaries=0 1 2 3 4
cat_threshold=528384 4002304 3740690 3148800
is_linear=0
shrinkage=0.01


Tree=85
num_leaves=31
num_cat=2
split_feature=21 14 21 16 12 14 0 32 33 14 13 0 32 7 28 13 7 13 14 14 22 13 15 12 15 22 28 29 13 12
split_gain=19.5216 7.62665 3.93732 6.08063 5.84949 3.84207 3.70231 6.07675 3.41429 2.52281 2.10236 1.64698 1.53134 2.82583 1.34287 1.32635 1.67501 0.932583 0.744352 0.980892 0.631313 0.545185 1.35468 1.79921 1.86726 0.534511 0.455558 0.557393 0.454967 0.374146
threshold=695.50000000000011 0.59177612190863982 1151.5000000000002 0.97872324816535838 1258.0666666666668 0.95752911693909493 0 1.0500000000000047 0.099999999999999964 0.98522604642031408 1516.9172005800544 1 0.099999999999982256 85.500000000000014 24.375000000000004 1477.8363553701329 148.50000000000003 1457.0977901940894 0.9962888416657264 0.9916835347852474 830.50000000000011 1688.9300060385788 0.63089349388778826 1887.2000000000003 0.8511460603353429 677.50000000000011 29.075000000000006 30.075000000000006 1876.3042325817323 1344.9000000000003
decision_type=2 2 2 2 2 2 9 2 2 2 2 9 2 2 2 2 2 2 2 2 2 2 2 2 2 2 2 2 2 2
left_child=6 21 3 5 14 20 7 10 -7 15 -1 29 28 -14 -5 16 17 -8 19 -11 -3 22 25 24 -24 -2 -17 -28 -13 -4
right_child=1 2 11 4 -6 8 9 -9 -10 18 -12 12 13 -15 -16 26 -18 -19 -20 -21 -22 -23 23 -25 -26 -27 27 -29 -30 -31
leaf_value=-1.4083528698884065 -0.13931126274580577 -0.057185818619050623 0.032241877770264382 -1.1568604257475392 0.23405177391970478 0.11763721133914316 -0.77919101940348146 0.023407067461825692 -0.93417462263259643 -0.83260086414560919 -1.2985774867301121 1.1395996600758009 -1.0049327086363831 0.99449737730006182 -0.8192322858865384 0.11658091199948631 0.021375496571400025 -1.3585055602996585 -0.43262233753216928 -1.040251381305286 0.27642635663846316 2.5763262985997351 -0.68642897848365447 3.3127163225334137 -0.0460412543209959 1.3611512811621576 -1.1006234663840555 0.023776850242964574 -0.24246292590976665 1.0849471064775102
leaf_weight=62 32 417 251 55 51 254 142 42 606 40 30 493 133 130 34 139 72 32 33 36 726 5462 146 649 650 3338 62 55 278 1389
leaf_count=62 32 417 251 55 51 254 142 42 606 40 30 493 133 130 34 139 72 32 33 36 726 5462 146 649 650 3338 62 55 278 1389
internal_value=0.000172948 0.00025154 -7.50311e-05 -0.000395756 -0.00241135 -0.000248752 -0.00140416 -0.00291724 -0.000754936 -0.000987942 -0.00455914 0.000178318 -0.000127273 -0.000789773 -0.00395 -0.000673956 -0.00120243 -0.00173143 -0.00241364 -0.00301299 0.000123689 0.000405575 0.000321325 5.7054e-05 -0.00025345 0.000431623 -0.000124514 -0.000605932 8.48446e-05 0.00037553
internal_weight=15839 15094 4817 2143 140 2003 745 134 860 611 92 2674 1034 263 89 502 246 174 109 76 1143 10277 4815 1445 796 3370 256 117 771 1640
internal_count=15839 15094 4817 2143 140 2003 745 134 860 611 92 2674 1034 263 89 502 246 174 109 76 1143 10277 4815 1445 796 3370 256 117 771 1640
cat_boundaries=0 1 2
cat_threshold=528384 181486
is_linear=0
shrinkage=0.01


Tree=86
num_leaves=31
num_cat=2
split_feature=10 10 14 13 7 10 16 19 11 11 13 7 20 0 12 13 12 0 20 12 16 34 13 19 12 17 11 24 11 34
split_gain=24.7841 5.84303 5.10172 3.8427 2.59683 3.11809 4.6698 6.09905 2.16458 1.65909 1.54527 1.88041 1.19313 1.13828 1.10813 1.05924 0.800349 0.780991 0.629224 1.84451 2.40739 1.96579 1.33202 0.606714 0.594343 0.584163 1.28093 0.505579 0.379288 0.338218
threshold=864.357142857143 521.50000000000011 0.69056404122701587 1572.7693320210415 130.50000000000003 1171.5000000000002 0.95566275305367776 0.39999999999999963 93.024952614063764 63.620901028057297 1378.5429677530326 82.500000000000014 30.296428571428578 0 567.21666666666681 1835.3780602789086 652.60000000000014 1 23.617857142857151 1887.2000000000003 -0.93881210897455081 4.2150000000000007 1519.7847639724878 1.2000000000000006 1336.7333333333336 -0.52765736634565841 251.19926610913799 1327.5000000000002 105.0897573490568 7.2550000000000008
decision_type=2 2 2 2 2 2 2 2 2 2 2 2 2 9 2 2 2 9 2 2 2 2 2 2 2 2 2 2 2 2
left_child=1 14 16 10 5 6 13 9 24 -8 -4 -12 -10 15 -1 -2 23 25 19 20 21 -6 -22 29 -5 26 -7 -27 -15 -3
right_child=4 2 3 8 18 17 7 -9 12 -11 11 -13 -14 28 -16 -17 -18 -19 -20 -21 22 -23 -24 -25 -26 27 -28 -29 -30 -31
leaf_value=-1.4526607510902501 -0.65082400090431269 -0.25957015579014614 -0.021745420287867072 0.0068207864661053155 -0.80101826175543078 0.38411456465781468 -0.67227723324120914 0.0078137527546744343 -0.8665099636476794 -1.1157387931840006 -0.57626211777855474 -1.2047992944972097 -0.15247834732380811 0.43121456282460802 -0.67617263468912303 0.021366588942141558 0.38929693517310421 1.1284635670343748 2.2044055167167222 4.2498185191422948 -0.28483127891118115 -0.41241664890472429 0.49024584762241541 0.20435438613388282 -0.62846425458680766 -0.196431000108234 -0.71658399813278817 0.93247898368656579 -0.021761775513348906 -0.16932646839557505
leaf_weight=31 122 70 59 364 44 137 39 100 312 54 182 326 128 337 32 112 336 3059 6286 1789 108 78 691 64 40 37 81 318 470 33
leaf_count=31 122 70 59 364 44 137 39 100 312 54 182 326 128 337 32 112 336 3059 6286 1789 108 78 691 64 40 37 81 318 470 33
internal_value=0.000175473 -0.000870324 -0.000763969 -0.00107259 0.000325399 0.000136224 -0.000293927 -0.00171907 -0.000624852 -0.00354787 -0.00171919 -0.00189784 -0.00111111 -1.8714e-05 -0.00388281 -0.00062449 8.23413e-05 0.000285164 0.000426587 0.000289561 -6.45336e-05 -0.00137398 0.000124375 -0.000455357 -6.91358e-05 -4.02397e-05 -0.000461187 0.000189607 0.000150978 -0.000947115
internal_weight=15839 1977 1914 1411 13862 4866 1234 193 844 93 567 508 440 1041 63 234 503 3632 8996 2710 921 122 799 167 404 573 218 355 807 103
internal_count=15839 1977 1914 1411 13862 4866 1234 193 844 93 567 508 440 1041 63 234 503 3632 8996 2710 921 122 799 167 404 573 218 355 807 103
cat_boundaries=0 1 2
cat_threshold=2101825 3473424
is_linear=0
shrinkage=0.01


Tree=87
num_leaves=31
num_cat=3
split_feature=10 10 14 10 15 33 16 14 7 12 0 14 32 12 22 16 14 11 12 34 33 3 33 15 34 0 15 7 16 28
split_gain=23.6907 5.9498 5.02434 2.66294 4.33386 2.79907 4.69467 2.83974 2.44834 3.08175 2.03845 1.97469 1.66074 1.10813 0.798814 0.782949 0.769138 1.9848 2.05185 1.66518 0.762945 0.565722 0.492405 0.4964 0.360339 0.352194 0.27088 0.262355 0.247262 1.69528
threshold=864.357142857143 521.50000000000011 0.69056404122701587 1278.6428571428576 0.11478523713130605 2.049999999999994 0.95566275305367776 0.7210268013660811 51.500000000000007 770.85000000000014 0 0.98372640911059162 0.29999999999998678 567.21666666666681 670.50000000000011 -0.59263320653766849 0.86113431103781346 215.41902560178247 2065.0166666666669 6.955000000000001 45.95000000000001 1 2.4499999999999971 -0.90161545992537195 7.4850000000000012 2 -0.63257203029273779 93.500000000000014 -0.96688789938088693 21.675000000000001
decision_type=2 2 2 2 2 2 2 2 2 2 9 2 2 2 2 2 2 2 2 2 2 9 2 2 2 9 2 2 2 2
left_child=1 13 14 4 21 6 12 -8 -4 10 -10 -11 -6 -1 22 20 28 -18 19 -19 -7 24 23 -3 -2 26 -23 -27 29 -5
right_child=3 2 8 16 5 15 7 -9 9 11 -12 -13 -14 -15 -16 -17 17 18 -20 -21 -22 25 -24 -25 -26 27 -28 -29 -30 -31
leaf_value=-1.438134143579348 0.043898200344362828 -0.21603101131819558 -1.1509643206057165 -0.68598970682343041 0.028645366325861812 -0.3084554879229322 -1.0564478560416408 0.031461014430370117 -0.49743303846363596 -0.12200184713326721 -1.2506535906811747 -0.69194150011391675 -0.5869819312875465 -0.66941090834223171 0.28912789110322262 0.13867498402134573 1.4469848545502355 -1.2375092941271653 0.048506497476258473 1.6052548756102099 0.025237142844658642 0.50309550276426152 0.53958201414364582 -0.56467590855379801 -0.56574320094332475 -0.44286093302652019 -0.01414470829748299 0.79535991270784112 3.1872447666988992 2.8667706034277711
leaf_weight=31 108 32 31 121 289 44 110 36 241 494 364 281 80 32 348 475 877 74 245 35 37 201 44 79 58 40 162 1964 8267 639
leaf_count=31 108 32 31 121 289 44 110 36 241 494 364 281 80 32 348 475 877 74 245 35 37 201 44 79 58 40 162 1964 8267 639
internal_value=0.000177367 -0.000845045 -0.000737859 0.000323956 8.65465e-05 -0.000442631 -0.000973837 -0.0024966 -0.00104426 -0.000970311 -0.00151403 -0.000531572 -0.000339189 -0.00388281 0.000102183 3.2316e-05 0.000406375 0.000158685 -0.000459155 -0.00159545 -0.000847561 0.000314325 -0.000464744 -0.00084375 -0.00020904 0.00035471 3.07487e-05 0.00040794 0.000439023 0.000236531
internal_weight=15839 1977 1914 13862 3604 1071 515 146 1411 1380 605 775 369 63 503 556 10258 1231 354 109 81 2533 155 111 166 2367 363 2004 9027 760
internal_count=15839 1977 1914 13862 3604 1071 515 146 1411 1380 605 775 369 63 503 556 10258 1231 354 109 81 2533 155 111 166 2367 363 2004 9027 760
cat_boundaries=0 1 2 3
cat_threshold=3197058 8 2105860
is_linear=0
shrinkage=0.01


Tree=88
num_leaves=31
num_cat=4
split_feature=10 10 17 13 10 7 18 0 32 0 10 16 18 11 20 13 12 20 13 16 12 19 0 7 7 11 16 28 12 0
split_gain=22.4797 5.45991 4.08663 3.23632 2.66294 4.17169 2.77737 4.8929 1.96929 2.34317 1.95027 2.17208 1.66753 1.5408 1.2954 1.2149 0.791971 0.747151 0.833146 0.888781 0.724622 0.606714 0.478352 0.670798 0.925623 1.88885 0.656577 2.60693 0.598343 0.474725
threshold=864.357142857143 521.50000000000011 0.052657569964411031 1636.3253132832081 1278.6428571428576 93.500000000000014 0.099999999999986697 0 1.9000000000000021 1 975.07142857142867 0.98213580174693105 0.30000000000001609 98.349474058684919 30.407142857142862 1394.7048805886573 1336.7333333333336 23.103571428571435 1572.7693320210415 -0.59263320653766849 652.60000000000014 1.2000000000000006 2 105.50000000000001 60.500000000000007 239.45896312938754 -0.96688789938088693 21.675000000000001 1698.2833333333335 3
decision_type=2 2 2 2 2 2 2 9 2 9 2 2 2 2 2 2 2 2 2 2 2 2 9 2 2 2 2 2 2 9
left_child=1 15 3 8 5 6 10 -8 9 -3 11 -2 -9 16 -15 -1 -5 18 19 -7 21 -4 -6 24 28 -26 27 -25 -24 -12
right_child=4 2 20 13 22 17 7 12 -10 -11 29 -13 -14 14 -16 -17 -18 -19 -20 -21 -22 -23 23 26 25 -27 -28 -29 -30 -31
leaf_value=-1.4190678150080505 -0.3303911649814299 -0.7593570709724794 -0.27803204547248428 0.1054756034193521 2.608119894845554 -0.3118634678597742 0.079790585647351253 -1.1148810563827676 -0.014090618312172652 -1.1676604428081407 -0.20390893803546223 -0.8744751738542883 -0.59902229753197767 -0.96495023410162706 -0.00063322250995392904 -0.18352934494804046 -0.57000282010338821 0.6042137268624509 0.28763841039008303 0.053551639984549856 0.36847655670152996 0.19904388205939094 -0.25113246567420006 -1.2214573609429105 0.76478463411407216 -0.53618972105095741 3.6857592386142848 2.0252707878993785 1.9486610906475395 0.25367038025454297
leaf_weight=32 106 365 103 262 6244 43 105 54 102 362 122 31 58 188 100 31 42 2439 119 52 326 64 70 48 257 158 2607 232 642 475
leaf_count=32 106 365 103 262 6244 43 105 54 102 362 122 31 58 188 100 31 42 2439 119 52 326 64 70 48 257 158 2607 232 642 475
internal_value=0.000181155 -0.000814712 -0.000711749 -0.000984177 0.000323956 8.65465e-05 -0.000477416 -0.00147477 -0.00139217 -0.00157486 -0.000167347 -0.00124275 -0.00279675 -0.000394604 -0.000920415 -0.00372656 7.21312e-05 0.000292577 -0.000246512 -0.000963542 5.36437e-05 -0.000455357 0.000406375 0.000309814 9.17553e-05 -0.000270433 0.000392486 -3.55872e-05 0.000316971 6.43813e-05
internal_weight=15839 1977 1914 1421 13862 3604 951 217 829 727 734 137 112 592 288 63 304 2653 214 95 493 167 10258 4014 1127 415 2887 280 712 597
internal_count=15839 1977 1914 1421 13862 3604 951 217 829 727 734 137 112 592 288 63 304 2653 214 95 493 167 10258 4014 1127 415 2887 280 712 597
cat_boundaries=0 1 2 3 4
cat_threshold=50296 3238022 188651 1114272
is_linear=0
shrinkage=0.01


Tree=89
num_leaves=31
num_cat=2
split_feature=22 21 17 7 22 16 33 28 13 22 25 0 7 7 7 0 7 11 24 11 34 16 12 12 12 20 12 16 34 13
split_gain=17.6858 4.91685 5.6481 4.26187 5.29437 4.30929 6.45219 3.03321 2.34412 2.27849 2.07755 1.69504 1.56155 1.49008 1.07674 1.00382 0.922983 2.0552 1.01634 0.883193 0.744737 0.596963 0.889349 0.592919 0.556901 0.465417 1.72462 2.12194 2.135 0.973688
threshold=800.50000000000011 500.50000000000006 -0.94139465211055529 113.50000000000001 1267.8500000000001 0.97872324816535838 0.39999999999999963 29.125000000000004 1516.9172005800544 600.50000000000011 1210.5000000000002 0 47.500000000000007 135.50000000000003 111.50000000000001 1 60.500000000000007 213.51647599187078 1300.5000000000002 193.03342913057412 5.4450000000000012 -0.93197223986804445 678.23333333333346 623.35000000000014 818.36666666666679 23.146428571428576 1887.2000000000003 -0.93881210897455081 4.2150000000000007 1604.0368201529059
decision_type=2 2 2 2 2 2 2 2 2 2 2 9 2 2 2 9 2 2 2 2 2 2 2 2 2 2 2 2 2 2
left_child=1 9 10 4 5 11 12 21 13 23 20 19 -7 -9 -10 16 18 -18 -6 -2 -3 22 -4 -1 -13 26 27 28 -5 -29
right_child=3 2 7 25 15 6 -8 8 14 -11 -12 24 -14 -15 -16 -17 17 -19 -20 -21 -22 -23 -24 -25 -26 -27 -28 29 -30 -31
leaf_value=-1.2550229956932508 -0.77183293148046395 -0.85654536772857737 -0.77881103305845301 -0.77696915412752732 -0.98479290062825142 -1.0838989307923204 0.15062846192592302 -1.3316525787077211 -1.4261103677032667 -0.19032494343210757 -0.33772821638932954 -1.2272901712054027 -0.37648087103821215 -0.19926034706419074 -0.008787771551667066 0.96122950722862843 0.24833772603865623 -0.94285749998961021 1.3038415254942848 0.591120811937215 -1.054849226493197 0.071586782095067886 0.05715546276936264 -0.77755213558056357 0.062757594291604185 1.7255706032354385 4.1069934677025275 -0.17106857095933203 -0.3258877645330025 0.89145591077451103
leaf_weight=51 324 41 30 44 40 76 74 76 109 37 82 69 31 98 228 2416 214 147 497 85 141 733 71 36 663 7185 1559 209 76 397
leaf_count=51 324 41 30 44 40 76 74 76 109 37 82 69 31 98 228 2416 214 147 497 85 141 733 71 36 663 7185 1559 209 76 397
internal_value=0.000182418 -0.000769031 -0.000612112 0.000300064 4.91697e-05 -0.000482993 -0.00192033 -0.000339896 -0.000946289 -0.002704 -0.00195472 -0.000244746 -0.00348611 -0.00190286 -0.000418639 0.000264555 -1.21012e-05 -0.000412983 0.000238848 -0.00075119 -0.00256284 2.03593e-05 -0.000681373 -0.00359659 3.49933e-05 0.000421814 0.000285433 -0.000105915 -0.00132231 0.000120264
internal_weight=15839 1733 1609 14106 4636 1322 181 1345 511 124 264 1141 107 174 337 3314 898 361 537 409 182 834 101 87 732 9470 2285 726 120 606
internal_count=15839 1733 1609 14106 4636 1322 181 1345 511 124 264 1141 107 174 337 3314 898 361 537 409 182 834 101 87 732 9470 2285 726 120 606
cat_boundaries=0 1 2
cat_threshold=3742720 3477521
is_linear=0
shrinkage=0.01


Tree=90
num_leaves=31
num_cat=4
split_feature=10 10 14 7 10 0 33 19 13 28 21 14 23 32 0 32 29 32 10 23 20 12 16 7 13 0 19 25 0 7
split_gain=21.1387 5.16529 3.20901 2.78162 3.94511 2.6093 3.98635 10.7189 2.22503 2.12239 1.70877 1.5229 1.42705 1.17447 0.947525 1.88812 0.936933 0.865324 1.4693 2.14281 0.626597 2.13498 3.63414 2.92641 0.991494 0.573427 0.508174 0.40615 0.289747 0.380134
threshold=843.21428571428589 521.50000000000011 0.69056404122701587 109.50000000000001 1200.0714285714287 0 0.39999999999999963 0.2499999999999965 1572.7693320210415 29.075000000000006 795.50000000000011 0.94704596667653973 950.50000000000011 0.19999999999998228 1 0.19999999999998228 28.925000000000004 0.19999999999998672 1501.5714285714287 1627.5000000000002 23.63928571428572 1887.2000000000003 -0.93881210897455081 320.50000000000006 1519.7847639724878 2 6.5500000000000016 1849.7150000000004 3 61.500000000000007
decision_type=2 2 2 2 2 9 2 2 2 2 2 2 2 2 9 2 2 2 2 2 2 2 2 2 2 9 2 2 9 2
left_child=1 16 14 4 5 6 7 -2 9 10 -4 25 -13 -11 15 -3 -1 28 19 -19 21 22 23 -5 -24 -10 -20 -8 29 -6
right_child=3 2 8 20 17 -7 27 -9 11 13 -12 12 -14 -15 -16 -17 -18 18 26 -21 -22 -23 24 -25 -26 -27 -28 -29 -30 -31
leaf_value=-1.4016968811720465 -0.27857545805736889 -0.61964616605337952 -0.48106616309865802 -0.34139610689978722 1.2999576654073937 0.033305432629017591 -0.0039433954061843628 -1.0310642989371825 -0.28725882717467427 -1.3032270696930732 -1.0639091484820526 -0.56088148879101296 -0.74740261057410917 -1.268139343323168 0.16691490518104324 0.090366320572383141 -1.1220710539020728 -0.016813668201269217 1.8701194649190416 -1.4222249946859895 1.8604014794974058 4.0930094668556061 -0.19745989930762636 -1.1744128659701429 0.32070640136413942 0.10273747425234214 -0.43641203573731796 -0.74510997834983439 1.3090041497672571 -0.22113048777558095
leaf_weight=30 99 38 318 62 220 526 210 69 100 70 83 405 60 77 334 89 31 117 384 52 6906 1835 100 51 728 208 88 119 2322 128
leaf_count=30 99 38 318 62 220 526 210 69 100 70 83 405 60 77 334 89 31 117 384 52 6906 1835 100 51 728 208 88 119 2322 128
internal_value=0.000181557 -0.000823482 -0.00071733 0.000314475 0.000100807 -0.000437988 -0.000947835 -0.00222485 -0.000967852 -0.00146812 -0.00104353 -0.000598837 -0.0009603 -0.00254392 0 -0.000699275 -0.00370161 0.00027038 -4.59501e-05 -0.000855882 0.000409067 0.000272956 -0.000105626 -0.00178509 0.00011339 -1.94175e-05 0.000224101 -0.000289394 0.000350056 3.89972e-05
internal_weight=15859 1843 1782 14016 4334 1023 497 168 1321 548 401 773 465 147 461 127 61 3311 641 169 9682 2776 941 113 828 308 472 329 2670 348
internal_count=15859 1843 1782 14016 4334 1023 497 168 1321 548 401 773 465 147 461 127 61 3311 641 169 9682 2776 941 113 828 308 472 329 2670 348
cat_boundaries=0 1 2 3 4
cat_threshold=3740833 581632 2207752 2424848
is_linear=0
shrinkage=0.01


Tree=91
num_leaves=31
num_cat=4
split_feature=10 10 14 14 13 11 28 0 3 12 15 18 14 23 29 20 12 0 14 0 12 28 25 19 22 14 19 12 25 24
split_gain=20.7386 5.20782 3.07003 2.56639 2.12131 2.01336 1.95597 2.74728 1.94423 3.21813 10.3567 1.70578 1.64598 1.27325 0.936933 0.735891 1.76979 1.89016 2.54292 0.705184 0.665724 0.655791 0.617597 0.586559 0.483171 0.438099 0.418987 0.345435 0.284578 0.241227
threshold=843.21428571428589 521.50000000000011 0.65883702558178847 0.534952257794027 1638.6099825251204 103.92018453462872 29.075000000000006 0 1 1265.6833333333336 0.70138038092733435 0.099999999999982256 0.92602006027323147 877.50000000000011 28.925000000000004 23.63928571428572 1887.2000000000003 2 -0.54220184589352438 3 652.60000000000014 31.200000000000003 3100.5000000000005 0.8999999999999998 800.50000000000011 0.86113431103781346 4.7499999999999982 1396.6833333333336 830.50000000000011 2250.5000000000005
decision_type=2 2 2 2 2 2 2 9 9 2 2 2 2 2 2 2 2 9 2 9 2 2 2 2 2 2 2 2 2 2
left_child=1 14 20 15 6 27 13 -8 9 10 19 25 -13 -4 -1 16 17 28 -19 -5 23 -7 24 -3 26 -11 -10 -6 -2 -24
right_child=3 2 4 8 5 21 7 -9 22 11 -12 12 -14 -15 -16 -17 -18 18 -20 -21 -22 -23 29 -25 -26 -27 -28 -29 -30 -31
leaf_value=-1.3876799123603263 -0.37592246024034337 -0.4488701027684433 -0.52330618606824197 -0.28301484755179668 0.098472656304699133 -0.73344687697740485 -0.17073595997157073 -1.3678078999020502 0.09797462425406385 2.5080411754981395 -1.0817784871519414 0.059756346259793841 -1.2863313256306237 -0.96763941149554256 -1.1108503433630519 2.1475003675512454 4.0442100493856046 -0.72975458823182948 -0.12771032412208488 0.58548014254210978 0.34554786538802112 0.093445615510836591 -0.45179752590718592 0.0011506537446090998 0.56181701738322876 0.009831033596776801 -0.90551934045628946 -0.37642957075958516 0.73227474982061924 0.41704305338872166
leaf_weight=30 30 72 485 111 258 202 107 140 89 685 78 137 116 89 31 5854 2385 131 527 145 279 43 73 77 2137 568 36 30 855 59
leaf_count=30 30 72 485 111 258 202 107 140 89 685 78 137 116 89 31 5854 2385 131 527 145 279 43 73 77 2137 568 36 30 855 59
internal_value=0.000182818 -0.000812636 -0.000706113 0.000314475 -0.000939483 -0.000418539 -0.0012646 -0.00204234 0.000105549 -0.000135062 -0.00102388 5.50763e-05 -0.000683071 -0.000909565 -0.00370161 0.000403864 0.000291168 2.04016e-05 -0.000375187 -7.78209e-06 9.32402e-06 -0.0010874 0.000293971 -0.000503333 0.000336279 0.00021252 -0.000218254 0.000117647 0.000326451 -0.000330827
internal_weight=15859 1843 1782 14016 1354 533 821 247 4234 1840 334 1506 253 574 61 9782 3928 1543 658 256 428 245 2394 149 2262 1253 125 288 885 132
internal_count=15859 1843 1782 14016 1354 533 821 247 4234 1840 334 1506 253 574 61 9782 3928 1543 658 256 428 245 2394 149 2262 1253 125 288 885 132
cat_boundaries=0 1 2 3 4
cat_threshold=2211970 8 2154729 1249
is_linear=0
shrinkage=0.01


Tree=92
num_leaves=31
num_cat=4
split_feature=10 10 14 7 10 0 12 14 13 28 11 14 32 32 10 22 0 18 15 13 19 12 29 29 12 34 0 11 7 0
split_gain=19.8323 4.72679 3.10068 2.71545 3.66114 2.52091 4.34832 5.27922 1.95062 2.079 1.79379 1.39128 1.32922 0.905835 1.29932 1.43032 0.814911 2.19664 0.747667 0.687706 0.756843 0.670971 0.664252 0.462517 1.87427 1.43738 1.38313 0.418171 1.19215 0.343977
threshold=843.21428571428589 521.50000000000011 0.69056404122701587 109.50000000000001 1164.3571428571429 0 1265.6833333333336 0.7210268013660811 1638.6099825251204 29.125000000000004 103.92018453462872 0.76696112484652035 0.19999999999998672 0.19999999999998672 1757.214285714286 1849.7150000000004 1 0.19999999999998228 -0.32613736746952143 1967.6514212609675 5.9499999999999975 1682.2833333333335 28.925000000000004 22.975000000000005 1887.2000000000003 3.7650000000000001 2 191.17431586803815 61.500000000000007 3
decision_type=2 2 2 2 2 9 2 2 2 2 2 2 2 2 2 2 9 2 2 2 2 2 2 2 2 2 9 2 2 9
left_child=1 22 16 4 5 6 7 -2 9 11 -10 -4 -11 27 15 -15 17 -3 -12 20 -7 -8 -1 24 25 -5 -27 -6 -29 -25
right_child=3 2 8 23 13 19 21 -9 10 12 18 -13 -14 14 -16 -17 -18 -19 -20 -21 -22 -23 -24 29 -26 26 -28 28 -30 -31
leaf_value=-1.373803113236723 -1.0781468171872128 -0.54936205922013148 -1.0023627215383113 0.66295691444418947 1.6510184063949203 -0.24987460429799577 0.90146357466254334 -0.54854458919253901 0.067452940954789223 -1.2966571070570292 -0.23862791828795693 -0.54733694610490935 -1.1609612707719155 -0.20814581933906159 2.5880472447260559 -1.3856749692087937 0.17460732001330162 0.13828629761798603 -0.73976873050792735 0.17479839192226823 0.13134298494753646 -0.745536470723695 -1.0997418399294214 0.37349868255245339 4.080109422472062 1.1413156660886241 -0.66188712135459427 1.8614098375843813 -0.1536399216466138 1.6818854952523603
leaf_weight=30 49 42 34 409 1757 318 71 37 275 105 73 550 112 313 325 38 334 85 172 173 173 58 31 148 1678 113 260 694 328 7074
leaf_count=30 49 42 34 409 1757 318 71 37 275 105 73 550 112 313 325 38 334 85 172 173 173 58 31 148 1678 113 260 694 328 7074
internal_value=0.000187863 -0.000785521 -0.000683679 0.000316616 0.000105421 -0.000466477 -0.00138274 -0.00318391 -0.00093003 -0.00124626 -0.000422265 -0.000902564 -0.00211697 0.000253906 -6.20384e-05 -0.000495739 1.08226e-06 -0.000626812 -0.00104675 -0.00013037 -0.00033435 -0.000196154 -0.00354032 0.0004101 0.000280374 -0.000113665 -0.000570856 0.000334353 0.00015738 0.000452859
internal_weight=15859 1843 1782 14016 4334 879 215 86 1321 801 520 584 217 3455 676 351 461 127 245 664 491 129 61 9682 2460 782 373 2779 1022 7222
internal_count=15859 1843 1782 14016 4334 879 215 86 1321 801 520 584 217 3455 676 351 461 127 245 664 491 129 61 9682 2460 782 373 2779 1022 7222
cat_boundaries=0 1 2 3 4
cat_threshold=3675136 581632 24737 4
is_linear=0
shrinkage=0.01


Tree=93
num_leaves=31
num_cat=3
split_feature=10 10 7 10 16 33 14 7 13 0 7 23 23 14 0 32 10 22 24 29 29 20 12 16 7 13 20 0 13 7
split_gain=19.5613 4.74718 2.71143 3.60573 2.71769 5.05531 2.68564 2.01211 1.92578 1.39438 3.61952 1.44166 1.35108 2.02363 1.0456 0.90881 1.29932 1.43032 0.788173 0.964907 0.664252 0.661685 2.09526 3.26442 2.58427 0.963857 0.588101 0.485062 0.477572 0.337962
threshold=843.21428571428589 521.50000000000011 111.50000000000001 1164.3571428571429 0.91593490216309192 0.39999999999999963 0.69056404122701587 45.500000000000007 1638.6099825251204 0 86.500000000000014 775.50000000000011 950.50000000000011 0.98372640911059162 1 0.19999999999998672 1757.214285714286 1849.7150000000004 620.50000000000011 29.225000000000005 28.925000000000004 23.63928571428572 1887.2000000000003 -0.93881210897455081 320.50000000000006 1519.7847639724878 21.339285714285719 2 1967.6514212609675 60.500000000000007
decision_type=2 2 2 2 2 2 2 2 2 9 2 2 2 2 9 2 2 2 2 2 2 2 2 2 2 2 2 9 2 2
left_child=1 20 3 4 14 7 18 -6 9 10 -8 -11 27 -14 26 29 17 -17 19 -3 -1 22 23 24 -4 -25 -2 -10 -16 -5
right_child=2 6 21 15 5 -7 8 -9 12 11 -12 -13 13 -15 28 16 -18 -19 -20 -21 -22 -23 -24 25 -26 -27 -28 -29 -30 -31
leaf_value=-1.3600650821043558 0.60998593430144543 0.025291824049750628 -0.32556369250640305 1.9095269017119727 -0.9591746994658551 0.039693863157295194 -0.46490589158780748 -0.35436768553120829 0.029619221303709281 -0.35257194475484932 -1.3047152119024348 -0.76941388448497483 0.20657284391315739 -0.7386488341678622 -0.068986690086228139 -0.20606436114567106 2.5621667722787946 -1.3718182195167055 0.19789665010444374 -0.24020057663991481 -1.0887444215301272 1.8512778792478255 3.9790745174647935 -0.1962024258698789 -1.1487523202145784 0.3280084097056829 -0.83236365787896793 -0.35727335393997073 0.24866928925545168 0.36083001924170371
leaf_weight=30 31 71 62 1635 78 115 116 32 224 373 162 150 35 45 371 313 325 38 336 54 31 6859 1835 100 51 728 87 216 203 1153
leaf_count=30 31 71 62 1635 78 115 116 32 224 373 162 150 35 45 371 313 325 38 336 54 31 6859 1835 100 51 728 87 216 203 1153
internal_value=0.000186602 -0.000780098 0.000314475 0.000105089 -0.000448257 -0.00140487 -0.000678071 -0.00292793 -0.000907337 -0.00122132 -0.00183737 -0.000821161 -0.000403071 -0.00160494 -0.000121212 0.000254545 -6.20384e-05 -0.000495739 0 -0.000694444 -0.00354032 0.000408624 0.000269355 -0.000105626 -0.00169737 0.000101327 -0.000937984 -0.00015873 4.61539e-05 0.000334887
internal_weight=15859 1843 14016 4381 917 225 1782 110 1321 801 278 523 520 80 692 3464 676 351 461 125 61 9635 2776 941 113 828 118 440 574 2788
internal_count=15859 1843 14016 4381 917 225 1782 110 1321 801 278 523 520 80 692 3464 676 351 461 125 61 9635 2776 941 113 828 118 440 574 2788
cat_boundaries=0 1 2 3
cat_threshold=529457 70656 17651
is_linear=0
shrinkage=0.01


Tree=94
num_leaves=31
num_cat=2
split_feature=22 0 12 32 7 22 17 16 19 15 7 13 15 0 16 18 16 13 19 20 11 20 12 16 7 13 22 26 29 7
split_gain=14.4485 4.76356 5.3707 7.25143 3.88402 4.32698 3.37876 3.09128 5.50936 2.42081 1.65335 1.7258 1.63633 1.32541 1.2799 1.09363 0.998859 1.86682 0.984893 1.2419 0.704569 0.630701 2.05995 2.73265 2.86776 0.672575 0.500113 0.455535 0.39879 0.392363
threshold=800.50000000000011 0 703.25000000000011 1.3999999999999868 109.50000000000001 1267.8500000000001 -0.79384213008979243 0.97872324816535838 0.39999999999999963 -0.77243990499604276 82.500000000000014 1814.6964134967207 0.70138038092733435 1 0.40024370752619226 0.1000000000000089 -0.93197223986804445 1400.7628576443744 0.80000000000000038 25.317857142857147 132.26983484313303 23.103571428571435 1887.2000000000003 -0.92641089502887486 320.50000000000006 1604.0368201529059 1027.5000000000002 30.325000000000006 23.375000000000004 60.500000000000007
decision_type=2 9 2 2 2 2 2 2 2 2 2 2 2 9 2 2 2 2 2 2 2 2 2 2 2 2 2 2 2 2
left_child=1 2 3 9 5 7 10 13 12 -1 -3 27 -9 14 -2 29 17 -8 19 -17 -4 22 23 24 -6 -25 -15 -12 -20 -7
right_child=4 6 20 -5 21 15 16 8 -10 -11 11 -13 -14 26 -16 18 -18 -19 28 -21 -22 -23 -24 25 -26 -27 -28 -29 -30 -31
leaf_value=-0.27727982709761057 -0.60372321400442508 0.012702691908679542 0.019262424772442471 0.47822879856600248 -0.24387713430464916 1.8960844071726974 -1.1822341553232614 -0.55013435234256902 0.11609133876687358 -1.2836610369774091 -1.199728801654945 -0.0066453721974378812 -0.94684243290279346 -0.18280336498929134 -0.29811044713242713 -0.084871228877413982 0.061932415051444291 -0.050772397571706013 1.2910969961857734 -1.401618380538743 -0.57992240078700807 1.5608089596918444 3.9019357654963081 -0.17834013515567967 -1.0846463908157533 0.84269171452854252 0.26587818030521476 -0.23328631058440991 -0.12385750338671585 0.26862927427539673
leaf_weight=34 215 98 93 40 65 1473 48 39 89 63 296 93 58 332 177 115 675 218 285 37 32 7339 1577 195 56 380 335 31 271 1100
leaf_count=34 215 98 93 40 65 1473 48 39 89 63 296 93 58 332 177 115 675 218 285 37 32 7339 1577 195 56 380 335 31 271 1100
internal_value=0.000189754 -0.000673345 -0.0019011 -0.0033442 0.000295565 5.1469e-05 -0.000428912 -0.000447432 -0.00164171 -0.00481122 -0.00108092 -0.00135392 -0.00328061 -0.000226887 -0.000679901 0.000243906 -6.31635e-05 -0.000588015 -9.30888e-05 -0.000810457 -0.000376984 0.000409446 0.000253518 -0.000189383 -0.00155328 8.24653e-05 3.46608e-05 -0.00169665 8.6176e-05 0.000340521
internal_weight=15859 1721 262 137 14138 4526 1459 1245 186 97 518 420 97 1059 392 3281 941 266 708 152 125 9612 2273 696 121 575 667 327 556 2573
internal_count=15859 1721 262 137 14138 4526 1459 1245 186 97 518 420 97 1059 392 3281 941 266 708 152 125 9612 2273 696 121 575 667 327 556 2573
cat_boundaries=0 1 2
cat_threshold=528400 2694160
is_linear=0
shrinkage=0.01


Tree=95
num_leaves=31
num_cat=4
split_feature=10 16 10 0 14 14 32 13 13 22 23 10 15 0 10 33 16 16 0 25 29 20 3 19 20 10 14 15 13 34
split_gain=18.339 6.4056 4.71045 3.58945 3.34335 2.51861 2.49842 2.88571 2.20858 2.18589 2.18472 1.82105 3.06224 2.05005 2.07369 4.61942 2.22565 1.36577 0.682696 0.563228 1.76836 0.532373 0.515025 0.507893 0.481857 1.55695 0.461243 0.351032 0.471639 0.349486
threshold=929.21428571428589 0.99049901459377832 716.50000000000011 0 0.97112537654464559 0.94704596667653973 1.0500000000000047 1519.7847639724878 1891.6318444589881 770.50000000000011 950.50000000000011 1778.6428571428576 0.2332836900311728 1 1095.8571428571431 0.39999999999999963 -0.93881210897455081 -0.93197223986804445 2 1849.7150000000004 29.325000000000006 23.775000000000006 3 1.4500000000000004 25.460714285714293 1302.9285714285718 0.8697513045430848 -0.79382744783423187 1641.3143167721489 6.2950000000000008
decision_type=2 2 2 9 2 2 2 2 2 2 2 2 2 9 2 2 2 2 9 2 2 2 9 2 2 2 2 2 2 2
left_child=1 2 3 6 17 27 7 -1 10 -6 -7 12 18 14 15 -14 -16 -5 19 21 -21 -2 23 -20 -15 -26 -13 -4 -29 -28
right_child=11 -3 5 4 9 8 -8 -9 -10 -11 -12 26 13 24 16 -17 -18 -19 22 20 -22 -23 -24 -25 25 -27 29 28 -30 -31
leaf_value=-1.3757927023406107 -0.65120759274807949 -1.1050373661917847 0.55122418701604969 -0.53029155860536359 -1.2248274255551395 -0.33311365593437992 -0.2012908570163662 -0.6978306446509146 0.041606554095389832 -0.80519910249564586 -0.88909209427852565 4.4575194131990665 -1.0060335038239279 0.28583573123888018 -0.84844830130327364 0.093149949196952631 -0.14389673527073549 -0.024745092124623114 0.69026882163552183 -1.4538037709494955 1.1120297234043159 0.77260038220399507 1.236302945868381 -0.34090538407953813 -0.40443512608861443 0.62699521539223646 -0.12810810127369823 -0.11600237581510366 0.099161211848086794 2.861042720809801
leaf_weight=61 36 41 315 141 138 366 34 45 222 55 95 6292 48 1122 38 59 912 386 204 31 58 243 3759 104 54 133 164 176 335 183
leaf_count=61 36 41 315 141 138 366 34 45 222 55 95 6292 48 1122 38 59 912 386 204 31 58 243 3759 104 54 133 164 176 335 183
internal_value=0.000193994 -0.000607632 -0.000533966 -0.0011266 -0.000779754 -0.000189073 -0.00258278 -0.00352336 -0.000641082 -0.00192526 -0.00103788 0.000338516 0.000220597 -6.63287e-05 -0.000394663 -0.00172685 -0.000236593 -0.00035322 0.000375902 -1.58311e-05 -0.000727778 0.000176786 0.000412825 0 0.000192803 -0.00024734 0.000457756 0.000172914 0 6.75287e-05
internal_weight=15850 2410 2369 860 720 1509 140 106 683 193 461 13440 6801 2366 1057 107 950 527 4435 368 89 279 4067 308 1309 187 6639 826 511 347
internal_count=15850 2410 2369 860 720 1509 140 106 683 193 461 13440 6801 2366 1057 107 950 527 4435 368 89 279 4067 308 1309 187 6639 826 511 347
cat_boundaries=0 1 2 3 4
cat_threshold=528384 3675186 266756 8
is_linear=0
shrinkage=0.01


Tree=96
num_leaves=31
num_cat=0
split_feature=10 7 14 13 12 16 32 22 7 18 10 26 18 20 10 10 28 16 33 20 12 16 7 13 11 14 13 33 15 11
split_gain=17.3897 6.81314 4.63787 4.60245 3.35156 2.71507 2.28611 2.12793 1.88543 2.46462 3.14427 2.97768 2.37045 0.742895 0.731436 0.672039 0.80885 0.669361 2.05107 0.518042 1.27174 1.63698 1.77408 1.13892 0.413254 1.05268 0.358977 0.348697 0.28909 0.248374
threshold=929.21428571428589 49.500000000000007 0.95242846126021108 1891.6318444589881 623.35000000000014 -0.90163369914317015 1.2000000000000022 750.50000000000011 127.50000000000001 0.20000000000000892 1542.9285714285718 26.125000000000004 1.9999999999999869 29.575000000000006 1185.7857142857144 707.21428571428589 29.125000000000004 0.97872324816535838 0.39999999999999963 23.63928571428572 1887.2000000000003 -0.93881210897455081 320.50000000000006 1519.7847639724878 251.19926610913799 0.8697513045430848 1535.816933420437 0.69999999999999962 -0.79382744783423187 123.92393980643335
decision_type=2 2 2 2 2 2 2 2 2 2 2 2 2 2 2 2 2 2 2 2 2 2 2 2 2 2 2 2 2 2
left_child=1 -1 4 6 5 13 7 -4 9 14 11 12 -11 -3 17 16 -6 -2 -19 20 21 22 -10 -23 -16 -26 -12 -7 -17 -13
right_child=8 2 3 -5 15 27 -8 -9 19 10 26 29 -14 -15 24 28 -18 18 -20 -21 -22 23 -24 -25 25 -27 -28 -29 -30 -31
leaf_value=-1.0883732281896235 0.18359679109792454 -1.2093385489396267 -1.1655151817597362 0.04669597858599147 0.012389214428853063 -0.53751946838580522 -0.010016449856894854 -0.74947009191792346 0.01495254527340693 -1.0450139433336785 -0.61576930921719553 0.97451984055133323 0.065625393880130098 -0.46111113660734676 1.5753959090705116 0.48647047289068457 -0.16691525829045736 -0.58585972212405402 4.4836208838310263 2.1024829964040062 3.8517460178219056 -0.43250807060804508 -0.88060692721230471 0.5489039480930229 2.3005878671646456 -0.32903279452538592 1.644647265204408 0.14953854677659126 0.0078871746394493687 -0.12853963931033457
leaf_weight=43 633 50 335 226 263 32 96 274 64 166 54 103 60 32 2239 318 121 51 67 6180 1828 85 54 703 434 212 406 61 559 101
leaf_count=43 633 50 335 226 263 32 96 274 64 166 54 103 60 32 2239 318 121 51 67 6180 1828 85 54 703 434 212 406 61 559 101
internal_value=0.000197779 -0.000582746 -0.000505279 -0.00105633 -0.000140571 -0.00143466 -0.00145538 -0.00168115 0.000338516 0.000168544 -0.000297419 -0.000916473 -0.00170485 -0.00275904 0.0002854 3.20919e-05 -0.000306493 0 -0.000680672 0.000423668 0.00029872 0 -0.00110084 0.000157161 0.000357762 0.000112828 0.000260304 -0.000143617 0.000191913 0
internal_weight=15850 2410 2367 931 1436 175 705 609 13440 4526 890 430 226 82 3636 1261 384 751 118 8914 2734 906 118 788 2885 646 460 93 877 204
internal_count=15850 2410 2367 931 1436 175 705 609 13440 4526 890 430 226 82 3636 1261 384 751 118 8914 2734 906 118 788 2885 646 460 93 877 204
is_linear=0
shrinkage=0.01


Tree=97
num_leaves=31
num_cat=1
split_feature=10 14 13 10 15 12 16 16 10 16 18 33 18 14 3 21 21 29 26 19 24 13 14 11 12 28 33 21 15 23
split_gain=16.967 3.60397 2.81715 2.55067 3.59403 2.52351 2.68161 2.57087 2.3454 3.1452 1.95711 2.72548 1.71781 0.974296 0.942542 0.926931 0.751518 0.735245 0.724581 0.678434 1.46836 0.672945 0.535621 1.01016 0.829134 0.492516 0.345621 0.29205 0.278378 0.323862
threshold=843.21428571428589 0.95242846126021108 1845.8302354421901 1501.5714285714287 0.25829915227078726 623.35000000000014 -0.90163369914317015 0.97508442350096236 992.92857142857156 0.96522610578843548 0.20000000000000182 5.9499999999999975 0.29999999999998678 -0.52766804058324157 0 945.50000000000011 620.50000000000011 29.225000000000005 28.925000000000004 1.4500000000000004 1397.5000000000002 1477.8363553701329 0.8697513045430848 227.21491706159159 2075.9000000000005 28.875000000000004 0.69999999999999962 2392.5000000000005 -0.6905596507703472 1051.5000000000002
decision_type=2 2 2 2 2 2 2 2 2 2 2 2 2 2 9 2 2 2 2 2 2 2 2 2 2 2 2 2 2 2
left_child=1 5 12 4 14 6 17 16 9 -6 13 -12 15 -10 28 18 21 -1 -3 -16 -21 -7 -5 -24 -25 -18 -8 -26 -2 -30
right_child=3 2 -4 22 8 7 26 -9 10 -11 11 -13 -14 -15 19 -17 25 -19 -20 20 -22 -23 23 24 27 -27 -28 -29 29 -31
leaf_value=-0.66307346364329978 1.2239402158666735 -1.1681938027391376 0.018483102426588002 3.5017023256672144 -0.047635700024644748 -0.48370117581491417 -0.53214427370194761 -1.0381931463625422 -0.6019552473028239 -0.68293487555379817 -0.75156114092496806 0.38857504017691408 -0.12148926073517884 0.13941008911579669 0.32831212030275742 0.0047793425297995408 0.166005438820339 -1.183248238311833 -0.90891539059996362 0.013632114989712726 -0.76909776180475675 -0.026623425778641269 2.0195589936895382 -0.35550525452239984 0.39576433441008413 -0.052243333827195426 0.14453368673205286 -0.47782876875718272 0.014456783467891615 0.71878572801297125
leaf_weight=42 1629 299 141 8014 66 69 32 37 33 57 198 138 96 962 266 31 397 40 147 110 57 115 393 57 106 331 60 81 601 1245
leaf_count=42 1629 299 141 8014 66 69 32 37 33 57 198 138 96 962 266 31 397 40 147 110 57 115 393 57 106 331 60 81 601 1245
internal_value=0.000199041 -0.000702666 -0.00126294 0.000318003 0.000143763 -0.000336744 -0.00144571 -0.000121579 -0.000276976 -0.00160081 -0.000146021 -0.000807122 -0.00157404 6.77711e-05 0.000302891 -0.00182322 -4.38115e-06 -0.00275904 -0.0019396 -0.000120495 -0.000633929 -0.000583784 0.000424815 0.000123041 -0.000359184 0.000128944 -0.000150538 0 0.00035786 0.000261505
internal_weight=15850 1837 714 14013 5362 1123 174 949 1454 123 1331 336 573 995 3908 477 912 82 446 433 167 184 8651 637 244 728 92 187 3475 1846
internal_count=15850 1837 714 14013 5362 1123 174 949 1454 123 1331 336 573 995 3908 477 912 82 446 433 167 184 8651 637 244 728 92 187 3475 1846
cat_boundaries=0 1
cat_threshold=6
is_linear=0
shrinkage=0.01


Tree=98
num_leaves=31
num_cat=5
split_feature=10 16 10 0 14 14 13 14 22 13 0 10 15 0 16 10 16 0 25 29 3 19 20 14 11 16 13 10 15 13
split_gain=16.5505 5.77385 4.39919 3.57517 3.07042 2.72914 3.86732 2.1698 1.9253 1.90238 2.13074 1.8677 3.08621 1.99576 2.34937 2.43067 1.05018 0.739816 0.699148 1.71251 0.560773 0.611838 0.532373 0.449368 0.681376 0.481524 0.446531 0.656664 0.351032 0.471639
threshold=929.21428571428589 0.99049901459377832 716.50000000000011 0 0.97112537654464559 0.534952257794027 1425.2054090185677 0.94704596667653973 770.50000000000011 1891.6318444589881 1 1778.6428571428576 0.25829915227078726 2 -0.93881210897455081 1095.8571428571431 -0.93197223986804445 3 1849.7150000000004 29.125000000000004 4 1.4500000000000004 23.775000000000006 0.8697513045430848 307.50496937757538 0.68589359117003446 1827.408240200167 1302.9285714285718 -0.79382744783423187 1641.3143167721489
decision_type=2 2 2 9 2 2 2 2 2 2 9 2 2 9 2 2 2 9 2 2 9 2 2 2 2 2 2 2 2 2
left_child=1 2 3 5 16 -1 -7 28 -6 10 -9 12 17 14 -14 -16 -5 18 22 -20 21 -19 -2 -13 -25 -26 -15 -28 -4 -30
right_child=11 -3 7 4 8 6 -8 9 -10 -11 -12 23 13 26 15 -17 -18 20 19 -21 -22 -23 -24 24 25 -27 27 -29 29 -31
leaf_value=0.0053055029076538255 -0.64296853374002638 -1.0727213287843442 0.54136967375525413 -0.51602171752120629 -1.1892420614545995 -2.0280906836959844 -0.62099126068842814 -0.85239726342997713 -0.77797047252411922 0.040226795301892306 -0.098451521047915019 4.3643671167013114 -0.83129368177328344 0.29001550553589556 -0.65367709291774501 -0.14991505619213993 -0.021227409439606035 0.6818017483667792 -1.5076148462557268 1.1127558028756603 1.2060441735031697 -0.34071031615087888 0.7544882504892948 1.0971620255679351 0.86618124799677643 -0.39174525901156865 -0.30311602499839102 0.19065446524969457 -0.11439879046507523 0.098613161321482665
leaf_weight=32 36 41 315 141 138 30 78 228 55 222 233 6292 38 1100 107 903 386 211 30 60 3777 107 243 246 42 59 35 154 176 335
leaf_count=32 36 41 315 141 138 30 78 228 55 222 233 6292 38 1100 107 903 386 211 30 60 3777 107 243 246 42 59 35 154 176 335
internal_value=0.000195256 -0.000566155 -0.000495992 -0.00106852 -0.000725034 -0.00251656 -0.00344954 -0.000162583 -0.00182216 -0.000582602 -0.000951299 0.000332565 0.000213246 -7.76304e-05 -0.000402266 -0.000301681 -0.000315341 0.000367749 -4.07895e-05 -0.000824176 0.000406113 0 0.000176786 0.000453238 6.75287e-05 -0.000583333 0.000180385 -0.000239474 0.000172914 0
internal_weight=15850 2410 2369 860 720 140 108 1509 193 683 461 13440 6801 2337 1048 1010 527 4464 369 90 4095 318 279 6639 347 101 1289 189 826 511
internal_count=15850 2410 2369 860 720 140 108 1509 193 683 461 13440 6801 2337 1048 1010 527 4464 369 90 4095 318 279 6639 347 101 1289 189 826 511
cat_boundaries=0 1 2 3 4 5
cat_threshold=528384 3263489 3675186 266756 8
is_linear=0
shrinkage=0.01


Tree=99
num_leaves=31
num_cat=5
split_feature=10 7 10 0 14 7 13 14 0 13 7 18 33 22 24 10 25 28 10 0 17 20 25 0 13 34 0 10 11 25
split_gain=15.7856 6.15274 4.35953 3.3576 3.15487 2.72803 4.0618 2.11827 2.34191 2.24743 1.95371 2.441 3.01868 1.9253 1.56061 1.46871 1.9572 0.905469 0.622346 0.603807 0.935519 0.576379 1.36877 1.27188 1.40222 0.536737 0.427729 0.376812 0.360965 0.321746
threshold=929.21428571428589 49.500000000000007 716.50000000000011 0 0.97112537654464559 148.50000000000003 1425.2054090185677 0.98372640911059162 1 1891.6318444589881 127.50000000000001 0.20000000000000892 0.4000000000000003 770.50000000000011 1250.5000000000002 1757.214285714286 1771.5000000000002 28.725000000000005 1278.6428571428576 2 -0.52765736634565841 23.63928571428572 1690.5000000000002 3 1604.0368201529059 7.4350000000000014 4 1250.2857142857144 116.75166926848841 805.50000000000011
decision_type=2 2 2 9 2 2 2 2 9 2 2 2 2 2 2 2 2 2 2 9 2 2 2 9 2 2 9 2 2 2
left_child=1 -1 3 5 17 6 -3 25 29 -10 11 18 14 -6 -13 16 -14 -5 26 20 -20 22 23 -12 -25 -4 27 -2 -27 -9
right_child=10 2 7 4 13 -7 -8 8 9 -11 21 12 15 -15 -16 -17 -18 -19 19 -21 -22 -23 -24 24 -26 28 -28 -29 -30 -31
leaf_value=-1.0563803511562575 -0.085976820024374789 -2.0078097768590242 0.17386712543892102 0.042784382416195775 -1.1773496408400537 -0.0034747559558310258 -0.61688671809034934 -0.32303983472125841 -0.92323336507136233 0.024626297055291818 0.36205852346632272 -1.0057033149810615 0.1197820418868137 -0.7701907677988783 -0.38078515938133534 2.1436482322715644 -0.73442854502960653 -0.46100104342035253 -0.44813123646688879 1.566079810249374 2.0726231975281477 2.0635524313136875 2.675481282336309 -0.80048127346113462 0.0081809627204173906 0.001309326363986863 0.23837517589710763 -0.69600890158000139 -0.49344717553528361 0.12934247855901418
leaf_weight=43 374 30 812 252 138 33 77 63 141 55 470 42 232 55 54 326 236 275 105 2249 189 6180 1909 130 225 142 684 35 139 155
leaf_count=43 374 30 812 252 138 33 77 63 141 55 470 42 232 55 54 326 236 275 105 2249 189 6180 1909 130 225 142 684 35 139 155
internal_value=0.000193994 -0.000549564 -0.000475718 -0.0010453 -0.000711354 -0.00245033 -0.00339352 -0.000143568 -0.000754217 -0.00150725 0.000328101 0.00015529 -0.000308642 -0.00182216 -0.00197938 -9.18239e-05 -0.000460554 -0.000296401 0.000271652 0.000358294 -4.26229e-05 0.000414694 0.000284095 -4.53995e-05 -0.000498634 7.90677e-05 6.07861e-05 -0.000179762 -0.000281915 0
internal_weight=15850 2410 2367 860 720 140 107 1507 414 196 13440 4526 890 193 96 794 468 527 3636 2543 294 8914 2734 825 355 1093 1093 409 281 218
internal_count=15850 2410 2367 860 720 140 107 1507 414 196 13440 4526 890 193 96 794 468 527 3636 2543 294 8914 2734 825 355 1093 1093 409 281 218
cat_boundaries=0 1 2 3 4 5
cat_threshold=528384 532715 3407888 2220201 71266
is_linear=0
shrinkage=0.01


Tree=100
num_leaves=31
num_cat=6
split_feature=10 7 10 0 32 14 13 14 10 15 14 32 0 0 13 13 10 14 11 12 0 0 15 23 11 34 32 15 0 11
split_gain=16.0212 6.73614 4.25586 3.3435 3.07893 2.88808 2.62505 1.83813 1.82445 2.93284 2.27509 1.65741 3.8126 1.3997 1.14122 0.850003 0.687284 0.68478 0.773511 1.20304 0.552421 0.527833 0.586638 1.07403 0.446881 0.407848 0.29759 0.293167 0.260994 0.237007
threshold=947.00000000000011 49.500000000000007 707.21428571428589 0 1.9000000000000021 0.98049069993378934 1870.2559706959707 0.94704596667653973 1542.9285714285718 0.2332836900311728 -0.54220184589352438 0.20000000000001514 1 2 1519.7847639724878 1516.9172005800544 1003.357142857143 0.82899317702918729 215.41902560178247 2035.4000000000003 3 4 -0.72694848937061807 1111.5000000000002 44.400770170124353 5.6750000000000007 159.75000000000003 -0.013976481981245173 5 126.58283564604126
decision_type=2 2 2 9 2 2 2 2 2 2 2 2 9 9 2 2 2 2 2 2 9 9 2 2 2 2 2 2 9 2
left_child=1 -1 3 4 14 20 13 15 9 21 -11 16 -13 -7 -3 -5 -12 -10 -19 -20 24 22 -2 -24 -4 -9 29 -8 -21 -23
right_child=8 2 5 7 -6 6 27 25 17 10 11 12 -14 -15 -16 -17 -18 18 19 28 -22 26 23 -25 -26 -27 -28 -29 -30 -31
leaf_value=-0.97322550553962883 1.0948550871613829 -1.3872051099198595 0.37335764976493302 -0.4464434473608741 0.24744335681251817 -0.12199136099540717 0.10618767736042269 -0.49362773629481099 3.7917133255034701 -0.59365184368209922 -0.53327483038281831 -1.2862982482034684 -0.00566785686143512 -0.93193219981969366 -0.78472819619878775 0.076792227278689035 0.13197240578637448 2.0574145715147738 -1.1351829427815152 -0.22003480972686021 0.16603908400644812 1.192475400265999 -0.48690364846045059 0.36082107069949987 -0.081229489557401918 -1.2881603280540197 -0.12751297310754994 -0.23071190942081019 0.41963312837963174 0.38067906665293122
leaf_weight=51 260 67 118 270 30 119 147 55 7653 38 32 106 269 180 38 157 1071 432 59 105 717 2168 88 198 351 182 54 71 185 645
leaf_count=51 260 67 118 270 30 119 147 55 7653 38 32 106 269 180 38 157 1071 432 59 105 717 2168 88 198 351 182 54 71 185 645
internal_value=0.000186467 -0.000537784 -0.000459049 -0.00106312 -0.00248288 -0.000169307 -0.000794402 -0.000708148 0.000325614 0.00016927 -0.000192485 -0.00012238 -0.000698138 -0.00140167 -0.00346698 -0.000295561 6.47645e-05 0.000415768 0.000115729 -0.000215714 9.5198e-05 0.000332894 2.33393e-05 -0.000268293 -0.000157292 -0.00143487 0.000386901 0 1.71821e-05 0.000403873
internal_weight=15916 2553 2502 799 135 1703 517 664 13363 4929 1516 1478 375 299 105 427 1103 8434 781 349 1186 3413 546 286 469 237 2867 218 290 2813
internal_count=15916 2553 2502 799 135 1703 517 664 13363 4929 1516 1478 375 299 105 427 1103 8434 781 349 1186 3413 546 286 469 237 2867 218 290 2813
cat_boundaries=0 1 2 3 4 5 6
cat_threshold=528384 3674129 565442 3172418 594436 2622531
is_linear=0
shrinkage=0.01


Tree=101
num_leaves=31
num_cat=0
split_feature=10 7 14 13 7 10 15 16 10 18 33 12 13 12 11 10 14 11 12 16 25 22 25 22 20 13 20 34 11 11
split_gain=15.2508 6.81507 4.3281 4.43399 3.16513 1.78857 2.82872 2.48281 1.71719 1.54244 2.35668 0.893202 1.4501 0.684419 0.655118 0.632579 0.609177 0.7088 0.958322 0.534269 2.09513 0.472574 0.434444 0.34927 0.330108 0.635349 0.306546 0.571457 0.293217 0.166191
threshold=947.00000000000011 49.500000000000007 0.71503381463111937 1638.6099825251204 81.500000000000014 1542.9285714285718 0.2332836900311728 -0.91597725483594616 557.92857142857156 0.20000000000000182 5.9499999999999975 1388.4000000000003 1959.6620942383436 652.60000000000014 116.75166926848841 1003.357142857143 0.82899317702918729 215.41902560178247 2035.4000000000003 -0.99629805505515945 1210.5000000000002 546.50000000000011 3100.5000000000005 1267.8500000000001 23.63928571428572 1604.0368201529059 29.26071428571429 7.120000000000001 125.35663410559862 338.49618408842565
decision_type=2 2 2 2 2 2 2 2 2 2 2 2 2 2 2 2 2 2 2 2 2 2 2 2 2 2 2 2 2 2
left_child=1 -1 13 4 21 6 22 -8 -6 15 -11 14 -13 26 -5 -9 19 -18 -19 20 -7 -4 24 -24 25 -2 -3 -28 -26 -20
right_child=5 2 3 11 8 16 7 9 -10 10 -12 12 -14 -15 -16 -17 17 18 29 -21 -22 -23 23 -25 28 -27 27 -29 -30 -31
leaf_value=-0.96349325048423251 -0.3942455186897198 0.35115214117155324 -0.46876672429343069 0.089676294336762719 -1.4621137046535939 -0.4091168826824666 -0.58844413752844804 -0.51654695329550682 -0.91013881555376441 -0.67637443532370867 0.31884684066286317 -0.69701041068667235 0.22620765410606616 0.3548869323731364 -0.17994105955783654 0.12338356521892871 2.0368404257996264 -1.1238311133537 0.4343047841573956 3.9136060890803237 2.6223367143488066 -0.023005613650857699 -0.76860246048516756 0.22472305408240106 1.115119188081044 0.60826825764772241 -0.3284632263612457 0.034558074057576917 0.4810945535308877 -0.20757789305299615
leaf_weight=51 67 59 32 404 48 36 36 34 544 223 165 61 46 587 381 1058 432 59 143 7434 183 204 49 37 2380 135 87 49 745 147
leaf_count=51 67 59 32 404 48 36 36 34 544 223 165 61 46 587 381 1058 432 59 143 7434 183 204 49 37 2380 135 87 49 745 147
internal_value=0.000188352 -0.000518207 -0.000439073 -0.000720511 -0.0012497 0.000324117 0.00016927 -0.000185893 -0.0016425 -0.000114787 -0.000658098 -0.000217245 -0.0010787 0.000167305 -8.58778e-05 6.95334e-05 0.000413397 0.000128517 -0.000187143 0.000441142 -2.27271e-06 -0.000219409 0.000329965 -0.000310345 0.000349609 0 -0.000318878 -0.00059854 0.00037508 1.71821e-05
internal_weight=15916 2553 2502 1720 828 13363 4929 1516 592 1480 388 892 107 782 785 1092 8434 781 349 7653 219 236 3413 86 3327 202 195 136 3125 290
internal_count=15916 2553 2502 1720 828 13363 4929 1516 592 1480 388 892 107 782 785 1092 8434 781 349 7653 219 236 3413 86 3327 202 195 136 3125 290
is_linear=0
shrinkage=0.01


Tree=102
num_leaves=31
num_cat=5
split_feature=10 15 13 34 15 15 10 15 14 32 0 0 15 30 33 0 10 34 0 14 0 34 22 20 13 14 20 12 10 25
split_gain=14.8889 4.67467 4.92159 2.77982 3.94913 2.6893 1.8329 2.7648 1.82062 1.65741 3.8126 1.13575 1.558 0.793434 0.744496 0.811077 0.687284 0.648322 0.605673 0.60364 0.646467 0.585665 1.02614 0.475333 0.659741 0.226491 0.260523 0.177595 0.193385 0.175277
threshold=947.00000000000011 -0.69676771491221523 1636.3253132832081 4.6850000000000014 0.66367808336324663 0.29958852271690523 1542.9285714285718 0.2332836900311728 -0.54220184589352438 0.20000000000001514 0 1 -0.013976481981245173 29.425000000000001 0.94999999999999307 2 1003.357142857143 7.080000000000001 3 0.82899317702918729 4 6.2950000000000008 2327.5000000000005 23.63928571428572 1655.3808635803964 0.77244481603295057 29.175000000000004 2261.9000000000001 1021.5000000000001 1320.5000000000002
decision_type=2 2 2 2 2 2 2 2 2 2 9 9 2 2 2 9 2 2 9 2 9 2 2 2 2 2 2 2 2 2
left_child=1 14 3 -3 5 -5 7 18 -9 16 -11 12 13 -4 15 17 -10 -1 23 29 21 22 -21 -2 -25 -13 -27 28 -20 -8
right_child=6 2 11 4 -6 -7 19 8 9 10 -12 25 -14 -15 -16 -17 -18 -19 27 20 -22 -23 -24 24 -26 26 -28 -29 -30 -31
leaf_value=-0.45526167291497294 -0.52263215733777268 -0.036688991777767431 0.1218632861592894 -0.99528433175443554 -1.0440660226761456 -0.077935692172312471 2.1189595360445095 -0.58183088386999393 -0.52277661254603613 -1.2691595753367353 0.0011525660604168942 -0.33989568910672219 -0.68134936084271991 -0.4933296835380685 0.60204111306427355 0.039930409334388052 0.12941884607632134 -0.0015049616614089306 0.29449533996073551 -1.1929886760639472 0.88961139749095874 1.3043490089864245 0.10152328020293915 0.79644536164748791 -0.089172632237313268 0.16089907432047032 -0.052473805914994072 -0.18892301499178921 1.2872830518752096 3.8669219971143818
leaf_weight=53 52 150 107 609 37 146 1139 38 32 106 269 30 52 156 446 143 1071 48 327 64 560 97 60 391 327 287 289 30 2286 6514
leaf_count=53 52 150 107 609 37 146 1139 38 32 106 269 30 52 156 446 143 1071 48 327 64 560 97 60 391 327 287 289 30 2286 6514
internal_value=0.000187724 -0.000510376 -0.000771727 -0.00128208 -0.00151828 -0.00133929 0.000321872 0.000165213 -0.000185893 -0.00012238 -0.000698138 -0.000238069 -0.00071319 -0.000373106 0.000180897 -0.000236735 6.47645e-05 -0.000888393 0.000324107 0.000412211 0.000128517 -0.000299569 -0.000784 5.76184e-05 0.000137691 4.86225e-06 6.58579e-05 0.000396194 0.000407995 0.000439835
internal_weight=15916 2553 1863 942 792 755 13363 4929 1516 1478 375 921 315 263 690 244 1103 101 3413 8434 781 221 124 770 718 606 576 2643 2613 7653
internal_count=15916 2553 1863 942 792 755 13363 4929 1516 1478 375 921 315 263 690 244 1103 101 3413 8434 781 221 124 770 718 606 576 2643 2613 7653
cat_boundaries=0 1 2 3 4 5
cat_threshold=3674129 3218448 585733 602628 4003841
is_linear=0
shrinkage=0.01


Tree=103
num_leaves=31
num_cat=7
split_feature=10 7 10 0 14 7 14 13 14 10 15 0 19 20 0 13 0 15 16 14 11 0 20 16 28 25 13 3 15 0
split_gain=14.7496 6.14267 4.30406 3.13387 3.58781 2.91332 2.1544 2.21443 1.92361 1.81755 2.1319 1.77375 2.01467 2.00262 1.12132 0.781317 0.755045 0.69198 1.30169 0.557193 1.31927 0.85437 1.24195 0.687739 3.55131 1.4126 0.503768 0.470656 0.949372 0.468839
threshold=947.00000000000011 49.500000000000007 707.21428571428589 0 0.63257020223555627 86.500000000000014 0.97696484778429815 1870.2559706959707 0.94704596667653973 1350.0714285714287 0.2332836900311728 1 6.2500000000000009 20.860714285714288 2 1516.9172005800544 3 -0.72694848937061807 0.78725952717486247 0.82899317702918729 227.21491706159159 4 26.096428571428579 -0.96688789938088693 21.075000000000006 1210.5000000000002 1526.4451805129711 5 0.91159213926341531 6
decision_type=2 2 2 9 2 2 2 2 2 2 2 9 2 2 9 2 9 2 2 2 2 9 2 2 2 2 2 9 2 9
left_child=1 -1 3 4 -3 -6 29 14 15 10 16 12 13 -12 -8 -5 17 -2 -19 23 -21 22 -22 24 -11 -26 -14 28 -13 -4
right_child=9 2 6 8 5 -7 7 -9 -10 19 11 27 26 -15 -16 -17 -18 18 -20 20 21 -23 -24 -25 25 -27 -28 -29 -30 -31
leaf_value=-0.94693850915815203 0.59615267267325145 -0.074158855313294844 -0.054149609600081139 -0.43865029063568478 -0.23394564075263141 -1.4268764309495237 -1.0549410261376395 0.024387339458981003 -1.136827675293498 -1.1006120067541525 0.83008737451078018 -0.30225265625677478 -0.25536082898528312 -0.84421631549507037 -0.5292236167362353 0.07424996777527744 0.76620139652745556 -0.012100900624520102 -0.84914455975616721 1.428875233847672 -1.1880312969420015 0.011812329052883755 2.2056860001776131 3.3072187693334696 -0.41496806974339534 3.7304362098190995 0.40725663285385522 0.15943083333478567 1.3821253222307408 0.16895533955021794
leaf_weight=51 348 43 409 270 31 61 105 228 237 45 37 94 47 138 221 157 1931 342 53 789 78 260 37 7791 76 635 136 434 92 740
leaf_count=51 348 43 409 270 31 61 105 228 237 45 37 94 47 138 221 157 1931 342 53 789 78 260 37 7791 76 635 136 434 92 740
internal_value=0.000188352 -0.00050646 -0.000431083 -0.00103812 -0.00241438 -0.00369892 -0.000139965 -0.000654054 -0.000693333 0.000321872 0.000127566 -0.000266599 -0.000815718 -0.00160511 -0.00118349 -0.000272196 0.000275514 0 -0.000284091 0.000393894 0.000173391 -0.000299202 -0.000972222 0.00042273 0.000116248 0.000302669 -4.61956e-05 4.75436e-05 -0.000340102 9.95652e-05
internal_weight=15916 2553 2502 799 135 92 1703 554 664 13363 3652 978 358 175 326 427 2674 743 395 9711 1164 375 115 8547 756 711 183 620 186 1149
internal_count=15916 2553 2502 799 135 92 1703 554 664 13363 3652 978 358 175 326 427 2674 743 395 9711 1164 375 115 8547 756 711 183 620 186 1149
cat_boundaries=0 1 2 3 4 5 6 7
cat_threshold=528384 1577123 3228688 2699780 3218432 2 2123842
is_linear=0
shrinkage=0.01


Tree=104
num_leaves=31
num_cat=0
split_feature=10 16 10 14 29 14 13 10 15 16 18 33 13 24 33 25 10 34 14 11 16 12 28 12 26 25 28 13 22 20
split_gain=14.2252 5.87633 3.78574 2.15984 2.8185 2.11177 2.21443 1.705 2.55824 2.02088 1.47142 2.22367 0.939516 0.87992 0.695767 0.932352 0.643064 0.591232 0.532307 0.648495 0.638517 2.93259 3.87265 0.551982 1.30669 0.426617 0.392673 0.382305 0.34927 0.319997
threshold=947.00000000000011 0.98519415784776321 707.21428571428589 0.94704596667653973 30.675000000000004 0.97696484778429815 1870.2559706959707 1542.9285714285718 0.2332836900311728 -0.91597725483594616 0.20000000000000182 5.9499999999999975 1519.7847639724878 1020.4050000000001 6.8499999999999979 670.50000000000011 1003.357142857143 5.9250000000000007 0.82899317702918729 195.1911758085204 -0.96688789938088693 2106.1500000000001 21.425000000000001 2065.0166666666669 25.375000000000004 3100.5000000000005 29.175000000000004 1641.3143167721489 1267.8500000000001 23.63928571428572
decision_type=2 2 2 2 2 2 2 2 2 2 2 2 2 2 2 2 2 2 2 2 2 2 2 2 2 2 2 2 2 2
left_child=1 2 3 4 12 26 13 8 25 -10 16 -12 -1 -7 15 -5 -11 -16 20 -20 21 22 -9 24 -21 29 -4 -28 -27 -2
right_child=7 -3 5 14 -6 6 -8 18 9 10 11 -13 -14 -15 17 -17 -18 -19 19 23 -22 -23 -24 -25 -26 28 27 -29 -30 -31
leaf_value=-0.43746267591141774 0.0030015936716385029 -0.9397029400110769 0.23998903937374708 -2.1505411265598466 -1.2005746428023518 -0.65673342145511693 0.024143466064391605 -1.1904486267518428 -0.5713752271566308 -0.50423526119630102 -0.6575097547415607 0.29273715448128468 0.087305956732056725 -0.71829784602658864 0.093698446319791504 -1.1503941495606618 0.11660103570195446 -0.99626097430779537 2.0126565088966872 -1.114717042588212 3.9924551940620541 4.0945090988015131 -0.03318815349747891 0.20683569797106596 1.6782166140282224 -0.76687552175224472 -0.21434049913960937 0.022284585227945106 0.22448606269774121 0.90605137189820795
leaf_weight=313 202 49 726 43 50 249 228 35 36 34 223 165 163 77 44 144 1058 42 405 41 6956 546 116 297 38 49 127 298 37 3125
leaf_count=313 202 49 726 43 50 249 228 35 36 34 223 165 163 77 44 144 1058 42 405 41 6956 546 116 297 38 49 127 298 37 3125
internal_value=0.000191493 -0.000490799 -0.000418363 -0.000988125 -0.000582543 -0.000145076 -0.000654054 0.00032262 0.000171298 -0.000166117 -0.000101283 -0.000632391 -0.000318658 -0.00118349 -0.0017281 -0.00210904 7.86825e-05 -0.000770115 0.00040984 0.000141304 0.000435916 0.000126791 -0.00108224 -0.000137931 -0.00088125 0.000324107 9.15799e-05 -0.000134977 -0.000310345 0.0003436
internal_weight=15916 2553 2504 799 526 1705 554 13363 4929 1516 1480 388 476 326 273 187 1092 86 8434 781 7653 697 151 376 79 3413 1151 425 86 3327
internal_count=15916 2553 2504 799 526 1705 554 13363 4929 1516 1480 388 476 326 273 187 1092 86 8434 781 7653 697 151 376 79 3413 1151 425 86 3327
is_linear=0
shrinkage=0.01


Tree=105
num_leaves=31
num_cat=0
split_feature=10 7 10 19 14 7 13 13 10 15 14 18 33 13 23 12 15 14 14 11 12 28 16 28 12 15 15 32 11 7
split_gain=14.0368 8.33749 3.65816 2.78637 2.30924 2.13705 1.82981 1.81872 1.50409 2.87798 2.07393 2.25856 3.37295 1.31112 1.05157 0.588106 0.698977 0.479734 0.459436 0.586709 0.909967 0.965006 0.391934 2.26564 0.855805 0.280901 0.273663 0.272332 0.394605 0.248109
threshold=975.07142857142867 49.500000000000007 707.21428571428589 0.29999999999999999 0.98372640911059162 146.50000000000003 1584.1076928982275 1400.7628576443744 1542.9285714285718 0.2332836900311728 -0.54220184589352438 0.20000000000000182 2.5499999999999932 1891.6318444589881 830.50000000000011 652.60000000000014 -0.70900320270980455 0.96234642434711437 0.84773968378660736 195.1911758085204 2055.9333333333338 26.875000000000004 -0.96688789938088693 21.075000000000006 1773.95 0.99024581825578073 -0.013976481981245173 159.75000000000003 44.400770170124353 127.50000000000001
decision_type=2 2 2 2 2 2 2 2 2 2 2 2 2 2 2 2 2 2 2 2 2 2 2 2 2 2 2 2 2 2
left_child=1 6 3 17 15 7 -1 -5 9 27 -11 25 -13 14 -6 -4 -17 -3 22 -20 21 -21 23 -10 -25 -12 -15 29 -29 -2
right_child=8 2 4 5 13 -7 -8 -9 18 10 11 12 -14 26 -16 16 -18 -19 19 20 -22 -23 -24 24 -26 -27 -28 28 -30 -31
leaf_value=-0.96858607518593476 0.33776355645634498 0.066789772367674236 -0.26037763244813339 -1.2863128671634225 -0.30416543748386243 0.023210091072649212 -0.4515996317573005 -0.87168327730059192 -1.1463360739831192 -0.56587011612273652 0.22863628893359053 -0.94599009059769379 0.028221510062921763 0.094990417543819747 -0.87049573594509921 0.7223752346561958 -0.0054816233957441438 -0.72318427784722827 2.4565051144275634 -1.1035698721623295 0.3334300109974429 0.095425999901782937 3.8608020336964013 -0.51191410596845044 3.1760335806654005 -0.33350390285507608 -0.24099939170165627 0.43765749256933484 -0.34601989311654108 1.2611859981552977
leaf_weight=35 1066 191 47 110 156 114 32 383 30 30 880 166 232 117 140 496 861 31 385 41 256 32 7036 103 572 203 79 47 31 2077
leaf_count=35 1066 191 47 110 156 114 32 383 30 30 880 166 232 117 140 496 861 31 385 41 256 32 7036 103 572 203 79 47 31 2077
internal_value=0.00019709 -0.000445399 -0.000354916 -0.000910241 -0.000106484 -0.00126069 -0.00391912 -0.00154555 0.000333902 0.000187196 -0.00016832 -0.000107625 -0.000754386 -0.000697769 -0.00111785 9.39502e-05 0.000138807 4.48432e-06 0.000414794 0.00014965 -0.000137879 -0.00112838 0.000437936 0.000187677 0.000321746 0.00012131 -1.01523e-05 0.000357076 -0.00013924 0.000372615
internal_weight=15979 2792 2725 829 1896 607 67 493 13187 4732 1511 1481 398 492 296 1404 1357 222 8455 714 329 73 7741 705 675 1083 196 3221 78 3143
internal_count=15979 2792 2725 829 1896 607 67 493 13187 4732 1511 1481 398 492 296 1404 1357 222 8455 714 329 73 7741 705 675 1083 196 3221 78 3143
is_linear=0
shrinkage=0.01


Tree=106
num_leaves=31
num_cat=4
split_feature=10 7 10 17 0 28 17 13 10 15 0 32 34 19 0 13 7 13 20 10 15 19 25 13 0 20 13 16 25 22
split_gain=13.735 8.39186 3.33251 2.82003 2.76857 2.14547 1.99859 1.82981 1.50711 2.80733 2.02456 4.02306 3.56427 1.6498 1.44497 1.16541 0.990489 0.85723 0.609179 1.35713 0.590746 0.571598 0.655457 0.510378 0.324627 0.625024 0.323997 0.28866 1.54935 0.258024
threshold=975.07142857142867 49.500000000000007 707.21428571428589 -0.88320848168588306 0 28.725000000000005 -0.93543596745397617 1584.1076928982275 1542.9285714285718 0.2332836900311728 1 0.20000000000001514 3.6450000000000005 10.750000000000002 2 1521.9847970594637 93.500000000000014 1400.7628576443744 25.575000000000006 1302.9285714285718 -0.70900320270980455 6.9499999999999975 750.50000000000011 1481.8598763368984 3 23.810714285714294 1663.6049629227452 -0.99629805505515945 1210.5000000000002 1111.5000000000002
decision_type=2 2 2 2 9 2 2 2 2 2 9 2 2 2 9 2 2 2 2 2 2 2 2 2 9 2 2 2 2 2
left_child=1 7 3 21 5 -5 14 -1 9 24 11 13 -13 -11 16 -16 -4 -6 -12 -20 -8 22 -3 -22 25 29 -27 28 -10 -2
right_child=8 2 6 4 17 -7 20 -9 27 10 18 12 -14 -15 15 -17 -18 -19 19 -21 23 -23 -24 -25 -26 26 -28 -29 -30 -31
leaf_value=-0.95890021443407525 -0.29314850443515056 -1.5104012977806429 -0.79481281607981902 -0.51703125333371835 -0.71897746970313248 -1.3483018996151659 0.55128350570829066 -0.44708363543972762 -0.55609429104611496 0.3437927798206139 0.21581501695450392 0.1595721954838652 -1.2697685156090888 -0.51313277385028133 -0.87714637519633676 0.046489650590576338 -0.29195377190109639 0.0039426811258091114 -0.36965669601158985 0.39544098269024264 -0.28364141763531026 -0.82158383430376181 -0.87540896279989489 -0.00017427018614072615 0.9901559830780543 1.2799307190544762 -0.028172686038820612 2.8259942449481321 2.1247404581672775 -0.19347664292450895
leaf_weight=35 30 59 119 49 118 58 534 32 32 275 907 40 70 83 41 244 114 408 51 85 52 74 63 792 2620 330 210 8227 196 31
leaf_count=35 30 59 119 49 118 58 534 32 32 275 907 40 70 83 41 244 114 408 51 85 52 74 63 792 2620 330 210 8227 196 31
internal_value=0.000200845 -0.000434658 -0.00034391 -0.000874096 -0.000526025 -0.00191949 -0.000106484 -0.00391912 0.000336177 0.000189309 -0.000161706 -0.000701461 -0.00238739 -0.000169916 -0.000637765 -9.29054e-05 -0.00120287 -0.000180633 7.73245e-05 -0.000525547 8.62944e-05 -0.00193909 -0.00243089 -6.8639e-05 0.000357076 0.000115196 0.000240296 0.000417159 1.74673e-05 -0.000798387
internal_weight=15979 2792 2725 829 633 107 1896 67 13187 4732 1511 468 110 358 518 285 233 526 1043 136 1378 196 122 844 3221 601 540 8455 228 61
internal_count=15979 2792 2725 829 633 107 1896 67 13187 4732 1511 468 110 358 518 285 233 526 1043 136 1378 196 122 844 3221 601 540 8455 228 61
cat_boundaries=0 1 2 3 4
cat_threshold=528384 3675152 3263512 537092
is_linear=0
shrinkage=0.01


Tree=107
num_leaves=31
num_cat=5
split_feature=10 16 21 14 15 0 14 33 33 0 10 15 16 18 14 12 29 14 15 12 28 14 0 20 25 0 34 0 12 12
split_gain=13.1967 5.68114 3.30448 2.75678 1.95302 1.87279 2.4126 3.02701 1.83641 2.14642 1.49747 2.81831 2.33928 1.44074 2.97214 1.04094 1.40849 0.964654 0.840147 0.737854 0.592694 0.463067 0.436721 0.568106 0.631687 0.429801 0.634197 0.402227 0.217307 0.198433
threshold=975.07142857142867 0.98519415784776321 620.50000000000011 0.97696484778429815 0.70138038092733435 0 0.57077594689671507 0.64999999999999303 0.099999999999999964 1 1792.9285714285718 0.2332836900311728 -0.91597725483594616 0.20000000000000182 0.17646842360078763 652.60000000000014 29.125000000000004 0.9193901325473397 -0.70900320270980455 835.96666666666681 22.375000000000004 0.86113431103781346 2 23.63928571428572 1849.7150000000004 3 6.2950000000000008 4 2065.0166666666669 1529.7166666666669
decision_type=2 2 2 2 2 9 2 2 2 9 2 2 2 2 2 2 2 2 2 2 2 2 9 2 2 9 2 9 2 2
left_child=1 2 5 15 -3 6 -1 -8 -5 -10 11 22 20 27 -15 16 -4 -7 -17 -19 -13 29 23 -2 -25 26 -23 -14 -24 -12
right_child=10 4 3 8 -6 17 7 -9 9 -11 21 12 13 14 -16 18 -18 19 -20 -21 -22 25 28 24 -26 -27 -28 -29 -30 -31
leaf_value=0.083457049675522643 -0.47118002886728816 -0.85309481668923026 0.11490815236775583 0.078847878131364429 -0.84025584544552967 0.007785387737345795 -0.59987310390378557 -1.3601464539115999 -1.0554835878652369 -0.38801354048773995 2.2483721814365261 -0.55081371318973205 0.70500389652467843 1.0059955781669505 -0.72825744566319117 0.52645908637820193 -0.96716390889649473 -0.89128783058166239 -0.020324276563203524 0.088575071886171669 -0.32455699635199414 -0.63355389929815598 1.2381741493767284 0.95921980522095185 -0.51285493098714674 0.96255077636399433 2.6419176939440137 0.043416199906548034 -0.047161001356969746 4.3742541394662293
leaf_weight=52 39 35 68 167 33 134 70 117 102 404 231 57 539 355 335 532 62 74 910 32 31 59 3535 440 122 260 44 1069 52 6019
leaf_count=52 39 35 68 167 33 134 70 117 102 404 231 57 539 355 335 532 62 74 910 32 31 59 3535 440 122 260 44 1069 52 6019
internal_value=0.000198967 -0.000423917 -0.00034789 -0.000181434 -0.00327536 -0.00110521 -0.001722 -0.00232181 -0.000717359 -0.00101972 0.000331627 0.000221597 -4.90155e-05 8.26448e-06 -0.00036903 4.19581e-05 -0.000801527 -0.000358566 0.000125433 -0.00109346 -0.00164045 0.000439447 0.000378133 9.88562e-05 0.000197158 5.90659e-05 -0.000425439 0.000176507 0.00042065 0.000459926
internal_weight=15979 2792 2724 2245 68 479 239 187 673 506 13187 6574 2386 2298 690 1572 130 240 1442 106 88 6613 4188 601 562 363 103 1608 3587 6250
internal_count=15979 2792 2724 2245 68 479 239 187 673 506 13187 6574 2386 2298 690 1572 130 240 1442 106 88 6613 4188 601 562 363 103 1608 3587 6250
cat_boundaries=0 1 2 3 4 5
cat_threshold=2666624 1101824 274948 3152913 581696
is_linear=0
shrinkage=0.01


Tree=108
num_leaves=31
num_cat=5
split_feature=10 16 14 10 12 16 15 10 15 16 18 14 0 19 0 32 14 21 21 23 28 14 0 0 34 10 20 0 12 16
split_gain=12.6771 5.7421 3.22119 2.91923 2.77205 3.75534 1.95302 1.47598 2.73354 2.35075 1.36629 2.83765 1.32319 1.18834 1.633 0.825516 0.727176 0.696343 0.897423 0.814217 0.592694 0.45898 0.436363 0.429801 0.634197 0.415084 0.575684 0.402227 0.234989 0.214376
threshold=975.07142857142867 0.98519415784776321 0.95242846126021108 707.21428571428589 623.35000000000014 -0.94388905186573491 0.70138038092733435 1792.9285714285718 0.2332836900311728 -0.91597725483594616 0.20000000000000182 0.17646842360078763 0 0.099999999999999964 1 7.5999999999999828 0.72695311118111527 620.50000000000011 795.50000000000011 695.50000000000011 22.375000000000004 0.86113431103781346 2 3 6.2950000000000008 1221.5000000000002 23.810714285714294 4 1666.8000000000002 -0.97717844506743556
decision_type=2 2 2 2 2 2 2 2 2 2 2 2 9 2 9 2 2 2 2 2 2 2 9 9 2 2 2 9 2 2
left_child=1 2 4 17 5 16 -3 8 22 20 27 -12 15 -5 -15 -6 -1 19 -19 -4 -10 29 25 24 -23 26 -2 -11 -27 -9
right_child=7 6 3 13 12 -7 -8 21 9 10 11 -13 -14 14 -16 -17 -18 18 -20 -21 -22 23 -24 -25 -26 28 -28 -29 -30 -31
leaf_value=-0.33600939699867949 -0.38298887138181315 -0.84456386852233789 -1.7874691933590237 0.066533449843200559 -0.27753160836416496 -0.11286668561219218 -0.8318532869910743 1.0750025580793836 -0.54530557605783436 0.69795385755943185 0.99593562238528155 -0.72097487120655923 0.10828661829088168 -0.74984410995539241 -0.064377618913697157 0.42427487918408452 -1.2588797701397898 -1.028011318856237 -1.0094281094203126 -0.64181691183707235 -0.32131142638847371 -0.62721836030517464 1.2073739033833775 0.95292526860035465 2.6154985170045735 2.2448305115360143 0.18657542767649254 0.042982037907482298 -0.087416900247175133 4.7095200974289764
leaf_weight=38 51 35 49 233 333 116 33 434 57 539 355 335 1063 227 292 127 32 124 34 56 31 59 3229 260 44 439 367 1069 102 5816
leaf_count=38 51 35 49 233 333 116 33 434 57 539 355 335 1063 227 292 127 32 124 34 56 31 59 3229 260 44 439 367 1069 102 5816
internal_value=0.000200845 -0.000409595 -0.000333211 -0.00078002 -6.16959e-05 -0.0012139 -0.00327536 0.000330869 0.000221597 -4.48261e-05 1.26142e-05 -0.000354559 7.31627e-05 -0.000443559 -0.0007125 -0.000360934 -0.00302817 -0.00169886 -0.00113836 -0.00242925 -0.00164045 0.000437935 0.000375746 5.90659e-05 -0.000425439 0.000164433 -5.01193e-05 0.000176507 0.000351476 0.000458327
internal_weight=15979 2792 2724 1015 1709 186 68 13187 6574 2386 2298 690 1523 752 519 460 70 263 158 105 88 6613 4188 363 103 959 418 1608 541 6250
internal_count=15979 2792 2724 1015 1709 186 68 13187 6574 2386 2298 690 1523 752 519 460 70 263 158 105 88 6613 4188 363 103 959 418 1608 541 6250
cat_boundaries=0 1 2 3 4 5
cat_threshold=2109508 3267592 864772 3152913 581696
is_linear=0
shrinkage=0.01


Tree=109
num_leaves=31
num_cat=0
split_feature=10 7 14 10 12 16 14 11 20 12 17 16 10 32 24 12 32 19 7 23 14 21 25 23 23 21 14 15 11 19
split_gain=12.2368 8.19726 3.29261 2.98687 2.58975 3.40123 1.51678 1.94645 1.65284 3.79081 1.88055 1.68519 4.32538 1.40746 2.00699 1.40734 1.15465 1.13514 1.03155 0.922684 0.730292 0.696343 0.951817 0.814217 0.498737 0.490183 0.638937 0.396463 0.381809 0.304783
threshold=975.07142857142867 47.500000000000007 0.95242846126021108 707.21428571428589 623.35000000000014 -0.94388905186573491 0.84313847884979054 122.47448713917338 23.146428571428576 1396.6833333333336 0.50371863418624774 -0.93881210897455081 2214.3571428571436 0.099999999999982256 1930.5000000000002 2075.9000000000005 0.30000000000000893 0.099999999999999964 135.50000000000003 877.50000000000011 0.091259403071267925 620.50000000000011 650.50000000000011 695.50000000000011 950.50000000000011 600.50000000000011 0.9193901325473397 -0.70900320270980455 139.95875214214155 0.79999999999999971
decision_type=2 2 2 2 2 2 2 2 2 2 2 2 2 2 2 2 2 2 2 2 2 2 2 2 2 2 2 2 2 2
left_child=1 -1 4 21 5 18 8 -8 9 10 16 12 -11 29 28 -16 -2 -5 -3 -19 -12 23 -23 -4 -13 26 -6 -27 -15 -9
right_child=6 2 3 17 25 -7 7 13 -10 11 20 24 -14 14 15 -17 -18 19 -20 -21 -22 22 -24 -25 -26 27 -28 -29 -30 -31
leaf_value=-0.89868052100745488 -0.79231516816555092 -1.2462909724383919 -1.7695945014254335 0.065868115344768788 -0.074070719177925085 -0.11173801875607042 1.0798981180290748 0.3711016005107573 2.0190158710885497 -0.59012031957471767 -0.4152782281808291 -0.38034511455779607 2.601360106501287 -0.82869655980521006 -1.2271179717055221 0.0078001942843042831 0.033725014649045225 -0.20214016980588309 -0.33264930302869317 -0.70246399513864521 0.99092104857443031 -1.1969555629926931 -0.64357807536367651 -0.63539874271870167 1.8130348878663307 0.38890297981960298 -1.4159865716380091 0.0045717610798981772 0.195527164249199 -0.17368405789160321
leaf_weight=54 115 32 49 233 140 116 997 464 7169 124 244 33 261 42 81 33 31 311 38 208 141 43 115 56 3042 593 39 765 120 290
leaf_count=54 115 32 49 233 140 116 997 464 7169 124 244 33 261 42 81 33 31 311 38 208 141 43 115 56 3042 593 39 765 120 290
internal_value=0.000200845 -0.000398854 -0.000317999 -0.000770177 -4.55336e-05 -0.00116043 0.000328594 7.07594e-05 0.000374518 0.000206789 -0.000572368 0.000329385 -0.000278497 -0.000227934 -0.000837545 -0.00185217 -0.00154422 -0.000430279 -0.00288732 -0.000693269 -0.00017487 -0.00169886 -0.00113836 -0.00242925 0.00040881 8.35501e-05 -0.000391667 0.00015379 -5.52147e-05 0
internal_weight=15979 2792 2738 1015 1723 186 13187 2027 11160 3991 531 3460 385 1030 276 114 146 752 70 519 385 263 158 105 3075 1537 179 1358 162 754
internal_count=15979 2792 2738 1015 1723 186 13187 2027 11160 3991 531 3460 385 1030 276 114 146 752 70 519 385 263 158 105 3075 1537 179 1358 162 754
is_linear=0
shrinkage=0.01


Tree=110
num_leaves=31
num_cat=5
split_feature=10 16 10 0 15 20 19 15 10 15 16 29 12 20 0 0 12 15 0 13 28 34 10 20 3 10 34 12 12 15
split_gain=14.4769 6.38651 3.61986 3.85841 2.53551 2.57003 1.79532 1.46464 1.45378 2.2743 2.99905 1.94713 1.20173 1.1821 1.34429 1.1558 1.38617 1.05135 0.896761 0.989445 0.806298 0.679849 0.391784 0.368671 0.382088 0.358401 0.266467 0.256791 0.19486 0.90004
threshold=975.07142857142867 0.98519415784776321 716.50000000000011 0 -0.8142754349318998 25.317857142857147 3.2499999999999933 -0.75013812021657655 1982.8571428571431 0.2332836900311728 -0.8983350073998303 22.725000000000005 663.01666666666677 20.860714285714288 1 2 1495.8500000000001 0.70138038092733435 3 1492.1171027907558 29.075000000000006 4.0250000000000012 1142.9285714285718 23.103571428571435 4 1200.0714285714287 6.4750000000000005 652.60000000000014 1652.5166666666669 0.59003219687534991
decision_type=2 2 2 9 2 2 2 2 2 2 2 2 2 2 9 9 2 2 9 2 2 2 2 2 9 2 2 2 2 2
left_child=1 2 3 4 -1 -6 20 27 9 18 11 21 -8 -12 -15 16 -9 -3 19 22 -5 -11 -2 25 -25 -20 -17 -4 29 -10
right_child=8 17 7 6 5 -7 12 15 28 10 13 -13 -14 14 -16 26 -18 -19 23 -21 -22 -23 -24 24 -26 -27 -28 -29 -30 -31
leaf_value=-0.021702977218687379 -0.37297195641739123 -0.84235575000997009 -0.053195719512085779 0.0055078039253642509 -0.4750714687687938 -1.7511054376820585 -0.54079362635674544 -0.26490321726870741 4.8434074687430808 -0.85398793448119448 1.4162239948266071 0.62729926998195651 -1.1104019427053076 -0.31822498013065753 0.2232723627659354 -0.085599047064192108 -0.64198111703444938 -1.0431681484746833 -0.35034720536899661 -0.87975380572929052 -0.58355324783443641 -0.29794903820056023 1.7954532637938077 0.046777934549561605 1.3503071515732694 1.1629306836687514 0.046938441471766609 0.67541329230228841 3.811591842360408 -0.4857924646992311
leaf_weight=32 30 32 37 321 37 69 46 552 154 38 750 59 116 725 1518 306 61 34 31 50 243 64 119 263 4004 38 434 425 5250 31
leaf_count=32 30 32 37 321 37 69 46 552 154 38 750 59 116 725 1518 306 61 34 31 50 243 64 119 263 4004 38 434 425 5250 31
internal_value=0.00018995 -0.000468864 -0.000388246 -0.000922543 -0.00242282 -0.00333645 -0.000579376 -0.000128029 0.000328533 0.000237256 2.75753e-05 -0.00129321 -0.00152761 0.000102371 -8.24419e-06 -0.000298006 -0.000614583 -0.00353731 0.000380842 -0.000240476 -0.000297345 -0.00212621 9.66667e-05 0.000411318 0.000424906 -0.000221429 -1.33156e-05 0.000347732 0.000455758 6.72043e-05
internal_weight=15869 2745 2679 864 138 106 726 1815 13124 7689 3154 161 162 2993 2243 1353 613 66 4535 199 564 102 149 4336 4267 69 740 462 5435 185
internal_count=15869 2745 2679 864 138 106 726 1815 13124 7689 3154 161 162 2993 2243 1353 613 66 4535 199 564 102 149 4336 4267 69 740 462 5435 185
cat_boundaries=0 1 2 3 4 5
cat_threshold=528384 3739666 3263496 262660 8
is_linear=0
shrinkage=0.01


Tree=111
num_leaves=31
num_cat=0
split_feature=10 7 14 13 23 32 10 15 16 29 16 20 20 10 17 13 25 32 10 20 23 24 32 28 32 14 7 24 25 21
split_gain=13.9275 7.73889 3.99994 3.09852 2.17016 1.58998 1.47209 2.24567 2.99905 1.94713 1.40724 1.38933 1.1821 1.18469 0.953729 1.06713 0.52524 0.395864 0.368597 0.452792 0.267328 0.264544 0.216138 0.204381 0.191536 0.101725 0.0875806 0.075316 0.0528545 0.0424255
threshold=975.07142857142867 47.500000000000007 0.9550229469509578 1891.6318444589881 500.50000000000006 1.2000000000000022 1982.8571428571431 0.2332836900311728 -0.8983350073998303 22.725000000000005 -0.91597725483594616 29.575000000000006 20.860714285714288 1171.5000000000002 0.097680735332368748 1400.7628576443744 3150.5000000000005 0.10000000000000007 1121.5000000000002 23.953571428571433 2125.5700000000002 1266.5000000000002 0.20000000000000182 26.825000000000006 192.20000000000002 0.73865729060996177 78.500000000000014 850.50000000000011 1876.3700000000001 2298.5000000000005
decision_type=2 2 2 2 2 2 2 2 2 2 2 2 2 2 2 2 2 2 2 2 2 2 2 2 2 2 2 2 2 2
left_child=1 -1 4 5 10 11 7 16 9 20 -3 -4 -10 -14 15 -6 18 -12 19 -2 -9 27 -16 -18 -20 -8 -7 -5 29 -27
right_child=6 2 3 21 14 26 25 8 12 -11 17 -13 13 -15 22 -17 23 -19 24 -21 -22 -23 -24 -25 -26 28 -28 -29 -30 -31
leaf_value=-0.9016232914905663 -0.11539904661978048 -1.1700003224608353 -0.99391023834750947 -0.027241210761669118 -0.87474058597019921 0.13456149678466667 5.4031714594196467 -0.76228570106348015 1.4020617548783409 0.62102627728213744 0.06022633187213549 -0.27454196169887463 -0.36610963703064126 0.11924512833191958 0.005889467580391934 -0.040100133500091312 0.11456058374472651 -0.26689094746988262 1.811806879668036 0.45408107917866886 -0.3598223810586787 -0.4454916072053744 0.53004466740126732 -0.943649327667616 -0.22528641572082145 -0.43562727744082175 -0.061030358726898895 0.099695069947341147 1.2480984683462162 1.05742595073401
leaf_weight=55 139 31 412 35 52 41 4829 62 750 59 46 179 341 1902 213 870 37 38 3444 837 40 54 477 45 33 46 61 181 516 44
leaf_count=55 139 31 412 35 52 41 4829 62 750 59 46 179 341 1902 213 870 37 38 3444 837 40 54 477 45 33 46 61 181 516 44
internal_value=0.00019184 -0.000454297 -0.000373467 -0.00089056 -7.8993e-05 -0.00124424 0.000327771 0.000235956 2.75753e-05 -0.00129321 -0.00140086 -0.00144341 0.000102371 -8.24419e-06 9.91942e-06 -0.000193933 0.000378638 -0.000564706 0.000394365 0.000202661 -0.00212621 0 0.000296672 -0.000349398 0.000445227 0.000455758 0 0.000175115 0.000285008 0
internal_weight=15869 2745 2690 963 1727 693 13124 7689 3154 161 115 591 2993 2243 1612 922 4535 84 4453 976 102 270 690 82 3477 5435 102 216 606 90
internal_count=15869 2745 2690 963 1727 693 13124 7689 3154 161 115 591 2993 2243 1612 922 4535 84 4453 976 102 270 690 82 3477 5435 102 216 606 90
is_linear=0
shrinkage=0.01


Tree=112
num_leaves=31
num_cat=2
split_feature=10 14 15 12 13 14 13 10 15 15 11 10 6 0 13 28 13 32 12 10 13 32 10 3 12 12 15 24 6 34
split_gain=13.7175 4.20661 7.96392 4.25155 3.2719 2.58866 3.23512 1.43944 2.28754 1.58308 2.1432 1.88582 1.49181 0.890675 0.989445 0.683418 0.680128 0.699336 0.436998 0.391784 0.380259 0.366147 0.383402 0.377321 0.339569 0.275047 1.21748 0.254398 0.150358 0.12844
threshold=975.07142857142867 0.61237135649459018 0.68274389090025245 623.35000000000014 1400.7628576443744 0.97696484778429815 1891.6318444589881 1982.8571428571431 0.2332836900311728 0.8511460603353429 217.39726637650776 1171.5000000000002 2.5000000000000004 0 1492.1171027907558 29.075000000000006 1690.3684119030092 0.30000000000000188 652.60000000000014 1142.9285714285718 1394.7048805886573 159.75000000000003 1221.5000000000002 1 623.35000000000014 1652.5166666666669 0.59003219687534991 1200.5000000000002 8.5000000000000018 5.5050000000000008
decision_type=2 2 2 2 2 2 2 2 2 2 2 2 2 9 2 2 2 2 2 2 2 2 2 9 2 2 2 2 2 2
left_child=1 18 3 4 -3 15 -7 8 13 10 11 -10 -12 14 19 -5 17 -11 20 -2 -1 23 -23 -15 -22 26 -9 -18 -20 -27
right_child=7 2 -4 5 -6 6 -8 25 9 16 12 -13 -14 21 -16 -17 27 -19 28 -21 24 22 -24 -25 -26 29 -28 -29 -30 -31
leaf_value=0.043062295063215135 -0.36808824638701948 -1.1917597145910335 -0.89982930559826946 0.045580800804960318 -0.41859808651723923 -0.75858172362107912 0.031879444587966599 4.7409416794614536 -0.50923140063592787 0.41269661616119135 2.1109013699363222 0.45761418626717759 -0.55361339550854882 0.029889336016422297 -0.87391932833428998 -0.23944223093252018 -0.035041323721130967 -0.31866799414206481 0.52448318151317663 1.777714503808637 -0.0076329980176757049 -0.35559076048164373 1.1458646023134975 1.3294746304603748 -0.58033479673350297 5.5192904475664548 -0.53496625464643588 1.844671073525519 0.25008945500711049 0.95673114069331067
leaf_weight=86 30 57 50 602 47 524 222 154 253 630 71 751 321 263 50 563 75 201 418 119 35 30 39 4004 35 4737 31 852 106 513
leaf_count=86 30 57 50 602 47 524 222 154 253 630 71 751 321 263 50 563 75 201 418 119 35 30 39 4004 35 4737 31 852 106 513
internal_value=0.00019058 -0.000450655 -0.000676428 -0.000571677 -0.00255238 -0.000457374 -0.000919679 0.000325486 0.000234655 2.44057e-05 -0.000223336 1.19403e-05 -0.000849873 0.000378638 -0.000240476 -0.00015223 0.000226833 6.61059e-06 0.000220264 9.66667e-05 -0.000203822 0.000409018 -0.000221429 0.000422563 -0.000774648 0.000452079 1.34409e-05 0.000413254 0.000365714 0.000465626
internal_weight=15869 2745 2065 2015 104 1911 746 13124 7689 3154 1396 1004 392 4535 199 1165 1758 831 680 149 156 4336 69 4267 70 5435 185 927 524 5250
internal_count=15869 2745 2065 2015 104 1911 746 13124 7689 3154 1396 1004 392 4535 199 1165 1758 831 680 149 156 4336 69 4267 70 5435 185 927 524 5250
cat_boundaries=0 1 2
cat_threshold=262660 8
is_linear=0
shrinkage=0.01


Tree=113
num_leaves=31
num_cat=5
split_feature=10 7 10 0 14 7 20 14 0 13 10 15 16 29 20 0 0 13 16 12 34 13 15 16 10 20 3 10 12 7
split_gain=12.9589 7.85242 3.78386 3.94065 3.00571 2.64997 2.3849 1.99961 2.32579 2.35149 1.43944 2.28754 2.98411 1.94713 1.14778 1.2605 0.890675 0.989445 0.819915 0.702307 0.679849 0.593416 0.538 0.462873 0.391784 0.366147 0.377321 0.358401 0.275047 1.21748
threshold=975.07142857142867 47.500000000000007 707.21428571428589 0 0.97112537654464559 148.50000000000003 25.317857142857147 0.98049069993378934 1 1891.6318444589881 1982.8571428571431 0.2332836900311728 -0.8983350073998303 22.725000000000005 20.667857142857148 2 3 1492.1171027907558 -0.98523971305672675 663.01666666666677 4.0250000000000012 1600.9209540135041 -0.75013812021657655 -0.83789107429055565 1142.9285714285718 23.103571428571435 4 1200.0714285714287 1652.5166666666669 310.50000000000006
decision_type=2 2 2 9 2 2 2 2 9 2 2 2 2 2 2 9 9 2 2 2 2 2 2 2 2 2 9 2 2 2
left_child=1 -1 3 5 18 6 -3 22 9 -9 11 16 13 20 -14 -16 17 24 -5 -6 -13 -10 -4 -24 -2 27 -27 -18 29 -12
right_child=10 2 7 4 19 -7 -8 8 21 -11 28 12 14 -15 15 -17 25 -19 -20 -21 -22 -23 23 -25 -26 26 -28 -29 -30 -31
leaf_value=-0.8836087655196786 -0.36440736392314887 -0.45359968143363327 0.50122408978456312 -0.32196110551714208 -0.78822858771413085 -0.018740707991625555 -1.8275613534254629 -0.91155899851131239 -0.67715597641284098 0.07183138405867226 4.6935322626668388 -0.83228906417066217 1.4842932816107526 0.62030776648870745 -0.41875572253142324 0.15494037077085235 -0.34158439842334942 -0.86518013505094704 4.5136273572395914e-05 -1.0802924052826712 -0.28181055685283368 0.042777718730537428 -0.10019910027331989 0.069344202426754459 1.7599373587705509 0.029590442656258622 1.3112643315007462 1.1375426723914308 3.70895782187708 -0.52961659209997181
leaf_weight=55 30 35 481 55 34 32 66 145 62 61 154 38 655 59 535 1803 31 50 450 137 64 271 271 590 119 263 4004 38 5250 31
leaf_count=55 30 35 481 55 34 32 66 145 62 61 154 38 655 59 535 1803 31 50 450 137 64 271 271 590 119 263 4004 38 5250 31
internal_value=0.00019436 -0.000428806 -0.000347454 -0.00092037 -0.000556041 -0.00245486 -0.00342647 -9.53772e-05 -0.000612037 -0.00141475 0.000325486 0.000234655 2.44057e-05 -0.00129321 9.90314e-05 -4.2752e-07 0.000378638 -0.000240476 -0.000153162 -0.00171221 -0.00212621 -3.92442e-05 0.000104989 -3.42227e-05 9.66667e-05 0.000409018 0.000422563 -0.000221429 0.000452079 1.34409e-05
internal_weight=15869 2745 2690 809 676 133 101 1881 539 206 13124 7689 3154 161 2993 2338 4535 199 505 171 102 333 1342 861 149 4336 4267 69 5435 185
internal_count=15869 2745 2690 809 676 133 101 1881 539 206 13124 7689 3154 161 2993 2338 4535 199 505 171 102 333 1342 861 149 4336 4267 69 5435 185
cat_boundaries=0 1 2 3 4 5
cat_threshold=528384 3267584 3674128 262660 8
is_linear=0
shrinkage=0.01


Tree=114
num_leaves=31
num_cat=0
split_feature=10 14 15 12 13 14 13 10 15 14 32 14 18 13 21 12 10 14 11 21 12 10 20 12 14 25 15 12 32 25
split_gain=13.0838 4.34064 8.02688 4.32037 3.2719 2.31862 2.72112 1.39675 2.66824 1.19397 1.72922 2.26739 1.72355 0.749233 0.725446 0.580146 0.440192 0.429652 0.531237 0.421925 0.402652 0.350511 0.346984 0.286967 0.277024 0.259115 2.00637 2.43971 0.183284 0.187977
threshold=975.07142857142867 0.61237135649459018 0.68274389090025245 623.35000000000014 1400.7628576443744 0.97696484778429815 1891.6318444589881 1778.6428571428576 0.2332836900311728 -0.54220184589352438 0.20000000000001514 0.17646842360078763 4.2000000000000162 1861.9475379474175 550.50000000000011 1773.95 1121.5000000000002 0.86113431103781346 307.50496937757538 1100.5000000000002 2965.2833333333338 1028.7857142857144 23.810714285714294 652.60000000000014 0.91248814248966237 1320.5000000000002 0.63089349388778826 1698.2833333333335 192.20000000000002 2900.5000000000005
decision_type=2 2 2 2 2 2 2 2 2 2 2 2 2 2 2 2 2 2 2 2 2 2 2 2 2 2 2 2 2 2
left_child=1 23 3 4 -3 14 -7 8 16 12 13 -12 15 -11 -5 -10 19 25 -19 22 24 -21 -2 -1 -20 26 -9 -28 29 -18
right_child=7 2 -4 5 -6 6 -8 17 9 10 11 -13 -14 -15 -16 -17 28 18 20 21 -22 -23 -24 -25 -26 -27 27 -29 -30 -31
leaf_value=-0.025983751993856476 -0.12005167168290766 -1.1736113065223199 -0.88199492488709075 -0.61881661470136951 -0.39613649211781216 -0.74206531249652696 0.031132872954781256 4.4850374640314552 -0.19940688365501694 0.42239957064347694 0.36362814037296337 -0.70229180293054272 4.2461888212803061 -0.1304103927708582 -0.022426737870806863 -0.57389259546246796 1.7200721794099654 1.0853904032338151 -0.57573605592099131 -0.43112128267327082 0.62194929851030967 0.037358609894480511 0.65866254278507352 0.49802422701795307 -0.22351636692497429 4.3492964742353104 -0.89614742521945168 0.17758157704435631 -0.21606179997456346 -0.07830571338828278
leaf_weight=156 79 57 50 102 47 524 222 646 34 1382 299 330 57 193 1063 36 3057 253 39 39 35 222 660 524 39 5529 30 64 33 68
leaf_count=156 79 57 50 102 47 524 222 646 34 1382 299 330 57 193 1063 36 3057 253 39 39 35 222 660 524 39 5529 30 64 33 68
internal_value=0.00019373 -0.000432447 -0.000661907 -0.000556796 -0.00255238 -0.000441684 -0.000879518 0.000325486 0.000217951 -4.90995e-05 9.07042e-07 -0.000437302 -0.000988281 0.000182424 -0.00015223 -0.00204225 0.000370041 0.000429099 6.26703e-05 0.00016983 -0.000469298 -0.000150763 0.000296622 0.000249633 -0.000898734 0.000448884 0.000242915 -0.00108421 0.000430199 0.00043906
internal_weight=15869 2745 2065 2015 104 1911 746 13124 6489 2331 2204 629 127 1575 1165 70 4158 6635 366 1000 113 261 739 680 78 6269 740 94 3158 3125
internal_count=15869 2745 2065 2015 104 1911 746 13124 6489 2331 2204 629 127 1575 1165 70 4158 6635 366 1000 113 261 739 680 78 6269 740 94 3158 3125
is_linear=0
shrinkage=0.01


Tree=115
num_leaves=31
num_cat=6
split_feature=10 7 10 0 14 7 13 10 15 16 32 0 7 0 12 33 0 14 0 20 13 20 25 16 12 26 0 32 16 13
split_gain=11.3473 5.75495 3.01003 3.00819 2.44974 1.8151 3.41407 1.224 1.90744 1.83694 1.08817 2.06131 1.03562 0.825435 0.798264 0.787621 0.642359 0.500257 0.666175 0.832491 0.418509 0.388223 0.522418 0.361477 2.07382 0.735749 0.351177 0.641566 0.344828 0.246549
threshold=947.00000000000011 47.500000000000007 707.21428571428589 0 0.97112537654464559 148.50000000000003 1425.2054090185677 1628.7857142857144 0.25829915227078726 -0.91597725483594616 0.20000000000000892 1 137.50000000000003 2 663.01666666666677 1.8499999999999932 3 0.8697513045430848 4 24.81071428571429 1772.2174742730938 23.63928571428572 1593.0000000000002 -0.95244167294248061 2116.7000000000003 24.575000000000006 5 0.20000000000000892 -0.96688789938088693 2014.988245288848
decision_type=2 2 2 9 2 2 2 2 2 2 2 9 2 9 2 2 9 2 9 2 2 2 2 2 2 2 9 2 2 2
left_child=1 -1 3 5 28 6 -3 8 16 -10 20 -12 13 15 -6 -4 21 23 19 -19 -11 -2 -23 24 25 -9 27 -14 -5 -15
right_child=7 2 12 4 14 -7 -8 17 9 10 11 -13 26 29 -16 -17 -18 18 -20 -21 -22 22 -24 -25 -26 -27 -28 -29 -30 -31
leaf_value=-0.90500302786243736 -0.55656020523672245 -1.6897840139708544 -0.16251351378029963 -0.26809203268201237 -0.18222285294935189 -0.068921549881876473 -0.55620921790276368 -0.57340670493138979 -0.49972971661162879 0.3888886438609318 -0.80712484358073355 0.0054931738318878629 -0.11583747440405784 -0.081805057949966162 -1.079836002879365 -0.98797132065975302 0.90267256276506358 -0.47947165545209575 0.76042994163159539 -0.031599409254359008 -0.068747261560695758 0.69422952742079846 -0.47746814209650296 3.7956111163938751 4.3950833999951122 1.7772272092980124 0.47664468707899732 0.41715352069495865 -0.0026670917966027251 0.35347412361555719
leaf_weight=44 45 33 187 82 33 36 70 116 48 1072 110 367 30 735 145 116 3097 33 385 93 167 426 211 6387 655 36 439 89 416 116
leaf_count=44 45 33 187 82 33 36 70 116 48 1072 110 367 30 735 145 116 3097 33 385 93 167 426 211 6387 655 36 439 89 416 116
internal_value=0.000215518 -0.000390552 -0.000322983 -0.000824142 -0.000497817 -0.00213667 -0.00296635 0.000333912 0.000216721 -4.98583e-05 0 -0.000400628 -7.82253e-05 -0.00025368 -0.00151397 -0.00069586 0.000343783 0.000416883 8.88672e-05 -0.000489051 0.000160887 4.47331e-05 0.000123041 0.000438777 0.000214728 -0.000810457 0.000266547 -0.000157692 -0.000122244 -7.4826e-05
internal_weight=15819 2571 2527 815 676 139 103 13248 5543 1764 1716 477 1712 1154 178 303 3779 7705 511 126 1239 682 637 7194 807 152 558 119 498 851
internal_count=15819 2571 2527 815 676 139 103 13248 5543 1764 1716 477 1712 1154 178 303 3779 7705 511 126 1239 682 637 7194 807 152 558 119 498 851
cat_boundaries=0 1 2 3 4 5 6
cat_threshold=528384 2625537 2120704 340484 3475473 2113600
is_linear=0
shrinkage=0.01


Tree=116
num_leaves=31
num_cat=2
split_feature=22 15 12 28 16 14 22 14 0 0 26 18 23 25 12 16 12 15 19 34 15 12 11 25 11 14 14 20 33 11
split_gain=8.67889 3.89549 4.1882 2.12693 1.79678 2.2087 2.03062 1.38841 1.54054 1.30438 1.03448 2.76532 3.09935 0.869254 0.854168 0.726383 3.61156 1.98675 0.906742 0.6062 0.480853 2.38839 0.49979 0.41315 0.37579 0.321817 0.301672 0.282453 0.241859 0.23776
threshold=1050.4500000000003 -0.72694848937061807 623.35000000000014 28.925000000000004 0.9962888416657264 0.95242846126021108 750.50000000000011 0.59177612190863982 0 1 25.875000000000004 0.29999999999998678 1930.5000000000002 2527.5000000000005 652.60000000000014 -0.93197223986804445 2045.0833333333337 0.71952396275653763 120.15000000000002 4.0250000000000012 0.68274389090025245 1363.4166666666667 69.006555934220117 2900.5000000000005 122.47448713917338 0.9893236546938301 0.89017062131308955 29.26071428571429 0.69999999999999962 93.795622960376008
decision_type=2 2 2 2 2 2 2 2 9 9 2 2 2 2 2 2 2 2 2 2 2 2 2 2 2 2 2 2 2 2
left_child=1 14 3 -3 5 9 -7 15 10 -4 11 13 -13 -9 27 16 17 18 -2 -19 24 22 -22 25 -10 -12 -26 -1 -16 -6
right_child=7 2 4 -5 29 6 -8 8 20 -11 23 12 -14 -15 28 -17 -18 19 -20 -21 21 -23 -24 -25 26 -27 -28 -29 -30 -31
leaf_value=0.38472391938974931 0.23585896573047074 -0.49372539446828023 -0.28515364279010802 -1.1850267387197257 -0.27315986508780493 -0.8536408758979972 -0.22638978641205035 0.08221309205206033 1.3196607886694978 0.075878097864298083 0.86571041390689574 -1.0114353267534844 0.098803038026948828 -0.55324444734686418 -0.021595809497669892 1.745786570877039 3.5959007793675761 -1.1050562879474588 -0.93908328591206924 -0.53760550418338349 -0.37973359295935077 4.1792637686563054 -0.393587010879277 -1.0247071634310034 1.7664355224154833 -0.22223866607017609 0.02865544726479017 -0.17578850983138558 0.91087825926451571 -1.085254674642341
leaf_weight=57 96 42 370 44 30 417 571 281 1017 996 329 36 32 63 79 8132 779 34 31 38 40 209 35 37 438 76 530 128 820 32
leaf_count=57 96 42 370 44 30 417 571 281 1017 996 329 36 32 63 79 8132 779 34 31 38 40 209 35 37 438 76 530 128 820 32
internal_value=0.000214254 -0.000216616 -0.000435078 -0.0026092 -0.000352503 -0.00030276 -0.000663296 0.000341385 0.000154129 -3.43818e-05 -0.0002 -0.000566586 -0.0024058 -0.000168116 0.000278341 0.000404456 0.000131767 -0.0010525 -0.000207031 -0.00238356 0.000291447 -6.31579e-05 -0.00161184 0.000115124 0.000348691 0.000227833 0.000189886 -0.00030914 0.000410556 -0.00204762
internal_weight=15819 3586 2502 86 2416 2354 988 12233 3123 1366 854 412 68 344 1084 9110 978 199 127 72 2269 284 75 442 1985 405 968 185 899 62
internal_count=15819 3586 2502 86 2416 2354 988 12233 3123 1366 854 412 68 344 1084 9110 978 199 127 72 2269 284 75 442 1985 405 968 185 899 62
cat_boundaries=0 1 2
cat_threshold=3481088 2101318
is_linear=0
shrinkage=0.01


Tree=117
num_leaves=31
num_cat=6
split_feature=10 7 10 0 14 32 32 10 20 16 12 0 25 0 26 7 0 12 33 23 14 0 20 16 16 12 28 0 32 11
split_gain=10.966 5.782 2.95897 2.75113 2.44974 1.70401 1.77763 1.32652 1.56278 2.18375 1.27852 1.40274 1.13919 1.48532 1.47158 1.00081 0.8615 0.798264 0.787621 0.574679 0.495888 0.666175 0.832491 0.344828 0.309494 1.94905 1.71452 0.272152 0.704928 0.245338
threshold=947.00000000000011 47.500000000000007 707.21428571428589 0 0.97112537654464559 1.000000000000002 1.0000000180025095e-35 1628.7857142857144 23.232142857142865 -0.91597725483594616 1396.6833333333336 1 1849.7150000000004 2 26.625000000000004 137.50000000000003 3 663.01666666666677 1.8499999999999932 950.50000000000011 0.8697513045430848 4 24.81071428571429 -0.96688789938088693 -0.90163369914317015 2045.0833333333337 21.825000000000006 5 0.29999999999998678 138.44373104864994
decision_type=2 2 2 9 2 2 2 2 2 2 2 9 2 9 2 2 9 2 2 2 2 9 2 2 2 2 2 9 2 2
left_child=1 -1 3 5 23 6 -3 8 9 -2 11 -11 -10 14 -14 16 18 -6 -4 -12 24 22 -22 -5 25 26 -9 28 -17 -15
right_child=7 2 15 4 17 -7 -8 20 12 10 19 -13 13 29 -16 27 -18 -19 -20 -21 21 -23 -24 -25 -26 -27 -28 -29 -30 -31
leaf_value=-0.88510045083738964 -0.48368185656603707 -0.47299159195873097 -0.15235196988351701 -0.25401078205903088 -0.17562772234734206 -0.028483449350147252 -1.3753595743869931 -1.3280687336015342 1.0270714777032683 -0.50345049442966849 -0.33289258592053222 0.10842866830076286 -0.68333449336739027 0.83305173288777468 0.15228446144879751 -0.19008133367686367 -0.015730171922274036 -1.0605012340915914 -0.96955519869417528 0.81558066556827347 -0.47295723981200405 0.75253908774263123 -0.028078569867928335 -0.0027700361161914085 3.8703408489386066 3.9847258079839425 -0.0047263906674307509 0.47409272927050966 0.30255890219841908 0.012926167991141289
leaf_weight=44 48 59 187 82 33 31 49 51 3437 261 37 311 124 325 190 30 851 145 116 626 33 385 93 416 6115 900 128 417 111 184
leaf_count=44 48 59 187 82 33 31 49 51 3437 261 37 311 124 325 190 30 851 145 116 626 33 385 93 416 6115 900 128 417 111 184
internal_value=0.00021299 -0.000382776 -0.000315071 -0.000811887 -0.000497817 -0.00207 -0.00280734 0.000329383 0.000207702 -9.22897e-05 -2.02264e-06 -0.000356021 0.000300399 -2.24514e-05 -0.000563077 -7.23876e-05 -0.000245022 -0.00151397 -0.00069586 0.000288404 0.000415585 8.88672e-05 -0.000489051 -0.000122244 0.000437387 0.000258796 -0.000669444 0.000266547 -6.25e-05 0.000297115
internal_weight=15819 2571 2527 815 676 139 108 13248 5543 1283 1235 572 4260 823 314 1712 1154 178 303 663 7705 511 126 498 7194 1079 179 558 141 509
internal_count=15819 2571 2527 815 676 139 108 13248 5543 1283 1235 572 4260 823 314 1712 1154 178 303 663 7705 511 126 498 7194 1079 179 558 141 509
cat_boundaries=0 1 2 3 4 5 6
cat_threshold=528384 1586338 2432645 2120704 3475473 2113537
is_linear=0
shrinkage=0.01


Tree=118
num_leaves=31
num_cat=4
split_feature=10 7 10 0 14 32 13 15 10 15 14 18 32 0 12 22 0 0 10 15 14 26 13 25 13 12 28 11 18 14
split_gain=10.656 7.25917 3.24269 2.81417 2.25209 1.70401 1.89942 1.13356 1.09759 1.69348 1.24278 1.87924 1.27721 2.0684 1.24075 1.00123 0.894949 0.713776 0.839163 1.01124 0.529013 0.730118 0.437379 0.433006 0.423109 0.342349 0.310046 0.277463 0.269023 0.283378
threshold=975.07142857142867 47.500000000000007 707.21428571428589 0 0.97112537654464559 1.000000000000002 1432.580681875728 -0.69676771491221523 1778.6428571428576 0.25829915227078726 -0.56368474752277564 4.8000000000000167 0.20000000000000892 1 1773.95 770.50000000000011 2 3 1100.214285714286 -0.64580103137750788 0.8697513045430848 23.275000000000002 1454.1710054641007 1849.7150000000004 1861.9475379474175 652.60000000000014 29.075000000000006 366.47695282548881 159.95000000000005 0.82414472752956958
decision_type=2 2 2 9 2 2 2 2 2 2 2 2 2 9 2 2 9 9 2 2 2 2 2 2 2 2 2 2 2 2
left_child=1 -1 3 5 26 6 -3 25 9 17 11 14 24 -14 -11 -6 -9 18 19 -2 -10 -22 -18 -20 -12 -4 -5 -23 29 -19
right_child=8 2 7 4 15 -7 -8 16 20 10 12 -13 13 -15 -16 -17 22 28 23 -21 21 27 -24 -25 -26 -27 -28 -29 -30 -31
leaf_value=-0.86838370860743042 0.92593667812348346 -1.4402416943951288 -0.020065425892008017 0.012281742515408247 -1.0195329280637846 -0.02819861485664606 -0.51996538134331272 -0.41371343958340689 3.7074172293470049 -0.16793904275755453 0.49803841169475865 4.9544397075224342 -0.64921725046797307 0.18652102969926085 -0.89953432492885599 -0.54453649299245821 -0.6055966112102773 1.3917980652701851 1.4394392453120255 -0.97170642974944699 -0.48106776473261131 0.77601320464551793 -0.017217825030916203 -0.59794718463206586 -0.061157472945390902 0.58922151795001432 -0.26520967275299401 -0.13733831304644137 -0.22856502473022539 0.34973119787817775
leaf_weight=56 30 37 43 308 126 31 71 119 6236 39 1384 53 236 386 31 52 34 2757 203 30 31 262 1181 72 169 530 190 58 61 1003
leaf_count=56 30 37 43 308 126 31 71 119 6236 39 1384 53 236 386 31 52 34 2757 203 30 31 262 1181 72 169 530 190 58 61 1003
internal_value=0.000211094 -0.000349406 -0.000271392 -0.000799632 -0.000483261 -0.00207 -0.00280734 -4.00943e-05 0.000331276 0.000235012 1.26142e-05 -0.000955645 7.23805e-05 -0.000303371 -0.00204225 -0.0014581 -0.000204494 0.000355545 -6.50289e-05 -0.00114754 0.000424029 1.5625e-05 -0.000108075 0.00013587 0.000229408 0.000324913 -0.000122244 0.000186916 0.000394181 0.000406807
internal_weight=15819 2778 2722 815 676 139 108 1907 13041 6454 2298 123 2175 622 70 178 1334 4156 335 60 6587 351 1215 275 1553 573 498 320 3821 3760
internal_count=15819 2778 2722 815 676 139 108 1907 13041 6454 2298 123 2175 622 70 178 1334 4156 335 60 6587 351 1215 275 1553 573 498 320 3821 3760
cat_boundaries=0 1 2 3 4
cat_threshold=528384 3675153 2099200 266756
is_linear=0
shrinkage=0.01


Tree=119
num_leaves=31
num_cat=5
split_feature=10 7 10 0 17 32 32 12 15 16 10 20 0 15 0 33 12 0 10 15 25 10 16 0 28 10 11 28 34 34
split_gain=10.4726 7.27478 3.1379 2.87768 2.06266 1.70401 1.77763 1.09489 1.97269 4.0856 1.88238 1.13843 1.37639 1.03763 0.883833 0.72996 0.676025 0.614503 0.945345 1.01124 0.604479 0.410796 0.344828 0.342708 0.556637 0.340776 0.553244 0.217168 0.200574 0.117566
threshold=975.07142857142867 47.500000000000007 707.21428571428589 0 -0.88320848168588306 1.000000000000002 1.0000000180025095e-35 2116.7000000000003 0.25829915227078726 -0.93881210897455081 2173.928571428572 20.925000000000004 1 -0.70900320270980455 2 103.25000000000001 663.01666666666677 3 1100.214285714286 -0.64580103137750788 1849.7150000000004 793.07142857142867 -0.96688789938088693 4 29.175000000000004 1235.7857142857144 102.10347225497806 22.425000000000004 4.3950000000000005 5.5050000000000008
decision_type=2 2 2 9 2 2 2 2 2 2 2 2 9 2 9 2 2 9 2 2 2 2 2 9 2 2 2 2 2 2
left_child=1 -1 3 5 16 6 -3 8 17 10 15 27 -13 23 28 -10 -5 18 19 -2 -20 -16 -6 24 -4 26 -19 -11 -15 -9
right_child=7 2 13 4 22 -7 -8 29 9 11 -12 12 -14 14 21 -17 -18 25 20 -21 -22 -23 -24 -25 -26 -27 -28 -29 -30 -31
leaf_value=-0.85969987152135607 0.91667731134224906 -0.45385925909519265 0.44893126319229171 -0.1665260945669062 -0.2488185775109103 -0.027916628708079854 -1.3527252192483663 4.704599928913388 -0.45857509131647806 1.800418720837254 0.57846054106967748 -0.40108218147723373 0.18531918670776051 -0.1030562310902341 -0.23008311838979328 -1.5526129067411798 -1.0397008924700379 0.74433816347889037 1.712598712318125 -0.96198936545195224 -0.65059104630075471 0.0043073581839586884 -9.0239027499068873e-05 0.65691312431504145 -0.10824545889872569 2.3515716162730373 0.010998925398471218 -0.09151208284783495 -0.65728511159467173 0.51920088614001147
leaf_weight=56 30 59 78 33 82 31 49 4152 83 920 53 389 1688 35 406 33 145 1187 277 30 62 828 416 440 34 2962 475 57 86 643
leaf_count=56 30 59 78 33 82 31 49 4152 83 920 53 389 1688 35 406 33 145 1187 277 30 62 828 416 440 34 2962 475 57 86 643
internal_value=0.000209829 -0.000345808 -0.000267719 -0.000787377 -0.000468704 -0.00207 -0.00280734 0.000328976 0.000256214 5.93983e-05 -0.00144412 0.000146318 8.9028e-06 -4.00943e-05 -0.000193584 -0.00215385 -0.00140223 0.000380474 0 -0.00114754 0.000204412 -9.87952e-05 -0.000122244 0.000318264 -0.000113821 0.000412513 0.000283223 0.000427914 -0.000981061 0.000451939
internal_weight=15819 2778 2722 815 676 139 108 13041 8246 3223 169 3054 2077 1907 1355 116 178 5023 399 60 339 1234 498 552 112 4624 1662 977 121 4795
internal_count=15819 2778 2722 815 676 139 108 13041 8246 3223 169 3054 2077 1907 1355 116 178 5023 399 60 339 1234 498 552 112 4624 1662 977 121 4795
cat_boundaries=0 1 2 3 4 5
cat_threshold=528384 1642512 2099200 266756 16449
is_linear=0
shrinkage=0.01


Tree=120
num_leaves=31
num_cat=6
split_feature=22 7 13 0 0 7 32 7 12 29 20 12 34 11 0 11 7 33 32 0 20 25 20 13 12 3 0 12 21 7
split_gain=8.72671 4.44603 4.06598 2.92082 1.77184 1.88801 2.0077 1.57091 1.8219 1.24709 1.1307 3.11585 1.22476 1.11797 0.967038 0.962884 0.927759 1.73203 0.810703 1.37963 0.793208 0.937394 0.731338 0.625123 0.504576 0.481963 0.392047 0.543713 0.359972 0.756039
threshold=1002.0000000000001 137.50000000000003 1566.3861781410585 0 1 109.50000000000001 0.19999999999998672 85.500000000000014 986.23333333333346 29.725000000000005 23.575000000000006 1820.7166666666669 3.6450000000000005 93.795622960376008 2 126.58283564604126 61.500000000000007 1.4500000000000004 0.60000000000001519 3 21.003571428571433 2053.0000000000005 29.532142857142862 1970.9477842152451 1243.3500000000001 4 5 1404.866666666667 1377.5000000000002 78.500000000000014
decision_type=2 2 2 9 9 2 2 2 2 2 2 2 2 2 9 2 2 2 2 9 2 2 2 2 2 9 9 2 2 2
left_child=1 2 3 7 28 6 16 8 -1 25 11 12 -7 26 -15 -9 24 -18 19 22 -8 -22 -3 -16 -6 -5 27 -4 29 -2
right_child=4 18 13 9 5 10 20 15 -10 -11 -12 -13 -14 14 23 -17 17 -19 -20 -21 21 -23 -24 -25 -26 -27 -28 -29 -30 -31
leaf_value=-0.025559496328047653 -0.043789177332954864 -0.56467484366023546 0.00086738977860382647 0.021187475379005116 -0.36479682174214423 -0.018493498395566608 1.3246920773591675 -1.0453859947231836 -0.87348711127311718 -0.91433557066867377 1.576533129963728 2.5467477255806119 -0.59767710401339391 0.10048580756063402 -0.5613683366218386 -1.9162710865535639 0.007608300931059935 -0.55139565186541117 0.59506092931482057 0.0639326913079315 -0.83962915897016044 -0.1875955695831639 -0.011608191597244808 0.23055730535687891 1.0822890206343825 -0.70954803690830037 0.16101736868892652 -0.64357313932301741 2.0949031839139982 0.64179586420386492
leaf_weight=75 428 55 211 167 72 101 36 114 30 55 2266 660 153 138 527 39 341 109 842 283 128 99 50 58 603 162 346 38 6079 1628
leaf_count=75 428 55 211 167 72 101 36 114 30 55 2266 660 153 138 527 39 341 109 842 283 128 99 50 58 603 162 346 38 6079 1628
internal_value=0.000191676 -0.000274209 -0.000571137 -0.00122706 0.000309469 0.000147194 -0.000155508 -0.00204833 -0.00101415 -0.000577215 0.00028293 -3.27868e-06 -0.000952941 -0.000243366 -0.000508978 -0.00281494 1.99823e-05 -0.000321508 0.000190902 -0.000169666 -0.000941288 -0.00116886 -0.00109914 -0.000683725 0.000262574 -0.000319697 6.29195e-05 -0.000213462 0.000398662 0.000271269
internal_weight=15893 3190 1960 642 12703 4568 1388 258 105 384 3180 914 254 1318 723 153 1125 450 1230 388 263 227 105 585 675 329 595 249 8135 2056
internal_count=15893 3190 1960 642 12703 4568 1388 258 105 384 3180 914 254 1318 723 153 1125 450 1230 388 263 227 105 585 675 329 595 249 8135 2056
cat_boundaries=0 1 2 3 4 5 6
cat_threshold=1609745 188667 1573896 552962 2 3222552
is_linear=0
shrinkage=0.01


Tree=121
num_leaves=31
num_cat=5
split_feature=14 13 3 11 12 12 13 0 18 14 19 0 14 19 20 12 0 14 15 20 12 13 13 12 0 11 18 21 13 14
split_gain=8.45839 5.81941 2.44882 2.28379 2.16176 1.77314 2.08397 1.48723 1.69723 1.50626 1.44141 1.8027 2.81765 1.35766 1.16744 2.16544 2.47023 3.28268 2.30607 0.789262 0.679018 0.908872 0.608187 0.538287 0.421481 0.365012 0.354306 0.373118 0.281441 0.272847
threshold=0.59177612190863982 1445.3702879915786 0 61.961969903215518 806.23333333333346 623.35000000000014 1400.7628576443744 1 0.29999999999998678 0.95242846126021108 0.29999999999999788 2 0.9053161325100999 0.29999999999999999 23.63928571428572 1877.3500000000001 3 -0.59869031648930193 0.63089349388778826 20.860714285714288 743.96666666666681 1614.4764172335601 1600.9209540135041 652.60000000000014 4 146.79107277902941 0.1000000000000089 650.50000000000011 2394.0003750000005 0.77244481603295057
decision_type=2 2 9 2 2 2 2 9 2 2 2 9 2 2 2 2 9 2 2 2 2 2 2 2 9 2 2 2 2 2
left_child=14 2 5 -4 7 6 -2 8 9 -3 24 12 -12 -13 15 16 22 18 -18 -19 29 -22 -1 -16 -6 -26 27 -7 -17 -9
right_child=1 4 3 -5 10 26 -8 20 -10 -11 11 13 -14 -15 23 28 17 19 -20 -21 21 -23 -24 -25 25 -27 -28 -29 -30 -31
leaf_value=-0.056047310035311305 -0.95643091513157186 -0.33730642046976506 -1.1434805302536202 -0.8448392049245963 0.59386162125772102 -0.65512856459886881 0.061443155693594285 -0.14509457436985682 0.035937999476073186 -1.9979574556798831 0.031127966289491368 -0.36542142596949828 -1.1200475031917609 0.079269770221791561 -0.017941544515945176 3.1079125516889583 -0.54632923687022472 0.18266377043579496 -1.3122024405382811 -0.25523906904873384 -0.48705905916852327 0.030766632882898267 1.1449262497930415 1.6413707625240934 0.42630120007462863 -0.16080220051109517 0.090185915604518246 0.095726201908226893 -0.046446467451870033 0.064342619630841674
leaf_weight=384 52 101 37 65 880 31 31 30 72 77 258 207 195 1891 152 2397 72 197 45 372 122 96 598 6242 524 404 80 56 62 163
leaf_count=384 52 101 37 65 880 31 31 30 72 77 258 207 195 1891 152 2397 72 197 45 372 122 96 598 6242 524 404 80 56 62 163
internal_value=0.000192305 -0.000129164 -0.0013711 -0.00264602 -3.98327e-05 -0.000670498 -0.0018869 -0.000573263 -0.00116858 -0.00173743 3.88762e-05 -0.000111481 -0.000675647 9.00902e-06 0.000357394 0.000221294 -5.15278e-05 -0.000512195 -0.00204661 -0.000185088 -0.000152844 -0.000552511 0.00026284 0.000443628 0.000256495 8.94569e-05 -3.86905e-05 -0.000528409 0.000410366 0.000239691
internal_weight=15893 5372 352 102 5020 250 83 661 250 178 4359 2551 453 2098 10521 4127 1668 686 117 569 411 218 982 6394 1808 928 167 87 2459 193
internal_count=15893 5372 352 102 5020 250 83 661 250 178 4359 2551 453 2098 10521 4127 1668 686 117 569 411 218 982 6394 1808 928 167 87 2459 193
cat_boundaries=0 1 2 3 4 5
cat_threshold=2 3674161 2430976 2154729 2809994
is_linear=0
shrinkage=0.01


Tree=122
num_leaves=31
num_cat=4
split_feature=14 13 3 12 0 24 12 13 34 0 20 12 16 34 0 24 33 33 20 13 21 12 28 13 18 21 12 33 13 13
split_gain=8.17242 5.38471 2.33531 1.85351 1.64728 1.58521 1.54312 1.84945 1.37934 1.33487 1.05446 1.98409 2.91566 1.12853 1.08378 0.994216 0.990095 1.86577 0.823417 0.744936 0.627921 0.534466 0.440915 0.405511 0.354306 0.373118 0.336028 0.862562 0.278464 0.270318
threshold=0.59177612190863982 1445.3702879915786 0 806.23333333333346 1 853.00000000000011 623.35000000000014 1400.7628576443744 5.5250000000000012 2 23.675000000000004 1877.3500000000001 -0.89405649444168434 4.0250000000000012 3 1610.5000000000002 0.29999999999999788 2.049999999999994 20.860714285714288 1641.3143167721489 1370.5000000000002 652.60000000000014 22.625000000000004 1876.3042325817323 0.1000000000000089 650.50000000000011 743.96666666666681 0.69999999999999962 1600.9209540135041 2394.0003750000005
decision_type=2 2 9 2 9 2 2 2 2 9 2 2 2 2 9 2 2 2 2 2 2 2 2 2 2 2 2 2 2 2
left_child=10 2 6 4 26 19 7 -2 -4 20 11 12 13 -1 18 -15 23 -18 -14 -6 22 -12 -5 -11 25 -8 -3 -28 -16 -13
right_child=1 3 8 9 5 -7 24 -9 -10 16 21 29 14 15 28 -17 17 -19 -20 -21 -22 -23 -24 -25 -26 -27 27 -29 -30 -31
leaf_value=-0.76058937973366114 -0.94686660598025596 0.029117844652115209 -0.38166578679540614 -0.33054759467790334 -0.72491552631158673 -1.1254379585795209 -0.64857727895288009 0.060828724136658192 -1.1203263007791524 0.75582861733740692 -0.017762129070786111 3.0761988054460683 0.3159249881081006 -0.82456898933864009 0.19874096427214094 -0.036469184595080098 -0.54529706814858969 0.090664869962834613 -0.26711629551158744 0.12328687699015514 0.97213666858112047 1.6486890937963665 0.051111176263609705 -0.18431417385932458 0.089284056448473453 0.094768939889145115 -0.45111137286356678 0.042862028510925125 1.0664904391999752 -0.04364075917089718
leaf_weight=42 52 177 33 41 225 39 31 31 69 490 152 2413 154 33 376 93 626 540 355 56 1042 6182 1334 286 80 56 43 121 656 65
leaf_count=42 52 177 33 41 225 39 31 31 69 490 152 2413 154 33 376 93 626 540 355 56 1042 6182 1334 286 80 56 43 121 656 65
internal_value=0.00019608 -0.000119859 -0.00131445 -3.38578e-05 -0.000527946 -0.00102719 -0.000632184 -0.00176786 -0.00255752 3.88762e-05 0.000358344 0.000230062 -2.66082e-05 -0.00127811 0.000104086 -0.000685039 -0.000153098 -0.000340189 -0.000260577 -0.000742908 0.000197076 0.000441515 4.90552e-05 0.000113256 -3.86905e-05 -0.000528409 0 -0.000351515 0.000293384 0.000411053
internal_weight=15893 5372 352 5020 661 320 250 83 102 4359 10521 4187 1709 168 1541 126 1942 1166 509 281 2417 6334 1375 776 167 87 341 164 1032 2478
internal_count=15893 5372 352 5020 661 320 250 83 102 4359 10521 4187 1709 168 1541 126 1942 1166 509 281 2417 6334 1375 776 167 87 341 164 1032 2478
cat_boundaries=0 1 2 3 4
cat_threshold=2 56514 712922 594966
is_linear=0
shrinkage=0.01


Tree=123
num_leaves=31
num_cat=4
split_feature=10 10 7 0 14 13 18 19 19 13 29 14 0 14 34 12 13 7 29 28 12 25 0 12 3 24 17 12 25 13
split_gain=9.99327 3.31706 3.18874 2.50243 2.20408 2.97312 1.29789 1.19485 3.6991 2.42084 1.27377 1.02496 0.915624 1.74118 1.98164 1.44901 0.845667 0.806052 0.731765 0.69138 1.82606 0.647525 1.02742 1.27258 0.609152 0.559625 0.550763 0.556595 0.49751 0.351293
threshold=757.71428571428589 1278.6428571428576 101.50000000000001 0 0.71503381463111937 1425.2054090185677 1.0000000180025095e-35 0.2499999999999965 0.30000000000000032 1496.2882490957086 26.825000000000006 0.94704596667653973 1 0.8697513045430848 6.3550000000000013 2075.9000000000005 1777.9000123456792 82.500000000000014 30.675000000000004 23.875000000000004 1698.2833333333335 1527.2400000000002 2 1249.8000000000002 3 670.50000000000011 0.1318557721318592 1081.1666666666667 2491.0000000000005 1503.9307694914683
decision_type=2 2 2 9 2 2 2 2 2 2 2 2 9 2 2 2 2 2 2 2 2 2 9 2 9 2 2 2 2 2
left_child=3 2 7 4 -1 -6 -7 -2 9 -9 -10 18 -3 19 15 -15 17 -13 29 20 -14 26 23 -23 -19 -20 27 -4 -16 -5
right_child=1 12 21 11 5 6 -8 8 10 -11 -12 16 13 14 28 -17 -18 24 25 -21 -22 22 -24 -25 -26 -27 -28 -29 -30 -31
leaf_value=-0.023195411068987398 0.084809302978857165 2.0434386384499628 -0.016351900124944883 -0.064668983650399053 -1.0823183516703418 -0.58123929170923372 -1.9219180804653426 -0.80117554492522347 0.031318138235745779 -0.42907806892379025 -0.36750018924941635 0.2539551587810876 -0.51065579676057726 -1.1799684375956043 1.3547127737266613 -0.23380539376191586 0.10554158195892273 -0.51708783875670061 -0.73503100898926033 2.6492634134985842 2.1976858140531061 0.39075077798079605 0.38423257493005475 -0.57096544034500196 -1.1468226599712541 -0.040480464457916289 0.69478435855028153 0.89415576106578698 -0.47461526063170162 0.12913857786551444
leaf_weight=82 337 6669 791 277 31 90 58 34 562 126 348 35 294 57 194 74 47 179 30 1719 1247 40 277 74 119 30 1390 430 35 217
leaf_count=82 337 6669 791 277 31 90 58 34 562 126 348 35 294 57 194 74 47 179 30 1719 1247 40 277 74 119 30 1390 430 35 217
internal_value=0.000197339 0.000269338 3.73016e-05 -0.000679348 -0.00154228 -0.002225 -0.00151678 -0.000352628 -0.000518207 -0.00192547 -0.000257958 -0.000405291 0.000367784 0.000231341 -0.000415512 -0.00139773 -0.000813648 -0.000998503 -0.000113513 0.000306654 0.000142996 0.000223443 -0.000139031 -0.000904 -0.00117391 -0.00114754 0.000281585 0.000114975 0.000106522 0
internal_weight=15893 14698 4409 1195 261 179 148 1407 1070 160 910 934 10289 3620 360 131 380 333 554 3260 1541 3002 391 114 298 60 2611 1221 229 494
internal_count=15893 14698 4409 1195 261 179 148 1407 1070 160 910 934 10289 3620 360 131 380 333 554 3260 1541 3002 391 114 298 60 2611 1221 229 494
cat_boundaries=0 1 2 3 4
cat_threshold=528385 712939 2145280 2
is_linear=0
shrinkage=0.01


Tree=124
num_leaves=31
num_cat=0
split_feature=10 10 7 33 16 26 14 29 24 10 34 14 11 12 20 20 12 16 20 12 32 26 11 16 23 7 14 26 16 24
split_gain=9.73324 3.32567 3.28268 2.16311 2.26569 2.15641 1.74994 1.61886 2.44099 1.34506 0.997573 0.91744 1.87268 1.08539 1.9508 1.04434 1.50144 2.70688 0.873419 0.86001 0.767708 0.62164 0.653579 0.584674 0.488941 0.495879 0.480867 0.620289 0.462437 0.460312
threshold=757.71428571428589 1178.6428571428576 93.500000000000014 4.9499999999999975 0.91593490216309192 22.625000000000004 0.95242846126021108 30.675000000000004 695.50000000000011 692.92857142857156 5.6350000000000007 0.88220160189607266 201.48259998134077 2152.6166666666672 26.732142857142865 23.460714285714293 1877.3500000000001 -0.96688789938088693 29.575000000000006 1404.866666666667 1.0000000180025095e-35 28.550000000000001 101.03629710829433 0.20391355282604837 620.50000000000011 146.50000000000003 -0.47558551945199218 29.425000000000001 -0.098750666093870385 600.50000000000011
decision_type=2 2 2 2 2 2 2 2 2 2 2 2 2 2 2 2 2 2 2 2 2 2 2 2 2 2 2 2 2 2
left_child=6 2 3 4 19 -6 7 24 -9 10 -8 15 -13 14 -14 16 17 -3 -12 -2 26 22 -11 -5 25 29 -4 -28 -24 -1
right_child=1 11 20 23 5 -7 9 8 -10 21 18 12 13 -15 -16 -17 -18 -19 -20 -21 -22 -23 28 -25 -26 -27 27 -29 -30 -31
leaf_value=-0.41086906503048148 0.0029904878082027265 -0.68215996910310739 -0.21677575339454105 -0.82423581766896969 -0.76053225709590044 -0.29737704940781096 -0.48020115736832403 -1.0811600056311255 0.020036304487374101 -0.57112081638423917 -1.0403526000859231 0.87023271073191877 -1.1462537225258944 -0.065005121983168365 1.7218290133664089 2.6463858643372351 2.6777770880583818 0.13545865090336265 -0.87871699188796415 -0.45341493963710955 0.28638047500912694 0.076420938829606072 -0.83799665956918168 0.19520326819029823 0.011843440805293757 0.062915652030334349 0.2600420317695385 -0.13246601894388613 -0.57181067698602706 -0.40339132828919477
leaf_weight=77 185 91 34 41 101 57 51 49 39 64 130 985 86 196 53 5943 2666 1219 40 194 1808 93 30 259 400 95 380 400 31 96
leaf_count=77 185 91 34 41 101 57 51 49 39 64 130 985 86 196 53 5943 2666 1219 40 194 1808 93 30 259 400 95 380 400 31 96
internal_value=0.000194193 0.000265256 -3.03467e-06 -0.000550716 -0.000932156 -0.00195597 -0.000670987 -0.000359313 -0.00164045 -0.00118295 -0.0017545 0.00034871 9.08403e-05 -0.000543155 -0.00121786 0.000382006 0.000250943 -1.90694e-05 -0.0021345 -0.000475 0.000168128 -0.000552511 -0.0010119 9.96678e-05 -0.000173393 -0.000505576 -7.73006e-05 -1.28041e-05 -0.00176613 -0.000824713
internal_weight=15893 14698 3459 837 537 158 1195 756 88 439 221 11239 1320 335 139 9919 3976 1310 170 379 2622 218 125 300 668 268 814 780 61 173
internal_count=15893 14698 3459 837 537 158 1195 756 88 439 221 11239 1320 335 139 9919 3976 1310 170 379 2622 218 125 300 668 268 814 780 61 173
is_linear=0
shrinkage=0.01


Tree=125
num_leaves=31
num_cat=4
split_feature=10 15 25 21 0 15 13 10 15 0 32 6 19 17 0 23 22 22 13 29 10 10 34 0 19 25 13 34 30 12
split_gain=11.5593 2.82207 4.5155 2.20052 2.02015 2.42741 2.97312 1.58534 2.48369 1.3516 1.29997 3.57971 1.61368 1.18514 1.36264 1.3476 1.31161 0.730581 0.99305 0.519632 0.936191 0.446735 0.534762 0.443068 0.456286 0.728872 0.365027 0.334663 0.547197 0.541266
threshold=921.07142857142878 0.67644692717078936 1400.5000000000002 677.50000000000011 0 -0.82413948779581736 1406.7902963816475 1792.9285714285718 0.1318557721318592 1 0.20000000000000182 9.5000000000000018 10.750000000000002 -0.80417042486635371 2 830.50000000000011 620.50000000000011 677.50000000000011 1736.7675285229334 30.875000000000004 750.07142857142867 1171.5000000000002 6.7800000000000002 3 298.9500000000001 1110.5000000000002 1728.8046941865825 5.5250000000000012 23.175000000000004 2152.6166666666672
decision_type=2 2 2 2 9 2 2 2 2 9 2 2 2 2 9 2 2 2 2 2 2 2 2 9 2 2 2 2 2 2
left_child=1 3 -3 4 5 -1 -7 8 23 10 12 -12 -10 14 15 -5 -16 -6 -19 -15 -21 22 -11 24 -2 -26 -23 -9 29 -29
right_child=7 2 -4 13 17 6 -8 27 9 21 11 -13 -14 19 16 -17 -18 18 -20 20 -22 26 -24 -25 25 -27 -28 28 -30 -31
leaf_value=0.064004255233595528 0.51385208353152445 -0.85904876983530942 -0.25936042535156056 -0.61305931618423359 -0.13910786773133324 -1.41220782629248 -0.46835226392550583 4.0595781263943298 0.32450777548184123 0.028408823662146865 -0.82068059323953879 0.26595011826334847 -0.48982772130653651 0.10924831781465275 -1.1008869326006956 -0.85603218027470795 0.0053258717624615785 -0.68551565509469725 0.05619022522186267 -1.0540433972858607 0.0080630788829491404 0.97230156803163981 -0.34379129896442989 1.0374304460419215 -0.53710565473765459 0.20431633740017163 0.0039505248813978926 -1.1090866398336343 1.0110591616146289 0.23540070428498353
leaf_weight=57 659 30 52 128 300 31 148 5984 654 218 163 204 167 748 50 80 463 133 51 32 87 961 39 3328 38 65 409 44 506 62
leaf_count=57 659 30 52 128 300 31 148 5984 654 218 163 204 167 748 50 80 463 133 51 32 87 961 39 3328 38 65 409 44 506 62
internal_value=0.00019793 -0.000441238 -0.00227711 -0.000370723 -0.000832178 -0.00158704 -0.002225 0.000311843 0.000203084 -2.21946e-05 -0.000280234 -0.000778533 -4.80535e-05 -0.000154814 -0.000456371 -0.00112329 -0.000140267 -0.0004 -0.000908108 8.46774e-05 -0.000504167 0.000160867 -0.000199612 0.000360548 0.000117723 -0.000466346 0.000237053 0.000424132 0.00017292 -0.000439252
internal_weight=15891 2390 82 2308 720 236 179 13501 6905 2815 1188 367 821 1588 721 208 513 484 184 867 119 1627 257 4090 762 103 1370 6596 612 106
internal_count=15891 2390 82 2308 720 236 179 13501 6905 2815 1188 367 821 1588 721 208 513 484 184 867 119 1627 257 4090 762 103 1370 6596 612 106
cat_boundaries=0 1 2 3 4
cat_threshold=602240 2694162 1072144 799236
is_linear=0
shrinkage=0.01


Tree=126
num_leaves=31
num_cat=5
split_feature=10 16 14 10 0 10 15 16 12 12 14 28 0 19 10 19 26 0 0 25 32 11 10 0 13 26 12 15 12 34
split_gain=11.2543 5.30458 2.57501 2.33747 1.66346 1.57566 2.30986 3.53885 2.71724 1.56563 1.93564 1.88281 1.5606 1.60456 1.02763 2.04228 0.781812 0.74113 0.571706 0.56341 0.539171 0.50641 0.44819 0.655824 0.378043 0.320124 0.242063 1.02561 0.219521 0.173248
threshold=929.21428571428589 0.99049901459377832 0.95242846126021108 725.07142857142867 0 1971.5714285714287 0.2332836900311728 -0.8983350073998303 2045.0833333333337 623.35000000000014 0.72695311118111527 29.125000000000004 1 0.4000000000000003 1080.0714285714287 0.79999999999999971 27.775000000000002 2 3 2327.5000000000005 7.5999999999999828 234.46930533979688 1235.7857142857144 4 1643.5615951963152 30.275000000000002 1645.3000000000002 0.59003219687534991 892.51666666666677 7.6850000000000014
decision_type=2 2 2 2 9 2 2 2 2 2 2 2 9 2 2 2 2 9 9 2 2 2 2 9 2 2 2 2 2 2
left_child=1 2 9 4 -4 6 19 8 24 10 25 -12 13 -5 15 -9 -6 20 -16 22 -11 -21 23 -2 -8 -1 27 -7 -14 -19
right_child=5 -3 3 12 16 26 7 14 -10 17 11 -13 28 -15 18 -17 -18 29 -20 21 -22 -23 -24 -25 -26 -27 -28 -29 -30 -31
leaf_value=0.035361781697310558 -0.045396330661145123 -0.86150957373291615 -1.7712712617934596 -0.010896286539737015 -0.65279384074619429 4.1453012594681109 -0.5073850234083388 -0.47674857985073538 0.83139604255429367 -0.23789887740820134 -0.37793847300430772 -1.043502963313002 -0.10040556587394647 -1.0271339740041734 0.54376222976990263 0.19793130602333045 0.051126915887682256 0.11369853633891674 0.013633594582639725 0.16965891493249211 0.35287738771487515 -0.33228523397295184 2.131687512185096 0.59291015760834365 -0.62286464874636305 -0.19840617275641456 3.5267926345950622 -0.83638025388581327 0.062780980787389251 -0.010685570548012802
leaf_weight=85 442 42 103 97 136 157 54 81 63 339 35 32 167 123 1192 133 79 758 1608 235 97 35 2543 1498 42 34 5318 36 232 95
leaf_count=85 442 42 103 97 136 157 54 81 63 339 35 32 167 123 1192 133 79 758 1608 235 97 35 2543 1498 42 34 5318 36 232 95
internal_value=0.000196042 -0.000424847 -0.00035806 -0.00076919 -0.00147649 0.000310202 0.000217358 5.1985e-06 -0.00144062 -8.97696e-05 -0.000946524 -0.00230147 -0.000387903 -0.00103896 8.52405e-05 -0.000572093 -0.000763274 2.67442e-05 0.000139236 0.000356857 -0.000295302 -5.53505e-05 0.000383921 0.000257599 -0.00249485 -8.75e-05 0.000441854 3.35052e-05 0 0.000204282
internal_weight=15891 2454 2412 937 318 13437 7926 3173 159 1475 186 67 619 220 3014 214 215 1289 2800 4753 436 270 4483 1940 96 119 5511 193 399 853
internal_count=15891 2454 2412 937 318 13437 7926 3173 159 1475 186 67 619 220 3014 214 215 1289 2800 4753 436 270 4483 1940 96 119 5511 193 399 853
cat_boundaries=0 1 2 3 4 5
cat_threshold=536609 1166336 2111552 319712 2633732
is_linear=0
shrinkage=0.01


Tree=127
num_leaves=31
num_cat=5
split_feature=10 16 10 14 28 10 15 16 29 10 19 0 15 0 19 13 34 0 24 22 14 20 11 0 33 0 11 13 20 21
split_gain=10.4019 4.12974 2.27273 2.35332 2.05896 1.56917 2.06308 2.69724 3.26348 1.69882 1.61711 1.34738 1.23192 1.31467 1.14092 0.809078 0.650664 0.640773 0.616454 0.565308 0.446451 0.652218 0.403163 0.391001 0.5133 0.250586 0.225876 0.167804 0.131791 0.10449
threshold=929.21428571428589 0.97872324816535838 716.50000000000011 0.95242846126021108 31.025000000000002 2100.0714285714289 0.1318557721318592 -0.8983350073998303 22.875000000000004 1080.0714285714287 2.049999999999994 0 -0.63257203029273779 1 0.4000000000000003 1519.7847639724878 4.0250000000000012 2 700.50000000000011 637.50000000000011 0.95242846126021108 31.167857142857148 123.92393980643335 3 333.05000000000007 4 116.75166926848841 1584.1076928982275 23.103571428571435 1600.5000000000002
decision_type=2 2 2 2 2 2 2 2 2 2 2 9 2 9 2 2 2 9 2 2 2 2 2 9 2 9 2 2 2 2
left_child=1 2 3 4 15 6 20 8 16 10 -9 19 25 14 -14 -1 -8 -11 -13 -5 23 22 -22 24 -2 27 -15 -4 -25 -7
right_child=5 -3 12 11 -6 29 7 9 -10 17 -12 18 13 26 -16 -17 -18 -19 -20 -21 21 -23 -24 28 -26 -27 -28 -29 -30 -31
leaf_value=-0.25782883481235791 0.78249386751381877 -0.84184318598793473 -0.12021403638594752 -2.0334347316582542 -1.1943104440474885 1.6469962389701778 -0.90067735813231287 -0.57770259619002839 1.4652419350006298 -0.0083008849428002594 0.077467519291299039 -0.13351074342611666 0.015342237517572578 0.030495376096347081 -0.69730542361540104 0.057216914495123283 -0.55963067143751433 0.53926001455643557 -0.48149286731302066 -0.97237702035452611 0.77275025223176774 -0.37843122873416191 -0.21286124587209249 0.018198619623423059 -0.28126250842068851 0.41390247357468207 -0.16840839839957389 0.28342768202560409 1.2312037507394202 3.7669989907481001
leaf_weight=348 518 50 48 48 38 32 46 137 114 982 141 92 136 430 254 202 90 2639 86 66 266 34 142 57 57 349 238 69 3444 4738
leaf_count=348 518 50 48 48 38 32 46 137 114 982 141 92 136 430 254 202 90 2639 86 66 266 34 142 57 57 349 238 69 3444 4738
internal_value=0.000200447 -0.000396334 -0.000331809 -0.000737798 -0.000349745 0.000310202 0.000227677 6.3735e-05 -0.000936255 0.000130641 -0.000612903 -0.00148123 -9.04918e-05 -0.00028423 -0.000735661 -0.000172414 -0.0019854 0.000190641 -0.000693122 -0.002344 0.000375968 4.74041e-05 0.000180929 0.000409124 0.000132253 0.000327623 0 -1.17187e-05 0.000450028 0.000457975
internal_weight=15891 2454 2404 880 588 13437 8667 4149 250 3899 278 292 1524 1058 390 550 136 3621 178 114 4518 442 408 4076 575 466 668 117 3501 4770
internal_count=15891 2454 2404 880 588 13437 8667 4149 250 3899 278 292 1524 1058 390 550 136 3621 178 114 4518 442 408 4076 575 466 668 117 3501 4770
cat_boundaries=0 1 2 3 4 5
cat_threshold=536737 3230720 3217424 532996 24648
is_linear=0
shrinkage=0.01


Tree=128
num_leaves=31
num_cat=3
split_feature=10 7 10 14 28 10 15 16 12 15 0 10 19 0 33 13 11 10 32 7 21 13 13 22 0 32 13 21 13 15
split_gain=9.90854 4.61212 2.19639 2.0226 2.03452 1.58571 2.01029 2.63466 4.29466 1.20878 1.20001 1.14066 2.09539 1.0567 1.12409 0.868866 0.670018 0.574625 0.883015 0.691742 0.550684 0.506844 0.331886 0.267714 0.250864 0.195215 0.167804 0.10449 0.0910673 0.647132
threshold=929.21428571428589 47.500000000000007 716.50000000000011 0.95242846126021108 31.025000000000002 2100.0714285714289 0.2332836900311728 -0.8983350073998303 2045.0833333333337 -0.63257203029273779 0 1185.7857142857144 0.39999999999999963 1 11.550000000000002 1519.7847639724878 215.41902560178247 1200.0714285714287 159.75000000000003 109.50000000000001 650.50000000000011 1643.5615951963152 2394.0003750000005 637.50000000000011 2 0.99999999999999389 1584.1076928982275 1600.5000000000002 2394.0003750000005 0.91159213926341531
decision_type=2 2 2 2 2 2 2 2 2 2 9 2 2 9 2 2 2 2 2 2 2 2 2 2 9 2 2 2 2 2
left_child=1 -1 3 4 15 6 17 8 21 24 23 12 -9 14 -11 -3 -13 18 19 -2 -12 -8 -19 -5 26 -15 -4 -7 -29 -30
right_child=5 2 9 10 -6 27 7 11 -10 13 20 16 -14 25 -16 -17 -18 22 -20 -21 -22 -23 -24 -25 -26 -27 -28 28 29 -31
leaf_value=-0.93935988754073774 -0.15354546977550371 -0.28321141455441451 -0.11901189602208792 -2.0466941651508272 -1.1823673396070136 1.6305262765804764 -0.51617836595566824 -0.49199811435255819 1.7279525927057504 -0.25944638777540474 -0.64135549057763797 0.74381888963160547 0.12209399432766152 -0.071808781521581364 -0.92998988286594242 0.05619805273792803 0.021322447209147378 1.9492638080481397 -0.37078580924992688 0.50993939535869037 -0.10696165442198373 -0.81476926920159987 -0.054856548572806377 -0.96439463140787274 0.41065934379086039 0.17163026881108082 0.28059340520534809 4.2063440400589158 1.8925934161881142 -3.2772358599906655
leaf_weight=35 295 350 48 46 38 32 68 131 129 354 81 1817 358 533 37 204 1190 2993 31 1544 100 53 58 65 350 144 69 4324 381 33
leaf_count=35 295 350 48 46 38 32 68 131 129 354 81 1817 358 533 37 204 1190 2993 31 1544 100 53 58 65 350 144 69 4324 381 33
internal_value=0.000202335 -0.000380041 -0.000322521 -0.000720904 -0.000360877 0.000309458 0.000226523 4.88391e-05 -0.000936255 -8.6263e-05 -0.00141297 0.000122391 -0.000317347 -0.000276894 -0.000682836 -0.000185586 0.000197307 0.000359712 0.000211117 0.000244293 -0.000674479 -0.00229098 0.000447412 -0.00225 0.000327991 -1.67151e-05 -1.17187e-05 0.000457975 0.000461912 0.000257831
internal_weight=15891 2454 2419 884 592 13437 8667 3746 250 1535 292 3496 489 1068 391 554 3007 4921 1870 1839 181 121 3051 111 467 677 117 4770 4738 414
internal_count=15891 2454 2419 884 592 13437 8667 3746 250 1535 292 3496 489 1068 391 554 3007 4921 1870 1839 181 121 3051 111 467 677 117 4770 4738 414
cat_boundaries=0 1 2 3
cat_threshold=552993 3230720 24648
is_linear=0
shrinkage=0.01


Tree=129
num_leaves=31
num_cat=5
split_feature=10 7 10 14 28 10 15 16 12 0 20 0 15 0 33 13 10 0 20 13 14 11 13 18 0 18 22 13 13 15
split_gain=9.72861 4.62363 2.11743 1.88647 2.03452 1.58919 2.0192 2.61996 4.29466 1.3495 1.19173 1.20723 1.09087 0.977063 1.16695 0.868866 0.557209 0.676841 0.722368 0.506844 0.494717 0.335058 0.328756 0.272368 0.228272 0.220898 0.135835 0.130491 0.125475 0.621175
threshold=929.21428571428589 47.500000000000007 716.50000000000011 0.95242846126021108 31.025000000000002 2100.0714285714289 0.2332836900311728 -0.8983350073998303 2045.0833333333337 0 21.096428571428579 1 -0.63257203029273779 2 11.550000000000002 1519.7847639724878 1200.0714285714287 3 23.63928571428572 1643.5615951963152 0.98213580174693105 116.75166926848841 2394.0003750000005 0.20000000000000892 4 0.50000000000000189 1000.5000000000001 1584.1076928982275 2394.0003750000005 0.91159213926341531
decision_type=2 2 2 2 2 2 2 2 2 9 2 9 2 9 2 2 2 9 2 2 2 2 2 2 9 2 2 2 2 2
left_child=1 -1 3 4 15 6 16 8 19 23 26 -12 24 14 -14 -3 17 18 -2 -8 -11 -19 -18 -5 27 -15 -9 -4 -7 -30
right_child=5 2 12 9 -6 28 7 10 -10 20 11 -13 13 25 -16 -17 22 21 -20 -21 -22 -23 -24 -25 -26 -27 -28 -29 29 -31
leaf_value=-0.9299662886653306 -0.42062905140908341 -0.2803793004088701 -0.045033398294261659 -1.4666909729112707 -1.1705436662109432 4.1572821600512535 -0.51101658229611202 -0.15664989402226837 1.710673066778692 -0.027369418161934927 -0.33509407516064088 0.14177562518738909 -0.25685192389765105 -0.076648776372983535 -0.92068998403728319 0.055636072210548483 1.9297711699676581 0.73377162217860903 0.086570716987274712 -0.80662157650958355 -0.62339751651887465 0.10078313242440194 -0.054307983087077946 -0.97317610649792219 0.42306916143864259 0.17529226805783513 1.4790569177528445 0.23940491669508163 1.8844835897854229 -3.2444635013907583
leaf_weight=35 65 350 52 71 38 4354 68 44 129 75 525 1866 354 502 37 204 2993 819 675 53 106 311 58 40 351 175 1061 64 383 33
leaf_count=35 65 350 52 71 38 4354 68 44 129 75 525 1866 354 502 37 204 2993 819 675 53 106 311 58 40 351 175 1061 64 383 33
internal_value=0.000201076 -0.000375967 -0.000318388 -0.000709604 -0.000360877 0.000307226 0.000224216 4.61703e-05 -0.000936255 -0.00137884 0.000119531 -1.88126e-06 -8.6263e-05 -0.00026754 -0.00065796 -0.000185586 0.00035768 0.000211117 -1.33156e-05 -0.00229098 -0.000622396 0.000363716 0.000444135 -0.00225 0.000306624 -1.67151e-05 0.000391049 -1.5748e-05 0.000455879 0.000235012
internal_weight=15891 2454 2419 884 592 13437 8667 3746 250 292 3496 2391 1535 1068 391 554 4921 1870 740 121 181 1130 3051 111 467 677 1105 116 4770 416
internal_count=15891 2454 2419 884 592 13437 8667 3746 250 292 3496 2391 1535 1068 391 554 4921 1870 740 121 181 1130 3051 111 467 677 1105 116 4770 416
cat_boundaries=0 1 2 3 4 5
cat_threshold=552993 2691088 3230720 2635332 16488
is_linear=0
shrinkage=0.01


Tree=130
num_leaves=31
num_cat=3
split_feature=14 13 0 19 26 22 11 20 13 16 34 18 24 34 24 32 20 0 13 19 17 23 0 24 7 24 13 13 20 16
split_gain=7.93066 4.47246 2.25415 2.0051 1.71035 1.42176 1.55689 1.36454 2.52855 1.72665 1.56488 1.32697 2.25584 1.36711 1.16896 1.73732 1.11351 2.68747 4.00051 0.986066 1.47664 0.582895 0.459905 0.391347 0.360554 0.794226 0.289615 0.270595 0.259986 0.211333
threshold=0.58481550752069722 1445.3702879915786 0 6.8499999999999979 24.825000000000006 1051.5000000000002 81.467200528214576 23.617857142857151 1690.3684119030092 -0.96688789938088693 4.1850000000000014 0.19999999999998672 2580.5000000000005 5.3750000000000009 2050.5000000000005 0.20000000000000182 23.810714285714294 1 1400.7628576443744 0.30000000000000032 -0.15314025082153274 2000.5000000000002 2 600.50000000000011 42.500000000000007 1445.0000000000002 1610.0105733915909 1861.9475379474175 20.860714285714288 -0.92641089502887486
decision_type=2 2 9 2 2 2 2 2 2 2 2 2 2 2 2 2 2 9 2 2 2 2 9 2 2 2 2 2 2 2
left_child=7 3 5 16 11 6 26 8 9 10 -1 13 -13 -4 15 -11 -2 18 -18 27 -21 -12 -8 -9 25 -7 -3 -6 -16 -10
right_child=1 2 4 -5 19 24 22 23 29 14 21 12 -14 -15 28 -17 17 -19 -20 20 -22 -23 -24 -25 -26 -27 -28 -29 -30 -31
leaf_value=-1.3445562951827841 -0.73348256625638231 -0.01096779686208138 1.6242377616318806 -0.05110570943059678 0.34090948378452934 -0.17956120581656648 -0.074558379428147262 -0.0017985620678183023 0.67747246694716368 0.081699850801023641 -0.90043945694107475 -1.1387922318047501 0.78503490704671919 -0.5585043814993178 -0.027028365019305056 -0.40525426764170819 -1.09914563745792 -0.18827066790453004 -0.71784158323419334 -0.46986657961849349 0.59987886098727661 0.15766396832105614 -0.38168553959479862 1.5052133002065164 0.55905340073055332 3.3806938384269949 0.13231287500555483 -0.021885415710246311 2.206602813856767 1.8335229533640662
leaf_weight=31 30 189 190 106 428 44 244 131 389 563 30 82 33 313 42 383 46 103 64 659 199 39 336 6227 1792 71 415 166 408 2088
leaf_count=31 30 189 190 106 428 44 244 131 389 563 30 82 33 313 42 383 46 103 64 659 199 39 336 6227 1792 71 415 166 408 2088
internal_value=0.000184352 -0.000120668 -4.44595e-05 -0.00121571 -0.000300336 0.000124275 -0.000141772 0.000347997 0.000197911 -0.000121576 -0.00138614 -0.00074475 -0.00174569 -0.000493056 -2.29062e-05 -0.000229145 -0.00171516 -0.0013715 -0.00235537 -0.000105988 -0.000327125 -0.000364286 -0.000516351 0.000440164 0.000295335 -0.000193966 0.000201653 0.000196639 0.000388027 0.000394875
internal_weight=15841 5510 5161 349 2070 3091 1184 10331 3973 1496 100 618 115 503 1396 946 243 213 110 1452 858 69 580 6358 1907 115 604 594 450 2477
internal_count=15841 5510 5161 349 2070 3091 1184 10331 3973 1496 100 618 115 503 1396 946 243 213 110 1452 858 69 580 6358 1907 115 604 594 450 2477
cat_boundaries=0 1 2 3
cat_threshold=188666 13312 16410
is_linear=0
shrinkage=0.01


Tree=131
num_leaves=31
num_cat=3
split_feature=10 7 10 16 19 13 7 12 29 0 32 10 13 14 13 20 12 16 34 0 25 28 0 13 12 20 14 20 20 14
split_gain=8.9535 3.2389 2.78716 2.45813 6.00756 2.2077 1.93773 3.77621 2.60416 1.45838 1.95611 2.26486 1.78946 1.1873 1.36287 1.12663 2.11952 4.38622 2.10018 1.07154 1.06735 0.961127 0.9149 0.841421 0.513617 0.409754 0.403964 0.339543 0.3938 0.504623
threshold=800.50000000000011 127.50000000000001 1200.0714285714287 0.90159200968320541 0.39999999999999963 1501.0473858439698 135.50000000000003 623.35000000000014 28.925000000000004 0 0.39999999999998231 1735.7857142857144 1876.3042325817323 0.98213580174693105 1797.750298151461 23.810714285714294 1877.3500000000001 -0.89405649444168434 4.0250000000000012 1 1849.7150000000004 29.325000000000006 2 1604.0368201529059 663.01666666666677 28.589285714285719 0.78857998149907527 29.26071428571429 29.63928571428572 0.534952257794027
decision_type=2 2 2 2 2 2 2 2 2 9 2 2 2 2 2 2 2 2 2 9 2 2 9 2 2 2 2 2 2 2
left_child=6 2 3 19 5 -5 7 8 -1 10 12 -12 -4 21 22 16 17 18 -3 20 -2 26 -15 -19 27 -23 -9 -8 29 -29
right_child=1 15 9 4 -6 -7 24 13 -10 -11 11 -13 -14 14 -16 -17 -18 23 -20 -21 -22 25 -24 -25 -26 -27 -28 28 -30 -31
leaf_value=-0.43046804362212371 -0.1157618851147359 -0.95835761859388702 1.0739110052398497 -0.74200761823894101 0.28721511815819273 -0.54551617459536605 0.11253927304627101 -0.6186210142063111 -1.0526973409877431 0.97939539408899723 -1.083293343534151 2.3902869296098008 -0.44762649792785325 -0.91483985543306601 0.017403546160237263 1.5897413331775065 2.977144094277508 -0.10789879664488972 -0.52842177318536443 0.0088659199977704859 -0.70641131662612522 0.028679263213949868 -0.47440562736105357 0.7310711690957884 0.26498724649202315 -1.2057004159562754 0.024190523537525387 -0.045181231156259188 0.041809552136566334 -0.78035023774718137
leaf_weight=37 172 40 722 31 155 105 64 30 33 2332 90 74 221 113 87 6197 1889 326 131 1080 92 33 172 650 221 189 399 73 53 30
leaf_count=37 172 40 722 31 155 105 64 30 33 2332 90 74 221 113 87 6197 1889 326 131 1080 92 33 172 650 221 189 399 73 53 30
internal_value=0.000187508 0.00026583 6.04926e-05 -0.000276589 -0.0011113 -0.00264234 -0.000536156 -0.000761883 -0.00302817 0.000223692 -6.84257e-05 -0.00107879 9.6928e-05 -0.000594238 -0.0010563 0.000377572 0.000213368 -0.000118902 -0.00159593 -8.77323e-05 -0.000647273 -0.00031365 -0.00138986 0.000131013 1.13123e-06 -0.000847534 -1.27907e-05 -0.000316742 -0.000585987 -0.000947115
internal_weight=15841 14307 5074 1635 291 136 1534 1093 70 3439 1107 164 943 1023 372 9233 3036 1147 171 1344 264 651 285 976 441 222 429 220 156 103
internal_count=15841 14307 5074 1635 291 136 1534 1093 70 3439 1107 164 943 1023 372 9233 3036 1147 171 1344 264 651 285 976 441 222 429 220 156 103
cat_boundaries=0 1 2 3
cat_threshold=3480592 72320 3231777
is_linear=0
shrinkage=0.01


Tree=132
num_leaves=31
num_cat=4
split_feature=10 7 10 7 18 0 10 7 0 13 15 0 20 12 16 10 19 30 29 23 0 13 33 33 19 7 21 13 12 25
split_gain=8.95214 8.15937 2.98313 1.79915 2.05889 2.61801 2.15822 2.29299 1.64792 1.50149 1.17608 1.19007 1.07766 2.0171 4.46362 1.30737 0.9707 0.818947 1.69313 0.786753 0.73578 1.31487 1.75664 0.665152 0.633867 0.720534 0.51549 0.433325 0.249112 0.231937
threshold=975.07142857142867 47.500000000000007 716.50000000000011 127.50000000000001 0.19999999999998672 0 1757.214285714286 93.500000000000014 1 1400.7628576443744 -0.63257203029273779 2 23.810714285714294 1877.3500000000001 -0.89405649444168434 2100.0714285714289 0.39999999999999963 28.550000000000001 27.725000000000005 950.50000000000011 3 1916.0678273339565 1.7999999999999996 0.4000000000000003 10.750000000000002 5.5000000000000009 1650.5000000000002 1970.9477842152451 953.25000000000011 725.50000000000011
decision_type=2 2 2 2 2 9 2 2 9 2 2 9 2 2 2 2 2 2 2 2 9 2 2 2 2 2 2 2 2 2
left_child=1 -1 8 4 20 26 7 -7 9 -3 -4 23 13 14 15 -5 -11 18 -10 -16 21 -2 -23 -12 28 -26 -6 -13 -22 -19
right_child=3 2 10 12 5 6 -8 -9 17 16 11 27 -14 -15 19 -17 -18 29 -20 -21 24 22 -24 -25 25 -27 -28 -29 -30 -31
leaf_value=-0.78092030306523474 0.53715009838118966 -1.1920173787199975 0.30550280486472664 -0.82020227154014702 -0.016528600770476038 -1.0191517929134086 1.0534844547144564 0.13077450932967333 -0.39830031032607954 0.040389260953682005 0.099482465161883304 -0.086429747417275299 1.8549115736522677 2.9473726533347331 -0.33627287931598737 -0.36764011731927809 -0.83103037678982827 0.07218566325073715 -0.5433265051556585 0.35317044209987203 -0.62830136012153148 -1.1828344621369167 2.0684096329309689 -0.3693393966378819 -0.77120733221460713 0.26411167271917407 1.2668724571709191 0.32802275887774474 0.66372369226854289 -0.18744918720083981
leaf_weight=52 214 58 589 112 244 169 116 74 201 68 68 837 5737 1889 91 58 178 147 99 818 32 55 37 201 33 152 266 164 2955 127
leaf_count=52 214 58 589 112 244 169 116 74 201 68 68 837 5737 1889 91 58 178 147 99 818 32 55 37 201 33 152 266 164 2955 127
internal_value=0.000184352 -0.000328136 -0.000248904 0.000294645 0.000125 -0.000305172 -0.000947297 -0.00151025 -0.000729238 -0.00132698 -1.63978e-05 -0.000192762 0.000378187 0.000216908 -0.000120833 -0.00160819 -0.000959514 -0.000364103 -0.000730897 0.000147802 0.000235412 -0.000211356 -0.00122581 -0.000769643 0.000281495 -0.000255376 0.000143954 -1.92688e-05 0.00031911 0
internal_weight=15841 2789 2737 13052 4347 869 359 243 878 304 1859 1270 8705 2968 1079 170 246 574 300 909 3478 306 92 269 3172 185 510 1001 2987 274
internal_count=15841 2789 2737 13052 4347 869 359 243 878 304 1859 1270 8705 2968 1079 170 246 574 300 909 3478 306 92 269 3172 185 510 1001 2987 274
cat_boundaries=0 1 2 3 4
cat_threshold=188653 536577 2165760 3407872
is_linear=0
shrinkage=0.01


Tree=133
num_leaves=31
num_cat=5
split_feature=10 3 12 7 16 13 14 0 19 14 19 20 12 16 19 13 14 17 11 0 0 16 28 13 20 20 14 0 13 32
split_gain=8.9505 3.99202 2.57023 3.80597 2.44312 1.78874 1.47006 2.02829 2.22186 1.60088 1.84643 1.50449 2.35994 2.65088 1.92908 1.35717 1.40561 1.27216 0.857165 0.737875 0.732134 1.99742 0.708399 1.27425 0.667263 0.609422 0.565421 0.565128 1.0158 0.53724
threshold=1087.6428571428576 0 623.35000000000014 135.50000000000003 0.98519415784776321 1575.696023351433 0.81428061195174062 1 0.69999999999999962 0.9053161325100999 5.2499999999999973 23.460714285714293 1783.5833333333335 -0.95010216670023806 133.45000000000002 1492.1171027907558 0.9893236546938301 0.029024409397335523 123.92393980643335 2 3 0.71953851835684701 27.025000000000002 1833.0710912186285 24.717857142857149 25.317857142857147 0.98802474685579866 4 1837.8630056260981 0.20000000000000892
decision_type=2 9 2 2 2 2 2 9 2 2 2 2 2 2 2 2 2 2 2 9 9 2 2 2 2 2 2 9 2 2
left_child=1 2 3 -1 15 -6 11 8 24 -10 -11 12 13 14 -2 16 25 20 -9 -15 26 -22 -17 -24 -8 -3 -4 -20 -29 -19
right_child=6 4 17 -5 5 -7 7 18 9 10 -12 -13 -14 19 -16 22 -18 29 27 -21 21 -23 23 -25 -26 -27 -28 28 -30 -31
leaf_value=-0.9795718605158853 -0.25604032199139404 -0.24928994525144343 0.11816404976274186 -0.076627895635116836 -0.76117351553832291 -0.12875200048853491 -1.1997825922893675 1.1990213676144725 -0.10626419516605108 -1.0973770621855092 -0.16762651988225855 2.0125241747374245 2.1594143092931835 -0.18913469055159518 -1.4241681194429405 -0.025551199671885412 -0.91708377353011505 -0.046301772132720478 0.46148932079309829 0.3282536385933611 -0.12303192219955841 -0.49632282464566913 -0.8793084479880996 -0.024650357305356897 0.45414731097789868 -1.3544371850649435 -0.56869090324895866 1.4002022029492214 -0.21974626842452297 0.64318066163737497
leaf_weight=61 63 95 532 121 45 33 33 843 45 52 30 6146 2766 392 36 314 32 246 383 787 832 61 179 197 166 39 151 133 250 778
leaf_count=61 63 95 532 121 45 33 33 843 45 52 30 6146 2766 392 36 314 32 246 383 787 832 61 179 197 166 39 151 133 250 778
internal_value=0.000182458 -0.000245359 -4.97673e-05 -0.00119672 -0.000807407 -0.0025443 0.000314407 5.55269e-05 -0.000643917 -0.00169141 -0.00251807 0.000362575 0.000208158 -0.000141517 -0.001705 -0.000644107 -0.00147904 2.69127e-05 0.000206481 -4.23716e-07 -0.000147115 -0.00033573 -0.000426917 -0.000721485 0 -0.000911111 8.86167e-05 -2.21643e-05 -0.000300761 0.00030439
internal_weight=15841 3716 2782 182 934 78 12125 1935 326 127 82 10190 4044 1278 99 856 166 2600 1609 1179 1576 893 690 376 199 134 683 766 383 1024
internal_count=15841 3716 2782 182 934 78 12125 1935 326 127 82 10190 4044 1278 99 856 166 2600 1609 1179 1576 893 690 376 199 134 683 766 383 1024
cat_boundaries=0 1 2 3 4 5
cat_threshold=6 2428944 1121298 1098778 712748
is_linear=0
shrinkage=0.01


Tree=134
num_leaves=31
num_cat=3
split_feature=22 15 12 16 29 6 0 32 0 13 15 16 20 29 12 16 34 23 11 12 16 20 20 12 24 15 0 25 21 19
split_gain=7.02793 3.91224 4.25624 3.48536 2.72357 1.729 2.09452 2.72523 1.59779 1.5608 1.59214 1.3123 1.53569 0.966132 2.08947 3.61816 2.2877 0.912612 0.653354 0.647556 1.2904 1.18213 0.628695 0.622036 0.415259 0.381915 0.337585 0.514901 0.412833 0.316827
threshold=1050.4500000000003 -0.72694848937061807 623.35000000000014 0.99831452020184319 29.225000000000005 4.5000000000000009 0 0.29999999999998678 1 1876.3042325817323 0.63089349388778826 0.3036948619824264 21.339285714285719 22.525000000000002 1877.3500000000001 -0.89405649444168434 4.0250000000000012 1181.4550000000002 81.467200528214576 1344.9000000000003 0.96522610578843548 23.18928571428572 30.63214285714286 652.60000000000014 1320.5000000000002 -0.82413948779581736 2 1593.0000000000002 1670.5000000000002 7.1499999999999995
decision_type=2 2 2 2 2 2 9 2 9 2 2 2 2 2 2 2 2 2 2 2 2 2 2 2 2 2 9 2 2 2
left_child=1 23 4 8 -3 6 7 9 22 17 -11 -9 -13 14 15 16 -7 -2 -10 20 -8 -22 -4 25 -17 -1 27 -15 -29 -21
right_child=5 2 3 -5 -6 13 19 11 18 10 -12 12 -14 26 -16 24 -18 -19 -20 29 21 -23 -24 -25 -26 -27 -28 28 -30 -31
leaf_value=0.003978476535568494 -0.25458522905222791 -0.3546470988644751 -0.54635695606440227 -0.76295277626583147 -1.0148647852918797 -1.1334154016298226 0.36236774948672329 1.0360221543216361 0.030050828138169724 -0.59012839126718708 2.8458860643110753 1.4169069916109387 -1.060965347276432 1.6056580889643661 2.6637948618702314 -0.065645324548362249 -0.38271288043785434 0.92658892224794043 -0.1599153796185393 0.78958029565520538 -0.4273215594204951 0.29185865044569104 0.076853468887344817 0.5813804793017564 0.87131076923192396 -0.63030175230810581 1.8587912415621926 -2.4701983058652535 0.18544535440284127 -0.05161602860961019
leaf_weight=141 110 51 789 43 35 35 305 57 732 183 87 30 145 116 1330 145 111 731 797 2197 47 35 79 894 263 47 6119 36 31 120
leaf_count=141 110 51 789 43 35 35 305 57 732 183 87 30 145 116 1330 145 111 731 797 2197 47 35 79 894 263 47 6119 36 31 120
internal_value=0.000184983 -0.000201164 -0.000418283 -0.000335928 -0.0026092 0.000299698 0.000126853 -0.000190916 -0.000280025 4.94606e-06 -0.000645756 -0.00117597 -0.00160511 0.000383901 0.000176127 -0.00032973 -0.00168027 0.000226247 -7.5e-05 0.000288029 -6.8299e-05 -0.00119277 -0.00062116 0.000296399 0.000132029 -0.000190476 0.000444392 0 -0.000683824 0.000353106
internal_weight=15841 3608 2526 2440 86 12233 4047 1343 2397 1111 270 232 175 8186 1884 554 146 841 1529 2704 387 82 868 1082 408 188 6302 183 67 2317
internal_count=15841 3608 2526 2440 86 12233 4047 1343 2397 1111 270 232 175 8186 1884 554 146 841 1529 2704 387 82 868 1082 408 188 6302 183 67 2317
cat_boundaries=0 1 2 3
cat_threshold=3480592 2168869 516
is_linear=0
shrinkage=0.01


Tree=135
num_leaves=31
num_cat=0
split_feature=14 13 26 19 14 19 7 20 13 25 16 18 11 19 19 13 14 7 33 20 25 25 26 29 25 29 20 24 13 16
split_gain=7.52459 4.58545 1.9097 1.89994 1.70962 2.13395 6.13514 1.1499 2.10761 1.60958 1.18611 1.06013 1.28384 1.01586 1.00029 1.36138 0.940311 1.15605 0.856035 0.721141 0.631542 0.622413 0.409377 0.905724 0.479299 0.324941 0.319963 0.309478 0.189987 0.225241
threshold=0.59177612190863982 1445.3702879915786 23.375000000000004 0.29999999999999788 0.95242846126021108 0.29999999999999999 47.500000000000007 23.63928571428572 1690.3684119030092 1827.5000000000002 -0.93881210897455081 2.5999999999999934 217.39726637650776 6.9499999999999975 0.79999999999999971 1400.7628576443744 0.17646842360078763 17.500000000000004 2.5499999999999932 20.667857142857148 795.50000000000011 1099.7100000000003 22.975000000000005 24.175000000000004 1002.0000000000001 28.325000000000006 20.803571428571434 500.50000000000006 2449.8630434782613 -0.92641089502887486
decision_type=2 2 2 2 2 2 2 2 2 2 2 2 2 2 2 2 2 2 2 2 2 2 2 2 2 2 2 2 2 2
left_child=7 2 -2 22 5 6 -5 8 9 10 21 12 -6 14 20 -16 26 -18 -7 -12 -4 -1 23 -3 25 -24 -11 -9 29 -10
right_child=1 3 13 4 11 18 -8 27 28 16 19 -13 -14 -15 15 -17 17 -19 -20 -21 -22 -23 24 -25 -26 -27 -28 -29 -30 -31
leaf_value=-0.42337908205234998 -0.68798257010833452 1.0979754516390907 0.044639795840759389 -0.7557810911183126 -0.44316072225096897 -0.0621323683970905 0.15193881344185259 -0.051134458571621806 0.66205662915623509 -0.11796624239397172 0.71273105542258242 0.20199491025637006 -0.91524173643300888 0.042838480292039759 -1.0473843948295876 -0.73680808426740263 -0.892601620939388 0.45705316478369684 0.58542450608345653 -0.2077910936148287 -0.63494051219345293 -1.1323921094343232 0.066661159767394174 -1.2541210090288324 0.40370802276552403 -0.4265599688312014 2.2206973873784532 1.3275490222746129 -1.1233761582475843 1.790139195252241
leaf_weight=41 41 89 64 93 840 1071 150 35 393 33 141 147 61 85 46 57 41 72 796 509 48 55 73 55 1556 166 595 6367 54 2108
leaf_count=41 41 89 64 93 840 1071 150 35 393 33 141 147 61 85 46 57 41 72 796 509 48 55 73 55 1556 166 595 6367 54 2108
internal_value=0.00019524 -0.000104983 -0.00122661 -2.7756e-05 -0.000180753 -1.18427e-05 -0.000895492 0.000352513 0.000215434 -7.8293e-05 -0.000410977 -0.000510963 -0.000642461 -0.00089701 -0.00126157 -0.00200481 0.000243261 -0.000557018 9.82334e-05 -0.000238095 -0.000477876 -0.00146392 0.000216237 -0.000262069 0.000260301 -0.000127083 0.000403816 0.000437451 0.000390258 0.000403877
internal_weight=15882 5438 341 5097 3158 2110 243 10444 4042 1487 746 1048 901 300 215 103 741 113 1867 650 112 96 1939 144 1795 239 628 6402 2555 2501
internal_count=15882 5438 341 5097 3158 2110 243 10444 4042 1487 746 1048 901 300 215 103 741 113 1867 650 112 96 1939 144 1795 239 628 6402 2555 2501
is_linear=0
shrinkage=0.01


Tree=136
num_leaves=31
num_cat=4
split_feature=10 10 15 14 33 33 0 0 25 16 0 22 13 21 14 17 16 12 11 15 12 16 14 0 11 33 13 16 33 24
split_gain=7.9582 2.62532 2.61405 2.22209 1.61115 3.77964 2.74482 1.5887 2.08173 1.23151 1.00016 1.14645 0.936238 0.815148 0.826897 0.763804 0.874892 1.62885 0.830507 0.740292 1.28404 3.53833 2.23904 1.69905 0.630993 0.495675 0.490372 0.77274 1.27295 0.48424
threshold=800.50000000000011 1392.714285714286 0.11478523713130605 0.95242846126021108 4.9499999999999975 0.2499999999999965 0 1 1050.4500000000003 -0.70291267844185523 2 500.50000000000006 1594.6983772819474 650.50000000000011 0.98522604642031408 0.07411673974326928 0.71953851835684701 1081.1666666666667 117.87230770513241 0.37247810748448967 2116.7000000000003 -0.95753797188986722 -0.69674959280705229 3 122.47448713917338 52.45000000000001 1469.4353206400551 -0.93197223986804445 0.80000000000000038 1099.7100000000003
decision_type=2 2 2 2 2 2 9 9 2 2 9 2 2 2 2 2 2 2 2 2 2 2 2 9 2 2 2 2 2 2
left_child=3 2 15 10 5 -4 -7 8 24 25 11 -1 13 14 -9 16 18 -18 -2 -3 21 22 -21 -23 -5 -6 27 28 -12 -14
right_child=1 19 4 7 9 6 -8 12 -10 -11 26 -13 29 -15 -16 -17 17 -19 -20 20 -22 23 -24 -25 -26 -27 -28 -29 -30 -31
leaf_value=-0.50059214412910602 0.3353955640901351 3.2748041359844922 0.44168942468650169 -2.0691480211651889 -0.2501610709279049 -0.77108493675791479 -0.31172653224845731 -0.60978333447330724 -0.31707775483385553 0.39722157328889363 0.046264029282563693 -0.31052969093753896 0.036899715496120693 -0.56354832596159488 -1.0249332759093981 0.72745445305622125 -0.44399392377967978 0.74267060456924594 -0.067993855987785207 -0.35717456134485692 2.5307129269596431 -0.49963861084472966 -0.90846583929191382 0.83446148266407227 -1.9246328529747865 0.081947523327123573 0.050287269639697763 -0.0094061905900404748 -0.87479045258510524 -0.37351827021182687
leaf_weight=34 1095 4190 395 37 45 116 450 50 53 565 46 77 175 151 39 1490 96 115 568 72 3264 124 56 1662 51 34 510 240 46 36
leaf_count=34 1095 4190 395 37 45 116 450 50 53 565 46 77 175 151 39 1490 96 115 568 72 3264 124 56 1662 51 34 510 240 46 36
internal_value=0.00019587 0.000269808 8.13883e-05 -0.000483506 -0.000247509 -0.000508836 -0.00103527 -0.00096796 -0.00190461 0.000127132 -0.000171384 -0.00102049 -0.000594156 -0.00103734 -0.00183889 0.000241308 9.97333e-05 -0.000492925 0.00018119 0.000368663 0.000283646 7.15405e-05 -0.00151938 0.000191942 -0.00298876 -0.00100625 -3.39976e-05 -0.000342342 -0.00111828 -6.83962e-05
internal_weight=15882 14337 4969 1545 1605 961 566 592 141 644 953 111 451 240 89 3364 1874 211 1663 9368 5178 1914 128 1786 88 79 842 332 92 211
internal_count=15882 14337 4969 1545 1605 961 566 592 141 644 953 111 451 240 89 3364 1874 211 1663 9368 5178 1914 128 1786 88 79 842 332 92 211
cat_boundaries=0 1 2 3 4
cat_threshold=2101251 20513 528384 1114128
is_linear=0
shrinkage=0.01


Tree=137
num_leaves=31
num_cat=4
split_feature=10 15 13 18 19 12 7 0 11 13 0 18 10 20 12 16 7 13 7 10 13 16 13 0 15 12 0 19 13 19
split_gain=7.68637 3.37492 3.99912 1.36564 1.41155 1.40349 1.25549 1.36718 1.23461 1.16062 1.01567 1.00221 1.67126 0.930544 1.60522 2.55493 1.68582 0.841794 1.40903 0.800146 0.79715 0.791514 0.707817 0.68571 0.871825 0.671965 0.556683 0.405905 0.345137 0.342491
threshold=1114.3571428571429 -0.72694848937061807 1506.7869219107963 0.79999999999999993 0.2499999999999965 1193.5000000000002 98.500000000000014 0 74.801324154316362 1905.6241626421563 1 0.29999999999998234 1501.5714285714287 23.460714285714293 2065.0166666666669 -0.93881210897455081 320.50000000000006 1876.3042325817323 51.500000000000007 1341.0000000000002 1667.6163083575341 0.68589359117003446 1600.9209540135041 2 -0.57077231802681661 663.01666666666677 3 11.850000000000003 2394.0003750000005 6.2500000000000009
decision_type=2 2 2 2 2 2 2 9 2 2 9 2 2 2 2 2 2 2 2 2 2 2 2 9 2 2 9 2 2 2
left_child=1 25 3 4 -3 -6 7 11 23 10 -10 17 -13 14 15 16 -8 27 -19 20 -9 -5 -17 24 -4 -1 -22 -2 -16 -14
right_child=6 2 8 21 5 -7 13 19 9 -11 -12 12 29 -15 28 22 -18 18 -20 -21 26 -23 -24 -25 -26 -27 -28 -29 -30 -31
leaf_value=-0.022797135143794191 0.59584721806345564 0.063897195188218625 -0.34088901969952623 0.091085226384510332 -0.74382762978840022 -0.038469277066831696 -0.42908284101812688 0.90251010263955 0.00031689899544035062 0.16767487277146281 -0.49078417961013687 -1.372735616401372 0.73426781555111054 1.9986549072608859 3.0549843130959151 -0.32167767291505445 -0.86241272321306639 2.3777079924776219 -0.74517853869670714 1.0913516676114849 -0.35899852397686305 -0.23627355858231941 0.66700163243129351 0.14926562145760558 0.018683878773226519 0.46830197461318529 -0.024851196056830012 -0.37769697102763566 -2.9226592697593752 -0.93533474821505591
leaf_weight=195 488 49 77 107 367 63 80 233 328 291 785 35 59 5927 1477 171 60 83 134 2131 123 35 599 588 194 911 189 41 30 32
leaf_count=195 488 49 77 107 367 63 80 233 328 291 785 35 59 5927 1477 171 60 83 134 2131 123 35 599 588 194 911 189 41 30 32
internal_value=0.000196499 -0.000181659 -0.000363258 -0.00107637 -0.00133437 -0.00151972 0.000324224 0.000161736 -0.000162765 -0.000347331 -0.000496858 -0.000174405 -0.001 0.000392091 0.000218569 -0.000104281 -0.00134752 -2.27577e-05 -0.000557339 0.000274656 -5.03663e-05 -0.000132867 0.000110246 0.000127326 -0.000264184 0.000282746 -0.000396166 0.000178302 0.000420093 -0.000157609
internal_weight=15882 3990 2884 621 479 430 11892 3548 2263 1404 1113 872 126 8344 2417 910 140 746 217 2676 545 142 770 859 271 1106 312 529 1507 91
internal_count=15882 3990 2884 621 479 430 11892 3548 2263 1404 1113 872 126 8344 2417 910 140 746 217 2676 545 142 770 859 271 1106 312 529 1507 91
cat_boundaries=0 1 2 3 4
cat_threshold=3479568 9370 2633737 8387
is_linear=0
shrinkage=0.01


Tree=138
num_leaves=31
num_cat=4
split_feature=10 15 13 0 7 15 7 0 11 13 0 32 10 13 7 20 12 16 7 10 13 13 34 0 25 12 33 11 19 13
split_gain=7.58653 3.43172 3.6803 1.31886 1.82738 1.85853 1.23663 1.3008 1.17731 1.16062 1.01567 0.956312 1.66543 0.896527 1.41599 0.896133 1.54133 2.31227 1.44003 0.719625 0.729353 0.707817 0.670395 0.649735 1.1338 0.576248 0.486642 0.462286 0.424216 0.345137
threshold=1114.3571428571429 -0.72694848937061807 1506.7869219107963 0 47.500000000000007 0.1573897509163161 98.500000000000014 1 74.801324154316362 1905.6241626421563 2 0.29999999999998234 1501.5714285714287 1876.3042325817323 51.500000000000007 23.460714285714293 2065.0166666666669 -0.93881210897455081 320.50000000000006 1341.0000000000002 1667.6163083575341 1600.9209540135041 5.0700000000000012 3 1347.5000000000002 663.01666666666677 0.29999999999999788 114.43442705434218 11.850000000000003 2394.0003750000005
decision_type=2 2 2 9 2 2 2 9 2 2 9 2 2 2 2 2 2 2 2 2 2 2 2 9 2 2 2 2 2 2
left_child=1 25 3 22 -5 -6 7 11 23 10 -10 13 -13 28 -15 16 17 18 -8 20 -9 -19 -3 24 -4 -1 -22 -24 -2 -18
right_child=6 2 8 4 5 -7 15 19 9 -11 -12 12 -14 14 -16 -17 29 21 -20 -21 26 -23 27 -25 -26 -27 -28 -29 -30 -31
leaf_value=-0.022569163792355865 0.87739781664058247 0.31607254639140137 -0.33945417415127471 -0.72165676241735954 -0.85066226347116403 0.022796617175464346 -0.42479201260794536 0.89348500161315447 0.00031373000548542144 0.16599812404374781 -0.48587633781403528 -1.3180382009375802 -0.34183540483631625 2.3477363321178921 -0.75262358450306932 1.9786683581882762 3.0244344699649561 -0.31846089618590412 -0.85378859598093559 1.0804381509353704 0.17913085747157437 0.66033161610698088 -0.26511802696209197 0.10553803602501902 0.24368992496657021 0.46361895486705373 -0.27232972966117192 -0.94686435938467384 -0.37392000131735964 -2.8934326770617815
leaf_weight=195 486 80 65 44 203 96 80 233 328 291 785 41 89 82 133 5927 1477 171 60 2131 117 599 154 735 59 911 195 44 41 30
leaf_count=195 486 80 65 44 203 96 80 233 328 291 785 41 89 82 133 5927 1477 171 60 2131 117 599 154 735 59 911 195 44 41 30
internal_value=0.000199018 -0.000176647 -0.000359792 -0.00104421 -0.00146469 -0.00116833 0.000325906 0.000164553 -0.000167182 -0.000347331 -0.000496858 -0.00016308 -0.000954198 -1.2113e-05 -0.00056713 0.000393289 0.000222705 -9.3304e-05 -0.0012766 0.000274656 -3.20513e-05 0.000110246 -0.000418685 0.000115698 -0.000503704 0.00029178 -0.000364217 -0.000758794 0.000196023 0.000420093
internal_weight=15882 3990 2884 621 343 299 11892 3548 2263 1404 1113 872 130 742 215 8344 2417 910 140 2676 545 770 278 859 124 1106 312 198 527 1507
internal_count=15882 3990 2884 621 343 299 11892 3548 2263 1404 1113 872 130 742 215 8344 2417 910 140 2676 545 770 278 859 124 1106 312 198 527 1507
cat_boundaries=0 1 2 3 4
cat_threshold=43072 3479568 9370 2625536
is_linear=0
shrinkage=0.01


Tree=139
num_leaves=31
num_cat=7
split_feature=14 13 26 0 26 18 32 0 22 11 20 13 23 19 0 11 32 0 24 13 0 14 11 20 34 0 19 23 0 13
split_gain=6.81597 3.60066 2.24925 1.81768 1.75874 2.61668 2.04665 1.62992 1.10612 1.08797 1.08292 1.83604 1.55245 1.39031 1.25974 0.936859 0.878732 0.802767 0.728772 0.514452 0.507084 0.504954 0.686695 0.319577 0.628611 0.309135 0.327583 0.297893 0.222448 0.382198
threshold=0.59177612190863982 1445.3702879915786 23.375000000000004 0 25.875000000000004 0.19999999999998672 1.2000000000000199 1 1070.5000000000002 78.67957924693836 23.63928571428572 1690.3684119030092 2425.1300000000006 7.8500000000000014 2 116.75166926848841 0.20000000000001514 3 1930.5000000000002 1636.3253132832081 4 0.93845596220871974 95.181529999744058 28.146428571428576 5.9250000000000007 5 332.45000000000005 850.50000000000011 6 1835.3780602789086
decision_type=2 2 2 9 2 2 2 9 2 2 2 2 2 2 9 2 2 9 2 2 9 2 2 2 2 9 2 2 9 2
left_child=10 2 -2 4 5 18 -7 9 15 -4 11 12 13 16 -15 19 -1 -17 -3 -5 -10 27 -23 24 -9 26 -12 -6 -13 -30
right_child=1 3 7 8 21 6 -8 23 20 -11 25 28 -14 14 -16 17 -18 -19 -20 -21 -22 22 -24 -25 -26 -27 -28 -29 29 -31
leaf_value=0.79554568031256823 -0.6575192384678834 -0.152126546052646 -0.98783636096398475 -0.11963217718361595 -0.075583380987493023 -1.2492584732393994 -0.42084665583154107 0.093748142941928778 -0.14919663734386754 -0.61698001222222498 0.60020124960878252 2.4457749752339653 2.4532251324057763 -0.045768730473363661 -0.6779063407453283 -0.63356277144805373 -0.20418216350818916 -0.21292094683109997 -0.53529884411778672 0.13918637314833346 0.43923869170436752 0.25037204397131091 -0.72878524688395363 0.15665939016185759 -0.60437573565874281 1.3051463383801838 -0.35080652484158842 0.66739997599090839 0.18845418680954407 4.9574193349625926
leaf_weight=427 41 306 57 388 147 61 53 67 355 51 435 1391 391 242 278 100 149 339 178 585 1895 143 252 93 32 5922 45 295 536 628
leaf_count=427 41 306 57 388 147 61 53 67 355 51 435 1391 391 242 278 100 149 339 178 585 1895 143 252 93 32 5922 45 295 536 628
internal_value=0.000199018 -8.65968e-05 -0.00108041 -1.79482e-05 -0.000319848 -0.000736227 -0.00211304 -0.000730897 9.82848e-05 -0.00164706 0.000348684 0.000215434 -5.81317e-05 -0.000257065 -0.000633397 -0.000116065 6.58579e-05 -0.000501136 -0.000387629 4.77413e-05 0.000237672 -1.37231e-05 -0.000284091 -6.89655e-05 -0.000505 0.000431204 0.000142566 0.000205418 0.000378521 0.000248511
internal_weight=15882 5438 341 5097 1435 598 114 300 3662 108 10444 4042 1487 1096 520 1412 576 439 484 973 2250 837 395 192 99 6402 480 442 2555 1164
internal_count=15882 5438 341 5097 1435 598 114 300 3662 108 10444 4042 1487 1096 520 1412 576 439 484 973 2250 837 395 192 99 6402 480 442 2555 1164
cat_boundaries=0 1 2 3 4 5 6 7
cat_threshold=3479553 13312 2138185 41040 1552 524804 3793985
is_linear=0
shrinkage=0.01


Tree=140
num_leaves=31
num_cat=3
split_feature=10 32 13 11 14 11 32 20 12 16 0 13 25 24 19 18 13 0 17 0 17 10 5 29 33 19 10 14 24 25
split_gain=6.98652 2.97053 3.76081 1.72624 0.988332 1.54041 1.36817 1.06093 1.57716 2.66979 1.06741 0.980755 1.18775 0.948081 1.09935 0.893497 1.18868 0.85104 0.908336 0.842676 1.72115 1.48659 0.78357 0.759173 0.691293 0.664161 0.573218 1.51878 0.476434 0.388802
threshold=1128.6428571428576 2.5999999999999934 1481.8598763368984 77.728158775767625 0.9053161325100999 120.30219386211995 0.099999999999982256 23.575000000000006 1865.8000000000002 -0.93881210897455081 0 1824.2304683505474 2125.5700000000002 1930.5000000000002 0.8999999999999998 0.10000000000001512 1425.2054090185677 1 0.32207272259607772 2 0.052657569964411031 1042.9285714285718 1.5000000000000002 30.025000000000002 1.4500000000000004 120.15000000000002 1801.6428571428576 -0.49064630004295678 1645.5000000000002 3200.5000000000005
decision_type=2 2 2 2 2 2 2 2 2 2 9 2 2 2 2 2 2 9 2 9 2 2 2 2 2 2 2 2 2 2
left_child=1 2 15 -4 7 -6 24 8 9 25 -11 12 -5 -8 -15 17 23 -1 -19 20 21 -3 -18 -17 -7 -2 27 -10 -13 -26
right_child=4 19 3 11 5 6 13 -9 26 10 -12 28 -14 14 -16 16 22 18 -20 -21 -22 -23 -24 -25 29 -27 -28 -29 -30 -31
leaf_value=-0.048261789635854369 -0.41199896086482929 -0.23035557250907063 0.059971506869999872 -0.36288457127653262 1.1432844774298072 0.45084334876129867 -0.060564013995575858 1.9956511985389798 -1.4843921130926534 -0.14858276342360702 0.66990131949654641 0.024731396837210668 -1.2892739313033943 -1.0141323323914788 -0.51384400189426727 -0.026377028427826438 -1.1667317406569058 -0.70953978211336832 0.29439872324556443 0.45408911005927832 0.44992178269489275 -0.83293308586891235 -0.89634556153356926 -0.92158813744663104 -0.41377176947622724 -1.2747767916478963 2.9860908742354906 0.9876957022489955 -0.42794578005888734 0.10000941075589914
leaf_weight=140 74 90 924 823 640 312 72 6357 37 382 881 470 43 47 46 72 35 159 38 856 295 35 56 30 75 41 2359 332 47 35
leaf_count=140 74 90 924 823 640 312 72 6357 37 382 881 470 43 47 46 72 35 159 38 856 295 35 56 30 75 41 2359 332 47 35
internal_value=0.000213332 -0.000139402 -0.000321177 -0.000141464 0.000338294 5.98534e-05 -0.00030017 0.000369983 0.000239347 -2.97317e-05 9.61234e-05 -0.000367413 -0.000573241 -0.00106928 -0.00173936 -0.00108286 -0.00166753 -0.000714497 -0.00111298 0.000256852 -9.28074e-05 -0.00109127 -0.00254891 -0.00076699 0 -0.00148707 0.000378893 0 -2.89574e-06 -0.000675676
internal_weight=15803 4113 2837 2307 11690 1227 587 10463 4106 1378 1263 1383 866 165 93 530 193 337 197 1276 420 125 91 102 422 115 2728 369 517 110
internal_count=15803 4113 2837 2307 11690 1227 587 10463 4106 1378 1263 1383 866 165 93 530 193 337 197 1276 420 125 91 102 422 115 2728 369 517 110
cat_boundaries=0 1 2 3
cat_threshold=1643538 2099269 2634244
is_linear=0
shrinkage=0.01


Tree=141
num_leaves=31
num_cat=4
split_feature=10 15 0 16 14 33 10 13 14 11 20 25 0 17 10 16 0 13 12 11 12 10 34 14 11 34 22 25 29 0
split_gain=6.89131 2.99484 2.82964 2.94263 2.94716 2.61781 2.24001 1.17736 1.0155 1.45849 1.20573 1.57393 1.86681 2.05518 1.12652 1.83646 1.09027 1.59937 2.37461 0.908814 0.878355 0.704456 0.61601 0.496559 0.485173 0.471142 0.492892 0.470721 0.421349 0.306113
threshold=1128.6428571428576 -0.69676771491221523 0 0.71953851835684701 0.72695311118111527 0.39999999999999963 740.50000000000011 1454.1710054641007 0.82414472752956958 122.47448713917338 23.575000000000006 1300.5000000000002 1 0.283138326639013 1801.6428571428576 -0.88269356368534635 2 1857.3672742770968 2106.1500000000001 90.42926521017371 652.60000000000014 1200.0714285714287 5.6750000000000007 0.98522604642031408 174.23301310928215 5.9050000000000011 637.50000000000011 800.50000000000011 29.225000000000005 3
decision_type=2 2 9 2 2 2 2 2 2 2 2 2 9 2 2 2 9 2 2 2 2 2 2 2 2 2 2 2 2 9
left_child=1 20 3 6 5 -5 22 25 10 -10 11 12 13 -2 15 -13 17 -11 -19 23 28 -18 -3 -9 -21 -4 -27 -14 -1 -22
right_child=8 2 7 4 -6 -7 -8 19 9 16 -12 14 27 -15 -16 -17 21 18 -20 24 29 -23 -24 -25 -26 26 -28 -29 -30 -31
leaf_value=0.042183522985307594 -1.4191753959270343 -0.32158115671152138 -0.073037023498530834 -0.74766584681513348 0.17624384599824894 -0.46603213505150315 -0.0032783969033264009 0.10235381603406188 1.2838765961564276 0.26250614953591594 2.1787851307683348 -0.7431500486371998 -0.54001268313527317 -0.093722148305170769 2.923290931402557 0.22114335725487902 -0.50731436526299345 -1.3109171750644928 -0.27072144250485702 -0.22830033277276937 0.043565096618150279 0.21929373129709054 -0.92566424040458761 -0.19398210591512383 0.011614510094819595 -0.22624674897673941 -1.0462743460103259 0.1422747107144571 -0.15071352646907055 0.45032967878041574
leaf_weight=103 42 40 83 34 35 60 343 742 884 120 5854 38 41 60 2461 1072 34 73 155 755 210 494 161 161 340 33 59 362 89 865
leaf_count=103 42 40 83 34 35 60 343 742 884 120 5854 38 41 60 2461 1072 34 73 155 755 210 494 161 161 340 33 59 362 89 865
internal_value=0.000213332 -0.000136971 -0.000318581 -0.00088231 -0.00227308 -0.00318947 -0.000546789 -0.000134386 0.000337439 0.000107893 0.000377102 0.000239882 -0.000271739 -0.00140708 0.00031509 4.05041e-05 -0.000173318 -0.000601671 -0.0011179 -6.05303e-05 0.000263013 0.000100186 -0.00138366 0.000167589 -0.000257755 -0.000923295 -0.00144086 2.77778e-05 -0.000331606 0.000378717
internal_weight=15803 4113 2846 673 129 94 544 2173 11690 1760 9930 4076 505 102 3571 1110 876 348 228 1998 1267 528 201 903 1095 175 92 403 192 1075
internal_count=15803 4113 2846 673 129 94 544 2173 11690 1760 9930 4076 505 102 3571 1110 876 348 228 1998 1267 528 201 903 1095 175 92 403 192 1075
cat_boundaries=0 1 2 3 4
cat_threshold=2626049 1640464 3474513 542724
is_linear=0
shrinkage=0.01


Tree=142
num_leaves=31
num_cat=6
split_feature=10 15 13 0 16 11 0 21 20 31 12 11 16 7 12 10 10 13 7 7 16 0 13 12 26 0 33 0 25 0
split_gain=6.7765 2.92263 2.83177 0.96163 2.53264 1.04619 0.91394 1.0533 1.60914 0.901774 1.114 1.78615 1.79802 1.56081 0.878355 0.701443 0.625756 0.555612 0.514969 0.484039 0.456684 0.414636 1.46817 0.362475 0.355749 0.306113 0.483559 0.288977 0.501216 0.271804
threshold=1128.6428571428576 -0.69676771491221523 1506.7869219107963 0 0.90159200968320541 77.728158775767625 1 951.50000000000011 28.082142857142863 1.0000000180025095e-35 2116.7000000000003 197.33522101713413 -0.96688789938088693 320.50000000000006 652.60000000000014 1501.5714285714287 740.50000000000011 1970.9477842152451 93.500000000000014 68.500000000000014 -0.82958102951528834 2 1837.8630056260981 1495.8500000000001 23.625000000000004 3 0.74999999999999656 4 1796.2950000000003 5
decision_type=2 2 2 9 2 2 9 2 2 2 2 2 2 2 2 2 2 2 2 2 2 9 2 2 2 9 2 9 2 9
left_child=1 14 6 4 16 23 20 8 -8 10 11 29 13 -13 -1 -14 -4 -7 19 -11 -3 22 -12 -5 -22 26 -16 28 -20 -2
right_child=9 2 3 5 -6 17 7 -9 -10 18 21 12 15 -15 25 -17 -18 -19 27 -21 24 -23 -24 -25 -26 -27 -28 -29 -30 -31
leaf_value=-0.059141729416361699 0.00056835090001966526 -0.3165592634421811 -0.41924688327557008 0.11893884550831377 -0.85839304660440496 -0.18083046920239731 -0.38179675689189885 -0.65786193138975424 -1.366730215156521 0.38833963549233114 1.9536666903905595 -0.23010359529807495 -0.23210771862873747 -1.3521944384711415 -0.14985100287832745 0.26896129648680456 -0.0030246717008187343 0.20576558078381696 1.2945004052042788 -0.70534294504650097 -0.31872343512191992 1.7640125210852446 -1.0379007301955065 -0.10445719773261587 0.072490721872874614 0.44582638199261115 0.66306314482741457 1.901569115865789 -1.0516527906667814 0.7855034585538766
leaf_weight=192 309 37 85 633 54 975 210 52 95 144 166 75 382 44 30 718 310 152 108 49 80 2864 31 52 111 865 180 4765 30 2005
leaf_count=192 309 37 85 633 54 975 210 52 95 144 166 75 382 44 30 718 310 152 108 49 80 2864 31 52 111 865 180 4765 30 2005
internal_value=0.00021523 -0.00013211 -0.000311556 -0.000145668 -0.000555435 -3.5107e-05 -0.0009343 -0.00125408 -0.0010049 0.000338294 0.000257316 0.000132003 -0.000172541 -0.0013375 0.000263013 -3.63306e-05 -0.000258838 -0.000227394 0.000441044 -1.80412e-05 -0.000317992 0.000398596 -7.21153e-06 0.000266035 -7.55208e-05 0.000378717 0 0.000461154 0 0.00029676
internal_weight=15803 4113 2846 2261 449 1812 585 357 305 11690 6594 3533 1219 119 1267 1100 395 1127 5096 193 228 3061 197 685 191 1075 210 4903 138 2314
internal_count=15803 4113 2846 2261 449 1812 585 357 305 11690 6594 3533 1219 119 1267 1100 395 1127 5096 193 228 3061 197 685 191 1075 210 4903 138 2314
cat_boundaries=0 1 2 3 4 5 6
cat_threshold=2626049 34884 2099712 542724 516 1050656
is_linear=0
shrinkage=0.01


Tree=143
num_leaves=31
num_cat=5
split_feature=10 32 13 11 14 11 20 12 16 34 32 0 13 25 18 11 0 18 21 0 17 7 30 10 14 10 10 0 13 0
split_gain=6.43366 2.91116 3.41979 1.59328 0.97007 1.29904 1.15995 1.48648 2.39687 1.43675 1.07045 0.98871 0.861136 1.24935 0.81527 0.778759 0.861098 2.40014 0.834634 0.762302 1.36089 1.03622 0.725301 0.571298 1.51878 0.557267 0.511507 0.367635 0.379479 0.275185
threshold=1128.6428571428576 2.5999999999999934 1481.8598763368984 77.728158775767625 0.82414472752956958 116.75166926848841 23.575000000000006 1865.8000000000002 -0.93881210897455081 4.1650000000000009 0.69999999999998674 0 1824.2304683505474 2125.5700000000002 0.80000000000001525 41.262792445939802 1 0.10000000000000007 927.50000000000011 2 0.052657569964411031 250.50000000000003 22.925000000000004 1801.6428571428576 -0.49064630004295678 1042.9285714285718 1178.6428571428576 3 1634.2606852497099 4
decision_type=2 2 2 2 2 2 2 2 2 2 2 9 2 2 2 2 9 2 2 9 2 2 2 2 2 2 2 9 2 9
left_child=1 2 15 27 6 -6 7 8 9 -2 22 -10 13 -5 -12 -1 17 -17 -18 20 21 25 -7 24 -9 -3 -24 28 -4 -8
right_child=4 19 3 12 5 10 29 23 11 -11 14 -13 -14 -15 -16 16 18 -19 -20 -21 -22 -23 26 -25 -26 -27 -28 -29 -30 -31
leaf_value=-0.33279794134683832 -1.0372701252664069 -0.35008408975848704 -0.16473742063502247 -0.3529306517875917 1.2733093203467198 -0.6002176351597891 0.25652048150813528 -1.4537656446788731 -0.15936850529720348 -0.41131678515502329 -0.98713650044382639 0.61638163222878528 -0.0082691883608709913 -1.2641077762860353 -0.47430817350747112 -0.37868159513325139 -0.18465705519534095 -1.6774437111030132 -0.36663238746767124 0.48436389085449749 0.49782205447219918 0.11791195932016421 -0.40156584082664742 3.0638579442990421 0.96809240939008823 -0.58647665293220863 0.11693931677952757 0.11155415757366718 0.10212829648210135 2.2277517923401264
leaf_weight=81 35 65 116 823 832 47 147 37 379 80 35 872 517 43 113 67 279 53 50 841 300 40 30 2341 332 30 703 552 256 5707
leaf_count=81 35 65 116 823 832 47 147 37 379 80 35 872 517 43 113 67 279 53 50 841 300 40 30 2341 332 30 703 552 256 5707
internal_value=0.000218394 -0.000119956 -0.000300035 -0.000128466 0.000338294 0.000113572 0.000377102 0.000242335 -1.97513e-05 -0.00140086 -0.00013563 0.00010024 -0.000345737 -0.000538639 -0.000912752 -0.00102637 -0.00119 -0.00198473 -0.000780882 0.000272514 -5.04484e-05 -0.000900735 1.28787e-11 0.000378089 0 -0.00148437 9.05995e-05 0.000185946 -3.65535e-05 0.000469172
internal_weight=15803 4113 2837 2307 11690 1760 9930 4076 1366 115 928 1251 1383 866 148 530 449 120 329 1276 435 135 780 2710 369 95 733 924 372 5854
internal_count=15803 4113 2837 2307 11690 1760 9930 4076 1366 115 928 1251 1383 866 148 530 449 120 329 1276 435 135 780 2710 369 95 733 924 372 5854
cat_boundaries=0 1 2 3 4 5
cat_threshold=1643538 4161 2630149 2649096 516
is_linear=0
shrinkage=0.01


Tree=144
num_leaves=31
num_cat=0
split_feature=22 32 13 11 14 11 15 25 17 15 33 34 14 11 15 15 29 24 33 17 16 12 13 11 11 13 12 24 15 15
split_gain=5.23509 3.04783 2.03726 1.49414 1.00229 1.31186 0.890626 2.00376 1.2064 1.5636 0.878934 0.831979 0.957381 0.697096 0.792056 0.648399 1.03903 0.635082 0.465424 0.406634 0.675582 0.38786 0.40714 0.360435 0.34545 0.338498 0.316145 0.398246 0.270861 0.268055
threshold=1070.5000000000002 1.0500000000000047 1519.7847639724878 93.795622960376008 0.9053161325100999 186.90779426224631 0.45847758937963173 1320.5000000000002 0.30983203860516167 0.71952396275653763 0.2499999999999965 5.6350000000000007 0.93845596220871974 177.66407561639292 0.68274389090025245 -0.8142754349318998 29.625000000000004 1450.5000000000002 1.4500000000000004 0.029024409397335523 0.71953851835684701 1495.8500000000001 1634.2606852497099 102.10347225497806 144.0841336165133 1524.1923050556986 2152.6166666666672 1749.7900000000002 -0.57077231802681661 0.99611390731392835
decision_type=2 2 2 2 2 2 2 2 2 2 2 2 2 2 2 2 2 2 2 2 2 2 2 2 2 2 2 2 2 2
left_child=1 2 10 21 6 18 -2 8 9 -8 -1 12 -7 14 -5 -12 -17 25 -6 20 -3 22 -4 -20 -25 -9 27 -13 -22 -10
right_child=4 19 3 13 5 11 7 17 29 -11 15 26 -14 -15 -16 16 -18 -19 23 -21 28 -23 -24 24 -26 -27 -28 -29 -30 -31
leaf_value=0.067290984527799177 1.5456126327515416 0.10480205762962984 -0.058803926018895156 -0.39424217499478725 0.93898579498960366 -1.274651542546049 -0.21692268940533732 -0.30124264508473558 0.2634963607869239 -0.76607271205528893 -0.0041344375827055899 0.063979275670971364 0.020515860059315577 0.015739120087995079 -0.56919105472942289 -0.44363168796964447 -1.1542344053287534 1.6740519854785223 0.40615641634738375 0.66358610343922397 -0.18572014023413627 -0.23257149782876607 0.16924514246094724 -0.34430431291695279 0.0079753516694589036 0.14658857394199254 0.15348983898694965 -0.37812066157465224 -0.361561078492393 -0.47720547480131298
leaf_weight=73 5427 347 278 602 759 40 197 96 176 74 80 69 32 262 38 364 95 4250 126 795 45 52 541 105 100 443 135 81 44 77
leaf_count=73 5427 347 278 602 759 40 197 96 176 74 80 69 32 262 38 364 95 4250 126 795 45 52 541 105 100 443 135 81 44 77
internal_value=0.000220925 -0.000111142 -0.000321668 -0.000142897 0.000320274 6.45718e-05 0.000353785 0.000257151 -0.00032 -0.000788603 -0.000822186 -0.000451117 -0.00142466 -0.000430786 -0.000608424 -0.000963889 -0.00110978 0.000322443 0.000242896 0.000288555 1.83066e-05 0.000143922 0.000206707 -4.36747e-05 -0.00032767 0 -0.000166084 -0.000496689 -0.000727778 0.000143701
internal_weight=15803 3616 2385 1773 12187 1447 10740 5313 524 271 612 357 72 902 640 539 459 4789 1090 1231 436 871 819 331 205 539 285 150 89 253
internal_count=15803 3616 2385 1773 12187 1447 10740 5313 524 271 612 357 72 902 640 539 459 4789 1090 1231 436 871 819 331 205 539 285 150 89 253
is_linear=0
shrinkage=0.01


Tree=145
num_leaves=31
num_cat=2
split_feature=14 13 19 0 21 26 18 18 20 13 23 19 22 13 11 22 34 21 18 20 13 22 7 14 13 14 0 13 25 13
split_gain=6.5118 3.65213 1.98157 1.82737 1.63896 1.51251 2.39813 2.68892 1.40226 2.30649 1.45309 1.71956 1.22613 1.08773 0.952148 0.767183 0.761395 0.705524 0.705509 0.599052 0.491535 0.469778 0.452061 0.425884 0.381418 0.282484 0.256101 0.365746 0.31958 0.289489
threshold=0.58481550752069722 1445.3702879915786 6.9499999999999975 0 753.00000000000011 25.875000000000004 0.1000000000000089 1.1000000000000021 23.575000000000006 1604.0368201529059 2425.1300000000006 7.1499999999999995 1070.5000000000002 1400.7628576443744 106.90449676503836 1800.5000000000002 5.3750000000000009 997.50000000000011 0.20000000000001514 29.63928571428572 1362.0634496714219 670.50000000000011 132.50000000000003 0.95752911693909493 1634.2606852497099 0.93845596220871974 1 1813.053984087245 2050.5000000000005 2394.0003750000005
decision_type=2 2 2 9 2 2 2 2 2 2 2 2 2 2 2 2 2 2 2 2 2 2 2 2 2 2 9 2 2 2
left_child=8 2 4 12 13 6 16 -8 9 10 11 18 14 20 24 -13 -5 22 -1 -16 -2 -10 -7 -15 -3 -19 -11 28 -28 -29
right_child=1 3 -4 5 -6 17 7 -9 21 26 -12 15 -14 23 19 -17 -18 25 -20 -21 -22 -23 -24 -25 -26 -27 27 29 -30 -31
leaf_value=0.82898167397067579 -0.38466419749971109 -0.065930613340985933 0.078709108347019843 0.60490584245219936 -0.70210581252235571 -0.32306689554726936 -0.98255005247712601 -0.36886002089986009 -0.0048034718177812977 1.560093573454727 2.4474395575515766 -0.33967314978122259 0.40946079111761874 0.010480146885813318 -0.46145005060599681 -1.0082532029159827 -0.43415036186457878 0.6837186354975664 -0.47767794521061979 0.0028653289332377964 -1.0377835165755369 1.3817186340040986 0.31286762256718137 -0.86778116773448521 0.14544389178593761 -0.10061120269173542 -0.1505493177951025 3.5492130721486617 1.7871610580363364 -1.5221329950018867
leaf_weight=304 40 273 101 216 35 440 84 89 139 1695 237 306 1888 82 279 69 429 362 100 177 52 6321 93 32 450 304 320 641 242 33
leaf_count=304 40 273 101 216 35 440 84 89 139 1695 237 306 1888 82 279 69 429 362 100 177 52 6321 93 32 450 304 320 641 242 33
internal_value=0.000202507 -7.6838e-05 -0.0010758 -7.47295e-06 -0.00156818 -0.000242357 -0.000575092 -0.00162931 0.000349106 0.000195922 -0.000208456 -0.000423718 0.000144087 -0.00114493 -0.000102119 -0.000910904 -0.000274768 -8.74999e-06 4.93828e-06 -0.000463895 -0.00197849 0.000441108 -0.000287453 -0.000373913 0.000112569 0.0001994 0.000339529 0.000206897 1.77621e-06 0.000365926
internal_weight=15833 5426 342 5084 241 2017 818 173 10407 3947 1016 779 3067 206 1179 375 645 1199 404 456 92 6460 533 114 723 666 2931 1236 562 674
internal_count=15833 5426 342 5084 241 2017 818 173 10407 3947 1016 779 3067 206 1179 375 645 1199 404 456 92 6460 533 114 723 666 2931 1236 562 674
cat_boundaries=0 1 2
cat_threshold=188666 2289889
is_linear=0
shrinkage=0.01


Tree=146
num_leaves=31
num_cat=3
split_feature=10 32 13 16 0 11 14 11 0 20 10 16 25 33 25 16 7 12 7 12 14 14 29 14 33 11 27 11 0 28
split_gain=7.35098 3.34152 4.90053 1.88992 1.97388 1.29828 1.27424 1.69381 1.92751 1.43065 1.8592 1.80574 1.22403 1.14639 1.12841 0.919042 0.864931 0.73924 0.729728 0.654713 0.631776 1.3224 0.622633 0.620908 0.545385 0.523155 0.410157 0.39744 0.330195 0.483556
threshold=1095.8571428571431 2.5999999999999934 1503.9307694914683 0.97872324816535838 0 68.443579004830653 0.82414472752956958 215.41902560178247 1 23.575000000000006 1735.7857142857144 -0.91597725483594616 1302.2000000000003 0.69999999999999962 2450.5000000000005 0.98519415784776321 316.50000000000006 1396.6833333333336 132.50000000000003 2035.4000000000003 -0.75579217237767959 -0.9259986516102553 28.475000000000005 0.95242846126021108 1.5500000000000003 102.10347225497806 4.7500000000000009 129.99404689483515 2 30.125000000000004
decision_type=2 2 2 2 9 2 2 2 9 2 2 2 2 2 2 2 2 2 2 2 2 2 2 2 2 2 2 2 9 2
left_child=1 2 3 4 18 28 9 24 13 10 11 -2 16 19 -15 23 -12 -13 -1 -9 21 -3 -6 -7 -8 -26 -23 -27 29 -4
right_child=6 20 5 -5 22 15 7 8 -10 -11 12 17 -14 14 -16 -17 -18 -19 -20 -21 -22 26 -24 -25 25 27 -28 -29 -30 -31
leaf_value=-1.1356325881797311 -0.71902718078445471 0.56807111281232159 0.091686527647185947 -0.52780588401153605 -0.091176767766013911 -0.0027842693095072135 0.90244048900267071 -0.98087316231956656 0.14074276274042785 1.8701797857556457 0.11029624229939733 -0.19620937751300319 2.6527052894411054 -1.0671073868574497 -0.29797273153634346 -0.79213094876704826 -0.81021728889019839 0.23960557386200307 -0.14567021509920083 0.19444975230394701 0.51632246281656691 -0.043144497692840289 -0.67864584610381684 -0.35823327637269586 0.80151665989883836 -0.78735071017554659 -0.47792849130378512 -0.12272795823232832 0.10831305249887242 -0.27275384992704316
leaf_weight=96 55 100 87 41 224 606 1092 46 245 6113 116 496 2606 49 57 43 40 869 31 54 864 30 214 715 118 50 32 105 606 33
leaf_count=96 55 100 87 41 224 606 1092 46 245 6113 116 496 2606 49 57 43 40 869 31 54 864 30 214 715 118 50 32 105 606 33
internal_value=0.000201876 -0.000185066 -0.000371524 -0.00116474 -0.000984982 -0.000136298 0.000321623 7.04458e-05 -0.000452434 0.000364948 0.000217786 -7.0373e-05 0.000369526 -0.00113825 -0.00193458 -0.000320879 -0.000458599 0 -0.00207609 -0.00029703 0.000295034 -0.000239264 -0.000581292 -0.000264372 0.000250732 -0.000122263 -0.0014127 -0.000528846 0.000196699 -0.000229008
internal_weight=15833 3722 2696 606 565 2090 12111 1816 451 10295 4182 1420 2762 206 106 1364 156 1365 127 100 1026 162 438 1321 1365 273 62 155 726 120
internal_count=15833 3722 2696 606 565 2090 12111 1816 451 10295 4182 1420 2762 206 106 1364 156 1365 127 100 1026 162 438 1321 1365 273 62 155 726 120
cat_boundaries=0 1 2 3
cat_threshold=4097 4019201 2621448
is_linear=0
shrinkage=0.01


Tree=147
num_leaves=31
num_cat=4
split_feature=10 18 13 11 16 0 16 16 14 14 11 0 12 28 20 10 0 25 26 7 0 14 7 33 18 18 16 16 18 18
split_gain=7.50216 3.84821 4.49381 1.90044 1.83073 1.71306 1.10812 1.07425 1.01258 0.947286 1.55037 1.63757 1.14956 1.44171 1.12517 1.38118 1.54441 1.18674 0.962217 0.896958 0.733861 1.01338 1.94181 0.615305 0.580181 1.05346 0.510008 0.30648 0.287437 0.276597
threshold=1171.5000000000002 2.5999999999999934 1516.9172005800544 68.443579004830653 0.97872324816535838 0 0.97872324816535838 -0.93881210897455081 0.95242846126021108 0.82899317702918729 215.41902560178247 1 2075.9000000000005 26.725000000000005 23.675000000000004 1735.7857142857144 2 1302.2000000000003 21.425000000000001 316.50000000000006 3 -0.68430824382591193 252.50000000000003 1.4500000000000004 0.10000000000000007 0.60000000000001519 0.20391355282604837 -0.84829621879359263 38.950000000000003 0.69999999999998674
decision_type=2 2 2 2 2 9 2 2 2 2 2 9 2 2 2 2 9 2 2 2 9 2 2 2 2 2 2 2 2 2
left_child=1 2 5 -4 8 24 7 -7 -5 14 29 12 13 -12 15 16 18 19 -2 -17 21 22 28 -14 26 -26 -1 -18 -3 -11
right_child=9 20 3 4 -6 6 -8 -9 -10 10 11 -13 23 -15 -16 17 27 -19 -20 -21 -22 -23 -24 -25 25 -27 -28 -29 -30 -31
leaf_value=-0.69752851002565597 0.52982563543922423 -0.48416215469463492 0.12125625226892726 0.010272967955049638 -0.85212496070196553 -0.62191564572100189 -0.44989380532102202 -0.11195648213859423 -0.35452833395696076 1.0306806081765039 -1.266316256648496 0.16289471508846948 0.22006863433686238 -0.22082992742120083 2.43729348993975 0.18431112623781026 -0.24732720252210383 2.6577449640466351 -0.49784209511052124 -0.80211511600129681 0.56994160841637009 0.29078890204703689 0.56801068729686721 -0.64123884838565393 -1.6416386079484684 -0.62915685155048251 0.043349693988703746 0.40657941886053733 -0.39982209147196673 -0.11318113866824776
leaf_weight=51 139 31 787 739 57 100 52 411 776 1067 33 215 57 52 5511 121 52 2665 264 40 946 442 59 83 51 30 30 797 30 145
leaf_count=51 139 31 787 739 57 100 52 411 776 1067 33 215 57 52 5511 121 52 2665 264 40 946 442 59 83 51 30 30 797 30 145
internal_value=0.000203139 -0.000135859 -0.000339708 -0.000123093 -0.000326764 -0.00102961 -0.000694251 -0.000536133 -0.000252309 0.00034251 0.000112523 -0.000385488 -0.000963983 -0.00194767 0.000381074 0.000249816 -1.9154e-05 0.00037248 -0.000527778 -0.000429012 0.000274354 0 -0.000826446 -0.00035461 -0.00195954 -0.00279878 -0.00121341 0.000214535 -0.00208871 0.000301731
internal_weight=15833 4592 3084 2359 1572 725 563 511 1515 11241 1652 440 225 85 9589 4078 1252 2826 403 161 1508 562 120 140 162 81 81 849 61 1212
internal_count=15833 4592 3084 2359 1572 725 563 511 1515 11241 1652 440 225 85 9589 4078 1252 2826 403 161 1508 562 120 140 162 81 81 849 61 1212
cat_boundaries=0 1 2 3 4
cat_threshold=4097 4019217 592922 2633733
is_linear=0
shrinkage=0.01


Tree=148
num_leaves=31
num_cat=4
split_feature=14 12 0 0 20 12 16 34 22 16 20 33 18 14 20 12 28 0 24 11 21 5 22 20 22 11 19 15 3 18
split_gain=6.23277 3.70571 1.80504 1.57204 1.28531 1.68062 2.66019 1.46512 1.28398 3.38524 1.17083 1.34905 1.99709 1.14336 1.17676 1.11167 0.817358 0.810749 0.901844 0.710661 0.581371 0.471823 0.43073 0.428879 0.376219 0.367928 0.325676 0.312098 0.291378 0.499568
threshold=0.58481550752069722 779.75000000000011 0 1 23.810714285714294 1887.2000000000003 -0.89405649444168434 4.0250000000000012 1070.5000000000002 0.9962888416657264 26.967857142857145 2.4499999999999971 0.29999999999998678 0.97112537654464559 25.26071428571429 567.21666666666681 28.925000000000004 2 1304.2000000000003 116.75166926848841 620.50000000000011 1.0000000180025095e-35 1610.5000000000002 22.325000000000006 670.50000000000011 80.795597377609511 0.099999999999999964 -0.9575230291762723 3 0.20000000000000892
decision_type=2 2 9 9 2 2 2 2 2 2 2 2 2 2 2 2 2 9 2 2 2 2 2 2 2 2 2 2 9 2
left_child=4 2 20 10 5 6 7 -1 9 19 11 12 -3 15 21 -4 -17 27 -19 -5 -2 -15 -7 -9 -6 -12 -27 -8 29 -10
right_child=1 3 13 8 24 22 17 23 28 -11 25 -13 -14 14 -16 16 -18 18 -20 -21 -22 -23 -24 -25 -26 26 -28 -29 -30 -31
leaf_value=-0.74227508751038751 -0.43079763910927882 -0.35996694295246728 -0.85864460121040964 0.074291269006582547 -0.0033046171558345221 -0.12787256636514488 -0.41822559289767308 -0.048034822332921688 0.31037745838146613 -0.95269837722206374 0.13702448926994618 0.49880467416468899 -0.9498666290697636 0.12711451241093646 -1.6216728843876778 0.10112000633502163 -0.77037071871425367 -0.17321548472802484 0.22118886081216929 -0.22081887681977747 0.11509140996420851 -0.67303403672519968 2.8489209823981652 -0.66514587603907038 1.4300125021400192 0.3304508274723974 -0.23198269116068304 0.80568904654586904 0.61978508679380351 -0.30047193733073507
leaf_weight=44 59 392 33 737 138 185 44 80 813 30 189 111 66 30 72 128 190 314 464 386 189 76 2342 35 5946 137 253 815 1389 146
leaf_count=44 59 392 33 737 138 185 44 80 813 30 189 111 66 30 72 128 190 314 464 386 189 76 2342 35 5946 137 253 815 1389 146
internal_value=0.00020377 -6.94675e-05 -0.000708869 3.53764e-05 0.000347185 0.0002108 -1.78074e-05 -0.00125312 0.000142511 -0.00012435 -0.000281277 -0.00060614 -0.000851852 -0.0010287 -0.00173743 -0.000666193 -0.000442006 9.67644e-05 -0.00012801 -2.53559e-05 0 -0.000906542 0.000377176 -0.000538793 0.000442399 1.63793e-05 -0.000140665 0.00030977 0.000278416 0.000123196
internal_weight=15833 5426 777 4649 10407 4323 1796 159 3501 1153 1148 569 458 529 178 351 318 1637 778 1123 248 106 2527 115 6084 579 390 859 2348 959
internal_count=15833 5426 777 4649 10407 4323 1796 159 3501 1153 1148 569 458 529 178 351 318 1637 778 1123 248 106 2527 115 6084 579 390 859 2348 959
cat_boundaries=0 1 2 3 4
cat_threshold=51394 3478528 59617 8
is_linear=0
shrinkage=0.01


Tree=149
num_leaves=31
num_cat=5
split_feature=10 15 13 0 0 14 20 12 16 11 0 19 0 26 16 10 17 34 13 12 19 11 21 0 13 13 14 23 16 23
split_gain=7.43688 2.8987 3.75332 1.40625 1.28518 1.16291 1.44402 1.81477 1.41867 1.41093 1.46965 1.65008 0.992372 0.975324 0.975311 0.903471 0.854064 1.4172 0.801649 1.05522 0.606987 0.595089 0.572829 0.560752 0.529683 0.400665 0.95538 0.270835 0.265872 0.256212
threshold=1121.5000000000002 -0.6905596507703472 1481.8598763368984 0 1 0.82414472752956958 23.703571428571433 1473.8333333333337 -0.59263320653766849 120.30219386211995 2 0.69999999999999962 3 23.925000000000004 0.97872324816535838 647.21428571428589 -0.24372464231556024 5.4450000000000012 1604.0368201529059 2601.8500000000004 0.39999999999999963 113.38934190281458 637.50000000000011 4 1905.6241626421563 1413.2120551650394 0.57077594689671507 950.50000000000011 -0.84829621879359263 1170.5000000000002
decision_type=2 2 2 9 9 2 2 2 2 2 9 2 9 2 2 2 2 2 2 2 2 2 2 9 2 2 2 2 2 2
left_child=1 15 3 -3 21 6 7 8 -2 29 -11 13 -13 -12 24 25 22 -18 19 -9 -16 -4 -5 -10 -6 26 -1 -23 -20 -7
right_child=5 2 4 16 14 9 -8 18 23 10 11 12 -14 -15 20 -17 17 -19 28 -21 -22 27 -24 -25 -26 -27 -28 -29 -30 -31
leaf_value=0.14515938889954338 -0.62714864254320246 -0.97039353094939185 0.15141011518708877 -0.59221365846967278 -0.27483785255242849 -0.33477266439681269 2.0915520712563929 -0.3701563541905295 0.4401964189420855 0.37725212525091961 -1.0328350757949349 -0.88637289727156432 -0.31694628296481703 0.1786516441491266 -0.77173693217446782 0.3356057642055621 -0.1762250672861298 -0.69828840929482894 0.46581522102288825 2.2228653259993774 -0.43445331750641136 0.03886232696069223 -0.019049624259743343 -0.23365419011650623 0.08918019149690172 0.015966458815570069 -0.69995112548931349 -0.23160833697474636 2.1472476362941304 1.2123511773915967
leaf_weight=30 43 100 612 88 1029 66 5742 296 234 360 44 110 174 223 41 1134 66 33 635 296 39 217 172 336 225 62 31 182 2428 785
leaf_count=30 43 100 612 88 1029 66 5742 296 234 360 44 110 174 223 41 1134 66 33 635 296 39 217 172 336 225 62 31 182 2428 785
internal_value=0.000202507 -0.00016482 -0.000345098 -0.001175 -0.000177962 0.000330077 0.000372091 0.000228156 -0.000266287 8.56495e-05 -0.000180373 -0.000506228 -0.00104561 1.30597e-05 -0.000381413 0.000229332 -0.000758108 -0.001605 0.000313868 -6.74535e-06 -0.00148148 8.36595e-05 -0.000421456 -0.000113835 -0.000305179 -0.000552419 -0.00112097 -0.00020125 0.00037908 0.000382042
internal_weight=15833 4061 2804 459 2345 11772 10010 4268 613 1762 911 551 284 267 1334 1257 359 99 3655 592 80 1011 260 570 1254 123 61 399 3063 851
internal_count=15833 4061 2804 459 2345 11772 10010 4268 613 1762 911 551 284 267 1334 1257 359 99 3655 592 80 1011 260 570 1254 123 61 399 3063 851
cat_boundaries=0 1 2 3 4 5
cat_threshold=4097 49370 698414 2364544 2146375
is_linear=0
shrinkage=0.01


Tree=150
num_leaves=31
num_cat=5
split_feature=10 32 13 26 12 7 10 15 16 12 25 14 13 0 10 32 21 28 18 25 0 10 17 16 0 0 32 0 32 12
split_gain=6.44157 2.24187 2.31804 1.14371 1.52602 1.81009 0.947606 1.39024 1.90127 2.74783 0.98465 0.794514 0.948858 1.53534 0.739154 0.931991 0.735301 0.730029 1.48149 0.624337 0.508097 0.611616 0.732032 1.21717 0.454575 0.33754 0.187182 0.184964 0.638074 0.179835
threshold=1121.5000000000002 2.2000000000000157 1509.6108158276284 23.375000000000004 1193.5000000000002 47.500000000000007 2321.5000000000005 0.2332836900311728 -0.8983350073998303 2026.1666666666667 1099.7100000000003 0.60555468348150676 1647.720770821051 0 1521.5000000000002 0.19999999999998672 1100.5000000000002 29.675000000000001 0.10000000000001512 2842.5000000000005 1 1107.214285714286 -0.029024744910506859 0.69522491211780757 2 3 101.05000000000003 4 52.800000000000018 1580.8000000000002
decision_type=2 2 2 2 2 2 2 2 2 2 2 2 2 9 2 2 2 2 2 2 9 2 2 2 9 9 2 9 2 2
left_child=1 2 3 4 5 -1 7 19 9 10 -9 29 13 -13 15 -10 -14 25 -19 27 21 22 23 -3 -16 -5 -22 28 -2 -4
right_child=6 20 11 17 -6 -7 -8 8 14 -11 -12 12 16 -15 24 -17 -18 18 -20 -21 26 -23 -24 -25 -26 -27 -28 -29 -30 -31
leaf_value=-0.61764457036044085 1.0179157586215826 0.0063211287844557682 0.23099247291068178 -0.45711252099968497 -0.11989414983657092 -0.50506739583125682 4.2659670564237322 -0.4582088597557325 0.28050680106394621 0.98982588565159457 -0.75034122690640259 -0.389833397890474 0.020305239188986413 6.9210998539581963e-05 0.20566728550337179 -0.3944637807373409 -0.29325304221748211 -0.10672418580559055 -0.84045767556301831 -0.25781165414192203 0.55777206295186399 -0.33587016408053211 0.50147540626706266 -0.40299162392709953 1.2579226960323755 -0.001475389542623211 -0.1741828163390666 1.4591369943119876 -0.99347134442770768 -0.035308151651004163
leaf_weight=31 253 114 254 123 65 55 3804 54 813 194 101 256 1145 259 727 275 196 91 52 96 679 32 336 40 1994 230 30 3455 85 30
leaf_count=31 253 114 254 123 65 55 3804 54 813 194 101 256 1145 259 727 275 196 91 52 96 679 32 336 40 1994 230 30 3455 85 30
internal_value=0.000217045 -0.000127146 -0.000285689 -0.0008125 -0.00160855 -0.00249425 0.000334585 0.000270067 0.000139216 -0.000558571 -0.00155449 -0.000121439 -0.000200323 -0.00056686 0.000205906 -5.50963e-06 -5.17884e-05 -0.000547284 -0.00117014 0.000407326 0.00022362 0 7.12831e-05 -0.000470968 0.000294085 -0.000264124 0.000395139 0.000428703 0.000140401 0.000357895
internal_weight=15869 4018 2787 647 151 86 11851 8047 4158 349 155 2140 1856 515 3809 1088 1341 496 143 3889 1231 522 490 154 2721 353 709 3793 338 284
internal_count=15869 4018 2787 647 151 86 11851 8047 4158 349 155 2140 1856 515 3809 1088 1341 496 143 3889 1231 522 490 154 2721 353 709 3793 338 284
cat_boundaries=0 1 2 3 4 5
cat_threshold=2637937 2634245 1313809 12289 8196
is_linear=0
shrinkage=0.01


Tree=151
num_leaves=31
num_cat=5
split_feature=10 32 13 26 12 14 11 10 11 16 28 14 0 33 29 16 13 3 18 10 10 0 10 10 0 0 13 19 17 16
split_gain=6.34788 2.24187 2.31804 1.14371 1.52602 1.81009 1.12419 0.999858 2.14379 1.46601 2.03192 1.7313 1.87407 1.55976 0.930868 0.808113 0.561615 0.492071 1.23848 1.39654 0.67309 0.490781 0.490189 0.456428 0.450778 0.448402 0.672986 0.36291 0.247159 0.373457
threshold=1121.5000000000002 2.2000000000000157 1509.6108158276284 23.375000000000004 1193.5000000000002 0.72695311118111527 77.728158775767625 2321.5000000000005 217.39726637650776 -0.8983350073998303 24.175000000000004 0.8697513045430848 0 136.35000000000005 30.675000000000004 0.98213580174693105 1905.6241626421563 1 6.2000000000000091 1735.7857142857144 1200.0714285714287 2 1057.714285714286 1452.3571428571429 3 4 1591.6102953767124 305.35000000000008 -0.029024744910506859 0.69522491211780757
decision_type=2 2 2 2 2 2 2 2 2 2 2 2 9 2 2 2 2 9 2 2 2 9 2 2 9 9 2 2 2 2
left_child=1 2 3 4 5 -1 25 8 17 10 13 23 -13 -10 24 16 -8 18 20 -20 -2 22 28 -11 -5 26 -4 -24 29 -3
right_child=7 21 6 14 -6 -7 15 -9 9 11 -12 12 -14 -15 -16 -17 -18 -19 19 -21 -22 -23 27 -25 -26 -27 -28 -29 -30 -31
leaf_value=-0.61146812465683664 -0.17748194217368707 0.056941760019728713 -0.26527526914683014 -0.0053043765302775037 -0.11869520833820524 -0.50001672187294444 -0.28208525311574201 4.2233073858594956 -0.56892830092611268 -0.030035156160798961 1.5816327050696277 -0.93807664884934638 0.0041577628799812239 -1.2477199876351976 -0.69707843925420843 -0.73268872943404717 0.073381643828805049 1.2537694474059158 -1.3786978785337183 0.46798801138853874 0.87996034786711597 0.50878739646821836 -0.018784048450248669 1.7458661994552196 -0.40015202989537352 0.1003260080442548 0.056857160953455964 -0.40135111108447535 0.6163614769220026 -0.19206535275017736
leaf_weight=31 140 124 53 229 65 55 943 3804 133 316 121 116 189 36 32 53 285 4258 44 49 1488 600 134 1157 235 590 216 38 304 31
leaf_count=31 140 124 53 229 65 55 943 3804 133 316 121 116 189 36 32 53 285 4258 44 49 1488 600 134 1157 235 590 216 38 304 31
internal_value=0.000214524 -0.000127146 -0.000285689 -0.0008125 -0.00160855 -0.00249425 -0.000121439 0.00033121 0.000265097 -7.73319e-06 -0.000670103 9.49972e-05 -0.000580065 -0.00138529 -0.000547284 -0.000311622 -0.000248983 0.00036112 0.000202367 -0.000888298 0.00027256 0.00022362 8.56699e-06 0.000241859 -0.000404301 0.000150581 -0.0001625 -0.000427746 0.000194565 -8.01282e-05
internal_weight=15869 4018 2787 647 151 86 2140 11851 8047 2068 290 1778 305 169 496 1281 1228 5979 1721 93 1628 1231 631 1473 464 859 269 172 459 155
internal_count=15869 4018 2787 647 151 86 2140 11851 8047 2068 290 1778 305 169 496 1281 1228 5979 1721 93 1628 1231 631 1473 464 859 269 172 459 155
cat_boundaries=0 1 2 3 4 5
cat_threshold=3477569 8 2635269 2197572 2639881
is_linear=0
shrinkage=0.01


Tree=152
num_leaves=31
num_cat=6
split_feature=10 32 13 20 19 10 11 34 7 14 14 13 0 11 19 34 13 10 0 10 0 3 32 10 10 19 17 15 0 0
split_gain=6.07752 2.11679 2.41546 1.23483 1.65526 0.959598 2.16304 1.90649 2.0552 1.36225 0.923241 1.13916 1.63318 1.01166 0.8471 0.688162 0.597292 0.508745 0.490781 0.490189 0.417304 0.378669 0.846652 0.969192 0.589261 0.36291 0.247159 0.337483 0.244766 0.183234
threshold=1121.5000000000002 2.2000000000000157 1481.8598763368984 23.282142857142862 5.9499999999999975 2321.5000000000005 217.39726637650776 3.9150000000000005 306.50000000000006 0.8697513045430848 0.60555468348150676 1647.720770821051 0 85.91246929834243 0.74999999999999656 3.9950000000000006 1386.8921891390303 1512.9285714285718 1 1057.714285714286 2 3 1.9000000000000021 1757.214285714286 1192.9285714285718 305.35000000000008 -0.029024744910506859 -0.38243420677835349 4 5
decision_type=2 2 2 2 2 2 2 2 2 2 2 2 9 2 2 2 2 2 9 2 9 9 2 2 2 2 2 2 9 9
left_child=1 2 3 4 -1 6 21 17 9 -9 -4 12 -12 -13 -5 -10 -16 20 19 26 -8 22 24 -24 -2 -21 27 -3 -19 -23
right_child=5 18 10 14 -6 -7 7 8 15 -11 11 13 -14 -15 16 -17 -18 28 -20 25 -22 29 23 -25 -26 -27 -28 -29 -30 -31
leaf_value=-0.59841868655723085 -0.17611305548724421 -0.22756386594203373 0.10315547035399657 -0.03905735158560783 -0.14239387015442398 4.1810743120009004 -0.468144290889977 1.1495951246609508 -0.85394415076498409 -0.35617158808070143 -0.39547259750900504 0.13225292536267683 -0.056166690188992362 -0.17404372528895354 -0.15774145194481543 -0.53498937763773413 -0.6479256657193031 -0.13617102383458854 0.50369952250353667 -0.01859620796574624 0.95290173954314772 0.51976190543097311 -0.85219054308357789 0.80484453081965701 0.97090757915794756 -0.39733759997363011 0.61019786215278304 0.078072439645408165 2.6856321542162305 1.3255699005839501
leaf_weight=38 119 56 312 184 54 3804 108 428 59 305 259 532 338 809 111 177 150 100 600 134 147 639 90 67 1445 38 304 99 744 3619
leaf_count=38 119 56 312 184 54 3804 108 428 59 305 259 532 338 809 111 177 150 100 600 134 147 639 90 67 1445 38 304 99 744 3619
internal_value=0.000217045 -0.000117193 -0.000271341 -0.000876394 -0.00197849 0.00033121 0.000266339 -7.73319e-06 -0.000335567 -5.92643e-05 -0.000122168 -0.000206808 -0.00057107 -3.68852e-05 -0.000622197 -0.00114768 -0.000990458 0.000272273 0.00022362 8.56699e-06 -8.78906e-05 0.000362793 0.000219688 -0.000452532 0.000295208 -0.000427746 0.000194565 -8.01282e-05 0.000392899 0.000416725
internal_weight=15869 4018 2787 537 92 11851 8047 2068 969 733 2250 1938 597 1341 445 236 261 1099 1231 631 255 5979 1721 157 1564 172 459 155 844 4258
internal_count=15869 4018 2787 537 92 11851 8047 2068 969 733 2250 1938 597 1341 445 236 261 1099 1231 631 255 5979 1721 157 1564 172 459 155 844 4258
cat_boundaries=0 1 2 3 4 5 6
cat_threshold=2638897 2635269 1053730 8 10240 10756
is_linear=0
shrinkage=0.01


Tree=153
num_leaves=31
num_cat=6
split_feature=10 32 13 20 33 10 11 34 7 14 14 13 0 11 28 32 0 21 10 0 16 10 13 0 3 18 10 10 18 0
split_gain=6.12162 1.97271 2.2682 1.29871 1.35817 0.972612 2.07067 1.84147 1.89596 1.36225 0.925533 1.10721 1.63406 0.820246 0.639665 0.953477 0.533692 0.523781 0.508745 0.474447 0.499909 0.449181 0.490709 0.417304 0.396646 0.841973 0.972302 0.67309 0.333628 0.244766
threshold=1121.5000000000002 2.4000000000000155 1481.8598763368984 23.282142857142862 5.9499999999999975 2321.5000000000005 217.39726637650776 3.9150000000000005 306.50000000000006 0.8697513045430848 0.60555468348150676 1647.720770821051 0 85.91246929834243 29.675000000000001 0.20000000000001514 1 637.50000000000011 1512.9285714285718 2 0.14889030080148793 1057.714285714286 1586.6440994166035 3 4 6.2000000000000091 1757.214285714286 1200.0714285714287 33.050000000000004 5
decision_type=2 2 2 2 2 2 2 2 2 2 2 2 9 2 2 2 9 2 2 9 2 2 2 9 9 2 2 2 2 9
left_child=1 2 3 4 -1 6 24 18 9 -9 -4 12 -12 -13 17 -16 -10 -5 23 20 -3 28 -23 -8 25 27 -27 -2 -22 -20
right_child=5 19 10 14 -6 -7 7 8 16 -11 11 13 -14 -15 15 -17 -18 -19 29 -21 21 22 -24 -25 -26 26 -28 -29 -30 -31
leaf_value=-0.59045314059079057 -0.17394599219707771 0.4648840747835854 0.10212391565045703 -0.4021152524696226 -0.1443825710240858 4.1392635688808914 -0.46346284798107706 1.138099173414342 -0.34061365874499444 -0.35260987219989487 -0.39107626134297341 0.13105855645566133 -0.05417205097062034 -0.17136049522068786 -0.10695599443998687 -0.86072489105367711 -0.75892402256629032 0.075328604126301088 -0.13480931359624307 0.53505912620106222 -0.049198768944817582 -0.036052026624660928 -0.38747912968836318 0.94337272214771661 1.2303520447837013 -1.2173162824001167 0.57436860032950532 0.86145166859686495 0.12505250070705606 2.6587758326740691
leaf_weight=40 140 336 312 165 52 3804 108 428 107 305 260 533 340 818 94 33 129 155 100 565 81 68 41 147 4258 51 42 1488 125 744
leaf_count=40 140 336 312 165 52 3804 108 428 107 305 260 533 340 818 94 33 129 155 100 565 81 68 41 147 4258 51 42 1488 125 744
internal_value=0.000215785 -0.000119681 -0.000267214 -0.000852778 -0.00197849 0.000330366 0.000265097 -2.89994e-06 -0.000325258 -5.92643e-05 -0.000123012 -0.000207223 -0.000565724 -4.03106e-05 -0.000594866 -0.00122266 -0.00110549 -0.000311526 0.000272273 0.000211997 8.30817e-06 -0.000261076 -0.000777273 -8.78906e-05 0.000359448 0.000213915 -0.000675532 0.00027256 0 0.000392899
internal_weight=15869 4018 2802 539 92 11851 8047 2068 969 733 2263 1951 600 1351 447 127 236 320 1099 1216 651 315 109 255 5979 1721 93 1628 206 844
internal_count=15869 4018 2802 539 92 11851 8047 2068 969 733 2263 1951 600 1351 447 127 236 320 1099 1216 651 315 109 255 5979 1721 93 1628 206 844
cat_boundaries=0 1 2 3 4 5 6
cat_threshold=2638897 2203746 3683845 1053730 8 10240
is_linear=0
shrinkage=0.01


Tree=154
num_leaves=31
num_cat=5
split_feature=22 32 30 7 0 18 13 34 29 13 13 11 28 28 12 16 25 0 24 0 25 11 28 30 17 0 16 0 25 32
split_gain=4.42083 2.28495 1.59549 1.33073 1.72013 1.9757 2.1246 1.0859 0.997562 0.830729 0.812468 0.835703 1.08301 0.759347 1.24139 2.55843 0.892419 0.714042 0.8802 0.459658 0.76973 0.43613 0.412277 0.692278 0.345619 0.394785 0.750207 0.319079 0.408248 0.312053
threshold=1050.4500000000003 0.70000000000001517 28.475000000000005 109.50000000000001 0 0.20000000000001514 1754.1054353459447 7.8950000000000005 21.975000000000005 1876.3042325817323 1509.6108158276284 106.3294484021025 28.825000000000006 22.525000000000002 2065.0166666666669 -0.89405649444168434 1099.7100000000003 1 700.50000000000011 2 1851.3050000000001 99.963444887695118 29.725000000000005 23.375000000000004 0.029024409397335523 3 0.69522491211780757 4 715.50000000000011 159.75000000000003
decision_type=2 2 2 2 9 2 2 2 2 2 2 2 2 2 2 2 2 9 2 9 2 2 2 2 2 9 2 9 2 2
left_child=1 2 10 4 5 7 8 9 -7 -2 22 -12 -13 14 15 16 -5 18 21 20 -15 -4 23 -1 25 -3 -27 28 -26 -21
right_child=3 24 17 13 -6 6 -8 -9 -10 -11 11 12 -14 19 -16 -17 -18 -19 -20 29 -22 -23 -24 -25 27 26 -28 -29 -30 -31
leaf_value=-0.46247666327029174 0.53179641893910512 0.21717743750761515 -0.50159500771087173 -0.16461419443172456 0.44607828541687922 -0.18586794530994702 -0.037680409361691168 -0.83356031308791734 -0.92505595533318552 -0.29106399183053855 -0.0065550821837501837 -0.1693625431943668 -0.57223252075085773 1.2396800969187276 2.4135674621935128 0.27370238552733622 -0.67700085010898325 0.029514602374409355 -0.019926901585212313 1.6433703792149257 -1.0864928169854469 -0.051077381229713295 -0.65231605145929361 -0.28027094558056848 -0.26701401418149573 0.0025397432622703822 -0.35634460683890468 0.7372137946305849 0.75611921131535309 -0.129537860011706
leaf_weight=105 875 213 67 51 2457 41 156 30 88 285 355 238 84 148 1170 576 119 927 205 6272 48 37 41 167 42 228 48 676 59 61
leaf_count=105 875 213 67 51 2457 41 156 30 88 285 355 238 84 148 1170 576 119 927 205 6272 48 37 41 167 42 228 48 676 59 61
internal_value=0.000216415 -9.56198e-05 -0.000290525 0.000305259 0.000148996 -0.000116083 -0.000865385 5.4576e-05 -0.00181154 0.000111972 -0.000590313 -0.000370944 -0.000739938 0.000376806 0.000191967 -0.000116466 -0.00119883 -4.20372e-05 -0.000454687 0.000429479 -9.66182e-06 -0.00121905 -0.00103025 -0.000820513 0.000239148 9.18369e-06 -0.000216028 0.000370823 -8.48214e-05 0.000443963
internal_weight=15869 3492 2226 12377 3932 1475 285 1190 129 1160 990 677 322 8445 1916 746 170 1236 309 6529 196 104 313 272 1266 489 276 777 101 6333
internal_count=15869 3492 2226 12377 3932 1475 285 1190 129 1160 990 677 322 8445 1916 746 170 1236 309 6529 196 104 313 272 1266 489 276 777 101 6333
cat_boundaries=0 1 2 3 4 5
cat_threshold=4004880 538656 516 34040 8256
is_linear=0
shrinkage=0.01


Tree=155
num_leaves=31
num_cat=6
split_feature=10 15 13 0 14 11 29 0 13 12 11 21 15 12 0 7 10 14 0 18 11 0 18 26 32 0 21 13 12 15
split_gain=7.16935 3.10226 3.04245 1.76473 1.71869 1.97481 1.66438 1.47398 1.65537 1.59093 1.44172 1.62776 1.11035 2.29302 3.1309 1.53703 0.699168 1.39779 0.642447 1.05834 0.614777 0.599314 0.572583 0.558978 0.535481 0.354041 0.417734 0.333232 0.312241 0.310178
threshold=1114.3571428571429 -0.65883892954715351 1578.723381342166 0 0.82414472752956958 123.92393980643335 29.725000000000005 1 1775.1799099896712 2106.1500000000001 172.25742087822027 951.50000000000011 0.51849435583340198 1698.2833333333335 2 346.50000000000006 1747.214285714286 -0.57780908558020239 3 0.20000000000000182 69.006555934220117 4 0.19999999999998672 30.075000000000006 0.30000000000000893 5 951.50000000000011 1937.8684139002137 663.01666666666677 -0.45273527932988084
decision_type=2 2 2 9 2 2 2 9 2 2 2 2 2 2 9 2 2 2 9 2 2 9 2 2 2 9 2 2 2 2
left_child=1 18 3 10 12 -6 24 8 -7 -10 11 -3 -2 14 15 -14 17 -15 19 -1 25 29 -9 -23 -5 26 -4 -24 -20 -22
right_child=4 2 20 6 5 7 -8 22 9 -11 -12 -13 13 16 -16 -17 -18 -19 28 -21 21 23 27 -25 -26 -27 -28 -29 -30 -31
leaf_value=-0.27165856120974508 1.6737193171119285 -0.71840252683676664 -0.2045364558349862 -0.21924171427890141 1.0696066130290547 1.8602449781961077 -0.8004967738247486 0.078819931761693399 -1.2043720631774388 -0.53554948638737965 0.20981339124251691 -0.86068184495756694 -0.59857404557266469 -0.71583042308843914 0.40590052542911836 0.1327128254113967 2.384348335260575 0.50717767456695184 -0.003438974478828502 0.15828079853164739 -0.20185746252348583 -0.41092307710326337 -0.5093239164552894 -0.0057938112449745184 0.070228434278119006 0.11235849664995003 0.076530857454184517 -0.012131767119240227 0.50831961030048578 0.049482986915364381
leaf_weight=78 5163 196 64 390 873 55 67 560 66 99 31 51 189 46 731 74 3456 434 145 280 58 492 75 211 149 425 42 54 740 512
leaf_count=78 5163 196 64 390 873 55 67 560 66 99 31 51 189 46 731 74 3456 434 145 280 58 492 75 211 149 425 42 54 740 512
internal_value=0.000186816 -0.000181714 -0.000374117 -0.000856497 0.000309658 1.73864e-05 -0.000497569 -0.000302747 -0.000995671 -0.0015512 -0.00152595 -0.00184073 0.000360264 0.000248428 -0.000173869 -0.00108942 0.000357633 0 0.000226286 -0.000111111 -0.000131856 -0.000253925 -5.07143e-05 -0.000446078 -0.000297222 0.000141917 -0.000316239 -0.000657692 0.000371094 0
internal_weight=15806 3931 2688 884 11875 1782 606 909 220 165 278 247 10093 4930 994 263 3936 480 1243 358 1804 1273 689 703 539 531 106 129 885 570
internal_count=15806 3931 2688 884 11875 1782 606 909 220 165 278 247 10093 4930 994 263 3936 480 1243 358 1804 1273 689 703 539 531 106 129 885 570
cat_boundaries=0 1 2 3 4 5 6
cat_threshold=2101249 3473425 1120274 552964 2179099 2621449
is_linear=0
shrinkage=0.01


Tree=156
num_leaves=31
num_cat=4
split_feature=10 32 13 14 11 0 13 22 20 24 0 0 13 14 11 29 13 14 14 0 23 34 32 10 16 32 18 20 26 10
split_gain=6.78169 2.48407 3.19487 1.60369 1.84891 1.38716 1.55478 1.65078 1.37708 1.77172 1.62596 1.37028 1.26453 1.02637 0.981199 0.859504 0.757771 0.666467 1.48239 0.598875 0.596951 0.684897 0.633511 0.546062 1.89525 0.465236 0.457577 0.350296 0.279025 0.266545
threshold=1114.3571428571429 2.5999999999999934 1558.6058893657607 0.82414472752956958 123.92393980643335 0 1775.1799099896712 2250.5000000000005 23.575000000000006 1627.5000000000002 1 2 1714.2017182588686 0.97875492728876534 77.728158775767625 23.825000000000006 1970.9477842152451 -0.75579217237767959 -0.9259986516102553 3 753.00000000000011 5.9250000000000007 0.19999999999998228 1801.6428571428576 -0.93881210897455081 33.450000000000024 0.19999999999998672 21.657142857142862 22.925000000000004 1107.214285714286
decision_type=2 2 2 2 2 9 2 2 2 2 9 9 2 2 2 2 2 2 2 9 2 2 2 2 2 2 2 2 2 2
left_child=1 2 11 8 -5 6 -6 -8 9 10 12 13 -2 15 -4 -1 19 18 -3 -16 21 -13 -22 24 -11 -20 28 -12 -7 -19
right_child=3 17 14 4 5 26 7 -9 -10 23 27 20 -14 -15 16 -17 -18 29 25 -21 22 -23 -24 -25 -26 -27 -28 -29 -30 -31
leaf_value=-0.79072444942047471 -0.53380384225931043 0.29460965676998163 0.070661788893832636 1.0589105468987645 1.8416425284141469 -0.54552583232912055 -1.1538102731077704 -0.10952709428023377 1.8076840576969784 -0.59046505819579487 1.0020527348172785 0.084682480687700568 1.0676542525447255 -1.5833941353140533 -0.071217857436603499 -0.3747686889559757 0.21028800712693951 0.42068570954851098 -0.49785327792026068 -0.42781840963269013 -0.2141562956374973 -0.40108244309265462 -0.47058116689440715 2.2926345778620889 0.55961493823471264 -0.11727968768898349 -0.45715001794129639 -0.046801882614539235 0.097659374607141594 -0.046142432228587833
leaf_weight=34 202 97 745 873 55 30 93 72 5938 54 327 146 71 38 458 100 183 925 40 551 163 320 48 2443 643 31 129 415 530 52
leaf_count=34 202 97 745 873 55 30 93 72 5938 54 327 146 71 38 458 100 183 925 40 551 163 320 48 2443 643 31 129 415 530 52
internal_value=0.000191877 -0.000166455 -0.000329028 0.000311342 2.86035e-05 -0.000280769 -0.000952381 -0.00149096 0.000360264 0.000215953 -0.000140256 -0.000841765 -0.000786972 -0.0016612 -9.88132e-05 -0.00120741 -0.000279966 0.000220332 -0.000331361 -0.000391584 -0.000583576 -0.000357602 -0.00105896 0.000334288 6.94843e-05 -0.00145139 -3.64286e-05 9.42895e-05 7.13013e-05 0.000325665
internal_weight=15806 3931 2786 11875 1782 909 220 165 10093 4155 1015 849 273 172 1937 134 1192 1145 168 1009 677 466 211 3140 697 71 689 742 560 977
internal_count=15806 3931 2786 11875 1782 909 220 165 10093 4155 1015 849 273 172 1937 134 1192 1145 168 1009 677 466 211 3140 697 71 689 742 560 977
cat_boundaries=0 1 2 3 4
cat_threshold=3473425 1120274 4097 2163867
is_linear=0
shrinkage=0.01


Tree=157
num_leaves=31
num_cat=5
split_feature=10 15 13 0 14 20 10 28 13 20 13 0 0 33 25 21 14 33 19 33 0 32 26 0 21 25 13 13 25 14
split_gain=6.82955 3.03034 2.66868 2.05973 1.52845 1.38611 1.68522 1.22209 1.17595 1.81718 2.39846 1.17043 1.02642 1.04876 0.986012 0.95951 1.79896 0.752204 0.67311 0.70814 0.597444 1.03945 0.48547 0.477577 0.542434 0.574825 0.441647 0.435979 0.421649 0.429257
threshold=1114.3571428571429 -0.65883892954715351 1578.723381342166 0 0.82414472752956958 23.575000000000006 1747.214285714286 29.325000000000006 1734.6673334119394 26.032142857142862 1937.8684139002137 1 2 82.850000000000023 1302.2000000000003 951.50000000000011 0.98213580174693105 162.65000000000006 0.69999999999999962 1.6499999999999986 3 0.20000000000000892 23.575000000000006 4 1100.5000000000002 1593.0000000000002 1803.4637214061493 1528.9897051262917 1100.5000000000002 0.98522604642031408
decision_type=2 2 2 9 2 2 2 2 2 2 2 9 9 2 2 2 2 2 2 2 9 2 2 9 2 2 2 2 2 2
left_child=1 20 3 15 5 6 12 22 -6 10 -10 -12 -2 -14 17 16 -3 -8 -11 -20 21 -1 -5 28 26 -26 -25 -9 29 -4
right_child=4 2 23 7 8 -7 14 27 9 18 11 -13 13 -15 -16 -17 -18 -19 19 -21 -22 -23 -24 24 25 -27 -28 -29 -30 -31
leaf_value=-0.46994426474627388 0.39981303242307492 -0.37113983237414189 -0.027888988355226459 -0.21921037402758159 1.9934720275800015 1.7896072171200086 0.0035568979545720848 -0.81277658798425323 -0.99284219899150938 1.2397768295719718 -1.0063666706935745 0.15379150989860788 -0.30667650494611121 0.19714495717158406 2.3927996823166819 -0.65117797662890531 -0.84636846394479281 -0.66906978810411655 -0.4322153110121274 0.030105248301675484 0.16948507379213928 0.14417538076228023 0.015739230589545513 -0.22618798712609978 -0.021742337745054491 -0.92287281735434012 0.064521831793918891 -0.56104429460097227 0.14060802385347243 -0.9225989715550551
leaf_weight=49 659 161 324 220 572 5938 130 57 111 522 102 257 567 151 2618 63 54 30 40 178 1041 153 299 473 49 68 361 30 488 41
leaf_count=49 659 161 324 220 572 5938 130 57 111 522 102 257 567 151 2618 63 54 30 40 178 1041 153 299 473 49 68 361 30 488 41
internal_value=0.000190612 -0.000168998 -0.000359241 -0.000811299 0.0003105 0.000358282 0.000213547 -0.000432739 3.4212e-05 -0.000136251 -0.000626327 -0.000195833 -6.64006e-05 -0.00033059 0.000355883 -0.00152595 -0.00116898 -0.000372671 0.000161943 -0.000278539 0.000234325 -0.000230047 -0.000231731 -0.000131856 -0.000285343 -0.000944915 -0.000183234 -0.00155114 3.06713e-05 -0.000211749
internal_weight=15806 3931 2688 884 11875 10093 4155 606 1782 1210 470 359 1377 718 2778 278 215 160 740 218 1243 202 519 1804 951 117 834 87 853 365
internal_count=15806 3931 2688 884 11875 10093 4155 606 1782 1210 470 359 1377 718 2778 278 215 160 740 218 1243 202 519 1804 951 117 834 87 853 365
cat_boundaries=0 1 2 3 4 5
cat_threshold=2101249 3212306 2154689 24580 82011
is_linear=0
shrinkage=0.01


Tree=158
num_leaves=31
num_cat=0
split_feature=10 7 14 11 14 13 20 13 24 16 13 28 13 26 18 13 28 24 7 21 13 24 11 14 15 33 23 21 10 21
split_gain=6.60072 3.86015 1.92317 2.2153 1.63103 2.2267 1.48547 1.98022 1.51495 1.61476 1.36541 1.17303 1.17426 1.08271 1.3933 0.937385 0.891432 0.480005 0.404449 0.389764 0.448897 0.381896 0.643537 0.342392 0.303299 0.291218 0.225349 0.466706 0.219871 0.263358
threshold=968.64285714285722 47.500000000000007 0.82414472752956958 116.75166926848841 0.98213580174693105 1638.6099825251204 23.775000000000006 1691.7203926083248 2646.7200000000007 -0.88269356368534635 1711.5579419251592 29.075000000000006 1474.7430667656129 22.975000000000005 0.099999999999986697 1394.7048805886573 23.375000000000004 1197.5000000000002 85.500000000000014 500.50000000000006 1445.3702879915786 1450.5000000000002 408.68546527102711 0.77244481603295057 0.63089349388778826 6.8499999999999979 1210.5000000000002 1248.8100000000002 1121.5000000000002 1095.0000000000002
decision_type=2 2 2 2 2 2 2 2 2 2 2 2 2 2 2 2 2 2 2 2 2 2 2 2 2 2 2 2 2 2
left_child=1 -1 6 26 11 16 7 8 9 -2 -5 19 15 -12 -15 -13 -6 -7 -19 20 -3 22 -9 -14 -21 -18 27 -4 29 -8
right_child=2 4 3 10 5 17 28 21 -10 -11 13 12 23 14 -16 -17 25 18 -20 24 -22 -23 -24 -25 -26 -27 -28 -29 -30 -31
leaf_value=-0.59637748164380766 -0.62275469333912081 -0.46979831296658853 0.50765388917697007 1.2906163710872705 0.018379678307468748 0.073761926804157205 0.75705099546557619 0.24595238735771152 2.4235610319232532 -0.078038546391738267 -1.0603248994128618 -0.17431279303763803 0.03289317973678671 -0.15458573333295539 -0.475865604835984 -0.95848076479528477 -0.88381175303356119 -0.58280813216635918 -0.017578981827089061 0.12060722103231841 0.058863993440580978 1.8543520108781584 -0.14996627913695454 -0.1287024927032939 -0.10398696965898166 -0.61651444060869098 1.154382243360585 -0.5869968525420427 1.8912063610729519 -0.0048173470520233479
leaf_weight=51 134 30 202 257 41 265 384 308 448 1165 48 96 198 669 207 91 93 47 74 1009 36 2670 44 432 67 131 722 46 5593 248
leaf_count=51 134 30 202 257 41 265 384 308 448 1165 48 96 198 669 207 91 93 47 74 1009 36 2670 44 432 67 131 722 46 5593 248
internal_value=0.000193142 -0.000259016 0.000285448 7.20262e-06 -0.000201072 -0.000635736 0.000338972 0.000202201 -6.09268e-05 -0.000238846 -0.000278765 -5.12755e-05 -0.000344132 -0.000462703 -0.000367161 -0.00104521 -0.00134398 -0.000121447 -0.000651639 0.000149606 -0.000552239 0.000357592 1.69972e-05 -0.000118859 0.000202414 -0.00159111 0.000365602 5.62249e-05 0.000442098 0.000230648
internal_weight=15806 2661 13145 2151 2610 651 10994 4769 1747 1299 1181 1959 817 924 876 187 265 386 121 1142 66 3022 352 630 1076 224 970 248 6225 632
internal_count=15806 2661 13145 2151 2610 651 10994 4769 1747 1299 1181 1959 817 924 876 187 265 386 121 1142 66 3022 352 630 1076 224 970 248 6225 632
is_linear=0
shrinkage=0.01


Tree=159
num_leaves=31
num_cat=5
split_feature=10 15 13 14 11 20 24 0 16 28 26 11 0 19 20 11 16 7 10 19 0 32 13 0 28 10 16 0 17 25
split_gain=6.49809 2.75712 2.96494 1.53802 1.78758 1.35731 1.67811 1.42164 1.26543 1.20658 1.27842 1.19429 1.18251 1.80716 0.98859 0.915893 0.962919 0.891549 0.610235 0.581394 0.59002 0.869988 0.665492 0.55165 0.549514 0.531873 1.89525 0.530501 0.521364 0.276501
threshold=1114.3571428571429 -0.6905596507703472 1509.6108158276284 0.82414472752956958 123.92393980643335 23.575000000000006 1627.5000000000002 0 -0.70291267844185523 29.725000000000005 23.625000000000004 145.62672232694848 1 0.69999999999999962 24.696428571428577 69.006555934220117 0.97872324816535838 64.500000000000014 968.64285714285722 0.94999999999999307 2 0.099999999999982256 1394.7048805886573 3 28.775000000000002 1801.6428571428576 -0.93881210897455081 4 -0.43733099657705293 1210.5000000000002
decision_type=2 2 2 2 2 2 2 9 2 2 2 2 9 2 2 2 2 2 2 2 9 2 2 9 2 2 2 9 2 2
left_child=1 19 9 5 -5 6 7 8 -2 10 11 -3 13 14 -6 27 24 -15 -18 20 21 22 -1 -12 -17 26 -8 28 -4 -27
right_child=3 2 15 4 12 -7 25 -9 -10 -11 23 -13 -14 17 -16 16 18 -19 -20 -21 -22 -23 -24 -25 -26 29 -28 -29 -30 -31
leaf_value=-0.19900981578697219 -0.78094796900673202 -0.50224802127868162 0.0008164379427883972 1.0425117251598093 -1.1302914185211486 1.7528543612331529 -0.60003716267315654 0.22624492802366139 -0.29332075203097135 -1.2463201406186128 0.060066636827749938 0.11487855352505108 0.019557629638439791 -0.20704486149654347 0.31500178247560057 -0.006570893040893761 -0.78294175186538117 -0.87823365347330484 -0.41057649599916818 0.52114192896360323 0.053782832950442297 0.037152128648869284 -0.65296990863998328 -0.42411267678854792 -0.33015559656652388 -0.071948131258889547 0.53093177387558799 0.078796393047826638 -0.39428658396320315 2.814568084071889
leaf_weight=32 36 161 79 873 33 5938 54 686 293 72 135 45 539 64 156 614 38 117 33 906 174 49 32 173 797 91 643 556 35 2352
leaf_count=32 36 161 79 873 33 5938 54 686 293 72 135 45 539 64 156 614 38 117 33 906 174 49 32 173 797 91 643 556 35 2352
internal_value=0.000194408 -0.000156282 -0.000332603 0.000311342 3.4212e-05 0.000359273 0.000215953 -0.000130413 -0.000663235 -0.000965928 -0.000763107 -0.00138647 -0.00026978 -0.000695538 0 -0.000155132 -0.000296022 -0.00142582 -0.00145139 0.00023995 -0.000126736 -0.000673387 -0.00150769 -0.00031068 -0.000229816 0.000331105 6.94843e-05 0.00014158 -0.000424 0.000401596
internal_weight=15806 3931 2738 11875 1782 10093 4155 1015 329 586 514 206 909 370 189 2152 1482 181 71 1193 287 113 64 308 1411 3140 697 670 114 2443
internal_count=15806 3931 2738 11875 1782 10093 4155 1015 329 586 514 206 909 370 189 2152 1482 181 71 1193 287 113 64 308 1411 3140 697 670 114 2443
cat_boundaries=0 1 2 3 4 5
cat_threshold=1120282 3478608 129028 33860 2625544
is_linear=0
shrinkage=0.01


Tree=160
num_leaves=31
num_cat=3
split_feature=10 10 15 33 0 33 0 32 19 10 13 0 28 15 10 16 20 21 29 28 16 15 16 20 33 14 25 33 13 14
split_gain=6.41321 2.11766 1.78453 1.67608 2.37417 1.7675 1.44624 1.63455 1.36089 1.17871 1.10162 0.993309 1.5452 0.82725 0.94232 1.68449 1.68343 0.701592 0.66691 0.584978 0.560018 0.529629 0.457697 0.453779 0.389928 0.378664 0.373647 0.34891 0.280411 0.490698
threshold=843.21428571428589 1278.6428571428576 0.1318557721318592 3.2499999999999933 0 0.099999999999999964 1 1.000000000000002 2.2499999999999933 1021.5000000000001 1400.7628576443744 2 23.275000000000002 0.37247810748448967 2214.3571428571436 -0.89405649444168434 21.896428571428576 877.50000000000011 29.125000000000004 29.775000000000002 -0.90893575921103265 0.99611390731392835 -0.59263320653766849 21.096428571428579 6.3499999999999979 0.98522604642031408 1550.5000000000002 8.75 1995.4744598542068 0.94978112945126536
decision_type=2 2 2 2 9 2 9 2 2 2 2 9 2 2 2 2 2 2 2 2 2 2 2 2 2 2 2 2 2 2
left_child=6 2 11 4 5 -4 7 8 10 -6 20 12 -2 28 15 16 -15 -8 -19 -12 -1 22 -5 -17 25 -10 -14 -26 -3 -30
right_child=1 13 3 21 9 -7 17 -9 24 -11 19 -13 26 14 -16 23 -18 18 -20 -21 -22 -23 -24 -25 27 -27 -28 -29 29 -31
leaf_value=-0.83921260407387399 -0.51669423010002757 2.3409452513175517 -0.075337134602197695 -0.069183724709041813 -0.55557727033286231 -0.5348962674984773 0.0095228662977163616 0.13321929782682884 -1.600319290230612 0.18294926883403961 -0.036156106547155356 0.33234939234277194 0.15619472062350528 -0.77799808763058864 2.7584577192330904 1.6533050753791543 -0.25957187480714128 -0.53070894655743783 0.0021535792094169717 -0.64733263747308745 -0.19538328491786444 -0.93191869194686949 0.23461168527074494 0.12512605596276233 0.034621751700095828 -0.71663953212342979 -0.15208598693834124 -0.80868812119274358 0.7208739746906675 -0.22868382949546484
leaf_weight=31 32 4579 75 73 61 161 864 167 32 246 346 2125 459 63 2447 1032 240 43 40 175 30 31 422 1654 31 39 104 32 165 60
leaf_count=31 32 4579 75 73 61 161 864 167 32 246 346 2125 459 63 2447 1032 240 43 40 175 30 31 422 1654 31 39 104 32 165 60
internal_value=0.000207409 0.000280435 7.5066e-05 -0.000266822 -0.000659007 -0.00138462 -0.000346805 -0.000635906 -0.000853556 -2.04402e-05 -0.00061578 0.000213157 -0.000136139 0.000355434 0.000266323 0.000141973 -0.000554276 -5.8977e-05 -0.000934524 -0.000439655 -0.00192742 0.000119545 0.000216734 0.000224414 -0.0018 -0.00242361 0 -0.000914062 0.00045411 5.53097e-05
internal_weight=15859 14029 3789 1069 543 236 1830 883 716 307 582 2720 595 10240 5436 2989 303 947 83 521 61 526 495 2686 134 71 563 63 4804 225
internal_count=15859 14029 3789 1069 543 236 1830 883 716 307 582 2720 595 10240 5436 2989 303 947 83 521 61 526 495 2686 134 71 563 63 4804 225
cat_boundaries=0 1 2 3
cat_threshold=3215523 653313 537152
is_linear=0
shrinkage=0.01


Tree=161
num_leaves=31
num_cat=3
split_feature=10 32 13 0 15 11 0 16 33 14 13 17 16 31 12 11 16 15 14 26 14 13 28 13 0 13 14 10 25 13
split_gain=6.44036 2.668 3.08455 1.49467 1.62591 1.47583 1.10502 1.00136 1.23485 1.20121 1.20565 0.927512 1.66689 0.880884 1.08877 2.1628 1.38394 1.1245 1.12355 0.841238 0.692713 0.607584 0.528532 0.466365 0.546658 0.858963 0.365358 0.357085 0.338678 0.315186
threshold=1178.6428571428576 1.2000000000000199 1481.8598763368984 0 -0.64580103137750788 134.96031162637129 1 0.97872324816535838 0.39999999999999963 0.94978112945126536 1964.2221316122079 0.052657569964411031 0.69522491211780757 1.0000000180025095e-35 2116.7000000000003 197.33522101713413 -0.81862078084264434 0.63089349388778826 0.86113431103781346 23.375000000000004 0.7210268013660811 1445.3702879915786 23.275000000000002 2394.0003750000005 2 2565.3109110169494 0.92602006027323147 1050.214285714286 725.50000000000011 1641.3143167721489
decision_type=2 2 2 9 2 2 9 2 2 2 2 2 2 2 2 2 2 2 2 2 2 2 2 2 9 2 2 2 2 2
left_child=1 2 3 4 -1 -6 11 9 20 29 -11 12 -3 14 15 -2 17 -17 -18 21 -9 -5 -13 -16 -25 -26 -15 -14 -21 -4
right_child=13 6 7 19 5 -7 -8 8 -10 10 -12 22 27 26 23 16 18 -19 -20 28 -22 -23 -24 24 25 -27 -28 -29 -30 -31
leaf_value=-0.098823355670128593 0.73379074331877192 -0.0001955416685850775 -0.0078997513180988719 -0.52416267635235914 -0.81085379390759937 -1.5204081380276853 0.45547055588862206 -0.71032799523290835 0.11074755218314358 -0.3862436181309537 0.10692794535521259 -0.19224941840763124 -0.068569357326796906 1.8128013300120456 2.7096144580615813 0.0071410145833397595 0.71407261822447798 -0.70203800272216543 -0.34430516371100789 -0.021695169208188213 -0.15105156761832103 -0.078191907750435927 0.46278189035579381 0.69101006241433627 -2.8050400479670454 0.060748361681270228 -0.33733772507547088 -0.55330806672903665 -0.53067731406552054 0.14972026714180545
leaf_weight=31 2133 161 498 39 57 33 1038 54 60 688 298 33 38 4775 2583 108 799 159 129 194 31 50 398 226 45 201 50 32 129 789
leaf_count=31 2133 161 498 39 57 33 1038 54 60 688 298 33 38 4775 2583 108 799 159 129 194 31 50 398 226 45 201 50 32 129 789
internal_value=0.000204887 -0.000106298 -0.000289465 -0.000980337 -0.00196591 -0.0028022 0.000205761 -0.000132699 -0.000941781 -7.62973e-05 -0.000341439 -0.000102526 -0.000622845 0.000334909 0.000253994 0.000124362 -0.00021112 -0.000845149 -1.72228e-05 -0.000600473 -0.00171512 -0.00150556 0.00015162 0.000391852 7.61099e-05 -0.00022179 0.000439805 -0.00190141 -0.000334877 0.000119177
internal_weight=15859 4651 2951 533 121 90 1700 2418 145 2273 986 662 231 11208 6383 3328 1195 267 928 412 85 89 431 3055 472 246 4825 70 323 1287
internal_count=15859 4651 2951 533 121 90 1700 2418 145 2273 986 662 231 11208 6383 3328 1195 267 928 412 85 89 431 3055 472 246 4825 70 323 1287
cat_boundaries=0 1 2 3
cat_threshold=4097 2634245 684106
is_linear=0
shrinkage=0.01


Tree=162
num_leaves=31
num_cat=0
split_feature=10 32 13 10 21 11 15 12 16 24 20 13 15 28 13 19 21 15 11 17 13 26 14 32 20 13 19 26 13 14
split_gain=6.44761 2.6628 2.61717 1.53286 2.33576 1.06021 0.881493 1.43266 2.51765 1.50446 0.820139 1.06287 0.754539 0.684484 0.677614 0.669285 0.667251 0.661405 0.61933 0.507379 0.460991 1.11249 0.404454 0.458291 0.354698 0.292871 0.567092 0.414793 0.280411 0.490698
threshold=1278.6428571428576 1.2000000000000199 1481.8598763368984 1071.7857142857144 753.00000000000011 77.728158775767625 0.37247810748448967 2116.7000000000003 -0.84829621879359263 2392.5000000000005 21.096428571428579 1876.3042325817323 -0.30164489695395946 23.075000000000006 1951.1993495172658 6.2500000000000009 637.50000000000011 -0.5129677127369543 401.60021847663035 -0.039769286347669845 1634.2606852497099 30.675000000000004 -0.9259986516102553 6.0000000000000098 22.282142857142862 2190.0938914027156 102.45000000000003 25.525000000000002 1995.4744598542068 0.94978112945126536
decision_type=2 2 2 2 2 2 2 2 2 2 2 2 2 2 2 2 2 2 2 2 2 2 2 2 2 2 2 2 2 2
left_child=1 2 3 4 16 20 28 8 9 18 -10 -12 -7 17 -14 -6 -1 -3 -8 22 21 -4 -15 -24 -22 -9 27 -27 -2 -30
right_child=6 13 5 -5 15 12 7 25 10 -11 11 -13 14 19 -16 -17 -18 -19 -20 -21 24 -23 23 -25 -26 26 -28 -29 29 -31
leaf_value=-0.70179588250906055 2.3051429298862272 -0.33970657504339991 0.035759570889624545 0.54560031760194194 -0.56354992814705596 0.087491183610535317 -0.34174897959944589 2.7938288527190598 1.8171846330889756 -0.97306474108069807 0.13280101450885984 -1.0495231382856758 -0.30969477909102888 0.79640952334383541 0.022324505344851399 -0.19356198711069975 -0.18770775987471366 0.14515833513225093 -1.5506811335492714 0.65512835875707709 -0.22428533033149309 -0.13894034925419396 0.10984032751824016 -0.13881806177908437 0.14806109690242544 0.71445745694824103 -3.9836633884523778 -0.099505918159010845 0.71305775132694815 -0.23319585115409674
leaf_weight=224 4579 86 329 88 57 456 188 2825 819 31 1011 62 1043 178 242 43 170 120 48 1310 36 40 227 265 705 391 30 31 165 60
leaf_count=224 4579 86 329 88 57 456 188 2825 819 31 1011 62 1043 178 242 43 170 120 48 1310 36 40 227 265 705 391 30 31 165 60
internal_value=0.000202995 -6.77046e-05 -0.00024272 -0.000855918 -0.00107677 -0.00011378 0.000352505 0.000260806 5.53241e-05 -0.000845149 0.000188061 0 -0.000269518 0.000202561 -0.000394635 -0.00247525 -0.000691139 -0.000323671 -0.000514768 0.000262494 0.000121512 -0.00015 2.23547e-05 -0.000109533 0.000270216 0.000393075 0.00012362 0.000238771 0.00045411 5.53097e-05
internal_weight=15859 5619 3433 582 494 2851 10240 5436 2159 267 1892 1073 1741 2186 1285 100 394 206 236 1980 1110 369 670 492 741 3277 452 422 4804 225
internal_count=15859 5619 3433 582 494 2851 10240 5436 2159 267 1892 1073 1741 2186 1285 100 394 206 236 1980 1110 369 670 492 741 3277 452 422 4804 225
is_linear=0
shrinkage=0.01


Tree=163
num_leaves=31
num_cat=0
split_feature=10 10 20 16 12 25 15 12 16 14 20 20 29 20 20 14 11 19 14 21 19 32 20 28 20 22 25 25 11 23
split_gain=6.45109 2.13085 1.60297 1.55444 1.67922 1.12839 0.93133 1.42984 2.05649 1.05959 0.898574 1.47306 0.82186 0.819623 0.806248 0.801177 0.744296 0.649486 0.635768 1.16636 0.544401 0.433528 0.379812 0.462799 0.333341 0.327403 0.311888 0.263203 0.246845 0.209273
threshold=843.21428571428589 1341.0000000000002 23.18928571428572 0.97872324816535838 1234.866666666667 1749.7900000000002 0.34033495509342487 2116.7000000000003 -0.84829621879359263 -0.75579217237767959 23.63928571428572 23.067857142857147 28.825000000000006 30.407142857142862 21.096428571428579 0.98522604642031408 86.430539135490804 8.2999999999999954 0.534952257794027 695.50000000000011 0.099999999999999964 0.10000000000000007 20.925000000000004 23.025000000000002 23.996428571428577 600.50000000000011 1250.5000000000002 1690.5000000000002 109.28533067036183 1510.5000000000002
decision_type=2 2 2 2 2 2 2 2 2 2 2 2 2 2 2 2 2 2 2 2 2 2 2 2 2 2 2 2 2 2
left_child=10 2 3 22 -5 24 -3 8 9 -8 11 -1 15 18 -10 25 -7 -13 -14 -20 -18 -17 27 -24 26 -12 -4 -2 -26 -9
right_child=1 6 5 4 -6 16 7 29 14 -11 12 17 13 -15 -16 21 20 -19 19 -21 -22 -23 23 -25 28 -27 -28 -29 -30 -31
leaf_value=0.26223638022992718 0.68044202889273975 2.6853304141538668 -0.2246617120981986 -0.48340620761082004 -0.3351097078486906 0.33159913041198846 -0.03158052277526241 -0.22105964110305462 2.0605576175507805 -0.7659927704705769 -0.28709558916807948 -0.69580977010182576 0.010384893732616149 0.029015758023957297 0.0096174378033249824 -0.009671010693844375 0.14099504623244324 -0.53141241459968269 -0.75213445556480196 -0.14043842542788296 -0.22983559173825693 -0.65658630239324911 -0.2665099370021124 0.14444899012444368 0.56266640955009406 0.11997038207802137 0.48554199474808041 -0.11050175064910032 0.16887723179537947 2.1241133465108364
leaf_weight=48 162 4297 258 52 64 295 121 49 782 139 142 48 126 172 1059 82 150 43 264 365 261 57 303 153 1606 483 122 67 771 3318
leaf_count=48 162 4297 258 52 64 295 121 49 782 139 142 48 126 172 1059 82 150 43 264 365 261 57 303 153 1606 483 122 67 771 3318
internal_value=0.000203625 0.000276871 8.72216e-05 -0.000311097 -0.00138462 0.000182304 0.000358642 0.000267691 5.73264e-05 -0.000766284 -0.000352267 -0.00114643 -0.000280437 -0.000481142 0.000179425 -2.35294e-05 -0.000165488 -0.00189674 -0.000625 -0.000754762 -0.000447816 -0.000717857 -0.000112974 -0.00028884 0.000275018 0.000115815 0 0.000193478 0.000318966 0.000395932
internal_weight=15859 14029 4264 801 116 3463 9765 5468 2101 260 1830 139 1691 927 1841 764 706 91 755 629 411 139 685 456 2757 625 380 229 2377 3367
internal_count=15859 14029 4264 801 116 3463 9765 5468 2101 260 1830 139 1691 927 1841 764 706 91 755 629 411 139 685 456 2757 625 380 229 2377 3367
is_linear=0
shrinkage=0.01


Tree=164
num_leaves=31
num_cat=4
split_feature=10 10 15 0 0 10 18 13 0 28 15 10 16 23 7 13 29 11 29 14 14 10 10 13 25 0 14 25 10 25
split_gain=6.32588 2.16895 1.48073 1.4486 1.40082 1.82696 1.25246 1.8373 1.12547 1.44041 0.93133 0.979112 1.16963 0.664101 0.784492 0.66159 0.603759 0.54495 0.52591 0.66785 0.537994 0.517903 0.504608 0.757255 0.496363 0.483744 0.425964 0.39404 0.351733 0.323784
threshold=843.21428571428589 1341.0000000000002 0.1318557721318592 0 1 1021.5000000000001 1.000000000000002 1425.2054090185677 2 23.275000000000002 0.34033495509342487 1928.3571428571431 -0.8983350073998303 950.50000000000011 95.500000000000014 1641.3143167721489 24.125000000000004 141.42135623730962 29.625000000000004 0.75014288946266361 0.97112537654464559 1171.5000000000002 557.92857142857156 1584.1076928982275 1320.5000000000002 3 0.79904096188274243 1550.5000000000002 2321.5000000000005 2030.5000000000002
decision_type=2 2 2 9 9 2 2 2 9 2 2 2 2 2 2 2 2 2 2 2 2 2 2 2 2 9 2 2 2 2
left_child=3 2 8 6 5 17 7 -1 9 -2 -3 12 16 15 -15 18 -12 -4 20 -20 -5 -7 -9 -24 28 -14 -26 -11 -13 -6
right_child=1 10 4 13 29 21 -8 22 -10 27 11 24 25 14 -16 -17 -18 -19 19 -21 -22 -23 23 -25 26 -27 -28 -29 -30 -31
leaf_value=-0.80121204696988813 -0.51153681948531327 2.6584771100123277 -0.51950098928378252 0.011793450432192909 0.073795825492638731 -0.41303488270894284 0.14946325549344391 0.22703161914480427 0.34095847638033205 0.15960618007353097 -0.73100636736078228 -0.55189401794909887 -0.088075347962812439 -0.5314861214492228 0.26020676515841101 0.055482329210779301 1.4050718605779102 -0.58057287109273958 -0.0021295207031846847 -0.62932089105200395 -0.40228255730085932 -0.013165741632112487 -1.0226698898653033 -0.43297958929432773 3.6099588643685854 0.66013627887329762 0.14300946967515329 -0.15037471181304182 0.77547201166371194 -0.17245602980019725
leaf_weight=54 33 4297 30 537 643 160 63 30 2343 484 79 109 714 57 33 413 35 30 110 121 217 231 60 135 3020 956 483 125 72 185
leaf_count=54 33 4297 30 537 643 160 63 30 2343 484 79 109 714 57 33 413 35 30 110 121 217 231 60 135 3020 956 483 125 72 185
internal_value=0.000203625 0.000276158 8.48769e-05 -0.000346805 -0.000195703 -0.000637446 -0.000932011 -0.00125179 0.000208473 -0.000151608 0.000358642 0.000267691 6.83474e-05 -0.000197465 -0.00104396 -0.000136526 -0.000895652 -0.00229508 -0.00028144 -0.000709052 -0.000136424 -0.000368622 -0.000785398 -0.000982143 0.000361465 0.000140634 0.000388556 -2.54098e-05 -0.000107143 4.05244e-05
internal_weight=15859 14029 4264 1830 1279 451 342 279 2985 642 9765 5468 1784 1488 90 1398 114 60 985 231 754 391 225 195 3684 1670 3503 609 181 828
internal_count=15859 14029 4264 1830 1279 451 342 279 2985 642 9765 5468 1784 1488 90 1398 114 60 985 231 754 391 225 195 3684 1670 3503 609 181 828
cat_boundaries=0 1 2 3 4
cat_threshold=20481 3150978 537152 3673115
is_linear=0
shrinkage=0.01


Tree=165
num_leaves=31
num_cat=0
split_feature=10 13 18 21 19 10 11 34 7 20 15 10 20 32 21 20 16 12 19 10 10 15 10 7 29 11 19 28 15 16
split_gain=5.8107 1.8197 2.53356 1.20878 1.74676 1.11887 2.3485 1.32012 1.06781 1.60797 1.06682 0.769545 1.52528 0.575847 0.846276 0.663599 0.555604 1.12312 0.450556 1.14819 0.406639 0.475977 0.363783 0.43162 0.425766 0.321413 0.304774 0.254105 0.245378 0.246942
threshold=1114.3571428571429 1481.8598763368984 0.79999999999999993 795.50000000000011 6.2500000000000009 2321.5000000000005 217.39726637650776 3.7650000000000001 62.500000000000007 26.43928571428572 -0.63257203029273779 1100.214285714286 25.06071428571429 0.20000000000001514 650.50000000000011 28.082142857142863 0.97872324816535838 1234.866666666667 0.39999999999999963 671.50000000000011 1531.6428571428576 0.99611390731392835 1286.2857142857144 107.50000000000001 28.925000000000004 113.38934190281458 0.69999999999999962 23.075000000000006 0.29958852271690523 -0.98214488425316759
decision_type=2 2 2 2 2 2 2 2 2 2 2 2 2 2 2 2 2 2 2 2 2 2 2 2 2 2 2 2 2 2
left_child=1 2 3 13 -5 6 22 20 -9 -10 11 26 -13 14 -1 -15 18 -18 25 -20 21 -8 23 24 -2 -12 -3 -25 -24 -30
right_child=5 10 -4 4 -6 -7 7 8 9 -11 16 12 -14 15 -16 -17 17 -19 19 -21 -22 -23 28 27 -26 -27 -28 -29 29 -31
leaf_value=-0.46757046447748118 0.081132855541651644 -0.0063402773546704259 0.086234351449368959 -0.58008752826574927 -0.12728904209240155 3.8456614978921349 0.1853964572829731 0.77815382998852112 -0.51209694154467866 1.5684178728649767 0.13552650349955284 -0.41152087045072044 1.3905030578899056 -0.19590765606267624 0.084168817953986341 -0.86335939342161838 -0.65151576609911133 0.078798986374767593 -0.41698871439859064 -0.064182072372590743 2.4213532866298957 -0.73695298766873718 1.9234145086481147 -0.074191027271344356 -0.26515500694525351 -0.16580341852177036 0.44778203463966409 0.76103172492652282 -0.44881446945809061 0.84477695857641932
leaf_weight=218 430 102 303 47 61 3752 194 303 644 178 413 30 48 32 103 40 62 39 95 1316 712 35 2592 104 110 299 767 881 30 1948
leaf_count=218 430 102 303 47 61 3752 194 303 644 178 413 30 48 32 103 40 62 39 95 1316 712 35 2592 104 110 299 767 881 30 1948
internal_value=0.000197873 -0.000131413 -0.000556522 -0.00099502 -0.00198165 0.000308587 0.000240198 -4.69279e-05 -0.000281972 -0.000472661 -2.03342e-05 0.000256857 -0.00064557 -0.000694162 -0.000464286 -0.00156164 -0.000142921 -0.000877451 -0.000102872 -0.000208569 0.000223461 -0.00011087 0.000339157 0.000191678 -1.84843e-05 9.25666e-05 0.00035 0.000316937 0.00038613 0.000287519
internal_weight=15888 3975 804 501 108 11913 8161 2066 1125 822 3171 947 78 393 321 72 2224 101 2123 1411 941 229 6095 1525 540 712 869 985 4570 1978
internal_count=15888 3975 804 501 108 11913 8161 2066 1125 822 3171 947 78 393 321 72 2224 101 2123 1411 941 229 6095 1525 540 712 869 985 4570 1978
is_linear=0
shrinkage=0.01


Tree=166
num_leaves=31
num_cat=6
split_feature=10 15 13 14 34 0 20 13 0 23 24 7 16 18 0 29 33 33 0 23 0 32 33 29 24 15 0 7 34 32
split_gain=5.37265 1.93672 2.42638 1.26484 1.30199 1.39988 1.22202 1.2995 1.32241 1.12465 1.06855 1.01235 0.924065 0.865194 0.858663 0.845963 0.833035 0.816942 0.58838 0.589439 0.535193 0.738529 0.515832 0.460598 0.439689 0.424547 0.326297 0.496991 0.324456 0.321229
threshold=1142.9285714285718 -0.6905596507703472 1481.8598763368984 0.82899317702918729 6.2750000000000012 0 23.575000000000006 1738.893200549451 1 1445.0000000000002 2900.5000000000005 68.500000000000014 0.97872324816535838 1.800000000000002 2 29.325000000000006 0.39999999999999963 6.3499999999999979 3 1100.5000000000002 4 0.099999999999982256 1.4500000000000004 29.075000000000006 1450.5000000000002 -0.99168640063982161 5 195.50000000000003 4.6550000000000011 104.60000000000001
decision_type=2 2 2 2 2 9 2 2 9 2 2 2 2 2 9 2 2 2 9 2 9 2 2 2 2 2 9 2 2 2
left_child=1 20 13 6 5 9 7 8 10 -5 -2 -11 18 14 17 -16 -14 -3 19 -4 21 -1 -6 -24 -10 -23 27 -8 -20 -22
right_child=3 2 12 4 22 -7 26 -9 24 11 -12 -13 16 -15 15 -17 -18 -19 28 -21 29 25 23 -25 -26 -27 -28 -29 -30 -31
leaf_value=-0.42605433550962857 -0.42417404153341631 -0.69602496321690122 -0.2866440982116788 0.98667845806452981 1.3907362937472181 0.094456320471295707 1.9378463281216329 2.0522537530518239 -0.052225707405959866 -0.93840071354561805 1.576294347602412 -0.99818252801592511 -0.63289815043654318 0.031119117251207893 -0.17018073862316338 -0.98805116376417501 -0.1062418705062763 -0.15859596978986318 0.22131235976577393 0.058394217094070305 0.26456064198915386 -0.15530866886922706 -0.34729119412899162 0.95854891348833249 0.6256553082641102 0.21567616712323812 1.9445355761499741 -1.3022702994397148 -0.0096760846152969138 -0.32883794585585407
leaf_weight=51 366 74 618 49 910 461 101 2106 370 126 122 67 67 83 210 62 75 39 278 166 1010 35 34 121 1083 206 5622 54 1279 43
leaf_count=51 366 74 618 49 910 461 101 2106 370 126 122 67 67 83 210 62 75 39 278 166 1010 35 34 121 1083 206 5622 54 1279 43
internal_value=0.000199761 -0.000100535 -0.000245427 0.000311912 5.87903e-05 -0.000267756 0.000356438 0.000218256 2.60041e-05 -0.000865613 -0.000412826 -0.00125515 -0.000116143 -0.000908316 -0.00110751 -0.000650177 -0.000902098 -0.00188306 -6.38343e-05 -0.000286792 0.000209881 -0.000145215 0.000283771 -0.000208333 0.000182036 4.33884e-05 0.000451454 0 4.36862e-05 0.000316259
internal_weight=15888 4296 2951 11592 1768 703 9824 4047 1941 242 488 193 2483 468 385 272 142 113 2341 784 1345 292 1065 155 1453 241 5777 155 1557 1053
internal_count=15888 4296 2951 11592 1768 703 9824 4047 1941 242 488 193 2483 468 385 272 142 113 2341 784 1345 292 1065 155 1453 241 5777 155 1557 1053
cat_boundaries=0 1 2 3 4 5 6
cat_threshold=3216401 592914 2101248 2169377 28676 516
is_linear=0
shrinkage=0.01


Tree=167
num_leaves=31
num_cat=7
split_feature=10 7 13 0 34 7 14 11 20 13 0 16 0 32 0 32 0 16 0 10 11 25 16 20 29 20 0 12 30 12
split_gain=5.21608 1.6186 1.90982 2.74485 1.44274 1.21289 1.15696 2.14267 1.23929 1.33595 1.16967 1.26401 0.853371 0.941841 0.773166 0.720791 1.13108 0.700597 0.935326 1.37579 0.607677 0.79624 0.59567 0.622461 0.479714 0.469132 0.463453 0.417251 0.350365 0.349534
threshold=1142.9285714285718 132.50000000000003 1641.3143167721489 0 4.4650000000000007 45.500000000000007 0.82899317702918729 168.78825705178392 23.460714285714293 1738.893200549451 1 -0.96688789938088693 2 0.1000000000000089 3 0.10000000000000007 4 0.14889030080148793 5 1036.214285714286 68.443579004830653 2125.5700000000002 -0.90163369914317015 29.68214285714286 28.825000000000006 26.146428571428576 6 1480.7500000000002 27.525000000000002 1404.866666666667
decision_type=2 2 2 9 2 2 2 2 2 2 9 2 9 2 9 2 9 2 9 2 2 2 2 2 2 2 9 2 2 2
left_child=1 2 3 4 -1 -6 8 -8 9 10 11 -2 13 25 29 16 22 -17 19 -19 -16 -22 23 -3 26 -9 -5 -12 -26 -4
right_child=6 15 14 24 5 -7 7 12 -10 -11 27 -13 -14 -15 20 17 -18 18 -20 -21 21 -23 -24 -25 28 -27 -28 -29 -30 -31
leaf_value=0.079993383954078526 -1.0092259926885365 -0.52933650499027163 0.17552565682427027 0.03815447518668303 -0.64406444934992735 -0.62639868202076077 0.76326245214440702 -0.6825442582253084 1.8459898836181843 2.032809610009044 -0.052834382470848582 -0.19673183361130028 -0.024474273237356181 -1.1604413006604557 0.057253473925584386 0.24077977535154838 0.092660060105239042 0.091752339865783628 0.24663027326324519 -0.47431257008316535 -0.10604422306160323 -1.0264270632229791 -0.019424564801172224 -0.030548436833840752 -0.72281124450731926 0.4491573709322263 -0.41783807485658947 0.6495489238803499 -0.22264244911177192 -0.25391635221579678
leaf_weight=32 49 43 574 344 38 185 1159 139 5883 2068 307 503 363 42 181 969 165 67 373 85 481 112 44 30 72 65 216 1014 140 145
leaf_count=32 49 43 574 344 38 185 1159 139 5883 2068 307 503 363 42 181 969 165 67 373 85 481 112 44 30 72 65 216 1014 140 145
internal_value=0.000202278 -9.35536e-05 -0.000257834 -0.000589981 -0.00147556 -0.00182366 0.000312775 7.00961e-05 0.00035542 0.000213217 1.41409e-05 -0.000362345 -0.000402459 -0.000844358 -2.2423e-05 0.000133934 -0.000314488 0.000225418 -5.22814e-05 -0.000699386 -0.00024586 -0.000409933 -0.00102734 -0.00166892 -0.000260536 -0.000526829 -8.91265e-05 0.000180556 -0.000676056 0.000204795
internal_weight=15888 4296 2520 1027 255 223 11592 1768 9824 3941 1873 552 609 246 1493 1776 282 1494 525 152 774 593 117 73 772 204 560 1321 212 719
internal_count=15888 4296 2520 1027 255 223 11592 1768 9824 3941 1873 552 609 246 1493 1776 282 1494 525 152 774 593 117 73 772 204 560 1321 212 719
cat_boundaries=0 1 2 3 4 5 6 7
cat_threshold=2625537 1641490 3478545 1622043 125956 528389 76996
is_linear=0
shrinkage=0.01


Tree=168
num_leaves=31
num_cat=5
split_feature=14 23 20 13 23 16 19 19 19 15 13 14 0 0 23 21 0 26 12 15 23 0 15 25 23 0 25 13 11 11
split_gain=4.6912 2.3306 1.24267 1.59153 1.25172 2.14212 1.28765 1.14787 1.43098 4.45583 1.59595 1.38742 1.76401 1.03657 0.627885 0.622497 0.587407 0.903006 0.551957 0.482196 0.469263 0.476696 0.466749 0.523743 0.428621 0.397621 0.96464 0.393562 0.614692 0.368809
threshold=0.60555468348150676 637.50000000000011 23.810714285714294 1690.3684119030092 2400.5000000000005 -0.70291267844185523 152.15000000000006 0.2499999999999965 0.29999999999999999 0.67644692717078936 1624.1763295099065 0.878110924644389 0 1 850.50000000000011 650.50000000000011 2 22.975000000000005 857.01666666666677 -0.96904977397942549 775.50000000000011 3 0.29958852271690523 725.50000000000011 1210.5000000000002 4 1593.0000000000002 2394.0003750000005 466.34472732396233 113.38934190281458
decision_type=2 2 2 2 2 2 2 2 2 2 2 2 9 9 2 2 9 2 2 2 2 9 2 2 2 9 2 2 2 2
left_child=2 13 3 4 5 6 -1 16 9 -9 -11 14 -13 -2 -10 22 17 -3 29 -7 21 -4 23 -15 -19 26 -22 -5 -29 -18
right_child=1 7 20 27 -6 19 -8 8 11 10 -12 12 -14 15 -16 -17 18 24 -20 -21 25 -23 -24 -25 -26 -27 -28 28 -30 -31
leaf_value=-0.18401148260875919 0.058356288464627246 -1.6734845546141777 -0.20826465740512246 1.2120372380033002 1.6656648375201644 -0.34484251486225243 -1.0802959634569165 0.15728345243193567 -0.029489586617117973 -0.53932165017306577 -0.50538615262106179 -0.71686424032063034 -0.078469268245536558 -0.59967709991184559 0.70853555206741026 -0.32973974163670405 0.10256715181375028 -0.26991105436201335 0.48710205712465937 0.0093982277696213288 1.1254418234186434 0.08346626965933629 -0.28141387453047007 -0.82548501332555024 0.51161978631666472 1.3711756298992077 -1.4232470157680321 0.72660847955576624 -4.0804747252861757 -1.0221062666665783
leaf_weight=151 111 40 110 2618 434 45 37 151 257 55 52 248 1372 82 975 78 41 261 1141 1014 112 258 40 55 381 5617 43 44 30 35
leaf_count=151 111 40 110 2618 434 45 37 151 257 55 52 248 1372 82 975 78 41 261 1141 1014 112 258 40 55 381 5617 43 44 30 35
internal_value=0.000199131 -3.95275e-05 0.000322094 0.000188957 -4.72651e-05 -0.000213542 -0.00119577 1.48703e-05 -0.000101254 -0.000814672 -0.002375 -3.29478e-05 -0.000228254 -0.000809264 0.000215734 -0.00113722 0.000210263 -1.2987e-05 0.000340798 -2.87736e-05 0.000415242 3.79404e-05 -0.00152528 -0.00182246 6.37636e-05 0.000437554 -1.50602e-05 0.000340141 -0.000306667 -0.000415584
internal_weight=15888 5375 10513 4373 1681 1247 188 5009 3110 258 107 2852 1620 366 1232 255 1899 682 1217 1059 6140 368 177 137 642 5772 155 2692 74 76
internal_count=15888 5375 10513 4373 1681 1247 188 5009 3110 258 107 2852 1620 366 1232 255 1899 682 1217 1059 6140 368 177 137 642 5772 155 2692 74 76
cat_boundaries=0 1 2 3 4 5
cat_threshold=342016 1067248 1053808 10259 516
is_linear=0
shrinkage=0.01


Tree=169
num_leaves=31
num_cat=7
split_feature=10 15 0 14 11 20 12 0 11 20 11 17 29 0 12 11 0 11 10 24 0 28 28 25 12 0 33 0 14 12
split_gain=5.25321 1.7041 2.14637 1.10859 2.92897 1.23996 1.22868 1.30379 1.98932 1.07105 1.17006 1.80554 1.0366 0.898244 1.72482 0.680657 0.63243 0.772871 0.631798 0.696621 0.533753 0.489204 0.483977 0.422872 0.476333 0.365385 0.455238 0.316089 0.553621 0.296284
threshold=1142.9285714285718 -0.6905596507703472 0 0.88220160189607266 172.25742087822027 23.775000000000006 1586.8500000000001 1 197.33522101713413 30.68214285714286 181.60409495873083 -0.57078287476060374 27.475000000000005 2 2141.7500000000005 69.006555934220117 3 55.634864026433362 1801.6428571428576 2327.5000000000005 4 27.725000000000005 25.525000000000002 795.50000000000011 623.35000000000014 5 2.2499999999999933 6 -0.23537230790205757 986.23333333333346
decision_type=2 2 9 2 2 2 2 9 2 2 2 2 2 9 2 2 9 2 2 2 9 2 2 2 2 9 2 9 2 2
left_child=1 16 9 5 -5 6 7 8 -2 10 11 -3 13 14 -6 25 17 23 19 -8 29 -22 -15 24 -1 26 -4 28 -7 -17
right_child=3 2 15 4 12 27 18 -9 -10 -11 -12 -13 -14 22 -16 20 -18 -19 -20 -21 21 -23 -24 -25 -26 -27 -28 -29 -30 -31
leaf_value=0.032114830512333346 0.3126943123143725 -0.46226527726915345 -0.51923453226467264 0.69868396194014992 -1.1955203362089364 -1.3018055013206706 0.24976337711962199 0.1939435024050451 -1.0069892071295192 0.15644002160259543 0.21687091513996312 -0.57887190180289794 0.43140491847734491 0.063909139657611677 -0.29673178005100653 -0.10690027779817403 0.27240611034732592 0.20284683688848254 1.7827626368350777 -0.38344018166499172 -0.025614075135107748 -0.27756732683139829 -0.30877433971898882 0.063012452630759302 -0.46606071127912713 0.08761660119615737 0.47613008178301564 1.8844131636658055 1.7402511952137782 0.175856843797214
leaf_weight=32 99 407 64 1022 42 51 655 667 127 92 93 261 140 87 69 257 969 215 2731 123 385 483 92 69 60 601 48 5581 106 260
leaf_count=32 99 407 64 1022 42 51 655 667 127 92 93 261 140 87 69 257 969 215 2731 123 385 483 92 69 60 601 48 5581 106 260
internal_value=0.00020102 -9.58808e-05 -0.000231877 0.000311912 4.54233e-05 0.000349078 0.00021826 -0.000104586 -0.000746835 -0.000652199 -0.000786745 -0.000935725 -0.000638051 -0.000979381 -0.00167623 -5.26316e-05 0.000195022 -0.000134367 0.000303276 3.72272e-05 -0.000185786 -0.000336746 -0.000371053 -0.000675926 -0.00111828 0.000191176 -0.000276423 0.000447639 0 5.39773e-05
internal_weight=15888 4296 2951 11592 1452 10140 4402 893 226 853 761 668 430 290 111 2098 1345 376 3509 778 1385 868 179 161 92 713 112 5738 157 517
internal_count=15888 4296 2951 11592 1452 10140 4402 893 226 853 761 668 430 290 111 2098 1345 376 3509 778 1385 868 179 161 92 713 112 5738 157 517
cat_boundaries=0 1 2 3 4 5 6 7
cat_threshold=2628101 1119234 3216402 552964 16474 1032 516
is_linear=0
shrinkage=0.01


Tree=170
num_leaves=31
num_cat=3
split_feature=14 10 13 28 0 20 13 23 19 21 26 18 10 11 25 13 11 23 13 18 10 11 24 0 11 25 32 0 25 11
split_gain=4.73168 2.10013 1.4795 1.2963 1.28364 1.22793 2.02482 1.05482 1.68493 1.3103 0.898051 2.00535 1.83671 0.746907 0.96826 0.668178 0.652502 0.585713 0.812151 0.461625 0.420621 0.426963 0.39496 0.52577 1.11476 0.376721 0.366898 0.284154 0.262508 0.249009
threshold=0.58481550752069722 872.21428571428589 1481.8598763368984 29.325000000000006 0 23.775000000000006 1604.0368201529059 2425.1300000000006 7.1499999999999995 1750.5000000000002 26.375000000000004 0.19999999999998672 1501.5714285714287 88.640526042803216 775.50000000000011 2565.3109110169494 68.443579004830653 753.00000000000011 1690.3684119030092 0.10000000000001512 1341.0000000000002 102.10347225497806 1320.5000000000002 1 219.85260209804804 575.59500000000014 0.30000000000000188 2 3598.4100000000003 120.30219386211995
decision_type=2 2 2 2 9 2 2 2 2 2 2 2 2 2 2 2 2 2 2 2 2 2 2 9 2 2 2 9 2 2
left_child=5 2 3 13 28 6 7 8 26 -10 11 15 -13 25 -15 -6 27 -18 -19 -5 21 -12 23 24 -8 -2 -1 -4 29 -3
right_child=1 4 16 19 10 -7 22 -9 9 -11 20 12 -14 14 -16 -17 17 18 -20 -21 -22 -23 -24 -25 -26 -27 -28 -29 -30 -31
leaf_value=0.74912703126955293 -0.35389101511275706 0.50513646311986637 -0.032311832272474424 -0.54237984694323227 0.02480812755593793 1.065574981708713 0.17144071032851899 1.8458705629175647 -0.1495214567762477 -1.0766110226146937 0.30872437130208791 -0.85171177865749403 0.11696877770338833 -0.43937597550642649 -0.59565298515773146 -0.37785943689020618 -0.012463693898409357 -0.51375900493237392 -0.062895569170810489 -1.4928544574889193 1.4061555067449028 -0.18843412282255689 1.2334082139435745 0.29052927174409654 -1.0607795851893129 0.039838646443225538 -0.2322826385637507 0.07818023569487316 -0.040562437877227069 0.22814619548853901
leaf_weight=315 31 1102 237 50 688 6066 86 256 338 80 272 102 64 78 46 95 344 173 232 45 276 315 2906 191 42 167 100 252 65 838
leaf_count=315 31 1102 237 50 688 6066 86 256 338 80 272 102 64 78 46 95 344 173 232 45 276 315 2906 191 42 167 100 252 65 838
internal_value=0.000213587 -2.26567e-05 -0.000321558 -0.000840909 0.000104374 0.000339081 0.000205562 -0.000161009 -0.000339928 -0.000789976 -8.44761e-05 -0.000300526 -0.0012994 -0.00049226 -0.001104 -7.46173e-05 -0.000138015 -0.000327333 -0.000584975 -0.00190104 0.000140625 0 0.000332455 0 -0.00047482 -5.52764e-05 9.01442e-05 0.000131633 0.000279018 0.000303967
internal_weight=15852 5472 1655 417 3817 10380 4314 1089 833 418 1812 949 166 322 124 783 1238 749 405 95 863 587 3225 319 128 198 415 489 2005 1940
internal_count=15852 5472 1655 417 3817 10380 4314 1089 833 418 1812 949 166 322 124 783 1238 749 405 95 863 587 3225 319 128 198 415 489 2005 1940
cat_boundaries=0 1 2 3
cat_threshold=705246 1114138 2695288
is_linear=0
shrinkage=0.01


Tree=171
num_leaves=31
num_cat=0
split_feature=14 12 20 13 19 14 25 7 33 7 33 7 34 34 20 14 12 29 13 11 29 20 19 12 7 15 11 13 13 11
split_gain=4.48978 2.47863 1.16226 1.90267 1.07692 1.24624 1.17695 1.12528 1.09121 3.8692 1.04036 1.82606 1.44952 0.945227 0.941204 0.907954 0.777225 0.68159 0.479247 0.439048 0.367688 0.366084 0.426827 0.343963 0.510046 1.28186 0.341615 0.333195 0.329719 0.566216
threshold=0.58481550752069722 633.28333333333342 23.775000000000006 1604.0368201529059 0.19999999999999471 0.92602006027323147 1849.7150000000004 84.500000000000014 0.29999999999999999 47.500000000000007 7.1499999999999995 197.50000000000003 3.7550000000000003 3.6750000000000003 29.575000000000006 0.99466373373798567 901.93333333333351 29.225000000000005 1594.6983772819474 354.47814439754376 30.475000000000005 25.982142857142865 1.0000000180025095e-35 1081.1666666666667 226.50000000000003 -0.38243420677835349 116.75166926848841 1394.7048805886573 1738.893200549451 213.51647599187078
decision_type=2 2 2 2 2 2 2 2 2 2 2 2 2 2 2 2 2 2 2 2 2 2 2 2 2 2 2 2 2 2
left_child=2 14 3 10 16 8 7 -7 9 -6 18 12 -12 -13 17 -8 20 27 -1 -10 26 22 -18 24 -4 -26 -3 -2 29 -5
right_child=1 4 23 28 5 6 15 -9 19 -11 11 13 -14 -15 -16 -17 21 -19 -20 -21 -22 -23 -24 -25 25 -27 -28 -29 -30 -31
leaf_value=0.46020758583957089 -0.55139138027290213 0.49273636787530622 0.275083359114346 0.50681206725403771 -0.47925111714500424 0.10850092584706621 -0.56142329925184753 -0.39222936439791073 0.15541630169722367 0.13654684483201121 -0.76071920407290716 0.32677055235895308 -9.5003844882145526e-05 -0.34747045543935029 0.035434274923205819 0.023689712875355186 -0.20114799967534719 -0.83162814701385701 -0.47309625138162104 -0.33505338738851054 0.14031320918572693 0.41096884638865155 0.54619110970277618 2.010333421884634 -0.3278630511774564 0.49335184284924938 -0.7842076052418202 -0.17503190021483339 2.1248875239090341 -0.023612092355836008
leaf_weight=475 31 36 1083 685 121 417 352 611 1518 288 59 249 34 224 50 113 287 40 48 115 33 1125 235 4840 54 89 61 39 1950 590
leaf_count=475 31 36 1083 685 121 417 352 611 1518 288 59 249 34 224 50 113 287 40 48 115 33 1125 235 4840 54 89 61 39 1950 590
internal_value=0.000211064 -1.90024e-05 0.000333301 0.000203245 1.61867e-05 -8.27206e-05 -0.000303548 -0.000103013 7.39109e-05 -0.000379268 -0.000151835 -0.000453263 -0.00173936 -0.00017616 -0.00124224 -0.000724249 0.000218504 -0.00175676 0.000155534 0.000193696 -0.000496183 0.00028125 4.0153e-05 0.000424098 0.000255094 -0.000267361 -0.000831633 -0.000915493 0.000326255 0.000186129
internal_weight=15852 5472 10380 4314 5312 3535 1493 1028 2042 409 1089 566 93 473 160 465 1777 110 523 1633 130 1647 522 6066 1226 143 97 70 3225 1275
internal_count=15852 5472 10380 4314 5312 3535 1493 1028 2042 409 1089 566 93 473 160 465 1777 110 523 1633 130 1647 522 6066 1226 143 97 70 3225 1275
is_linear=0
shrinkage=0.01


Tree=172
num_leaves=31
num_cat=4
split_feature=10 32 13 11 15 10 16 24 0 14 0 20 19 0 17 15 14 30 32 12 16 21 32 10 11 33 0 23 32 13
split_gain=4.69992 2.17317 1.73294 1.1893 1.09291 1.41807 1.0726 1.1831 0.891922 0.900437 0.817817 0.805493 0.919012 0.791958 0.82661 2.17399 0.724546 1.01365 0.680422 0.556017 0.645024 0.509727 0.487458 0.795675 0.474821 0.312402 0.296441 0.267808 0.248013 0.221798
threshold=1286.2857142857144 2.5999999999999934 1445.3702879915786 68.443579004830653 0.27487873330147788 1778.6428571428576 -0.89405649444168434 2327.5000000000005 0 0.056951373111866731 1 29.575000000000006 5.2499999999999973 2 0.029024409397335523 -0.39036009226888674 0.82899317702918729 22.975000000000005 0.099999999999986697 1690.2333333333336 -0.96688789938088693 753.00000000000011 66.850000000000023 1100.214285714286 316.78443916311397 9.1500000000000039 3 1451.5000000000002 135.35000000000002 1519.7847639724878
decision_type=2 2 2 2 2 2 2 2 9 2 9 2 2 9 2 2 2 2 2 2 2 2 2 2 2 2 9 2 2 2
left_child=1 2 11 26 -2 6 7 -6 9 -8 18 12 21 14 15 -3 19 -18 -5 20 -7 -1 -16 -24 -19 -12 29 -21 -15 -4
right_child=4 13 3 10 5 16 8 -9 -10 -11 25 -13 -14 28 22 -17 17 24 -20 27 -22 -23 23 -25 -26 -27 -28 -29 -30 -31
leaf_value=-0.53810314160832406 2.1917438669113709 -0.57521949891874347 -0.18015359754938359 -0.17124055586860512 -0.15955393328270423 -1.1366412589334498 0.42592407847167207 -0.79427534328572835 0.52485266055003765 -0.46221404891465639 0.019603240463951909 0.090511776108468334 -0.047199255010620965 0.49286435764130249 0.52599504288112153 0.75664942840767357 -1.0493334378773589 1.031890091099303 -0.49479511739491699 -0.085100763000646965 0.89374082882988659 -0.55658467321425764 0.56964395786099087 -0.4805267510018964 -0.29935991501297454 -0.4572686716521755 0.079659743231459995 2.4672658244788512 -0.26416329583759396 0.047583037467765273
leaf_weight=183 4270 71 50 810 47 38 247 31 873 283 988 97 70 1509 241 86 55 297 279 64 111 33 47 39 115 146 794 3713 59 206
leaf_count=183 4270 71 50 810 47 38 247 31 873 283 988 97 70 1509 241 86 55 297 279 64 111 33 47 39 115 146 794 3713 59 206
internal_value=0.000211064 -1.68155e-05 -0.000164616 -8.65913e-05 0.000340266 0.000248 -1.31579e-05 -0.0011519 4.38034e-05 -0.000268022 -0.000219649 -0.000803385 -0.00106969 0.000241598 -9.69697e-05 -0.000705696 0.000338302 -1.38889e-05 -0.000414091 0.000382735 -0.00017 -0.00139171 0.00016311 -0.000425287 0.000135593 -2.00873e-05 0.000185538 0.000407226 0.000350855 -8.2397e-05
internal_weight=15852 5708 3656 3273 10144 5874 1481 78 1403 530 2223 383 286 2052 484 157 4393 467 1089 3926 149 216 327 86 412 1134 1050 3777 1568 256
internal_count=15852 5708 3656 3273 10144 5874 1481 78 1403 530 2223 383 286 2052 484 157 4393 467 1089 3926 149 216 327 86 412 1134 1050 3777 1568 256
cat_boundaries=0 1 2 3 4
cat_threshold=3742736 105123 2633728 2626568
is_linear=0
shrinkage=0.01


Tree=173
num_leaves=31
num_cat=3
split_feature=14 12 0 20 13 19 15 15 20 24 23 33 12 22 11 24 0 12 23 32 20 21 23 10 0 7 13 19 13 31
split_gain=4.56052 2.4716 1.45181 1.08936 1.62842 0.94338 1.37254 1.48567 0.941204 1.07639 0.917191 1.37232 1.39037 0.827573 0.541613 0.483482 0.536753 1.06825 0.480905 0.399616 0.347193 0.875903 0.401563 0.346618 0.554245 0.907747 0.300811 0.40059 0.271503 0.260036
threshold=0.58481550752069722 633.28333333333342 0 23.810714285714294 1604.0368201529059 0.2499999999999965 -0.35846086284744721 -0.13398942717002907 29.575000000000006 600.50000000000011 2425.1300000000006 7.1499999999999995 1754.1833333333336 1000.5000000000001 117.87230770513241 1320.5000000000002 1 1329.0666666666668 927.50000000000011 0.30000000000000188 24.575000000000006 2125.5700000000002 1210.5000000000002 1121.5000000000002 2 226.50000000000003 2394.0003750000005 69.65000000000002 1738.893200549451 13.950000000000001
decision_type=2 2 9 2 2 2 2 2 2 2 2 2 2 2 2 2 9 2 2 2 2 2 2 2 9 2 2 2 2 2
left_child=3 8 13 4 10 20 -7 -8 9 -2 11 19 -13 14 -3 16 17 -6 -16 -1 21 -4 -22 24 25 -5 28 -28 -17 -18
right_child=1 2 5 23 15 6 7 -9 -10 -11 -12 12 -14 -15 18 26 29 -19 -20 -21 22 -23 -24 -25 -26 -27 27 -29 -30 -31
leaf_value=0.74963247894959795 -0.72629985069081859 0.023061060129945101 0.85628455037255991 0.081904430615467053 0.31936478193608048 0.059085811186761948 -1.1002222851990657 -0.24714863474450632 0.034174814412888922 -0.43107789717931111 1.8705229063184772 -0.19069891875744996 -0.95564855800745452 0.39885275608769788 -0.013321706696328274 0.43479218144175563 0.50490464883090891 -0.87826795824927861 -0.19259410327379403 -0.21670239986740203 -0.1042934205857759 -1.2521648802060896 0.6292481490829116 1.7774728422625583 0.38284371012991103 -0.27783329286838526 0.638922283122207 -4.1157532200249802 3.398935992697715 -0.32114588028962793
leaf_weight=326 58 684 76 238 55 497 203 1021 50 52 262 359 60 1766 137 1046 200 48 99 97 291 36 502 4994 719 56 43 30 1817 30
leaf_count=326 58 684 76 238 55 497 203 1021 50 52 262 359 60 1766 137 1046 200 48 99 97 291 36 502 4994 719 56 43 30 1817 30
internal_value=0.000211064 -2.08295e-05 1.43045e-05 0.000334265 0.000209534 -0.00015055 -0.00029007 -0.000471837 -0.00124224 -0.00175676 -0.000115837 -0.000283511 -0.000691667 0.000179088 -5.42888e-05 0.000322477 -1.0479e-05 -0.000600877 -0.000472574 9.78774e-05 0.000102097 -0.000389381 0.000184509 0.000423352 0.000233235 -0.000108197 0.000363636 -0.000182432 0.00038111 0.000228216
internal_weight=15852 5472 5312 10380 4373 2626 1721 1224 160 110 1104 842 419 2686 920 3269 333 103 236 423 905 112 793 6007 1013 294 2936 73 2863 230
internal_count=15852 5472 5312 10380 4373 2626 1721 1224 160 110 1104 842 419 2686 920 3269 333 103 236 423 905 112 793 6007 1013 294 2936 73 2863 230
cat_boundaries=0 1 2 3
cat_threshold=705246 1114122 2621505
is_linear=0
shrinkage=0.01


Tree=174
num_leaves=31
num_cat=0
split_feature=10 32 13 11 18 7 32 32 7 20 11 10 17 16 20 32 11 16 18 16 33 13 17 16 12 28 28 12 11 7
split_gain=4.43719 2.16133 1.43801 1.18694 1.12982 1.3523 0.80928 1.34126 1.77423 0.805467 0.64698 1.6918 1.48676 0.610926 0.587714 0.563202 0.733606 0.486842 0.506853 0.448291 0.420545 0.39435 0.348983 0.738048 1.06905 0.471848 0.253086 0.218361 0.445288 0.299812
threshold=1341.0000000000002 2.5999999999999934 1445.3702879915786 85.185372023855095 0.10000000000001512 111.50000000000001 6.8000000000000114 6.2000000000000091 17.500000000000004 23.675000000000004 185.48641837046395 2321.5000000000005 0.56724245312769228 -0.94388905186573491 29.603571428571435 159.75000000000003 41.262792445939802 -0.90163369914317015 25.049999999999994 0.99865421017599998 0.39999999999999963 2394.0003750000005 0.029024409397335523 0.69522491211780757 1081.1666666666667 22.475000000000005 27.375000000000004 835.96666666666681 43.301270189192387 42.500000000000007
decision_type=2 2 2 2 2 2 2 2 2 2 2 2 2 2 2 2 2 2 2 2 2 2 2 2 2 2 2 2 2 2
left_child=1 2 9 27 19 -6 7 10 -9 -1 -2 12 -12 14 -11 22 -17 18 -8 -5 -15 -13 23 26 -25 -24 -3 28 -4 -29
right_child=6 15 3 4 5 -7 17 8 -10 13 11 21 -14 20 -16 16 -18 -19 -20 -21 -22 -23 25 24 -26 -27 -28 29 -30 -31
leaf_value=-0.43668944482260885 1.4841194715257466 0.43034946686353387 0.058198202118937295 -0.043508703973376972 -0.68119459456938081 -0.012695497180504597 1.1683335337026037 -0.97878135006074152 0.70422427884741767 -0.66527844309557771 -0.34796110010636955 3.4363960558082778 1.3603738890032548 -0.50738589393268951 -0.046938279394225686 0.19823882330970866 -0.32766604427474677 2.8393826892911602 -0.66538682504463398 -0.43594839061704649 0.0387784286481032 0.51813665812165721 -0.30656016749598047 -0.38693023810538052 0.38649123568894878 0.62546268070855005 -0.0045808100249097273 -0.035888874087949545 -0.11531212384415611 0.28539184986011973
leaf_weight=36 2330 370 222 1602 253 211 147 33 36 52 770 1485 891 94 38 31 30 3757 38 34 165 234 51 104 111 1361 145 160 222 839
leaf_count=36 2330 370 222 1602 253 211 147 33 36 52 770 1485 891 94 38 31 30 3757 38 34 165 234 51 104 111 1361 145 160 222 839
internal_value=0.000214849 2.52774e-06 -0.000136421 -7.01185e-05 -0.000223703 -0.000662366 0.000347717 0.00026808 -0.00107857 -0.000718912 0.00028629 0.000192251 -2.97834e-05 -0.00053 -0.00126374 0.000254764 -0.000637097 0.000461831 0 -9.28528e-05 -0.000232692 0.0004125 0.000285114 8.89193e-05 -0.000381944 0.000379335 0.000305233 0.000146468 -1.79775e-05 0.0002295
internal_weight=15852 6131 3928 3543 2100 464 9721 5779 69 385 5710 3380 1661 349 90 2203 61 3942 185 1636 259 1719 2142 730 215 1412 515 1443 444 999
internal_count=15852 6131 3928 3543 2100 464 9721 5779 69 385 5710 3380 1661 349 90 2203 61 3942 185 1636 259 1719 2142 730 215 1412 515 1443 444 999
is_linear=0
shrinkage=0.01


Tree=175
num_leaves=31
num_cat=5
split_feature=10 13 18 18 14 11 20 10 0 15 13 0 22 0 16 25 10 25 16 11 26 0 20 10 11 23 10 11 0 14
split_gain=5.46274 1.71147 2.34669 1.4123 1.16013 1.58593 1.38045 1.62815 1.17895 1.0745 0.993631 0.939458 0.912404 0.789101 1.12489 2.03591 0.952547 0.755001 0.909426 0.670092 0.662283 0.60702 0.749404 0.570515 0.481427 0.463522 0.370476 0.366239 0.303986 0.277215
threshold=1114.3571428571429 1481.8598763368984 0.79999999999999993 0.20000000000001514 0.84313847884979054 122.47448713917338 23.282142857142862 1757.214285714286 0 -0.72694848937061807 1680.9322566068315 1 2000.5000000000002 2 0.69522491211780757 1110.5000000000002 793.07142857142867 1320.5000000000002 -0.96688789938088693 85.91246929834243 22.925000000000004 3 29.575000000000006 1200.0714285714287 70.647515248841586 795.50000000000011 1100.214285714286 655.55063429449922 4 0.98522604642031408
decision_type=2 2 2 2 2 2 2 2 9 2 2 9 2 9 2 2 2 2 2 2 2 9 2 2 2 2 2 2 9 2
left_child=1 2 3 21 6 -6 7 11 -7 26 -10 20 -12 14 16 -16 -11 18 -9 29 -2 -1 -23 -13 -5 -21 -3 -19 -8 -15
right_child=4 9 -4 24 5 8 28 17 10 13 12 23 -14 19 15 -17 -18 27 -20 25 -22 22 -24 -25 -26 -27 -28 -29 -30 -31
leaf_value=0.005231180518714823 -0.49057372828959034 0.38187934069542501 0.11509880965106623 -0.23783089691980824 0.9006274012432367 0.13147914069545721 0.043942512518804711 -0.60854744121735938 1.8469547190421509 -0.52076971134454642 -0.64767763350597118 -0.18884589663985821 -0.35431161379098913 0.12290197780897261 -0.39822293433081163 -0.48669079801582121 0.023718616507499683 2.3954044920821591 1.4759194300885721 0.1866421111270766 0.38228969584873496 -0.52256277317061184 0.055097710486796903 0.36375829294570816 -0.61824949677344798 -0.17319810130936797 -0.031491851430937301 1.3063150134555872 1.6109203697503021 -0.03941901446210163
leaf_weight=107 376 706 309 49 865 447 159 62 73 209 169 118 190 622 41 91 417 2057 86 242 85 273 58 746 37 630 57 331 6163 123
leaf_count=107 376 706 309 49 865 447 159 62 73 209 169 118 190 622 41 91 417 2057 86 242 85 273 58 746 37 630 57 331 6163 123
internal_value=0.000202466 -0.000116944 -0.000519784 -0.000929524 0.00030965 6.41834e-05 0.000350697 0.000196919 -0.000227841 -6.69002e-06 -0.000595937 -8.10709e-05 -0.000834722 -0.000114689 -0.000378414 -0.00123308 -0.000186603 0.000346078 -0.000308725 5.22114e-06 -0.000443856 -0.00066287 -0.000861111 0.000105143 -0.00214943 -0.000176403 0.000316099 0.000390959 0.000442986 0.000231233
internal_weight=15898 3971 833 524 11927 1744 10183 3861 879 3138 432 1325 359 2375 758 132 626 2536 148 1617 461 438 331 864 86 872 763 2388 6322 745
internal_count=15898 3971 833 524 11927 1744 10183 3861 879 3138 432 1325 359 2375 758 132 626 2536 148 1617 461 438 331 864 86 872 763 2388 6322 745
cat_boundaries=0 1 2 3 4 5
cat_threshold=1763369 592922 2627617 3136 516
is_linear=0
shrinkage=0.01


Tree=176
num_leaves=31
num_cat=5
split_feature=10 32 0 11 18 10 11 16 28 33 0 20 0 17 16 10 0 33 15 11 16 10 11 17 29 0 25 10 10 15
split_gain=5.35651 1.60432 1.5092 1.23086 1.6599 1.12357 1.76545 1.01624 1.23804 1.18117 0.878046 0.872398 0.630818 1.14569 2.02891 0.53505 0.648558 1.10384 0.618975 0.47224 0.80584 0.643641 0.821612 0.513343 0.443641 0.405141 0.502039 0.399182 0.266561 0.256972
threshold=1114.3571428571429 2.4000000000000155 0 46.732772900562317 0.10000000000000007 2245.428571428572 219.85260209804804 -0.94388905186573491 24.175000000000004 65.15000000000002 1 29.603571428571435 2 0.052657569964411031 0.69522491211780757 1341.0000000000002 3 265.65000000000003 0.097680735332368748 85.91246929834243 0.9962888416657264 657.21428571428589 57.591748747731422 -0.82413948779581736 21.825000000000006 4 1851.3050000000001 835.64285714285722 843.21428571428589 0.29958852271690523
decision_type=2 2 9 2 2 2 2 2 2 2 9 2 9 2 2 2 9 2 2 2 2 2 2 2 2 9 2 2 2 2
left_child=1 2 3 -1 27 6 15 8 24 10 -9 -6 13 14 28 16 17 -2 -18 21 23 22 -4 -21 -8 26 -17 -5 -3 -27
right_child=5 12 19 4 11 -7 7 9 -10 -11 -12 -13 -14 -15 -16 25 18 -19 -20 20 -22 -23 -24 -25 -26 29 -28 -29 -30 -31
leaf_value=0.22528783880075495 0.018385842050575082 -0.5656891501241772 -0.31603954782365473 -0.54001991141915962 -0.68570665830695021 3.4837470919094757 -0.49537212242292561 -0.34082678051229698 0.45612902682670603 2.3461236806375774 0.10694449107075267 -1.2333979330515585 0.46802547798752847 0.37013697768167148 -0.46764743166214201 1.5816627393809704 0.8204849261960877 -0.55943737506621916 -0.02103240288479806 -0.32231387042664755 -0.25446480033446423 0.048275049677308099 0.021304773101271858 0.028551359929383287 -0.86210700278748076 2.2309342443884117 -1.2990935393753693 -0.046670235266186549 0.044258560987345645 0.90265118663105359
leaf_weight=81 429 33 128 221 135 4065 69 508 87 530 681 37 674 328 57 130 990 40 427 550 41 871 94 497 31 2161 60 147 77 1719
leaf_count=81 429 33 128 221 135 4065 69 508 87 530 681 37 674 328 57 130 990 40 427 550 41 871 94 497 31 2161 60 147 77 1719
internal_value=0.000201837 -0.000114426 -0.000245808 -0.000679589 -0.000868762 0.000307973 0.000235406 -2.4646e-05 -0.000726064 4.62209e-05 -0.000122269 -0.00169942 0.00019188 -6.42292e-05 -0.000752976 0.000320295 0.000171171 -0.000136458 0.000279062 -0.000113823 -0.000262626 2.4223e-05 -0.000443946 -0.000197042 -0.00148515 0.000386883 -2.48756e-05 -0.000449864 0 0.000408635
internal_weight=15898 3971 2802 621 540 11927 7862 1906 187 1719 1189 172 1169 495 167 5956 1886 469 1417 2181 1088 1093 222 1047 100 4070 190 368 110 3880
internal_count=15898 3971 2802 621 540 11927 7862 1906 187 1719 1189 172 1169 495 167 5956 1886 469 1417 2181 1088 1093 222 1047 100 4070 190 368 110 3880
cat_boundaries=0 1 2 3 4 5
cat_threshold=2103297 3495954 2633733 537168 262164
is_linear=0
shrinkage=0.01


Tree=177
num_leaves=31
num_cat=5
split_feature=10 32 13 11 32 20 21 0 14 15 12 13 12 0 33 10 14 0 0 13 20 23 0 13 20 13 14 14 23 32
split_gain=4.98101 2.20601 1.70637 1.54662 1.36877 1.20131 1.19774 1.06619 1.42443 1.04342 3.38062 1.00628 1.50884 0.966834 0.803748 1.55201 0.657992 0.568481 0.568461 0.597446 0.446762 0.437216 0.382482 0.317732 0.28945 0.656217 0.256387 0.748065 0.927087 0.238844
threshold=1341.0000000000002 2.4000000000000155 1445.3702879915786 89.97354108419303 0.20000000000000892 24.353571428571435 1111.5000000000002 0 0.79904096188274243 0.51849435583340198 1593.9166666666667 1859.6753540330126 2055.9333333333338 1 265.65000000000003 1050.214285714286 0.95242846126021108 2 3 1400.7628576443744 24.853571428571435 1645.5000000000002 4 1610.0105733915909 25.532142857142862 1578.723381342166 -0.79902248885025529 -0.9259986516102553 1111.5000000000002 135.35000000000002
decision_type=2 2 2 2 2 2 2 9 2 2 2 2 2 9 2 2 2 9 9 2 2 2 9 2 2 2 2 2 2 2
left_child=1 2 5 22 16 -1 -6 -2 9 -9 21 24 -13 14 -3 -16 -5 -12 19 -7 -14 -11 -4 -24 25 -10 27 -15 -29 -28
right_child=7 13 3 4 6 18 -8 8 11 10 17 12 20 26 15 -17 -18 -19 -20 -21 -22 -23 23 -25 -26 -27 29 28 -30 -31
leaf_value=-0.4455104422045455 1.8369715717466306 0.1018863210604587 -0.0033448905259827006 0.051464741494808078 -0.43440986428291389 -0.73334868862981906 -0.53138039573973428 2.9163955059438798 1.7149399024733751 -0.77508094282483775 1.8598744329663555 -1.041155239303585 -0.90382531574609015 0.5398106751626327 0.43906221645086518 -0.78681392999779221 -0.24873894923535328 -0.0027188409237162859 -0.088554068351400728 -0.72634588990461824 0.050661969614577737 -0.53125483638253201 0.0062243943624015977 0.24642347521695476 1.7181682978706156 -1.0238454476852108 0.49822237429249522 -0.36380206091781803 0.073416563810595831 -0.024892281951728063
leaf_weight=49 6396 266 645 836 246 70 132 1527 49 54 712 36 57 166 39 51 803 665 198 68 92 38 320 561 124 37 1501 44 49 67
leaf_count=49 6396 266 645 836 246 70 132 1527 49 54 712 36 57 166 39 51 803 665 198 68 92 38 320 561 124 37 1501 44 49 67
internal_value=0.000203724 -1.87336e-05 -0.000161873 -8.98702e-05 -0.00027329 -0.000796632 -0.00082058 0.000343635 0.000192681 0.000269603 7.10884e-05 -0.000359848 -0.000900538 0.000234203 -0.000223433 -0.00104396 -0.000140549 0.000202105 -0.000540059 -0.00101342 -0.00037 -0.00176344 0.000146038 0.00028083 7.10901e-05 -0.000310345 0.000328346 0 -0.000675532 0.000378585
internal_weight=15898 6111 3928 3543 2017 385 378 9787 3391 2996 1469 395 185 2183 356 90 1639 1377 336 138 149 92 1526 881 210 86 1827 259 93 1568
internal_count=15898 6111 3928 3543 2017 385 378 9787 3391 2996 1469 395 185 2183 356 90 1639 1377 336 138 149 92 1526 881 210 86 1827 259 93 1568
cat_boundaries=0 1 2 3 4 5
cat_threshold=712939 536576 3215360 13312 3673225
is_linear=0
shrinkage=0.01


Tree=178
num_leaves=31
num_cat=4
split_feature=10 15 0 16 18 22 18 0 15 10 16 25 11 0 16 10 14 33 10 14 33 34 10 24 25 3 18 34 25 28
split_gain=4.93227 2.27258 2.07521 1.82781 2.74253 1.85266 0.999031 0.995843 1.03378 1.50497 1.11066 0.787256 0.78503 0.680483 1.07479 0.642986 0.604583 0.552071 0.448974 1.25505 0.441374 0.41262 0.366935 0.626845 1.15921 0.453341 0.720792 0.363483 0.342544 0.296175
threshold=1171.5000000000002 -0.72694848937061807 0 0.69522491211780757 0.20000000000001514 637.50000000000011 33.450000000000024 1 0.29137697329261131 1586.5000000000002 0.71051919230648819 2676.0400000000004 84.162965499833973 2 0.97364703930971175 671.50000000000011 0.98667101781630195 0.39999999999999963 2306.7857142857151 -0.59869031648930193 0.8999999999999998 6.995000000000001 1757.214285714286 2491.0000000000005 2392.5000000000005 3 0.20000000000000892 5.0700000000000012 770.50000000000011 23.275000000000002
decision_type=2 2 9 2 2 2 2 9 2 2 2 2 2 9 2 2 2 2 2 2 2 2 2 2 2 9 2 2 2 2
left_child=1 20 3 5 17 15 -6 22 16 10 11 -10 28 14 -14 -3 -9 -5 19 -11 -1 -18 23 25 -25 -2 -27 -7 -4 -22
right_child=7 2 12 4 6 27 -8 8 9 18 -12 -13 13 -15 -16 -17 21 -19 -20 -21 29 -23 -24 24 -26 26 -28 -29 -30 -31
leaf_value=-0.028933291604493361 0.97766112992207244 -1.3206656733134707 -0.087977321974836736 -0.50897507250782537 -0.48257806795062996 0.049460182185247011 -0.45852254481967952 1.4944416134876688 -0.79000421205080795 -0.64607121682600266 0.33231317941459437 0.33711323158837225 -0.17266056846924027 0.0011798667466639844 -0.65197996881007358 -0.39786767239683812 -0.73562945849772676 2.0958570703589214 2.1937315756325071 0.29444993387064339 -0.01849621535517269 1.2263700519080425 2.9380379702436032 -0.41942901752709705 0.23258167928328818 0.76220708992669572 -0.14899677548608664 -0.2826274107917694 0.099099906320734343 0.43556609883575337
leaf_weight=188 1947 83 199 59 50 163 41 1774 217 94 99 59 583 621 43 43 66 52 848 858 30 45 4323 30 45 686 219 450 872 1111
leaf_count=188 1947 83 199 59 50 163 41 1774 217 94 99 59 583 621 43 43 66 52 848 858 30 45 4323 30 45 686 219 450 872 1111
internal_value=0.000203724 -7.10394e-05 -0.000214877 -0.000608718 -0.00147291 -0.000365541 -0.0027663 0.000316064 0.00018423 3.10202e-05 -0.000538564 -0.000873646 -4.76599e-05 -0.000221554 -0.000450549 -0.00147244 0.000356575 -0.000308036 0.000155469 0 0.00027406 -0.000308036 0.000387688 0.000291496 -0.000559211 0.00031756 0.0001119 -0.000119707 0.000145056 0.000350701
internal_weight=15898 4588 3259 941 202 739 91 11310 4060 2175 375 276 2318 1247 626 126 1885 111 1800 952 1329 111 7250 2927 75 2852 905 613 1071 1141
internal_count=15898 4588 3259 941 202 739 91 11310 4060 2175 375 276 2318 1247 626 126 1885 111 1800 952 1329 111 7250 2927 75 2852 905 613 1071 1141
cat_boundaries=0 1 2 3 4
cat_threshold=2628101 2810089 1089760 2
is_linear=0
shrinkage=0.01


Tree=179
num_leaves=31
num_cat=4
split_feature=22 15 13 20 0 0 14 21 29 24 24 14 20 13 24 26 16 19 33 20 14 13 23 16 13 0 29 13 0 13
split_gain=4.11225 2.24775 2.06321 1.53313 1.2516 1.24928 1.61414 1.0078 0.993773 1.48182 1.46188 0.980634 0.953369 1.22557 1.00661 0.786151 0.582626 0.551132 0.479952 0.505186 0.463609 0.430715 0.410164 0.393605 0.336625 0.319268 0.282815 0.263383 0.238983 0.774853
threshold=1177.5000000000002 -0.72694848937061807 1445.3702879915786 23.63928571428572 0 1 0.79904096188274243 577.50000000000011 25.375000000000004 1930.5000000000002 2580.5000000000005 0.97875492728876534 23.575000000000006 1680.9322566068315 2000.5000000000002 27.825000000000006 0.9962888416657264 0.4000000000000003 0.94999999999999307 23.18928571428572 -0.94139628442229062 1578.723381342166 1200.5000000000002 -0.45943279258162384 2336.7171488095241 2 29.225000000000005 1474.7430667656129 3 1481.8598763368984
decision_type=2 2 2 2 9 9 2 2 2 2 2 2 2 2 2 2 2 2 2 2 2 2 2 2 2 9 2 2 9 2
left_child=1 18 3 -3 16 -2 12 23 9 -8 -11 -6 13 14 -7 -13 20 22 25 -20 -4 -19 -10 -5 -15 -1 -9 -27 29 -14
right_child=5 2 4 7 11 6 8 26 17 10 -12 15 28 24 -16 -17 -18 21 19 -21 -22 -23 -24 -25 -26 27 -28 -29 -30 -31
leaf_value=0.13016535929388781 0.99900342788838925 -0.45393732350479754 0.54908769398830504 -0.72521976202416294 0.1006171962928129 -0.43157720121419341 0.63193674683247569 0.037284516626748192 -0.69009273722317643 -1.2462620932849733 -0.78894321408347889 -0.51275098403577379 1.085041556091576 1.6792535243070641 0.31846625235700698 0.03821073357346351 -0.90128042122770302 1.4486624961739147 -0.22864899922996487 0.52344848964379742 -0.22246762345889731 -0.5963109050883898 0.49816012488775374 -0.98430180443333859 -3.4545880864176381 -0.51164205269142204 -0.52211042992578616 -0.009772031280174549 1.8317679141123395 -1.4910914119294665
leaf_weight=111 7292 41 78 41 1276 362 51 124 30 34 49 257 99 739 209 182 43 44 30 1215 1031 174 263 33 59 41 54 76 1829 31
leaf_count=111 7292 41 78 41 1276 362 51 124 30 34 49 257 99 739 209 182 43 44 30 1215 1031 174 263 33 59 41 54 76 1829 31
internal_value=0.000204981 -4.39145e-05 -0.00019614 -0.000998299 -0.000110356 0.000308228 0.000159764 -0.000648221 -0.000290248 -0.00105926 -0.0018869 5.6489e-05 0.000250526 3.9781e-05 -0.00030507 -0.000342045 -0.000364574 -6.73828e-05 0.00027578 0.000355136 -0.000311261 -0.000461187 0.000192177 -0.00164 0.000299124 -0.000113537 -0.000173184 -0.000480469 0.000392602 0
internal_weight=15898 4633 3160 293 2867 11265 3973 252 645 134 83 1715 3328 1369 571 439 1152 511 1473 1245 1109 218 293 74 798 228 178 117 1959 130
internal_count=15898 4633 3160 293 2867 11265 3973 252 645 134 83 1715 3328 1369 571 439 1152 511 1473 1245 1109 218 293 74 798 228 178 117 1959 130
cat_boundaries=0 1 2 3 4
cat_threshold=2627681 712939 2135264 516
is_linear=0
shrinkage=0.01


Tree=180
num_leaves=31
num_cat=6
split_feature=10 10 15 16 12 0 20 0 0 18 13 23 19 10 0 28 24 13 13 13 21 21 16 14 13 14 0 12 0 17
split_gain=4.76318 1.8462 2.14478 2.04479 3.77539 1.68949 1.65277 1.36715 1.17313 1.29925 1.30267 2.02507 1.07776 0.970951 0.85866 0.573292 0.570086 0.425656 0.869504 1.51197 0.54998 0.481405 0.330186 0.315214 0.313623 0.303544 0.683075 0.29185 0.191146 0.166423
threshold=843.21428571428589 2321.5000000000005 0.25829915227078726 -0.88269356368534635 2116.7000000000003 0 21.003571428571433 1 2 1.000000000000002 1728.8046941865825 913.00000000000011 0.29999999999999999 1341.0000000000002 3 23.025000000000002 1912.9900000000002 1450.9278169014087 1386.8921891390303 1400.7628576443744 897.50000000000011 927.50000000000011 -0.67803021058859214 0.85673801594079257 2394.0003750000005 0.97875492728876534 4 2835.9333333333338 5 -0.91336200528690714
decision_type=2 2 2 2 2 9 2 9 9 2 2 2 2 2 9 2 2 2 2 2 2 2 2 2 2 2 9 2 9 2
left_child=8 2 13 4 5 -4 27 -8 9 10 11 12 -1 14 15 -2 -16 18 -10 -20 25 29 -21 28 -15 -19 -27 -5 -3 -22
right_child=1 23 3 6 -6 -7 7 -9 17 -11 -12 -13 -14 24 16 -17 -18 20 19 22 21 -23 -24 -25 -26 26 -28 -29 -30 -31
leaf_value=0.21371191696828004 -0.30096800905192372 0.41470968368751315 -0.14012664306769412 1.3645680811724847 1.3115171959200995 -0.93965838785628297 -0.21728693675252111 0.17630610305622729 0.14304889798745865 0.19735750108434214 0.30611566994863493 -0.67410326074953464 -0.68274299705415031 2.2899104301312412 0.33364956495127657 0.0072081401264632999 -0.20987539343965822 0.032521704554623408 -0.87462728569409398 0.15330105364949792 -0.27615614748413336 0.020528805846524775 -0.56133958560938479 -0.10495333510117688 -0.27637080048070167 -0.63789199200782176 0.086635111413803478 -0.81222218043926453 4.4605593246468382 -0.52039444271317092
leaf_weight=69 41 103 102 1204 184 108 1296 1534 124 94 78 33 243 2461 2099 1032 51 650 31 50 30 63 76 94 38 111 162 57 3511 41
leaf_count=69 41 103 102 1204 184 108 1296 1534 124 94 78 33 243 2461 2099 1032 51 650 31 50 30 63 76 94 38 111 162 57 3511 41
internal_value=0.000191808 0.000255641 0.000184512 1.83906e-05 -0.000665823 -0.00158768 8.68768e-05 -4.4154e-05 -0.000281519 -0.000684659 -0.000939858 -0.00120665 -0.000907348 0.000312948 0.000192773 -3.0904e-05 0.000307728 -0.000111935 -0.00045922 -0.000958861 -1.08696e-05 -0.000614815 -0.000370079 0.000448638 0.0004638 6.65585e-05 -0.000195255 0.000388669 0.0004639 -0.00117361
internal_weight=15770 13915 10207 4485 394 210 4091 2830 1855 517 423 345 312 5722 3223 1073 2150 1338 281 157 1057 134 126 3708 2499 923 273 1261 3614 71
internal_count=15770 13915 10207 4485 394 210 4091 2830 1855 517 423 345 312 5722 3223 1073 2150 1338 281 157 1057 134 126 3708 2499 923 273 1261 3614 71
cat_boundaries=0 1 2 3 4 5 6
cat_threshold=2220097 3742737 36897 603712 1656848 262656
is_linear=0
shrinkage=0.01


Tree=181
num_leaves=31
num_cat=4
split_feature=10 10 18 14 12 28 0 23 7 0 13 7 14 10 16 0 28 25 10 13 13 34 23 16 14 28 19 28 0 7
split_gain=4.43406 1.90352 1.76343 2.41948 1.68681 1.82334 1.3251 1.10222 0.997819 0.952671 1.08839 2.64312 1.00706 1.82453 0.942516 0.588703 0.71289 1.35912 0.510777 0.40691 0.757849 1.09648 0.364648 0.348677 0.315214 0.312112 0.60091 0.252318 0.191146 0.187181
threshold=843.21428571428589 2321.5000000000005 7.8000000000000034 -0.38242426011641079 2116.7000000000003 24.125000000000004 0 950.50000000000011 109.50000000000001 1 1400.7628576443744 148.50000000000003 0.95242846126021108 716.50000000000011 0.24372619187392155 2 23.325000000000006 1545.5000000000002 1200.0714285714287 1439.8523923974576 1386.8921891390303 5.9250000000000007 1099.7100000000003 0.14889030080148793 0.85673801594079257 28.825000000000006 3.2499999999999933 31.025000000000002 3 130.50000000000003
decision_type=2 2 2 2 2 2 9 2 2 9 2 2 2 2 2 9 2 2 2 2 2 2 2 2 2 2 2 2 9 2
left_child=7 2 3 4 5 -2 18 9 22 10 11 -1 27 -14 -8 16 17 -4 -5 20 -11 -22 -9 -18 28 -21 -27 -12 -3 -17
right_child=1 24 15 6 -6 -7 14 8 -10 19 12 -13 13 -15 -16 29 23 -19 -20 25 21 -23 -24 -25 -26 26 -28 -29 -30 -31
leaf_value=-1.6338177743655016 -0.55920030675991217 0.41056258685063785 -0.64077096108568565 0.030737680097796025 1.7448574760598354 1.4356953602093512 0.21058868433889355 -0.52945805615304165 0.30207873197626706 0.034054443950272538 0.059387448733048853 0.13666888257034454 -1.3830752698057942 0.0074431321722832648 -0.146318987444537 -0.031632137568670837 1.3244880878851271 1.6761645539490102 0.7267507391382364 0.092815406890328328 0.055537968758792043 -0.62861528711581072 -0.38276585793396534 0.035728968366691795 -0.10390380175016502 0.0016988682709177592 -0.60768173462649 -1.353816935343281 4.4159537314003705 0.94368024321054766
leaf_weight=31 275 103 58 1014 107 70 1125 68 30 165 215 39 71 84 1220 60 322 59 2395 448 60 62 34 425 94 460 57 31 3511 3077
leaf_count=31 275 103 58 1014 107 70 1125 68 30 165 215 39 71 84 1220 60 322 59 2395 448 60 62 34 425 94 460 57 31 3511 3077
internal_value=0.000191174 0.000252767 0.000180594 7.29821e-05 -0.000626932 -0.000975434 0.0001298 -0.000265356 -0.00115789 -0.000190545 -0.000569502 -0.00176056 -0.000347015 -0.000977564 -4.98727e-05 0.000344953 9.37143e-05 -0.000605932 0.000255702 -3.48377e-05 -0.000369792 -0.00096748 -0.00164078 0.000218583 0.000448638 5.43478e-05 -9.94208e-05 1.21458e-05 0.0004639 0.000409308
internal_weight=15770 13915 10207 6206 452 345 5754 1855 132 1723 471 70 401 155 2345 4001 864 117 3409 1252 287 122 102 747 3708 965 517 246 3614 3137
internal_count=15770 13915 10207 6206 452 345 5754 1855 132 1723 471 70 401 155 2345 4001 864 117 3409 1252 287 122 102 747 3708 965 517 246 3614 3137
cat_boundaries=0 1 2 3 4
cat_threshold=712942 12321 1585156 262656
is_linear=0
shrinkage=0.01


Tree=182
num_leaves=31
num_cat=4
split_feature=14 10 0 20 20 13 16 10 0 26 18 10 21 7 13 0 24 10 0 21 23 23 10 21 21 29 23 19 12 12
split_gain=4.3809 2.06682 1.57092 1.65723 1.42824 1.92482 1.81718 2.62058 1.09955 1.81226 1.83737 3.06667 0.900842 0.973253 0.841192 0.786259 0.899962 0.625165 0.764345 1.10464 0.53723 0.440861 0.397671 0.395543 0.697399 0.383413 0.378505 0.692276 0.350716 0.335852
threshold=0.60555468348150676 835.64285714285722 0 23.63928571428572 23.810714285714294 1738.893200549451 -0.93881210897455081 2078.6428571428573 1 25.875000000000004 0.19999999999998672 1531.6428571428576 670.50000000000011 84.500000000000014 1878.7620158893099 2 1900.5000000000002 1121.5000000000002 3 1100.5000000000002 1849.7150000000004 795.50000000000011 1358.1428571428573 897.50000000000011 927.50000000000011 31.375000000000004 1200.5000000000002 0.29999999999999788 1379.366666666667 1820.7166666666669
decision_type=2 2 9 2 2 2 2 2 9 2 2 2 2 2 2 9 2 2 9 2 2 2 2 2 2 2 2 2 2 2
left_child=4 2 3 21 5 6 7 20 22 10 14 -12 13 -5 -10 -8 -17 18 19 -6 -1 -2 26 25 -25 -4 -3 -28 -7 -9
right_child=1 8 23 12 17 28 15 29 9 -11 11 -13 -14 -15 -16 16 -18 -19 -20 -21 -22 -23 -24 24 -26 -27 27 -29 -30 -31
leaf_value=-0.90126021431372683 -0.78189922924643618 0.15663917954293088 0.018216784466771427 0.083372173308378483 0.0014121085129536221 -0.23802359688912944 0.36799888350702842 -0.35985842383891753 0.00084686805941828222 0.2103469140011327 -1.0356943147153372 0.29835514542228242 -0.11553410543027251 -0.67741078866782845 -0.44279561090228131 -0.094315176898382605 0.60988455500789474 1.6916747690684915 0.36173686605013067 -0.51068671588344872 -0.84843132893064355 -0.80244803617264693 0.84934168004321831 -0.70123108077984941 0.046568500152542928 -0.49239421255374005 0.51515886263404254 -0.18113500767335464 3.1948726337329139 1.6477842005477878
leaf_weight=30 33 829 642 68 377 72 848 43 360 828 66 46 311 202 160 891 403 5089 658 40 77 30 1128 50 45 33 172 280 1862 97
leaf_count=30 33 829 642 68 377 72 848 43 360 828 66 46 311 202 160 891 403 5089 658 40 77 30 1128 50 45 33 172 280 1862 97
internal_value=0.000191808 -4.13512e-05 -0.000369611 -0.000729771 0.000310212 0.000166859 -1.90376e-05 -0.000832661 7.60982e-05 -0.000135962 -0.000543444 -0.00171681 -0.000548969 -0.00097786 -0.000268714 7.0462e-05 -7.89272e-05 0.000409084 0.000174257 -0.000143692 -0.00200463 -0.00232031 0.000208471 -4.48143e-05 -0.000651042 2.58876e-05 7.83931e-05 -0.00014128 0.00040155 1.21534e-11
internal_weight=15770 5283 1414 644 10487 4323 2389 247 3869 1460 632 112 581 270 520 2142 1294 6164 1075 417 107 63 2409 770 95 675 1281 452 1934 140
internal_count=15770 5283 1414 644 10487 4323 2389 247 3869 1460 632 112 581 270 520 2142 1294 6164 1075 417 107 63 2409 770 95 675 1281 452 1934 140
cat_boundaries=0 1 2 3 4
cat_threshold=2199601 188670 557289 536645
is_linear=0
shrinkage=0.01


Tree=183
num_leaves=31
num_cat=0
split_feature=10 7 20 12 16 18 10 12 16 34 11 16 34 29 24 19 11 34 26 10 11 16 19 11 19 13 12 10 16 10
split_gain=4.27751 1.90101 1.50514 2.24992 4.13847 1.11759 1.91689 1.72099 1.61519 1.11188 0.99633 0.996022 0.768671 0.746047 1.12888 0.872588 0.735293 1.05754 1.29347 0.660843 0.632106 0.412936 0.757176 0.378699 0.327984 0.293953 0.224994 0.212761 0.196192 0.154465
threshold=843.21428571428589 130.50000000000003 23.810714285714294 2065.0166666666669 -0.88269356368534635 0.19999999999998672 1757.214285714286 1495.8500000000001 0.96522610578843548 4.0250000000000012 45.993011873322679 0.27694220057652758 5.0700000000000012 24.475000000000005 915.50000000000011 0.29999999999999999 116.75166926848841 5.3750000000000009 22.925000000000004 521.50000000000011 466.34472732396233 0.97872324816535838 0.39999999999999963 122.47448713917338 10.750000000000002 2336.7171488095241 892.51666666666677 657.21428571428589 -0.93197223986804445 1323.5000000000002
decision_type=2 2 2 2 2 2 2 2 2 2 2 2 2 2 2 2 2 2 2 2 2 2 2 2 2 2 2 2 2 2
left_child=10 5 3 4 9 16 7 8 -7 -3 27 -9 -12 14 23 26 21 24 -19 -17 -6 -2 -23 -14 -18 -5 -15 28 -1 -4
right_child=1 2 29 25 20 6 -8 11 -10 -11 12 -13 13 15 -16 19 17 18 -20 -21 -22 22 -24 -25 -26 -27 -28 -29 -30 -31
leaf_value=-0.17286115707300689 0.59317450894987045 -0.583454616271189 0.46014924186874562 2.2725252997532426 0.18507769761565215 0.035394057137059676 1.2978631410118984 0.1722876604660985 -0.67982687135184949 -0.55800040364249082 0.12879945054442926 -0.63931755263768064 -0.57196334108073077 -0.044251970430063604 -0.54991394601147159 -0.93389163451252633 1.2129100197927902 -0.79429683556056163 -0.036137389234756338 -0.37172477686401495 -0.22246442280486875 -0.38365326663016008 3.8708087454448674 0.17003860542239418 -0.26917289004977796 -0.44968018423752404 0.094733850110707923 0.11103388909226564 0.034395918123981052 3.1025787106472196
leaf_weight=51 1492 59 1620 1651 1030 386 332 51 39 153 137 209 84 175 36 36 897 105 1122 745 106 69 100 30 80 34 166 327 68 4380
leaf_count=51 1492 59 1620 1651 1030 386 332 51 39 153 137 209 84 175 36 36 897 105 1122 745 106 69 100 30 80 34 166 327 68 4380
internal_value=0.00019371 0.000254204 0.000340547 0.000153757 -0.000145293 9.23613e-05 -0.000197937 -0.00050656 -8.80282e-05 -0.00142723 -0.00025458 -0.00114943 -0.000386879 -0.000466614 -0.00115894 -0.000364203 0.000171366 4.62585e-05 -0.00014373 -0.000549233 8.61917e-05 0.000331227 -9.11765e-05 -0.000547826 0.00029499 0.000398873 3.07018e-05 0.00014094 -0.000170833 0.000433261
internal_weight=15770 13915 9033 3033 1348 4882 1017 685 425 212 1855 260 1409 1272 150 1122 3865 2204 1227 781 1136 1661 169 114 977 1685 341 446 119 6000
internal_count=15770 13915 9033 3033 1348 4882 1017 685 425 212 1855 260 1409 1272 150 1122 3865 2204 1227 781 1136 1661 169 114 977 1685 341 446 119 6000
is_linear=0
shrinkage=0.01


Tree=184
num_leaves=31
num_cat=4
split_feature=14 0 13 26 18 28 28 12 16 13 24 33 13 0 21 15 19 13 23 0 5 19 14 11 11 11 21 0 15 11
split_gain=4.3116 1.86697 1.72457 1.67445 1.33845 2.15927 1.09411 1.63115 3.89876 1.05193 1.03183 1.16415 0.851181 0.887232 0.809694 0.717926 1.56136 0.555076 0.52118 0.659897 0.61288 0.513404 0.700887 0.498694 0.454508 0.49308 0.489413 0.421196 0.409331 0.40104
threshold=0.60555468348150676 0 1419.0832770744794 25.875000000000004 0.19999999999998672 25.125000000000004 23.425000000000004 2075.9000000000005 -0.89405649444168434 1878.7620158893099 2327.5000000000005 161.95000000000002 1604.0368201529059 1 1327.5000000000002 0.67644692717078936 0.39999999999999963 1369.6584033583474 1150.5000000000002 2 4.5000000000000009 0.39999999999999963 0.77244481603295057 102.10347225497806 116.75166926848841 158.11388300842012 951.50000000000011 3 0.94353349168649059 417.99748911573641
decision_type=2 9 2 2 2 2 2 2 2 2 2 2 2 9 2 2 2 2 2 9 2 2 2 2 2 2 2 9 2 2
left_child=6 14 17 4 9 -6 7 8 10 -4 11 -1 13 -10 15 24 -17 -3 19 20 -8 -5 -23 -19 26 -26 -2 -9 -20 -14
right_child=1 2 3 21 5 -7 18 27 12 -11 -12 -13 29 -15 -16 16 -18 23 28 -21 -22 22 -24 -25 25 -27 -28 -29 -30 -31
leaf_value=-0.35152586981948497 0.0033161231534543766 -0.27299349752985991 -0.011467559908152115 0.24931947737886589 -0.38993639114578754 -0.8584687767559076 0.13697422138476176 -0.10129924174216036 -0.26572385385561637 -0.41303624831819818 -0.91945443214032296 -0.8212587946706037 0.66453102858616464 0.18284407323210772 0.61605827158870985 -0.35587099701923081 3.5005729169654751 -1.0390821302928805 1.7100076884995177 0.3591034844374264 -0.87906961396435013 0.46929211425056794 -0.31613596547792044 -0.37617103283676051 -0.28422787392753507 0.064869725729443092 0.65738449155480927 2.4442649555257199 -0.055788822923211363 -0.095233400802287455
leaf_weight=147 727 35 453 489 115 82 492 101 296 190 33 30 1218 295 1217 78 64 51 4749 984 59 161 564 31 272 322 432 1851 129 103
leaf_count=147 727 35 453 489 115 82 492 101 296 190 33 30 1218 295 1217 78 64 51 4749 984 59 161 564 31 272 322 432 1851 129 103
internal_value=0.00019371 -3.75662e-05 -0.000263291 -0.000191241 -0.000535077 -0.0012702 0.000311165 0.000178405 -8.94959e-06 -0.000292702 -0.00130332 -0.000907303 0.000128594 -0.00017652 0.000117195 -6.59281e-06 -0.000692308 -0.00145339 0.000393904 0.000219727 -4.35943e-05 3.86831e-05 -0.000120523 -0.00191566 4.36146e-05 -0.000173109 0.000163362 0.000387097 0.000446608 0.000272693
internal_weight=15770 5283 2171 2054 840 197 10487 4074 2122 643 210 177 1912 591 3112 1895 142 117 6413 1535 551 1214 725 82 1753 594 1159 1952 4878 1321
internal_count=15770 5283 2171 2054 840 197 10487 4074 2122 643 210 177 1912 591 3112 1895 142 117 6413 1535 551 1214 725 82 1753 594 1159 1952 4878 1321
cat_boundaries=0 1 2 3 4
cat_threshold=712942 80912 12359 264192
is_linear=0
shrinkage=0.01


Tree=185
num_leaves=31
num_cat=0
split_feature=10 15 15 10 16 13 10 20 29 11 29 34 14 26 24 33 24 16 11 24 21 26 20 16 22 18 13 18 11 19
split_gain=3.92904 1.88252 1.3155 2.08406 1.15225 1.06097 0.965123 1.53523 0.748677 0.662473 0.656061 1.14105 0.651815 1.36005 0.550434 0.495601 0.467676 1.27944 0.419744 0.419474 0.400251 0.597937 0.330756 0.322256 0.356245 0.344253 0.237528 0.3494 0.215821 0.127592
threshold=1316.0000000000002 -0.72694848937061807 0.34033495509342487 1792.9285714285718 -0.8983350073998303 1445.3702879915786 557.92857142857156 23.63928571428572 23.275000000000002 68.443579004830653 23.375000000000004 5.2250000000000005 0.82899317702918729 22.975000000000005 2392.5000000000005 0.94999999999999307 1550.5000000000002 -0.84829621879359263 316.78443916311397 1070.5000000000002 1510.5000000000002 21.725000000000005 20.925000000000004 0.69522491211780757 951.50000000000011 0.20000000000001514 2394.0003750000005 2.5999999999999934 37.400662077397932 125.45
decision_type=2 2 2 2 2 2 2 2 2 2 2 2 2 2 2 2 2 2 2 2 2 2 2 2 2 2 2 2 2 2
left_child=1 8 26 4 14 6 -3 -8 28 23 19 -12 16 -14 -4 -10 17 -5 -15 -6 22 -22 -11 24 -7 -25 -2 -28 -1 -18
right_child=2 5 3 12 10 9 7 -9 15 20 11 -13 13 18 -16 -17 29 -19 -20 -21 21 -23 -24 25 -26 -27 27 -29 -30 -31
leaf_value=-0.032961133547224006 2.239450504218679 -0.95273481322215747 -0.54409075570237142 -0.60726546235077672 -0.89597025364589922 0.011654618549329896 -0.44684892889972416 -0.043561438046232033 -0.020856744893897387 0.29976171547877672 -0.72510433886800729 0.036046897652274125 -1.1776737049525394 0.97627331081265978 -0.78050666550084347 0.51251004309591308 2.2854171280854731 1.6354745312732355 -0.29116266342911984 0.50176818175143223 0.17684350743649613 -0.21856501653074609 -0.09815497919496767 0.12871853102463721 0.74530043468405216 -0.073472838742689464 -0.76499649254946167 3.1038318618605096 -0.42191301219922744 1.768243831855502
leaf_weight=36 4286 46 47 41 87 478 47 209 224 172 174 193 46 299 30 1464 3038 126 108 813 32 47 2334 180 396 196 40 88 43 571
leaf_count=36 4286 46 47 41 87 478 47 209 224 172 174 193 46 299 30 1464 3038 126 108 813 32 47 2334 180 396 196 40 88 43 571
internal_value=0.000204852 0 0.000325741 0.000220039 -0.000117472 -0.000116361 -0.000689769 -0.000396887 0.000273473 -6.84306e-05 -3.66719e-05 -0.000398098 0.000329669 -7.70924e-06 -0.00130128 0.000322084 0.000372783 -9.82143e-05 0.000155637 9.9889e-05 -0.000161446 -0.00088125 -0.000134424 0.000115907 0.000225143 -0.000111406 0.000456852 0 -0.00063125 0.000397368
internal_weight=15891 5904 9987 5573 1344 4137 302 256 1767 3835 1267 367 4229 453 77 1688 3776 167 407 900 2585 79 2506 1250 874 376 4414 128 79 3609
internal_count=15891 5904 9987 5573 1344 4137 302 256 1767 3835 1267 367 4229 453 77 1688 3776 167 407 900 2585 79 2506 1250 874 376 4414 128 79 3609
is_linear=0
shrinkage=0.01


Tree=186
num_leaves=31
num_cat=2
split_feature=10 17 0 34 27 0 10 20 12 13 22 11 16 26 29 20 5 7 16 29 28 14 13 5 10 10 11 34 14 26
split_gain=3.88801 1.31902 1.33971 1.27502 1.02507 1.05032 1.14984 1.44841 1.01018 0.918691 1.77654 0.812958 0.775166 0.766081 0.73663 0.628008 0.665273 0.785667 0.608639 0.588576 0.805262 0.487996 0.44795 0.457589 0.406757 0.302533 1.25307 1.24927 0.51333 0.294805
threshold=1316.0000000000002 0.32207272259607772 0 6.2950000000000008 1.0000000180025095e-35 1 1792.9285714285718 25.717857142857145 633.28333333333342 2336.7171488095241 3598.4100000000003 68.443579004830653 0.5331367478917558 21.625000000000004 23.225000000000005 21.003571428571433 1.5000000000000002 342.50000000000006 -0.97113884758256674 22.525000000000002 28.775000000000002 0.77244481603295057 1501.0473858439698 1.5000000000000002 825.14285714285722 2057.2142857142862 316.78443916311397 3.9300000000000002 -0.59176244063315286 28.925000000000004
decision_type=2 2 9 2 2 9 2 2 2 2 2 2 2 2 2 2 2 2 2 2 2 2 2 2 2 2 2 2 2 2
left_child=1 2 3 8 5 25 7 13 -1 21 -11 22 -10 -7 15 -3 -17 -18 -6 -13 -21 -8 23 -4 29 26 28 -28 -2 -5
right_child=4 14 11 24 18 6 9 -9 12 10 -12 19 -14 -15 -16 16 17 -19 -20 20 -22 -23 -24 -25 -26 -27 27 -29 -30 -31
leaf_value=-0.62732544383884814 -0.34815331488336904 0.45266937886865022 0.083256454233160831 -0.54740980630857661 -0.52799372794971167 0.11924212945127277 2.0333946211327385 1.1617818849925665 -0.1133370424872618 0.28727512889067602 -3.9943018459645323 -0.20751916544978863 -0.38266072107200705 -0.50866345865810469 0.28706743106805066 0.078806867981112236 -0.40211482861214004 0.36776264547097454 2.3709677901774215 0.054839566636835077 -0.17594598121184735 -0.032131602895188294 0.11546248477861688 -0.32405371577463998 0.28764613397420469 2.7978341271149159 0.5454857481706713 -0.62650922201102366 0.91073319123281093 -0.13647898088126184
leaf_weight=36 59 205 67 62 62 172 1197 232 225 129 38 44 216 334 1410 111 127 61 4383 896 875 168 1096 125 213 1634 91 64 1424 135
leaf_count=36 59 205 67 62 62 172 1197 232 225 129 38 44 216 334 1410 111 127 61 4383 896 875 168 1096 125 213 1634 91 64 1424 135
internal_value=0.000205481 3.38709e-07 -0.000101478 -0.000441537 0.000325741 0.000231102 5.91846e-05 -0.000258457 -0.000798117 0.000219178 -0.000455357 0 -0.000632353 -0.000566075 0.000217755 -9.50495e-05 -0.000401667 -0.000772487 0.000441408 -0.000139042 -0.00010412 0.000309297 0.000189294 -0.000227979 -1.21654e-05 0.000346025 0.00023734 -0.000592949 0.000331199 -0.000361111
internal_weight=15891 5904 3990 887 9987 5542 2270 738 477 1532 167 3103 441 506 1914 504 299 188 4445 1815 1771 1365 1288 192 410 3272 1638 155 1483 197
internal_count=15891 5904 3990 887 9987 5542 2270 738 477 1532 167 3103 441 506 1914 504 299 188 4445 1815 1771 1365 1288 192 410 3272 1638 155 1483 197
cat_boundaries=0 1 2
cat_threshold=2626049 189155
is_linear=0
shrinkage=0.01


Tree=187
num_leaves=31
num_cat=3
split_feature=22 15 0 7 0 32 13 29 12 34 12 13 11 7 7 13 7 34 33 7 11 21 0 12 11 20 13 21 12 22
split_gain=3.17835 1.53351 2.00266 1.51599 1.31215 2.24668 1.13179 1.09204 1.47759 2.45332 2.68201 1.00698 1.269 1.283 0.938897 0.698372 0.9269 0.551576 0.545085 0.512613 0.507176 0.445988 0.421146 0.360762 0.34655 0.720391 0.335903 0.616704 0.323843 0.332304
threshold=1100.5000000000002 -0.72694848937061807 0 101.50000000000001 1 0.20000000000001514 1641.3143167721489 22.525000000000002 2065.0166666666669 3.8950000000000005 1841.8166666666668 1746.5969579516093 141.42135623730962 254.50000000000003 57.500000000000007 1876.3042325817323 51.500000000000007 7.4150000000000009 0.94999999999999307 21.500000000000004 122.47448713917338 1298.5000000000002 2 1396.6833333333336 110.33153499920104 29.76071428571429 1450.9278169014087 753.00000000000011 1495.8500000000001 1000.5000000000001
decision_type=2 2 9 2 9 2 2 2 2 2 2 2 2 2 2 2 2 2 2 2 2 2 9 2 2 2 2 2 2 2
left_child=1 18 11 4 5 15 19 8 9 23 -11 12 13 -3 -8 -2 -17 -6 22 -7 -19 -14 -1 -5 -13 -26 27 -4 -28 -30
right_child=3 2 26 7 17 6 14 -9 -10 10 -12 24 21 -15 -16 16 -18 20 -20 -21 -22 -23 -24 -25 25 -27 28 -29 29 -31
leaf_value=0.18563013682970933 0.39096606397225531 -0.51495842083691512 -0.10655609440222343 -0.20765108122422762 0.44021332678273906 -0.93696411433596283 1.5669073230927506 1.3733753453553388 1.8786977804678098 -0.22255650292235643 -1.1784593430272376 0.31819830997734638 0.11202945773779582 0.6677697118006185 -0.76363569913671769 2.1598001787788492 -0.49761697753965795 1.0233275515760076 0.43307435477247402 -0.413056285357494 -0.55672815957361743 -0.20759443997413812 -0.093279699834034974 2.0583341930527368 -0.9771955133319068 0.1836860604322397 0.029101073133729477 -0.46409898706994612 -0.1999576577664374 0.038456962393871134
leaf_weight=110 876 368 136 91 2192 40 79 6236 1175 220 54 138 132 57 74 88 183 49 1044 44 46 30 113 358 46 69 1659 39 83 62
leaf_count=110 876 368 136 91 2192 40 79 6236 1175 220 54 138 132 57 74 88 183 49 1044 44 46 30 113 358 46 69 1659 39 83 62
internal_value=0.000199818 -3.84145e-05 -0.00017039 0.000283119 0.00011043 -0.000127599 -0.00101471 0.000359803 0.000141654 -0.00020511 -0.000956364 -0.000575793 -0.000810374 -0.00109742 -0.000412338 4.66028e-05 -0.000384191 0.000258268 0.00024724 -0.00197647 -0.000442708 0 -0.000171875 0.000232222 -1.37795e-05 -0.000452586 0 -0.000411932 4.54294e-05 -0.000393836
internal_weight=15891 4086 2819 11805 3671 1384 237 8134 1898 723 274 840 587 425 153 1147 271 2287 1267 84 95 162 223 449 253 115 1979 175 1804 145
internal_count=15891 4086 2819 11805 3671 1384 237 8134 1898 723 274 840 587 425 153 1147 271 2287 1267 84 95 162 223 449 253 115 1979 175 1804 145
cat_boundaries=0 1 2 3
cat_threshold=2625569 4004880 34010
is_linear=0
shrinkage=0.01


Tree=188
num_leaves=31
num_cat=3
split_feature=14 12 20 13 23 33 12 11 14 13 0 13 21 0 13 12 0 7 14 24 11 7 12 23 20 13 25 16 33 26
split_gain=3.2939 1.4413 1.28908 2.02239 1.17427 1.28328 1.75116 1.10172 1.30789 1.06595 0.983006 1.07041 0.834982 0.805325 0.920895 0.792548 0.916709 0.795527 1.97245 0.728649 0.695023 0.691794 1.43461 0.678863 0.993433 0.517058 0.878777 0.455448 0.395649 0.359475
threshold=0.60555468348150676 641.93333333333351 23.810714285714294 1604.0368201529059 2425.1300000000006 7.1499999999999995 1666.8000000000002 116.75166926848841 0.82414472752956958 1594.6983772819474 0 1736.7675285229334 997.50000000000011 1 1584.1076928982275 1081.1666666666667 2 226.50000000000003 -0.9259986516102553 1210.5000000000002 219.85260209804804 42.500000000000007 1344.9000000000003 677.50000000000011 28.996428571428577 2336.7171488095241 3700.5000000000005 -0.84829621879359263 0.8999999999999998 22.225000000000005
decision_type=2 2 2 2 2 2 2 2 2 2 9 2 2 9 2 2 9 2 2 2 2 2 2 2 2 2 2 2 2 2
left_child=2 23 3 4 5 9 -7 12 29 -1 -10 -12 13 14 -3 16 17 -4 -19 20 -5 22 -14 24 28 27 -27 -21 -2 -9
right_child=1 7 15 19 -6 6 -8 8 10 -11 11 -13 21 -15 -16 -17 -18 18 -20 25 -22 -23 -24 -25 -26 26 -28 -29 -30 -31
leaf_value=0.13489872570514316 -0.31283850581418043 -0.56190175434990608 0.041993887722132611 0.14957147066656912 2.168200926908304 -0.22486580784246205 -0.90968240787189913 -0.060030167269884062 0.06369661304192531 -0.6848536287288961 0.017713297494106814 -0.38184031059947937 -0.51471211925741844 0.028960577115688016 -0.039659346121502487 1.7775315976318555 0.35117566933537187 0.15610119320520405 -0.44904351470689213 0.27376895919720728 -0.52162322464235122 0.66326657870823225 3.4625745418963594 0.26178778506800399 -0.089536242157063947 -4.2426776054004032 3.4817441985729833 1.3203882766256985 -0.65262878172088867 0.98442426614297718
leaf_weight=392 33 68 458 168 254 324 90 227 557 46 373 843 49 896 194 4888 725 54 41 661 70 1428 83 42 64 30 46 2324 42 421
leaf_count=392 33 68 458 168 254 324 90 227 557 46 373 843 49 896 194 4888 725 54 41 661 70 1428 83 42 64 30 46 2324 42 421
internal_value=0.000201076 0 0.000303207 0.00016852 -0.000196025 -0.000379836 -0.000778313 2.90856e-05 -0.000123658 0 -0.000266911 -0.000425428 0.000168812 -2.67472e-05 -0.000509157 0.000397762 0.000163409 -0.000130319 -0.000963542 0.000293788 -0.000213389 0.000320308 -0.000330827 -0.000876374 -0.00121786 0.000336545 -0.000415584 0.000359176 -0.00200658 0.000252696
internal_weight=15891 5320 10571 4405 1106 852 414 5139 2421 438 1773 1216 2718 1158 262 6166 1278 553 95 3299 238 1560 132 181 139 3061 76 2985 75 648
internal_count=15891 5320 10571 4405 1106 852 414 5139 2421 438 1773 1216 2718 1158 262 6166 1278 553 95 3299 238 1560 132 181 139 3061 76 2985 75 648
cat_boundaries=0 1 2 3
cat_threshold=1622044 3227656 2633793
is_linear=0
shrinkage=0.01


Tree=189
num_leaves=31
num_cat=2
split_feature=10 0 18 15 10 0 22 16 13 17 12 34 32 14 26 26 28 19 14 32 34 21 28 28 14 26 33 12 23 32
split_gain=4.02741 1.50765 1.61577 1.33672 2.06219 1.51449 1.11069 0.897702 1.35673 1.25115 0.839635 0.8311 2.12933 0.781627 1.32763 0.730729 0.820483 0.861247 0.667452 0.551041 1.14866 0.462168 0.441149 0.473604 0.437597 0.415614 0.37428 0.353679 0.331819 0.296533
threshold=1316.0000000000002 0 2.800000000000002 0.34033495509342487 1792.9285714285718 1 637.50000000000011 0.14250626876356556 1570.8467598893196 -0.92682582346012798 1529.7166666666669 3.2750000000000004 0.30000000000001609 0.82899317702918729 22.975000000000005 27.825000000000006 28.775000000000002 0.80000000000000038 -0.38242426011641079 1.500000000000002 6.6800000000000006 1796.2950000000003 29.075000000000006 30.475000000000005 -0.73282214301478099 30.525000000000002 0.80000000000000038 2161.7833333333338 830.50000000000011 135.35000000000002
decision_type=2 9 2 2 2 9 2 2 2 2 2 2 2 2 2 2 2 2 2 2 2 2 2 2 2 2 2 2 2 2
left_child=1 6 15 -2 5 11 19 25 24 -10 -6 -5 -13 -12 -15 16 18 -18 -3 20 -1 -7 -17 -24 -9 -8 -22 -23 -27 -4
right_child=3 2 29 4 10 21 7 8 9 -11 13 12 -14 14 -16 22 17 -19 -20 -21 26 27 23 -25 -26 28 -28 -29 -30 -31
leaf_value=-0.72353930211733875 2.0788122017639061 -0.089485231081121275 0.49804143803162754 1.9525710020972669 -0.5659818371338674 0.47992863490483517 0.17656503277324107 -0.20749610244812394 0.14803041576721054 -0.39733698716780458 2.0414707425499952 -0.4433350566160692 -0.86236358299752991 -1.1571814890511869 0.34184104732083315 0.24070202479497557 -0.07298047441466525 -0.55703931722170208 -0.0047997114311520558 0.069699091713385161 0.068405406948623237 -0.26744043327494516 -0.071733654813541714 0.15908775242329223 0.024682797806893756 -0.44513199891699656 -0.65441376332352619 0.92281966172103569 -0.011107018992235247 -0.18109393161510567
leaf_weight=75 4414 45 1368 60 37 688 698 47 72 170 3739 271 72 46 407 430 134 152 1026 45 39 177 590 365 381 51 57 76 106 53
leaf_count=75 4414 45 1368 60 37 688 698 47 72 170 3739 271 72 46 407 430 134 152 1026 45 39 177 590 365 381 51 57 76 106 53
internal_value=0.000202335 -3.04825e-06 9.85865e-05 0.00032474 0.000218245 -0.000117472 -0.000250856 -0.000149083 -0.000424739 -0.00102469 0.000327305 -0.000624396 -0.000838663 0.000342476 -2.97357e-05 -3.97375e-05 -0.00020729 -0.000686411 -6.94963e-05 -0.000930876 -0.00118895 9.5063e-05 0.000117244 0 -6.0606e-05 5.54907e-05 -0.000329897 -0.00025 -0.00038924 0.000373066
internal_weight=15891 5904 4163 9987 5573 1344 1741 1525 670 242 4229 403 343 4192 453 2742 1357 286 1071 216 171 941 1385 955 428 855 96 253 157 1421
internal_count=15891 5904 4163 9987 5573 1344 1741 1525 670 242 4229 403 343 4192 453 2742 1357 286 1071 216 171 941 1385 955 428 855 96 253 157 1421
cat_boundaries=0 1 2
cat_threshold=2634241 1575962
is_linear=0
shrinkage=0.01


Tree=190
num_leaves=31
num_cat=3
split_feature=10 7 0 15 10 0 0 18 18 23 25 16 10 24 21 11 25 20 17 26 15 12 12 29 18 26 26 7 7 34
split_gain=3.60392 1.43776 1.21803 1.20396 1.8198 1.23322 1.19555 1.0772 1.15637 1.03565 0.881028 1.60637 1.23367 0.866854 0.729991 0.683376 0.846152 0.765445 0.640198 0.611835 0.608538 0.497629 0.43963 0.59895 0.489077 0.39083 0.899188 0.336099 0.566663 0.307636
threshold=1332.214285714286 109.50000000000001 0 0.29137697329261131 1778.6428571428576 1 2 0.099999999999986697 0.30000000000000893 1347.5000000000002 1320.5000000000002 -0.96688789938088693 2214.3571428571436 853.00000000000011 1930.5000000000002 67.259270913407605 1593.0000000000002 29.43214285714286 0.052657569964411031 21.025000000000002 0.81304046271159414 1600.0166666666669 652.60000000000014 29.225000000000005 0.19999999999998672 21.925000000000001 22.575000000000006 236.50000000000003 252.50000000000003 5.3750000000000009
decision_type=2 2 9 2 2 9 9 2 2 2 2 2 2 2 2 2 2 2 2 2 2 2 2 2 2 2 2 2 2 2
left_child=1 6 15 -2 5 9 7 25 13 -5 11 12 -6 -9 -7 17 -17 18 -3 -11 -16 -10 23 -4 -25 -1 -27 -24 -29 -12
right_child=3 2 22 4 10 14 -8 8 21 19 29 -13 -14 -15 20 16 -18 -19 -20 -21 -22 -23 27 24 -26 26 -28 28 -30 -31
leaf_value=0.49189280068505092 2.2308968116098713 -0.59323618826896318 0.15160968539498895 0.73487709578632543 -0.88838638943216197 0.47505436952318547 0.00050025699578593887 -0.63983068534527265 -0.092910284875946408 0.51616134279562398 2.5827751552690001 1.4163375640831439 0.088329137967715771 -0.63334877381826094 -0.38776818000705621 0.211822277493147 -1.8880420060398013 0.0070733815766506284 -0.1290522846752733 -0.44479790758463311 1.1302313306717426 -0.50332969313463449 0.26229650080274153 -0.042831730806493898 -0.22597169586334473 -0.42614628448084191 -0.18915186258835753 -0.10842135531134126 0.14999866505663689 0.21840680304683782
leaf_weight=119 4102 56 111 110 47 685 1493 65 113 110 3504 196 30 41 37 305 56 85 121 400 36 37 2335 48 42 51 492 93 386 599
leaf_count=119 4102 56 111 110 47 685 1493 65 113 110 3504 196 30 41 37 305 56 85 121 400 36 37 2335 48 42 51 492 93 386 599
internal_value=0.000209512 1.56198e-05 0.000142622 0.000327483 0.000230582 -8.04931e-05 -0.000171849 -0.000453175 -0.00101946 -0.000412044 0.00033082 -0.000195255 -0.00142949 -0.00184112 0.000180754 -0.00025 1.38123e-06 -0.000642586 -0.00101966 -0.000616438 -0.000722973 -0.000364238 0.000227198 -0.000195545 -0.000824176 -0.000224736 -0.000346507 0.000261812 0 0.000368299
internal_weight=15905 6049 3638 9856 5754 1378 2411 918 256 620 4376 273 77 106 758 623 361 262 177 510 73 150 3015 201 90 662 543 2814 479 4103
internal_count=15905 6049 3638 9856 5754 1378 2411 918 256 620 4376 273 77 106 758 623 361 262 177 510 73 150 3015 201 90 662 543 2814 479 4103
cat_boundaries=0 1 2 3
cat_threshold=537088 3214394 3217441
is_linear=0
shrinkage=0.01


Tree=191
num_leaves=31
num_cat=2
split_feature=10 0 15 15 10 0 16 25 10 23 34 7 25 16 10 18 21 19 21 14 11 32 33 14 19 23 13 31 32 20
split_gain=3.58643 1.51053 1.3697 1.15627 1.98113 1.49758 1.12235 2.18633 1.06405 0.88898 1.15197 1.1127 0.791246 1.68087 1.23367 0.757607 0.703546 0.609034 0.565809 0.508397 0.706954 0.50607 0.435966 0.41206 0.4509 0.557089 0.449718 0.342216 0.33587 0.326175
threshold=1185.7857142857144 0 -0.72694848937061807 0.27487873330147788 1757.214285714286 1 0.69522491211780757 1210.5000000000002 757.71428571428589 1850.5000000000002 3.7350000000000008 19.500000000000004 1320.5000000000002 -0.96688789938088693 2214.3571428571436 2.800000000000002 1170.5000000000002 2.9499999999999971 1750.5000000000002 0.8697513045430848 316.78443916311397 0.30000000000001609 0.39999999999999963 0.95998215779580554 0.4000000000000003 945.50000000000011 1584.1076928982275 19.200000000000006 32.500000000000028 25.496428571428577
decision_type=2 9 2 2 2 9 2 2 2 2 2 2 2 2 2 2 2 2 2 2 2 2 2 2 2 2 2 2 2 2
left_child=1 2 27 -2 5 9 8 28 17 11 -11 -5 13 14 -6 23 -10 -4 29 -14 -21 -20 -9 26 -25 -26 -3 -1 -8 -7
right_child=3 15 6 4 12 18 7 22 16 10 -12 -13 19 -15 -16 -17 -18 -19 21 20 -22 -23 -24 24 25 -27 -28 -29 -30 -31
leaf_value=0.14326425181305916 1.4027594544817503 -0.037811061998034516 -0.26901185832191926 -0.43951893660974756 -0.87950252553784014 0.70235289014674307 -0.6044094204627215 -0.42264468707476971 0.072610414196361925 2.5371499708832648 -0.58686637545592502 0.0092432892698929188 2.0686073837859036 1.5143156190914502 0.087445846588038001 0.42390046571877293 -0.35950063446727643 -0.93299943480491254 0.0021882605942759401 0.49074926634892679 -0.44324314991632585 -0.74457318951978069 1.1539420073151185 0.050151895568095704 -0.073469232810119384 -0.48829515036964866 0.1284250280683496 -0.20866482709715975 -0.23533063853604713 -0.13783118210034886
leaf_weight=574 4916 501 243 123 47 685 60 93 604 56 118 452 3916 215 30 883 122 113 158 229 71 58 63 222 239 162 794 30 40 88
leaf_count=574 4916 501 243 123 47 685 60 93 604 56 118 452 3916 215 30 883 122 113 158 229 71 58 63 222 239 162 794 30 40 88
internal_value=0.000213913 -1.44393e-05 -0.000229903 0.000311834 0.000218185 -6.38298e-05 -0.000411501 -0.00101946 -0.000257618 -0.000401974 -0.00104571 -0.000195312 0.00032912 -0.000150171 -0.00142949 0.000131757 -2.33838e-05 -0.000705882 0.0001845 0.000364714 0 -0.000239631 -0.000203822 1.51121e-05 -0.000189904 -0.000396766 0.000121528 0.000152066 -0.00217822 0.000318475
internal_weight=15905 4743 1942 11162 6246 1738 1338 256 1082 749 174 575 4508 292 77 2801 726 356 989 4216 300 216 156 1918 623 401 1295 604 100 773
internal_count=15905 4743 1942 11162 6246 1738 1338 256 1082 749 174 575 4508 292 77 2801 726 356 989 4216 300 216 156 1918 623 401 1295 604 100 773
cat_boundaries=0 1 2
cat_threshold=3682849 2165818
is_linear=0
shrinkage=0.01


Tree=192
num_leaves=31
num_cat=0
split_feature=10 15 15 10 13 34 26 13 7 18 25 7 25 16 10 21 28 14 11 34 34 13 16 12 31 12 13 14 11 23
split_gain=3.65199 1.48285 1.13761 1.77345 0.97742 1.60025 1.07366 0.795297 0.732777 1.11202 0.708437 1.38226 0.678692 1.43441 1.04217 0.634778 0.611694 0.598891 0.611243 0.513648 0.46064 0.942466 0.359729 0.339668 0.391202 0.331177 0.32612 0.334296 0.290523 0.272933
threshold=1185.7857142857144 -0.72694848937061807 0.27487873330147788 1757.214285714286 1724.8610002418966 3.5850000000000004 25.175000000000008 1641.3143167721489 19.500000000000004 0.30000000000001609 1411.5000000000002 47.500000000000007 1320.5000000000002 -0.96688789938088693 2214.3571428571436 1197.5000000000002 29.725000000000005 0.83849049182116964 316.78443916311397 4.4650000000000007 4.3450000000000006 1843.3106933118563 -0.7614135502316719 663.01666666666677 20.750000000000004 633.28333333333342 2336.7171488095241 0.97112537654464559 197.33522101713413 1550.5000000000002
decision_type=2 2 2 2 2 2 2 2 2 2 2 2 2 2 2 2 2 2 2 2 2 2 2 2 2 2 2 2 2 2
left_child=1 23 26 4 8 -6 -7 10 9 -4 11 19 13 14 -5 -9 -13 29 -19 -3 -17 -22 -12 25 -25 -1 -2 -28 -10 -14
right_child=2 7 3 12 5 6 -8 15 28 -11 22 16 17 -15 -16 20 -18 18 -20 -21 21 -23 -24 24 -26 -27 27 -29 -30 -31
leaf_value=0.022211884919643956 1.4166797581401549 -0.13719902409024812 0.020769868404588391 -0.87070750028246136 1.7206153189063573 -0.7534791085856698 -0.016521687538340872 0.044692675645881155 0.73596844695626706 -0.73561161341968007 -0.043833959589319009 -0.066142162716559844 -0.17316267538433758 1.4991724629005356 0.086571388122157755 0.69872387793077606 -0.62754940532213832 0.47651504220214413 -0.34017581553946491 -0.5058809486168071 -0.67484430885932467 -0.08234552008915666 0.21695013232303617 0.38183394301370294 -0.29211138301656603 -0.23731553119477444 2.2556530435574667 -0.30851883788345374 0.01067230350219626 2.3039911178581618
leaf_weight=139 4729 31 206 47 156 209 132 1569 571 65 30 954 122 215 30 54 157 303 116 64 86 167 240 1149 36 67 136 51 399 3675
leaf_count=139 4729 31 206 47 156 209 132 1569 571 65 30 954 122 215 30 54 157 303 116 64 86 167 240 1149 36 67 136 51 399 3675
internal_value=0.000213913 -1.65472e-05 0.00031273 0.000219786 -4.65785e-05 -0.000424699 -0.000817251 -0.000132419 9.70209e-05 -0.000347426 -0.000306026 -0.000411765 0.000324684 -0.000116041 -0.00130128 0 -0.000300809 0.0003576 0 -0.00158854 -0.000410714 -0.000604331 0.000129151 0.000255388 0.000322513 -8.21256e-05 0.000428717 0 0.00023172 0.000397183
internal_weight=15905 4743 11162 6246 1738 497 341 3352 1241 271 1476 1206 4508 292 77 1876 1111 4216 419 95 307 253 270 1391 1185 206 4916 187 970 3797
internal_count=15905 4743 11162 6246 1738 497 341 3352 1241 271 1476 1206 4508 292 77 1876 1111 4216 419 95 307 253 270 1391 1185 206 4916 187 970 3797
is_linear=0
shrinkage=0.01


Tree=193
num_leaves=31
num_cat=3
split_feature=10 23 10 11 13 30 15 0 0 30 15 12 10 0 28 21 15 13 19 10 28 12 15 10 11 15 34 24 20 10
split_gain=3.66305 1.74704 1.45811 1.23836 1.58726 1.36822 0.903099 0.883739 0.830594 0.851265 0.79594 1.5092 0.713094 0.671577 0.524419 0.496748 0.487932 0.477129 1.07944 0.561138 0.429219 0.408546 0.310787 0.509258 0.636347 0.929131 0.254825 0.251563 0.222482 0.209298
threshold=1531.6428571428576 1771.5000000000002 785.78571428571433 193.03342913057412 1724.8610002418966 25.075000000000006 -0.73865259438682551 0 1 24.625000000000004 0.37247810748448967 1698.2833333333335 1341.0000000000002 2 28.225000000000005 877.50000000000011 0.1573897509163161 1916.0678273339565 2.049999999999994 1735.7857142857144 23.275000000000002 652.60000000000014 0.34033495509342487 2057.2142857142862 387.23238612948052 0.89691351184655443 3.7350000000000008 1070.5000000000002 21.582142857142863 843.21428571428589
decision_type=2 2 2 2 2 2 2 9 9 2 2 2 2 9 2 2 2 2 2 2 2 2 2 2 2 2 2 2 2 2
left_child=1 2 8 -3 28 -6 20 10 9 16 -2 -12 13 -8 -11 21 -1 19 -19 -13 -4 -10 -9 24 26 -26 -24 -14 -5 -22
right_child=7 3 6 4 5 -7 12 22 15 14 11 17 27 -15 -16 -17 -18 18 -20 -21 29 -23 23 -25 25 -27 -28 -29 -30 -31
leaf_value=-0.60771473389753017 2.1122158932416784 0.11473584673723362 -0.16119956124038276 -0.39788846967531066 -0.87085570269919588 -0.23219529130350719 -0.056296152987500729 3.1480562302972004 -0.12518418729283609 0.12325193162369061 -0.95543839015964316 -0.37806092672989117 -0.56386581453443874 0.055032575458978161 -0.42770867174263272 -0.3990279193775485 -0.27783857214652891 -0.989177376019856 0.32120459953036246 1.1257812289129856 0.012439004653219461 0.091273681348349969 2.1716207709398021 2.1728008330712298 -0.82863544271101475 1.1683600584836991 0.023250223051143472 0.73170279552928308 0.14729760166875333 0.75974479867494071
leaf_weight=89 665 89 92 30 48 34 1234 2814 122 199 40 79 104 1950 447 30 66 35 75 581 112 425 631 2686 65 73 734 803 40 1513
leaf_count=89 665 89 92 30 48 34 1234 2814 122 199 40 79 104 1950 447 30 66 35 75 581 112 425 631 2686 65 73 734 803 40 1513
internal_value=0.000212656 4.89365e-05 7.83359e-05 -0.000783058 -0.00133333 -0.00227711 0.000148735 0.000354877 -0.000211022 -0.000418103 0.000119448 -8.0148e-05 6.48827e-05 -2.51176e-06 -0.000242658 6.54762e-05 -0.00110577 6.4851e-06 -0.000585586 0.000121029 0.000342549 0.000152372 0.000402267 0.000339976 0.000180519 -0.000438849 0.000250732 0.000312225 -7.04225e-05 0.000382841
internal_weight=15905 7427 7186 241 152 82 5808 8478 1378 801 1475 810 4091 3184 646 577 155 770 110 660 1717 547 7003 4189 1503 138 1365 907 70 1625
internal_count=15905 7427 7186 241 152 82 5808 8478 1378 801 1475 810 4091 3184 646 577 155 770 110 660 1717 547 7003 4189 1503 138 1365 907 70 1625
cat_boundaries=0 1 2 3
cat_threshold=1314308 3272737 2694661
is_linear=0
shrinkage=0.01


Tree=194
num_leaves=31
num_cat=0
split_feature=10 7 18 18 25 32 10 14 26 34 32 10 24 25 11 16 18 11 10 28 26 26 32 11 14 14 23 28 7 34
split_gain=3.70744 1.59291 1.05218 1.58444 0.950875 0.82672 0.863246 1.44438 2.14698 1.40449 1.0938 0.798526 0.797553 0.819717 0.710019 0.588887 0.603585 0.572472 0.500212 0.807235 0.485002 0.685496 0.472145 0.432005 0.421042 0.943477 1.2618 0.464764 0.446721 0.398596
threshold=1332.214285714286 109.50000000000001 0.10000000000001512 0.30000000000000893 1796.2950000000003 6.9500000000000011 2321.5000000000005 -0.44504625642270151 22.525000000000002 4.0250000000000012 5.900000000000003 1757.214285714286 853.00000000000011 1347.5000000000002 123.92393980643335 -0.88622299073327826 24.800000000000011 221.99037270517877 750.07142857142867 30.475000000000005 21.925000000000001 22.375000000000004 0.60000000000001519 114.43442705434218 -0.68430824382591193 -0.9259986516102553 1051.5000000000002 23.275000000000002 342.50000000000006 5.995000000000001
decision_type=2 2 2 2 2 2 2 2 2 2 2 2 2 2 2 2 2 2 2 2 2 2 2 2 2 2 2 2 2 2
left_child=1 2 20 12 -5 6 7 8 9 -2 17 -12 29 -14 -6 16 -7 -9 19 -3 -1 -22 -21 -23 25 -20 -27 28 -26 -4
right_child=5 18 3 4 14 15 -8 10 -10 -11 11 -13 13 -15 -16 -17 -18 -19 24 22 21 23 -24 -25 27 26 -28 -29 -30 -31
leaf_value=0.42520622776731232 -1.1168045547338044 0.0058902557886455443 -0.75373055794920774 0.061867742436826807 0.34155561413263597 1.0158538373635408 2.6374998516311963 1.176845439687338 0.29048048889303824 -0.56041415869970568 -0.96710914357597377 0.077847755115725448 -1.2298096973929231 -0.033100001903347269 -0.50130424174220256 2.5353699637061196 -0.71869612692261575 0.017142151544044689 0.70903381791106368 -0.014742692299933481 -0.52459840437244454 0.038398554118756305 -1.1252172110517209 -0.21523368149400346 -0.075357322915068761 -0.4422722697305238 0.017785569418387298 0.28168769230785468 0.82447973855538781 -0.089991227227303558
leaf_weight=300 51 499 50 280 35 157 2117 2225 217 82 58 44 43 30 73 3732 54 1119 215 39 76 808 37 661 148 68 135 2391 106 55
leaf_count=300 51 499 50 280 35 157 2117 2225 217 82 58 44 43 30 73 3732 54 1119 215 39 76 808 37 661 148 68 135 2391 106 55
internal_value=0.000213913 1.72727e-05 -0.000180141 -0.000559083 -0.000169666 0.00033357 0.000254735 0.000160126 -0.000441595 -0.00144403 0.000224253 -0.00076699 -0.00134637 -0.00220946 -0.000972477 0.000449163 -2.12264e-05 0.000257698 0.000150866 -0.000108507 -5.8234e-05 -0.000134217 -0.00106494 -7.85714e-05 0.000202839 -7.39857e-05 -0.000580882 0.000250378 -0.000129412 -0.000636792
internal_weight=15905 6049 2411 566 388 9856 5913 3796 350 133 3446 102 178 73 108 3943 211 3344 3638 575 1845 1545 76 1469 3063 418 203 2645 254 105
internal_count=15905 6049 2411 566 388 9856 5913 3796 350 133 3446 102 178 73 108 3943 211 3344 3638 575 1845 1545 76 1469 3063 418 203 2645 254 105
is_linear=0
shrinkage=0.01


end of trees

feature_importances:
price_roll_mean_7=623
mandi_name=552
price_expanding_mean=552
sin_365_1=484
price_roll_mean_30=415
day_of_year=334
price_roll_std_7=295
sin_365_2=264
temp_7d_avg=244
cos_365_1=241
rainfall_30d_sum=237
precip_roll30=189
precip_roll7=169
price_lag_30=156
rainfall_7d_sum=139
price_lag_7=130
evapotrans_lag1=122
temp_mean=110
price_lag_14=98
price_lag_9=96
temp_lag1=86
price_lag_8=83
temp_mean_lag7=74
cos_365_2=68
month=31
variety=24
temp_lag7=17
day_of_week=6
precip_lag1=6
rainfall_lag7=4

parameters:
[boosting: gbdt]
[objective: quantile]
[metric: quantile]
[tree_learner: serial]
[device_type: cpu]
[data_sample_strategy: bagging]
[data: ]
[valid: ]
[num_iterations: 3000]
[learning_rate: 0.01]
[num_leaves: 31]
[num_threads: 0]
[seed: 42]
[deterministic: 0]
[force_col_wise: 0]
[force_row_wise: 0]
[histogram_pool_size: -1]
[max_depth: 6]
[min_data_in_leaf: 30]
[min_sum_hessian_in_leaf: 0.001]
[bagging_fraction: 0.8]
[pos_bagging_fraction: 1]
[neg_bagging_fraction: 1]
[bagging_freq: 5]
[bagging_seed: 400]
[bagging_by_query: 0]
[feature_fraction: 0.8]
[feature_fraction_bynode: 1]
[feature_fraction_seed: 30056]
[extra_trees: 0]
[extra_seed: 12879]
[early_stopping_round: 0]
[early_stopping_min_delta: 0]
[first_metric_only: 0]
[max_delta_step: 0]
[lambda_l1: 1]
[lambda_l2: 1]
[linear_lambda: 0]
[min_gain_to_split: 0]
[drop_rate: 0.1]
[max_drop: 50]
[skip_drop: 0.5]
[xgboost_dart_mode: 0]
[uniform_drop: 0]
[drop_seed: 17869]
[top_rate: 0.2]
[other_rate: 0.1]
[min_data_per_group: 100]
[max_cat_threshold: 32]
[cat_l2: 10]
[cat_smooth: 10]
[max_cat_to_onehot: 4]
[top_k: 20]
[monotone_constraints: ]
[monotone_constraints_method: basic]
[monotone_penalty: 0]
[feature_contri: ]
[forcedsplits_filename: ]
[refit_decay_rate: 0.9]
[cegb_tradeoff: 1]
[cegb_penalty_split: 0]
[cegb_penalty_feature_lazy: ]
[cegb_penalty_feature_coupled: ]
[path_smooth: 0]
[interaction_constraints: ]
[verbosity: -1]
[saved_feature_importance_type: 0]
[use_quantized_grad: 0]
[num_grad_quant_bins: 4]
[quant_train_renew_leaf: 0]
[stochastic_rounding: 1]
[linear_tree: 0]
[max_bin: 255]
[max_bin_by_feature: ]
[min_data_in_bin: 3]
[bin_construct_sample_cnt: 200000]
[data_random_seed: 175]
[is_enable_sparse: 1]
[enable_bundle: 1]
[use_missing: 1]
[zero_as_missing: 0]
[feature_pre_filter: 1]
[pre_partition: 0]
[two_round: 0]
[header: 0]
[label_column: ]
[weight_column: ]
[group_column: ]
[ignore_column: ]
[categorical_feature: 0,1,2,3]
[forcedbins_filename: ]
[precise_float_parser: 0]
[parser_config_file: ]
[objective_seed: 16083]
[num_class: 1]
[is_unbalance: 0]
[scale_pos_weight: 1]
[sigmoid: 1]
[boost_from_average: 1]
[reg_sqrt: 0]
[alpha: 0.05]
[fair_c: 1]
[poisson_max_delta_step: 0.7]
[tweedie_variance_power: 1.5]
[lambdarank_truncation_level: 30]
[lambdarank_norm: 1]
[label_gain: ]
[lambdarank_position_bias_regularization: 0]
[eval_at: ]
[multi_error_top_k: 1]
[auc_mu_weights: ]
[num_machines: 1]
[local_listen_port: 12400]
[time_out: 120]
[machine_list_filename: ]
[machines: ]
[gpu_platform_id: -1]
[gpu_device_id: -1]
[gpu_use_dp: 0]
[num_gpu: 1]

end of parameters

pandas_categorical:[["Chandvad", "Devala", "Dindori", "Dindori(Vani)", "Kalvan", "Lasalgaon", "Lasalgaon(Niphad)", "Lasalgaon(Vinchur)", "Malharshree Farmers Producer Co Ltd", "Mankamneshwar Farmar Producer Coltd Sanchalit Mank", "Manmad", "Nampur", "Nandgaon", "Nasik", "Pimpalgaon", "Pimpalgaon Baswant(Saykheda)", "Satana", "Shivsiddha Govind Producer Company Limited Sanchal", "Shree Rameshwar Krushi Market", "Sinner", "Umrane", "Yeola"], ["Nashik"], ["Maharashtra"], ["Local", "Other", "Pole", "Red", "White"]]
