tree
version=v4
num_class=1
num_tree_per_iteration=1
label_index=0
max_feature_idx=33
objective=quantile
feature_names=mandi_name district state variety is_real_trade day_of_week month day_of_year is_weekend is_holiday price_roll_mean_7 price_roll_std_7 price_roll_mean_30 price_expanding_mean sin_365_1 cos_365_1 sin_365_2 cos_365_2 rainfall_7d_sum rainfall_30d_sum temp_7d_avg price_lag_1 price_lag_2 price_lag_3 price_lag_7 temp_mean_lag1 rainfall_lag1 temp_mean temp_lag1 temp_lag7 precip_lag1 precip_roll7 precip_roll30 evapotrans_lag1
feature_infos=-1:14:10:5:15:7:6:0:13:1:21:12:4:19:16:3:11:20:2:17:18:9 none none -1:1:3:2:0 none [0:6] [1:12] [1:366] [0:1] [0:1] [394.28571428571428:131086504.71428572] [0:346815176.15154129] [443.66666666666669:30590979.833333332] [971.09666666666669:1131950.5985221674] [-0.9999994220246925:0.99998555065071859] [-0.99997919295908233:0.9999907524084426] [-0.9999994220246925:0.99995318436087299] [-0.99999768809943823:0.99996300980480612] [0:257] [0:453.89999999999998] [17.392857142857142:32.600000000000001] [100:917588483] [100:917588483] [100:917588483] [100:917588483] [14.449999999999999:33.299999999999997] [0:79.900000000000006] [14.449999999999999:33.299999999999997] [14.449999999999999:33.299999999999997] [14.449999999999999:33.299999999999997] [0:79.900000000000006] [0:257] [0:453.89999999999998] [0.87:9.2799999999999994]
tree_sizes=1466 1847 1692 1847 1833 1838 1853 1864 1875 1856 1845 1859 1845 1854 1856 1862 1850 1860 1850 1881 1867 1883 1869 1888 1880 1867 1805 1892 1888 1896 1892 1868 1867 1871 1799 1732 1895 1816 1880 1852 1875 1888 1904 1880 1916 1805 1902 1873 1898 1875 1647 1897 1906 1897 1796 1839 1895 1805 1890 1899 1903 1894 1898 1874 1898 1900 1910 1898 1890 1890 1906 1898 1553 1933 1743 1915 1900 1897 1889 1901 1888 1893 1926 1926 1888 1879 1904 1921 1903 1921 1496 1931 1910 1824 1838 1904 1905 1918 1937 1944 1900 1902 1899 1921 1916 1941 1931 1804 1647 1880 1901 1826 1562 1730 1650 1937 1940 1928 1948 1948 1910 1843 1921 1851 1906 1893 1919 1933 1918 1861 1903 1927 1934 1890 1918 1936 1939 1887 1897 1934 1911 1840 1918 1933 1914 1935 1932 1935 1911 1673 1908 1918 1829 1925 1927 1932 1727 1731 1926 1920 1914 1956 1932 1844 1760 1922 1581 1898 1914 1940 1923 1936 1905 1926 1919 1662 1936 1934 1931 1740 1921 1584 1910 1684 1679 1917 1852 1858 1337 1917 1660 1908 1500 1577 1666 1511 1677 1761 1837 1520 1911 1671 1897 1925 1938 1756 1901 1938 1661 1953 1860 1840 1867 1917 1960 1910 1909 1937 1929 1492 1576 1935 1842 1481 1605 1864 1871 1052 1870 1136 1645 1742 1921 1735 1924 1740 1338 1766 1440 1915 1673 1514 1647 1918 1500 1745 1910 1651 1819 1920 1379 1638 1662 1918 1954 1960 1967 1663 1916 1966 1935 1864 1774 1769 1755 1730 1927 1933 1819 1943 1907 1671 1821 1829 1594 1919 1943 1949 1925 1917 1558 1567 1890 1591 1673 1310 1829 1928 1643 1728 1691 1933 1931 1753 1943 1813 1827 1580 1745 1654 1932 1938 1908 1753 1660 1910 1624 1567 1926 1738 1485 1754 1775 1316 1476 1942 1690 1746 1840 1469 1939 1924 1920 1904 1921 1680 1932 1930 1766 1689 1611 1764 1418 1918 1662 1601 1752 1679 1499 1401 1920 1769 1894 1913 1911 1948 1948 1933 1916 1909 1667 1835 1907 1581 1846 1944 1918 1962

Tree=0
num_leaves=17
num_cat=0
split_feature=21 22 22 14 14 31 19 13 15 21 25 29 23 23 17 21
split_gain=898.691 57.1298 12.6516 11.3396 7.63371 5.28526 6.20743 3.85213 3.89744 2.43457 2.39872 2.04261 0.855878 0.379385 0.265718 0.119652
threshold=3500.5000000000005 3050.5000000000005 3600.5000000000005 -0.40614700388750385 -0.32614396506100213 42.250000000000014 279.75000000000006 1567.718723858123 0.48877522411129348 3100.5000000000005 22.125000000000004 22.175000000000004 3300.5000000000005 3499.5000000000005 -0.70291145964310642 2997.5000000000005
decision_type=2 2 2 2 2 2 2 2 2 2 2 2 2 2 2 2
left_child=1 9 10 5 7 6 -3 8 -4 12 -2 -5 15 -9 -12 -1
right_child=2 3 4 11 -6 -7 -8 13 -10 -11 14 -13 -14 -15 -16 -17
leaf_value=3465.5 3551.3209885895253 3524 3537.4999982118607 3504.4999953508377 3509 3522.2749986946583 3505.5589960396292 3538.2499930262566 3514.2499980330467 3506.899996638298 3523.8499981760979 3494 3499.7299949216845 3558.5 3526.8529919040202 3496.8889985430242
leaf_weight=13432 54 319 51 66 51 74 114 66 56 95 52 132 72 960 232 98
leaf_count=13432 54 319 51 66 51 74 114 66 56 95 52 132 72 960 232 98
internal_value=3500 3500 3500.02 3500.01 3500.02 3500.01 3500.01 3500.02 3500.02 3500 3500.02 3500 3500 3500.02 3500.02 3500
internal_weight=15924 14402 1522 705 1184 507 433 1133 107 13697 338 198 13602 1026 284 13530
internal_count=15924 14402 1522 705 1184 507 433 1133 107 13697 338 198 13602 1026 284 13530
is_linear=0
shrinkage=1


Tree=1
num_leaves=20
num_cat=0
split_feature=10 22 22 32 17 17 14 23 12 15 15 11 12 31 14 28 10 13 14
split_gain=814.609 49.0205 28.3132 16.4503 12.6619 12.0911 10.5407 9.53741 7.77726 7.1513 5.4403 3.74632 2.54104 1.89077 1.81615 1.07946 0.914886 0.666704 0.359497
threshold=3292.2857142857147 3550.5000000000005 2997.5000000000005 17.949999999999999 -0.029024744910506859 -0.72696193466471681 -0.52766804058324157 3300.5000000000005 2872.7500000000005 0.61067742788105683 0.91159213926341531 321.09322176947666 3262.4333333333338 0.10000000000001512 -0.51297808981038739 25.075000000000006 2864.2142857142862 1663.6706455271435 -0.32614396506100213
decision_type=2 2 2 2 2 2 2 2 2 2 2 2 2 2 2 2 2 2 2
left_child=2 6 16 9 5 15 8 -5 -2 -3 -11 -8 -9 -10 -6 -4 -1 -7 -13
right_child=1 3 4 7 14 17 11 12 13 10 -12 18 -14 -15 -16 -17 -18 -19 -20
leaf_value=-34.964999999999996 5.3453007722931405 19.487999272584634 -0.16676988118887492 35.024997943639754 5.2868818501529091 32.779321817777046 8.7929992446897725 28.875000053644179 44.271440736560685 48.344984765052793 20.468997373580933 2.8009402181712701 57.014997382163997 24.409408680045608 -3.0600004148483277 11.279999999999999 -4.9104025120499104 7.5693453727668221 -17.709008201122462
leaf_weight=13334 50 57 60 60 73 64 71 204 142 285 73 62 733 116 156 64 215 50 55
leaf_count=13334 50 57 60 60 73 64 71 204 142 285 73 62 733 116 156 64 215 50 55
internal_value=-0.000173125 0.018209 -0.00267982 0.0210892 0.00453846 0.00937657 0.00989336 0.0232906 0.0133689 0.015649 0.017273 0.00392063 0.0240768 0.0154865 -0.000313044 0.002424 -0.00293225 0.0164609 0.000203389
internal_weight=15924 1908 14016 1412 467 238 496 997 308 415 358 188 937 258 229 124 13549 114 117
internal_count=15924 1908 14016 1412 467 238 496 997 308 415 358 188 937 258 229 124 13549 114 117
is_linear=0
shrinkage=0.03


Tree=2
num_leaves=18
num_cat=0
split_feature=21 21 21 23 17 14 23 15 13 23 26 19 12 10 10 12 21
split_gain=852.029 34.6778 23.0707 8.92278 7.94984 6.10477 5.13829 6.12008 4.80568 3.83091 2.7495 2.04169 1.74669 0.926342 0.859946 0.257277 0.0383547
threshold=3450.5000000000005 2997.5000000000005 3727.5000000000005 3100.5000000000005 0.41789902429155973 -0.52766804058324157 2900.5000000000005 -0.65883892954715351 1591.0249562597203 3800.5000000000005 0.75000000000000011 36.350000000000009 3212.6000000000004 3292.2857142857147 3101.2857142857147 3353.586666666667 2549.8300000000004
decision_type=2 2 2 2 2 2 2 2 2 2 2 2 2 2 2 2 2
left_child=1 9 8 -4 6 -5 -3 -8 11 14 12 -2 -10 -6 16 -16 -1
right_child=2 4 3 5 13 -7 7 -9 10 -11 -12 -13 -14 -15 15 -17 -18
leaf_value=-38.416049999999991 3.314687753341603 0.38833478968114299 40.73393789910655 51.866267020782573 -5.7281999875545528 40.011874078409733 -1.2503029322875336 18.683803694491289 6.7702312085649847 26.072550043487549 15.783092456110397 15.417714272530093 38.365604801963315 0.69597179345485527 -14.77328308918376 8.2293769697538437 -11.617035127922486
leaf_weight=12637 68 96 57 1018 114 153 55 308 57 50 115 52 110 86 62 68 818
leaf_count=12637 68 96 57 1018 114 153 55 308 57 50 115 52 110 86 62 68 818
internal_value=-0.000223988 -0.00257062 0.0203158 0.0224255 0.00411818 0.0230222 0.0063 0.00792857 0.0137196 -0.00289748 0.0160389 0.00780992 0.0126429 -0.000671643 -0.00293022 -0.000114505 -0.00295407
internal_weight=15924 14294 1630 1228 659 1171 459 363 402 13635 282 120 167 200 13585 130 13455
internal_count=15924 14294 1630 1228 659 1171 459 363 402 13635 282 120 167 200 13585 130 13455
is_linear=0
shrinkage=0.03


Tree=3
num_leaves=20
num_cat=0
split_feature=10 22 22 14 26 17 17 12 15 10 15 33 29 10 25 16 10 14 22
split_gain=746.575 50.0226 24.9668 19.7547 14.4096 12.9906 10.7149 7.27027 8.82326 5.218 4.42358 3.72503 3.07753 1.5354 1.07946 1.03942 0.758122 1.0592 0.0576719
threshold=3292.2857142857147 3600.5000000000005 2997.5000000000005 -0.52766804058324157 1.3500000000000003 -0.029024744910506859 -0.72696193466471681 3353.586666666667 0.51849435583340198 3664.5000000000005 0.93469109537144635 4.995000000000001 22.775000000000002 3750.0714285714289 25.075000000000006 -0.67246555226382421 2864.2142857142862 -0.62588817255938378 2700.5000000000005
decision_type=2 2 2 2 2 2 2 2 2 2 2 2 2 2 2 2 2 2 2
left_child=2 4 16 7 10 6 14 8 -3 -9 11 -2 -5 -14 -4 -7 18 -18 -1
right_child=1 3 5 12 -6 15 -8 9 -10 -11 -12 -13 13 -15 -16 -17 17 -19 -20
leaf_value=-35.013568499999998 22.859049714177498 29.452762041411368 -0.72228089558795083 25.078734532182089 17.906139971854543 5.602610477796536 26.970455198326864 23.907717392787433 8.9201762749692239 53.868559228346321 -5.4121541906271728 1.3290617280161279 4.0656898730479254 62.41879032763503 10.38108588916525 -2.5547287888602237 9.8797928857733019 -10.59019354487118 -8.0777558764064423
leaf_weight=12992 341 212 60 127 110 51 114 53 54 795 60 54 50 52 64 178 61 154 342
leaf_count=12992 341 212 60 127 110 51 114 53 54 795 60 54 50 52 64 178 61 154 342
internal_value=-0.000284271 0.0173133 -0.0026841 0.0204955 0.00964664 0.00408974 0.009 0.0222 0.0170674 0.023735 0.00710526 0.00825758 0.0119478 0.00707767 0.002424 -0.000834783 -0.00292118 -0.000833334 -0.00295141
internal_weight=15924 1908 14016 1343 565 467 238 1114 266 848 455 395 229 102 124 229 13549 215 13334
internal_count=15924 1908 14016 1343 565 467 238 1114 266 848 455 395 229 102 124 229 13549 215 13334
is_linear=0
shrinkage=0.03


Tree=4
num_leaves=20
num_cat=0
split_feature=21 22 21 14 14 22 25 12 31 25 12 21 23 27 7 7 11 29 23
split_gain=775.654 32.6332 27.8745 9.77394 9.08689 6.11299 4.28994 3.92385 4.15222 4.11417 2.81138 2.09091 1.31129 1.09559 2.21781 0.847778 0.724448 0.641549 0.420823
threshold=3450.5000000000005 3050.5000000000005 3727.5000000000005 -0.52766804058324157 -0.52766804058324157 3500.5000000000005 24.325000000000006 2920.1000000000004 0.10000000000000007 25.225000000000005 2947.5163333333335 2997.5000000000005 3400.5000000000005 24.025000000000002 337.50000000000006 293.50000000000006 462.52623463596893 21.725000000000005 3300.5000000000005
decision_type=2 2 2 2 2 2 2 2 2 2 2 2 2 2 2 2 2 2 2
left_child=1 11 6 7 5 16 13 9 -9 -3 -8 18 -7 14 -2 -13 -4 -5 -1
right_child=2 3 4 17 -6 12 10 8 -10 -11 -12 15 -14 -15 -16 -17 -18 -19 -20
leaf_value=-30.963161445000001 22.790654042487063 2.1603358099693657 19.917549982590501 2.1896649386911742 29.808001563542383 37.076243253855687 8.8114047684252395 29.907071674183008 22.644066174165527 10.180298439330215 16.106158853332612 -1.5712584684051958 50.629594183502697 5.4157114474181585 5.5053513124256233 21.780474293882456 46.744464213291209 -2.1244323022618161 -1.3530830416132706
leaf_weight=13432 143 126 53 67 161 59 54 99 81 69 89 145 870 54 62 54 85 165 56
leaf_count=13432 143 126 53 67 161 59 54 99 81 69 89 145 870 54 62 54 85 165 56
internal_value=-0.000348321 -0.00258741 0.0192489 0.00418421 0.0215468 0.0226348 0.0120819 0.00718085 0.0105249 0.00382653 0.0167083 -0.00289129 0.0236323 0.0093 0.0104854 0 0.0154748 -0.000476396 -0.00293639
internal_weight=15924 14294 1630 607 1228 1067 402 375 180 195 143 13687 929 259 205 199 138 232 13488
internal_count=15924 14294 1630 607 1228 1067 402 375 180 195 143 13687 929 259 205 199 138 232 13488
is_linear=0
shrinkage=0.03


Tree=5
num_leaves=20
num_cat=0
split_feature=21 21 22 14 14 23 17 19 12 11 25 22 25 25 21 14 10 17 23
split_gain=704.797 40.187 27.1723 14.9144 10.3272 6.02108 5.69082 5.09261 3.89428 3.83007 3.32485 2.60793 1.96823 1.30683 1.17532 1.16656 1.30781 0.946599 0.485686
threshold=3395.0000000000005 3700.5000000000005 2997.5000000000005 -0.52766804058324157 -0.50556189049999822 3400.5000000000005 -0.016126424138694709 293.35000000000008 3481.1000000000004 348.09980694367903 24.875000000000004 4000.5000000000005 25.225000000000005 22.125000000000004 3050.5000000000005 -0.35041564478062465 3893.5000000000005 -0.2665969552767416 3100.5000000000005
decision_type=2 2 2 2 2 2 2 2 2 2 2 2 2 2 2 2 2 2 2
left_child=2 6 14 5 7 -3 9 10 -8 17 -4 -7 -9 -10 18 16 -5 -2 -1
right_child=1 3 4 15 -6 11 8 12 13 -11 -12 -13 -14 -15 -16 -17 -18 -19 -20
leaf_value=-29.28426660165 17.841857394846986 36.02023950205114 22.027289738953446 6.9366593636829146 -4.086432867219628 30.561981955623654 2.3749606502432514 -0.8931368240528037 30.312593386197197 25.707399671947364 23.675052899361333 51.735944377814945 7.333060214692952 17.69867132186149 1.2746414042311625 6.9785514948836358 66.789137102988889 7.8573275805501126 -9.8108597317614681
leaf_weight=13424 107 118 181 55 244 360 87 83 56 83 67 613 50 89 61 50 62 66 69
leaf_count=13424 107 118 181 55 244 360 87 83 56 83 67 613 50 89 61 50 62 66 69
internal_value=-0.00041065 0.0175655 -0.00262849 0.0204376 0.00345048 0.0217692 0.0100429 0.00654974 0.00621888 0.0132957 0.00912048 0.0226448 0.00138806 0.00924657 -0.00291236 0.0113929 0.0134237 0.016069 -0.00293197
internal_weight=15925 1746 14179 1258 625 1091 488 381 232 256 248 973 133 145 13554 167 117 173 13493
internal_count=15925 1746 14179 1258 625 1091 488 381 232 256 248 973 133 145 13554 167 117 173 13493
is_linear=0
shrinkage=0.03


Tree=6
num_leaves=20
num_cat=1
split_feature=10 32 22 22 10 17 17 0 25 23 12 25 15 20 11 17 25 23 25
split_gain=614.515 48.4905 24.0555 15.8728 14.8259 10.0632 9.2718 8.1084 7.60959 5.2799 5.20895 3.72456 3.10716 2.30778 1.7503 1.31646 1.06285 0.983519 0.854639
threshold=3292.2857142857147 47.750000000000007 2997.5000000000005 3997.2150000000006 4216.5714285714294 -0.13185729634369445 -0.77245419167776552 0 23.625000000000004 3500.5000000000005 2920.1000000000004 21.975000000000005 0.8511460603353429 24.882142857142863 1098.0225530041132 0.47370525521770246 24.225000000000005 3000.5000000000005 25.075000000000006
decision_type=2 2 2 2 2 2 2 9 2 2 2 2 2 2 2 2 2 2 2
left_child=2 4 17 8 7 6 18 11 -3 -5 -10 -2 -9 -8 -6 16 -7 -1 -4
right_child=1 3 5 9 14 15 13 12 10 -11 -12 -13 -14 -15 -16 -17 -18 -19 -20
leaf_value=-28.405738603600501 5.1084669270777727 36.349211852692157 -2.1748710916221956 40.89173573418293 53.034432088748247 6.7421672983274634 5.145754937073292 19.074215998801765 20.758021562070589 50.291539134221672 20.356133038603108 16.39880420915167 0.15767036478382729 34.903815177744065 68.93082115878552 -6.8668029402313691 -1.7277261089826634 -0.047978985955864424 10.097481178956448
leaf_weight=13447 72 98 53 54 184 58 58 187 50 549 284 257 132 51 53 124 58 95 61
leaf_count=13447 72 98 53 54 184 58 58 187 50 549 284 257 132 51 53 124 58 95 61
internal_value=-0.000470929 0.0154373 -0.00265601 0.0198938 0.010158 0.00402155 0.00859821 0.00765948 0.0151247 0.0232053 0.0173821 0.0109941 0.0036 0.0148909 0.0167395 -6.22414e-05 0.00202564 -0.00288791 0.00211304
internal_weight=15925 1920 14005 1035 885 463 223 648 432 603 334 329 319 109 237 240 116 13542 114
internal_count=15925 1920 14005 1035 885 463 223 648 432 603 334 329 319 109 237 240 116 13542 114
cat_boundaries=0 1
cat_threshold=24818
is_linear=0
shrinkage=0.03


Tree=7
num_leaves=20
num_cat=1
split_feature=21 21 22 14 14 14 32 0 32 25 16 23 17 22 25 21 17 11 29
split_gain=615.832 45.1569 23.7794 15.7793 9.4872 9.22181 8.12596 7.41426 3.72453 3.48369 2.48979 2.18826 1.9124 1.85288 1.84686 1.57524 0.703543 0.408263 0.397856
threshold=3395.0000000000005 4000.5000000000005 2997.5000000000005 -0.86976336936302323 -0.52766804058324157 -0.50556189049999822 309.15000000000003 0 290.05000000000007 24.875000000000004 0.93544191479114935 3400.5000000000005 -0.26037588076992096 3500.5000000000005 25.225000000000005 2997.5000000000005 -0.99864786094873803 122.55708096734818 22.075000000000006
decision_type=2 2 2 2 2 2 2 9 2 2 2 2 2 2 2 2 2 2 2
left_child=2 3 15 6 11 8 -2 12 9 -4 -9 -3 -5 -13 -10 16 17 -1 -7
right_child=1 4 5 7 -6 18 -8 10 14 -11 -12 13 -14 -15 -16 -17 -18 -19 -20
leaf_value=-56.641568338059166 21.165707016320166 39.171795584300064 20.233392895055218 5.3217118088557331 59.625379365401393 1.4533664881446269 9.719117980997753 4.6293283172655357 -0.7614424028929625 22.078957039929506 3.2177320139291212 44.422073446096441 16.812934362646491 48.809792501716089 6.7945582363120272 1.0107273636484291 -28.303566445492482 2.4464335545075162 -6.0381175309985862
leaf_weight=55 246 54 183 72 70 62 54 197 80 67 51 56 304 642 51 114 13335 50 182
leaf_count=55 246 54 183 72 70 62 54 197 80 67 51 56 304 642 51 114 13335 50 182
internal_value=-0.00054251 0.0162604 -0.0026158 0.0115816 0.0214447 0.00306709 0.017392 0.0086928 0.006 0.00818725 0.00378764 0.0224821 0.0113876 0.0230773 0.00145454 -0.00288137 -0.00291161 -7.08508e-10 -0.00133469
internal_weight=15925 1746 14179 924 822 625 300 624 381 250 248 752 376 698 131 13554 13440 105 244
internal_count=15925 1746 14179 924 822 625 300 624 381 250 248 752 376 698 131 13554 13440 105 244
cat_boundaries=0 1
cat_threshold=614634
is_linear=0
shrinkage=0.03


Tree=8
num_leaves=20
num_cat=1
split_feature=21 21 22 14 25 14 22 11 19 12 25 0 19 17 21 13 14 22 14
split_gain=577.115 46.7555 22.9755 15.4516 8.51616 8.09824 5.13018 3.96977 3.31611 3.26131 6.05517 3.03403 2.95562 2.2892 1.75536 1.54023 1.52771 0.862143 0.830059
threshold=3395.0000000000005 3850.5000000000005 2997.5000000000005 -0.52766804058324157 24.525000000000002 -0.40614700388750385 3500.5000000000005 179.87799944122301 303.85000000000008 3353.586666666667 25.225000000000005 0 23.400000000000002 0.67008729192674277 2845.0050000000006 1597.2374436230687 -0.61913973745509387 4000.5000000000005 -0.99763297024448894
decision_type=2 2 2 2 2 2 2 2 2 2 2 9 2 2 2 2 2 2 2
left_child=2 4 14 6 11 9 -3 -6 -9 10 -4 -2 -11 -13 18 -8 -16 -5 -1
right_child=1 3 5 17 7 -7 15 8 -10 12 -12 13 -14 -15 16 -17 -18 -19 -20
leaf_value=-5.5312118891828232 2.1126659736306816 36.122070441412731 1.1534756103730572 7.0931305759935279 17.583499429483588 -6.4062385550407583 23.715779166375601 22.560378787354139 3.1860305931687507 7.7956914115363372 9.7398405509084807 13.827534493366548 37.065370354741603 2.5034011495039832 5.4756669877284931 47.318499185143537 -5.8165042769978346 59.649236410792248 -29.11047816464831
leaf_weight=178 107 116 197 61 50 205 77 118 52 74 90 337 59 50 77 728 217 50 13082
leaf_count=178 107 116 197 61 50 205 77 118 52 74 90 337 59 50 77 728 217 50 13082
internal_value=-0.000606556 0.0156594 -0.00261368 0.0197861 0.00961259 0.00297125 0.0210976 0.0147285 0.0118421 0.00538005 0.0033125 0.00721818 0.00944776 0.00842713 -0.00287473 0.022072 -0.000396611 0.00841071 -0.00292625
internal_weight=15925 1746 14179 1032 714 625 921 220 170 420 287 494 133 387 13554 805 294 111 13260
internal_count=15925 1746 14179 1032 714 625 921 220 170 420 287 494 133 387 13554 805 294 111 13260
cat_boundaries=0 1
cat_threshold=2917376
is_linear=0
shrinkage=0.03


Tree=9
num_leaves=20
num_cat=0
split_feature=21 21 23 14 14 14 32 17 17 19 23 20 26 31 21 7 24 14 19
split_gain=547.673 49.0993 19.9588 12.574 11.3441 9.90649 6.52013 6.36185 6.16375 4.41269 4.36886 3.85665 3.56984 3.0434 1.65001 1.63653 1.06457 0.829784 1.19158
threshold=3395.0000000000005 4000.5000000000005 2950.5000000000005 -0.861146256326485 -0.52766804058324157 -0.49064630004295678 293.35000000000008 -0.28725831407847041 -0.016126424138694709 242.15000000000006 3500.5000000000005 24.553571428571434 2.2500000000000004 29.199999999999985 2800.5000000000005 221.50000000000003 3395.0000000000005 -0.99763297024448894 303.85000000000008
decision_type=2 2 2 2 2 2 2 2 2 2 2 2 2 2 2 2 2 2 2
left_child=2 3 14 6 10 9 12 16 -9 11 -3 -4 -2 -11 17 -16 -5 18 -1
right_child=1 4 5 7 -6 -7 -8 8 -10 13 -12 -13 -14 -15 15 -17 -18 -19 -20
leaf_value=-31.038523095452224 21.688992796227925 37.122112639664138 18.420754603857773 3.7542672634444161 56.047140892115586 -5.6099689338607615 9.3913621891952914 7.547695383167861 12.422748213622615 -2.8407217180629516 45.898944209589231 23.636299287355364 14.507675429320448 6.2985262726954074 -5.6420091486878983 3.408713444445556 -0.84516160381039174 -28.801145107188265 2.5389769045477761
leaf_weight=114 139 71 151 50 70 307 76 136 356 85 681 53 99 63 196 136 68 13010 64
leaf_count=114 139 71 151 50 70 307 76 136 356 85 681 53 99 63 196 136 68 13010 64
internal_value=-0.000666835 0.0151786 -0.00262214 0.0103168 0.0205699 0.00243636 0.0153429 0.00763502 0.00914604 0.00588952 0.0216853 0.00879512 0.0179121 0.00155033 -0.0028722 -0.000603604 0.000932772 -0.00292585 -0.000553073
internal_weight=15925 1746 14179 924 822 659 314 610 492 352 752 204 238 148 13520 332 118 13188 178
internal_count=15925 1746 14179 924 822 659 314 610 492 352 752 204 238 148 13520 332 118 13188 178
is_linear=0
shrinkage=0.03


Tree=10
num_leaves=20
num_cat=0
split_feature=21 21 22 14 25 33 14 23 21 32 31 33 13 19 14 31 23 11 17
split_gain=492.43 40.3492 29.4615 13.0682 9.70388 7.73974 6.49133 4.82178 4.41954 4.10338 3.6059 3.41929 2.99604 2.51361 2.4484 2.32446 1.39133 0.946847 0.881063
threshold=3450.5000000000005 3952.0050000000006 3100.5000000000005 -0.52766804058324157 24.525000000000002 2.2950000000000004 -0.52766804058324157 3300.5000000000005 2997.5000000000005 286.25000000000006 0.20000000000000182 3.2750000000000004 1594.0949838152862 300.15000000000009 -0.65234524191686594 31.800000000000011 2997.5000000000005 237.04530408863644 -0.99864786094873803
decision_type=2 2 2 2 2 2 2 2 2 2 2 2 2 2 2 2 2 2 2
left_child=2 4 8 5 12 -3 9 -7 18 10 -4 -6 17 -14 16 -11 -10 -2 -1
right_child=1 3 6 -5 11 7 -8 -9 14 15 -12 -13 13 -15 -16 -17 -18 -19 -20
leaf_value=-2.9372072799079931 10.400651945565142 8.5219742888462093 29.785198560447512 54.976521497799688 4.6884975124514456 33.278536146758334 -0.020779951581088526 44.52197588330155 1.2369459300023709 -2.3081787776495819 20.200564475321833 20.575100464884287 9.9226731434924957 1.643512891606175 -1.7150154046263701 6.2617755722385082 21.335646856346123 -0.67181413575725879 -25.717110753972616
leaf_weight=105 61 51 127 86 69 61 202 732 52 62 101 160 299 61 147 56 52 71 13499
leaf_count=105 61 51 127 86 69 61 202 732 52 62 101 160 299 61 147 56 52 71 13499
internal_value=-0.000756587 0.014753 -0.00253846 0.0189313 0.00928255 0.0200982 0.0042459 0.020864 -0.00281034 0.00673487 0.009131 0.0145565 0.00671197 0.00818559 0.000999999 0.00168907 0.0046 0.00232331 -0.00288401
internal_weight=16054 1651 14403 930 721 844 548 793 13855 346 228 229 492 360 251 118 104 132 13604
internal_count=16054 1651 14403 930 721 844 548 793 13855 346 228 229 492 360 251 118 104 132 13604
is_linear=0
shrinkage=0.03


Tree=11
num_leaves=20
num_cat=0
split_feature=21 21 22 25 23 14 12 13 21 26 14 31 14 14 31 14 21 23 12
split_gain=458.132 39.8867 28.5639 10.1791 7.70659 6.16371 6.53728 3.95642 3.91784 2.32083 2.11068 2.40175 2.03064 1.99062 1.92106 0.984234 1.91566 0.962798 0.918522
threshold=3450.5000000000005 4100.5000000000009 3100.5000000000005 24.425000000000004 3700.5000000000005 -0.52766804058324157 3388.2833333333338 1594.0949838152862 2997.5000000000005 5.4500000000000011 -0.54220184589352438 71.650000000000034 -0.86976336936302323 -0.65234524191686594 31.800000000000011 -0.99763297024448894 2077.3450000000007 2997.5000000000005 3262.4333333333338
decision_type=2 2 2 2 2 2 2 2 2 2 2 2 2 2 2 2 2 2 2
left_child=2 3 8 7 -3 6 14 18 15 -9 11 -6 -5 17 -4 16 -1 -10 -2
right_child=1 4 5 12 10 -7 -8 9 13 -11 -12 -13 -14 -15 -16 -17 -18 -19 -20
leaf_value=-27.343179079969481 -0.32389096606814288 37.842392960647373 6.3264697971491826 17.893624938326465 44.44550878176743 -0.020156553033656665 33.944712015068667 14.451060641627196 1.1998375521022944 5.5464278118828982 62.727511612873712 11.718285235898858 6.0474355491385623 -1.6635649424875834 8.103208080153868 -25.062968094862487 3.975922903857513 20.695577450655744 6.4813857702228939
leaf_weight=122 69 111 174 211 512 202 103 386 52 70 50 55 113 147 69 13430 52 52 74
leaf_count=122 69 111 174 211 512 202 103 386 52 70 50 55 113 147 69 13430 52 52 74
internal_value=-0.000823856 0.0141356 -0.00254263 0.00987662 0.0194527 0.00413661 0.00656196 0.00738 -0.00281034 0.00878993 0.0208641 0.0215387 0.0143169 0.000761904 0.00359016 -0.0028796 -0.000325715 0.00402857 0.00254167
internal_weight=16054 1651 14403 923 728 548 346 599 13855 456 617 567 324 251 243 13604 174 104 143
internal_count=16054 1651 14403 923 728 548 346 599 13855 456 617 567 324 251 243 13604 174 104 143
is_linear=0
shrinkage=0.03


Tree=12
num_leaves=20
num_cat=0
split_feature=21 21 22 14 14 23 33 12 13 14 21 12 32 14 17 24 31 11 23
split_gain=432.328 43.7519 19.8227 10.6568 8.77383 6.18562 6.00445 5.05477 4.55527 4.06525 4.0541 2.70058 2.84034 2.64636 2.06172 2.04291 1.81129 1.54282 1.40707
threshold=3395.0000000000005 4100.5000000000009 3100.5000000000005 -0.86976336936302323 -0.52766804058324157 3650.5000000000005 2.7850000000000006 2363.4500000000003 1600.244068617279 -0.40614700388750385 2900.5000000000005 3353.586666666667 23.400000000000002 -0.52766804058324157 0.52766346590117863 3090.0000000000005 71.650000000000034 378.49564281793624 2950.5000000000005
decision_type=2 2 2 2 2 2 2 2 2 2 2 2 2 2 2 2 2 2 2
left_child=2 3 10 6 5 -3 -2 -8 17 11 -1 15 -13 -10 18 -4 -7 -5 -12
right_child=1 4 9 8 -6 16 7 -9 13 -11 14 12 -14 -15 -16 -17 -18 -19 -20
leaf_value=-24.94370838850757 4.1842958998439554 36.819950304418818 6.8441986939340014 6.0201029148104475 55.694323791240166 43.280566771459348 22.27615555914338 17.215284600870731 18.75133332242762 -2.4418084971130081 0.28265189360456799 7.46869754472623 32.926371944139476 5.4551958316844855 -6.7033836189488154 -0.80725994771639009 11.366736678821896 -1.3907871255042945 15.518948544358448
leaf_weight=13535 68 85 107 134 51 537 50 250 224 120 107 67 53 242 120 104 55 68 77
leaf_count=13535 68 85 107 134 51 537 50 250 224 120 107 67 53 242 120 104 55 68 77
internal_value=-0.000863096 0.0131405 -0.00259569 0.009081 0.0188354 0.0197699 0.0133089 0.0151993 0.00666816 0.00354425 -0.00279928 0.00527711 0.00904959 0.00834475 0.000501639 0.00288679 0.0209595 0.00255665 0.00261081
internal_weight=16054 1764 14290 1036 728 677 368 300 668 451 13839 331 120 466 304 211 592 202 184
internal_count=16054 1764 14290 1036 728 677 368 300 668 451 13839 331 120 466 304 211 592 202 184
is_linear=0
shrinkage=0.03


Tree=13
num_leaves=20
num_cat=0
split_feature=10 10 14 19 23 14 25 32 14 18 17 15 32 15 20 23 18 22 14
split_gain=384.361 44.2654 18.0136 15.9374 14.784 7.94613 7.41827 5.50345 3.43054 3.25829 3.16416 5.7485 3.14455 2.70562 2.31139 2.10903 1.65599 1.60867 3.25836
threshold=3292.2857142857147 3990.3571428571431 -0.86976336936302323 26.050000000000001 2950.5000000000005 -0.76141707087277943 24.875000000000004 251.75000000000003 -0.99866806308218525 20.950000000000014 -0.2665969552767416 0.84658398682345093 0.50000000000000033 0.16587474750015932 22.13928571428572 4000.5000000000005 0.099999999999986697 2700.5000000000005 -0.56368474752277564
decision_type=2 2 2 2 2 2 2 2 2 2 2 2 2 2 2 2 2 2 2
left_child=4 2 7 12 17 6 -6 -2 -5 -8 -4 -12 14 -9 -3 -10 -7 -1 -19
right_child=1 3 10 8 5 16 9 13 15 -11 11 -13 -14 -15 -16 -17 -18 18 -20
leaf_value=-26.211481452629162 18.918459047827056 48.334994712755496 1.4949329025842606 11.603468628069603 0.38016168325061228 3.0456758196953193 24.130597326293728 15.396045478919891 39.255974626170875 4.9727013710334669 12.984662367523816 2.558728548232398 40.95322366080358 3.6555495217251841 42.05232722850814 43.554534340205699 -2.7230102156073994 2.6840391851829235 -8.5412512743779949
leaf_weight=13099 228 54 165 57 83 107 59 100 89 55 265 261 130 50 53 475 184 192 348
leaf_count=13099 228 54 165 57 83 107 59 100 89 55 265 261 130 50 53 475 184 192 348
internal_value=-0.000924759 0.0116359 0.00747477 0.0167532 -0.00264199 0.00243558 0.00709091 0.0127995 0.0193601 0.0120261 0.00448266 0.00562998 0.00968067 0.00764901 0.0138333 0.0201823 -0.000575343 -0.00282713 -0.00108133
internal_weight=16054 1927 1069 858 14127 488 197 378 621 114 691 526 237 150 107 564 291 13639 540
internal_count=16054 1927 1069 858 14127 488 197 378 621 114 691 526 237 150 107 564 291 13639 540
is_linear=0
shrinkage=0.03


Tree=14
num_leaves=20
num_cat=0
split_feature=21 21 23 17 17 7 23 24 7 17 21 17 23 15 17 13 7 10 29
split_gain=369.874 40.6626 22.3495 10.6675 7.11007 6.04089 5.93205 5.14018 5.05204 4.49975 2.77235 5.88436 2.48782 2.48575 2.38577 1.25208 0.929628 0.430338 0.376987
threshold=3450.5000000000005 4200.5000000000009 2950.5000000000005 -0.51297720034420879 0.47370525521770246 292.50000000000006 3650.5000000000005 3600.5000000000005 232.50000000000003 -0.2665969552767416 2450.5000000000005 -0.83377508534904698 3952.0050000000006 0.82293497932636273 0.029024409397335523 1623.8147197468681 220.50000000000003 3415.3571428571436 25.225000000000005
decision_type=2 2 2 2 2 2 2 2 2 2 2 2 2 2 2 2 2 2 2
left_child=2 3 10 5 8 7 -3 -2 -4 18 -1 -12 -10 15 -11 -8 -13 -6 -5
right_child=1 6 4 9 17 -7 13 -9 12 14 11 16 -14 -15 -16 -17 -18 -19 -20
leaf_value=-29.40905269327347 10.160426132988386 36.635559527775733 -0.47632530410070384 4.1280312301334332 -5.0938923293133875 24.967095953753631 19.863734714861788 14.150798709896577 11.851740345295514 15.997600393598013 6.8662358310964899 -6.3059570636756961 29.689734517511937 59.162818531542307 7.634434262492233 40.859335846942244 -1.942540345260507 0.26532357504370196 -0.53597889632311568
leaf_weight=12528 89 85 122 83 180 69 53 249 310 134 82 659 66 52 336 446 366 90 55
leaf_count=12528 89 85 122 83 180 69 53 249 310 134 82 659 66 52 336 446 366 90 55
internal_value=-0.000993897 0.0124467 -0.00253846 0.00862205 0.00240702 0.0124853 0.0184568 0.0105044 0.0045511 0.00594581 -0.00282048 -0.00130505 0.00627851 0.0196957 0.00735669 0.020496 -0.00195907 -0.00138376 0.00079856
internal_weight=16054 1651 14403 1015 768 407 636 338 498 608 13635 1107 376 551 470 499 1025 270 138
internal_count=16054 1651 14403 1015 768 407 636 338 498 608 13635 1107 376 551 470 499 1025 270 138
is_linear=0
shrinkage=0.03


Tree=15
num_leaves=20
num_cat=0
split_feature=21 21 22 14 22 30 14 17 15 20 22 21 18 15 14 33 14 21 32
split_gain=347.092 32.669 21.9457 11.03 7.27933 6.80822 6.34645 5.91409 5.77057 3.17451 3.16087 2.99295 2.43696 2.30035 2.28358 2.21029 1.67637 8.31775 1.62401
threshold=3450.5000000000005 4250.5000000000009 3050.5000000000005 -0.86976336936302323 3910.0000000000005 2.1500000000000008 -0.52766804058324157 -0.2665969552767416 0.84658398682345093 24.367857142857151 3700.5000000000005 2845.0050000000006 58.350000000000016 0.054805126479326886 -0.61237985104942771 4.0050000000000008 -0.95754239937548935 2277.5000000000005 54.750000000000007
decision_type=2 2 2 2 2 2 2 2 2 2 2 2 2 2 2 2 2 2 2
left_child=2 3 11 5 -3 13 10 -5 -9 -7 15 16 18 -2 -13 -4 17 -1 -6
right_child=1 4 6 7 12 9 -8 8 -10 -11 -12 14 -14 -15 -16 -17 -18 -19 -20
leaf_value=-23.828913623195952 16.399536388533502 38.853113458270279 11.180353739072267 1.2763082446865679 40.935932517178031 2.2447584404945125 -1.3320408711698997 19.115846798110869 3.61306411518972 11.977279869467974 27.577251615911646 6.2096415552423281 8.0422209250060579 21.647941730206522 -4.154399397286177 3.9477833664004023 -24.026781112475259 5.6577467017917469 41.10159591071109
leaf_weight=570 99 112 141 147 138 67 236 279 204 125 95 151 53 127 253 147 12717 80 306
leaf_count=570 99 112 141 147 138 67 236 279 204 125 95 151 53 127 253 147 12717 80 306
internal_value=-0.00105471 0.0119385 -0.00255472 0.00862822 0.0175377 0.0125084 0.00293226 0.00596672 0.00757438 0.00781865 0.00532812 -0.00280482 0.0192048 0.0162423 -0.000140741 0.00349827 -0.00288196 -0.00126728 0.0200966
internal_weight=16047 1657 14390 1048 609 418 619 630 483 192 383 13771 497 226 404 288 13367 650 444
internal_count=16047 1657 14390 1048 609 418 619 630 483 192 383 13771 497 226 404 288 13367 650 444
is_linear=0
shrinkage=0.03


Tree=16
num_leaves=20
num_cat=0
split_feature=21 21 23 14 14 26 14 17 12 25 18 32 15 15 20 21 14 21 13
split_gain=318.074 31.2785 19.9271 12.7074 8.58464 6.93581 6.05932 4.41473 4.24898 5.66188 3.84678 3.59454 3.2265 2.82962 2.79944 2.76367 7.84208 2.4715 1.71064
threshold=3450.5000000000005 4250.5000000000009 2950.5000000000005 -0.86976336936302323 -0.51297808981038739 2.1500000000000008 -0.54220184589352438 -0.2665969552767416 2947.5163333333335 25.225000000000005 40.649999999999999 9.1500000000000039 0.84658398682345093 0.054805126479326886 24.367857142857151 2277.5000000000005 -0.92274349529687905 2950.5000000000005 1607.0096188322539
decision_type=2 2 2 2 2 2 2 2 2 2 2 2 2 2 2 2 2 2 2
left_child=2 3 15 5 8 13 10 -5 9 -4 18 -10 -9 -2 -7 -1 17 -17 -3
right_child=1 6 4 7 -6 14 -8 12 11 -11 -12 -13 -14 -15 -16 16 -18 -19 -20
leaf_value=-30.775977679100997 15.907550296877501 18.131186566231676 -1.8913915190370951 1.2380189973459641 -3.2586046027315207 2.1774156872796784 49.241263053529096 18.542371394167542 11.240261561366699 8.4071716032109975 9.7407792152823642 23.18301723883706 3.5046721917340231 20.998503478300325 11.617961473383934 6.238588972343857 -6.6381289682954234 -0.95636310112246681 39.81307006973713
leaf_weight=12032 99 51 158 147 336 67 67 279 90 85 88 93 204 127 125 112 1423 61 403
leaf_count=12032 99 51 158 147 336 67 67 279 90 85 88 93 204 127 125 112 1423 61 403
internal_value=-0.00111453 0.0113233 -0.00255055 0.00808484 0.00213499 0.012222 0.0168 0.00525357 0.00498126 0.00211475 0.0179171 0.00851087 0.00664463 0.015978 0.00750777 -0.00281598 -0.00157984 0.00434483 0.0191934
internal_weight=16047 1657 14390 1048 762 418 609 630 426 243 542 183 483 226 192 13628 1596 173 454
internal_count=16047 1657 14390 1048 762 418 609 630 426 243 542 183 483 226 192 13628 1596 173 454
is_linear=0
shrinkage=0.03


Tree=17
num_leaves=20
num_cat=0
split_feature=21 10 14 22 31 14 19 19 7 31 32 21 14 16 16 21 29 31 33
split_gain=295.464 32.3782 18.0765 18.0278 9.7039 5.99939 4.33222 3.22579 2.96867 2.66936 2.46891 2.3953 8.47415 2.32199 2.20004 2.1348 1.77607 1.75754 1.36958
threshold=3400.5000000000005 4216.5714285714294 -0.86976336936302323 2997.5000000000005 23.200000000000014 -0.51297808981038739 26.050000000000001 293.35000000000008 291.50000000000006 0.099999999999982256 237.60000000000005 2277.5000000000005 -0.94139628442229062 -0.90893575921103265 -0.91597725483594616 4500.5000000000009 23.425000000000004 0.20000000000000892 2.7850000000000006
decision_type=2 2 2 2 2 2 2 2 2 2 2 2 2 2 2 2 2 2 2
left_child=3 2 4 11 10 7 14 9 -6 -5 -2 -1 -13 17 -3 18 -15 -4 -8
right_child=1 6 13 5 8 -7 15 -9 -10 -11 -12 12 -14 16 -16 -17 -18 -19 -20
leaf_value=-29.852698348727969 22.204135311393493 41.811210007983647 23.49012464275366 19.771196833560005 7.1075760793012961 -2.1875601830382125 2.9537124261180567 0.74641272701511741 12.204959796067836 15.948092674608036 13.755454733847998 4.9012239928463828 -6.6038971251023986 3.0170700904436729 44.165073874607089 42.898624959003769 0.22985638702144306 22.858747071303135 26.904155852902136
leaf_weight=12051 141 83 135 156 219 280 52 142 54 130 53 138 1452 205 83 247 218 52 156
leaf_count=12051 141 83 135 156 219 280 52 142 54 130 53 138 1452 205 83 247 218 52 156
internal_value=-0.00116501 0.0106598 0.00742486 -0.00256808 0.0119103 0.00206065 0.0161768 0.00431468 0.00790511 0.00615679 0.0172462 -0.00281176 -0.00164991 0.00390344 0.0111198 0.0178947 0.00249057 0.00682979 0.0145981
internal_weight=16047 1698 1077 14349 467 708 621 428 273 286 194 13641 1590 610 166 455 423 187 208
internal_count=16047 1698 1077 14349 467 708 621 428 273 286 194 13641 1590 610 166 455 423 187 208
is_linear=0
shrinkage=0.03


Tree=18
num_leaves=20
num_cat=0
split_feature=21 21 23 17 7 7 24 17 7 20 18 13 21 17 21 33 16 13 21
split_gain=274.074 35.6284 16.64 11.1832 5.27913 5.91281 5.21044 5.18749 3.96281 2.66266 3.23441 3.34055 2.62018 5.02633 2.97901 2.27315 1.80399 1.48636 0.795017
threshold=3400.5000000000005 4300.5000000000009 2950.5000000000005 -0.49812626372919411 291.50000000000006 285.50000000000006 3784.2950000000005 0.47370525521770246 232.50000000000003 22.446428571428577 40.649999999999999 1603.3517444548379 2425.1300000000006 -0.70291145964310642 2950.5000000000005 4.0050000000000008 -0.95753797188986722 1690.5877507056905 2900.5000000000005
decision_type=2 2 2 2 2 2 2 2 2 2 2 2 2 2 2 2 2 2 2
left_child=2 3 12 4 5 -2 17 8 -4 -3 11 -11 -1 14 -14 -10 -8 -5 -15
right_child=1 9 7 6 -6 -7 16 -9 15 10 -12 -13 13 18 -16 -17 -18 -19 -20
leaf_value=-25.987117398266125 12.305765719520323 41.932984876177173 -1.2051216144581929 0.5833615025122022 24.957139836033004 0.73685631686036679 34.142846023813703 -3.590180905233006 12.380947503210635 16.750918267052921 8.554222533567815 37.929589165027693 8.0770629956218443 -6.2734712276884981 -1.314379391472591 16.326805452013129 11.176546065304754 5.3333327062319 -0.34602446326185693
leaf_weight=12478 266 66 110 227 112 85 89 254 133 52 75 370 61 886 60 229 158 198 138
leaf_count=12478 266 66 110 227 112 85 89 254 133 52 75 370 61 886 60 229 158 198 138
internal_value=-0.00122296 0.0101654 -0.00257436 0.00702465 0.010681 0.00855682 0.00442645 0.00181155 0.00369767 0.0163936 0.0172771 0.018461 -0.00281151 -0.00136126 0.00427869 0.0052314 0.00795968 0.00225352 -0.00207512
internal_weight=16047 1698 14349 1135 463 351 672 726 472 563 497 422 13623 1145 121 362 247 425 1024
internal_count=16047 1698 14349 1135 463 351 672 726 472 563 497 422 13623 1145 121 362 247 425 1024
is_linear=0
shrinkage=0.03


Tree=19
num_leaves=20
num_cat=1
split_feature=21 21 22 14 14 7 30 22 0 20 16 11 14 21 21 11 14 14 20
split_gain=252.725 38.7248 13.0963 10.3315 6.08627 4.99563 5.10835 4.73002 4.17678 3.70155 2.6128 2.56772 2.15369 7.54048 1.38374 1.21431 1.11943 0.925027 0.642925
threshold=3350.5000000000005 4300.5000000000009 2900.5000000000005 -0.86976336936302323 -0.51297808981038739 293.50000000000006 2.1500000000000008 4050.5000000000005 0 24.467857142857145 -0.96688789938088693 224.56332070738702 -0.95754239937548935 2277.5000000000005 2900.5000000000005 653.35759174492262 -0.94139628442229062 -0.59869031648930193 23.410714285714292
decision_type=2 2 2 2 2 2 2 2 9 2 2 2 2 2 2 2 2 2 2
left_child=2 3 12 5 11 6 -2 18 -5 17 -10 -4 13 -1 -14 -13 -11 -9 -3
right_child=1 7 4 8 -6 -7 -8 9 10 16 -12 15 14 -15 -16 -17 -18 -19 -20
leaf_value=-20.515572411717219 11.97174760564903 36.800600990861462 -0.48172770480274424 1.2690290060871567 -4.5124687552617617 26.200894055503674 3.8461964129088342 36.169831831456868 38.056591528059073 6.1085512453152591 4.7117043684604321 7.7355974784485309 -20.707503876318146 4.863701325503353 0.49056898320547188 26.707201192160817 14.294973761027943 51.853052977764527 34.879322827092594
leaf_weight=570 205 54 109 232 288 84 184 238 103 69 414 234 12776 100 115 70 66 56 80
leaf_count=570 205 54 109 232 288 84 184 238 103 69 414 234 12776 100 115 70 66 56 80
internal_value=-0.00127717 0.0093561 -0.00261172 0.006287 0.00134188 0.00982278 0.00812308 0.0159149 0.003984 0.0176233 0.00544318 0.00371014 -0.0028195 -0.00105067 -0.00290785 0.00512459 0.0123529 0.0198407 0.0100222
internal_weight=16047 1785 14262 1222 701 473 389 563 749 429 517 413 13561 670 12891 304 135 294 134
internal_count=16047 1785 14262 1222 701 473 389 563 749 429 517 413 13561 670 12891 304 135 294 134
cat_boundaries=0 1
cat_threshold=3054608
is_linear=0
shrinkage=0.03


Tree=20
num_leaves=20
num_cat=0
split_feature=21 21 22 14 7 7 14 22 22 21 14 32 23 31 31 13 31 27 23
split_gain=236.549 34.6999 13.0197 11.0753 6.12333 6.14914 4.70705 4.69543 4.51165 1.97955 6.74556 1.80021 1.74376 1.30085 1.1333 0.724384 0.940575 0.5462 0.478203
threshold=3395.0000000000005 4382.5000000000009 2850.5000000000005 -0.86976336936302323 293.50000000000006 277.50000000000006 -0.40614700388750385 4150.5000000000009 4687.5000000000009 2392.5000000000005 -0.95754239937548935 227.05000000000004 2850.5000000000005 29.199999999999985 96.450000000000031 1674.8067055393587 32.500000000000028 24.125000000000004 2950.5000000000005
decision_type=2 2 2 2 2 2 2 2 2 2 2 2 2 2 2 2 2 2 2
left_child=2 3 9 4 5 -2 11 -3 14 18 -11 12 -4 -13 -5 -9 -17 -8 -1
right_child=1 7 6 8 -6 -7 17 15 -10 10 -12 13 -14 -15 -16 16 -18 -19 -20
leaf_value=-24.586278760028598 13.205111052115271 38.539606366609924 -2.0578724635534846 5.2037075535016655 23.919770817249777 3.3002384020395517 -0.47996318299387647 9.420341203761037 49.103170168133701 6.5212717070070072 -5.3628812263957721 -2.3674898419981054 13.325718997731064 3.5171440314328595 -0.81353615160117032 38.480233730468349 7.3377107298143009 -7.3123611648585971 -8.4258179619846967
leaf_weight=12269 233 136 50 586 106 192 115 63 76 66 1062 100 231 120 56 255 51 191 50
leaf_count=12269 233 136 50 586 106 192 115 63 76 66 1062 100 231 120 56 255 51 191 50
internal_value=-0.00130858 0.00907863 -0.00259046 0.0063264 0.00966541 0.0078169 0.00106931 0.0157708 0.00378442 -0.0028135 -0.00152259 0.00289243 0.00451064 0.000610859 0.00286003 0.0177243 0.0187524 -0.00176873 -0.00292792
internal_weight=16008 1754 14254 1249 531 425 807 505 718 13447 1128 501 281 220 642 369 306 306 12319
internal_count=16008 1754 14254 1249 531 425 807 505 718 13447 1128 501 281 220 642 369 306 306 12319
is_linear=0
shrinkage=0.03


Tree=21
num_leaves=20
num_cat=1
split_feature=21 21 22 14 31 0 22 22 21 14 16 12 31 14 16 12 29 14 25
split_gain=221.862 27.0828 24.4021 7.89772 5.43184 4.93009 4.68809 3.9609 3.948 4.00947 3.77753 3.53299 2.44583 2.77786 2.20128 1.95527 1.73926 1.46523 0.654116
threshold=3600.5000000000005 4500.5000000000009 3100.5000000000005 -0.86976336936302323 23.200000000000014 0 4400.5000000000009 4150.5000000000009 2450.5000000000005 -0.95754239937548935 -0.91597725483594616 4035.1500000000005 27.250000000000011 -0.86976336936302323 -0.59263320653766849 3859.3333333333335 24.375000000000004 -0.56368474752277564 22.925000000000004
decision_type=2 2 2 2 2 9 2 2 2 2 2 2 2 2 2 2 2 2 2
left_child=2 3 8 4 15 -6 12 18 -1 -10 11 -5 14 -14 -4 -2 -12 -11 -3
right_child=1 7 6 10 5 -7 -8 -9 9 17 16 -13 13 -15 -16 -17 -18 -19 -20
leaf_value=-23.770289895260678 16.552427395399274 39.821710960029364 5.1940339762334133 6.660827507038829 4.0161064770563666 9.7897995392339006 45.708471360846374 34.296609361732081 6.3129977010201621 0.11756491828504888 3.2233332332341869 42.73516252515207 11.943773243936473 0.3175792846110298 -1.9968352475052844 16.846974162013609 -0.4785483809026248 -5.4354645214372521 36.083629795319837
leaf_weight=12552 141 53 336 86 123 229 61 285 76 349 198 80 82 69 209 51 113 860 55
leaf_count=12552 141 53 336 86 123 229 61 285 76 349 198 80 82 69 209 51 113 860 55
internal_value=-0.00134793 0.00998799 -0.00244995 0.00732094 0.00985871 0.00733428 0.00276253 0.0167665 -0.00273855 -0.00109642 0.00431799 0.00806587 0.00197561 0.00540789 0.000934065 0.0141917 0.00215385 -0.00154711 0.0106514
internal_weight=16008 1414 14594 1021 544 352 757 393 13837 1285 477 166 696 151 545 192 311 1209 108
internal_count=16008 1414 14594 1021 544 352 757 393 13837 1285 477 166 696 151 545 192 311 1209 108
cat_boundaries=0 1
cat_threshold=2137104
is_linear=0
shrinkage=0.03


Tree=22
num_leaves=20
num_cat=3
split_feature=21 21 22 17 0 14 22 20 31 29 14 33 21 14 0 0 19 21 15
split_gain=204.479 34.6726 11.3919 8.75272 5.57871 4.0215 3.99412 3.72666 3.58215 2.84956 2.84738 2.52973 2.41632 5.63193 2.16681 1.26406 1.11568 0.911959 0.837105
threshold=3395.0000000000005 4300.5000000000009 2900.5000000000005 -0.49812626372919411 0 -0.54220184589352438 4050.5000000000005 24.467857142857145 19.750000000000004 24.025000000000002 -0.54220184589352438 2.7850000000000006 2392.5000000000005 -0.95754239937548935 1 2 297.30000000000007 4750.5000000000009 0.3484035575467645
decision_type=2 2 2 2 9 2 2 2 2 2 2 2 2 2 9 9 2 2 2
left_child=2 3 12 4 8 14 17 -8 -2 10 -5 -6 -1 -14 18 -11 -16 -3 -4
right_child=1 6 5 9 11 -7 7 -9 -10 15 -12 -13 13 -15 16 -17 -18 -19 -20
leaf_value=-23.135581700369919 15.309470261117164 12.490483963204079 -0.79378324310496218 36.333549746173198 2.4866316864195115 -2.4866665401000807 35.486543045056301 11.961419222349654 2.3275090436069616 -1.3084460703320651 2.6693923639682056 13.912239459850383 6.2003457501067762 -4.4228002009922918 15.783459724679032 5.5716731926202359 2.4937566906383668 37.836727906028976 12.250189763323503
leaf_weight=12323 50 54 138 122 60 303 279 133 158 113 259 233 69 1149 113 215 67 78 92
leaf_count=12323 50 54 138 122 60 303 279 133 158 113 259 233 69 1149 113 215 67 78 92
internal_value=-0.00139853 0.00825812 -0.00259046 0.00536334 0.0084502 0.00105882 0.0145927 0.0162203 0.00365753 0.00310986 0.00490052 0.0111711 -0.002786 -0.00143478 0.0030292 0.000884498 0.00541885 0.00909022 0.000684647
internal_weight=16008 1754 14254 1210 501 713 544 412 208 709 381 293 13541 1218 410 328 180 132 230
internal_count=16008 1754 14254 1210 501 713 544 412 208 709 381 293 13541 1218 410 328 180 132 230
cat_boundaries=0 1 2 3
cat_threshold=2395154 2155713 2137105
is_linear=0
shrinkage=0.03


Tree=23
num_leaves=20
num_cat=1
split_feature=21 21 22 14 33 21 14 22 10 0 20 33 14 14 7 29 20 14 16
split_gain=193.232 23.9606 20.8383 7.24686 5.98681 4.0136 4.67038 3.5412 3.40596 3.03853 2.80501 2.68079 2.20393 5.37152 1.95501 1.65348 1.51012 1.37571 1.27271
threshold=3600.5000000000005 4550.5000000000009 3100.5000000000005 -0.86976336936302323 3.7850000000000006 2177.5000000000005 -0.95754239937548935 4350.5000000000009 4343.1428571428578 0 22.446428571428577 4.3450000000000006 -0.86976336936302323 -0.94139628442229062 277.50000000000006 24.425000000000004 24.43928571428572 -0.56368474752277564 -0.90893575921103265
decision_type=2 2 2 2 2 2 2 2 2 9 2 2 2 2 2 2 2 2 2
left_child=2 3 5 4 9 -1 11 12 15 -2 -3 -7 13 -4 -6 -5 -12 -8 -14
right_child=1 10 7 8 14 6 17 -9 -10 -11 16 -13 18 -15 -16 -17 -18 -19 -20
leaf_value=-26.191514249358818 1.4790331837095665 35.783627121979443 2.303781386340678 4.2765732495876909 12.222923383575761 5.9931964319078146 -1.1685635934605458 41.755184214275182 40.038802529302707 9.2525776128117556 35.380922820125413 -3.0440769029905153 8.0819949285564547 16.02900864480862 19.272321576251382 -0.53543260196218034 14.64295905280183 -6.630203811590631 -0.25490669577230712
leaf_weight=11594 105 64 124 251 56 86 514 68 101 245 229 88 136 52 153 133 77 1555 377
leaf_count=11594 105 64 124 251 56 86 514 68 101 245 229 88 136 52 153 133 77 1555 377
internal_value=-0.00141727 0.00916113 -0.00244584 0.00674928 0.00913929 -0.00271253 -0.00150802 0.00236675 0.00388889 0.00645299 0.0158086 0.00310286 0.00163478 0.00455932 0.0133714 0.00242338 0.0171889 -0.00191884 0.000536964
internal_weight=16008 1414 14594 1044 559 13837 2243 757 485 350 370 174 689 176 209 384 306 2069 513
internal_count=16008 1414 14594 1044 559 13837 2243 757 485 350 370 174 689 176 209 384 306 2069 513
cat_boundaries=0 1
cat_threshold=2393104
is_linear=0
shrinkage=0.03


Tree=24
num_leaves=20
num_cat=1
split_feature=21 21 23 14 33 14 21 17 12 25 32 25 20 16 12 33 20 7 0
split_gain=181.429 23.6752 20.2671 7.08613 6.32073 5.4657 2.9887 4.42956 2.94248 4.45127 3.00411 2.70529 2.35896 2.29434 3.26297 2.2942 1.94836 1.73124 1.14757
threshold=3600.5000000000005 4550.5000000000009 2900.5000000000005 -0.86976336936302323 3.7850000000000006 -0.51297808981038739 2100.5000000000005 -0.67326866607897362 3172.5833333333335 25.425000000000008 0.80000000000000038 23.975000000000005 22.446428571428577 -0.91597725483594616 3978.2000000000003 4.1950000000000012 24.43928571428572 277.50000000000006 0
decision_type=2 2 2 2 2 2 2 2 2 2 2 2 2 2 2 2 2 2 9
left_child=2 3 6 4 11 8 -1 15 9 -4 -10 -2 -3 14 -5 -8 -14 -6 -15
right_child=1 12 5 13 17 -7 7 -9 10 -11 -12 -13 16 18 -16 -17 -18 -19 -20
leaf_value=-26.75576882187805 11.412999743905909 34.710118308320062 0.39952074231222306 5.5648359941899175 11.85623568206848 -1.1914609492229109 5.5365580553371663 -5.4461905529943806 3.5759868828514376 7.0601251856108753 21.013380047091189 5.070569771037956 34.319495135521656 -0.45452340229085209 38.933655023158295 -2.8618859108855168 14.203670281217788 18.694151928963834 2.7857296959874036
leaf_weight=11356 89 64 304 83 56 460 101 1933 75 64 141 261 229 110 89 160 77 153 203
leaf_count=11356 89 64 304 83 56 460 101 1933 75 64 141 261 229 110 89 160 77 153 203
internal_value=-0.00144912 0.00880071 -0.00244584 0.00640478 0.00876429 0.00155311 -0.00275736 -0.00169339 0.00349231 0.00168293 0.00634562 0.00602564 0.0154043 0.00358025 0.00646821 0.00187786 0.0167003 0.0130857 0.00183439
internal_weight=16008 1414 14594 1044 559 1044 13550 2194 584 368 216 350 370 485 172 261 306 209 313
internal_count=16008 1414 14594 1044 559 1044 13550 2194 584 368 216 350 370 485 172 261 306 209 313
cat_boundaries=0 1
cat_threshold=1606808
is_linear=0
shrinkage=0.03


Tree=25
num_leaves=20
num_cat=2
split_feature=21 21 22 17 18 12 32 17 12 22 17 33 28 32 10 0 0 20 21
split_gain=169.405 24.9371 18.7359 9.10438 9.88954 4.6707 4.14161 3.69607 3.3663 3.08896 5.93795 4.2556 2.72591 2.64443 2.31737 2.24147 1.53203 1.26376 1.04016
threshold=3600.5000000000005 4650.5000000000009 2997.5000000000005 -0.60383963676313723 23.200000000000014 3708.6833333333338 14.250000000000002 0.47370525521770246 3584.1666666666674 2125.5700000000002 -0.83377508534904698 4.1950000000000012 25.575000000000006 6.9499999999999975 4343.1428571428578 0 1 24.38571428571429 2900.5000000000005
decision_type=2 2 2 2 2 2 2 2 2 2 2 2 2 2 2 9 9 2 2
left_child=2 3 9 4 5 -2 -3 8 15 -1 11 -11 -6 -10 16 -4 -5 -8 -12
right_child=1 6 7 14 12 -7 17 -9 13 10 18 -13 -14 -15 -16 -17 -18 -19 -20
leaf_value=-25.353095757221709 15.188196091146457 32.827782948596536 0.17893703106618375 -0.35744289228313486 6.6522170408152066 6.6759713794450786 35.003256300200846 -1.6632125347159812 10.677237206109728 5.6790324559331955 -5.9908163639643393 -2.80199202279633 9.5492562546773581 29.805033849082914 32.771393333090572 7.283634376068477 3.8766292282275554 24.288979947493594 1.2099068435623768
leaf_weight=11357 107 73 354 135 318 84 196 288 59 68 1933 93 57 79 113 189 276 52 156
leaf_count=11357 107 73 354 135 318 84 196 288 59 68 1933 93 57 79 113 189 276 52 156
internal_value=-0.00147148 0.00844334 -0.00243486 0.00620073 0.0088836 0.0145937 0.0158758 0.00156495 0.00278886 -0.0027231 -0.00165926 0.00377778 0.00582447 0.00705755 0.00320571 0.00161029 0.00199514 0.0179157 -0.00210144
internal_weight=15987 1411 14576 1090 566 191 321 969 681 13607 2250 161 375 138 524 543 411 248 2089
internal_count=15987 1411 14576 1090 566 191 321 969 681 13607 2250 161 375 138 524 543 411 248 2089
cat_boundaries=0 1 2
cat_threshold=3458273 823448
is_linear=0
shrinkage=0.03


Tree=26
num_leaves=19
num_cat=1
split_feature=21 21 21 16 16 19 15 0 28 22 23 19 16 10 19 10 22 10
split_gain=164.873 24.6943 17.6869 6.50812 12.007 3.82602 3.61201 5.05875 3.47866 2.50319 1.63381 1.45377 1.30496 1.30339 0.953618 0.944847 0.41995 0.177358
threshold=3600.5000000000005 4650.5000000000009 2800.5000000000005 0.64415889436411822 0.18281681932135149 28.850000000000005 -0.79382744783423187 0 24.525000000000002 2100.5000000000005 3395.0000000000005 348.45000000000005 -0.90893575921103265 4545.857142857144 39.150000000000013 3623.2142857142862 3997.2150000000006 2741.2142857142862
decision_type=2 2 2 2 2 2 2 9 2 2 2 2 2 2 2 2 2 2
left_child=2 3 9 4 8 -3 17 12 -2 -1 11 -11 -8 -7 -9 -5 -6 -4
right_child=1 5 6 15 16 13 7 14 -10 10 -12 -13 -14 -15 -16 -17 -18 -19
leaf_value=-24.592502884505059 8.7922820832163318 31.764903288511938 -0.83833263690865123 1.5334865847828609 12.257658571619176 24.826950147095332 11.468274225442379 7.1028682683392059 9.5559867939901295 -6.7152610268317048 6.4856209697222811 1.0842877379289069 -0.6885722846287351 34.567256441878484 10.515416522569691 -1.0964723486147223 11.64375376765835 -4.6726857348486437
leaf_weight=11302 468 84 50 99 54 93 141 162 310 1905 76 100 456 144 206 90 69 178
leaf_count=11302 468 84 50 99 54 93 141 162 310 1905 76 100 456 144 206 90 69 178
internal_value=-0.00148649 0.00829462 -0.00243692 0.00606324 0.00713082 0.0156894 0.00103518 0.00186335 0.00564955 -0.00274985 -0.00173775 -0.00191426 3.9473e-05 0.0178739 0.00456728 0.000726315 0.0160161 -0.00226638
internal_weight=15987 1411 14576 1090 901 321 1193 965 778 13383 2081 2005 597 237 368 189 123 228
internal_count=15987 1411 14576 1090 901 321 1193 965 778 13383 2081 2005 597 237 368 189 123 228
cat_boundaries=0 1
cat_threshold=3966177
is_linear=0
shrinkage=0.03


Tree=27
num_leaves=20
num_cat=1
split_feature=21 21 21 17 18 17 7 32 11 33 10 0 16 23 7 13 10 21 17
split_gain=153.526 20.7172 17.2472 8.83701 9.57961 7.05847 3.56267 3.33347 2.9414 3.62386 2.66124 2.05052 2.21065 1.57708 1.45777 1.43436 1.19882 0.802614 2.18337
threshold=3650.5000000000005 4650.5000000000009 2500.5000000000005 -0.51297720034420879 23.200000000000014 0.46801100042923444 292.50000000000006 14.250000000000002 653.35759174492262 4.2150000000000007 4545.857142857144 0 -0.91597725483594616 3395.0000000000005 171.50000000000003 1643.580960830933 3485.7857142857147 2100.5000000000005 -0.85227283847737434
decision_type=2 2 2 2 2 2 2 2 2 2 2 9 2 2 2 2 2 2 2
left_child=2 3 13 4 15 8 -6 -3 9 -4 -9 -5 -13 17 -7 -2 -16 -1 -19
right_child=1 7 5 11 6 14 -8 10 -10 -11 -12 12 -14 -15 16 -17 -18 18 -20
leaf_value=-24.980221136187271 13.92934263961382 30.890002361483269 4.8301217112202028 -0.51878960068074331 5.2299641522946523 0.9538666569087465 9.5717257193903791 23.713734070527366 31.519625575311693 -0.66279628363197518 33.690849058668107 33.884911096085382 1.6755149973820527 5.7730383132562482 -4.9360874748948644 12.136976629180504 1.5155356451446984 2.8574239447830521 -9.5917455770033904
leaf_weight=11330 90 73 524 110 313 50 66 98 99 494 150 116 234 52 658 113 116 132 1169
leaf_count=11330 90 73 524 110 313 50 66 98 99 494 150 116 234 52 658 113 116 132 1169
internal_value=-0.00152027 0.00809824 -0.00242031 0.00596261 0.00845454 0.000191554 0.00541579 0.0148509 0.00176565 0.00122767 0.0167108 0.00270065 0.00378116 -0.00282356 -0.00188727 0.0138529 -0.00224129 -0.00284658 -0.00201843
internal_weight=15987 1363 14624 1042 582 1941 379 321 1117 1018 248 460 350 12683 824 203 774 12631 1301
internal_count=15987 1363 14624 1042 582 1941 379 321 1117 1018 248 460 350 12683 824 203 774 12631 1301
cat_boundaries=0 1
cat_threshold=5264
is_linear=0
shrinkage=0.03


Tree=28
num_leaves=20
num_cat=1
split_feature=21 21 21 14 18 14 0 32 11 25 24 19 32 23 22 22 11 14 19
split_gain=141.454 20.4568 16.3288 9.47985 10.3782 6.65977 3.1875 2.85292 2.55886 2.20284 2.09466 1.84773 1.79529 1.57401 1.30859 1.24646 1.05175 0.876983 1.40883
threshold=3600.5000000000005 4785.5000000000009 2500.5000000000005 -0.8821812062722818 23.200000000000014 -0.53493989022977317 0 14.250000000000002 747.91120294182758 23.875000000000004 3784.2950000000005 135.10000000000005 93.350000000000009 3395.0000000000005 3784.2950000000005 5300.5000000000009 287.02082220799065 -0.99763297024448894 303.85000000000008
decision_type=2 2 2 2 2 2 9 2 2 2 2 2 2 2 2 2 2 2 2
left_child=2 3 13 4 11 8 -6 -3 9 -4 -5 -2 16 17 -12 -9 -7 18 -1
right_child=1 7 5 10 6 12 -8 15 -10 -11 14 -13 -14 -15 -16 -17 -18 -19 -20
leaf_value=-17.676865527380649 20.522119678631555 30.448301108841243 -2.8204233664600857 0.91408166564719062 10.119637088290929 1.0708867646624447 4.6169214257317464 30.69477506465001 29.167076432246049 4.8809000268410836 2.2211030804596308 8.1878630495826865 -5.5616802897381348 5.5998471638585494 25.282040552265212 40.573605825127146 -2.7463810231415198 -18.709483337274065 5.9309556956282403
leaf_weight=107 62 64 220 290 122 241 285 123 71 585 66 167 474 52 174 58 302 12469 55
leaf_count=107 62 64 220 290 122 241 285 123 71 585 66 167 474 52 174 58 302 12469 55
internal_value=-0.00155029 0.0075085 -0.00243075 0.00578149 0.00828414 0.000145723 0.00520588 0.0154878 0.00208324 0.00152605 0.00268362 0.013513 -0.00147937 -0.00281883 0.00479253 0.0177033 -0.00020956 -0.00284183 -0.000312884
internal_weight=15987 1411 14576 1166 636 1893 407 245 876 805 530 229 1017 12683 240 181 543 12631 162
internal_count=15987 1411 14576 1166 636 1893 407 245 876 805 530 229 1017 12683 240 181 543 12631 162
cat_boundaries=0 1
cat_threshold=204842
is_linear=0
shrinkage=0.03


Tree=29
num_leaves=20
num_cat=1
split_feature=21 21 21 14 18 14 10 12 12 27 32 28 19 14 11 21 14 10 0
split_gain=131.673 18.5208 15.8084 6.50271 9.81518 6.40388 5.24959 4.46756 4.01744 3.44159 3.33688 3.14795 2.92664 1.74758 1.88606 1.39029 1.82229 1.18989 1.13704
threshold=3600.5000000000005 5000.5000000000009 2500.5000000000005 -0.8821812062722818 23.200000000000014 -0.53493989022977317 4411.0714285714294 3859.3333333333335 3172.5833333333335 25.825000000000006 1.3499999999999968 25.075000000000006 28.850000000000005 0.19337368024598436 287.02082220799065 2100.5000000000005 -0.96235977360714686 3485.7857142857147 0
decision_type=2 2 2 2 2 2 2 2 2 2 2 2 2 2 2 2 2 2 9
left_child=2 3 15 4 7 8 18 -2 11 -6 -10 -4 -3 17 -15 -1 -17 -7 -5
right_child=1 12 5 6 9 13 -8 -9 10 -11 -12 -13 -14 14 -16 16 -18 -19 -20
leaf_value=-23.661222301293996 12.57406262609782 29.949688646104303 -1.1800292542764015 3.7396734071527677 5.2863560146903597 -4.6484837029184565 25.911609481707416 4.7535921925243594 7.1445778035198924 10.586068274727557 19.51479629730127 4.604578011501566 33.036879727120315 2.6338260607482851 -7.965198744455293 2.3990618801093482 -8.4393497058339246 1.5642466692877348 -0.073545000848398046
leaf_weight=11356 166 52 470 213 363 685 149 74 91 50 137 178 118 118 90 136 1191 124 226
leaf_count=11356 166 52 470 213 363 685 149 74 91 50 137 178 118 118 90 136 1191 124 226
internal_value=-0.00157093 0.00716855 -0.00242046 0.00583092 0.00794495 0.000114044 0.00339728 0.0128838 0.00201482 0.00494203 0.00546288 0.000725731 0.0165789 -0.00147937 0.000818181 -0.00280227 -0.00178916 -0.00212593 0.00160909
internal_weight=15987 1411 14576 1241 653 1893 588 240 876 413 228 648 170 1017 208 12683 1327 809 439
internal_count=15987 1411 14576 1241 653 1893 588 240 876 413 228 648 170 1017 208 12683 1327 809 439
cat_boundaries=0 1
cat_threshold=1138723
is_linear=0
shrinkage=0.03


Tree=30
num_leaves=20
num_cat=1
split_feature=21 21 21 14 31 14 20 10 31 15 12 16 7 16 0 7 16 22 23
split_gain=133.089 27.2306 9.17745 8.447 12.1205 6.96254 4.32013 4.24316 3.21879 2.7913 2.69931 2.51859 1.92182 1.62249 1.51525 1.00534 0.571634 0.409436 0.105284
threshold=3395.0000000000005 4785.5000000000009 2100.5000000000005 -0.86976336936302323 22.699999999999996 -0.54939360607974019 25.239285714285721 4411.0714285714294 38.399999999999999 0.3484035575467645 3859.3333333333335 -0.92641089502887486 288.50000000000006 0.99572776335819457 0 45.500000000000007 -0.32614396506100213 2676.0400000000004 4550.5000000000009
decision_type=2 2 2 2 2 2 2 2 2 2 2 2 2 2 9 2 2 2 2
left_child=2 3 17 4 10 6 8 14 -4 -6 -2 -3 -8 16 -5 -15 -7 -1 -9
right_child=1 11 5 7 9 13 12 18 -10 -11 -12 -13 -14 15 -16 -17 -18 -19 -20
leaf_value=-23.184199994727262 13.207805380726482 28.636360183920043 -2.4105856765803289 -0.44547274649792201 4.3376693723412645 -2.3815937463444747 2.8550332979051425 34.574416252217716 4.8260393438384535 8.447069769170195 13.658932365815881 38.106118026111304 14.597734308114513 3.0125000766436867 3.6908834810207152 -4.7991340463395638 -6.7800361671317431 -1.2847332424309068 31.583033060855929
leaf_weight=11341 171 174 699 231 406 457 55 59 186 64 69 74 85 64 430 62 1220 76 67
leaf_count=11341 171 174 699 231 406 457 55 59 186 64 69 74 85 64 430 62 1220 76 67
internal_value=-0.00157307 0.00623711 -0.00253334 0.00466222 0.00706751 -0.000978792 0.000964912 0.00242893 0.000135439 0.00410828 0.0126349 0.015506 0.00585106 -0.00210865 0.00137764 0.000921259 -0.00236353 -0.00291435 0.00753543
internal_weight=15990 1745 14245 1497 710 2828 1025 787 885 470 240 248 140 1803 661 126 1677 11417 126
internal_count=15990 1745 14245 1497 710 2828 1025 787 885 470 240 248 140 1803 661 126 1677 11417 126
cat_boundaries=0 1
cat_threshold=1086616
is_linear=0
shrinkage=0.03


Tree=31
num_leaves=20
num_cat=1
split_feature=22 10 17 15 25 22 10 17 20 26 33 23 20 0 16 25 13 29 16
split_gain=117.824 23.2403 8.60388 9.89778 8.47958 6.52553 5.71092 4.72046 3.67941 3.03873 2.47841 2.16305 1.92393 1.81094 1.69188 1.50967 1.4705 1.1344 1.03918
threshold=3100.5000000000005 4299.2857142857147 -0.51297720034420879 0.33222858587828868 23.875000000000004 2100.5000000000005 4923.2857142857147 -0.67326866607897362 24.882142857142863 11.200000000000001 4.1950000000000012 3598.4100000000003 25.325000000000006 0 -0.90893575921103265 25.075000000000006 1819.0405269642035 24.075000000000006 0.96851839807117801
decision_type=2 2 2 2 2 2 2 2 2 2 2 2 2 9 2 2 2 2 2
left_child=5 2 3 4 -2 -1 9 10 -5 16 15 18 -12 17 -15 -7 -3 -4 -9
right_child=1 6 13 8 -6 7 -8 11 -10 -11 12 -13 -14 14 -16 -17 -18 -19 -20
leaf_value=-21.138673994885444 10.217232173362119 27.090698742372826 5.6259867377688186 10.505034596549029 2.6479757763293752 4.0957955683945348 30.231079594133146 -5.2789250067239415 20.226649240827498 1.9414950816945293 -6.2881617346236309 14.415577014881103 7.2817972087576539 10.056594739879788 -0.43778706442675142 5.9828512171203343 28.133047604346018 0.55688670734275569 -0.48946608645621414
leaf_weight=11406 70 161 138 69 443 55 99 1824 94 54 131 53 68 222 440 60 202 86 315
leaf_count=11406 70 161 138 69 443 55 99 1824 94 54 131 53 68 222 440 60 202 86 315
internal_value=-0.00159371 0.00506061 0.00319194 0.00575628 0.00357198 -0.00259117 0.0106132 -0.00117391 0.0122927 0.0088134 0.0022 -0.00167852 0 0.00118038 0.000280831 0.00568965 0.00982418 0.00345957 -0.00184206
internal_weight=15990 2078 1562 676 513 13912 516 2506 163 417 314 2192 199 886 662 115 363 224 2139
internal_count=15990 2078 1562 676 513 13912 516 2506 163 417 314 2192 199 886 662 115 363 224 2139
cat_boundaries=0 1
cat_threshold=532514
is_linear=0
shrinkage=0.03


Tree=32
num_leaves=20
num_cat=0
split_feature=21 21 14 18 21 14 12 22 15 12 33 33 22 22 25 16 22 25 12
split_gain=116.727 29.0526 6.61322 9.34017 5.71233 4.77828 3.32755 2.86284 2.28944 2.16498 1.73029 1.66295 1.3384 1.11804 1.08337 0.766911 0.695738 0.356944 0.139762
threshold=3100.5000000000005 4852.5000000000009 -0.86976336936302323 23.200000000000014 2100.5000000000005 -0.94139628442229062 4160.8500000000013 3250.5000000000005 0.3484035575467645 3859.3333333333335 4.4450000000000012 4.2350000000000012 5300.5000000000009 2676.0400000000004 24.075000000000006 0.96522610578843548 2392.5000000000005 25.325000000000006 2264.0166666666669
decision_type=2 2 2 2 2 2 2 2 2 2 2 2 2 2 2 2 2 2 2
left_child=4 2 3 9 16 10 14 15 -5 -2 13 -8 -3 -6 -4 -7 -1 -12 -18
right_child=1 12 6 8 5 7 11 -9 -10 -11 17 -13 -14 -15 -16 -17 18 -19 -20
leaf_value=-22.004513775038884 13.276334952420735 27.104798455788035 2.3750607766825698 3.5481190078648237 6.0080914223732895 -5.174598951245116 4.6471439478959082 8.7414838669114285 8.4410894301615684 9.9867489604238635 -13.367654457750785 31.973256012290349 33.097237340261614 3.2484892791216415 -0.46047101532815837 -1.165100179431366 0.35299063286744509 6.489532413311065 -8.847004260702688
leaf_weight=11246 225 155 547 452 99 1805 101 94 75 71 53 119 73 53 258 340 82 53 89
leaf_count=11246 225 155 547 452 99 1805 101 94 75 71 53 119 73 53 258 340 82 53 89
internal_value=-0.00161622 0.00501059 0.00372688 0.00575971 -0.00260848 -0.00127542 0.00204678 -0.00173304 0.00322727 0.0100909 0.00251351 0.00536199 0.0151572 0.00456863 0.0010794 -0.00197111 -0.00289595 -2.80381e-05 -0.000627908
internal_weight=15990 2076 1848 823 13914 2497 1025 2239 527 296 258 220 228 152 805 2145 11417 106 171
internal_count=15990 2076 1848 823 13914 2497 1025 2239 527 296 258 220 228 152 805 2145 11417 106 171
is_linear=0
shrinkage=0.03


Tree=33
num_leaves=20
num_cat=3
split_feature=21 21 14 31 21 14 10 27 0 33 23 0 27 16 16 23 0 24 13
split_gain=111.918 29.2322 5.78054 8.42106 5.49821 4.48219 4.02513 3.26123 2.81291 2.285 2.06422 1.83728 1.80216 1.33496 1.24641 0.817948 0.68336 0.286727 0.0764022
threshold=3100.5000000000005 4852.5000000000009 -0.86976336936302323 19.750000000000004 2100.5000000000005 -0.95754239937548935 4299.2857142857147 25.025000000000002 0 4.6550000000000011 3250.5000000000005 1 25.525000000000002 -0.92641089502887486 -0.63920832810365547 2732.5000000000005 2 4300.5000000000009 1896.1420740740743
decision_type=2 2 2 2 2 2 2 2 9 2 2 9 2 2 2 2 9 2 2
left_child=4 2 3 7 15 9 11 -2 -5 12 16 -4 -6 17 -12 -1 -7 -3 -8
right_child=1 13 6 8 5 10 18 -9 -10 -11 14 -13 -14 -15 -16 -17 -18 -19 -20
leaf_value=-21.33156909046928 15.393640584048351 28.302088457197772 3.4665771777587633 1.1832658308919051 6.8609075361922818 -1.1538097566241672 30.670241812203351 13.978160705383265 5.8326422933618858 -12.520645428149342 8.9878818987366849 0.087957664093439109 -2.0015750875139338 36.199620086922849 -4.7894517602301807 0.14453547515026247 -4.5579500359617988 26.26618877932324 26.745536596378244
leaf_weight=11344 193 52 222 227 107 252 110 62 341 51 68 638 50 66 69 73 1900 110 55
leaf_count=11344 193 52 222 227 107 252 110 62 341 51 68 638 50 66 69 73 1900 110 55
internal_value=-0.00163686 0.00485171 0.00356463 0.00546845 -0.00260848 -0.00129944 0.0019883 0.0100781 0.0033058 0.00282775 -0.0016952 0.00109756 0.00470886 0.0150262 0.00169565 -0.0028907 -0.00193265 0.0169877 0.0063253
internal_weight=15990 2076 1848 823 13914 2497 1025 255 568 208 2289 860 157 228 137 11417 2152 162 165
internal_count=15990 2076 1848 823 13914 2497 1025 255 568 208 2289 860 157 228 137 11417 2152 162 165
cat_boundaries=0 1 2 3
cat_threshold=2362419 663586 1378816
is_linear=0
shrinkage=0.03


Tree=34
num_leaves=19
num_cat=2
split_feature=22 22 22 23 17 15 17 17 11 0 13 33 20 23 0 25 23 17
split_gain=99.3183 17.5174 6.20951 4.78751 5.15393 5.73525 3.77433 3.51535 3.16643 2.17566 2.07171 1.95394 1.65726 1.43305 0.908482 0.897884 0.531888 0.149787
threshold=3100.5000000000005 5300.5000000000009 2100.5000000000005 4248.0000000000009 -0.51297720034420879 0.3484035575467645 -0.67326866607897362 -0.98631490141008282 794.88689094935273 0 1627.5269043872413 4.1950000000000012 25.325000000000006 3598.4100000000003 1 25.075000000000006 2777.5000000000005 -0.99864786094873803
decision_type=2 2 2 2 2 2 2 2 2 9 2 2 2 2 9 2 2 2
left_child=2 3 16 4 5 -2 11 -5 -3 -6 -9 15 -13 14 -8 -4 17 -1
right_child=1 8 6 7 9 -7 13 10 -10 -11 -12 12 -14 -15 -16 -17 -18 -19
leaf_value=-12.776832410073908 4.9193601645311089 31.605560094085675 3.4313279837395325 -0.19226533412757807 -0.39375752131576425 18.874901058355302 -0.058506633372965661 3.8643914491033562 35.955506766214882 4.6639850351677072 22.075178996424103 -5.9337458039611448 6.7527022967954666 12.143578105456028 -4.014207779364269 5.4270295060180445 -3.1305940737763276 -19.250268063874959
leaf_weight=87 470 68 55 65 435 115 224 61 60 422 382 131 68 53 1915 60 62 11257
leaf_count=87 470 68 55 65 435 115 224 61 60 422 382 131 68 53 1915 60 62 11257
internal_value=-0.00165374 0.00445454 -0.00256961 0.00371348 0.00277131 0.00496587 -0.00118588 0.0062888 0.0152791 0.00121678 0.00724324 0.00181905 0 -0.00163748 -0.00177196 0.00491379 -0.00286955 -0.00288471
internal_weight=15990 2078 13912 1950 1442 585 2506 508 128 857 443 314 199 2192 2139 115 11406 11344
internal_count=15990 2078 13912 1950 1442 585 2506 508 128 857 443 314 199 2192 2139 115 11406 11344
cat_boundaries=0 1 2
cat_threshold=56536 1116672
is_linear=0
shrinkage=0.03


Tree=35
num_leaves=18
num_cat=2
split_feature=21 21 21 0 14 32 14 12 24 0 14 13 16 16 16 23 22
split_gain=98.3108 30.1489 5.62037 5.04438 3.47363 3.42099 4.11077 3.2713 3.11977 2.93408 2.49027 2.8786 1.10173 1.35347 0.935755 0.721671 0.359729
threshold=3100.5000000000005 5000.5000000000009 2077.3450000000007 0 -0.53493989022977317 297.30000000000007 -0.54220184589352438 3353.586666666667 4250.5000000000009 1 -0.32614396506100213 1852.1444193389532 0.99572776335819457 0.99865421017599998 -0.26037633224328088 2732.5000000000005 2392.5000000000005
decision_type=2 2 2 9 2 2 2 2 2 9 2 2 2 2 2 2 2
left_child=2 3 15 10 7 6 -5 9 -3 -4 11 -2 14 -14 -6 16 -1
right_child=1 8 4 5 12 -7 -8 -9 -10 -11 -12 -13 13 -15 -16 -17 -18
leaf_value=-20.70277329414883 8.3861543304966251 25.016866913773431 -2.335280393090529 7.7400028037257629 -2.8800008672607595 -1.124110395834208 -0.40963363790718266 17.456288442090241 28.225987556993196 4.0757541773792996 0.65133318792975337 29.102743249681247 3.2289267967807747 -4.2767185595427257 -6.3666603564956219 0.16827007589418969 -3.1304069994429242
leaf_weight=10986 469 53 514 828 503 156 271 62 120 282 78 113 57 60 1274 63 128
leaf_count=10986 469 53 514 828 503 156 271 62 120 282 78 113 57 60 1274 63 128
internal_value=-0.001671 0.00439014 -0.00258306 0.00327244 -0.00133709 0.00203791 0.00266182 0.000199068 0.0164138 -0.000267253 0.00543219 0.00619039 -0.00205647 0.000457626 -0.00224747 -0.00288567 -0.00290391
internal_weight=16017 2088 13929 1915 2752 1255 1099 858 173 796 660 582 1894 117 1777 11177 11114
internal_count=16017 2088 13929 1915 2752 1255 1099 858 173 796 660 582 1894 117 1777 11177 11114
cat_boundaries=0 1 2
cat_threshold=745482 2671858
is_linear=0
shrinkage=0.03


Tree=36
num_leaves=20
num_cat=1
split_feature=10 21 21 14 26 33 14 20 18 7 16 16 7 32 3 11 20 22 7
split_gain=93.5156 29.0398 6.25135 5.52521 4.85389 4.11263 3.49304 2.0199 3.13299 1.80539 1.17409 1.4785 1.07736 0.951917 0.878589 0.753619 0.683946 0.530984 0.474061
threshold=3206.6428571428578 5000.5000000000009 2177.5000000000005 -0.54220184589352438 2.1500000000000008 3.5150000000000001 -0.56368474752277564 25.239285714285721 33.450000000000024 292.50000000000006 0.99572776335819457 0.99865421017599998 288.50000000000006 47.750000000000007 0 341.61609311558942 26.38214285714286 2151.5000000000005 247.50000000000003
decision_type=2 2 2 2 2 2 2 2 2 2 2 2 2 2 9 2 2 2 2
left_child=2 3 17 4 5 -2 7 8 -4 -6 16 -12 -9 -3 -5 -16 -8 -1 -19
right_child=1 13 6 14 9 -7 10 12 -10 -11 11 -13 -14 -15 15 -17 -18 18 -20
leaf_value=-19.505840048332928 10.333223365313597 24.467639026312114 -3.8943306142271692 -0.42179605974806411 0.67356717500753249 13.582480082801357 -5.5992686423009639 -0.39921481560285105 4.2407270350866675 5.3575000384058127 3.1320589928773503 -3.1186639654578516 11.362946437452127 27.214868470624801 2.2645767139884594 0.95869404192820185 -1.5197848856498362 -12.555899964041 -2.2770119584386661
leaf_weight=11147 76 67 432 294 390 854 1253 55 223 54 60 61 92 106 104 105 210 192 242
leaf_count=11147 76 67 432 294 390 854 1253 55 223 54 60 61 92 106 104 105 210 192 242
internal_value=-0.00169534 0.0042784 -0.0025756 0.00315974 0.00414764 0.00539742 -0.00114495 0.000422166 -0.000228659 0.00142247 -0.00196656 0.000590163 0.00360811 0.016069 0.000369047 0.00185454 -0.00220902 -0.00286635 -0.00157931
internal_weight=16017 2050 13967 1877 1374 930 2386 802 655 444 1584 121 147 173 503 209 1463 11581 434
internal_count=16017 2050 13967 1877 1374 930 2386 802 655 444 1584 121 147 173 503 209 1463 11581 434
cat_boundaries=0 1
cat_threshold=8
is_linear=0
shrinkage=0.03


Tree=37
num_leaves=19
num_cat=2
split_feature=21 21 21 0 14 0 32 17 31 14 33 32 16 16 16 23 12 12
split_gain=88.6794 29.3151 5.66316 4.50901 3.42583 2.94597 2.81486 2.81923 2.15356 2.11178 2.38956 1.30273 1.08903 1.35347 1.02034 0.719241 0.686178 0.0422862
threshold=3100.5000000000005 5000.5000000000009 2077.3450000000007 0 -0.53493989022977317 1 297.30000000000007 0.40614348274680406 29.70000000000001 -0.32614396506100213 2.7850000000000006 47.750000000000007 0.99572776335819457 0.99865421017599998 -0.26037633224328088 2732.5000000000005 2896.8333333333335 3435.9333333333338
decision_type=2 2 2 9 2 9 2 2 2 2 2 2 2 2 2 2 2 2
left_child=2 3 15 9 5 16 7 -5 -7 10 -2 -3 14 -14 -6 17 -4 -1
right_child=1 11 4 6 12 8 -8 -9 -10 -11 -12 -13 13 -15 -16 -17 -18 -19
leaf_value=-19.091990950007975 1.9764671557118831 23.733609855522751 -2.4432607295526876 5.6150031604141466 -2.7480072946734522 1.8916122269890177 -1.4878097377049346 -0.44110105305259639 8.9791097168880682 0.25168557394866364 13.714651831686496 26.398422416506069 3.038097223091031 -4.0548570837927107 -5.9383116251068673 0.23153233237052659 4.9497709402614651 -2.6956955260317419
leaf_weight=11058 110 67 446 838 503 251 144 211 104 81 531 106 57 60 1274 63 57 56
leaf_count=11058 110 67 446 838 503 251 144 211 104 81 531 106 57 60 1274 63 57 56
internal_value=-0.00171033 0.00404548 -0.0025766 0.00294363 -0.00132619 0.000199068 0.00169933 0.00227428 0.00229508 0.00484175 0.00548598 0.0158966 -0.00204063 0.000457626 -0.0022306 -0.0028803 -0.00121401 -0.00289852
internal_weight=16017 2088 13929 1915 2752 858 1193 1049 355 722 641 173 1894 117 1777 11177 503 11114
internal_count=16017 2088 13929 1915 2752 858 1193 1049 355 722 641 173 1894 117 1777 11177 503 11114
cat_boundaries=0 1 2
cat_threshold=745498 574706
is_linear=0
shrinkage=0.03


Tree=38
num_leaves=20
num_cat=3
split_feature=10 21 21 14 33 24 0 14 0 24 0 11 16 11 33 20 31 7 13
split_gain=84.4692 28.18 5.76307 4.74241 4.52247 3.57732 3.48503 3.23952 2.88261 1.44278 1.29626 1.08979 1.0112 1.34885 0.723354 0.683946 0.621697 0.438702 0.380696
threshold=3206.6428571428578 5000.5000000000009 2177.5000000000005 -0.54220184589352438 2.7850000000000006 4250.5000000000009 0 -0.56368474752277564 1 2030.5000000000002 2 306.58965048375165 0.99572776335819457 239.29459827146619 4.6050000000000013 26.38214285714286 33.050000000000004 268.50000000000006 1585.9682342950266
decision_type=2 2 2 2 2 2 9 2 9 2 9 2 2 2 2 2 2 2 2
left_child=2 3 17 4 11 -3 -6 8 16 -10 14 -2 15 -14 -5 -9 -4 -1 -12
right_child=1 5 7 10 6 -7 -8 12 9 -11 18 -13 13 -15 -16 -17 -18 -19 -20
leaf_value=-19.514172011655102 -0.69552572439788796 22.820323439905181 -2.050675206986357 2.8751096843516457 3.6122547954395805 25.770809203669479 11.994001087335334 -5.2762354310823607 -0.13718354385529016 6.5289607562561702 1.2062968676681514 8.2928802129494077 2.9469543063983017 -4.0357032679305229 -0.32301086495490744 -1.3917511202401496 1.2009216985690834 -9.3627515334411608 -1.0447996385989577
leaf_weight=9700 170 53 406 150 321 120 825 1253 95 184 74 58 58 63 63 210 117 1881 216
leaf_count=9700 170 53 406 150 321 120 825 1253 95 184 74 58 58 63 63 210 117 1881 216
internal_value=-0.00173467 0.00394198 -0.00257131 0.00284025 0.00375491 0.0155517 0.00452223 -0.00119522 0.000310086 0.00275172 0.000249999 0 -0.00198549 0.000344262 0.00203571 -0.00220902 -0.000943821 -0.0028508 -0.000946845
internal_weight=16017 2050 13967 1877 1374 173 1146 2386 802 279 503 228 1584 121 213 1463 523 11581 290
internal_count=16017 2050 13967 1877 1374 173 1146 2386 802 279 503 228 1584 121 213 1463 523 11581 290
cat_boundaries=0 1 2 3
cat_threshold=2362496 2155747 90162
is_linear=0
shrinkage=0.03


Tree=39
num_leaves=20
num_cat=0
split_feature=10 10 7 10 32 17 17 15 28 20 11 15 27 20 27 31 33 11 7
split_gain=81.2499 15.9745 7.1433 5.05481 4.77896 2.82405 2.79217 4.47643 6.66923 3.09562 2.92582 2.68915 2.00059 1.11373 1.92006 1.25186 0.885269 0.704737 0.664436
threshold=3206.6428571428578 4299.2857142857147 308.50000000000006 1992.9285714285718 54.750000000000007 -0.67326866607897362 -0.51297720034420879 0.3484035575467645 23.875000000000004 24.967857142857149 653.35759174492262 0.83730377313544024 24.475000000000005 25.239285714285721 25.125000000000004 40.649999999999999 4.6050000000000013 215.16946994780906 319.50000000000006
decision_type=2 2 2 2 2 2 2 2 2 2 2 2 2 2 2 2 2 2 2
left_child=3 6 12 -1 -4 13 7 8 -2 -9 16 -12 -3 15 -15 -5 -8 -14 -6
right_child=1 2 4 5 18 -7 10 9 -10 -11 11 -13 17 14 -16 -17 -18 -19 -20
leaf_value=-19.262479958033037 7.4814389266780159 -0.47644106688941712 24.215702436134904 -5.8278557051464048 27.316863514828402 -3.6048098670786959 1.197069868639183 5.7783090521385514 1.1342186871838928 14.632706820934242 23.212840861733095 -0.43442788481190237 3.6560974858002009 12.765984753827546 0.17418829168409142 5.0891910135957437 -1.8623240646081378 8.0623980445332073 29.561214052126608
leaf_weight=10655 75 85 182 218 113 2848 565 97 378 58 98 63 51 63 114 69 168 61 56
leaf_count=10655 75 85 182 218 113 2848 565 97 378 58 98 63 51 63 114 69 168 61 56
internal_value=-0.00174217 0.00382496 0.00823497 -0.00256272 0.010858 -0.00150951 0.00218164 0.00377832 0.00212775 0.00826923 0.00104246 0.0047037 0.00330303 0.000587096 0.00249438 -0.000437501 0.000171661 0.00592035 0.0147529
internal_weight=16017 2050 548 13967 351 3312 1502 608 453 155 894 161 197 464 177 287 733 112 169
internal_count=16017 2050 548 13967 351 3312 1502 608 453 155 894 161 197 464 177 287 733 112 169
is_linear=0
shrinkage=0.03


Tree=40
num_leaves=20
num_cat=0
split_feature=22 10 22 7 7 16 33 14 10 33 23 16 27 16 18 26 11 32 10
split_gain=72.7207 17.3506 5.63162 3.39364 7.92688 3.36229 2.27026 2.23871 2.2553 2.12065 1.90131 1.17745 2.12128 1.59693 1.07252 1.05735 1.33506 0.443077 0.259606
threshold=3100.5000000000005 4690.4285714285725 1898.6550000000002 256.50000000000006 264.50000000000006 -0.61998829497903662 4.2650000000000006 -0.54939360607974019 2478.7857142857147 3.9950000000000006 5300.5000000000009 0.99572776335819457 24.575000000000006 0.02902486234042238 63.350000000000001 1.7500000000000002 259.58212754075015 333.95000000000005 1747.214285714286
decision_type=2 2 2 2 2 2 2 2 2 2 2 2 2 2 2 2 2 2 2
left_child=2 3 18 15 -5 -6 -3 8 14 -10 -8 13 -13 -9 -4 16 -2 -17 -1
right_child=1 6 7 4 5 -7 10 11 9 -11 -12 12 -14 -15 -16 17 -18 -19 -20
leaf_value=-23.500842142254886 3.3311541065555681 26.065702853020589 -6.791386845421937 6.9222723809882938 10.813743300250289 0.93183924024368847 24.459969640421967 -2.2023060512569965 4.9088830564077561 -1.85151755332045 28.878752085085754 -2.6351895593301129 3.1260537161359525 -6.5703205821201429 3.6829634066301398 -1.3348647613979507 -0.93922335299764426 0.58047903865022565 -9.7140545637843001
leaf_weight=9068 127 55 685 79 915 485 71 891 169 235 67 82 50 1575 52 155 61 79 1074
leaf_count=9068 127 55 685 79 915 485 71 891 169 235 67 82 50 1575 52 155 61 79 1074
internal_value=-0.00172008 0.00348114 -0.00250814 0.00257729 0.0032554 0.00268737 0.0120928 -0.00148717 -0.000330999 0.00141481 0.0143957 -0.0019773 0.000518796 -0.00212931 -0.00134959 9.21979e-05 0.00185714 -0.00113617 -0.00287992
internal_weight=15975 2094 13881 1901 1479 1400 193 3739 1141 404 138 2598 132 2466 737 422 188 234 10142
internal_count=15975 2094 13881 1901 1479 1400 193 3739 1141 404 138 2598 132 2466 737 422 188 234 10142
is_linear=0
shrinkage=0.03


Tree=41
num_leaves=20
num_cat=2
split_feature=21 21 22 0 16 16 17 14 13 23 0 32 32 29 7 21 23 23 23
split_gain=69.4499 28.2024 5.59434 4.31734 2.64376 2.62457 3.93958 1.92663 2.90478 1.82007 1.29084 1.20148 0.956219 1.98442 0.303769 0.27085 0.299122 0.162429 0.0612961
threshold=3100.5000000000005 5102.880000000001 1898.6550000000002 0 1.0000000180025095e-35 0.96522610578843548 0.052657569964411031 -0.32614396506100213 1850.1901394808217 3910.0000000000005 1 56.399999999999999 257.85000000000008 24.825000000000006 54.500000000000007 2200.3500000000004 2277.5000000000005 3600.5000000000005 1820.5000000000002
decision_type=2 2 2 9 2 2 2 2 2 2 9 2 2 2 2 2 2 2 2
left_child=2 3 15 12 9 -6 -7 8 -5 10 -4 -3 13 -2 -9 16 -1 -14 -17
right_child=1 11 4 7 5 6 -8 14 -10 -11 -12 -13 17 -15 -16 18 -18 -19 -20
leaf_value=-20.946383625327957 0.26573323702623147 24.074449818891534 1.0126581842581601 4.8737943234834935 -6.2080746723115876 -6.8337298990256246 3.0064593255502419 1.6189585257910339 21.413839782258069 21.351100154624927 -3.0406010201537184 24.471919325114179 -1.7259792280394097 6.9769781073768922 -7.7254613193504804 -0.24884185979399254 -3.9857313046196849 -0.85786230670853314 -5.7503719260334831
leaf_weight=9946 497 67 420 796 1699 244 161 57 170 51 1198 89 90 175 56 50 67 76 66
leaf_count=9946 497 67 420 796 1699 244 161 57 170 51 1198 89 90 175 56 50 67 76 66
internal_value=-0.00173886 0.00337319 -0.00250457 0.00234306 -0.00149285 -0.0022076 0 0.00359449 0.00406101 -0.000564073 -0.000765288 0.0156497 0.000625441 0.00117236 0 -0.0028768 -0.00289635 -0.00127545 -0.000794873
internal_weight=15975 2073 13902 1917 3773 2104 405 1079 966 1669 1618 156 838 672 113 10129 10013 166 116
internal_count=15975 2073 13902 1917 3773 2104 405 1079 966 1669 1618 156 838 672 113 10129 10013 166 116
cat_boundaries=0 1 2
cat_threshold=2393249 1518082
is_linear=0
shrinkage=0.03


Tree=42
num_leaves=20
num_cat=2
split_feature=21 21 10 0 16 16 17 14 19 0 19 23 32 29 20 14 21 23 22
split_gain=67.5548 28.5467 5.71201 3.9101 2.67913 2.89911 3.94664 2.18541 2.96148 1.66033 1.33757 0.984106 0.956219 1.98442 0.8767 0.348433 0.255994 0.162429 0.0519741
threshold=3100.5000000000005 5102.880000000001 1834.7857142857144 0 0.039769539193789977 0.96851839807117801 0.052657569964411031 -0.54220184589352438 303.85000000000008 1 59.150000000000006 3395.0000000000005 257.85000000000008 24.825000000000006 22.610714285714288 -0.32614396506100213 2151.5000000000005 3600.5000000000005 2077.3450000000007
decision_type=2 2 2 9 2 2 2 2 2 9 2 2 2 2 2 2 2 2 2
left_child=2 3 16 12 9 -6 -7 8 -5 14 -3 -11 13 -2 -4 -9 18 -14 -1
right_child=1 10 4 7 5 6 -8 15 -10 11 -12 -13 17 -15 -16 -17 -18 -19 -20
leaf_value=-20.694387580378219 0.25776123991544175 22.798459980054115 -2.1159860975254943 10.44483534502859 -6.2889544490087967 -5.7865180263309348 4.2827108825416111 2.4435330222970584 0.96821113133791514 -3.2836568311521126 23.203740838839508 4.3478909699170485 -1.6741998511982321 6.7676687641555908 3.8409849543475687 -0.13128299962938428 -5.5205889598532938 -0.832126437507271 -8.18965135594682
leaf_weight=9585 497 64 242 609 1891 227 141 163 194 1306 92 89 90 175 314 113 52 76 55
leaf_count=9585 497 64 242 609 1891 227 141 163 194 1306 92 89 90 175 314 113 52 76 55
internal_value=-0.00174074 0.00330087 -0.00249594 0.00226486 -0.00154951 -0.00226195 5.69099e-05 0.00345688 0.00429851 -0.00070082 0.0156497 -0.00125889 0.000625441 0.00117236 0.000629629 0.000963898 -0.0029022 -0.00127545 -0.00291412
internal_weight=15975 2073 13902 1917 4210 2259 368 1079 803 1951 156 1395 838 672 556 276 9692 166 9640
internal_count=15975 2073 13902 1917 4210 2259 368 1079 803 1951 156 1395 838 672 556 276 9692 166 9640
cat_boundaries=0 1 2
cat_threshold=2393249 1509891
is_linear=0
shrinkage=0.03


Tree=43
num_leaves=20
num_cat=2
split_feature=21 21 22 0 23 14 18 0 19 14 15 11 11 7 21 7 7 23 11
split_gain=64.8768 29.0321 5.78416 3.58237 2.19394 2.11111 3.40735 1.42293 1.33757 1.23404 2.76624 1.10966 1.02052 0.992399 0.861459 0.419985 0.359499 1.03722 0.283725
threshold=3100.5000000000005 5102.880000000001 1898.6550000000002 0 3395.0000000000005 -0.54220184589352438 25.000000000000014 1 59.150000000000006 -0.86976336936302323 0.3484035575467645 628.97374183127704 844.68018636989814 216.50000000000003 2600.5000000000005 271.50000000000006 312.50000000000006 1690.5000000000002 321.09322176947666
decision_type=2 2 2 9 2 2 2 9 2 2 2 2 2 2 2 2 2 2 2
left_child=2 3 15 9 7 6 -5 13 -3 10 -2 -6 -11 -4 -9 -1 17 -17 -7
right_child=1 8 4 5 11 18 -8 14 -10 12 -12 -13 -14 -15 -16 16 -18 -19 -20
leaf_value=-21.045853882877037 0.91504750792440726 22.114506180652501 -4.4728990451425732 15.58479544302252 -4.8679448534012604 1.8763339031414294 4.4413471846615824 -6.553233417344833 22.507628613674317 -0.56677962057314701 10.91616257894141 11.945315990595606 20.924604363105278 3.5232919734654522 -1.5746770260278833 -11.710943152110035 -12.534899773199641 0.97326006409215104 -0.072381789144463624
leaf_weight=8771 337 64 238 320 78 118 329 2458 92 540 103 78 54 200 721 132 1156 70 116
leaf_count=8771 337 64 238 320 78 118 329 2458 92 540 103 78 54 200 721 132 1156 70 116
internal_value=-0.00174074 0.00319961 -0.00248083 0.00215537 -0.0014531 0.00356376 0.00450461 -0.00161028 0.0156497 0.000864114 0.00207483 0.00189172 0 0 -0.00182821 -0.00285903 -0.00221413 -0.000694582 0.000906382
internal_weight=15975 2073 13902 1917 3773 883 649 3617 156 1034 440 156 594 438 3179 10129 1358 202 234
internal_count=15975 2073 13902 1917 3773 883 649 3617 156 1034 440 156 594 438 3179 10129 1358 202 234
cat_boundaries=0 1 2
cat_threshold=2397409 1378816
is_linear=0
shrinkage=0.03


Tree=44
num_leaves=20
num_cat=1
split_feature=21 21 10 0 16 15 16 7 16 13 16 22 7 19 26 19 27 21 23
split_gain=60.3326 28.145 6.24592 2.76582 2.56501 2.46299 2.39092 2.57568 1.95307 2.91782 2.20718 1.7818 1.10425 0.934204 0.912136 1.76579 0.286761 0.252824 0.0537775
threshold=3100.5000000000005 5102.880000000001 1834.7857142857144 0 -0.35846811432664222 -0.95502570686053045 0.96851839807117801 44.500000000000007 -0.63920832810365547 1703.1105686095009 -0.10837644903917555 3300.5000000000005 271.50000000000006 59.150000000000006 2.2500000000000004 30.250000000000004 24.075000000000006 2151.5000000000005 1900.5000000000002
decision_type=2 2 2 9 2 2 2 2 2 2 2 2 2 2 2 2 2 2 2
left_child=2 3 17 14 5 -4 12 -8 9 -5 -10 -7 -6 -3 15 -2 -16 18 -1
right_child=1 13 4 8 6 11 7 -9 10 -11 -12 -13 -14 -15 16 -17 -18 -19 -20
leaf_value=-19.983988333720127 -0.089784982620535067 21.451070995232914 2.7132213467322805 3.6038272934665181 -5.5139152941885596 -3.0434090541491363 4.1291632640129592 -2.5455445316548282 -1.0418360551222738 23.013648836999696 3.7706861094652813 6.7972866732114099 -1.3197292281951372 21.832399755264081 0.90321200199084328 6.4922267201788495 -1.5435623242881691 -5.1404290712703036 -6.6676723496248993
leaf_weight=9496 346 64 57 253 2063 1212 93 275 228 248 350 125 385 92 61 277 154 52 144
leaf_count=9496 346 64 57 253 2063 1212 93 275 228 248 350 125 385 92 61 277 154 52 144
internal_value=-0.001752 0.00301157 -0.00246573 0.00198332 -0.00147827 -0.000384947 -0.0020032 0.000138211 0.00298899 0.00444621 0.0016943 -0.000677131 -0.00234341 0.0152675 0.000590105 0.00121154 -0.000972223 -0.00288982 -0.00290167
internal_weight=15975 2073 13902 1917 4210 1394 2816 368 1079 501 578 1337 2448 156 838 623 215 9692 9640
internal_count=15975 2073 13902 1917 4210 1394 2816 368 1079 501 578 1337 2448 156 838 623 215 9692 9640
cat_boundaries=0 1
cat_threshold=2393249
is_linear=0
shrinkage=0.03


Tree=45
num_leaves=19
num_cat=0
split_feature=21 21 10 16 14 12 16 14 16 33 16 17 15 14 14 19 13 21
split_gain=54.4394 21.5063 5.98673 2.94459 6.80801 3.72402 2.98722 3.11519 2.69073 2.64306 2.00106 3.34189 1.96989 1.97655 1.45892 0.867863 0.224102 0.0670188
threshold=3100.5000000000005 5000.5000000000009 1747.214285714286 -0.65234524191686594 -0.8821812062722818 3859.3333333333335 -0.27694476165744958 -0.95754239937548935 -0.35846811432664222 4.4450000000000012 0.96851839807117801 0.052657569964411031 -0.95998493203694346 -0.85227431625818906 -0.99763297024448894 35.550000000000004 1896.1420740740743 2077.3450000000007
decision_type=2 2 2 2 2 2 2 2 2 2 2 2 2 2 2 2 2 2
left_child=2 3 17 4 9 -6 16 -8 12 -2 14 -12 -4 -14 -10 -3 -5 -1
right_child=1 15 8 6 5 -7 7 -9 10 -11 11 -13 13 -15 -16 -17 -18 -19
leaf_value=-20.559333129992044 6.7604135619927685 18.282544871830151 2.3903858640834623 -2.7887132750776806 -0.007926998435641236 19.971127066830508 4.7377580321824908 0.20712867828024825 2.710581671999488 16.156841837178085 -7.8898365270580886 2.6331395456198949 1.6178092447753993 -4.6592248779441681 -5.7057306734786897 19.883520496814821 -0.89511432826705706 -5.526730457140081
leaf_weight=9107 110 52 60 247 444 302 283 420 94 60 220 152 300 1190 2693 114 50 53
leaf_count=9107 110 52 60 247 444 302 283 420 94 60 220 152 300 1190 2693 114 50 53
internal_value=-0.00178586 0.00272636 -0.00246662 0.00179812 0.00303926 0.00172289 0.000614385 0.00171307 -0.0015758 0.00850877 -0.00208291 0 -0.000512573 -0.000754528 -0.00235868 0.0130958 -0.00183222 -0.00291944
internal_weight=15951 2082 13869 1916 916 746 1000 703 4709 170 3159 372 1550 1490 2787 166 297 9160
internal_count=15951 2082 13869 1916 916 746 1000 703 4709 170 3159 372 1550 1490 2787 166 297 9160
is_linear=0
shrinkage=0.03


Tree=46
num_leaves=20
num_cat=0
split_feature=21 21 10 16 16 20 12 16 14 16 17 15 14 32 22 19 13 17 21
split_gain=51.3406 20.6281 6.07563 2.62353 2.61584 6.85867 3.2214 2.84242 2.80559 2.12668 3.51383 1.96989 1.97655 1.46687 0.757718 0.603932 0.224102 0.0894236 0.0682032
threshold=3100.5000000000005 5000.5000000000009 1747.214285714286 -0.35846811432664222 -0.65234524191686594 24.903571428571432 3708.6833333333338 -0.27694476165744958 -0.95244167294248061 0.97650828179861848 0.052657569964411031 -0.95998493203694346 -0.85227431625818906 344.9500000000001 3910.0000000000005 35.550000000000004 1896.1420740740743 0.99953765813430351 2077.3450000000007
decision_type=2 2 2 2 2 2 2 2 2 2 2 2 2 2 2 2 2 2 2
left_child=2 4 17 11 5 6 -2 16 -9 13 -11 -4 -13 -5 -7 -3 -6 18 -1
right_child=1 15 3 9 7 14 -8 8 -10 10 -12 12 -14 -15 -16 -17 -18 -19 -20
leaf_value=-19.942553136092286 -0.40061954611603134 17.734068525675241 2.3186742881609628 -5.73445779151983 -2.705051876825356 16.094216449674352 15.956442594078096 4.6515588487133162 0.015033690229118317 -7.6260312871327223 3.7622257591721562 1.5692749674321391 -4.5194481316058379 0.43639944215485027 5.0546519500964964 19.287014881910384 -0.86826089841904475 -16.382681898455544 -5.3609285434258727
leaf_weight=9057 373 52 60 2687 247 66 427 295 408 193 114 300 1190 165 50 114 50 50 53
leaf_count=9057 373 52 60 2687 247 66 427 295 408 193 114 300 1190 165 50 114 50 50 53
internal_value=-0.00179902 0.00258233 -0.00246013 -0.00156306 0.00167293 0.00284297 0.00177903 0.000554445 0.00162784 -0.00206392 0.000175324 -0.000512573 -0.000754528 -0.00232072 0.00971795 0.0127365 -0.00183222 -0.00291617 -0.00292559
internal_weight=15951 2082 13869 4709 1916 916 800 1000 703 3159 307 1550 1490 2852 116 166 297 9160 9110
internal_count=15951 2082 13869 4709 1916 916 800 1000 703 3159 307 1550 1490 2852 116 166 297 9160 9110
is_linear=0
shrinkage=0.03


Tree=47
num_leaves=20
num_cat=0
split_feature=21 21 22 7 33 20 11 20 12 25 23 11 21 7 20 32 21 7 7
split_gain=48.2049 19.0531 6.00077 2.39212 2.30086 5.76554 1.93479 2.1535 1.32245 1.14448 0.982908 0.975305 0.855705 1.48401 0.570868 0.446088 0.38885 0.335491 1.274
threshold=3100.5000000000005 5000.5000000000009 1800.5000000000002 271.50000000000006 4.3350000000000009 24.38571428571429 747.91120294182758 25.346428571428579 3793.6166666666672 24.675000000000008 3598.4100000000003 90.501644288388903 2500.5000000000005 220.50000000000003 23.625000000000004 28.850000000000005 2298.5000000000005 288.50000000000006 316.50000000000006
decision_type=2 2 2 2 2 2 2 2 2 2 2 2 2 2 2 2 2 2 2
left_child=2 4 16 12 10 8 7 -5 -6 -7 14 -12 -4 -14 -2 -3 17 -1 -19
right_child=1 15 3 6 5 9 -8 -9 -10 -11 11 -13 13 -15 -16 -17 -18 18 -20
leaf_value=-19.38440530437278 1.8481593425308209 18.6214215192133 -7.1954418384568974 -2.9116531560663508 -0.34633952363289827 11.215978947623899 10.417764797427784 4.7947552708722121 14.072863978343833 16.611628094984145 -2.3269827890003469 3.3813418365458863 -1.7428174250760113 5.2211484665335357 -1.1248335065885393 18.525738986740986 -2.4939322302038121 2.5262059211688483 -13.197845970652201
leaf_weight=8616 184 53 1899 1341 223 80 99 61 157 85 62 789 690 52 336 113 76 51 984
leaf_count=8616 184 53 1899 1341 223 80 99 61 157 85 62 789 690 52 336 113 76 51 984
internal_value=-0.00180655 0.00243831 -0.00244715 -0.00146778 0.00156338 0.00324176 -0.000471372 -0.000784748 0.00106299 0.00795181 0.000861515 0.00149296 -0.00201665 -0.00103769 -8.63731e-05 0.0121976 -0.00285938 -0.00287692 -0.00217182
internal_weight=15951 2082 13869 4142 1916 545 1501 1402 380 165 1371 851 2641 742 520 166 9727 9651 1035
internal_count=15951 2082 13869 4142 1916 545 1501 1402 380 165 1371 851 2641 742 520 166 9727 9651 1035
is_linear=0
shrinkage=0.03


Tree=48
num_leaves=20
num_cat=0
split_feature=21 21 10 16 16 17 16 20 16 14 12 22 14 19 22 25 14 17 21
split_gain=46.9531 19.2871 6.16312 2.56448 2.66831 3.04301 2.37438 6.82597 2.68512 3.09946 2.58457 1.67715 1.24909 0.697805 0.579124 0.464246 0.21037 0.0862992 0.0650524
threshold=3100.5000000000005 5000.5000000000009 1747.214285714286 0.02902486234042238 0.96851839807117801 0.052657569964411031 -0.65234524191686594 24.903571428571432 -0.10837644903917555 -0.95754239937548935 3793.6166666666672 3600.5000000000005 -0.85227431625818906 35.550000000000004 3910.0000000000005 25.575000000000006 -0.98930078251469888 0.99953765813430351 2077.3450000000007
decision_type=2 2 2 2 2 2 2 2 2 2 2 2 2 2 2 2 2 2 2
left_child=2 6 17 11 16 -6 7 10 15 -10 -2 12 -4 -3 -9 -8 -5 18 -1
right_child=1 13 3 4 5 -7 8 14 9 -11 -12 -13 -14 -15 -16 -17 -18 -19 -20
leaf_value=-18.802873145241602 -0.017811965716520831 16.643403824328601 0.7869932578380705 -1.8492417969191763 -7.2084972374786567 2.6407833794865492 -3.1964807517150442 15.113041113334596 5.2777800801945283 0.24297210131369232 17.671327144968203 7.8513355940245253 -2.9887865473652511 18.152632265850848 4.778068499748664 0.46036437364954341 -5.6566852561609586 -15.309669282370692 -5.0970734877028114
leaf_weight=9057 439 52 420 50 220 152 287 66 215 411 361 69 1713 114 50 87 2085 50 53
leaf_count=9057 439 52 420 50 220 152 287 66 215 411 361 69 1713 114 50 87 2085 50 53
internal_value=-0.00180843 0.0023807 -0.00244066 -0.00153758 -0.00220335 2.4128e-05 0.00150078 0.00261396 0.000434565 0.00166986 0.00155431 -0.000758512 -0.000925024 0.0121976 0.00946154 -0.001512 -0.00261236 -0.00289979 -0.00290912
internal_weight=15951 2082 13869 4709 2507 372 1916 916 1000 626 800 2202 2133 166 116 374 2135 9160 9110
internal_count=15951 2082 13869 4709 2507 372 1916 916 1000 626 800 2202 2133 166 116 374 2135 9160 9110
is_linear=0
shrinkage=0.03


Tree=49
num_leaves=20
num_cat=0
split_feature=23 23 23 16 19 20 16 14 11 14 16 14 18 20 11 32 23 16 29
split_gain=42.8789 10.9569 5.03492 4.43451 5.82924 3.86501 2.74727 3.95935 2.09148 1.86653 1.98786 2.6609 1.9244 1.77969 1.22963 1.1598 1.78633 1.03985 0.901186
threshold=2997.5000000000005 4900.5000000000009 1750.5000000000002 -0.65234524191686594 34.150000000000013 23.332142857142863 -0.27694476165744958 -0.95244167294248061 844.68018636989814 -0.56368474752277564 0.99572776335819457 0.7090011537757156 59.650000000000013 25.346428571428579 530.6526737286589 3.4499999999999971 5452.5000000000009 0.02902486234042238 24.225000000000005
decision_type=2 2 2 2 2 2 2 2 2 2 2 2 2 2 2 2 2 2 2
left_child=2 3 14 4 8 -6 -5 -8 -2 12 17 -12 13 -4 -1 -3 -17 -11 -14
right_child=1 15 9 6 5 -7 7 -9 -10 10 11 -13 18 -15 -16 16 -18 -19 -20
leaf_value=-17.650480919500772 0.18280365849860492 18.220263928394825 -3.5432417202821136 -2.6733280989551358 -0.8700633171850074 17.279791202498714 5.0751762480356515 -0.60397917216222186 27.648737496250597 -2.497101154895188 3.2523588500283629 -7.0614103211985055 -0.56184396598173614 4.5961522356218687 1.8076790221202017 14.217434910747482 21.803347522998358 -5.4793340825089079 7.1745842473246793
leaf_weight=9216 519 54 1035 397 72 299 283 499 51 1153 59 62 52 65 88 72 79 1824 72
leaf_count=9216 519 54 1035 397 72 299 283 499 51 1153 59 62 52 65 88 72 79 1824 72
internal_value=-0.00180655 0.00194755 -0.0024505 0.00128006 0.00281529 0.00575806 1.52535e-05 0.00108429 0.00081436 -0.00158015 -0.00197774 0.00157377 -0.000536327 -0.000967303 -0.00284976 0.00859223 0.0101447 -0.00213768 0.002904
internal_weight=15951 2325 13626 2120 941 371 1179 782 570 4322 3098 121 1224 1100 9304 205 151 2977 124
internal_count=15951 2325 13626 2120 941 371 1179 782 570 4322 3098 121 1224 1100 9304 205 151 2977 124
is_linear=0
shrinkage=0.03


Tree=50
num_leaves=17
num_cat=1
split_feature=21 21 21 22 17 7 7 19 0 22 11 17 17 7 7 27
split_gain=47.1972 24.2775 5.15069 3.17921 2.30551 2.66083 2.18486 3.46026 1.68934 0.969703 0.632588 0.594802 4.15788 0.489286 0.642286 0.569783
threshold=2800.5000000000005 5000.5000000000009 1753.0000000000002 5400.5000000000009 0.44313120970497338 293.50000000000006 271.50000000000006 279.75000000000006 0 5277.5000000000009 545.00858438121998 0.011826363350393306 0.22281834724267766 289.50000000000006 320.50000000000006 18.650000000000006
decision_type=2 2 2 2 2 2 2 2 9 2 2 2 2 2 2 2
left_child=2 3 13 4 5 -2 11 8 -8 -3 -6 -4 -13 -1 -15 -16
right_child=1 9 6 -5 10 -7 7 -9 -10 -11 -12 12 -14 14 15 -17
leaf_value=-18.937965566021258 0.48511602066194665 17.048377051699703 -8.7192749143770261 32.097586831476207 -1.3988026970645537 8.5758803035265831 2.9312848367032958 4.75066608938815 -3.850376368706983 23.25225769833834 3.5075350599176245 2.2612279650753773 -3.8508670296725809 1.8718188582726933 1.393681156505044 -14.083428412492635
leaf_weight=8415 1086 105 919 53 459 706 104 98 1228 68 84 147 1522 57 56 875
leaf_count=8415 1086 105 919 53 459 706 104 98 1228 68 84 147 1522 57 56 875
internal_value=-0.0017732 0.00194848 -0.00248681 0.00113897 0.000950342 0.00147741 -0.00156233 -0.000576521 -0.001006 0.0127931 -0.000705883 -0.00208922 -0.00167785 -0.00287686 -0.00207179 -0.00227253
internal_weight=15982 2561 13421 2388 2335 1792 4018 1430 1332 173 543 2588 1669 9403 988 931
internal_count=15982 2561 13421 2388 2335 1792 4018 1430 1332 173 543 2588 1669 9403 988 931
cat_boundaries=0 1
cat_threshold=329728
is_linear=0
shrinkage=0.03


Tree=51
num_leaves=20
num_cat=2
split_feature=21 21 10 16 20 22 16 19 16 17 0 31 0 20 22 15 16 16 7
split_gain=46.3143 24.4397 5.27492 3.54454 4.93825 2.99759 2.62235 3.0776 2.01771 3.07051 1.6519 1.42014 1.40327 1.15896 0.969703 0.709254 0.178451 0.127114 0.115783
threshold=2800.5000000000005 5000.5000000000009 1747.214285714286 -0.65234524191686594 24.903571428571432 5400.5000000000009 0.074116354202380205 279.75000000000006 0.97364703930971175 0.052657569964411031 0 47.650000000000013 1 24.367857142857151 5277.5000000000009 0.054805126479326886 -0.72696319516528884 0.93771544905322102 289.50000000000006
decision_type=2 2 2 2 2 2 2 2 2 2 9 2 9 2 2 2 2 2 2
left_child=2 3 18 4 5 -2 7 12 17 -10 15 -9 -4 -12 -3 -5 -6 -8 -1
right_child=1 14 6 10 16 -7 8 11 9 -11 13 -13 -14 -15 -16 -17 -18 -19 -20
leaf_value=-18.011133556318693 3.7273471058449008 16.536925740148718 1.2114335679769455 -0.11223466517768414 15.180397337388055 31.296267207444675 -6.0244509144692344 0.96704229221021731 -7.5061146578106115 2.5071599124047954 4.4929111803108928 9.4987665802434016 -3.5037444561536533 0.45195391752562086 22.554689967388192 -1.6458787679728071 4.3896874840124118 -2.849283366906703 -11.852628506272985
leaf_weight=8373 829 105 392 454 60 52 1730 50 202 117 240 51 1506 363 68 329 61 190 810
leaf_count=8373 829 105 392 454 60 52 1730 50 202 117 240 51 1506 363 68 329 61 190 810
internal_value=-0.0017732 0.00191335 -0.00248011 0.0011013 0.00246161 0.00161224 -0.00158033 -0.000756001 -0.00229554 0 8.4354e-05 0.00423529 -0.00104739 0.00128013 0.0127931 -0.000785895 0.00821311 -0.00266268 -0.00289024
internal_weight=15982 2561 13421 2388 1002 881 4238 1999 2239 319 1386 101 1898 603 173 783 121 1920 9183
internal_count=15982 2561 13421 2388 1002 881 4238 1999 2239 319 1386 101 1898 603 173 783 121 1920 9183
cat_boundaries=0 1 2
cat_threshold=3445971 1509378
is_linear=0
shrinkage=0.03


Tree=52
num_leaves=20
num_cat=2
split_feature=21 21 10 16 20 32 16 19 16 17 0 0 17 20 18 7 7 16 10
split_gain=43.5688 23.6686 5.25934 4.03737 3.45511 3.13882 2.4899 2.72061 2.14759 2.90229 1.31945 1.23692 0.902267 0.592484 0.363726 0.224881 0.924984 0.119544 0.0240413
threshold=2800.5000000000005 5300.5000000000009 1757.214285714286 -0.65234524191686594 25.125000000000004 52.95000000000001 0.074116354202380205 279.75000000000006 0.97364703930971175 0.052657569964411031 0 1 0.2769436411835739 24.789285714285722 63.350000000000001 289.50000000000006 325.50000000000006 0.93771544905322102 1548.714285714286
decision_type=2 2 2 2 2 2 2 2 2 2 9 9 2 2 2 2 2 2 2
left_child=2 3 15 4 5 -2 7 11 17 -10 12 -4 -5 -12 -9 -1 -17 -8 -18
right_child=1 -3 6 10 -6 -7 8 14 9 -11 13 -13 -14 -15 -16 16 18 -19 -20
leaf_value=-17.051649841005769 2.4893495922125997 18.264437065421415 0.53093320916008502 2.7867363813540029 12.818819802832367 15.924753565161533 -5.8262543851771005 1.5980169776449502 -7.2225497154719127 2.4319451150326494 -0.080985973652805174 -3.4092671335577887 -1.2320564102295539 -1.2640982847427551 8.0020029004769153 2.3824646774085676 -14.383650394698293 -2.7167295004238996 -7.0478164196955433
leaf_weight=8432 680 128 479 377 77 289 1696 50 200 117 558 1379 150 302 51 55 502 189 271
leaf_count=8432 680 128 479 377 77 289 1696 50 200 117 558 1379 150 302 51 55 502 189 271
internal_value=-0.00177883 0.00179625 -0.00246446 0.00111175 0.00251862 0.00196701 -0.00155406 -0.000740817 -0.00225647 0 1.72904e-05 -0.00102152 0.00121561 -0.000671642 0.00394118 -0.00286848 -0.00214596 -0.00264051 -0.00243411
internal_weight=15982 2561 13421 2433 1046 969 4161 1959 2202 317 1387 1858 527 860 101 9260 828 1885 773
internal_count=15982 2561 13421 2433 1046 969 4161 1959 2202 317 1387 1858 527 860 101 9260 828 1885 773
cat_boundaries=0 1 2
cat_threshold=223784 1509386
is_linear=0
shrinkage=0.03


Tree=53
num_leaves=20
num_cat=2
split_feature=21 21 10 22 16 18 14 16 7 15 0 14 0 16 21 7 7 22 10
split_gain=41.3072 21.7069 5.07786 3.40864 2.6521 2.39276 2.28945 2.21774 3.29477 2.00109 1.38387 1.0379 0.844515 0.490836 0.47385 0.356822 0.959546 0.177285 0.151441
threshold=2800.5000000000005 5000.5000000000009 1801.6428571428576 5400.5000000000009 0.039769539193789977 53.850000000000001 -0.54939360607974019 0.99572776335819457 45.500000000000007 0.3484035575467645 0 -0.49064630004295678 1 0.93771544905322102 5400.5000000000009 289.50000000000006 321.50000000000006 5300.5000000000009 1703.7857142857144
decision_type=2 2 2 2 2 2 2 2 2 2 9 2 9 2 2 2 2 2 2
left_child=2 3 15 6 5 10 9 13 -9 -2 -4 -7 -8 -6 -3 -1 -17 -16 -18
right_child=1 14 4 -5 7 11 12 8 -10 -11 -12 -13 -14 -15 17 16 18 -19 -20
leaf_value=-16.089250054398963 0.5504122030488775 10.725902004529109 1.322661699899671 29.718028603353751 -5.3002750226783952 10.791827025248523 -2.2123232340732084 2.5175170808162317 -8.4049514228644018 9.324012601180371 -3.2544043301876169 0.44075078181389299 0.029421816430970235 -1.9452933473081651 16.80328594241761 2.9338063448631218 -12.987820454648471 22.319670524799754 -3.4887690797029349
leaf_weight=8604 944 63 441 53 1639 50 219 60 80 662 1246 56 510 351 55 51 715 55 128
leaf_count=8604 944 63 441 53 1639 50 219 60 80 662 1246 56 510 351 55 51 715 55 128
internal_value=-0.00180135 0.00167916 -0.00246893 0.000912934 -0.00153517 -0.00064883 0.000719177 -0.0022595 0.00117021 0.00136092 -0.000945498 0.00361682 -0.000632877 -0.00252386 0.011931 -0.00284967 -0.00207486 0.0139189 -0.00233886
internal_weight=15982 2561 13421 2388 3923 1793 2335 2130 140 1606 1687 106 729 1990 173 9498 894 110 843
internal_count=15982 2561 13421 2388 3923 1793 2335 2130 140 1606 1687 106 729 1990 173 9498 894 110 843
cat_boundaries=0 1 2
cat_threshold=2034178 3836036
is_linear=0
shrinkage=0.03


Tree=54
num_leaves=19
num_cat=0
split_feature=10 10 10 11 16 25 16 17 16 19 16 15 19 16 13 7 10 19
split_gain=40.46 11.1972 6.48847 4.9084 3.11435 2.2539 2.24707 2.34288 2.19698 3.65181 1.96734 1.14227 0.97805 0.905453 0.654226 0.514512 0.825945 1.21073
threshold=3101.2857142857147 4785.2857142857147 1834.7857142857144 988.080810052527 0.056949529780582521 22.875000000000004 0.95938219844953276 0.052657569964411031 -0.65234524191686594 34.150000000000013 -0.10837644903917555 -0.98049353344232182 28.850000000000005 -0.91597725483594616 1755.0070636696503 268.50000000000006 1600.0714285714287 124.85000000000002
decision_type=2 2 2 2 2 2 2 2 2 2 2 2 2 2 2 2 2 2
left_child=2 3 15 8 5 14 -6 -8 9 -2 -10 -7 -3 -5 -4 -1 -17 -18
right_child=1 12 4 13 6 11 7 -9 10 -11 -12 -13 -14 -15 -16 16 17 -19
leaf_value=-15.756572552766988 0.55054163858593463 17.590665608117462 -10.328197472897246 22.049501656124182 -4.7198203290697212 -1.0972637787997046 -5.3976358556461976 1.2797281721311777 -1.9756408789560875 14.469957024447476 1.16574551425433 1.7985398173598728 17.357948355782423 24.691720751655481 -1.9261672539483146 -12.210417280770956 -5.7339254998968467 2.0529594833910401
leaf_weight=8527 559 60 373 64 1790 188 276 200 356 346 623 787 95 52 537 720 292 137
leaf_count=8527 559 60 373 64 1790 188 276 200 356 346 623 787 95 52 537 720 292 137
internal_value=-0.00179384 0.00201762 -0.00239124 0.00138681 -0.00137717 -0.000445388 -0.00213189 -0.000194969 0.000988328 0.00205298 0 0.00052254 0.00980769 0.00741026 -0.00153129 -0.00282143 -0.00207131 -0.000865117
internal_weight=15982 2155 13827 2000 4151 1885 2266 476 1884 905 979 975 155 116 910 9676 1149 429
internal_count=15982 2155 13827 2000 4151 1885 2266 476 1884 905 979 975 155 116 910 9676 1149 429
is_linear=0
shrinkage=0.03


Tree=55
num_leaves=19
num_cat=1
split_feature=10 22 10 23 14 16 26 16 0 13 14 25 29 7 7 7 16 12
split_gain=40.387 13.0694 5.98656 5.09214 2.97285 2.40032 2.24963 1.84549 1.77761 1.68476 1.58506 1.25401 0.876824 0.794565 0.360166 0.845478 0.503966 0.0407512
threshold=3101.2857142857147 5452.5000000000009 1834.7857142857144 4900.5000000000009 -0.54220184589352438 0.039769539193789977 2.5500000000000003 0.93771544905322102 0 1825.2799879445452 0.7090011537757156 25.725000000000005 24.225000000000005 53.500000000000007 221.50000000000003 224.50000000000003 -0.61998829497903662 3212.6000000000004
decision_type=2 2 2 2 2 2 2 2 9 2 2 2 2 2 2 2 2 2
left_child=2 3 14 4 6 8 -2 17 11 -5 -9 -4 -10 -6 -1 -16 -17 -7
right_child=1 -3 5 9 13 7 -8 10 12 -11 -12 -13 -14 -15 15 16 -18 -19
leaf_value=-16.033875376183978 6.0013399705375248 21.893032812672079 0.40308641617577801 8.1174647109256703 2.1910966719447069 -4.6347257191315512 -0.14728762530516107 0.42323619063802476 -5.2573681750601118 16.885034935151161 -7.0531315077787262 5.2756268064480372 -0.25259507570225309 -1.825322478278421 0.53453888471271116 -4.7060083410702669 -10.736543939229723 -5.7284119833346541
leaf_weight=7654 957 109 422 50 71 1583 397 381 816 88 217 73 580 451 95 359 1581 50
leaf_count=7654 957 109 422 50 71 1583 397 381 816 88 217 73 580 451 95 359 1581 50
internal_value=-0.00180339 0.00203672 -0.00239705 0.00146055 0.00102131 -0.00141669 0.00177343 -0.0020914 -0.000596195 0.00705755 -0.000565944 0.000889327 -0.00115352 -0.000843213 -0.00280929 -0.0023281 -0.00246522 -0.00262179
internal_weight=15934 2123 13811 2014 1876 4122 1354 2231 1891 138 598 495 1396 522 9689 2035 1940 1633
internal_count=15934 2123 13811 2014 1876 4122 1354 2231 1891 138 598 495 1396 522 9689 2035 1940 1633
cat_boundaries=0 1
cat_threshold=460826
is_linear=0
shrinkage=0.03


Tree=56
num_leaves=20
num_cat=2
split_feature=10 21 21 22 6 0 14 0 16 14 25 22 16 16 19 21 25 6 10
split_gain=39.1354 18.5771 6.85795 2.97083 2.40868 3.25783 2.01264 2.12277 1.13261 1.35637 0.916572 0.700628 0.670229 0.567266 0.561645 0.208344 0.127849 0.152056 0.00924532
threshold=3101.2857142857147 5000.5000000000009 1750.5000000000002 5452.5000000000009 7.5000000000000009 0 -0.54220184589352438 1 0.99572776335819457 0.7090011537757156 25.575000000000006 2125.5700000000002 0.039769539193789977 0.96687895796550427 219.95000000000002 5452.5000000000009 19.250000000000004 10.500000000000002 2050.0714285714289
decision_type=2 2 2 2 2 9 2 9 2 2 2 2 2 2 2 2 2 2 2
left_child=2 3 11 6 8 14 7 -2 12 -10 -7 16 -4 -8 -6 -3 17 -1 -13
right_child=1 15 4 -5 5 10 13 -9 9 -11 -12 18 -14 -15 -16 -17 -18 -19 -20
leaf_value=-14.577860134137886 0.72628158652945363 8.4471612196266221 -1.1610861548665132 26.016228541995353 -4.3252104144941415 0.94313321285562013 -1.6786022436870733 6.212276379180377 1.9186035319924304 -5.5910479173357501 4.9475265920012239 -3.7021962462633851 -4.523335674871225 1.8608859024221458 -0.38675844958045197 17.92743978556614 -15.944864276267108 -2.7123357145359002 0.42609699609417895
leaf_weight=58 708 61 516 51 1029 752 466 662 64 64 68 52 1712 66 256 109 9129 61 50
leaf_count=58 708 61 516 51 1029 752 466 662 64 64 68 52 1712 66 256 109 9129 61 50
internal_value=-0.00179962 0.00198023 -0.00238401 0.00112385 -0.00139579 -0.000626781 0.00090331 0.00152079 -0.00206322 0.000395348 0.000812274 -0.0028505 -0.00222477 -0.000602252 -0.00157407 0.0114912 -0.00287804 -0.0011 0
internal_weight=15934 2123 13811 1953 4461 2105 1902 1370 2356 128 820 9350 2228 532 1285 170 9248 119 102
internal_count=15934 2123 13811 1953 4461 2105 1902 1370 2356 128 820 9350 2228 532 1285 170 9248 119 102
cat_boundaries=0 1 2
cat_threshold=2671841 3003536
is_linear=0
shrinkage=0.03


Tree=57
num_leaves=19
num_cat=0
split_feature=10 21 21 22 7 19 20 17 27 16 29 22 21 32 16 20 7 7
split_gain=37.7588 17.6718 6.56841 3.04813 2.37651 2.09182 1.80518 1.59935 2.2187 1.1421 1.6694 0.89643 0.740282 0.691214 0.687737 0.384679 0.212739 0.52097
threshold=3057.2857142857151 5000.5000000000009 1750.5000000000002 5400.5000000000009 216.50000000000003 237.60000000000005 25.346428571428579 0.40614348274680406 22.225000000000005 0.99572776335819457 23.975000000000005 2125.5700000000002 2900.5000000000005 5.8499999999999943 0.039769539193789977 22.975000000000005 292.50000000000006 321.50000000000006
decision_type=2 2 2 2 2 2 2 2 2 2 2 2 2 2 2 2 2 2
left_child=2 3 11 7 9 6 -6 8 -2 14 -11 16 -7 -9 -4 -3 -1 -18
right_child=1 15 4 -5 5 12 -8 13 -10 10 -12 -13 -14 -15 -16 -17 17 -19
leaf_value=-16.178883500161806 10.827227227689091 15.340371112263538 -1.11958603261805 25.066529725407332 -3.9411043798769754 2.099413129165296 4.5286091368063932 0.53898712270637572 1.8224032614759227 -3.2113963205949814 2.0863362225766786 -0.23043587861477716 -0.70203234973248652 -1.8490073140139154 -4.2935190456788135 14.460791922585496 1.3904416898710752 -12.088759943016298
leaf_weight=8331 102 68 509 55 1542 252 97 203 1430 76 51 101 134 218 1746 102 58 859
leaf_count=8331 102 68 509 55 1542 252 97 203 1430 76 51 101 134 218 1746 102 58 859
internal_value=-0.00180339 0.00185452 -0.00238591 0.00104082 -0.00141016 -0.000621916 -0.00110488 0.000816785 0.00127789 -0.00206085 0.000421874 -0.00284086 0.00131008 -0.000753555 -0.00222075 0.0111404 -0.00287155 -0.00219608
internal_weight=15934 2178 13756 2008 4407 2025 1639 1953 1532 2382 127 9349 386 421 2255 170 9248 917
internal_count=15934 2178 13756 2008 4407 2025 1639 1953 1532 2382 127 9349 386 421 2255 170 9248 917
is_linear=0
shrinkage=0.03


Tree=58
num_leaves=20
num_cat=0
split_feature=10 21 21 22 7 14 19 20 16 29 13 22 21 16 19 7 7 13 32
split_gain=35.9953 16.7182 6.50789 2.65514 2.37651 1.96557 1.93401 1.52815 1.1421 1.6694 1.0369 0.892342 0.69378 0.687737 0.430737 0.253969 0.569099 0.248863 1.95324
threshold=3057.2857142857151 5000.5000000000009 1750.5000000000002 5400.5000000000009 216.50000000000003 -0.54220184589352438 237.60000000000005 25.346428571428579 0.99572776335819457 23.975000000000005 1597.2374436230687 2125.5700000000002 2845.0050000000006 0.039769539193789977 7.8500000000000014 292.50000000000006 342.50000000000006 1807.6075253679642 35.650000000000013
decision_type=2 2 2 2 2 2 2 2 2 2 2 2 2 2 2 2 2 2 2
left_child=2 3 11 5 8 10 7 -6 13 -10 -2 15 -8 -4 -7 -1 -17 -3 -19
right_child=1 17 4 -5 6 14 12 -9 9 -11 -12 -13 -14 -15 -16 16 -18 18 -20
leaf_value=-15.693516995156955 -0.21779665582784721 13.715901203320294 -1.0859984516395125 24.314533833645115 -3.8228712484806699 -0.035568899380133162 2.1754845348574139 4.3927508627022007 -3.1150544309771386 2.0237461358993731 3.843358437674544 -0.22352280225634 -0.10401858405798363 -4.1647134743084511 -2.0927321727380375 -4.9706136840151611 -13.037140096742217 14.20973024070401 14.760390399229852
leaf_weight=8331 316 57 509 55 1542 360 229 97 76 51 1082 101 157 1746 195 327 590 52 61
leaf_count=8331 316 57 509 55 1542 360 229 97 76 51 1082 101 157 1746 195 327 590 52 61
internal_value=-0.0018128 0.00175815 -0.00238155 0.000966152 -0.00141016 0.000755373 -0.000621916 -0.00108659 -0.00206085 0.000421874 0.00136597 -0.00283444 0.00123256 -0.00222075 -0.00070144 -0.00286507 -0.0021634 0.0107895 0.0124211
internal_weight=15934 2178 13756 2008 4407 1953 2025 1639 2382 127 1398 9349 386 2255 555 9248 917 170 113
internal_count=15934 2178 13756 2008 4407 1953 2025 1639 2382 127 1398 9349 386 2255 555 9248 917 170 113
is_linear=0
shrinkage=0.03


Tree=59
num_leaves=20
num_cat=3
split_feature=10 21 21 7 0 22 14 0 16 27 32 22 32 13 16 0 12 7 7
split_gain=33.9789 15.1613 6.87544 2.36069 3.20297 2.34248 1.49765 1.65465 1.47812 1.88295 1.36409 0.886227 0.848683 0.721035 0.647547 0.585501 0.501083 0.239763 0.569099
threshold=3057.2857142857151 5000.5000000000009 1750.5000000000002 216.50000000000003 0 4852.5000000000009 -0.52766804058324157 1 0.99572776335819457 24.575000000000006 234.95000000000002 2125.5700000000002 210.65000000000003 1807.6075253679642 0.039769539193789977 2 4435.2500000000009 292.50000000000006 342.50000000000006
decision_type=2 2 2 2 9 2 2 9 2 2 2 2 2 2 2 9 2 2 2
left_child=2 5 11 8 10 6 7 -2 14 -10 -5 17 -6 -3 -4 -8 -7 -1 -19
right_child=1 13 3 4 12 16 15 -9 9 -11 -12 -13 -14 -15 -16 -17 -18 18 -20
leaf_value=-15.222711485302243 0.37080872160168288 13.3044241672207 -1.0534184980903238 1.12012912538507 -3.7078793677878683 16.495585235129738 0.39044583475800432 4.6033848367783277 -2.4390876528760796 1.7602717985930378 6.4561242396280862 -0.21681711818864766 0.21390901997286835 14.279357342538411 -4.0397720700791977 -2.0104726415634095 22.898225946837847 -4.821495273494711 -12.646025893839946
leaf_weight=8331 777 57 509 402 1212 69 250 590 77 50 116 101 295 113 1746 259 63 327 590
leaf_count=8331 777 57 509 402 1212 69 250 590 77 50 116 101 295 113 1746 259 63 327 590
internal_value=-0.00180715 0.00166177 -0.00235974 -0.00136252 -0.000577493 0.00090642 0.000605753 0.00113596 -0.00201049 0.000890624 0.00140076 -0.00282481 -0.00128854 0.0102632 -0.00219415 -0.000729412 0.00480451 -0.00285534 -0.0021634
internal_weight=15934 2178 13756 4407 2025 2008 1876 1367 2382 127 518 9349 1507 170 2255 509 132 9248 917
internal_count=15934 2178 13756 4407 2025 2008 1876 1367 2382 127 518 9349 1507 170 2255 509 132 9248 917
cat_boundaries=0 1 2 3
cat_threshold=469002 2462960 93234
is_linear=0
shrinkage=0.03


Tree=60
num_leaves=20
num_cat=2
split_feature=23 23 23 16 7 27 0 13 0 14 7 33 16 7 16 13 20 16 7
split_gain=34.2365 8.11166 5.53134 3.16849 2.61787 2.55095 2.43411 2.37677 1.83321 1.77926 2.55303 1.42724 1.37347 1.53076 1.29853 1.10651 0.971495 0.910152 0.874596
threshold=2997.5000000000005 4750.5000000000009 1749.7900000000002 -0.63920832810365547 218.50000000000003 22.925000000000004 0 1703.1105686095009 1 -0.95754239937548935 264.50000000000006 3.2750000000000004 0.99572776335819457 45.500000000000007 -0.35846811432664222 1809.6656342617957 25.239285714285721 0.78725952717486247 268.50000000000006
decision_type=2 2 2 2 2 2 9 2 9 2 2 2 2 2 2 2 2 2 2
left_child=2 3 18 6 12 -3 -2 -8 16 10 -5 -10 14 -14 -4 -7 -6 -11 -1
right_child=1 5 4 9 8 15 7 -9 11 17 -12 -13 13 -15 -16 -17 -18 -19 -20
leaf_value=-14.411659827191816 1.6383036274406819 20.248995210772978 -0.66309614098705805 5.2424909551050778 -2.9787523588032299 0.7011344293969014 3.0832396155893775 15.544177194444792 3.2394320985167511 -2.7671187419221512 0.49412658543739407 -1.7888798079409092 2.6309549061180548 -5.9740222609119176 -3.9005736059173293 11.806122212205532 3.2136005666817824 0.08473887243221731 -7.0341396634780393
leaf_weight=8031 431 120 286 74 1227 68 262 254 261 374 345 444 65 63 2130 60 72 342 1021
leaf_count=8031 431 120 286 74 1227 68 262 254 261 374 345 444 65 63 2130 60 72 342 1021
internal_value=-0.00178426 0.00156371 -0.00236122 0.000926067 -0.00148582 0.00671084 0.00220886 0.00358064 -0.000641896 -0.000105635 0.0014 0.000544692 -0.00213242 0.000627906 -0.00229748 0.00318605 -0.0013145 -0.00105021 -0.00279587
internal_weight=15930 2330 13600 2082 4548 248 947 516 2004 1135 419 705 2544 128 2416 128 1299 716 9052
internal_count=15930 2330 13600 2082 4548 248 947 516 2004 1135 419 705 2544 128 2416 128 1299 716 9052
cat_boundaries=0 1 2
cat_threshold=3413160 2675937
is_linear=0
shrinkage=0.03


Tree=61
num_leaves=20
num_cat=2
split_feature=10 16 13 22 16 0 14 12 19 20 23 7 16 14 13 0 33 14 19
split_gain=32.6457 7.87423 6.5983 6.23756 2.93868 2.3431 2.31533 1.89472 1.75691 1.91084 1.22197 1.17354 1.15455 1.09586 0.987538 0.870501 0.706492 0.694303 0.843965
threshold=2937.428571428572 -0.91597725483594616 1719.4171401059223 1700.5000000000002 -0.97509344079810367 0 -0.61237985104942771 4745.2833333333338 237.60000000000005 25.346428571428579 4248.0000000000009 361.50000000000006 0.99572776335819457 -0.85227431625818906 1809.6656342617957 1 4.285000000000001 -0.86976336936302323 174.15000000000003
decision_type=2 2 2 2 2 9 2 2 2 2 2 2 2 2 2 9 2 2 2
left_child=3 2 16 -1 14 17 8 13 9 -5 -6 12 -8 -7 -4 -10 -2 18 -3
right_child=1 5 4 6 10 7 11 -9 15 -11 -12 -13 -14 -15 -16 -17 -18 -19 -20
leaf_value=-13.979310032376064 5.9043431007485827 7.8375717033921495 1.6454268020377574 -4.9254838119214259 18.709385564907048 3.9379319599854248 -3.3172491404181725 29.19840605560487 -0.68767001062341659 4.1222718146055097 22.079162603603411 1.532839119751561 1.3233820157599037 -0.014506405690122478 8.0753058670795657 4.3356906417787506 -5.1516721338956017 -1.3347354450895377 -0.48954136032658929
leaf_weight=8929 94 64 68 835 71 498 3178 51 112 85 100 99 131 452 123 187 122 419 312
leaf_count=8929 94 64 68 835 71 498 3178 51 112 85 100 99 131 452 123 187 122 419 312
internal_value=-0.00179179 0.00144126 0.00449223 -0.00236136 0.00696694 0.000432387 -0.00144685 0.00140514 -0.000280329 -0.000960913 0.0100116 -0.00185069 -0.00195227 0.00105678 0.00396875 0.00166 0.000124423 -0.000744418 7.16173e-05
internal_weight=15930 2374 578 13556 362 1796 4627 1001 1219 920 171 3408 3309 950 191 299 216 795 376
internal_count=15930 2374 578 13556 362 1796 4627 1001 1219 920 171 3408 3309 950 191 299 216 795 376
cat_boundaries=0 1 2
cat_threshold=3446978 53457
is_linear=0
shrinkage=0.03


Tree=62
num_leaves=20
num_cat=0
split_feature=21 21 7 22 31 22 24 14 7 21 16 17 20 29 15 16 10 22 24
split_gain=31.4273 11.0214 6.18453 2.91453 2.90841 2.03464 1.84223 1.78491 1.73179 1.45062 1.94135 3.70498 1.11986 1.06163 1.01981 0.888383 0.660592 0.53606 0.442538
threshold=2777.5000000000005 5102.880000000001 268.50000000000006 5400.5000000000009 29.199999999999985 1800.5000000000002 1753.0000000000002 -0.54220184589352438 328.50000000000006 1776.5050000000003 0.97364703930971175 0.052657569964411031 25.267857142857149 24.325000000000006 -0.97315270831292444 -0.97717844506743556 2382.3571428571436 1930.5000000000002 1347.5000000000002
decision_type=2 2 2 2 2 2 2 2 2 2 2 2 2 2 2 2 2 2 2
left_child=2 3 9 7 5 -4 18 8 -2 17 14 -12 -7 -8 -11 -3 -9 -1 -6
right_child=1 15 4 -5 6 12 13 16 -10 10 11 -13 -14 -15 -16 -17 -18 -19 -20
leaf_value=-14.090397723152764 1.9112447485937909 4.8842663552695376 -9.5743883230002371 21.628306305799349 -7.8928448424705673 -2.5420341217323386 0.87841826787741273 1.4234975369310945 12.366737642654492 -0.14863883829803221 -7.1102525384283854 2.2836463184706601 3.9522394026246785 6.3105710275784217 -4.2461296433780964 13.090775185822427 -0.49170696410764236 -1.7489425204249163 0.89638586815179055
leaf_weight=8184 1612 64 1006 55 85 1047 80 53 60 179 192 128 59 83 1977 93 731 63 179
leaf_count=8184 1612 64 1006 55 85 1047 80 53 60 179 192 128 59 83 1977 93 731 63 179
internal_value=-0.00178237 0.00117684 -0.00238114 0.000673566 -0.00102047 -0.00148651 0.00117757 0.000499389 0.00106336 -0.00269899 -0.0019996 4.67283e-05 -0.000544716 0.00369512 -0.00232406 0.00888608 -0.000645861 -0.00290325 -0.000215095
internal_weight=15930 2668 13262 2511 2539 2112 427 2456 1672 10723 2476 320 1106 163 2156 157 784 8247 264
internal_count=15930 2668 13262 2511 2539 2112 427 2456 1672 10723 2476 320 1106 163 2156 157 784 8247 264
is_linear=0
shrinkage=0.03


Tree=63
num_leaves=20
num_cat=3
split_feature=22 10 22 6 14 6 0 22 11 16 0 14 14 14 33 10 0 12 12
split_gain=30.2532 8.61698 4.29118 4.14532 3.34315 2.78671 2.59387 2.35739 2.09829 2.0762 1.68916 1.6493 1.51784 2.37905 1.31895 1.23624 1.19464 1.00736 0.941389
threshold=2470.5000000000005 4299.2857142857147 1510.5000000000002 9.5000000000000018 -0.52032787705993211 9.5000000000000018 0 4100.5000000000009 628.97374183127704 0.97364703930971175 1 -0.65234524191686594 -0.77245553105869302 -0.96689237009891416 3.2650000000000001 4615.7857142857147 2 2007.7833333333335 2920.1000000000004
decision_type=2 2 2 2 2 2 9 2 2 2 9 2 2 2 2 2 9 2 2
left_child=2 4 -1 -3 8 9 15 -8 10 -4 -2 -11 13 -7 -14 -5 17 -6 -10
right_child=1 3 5 6 16 12 7 -9 18 11 -12 -13 14 -15 -16 -17 -18 -19 -20
leaf_value=-18.087218799710204 -0.44211198056452738 -0.8486647723333246 -5.9847198569386677 11.949203504370915 2.1460514971613289 -2.8327364686110483 11.972760981475744 1.6213061741021964 6.3958515480354636 -9.5461582715142566 2.6182441212008754 1.5325343036237133 -0.12347560038066373 3.3048756268164188 -8.8740797477896667 15.768372831812668 -1.9444792312635535 -0.33369812557543133 16.082590097359382
leaf_weight=7520 815 97 3100 98 55 221 59 141 53 153 610 221 475 198 657 137 663 507 150
leaf_count=7520 815 97 3100 98 55 221 59 141 53 153 610 221 475 198 657 137 663 507 150
internal_value=-0.00177108 0.00073538 -0.00245098 0.00423827 6.5171e-05 -0.00174891 0.00550459 0.00220379 0.000970533 -0.00222648 0.000525946 0 -0.000649485 0.000828571 -0.00123654 0.00768293 -0.00110114 0 0.00385294
internal_weight=15930 3385 12545 532 2853 5025 435 200 1628 3474 1425 374 1551 419 1132 235 1225 562 203
internal_count=15930 3385 12545 532 2853 5025 435 200 1628 3474 1425 374 1551 419 1132 235 1225 562 203
cat_boundaries=0 1 2 3
cat_threshold=770128 3970193 83503
is_linear=0
shrinkage=0.03


Tree=64
num_leaves=20
num_cat=1
split_feature=10 22 10 6 7 24 32 32 20 11 12 33 3 26 7 33 10 15 20
split_gain=29.4463 6.78974 5.7431 3.63658 2.25187 1.98015 1.9235 1.84796 2.05897 1.25024 1.23736 1.25967 1.04065 0.99435 0.791659 1.4584 0.794701 0.623042 4.42715
threshold=2937.428571428572 1700.5000000000002 4299.2857142857147 9.5000000000000018 218.50000000000003 2800.5000000000005 83.750000000000014 212.50000000000003 25.346428571428579 794.88689094935273 3921.6333333333337 4.2350000000000012 0 2.0500000000000003 268.50000000000006 3.1550000000000007 1557.214285714286 -0.97315270831292444 26.38214285714286
decision_type=2 2 2 2 2 2 2 2 2 2 2 2 9 2 2 2 2 2 2
left_child=1 14 5 -4 17 6 -2 8 -6 12 -5 -12 -7 -9 -1 16 -16 18 -3
right_child=2 4 3 10 7 9 -8 13 -10 -11 11 -13 -14 -15 15 -17 -18 -19 -20
leaf_value=-13.707677204002042 9.49724831957802 -2.1503274218424764 -0.69168714251030727 0.20342374527135032 -4.1035812037912098 -0.33428711804007555 0.060729471675783929 -1.7992647758994886 3.8095738064509397 10.724092963044946 5.5453673603718716 14.341044898053878 3.203126798384043 2.8347377454930802 -5.9873705895831151 -10.08517732657252 2.0426323855859709 -3.5746142242168935 2.8702301156585741
leaf_weight=7946 79 302 100 54 1581 1438 80 140 88 127 120 265 111 246 98 768 117 2215 55
leaf_count=7946 79 302 100 54 1581 1438 80 140 88 127 120 265 111 246 98 768 117 2215 55
internal_value=-0.00176731 -0.00230825 0.00130232 0.00403333 -0.00135609 0.000473855 0.003675 -0.000583658 -0.00103114 0.000141323 0.00522273 0.00582901 -6.58072e-05 0.00123256 -0.00279642 -0.00185366 0.000138888 -0.00195531 -0.000603353
internal_weight=15930 13556 2374 539 4627 1835 159 2055 1669 1676 439 385 1549 386 8929 983 215 2572 357
internal_count=15930 13556 2374 539 4627 1835 159 2055 1669 1676 439 385 1549 386 8929 983 215 2572 357
cat_boundaries=0 1
cat_threshold=10
is_linear=0
shrinkage=0.03


Tree=65
num_leaves=20
num_cat=1
split_feature=21 21 21 22 19 17 0 7 11 20 20 7 14 16 16 29 24 27 22
split_gain=29.0219 8.83187 5.04824 2.86326 2.39782 2.19996 2.30762 1.70364 1.49705 1.4383 1.38569 1.21971 1.48681 1.1492 1.03577 0.798925 0.657552 0.276588 0.166861
threshold=2500.5000000000005 5000.5000000000009 1576.0000000000002 5400.5000000000009 177.95000000000005 0.46801100042923444 0 300.50000000000006 149.60264830862911 26.51071428571429 22.610714285714288 283.50000000000006 -0.85227431625818906 0.97364703930971175 -0.97717844506743556 23.725000000000005 2540.4650000000006 18.575000000000003 1898.6550000000002
decision_type=2 2 2 2 2 2 9 2 2 2 2 2 2 2 2 2 2 2 2
left_child=2 3 16 5 11 6 -2 8 -6 -7 -9 13 -13 -4 -3 -16 17 -1 -19
right_child=1 14 4 -5 7 9 -8 10 -10 -11 -12 12 -14 -15 15 -17 -18 18 -20
leaf_value=-1.2115330975676961 -0.18792083578776822 3.2320221975232513 -5.7964468878819817 20.901229863376102 -4.2089327632411297 -1.5056020379815331 3.0282754615597356 -2.2522928701487372 0.82830434138065145 2.4929731554826042 2.4700771249873781 7.3279202716712755 -4.456039830263709 -0.47904355869023152 12.163436382091282 11.679453865517806 0.24739265430400995 -16.683373578409363 -2.2300031880547926
leaf_weight=50 1168 66 2637 63 257 873 946 50 325 59 52 73 1132 239 59 51 50 7801 86
leaf_count=50 1168 66 2637 63 257 873 946 50 325 59 52 73 1132 239 59 51 50 7801 86
internal_value=-0.00176431 0.0007395 -0.00241284 0.000353054 -0.00161771 0.000205775 0.000753191 0 -0.000602059 -0.000987139 0.00358252 -0.00189319 -0.0010199 -0.00224296 0.00727119 0.00932432 -0.00288132 -0.00290325 -0.00291785
internal_weight=16037 3285 12752 3109 4765 3046 2114 684 582 932 102 4081 1205 2876 176 110 7987 7937 7887
internal_count=16037 3285 12752 3109 4765 3046 2114 684 582 932 102 4081 1205 2876 176 110 7987 7937 7887
cat_boundaries=0 1
cat_threshold=3462289
is_linear=0
shrinkage=0.03


Tree=66
num_leaves=20
num_cat=1
split_feature=21 21 21 22 7 16 17 17 32 20 16 3 7 29 20 24 20 27 22
split_gain=28.3462 8.42694 5.30687 2.45835 2.01717 2.43243 4.3582 1.9741 1.43951 1.39263 1.32382 0.925016 0.80012 0.798925 0.758033 0.654632 0.606324 0.274645 0.164424
threshold=2500.5000000000005 5000.5000000000009 1576.0000000000002 5400.5000000000009 264.50000000000006 0.97364703930971175 0.052657569964411031 0.46801100042923444 51.250000000000007 26.51071428571429 -0.97717844506743556 0 361.50000000000006 23.725000000000005 28.653571428571432 2540.4650000000006 25.175000000000004 18.575000000000003 1898.6550000000002
decision_type=2 2 2 2 2 2 2 2 2 2 2 9 2 2 2 2 2 2 2
left_child=2 3 15 7 5 14 -7 11 12 -9 -3 -2 -6 -12 -4 17 -10 -1 -19
right_child=1 10 4 -5 8 6 -8 9 16 -11 13 -13 -14 -15 -16 -17 -18 18 -20
leaf_value=-1.1751871046406697 1.2780167690995103 3.1350615315975525 -6.2464071973978204 20.274192967474821 -8.3165714265796389 -7.0543733712734253 2.2730406529805425 -1.4604339768420853 -0.24422443062320973 2.4181839608181273 11.798533290628544 4.0959982721652954 0.28088885972457672 11.329070249552275 -1.312153231416523 0.23997087467489311 5.8014461389198946 -16.182872371057083 -2.1631030924131434
leaf_weight=50 1992 66 2530 63 581 206 162 873 910 59 59 122 117 51 209 50 50 7801 86
leaf_count=50 1992 66 2530 63 581 206 162 873 910 59 59 122 117 51 209 50 50 7801 86
internal_value=-0.00175309 0.000721241 -0.00239403 0.000343408 -0.00157994 -0.00203861 0.000138211 0.000205775 -0.000692587 -0.00092283 0.00710169 0.000724822 -0.00172961 0.00932432 -0.00234745 -0.00287381 1.5608e-05 -0.00289569 -0.00291024
internal_weight=16037 3285 12752 3109 4765 3107 368 3046 1658 932 176 2114 698 110 2739 7987 960 7937 7887
internal_count=16037 3285 12752 3109 4765 3107 368 3046 1658 932 176 2114 698 110 2739 7987 960 7937 7887
cat_boundaries=0 1
cat_threshold=10
is_linear=0
shrinkage=0.03


Tree=67
num_leaves=20
num_cat=3
split_feature=22 10 10 6 16 7 16 17 14 0 0 7 20 30 0 13 18 20 19
split_gain=27.1155 6.05744 4.75824 3.70828 3.58779 2.36491 2.82123 3.9885 2.29022 1.93583 1.87803 1.48005 1.39852 1.24007 0.984008 0.94392 0.932399 0.81516 0.632181
threshold=2470.5000000000005 4411.0714285714294 1432.214285714286 9.5000000000000018 -0.97717844506743556 264.50000000000006 0.97364703930971175 0.052657569964411031 -0.52032787705993211 0 1 313.50000000000006 26.38214285714286 3.3500000000000001 2 1862.0586064851529 34.650000000000013 25.210714285714293 59.150000000000006
decision_type=2 2 2 2 2 2 2 2 2 9 9 2 2 2 9 2 2 2 2
left_child=2 8 -1 -3 15 6 -4 -8 9 13 11 -7 14 -2 -10 -5 -11 -12 -6
right_child=1 3 5 4 18 10 7 -9 12 16 17 -13 -14 -15 -16 -17 -18 -19 -20
leaf_value=-17.947384541114843 1.2445257964311969 -2.2168064803095824 -6.0590149814758885 -0.83636821365424285 16.654273591600724 2.5941358411021342 -6.5508111179470774 2.0138740642577413 -2.0757796698994562 2.5903650553161994 -3.2666529441441194 -0.61844313103947302 2.3164580085652027 -1.3835922430098373 -0.39871920382952586 6.9542044149151572 5.3700557999622704 3.8391690693125793 15.630321175891661
leaf_weight=6946 636 71 3481 83 124 137 183 182 492 572 1320 323 64 233 702 57 274 51 106
leaf_count=6946 636 71 3481 83 124 137 183 182 492 572 1320 323 64 233 702 57 274 51 106
internal_value=-0.0017456 0.000615812 -0.00238783 0.00389593 0.00513477 -0.00172349 -0.00215311 0.000245901 0.000112978 0.00083916 -0.000795852 0.000796178 -0.000841144 -0.00011591 -0.00110209 0.000957446 0.00185181 -0.0013589 0.00746753
internal_weight=16037 3414 12623 441 370 5677 3846 365 2973 1715 1831 460 1258 869 1194 140 846 1371 230
internal_count=16037 3414 12623 441 370 5677 3846 365 2973 1715 1831 460 1258 869 1194 140 846 1371 230
cat_boundaries=0 1 2 3
cat_threshold=3202192 1116185 3846800
is_linear=0
shrinkage=0.03


Tree=68
num_leaves=20
num_cat=2
split_feature=21 21 21 22 7 16 7 26 0 31 32 16 0 7 29 20 10 27 23
split_gain=28.0054 8.42694 5.30976 2.45835 2.15693 2.08031 1.91877 1.65529 2.11867 1.68972 1.52386 1.32382 1.27275 0.936031 0.798925 0.718749 0.445715 0.268849 0.0684637
threshold=2500.5000000000005 5000.5000000000009 1576.0000000000002 5400.5000000000009 268.50000000000006 0.97364703930971175 44.500000000000007 3.1500000000000008 0 61.650000000000013 51.250000000000007 -0.97717844506743556 1 361.50000000000006 23.725000000000005 28.653571428571432 2026.9285714285716 18.575000000000003 2030.5000000000002
decision_type=2 2 2 2 2 2 2 2 9 2 2 2 9 2 2 2 2 2 2
left_child=2 3 16 7 5 15 -7 9 -9 -2 13 -3 -12 -6 -13 -4 17 -1 -19
right_child=1 11 4 -5 10 6 -8 8 -10 -11 12 14 -14 -15 -16 -17 -18 18 -20
leaf_value=-1.0419319031771257 1.2213321293198083 2.8592174273416542 -5.7177299860682611 19.194006819407083 -8.0306481510924392 1.8444429798589275 -4.193849537090518 6.5301278567265593 -1.0688175148340011 5.9976024439431361 -2.289334816353406 11.288627144487153 1.5612542892801657 0.3227937859001912 10.52028847016957 -1.0910181850297518 -4.0709099945927836 -15.1762354517784 -2.6767152313677434
leaf_weight=50 1932 66 2576 63 581 75 293 109 904 101 449 59 465 117 51 209 51 7834 52
leaf_count=50 1932 66 2576 63 581 75 293 109 904 101 449 59 465 117 51 209 51 7834 52
internal_value=-0.00173812 0.000721241 -0.00237521 0.000343408 -0.00156106 -0.0020241 0 0.000205775 -0.000763314 0.000710914 -0.000626783 0.00710169 0.000134426 -0.0016867 0.00932432 -0.00230438 -0.00285503 -0.002873 -0.00288741
internal_weight=16037 3285 12752 3109 4765 3153 368 3046 1013 2033 1612 176 914 698 110 2785 7987 7936 7886
internal_count=16037 3285 12752 3109 4765 3153 368 3046 1013 2033 1612 176 914 698 110 2785 7987 7936 7886
cat_boundaries=0 1 2
cat_threshold=66060 2683040
is_linear=0
shrinkage=0.03


Tree=69
num_leaves=20
num_cat=3
split_feature=22 10 10 16 16 14 7 16 17 0 33 0 28 0 12 26 13 31 11
split_gain=25.9274 5.75807 4.94564 3.91108 4.01584 2.43499 2.23484 3.10595 3.60131 1.74236 1.67479 1.43196 1.21255 1.12793 1.32657 0.961087 0.94392 0.899935 0.444938
threshold=2470.5000000000005 4411.0714285714294 1432.214285714286 -0.56457669118955289 -0.97717844506743556 -0.52032787705993211 262.50000000000006 0.97364703930971175 0.052657569964411031 0 3.2950000000000004 1 25.225000000000005 2 2007.7833333333335 3.3500000000000001 1862.0586064851529 44.300000000000018 476.71064651715284
decision_type=2 2 2 2 2 2 2 2 2 9 2 9 2 9 2 2 2 2 2
left_child=2 5 -1 4 16 9 7 18 -9 15 11 -8 -12 14 -7 -2 -3 -11 -4
right_child=1 3 6 -5 -6 13 10 8 -10 17 12 -13 -14 -15 -16 -17 -18 -19 -20
leaf_value=-16.953675941328044 1.1277616529637426 -1.1087339748945011 -5.8567518163063559 -0.94601989111359885 16.216295375862536 2.0959324097776064 -2.1388212437895917 -6.2284712982959531 2.0696905673195691 3.1198311564532464 -5.2846373070105237 1.6009412053197563 3.436473402139077 -1.7918251462982242 -0.41913091984828948 -1.3100199502745256 6.4637849412215793 5.5808266810623133 -1.3565073713078721
leaf_weight=6946 636 83 3359 95 206 54 324 183 182 652 1016 419 89 599 605 233 57 194 105
leaf_count=6946 636 83 3359 95 206 54 324 183 182 652 1016 419 89 599 605 233 57 194 105
internal_value=-0.0017456 0.000563103 -0.00237357 0.00376018 0.00526513 7.26287e-05 -0.00169708 -0.00211802 0.000409835 0.000821678 -0.000799893 0.000249999 -0.00154611 -0.00091263 0 -8.18189e-05 0.000957446 0.0017818 -0.0023974
internal_weight=16037 3414 12623 441 346 2973 5677 3829 365 1715 1848 743 1105 1258 659 869 140 846 3464
internal_count=16037 3414 12623 441 346 2973 5677 3829 365 1715 1848 743 1105 1258 659 869 140 846 3464
cat_boundaries=0 1 2 3
cat_threshold=3202192 46240 83055
is_linear=0
shrinkage=0.03


Tree=70
num_leaves=20
num_cat=2
split_feature=22 11 22 7 7 16 17 0 0 31 25 23 13 16 25 11 20 16 16
split_gain=23.1546 6.15576 4.83526 2.54562 2.15799 2.76551 3.55052 2.14606 1.80556 1.69579 2.78577 1.8242 1.5681 0.804961 0.777408 0.615054 0.612001 0.606603 0.556737
threshold=2400.5000000000005 794.88689094935273 1545.5000000000002 241.50000000000003 271.50000000000006 0.97364703930971175 0.052657569964411031 0 1 0.70000000000001517 23.975000000000005 2177.5000000000005 2003.9233999550868 -0.32614396506100213 22.775000000000002 372.4117025423331 25.239285714285721 -0.8983350073998303 -0.89405649444168434
decision_type=2 2 2 2 2 2 2 9 9 2 2 2 2 2 2 2 2 2 2
left_child=2 3 -1 13 5 15 -7 18 16 11 -11 -6 -10 -2 -15 -4 -5 -9 -3
right_child=1 7 4 8 9 6 -8 17 12 10 -12 -13 -14 14 -16 -17 -18 -19 -20
leaf_value=-14.9150656630882 2.2468146831975289 16.285374162083823 -5.3792923855958827 -0.55230720095738295 -8.0563429439518259 -5.9350881963554354 2.1631506843913013 10.129585244318905 3.4584059174654507 2.5467340987182494 -3.3541883204326566 0.96976695398200519 13.05424383658705 1.1527876434237392 -1.1475593383380092 -1.1653407673325797 3.7248945086986005 -3.8314158301126553 12.566607321510649
leaf_weight=7748 56 53 2772 1132 596 182 171 96 804 359 316 284 61 117 958 153 103 68 52
leaf_count=7748 56 53 2772 1132 596 182 171 96 804 359 316 284 61 117 958 153 103 68 52
internal_value=-0.00176583 0.000381319 -0.00236672 3.71216e-06 -0.00159992 -0.002043 0.000355931 0.00473333 0.000635411 -0.000636248 0.000443786 -0.00151532 0.00167808 -0.00112898 -0.00133829 -0.00234792 -7.22318e-05 0.00173143 0.00801724
internal_weight=16081 3500 12581 3231 4833 3278 353 269 2100 1555 675 880 865 1131 1075 2925 1235 164 105
internal_count=16081 3500 12581 3231 4833 3278 353 269 2100 1555 675 880 865 1131 1075 2925 1235 164 105
cat_boundaries=0 1 2
cat_threshold=81952 3462368
is_linear=0
shrinkage=0.03


Tree=71
num_leaves=20
num_cat=0
split_feature=21 21 7 33 14 25 11 16 16 16 15 10 25 21 16 11 11 19 7
split_gain=23.075 10.1378 4.27462 3.40653 2.99089 2.61495 2.23579 1.97345 1.24982 2.14753 1.82953 1.24193 1.11002 0.854346 1.64321 2.26272 0.634193 0.403652 0.38753
threshold=2100.5000000000005 5102.880000000001 268.50000000000006 3.2650000000000001 -0.54939360607974019 25.975000000000005 604.59547837938169 -0.97717844506743556 0.074116354202380205 0.96522610578843548 -0.95502570686053045 1600.0714285714287 23.975000000000005 1590.5000000000002 0.97650828179861848 81.532932288892141 628.97374183127704 232.85000000000005 3.5000000000000004
decision_type=2 2 2 2 2 2 2 2 2 2 2 2 2 2 2 2 2 2 2
left_child=2 4 13 11 5 6 -2 -3 10 -10 -6 -4 -13 -1 18 -16 17 -5 -15
right_child=1 7 3 16 8 -7 -8 -9 9 -11 -12 12 -14 14 15 -17 -18 -19 -20
leaf_value=-14.497613693195555 -0.051335105394837287 2.9399890882831321 -4.8760843238002876 -7.258875046695918 1.9754222295148469 5.5452645964223413 9.5690150093836088 12.092166419927818 -3.0281745642865205 0.40587442809438501 -1.6033282383682297 2.701433936417776 -3.1550395423992925 -1.2856717705654446 -8.8996642416608687 3.6611254432885203 1.0797595549437302 0.41543386249089209 -4.7501442104136835
leaf_weight=7284 1894 70 160 1118 175 64 293 88 916 317 788 331 103 60 95 86 99 53 2087
leaf_count=7284 1894 70 160 1118 175 64 293 88 916 317 788 331 103 60 95 86 99 53 2087
internal_value=-0.00174531 3.90787e-05 -0.00246519 -0.00110831 -0.000217177 0.000538188 0.000340036 0.00749057 -0.00101184 -0.0016483 -0.000149378 0.000710924 0.0015931 -0.0027235 -0.00214212 0.000395604 -0.00199449 -0.00219113 -0.0023771
internal_weight=16081 4605 11476 1864 4447 2251 2187 158 2196 1233 963 594 434 9612 2328 181 1270 1171 2147
internal_count=16081 4605 11476 1864 4447 2251 2187 158 2196 1233 963 594 434 9612 2328 181 1270 1171 2147
is_linear=0
shrinkage=0.03


Tree=72
num_leaves=16
num_cat=0
split_feature=21 21 22 10 14 11 25 16 16 33 16 27 16 16 23
split_gain=22.774 9.32728 3.5487 3.28946 2.45026 2.34375 1.94805 1.79116 1.56726 1.14789 0.900653 2.214 1.11457 0.721835 0.550617
threshold=2053.0000000000005 5102.880000000001 5452.5000000000009 1364.3571428571429 -0.77245553105869302 348.09980694367903 25.975000000000005 0.074116354202380205 -0.97717844506743556 3.1850000000000005 -0.55657263146136127 22.075000000000006 0.97364703930971175 0.80417553764032002 1852.6250000000002
decision_type=2 2 2 2 2 2 2 2 2 2 2 2 2 2 2
left_child=3 2 4 -1 6 10 -2 -6 -3 14 11 -5 -12 -11 -7
right_child=1 8 -4 5 7 9 -8 -9 -10 13 12 -13 -14 -15 -16
leaf_value=-17.062685282399691 0.83054680829709093 2.8517894156346344 19.144585897970931 1.8155598657347336 -0.28469817511703643 4.3410599010916373 5.3793177683899884 -1.6965226708116006 11.729401427329988 -4.4716511417443545 -5.9763443020604718 -3.9867819707214527 -0.058780207393510565 2.068584321054022 1.6096998039964463
leaf_weight=6435 1574 70 53 194 1449 56 63 1565 88 410 3192 625 185 55 67
leaf_count=6435 1574 70 53 194 1449 56 63 1565 88 410 3192 625 185 55 67
internal_value=-0.00174717 -2.28261e-05 -0.00027354 -0.00249038 -0.000371454 -0.00186771 0.000545787 -0.000884578 0.00711321 -1.52808e-05 -0.00211651 -0.0011122 -0.00234636 -0.000772533 0.00246774
internal_weight=16081 4862 4704 11219 4651 4784 1637 3014 158 588 4196 819 3377 465 123
internal_count=16081 4862 4704 11219 4651 4784 1637 3014 158 588 4196 819 3377 465 123
is_linear=0
shrinkage=0.03


Tree=73
num_leaves=20
num_cat=1
split_feature=21 21 7 22 33 14 0 16 16 33 16 16 21 16 11 11 7 11 20
split_gain=22.4127 8.44915 3.80812 3.2809 2.6613 2.21152 1.95702 1.45246 1.38335 1.47591 1.23112 1.07546 0.79797 1.38165 2.13909 0.66114 0.504747 0.408487 0.270831
threshold=2053.0000000000005 4900.5000000000009 268.50000000000006 5452.5000000000009 3.2650000000000001 -0.54939360607974019 0 0.074116354202380205 -0.61998829497903662 3.0650000000000004 -0.97509344079810367 -0.11798870221290077 1500.5000000000002 0.97364703930971175 70.710678118669975 628.97374183127704 3.5000000000000004 407.66466144427585 23.082142857142863
decision_type=2 2 2 2 2 2 9 2 2 2 2 2 2 2 2 2 2 2 2
left_child=2 3 12 5 8 6 -2 -7 9 -4 -3 -10 17 16 -15 18 -14 -1 -6
right_child=1 10 4 -5 15 7 -8 -9 11 -11 -12 -13 13 14 -16 -17 -18 -19 -20
leaf_value=-15.050804723927696 -0.77646798285251373 2.2944698074215246 0.21253308258688627 18.983305583453738 -9.124004118752282 -0.29358400650075311 3.3487429380249032 -2.093992200796333 -2.7450031620408226 5.8522131350568278 11.582610588008379 1.6275962709237415 -0.24601116038984042 -8.4999008113781471 3.5530550862116641 1.385678138418823 -5.0737757968591861 -0.42479563567376222 -3.1293939069893613
leaf_weight=6892 1172 92 112 51 820 1004 1071 1367 275 56 105 122 65 106 86 94 2206 76 309
leaf_count=6892 1172 92 112 51 820 1004 1071 1367 275 56 105 122 65 106 86 94 2206 76 309
internal_value=-0.00173971 -2.89952e-05 -0.00247701 -0.000295757 -0.0011621 -0.000389383 0.000270053 -0.00103204 0.000477031 0.00278698 0.0060303 -0.000391961 -0.00272137 -0.00217695 4.66314e-05 -0.00195588 -0.00238468 -0.00290702 -0.00216106
internal_weight=16081 4862 11219 4665 1788 4614 2243 2371 565 168 197 397 9431 2463 192 1223 2271 6968 1129
internal_count=16081 4862 11219 4665 1788 4614 2243 2371 565 168 197 397 9431 2463 192 1223 2271 6968 1129
cat_boundaries=0 1
cat_threshold=2147568
is_linear=0
shrinkage=0.03


Tree=74
num_leaves=18
num_cat=2
split_feature=22 22 10 14 16 16 17 33 0 0 23 23 32 13 15 33 11
split_gain=21.5245 6.09931 5.33117 2.58838 2.44554 2.87486 3.1608 2.16394 1.96682 1.90235 1.39058 1.34213 1.32344 1.15485 0.899616 0.730961 0.30567
threshold=2400.5000000000005 5452.5000000000009 1364.3571428571429 -0.54939360607974019 0.10837544681456425 0.97364703930971175 0.052657569964411031 3.3650000000000007 0 1 2010.5000000000002 2030.5000000000002 244.45000000000002 1848.0101325573394 0.7487283477006671 3.1050000000000004 372.4117025423331
decision_type=2 2 2 2 2 2 2 2 9 9 2 2 2 2 2 2 2
left_child=2 3 -1 9 7 16 -7 8 -4 12 -5 -9 -2 -11 -3 -12 -6
right_child=1 14 4 10 5 6 -8 11 -10 13 15 -13 -14 -15 -16 -17 -18
leaf_value=-16.099280582209865 1.988658970916469 4.6131071760379969 -2.4005359644550941 2.4440217352696325 -5.8201990838631792 -5.4169084250898845 1.8944370334503491 -4.5067975102212054 1.8786487774743952 3.1334443503709122 -1.739784315932666 -0.70976517308408649 -1.0228442411966079 7.7974994273863336 21.963146944782224 -0.47953424155727076 -1.8040108954545317
leaf_weight=6436 670 54 529 87 2792 186 178 1415 359 731 531 508 349 201 50 827 178
leaf_count=6436 670 54 529 87 2792 186 178 1415 359 731 531 508 349 201 50 827 178
internal_value=-0.00173971 0.000329905 -0.00231903 9.62607e-05 -0.00166938 -0.00222999 0.000172602 -0.00098791 0.00019235 0.000820696 -0.000850623 -0.00155613 -4.07774e-05 0.00179109 0.00745714 -0.00111038 -0.00253955
internal_weight=16081 3500 12581 3396 6145 3334 364 2811 888 1951 1445 1923 1019 932 104 1358 2970
internal_count=16081 3500 12581 3396 6145 3334 364 2811 888 1951 1445 1923 1019 932 104 1358 2970
cat_boundaries=0 1 2
cat_threshold=58531 3448016
is_linear=0
shrinkage=0.03


Tree=75
num_leaves=20
num_cat=2
split_feature=21 21 21 16 26 16 15 22 15 33 0 0 23 13 22 16 11 23 14
split_gain=24.1664 6.15563 5.69496 2.76545 2.70166 1.99569 2.89977 1.67091 1.88783 1.44927 1.50895 1.31603 1.22585 0.887211 0.831294 0.755411 0.686191 0.353602 0.210117
threshold=2500.5000000000005 1500.5000000000002 5300.5000000000009 0.10837544681456425 3.1500000000000008 0.97364703930971175 0.7254836971458194 5400.5000000000009 0.054805126479326886 3.3650000000000007 0 1 2030.5000000000002 1840.5486111111115 2077.3450000000007 -0.37447172655954952 116.9126650681582 1976.9000000000003 -0.98664820696349753
decision_type=2 2 2 2 2 2 2 2 2 2 9 9 2 2 2 2 2 2 2
left_child=1 14 4 9 7 18 -7 8 -2 10 -3 16 -11 -4 17 -13 -6 -1 -5
right_child=2 3 13 5 11 6 -8 -9 -10 12 -12 15 -14 -15 -16 -17 -18 -19 -20
leaf_value=-14.105743592752601 3.7933307932869527 -2.1615713483080543 8.4118396507586546 -0.31753991394036768 -0.42378387378505378 -3.8879090905406661 4.5357446819930045 17.247321349306198 0.86382205015035896 -4.1625075849030484 2.04967534800483 1.1499109556429084 -0.35205195689940977 9.2687724104191265 0.68097380163991428 -1.2338620676043439 5.0253796351577185 -3.1718046854633455 -5.3106807841636767
leaf_weight=7512 317 415 52 65 58 319 76 62 1737 1117 426 110 547 74 51 784 60 61 2221
leaf_count=7512 317 415 52 65 58 319 76 62 1737 1117 426 110 547 74 51 784 60 61 2221
internal_value=-0.00171597 -0.0023031 0.000581566 -0.00148699 0.000313518 -0.00216555 -7.57583e-05 0.000933868 0.000760583 -0.000742219 0.000228028 -0.000938796 -0.00125946 0.00682677 -0.00285207 -0.0013558 0.0017907 -0.0028788 -0.00250678
internal_weight=16064 12810 3254 5186 3128 2681 395 2116 2054 2505 841 1012 1664 126 7624 894 118 7573 2286
internal_count=16064 12810 3254 5186 3128 2681 395 2116 2054 2505 841 1012 1664 126 7624 894 118 7573 2286
cat_boundaries=0 1 2
cat_threshold=578720 131596
is_linear=0
shrinkage=0.03


Tree=76
num_leaves=20
num_cat=1
split_feature=21 21 21 16 26 16 17 22 15 32 33 23 0 7 11 13 32 10 10
split_gain=23.78 6.30086 5.71285 2.68006 2.41849 1.92803 2.82487 1.7057 1.63852 1.49773 1.34814 1.09089 0.977851 0.931332 0.890727 0.887211 0.260834 0.189478 0.170682
threshold=2500.5000000000005 1500.5000000000002 5300.5000000000009 0.10837544681456425 3.1500000000000008 0.97364703930971175 0.052657569964411031 5400.5000000000009 0.054805126479326886 116.95 3.2650000000000001 2593.0000000000005 0 318.50000000000006 393.43354090673296 1840.5486111111115 275.55000000000007 1557.214285714286 1852.9285714285718
decision_type=2 2 2 2 2 2 2 2 2 2 2 2 9 2 2 2 2 2 2
left_child=1 14 4 9 7 16 -7 8 -2 10 -3 -6 -13 -11 -1 -4 -5 -16 -19
right_child=2 3 15 5 11 6 -8 -9 -10 13 -12 12 -14 -15 17 -17 -18 18 -20
leaf_value=-13.693129856960995 3.6795308694883375 0.41330982066012195 8.1594844612359054 -5.1877889774687302 1.7214585274437937 -5.8801239514962145 1.8757491388494074 16.729901708827022 0.83790738864585157 1.5239955642313991 -3.7356914911772967 -1.4712129972190335 -0.21344280384210629 -2.2197168419777924 -5.6740917680100065 8.9907092381065592 -0.45024425470213436 2.2649848402890655 -4.575825472361835
leaf_weight=7417 317 398 52 2210 83 234 161 62 1737 389 1451 517 412 267 83 74 76 50 74
leaf_count=7417 317 398 52 2210 83 234 161 62 1737 389 1451 517 412 267 83 74 76 50 74
internal_value=-0.00170663 -0.00228905 0.00057235 -0.00146385 0.00030393 -0.00213199 -7.57583e-05 0.000891355 0.000716788 -0.000730248 -0.00117405 -0.000879566 -0.00120645 0.000452054 -0.0028442 0.00682677 -0.00246743 -0.00060577 0
internal_weight=16064 12810 3254 5186 3128 2681 395 2116 2054 2505 1849 1012 929 656 7624 126 2286 207 124
internal_count=16064 12810 3254 5186 3128 2681 395 2116 2054 2505 1849 1012 929 656 7624 126 2286 207 124
cat_boundaries=0 1
cat_threshold=3709107
is_linear=0
shrinkage=0.03


Tree=77
num_leaves=20
num_cat=2
split_feature=21 21 21 7 26 33 0 19 11 31 0 20 33 7 24 13 21 23 11
split_gain=22.8739 6.15367 5.37277 2.56677 2.26429 1.39761 1.68003 1.18849 1.14914 1.74282 1.06441 1.0583 0.983351 0.829585 0.759679 0.731789 0.581963 0.570485 0.544904
threshold=2500.5000000000005 1500.5000000000002 5300.5000000000009 262.50000000000006 3.1500000000000008 3.3650000000000007 0 146.55000000000004 747.91120294182758 0.10000000000000007 1 29.367857142857151 5.4450000000000012 45.500000000000007 2298.5000000000005 1840.5486111111115 3700.5000000000005 1976.9000000000003 116.9126650681582
decision_type=2 2 2 2 2 2 9 2 2 2 9 2 2 2 2 2 2 2 2
left_child=1 14 4 11 8 6 -5 -7 9 -2 18 13 -13 -3 17 -4 -10 -1 -6
right_child=2 3 15 5 10 7 -8 -9 16 -11 -12 12 -14 -15 -16 -17 -18 -19 -20
leaf_value=-13.271777389261196 -0.84391487130293019 -2.3838784138375133 7.9146999273988401 -1.3035369880594958 -0.40466707345624253 -6.1117290756616232 1.696183039171018 1.1041985586237499 12.539987762346257 2.3594381462308731 -1.1012808457331473 2.8021321560421848 -2.1611584787652927 -5.3177891969133997 -2.6072869460120511 8.7209879609633685 7.0299641605481584 -0.26057138600505098 4.8229744902796785
leaf_weight=7471 737 1027 52 392 58 761 375 227 118 1147 894 59 184 2161 95 74 114 58 60
leaf_count=7471 737 1027 52 392 58 761 375 227 118 1147 894 59 184 2161 95 74 114 58 60
internal_value=-0.0017085 -0.00227968 0.000526267 -0.00146385 0.000265579 -0.000495445 0.000421874 -0.00125278 0.000834671 0.00055862 -0.000879566 -0.0019458 0 -0.00209125 -0.00282846 0.00659055 0.00287124 -0.00286215 0.00155814
internal_weight=16064 12810 3254 5186 3128 1755 767 988 2116 1884 1012 3431 243 3188 7624 126 232 7529 118
internal_count=16064 12810 3254 5186 3128 1755 767 988 2116 1884 1012 3431 243 3188 7624 126 232 7529 118
cat_boundaries=0 1 2
cat_threshold=554144 131596
is_linear=0
shrinkage=0.03


Tree=78
num_leaves=20
num_cat=0
split_feature=21 21 21 16 26 16 17 19 22 15 12 23 7 11 13 11 19 12 12
split_gain=21.228 6.11714 5.14494 2.68006 2.11568 1.92803 2.82487 1.5404 1.2041 1.28441 1.17353 0.915459 0.900597 0.874924 0.587285 0.406251 0.381016 0.274357 0.704971
threshold=2500.5000000000005 1500.5000000000002 5300.5000000000009 0.10837544681456425 3.1500000000000008 0.97364703930971175 0.052657569964411031 122.55000000000003 5400.5000000000009 0.054805126479326886 1471.5666666666668 2593.0000000000005 318.50000000000006 378.49564281793624 1840.5486111111115 462.52623463596893 272.65000000000003 1753.3500000000001 2098.5333333333338
decision_type=2 2 2 2 2 2 2 2 2 2 2 2 2 2 2 2 2 2 2
left_child=1 13 4 7 8 16 -7 10 9 -2 -3 -6 -9 -1 -4 -13 -5 -15 -19
right_child=2 3 14 5 11 6 -8 12 -10 -11 -12 15 -14 17 -16 -17 -18 18 -20
leaf_value=-12.884182639574332 3.4983617990167684 -4.779961816896849 7.6772589295768725 -4.9554653952696848 1.7028531969924747 -5.544186557043929 1.9075971988920317 1.4502525735989593 15.851805024691833 0.74574553285029344 -1.2179812635768752 -1.070788834345638 -2.0991252191797738 -6.4605799794638985 8.4593583221344613 1.0365961577589689 -0.27875538876475536 3.2786633183024079 -9.7503895387999453
leaf_weight=7393 317 444 52 2205 83 234 161 388 62 1737 1432 879 241 84 74 50 81 63 84
leaf_count=7393 317 444 52 2205 83 234 161 388 62 1737 1432 879 241 84 74 50 81 63 84
internal_value=-0.00172717 -0.00227734 0.000424884 -0.00146385 0.000169702 -0.00213199 -7.57583e-05 -0.000730248 0.000721303 0.000570802 -0.00116835 -0.000938796 0.000504761 -0.00282453 0.00635433 -0.00123871 -0.00246743 -0.000724139 0
internal_weight=16064 12810 3254 5186 3128 2681 395 2505 2116 2054 1876 1012 629 7624 126 929 2286 231 147
internal_count=16064 12810 3254 5186 3128 2681 395 2505 2116 2054 1876 1012 629 7624 126 929 2286 231 147
is_linear=0
shrinkage=0.03


Tree=79
num_leaves=20
num_cat=0
split_feature=21 21 21 7 26 16 17 20 32 22 21 7 25 22 23 13 23 16 17
split_gain=20.724 6.26191 5.17901 2.63199 2.04275 1.48563 2.82487 1.31541 1.25177 1.22423 1.14879 1.12601 1.09916 0.973031 0.915459 0.587285 0.445636 0.255322 0.149215
threshold=2500.5000000000005 1500.5000000000002 5300.5000000000009 262.50000000000006 3.1500000000000008 0.97364703930971175 0.052657569964411031 29.367857142857151 51.250000000000007 5400.5000000000009 1820.5000000000002 361.50000000000006 22.225000000000005 1898.6550000000002 2593.0000000000005 1840.5486111111115 1933.5750000000003 -0.37447172655954952 0.99897831515029056
decision_type=2 2 2 2 2 2 2 2 2 2 2 2 2 2 2 2 2 2 2
left_child=1 13 4 5 9 7 -7 -3 11 12 -10 -5 -2 16 -6 -4 18 -16 -1
right_child=2 3 15 8 14 6 -8 -9 10 -11 -12 -13 -14 -15 17 -17 -18 -19 -20
leaf_value=-12.497657160387099 -1.457849861800335 -4.5810593277024436 7.4469411616895638 -6.6297649743630611 1.651767601082694 -5.3778609603326171 1.8503692829252765 -0.21197381859541392 1.4777672154335462 15.37625087395107 -0.79036242137437529 0.80093480388842275 1.9372170740793149 0.11372771516966551 0.18642679510412846 8.2055775724704141 -0.576699912550658 -1.0275889139929286 -7.1563547315123932
leaf_weight=7418 452 2793 52 606 83 234 161 243 306 62 706 137 1602 92 91 74 51 838 63
leaf_count=7418 452 2793 52 606 83 234 161 243 306 62 706 137 1602 92 91 74 51 838 63
internal_value=-0.0017197 -0.00226329 0.000406451 -0.00144072 0.000150527 -0.00192832 -7.57583e-05 -0.00215443 -0.000461276 0.000692961 0.000186574 -0.00140323 0.000541605 -0.00281666 -0.000938796 0.00635433 -0.00285424 -0.00123871 -0.0028733
internal_weight=16064 12810 3254 5186 3128 3431 395 3036 1755 2116 1012 743 2054 7624 1012 126 7532 929 7481
internal_count=16064 12810 3254 5186 3128 3431 395 3036 1755 2116 1012 743 2054 7624 1012 126 7532 929 7481
is_linear=0
shrinkage=0.03


Tree=80
num_leaves=20
num_cat=3
split_feature=21 16 12 0 27 7 7 0 7 16 7 27 16 7 21 0 29 11 22
split_gain=21.1959 7.25403 4.89464 1.95452 3.5915 1.75565 1.71745 1.60472 1.60337 1.74943 1.47515 1.38609 1.36471 1.28703 1.69505 1.19031 1.01311 0.810604 0.791662
threshold=1700.5000000000002 -0.65234524191686594 3793.6166666666672 0 21.975000000000005 318.50000000000006 260.50000000000006 1 361.50000000000006 0.96522610578843548 216.50000000000003 22.325000000000006 -0.8098839673871151 342.50000000000006 1397.5000000000002 2 24.675000000000008 205.86634591634652 1898.6550000000002
decision_type=2 2 2 9 2 2 2 9 2 2 2 2 2 2 2 9 2 2 2
left_child=6 2 12 4 -4 -5 18 10 9 -9 -3 -10 16 14 -8 -14 -2 -16 -1
right_child=1 7 3 5 -6 -7 13 8 11 -11 -12 -13 15 -15 17 -17 -18 -19 -20
leaf_value=-10.123248930475892 0.027194529007257343 -0.78531440851067758 19.710877553749629 9.9302049871137577 10.563999099394898 0.23934178661462988 -7.801191943182852 -1.9087420157030932 -6.099064106066229 0.24580867275838142 5.1308399877488178 3.7238257941410797 -0.075928632082609998 -7.0605253326222561 3.7156000301255117 3.9651396430302706 -4.8571448893248759 -2.2799088279966067 0.1888870576647794
leaf_weight=7964 614 213 50 151 174 226 274 3934 52 594 185 52 214 552 134 260 265 147 71
leaf_count=7964 614 213 50 151 174 226 274 3934 52 594 185 52 214 552 134 260 265 147 71
internal_value=-0.00168556 -0.000433358 0.00110639 0.0033588 0.00562979 0.00168557 -0.0026371 -0.00104055 -0.00119987 -0.00129366 0.000711491 0.00231429 7.09003e-05 -0.00144043 -0.000323742 0.00139579 -0.000593183 0.00121277 -0.00279617
internal_weight=16126 6984 1954 601 224 377 9142 5030 4632 4528 398 104 1353 1107 555 474 879 281 8035
internal_count=16126 6984 1954 601 224 377 9142 5030 4632 4528 398 104 1353 1107 555 474 879 281 8035
cat_boundaries=0 1 2 3
cat_threshold=213011 459264 3240968
is_linear=0
shrinkage=0.03


Tree=81
num_leaves=20
num_cat=0
split_feature=21 22 11 16 16 17 18 16 32 7 16 20 16 25 22 21 22 19 27
split_gain=20.7972 6.81957 5.26738 1.99194 2.50126 2.94854 1.70895 1.63197 2.97051 1.57669 1.21503 1.29006 1.03412 0.97638 0.854225 0.830639 0.780376 0.442307 0.408864
threshold=1700.5000000000002 3100.5000000000005 794.88689094935273 0.074116354202380205 0.96522610578843548 0.011826363350393306 62.550000000000018 -0.74514031746906351 86.65000000000002 260.50000000000006 -0.61998829497903662 22.789285714285718 -0.72696319516528884 22.525000000000002 4250.5000000000009 5277.5000000000009 1898.6550000000002 206.75000000000003 24.875000000000004
decision_type=2 2 2 2 2 2 2 2 2 2 2 2 2 2 2 2 2 2 2
left_child=9 3 7 6 17 -6 13 8 -3 16 11 -11 -8 -2 -9 -4 -1 -5 -12
right_child=1 2 15 4 5 -7 12 14 -10 10 18 -13 -14 -15 -16 -17 -18 -19 -20
leaf_value=-9.8195514625616145 -3.4327822065103653 1.2717624790463447 11.952853660219905 -3.5962224326961043 -3.4337176331163648 1.624437996052593 -6.8603797816141467 0.12381444538184708 16.13921552675702 -5.0366353851917784 -6.0467302719680998 6.4260062855211117 6.2560934229237866 -0.12679393464339087 -2.3810552748460947 9.7489557141512737 0.18322044593483794 -0.64238102018835974 0.76554691907461569
leaf_weight=7964 867 565 168 1667 247 260 51 941 153 267 704 84 116 1324 200 51 71 374 52
leaf_count=7964 867 565 168 1667 247 260 51 941 153 267 704 84 116 1324 200 51 71 374 52
internal_value=-0.00167812 -0.000437653 0.000991341 -0.00105217 -0.00163947 0.000165354 -0.000398051 0.000445161 0.00157302 -0.00262069 -0.00146751 0 0.00246429 -0.000637774 -0.00022592 0.0054 -0.00277377 -0.0021097 -0.00214399
internal_weight=16126 6984 2078 4906 2548 507 2358 1859 718 9142 1107 351 167 2191 1141 219 8035 2041 756
internal_count=16126 6984 2078 4906 2548 507 2358 1859 718 9142 1107 351 167 2191 1141 219 8035 2041 756
is_linear=0
shrinkage=0.03


Tree=82
num_leaves=20
num_cat=2
split_feature=21 22 11 16 16 17 10 0 16 19 10 33 0 11 19 16 27 12 19
split_gain=20.5719 6.79932 5.01304 2.12296 2.85742 3.34607 1.45072 1.44371 1.44276 2.95655 1.3665 1.0106 0.852727 0.655405 0.645957 0.501628 0.46997 0.525362 0.452474
threshold=1690.5000000000002 3100.5000000000005 794.88689094935273 0.074116354202380205 0.96522610578843548 0.011826363350393306 1364.3571428571429 0 -0.74514031746906351 144.25000000000003 4615.7857142857147 3.3650000000000007 1 378.49564281793624 52.450000000000003 -0.89405649444168434 18.650000000000006 1438.7166666666669 206.75000000000003
decision_type=2 2 2 2 2 2 2 9 2 2 2 2 9 2 2 2 2 2 2
left_child=6 3 8 7 18 -6 -1 14 9 -3 15 -9 -10 16 -2 -4 -8 -18 -5
right_child=1 2 10 4 5 -7 13 11 12 -11 -12 -13 -14 -15 -16 -17 17 -19 -20
leaf_value=-13.024443433784365 -2.8771101128753438 1.2672343604684091 10.806075388899139 -3.5922937053818602 -3.5808528034627196 1.6607526985487158 0.39650120856847548 2.8167982091727617 1.9992011878282652 18.651446340289176 14.476170443918106 -0.74479895287170439 -0.75612485959540965 -2.7740529018707423 -0.45351803307933503 0.87598459661954875 -3.8522415184116685 -6.914296772920391 -0.57630417586458771
leaf_weight=6374 780 612 82 1772 253 266 58 322 311 106 80 565 830 215 868 57 568 1629 378
leaf_count=6374 780 612 82 1772 253 266 58 322 311 106 80 565 830 215 868 57 568 1629 378
internal_value=-0.0016651 -0.00047659 0.000962481 -0.00105994 -0.00165618 0.000265384 -0.00263844 -0.000414039 0.000429032 0.00148957 0.00526364 0.000527839 -0.00019965 -0.00196075 -0.000945751 0.00291429 -0.00211436 -0.00218653 -0.00214087
internal_weight=16126 7282 2078 5204 2669 519 8844 2535 1859 718 219 887 1141 2470 1648 139 2255 2197 2150
internal_count=16126 7282 2078 5204 2669 519 8844 2535 1859 718 219 887 1141 2470 1648 139 2255 2197 2150
cat_boundaries=0 1 2
cat_threshold=1111778 729098
is_linear=0
shrinkage=0.03


Tree=83
num_leaves=20
num_cat=2
split_feature=21 22 11 16 16 17 10 16 32 16 17 18 12 0 16 0 14 7 10
split_gain=20.5433 6.16812 4.34809 2.13385 2.2917 2.98102 1.91453 1.73145 2.38084 1.67102 2.96063 1.43401 1.1481 1.0647 0.929206 0.901769 0.729794 0.676339 0.495951
threshold=1700.5000000000002 3100.5000000000005 988.080810052527 0.074116354202380205 0.96522610578843548 0.052657569964411031 1364.3571428571429 -0.74514031746906351 157.35000000000005 -0.60468929461279042 -0.24372464231556024 62.550000000000018 1865.8000000000002 0 -0.72696319516528884 1 -0.97113884758256674 60.500000000000007 1607.3571428571429
decision_type=2 2 2 2 2 2 2 2 2 2 2 2 2 9 2 9 2 2 2
left_child=6 3 7 11 18 -6 -1 8 -3 10 -8 13 -12 -2 -13 -9 -11 -18 -5
right_child=1 2 -4 4 5 -7 9 15 -10 16 12 14 -14 -15 -16 -17 17 -19 -20
leaf_value=-12.633710130770831 1.5464573498173855 2.6848891989771282 13.248358997456956 0.14293310279071936 -2.4923452793972682 1.5765253925263658 6.9073559184738755 -1.1891577265160271 21.288197471846949 0.38786207104151044 -4.3309934853847452 -6.6409628471733413 2.6288089145997287 -1.4851371013874535 6.0863853510662071 0.83275521448329803 -1.9878969992606852 -7.1295273550461928 -2.4584791330328453
leaf_weight=6384 471 743 99 69 280 227 53 411 78 70 367 51 150 1720 116 747 315 1803 1972
leaf_count=6384 471 743 99 69 280 227 53 411 78 70 367 51 150 1720 116 747 315 1803 1972
internal_value=-0.00165766 -0.000424768 0.000933621 -0.00100938 -0.00161593 0.000106298 -0.00259444 0.000599999 0.00165693 -0.00188438 -0.000341507 -0.000334464 -0.00111197 -0.000555658 0.00228571 -0.000111304 -0.00226542 -0.00236857 -0.00206562
internal_weight=16126 6984 2078 4906 2548 507 9142 1979 821 2758 570 2358 517 2191 167 1158 2188 2118 2041
internal_count=16126 6984 2078 4906 2548 507 9142 1979 821 2758 570 2358 517 2191 167 1158 2188 2118 2041
cat_boundaries=0 1 2
cat_threshold=460813 2414593
is_linear=0
shrinkage=0.03


Tree=84
num_leaves=20
num_cat=0
split_feature=21 22 11 14 14 16 16 7 7 7 21 22 14 11 7 33 11 12 25
split_gain=20.0419 5.92476 4.03335 2.09144 2.75284 1.87539 2.53767 1.73027 1.69749 1.19717 1.78504 0.84132 0.838647 0.795099 0.795142 0.30601 0.289119 0.099182 0.00888917
threshold=1690.5000000000002 3100.5000000000005 988.080810052527 0.70290292807158605 0.67167992559793654 -0.90893575921103265 -0.97509344079810367 260.50000000000006 34.500000000000007 344.50000000000006 1397.5000000000002 1650.5000000000002 -0.85227431625818906 450.93172618698674 3.5000000000000004 8.615000000000002 306.58965048375165 2947.5163333333335 23.375000000000004
decision_type=2 2 2 2 2 2 2 2 2 2 2 2 2 2 2 2 2 2 2
left_child=7 3 5 4 8 6 -3 13 -2 10 16 -12 -7 14 -1 -16 -9 18 -5
right_child=1 2 -4 17 -6 12 -8 9 -10 -11 11 -13 -14 -15 15 -17 -18 -19 -20
leaf_value=0.41258186717771883 -3.5891622351786978 -0.42948148178170731 12.850908227533241 -1.9211752717486346 1.9126923397508182 1.2281873436359798 8.198953209713336 -9.8595978246320328 -0.67493634850140682 -6.4933649220328258 3.0253452597347339 -2.7425798853902923 -0.85867917676261685 0.97269631555349267 -9.4336501948457752 -1.7546988268477071 -1.9134890243696319 -2.1064006145269745 -5.0730575745723367
leaf_weight=52 774 233 99 83 68 871 267 215 3623 478 162 80 608 51 7663 64 79 82 574
leaf_count=52 774 233 99 83 68 871 267 215 3623 478 162 80 608 51 7663 64 79 82 574
internal_value=-0.00165394 -0.000480709 0.000861471 -0.00102536 -0.000765787 0.000539393 0.00212575 -0.0026147 -0.000867668 -0.00135665 -0.000284917 0.00151852 0 -0.00277168 -0.00279717 -0.00282298 -0.00192203 -0.00252973 -0.00269909
internal_weight=16126 7282 2078 5204 4465 1979 500 8844 4397 1014 536 242 1479 7830 7779 7727 294 739 657
internal_count=16126 7282 2078 5204 4465 1979 500 8844 4397 1014 536 242 1479 7830 7779 7727 294 739 657
is_linear=0
shrinkage=0.03


Tree=85
num_leaves=20
num_cat=0
split_feature=21 10 7 11 18 20 15 18 21 19 12 29 7 7 19 24 23 27 14
split_gain=20.2387 5.91894 3.20469 1.93335 1.75572 2.33888 1.68853 2.13301 1.41836 1.31269 2.01071 1.20496 1.04607 0.983523 0.804929 0.644525 0.598155 0.54175 0.388841
threshold=1690.5000000000002 4343.1428571428578 214.50000000000003 348.09980694367903 52.800000000000018 25.239285714285721 0.41202506375868281 1.0999999999999825 1370.5000000000002 232.85000000000005 1493.116666666667 29.125000000000004 277.50000000000006 53.500000000000007 8.75 4852.5000000000009 1976.9000000000003 21.425000000000001 -0.35041564478062465
decision_type=2 2 2 2 2 2 2 2 2 2 2 2 2 2 2 2 2 2 2
left_child=3 2 11 8 5 -4 -3 15 -1 17 -11 13 -6 -2 -13 -8 18 -10 -5
right_child=1 6 4 16 12 -7 7 -9 9 10 -12 14 -14 -15 -16 -17 -18 -19 -20
leaf_value=-13.471689321002334 -1.2449590122531766 -0.62152617782817954 -1.0038701795179883 0.14289379980155281 2.7722989367547037 4.1532753008763859 4.0406929693881537 23.24007514559651 -1.3506638575649743 1.7212948773847576 -3.5844609213431227 -1.7858753407604036 -1.3262602761176041 -2.3437649231882753 2.1114357611958288 6.6457492630994235 1.870476582728485 -5.0029719365232861 -6.708419314467303
leaf_weight=6279 1238 101 3106 81 332 222 159 59 245 85 136 67 163 1456 156 140 95 1683 183
leaf_count=6279 1238 101 3106 81 332 222 159 59 245 85 136 67 163 1456 156 140 95 1683 183
internal_value=-0.00161775 -0.000430834 -0.000660882 -0.00258489 -7.68836e-05 -0.000336138 0.00284348 0.00381894 -0.00267754 -0.00194512 5.40533e-05 -0.00141056 0.00157258 -0.00159072 0.000562499 0.00256 -0.000283334 -0.00219751 -0.00112076
internal_weight=15986 7199 6740 8787 3823 3328 459 358 8428 2149 221 2917 495 2694 223 299 359 1928 264
internal_count=15986 7199 6740 8787 3823 3328 459 358 8428 2149 221 2917 495 2694 223 299 359 1928 264
is_linear=0
shrinkage=0.03


Tree=86
num_leaves=20
num_cat=0
split_feature=22 22 7 11 14 25 16 32 16 32 12 11 7 14 13 15 23 16 11
split_gain=19.7838 4.13392 3.57807 2.61601 1.8242 2.12866 2.55705 1.64507 1.55884 3.14176 1.45572 2.04875 1.22718 1.10025 1.02881 0.780382 0.757316 1.43124 0.432543
threshold=1873.0000000000002 3500.5000000000005 260.50000000000006 988.080810052527 0.75014288946266361 25.075000000000006 -0.37447172655954952 95.550000000000026 -0.74514031746906351 135.25000000000003 1257.6000000000001 193.03342913056909 3.5000000000000004 0.60555468348150676 1843.194851743239 0.054805126479326886 1593.0000000000002 0.97650828179861848 439.15503282684102
decision_type=2 2 2 2 2 2 2 2 2 2 2 2 2 2 2 2 2 2 2
left_child=2 4 12 8 5 13 -7 14 9 -3 -9 -12 -1 -2 -4 -10 -14 -18 -6
right_child=1 3 7 -5 18 6 -8 10 15 -11 11 -13 16 -15 -16 -17 17 -19 -20
leaf_value=0.47432369916605099 -1.3455977185183112 1.8207410090933138 -5.773176864864781 13.574400772329275 -4.8693478025521948 2.7177854404362662 -0.43616948746703099 -4.4171708006016406 0.92334740341240407 17.980902696962929 2.8161442054127259 -0.30126630854075864 -9.6820017740472277 0.95262454950447317 0.5338922039607108 -1.2264602343302489 -4.341309256977488 1.5326163177547016 -0.35017921483217562
leaf_weight=78 2779 529 833 85 439 331 475 216 403 98 114 242 7036 213 126 403 1390 118 78
leaf_count=78 2779 529 833 85 439 331 475 216 403 98 114 242 7036 213 126 403 1390 118 78
internal_value=-0.00161588 -0.000214948 -0.00241619 0.00111981 -0.000695089 -0.000452488 0.000888475 -0.00103003 0.000778242 0.00190127 0.000172774 0.00142017 -0.00265696 -0.000828935 -0.00179375 -4.08929e-05 -0.00269245 -0.00197416 -0.0023861
internal_weight=15986 5833 10153 1518 4315 3798 806 1531 1433 627 572 356 8622 2992 959 806 8544 1508 517
internal_count=15986 5833 10153 1518 4315 3798 806 1531 1433 627 572 356 8622 2992 959 806 8544 1508 517
is_linear=0
shrinkage=0.03


Tree=87
num_leaves=20
num_cat=2
split_feature=21 21 0 7 12 7 0 29 16 19 22 32 10 19 14 19 19 29 12
split_gain=20.0312 4.8936 2.51491 1.87813 1.85762 1.56025 1.63095 1.56959 1.76078 0.959783 0.944571 0.916967 1.15114 0.908071 0.905867 0.884271 0.863227 0.640079 0.621919
threshold=1690.5000000000002 2777.5000000000005 0 260.50000000000006 4745.2833333333338 214.50000000000003 1 29.025000000000002 0.99572776335819457 218.25000000000003 1796.2950000000003 88.250000000000014 1250.0714285714287 247.25000000000003 -0.54939360607974019 232.85000000000005 232.85000000000005 24.675000000000008 1471.5666666666668
decision_type=2 2 9 2 2 2 9 2 2 2 2 2 2 2 2 2 2 2 2
left_child=3 5 13 10 14 7 17 8 -2 -8 -1 -5 -13 16 -4 -14 -3 -7 -9
right_child=1 2 4 11 -6 6 9 18 -10 -11 -12 12 15 -15 -16 -17 -18 -19 -20
leaf_value=-8.6024449707616242 -2.62008621600225 -0.056997176914932016 4.3297344322095865 -4.6418805117786635 19.328661090020034 1.9277878430003743 -2.7839341182362314 -2.904771940239347 1.0389597083324997 0.6214657788343827 -0.060928954882270965 -9.3801936006464022 0.17959619681923505 -1.042322175812924 -0.043445916210562659 4.3076763788136194 3.3258172112251336 -3.8778441870915747 1.5930321230053748
leaf_weight=7625 2193 1026 795 665 58 326 1386 67 92 260 109 131 197 338 365 60 61 66 166
leaf_count=7625 2193 1026 795 665 58 326 1386 67 92 260 109 131 197 338 365 60 61 66 166
internal_value=-0.00161588 -0.000435001 0.000580937 -0.00257806 0.00157933 -0.00103423 -0.000386955 -0.0015399 -0.00178478 -0.000816537 -0.00274557 -0.00130361 -2.3137e-05 -0.000250697 0.00127907 0.00102326 0.000132352 0.00128784 0.000666666
internal_weight=15986 7199 2643 8787 1218 4556 2038 2518 2285 1646 7734 1053 388 1425 1160 257 1087 392 233
internal_count=15986 7199 2643 8787 1218 4556 2038 2518 2285 1646 7734 1053 388 1425 1160 257 1087 392 233
cat_boundaries=0 1 2
cat_threshold=3448036 329738
is_linear=0
shrinkage=0.03


Tree=88
num_leaves=20
num_cat=3
split_feature=21 10 7 21 0 16 7 0 16 0 19 12 15 16 12 12 22 25 33
split_gain=19.6481 4.61437 2.79111 2.02292 1.93883 1.90405 1.67869 1.46951 1.37262 1.03183 1.01454 1.8454 0.928371 0.912491 1.08736 0.878269 0.83765 0.802143 0.749774
threshold=1690.5000000000002 4343.1428571428578 214.50000000000003 1353.0000000000002 0 0.96522610578843548 44.500000000000007 1 -0.35846811432664222 2 232.85000000000005 1508.2500000000002 0.58307701883076835 -0.97717844506743556 4160.8500000000013 1841.8166666666668 1796.2950000000003 22.525000000000002 7.6450000000000005
decision_type=2 2 2 2 9 2 2 9 2 9 2 2 2 2 2 2 2 2 2
left_child=3 2 5 16 17 8 -7 13 -2 -6 12 -12 18 -3 -15 -14 -1 -4 -5
right_child=1 7 4 10 9 6 -8 -9 -10 -11 11 -13 15 14 -16 -17 -18 -19 -20
leaf_value=-12.519005239028003 -0.0081296745082586139 1.0774311938266774 -3.2371739422501107 -5.0445450427933123 0.25886419442801289 1.7676566516288836 -0.51185146726913899 0.83853474737800704 -2.2083975160979463 3.0465095541182974 1.7853094501045499 -4.8394033130946816 -4.0934794828401095 4.0571799293283499 15.248230603969295 0.8760216356024646 0.36010500333338891 -0.23618601437706652 2.4296977234776556
leaf_weight=6378 407 61 772 1405 914 136 262 220 2112 475 98 130 364 53 125 284 69 1662 59
leaf_count=6378 407 61 772 1405 914 136 262 220 2112 475 98 130 364 53 125 284 69 1662 59
internal_value=-0.00160462 -0.000435001 -0.00063863 -0.00255758 -9.25739e-05 -0.00133859 0.000503759 0.00245217 -0.00164762 0.000784285 -0.00174925 0 -0.00195504 0.004032 0.00531285 -0.000892142 -0.00284367 -0.000612271 -0.00239386
internal_weight=15986 7199 6740 8787 3823 2917 398 459 2519 1389 2340 228 2112 239 178 648 6447 2434 1464
internal_count=15986 7199 6740 8787 3823 2917 398 459 2519 1389 2340 228 2112 239 178 648 6447 2434 1464
cat_boundaries=0 1 2 3
cat_threshold=3208416 1794064 786451
is_linear=0
shrinkage=0.03


Tree=89
num_leaves=20
num_cat=1
split_feature=21 21 0 21 7 15 13 16 29 16 14 11 19 11 7 15 13 31 33
split_gain=19.3805 4.51073 2.18202 2.11247 1.61323 1.74836 2.06479 1.52422 1.60789 1.42379 1.95961 1.04835 1.04255 1.97475 1.03768 0.930982 1.69903 0.788337 0.765687
threshold=1690.5000000000002 2777.5000000000005 0 1353.0000000000002 214.50000000000003 -0.7614016681079937 1792.6658268010453 0.99572776335819457 29.025000000000002 -0.72696319516528884 -0.89406062840022227 393.43354090673296 223.75000000000003 100.00000000000377 277.50000000000006 0.48877522411129348 1814.0471039681568 67.900000000000034 7.6450000000000005
decision_type=2 2 9 2 2 2 2 2 2 2 2 2 2 2 2 2 2 2 2
left_child=3 4 17 11 7 -6 -7 8 -2 10 -4 -1 15 -14 -11 18 -17 -3 -5
right_child=1 2 9 12 5 6 -8 -9 -10 14 -12 -13 13 -15 -16 16 -18 -19 -20
leaf_value=-12.143435081857161 -2.475231704039242 6.3760782200803519 10.343546774115582 -5.026673000946932 2.8117114145017998 -3.0170931863742165 0.64558608228262937 0.95476121753365528 0.58769977303369281 0.035370437212397986 1.458862787926706 -0.87769078400746325 -3.3234605035366527 1.8025826746599516 -2.0976491346962742 -3.3756022188523676 4.5577849437646325 -0.22307459140824246 2.3568067917733275
leaf_weight=6303 2193 476 73 1323 93 1173 772 92 233 784 772 144 180 86 454 591 101 84 59
leaf_count=6303 2193 476 73 1323 93 1173 772 92 233 784 772 144 180 86 454 591 101 84 59
internal_value=-0.00160086 -0.000439167 0.000535551 -0.00254734 -0.00101448 -0.000357529 -0.000570402 -0.00152799 -0.00168232 6.01712e-05 0.00102837 -0.00283902 -0.00172362 0 -0.000564165 -0.00195036 -0.000939395 0.00218038 -0.00242299
internal_weight=15986 7199 2643 8787 4556 2038 1945 2518 2426 2083 845 6447 2340 266 1238 2074 692 560 1382
internal_count=15986 7199 2643 8787 4556 2038 1945 2518 2426 2083 845 6447 2340 266 1238 2074 692 560 1382
cat_boundaries=0 1
cat_threshold=205336
is_linear=0
shrinkage=0.03


Tree=90
num_leaves=15
num_cat=1
split_feature=21 7 21 21 7 11 0 33 17 17 29 11 22 33
split_gain=17.3432 5.83174 2.48997 2.03256 1.94324 1.72452 1.63957 1.47473 1.31989 2.41253 1.17658 0.834599 0.701942 0.493481
threshold=1370.5000000000002 256.50000000000006 5665.5000000000009 2676.0400000000004 344.50000000000006 604.59547837938169 0 3.2650000000000001 0.052657569964411031 0.43733605198774955 24.775000000000002 476.71064651715284 2700.5000000000005 7.6450000000000005
decision_type=2 2 2 2 2 2 9 2 2 2 2 2 2 2
left_child=11 3 4 8 5 -3 10 -6 13 -10 -5 -1 -8 -2
right_child=1 2 -4 6 7 -7 12 -9 9 -11 -12 -13 -14 -15
leaf_value=-11.779132029401445 -4.5836299857536895 0.042176285910925482 8.3098420169559137 4.0755446147949375 0.22000906754710856 6.3077830016777385 0.15416440173747559 -6.1333943430343014 0.14695515691005656 -2.6935780038654911 -0.50950665571057585 0.76186360739889158 -0.81128205155197985 2.1339948054678604
leaf_weight=6478 1720 2568 66 146 375 449 106 681 570 2016 101 68 628 50
leaf_count=6478 1720 2568 66 146 375 449 106 681 570 2016 101 68 628 50
internal_value=-0.00162835 -0.000801204 3.33326e-05 -0.00145673 -5.00744e-05 0.000326043 -0.00017108 -0.00116651 -0.00173583 -0.00126517 0.00183721 -0.00281854 -0.000922148 -0.00239695
internal_weight=16022 9476 4139 5337 4073 3017 981 1056 4356 2586 247 6546 734 1770
internal_count=16022 9476 4139 5337 4073 3017 981 1056 4356 2586 247 6546 734 1770
cat_boundaries=0 1
cat_threshold=1127948
is_linear=0
shrinkage=0.03


Tree=91
num_leaves=20
num_cat=2
split_feature=21 7 16 16 0 21 25 33 0 17 16 26 33 13 16 24 16 12 15
split_gain=16.7618 5.62307 2.49544 2.71566 2.2759 1.81128 1.7869 1.49618 1.41635 1.33862 3.18332 0.843878 0.487693 0.467758 0.376005 0.341725 0.397937 0.112878 0.190304
threshold=1370.5000000000002 256.50000000000006 -0.66528308454101848 -0.97717844506743556 0 2676.0400000000004 25.975000000000005 3.3650000000000007 1 0.052657569964411031 0.94911049632748046 6.1500000000000012 7.6450000000000005 1857.3975169994274 0.074116354202380205 1545.5000000000002 0.20391355282604837 1540.7500000000002 0.79773375822167203
decision_type=2 2 2 2 9 2 2 2 9 2 2 2 2 2 2 2 2 2 2
left_child=15 5 3 13 -5 9 7 -4 14 12 -11 -10 -2 -3 -7 -1 17 -17 -19
right_child=1 2 6 4 -6 8 -8 -9 11 10 -12 -13 -14 -15 -16 16 -18 18 -20
leaf_value=-11.425758068519405 -4.4461210861810772 -5.8667246745891397 0.10521271733713784 7.2405557439449826 1.2341549458298364 0.10160268545871834 4.2764426558412367 -2.6752863869691033 2.0168410942467387 -2.4082610432661067 1.4512872653431728 -0.38623543789650133 2.0699749613038243 0.15424451132214387 -0.83951156455160547 2.0811716043289756 -9.7491269928511404 -15.501742631715823 -0.70621543357784911
leaf_weight=6092 1720 291 922 402 1081 82 65 1238 269 2300 286 171 50 140 459 60 268 59 67
leaf_count=6092 1720 291 922 402 1081 82 65 1238 269 2300 286 171 50 140 459 60 268 59 67
internal_value=-0.00162086 -0.000807535 1.15935e-05 0.000816187 0.00143935 -0.00145111 -0.000660378 -0.000826007 -0.00023218 -0.00171517 -0.00124198 0.000964523 -0.00238001 -0.00122222 -0.00128261 -0.00279105 -0.00170769 -0.000336899 -0.000968505
internal_weight=16022 9476 4139 1914 1483 5337 2225 2160 981 4356 2586 440 1770 431 541 6546 454 186 126
internal_count=16022 9476 4139 1914 1483 5337 2225 2160 981 4356 2586 440 1770 431 541 6546 454 186 126
cat_boundaries=0 1 2
cat_threshold=213018 2541777
is_linear=0
shrinkage=0.03


Tree=92
num_leaves=20
num_cat=3
split_feature=10 21 6 0 33 26 0 24 32 29 12 0 20 20 26 25 21 14 33
split_gain=17.3933 5.24238 2.32422 2.08218 2.12042 1.99298 1.72511 1.53475 1.81582 1.36656 1.02652 0.813052 0.869954 0.715239 0.636423 0.446179 0.346812 0.406982 0.0796172
threshold=1375.0714285714287 2500.5000000000005 9.5000000000000018 0 3.5450000000000004 3.1500000000000008 1 1397.5000000000002 198.65000000000006 29.075000000000006 3629.7631666666671 2 24.610714285714288 23.282142857142862 0.45000000000000007 25.175000000000008 1322.4400000000003 -0.53493989022977317 8.615000000000002
decision_type=2 2 2 9 2 2 9 2 2 2 2 9 2 2 2 2 2 2 2
left_child=16 2 7 14 -5 6 10 8 -2 -9 -3 12 -7 -8 -4 -13 18 -18 -1
right_child=1 5 3 4 -6 11 13 9 -10 -11 -12 15 -14 -15 -16 -17 17 -19 -20
leaf_value=-11.832985326463824 -1.7054316781819141 1.1064733642607347 -2.8376677775660597 2.6558307366003739 -3.5550040600351971 19.069693443576046 -1.257760701431893 -3.4434331990294869 3.4325290625977445 -0.031988882166223198 6.027890762925403 -0.8530268417329222 -1.023176501741015 0.87817020893517395 0.54223880009277559 -0.36792491327540772 -0.032766387093472384 -3.9272499439614648 -11.313354582759501
leaf_weight=5752 292 464 943 372 411 50 478 3657 89 345 366 641 54 931 172 254 93 607 51
leaf_count=5752 292 464 943 372 411 50 478 3657 89 345 366 641 54 931 172 254 93 607 51
internal_value=-0.00160962 -0.000785925 -0.00129226 -0.000383887 0.000763223 0.000182463 0.000691071 -0.00167518 3.14129e-05 -0.00184886 0.00176575 -0.000912001 0.00133043 1.26753e-05 -0.00122558 -0.00122517 -0.00280812 -0.00194722 -0.00290386
internal_weight=16022 9519 6281 1898 783 3238 2239 4383 381 4002 830 999 104 1409 1115 895 6503 700 5803
internal_count=16022 9519 6281 1898 783 3238 2239 4383 381 4002 830 999 104 1409 1115 895 6503 700 5803
cat_boundaries=0 1 2 3
cat_threshold=2159776 1269778 66060
is_linear=0
shrinkage=0.03


Tree=93
num_leaves=19
num_cat=1
split_feature=10 7 21 17 7 11 0 21 33 11 27 21 14 33 22 18 7 14
split_gain=17.5885 5.48722 2.11469 1.86928 1.76744 1.7361 1.64274 1.46823 1.36755 1.34895 0.74032 0.390794 0.486412 0.14861 0.121274 0.0537318 0.0147941 0.00864869
threshold=1375.0714285714287 256.50000000000006 5665.5000000000009 -0.52765736634565841 344.50000000000006 141.4213562373204 0 1930.5000000000002 3.2650000000000001 604.59547837938169 24.075000000000006 1251.1550000000002 -0.53493989022977317 7.8750000000000009 1690.5000000000002 53.300000000000018 354.50000000000006 -0.96689237009891416
decision_type=2 2 2 2 2 2 9 2 2 2 2 2 2 2 2 2 2 2
left_child=11 3 4 10 9 7 -7 -5 -6 -3 14 -1 17 16 -2 -12 -14 -13
right_child=1 2 -4 5 8 6 -8 -9 -10 -11 15 12 13 -15 -16 -17 -18 -19
leaf_value=-12.22799576666991 -0.90752822769037711 0.02450783415090162 7.8298347418106635 -3.8236494747466829 0.2289107412437405 -1.0947095439594219 0.80498442666507508 -0.58738321304395968 -5.6808236403602299 5.7961219190576516 -6.3840907188392784 -1.9995778222688536 -4.7852735443406482 -1.7279961242977788 3.1747642859802969 -3.2284720764942731 -3.5378761144070574 0.49019007970218115
leaf_weight=5391 58 2576 66 1391 386 859 802 1109 680 457 1023 73 888 51 61 51 50 50
leaf_count=5391 58 2576 66 1391 386 859 802 1109 680 457 1023 73 888 51 61 51 50 50
internal_value=-0.00159839 -0.000770169 3.6005e-05 -0.0014056 -3.95129e-05 -0.00108554 -0.00029964 -0.00158936 -0.00109934 0.000318391 -0.00248241 -0.00280351 -0.00212129 -0.00234546 0 -0.00273209 -0.0024377 0
internal_weight=16022 9519 4165 5354 4099 4161 1661 2500 1066 3033 1193 6503 1112 989 119 1074 938 123
internal_count=16022 9519 4165 5354 4099 4161 1661 2500 1066 3033 1193 6503 1112 989 119 1074 938 123
cat_boundaries=0 1
cat_threshold=2676937
is_linear=0
shrinkage=0.03


Tree=94
num_leaves=19
num_cat=2
split_feature=10 16 16 22 14 11 25 0 12 11 11 21 16 25 33 7 7 0
split_gain=17.5683 6.49244 2.94844 3.69889 2.44917 2.43307 1.92184 1.39649 1.17333 0.882698 0.589123 0.475354 0.898358 0.393536 0.308763 0.309575 0.302772 0.281527
threshold=1375.0714285714287 -0.66528308454101848 -0.97717844506743556 5400.5000000000009 0.80926549319045582 90.501644288388903 22.575000000000006 0 1783.3500000000001 794.88689094935273 431.89711560268876 1251.1550000000002 0.91161058030431363 23.575000000000006 7.8750000000000009 278.50000000000006 61.500000000000007 1
decision_type=2 2 2 2 2 2 2 9 2 2 2 2 2 2 2 2 2 9
left_child=11 2 9 7 5 8 -7 -4 -3 17 13 -1 14 -6 15 -13 -12 -2
right_child=1 4 3 -5 10 6 -8 -9 -10 -11 16 12 -14 -15 -16 -17 -18 -19
leaf_value=-11.861155893669814 -2.1802767798297147 -4.7145403944573046 0.061016190758881497 15.623536010882692 -0.091315708494525 -2.9128852751362815 -0.032098102694232918 2.9649920287288039 -0.78221642327240593 3.6812177955665479 0.94698413502666434 -5.2556554878009285 0.59073004092582826 -5.6281436537984231 -1.6761562405688459 -2.7790157755958833 -12.579586663049557 -5.779542424458108
leaf_weight=5391 118 935 972 57 54 1525 2651 858 828 72 66 836 94 996 51 131 51 336
leaf_count=5391 118 935 972 57 54 1525 2651 858 828 72 66 836 94 996 51 131 51 336
internal_value=-0.00158528 -0.000757564 0.00057415 0.00114089 -0.00121613 -0.000956566 -0.000546565 0.000876569 -0.00190136 -0.00137192 -0.00249658 -0.00278967 -0.00206739 -0.00272598 -0.00233464 -0.00245455 -5.08482e-05 -0.0019055
internal_weight=16022 9519 2413 1887 7106 5939 4176 1830 1763 526 1167 6503 1112 1050 1018 967 117 454
internal_count=16022 9519 2413 1887 7106 5939 4176 1830 1763 526 1167 6503 1112 1050 1018 967 117 454
cat_boundaries=0 1 2
cat_threshold=2403493 10369
is_linear=0
shrinkage=0.03


Tree=95
num_leaves=20
num_cat=1
split_feature=21 11 7 7 25 0 7 29 11 22 11 7 12 25 22 33 21 11 29
split_gain=18.3384 3.97302 3.19202 2.36692 2.06716 2.14898 1.73931 1.34495 1.7945 0.960684 0.902295 0.801928 0.770117 0.841016 0.629115 0.608769 0.558175 0.408698 0.408137
threshold=1690.5000000000002 988.080810052527 214.50000000000003 260.50000000000006 25.975000000000005 0 3.5000000000000004 29.225000000000005 128.05783663568008 3500.5000000000005 399.85113507426132 53.500000000000007 1795.0166666666669 24.075000000000006 1551.5000000000002 3.5450000000000004 1251.1550000000002 301.38568866708829 23.325000000000006
decision_type=2 2 2 2 2 9 2 2 2 2 2 2 2 2 2 2 2 2 2
left_child=3 2 7 6 5 -4 -1 11 -9 -3 16 -2 13 -5 15 -14 -8 -16 -15
right_child=1 9 4 12 -6 -7 10 8 -10 -11 -12 -13 14 18 17 -17 -18 -19 -20
leaf_value=1.9623268932738216 -0.97470268478320776 4.6824172696169066 -0.95705573733633109 -4.1634802480862838 4.7245866297767849 1.0175460370381626 -11.664241159968347 1.6339396641993793 -1.6350059029877531 12.142267196547484 0.44566338858572224 -1.9370993427003624 5.7851134147548358 -2.1034227232177738 -4.748347032816385 -2.2125014547979025 -4.3988296785531356 0.81632143338128871 2.5425439916444397
leaf_weight=54 1245 79 2130 575 62 1994 5146 70 144 87 92 1453 51 68 119 78 2412 88 67
leaf_count=54 1245 79 2130 575 62 1994 5146 70 144 87 92 1453 51 68 119 78 2412 88 67
internal_value=-0.00155086 -0.000429044 -0.00054219 -0.00247686 -7.17219e-07 -9.38189e-05 -0.00266282 -0.00130484 0.000851162 0.00411377 -0.00270357 -0.00149278 -0.00106304 -0.00162447 0 0.00175385 -0.00273965 -0.000894231 0.000220588
internal_weight=16014 7264 7098 8750 4186 4124 7704 2912 214 166 7650 2698 1046 710 336 129 7558 207 135
internal_count=16014 7264 7098 8750 4186 4124 7704 2912 214 166 7650 2698 1046 710 336 129 7558 207 135
cat_boundaries=0 1
cat_threshold=2135265
is_linear=0
shrinkage=0.03


Tree=96
num_leaves=20
num_cat=1
split_feature=21 7 11 21 0 16 29 11 7 33 22 15 13 11 16 13 7 14 19
split_gain=18.0311 3.76346 2.62148 2.36365 1.9943 1.75213 1.69027 1.7945 1.60184 1.71254 1.41246 1.26024 1.3757 1.29747 1.09735 1.03544 1.74469 0.949777 0.927842
threshold=1690.5000000000002 214.50000000000003 988.080810052527 1251.1550000000002 0 0.96522610578843548 29.225000000000005 128.05783663568008 44.500000000000007 4.8650000000000011 3500.5000000000005 0.48877522411129348 1795.8483293830784 301.38568866708829 0.95566275305367776 1504.8443824913109 215.50000000000003 -0.98046803196378884 2.8499999999999939
decision_type=2 2 2 2 9 2 2 2 2 2 2 2 2 2 2 2 2 2 2
left_child=3 5 4 -1 -3 6 -2 -8 9 -7 -4 15 14 -14 -13 16 -5 -17 -6
right_child=1 2 10 11 18 8 7 -9 -10 -11 -12 12 13 -15 -16 17 -18 -19 -20
leaf_value=-11.155393982060673 -2.0295530413383482 -0.76338941687664397 2.5540311866354046 -3.1536003075039996 4.9568837298123931 0.20883818519078792 1.5849214742734008 -1.5859557258981187 -0.54326861626800138 6.3639817168541937 11.816273794285598 -3.7063437775562087 -1.5948328016779802 6.921598427131511 2.1925811623882021 0.49730873469043935 4.3064436396048098 -4.8342609273892805 0.82688194481205057
leaf_weight=5615 2314 2432 66 173 138 74 70 144 267 57 86 713 76 71 50 88 54 1910 1616
leaf_count=5615 2314 2432 66 173 138 74 70 144 267 57 86 713 76 71 50 88 54 1910 1616
internal_value=-0.00154149 -0.000429044 0.000122378 -0.00245972 -7.88225e-06 -0.0012617 -0.00155753 0.000851162 0.000503759 0.00327273 0.00398039 -0.0017602 -0.000740945 0.00178378 -0.00128796 -0.00215633 -2.63165e-05 -0.00237569 0.000749574
internal_weight=16014 7264 4338 8750 4186 2926 2528 214 398 131 152 3135 910 147 763 2225 227 1998 1754
internal_count=16014 7264 4338 8750 4186 2926 2528 214 398 131 152 3135 910 147 763 2225 227 1998 1754
cat_boundaries=0 1
cat_threshold=2143457
is_linear=0
shrinkage=0.03


Tree=97
num_leaves=20
num_cat=1
split_feature=21 7 11 21 0 22 15 13 11 29 11 13 7 20 21 11 28 13 14
split_gain=17.9088 3.76346 2.62148 2.45774 1.82179 1.41246 1.39926 1.30361 1.29747 1.14434 1.53674 1.03544 1.74469 0.941105 0.929752 0.878038 0.82673 0.789532 0.77682
threshold=1690.5000000000002 214.50000000000003 988.080810052527 1251.1550000000002 0 3500.5000000000005 0.48877522411129348 1795.8483293830784 301.38568866708829 29.225000000000005 128.05783663568008 1504.8443824913109 215.50000000000003 22.496428571428577 2777.5000000000005 462.52623463596893 22.525000000000002 1781.3372726388486 -0.98046803196378884
decision_type=2 2 2 2 9 2 2 2 2 2 2 2 2 2 2 2 2 2 2
left_child=3 9 4 15 16 -4 11 13 -9 14 -11 12 -5 -8 -2 -1 -3 -6 -13
right_child=1 2 5 6 17 -7 7 8 -10 10 -12 18 -14 -15 -16 -17 -18 -19 -20
leaf_value=-10.820732162598855 -2.1378984600994295 -3.8994392321266713 2.4774102510363467 -3.0589922982788829 0.12337559675147919 11.461785580457027 -5.2351350959356138 -1.5469878176276413 6.7139504743175697 1.5373738300451985 -1.5383770541211728 0.48238947264972498 4.1772503304166655 0.34353454201973838 -0.07157047158311286 1.1677066037376647 -0.13671616531117031 1.9863966590494071 -4.689233099567601
leaf_weight=5550 2322 726 66 173 925 86 550 76 71 70 144 88 54 213 390 65 1706 829 1910
leaf_count=5550 2322 726 66 173 925 86 550 76 71 70 144 88 54 213 390 65 1706 829 1910
internal_value=-0.00153775 -0.000429044 0.000122378 -0.00245286 -7.88225e-06 0.00398039 -0.00174107 -0.000675083 0.00178378 -0.0012617 0.000711627 -0.00215633 -2.63165e-05 -0.00120942 -0.00143421 -0.00284188 -0.000548916 0.00071558 -0.00237569
internal_weight=16014 7264 4338 8750 4186 152 3135 910 147 2926 214 2225 227 763 2712 5615 2432 1754 1998
internal_count=16014 7264 4338 8750 4186 152 3135 910 147 2926 214 2225 227 763 2712 5615 2432 1754 1998
cat_boundaries=0 1
cat_threshold=2143457
is_linear=0
shrinkage=0.03


Tree=98
num_leaves=20
num_cat=1
split_feature=21 21 16 16 24 21 33 27 20 22 0 11 15 15 7 7 33 16 21
split_gain=17.5875 5.0837 2.93593 2.27211 2.12122 1.88269 1.78578 1.94865 1.4849 1.34148 1.21321 1.29632 0.536207 0.500229 0.460174 0.304378 0.16835 0.152886 0.12703
threshold=1370.5000000000002 2676.0400000000004 0.10837544681456425 0.94496830006774635 1370.5000000000002 5559.1850000000004 3.2650000000000001 23.825000000000006 22.496428571428577 1690.5000000000002 0 628.97374183127704 0.92519182738459482 0.83730377313544024 262.50000000000006 262.50000000000006 8.615000000000002 0.9962888416657264 1298.5000000000002
decision_type=2 2 2 2 2 2 2 2 2 2 9 2 2 2 2 2 2 2 2
left_child=9 2 6 14 -5 10 7 -2 -8 15 13 -12 -11 -3 -4 16 17 -1 -17
right_child=1 5 3 4 -6 -7 8 -9 -10 12 11 -13 -14 -15 -16 18 -18 -19 -20
leaf_value=-9.7461101977208884 1.2386745011651985 -0.099787975017734745 -3.3786758315794541 2.9085512089767089 -1.6532864576678012 6.6269755182222259 -6.4853505824659807 -3.1871188143281888 -0.2825777072344095 1.2946122763444727 0.50315510268898156 10.101963708223691 -0.85097201836066649 -1.754528302475568 -0.032097338961569383 -6.7906669590636577 -7.1733212123407428 -9.0218946228067303 -0.5306139936971237
leaf_weight=5787 579 1395 2611 106 605 82 773 288 1494 56 1042 190 50 232 93 357 60 143 71
leaf_count=5787 579 1395 2611 106 605 82 773 288 1494 56 1042 190 50 232 93 357 60 143 71
internal_value=-0.00152463 -0.000693816 -0.00116061 -0.00177401 -0.000193821 0.000330387 -0.000477513 0.000649769 -0.000928572 -0.00272598 0.000184615 0.000900241 0.000252336 -0.000333334 -0.00217264 -0.00278221 -0.00285178 -0.00287051 -0.0016993
internal_weight=16014 9490 6549 3415 711 2941 3134 867 2267 6524 2859 1232 106 1627 2704 6418 5990 5930 428
internal_count=16014 9490 6549 3415 711 2941 3134 867 2267 6524 2859 1232 106 1627 2704 6418 5990 5930 428
cat_boundaries=0 1
cat_threshold=2407652
is_linear=0
shrinkage=0.03


Tree=99
num_leaves=20
num_cat=1
split_feature=10 16 16 10 14 11 25 17 11 32 12 22 16 11 14 11 33 20 0
split_gain=17.1729 5.30583 2.82383 2.83569 2.72894 2.65846 2.00462 1.36638 1.02577 0.959915 0.665004 0.532949 0.789465 0.669218 0.524547 0.481556 0.453735 0.360843 0.347374
threshold=1375.0714285714287 -0.62588817255938378 -0.97717844506743556 4411.0714285714294 0.81925054981890411 80.91735937126326 22.325000000000006 -0.45848288923838371 712.7103331630409 95.550000000000026 1761.9666666666669 1150.5000000000002 0.91161058030431363 56.694670951464111 -0.98046803196378884 489.59406419473964 8.3850000000000033 23.625000000000004 0
decision_type=2 2 2 2 2 2 2 2 2 2 2 2 2 2 2 2 2 2 9
left_child=11 2 8 7 5 10 -7 -4 18 -5 -3 -1 14 -14 -13 -6 -16 -15 -2
right_child=1 4 3 9 15 6 -8 -9 -10 -11 -12 12 13 17 16 -17 -18 -19 -20
leaf_value=-11.854244089241472 -3.4935225009984356 -4.468832513510673 3.6946492020404418 6.3373329984083462 -5.012155191296622 -3.0694753697893957 -0.027435298023556189 0.13513221557157123 2.5514175748814747 11.821741240017879 -0.85290343643596711 -0.074569550048753985 -9.3044534184029128 -4.598126511391742 -5.4538869400838097 -0.87651726345046166 -0.95145706709271138 1.1171411695816156 -5.1615174074280201
leaf_weight=4489 136 782 371 134 1016 1467 2956 1461 89 61 702 82 84 51 1584 93 59 75 322
leaf_count=4489 136 782 371 134 1016 1467 2956 1461 89 61 702 82 84 51 1584 93 59 75 322
internal_value=-0.00151901 -0.000708477 0.000443883 0.000973372 -0.00113767 -0.00086933 -0.00048689 0.000577741 -0.00143431 0.00443877 -0.00197778 -0.00272171 -0.00220041 -0.000213271 -0.00241599 -0.00252433 -0.00253285 0.000921259 -0.00204575
internal_weight=16014 9590 2574 2027 7016 5907 4423 1832 547 195 1484 6424 1935 210 1725 1109 1643 126 458
internal_count=16014 9590 2574 2027 7016 5907 4423 1832 547 195 1484 6424 1935 210 1725 1109 1643 126 458
cat_boundaries=0 1
cat_threshold=1179795
is_linear=0
shrinkage=0.03


Tree=100
num_leaves=20
num_cat=2
split_feature=22 22 11 15 11 18 0 20 33 28 7 14 0 27 23 15 23 16 33
split_gain=18.0374 4.97562 2.67626 2.5214 2.42104 2.60324 2.11893 1.13146 1.12872 1.23124 1.12664 0.993645 1.46052 1.18905 0.832575 0.623827 0.451076 0.308032 0.547608
threshold=1370.5000000000002 2425.1300000000006 604.59547837938169 0.9980355542543059 158.32515003784241 13.300000000000011 0 31.146428571428576 3.2950000000000004 20.275000000000002 278.50000000000006 -0.52032787705993211 1 20.025000000000002 3250.5000000000005 0.99932962452255414 1545.5000000000002 0.9962888416657264 5.0250000000000012
decision_type=2 2 2 2 2 2 9 2 2 2 2 2 9 2 2 2 2 2 2
left_child=10 3 11 4 7 -6 14 -2 9 -5 16 12 -3 -13 -4 -10 17 -1 -19
right_child=1 2 6 8 5 -7 -8 -9 15 -11 -12 13 -14 -15 -16 -17 -18 18 -20
leaf_value=-8.8257590934548489 -2.8666140097921717 -0.39620367075673762 2.640103748180552 0.032740932073487078 -1.9202052062221187 1.378353900933835 -2.2579782789946305 1.6039002957007802 -4.1720695614534931 2.8636000915182427 -2.9626317979390095 5.4319807804014699 2.4485975829968964 -0.62783479328039737 9.1836525356939855 3.6741682586212652 -1.2496524496041177 2.5791060860975694 -10.096320435977548
leaf_weight=5892 3213 977 104 52 1959 540 164 57 107 59 380 68 766 1139 284 80 67 60 96
leaf_count=5892 3213 977 104 52 1959 540 164 57 107 59 380 68 766 1139 284 80 67 60 96
internal_value=-0.0014564 -0.000621944 0.000268055 -0.00114305 -0.00128631 -0.000556801 0.00218626 -0.00182972 0.00147492 0.00385714 -0.00267857 -7.62461e-05 0.000364678 -0.000750001 0.0033609 0 -0.00278123 -0.00280856 -0.000974523
internal_weight=16064 9569 3502 6067 5769 2499 552 3270 298 111 6495 2950 1743 1207 388 187 6115 6048 156
internal_count=16064 9569 3502 6067 5769 2499 552 3270 298 111 6495 2950 1743 1207 388 187 6115 6048 156
cat_boundaries=0 1 2
cat_threshold=2450483 316641
is_linear=0
shrinkage=0.03


Tree=101
num_leaves=20
num_cat=3
split_feature=21 16 11 0 19 17 16 5 0 0 11 17 21 26 16 26 12 17 7
split_gain=18.9597 4.78292 2.96884 2.38603 2.14234 2.06635 1.85306 1.8334 1.80465 1.64912 1.54666 1.48401 1.09685 1.01519 0.916724 0.617168 0.47099 0.471655 0.456004
threshold=1370.5000000000002 -0.62588817255938378 604.59547837938169 0 230.95000000000002 0.99351059783078122 0.95752911693909493 1.0000000180025095e-35 1 2 353.26770462643765 -0.45848288923838371 4300.5000000000009 9.0000000000000018 -0.97509344079810367 4.0500000000000007 2007.7833333333335 0.71503753411753179 278.50000000000006
decision_type=2 2 2 9 2 2 2 2 9 9 2 2 2 2 2 2 2 2 2
left_child=10 2 3 14 5 6 -3 -7 -4 15 18 -5 -10 -11 -2 -6 17 -12 -1
right_child=1 4 8 11 9 7 -8 -9 12 13 16 -13 -14 -15 -16 -17 -18 -19 -20
leaf_value=-8.6829165428157378 -4.2082360057471515 -2.5381260138253596 -3.9428411572206734 2.5220784369701481 -0.012365429496875397 3.5332728227091907 0.11805688557397942 -0.11123920516958899 10.352710548652622 1.4665006356320909 2.7197977311988817 -1.0114810895399045 2.244397442719964 -0.20873876876914146 5.2348840943275956 -1.1325770383587399 -10.741348294634685 -1.8119471297395937 -2.9585859480804166
leaf_weight=6033 57 4491 107 261 335 73 681 399 234 439 77 1547 147 219 229 333 60 55 287
leaf_count=6033 57 4491 107 261 335 73 681 399 234 439 77 1547 147 219 229 333 60 55 287
internal_value=-0.00143399 -0.000576888 0.000514517 1.43127e-06 -0.000987664 -0.00124305 -0.0014191 0.000589851 0.00261963 6.55607e-05 -0.00268402 -0.000384278 0.00355102 0.00115247 0.00251515 -0.000941091 0 0.000969924 -0.00276459
internal_weight=16064 9552 2582 2094 6970 5644 5172 472 488 1326 6512 1808 381 658 286 668 192 132 6320
internal_count=16064 9552 2582 2094 6970 5644 5172 472 488 1326 6512 1808 381 658 286 668 192 132 6320
cat_boundaries=0 1 2 3
cat_threshold=655384 690384 2395346
is_linear=0
shrinkage=0.03


Tree=102
num_leaves=20
num_cat=3
split_feature=21 21 16 16 17 0 11 0 11 33 12 0 16 16 20 11 12 17 11
split_gain=18.2288 4.57653 2.13601 2.56017 2.8713 2.00187 2.30415 1.57499 1.53593 1.15689 1.03968 0.807132 0.643373 1.58819 0.832863 0.558976 0.47099 0.471655 0.468404
threshold=1370.5000000000002 2676.0400000000004 0.10837544681456425 0.94704596667653973 0.052657569964411031 0 604.59547837938169 1 353.26770462643765 3.2750000000000004 2896.8333333333335 2 -0.90893575921103265 -0.96688789938088693 25.239285714285721 399.85113507426132 2007.7833333333335 0.71503753411753179 164.38920136011424
decision_type=2 2 2 2 2 9 2 9 2 2 2 9 2 2 2 2 2 2 2
left_child=8 2 7 15 -5 12 11 18 -1 -9 -8 -7 13 -3 -14 -4 17 -10 -2
right_child=1 5 3 4 -6 6 10 9 16 -11 -12 -13 14 -15 -16 -17 -18 -19 -20
leaf_value=-8.204608833311525 -0.16978565496387577 -3.7885026409916778 -2.7407325283236341 -2.894961265728325 1.5936755760504795 -0.039585574117746866 -0.14951411612927984 0.27472999710897628 2.6382037992629139 -1.8985404007528144 9.5815843858627225 3.2083734691185049 -0.76125761087817145 6.7159128786913032 0.69375650642127695 -0.63199536691906033 -10.419107845795644 -1.7575887158474066 3.5168697596492193
leaf_weight=6320 102 164 2622 413 298 885 67 816 77 2024 242 390 887 132 181 134 60 55 195
leaf_count=6320 102 164 2622 413 298 885 67 816 77 2024 242 390 887 132 181 134 60 55 195
internal_value=-0.00144893 -0.000608291 -0.00104875 -0.00156747 0 0.000363173 0.00109279 -0.000460804 -0.0026748 -0.000689233 0.00344516 0.00049373 -0.000456001 0.000696969 -0.000822265 -0.0019815 0 0.000969924 0.00153896
internal_weight=16064 9552 6604 3467 711 2948 1584 3137 6512 2840 309 1275 1364 296 1068 2756 192 132 297
internal_count=16064 9552 6604 3467 711 2948 1584 3137 6512 2840 309 1275 1364 296 1068 2756 192 132 297
cat_boundaries=0 1 2 3
cat_threshold=2923712 917520 24627
is_linear=0
shrinkage=0.03


Tree=103
num_leaves=20
num_cat=1
split_feature=22 22 11 15 19 16 0 26 7 12 33 21 31 24 21 16 16 7 7
split_gain=18.2165 4.38899 2.14798 2.04497 2.21266 2.39224 1.61674 1.36194 1.21179 0.926833 0.909004 0.870783 0.969784 0.748041 0.657413 1.01334 0.774428 0.542238 0.340008
threshold=1370.5000000000002 2425.1300000000006 604.59547837938169 0.9980355542543059 272.65000000000003 0.97364703930971175 0 9.3500000000000032 278.50000000000006 2659.3166666666671 4.4450000000000012 4900.5000000000009 0.099999999999982256 2850.5000000000005 1235.9300000000001 0.89404822654372251 -0.81862078084264434 361.50000000000006 342.50000000000006
decision_type=2 2 2 2 2 2 9 2 2 2 2 2 2 2 2 2 2 2 2
left_child=8 3 11 4 5 -2 10 -6 14 17 -4 12 -3 -8 -1 16 -16 -5 -10
right_child=1 2 6 9 7 -7 13 -9 18 -11 -12 -13 -14 -15 15 -17 -18 -19 -20
leaf_value=-10.57670103502455 -2.3002999397545887 -2.272856707887196 4.0395523360203027 2.6765602480252149 2.0733690009718742 0.6793029789069126 8.0316240360103528 -1.2374568170200091 0.30744536327745986 3.1097237822340777 9.5189073484217204 2.4403563022620403 0.053291250569068534 -1.6592789908130066 -0.26871257225252021 0.30014815809591572 -5.7433807563773076 -2.3541471532890061 -4.308979789260829
leaf_weight=4892 5194 772 132 88 106 380 60 89 156 55 138 83 2095 222 141 140 942 155 224
leaf_count=4892 5194 772 132 88 106 380 60 89 156 55 138 83 2095 222 141 140 942 155 224
internal_value=-0.00142278 -0.000584327 0.000250927 -0.00107383 -0.00120312 -0.00131785 0.00196926 0.00183673 -0.00265086 0.00127425 0.00357651 -5.5914e-05 -0.000158997 0.000133105 -0.0027567 -0.0020049 -0.00231919 0.000270491 -0.000826772
internal_weight=16064 9569 3502 6067 5769 5574 552 195 6495 298 270 2950 2867 282 6115 1223 1083 243 380
internal_count=16064 9569 3502 6067 5769 5574 552 195 6495 298 270 2950 2867 282 6115 1223 1083 243 380
cat_boundaries=0 1
cat_threshold=90147
is_linear=0
shrinkage=0.03


Tree=104
num_leaves=20
num_cat=4
split_feature=22 16 11 16 19 17 16 5 0 24 0 0 7 13 17 21 16 16 0
split_gain=18.4487 4.23531 2.25625 2.12022 2.09083 2.15695 2.22187 2.09618 1.79751 1.63958 1.60173 1.37522 1.18372 0.909593 0.810499 0.671912 0.992493 0.753781 0.474156
threshold=1370.5000000000002 -0.62588817255938378 604.59547837938169 -0.96688789938088693 230.95000000000002 0.99351059783078122 0.95752911693909493 1.0000000180025095e-35 0 1377.5000000000002 1 2 278.50000000000006 1744.9047198267715 0.07411673974326928 1235.9300000000001 0.89404822654372251 -0.81862078084264434 3
decision_type=2 2 2 2 2 2 2 2 9 2 9 9 2 2 2 2 2 2 9
left_child=12 2 3 18 5 6 -3 -7 13 14 -5 -11 15 -4 -6 -1 17 -17 -2
right_child=1 4 8 10 9 7 -8 -9 -10 11 -12 -13 -14 -15 -16 16 -18 -19 -20
leaf_value=-10.259400003973813 0.18534676523458507 -2.334582559520689 2.281787329475887 3.6895020464649684 0.52031596281485171 3.4707998900932564 0.21518462816959874 -0.11246625639850576 -1.1436885678165341 -0.8666943692667477 0.0085985935925349932 0.37462706382133981 -2.6534220371193356 8.930509299176439 4.7556306977421015 -0.26065119508494444 0.29114371335303846 -5.5710793336859892 -4.1363810147098112
leaf_weight=4892 121 4560 89 378 65 73 673 392 174 634 1139 554 380 225 52 141 140 942 440
leaf_count=4892 121 4560 89 378 65 73 673 392 174 634 1139 554 380 225 52 141 140 942 440
internal_value=-0.00139664 -0.000552979 0.000477989 2.45303e-05 -0.000937179 -0.001186 -0.00136301 0.000708154 0.00231288 0.000114854 0.000628458 -0.000184189 -0.00263239 0.00360923 0.00350847 -0.00273708 -0.00198039 -0.00229151 -0.00152669
internal_weight=16064 9569 2566 2078 7003 5698 5233 465 488 1305 1517 1188 6495 314 117 6115 1223 1083 561
internal_count=16064 9569 2566 2078 7003 5698 5233 465 488 1305 1517 1188 6495 314 117 6115 1223 1083 561
cat_boundaries=0 1 2 3 4
cat_threshold=1139747 919640 2395335 1116177
is_linear=0
shrinkage=0.03


Tree=105
num_leaves=20
num_cat=1
split_feature=10 16 14 16 11 10 26 33 15 11 19 22 16 6 14 0 16 33 14
split_gain=18.5356 4.04599 2.79186 2.70631 2.06292 1.87821 1.83048 1.14817 1.11366 0.934065 0.826983 0.765459 0.688775 0.424334 0.338897 0.322929 0.218873 0.356999 0.197554
threshold=1364.3571428571429 -0.68352903331423187 0.91248814248966237 -0.97717844506743556 93.174822826985562 4411.0714285714294 0.45000000000000007 3.0650000000000004 0.99530134160901229 712.7103331630409 70.550000000000011 1370.5000000000002 0.66045618230038983 9.5000000000000018 -0.32614396506100213 0 0.9962888416657264 5.0250000000000012 -0.32614396506100213
decision_type=2 2 2 2 2 2 2 2 2 2 2 2 2 2 2 9 2 2 2
left_child=11 3 4 9 8 7 -6 -5 -3 15 -7 13 14 16 -13 -2 -1 -18 -15
right_child=1 2 -4 5 6 10 -8 -9 -10 -11 -12 12 -14 18 -16 -17 17 -19 -20
leaf_value=-8.3108201220044293 -3.2658559064933548 -1.7245722339782883 -6.7744305287689528 -1.8183573879257795 -1.2373110041650242 3.8994806590922204 0.3714567540813466 1.6432830209090024 1.3053107024686681 1.5577045030880765 11.324721271744743 0.047483468023864307 0.54615351435599824 -3.5365876493885282 -2.1506243603251822 -5.3864162098995338 1.466824517535545 -8.4352276308263452 -4.9960040852601075
leaf_weight=5653 102 1951 613 250 3060 106 1607 1452 53 93 72 51 56 140 251 340 51 101 128
leaf_count=5653 102 1951 613 250 3060 106 1607 1452 53 93 72 51 56 140 251 340 51 101 128
internal_value=-0.00143854 -0.000604331 -0.000959095 0.000447019 -0.000771583 0.000996809 -0.000412597 0.000657075 -0.00158454 -0.00139925 0.00397207 -0.00268937 -0.00111142 -0.00277478 -0.00175248 -0.00201129 -0.00283672 -0.00111765 -0.00126022
internal_weight=16130 9699 7284 2415 6671 1880 4667 1702 2004 535 178 6431 358 6073 302 442 5805 152 268
internal_count=16130 9699 7284 2415 6671 1880 4667 1702 2004 535 178 6431 358 6073 302 442 5805 152 268
cat_boundaries=0 1
cat_threshold=1067025
is_linear=0
shrinkage=0.03


Tree=106
num_leaves=20
num_cat=1
split_feature=21 16 27 16 20 15 21 14 22 12 11 15 12 14 0 17 14 11 18
split_gain=18.0507 3.46433 2.16515 1.89737 1.85284 2.88904 1.73137 1.72089 1.64921 1.40966 0.862034 0.495132 0.698385 0.55935 0.410334 0.175728 0.0687452 0.0311774 0.0284351
threshold=1353.0000000000002 -0.62588817255938378 26.375000000000004 -0.97717844506743556 26.38214285714286 -0.96466008222729416 5527.5000000000009 -0.95754239937548935 1690.5000000000002 1265.2833333333335 712.7103331630409 0.59003219687534991 1807.9333333333336 0.7210268013660811 0 0.71503753411753179 -0.97113884758256674 353.26770462643765 44.949999999999996
decision_type=2 2 2 2 2 2 2 2 2 2 2 2 2 2 9 2 2 2 2
left_child=8 3 4 10 7 -6 9 -3 11 -5 14 16 13 -13 -2 -10 -1 18 -4
right_child=1 2 17 6 5 -7 -8 -9 15 -11 -12 12 -14 -15 -16 -17 -18 -19 -20
leaf_value=-4.2586278781430895 -1.831553790792452 0.22464016787920482 -4.4339111656124572 -1.9142460634581884 3.2091769949030531 -1.6197736508749394 5.4257259134985842 -1.2690153025050195 1.3068986110967296 1.4601921869534649 1.5109733679954445 -7.299791163202908 1.2739831930751491 -0.46410077368317287 -5.3029119266876794 -0.77701828009654916 -8.1929413299567244 -2.7930899025050211 -2.0755430051773622
leaf_weight=133 105 989 580 204 56 80 54 5112 58 1894 93 845 62 102 320 52 5286 51 54
leaf_count=133 105 989 580 204 56 80 54 5112 58 1894 93 845 62 102 320 52 5286 51 54
internal_value=-0.0014311 -0.000596373 -0.000952045 0.000308872 -0.000765631 0.00260584 0.000714816 -0.000848575 -0.00264857 0.00055312 -0.00128902 -0.00271255 -0.00194257 -0.00215823 -0.00190141 0.000675675 -0.00284723 -0.00258018 -0.00268819
internal_weight=16130 9592 6922 2670 6237 136 2152 6101 6538 2098 518 6428 1009 947 425 110 5419 685 634
internal_count=16130 9592 6922 2670 6237 136 2152 6101 6538 2098 518 6428 1009 947 425 110 5419 685 634
cat_boundaries=0 1
cat_threshold=1067088
is_linear=0
shrinkage=0.03


Tree=107
num_leaves=19
num_cat=0
split_feature=10 14 11 12 32 10 27 22 16 7 16 12 27 7 14 7 16 16
split_gain=18.397 4.00466 3.004 1.57656 1.80862 1.59325 1.17305 0.827929 1.52216 0.647461 0.592447 0.582365 0.442096 0.428531 0.3506 0.314152 0.12897 0.0485231
threshold=1364.3571428571429 0.8697513045430848 57.688201256756301 1795.0166666666669 208.35000000000005 1650.0714285714287 24.575000000000006 1251.1550000000002 0.91161058030431363 258.50000000000006 -0.82958102951528834 2553.5333333333338 28.675000000000008 278.50000000000006 -0.98046803196378884 345.50000000000006 -0.76763861105243425 0.9962888416657264
decision_type=2 2 2 2 2 2 2 2 2 2 2 2 2 2 2 2 2 2
left_child=7 2 9 4 -4 -5 -3 13 10 11 12 -2 -9 17 -12 16 -15 -1
right_child=1 6 3 5 -6 -7 -8 8 -10 -11 14 -13 -14 15 -16 -17 -18 -19
leaf_value=-8.5833286108869693 -3.1874665431148821 0.42659606979936182 -2.0730495475215327 2.4649589694941105 0.40788756006259141 -0.012319669011313567 -5.7899665567220699 -2.0376781353165323 0.65842291850960877 0.31887424512820134 -0.91569208609542896 -0.34753885605520274 3.6130559056268203 -13.589956461785631 -4.4479797273302024 -5.3923201182232638 1.3557835342870677 -7.4006145825137208
leaf_weight=5082 734 81 1793 189 406 5411 832 94 83 81 51 172 53 54 706 107 56 145
leaf_count=5082 734 81 1793 189 406 5411 832 94 83 81 51 172 53 54 706 107 56 145
internal_value=-0.00141994 -0.000588867 -0.000386139 -0.000182308 -0.000864546 7.7664e-05 -0.00248797 -0.00266605 -0.00173684 -0.00194939 -0.00211823 -0.00218633 -4.05413e-05 -0.0028259 -0.00246174 -0.00112844 0 -0.00288753
internal_weight=16130 9699 8786 7799 2199 5600 913 6431 987 987 904 906 147 5444 757 217 110 5227
internal_count=16130 9699 8786 7799 2199 5600 913 6431 987 987 904 906 147 5444 757 217 110 5227
is_linear=0
shrinkage=0.03


Tree=108
num_leaves=17
num_cat=2
split_feature=10 14 21 0 23 21 22 17 0 14 6 20 27 14 22 14
split_gain=18.4802 3.8178 2.30597 1.37907 1.17062 0.897211 0.890733 0.803323 0.632547 0.556036 0.395019 0.328916 0.260867 0.257791 0.131997 0.00130436
threshold=1364.3571428571429 0.90892735371523092 2700.5000000000005 0 1370.5000000000002 5500.5000000000009 1251.1550000000002 0.98901092807778201 1 -0.54220184589352438 9.5000000000000018 30.06071428571429 22.075000000000006 -0.32614396506100213 1370.5000000000002 -0.44504625642270151
decision_type=2 2 2 9 2 2 2 2 9 2 2 2 2 2 2 2
left_child=6 2 3 7 -5 8 10 -2 -4 14 -1 12 -11 15 -8 -12
right_child=1 -3 5 4 -6 -7 9 -9 -10 11 13 -13 -14 -15 -16 -17
leaf_value=-8.2983277376023103 -1.8175279279827552 -6.2280118911175686 -0.17985474380031144 1.2989589327498954 -0.32804884516369831 3.6342048902363131 -0.76008938029634765 0.44691565285970297 0.86908163958156526 -1.6179896050758569 -3.7347212871357467 -0.36193716810692295 -2.7771220015181428 -5.2305505146765636 1.0363425888634454 0.3682923052332433
leaf_weight=5218 3602 617 1417 110 2163 88 56 355 1347 116 68 54 710 107 51 51
leaf_count=5218 3602 617 1417 110 2163 88 56 355 1347 116 68 54 710 107 51 51
internal_value=-0.0014125 -0.000579588 -0.000418475 -0.000743862 -0.000128722 0.00027655 -0.00266138 -0.00108266 0.000163833 -0.00170648 -0.0028259 -0.001958 -0.00210762 -0.00120264 0 0
internal_weight=16130 9699 9082 6230 2273 2852 6431 3957 2764 987 5444 880 826 226 107 119
internal_count=16130 9699 9082 6230 2273 2852 6431 3957 2764 987 5444 880 826 226 107 119
cat_boundaries=0 1 2
cat_threshold=57595 3448020
is_linear=0
shrinkage=0.03


Tree=109
num_leaves=20
num_cat=0
split_feature=10 14 11 16 16 16 22 16 16 19 6 14 20 6 14 16 14 16 16
split_gain=17.902 3.8178 2.67542 1.54941 2.14817 1.4879 0.964237 1.44672 0.682923 0.458843 0.544685 0.450227 0.449863 0.374738 0.287546 0.259588 0.257791 0.103063 0.0239022
threshold=1364.3571428571429 0.90892735371523092 57.688201256756301 -0.66528308454101848 -0.97717844506743556 0.96522610578843548 1251.1550000000002 0.91161058030431363 -0.82958102951528834 290.05000000000007 9.5000000000000018 -0.97113884758256674 28.353571428571431 9.5000000000000018 -0.49064630004295678 0.9962888416657264 -0.32614396506100213 -0.72696319516528884 0.99898004730802425
decision_type=2 2 2 2 2 2 2 2 2 2 2 2 2 2 2 2 2 2 2
left_child=6 2 9 4 -4 -5 13 8 12 10 -2 -10 -8 15 -11 -1 17 -15 -17
right_child=1 -3 3 5 -6 -7 7 -9 11 14 -12 -13 -14 16 -16 18 -18 -19 -20
leaf_value=-8.0852939613387775 -2.5402600241726456 -6.0411715343840404 -3.423880111638133 -0.81629933464046001 1.5280667658696705 0.76084671061421627 -1.9391177931172909 0.67128377026380026 -0.43372310562812866 0.43496836116222637 0.30995073586586958 -4.2485089820324351 0.99567771971772479 -13.719140674941031 -0.7506177909745656 -6.8469878778372557 -5.0736339992362707 1.226409995986339 -7.3134041571760733
leaf_weight=5073 827 617 515 5016 1880 648 69 83 56 81 53 701 78 67 62 72 107 52 73
leaf_count=5073 827 617 515 5016 1880 648 69 83 56 81 53 701 78 67 62 72 107 52 73
internal_value=-0.00139948 -0.000579588 -0.000418475 -0.000228537 0.000400667 -0.00050256 -0.00262873 -0.00164575 -0.00201879 -0.00186914 -0.00212826 -0.00238259 0 -0.00279835 0 -0.00285859 -0.00120264 0 -0.0010274
internal_weight=16130 9699 9082 8059 2395 5664 6431 987 904 1023 880 757 147 5444 143 5218 226 119 145
internal_count=16130 9699 9082 8059 2395 5664 6431 987 904 1023 880 757 147 5444 143 5218 226 119 145
is_linear=0
shrinkage=0.03


Tree=110
num_leaves=20
num_cat=3
split_feature=10 21 19 11 16 0 0 11 21 16 0 16 25 25 23 6 25 29 23
split_gain=16.6872 3.39904 2.30067 2.29582 1.78876 1.50629 1.35498 1.309 0.951969 1.44572 0.818673 0.739027 0.692909 0.918915 0.656797 0.535963 0.525385 0.379572 0.365046
threshold=1364.3571428571429 2500.5000000000005 272.65000000000003 378.49564281793624 -0.35846811432664222 0 1 988.080810052527 1251.1550000000002 0.91161058030431363 2 -0.63920832810365547 23.825000000000006 24.075000000000006 4806.0000000000009 9.5000000000000018 24.225000000000005 29.825000000000006 3784.2950000000005
decision_type=2 2 2 2 2 9 9 2 2 2 9 2 2 2 2 2 2 2 2
left_child=8 2 3 4 -2 12 -4 14 15 11 -5 17 18 -14 -7 -1 -8 -10 -3
right_child=1 5 6 10 -6 7 16 -9 9 -11 -12 -13 13 -15 -16 -17 -18 -19 -20
leaf_value=-8.0345931968895865 -0.59145111086332236 -1.4141338646476949 -0.48161038832986847 1.5689723006760985 -2.507518171801713 0.4340010535297612 2.4624968150283011 6.0232845875030305 -1.7568234949836432 1.0774027854024486 -2.4894502284515392 -3.6092231317688945 2.936266139597961 -0.13624712687204121 4.9597386410329403 -2.7360164611298243 4.8135922639415885 0.99980562138662743 -0.3277133828790984
leaf_weight=5141 1490 393 113 375 3938 1451 58 80 171 93 350 706 109 911 96 210 52 56 244
leaf_count=5141 1490 393 113 375 3938 1451 58 80 171 93 350 706 109 911 96 210 52 56 244
internal_value=-0.00139955 -0.000607081 -0.00101192 -0.00112512 -0.00133892 0.000165296 0.00190179 0.000820512 -0.00259266 -0.00163875 0.000413222 -0.00201713 -0.000453238 0 0.000596899 -0.00276682 0.00409091 -0.000289474 -0.00123198
internal_weight=16037 9660 6376 6153 5428 3284 223 1627 6377 1026 725 933 1657 1020 1547 5351 110 227 637
internal_count=16037 9660 6376 6153 5428 3284 223 1627 6377 1026 725 933 1657 1020 1547 5351 110 227 637
cat_boundaries=0 1 2 3
cat_threshold=2923732 587968 202362
is_linear=0
shrinkage=0.03


Tree=111
num_leaves=19
num_cat=1
split_feature=10 14 11 11 25 22 7 21 0 31 24 7 20 31 11 7 14 23
split_gain=16.5539 3.45862 3.10872 1.79547 1.80336 1.22826 1.09898 1.08237 0.9477 0.829881 0.792468 0.678547 0.454573 0.45421 0.345234 0.338549 0.129442 0.0737551
threshold=1364.3571428571429 0.90892735371523092 90.501644288388903 988.080810052527 22.525000000000002 3500.5000000000005 293.50000000000006 1235.9300000000001 0 0.60000000000001519 1197.5000000000002 264.50000000000006 30.232142857142865 0.20000000000001514 151.18578920369092 345.50000000000006 -0.53493989022977317 1350.5000000000002
decision_type=2 2 2 2 2 2 2 2 9 2 2 2 2 2 2 2 2 2
left_child=7 2 6 4 -4 -5 9 11 10 -2 -9 17 16 -8 -13 -16 -10 -1
right_child=1 -3 3 5 -6 -7 13 8 12 -11 -12 14 -14 -15 15 -17 -18 -19
leaf_value=-8.4664588550942419 -0.20017116430545687 -5.8822176109340241 -1.6655277542883531 1.3184481941382558 0.11033676957006744 10.895690420270318 -1.3059478420380226 7.5584370540481824 -0.77740497217856164 -1.7076766151629412 -5.3554067324546759 -6.0771815411452543 1.1896894682921562 1.8286273562801221 2.1578213726604076 -1.8646457327556727 -2.9689927655954578 -3.0632699902337071
leaf_weight=4751 372 617 2299 88 4473 82 61 51 153 1598 56 156 55 70 59 50 995 51
leaf_count=4751 372 617 2299 88 4473 82 61 51 153 1598 56 156 55 70 59 50 995 51
internal_value=-0.00138085 -0.000591554 -0.000437197 -0.000124011 -0.000206851 0.00289474 -0.00145005 -0.00256914 -0.00170481 -0.00163623 0.000711864 -0.00278335 -0.00194728 0.000999999 -0.00101504 0 -0.00209661 -0.00287133
internal_weight=16037 9660 9043 6942 6772 170 2101 6377 1310 1970 107 5067 1203 131 265 109 1148 4802
internal_count=16037 9660 9043 6942 6772 170 2101 6377 1310 1970 107 5067 1203 131 265 109 1148 4802
cat_boundaries=0 1
cat_threshold=655376
is_linear=0
shrinkage=0.03


Tree=112
num_leaves=16
num_cat=1
split_feature=22 14 11 11 0 22 6 12 15 23 17 14 12 22 12
split_gain=16.2244 3.90103 3.30045 2.07759 1.38849 1.14036 1.05707 0.580669 0.77174 0.527597 0.332534 0.284719 0.177859 0.0920113 0.0691231
threshold=1280.5000000000002 0.90892735371523092 55.634864026434549 988.080810052527 0 3500.5000000000005 9.5000000000000018 2553.5333333333338 -0.85225707553516283 1445.5000000000002 -0.7614016681079937 -0.35041564478062465 1633.3645000000004 1200.5000000000002 1555.0500000000002
decision_type=2 2 2 2 9 2 2 2 2 2 2 2 2 2 2
left_child=6 2 7 4 -4 -5 9 10 -9 13 -2 12 -8 -1 -13
right_child=1 -3 3 5 -6 -7 11 8 -10 -11 -12 14 -14 -15 -16
leaf_value=-8.2124650894414142 -0.89264645108260754 -4.9118766548479647 3.2498857048313172 1.8598066021814921 -0.45725900634340394 10.568819707662202 1.8099251203445557 -0.80090667296786233 0.53157816756407483 -0.96884375007191603 -2.883190015934578 -4.5926837226635087 -5.7232072794596514 -3.9044758039161547 -0.73056903506065718
leaf_weight=4799 83 734 275 85 8009 82 75 130 59 77 848 99 88 543 51
leaf_count=4799 83 734 275 85 8009 82 75 130 59 77 848 99 88 543 51
internal_value=-0.00136962 -0.000652048 -0.000484539 -0.000275438 -0.000347255 0.003 -0.00265149 -0.00202052 -0.000221053 -0.00275314 -0.00233691 -0.000745224 0 -0.00278888 -0.00168874
internal_weight=16037 10305 9571 8451 8284 167 5732 1120 189 5419 931 313 163 5342 150
internal_count=16037 10305 9571 8451 8284 167 5732 1120 189 5419 931 313 163 5342 150
cat_boundaries=0 1
cat_threshold=393728
is_linear=0
shrinkage=0.03


Tree=113
num_leaves=18
num_cat=2
split_feature=10 14 11 11 0 0 21 7 21 16 7 6 20 7 16 22 22
split_gain=16.49 4.59463 3.36003 1.77649 1.43329 1.42597 0.690074 0.679649 0.678823 0.881086 0.667742 0.661205 0.57682 0.308626 0.198717 0.104832 0.0783598
threshold=1264.3571428571429 0.90892735371523092 55.634864026434549 407.66466144427585 0 1 2650.5000000000005 258.50000000000006 1251.1550000000002 0.90892735371523092 278.50000000000006 7.5000000000000009 29.003571428571437 345.50000000000006 0.9962888416657264 1002.0000000000001 1322.4400000000003
decision_type=2 2 2 2 9 9 2 2 2 2 2 2 2 2 2 2 2
left_child=8 2 6 5 -5 -4 7 -2 10 12 14 -8 -10 -12 16 -16 -1
right_child=1 -3 3 4 -6 -7 11 -9 9 -11 13 -13 -14 -15 15 -17 -18
leaf_value=-7.9660911367581724 -2.9190735067767566 -4.6475473750107064 2.2828821773384078 2.8935840082611266 -0.27406498671174878 -0.67289246099730804 -0.65349577544659998 0.35633286583181828 -3.1274247527947545 2.8027127119577782 0.80403374700648411 0.62797644235693306 0.23721114940141241 -3.7919703655500516 -10.665181928321191 -2.0272752027157437 -4.3271267343529463
leaf_weight=4721 922 873 424 766 861 6416 122 62 361 52 87 50 61 78 67 63 51
leaf_count=4721 922 873 424 766 861 6416 122 62 361 52 87 50 61 78 67 63 51
internal_value=-0.00135092 -0.000646185 -0.000451372 -0.000238073 0.000641277 -0.000453882 -0.00197321 -0.00228122 -0.00267737 -0.00138316 -0.00278927 0 -0.00189362 -0.000542169 -0.0028556 -0.00103054 -0.00289566
internal_weight=16037 10496 9623 8467 1627 6840 1156 984 5541 474 5067 172 422 165 4902 130 4772
internal_count=16037 10496 9623 8467 1627 6840 1156 984 5541 474 5067 172 422 165 4902 130 4772
cat_boundaries=0 1 2
cat_threshold=83514 1442304
is_linear=0
shrinkage=0.03


Tree=114
num_leaves=17
num_cat=0
split_feature=10 14 12 17 33 14 13 17 7 16 22 7 22 24 12 10
split_gain=16.6784 4.49462 2.62223 3.29339 3.32267 1.64809 1.62801 1.4438 0.631898 0.675976 0.353729 0.322144 0.31732 0.289316 0.0440223 0.00111747
threshold=1264.3571428571429 0.90892735371523092 1795.0166666666669 -0.39629547245636182 6.6800000000000006 0.79383249484937135 1504.8443824913109 0.99683437150207233 278.50000000000006 0.9962888416657264 1298.5000000000002 345.50000000000006 1097.5000000000002 2600.5000000000005 1578.4333333333336 1178.6428571428576
decision_type=2 2 2 2 2 2 2 2 2 2 2 2 2 2 2 2
left_child=8 2 3 4 -2 7 -5 -4 9 10 -1 14 -11 -7 -10 -12
right_child=1 -3 5 6 -6 13 -8 -9 11 12 15 -13 -14 -15 -16 -17
leaf_value=-7.6175749843346869 -0.070047994549222475 -4.5081209537603879 -0.010113127114731325 0.11143825820033383 5.2987175783393514 -3.0395554275566119 -2.6958541129186271 0.99540809313113199 1.5955638392022298 -8.2111195807400605 -1.3338972683799579 -3.5399598071196605 4.1769746063463273 -0.48597268071096184 -2.9939407646472 -2.5720678827158077
leaf_weight=4909 768 873 5506 404 59 342 2202 195 50 82 80 123 56 147 54 187
leaf_count=4909 768 873 5506 404 59 342 2202 195 50 82 80 123 56 147 54 187
internal_value=-0.00134344 -0.000634754 -0.000442021 -0.00110775 0.000499999 -6.54183e-05 -0.00163521 7.05009e-05 -0.00267737 -0.00274826 -0.00280529 -0.00081579 -0.000280576 -0.00173878 2.85707e-05 -0.00136567
internal_weight=16037 10496 9623 3433 827 6190 2606 5701 5541 5314 5176 227 138 489 104 267
internal_count=16037 10496 9623 3433 827 6190 2606 5701 5541 5314 5176 227 138 489 104 267
is_linear=0
shrinkage=0.03


Tree=115
num_leaves=20
num_cat=1
split_feature=21 21 11 16 17 16 11 0 17 19 16 22 12 12 23 31 31 16 16
split_gain=16.1575 3.91408 1.66021 2.06117 3.92765 2.51899 1.61812 1.45413 0.801896 0.826442 0.659594 0.534364 0.532826 0.502046 0.965288 0.490151 0.946838 0.6305 0.456231
threshold=1353.0000000000002 2500.5000000000005 56.694670951464111 0.94911049632748046 0.052657569964411031 0.10837544681456425 341.61609311558942 0 0.52766346590117863 239.95000000000002 0.9962888416657264 1200.5000000000002 1243.8000000000004 2007.7833333333335 1200.5000000000002 74.150000000000006 63.399999999999999 1.0000000180025095e-35 1.0000000180025095e-35
decision_type=2 2 2 2 2 2 2 9 2 2 2 2 2 2 2 2 2 2 2
left_child=6 2 -2 5 -5 -4 10 15 9 -9 11 -1 -12 14 -8 16 -3 -17 -10
right_child=1 7 3 4 -6 -7 13 8 18 -11 12 -13 -14 -15 -16 17 -18 -19 -20
leaf_value=-7.4985811531253876 -2.814820947395952 -0.2196085865814684 -0.60134213109092693 -2.3897816467873985 3.1161225867367315 -2.1733571552918298 -3.5483865271975845 2.8582508810165583 0.84488052553454385 0.066007905037242243 -8.8837959805152611 -3.5322379832918442 2.6356646180577337 -7.5710446213267595 2.4037509557388863 1.0675142714732009 0.45470916567789793 -0.95378422476315128 -0.64964552929891284
leaf_weight=4774 795 1452 2725 277 187 2238 54 698 268 347 84 1359 65 59 90 50 62 207 171
leaf_count=4774 795 1452 2725 277 187 2238 54 698 268 347 84 1359 65 59 90 50 62 207 171
internal_value=-0.00137888 -0.000583035 -0.00102539 -0.000824614 0.00103871 -0.00100806 -0.00253469 0.000248771 0.00094515 0.00140535 -0.00261993 -0.00266938 -0.000280001 0 0.00105517 -0.000313132 -7.72284e-05 -0.00153488 -2.72734e-05
internal_weight=15962 9477 6222 5427 464 4963 6485 3255 1484 1045 6282 6133 149 203 144 1771 1514 257 439
internal_count=15962 9477 6222 5427 464 4963 6485 3255 1484 1045 6282 6133 149 203 144 1771 1514 257 439
cat_boundaries=0 1
cat_threshold=2921712
is_linear=0
shrinkage=0.03


Tree=116
num_leaves=20
num_cat=1
split_feature=21 21 14 15 13 25 0 7 27 16 23 19 12 14 31 31 16 29 23
split_gain=16.0515 3.63842 1.64434 1.36554 2.4783 2.29593 1.35398 1.2107 0.855733 0.848428 0.817802 0.746661 0.634889 0.493098 0.474402 0.725157 0.6305 0.415164 0.380674
threshold=1353.0000000000002 2500.5000000000005 0.8697513045430848 -0.24372464231556024 1611.946723571986 22.375000000000004 0 258.50000000000006 24.075000000000006 0.9962888416657264 4750.5000000000009 52.450000000000003 1243.8000000000004 -0.77245553105869302 74.150000000000006 63.399999999999999 1.0000000180025095e-35 21.025000000000002 1475.5000000000002
decision_type=2 2 2 2 2 2 9 2 2 2 2 2 2 2 2 2 2 2 2
left_child=7 2 3 4 -2 -5 14 9 -4 18 13 -12 -11 -8 15 -3 -16 -9 -1
right_child=1 6 8 5 -6 -7 10 17 -10 12 11 -13 -14 -15 16 -17 -18 -19 -20
leaf_value=-6.0489925040085444 0.10929063904386707 -0.21302032898401824 0.58326493620021469 -2.3491244324412395 -2.7474351620536153 0.19845867850028012 2.0657272896173806 0.57415709024833372 -3.7505103592137652 -8.6172821010998035 1.9329783361480368 10.606528140436524 2.5180017790661759 0.12896580278297487 1.0354888433289942 0.44106789070756569 -0.92517069802025409 -2.5073299035102345 -1.7699641857929422
leaf_weight=5662 639 1452 52 1800 1280 1738 558 101 713 84 57 69 66 800 50 62 207 415 157
leaf_count=5662 639 1452 52 1800 1280 1738 558 101 713 84 57 69 66 800 50 62 207 415 157
internal_value=-0.00138264 -0.000589366 -0.00101575 -0.000820081 -0.001475 -0.000451823 0.000211916 -0.00253469 -0.00234987 -0.0026603 0.000884949 0.00328346 -9.93385e-05 0.000633553 -0.000329967 -9.70304e-05 -0.00153488 -0.000992264 -0.00271856
internal_weight=15962 9477 6222 5457 1919 3538 3255 6485 765 5969 1484 126 150 1358 1771 1514 257 516 5819
internal_count=15962 9477 6222 5457 1919 3538 3255 6485 765 5969 1484 126 150 1358 1771 1514 257 516 5819
cat_boundaries=0 1
cat_threshold=2921712
is_linear=0
shrinkage=0.03


Tree=117
num_leaves=20
num_cat=3
split_feature=21 21 16 16 7 11 0 0 33 22 16 19 14 7 26 7 32 14 0
split_gain=15.7745 3.48548 1.92882 2.70104 3.8764 1.41692 1.3808 1.25626 1.42074 0.89235 1.05537 0.841878 0.822152 0.727013 0.662641 0.776248 0.589816 0.92748 0.470398
threshold=1353.0000000000002 2676.0400000000004 0.10837544681456425 0.95752911693909493 44.500000000000007 341.61609311558942 0 1 3.3650000000000007 1151.5000000000002 0.95752911693909493 189.75000000000003 -0.98370366633421236 258.50000000000006 6.3500000000000005 341.50000000000006 166.55000000000004 -0.89406062840022227 2
decision_type=2 2 2 2 2 2 9 9 2 2 2 2 2 2 2 2 2 2 9
left_child=5 2 7 12 -5 9 16 11 -9 -1 13 -2 -4 -11 15 -8 17 -3 -16
right_child=1 6 3 4 -6 -7 14 8 -10 10 -12 -13 -14 -15 18 -17 -18 -19 -20
leaf_value=-7.8421539434113718 -1.7605106872710652 5.5724069098852533 0.40471440887921728 3.5940052040928658 -1.6565627377234862 -0.049819930737161316 2.829284624325406 1.4382499975362468 -0.69814332997329465 -3.8447782591934216 0.75814372941580555 1.2636609638745435 -2.1128326044972874 -0.61137151391798017 -1.0138818571394532 -0.9785549487807671 -0.66664380904117393 -0.072570793488982183 1.0364942035430904
leaf_weight=4431 1404 118 73 118 462 203 853 486 1081 1556 101 137 2779 194 124 83 773 862 124
leaf_count=4431 1404 118 73 118 462 203 853 486 1081 1556 101 137 2779 194 124 83 773 862 124
internal_value=-0.00136948 -0.000583035 -0.000970036 -0.00146548 0.000335628 -0.00251156 0.000263444 -0.000408171 0.0001673 -0.00259128 -0.00195356 -0.00101675 -0.00184753 -0.00213307 0.0010569 0.00143757 -0.000251701 0.000198776 -0.000156627
internal_weight=15962 9477 6540 3432 580 6485 2937 3108 1567 6282 1851 1541 2852 1750 1184 936 1753 980 248
internal_count=15962 9477 6540 3432 580 6485 2937 3108 1567 6282 1851 1541 2852 1750 1184 936 1753 980 248
cat_boundaries=0 1 2 3
cat_threshold=3985648 582820 3075
is_linear=0
shrinkage=0.03


Tree=118
num_leaves=20
num_cat=2
split_feature=21 21 16 16 17 11 0 0 33 14 22 16 14 26 21 23 33 19 17
split_gain=15.8557 3.32768 1.93768 2.41875 2.23286 1.41161 1.26047 1.17641 1.4673 0.961579 0.875367 1.05537 0.825648 0.67896 0.844801 0.820082 0.650094 0.64895 0.708077
threshold=1353.0000000000002 2676.0400000000004 0.10837544681456425 0.94496830006774635 0.052657569964411031 341.61609311558942 0 1 3.3650000000000007 -0.85227431625818906 1151.5000000000002 0.95752911693909493 -0.98370366633421236 0.95000000000000007 3200.5000000000005 2845.0050000000006 8.3850000000000033 303.85000000000008 0.58481854963323687
decision_type=2 2 2 2 2 2 9 9 2 2 2 2 2 2 2 2 2 2 2
left_child=5 2 7 12 -5 10 13 9 -9 -2 -1 16 -4 14 -3 -15 -12 18 -8
right_child=1 6 3 4 -6 -7 17 8 -10 -11 11 -13 -14 15 -16 -17 -18 -19 -20
leaf_value=-7.6068893251090293 0.8395428551930626 -1.7956812660163248 0.39257297661284052 -2.2993309313092629 1.4955966228782973 -0.048325332815046577 3.0689867496550352 1.4296186999809604 -0.63055881395374136 -1.8242970606002769 -3.5814507091332386 0.73539941753332838 -2.1586637996642026 0.091868408001928067 1.1355058141153611 -0.93199780386284348 0.4753026966272268 -0.52150648396478494 0.010121979552419618
leaf_weight=4431 222 279 73 403 297 203 685 483 1084 1319 1693 101 2659 165 731 562 57 209 306
leaf_count=4431 222 279 73 403 297 203 685 483 1084 1319 1693 101 2659 165 731 562 57 209 306
internal_value=-0.00136196 -0.000573539 -0.00095169 -0.00144801 6.41933e-05 -0.00250694 0.000253233 -0.000388872 0.0001673 -0.000978093 -0.0025865 -0.00195356 -0.00185181 -0.000243708 0.000222551 -0.000956045 -0.00213307 0.0010033 0.00134274
internal_weight=15962 9477 6540 3432 700 6485 2937 3108 1567 1541 6282 1851 2732 1737 1010 727 1750 1200 991
internal_count=15962 9477 6540 3432 700 6485 2937 3108 1567 1541 6282 1851 2732 1737 1010 727 1750 1200 991
cat_boundaries=0 1 2
cat_threshold=2939120 62628
is_linear=0
shrinkage=0.03


Tree=119
num_leaves=20
num_cat=2
split_feature=21 21 7 13 0 17 31 14 0 23 14 32 22 14 33 7 25 25 27
split_gain=15.7279 3.48453 1.72432 1.61474 1.65734 1.56766 1.63322 1.4852 1.2403 1.05123 0.794728 0.774028 0.697297 0.660934 0.646455 0.624333 0.563605 0.539668 1.36758
threshold=1347.5000000000002 2500.5000000000005 258.50000000000006 1764.4121654207863 0 -0.52765736634565841 0.39999999999998231 -0.85227431625818906 1 1492.0000000000002 -0.33425342068356556 225.45000000000002 1151.5000000000002 0.022575936829235418 8.3850000000000033 260.50000000000006 23.575000000000006 23.825000000000006 24.325000000000006
decision_type=2 2 2 2 9 2 2 2 9 2 2 2 2 2 2 2 2 2 2
left_child=9 2 5 7 -5 16 -7 -4 17 12 11 -10 -1 -12 15 -14 -2 -3 -19
right_child=1 8 3 4 -6 6 -8 -9 10 -11 13 -13 14 -15 -16 -17 -18 18 -20
leaf_value=-7.4777398232589603 0.241090207841993 -0.63645089975374636 0.3563352431451528 2.469189443528681 -0.98509889631374337 -0.12673079380056407 -1.7250561817970287 -4.2715743977849501 3.3507871341889244 -1.0120635892718715 -0.94585226515613685 0.018240468789527405 -3.7049848108267898 1.3386352521644682 0.58155422774828203 -0.73728637669722086 -3.5406269555790502 2.9264977838992721 -0.5374520888058878
leaf_weight=4418 60 756 482 371 398 1436 1935 821 621 228 192 378 1344 177 52 153 1009 332 799
leaf_count=4418 60 756 482 371 398 1436 1935 821 621 228 192 378 1344 177 52 153 1009 332 799
internal_value=-0.00135257 -0.000596438 -0.000998158 -0.000256151 0.000802597 -0.00133416 -0.000992883 -0.000915645 0.000193488 -0.00253712 0.000885424 0.001338 -0.00261495 -0.000194595 -0.00196258 -0.00208678 -0.00236636 -0.000287672 9.01053e-05
internal_weight=15962 9767 6512 2072 769 4440 3371 1303 3255 6195 1368 999 5967 369 1549 1497 1069 1887 1131
internal_count=15962 9767 6512 2072 769 4440 3371 1303 3255 6195 1368 999 5967 369 1549 1497 1069 1887 1131
cat_boundaries=0 1 2
cat_threshold=1640538 3970288
is_linear=0
shrinkage=0.03


Tree=120
num_leaves=20
num_cat=0
split_feature=22 24 19 15 16 11 26 33 19 19 17 21 11 11 20 7 16 16 16
split_gain=16.4326 3.84472 1.80192 2.02853 2.19763 1.42891 2.22819 1.40869 1.3662 2.00856 1.61547 1.18468 1.14572 1.02787 0.794166 0.787374 0.675889 0.551287 0.712169
threshold=1280.5000000000002 2277.5000000000005 232.85000000000005 0.99748108949426018 -0.38342031270350613 100.00000000000377 1.7500000000000002 3.5850000000000004 16.850000000000005 74.050000000000026 -0.60383963676313723 1235.9300000000001 988.080810052527 306.58965048375165 24.589285714285719 51.500000000000007 0.4737060765891063 0.94911049632748046 -0.67246555226382421
decision_type=2 2 2 2 2 2 2 2 2 2 2 2 2 2 2 2 2 2 2
left_child=11 2 3 4 -2 16 -7 -5 12 10 -10 13 15 -1 -11 -3 -4 18 -13
right_child=1 8 5 7 -6 6 -8 -9 9 14 -12 17 -14 -15 -16 -17 -18 -19 -20
leaf_value=-6.7273936980395384 -0.49914369660376512 1.069697895235916 0.81470293997621723 1.2833040215849665 -2.3385311680699443 -2.6607574702135284 2.9720565761237285 -0.64356997085785672 6.1952258410720518 0.52402415513970291 2.7867434710498178 0.24606997066159048 6.7285571530484756 0.32387925858340244 -0.50928718612405099 -1.8786898118087756 -3.1983677638559498 1.1436310154295746 -3.1490314293252868
leaf_weight=4890 1640 260 51 133 3755 106 190 212 95 1198 394 150 65 84 828 1205 165 67 573
leaf_count=4890 1640 260 51 133 3755 106 190 212 95 1198 394 150 65 84 828 1205 165 67 573
internal_value=-0.00130108 -0.000577394 -0.00104446 -0.00119927 -0.00134544 0.000602338 0.0020101 0.000953757 0.000133464 0.000572336 0.00230204 -0.00258578 -0.000558459 -0.00276724 0.000131721 -0.000757163 -0.00111982 -0.00138432 -0.00164917
internal_weight=16061 10297 6252 5740 5395 512 296 345 4045 2515 489 5764 1530 4974 2026 1465 216 790 723
internal_count=16061 10297 6252 5740 5395 512 296 345 4045 2515 489 5764 1530 4974 2026 1465 216 790 723
is_linear=0
shrinkage=0.03


Tree=121
num_leaves=19
num_cat=1
split_feature=22 14 10 0 16 20 32 21 16 6 15 28 17 23 13 14 10 10
split_gain=16.5026 3.87592 2.28092 1.80769 1.31857 3.00538 1.20184 1.16059 1.15719 1.11593 0.856235 0.63733 1.95985 1.44714 0.242845 0.119107 0.0770086 0.0369632
threshold=1280.5000000000002 0.90892735371523092 2478.7857142857147 0 -0.72696319516528884 25.06071428571429 4.7499999999999982 1235.9300000000001 -0.11798870221290077 11.500000000000002 0.99748108949426018 25.875000000000004 -0.44697929599948477 1210.5000000000002 1448.2751169720641 -0.73282214301478099 1003.357142857143 1392.2857142857144
decision_type=2 2 2 9 2 2 2 2 2 2 2 2 2 2 2 2 2 2
left_child=7 2 3 10 5 -4 -5 9 -6 17 -2 14 -13 -14 -9 -16 -11 -1
right_child=1 -3 4 6 8 -7 -8 11 -10 16 -12 12 13 -15 15 -17 -18 -19
leaf_value=-6.5253758851906625 -1.7680942753297708 -3.6807328338416943 1.2821216045845167 0.44550962136243888 -1.5393511728737292 9.1642594734915548 -0.98828534875239837 -0.36762643383348026 0.13024474815859616 -10.153624541231364 0.5248079754355286 -3.4118323139188753 -0.75644474350015078 3.6842832618889809 -1.4077915058875254 -3.5624351233474378 0.36955708995264841 -6.3651601565535829
leaf_weight=4788 2773 746 1150 1111 826 52 2165 51 1292 51 182 163 66 52 53 405 80 55
leaf_count=4788 2773 746 1150 1111 826 52 2165 51 1292 51 182 163 66 52 53 405 80 55
internal_value=-0.00128801 -0.000562828 -0.000394473 -0.000734596 0.000230352 0.00102992 -0.000229085 -0.00257537 -0.000202455 -0.00275518 -0.00127444 -0.00138432 -6.38305e-05 0.00269748 -0.00202353 -0.00224183 0 -0.00282907
internal_weight=16061 10297 9551 6231 3320 1202 3276 5764 2118 4974 2955 790 281 118 509 458 131 4843
internal_count=16061 10297 9551 6231 3320 1202 3276 5764 2118 4974 2955 790 281 118 509 458 131 4843
cat_boundaries=0 1
cat_threshold=49385
is_linear=0
shrinkage=0.03


Tree=122
num_leaves=20
num_cat=3
split_feature=22 10 0 19 13 7 21 0 6 7 0 27 25 20 25 17 23 18 18
split_gain=16.5243 3.20577 1.79502 1.56213 1.64659 1.38259 1.22878 1.1784 1.11101 0.848795 0.863042 0.690606 3.74894 0.758929 0.595413 1.95985 1.44714 0.561027 0.715795
threshold=1280.5000000000002 2478.7857142857147 0 232.85000000000005 1645.8481998559887 5.5000000000000009 1235.9300000000001 1 11.500000000000002 214.50000000000003 2 23.025000000000002 22.575000000000006 31.025000000000006 25.875000000000004 -0.44697929599948477 1210.5000000000002 89.399999999999991 54.65000000000002
decision_type=2 2 9 2 2 2 2 9 2 2 9 2 2 2 2 2 2 2 2
left_child=6 2 11 5 -5 -4 8 17 -1 -9 -11 12 -2 -13 -8 -16 -17 18 -3
right_child=1 7 3 4 -6 -7 14 9 -10 10 -12 13 -14 -15 15 16 -18 -19 -20
leaf_value=-6.3291246111088597 -2.468361295637453 -0.41280601373519382 1.1942250227645197 5.5069765270376401 -0.074540446692374973 -1.2810750324248843 -2.6023560249032149 -0.32701302392621284 -0.38334396934992376 0.48616219628337631 4.6633502493705645 -2.0691176413376735 1.852758994200383 1.8857102843422417 -3.3094773445013077 -0.73375140119514493 3.5737547640323095 -0.95013547840244605 0.37211903434068971
leaf_weight=4843 864 1387 118 98 175 3549 509 414 131 777 407 1947 164 53 163 66 52 166 178
leaf_count=4843 864 1387 118 98 175 3549 509 414 131 777 407 1947 164 53 163 66 52 166 178
internal_value=-0.0012768 -0.000551176 -0.00091821 -0.000474564 0.00166423 -0.000647765 -0.00256496 0.000203603 -0.00274915 0.000796146 0.00121772 -0.00147384 -0.000766765 -0.00182159 -0.0013464 -6.38305e-05 0.00269748 -0.000320322 -0.000114943
internal_weight=16061 10297 6968 3940 273 3667 5764 3329 4974 1598 1184 3028 1028 2000 790 281 118 1731 1565
internal_count=16061 10297 6968 3940 273 3667 5764 3329 4974 1598 1184 3028 1028 2000 790 281 118 1731 1565
cat_boundaries=0 1 2 3
cat_threshold=49377 3456196 540721
is_linear=0
shrinkage=0.03


Tree=123
num_leaves=19
num_cat=1
split_feature=21 14 16 16 11 33 11 10 0 21 14 20 16 15 14 13 33 33
split_gain=15.9531 3.30941 2.36801 1.89924 1.88181 1.85623 1.89825 1.78645 0.777491 0.583831 0.50997 0.670017 0.377669 0.345085 0.173942 0.128646 0.06263 0.0491359
threshold=1277.5000000000002 0.90892735371523092 -0.62588817255938378 -0.97717844506743556 306.58965048375165 6.6800000000000006 84.399136685611538 4411.0714285714294 0 1125.5000000000002 0.91248814248966237 21.753571428571433 0.98213580174693105 0.91852788691372023 0.99552231814189451 1448.2751169720641 1.5250000000000001 3.6750000000000003
decision_type=2 2 2 2 2 2 2 2 9 2 2 2 2 2 2 2 2 2
left_child=4 2 3 8 9 6 -4 -5 -2 13 11 -6 15 16 -3 -11 -1 -15
right_child=1 14 5 7 10 -7 -8 -9 -10 12 -12 -13 -14 17 -16 -17 -18 -19
leaf_value=-4.316893624827812 -4.5175604052589788 -3.9359770555360947 -1.3029055888812011 0.41778841505682335 -3.7254013659265452 3.192027774786403 -0.47902502932998847 8.940382352269582 -0.21253607962819637 -1.3927183947107318 -6.374797217333966 2.4843111149628663 -0.60467874484501283 -2.0989121261977708 -0.91279420786035304 -3.2668521836061513 -8.4752428634923316 -4.2673385648317259
leaf_weight=53 256 626 1883 2006 64 57 4966 189 277 133 51 79 79 50 92 1183 3941 76
leaf_count=53 256 626 1883 2006 64 57 4966 189 277 133 51 79 79 50 92 1183 3941 76
internal_value=-0.00124879 -0.000541003 -0.000388895 0.000348479 -0.00252399 -0.000686695 -0.000737519 0.000751365 -0.00122472 -0.0026269 0.00016923 0.00129167 -0.00197708 -0.00283548 -0.002516 -0.00209795 -0.00289036 -0.000732284
internal_weight=16061 10352 9634 2728 5709 6906 6849 2195 533 5515 194 143 1395 4120 718 1316 3994 126
internal_count=16061 10352 9634 2728 5709 6906 6849 2195 533 5515 194 143 1395 4120 718 1316 3994 126
cat_boundaries=0 1
cat_threshold=2724968
is_linear=0
shrinkage=0.03


Tree=124
num_leaves=20
num_cat=0
split_feature=22 16 27 20 21 16 19 10 23 32 18 16 12 21 16 16 6 16 17
split_gain=15.7191 3.12351 2.51609 2.28951 2.25569 2.03644 1.751 1.39227 1.21598 1.14139 1.09913 0.885756 0.564825 0.535109 0.694425 0.432927 0.311444 0.268124 0.210818
threshold=1280.5000000000002 -0.62588817255938378 26.375000000000004 26.38214285714286 2245.5000000000005 -0.97717844506743556 232.85000000000005 4411.0714285714294 1253.0000000000002 114.25000000000001 1.7000000000000155 -0.65234524191686594 2460.1333333333337 1100.5000000000002 0.9962888416657264 0.84660111278280559 11.500000000000002 -0.98803388382128665 -0.96235810494626717
decision_type=2 2 2 2 2 2 2 2 2 2 2 2 2 2 2 2 2 2 2
left_child=8 5 3 6 -5 12 -3 10 13 -9 -7 -10 -2 16 -15 18 -1 -14 -13
right_child=1 2 -4 4 -6 7 -8 9 11 -11 -12 15 17 14 -16 -17 -18 -19 -20
leaf_value=-8.5626363389230384 -4.8848702018291448 -1.228826282295471 -2.8046496607042548 -0.93497919923460704 3.6440942608862699 1.8906091098599043 0.098556327083209258 3.8368451085644102 2.3412105758454596 11.641270108176219 -0.23628264828528764 -0.66808633840092535 0.0016932714608545619 -2.7223258058664368 3.3548113753346165 0.27485844231037138 -4.2447154053490106 -7.5574788371239254 -4.089771192845256
leaf_weight=3801 198 5222 901 76 71 1021 1314 139 91 50 967 54 279 1277 50 62 85 59 344
leaf_count=3801 198 5222 901 76 71 1021 1314 139 91 50 967 54 279 1277 50 62 85 59 344
internal_value=-0.00123571 -0.00052787 -0.000842057 -0.000631958 0.003 0.000333824 -0.000720974 0.00075482 -0.00249211 0.00325263 0.000493212 -0.00101087 -0.0012905 -0.00263982 -0.00199247 -0.00159436 -0.00284873 -0.000380532 -0.00197744
internal_weight=16061 10297 7584 6683 147 2713 6536 2177 5764 189 1988 551 536 5213 1327 460 3886 338 398
internal_count=16061 10297 7584 6683 147 2713 6536 2177 5764 189 1988 551 536 5213 1327 460 3886 338 398
is_linear=0
shrinkage=0.03


Tree=125
num_leaves=20
num_cat=4
split_feature=10 16 16 21 13 7 33 18 0 23 22 12 20 0 0 16 22 16 0
split_gain=15.5411 3.8861 2.55205 2.36732 2.22906 2.15188 1.58846 1.48139 1.19482 1.22661 1.19309 1.1124 0.979422 0.841142 0.77434 0.756711 0.7398 0.629817 0.338228
threshold=1264.3571428571429 -0.68352903331423187 -0.96688789938088693 1827.5000000000002 1406.8849694649532 3.5000000000000004 3.0450000000000004 37.450000000000017 0 1725.9400000000003 1125.5000000000002 3308.7166666666672 25.325000000000006 1 2 -0.14250758662009075 1650.5000000000002 0.98213580174693105 3
decision_type=2 2 2 2 2 2 2 2 9 2 2 2 2 9 9 2 2 2 9
left_child=10 2 11 4 -3 -6 16 -8 12 -10 -1 18 -5 15 -13 -12 -4 -15 -2
right_child=1 3 6 8 5 -7 7 -9 9 -11 13 14 -14 17 -16 -17 -18 -19 -20
leaf_value=-6.8057572487553459 -1.9841423361232007 2.7237375885722064 1.6913742873203135 0.013709096937366461 3.5202629039660871 -2.4286425413198502 1.9071382591646597 6.1383391487516814 1.7391262134155168 -0.76253676190304243 1.2040886781528621 3.0368995218678352 1.6510681956089748 -2.6871744894468672 -1.008178101937478 -3.2055953195989 -2.5690439669198994 0.93283220755529583 -4.3962000446199454
leaf_weight=4100 110 62 58 985 51 3450 1463 59 126 3143 99 103 200 1108 195 143 171 70 356
leaf_count=4100 110 62 58 985 51 3450 1463 59 126 3143 99 103 200 1108 195 143 171 70 356
internal_value=-0.00122164 -0.000540303 0.000476947 -0.000865054 -0.00144613 -0.00155568 0.00111986 0.00148326 -0.0003899 -0.000689635 -0.00251313 -0.000937256 0.000401337 -0.0016784 0.000371237 0 -0.00109565 -0.00200084 -0.00186938
internal_weight=16052 10532 2515 8017 3563 3501 1751 1522 4454 3269 5520 764 1185 1420 298 242 229 1178 466
internal_count=16052 10532 2515 8017 3563 3501 1751 1522 4454 3269 5520 764 1185 1420 298 242 229 1178 466
cat_boundaries=0 1 2 3 4
cat_threshold=2037248 725008 1056803 1050650
is_linear=0
shrinkage=0.03


Tree=126
num_leaves=20
num_cat=1
split_feature=22 14 11 25 13 27 23 0 23 13 12 16 11 15 15 16 25 27 23
split_gain=14.9244 3.30136 3.6247 1.44641 3.00624 2.12885 1.18918 0.748967 0.761648 0.610043 0.692925 0.603451 0.536583 0.278159 0.385219 0.284669 0.181987 0.117336 0.0935385
threshold=1280.5000000000002 0.90892735371523092 62.678317052764775 22.225000000000005 1714.8010801203175 22.425000000000004 1125.5000000000002 0 1280.5000000000002 1522.76362762945 2735.7500000000005 0.98519415784776321 416.17129796912735 0.63089349388778826 0.71353761266622884 -0.69752561024365023 24.475000000000005 24.825000000000006 1200.5000000000002
decision_type=2 2 2 2 2 2 2 9 2 2 2 2 2 2 2 2 2 2 2
left_child=6 2 9 4 -4 -5 13 8 18 16 -11 12 -9 -1 -15 -16 -2 -3 -8
right_child=1 17 3 5 -6 -7 7 11 -10 10 -12 -13 -14 14 15 -17 -18 -19 -20
leaf_value=-6.7605044744013139 0.75884504373307937 -2.337995081918296 -3.7777700783211858 2.739643038718572 -0.023969198343170812 -0.020088464513350748 -1.2189506890843758 -3.1024808443137566 4.5302183595877885 -2.2700258692329922 -0.012239892218056833 2.1575134373539777 0.51152868102283044 0.74583110099492755 -2.2090068874264097 -5.0649151801452801 -1.3263256156162795 -3.6591167401035705 -3.92526212422817
leaf_weight=3678 50 57 798 355 1618 5506 107 1314 58 1044 130 55 51 56 66 270 88 694 57
leaf_count=3678 50 57 798 355 1618 5506 107 1314 58 1044 130 55 51 56 66 270 88 694 57
internal_value=-0.0012179 -0.000532348 -0.000376643 -0.00013844 -0.000758379 0.000109518 -0.00245073 -0.00169264 0 -0.00184387 -0.00206553 -0.0019392 -0.00208638 -0.00274503 -0.00165649 -0.00205638 0 -0.00245745 -0.00107273
internal_weight=16052 10340 9589 8277 2416 5861 5712 1642 222 1312 1174 1420 1365 4070 392 336 138 751 164
internal_count=16052 10340 9589 8277 2416 5861 5712 1642 222 1312 1174 1420 1365 4070 392 336 138 751 164
cat_boundaries=0 1
cat_threshold=1704464
is_linear=0
shrinkage=0.03


Tree=127
num_leaves=20
num_cat=1
split_feature=10 14 11 25 13 7 22 0 12 13 18 17 12 7 33 17 24 24 27
split_gain=15.2482 3.66262 3.8712 1.63207 2.79969 1.7405 1.10211 0.841142 0.699672 0.654075 0.648674 0.435822 0.568624 0.21799 0.231026 0.191261 0.0173615 0.0554013 0.0451746
threshold=1264.3571428571429 0.90892735371523092 62.678317052764775 22.225000000000005 1714.8010801203175 47.500000000000007 1125.5000000000002 0 2502.9166666666674 1670.1793434611566 65.750000000000043 0.80417972082707845 1310.8833333333334 329.50000000000006 4.9050000000000011 0.99138911339924218 1300.5000000000002 1250.5000000000002 24.825000000000006
decision_type=2 2 2 2 2 2 2 9 2 2 2 2 2 2 2 2 2 2 2
left_child=6 2 8 4 -4 -5 15 11 9 -2 -10 12 -8 14 -9 -1 17 -3 -18
right_child=1 16 3 5 -6 -7 7 13 10 -11 -12 -13 -14 -15 -16 -17 18 -19 -20
leaf_value=-6.6016802246646771 -0.78316322325187593 -1.9388671263949462 -3.8748414237162594 1.1560450113043406 -0.072155041502640391 0.0083682146267215225 1.5360897277845453 -2.9760192514827932 0.43447134629883283 -2.8652927197239397 -0.45482172352326161 -3.9030030719271314 -3.2582519138002066 -0.23445481326009243 -2.0069750214434583 -0.73472014992567558 -2.3867979556361112 -1.0866866941902411 -3.7862284362907683
leaf_weight=4045 363 57 841 466 1659 5312 112 660 58 777 162 73 57 52 466 55 68 55 714
leaf_count=4045 363 57 841 466 1659 5312 112 660 58 777 162 73 57 52 466 55 68 55 714
internal_value=-0.00120669 -0.000531758 -0.000355743 -0.000106173 -0.000749701 0.000164561 -0.00248596 -0.0016784 -0.00184056 -0.00214286 -6.7874e-05 0 0.000811764 -0.00200084 -0.00210559 -0.00275421 -0.00237654 -0.000982302 -0.00251724
internal_weight=16052 10532 9638 8278 2500 5778 5520 1420 1360 1140 220 242 169 1178 1126 4100 894 112 782
internal_count=16052 10532 9638 8278 2500 5778 5520 1420 1360 1140 220 242 169 1178 1126 4100 894 112 782
cat_boundaries=0 1
cat_threshold=725008
is_linear=0
shrinkage=0.03


Tree=128
num_leaves=20
num_cat=1
split_feature=21 11 33 33 12 15 11 10 25 19 6 22 0 17 25 21 23 21 27
split_gain=15.463 3.04512 2.84105 2.36644 2.34377 1.585 1.36664 1.20732 0.93581 0.663676 0.780061 0.406203 0.338013 0.232523 0.212273 0.21089 0.127366 0.2572 0.0882208
threshold=1235.9300000000001 55.634864026434549 5.4450000000000012 5.3050000000000006 1887.2000000000003 -0.46800559042974538 290.30360986024164 1465.9285714285718 24.225000000000005 279.75000000000006 7.5000000000000009 1125.5000000000002 0 -0.96687281075841669 29.575000000000006 877.50000000000011 1200.5000000000002 1097.5000000000002 21.925000000000001
decision_type=2 2 2 2 2 2 2 2 2 2 2 2 9 2 2 2 2 2 2
left_child=6 9 3 4 -3 7 11 -4 -7 12 -11 18 -2 -13 -14 -15 -8 -18 -1
right_child=1 2 5 -5 -6 8 16 -9 -10 10 -12 13 14 15 -16 -17 17 -19 -20
leaf_value=-3.3129951103994313 -0.81310895025834429 -1.1646969878217843 3.941673794630141 2.3497949799181934 0.19355872065758595 0.31076031704681106 -2.5557799302838284 -1.3561272547732162 -2.8397920355050728 -1.0653660428206595 0.40266853452802059 -0.45079559757550514 -2.4437075803620085 -0.51958921105381917 -1.111387283438384 -3.6523628072641698 1.2227192028584442 -4.2338630547240559 -6.8580951637417105
leaf_weight=94 138 2899 166 64 4951 131 84 164 1112 112 103 64 879 54 64 986 63 63 3861
leaf_count=94 138 2899 166 64 4951 131 84 164 1112 112 103 64 879 54 64 986 63 63 3861
internal_value=-0.00118427 -0.000528005 -0.000335793 -9.81688e-05 -0.000150937 -0.00150191 -0.00251841 0.000226585 -0.00199679 -0.001899 -0.00013889 -0.002617 -0.00220702 -0.00195204 -0.0024151 -0.00206052 0 0.000448818 -0.0027907
internal_weight=16052 10783 9487 7914 7850 1573 5269 330 1243 1296 215 5059 1081 1104 943 1040 210 126 3955
internal_count=16052 10783 9487 7914 7850 1573 5269 330 1243 1296 215 5059 1081 1104 943 1040 210 126 3955
cat_boundaries=0 1
cat_threshold=557060
is_linear=0
shrinkage=0.03


Tree=129
num_leaves=19
num_cat=1
split_feature=21 14 11 0 20 25 11 21 19 18 14 33 22 15 21 27 12 21
split_gain=15.02 3.61867 3.20436 1.99049 1.89608 1.34719 1.15678 1.12299 0.6038 0.53527 0.45255 0.424945 0.378194 0.170962 0.14013 0.125773 0.093318 0.00997686
threshold=1235.9300000000001 0.8697513045430848 55.634864026434549 0 25.210714285714293 24.075000000000006 290.30360986024164 2500.5000000000005 279.75000000000006 1.4000000000000019 -0.50556189049999822 5.4450000000000012 995.5100000000001 0.97648852793709995 1050.4500000000003 25.875000000000004 1515.2278333333336 1125.5000000000002
decision_type=2 2 2 9 2 2 2 2 2 2 2 2 2 2 2 2 2 2
left_child=6 2 8 7 -5 -3 12 -4 9 -2 -10 -7 17 15 16 -14 -8 -1
right_child=1 5 3 4 -6 11 14 -9 10 -11 -12 -13 13 -15 -16 -17 -18 -19
leaf_value=-10.494976135408455 -1.2912568309205221 1.4610578287563043 -1.1798148842550427 0.066407557984398055 1.7208534439767729 -1.0972879480694435 -0.051888177819424237 0.034053563575189114 0.37902220721053231 -2.2787970693927977 -0.97459176217060339 -3.0197499342732925 -4.3667789708888041 -0.88100211774978876 0.62736426098647557 -3.2940115432472923 -3.5583263440460162 -0.55867180126128613
leaf_weight=2703 172 58 3288 2811 631 58 50 1755 98 782 116 1014 1224 77 99 994 61 61
leaf_count=2703 172 58 3288 2811 631 58 50 1755 98 782 116 1014 1224 77 99 994 61 61
internal_value=-0.00116931 -0.000522441 -0.000328776 -0.000120199 0.000428322 -0.00213528 -0.00248425 -0.000503364 -0.00180411 -0.00213299 -0.000125582 -0.00239609 -0.00257549 -0.00219512 -7.10908e-05 -0.00224831 -0.000964286 -0.00287414
internal_weight=16052 10783 9653 8485 3442 1130 5269 5043 1168 954 214 1072 5059 2295 210 2218 111 2764
internal_count=16052 10783 9653 8485 3442 1130 5269 5043 1168 954 214 1072 5059 2295 210 2218 111 2764
cat_boundaries=0 1
cat_threshold=2160876
is_linear=0
shrinkage=0.03


Tree=130
num_leaves=20
num_cat=3
split_feature=22 16 19 15 22 16 0 12 33 0 12 22 11 25 0 16 15 31 17
split_gain=15.1537 3.0366 2.28979 2.70976 2.45745 2.20883 1.64234 1.63225 1.58077 1.24393 1.12744 1.09688 0.808138 0.731258 0.72244 1.02197 1.86627 0.675433 0.670498
threshold=1327.5000000000002 -0.62588817255938378 232.85000000000005 0.99681593486783593 1953.7650000000001 -0.97717844506743556 0 1446.116666666667 3.2650000000000001 1 1887.2000000000003 995.5100000000001 386.17414392467384 23.575000000000006 2 -0.66528308454101848 -0.7614016681079937 39.40000000000002 -0.9575230291762723
decision_type=2 2 2 2 2 2 9 2 2 9 2 2 2 2 9 2 2 2 2
left_child=11 5 3 4 -3 -2 13 17 -5 -9 -8 12 -1 -7 -13 16 -16 -4 -17
right_child=1 2 7 8 -6 6 10 9 -10 -11 -12 14 -14 -15 15 18 -18 -19 -20
leaf_value=-8.9801268513462009 -3.4153153386004411 -2.320766752272533 2.5735750068351315 1.5967953316262868 -0.50824210421921834 -0.67976040531037496 0.09531490255109562 -0.39919270067752533 -0.085722361223376911 0.6980828390234135 5.7365857563484397 -3.2374595896939558 0.25533150840811186 0.56318671339130821 1.2394719753372467 0.077004994398824453 -3.7594765868997353 0.67655727975660718 -3.034587354448957
leaf_weight=2887 548 2950 76 136 2490 585 242 717 281 437 584 1813 51 662 112 112 263 54 1021
leaf_count=2887 548 2950 76 136 2490 585 242 717 281 437 584 1813 51 662 112 112 263 54 1021
internal_value=-0.00116765 -0.000423129 -0.00074601 -0.000999659 -0.00118269 0.000439359 0.00089971 0.000375875 0.00127751 0 0.0019319 -0.00232141 -0.00277952 0.000162161 -0.00190187 -0.00130941 0 0.00354962 -0.0017672
internal_weight=16021 9762 7141 5857 5440 2621 2073 1284 417 1154 826 6259 2938 1247 3321 1508 375 130 1133
internal_count=16021 9762 7141 5857 5440 2621 2073 1284 417 1154 826 6259 2938 1247 3321 1508 375 130 1133
cat_boundaries=0 1 2 3
cat_threshold=1372390 2680018 50414
is_linear=0
shrinkage=0.03


Tree=131
num_leaves=20
num_cat=2
split_feature=10 14 17 15 20 0 25 33 12 24 21 0 7 20 10 24 23 17 33
split_gain=16.0418 3.65829 2.48554 1.95148 2.23156 1.87717 1.55414 1.54124 1.39687 1.25511 1.20618 1.09801 0.665004 0.513592 0.309148 0.289814 0.278978 0.115328 0.887127
threshold=1278.6428571428576 0.8697513045430848 0.53857859989105195 0.99611390731392835 26.38214285714286 0 24.075000000000006 3.2650000000000001 1333.7833333333335 1400.5000000000002 1183.0000000000002 1 264.50000000000006 26.26071428571429 1071.7857142857144 1300.5000000000002 1235.9300000000001 -0.28725831407847041 4.7250000000000005
decision_type=2 2 2 2 2 9 2 2 2 2 2 9 2 2 2 2 2 2 2
left_child=10 2 5 4 -4 8 -3 -5 -2 -7 12 13 -1 -12 -14 -8 -17 -13 -19
right_child=1 6 3 7 -6 9 15 -9 -10 -11 11 17 14 -15 -16 16 -18 18 -20
leaf_value=-5.8464435113738835 3.3411707089358678 1.4868490964617875 -1.256535139959883 1.5204636173028627 1.4103215817719374 0.83181102537559537 -0.9918046910285937 -0.27321747352606729 1.2827865785327055 -0.33837508029691482 -1.3853999915337856 -2.601043071434221 -4.5557088583615197 1.8826608917130927 1.0050814377177686 -0.95101163919020526 -3.0342895076491243 -2.0110329587826117 0.54958718453651323
leaf_weight=4369 77 58 3015 138 395 406 120 338 1006 3702 109 325 111 50 86 75 945 534 162
leaf_count=4369 77 58 3015 138 395 406 120 338 1006 3702 109 325 111 50 86 75 945 534 162
internal_value=-0.00116203 -0.000446673 -0.000235295 -0.000811166 -0.0010686 0.00018721 -0.00200918 0.000937106 0.00129433 -9.68689e-05 -0.0024331 -0.00148603 -0.00266762 0.000635293 -0.000636364 -0.00227432 -0.00245348 -0.00184884 -0.00146772
internal_weight=16021 10275 9077 3886 3410 5191 1198 476 1083 4108 5746 1180 4566 159 197 1140 1020 1021 696
internal_count=16021 10275 9077 3886 3410 5191 1198 476 1083 4108 5746 1180 4566 159 197 1140 1020 1021 696
cat_boundaries=0 1 2
cat_threshold=1509889 532496
is_linear=0
shrinkage=0.03


Tree=132
num_leaves=20
num_cat=1
split_feature=10 14 11 28 13 27 16 28 21 0 11 16 12 16 7 21 15 10 24
split_gain=15.7151 3.62855 2.99004 2.43274 2.21062 2.03803 1.41934 1.34734 1.12913 1.09801 1.02665 0.943548 0.897595 0.634513 0.277576 0.224341 0.222595 0.199686 0.198431
threshold=1278.6428571428576 0.878110924644389 70.710678118669975 22.525000000000002 1737.5263485819353 22.425000000000004 -0.83789107429055565 24.075000000000006 1183.0000000000002 0 297.86142510809742 -0.14250758662009075 2735.7500000000005 0.88119114410046628 341.50000000000006 995.5100000000001 0.68274389090025245 1332.0714285714287 850.50000000000011
decision_type=2 2 2 2 2 2 2 2 2 9 2 2 2 2 2 2 2 2 2
left_child=8 2 6 4 -4 -5 -2 -3 10 11 14 -10 -8 18 15 -1 -15 -9 -11
right_child=1 7 3 5 -6 -7 12 17 9 13 -12 -13 -14 16 -16 -17 -18 -19 -20
leaf_value=-9.7353297404645911 2.7160781188202909 1.5075705197597067 -3.4031860746977447 3.1650831579765071 0.028877751909179843 0.15677439354833403 -1.9502905903788905 -0.73215413374772509 3.0686173703996857 -1.4914787606596203 1.0558698184547997 -1.6646949207385486 0.11342630354714214 0.80323201988786008 -0.93235567565293509 -4.0113958474858791 -5.1666282413763289 -3.1730155811413927 -2.0668430390631558
leaf_weight=2817 85 56 1143 231 1417 4797 1311 159 59 92 61 100 165 100 63 1625 55 911 774
leaf_count=2817 85 56 1143 231 1417 4797 1311 159 59 92 61 100 165 100 63 1625 55 911 774
internal_value=-0.00114892 -0.000440834 -0.000237378 2.76645e-06 -0.000743851 0.000391926 -0.00143278 -0.00205235 -0.002407 -0.00148603 -0.00263477 0.000635293 -0.00166757 -0.00184884 -0.00268975 -0.00271911 0 -0.00231093 -0.00218339
internal_weight=16021 10275 9149 7588 2560 5028 1561 1126 5746 1180 4566 159 1476 1021 4505 4442 155 1070 866
internal_count=16021 10275 9149 7588 2560 5028 1561 1126 5746 1180 4566 159 1476 1021 4505 4442 155 1070 866
cat_boundaries=0 1
cat_threshold=532496
is_linear=0
shrinkage=0.03


Tree=133
num_leaves=20
num_cat=0
split_feature=21 14 12 21 19 20 11 20 25 25 21 22 12 24 23 16 15 12 10
split_gain=15.6743 2.96786 2.87237 1.72559 1.6206 2.15204 1.45852 1.33813 1.33459 1.21377 1.06049 0.398648 0.429576 0.385937 0.300915 0.307536 0.221862 0.0594303 0.054158
threshold=1280.5000000000002 0.8697513045430848 1807.9333333333336 1400.5000000000002 230.95000000000002 27.696428571428577 290.30360986024164 24.025000000000006 22.325000000000006 24.075000000000006 995.5100000000001 1690.5000000000002 1555.0500000000002 1275.4700000000003 1400.5000000000002 -0.96026770555568497 0.91852788691372023 1633.3645000000004 1286.2857142857144
decision_type=2 2 2 2 2 2 2 2 2 2 2 2 2 2 2 2 2 2 2
left_child=6 2 4 -4 5 -2 10 -6 -5 -3 16 12 -8 18 15 -12 -1 -16 -11
right_child=1 9 3 8 7 -7 11 -9 -10 13 14 -13 -14 -15 17 -17 -18 -19 -20
leaf_value=-9.4618936656599377 -2.3219698081906897 1.3643530598792579 4.0815359822837962 -1.0194083892799879 -0.31380867196627454 0.31072901240878642 1.1420851829710759 1.1756101361218925 0.30361903041516203 -1.6841087318182715 -1.1919868711868362 1.3374932098784789 -5.3588288081532625 -2.7684454652283259 1.6932463954595285 -3.0776704552470511 -0.6397924954462092 -4.7250751930070622 0.33360386160153233
leaf_weight=2803 2458 59 93 1837 265 507 60 251 3781 52 188 63 111 854 50 2426 56 52 55
leaf_count=2803 2458 59 93 1837 265 507 60 251 3781 52 188 63 111 854 50 2426 56 52 55
internal_value=-0.00112645 -0.000413297 -0.000237246 0.000170167 -0.000918438 -0.00119353 -0.00237212 0.000574467 9.45001e-05 -0.00195397 -0.00246951 0 -0.000802326 -0.00223285 -0.00198859 -0.00205239 -0.00290979 0 -5.55563e-05
internal_weight=16021 10212 9192 5711 3481 2965 5809 516 5618 1020 5575 234 171 961 2716 2614 2859 102 107
internal_count=16021 10212 9192 5711 3481 2965 5809 516 5618 1020 5575 234 171 961 2716 2614 2859 102 107
is_linear=0
shrinkage=0.03


Tree=134
num_leaves=20
num_cat=1
split_feature=10 14 11 25 13 27 21 25 26 16 0 16 14 24 11 32 10 14 16
split_gain=15.2624 3.46662 2.76744 2.20329 2.13113 2.06737 1.34726 1.22935 1.12347 1.54492 0.937493 1.12399 1.68593 0.933449 0.92329 0.31676 0.293499 0.40711 0.344007
threshold=1278.6428571428576 0.8697513045430848 70.710678118669975 22.525000000000002 1737.5263485819353 22.425000000000004 1097.5000000000002 24.075000000000006 0.75000000000000011 0.14889030080148793 0 -0.159513159777915 0.67167992559793654 2177.5000000000005 297.86142510809742 6.0999999999999996 1050.214285714286 0.78325454425165997 0.88119114410046628
decision_type=2 2 2 2 2 2 2 2 2 2 9 2 2 2 2 2 2 2 2
left_child=6 2 8 4 -4 -5 14 -3 9 -2 11 12 -8 -10 -1 -13 17 -12 -18
right_child=1 7 3 5 -6 -7 10 -9 13 -11 16 15 -14 -15 -16 -17 18 -19 -20
leaf_value=-7.1471695124720815 1.4118304934574466 1.3560859161787675 -3.2313270061027812 3.1300050000923392 0.058593671030302011 0.17187340686872379 2.3087992938222066 -2.4587736364710366 -2.7037610586344232 -2.0029704376603799 0.06840656578105303 -0.24732291569608061 -3.9491864742455132 -0.1266702900594241 0.67717845964634749 -2.5753630295662933 -2.3945150277420666 -4.2063620164106306 -1.0864666324189205
leaf_weight=3618 164 58 1143 231 1417 4734 98 1140 833 268 132 66 63 287 57 183 1183 78 268
leaf_count=3618 164 58 1143 231 1417 4734 98 1140 833 268 132 66 63 287 57 183 1183 78 268
internal_value=-0.00113581 -0.000437914 -0.00023199 0 -0.000708708 0.000374546 -0.00237567 -0.00195913 -0.00138506 0 -0.0017027 -0.000249407 0.00155555 -0.00188671 -0.00274211 -0.001608 -0.00202034 -0.000639811 -0.00220248
internal_weight=16021 10275 9077 7525 2560 4965 5746 1198 1552 432 2071 410 161 1120 3675 249 1661 210 1451
internal_count=16021 10275 9077 7525 2560 4965 5746 1198 1552 432 2071 410 161 1120 3675 249 1661 210 1451
cat_boundaries=0 1
cat_threshold=598544
is_linear=0
shrinkage=0.03


Tree=135
num_leaves=20
num_cat=1
split_feature=10 16 15 21 16 32 16 22 22 27 27 0 17 32 22 10 13 16 14
split_gain=14.6543 3.3042 2.46226 3.03039 2.79911 2.2318 1.99871 1.69749 1.46129 1.36753 1.06706 0.765747 0.685353 0.523245 0.4594 0.345265 0.337953 0.272894 0.232438
threshold=1164.3571428571429 -0.62588817255938378 0.99611390731392835 2500.5000000000005 0.94704596667653973 4.3500000000000014 -0.97717844506743556 5400.5000000000009 2900.5000000000005 30.075000000000006 20.725000000000005 0 0.98448590438035632 71.350000000000009 1100.5000000000002 1021.5000000000001 1616.7650299954482 0.96687895796550427 -0.98664820696349753
decision_type=2 2 2 2 2 2 2 2 2 2 2 9 2 2 2 2 2 2 2
left_child=12 6 3 4 -3 10 11 9 -5 -8 -4 -2 14 -14 18 -16 -13 -17 -1
right_child=1 2 5 8 -6 -7 7 -9 -10 -11 -12 16 13 -15 15 17 -18 -19 -20
leaf_value=-0.16379125170685807 -4.2023442891304015 -1.7669504714212001 -0.48742149178085403 0.40304836852716314 0.27495964652373028 -2.3368334180989798 1.0573786179908584 9.9696457149804143 -0.62607493139742965 -2.6764959545346101 1.7928139124175442 -4.2867823606302764 0.45978562635064146 -3.0979104807114841 1.0115628467783353 -2.915006412764471 0.59936484264848466 -0.24011262027534114 -6.3761971022477733
leaf_weight=51 247 5401 95 718 772 202 2124 64 1162 177 212 73 74 67 72 477 239 60 3756
leaf_count=51 247 5401 95 718 772 202 2124 64 1162 177 212 73 74 67 72 477 239 60 3756
internal_value=-0.00110658 -0.000530426 -0.000829266 -0.000960269 -0.00128183 0.00115294 0.00032923 0.000722738 7.17696e-05 0.000565594 0.00280519 -0.00125357 -0.00254849 -0.000126761 -0.00261558 -0.00164262 -6.50162e-05 -0.00190706 -0.00275893
internal_weight=16043 11486 8562 8053 6173 509 2924 2365 1880 2301 307 559 4557 141 4416 609 312 537 3807
internal_count=16043 11486 8562 8053 6173 509 2924 2365 1880 2301 307 559 4557 141 4416 609 312 537 3807
cat_boundaries=0 1
cat_threshold=2737240
is_linear=0
shrinkage=0.03


Tree=136
num_leaves=20
num_cat=1
split_feature=10 21 15 16 16 19 16 27 0 12 19 20 7 24 21 33 33 10 12
split_gain=14.7503 3.0447 2.44232 2.57729 2.6295 2.16629 1.8465 1.37168 1.33588 0.851712 0.760499 0.729396 1.28273 0.705019 0.583304 0.423885 0.387099 0.320944 0.246342
threshold=1164.3571428571429 2500.5000000000005 0.99681593486783593 -0.62588817255938378 0.94704596667653973 4.3500000000000014 -0.94388905186573491 21.975000000000005 0 2581.3000000000006 14.250000000000002 25.239285714285721 293.50000000000006 2300.5000000000005 1100.5000000000002 1.8950000000000002 2.2950000000000004 1042.9285714285718 1657.7166666666669
decision_type=2 2 2 2 2 2 2 2 9 2 2 2 2 2 2 2 2 2 2
left_child=14 2 3 6 -5 7 -2 -4 9 13 -11 16 -13 -3 15 -1 -10 -16 -7
right_child=1 8 5 4 -6 18 -8 -9 11 10 -12 12 -14 -15 17 -17 -18 -19 -20
leaf_value=-0.60585260661545715 -2.4015326219051092 2.0237065157449519 0.45869914081108631 -1.7096932111321492 0.26671085712801895 -4.7503605475845676 0.7264589326356975 2.2276597887117604 -0.6736132026155438 0.12286466168737849 4.0441717956513745 0.10333677416855866 8.4101192414753783 -0.92772511711169492 -0.7090456851153869 -6.513764219295739 -0.22233544086994339 -2.2063167400260024 0.44104246079359294
leaf_weight=86 548 111 122 5426 772 132 1034 142 164 229 492 220 50 197 160 3726 1781 585 66
leaf_count=86 548 111 122 5426 772 132 1034 142 164 229 492 220 50 197 160 3726 1781 585 66
internal_value=-0.00109536 -0.000517368 -0.000825064 -0.000954248 -0.00123068 0.00125054 0.000100441 0.00306792 0.000250539 0.00114231 0.00172022 -0.000148249 0.00127306 -2.91269e-05 -0.00254191 -0.00271204 -0.00036999 -0.00160858 -0.000949749
internal_weight=16043 11486 8242 7780 6198 462 1582 264 3244 1029 721 2215 270 308 4557 3812 1945 745 198
internal_count=16043 11486 8242 7780 6198 462 1582 264 3244 1029 721 2215 270 308 4557 3812 1945 745 198
cat_boundaries=0 1
cat_threshold=205358
is_linear=0
shrinkage=0.03


Tree=137
num_leaves=20
num_cat=0
split_feature=10 11 14 13 13 11 14 11 7 21 17 7 18 20 21 24 17 27 15
split_gain=14.31 3.11109 2.69643 1.39789 1.31179 1.39656 1.30382 1.05244 0.939745 0.667899 0.658769 0.679669 0.650465 0.431801 0.228446 0.194073 0.172128 0.0970426 0.0624176
threshold=1164.3571428571429 55.634864026434549 0.8697513045430848 1701.8566468253969 2137.1319444444448 988.080810052527 0.9916835347852474 297.86142510809742 258.50000000000006 2676.0400000000004 0.98448590438035632 264.50000000000006 42.250000000000014 20.146428571428576 1150.5000000000002 1140.1950000000004 -0.26037588076992096 23.225000000000005 -0.88620506325989179
decision_type=2 2 2 2 2 2 2 2 2 2 2 2 2 2 2 2 2 2 2
left_child=10 8 4 6 5 -3 -4 -6 9 13 11 14 -12 -2 -1 17 -16 -13 -11
right_child=1 2 3 -5 7 -7 -8 -9 -10 18 12 15 -14 -15 16 -17 -18 -19 -20
leaf_value=-5.9791404851679859 0.2921518270848123 -0.27272457310995002 -1.2383458548653545 -2.7838014304024434 3.2126590718422476 6.8785884840727949 0.84614641479441188 -0.030989929722834323 0.37017125233841747 -0.19843517578840142 0.53010733803687615 -0.32007775554650281 -2.8743719143180795 -2.0316307679932515 -3.145139256586253 1.3160966264927105 -1.0230337653812771 -3.3584043308824012 0.22319509035485607
leaf_weight=3808 50 8073 321 917 240 145 70 200 89 90 68 54 73 1240 139 60 242 113 51
leaf_count=3808 50 8073 321 917 240 145 70 200 89 90 68 54 73 1240 139 60 242 113 51
internal_value=-0.00108414 -0.000514757 -0.000316345 -0.00158824 -0.000118837 -0.00020915 0 0.00146258 -0.00178501 -0.00198184 -0.002509 -0.00257483 -0.000126761 -0.00219597 -0.00266635 -0.000684211 -0.0016178 -0.00128571 0
internal_weight=16043 11486 9966 1308 8658 8218 391 440 1520 1431 4557 4416 141 1290 4189 227 381 167 141
internal_count=16043 11486 9966 1308 8658 8218 391 440 1520 1431 4557 4416 141 1290 4189 227 381 167 141
is_linear=0
shrinkage=0.03


Tree=138
num_leaves=20
num_cat=0
split_feature=10 16 15 19 22 16 16 20 22 22 27 14 32 15 19 7 12 10 12
split_gain=13.895 2.88738 2.34997 2.37824 2.12935 2.83643 1.79373 1.56643 1.41732 1.31813 1.15285 0.825775 1.09448 0.506095 0.766853 0.547718 0.321389 0.233856 0.205332
threshold=1164.3571428571429 -0.62588817255938378 0.99611390731392835 4.3500000000000014 2425.1300000000006 0.94704596667653973 -0.97717844506743556 26.51071428571429 5400.5000000000009 1750.5000000000002 30.075000000000006 0.79904096188274243 0.19999999999999471 -0.9955251950901236 66.550000000000026 264.50000000000006 2435.4000000000005 2350.0714285714289 1657.7166666666669
decision_type=2 2 2 2 2 2 2 2 2 2 2 2 2 2 2 2 2 2 2
left_child=11 6 4 9 5 -3 16 -6 10 -4 -8 12 -1 14 -14 -15 -2 -18 -5
right_child=1 2 3 18 7 -7 8 -9 -10 -11 -12 -13 13 15 -16 -17 17 -19 -20
leaf_value=1.3958248353894056 -3.8378217748176566 -1.6386052033483345 1.8377853514765294 -4.6022931423841928 -0.14627144375516463 0.3498092822644791 0.99664085102143229 2.4543550200302811 9.4324699948526742 0.58524735093845659 -2.55480954654531 -6.135801140515813 0.51726473775912718 -4.2617912791184711 -3.2687190928561392 -0.9442561973201552 1.5043443462602537 -3.3553816949076629 -0.0018108041737017898
leaf_weight=53 227 5284 113 138 1961 742 2124 66 64 182 177 2140 61 2002 73 228 56 276 76
leaf_count=53 227 5284 113 138 1961 742 2124 66 64 182 177 2140 61 2002 73 228 56 276 76
internal_value=-0.00106545 -0.00050431 -0.000783721 0.00115294 -0.000911846 -0.00119512 0.000298461 -4.7338e-05 0.00067202 0.00293919 0.000526498 -0.0024695 -0.00202481 -0.00212981 0 -0.00223891 -0.0012 -0.000423424 -0.00110233
internal_weight=16043 11486 8562 509 8053 6026 2924 2027 2365 295 2301 4557 2417 2364 134 2230 559 332 214
internal_count=16043 11486 8562 509 8053 6026 2924 2027 2365 295 2301 4557 2417 2364 134 2230 559 332 214
is_linear=0
shrinkage=0.03


Tree=139
num_leaves=20
num_cat=1
split_feature=10 11 14 12 25 31 23 29 12 14 11 20 33 14 20 16 0 20 20
split_gain=14.2904 2.85213 2.46777 1.50716 1.2204 2.17269 1.37029 1.02602 0.864209 0.855615 0.872944 1.16577 1.03585 0.79459 0.390785 0.294033 0.205641 0.308486 0.0651315
threshold=1164.3571428571429 55.634864026434549 0.8697513045430848 1533.0833333333337 22.225000000000005 3.3000000000000127 4785.5000000000009 28.125000000000004 2735.7500000000005 0.79904096188274243 71.551346723247917 29.610714285714291 2.1450000000000005 -0.96689237009891416 20.146428571428576 0.84660111278280559 0 27.603571428571435 26.739285714285717
decision_type=2 2 2 2 2 2 2 2 2 2 2 2 2 2 2 2 9 2 2
left_child=9 8 4 7 6 -6 -3 -4 13 10 16 12 -12 -2 -15 -10 17 -1 -5
right_child=1 2 3 18 5 -7 -8 -9 15 -11 11 -13 -14 14 -16 -17 -18 -19 -20
leaf_value=0.95268745320918879 0.23756504076842061 -1.3111361389743397 0.39935071058424659 -4.2446865075097131 0.75999757578429228 -0.27283930454021393 7.1191470342724132 -3.2142603268221088 -0.34779918100974039 -5.9517271063003347 0.36997624806569429 1.8706027308816695 -2.9765274139676081 0.27218668784982214 -1.7072431896436904 0.38259126937706239 -4.4704418062187026 -4.5729656330635686 -1.5492363758301988
leaf_weight=56 54 2498 278 525 2512 3581 67 114 74 2140 87 55 881 50 1288 54 1278 60 391
leaf_count=56 54 2498 278 525 2512 3581 67 114 74 2140 87 55 881 50 1288 54 1278 60 391
internal_value=-0.00103927 -0.000470359 -0.000280225 -0.00149656 -9.11198e-05 0.000133901 -0.000643025 0 -0.00168639 -0.00246292 -0.00201241 -0.00125391 -0.00152632 -0.00191027 -0.00206796 0.000395348 -0.00253548 -0.000496064 -0.00216249
internal_weight=16043 11486 9966 1308 8658 6093 2565 392 1520 4557 2417 1023 968 1392 1338 128 1394 116 916
internal_count=16043 11486 9966 1308 8658 6093 2565 392 1520 4557 2417 1023 968 1392 1338 128 1394 116 916
cat_boundaries=0 1
cat_threshold=1048592
is_linear=0
shrinkage=0.03


Tree=140
num_leaves=20
num_cat=2
split_feature=21 14 12 14 7 14 23 10 27 0 33 14 16 27 33 11 24 16 0
split_gain=12.6744 2.80889 2.85318 2.38173 3.92944 2.36418 1.75164 1.65687 1.46353 1.29992 0.88512 0.841806 0.767049 0.680048 0.351151 0.278704 0.293701 0.252075 0.106736
threshold=1125.5000000000002 0.8697513045430848 1795.0166666666669 0.72695311118111527 54.500000000000007 -0.98046803196378884 1492.0000000000002 1650.0714285714287 24.075000000000006 0 3.7350000000000008 0.99374995976406788 0.10837544681456425 22.125000000000004 1.5250000000000001 146.79107277903299 1410.5000000000002 0.99865421017599998 1
decision_type=2 2 2 2 2 2 2 2 2 9 2 2 2 2 2 2 2 2 9
left_child=6 2 3 5 -5 -2 13 10 -3 -9 -4 18 -13 15 -15 -1 -17 -16 -10
right_child=1 8 7 4 -6 -7 -8 9 11 -11 -12 12 -14 14 17 16 -18 -19 -20
leaf_value=-3.3198682216672699 0.47962321421857873 1.7014775390811963 3.1202748284664019 3.9241664415718835 -0.1938482183712662 -1.5243787252222956 1.5584603757708226 -0.37337723611898455 -2.2182347660820225 0.54414437943087657 -2.8914725376140762 -3.744960426037673 0.38534758534577657 -0.99341283114895107 -5.4362394751883674 1.4869360591762042 -2.3058002112648199 -2.3046800507350809 -2.524725376590768
leaf_weight=73 320 56 137 58 258 3802 71 3395 119 2261 64 85 89 54 3876 57 51 65 1070
leaf_count=73 320 56 137 58 258 3802 71 3395 119 2261 64 85 89 54 3876 57 51 65 1070
internal_value=-0.00105927 -0.000545199 -0.000367134 -0.000941429 0.00150473 -0.00114019 -0.0024661 6.04295e-05 -0.00180423 -2.70469e-05 0.00273267 -0.00201906 0 -0.0025504 -0.00263514 -0.000428572 0.00019266 -0.00266819 -0.0023042
internal_weight=15961 11714 10295 4438 316 4122 4247 5857 1419 5656 201 1363 174 4176 3995 181 108 3941 1189
internal_count=15961 11714 10295 4438 316 4122 4247 5857 1419 5656 201 1363 174 4176 3995 181 108 3941 1189
cat_boundaries=0 1 2
cat_threshold=3471584 196609
is_linear=0
shrinkage=0.03


Tree=141
num_leaves=19
num_cat=2
split_feature=21 24 7 26 23 7 15 11 33 0 0 19 27 20 33 11 24 21
split_gain=12.4375 2.6848 1.799 1.85273 1.72923 1.57253 1.58286 1.4198 1.04138 1.20978 0.94042 0.775868 0.657624 0.550787 0.342392 0.278704 0.293701 0.215403
threshold=1125.5000000000002 2277.5000000000005 258.50000000000006 0.35000000000000003 1492.0000000000002 226.50000000000003 -0.94426098523567992 215.16946994780906 5.8850000000000007 0 1 2.5499999999999932 22.125000000000004 25.239285714285721 1.5250000000000001 146.79107277903299 1410.5000000000002 977.04500000000019
decision_type=2 2 2 2 2 2 2 2 2 9 9 2 2 2 2 2 2 2
left_child=4 2 5 10 12 6 -2 -5 9 13 -4 -11 15 -3 -14 -1 -17 -16
right_child=1 8 3 7 -6 -7 -8 -9 -10 11 -12 -13 14 -15 17 16 -18 -19
leaf_value=-3.22027217501725 -1.9783882425997739 -0.3434718617387556 -2.08181362518929 1.2752346450398224 1.5117065644976959 -3.8486484752951591 -0.72748933310546271 -0.45113837967600739 -2.5465896993752262 -0.6257719660004406 0.7063270853097614 1.5108709064313852 -0.96361044621447978 0.45808638548251257 -7.9538707218895794 1.4423279774009157 -2.2366262049268757 -3.3043347279187625
leaf_weight=73 976 2017 763 377 71 576 4251 261 184 315 509 1264 54 221 2714 57 51 1227
leaf_count=73 976 2017 763 377 71 576 4251 261 184 315 509 1264 54 221 2714 57 51 1227
internal_value=-0.00104423 -0.000534956 -0.000862588 -3.92472e-05 -0.00243785 -0.00112578 -0.000947973 0.00125352 8.54566e-05 0.000202723 -0.000723489 0.000841509 -0.00252167 -0.00023077 -0.00260511 -0.000428572 0.00019266 -0.00263775
internal_weight=15961 11714 7713 1910 4247 5803 5227 638 4001 3817 1272 1579 4176 2238 3995 181 108 3941
internal_count=15961 11714 7713 1910 4247 5803 5227 638 4001 3817 1272 1579 4176 2238 3995 181 108 3941
cat_boundaries=0 1 2
cat_threshold=3472576 50425
is_linear=0
shrinkage=0.03


Tree=142
num_leaves=20
num_cat=2
split_feature=21 14 12 14 7 17 11 10 27 0 15 14 15 15 19 33 7 21 0
split_gain=12.0598 2.82078 2.68392 2.34213 3.38029 2.17168 1.74939 1.48899 1.46353 1.24354 0.972406 0.841806 0.767049 0.653104 0.462231 0.445498 0.255955 0.176683 0.106736
threshold=1125.5000000000002 0.8697513045430848 1795.0166666666669 0.72695311118111527 54.500000000000007 -0.8611288361322974 297.86142510809742 1650.0714285714287 24.075000000000006 0 0.9989598388634241 0.99374995976406788 0.054805126479326886 0.91852788691372023 1.5500000000000003 2.0950000000000002 192.50000000000003 995.5100000000001 1
decision_type=2 2 2 2 2 2 2 2 2 9 2 2 2 2 2 2 2 2 9
left_child=6 2 3 5 -5 -2 13 10 -3 -9 -4 18 -13 15 -8 16 -1 -17 -10
right_child=1 8 7 4 -6 -7 14 9 11 -11 -12 12 -14 -15 -16 17 -18 -19 -20
leaf_value=0.11237571691096401 0.29874426358306611 1.6722578929019243 1.0436243943203569 3.8282661283178889 -0.16620809182696658 -1.4531481843947094 1.4659044076955019 -0.32939497916484634 -2.1323042685018905 0.74818363749501537 4.0338055939862993 -3.6107869332633751 0.39561183777857045 -1.1614255100085411 -0.91374562786450564 -7.7152546002328899 -3.4994069877720069 -3.1934785286525083 -2.4271589352998784
leaf_weight=54 403 56 148 58 258 3719 53 3636 119 2020 53 85 89 108 95 2702 82 1153 1070
leaf_count=54 403 56 148 58 258 3719 53 3636 119 2020 53 85 89 108 95 2702 82 1153 1070
internal_value=-0.00104423 -0.000542638 -0.00036422 -0.000921154 0.00150473 -0.00111836 -0.00241667 5.01871e-05 -0.00180423 -3.235e-05 0.00258416 -0.00201906 0 -0.00253463 0.000543623 -0.0025972 -0.000459855 -0.00266079 -0.0023042
internal_weight=15961 11714 10295 4438 316 4122 4247 5857 1419 5656 201 1363 174 4099 148 3991 136 3855 1189
internal_count=15961 11714 10295 4438 316 4122 4247 5857 1419 5656 201 1363 174 4099 148 3991 136 3855 1189
cat_boundaries=0 1 2
cat_threshold=3468512 196609
is_linear=0
shrinkage=0.03


Tree=143
num_leaves=20
num_cat=1
split_feature=21 14 17 23 12 17 17 22 0 27 33 33 16 25 23 24 13 19 16
split_gain=11.7303 2.51863 2.26704 1.78124 1.7215 1.47495 1.37704 1.87951 1.69529 1.33822 1.18305 1.8927 1.08037 0.974412 0.718373 0.611772 0.67958 0.530912 0.338929
threshold=1235.9300000000001 0.8697513045430848 0.53857859989105195 1593.0000000000002 1795.0166666666669 0.98901092807778201 0.052657569964411031 1300.5000000000002 0 24.075000000000006 5.0450000000000008 4.7250000000000005 0.17011757999667351 28.725000000000005 1125.5000000000002 1275.4700000000003 1683.8069801551264 6.8999999999999995 -0.90893575921103265
decision_type=2 2 2 2 2 2 2 2 9 2 2 2 2 2 2 2 2 2 2
left_child=3 2 6 10 13 -6 7 -2 -8 -3 11 12 -1 -4 -12 16 -11 -13 -16
right_child=1 9 4 -5 5 -7 8 -9 -10 15 14 17 -14 -15 18 -17 -18 -19 -20
leaf_value=-0.94122722163870931 1.6260646559237844 1.6626788598678752 -1.9444195894256779 1.5343186871484258 -0.59657214805902758 0.6315363338233162 1.3808010801073407 -0.44333577851053524 -0.031304898221969163 0.39732228034476924 -5.8531381073815352 5.4825927572252677 -3.48004167842215 0.76950106648985617 0.34055911422978685 -2.3934713276105195 -2.0062906542879055 -0.019139409602624193 -2.1968160439161335
leaf_weight=632 159 51 1677 83 1952 395 737 3509 1031 51 2834 54 1081 99 63 951 87 87 428
leaf_count=632 159 51 1677 83 1952 395 737 3509 1031 51 2834 54 1081 99 63 951 87 87 428
internal_value=-0.00103671 -0.000460935 -0.000296235 -0.00219856 -0.000827838 -0.00027087 9.8767e-05 -0.000223222 0.000791972 -0.00180105 -0.00227259 -0.00159946 -0.00188682 -0.00153799 -0.0026338 -0.00204771 0 0.00156338 -0.00137805
internal_weight=15961 10699 9559 5262 4123 2347 5436 3668 1768 1140 5179 1854 1713 1776 3325 1089 138 141 491
internal_count=15961 10699 9559 5262 4123 2347 5436 3668 1768 1140 5179 1854 1713 1776 3325 1089 138 141 491
cat_boundaries=0 1
cat_threshold=1137298
is_linear=0
shrinkage=0.03


Tree=144
num_leaves=20
num_cat=2
split_feature=21 14 11 25 13 27 15 0 27 24 14 14 15 22 14 27 15 0 15
split_gain=11.7504 3.22947 3.11835 1.78426 2.01555 1.38343 1.34827 1.28767 1.08711 1.01271 0.963292 0.820366 0.948615 0.317683 0.378374 0.296502 0.120245 0.0414157 0.0166762
threshold=1051.5000000000002 0.8697513045430848 69.863813100712775 21.925000000000001 1706.4976283506701 22.125000000000004 -0.26037106507032781 0 24.075000000000006 2177.5000000000005 0.10837544681456425 0.99374995976406788 0.054805126479326886 1170.5000000000002 0.80417553764032002 21.575000000000006 0.91852788691372023 1 -0.98932651372861458
decision_type=2 2 2 2 2 2 2 9 2 2 2 2 2 2 2 2 2 9 2
left_child=5 2 6 4 -4 15 9 -5 -3 -2 -8 17 -13 18 -15 16 -1 -10 -7
right_child=1 8 3 7 -6 13 10 -9 11 -11 -12 12 -14 14 -16 -17 -18 -19 -20
leaf_value=-4.258198048282261 -1.9098471861830746 1.5316208238226701 -3.7784968923261117 -0.1582164548831464 -0.36941526924411899 -1.6090894564337832 1.3961395817993536 0.69003824028581184 -2.1203384892820512 -0.029518639638822855 -1.4860217336848156 -3.425018555534034 0.45434602770883614 0.26910053953569157 -2.6811434970526182 1.4160902077705169 -0.0070087272354709901 -2.3402066011394433 -6.307839514783284
leaf_weight=57 1590 61 664 3426 1497 56 179 2823 131 275 343 100 94 69 97 50 53 1174 3222
leaf_count=57 1590 61 664 3426 1497 56 179 2823 131 275 343 100 94 69 97 50 53 1174 3222
internal_value=-0.00103483 -0.000590388 -0.00040063 -0.000123054 -0.000868641 -0.00254563 -0.0013593 0.000127679 -0.0018738 -0.00173634 0 -0.002048 0 -0.00267257 -0.000916168 0 -0.000675676 -0.00232006 -0.00274748
internal_weight=15961 12357 10797 8410 2161 3604 2387 6249 1560 1865 522 1499 194 3444 166 160 110 1305 3278
internal_count=15961 12357 10797 8410 2161 3604 2387 6249 1560 1865 522 1499 194 3444 166 160 110 1305 3278
cat_boundaries=0 1 2
cat_threshold=2155748 196609
is_linear=0
shrinkage=0.03


Tree=145
num_leaves=20
num_cat=2
split_feature=21 16 14 16 14 15 11 21 16 0 15 25 11 6 15 0 32 22 15
split_gain=13.1806 3.45753 1.92023 2.13468 2.71632 1.5333 1.43265 2.01583 1.38163 1.51674 1.23324 1.5512 1.40274 0.908257 0.748756 0.374931 0.360368 0.293563 0.0703954
threshold=1051.5000000000002 -0.66528308454101848 -0.95754239937548935 0.88119114410046628 -0.65234524191686594 0.99611390731392835 604.59547837938169 4250.5000000000009 -0.96688789938088693 0 -0.14250536273956091 25.975000000000005 118.89871640143265 11.500000000000002 0.96633974041180493 1 77.350000000000023 1307.5000000000002 -0.98667386918526234
decision_type=2 2 2 2 2 2 2 2 2 9 2 2 2 2 2 9 2 2 2
left_child=14 6 10 5 -5 -4 8 13 15 -10 12 -12 -3 -8 17 -2 -9 18 -1
right_child=1 2 3 4 -6 -7 7 16 9 -11 11 -13 -14 -15 -16 -17 -18 -19 -20
leaf_value=-1.6273654218948868 -3.5432944765217518 0.033739469875904211 -1.3630466495959446 -2.2050853563469022 0.3314720242414077 0.33445076100147531 8.4880951280675081 1.1513905074293971 -0.066272103634834628 2.4447918875362507 -0.74220446344062263 4.2145731757329106 3.0688286605276835 1.724907884180602 0.15497612955386458 -0.92664378989055352 -4.8342585358750512 -1.0961525799560716 -5.9127039013883422
leaf_weight=69 256 147 5781 569 1391 502 193 136 1238 670 789 58 105 61 67 431 61 61 3407
leaf_count=69 256 147 5781 569 1391 502 193 136 1238 670 789 58 105 61 67 431 61 61 3407
internal_value=-0.00101238 -0.000543144 -0.000830676 -0.000989084 -9.94398e-05 -0.00125939 0.000323924 0.00188496 3.4668e-05 0.000466736 0.000316363 -0.000183963 0.00216996 0.00365882 -0.00261221 -0.00109884 -0.000181819 -0.0026727 -0.0027101
internal_weight=15992 12388 9342 8243 1960 6283 3046 451 2595 1908 1099 847 252 254 3604 687 197 3537 3476
internal_count=15992 12388 9342 8243 1960 6283 3046 451 2595 1908 1099 847 252 254 3604 687 197 3537 3476
cat_boundaries=0 1 2
cat_threshold=1172710 2667521
is_linear=0
shrinkage=0.03


Tree=146
num_leaves=20
num_cat=1
split_feature=21 16 21 14 7 12 14 25 17 23 18 0 18 15 23 12 22 10 17
split_gain=13.2175 3.30586 1.73284 2.91681 1.76683 1.61192 1.30329 2.23195 1.40421 1.38835 1.18444 1.17693 0.977499 0.740712 0.70912 0.671218 0.288596 0.131086 0.0999259
threshold=1051.5000000000002 -0.66528308454101848 1827.5000000000002 -0.96689237009891416 3.5000000000000004 1257.6000000000001 -0.77245553105869302 24.675000000000008 0.14889004263668562 5207.5000000000009 12.400000000000006 0 39.40000000000002 0.96633974041180493 1725.9400000000003 3308.7166666666672 1307.5000000000002 1150.0714285714287 0.47370525521770246
decision_type=2 2 2 2 2 2 2 2 2 2 2 9 2 2 2 2 2 2 2
left_child=13 6 3 5 -5 -3 7 10 15 -10 -2 14 -13 16 -4 -8 17 -1 -19
right_child=1 2 11 4 -6 -7 8 -9 9 -11 -12 12 -14 -15 -16 -17 -18 18 -20
leaf_value=-5.774082385872827 -0.41451761519719554 -0.25226465893765937 1.7189515016845629 2.732995582393964 -1.7576053079407048 1.0687147620002635 -2.6757634677950919 11.701917819147475 0.27499199290880127 9.3348168419787996 8.0368214729133918 -0.22197688731638807 1.222188169813853 0.15032684566724711 -0.636309741845415 1.0714647826332604 -1.0632680025573926 -2.768935366667781 -0.42852348102929011
leaf_weight=3317 335 155 94 63 4610 102 660 101 1599 51 124 1335 483 67 2500 176 61 107 52
leaf_count=3317 335 155 94 63 4610 102 660 101 1599 51 124 1335 483 67 2500 176 61 107 52
internal_value=-0.000993623 -0.000523772 -0.000804988 -0.0011955 -0.00137227 0.00183721 0.000323924 0.00163102 1.08557e-05 0.000536038 0.000626086 -0.00035826 0.00020831 -0.00259556 -0.000770442 -0.000971327 -0.00265574 -0.00269284 -0.0012
internal_weight=15992 12388 9342 4930 4673 257 3046 560 2486 1650 459 4412 1818 3604 2594 836 3537 3476 159
internal_count=15992 12388 9342 4930 4673 257 3046 560 2486 1650 459 4412 1818 3604 2594 836 3537 3476 159
cat_boundaries=0 1
cat_threshold=674039
is_linear=0
shrinkage=0.03


Tree=147
num_leaves=20
num_cat=1
split_feature=21 22 15 14 33 0 25 32 27 21 32 15 32 23 33 27 33 12 22
split_gain=13.0798 2.52729 2.48187 1.81344 1.43523 1.06902 1.02661 0.863864 0.850791 0.766602 0.658175 1.32915 0.567062 0.535219 0.397901 0.359249 0.217969 0.180685 0.170064
threshold=1051.5000000000002 2425.1300000000006 -0.96466008222729416 0.88220160189607266 7.2350000000000012 0 24.075000000000006 19.050000000000001 22.125000000000004 2850.5000000000005 166.55000000000004 0.44312301391210612 52.95000000000001 4388.0000000000009 1.8950000000000002 25.675000000000004 4.1650000000000009 1422.3166666666668 1250.5000000000002
decision_type=2 2 2 2 2 9 2 2 2 2 2 2 2 2 2 2 2 2 2
left_child=8 2 12 4 -4 10 -5 13 16 -9 11 -3 -2 -7 -10 -12 17 -1 -16
right_child=1 5 3 6 -6 7 -8 9 14 -11 15 -13 -14 -15 18 -17 -18 -19 -20
leaf_value=0.35875710560126473 -0.10011641658381049 2.4678274319585252 -0.59582524818656435 1.5039092409445274 1.6641728149751449 -0.84453491063246522 -1.7961501018205659 1.0977601631901224 -1.4474848497454615 1.0726991093654596 -0.51873817698971458 -0.44308640895706725 -2.9623948081886748 2.5865549499194245 -5.660561964772528 2.5250564228038854 -3.8281375816996652 -1.2819545902981977 -1.3310632090911387
leaf_weight=53 99 198 6484 67 175 406 1383 353 51 775 726 914 697 53 3312 58 61 50 77
leaf_count=53 99 198 6484 67 175 406 1383 353 51 775 726 914 697 53 3312 58 61 50 77
internal_value=-0.000993623 -0.000526193 -0.00079497 -0.000630334 -0.000411712 0.000148105 -0.00160234 0.00072841 -0.00258724 0.00118778 -0.000316204 0.000115902 -0.0024128 -0.000286957 -0.00268963 -0.00098981 -0.000163637 0.000346153 -0.0027292
internal_weight=15992 12388 8905 8109 6659 3483 1450 1587 3604 1128 1896 1112 796 459 3440 784 164 103 3389
internal_count=15992 12388 8905 8109 6659 3483 1450 1587 3604 1128 1896 1112 796 459 3440 784 164 103 3389
cat_boundaries=0 1
cat_threshold=3169489
is_linear=0
shrinkage=0.03


Tree=148
num_leaves=20
num_cat=0
split_feature=21 16 14 16 14 27 33 16 12 25 16 27 33 29 17 22 23 16 12
split_gain=13.2047 2.74885 1.57356 1.82828 2.18213 1.48952 1.68219 1.29029 1.20492 1.1991 1.35036 0.850791 0.397901 0.325509 0.307965 0.170064 0.129862 0.063618 0.0164301
threshold=1051.5000000000002 -0.66528308454101848 -0.95754239937548935 0.84660111278280559 -0.65234524191686594 30.075000000000006 7.2350000000000012 -0.97717844506743556 1257.6000000000001 25.975000000000005 0.28313881758084386 22.125000000000004 1.8950000000000002 28.550000000000001 0.83138725112258183 1250.5000000000002 1042.0350000000001 0.99865421017599998 1461.8333333333337
decision_type=2 2 2 2 2 2 2 2 2 2 2 2 2 2 2 2 2 2 2
left_child=11 5 9 8 -5 6 7 -2 -4 10 -3 14 -13 -7 16 17 -1 -14 -15
right_child=1 2 3 4 -6 13 -8 -9 -10 -11 -12 12 15 18 -16 -17 -18 -19 -20
leaf_value=-1.3123718854303268 -2.1781611933088159 -0.69554907689940426 -2.4587252497233605 -1.7129292246560239 0.24346871038807466 0.67696058593456365 2.9833610339069017 0.84955872370001906 -1.0043013237946412 4.0883112155227144 0.79875624042837479 -1.404060304253097 -5.6013850753740302 -2.8181887740277642 0.33663938965515205 -1.2911313128184059 -3.699996453828664 -3.2486768690525825 -2.2779628802980705
leaf_weight=53 524 789 920 640 1620 50 94 2119 5063 58 252 51 3262 195 51 77 60 50 64
leaf_count=53 524 789 920 640 1620 50 94 2119 5063 58 252 51 3262 195 51 77 60 50 64
internal_value=-0.00098612 -0.000516507 -0.000772879 -0.000916303 -0.000165857 0.000255004 0.000490869 0.000331315 -0.00119218 0.000261817 0 -0.00258724 -0.00268963 -0.00168387 -0.000163637 -0.0027292 -0.00126316 -0.00276819 -0.00212308
internal_weight=15992 12388 9342 8243 2260 3046 2737 2643 5983 1099 1041 3604 3440 309 164 3389 113 3312 259
internal_count=15992 12388 9342 8243 2260 3046 2737 2643 5983 1099 1041 3604 3440 309 164 3389 113 3312 259
is_linear=0
shrinkage=0.03


Tree=149
num_leaves=17
num_cat=2
split_feature=21 22 15 33 26 19 20 0 23 15 19 0 33 22 24 33
split_gain=13.3488 2.43876 2.24125 1.54071 1.84089 1.04942 1.0135 1.00197 0.967327 0.732709 0.718285 0.579175 0.541445 0.307172 0.17326 0.06697
threshold=1051.5000000000002 2425.1300000000006 -0.96466008222729416 3.4150000000000005 5.6500000000000012 37.750000000000007 26.51071428571429 0 4750.5000000000009 0.96633974041180493 34.150000000000013 1 1.8950000000000002 1307.5000000000002 1298.5000000000002 4.3150000000000004
decision_type=2 2 2 2 2 2 2 9 2 2 2 9 2 2 2 2
left_child=9 2 5 4 -4 -2 8 -5 10 12 -3 -10 -1 14 -14 -7
right_child=1 6 3 7 -6 15 -8 -9 11 -11 -12 -13 13 -15 -16 -17
leaf_value=-0.011157553876206769 1.0975448994963277 -0.74921048763058651 0.50699936851815097 -0.34693488146625384 -1.1344774699809796 -3.0186056781511308 2.399209403362621 -1.1825208285141535 4.4775853859990429 0.12495514543954087 0.10289741427882222 0.052863399700597218 -5.4682308539626385 -0.86107562407639582 -1.5177054914723402 -1.4491429390466948
leaf_weight=53 53 1059 1243 1583 688 651 62 4595 102 67 2129 131 3243 60 181 92
leaf_count=53 53 1059 1243 1583 688 651 62 4595 102 67 2129 131 3243 60 181 92
internal_value=-0.000969237 -0.000497135 -0.000761285 -0.00060444 0.000114906 -0.00229988 0.000165326 -0.000836544 8.24072e-05 -0.00257892 -4.04523e-05 0.00194872 -0.00263878 -0.00268494 -0.00272321 -0.0026129
internal_weight=15992 12388 8905 8109 1931 796 3483 6178 3421 3604 3188 233 3537 3484 3424 743
internal_count=15992 12388 8905 8109 1931 796 3483 6178 3421 3604 3188 233 3537 3484 3424 743
cat_boundaries=0 1 2
cat_threshold=2036736 237586
is_linear=0
shrinkage=0.03


Tree=150
num_leaves=20
num_cat=0
split_feature=21 14 11 20 13 18 26 18 33 14 7 21 13 18 17 13 23 12 11
split_gain=12.5679 2.43025 2.35645 1.49115 3.1814 1.46582 0.982933 1.40978 0.953112 0.887583 0.927418 0.845292 0.660347 0.610556 0.581597 0.313723 0.277761 0.14819 0.291136
threshold=1051.5000000000002 0.90892735371523092 69.305738176335495 22.446428571428577 1714.8010801203175 1.4000000000000019 6.1500000000000012 61.050000000000018 5.0450000000000008 0.9893236546938301 87.500000000000014 2750.5000000000005 1874.2541912632826 0.20000000000000182 0.88118961618000469 1840.5486111111115 1140.1950000000004 1633.3645000000004 166.13935486062627
decision_type=2 2 2 2 2 2 2 2 2 2 2 2 2 2 2 2 2 2 2
left_child=8 2 6 4 -4 -5 7 -2 13 -3 12 -8 -11 17 15 -15 -10 18 -1
right_child=1 9 3 5 -6 -7 11 -9 16 10 -12 -13 -14 14 -16 -17 -18 -19 -20
leaf_value=-2.9227798548369774 -1.2705065568730209 -2.4479587155305667 -3.4079595807729697 0.67041933195013537 0.14903455030675031 -0.1520409947735884 -1.697344181016627 0.16762663394479491 -6.1657998532754732 0.80042895474118658 -2.7646893531859456 0.25797084437767509 -0.59518049496311687 -3.9620374991862897 0.069870515752773824 -0.097373013909180808 -1.5118721723401178 -3.3199714441793682 2.0019926811938555
leaf_weight=78 1344 905 983 2286 1653 3907 728 265 2562 78 139 70 70 554 90 50 135 50 77
leaf_count=78 1344 905 983 2286 1653 3907 728 265 2562 78 139 70 70 554 90 50 135 50 77
internal_value=-0.000913386 -0.000456916 -0.000315298 -8.28999e-05 -0.000683732 0.000165643 -0.00114867 -0.000678262 -0.0024779 -0.00175272 -0.000125001 -0.0020388 0.00134899 -0.00151333 -0.00193813 -0.00227603 -0.00278206 0 0.000384615
internal_weight=16024 12428 11236 8829 2636 6193 2407 1609 3596 1192 287 798 148 899 694 604 2697 205 155
internal_count=16024 12428 11236 8829 2636 6193 2407 1609 3596 1192 287 798 148 899 694 604 2697 205 155
is_linear=0
shrinkage=0.03


Tree=151
num_leaves=20
num_cat=3
split_feature=21 14 16 14 14 25 16 27 0 14 7 22 0 27 10 31 32 0 20
split_gain=12.0561 2.49676 1.59371 1.34472 1.44658 1.33389 1.32675 1.20626 1.16828 0.887583 0.927418 0.629734 0.530955 0.403952 0.249403 0.186921 0.398903 0.123981 0.311421
threshold=1051.5000000000002 0.90892735371523092 -0.62588817255938378 -0.95754239937548935 0.55656748448714433 25.975000000000005 -0.97717844506743556 21.975000000000005 0 0.9893236546938301 87.500000000000014 1227.5000000000002 1 21.325000000000006 1308.8571428571431 9.7000000000000028 98.65000000000002 2 26.13214285714286
decision_type=2 2 2 2 2 2 2 2 9 2 2 2 9 2 2 2 2 9 2
left_child=7 2 6 5 -5 -4 12 13 -8 17 14 15 -2 -1 -11 -9 -17 18 -3
right_child=1 9 3 4 -6 -7 8 11 -10 10 -12 -13 -14 -15 -16 16 -18 -19 -20
leaf_value=-1.7626418015210894 -4.1471272813919393 -1.0354057044926663 0.15758517738387307 -0.93836859089566282 0.14529080750731416 4.6617788779107858 1.9520422781239084 -5.8077416297178912 0.16912057416556969 1.0579278709146811 -2.6817486725903659 -0.55462776064470398 -0.4018032065634573 2.2046024937669677 0.030244504012624809 -0.3327450621402675 -3.4491635406847299 -2.6041350045679725 -1.8032423902156467
leaf_weight=86 215 121 1049 5706 1277 59 700 2823 1813 58 139 93 417 62 90 188 344 636 148
leaf_count=86 215 121 1049 5706 1277 59 700 2823 1813 58 139 93 417 62 90 188 344 636 148
internal_value=-0.000887177 -0.00044002 -0.00029661 -0.000521256 -0.000677836 0.000424706 0.000267005 -0.00241952 0.000587111 -0.00175272 -0.000125001 -0.00253378 -0.00093365 0 0.00134899 -0.00260131 -0.00178424 -0.00221854 -0.00111429
internal_weight=16024 12428 11236 8091 6983 1108 3145 3596 2513 1192 287 3448 632 148 148 3355 532 905 269
internal_count=16024 12428 11236 8091 6983 1108 3145 3596 2513 1192 287 3448 632 148 148 3355 532 905 269
cat_boundaries=0 1 2 3
cat_threshold=721427 2720777 149580
is_linear=0
shrinkage=0.03


Tree=152
num_leaves=19
num_cat=0
split_feature=21 14 11 28 27 13 27 28 14 7 12 16 23 22 27 33 13 33
split_gain=12.0434 2.44178 2.25653 1.5464 2.45171 2.43341 1.19866 1.05701 0.901734 0.926599 0.808317 1.08507 0.893609 0.62524 0.403952 0.339606 0.201472 0.0867974
threshold=1051.5000000000002 0.878110924644389 69.305738176335495 22.975000000000005 22.925000000000004 1706.4976283506701 21.975000000000005 24.075000000000006 0.9893236546938301 87.500000000000014 1689.5166666666669 -0.45274443793211405 1610.5000000000002 1227.5000000000002 21.325000000000006 1.8950000000000002 1489.4186107159794 5.0250000000000012
decision_type=2 2 2 2 2 2 2 2 2 2 2 2 2 2 2 2 2 2
left_child=6 2 10 5 -5 -4 14 -3 16 -10 11 -2 -12 15 -1 -8 -9 -17
right_child=1 7 3 4 -6 -7 13 8 9 -11 12 -13 -14 -15 -16 17 -18 -19
leaf_value=-1.7097625474754561 -0.1216057822984617 1.1780266882877897 -2.2202567021957758 2.4142397831926243 0.085332353536379996 0.075965217348149011 -1.4046439166709708 -1.5377257557224115 0.44418889677124318 -2.5951733127644454 0.86021717039843693 -2.2272145844798694 -0.36570779803106557 -0.5379889278253619 2.1384644189539586 -3.2849725578523361 -2.3500387057547854 -5.4489966223171287
leaf_weight=86 405 65 1200 343 4988 2077 54 73 146 136 53 1246 627 93 62 632 1069 2669
leaf_count=86 405 65 1200 343 4988 2077 54 73 146 136 53 1246 627 93 62 632 1069 2669
internal_value=-0.000879689 -0.000432779 -0.000272578 -4.28628e-05 0.000266691 -0.000560098 -0.00241118 -0.00157852 -0.00176632 -7.42057e-05 -0.0011012 -0.00146368 -0.000154186 -0.00252508 0 -0.00259237 -0.00214436 -0.00263113
internal_weight=16024 12428 10939 8608 5331 3277 3596 1489 1424 282 2331 1651 680 3448 148 3355 1142 3301
internal_count=16024 12428 10939 8608 5331 3277 3596 1489 1424 282 2331 1651 680 3448 148 3355 1142 3301
is_linear=0
shrinkage=0.03


Tree=153
num_leaves=20
num_cat=2
split_feature=10 14 33 0 16 14 16 16 33 13 0 11 13 14 14 10 15 11 15
split_gain=12.0051 2.2668 1.84001 1.60617 1.47107 1.35472 1.19842 1.15042 1.1455 1.13587 1.04012 1.02634 0.957027 0.858922 0.827412 0.824371 1.1483 0.630105 0.201188
threshold=1150.0714285714287 0.90892735371523092 5.0700000000000012 0 -0.015051239303264097 0.63257020223555627 -0.71504042705586657 -0.95753797188986722 4.8250000000000011 1783.8617850637524 1 155.39542104005139 1355.985262587235 0.9893236546938301 -0.95754239937548935 1364.3571428571429 0.089118976521498999 210.77453494481108 -0.38243420677835349
decision_type=2 2 2 9 2 2 2 2 2 2 9 2 2 2 2 2 2 2 2
left_child=2 3 4 6 5 10 7 -2 -6 12 -1 -11 -5 -3 -8 16 -15 -4 -19
right_child=1 13 17 9 8 -7 14 -9 -10 11 -12 -13 -14 15 -16 -17 -18 18 -20
leaf_value=1.2240950198258076 -1.6551964243860429 -2.213479601467919 -4.4089029162755669 2.4178480614120228 -2.9998095321819256 -4.5347122247205789 0.34708828300126643 0.73359731130398143 3.4017918813550234 -0.17216571471918721 -0.022154584078604447 1.5853797591313634 -0.23676086565547139 -1.1505217301513437 -0.94032031827477902 -2.2918691196157246 1.0282778932610079 0.60392573162073482 -2.7363028482527012
leaf_weight=105 540 846 2855 118 847 140 587 868 52 556 257 1122 2827 98 3908 105 75 50 68
leaf_count=105 540 846 2855 118 847 140 587 868 52 556 257 1122 2827 98 3908 105 75 50 68
internal_value=-0.0008722 -0.000364347 -0.00221417 -0.000222571 -0.00125392 0 -0.000551911 0.000185237 -0.00198 0.000189037 0.00101653 0.000816557 -0.00015275 -0.00165067 -0.00079404 -3.22588e-05 0.00106896 -0.00265098 -7.5631e-05
internal_weight=16024 11650 4374 10526 1401 502 5903 1408 899 4623 362 1678 2945 1124 4495 278 173 2973 118
internal_count=16024 11650 4374 10526 1401 502 5903 1408 899 4623 362 1678 2945 1124 4495 278 173 2973 118
cat_boundaries=0 1 2
cat_threshold=2148585 69699
is_linear=0
shrinkage=0.03


Tree=154
num_leaves=20
num_cat=2
split_feature=10 14 33 0 16 14 16 33 16 0 19 14 33 21 12 15 11 10 15
split_gain=11.7717 2.27626 1.66354 1.53918 1.38676 1.28971 1.24989 1.1455 0.991023 0.907049 0.878466 0.858922 0.844293 2.73091 1.07254 0.81351 0.606161 0.432051 0.201188
threshold=1150.0714285714287 0.90892735371523092 5.0700000000000012 0 -0.015051239303264097 0.63257020223555627 -0.67246555226382421 4.8250000000000011 -0.96929669384506845 1 232.85000000000005 0.9893236546938301 4.9050000000000011 1400.5000000000002 1697.1333333333334 0.054805126479326886 210.77453494481108 1308.8571428571431 -0.38243420677835349
decision_type=2 2 2 9 2 2 2 2 2 9 2 2 2 2 2 2 2 2 2
left_child=2 3 4 6 5 9 8 -6 -2 -1 -8 -3 14 -14 -5 -13 -4 -17 -18
right_child=1 11 16 12 7 -7 10 -9 -10 -11 -12 15 13 -15 -16 17 18 -19 -20
leaf_value=-2.2535718465572199 -1.6251684716008463 -2.1470752134238804 -4.2766358287872999 -1.0154129292956586 -2.9098152462164695 -4.3986708579789617 -1.0014432522111536 3.2997381249143753 0.74312486928055166 1.067379659862711 0.048156202356216413 -2.1449846712547567 2.3776724548676618 0.22162165602969355 0.32872527725787748 1.007705280879734 0.58580795967210941 -0.029457873710255583 -2.6542137628051181
leaf_weight=108 438 846 2855 1245 847 140 3800 52 1136 254 953 128 126 542 2286 53 50 97 68
leaf_count=108 438 846 2855 1245 847 140 3800 52 1136 254 953 128 126 542 2286 53 50 97 68
internal_value=-0.000864712 -0.000361772 -0.0021936 -0.000219721 -0.00127532 0 -0.000516883 -0.00198 0.00019238 0.000933884 -0.000762306 -0.00165067 0.000218052 0.00119731 2.03843e-05 -3.22588e-05 -0.00261063 0.00129139 -7.5631e-05
internal_weight=16024 11650 4374 10526 1401 502 6327 899 1574 362 4753 1124 4199 668 3531 278 2973 150 118
internal_count=16024 11650 4374 10526 1401 502 6327 899 1574 362 4753 1124 4199 668 3531 278 2973 150 118
cat_boundaries=0 1 2
cat_threshold=2148601 35840
is_linear=0
shrinkage=0.03


Tree=155
num_leaves=20
num_cat=3
split_feature=10 21 33 0 0 33 0 11 19 14 14 6 17 33 10 24 17 11 24
split_gain=11.1877 1.78691 1.56657 1.36734 1.30029 1.1434 1.12068 1.05699 0.816365 0.787556 1.22226 0.737195 0.687627 0.680739 0.711314 0.60543 0.547145 0.411346 0.339549
threshold=1128.6428571428576 2649.2200000000007 5.0250000000000012 0 1 4.7250000000000005 2 67.259270913428551 212.50000000000003 0.90892735371523092 0.19337368024598436 4.5000000000000009 0.99138911339924218 2.8350000000000004 2400.0714285714289 1250.5000000000002 -0.89881715304566234 213.17580476558933 2842.5000000000005
decision_type=2 2 2 9 9 2 9 2 2 2 2 2 2 2 2 2 2 2 2
left_child=2 4 5 13 7 6 11 16 -9 10 -6 -1 17 18 -15 -11 -2 -5 -3
right_child=1 3 -4 12 9 -7 -8 8 -10 15 -12 -13 -14 14 -16 -17 -18 -19 -20
leaf_value=-3.7930652380471814 0.3265492607213703 0.40316390099994132 -4.1788280512895062 0.070107326714412277 -0.46955573971686398 3.0604520938392481 -2.3236138222635243 -0.9166539146735152 0.42611438381358302 0.45418689215499042 0.68739769010475926 0.73562340075960708 0.47089361828959103 3.8627333803544914 1.2736712777624006 -2.2410133426856653 -1.607175694573983 -1.0643883944508818 -0.82412665604983737
leaf_weight=52 73 94 2942 619 1599 72 954 4084 353 69 987 131 53 60 1019 295 1353 997 184
leaf_count=52 73 94 2942 619 1599 72 954 4084 353 69 987 131 53 60 1019 295 1353 997 184
internal_value=-0.0008658 -0.000391217 -0.00220809 0.000226957 -0.000608578 -0.00122479 -0.00148155 -0.000867212 -0.000623254 -7.59886e-05 9.16112e-05 0.000494845 -0.000328572 0.000938596 0.00129444 -0.00138904 -0.00159986 -0.000465678 -0.000247313
internal_weight=15990 11839 4151 3026 8813 1209 1137 5863 4437 2950 2586 183 1669 1357 1079 364 1426 1616 278
internal_count=15990 11839 4151 3026 8813 1209 1137 5863 4437 2950 2586 183 1669 1357 1079 364 1426 1616 278
cat_boundaries=0 1 2 3
cat_threshold=1253951 119035 1130505
is_linear=0
shrinkage=0.03


Tree=156
num_leaves=18
num_cat=0
split_feature=21 14 11 14 20 13 18 15 23 13 26 18 23 6 14 18 31
split_gain=10.7287 2.64809 2.54231 1.64373 1.47986 4.51295 1.72422 1.32466 1.31571 1.05319 0.785755 1.5704 0.610839 0.441995 0.17253 0.117224 0.0951416
threshold=977.04500000000019 0.90892735371523092 55.634864026434549 0.98667101781630195 22.496428571428577 1714.8010801203175 1.4000000000000019 0.054805126479326886 1140.1950000000004 1874.2541912632826 6.2500000000000009 65.150000000000034 2732.5000000000005 11.500000000000002 0.90162119223771331 5.900000000000003 48.950000000000003
decision_type=2 2 2 2 2 2 2 2 2 2 2 2 2 2 2 2 2
left_child=8 2 10 -3 5 -4 -6 15 13 -9 11 -2 -12 16 -10 -5 -1
right_child=1 3 4 7 6 -7 -8 9 14 -11 12 -13 -14 -15 -16 -17 -18
leaf_value=-5.8365108794094294 -1.1482637921039454 -2.2456319738940351 -3.3643417809494585 -3.5644418501018467 0.72977383779577454 0.42954417928314681 -0.15986032009140735 0.86601638097369371 1.5239655300053381 -0.7526340153422767 -1.8931441332068661 0.28147967433389715 0.018815983325144756 -2.1263460130864758 -1.4822999681262223 -0.97304391996468531 -3.8495884870564163
leaf_weight=2542 1058 1018 1132 117 2376 1761 4506 131 83 84 629 202 65 82 63 52 89
leaf_count=2542 1058 1018 1132 117 2376 1761 4506 131 83 84 629 202 65 82 63 52 89
internal_value=-0.000832031 -0.000465124 -0.000313044 -0.00170421 -0.000110475 -0.000682102 0.000123347 0 -0.0025007 0.00152778 -0.00130281 -0.000796987 -0.00215396 -0.0026507 0 -0.00201177 -0.00271961
internal_weight=15990 13131 11729 1402 9775 2893 6882 384 2859 215 1954 1260 694 2713 146 169 2631
internal_count=15990 13131 11729 1402 9775 2893 6882 384 2859 215 1954 1260 694 2713 146 169 2631
is_linear=0
shrinkage=0.03


Tree=157
num_leaves=18
num_cat=0
split_feature=21 14 11 14 20 13 18 15 23 13 26 18 12 6 7 18 31
split_gain=10.7042 2.63796 2.22151 1.64373 1.403 4.51295 1.45033 1.32466 1.13936 1.05319 0.740456 1.50617 0.857543 0.437413 0.124098 0.117224 0.0918767
threshold=977.04500000000019 0.90892735371523092 55.634864026434549 0.98667101781630195 22.496428571428577 1714.8010801203175 1.4000000000000019 0.054805126479326886 1140.1950000000004 1874.2541912632826 6.2500000000000009 65.150000000000034 1626.9833333333336 11.500000000000002 80.500000000000014 5.900000000000003 48.950000000000003
decision_type=2 2 2 2 2 2 2 2 2 2 2 2 2 2 2 2 2
left_child=8 2 10 -3 5 -4 -6 15 13 -9 11 -2 -12 16 -10 -5 -1
right_child=1 3 4 7 6 -7 -8 9 14 -11 12 -13 -14 -15 -16 -17 -18
leaf_value=-5.6614155530271484 -1.1138158783408258 -2.1782630146772162 -3.2634115275209759 -3.4575085945987878 0.70788062266190255 0.41665785390464749 -0.15506451048866501 0.84003588954448472 0.96362271244366815 -0.73005499488201042 -2.4795395551150405 0.27303528410387945 -0.17511944862118198 -2.0625556326938868 -0.87470813530564873 -0.94385260236574231 -3.7341008324447218
leaf_weight=2542 1058 1018 1132 117 2376 1761 4506 131 53 84 483 202 211 82 93 52 89
leaf_count=2542 1058 1018 1132 117 2376 1761 4506 131 53 84 483 202 211 82 93 52 89
internal_value=-0.000833907 -0.000467409 -0.000315602 -0.00170421 -0.000125819 -0.000682102 0.000101554 0 -0.0025007 0.00152778 -0.00124143 -0.000749406 -0.00206763 -0.00263965 0 -0.00201177 -0.00270821
internal_weight=15990 13131 11729 1402 9775 2893 6882 384 2859 215 1954 1260 694 2713 146 169 2631
internal_count=15990 13131 11729 1402 9775 2893 6882 384 2859 215 1954 1260 694 2713 146 169 2631
is_linear=0
shrinkage=0.03


Tree=158
num_leaves=20
num_cat=3
split_feature=10 33 16 16 0 0 16 33 16 7 12 15 33 12 14 27 0 14 33
split_gain=10.6476 1.76999 1.59834 1.57425 1.42718 1.39731 1.34741 1.43588 1.34317 1.86486 1.26998 1.09885 1.0886 0.915024 0.910316 0.779025 0.698685 0.650589 0.488659
threshold=1128.6428571428576 5.0250000000000012 -0.66528308454101848 -0.97717844506743556 0 1 0.10196183112029107 2.6750000000000003 0.93771544905322102 226.50000000000003 3978.2000000000003 0.99681593486783593 3.7350000000000008 1657.7166666666669 -0.95754239937548935 30.075000000000006 2 0.63257020223555627 4.4150000000000009
decision_type=2 2 2 2 9 9 2 2 2 2 2 2 2 2 2 2 9 2 2
left_child=1 6 3 16 10 11 7 -1 12 -10 -5 14 -7 -13 -4 -6 -2 -9 -8
right_child=2 -3 5 4 15 8 18 17 9 -11 -12 13 -14 -15 -16 -17 -18 -19 -20
leaf_value=1.4596719789853252 -3.5495618921536387 -3.8293502876911805 0.066870078078059891 1.5484687941701698 0.23334169810193922 0.096188839506164317 -2.6918374499300057 0.047000332842573066 2.3888376528788697 -1.6552892608203345 11.125695228323597 -2.9859772994187046 -1.1667661541578918 1.1878327326574842 -0.97562238377991661 -3.086547557769757 -0.57758408958217433 -3.9520661754036803 0.23614010698132104
leaf_weight=63 221 2942 688 707 1307 1281 634 309 292 119 136 111 1320 228 4958 99 372 105 98
leaf_count=63 221 2942 688 707 1307 1281 634 309 292 119 136 111 1320 228 4958 99 372 105 98
internal_value=-0.000826403 -0.00213584 -0.000363345 0.000245866 0.000621333 -0.000560792 -0.00110083 5.02085e-05 -1.68714e-05 0.00155825 0.00158782 -0.000825551 -0.000283629 0.000758823 -0.000930229 0 -0.00110101 -0.000498796 -0.00191132
internal_weight=15990 4151 11839 2842 2249 8997 1209 477 3012 411 843 5985 2601 339 5646 1406 593 414 732
internal_count=15990 4151 11839 2842 2249 8997 1209 477 3012 411 843 5985 2601 339 5646 1406 593 414 732
cat_boundaries=0 1 2 3
cat_threshold=2820657 2148603 2851912
is_linear=0
shrinkage=0.03


Tree=159
num_leaves=20
num_cat=1
split_feature=21 21 7 7 16 19 27 13 22 0 7 17 21 16 24 15 21 5 27
split_gain=10.7887 2.11181 1.35799 2.22533 2.30262 1.183 1.90416 1.10952 1.10282 1.02802 0.788162 0.787268 1.09847 0.651431 0.647576 0.41921 0.299468 0.243152 0.0998127
threshold=977.04500000000019 2500.5000000000005 258.50000000000006 224.50000000000003 0.94496830006774635 172.25000000000003 24.975000000000005 1708.5960591133007 1170.5000000000002 0 210.50000000000003 0.8842148469408333 2900.5000000000005 -0.91597725483594616 3784.2950000000005 0.86439018870140905 821.50000000000011 3.5000000000000004 25.025000000000002
decision_type=2 2 2 2 2 2 2 2 2 9 2 2 2 2 2 2 2 2 2
left_child=8 2 3 4 -2 7 -7 -4 15 10 17 13 -13 -11 -12 -1 -10 -3 -5
right_child=1 9 5 18 -6 6 -8 -9 16 11 14 12 -14 -15 -16 -17 -18 -19 -20
leaf_value=-5.3440763185660671 -0.92505188804759109 -0.64444378879229769 -2.4535147137007303 -3.3632592768159952 0.93894474335695788 0.38314424213581394 8.2364039269286682 0.30644093323974814 1.6057818280734657 1.0367929304433086 3.6195477978317943 1.0139010631087204 -1.5525488409830723 -0.31607385498453189 0.69570936985263454 -1.1118274013902818 -0.75986861868433608 3.2338898381299557 -0.5452942092303622
leaf_weight=2645 5990 128 808 664 702 558 55 1022 51 498 333 170 64 1728 254 83 80 58 99
leaf_count=2645 5990 128 808 664 702 558 55 1022 51 498 333 170 64 1728 254 83 80 58 99
internal_value=-0.000817023 -0.000449133 -0.000667644 -0.000869099 -0.000684447 -3.43706e-05 0.00108469 -0.00043419 -0.00249021 0.000205936 0.00115561 -7.89161e-05 0.00154468 -0.000270769 0.00172449 -0.00261964 0 -0.000336899 -0.0024267
internal_weight=15990 13131 9898 7455 6692 2443 613 1830 2859 3233 773 2460 234 2226 587 2728 131 186 763
internal_count=15990 13131 9898 7455 6692 2443 613 1830 2859 3233 773 2460 234 2226 587 2728 131 186 763
cat_boundaries=0 1
cat_threshold=205325
is_linear=0
shrinkage=0.03


Tree=160
num_leaves=20
num_cat=0
split_feature=22 11 14 14 15 17 16 17 16 24 7 16 12 13 24 16 14 33 12
split_gain=11.811 1.76714 1.67158 1.43083 1.42085 1.23317 0.976008 4.03435 1.24654 0.831774 0.835664 0.833797 0.810074 0.631814 0.74385 0.5097 0.664312 0.371933 0.329923
threshold=1075.9850000000004 55.634864026434549 0.90892735371523092 0.98372640911059162 0.054805126479326886 0.93771382312378282 0.97364703930971175 0.18281650233046789 0.64415889436411822 1002.0000000000001 268.50000000000006 -0.94388905186573491 1689.5166666666669 1878.8280960016161 1650.5000000000002 -0.85616965931250022 0.63257020223555627 4.7950000000000008 848.03333333333342
decision_type=2 2 2 2 2 2 2 2 2 2 2 2 2 2 2 2 2 2 2
left_child=5 12 6 -4 -5 9 8 -8 -3 -1 11 -11 15 14 -14 16 -2 -17 -7
right_child=1 2 3 4 -6 18 7 -9 -10 10 -12 -13 13 -15 -16 17 -18 -19 -20
leaf_value=-4.7330296619675307 0.62118828634029422 0.052242121689877449 -1.9130174784454528 -1.9715561751051465 0.52022963237430886 -0.68462656101217223 0.18590031656209108 5.537648549007228 -0.79889335046300847 0.66282601094535742 1.9277499208435696 -2.2753707075142966 0.56722165809277347 -1.1570556044795333 -0.015881906431651528 -1.9396375505642409 -2.2505514942131799 -0.48931265682544556 0.93467089271643589
leaf_weight=2627 56 6769 749 129 217 73 544 70 1985 63 87 770 56 173 311 973 106 198 62
leaf_count=2627 56 6769 749 129 217 73 544 70 1985 63 87 770 56 173 311 973 106 198 62
internal_value=-0.000809602 -0.000360137 -0.000202982 -0.00131387 0.000164264 -0.00230274 -6.82044e-05 0.00107805 -0.000153856 -0.0024115 -0.00151466 -0.00182734 -0.00121345 -0.000138633 0.000472825 -0.00161469 0 -0.00183277 0.000220588
internal_weight=16018 12336 10463 1095 346 3682 9368 614 8754 3547 920 833 1873 540 367 1333 162 1171 135
internal_count=16018 12336 10463 1095 346 3682 9368 614 8754 3547 920 833 1873 540 367 1333 162 1171 135
is_linear=0
shrinkage=0.03


Tree=161
num_leaves=20
num_cat=1
split_feature=21 22 0 12 20 12 33 23 13 20 16 22 7 16 12 7 16 11 15
split_gain=12.0276 1.75902 1.4484 1.2861 1.03211 0.999916 1.59763 1.24018 1.10862 1.01478 0.890063 0.875643 0.891933 0.868202 1.53889 0.810874 0.695118 0.644151 0.434752
threshold=1150.5000000000002 995.5100000000001 0 4214.0000000000009 23.975000000000005 1807.9333333333336 5.4850000000000012 1550.5000000000002 1722.6421540394788 22.396428571428576 0.84660111278280559 1410.5000000000002 339.50000000000006 -0.96026770555568497 1088.3500000000001 268.50000000000006 -0.84829621879359263 162.66017746619826 -0.98372925196996197
decision_type=2 2 9 2 2 2 2 2 2 2 2 2 2 2 2 2 2 2 2
left_child=1 18 5 4 17 8 7 -7 9 -2 -6 13 -13 14 -3 -15 -10 -4 -1
right_child=2 11 3 -5 10 6 -8 -9 16 -11 -12 12 -14 15 -16 -17 -18 -19 -20
leaf_value=-0.098102503031859661 -2.9821212152211132 4.8714948373330786 -1.6554494050988187 8.4513700344579625 0.12498306161809697 2.1806883696168371 -1.6899556429096791 -0.072208311866766864 0.018169614942939272 -0.095768875637247758 1.3176457401562147 1.945170048764794 -1.7486754158700333 -1.7925761132074161 -1.6279756048875367 1.0657087483744614 -1.7297187154766009 -0.14147180324482519 -5.3286098651218854
leaf_weight=63 404 51 463 123 1907 143 578 3529 161 1735 414 53 54 1467 90 95 1026 986 2676
leaf_count=63 404 51 463 123 1907 143 578 3529 161 1735 414 53 54 1467 90 95 1026 986 2676
internal_value=-0.000805856 -0.00211253 -0.000283523 0.000178278 6.76206e-05 -0.000526296 -0.000208187 1.06173e-05 -0.00092065 -0.000482244 0.000470284 -0.00133352 0.00105555 -0.00151056 0.000507042 -0.00172169 -0.00167172 -0.000546208 -0.00261022
internal_weight=16018 4549 11469 3893 3770 7576 4250 3672 3326 2139 2321 1810 107 1703 141 1562 1187 1449 2739
internal_count=16018 4549 11469 3893 3770 7576 4250 3672 3326 2139 2321 1810 107 1703 141 1562 1187 1449 2739
cat_boundaries=0 1
cat_threshold=3727594
is_linear=0
shrinkage=0.03


Tree=162
num_leaves=20
num_cat=2
split_feature=21 22 11 16 17 0 27 0 32 7 21 22 12 17 21 16 16 30 27
split_gain=11.7481 1.70651 1.26784 1.47124 3.00292 1.37962 1.25191 1.20766 1.13772 0.82631 1.08966 0.741066 0.675263 0.672838 1.44122 0.661116 0.511837 0.526979 0.423829
threshold=1070.5000000000002 2425.1300000000006 62.678317052764775 0.97650828179861848 0.052657569964411031 0 22.125000000000004 1 244.45000000000002 165.50000000000003 2470.5000000000005 1002.0000000000001 1697.1333333333334 0.89975755788027889 2887.0200000000004 -0.91597725483594616 -0.90893575921103265 3.5500000000000003 21.325000000000006
decision_type=2 2 2 2 2 9 2 9 2 2 2 2 2 2 2 2 2 2 2
left_child=6 2 5 8 -5 12 18 13 -4 -9 -11 -8 -2 15 -15 -3 -13 -18 -1
right_child=1 7 3 4 -6 -7 11 9 -10 10 -12 16 -14 14 -16 -17 17 -19 -20
leaf_value=-2.3599627705281931 -0.55848448340922208 0.99434751252664699 -0.62111009435168052 -1.1032845277276626 3.1171362184173432 -1.6740431909539979 -4.7983279723883809 -0.97192724938597752 0.4097822130709971 3.9096486196616658 1.0629557411239794 0.70371642939366452 0.43443458522136402 2.0591758519538716 -0.55763731327608423 -0.45061954084957134 -1.3728536986475828 0.12137949772959673 2.1152643765090096
leaf_weight=89 659 411 6272 164 120 1187 2832 140 324 107 1201 70 132 122 83 1449 465 114 77
leaf_count=89 659 411 6272 164 120 1187 2832 140 324 107 1201 70 132 122 83 1449 465 114 77
internal_value=-0.000805856 -0.00036033 -0.000583475 -0.000381486 0.00169474 -0.00126276 -0.00230428 0.000189527 -0.000477945 0.000857436 0.00111612 -0.00242619 -0.000209477 -0.000260116 0.00131068 -0.000459431 -0.00135692 -0.00167586 0
internal_weight=16018 12371 8858 6880 284 1978 3647 3513 6596 1448 1308 3481 791 2065 205 1860 649 579 166
internal_count=16018 12371 8858 6880 284 1978 3647 3513 6596 1448 1308 3481 791 2065 205 1860 649 579 166
cat_boundaries=0 1 2
cat_threshold=2700373 3723494
is_linear=0
shrinkage=0.03


Tree=163
num_leaves=19
num_cat=2
split_feature=21 14 11 14 13 0 24 13 22 15 14 14 10 0 17 27 10 22
split_gain=11.6305 2.40618 2.24139 2.00604 1.99383 1.45378 1.15822 1.13616 1.05028 0.942526 0.807476 1.60685 0.716598 0.58318 0.395059 0.21769 0.158105 0.114962
threshold=977.04500000000019 0.80417553764032002 74.801324154329663 0.7210268013660811 1701.8566468253969 0 1976.9000000000003 1783.8617850637524 1170.5000000000002 0.95936279103287792 0.9916835347852474 0.91596454896554913 1228.6428571428576 1 0.94353349168649059 21.925000000000001 1100.214285714286 1051.5000000000002
decision_type=2 2 2 2 2 9 2 2 2 2 2 2 2 9 2 2 2 2
left_child=8 2 3 6 10 9 -2 -7 14 -4 11 -3 -6 -14 15 -1 -10 -17
right_child=1 4 5 -5 12 7 -8 -9 16 -11 -12 -13 13 -15 -16 17 -18 -19
leaf_value=-0.96430623722189579 -1.3213880096589823 1.4406528189781882 -0.063338021503447431 2.8813418358725933 -2.0690385591532863 0.067168841505853505 0.099201324798454685 1.4608756384615225 0.74589266985548186 -1.5976188683314339 0.7228164107826115 -1.6082140616115776 -0.63720968403724754 -1.9713636455817607 -0.48893049477021128 -5.6912530900804494 -0.35594431783537922 -0.94293005026485488
leaf_weight=51 2187 228 4378 79 550 1623 482 1207 50 947 84 304 557 539 50 2545 71 86
leaf_count=51 2187 228 4378 79 550 1623 482 1207 50 947 84 304 557 539 50 2545 71 86
internal_value=-0.00078151 -0.000401034 -0.000211299 -0.000952711 -0.00129518 3.31037e-05 -0.00110562 0.000586061 -0.00252067 -0.000252999 9.23818e-05 -0.000264541 -0.00184153 -0.00131541 -0.00264215 -0.00269139 0 -0.002731
internal_weight=16018 13165 10903 2748 2262 8155 2669 2830 2853 5325 616 532 1646 1096 2732 2682 121 2631
internal_count=16018 13165 10903 2748 2262 8155 2669 2830 2853 5325 616 532 1646 1096 2732 2682 121 2631
cat_boundaries=0 1 2
cat_threshold=2677985 476273
is_linear=0
shrinkage=0.03


Tree=164
num_leaves=18
num_cat=1
split_feature=21 27 16 33 0 21 16 13 22 11 20 27 10 13 15 22 13
split_gain=11.5798 1.92038 1.89796 1.69999 1.4995 1.58985 1.35972 1.23564 1.05028 0.955566 0.649035 0.355483 0.158105 0.156457 0.0938746 0.114473 0.0046345
threshold=977.04500000000019 30.075000000000006 -0.66528308454101848 7.2350000000000012 0 1306.6350000000002 -0.97717844506743556 1833.6040548598692 1170.5000000000002 108.01234497350625 29.610714285714291 21.925000000000001 1100.214285714286 1755.0070636696503 -0.98049353344232182 1051.5000000000002 1908.320641977323
decision_type=2 2 2 2 9 2 2 2 2 2 2 2 2 2 2 2 2
left_child=8 2 3 6 5 -4 -2 -5 11 -6 13 -1 -10 -3 -13 -16 -15
right_child=1 10 4 7 9 -7 -8 -9 12 -11 -12 14 -14 16 15 -17 -18
leaf_value=-0.66322898361128657 -1.7904301579134532 0.55928588994929151 -1.3829200245794917 4.9464791087068516 -0.49589269456789969 -0.44947583139606945 0.4978644234230003 -0.070641196230380052 0.72351588975981707 0.32104786378577782 -2.0057438031837815 -1.312876852913905 -0.34526598830031907 -2.1175487960303401 -5.520515497378037 -0.91464214875691241 -1.3101968017432328
leaf_weight=54 565 71 1418 67 1297 4809 2227 53 50 2078 478 65 71 52 2527 86 50
leaf_count=54 565 71 1418 67 1297 4809 2227 53 50 2078 478 65 71 52 2527 86 50
internal_value=-0.000785256 -0.000405591 -0.000318578 0.000342945 -0.000523899 -0.000799295 0.00017508 0.00384297 -0.00252067 -7.12932e-10 -0.00200614 -0.00264215 0 -0.000137932 -0.00269093 -0.00272915 -0.00107767
internal_weight=16018 13165 12514 2912 9602 6227 2792 120 2853 3375 651 2732 121 173 2678 2613 102
internal_count=16018 13165 12514 2912 9602 6227 2792 120 2853 3375 651 2732 121 173 2678 2613 102
cat_boundaries=0 1
cat_threshold=3719411
is_linear=0
shrinkage=0.03


Tree=165
num_leaves=20
num_cat=0
split_feature=10 33 16 14 16 27 27 33 33 25 11 17 11 33 25 11 16 16 31
split_gain=10.9654 1.77175 1.42755 1.30014 1.882 1.31444 1.63077 1.22223 1.17419 1.07311 1.55178 1.49294 1.03825 0.877438 2.92512 0.846649 0.802651 0.798138 0.766229
threshold=1150.0714285714287 5.0700000000000012 -0.015051239303264097 -0.33425342068356556 0.96522610578843548 24.375000000000004 25.825000000000006 2.7850000000000006 4.745000000000001 23.575000000000006 108.01234497350625 0.6952237066490784 55.634864026434549 5.4450000000000012 24.575000000000006 166.13935486062627 0.28313881758084386 -0.89405649444168434 9.149999999999995
decision_type=2 2 2 2 2 2 2 2 2 2 2 2 2 2 2 2 2 2 2
left_child=1 2 7 5 12 9 -7 -1 -4 11 -11 -2 17 14 -6 -8 -14 -5 -3
right_child=3 18 8 4 13 6 15 -9 -10 10 -12 -13 16 -15 -16 -17 -18 -19 -20
leaf_value=0.92164368754619952 -0.59025674301886566 -3.3136207202022421 -2.3355438405888544 0.22275919019636201 0.82857927409387777 -0.63007825331111011 -0.53954972194240247 -0.41217516051298753 3.402976933454724 -0.12245615763010193 3.1506910899491443 3.7892082560108045 -0.17288577223214605 -1.5247107967105771 6.0840716379328112 5.0377950398812148 -0.91495504816887885 -1.2873768490311488 -0.59287662020052212
leaf_weight=55 1461 2888 833 98 319 1836 69 466 59 589 718 190 2942 109 57 101 2354 812 113
leaf_count=55 1461 2888 833 98 319 1836 69 466 59 589 718 190 2942 109 57 101 2354 812 113
internal_value=-0.000803485 -0.0020786 -0.00114144 -0.000316576 -0.000589959 4.28996e-05 -0.000539612 2.29878e-05 -0.00187122 0.000453193 0.00109633 -2.90564e-05 -0.000735138 0.00117284 0.00190186 0.00219298 -0.000561262 -0.00169594 -0.00250433
internal_weight=16069 4414 1413 11655 6691 4964 2006 521 892 2958 1307 1651 6206 485 376 170 5296 910 3001
internal_count=16069 4414 1413 11655 6691 4964 2006 521 892 2958 1307 1651 6206 485 376 170 5296 910 3001
is_linear=0
shrinkage=0.03


Tree=166
num_leaves=16
num_cat=1
split_feature=21 27 16 17 21 0 33 7 10 23 7 29 7 22 33
split_gain=10.6262 1.86045 1.9807 1.50484 2.14601 1.3962 1.33876 1.24285 1.11459 0.843247 0.690882 0.358932 0.0885397 0.0522884 0.00106179
threshold=977.04500000000019 30.325000000000006 -0.66528308454101848 0.6952237066490784 2200.3500000000004 0 7.2350000000000012 210.50000000000003 1178.6428571428576 1150.5000000000002 334.50000000000006 27.625000000000004 81.500000000000014 1075.9850000000004 6.4450000000000012
decision_type=2 2 2 2 2 9 2 2 2 2 2 2 2 2 2
left_child=9 2 3 6 -5 8 -2 -7 -4 10 13 -3 -11 -1 -13
right_child=1 11 5 4 -6 7 -8 -9 -10 12 -12 14 -14 -15 -16
leaf_value=-5.0246293778974351 -0.02174334544579529 -0.075637317320732339 -1.6863185267548764 5.3289756153242145 -1.4886920732803057 -0.48711811936224891 2.2846051775653056 0.5646392001774635 -0.54940505104361437 1.4966115190690108 -0.78945043942680948 -2.1581211365190813 -0.75941863019071398 -0.42020918085213715 -1.964745560805544
leaf_weight=2529 2659 60 890 141 77 1716 131 1269 5813 59 90 53 62 95 425
leaf_count=2529 2659 60 890 141 77 1716 131 1269 5813 59 90 53 62 95 425
internal_value=-0.000805352 -0.000444051 -0.000366465 0.000296111 0.00269863 -0.00057684 9.13644e-05 -2.00274e-05 -0.000816801 -0.00247532 -0.00258453 -0.00218738 0 -0.00267314 -0.00246138
internal_weight=16069 13234 12696 3008 218 9688 2790 2985 6703 2835 2714 538 121 2624 478
internal_count=16069 13234 12696 3008 218 9688 2790 2985 6703 2835 2714 538 121 2624 478
cat_boundaries=0 1
cat_threshold=2671859
is_linear=0
shrinkage=0.03


Tree=167
num_leaves=20
num_cat=0
split_feature=21 14 12 20 17 14 21 14 16 21 17 33 23 6 18 7 7 12 22
split_gain=10.6262 2.1885 1.22078 1.61104 1.97545 1.69852 1.45539 0.906962 1.14563 0.946627 0.898513 0.869281 0.843247 0.690882 0.137778 0.0885397 0.0628815 0.0931836 0.0522884
threshold=977.04500000000019 0.90892735371523092 1807.9333333333336 23.88571428571429 0.80417972082707845 0.7210268013660811 1400.5000000000002 0.98372640911059162 0.10837544681456425 1125.5000000000002 0.99683437150207233 3.8250000000000006 1150.5000000000002 11.500000000000002 5.900000000000003 81.500000000000014 73.500000000000014 2098.5333333333338 1075.9850000000004
decision_type=2 2 2 2 2 2 2 2 2 2 2 2 2 2 2 2 2 2 2
left_child=12 2 3 5 -5 -2 11 16 14 -10 -8 -4 13 18 -9 -14 -3 -18 -1
right_child=1 7 6 4 -6 -7 10 8 9 -11 -12 -13 15 -15 -16 -17 17 -19 -20
leaf_value=-4.8738904965605157 -2.1771537309802351 -1.3359107802045544 4.2294574395339355 0.10588696316762802 -1.2531998923013699 3.0835697287810069 -0.10348462975330475 -3.1296593459475326 -2.6323453245738766 0.51757156149470251 0.84148469543133653 0.87270770192488067 1.4517131734969371 -0.76576692624400244 -0.72580625921266329 -0.7366360712849902 -1.8237531876976687 -1.6892167868350356 -0.40760290542657041
leaf_weight=2529 1739 381 64 2886 981 82 5742 143 69 202 169 99 59 90 52 62 547 78 95
leaf_count=2529 1739 381 64 2886 981 82 5742 143 69 202 169 99 59 90 52 62 547 78 95
internal_value=-0.000805352 -0.000444051 -0.00030273 -0.000618563 -0.000257498 -0.00136004 0 -0.00154175 -0.000327624 0.000816176 -8.42362e-05 0.00278049 -0.00247532 -0.00258453 -0.00214286 0 -0.00205859 -0.00239617 -0.00267314
internal_weight=16069 13234 11762 5688 3867 1821 6074 1472 466 271 5911 163 2835 2714 195 121 1006 625 2624
internal_count=16069 13234 11762 5688 3867 1821 6074 1472 466 271 5911 163 2835 2714 195 121 1006 625 2624
is_linear=0
shrinkage=0.03


Tree=168
num_leaves=20
num_cat=2
split_feature=21 14 0 26 18 23 14 6 21 31 13 14 6 17 7 0 7 18 23
split_gain=10.6112 2.14382 1.40983 1.31202 1.57538 0.890227 0.87282 1.01236 0.851498 0.823753 0.783048 1.21303 0.699881 0.611233 0.319227 0.317488 0.207017 0.131262 0.0670944
threshold=977.04500000000019 0.90892735371523092 0 5.5500000000000007 63.350000000000001 1140.1950000000004 0.98372640911059162 3.5000000000000004 1125.5000000000002 83.90000000000002 1783.8617850637524 0.79904096188274243 11.500000000000002 0.81178104038754306 79.500000000000014 1 71.500000000000014 5.900000000000003 1042.0350000000001
decision_type=2 2 9 2 2 2 2 2 2 2 2 2 2 2 2 9 2 2 2
left_child=5 2 10 4 -4 12 15 8 -8 -5 13 -12 18 -2 -7 16 -3 -9 -1
right_child=1 6 3 9 -6 14 7 17 -10 -11 11 -13 -14 -15 -16 -17 -18 -19 -20
leaf_value=-4.6800731284760628 0.25477504649704519 -0.42936665363763021 -0.43170002452701595 -0.42103248606057087 0.54486785536870141 1.4154344803097794 -2.553374964836661 -3.1500899878563056 0.46170970597350253 -1.2857443808902538 2.0991799292412914 -2.7488964551420958 -0.62912831657944324 -1.2643477513919643 -0.9763147780112208 -2.0728542372569341 -0.81471711354731624 -0.70403207143628133 -1.3471717937205314
leaf_weight=2495 1028 135 7349 1224 494 54 69 134 211 549 628 90 89 400 79 609 262 52 118
leaf_count=2495 1028 135 7349 1224 494 54 69 134 211 549 628 90 89 400 79 609 262 52 118
internal_value=-0.000796018 -0.000434984 -0.000295079 -0.000452166 -0.00027843 -0.00246474 -0.00152139 -0.000327624 0.000693949 -0.00119729 0.000388038 0.0011975 -0.00258269 0 0 -0.0020288 -0.00104412 -0.0021016 -0.00267177
internal_weight=16069 13234 11762 9616 7843 2835 1472 466 280 1773 2146 718 2702 1428 133 1006 397 186 2613
internal_count=16069 13234 11762 9616 7843 2835 1472 466 280 1773 2146 718 2702 1428 133 1006 397 186 2613
cat_boundaries=0 1 2
cat_threshold=1516036 153704
is_linear=0
shrinkage=0.03


Tree=169
num_leaves=20
num_cat=2
split_feature=21 14 0 12 17 21 7 23 14 15 21 14 6 27 7 0 12 7 18
split_gain=10.5333 2.20013 1.34679 1.57062 1.16791 1.0538 0.997008 0.927916 0.87282 1.14563 0.946627 0.704721 0.532433 0.436535 0.376167 0.317488 0.265832 0.207017 0.137778
threshold=977.04500000000019 0.90892735371523092 0 1773.5833333333337 -0.88918525430897799 1400.5000000000002 40.500000000000007 995.5100000000001 0.98372640911059162 0.054805126479326886 1125.5000000000002 0.81925054981890411 11.500000000000002 22.725000000000005 74.500000000000014 1 987.25000000000011 71.500000000000014 5.900000000000003
decision_type=2 2 9 2 2 2 2 2 2 2 2 2 2 2 2 9 2 2 2
left_child=7 2 3 4 -2 -5 13 12 15 18 -11 -8 -1 -4 -9 17 -16 -3 -10
right_child=1 8 6 5 -6 -7 11 14 9 10 -12 -13 -14 -15 16 -17 -18 -19 -20
leaf_value=-4.8181336207626124 0.36722577808015966 -0.4164856540285039 -1.6534219288250331 2.8417795776354113 -1.061364162282167 -0.13781526598312349 0.32369876134159042 0.81112491589614033 -2.9412668659334149 -2.4767737158915621 0.48819312347065658 -0.97217720648154937 -1.1868422130280918 0.1407144819346719 -0.28962351029035127 -2.0106686101392262 -1.8381315579917961 -0.79027560014090015 -0.68291110929319054
leaf_weight=2366 278 135 332 119 3462 4218 3021 80 143 69 202 212 74 120 92 609 223 262 52
leaf_count=2366 278 135 332 119 3462 4218 3021 80 143 69 202 212 74 120 92 609 223 262 52
internal_value=-0.000781083 -0.000421383 -0.000279776 -0.000497775 -0.000950281 -9.82027e-05 0.000186688 -0.00244358 -0.00152139 -0.000327624 0.000816176 0.000382189 -0.00267309 -0.00110596 -0.000909092 -0.0020288 -0.00142405 -0.00104412 -0.00214286
internal_weight=16069 13234 11762 8077 3740 4337 3685 2835 1472 466 271 3233 2440 452 395 1006 315 397 195
internal_count=16069 13234 11762 8077 3740 4337 3685 2835 1472 466 271 3233 2440 452 395 1006 315 397 195
cat_boundaries=0 1 2
cat_threshold=2151667 153704
is_linear=0
shrinkage=0.03


Tree=170
num_leaves=20
num_cat=1
split_feature=21 22 11 0 17 17 12 7 27 17 7 26 33 29 23 28 21 24 10
split_gain=10.108 1.40769 1.21261 1.03808 1.03479 2.26709 2.12718 1.20187 1.03566 0.79777 0.684585 0.675333 0.643165 0.611987 0.545941 0.497141 0.449561 0.440518 0.412015
threshold=1075.9850000000004 1170.5000000000002 628.97374183127704 0 0.98901092807778201 0.92763104771667149 2162.8000000000006 3.5000000000000004 30.025000000000002 0.97508949572718417 264.50000000000006 0.15000000000000005 4.4050000000000011 23.525000000000002 2500.5000000000005 21.825000000000006 3910.0000000000005 3784.2950000000005 825.14285714285722
decision_type=2 2 2 9 2 2 2 2 2 2 2 2 2 2 2 2 2 2 2
left_child=1 9 4 12 5 8 7 -6 -2 10 18 -8 16 -14 -7 -5 -4 -17 -1
right_child=2 -3 3 15 6 14 11 -9 -10 -11 -12 -13 13 -15 -16 17 -18 -19 -20
leaf_value=-6.367916149598801 -0.20097892668978382 0.021556169026420758 4.0693525592892366 -6.8891615839512301 2.9130594082047248 -2.7042553184499281 0.76132349530994781 -1.1725557028506208 -1.5009413877184679 0.69884591610619828 -0.85101869869363223 2.3125472621721563 7.2549561289753735 2.706915748574469 -0.21209963929787926 3.1430691756989981 -2.0332438666083967 -1.8579298196213685 -2.087160257850317
leaf_weight=1657 9300 231 157 96 79 873 159 444 517 51 146 79 94 78 149 110 51 115 1622
leaf_count=1657 9300 231 157 96 79 873 159 444 517 51 146 79 94 78 149 110 51 115 1622
internal_value=-0.00077825 -0.00215372 -0.000359942 0.000829059 -0.000435739 -0.0005131 0.000606298 -0.000389314 -0.000367285 -0.00230457 -0.00236427 0.00297489 0.00187979 0.00334682 -0.00186804 -0.000325302 0.0005311 0.000265486 -0.00245488
internal_weight=16008 3707 12301 701 11600 10839 761 523 9817 3476 3425 238 380 172 1022 321 208 225 3279
internal_count=16008 3707 12301 701 11600 10839 761 523 9817 3476 3425 238 380 172 1022 321 208 225 3279
cat_boundaries=0 1
cat_threshold=82995
is_linear=0
shrinkage=0.03


Tree=171
num_leaves=20
num_cat=1
split_feature=21 14 22 12 33 7 27 14 15 15 15 21 22 7 0 21 15 22 19
split_gain=9.53313 2.09683 1.3591 1.30279 1.79794 1.78787 1.62608 1.07094 1.02493 1.00893 1.60461 0.860119 0.825799 0.58671 0.290954 0.216724 0.17799 0.161851 0.132928
threshold=977.04500000000019 0.90892735371523092 1070.5000000000002 1807.9333333333336 4.7250000000000005 258.50000000000006 30.075000000000006 0.98667101781630195 0.054805126479326886 0.9980355542543059 0.97062204580664158 1125.5000000000002 2077.3450000000007 264.50000000000006 0 805.50000000000011 -0.98372925196996197 1250.5000000000002 8.2999999999999954
decision_type=2 2 2 2 2 2 2 2 2 2 2 2 2 2 9 2 2 2 2
left_child=2 3 13 4 5 -2 -6 14 18 10 -5 -10 -11 16 -3 -4 -1 -17 -9
right_child=1 7 15 9 6 -7 -8 8 11 12 -12 -13 -14 -15 -16 17 -18 -19 -20
leaf_value=-0.77468661720136633 -1.2076843918582065 -0.8719495644370121 0.43555903127767864 0.091892548345398228 0.65386686013976481 0.063909688173962378 -1.6437830275101581 -3.0177211350050639 -2.7000339697912983 2.220790618086582 -2.9686630782064638 0.55895528218895674 -1.4311555600161707 -0.83529610198473414 -1.6536166213030512 -0.033747909120716089 -4.4825521276517675 -2.278793389045711 -0.4703531469500743
leaf_weight=53 3132 419 73 5241 1132 1068 272 109 54 176 639 163 64 97 623 88 2491 50 64
leaf_count=53 3132 419 73 5241 1132 1068 272 109 54 176 639 163 64 97 623 88 2491 50 64
internal_value=-0.000755763 -0.000410657 -0.00233123 -0.000273519 -0.000604283 -0.000917639 0.000301067 -0.00150105 -3.83639e-05 2.20545e-05 -4.84619e-05 0.00121101 0.00192946 -0.00251628 -0.00200479 0 -0.00260393 -0.000712231 -0.00186207
internal_weight=16008 13156 2852 11724 5604 4200 1404 1432 390 6120 5880 217 240 2641 1042 211 2544 138 173
internal_count=16008 13156 2852 11724 5604 4200 1404 1432 390 6120 5880 217 240 2641 1042 211 2544 138 173
cat_boundaries=0 1
cat_threshold=1202249
is_linear=0
shrinkage=0.03


Tree=172
num_leaves=20
num_cat=0
split_feature=21 10 11 17 17 12 14 7 22 16 21 19 33 14 12 23 7 12 11
split_gain=9.61431 1.47358 1.12497 0.991659 2.17292 1.92319 1.04168 1.04103 0.808012 0.746394 1.65973 0.941158 0.687692 0.6405 0.617391 0.679412 0.61634 0.434318 0.393507
threshold=1100.5000000000002 816.00000000000011 628.97374183127704 0.98901092807778201 0.92763104771667149 2162.8000000000006 0.90892735371523092 3.5000000000000004 1170.5000000000002 -0.68352903331423187 4100.5000000000009 74.050000000000026 3.2650000000000001 -0.15101209918632377 1045.2833333333335 1027.5000000000002 173.50000000000003 987.25000000000011 149.60264830862911
decision_type=2 2 2 2 2 2 2 2 2 2 2 2 2 2 2 2 2 2 2
left_child=1 16 3 4 6 7 -2 -5 14 10 11 -4 -7 -6 15 -3 -1 -10 -19
right_child=2 8 9 5 13 12 -8 -9 17 -11 -12 -13 -14 -15 -16 -17 -18 18 -20
leaf_value=-7.2460800956825642 -0.1384280080625645 -1.5822221094230253 6.2189324289214021 2.8310517744073369 -0.39776240109318911 1.9649209396141447 -0.87391799507593027 -1.1284070818054559 0.67308162625725021 -0.65332053854242633 -1.3794320517791183 6.2901290673744858 0.35746543768848837 -2.2119108316410543 -2.1696982084382177 0.10303182007351581 0.16654494596415223 -2.0368930692162648 0.030967722501947181
leaf_weight=1585 8358 713 169 75 213 120 1078 424 53 269 191 71 116 782 1193 268 50 94 186
leaf_count=1585 8358 713 169 75 213 120 1078 424 53 269 191 71 116 782 1193 268 50 94 186
internal_value=-0.000750141 -0.00199638 -0.0003112 -0.000387123 -0.000464725 0.000652173 -0.000318216 -0.000324001 -0.00149761 0.000834521 0.001625 0.00329875 0.00289873 -0.00180723 -0.00170897 -0.00105703 -0.00273227 0 -0.000587189
internal_weight=16008 4142 11866 11166 10431 735 9436 499 2507 700 431 240 236 995 2174 981 1635 333 280
internal_count=16008 4142 11866 11166 10431 735 9436 499 2507 700 431 240 236 995 2174 981 1635 333 280
is_linear=0
shrinkage=0.03


Tree=173
num_leaves=20
num_cat=1
split_feature=22 27 16 15 12 20 16 7 11 31 29 0 19 11 11 20 11 11 13
split_gain=8.54106 1.5316 1.62278 1.25514 1.57185 1.17418 1.08936 1.01473 0.830916 0.668798 0.610305 0.568768 0.540461 0.350382 0.252549 0.252135 0.269643 0.028594 0.0118319
threshold=977.04500000000019 30.375000000000004 -0.62588817255938378 0.99681593486783593 2759.1000000000004 26.38214285714286 -0.97717844506743556 175.50000000000003 628.97374183127704 10.900000000000007 27.625000000000004 0 239.95000000000002 244.38333471052823 72.534556489509001 22.446428571428577 85.216810324622131 191.15065039336767 1968.5157476995714
decision_type=2 2 2 2 2 2 2 2 2 2 2 9 2 2 2 2 2 2 2
left_child=7 2 6 5 -5 -4 11 9 -8 13 -3 -2 15 17 -11 -9 -17 -1 -12
right_child=1 10 3 4 -6 -7 8 12 -10 14 18 -13 -14 -15 -16 16 -18 -19 -20
leaf_value=-4.3110387415803793 -4.1640037945230963 0.43735732338172167 -0.60454627157399987 0.24650139377845567 2.7110637342678809 0.099814335740080126 0.26278381225859904 -2.8570678307980066 4.1994884764082263 -1.7579387120681327 -1.6911232223790165 -0.10784381105407445 -2.0782442025759047 -0.42438596445450327 0.56792196191793176 1.133353322725366 -0.5910078106903901 -1.0191462769541093 -1.2635815537684341
leaf_weight=2305 210 62 7979 415 73 1033 2195 79 330 51 402 392 99 51 50 52 59 120 51
leaf_count=2305 210 62 7979 415 73 1033 2195 79 330 51 402 392 99 51 50 52 59 120 51
internal_value=-0.000742645 -0.000414746 -0.000344948 -0.000541523 0.00090184 -0.000624765 0.000237851 -0.00222986 0.000522565 -0.00242281 -0.00203488 -0.000880598 -0.000351725 -0.00252039 0 0.000392669 0.00144643 -0.00257214 -0.00243172
internal_weight=16008 13142 12627 9500 488 9012 3127 2866 2525 2577 515 602 289 2476 101 190 111 2425 453
internal_count=16008 13142 12627 9500 488 9012 3127 2866 2525 2577 515 602 289 2476 101 190 111 2425 453
cat_boundaries=0 1
cat_threshold=2855944
is_linear=0
shrinkage=0.03


Tree=174
num_leaves=20
num_cat=2
split_feature=21 14 22 26 25 13 27 14 13 12 22 7 7 0 21 13 0 15 23
split_gain=9.04735 1.83312 1.36261 1.19927 1.33488 1.97998 1.62218 1.06709 1.11687 0.95505 1.13848 0.593082 0.566768 0.384346 0.269025 0.222899 0.218841 0.164656 0.155535
threshold=977.04500000000019 0.90892735371523092 1051.5000000000002 9.0000000000000018 22.225000000000005 1704.8287493158184 24.075000000000006 0.98667101781630195 1683.8069801551264 1626.9833333333336 2900.5000000000005 270.50000000000006 264.50000000000006 0 805.50000000000011 2069.3727022058829 1 -0.98372925196996197 950.50000000000011
decision_type=2 2 2 2 2 2 2 2 2 2 2 2 2 9 2 2 9 2 2
left_child=2 3 12 4 5 -2 -6 13 -9 11 -11 -5 17 15 -4 -3 -10 -1 -19
right_child=1 7 14 9 6 -7 -8 8 16 10 -12 -13 -14 -15 -16 -17 -18 18 -20
leaf_value=-0.47138236702328651 -2.2174248709482738 -0.88034978627115357 0.23641005338157428 -1.6452132344737307 0.63646837865136974 -0.12117825127145478 -0.15007207423324626 0.62973524385383917 -0.21874164277426569 0.33937625168438124 -1.1460676354900454 0.35124840833634402 -0.69242939225738864 -1.5642422632869928 -0.4857925424451382 0.032540973927045309 -1.1362450521062637 -4.5214295987437785 -1.917586915247838
leaf_weight=53 986 345 78 658 2424 1756 5136 97 117 394 287 83 96 623 142 74 176 2160 323
leaf_count=53 986 345 78 658 2424 1756 5136 97 117 394 287 83 96 623 142 74 176 2160 323
internal_value=-0.000733276 -0.000396976 -0.00226814 -0.000268402 -0.000150539 -0.000718557 4.95959e-05 -0.00141731 0 -0.00108995 -0.000202347 -0.00184367 -0.00245765 -0.00191851 0 -0.000934884 -0.001 -0.00254356 -0.00258213
internal_weight=16008 13156 2852 11724 10302 2742 7560 1432 390 1422 681 741 2632 1042 220 419 293 2536 2483
internal_count=16008 13156 2852 11724 10302 2742 7560 1432 390 1422 681 741 2632 1042 220 419 293 2536 2483
cat_boundaries=0 1 2
cat_threshold=1202249 16545
is_linear=0
shrinkage=0.03


Tree=175
num_leaves=17
num_cat=1
split_feature=22 27 11 14 33 12 0 26 31 11 14 15 29 7 26 13
split_gain=9.35885 1.85913 1.19749 1.08807 2.41436 0.842745 0.829697 0.937712 0.828269 1.10757 0.594267 0.517564 0.400991 0.157368 0.100896 0.0950912
threshold=945.50000000000011 30.325000000000006 55.634864026434549 0.8697513045430848 7.2550000000000008 1620.5500000000002 0 6.1500000000000012 10.900000000000007 208.10871656390376 -0.97113884758256674 -0.77243990499604276 27.625000000000004 125.50000000000001 1.6500000000000001 1961.1117993688417
decision_type=2 2 2 2 2 2 9 2 2 2 2 2 2 2 2 2
left_child=8 2 6 4 -4 -5 7 -2 9 14 -8 -10 -3 -11 -1 -14
right_child=1 12 3 5 -6 -7 10 -9 11 13 -12 -13 15 -15 -16 -17
leaf_value=-5.0014544820317344 0.28399764743939615 0.20006239745647794 -0.035695820160812228 -0.087149374161015633 4.7454777781780511 -1.5701982656817701 0.86249281205379058 -1.0582542887106072 0.53406909654716739 -0.69590712261230847 -1.1806684736683033 -3.0247221228747496 -1.5046569751811698 2.1396553792733499 -1.5797677659241369 -1.2189532584088214
leaf_weight=2150 413 64 9390 612 78 827 51 211 88 82 1342 94 468 50 63 73
leaf_count=2150 413 64 9390 612 78 827 51 211 88 82 1342 94 468 50 63 73
internal_value=-0.000661581 -0.000344568 -0.000264372 -0.000135314 -1.36241e-05 -0.000904167 -0.000939545 0 -0.00234019 -0.00249361 -0.00134188 -0.000114755 -0.0019802 0 -0.00265312 -0.00224723
internal_weight=16056 13529 12924 10907 9468 1439 2017 624 2527 2345 1393 182 605 132 2213 541
internal_count=16056 13529 12924 10907 9468 1439 2017 624 2527 2345 1393 182 605 132 2213 541
cat_boundaries=0 1
cat_threshold=1123412
is_linear=0
shrinkage=0.03


Tree=176
num_leaves=20
num_cat=2
split_feature=21 14 11 22 0 25 33 0 15 14 13 26 11 29 23 10 31 10 19
split_gain=9.63883 2.09746 1.51293 1.45439 1.30292 1.00379 0.997796 0.894834 0.742539 1.40493 1.11468 0.724305 0.522427 0.520821 0.503409 0.503371 0.384111 0.196911 0.342909
threshold=950.50000000000011 0.90892735371523092 55.634864026434549 1075.9850000000004 0 22.725000000000005 7.2550000000000008 1 0.054805126479326886 0.9893236546938301 1697.2320496293607 6.2500000000000009 24.39750182400908 28.550000000000001 950.50000000000011 910.78571428571433 47.650000000000013 1121.5000000000002 3.5999999999999965
decision_type=2 2 2 2 9 2 2 9 2 2 2 2 2 2 2 2 2 2 2
left_child=3 2 7 14 6 -6 -4 11 -3 13 -11 -2 -9 -10 16 -16 -1 18 -5
right_child=1 8 4 17 5 -7 -8 12 9 10 -12 -13 -14 -15 15 -17 -18 -19 -20
leaf_value=-4.48351386937175 0.21020004521734723 -1.5405830800051985 -0.26799498818172701 -0.3836716567333131 -0.40184232748443149 0.80778201659729965 3.6829722805182072 -0.012874514831774925 -1.4404499014808141 1.0204368491576494 -0.41050412874861603 -0.96078701793827093 -1.2789810434094619 0.1317421065065402 0.21448009168309426 -2.0162540055750955 -0.67275790278796144 -0.80129110461435693 0.88508852915854275
leaf_weight=2207 553 504 6597 62 960 2176 97 154 679 65 123 289 964 122 79 242 51 78 54
leaf_count=2207 553 504 6597 62 960 2176 97 154 679 65 123 289 964 122 79 242 51 78 54
internal_value=-0.000657845 -0.000317977 -0.000179375 -0.00226893 -2.28875e-05 0.00047569 -0.000263535 -0.000940847 -0.00138153 -0.000830304 0.00138095 -0.00013013 -0.00149601 -0.00140648 -0.00245814 -0.00108075 -0.00263347 1.53839e-05 0.000999999
internal_weight=16056 13283 11790 2773 9830 3136 6694 1960 1493 989 188 842 1118 801 2579 321 2258 194 116
internal_count=16056 13283 11790 2773 9830 3136 6694 1960 1493 989 188 842 1118 801 2579 321 2258 194 116
cat_boundaries=0 1 2
cat_threshold=2155769 3253332
is_linear=0
shrinkage=0.03


Tree=177
num_leaves=20
num_cat=2
split_feature=23 27 21 15 11 20 22 27 0 0 26 22 11 19 22 29 11 24 31
split_gain=9.65944 1.5774 1.22077 1.38066 1.04171 0.937347 1.07028 1.01441 0.919554 0.884857 0.635658 0.624071 0.558453 0.526237 0.383347 0.308645 0.163243 0.109028 0.028384
threshold=977.04500000000019 30.675000000000004 852.84000000000003 -0.7614016681079937 62.678317052764775 22.496428571428577 1397.5000000000002 22.125000000000004 0 1 6.2500000000000009 1051.5000000000002 24.39750182400908 59.150000000000006 1197.5000000000002 27.625000000000004 177.78397800468125 1267.8500000000001 18.199999999999999
decision_type=2 2 2 2 2 2 2 2 9 9 2 2 2 2 2 2 2 2 2
left_child=2 4 11 9 8 6 -6 -7 12 -4 -10 18 -2 -11 17 -3 -17 -5 -1
right_child=1 15 3 14 5 7 -8 -9 10 13 -12 -13 -14 -15 -16 16 -18 -19 -20
leaf_value=-5.5598893530879128 0.06623636856720394 -0.19094806419225502 -1.2912578633185363 -2.3618841935696921 -2.1183726510269509 1.6732488508593248 -0.35344423234593997 -0.010862651442969429 0.13738529932382212 1.4076539343558905 -0.72292953420935013 -0.14677928248009886 -1.3225603822116341 -0.18334635920461198 -0.094162381556561092 -1.8311658367550452 -1.1551988388455128 -1.1357947252997829 -2.8846109148386687
leaf_weight=1833 136 60 104 540 533 399 2326 7119 880 93 438 65 877 53 80 362 50 53 55
leaf_count=1833 136 60 104 540 533 399 2326 7119 880 93 438 65 877 53 80 362 50 53 55
internal_value=-0.000644766 -0.000297019 -0.00222211 -0.00122727 -0.00022968 -9.5973e-05 -0.000560141 7.46103e-05 -0.000805318 0.000537848 -0.000232506 -0.00266837 -0.00148828 0.0020828 -0.00194956 -0.00201057 -0.00230266 -0.00221212 -0.00276813
internal_weight=16056 13180 2876 923 12708 10377 2859 7518 2331 250 1318 1953 1013 146 673 472 412 593 1888
internal_count=16056 13180 2876 923 12708 10377 2859 7518 2331 250 1318 1953 1013 146 673 472 412 593 1888
cat_boundaries=0 1 2
cat_threshold=18595 2147424
is_linear=0
shrinkage=0.03


Tree=178
num_leaves=20
num_cat=2
split_feature=23 14 11 20 33 18 21 14 20 21 0 0 22 11 26 6 10 11 27
split_gain=9.63461 1.58139 1.27643 1.31743 1.55493 1.38463 1.16193 1.2218 0.888508 1.13252 0.857525 0.761863 0.61084 0.559796 0.479792 0.403774 0.695556 0.368777 0.412194
threshold=977.04500000000019 0.90892735371523092 62.678317052764775 22.496428571428577 3.7350000000000008 1.500000000000002 852.84000000000003 0.78857998149907527 26.38214285714286 977.04500000000019 0 1 1051.5000000000002 24.39750182400908 6.2500000000000009 3.5000000000000004 1414.3571428571429 106.46092211887294 28.875000000000004
decision_type=2 2 2 2 2 2 2 2 2 2 9 9 2 2 2 2 2 2 2
left_child=6 2 10 4 -4 -5 12 8 -8 -10 13 17 -1 -2 -12 16 -13 18 -3
right_child=1 11 3 5 -6 -7 7 -9 9 -11 14 15 -14 -15 -16 -17 -18 -19 -20
leaf_value=-5.2833706507918734 0.06992880381656448 -0.44126205448515682 0.35519167222404785 0.66034809592954158 -1.8276211866952004 -0.052686316212567523 -1.561601207156037 -2.1997026652456304 -1.0889304718650834 2.1470058331218356 0.1083941789391089 -0.25568210008319614 -0.14237590400569552 -1.3009179279108056 -0.70124164818307089 -2.0662061072339251 -2.3357598676019884 -0.43811027085746118 0.69138009489369512
leaf_weight=1888 133 97 1371 2398 1487 4128 256 430 134 103 844 371 65 874 438 326 317 339 57
leaf_count=1888 133 97 1371 2398 1487 4128 256 430 134 103 844 371 65 874 438 326 317 339 57
internal_value=-0.000626083 -0.000278811 -0.000156245 0 -0.000538301 0.000233951 -0.00220125 -0.00122727 -0.000109312 0.00110924 -0.000791267 -0.00119761 -0.00263767 -0.0014499 -0.000225059 -0.00166537 -0.00114514 -0.000107144 0.000987096
internal_weight=16056 13180 11673 9384 2858 6526 2876 923 493 237 2289 1507 1953 1007 1282 1014 688 493 154
internal_count=16056 13180 11673 9384 2858 6526 2876 923 493 237 2289 1507 1953 1007 1282 1014 688 493 154
cat_boundaries=0 1 2
cat_threshold=18595 17504
is_linear=0
shrinkage=0.03


Tree=179
num_leaves=18
num_cat=0
split_feature=22 27 27 11 13 12 33 7 17 10 10 29 15 11 26 10 16
split_gain=9.58282 1.88335 1.24023 1.59582 2.82541 1.34204 1.56118 1.40405 0.821912 0.607688 0.521064 0.402026 0.33193 0.919029 0.253616 0.214056 0.0853363
threshold=927.50000000000011 30.375000000000004 29.025000000000002 109.4872245243243 1735.4924721296404 1697.1333333333334 5.4450000000000012 258.50000000000006 0.94353349168649059 825.14285714285722 1465.9285714285718 27.625000000000004 -0.58481178939031186 80.91735937126326 1.6500000000000001 1150.0714285714287 -0.96235977360714686
decision_type=2 2 2 2 2 2 2 2 2 2 2 2 2 2 2 2 2
left_child=8 2 5 4 -4 7 -7 -2 9 14 -5 -3 13 -11 -1 -14 -13
right_child=1 11 3 10 -6 6 -8 -9 -10 12 -12 16 15 -15 -16 -17 -18
leaf_value=-6.255872260083513 -0.81374158582899625 0.18067730835215617 3.1508818973169626 0.16301694206657885 0.036907637256564138 0.1055531104957132 -1.2770053294911616 0.20996686721297295 0.54593850511682096 -2.5629169473468969 -1.0200067830803921 -0.97760799284345068 -2.2426614574574959 1.9564143181775415 -1.7451768539774104 -0.65765920194389815 -1.4495829955946908
leaf_weight=1565 4220 64 117 214 174 6181 922 982 64 140 168 95 571 63 50 52 414
leaf_count=1565 4220 64 117 214 174 6181 922 982 64 140 168 95 571 63 50 52 414
internal_value=-0.000603663 -0.000284682 -0.000206411 0.00103264 0.00271233 -0.000277914 -3.37909e-06 -0.000644052 -0.00231046 -0.00240295 -0.00013316 -0.00197561 -0.00159976 -0.000264707 -0.00278465 -0.00196154 -0.00225882
internal_weight=16056 13551 12978 673 291 12305 7103 5202 2505 2441 382 573 826 203 1615 623 509
internal_count=16056 13551 12978 673 291 12305 7103 5202 2505 2441 382 573 826 203 1615 623 509
is_linear=0
shrinkage=0.03


Tree=180
num_leaves=20
num_cat=0
split_feature=22 27 29 22 15 24 23 26 29 7 29 28 22 15 33 7 5 33 21
split_gain=8.53318 1.51978 1.51168 1.75486 1.87929 1.15087 0.907419 0.791539 0.640357 0.67589 0.481383 0.444017 0.375379 0.352079 0.338156 0.300274 0.175685 0.157022 0.134874
threshold=912.23500000000013 30.375000000000004 27.825000000000006 2400.5000000000005 -0.96904977397942549 2900.5000000000005 950.50000000000011 1.6500000000000001 30.225000000000005 141.50000000000003 27.775000000000002 29.125000000000004 821.50000000000011 -0.92272482904738262 7.370000000000001 266.50000000000006 1.0000000180025095e-35 5.580000000000001 897.50000000000011
decision_type=2 2 2 2 2 2 2 2 2 2 2 2 2 2 2 2 2 2 2
left_child=6 2 3 4 -2 -5 7 15 11 -10 -3 -4 14 -9 17 18 -12 -8 -1
right_child=1 10 8 5 -6 -7 12 13 9 -11 16 -13 -14 -15 -16 -17 -18 -19 -20
leaf_value=-6.0681960922810045 -2.0039804627668798 0.13238107577744168 0.17752753318008563 0.50680913462463906 -0.47303369801329942 -0.1620411787252396 0.6107143233095762 0.38877948064807594 -1.7682393011685245 2.244729796122765 -0.76734986546618089 0.93809746930066495 -1.3906105361158885 -1.8968823033205977 0.71702697195696952 -0.16512488832121947 -1.3985337789581647 -2.248615081237245 -2.0541611074189086
leaf_weight=1679 668 68 733 1237 7418 2185 53 69 213 135 81 319 149 95 53 60 405 57 269
leaf_count=1679 668 68 733 1237 7418 2185 53 69 213 135 81 319 149 95 53 60 405 57 269
internal_value=-0.000637926 -0.00033581 -0.000265629 -0.000381354 -0.000623594 0.000177913 -0.00225634 -0.0024809 0.000653104 -0.000369628 -0.00188649 0.00103419 -0.000546327 -0.000163637 0.000219511 -0.00264759 -0.00222382 -0.000405406 -0.0027137
internal_weight=15946 13462 12908 11508 8086 3422 2484 2172 1400 348 554 1052 312 164 163 2008 486 110 1948
internal_count=15946 13462 12908 11508 8086 3422 2484 2172 1400 348 554 1052 312 164 163 2008 486 110 1948
is_linear=0
shrinkage=0.03


Tree=181
num_leaves=16
num_cat=1
split_feature=10 10 20 33 13 0 31 12 33 17 7 11 13 19 7
split_gain=8.13087 1.65284 1.01432 1.68391 2.52927 0.991117 0.885895 0.836511 1.01936 1.0139 0.835223 0.891787 0.83467 0.670512 0.0271361
threshold=835.78571428571433 1278.6428571428576 30.503571428571433 7.2250000000000005 1720.8385416666667 0 11.350000000000003 3793.6166666666672 4.1650000000000009 0.99865940500831329 5.5000000000000009 170.43362064931426 1406.8849694649532 239.95000000000002 171.50000000000003
decision_type=2 2 2 2 2 9 2 2 2 2 2 2 2 2 2
left_child=6 2 3 12 -5 10 14 9 -9 -7 11 -3 -2 -12 -1
right_child=1 5 -4 4 -6 7 -8 8 -10 -11 13 -13 -14 -15 -16
leaf_value=-5.4206515692662212 0.37517824547864015 2.5847998994959518 -1.4225960046545716 3.890751358439525 0.0048436510005454231 -0.023335052075436128 0.20623602324829465 -0.20628543842751471 6.3617557158699682 2.8772269145757003 -0.49635502269537718 -0.207810494202296 -0.96203704261063905 0.23959950570067418 -3.4326909975288316
leaf_weight=1681 204 50 351 50 290 3291 54 148 170 70 5675 74 2982 803 53
leaf_count=1681 204 50 351 50 290 3291 54 148 170 70 5675 74 2982 803 53
internal_value=-0.00064357 -0.00039897 -0.000929861 -0.000757869 0.00118768 -0.000194321 -0.00255394 0.000191869 0.00166458 3.92616e-05 -0.000416 0.001944 -0.000979919 -0.000469055 -0.00267839
internal_weight=15946 14158 3877 3526 340 10281 1788 3679 318 3361 6602 124 3186 6478 1734
internal_count=15946 14158 3877 3526 340 10281 1788 3679 318 3361 6602 124 3186 6478 1734
cat_boundaries=0 1
cat_threshold=2674938
is_linear=0
shrinkage=0.03


Tree=182
num_leaves=20
num_cat=0
split_feature=22 22 20 15 20 33 15 14 23 26 19 32 15 13 11 11 21 17 7
split_gain=7.9827 1.48875 1.40899 1.05892 1.60827 1.38928 1.35763 1.06416 0.962034 0.915803 0.794984 0.873486 0.753378 0.662915 0.446687 0.39557 0.295881 0.34008 0.287189
threshold=912.23500000000013 2425.1300000000006 26.51071428571429 -0.96904977397942549 26.38214285714286 3.4150000000000005 -0.80417042486635371 0.25206111083856975 950.50000000000011 1.6500000000000001 34.150000000000013 77.350000000000023 0.61067742788105683 1682.7023585171021 176.42130302993777 259.58212754075015 830.50000000000011 0.66528039291287311 266.50000000000006
decision_type=2 2 2 2 2 2 2 2 2 2 2 2 2 2 2 2 2 2 2
left_child=8 3 10 4 -2 6 -5 -7 9 18 12 -12 -3 -6 -10 -16 -11 -18 -1
right_child=1 2 -4 5 13 7 -8 -9 14 16 11 -13 -14 -15 15 -17 17 -19 -20
leaf_value=-4.388159935252169 -2.0340375737020153 -5.1451996703839473 2.5113900123131185 0.49898607678046064 2.6026096135963361 -1.6640924524430405 -0.15102667593464569 -0.28309667954675616 -2.1250691846530021 -4.7693701657900105 2.4524592854144784 0.045460693691022673 -0.096459106183829676 -1.3837252487220124 0.63577679255397834 -2.0376291003234881 -1.5969495215738965 0.5084591161707106 -0.13131003039325764
leaf_weight=1948 653 173 65 547 82 2466 1618 4589 163 64 352 1911 956 50 95 54 50 50 60
leaf_count=1948 653 173 65 547 82 2466 1618 4589 163 64 352 1911 956 50 95 54 50 50 60
internal_value=-0.000630401 -0.000338038 0.000189126 -0.000524686 -0.00160305 -0.000427828 0.000221606 -0.000633504 -0.00219598 -0.00242568 9.10691e-05 0.000426678 -0.000541594 0.00119549 -0.00045048 0.000519999 0 0.000742574 -0.00260279
internal_weight=15946 13462 3457 10005 785 9220 2165 7055 2484 2172 3392 2263 1129 132 312 149 164 100 2008
internal_count=15946 13462 3457 10005 785 9220 2165 7055 2484 2172 3392 2263 1129 132 312 149 164 100 2008
is_linear=0
shrinkage=0.03


Tree=183
num_leaves=17
num_cat=1
split_feature=10 10 0 24 12 32 15 14 15 11 17 31 14 21 7 7
split_gain=7.89727 1.58032 0.918573 1.01032 0.996986 0.882728 1.83876 2.60133 0.878626 1.73891 1.06858 0.861162 0.7722 0.208777 0.140703 0.0539552
threshold=835.78571428571433 1278.6428571428576 0 5207.5000000000009 1349.8000000000002 303.85000000000008 -0.75013812021657655 -0.47558551945199218 0.99611390731392835 120.51476890326411 0.92520893929334658 11.350000000000003 -0.98930078251469888 945.50000000000011 234.50000000000003 171.50000000000003
decision_type=2 2 9 2 2 2 2 2 2 2 2 2 2 2 2 2
left_child=11 5 8 4 -4 6 7 -2 10 -10 -3 13 -8 15 -7 -1
right_child=1 2 3 -5 -6 14 12 -9 9 -11 -12 -13 -14 -15 -16 -17
leaf_value=-5.5918858643770246 2.2004941581042377 -0.22920335391133764 1.1887869087667715 8.2675294663813492 -0.02841476021863654 -2.1693646884759139 0.62042131026496894 -0.13704453312401921 2.1188487728410785 -0.0079013159329737945 -1.3226881886358142 0.18364930515184491 -1.0588990339609661 -1.3699736158118261 -0.9051967664426841 -3.2329464534367269
leaf_weight=1615 73 5557 368 50 3261 328 105 901 60 258 727 54 2417 69 53 50
leaf_count=1615 73 5557 368 50 3261 328 105 901 60 258 727 54 2417 69 53 50
internal_value=-0.000620995 -0.0003799 -0.000179732 0.000191869 0.00012066 -0.000898918 -0.000730055 0.000341538 -0.000393317 0.00110031 -0.00047685 -0.00250363 -0.00116171 -0.00262651 -0.00232461 -0.00270108
internal_weight=15946 14158 10281 3679 3629 3877 3496 974 6602 318 6284 1788 2522 1734 381 1665
internal_count=15946 14158 10281 3679 3629 3877 3496 974 6602 318 6284 1788 2522 1734 381 1665
cat_boundaries=0 1
cat_threshold=2674938
is_linear=0
shrinkage=0.03


Tree=184
num_leaves=17
num_cat=2
split_feature=10 22 20 0 0 32 16 7 17 13 32 31 32 15 21 7
split_gain=7.97784 1.54268 1.42208 1.122 1.02725 1.15658 1.23656 0.852687 0.854587 0.708009 0.694471 0.66482 0.581247 0.493464 0.20383 0.0508775
threshold=835.78571428571433 2425.1300000000006 26.51071428571429 0 1 0.2499999999999965 0.95752911693909493 256.50000000000006 -0.32003627663099971 1406.8849694649532 52.95000000000001 11.350000000000003 2.5499999999999932 -0.19337245081799007 945.50000000000011 171.50000000000003
decision_type=2 2 2 9 9 2 2 2 2 2 2 2 2 2 2 2
left_child=11 4 3 13 7 6 -6 8 -2 -7 -9 14 -5 -3 15 -1
right_child=1 2 -4 12 5 9 -8 10 -10 -11 -12 -13 -14 -15 -16 -17
leaf_value=-5.4241292884457151 -0.94482225557431787 0.081676148876462226 2.4429244125610654 -0.46768667978796485 -0.12565683198530453 0.2065027569608944 1.4816148096221033 -3.1324140617365517 0.36706562992665304 -0.82110716451367871 3.1078881793587136 0.17813982599728784 0.94635871824449624 -0.57415883461585149 -1.3288744073374694 -3.1359580598336283
leaf_weight=1615 296 480 65 269 1693 345 117 50 617 7428 155 54 1303 1340 69 50
leaf_count=1615 296 480 65 269 1693 345 117 50 617 7428 155 54 1303 1340 69 50
internal_value=-0.000611589 -0.000369306 0.000171775 7.33857e-05 -0.000548309 -0.000649782 8.282e-06 0.000284322 -5.90817e-05 -0.000809623 0.00203883 -0.00250363 0.000668982 -0.000417805 -0.00260922 -0.00268307
internal_weight=15946 14158 3457 3392 10701 9583 1810 1118 913 7773 205 1788 1572 1820 1734 1665
internal_count=15946 14158 3457 3392 10701 9583 1810 1118 913 7773 205 1788 1572 1820 1734 1665
cat_boundaries=0 1 2
cat_threshold=3461334 1507332
is_linear=0
shrinkage=0.03


Tree=185
num_leaves=20
num_cat=2
split_feature=23 17 14 11 13 15 12 10 16 25 13 27 13 15 14 0 0 5 21
split_gain=7.74683 1.28545 1.21148 1.33957 1.28041 1.12292 0.881846 1.63512 1.25085 0.879169 1.61496 1.40383 0.837835 0.703523 0.600121 0.461595 0.416241 0.41961 0.284667
threshold=950.50000000000011 0.93771382312378282 0.80417553764032002 72.534556489509001 1701.8566468253969 -0.43733099657705293 1697.1333333333334 1650.0714285714287 -0.45274443793211405 22.975000000000005 1761.9276497583662 22.925000000000004 1798.9008669165887 -0.21022037796396451 0.9916835347852474 0 1 2.5000000000000004 852.84000000000003
decision_type=2 2 2 2 2 2 2 2 2 2 2 2 2 2 2 9 9 2 2
left_child=1 12 3 6 5 -4 8 -8 -2 10 -5 -11 18 15 -7 -14 17 -6 -1
right_child=2 -3 4 9 16 14 7 -9 -10 11 -12 -13 13 -15 -16 -17 -18 -19 -20
leaf_value=-5.2614054097923413 0.1841276529639814 0.67147536948175413 4.4687435772511837 -1.4039089788389196 -0.23369042261827067 -0.53195416429430831 1.2570774271928202 -0.11293287585971411 -1.3764819330274483 1.8383791428226248 0.36686052726793345 0.058798739782413199 -1.7882413833104698 -2.6853498327309078 0.6323940650550175 0.18621773885434845 -1.5905212076226838 -1.1361809621707535 -1.3955557283825164
leaf_weight=1601 432 91 74 1823 555 460 64 632 1509 350 1581 4524 111 323 89 165 735 434 484
leaf_count=1601 432 91 74 1823 555 460 64 632 1509 350 1581 4524 111 323 89 165 735 434 484
internal_value=-0.000630753 -0.00207493 -0.00032504 -0.000186882 -0.000948042 0.000153845 -0.000775588 8.17783e-05 -0.00110608 0 -0.000369164 0.000259076 -0.0022 -0.00107 -0.000240001 0 -0.00137217 -0.000852001 -0.0025024
internal_weight=16037 2775 13262 10915 2347 623 2637 696 1941 8278 3404 4874 2684 599 549 276 1724 989 2085
internal_count=16037 2775 13262 10915 2347 623 2637 696 1941 8278 3404 4874 2684 599 549 276 1724 989 2085
cat_boundaries=0 1 2
cat_threshold=57362 412779
is_linear=0
shrinkage=0.03


Tree=186
num_leaves=19
num_cat=2
split_feature=10 14 11 25 0 13 14 11 14 12 10 14 33 14 0 5 11 21
split_gain=7.54323 1.71328 1.40803 1.0937 2.15868 0.9652 1.13797 1.67819 0.956562 0.924701 1.91039 1.01303 0.826896 0.763521 0.410514 0.489951 0.428695 0.0799192
threshold=816.00000000000011 0.80417553764032002 72.534556489509001 25.975000000000005 0 1701.8566468253969 0.90892735371523092 92.004787603200484 0.17646842360078763 1665.4666666666669 1650.0714285714287 0.7210268013660811 5.3750000000000009 0.98667101781630195 1 2.5000000000000004 476.71064651715284 897.50000000000011
decision_type=2 2 2 2 9 2 2 2 2 2 2 2 2 2 9 2 2 2
left_child=8 2 9 12 -5 6 7 -3 -1 11 -11 -2 -4 -8 15 -7 -16 -10
right_child=1 5 3 4 -6 14 13 -9 17 10 -12 -13 -14 -15 16 -17 -18 -19
leaf_value=0.46695495614449611 -1.0559221719080183 3.5013210135335009 -0.095709744757499784 2.6070261987700381 -0.13055877291880949 0.011424802748819164 -1.1898371671968997 -0.22702529529467388 -5.1035632474985704 1.2211918772155841 -0.19569617546362147 1.3662929967888156 -5.8856015717850534 0.24613972453813915 -1.3718901806754897 -1.0318740014283476 1.3702013450857029 -1.3022207564038997
leaf_weight=50 2043 73 7502 353 646 366 319 157 1488 83 672 110 123 166 1374 344 76 92
leaf_count=50 2043 73 7502 353 646 366 319 157 1488 83 672 110 123 166 1374 344 76 92
internal_value=-0.000627012 -0.000404359 -0.000235932 -3.79138e-05 0.000887999 -0.00106398 -4.19002e-05 0.00162338 -0.00256591 -0.000807495 3.96818e-05 -0.00112535 -0.000165225 -0.000925927 -0.00138131 -0.000644938 -0.00169405 -0.00270399
internal_weight=16037 14407 11532 8624 999 2875 715 230 1630 2908 755 2153 7625 485 2160 710 1450 1580
internal_count=16037 14407 11532 8624 999 2875 715 230 1630 2908 755 2153 7625 485 2160 710 1450 1580
cat_boundaries=0 1 2
cat_threshold=1519627 278625
is_linear=0
shrinkage=0.03


Tree=187
num_leaves=19
num_cat=2
split_feature=10 14 13 14 0 14 13 14 33 25 12 26 0 22 14 15 24 21
split_gain=7.49876 1.6255 1.31437 1.29068 1.12146 0.956562 0.94416 1.12189 0.91199 0.885777 0.853378 0.819926 0.460529 0.454613 0.446993 0.40847 0.374844 0.0799192
threshold=816.00000000000011 0.80417553764032002 2137.1319444444448 0.19337368024598436 0 0.17646842360078763 1701.8566468253969 0.91596454896554913 6.6800000000000006 27.175000000000001 2735.7500000000005 5.4500000000000011 1 3800.5000000000005 0.92922379131507438 0.99681593486783593 800.50000000000011 897.50000000000011
decision_type=2 2 2 2 9 2 2 2 2 2 2 2 9 2 2 2 2 2
left_child=5 2 4 13 15 -1 7 8 -3 -9 -5 -6 14 -4 -8 -2 -14 -7
right_child=1 6 3 10 11 17 12 9 -10 -11 -12 -13 16 -15 -16 -17 -18 -19
leaf_value=0.4529463074601614 -0.74759946158521162 -0.047672935947172056 -0.71701494627985163 6.6661473661947834 0.013422119445457389 -4.9504563500736145 -1.2760338215072105 -1.9313809425442903 4.0658373715355642 0.20049772659682158 0.94446253023863513 -0.45133859685902661 0.1763928329600678 8.3693995778918691 -0.067131832501344191 0.90870259410241316 -1.3645076012017834 -1.2631541337117853
leaf_weight=50 2579 149 121 90 6707 1488 306 264 100 202 100 1738 68 68 404 129 1382 92
leaf_count=50 2579 149 121 90 6707 1488 306 264 100 202 100 1738 68 68 404 129 1382 92
internal_value=-0.000632623 -0.000410606 -0.000246337 0.00146842 -0.000308769 -0.00256591 -0.00105355 -4.19002e-05 0.001512 -0.000970022 0.00321989 -0.000131268 -0.00136742 -6.31586e-05 -0.000603329 -0.000841854 -0.00169405 -0.00270399
internal_weight=16037 14407 11532 379 11153 1630 2875 715 249 466 190 8445 2160 189 710 2708 1450 1580
internal_count=16037 14407 11532 379 11153 1630 2875 715 249 466 190 8445 2160 189 710 2708 1450 1580
cat_boundaries=0 1 2
cat_threshold=2150400 278625
is_linear=0
shrinkage=0.03


Tree=188
num_leaves=13
num_cat=1
split_feature=10 27 16 15 0 33 26 16 26 29 13 11
split_gain=7.52839 1.40171 1.23974 2.15155 1.51495 1.26337 2.403 1.56514 0.855554 0.320822 0.15256 0.0967901
threshold=816.00000000000011 30.375000000000004 -0.38342031270350613 -0.97315270831292444 0 3.4150000000000005 5.4500000000000011 0.95752911693909493 1.7500000000000002 27.825000000000006 1923.4202469509335 115.47005383793642
decision_type=2 2 2 2 9 2 2 2 2 2 2 2
left_child=8 2 3 -2 -5 6 -4 -7 -1 -3 -11 -12
right_child=1 9 5 4 -6 7 -8 -9 -10 10 11 -13
leaf_value=-4.8019426595714059 3.5982155961413511 -0.22133912638277237 0.52342433108965314 -0.75233330671183618 0.31331296066063025 -0.86718194734675902 -0.43407636203314237 0.21777856516046565 0.34509098661253368 -1.6833492904815253 -0.99464368503568468 0.1864461990798903
leaf_weight=1556 50 80 1215 1629 3074 5059 1683 1044 74 443 79 51
leaf_count=1556 50 80 1215 1629 3074 5059 1683 1044 74 443 79 51
internal_value=-0.000628882 -0.000406442 -0.000337842 4.54347e-05 -1.14803e-05 -0.000545213 -1.34536e-05 -0.000790302 -0.00256591 -0.00177982 -0.00202788 -0.00057252
internal_weight=16037 14407 13754 4753 4703 9001 2898 6103 1630 653 573 130
internal_count=16037 14407 13754 4753 4703 9001 2898 6103 1630 653 573 130
cat_boundaries=0 1
cat_threshold=2671624
is_linear=0
shrinkage=0.03


Tree=189
num_leaves=20
num_cat=4
split_feature=22 14 11 14 20 0 21 21 24 22 0 0 21 0 17 14 26 25 11
split_gain=7.56734 1.45913 1.09038 1.0701 1.18247 1.65469 0.945715 0.804318 0.791743 0.677752 0.59126 0.509132 0.626563 0.406432 0.359696 0.254671 0.158164 0.148717 0.110993
threshold=912.23500000000013 0.17646842360078763 53.45224838247227 0.89787622492179153 26.38214285714286 0 2750.5000000000005 1050.4500000000003 1700.5000000000002 5400.5000000000009 1 2 1100.5000000000002 3 -0.88320848168588306 -0.28519255817492867 3.2500000000000004 29.775000000000002 191.15065039336767
decision_type=2 2 2 2 2 9 2 2 2 2 9 9 2 9 2 2 2 2 2
left_child=1 13 6 4 9 -6 11 16 10 -4 -5 12 -2 -1 -13 -15 18 -10 -3
right_child=2 7 3 8 5 -7 -8 -9 17 -11 -12 14 -14 15 -16 -17 -18 -19 -20
leaf_value=-1.3881215042586375 -1.2498427262683394 -3.878220818404023 -0.25072391469553434 0.081985309342999774 -0.38825170931051095 0.79897083877691233 0.61955363641496197 -0.0043730773399992878 -3.1234937062843953 4.6243303220403087 -0.62586047179943527 0.37719160635973953 0.15696826659778093 -0.13010878222566774 -1.1394879767122943 1.5879314451385236 -0.42961639811822461 -0.54744026642409238 -1.437157957498949
leaf_weight=100 181 1984 8723 603 637 648 90 119 296 109 558 64 503 69 1110 60 53 51 79
leaf_count=100 181 1984 8723 603 637 648 90 119 296 109 558 64 503 69 1110 60 53 51 79
internal_value=-0.000608306 -0.00214077 -0.000326655 -0.000211595 -9.54741e-05 0.0007465 -0.000989739 -0.00237478 -0.000960239 -0.000223141 -0.000531842 -0.00115062 -0.000384173 0 -0.00154177 0.0012 -0.00250968 -0.00225862 -0.00255523
internal_weight=16037 2464 13573 11625 10117 1285 1948 2235 1508 8832 1161 1858 684 229 1174 129 2116 347 2063
internal_count=16037 2464 13573 11625 10117 1285 1948 2235 1508 8832 1161 1858 684 229 1174 129 2116 347 2063
cat_boundaries=0 1 2 3 4
cat_threshold=3198044 3165288 74842 562176
is_linear=0
shrinkage=0.03


Tree=190
num_leaves=17
num_cat=0
split_feature=22 27 23 14 31 17 25 20 10 31 14 7 13 10 10 14
split_gain=7.69597 1.69385 1.06377 1.04189 1.98524 1.18498 1.13656 1.46555 0.684594 0.480232 0.335358 0.283636 0.229711 0.155906 0.0491374 0.0322383
threshold=897.50000000000011 30.375000000000004 951.50000000000011 -0.95754239937548935 84.950000000000031 -0.6652727025667432 25.975000000000005 24.610714285714288 2741.2142857142862 11.350000000000003 0.99466373373798567 127.50000000000001 1915.3609918665386 1557.214285714286 843.78571428571433 0.17646842360078763
decision_type=2 2 2 2 2 2 2 2 2 2 2 2 2 2 2 2
left_child=2 3 9 6 5 -5 7 -2 -6 15 13 12 -4 -3 -11 -1
right_child=1 10 11 4 8 -7 -8 -9 -10 14 -12 -13 -14 -15 -16 -17
leaf_value=-1.7990804319661233 0.62295429634066013 -1.1332698724261505 -1.2789574339303913 -0.76240713250496328 -1.9275568210318186 -0.086722954444378234 4.1890748642732536 -1.4176381995713148 -0.039388341732759784 0.28402545173632138 0.18642391119020704 2.1278019060960611 0.36571425901083238 -1.4681348339761628 -1.3525680787014398 -4.2432749134958003
leaf_weight=71 695 479 124 1873 506 9537 66 389 163 55 53 57 53 63 51 1824
leaf_count=71 695 479 124 1873 506 9537 66 389 163 55 53 57 53 63 51 1824
internal_value=-0.00060411 -0.000336131 -0.00224061 -0.000261679 -0.000346193 -0.000248445 0.000586446 0.000306912 -0.00194328 -0.00246653 -0.00191275 -0.000114894 -0.000876405 -0.00213812 -2.80381e-05 -0.00257911
internal_weight=16059 13824 2235 13229 12079 11410 1150 1084 669 2001 595 234 177 542 106 1895
internal_count=16059 13824 2235 13229 12079 11410 1150 1084 669 2001 595 234 177 542 106 1895
is_linear=0
shrinkage=0.03


Tree=191
num_leaves=20
num_cat=0
split_feature=22 21 33 21 15 24 27 28 13 21 15 15 19 16 27 27 24 32 32
split_gain=7.51023 1.61191 1.17603 1.16435 1.2377 1.13535 1.18733 1.53559 1.03475 1.14828 1.06778 0.901306 0.877688 0.807152 0.626899 0.679208 0.311419 0.299808 0.429324
threshold=950.50000000000011 1000.5000000000001 4.1650000000000009 2500.5000000000005 -0.98049353344232182 2900.5000000000005 25.575000000000006 23.875000000000004 1445.621196658454 1800.5000000000002 0.99611390731392835 -0.61915584096709908 52.450000000000003 -0.40614512594453095 25.825000000000006 24.325000000000006 1100.5000000000002 228.95000000000002 61.600000000000009
decision_type=2 2 2 2 2 2 2 2 2 2 2 2 2 2 2 2 2 2 2
left_child=1 2 17 4 12 6 7 -5 9 -6 -10 -3 -2 -8 15 -7 -13 18 -1
right_child=3 11 -4 5 8 14 13 -9 10 -11 -12 16 -14 -15 -16 -17 -18 -19 -20
leaf_value=-1.3178246513319218 0.36758460341930105 1.4371454191970969 -3.0075396590593604 -0.057015403319494416 0.98884285273920136 0.05496198762369825 2.6728162377311544 1.0947130062640871 -0.46220131244525875 -0.42251068935400693 0.84648303215320109 -1.0815454228863541 -1.7745675584423795 -2.2377293143189898 2.3194660875334789 -0.96895889482156039 0.15363093585456766 -2.0357323205117686 1.3180431913297128
leaf_weight=123 97 51 2243 312 291 1322 59 579 8380 206 507 142 553 169 89 708 95 70 63
leaf_count=123 97 51 2243 312 291 1322 59 579 8380 206 507 142 553 169 89 708 95 70 63
internal_value=-0.00058543 -0.00200359 -0.0022488 -0.000284111 -0.000445143 0.000200987 0.000980356 0.00149327 -0.000351306 0.000951807 -0.000429344 0 -0.00172811 -0.000825328 -0.000189623 -0.000317578 -0.000655463 -0.000128405 0.000304812
internal_weight=16059 2787 2499 13272 10034 3238 1119 891 9384 497 8887 288 650 228 2119 2030 237 256 186
internal_count=16059 2787 2499 13272 10034 3238 1119 891 9384 497 8887 288 650 228 2119 2030 237 256 186
is_linear=0
shrinkage=0.03


Tree=192
num_leaves=15
num_cat=1
split_feature=10 27 33 21 14 7 24 21 32 33 22 0 29 13
split_gain=7.1359 1.61517 1.0949 1.22249 1.07872 1.00535 0.832811 0.683368 0.682419 0.41879 0.351046 0.290899 0.192399 0.140803
threshold=843.78571428571433 30.375000000000004 7.2250000000000005 2500.5000000000005 -0.96235977360714686 129.50000000000003 2900.5000000000005 912.23500000000013 0.4000000000000003 4.2150000000000007 945.50000000000011 0 27.625000000000004 1923.4202469509335
decision_type=2 2 2 2 2 2 2 2 2 2 2 9 2 2
left_child=7 2 3 4 -2 8 -5 9 -4 -1 -11 13 -13 -3
right_child=1 11 5 6 -6 -7 -8 -9 -10 10 -12 12 -14 -15
leaf_value=-0.19822622909748128 0.37664876464293201 -1.5682946074112607 0.29070982748477658 0.48426439270337923 -0.52377963261946259 3.5490417321101728 -0.16047609938178908 0.062275328004120868 -0.87535493429339639 -4.3240133180554876 -0.27324252441638824 -0.3137855851102514 -1.2419245928100247 0.49676827666566248
leaf_weight=78 636 63 266 1117 9175 70 2119 96 187 1625 53 61 449 64
leaf_count=78 636 63 266 1117 9175 70 2119 96 187 1625 53 61 449 64
internal_value=-0.000587298 -0.000355153 -0.000281852 -0.000338443 -0.00050632 0.00104198 0.000156626 -0.00234269 0.000409691 -0.00247752 -0.00257832 -0.00184326 -0.00215931 -4.34789e-05
internal_weight=16059 14207 13570 13047 9811 523 3236 1852 453 1756 1678 637 510 127
internal_count=16059 14207 13570 13047 9811 523 3236 1852 453 1756 1678 637 510 127
cat_boundaries=0 1
cat_threshold=393312
is_linear=0
shrinkage=0.03


Tree=193
num_leaves=16
num_cat=0
split_feature=10 27 14 31 25 20 17 21 21 33 22 32 29 5 13
split_gain=7.09632 1.33997 0.977075 1.95898 1.17051 1.39946 1.08189 0.735367 0.674409 0.412096 0.345832 0.250368 0.242344 0.0479272 0.0161513
threshold=843.78571428571433 30.375000000000004 -0.95754239937548935 84.950000000000031 25.975000000000005 24.610714285714288 -0.65721521735223198 2750.5000000000005 912.23500000000013 4.2150000000000007 945.50000000000011 11.550000000000002 27.825000000000006 1.0000000180025095e-35 1923.4202469509335
decision_type=2 2 2 2 2 2 2 2 2 2 2 2 2 2 2
left_child=8 2 4 6 5 -2 -4 -5 9 -1 -11 12 -3 -14 -13
right_child=1 11 3 7 -6 -7 -8 -9 -10 10 -12 14 13 -15 -16
leaf_value=-0.19227944222456012 0.59735328201103699 -0.27576568268094093 -0.70293284785745291 -1.5462118562110272 4.057319560450634 -1.3637333371383167 -0.083543786107877285 0.051218646955343825 0.060407068163999843 -4.194292918513824 -0.2650452486838949 -0.39836071582727045 -1.5235804882265567 -1.5845795964778893 -0.038557520856433262
leaf_weight=78 708 67 1984 546 66 392 9750 124 96 1625 53 66 62 378 64
leaf_count=78 708 67 1984 546 66 392 9750 124 96 1625 53 66 62 378 64
internal_value=-0.00057609 -0.000344595 -0.000277431 -0.000357679 0.000537274 0.000258855 -0.00026306 -0.00194486 -0.0023265 -0.00246044 -0.00256045 -0.0017022 -0.00201969 -0.00227891 -0.000114505
internal_weight=16059 14207 13570 12404 1166 1100 11734 670 1852 1756 1678 637 507 440 130
internal_count=16059 14207 13570 12404 1166 1100 11734 670 1852 1756 1678 637 507 440 130
is_linear=0
shrinkage=0.03


Tree=194
num_leaves=17
num_cat=2
split_feature=10 27 33 21 15 24 0 14 21 33 22 0 32 10 11 29
split_gain=7.18921 1.36695 1.15769 1.18856 1.08166 0.878053 0.859244 1.16733 0.674409 0.412096 0.345832 0.327809 0.316303 0.205097 0.15332 0.00749616
threshold=843.78571428571433 30.375000000000004 7.2250000000000005 2500.5000000000005 0.99611390731392835 2900.5000000000005 0 0.97112537654464559 912.23500000000013 4.2150000000000007 945.50000000000011 1 3.2499999999999933 1357.214285714286 132.28756555323361 28.025000000000002
decision_type=2 2 2 2 2 2 9 2 2 2 2 9 2 2 2 2
left_child=8 2 3 4 -2 -5 7 -4 9 -1 -11 12 -3 -8 -14 -13
right_child=1 11 6 5 -6 -7 13 -9 -10 10 -12 15 14 -15 -16 -17
leaf_value=-0.18651105895782161 -0.49203551836181558 -1.1874460663491653 1.8081015906172371 0.47224277450551982 0.78727406708509085 -0.15564061821620215 0.069822041976346227 0.20589981982819319 0.058594856119077811 -4.0684641309584091 -0.25709389122337734 -1.944147987693305 -0.48752031751122171 -1.6057825837196684 0.46434489286706143 -1.458972612896843
leaf_weight=78 9296 124 144 1117 515 2119 177 130 96 1625 53 50 69 72 55 339
leaf_count=78 9296 124 144 1117 515 2119 177 130 96 1625 53 50 69 72 55 339
internal_value=-0.000564882 -0.000331926 -0.000264167 -0.000322349 -0.000487975 0.000165894 0.00109924 0.00222105 -0.0023265 -0.00246044 -0.00256045 -0.0017022 -0.00049807 -4.61545e-05 0.000263999 -0.00228
internal_weight=16059 14207 13570 13047 9811 3236 523 274 1852 1756 1678 637 248 249 124 389
internal_count=16059 14207 13570 13047 9811 3236 523 274 1852 1756 1678 637 248 249 124 389
cat_boundaries=0 1 2
cat_threshold=1593576 412772
is_linear=0
shrinkage=0.03


Tree=195
num_leaves=15
num_cat=1
split_feature=10 27 29 21 0 29 21 26 26 22 29 19 12 21
split_gain=7.15721 1.75977 1.256 1.39411 1.3052 1.49028 1.11849 0.83064 0.594235 0.368857 0.345014 0.323035 0.213584 0.0245227
threshold=825.14285714285722 30.325000000000006 27.825000000000006 2676.0400000000004 0 29.125000000000004 2900.5000000000005 5.5500000000000007 1.7500000000000002 912.23500000000013 27.625000000000004 11.550000000000002 1592.3166666666668 912.23500000000013
decision_type=2 2 2 2 9 2 2 2 2 2 2 2 2 2
left_child=8 2 3 7 12 -6 -5 -2 9 13 -3 -12 -4 -1
right_child=1 10 4 6 5 -7 -8 -9 -10 -11 11 -13 -14 -15
leaf_value=-4.0217052764517973 -0.37158923668785449 -0.11163883873511608 -0.78619542504970352 0.52691798311440241 0.66389520372702426 0.030917827571449646 -0.059934992897244202 -1.0092726461424808 0.21972777431527679 -0.20036971560071448 -1.4766253630415964 -0.17277700882263933 0.97397328310077691 -0.70874423742972292
leaf_weight=1558 7559 80 364 517 480 618 2327 1523 75 50 487 128 114 52
leaf_count=1558 7559 80 364 517 480 618 2327 1523 75 50 487 128 114 52
internal_value=-0.00059631 -0.000370194 -0.000290381 -0.00039767 0.000492707 0.00107394 0.000169771 -0.000580316 -0.00241936 -0.00253763 -0.00185345 -0.00209416 -0.000754602 -0.00261639
internal_weight=15932 14197 13502 11926 1576 1098 2844 9082 1735 1660 695 615 478 1610
internal_count=15932 14197 13502 11926 1576 1098 2844 9082 1735 1660 695 615 478 1610
cat_boundaries=0 1
cat_threshold=167568
is_linear=0
shrinkage=0.03


Tree=196
num_leaves=17
num_cat=2
split_feature=10 27 11 29 11 21 27 33 0 31 29 21 26 21 19 0
split_gain=6.82665 1.70627 1.42326 1.46431 1.10522 0.98363 1.4894 0.982998 0.880333 0.63568 0.420301 0.374404 0.218182 0.215199 0.212017 0.0898611
threshold=825.14285714285722 30.525000000000002 69.863813100712775 27.725000000000005 93.174822826985562 1475.5000000000002 24.075000000000006 3.5650000000000004 0 1.8000000000000163 27.625000000000004 830.50000000000011 0.25000000000000006 900.50000000000011 11.550000000000002 1
decision_type=2 2 2 2 2 2 2 2 9 2 2 2 2 2 2 9
left_child=9 2 5 7 -5 8 -7 -4 -2 13 -3 12 -11 15 -12 -1
right_child=1 10 3 4 -6 6 -8 -9 -10 11 14 -13 -14 -15 -16 -17
leaf_value=-2.3779821465451652 -0.20665341835831791 0.11019420595522218 0.12105068860019458 1.8065040678757733 0.088126215745436581 0.68699616807316843 -0.33353260046098376 -0.41669636235222818 -1.171272569475093 -0.735449657404181 -1.4940052461419868 0.63488344122824703 -3.9628283007055325 -0.66253064815126894 -0.33605018972613004 -3.9030407160479443
leaf_weight=122 514 76 2996 251 896 410 829 6307 1387 60 416 67 131 50 115 1305
leaf_count=122 514 76 2996 251 896 410 829 6307 1387 60 416 67 131 50 115 1305
internal_value=-0.000586896 -0.000365968 -0.000292474 -0.000119128 0.000883275 -0.000854824 -0.000154839 -0.000247636 -0.00128707 -0.00236751 -0.00193421 -0.00072973 -0.0015 -0.00262246 -0.00223308 -0.00269328
internal_weight=15932 14197 13590 10450 1147 3140 1239 9303 1901 1735 607 258 191 1477 531 1427
internal_count=15932 14197 13590 10450 1147 3140 1239 9303 1901 1735 607 258 191 1477 531 1427
cat_boundaries=0 1 2
cat_threshold=1646620 81920
is_linear=0
shrinkage=0.03


Tree=197
num_leaves=18
num_cat=2
split_feature=10 11 14 20 13 7 21 27 23 13 0 10 10 29 5 0 31
split_gain=6.83992 1.58086 1.10409 1.08218 1.49669 1.20159 1.00011 1.54671 1.99721 1.37946 0.883722 0.716782 1.38742 0.667867 0.568629 0.320458 0.123271
threshold=767.64285714285722 71.551346723247917 0.90162119223771331 23.864285714285717 1712.0224850936227 44.500000000000007 1475.5000000000002 24.075000000000006 1700.5000000000002 1448.2751169720641 0 1364.3571428571429 1221.5000000000002 29.075000000000006 2.5000000000000004 1 1.8000000000000163
decision_type=2 2 2 2 2 2 2 2 2 2 9 2 2 2 2 9 2
left_child=16 6 3 4 -3 -5 9 8 -8 14 -11 12 -4 -9 -2 -13 -1
right_child=1 2 11 5 -6 -7 7 13 -10 10 -12 15 -14 -15 -16 -17 -18
leaf_value=-4.6234642321833812 1.1249460222491732 -1.5138413550385346 -0.76913352040636584 2.0088714468597679 0.047721051050766225 0.11096230368420218 2.2614812030203604 -0.45630476315557211 -0.16497682613785197 -0.065589716937225359 -1.277561978311335 -0.12013452517047513 0.59269257572934508 1.1942744889680583 -1.3593585021403609 -1.8644072902765314 -3.030991397892238
leaf_weight=1141 89 1810 855 143 2569 4711 140 823 291 309 1891 137 297 68 80 442 136
leaf_count=1141 89 1810 855 143 2569 4711 140 823 291 309 1891 137 297 68 80 442 136
internal_value=-0.00056995 -0.000382779 -0.000196718 -6.10793e-05 -0.00040685 0.000241606 -0.000923078 -0.000219955 0.00120833 -0.0012962 -0.00150613 -0.000893765 -0.0004085 -0.000961884 0.00116471 -0.00177931 -0.00268075
internal_weight=15932 14655 10964 9233 4379 4854 3691 1322 431 2369 2200 1731 1152 891 169 579 1277
internal_count=15932 14655 10964 9233 4379 4854 3691 1322 431 2369 2200 1731 1152 891 169 579 1277
cat_boundaries=0 1 2
cat_threshold=73736 131272
is_linear=0
shrinkage=0.03


Tree=198
num_leaves=19
num_cat=0
split_feature=22 23 27 11 7 14 29 33 29 21 21 7 21 21 14 21 29 6
split_gain=6.65746 1.49517 1.14794 0.947034 0.847199 0.968979 0.742395 0.863892 0.81372 0.724453 0.500782 0.703025 0.471543 0.414796 0.315103 0.100566 0.100105 0.0798202
threshold=897.50000000000011 951.50000000000011 30.675000000000004 69.863813100712775 260.50000000000006 -0.59176244063315286 27.825000000000006 3.5650000000000004 29.125000000000004 1827.5000000000002 773.00000000000011 143.50000000000003 850.50000000000011 1097.5000000000002 0.99053107487289871 900.50000000000011 28.225000000000005 6.5000000000000009
decision_type=2 2 2 2 2 2 2 2 2 2 2 2 2 2 2 2 2 2
left_child=1 10 3 4 5 -2 7 -5 -8 -6 -1 15 -3 -14 16 -12 -4 -13
right_child=2 12 14 6 9 -7 8 -9 -10 -11 11 17 13 -15 -16 -17 -18 -19
leaf_value=-5.0699639002891601 -1.720263498321589 2.242583701818917 -0.41929382857893926 0.12608499752479466 2.8136123368838231 -0.26536015465036844 0.46818597898718711 -0.35948394125773692 -0.046239955891720974 -0.713774737096175 -2.9337134744959483 0.17153384227338658 -3.1450004226242281 0.067572109403173181 -0.15126658635742993 -1.4899136378432469 -0.99201127405777279 -1.8403159922982542
leaf_weight=1241 559 80 52 2961 119 2285 429 6144 612 65 390 184 78 76 95 134 359 69
leaf_count=1241 559 80 52 2961 119 2285 429 6144 612 65 390 184 78 76 95 134 359 69
internal_value=-0.000558653 -0.00207324 -0.000305899 -0.00024797 -0.000716079 -0.000853076 -0.000103775 -0.000194378 0.000644913 0.00115135 -0.0023373 -0.00158869 1.27652e-05 -0.000754839 -0.00172189 -0.00222286 -0.00208252 -9.44889e-05
internal_weight=15932 2252 13680 13174 3028 2844 10146 9105 1041 184 2018 777 234 154 506 524 411 253
internal_count=15932 2252 13680 13174 3028 2844 10146 9105 1041 184 2018 777 234 154 506 524 411 253
is_linear=0
shrinkage=0.03


Tree=199
num_leaves=15
num_cat=1
split_feature=10 27 11 13 14 29 14 12 0 14 28 31 12 12
split_gain=6.81154 1.55716 1.31369 1.02814 1.53699 0.970485 1.15996 0.958906 0.908085 0.274929 0.16282 0.11364 0.0956171 0.0024482
threshold=767.64285714285722 30.525000000000002 71.551346723247917 1697.2320496293607 0.7210268013660811 27.725000000000005 0.8697513045430848 1689.5166666666669 0 0.99466373373798567 32.025000000000006 1.8000000000000163 1438.7166666666669 1753.3500000000001
decision_type=2 2 2 2 2 2 2 2 9 2 2 2 2 2
left_child=11 2 3 4 -2 6 -4 -5 -7 10 13 -1 -12 -3
right_child=1 9 5 7 -6 8 -8 -9 -10 -11 12 -13 -14 -15
leaf_value=-4.425769564856143 -0.31384419873109992 -1.3366105023912573 -0.10260688314913424 -1.3544423491285786 1.6598730666626968 0.55841013097203029 -0.77438195515949648 -0.060033073548473509 -0.079489104543478711 -0.1502746458665957 -0.55111844322307946 -2.8481818711193347 0.024508730577425399 -0.8099535722991692
leaf_weight=1141 1441 414 8097 1283 183 626 1208 541 598 70 93 136 51 50
leaf_count=1141 1441 414 8097 1283 183 626 1208 541 598 70 93 136 51 50
internal_value=-0.000551121 -0.000364357 -0.000292317 -0.000802842 -0.000219693 -0.000120798 -0.000228885 -0.00129699 0.000663673 -0.00178056 -0.00198522 -0.00265728 -0.000600001 -0.00231613
internal_weight=15932 14655 13977 3448 1624 10529 9305 1824 1224 678 608 1277 144 464
internal_count=15932 14655 13977 3448 1624 10529 9305 1824 1224 678 608 1277 144 464
cat_boundaries=0 1
cat_threshold=3493923
is_linear=0
shrinkage=0.03


Tree=200
num_leaves=20
num_cat=0
split_feature=22 11 11 33 22 29 33 33 26 33 15 15 18 7 26 13 24 23 13
split_gain=7.61105 1.53182 1.06987 1.06764 1.04433 0.957679 0.836017 0.912584 1.05895 1.01685 0.699581 1.78711 0.516914 0.643635 0.266837 0.298627 0.262441 0.451073 0.344261
threshold=977.04500000000019 195.18001458970846 62.678317052764775 5.0250000000000012 2676.0400000000004 24.575000000000006 8.3850000000000033 3.4950000000000006 5.1500000000000012 4.2350000000000012 -0.96904977397942549 -0.80417042486635371 0.099999999999986697 96.500000000000014 1.7500000000000002 1643.580960830933 900.50000000000011 821.50000000000011 1661.0315026430351
decision_type=2 2 2 2 2 2 2 2 2 2 2 2 2 2 2 2 2 2 2
left_child=1 3 4 16 10 -6 7 8 -4 -9 -2 -12 13 -3 15 -5 17 -1 -18
right_child=2 12 6 14 5 -7 -8 9 -10 -11 11 -13 -14 -15 -16 -17 18 -19 -20
leaf_value=-1.4060047169886813 -1.1076951582200369 -0.49275092257692737 0.68926785349538722 -4.1646283819223688 0.69249519614319144 -0.052613127511230755 3.0939590922600297 -0.60876236452290056 -0.18509735615028233 0.020096483832724089 0.34853490701443302 -0.85753935288424066 -2.3349000153577713 1.9926359232301676 -0.34874075026999024 -1.8592420273683581 -1.8099942421361119 0.748934112260355 0.23554181497299251
leaf_weight=109 384 73 1914 1178 93 96 82 2755 1143 4823 551 1363 93 76 54 989 147 89 53
leaf_count=109 384 73 1914 1178 93 96 82 2755 1143 4823 551 1363 93 76 54 989 147 89 53
internal_value=-0.000436948 -0.00184067 -0.00012927 -0.0020542 -0.000689711 0.00135789 0 -2.25656e-05 0.000410071 -0.000203062 -0.000878209 -0.0006094 0.00028395 0.00152 -0.00231683 -0.002369 -0.000473685 0.000105527 -0.00126866
internal_weight=16065 2861 13204 2619 2487 189 10717 10635 3057 7578 2298 1914 242 149 2221 2167 398 198 200
internal_count=16065 2861 13204 2619 2487 189 10717 10635 3057 7578 2298 1914 242 149 2221 2167 398 198 200
is_linear=0
shrinkage=0.03


Tree=201
num_leaves=17
num_cat=2
split_feature=10 21 0 13 27 27 0 24 26 28 27 29 22 33 13 31
split_gain=7.62323 1.50361 1.1319 0.932621 0.88278 1.62013 1.44957 0.95546 0.849397 0.80164 0.729291 0.536499 0.424104 0.354159 0.0735931 0.0507042
threshold=801.07142857142867 1150.5000000000002 0 1406.8849694649532 30.025000000000002 29.025000000000002 1 2277.5000000000005 1.7500000000000002 30.675000000000004 21.925000000000001 27.625000000000004 1140.1950000000004 4.1450000000000005 1954.3762254901965 1.8000000000000163
decision_type=2 2 9 2 2 2 9 2 2 2 2 2 2 2 2 2
left_child=8 2 3 -2 5 7 -7 -3 15 -5 13 -6 -12 -4 -13 -1
right_child=1 4 10 9 11 6 -8 -9 -10 -11 12 14 -14 -15 -16 -17
leaf_value=-3.3927433299731491 0.35796619753706727 -0.24106245705964108 2.7282346571171896 -0.036089133185464251 0.44544855302757747 -0.29695509006420567 2.1436574767508549 0.18419421711791639 0.71100860687091316 -2.0155467826465165 -1.4338517095170054 -1.2080030052196737 -0.29987238420535745 -0.37827540218214589 -0.74185489083383094 -2.6321076794976523
leaf_weight=1296 76 6765 63 1067 88 110 248 3954 54 122 1357 267 344 52 54 148
leaf_count=1296 76 6765 63 1067 88 110 248 3954 54 122 1357 267 344 52 54 148
internal_value=-0.000427612 -0.000214581 -0.000804024 -7.05336e-05 -5.24948e-05 0 0.0019805 -6.82843e-05 -0.00246765 -0.000312606 -0.00128243 -0.00141951 -0.00145593 0.000775861 -0.00201242 -0.00261384
internal_weight=16065 14567 3081 1265 11486 11077 358 10719 1498 1189 1816 409 1701 115 321 1444
internal_count=16065 14567 3081 1265 11486 11077 358 10719 1498 1189 1816 409 1701 115 321 1444
cat_boundaries=0 1 2
cat_threshold=3746348 76802
is_linear=0
shrinkage=0.03


Tree=202
num_leaves=20
num_cat=3
split_feature=22 21 12 13 19 14 21 32 15 16 14 16 14 0 15 0 0 11 10
split_gain=7.74825 1.19884 1.16439 1.6652 1.93337 1.454 1.38394 1.32509 1.65513 1.4668 1.27696 2.92532 1.20444 0.857618 0.708293 1.12014 0.571555 0.503637 0.499205
threshold=897.50000000000011 757.50000000000011 1887.2000000000003 1448.2751169720641 232.85000000000005 0.69676570133721638 1200.5000000000002 90.050000000000026 -0.22700609751797865 0.95752911693909493 0.21022171450811275 0.66045618230038983 0.091259403071267925 0 -0.60555643346685839 1 2 489.59406419473964 1364.3571428571429
decision_type=2 2 2 2 2 2 2 2 2 2 2 2 2 9 2 9 9 2 2
left_child=1 -1 3 4 13 10 -6 9 -9 -5 12 -12 -4 -2 15 -3 18 -18 -7
right_child=2 14 5 7 6 16 -8 8 -10 -11 11 -13 -14 -15 -16 -17 17 -19 -20
leaf_value=-4.5583707449779318 -0.9645991836952359 1.0315658313606797 0.18022486403614085 -0.23198471992387215 0.32344171112859432 1.6665443641399793 4.4537218050275165 -1.3333777381863114 0.095367105952502251 1.4755446320681251 3.3680386013100154 0.30953913448679476 -1.9048706315903912 0.70233519512870146 -1.7332807606394074 -1.6092807513329936 -1.1671163858892724 1.6923187374987432 -0.41472905060397086
leaf_weight=1217 257 104 4183 4083 59 56 63 1950 782 264 159 440 204 201 704 196 562 73 508
leaf_count=1217 257 104 4183 4083 59 56 63 1950 782 264 159 440 204 201 704 196 562 73 508
internal_value=-0.000427612 -0.00207381 -0.000160131 -0.000408878 0.00111015 0.000140639 0.00446341 -0.000539831 -0.00106147 -0.000201473 0.000372367 0.00168 0.000183226 0.00011111 -0.0012209 0 -0.000785001 -0.00139319 0
internal_weight=16065 2221 13844 7659 580 6185 122 7079 2732 4347 4986 599 4387 458 1004 300 1199 635 564
internal_count=16065 2221 13844 7659 580 6185 122 7079 2732 4347 4986 599 4387 458 1004 300 1199 635 564
cat_boundaries=0 1 2 3
cat_threshold=570372 1685568 508003
is_linear=0
shrinkage=0.03


Tree=203
num_leaves=20
num_cat=3
split_feature=10 12 14 0 14 20 33 32 13 20 13 15 26 16 0 23 11 0 11
split_gain=7.65772 1.32466 1.35278 1.24612 1.18216 3.28896 1.4681 1.1061 0.989856 0.928317 1.72165 0.983594 0.843003 0.769832 0.609373 0.440975 0.356537 0.097973 0.496213
threshold=816.00000000000011 1887.2000000000003 0.69676570133721638 0 0.21022171450811275 20.803571428571434 3.5450000000000004 0.2499999999999965 1451.1446220287523 23.953571428571433 1683.8069801551264 -0.24372464231556024 1.8500000000000003 0.90892735371523092 1 1253.0000000000002 489.59406419473964 2 56.325139338192706
decision_type=2 2 2 9 2 2 2 2 2 2 2 2 2 2 9 2 2 9 2
left_child=12 3 4 9 6 -6 -3 13 -9 11 -11 -2 17 -5 15 -4 -16 18 -1
right_child=1 2 14 7 5 -7 -8 8 -10 10 -12 -13 -14 -15 16 -17 -18 -19 -20
leaf_value=0.50123141572630503 -2.7691880832706737 0.45830975941557234 0.83680398989434956 -0.0079918892932413881 -0.6936145795266121 2.2520118782646175 -0.33658232546237299 0.34014260240620203 -0.82709914294016895 0.71782042032043614 -0.31480140239337084 -0.28536476413135653 0.5580649431937279 2.8143258068694035 -1.1290786665176209 -0.44889994049349713 1.2977217227555933 -3.2907609328767817 -2.1653111730352057
leaf_weight=86 225 1970 50 670 235 367 2417 316 3722 1203 1170 869 51 50 587 502 73 1199 303
leaf_count=86 225 1970 50 670 235 367 2417 316 3722 1203 1170 869 51 50 587 502 73 1199 303
internal_value=-0.00042201 -0.000197755 0.0001277 -0.000448578 0.000352304 0.00160696 0.000169553 -0.000763054 -0.000960387 -1.72584e-06 0.000318449 -0.000736987 -0.00236707 0.000270457 -0.000759275 0 -0.00136364 -0.0024978 -0.00153
internal_weight=16065 14426 6201 8225 4989 602 4387 4758 4038 3467 2373 1094 1639 720 1212 552 660 1588 389
internal_count=16065 14426 6201 8225 4989 602 4387 4758 4038 3467 2373 1094 1639 720 1212 552 660 1588 389
cat_boundaries=0 1 2 3
cat_threshold=1915436 495715 1132545
is_linear=0
shrinkage=0.03


Tree=204
num_leaves=20
num_cat=2
split_feature=10 24 0 15 19 15 32 15 24 24 26 12 21 7 17 24 0 27 27
split_gain=7.44075 1.28081 1.20561 1.13285 1.81106 1.43673 2.94593 2.21577 1.06559 1.18232 0.871526 0.499137 0.357206 0.351441 0.63033 0.354766 0.0253679 0.0508552 0.0289207
threshold=809.21428571428589 2469.0000000000005 0 -0.97696767110351213 39.150000000000013 -0.7614016681079937 303.85000000000008 -0.26867065956352881 2842.5000000000005 2700.5000000000005 1.7500000000000002 4745.2833333333338 1950.5000000000002 340.50000000000006 0.30983203860516167 2842.5000000000005 1 28.725000000000005 23.225000000000005
decision_type=2 2 9 2 2 2 2 2 2 2 2 2 2 2 2 2 9 2 2
left_child=10 3 13 4 -2 6 -5 -7 9 -4 16 -10 -6 14 -3 -15 17 -1 -18
right_child=1 2 8 5 12 7 -8 -9 11 -11 -12 -13 -14 15 -16 -17 18 -19 -20
leaf_value=-3.2018611240775199 1.7053266857252207 -0.38636494450412129 0.39478884685293614 0.48227137342049964 -1.4973581786564039 -1.1869524878270641 -2.0958020346556077 -0.1527176704835726 0.11085519274866946 2.8761142159597983 0.4751886437158952 14.42474404974881 -0.034913916469949312 0.54417963101788658 0.32060829702262694 -3.83123062402781 -1.6885861033290674 -1.9309027890912493 -3.1499525283602163
leaf_weight=54 94 964 337 1689 657 1827 259 6463 1343 132 64 68 68 59 389 147 52 70 1329
leaf_count=54 94 964 337 1689 657 1827 259 6463 1343 132 64 68 68 59 389 147 52 70 1329
internal_value=-0.000412673 -0.0001968 0.000301743 -0.000355942 -0.00144146 -0.000264577 0.000457157 -0.000439634 0.000817027 0.00208085 -0.00237707 0.000369688 -0.00198347 -0.000294268 -8.41957e-05 -0.00146377 -0.00252988 -0.000866667 -0.00262069
internal_weight=16065 14496 3439 11057 819 10238 1948 8290 1880 469 1569 1411 725 1559 1353 206 1505 124 1381
internal_count=16065 14496 3439 11057 819 10238 1948 8290 1880 469 1569 1411 725 1559 1353 206 1505 124 1381
cat_boundaries=0 1 2
cat_threshold=4069574 81920
is_linear=0
shrinkage=0.03


Tree=205
num_leaves=18
num_cat=0
split_feature=23 10 11 15 15 32 5 22 22 25 18 25 7 13 22 14 29
split_gain=6.01512 1.31589 0.875015 0.846057 0.77221 0.945683 0.843104 0.805373 0.762852 0.886071 0.763682 0.650717 0.622211 0.468472 0.322217 0.313937 0.0680875
threshold=750.50000000000011 1150.0714285714287 604.59547837938169 0.95436825032516992 -0.78324956448884031 303.85000000000008 1.0000000180025095e-35 1121.6100000000004 1050.4500000000003 22.225000000000005 0.099999999999986697 29.275000000000002 171.50000000000003 1714.8010801203175 1020.4050000000001 -0.98046803196378884 21.225000000000005
decision_type=2 2 2 2 2 2 2 2 2 2 2 2 2 2 2 2 2
left_child=12 4 8 13 5 6 -2 15 10 -10 -3 -9 14 -4 -1 -6 -5
right_child=1 2 3 16 7 -7 -8 11 9 -11 -12 -13 -14 -15 -16 -17 -18
leaf_value=-3.2982744409763334 0.6276237699420637 1.458493201899941 -0.40965632706165006 -0.29590897814390155 0.65657065975997242 -2.3162770312479881 -0.21746158955960304 -0.35672014736983537 -1.0283509474326533 -0.081013909559955688 -0.64868021953151511 0.31949619521382078 0.96041973171033135 3.4815287514723581 -0.37967065134429545 -1.232444075179026 -7.0702977537632492
leaf_weight=1239 134 120 157 61 51 150 596 240 2359 8260 73 78 56 462 56 1788 57
leaf_count=1239 134 120 157 61 51 150 596 240 2359 8260 73 78 56 462 56 1788 57
internal_value=-0.000512361 -0.000331323 -0.00018026 0.000804877 -0.000890718 -8.51312e-05 0.000307797 -0.00119833 -0.000251642 -0.000289266 0.00157732 6.583e-05 -0.00243195 0.0012871 -0.00256945 -0.00144131 -0.00133614
internal_weight=15937 14586 11549 737 3037 880 730 2157 10812 10619 193 318 1351 619 1295 1839 118
internal_count=15937 14586 11549 737 3037 880 730 2157 10812 10619 193 318 1351 619 1295 1839 118
is_linear=0
shrinkage=0.03


Tree=206
num_leaves=20
num_cat=0
split_feature=23 12 20 7 28 27 17 19 17 17 20 28 6 27 21 7 10 32 12
split_gain=5.76188 1.3954 1.7892 3.48131 2.26619 1.72826 1.34023 0.979456 1.61907 1.51517 0.691394 0.983659 0.864918 0.6145 0.981698 0.604006 0.183315 0.123216 0.0546667
threshold=750.50000000000011 1887.2000000000003 23.88571428571429 67.500000000000014 23.975000000000005 24.375000000000004 0.98901092807778201 57.750000000000007 -0.60383963676313723 0.86762559983340215 20.232142857142865 19.875000000000004 11.500000000000002 21.975000000000005 2392.5000000000005 171.50000000000003 767.64285714285722 0.099999999999999964 2162.8000000000006
decision_type=2 2 2 2 2 2 2 2 2 2 2 2 2 2 2 2 2 2 2
left_child=15 2 10 4 -4 -5 7 9 -9 -3 11 -2 -12 18 -15 16 -1 -18 -8
right_child=1 6 3 5 -6 -7 13 8 -10 -11 12 -13 -14 14 -16 -17 17 -19 -20
leaf_value=-4.2570003850944191 -2.1687758428814674 -0.20145620660208452 4.131664677127902 0.26161074963185277 0.5581179625757926 -0.45729409330719806 -3.7645250331920437 -0.66633751920706064 0.61744315522792392 -3.1373412931784324 -2.2048686435352627 1.2956000768411857 -0.26248306829597529 2.2053389393509573 0.061086008052317731 0.93160713975902187 -0.28762194349320874 -1.606463424537647 1.9917068774137441
leaf_weight=1017 143 2912 56 1138 116 4778 59 987 1425 474 1608 137 444 154 101 56 66 212 54
leaf_count=1017 143 2912 56 1138 116 4778 59 987 1425 474 1608 137 444 154 101 56 66 212 54
internal_value=-0.000508597 -0.000331323 -0.000582473 -0.000302021 0.00386705 -0.000431469 4.37743e-06 -9.98455e-05 0.000351843 -0.000434899 -0.0012949 0 -0.00148612 0.00176423 0.00257812 -0.00238757 -0.00252315 -0.00143011 0
internal_weight=15937 14586 8420 6088 172 5916 6166 5798 2412 3386 2332 280 2052 368 255 1351 1295 278 113
internal_count=15937 14586 8420 6088 172 5916 6166 5798 2412 3386 2332 280 2052 368 255 1351 1295 278 113
is_linear=0
shrinkage=0.03


Tree=207
num_leaves=20
num_cat=2
split_feature=23 10 0 7 14 11 0 22 25 21 18 11 21 5 17 13 17 29 13
split_gain=5.3579 1.23941 1.28459 1.45031 1.28929 0.85438 1.15508 0.898893 0.833627 0.764735 0.728568 0.607487 0.579061 0.494128 0.417236 0.409492 0.329222 0.313275 0.0759983
threshold=750.50000000000011 1150.0714285714287 0 144.50000000000003 0.30164402523644185 628.97374183127704 1 1050.4500000000003 22.225000000000005 750.50000000000011 0.20000000000000182 145.66726592298818 4852.5000000000009 3.5000000000000004 0.41789902429155973 1798.9008669165887 0.40614348274680406 26.925000000000004 1469.8342169473146
decision_type=2 2 9 2 2 2 9 2 2 2 2 2 2 2 2 2 2 2 2
left_child=9 2 3 11 -5 7 16 10 -9 -1 -3 -2 -8 17 15 -11 -7 -4 -15
right_child=1 5 13 4 -6 6 12 8 -10 14 -12 -13 -14 18 -16 -17 -18 -19 -20
leaf_value=-4.148183231957824 -1.0442928154551077 1.2901365550879407 -1.1153578645206379 0.12556326109800026 1.6680979748718461 1.1679049676464148 5.1350717882491637 -0.9544626827559296 -0.083959203432455512 -2.3784226821436425 -1.0762936836202914 0.063825082298101785 -0.48511656442650825 -1.1705949226539376 0.937370845852465 -0.022993395332882523 -5.2506460381707649 -0.42115290611539907 -1.5834213134456117
leaf_weight=998 500 124 736 234 103 118 366 2378 8300 192 69 263 85 73 78 83 109 638 490
leaf_count=998 500 124 736 234 103 118 366 2378 8300 192 69 263 85 73 78 83 109 638 490
internal_value=-0.000508597 -0.000337493 -0.000880843 -1.35021e-05 0.00157988 -0.00019065 0.000826214 -0.000258279 -0.000298624 -0.00232101 0.00173196 -0.000777488 0.00171429 -0.00134292 -0.000915255 -0.00152174 -0.000781513 -0.000979637 -0.00217021
internal_weight=15937 14586 3037 1100 337 11549 678 10871 10678 1351 193 763 451 1937 353 275 227 1374 563
internal_count=15937 14586 3037 1100 337 11549 678 10871 10678 1351 193 763 451 1937 353 275 227 1374 563
cat_boundaries=0 1 2
cat_threshold=1663528 4098248
is_linear=0
shrinkage=0.03


Tree=208
num_leaves=17
num_cat=0
split_feature=22 23 15 15 20 10 23 11 11 17 16 20 33 6 7 13
split_gain=5.33548 1.08823 0.839699 1.51202 2.248 1.10952 1.26169 0.909438 0.736927 0.64706 0.569589 1.05932 0.551309 0.505193 0.339416 0.170946
threshold=757.50000000000011 1125.5000000000002 -0.98049353344232182 -0.77243990499604276 24.089285714285719 2714.8585714285718 2900.5000000000005 628.97374183127704 197.28514450842513 0.9899370942838045 -0.57078386445773377 30.13571428571429 4.3150000000000004 1.5000000000000002 169.50000000000003 1737.5263485819353
decision_type=2 2 2 2 2 2 2 2 2 2 2 2 2 2 2 2
left_child=8 9 5 4 -4 12 -7 -5 14 10 11 -2 -3 -12 15 -1
right_child=1 2 3 7 -6 6 -8 -9 -10 -11 13 -13 -14 -15 -16 -17
leaf_value=-4.1018351660308809 0.076194720961738197 -1.7297735912293026 -1.3087346653314917 -0.27840350148911847 0.53590916093749985 0.95065310765165112 -0.93667909891851775 2.2365160643078368 0.15540640493620181 1.1600139314693549 0.4244922485742782 -1.658643158083998 0.085231945536820966 -1.1442455449712698 -0.31654142558132436 -1.3164264072798226
leaf_weight=1061 765 519 252 8507 1470 84 85 665 72 91 65 288 86 1681 51 195
leaf_count=1061 765 519 252 8507 1470 84 85 665 72 91 65 288 86 1681 51 195
internal_value=-0.00050295 -0.000330312 -0.000196161 -0.000123635 0.000684271 -0.00115742 0.000811764 -0.00028028 -0.00229131 -0.000856106 -0.000947144 -0.000335864 -0.00178218 -0.00128964 -0.00245872 -0.00255609
internal_weight=15937 14558 11668 10894 1722 774 169 9172 1379 2890 2799 1053 605 1746 1307 1256
internal_count=15937 14558 11668 10894 1722 774 169 9172 1379 2890 2799 1053 605 1746 1307 1256
is_linear=0
shrinkage=0.03


Tree=209
num_leaves=20
num_cat=1
split_feature=22 23 0 15 20 28 27 14 13 13 21 22 11 33 11 21 7 13 7
split_gain=5.37006 1.02792 1.11651 1.01474 1.51014 0.871241 2.9515 2.38348 1.40118 1.13486 0.913326 0.861062 0.736927 0.599887 0.504242 0.436603 0.339416 0.170946 0.0325938
threshold=757.50000000000011 1125.5000000000002 0 -0.80417042486635371 26.26071428571429 22.225000000000005 22.925000000000004 0.28519915169571858 1718.19791641799 1708.5960591133007 2000.5000000000002 977.04500000000019 197.28514450842513 3.5850000000000004 276.36565410670818 897.50000000000011 169.50000000000003 1737.5263485819353 331.50000000000006
decision_type=2 2 9 2 2 2 2 2 2 2 2 2 2 2 2 2 2 2 2
left_child=12 2 3 4 -2 8 7 -7 13 -8 -10 -5 16 -3 15 -4 17 -1 -16
right_child=1 5 14 11 -6 6 9 -9 10 -11 -12 -13 -14 -15 18 -17 -18 -19 -20
leaf_value=-3.9787801110499528 -1.2763931759540841 -0.49921748517382786 -2.1983290786083818 -1.4306038567761918 0.87196225269611882 0.54696849649670742 0.065957309483242715 2.5683736802415713 0.68407483699394478 -0.39045756825867234 -0.83536512531054929 0.092812435376429761 0.15074421278811492 -2.3653002162998149 0.67335765215193621 -0.6654563303561527 -0.30704518281388349 -1.2769336150614294 -0.4634858760777652
leaf_weight=1061 116 286 439 523 184 848 3873 136 757 4184 875 470 72 709 50 1054 51 195 54
leaf_count=1061 116 286 439 523 184 848 3873 136 757 4184 875 470 72 709 50 1054 51 195 54
internal_value=-0.000497303 -0.00032413 -0.000835352 -0.000133436 0.00134551 -0.000193591 -4.84413e-05 0.00149543 -0.0006758 -0.000242741 -0.000104716 -0.000627767 -0.00229131 -0.00156627 -0.00136567 -0.00152209 -0.00245872 -0.00255609 0.000314285
internal_weight=15937 14558 2890 1293 300 11668 9041 984 2627 8057 1632 993 1379 995 1597 1493 1307 1256 104
internal_count=15937 14558 2890 1293 300 11668 9041 984 2627 8057 1632 993 1379 995 1597 1493 1307 1256 104
cat_boundaries=0 1
cat_threshold=3764264
is_linear=0
shrinkage=0.03


Tree=210
num_leaves=19
num_cat=1
split_feature=22 11 14 7 15 15 7 23 20 15 15 0 27 29 12 18 21 23
split_gain=6.286 1.22293 1.15343 0.855647 1.07962 1.94057 1.0693 0.833274 0.819028 1.52617 1.45242 0.575871 0.449579 0.380705 0.532403 0.35487 0.0940584 0.0284235
threshold=775.50000000000011 69.863813100712775 0.97112537654464559 260.50000000000006 -0.80417042486635371 -0.9497838742125716 87.500000000000014 951.50000000000011 26.38214285714286 -0.97315270831292444 -0.88620506325989179 0 27.525000000000002 24.925000000000008 1265.2833333333335 5.200000000000002 912.23500000000013 1197.5000000000002
decision_type=2 2 2 2 2 2 2 2 2 2 2 9 2 2 2 2 2 2
left_child=7 3 8 4 5 -2 -6 15 10 -10 -3 12 -4 14 -5 16 -1 -13
right_child=1 2 11 13 6 -7 -8 -9 9 -11 -12 17 -14 -15 -16 -17 -18 -19
leaf_value=-3.7355348735825746 -0.5928758959924475 -0.99376308830249471 -1.8987307128659598 -0.42344567955429946 -0.2126856806741998 0.40118159878893206 -1.426201066577256 0.11927456428335156 2.824738516774981 0.14845123301567187 0.0214407554711811 -2.3633980346063459 0.11308270639022602 -0.54936674660904239 4.8546253330176787 -0.53902828014122339 -1.1004531096369377 -0.77188695018929199
leaf_weight=1198 746 682 147 51 639 705 1243 95 129 1449 7923 192 326 54 104 85 63 206
leaf_count=1198 746 682 147 51 639 705 1243 95 129 1449 7923 192 326 54 104 85 63 206
internal_value=-0.00038758 -0.000197507 -3.77212e-05 -0.00068332 -0.000808039 -0.000157026 -0.00128572 -0.00228017 4.77212e-05 0.000678277 -6.27476e-05 -0.00108716 -0.000235538 0.00108571 0.00192308 -0.00247439 -0.00260539 -0.0019291
internal_weight=16037 14596 11054 3542 3333 1451 1882 1441 10183 1578 8605 871 473 209 155 1346 1261 398
internal_count=16037 14596 11054 3542 3333 1451 1882 1441 10183 1578 8605 871 473 209 155 1346 1261 398
cat_boundaries=0 1
cat_threshold=609341
is_linear=0
shrinkage=0.03


Tree=211
num_leaves=19
num_cat=0
split_feature=10 11 14 10 20 16 15 10 12 10 27 13 17 7 13 12 20 31
split_gain=6.56837 1.34213 0.971176 1.12553 1.07033 1.59896 1.32311 0.936215 0.841565 1.05138 2.81362 0.783548 0.809997 0.752329 0.476545 0.45402 0.319822 0.300677
threshold=767.64285714285722 69.863813100712775 0.90892735371523092 1364.3571428571429 26.38214285714286 -0.42180583328916638 -0.88620506325989179 1221.5000000000002 1665.4666666666669 1650.0714285714287 24.425000000000004 1448.2751169720641 0.53857859989105195 260.50000000000006 1811.8474448403078 2502.9166666666674 24.696428571428577 5.900000000000003
decision_type=2 2 2 2 2 2 2 2 2 2 2 2 2 2 2 2 2 2
left_child=14 8 4 7 6 -6 -3 -4 11 10 -10 12 -2 -13 17 -11 -5 -1
right_child=1 2 3 16 5 -7 -8 -9 9 15 -12 13 -14 -15 -16 -17 -18 -19
leaf_value=-3.5919715631673474 1.473377781013083 -0.96395019565342477 -0.54223139027326472 0.22064211451827967 0.16342792533467551 2.1677119168496879 0.041182960566878465 0.36135160985238807 2.2615089017822845 -0.48796049630987248 -0.73270526825811921 -0.82562002929276401 -1.1409336516398203 1.1565838594158317 -0.88526772258852482 0.14289588281004054 -1.5178119988900547 -0.82434952735274936
leaf_weight=1107 66 682 867 52 1027 205 7573 307 53 459 124 2408 100 135 73 243 496 60
leaf_count=1107 66 682 867 52 1027 205 7573 307 53 459 124 2408 100 135 73 243 496 60
internal_value=-0.000378227 -0.000199082 -3.31854e-05 -0.000691237 8.1576e-05 0.000907542 -3.63379e-05 -0.000125107 -0.000704654 5.45447e-05 0.0021573 -0.000967528 0.000880239 -0.00110613 -0.00247784 -0.000413941 -0.00181967 -0.002625
internal_weight=16037 14797 11209 1722 9487 1232 8255 1174 3588 879 177 2709 166 2543 1240 702 548 1167
internal_count=16037 14797 11209 1722 9487 1232 8255 1174 3588 879 177 2709 166 2543 1240 702 548 1167
is_linear=0
shrinkage=0.03


Tree=212
num_leaves=19
num_cat=3
split_feature=10 11 12 10 25 0 33 0 16 25 0 6 13 13 13 20 18 22
split_gain=6.52402 1.25311 0.839602 1.02043 2.69428 0.781648 0.663615 1.09115 0.873346 0.834063 0.810153 0.672678 0.64944 0.562187 0.491839 0.472876 0.369493 0.299341
threshold=767.64285714285722 69.863813100712775 1665.4666666666669 1650.0714285714287 24.575000000000006 0 3.4950000000000006 1 0.96687895796550427 21.325000000000006 2 7.5000000000000009 1685.765550564922 1795.8483293830784 1984.7026933547554 23.903571428571432 5.900000000000003 1690.5000000000002
decision_type=2 2 2 2 2 9 2 9 2 2 9 2 2 2 2 2 2 2
left_child=13 2 5 4 -4 12 10 9 -9 -8 14 -12 -2 16 -3 -5 -1 -7
right_child=1 6 3 15 -6 17 7 8 -10 -11 11 -13 -14 -15 -16 -17 -18 -19
leaf_value=-3.504674076158564 0.29132990080938925 -0.018334751151281456 2.1125582439676829 -0.85756725187670857 -0.70466802063840461 -0.94897184046280714 -1.7212574936749709 -0.003483581293893194 0.94006493126556989 -0.32887458627063343 -0.30642859116653814 0.87794142205971204 -0.88719084646639901 -0.77492045187316017 -1.5270293434599773 0.015550216851833082 -0.37752950386631801 0.18054905250884448
leaf_weight=1106 575 1223 54 204 123 1394 492 4404 392 2911 486 1219 635 81 82 498 53 105
leaf_count=1106 575 1223 54 204 123 1394 492 4404 392 2911 486 1219 635 81 82 498 53 105
internal_value=-0.000361392 -0.000182863 -0.000671218 8.86356e-05 0.0021573 -0.000934318 -2.24806e-05 -0.000166098 0.000117952 -0.000578208 0.000353702 0.000786713 -0.000307126 -0.00245367 -0.000182372 -0.000371267 -0.00262241 -0.00139868
internal_weight=16037 14797 3588 879 177 2709 11209 8199 4796 3403 3010 1705 1210 1240 1305 702 1159 1499
internal_count=16037 14797 3588 879 177 2709 11209 8199 4796 3403 3010 1705 1210 1240 1305 702 1159 1499
cat_boundaries=0 1 2 3
cat_threshold=3678332 1671900 2781222
is_linear=0
shrinkage=0.03


Tree=213
num_leaves=20
num_cat=0
split_feature=22 11 12 11 13 12 15 24 17 27 33 12 33 20 18 13 17 24 12
split_gain=6.14467 1.24308 0.786037 0.691804 0.661268 0.870075 0.701561 0.630586 1.18071 0.62684 1.2828 0.960229 0.78053 0.32851 0.317935 0.348362 0.181613 0.0939286 0.0704674
threshold=757.50000000000011 69.863813100712775 1689.5166666666669 208.10871656390376 1394.5727899860583 987.25000000000011 -0.091258822863740666 1610.5000000000002 -0.71502926860092908 30.525000000000002 7.370000000000001 1001.7166666666668 5.4450000000000012 23.903571428571432 5.900000000000003 1809.6656342617957 -0.9575230291762723 1200.5000000000002 1010.1833333333335
decision_type=2 2 2 2 2 2 2 2 2 2 2 2 2 2 2 2 2 2 2
left_child=3 2 4 14 5 -2 -6 8 -4 10 12 -12 -3 -9 15 -1 17 -11 -17
right_child=1 9 7 -5 6 -7 -8 13 -10 16 11 -13 -14 -15 -16 18 -18 -19 -20
leaf_value=-3.4912751294290469 -1.6834472867618484 0.041144548397622049 -0.65130548196700289 0.20547603311312859 -0.78254315623908843 1.5059035622738988 0.024494087863714702 -0.55756586851015677 0.85624802319024862 0.33760027948876742 0.76106067537504518 0.17966048068670301 -0.52739373639360154 0.046134640777133855 -0.22167034090387816 -1.2868572122334641 -0.91301693892474145 -1.9574354982994235 -0.23499371821717999
leaf_weight=1092 50 8397 72 60 2182 52 464 199 55 63 104 211 1988 494 70 56 275 55 98
leaf_count=1092 50 8397 72 60 2182 52 464 199 55 63 104 211 1988 494 70 56 275 55 98
internal_value=-0.000370745 -0.000187424 -0.00067498 -0.00228976 -0.000919972 0.00125243 -0.00102116 9.13513e-05 0.0020625 -2.65015e-05 1.26149e-05 0.00189873 -4.04398e-05 -0.000207494 -0.00243964 -0.00255253 -0.00120305 0 -0.000754839
internal_weight=16037 14661 3568 1376 2748 102 2646 820 127 11093 10700 315 10385 693 1316 1246 393 118 154
internal_count=16037 14661 3568 1376 2748 102 2646 820 127 11093 10700 315 10385 693 1316 1246 393 118 154
is_linear=0
shrinkage=0.03


Tree=214
num_leaves=20
num_cat=2
split_feature=10 11 0 14 20 16 0 17 10 13 20 32 13 17 27 21 27 31 22
split_gain=6.27135 1.10605 0.852223 0.836887 1.14231 1.3729 1.0618 0.804627 0.680616 0.644042 0.978186 0.583747 0.539913 0.537717 0.525844 0.83546 0.325605 0.284775 0.0305903
threshold=767.64285714285722 69.863813100712775 0 0.90892735371523092 26.38214285714286 -0.42180583328916638 1 0.84659964483890704 1364.3571428571429 1739.8061333844732 23.93214285714286 0.10000000000000007 1795.8483293830784 0.07411673974326928 24.225000000000005 1475.5000000000002 24.825000000000006 5.900000000000003 773.00000000000011
decision_type=2 2 9 2 2 2 9 2 2 2 2 2 2 2 2 2 2 2 2
left_child=12 2 9 4 7 -6 8 -3 -5 10 -2 -8 17 -11 15 -4 -16 18 -1
right_child=1 3 14 6 5 -7 11 -9 -10 13 -12 -13 -14 -15 16 -17 -18 -19 -20
leaf_value=-3.5553087201584463 -1.1795513609183648 0.092372838539296925 -0.84495547755419842 0.28571243690811143 0.16029444812013269 2.115689076038898 -0.22548576590067468 -0.66993888093043596 -1.2676388703614554 -1.1135726618004589 0.48696242890686675 -1.4055841900519845 -0.72428236894602094 0.033220498945549098 -1.2944424334737603 0.5754713313227422 -0.59291238937812762 -0.78164304618905855 -1.3076881720059896
leaf_weight=932 249 6281 438 523 1027 205 430 1974 195 329 683 574 81 255 335 250 1049 60 167
leaf_count=932 249 6281 438 523 1027 205 430 1974 195 329 683 574 81 255 335 250 1049 60 167
internal_value=-0.00035391 -0.000178809 -0.000637783 -2.7833e-05 7.84141e-05 0.000931873 -0.000639002 -4.36054e-05 0.000193415 -6.09044e-05 0.000395498 -0.00126798 -0.00240532 -0.000866667 -0.00103265 -0.000274311 -0.00138412 -0.00257069 -0.00268364
internal_weight=16037 14797 3588 11209 9487 1232 1722 8255 718 1516 932 1004 1240 584 2072 688 1384 1159 1099
internal_count=16037 14797 3588 11209 9487 1232 1722 8255 718 1516 932 1004 1240 584 2072 688 1384 1159 1099
cat_boundaries=0 1 2
cat_threshold=1925709 1131560
is_linear=0
shrinkage=0.03


Tree=215
num_leaves=20
num_cat=4
split_feature=12 11 30 12 13 12 0 0 25 13 27 6 0 0 13 13 12 13 23
split_gain=6.02458 1.18875 1.03728 0.913135 1.33832 1.30777 1.14255 1.01278 0.857993 1.58745 1.46659 2.53278 1.21909 0.943771 0.676226 0.632463 0.476724 0.344318 0.221768
threshold=820.90000000000009 69.863813100712775 1.7500000000000002 1265.2833333333335 1683.8069801551264 1453.4666666666669 0 1 22.525000000000002 1704.8287493158184 22.425000000000004 9.5000000000000018 2 3 1603.3517444548379 1419.35122833271 3629.7631666666671 1667.7967495467499 945.50000000000011
decision_type=2 2 2 2 2 2 9 9 2 2 2 2 9 9 2 2 2 2 2
left_child=2 3 17 7 5 -5 -6 14 9 16 11 -10 -11 -12 -2 -9 -3 -1 -4
right_child=1 8 18 4 6 -7 -8 15 10 12 13 -13 -14 -15 -16 -17 -18 -19 -20
leaf_value=-3.1991719427076952 1.086596770600081 -1.9550203264127259 0.27047782373054619 1.3495143510643119 -0.80529807819365229 0.014737971129801443 0.10141594854996526 0.3868496689131033 3.8266074524224316 1.5633226645788527 -0.1433305997363867 0.020415615289480334 -0.31247736384505959 0.22804148464733406 -0.8531994193452741 -1.2880285726402898 1.0620693802375383 -0.99067863168242321 -1.8707089034780788
leaf_weight=1102 105 1082 83 188 620 512 576 89 95 370 4919 200 1443 2900 466 891 69 150 72
leaf_count=1102 105 1082 83 188 620 512 576 89 95 370 4919 200 1443 2900 466 891 69 150 72
internal_value=-0.000344004 -0.000159026 -0.00222017 -0.000645592 -0.000175541 0.000834521 -0.000804512 -0.00119072 -3.52089e-06 -0.000444183 0.00015194 0.00222973 8.59971e-05 6.75185e-05 -8.24749e-05 -0.00177094 -0.00131771 -0.00250678 0
internal_weight=15932 14525 1407 3447 1896 700 1196 1551 11078 2964 8114 295 1813 7819 571 980 1151 1252 155
internal_count=15932 14525 1407 3447 1896 700 1196 1551 11078 2964 8114 295 1813 7819 571 980 1151 1252 155
cat_boundaries=0 1 2 3 4
cat_threshold=3819576 1663001 3342338 2663655
is_linear=0
shrinkage=0.03


Tree=216
num_leaves=20
num_cat=0
split_feature=12 11 26 20 7 13 21 12 7 15 15 18 7 19 7 12 20 13 16
split_gain=5.75288 1.08474 0.99942 0.901036 1.80625 1.58784 1.84164 1.42518 1.12246 0.898457 1.52242 2.64625 1.01533 0.861213 0.813721 0.679974 0.62247 0.317431 0.266242
threshold=820.90000000000009 69.863813100712775 1.7500000000000002 23.864285714285717 44.500000000000007 1704.8287493158184 2125.5700000000002 1325.7000000000003 34.500000000000007 -0.80417042486635371 -0.8611288361322974 60.350000000000001 258.50000000000006 50.95000000000001 87.500000000000014 3584.1666666666674 24.450000000000006 1667.7967495467499 0.039769539193789977
decision_type=2 2 2 2 2 2 2 2 2 2 2 2 2 2 2 2 2 2 2
left_child=2 9 17 5 8 15 -7 -6 -5 10 13 -12 14 -2 -11 -3 -14 -1 -4
right_child=1 3 18 4 7 6 -8 -9 -10 12 11 -13 16 -15 -16 -17 -18 -19 -20
leaf_value=-3.1031967844264634 0.55626062131546006 -1.624277420026538 0.26264616954148723 -0.11934150524524356 0.34486399919991295 1.2898422189702494 -0.6554359729467909 -0.11109891604782236 4.6160330896486732 -0.35315767719816554 -0.010515445021175598 1.5599345362453114 0.99138406654226985 -0.3883397678165047 -1.3028455946508377 0.92220564428293528 -2.5092488176816037 -0.96095827273195156 -1.8828191798676104
leaf_weight=1102 139 1686 101 54 1869 1274 1343 4615 78 670 145 74 191 969 1201 159 58 150 54
leaf_count=1102 139 1686 101 54 1869 1274 1343 4615 78 670 145 74 191 969 1201 159 58 150 54
internal_value=-0.000344004 -0.000163156 -0.00217756 -1.43522e-05 0.000203566 -0.000347525 0.000112299 0.000125366 0.00367669 -0.000628191 0 0.00226364 -0.00101132 -0.00046799 -0.00125962 -0.00102384 0.000671999 -0.0024589 0
internal_weight=15932 14525 1407 11078 6616 4462 2617 6484 132 3447 1327 219 2120 1108 1871 1845 249 1252 155
internal_count=15932 14525 1407 11078 6616 4462 2617 6484 132 3447 1327 219 2120 1108 1871 1845 249 1252 155
is_linear=0
shrinkage=0.03


Tree=217
num_leaves=20
num_cat=1
split_feature=10 0 10 29 13 16 14 11 33 13 31 18 26 31 29 11 33 11 21
split_gain=5.6315 0.957541 1.15846 1.06414 1.15097 0.972239 0.970284 0.911462 0.82894 0.809883 0.749008 0.825919 0.74368 0.64363 0.523398 0.573345 0.201526 0.196662 0.0384927
threshold=785.78571428571433 0 1087.6428571428576 24.025000000000002 1504.8443824913109 -0.94388905186573491 -0.99763297024448894 988.080810052527 3.4650000000000003 1737.5263485819353 83.90000000000002 60.350000000000001 2.9500000000000006 5.200000000000002 27.475000000000005 76.107380155624455 7.370000000000001 31.339158526530944 795.50000000000011
decision_type=2 9 2 2 2 2 2 2 2 2 2 2 2 2 2 2 2 2 2
left_child=9 2 14 7 5 -5 -6 8 -3 13 11 -4 -12 18 17 -16 -11 -2 -1
right_child=1 3 10 4 6 -7 -8 -9 -10 16 12 -13 -14 -15 15 -17 -18 -19 -20
leaf_value=-3.7244275162685021 -0.085151830499496886 0.26672478522710846 -0.16369630112303826 -4.4545465515817426 5.1987037423886147 2.2593956475322932 0.061662776050148374 5.9593005509247226 -0.96811310144453577 -1.3042079250964114 0.63110642282757323 0.53547759103546044 -1.0818441036553523 -0.013578141812373521 -1.2237603838265538 0.19681533018443462 0.21938602376551206 -1.8120109953879828 -1.7243137208695183
leaf_weight=965 51 832 5983 50 62 380 3253 60 1754 77 104 380 394 90 321 350 81 588 157
leaf_count=965 51 832 5983 50 62 380 3253 60 1754 77 104 380 394 90 321 350 81 588 157
internal_value=-0.000336472 -0.000160064 -0.000376192 0.000109653 0.000440469 0.00191415 0.000235222 -0.000341142 -0.000441825 -0.00217724 -0.000212475 -0.000116908 -0.00134068 -0.00244106 -0.00120137 -0.000517858 0 -0.00184688 -0.00263669
internal_weight=15932 14562 8171 6391 3745 430 3315 2646 2586 1370 6861 6363 498 1212 1310 671 158 639 1122
internal_count=15932 14562 8171 6391 3745 430 3315 2646 2586 1370 6861 6363 498 1212 1310 671 158 639 1122
cat_boundaries=0 1
cat_threshold=2655478
is_linear=0
shrinkage=0.03


Tree=218
num_leaves=20
num_cat=2
split_feature=10 20 20 18 26 15 29 13 10 20 19 21 13 31 0 0 22 21 21
split_gain=5.66684 1.07221 1.83383 2.90812 3.50414 1.74242 1.37876 1.20901 2.11528 1.39691 1.14147 0.991865 0.809883 0.64363 0.455989 0.0887215 0.0822223 0.0384927 0.0458683
threshold=785.78571428571433 23.88571428571429 24.367857142857151 51.750000000000007 4.7500000000000009 -0.49812626372919411 23.575000000000006 1773.1609523514423 1928.3571428571431 23.18214285714286 261.20000000000005 1930.5000000000002 1737.5263485819353 5.200000000000002 0 1 725.50000000000011 795.50000000000011 821.50000000000011
decision_type=2 2 2 2 2 2 2 2 2 2 2 2 2 2 9 9 2 2 2
left_child=12 5 3 6 -5 15 -3 9 -9 -7 11 -4 13 17 -12 -2 -14 -1 -19
right_child=1 2 10 4 -6 7 -8 8 -10 -11 14 -13 16 -15 -16 -17 -18 18 -20
leaf_value=-3.6126946907804465 -0.81495348319774175 1.0476796773683645 -0.1588877864715611 2.0621142451387833 0.1505451228812531 -1.3991802222469967 -0.61945987403069835 1.9618748389675729 -0.27043726046522709 0.50013734147130762 -0.18395670651675372 0.33348766844915712 0.43316728267568361 -0.013170797558003575 -1.4076957819604046 -2.0106544391238272 -0.98919285987558048 -1.8206006440673366 -1.7722672612302126
leaf_weight=965 111 280 5083 223 316 2242 808 373 1698 583 247 1932 71 90 363 303 87 77 80
leaf_count=965 111 280 5083 223 316 2242 808 373 1698 583 247 1932 71 90 363 303 87 77 80
internal_value=-0.000330824 -0.000153884 3.66361e-05 0.000954545 0.00275555 -0.000494258 1.9283e-05 -0.000325302 0.000208493 -0.000732485 -0.000153423 -3.84842e-05 -0.00217724 -0.00244106 -0.00139935 -0.00237831 0 -0.00263669 -0.00136709
internal_weight=15932 14562 9252 1627 539 5310 1088 4896 2071 2825 7625 7015 1370 1212 610 414 158 1122 157
internal_count=15932 14562 9252 1627 539 5310 1088 4896 2071 2825 7625 7015 1370 1212 610 414 158 1122 157
cat_boundaries=0 1 2
cat_threshold=2646184 90129
is_linear=0
shrinkage=0.03


Tree=219
num_leaves=15
num_cat=0
split_feature=22 18 16 16 29 20 23 12 14 13 14 22 33 14
split_gain=5.20938 0.872272 0.873008 0.882374 1.52711 0.868737 0.732131 0.646986 0.494236 0.454423 0.506838 0.386636 0.187524 0.00336606
threshold=757.50000000000011 143.50000000000003 -0.97717844506743556 -0.66528308454101848 30.325000000000006 23.88571428571429 951.50000000000011 3308.7166666666672 0.73865729060996177 1809.6656342617957 0.21022171450811275 4500.5000000000009 7.035000000000001 0.99761913169647187
decision_type=2 2 2 2 2 2 2 2 2 2 2 2 2 2
left_child=6 2 7 4 -4 -5 9 8 -2 10 -1 -9 -11 -12
right_child=1 -3 3 5 -6 -7 -8 11 -10 12 13 -13 -14 -15
leaf_value=0.30577315499932961 -2.369348753511614 -2.4143653356576125 0.4077181982093282 -0.53076585176591795 -0.82363438402600797 -0.00022715038441143844 0.11737012206385704 2.3067376979417276 0.28189203917752215 -1.6923375638383833 -3.0079541336476199 -3.3037852358151989 0.42017226485841258 -1.2594103501496621
leaf_weight=52 510 146 2491 3739 453 6934 94 99 83 67 1054 104 51 55
leaf_count=52 510 146 2491 3739 453 6934 94 99 83 67 1054 104 51 55
internal_value=-0.000323292 -0.000153297 -0.000126544 -6.65303e-05 0.000388115 -0.000196178 -0.0020917 -0.00109536 -0.00160606 -0.00228281 -0.00246816 0.00017647 -7.5631e-05 -0.00260541
internal_weight=15932 14559 14413 13617 2944 10673 1373 796 593 1279 1161 203 118 1109
internal_count=15932 14559 14413 13617 2944 10673 1373 796 593 1279 1161 203 118 1109
is_linear=0
shrinkage=0.03


Tree=220
num_leaves=16
num_cat=0
split_feature=22 16 31 14 15 15 15 23 21 23 12 18 13 21 13
split_gain=5.71541 1.00829 0.998686 1.8599 1.46555 1.66245 1.0944 0.94354 0.771251 0.450616 0.321325 0.299224 0.164747 0.088514 0.0421019
threshold=757.50000000000011 -0.99629805505515945 84.950000000000031 -0.96689237009891416 -0.7614016681079937 -0.8611288361322974 -0.30982845708428081 4100.5000000000009 2700.5000000000005 951.50000000000011 2502.9166666666674 5.6000000000000139 1809.6656342617957 3600.5000000000005 1902.4251935041291
decision_type=2 2 2 2 2 2 2 2 2 2 2 2 2 2 2
left_child=9 10 4 7 5 -3 -6 -4 -5 11 -2 12 -1 -12 -14
right_child=1 2 3 8 6 -7 -8 -9 -10 -11 13 -13 14 -15 -16
leaf_value=-2.9271446622870672 -2.8001147681030405 0.05431584777107161 1.3860206487933358 -1.3464701251790532 -0.75291474020326854 0.78104769288547116 -0.075846018730108447 -2.3011711347995978 -0.05181079416353207 -0.657967814272166 1.5004134578425929 -0.78700808951743684 -0.88186996857556244 -3.2451429650630264 -1.3857485933255385
leaf_weight=1075 218 2134 205 528 1636 769 8715 54 166 97 63 86 51 71 60
leaf_count=1075 218 2134 205 528 1636 769 8715 54 166 97 63 86 51 71 60
internal_value=-0.000343337 -0.00016566 -0.000122889 -0.00106289 -5.18302e-05 0.000539255 -0.000221987 0.000992307 -0.00189496 -0.00219854 -0.00175921 -0.00234957 -0.00247936 -0.000200001 -0.000696429
internal_weight=15928 14559 14207 953 13254 2903 10351 259 694 1369 352 1272 1186 134 111
internal_count=15928 14559 14207 953 13254 2903 10351 259 694 1369 352 1272 1186 134 111
is_linear=0
shrinkage=0.03


Tree=221
num_leaves=20
num_cat=1
split_feature=10 17 0 17 24 15 20 15 5 28 5 10 20 32 20 23 21 23 13
split_gain=5.16785 1.33647 1.40777 1.00336 1.18013 1.07965 2.52942 1.58969 0.964211 1.57525 1.35618 0.791777 0.741725 0.928126 0.590918 0.559667 0.660065 0.396005 0.0569091
threshold=767.64285714285722 0.98901092807778201 0 0.90893208180343155 1075.9850000000004 -0.7614016681079937 23.996428571428577 -0.34234976856068178 3.5000000000000004 22.975000000000005 1.0000000180025095e-35 2157.0000000000005 25.717857142857145 9.1500000000000039 22.93214285714286 830.50000000000011 773.00000000000011 650.50000000000011 1567.718723858123
decision_type=2 2 9 2 2 2 2 2 2 2 2 2 2 2 2 2 2 2 2
left_child=15 3 8 5 14 6 -2 -7 10 -10 -3 -6 13 -4 -5 16 -1 -18 -19
right_child=1 2 12 4 11 7 -8 -9 9 -11 -12 -13 -14 -15 -16 -17 17 18 -20
leaf_value=-3.3002847876763695 -1.6066742094436872 2.9017932876184362 0.68723295323401001 2.1619387524307911 -1.5963991946654121 -0.89355562992612214 0.3662005423946349 -0.1001510446658581 0.06909994700158055 2.823516914215952 0.003772556771666968 -0.05722325692018343 0.49959661170170722 -1.8322687312089638 -0.012280082623240155 0.072188489534100689 -1.7594032956395846 -1.2313460279350703 0.36165794802444767
leaf_weight=991 256 60 208 50 924 1905 2024 8232 51 52 222 318 65 186 138 70 67 55 54
leaf_count=991 256 60 208 50 924 1905 2024 8232 51 52 222 318 65 186 138 70 67 55 54
internal_value=-0.00034522 -0.000184999 0.000962129 -0.000258233 -0.00101677 -0.000167177 0.000414291 -0.000302427 0.00227273 0.00496154 0.00119788 -0.00136846 -8.93624e-05 -0.00067595 0.00106349 -0.00221002 -0.00236815 -0.000355933 0.000436363
internal_weight=15928 14691 844 13847 1430 12417 2280 10137 385 103 282 1242 459 394 188 1237 1167 176 109
internal_count=15928 14691 844 13847 1430 12417 2280 10137 385 103 282 1242 459 394 188 1237 1167 176 109
cat_boundaries=0 1
cat_threshold=35919
is_linear=0
shrinkage=0.03


Tree=222
num_leaves=19
num_cat=1
split_feature=21 11 17 20 12 5 17 7 13 24 20 21 0 15 19 19 25 18
split_gain=4.65068 1.73994 0.963439 1.20338 1.12768 1.25466 0.946668 1.30394 2.6851 1.23626 1.17891 0.751092 0.673303 0.620713 0.515548 0.476273 0.371927 0.117275
threshold=750.50000000000011 170.43362064931426 0.98901092807778201 25.782142857142862 1644.1000000000001 1.0000000180025095e-35 0.90893208180343155 21.500000000000004 1719.4171401059223 1075.9850000000004 23.18214285714286 2425.1300000000006 0 0.97832380634958016 0.19999999999999471 79.65000000000002 30.125000000000004 6.0000000000000133
decision_type=2 2 2 2 2 2 2 2 2 2 2 2 9 2 2 2 2 2
left_child=1 14 6 4 12 -6 7 8 -2 13 -9 -11 -4 -8 -1 -5 -3 -16
right_child=2 16 3 15 5 -7 9 10 -10 11 -12 -13 -14 -15 17 -17 -18 -19
leaf_value=-0.071193360002672082 -1.7440616039251913 0.49169129466731926 0.10186105472017752 2.63127610530527 2.5681039169624871 0.19904209294671116 -0.15018356843342812 -0.95096286121139018 3.2594242514644436 -1.5893585909659145 -0.026764816830721773 0.13560334890752626 -1.9504071353800794 1.9946233435665524 -3.2017069534447287 0.27835397707364751 -0.90062196031957076 -1.6673589630289039
leaf_weight=83 119 80 111 50 78 354 141 2533 170 1021 9475 221 197 61 1073 52 50 59
leaf_count=83 119 80 111 50 78 354 141 2533 170 1021 9475 221 197 61 1073 52 50 59
internal_value=-0.000337687 -0.00202823 -0.000178553 0.000793594 0.000303643 0.00133718 -0.00024145 -0.000151733 0.00182069 -0.000973703 -0.000203098 -0.00134433 -0.001 0.00107882 -0.00239309 0.00387379 0.00103053 -0.00256046
internal_weight=15928 1345 14583 842 740 432 13741 12297 289 1444 12008 1242 308 202 1215 102 130 1132
internal_count=15928 1345 14583 842 740 432 13741 12297 289 1444 12008 1242 308 202 1215 102 130 1132
cat_boundaries=0 1
cat_threshold=11271
is_linear=0
shrinkage=0.03


Tree=223
num_leaves=15
num_cat=0
split_feature=22 16 17 17 21 7 20 19 11 18 18 13 23 10
split_gain=5.14739 1.01686 0.842377 1.07523 1.10835 1.09495 1.01264 1.05826 0.551921 0.441198 0.299849 0.221874 0.170868 0.0943936
threshold=757.50000000000011 -0.99629805505515945 0.98901092807778201 0.90893208180343155 1050.4500000000003 21.500000000000004 25.782142857142862 3.6499999999999937 201.48000017230342 5.6000000000000139 50.100000000000001 1809.6656342617957 3250.5000000000005 816.00000000000011
decision_type=2 2 2 2 2 2 2 2 2 2 2 2 2 2
left_child=8 12 3 5 -5 -3 7 -4 9 11 -8 -1 -2 -13
right_child=1 2 6 4 -6 -7 10 -9 -10 -11 -12 13 -14 -15
leaf_value=-2.725639960636641 -2.6873246168574743 1.3917399929055951 1.5311628072956658 0.4276869625302297 -0.8986251964741313 -0.085010026842207015 2.5523378221461126 -0.3477701124619893 0.13109641472738945 -0.67873186186854328 0.29411492496315683 -0.37850952589410852 -0.62836453550798177 -1.5963547692770295
leaf_weight=1084 268 288 251 119 1313 11645 50 490 65 83 51 81 84 56
leaf_count=1084 268 288 251 119 1313 11645 50 490 65 83 51 81 84 56
internal_value=-0.00032827 -0.000159479 -0.000116555 -0.000177316 -0.000956735 -7.99404e-05 0.000793594 0.000339622 -0.00208905 -0.00222759 0.00364706 -0.00237152 -0.00175921 -0.000695653
internal_weight=15928 14559 14207 13365 1432 11933 842 741 1369 1304 101 1221 352 137
internal_count=15928 14559 14207 13365 1432 11933 842 741 1369 1304 101 1221 352 137
is_linear=0
shrinkage=0.03


Tree=224
num_leaves=16
num_cat=1
split_feature=22 16 0 16 24 20 22 23 31 11 31 12 13 10 12
split_gain=4.9263 1.01972 0.774858 0.871931 1.42564 0.883299 0.753531 0.643718 0.553476 0.533595 0.393749 0.321325 0.230941 0.0965924 0.00924156
threshold=757.50000000000011 -0.99629805505515945 0 0.21652696009750597 3050.5000000000005 23.93214285714286 3400.5000000000005 3910.0000000000005 99.850000000000037 201.48000017230342 5.900000000000003 2502.9166666666674 1661.0315026430351 4343.1428571428578 800.56666666666672
decision_type=2 2 9 2 2 2 2 2 2 2 2 2 2 2 2
left_child=9 11 6 4 -4 -5 8 -8 -3 10 12 -2 -1 -13 -14
right_child=1 2 3 5 -6 -7 7 -9 -10 -11 -12 13 14 -15 -16
leaf_value=-3.1783039164427307 -2.6067048523199543 -0.34305621617035903 0.26536055051360946 -0.73192207409991661 -0.99900956644172423 0.036377885099543615 1.2874872568433953 -0.35926057818440266 -1.2090628248666646 0.12716352228556801 -0.69552044994397488 1.3874920223401892 -1.2893785134650826 -2.9831499483046473 -1.2037613355178967
leaf_weight=915 218 4669 3770 1473 1023 2432 289 321 230 65 86 74 50 60 253
leaf_count=915 218 4669 3770 1473 1023 2432 289 321 230 65 86 74 50 60 253
internal_value=-0.00032262 -0.000157418 -0.000114443 5.7526e-05 0.000332915 -0.000268818 -0.000393479 0.000564647 -0.000522858 -0.00204526 -0.00218161 -0.00175921 -0.00232076 -0.000200001 -0.00126316
internal_weight=15928 14559 14207 8698 4793 3905 5509 610 4899 1369 1304 352 1218 134 303
internal_count=15928 14559 14207 8698 4793 3905 5509 610 4899 1369 1304 352 1218 134 303
cat_boundaries=0 1
cat_threshold=2146480
is_linear=0
shrinkage=0.03


Tree=225
num_leaves=19
num_cat=1
split_feature=10 11 0 21 13 33 13 25 15 15 29 15 12 13 19 12 11 21
split_gain=5.59858 0.964103 0.908543 0.847611 0.740108 0.729383 1.80515 0.655296 0.641178 1.68357 2.36827 1.264 0.938591 0.881598 0.686089 0.531201 0.309496 0.291034
threshold=742.50000000000011 69.863813100712775 0 900.50000000000011 1735.4924721296404 2.2450000000000006 1694.5850035968549 20.475000000000005 -0.80417042486635371 -0.88620506325989179 24.025000000000002 -0.091258822863740666 1795.0166666666669 1947.6126820092352 204.95000000000002 820.90000000000009 197.28514450842513 773.00000000000011
decision_type=2 2 9 2 2 2 2 2 2 2 2 2 2 2 2 2 2 2
left_child=4 8 3 16 17 6 -4 -5 9 14 -11 12 -10 -13 -2 -7 -3 -1
right_child=1 2 5 7 -6 15 -8 -9 11 10 -12 13 -14 -15 -16 -17 -18 -19
leaf_value=-3.2300839655898317 -0.075395335535741501 -1.9423204986665237 2.6339855371467737 -0.83675682674885266 0.17450944187467787 -1.8274046399504655 -0.30067400808605416 -0.02917048358673513 -1.1241804168405241 -0.8426583341006445 0.94393987182413919 0.54182524647123964 0.52291084099763974 -1.1572191236336655 -0.76981436802652303 0.14861194163265665 0.15485094674208938 -1.6139905245868182
leaf_weight=908 816 305 104 440 59 126 137 4474 1279 119 222 639 57 197 286 5733 51 118
leaf_count=908 816 305 104 440 59 126 137 4474 1279 119 222 639 57 197 286 5733 51 118
internal_value=-0.000266008 -0.000112105 1.97865e-05 -0.000264155 -0.00234807 0.000272459 0.00190909 -0.000151984 -0.000539271 -1.66212e-05 0.00178947 -0.000865624 -0.0014383 0 -0.000617408 0.00019761 -0.00168908 -0.0025443
internal_weight=16070 14985 11370 5270 1085 6100 241 4914 3615 1443 341 2172 1336 836 1102 5859 356 1026
internal_count=16070 14985 11370 5270 1085 6100 241 4914 3615 1443 341 2172 1336 836 1102 5859 356 1026
cat_boundaries=0 1
cat_threshold=2662613
is_linear=0
shrinkage=0.03


Tree=226
num_leaves=19
num_cat=2
split_feature=10 11 0 13 14 10 0 21 13 14 15 20 27 11 15 15 13 21
split_gain=5.59858 0.89102 0.781029 0.740108 0.652815 0.73827 0.620662 0.614061 0.598416 1.7702 0.958989 0.597258 1.16163 0.726189 0.513029 1.0502 0.634041 0.291034
threshold=742.50000000000011 69.863813100712775 0 1735.4924721296404 0.89017062131308955 1607.3571428571429 1 1627.5000000000002 1674.8067055393587 -0.46038400545438724 -0.73865259438682551 26.325000000000006 24.375000000000004 128.05783663568008 -0.22700609751797865 -0.80417042486635371 1954.3762254901965 773.00000000000011
decision_type=2 2 9 2 2 2 9 2 2 2 2 2 2 2 2 2 2 2
left_child=3 6 11 17 7 -6 14 -4 9 -8 -10 12 -3 -13 15 -2 -16 -1
right_child=1 2 4 -5 5 -7 8 -9 10 -11 -12 13 -14 -15 16 -17 -18 -19
leaf_value=-3.1331814466221357 -0.13699719199802374 -0.0044308808452360286 0.55769309515809518 0.16927415861843845 -0.011213539727005528 -2.8966580565699656 1.3509132868739828 0.15213700222884657 0.21320074966209004 -0.13242590796639966 -0.95572840349881705 0.38127784656649039 -0.61739273284391216 -0.10273800254242751 0.49025239357158718 -1.2166225381065936 -1.3831733343004398 -1.5655708088492135
leaf_weight=908 814 2985 1344 59 701 171 176 3027 390 474 549 707 1835 600 420 679 113 118
leaf_count=908 814 2985 1344 59 701 171 176 3027 390 474 549 707 1835 600 420 679 113 118
internal_value=-0.000266008 -0.000112105 1.45099e-05 -0.00234807 0.000286638 -0.000436427 -0.000522678 0.000441902 -4.50007e-05 0.000622119 -0.00055532 -0.000211144 -0.000370256 0.000339449 -0.000870398 -0.00116064 0 -0.0025443
internal_weight=16070 14985 11370 1085 5243 872 3615 4371 1589 650 939 6127 4820 1307 2026 1493 533 1026
internal_count=16070 14985 11370 1085 5243 872 3615 4371 1589 650 939 6127 4820 1307 2026 1493 533 1026
cat_boundaries=0 1 2
cat_threshold=2678997 2267315
is_linear=0
shrinkage=0.03


Tree=227
num_leaves=10
num_cat=0
split_feature=10 18 16 16 29 10 13 23 13
split_gain=5.60885 0.95538 0.818412 1.34443 1.26432 0.790581 0.740108 0.602716 0.101793
threshold=742.50000000000011 143.50000000000003 -0.99629805505515945 -0.62588817255938378 30.325000000000006 1171.5000000000002 1735.4924721296404 3250.5000000000005 1899.3087271358343
decision_type=2 2 2 2 2 2 2 2 2
left_child=6 2 7 4 -4 -5 -1 8 -2
right_child=1 -3 3 5 -6 -7 -8 -9 -10
leaf_value=-2.6978254636068351 -3.5248557062045678 -2.1269329744762295 0.47088883764094741 -0.52743093595964174 -0.55261117172877139 -0.054125843057003235 0.16419593385988454 0.19361747846654381 -0.8160751312365937
leaf_weight=1026 225 151 3144 2359 571 8393 59 87 55
leaf_count=1026 225 151 3144 2359 571 8393 59 87 55
internal_value=-0.000264141 -0.000110103 -8.27105e-05 -4.39598e-05 0.000444025 -0.000216777 -0.00234807 -0.0014837 -0.00218861
internal_weight=16070 14985 14834 14467 3715 10752 1085 367 280
internal_count=16070 14985 14834 14467 3715 10752 1085 367 280
is_linear=0
shrinkage=0.03


Tree=228
num_leaves=19
num_cat=2
split_feature=10 11 13 0 13 32 13 12 21 16 15 17 0 15 12 7 19 21
split_gain=5.6397 0.925124 0.740108 0.674193 1.14082 1.21794 0.64092 1.26978 0.649075 0.61665 0.598399 1.57133 1.70939 1.19413 0.890849 0.786695 0.703981 0.291034
threshold=742.50000000000011 69.863813100712775 1735.4924721296404 0 1469.8342169473146 157.35000000000005 1786.7629554041757 1051.6833333333336 1097.5000000000002 -0.75015329512557205 -0.80417042486635371 0.58481854963323687 1 -0.26037106507032781 1753.3500000000001 42.500000000000007 204.95000000000002 773.00000000000011
decision_type=2 2 2 9 2 2 2 2 2 2 2 2 9 2 2 2 2 2
left_child=2 10 17 6 5 -5 8 -8 -3 -6 11 12 -2 14 -12 -15 -13 -1
right_child=1 3 -4 4 9 -7 7 -9 -10 -11 13 16 -14 15 -16 -17 -18 -19
leaf_value=-2.9582512393152656 -0.58244692869577386 -1.5015876198692286 0.15927005584408752 2.8292504844822037 0.39452632063808835 4.7020209083917806 0.97839715643863545 -0.010640655903660192 -0.10166259668362583 0.0057072718068955103 -1.0695281977055922 -0.081531541113138609 0.80311279075737074 -1.8531838617564165 0.57184923526038967 0.35686755018109118 -0.74630785477471817 -1.4376689206755329
leaf_weight=908 117 584 59 119 989 50 256 2410 3743 3219 1101 810 230 303 51 717 286 118
leaf_count=908 117 584 59 119 989 50 256 2410 3743 3219 1101 810 230 303 51 717 286 118
internal_value=-0.000258541 -0.000104098 -0.00234807 2.5063e-05 0.000319963 0.00275294 -0.000153342 0.000201349 -0.000382625 0.000211689 -0.000522678 -1.66212e-05 0.0017069 -0.000838013 -0.0015013 -4.40752e-05 -0.000604376 -0.0025443
internal_weight=16070 14985 1085 11370 4377 169 6993 2666 4327 4208 3615 1443 347 2172 1152 1020 1096 1026
internal_count=16070 14985 1085 11370 4377 169 6993 2666 4327 4208 3615 1443 347 2172 1152 1020 1096 1026
cat_boundaries=0 1 2
cat_threshold=2680021 2102291
is_linear=0
shrinkage=0.03


Tree=229
num_leaves=11
num_cat=0
split_feature=10 18 16 16 27 12 15 13 21 20
split_gain=5.53181 0.861705 0.82917 1.08906 1.15428 0.870432 0.81791 0.727078 0.277502 0.117265
threshold=742.50000000000011 150.00000000000003 -0.99629805505515945 -0.62588817255938378 30.575000000000003 2502.9166666666674 0.99681593486783593 1735.4924721296404 773.00000000000011 22.839285714285719
decision_type=2 2 2 2 2 2 2 2 2 2
left_child=7 2 5 4 -4 -2 -5 8 -1 -7
right_child=1 -3 3 6 -6 9 -8 -9 -10 -11
leaf_value=-2.8695037021358081 -2.3951669902238337 -2.5525706239393076 0.41454344559267231 -0.16699224425639905 -0.56637712689208641 -4.0123796323625793 0.84459628203192627 0.15449195416876441 -1.3945388530552683 1.6863931861537131
leaf_weight=908 225 122 3360 10279 355 56 502 59 118 86
leaf_count=908 225 122 3360 10279 355 56 502 59 118 86
internal_value=-0.000251074 -9.80923e-05 -7.42741e-05 -3.53873e-05 0.000403659 -0.0014837 -0.000190874 -0.00232044 -0.00251509 6.29364e-05
internal_weight=16070 14985 14863 14496 3715 367 10781 1085 1026 142
internal_count=16070 14985 14863 14496 3715 367 10781 1085 1026 142
is_linear=0
shrinkage=0.03


Tree=230
num_leaves=17
num_cat=2
split_feature=22 29 29 0 27 12 14 13 18 11 3 12 18 19 13 10
split_gain=4.84397 0.860454 1.50227 1.92249 1.87833 1.16813 0.861562 0.800807 0.748578 0.663307 0.542724 0.410867 0.294379 0.27336 0.0719911 0.055527
threshold=757.50000000000011 30.875000000000004 27.825000000000006 0 30.375000000000004 1533.0833333333337 0.95752911693909493 1697.2320496293607 139.65000000000006 197.28514450842513 1 1125.6595000000002 5.6000000000000139 8.75 1594.0949838152862 785.78571428571433
decision_type=2 2 2 9 2 2 2 2 2 2 9 2 2 2 2 2
left_child=9 2 6 10 -5 13 8 -8 -2 11 -4 12 14 -3 -1 -13
right_child=1 5 3 4 -6 -7 7 -9 -10 -11 -12 15 -14 -15 -16 -17
leaf_value=-3.1262580534114894 -0.055816773626409938 -1.6981998449337317 -0.4483029122885383 0.62957830695482486 -0.64760162171852542 1.2129350375811596 -0.12196123260285295 -1.8626716152821505 -1.6088588361454723 0.53405349892555209 0.52551727821114891 0.26355324381425166 -0.98544240318315557 -0.51489836064711947 -1.4147123284350203 -1.5793369967635651
leaf_weight=758 11355 331 801 845 184 70 316 406 161 64 138 50 67 81 391 63
leaf_count=758 11355 331 801 845 184 70 316 406 161 64 138 50 67 81 391 63
internal_value=-0.000262282 -9.8646e-05 -5.30028e-05 0.000711528 0.00160385 -0.00134783 -0.000179672 -0.00119087 -0.00011227 -0.00195409 -0.000233685 -0.00210677 -0.00227034 -0.00201211 -0.00238435 0
internal_weight=16081 14688 14206 1968 1029 482 12238 722 11516 1393 939 1329 1216 412 1149 113
internal_count=16081 14688 14206 1968 1029 482 12238 722 11516 1393 939 1329 1216 412 1149 113
cat_boundaries=0 1 2
cat_threshold=233169 2
is_linear=0
shrinkage=0.03


Tree=231
num_leaves=18
num_cat=2
split_feature=10 27 33 20 20 33 20 0 19 22 21 7 0 13 32 22 25
split_gain=4.66173 0.924332 1.7332 1.63189 2.27834 0.940762 1.96093 0.830465 0.632608 0.589738 0.520156 0.456297 0.439114 0.341521 0.307734 0.110115 0.0445195
threshold=732.50000000000011 30.375000000000004 7.2250000000000005 30.06071428571429 28.725000000000005 5.3750000000000009 29.046428571428578 0 11.550000000000002 1200.5000000000002 773.00000000000011 96.500000000000014 1 1689.3974057128864 0.10000000000000007 700.50000000000011 24.225000000000005
decision_type=2 2 2 2 2 2 2 9 2 2 2 2 9 2 2 2 2
left_child=10 2 5 4 -4 6 -2 -7 11 -10 13 -3 -13 16 -5 -12 -1
right_child=1 8 3 14 -6 7 -8 -9 9 -11 15 12 -14 -15 -16 -17 -18
leaf_value=-1.8577999421043623 -0.039314665397559651 0.43393626106695526 0.10799720376501222 0.35018408735433604 1.7992254644436054 -0.082208902972338432 3.2736804354054008 -0.917930328014819 0.47428903370253656 -1.4738851073981443 -1.3746927879783908 -0.26480301601341155 -1.3770369657871597 -0.37613356572625661 -0.76435152202496959 0.83543483461462842 -3.0296777670765418
leaf_weight=50 10970 69 246 78 199 1350 80 1229 81 51 57 127 451 52 145 53 793
leaf_count=50 10970 69 246 78 199 1350 80 1229 81 51 57 127 451 52 145 53 793
internal_value=-0.000256685 -0.000121577 -6.33662e-05 0.00142152 0.00248879 -0.000139546 -1.49315e-05 -0.000655815 -0.00113077 0.000518796 -0.00223658 -0.00153704 -0.00182902 -0.00247768 -0.000508929 0 -0.00262322
internal_weight=16081 15076 14297 668 445 13629 11050 2579 779 132 1005 647 578 895 223 110 843
internal_count=16081 15076 14297 668 445 13629 11050 2579 779 132 1005 647 578 895 223 110 843
cat_boundaries=0 1 2
cat_threshold=1341483 458770
is_linear=0
shrinkage=0.03


Tree=232
num_leaves=20
num_cat=3
split_feature=22 27 29 0 29 14 26 10 27 0 33 0 32 21 11 5 14 29 25
split_gain=4.62102 0.854948 1.55256 1.78963 1.24522 0.880328 0.764606 0.732593 0.732055 0.714815 0.591021 0.518425 0.491599 0.464908 0.420698 0.416253 0.286742 0.179143 0.0732832
threshold=757.50000000000011 30.375000000000004 27.825000000000006 0 30.875000000000004 0.95752911693909493 5.4500000000000011 692.92857142857156 29.025000000000002 1 7.2350000000000012 2 8.2999999999999954 1298.5000000000002 191.15065039336767 1.0000000180025095e-35 0.62587949062545845 25.925000000000004 24.625000000000004
decision_type=2 2 2 9 2 2 2 2 2 9 2 9 2 2 2 2 2 2 2
left_child=7 2 5 4 -4 6 -2 18 -7 12 -5 17 13 -3 16 -11 -13 -9 -1
right_child=1 9 3 10 -6 8 -8 11 -10 15 -12 14 -14 -15 -16 -17 -18 -19 -20
leaf_value=-2.2149590349773152 0.0032344570075682737 -0.81825386613282702 0.63344450375105876 -0.50495880236998048 -0.25568143226082679 -1.330395244039682 -0.33530023252799718 -2.0088002531764517 0.36361779173227682 -0.20017423881442567 0.62133717044250725 -0.2385015484416371 0.4407377349047148 0.44255247467599418 0.059514886086435702 -1.3306371259063596 -1.8657561948882373 0.41984957875366091 -3.0077538782810347
leaf_weight=68 9340 189 906 630 143 539 2134 51 132 67 167 87 65 59 59 317 411 76 641
leaf_count=68 9340 189 906 630 143 539 2134 51 132 67 167 87 65 59 59 317 411 76 641
internal_value=-0.000258551 -9.8646e-05 -4.41688e-05 0.000761775 0.00157358 -0.000170427 -0.000104314 -0.00191105 -0.00123214 -0.00112608 -0.000267327 -0.00109051 0 -0.000638555 -0.00148944 -0.00196709 -0.00182164 0.000391304 -0.00263662
internal_weight=16081 14688 13991 1846 1049 12145 11474 1393 671 697 797 684 313 248 557 384 498 127 709
internal_count=16081 14688 13991 1846 1049 12145 11474 1393 671 697 797 684 313 248 557 384 498 127 709
cat_boundaries=0 1 2 3
cat_threshold=3960875 1524822 1050649
is_linear=0
shrinkage=0.03


Tree=233
num_leaves=18
num_cat=1
split_feature=22 29 12 29 27 0 22 15 15 10 7 33 32 27 18 19 25
split_gain=4.201 0.863499 1.16813 1.15956 1.53362 1.81395 0.867027 1.36829 1.01907 0.644839 0.527798 0.541243 0.446523 0.383813 0.30689 0.27336 0.199634
threshold=757.50000000000011 30.875000000000004 1533.0833333333337 27.825000000000006 30.375000000000004 0 2400.5000000000005 -0.96904977397942549 -0.091258822863740666 692.92857142857156 143.50000000000003 7.3050000000000006 11.550000000000002 29.275000000000002 0.40000000000000185 8.75 24.625000000000004
decision_type=2 2 2 2 2 9 2 2 2 2 2 2 2 2 2 2 2
left_child=9 3 15 6 5 -5 7 -2 -8 16 11 -11 -6 -13 -12 -3 -1
right_child=1 2 -4 4 12 -7 8 -9 -10 10 14 13 -14 -15 -16 -17 -18
leaf_value=-2.148510263927994 -0.95080797770830527 -1.5909230800050296 1.1860990781774106 -0.07544225237178645 -0.82680352239495492 0.61858723773459079 0.34820259050593033 -0.17252706441519094 -0.089326034291583575 -1.8489632801421747 2.146179866737671 0.57418140669377304 0.31258678942327756 -1.19593031466505 -1.8782754537819975 -0.52690210216092026 -2.917521261932603
leaf_weight=68 714 331 70 652 308 940 1006 8077 2441 368 53 50 68 140 73 81 641
leaf_count=68 714 331 70 652 308 940 1006 8077 2441 368 53 50 68 140 73 81 641
internal_value=-0.000249223 -9.66036e-05 -0.00134783 -5.08911e-05 0.000620111 0.00104143 -0.000162514 -0.000322794 0.000233178 -0.00182496 -0.00104672 -0.00146512 -0.00104244 0 0.000448818 -0.00201211 -0.00250986
internal_weight=16081 14688 482 14206 1968 1592 12238 8791 3447 1393 684 558 376 190 126 412 709
internal_count=16081 14688 482 14206 1968 1592 12238 8791 3447 1393 684 558 376 190 126 412 709
cat_boundaries=0 1
cat_threshold=233168
is_linear=0
shrinkage=0.03


Tree=234
num_leaves=20
num_cat=2
split_feature=22 27 29 0 0 22 15 15 29 12 13 7 12 21 22 13 24 29 25
split_gain=3.93105 0.733525 1.34806 1.53565 0.813988 0.810695 1.3029 0.970244 0.729232 0.714091 0.677048 0.641194 0.469214 0.436263 0.640168 0.363507 0.359107 0.345435 0.129276
threshold=757.50000000000011 30.375000000000004 27.825000000000006 0 1 2400.5000000000005 -0.96904977397942549 -0.091258822863740666 28.675000000000008 993.78333333333342 1729.4387585774923 153.50000000000003 1570.2500000000002 852.84000000000003 715.50000000000011 1961.1117993688417 852.84000000000003 29.075000000000006 32.20000000000001
decision_type=2 2 2 9 9 2 2 2 2 2 2 2 2 2 2 2 2 2 2
left_child=10 2 5 8 9 6 -2 -7 -4 -3 11 -1 -11 14 -12 18 -5 -13 -6
right_child=1 4 3 16 15 7 -8 -9 -10 12 13 17 -14 -15 -16 -17 -18 -19 -20
leaf_value=-2.2924850756286923 -0.92228373837705524 -1.1850139838953766 1.0613366347013742 0.17319805366011815 -1.5357255871392392 0.33828795478946055 -0.16346406129815808 -0.085674856451651349 0.33996347104459207 0.43267915238729765 1.1066080492857024 1.0578082130730282 -1.0414001626476779 -1.1509289965932812 -1.5235165701301039 0.005141075959508426 -0.25589831884094472 -1.4754719106865286 -0.80751885183129568
leaf_weight=1012 714 75 208 221 318 1005 7986 2440 717 122 74 74 50 106 65 64 700 62 68
leaf_count=1012 714 75 208 221 318 1005 7986 2440 717 122 74 74 50 106 65 64 700 62 68
internal_value=-0.000236165 -8.84342e-05 -3.77366e-05 0.000713047 -0.00104012 -0.000155607 -0.000312034 0.000226349 0.00157051 0.000209302 -0.0017604 -0.0020705 0.00143931 -0.000121952 0.000771428 -0.00178959 -0.000115881 0 -0.0021783
internal_weight=16081 14688 13991 1846 697 12145 8700 3445 925 247 1393 1148 172 245 139 450 921 136 386
internal_count=16081 14688 13991 1846 697 12145 8700 3445 925 247 1393 1148 172 245 139 450 921 136 386
cat_boundaries=0 1 2
cat_threshold=3960873 1377366
is_linear=0
shrinkage=0.03


Tree=235
num_leaves=18
num_cat=2
split_feature=10 16 16 27 0 7 20 29 0 10 29 24 10 21 13 13 13
split_gain=3.93067 1.31771 1.24568 1.19557 1.01911 0.823516 1.57455 0.90345 0.788381 0.747633 0.363875 0.447553 0.233855 0.271041 0.0897649 0.0622521 0.0933641
threshold=684.357142857143 -0.97876850416056738 -0.67246555226382421 30.375000000000004 0 5.5000000000000009 21.267857142857146 24.025000000000002 1 1114.3571428571429 27.975000000000005 3898.0000000000005 3750.0714285714289 4150.5000000000009 1857.3975169994274 1574.6574801463721 1614.2119558840786
decision_type=2 2 2 2 9 2 2 2 9 2 2 2 2 2 2 2 2
left_child=15 8 3 4 -3 6 -4 -7 10 -5 11 -2 14 -14 -10 -1 -17
right_child=1 2 5 9 -6 7 -8 -9 12 -11 -12 -13 13 -15 -16 16 -18
leaf_value=-2.9449568350346658 -2.2958034257874709 1.4880924027130853 2.020577237816136 -1.4105589775156062 0.12973622790846845 -0.55633206701808702 0.017967300871220823 -0.033267397569120179 -2.7186156670835038 0.034203649615853891 1.340086067807517 1.2233059556874206 2.8051605444578311 -3.472746009549502 -0.82913902309903376 -0.66322749227488276 -1.5293292875014177
leaf_weight=553 103 920 55 177 1838 4681 158 6555 376 153 77 55 50 79 95 51 63
leaf_count=553 103 920 55 177 1838 4681 158 6555 376 153 77 55 50 79 95 51 63
internal_value=-0.000266335 -0.000165291 -9.53371e-05 0.00043412 0.000649148 -0.000242097 0.00157009 -0.000280592 -0.00132775 -0.00122357 0 -0.000622642 -0.00189034 -0.000323078 -0.00226271 -0.00252395 -0.00101739
internal_weight=16039 15372 14537 3088 2758 11449 213 11236 835 330 235 158 600 129 471 667 114
internal_count=16039 15372 14537 3088 2758 11449 213 11236 835 330 235 158 600 129 471 667 114
cat_boundaries=0 1 2
cat_threshold=1775633 139380
is_linear=0
shrinkage=0.03


Tree=236
num_leaves=13
num_cat=1
split_feature=10 16 14 20 5 12 0 13 12 12 13 13
split_gain=3.91721 1.24539 0.9144 1.37446 1.84645 1.28168 0.819012 0.685578 0.604474 0.3701 0.0622521 0.0933641
threshold=684.357142857143 -0.99629805505515945 0.80417553764032002 26.325000000000006 2.5000000000000004 1229.616666666667 0 1690.5877507056905 820.90000000000009 3308.7166666666672 1574.6574801463721 1614.2119558840786
decision_type=2 2 2 2 2 2 9 2 2 2 2 2
left_child=10 9 3 5 -5 -3 8 -8 -4 -2 -1 -12
right_child=1 2 6 4 -6 -7 7 -9 -10 -11 11 -13
leaf_value=-2.8566081299836261 -2.2391796313091468 -0.64122627894695805 -1.5570110184584758 0.67729872270713287 -0.29040157544791317 0.015016273789103843 -0.062486844471525561 -0.9574086529318957 0.038362261304643784 -0.37102335537517256 -0.64333066750663492 -1.4834494088763737
leaf_weight=553 302 1550 175 897 709 8372 572 1281 1432 82 51 63
leaf_count=553 302 1550 175 897 709 8372 572 1281 1432 82 51 63
internal_value=-0.000270076 -0.000169193 -0.000122691 1.82078e-06 0.000819539 -0.000126071 -0.00055042 -0.000978541 -2.22504e-05 -0.00186234 -0.00252395 -0.00101739
internal_weight=16039 15372 14988 11528 1606 9922 3460 1853 1607 384 667 114
internal_count=16039 15372 14988 11528 1606 9922 3460 1853 1607 384 667 114
cat_boundaries=0 1
cat_threshold=1134162
is_linear=0
shrinkage=0.03


Tree=237
num_leaves=18
num_cat=1
split_feature=10 16 16 29 15 11 22 10 33 0 16 29 13 22 13 13 22
split_gain=3.7552 1.14095 1.04307 1.17019 1.09197 0.99654 0.877088 1.83099 1.27348 0.748273 0.485477 0.557284 0.244091 0.221743 0.0474302 0.0933641 0.0457014
threshold=684.357142857143 -0.97876850416056738 -0.67246555226382421 30.275000000000002 -0.61915584096709908 128.05783663568008 1677.5000000000002 1576.4285714285718 7.2250000000000005 0 -0.998663445439673 22.975000000000005 1857.3975169994274 3727.5000000000005 1574.6574801463721 1614.2119558840786 1976.9000000000003
decision_type=2 2 2 2 2 2 2 2 2 9 2 2 2 2 2 2 2
left_child=14 9 3 5 -5 -3 8 -8 -4 10 -2 -12 13 -11 -1 -16 -14
right_child=1 2 6 4 -6 -7 7 -9 -10 12 11 -13 16 -15 15 -17 -18
leaf_value=-2.7709098860841164 -2.1052987907049321 0.63373089385851555 -0.51213444341194803 0.30062257671930592 -1.4333599772853718 0.19315364559464918 2.108780287770287 -0.026541820006751003 0.14237538416962794 -2.7031592309944652 -1.9757858400464647 0.82399220205857704 0.077133089997688781 -2.1291488051665723 -0.62403074748143428 -1.4389459266100826 -3.8581216841846211
leaf_weight=553 111 780 5394 184 345 1779 124 5216 715 321 56 181 50 65 51 63 51
leaf_count=553 111 780 5394 184 345 1779 124 5216 715 321 56 181 50 65 51 63 51
internal_value=-0.000271946 -0.000173096 -0.000107718 0.000375849 -0.000871699 0.000651562 -0.000242097 3.08924e-05 -0.000488053 -0.00125598 -2.50703e-05 0.000605041 -0.002 -0.00241085 -0.00247904 -0.00101739 -0.000176471
internal_weight=16039 15372 14537 3088 529 2559 11449 5340 6109 835 348 237 487 386 667 114 101
internal_count=16039 15372 14537 3088 529 2559 11449 5340 6109 835 348 237 487 386 667 114 101
cat_boundaries=0 1
cat_threshold=1206388
is_linear=0
shrinkage=0.03


Tree=238
num_leaves=15
num_cat=0
split_feature=23 14 13 16 23 18 13 7 7 12 7 12 10 14
split_gain=3.65747 1.00068 0.990575 0.967571 0.83749 0.816056 0.706124 0.694055 0.424909 0.304895 0.291776 0.139774 0.081769 0.062886
threshold=795.50000000000011 0.534952257794027 1518.2596267422634 -0.99629805505515945 5207.5000000000009 143.50000000000003 1737.5263485819353 5.5000000000000009 327.50000000000006 3308.7166666666672 171.50000000000003 1073.8333333333337 801.07142857142867 0.9962888416657264
decision_type=2 2 2 2 2 2 2 2 2 2 2 2 2 2
left_child=1 2 10 9 5 7 13 -5 -6 -2 -1 12 -8 -3
right_child=3 6 -4 4 8 -7 11 -9 -10 -11 -12 -13 -14 -15
leaf_value=-1.6811096769097147 -2.0640496011715146 -2.4475332145882782 3.3364127970123252 1.3206990657431468 0.47485716362471464 -1.7587374603117558 0.25927926254791456 -0.043829663909743591 7.7272211851381094 -0.3740307621284838 0.75424111354558876 -1.0943579501437992 -0.28613272906496734 -1.1385983919342009
leaf_weight=122 271 927 57 211 65 152 73 13723 54 82 51 83 87 81
leaf_count=122 271 927 57 211 65 152 73 13723 54 82 51 83 87 81
internal_value=-0.000270076 -0.00169231 0 -0.000122193 -8.02485e-05 -0.000104565 -0.00202716 -7.72881e-05 0.0024 -0.00167797 -0.001 -0.000344263 0 -0.00238751
internal_weight=16039 1481 230 14558 14205 14086 1251 13934 119 353 173 243 160 1008
internal_count=16039 1481 230 14558 14205 14086 1251 13934 119 353 173 243 160 1008
is_linear=0
shrinkage=0.03


Tree=239
num_leaves=20
num_cat=3
split_feature=22 16 0 11 16 11 33 13 0 0 33 14 13 13 12 29 16 10 13
split_gain=3.68484 1.03044 0.926211 0.857289 0.816603 1.52549 0.804089 0.800466 0.986536 0.587849 0.461497 0.461123 0.443407 0.312031 0.311695 0.280633 0.391723 0.198085 0.20066
threshold=775.50000000000011 -0.97876850416056738 0 43.301270189192387 -0.75015329512557205 111.26972805281598 3.4350000000000005 1574.6574801463721 1 2 7.3050000000000006 0.19337368024598436 1710.5266308073622 1817.2182262268486 1626.9833333333336 22.775000000000002 -0.998663445439673 3750.0714285714289 1857.3975169994274
decision_type=2 2 9 2 2 2 2 2 9 9 2 2 2 2 2 2 2 2 2
left_child=2 9 10 7 5 -5 -6 8 -3 15 -1 -4 -13 -14 -9 -2 -17 18 -11
right_child=1 3 11 4 6 -7 -8 14 -10 17 -12 12 13 -15 -16 16 -18 -19 -20
leaf_value=-1.2403718680657461 -4.8550625020234008 -0.9946805312120115 0.5655863399060771 0.82611583402299882 0.120500371466085 0.041494606544671284 -0.15384888795036294 -0.71423033028232064 0.59065029208927955 -2.4258026482738688 0.70137959118478321 -2.1186062804664494 0.097270152227470874 -1.2902425262260224 -0.15723889043296535 -1.7908891050813598 1.387755609641528 -0.92302816986441394 -0.7583403412055949
leaf_weight=168 58 118 56 529 3022 1653 7261 766 155 304 50 983 95 126 301 52 122 126 94
leaf_count=168 58 118 56 529 3022 1653 7261 766 155 304 50 983 95 126 301 52 122 126 94
internal_value=-0.000260724 -0.000112485 -0.00168966 -4.9979e-05 2.40647e-05 0.000553824 -8.40147e-05 -0.000771813 0.000569342 -0.00119287 0 -0.00199449 -0.00213859 -0.000621622 -0.0011573 0 0.000702856 -0.00173271 -0.00212782
internal_weight=16039 14561 1478 13805 12465 2182 10283 1340 273 756 218 1260 1204 221 1067 232 174 524 398
internal_count=16039 14561 1478 13805 12465 2182 10283 1340 273 756 218 1260 1204 221 1067 232 174 524 398
cat_boundaries=0 1 2 3
cat_threshold=1067032 2136064 141424
is_linear=0
shrinkage=0.03


Tree=240
num_leaves=17
num_cat=2
split_feature=21 22 27 29 12 13 33 29 0 11 0 10 23 23 14 7
split_gain=4.17786 1.5651 1.09488 1.06849 1.02803 1.14494 0.982691 0.802187 1.29072 1.21951 0.463153 0.559813 1.07727 0.416502 0.298681 0.218471
threshold=750.50000000000011 950.50000000000011 30.425000000000001 27.175000000000001 1887.2000000000003 1469.8342169473146 5.4850000000000012 30.225000000000005 0 128.05783663568008 1 1050.214285714286 1183.0000000000002 852.84000000000003 0.9962888416657264 98.500000000000014
decision_type=2 2 2 2 2 2 2 2 9 2 9 2 2 2 2 2
left_child=1 13 3 4 5 -2 -6 9 -9 -5 11 -4 -13 14 -1 -12
right_child=2 -3 10 7 6 -7 -8 8 -10 -11 15 12 -14 -15 -16 -17
leaf_value=-1.979276326049469 0.3124104489018098 0.42705254291824357 -1.2999554209889197 0.59130727028440444 0.1865489603901693 -0.45493220487747793 -0.74376830133764904 -1.3609951327841419 1.2866742858617564 -0.087353777263587201 -0.20343719184711703 0.46390176219044726 -0.37255217002583163 -0.018279433446999668 -0.891944380795201 -0.97193684018499971
leaf_weight=1079 702 93 127 1239 5262 5038 737 219 257 572 55 56 172 81 83 303
leaf_count=1079 702 93 127 1239 5262 5038 737 219 257 572 55 56 172 81 83 303
internal_value=-0.00021274 -0.00181975 -6.39084e-05 -2.35332e-06 -0.000121125 -0.000410208 0.000147999 0.000587412 -0.000446542 0.000884105 -0.00121008 -0.000245902 0.000484715 -0.00211736 -0.00226225 -0.00197561
internal_weight=16075 1336 14739 14026 11739 5740 5999 2287 476 1811 713 355 228 1243 1162 358
internal_count=16075 1336 14739 14026 11739 5740 5999 2287 476 1811 713 355 228 1243 1162 358
cat_boundaries=0 1 2
cat_threshold=3338770 228934
is_linear=0
shrinkage=0.03


Tree=241
num_leaves=15
num_cat=2
split_feature=21 22 18 5 17 0 12 25 33 0 14 19 33 10
split_gain=4.24558 1.12435 0.914236 0.832564 1.37477 1.35973 1.079 0.738145 1.55125 0.787993 0.348598 0.347795 0.213353 0.00551135
threshold=750.50000000000011 1020.4050000000001 139.65000000000006 1.0000000180025095e-35 0.99274945289872141 0 1697.1333333333334 30.375000000000004 7.2250000000000005 1 0.9962888416657264 0.099999999999999964 4.6550000000000011 1687.3571428571429
decision_type=2 2 2 2 2 9 2 2 2 9 2 2 2 2
left_child=1 10 3 4 5 -2 -6 8 -5 -9 11 -1 -13 -4
right_child=2 -3 13 7 6 -7 -8 9 -10 -11 -12 12 -14 -15
leaf_value=0.00013368616355114991 -0.088352079321972365 0.61377029282359086 -2.0882472539872308 -0.094888386360979501 0.0021664839984835327 0.76935424228891747 3.7705556278064365 0.047592599816076796 0.45248654350797518 -1.0509250503680683 -0.46669260326119455 -1.2464395187648665 -1.9502629407969405 -1.0482601580030462
leaf_weight=59 1486 59 126 10947 52 1004 62 236 435 341 101 77 1040 50
leaf_count=59 1486 59 126 10947 52 1004 62 236 435 341 101 77 1040 50
internal_value=-0.000222071 -0.00184218 -7.20496e-05 -4.28461e-05 0.000438771 0.000270975 0.00367826 -0.000151506 -9.40884e-05 -0.00120415 -0.00204695 -0.00219456 -0.00231306 -0.00222034
internal_weight=16075 1336 14739 14563 2604 2490 114 11959 11382 577 1277 1176 1117 176
internal_count=16075 1336 14739 14563 2604 2490 114 11959 11382 577 1277 1176 1117 176
cat_boundaries=0 1 2
cat_threshold=648394 353858
is_linear=0
shrinkage=0.03


Tree=242
num_leaves=17
num_cat=0
split_feature=21 11 27 18 20 13 15 25 32 23 7 31 31 13 14 10
split_gain=4.0031 1.55058 1.06632 0.965755 0.672944 2.92378 1.59941 0.417722 0.242034 0.405339 0.315969 0.38991 0.234156 0.290941 0.225419 0.00551135
threshold=750.50000000000011 169.18959409619231 30.425000000000001 139.65000000000006 22.496428571428577 1714.8010801203175 0.41202506375868281 30.125000000000004 11.550000000000002 1151.5000000000002 96.500000000000014 1.0999999999999825 0.90000000000001601 1510.0963142378744 0.9962888416657264 1687.3571428571429
decision_type=2 2 2 2 2 2 2 2 2 2 2 2 2 2 2 2
left_child=1 12 3 4 5 -2 -6 -3 10 -10 -4 -12 14 -14 -1 -5
right_child=2 7 8 15 6 -7 -8 -9 9 -11 11 -13 13 -15 -16 -17
leaf_value=-2.1325186771948328 -1.7835768950798276 0.51116489786572494 0.34873065476508119 -2.0255998363676109 -0.035036039758010042 0.31458717411443149 0.63401768040760276 -0.76651091666275994 0.41431288683051332 -0.50260024178343743 -1.0800159232893032 0.0011449331405119544 -1.5391134647464313 0.30967233579005382 -0.86322276743551563 -1.0168123532629467
leaf_weight=937 1328 77 54 126 7972 1820 2730 50 50 69 440 100 110 67 95 50
leaf_count=937 1328 77 54 126 7972 1820 2730 50 50 69 440 100 110 67 95 50
internal_value=-0.000223937 -0.00179731 -7.81554e-05 -1.73244e-05 7.57996e-06 -0.000374405 0.00012417 0.001125 -0.00121008 0 -0.00145714 -0.00169131 -0.00214215 -0.000707866 -0.00234366 -0.00222034
internal_weight=16075 1336 14739 14026 13850 3148 10702 127 713 119 594 540 1209 177 1032 176
internal_count=16075 1336 14739 14026 13850 3148 10702 127 713 119 594 540 1209 177 1032 176
is_linear=0
shrinkage=0.03


Tree=243
num_leaves=20
num_cat=3
split_feature=22 27 33 0 7 19 7 19 21 15 0 12 24 13 23 11 5 0 17
split_gain=3.61108 0.819932 1.05997 1.126 0.834979 0.737433 0.876866 0.821548 0.709807 0.571687 0.571195 0.574817 0.525017 0.523415 0.441778 0.323824 0.300784 0.225562 0.178764
threshold=757.50000000000011 30.375000000000004 7.2250000000000005 0 80.500000000000014 318.20000000000005 241.50000000000003 232.85000000000005 775.50000000000011 -0.61915584096709908 1 924.98333333333346 1125.5000000000002 1811.8474448403078 1425.5000000000002 108.01234497350625 1.0000000180025095e-35 2 -0.98410644190245056
decision_type=2 2 2 9 2 2 2 2 2 2 9 2 2 2 2 2 2 9 2
left_child=8 2 5 4 -4 7 -7 -2 13 -10 16 -12 -13 17 -5 -11 -3 -1 -19
right_child=1 10 3 14 -6 6 -8 -9 9 15 11 12 -14 -15 -16 -17 -18 18 -20
leaf_value=-0.95157004761976038 -0.055308793015933548 -0.032283796725292191 -0.40770590051460126 0.087686837430728623 1.3805388751634009 -0.67129687011515815 0.24908475466969257 0.54453588033869582 1.1363332425545849 0.18453916853327637 -1.6318868831929207 0.44799833280553614 -0.28249339633045772 0.1656897159234432 -1.9004659630362968 -1.0486055341418423 -0.96336161006609367 -0.40018485358501676 -2.1288255382475105
leaf_weight=101 11332 62 57 316 187 565 334 1133 54 93 80 85 200 53 60 197 282 50 834
leaf_count=101 11332 62 57 316 187 565 334 1133 54 93 80 85 200 53 60 197 282 50 834
internal_value=-0.000218339 -7.71751e-05 -2.33829e-05 0.00118357 0.00271765 -8.2829e-05 -0.000913334 -1.92531e-05 -0.00168547 -0.000339131 -0.00107324 -7.97879e-05 0.00041958 -0.00208758 0 -0.000979382 -0.00193521 -0.00225152 -0.00241006
internal_weight=16075 14693 13984 620 244 13364 899 12465 1382 344 709 365 285 1038 376 290 344 985 884
internal_count=16075 14693 13984 620 244 13364 899 12465 1382 344 709 365 285 1038 376 290 344 985 884
cat_boundaries=0 1 2 3
cat_threshold=594152 3969193 1067012
is_linear=0
shrinkage=0.03


Tree=244
num_leaves=15
num_cat=2
split_feature=21 22 18 27 33 0 14 0 10 19 23 14 32 10
split_gain=3.67593 1.5546 0.904522 0.754414 0.780822 0.857588 0.669502 0.640043 0.581553 0.572573 0.412067 0.367267 0.0712217 0.00551135
threshold=750.50000000000011 897.50000000000011 139.65000000000006 30.525000000000002 7.2250000000000005 0 0.99274428880883148 1 880.78571428571433 2.9499999999999971 852.84000000000003 0.9962888416657264 0.2499999999999965 1687.3571428571429
decision_type=2 2 2 2 2 9 2 9 2 2 2 2 2 2
left_child=1 10 3 4 6 -6 -2 8 -5 -3 11 -1 -9 -4
right_child=2 9 13 7 5 -7 -8 12 -10 -11 -12 -13 -14 -15
leaf_value=-1.9029859290473994 -0.013502035911742314 0.37956538074846796 -1.9677385079162883 -1.698368238073136 0.71259659732435476 -0.04763918576591087 -1.1062332582583994 -0.3724819285378958 0.088553536288299012 -0.98676328604495944 0.14507552415896594 -0.59344712939942157 -1.198783796652074 -0.99899660343579877
leaf_weight=1049 13013 87 126 78 354 310 220 73 278 60 65 75 237 50
leaf_count=1049 13013 87 126 78 354 310 220 73 278 60 65 75 237 50
internal_value=-0.000222071 -0.00172999 -8.2226e-05 -5.31455e-05 -2.59102e-06 0.000996992 -5.62195e-05 -0.00103898 -8.17508e-06 0.000972972 -0.00210252 -0.00223733 -0.00200935 -0.00222034
internal_weight=16075 1336 14739 14563 13897 664 13233 666 356 147 1189 1124 310 176
internal_count=16075 1336 14739 14563 13897 664 13233 666 356 147 1189 1124 310 176
cat_boundaries=0 1 2
cat_threshold=1659112 159334
is_linear=0
shrinkage=0.03


Tree=245
num_leaves=18
num_cat=0
split_feature=22 16 31 14 33 27 26 19 23 14 13 13 18 13 23 12 23
split_gain=3.7499 0.922619 0.824732 1.49586 1.45817 1.33294 1.04049 0.94597 0.906945 0.651963 1.14618 0.386397 0.3542 0.353478 0.19766 0.143713 0.0860202
threshold=750.50000000000011 -0.99629805505515945 83.90000000000002 -0.96689237009891416 3.4150000000000005 24.225000000000005 7.9500000000000011 300.15000000000009 2676.0400000000004 0.62587949062545845 1518.2596267422634 1845.7527577673234 1.9000000000000021 1809.6656342617957 700.50000000000011 2502.9166666666674 773.00000000000011
decision_type=2 2 2 2 2 2 2 2 2 2 2 2 2 2 2 2 2
left_child=9 13 4 6 5 -3 -4 -6 -5 10 14 12 16 -2 -1 -15 -11
right_child=1 2 3 8 7 -7 -8 -9 -10 11 -12 -13 -14 15 -16 -17 -18
leaf_value=-1.9713096651644799 -2.6034162665670455 0.65326270177303314 1.2548088126722341 -1.3451031018298771 -0.04421995085020624 -0.055255515372302874 -1.7601250134573636 -1.8914303622073385 0.0064512921194498684 -2.263503137396143 0.8720906172521955 -0.33792339548295292 -0.13709938158554649 -1.818823902901116 -0.41273192011299131 0.56522693436472082 -1.188528208349577
leaf_weight=135 200 1751 167 506 9911 1410 116 340 207 746 76 98 60 66 50 88 197
leaf_count=135 200 1751 167 506 9911 1410 116 340 207 746 76 98 60 66 50 88 197
internal_value=-0.000224931 -8.27075e-05 -4.2266e-05 -0.000875628 1.63267e-05 0.000582542 0.000866196 -0.000153922 -0.00163025 -0.00173221 -0.000183207 -0.00205808 -0.00223506 -0.00159718 -0.0016129 -0.000174194 -0.00237712
internal_weight=16124 14762 14408 996 13412 3161 283 10251 713 1362 261 1101 1003 354 185 154 943
internal_count=16124 14762 14408 996 13412 3161 283 10251 713 1362 261 1101 1003 354 185 154 943
is_linear=0
shrinkage=0.03


Tree=246
num_leaves=20
num_cat=2
split_feature=22 16 31 33 14 27 19 23 27 14 13 0 0 31 19 10 13 23 13
split_gain=3.73096 0.917234 0.81694 1.33623 1.33435 1.22434 0.949859 0.86196 0.719297 0.651963 0.877791 0.414304 0.366656 0.265457 0.253483 0.192342 0.150916 0.134072 0.0179233
threshold=750.50000000000011 -0.99629805505515945 83.90000000000002 3.4150000000000005 -0.96689237009891416 24.225000000000005 300.15000000000009 2676.0400000000004 23.575000000000006 0.62587949062545845 1518.2596267422634 0 1 1.9000000000000057 0.099999999999999964 647.21428571428589 1809.6656342617957 700.50000000000011 1866.453617033826
decision_type=2 2 2 2 2 2 2 2 2 2 2 9 9 2 2 2 2 2 2
left_child=9 12 3 5 8 -3 -5 -6 -4 10 15 17 16 14 -13 -1 -2 -11 -14
right_child=1 2 4 6 7 -7 -8 -9 -10 11 -12 13 18 -15 -16 -17 -18 -19 -20
leaf_value=-2.1885868946023721 -3.1779759218558654 0.6336648207198371 -1.5034083939110892 -0.042893352324699645 -1.304750008774981 -0.053597849911136586 -1.8346874513411195 0.0062577533558667757 1.2850652753043783 -1.6282802421881646 0.84592789873462992 -0.32947041689985368 -2.5425146155906724 -0.24403574630416325 -2.091054191990934 -0.80448868497211967 0.54827014044372613 0.46142187085199676 -1.7910538502107942
leaf_weight=91 61 1751 90 9911 506 1410 340 207 193 60 76 76 174 54 850 94 68 61 51
leaf_count=91 61 1751 90 9911 506 1410 340 207 193 60 76 76 174 54 850 94 68 61 51
internal_value=-0.000228652 -8.67717e-05 -4.643e-05 1.18535e-05 -0.000875628 0.000554079 -0.000150996 -0.00158824 0.000760563 -0.00173221 -0.000183207 -0.00205808 -0.00159718 -0.0022553 -0.00239806 -0.00145161 0 0 -0.00228814
internal_weight=16124 14762 14408 13412 996 3161 10251 713 283 1362 261 1101 354 980 926 185 129 121 225
internal_count=16124 14762 14408 13412 996 3161 10251 713 283 1362 261 1101 354 980 926 185 129 121 225
cat_boundaries=0 1 2
cat_threshold=1064976 1058914
is_linear=0
shrinkage=0.03


Tree=247
num_leaves=17
num_cat=2
split_feature=22 16 18 7 13 16 18 33 0 0 18 19 10 13 23 13
split_gain=3.7215 0.914546 0.775135 0.700216 0.898601 0.698776 1.4068 0.635054 0.416512 0.366656 0.276111 0.227277 0.221452 0.150916 0.134072 0.0179233
threshold=750.50000000000011 -0.99629805505515945 150.00000000000003 143.50000000000003 1518.2596267422634 -0.66528308454101848 28.700000000000014 3.4150000000000005 0 1 1.9000000000000021 0.099999999999999964 647.21428571428589 1809.6656342617957 700.50000000000011 1866.453617033826
decision_type=2 2 2 2 2 2 2 2 9 9 2 2 2 2 2 2
left_child=3 9 5 8 12 6 -3 -7 14 13 11 -10 -5 -2 -1 -11
right_child=1 2 -4 4 -6 7 -8 -9 10 15 -12 -13 -14 -15 -16 -17
leaf_value=-1.5794318349225211 -3.0826366442001873 0.070563655963577471 -1.9849398393976034 -2.1229292877643005 0.91505146606383658 0.092527566222299157 1.9635372294622622 -0.16791088552859831 -0.32889407912855556 -2.4662391771229544 -0.21598270543534243 -1.999179191339757 -0.60037470122376824 0.53182203623041191 0.44757921472643825 -1.7373222347044701
leaf_weight=60 61 3076 126 91 74 3251 345 7610 79 174 53 854 90 68 61 51
leaf_count=60 61 3076 126 91 74 3251 345 7610 79 174 53 854 90 68 61 51
internal_value=-0.000230512 -8.88038e-05 -4.85121e-05 -0.00173221 -0.000117188 -2.45754e-05 0.000345411 -0.000145278 -0.00206318 -0.00159718 -0.00225978 -0.00240257 -0.00141758 0 0 -0.00228814
internal_weight=16124 14762 14408 1362 255 14282 3421 10861 1107 354 986 933 181 129 121 225
internal_count=16124 14762 14408 1362 255 14282 3421 10861 1107 354 986 933 181 129 121 225
cat_boundaries=0 1 2
cat_threshold=1064976 1058914
is_linear=0
shrinkage=0.03


Tree=248
num_leaves=19
num_cat=4
split_feature=22 16 31 14 33 0 26 20 12 7 0 0 19 13 0 25 13 13
split_gain=3.51477 0.911861 0.869134 1.22779 1.12145 1.20143 0.939564 0.925281 0.85587 0.550949 0.495146 0.366656 0.331637 0.22916 0.235063 0.177954 0.150916 0.0179233
threshold=750.50000000000011 -0.99629805505515945 83.90000000000002 -0.96689237009891416 3.4150000000000005 0 6.2500000000000009 22.496428571428577 2342.0000000000005 171.50000000000003 1 2 0.94999999999999307 1683.8069801551264 3 24.075000000000006 1809.6656342617957 1866.453617033826
decision_type=2 2 2 2 2 9 2 2 2 2 9 9 2 2 9 2 2 2
left_child=9 11 4 6 5 -3 -4 -6 -5 10 12 16 -1 15 -15 -12 -2 -13
right_child=1 2 3 8 7 -7 -8 -9 -10 -11 13 17 -14 14 -16 -17 -18 -19
leaf_value=0.4341518382846436 -2.9901575448741817 -0.015306674895467384 1.2437376114747294 -1.335382512737018 -0.76236375963282799 0.73620456624850017 -1.4610822421960192 0.0025281802368817387 -0.014996474804910313 1.1867246734579442 -1.1399736756907721 -2.3922520018092643 -2.1438297328302562 -0.071794945427596915 -0.99029559495042163 -1.9473245975305615 0.51586737514349534 -1.6852025676633389
leaf_weight=61 61 1702 163 473 2287 1459 120 7964 240 51 117 174 53 124 120 836 68 51
leaf_count=61 61 1702 163 473 2287 1459 120 7964 240 51 117 174 53 124 120 836 68 51
internal_value=-0.000228652 -9.08359e-05 -5.05941e-05 -0.000905718 9.61682e-06 0.000506641 0.000654929 -0.000139291 -0.00158824 -0.00168819 -0.00182012 -0.00159718 0 -0.00199172 -0.000844899 -0.00225786 0 -0.00228814
internal_weight=16124 14762 14408 996 13412 3161 283 10251 713 1362 1311 354 114 1197 244 953 129 225
internal_count=16124 14762 14408 996 13412 3161 283 10251 713 1362 1311 354 114 1197 244 953 129 225
cat_boundaries=0 1 2 3 4
cat_threshold=3323042 1064964 1058914 74944
is_linear=0
shrinkage=0.03


Tree=249
num_leaves=20
num_cat=2
split_feature=23 22 17 13 0 0 31 14 26 12 33 33 19 13 27 24 17 27 14
split_gain=3.46366 0.83138 1.06226 1.39572 0.984791 0.849625 0.741034 1.63709 0.95156 0.90845 0.869321 1.5567 1.52107 0.631517 0.609363 0.534269 0.376661 0.361185 0.179636
threshold=700.50000000000011 1002.0000000000001 0.28931730210571233 1563.7003370446951 0 1 83.90000000000002 -0.96689237009891416 7.9500000000000011 2342.0000000000005 3.4150000000000005 4.1250000000000009 263.55000000000007 1761.9276497583662 23.575000000000006 795.50000000000011 0.94353349168649059 30.375000000000004 0.97314989601849466
decision_type=2 2 2 2 9 9 2 2 2 2 2 2 2 2 2 2 2 2 2
left_child=13 2 5 16 -5 15 10 8 -8 -9 12 -12 -3 14 -1 -2 -4 -15 -7
right_child=1 6 3 4 -6 18 7 9 -10 -11 11 -13 -14 17 -16 -17 -18 -19 -20
leaf_value=0.36577947382138232 0.65670145182099493 0.10257474515117707 -1.1208410992223194 -0.14928961133030044 2.0415184951766179 -0.82504550523769438 1.4928011632000473 -1.3507155359617844 -1.4804906716657424 -0.014546580560767061 -0.76861181177647997 0.10467096135841526 1.2749783839145121 0.29397323645495327 -1.8152147255332396 -0.43106022303267977 0.22432928069727306 -0.82676019112863963 -1.5991009687141231
leaf_weight=65 134 2541 243 105 208 719 156 444 103 240 2931 5946 448 59 839 417 83 53 390
leaf_count=65 134 2541 243 105 208 719 156 444 103 240 2931 5946 448 59 839 417 83 53 390
internal_value=-0.00022307 -0.000105832 -0.000631305 0.000356249 0.00183439 -0.00103853 -7.96324e-06 -0.000819916 0.00110769 -0.00161606 5.28349e-05 -9.19133e-05 0.000497658 -0.00192035 -0.00218453 0 -0.000926606 0 -0.00151071
internal_weight=16124 15108 2299 639 313 1660 12809 943 259 684 11866 8877 2989 1016 904 551 326 112 1109
internal_count=16124 15108 2299 639 313 1660 12809 943 259 684 11866 8877 2989 1016 904 551 326 112 1109
cat_boundaries=0 1 2
cat_threshold=2098202 1068176
is_linear=0
shrinkage=0.03


Tree=250
num_leaves=14
num_cat=0
split_feature=22 12 13 29 31 14 18 6 23 31 14 12 18
split_gain=3.04597 0.775332 0.591341 0.712814 0.60904 1.39828 1.32074 0.518974 0.552062 0.379422 0.438905 0.18443 0.0606678
threshold=750.50000000000011 4894.9166666666679 1310.3779125486674 25.075000000000006 84.950000000000031 -0.96689237009891416 60.350000000000001 5.5000000000000009 995.5100000000001 1.0999999999999825 0.99761913169647187 623.35000000000014 2.1500000000000026
decision_type=2 2 2 2 2 2 2 2 2 2 2 2 2
left_child=7 2 3 -2 6 -6 -4 8 9 10 -1 -9 -13
right_child=1 -3 4 -5 5 -7 -8 11 -10 -11 -12 12 -14
leaf_value=-1.7035762990328629 3.3203030190874596 7.3813379783989319 -0.12270161088488425 -0.80435154469216819 0.56095429119203344 -0.72320810950104264 0.34509341215789419 -0.55465082674031718 0.18716150775813561 -0.26614243573485552 -0.34209705542457969 0.60082004189137672 -0.24561698309315846
leaf_weight=950 54 67 12635 50 265 676 844 50 71 98 67 50 50
leaf_count=950 54 67 12635 50 265 676 844 50 71 98 67 50 50
internal_value=-0.000288549 -0.00015954 -0.000177419 0.00202857 -0.000196589 -0.000942676 -0.000141099 -0.00166268 -0.00187279 -0.00204301 -0.00221611 0 0.000742574
internal_weight=15927 14591 14524 104 14420 941 13479 1336 1186 1115 1017 150 100
internal_count=15927 14591 14524 104 14420 941 13479 1336 1186 1115 1017 150 100
is_linear=0
shrinkage=0.03


Tree=251
num_leaves=17
num_cat=0
split_feature=22 7 22 20 27 21 29 12 15 7 23 11 14 18 20 11
split_gain=3.08046 0.749006 1.65336 0.779948 1.58449 1.19396 1.12003 1.00032 0.791047 0.548796 0.547882 0.513622 0.369874 0.331945 0.17696 0.101574
threshold=750.50000000000011 5.5000000000000009 1645.5000000000002 22.496428571428577 22.125000000000004 1600.5000000000002 20.975000000000005 1485.5333333333335 0.59003219687534991 153.50000000000003 995.5100000000001 162.66017746619826 0.99761913169647187 1.9000000000000021 22.300000000000001 51.466586479104556
decision_type=2 2 2 2 2 2 2 2 2 2 2 2 2 2 2 2
left_child=9 2 -2 6 5 -5 7 -3 -6 10 12 -8 13 -1 -4 -11
right_child=1 3 14 4 8 -7 11 -9 -10 15 -12 -13 -14 -15 -16 -17
leaf_value=-1.5684918107185797 2.8528049700648941 -2.0621894599812811 1.1391613503015621 2.1362419224015166 -0.09676822986473399 0.78613905055465683 -2.5505544338181991 0.29124386774836597 0.39594286350708119 0.50780240592773929 0.18154666252538904 -1.0274017609545465 -0.33183414376184245 -0.05582342277015627 -1.1710087272405545 -0.52645817009095563
leaf_weight=1006 80 194 50 115 9475 306 534 1221 1421 54 71 1105 67 60 90 78
leaf_count=1006 80 194 50 115 9475 306 534 1221 1421 54 71 1105 67 60 90 78
internal_value=-0.000281015 -0.000151317 0.00156109 -0.000180769 -6.14957e-05 0.0017346 -0.000607857 0 -0.000135176 -0.00166268 -0.00186473 -0.00114146 -0.00203175 -0.00216776 -0.000106384 0
internal_weight=15927 14591 220 14371 11317 421 3054 1415 10896 1336 1204 1639 1133 1066 140 132
internal_count=15927 14591 220 14371 11317 421 3054 1415 10896 1336 1204 1639 1133 1066 140 132
is_linear=0
shrinkage=0.03


Tree=252
num_leaves=17
num_cat=1
split_feature=22 7 22 17 22 13 0 7 16 15 7 23 31 14 29 11
split_gain=3.09778 0.633832 1.43192 0.860552 0.97186 0.939155 0.853072 0.93841 0.670175 0.6444 0.548796 0.547882 0.37402 0.432646 0.17696 0.101574
threshold=750.50000000000011 5.5000000000000009 1645.5000000000002 0.90893208180343155 1027.5000000000002 1510.0963142378744 0 21.500000000000004 0.074116354202380205 -0.7614016681079937 153.50000000000003 995.5100000000001 1.0999999999999825 0.99761913169647187 21.625000000000004 51.466586479104556
decision_type=2 2 2 2 2 2 9 2 2 2 2 2 2 2 2 2
left_child=10 2 -2 6 5 -5 7 -3 -6 -8 11 12 13 -1 -4 -12
right_child=1 3 14 4 8 -7 9 -9 -10 -11 15 -13 -14 -15 -16 -17
leaf_value=-1.6000462843105692 2.7672208209629479 1.237041830248935 1.1049865097925173 -0.32979072375807966 -0.32860690318522273 1.7768370699569682 0.34049416901835822 -0.23034790756417006 -1.0959101753003704 0.011290288165759296 0.49256833374990849 0.17610026264962983 -0.24591237500473109 -0.32187911944898684 -1.1358784654233363 -0.5106644249882285
leaf_weight=968 80 155 50 70 1183 63 1197 6022 763 4918 54 71 98 67 90 78
leaf_count=968 80 155 50 70 1183 63 1197 6022 763 4918 54 71 98 67 90 78
internal_value=-0.000277248 -0.000147205 0.00142534 -0.000174507 -0.000741347 0.00161194 -7.49214e-05 -0.000325793 -0.000926041 0.0001714 -0.00166268 -0.00186473 -0.00203175 -0.00220077 -0.000106384 0
internal_weight=15927 14591 220 14371 2079 133 12292 6177 1946 6115 1336 1204 1133 1035 140 132
internal_count=15927 14591 220 14371 2079 133 12292 6177 1946 6115 1336 1204 1133 1035 140 132
cat_boundaries=0 1
cat_threshold=50394
is_linear=0
shrinkage=0.03


Tree=253
num_leaves=20
num_cat=1
split_feature=22 7 22 17 20 12 7 25 20 33 32 0 12 11 31 32 20 7 11
split_gain=3.13255 0.626568 1.43192 0.925868 2.4092 2.48529 1.10006 2.53249 1.15728 0.705371 0.564548 0.48515 0.393894 0.338971 0.311217 0.208259 0.17696 0.167181 0.102416
threshold=750.50000000000011 5.5000000000000009 1645.5000000000002 0.86113879051459274 26.38214285714286 1229.616666666667 21.500000000000004 21.575000000000006 22.496428571428577 3.7050000000000005 1.4500000000000004 0 838.81666666666672 100.00000000000377 6.0000000000000133 2.4499999999999971 22.300000000000001 151.50000000000003 170.43362064931426
decision_type=2 2 2 2 2 2 2 2 2 2 2 9 2 2 2 2 2 2 2
left_child=10 2 -2 6 9 -6 7 -3 -8 -5 11 -1 14 -14 15 -12 -4 -13 -15
right_child=1 3 16 4 5 -7 8 -9 -10 -11 12 17 13 18 -16 -17 -18 -19 -20
leaf_value=-0.26477254012217183 2.6842041963340622 -0.18540461946555534 1.0718369144987416 -0.36304523623766433 0.064281415329349376 4.4886868046559947 -0.97036290799726621 4.8937227896827933 0.0087096833424109635 -1.9835352962800856 -0.30131411295446581 -1.8138514302605642 0.38898357471057998 -1.1891585019543209 0.52126641745242708 -1.4080788806611824 -1.1018021114606371 -0.16575415289669096 0.99607302211916016
leaf_weight=106 80 166 50 1465 170 67 1758 73 9883 789 51 647 69 66 55 238 90 53 51
leaf_count=106 80 166 50 1465 170 67 1758 73 9883 789 51 647 69 66 55 238 90 53 51
internal_value=-0.000269714 -0.000138981 0.00142534 -0.000166157 -0.00069342 0.00211765 -5.1764e-05 0.00195 -9.68913e-05 -0.00100976 -0.00166268 -0.00219703 -0.000762713 0.000144384 -0.00138261 -0.0018 -0.000106384 -0.00246836 -0.000559323
internal_weight=15927 14591 220 14371 2491 237 11880 239 11641 2254 1336 806 530 186 344 289 140 700 117
internal_count=15927 14591 220 14371 2491 237 11880 239 11641 2254 1336 806 530 186 344 289 140 700 117
cat_boundaries=0 1
cat_threshold=1064978
is_linear=0
shrinkage=0.03


Tree=254
num_leaves=20
num_cat=3
split_feature=22 0 19 16 16 27 12 15 0 31 11 10 7 23 31 31 5 32 0
split_gain=3.06619 0.60717 0.846206 0.617801 1.19051 1.35768 1.19245 0.844674 0.910858 0.748163 0.559282 0.600521 0.535408 0.5368 0.527389 1.45518 0.993928 0.424081 0.427952
threshold=750.50000000000011 0 0.2499999999999965 -0.36547639117285574 0.84313847884979054 24.075000000000006 2502.9166666666674 -0.89404254237865755 1 1.500000000000002 64.545111412896219 1357.214285714286 153.50000000000003 995.5100000000001 0.099999999999982256 0.19999999999998672 1.5000000000000002 1.4500000000000004 2
decision_type=2 9 2 2 2 2 2 2 9 2 2 2 2 2 2 2 2 2 9
left_child=12 2 10 7 5 -5 -6 8 -3 -9 -2 -12 13 17 16 -16 -4 -1 -19
right_child=1 3 14 4 6 -7 -8 9 -10 -11 11 -13 -14 -15 15 -17 -18 18 -20
leaf_value=-1.6639750822774659 -0.54243217582343317 -0.50680150958873871 0.011158410741350518 0.19747113284734896 0.013879288308701903 -0.68087806047866939 1.8113100071175969 0.34420125057520273 1.6337505575587365 -0.27428414182191285 0.36903511231552155 0.053783171579265189 -0.02032350849904669 0.17876048821675028 2.0127862481859138 -0.14173501068356995 -1.3159641906024153 0.24233168401700761 -0.97332209655183433
leaf_weight=733 212 111 622 1330 997 1930 292 1671 228 919 347 657 132 71 84 3889 1302 114 286
leaf_count=733 212 111 622 1330 997 1930 292 1671 228 919 347 657 132 71 84 3889 1302 114 286
internal_value=-0.000262181 -0.000132813 -0.000331837 5.08739e-05 -0.00016088 -0.000473782 0.000595348 0.000395221 0.00181765 0.000191045 0.000367296 0.000689552 -0.00164024 -0.00183983 -0.000484233 -0.000270257 -0.000902338 -0.00200529 -0.00100998
internal_weight=15927 14591 7113 7478 4549 3260 1289 2929 339 2590 1216 1004 1336 1204 5897 3973 1924 1133 400
internal_count=15927 14591 7113 7478 4549 3260 1289 2929 339 2590 1216 1004 1336 1204 5897 3973 1924 1133 400
cat_boundaries=0 1 2 3
cat_threshold=2149576 1048613 41008
is_linear=0
shrinkage=0.03


Tree=255
num_leaves=20
num_cat=1
split_feature=22 0 5 33 7 20 21 33 22 22 21 23 21 7 27 20 27 7 27
split_gain=3.68561 0.834262 0.838345 0.703112 1.45076 1.76399 0.820489 0.69257 0.975199 0.916765 0.630969 0.742438 0.604048 0.4522 0.443522 0.404113 0.875093 0.359466 0.338061
threshold=775.50000000000011 0 1.0000000180025095e-35 3.4650000000000003 210.50000000000003 24.367857142857151 1042.0350000000001 4.2350000000000012 927.50000000000011 900.50000000000011 773.00000000000011 852.84000000000003 852.84000000000003 143.50000000000003 23.175000000000004 23.225000000000005 24.725000000000005 32.500000000000007 24.925000000000008
decision_type=2 9 2 2 2 2 2 2 2 2 2 2 2 2 2 2 2 2 2
left_child=10 2 14 4 6 -6 -3 9 -9 -5 11 -1 13 -12 -2 17 -17 -4 -16
right_child=1 3 15 7 5 -7 -8 8 -10 -11 12 -13 -14 -15 18 16 -18 -19 -20
leaf_value=-1.6209138399468779 0.79233439246242487 0.67458446363417768 -0.37584645781209675 1.0161308848924557 1.0385141546430863 -0.33543675807185286 -0.28299411100080446 -0.88296827279778722 0.074698195395727876 -0.55596821455983114 -0.50045871555623334 0.36164237999112031 -0.81003714617966016 1.3219361629643138 -0.47244887953733972 0.18366799766676925 -0.505775824385303 -1.8571303887457615 0.27318651376251551
leaf_weight=1014 237 80 255 63 1363 471 1028 587 4154 2408 150 50 186 53 238 1014 1579 785 333
leaf_count=1014 237 80 255 63 1363 471 1028 587 4154 2408 150 50 186 53 238 1014 1579 785 333
internal_value=-0.000245437 -9.86579e-05 -0.000442049 4.75153e-05 0.000441386 0.000966212 -0.000386836 -0.000106891 9.74265e-05 -0.000516991 -0.00168776 -0.00208169 -0.000492308 0.000470588 0.000396785 -0.000642268 -0.000414033 -0.00116715 0
internal_weight=16048 14595 4441 10154 2942 1834 1108 7212 4741 2471 1453 1064 389 203 808 3633 2593 1040 571
internal_count=16048 14595 4441 10154 2942 1834 1108 7212 4741 2471 1453 1064 389 203 808 3633 2593 1040 571
cat_boundaries=0 1
cat_threshold=2130096
is_linear=0
shrinkage=0.03


Tree=256
num_leaves=20
num_cat=1
split_feature=22 0 5 33 7 14 32 33 22 22 13 7 31 19 16 19 11 21 18
split_gain=3.64284 0.771301 0.843873 0.719659 1.1329 1.11114 0.808448 0.578648 0.86738 0.835069 0.486176 0.616111 0.460649 0.871284 0.443983 0.42422 0.64807 0.505322 0.286625
threshold=757.50000000000011 0 1.0000000180025095e-35 3.2950000000000004 350.50000000000006 -0.32614396506100213 2.4499999999999971 4.2350000000000012 900.50000000000011 927.50000000000011 1804.667441545545 153.50000000000003 1.1000000000000056 2.2499999999999933 0.3744682635859638 0.19999999999999471 57.688201256756301 1651.5000000000002 1.9000000000000021
decision_type=2 9 2 2 2 2 2 2 2 2 2 2 2 2 2 2 2 2 2
left_child=10 2 12 4 5 -3 -6 8 -5 -9 11 18 13 -2 -14 16 -4 -17 -1
right_child=1 3 15 7 6 -7 -8 9 -10 -11 -12 -13 14 -15 -16 17 -18 -19 -20
leaf_value=-1.529298846229588 -0.29612679393628233 0.49691727968157484 -1.0053946289918758 1.3088806326287721 -2.2728142695690061 -0.33939741627939379 2.6127493210194284 -0.85744021342896171 -0.45134987752680783 0.072457249533855669 -0.012976428068465442 -0.078611935277773062 0.20321055155817155 1.6194526605669202 -1.1066554104462294 -0.69959715208563922 0.30670167963939754 -0.22348949908426585 -0.14148991669881261
leaf_weight=1010 240 1522 90 78 69 907 129 628 2710 4154 158 144 222 196 157 1495 453 1621 65
leaf_count=1010 240 1522 90 78 69 907 129 628 2710 4154 158 144 222 196 157 1495 453 1621 65
internal_value=-0.000247306 -0.000105508 -0.000434114 3.4678e-05 0.000465753 0.000266666 0.00266834 -0.000108969 -0.000455003 8.34197e-05 -0.00172424 -0.00192787 0.000404411 0.00109153 -0.000268422 -0.000634427 6.61758e-05 -0.000770934 -0.00217472
internal_weight=16048 14671 4474 10197 2627 2429 198 7570 2788 4782 1377 1219 815 436 379 3659 543 3116 1075
internal_count=16048 14671 4474 10197 2627 2429 198 7570 2788 4782 1377 1219 815 436 379 3659 543 3116 1075
cat_boundaries=0 1
cat_threshold=2130096
is_linear=0
shrinkage=0.03


Tree=257
num_leaves=17
num_cat=0
split_feature=22 16 11 33 10 33 19 14 18 7 11 21 14 11 27 16
split_gain=3.45778 0.616923 0.609803 0.556036 1.04613 0.972822 0.540012 1.14009 0.795177 0.533525 0.495931 0.317604 0.390078 0.314173 0.211747 0.060318
threshold=757.50000000000011 -0.998663445439673 69.863813100712775 7.2250000000000005 1465.9285714285718 5.4450000000000012 176.15000000000003 -0.33425342068356556 60.350000000000001 151.50000000000003 188.98223650460463 750.50000000000011 0.9962888416657264 51.466586479104556 30.325000000000006 -0.9998468409516591
decision_type=2 2 2 2 2 2 2 2 2 2 2 2 2 2 2 2
left_child=9 15 6 5 -5 -4 7 -3 -8 10 11 12 -1 -11 -13 -2
right_child=1 2 3 4 -6 -7 8 -9 -10 13 -12 14 -14 -15 -16 -17
leaf_value=-1.6745260207265686 -1.1164012349652022 0.58591703122565808 0.074043861384679804 0.32003201763495881 -1.7402898608021029 -0.45577581026260378 -1.2311141293313996 -0.19866240946460459 -0.049941172586969063 0.87333594314352536 0.35987437439853326 -0.34980407338437652 -0.22803039382903376 -0.73563446878117511 -0.93067927512317583 -2.0377388973057213
leaf_weight=815 80 201 8278 625 107 1932 449 2104 742 71 63 203 61 93 71 153
leaf_count=815 80 201 8278 625 107 1932 449 2104 742 71 63 203 61 93 71 153
internal_value=-0.000241698 -0.000103463 -7.54215e-05 3.0978e-05 0.000830831 -2.20358e-05 -0.000421219 -0.000130096 -0.000946309 -0.0016807 -0.00189786 -0.00204605 -0.00236374 0 -0.000861819 -0.00164103
internal_weight=16048 14671 14438 10942 732 10210 3496 2305 1191 1377 1213 1150 876 164 274 233
internal_count=16048 14671 14438 10942 732 10210 3496 2305 1191 1377 1213 1150 876 164 274 233
is_linear=0
shrinkage=0.03


Tree=258
num_leaves=20
num_cat=0
split_feature=21 22 31 14 33 27 31 11 33 17 6 14 11 11 14 7 22 27 17
split_gain=3.29114 1.43257 0.598538 1.12664 0.949316 1.42501 1.65194 1.36036 1.03732 2.08272 0.939811 0.699517 0.367384 0.333137 0.248641 0.221324 0.398183 0.31755 0.176914
threshold=750.50000000000011 927.50000000000011 84.950000000000031 -0.99763297024448894 3.4650000000000003 24.225000000000005 14.850000000000012 297.86142510809742 4.2350000000000012 0.9899370942838045 9.5000000000000018 0.19337368024598436 169.18959409619231 177.78397800468125 0.99818282439137029 258.50000000000006 1749.7900000000002 22.875000000000004 0.60383265664488517
decision_type=2 2 2 2 2 2 2 2 2 2 2 2 2 2 2 2 2 2 2
left_child=1 12 4 10 5 6 -2 -7 11 -10 -4 -6 14 -3 18 17 -17 -5 -1
right_child=2 13 3 15 8 7 -8 -9 9 -11 -12 -13 -14 -15 -16 16 -18 -19 -20
leaf_value=-1.5336813506500935 0.11185298135726451 0.1930573039113658 -0.38640129380762028 0.078940741052822755 -1.0106379750461141 -0.3029353285432651 0.72312101442850174 2.3091647585473192 -0.0067993700881555904 1.6439182320513717 5.0673031792565437 0.29356707777054575 -0.013420262779717786 -0.2826366991132912 -1.0004629035367305 0.29418013841633761 -6.6364731916151909 -0.65950054187021756 -0.33640755308285519
leaf_weight=1037 1086 50 91 70 2823 1265 850 204 6890 51 52 550 64 53 50 117 60 592 93
leaf_count=1037 1086 50 91 70 2823 1265 850 204 6890 51 52 550 64 53 50 117 60 592 93
internal_value=-0.000230482 -0.00165134 -9.71304e-05 -0.000814853 -4.24205e-05 0.000387551 0.000927723 -0.000293878 -0.000188755 1.46925e-05 0.0015 -0.000620629 -0.0019494 0.0015 -0.00207028 -0.00126429 -3.37086e-05 -0.00152489 -0.0021618
internal_weight=16048 1347 14701 982 13719 3405 1936 1469 10314 6941 143 3373 1244 103 1180 839 177 662 1130
internal_count=16048 1347 14701 982 13719 3405 1936 1469 10314 6941 143 3373 1244 103 1180 839 177 662 1130
is_linear=0
shrinkage=0.03


Tree=259
num_leaves=20
num_cat=1
split_feature=21 22 0 31 31 26 20 27 29 29 14 16 29 13 10 10 11 13 14
split_gain=3.24106 1.19483 0.881695 0.431186 0.611382 0.709233 0.599424 1.29115 0.782708 0.427289 0.957338 0.624102 0.609673 1.40601 0.543692 0.542897 0.35144 0.279141 0.236587
threshold=750.50000000000011 927.50000000000011 0 1.2000000000000262 14.600000000000017 4.7500000000000009 22.610714285714288 25.225000000000005 21.025000000000002 27.675000000000004 0.9193901325473397 -0.97717844506743556 28.875000000000004 1597.2374436230687 880.78571428571433 1364.3571428571429 169.18959409619231 1991.1289855072466 0.99818282439137029
decision_type=2 2 9 2 2 2 2 2 2 2 2 2 2 2 2 2 2 2 2
left_child=1 16 3 6 17 -6 8 -8 -2 10 11 -4 13 -11 -14 -12 18 -5 -1
right_child=2 -3 9 4 5 -7 7 -9 -10 12 15 -13 14 -15 -16 -17 -18 -19 -20
leaf_value=-1.3674732214548868 0.11898505689595147 0.14833784625500976 -1.8295516620145069 -1.092742045083263 0.12304566762159722 -0.43171115737930815 0.95303209588674764 -0.36498252394237768 -2.4956447717644963 1.4908537165596674 -0.32067810687075538 0.081428714491864937 -1.0534116979447077 0.040096522431382467 0.12476617745574263 -1.9099385127635462 -0.013017654896326832 0.093978888100666264 -0.97044901643062986
leaf_weight=1130 468 103 346 683 920 819 580 1068 545 105 462 6808 278 380 914 268 64 57 50
leaf_count=1130 468 103 346 683 920 819 580 1068 545 105 462 6808 278 380 914 268 64 57 50
internal_value=-0.000219267 -0.00162908 -8.69277e-05 -0.000404776 -0.000694356 -0.000351725 -0.00011946 0.000212856 -0.000704143 7.96065e-05 -7.22963e-06 9.26618e-05 0.000514898 0.00141975 0.00010813 -0.00104651 -0.00190121 -0.00143725 -0.00201948
internal_weight=16048 1347 14701 5140 2479 1739 2661 1648 1013 9561 7884 7154 1677 485 1192 730 1244 740 1180
internal_count=16048 1347 14701 5140 2479 1739 2661 1648 1013 9561 7884 7154 1677 485 1192 730 1244 740 1180
cat_boundaries=0 1
cat_threshold=2654384
is_linear=0
shrinkage=0.03


Tree=260
num_leaves=20
num_cat=2
split_feature=10 22 18 18 10 18 7 0 17 13 33 0 29 16 33 17 25 13 13
split_gain=3.06836 0.713556 1.07431 2.08212 1.48066 1.05604 1.46036 0.842899 0.729572 1.25737 0.784979 0.721715 0.705029 0.554566 0.39223 0.372056 0.286609 0.163139 0.0407048
threshold=692.92857142857156 950.50000000000011 1.500000000000002 0.80000000000001525 1357.214285714286 12.400000000000006 298.50000000000006 0 0.22281834724267766 1563.7003370446951 3.7550000000000003 1 27.775000000000002 -0.59263320653766849 4.3450000000000006 0.93158198870884079 24.625000000000004 1591.0249562597203 1616.7650299954482
decision_type=2 2 2 2 2 2 2 9 2 2 2 9 2 2 2 2 2 2 2
left_child=16 8 3 4 -3 13 -7 -5 11 15 -11 12 -2 -4 -13 -10 -1 -18 -19
right_child=1 2 5 7 -6 6 -8 -9 9 10 -12 14 -14 -15 -16 -17 17 18 -20
leaf_value=-0.90907755580418659 -1.199402633281484 0.25400005664939246 -0.28327375392645482 0.017285164541273212 -0.15093792442071197 -0.093525005214695298 3.2294367910563615 2.7378813359743761 -1.3707690736011313 -0.62850542003106746 1.3809199805257097 0.24610850015155433 0.15257166306537967 -1.4099516936510512 -1.0892448239509773 0.16909391496596535 -1.8589348987038055 -0.85206729517217461 -0.57415770179858006
leaf_weight=64 355 1581 696 100 4774 4812 334 246 210 68 208 68 394 719 659 79 541 51 74
leaf_count=64 355 1581 696 100 4774 4812 334 246 210 68 208 68 394 719 659 79 541 51 74
internal_value=-0.000211052 -0.000117225 -3.32511e-05 0.00023008 9.91182e-05 -0.000309053 -9.96704e-05 0.00249856 -0.000640549 0.000212013 0.00172202 -0.000997293 -0.000252632 -0.00103814 -0.0016748 -0.00107586 -0.00211354 -0.00229835 -0.000714286
internal_weight=16033 15303 13262 6701 6355 6561 5146 346 2041 565 276 1476 749 1415 727 289 730 666 125
internal_count=16033 15303 13262 6701 6355 6561 5146 346 2041 565 276 1476 749 1415 727 289 730 666 125
cat_boundaries=0 1 2
cat_threshold=99331 3163345
is_linear=0
shrinkage=0.03


Tree=261
num_leaves=19
num_cat=1
split_feature=10 11 0 25 27 18 33 33 33 21 10 7 10 26 17 10 20 7
split_gain=2.8403 0.958084 0.963708 0.706037 2.32724 4.47625 1.59423 2.26646 0.958924 0.867986 0.461957 0.517635 0.429596 0.789362 0.436333 0.339205 0.0531804 0.0327359
threshold=657.21428571428589 71.551346723247917 0 25.875000000000004 25.575000000000006 1.0000000180025095e-35 5.4450000000000012 5.3050000000000006 6.4150000000000009 1510.5000000000002 2002.4285714285718 216.50000000000003 1150.0714285714287 5.5500000000000007 0.25621945237235993 2157.0000000000005 25.325000000000006 60.500000000000007
decision_type=2 2 9 2 2 2 2 2 2 2 2 2 2 2 2 2 2 2
left_child=16 2 12 6 5 -5 7 -3 -8 -6 11 -4 14 -14 -2 -12 17 -1
right_child=1 3 10 4 9 -7 8 -9 -10 -11 15 -13 13 -15 -16 -17 -18 -19
leaf_value=-1.8215530886924935 -0.78070125058493334 -0.05246581053356765 -0.36861249425283715 3.7092828139028402 0.12650388158753631 0.027908861140287216 -2.2281706982843761 2.472551988509363 0.95630005131575968 -0.62235631084941667 0.87683388501663151 -1.1261318282084416 0.60723787343106195 -0.39094280680820448 0.28260027303245122 -0.061860036737035183 -1.85069329876277 -0.31202842573709827
leaf_weight=50 360 7577 1991 77 2042 141 640 54 70 803 53 572 423 180 184 326 434 56
leaf_count=50 360 7577 1991 77 2042 141 640 54 70 803 53 572 423 180 184 326 434 56
internal_value=-0.000214794 -0.000137086 -0.000531052 2.62327e-07 0.000393602 0.00338356 -0.000138816 -6.29002e-06 -0.00149789 0.000147575 -0.000819845 -0.000968799 0.000176165 0.000754966 -0.000379817 4.73677e-05 -0.00235675 -0.00086916
internal_weight=16033 15493 4089 11404 3063 218 8341 7631 710 2845 2942 2563 1147 603 544 379 540 106
internal_count=16033 15493 4089 11404 3063 218 8341 7631 710 2845 2942 2563 1147 603 544 379 540 106
cat_boundaries=0 1
cat_threshold=1844292
is_linear=0
shrinkage=0.03


Tree=262
num_leaves=18
num_cat=1
split_feature=10 11 0 28 27 31 33 33 22 33 20 15 14 14 11 20 7
split_gain=2.84549 0.967263 0.940036 0.661988 1.93047 2.21892 1.41817 2.26646 1.05047 0.906527 0.496948 1.32796 0.476961 0.60237 0.10052 0.0531804 0.0327359
threshold=657.21428571428589 71.551346723247917 0 25.875000000000004 25.575000000000006 1.0000000180025095e-35 5.4450000000000012 5.3050000000000006 1400.5000000000002 6.4150000000000009 22.496428571428577 0.40418040343369133 -0.97113884758256674 -0.59176244063315286 58.494606371500957 25.325000000000006 60.500000000000007
decision_type=2 2 9 2 2 2 2 2 2 2 2 2 2 2 2 2 2
left_child=15 2 10 6 5 -5 7 -3 -6 -8 14 -12 -4 -14 -2 16 -1
right_child=1 3 12 4 8 -7 9 -9 -10 -11 11 -13 13 -15 -16 -17 -18
leaf_value=-1.7669064960317205 -1.9395572853149394 -0.050891836217556531 1.0277349977036172 3.0803017062577953 0.14764918754407469 0.46428044434929688 -2.1613255773358433 2.3983754288540813 -0.40586110722065033 0.92761104977628583 -0.058944605648610489 6.8105731472760365 -1.1465169976411882 -0.32613126928399244 -0.81948537640627894 -1.7951724997998881 -0.30266757296498409
leaf_weight=50 86 7577 67 77 1859 141 640 54 986 70 1619 139 368 1760 50 434 56
leaf_count=50 86 7577 67 77 1859 141 640 54 986 70 1619 139 368 1760 50 434 56
internal_value=-0.000212923 -0.00013515 -0.000531052 2.89275e-06 0.000383811 0.00310959 -0.000131624 -6.29002e-06 0.000158116 -0.0014135 -1.41739e-05 9.72136e-05 -0.00095195 -0.00104697 -0.00177372 -0.00235675 -0.00086916
internal_weight=16033 15493 4089 11404 3063 218 8341 7631 2845 710 1894 1758 2195 2128 136 540 106
internal_count=16033 15493 4089 11404 3063 218 8341 7631 2845 710 1894 1758 2195 2128 136 540 106
cat_boundaries=0 1
cat_threshold=1860700
is_linear=0
shrinkage=0.03


Tree=263
num_leaves=18
num_cat=1
split_feature=12 11 0 24 29 18 23 15 32 29 10 10 20 27 32 23 33
split_gain=2.63843 0.696182 0.852099 0.736527 0.659232 0.644079 0.619918 0.6002 0.532079 0.51653 1.8952 1.1529 1.04916 0.725405 0.513896 0.280243 0.068443
threshold=688.50000000000011 71.551346723247917 0 1976.9000000000003 23.375000000000004 6.6499999999999906 2211.5000000000005 0.097680735332368748 313.25000000000006 27.475000000000005 1071.7857142857144 1357.214285714286 30.946428571428573 24.175000000000004 6.3499999999999979 1140.1950000000004 3.7650000000000001
decision_type=2 2 9 2 2 2 2 2 2 2 2 2 2 2 2 2 2
left_child=5 2 4 8 16 -1 -5 -6 -4 10 14 -12 13 -11 -3 -14 -2
right_child=1 9 3 6 7 -7 -8 -9 -10 12 11 -13 15 -15 -16 -17 -18
leaf_value=-1.7566925635600035 -0.41259422964001286 -1.5459118891623511 -0.36308016363516321 0.70713870930509137 0.13003627902152468 0.088403957200218874 -0.079253170422324701 3.5799540588753396 -1.1188375767849028 1.7850529978375609 0.3868304146989574 -0.0739913669969295 -1.3109782118731703 0.18686237119178925 -0.41211983650694667 -0.082911395276185296 -2.6998527540132433
leaf_weight=517 50 443 2565 123 568 65 305 71 261 56 1147 7552 125 1658 365 97 65
leaf_count=517 50 443 2565 123 568 65 305 71 261 56 1147 7552 125 1658 365 97 65
internal_value=-0.000211052 -0.000133187 -0.000473685 -0.000688209 0.000396078 -0.00219726 0.000398601 0.000824999 -0.000871242 -9.96227e-06 -0.000104755 1.93096e-05 0.000432111 0.000701457 -0.00149444 -0.00143946 -0.00155172
internal_weight=16033 15451 4008 3254 754 582 428 639 2826 11443 9507 8699 1936 1714 808 222 115
internal_count=16033 15451 4008 3254 754 582 428 639 2826 11443 9507 8699 1936 1714 808 222 115
cat_boundaries=0 1
cat_threshold=794692
is_linear=0
shrinkage=0.03


Tree=264
num_leaves=18
num_cat=1
split_feature=10 11 0 12 25 27 18 33 33 18 22 29 15 14 11 15 11
split_gain=2.56185 0.787494 0.832892 0.630711 0.60636 2.17893 2.6008 1.3973 2.27495 0.968818 0.873458 0.588601 0.817468 0.572723 0.470286 0.16204 0.0659726
threshold=657.21428571428589 71.551346723247917 0 1689.5166666666669 25.925000000000004 25.575000000000006 1.0000000180025095e-35 5.4450000000000012 5.3050000000000006 0.099999999999982256 1400.5000000000002 23.375000000000004 0.097680735332368748 -0.97113884758256674 49.39900712266266 0.8852232634113919 37.796447301213256
decision_type=2 2 9 2 2 2 2 2 2 2 2 2 2 2 2 2 2
left_child=16 2 11 13 7 6 -6 8 -3 -9 -7 15 -13 -4 -5 -2 -1
right_child=1 4 3 14 5 10 -8 9 -10 -11 -12 12 -14 -15 -16 -17 -18
leaf_value=-1.7475609983358742 -1.8738268827373812 -0.047444853500281131 1.1848730314732665 0.25426158512134284 3.517038734886484 0.134903411561696 0.21494399369166584 -2.3594806743099128 2.3286439069983706 0.9823967355033435 -0.39144231243415795 0.031063213587840994 1.8625580493479328 -0.55714622994979368 -0.2668296244776856 -0.094514084119632219 -1.5405790010275184
leaf_weight=77 96 7613 81 349 76 1854 123 610 54 100 974 799 107 2289 316 52 463
leaf_count=77 96 7613 81 349 76 1854 123 610 54 100 974 799 107 2289 316 52 463
internal_value=-0.000211052 -0.000137086 -0.000494377 -0.000748523 -4.99852e-06 0.000354689 0.00339 -0.000140368 -1.64326e-05 -0.0014135 0.000124071 0.000199999 0.000525909 -0.0009806 0 -0.0014698 -0.00224584
internal_weight=16033 15493 4089 3035 11404 3027 199 8377 7667 710 2828 1054 906 2370 665 148 540
internal_count=16033 15493 4089 3035 11404 3027 199 8377 7667 710 2828 1054 906 2370 665 148 540
cat_boundaries=0 1
cat_threshold=795716
is_linear=0
shrinkage=0.03


Tree=265
num_leaves=18
num_cat=3
split_feature=12 16 29 10 27 0 0 7 18 0 12 31 10 13 33 14 13
split_gain=2.85484 0.823337 1.01228 1.40817 1.23942 1.02036 0.794487 0.884486 0.759599 0.621331 0.385855 0.280017 0.368439 0.924808 0.197957 0.104972 0.0989984
threshold=810.08333333333348 -0.99629805505515945 27.475000000000005 1003.357142857143 24.825000000000006 0 1 139.50000000000003 139.65000000000006 2 3535.0833333333335 0.70000000000000184 801.07142857142867 1510.0963142378744 7.745000000000001 0.9962888416657264 1594.0949838152862
decision_type=2 2 2 2 2 9 9 2 2 9 2 2 2 2 2 2 2
left_child=6 10 3 9 -4 -6 7 16 -5 -3 -2 14 13 -13 15 -8 -1
right_child=1 2 4 8 5 -7 11 -9 -10 -11 -12 12 -14 -15 -16 -17 -18
leaf_value=-2.1468816027059754 -1.734966254840441 -0.033143821497471485 1.8693563643746254 -0.0029147126733878766 -0.23328921182539827 0.24272931246837517 -1.5288411390674415 1.1486288608143211 -1.2458623349680289 -1.5502636588703675 0.38419018108487107 -1.2299819866280701 -0.93365840103013498 1.5707473487114465 -0.77101120656471211 -0.86309906170174056 -0.48951344149786991
leaf_weight=73 267 251 53 10798 734 1753 597 74 170 487 80 163 146 55 93 76 79
leaf_count=73 267 251 53 10798 734 1753 597 74 170 487 80 163 146 55 93 76 79
internal_value=-0.00016627 -4.07024e-05 -2.31699e-06 -0.00012326 0.000537189 0.000419613 -0.00148342 0 -3.3641e-05 -0.00139242 -0.00148276 -0.00180105 -0.000895891 0 -0.00219426 -0.00239466 -0.00111765
internal_weight=15949 14593 14246 11706 2540 2487 1356 226 10968 738 347 1130 364 218 766 673 152
internal_count=15949 14593 14246 11706 2540 2487 1356 226 10968 738 347 1130 364 218 766 673 152
cat_boundaries=0 1 2 3
cat_threshold=178816 1067044 1648658
is_linear=0
shrinkage=0.03


Tree=266
num_leaves=20
num_cat=2
split_feature=12 29 33 33 0 25 25 12 0 7 7 32 31 13 25 29 32 32 13
split_gain=2.53015 0.764602 1.30622 1.85672 0.858014 0.7804 0.883892 0.754364 0.744255 0.805412 0.63058 0.69694 0.645197 0.571099 0.717048 0.636261 0.531496 0.389592 0.227705
threshold=810.08333333333348 27.375000000000004 5.4450000000000012 5.3050000000000006 0 25.925000000000004 26.375000000000004 1887.2000000000003 1 139.50000000000003 143.50000000000003 3.4499999999999971 0.20000000000000892 1699.1177311401023 30.575000000000003 28.425000000000004 5.6499999999999995 11.850000000000003 1725.3944585736563
decision_type=2 2 2 2 9 2 2 2 9 2 2 2 2 2 2 2 2 2 2
left_child=8 2 3 7 13 16 -7 -2 9 -1 12 -12 -6 15 -15 -3 -4 18 -10
right_child=1 4 5 -5 10 6 -8 -9 17 -11 11 -13 -14 14 -16 -17 -18 -19 -20
leaf_value=-1.1525581772379248 -0.24833962026861181 0.9617272778619872 -1.7112237322782413 2.2483560765757984 -0.019582096303562724 0.38050077469222288 -0.49963002730135198 0.12023185128399877 -1.4187721917772209 0.92725238334732929 1.2768719162666011 0.049344428140485133 -1.1039854993235341 0.28633330187638734 -0.60632646775929955 0.214271116690081 0.47739844773063494 -0.1918982311800376 -0.30620602815070658
leaf_weight=152 4934 91 724 65 669 182 757 5168 899 84 70 339 279 810 190 263 52 171 50
leaf_count=152 4934 91 724 65 669 182 757 5168 899 84 70 339 279 810 190 263 52 171 50
internal_value=-0.000154985 -3.65911e-05 -0.000143146 -9.4421e-06 0.000413716 -0.000909092 -0.000268086 -4.66205e-05 -0.00139499 0 -9.2106e-05 0.00084878 -0.000546892 0.000947252 0.000524475 0.00203662 -0.00162548 -0.00171088 -0.00197053
internal_weight=15949 14593 11882 10167 2711 1715 939 10102 1356 236 1357 409 948 1354 1000 354 776 1120 949
internal_count=15949 14593 11882 10167 2711 1715 939 10102 1356 236 1357 409 948 1354 1000 354 776 1120 949
cat_boundaries=0 1 2
cat_threshold=3425327 1067052
is_linear=0
shrinkage=0.03


Tree=267
num_leaves=20
num_cat=1
split_feature=22 13 14 13 20 13 21 25 13 0 20 23 20 20 15 14 22 21 22
split_gain=2.41285 1.17793 1.57613 1.08224 0.814207 1.78913 1.70746 1.61223 1.48721 1.44749 1.6131 1.08633 1.75328 1.05581 0.979467 1.06513 1.0347 0.915078 0.582162
threshold=852.84000000000003 1565.6386499342175 0.62587949062545845 1621.5895813339732 22.496428571428577 1708.5960591133007 2125.5700000000002 22.725000000000005 1692.2023619028571 0 26.38214285714286 1070.5000000000002 21.18928571428572 31.26071428571429 0.48877522411129348 -0.77245553105869302 1235.9300000000001 2676.0400000000004 1070.5000000000002
decision_type=2 2 2 2 2 2 2 2 2 9 2 2 2 2 2 2 2 2 2
left_child=1 -1 3 -3 5 11 7 -7 9 13 -11 12 -2 -6 16 -16 -10 -8 -13
right_child=4 2 -4 -5 8 6 17 -9 14 10 -12 18 -14 -15 15 -17 -18 -19 -20
leaf_value=-1.3054874141749977 1.2813885533876477 3.0380027747647946 -0.71303426793827696 0.026319060351616661 0.013516272284792416 0.39434634017605219 -2.5680486772193469 4.6194540072571524 0.09609530302118309 0.52621481759133015 1.9608824825495883 0.47379080459357381 -2.9274551083858587 2.0856319822139517 7.2324267648121454 0.086589707176076058 -0.42996353164155898 0.28365089286981554 -2.4664111173549905
leaf_weight=954 63 62 1043 92 3000 991 448 123 1526 1307 309 77 114 50 111 1350 3088 306 935
leaf_count=954 63 62 1043 92 3000 991 448 123 1526 1307 309 77 114 50 111 1350 3088 306 935
internal_value=-0.000147462 -0.00108179 -0.000405677 0.00234193 0 -0.000433617 0.000123595 0.000890582 0.000121206 0.000526462 0.001252 -0.00134622 0.000640449 0.000122508 -0.000182687 0.000480163 -0.000402384 -0.00094967 -0.0017384
internal_weight=15949 2151 1197 154 13798 3057 1868 1114 10741 4666 1616 1189 177 3050 6075 1461 4614 754 1012
internal_count=15949 2151 1197 154 13798 3057 1868 1114 10741 4666 1616 1189 177 3050 6075 1461 4614 754 1012
cat_boundaries=0 1
cat_threshold=2669764
is_linear=0
shrinkage=0.03


Tree=268
num_leaves=19
num_cat=0
split_feature=12 16 29 33 33 27 23 25 14 23 13 20 20 20 25 10 14 18
split_gain=2.51438 0.823337 0.705298 1.24581 1.51148 0.811591 0.735088 0.586422 0.550477 0.5125 0.460463 0.989507 0.409167 0.403868 0.31565 0.28168 0.0267887 0.0632896
threshold=810.08333333333348 -0.99629805505515945 27.375000000000004 5.4450000000000012 5.3050000000000006 25.175000000000008 995.5100000000001 30.225000000000005 0.64579916509010216 3784.2950000000005 1627.5269043872413 29.982142857142861 29.482142857142865 28.725000000000005 29.225000000000005 785.78571428571433 0.9962888416657264 1.8000000000000163
decision_type=2 2 2 2 2 2 2 2 2 2 2 2 2 2 2 2 2 2
left_child=8 9 3 4 -3 -4 -5 -7 12 -2 16 -12 13 15 -14 -1 17 -10
right_child=1 2 5 6 -6 7 -8 -9 10 -11 11 -13 14 -15 -16 -17 -18 -19
leaf_value=1.049709320004182 -1.684628718326199 -0.011125383724678582 0.91708896307282683 -1.4169673358767985 2.1791845876269735 0.21421284621681089 -0.33635940605374798 -0.20677290782012289 -1.6053983373992644 0.51665718671131444 1.1845818986117074 -1.4424093766682495 0.96821929884308788 -0.84445470627160113 -0.66302296488516765 -0.46204699526834747 -0.8274900141836099 -0.95010805124870812
leaf_weight=63 280 9876 81 407 65 1791 1305 721 524 67 62 115 50 163 91 124 82 82
leaf_count=63 280 9876 81 407 65 1791 1305 721 524 67 62 115 50 163 91 124 82 82
internal_value=-0.000158747 -4.07024e-05 -2.31699e-06 -0.000105029 1.93113e-05 0.000441788 -0.00085289 0.000325905 -0.00139499 -0.00148276 -0.00187067 -0.000202248 -0.000463415 -0.00106838 0.000718309 0 -0.00223367 -0.00237727
internal_weight=15949 14593 14246 11653 9941 2593 1712 2512 1356 347 865 177 491 350 141 187 688 606
internal_count=15949 14593 14246 11653 9941 2593 1712 2512 1356 347 865 177 491 350 141 187 688 606
is_linear=0
shrinkage=0.03


Tree=269
num_leaves=20
num_cat=1
split_feature=12 0 7 20 27 27 33 18 33 14 12 23 21 8 7 32 19 33 21
split_gain=2.50652 0.712017 0.884486 0.607972 1.41068 1.20059 1.63723 1.86043 0.956178 1.81018 1.40232 0.927692 0.690746 0.406658 0.363743 0.263543 0.327928 0.17019 0.151818
threshold=810.08333333333348 0 139.50000000000003 23.460714285714293 23.475000000000005 24.075000000000006 5.2000000000000011 16.699999999999999 3.8950000000000005 0.76696112484652035 2183.5166666666669 5300.5000000000009 2100.5000000000005 1.0000000180025095e-35 338.50000000000006 11.850000000000003 13.450000000000001 7.745000000000001 1510.5000000000002
decision_type=2 9 2 2 2 2 2 2 2 2 2 2 2 2 2 2 2 2 2
left_child=1 2 -1 4 11 6 7 -5 10 -10 -7 12 -2 14 -6 17 -17 -3 -8
right_child=3 15 -4 5 13 8 18 -9 9 -11 -12 -13 -14 -15 -16 16 -18 -19 -20
leaf_value=-1.0324322827993528 0.084100064925655249 -1.2863948088203276 1.0980735614553387 -0.89094033974246811 -2.0724740778573931 -0.65130026941714358 2.1138090745474289 0.45173743877070383 0.49070977398465765 -0.11893218353012004 0.1282697535927306 7.1538205689382712 -0.83859476195690041 0.14511885455984122 -0.41632248114327003 0.26054905240016835 -0.55876883042551784 -0.59375786518882334 1.5153240068039626
leaf_weight=152 2396 858 74 623 599 1689 55 1224 2381 3180 937 68 1146 70 145 52 119 101 80
leaf_count=152 2396 858 74 623 599 1689 55 1224 2381 3180 937 68 1146 70 145 52 119 101 80
internal_value=-0.000160628 -0.00139499 0 -4.2758e-05 -0.000338306 8.14152e-05 0.000745839 0.000483766 -7.40115e-05 0.000142394 -0.000549296 -7.06183e-05 -0.000149874 -0.00146871 -0.00168725 -0.00169588 -0.00027907 -0.00191875 0.00397059
internal_weight=15949 1356 226 14593 4424 10169 1982 1847 8187 5561 2626 3610 3542 814 744 1130 171 959 135
internal_count=15949 1356 226 14593 4424 10169 1982 1847 8187 5561 2626 3610 3542 814 744 1130 171 959 135
cat_boundaries=0 1
cat_threshold=1067044
is_linear=0
shrinkage=0.03


Tree=270
num_leaves=20
num_cat=0
split_feature=21 23 15 5 15 21 21 20 17 13 26 31 26 13 13 13 5 29 13
split_gain=1.90158 0.821055 1.26377 0.789589 1.42454 0.873161 1.55685 1.18432 0.927047 0.871123 0.771128 2.52678 1.42402 0.65508 0.378265 0.307336 0.232245 0.451347 0.225776
threshold=750.50000000000011 750.50000000000011 -0.85674049181790024 1.0000000180025095e-35 0.99855310097228334 2700.5000000000005 2900.5000000000005 25.296428571428578 0.67008729192674277 2733.5319148936173 1.0500000000000003 30.500000000000011 1.5500000000000003 1433.1301288602533 1574.6574801463721 1510.0963142378744 1.5000000000000002 29.125000000000004 1603.3517444548379
decision_type=2 2 2 2 2 2 2 2 2 2 2 2 2 2 2 2 2 2 2
left_child=1 2 -1 4 9 10 7 -7 -8 13 11 -5 -12 -2 -4 -3 17 -17 -16
right_child=3 15 14 5 -6 6 8 -9 -10 -11 12 -13 -14 -15 18 16 -18 -19 -20
leaf_value=0.25443221262911664 1.4040655334042866 -1.6224879127528495 -1.4770420990689561 -0.1251081701040537 3.7909521054397053 0.29836798619444344 0.1999672666894052 2.0654020021202997 -1.4765537768453019 3.7637778954958909 -1.9254902096059188 4.0325658173300827 -0.11617121857303016 0.010968670894883166 0.068186117479460046 -0.06514439236606652 -0.29737437188546612 1.2406449036737359 -0.5766487249735659
leaf_weight=92 128 79 581 6428 62 245 1779 68 216 64 461 155 2647 2368 77 64 166 52 259
leaf_count=92 128 79 581 6428 62 245 1779 68 216 64 461 155 2647 2368 77 64 166 52 259
internal_value=-0.000166209 -0.00123632 -0.00167525 -6.27828e-05 0.000403735 -0.000168501 0.000346903 0.0023121 1.50293e-05 0.000275282 -0.000295915 -0.000103889 -0.000688003 0.000167 -0.00203268 0 0.00045583 0.00151282 -0.000988131
internal_weight=15991 1370 1009 14621 2622 11999 2308 313 1995 2560 9691 6583 3108 2496 917 361 282 116 336
internal_count=15991 1370 1009 14621 2622 11999 2308 313 1995 2560 9691 6583 3108 2496 917 361 282 116 336
is_linear=0
shrinkage=0.03


Tree=271
num_leaves=17
num_cat=1
split_feature=12 14 10 16 16 15 10 19 15 25 31 31 13 13 11 0
split_gain=2.15453 0.908921 0.82264 0.76641 0.825509 2.366 1.62476 1.10053 1.08376 1.03699 0.565557 0.499787 0.473474 0.210054 0.145873 0.0735695
threshold=756.40000000000009 0.51297097409535064 717.21428571428589 -0.99629805505515945 -0.36547639117285574 -0.97315270831292444 2677.2142857142862 0.29999999999999788 -0.24372464231556024 24.725000000000005 0.90000000000001601 13.899999999999995 1852.1444193389532 1585.9682342950266 89.973541084230774 0
decision_type=2 2 2 2 2 2 2 2 2 2 2 2 2 2 2 9
left_child=1 2 -1 12 5 -5 8 -7 -6 -8 13 -4 15 -3 -15 -2
right_child=3 10 11 4 6 7 9 -9 -10 -11 -12 -13 -14 14 -16 -17
leaf_value=0.35758935421876381 -0.86113820237802619 -1.4246607006374152 -1.3560948543305376 3.5319418249620478 -0.48687036499719011 0.31206865322385424 0.5662845102456453 0.013542904668894993 -0.082157845877024904 -0.08398383973078484 0.53619154325463692 0.19181981934672607 0.3138796083915833 -1.3927734865129533 -0.079630582949606135 -2.4130104038696163
leaf_weight=86 102 500 105 55 2465 660 724 4529 5666 566 83 57 96 62 63 172
leaf_count=86 102 500 105 55 2465 660 724 4529 5666 566 83 57 96 62 63 172
internal_value=-0.000156829 -0.00153919 0 -6.58427e-05 -2.86384e-05 0.000269399 -0.000199321 0.000194219 -0.00036006 0.000778466 -0.00208604 -0.00123313 -0.0014151 -0.00239617 -0.000714286 -0.00206182
internal_weight=15991 956 248 15035 14665 5244 9421 5189 8131 1290 708 162 370 625 125 274
internal_count=15991 956 248 15035 14665 5244 9421 5189 8131 1290 708 162 370 625 125 274
cat_boundaries=0 1
cat_threshold=1059009
is_linear=0
shrinkage=0.03


Tree=272
num_leaves=19
num_cat=3
split_feature=12 7 16 16 10 0 32 7 7 25 31 13 0 25 11 13 20 0
split_gain=2.06336 0.922236 0.76641 0.7642 1.38525 1.28237 1.31681 0.991935 0.944624 0.891088 0.575791 0.473474 0.386409 0.590158 0.233524 0.104902 0.0978432 0.0735695
threshold=756.40000000000009 146.50000000000003 -0.99629805505515945 -0.36547639117285574 2677.2142857142862 0 180.45000000000002 107.50000000000001 21.500000000000004 24.725000000000005 1.9000000000000057 1852.1444193389532 1 29.075000000000006 134.0116375574662 1508.0870066769758 28.139285714285723 2
decision_type=2 2 2 2 2 9 2 2 2 2 2 2 9 2 2 2 2 9
left_child=1 10 11 5 8 7 -7 -4 -5 -6 14 17 -3 16 -1 -16 -14 -2
right_child=2 12 3 4 9 6 -8 -9 -10 -11 -12 -13 13 -15 15 -17 -18 -19
leaf_value=-1.4835754375558188 -0.83530405630668569 -1.0779757027326802 0.29775393791300425 0.4150527854561063 0.54929597493827664 0.57601514914133523 -1.1463255691561471 -0.17122781807436518 -0.28403296389018018 -0.081464324538855132 0.7435695826994877 0.30446322013983951 1.0062788500404971 0.3450235428510719 -0.74678668241026003 0.19831548030197957 -0.94930824537513159 -2.3406200917535278
leaf_weight=499 102 103 64 811 724 2775 334 2071 7320 566 52 96 50 67 51 50 84 172
leaf_count=499 102 103 64 811 724 2775 334 2071 7320 566 52 96 50 67 51 50 84 172
internal_value=-0.000154953 -0.00150784 -6.58427e-05 -2.86384e-05 -0.000192953 0.000257959 0.000649999 -0.00029357 -0.000341614 0.000708752 -0.00214548 -0.0014151 0 0.000622641 -0.00242097 -0.000470589 -0.000200001 -0.00206182
internal_weight=15991 956 15035 14665 9421 5244 3109 2135 8131 1290 652 370 304 201 600 101 134 274
internal_count=15991 956 15035 14665 9421 5244 3109 2135 8131 1290 652 370 304 201 600 101 134 274
cat_boundaries=0 1 2 3
cat_threshold=58412 558098 1059009
is_linear=0
shrinkage=0.03


Tree=273
num_leaves=19
num_cat=2
split_feature=12 14 16 31 18 16 16 14 22 30 31 13 0 10 31 11 13 0
split_gain=1.96253 1.02171 0.761456 0.787754 1.34604 1.92787 1.51217 0.89359 0.944929 0.932276 0.575791 0.473474 0.432635 0.651343 0.241156 0.233524 0.104902 0.0735695
threshold=756.40000000000009 0.58481550752069722 -0.99629805505515945 83.90000000000002 60.350000000000001 0.84660111278280559 0.66045618230038983 -0.96689237009891416 2650.5000000000005 6.2500000000000009 1.9000000000000057 1852.1444193389532 0 732.50000000000011 8.2000000000000153 134.0116375574662 1508.0870066769758 1
decision_type=2 2 2 2 2 2 2 2 2 2 2 2 9 2 2 2 2 9
left_child=1 12 11 4 6 -6 -4 9 -9 -5 15 17 -1 -14 -15 -3 -17 -2
right_child=2 10 3 7 5 -7 -8 8 -10 -11 -12 -13 13 14 -16 16 -18 -19
leaf_value=-1.0456364316506987 -0.8102449346174827 -1.4390681744291438 0.062074982959723198 1.1726413640805999 0.18481025693944073 1.2477074447264176 -0.41470121343706851 -1.2124100218655627 0.039011130055548786 -1.4851142936417656 0.72126249521850327 0.29532932353564273 0.35327775747649731 -2.2908269987328502 0.23630067067151631 -0.72438308193795131 0.19236601589292043 -2.2704014890009216
leaf_weight=103 102 499 9463 163 595 213 3397 490 226 118 52 96 98 53 50 51 50 172
leaf_count=103 102 499 9463 163 595 213 3397 490 226 118 52 96 98 53 50 51 50 172
internal_value=-0.000156829 -0.00147649 -6.98331e-05 -3.27295e-05 2.34831e-05 0.00121261 -4.78197e-05 -0.000847696 -0.00142678 0.000468084 -0.00214548 -0.0014151 0 0.00076415 -0.000519231 -0.00242097 -0.000470589 -0.00206182
internal_weight=15991 956 15035 14665 13668 808 12860 997 716 281 652 370 304 201 103 600 101 274
internal_count=15991 956 15035 14665 13668 808 12860 997 716 281 652 370 304 201 103 600 101 274
cat_boundaries=0 1 2
cat_threshold=558098 1059009
is_linear=0
shrinkage=0.03


Tree=274
num_leaves=16
num_cat=2
split_feature=10 5 15 0 12 24 12 0 16 29 16 16 7 28 27
split_gain=2.08616 0.889475 1.13428 1.06928 0.95351 0.731455 0.718802 1.38946 0.701606 0.551681 1.6034 1.26831 0.445121 0.244919 0.243287
threshold=657.21428571428589 1.0000000180025095e-35 0.99855310097228334 0 1229.616666666667 1210.5000000000002 1341.6500000000003 1 -0.62588817255938378 24.325000000000006 0.8277925332691819 -0.15207594512309344 150.50000000000003 25.275000000000002 24.925000000000008
decision_type=2 2 2 9 2 2 2 9 2 2 2 2 2 2 2
left_child=12 2 3 14 9 -5 7 -6 -8 11 -11 -3 13 -1 -2
right_child=1 4 -4 5 6 -7 8 -9 -10 10 -12 -13 -14 -15 -16
leaf_value=-0.66440246241849499 -0.83959697310915304 1.4254348261766365 3.665374444600352 0.46537957665152385 1.2952935843114564 0.15234365640668307 0.34860193908338449 -0.34310530373998549 -0.12769890314410914 -0.34290724035621167 1.181921456841452 -1.1857254563456388 0.022707874774634856 -1.5579672455092171 -0.0085810341254057114
leaf_weight=77 528 99 62 527 334 1234 2146 417 6356 2361 177 786 61 391 435
leaf_count=77 528 99 62 527 334 1234 2146 417 6356 2361 177 786 61 391 435
internal_value=-0.000149325 -8.28436e-05 0.000397201 0.000287339 -0.000191923 0.000734762 -2.85289e-05 0.000853723 -0.000111844 -0.000620328 -0.000369831 -0.00128668 -0.00200377 -0.00232196 -0.000486654
internal_weight=15991 15462 2786 2724 12676 1761 9253 751 8502 3423 2538 885 529 468 963
internal_count=15991 15462 2786 2724 12676 1761 9253 751 8502 3423 2538 885 529 468 963
cat_boundaries=0 1 2
cat_threshold=631810 2729029
is_linear=0
shrinkage=0.03


Tree=275
num_leaves=20
num_cat=0
split_feature=21 20 13 6 21 12 13 21 10 18 11 12 15 11 15 22 21 31 13
split_gain=2.32197 0.808566 1.70495 3.93517 4.32267 1.44468 1.01554 1.30985 1.88476 1.08841 1.01177 1.01276 0.822597 0.747593 0.770273 0.728339 0.624654 0.57526 0.480737
threshold=750.50000000000011 23.460714285714293 1704.8287493158184 2.5000000000000004 1451.5000000000002 1148.3500000000001 1714.8010801203175 2150.5000000000005 2478.7857142857147 84.950000000000031 628.97374183127704 1051.6833333333336 0.99958851518450398 181.75362677339027 -0.85674049181790024 1125.5000000000002 3550.5000000000005 1.500000000000002 1571.980887647893
decision_type=2 2 2 2 2 2 2 2 2 2 2 2 2 2 2 2 2 2 2
left_child=13 6 3 4 -3 -5 12 9 -9 -8 11 -4 15 14 17 -2 -12 -1 -16
right_child=1 2 10 5 -6 -7 7 8 -10 -11 16 -13 -14 -15 18 -17 -18 -19 -20
leaf_value=0.33411733306918345 -0.03519439555890759 5.8877007190133384 0.21680342292761673 -0.21203172253170216 -0.51593422136517531 0.35165788354326316 0.87719243218142051 -2.0866383937144262 0.3746463621479651 -1.30429668344786 4.7410669836443295 -0.27774907224854462 2.0310601389375305 0.42340236691714683 -1.3546982572519575 -1.7591323511961143 -0.87066554530673002 -0.73848027596320576 -0.50841468704939952
leaf_weight=59 479 57 745 1380 57 3356 1210 551 628 98 112 4334 58 95 633 1441 92 57 505
leaf_count=59 479 57 745 1380 57 3356 1210 551 628 98 112 4334 58 95 633 1441 92 57 505
internal_value=-0.000150866 -3.7606e-05 0.000107163 0.000516388 0.00602609 0.00037302 -0.000376176 9.64559e-06 -0.000696611 0.000680672 -0.000260031 -0.000350788 -0.00088378 -0.00134222 -0.0015514 -0.00100729 0.00177073 0.000487179 -0.00179895
internal_weight=15947 14598 10133 4850 114 4736 4465 2487 1179 1308 5283 5079 1978 1349 1254 1920 204 116 1138
internal_count=15947 14598 10133 4850 114 4736 4465 2487 1179 1308 5283 5079 1978 1349 1254 1920 204 116 1138
is_linear=0
shrinkage=0.03


Tree=276
num_leaves=20
num_cat=2
split_feature=12 7 20 13 12 7 0 13 21 23 12 15 0 28 7 20 22 21 20
split_gain=2.2379 0.762763 0.748241 1.73473 1.5622 3.99948 1.37664 1.19447 1.21763 1.94496 1.11375 1.33109 1.01178 0.845901 0.837666 0.957981 0.65347 0.623535 0.602341
threshold=830.06666666666672 143.50000000000003 23.460714285714293 1704.8287493158184 1148.3500000000001 57.500000000000007 0 1713.3184175702213 2150.5000000000005 2650.5000000000005 1105.0333333333335 0.42763731121559989 1 30.525000000000002 7.5000000000000009 20.317857142857147 775.50000000000011 1677.5000000000002 29.610714285714291
decision_type=2 2 2 2 2 2 9 2 2 2 2 2 9 2 2 2 2 2 2
left_child=1 16 7 4 6 -6 -4 14 12 -10 13 -12 -9 -5 17 -16 -1 -2 -3
right_child=2 18 3 10 5 -7 -8 8 9 -11 11 -13 -14 -15 15 -17 -18 -19 -20
leaf_value=-1.0855987243878269 2.0444521539501825 -0.50120258078600655 -0.65318342248772565 0.30860016668050572 3.376074762681164 0.34048493124393192 0.33890731956322628 2.0365679663079671e-05 -2.0240392637111775 0.40532223742554024 -0.39055081649602935 0.42102398812073627 1.3262535988794852 -0.54133543368569126 0.40978115227678497 -1.8142378671671298 -0.49662003112481645 -2.4409927167321359 0.74017147073897227
leaf_weight=706 90 460 709 807 94 3387 399 798 591 589 3384 1088 537 138 153 1682 228 50 57
leaf_count=706 90 460 709 807 94 3387 399 798 591 589 3384 1088 537 138 153 1682 228 50 57
internal_value=-0.000148985 -0.00127273 -3.3318e-05 0.000107624 0.000539869 0.000856404 -0.000413887 -0.000357382 5.96177e-05 -0.000622355 -0.000250278 -0.000454058 0.000696107 0.000665961 -0.000910932 -0.00109477 -0.00179358 0.00117021 -0.000243244
internal_weight=15947 1451 14496 10006 4589 3481 1108 4490 2515 1180 5417 4472 1335 945 1975 1835 934 140 517
internal_count=15947 1451 14496 10006 4589 3481 1108 4490 2515 1180 5417 4472 1335 945 1975 1835 934 140 517
cat_boundaries=0 1 2
cat_threshold=2663525 1164472
is_linear=0
shrinkage=0.03


Tree=277
num_leaves=20
num_cat=2
split_feature=12 14 20 13 12 23 0 13 21 23 18 12 11 27 17 20 0 13 22
split_gain=1.94606 0.793808 0.778543 1.51642 1.49973 2.38152 1.28912 1.04851 1.04889 1.95261 1.03435 0.956881 1.22441 0.95457 0.828394 0.918823 0.694113 1.2209 0.653047
threshold=830.06666666666672 0.64579916509010216 23.460714285714293 1704.8287493158184 1148.3500000000001 1370.5000000000002 0 1714.8010801203175 2150.5000000000005 2650.5000000000005 84.950000000000031 1105.0333333333335 407.66466144427585 29.175000000000004 0.99897831515029056 20.317857142857147 1 1510.0963142378744 775.50000000000011
decision_type=2 2 2 2 2 2 9 2 2 2 2 2 2 2 2 2 9 2 2
left_child=1 16 7 4 6 -6 -4 14 10 -10 -9 13 -13 -5 15 -2 17 -1 -3
right_child=2 18 3 11 5 -7 -8 8 9 -11 -12 12 -14 -15 -16 -17 -18 -19 -20
leaf_value=-0.57348994015515764 0.40881707703683345 -1.0715480346491959 -0.63358791981309459 0.59895054923302105 0.99468235387969783 0.19585222714661302 0.32874009997632714 0.82107560839791038 -1.9633180857998451 0.40153438724613733 -1.2930193838258219 -0.31392006164933645 1.4171470067759449 -0.24522090648023628 2.0029892953049147 -1.6744939791837332 -0.75210425081810861 0.75397652792581538 -0.40143736942958402
leaf_weight=140 161 684 709 552 571 2910 399 1210 591 588 98 3953 519 393 58 1784 311 91 225
leaf_count=140 161 684 709 552 571 2910 399 1210 591 588 98 3953 519 393 58 1784 311 91 225
internal_value=-0.000162153 -0.00121074 -5.40119e-05 8.96365e-05 0.000494117 0.000804709 -0.000440938 -0.000384102 9.64559e-06 -0.00062034 0.000611917 -0.00024474 -0.000433938 0.000602536 -0.00089521 -0.00101747 -0.000204421 0.000917355 -0.00176044
internal_weight=15947 1451 14496 10006 4589 3481 1108 4490 2487 1179 1308 5417 4472 945 2003 1945 542 231 909
internal_count=15947 1451 14496 10006 4589 3481 1108 4490 2487 1179 1308 5417 4472 945 2003 1945 542 231 909
cat_boundaries=0 1 2
cat_threshold=2663525 3184736
is_linear=0
shrinkage=0.03


Tree=278
num_leaves=20
num_cat=4
split_feature=12 20 13 0 12 13 13 12 15 7 20 23 0 0 27 7 22 22 0
split_gain=1.96774 0.840056 1.42861 1.2628 1.06589 0.999616 0.992528 0.975643 1.21432 0.825448 0.943434 0.815976 1.71247 1.32313 0.771303 0.761959 0.732552 0.623535 0.580504
threshold=830.06666666666672 23.460714285714293 1704.8287493158184 0 1148.3500000000001 1713.3184175702213 1504.8443824913109 1105.0333333333335 0.42763731121559989 7.5000000000000009 20.317857142857147 1849.7150000000004 1 2 29.175000000000004 143.50000000000003 775.50000000000011 1627.5000000000002 3
decision_type=2 2 2 9 2 2 2 2 2 2 2 2 9 9 2 2 2 2 9
left_child=15 5 3 4 -3 9 -5 14 -9 17 -11 12 -7 -13 -4 16 -1 -2 -17
right_child=1 2 7 6 -6 11 -8 8 -10 10 -12 13 -14 -15 -16 18 -18 -19 -20
leaf_value=-1.0208843216167167 2.022321192984073 -0.56365400568413038 0.58098203275603122 1.8928294943751505 0.18900975651107785 1.8191939871208882 0.5432023303831327 -0.36941669015167039 0.41219609657426248 0.3852232053973742 -1.7120845853851505 0.45349251676177738 -0.45202431751231303 -0.87794977828969656 -0.23786427928583032 0.25425675407329246 -0.46967830910818387 -1.3160137530925897 -0.79636937573208244
leaf_weight=706 90 712 552 300 2024 250 1553 3384 1088 153 1682 729 423 1113 393 262 228 50 255
leaf_count=706 90 712 552 300 2024 250 1553 3384 1088 153 1682 729 423 1113 393 262 228 50 255
internal_value=-0.000156509 -4.78037e-05 0.000101628 0.000494117 6.44332e-05 -0.000390782 0.00109764 -0.000222592 -0.000413817 -0.00089575 -0.00107843 0 0.000899109 -0.000320674 0.000634249 -0.00121074 -0.00172941 0.00117021 -0.000185329
internal_weight=15947 14496 10006 4589 2736 4490 1853 5417 4472 1975 1835 2515 673 1842 945 1451 934 140 517
internal_count=15947 14496 10006 4589 2736 4490 1853 5417 4472 1975 1835 2515 673 1842 945 1451 934 140 517
cat_boundaries=0 1 2 3 4
cat_threshold=2667590 2660419 1254434 3184742
is_linear=0
shrinkage=0.03


Tree=279
num_leaves=20
num_cat=3
split_feature=12 33 7 14 13 21 19 19 0 0 12 0 14 29 13 12 25 29 7
split_gain=1.93167 0.748788 0.693014 0.663904 0.888582 0.955281 0.750433 1.77742 0.738404 0.517375 0.478258 0.524383 0.345929 0.298681 0.294728 0.261729 0.170267 0.12664 0.111177
threshold=830.06666666666672 1.4350000000000003 141.50000000000003 -0.98046803196378884 1588.6594322212391 1796.2950000000003 306.45000000000005 283.2000000000001 0 1 716.68333333333351 2 0.92922379131507438 23.875000000000004 1543.5353027618278 1887.2000000000003 29.225000000000005 25.075000000000006 158.50000000000003
decision_type=2 2 2 2 2 2 2 2 9 9 2 9 2 2 2 2 2 2 2
left_child=2 13 10 4 15 -6 7 -5 -8 18 -1 12 -12 -2 16 -3 -11 -15 -4
right_child=1 3 9 6 5 -7 8 -9 -10 14 11 -13 -14 17 -16 -17 -18 -19 -20
leaf_value=-1.4426861646542231 0.12897451751406611 0.19497397693829133 0.30043594242064342 -0.026118704752609731 1.9073457680610622 1.0656235080264991 0.023200878440977166 0.87979192474657053 -0.74019424397547562 -0.71015034214662742 -1.1318252136705256 -0.94607917047026902 0.41695720369863842 -0.88841238959666657 0.087616546355616817 -2.1605226735962675 -0.50506968742177627 -0.082315311756731444 0.057507980257587098
leaf_weight=400 77 101 50 12514 123 396 246 213 509 199 78 251 180 169 142 81 100 67 51
leaf_count=400 77 101 50 12514 123 396 246 213 509 199 78 251 180 169 142 81 100 67 51
internal_value=-0.000165915 -5.81507e-05 -0.00121074 -2.28434e-05 0.000871794 0.00153461 -7.2759e-05 -1.46142e-05 -0.000992064 -0.000259669 -0.00172747 -0.000964707 0 -0.00150955 -0.000769912 -0.000770493 -0.00134 -0.00203798 0.00144643
internal_weight=15947 14496 1451 14183 701 519 13482 12727 755 542 909 509 258 313 441 182 299 236 101
internal_count=15947 14496 1451 14183 701 519 13482 12727 755 542 909 509 258 313 441 182 299 236 101
cat_boundaries=0 1 2 3
cat_threshold=2777096 1050720 25824
is_linear=0
shrinkage=0.03


Tree=280
num_leaves=16
num_cat=4
split_feature=10 10 24 0 24 29 21 16 25 0 0 0 11 15 16
split_gain=1.64907 0.857053 1.29253 1.34652 1.27778 0.818264 1.15095 0.880304 0.716083 0.80539 0.714962 0.663336 0.583475 0.309551 0.266047
threshold=623.57142857142878 2478.7857142857147 2842.5000000000005 0 2350.5000000000005 27.475000000000005 852.84000000000003 0.99572776335819457 24.075000000000006 1 2 3 988.080810052527 0.61067742788105683 -0.90893575921103265
decision_type=2 2 2 9 2 2 2 2 2 9 9 9 2 2 2
left_child=-1 5 3 13 -5 6 10 -8 -7 -10 -2 14 -13 -3 -4
right_child=1 2 11 4 -6 8 7 -9 9 -11 -12 12 -14 -15 -16
leaf_value=-1.8592486375467454 -0.073322836198717323 0.19524968001052576 0.093583075116388442 -0.77717866184043372 2.0039484390752551 1.065533621133663 -0.22820731769131944 1.0975710970845896 -0.4858805728622847 0.084301749052029917 -1.3067557761718154 0.087113936210050411 5.990000305875097 -3.9724563679206426 -0.87613856705727522
leaf_weight=325 232 287 234 103 316 77 7941 306 497 2711 589 1500 99 67 680
leaf_count=325 232 287 234 103 316 77 7941 306 497 2711 589 1500 99 67 680
internal_value=-0.000180207 -0.000133121 0.000291146 0.00136434 0.00248372 -0.000249636 -0.00039795 -0.000284433 0.000146074 6.26356e-05 -0.00148175 -2.14804e-05 0.00032795 0 -0.000677839
internal_weight=15964 15639 3286 773 419 12353 9068 8247 3285 3208 821 2513 1599 354 914
internal_count=15964 15639 3286 773 419 12353 9068 8247 3285 3208 821 2513 1599 354 914
cat_boundaries=0 1 2 3 4
cat_threshold=1456360 139904 75818 4084230
is_linear=0
shrinkage=0.03


Tree=281
num_leaves=16
num_cat=2
split_feature=10 21 21 27 27 0 0 16 31 17 25 26 24 13 27
split_gain=1.64593 0.820434 1.95288 1.61677 1.36009 0.985694 0.903341 0.613839 0.651245 1.39568 0.654809 0.526271 0.406857 0.39123 0.0744926
threshold=623.57142857142878 2700.5000000000005 2900.5000000000005 24.375000000000004 24.325000000000006 0 1 -0.99629805505515945 84.950000000000031 -0.97264881982967111 18.225000000000005 3.2500000000000004 2900.5000000000005 1899.3087271358343 30.575000000000003
decision_type=2 2 2 2 2 9 9 2 2 2 2 2 2 2 2
left_child=-1 7 3 12 6 -6 -4 13 10 -10 -9 -5 -3 14 -2
right_child=1 2 4 11 5 -7 -8 8 9 -11 -12 -13 -14 -15 -16
leaf_value=-1.8034711784203419 -2.2880093023822714 0.21699767826207988 -0.12627106446026404 0.34746575527882984 -1.1403427947689457 0.072557181740630625 1.4534411997016885 -2.466249464427785 4.6227205174632813 -0.65956485509106466 -0.052997218313829926 1.3631024151082403 -1.1819649302845228 0.52620170132452415 -0.54525426143492406
leaf_weight=325 214 111 585 87 534 515 767 153 63 652 11646 140 64 53 55
leaf_count=325 214 111 585 87 534 515 767 153 63 652 11646 140 64 53 55
internal_value=-0.000182087 -0.000135039 0.000323109 0.00225558 0 -0.000811429 0.000627494 -0.000238608 -0.000201119 -0.00108939 -0.000143391 0.00392105 0 -0.00155108 -0.00204445
internal_weight=15964 15639 2803 402 2401 1049 1352 12836 12514 715 11799 227 175 322 269
internal_count=15964 15639 2803 402 2401 1049 1352 12836 12514 715 11799 227 175 322 269
cat_boundaries=0 1 2
cat_threshold=3559650 1924097
is_linear=0
shrinkage=0.03


Tree=282
num_leaves=20
num_cat=4
split_feature=12 15 21 21 27 27 5 29 21 0 27 0 16 0 0 18 24 26 33
split_gain=1.61965 0.877534 0.663734 1.5855 1.54029 1.00344 0.893954 0.846884 0.94313 0.872223 0.838556 0.957707 0.814429 0.787181 0.753766 0.540957 0.337214 0.158027 0.133241
threshold=688.50000000000011 -0.86974577485258975 2700.5000000000005 2900.5000000000005 24.375000000000004 24.325000000000006 3.5000000000000004 27.475000000000005 852.84000000000003 0 25.475000000000005 1 0.99572776335819457 2 3 42.250000000000014 2900.5000000000005 0.25000000000000006 5.4450000000000012
decision_type=2 2 2 2 2 2 2 2 2 9 2 9 2 9 9 2 2 2 2
left_child=1 17 7 4 16 13 -6 8 9 -2 15 -12 -10 -5 -7 -9 -4 -1 -3
right_child=2 18 3 5 6 14 -8 10 12 -11 11 -13 -14 -15 -16 -17 -18 -19 -20
leaf_value=0.24437670692259209 -0.0093064889427272 -0.94349181630814982 0.21048774791421893 -0.09850172901559559 0.74705531763420663 -1.286559930051016 2.6670978825527483 0.88470998449622062 -0.18977706747956946 -1.3852556395670306 -0.22237843573485999 0.15703682951671125 1.0722810776026652 1.4168654504155562 0.0044410382689657364 -0.034562297593812401 -1.1465059823759811 -0.66912560709595192 -1.8645058694456333
leaf_weight=58 263 58 111 616 171 466 56 101 8451 519 1208 1730 283 736 583 52 64 93 345
leaf_count=58 263 58 111 616 171 466 56 101 8451 519 1208 1730 283 736 583 52 64 93 345
internal_value=-0.000180207 -0.00177838 -0.00011972 0.000291012 0.00203226 0 0.00365789 -0.000214626 -0.000356521 -0.00136782 0.000207632 7.85974e-05 -0.000260676 0.000538802 -0.000697144 0.00237662 0 0 -0.0025099
internal_weight=15964 554 15410 2803 402 2401 227 12607 9516 782 3091 2938 8734 1352 1049 153 175 151 403
internal_count=15964 554 15410 2803 402 2401 227 12607 9516 782 3091 2938 8734 1352 1049 153 175 151 403
cat_boundaries=0 1 2 3 4
cat_threshold=1124394 699011 2055169 3559522
is_linear=0
shrinkage=0.03


Tree=283
num_leaves=16
num_cat=2
split_feature=10 20 27 15 15 15 27 7 7 0 14 20 13 19 0
split_gain=1.65535 0.629272 1.68771 1.47795 1.29016 2.29995 1.24633 1.17689 1.28351 1.10309 0.997886 0.941131 1.92875 1.2437 0.329881
threshold=623.57142857142878 23.864285714285717 24.375000000000004 0.60383265664488517 0.71952396275653763 0.40418040343369133 22.175000000000004 45.500000000000007 34.500000000000007 0 -0.96689237009891416 22.553571428571434 1714.8010801203175 0.2499999999999965 1
decision_type=2 2 2 2 2 2 2 2 2 9 2 2 2 2 9
left_child=-1 3 4 6 5 -3 -2 8 -4 -9 -8 12 -5 -13 -6
right_child=1 2 7 11 14 -7 10 9 -10 -11 -12 13 -14 -15 -16
leaf_value=-1.6934318669843627 2.3617844359995011 0.27065261331350521 -1.0205488764880633 -1.4908715128793453 -2.5016351130110355 3.1566205840790609 0.45722793876432372 -0.36500953375392753 3.6581770378330214 0.0061883969346959028 -1.4098457230508636 3.2425232044788932 0.18242751190774403 0.27684103961156703 -0.037289157874716733
leaf_weight=325 63 1638 73 1364 108 323 130 3055 80 4825 934 69 1818 1011 148
leaf_count=325 63 1638 73 1364 108 323 130 3055 80 4825 934 69 1818 1011 148
internal_value=-0.000176449 -0.000129285 4.3891e-06 -0.000391837 0.000741208 0.00101529 -0.0013617 -0.000193429 0.00237662 -0.000249335 -0.00163099 -0.000124561 -0.000393026 0.000624421 -0.00117899
internal_weight=15964 15639 10250 5389 2217 1961 1127 8033 153 7880 1064 4262 3182 1080 256
internal_count=15964 15639 10250 5389 2217 1961 1127 8033 153 7880 1064 4262 3182 1080 256
cat_boundaries=0 1 2
cat_threshold=2142354 3197024
is_linear=0
shrinkage=0.03


Tree=284
num_leaves=17
num_cat=3
split_feature=10 10 24 29 16 16 0 19 12 0 29 0 33 31 13 18
split_gain=1.67111 0.702223 1.08678 0.792104 1.02403 1.8319 0.777914 1.47489 0.665231 0.663336 0.655253 0.835753 0.565542 0.487782 0.466942 0.269818
threshold=623.57142857142878 2478.7857142857147 2842.5000000000005 27.475000000000005 -0.89405649444168434 -0.46801289393397988 0 321.05000000000001 2553.5333333333338 1 29.125000000000004 2 2.2450000000000006 0.099999999999982256 1845.7527577673234 55.60000000000003
decision_type=2 2 2 2 2 2 9 2 2 9 2 9 2 2 2 2
left_child=-1 3 6 4 14 -6 8 -8 -3 15 11 -5 -11 -12 -2 -4
right_child=1 2 9 10 5 -7 7 -9 -10 12 13 -13 -14 -15 -16 -17
leaf_value=-1.6426289109748311 -1.9437643752725722 -0.42259958417437599 -0.91228142819181768 -0.19881189389467091 1.2037967471775386 -0.28120919469862088 2.3613650054140458 -0.12864201710545572 0.64032582899741475 -0.87551443579972033 0.071985551034844761 0.31750820735218716 0.33248978629236753 -0.373929463398811 -0.094598670001143775 0.066598925565162087
leaf_weight=325 460 191 762 391 1010 7440 330 107 145 79 884 977 1520 1033 158 152
leaf_count=325 460 191 762 391 1010 7440 330 107 145 79 884 977 1520 1033 158 152
internal_value=-0.000167054 -0.000119694 0.000263766 -0.000225353 -0.000371486 -0.000278666 0.00124806 0.0020625 0 -2.14804e-05 0.000164333 0.000672753 0.00032795 -0.000175183 -0.00156543 -0.000677839
internal_weight=15964 15639 3286 12353 9068 8450 773 437 336 2513 3285 1368 1599 1917 618 914
internal_count=15964 15639 3286 12353 9068 8450 773 437 336 2513 3285 1368 1599 1917 618 914
cat_boundaries=0 1 2 3
cat_threshold=3553480 4084230 239744
is_linear=0
shrinkage=0.03


Tree=285
num_leaves=13
num_cat=2
split_feature=23 12 0 15 15 31 17 10 11 0 15 27
split_gain=1.70365 0.569177 0.617099 0.719526 0.904357 0.669011 0.54064 1.24173 0.597305 0.381311 0.401413 0.17037
threshold=695.50000000000011 4894.9166666666679 0 -0.73865259438682551 -0.30164489695395946 69.800000000000011 0.99865940500831329 1813.1428571428573 407.66466144427585 1 -0.84774213365954088 27.325000000000006
decision_type=2 2 9 2 2 2 2 2 2 9 2 2
left_child=9 2 3 5 -5 -2 8 -8 -4 11 -11 -1
right_child=1 -3 6 4 -6 -7 7 -9 -10 10 -12 -13
leaf_value=0.55210559410045834 0.18275736605003828 6.845057055938284 -0.074829363190602308 -0.85718497071461819 -0.19617931126457303 -0.35084728426323875 1.8450911110380945 -0.39646364786617022 1.1223127804762494 -0.23774046987855627 -1.1296620596005165 -1.006959027205349
leaf_weight=55 1274 54 6989 999 4517 331 73 52 919 67 523 84
leaf_count=55 1274 54 6989 999 4517 331 73 52 919 67 523 84
internal_value=-0.000277074 -0.000205734 -0.000219532 -0.000423164 -0.00058782 0.000112079 -3.28202e-05 0.00190476 -6.94153e-05 -0.00170137 -0.00202163 0
internal_weight=15937 15208 15154 7121 5516 1605 8033 125 7908 729 590 139
internal_count=15937 15208 15154 7121 5516 1605 8033 125 7908 729 590 139
cat_boundaries=0 1 2
cat_threshold=2805810 66592
is_linear=0
shrinkage=0.03


Tree=286
num_leaves=19
num_cat=3
split_feature=22 0 33 17 16 23 22 20 31 13 17 10 13 0 33 31 0 10
split_gain=1.6132 0.921556 0.86788 0.650087 0.577727 0.662571 0.5766 0.543479 0.535923 0.790394 0.776502 0.603152 0.339771 0.252579 0.24546 0.0846616 0.0619826 0.00454992
threshold=897.50000000000011 0 8.615000000000002 0.51849435583340198 -0.97717844506743556 5300.5000000000009 1197.5000000000002 22.93214285714286 5.900000000000003 1563.7003370446951 0.28931730210571233 793.21428571428589 1828.2673953764622 1 6.8550000000000013 28.199999999999999 2 3814.428571428572
decision_type=2 9 2 2 2 2 2 2 2 2 2 2 2 9 2 2 9 2
left_child=1 3 4 12 7 6 -6 17 9 16 -11 -10 14 -9 -1 -13 -3 -2
right_child=2 8 -4 -5 5 -7 -8 13 11 10 -12 15 -14 -15 -16 -17 -18 -19
leaf_value=-0.10649147359306246 -6.0711953067470006 -0.37430167870708153 2.3811323668828397 1.8590622316748504 0.085897985651741088 6.7433902089508537 -0.099506757115306335 0.24350517971450591 0.6539614074903618 -0.76936183500339972 0.84063220142215478 -0.93180347243198891 0.38021704063888451 -1.0879287202067678 -0.86744937515708986 -0.19972305120183345 -1.2710721414065091 -0.61760493833726315
leaf_weight=174 175 109 51 55 2329 63 10587 201 96 783 69 75 88 274 118 57 583 50
leaf_count=174 175 109 51 55 2329 63 10587 201 96 783 69 75 88 274 118 57 583 50
internal_value=-0.000265781 -0.00102174 -0.000140923 0.000134528 -0.000158773 -0.000109554 -0.000127972 -0.00100571 -0.00132417 -0.00153204 -0.000833529 0 -0.000196851 -0.000315127 -0.000788397 -0.00128571 -0.00232468 -0.00225664
internal_weight=15937 2207 13730 435 13679 12979 12916 700 1772 1544 852 228 380 475 292 132 692 225
internal_count=15937 2207 13730 435 13679 12979 12916 700 1772 1544 852 228 380 475 292 132 692 225
cat_boundaries=0 1 2 3
cat_threshold=1132552 286833 8208
is_linear=0
shrinkage=0.03


Tree=287
num_leaves=20
num_cat=4
split_feature=22 0 21 7 16 23 0 22 20 13 23 11 16 19 0 32 0 14 29
split_gain=1.54684 0.942924 0.754346 0.607542 0.597905 0.655122 0.646081 0.641394 0.543479 0.525643 0.509962 0.460354 0.350345 0.333277 0.252579 0.222312 0.31481 0.214426 0.139689
threshold=897.50000000000011 0 830.50000000000011 139.50000000000003 -0.97717844506743556 5300.5000000000009 1 1170.5000000000002 22.93214285714286 1310.3779125486674 775.50000000000011 169.18959409619231 -0.34235511113144612 0.19999999999999471 2 1.4500000000000004 3 0.91248814248966237 23.775000000000002
decision_type=2 9 2 2 2 2 9 2 2 2 2 2 2 2 9 2 9 2 2
left_child=1 3 15 11 8 6 9 -8 -2 -6 12 17 -4 -12 -10 -3 -17 -1 -16
right_child=4 2 10 -5 5 -7 7 -9 14 -11 13 -13 -14 -15 18 16 -18 -19 -20
leaf_value=-1.4364748415785917 -3.9872845857753725 -1.0943620205649123 -0.059159001055000215 1.384662175851189 1.4267215090003735 6.5410885026823369 0.20564179732091387 -0.0062181987035753372 0.23620002432307163 -0.14225216753184572 0.090855948929206592 0.23513329797314114 0.79490092060624939 -0.68933263361538999 -0.23578711598318627 -0.30095283755238783 -0.95517245765040493 -0.52761997476216049 -1.1335585901404384
leaf_weight=107 225 752 55 76 73 63 1008 5279 201 6607 91 83 56 297 64 246 317 127 210
leaf_count=107 225 752 55 76 73 63 1008 5279 201 6607 91 83 56 297 64 246 317 127 210
internal_value=-0.000267663 -0.00100815 -0.00129699 0.000237623 -0.000145292 -9.55421e-05 -0.000113819 9.90784e-05 -0.00100571 -0.000320581 -0.000204001 -0.000207548 0.00144643 -0.000794345 -0.000315127 -0.00168693 -0.00105319 -0.00100851 -0.000936843
internal_weight=15937 2207 1814 393 13730 13030 12967 6287 700 6680 499 317 111 388 475 1315 563 234 274
internal_count=15937 2207 1814 393 13730 13030 12967 6287 700 6680 499 317 111 388 475 1315 563 234 274
cat_boundaries=0 1 2 3 4
cat_threshold=1132544 2676790 286833 42088
is_linear=0
shrinkage=0.03


Tree=288
num_leaves=17
num_cat=3
split_feature=23 16 0 23 0 28 16 10 29 24 18 24 0 29 13 21
split_gain=1.47465 0.805741 0.734142 0.6734 0.605728 0.51653 0.44847 0.397366 0.372009 0.336778 0.3183 0.177543 0.139813 0.0758078 0.0641408 0.0618639
threshold=695.50000000000011 -0.97876850416056738 0 5300.5000000000009 1 32.025000000000006 -0.92641089502887486 742.50000000000011 22.975000000000005 1097.5000000000002 0.99999999999999389 4785.5000000000009 2 29.725000000000005 1770.1530515067877 670.50000000000011
decision_type=2 2 9 2 9 2 2 2 2 2 2 2 9 2 2 2
left_child=7 2 8 4 6 -6 -3 10 -2 -10 12 14 15 -9 -4 -1
right_child=1 3 11 -5 5 -7 -8 13 9 -11 -12 -13 -14 -15 -16 -17
leaf_value=-1.0607583666021516 -4.3925797363731602 0.58769129960451338 -1.6533003213255222 6.3448558476018704 0.0024061124206256231 0.37943649613942865 -0.16651018982420102 -0.90249927992795542 -0.40389719993083162 0.92820105583206891 -0.16350726102531515 -0.10825676659745034 -1.3592995801504195 0.66857246770673007 -1.4507584128792759 0.078713946733873524
leaf_weight=56 86 467 292 63 7446 87 6340 70 62 125 54 52 447 50 188 52
leaf_count=56 86 467 292 63 7446 87 6340 70 62 125 54 52 447 50 188 52
internal_value=-0.000252605 -0.000186009 -0.00111663 -0.000130798 -0.00014748 3.2608e-05 -0.00035289 -0.00157808 2.11261e-05 0.000925531 -0.00188853 -0.00175138 -0.00210432 0 -0.00196466 -0.000327732
internal_weight=15937 15208 805 14403 14340 7533 6807 729 273 187 609 532 555 120 480 108
internal_count=15937 15208 805 14403 14340 7533 6807 729 273 187 609 532 555 120 480 108
cat_boundaries=0 1 2 3
cat_threshold=1327220 2674742 92162
is_linear=0
shrinkage=0.03


Tree=289
num_leaves=18
num_cat=3
split_feature=23 29 29 22 27 29 0 32 0 25 0 15 22 22 27 22 22
split_gain=1.57346 0.508063 0.856723 0.853357 0.79232 0.849189 0.78994 0.517714 0.492408 0.369623 0.339786 0.36494 0.336497 0.2757 0.17037 0.0767751 0.105927
threshold=695.50000000000011 30.225000000000005 30.025000000000002 1042.0350000000001 30.375000000000004 27.975000000000005 0 0.69999999999999962 1 32.025000000000006 2 -0.84774213365954088 1197.5000000000002 700.50000000000011 27.325000000000006 695.50000000000011 700.50000000000011
decision_type=2 2 2 2 2 2 9 2 9 2 9 2 2 2 2 2 2
left_child=10 2 4 -4 5 -2 7 -3 -6 13 14 -12 -9 -8 -1 -13 -17
right_child=1 6 3 -5 8 -7 9 12 -10 -11 11 15 -14 -15 -16 16 -18
leaf_value=0.61574994999343036 -0.10398929276935782 0.51098483697600883 -0.31762564259616582 1.7468311941632533 -0.051752675583064359 0.16993455803466151 0.082582652704460247 -0.65662169595364661 -1.1523659081916804 0.14674638994424957 -0.17412818545695583 -1.6844803607566239 0.89721753383095981 -0.91137068620745254 -0.99462805881202776 -0.46488447567260344 -0.83619786457923972
leaf_weight=55 12372 64 78 87 115 1409 53 126 235 74 67 332 57 538 84 50 141
leaf_count=55 12372 64 78 87 115 1409 53 126 235 74 67 332 57 538 84 50 141
internal_value=-0.000250722 -0.000182064 -0.000134504 0.00198795 -0.00016261 -0.000123205 -0.000877328 0.00044186 -0.0015812 -0.00142012 -0.00161918 -0.0019218 -0.000130435 -0.0017027 0 -0.00222137 -0.0011875
internal_weight=15937 15208 14296 165 14131 13781 912 247 350 665 729 590 183 591 139 523 191
internal_count=15937 15208 14296 165 14131 13781 912 247 350 665 729 590 183 591 139 523 191
cat_boundaries=0 1 2 3
cat_threshold=345089 3152976 66592
is_linear=0
shrinkage=0.03


Tree=290
num_leaves=17
num_cat=1
split_feature=10 31 15 15 15 27 26 19 0 23 14 27 7 21 17 19
split_gain=1.65108 0.765595 1.13935 1.78052 1.03561 1.44503 0.92493 0.879489 0.69832 0.715756 1.11778 0.829568 0.657786 0.266107 0.230791 0.19002
threshold=623.57142857142878 83.90000000000002 -0.7614016681079937 -0.30164489695395946 -0.98049353344232182 24.575000000000006 0.75000000000000011 0.19999999999999471 0 2676.0400000000004 -0.97113884758256674 24.475000000000005 344.50000000000006 670.50000000000011 -0.99140057354994637 158.95000000000005
decision_type=2 2 2 2 2 2 2 2 9 2 2 2 2 2 2 2
left_child=13 2 4 7 6 -6 -2 -4 9 10 -3 -11 -5 -1 -10 -16
right_child=1 8 3 12 5 -7 -8 -9 14 11 -12 -13 -14 -15 15 -17
leaf_value=-1.6962115021494626 0.646204757982905 1.1668125787535324 0.072201783420707419 0.078446820501663642 0.69202329353002212 0.16993883020431275 -0.26810008124838675 -0.74822743384566148 -0.061612069182664125 -0.060579202567475177 -0.94018445436674825 1.3609825926671533 -0.91402422650029447 -0.019342332322198799 -0.0094395738923853494 -0.70347820165522923
leaf_weight=291 68 72 311 8275 557 1640 843 1768 81 66 198 56 1262 54 50 471
leaf_count=291 68 72 311 8275 557 1640 843 1768 81 66 198 56 1262 54 50 471
internal_value=-0.000113547 -6.54629e-05 -7.94639e-06 -0.000147457 0.000498874 0.000857142 -0.00031579 -0.00094327 -0.000871357 2.23318e-05 -0.000719558 0.00202439 2.13874e-05 -0.00216763 -0.00150245 -0.00175862
internal_weight=16063 15718 14724 11616 3108 2197 911 2079 994 392 270 122 9537 345 602 521
internal_count=16063 15718 14724 11616 3108 2197 911 2079 994 392 270 122 9537 345 602 521
cat_boundaries=0 1
cat_threshold=3383432
is_linear=0
shrinkage=0.03


Tree=291
num_leaves=20
num_cat=1
split_feature=12 31 15 15 18 19 32 32 20 0 7 14 10 22 17 29 12 33 31
split_gain=1.68121 0.846069 0.986697 1.33243 1.26238 1.00074 1.77058 0.981711 0.8168 0.778571 0.432373 0.417185 0.827884 0.701705 0.347888 0.34703 0.236341 0.182376 0.140232
threshold=688.50000000000011 83.90000000000002 -0.7614016681079937 -0.30164489695395946 0.19999999999998228 1.3499999999999968 0.94999999999999307 198.65000000000006 22.553571428571434 0 150.50000000000003 -0.97113884758256674 2026.9285714285716 2650.5000000000005 -0.99140057354994637 28.875000000000004 2824.4333333333338 5.4450000000000012 1.4000000000000019
decision_type=2 2 2 2 2 2 2 2 2 9 2 2 2 2 2 2 2 2 2
left_child=10 2 5 4 -4 6 -2 -7 -5 11 17 12 -3 -13 -11 -12 -16 -1 -17
right_child=1 9 3 8 -6 7 -8 -9 -10 14 15 13 -14 -15 16 18 -18 -19 -20
leaf_value=-0.57909651079552804 0.0001100682131316244 3.9636983833487056 0.031989655453662599 -0.30191764262886994 -1.0375098932222055 0.03736558208909397 1.7860968901496579 0.63170608974263365 0.11341201879719738 0.0067160949639137758 0.32366274406927337 -0.86022325014247869 -2.1895607742187089 0.62640133367568318 -1.1283934022647462 -0.46329291072638762 -0.041876897834908444 -1.603918883832409 -0.99195264015404605
leaf_weight=65 90 54 640 3225 1356 2269 72 529 6315 83 58 192 57 71 428 53 109 333 64
leaf_count=65 90 54 640 3225 1356 2269 72 529 6315 83 58 192 57 71 428 53 109 333 64
internal_value=-0.000117282 -5.51941e-05 0 -0.000122476 -0.000827742 0.000491387 0.00281595 0.000339763 2.04374e-05 -0.000901508 -0.00171429 8.57136e-05 0.00171429 -0.000431819 -0.00154517 -0.000170455 -0.0018513 -0.0022782 -0.00132203
internal_weight=16063 15490 14496 11536 1996 2960 162 2798 9540 994 573 374 111 263 620 175 537 398 117
internal_count=16063 15490 14496 11536 1996 2960 162 2798 9540 994 573 374 111 263 620 175 537 398 117
cat_boundaries=0 1
cat_threshold=3385352
is_linear=0
shrinkage=0.03


Tree=292
num_leaves=20
num_cat=2
split_feature=12 31 15 15 12 15 0 20 20 0 14 10 22 7 23 7 18 21 23
split_gain=1.5684 0.722354 0.823183 1.25491 1.11004 0.985604 1.22413 1.07804 0.718586 0.695069 0.417185 0.827884 0.701705 0.401222 0.273908 0.268228 0.314504 0.210499 0.0418868
threshold=688.50000000000011 83.90000000000002 -0.7614016681079937 -0.35846086284744721 1783.3500000000001 -0.98049353344232182 0 26.38214285714286 22.553571428571434 1 -0.97113884758256674 2026.9285714285716 2650.5000000000005 271.50000000000006 2676.0400000000004 150.50000000000003 0.20000000000000182 715.50000000000011 2200.3500000000004
decision_type=2 2 2 2 2 2 9 2 2 9 2 2 2 2 2 2 2 2 2
left_child=15 2 5 4 -4 7 -7 -2 -5 10 11 -3 -12 14 -11 17 -17 -1 -15
right_child=1 9 3 8 -6 6 -8 -9 -10 13 12 -13 -14 18 -16 16 -18 -19 -20
leaf_value=-1.5841083388970973 -0.35646513127514717 3.8447874318482471 -0.67448909996172068 -0.29286011335000828 0.3708761262554775 0.11111943022699157 0.88742290801235169 0.96612095746350435 0.092488893141100662 -1.1203904659866373 -0.83441655263820214 -2.1238739509921474 0.6076092936654075 0.76953768410464574 -0.044526709131277209 0.2946400841592331 -0.86696672800336583 -0.40853429740796915 -0.89827193297807595
leaf_weight=340 721 54 1518 3225 240 1325 762 152 6553 349 192 57 71 52 156 54 121 58 63
leaf_count=340 721 54 1518 3225 240 1325 762 152 6553 349 192 57 71 52 156 54 121 58 63
internal_value=-0.000119149 -5.90673e-05 -2.27705e-06 -0.000119876 -0.000857875 0.000440729 0.000801723 -0.00037071 8.28234e-06 -0.000841207 8.57136e-05 0.00171429 -0.000431819 -0.00145008 -0.00183795 -0.00166202 -0.00034091 -0.00212782 0
internal_weight=16063 15490 14496 11536 1758 2960 2087 873 9778 994 374 111 263 620 505 573 175 398 115
internal_count=16063 15490 14496 11536 1758 2960 2087 873 9778 994 374 111 263 620 505 573 175 398 115
cat_boundaries=0 1 2
cat_threshold=1100975 3385352
is_linear=0
shrinkage=0.03


Tree=293
num_leaves=18
num_cat=3
split_feature=12 31 15 15 0 15 29 0 20 14 22 23 29 0 7 27 7
split_gain=1.22369 0.707537 0.855383 1.17628 0.929182 0.81746 1.11686 0.75604 0.707549 0.639691 0.917412 0.588207 0.685131 0.347801 0.246178 0.210565 0.178982
threshold=663.40000000000009 83.90000000000002 -0.7614016681079937 -0.30164489695395946 0 -0.98049353344232182 24.025000000000002 1 22.553571428571434 -0.99763297024448894 3952.0050000000006 2676.0400000000004 24.525000000000002 2 150.50000000000003 27.625000000000004 160.50000000000003
decision_type=2 2 2 2 9 2 2 9 2 2 2 2 2 9 2 2 2
left_child=14 2 5 4 -4 7 -7 -2 -5 10 -3 13 -13 -11 15 -1 -16
right_child=1 9 3 8 -6 6 -8 -9 -10 11 -12 12 -14 -15 16 -17 -18
leaf_value=-0.54943865499450761 -0.70031953388446544 2.7679396767783109 -0.74941533986660192 -0.28407430994951161 -0.046050712591415875 -0.8037116569431928 0.52500093171006867 0.13181804917068204 0.10297989796592105 -0.15970188777609301 -2.1368856274505212 0.35016555814388328 -0.11955499428092736 -1.0989831435665196 0.13181487556200569 -2.0992889965029087 -1.035531795184446
leaf_weight=98 339 88 1025 3225 1002 261 1855 552 6368 206 57 90 141 412 64 211 69
leaf_count=98 339 88 1025 3225 1002 261 1855 552 6368 206 57 90 141 412 64 211 69
internal_value=-0.000113547 -6.64455e-05 -1.06652e-05 -0.000130368 -0.000786983 0.000436834 0.000763816 -0.000289238 3.75163e-06 -0.000841207 0.000821917 -0.00117882 0 -0.00166236 -0.00167269 -0.00216774 -0.000179105
internal_weight=16063 15621 14627 11620 2027 3007 2116 891 9593 994 145 849 231 618 442 309 133
internal_count=16063 15621 14627 11620 2027 3007 2116 891 9593 994 145 849 231 618 442 309 133
cat_boundaries=0 1 2 3
cat_threshold=2461881 2193410 2697218
is_linear=0
shrinkage=0.03


Tree=294
num_leaves=20
num_cat=1
split_feature=12 19 15 15 18 7 19 18 20 5 24 7 0 12 11 18 33 33 31
split_gain=1.26407 0.753009 0.737935 1.27618 1.58772 1.11198 4.31729 1.25009 0.803255 0.524936 0.362471 0.294223 0.278044 0.284631 0.248361 0.247943 0.199302 0.133356 0.120446
threshold=688.50000000000011 318.20000000000005 -0.7614016681079937 -0.30164489695395946 0.19999999999998228 212.50000000000003 212.50000000000003 51.300000000000018 23.364285714285717 4.5000000000000009 1397.5000000000002 150.50000000000003 0 2800.8333333333335 144.15922071116623 0.20000000000000182 5.7300000000000013 3.2750000000000004 7.7999999999999945
decision_type=2 2 2 2 2 2 2 2 2 2 2 2 9 2 2 2 2 2 2
left_child=11 2 5 4 -4 7 -7 -2 -5 12 -11 14 17 -14 16 -13 -1 -3 -17
right_child=1 9 3 8 -6 6 -8 -9 -10 10 -12 15 13 -15 -16 18 -18 -19 -20
leaf_value=-0.49362679933589754 0.28331438377158202 0.14648225238237395 0.049585678401452948 -0.21420584757189964 -1.0188445990510702 -1.7161789521607453 1.7537152033385563 -0.20764916669439609 0.12899577541905244 -1.2286545107961151 2.1501197837034738 0.27830774595714791 -0.84528888481254305 -0.25451787905727946 -0.051378713204857616 -0.84551117507387641 -1.5446747089927875 -0.66664983413855272 -0.51963685278161287
leaf_weight=82 1808 130 640 4312 1321 118 160 932 5302 53 63 54 428 136 50 71 266 87 50
leaf_count=82 1808 130 640 4312 1321 118 160 932 5302 53 63 54 428 136 50 71 266 87 50
internal_value=-0.000119149 -6.48771e-05 -9.86778e-06 -0.000121804 -0.000819573 0.000404438 0.00222581 0.00020248 1.59119e-05 -0.000908687 0.000743589 -0.00150523 -0.00121228 -0.00156 -0.00197744 -0.000170455 -0.00226075 -2.63165e-05 -0.00113115
internal_weight=16063 15490 14593 11575 1961 3018 278 2740 9614 897 116 573 781 564 398 175 348 217 121
internal_count=16063 15490 14593 11575 1961 3018 278 2740 9614 897 116 573 781 564 398 175 348 217 121
cat_boundaries=0 1
cat_threshold=204803
is_linear=0
shrinkage=0.03


Tree=295
num_leaves=19
num_cat=4
split_feature=23 16 16 27 0 5 0 12 29 0 15 12 29 33 0 21 21 32
split_gain=1.12868 0.624989 0.66168 1.41828 1.19374 1.03335 0.702838 0.864308 0.706652 0.526289 0.595292 0.348 0.570181 0.29691 0.25564 0.146111 0.328671 0.0758975
threshold=637.50000000000011 -0.97113884758256674 -0.65234524191686594 20.675000000000004 0 3.5000000000000004 1 1148.3500000000001 24.025000000000002 2 -0.7614016681079937 924.98333333333346 27.625000000000004 7.1050000000000013 3 670.50000000000011 743.00000000000011 0.8999999999999998
decision_type=2 2 2 2 9 2 9 2 2 9 2 2 2 2 9 2 2 2
left_child=14 9 3 5 -5 -3 7 -4 -8 11 -11 -2 -13 -12 17 -16 -17 -1
right_child=1 2 6 4 -6 -7 8 -9 -10 10 13 12 -14 -15 15 16 -18 -19
leaf_value=0.40638922542237305 -1.1716102124882275 4.8229435812941555 -0.51832237039553553 -0.14616399152427706 0.33580788317983556 -0.83619359099138613 -0.14451215412605942 -0.084588792966201629 0.16475203362158611 0.10678578377034401 -1.7551799467476323 -0.37997407582130666 1.1869685511544252 -0.0013364838063652997 -1.7436629862350681 0.24013301216152083 -0.86572192855083374 -0.51776216685237397
leaf_weight=53 80 99 1218 1313 1600 60 2198 4996 2920 52 528 238 81 91 274 52 76 51
leaf_count=53 80 99 1218 1313 1600 60 2198 4996 2920 52 528 238 81 91 274 52 76 51
internal_value=-0.000145486 -9.67374e-05 -4.14447e-05 0.000344614 0.000177075 0.0031125 -0.000150093 -0.000365784 0.000103528 -0.00079832 -0.00130205 0 0.000524999 -0.00161613 -0.00154438 -0.00186683 -0.000534884 0
internal_weight=15980 15474 14404 3072 2913 159 11332 6214 5118 1070 671 399 319 619 506 402 128 104
internal_count=15980 15474 14404 3072 2913 159 11332 6214 5118 1070 671 399 319 619 506 402 128 104
cat_boundaries=0 1 2 3 4
cat_threshold=1106010 2852022 1453108 84992
is_linear=0
shrinkage=0.03


Tree=296
num_leaves=19
num_cat=3
split_feature=23 0 7 10 24 20 13 0 16 16 21 21 33 20 0 21 21 32
split_gain=1.14498 0.598575 0.720043 0.567012 0.610235 0.589462 0.495148 0.999991 1.09926 0.534607 1.12922 0.854414 0.434723 0.262601 0.25564 0.146111 0.328671 0.0758975
threshold=637.50000000000011 0 5.5000000000000009 1071.7857142857144 750.50000000000011 26.617857142857151 1504.8443824913109 1 -0.83789107429055565 0.68589359117003446 1776.5050000000003 1250.5000000000002 4.1850000000000014 22.353571428571435 2 670.50000000000011 743.00000000000011 0.8999999999999998
decision_type=2 9 2 2 2 2 2 9 2 2 2 2 2 2 9 2 2 2
left_child=14 2 13 4 -4 -5 7 12 -9 11 -11 -8 -3 -2 17 -16 -17 -1
right_child=1 6 3 5 -6 -7 9 8 -10 10 -12 -13 -14 -15 15 16 -18 -19
leaf_value=0.39419754865970269 1.1228849476184253 -0.67214647143988449 0.010715104023842239 -0.16501312270862661 -0.7328007009987394 0.25163733138429634 0.21366154245902688 -1.0349786907190404 1.885635257039765 -0.78976577362167311 0.13308681395852603 -0.045388622349756554 0.28071463117643441 0.069109812818623648 -1.6913530966480148 0.2329290217966743 -0.8397502706943103 -0.50222930184680437
leaf_weight=53 51 225 456 4871 1118 892 1697 65 268 965 885 3679 244 58 274 52 76 51
leaf_count=53 51 225 456 4871 1118 892 1697 65 268 965 885 3679 244 58 274 52 76 51
internal_value=-0.0001361 -8.70443e-05 -0.000282018 -0.000323795 -0.000836191 -0.00017592 8.84431e-05 0.000795765 0.00202326 3.73527e-06 -0.000429498 0.000161242 -2.50007e-05 0.00207273 -0.00154438 -0.00186683 -0.000534884 0
internal_weight=15980 15474 7446 7337 1574 5763 8028 802 333 7226 1850 5376 469 109 506 402 128 104
internal_count=15980 15474 7446 7337 1574 5763 8028 802 333 7226 1850 5376 469 109 506 402 128 104
cat_boundaries=0 1 2 3
cat_threshold=2851894 12352 84992
is_linear=0
shrinkage=0.03


Tree=297
num_leaves=16
num_cat=2
split_feature=23 0 7 14 18 17 18 24 14 24 31 12 31 0 32
split_gain=1.16797 0.614888 0.805458 0.509948 1.09217 1.29271 0.762345 0.50281 0.658841 0.558248 0.411387 0.549673 0.444415 0.25564 0.0758975
threshold=637.50000000000011 0 5.5000000000000009 -0.95754239937548935 25.000000000000014 -0.96235810494626717 47.350000000000001 977.04500000000019 0.19337368024598436 670.50000000000011 83.90000000000002 2460.1333333333337 61.650000000000013 1 0.8999999999999998
decision_type=2 9 2 2 2 2 2 2 2 2 2 2 2 9 2
left_child=13 2 -2 4 5 -3 -6 9 -9 -4 12 -12 -5 14 -1
right_child=1 3 7 10 6 -7 -8 8 -10 -11 11 -13 -14 -15 -16
leaf_value=0.382371622199912 0.86808174729033305 -0.28698269888577549 0.25252950286317388 0.0028056908766798307 -1.4917297246861125 2.8160012480957604 0.68027207846659432 -0.28654424851716287 0.089900162735321573 -0.80382798162494196 -0.76653055301088446 0.073926355522949919 0.45567504156130667 -0.91258693769122567 -0.48716242279140043
leaf_weight=53 98 62 160 7448 198 112 244 3269 2180 865 296 112 430 402 51
leaf_count=53 98 62 160 7448 198 112 244 3269 2180 865 296 112 430 402 51
internal_value=-0.000122959 -7.34741e-05 -0.000294851 8.51558e-05 0.000918962 0.00293143 2.03153e-05 -0.000342395 -0.000216881 -0.000964913 1.77379e-05 -0.000902201 7.12012e-05 -0.00154438 0
internal_weight=15980 15474 6572 8902 616 174 442 6474 5449 1025 8286 408 7878 506 104
internal_count=15980 15474 6572 8902 616 174 442 6474 5449 1025 8286 408 7878 506 104
cat_boundaries=0 1 2
cat_threshold=2786354 84992
is_linear=0
shrinkage=0.03


Tree=298
num_leaves=18
num_cat=2
split_feature=10 16 16 0 27 11 0 29 12 13 12 27 17 11 21 27 33
split_gain=0.912793 0.4817 0.624256 1.10717 1.54069 1.04316 0.577752 0.574559 1.16539 1.00623 0.385474 1.1243 0.349236 0.43052 0.321223 0.226002 0.155627
threshold=623.57142857142878 -0.97113884758256674 -0.65234524191686594 0 20.675000000000004 118.89871640143265 1 23.275000000000002 1272.6833333333336 1690.5877507056905 924.98333333333346 29.075000000000006 0.14889004263668562 158.32515003784241 677.50000000000011 26.175000000000004 7.2550000000000008
decision_type=2 2 2 9 2 2 9 2 2 2 2 2 2 2 2 2 2
left_child=14 6 3 5 -5 -3 10 8 -4 -9 -2 -12 16 -14 15 -1 -8
right_child=1 2 7 4 -6 -7 12 9 -10 -11 11 -13 13 -15 -16 -17 -18
leaf_value=-0.32051908322125655 -0.81610758590056254 0.90158227978056671 -1.3338006539166709 5.5824603327618094 -0.086445727068439018 0.2781722929071781 -1.6165595076060009 0.12103493376408811 -0.11097949204775692 -0.13148941405249881 -0.076815704785175604 1.8764130670521884 0.20304836733966428 -4.0137760887870497 0.046469469443921781 -1.6771049218915792 -0.3994627439114341
leaf_weight=57 76 352 587 104 1937 696 479 3781 2865 4249 259 52 64 83 50 225 64
leaf_count=57 76 352 587 104 1937 696 479 3781 2865 4249 259 52 64 83 50 225 64
internal_value=-0.000122959 -8.68433e-05 -3.82933e-05 0.000335922 -5.26323e-05 0.00112465 -0.000701299 -0.000142908 -0.000466552 0 0.000135678 0.000711538 -0.00121969 0 -0.00168469 -0.00208834 -0.00158824
internal_weight=15980 15648 14571 3089 2041 1048 1077 11482 3452 8030 387 311 690 147 332 282 543
internal_count=15980 15648 14571 3089 2041 1048 1077 11482 3452 8030 387 311 690 147 332 282 543
cat_boundaries=0 1 2
cat_threshold=2562689 1515636
is_linear=0
shrinkage=0.03


Tree=299
num_leaves=17
num_cat=0
split_feature=23 32 12 13 21 27 6 13 20 27 13 20 14 21 32 13
split_gain=1.15153 0.513526 0.983341 0.787237 0.869497 0.597357 1.20407 0.876225 0.790623 1.08594 1.066 0.530812 0.396354 0.243565 0.244434 0.185383
threshold=637.50000000000011 0.099999999999999964 877.55000000000007 1731.2366863905329 1298.5000000000002 20.025000000000002 1.5000000000000002 1795.8483293830784 22.446428571428577 24.075000000000006 1708.5960591133007 18.800000000000001 0.99274428880883148 600.50000000000011 1.2000000000000006 1563.7003370446951
decision_type=2 2 2 2 2 2 2 2 2 2 2 2 2 2 2 2
left_child=13 2 -2 4 -4 6 11 -8 10 -10 -7 -3 -5 -1 15 -15
right_child=1 5 3 12 -6 8 7 -9 9 -11 -12 -13 -14 14 -16 -17
leaf_value=-1.2531806974196438 0.64435645494115967 1.3452303858136763 1.1598112071858802 0.012570745162663852 0.3433686958764931 -1.9667364917459738 0.062911845617885306 3.2298490982719605 0.17257204392228589 -0.098279568442258339 -0.067216474063750531 -2.5917346016375409 -1.424299974478562 -0.64352244807022918 -0.95788092289019677 0.37818461958054123
leaf_weight=245 78 51 115 1268 293 981 142 193 3020 7832 1184 162 155 78 108 75
leaf_count=245 78 51 115 1268 293 981 142 193 3020 7832 1184 162 155 78 108 75
internal_value=-0.000132345 -8.31671e-05 0.00037068 0.000203056 0.00137164 -0.000150377 0.000803278 0.00196429 -0.00019404 -8.4862e-05 -0.000720222 -0.000813085 -0.000101124 -0.00154438 -0.000641222 0
internal_weight=15980 15474 1909 1831 408 13565 548 335 13017 10852 2165 213 1423 506 261 153
internal_count=15980 15474 1909 1831 408 13565 548 335 13017 10852 2165 213 1423 506 261 153
is_linear=0
shrinkage=0.03


Tree=300
num_leaves=20
num_cat=3
split_feature=12 0 33 27 17 17 31 27 27 0 13 17 0 11 16 13 15 18 23
split_gain=1.13612 0.629552 0.588004 1.846 0.937028 0.815642 0.813153 0.805953 1.19282 1.07162 1.21552 0.951589 0.659848 0.618382 0.481979 0.454035 0.407493 1.1109 0.349644
threshold=800.56666666666672 0 7.2250000000000005 29.275000000000002 -0.88320848168588306 -0.97507822412530132 1.0000000180025095e-35 24.075000000000006 24.025000000000002 1 1638.5979793767535 -0.22072160979833103 2 94.68657570579883 0.84313847884979054 1685.765550564922 -0.80417042486635371 0.20000000000000182 743.00000000000011
decision_type=2 9 2 2 2 2 2 2 2 9 2 2 9 2 2 2 2 2 2
left_child=1 16 7 4 5 -4 -6 8 11 14 -11 -2 -5 -10 -9 -14 17 -1 -18
right_child=2 -3 3 12 6 -7 -8 9 13 10 -12 -13 15 -15 -16 -17 18 -19 -20
leaf_value=0.68148868553280828 0.4273671205186923 -0.75339897129581257 0.90779524892153762 0.21573531524490966 1.9605392729905502 -0.43222367937796508 1.1999268675221713 -0.38316668054068587 2.0150317320487678 0.61976565222351554 -0.16593847365945333 -0.0885989564170757 0.37513293360562772 3.2695633828448334 -0.019074916882774313 -0.59501068020841041 -0.60620718958512332 -0.58002259565646208 0.08654863946660292
leaf_weight=58 1181 750 50 315 134 126 50 3227 59 866 2517 4714 128 88 948 377 229 110 136
leaf_count=58 1181 750 50 315 134 126 50 3227 59 866 2517 4714 128 88 948 377 229 110 136
internal_value=-0.000141559 -0.001 -6.39341e-05 0.000571549 0.00236842 0.000491525 0.00390811 -0.000122418 0.000130564 -0.0003306 5.48019e-05 5.59694e-05 -0.000164434 0.0027973 -0.000652175 -0.000872094 -9.92654e-05 0.00101183 -0.000737706
internal_weight=16063 1283 14780 1180 360 176 184 13600 6042 7558 3383 5895 820 147 4175 505 533 168 365
internal_count=16063 1283 14780 1180 360 176 184 13600 6042 7558 3383 5895 820 147 4175 505 533 168 365
cat_boundaries=0 1 2 3
cat_threshold=2123909 3323078 1132108
is_linear=0
shrinkage=0.03


Tree=301
num_leaves=20
num_cat=3
split_feature=12 25 27 0 27 0 27 20 0 15 18 18 22 31 13 27 33 33 27
split_gain=1.09481 0.564808 0.613592 1.21538 1.12568 0.93159 0.669469 0.544531 0.534418 0.500402 0.781736 0.47366 0.397966 0.347341 0.539135 0.31705 0.257676 0.203711 0.0437245
threshold=800.56666666666672 18.225000000000005 24.075000000000006 0 24.025000000000002 1 25.075000000000006 26.325000000000006 2 -0.80417042486635371 0.20000000000000182 1.0000000180025095e-35 775.50000000000011 0.69999999999998674 1536.9402198808982 23.775000000000002 5.7550000000000008 6.2650000000000006 26.175000000000004
decision_type=2 2 2 9 2 9 2 2 9 2 2 2 2 2 2 2 2 2 2
left_child=8 -2 4 7 5 -3 -5 -4 9 10 -1 -6 17 18 15 -15 -12 -11 -10
right_child=1 2 3 6 11 -7 -8 -9 13 12 16 -13 -14 14 -16 -17 -18 -19 -20
leaf_value=0.64228925023836236 -2.1076295509520815 -0.14224071512681294 -0.40430071561509334 -0.27615021971202836 1.0776490078847478 0.3059328686736919 0.16926363391191709 -0.058427786308464034 -0.58206512254146359 -0.18544493084630301 0.066018266936133024 2.9471738268120298 0.22065186003568676 0.16088335126388442 0.42511310138120839 -0.86636361322258892 -1.3752365749432349 -1.1193574131294051 -1.3292528203700962
leaf_weight=72 179 2339 2791 1400 52 3379 2795 1750 61 155 61 95 98 50 61 117 64 205 339
leaf_count=72 179 2339 2791 1400 52 3379 2795 1750 61 155 61 95 98 50 61 117 64 205 339
internal_value=-0.000134089 -5.78452e-05 -3.41056e-05 -0.000196063 0.000199454 0.000124322 0.000164051 -0.000537786 -0.000976636 -0.000270271 0.000878787 0.0027973 -0.000869282 -0.00161033 -0.000432315 -0.00146429 -0.000238096 -0.00137119 -0.00220698
internal_weight=16063 14780 14601 8736 5865 5718 4195 4541 1283 655 197 147 458 628 228 167 125 360 400
internal_count=16063 14780 14601 8736 5865 5718 4195 4541 1283 655 197 147 458 628 228 167 125 360 400
cat_boundaries=0 1 2 3
cat_threshold=3322051 804988 2189477
is_linear=0
shrinkage=0.03


Tree=302
num_leaves=20
num_cat=3
split_feature=12 33 29 17 33 0 18 17 0 0 15 18 13 23 33 32 33 7 27
split_gain=0.975693 0.668529 0.643676 0.619885 1.41699 1.05179 0.746037 1.65225 0.727462 0.537807 0.469583 0.539179 0.360985 0.315518 0.288788 0.215836 0.208361 0.140674 0.116733
threshold=800.56666666666672 1.4350000000000003 23.625000000000004 0.9899370942838045 4.3150000000000004 0 60.350000000000001 0.58481854963323687 1 2 -0.80417042486635371 0.20000000000000182 1667.7967495467499 743.00000000000011 6.160000000000001 0.74999999999999656 5.9400000000000004 193.50000000000003 23.575000000000006
decision_type=2 2 2 2 2 9 2 2 9 9 2 2 2 2 2 2 2 2 2
left_child=9 2 -2 6 5 -5 8 -8 -3 12 11 -11 18 15 -15 -12 -13 -4 -1
right_child=1 3 17 4 -6 -7 7 -9 -10 10 13 16 -14 14 -16 -17 -18 -19 -20
leaf_value=-0.40472930397639112 1.4302211655976687 -0.18160874611099542 -0.1451972125543996 0.93849908275033833 1.7140673626293137 -0.26562191371906341 0.45485711107895022 -0.35993442036539525 0.048134164579092129 0.46743693166277511 -0.29595794113129181 0.047164538559425782 0.22057375293676368 0.75212803774049264 -0.516063076831623 -0.94030873003618165 -1.3787666017778919 -0.96046619257080101 -0.87210576056633815
leaf_weight=87 68 6989 50 241 54 449 887 539 5292 72 117 67 51 66 77 145 55 211 546
leaf_count=87 68 6989 50 241 54 449 887 539 5292 72 117 67 51 66 77 145 55 211 546
internal_value=-0.000134089 -6.19045e-05 -0.0014 -2.82321e-05 0.000809395 0.00036903 -7.7036e-05 0.000565521 -0.00015535 -0.000929907 -0.000167214 0.000938461 -0.00150648 -0.000812809 4.1666e-05 -0.00144867 0 -0.00212977 -0.00174133
internal_weight=16063 14780 329 14451 744 690 13707 1426 12281 1283 599 194 684 405 143 262 122 261 633
internal_count=16063 14780 329 14451 744 690 13707 1426 12281 1283 599 194 684 405 143 262 122 261 633
cat_boundaries=0 1 2 3
cat_threshold=575502 1634524 1610866
is_linear=0
shrinkage=0.03


Tree=303
num_leaves=18
num_cat=1
split_feature=12 33 16 12 25 25 29 0 33 10 21 19 19 33 10 11 27
split_gain=0.85546 0.616828 0.646471 0.498364 0.494234 0.52844 0.451873 0.360463 0.350202 0.39876 0.238965 0.118361 0.0912903 0.0881871 0.0786468 0.0692413 0.00898872
threshold=704.08333333333337 1.4350000000000003 -0.99629805505515945 2502.9166666666674 18.225000000000005 24.075000000000006 23.625000000000004 0 6.4750000000000005 707.21428571428589 1265.5000000000002 0.74999999999999656 0.79999999999999971 4.2650000000000006 2014.3571428571429 44.986770542122095 22.925000000000004
decision_type=2 2 2 2 2 2 2 9 2 2 2 2 2 2 2 2 2
left_child=7 6 3 -3 14 -6 -2 8 9 -1 -8 15 -10 -5 -4 -9 -12
right_child=1 2 4 13 5 -7 10 11 12 -11 16 -13 -14 -15 -16 -17 -18
leaf_value=0.36289836387271518 1.3873145306297381 -1.1844224507363836 -2.6432197674341884 -2.3796710357260675 0.15346757168821193 -0.052238156877349881 -0.013256660653956467 0.027423154800514285 -0.31110213667734243 -0.55409570363597382 -0.20051582304223353 -0.93417836567795198 -2.0539301903055276 0.37426028726463911 -0.87289168927969685 -1.246415507899578 -1.3131112877025259
leaf_weight=60 68 233 87 71 5541 9011 52 56 59 60 52 251 61 75 67 90 169
leaf_count=60 68 233 87 71 5541 9011 52 56 59 60 52 251 61 75 67 90 169
internal_value=-0.00014903 -0.000101317 -6.96017e-05 -0.00129474 -3.48821e-05 -1.38123e-05 -0.00136842 -0.00123198 -5.97616e-05 0.000867768 -0.00194891 -0.00177941 -0.00136364 0 -0.00172258 -0.000632654 -0.00237838
internal_weight=16063 15426 15085 379 14706 14552 341 637 240 120 273 397 120 146 154 146 221
internal_count=16063 15426 15085 379 14706 14552 341 637 240 120 273 397 120 146 154 146 221
cat_boundaries=0 1
cat_threshold=1128449
is_linear=0
shrinkage=0.03


Tree=304
num_leaves=17
num_cat=1
split_feature=12 33 16 25 25 12 29 0 33 10 22 19 19 10 11 12
split_gain=0.874637 0.545174 0.576116 0.499865 0.466941 0.442732 0.4139 0.360463 0.350202 0.39876 0.17378 0.118361 0.0912903 0.0786468 0.0692413 0.0391615
threshold=704.08333333333337 1.4350000000000003 -0.99629805505515945 18.225000000000005 24.075000000000006 2502.9166666666674 23.625000000000004 0 6.4750000000000005 707.21428571428589 1250.5000000000002 0.74999999999999656 0.79999999999999971 2014.3571428571429 44.986770542122095 4253.8666666666677
decision_type=2 2 2 2 2 2 2 9 2 2 2 2 2 2 2 2
left_child=7 6 5 13 -5 -3 -2 8 9 -1 -8 14 -10 -4 -9 -7
right_child=1 2 3 4 -6 15 10 11 12 -11 -12 -13 -14 -15 -16 -17
leaf_value=0.35201141295653537 1.3456950947108459 -1.148889777214295 -2.5639231744111601 0.148863544537572 -0.050671012171028922 0.5303309335698847 -0.13451443938032978 0.026600460156497946 -0.30176907257702068 -0.53747283252689393 -0.96583380835305643 -0.90615301470761178 -1.9923122845963612 -0.84670493860130758 -1.2090230426625916 -3.3652380951474297
leaf_weight=60 68 233 87 5541 9011 91 56 56 59 60 217 251 61 67 90 55
leaf_count=60 68 233 87 5541 9011 91 56 56 59 60 217 251 61 67 90 55
internal_value=-0.000137824 -8.96487e-05 -5.96587e-05 -2.67227e-05 -5.56658e-06 -0.00121579 -0.0012807 -0.00123198 -5.97616e-05 0.000867768 -0.00183942 -0.00177941 -0.00136364 -0.00172258 -0.000632654 0
internal_weight=16063 15426 15085 14706 14552 379 341 637 240 120 273 397 120 154 146 146
internal_count=16063 15426 15085 14706 14552 379 341 637 240 120 273 397 120 154 146 146
cat_boundaries=0 1
cat_threshold=1128449
is_linear=0
shrinkage=0.03


Tree=305
num_leaves=20
num_cat=3
split_feature=21 23 27 0 33 13 23 0 28 7 14 20 20 22 0 27 5 14 7
split_gain=1.2722 1.25593 0.652242 0.680966 0.59786 1.19933 1.12176 0.680383 1.01605 0.647158 0.499492 0.650267 0.476149 0.38597 0.352593 0.310537 0.376585 0.233908 0.187503
threshold=695.50000000000011 795.50000000000011 30.325000000000006 0 7.2250000000000005 1733.1760582630429 900.50000000000011 1 28.875000000000004 21.500000000000004 0.80417553764032002 29.982142857142861 29.482142857142865 805.50000000000011 2 32.550000000000004 1.0000000180025095e-35 0.97875492728876534 120.50000000000001
decision_type=2 2 2 9 2 2 2 9 2 2 2 2 2 2 9 2 2 2 2
left_child=1 14 4 10 7 6 -6 8 -2 -9 -4 -12 -3 -7 -1 16 -5 18 -16
right_child=2 12 3 15 5 13 -8 9 -10 -11 11 -13 -14 -15 17 -17 -18 -19 -20
leaf_value=-1.4307676686816868 0.10120975434312719 -0.26117087427245034 -0.32040905186162216 0.0077870804424821837 -0.54926633162663985 0.68607560310407989 2.0513092166821356 0.50105920287388017 1.0551963590474234 -0.10031784633577293 1.697119004237881 5.8361324029251868e-05 0.86400701562910009 -0.23426896160033658 -1.0442237067088476 0.057027916088403491 -0.74069495511273686 0.2793375757891628 -0.015257214789669755
leaf_weight=370 3868 50 71 99 96 89 177 581 224 9023 58 126 52 303 113 53 444 65 85
leaf_count=370 3868 50 71 99 96 89 177 581 224 9023 58 126 52 303 113 53 444 65 85
internal_value=-8.50271e-05 -0.00130435 -2.30731e-05 -0.000830987 2.17233e-05 0.0009009 0.00243066 -1.77418e-05 0.000301973 -0.000158815 0.000338345 0.00131351 0.00154369 -5.34358e-05 -0.00183596 -0.0013888 -0.00164338 -0.000635037 -0.00125126
internal_weight=15947 735 15212 851 14361 665 273 13696 4092 9604 255 184 102 392 633 596 543 263 198
internal_count=15947 735 15212 851 14361 665 273 13696 4092 9604 255 184 102 392 633 596 543 263 198
cat_boundaries=0 1 2 3
cat_threshold=3730 1339905 3707088
is_linear=0
shrinkage=0.03


Tree=306
num_leaves=17
num_cat=0
split_feature=23 21 27 33 20 7 14 22 13 29 10 19 21 7 29 10
split_gain=1.11856 0.705309 0.654818 0.761438 1.34711 1.28845 0.593525 0.812931 0.513049 0.512773 0.45358 0.382643 0.494075 0.47134 0.330485 0.0528822
threshold=637.50000000000011 695.50000000000011 30.375000000000004 7.2250000000000005 30.339285714285719 118.50000000000001 0.98522604642031408 1070.5000000000002 1310.3779125486674 29.325000000000006 1286.2857142857144 8.2999999999999954 1183.0000000000002 96.500000000000014 31.125000000000004 657.21428571428589
decision_type=2 2 2 2 2 2 2 2 2 2 2 2 2 2 2 2
left_child=1 -1 3 6 5 -5 8 -8 -2 15 -6 13 -13 -4 -15 -3
right_child=2 9 11 4 10 -7 7 -9 -10 -11 -12 12 -14 14 -16 -17
leaf_value=-1.0143265859882413 1.3112012565190005 -0.39340369429625283 0.34936966769032562 0.20672829807854051 -1.0184785043011693 2.5956195136491385 -0.87891191148310832 0.6122272820714546 -0.005295458586758158 0.37575713498541502 2.8887590656686748 0.41254088860604754 -0.40785376017499997 -0.61810576288800223 -0.17396772230995128 -0.72029665346632488
leaf_weight=342 95 55 67 443 130 105 373 188 13224 50 54 70 92 479 124 56
leaf_count=342 95 55 67 443 130 105 373 188 13224 50 54 70 92 479 124 56
internal_value=-8.31459e-05 -0.00147619 -3.47692e-05 8.82704e-06 0.000953615 0.00173224 -3.78222e-05 -0.000992883 0 0 -0.00111892 -0.000853542 0.000239263 -0.0011848 -0.00148013 -0.000964286
internal_weight=15947 503 15444 14612 732 548 13880 561 13319 161 184 832 162 670 603 111
internal_count=15947 503 15444 14612 732 548 13880 561 13319 161 184 832 162 670 603 111
is_linear=0
shrinkage=0.03


Tree=307
num_leaves=16
num_cat=2
split_feature=23 21 27 0 13 33 20 0 20 18 25 31 5 20 25
split_gain=1.21335 0.604913 0.598595 0.65061 0.603734 0.556276 1.10931 0.606394 0.499168 0.317435 0.459957 0.212084 0.239455 0.141568 0.110385
threshold=637.50000000000011 695.50000000000011 30.375000000000004 0 1310.3779125486674 7.2250000000000005 30.339285714285719 1 24.832142857142863 0.19999999999998672 31.650000000000006 1.1000000000000056 1.0000000180025095e-35 29.482142857142865 31.125000000000004
decision_type=2 2 2 9 2 2 2 9 2 2 2 2 2 2 2
left_child=1 -1 4 9 8 7 -7 -6 -2 10 -4 12 -5 -3 -11
right_child=2 13 3 11 5 6 -8 -9 -10 14 -12 -13 -14 -15 -16
leaf_value=-0.98389678840859474 2.0139544296574363 -0.409543730948569 -0.011122630235263631 -0.55562437615703886 0.1302485108579432 0.36548992367888439 -0.5725241698415785 -0.083126662854056468 0.10381421460715475 -0.034122774277004553 0.25716088054279512 -0.10799294308125851 -0.9090932115521636 0.34043682242079593 -0.79120284402320018
leaf_weight=342 50 99 175 77 4134 541 181 9651 55 52 55 84 338 62 51
leaf_count=342 50 99 175 77 4134 541 181 9651 55 52 55 84 338 62 51
internal_value=-8.50271e-05 -0.00153571 -3.47692e-05 -0.000817528 6.77407e-06 -6.61775e-06 0.000800829 -5.22276e-05 0.00226415 0.00010465 0.000844155 -0.00149412 -0.00180289 0 -0.00109615
internal_weight=15947 503 15444 832 14612 14507 722 13785 105 333 230 499 415 161 103
internal_count=15947 503 15444 832 14612 14507 722 13785 105 333 230 499 415 161 103
cat_boundaries=0 1 2
cat_threshold=1511058 1339905
is_linear=0
shrinkage=0.03


Tree=308
num_leaves=20
num_cat=2
split_feature=23 11 12 21 0 12 16 0 7 27 24 12 23 7 12 29 11 10 31
split_gain=1.22679 0.626533 0.624735 0.604913 0.598959 0.448595 0.542293 0.416563 0.679785 1.32135 0.60197 0.832438 0.711242 0.514095 0.400225 0.35591 0.0771823 0.0528822 0.0325536
threshold=637.50000000000011 37.400662077397932 1626.9833333333336 695.50000000000011 0 2076.7666666666669 0.64415889436411822 1 21.500000000000004 21.575000000000006 877.50000000000011 820.90000000000009 995.5100000000001 28.500000000000004 1166.4166666666667 29.325000000000006 22.747577017587162 657.21428571428589 93.950000000000031
decision_type=2 2 2 2 9 2 2 9 2 2 2 2 2 2 2 2 2 2 2
left_child=3 2 4 -1 16 6 -4 8 9 -3 11 -9 -12 -10 -6 17 -2 -5 -7
right_child=1 7 5 15 14 18 -8 10 13 -11 12 -13 -14 -15 -16 -17 -18 -19 -20
leaf_value=-0.95437988475633595 -0.74508742759263713 -0.13617271708944498 -0.25216043164969931 -0.3693152715389077 0.070511670283321046 -0.54042049973232242 1.2765612330610507 -0.0048579282050926773 -2.3021355367023935 2.2532892929862025 -0.65930370713006814 0.45294511871384718 0.10232554275013166 -0.079112599803031716 -0.59338227246459929 0.35427131626322972 -1.1380894601430394 -0.68640144193387687 -0.092291147914740565
leaf_weight=342 59 272 57 55 291 56 70 375 125 150 430 405 5928 6672 255 50 248 56 51
leaf_count=342 59 272 57 55 291 56 70 375 125 150 430 405 5928 6672 255 50 248 56 51
internal_value=-7.75026e-05 -2.69997e-05 -0.000722427 -0.00153571 -0.0011171 0.000523404 0.00182812 2.25651e-05 -0.000134441 0.00101418 0.000187578 0.000979513 8.3503e-05 -0.00021271 -0.000382406 0 -0.00218868 -0.000964286 -0.000611112
internal_weight=15947 15444 1087 503 853 234 127 14357 7219 422 7138 780 6358 6797 546 161 307 111 107
internal_count=15947 15444 1087 503 853 234 127 14357 7219 422 7138 780 6358 6797 546 161 307 111 107
cat_boundaries=0 1 2
cat_threshold=2667520 2787454
is_linear=0
shrinkage=0.03


Tree=309
num_leaves=18
num_cat=2
split_feature=23 14 21 27 18 10 13 13 0 33 10 32 0 18 10 32 12
split_gain=1.16889 1.43357 0.699975 0.693086 1.90026 0.481773 0.979926 0.509325 0.527141 0.622143 0.600069 0.204009 0.41097 0.159454 0.130692 0.0791165 0.0483745
threshold=750.50000000000011 0.58481550752069722 821.50000000000011 29.775000000000002 0.20000000000000182 758.00000000000011 1482.7938516419192 1310.3779125486674 0 2.5550000000000002 2741.2142857142862 1.4500000000000004 1 5.6000000000000139 793.21428571428589 1.149999999999993 915.01666666666677
decision_type=2 2 2 2 2 2 2 2 9 2 2 2 9 2 2 2 2
left_child=1 3 11 4 -1 6 -2 -7 10 -10 -9 -3 -13 -6 -4 -8 -16
right_child=5 2 14 -5 13 7 15 8 9 -11 -12 12 -14 -15 16 -17 -18
leaf_value=1.130947879750102 -0.58576146604977464 -0.75530956515340641 0.55529121860513853 -0.97580441804124129 -1.0699068390735249 1.2613920158276186 0.82038819870270141 -0.18183343280556 0.4291503630676598 0.015988209489056035 0.17622329210583745 0.15715295908975624 -0.61623007378177241 1.0877053683082991 -0.61459210782440032 0.62194863703925463 0.020398940251053529
leaf_weight=72 50 616 74 50 52 96 58 5233 672 7190 1209 123 221 54 52 74 51
leaf_count=72 50 616 74 50 52 96 58 5233 672 7190 1209 123 221 54 52 74 51
internal_value=-8.31459e-05 -0.000922402 -0.0013761 0.00113974 0.00212849 -1.44075e-06 0.00152459 -2.39574e-05 -4.17344e-05 0.000119268 -0.000245003 -0.00170135 -0.00086087 -2.80381e-05 0.000134831 0.003 -0.00023077
internal_weight=15947 1365 1137 228 178 14582 182 14400 14304 7862 6442 960 344 106 177 132 103
internal_count=15947 1365 1137 228 178 14582 182 14400 14304 7862 6442 960 344 106 177 132 103
cat_boundaries=0 1 2
cat_threshold=2787452 98544
is_linear=0
shrinkage=0.03


Tree=310
num_leaves=15
num_cat=2
split_feature=12 13 20 7 0 27 7 0 32 11 7 27 25 24
split_gain=0.871307 0.589726 0.78109 0.605242 1.67306 1.64603 1.1776 0.858602 0.349408 0.309911 0.353333 0.308364 0.211159 0.0163103
threshold=688.50000000000011 1310.3779125486674 24.853571428571435 21.500000000000004 0 20.725000000000005 28.500000000000004 1 3.0499999999999936 149.60264830862911 150.50000000000003 26.025000000000002 29.075000000000006 1545.5000000000002
decision_type=2 2 2 2 9 2 2 9 2 2 2 2 2 2
left_child=9 2 -2 4 8 -6 13 -8 -3 10 11 -1 -12 -5
right_child=1 3 -4 6 5 -7 7 -9 -10 -11 12 -13 -14 -15
leaf_value=-0.27930300018627729 1.931362168706801 -0.099709739403548825 -0.12310521922873378 -1.1892208902673145 -0.066272765915118936 1.3390518539971605 -0.24772601718342921 0.012158468382590465 -2.2479892370975807 0.088121758817573267 -0.94871521932865288 -1.1418983557527678 0.23788491627447517 -2.1478999897759512
leaf_weight=65 58 253 75 67 214 250 5672 8545 122 50 96 292 77 187
leaf_count=65 58 253 75 67 214 250 5672 8545 122 50 96 292 77 187
internal_value=-0.000168124 -0.00012199 0.00183582 -0.000142055 0.000628571 0.00183789 -0.000189885 -0.000150233 -0.000777203 -0.0013167 -0.00155367 -0.00211173 -0.000137932 -0.00222353
internal_weight=16023 15443 133 15310 839 464 14471 14217 375 580 530 357 173 254
internal_count=16023 15443 133 15310 839 464 14471 14217 375 580 530 357 173 254
cat_boundaries=0 1 2
cat_threshold=1132721 2921494
is_linear=0
shrinkage=0.03


Tree=311
num_leaves=18
num_cat=2
split_feature=12 29 13 33 33 16 0 14 22 19 0 27 25 27 7 19 13
split_gain=0.877468 0.726364 0.904603 0.927244 1.68348 0.653288 0.843699 0.670458 1.22714 0.690065 0.541799 0.419035 0.34159 0.261382 0.363699 0.165401 0.142857
threshold=688.50000000000011 27.475000000000005 1310.3779125486674 5.4450000000000012 5.3050000000000006 -0.54220184589352438 0 0.68432406471780916 1410.5000000000002 0.099999999999999964 1 26.925000000000004 25.875000000000004 26.125000000000004 146.50000000000003 0.8999999999999998 1419.35122833271
decision_type=2 2 2 2 2 2 9 2 2 2 9 2 2 2 2 2 2
left_child=13 2 -2 4 -4 7 12 8 -3 -9 -5 -8 -7 16 -15 -16 -1
right_child=1 5 3 10 -6 6 11 9 -10 -11 -12 -13 -14 14 15 -17 -18
leaf_value=-0.61585262305184318 1.9199529678878753 0.43562006688685934 -0.07798434785765207 0.3047723216561975 1.8078094428682792 0.71418724726861271 1.2838878666516409 0.14384688161835488 -0.38394116640687381 -0.37456808050505552 -0.64845684890946609 0.26924145366077057 -0.33121298448763703 -1.258447488222822 0.16275140790838782 -0.54160713399346261 0.18579515629271914
leaf_weight=55 71 513 10231 235 64 57 150 276 359 798 1713 558 418 289 74 107 55
leaf_count=55 71 513 10231 235 64 57 150 276 359 798 1713 558 418 289 74 107 55
internal_value=-0.000164379 -0.000118105 -0.000223874 -0.000246979 -0.000128206 0.000283705 0.000841216 -3.23582e-05 0.000560137 -0.00055535 -0.000851206 0.00148957 -6.17291e-05 -0.0013167 -0.0016242 -0.000263737 0
internal_weight=16023 15443 12314 12243 10295 3129 1183 1946 872 1074 1948 708 475 580 470 181 110
internal_count=16023 15443 12314 12243 10295 3129 1183 1946 872 1074 1948 708 475 580 470 181 110
cat_boundaries=0 1 2
cat_threshold=2636932 2080
is_linear=0
shrinkage=0.03


Tree=312
num_leaves=18
num_cat=1
split_feature=12 29 13 33 33 0 21 14 12 29 13 31 14 7 33 24 24
split_gain=0.814183 0.766403 0.901525 0.895163 1.3752 0.670428 0.61684 0.563174 0.872292 0.448615 0.577008 0.361092 0.283501 0.281392 0.30647 0.202296 0.195084
threshold=688.50000000000011 27.475000000000005 1310.3779125486674 5.4450000000000012 5.3050000000000006 0 945.50000000000011 0.9916835347852474 1257.6000000000001 29.125000000000004 1965.2637365934152 30.900000000000016 0.57077594689671507 146.50000000000003 5.4450000000000012 677.50000000000011 577.50000000000011
decision_type=2 2 2 2 2 9 2 2 2 2 2 2 2 2 2 2 2
left_child=13 2 -2 4 -4 9 -5 12 -9 11 -11 -3 -7 14 -1 16 -15
right_child=1 5 3 6 -6 7 -8 8 -10 10 -12 -13 -14 15 -16 -17 -18
leaf_value=-0.16913079369956763 1.8623543788512393 0.2158271639034926 -0.075644817421922972 -1.0035569169702554 1.7535751595822289 0.11837980669355989 -0.24223019374257787 0.47950294361864004 -0.21504867441704464 -0.0066027648909966164 1.0959982135643518 0.90814057818944138 -0.24876570695145492 -0.57673022545592412 -1.0506069777697531 -0.53397883569238191 0.24105960843072854
leaf_weight=69 71 607 10231 582 64 361 1366 53 105 937 110 93 863 54 309 72 76
leaf_count=69 71 607 10231 582 64 361 1366 53 105 937 110 93 863 54 309 72 76
internal_value=-0.000155018 -0.000110335 -0.000219002 -0.000242078 -0.000125292 0.000302875 -0.000835814 -0.00016583 0.00145283 0.000696245 0.000251908 0.00130528 -0.000413878 -0.00126506 -0.00176517 -0.000103449 0.000343511
internal_weight=16023 15443 12314 12243 10295 3129 1948 1382 158 1747 1047 700 1224 580 378 202 130
internal_count=16023 15443 12314 12243 10295 3129 1948 1382 158 1747 1047 700 1224 580 378 202 130
cat_boundaries=0 1
cat_threshold=3489903
is_linear=0
shrinkage=0.03


Tree=313
num_leaves=13
num_cat=3
split_feature=22 33 0 5 29 19 13 0 31 0 27 15
split_gain=0.734456 0.728933 0.642608 0.742073 0.967701 0.783964 0.653126 0.697095 0.54041 0.448349 0.232138 0.0570776
threshold=600.50000000000011 8.615000000000002 0 2.5000000000000004 20.975000000000005 0.2499999999999965 1433.1301288602533 1 83.90000000000002 2 29.825000000000006 -0.49812626372919411
decision_type=2 2 9 2 2 2 2 9 2 9 2 2
left_child=9 2 3 4 -2 -5 7 -4 -8 -1 11 -11
right_child=1 -3 6 5 -6 -7 8 -9 -10 10 -12 -13
leaf_value=-1.1823856201354557 0.76378822671426305 2.9634696193316192 0.088247397605346611 0.14622011136618232 -0.10538053293717133 -0.52995974148799208 0.0080925062900764049 1.8254595861175111 -0.31977800600004253 -0.033674996977618034 0.21974935264395881 -0.45979316924116725
leaf_weight=241 299 61 351 461 2997 2502 8126 205 585 50 50 95
leaf_count=241 299 61 351 461 2997 2502 8126 205 585 50 50 95
internal_value=-0.00015689 -0.000119708 -0.000135442 -0.000370336 -4.64065e-05 -0.0007166 1.87533e-05 0.00101795 -3.99456e-05 -0.00137986 -6.77062e-10 -0.000821919
internal_weight=16023 15587 15526 6259 3296 2963 9267 556 8711 436 195 145
internal_count=16023 15587 15526 6259 3296 2963 9267 556 8711 436 195 145
cat_boundaries=0 1 2 3
cat_threshold=3982352 8197 2626784
is_linear=0
shrinkage=0.03


Tree=314
num_leaves=15
num_cat=0
split_feature=12 12 29 11 11 7 29 7 27 11 7 27 25 27
split_gain=0.724799 0.557233 0.596132 0.808931 0.820473 0.656167 1.80004 1.02304 0.294769 0.278962 0.346969 0.292967 0.161321 0.0859651
threshold=688.50000000000011 4894.9166666666679 27.475000000000005 30.374644814645087 256.58007197234173 21.500000000000004 20.575000000000006 28.500000000000004 27.475000000000005 149.60264830862911 146.50000000000003 26.025000000000002 28.725000000000005 29.675000000000001
decision_type=2 2 2 2 2 2 2 2 2 2 2 2 2 2
left_child=9 2 5 8 -5 6 -2 -7 -4 10 11 -1 -12 -14
right_child=1 -3 3 4 -6 7 -8 -9 -10 -11 12 -13 13 -15
leaf_value=-0.20587333199033228 1.2584236530407471 6.1227272270928177 0.13329529695887454 0.15204335442916025 -1.052773962201254 -1.8256404229393808 -0.10223516484106823 -0.11672334894643664 -0.86204879355955921 0.10914080167987081 -0.80173856835395674 -1.171095430763643 0.29745525890211705 -0.13941519375584874
leaf_weight=65 221 60 51 2803 113 250 608 11175 162 50 93 269 52 51
leaf_count=65 221 60 51 2803 113 250 608 11175 162 50 93 269 52 51
internal_value=-0.000164379 -0.00012199 -0.000136116 0.000226197 0.000369214 -0.000232314 0.000563855 -0.000294067 -0.00151402 -0.00121343 -0.00144068 -0.00205075 -0.000167513 0.000346153
internal_weight=16023 15443 15383 3129 2916 12254 829 11425 213 580 530 334 196 103
internal_count=16023 15443 15383 3129 2916 12254 829 11425 213 580 530 334 196 103
is_linear=0
shrinkage=0.03


Tree=315
num_leaves=20
num_cat=3
split_feature=12 5 0 21 13 21 15 0 15 21 15 13 29 10 7 12 21 0 24
split_gain=1.01283 0.529049 1.07068 0.909127 0.614815 0.594968 1.14607 2.09708 0.886095 0.748203 2.99197 0.954082 0.554378 0.434722 0.694532 0.452426 0.415797 0.507051 0.393001
threshold=704.08333333333337 1.0000000180025095e-35 0 2650.5000000000005 1433.1301288602533 2649.2200000000007 0.054805126479326886 1 0.39629089145655322 2150.5000000000005 -0.95502570686053045 1783.8617850637524 23.275000000000002 2178.6428571428573 273.50000000000006 838.81666666666672 695.50000000000011 2 677.50000000000011
decision_type=2 2 9 2 2 2 2 9 2 2 2 2 2 2 2 2 2 9 2
left_child=16 2 13 4 -4 9 7 -7 -8 11 -11 -3 -5 15 -15 -2 -1 -18 -19
right_child=1 5 3 12 -6 6 8 -9 -10 10 -12 -13 -14 14 -16 -17 17 18 -20
leaf_value=-1.0487346748669448 0.47454369025744014 -0.13759513440969137 2.1409047233317939 3.0959484237294554 0.50184451869523516 -0.37757256767278141 -1.7640619049853214 1.0060544630501711 0.18399682387760591 3.3866137141932118 -1.2145079623866157 0.095894182661179883 -1.3572044860959276 1.4229321183710317 -0.25822757475096975 -0.51027351936356702 -0.8459799538092716 0.34043404447824571 -0.12765902126957571
leaf_weight=348 80 5762 73 72 1097 351 393 519 1209 52 1082 3195 194 163 216 867 122 75 92
leaf_count=348 80 5762 73 72 1097 351 393 519 1209 52 1082 3195 194 163 216 867 122 75 92
internal_value=-0.00010468 -5.28521e-05 0.000318132 0.000889426 0.00126815 -0.000138014 0.000270521 0.00115385 -0.000181535 -0.000242569 -0.000975331 -0.000144676 -0.000573034 -0.000271504 0.000521052 -0.000639241 -0.001279 -0.000248277 0.000640449
internal_weight=15962 15325 2762 1436 1170 12563 2472 870 1602 10091 1134 8957 266 1326 379 947 637 289 167
internal_count=15962 15325 2762 1436 1170 12563 2472 870 1602 10091 1134 8957 266 1326 379 947 637 289 167
cat_boundaries=0 1 2 3
cat_threshold=779274 2557991 2130992
is_linear=0
shrinkage=0.03


Tree=316
num_leaves=17
num_cat=2
split_feature=23 0 29 23 33 6 21 29 0 29 21 17 11 12 11 21
split_gain=1.04035 0.575918 0.709379 1.28689 1.08861 0.643565 1.02187 0.597927 0.575364 0.441333 1.32484 1.08953 0.426591 0.685596 0.495875 0.257846
threshold=577.50000000000011 0 23.275000000000002 2700.5000000000005 4.4050000000000011 3.5000000000000004 1397.5000000000002 24.675000000000008 1 21.025000000000002 2100.5000000000005 0.86113879051459274 239.29459827146619 3629.7631666666671 69.863813100712775 715.50000000000011
decision_type=2 9 2 2 2 2 2 2 9 2 2 2 2 2 2 2
left_child=15 9 3 4 -3 6 -4 -7 -5 10 11 -2 14 -14 -11 -1
right_child=1 2 5 8 -6 7 -8 -9 -10 12 -12 -13 13 -15 -16 -17
leaf_value=-0.85771036047816585 1.4986659080113927 -0.15480238949257805 0.7261411509397514 -1.8139842934218744 -1.7181243200439227 0.27735150888968485 -0.045836453440079195 -0.061123783799437434 1.7380862409963906 -0.23495122000677823 -1.2786985975862182 -0.86774065586534488 -1.6472982179397182 0.50947354242822374 0.0020654793459861146 -0.30130905811184827
leaf_weight=207 261 1617 706 112 608 1812 693 3499 304 1697 152 215 999 311 2717 52
leaf_count=207 261 1617 706 112 608 1812 693 3499 304 1697 152 215 999 311 2717 52
internal_value=-0.000117836 -8.36737e-05 6.21655e-05 -0.000347465 -0.000646901 0.000230218 0.000805714 7.00294e-05 0.00114388 -0.000305046 0.000414944 0.00125157 -0.00039249 -0.000881008 -0.000237147 -0.00200769
internal_weight=15962 15703 9351 2641 2225 6710 1399 5311 416 6352 628 476 5724 1310 4414 259
internal_count=15962 15703 9351 2641 2225 6710 1399 5311 416 6352 628 476 5724 1310 4414 259
cat_boundaries=0 1 2
cat_threshold=3834499 274448
is_linear=0
shrinkage=0.03


Tree=317
num_leaves=18
num_cat=1
split_feature=23 20 33 0 25 12 14 24 15 26 5 23 18 27 24 20 13
split_gain=0.924608 0.555506 0.89463 1.04026 1.29144 0.703289 0.791922 0.529635 0.96628 0.711893 0.33645 0.284791 0.481923 0.243207 0.127269 0.0948717 0.0265041
threshold=577.50000000000011 30.446428571428577 7.2250000000000005 0 29.175000000000004 1400.7166666666669 0.92273069556937592 2277.5000000000005 -0.10837475778693638 1.0500000000000003 3.5000000000000004 1551.5000000000002 0.1000000000000089 31.575000000000006 1298.5000000000002 29.775000000000009 1406.8849694649532
decision_type=2 2 2 9 2 2 2 2 2 2 2 2 2 2 2 2 2
left_child=15 2 7 4 -4 6 14 9 -9 -2 -5 12 -7 -8 -3 16 -1
right_child=1 5 3 10 -6 11 13 8 -10 -11 -12 -13 -14 -15 -16 -17 -18
leaf_value=-0.82872319363166069 -0.01230287101677178 -1.4368020519195814 1.1532697673186434 -0.24366926833394351 0.13081188989727988 -0.019964256198692923 -0.16684518811196355 0.35329201604447252 -0.037962867667046277 -0.22834090463272638 0.40189789163366024 -0.3394957214070044 3.0320040386328428 0.25163516458130919 -0.31009351389131729 -0.11499522760329485 -0.95721741805619442
leaf_weight=66 6588 289 137 411 183 91 105 992 2978 3597 109 64 52 52 55 50 143
leaf_count=66 6588 289 137 411 183 91 105 992 2978 3597 109 64 52 52 55 50 143
internal_value=-0.000110318 -7.79426e-05 -3.60103e-05 0.000909631 0.00222054 -0.00090127 -0.00152988 -9.53666e-05 0.000192646 -0.000212056 0 0.000403845 0.00129167 0 -0.00233913 -0.00189231 -0.0022
internal_weight=15962 15703 14995 840 320 708 501 14155 3970 10185 520 207 143 157 344 259 209
internal_count=15962 15703 14995 840 320 708 501 14155 3970 10185 520 207 143 157 344 259 209
cat_boundaries=0 1
cat_threshold=1574076
is_linear=0
shrinkage=0.03


Tree=318
num_leaves=19
num_cat=2
split_feature=12 20 33 0 7 20 22 28 26 21 0 27 12 26 7 27 7 22
split_gain=0.922774 0.51954 1.34403 1.29011 0.913558 0.634871 0.591335 0.479028 0.421512 0.368837 0.507051 0.295571 0.312357 0.287959 0.26618 0.210235 0.121756 0.0867786
threshold=704.08333333333337 30.446428571428577 7.2250000000000005 0 85.500000000000014 30.06071428571429 1042.0350000000001 18.225000000000005 1.0500000000000003 695.50000000000011 1 32.425000000000004 1563.5500000000002 1.0000000180025095e-35 111.50000000000001 26.175000000000004 146.50000000000003 1850.5000000000002
decision_type=2 2 2 9 2 2 2 2 2 2 9 2 2 2 2 2 2 2
left_child=9 2 7 4 -4 -5 14 17 -9 15 -11 12 -8 -12 -3 -1 -17 -2
right_child=1 6 3 5 -6 -7 11 8 -10 10 13 -13 -14 -15 -16 16 -18 -19
leaf_value=-0.25619519014059311 -0.15687644784366386 -0.30973439382009588 -0.70162725506802637 0.22660932630865255 1.0625380341163273 -0.79160145130055592 -0.22165570764621809 0.017865823631642293 -0.082257041388740237 -0.81839775555050542 0.27154677516170328 0.2234577978223263 0.32323180227704945 -0.16666677991274867 -1.0854012171814542 -1.4560188615129672 -0.041366857083713737 -2.4723805545727329
leaf_weight=53 64 64 55 426 182 105 298 8914 4765 122 80 51 69 87 225 223 72 107
leaf_count=53 64 64 55 426 182 105 298 8914 4765 122 80 51 69 87 225 223 72 107
internal_value=-0.000110318 -6.06819e-05 -1.90855e-05 0.00119766 0.003 0.000243542 -0.000855933 -8.98859e-05 -6.66674e-05 -0.00123198 -0.000248277 -2.14804e-05 -0.000423914 0.000640449 -0.00190345 -0.00191691 -0.00222973 -0.00167442
internal_weight=15962 15325 14618 768 237 531 707 13850 13679 637 289 418 367 167 289 348 295 171
internal_count=15962 15325 14618 768 237 531 707 13850 13679 637 289 418 367 167 289 348 295 171
cat_boundaries=0 1 2
cat_threshold=3146808 2130992
is_linear=0
shrinkage=0.03


Tree=319
num_leaves=15
num_cat=0
split_feature=12 25 13 20 20 13 27 32 24 27 7 7 29 22
split_gain=0.930065 0.502932 0.51638 1.05517 1.31715 1.16802 0.996485 1.50657 0.971365 0.284328 0.357316 0.240659 0.120659 0.0867786
threshold=688.50000000000011 18.225000000000005 1783.8617850637524 23.646428571428576 20.503571428571433 1692.2023619028571 20.025000000000002 3.8499999999999934 852.84000000000003 26.125000000000004 146.50000000000003 160.50000000000003 25.525000000000002 1850.5000000000002
decision_type=2 2 2 2 2 2 2 2 2 2 2 2 2 2
left_child=9 13 3 4 -3 -5 7 -4 -8 12 -11 -12 -1 -2
right_child=1 2 6 5 -6 -7 8 -9 -10 10 11 -13 -14 -15
leaf_value=-0.63610863362888181 -0.15217015440835338 0.4912558657846483 -0.035291146884072776 0.09480927660453084 -1.0732018591214827 -0.22103775480432855 0.4899915836989765 4.5707279420332858 -0.014323701942500554 -1.0865593804434519 0.058224523603306745 -0.50611434196093319 0.41149085267607183 -2.3982091379355506
leaf_weight=51 64 347 130 4661 2524 1909 386 123 5139 285 90 91 55 107
leaf_count=51 64 347 130 4661 2524 1909 386 123 5139 285 90 91 55 107
internal_value=-0.000102801 -5.55527e-05 -3.42977e-05 -0.000173481 -0.0006539 2.96751e-05 0.000185325 0.0020315 9.22903e-05 -0.00129319 -0.00161242 -0.000263737 0 -0.00167442
internal_weight=15962 15390 15219 9441 2871 6570 5778 253 5525 572 466 181 106 171
internal_count=15962 15390 15219 9441 2871 6570 5778 253 5525 572 466 181 106 171
is_linear=0
shrinkage=0.03


Tree=320
num_leaves=20
num_cat=3
split_feature=10 11 24 0 16 0 5 16 31 15 21 15 13 0 11 13 15 15 20
split_gain=0.811235 1.02638 1.46153 0.802303 1.2239 0.73193 1.22784 0.88183 0.743984 0.731156 1.01698 0.834305 0.633858 0.557105 0.534197 0.719199 0.484495 0.443947 0.838782
threshold=2478.7857142857147 208.10871656390376 2587.5000000000005 0 0.8080041977283311 1 1.0000000180025095e-35 0.3362885358101006 44.300000000000018 -0.26867065956352881 2150.5000000000005 -0.73865259438682551 1221.2921568627453 2 628.97374183127704 1724.0357821191158 0.84658398682345093 0.91852788691372023 23.975000000000005
decision_type=2 2 2 9 2 9 2 2 2 2 2 2 2 9 2 2 2 2 2
left_child=5 2 -2 -4 -5 12 7 8 -7 11 -11 -8 -1 14 -3 -16 -15 18 -14
right_child=1 13 3 4 -6 6 9 -9 -10 10 -12 -13 17 16 15 -17 -18 -19 -20
leaf_value=1.0432112241240514 1.2886853820836264 -0.01745079612729784 -0.14007895661728442 0.15580550447223651 0.96300966268023158 0.49063383730528237 -0.16533503504876615 -0.35303201274329771 -0.73575075290932113 -0.048071719619849233 -1.1723331780503539 -0.73874464062078349 -0.92233775384306849 -0.14544353497068305 -3.1656797901447438 4.1756955571075247 -2.1273597132521314 0.53342301573965401 0.031965148454200891
leaf_weight=55 75 724 397 503 195 714 1489 566 94 3081 523 1079 988 789 108 241 210 819 3275
leaf_count=55 75 724 397 503 195 714 1489 566 94 3081 523 1079 988 789 108 241 210 819 3275
internal_value=-0.000118675 0.000298797 0.00101195 0.000684306 0.00129901 -0.000228951 -0.00041723 0.00037309 0.00102719 -0.000601167 -0.000307074 -0.000996108 3.96263e-05 -8.24899e-05 0.000365313 0.00133714 -0.000605941 0 -0.0001182
internal_weight=15925 3242 1170 1095 698 12683 7546 1374 808 6172 3604 2568 5137 2072 1073 349 999 5082 4263
internal_count=15925 3242 1170 1095 698 12683 7546 1374 808 6172 3604 2568 5137 2072 1073 349 999 5082 4263
cat_boundaries=0 1 2 3
cat_threshold=3414113 1322062 114225
is_linear=0
shrinkage=0.03


Tree=321
num_leaves=20
num_cat=1
split_feature=12 20 11 17 7 7 20 17 33 28 20 33 0 22 29 24 20 23 22
split_gain=0.884904 0.775995 1.23464 0.960482 0.833154 1.39235 0.880055 1.44905 1.05202 0.792855 0.706793 0.626261 1.35673 0.962709 0.556954 0.533551 0.181724 0.142591 0.0295893
threshold=688.50000000000011 23.88571428571429 164.38920136011424 0.98448590438035632 45.500000000000007 34.500000000000007 24.450000000000006 0.55657037965818901 3.9850000000000008 22.425000000000004 20.425000000000001 3.5850000000000004 0 1140.1950000000004 28.825000000000006 650.50000000000011 27.43928571428572 546.50000000000011 2125.5700000000002
decision_type=2 2 2 2 2 2 2 2 2 2 2 2 9 2 2 2 2 2 2
left_child=14 2 3 10 5 -3 7 -6 -8 -5 -2 12 -4 -13 15 16 -1 -16 -7
right_child=1 4 11 9 6 18 8 -9 -10 -11 -12 13 -14 -15 17 -17 -18 -19 -20
leaf_value=-0.18562566970476818 0.14304038638333216 -0.93995147304158888 2.4950963462524594 -0.53157146502337005 0.64725467298853445 5.3805149331040862 -0.20996586995997635 -0.64813602608113374 0.028759770117738181 1.2845958865605087 -1.1394678342804607 2.0820789154958157 -0.14124969811831553 -0.57022571697587132 -1.3305911546822582 -0.89596177685236245 0.4708755495677408 -0.79100455922531299 1.9451194228435564
leaf_weight=58 376 84 365 103 1690 51 2232 322 5516 76 1766 163 710 1851 64 116 57 274 51
leaf_count=58 376 84 365 103 1690 51 2232 322 5516 76 1766 163 710 1851 64 116 57 274 51
internal_value=-0.000118675 -7.24758e-05 -0.00036315 -0.000886306 8.11293e-05 0.00206952 3.84175e-05 0.000600595 -0.00010182 0.0011 -0.00107373 1.55333e-05 0.000613382 -0.00028139 -0.00128421 0 0.0012931 -0.00206195 0.00445631
internal_weight=15925 15356 5410 2321 9946 186 9760 2012 7748 179 2142 3089 1075 2014 569 231 115 338 102
internal_count=15925 15356 5410 2321 9946 186 9760 2012 7748 179 2142 3089 1075 2014 569 231 115 338 102
cat_boundaries=0 1
cat_threshold=71753
is_linear=0
shrinkage=0.03


Tree=322
num_leaves=20
num_cat=2
split_feature=10 24 27 0 11 16 20 27 0 17 14 21 13 24 20 23 29 33 21
split_gain=0.846805 1.06189 1.26775 0.919541 0.894364 1.07687 1.031 0.752715 0.744535 0.953202 1.12752 1.00224 0.633858 0.580677 1.02358 0.634926 0.559918 0.491397 0.376622
threshold=2478.7857142857147 2850.5000000000005 25.625000000000004 0 208.10871656390376 -0.73866412149774419 24.589285714285719 25.025000000000002 1 -0.75015199441507729 -0.65234524191686594 695.50000000000011 1221.2921568627453 1670.5000000000002 25.296428571428578 1445.5000000000002 24.625000000000004 3.2950000000000004 2845.0050000000006
decision_type=2 2 2 9 2 2 2 2 9 2 2 2 2 2 2 2 2 2 2
left_child=8 3 4 7 6 -6 -3 16 12 13 -11 -12 -1 15 -15 -10 -2 -4 -5
right_child=1 2 17 18 5 -7 -8 -9 9 10 11 -13 -14 14 -16 -17 -18 -19 -20
leaf_value=1.0064799146087027 10.394454908983388 1.3576978673557669 0.02367017504445788 0.44143679360872867 0.18857106642819318 -1.4957354184555647 -0.11553649861584971 0.28107083787763681 0.042804513684320068 -1.248623248971795 -1.091549311927662 -0.15376433710909171 0.0001756720592798977 -0.053388616229627706 2.0486217488895484 -1.2486330791707732 0.9089367924082371 2.1309100002372401 -0.12392668566883842
leaf_weight=55 93 398 61 307 840 739 299 70 1333 616 269 4787 5082 197 110 234 58 97 280
leaf_count=55 93 398 61 307 840 739 299 70 1333 616 269 4787 5082 197 110 234 58 97 280
internal_value=-0.000118675 0.000308047 0 0.00124969 -0.000185771 -0.000596203 0.000679082 0.00289655 -0.000231316 -0.0004212 -0.000617135 -0.000457387 3.96263e-05 0.000145599 0.00134416 -6.12252e-05 0.00422368 0.0025849 0.000491638
internal_weight=15925 3242 2434 808 2276 1579 697 221 12683 7546 5672 5056 5137 1874 307 1567 151 158 587
internal_count=15925 3242 2434 808 2276 1579 697 221 12683 7546 5672 5056 5137 1874 307 1567 151 158 587
cat_boundaries=0 1 2
cat_threshold=611840 1322062
is_linear=0
shrinkage=0.03


Tree=323
num_leaves=20
num_cat=4
split_feature=14 31 0 18 16 29 21 5 0 21 0 30 20 24 0 24 18 13 13
split_gain=0.742323 0.860202 0.830073 0.78508 1.74927 1.3898 0.811525 0.784997 0.887003 0.760374 1.28959 0.747598 0.588064 0.385155 0.384823 0.687387 0.568764 0.314966 0.752694
threshold=-0.98046803196378884 81.350000000000023 0 60.350000000000001 0.61746692340271048 24.075000000000006 1852.6250000000002 1.0000000180025095e-35 1 1850.5000000000002 2 1.0500000000000003 23.93214285714286 1151.5000000000002 3 2030.5000000000002 28.300000000000008 1546.4417666982856 1636.2840196576853
decision_type=2 2 9 2 2 2 2 2 9 2 9 2 2 2 9 2 2 2 2
left_child=9 3 17 7 6 -6 -5 8 -2 10 13 -9 -12 -1 -11 -16 -17 -3 -19
right_child=1 2 -4 4 5 -7 -8 11 -10 14 12 -13 -14 -15 15 16 -18 18 -20
leaf_value=-1.0987022547949894 -0.062369333438551569 -0.83717643091318095 -0.6495394778644058 -1.6565498183205956 -0.12916213283355016 0.94350434855752152 0.88312799358956495 -0.060717011504977908 0.47755732998666389 -0.58006884411551762 0.45812029541096805 -0.37943786572405563 2.43710468610846 0.65348372912781061 -0.87421296538416782 -0.043180460613851369 3.3321576696526352 0.58436012727912934 -0.039483185593635776
leaf_weight=55 1369 79 506 196 122 281 97 8674 1123 236 57 2431 76 52 110 63 109 76 213
leaf_count=55 1369 79 506 196 122 281 97 8674 1123 236 57 2431 76 52 110 63 109 76 213
internal_value=-0.000126209 -0.000174447 -0.00109372 -0.000115014 0.000856527 0.00216832 -0.000795919 -0.000168114 0.000304452 0.000778655 0.00217842 -0.000278229 0.004 -5.08481e-05 4.04617e-05 0.000849829 0.00213295 0 0.000475861
internal_weight=15925 15167 874 14293 696 403 293 13597 2492 758 240 11105 133 107 518 282 172 368 289
internal_count=15925 15167 874 14293 696 403 293 13597 2492 758 240 11105 133 107 518 282 172 368 289
cat_boundaries=0 1 2 3 4
cat_threshold=256014 781378 2204706 476370
is_linear=0
shrinkage=0.03


Tree=324
num_leaves=20
num_cat=1
split_feature=12 20 27 33 12 20 16 16 23 33 7 7 7 13 17 29 24 13 0
split_gain=0.719376 0.773793 1.07563 1.099 1.07124 0.985984 1.36669 1.17589 0.950138 1.10347 0.828182 0.800418 1.055 0.952474 0.546124 0.458038 0.533551 0.37762 0.287698
threshold=688.50000000000011 23.88571428571429 24.075000000000006 5.3050000000000006 1887.2000000000003 20.317857142857147 0.46230456327903491 0.83966414931270739 1700.5000000000002 3.5450000000000004 329.50000000000006 45.500000000000007 34.500000000000007 1692.2023619028571 0.84659964483890704 28.825000000000006 650.50000000000011 1425.4821394200833 0
decision_type=2 2 2 2 2 2 2 2 2 2 2 2 2 2 2 2 2 2 9
left_child=15 4 3 10 5 7 -7 -2 9 -6 -3 12 -4 -13 -10 16 17 -1 -17
right_child=1 2 11 -5 8 6 -8 -9 14 -11 -12 13 -14 -15 -16 18 -18 -19 -20
leaf_value=-0.025403954004009549 -0.30002784982959285 0.38466343532058905 -0.84356089420215818 1.6419187429970161 3.5065949554358951 -0.32827546982419958 -1.8848473963947574 0.89299323215981929 0.071409933500773626 -0.47495119651079093 -3.1255985483767406 0.067947339013973818 3.5195495335998501 -0.14800827565022151 -1.0969912959504438 -0.22251332800796297 -0.86495757056365163 0.43757231814794428 -0.97387145317757606
leaf_weight=65 240 1432 73 91 165 1213 932 88 1834 195 101 3474 77 4698 743 103 116 50 235
leaf_count=65 240 1432 73 91 165 1213 932 88 1834 195 101 3474 77 4698 743 103 116 50 235
internal_value=-0.000126209 -8.41968e-05 6.90653e-05 0.00077723 -0.000374238 -0.000834277 -0.00107642 0.000610942 0 0.00145429 0.000551499 -6.37998e-05 0.00208609 -0.000109018 -0.000188519 -0.00117895 0 0.0012931 -0.00188496
internal_weight=15925 15356 9946 1624 5410 2473 2145 328 2937 360 1533 8322 150 8172 2577 569 231 115 338
internal_count=15925 15356 9946 1624 5410 2473 2145 328 2937 360 1533 8322 150 8172 2577 569 231 115 338
cat_boundaries=0 1
cat_threshold=8241
is_linear=0
shrinkage=0.03


Tree=325
num_leaves=17
num_cat=3
split_feature=22 16 16 29 11 0 17 0 15 0 27 10 19 10 15 33
split_gain=0.782056 0.651719 0.622482 0.888134 0.701064 0.653043 0.628452 0.980889 0.739028 0.617217 0.34641 0.288135 0.224301 0.249936 0.0844122 0.00505335
threshold=550.50000000000011 -0.97717844506743556 -0.65234524191686594 30.275000000000002 128.05783663568008 0 0.9980355542543059 1 -0.98932651372861458 2 22.175000000000004 900.07142857142867 1.9499999999999933 785.78571428571433 -0.70900320270980455 5.6350000000000007
decision_type=2 2 2 2 2 9 2 9 2 9 2 2 2 2 2 2
left_child=14 9 3 4 -3 -5 8 -8 -4 12 -11 -12 13 -2 -1 -14
right_child=1 2 6 5 -6 -7 7 -9 -10 10 11 -13 15 -15 -16 -17
leaf_value=-0.75682656872138665 -1.3229423707150232 0.46639761316966832 -0.46019188434230218 -0.8630065312983991 0.096951021281261235 0.016441055109824083 -0.65660554745697963 1.6428688754877701 -0.052350433432465558 -7.62351994776974 -0.21156961414725772 0.50802203749329933 -2.6794847250637615 0.3371853047222656 -1.0204971580389881 -0.87791528833997612
leaf_weight=51 61 914 544 242 1881 340 113 174 10642 61 93 363 227 50 175 50
leaf_count=51 61 914 544 242 1881 340 113 174 10642 61 93 363 227 50 175 50
internal_value=-0.000106245 -7.80662e-05 -2.72716e-05 0.00032682 0.000557939 -0.000704975 -0.000135437 0.00122917 -0.000174578 -0.000860928 -6.81825e-05 0.000124726 -0.00175188 -0.000160715 -0.00186344 -0.00228777
internal_weight=15981 15755 14850 3377 2795 582 11473 287 11186 905 517 456 388 111 226 277
internal_count=15981 15755 14850 3377 2795 582 11473 287 11186 905 517 456 388 111 226 277
cat_boundaries=0 1 2 3
cat_threshold=3862544 2666520 2731528
is_linear=0
shrinkage=0.03


Tree=326
num_leaves=20
num_cat=2
split_feature=16 0 16 29 12 11 18 21 15 29 7 11 23 11 20 12 0 21 5
split_gain=0.696444 0.801151 0.582412 0.890692 0.784457 0.62178 0.907269 0.748507 0.549935 0.857119 1.81904 0.95031 0.701288 1.29206 0.523468 0.431568 0.431273 0.340727 0.220925
threshold=-0.97717844506743556 0 -0.65234524191686594 30.275000000000002 1485.5333333333335 114.5643923739669 2.800000000000002 850.50000000000011 0.99681593486783593 24.325000000000006 47.500000000000007 128.05783663568008 1820.5000000000002 120.51476890326411 22.496428571428577 924.98333333333346 1 4000.5000000000005 4.5000000000000009
decision_type=2 9 2 2 2 2 2 2 2 2 2 2 2 2 2 2 9 2 2
left_child=1 18 3 5 16 6 -2 -7 9 11 -11 -4 13 -10 -3 -16 -5 -17 -1
right_child=2 14 8 4 -6 7 -8 -9 12 10 -12 -13 -14 -15 15 17 -18 -19 -20
leaf_value=-1.3574843882638021 0.13949796004503792 -7.4083162982941388 -0.43526355493701169 -0.094066335565656578 1.5450092068072208 0.26840636648398325 1.4983143194701414 0.040938367241820955 2.0304498325388036 4.8855473492183146 -0.016068120100757543 -0.055885530585395492 -0.52858997364594584 0.9897948949711064 -0.38365729085552996 1.0167170231536076 -0.97982602909701866 -0.80046876681980805 -0.57696062254232205
leaf_weight=401 546 72 2382 241 95 116 305 1874 55 118 6058 2536 169 286 101 219 265 79 63
leaf_count=401 546 72 2382 241 95 116 305 1874 55 118 6058 2536 169 286 101 219 265 79 63
internal_value=-0.000100614 -0.000897437 -4.80502e-05 0.000290153 -0.000727575 0.000521463 0.00121127 0.000203415 -0.000152263 -0.00019982 2.8654e-05 -0.000495833 0.000792563 0.00161403 0 0.000419999 -0.00124852 0.00107358 -0.00176211
internal_weight=15981 935 15046 3442 601 2841 851 1990 11604 11094 6176 4918 510 341 471 399 506 298 464
internal_count=15981 935 15046 3442 601 2841 851 1990 11604 11094 6176 4918 510 341 471 399 506 298 464
cat_boundaries=0 1 2
cat_threshold=2731529 1592387
is_linear=0
shrinkage=0.03


Tree=327
num_leaves=20
num_cat=2
split_feature=16 0 16 29 12 11 18 29 17 5 29 15 11 0 20 20 23 5 12
split_gain=0.743328 0.720201 0.566924 0.794781 0.750038 0.597265 0.820179 0.763331 0.556402 0.782233 0.613262 1.17218 1.05563 0.448922 0.439839 0.436321 0.326701 0.197633 0.174662
threshold=-0.97717844506743556 0 -0.65234524191686594 30.275000000000002 1485.5333333333335 114.5643923739669 2.800000000000002 22.925000000000004 0.9980355542543059 1.0000000180025095e-35 24.325000000000006 0.68274389090025245 128.05783663568008 1 24.925000000000004 22.496428571428577 3952.0050000000006 4.5000000000000009 924.98333333333346
decision_type=2 9 2 2 2 2 2 2 2 2 2 2 2 9 2 2 2 2 2
left_child=1 15 3 5 13 6 -2 -7 10 -10 12 -12 -4 -5 -11 -1 17 -3 -17
right_child=2 16 8 4 -6 7 -8 -9 9 14 11 -13 -14 -15 -16 18 -18 -19 -20
leaf_value=-7.1725648642837507 0.13531302124368819 -1.2345870059486508 -0.41177192407714686 -0.058694197621571367 1.4986589306030045 1.6325893906651503 1.4533648898860361 -0.093860641404067413 3.1717913079443552 -1.0262902387093729 -0.018034999739716413 2.236284119706565 -0.012422111918948292 -0.93196041974958477 0.80915549317888735 -0.17240737220938182 0.030794433255961484 -0.59070503982074507 0.6658244469975888
leaf_weight=61 546 416 2435 218 95 614 305 1376 60 147 5855 195 2832 288 80 84 75 54 245
leaf_count=61 546 416 2435 218 95 614 305 1376 60 147 5855 195 2832 288 80 84 75 54 245
internal_value=-0.000106245 -0.000929488 -5.20377e-05 0.00028144 -0.000677742 0.000500351 0.00117606 0.000188347 -0.000154848 0.001125 -0.000191377 7.43607e-06 -0.000428247 -0.00118935 0.000105262 0 -0.00161871 -0.00194268 0.00050909
internal_weight=15981 935 15046 3442 601 2841 851 1990 11604 287 11317 6050 5267 506 227 390 545 470 329
internal_count=15981 935 15046 3442 601 2841 851 1990 11604 287 11317 6050 5267 506 227 390 545 470 329
cat_boundaries=0 1 2
cat_threshold=147702 609283
is_linear=0
shrinkage=0.03


Tree=328
num_leaves=18
num_cat=0
split_feature=22 27 20 13 20 28 31 11 28 13 16 29 16 16 24 7 23
split_gain=0.780179 0.503413 1.12516 1.29182 1.42665 1.29425 1.13733 1.61625 1.059 0.595095 1.19783 0.747484 0.471095 0.41546 0.173393 0.0844122 0.00499208
threshold=550.50000000000011 24.075000000000006 22.446428571428577 1718.19791641799 20.425000000000001 22.525000000000002 81.350000000000023 217.19258515804324 23.925000000000004 1690.5877507056905 0.84313847884979054 27.525000000000002 0.5331367478917558 0.96522610578843548 1250.5000000000002 137.50000000000003 700.50000000000011
decision_type=2 2 2 2 2 2 2 2 2 2 2 2 2 2 2 2 2
left_child=15 2 3 4 -2 -5 7 -4 13 10 -10 -11 -8 14 -3 16 -1
right_child=1 8 6 5 -6 -7 12 -9 9 11 -12 -13 -14 -15 -16 -17 -18
leaf_value=-1.4963727923013199 0.4859046375872686 -0.35978366851319532 0.68828607493020466 -0.010202882275263685 -1.7991586985866359 3.9945694239872722 0.077823048364474151 -0.073458798456394483 -0.032132148561173191 -0.46887247234127438 0.52540793353978477 0.019098709284198108 -0.56160683754290575 0.40123639993801391 -1.7115507693800069 -0.67676825639316562 -0.099643528594058575
leaf_weight=125 193 151 1638 1523 1129 163 240 1069 3265 3010 683 1993 270 85 343 51 50
leaf_count=125 193 151 1638 1523 1129 163 240 1069 3265 3010 683 1993 270 85 343 51 50
internal_value=-0.000108122 -7.99703e-05 0.00012528 -0.000282154 -0.00099093 0.000247184 0.000520198 0.000773264 -0.000218761 -0.000132708 0.000134464 -0.000352519 -0.000733856 -0.00146897 -0.00181212 -0.00186344 -0.00221591
internal_weight=15981 15755 6225 3008 1322 1686 3217 2707 9530 8951 3948 5003 510 579 494 226 175
internal_count=15981 15755 6225 3008 1322 1686 3217 2707 9530 8951 3948 5003 510 579 494 226 175
is_linear=0
shrinkage=0.03


Tree=329
num_leaves=17
num_cat=2
split_feature=22 31 0 27 20 7 27 27 0 16 19 33 17 33 7 15
split_gain=0.774556 0.509808 0.821555 0.704268 1.52193 2.00293 1.18774 1.04275 0.72895 0.480842 0.470167 0.558255 0.234487 0.137164 0.0844122 0.0665848
threshold=550.50000000000011 83.90000000000002 0 24.375000000000004 23.953571428571433 321.50000000000006 24.925000000000008 23.275000000000002 1 0.84660111278280559 228.95000000000002 2.2950000000000004 -0.99140057354994637 2.3550000000000004 137.50000000000003 -0.97696767110351213
decision_type=2 2 9 2 2 2 2 2 9 2 2 2 2 2 2 2
left_child=14 3 10 4 7 -6 9 -2 -8 -5 13 -12 -4 -3 -1 -14
right_child=1 2 12 6 5 -7 8 -9 -10 -11 11 -13 15 -15 -16 -17
leaf_value=-0.9691089188510561 0.093059068841001874 -0.11520432844649618 0.11694132338744409 -0.98431932225558971 0.83388966965798783 -2.9041315053008327 -0.15857854184092091 -0.69423631388666418 0.075550330044466027 -0.049515538305342062 -0.26961582414331786 0.41833062194225645 -0.10183425190813244 -2.3286898879772431 -0.65646520870136993 -0.7511806466334241
leaf_weight=175 3758 67 69 1134 1512 203 3013 906 3668 569 128 210 66 66 51 386
leaf_count=175 3758 67 69 1134 1512 203 3013 906 3668 569 128 210 66 66 51 386
internal_value=-0.000113754 -8.56824e-05 -0.000746224 -3.82017e-05 0.000195611 0.000961538 -0.000221468 -7.6528e-05 -3.41222e-05 -0.000929578 8.71362e-05 0.000769911 -0.00155639 -0.00129851 -0.00186344 -0.00183444
internal_weight=15981 15755 992 14763 6379 1715 8384 4664 6681 1703 471 338 521 133 226 452
internal_count=15981 15755 992 14763 6379 1715 8384 4664 6681 1703 471 338 521 133 226 452
cat_boundaries=0 1 2
cat_threshold=3911816 2208402
is_linear=0
shrinkage=0.03


Tree=330
num_leaves=16
num_cat=1
split_feature=16 0 7 29 5 15 17 21 11 22 26 15 7 11 13
split_gain=0.921388 0.879984 1.26944 1.10847 0.590577 0.831323 1.03255 0.521428 0.76103 0.465275 1.26608 0.72253 0.342676 0.280445 0.0743394
threshold=-0.998663445439673 0 21.500000000000004 20.575000000000006 3.5000000000000004 -0.99700296666818056 0.55657037965818901 897.50000000000011 183.62260710243498 1235.9300000000001 15.700000000000001 -0.98049353344232182 144.50000000000003 136.36435786245548 1857.3975169994274
decision_type=2 9 2 2 2 2 2 2 2 2 2 2 2 2 2
left_child=14 2 3 -2 9 -6 -7 12 -9 10 -3 -11 -4 -5 -1
right_child=1 4 7 13 5 6 -8 8 -10 11 -12 -13 -14 -15 -16
leaf_value=-1.3543532533589624 1.4242613085590443 0.10166137630754028 -0.81295659527202724 -0.42425055928641719 1.3053150841039005 0.026942692542906418 -0.8339038913588418 -0.018712772734372701 -0.85499269384274845 -0.53323919316751689 0.90310873091990251 0.096991905626850991 -0.0049349232660623639 0.49549461008493434 -0.87958632017092819
leaf_weight=217 59 2459 529 66 67 2180 1054 2348 1335 347 52 4907 178 106 65
leaf_count=217 59 2459 529 66 67 2180 1054 2348 1335 347 52 4907 178 106 65
internal_value=-7.02574e-05 -3.67167e-05 -0.000386011 0.00173276 0.000105353 -0.000223502 -0.000305101 -0.000508996 -0.000348535 0.000251094 0.000589967 8.04941e-05 -0.00127966 0.000225433 -0.00177032
internal_weight=15969 15687 4621 231 11066 3301 3234 4390 3683 7765 2511 5254 707 172 282
internal_count=15969 15687 4621 231 11066 3301 3234 4390 3683 7765 2511 5254 707 172 282
cat_boundaries=0 1
cat_threshold=2789382
is_linear=0
shrinkage=0.03


Tree=331
num_leaves=18
num_cat=2
split_feature=16 23 0 33 33 0 7 20 5 20 29 15 27 19 12 11 13
split_gain=0.932597 0.735858 0.994531 1.17233 1.8898 0.646892 1.37194 1.23948 0.606328 0.761191 0.639163 0.464352 0.42273 0.579357 0.272896 0.11624 0.0743394
threshold=-0.998663445439673 3395.0000000000005 0 4.6650000000000009 4.0050000000000008 1 21.500000000000004 22.089285714285719 3.5000000000000004 21.753571428571433 24.325000000000006 -0.77243990499604276 24.775000000000002 122.55000000000003 2947.5163333333335 341.61609311558942 1857.3975169994274
decision_type=2 2 9 2 2 9 2 2 2 2 2 2 2 2 2 2 2
left_child=16 5 12 4 -4 6 7 -2 10 -10 -7 -8 13 -3 -5 -14 -1
right_child=1 2 3 14 -6 8 11 -9 9 -11 -12 -13 15 -15 -16 -17 -18
leaf_value=-1.3137226557581938 1.101182721996893 -0.27048505795642414 0.38349583971210244 0.23308011351735825 5.8331442891079854 -0.14355065113960211 -0.0061416018313221335 -1.0804133716355222 -2.0843177869145486 -0.054351932627792844 0.14041498195681926 -0.5705015304460711 -2.1025852539854872 2.0321922557013155 -2.9602403008247906 -0.74041277814342399 -0.85319873056579731
leaf_weight=217 144 361 499 53 254 2883 1137 84 431 2516 3997 2787 115 255 101 70 65
leaf_count=217 144 361 499 53 254 2883 1137 84 431 2516 3997 2787 115 255 101 70 65
internal_value=-6.08648e-05 -2.71552e-05 0.000556465 0.00123529 0.00175862 -0.000101717 -0.000415807 0.00179476 2.6834e-05 -0.00032768 0.000185292 -0.000557198 -0.000169951 0.000141004 -0.000948388 -0.00145161 -0.00177032
internal_weight=15969 15687 1708 907 753 13979 4152 228 9827 2947 6880 3924 801 616 154 185 282
internal_count=15969 15687 1708 907 753 13979 4152 228 9827 2947 6880 3924 801 616 154 185 282
cat_boundaries=0 1 2
cat_threshold=4094080 2789382
is_linear=0
shrinkage=0.03


Tree=332
num_leaves=14
num_cat=2
split_feature=16 0 10 16 29 32 14 25 14 0 33 24 29
split_gain=1.00602 0.659371 0.543127 0.597666 1.05656 1.01445 1.14771 0.715681 0.638206 0.525622 0.402175 0.486004 0.249287
threshold=-0.97876850416056738 0 557.92857142857156 -0.62588817255938378 27.825000000000006 65.450000000000017 -0.89406062840022227 23.475000000000005 -0.95754239937548935 1 3.9150000000000005 4806.0000000000009 24.275000000000002
decision_type=2 9 2 2 2 2 2 2 2 9 2 2 2
left_child=1 -1 -2 5 8 6 -4 -7 -5 -6 -3 12 -12
right_child=2 10 3 4 9 7 -8 -9 -10 -11 11 -13 -14
leaf_value=-1.4243833231494016 -1.499224835390949 0.60503951950371881 4.4673686712055609 0.26171325302835619 -0.003871406649307955 0.19800634969549091 -0.013370269301800745 2.39638183773932 -0.15681360132017105 0.4004478228912513 -4.1801912492815481 0.75696199192104308 -0.17163934263832609
leaf_weight=269 114 60 67 1144 519 462 2557 503 8924 782 191 54 323
leaf_count=269 114 60 67 1144 519 462 2557 503 8924 782 191 54 323
internal_value=-6.65004e-05 -0.00104232 -5.37456e-06 7.41957e-06 -9.60429e-05 0.000347632 2.39993e-05 0.00118012 -0.000203497 0.00070046 -0.000389672 -0.000701231 -0.00104272
internal_weight=15969 897 15072 14958 11369 3589 2624 965 10068 1301 628 568 514
internal_count=15969 897 15072 14958 11369 3589 2624 965 10068 1301 628 568 514
cat_boundaries=0 1 2
cat_threshold=2719753 1743556
is_linear=0
shrinkage=0.03


Tree=333
num_leaves=20
num_cat=3
split_feature=0 29 10 7 13 29 13 10 23 11 20 7 27 0 7 15 15 0 20
split_gain=0.692803 0.85724 0.89584 0.950333 1.49693 0.61154 0.592131 0.650965 0.560797 0.544444 1.4028 2.0753 0.861249 1.07987 0.827253 0.514491 1.01521 0.42534 0.427561
threshold=0 20.975000000000005 1885.7857142857144 347.50000000000006 1718.19791641799 23.975000000000005 1695.8038550949248 635.78571428571433 3395.0000000000005 146.79107277903299 22.496428571428577 300.50000000000006 20.025000000000002 1 86.500000000000014 -0.15101602693478741 -0.29342786347392819 2 20.317857142857147
decision_type=9 2 2 2 2 2 2 2 2 2 2 2 2 9 2 2 2 9 2
left_child=1 2 3 4 -1 8 7 -7 -3 10 17 14 13 -11 -12 16 -14 18 -2
right_child=9 5 -4 -5 -6 6 -8 -9 -10 12 11 -13 15 -15 -16 -17 -18 -19 -20
leaf_value=0.22019822507903636 1.0278536849520066 -1.0261623891212355 -2.192636282545994 -1.786492843976687 4.4675697936041878 -1.1031429971359856 -0.54335848619720184 0.05682318401707348 1.0937012808828326 4.4240324173386236 0.22351350521745542 4.225987022840215 0.056874275884075461 0.34987455344563623 -0.065090276945290848 -0.00096788039810451708 0.81253682714844722 -1.6455427589326843 -1.889847948294495
leaf_weight=91 93 863 104 73 78 173 815 1426 154 117 1229 89 874 199 4585 4144 170 548 144
leaf_count=91 93 863 104 73 78 173 815 1426 154 117 1229 89 874 199 4585 4144 170 548 144
internal_value=-7.40145e-05 -0.000429251 0.000942362 0.00201234 0.00328235 -0.000582169 -0.000296895 1.12493e-05 -0.00121415 3.26962e-05 -0.000144865 6.09685e-06 0.000256675 0.00178864 -5.62346e-05 0.000154364 0.000749282 -0.00133588 -2.41942e-05
internal_weight=15969 3777 346 242 169 3431 2414 1599 1017 12192 6688 5903 5504 316 5814 5188 1044 785 237
internal_count=15969 3777 346 242 169 3431 2414 1599 1017 12192 6688 5903 5504 316 5814 5188 1044 785 237
cat_boundaries=0 1 2 3
cat_threshold=2789380 16474 8259
is_linear=0
shrinkage=0.03


Tree=334
num_leaves=17
num_cat=3
split_feature=16 0 29 7 12 11 16 11 27 17 27 0 13 19 0 13
split_gain=0.908013 0.653936 0.817495 0.634255 0.571732 0.848946 0.568918 0.530827 1.12261 0.892841 0.63227 0.811987 0.475646 0.400832 0.324907 0.0743394
threshold=-0.998663445439673 0 20.975000000000005 21.500000000000004 4160.8500000000013 247.43084649355254 -0.8983350073998303 146.79107277903299 20.475000000000005 0.99138911339924218 20.025000000000002 1 1502.0216794048249 5.2499999999999973 2 1857.3975169994274
decision_type=2 9 2 2 2 2 2 2 2 2 2 9 2 2 9 2
left_child=15 2 3 -2 5 -4 -6 8 14 -10 11 -9 -12 -5 -3 -1
right_child=1 7 4 13 6 -7 -8 10 9 -11 12 -13 -14 -15 -16 -17
leaf_value=-1.2468539634381288 1.4501232884441158 -0.24870635548992637 -0.15301406967190681 -1.6018657699749501 6.5138141867857033 -2.4428457010068403 -1.1155480673937739 4.2913114448184588 -0.029944102286658749 0.9109540109981773 1.2813725537993668 0.33937831684226477 0.041496468622916456 0.66224450399192281 -1.5578306742790982 -0.81189207418816278
leaf_weight=217 65 112 2703 151 63 540 66 117 6003 235 307 199 4769 130 227 65
leaf_count=217 65 112 2703 151 63 540 66 117 6003 235 307 199 4769 130 227 65
internal_value=-8.15286e-05 -4.81904e-05 -0.000396622 0.000942362 -0.00054877 -0.000636252 0.00129231 5.65936e-05 -0.00011949 -2.06771e-05 0.000279806 0.00159937 0.000188496 0.000148935 -0.0018 -0.00177032
internal_weight=15969 15687 3718 346 3372 3243 129 11969 6577 6238 5392 316 5076 281 339 282
internal_count=15969 15687 3718 346 3372 3243 129 11969 6577 6238 5392 316 5076 281 339 282
cat_boundaries=0 1 2 3
cat_threshold=2789380 16474 1058841
is_linear=0
shrinkage=0.03


Tree=335
num_leaves=16
num_cat=1
split_feature=23 14 13 23 0 27 27 12 33 5 11 11 28 10 19
split_gain=0.733972 0.625231 0.784214 0.938046 0.645264 0.640482 0.590571 0.606006 0.577161 0.548955 0.949256 0.732144 0.376092 0.192981 0.165178
threshold=577.50000000000011 -0.98370366633421236 1559.8065853274404 1545.5000000000002 0 25.825000000000006 29.175000000000004 954.26666666666677 4.2350000000000012 1.0000000180025095e-35 903.69899555911115 201.48000017230342 24.325000000000006 1873.0714285714287 1.0499999999999967
decision_type=2 2 2 2 9 2 2 2 2 2 2 2 2 2 2
left_child=14 2 13 12 9 -5 8 -8 -6 11 -11 -3 -4 -2 -1
right_child=1 4 3 5 6 -7 7 -9 -10 10 -12 -13 -14 -15 -16
leaf_value=-1.0595917572982823 -0.025106849092095745 0.34145745545103656 0.78583529371749061 0.011846540931882976 -0.047590082618259248 2.6958597233008361 -0.54244398490923118 -0.017493677314738935 0.17017202469303039 -0.25060564308227962 10.246965137673445 -1.2629120643488136 3.9746164639334358 -4.5100633902061267 -0.088777958396680873
leaf_weight=192 58 824 74 374 4391 64 449 715 3552 4812 54 325 60 65 82
leaf_count=192 58 824 74 374 4391 64 449 715 3552 4812 54 325 60 65 82
internal_value=-8.31476e-05 -5.34841e-05 0.000818965 0.00132461 -9.66085e-05 0.000526195 5.85648e-05 -0.000563949 0.000155588 -0.000338534 -0.000481406 0.000224347 0.00357778 -0.00116129 -0.00162546
internal_weight=16091 15817 695 572 15122 438 9107 1164 7943 6015 4866 1149 134 123 274
internal_count=16091 15817 695 572 15122 438 9107 1164 7943 6015 4866 1149 134 123 274
cat_boundaries=0 1
cat_threshold=2674832
is_linear=0
shrinkage=0.03


Tree=336
num_leaves=18
num_cat=2
split_feature=16 27 0 25 10 12 7 27 23 11 23 0 11 11 25 27 27
split_gain=0.783331 0.758092 0.757159 0.6772 0.712219 0.627845 0.553797 0.930563 0.64153 0.511332 0.454879 0.394712 0.385611 0.341963 0.628501 0.280857 0.218054
threshold=-0.99629805505515945 30.425000000000001 0 29.025000000000002 623.57142857142878 1705.4333333333336 210.50000000000003 25.825000000000006 1650.5000000000002 132.28756555323361 3784.2950000000005 1 40.824829046195028 188.98223650460463 30.925000000000004 30.575000000000003 31.075000000000006
decision_type=2 2 9 2 2 2 2 2 2 2 2 9 2 2 2 2 2
left_child=10 2 3 5 -5 -2 8 -8 -4 11 15 12 -3 14 -11 -1 -15
right_child=1 9 6 4 -6 -7 7 -9 -10 13 -12 -13 -14 16 -16 -17 -18
leaf_value=-1.3733626282623614 -0.28928956170061099 0.15234290000557416 0.08043945587448105 -1.8228740672684238 0.30710441444095299 -0.0057236688748698566 0.32761235689349533 4.1253124289050467 -0.37553801184805152 -0.47503743516006192 0.53742867347730661 -0.90623351334080704 -0.39972658178728393 0.19135914742096458 0.36412793462775389 -0.018635691225282761 -0.38121228430799503
leaf_weight=291 3906 55 2295 61 723 4151 2367 69 1283 88 78 290 169 55 84 59 67
leaf_count=291 3906 55 2295 61 723 4151 2367 69 1283 88 78 290 169 55 84 59 67
internal_value=-8.12833e-05 -4.36677e-05 2.01867e-06 -0.000171487 0.000653502 -0.000257633 0.000264398 0.000614279 1.42491e-05 -0.000938196 -0.00134965 -0.00150874 -0.000242554 0 0.000919074 -0.00183761 -0.00114634
internal_weight=16091 15663 14855 8841 784 8057 6014 2436 3578 808 428 514 224 294 172 350 122
internal_count=16091 15663 14855 8841 784 8057 6014 2436 3578 808 428 514 224 294 172 350 122
cat_boundaries=0 1 2
cat_threshold=3986608 90771
is_linear=0
shrinkage=0.03


Tree=337
num_leaves=17
num_cat=2
split_feature=23 16 0 7 22 24 18 18 14 23 11 0 22 24 24 7
split_gain=0.733219 0.584825 0.552905 0.706314 0.811689 0.649783 0.628675 0.738116 0.410478 0.383846 0.357593 0.215643 0.14771 0.0852077 0.193649 0.0273924
threshold=637.50000000000011 -0.99629805505515945 0 210.50000000000003 1265.5000000000002 1451.5000000000002 89.399999999999991 60.350000000000001 -0.96689237009891416 3784.2950000000005 79.04188160472907 1 743.00000000000011 1445.5000000000002 1051.5000000000002 104.50000000000001
decision_type=2 2 9 2 2 2 2 2 2 2 2 9 2 2 2 2
left_child=10 9 6 4 -4 -5 7 -3 -8 13 15 -12 -13 14 -2 -1
right_child=1 2 3 5 -6 -7 8 -9 -10 -11 11 12 -14 -15 -16 -17
leaf_value=-0.61339950029734136 -1.0188306593412806 -0.096485261638579595 0.11136042528192083 0.82198255370706419 -0.25849476047299413 0.16940404020558 -0.033446248139294782 0.31124851423336475 -0.69331717390484082 0.52130581327297465 -0.41874283755946706 0.19717227365900164 -0.35087419810342813 -1.3181436187682407 0.27159522146004367 -1.112897600695449
leaf_weight=81 111 7948 1638 539 2103 1938 159 525 325 78 106 97 64 163 52 164
leaf_count=81 111 7948 1638 539 2103 1938 159 525 325 78 106 97 64 163 52 164
internal_value=-9.06047e-05 -5.08351e-05 -1.7792e-05 0.000196018 -5.29136e-05 0.000590798 -0.000171276 -0.0001055 -0.00123093 -0.00117778 -0.00121053 -0.000246269 0.000244185 -0.00166055 -0.000695123 -0.00207317
internal_weight=16091 15579 15175 6218 3741 2477 8957 8473 484 404 512 267 161 326 163 245
internal_count=16091 15579 15175 6218 3741 2477 8957 8473 484 404 512 267 161 326 163 245
cat_boundaries=0 1 2
cat_threshold=3986544 118944
is_linear=0
shrinkage=0.03


Tree=338
num_leaves=15
num_cat=2
split_feature=23 27 20 13 21 27 0 15 13 33 22 0 33 24
split_gain=0.722145 0.605417 0.530065 2.32971 1.72947 0.993581 1.59187 0.693703 0.626092 0.463306 0.315911 0.268996 0.282427 0.174677
threshold=577.50000000000011 31.075000000000006 22.553571428571434 1708.5960591133007 2100.5000000000005 22.175000000000004 0 0.8511460603353429 1704.8287493158184 7.6000000000000005 620.50000000000011 1 8.0550000000000015 1140.1950000000004
decision_type=2 2 2 2 2 2 9 2 2 2 2 9 2 2
left_child=10 2 3 7 -5 6 -4 -2 -7 -3 -1 12 -11 -13
right_child=1 9 5 4 -6 8 -8 -9 -10 11 -12 13 -14 -15
leaf_value=-0.96320727542903362 -2.8777502364745322 -0.68245062470568918 -0.21868140830612684 0.82470484645798814 -0.70434404220509861 0.067769721001273278 2.5811678789560299 -0.89603149183836395 -0.096780783852360677 0.40307756154977714 -0.073725360891536834 -0.15329181168442105 -0.39921568896139981 -0.44963390705647788
leaf_weight=176 310 175 242 1137 818 5882 239 1046 5683 52 98 84 65 84
leaf_count=176 310 175 242 1137 818 5882 239 1046 5683 52 98 84 65 84
internal_value=-9.43333e-05 -6.48635e-05 -2.96921e-05 -0.000367754 0.000276073 5.95162e-05 0.00139419 -0.00132867 0 -0.00113883 -0.00162546 -0.000209791 0.000656249 -0.00105587
internal_weight=16091 15817 15357 3311 1955 12046 481 1356 11565 460 274 285 117 168
internal_count=16091 15817 15357 3311 1955 12046 481 1356 11565 460 274 285 117 168
cat_boundaries=0 1 2
cat_threshold=3759106 3236032
is_linear=0
shrinkage=0.03


Tree=339
num_leaves=14
num_cat=0
split_feature=23 16 27 33 20 16 11 10 11 23 27 22 24
split_gain=0.627329 0.479945 0.593078 0.870244 1.02223 0.557681 0.531159 0.417752 0.353888 0.33724 0.322589 0.266966 0.0772924
threshold=577.50000000000011 -0.99629805505515945 30.375000000000004 7.3050000000000006 30.503571428571433 -0.71504042705586657 132.28756555323361 809.21428571428589 37.796447301213256 3784.2950000000005 30.575000000000003 620.50000000000011 775.50000000000011
decision_type=2 2 2 2 2 2 2 2 2 2 2 2 2
left_child=11 9 3 5 -5 -3 8 -8 -4 10 12 -1 -2
right_child=1 2 6 4 -6 -7 7 -9 -10 -11 -12 -13 -14
leaf_value=-0.93431105716616381 -0.49463066828903635 0.15966954459088789 -0.062995535584471685 0.52367873063001069 -0.54692241835362587 -0.054453801057861469 0.36486051257165897 -0.17464039401884748 -0.76336492713275028 0.50511449272585884 0.014397520304641634 -0.0715136000647901 -1.493915053991713
leaf_weight=176 53 2856 120 463 119 11171 65 225 385 78 59 98 223
leaf_count=176 53 2856 120 463 119 11171 65 225 385 78 59 98 223
internal_value=-8.87405e-05 -6.10704e-05 -3.09647e-05 9.44487e-06 0.00114751 -3.46457e-05 -0.000829146 5.15457e-05 -0.00142293 -0.00107246 -0.00151786 -0.00151636 -0.00196029
internal_weight=16091 15817 15404 14609 582 14027 795 290 505 413 335 274 276
internal_count=16091 15817 15404 14609 582 14027 795 290 505 413 335 274 276
is_linear=0
shrinkage=0.03


Tree=340
num_leaves=20
num_cat=0
split_feature=23 26 20 13 21 13 7 31 7 13 19 15 16 7 13 10 23 11 22
split_gain=0.610537 0.450681 0.430701 1.77734 1.98114 0.937423 2.03229 1.37268 0.68777 0.365237 0.374941 0.336956 0.266845 0.417092 0.333454 0.140602 0.0639718 0.0416424 0.0108695
threshold=695.50000000000011 18.050000000000004 23.460714285714293 1713.3184175702213 2125.5700000000002 1692.2023619028571 67.500000000000014 61.650000000000013 7.5000000000000009 1742.4378493674612 6.8499999999999979 -0.84774213365954088 0.44313197806314492 190.50000000000003 1704.8287493158184 2791.928571428572 650.50000000000011 105.45038633826637 1322.4400000000003
decision_type=2 2 2 2 2 2 2 2 2 2 2 2 2 2 2 2 2 2 2
left_child=9 2 3 8 -5 6 -4 -7 -2 10 11 -1 13 18 -15 -14 -13 -12 -3
right_child=1 12 5 4 -6 7 -8 -9 -10 -11 17 16 15 14 -16 -17 -18 -19 -20
leaf_value=0.16432267026380806 1.065611903749369 -0.15543393754177762 1.3683152749771195 0.82944781141671498 -0.59234514521207804 -0.13136597239150077 0.076088410590479327 0.38400268947871791 -1.0985518604219857 0.085142383863240689 0.59494411975474781 -0.7980829935925251 -1.01219671091014 1.1200990714390779 -0.1114349308384967 -0.20336240000117958 -0.66019344799948843 -0.51616274849176769 -2.397572777726046
leaf_weight=67 141 56 230 1238 1202 5254 4387 468 1858 77 50 450 212 69 84 67 50 50 58
leaf_count=67 141 56 230 1238 1202 5254 4387 468 1858 77 50 450 212 69 84 67 50 50 58
internal_value=-8.08396e-05 -3.69991e-05 -2.63959e-06 -0.000252703 0.000276525 0.000100386 0.000420961 -0.000150446 -0.000921001 -0.000922148 -0.00117665 -0.00148944 -0.000882999 -2.23888e-05 0.000818181 -0.00154286 -0.00176647 0.000148514 -0.00153913
internal_weight=16068 15324 14778 4439 2440 10339 4617 5722 1999 744 667 567 546 267 153 279 500 100 114
internal_count=16068 15324 14778 4439 2440 10339 4617 5722 1999 744 667 567 546 267 153 279 500 100 114
is_linear=0
shrinkage=0.03


Tree=341
num_leaves=18
num_cat=2
split_feature=12 26 0 0 13 29 5 25 5 27 33 12 16 17 11 7 15
split_gain=0.675408 0.495455 0.484978 0.442926 0.862059 0.785308 0.405824 0.399915 1.0294 0.486026 0.333992 0.264904 0.232676 0.228359 0.206738 0.185534 0.12141
threshold=663.40000000000009 18.050000000000004 0 1 1504.8443824913109 23.425000000000004 3.5000000000000004 25.875000000000004 1.5000000000000002 24.375000000000004 6.3950000000000005 641.93333333333351 -0.57078386445773377 -0.23328638671828431 50.721922930757309 270.50000000000006 -0.98049353344232182
decision_type=2 2 9 9 2 2 2 2 2 2 2 2 2 2 2 2 2
left_child=10 3 13 7 5 -5 -6 9 -9 -2 11 12 -1 -3 -15 16 -4
right_child=1 2 15 4 6 -7 -8 8 -10 -11 -12 -13 -14 14 -16 -17 -18
leaf_value=0.41973268316413775 -0.034830338323254176 0.63771285599320593 -0.15328098965952833 -1.659911064658764 -0.038412109225517375 0.96782961762598085 0.19307552245953954 0.30023598974808074 -0.13434082151727894 -0.34210455267696738 -1.2659198333997603 -0.98755683268307726 -0.47716828008714285 0.21750926541241172 -1.0250489978882003 -0.0011229717396726712 -1.0091042994971346
leaf_weight=64 4111 68 65 69 3867 573 1302 1060 1782 2333 236 64 61 56 90 50 217
leaf_count=64 4111 68 65 69 3867 573 1302 1060 1782 2333 236 64 61 56 90 50 217
internal_value=-8.45735e-05 -4.94766e-05 -0.000937843 -1.43072e-05 0.000187564 0.00122706 4.99026e-05 -0.000145532 0.000140344 -0.000278822 -0.00126761 -6.31586e-05 0.00047619 1.33327e-05 -0.000428572 -0.00163557 -0.00198233
internal_weight=16068 15643 546 15097 5811 642 5169 9286 2842 6444 425 189 125 214 146 332 282
internal_count=16068 15643 546 15097 5811 642 5169 9286 2842 6444 425 189 125 214 146 332 282
cat_boundaries=0 1 2
cat_threshold=1290243 3331185
is_linear=0
shrinkage=0.03


Tree=342
num_leaves=20
num_cat=0
split_feature=23 26 20 33 31 17 17 18 33 29 5 11 7 11 22 22 33 12 7
split_gain=0.55573 0.575612 0.444587 1.08761 1.03447 0.593991 0.546593 0.786874 0.639807 0.355996 0.577034 0.34466 0.326412 0.257526 0.235853 0.575018 0.244153 0.0531536 0.0204929
threshold=695.50000000000011 18.050000000000004 23.460714285714293 4.6250000000000009 5.8499999999999952 0.6490740716826261 0.93544678080366561 60.350000000000001 4.3150000000000004 24.125000000000004 2.5000000000000004 100.00000000000377 268.50000000000006 37.796447301213256 715.50000000000011 550.50000000000011 7.1050000000000013 1033.4166666666667 87.500000000000014
decision_type=2 2 2 2 2 2 2 2 2 2 2 2 2 2 2 2 2 2 2
left_child=11 2 3 4 -2 -5 7 -4 -8 10 -3 13 17 -1 15 -13 -16 -11 -15
right_child=1 9 6 5 -6 -7 8 -9 -10 12 -12 14 -14 18 16 -17 -18 -19 -20
leaf_value=-0.24289683382608987 0.13355139091179244 0.79491401155071761 0.021963649460579854 -1.390152447944689 -1.1705972910895581 0.4746345036866515 -0.42086953658146825 0.32900219162775229 0.31577055803101628 -0.052266942177308012 -1.3497151652116048 -0.99790213907834768 0.57916637454807796 -0.54316427910028386 -0.55169327931722068 0.43608092195994291 0.042732118942213022 -0.88204557572664655 -0.8336471521867449
leaf_weight=88 3212 55 8519 750 427 50 658 1026 136 52 77 56 54 121 81 91 58 308 249
leaf_count=88 3212 55 8519 750 427 50 658 1026 136 52 77 56 54 121 81 91 58 308 249
internal_value=-7.89726e-05 -3.69991e-05 0 -0.000252703 -1.97809e-05 -0.00125468 0.000106189 0.000172847 -0.000637737 -0.000992688 6.76685e-05 -0.00088188 -0.00143855 -0.00139216 0 0.00077027 -0.000942858 -0.0017867 -0.00173855
internal_weight=16068 15324 14778 4439 3639 800 10339 9545 794 546 132 744 414 458 286 147 139 360 370
internal_count=16068 15324 14778 4439 3639 800 10339 9545 794 546 132 744 414 458 286 147 139 360 370
is_linear=0
shrinkage=0.03


Tree=343
num_leaves=20
num_cat=2
split_feature=23 0 0 13 19 25 31 31 15 14 31 13 22 12 27 27 12 19 16
split_gain=0.607618 0.711505 0.490365 1.14266 0.718748 0.760945 0.717414 1.45896 1.33082 0.930739 0.471822 0.444842 0.400737 0.391148 0.377395 0.534927 0.361014 0.200992 0.154239
threshold=695.50000000000011 0 1 1502.0216794048249 183.15000000000003 24.925000000000008 68.850000000000037 61.650000000000013 -0.93237865822738086 -0.99763297024448894 3.3000000000000127 1493.3823156342185 637.50000000000011 2824.4333333333338 20.025000000000002 18.650000000000006 2460.1333333333337 0.39999999999999963 -0.87343490179953709
decision_type=2 9 9 2 2 2 2 2 2 2 2 2 2 2 2 2 2 2 2
left_child=1 -1 6 4 5 -4 7 10 -9 -8 -2 17 -13 -11 15 -5 -16 -3 -19
right_child=2 11 3 14 -6 -7 9 8 -10 13 -12 12 -14 -15 16 -17 -18 18 -20
leaf_value=-0.57156543885520206 0.022935450738621133 -1.4478697704051582 -0.35439442568454743 -0.31582900396957286 3.1239810704142563 1.6244454905015391 2.3822390466951222 -0.29447246238385788 1.0272955864567763 -0.80716020970290436 -0.2062645884468238 0.689657822260898 0.012738093863474811 0.016443008196710636 -0.074595093050652816 1.1602828806246466 0.15132173860344494 -1.8356216201146491 0.46735834765673462
leaf_weight=366 5460 69 148 100 73 206 94 57 95 688 2936 62 127 107 3856 155 1349 50 70
leaf_count=366 5460 69 148 100 73 206 94 57 95 688 2936 62 127 107 3856 155 1349 50 70
internal_value=-8.27065e-05 -0.000922148 -3.89567e-05 0.000171922 0.00166822 0.000938027 -0.000175276 -8.52738e-05 0.00280392 -0.000991012 -0.000143266 0 0.0010421 -0.00135678 4.6694e-05 0.00117187 -7.15118e-10 -0.00101053 0
internal_weight=16068 744 15324 5887 427 354 9437 8548 152 889 8396 378 189 795 5460 255 5205 189 120
internal_count=16068 744 15324 5887 427 354 9437 8548 152 889 8396 378 189 795 5460 255 5205 189 120
cat_boundaries=0 1 2
cat_threshold=2642085 3200117
is_linear=0
shrinkage=0.03


Tree=344
num_leaves=20
num_cat=4
split_feature=23 0 11 22 11 0 25 27 25 0 0 31 13 27 23 26 13 20 27
split_gain=0.53905 0.771639 0.515489 0.509818 0.419689 0.836003 0.547975 1.08069 1.55805 1.29236 0.615464 0.583447 0.541878 0.589601 0.523495 0.349807 0.328618 0.143079 0.273696
threshold=695.50000000000011 0 100.00000000000377 715.50000000000011 43.301270189192387 1 25.875000000000004 25.725000000000005 25.975000000000005 2 3 0.099999999999986697 1549.556683986774 22.975000000000005 2650.5000000000005 1.7500000000000002 1493.3823156342185 24.175000000000004 23.975000000000005
decision_type=2 9 2 2 2 9 2 2 2 9 9 2 2 2 2 2 2 2 2
left_child=1 -1 16 -4 5 17 10 9 -9 -8 14 -12 15 -14 -6 -7 -3 18 -2
right_child=4 2 3 -5 6 12 7 8 -10 -11 11 -13 13 -15 -16 -17 -18 -19 -20
leaf_value=-0.55441847568954761 -0.46200802514301864 -1.0068976971467298 0.58336744375086658 -0.025700862854793335 -0.28620527068127155 0.43884620433271937 -0.32549889658342629 2.635154024397321 0.019231682846845639 1.5530350467386731 -0.39654731621161071 0.1999760162286979 0.73056831182540483 -0.20394527948232191 0.080828382671451218 0.028301547539706162 0.1498534377312335 -0.55878374695263744 0.61032194031728604
leaf_weight=366 118 148 61 73 4280 61 108 52 3594 192 1420 2372 62 669 1699 55 96 558 84
leaf_count=366 118 148 61 73 4280 61 108 52 3594 192 1420 2372 62 669 1699 55 96 558 84
internal_value=-9.01743e-05 -0.00088188 0 0.00157778 -4.87446e-05 -0.000507463 1.74881e-06 0.000303268 0.000147244 0.00204319 -0.000115433 0.000175913 9.79014e-05 -0.000147542 -0.000307513 0.00202564 -0.00072245 -0.00122568 -0.000251232
internal_weight=16068 744 378 134 15324 1607 13717 3946 3646 300 9771 3792 847 731 5979 116 244 760 202
internal_count=16068 744 378 134 15324 1607 13717 3946 3646 300 9771 3792 847 731 5979 116 244 760 202
cat_boundaries=0 1 2 3 4
cat_threshold=2642085 3733536 3157128 775281
is_linear=0
shrinkage=0.03


Tree=345
num_leaves=20
num_cat=2
split_feature=0 22 32 21 33 29 23 18 25 18 24 18 17 31 13 0 33 24 29
split_gain=0.663327 0.646773 0.564603 0.876929 1.44985 0.822897 0.793047 0.604916 0.647972 1.11713 0.85341 0.646528 1.05842 0.842548 0.53245 0.486178 0.48274 0.476223 0.543385
threshold=0 620.50000000000011 1.0000000180025095e-35 1397.5000000000002 6.0150000000000006 22.575000000000006 1750.5000000000002 38.399999999999999 24.575000000000006 77.250000000000014 2053.0000000000005 0.20000000000000182 0.98334068794774554 0.10000000000001512 1998.2486525840075 1 8.3850000000000033 750.50000000000011 20.625000000000004
decision_type=9 2 2 2 2 2 2 2 2 2 2 2 2 2 2 9 2 2 2
left_child=1 -1 3 4 5 -2 -5 11 9 -9 -10 13 -13 -4 -6 -8 17 -3 -19
right_child=2 16 7 6 14 -7 15 8 10 -11 -12 12 -14 -15 -16 -17 -18 18 -20
leaf_value=-0.86246387713958117 0.36732896538023752 0.059837954698715473 -0.011027258530671279 -0.80401366980466205 0.67255353161276021 2.3364108527121452 -0.5372185322843781 0.75063035328694305 -0.37730049455266762 -0.01632037670575014 0.97159691401849502 -0.33965045275422107 1.4060742216680393 0.77889329484283876 -0.64671912170775603 0.63641476542135 1.1105833246412939 0.40751523293379394 -0.16958532566840812
leaf_weight=250 56 415 2877 178 203 59 102 572 418 488 280 3165 148 339 153 240 66 505 5506
leaf_count=250 56 415 2877 178 203 59 102 572 418 488 280 3165 148 339 153 240 66 505 5506
internal_value=-0.000100182 -0.000327411 6.03933e-05 0.000737903 0.00167797 0.00465517 -2.87915e-05 -1.52034e-05 0.000472427 0.000947219 -0.00018455 -0.000153446 -0.000450815 0.000138949 0.000579831 0.000725947 -0.000261975 -0.000294539 -0.000367266
internal_weight=16020 6742 9278 991 471 115 520 8287 1758 1060 698 6529 3313 3216 356 342 6492 6426 6011
internal_count=16020 6742 9278 991 471 115 520 8287 1758 1060 698 6529 3313 3216 356 342 6492 6426 6011
cat_boundaries=0 1 2
cat_threshold=2658528 65561
is_linear=0
shrinkage=0.03


Tree=346
num_leaves=20
num_cat=1
split_feature=0 22 32 21 33 29 18 15 18 11 23 27 15 13 7 14 23 17 13
split_gain=0.629028 0.660008 0.559572 0.876929 1.44985 0.822897 0.55512 0.950896 0.709604 0.633354 0.805089 0.606924 0.551363 0.53245 0.500873 1.66225 1.1439 0.551095 0.724891
threshold=0 620.50000000000011 1.0000000180025095e-35 1397.5000000000002 6.0150000000000006 22.575000000000006 37.850000000000009 -0.99700296666818056 0.20000000000000182 293.74036829135747 3600.5000000000005 22.475000000000005 0.42763731121559989 1998.2486525840075 21.500000000000004 0.28519915169571858 1717.5000000000002 -0.81801230613066578 2022.1902528920193
decision_type=9 2 2 2 2 2 2 2 2 2 2 2 2 2 2 2 2 2 2
left_child=1 -1 3 4 5 -2 7 -4 -9 11 -11 -8 -5 -6 15 16 -3 18 -16
right_child=2 14 6 12 13 -7 9 8 -10 10 -12 -13 -14 -15 17 -17 -18 -19 -20
leaf_value=-0.8365899608253935 0.35630909641883035 0.98020165381688729 1.8031004307257326 -0.82179731828448233 0.65237692566437855 2.2663185271307822 0.86981575942171929 0.040850489836320426 -0.2967025770023588 0.67259823307112465 5.4284373486986306 0.014715702317392889 0.34566442787550056 -0.62731754805652362 0.15385227119851891 2.7596555254828106 -2.0179696266626395 -0.18036416184804838 -1.6017497558301093
leaf_weight=250 56 96 75 121 203 59 54 3214 3221 140 72 1511 399 153 1163 86 158 4879 110
leaf_count=250 56 96 75 121 203 59 54 3214 3221 140 72 1511 399 153 1163 86 158 4879 110
internal_value=-9.26916e-05 -0.000314083 6.36229e-05 0.000737903 0.00167797 0.00465517 -1.15837e-05 -0.00014514 -0.000191113 0.000452193 0.00201408 0.000210727 -2.87915e-05 0.000579831 -0.000248114 0.000835776 -0.00022353 -0.000315457 0.00021664
internal_weight=16020 6742 9278 991 471 115 8287 6510 6435 1777 212 1565 520 356 6492 340 254 6152 1273
internal_count=16020 6742 9278 991 471 115 8287 6510 6435 1777 212 1565 520 356 6492 340 254 6152 1273
cat_boundaries=0 1
cat_threshold=2658528
is_linear=0
shrinkage=0.03


Tree=347
num_leaves=20
num_cat=0
split_feature=21 21 17 21 15 18 7 13 15 33 7 12 14 17 27 27 22 16 13
split_gain=0.548641 1.12298 1.56433 0.999737 1.60613 0.984488 1.25245 1.32499 0.949281 0.990937 0.778023 0.716989 0.739339 0.669291 0.735211 0.917697 0.680973 0.456355 0.452534
threshold=2732.5000000000005 2900.5000000000005 0.89975755788027889 2150.5000000000005 -0.95502570686053045 0.20000000000000182 258.50000000000006 1833.6040548598692 -0.87810534180523914 3.7850000000000006 229.50000000000003 2408.5333333333338 -0.95754239937548935 -0.022576210847469604 24.325000000000006 25.825000000000006 4388.0000000000009 0.84660111278280559 1588.6594322212391
decision_type=2 2 2 2 2 2 2 2 2 2 2 2 2 2 2 2 2 2 2
left_child=3 2 17 5 -5 8 10 -8 -1 -10 -7 12 -6 14 16 -16 -3 -2 -4
right_child=1 13 18 4 11 6 7 -9 9 -11 -12 -13 -14 -15 15 -17 -18 -19 -20
leaf_value=1.5131123934290647 -0.3687395407074715 2.3358035243358981 0.21346515831538695 1.7327632882452848 1.0415652028342166 -0.15253043663854557 0.12842214296901386 1.9871754697197628 0.89168780267350634 -0.0047614098139575978 -1.2269051534065079 -0.047480834465024754 -1.6321921976032865 -0.49028649451768253 -0.56337431024644291 2.0054294280322082 -1.3576862602300039 1.9778419831848264 1.797774346111769
leaf_weight=51 159 424 61 112 139 4180 939 167 794 4783 653 571 872 969 668 124 196 72 86
leaf_count=51 159 424 61 112 139 4180 939 167 794 4783 653 571 872 969 668 124 196 72 86
internal_value=-0.000100182 0.00027826 0.00179683 -0.000182326 -0.000865487 -7.83202e-05 -0.000350506 0.000539295 0.000200923 0.000154894 -0.000563509 -0.0011314 -0.00161858 1.76315e-05 0.000452229 -0.000102144 0.00123188 5.17234e-05 0.00421622
internal_weight=16020 2759 378 13261 1694 11567 5939 1106 5628 5577 4833 1582 1011 2381 1412 792 620 231 147
internal_count=16020 2759 378 13261 1694 11567 5939 1106 5628 5577 4833 1582 1011 2381 1412 792 620 231 147
is_linear=0
shrinkage=0.03


Tree=348
num_leaves=20
num_cat=1
split_feature=0 10 29 7 27 27 5 26 23 21 13 21 10 27 7 7 12 11 10
split_gain=0.596458 0.605995 0.756887 1.00349 0.906571 0.822189 0.736752 0.944182 0.548841 0.542774 0.485749 0.481108 0.465654 0.464149 1.01109 0.560016 0.45758 0.423333 0.366222
threshold=0 2791.928571428572 20.975000000000005 21.500000000000004 20.725000000000005 21.325000000000006 3.5000000000000004 1.0000000180025095e-35 4806.0000000000009 4250.5000000000009 1693.4790495296925 5207.5000000000009 635.78571428571433 20.025000000000002 34.500000000000007 344.50000000000006 2610.6456666666668 159.98511835555192 4257.2857142857147
decision_type=9 2 2 2 2 2 2 2 2 2 2 2 2 2 2 2 2 2 2
left_child=1 2 3 4 -1 -4 10 -8 9 13 16 -10 -7 14 -2 -15 -3 -9 -12
right_child=8 6 5 -5 -6 12 7 17 11 -11 18 -13 -14 15 -16 -17 -18 -19 -20
leaf_value=0.027774171955526436 -0.18450189240157019 2.3319215962835997 -1.7715483592065084 -0.09857150176738598 1.8166495872120536 -1.1300047721196935 -0.23471063817689322 3.4643875926509504 5.3536381653329554 -1.4810066739139445 -0.63180943204179585 -0.67553309512754467 -0.14419977887641958 0.016420119849739664 3.1053580231085762 -1.3155958464509305 -0.018788539425716615 0.59205867219148278 0.11169307511416514
leaf_weight=53 191 57 289 426 51 211 136 61 95 288 225 65 3751 8817 231 638 256 77 102
leaf_count=53 191 57 289 426 51 211 136 61 95 288 225 65 3751 8817 231 638 256 77 102
internal_value=-0.000100182 -0.000347004 -0.000486826 0.000536722 0.00317143 -0.000625118 0.000331147 0.00164727 3.19265e-05 0 -0.000163807 0.00177019 -0.000497351 4.19106e-05 0.00101418 0 0.000592356 0.00338849 -0.00102439
internal_weight=16020 5695 4781 530 104 4251 914 274 10325 10165 640 160 3962 9877 422 9455 313 138 327
internal_count=16020 5695 4781 530 104 4251 914 274 10325 10165 640 160 3962 9877 422 9455 313 138 327
cat_boundaries=0 1
cat_threshold=2658464
is_linear=0
shrinkage=0.03


Tree=349
num_leaves=20
num_cat=3
split_feature=0 14 22 24 0 29 23 33 26 25 33 33 29 27 11 0 26 16 25
split_gain=0.622534 0.753396 0.625525 0.672999 0.929776 0.601891 0.597471 0.634044 0.586785 0.50815 0.500097 0.481474 0.723532 0.629288 0.468086 0.330449 0.375462 0.280936 0.267722
threshold=0 -0.95754239937548935 600.50000000000011 750.50000000000011 1 18.050000000000004 4806.0000000000009 4.6050000000000013 0.95000000000000007 32.025000000000006 4.5050000000000008 3.4650000000000003 24.825000000000006 25.475000000000005 224.56332070738702 2 8.6500000000000004 -0.79838158684077809 30.025000000000002
decision_type=9 2 2 2 9 2 2 2 2 2 2 2 2 2 2 9 2 2 2
left_child=1 8 18 4 -4 -5 9 -8 10 11 14 12 -2 -13 -1 -10 -17 -11 -3
right_child=6 2 3 5 -6 -7 7 -9 15 17 -12 13 -14 -15 -16 16 -18 -19 -20
leaf_value=4.0380231864339029 0.35600215135158542 -1.1546672863257705 0.2004007199634818 1.405058021884646 -0.14959460284179305 -0.19004762849189608 6.9509274123063856 -0.77228305325527136 -1.0492705497724781 2.0690987843613926 -0.16442656919865276 -0.27322717745699787 -0.1316811151011619 0.034445581019509439 1.0972882984274681 1.7905363590684773 -0.79682685358133898 0.069812132664547374 -0.037003970729342139
leaf_weight=59 1717 178 177 50 205 5130 89 60 126 51 53 3721 824 3244 51 102 72 59 52
leaf_count=59 1717 178 177 50 205 5130 89 60 126 51 53 3721 824 3244 51 102 72 59 52
internal_value=-0.000105799 -0.00033993 -0.000438634 -0.000365091 0.000806788 -0.000460337 3.98929e-05 0.00192 0.000788792 5.92629e-06 0.00223171 -1.29386e-05 0.000335168 -0.000146426 0.00337838 0 0.000827026 0.00202703 -0.00201299
internal_weight=16020 6255 5792 5562 382 5180 9765 149 463 9616 163 9506 2541 6965 110 300 174 110 230
internal_count=16020 6255 5792 5562 382 5180 9765 149 463 9616 163 9506 2541 6965 110 300 174 110 230
cat_boundaries=0 1 2 3
cat_threshold=3707040 3145856 2101376
is_linear=0
shrinkage=0.03


Tree=350
num_leaves=17
num_cat=1
split_feature=16 0 25 15 19 23 25 27 27 15 27 10 10 25 11 13
split_gain=0.6229 1.03338 0.522246 0.533679 0.840904 0.84137 0.539418 1.30137 0.932036 0.35824 0.267637 0.350294 0.397529 0.159957 0.143484 0.0796692
threshold=-0.97717844506743556 0 18.225000000000005 0.99681593486783593 4.3500000000000014 1849.7150000000004 25.875000000000004 25.725000000000005 24.075000000000006 -0.73865259438682551 22.175000000000004 900.07142857142867 1519.9285714285718 21.725000000000005 94.68657570579883 1571.980887647893
decision_type=2 9 2 2 2 2 2 2 2 2 2 2 2 2 2 2
left_child=1 9 14 6 5 -5 8 -8 -4 -1 -3 15 -13 -6 -2 -12
right_child=2 10 3 4 13 -7 7 -9 -10 -11 11 12 -14 -15 -16 -17
leaf_value=-0.034784145939771235 -1.037082154877994 -6.0700218684964007 0.048613957126480381 2.0413882166532527 0.63403980104216073 0.11305755083348061 0.94627688010247824 0.019858893134194925 -0.22268592913700616 -1.6309032735104472 -0.28403584442762647 0.5416487075586649 0.019459378723610549 -2.2744889517165023 -1.235502436208306 -0.70562117195416341
leaf_weight=70 58 62 5309 140 62 119 330 4265 4586 350 52 116 248 141 113 60
leaf_count=70 58 62 5309 140 62 119 330 4265 4586 350 52 116 248 141 113 60
internal_value=-7.94684e-05 -0.000822733 -2.9358e-05 -7.42397e-06 0.00099136 0.00214615 -4.24409e-05 0.000221931 -0.000169766 -0.00191415 0 0.000308175 0.000830136 -0.000264707 -0.00167442 -0.000982302
internal_weight=16081 958 15123 14952 462 259 14490 4595 9895 420 538 476 364 203 171 112
internal_count=16081 958 15123 14952 462 259 14490 4595 9895 420 538 476 364 203 171 112
cat_boundaries=0 1
cat_threshold=2872840
is_linear=0
shrinkage=0.03


Tree=351
num_leaves=19
num_cat=3
split_feature=12 25 27 0 0 27 15 27 18 22 7 0 32 32 27 27 11 7
split_gain=0.516833 0.581947 0.830317 1.07491 1.02327 0.931014 0.869397 0.805699 1.4857 1.04011 1.16662 0.94446 0.940937 0.779041 0.771914 0.607547 0.252135 0.075122
threshold=633.28333333333342 25.875000000000004 24.075000000000006 0 1 23.975000000000005 0.67644692717078936 25.675000000000004 1.0000000180025095e-35 1425.5000000000002 69.500000000000014 2 1.2000000000000006 212.50000000000003 25.825000000000006 25.525000000000002 102.24282422360015 153.50000000000003
decision_type=2 2 2 9 9 2 2 2 2 2 2 9 2 2 2 2 2 2
left_child=16 2 3 6 13 -5 -2 8 12 10 -9 -11 -3 -4 -6 -10 17 -1
right_child=1 7 4 5 14 -7 -8 9 15 11 -12 -13 -14 -15 -16 -17 -18 -19
leaf_value=-1.4549502793781601 1.2811369954089911 0.71901953066525592 -0.71869791891711632 -0.099551045596739648 -0.089072493353759857 1.1836484978979918 0.17192630262638425 3.1115208464447122 -0.090754443267061627 0.37098573104203109 0.048827104457490854 -0.54777671204371348 4.6591940701424344 -0.0051513733823811865 1.8588395411758782 1.8382235757856091 0.081186393187748548 -0.074561934645684072
leaf_weight=153 277 59 1914 5161 1753 287 520 56 157 251 3290 899 56 881 203 60 51 53
leaf_count=153 277 59 1914 5161 1753 287 520 56 157 251 3290 899 56 881 203 60 51 53
internal_value=-7.94684e-05 -5.47874e-05 -0.000177595 4.3227e-05 -0.000477273 -0.000100569 0.00106931 0.000215572 0.00164865 9.93989e-05 0.000375559 -0.00066464 0.00439655 -0.000844619 2.89774e-05 0 -0.00141861 -0.00189855
internal_weight=16081 15824 10996 6245 4751 5448 797 4828 332 4496 3346 1150 115 2795 1956 217 257 206
internal_count=16081 15824 10996 6245 4751 5448 797 4828 332 4496 3346 1150 115 2795 1956 217 257 206
cat_boundaries=0 1 2 3
cat_threshold=8194 2748551 305153
is_linear=0
shrinkage=0.03


Tree=352
num_leaves=20
num_cat=4
split_feature=32 21 16 0 0 11 32 12 32 27 0 20 0 21 19 11 21 27 7
split_gain=0.564344 1.21993 1.51483 1.02632 0.812015 1.3305 0.687312 0.70826 0.84273 1.04782 0.775466 0.663734 0.876893 0.835536 0.680249 0.409346 0.406815 0.338367 0.288365
threshold=1.0000000180025095e-35 1500.5000000000002 0.82048548965790546 0 1 78.679579246947796 0.29999999999999999 633.28333333333342 0.4000000000000003 26.175000000000004 2 24.367857142857151 3 1898.6550000000002 0.2499999999999965 114.5643923739669 2650.5000000000005 22.425000000000004 84.500000000000014
decision_type=2 2 2 9 9 2 2 2 2 2 9 2 9 2 2 2 2 2 2
left_child=1 2 4 -3 5 -1 11 -8 9 -9 -10 13 14 -2 -13 -14 -5 -18 -6
right_child=6 3 -4 16 18 -7 7 8 10 -11 -12 12 15 -15 -16 -17 17 -19 -20
leaf_value=-0.410423435086329 -2.9276107246128444 0.66064352928011216 2.4576490043450088 -1.1412585040071361 0.22120998805049949 0.78053107453344395 -0.39104439959251797 1.5761140708660821 -0.10785907046198712 -0.31965973318406171 0.066379305589342089 0.02995746737511501 -0.10253185675162452 0.034440878999785512 1.4105951374608523 -1.049620971347667 4.7885022677848488 -1.0160145850092337 -0.51103413115443119
leaf_weight=198 287 291 54 360 172 408 242 124 7517 99 5169 213 230 119 58 198 60 52 230
leaf_count=198 287 291 54 360 172 408 242 124 7517 99 5169 213 230 119 58 198 60 52 230
internal_value=-7.94684e-05 0.000410733 0.0010809 -0.000463351 0.000764122 0.00145381 -0.000145403 -8.12051e-05 -4.74058e-05 0.00176786 -8.29991e-05 -0.000867993 -0.000231429 -0.00185012 0.000999999 -0.0011139 -0.00134783 0 -0.000196127
internal_weight=16081 1825 1062 763 1008 606 14256 13151 12909 223 12686 1105 699 406 271 428 472 112 402
internal_count=16081 1825 1062 763 1008 606 14256 13151 12909 223 12686 1105 699 406 271 428 472 112 402
cat_boundaries=0 1 2 3 4
cat_threshold=1094658 2114793 2741460 84039
is_linear=0
shrinkage=0.03


Tree=353
num_leaves=16
num_cat=1
split_feature=16 0 15 19 33 19 25 15 33 15 25 10 33 33 32
split_gain=0.527102 0.760227 0.551437 0.886516 0.731211 0.545838 0.442334 0.492357 1.14577 0.466961 0.322596 0.577313 0.499322 0.280653 0.0918069
threshold=-0.97509344079810367 0 -0.98932651372861458 37.750000000000007 4.3150000000000004 156.85000000000002 18.225000000000005 0.99681593486783593 3.2650000000000001 0.95936279103287792 22.225000000000005 900.07142857142867 6.8850000000000007 7.2550000000000008 0.79999999999999971
decision_type=2 9 2 2 2 2 2 2 2 2 2 2 2 2 2
left_child=1 10 3 -2 5 -5 -4 9 -9 -8 -1 -12 -13 14 -3
right_child=2 13 6 4 -6 -7 7 8 -10 -11 11 12 -14 -15 -16
leaf_value=-6.6466682014883718 1.9634856722392025 -1.2821348895755775 -1.0567368263469639 -0.97816334447437703 0.21725598885067529 0.24549861231053235 0.011449929259873362 1.210085030403409 0.046432315124481753 -0.87743295808978883 -0.42302080848535456 0.05447888496924639 1.0183126964252953 0.018935387373317611 -1.6028124523746066
leaf_weight=83 66 50 171 458 86 83 12656 116 346 1060 120 326 50 52 358
leaf_count=83 66 50 171 458 86 83 12656 116 346 1060 120 326 50 52 358
internal_value=-7.7603e-05 -0.000732693 -2.93167e-05 -0.000855908 -0.00125159 -0.00169373 7.52542e-06 2.89858e-05 0.00099136 -2.19422e-07 0 0.000295774 0.000946949 -0.0016242 -0.0019291
internal_weight=16081 1039 15042 693 627 541 14349 14178 462 13716 579 496 376 460 408
internal_count=16081 1039 15042 693 627 541 14349 14178 462 13716 579 496 376 460 408
cat_boundaries=0 1
cat_threshold=271607
is_linear=0
shrinkage=0.03


Tree=354
num_leaves=19
num_cat=2
split_feature=12 20 15 10 0 12 24 20 22 10 15 0 13 15 11 11 20 27
split_gain=0.528153 0.698442 1.63904 2.43382 0.877299 1.03458 0.978662 0.897418 0.842325 1.0819 0.639781 0.486972 0.443795 0.481534 0.433737 0.225348 0.204708 0.148741
threshold=663.40000000000009 26.38214285714286 -0.97315270831292444 1375.0714285714287 0 2553.5333333333338 1650.5000000000002 25.017857142857149 1425.5000000000002 1286.2857142857144 0.42763731121559989 1 1310.3779125486674 -0.98372925196996197 51.466586479104556 85.912469298422522 27.046428571428574 27.325000000000006
decision_type=2 2 2 2 9 2 2 2 2 2 2 9 2 2 2 2 2 2
left_child=11 4 3 16 12 6 -6 -7 9 -4 -10 17 -2 -14 -13 -16 -3 -1
right_child=1 2 8 -5 5 7 -8 -9 10 -11 -12 14 13 -15 15 -17 -18 -19
leaf_value=-0.22972313017435289 1.0185839217376667 1.1347132301723071 0.01633693539271891 4.9994713510400421 0.11647295824662772 0.94120731824542225 -0.46359368463968154 -1.3205023544974241 -0.46420354233270894 0.93806181783094034 0.60856865501046409 0.12428923425597335 -0.50887238337341656 -0.15014156872577514 -0.75739909831093521 0.089113548379278013 -0.018377991679517161 -1.366272720487405
leaf_weight=65 64 55 2517 57 2402 1445 2104 174 739 384 108 53 337 5133 90 66 113 175
leaf_count=65 64 55 2517 57 2402 1445 2104 174 739 384 108 53 337 5133 90 66 113 175
internal_value=-7.57376e-05 -4.35624e-05 0.000295923 0.00278761 -0.000163122 7.82261e-05 -0.000147105 0.000733333 0.000133635 0.000386629 -0.000679246 -0.00109333 -0.000437692 -0.00047432 0 -0.00078344 0.000656804 -0.00197211
internal_weight=16081 15632 3973 225 11659 6125 4506 1619 3748 2901 847 449 5534 5470 209 156 168 240
internal_count=16081 15632 3973 225 11659 6125 4506 1619 3748 2901 847 449 5534 5470 209 156 168 240
cat_boundaries=0 1 2
cat_threshold=3981524 626784
is_linear=0
shrinkage=0.03


Tree=355
num_leaves=20
num_cat=3
split_feature=0 12 12 13 25 16 22 16 13 18 16 16 13 12 0 11 13 26 0
split_gain=0.705242 0.586274 0.803884 1.05019 0.768474 1.06309 0.603402 0.406237 0.702005 0.86654 0.549091 0.681228 1.06067 0.60899 0.539435 0.65958 0.524733 0.978572 0.61959
threshold=0 756.40000000000009 963.21666666666681 1318.9203368778485 23.975000000000005 -0.93197223986804445 945.50000000000011 0.66045618230038983 1467.0640568641318 14.500000000000023 -0.95244167294248061 -0.76763861105243425 1727.2653524492237 1066.5833333333337 1 407.66466144427585 1845.7527577673234 0.55000000000000016 2
decision_type=9 2 2 2 2 2 2 2 2 2 2 2 2 2 9 2 2 2 9
left_child=1 -1 4 -4 -3 -6 -5 10 9 -9 16 12 -12 -13 15 -10 18 -18 -2
right_child=7 2 3 6 5 -7 -8 8 14 -11 11 13 -14 -15 -16 -17 17 -19 -20
leaf_value=-0.9757537252628169 0.033923230286734031 1.769940930072609 1.2739567116709949 -1.0876179959465158 0.93386396983701203 -0.14252371380343049 -0.11614974635149711 -1.0851933428335363 -0.44233750347804324 1.7673138506442168 0.84910591061137308 -0.19669115041424998 0.0063584509218422604 0.11963277035020141 0.0037046102156275819 1.7884148384096199 2.5209071202784283 -0.72851223589336955 -0.96085677949448589
leaf_weight=375 260 50 77 306 93 395 4629 92 1041 100 523 1121 642 4158 1324 75 185 87 485
leaf_count=375 260 50 77 306 93 395 4629 92 1041 100 523 1121 642 4158 1324 75 185 87 485
internal_value=-8.29647e-05 -0.000343666 -0.000256711 -0.00038121 0.000818181 0.000349693 -0.00044368 6.59138e-05 -0.000247247 0.0014456 0.000182524 0.000289061 0.000951972 0.00013409 -0.000399427 -0.000881101 -0.000447938 0.000582417 -0.000884719
internal_weight=16018 5925 5550 5012 538 488 4935 10093 2632 192 7461 6444 1165 5279 2440 1116 1017 272 745
internal_count=16018 5925 5550 5012 538 488 4935 10093 2632 192 7461 6444 1165 5279 2440 1116 1017 272 745
cat_boundaries=0 1 2 3
cat_threshold=708692 2100353 1122432
is_linear=0
shrinkage=0.03


Tree=356
num_leaves=20
num_cat=0
split_feature=27 25 14 26 22 10 25 25 25 31 7 27 11 29 10 22 13 7 7
split_gain=0.40998 1.4126 0.91751 1.51261 1.10528 0.641047 0.590487 0.95315 0.905052 0.781745 0.960063 0.64814 0.603388 0.472264 0.728544 1.33244 0.454253 0.88846 0.452242
threshold=25.825000000000006 26.025000000000002 0.86113431103781346 1.7500000000000002 1976.9000000000003 1339.3571428571429 26.075000000000006 24.725000000000005 26.325000000000006 0.099999999999982256 360.50000000000006 22.325000000000006 393.43354090673296 26.925000000000004 1192.9285714285718 1197.5000000000002 1508.0870066769758 141.50000000000003 51.500000000000007
decision_type=2 2 2 2 2 2 2 2 2 2 2 2 2 2 2 2 2 2 2
left_child=6 2 3 4 -2 -4 7 9 -8 11 -11 -1 18 14 -3 -16 -15 -18 -9
right_child=1 13 5 -5 -6 -7 8 12 -10 10 -12 -13 -14 16 15 -17 17 -19 -20
leaf_value=-0.0323205727649142 1.9811141035728181 -0.86036797568477441 0.42496827374306134 -0.22661013042074868 1.8543601044394316 -2.1591683469450191 1.4811558948989023 0.78120724962653199 0.01285309854075241 0.039132110828114075 1.1611914642139296 -0.70809287203153903 0.64319790812709798 -0.29184379806941085 2.1143270861592485 -0.19137785369584434 -0.0060856248548598222 0.30417300001716935 -0.76904438742811343
leaf_weight=2021 143 439 95 145 157 110 81 109 205 4647 75 1409 315 540 53 661 2094 741 1978
leaf_count=2021 143 439 95 145 157 110 81 109 205 4647 75 1409 315 540 53 661 2094 741 1978
internal_value=-7.1728e-05 0.000143077 0.00145161 0.00221973 0.00343854 -7.11784e-10 -0.00017849 -0.00021857 0.00113937 -5.77709e-05 0.00018611 -0.000406588 -0.000745319 -3.51078e-05 -0.000566725 0 0.000133293 0.000296191 -0.000936782
internal_weight=16018 5178 650 445 300 205 10840 10554 286 8152 4722 3430 2402 4528 1153 714 3375 2835 2087
internal_count=16018 5178 650 445 300 205 10840 10554 286 8152 4722 3430 2402 4528 1153 714 3375 2835 2087
is_linear=0
shrinkage=0.03


Tree=357
num_leaves=20
num_cat=1
split_feature=0 21 33 13 12 24 17 21 13 21 11 13 18 7 16 20 10 16 11
split_gain=0.661267 0.521074 0.689637 0.517305 0.458566 1.20326 1.37183 1.6793 1.49171 1.12232 0.787639 0.766087 0.590511 0.517853 0.571377 0.439953 0.680823 0.432147 0.412185
threshold=0 725.50000000000011 5.9750000000000005 1310.3779125486674 1272.6833333333336 1650.5000000000002 0.6952237066490784 1650.5000000000002 1685.765550564922 1876.3700000000001 103.95981363659165 1783.8617850637524 54.65000000000002 59.500000000000007 -0.99152915938811637 30.617857142857147 1364.3571428571429 0.84660111278280559 151.18578920369092
decision_type=9 2 2 2 2 2 2 2 2 2 2 2 2 2 2 2 2 2 2
left_child=1 18 3 -3 12 6 8 -8 -6 11 -11 -7 13 -2 -15 16 -4 -14 -1
right_child=4 2 15 -5 5 9 7 -9 -10 10 -12 -13 17 14 -16 -17 -18 -19 -20
leaf_value=-1.0249622364544329 -1.6292146759030275 0.93941013398816131 0.27466149893992425 -0.19612202346932686 0.7244742783585848 -1.4619949282252565 2.1448111541894086 -0.30057386943394371 -0.19266703673612209 0.72319529626397983 -0.0056254307178948597 -0.040759096278423224 -0.8036267699818348 -1.0863661909595754 0.040559327280379559 -0.1445564948756958 -0.3177048117402409 0.2336329893069975 0.60406271649072218
leaf_weight=375 195 76 585 4332 672 638 340 189 1017 688 2793 639 379 123 2309 175 326 111 56
leaf_count=375 195 76 585 4332 672 638 340 189 1017 688 2793 639 379 123 2309 175 326 111 56
internal_value=-8.10919e-05 -0.000333559 -0.000245133 -0.000417102 6.29447e-05 0.000201662 0.00078008 0.0021283 0.000330177 -5.86265e-05 0.000210223 -0.000826292 -0.000232842 -3.65304e-05 6.53507e-05 0.000411223 0.000703947 -0.00119145 -0.00136111
internal_weight=16018 5925 5494 4408 10093 6976 2218 529 1689 4758 3481 1277 3117 2627 2432 1086 911 490 431
internal_count=16018 5925 5494 4408 10093 6976 2218 529 1689 4758 3481 1277 3117 2627 2432 1086 911 490 431
cat_boundaries=0 1
cat_threshold=708692
is_linear=0
shrinkage=0.03


end of trees

feature_importances:
mandi_name=497
price_lag_1=491
sin_365_2=448
sin_365_1=404
day_of_year=360
price_lag_2=346
price_roll_std_7=328
price_expanding_mean=321
price_roll_mean_7=289
price_roll_mean_30=287
evapotrans_lag1=279
cos_365_1=251
temp_mean=250
price_lag_3=238
temp_7d_avg=233
cos_365_2=211
temp_lag7=165
rainfall_30d_sum=158
temp_mean_lag1=155
precip_roll7=129
rainfall_7d_sum=127
precip_roll30=124
price_lag_7=110
rainfall_lag1=84
day_of_week=43
month=37
temp_lag1=32
precip_lag1=7
variety=4
is_weekend=1

parameters:
[boosting: gbdt]
[objective: quantile]
[metric: quantile]
[tree_learner: serial]
[device_type: cpu]
[data_sample_strategy: bagging]
[data: ]
[valid: ]
[num_iterations: 2000]
[learning_rate: 0.03]
[num_leaves: 20]
[num_threads: 0]
[seed: 42]
[deterministic: 0]
[force_col_wise: 0]
[force_row_wise: 0]
[histogram_pool_size: -1]
[max_depth: 5]
[min_data_in_leaf: 50]
[min_sum_hessian_in_leaf: 0.001]
[bagging_fraction: 0.8]
[pos_bagging_fraction: 1]
[neg_bagging_fraction: 1]
[bagging_freq: 5]
[bagging_seed: 400]
[bagging_by_query: 0]
[feature_fraction: 0.8]
[feature_fraction_bynode: 1]
[feature_fraction_seed: 30056]
[extra_trees: 0]
[extra_seed: 12879]
[early_stopping_round: 0]
[early_stopping_min_delta: 0]
[first_metric_only: 0]
[max_delta_step: 0]
[lambda_l1: 1.5]
[lambda_l2: 1]
[linear_lambda: 0]
[min_gain_to_split: 0]
[drop_rate: 0.1]
[max_drop: 50]
[skip_drop: 0.5]
[xgboost_dart_mode: 0]
[uniform_drop: 0]
[drop_seed: 17869]
[top_rate: 0.2]
[other_rate: 0.1]
[min_data_per_group: 100]
[max_cat_threshold: 32]
[cat_l2: 10]
[cat_smooth: 10]
[max_cat_to_onehot: 4]
[top_k: 20]
[monotone_constraints: ]
[monotone_constraints_method: basic]
[monotone_penalty: 0]
[feature_contri: ]
[forcedsplits_filename: ]
[refit_decay_rate: 0.9]
[cegb_tradeoff: 1]
[cegb_penalty_split: 0]
[cegb_penalty_feature_lazy: ]
[cegb_penalty_feature_coupled: ]
[path_smooth: 0]
[interaction_constraints: ]
[verbosity: -1]
[saved_feature_importance_type: 0]
[use_quantized_grad: 0]
[num_grad_quant_bins: 4]
[quant_train_renew_leaf: 0]
[stochastic_rounding: 1]
[linear_tree: 0]
[max_bin: 255]
[max_bin_by_feature: ]
[min_data_in_bin: 3]
[bin_construct_sample_cnt: 200000]
[data_random_seed: 175]
[is_enable_sparse: 1]
[enable_bundle: 1]
[use_missing: 1]
[zero_as_missing: 0]
[feature_pre_filter: 1]
[pre_partition: 0]
[two_round: 0]
[header: 0]
[label_column: ]
[weight_column: ]
[group_column: ]
[ignore_column: ]
[categorical_feature: 0,1,2,3]
[forcedbins_filename: ]
[precise_float_parser: 0]
[parser_config_file: ]
[objective_seed: 16083]
[num_class: 1]
[is_unbalance: 0]
[scale_pos_weight: 1]
[sigmoid: 1]
[boost_from_average: 1]
[reg_sqrt: 0]
[alpha: 0.9]
[fair_c: 1]
[poisson_max_delta_step: 0.7]
[tweedie_variance_power: 1.5]
[lambdarank_truncation_level: 30]
[lambdarank_norm: 1]
[label_gain: ]
[lambdarank_position_bias_regularization: 0]
[eval_at: ]
[multi_error_top_k: 1]
[auc_mu_weights: ]
[num_machines: 1]
[local_listen_port: 12400]
[time_out: 120]
[machine_list_filename: ]
[machines: ]
[gpu_platform_id: -1]
[gpu_device_id: -1]
[gpu_use_dp: 0]
[num_gpu: 1]

end of parameters

pandas_categorical:[["Chandvad", "Devala", "Dindori", "Dindori(Vani)", "Kalvan", "Lasalgaon", "Lasalgaon(Niphad)", "Lasalgaon(Vinchur)", "Malharshree Farmers Producer Co Ltd", "Mankamneshwar Farmar Producer Coltd Sanchalit Mank", "Manmad", "Nampur", "Nandgaon", "Nasik", "Pimpalgaon", "Pimpalgaon Baswant(Saykheda)", "Satana", "Shivsiddha Govind Producer Company Limited Sanchal", "Shree Rameshwar Krushi Market", "Sinner", "Umrane", "Yeola"], ["Nashik"], ["Maharashtra"], ["Local", "Other", "Pole", "Red", "White"]]
