State,District,Market,Commodity,Variety,Grade,Arrival_Date,Min_Price,Max_Price,Modal_Price,Commodity_Code
Maharashtra,Pune,Junnar,Tomato,Local,FAQ,10/06/2021,250,750,600,78
Maharashtra,Pune,Junnar(Narayangaon),Tomato,Local,FAQ,03/07/2024,2500,5500,4000,78
Maharashtra,Pune,Junnar(Narayangaon),Tomato,Local,FAQ,06/07/2024,2500,6000,4000,78
Maharashtra,Pune,Junnar(Narayangaon),Tomato,Local,FAQ,31/07/2024,1000,2500,2000,78
Maharashtra,Pune,Junnar(Narayangaon),Tomato,Local,FAQ,01/08/2024,1000,2500,2000,78
Maharashtra,Pune,Junnar(Narayangaon),Tomato,Local,FAQ,04/08/2024,1000,3000,2000,78
Maharashtra,Pune,Junnar(Narayangaon),Tomato,Local,FAQ,29/08/2024,500,1250,1000,78
Maharashtra,Pune,Junnar(Narayangaon),Tomato,Local,FAQ,31/08/2024,750,2000,1500,78
Maharashtra,Pune,Junnar(Narayangaon),Tomato,Local,FAQ,01/05/2024,500,1500,1000,78
Maharashtra,Pune,Junnar(Narayangaon),Tomato,Local,FAQ,22/05/2024,750,1500,1000,78
Maharashtra,Pune,Junnar(Narayangaon),Tomato,Local,FAQ,29/05/2024,500,1500,1000,78
Maharashtra,Pune,Junnar(Narayangaon),Tomato,Local,FAQ,31/05/2024,500,1750,1500,78
Maharashtra,Pune,Junnar(Narayangaon),Tomato,Local,FAQ,13/01/2024,500,2000,1500,78
Maharashtra,Pune,Junnar(Narayangaon),Tomato,Local,FAQ,17/01/2024,1000,2250,1500,78
Maharashtra,Pune,Junnar(Narayangaon),Tomato,Local,FAQ,21/01/2024,1000,2500,2000,78
Maharashtra,Pune,Junnar(Narayangaon),Tomato,Local,FAQ,28/01/2024,1000,3000,2000,78
Maharashtra,Pune,Junnar(Narayangaon),Tomato,Local,FAQ,31/01/2024,1000,3000,2000,78
Maharashtra,Pune,Junnar(Narayangaon),Tomato,Local,FAQ,10/02/2024,1000,2500,2000,78
Maharashtra,Pune,Junnar(Narayangaon),Tomato,Local,FAQ,14/02/2024,1000,2500,2000,78
Maharashtra,Pune,Junnar(Narayangaon),Tomato,Local,FAQ,21/02/2024,500,2000,1500,78
Maharashtra,Pune,Junnar(Narayangaon),Tomato,Local,FAQ,24/02/2024,500,2000,1500,78
Maharashtra,Pune,Junnar(Narayangaon),Tomato,Local,FAQ,25/02/2024,500,2000,1500,78
Maharashtra,Pune,Junnar(Narayangaon),Tomato,Local,FAQ,27/02/2024,500,2000,1500,78
Maharashtra,Pune,Junnar(Narayangaon),Tomato,Local,FAQ,29/02/2024,500,2000,1500,78
Maharashtra,Pune,Junnar(Narayangaon),Tomato,Local,FAQ,06/03/2024,1000,3500,2000,78
Maharashtra,Pune,Junnar(Narayangaon),Tomato,Local,FAQ,15/03/2024,500,2000,1500,78
Maharashtra,Pune,Junnar(Narayangaon),Tomato,Local,FAQ,29/03/2024,250,1000,600,78
Maharashtra,Pune,Junnar(Narayangaon),Tomato,Local,FAQ,29/04/2024,250,1000,750,78
Maharashtra,Pune,Junnar(Narayangaon),Tomato,Local,FAQ,30/04/2024,250,1000,750,78
Maharashtra,Pune,Junnar(Narayangaon),Tomato,Local,FAQ,21/02/2021,500,750,600,78
Maharashtra,Pune,Junnar(Narayangaon),Tomato,Local,FAQ,26/02/2021,750,1375,1000,78
Maharashtra,Pune,Junnar(Narayangaon),Tomato,Local,FAQ,10/03/2021,500,1000,800,78
Maharashtra,Pune,Junnar(Narayangaon),Tomato,Local,FAQ,22/03/2021,500,1000,850,78
Maharashtra,Pune,Junnar(Narayangaon),Tomato,Local,FAQ,30/03/2021,1000,2000,1500,78
Maharashtra,Pune,Junnar(Narayangaon),Tomato,Local,FAQ,01/04/2021,1000,2000,1500,78
Maharashtra,Pune,Junnar(Narayangaon),Tomato,Local,FAQ,06/04/2021,750,1500,1200,78
Maharashtra,Pune,Junnar(Narayangaon),Tomato,Local,FAQ,07/04/2021,750,1500,1000,78
Maharashtra,Pune,Junnar(Narayangaon),Tomato,Local,FAQ,14/04/2021,500,1250,1000,78
Maharashtra,Pune,Junnar(Narayangaon),Tomato,Local,FAQ,18/04/2021,500,1125,1000,78
Maharashtra,Pune,Junnar(Narayangaon),Tomato,Local,FAQ,21/04/2021,250,1500,1000,78
Maharashtra,Pune,Junnar(Narayangaon),Tomato,Local,FAQ,23/04/2021,250,1250,1000,78
Maharashtra,Pune,Junnar(Narayangaon),Tomato,Local,FAQ,24/04/2021,500,1000,800,78
Maharashtra,Pune,Junnar(Narayangaon),Tomato,Local,FAQ,29/04/2021,250,1750,1500,78
Maharashtra,Pune,Junnar(Narayangaon),Tomato,Local,FAQ,02/05/2021,250,1125,1000,78
Maharashtra,Pune,Junnar(Narayangaon),Tomato,Local,FAQ,08/05/2021,250,1375,1000,78
Maharashtra,Pune,Junnar(Narayangaon),Tomato,Local,FAQ,10/05/2021,250,1250,1000,78
Maharashtra,Pune,Junnar(Narayangaon),Tomato,Local,FAQ,11/05/2021,250,1500,1000,78
Maharashtra,Pune,Junnar(Narayangaon),Tomato,Local,FAQ,13/05/2021,250,1250,1000,78
Maharashtra,Pune,Junnar(Narayangaon),Tomato,Local,FAQ,17/05/2021,250,1000,800,78
Maharashtra,Pune,Junnar(Narayangaon),Tomato,Local,FAQ,18/05/2021,250,750,600,78
Maharashtra,Pune,Junnar(Narayangaon),Tomato,Local,FAQ,31/05/2021,250,1000,750,78
Maharashtra,Pune,Junnar(Narayangaon),Tomato,Local,FAQ,07/06/2021,250,1125,900,78
Maharashtra,Pune,Junnar(Narayangaon),Tomato,Local,FAQ,15/06/2021,250,750,600,78
Maharashtra,Pune,Junnar(Narayangaon),Tomato,Local,FAQ,19/06/2021,250,750,600,78
Maharashtra,Pune,Junnar(Narayangaon),Tomato,Local,FAQ,29/06/2021,250,600,500,78
Maharashtra,Pune,Junnar(Narayangaon),Tomato,Local,FAQ,02/07/2021,250,750,600,78
Maharashtra,Pune,Junnar(Narayangaon),Tomato,Local,FAQ,13/07/2021,250,1000,700,78
Maharashtra,Pune,Junnar(Narayangaon),Tomato,Local,FAQ,22/07/2021,500,1600,1400,78
Maharashtra,Pune,Junnar(Narayangaon),Tomato,Local,FAQ,26/07/2021,500,1850,1500,78
Maharashtra,Pune,Junnar(Narayangaon),Tomato,Local,FAQ,28/07/2021,500,1750,1500,78
Maharashtra,Pune,Junnar(Narayangaon),Tomato,Local,FAQ,29/07/2021,500,1850,1000,78
Maharashtra,Pune,Junnar(Narayangaon),Tomato,Local,FAQ,30/07/2021,500,1500,1000,78
Maharashtra,Pune,Junnar(Narayangaon),Tomato,Local,FAQ,06/08/2021,500,1750,1200,78
Maharashtra,Pune,Junnar(Narayangaon),Tomato,Local,FAQ,20/08/2021,200,500,400,78
Maharashtra,Pune,Junnar(Narayangaon),Tomato,Local,FAQ,28/08/2021,200,650,450,78
Maharashtra,Pune,Junnar(Narayangaon),Tomato,Local,FAQ,31/08/2021,250,750,550,78
Maharashtra,Pune,Junnar(Narayangaon),Tomato,Local,FAQ,06/09/2021,250,850,650,78
Maharashtra,Pune,Junnar(Narayangaon),Tomato,Local,FAQ,18/09/2021,500,2250,1500,78
Maharashtra,Pune,Junnar(Narayangaon),Tomato,Local,FAQ,21/09/2021,500,1000,800,78
Maharashtra,Pune,Junnar(Narayangaon),Tomato,Local,FAQ,23/09/2021,301,1301,800,78
Maharashtra,Pune,Junnar(Narayangaon),Tomato,Local,FAQ,29/09/2021,1500,3750,2500,78
Maharashtra,Pune,Junnar(Narayangaon),Tomato,Local,FAQ,01/10/2021,1000,3250,2500,78
Maharashtra,Pune,Junnar(Narayangaon),Tomato,Local,FAQ,05/10/2021,1500,3500,3000,78
Maharashtra,Pune,Junnar(Narayangaon),Tomato,Local,FAQ,12/10/2021,2000,4000,3000,78
Maharashtra,Pune,Junnar(Narayangaon),Tomato,Local,FAQ,17/10/2021,2000,4500,3500,78
Maharashtra,Pune,Junnar(Narayangaon),Tomato,Local,FAQ,21/10/2021,2500,4250,3200,78
Maharashtra,Pune,Junnar(Narayangaon),Tomato,Local,FAQ,27/10/2021,2000,4000,3000,78
Maharashtra,Pune,Junnar(Narayangaon),Tomato,Local,FAQ,06/11/2021,2000,3500,3000,78
Maharashtra,Pune,Junnar(Narayangaon),Tomato,Local,FAQ,13/11/2021,1500,3500,3000,78
Maharashtra,Pune,Junnar(Narayangaon),Tomato,Local,FAQ,20/11/2021,2500,4250,3375,78
Maharashtra,Pune,Junnar(Narayangaon),Tomato,Local,FAQ,22/11/2021,2500,4500,3500,78
Maharashtra,Pune,Junnar(Narayangaon),Tomato,Local,FAQ,24/11/2021,1500,3000,2500,78
Maharashtra,Pune,Junnar(Narayangaon),Tomato,Local,FAQ,28/11/2021,2000,3250,2625,78
Maharashtra,Pune,Junnar(Narayangaon),Tomato,Local,FAQ,02/12/2021,2000,3250,2625,78
Maharashtra,Pune,Junnar(Narayangaon),Tomato,Local,FAQ,09/12/2021,2500,4000,3000,78
Maharashtra,Pune,Junnar(Narayangaon),Tomato,Local,FAQ,11/12/2021,1500,3000,2500,78
Maharashtra,Pune,Junnar(Narayangaon),Tomato,Local,FAQ,16/12/2021,1500,2500,2000,78
Maharashtra,Pune,Junnar(Narayangaon),Tomato,Local,FAQ,18/12/2021,1500,2000,1800,78
Maharashtra,Pune,Junnar(Narayangaon),Tomato,Local,FAQ,25/12/2021,1500,2700,2000,78
Maharashtra,Pune,Junnar(Narayangaon),Tomato,Local,FAQ,27/12/2021,1500,2500,2000,78
Maharashtra,Pune,Junnar(Narayangaon),Tomato,Local,FAQ,03/01/2025,500,1250,1000,78
Maharashtra,Pune,Junnar(Narayangaon),Tomato,Local,FAQ,21/01/2025,250,1000,750,78
Maharashtra,Pune,Junnar(Narayangaon),Tomato,Local,FAQ,11/01/2025,500,1250,1000,78
Maharashtra,Pune,Junnar(Narayangaon),Tomato,Local,FAQ,13/01/2025,500,1250,1000,78
Maharashtra,Pune,Junnar(Narayangaon),Tomato,Local,Local,31/01/2025,500,1250,1000,78
Maharashtra,Pune,Junnar(Narayangaon),Tomato,Local,FAQ,01/01/2025,750,1500,1000,78
Maharashtra,Pune,Junnar(Narayangaon),Tomato,Local,FAQ,22/01/2025,250,1000,750,78
Maharashtra,Pune,Junnar(Narayangaon),Tomato,Local,FAQ,06/09/2024,1000,2000,1500,78
Maharashtra,Pune,Junnar(Narayangaon),Tomato,Local,FAQ,08/09/2024,500,2000,1500,78
Maharashtra,Pune,Junnar(Narayangaon),Tomato,Local,FAQ,14/09/2024,750,2500,1500,78
Maharashtra,Pune,Junnar(Narayangaon),Tomato,Local,FAQ,15/09/2024,750,2750,2000,78
Maharashtra,Pune,Junnar(Narayangaon),Tomato,Local,FAQ,19/09/2024,1500,3500,2500,78
Maharashtra,Pune,Junnar(Narayangaon),Tomato,Local,FAQ,23/09/2024,2000,4000,3000,78
Maharashtra,Pune,Junnar(Narayangaon),Tomato,Local,FAQ,29/09/2024,4000,5500,5000,78
Maharashtra,Pune,Junnar(Narayangaon),Tomato,Local,FAQ,16/06/2024,2500,5000,4000,78
Maharashtra,Pune,Junnar(Narayangaon),Tomato,Local,FAQ,30/06/2024,2500,5500,4000,78
Maharashtra,Pune,Junnar(Narayangaon),Tomato,Local,FAQ,03/01/2022,1500,2250,1800,78
Maharashtra,Pune,Junnar(Narayangaon),Tomato,Local,FAQ,12/01/2022,500,1500,1000,78
Maharashtra,Pune,Junnar(Narayangaon),Tomato,Local,FAQ,19/01/2022,500,1750,1000,78
Maharashtra,Pune,Junnar(Narayangaon),Tomato,Local,FAQ,01/02/2022,500,1500,1000,78
Maharashtra,Pune,Junnar(Narayangaon),Tomato,Local,FAQ,05/02/2022,500,1500,1000,78
Maharashtra,Pune,Junnar(Narayangaon),Tomato,Local,FAQ,06/02/2022,500,1000,750,78
Maharashtra,Pune,Junnar(Narayangaon),Tomato,Local,FAQ,09/02/2022,500,2250,1500,78
Maharashtra,Pune,Junnar(Narayangaon),Tomato,Local,FAQ,12/02/2022,500,2000,1500,78
Maharashtra,Pune,Junnar(Narayangaon),Tomato,Local,FAQ,15/02/2022,500,1750,1000,78
Maharashtra,Pune,Junnar(Narayangaon),Tomato,Local,FAQ,23/02/2022,500,1500,1000,78
Maharashtra,Pune,Junnar(Narayangaon),Tomato,Local,FAQ,28/02/2022,500,1750,1100,78
Maharashtra,Pune,Junnar(Narayangaon),Tomato,Local,FAQ,06/03/2022,500,1500,1000,78
Maharashtra,Pune,Junnar(Narayangaon),Tomato,Local,FAQ,09/03/2022,500,1500,1000,78
Maharashtra,Pune,Junnar(Narayangaon),Tomato,Local,FAQ,10/03/2022,500,1500,1000,78
Maharashtra,Pune,Junnar(Narayangaon),Tomato,Local,FAQ,18/03/2022,500,1500,1000,78
Maharashtra,Pune,Junnar(Narayangaon),Tomato,Local,FAQ,30/03/2022,250,1250,900,78
Maharashtra,Pune,Junnar(Narayangaon),Tomato,Local,FAQ,01/04/2022,250,1500,1000,78
Maharashtra,Pune,Junnar(Narayangaon),Tomato,Local,FAQ,08/04/2022,250,1250,850,78
Maharashtra,Pune,Junnar(Narayangaon),Tomato,Local,FAQ,09/04/2022,250,1125,800,78
Maharashtra,Pune,Junnar(Narayangaon),Tomato,Local,FAQ,24/04/2022,500,1750,1200,78
Maharashtra,Pune,Junnar(Narayangaon),Tomato,Local,FAQ,02/05/2022,1500,3500,3000,78
Maharashtra,Pune,Junnar(Narayangaon),Tomato,Local,FAQ,11/05/2022,2000,3500,2500,78
Maharashtra,Pune,Junnar(Narayangaon),Tomato,Local,FAQ,21/05/2022,2500,5000,3500,78
Maharashtra,Pune,Junnar(Narayangaon),Tomato,Local,FAQ,22/05/2022,3000,5000,4000,78
Maharashtra,Pune,Junnar(Narayangaon),Tomato,Local,FAQ,25/05/2022,2500,4500,3500,78
Maharashtra,Pune,Junnar(Narayangaon),Tomato,Local,FAQ,13/06/2022,3000,4500,4000,78
Maharashtra,Pune,Junnar(Narayangaon),Tomato,Local,FAQ,14/06/2022,2000,4500,3500,78
Maharashtra,Pune,Junnar(Narayangaon),Tomato,Local,FAQ,19/06/2022,3000,4500,3500,78
Maharashtra,Pune,Junnar(Narayangaon),Tomato,Local,FAQ,21/06/2022,2000,4500,3500,78
Maharashtra,Pune,Junnar(Narayangaon),Tomato,Local,FAQ,24/06/2022,1500,4000,3500,78
Maharashtra,Pune,Junnar(Narayangaon),Tomato,Local,FAQ,29/06/2022,1000,3000,2000,78
Maharashtra,Pune,Junnar(Narayangaon),Tomato,Local,FAQ,10/07/2022,500,2000,1500,78
Maharashtra,Pune,Junnar(Narayangaon),Tomato,Local,FAQ,12/07/2022,500,2000,1500,78
Maharashtra,Pune,Junnar(Narayangaon),Tomato,Local,FAQ,21/07/2022,500,1500,1000,78
Maharashtra,Pune,Junnar(Narayangaon),Tomato,Local,FAQ,05/08/2022,500,1500,1000,78
Maharashtra,Pune,Junnar(Narayangaon),Tomato,Local,FAQ,19/08/2022,500,1500,1000,78
Maharashtra,Pune,Junnar(Narayangaon),Tomato,Local,FAQ,21/08/2022,500,1500,1000,78
Maharashtra,Pune,Junnar(Narayangaon),Tomato,Local,FAQ,26/08/2022,250,1250,801,78
Maharashtra,Pune,Junnar(Narayangaon),Tomato,Local,FAQ,27/08/2022,250,1250,801,78
Maharashtra,Pune,Junnar(Narayangaon),Tomato,Local,FAQ,04/09/2022,500,2250,1550,78
Maharashtra,Pune,Junnar(Narayangaon),Tomato,Local,FAQ,05/09/2022,500,1750,1200,78
Maharashtra,Pune,Junnar(Narayangaon),Tomato,Local,FAQ,08/09/2022,500,1750,1200,78
Maharashtra,Pune,Junnar(Narayangaon),Tomato,Local,FAQ,09/09/2022,500,1750,1200,78
Maharashtra,Pune,Junnar(Narayangaon),Tomato,Local,FAQ,12/09/2022,500,3000,2000,78
Maharashtra,Pune,Junnar(Narayangaon),Tomato,Local,FAQ,17/09/2022,1000,2500,2000,78
Maharashtra,Pune,Junnar(Narayangaon),Tomato,Local,FAQ,18/09/2022,500,1750,1200,78
Maharashtra,Pune,Junnar(Narayangaon),Tomato,Local,FAQ,20/09/2022,601,1601,1101,78
Maharashtra,Pune,Junnar(Narayangaon),Tomato,Local,FAQ,22/09/2022,1500,2750,2001,78
Maharashtra,Pune,Junnar(Narayangaon),Tomato,Local,FAQ,24/09/2022,1500,2750,2100,78
Maharashtra,Pune,Junnar(Narayangaon),Tomato,Local,FAQ,27/09/2022,1500,3000,2500,78
Maharashtra,Pune,Junnar(Narayangaon),Tomato,Local,FAQ,12/10/2022,1000,3000,2000,78
Maharashtra,Pune,Junnar(Narayangaon),Tomato,Local,FAQ,28/10/2022,1000,2500,2000,78
Maharashtra,Pune,Junnar(Narayangaon),Tomato,Local,FAQ,17/11/2022,250,500,400,78
Maharashtra,Pune,Junnar(Narayangaon),Tomato,Local,FAQ,23/11/2022,250,500,400,78
Maharashtra,Pune,Junnar(Narayangaon),Tomato,Local,FAQ,25/11/2022,250,500,400,78
Maharashtra,Pune,Junnar(Narayangaon),Tomato,Local,FAQ,30/11/2022,250,750,500,78
Maharashtra,Pune,Junnar(Narayangaon),Tomato,Local,FAQ,01/12/2022,250,750,500,78
Maharashtra,Pune,Junnar(Narayangaon),Tomato,Local,FAQ,02/12/2022,250,625,450,78
Maharashtra,Pune,Junnar(Narayangaon),Tomato,Local,FAQ,13/12/2022,250,625,400,78
Maharashtra,Pune,Junnar(Narayangaon),Tomato,Local,FAQ,21/12/2022,250,750,500,78
Maharashtra,Pune,Junnar(Narayangaon),Tomato,Local,FAQ,25/12/2022,250,750,500,78
Maharashtra,Pune,Junnar(Narayangaon),Tomato,Local,FAQ,28/12/2022,250,750,500,78
Maharashtra,Pune,Junnar(Narayangaon),Tomato,Local,FAQ,30/12/2022,500,1000,800,78
Maharashtra,Pune,Junnar(Narayangaon),Tomato,Local,Local,12/03/2025,750,1500,1000,78
Maharashtra,Pune,Junnar(Narayangaon),Tomato,Local,Local,15/03/2025,500,1250,1000,78
Maharashtra,Pune,Junnar(Narayangaon),Tomato,Local,Local,21/03/2025,250,750,500,78
Maharashtra,Pune,Junnar(Narayangaon),Tomato,Local,Local,26/03/2025,500,1000,750,78
Maharashtra,Pune,Junnar(Narayangaon),Tomato,Local,Local,28/03/2025,250,875,500,78
Maharashtra,Pune,Junnar(Narayangaon),Tomato,Local,FAQ,03/11/2024,1500,3000,2000,78
Maharashtra,Pune,Junnar(Narayangaon),Tomato,Local,FAQ,05/11/2024,1000,2500,2000,78
Maharashtra,Pune,Junnar(Narayangaon),Tomato,Local,FAQ,07/11/2024,1000,2750,2000,78
Maharashtra,Pune,Junnar(Narayangaon),Tomato,Local,FAQ,11/11/2024,1500,3000,2000,78
Maharashtra,Pune,Junnar(Narayangaon),Tomato,Local,Local,05/02/2025,500,1250,1000,78
Maharashtra,Pune,Junnar(Narayangaon),Tomato,Local,Local,07/02/2025,250,1000,750,78
Maharashtra,Pune,Junnar(Narayangaon),Tomato,Local,Local,08/02/2025,250,1000,700,78
Maharashtra,Pune,Junnar(Narayangaon),Tomato,Local,Local,17/02/2025,500,1000,750,78
Maharashtra,Pune,Junnar(Narayangaon),Tomato,Local,FAQ,02/12/2024,2500,3750,3000,78
Maharashtra,Pune,Junnar(Narayangaon),Tomato,Local,FAQ,12/12/2024,1000,2500,2000,78
Maharashtra,Pune,Junnar(Narayangaon),Tomato,Local,FAQ,20/12/2024,1000,2500,2000,78
Maharashtra,Pune,Junnar(Narayangaon),Tomato,Local,FAQ,22/12/2024,1500,3000,2500,78
Maharashtra,Pune,Junnar(Narayangaon),Tomato,Local,FAQ,23/12/2024,1000,2750,2000,78
Maharashtra,Pune,Junnar(Narayangaon),Tomato,Local,FAQ,27/12/2024,750,1500,1000,78
Maharashtra,Pune,Junnar(Narayangaon),Tomato,Local,FAQ,30/12/2024,750,1500,1000,78
Maharashtra,Pune,Junnar(Narayangaon),Tomato,Local,Local,02/06/2025,500,1750,1250,78
Maharashtra,Pune,Junnar(Narayangaon),Tomato,Local,Local,12/06/2025,750,2500,2000,78
Maharashtra,Pune,Junnar(Narayangaon),Tomato,Local,Local,14/06/2025,750,2250,1500,78
Maharashtra,Pune,Junnar(Narayangaon),Tomato,Local,Local,18/06/2025,500,2000,1500,78
Maharashtra,Pune,Junnar(Narayangaon),Tomato,Local,Local,19/06/2025,500,2000,1500,78
Maharashtra,Pune,Junnar(Narayangaon),Tomato,Local,Local,21/06/2025,500,1500,1000,78
Maharashtra,Pune,Junnar(Narayangaon),Tomato,Local,Local,28/06/2025,750,2750,2000,78
Maharashtra,Pune,Junnar(Narayangaon),Tomato,Local,Local,07/07/2025,750,2750,2001,78
Maharashtra,Pune,Junnar(Narayangaon),Tomato,Local,Local,14/07/2025,500,2500,2000,78
Maharashtra,Pune,Junnar(Narayangaon),Tomato,Local,Local,20/07/2025,1250,3250,2250,78
Maharashtra,Pune,Junnar(Narayangaon),Tomato,Local,Local,21/07/2025,1500,3500,2500,78
Maharashtra,Pune,Junnar(Narayangaon),Tomato,Local,Local,16/04/2025,500,1250,1000,78
Maharashtra,Pune,Junnar(Narayangaon),Tomato,Local,FAQ,21/10/2024,3000,5000,4000,78
Maharashtra,Pune,Junnar(Narayangaon),Tomato,Local,FAQ,27/10/2024,1000,3000,2000,78
Maharashtra,Pune,Junnar(Narayangaon),Tomato,Local,FAQ,10/10/2024,3000,6000,5000,78
Maharashtra,Pune,Junnar(Narayangaon),Tomato,Local,FAQ,19/10/2024,3000,5000,4000,78
Maharashtra,Pune,Junnar(Narayangaon),Tomato,Local,FAQ,17/10/2024,3000,5000,4000,78
Maharashtra,Pune,Junnar(Narayangaon),Tomato,Local,FAQ,28/10/2024,500,2500,2000,78
Maharashtra,Pune,Junnar(Narayangaon),Tomato,Local,FAQ,02/01/2023,250,875,500,78
Maharashtra,Pune,Junnar(Narayangaon),Tomato,Local,FAQ,05/01/2023,500,1000,800,78
Maharashtra,Pune,Junnar(Narayangaon),Tomato,Local,FAQ,14/01/2023,500,1250,800,78
Maharashtra,Pune,Junnar(Narayangaon),Tomato,Local,FAQ,19/01/2023,500,1250,800,78
Maharashtra,Pune,Junnar(Narayangaon),Tomato,Local,FAQ,23/01/2023,500,1250,800,78
Maharashtra,Pune,Junnar(Narayangaon),Tomato,Local,FAQ,24/01/2023,500,1250,900,78
Maharashtra,Pune,Junnar(Narayangaon),Tomato,Local,FAQ,28/01/2023,250,875,500,78
Maharashtra,Pune,Junnar(Narayangaon),Tomato,Local,FAQ,31/01/2023,250,750,500,78
Maharashtra,Pune,Junnar(Narayangaon),Tomato,Local,FAQ,12/02/2023,500,1375,800,78
Maharashtra,Pune,Junnar(Narayangaon),Tomato,Local,FAQ,19/02/2023,500,1500,1000,78
Maharashtra,Pune,Junnar(Narayangaon),Tomato,Local,FAQ,24/02/2023,500,1500,1000,78
Maharashtra,Pune,Junnar(Narayangaon),Tomato,Local,FAQ,04/03/2023,750,1500,1000,78
Maharashtra,Pune,Junnar(Narayangaon),Tomato,Local,FAQ,05/03/2023,750,1500,1000,78
Maharashtra,Pune,Junnar(Narayangaon),Tomato,Local,FAQ,07/03/2023,750,1500,1000,78
Maharashtra,Pune,Junnar(Narayangaon),Tomato,Local,FAQ,08/03/2023,750,1500,1000,78
Maharashtra,Pune,Junnar(Narayangaon),Tomato,Local,FAQ,15/03/2023,750,1500,1000,78
Maharashtra,Pune,Junnar(Narayangaon),Tomato,Local,FAQ,17/03/2023,750,1750,1050,78
Maharashtra,Pune,Junnar(Narayangaon),Tomato,Local,FAQ,18/03/2023,750,1750,1200,78
Maharashtra,Pune,Junnar(Narayangaon),Tomato,Local,FAQ,19/03/2023,1000,2000,1500,78
Maharashtra,Pune,Junnar(Narayangaon),Tomato,Local,FAQ,21/03/2023,1000,2000,1500,78
Maharashtra,Pune,Junnar(Narayangaon),Tomato,Local,FAQ,25/03/2023,1000,2000,1500,78
Maharashtra,Pune,Junnar(Narayangaon),Tomato,Local,FAQ,26/03/2023,750,1500,1000,78
Maharashtra,Pune,Junnar(Narayangaon),Tomato,Local,FAQ,29/03/2023,750,1750,1250,78
Maharashtra,Pune,Junnar(Narayangaon),Tomato,Local,FAQ,02/04/2023,750,1500,1000,78
Maharashtra,Pune,Junnar(Narayangaon),Tomato,Local,FAQ,03/04/2023,750,1500,1000,78
Maharashtra,Pune,Junnar(Narayangaon),Tomato,Local,FAQ,06/04/2023,750,1500,1000,78
Maharashtra,Pune,Junnar(Narayangaon),Tomato,Local,FAQ,09/04/2023,500,1000,800,78
Maharashtra,Pune,Junnar(Narayangaon),Tomato,Local,FAQ,12/04/2023,500,1000,800,78
Maharashtra,Pune,Junnar(Narayangaon),Tomato,Local,FAQ,15/04/2023,1000,1500,1250,78
Maharashtra,Pune,Junnar(Narayangaon),Tomato,Local,FAQ,16/04/2023,1000,1500,1250,78
Maharashtra,Pune,Junnar(Narayangaon),Tomato,Local,FAQ,20/04/2023,500,1000,750,78
Maharashtra,Pune,Junnar(Narayangaon),Tomato,Local,FAQ,22/04/2023,500,1000,750,78
Maharashtra,Pune,Junnar(Narayangaon),Tomato,Local,FAQ,06/05/2023,250,750,500,78
Maharashtra,Pune,Junnar(Narayangaon),Tomato,Local,FAQ,11/05/2023,250,1000,750,78
Maharashtra,Pune,Junnar(Narayangaon),Tomato,Local,FAQ,12/05/2023,500,1350,1000,78
Maharashtra,Pune,Junnar(Narayangaon),Tomato,Local,FAQ,13/05/2023,500,1250,1000,78
Maharashtra,Pune,Junnar(Narayangaon),Tomato,Local,FAQ,15/05/2023,500,1000,750,78
Maharashtra,Pune,Junnar(Narayangaon),Tomato,Local,FAQ,25/05/2023,250,700,500,78
Maharashtra,Pune,Junnar(Narayangaon),Tomato,Local,FAQ,12/06/2023,1500,3000,2500,78
Maharashtra,Pune,Junnar(Narayangaon),Tomato,Local,FAQ,24/06/2023,3000,5500,4000,78
Maharashtra,Pune,Junnar(Narayangaon),Tomato,Local,FAQ,29/06/2023,3000,6000,4500,78
Maharashtra,Pune,Junnar(Narayangaon),Tomato,Local,FAQ,08/07/2023,4000,9000,6000,78
Maharashtra,Pune,Junnar(Narayangaon),Tomato,Local,FAQ,14/07/2023,4000,9000,6000,78
Maharashtra,Pune,Junnar(Narayangaon),Tomato,Local,FAQ,15/07/2023,5000,10000,8000,78
Maharashtra,Pune,Junnar(Narayangaon),Tomato,Local,FAQ,17/07/2023,5000,10500,8000,78
Maharashtra,Pune,Junnar(Narayangaon),Tomato,Local,FAQ,22/07/2023,3000,10000,7000,78
Maharashtra,Pune,Junnar(Narayangaon),Tomato,Local,FAQ,24/07/2023,3000,11000,8000,78
Maharashtra,Pune,Junnar(Narayangaon),Tomato,Local,FAQ,03/08/2023,3000,10500,7500,78
Maharashtra,Pune,Junnar(Narayangaon),Tomato,Local,FAQ,13/08/2023,1500,5500,3000,78
Maharashtra,Pune,Junnar(Narayangaon),Tomato,Local,FAQ,17/08/2023,1000,3000,2000,78
Maharashtra,Pune,Junnar(Narayangaon),Tomato,Local,FAQ,30/08/2023,1000,2000,1500,78
Maharashtra,Pune,Junnar(Narayangaon),Tomato,Local,FAQ,02/09/2023,500,1500,1000,78
Maharashtra,Pune,Junnar(Narayangaon),Tomato,Local,FAQ,11/09/2023,250,600,400,78
Maharashtra,Pune,Junnar(Narayangaon),Tomato,Local,FAQ,04/10/2023,250,600,400,78
Maharashtra,Pune,Junnar(Narayangaon),Tomato,Local,FAQ,13/10/2023,150,500,350,78
Maharashtra,Pune,Junnar(Narayangaon),Tomato,Local,FAQ,16/10/2023,250,650,450,78
Maharashtra,Pune,Junnar(Narayangaon),Tomato,Local,FAQ,30/10/2023,500,1500,1000,78
Maharashtra,Pune,Junnar(Narayangaon),Tomato,Local,FAQ,01/11/2023,500,1500,1000,78
Maharashtra,Pune,Junnar(Narayangaon),Tomato,Local,FAQ,03/11/2023,500,1500,1000,78
Maharashtra,Pune,Junnar(Narayangaon),Tomato,Local,FAQ,06/11/2023,500,2000,1501,78
Maharashtra,Pune,Junnar(Narayangaon),Tomato,Local,FAQ,15/11/2023,1000,3000,2000,78
Maharashtra,Pune,Junnar(Narayangaon),Tomato,Local,FAQ,16/11/2023,1000,3000,2000,78
Maharashtra,Pune,Junnar(Narayangaon),Tomato,Local,FAQ,17/11/2023,1000,3000,2000,78
Maharashtra,Pune,Junnar(Narayangaon),Tomato,Local,FAQ,19/11/2023,1000,3000,2000,78
Maharashtra,Pune,Junnar(Narayangaon),Tomato,Local,FAQ,20/11/2023,1000,3000,2000,78
Maharashtra,Pune,Junnar(Narayangaon),Tomato,Local,FAQ,22/11/2023,1000,3000,2000,78
Maharashtra,Pune,Junnar(Narayangaon),Tomato,Local,FAQ,24/11/2023,1000,3000,2000,78
Maharashtra,Pune,Junnar(Narayangaon),Tomato,Local,FAQ,03/12/2023,1000,3000,2000,78
Maharashtra,Pune,Junnar(Narayangaon),Tomato,Local,FAQ,08/12/2023,500,2000,1500,78
Maharashtra,Pune,Junnar(Narayangaon),Tomato,Local,FAQ,11/12/2023,500,2000,1500,78
Maharashtra,Pune,Junnar(Narayangaon),Tomato,Local,FAQ,16/12/2023,500,2000,1500,78
Maharashtra,Pune,Junnar(Narayangaon),Tomato,Local,FAQ,17/12/2023,500,2000,1500,78
Maharashtra,Pune,Junnar(Narayangaon),Tomato,Local,FAQ,25/12/2023,500,2000,1500,78
Maharashtra,Pune,Junnar(Narayangaon),Tomato,Other,FAQ,28/09/2023,250,750,550,78
Maharashtra,Pune,Junnar(Narayangaon),Tomato,Local,Local,03/05/2025,750,1750,1000,78
Maharashtra,Pune,Junnar(Narayangaon),Tomato,Local,Local,04/05/2025,750,1750,1000,78
Maharashtra,Pune,Junnar(Narayangaon),Tomato,Local,Local,24/05/2025,1000,2500,2000,78
Maharashtra,Pune,Junnar(Narayangaon),Tomato,Local,Local,30/05/2025,801,2001,1501,78
Maharashtra,Pune,Junnar(Narayangaon),Tomato,Local,Local,05/09/2025,750,2000,1500,78
Maharashtra,Pune,Junnar(Narayangaon),Tomato,Local,Local,18/09/2025,500,1000,750,78
Maharashtra,Pune,Junnar(Narayangaon),Tomato,Local,Local,19/09/2025,750,1500,1000,78
Maharashtra,Pune,Junnar(Narayangaon),Tomato,Local,Local,28/09/2025,750,2000,1500,78
Maharashtra,Pune,Junnar(Narayangaon),Tomato,Local,Local,10/09/2025,500,1500,1000,78
Maharashtra,Pune,Junnar(Narayangaon),Tomato,Local,Local,14/09/2025,500,1500,1000,78
Maharashtra,Pune,Junnar(Narayangaon),Tomato,Local,Local,30/09/2025,750,2000,1500,78
Maharashtra,Pune,Junnar(Narayangaon),Tomato,Local,Local,03/10/2025,750,1750,1000,78
Maharashtra,Pune,Junnar(Narayangaon),Tomato,Local,Local,04/08/2025,2500,5000,4000,78
Maharashtra,Pune,Junnar(Narayangaon),Tomato,Local,Local,14/08/2025,1500,3500,3000,78
Maharashtra,Pune,Junnar(Narayangaon),Tomato,Local,Local,22/08/2025,2000,3500,3000,78
Maharashtra,Pune,Junnar(Narayangaon),Tomato,Local,Local,23/08/2025,1500,3000,2500,78
Maharashtra,Pune,Junnar(Narayangaon),Tomato,Local,Local,31/08/2025,750,2500,2000,78
Maharashtra,Pune,Junnar(Narayangaon),Tomato,Local,Local,16/02/2025,500,1250,1000,78
Maharashtra,Pune,Junnar(Narayangaon),Tomato,Local,Local,20/02/2025,500,1250,1000,78
Maharashtra,Pune,Junnar(Narayangaon),Tomato,Local,Local,27/02/2025,500,1250,1000,78
Maharashtra,Pune,Junnar(Narayangaon),Tomato,Local,FAQ,03/09/2024,1000,2500,2000,78
Maharashtra,Pune,Junnar(Narayangaon),Tomato,Local,FAQ,07/09/2024,1000,2000,1500,78
Maharashtra,Pune,Junnar(Narayangaon),Tomato,Local,FAQ,13/09/2024,750,2500,1500,78
Maharashtra,Pune,Junnar(Narayangaon),Tomato,Local,FAQ,20/09/2024,1500,3500,2500,78
Maharashtra,Pune,Junnar(Narayangaon),Tomato,Local,FAQ,27/09/2024,3000,5000,4000,78
Maharashtra,Pune,Junnar(Narayangaon),Tomato,Local,FAQ,02/01/2025,500,1125,1000,78
Maharashtra,Pune,Junnar(Narayangaon),Tomato,Local,FAQ,10/01/2025,500,1250,1000,78
Maharashtra,Pune,Junnar(Narayangaon),Tomato,Local,FAQ,05/01/2025,750,1750,1000,78
Maharashtra,Pune,Junnar(Narayangaon),Tomato,Local,FAQ,24/01/2025,250,1000,750,78
Maharashtra,Pune,Junnar(Narayangaon),Tomato,Local,Local,30/01/2025,250,1125,750,78
Maharashtra,Pune,Junnar(Narayangaon),Tomato,Local,FAQ,04/01/2025,750,1500,1000,78
Maharashtra,Pune,Junnar(Narayangaon),Tomato,Local,FAQ,06/01/2025,750,1500,1000,78
Maharashtra,Pune,Junnar(Narayangaon),Tomato,Local,FAQ,15/01/2025,500,1250,1000,78
Maharashtra,Pune,Junnar(Narayangaon),Tomato,Local,FAQ,04/12/2024,2500,3500,3000,78
Maharashtra,Pune,Junnar(Narayangaon),Tomato,Local,FAQ,16/12/2024,1000,2500,2000,78
Maharashtra,Pune,Junnar(Narayangaon),Tomato,Local,FAQ,21/12/2024,1000,2500,2000,78
Maharashtra,Pune,Junnar(Narayangaon),Tomato,Local,FAQ,25/12/2024,500,1500,1000,78
Maharashtra,Pune,Junnar(Narayangaon),Tomato,Local,FAQ,28/12/2024,750,1500,1000,78
Maharashtra,Pune,Junnar(Narayangaon),Tomato,Local,FAQ,09/10/2024,3000,6000,5000,78
Maharashtra,Pune,Junnar(Narayangaon),Tomato,Local,FAQ,11/10/2024,3000,5500,4000,78
Maharashtra,Pune,Junnar(Narayangaon),Tomato,Local,FAQ,03/08/2024,1000,2500,2000,78
Maharashtra,Pune,Junnar(Narayangaon),Tomato,Local,FAQ,18/08/2024,1000,3000,2500,78
Maharashtra,Pune,Junnar(Narayangaon),Tomato,Local,FAQ,22/08/2024,1000,2000,1500,78
Maharashtra,Pune,Junnar(Narayangaon),Tomato,Local,FAQ,23/08/2024,1000,2000,1500,78
Maharashtra,Pune,Junnar(Narayangaon),Tomato,Local,FAQ,24/08/2024,1000,2000,1500,78
Maharashtra,Pune,Junnar(Narayangaon),Tomato,Local,FAQ,30/08/2024,500,1250,1000,78
Maharashtra,Pune,Junnar(Narayangaon),Tomato,Local,FAQ,04/10/2024,4000,6500,5000,78
Maharashtra,Pune,Junnar(Narayangaon),Tomato,Local,FAQ,18/10/2024,3000,5000,4000,78
Maharashtra,Pune,Junnar(Narayangaon),Tomato,Local,FAQ,25/11/2024,1000,2500,2000,78
Maharashtra,Pune,Junnar(Narayangaon),Tomato,Local,FAQ,27/11/2024,1500,3500,2500,78
Maharashtra,Pune,Junnar(Narayangaon),Tomato,Local,FAQ,01/01/2023,250,875,500,78
Maharashtra,Pune,Junnar(Narayangaon),Tomato,Local,FAQ,01/02/2023,250,750,500,78
Maharashtra,Pune,Junnar(Narayangaon),Tomato,Local,FAQ,04/02/2023,250,750,500,78
Maharashtra,Pune,Junnar(Narayangaon),Tomato,Local,FAQ,07/02/2023,250,1000,750,78
Maharashtra,Pune,Junnar(Narayangaon),Tomato,Local,FAQ,14/02/2023,500,1375,1000,78
Maharashtra,Pune,Junnar(Narayangaon),Tomato,Local,FAQ,16/02/2023,500,1500,1000,78
Maharashtra,Pune,Junnar(Narayangaon),Tomato,Local,FAQ,18/02/2023,500,1500,1000,78
Maharashtra,Pune,Junnar(Narayangaon),Tomato,Local,FAQ,23/02/2023,500,1500,1000,78
Maharashtra,Pune,Junnar(Narayangaon),Tomato,Local,FAQ,28/02/2023,500,1500,1000,78
Maharashtra,Pune,Junnar(Narayangaon),Tomato,Local,FAQ,01/03/2023,500,1500,1000,78
Maharashtra,Pune,Junnar(Narayangaon),Tomato,Local,FAQ,03/03/2023,500,1500,1000,78
Maharashtra,Pune,Junnar(Narayangaon),Tomato,Local,FAQ,09/03/2023,500,750,600,78
Maharashtra,Pune,Junnar(Narayangaon),Tomato,Local,FAQ,12/03/2023,500,1500,1000,78
Maharashtra,Pune,Junnar(Narayangaon),Tomato,Local,FAQ,13/03/2023,500,1500,1000,78
Maharashtra,Pune,Junnar(Narayangaon),Tomato,Local,FAQ,23/03/2023,1000,2000,1500,78
Maharashtra,Pune,Junnar(Narayangaon),Tomato,Local,FAQ,28/03/2023,750,1750,1000,78
Maharashtra,Pune,Junnar(Narayangaon),Tomato,Local,FAQ,04/04/2023,750,1500,1000,78
Maharashtra,Pune,Junnar(Narayangaon),Tomato,Local,FAQ,10/04/2023,500,1000,750,78
Maharashtra,Pune,Junnar(Narayangaon),Tomato,Local,FAQ,25/04/2023,250,750,500,78
Maharashtra,Pune,Junnar(Narayangaon),Tomato,Local,FAQ,27/04/2023,250,750,500,78
Maharashtra,Pune,Junnar(Narayangaon),Tomato,Local,FAQ,02/05/2023,250,750,550,78
Maharashtra,Pune,Junnar(Narayangaon),Tomato,Local,FAQ,04/05/2023,250,750,500,78
Maharashtra,Pune,Junnar(Narayangaon),Tomato,Local,FAQ,07/05/2023,250,1000,750,78
Maharashtra,Pune,Junnar(Narayangaon),Tomato,Local,FAQ,21/05/2023,250,750,500,78
Maharashtra,Pune,Junnar(Narayangaon),Tomato,Local,FAQ,27/05/2023,250,750,500,78
Maharashtra,Pune,Junnar(Narayangaon),Tomato,Local,FAQ,08/06/2023,500,1750,1200,78
Maharashtra,Pune,Junnar(Narayangaon),Tomato,Local,FAQ,11/06/2023,1500,3000,2500,78
Maharashtra,Pune,Junnar(Narayangaon),Tomato,Local,FAQ,14/06/2023,1500,3000,2500,78
Maharashtra,Pune,Junnar(Narayangaon),Tomato,Local,FAQ,26/06/2023,3000,5500,4000,78
Maharashtra,Pune,Junnar(Narayangaon),Tomato,Local,FAQ,30/06/2023,4000,7000,5500,78
Maharashtra,Pune,Junnar(Narayangaon),Tomato,Local,FAQ,01/07/2023,4000,7000,5500,78
Maharashtra,Pune,Junnar(Narayangaon),Tomato,Local,FAQ,06/07/2023,3000,7000,5000,78
Maharashtra,Pune,Junnar(Narayangaon),Tomato,Local,FAQ,13/07/2023,4000,9500,7000,78
Maharashtra,Pune,Junnar(Narayangaon),Tomato,Local,FAQ,21/07/2023,3000,10000,6500,78
Maharashtra,Pune,Junnar(Narayangaon),Tomato,Local,FAQ,25/07/2023,3000,11000,9000,78
Maharashtra,Pune,Junnar(Narayangaon),Tomato,Local,FAQ,06/08/2023,2500,12000,9000,78
Maharashtra,Pune,Junnar(Narayangaon),Tomato,Local,FAQ,07/08/2023,2500,11500,9500,78
Maharashtra,Pune,Junnar(Narayangaon),Tomato,Local,FAQ,07/09/2023,250,750,500,78
Maharashtra,Pune,Junnar(Narayangaon),Tomato,Local,FAQ,10/09/2023,150,500,300,78
Maharashtra,Pune,Junnar(Narayangaon),Tomato,Local,FAQ,15/09/2023,150,500,300,78
Maharashtra,Pune,Junnar(Narayangaon),Tomato,Local,FAQ,22/09/2023,250,750,500,78
Maharashtra,Pune,Junnar(Narayangaon),Tomato,Local,FAQ,23/09/2023,250,750,500,78
Maharashtra,Pune,Junnar(Narayangaon),Tomato,Local,FAQ,26/09/2023,250,750,550,78
Maharashtra,Pune,Junnar(Narayangaon),Tomato,Local,FAQ,27/09/2023,250,750,550,78
Maharashtra,Pune,Junnar(Narayangaon),Tomato,Local,FAQ,03/10/2023,250,750,500,78
Maharashtra,Pune,Junnar(Narayangaon),Tomato,Local,FAQ,06/10/2023,250,600,400,78
Maharashtra,Pune,Junnar(Narayangaon),Tomato,Local,FAQ,07/10/2023,250,600,400,78
Maharashtra,Pune,Junnar(Narayangaon),Tomato,Local,FAQ,10/10/2023,150,600,450,78
Maharashtra,Pune,Junnar(Narayangaon),Tomato,Local,FAQ,15/10/2023,250,750,550,78
Maharashtra,Pune,Junnar(Narayangaon),Tomato,Local,FAQ,27/10/2023,250,850,500,78
Maharashtra,Pune,Junnar(Narayangaon),Tomato,Local,FAQ,18/11/2023,1000,3000,2000,78
Maharashtra,Pune,Junnar(Narayangaon),Tomato,Local,FAQ,21/11/2023,1000,3000,2000,78
Maharashtra,Pune,Junnar(Narayangaon),Tomato,Local,FAQ,07/12/2023,1000,2500,2000,78
Maharashtra,Pune,Junnar(Narayangaon),Tomato,Local,FAQ,09/12/2023,500,2000,1500,78
Maharashtra,Pune,Junnar(Narayangaon),Tomato,Local,FAQ,14/12/2023,500,2000,1500,78
Maharashtra,Pune,Junnar(Narayangaon),Tomato,Local,FAQ,15/12/2023,500,2000,1500,78
Maharashtra,Pune,Junnar(Narayangaon),Tomato,Local,FAQ,21/12/2023,500,2000,1500,78
Maharashtra,Pune,Junnar(Narayangaon),Tomato,Local,FAQ,22/12/2023,500,2000,1500,78
Maharashtra,Pune,Junnar(Narayangaon),Tomato,Local,FAQ,27/12/2023,500,2500,1500,78
Maharashtra,Pune,Junnar(Narayangaon),Tomato,Local,FAQ,28/12/2023,1000,3000,2000,78
Maharashtra,Pune,Junnar(Narayangaon),Tomato,Other,FAQ,29/10/2023,500,1250,1000,78
Maharashtra,Pune,Junnar(Narayangaon),Tomato,Local,FAQ,05/05/2024,500,1500,1000,78
Maharashtra,Pune,Junnar(Narayangaon),Tomato,Local,FAQ,11/05/2024,250,1000,750,78
Maharashtra,Pune,Junnar(Narayangaon),Tomato,Local,FAQ,17/05/2024,500,1250,1000,78
Maharashtra,Pune,Junnar(Narayangaon),Tomato,Local,FAQ,19/05/2024,750,1500,1000,78
Maharashtra,Pune,Junnar(Narayangaon),Tomato,Local,FAQ,25/05/2024,750,1500,1000,78
Maharashtra,Pune,Junnar(Narayangaon),Tomato,Local,FAQ,26/05/2024,750,2000,1500,78
Maharashtra,Pune,Junnar(Narayangaon),Tomato,Local,FAQ,03/06/2024,1500,3000,2450,78
Maharashtra,Pune,Junnar(Narayangaon),Tomato,Local,FAQ,07/06/2024,1000,2500,2000,78
Maharashtra,Pune,Junnar(Narayangaon),Tomato,Local,FAQ,13/06/2024,2000,4000,3500,78
Maharashtra,Pune,Junnar(Narayangaon),Tomato,Local,FAQ,24/06/2024,3000,6000,5000,78
Maharashtra,Pune,Junnar(Narayangaon),Tomato,Local,FAQ,03/01/2024,1000,3000,2000,78
Maharashtra,Pune,Junnar(Narayangaon),Tomato,Local,FAQ,15/01/2024,1000,2250,1500,78
Maharashtra,Pune,Junnar(Narayangaon),Tomato,Local,FAQ,22/01/2024,1000,2500,2000,78
Maharashtra,Pune,Junnar(Narayangaon),Tomato,Local,FAQ,24/01/2024,1000,2750,2000,78
Maharashtra,Pune,Junnar(Narayangaon),Tomato,Local,FAQ,25/01/2024,1000,2750,2000,78
Maharashtra,Pune,Junnar(Narayangaon),Tomato,Local,FAQ,02/02/2024,1000,3000,2000,78
Maharashtra,Pune,Junnar(Narayangaon),Tomato,Local,FAQ,03/02/2024,1000,3000,2000,78
Maharashtra,Pune,Junnar(Narayangaon),Tomato,Local,FAQ,08/02/2024,1000,3000,2000,78
Maharashtra,Pune,Junnar(Narayangaon),Tomato,Local,FAQ,13/02/2024,1000,2500,2000,78
Maharashtra,Pune,Junnar(Narayangaon),Tomato,Local,FAQ,23/02/2024,500,2000,1500,78
Maharashtra,Pune,Junnar(Narayangaon),Tomato,Local,FAQ,28/02/2024,500,2000,1500,78
Maharashtra,Pune,Junnar(Narayangaon),Tomato,Local,FAQ,17/03/2024,500,1500,1000,78
Maharashtra,Pune,Junnar(Narayangaon),Tomato,Local,FAQ,23/03/2024,500,1500,1000,78
Maharashtra,Pune,Junnar(Narayangaon),Tomato,Local,FAQ,24/03/2024,500,1500,1000,78
Maharashtra,Pune,Junnar(Narayangaon),Tomato,Local,FAQ,25/03/2024,500,1500,1000,78
Maharashtra,Pune,Junnar(Narayangaon),Tomato,Local,FAQ,13/04/2024,250,1000,750,78
Maharashtra,Pune,Junnar(Narayangaon),Tomato,Local,FAQ,27/04/2024,500,1500,1000,78
Maharashtra,Pune,Junnar(Narayangaon),Tomato,Local,FAQ,04/06/2024,1500,3000,2450,78
Maharashtra,Pune,Junnar(Narayangaon),Tomato,Local,FAQ,10/06/2024,1500,3500,2500,78
Maharashtra,Pune,Junnar(Narayangaon),Tomato,Local,FAQ,15/06/2024,2000,4500,3500,78
Maharashtra,Pune,Junnar(Narayangaon),Tomato,Local,FAQ,07/07/2024,2500,6000,4000,78
Maharashtra,Pune,Junnar(Narayangaon),Tomato,Local,FAQ,08/07/2024,2500,6000,4000,78
Maharashtra,Pune,Junnar(Narayangaon),Tomato,Local,FAQ,09/07/2024,2500,6000,4000,78
Maharashtra,Pune,Junnar(Narayangaon),Tomato,Local,FAQ,10/07/2024,2500,6000,4000,78
Maharashtra,Pune,Junnar(Narayangaon),Tomato,Local,FAQ,11/07/2024,2500,6000,4000,78
Maharashtra,Pune,Junnar(Narayangaon),Tomato,Local,FAQ,24/07/2024,2000,4500,3500,78
Maharashtra,Pune,Junnar(Narayangaon),Tomato,Local,FAQ,23/02/2021,750,1250,1000,78
Maharashtra,Pune,Junnar(Narayangaon),Tomato,Local,FAQ,25/02/2021,750,1375,1000,78
Maharashtra,Pune,Junnar(Narayangaon),Tomato,Local,FAQ,12/03/2021,250,1000,850,78
Maharashtra,Pune,Junnar(Narayangaon),Tomato,Local,FAQ,21/03/2021,500,1000,850,78
Maharashtra,Pune,Junnar(Narayangaon),Tomato,Local,FAQ,25/03/2021,500,1250,1000,78
Maharashtra,Pune,Junnar(Narayangaon),Tomato,Local,FAQ,26/03/2021,500,1000,801,78
Maharashtra,Pune,Junnar(Narayangaon),Tomato,Local,FAQ,15/04/2021,500,1250,1000,78
Maharashtra,Pune,Junnar(Narayangaon),Tomato,Local,FAQ,27/04/2021,250,1350,1000,78
Maharashtra,Pune,Junnar(Narayangaon),Tomato,Local,FAQ,04/05/2021,250,1125,1000,78
Maharashtra,Pune,Junnar(Narayangaon),Tomato,Local,FAQ,21/05/2021,250,750,600,78
Maharashtra,Pune,Junnar(Narayangaon),Tomato,Local,FAQ,23/05/2021,250,750,600,78
Maharashtra,Pune,Junnar(Narayangaon),Tomato,Local,FAQ,26/05/2021,250,1000,800,78
Maharashtra,Pune,Junnar(Narayangaon),Tomato,Local,FAQ,27/05/2021,250,1000,800,78
Maharashtra,Pune,Junnar(Narayangaon),Tomato,Local,FAQ,08/06/2021,250,1000,800,78
Maharashtra,Pune,Junnar(Narayangaon),Tomato,Local,FAQ,11/06/2021,250,750,600,78
Maharashtra,Pune,Junnar(Narayangaon),Tomato,Local,FAQ,27/06/2021,350,700,500,78
Maharashtra,Pune,Junnar(Narayangaon),Tomato,Local,FAQ,03/07/2021,250,750,600,78
Maharashtra,Pune,Junnar(Narayangaon),Tomato,Local,FAQ,06/07/2021,250,800,600,78
Maharashtra,Pune,Junnar(Narayangaon),Tomato,Local,FAQ,08/07/2021,250,750,600,78
Maharashtra,Pune,Junnar(Narayangaon),Tomato,Local,FAQ,10/07/2021,250,1000,800,78
Maharashtra,Pune,Junnar(Narayangaon),Tomato,Local,FAQ,15/07/2021,1000,1500,1200,78
Maharashtra,Pune,Junnar(Narayangaon),Tomato,Local,FAQ,27/07/2021,500,2000,1500,78
Maharashtra,Pune,Junnar(Narayangaon),Tomato,Local,FAQ,31/07/2021,500,1500,1000,78
Maharashtra,Pune,Junnar(Narayangaon),Tomato,Local,FAQ,08/08/2021,250,1250,1000,78
Maharashtra,Pune,Junnar(Narayangaon),Tomato,Local,FAQ,11/08/2021,250,1250,1000,78
Maharashtra,Pune,Junnar(Narayangaon),Tomato,Local,FAQ,17/08/2021,150,600,500,78
Maharashtra,Pune,Junnar(Narayangaon),Tomato,Local,FAQ,29/08/2021,200,650,500,78
Maharashtra,Pune,Junnar(Narayangaon),Tomato,Local,FAQ,17/09/2021,500,1000,800,78
Maharashtra,Pune,Junnar(Narayangaon),Tomato,Local,FAQ,19/09/2021,250,1000,800,78
Maharashtra,Pune,Junnar(Narayangaon),Tomato,Local,FAQ,24/09/2021,500,2500,2000,78
Maharashtra,Pune,Junnar(Narayangaon),Tomato,Local,FAQ,27/09/2021,1000,3000,2500,78
Maharashtra,Pune,Junnar(Narayangaon),Tomato,Local,FAQ,28/09/2021,1500,3750,3000,78
Maharashtra,Pune,Junnar(Narayangaon),Tomato,Local,FAQ,13/10/2021,2000,4000,3000,78
Maharashtra,Pune,Junnar(Narayangaon),Tomato,Local,FAQ,22/10/2021,2000,4000,3000,78
Maharashtra,Pune,Junnar(Narayangaon),Tomato,Local,FAQ,30/10/2021,1000,3000,2000,78
Maharashtra,Pune,Junnar(Narayangaon),Tomato,Local,FAQ,02/11/2021,2000,3500,3000,78
Maharashtra,Pune,Junnar(Narayangaon),Tomato,Local,FAQ,04/11/2021,2000,3750,3000,78
Maharashtra,Pune,Junnar(Narayangaon),Tomato,Local,FAQ,14/11/2021,2500,3750,3125,78
Maharashtra,Pune,Junnar(Narayangaon),Tomato,Local,FAQ,16/11/2021,2500,4000,3000,78
Maharashtra,Pune,Junnar(Narayangaon),Tomato,Local,FAQ,25/11/2021,1500,3000,2500,78
Maharashtra,Pune,Junnar(Narayangaon),Tomato,Local,FAQ,29/11/2021,2000,3250,2600,78
Maharashtra,Pune,Junnar(Narayangaon),Tomato,Local,FAQ,30/11/2021,2000,3000,2500,78
Maharashtra,Pune,Junnar(Narayangaon),Tomato,Local,FAQ,05/12/2021,2500,4000,3000,78
Maharashtra,Pune,Junnar(Narayangaon),Tomato,Local,FAQ,10/12/2021,1500,3250,2375,78
Maharashtra,Pune,Junnar(Narayangaon),Tomato,Local,FAQ,12/12/2021,1500,3000,2500,78
Maharashtra,Pune,Junnar(Narayangaon),Tomato,Local,FAQ,14/12/2021,1500,2250,1800,78
Maharashtra,Pune,Junnar(Narayangaon),Tomato,Local,FAQ,17/12/2021,1500,2200,1800,78
Maharashtra,Pune,Junnar(Narayangaon),Tomato,Local,FAQ,20/12/2021,1500,3000,2000,78
Maharashtra,Pune,Junnar(Narayangaon),Tomato,Local,FAQ,22/12/2021,1500,2500,2000,78
Maharashtra,Pune,Junnar(Narayangaon),Tomato,Local,Local,03/04/2025,250,750,500,78
Maharashtra,Pune,Junnar(Narayangaon),Tomato,Local,Local,17/04/2025,500,1250,1000,78
Maharashtra,Pune,Junnar(Narayangaon),Tomato,Local,Local,21/04/2025,500,1250,1000,78
Maharashtra,Pune,Junnar(Narayangaon),Tomato,Local,FAQ,06/01/2022,1500,2500,2000,78
Maharashtra,Pune,Junnar(Narayangaon),Tomato,Local,FAQ,10/01/2022,500,1750,1000,78
Maharashtra,Pune,Junnar(Narayangaon),Tomato,Local,FAQ,15/01/2022,500,1750,1000,78
Maharashtra,Pune,Junnar(Narayangaon),Tomato,Local,FAQ,23/01/2022,500,2250,1700,78
Maharashtra,Pune,Junnar(Narayangaon),Tomato,Local,FAQ,25/01/2022,500,2250,1800,78
Maharashtra,Pune,Junnar(Narayangaon),Tomato,Local,FAQ,02/02/2022,500,2000,1000,78
Maharashtra,Pune,Junnar(Narayangaon),Tomato,Local,FAQ,04/02/2022,500,2250,1200,78
Maharashtra,Pune,Junnar(Narayangaon),Tomato,Local,FAQ,20/02/2022,500,1750,1000,78
Maharashtra,Pune,Junnar(Narayangaon),Tomato,Local,FAQ,04/03/2022,500,1500,1000,78
Maharashtra,Pune,Junnar(Narayangaon),Tomato,Local,FAQ,08/03/2022,500,1500,1000,78
Maharashtra,Pune,Junnar(Narayangaon),Tomato,Local,FAQ,12/03/2022,500,1500,1000,78
Maharashtra,Pune,Junnar(Narayangaon),Tomato,Local,FAQ,16/03/2022,250,1250,850,78
Maharashtra,Pune,Junnar(Narayangaon),Tomato,Local,FAQ,24/03/2022,500,1500,1000,78
Maharashtra,Pune,Junnar(Narayangaon),Tomato,Local,FAQ,06/04/2022,250,1750,1000,78
Maharashtra,Pune,Junnar(Narayangaon),Tomato,Local,FAQ,23/04/2022,500,1750,1000,78
Maharashtra,Pune,Junnar(Narayangaon),Tomato,Local,FAQ,30/04/2022,500,2000,1500,78
Maharashtra,Pune,Junnar(Narayangaon),Tomato,Local,FAQ,05/05/2022,2000,3500,2500,78
Maharashtra,Pune,Junnar(Narayangaon),Tomato,Local,FAQ,09/05/2022,2000,3500,2500,78
Maharashtra,Pune,Junnar(Narayangaon),Tomato,Local,FAQ,20/05/2022,2500,5000,3500,78
Maharashtra,Pune,Junnar(Narayangaon),Tomato,Local,FAQ,26/05/2022,2500,5500,3500,78
Maharashtra,Pune,Junnar(Narayangaon),Tomato,Local,FAQ,29/05/2022,3500,4500,4000,78
Maharashtra,Pune,Junnar(Narayangaon),Tomato,Local,FAQ,03/06/2022,3500,5500,4500,78
Maharashtra,Pune,Junnar(Narayangaon),Tomato,Local,FAQ,04/06/2022,3500,5500,4000,78
Maharashtra,Pune,Junnar(Narayangaon),Tomato,Local,FAQ,16/06/2022,2000,4500,3500,78
Maharashtra,Pune,Junnar(Narayangaon),Tomato,Local,FAQ,25/06/2022,1500,4000,3500,78
Maharashtra,Pune,Junnar(Narayangaon),Tomato,Local,FAQ,02/07/2022,500,2000,1500,78
Maharashtra,Pune,Junnar(Narayangaon),Tomato,Local,FAQ,04/07/2022,500,2000,1500,78
Maharashtra,Pune,Junnar(Narayangaon),Tomato,Local,FAQ,15/07/2022,500,1750,1300,78
Maharashtra,Pune,Junnar(Narayangaon),Tomato,Local,FAQ,17/07/2022,500,2000,1500,78
Maharashtra,Pune,Junnar(Narayangaon),Tomato,Local,FAQ,20/07/2022,500,1750,1200,78
Maharashtra,Pune,Junnar(Narayangaon),Tomato,Local,FAQ,23/07/2022,500,1500,1000,78
Maharashtra,Pune,Junnar(Narayangaon),Tomato,Local,FAQ,01/08/2022,500,1500,1000,78
Maharashtra,Pune,Junnar(Narayangaon),Tomato,Local,FAQ,04/08/2022,500,1500,1000,78
Maharashtra,Pune,Junnar(Narayangaon),Tomato,Local,FAQ,06/08/2022,500,1500,1000,78
Maharashtra,Pune,Junnar(Narayangaon),Tomato,Local,FAQ,17/08/2022,500,1250,800,78
Maharashtra,Pune,Junnar(Narayangaon),Tomato,Local,FAQ,18/08/2022,500,1500,1000,78
Maharashtra,Pune,Junnar(Narayangaon),Tomato,Local,FAQ,20/08/2022,500,1500,1000,78
Maharashtra,Pune,Junnar(Narayangaon),Tomato,Local,FAQ,23/08/2022,250,1250,800,78
Maharashtra,Pune,Junnar(Narayangaon),Tomato,Local,FAQ,24/08/2022,250,1250,800,78
Maharashtra,Pune,Junnar(Narayangaon),Tomato,Local,FAQ,25/08/2022,250,1250,801,78
Maharashtra,Pune,Junnar(Narayangaon),Tomato,Local,FAQ,16/09/2022,500,1750,1201,78
Maharashtra,Pune,Junnar(Narayangaon),Tomato,Local,FAQ,06/10/2022,1000,3000,2000,78
Maharashtra,Pune,Junnar(Narayangaon),Tomato,Local,FAQ,10/10/2022,500,2500,2000,78
Maharashtra,Pune,Junnar(Narayangaon),Tomato,Local,FAQ,11/10/2022,500,2750,2000,78
Maharashtra,Pune,Junnar(Narayangaon),Tomato,Local,FAQ,20/10/2022,1000,3000,2000,78
Maharashtra,Pune,Junnar(Narayangaon),Tomato,Local,FAQ,24/10/2022,1000,3000,2000,78
Maharashtra,Pune,Junnar(Narayangaon),Tomato,Local,FAQ,31/10/2022,1000,2500,2000,78
Maharashtra,Pune,Junnar(Narayangaon),Tomato,Local,FAQ,09/11/2022,250,1250,1000,78
Maharashtra,Pune,Junnar(Narayangaon),Tomato,Local,FAQ,15/11/2022,250,500,350,78
Maharashtra,Pune,Junnar(Narayangaon),Tomato,Local,FAQ,21/11/2022,250,500,400,78
Maharashtra,Pune,Junnar(Narayangaon),Tomato,Local,FAQ,22/11/2022,250,500,400,78
Maharashtra,Pune,Junnar(Narayangaon),Tomato,Local,FAQ,26/11/2022,250,750,500,78
Maharashtra,Pune,Junnar(Narayangaon),Tomato,Local,FAQ,15/12/2022,250,750,500,78
Maharashtra,Pune,Junnar(Narayangaon),Tomato,Local,FAQ,16/12/2022,250,750,500,78
Maharashtra,Pune,Junnar(Narayangaon),Tomato,Local,FAQ,18/12/2022,250,750,500,78
Maharashtra,Pune,Junnar(Narayangaon),Tomato,Local,FAQ,23/12/2022,250,750,500,78
Maharashtra,Pune,Junnar(Narayangaon),Tomato,Local,FAQ,24/12/2022,250,750,500,78
Maharashtra,Pune,Junnar(Narayangaon),Tomato,Local,FAQ,29/12/2022,250,750,500,78
Maharashtra,Pune,Junnar(Narayangaon),Tomato,Other,FAQ,20/11/2022,250,500,400,78
Maharashtra,Pune,Junnar(Narayangaon),Tomato,Local,Local,01/03/2025,500,1250,1000,78
Maharashtra,Pune,Junnar(Narayangaon),Tomato,Local,Local,06/03/2025,500,1250,1000,78
Maharashtra,Pune,Junnar(Narayangaon),Tomato,Local,Local,18/03/2025,250,750,500,78
Maharashtra,Pune,Junnar(Narayangaon),Tomato,Local,Local,19/03/2025,250,750,500,78
Maharashtra,Pune,Junnar(Narayangaon),Tomato,Local,Local,29/03/2025,250,750,500,78
Maharashtra,Pune,Junnar(Narayangaon),Tomato,Local,Local,15/05/2025,1000,2250,1500,78
Maharashtra,Pune,Junnar(Narayangaon),Tomato,Local,Local,22/05/2025,1250,2750,2000,78
Maharashtra,Pune,Junnar(Narayangaon),Tomato,Local,Local,26/05/2025,500,2000,1500,78
Maharashtra,Pune,Junnar(Narayangaon),Tomato,Local,Local,29/05/2025,750,2250,1500,78
Maharashtra,Pune,Junnar(Narayangaon),Tomato,Local,Local,04/06/2025,750,2000,1500,78
Maharashtra,Pune,Junnar(Narayangaon),Tomato,Local,Local,05/06/2025,750,2000,1500,78
Maharashtra,Pune,Junnar(Narayangaon),Tomato,Local,Local,07/06/2025,500,2000,1500,78
Maharashtra,Pune,Junnar(Narayangaon),Tomato,Local,Local,23/06/2025,500,1500,1000,78
Maharashtra,Pune,Junnar(Narayangaon),Tomato,Local,Local,25/06/2025,500,1500,1000,78
Maharashtra,Pune,Junnar(Narayangaon),Tomato,Local,Local,30/06/2025,750,2500,2000,78
Maharashtra,Pune,Junnar(Narayangaon),Tomato,Local,Local,05/07/2025,750,2500,2000,78
Maharashtra,Pune,Junnar(Narayangaon),Tomato,Local,Local,10/07/2025,500,2000,1500,78
Maharashtra,Pune,Junnar(Narayangaon),Tomato,Local,Local,17/07/2025,500,2250,2000,78
Maharashtra,Pune,Junnar(Narayangaon),Tomato,Local,Local,22/07/2025,1500,3500,2500,78
Maharashtra,Pune,Junnar(Narayangaon),Tomato,Local,Local,27/07/2025,2500,5000,4000,78
Maharashtra,Pune,Junnar(Narayangaon),Tomato,Local,Local,28/07/2025,2500,5000,4000,78
Maharashtra,Pune,Junnar(Narayangaon),Tomato,Local,Local,10/08/2025,2500,4500,3500,78
Maharashtra,Pune,Junnar(Narayangaon),Tomato,Local,Local,11/08/2025,1500,3500,3000,78
Maharashtra,Pune,Junnar(Narayangaon),Tomato,Local,Local,24/08/2025,500,2500,2000,78
Maharashtra,Pune,Junnar(Narayangaon),Tomato,Local,Local,30/08/2025,750,2500,2000,78
Maharashtra,Pune,Junnar(Narayangaon),Tomato,Local,Local,07/09/2025,500,1500,1000,78
Maharashtra,Pune,Junnar(Narayangaon),Tomato,Local,Local,15/09/2025,500,1250,1000,78
Maharashtra,Pune,Junnar(Narayangaon),Tomato,Local,Local,21/09/2025,1000,2000,1500,78
Maharashtra,Pune,Junnar(Narayangaon),Tomato,Local,Local,02/10/2025,1000,2250,1750,78
Maharashtra,Pune,Junnar(Narayangaon),Tomato,Local,Local,05/10/2025,750,1750,1000,78
Maharashtra,Pune,Junnar(Narayangaon),Tomato,Local,Local,31/10/2025,750,1500,1000,78
Maharashtra,Pune,Junnar(Narayangaon),Tomato,Local,FAQ,01/01/2022,1250,2000,1500,78
Maharashtra,Pune,Junnar(Narayangaon),Tomato,Local,FAQ,02/01/2022,1500,2750,2100,78
Maharashtra,Pune,Junnar(Narayangaon),Tomato,Local,FAQ,07/01/2022,1000,2000,1500,78
Maharashtra,Pune,Junnar(Narayangaon),Tomato,Local,FAQ,08/01/2022,1000,1750,1500,78
Maharashtra,Pune,Junnar(Narayangaon),Tomato,Local,FAQ,17/01/2022,500,1500,1000,78
Maharashtra,Pune,Junnar(Narayangaon),Tomato,Local,FAQ,22/01/2022,500,2250,1500,78
Maharashtra,Pune,Junnar(Narayangaon),Tomato,Local,FAQ,27/01/2022,500,2250,1500,78
Maharashtra,Pune,Junnar(Narayangaon),Tomato,Local,FAQ,29/01/2022,500,2250,1500,78
Maharashtra,Pune,Junnar(Narayangaon),Tomato,Local,FAQ,03/02/2022,500,2000,1500,78
Maharashtra,Pune,Junnar(Narayangaon),Tomato,Local,FAQ,24/02/2022,500,1500,1000,78
Maharashtra,Pune,Junnar(Narayangaon),Tomato,Local,FAQ,01/03/2022,500,1500,1000,78
Maharashtra,Pune,Junnar(Narayangaon),Tomato,Local,FAQ,02/03/2022,500,1750,1000,78
Maharashtra,Pune,Junnar(Narayangaon),Tomato,Local,FAQ,03/03/2022,500,1500,1000,78
Maharashtra,Pune,Junnar(Narayangaon),Tomato,Local,FAQ,05/03/2022,500,1500,1000,78
Maharashtra,Pune,Junnar(Narayangaon),Tomato,Local,FAQ,15/03/2022,500,1500,1000,78
Maharashtra,Pune,Junnar(Narayangaon),Tomato,Local,FAQ,20/03/2022,1000,3000,2000,78
Maharashtra,Pune,Junnar(Narayangaon),Tomato,Local,FAQ,25/03/2022,500,1500,1000,78
Maharashtra,Pune,Junnar(Narayangaon),Tomato,Local,FAQ,26/03/2022,250,1000,750,78
Maharashtra,Pune,Junnar(Narayangaon),Tomato,Local,FAQ,29/03/2022,250,1000,850,78
Maharashtra,Pune,Junnar(Narayangaon),Tomato,Local,FAQ,04/04/2022,250,1000,800,78
Maharashtra,Pune,Junnar(Narayangaon),Tomato,Local,FAQ,05/04/2022,250,1500,1000,78
Maharashtra,Pune,Junnar(Narayangaon),Tomato,Local,FAQ,10/04/2022,250,1125,800,78
Maharashtra,Pune,Junnar(Narayangaon),Tomato,Local,FAQ,11/04/2022,250,1125,750,78
Maharashtra,Pune,Junnar(Narayangaon),Tomato,Local,FAQ,26/04/2022,500,1750,1000,78
Maharashtra,Pune,Junnar(Narayangaon),Tomato,Local,FAQ,28/04/2022,500,1750,1000,78
Maharashtra,Pune,Junnar(Narayangaon),Tomato,Local,FAQ,04/05/2022,1500,3500,2500,78
Maharashtra,Pune,Junnar(Narayangaon),Tomato,Local,FAQ,08/05/2022,2000,3500,3000,78
Maharashtra,Pune,Junnar(Narayangaon),Tomato,Local,FAQ,17/05/2022,2000,3500,3000,78
Maharashtra,Pune,Junnar(Narayangaon),Tomato,Local,FAQ,18/05/2022,2000,4500,3000,78
Maharashtra,Pune,Junnar(Narayangaon),Tomato,Local,FAQ,19/05/2022,2000,5000,3500,78
Maharashtra,Pune,Junnar(Narayangaon),Tomato,Local,FAQ,27/05/2022,2500,4500,3500,78
Maharashtra,Pune,Junnar(Narayangaon),Tomato,Local,FAQ,28/05/2022,3500,4500,4000,78
Maharashtra,Pune,Junnar(Narayangaon),Tomato,Local,FAQ,02/06/2022,3500,5000,4500,78
Maharashtra,Pune,Junnar(Narayangaon),Tomato,Local,FAQ,06/06/2022,4000,5500,5000,78
Maharashtra,Pune,Junnar(Narayangaon),Tomato,Local,FAQ,07/06/2022,4500,5500,5000,78
Maharashtra,Pune,Junnar(Narayangaon),Tomato,Local,FAQ,10/06/2022,2500,4500,3500,78
Maharashtra,Pune,Junnar(Narayangaon),Tomato,Local,FAQ,11/06/2022,2500,4000,3500,78
Maharashtra,Pune,Junnar(Narayangaon),Tomato,Local,FAQ,22/06/2022,3000,4500,4000,78
Maharashtra,Pune,Junnar(Narayangaon),Tomato,Local,FAQ,26/06/2022,1500,4000,3500,78
Maharashtra,Pune,Junnar(Narayangaon),Tomato,Local,FAQ,03/07/2022,500,2250,1800,78
Maharashtra,Pune,Junnar(Narayangaon),Tomato,Local,FAQ,09/07/2022,500,2000,1500,78
Maharashtra,Pune,Junnar(Narayangaon),Tomato,Local,FAQ,14/07/2022,500,1750,1400,78
Maharashtra,Pune,Junnar(Narayangaon),Tomato,Local,FAQ,16/07/2022,500,2000,1500,78
Maharashtra,Pune,Junnar(Narayangaon),Tomato,Local,FAQ,18/07/2022,500,1750,1200,78
Maharashtra,Pune,Junnar(Narayangaon),Tomato,Local,FAQ,19/07/2022,500,1750,1200,78
Maharashtra,Pune,Junnar(Narayangaon),Tomato,Local,FAQ,22/07/2022,500,1500,1000,78
Maharashtra,Pune,Junnar(Narayangaon),Tomato,Local,FAQ,24/07/2022,500,1500,1000,78
Maharashtra,Pune,Junnar(Narayangaon),Tomato,Local,FAQ,28/07/2022,500,1500,1000,78
Maharashtra,Pune,Junnar(Narayangaon),Tomato,Local,FAQ,07/08/2022,500,1750,1200,78
Maharashtra,Pune,Junnar(Narayangaon),Tomato,Local,FAQ,10/08/2022,500,2000,1500,78
Maharashtra,Pune,Junnar(Narayangaon),Tomato,Local,FAQ,15/08/2022,500,1750,1100,78
Maharashtra,Pune,Junnar(Narayangaon),Tomato,Local,FAQ,22/08/2022,500,1500,1000,78
Maharashtra,Pune,Junnar(Narayangaon),Tomato,Local,FAQ,03/09/2022,500,2250,1500,78
Maharashtra,Pune,Junnar(Narayangaon),Tomato,Local,FAQ,06/09/2022,500,1500,1000,78
Maharashtra,Pune,Junnar(Narayangaon),Tomato,Local,FAQ,15/09/2022,500,1750,1250,78
Maharashtra,Pune,Junnar(Narayangaon),Tomato,Local,FAQ,23/09/2022,1500,2750,2001,78
Maharashtra,Pune,Junnar(Narayangaon),Tomato,Local,FAQ,01/10/2022,500,2500,2000,78
Maharashtra,Pune,Junnar(Narayangaon),Tomato,Local,FAQ,02/10/2022,500,2500,2000,78
Maharashtra,Pune,Junnar(Narayangaon),Tomato,Local,FAQ,03/10/2022,1000,3000,2000,78
Maharashtra,Pune,Junnar(Narayangaon),Tomato,Local,FAQ,07/10/2022,500,2500,2000,78
Maharashtra,Pune,Junnar(Narayangaon),Tomato,Local,FAQ,08/10/2022,500,2500,2000,78
Maharashtra,Pune,Junnar(Narayangaon),Tomato,Local,FAQ,09/10/2022,500,2500,2000,78
Maharashtra,Pune,Junnar(Narayangaon),Tomato,Local,FAQ,13/10/2022,1000,3000,2000,78
Maharashtra,Pune,Junnar(Narayangaon),Tomato,Local,FAQ,17/10/2022,2000,3750,3000,78
Maharashtra,Pune,Junnar(Narayangaon),Tomato,Local,FAQ,19/10/2022,1000,3000,2000,78
Maharashtra,Pune,Junnar(Narayangaon),Tomato,Local,FAQ,21/10/2022,1000,3000,2000,78
Maharashtra,Pune,Junnar(Narayangaon),Tomato,Local,FAQ,22/10/2022,1000,3000,2000,78
Maharashtra,Pune,Junnar(Narayangaon),Tomato,Local,FAQ,01/11/2022,1000,2500,2000,78
Maharashtra,Pune,Junnar(Narayangaon),Tomato,Local,FAQ,11/11/2022,250,1000,750,78
Maharashtra,Pune,Junnar(Narayangaon),Tomato,Local,FAQ,14/11/2022,250,500,400,78
Maharashtra,Pune,Junnar(Narayangaon),Tomato,Local,FAQ,22/12/2022,250,750,500,78
Maharashtra,Pune,Junnar(Narayangaon),Tomato,Local,FAQ,27/12/2022,250,750,500,78
Maharashtra,Pune,Junnar(Narayangaon),Tomato,Local,FAQ,27/03/2021,500,1125,1000,78
Maharashtra,Pune,Junnar(Narayangaon),Tomato,Local,FAQ,02/04/2021,750,1500,1000,78
Maharashtra,Pune,Junnar(Narayangaon),Tomato,Local,FAQ,04/04/2021,500,1250,1000,78
Maharashtra,Pune,Junnar(Narayangaon),Tomato,Local,FAQ,03/05/2021,250,1125,1000,78
Maharashtra,Pune,Junnar(Narayangaon),Tomato,Local,FAQ,05/05/2021,250,1250,1000,78
Maharashtra,Pune,Junnar(Narayangaon),Tomato,Local,FAQ,19/05/2021,250,625,500,78
Maharashtra,Pune,Junnar(Narayangaon),Tomato,Local,FAQ,22/05/2021,250,750,600,78
Maharashtra,Pune,Junnar(Narayangaon),Tomato,Local,FAQ,24/05/2021,250,1000,800,78
Maharashtra,Pune,Junnar(Narayangaon),Tomato,Local,FAQ,28/05/2021,250,750,600,78
Maharashtra,Pune,Junnar(Narayangaon),Tomato,Local,FAQ,30/05/2021,250,950,650,78
Maharashtra,Pune,Junnar(Narayangaon),Tomato,Local,FAQ,09/06/2021,250,750,600,78
Maharashtra,Pune,Junnar(Narayangaon),Tomato,Local,FAQ,21/06/2021,250,700,600,78
Maharashtra,Pune,Junnar(Narayangaon),Tomato,Local,FAQ,23/06/2021,250,650,500,78
Maharashtra,Pune,Junnar(Narayangaon),Tomato,Local,FAQ,07/07/2021,250,900,700,78
Maharashtra,Pune,Junnar(Narayangaon),Tomato,Local,FAQ,19/07/2021,500,1750,1000,78
Maharashtra,Pune,Junnar(Narayangaon),Tomato,Local,FAQ,01/08/2021,500,1500,1200,78
Maharashtra,Pune,Junnar(Narayangaon),Tomato,Local,FAQ,05/08/2021,500,1750,1000,78
Maharashtra,Pune,Junnar(Narayangaon),Tomato,Local,FAQ,14/08/2021,250,1250,1000,78
Maharashtra,Pune,Junnar(Narayangaon),Tomato,Local,FAQ,16/08/2021,300,1200,1000,78
Maharashtra,Pune,Junnar(Narayangaon),Tomato,Local,FAQ,18/08/2021,200,550,450,78
Maharashtra,Pune,Junnar(Narayangaon),Tomato,Local,FAQ,27/08/2021,200,600,500,78
Maharashtra,Pune,Junnar(Narayangaon),Tomato,Local,FAQ,05/09/2021,150,600,500,78
Maharashtra,Pune,Junnar(Narayangaon),Tomato,Local,FAQ,08/09/2021,200,575,400,78
Maharashtra,Pune,Junnar(Narayangaon),Tomato,Local,FAQ,10/09/2021,250,550,450,78
Maharashtra,Pune,Junnar(Narayangaon),Tomato,Local,FAQ,11/09/2021,250,700,600,78
Maharashtra,Pune,Junnar(Narayangaon),Tomato,Local,FAQ,06/10/2021,1500,3500,3000,78
Maharashtra,Pune,Junnar(Narayangaon),Tomato,Local,FAQ,09/10/2021,1500,3500,3000,78
Maharashtra,Pune,Junnar(Narayangaon),Tomato,Local,FAQ,10/10/2021,2000,4000,3000,78
Maharashtra,Pune,Junnar(Narayangaon),Tomato,Local,FAQ,23/10/2021,2500,4250,3000,78
Maharashtra,Pune,Junnar(Narayangaon),Tomato,Local,FAQ,24/10/2021,2500,4250,3500,78
Maharashtra,Pune,Junnar(Narayangaon),Tomato,Local,FAQ,25/10/2021,2000,4000,3000,78
Maharashtra,Pune,Junnar(Narayangaon),Tomato,Local,FAQ,12/11/2021,2500,3500,3000,78
Maharashtra,Pune,Junnar(Narayangaon),Tomato,Local,FAQ,15/11/2021,2500,3500,3000,78
Maharashtra,Pune,Junnar(Narayangaon),Tomato,Local,FAQ,17/11/2021,2500,4000,3000,78
Maharashtra,Pune,Junnar(Narayangaon),Tomato,Local,FAQ,19/11/2021,2500,4500,3200,78
Maharashtra,Pune,Junnar(Narayangaon),Tomato,Local,FAQ,27/11/2021,1500,3000,2250,78
Maharashtra,Pune,Junnar(Narayangaon),Tomato,Local,FAQ,06/12/2021,2500,4000,3000,78
Maharashtra,Pune,Junnar(Narayangaon),Tomato,Local,FAQ,08/12/2021,2000,4000,3000,78
Maharashtra,Pune,Junnar(Narayangaon),Tomato,Local,FAQ,19/12/2021,1500,2000,1800,78
Maharashtra,Pune,Junnar(Narayangaon),Tomato,Local,FAQ,24/12/2021,1500,2700,2000,78
Maharashtra,Pune,Junnar(Narayangaon),Tomato,Local,FAQ,26/12/2021,1500,2600,2000,78
Maharashtra,Pune,Junnar(Narayangaon),Tomato,Local,FAQ,28/12/2021,1500,3000,2000,78
Maharashtra,Pune,Junnar(Narayangaon),Tomato,Local,FAQ,30/12/2021,1250,2000,1600,78
Maharashtra,Pune,Junnar(Narayangaon),Tomato,Local,FAQ,31/12/2021,1500,2000,1700,78
Maharashtra,Pune,Junnar(Narayangaon),Tomato,Other,FAQ,15/09/2021,350,750,600,78
Maharashtra,Pune,Junnar(Narayangaon),Tomato,Local,FAQ,14/10/2024,2000,4500,3500,78
Maharashtra,Pune,Junnar(Narayangaon),Tomato,Local,FAQ,23/10/2024,3000,5000,4000,78
Maharashtra,Pune,Junnar(Narayangaon),Tomato,Local,FAQ,30/10/2024,1000,2750,2000,78
Maharashtra,Pune,Junnar(Narayangaon),Tomato,Local,FAQ,08/05/2024,500,1500,1000,78
Maharashtra,Pune,Junnar(Narayangaon),Tomato,Local,FAQ,09/05/2024,500,1500,1000,78
Maharashtra,Pune,Junnar(Narayangaon),Tomato,Local,FAQ,10/05/2024,500,1500,1000,78
Maharashtra,Pune,Junnar(Narayangaon),Tomato,Local,FAQ,12/05/2024,250,1000,750,78
Maharashtra,Pune,Junnar(Narayangaon),Tomato,Local,FAQ,10/01/2023,500,1000,800,78
Maharashtra,Pune,Junnar(Narayangaon),Tomato,Local,FAQ,13/01/2023,500,1125,800,78
Maharashtra,Pune,Junnar(Narayangaon),Tomato,Local,FAQ,16/01/2023,500,1500,1000,78
Maharashtra,Pune,Junnar(Narayangaon),Tomato,Local,FAQ,20/01/2023,500,1250,850,78
Maharashtra,Pune,Junnar(Narayangaon),Tomato,Local,FAQ,22/01/2023,500,1250,1000,78
Maharashtra,Pune,Junnar(Narayangaon),Tomato,Local,FAQ,25/01/2023,500,1250,900,78
Maharashtra,Pune,Junnar(Narayangaon),Tomato,Local,FAQ,29/01/2023,250,875,500,78
Maharashtra,Pune,Junnar(Narayangaon),Tomato,Local,FAQ,30/01/2023,250,750,500,78
Maharashtra,Pune,Junnar(Narayangaon),Tomato,Local,FAQ,02/02/2023,250,750,500,78
Maharashtra,Pune,Junnar(Narayangaon),Tomato,Local,FAQ,06/02/2023,250,750,500,78
Maharashtra,Pune,Junnar(Narayangaon),Tomato,Local,FAQ,08/02/2023,250,1000,750,78
Maharashtra,Pune,Junnar(Narayangaon),Tomato,Local,FAQ,11/02/2023,500,1375,1000,78
Maharashtra,Pune,Junnar(Narayangaon),Tomato,Local,FAQ,13/02/2023,500,1375,1000,78
Maharashtra,Pune,Junnar(Narayangaon),Tomato,Local,FAQ,17/02/2023,500,1500,1000,78
Maharashtra,Pune,Junnar(Narayangaon),Tomato,Local,FAQ,25/02/2023,500,1500,1000,78
Maharashtra,Pune,Junnar(Narayangaon),Tomato,Local,FAQ,26/02/2023,500,1500,1000,78
Maharashtra,Pune,Junnar(Narayangaon),Tomato,Local,FAQ,11/03/2023,500,1500,1000,78
Maharashtra,Pune,Junnar(Narayangaon),Tomato,Local,FAQ,27/03/2023,750,1750,1250,78
Maharashtra,Pune,Junnar(Narayangaon),Tomato,Local,FAQ,07/04/2023,750,1500,1000,78
Maharashtra,Pune,Junnar(Narayangaon),Tomato,Local,FAQ,13/04/2023,500,1000,700,78
Maharashtra,Pune,Junnar(Narayangaon),Tomato,Local,FAQ,19/04/2023,500,750,600,78
Maharashtra,Pune,Junnar(Narayangaon),Tomato,Local,FAQ,23/04/2023,500,1000,750,78
Maharashtra,Pune,Junnar(Narayangaon),Tomato,Local,FAQ,24/04/2023,500,1000,750,78
Maharashtra,Pune,Junnar(Narayangaon),Tomato,Local,FAQ,29/04/2023,250,625,450,78
Maharashtra,Pune,Junnar(Narayangaon),Tomato,Local,FAQ,30/04/2023,250,625,450,78
Maharashtra,Pune,Junnar(Narayangaon),Tomato,Local,FAQ,01/05/2023,250,750,500,78
Maharashtra,Pune,Junnar(Narayangaon),Tomato,Local,FAQ,05/05/2023,250,750,500,78
Maharashtra,Pune,Junnar(Narayangaon),Tomato,Local,FAQ,09/05/2023,250,750,500,78
Maharashtra,Pune,Junnar(Narayangaon),Tomato,Local,FAQ,10/05/2023,250,1000,750,78
Maharashtra,Pune,Junnar(Narayangaon),Tomato,Local,FAQ,26/05/2023,250,800,500,78
Maharashtra,Pune,Junnar(Narayangaon),Tomato,Local,FAQ,03/06/2023,500,1375,1000,78
Maharashtra,Pune,Junnar(Narayangaon),Tomato,Local,FAQ,16/06/2023,1500,3000,2500,78
Maharashtra,Pune,Junnar(Narayangaon),Tomato,Local,FAQ,19/06/2023,2000,4000,3000,78
Maharashtra,Pune,Junnar(Narayangaon),Tomato,Local,FAQ,23/06/2023,3000,5500,4000,78
Maharashtra,Pune,Junnar(Narayangaon),Tomato,Local,FAQ,28/06/2023,3000,6000,4500,78
Maharashtra,Pune,Junnar(Narayangaon),Tomato,Local,FAQ,02/07/2023,5000,8500,6500,78
Maharashtra,Pune,Junnar(Narayangaon),Tomato,Local,FAQ,20/07/2023,3000,10000,7000,78
Maharashtra,Pune,Junnar(Narayangaon),Tomato,Local,FAQ,26/07/2023,3000,10750,7500,78
Maharashtra,Pune,Junnar(Narayangaon),Tomato,Local,FAQ,27/07/2023,3000,11000,7000,78
Maharashtra,Pune,Junnar(Narayangaon),Tomato,Local,FAQ,29/07/2023,3000,11000,7000,78
Maharashtra,Pune,Junnar(Narayangaon),Tomato,Local,FAQ,02/08/2023,3000,11500,9500,78
Maharashtra,Pune,Junnar(Narayangaon),Tomato,Local,FAQ,16/08/2023,1000,3000,2000,78
Maharashtra,Pune,Junnar(Narayangaon),Tomato,Local,FAQ,24/08/2023,1000,2000,1500,78
Maharashtra,Pune,Junnar(Narayangaon),Tomato,Local,FAQ,28/08/2023,1000,2000,1500,78
Maharashtra,Pune,Junnar(Narayangaon),Tomato,Local,FAQ,31/08/2023,500,1500,1000,78
Maharashtra,Pune,Junnar(Narayangaon),Tomato,Local,FAQ,04/09/2023,500,1500,1000,78
Maharashtra,Pune,Junnar(Narayangaon),Tomato,Local,FAQ,12/09/2023,250,600,400,78
Maharashtra,Pune,Junnar(Narayangaon),Tomato,Local,FAQ,14/09/2023,150,500,300,78
Maharashtra,Pune,Junnar(Narayangaon),Tomato,Local,FAQ,16/09/2023,250,700,500,78
Maharashtra,Pune,Junnar(Narayangaon),Tomato,Local,FAQ,17/09/2023,250,750,500,78
Maharashtra,Pune,Junnar(Narayangaon),Tomato,Local,FAQ,19/09/2023,250,600,400,78
Maharashtra,Pune,Junnar(Narayangaon),Tomato,Local,FAQ,21/09/2023,200,550,350,78
Maharashtra,Pune,Junnar(Narayangaon),Tomato,Local,FAQ,25/09/2023,250,750,500,78
Maharashtra,Pune,Junnar(Narayangaon),Tomato,Local,FAQ,05/10/2023,250,600,400,78
Maharashtra,Pune,Junnar(Narayangaon),Tomato,Local,FAQ,08/10/2023,250,500,400,78
Maharashtra,Pune,Junnar(Narayangaon),Tomato,Local,FAQ,09/10/2023,151,377,227,78
Maharashtra,Pune,Junnar(Narayangaon),Tomato,Local,FAQ,11/10/2023,250,600,400,78
Maharashtra,Pune,Junnar(Narayangaon),Tomato,Local,FAQ,18/10/2023,250,600,450,78
Maharashtra,Pune,Junnar(Narayangaon),Tomato,Local,FAQ,21/10/2023,350,750,550,78
Maharashtra,Pune,Junnar(Narayangaon),Tomato,Local,FAQ,29/11/2023,1000,2500,2000,78
Maharashtra,Pune,Junnar(Narayangaon),Tomato,Local,FAQ,13/12/2023,500,2000,1500,78
Maharashtra,Pune,Junnar(Narayangaon),Tomato,Local,FAQ,20/12/2023,500,2000,1500,78
Maharashtra,Pune,Junnar(Narayangaon),Tomato,Other,FAQ,18/07/2023,5000,10500,8500,78
Maharashtra,Pune,Junnar(Narayangaon),Tomato,Local,FAQ,09/06/2024,1500,3500,2500,78
Maharashtra,Pune,Junnar(Narayangaon),Tomato,Local,FAQ,23/06/2024,2500,5000,3500,78
Maharashtra,Pune,Junnar(Narayangaon),Tomato,Local,FAQ,05/07/2024,2500,6000,4000,78
Maharashtra,Pune,Junnar(Narayangaon),Tomato,Local,FAQ,14/07/2024,2500,6000,4000,78
Maharashtra,Pune,Junnar(Narayangaon),Tomato,Local,FAQ,22/07/2024,3000,6000,5000,78
Maharashtra,Pune,Junnar(Narayangaon),Tomato,Local,FAQ,25/01/2025,500,1250,1000,78
Maharashtra,Pune,Junnar(Narayangaon),Tomato,Local,FAQ,01/12/2024,2500,3750,3000,78
Maharashtra,Pune,Junnar(Narayangaon),Tomato,Local,FAQ,08/12/2024,1500,2750,2000,78
Maharashtra,Pune,Junnar(Narayangaon),Tomato,Local,FAQ,26/12/2024,750,1500,1000,78
Maharashtra,Pune,Junnar(Narayangaon),Tomato,Local,FAQ,08/01/2025,750,1500,1000,78
Maharashtra,Pune,Junnar(Narayangaon),Tomato,Local,Local,29/01/2025,250,1000,750,78
Maharashtra,Pune,Junnar(Narayangaon),Tomato,Local,FAQ,12/01/2025,500,1250,1000,78
Maharashtra,Pune,Junnar(Narayangaon),Tomato,Local,FAQ,23/01/2025,250,1000,750,78
Maharashtra,Pune,Junnar(Narayangaon),Tomato,Local,FAQ,04/11/2024,1000,2500,2000,78
Maharashtra,Pune,Junnar(Narayangaon),Tomato,Local,FAQ,05/09/2024,1000,2000,1500,78
Maharashtra,Pune,Junnar(Narayangaon),Tomato,Local,FAQ,11/09/2024,750,2250,1750,78
Maharashtra,Pune,Junnar(Narayangaon),Tomato,Local,FAQ,21/09/2024,2000,4000,3000,78
Maharashtra,Pune,Junnar(Narayangaon),Tomato,Local,FAQ,25/09/2024,2500,4500,3500,78
Maharashtra,Pune,Junnar(Narayangaon),Tomato,Local,Local,02/03/2025,500,1250,1000,78
Maharashtra,Pune,Junnar(Narayangaon),Tomato,Local,Local,03/03/2025,500,1250,1000,78
Maharashtra,Pune,Junnar(Narayangaon),Tomato,Local,Local,11/03/2025,500,1250,1000,78
Maharashtra,Pune,Junnar(Narayangaon),Tomato,Local,Local,06/04/2025,250,875,500,78
Maharashtra,Pune,Junnar(Narayangaon),Tomato,Local,Local,12/04/2025,750,1750,1250,78
Maharashtra,Pune,Junnar(Narayangaon),Tomato,Local,Local,28/04/2025,750,1500,1000,78
Maharashtra,Pune,Junnar(Narayangaon),Tomato,Local,Local,02/05/2025,750,1750,1000,78
Maharashtra,Pune,Junnar(Narayangaon),Tomato,Local,Local,12/05/2025,750,1625,1000,78
Maharashtra,Pune,Junnar(Narayangaon),Tomato,Local,Local,16/05/2025,1000,2250,1500,78
Maharashtra,Pune,Junnar(Narayangaon),Tomato,Local,Local,19/05/2025,1000,2250,1500,78
Maharashtra,Pune,Junnar(Narayangaon),Tomato,Local,Local,25/05/2025,500,2000,1500,78
Maharashtra,Pune,Junnar(Narayangaon),Tomato,Local,Local,31/05/2025,500,1875,1250,78
Maharashtra,Pune,Junnar(Narayangaon),Tomato,Local,FAQ,05/08/2024,1000,3000,2000,78
Maharashtra,Pune,Junnar(Narayangaon),Tomato,Local,FAQ,06/08/2024,1000,3000,2000,78
Maharashtra,Pune,Junnar(Narayangaon),Tomato,Local,FAQ,08/08/2024,1000,2750,2000,78
Maharashtra,Pune,Junnar(Narayangaon),Tomato,Local,FAQ,09/08/2024,1000,2750,2000,78
Maharashtra,Pune,Junnar(Narayangaon),Tomato,Local,FAQ,14/08/2024,1000,2500,2000,78
Maharashtra,Pune,Junnar(Narayangaon),Tomato,Local,FAQ,15/08/2024,1000,3000,2500,78
Maharashtra,Pune,Junnar(Narayangaon),Tomato,Local,Local,13/02/2025,500,1250,1000,78
Maharashtra,Pune,Junnar(Narayangaon),Tomato,Local,Local,14/02/2025,250,1000,700,78
Maharashtra,Pune,Junnar(Narayangaon),Tomato,Local,Local,19/02/2025,500,1250,1000,78
Maharashtra,Pune,Junnar(Narayangaon),Tomato,Local,Local,22/02/2025,500,1000,750,78
Maharashtra,Pune,Junnar(Narayangaon),Tomato,Local,Local,23/02/2025,500,1250,1000,78
Maharashtra,Pune,Junnar(Narayangaon),Tomato,Local,Local,26/02/2025,500,1250,1000,78
Maharashtra,Pune,Junnar(Narayangaon),Tomato,Local,FAQ,04/01/2024,1000,2500,2000,78
Maharashtra,Pune,Junnar(Narayangaon),Tomato,Local,FAQ,01/02/2024,1000,3000,2000,78
Maharashtra,Pune,Junnar(Narayangaon),Tomato,Local,FAQ,18/03/2024,500,1500,1000,78
Maharashtra,Pune,Junnar(Narayangaon),Tomato,Local,FAQ,30/03/2024,250,1000,750,78
Maharashtra,Pune,Junnar(Narayangaon),Tomato,Local,FAQ,15/04/2024,250,1000,750,78
Maharashtra,Pune,Junnar(Narayangaon),Tomato,Local,FAQ,25/04/2024,500,1250,1000,78
Maharashtra,Pune,Junnar(Narayangaon),Tomato,Local,FAQ,01/01/2024,1000,3000,2000,78
Maharashtra,Pune,Junnar(Narayangaon),Tomato,Local,FAQ,27/01/2024,1000,2750,2000,78
Maharashtra,Pune,Junnar(Narayangaon),Tomato,Local,FAQ,16/02/2024,1000,2000,1500,78
Maharashtra,Pune,Junnar(Narayangaon),Tomato,Local,FAQ,22/03/2024,250,1250,1000,78
Maharashtra,Pune,Junnar(Narayangaon),Tomato,Local,FAQ,27/03/2024,500,1500,1000,78
Maharashtra,Pune,Junnar(Narayangaon),Tomato,Local,FAQ,04/04/2024,250,1000,750,78
Maharashtra,Pune,Junnar(Narayangaon),Tomato,Local,FAQ,20/04/2024,250,1000,750,78
Maharashtra,Pune,Junnar(Narayangaon),Tomato,Local,Local,02/07/2025,750,2500,2000,78
Maharashtra,Pune,Junnar(Narayangaon),Tomato,Local,Local,13/07/2025,500,2250,1500,78
Maharashtra,Pune,Junnar(Narayangaon),Tomato,Local,Local,23/07/2025,1500,3500,2500,78
Maharashtra,Pune,Junnar(Narayangaon),Tomato,Local,Local,13/06/2025,750,2250,1500,78
Maharashtra,Pune,Junnar(Narayangaon),Tomato,Local,Local,15/06/2025,500,2000,1500,78
Maharashtra,Pune,Junnar(Narayangaon),Tomato,Local,Local,27/06/2025,500,2250,1500,78
Maharashtra,Pune,Junnar(Narayangaon),Tomato,Local,Local,09/06/2025,500,2250,1500,78
Maharashtra,Pune,Junnar(Narayangaon),Tomato,Local,Local,20/06/2025,500,1500,1000,78
Maharashtra,Pune,Junnar(Narayangaon),Tomato,Local,Local,26/06/2025,500,1750,1000,78
Maharashtra,Pune,Junnar(Narayangaon),Tomato,Local,Local,01/09/2025,750,2500,2000,78
Maharashtra,Pune,Junnar(Narayangaon),Tomato,Local,Local,13/09/2025,500,1500,1000,78
Maharashtra,Pune,Junnar(Narayangaon),Tomato,Local,Local,22/09/2025,1000,2000,1500,78
Maharashtra,Pune,Junnar(Narayangaon),Tomato,Local,Local,15/08/2025,1500,3500,3000,78
Maharashtra,Pune,Junnar(Narayangaon),Tomato,Local,Local,16/08/2025,2000,4000,3000,78
Maharashtra,Pune,Junnar(Narayangaon),Tomato,Local,Local,20/08/2025,1500,3500,2000,78
Maharashtra,Pune,Junnar(Narayangaon),Tomato,Local,Local,27/08/2025,500,1500,1000,78
Maharashtra,Pune,Junnar(Narayangaon),Tomato,Local,Local,02/11/2025,750,1500,1000,78
Maharashtra,Pune,Junnar(Narayangaon),Tomato,Local,Local,07/10/2025,500,1500,1000,78
Maharashtra,Pune,Junnar(Narayangaon),Tomato,Local,Local,16/10/2025,750,1750,1250,78
Maharashtra,Pune,Junnar(Narayangaon),Tomato,Local,Local,29/10/2025,500,1250,1000,78
Maharashtra,Pune,Junnar(Narayangaon),Tomato,Local,Local,30/10/2025,500,1250,1000,78
Maharashtra,Pune,Junnar(Narayangaon),Tomato,Local,FAQ,06/12/2024,750,2500,1500,78
Maharashtra,Pune,Junnar(Narayangaon),Tomato,Local,FAQ,13/12/2024,500,2000,1500,78
Maharashtra,Pune,Junnar(Narayangaon),Tomato,Local,FAQ,14/12/2024,500,2000,1500,78
Maharashtra,Pune,Junnar(Narayangaon),Tomato,Local,FAQ,15/12/2024,500,2000,1500,78
Maharashtra,Pune,Junnar(Narayangaon),Tomato,Local,FAQ,18/12/2024,1000,2500,2000,78
Maharashtra,Pune,Junnar(Narayangaon),Tomato,Local,FAQ,24/12/2024,1000,2000,1500,78
Maharashtra,Pune,Junnar(Narayangaon),Tomato,Local,FAQ,29/12/2024,750,1750,1000,78
Maharashtra,Pune,Junnar(Narayangaon),Tomato,Local,FAQ,04/07/2024,3000,6000,4000,78
Maharashtra,Pune,Junnar(Narayangaon),Tomato,Local,FAQ,13/07/2024,2500,6000,4000,78
Maharashtra,Pune,Junnar(Narayangaon),Tomato,Local,FAQ,21/07/2024,4000,6500,5500,78
Maharashtra,Pune,Junnar(Narayangaon),Tomato,Local,FAQ,27/07/2024,2000,4000,3000,78
Maharashtra,Pune,Junnar(Narayangaon),Tomato,Local,FAQ,29/07/2024,1000,3000,2000,78
Maharashtra,Pune,Junnar(Narayangaon),Tomato,Local,FAQ,03/05/2024,500,1500,1000,78
Maharashtra,Pune,Junnar(Narayangaon),Tomato,Local,FAQ,06/05/2024,500,1500,1000,78
Maharashtra,Pune,Junnar(Narayangaon),Tomato,Local,FAQ,15/05/2024,250,1000,750,78
Maharashtra,Pune,Junnar(Narayangaon),Tomato,Local,FAQ,18/05/2024,500,1750,1250,78
Maharashtra,Pune,Junnar(Narayangaon),Tomato,Local,FAQ,21/05/2024,750,1500,1000,78
Maharashtra,Pune,Junnar(Narayangaon),Tomato,Local,FAQ,23/05/2024,750,1500,1000,78
Maharashtra,Pune,Junnar(Narayangaon),Tomato,Local,FAQ,28/05/2024,750,2000,1500,78
Maharashtra,Pune,Junnar(Narayangaon),Tomato,Local,FAQ,30/05/2024,500,1500,1000,78
Maharashtra,Pune,Junnar(Narayangaon),Tomato,Local,FAQ,01/06/2024,1000,2000,1500,78
Maharashtra,Pune,Junnar(Narayangaon),Tomato,Local,FAQ,08/01/2024,500,2000,1500,78
Maharashtra,Pune,Junnar(Narayangaon),Tomato,Local,FAQ,11/01/2024,500,2000,1500,78
Maharashtra,Pune,Junnar(Narayangaon),Tomato,Local,FAQ,14/01/2024,500,2000,1500,78
Maharashtra,Pune,Junnar(Narayangaon),Tomato,Local,FAQ,18/01/2024,1000,2250,1600,78
Maharashtra,Pune,Junnar(Narayangaon),Tomato,Local,FAQ,19/02/2024,1000,2000,1500,78
Maharashtra,Pune,Junnar(Narayangaon),Tomato,Local,FAQ,22/02/2024,500,2000,1500,78
Maharashtra,Pune,Junnar(Narayangaon),Tomato,Local,FAQ,08/03/2024,500,1500,1000,78
Maharashtra,Pune,Junnar(Narayangaon),Tomato,Local,FAQ,10/03/2024,500,1500,1000,78
Maharashtra,Pune,Junnar(Narayangaon),Tomato,Local,FAQ,16/03/2024,500,2000,1500,78
Maharashtra,Pune,Junnar(Narayangaon),Tomato,Local,FAQ,28/03/2024,250,1250,1000,78
Maharashtra,Pune,Junnar(Narayangaon),Tomato,Local,FAQ,01/04/2024,250,1000,750,78
Maharashtra,Pune,Junnar(Narayangaon),Tomato,Local,FAQ,06/04/2024,250,1000,750,78
Maharashtra,Pune,Junnar(Narayangaon),Tomato,Local,FAQ,07/04/2024,250,1000,750,78
Maharashtra,Pune,Junnar(Narayangaon),Tomato,Local,FAQ,23/04/2024,500,1500,1000,78
Maharashtra,Pune,Junnar(Narayangaon),Tomato,Local,FAQ,26/04/2024,500,1500,1000,78
Maharashtra,Pune,Junnar(Narayangaon),Tomato,Local,FAQ,02/10/2024,3000,5000,4000,78
Maharashtra,Pune,Junnar(Narayangaon),Tomato,Local,FAQ,01/09/2024,750,2001,1500,78
Maharashtra,Pune,Junnar(Narayangaon),Tomato,Local,FAQ,04/09/2024,1000,2000,1500,78
Maharashtra,Pune,Junnar(Narayangaon),Tomato,Local,FAQ,09/09/2024,650,2250,1750,78
Maharashtra,Pune,Junnar(Narayangaon),Tomato,Local,FAQ,12/09/2024,750,2000,1500,78
Maharashtra,Pune,Junnar(Narayangaon),Tomato,Local,FAQ,18/09/2024,1500,3000,2500,78
Maharashtra,Pune,Junnar(Narayangaon),Tomato,Local,FAQ,26/09/2024,2500,4500,3500,78
Maharashtra,Pune,Junnar(Narayangaon),Tomato,Local,FAQ,03/10/2024,4000,6000,5000,78
Maharashtra,Pune,Junnar(Narayangaon),Tomato,Local,FAQ,13/10/2024,2000,4500,3500,78
Maharashtra,Pune,Junnar(Narayangaon),Tomato,Local,FAQ,08/11/2024,1000,2500,2000,78
Maharashtra,Pune,Junnar(Narayangaon),Tomato,Local,FAQ,09/11/2024,1500,3000,2000,78
Maharashtra,Pune,Junnar(Narayangaon),Tomato,Local,FAQ,14/11/2024,1500,3000,2000,78
Maharashtra,Pune,Junnar(Narayangaon),Tomato,Local,FAQ,15/11/2024,1500,3000,2000,78
Maharashtra,Pune,Junnar(Narayangaon),Tomato,Local,FAQ,16/11/2024,1500,3000,2000,78
Maharashtra,Pune,Junnar(Narayangaon),Tomato,Local,FAQ,17/11/2024,1500,3000,2000,78
Maharashtra,Pune,Junnar(Narayangaon),Tomato,Local,FAQ,22/11/2024,1000,2500,2000,78
Maharashtra,Pune,Junnar(Narayangaon),Tomato,Local,FAQ,23/11/2024,1000,2500,2000,78
Maharashtra,Pune,Junnar(Narayangaon),Tomato,Local,FAQ,08/06/2024,1500,3000,2500,78
Maharashtra,Pune,Junnar(Narayangaon),Tomato,Local,FAQ,02/06/2024,1500,3000,2450,78
Maharashtra,Pune,Junnar(Narayangaon),Tomato,Local,FAQ,28/06/2024,2500,5000,4000,78
Maharashtra,Pune,Junnar(Narayangaon),Tomato,Local,FAQ,12/10/2024,4000,6000,5000,78
Maharashtra,Pune,Junnar(Narayangaon),Tomato,Local,FAQ,16/10/2024,3000,5000,4000,78
Maharashtra,Pune,Junnar(Narayangaon),Tomato,Local,FAQ,10/08/2024,1000,2750,2000,78
Maharashtra,Pune,Junnar(Narayangaon),Tomato,Local,FAQ,11/08/2024,500,2250,1500,78
Maharashtra,Pune,Junnar(Narayangaon),Tomato,Local,FAQ,13/08/2024,1000,3000,2250,78
Maharashtra,Pune,Junnar(Narayangaon),Tomato,Local,FAQ,25/08/2024,1000,2250,1500,78
Maharashtra,Pune,Junnar(Narayangaon),Tomato,Local,FAQ,26/08/2024,500,1750,1000,78
Maharashtra,Pune,Junnar(Narayangaon),Tomato,Local,FAQ,28/08/2024,500,1500,1000,78
Maharashtra,Pune,Junnar(Narayangaon),Tomato,Local,Local,02/04/2025,250,750,500,78
Maharashtra,Pune,Junnar(Narayangaon),Tomato,Local,Local,05/04/2025,250,750,500,78
Maharashtra,Pune,Junnar(Narayangaon),Tomato,Local,Local,07/04/2025,500,1000,750,78
Maharashtra,Pune,Junnar(Narayangaon),Tomato,Local,Local,13/04/2025,500,1250,1000,78
Maharashtra,Pune,Junnar(Narayangaon),Tomato,Local,Local,18/04/2025,750,1500,1000,78
Maharashtra,Pune,Junnar(Narayangaon),Tomato,Local,Local,20/04/2025,500,1250,1000,78
Maharashtra,Pune,Junnar(Narayangaon),Tomato,Local,Local,30/04/2025,750,1500,1000,78
Maharashtra,Pune,Junnar(Narayangaon),Tomato,Local,Local,10/04/2025,750,1605,1000,78
Maharashtra,Pune,Junnar(Narayangaon),Tomato,Local,Local,01/05/2025,750,1750,1000,78
Maharashtra,Pune,Junnar(Narayangaon),Tomato,Local,Local,11/05/2025,500,1500,1000,78
Maharashtra,Pune,Junnar(Narayangaon),Tomato,Local,Local,17/05/2025,750,2000,1500,78
Maharashtra,Pune,Junnar(Narayangaon),Tomato,Local,Local,18/05/2025,750,2000,1500,78
Maharashtra,Pune,Junnar(Narayangaon),Tomato,Local,Local,28/05/2025,750,2500,2000,78
Maharashtra,Pune,Junnar(Narayangaon),Tomato,Local,Local,06/02/2025,500,1250,1000,78
Maharashtra,Pune,Junnar(Narayangaon),Tomato,Local,Local,15/02/2025,250,1000,700,78
Maharashtra,Pune,Junnar(Narayangaon),Tomato,Local,Local,28/02/2025,500,1250,1000,78
Maharashtra,Pune,Junnar(Narayangaon),Tomato,Local,FAQ,09/01/2022,500,1750,1000,78
Maharashtra,Pune,Junnar(Narayangaon),Tomato,Local,FAQ,11/01/2022,500,1750,1000,78
Maharashtra,Pune,Junnar(Narayangaon),Tomato,Local,FAQ,07/02/2022,500,2250,1500,78
Maharashtra,Pune,Junnar(Narayangaon),Tomato,Local,FAQ,08/02/2022,500,2250,1500,78
Maharashtra,Pune,Junnar(Narayangaon),Tomato,Local,FAQ,11/02/2022,500,2000,1000,78
Maharashtra,Pune,Junnar(Narayangaon),Tomato,Local,FAQ,19/02/2022,500,1750,1000,78
Maharashtra,Pune,Junnar(Narayangaon),Tomato,Local,FAQ,21/02/2022,500,1750,900,78
Maharashtra,Pune,Junnar(Narayangaon),Tomato,Local,FAQ,22/02/2022,500,1500,1000,78
Maharashtra,Pune,Junnar(Narayangaon),Tomato,Local,FAQ,25/02/2022,500,1500,1000,78
Maharashtra,Pune,Junnar(Narayangaon),Tomato,Local,FAQ,13/03/2022,500,1500,1000,78
Maharashtra,Pune,Junnar(Narayangaon),Tomato,Local,FAQ,17/03/2022,500,1500,1000,78
Maharashtra,Pune,Junnar(Narayangaon),Tomato,Local,FAQ,19/03/2022,500,1500,1000,78
Maharashtra,Pune,Junnar(Narayangaon),Tomato,Local,FAQ,23/03/2022,500,1500,1000,78
Maharashtra,Pune,Junnar(Narayangaon),Tomato,Local,FAQ,27/03/2022,500,1500,1000,78
Maharashtra,Pune,Junnar(Narayangaon),Tomato,Local,FAQ,03/04/2022,500,3000,2500,78
Maharashtra,Pune,Junnar(Narayangaon),Tomato,Local,FAQ,14/04/2022,250,1750,1000,78
Maharashtra,Pune,Junnar(Narayangaon),Tomato,Local,FAQ,15/04/2022,250,1125,800,78
Maharashtra,Pune,Junnar(Narayangaon),Tomato,Local,FAQ,17/04/2022,500,1500,1000,78
Maharashtra,Pune,Junnar(Narayangaon),Tomato,Local,FAQ,18/04/2022,500,1500,1000,78
Maharashtra,Pune,Junnar(Narayangaon),Tomato,Local,FAQ,19/04/2022,500,1750,1000,78
Maharashtra,Pune,Junnar(Narayangaon),Tomato,Local,FAQ,20/04/2022,500,1750,1000,78
Maharashtra,Pune,Junnar(Narayangaon),Tomato,Local,FAQ,21/04/2022,500,1750,1000,78
Maharashtra,Pune,Junnar(Narayangaon),Tomato,Local,FAQ,22/04/2022,500,1500,1000,78
Maharashtra,Pune,Junnar(Narayangaon),Tomato,Local,FAQ,29/04/2022,500,1750,1000,78
Maharashtra,Pune,Junnar(Narayangaon),Tomato,Local,FAQ,03/05/2022,1500,3500,2500,78
Maharashtra,Pune,Junnar(Narayangaon),Tomato,Local,FAQ,07/05/2022,2000,3500,2500,78
Maharashtra,Pune,Junnar(Narayangaon),Tomato,Local,FAQ,16/05/2022,2000,3500,2500,78
Maharashtra,Pune,Junnar(Narayangaon),Tomato,Local,FAQ,24/05/2022,2500,4500,3500,78
Maharashtra,Pune,Junnar(Narayangaon),Tomato,Local,FAQ,30/05/2022,3500,5000,4000,78
Maharashtra,Pune,Junnar(Narayangaon),Tomato,Local,FAQ,12/06/2022,3000,4500,4000,78
Maharashtra,Pune,Junnar(Narayangaon),Tomato,Local,FAQ,18/06/2022,3000,5000,4000,78
Maharashtra,Pune,Junnar(Narayangaon),Tomato,Local,FAQ,23/06/2022,1500,4000,3500,78
Maharashtra,Pune,Junnar(Narayangaon),Tomato,Local,FAQ,28/06/2022,1500,3500,2500,78
Maharashtra,Pune,Junnar(Narayangaon),Tomato,Local,FAQ,08/07/2022,500,2000,1500,78
Maharashtra,Pune,Junnar(Narayangaon),Tomato,Local,FAQ,11/07/2022,500,2000,1500,78
Maharashtra,Pune,Junnar(Narayangaon),Tomato,Local,FAQ,25/07/2022,500,1500,1000,78
Maharashtra,Pune,Junnar(Narayangaon),Tomato,Local,FAQ,26/07/2022,500,1500,1000,78
Maharashtra,Pune,Junnar(Narayangaon),Tomato,Local,FAQ,29/07/2022,500,1500,1000,78
Maharashtra,Pune,Junnar(Narayangaon),Tomato,Local,FAQ,03/08/2022,500,2000,1500,78
Maharashtra,Pune,Junnar(Narayangaon),Tomato,Local,FAQ,09/08/2022,500,2000,1500,78
Maharashtra,Pune,Junnar(Narayangaon),Tomato,Local,FAQ,11/08/2022,500,2000,1500,78
Maharashtra,Pune,Junnar(Narayangaon),Tomato,Local,FAQ,12/08/2022,500,2000,1500,78
Maharashtra,Pune,Junnar(Narayangaon),Tomato,Local,FAQ,13/08/2022,500,2000,1500,78
Maharashtra,Pune,Junnar(Narayangaon),Tomato,Local,FAQ,14/08/2022,500,2000,1500,78
Maharashtra,Pune,Junnar(Narayangaon),Tomato,Local,FAQ,16/08/2022,500,1750,1000,78
Maharashtra,Pune,Junnar(Narayangaon),Tomato,Local,FAQ,01/09/2022,500,1750,1500,78
Maharashtra,Pune,Junnar(Narayangaon),Tomato,Local,FAQ,14/09/2022,1000,2500,2000,78
Maharashtra,Pune,Junnar(Narayangaon),Tomato,Local,FAQ,19/09/2022,401,1750,1500,78
Maharashtra,Pune,Junnar(Narayangaon),Tomato,Local,FAQ,28/09/2022,1500,3000,2500,78
Maharashtra,Pune,Junnar(Narayangaon),Tomato,Local,FAQ,29/09/2022,500,1750,1500,78
Maharashtra,Pune,Junnar(Narayangaon),Tomato,Local,FAQ,14/10/2022,1000,3000,2000,78
Maharashtra,Pune,Junnar(Narayangaon),Tomato,Local,FAQ,15/10/2022,1000,3000,2000,78
Maharashtra,Pune,Junnar(Narayangaon),Tomato,Local,FAQ,16/10/2022,2000,3750,3000,78
Maharashtra,Pune,Junnar(Narayangaon),Tomato,Local,FAQ,23/10/2022,1000,3000,2000,78
Maharashtra,Pune,Junnar(Narayangaon),Tomato,Local,FAQ,25/10/2022,1500,3000,2500,78
Maharashtra,Pune,Junnar(Narayangaon),Tomato,Local,FAQ,26/10/2022,1000,2500,2000,78
Maharashtra,Pune,Junnar(Narayangaon),Tomato,Local,FAQ,30/10/2022,1000,2500,2000,78
Maharashtra,Pune,Junnar(Narayangaon),Tomato,Local,FAQ,10/11/2022,250,1250,1000,78
Maharashtra,Pune,Junnar(Narayangaon),Tomato,Local,FAQ,12/11/2022,250,750,500,78
Maharashtra,Pune,Junnar(Narayangaon),Tomato,Local,FAQ,16/11/2022,250,500,350,78
Maharashtra,Pune,Junnar(Narayangaon),Tomato,Local,FAQ,19/11/2022,250,500,400,78
Maharashtra,Pune,Junnar(Narayangaon),Tomato,Local,FAQ,27/11/2022,250,750,500,78
Maharashtra,Pune,Junnar(Narayangaon),Tomato,Local,FAQ,29/11/2022,250,750,500,78
Maharashtra,Pune,Junnar(Narayangaon),Tomato,Local,FAQ,04/12/2022,250,625,500,78
Maharashtra,Pune,Junnar(Narayangaon),Tomato,Local,FAQ,05/12/2022,250,625,400,78
Maharashtra,Pune,Junnar(Narayangaon),Tomato,Local,FAQ,10/12/2022,250,750,500,78
Maharashtra,Pune,Junnar(Narayangaon),Tomato,Local,FAQ,12/12/2022,250,625,500,78
Maharashtra,Pune,Junnar(Narayangaon),Tomato,Local,FAQ,14/12/2022,250,750,500,78
Maharashtra,Pune,Junnar(Narayangaon),Tomato,Local,FAQ,19/12/2022,250,750,500,78
Maharashtra,Pune,Junnar(Narayangaon),Tomato,Local,FAQ,31/12/2022,250,875,500,78
Maharashtra,Pune,Junnar(Narayangaon),Tomato,Local,Local,05/03/2025,500,1250,1000,78
Maharashtra,Pune,Junnar(Narayangaon),Tomato,Local,Local,07/03/2025,500,1000,750,78
Maharashtra,Pune,Junnar(Narayangaon),Tomato,Local,Local,09/03/2025,500,1250,1000,78
Maharashtra,Pune,Junnar(Narayangaon),Tomato,Local,Local,10/03/2025,750,1500,1000,78
Maharashtra,Pune,Junnar(Narayangaon),Tomato,Local,Local,16/03/2025,500,1250,1000,78
Maharashtra,Pune,Junnar(Narayangaon),Tomato,Local,Local,17/03/2025,250,1000,750,78
Maharashtra,Pune,Junnar(Narayangaon),Tomato,Local,Local,24/03/2025,500,1000,750,78
Maharashtra,Pune,Junnar(Narayangaon),Tomato,Local,Local,27/03/2025,500,1000,750,78
Maharashtra,Pune,Junnar(Narayangaon),Tomato,Local,Local,30/03/2025,250,750,500,78
Maharashtra,Pune,Junnar(Narayangaon),Tomato,Local,Local,27/01/2025,250,1000,750,78
Maharashtra,Pune,Junnar(Narayangaon),Tomato,Local,Local,26/01/2025,500,1250,1000,78
Maharashtra,Pune,Junnar(Narayangaon),Tomato,Local,FAQ,07/01/2023,500,1000,800,78
Maharashtra,Pune,Junnar(Narayangaon),Tomato,Local,FAQ,12/01/2023,250,750,500,78
Maharashtra,Pune,Junnar(Narayangaon),Tomato,Local,FAQ,21/01/2023,500,1250,900,78
Maharashtra,Pune,Junnar(Narayangaon),Tomato,Local,FAQ,26/01/2023,250,875,500,78
Maharashtra,Pune,Junnar(Narayangaon),Tomato,Local,FAQ,27/01/2023,250,875,500,78
Maharashtra,Pune,Junnar(Narayangaon),Tomato,Local,FAQ,03/02/2023,250,750,500,78
Maharashtra,Pune,Junnar(Narayangaon),Tomato,Local,FAQ,05/02/2023,250,750,500,78
Maharashtra,Pune,Junnar(Narayangaon),Tomato,Local,FAQ,09/02/2023,500,1375,750,78
Maharashtra,Pune,Junnar(Narayangaon),Tomato,Local,FAQ,10/02/2023,500,1375,1050,78
Maharashtra,Pune,Junnar(Narayangaon),Tomato,Local,FAQ,21/02/2023,500,1500,1000,78
Maharashtra,Pune,Junnar(Narayangaon),Tomato,Local,FAQ,27/02/2023,500,1500,1000,78
Maharashtra,Pune,Junnar(Narayangaon),Tomato,Local,FAQ,06/03/2023,750,1500,1000,78
Maharashtra,Pune,Junnar(Narayangaon),Tomato,Local,FAQ,20/03/2023,1000,2000,1500,78
Maharashtra,Pune,Junnar(Narayangaon),Tomato,Local,FAQ,22/03/2023,1000,2000,1500,78
Maharashtra,Pune,Junnar(Narayangaon),Tomato,Local,FAQ,30/03/2023,750,1750,1500,78
Maharashtra,Pune,Junnar(Narayangaon),Tomato,Local,FAQ,01/04/2023,750,1750,1500,78
Maharashtra,Pune,Junnar(Narayangaon),Tomato,Local,FAQ,05/04/2023,750,1500,1000,78
Maharashtra,Pune,Junnar(Narayangaon),Tomato,Local,FAQ,14/04/2023,500,1000,800,78
Maharashtra,Pune,Junnar(Narayangaon),Tomato,Local,FAQ,26/04/2023,250,625,500,78
Maharashtra,Pune,Junnar(Narayangaon),Tomato,Local,FAQ,03/05/2023,250,750,550,78
Maharashtra,Pune,Junnar(Narayangaon),Tomato,Local,FAQ,14/05/2023,500,1000,750,78
Maharashtra,Pune,Junnar(Narayangaon),Tomato,Local,FAQ,16/05/2023,500,1000,800,78
Maharashtra,Pune,Junnar(Narayangaon),Tomato,Local,FAQ,17/05/2023,500,1000,750,78
Maharashtra,Pune,Junnar(Narayangaon),Tomato,Local,FAQ,20/05/2023,250,750,500,78
Maharashtra,Pune,Junnar(Narayangaon),Tomato,Local,FAQ,22/05/2023,250,625,400,78
Maharashtra,Pune,Junnar(Narayangaon),Tomato,Local,FAQ,29/05/2023,250,875,500,78
Maharashtra,Pune,Junnar(Narayangaon),Tomato,Local,FAQ,30/05/2023,500,1000,800,78
Maharashtra,Pune,Junnar(Narayangaon),Tomato,Local,FAQ,05/06/2023,500,1750,1200,78
Maharashtra,Pune,Junnar(Narayangaon),Tomato,Local,FAQ,06/06/2023,500,1500,1000,78
Maharashtra,Pune,Junnar(Narayangaon),Tomato,Local,FAQ,07/06/2023,500,1500,1000,78
Maharashtra,Pune,Junnar(Narayangaon),Tomato,Local,FAQ,17/06/2023,1000,3000,2000,78
Maharashtra,Pune,Junnar(Narayangaon),Tomato,Local,FAQ,18/06/2023,1500,3500,2500,78
Maharashtra,Pune,Junnar(Narayangaon),Tomato,Local,FAQ,20/06/2023,2000,4000,3000,78
Maharashtra,Pune,Junnar(Narayangaon),Tomato,Local,FAQ,22/06/2023,2500,5000,3500,78
Maharashtra,Pune,Junnar(Narayangaon),Tomato,Local,FAQ,03/07/2023,5000,10500,8000,78
Maharashtra,Pune,Junnar(Narayangaon),Tomato,Local,FAQ,07/07/2023,4000,9000,6000,78
Maharashtra,Pune,Junnar(Narayangaon),Tomato,Local,FAQ,09/07/2023,5000,10000,8000,78
Maharashtra,Pune,Junnar(Narayangaon),Tomato,Local,FAQ,10/07/2023,5000,10000,8000,78
Maharashtra,Pune,Junnar(Narayangaon),Tomato,Local,FAQ,11/07/2023,5000,10000,8000,78
Maharashtra,Pune,Junnar(Narayangaon),Tomato,Local,FAQ,31/07/2023,5000,15500,10000,78
Maharashtra,Pune,Junnar(Narayangaon),Tomato,Local,FAQ,01/08/2023,3000,12000,9000,78
Maharashtra,Pune,Junnar(Narayangaon),Tomato,Local,FAQ,04/08/2023,2500,11000,7000,78
Maharashtra,Pune,Junnar(Narayangaon),Tomato,Local,FAQ,09/08/2023,1500,6000,4000,78
Maharashtra,Pune,Junnar(Narayangaon),Tomato,Local,FAQ,12/08/2023,1500,6500,4000,78
Maharashtra,Pune,Junnar(Narayangaon),Tomato,Local,FAQ,22/08/2023,1000,2500,2000,78
Maharashtra,Pune,Junnar(Narayangaon),Tomato,Local,FAQ,01/09/2023,500,1500,1000,78
Maharashtra,Pune,Junnar(Narayangaon),Tomato,Local,FAQ,03/09/2023,500,1500,1000,78
Maharashtra,Pune,Junnar(Narayangaon),Tomato,Local,FAQ,08/09/2023,250,750,500,78
Maharashtra,Pune,Junnar(Narayangaon),Tomato,Local,FAQ,09/09/2023,250,575,400,78
Maharashtra,Pune,Junnar(Narayangaon),Tomato,Local,FAQ,24/09/2023,250,750,500,78
Maharashtra,Pune,Junnar(Narayangaon),Tomato,Local,FAQ,29/09/2023,250,600,400,78
Maharashtra,Pune,Junnar(Narayangaon),Tomato,Local,FAQ,01/10/2023,250,750,500,78
Maharashtra,Pune,Junnar(Narayangaon),Tomato,Local,FAQ,19/10/2023,250,600,450,78
Maharashtra,Pune,Junnar(Narayangaon),Tomato,Local,FAQ,22/10/2023,350,750,550,78
Maharashtra,Pune,Junnar(Narayangaon),Tomato,Local,FAQ,24/10/2023,350,750,500,78
Maharashtra,Pune,Junnar(Narayangaon),Tomato,Local,FAQ,25/10/2023,350,750,500,78
Maharashtra,Pune,Junnar(Narayangaon),Tomato,Local,FAQ,26/10/2023,400,1000,600,78
Maharashtra,Pune,Junnar(Narayangaon),Tomato,Local,FAQ,02/11/2023,500,1500,1000,78
Maharashtra,Pune,Junnar(Narayangaon),Tomato,Local,FAQ,08/11/2023,500,2500,1500,78
Maharashtra,Pune,Junnar(Narayangaon),Tomato,Local,FAQ,10/11/2023,500,2500,1500,78
Maharashtra,Pune,Junnar(Narayangaon),Tomato,Local,FAQ,23/11/2023,1000,3000,2000,78
Maharashtra,Pune,Junnar(Narayangaon),Tomato,Local,FAQ,25/11/2023,750,2750,1500,78
Maharashtra,Pune,Junnar(Narayangaon),Tomato,Local,FAQ,27/11/2023,1000,3000,2000,78
Maharashtra,Pune,Junnar(Narayangaon),Tomato,Local,FAQ,28/11/2023,1000,3250,2200,78
Maharashtra,Pune,Junnar(Narayangaon),Tomato,Local,FAQ,06/12/2023,1000,3000,2000,78
Maharashtra,Pune,Junnar(Narayangaon),Tomato,Local,FAQ,10/12/2023,500,2000,1500,78
Maharashtra,Pune,Junnar(Narayangaon),Tomato,Local,FAQ,18/12/2023,500,2000,1500,78
Maharashtra,Pune,Junnar(Narayangaon),Tomato,Local,FAQ,24/12/2023,500,2000,1500,78
Maharashtra,Pune,Junnar(Narayangaon),Tomato,Local,FAQ,29/12/2023,1000,3000,2000,78
Maharashtra,Pune,Junnar(Narayangaon),Tomato,Local,FAQ,30/12/2023,1000,3000,2000,78
Maharashtra,Pune,Junnar(Narayangaon),Tomato,Local,FAQ,31/12/2023,1000,3000,2000,78
Maharashtra,Pune,Junnar(Narayangaon),Tomato,Local,FAQ,07/05/2021,250,1375,1000,78
Maharashtra,Pune,Junnar(Narayangaon),Tomato,Local,FAQ,12/05/2021,250,1250,1000,78
Maharashtra,Pune,Junnar(Narayangaon),Tomato,Local,FAQ,29/05/2021,250,875,600,78
Maharashtra,Pune,Junnar(Narayangaon),Tomato,Local,FAQ,01/06/2021,250,1000,800,78
Maharashtra,Pune,Junnar(Narayangaon),Tomato,Local,FAQ,14/06/2021,250,750,550,78
Maharashtra,Pune,Junnar(Narayangaon),Tomato,Local,FAQ,26/06/2021,100,700,500,78
Maharashtra,Pune,Junnar(Narayangaon),Tomato,Local,FAQ,01/07/2021,250,750,600,78
Maharashtra,Pune,Junnar(Narayangaon),Tomato,Local,FAQ,04/07/2021,250,750,600,78
Maharashtra,Pune,Junnar(Narayangaon),Tomato,Local,FAQ,12/07/2021,250,1400,1000,78
Maharashtra,Pune,Junnar(Narayangaon),Tomato,Local,FAQ,20/07/2021,500,1750,1200,78
Maharashtra,Pune,Junnar(Narayangaon),Tomato,Local,FAQ,23/07/2021,500,1850,1500,78
Maharashtra,Pune,Junnar(Narayangaon),Tomato,Local,FAQ,02/08/2021,500,1500,1000,78
Maharashtra,Pune,Junnar(Narayangaon),Tomato,Local,FAQ,03/08/2021,500,1500,1000,78
Maharashtra,Pune,Junnar(Narayangaon),Tomato,Local,FAQ,09/08/2021,250,1250,1000,78
Maharashtra,Pune,Junnar(Narayangaon),Tomato,Local,FAQ,13/08/2021,300,625,500,78
Maharashtra,Pune,Junnar(Narayangaon),Tomato,Local,FAQ,15/08/2021,150,650,500,78
Maharashtra,Pune,Junnar(Narayangaon),Tomato,Local,FAQ,22/08/2021,250,1500,1000,78
Maharashtra,Pune,Junnar(Narayangaon),Tomato,Local,FAQ,26/08/2021,150,600,500,78
Maharashtra,Pune,Junnar(Narayangaon),Tomato,Local,FAQ,01/09/2021,200,575,450,78
Maharashtra,Pune,Junnar(Narayangaon),Tomato,Local,FAQ,02/09/2021,150,575,400,78
Maharashtra,Pune,Junnar(Narayangaon),Tomato,Local,FAQ,03/09/2021,150,600,500,78
Maharashtra,Pune,Junnar(Narayangaon),Tomato,Local,FAQ,04/09/2021,300,1150,1000,78
Maharashtra,Pune,Junnar(Narayangaon),Tomato,Local,FAQ,09/09/2021,250,500,400,78
Maharashtra,Pune,Junnar(Narayangaon),Tomato,Local,FAQ,13/09/2021,250,625,500,78
Maharashtra,Pune,Junnar(Narayangaon),Tomato,Local,FAQ,20/09/2021,500,1000,800,78
Maharashtra,Pune,Junnar(Narayangaon),Tomato,Local,FAQ,22/09/2021,500,2250,1500,78
Maharashtra,Pune,Junnar(Narayangaon),Tomato,Local,FAQ,25/09/2021,500,2500,2000,78
Maharashtra,Pune,Junnar(Narayangaon),Tomato,Local,FAQ,30/09/2021,1000,3000,2000,78
Maharashtra,Pune,Junnar(Narayangaon),Tomato,Local,FAQ,08/10/2021,1500,3500,3000,78
Maharashtra,Pune,Junnar(Narayangaon),Tomato,Local,FAQ,11/10/2021,2000,4000,3000,78
Maharashtra,Pune,Junnar(Narayangaon),Tomato,Local,FAQ,16/10/2021,2000,4500,3500,78
Maharashtra,Pune,Junnar(Narayangaon),Tomato,Local,FAQ,20/10/2021,2000,4000,3000,78
Maharashtra,Pune,Junnar(Narayangaon),Tomato,Local,FAQ,26/10/2021,2000,4000,3000,78
Maharashtra,Pune,Junnar(Narayangaon),Tomato,Local,FAQ,29/10/2021,1000,2500,2000,78
Maharashtra,Pune,Junnar(Narayangaon),Tomato,Local,FAQ,01/11/2021,401,1501,1000,78
Maharashtra,Pune,Junnar(Narayangaon),Tomato,Local,FAQ,07/11/2021,2500,3500,3000,78
Maharashtra,Pune,Junnar(Narayangaon),Tomato,Local,FAQ,09/11/2021,2500,3500,3000,78
Maharashtra,Pune,Junnar(Narayangaon),Tomato,Local,FAQ,10/11/2021,2500,3500,3000,78
Maharashtra,Pune,Junnar(Narayangaon),Tomato,Local,FAQ,21/11/2021,2500,4000,3000,78
Maharashtra,Pune,Junnar(Narayangaon),Tomato,Local,FAQ,04/12/2021,2500,4000,3500,78
Maharashtra,Pune,Junnar(Narayangaon),Tomato,Local,FAQ,07/12/2021,2500,4000,3000,78
Maharashtra,Pune,Junnar(Narayangaon),Tomato,Local,FAQ,15/12/2021,1500,3000,2000,78
Maharashtra,Pune,Junnar(Narayangaon),Tomato,Local,FAQ,21/12/2021,1500,2501,2000,78
Maharashtra,Pune,Junnar(Narayangaon),Tomato,Local,FAQ,29/12/2021,1500,2750,2000,78
Maharashtra,Pune,Junnar(Narayangaon),Tomato,Other,FAQ,18/10/2021,400,850,500,78
Maharashtra,Pune,Junnar(Narayangaon),Tomato,Local,FAQ,24/02/2021,500,750,600,78
Maharashtra,Pune,Junnar(Narayangaon),Tomato,Local,FAQ,01/03/2021,750,1250,1000,78
Maharashtra,Pune,Junnar(Narayangaon),Tomato,Local,FAQ,02/03/2021,750,1250,1000,78
Maharashtra,Pune,Junnar(Narayangaon),Tomato,Local,FAQ,06/03/2021,1000,2000,1500,78
Maharashtra,Pune,Junnar(Narayangaon),Tomato,Local,FAQ,11/03/2021,500,1000,800,78
Maharashtra,Pune,Junnar(Narayangaon),Tomato,Local,FAQ,23/03/2021,500,1000,800,78
Maharashtra,Pune,Junnar(Narayangaon),Tomato,Local,FAQ,24/03/2021,500,1000,850,78
Maharashtra,Pune,Junnar(Narayangaon),Tomato,Local,FAQ,28/03/2021,500,1250,1000,78
Maharashtra,Pune,Junnar(Narayangaon),Tomato,Local,FAQ,31/03/2021,1000,2000,1500,78
Maharashtra,Pune,Junnar(Narayangaon),Tomato,Local,FAQ,03/04/2021,500,1250,1000,78
Maharashtra,Pune,Junnar(Narayangaon),Tomato,Local,FAQ,17/04/2021,500,1250,1000,78
Maharashtra,Pune,Junnar(Narayangaon),Tomato,Local,FAQ,22/04/2021,250,1500,1000,78
Maharashtra,Pune,Junnar(Narayangaon),Tomato,Local,FAQ,30/04/2021,250,1750,1500,78
Maharashtra,Pune,Junnar(Narayangaon),Tomato,Local,FAQ,01/05/2021,250,1375,1000,78
Maharashtra,Pune,Junnar(Narayangaon),Tomato,Local,Local,01/08/2025,2000,4000,3000,78
Maharashtra,Pune,Junnar(Narayangaon),Tomato,Local,Local,07/08/2025,2500,4500,3500,78
Maharashtra,Pune,Junnar(Narayangaon),Tomato,Local,Local,13/08/2025,1500,3500,3000,78
Maharashtra,Pune,Junnar(Narayangaon),Tomato,Local,Local,21/08/2025,2000,3750,3000,78
Maharashtra,Pune,Junnar(Narayangaon),Tomato,Local,Local,08/06/2025,500,2000,1500,78
Maharashtra,Pune,Junnar(Narayangaon),Tomato,Local,Local,22/06/2025,500,1500,1000,78
Maharashtra,Pune,Junnar(Narayangaon),Tomato,Local,Local,24/06/2025,500,2000,1500,78
Maharashtra,Pune,Junnar(Narayangaon),Tomato,Local,Local,15/07/2025,500,2500,2000,78
Maharashtra,Pune,Junnar(Narayangaon),Tomato,Local,Local,16/07/2025,500,2500,2000,78
Maharashtra,Pune,Junnar(Narayangaon),Tomato,Local,Local,04/09/2025,750,1750,1500,78
Maharashtra,Pune,Junnar(Narayangaon),Tomato,Local,Local,12/09/2025,250,1000,750,78
Maharashtra,Pune,Junnar(Narayangaon),Tomato,Local,Local,17/09/2025,500,1000,750,78
Maharashtra,Pune,Junnar(Narayangaon),Tomato,Local,Local,20/09/2025,750,1500,1000,78
Maharashtra,Pune,Junnar(Narayangaon),Tomato,Local,Local,04/10/2025,750,1750,1000,78
Maharashtra,Pune,Junnar(Narayangaon),Tomato,Local,Local,13/10/2025,500,1500,1000,78
Maharashtra,Pune,Junnar(Narayangaon),Tomato,Local,Local,26/10/2025,500,1250,1000,78
Maharashtra,Pune,Junnar(Narayangaon),Tomato,Local,Local,27/10/2025,500,1250,1000,78
Maharashtra,Pune,Junnar(Narayangaon),Tomato,Local,Local,28/10/2025,500,1250,1000,78
Maharashtra,Pune,Junnar(Narayangaon),Tomato,Local,FAQ,27/02/2021,750,1500,1000,78
Maharashtra,Pune,Junnar(Narayangaon),Tomato,Local,FAQ,03/03/2021,750,1250,1000,78
Maharashtra,Pune,Junnar(Narayangaon),Tomato,Local,FAQ,05/03/2021,750,1250,1000,78
Maharashtra,Pune,Junnar(Narayangaon),Tomato,Local,FAQ,13/03/2021,750,1250,1000,78
Maharashtra,Pune,Junnar(Narayangaon),Tomato,Local,FAQ,20/03/2021,500,1125,900,78
Maharashtra,Pune,Junnar(Narayangaon),Tomato,Local,FAQ,29/03/2021,500,1375,1000,78
Maharashtra,Pune,Junnar(Narayangaon),Tomato,Local,FAQ,05/04/2021,750,1500,1000,78
Maharashtra,Pune,Junnar(Narayangaon),Tomato,Local,FAQ,08/04/2021,500,1250,1000,78
Maharashtra,Pune,Junnar(Narayangaon),Tomato,Local,FAQ,19/04/2021,500,1250,1000,78
Maharashtra,Pune,Junnar(Narayangaon),Tomato,Local,FAQ,25/04/2021,250,1750,1500,78
Maharashtra,Pune,Junnar(Narayangaon),Tomato,Local,FAQ,28/04/2021,250,1750,1200,78
Maharashtra,Pune,Junnar(Narayangaon),Tomato,Local,FAQ,06/05/2021,500,1125,1000,78
Maharashtra,Pune,Junnar(Narayangaon),Tomato,Local,FAQ,09/05/2021,250,1260,901,78
Maharashtra,Pune,Junnar(Narayangaon),Tomato,Local,FAQ,14/05/2021,250,1250,1000,78
Maharashtra,Pune,Junnar(Narayangaon),Tomato,Local,FAQ,15/05/2021,250,1250,1000,78
Maharashtra,Pune,Junnar(Narayangaon),Tomato,Local,FAQ,20/05/2021,250,750,600,78
Maharashtra,Pune,Junnar(Narayangaon),Tomato,Local,FAQ,25/05/2021,250,1000,900,78
Maharashtra,Pune,Junnar(Narayangaon),Tomato,Local,FAQ,02/06/2021,250,1000,850,78
Maharashtra,Pune,Junnar(Narayangaon),Tomato,Local,FAQ,03/06/2021,250,1000,800,78
Maharashtra,Pune,Junnar(Narayangaon),Tomato,Local,FAQ,05/06/2021,250,1000,500,78
Maharashtra,Pune,Junnar(Narayangaon),Tomato,Local,FAQ,10/06/2021,250,750,600,78
Maharashtra,Pune,Junnar(Narayangaon),Tomato,Local,FAQ,12/06/2021,250,750,600,78
Maharashtra,Pune,Junnar(Narayangaon),Tomato,Local,FAQ,13/06/2021,250,750,600,78
Maharashtra,Pune,Junnar(Narayangaon),Tomato,Local,FAQ,20/06/2021,250,600,500,78
Maharashtra,Pune,Junnar(Narayangaon),Tomato,Local,FAQ,22/06/2021,250,500,400,78
Maharashtra,Pune,Junnar(Narayangaon),Tomato,Local,FAQ,24/06/2021,250,700,600,78
Maharashtra,Pune,Junnar(Narayangaon),Tomato,Local,FAQ,28/06/2021,250,700,500,78
Maharashtra,Pune,Junnar(Narayangaon),Tomato,Local,FAQ,30/06/2021,250,750,600,78
Maharashtra,Pune,Junnar(Narayangaon),Tomato,Local,FAQ,05/07/2021,250,750,600,78
Maharashtra,Pune,Junnar(Narayangaon),Tomato,Local,FAQ,09/07/2021,250,750,600,78
Maharashtra,Pune,Junnar(Narayangaon),Tomato,Local,FAQ,11/07/2021,250,1000,800,78
Maharashtra,Pune,Junnar(Narayangaon),Tomato,Local,FAQ,16/07/2021,1250,1750,1500,78
Maharashtra,Pune,Junnar(Narayangaon),Tomato,Local,FAQ,21/07/2021,500,1750,1000,78
Maharashtra,Pune,Junnar(Narayangaon),Tomato,Local,FAQ,24/07/2021,500,2000,1500,78
Maharashtra,Pune,Junnar(Narayangaon),Tomato,Local,FAQ,25/07/2021,500,2250,1800,78
Maharashtra,Pune,Junnar(Narayangaon),Tomato,Local,FAQ,04/08/2021,500,1500,1200,78
Maharashtra,Pune,Junnar(Narayangaon),Tomato,Local,FAQ,07/08/2021,900,1750,1500,78
Maharashtra,Pune,Junnar(Narayangaon),Tomato,Local,FAQ,10/08/2021,250,1250,1000,78
Maharashtra,Pune,Junnar(Narayangaon),Tomato,Local,FAQ,19/08/2021,200,1000,800,78
Maharashtra,Pune,Junnar(Narayangaon),Tomato,Local,FAQ,23/08/2021,250,750,600,78
Maharashtra,Pune,Junnar(Narayangaon),Tomato,Local,FAQ,24/08/2021,250,700,550,78
Maharashtra,Pune,Junnar(Narayangaon),Tomato,Local,FAQ,25/08/2021,250,650,450,78
Maharashtra,Pune,Junnar(Narayangaon),Tomato,Local,FAQ,07/09/2021,150,650,450,78
Maharashtra,Pune,Junnar(Narayangaon),Tomato,Local,FAQ,12/09/2021,250,625,450,78
Maharashtra,Pune,Junnar(Narayangaon),Tomato,Local,FAQ,14/09/2021,350,750,600,78
Maharashtra,Pune,Junnar(Narayangaon),Tomato,Local,FAQ,16/09/2021,350,875,600,78
Maharashtra,Pune,Junnar(Narayangaon),Tomato,Local,FAQ,02/10/2021,1500,3500,3000,78
Maharashtra,Pune,Junnar(Narayangaon),Tomato,Local,FAQ,03/10/2021,1000,3000,2000,78
Maharashtra,Pune,Junnar(Narayangaon),Tomato,Local,FAQ,04/10/2021,1500,3250,2500,78
Maharashtra,Pune,Junnar(Narayangaon),Tomato,Local,FAQ,07/10/2021,1500,3500,2500,78
Maharashtra,Pune,Junnar(Narayangaon),Tomato,Local,FAQ,14/10/2021,2000,4000,3000,78
Maharashtra,Pune,Junnar(Narayangaon),Tomato,Local,FAQ,15/10/2021,2000,4500,3000,78
Maharashtra,Pune,Junnar(Narayangaon),Tomato,Local,FAQ,28/10/2021,1500,3750,2500,78
Maharashtra,Pune,Junnar(Narayangaon),Tomato,Local,FAQ,03/11/2021,2000,3500,3000,78
Maharashtra,Pune,Junnar(Narayangaon),Tomato,Local,FAQ,05/11/2021,700,2800,2000,78
Maharashtra,Pune,Junnar(Narayangaon),Tomato,Local,FAQ,11/11/2021,2500,3500,3000,78
Maharashtra,Pune,Junnar(Narayangaon),Tomato,Local,FAQ,18/11/2021,2500,4000,3250,78
Maharashtra,Pune,Junnar(Narayangaon),Tomato,Local,FAQ,23/11/2021,2000,3500,3000,78
Maharashtra,Pune,Junnar(Narayangaon),Tomato,Local,FAQ,26/11/2021,2000,3000,2500,78
Maharashtra,Pune,Junnar(Narayangaon),Tomato,Local,FAQ,13/12/2021,1500,3000,2250,78
Maharashtra,Pune,Junnar(Narayangaon),Tomato,Local,FAQ,05/01/2024,750,2000,1500,78
Maharashtra,Pune,Junnar(Narayangaon),Tomato,Local,FAQ,06/01/2024,750,2000,1500,78
Maharashtra,Pune,Junnar(Narayangaon),Tomato,Local,FAQ,10/01/2024,500,2000,1500,78
Maharashtra,Pune,Junnar(Narayangaon),Tomato,Local,FAQ,12/01/2024,500,2000,1500,78
Maharashtra,Pune,Junnar(Narayangaon),Tomato,Local,FAQ,19/01/2024,1000,2250,1500,78
Maharashtra,Pune,Junnar(Narayangaon),Tomato,Local,FAQ,20/01/2024,1000,2250,1500,78
Maharashtra,Pune,Junnar(Narayangaon),Tomato,Local,FAQ,26/01/2024,1000,2750,2000,78
Maharashtra,Pune,Junnar(Narayangaon),Tomato,Local,FAQ,29/01/2024,1000,3000,2000,78
Maharashtra,Pune,Junnar(Narayangaon),Tomato,Local,FAQ,04/02/2024,1500,3500,2500,78
Maharashtra,Pune,Junnar(Narayangaon),Tomato,Local,FAQ,05/02/2024,1500,3500,2500,78
Maharashtra,Pune,Junnar(Narayangaon),Tomato,Local,FAQ,07/02/2024,1000,3000,2000,78
Maharashtra,Pune,Junnar(Narayangaon),Tomato,Local,FAQ,09/02/2024,1000,3000,2000,78
Maharashtra,Pune,Junnar(Narayangaon),Tomato,Local,FAQ,11/02/2024,1000,2500,2000,78
Maharashtra,Pune,Junnar(Narayangaon),Tomato,Local,FAQ,12/02/2024,1000,2500,2000,78
Maharashtra,Pune,Junnar(Narayangaon),Tomato,Local,FAQ,15/02/2024,1000,2000,1500,78
Maharashtra,Pune,Junnar(Narayangaon),Tomato,Local,FAQ,20/02/2024,500,2000,1500,78
Maharashtra,Pune,Junnar(Narayangaon),Tomato,Local,FAQ,09/03/2024,500,1500,1000,78
Maharashtra,Pune,Junnar(Narayangaon),Tomato,Local,FAQ,11/03/2024,500,1500,1000,78
Maharashtra,Pune,Junnar(Narayangaon),Tomato,Local,FAQ,13/03/2024,500,2000,1500,78
Maharashtra,Pune,Junnar(Narayangaon),Tomato,Local,FAQ,14/03/2024,500,2000,1501,78
Maharashtra,Pune,Junnar(Narayangaon),Tomato,Local,FAQ,21/03/2024,500,1000,800,78
Maharashtra,Pune,Junnar(Narayangaon),Tomato,Local,FAQ,31/03/2024,250,1000,700,78
Maharashtra,Pune,Junnar(Narayangaon),Tomato,Local,FAQ,03/04/2024,250,1000,750,78
Maharashtra,Pune,Junnar(Narayangaon),Tomato,Local,FAQ,05/04/2024,250,1000,750,78
Maharashtra,Pune,Junnar(Narayangaon),Tomato,Local,FAQ,19/04/2024,250,1000,750,78
Maharashtra,Pune,Junnar(Narayangaon),Tomato,Local,FAQ,28/04/2024,500,1500,1000,78
Maharashtra,Pune,Junnar(Narayangaon),Tomato,Local,FAQ,02/05/2024,500,1500,1000,78
Maharashtra,Pune,Junnar(Narayangaon),Tomato,Local,FAQ,04/05/2024,500,1500,1000,78
Maharashtra,Pune,Junnar(Narayangaon),Tomato,Local,FAQ,13/05/2024,250,1000,750,78
Maharashtra,Pune,Junnar(Narayangaon),Tomato,Local,FAQ,20/05/2024,750,1500,1000,78
Maharashtra,Pune,Junnar(Narayangaon),Tomato,Local,FAQ,24/05/2024,750,1500,1000,78
Maharashtra,Pune,Junnar(Narayangaon),Tomato,Local,FAQ,09/01/2025,750,1500,1000,78
Maharashtra,Pune,Junnar(Narayangaon),Tomato,Local,Local,01/02/2025,500,1250,1000,78
Maharashtra,Pune,Junnar(Narayangaon),Tomato,Local,Local,03/02/2025,500,1250,1000,78
Maharashtra,Pune,Junnar(Narayangaon),Tomato,Local,Local,12/02/2025,500,1250,1000,78
Maharashtra,Pune,Junnar(Narayangaon),Tomato,Local,Local,21/02/2025,500,1000,750,78
Maharashtra,Pune,Junnar(Narayangaon),Tomato,Local,FAQ,05/12/2024,2000,3000,2500,78
Maharashtra,Pune,Junnar(Narayangaon),Tomato,Local,FAQ,19/12/2024,1000,2500,2000,78
Maharashtra,Pune,Junnar(Narayangaon),Tomato,Local,FAQ,28/09/2024,3000,5000,4000,78
Maharashtra,Pune,Junnar(Narayangaon),Tomato,Local,FAQ,06/10/2024,3000,6000,4000,78
Maharashtra,Pune,Junnar(Narayangaon),Tomato,Local,FAQ,06/01/2023,500,1000,800,78
Maharashtra,Pune,Junnar(Narayangaon),Tomato,Local,FAQ,15/02/2023,500,1375,1000,78
Maharashtra,Pune,Junnar(Narayangaon),Tomato,Local,FAQ,20/02/2023,500,1500,1000,78
Maharashtra,Pune,Junnar(Narayangaon),Tomato,Local,FAQ,22/02/2023,500,1500,1000,78
Maharashtra,Pune,Junnar(Narayangaon),Tomato,Local,FAQ,02/03/2023,500,1500,1000,78
Maharashtra,Pune,Junnar(Narayangaon),Tomato,Local,FAQ,10/03/2023,500,750,600,78
Maharashtra,Pune,Junnar(Narayangaon),Tomato,Local,FAQ,16/03/2023,1000,1750,1500,78
Maharashtra,Pune,Junnar(Narayangaon),Tomato,Local,FAQ,24/03/2023,1000,2000,1500,78
Maharashtra,Pune,Junnar(Narayangaon),Tomato,Local,FAQ,31/03/2023,750,1750,1500,78
Maharashtra,Pune,Junnar(Narayangaon),Tomato,Local,FAQ,08/04/2023,750,1250,1000,78
Maharashtra,Pune,Junnar(Narayangaon),Tomato,Local,FAQ,11/04/2023,500,1000,800,78
Maharashtra,Pune,Junnar(Narayangaon),Tomato,Local,FAQ,17/04/2023,1000,1500,1250,78
Maharashtra,Pune,Junnar(Narayangaon),Tomato,Local,FAQ,18/04/2023,500,750,600,78
Maharashtra,Pune,Junnar(Narayangaon),Tomato,Local,FAQ,21/04/2023,500,1000,750,78
Maharashtra,Pune,Junnar(Narayangaon),Tomato,Local,FAQ,28/04/2023,500,1000,750,78
Maharashtra,Pune,Junnar(Narayangaon),Tomato,Local,FAQ,08/05/2023,250,1000,750,78
Maharashtra,Pune,Junnar(Narayangaon),Tomato,Local,FAQ,18/05/2023,250,600,400,78
Maharashtra,Pune,Junnar(Narayangaon),Tomato,Local,FAQ,19/05/2023,250,500,400,78
Maharashtra,Pune,Junnar(Narayangaon),Tomato,Local,FAQ,28/05/2023,250,600,400,78
Maharashtra,Pune,Junnar(Narayangaon),Tomato,Local,FAQ,01/06/2023,500,1000,800,78
Maharashtra,Pune,Junnar(Narayangaon),Tomato,Local,FAQ,02/06/2023,500,1250,1000,78
Maharashtra,Pune,Junnar(Narayangaon),Tomato,Local,FAQ,04/06/2023,500,1750,1250,78
Maharashtra,Pune,Junnar(Narayangaon),Tomato,Local,FAQ,09/06/2023,500,2000,1500,78
Maharashtra,Pune,Junnar(Narayangaon),Tomato,Local,FAQ,10/06/2023,1000,2500,2000,78
Maharashtra,Pune,Junnar(Narayangaon),Tomato,Local,FAQ,12/07/2023,5000,10000,8000,78
Maharashtra,Pune,Junnar(Narayangaon),Tomato,Local,FAQ,16/07/2023,5000,10500,8000,78
Maharashtra,Pune,Junnar(Narayangaon),Tomato,Local,FAQ,23/07/2023,3000,11000,7000,78
Maharashtra,Pune,Junnar(Narayangaon),Tomato,Local,FAQ,28/07/2023,3000,11000,7500,78
Maharashtra,Pune,Junnar(Narayangaon),Tomato,Local,FAQ,30/07/2023,5000,12000,8000,78
Maharashtra,Pune,Junnar(Narayangaon),Tomato,Local,FAQ,08/08/2023,2500,10000,8000,78
Maharashtra,Pune,Junnar(Narayangaon),Tomato,Local,FAQ,10/08/2023,1500,6000,4000,78
Maharashtra,Pune,Junnar(Narayangaon),Tomato,Local,FAQ,11/08/2023,1500,6500,4500,78
Maharashtra,Pune,Junnar(Narayangaon),Tomato,Local,FAQ,18/08/2023,1000,3000,2000,78
Maharashtra,Pune,Junnar(Narayangaon),Tomato,Local,FAQ,19/08/2023,1000,3000,2000,78
Maharashtra,Pune,Junnar(Narayangaon),Tomato,Local,FAQ,20/08/2023,1000,3000,2000,78
Maharashtra,Pune,Junnar(Narayangaon),Tomato,Local,FAQ,21/08/2023,1000,3000,2000,78
Maharashtra,Pune,Junnar(Narayangaon),Tomato,Local,FAQ,25/08/2023,1000,2000,1500,78
Maharashtra,Pune,Junnar(Narayangaon),Tomato,Local,FAQ,26/08/2023,1000,2000,1500,78
Maharashtra,Pune,Junnar(Narayangaon),Tomato,Local,FAQ,27/08/2023,1000,2000,1500,78
Maharashtra,Pune,Junnar(Narayangaon),Tomato,Local,FAQ,29/08/2023,500,2000,1500,78
Maharashtra,Pune,Junnar(Narayangaon),Tomato,Local,FAQ,20/09/2023,250,600,400,78
Maharashtra,Pune,Junnar(Narayangaon),Tomato,Local,FAQ,30/09/2023,250,750,500,78
Maharashtra,Pune,Junnar(Narayangaon),Tomato,Local,FAQ,02/10/2023,250,750,500,78
Maharashtra,Pune,Junnar(Narayangaon),Tomato,Local,FAQ,14/10/2023,250,750,550,78
Maharashtra,Pune,Junnar(Narayangaon),Tomato,Local,FAQ,20/10/2023,250,650,400,78
Maharashtra,Pune,Junnar(Narayangaon),Tomato,Local,FAQ,09/11/2023,500,2500,1500,78
Maharashtra,Pune,Junnar(Narayangaon),Tomato,Local,FAQ,11/11/2023,500,2500,1500,78
Maharashtra,Pune,Junnar(Narayangaon),Tomato,Local,FAQ,26/11/2023,1000,3000,2000,78
Maharashtra,Pune,Junnar(Narayangaon),Tomato,Local,FAQ,04/12/2023,1000,3000,2000,78
Maharashtra,Pune,Junnar(Narayangaon),Tomato,Local,FAQ,23/12/2023,500,2000,1500,78
Maharashtra,Pune,Junnar(Narayangaon),Tomato,Other,FAQ,19/07/2023,5000,10200,8500,78
Maharashtra,Pune,Junnar(Narayangaon),Tomato,Other,FAQ,05/08/2023,2500,11000,8500,78
Maharashtra,Pune,Junnar(Narayangaon),Tomato,Other,FAQ,14/08/2023,1500,5500,4500,78
Maharashtra,Pune,Junnar(Narayangaon),Tomato,Local,Local,08/03/2025,500,1250,1000,78
Maharashtra,Pune,Junnar(Narayangaon),Tomato,Local,Local,13/03/2025,750,1500,1000,78
Maharashtra,Pune,Junnar(Narayangaon),Tomato,Local,Local,22/03/2025,500,1000,750,78
Maharashtra,Pune,Junnar(Narayangaon),Tomato,Local,Local,23/03/2025,250,750,500,78
Maharashtra,Pune,Junnar(Narayangaon),Tomato,Local,Local,06/06/2025,500,1500,1000,78
Maharashtra,Pune,Junnar(Narayangaon),Tomato,Local,Local,11/06/2025,1000,2750,2000,78
Maharashtra,Pune,Junnar(Narayangaon),Tomato,Local,Local,29/06/2025,750,2500,2000,78
Maharashtra,Pune,Junnar(Narayangaon),Tomato,Local,Local,04/07/2025,750,2500,2000,78
Maharashtra,Pune,Junnar(Narayangaon),Tomato,Local,Local,06/07/2025,750,2500,2000,78
Maharashtra,Pune,Junnar(Narayangaon),Tomato,Local,Local,19/07/2025,1000,3000,2000,78
Maharashtra,Pune,Junnar(Narayangaon),Tomato,Local,Local,24/07/2025,1500,3500,2500,78
Maharashtra,Pune,Junnar(Narayangaon),Tomato,Local,Local,29/07/2025,3000,5000,4000,78
Maharashtra,Pune,Junnar(Narayangaon),Tomato,Local,Local,30/07/2025,2000,4500,3500,78
Maharashtra,Pune,Junnar(Narayangaon),Tomato,Local,Local,04/04/2025,250,750,500,78
Maharashtra,Pune,Junnar(Narayangaon),Tomato,Local,Local,11/04/2025,750,1750,1250,78
Maharashtra,Pune,Junnar(Narayangaon),Tomato,Local,Local,24/04/2025,750,1500,1000,78
Maharashtra,Pune,Junnar(Narayangaon),Tomato,Local,Local,25/04/2025,750,1250,1000,78
Maharashtra,Pune,Junnar(Narayangaon),Tomato,Local,Local,26/04/2025,750,2000,1500,78
Maharashtra,Pune,Junnar(Narayangaon),Tomato,Local,Local,27/04/2025,750,1500,1000,78
Maharashtra,Pune,Junnar(Narayangaon),Tomato,Other,Local,19/04/2025,750,1500,1000,78
Maharashtra,Pune,Junnar(Narayangaon),Tomato,Other,Local,22/04/2025,750,1500,1000,78
Maharashtra,Pune,Junnar(Narayangaon),Tomato,Local,Local,05/05/2025,750,1750,1000,78
Maharashtra,Pune,Junnar(Narayangaon),Tomato,Local,Local,21/05/2025,1000,2625,2000,78
Maharashtra,Pune,Junnar(Narayangaon),Tomato,Local,Local,23/05/2025,1500,3000,2500,78
Maharashtra,Pune,Junnar(Narayangaon),Tomato,Local,FAQ,24/10/2024,1500,3500,2500,78
Maharashtra,Pune,Junnar(Narayangaon),Tomato,Local,FAQ,25/10/2024,500,2750,1500,78
Maharashtra,Pune,Junnar(Narayangaon),Tomato,Local,FAQ,05/10/2024,4000,6500,5000,78
Maharashtra,Pune,Junnar(Narayangaon),Tomato,Local,FAQ,20/10/2024,3000,5000,4000,78
Maharashtra,Pune,Junnar(Narayangaon),Tomato,Local,FAQ,01/11/2024,1000,2500,2000,78
Maharashtra,Pune,Junnar(Narayangaon),Tomato,Local,FAQ,10/11/2024,1500,3000,2000,78
Maharashtra,Pune,Junnar(Narayangaon),Tomato,Local,FAQ,13/11/2024,1500,3000,2000,78
Maharashtra,Pune,Junnar(Narayangaon),Tomato,Local,FAQ,18/11/2024,1500,3000,2000,78
Maharashtra,Pune,Junnar(Narayangaon),Tomato,Local,FAQ,24/11/2024,1000,2500,2000,78
Maharashtra,Pune,Junnar(Narayangaon),Tomato,Local,FAQ,02/08/2024,1000,2500,2000,78
Maharashtra,Pune,Junnar(Narayangaon),Tomato,Local,FAQ,27/08/2024,500,1750,1000,78
Maharashtra,Pune,Junnar(Narayangaon),Tomato,Local,FAQ,18/07/2024,3000,6000,5000,78
Maharashtra,Pune,Junnar(Narayangaon),Tomato,Local,FAQ,19/07/2024,3000,6000,5000,78
Maharashtra,Pune,Junnar(Narayangaon),Tomato,Local,FAQ,20/07/2024,3000,6000,5000,78
Maharashtra,Pune,Junnar(Narayangaon),Tomato,Local,FAQ,13/01/2022,500,1750,1000,78
Maharashtra,Pune,Junnar(Narayangaon),Tomato,Local,FAQ,16/01/2022,500,1750,1000,78
Maharashtra,Pune,Junnar(Narayangaon),Tomato,Local,FAQ,20/01/2022,500,1750,1000,78
Maharashtra,Pune,Junnar(Narayangaon),Tomato,Local,FAQ,24/01/2022,500,2250,1800,78
Maharashtra,Pune,Junnar(Narayangaon),Tomato,Local,FAQ,26/01/2022,500,2250,1500,78
Maharashtra,Pune,Junnar(Narayangaon),Tomato,Local,FAQ,28/01/2022,500,2250,1500,78
Maharashtra,Pune,Junnar(Narayangaon),Tomato,Local,FAQ,10/02/2022,500,2000,1500,78
Maharashtra,Pune,Junnar(Narayangaon),Tomato,Local,FAQ,13/02/2022,500,1750,1000,78
Maharashtra,Pune,Junnar(Narayangaon),Tomato,Local,FAQ,16/02/2022,500,1750,1000,78
Maharashtra,Pune,Junnar(Narayangaon),Tomato,Local,FAQ,17/02/2022,500,1750,1200,78
Maharashtra,Pune,Junnar(Narayangaon),Tomato,Local,FAQ,26/02/2022,500,1500,1000,78
Maharashtra,Pune,Junnar(Narayangaon),Tomato,Local,FAQ,07/03/2022,500,1500,1000,78
Maharashtra,Pune,Junnar(Narayangaon),Tomato,Local,FAQ,11/03/2022,500,1500,1000,78
Maharashtra,Pune,Junnar(Narayangaon),Tomato,Local,FAQ,14/03/2022,250,1250,950,78
Maharashtra,Pune,Junnar(Narayangaon),Tomato,Local,FAQ,21/03/2022,500,1500,1000,78
Maharashtra,Pune,Junnar(Narayangaon),Tomato,Local,FAQ,22/03/2022,500,1500,1000,78
Maharashtra,Pune,Junnar(Narayangaon),Tomato,Local,FAQ,28/03/2022,250,1000,800,78
Maharashtra,Pune,Junnar(Narayangaon),Tomato,Local,FAQ,02/04/2022,250,1500,1000,78
Maharashtra,Pune,Junnar(Narayangaon),Tomato,Local,FAQ,07/04/2022,500,2500,2000,78
Maharashtra,Pune,Junnar(Narayangaon),Tomato,Local,FAQ,12/04/2022,250,2250,1500,78
Maharashtra,Pune,Junnar(Narayangaon),Tomato,Local,FAQ,13/04/2022,250,1125,1000,78
Maharashtra,Pune,Junnar(Narayangaon),Tomato,Local,FAQ,16/04/2022,250,1310,1000,78
Maharashtra,Pune,Junnar(Narayangaon),Tomato,Local,FAQ,25/04/2022,500,1750,1000,78
Maharashtra,Pune,Junnar(Narayangaon),Tomato,Local,FAQ,01/05/2022,1000,2000,1500,78
Maharashtra,Pune,Junnar(Narayangaon),Tomato,Local,FAQ,10/05/2022,2000,3500,2500,78
Maharashtra,Pune,Junnar(Narayangaon),Tomato,Local,FAQ,12/05/2022,2000,3500,2500,78
Maharashtra,Pune,Junnar(Narayangaon),Tomato,Local,FAQ,13/05/2022,2000,3500,2500,78
Maharashtra,Pune,Junnar(Narayangaon),Tomato,Local,FAQ,14/05/2022,2000,3500,2500,78
Maharashtra,Pune,Junnar(Narayangaon),Tomato,Local,FAQ,15/05/2022,2000,3500,2500,78
Maharashtra,Pune,Junnar(Narayangaon),Tomato,Local,FAQ,23/05/2022,3000,5000,4000,78
Maharashtra,Pune,Junnar(Narayangaon),Tomato,Local,FAQ,01/06/2022,3500,5000,4500,78
Maharashtra,Pune,Junnar(Narayangaon),Tomato,Local,FAQ,08/06/2022,2500,4500,3500,78
Maharashtra,Pune,Junnar(Narayangaon),Tomato,Local,FAQ,09/06/2022,2500,4500,3500,78
Maharashtra,Pune,Junnar(Narayangaon),Tomato,Local,FAQ,20/06/2022,2000,4500,3500,78
Maharashtra,Pune,Junnar(Narayangaon),Tomato,Local,FAQ,27/06/2022,1500,4000,3000,78
Maharashtra,Pune,Junnar(Narayangaon),Tomato,Local,FAQ,05/07/2022,500,2000,1500,78
Maharashtra,Pune,Junnar(Narayangaon),Tomato,Local,FAQ,06/07/2022,500,2000,1500,78
Maharashtra,Pune,Junnar(Narayangaon),Tomato,Local,FAQ,07/07/2022,500,2000,1500,78
Maharashtra,Pune,Junnar(Narayangaon),Tomato,Local,FAQ,13/07/2022,500,2000,1500,78
Maharashtra,Pune,Junnar(Narayangaon),Tomato,Local,FAQ,27/07/2022,500,1500,1000,78
Maharashtra,Pune,Junnar(Narayangaon),Tomato,Local,FAQ,30/07/2022,500,1500,1000,78
Maharashtra,Pune,Junnar(Narayangaon),Tomato,Local,FAQ,02/08/2022,500,1500,1000,78
Maharashtra,Pune,Junnar(Narayangaon),Tomato,Local,FAQ,08/08/2022,500,2000,1500,78
Maharashtra,Pune,Junnar(Narayangaon),Tomato,Local,FAQ,28/08/2022,250,1250,801,78
Maharashtra,Pune,Junnar(Narayangaon),Tomato,Local,FAQ,02/09/2022,500,1750,1500,78
Maharashtra,Pune,Junnar(Narayangaon),Tomato,Local,FAQ,07/09/2022,500,1500,1000,78
Maharashtra,Pune,Junnar(Narayangaon),Tomato,Local,FAQ,13/09/2022,500,3000,2000,78
Maharashtra,Pune,Junnar(Narayangaon),Tomato,Local,FAQ,25/09/2022,1500,2750,2000,78
Maharashtra,Pune,Junnar(Narayangaon),Tomato,Local,FAQ,05/10/2022,1000,3000,2500,78
Maharashtra,Pune,Junnar(Narayangaon),Tomato,Local,FAQ,18/10/2022,2000,3500,3000,78
Maharashtra,Pune,Junnar(Narayangaon),Tomato,Local,FAQ,27/10/2022,500,2000,1500,78
Maharashtra,Pune,Junnar(Narayangaon),Tomato,Local,FAQ,29/10/2022,1000,2500,2000,78
Maharashtra,Pune,Junnar(Narayangaon),Tomato,Local,FAQ,18/11/2022,250,750,500,78
Maharashtra,Pune,Junnar(Narayangaon),Tomato,Local,FAQ,03/12/2022,250,625,400,78
Maharashtra,Pune,Junnar(Narayangaon),Tomato,Local,FAQ,07/12/2022,250,625,500,78
Maharashtra,Pune,Junnar(Narayangaon),Tomato,Local,FAQ,08/12/2022,250,750,500,78
Maharashtra,Pune,Junnar(Narayangaon),Tomato,Local,FAQ,09/12/2022,250,750,500,78
Maharashtra,Pune,Junnar(Narayangaon),Tomato,Local,FAQ,11/12/2022,250,750,500,78
Maharashtra,Pune,Junnar(Narayangaon),Tomato,Local,FAQ,17/12/2022,250,750,500,78
Maharashtra,Pune,Junnar(Narayangaon),Tomato,Local,FAQ,20/12/2022,250,750,500,78
Maharashtra,Pune,Junnar(Narayangaon),Tomato,Local,Local,02/08/2025,2500,5000,4000,78
Maharashtra,Pune,Junnar(Narayangaon),Tomato,Local,Local,03/08/2025,2500,5000,4000,78
Maharashtra,Pune,Junnar(Narayangaon),Tomato,Local,Local,06/08/2025,2500,4500,3500,78
Maharashtra,Pune,Junnar(Narayangaon),Tomato,Local,Local,17/08/2025,2000,4250,3000,78
Maharashtra,Pune,Junnar(Narayangaon),Tomato,Local,Local,18/08/2025,2500,5000,4000,78
Maharashtra,Pune,Junnar(Narayangaon),Tomato,Local,Local,28/08/2025,1000,2000,1500,78
Maharashtra,Pune,Junnar(Narayangaon),Tomato,Local,Local,29/08/2025,1000,2250,1500,78
Maharashtra,Pune,Junnar(Narayangaon),Tomato,Local,Local,03/09/2025,750,1750,1500,78
Maharashtra,Pune,Junnar(Narayangaon),Tomato,Local,Local,08/09/2025,500,1500,1000,78
Maharashtra,Pune,Junnar(Narayangaon),Tomato,Local,Local,11/09/2025,500,1250,1000,78
Maharashtra,Pune,Junnar(Narayangaon),Tomato,Local,Local,24/09/2025,500,1500,1000,78
Maharashtra,Pune,Junnar(Narayangaon),Tomato,Local,Local,01/11/2025,750,1500,1000,78
Maharashtra,Pune,Junnar(Narayangaon),Tomato,Local,Local,03/11/2025,750,1500,1000,78
Maharashtra,Pune,Junnar(Narayangaon),Tomato,Local,Local,06/10/2025,750,1750,1000,78
Maharashtra,Pune,Junnar(Narayangaon),Tomato,Local,Local,15/10/2025,750,1750,1250,78
Maharashtra,Pune,Junnar(Narayangaon) APMC,Tomato,Local,Local,23/12/2025,2000,3500,3000,78
Maharashtra,Pune,Junnar(Narayangaon) APMC,Tomato,Local,Local,30/12/2025,2500,4000,3500,78
Maharashtra,Pune,Junnar(Narayangaon) APMC,Tomato,Local,Local,06/12/2025,2500,3500,3000,78
Maharashtra,Pune,Junnar(Narayangaon) APMC,Tomato,Local,Local,25/12/2025,2500,4000,3500,78
Maharashtra,Pune,Junnar(Narayangaon) APMC,Tomato,Local,Local,02/11/2025,750,1500,1000,78
Maharashtra,Pune,Junnar(Narayangaon) APMC,Tomato,Local,Local,22/01/2026,500,2000,1500,78
Maharashtra,Pune,Junnar(Narayangaon) APMC,Tomato,Local,Local,23/01/2026,750,2250,1500,78
Maharashtra,Pune,Junnar(Narayangaon) APMC,Tomato,Local,Local,28/01/2026,500,1750,1500,78
Maharashtra,Pune,Junnar(Narayangaon) APMC,Tomato,Local,Local,25/01/2026,500,1750,1500,78
Maharashtra,Pune,Junnar(Narayangaon) APMC,Tomato,Local,Local,02/02/2026,250,1250,750,78
Maharashtra,Pune,Junnar(Narayangaon) APMC,Tomato,Local,Local,06/02/2026,250,1250,750,78
Maharashtra,Pune,Junnar(Narayangaon) APMC,Tomato,Local,Local,16/02/2026,750,1750,1250,78
Maharashtra,Pune,Junnar(Narayangaon) APMC,Tomato,Local,Local,10/12/2025,1500,2500,2000,78
Maharashtra,Pune,Junnar(Narayangaon) APMC,Tomato,Local,Local,03/12/2025,1500,3000,2500,78
Maharashtra,Pune,Junnar(Narayangaon) APMC,Tomato,Local,Local,26/12/2025,2500,4000,3500,78
Maharashtra,Pune,Junnar(Narayangaon) APMC,Tomato,Local,Local,06/01/2026,2000,3500,3000,78
Maharashtra,Pune,Junnar(Narayangaon) APMC,Tomato,Local,Local,13/01/2026,1000,2500,2000,78
Maharashtra,Pune,Junnar(Narayangaon) APMC,Tomato,Local,Local,26/01/2026,500,1750,1500,78
Maharashtra,Pune,Junnar(Narayangaon) APMC,Tomato,Local,Local,05/02/2026,250,1250,750,78
Maharashtra,Pune,Junnar(Narayangaon) APMC,Tomato,Local,Local,11/02/2026,500,1250,1000,78
Maharashtra,Pune,Junnar(Narayangaon) APMC,Tomato,Local,Local,12/02/2026,500,1500,1000,78
Maharashtra,Pune,Junnar(Narayangaon) APMC,Tomato,Local,Local,13/02/2026,750,1750,1250,78
Maharashtra,Pune,Junnar(Narayangaon) APMC,Tomato,Local,Local,17/02/2026,750,1500,1000,78
Maharashtra,Pune,Junnar(Narayangaon) APMC,Tomato,Local,Local,18/02/2026,500,1250,1000,78
Maharashtra,Pune,Junnar(Narayangaon) APMC,Tomato,Local,Local,19/02/2026,500,1250,1000,78
Maharashtra,Pune,Junnar(Narayangaon) APMC,Tomato,Local,Local,01/11/2025,750,1500,1000,78
Maharashtra,Pune,Junnar(Narayangaon) APMC,Tomato,Local,Local,03/11/2025,750,1500,1000,78
Maharashtra,Pune,Junnar(Narayangaon) APMC,Tomato,Local,Local,05/11/2025,750,1500,1000,78
Maharashtra,Pune,Junnar(Narayangaon) APMC,Tomato,Local,Local,29/12/2025,2500,4000,3500,78
Maharashtra,Pune,Junnar(Narayangaon) APMC,Tomato,Local,Local,05/12/2025,2500,4000,3500,78
Maharashtra,Pune,Junnar(Narayangaon) APMC,Tomato,Local,Local,21/01/2026,500,1750,1250,78
Maharashtra,Pune,Junnar(Narayangaon) APMC,Tomato,Local,Local,24/01/2026,750,2000,1500,78
Maharashtra,Pune,Junnar(Narayangaon) APMC,Tomato,Local,Local,08/01/2026,750,2000,1500,78
Maharashtra,Pune,Junnar(Narayangaon) APMC,Tomato,Local,Local,14/01/2026,1000,2500,2000,78
Maharashtra,Pune,Junnar(Narayangaon) APMC,Tomato,Local,Local,18/01/2026,1000,2750,2000,78
Maharashtra,Pune,Junnar(Narayangaon) APMC,Tomato,Local,Local,28/12/2025,2500,4000,3500,78
Maharashtra,Pune,Junnar(Narayangaon) APMC,Tomato,Local,Local,07/12/2025,2000,3250,2500,78
Maharashtra,Pune,Junnar(Narayangaon) APMC,Tomato,Local,Local,15/01/2026,1500,3000,2500,78
Maharashtra,Pune,Junnar(Narayangaon) APMC,Tomato,Local,Local,16/01/2026,1000,2500,2000,78
Maharashtra,Pune,Junnar(Narayangaon) APMC,Tomato,Local,Local,11/01/2026,1000,2500,2000,78
Maharashtra,Pune,Junnar(Narayangaon) APMC,Tomato,Local,Local,01/01/2026,2000,3500,3000,78
Maharashtra,Pune,Junnar(Narayangaon) APMC,Tomato,Local,Local,09/01/2026,750,2000,1500,78
Maharashtra,Pune,Junnar(Narayangaon) APMC,Tomato,Local,Local,04/01/2026,2000,3500,3000,78
Maharashtra,Pune,Junnar(Narayangaon) APMC,Tomato,Local,Local,30/01/2026,500,1500,1000,78
Maharashtra,Pune,Junnar(Narayangaon) APMC,Tomato,Local,Local,31/01/2026,500,1250,750,78
Maharashtra,Pune,Junnar(Narayangaon) APMC,Tomato,Local,Local,01/02/2026,250,1250,750,78
Maharashtra,Pune,Junnar(Narayangaon) APMC,Tomato,Local,Local,09/02/2026,750,1750,1250,78
Maharashtra,Pune,Junnar(Narayangaon) APMC,Tomato,Local,Local,15/02/2026,750,1750,1250,78
Maharashtra,Pune,Junnar(Narayangaon) APMC,Tomato,Local,Local,08/12/2025,1500,2500,2000,78
Maharashtra,Pune,Junnar(Narayangaon) APMC,Tomato,Local,Local,04/12/2025,1500,3000,2500,78
Maharashtra,Pune,Junnar(Narayangaon) APMC,Tomato,Local,Local,21/12/2025,3000,4000,3500,78
Maharashtra,Pune,Junnar(Narayangaon) APMC,Tomato,Local,Local,12/12/2025,2500,4000,3000,78
Maharashtra,Pune,Junnar(Narayangaon) APMC,Tomato,Local,Local,31/12/2025,1500,3000,2500,78
Maharashtra,Pune,Junnar(Narayangaon) APMC,Tomato,Local,Local,15/12/2025,3000,4500,4000,78
Maharashtra,Pune,Junnar(Narayangaon) APMC,Tomato,Local,Local,12/01/2026,1000,2500,2000,78
Maharashtra,Pune,Junnar(Narayangaon) APMC,Tomato,Local,Local,02/01/2026,2000,3500,3000,78
Maharashtra,Pune,Junnar(Narayangaon) APMC,Tomato,Local,Local,07/02/2026,250,1250,750,78
Maharashtra,Pune,Junnar(Narayangaon) APMC,Tomato,Local,Local,08/02/2026,750,1750,1250,78
Maharashtra,Pune,Junnar(Otur),Tomato,Local,FAQ,01/05/2024,500,700,600,78
Maharashtra,Pune,Junnar(Otur),Tomato,Local,FAQ,05/01/2024,500,2000,1400,78
Maharashtra,Pune,Junnar(Otur),Tomato,Local,FAQ,16/01/2024,1000,2000,1500,78
Maharashtra,Pune,Junnar(Otur),Tomato,Local,FAQ,19/03/2024,1000,1500,1200,78
Maharashtra,Pune,Junnar(Otur),Tomato,Local,FAQ,01/04/2024,250,500,400,78
Maharashtra,Pune,Junnar(Otur),Tomato,Local,FAQ,07/09/2024,500,1100,800,78
Maharashtra,Pune,Junnar(Otur),Tomato,Local,FAQ,11/07/2022,500,1500,1000,78
Maharashtra,Pune,Junnar(Otur),Tomato,Local,FAQ,01/12/2024,1000,1500,1200,78
Maharashtra,Pune,Junnar(Otur),Tomato,Local,Local,29/06/2025,1000,2100,1550,78
Maharashtra,Pune,Junnar(Otur),Tomato,Local,Local,12/07/2025,100,200,150,78
Maharashtra,Pune,Junnar(Otur),Tomato,Local,FAQ,19/12/2023,1000,2210,1600,78
Maharashtra,Pune,Junnar(Otur),Tomato,Local,Local,24/05/2025,100,250,150,78
Maharashtra,Pune,Junnar(Otur),Tomato,Local,FAQ,07/12/2024,1500,3510,2510,78
Maharashtra,Pune,Junnar(Otur),Tomato,Local,FAQ,20/05/2024,500,750,600,78
Maharashtra,Pune,Junnar(Otur),Tomato,Local,FAQ,13/01/2024,1000,4000,2500,78
Maharashtra,Pune,Junnar(Otur),Tomato,Local,FAQ,26/03/2024,500,1255,1000,78
Maharashtra,Pune,Junnar(Otur),Tomato,Local,FAQ,07/07/2024,1000,4000,3000,78
Maharashtra,Pune,Junnar(Otur),Tomato,Local,FAQ,28/06/2022,500,1400,950,78
Maharashtra,Pune,Junnar(Otur),Tomato,Local,FAQ,08/07/2022,500,1000,800,78
Maharashtra,Pune,Junnar(Otur),Tomato,Local,FAQ,02/12/2024,1000,1500,1200,78
Maharashtra,Pune,Junnar(Otur),Tomato,Local,FAQ,06/01/2025,250,750,600,78
Maharashtra,Pune,Junnar(Otur),Tomato,Local,Local,15/04/2025,100,700,550,78
Maharashtra,Pune,Junnar(Otur),Tomato,Local,Local,16/05/2025,500,1000,750,78
Maharashtra,Pune,Junnar(Otur),Tomato,Local,FAQ,30/01/2024,250,500,400,78
Maharashtra,Pune,Junnar(Otur),Tomato,Local,FAQ,27/02/2024,1000,1500,1200,78
Maharashtra,Pune,Junnar(Otur),Tomato,Local,FAQ,15/04/2024,250,500,400,78
Maharashtra,Pune,Junnar(Otur),Tomato,Local,FAQ,23/01/2024,1000,5000,3000,78
Maharashtra,Pune,Junnar(Otur),Tomato,Local,FAQ,24/02/2024,250,800,500,78
Maharashtra,Pune,Junnar(Otur),Tomato,Local,FAQ,18/03/2024,500,1550,1000,78
Maharashtra,Pune,Junnar(Otur),Tomato,Local,Local,15/06/2025,1000,2000,1500,78
Maharashtra,Pune,Junnar(Otur),Tomato,Local,Local,10/06/2025,1000,1500,1250,78
Maharashtra,Pune,Junnar(Otur),Tomato,Local,Local,29/09/2025,250,600,400,78
Maharashtra,Pune,Junnar(Otur),Tomato,Local,FAQ,08/12/2024,500,1500,1200,78
Maharashtra,Pune,Junnar(Otur),Tomato,Local,FAQ,16/12/2024,750,1000,800,78
Maharashtra,Pune,Junnar(Otur),Tomato,Local,FAQ,29/12/2024,250,750,550,78
Maharashtra,Pune,Junnar(Otur),Tomato,Local,FAQ,28/01/2024,250,750,550,78
Maharashtra,Pune,Junnar(Otur),Tomato,Local,FAQ,11/03/2024,500,1400,1000,78
Maharashtra,Pune,Junnar(Otur),Tomato,Local,FAQ,13/03/2024,500,2050,1500,78
Maharashtra,Pune,Junnar(Otur),Tomato,Local,FAQ,16/03/2024,500,1600,1000,78
Maharashtra,Pune,Junnar(Otur),Tomato,Local,FAQ,16/11/2024,1000,1750,1500,78
Maharashtra,Pune,Junnar(Otur),Tomato,Local,Local,12/05/2025,1000,2000,1500,78
Maharashtra,Pune,Junnar(Otur),Tomato,Local,Local,28/05/2025,500,2500,1500,78
Maharashtra,Pune,Junnar(Otur),Tomato,Local,FAQ,27/06/2022,2000,6000,4000,78
Maharashtra,Pune,Junnar(Otur),Tomato,Local,FAQ,29/06/2022,500,3000,2000,78
Maharashtra,Pune,Junnar(Otur),Tomato,Local,Local,01/06/2025,1000,2500,1750,78
Maharashtra,Pune,Junnar(Otur),Tomato,Local,Local,21/06/2025,100,200,150,78
Maharashtra,Pune,Junnar(Otur),Tomato,Local,FAQ,20/02/2024,500,1000,800,78
Maharashtra,Pune,Junnar(Otur),Tomato,Local,FAQ,01/03/2024,500,1000,800,78
Maharashtra,Pune,Junnar(Otur),Tomato,Local,FAQ,17/03/2024,500,1450,900,78
Maharashtra,Pune,Junnar(Otur),Tomato,Local,FAQ,15/12/2024,750,1000,800,78
Maharashtra,Pune,Junnar(Otur),Tomato,Local,Local,24/03/2025,200,755,450,78
Maharashtra,Pune,Junnar(Otur),Tomato,Local,Local,28/06/2025,500,1250,800,78
Maharashtra,Pune,Junnar(Otur),Tomato,Local,FAQ,25/06/2022,1000,3250,2150,78
Maharashtra,Pune,Junnar(Otur),Tomato,Local,FAQ,26/06/2022,1000,3990,2500,78
Maharashtra,Pune,Junnar(Otur),Tomato,Local,FAQ,03/07/2022,500,1000,750,78
Maharashtra,Pune,Junnar(Otur),Tomato,Local,FAQ,04/07/2022,500,1000,750,78
Maharashtra,Pune,Khed(Chakan),Tomato,Other,FAQ,06/07/2024,3000,6000,4500,78
Maharashtra,Pune,Khed(Chakan),Tomato,Other,FAQ,16/07/2024,5000,7000,6000,78
Maharashtra,Pune,Khed(Chakan),Tomato,Other,FAQ,17/07/2024,5000,7000,6000,78
Maharashtra,Pune,Khed(Chakan),Tomato,Other,FAQ,18/07/2024,4000,6500,5500,78
Maharashtra,Pune,Khed(Chakan),Tomato,Other,FAQ,19/07/2024,4000,6000,5000,78
Maharashtra,Pune,Khed(Chakan),Tomato,Other,FAQ,01/08/2024,1000,2000,1200,78
Maharashtra,Pune,Khed(Chakan),Tomato,Other,FAQ,06/08/2024,1000,2000,1500,78
Maharashtra,Pune,Khed(Chakan),Tomato,Other,FAQ,10/08/2024,1500,2500,2000,78
Maharashtra,Pune,Khed(Chakan),Tomato,Other,FAQ,11/08/2024,1500,3000,2500,78
Maharashtra,Pune,Khed(Chakan),Tomato,Other,FAQ,14/08/2024,1500,2500,2000,78
Maharashtra,Pune,Khed(Chakan),Tomato,Other,FAQ,20/08/2024,2000,3000,2500,78
Maharashtra,Pune,Khed(Chakan),Tomato,Other,FAQ,25/08/2024,1000,2000,1500,78
Maharashtra,Pune,Khed(Chakan),Tomato,Other,FAQ,09/05/2024,1000,1500,1200,78
Maharashtra,Pune,Khed(Chakan),Tomato,Other,FAQ,15/05/2024,800,1200,1000,78
Maharashtra,Pune,Khed(Chakan),Tomato,Other,FAQ,24/05/2024,1000,2000,1500,78
Maharashtra,Pune,Khed(Chakan),Tomato,Other,FAQ,30/05/2024,1500,2000,1800,78
Maharashtra,Pune,Khed(Chakan),Tomato,Other,FAQ,04/01/2024,1000,2500,1500,78
Maharashtra,Pune,Khed(Chakan),Tomato,Other,FAQ,10/01/2024,1500,2500,2000,78
Maharashtra,Pune,Khed(Chakan),Tomato,Other,FAQ,30/01/2024,2000,3000,2500,78
Maharashtra,Pune,Khed(Chakan),Tomato,Other,FAQ,02/02/2024,2000,3000,2500,78
Maharashtra,Pune,Khed(Chakan),Tomato,Other,FAQ,03/02/2024,3000,4000,3500,78
Maharashtra,Pune,Khed(Chakan),Tomato,Other,FAQ,04/02/2024,2000,3000,2500,78
Maharashtra,Pune,Khed(Chakan),Tomato,Other,FAQ,11/02/2024,1500,2500,2000,78
Maharashtra,Pune,Khed(Chakan),Tomato,Other,FAQ,14/02/2024,1500,2500,2500,78
Maharashtra,Pune,Khed(Chakan),Tomato,Other,FAQ,16/02/2024,1000,2000,1500,78
Maharashtra,Pune,Khed(Chakan),Tomato,Other,FAQ,01/03/2024,1000,2000,1500,78
Maharashtra,Pune,Khed(Chakan),Tomato,Other,FAQ,02/03/2024,1000,1500,1200,78
Maharashtra,Pune,Khed(Chakan),Tomato,Other,FAQ,20/03/2024,800,1200,1000,78
Maharashtra,Pune,Khed(Chakan),Tomato,Other,FAQ,23/03/2024,500,1500,1000,78
Maharashtra,Pune,Khed(Chakan),Tomato,Other,FAQ,31/03/2024,500,1000,800,78
Maharashtra,Pune,Khed(Chakan),Tomato,Other,FAQ,24/04/2024,800,1200,1000,78
Maharashtra,Pune,Khed(Chakan),Tomato,Other,FAQ,23/03/2021,500,1000,750,78
Maharashtra,Pune,Khed(Chakan),Tomato,Other,FAQ,24/03/2021,400,800,600,78
Maharashtra,Pune,Khed(Chakan),Tomato,Other,FAQ,20/04/2021,600,1000,800,78
Maharashtra,Pune,Khed(Chakan),Tomato,Other,FAQ,28/04/2021,500,1500,750,78
Maharashtra,Pune,Khed(Chakan),Tomato,Other,FAQ,11/05/2021,500,1000,750,78
Maharashtra,Pune,Khed(Chakan),Tomato,Other,FAQ,20/05/2021,500,1000,750,78
Maharashtra,Pune,Khed(Chakan),Tomato,Other,FAQ,24/05/2021,700,1500,1000,78
Maharashtra,Pune,Khed(Chakan),Tomato,Other,FAQ,28/05/2021,500,1000,750,78
Maharashtra,Pune,Khed(Chakan),Tomato,Other,FAQ,01/06/2021,500,1000,750,78
Maharashtra,Pune,Khed(Chakan),Tomato,Other,FAQ,09/06/2021,500,1000,750,78
Maharashtra,Pune,Khed(Chakan),Tomato,Other,FAQ,13/06/2021,400,800,600,78
Maharashtra,Pune,Khed(Chakan),Tomato,Other,FAQ,17/06/2021,500,1000,800,78
Maharashtra,Pune,Khed(Chakan),Tomato,Other,FAQ,22/06/2021,500,1000,750,78
Maharashtra,Pune,Khed(Chakan),Tomato,Other,FAQ,23/06/2021,500,700,600,78
Maharashtra,Pune,Khed(Chakan),Tomato,Other,FAQ,24/06/2021,400,800,600,78
Maharashtra,Pune,Khed(Chakan),Tomato,Other,FAQ,26/06/2021,400,800,600,78
Maharashtra,Pune,Khed(Chakan),Tomato,Other,FAQ,07/07/2021,400,800,600,78
Maharashtra,Pune,Khed(Chakan),Tomato,Other,FAQ,08/07/2021,400,800,600,78
Maharashtra,Pune,Khed(Chakan),Tomato,Other,FAQ,09/07/2021,800,1200,1000,78
Maharashtra,Pune,Khed(Chakan),Tomato,Other,FAQ,10/07/2021,600,1200,900,78
Maharashtra,Pune,Khed(Chakan),Tomato,Other,FAQ,11/07/2021,500,1000,750,78
Maharashtra,Pune,Khed(Chakan),Tomato,Other,FAQ,24/07/2021,500,1000,750,78
Maharashtra,Pune,Khed(Chakan),Tomato,Other,FAQ,03/08/2021,600,1200,800,78
Maharashtra,Pune,Khed(Chakan),Tomato,Other,FAQ,04/08/2021,800,1400,1200,78
Maharashtra,Pune,Khed(Chakan),Tomato,Other,FAQ,07/08/2021,800,1400,1100,78
Maharashtra,Pune,Khed(Chakan),Tomato,Other,FAQ,11/08/2021,600,1200,900,78
Maharashtra,Pune,Khed(Chakan),Tomato,Other,FAQ,27/08/2021,400,800,600,78
Maharashtra,Pune,Khed(Chakan),Tomato,Other,FAQ,31/08/2021,500,800,650,78
Maharashtra,Pune,Khed(Chakan),Tomato,Other,FAQ,29/09/2021,1500,2500,2000,78
Maharashtra,Pune,Khed(Chakan),Tomato,Other,FAQ,30/09/2021,2000,3000,2500,78
Maharashtra,Pune,Khed(Chakan),Tomato,Other,FAQ,03/10/2021,2500,3500,3000,78
Maharashtra,Pune,Khed(Chakan),Tomato,Other,FAQ,07/10/2021,2000,3000,2500,78
Maharashtra,Pune,Khed(Chakan),Tomato,Other,FAQ,08/10/2021,2500,3500,3000,78
Maharashtra,Pune,Khed(Chakan),Tomato,Other,FAQ,12/10/2021,2000,3000,2500,78
Maharashtra,Pune,Khed(Chakan),Tomato,Other,FAQ,15/10/2021,2000,4000,3000,78
Maharashtra,Pune,Khed(Chakan),Tomato,Other,FAQ,29/10/2021,2500,3500,3000,78
Maharashtra,Pune,Khed(Chakan),Tomato,Other,FAQ,04/11/2021,2000,3000,2500,78
Maharashtra,Pune,Khed(Chakan),Tomato,Other,FAQ,05/11/2021,3000,4000,3500,78
Maharashtra,Pune,Khed(Chakan),Tomato,Other,FAQ,10/11/2021,2000,3000,2500,78
Maharashtra,Pune,Khed(Chakan),Tomato,Other,FAQ,19/11/2021,3500,4500,4000,78
Maharashtra,Pune,Khed(Chakan),Tomato,Other,FAQ,02/12/2021,3000,4000,3500,78
Maharashtra,Pune,Khed(Chakan),Tomato,Other,FAQ,25/12/2021,2000,3000,2500,78
Maharashtra,Pune,Khed(Chakan),Tomato,Other,FAQ,28/12/2021,2500,3500,3000,78
Maharashtra,Pune,Khed(Chakan),Tomato,Other,FAQ,30/12/2021,2000,3000,2500,78
Maharashtra,Pune,Khed(Chakan),Tomato,Other,FAQ,01/01/2025,500,1200,850,78
Maharashtra,Pune,Khed(Chakan),Tomato,Other,FAQ,09/01/2025,500,1500,1000,78
Maharashtra,Pune,Khed(Chakan),Tomato,Other,FAQ,22/01/2025,500,1000,800,78
Maharashtra,Pune,Khed(Chakan),Tomato,Other,FAQ,02/01/2025,500,1000,800,78
Maharashtra,Pune,Khed(Chakan),Tomato,Other,FAQ,19/01/2025,500,1500,1000,78
Maharashtra,Pune,Khed(Chakan),Tomato,Other,FAQ,23/01/2025,500,1500,1000,78
Maharashtra,Pune,Khed(Chakan),Tomato,Other,Local,30/01/2025,500,1000,700,78
Maharashtra,Pune,Khed(Chakan),Tomato,Other,FAQ,03/09/2024,2000,3000,2500,78
Maharashtra,Pune,Khed(Chakan),Tomato,Other,FAQ,13/09/2024,1000,2000,1500,78
Maharashtra,Pune,Khed(Chakan),Tomato,Other,FAQ,21/09/2024,2500,3500,3000,78
Maharashtra,Pune,Khed(Chakan),Tomato,Other,FAQ,26/09/2024,2000,3000,2500,78
Maharashtra,Pune,Khed(Chakan),Tomato,Other,FAQ,15/06/2024,3500,5500,4500,78
Maharashtra,Pune,Khed(Chakan),Tomato,Other,FAQ,26/06/2024,3500,5000,4000,78
Maharashtra,Pune,Khed(Chakan),Tomato,Other,FAQ,11/06/2024,2500,3500,3000,78
Maharashtra,Pune,Khed(Chakan),Tomato,Other,FAQ,18/06/2024,3000,5000,4000,78
Maharashtra,Pune,Khed(Chakan),Tomato,Other,FAQ,15/07/2022,1000,2000,1500,78
Maharashtra,Pune,Khed(Chakan),Tomato,Other,FAQ,02/08/2022,1000,1500,1250,78
Maharashtra,Pune,Khed(Chakan),Tomato,Other,FAQ,06/08/2022,800,1200,1000,78
Maharashtra,Pune,Khed(Chakan),Tomato,Other,FAQ,07/08/2022,1000,2000,1500,78
Maharashtra,Pune,Khed(Chakan),Tomato,Other,FAQ,14/08/2022,1000,1600,1300,78
Maharashtra,Pune,Khed(Chakan),Tomato,Other,FAQ,19/08/2022,1000,1500,1350,78
Maharashtra,Pune,Khed(Chakan),Tomato,Other,FAQ,24/08/2022,800,1400,1100,78
Maharashtra,Pune,Khed(Chakan),Tomato,Other,FAQ,25/08/2022,700,1300,1000,78
Maharashtra,Pune,Khed(Chakan),Tomato,Other,FAQ,03/09/2022,500,1000,750,78
Maharashtra,Pune,Khed(Chakan),Tomato,Other,FAQ,04/09/2022,1000,2000,1500,78
Maharashtra,Pune,Khed(Chakan),Tomato,Other,FAQ,07/09/2022,1000,1500,1200,78
Maharashtra,Pune,Khed(Chakan),Tomato,Other,FAQ,08/09/2022,1000,1500,1250,78
Maharashtra,Pune,Khed(Chakan),Tomato,Other,FAQ,09/09/2022,1000,1500,1250,78
Maharashtra,Pune,Khed(Chakan),Tomato,Other,FAQ,13/09/2022,1000,2000,1500,78
Maharashtra,Pune,Khed(Chakan),Tomato,Other,FAQ,17/09/2022,1000,2000,1500,78
Maharashtra,Pune,Khed(Chakan),Tomato,Other,FAQ,22/09/2022,2000,3000,2500,78
Maharashtra,Pune,Khed(Chakan),Tomato,Other,FAQ,23/09/2022,2000,3000,2500,78
Maharashtra,Pune,Khed(Chakan),Tomato,Other,FAQ,29/09/2022,1500,2500,2000,78
Maharashtra,Pune,Khed(Chakan),Tomato,Other,FAQ,07/10/2022,2500,3500,3000,78
Maharashtra,Pune,Khed(Chakan),Tomato,Other,FAQ,19/10/2022,3000,4000,3500,78
Maharashtra,Pune,Khed(Chakan),Tomato,Other,FAQ,20/10/2022,2000,3000,2500,78
Maharashtra,Pune,Khed(Chakan),Tomato,Other,FAQ,22/10/2022,2500,3500,3000,78
Maharashtra,Pune,Khed(Chakan),Tomato,Other,FAQ,01/11/2022,1000,2000,1500,78
Maharashtra,Pune,Khed(Chakan),Tomato,Other,FAQ,04/11/2022,1500,2500,2000,78
Maharashtra,Pune,Khed(Chakan),Tomato,Other,FAQ,06/11/2022,1000,2000,1500,78
Maharashtra,Pune,Khed(Chakan),Tomato,Other,FAQ,13/11/2022,800,1200,1000,78
Maharashtra,Pune,Khed(Chakan),Tomato,Other,FAQ,24/11/2022,500,900,700,78
Maharashtra,Pune,Khed(Chakan),Tomato,Other,FAQ,01/12/2022,800,1200,1000,78
Maharashtra,Pune,Khed(Chakan),Tomato,Other,FAQ,22/12/2022,500,1000,750,78
Maharashtra,Pune,Khed(Chakan),Tomato,Other,FAQ,30/12/2022,700,1000,800,78
Maharashtra,Pune,Khed(Chakan),Tomato,Other,FAQ,07/01/2022,1000,2000,1500,78
Maharashtra,Pune,Khed(Chakan),Tomato,Other,FAQ,15/01/2022,1500,2500,2000,78
Maharashtra,Pune,Khed(Chakan),Tomato,Other,FAQ,18/01/2022,1000,2000,1500,78
Maharashtra,Pune,Khed(Chakan),Tomato,Other,FAQ,19/01/2022,800,1500,1000,78
Maharashtra,Pune,Khed(Chakan),Tomato,Other,FAQ,21/01/2022,1000,2000,1500,78
Maharashtra,Pune,Khed(Chakan),Tomato,Other,FAQ,22/01/2022,1000,2000,1500,78
Maharashtra,Pune,Khed(Chakan),Tomato,Other,FAQ,25/01/2022,1500,2500,2000,78
Maharashtra,Pune,Khed(Chakan),Tomato,Other,FAQ,11/02/2022,1000,2000,1500,78
Maharashtra,Pune,Khed(Chakan),Tomato,Other,FAQ,16/02/2022,1000,1600,1400,78
Maharashtra,Pune,Khed(Chakan),Tomato,Other,FAQ,22/02/2022,1000,1500,1250,78
Maharashtra,Pune,Khed(Chakan),Tomato,Other,FAQ,23/02/2022,1000,2000,1500,78
Maharashtra,Pune,Khed(Chakan),Tomato,Other,FAQ,24/02/2022,800,1200,1000,78
Maharashtra,Pune,Khed(Chakan),Tomato,Other,FAQ,03/03/2022,500,1500,1000,78
Maharashtra,Pune,Khed(Chakan),Tomato,Other,FAQ,05/03/2022,1000,1500,1250,78
Maharashtra,Pune,Khed(Chakan),Tomato,Other,FAQ,06/03/2022,1000,1200,1100,78
Maharashtra,Pune,Khed(Chakan),Tomato,Other,FAQ,09/03/2022,800,1200,1000,78
Maharashtra,Pune,Khed(Chakan),Tomato,Other,FAQ,13/03/2022,1000,1600,1300,78
Maharashtra,Pune,Khed(Chakan),Tomato,Other,FAQ,20/03/2022,1000,2000,1500,78
Maharashtra,Pune,Khed(Chakan),Tomato,Other,FAQ,24/03/2022,1000,2000,1500,78
Maharashtra,Pune,Khed(Chakan),Tomato,Other,FAQ,09/04/2022,1000,1500,1250,78
Maharashtra,Pune,Khed(Chakan),Tomato,Other,FAQ,12/04/2022,800,1300,1000,78
Maharashtra,Pune,Khed(Chakan),Tomato,Other,FAQ,03/05/2022,2000,3500,2500,78
Maharashtra,Pune,Khed(Chakan),Tomato,Other,FAQ,04/05/2022,2500,3500,3000,78
Maharashtra,Pune,Khed(Chakan),Tomato,Other,FAQ,05/05/2022,2000,4000,3000,78
Maharashtra,Pune,Khed(Chakan),Tomato,Other,FAQ,08/05/2022,3500,4500,4000,78
Maharashtra,Pune,Khed(Chakan),Tomato,Other,FAQ,14/05/2022,1500,2500,2000,78
Maharashtra,Pune,Khed(Chakan),Tomato,Other,FAQ,22/05/2022,5000,6000,5500,78
Maharashtra,Pune,Khed(Chakan),Tomato,Other,FAQ,25/05/2022,4000,5000,4500,78
Maharashtra,Pune,Khed(Chakan),Tomato,Other,FAQ,26/05/2022,3500,4500,4000,78
Maharashtra,Pune,Khed(Chakan),Tomato,Other,FAQ,27/05/2022,4000,5000,4500,78
Maharashtra,Pune,Khed(Chakan),Tomato,Other,FAQ,29/05/2022,4000,5000,4500,78
Maharashtra,Pune,Khed(Chakan),Tomato,Other,FAQ,02/06/2022,4000,5000,4500,78
Maharashtra,Pune,Khed(Chakan),Tomato,Other,FAQ,07/06/2022,4000,5000,4500,78
Maharashtra,Pune,Khed(Chakan),Tomato,Other,FAQ,11/06/2022,3000,5000,4000,78
Maharashtra,Pune,Khed(Chakan),Tomato,Other,FAQ,16/06/2022,3000,4000,3500,78
Maharashtra,Pune,Khed(Chakan),Tomato,Other,FAQ,17/06/2022,3000,4500,3500,78
Maharashtra,Pune,Khed(Chakan),Tomato,Other,FAQ,18/06/2022,3000,4000,3500,78
Maharashtra,Pune,Khed(Chakan),Tomato,Other,FAQ,19/06/2022,4000,5000,4500,78
Maharashtra,Pune,Khed(Chakan),Tomato,Other,Local,04/03/2025,800,1200,1000,78
Maharashtra,Pune,Khed(Chakan),Tomato,Other,Local,09/03/2025,1000,1300,1200,78
Maharashtra,Pune,Khed(Chakan),Tomato,Other,Local,18/03/2025,600,1000,800,78
Maharashtra,Pune,Khed(Chakan),Tomato,Other,Local,19/03/2025,800,1200,1000,78
Maharashtra,Pune,Khed(Chakan),Tomato,Other,Local,23/03/2025,600,1200,1000,78
Maharashtra,Pune,Khed(Chakan),Tomato,Other,Local,25/03/2025,500,1000,700,78
Maharashtra,Pune,Khed(Chakan),Tomato,Other,Local,27/03/2025,500,1000,700,78
Maharashtra,Pune,Khed(Chakan),Tomato,Other,FAQ,23/11/2024,2000,3000,2500,78
Maharashtra,Pune,Khed(Chakan),Tomato,Other,FAQ,28/11/2024,2000,3000,2500,78
Maharashtra,Pune,Khed(Chakan),Tomato,Other,Local,21/02/2025,800,1300,1050,78
Maharashtra,Pune,Khed(Chakan),Tomato,Other,Local,22/02/2025,800,1200,1000,78
Maharashtra,Pune,Khed(Chakan),Tomato,Other,FAQ,01/12/2024,2500,3500,3000,78
Maharashtra,Pune,Khed(Chakan),Tomato,Other,FAQ,19/12/2024,1000,2000,1500,78
Maharashtra,Pune,Khed(Chakan),Tomato,Other,FAQ,21/12/2024,1500,2500,2000,78
Maharashtra,Pune,Khed(Chakan),Tomato,Other,FAQ,26/12/2024,1000,2000,1500,78
Maharashtra,Pune,Khed(Chakan),Tomato,Other,FAQ,28/12/2024,800,1200,1000,78
Maharashtra,Pune,Khed(Chakan),Tomato,Other,Local,06/06/2025,1200,2000,1600,78
Maharashtra,Pune,Khed(Chakan),Tomato,Other,Local,15/06/2025,2000,3000,2500,78
Maharashtra,Pune,Khed(Chakan),Tomato,Other,Local,17/06/2025,1500,2500,2000,78
Maharashtra,Pune,Khed(Chakan),Tomato,Other,Local,01/07/2025,1000,1800,1500,78
Maharashtra,Pune,Khed(Chakan),Tomato,Other,Local,11/07/2025,1000,1500,1200,78
Maharashtra,Pune,Khed(Chakan),Tomato,Other,Local,12/07/2025,1500,2500,2000,78
Maharashtra,Pune,Khed(Chakan),Tomato,Other,Local,25/07/2025,2500,3500,3000,78
Maharashtra,Pune,Khed(Chakan),Tomato,Other,Local,24/04/2025,700,1200,1000,78
Maharashtra,Pune,Khed(Chakan),Tomato,Other,Local,05/04/2025,600,1000,800,78
Maharashtra,Pune,Khed(Chakan),Tomato,Other,Local,11/04/2025,800,1400,1200,78
Maharashtra,Pune,Khed(Chakan),Tomato,Other,FAQ,29/10/2024,1500,2500,2000,78
Maharashtra,Pune,Khed(Chakan),Tomato,Other,FAQ,11/10/2024,4000,5000,4500,78
Maharashtra,Pune,Khed(Chakan),Tomato,Other,FAQ,16/10/2024,3000,5000,4000,78
Maharashtra,Pune,Khed(Chakan),Tomato,Other,FAQ,19/10/2024,3000,5000,4000,78
Maharashtra,Pune,Khed(Chakan),Tomato,Other,FAQ,22/10/2024,3000,5000,4000,78
Maharashtra,Pune,Khed(Chakan),Tomato,Other,FAQ,25/10/2024,3000,5000,4000,78
Maharashtra,Pune,Khed(Chakan),Tomato,Other,FAQ,21/01/2023,800,1200,1000,78
Maharashtra,Pune,Khed(Chakan),Tomato,Other,FAQ,09/02/2023,600,1000,800,78
Maharashtra,Pune,Khed(Chakan),Tomato,Other,FAQ,11/02/2023,800,1200,1000,78
Maharashtra,Pune,Khed(Chakan),Tomato,Other,FAQ,16/02/2023,800,1200,1000,78
Maharashtra,Pune,Khed(Chakan),Tomato,Other,FAQ,21/02/2023,1000,1600,1300,78
Maharashtra,Pune,Khed(Chakan),Tomato,Other,FAQ,26/02/2023,1000,1500,1250,78
Maharashtra,Pune,Khed(Chakan),Tomato,Other,FAQ,03/03/2023,1000,2500,1200,78
Maharashtra,Pune,Khed(Chakan),Tomato,Other,FAQ,04/03/2023,1000,1500,1250,78
Maharashtra,Pune,Khed(Chakan),Tomato,Other,FAQ,06/03/2023,1000,1500,1250,78
Maharashtra,Pune,Khed(Chakan),Tomato,Other,FAQ,08/03/2023,1000,1500,1250,78
Maharashtra,Pune,Khed(Chakan),Tomato,Other,FAQ,14/03/2023,1000,1500,1250,78
Maharashtra,Pune,Khed(Chakan),Tomato,Other,FAQ,17/03/2023,1200,1800,1500,78
Maharashtra,Pune,Khed(Chakan),Tomato,Other,FAQ,26/03/2023,1000,2000,1500,78
Maharashtra,Pune,Khed(Chakan),Tomato,Other,FAQ,01/04/2023,1000,2000,1500,78
Maharashtra,Pune,Khed(Chakan),Tomato,Other,FAQ,04/04/2023,1000,1500,1250,78
Maharashtra,Pune,Khed(Chakan),Tomato,Other,FAQ,06/04/2023,1000,1500,1250,78
Maharashtra,Pune,Khed(Chakan),Tomato,Other,FAQ,07/04/2023,1000,1500,1250,78
Maharashtra,Pune,Khed(Chakan),Tomato,Other,FAQ,08/04/2023,1000,1500,1250,78
Maharashtra,Pune,Khed(Chakan),Tomato,Other,FAQ,11/04/2023,1000,1500,1250,78
Maharashtra,Pune,Khed(Chakan),Tomato,Other,FAQ,19/04/2023,800,1200,1000,78
Maharashtra,Pune,Khed(Chakan),Tomato,Other,FAQ,21/04/2023,800,1200,1000,78
Maharashtra,Pune,Khed(Chakan),Tomato,Other,FAQ,22/04/2023,1000,1500,1200,78
Maharashtra,Pune,Khed(Chakan),Tomato,Other,FAQ,26/04/2023,800,1200,1000,78
Maharashtra,Pune,Khed(Chakan),Tomato,Other,FAQ,27/04/2023,600,1000,800,78
Maharashtra,Pune,Khed(Chakan),Tomato,Other,FAQ,10/05/2023,500,1000,700,78
Maharashtra,Pune,Khed(Chakan),Tomato,Other,FAQ,11/05/2023,600,800,700,78
Maharashtra,Pune,Khed(Chakan),Tomato,Other,FAQ,13/05/2023,800,1000,900,78
Maharashtra,Pune,Khed(Chakan),Tomato,Other,FAQ,23/05/2023,600,1000,800,78
Maharashtra,Pune,Khed(Chakan),Tomato,Other,FAQ,24/05/2023,600,900,750,78
Maharashtra,Pune,Khed(Chakan),Tomato,Other,FAQ,28/05/2023,600,1000,800,78
Maharashtra,Pune,Khed(Chakan),Tomato,Other,FAQ,04/06/2023,1200,1800,1600,78
Maharashtra,Pune,Khed(Chakan),Tomato,Other,FAQ,07/06/2023,1200,1600,1400,78
Maharashtra,Pune,Khed(Chakan),Tomato,Other,FAQ,11/07/2023,7000,10000,8500,78
Maharashtra,Pune,Khed(Chakan),Tomato,Other,FAQ,13/07/2023,6000,9000,7500,78
Maharashtra,Pune,Khed(Chakan),Tomato,Other,FAQ,18/07/2023,6000,9000,7500,78
Maharashtra,Pune,Khed(Chakan),Tomato,Other,FAQ,25/07/2023,800,1200,1000,78
Maharashtra,Pune,Khed(Chakan),Tomato,Other,FAQ,26/07/2023,6000,9000,7500,78
Maharashtra,Pune,Khed(Chakan),Tomato,Other,FAQ,01/08/2023,800,1000,900,78
Maharashtra,Pune,Khed(Chakan),Tomato,Other,FAQ,04/08/2023,7000,10000,8500,78
Maharashtra,Pune,Khed(Chakan),Tomato,Other,FAQ,18/08/2023,2000,3000,2500,78
Maharashtra,Pune,Khed(Chakan),Tomato,Other,FAQ,19/08/2023,2500,3500,3000,78
Maharashtra,Pune,Khed(Chakan),Tomato,Other,FAQ,22/08/2023,2500,3500,3000,78
Maharashtra,Pune,Khed(Chakan),Tomato,Other,FAQ,14/09/2023,500,1000,700,78
Maharashtra,Pune,Khed(Chakan),Tomato,Other,FAQ,19/09/2023,400,600,500,78
Maharashtra,Pune,Khed(Chakan),Tomato,Other,FAQ,05/10/2023,400,600,500,78
Maharashtra,Pune,Khed(Chakan),Tomato,Other,FAQ,06/10/2023,400,600,500,78
Maharashtra,Pune,Khed(Chakan),Tomato,Other,FAQ,18/10/2023,500,900,700,78
Maharashtra,Pune,Khed(Chakan),Tomato,Other,FAQ,19/10/2023,500,1000,700,78
Maharashtra,Pune,Khed(Chakan),Tomato,Other,FAQ,21/10/2023,400,800,600,78
Maharashtra,Pune,Khed(Chakan),Tomato,Other,FAQ,27/10/2023,600,1200,900,78
Maharashtra,Pune,Khed(Chakan),Tomato,Other,FAQ,28/10/2023,500,1000,700,78
Maharashtra,Pune,Khed(Chakan),Tomato,Other,FAQ,07/11/2023,600,1200,1000,78
Maharashtra,Pune,Khed(Chakan),Tomato,Other,FAQ,08/11/2023,600,1000,800,78
Maharashtra,Pune,Khed(Chakan),Tomato,Other,FAQ,10/11/2023,1000,1500,1250,78
Maharashtra,Pune,Khed(Chakan),Tomato,Other,FAQ,11/11/2023,1000,2000,1500,78
Maharashtra,Pune,Khed(Chakan),Tomato,Other,FAQ,18/11/2023,2000,3000,2500,78
Maharashtra,Pune,Khed(Chakan),Tomato,Other,FAQ,24/11/2023,2000,3000,2500,78
Maharashtra,Pune,Khed(Chakan),Tomato,Other,FAQ,06/12/2023,1500,2500,2000,78
Maharashtra,Pune,Khed(Chakan),Tomato,Other,FAQ,14/12/2023,1000,2000,1500,78
Maharashtra,Pune,Khed(Chakan),Tomato,Other,FAQ,27/12/2023,2000,3000,2500,78
Maharashtra,Pune,Khed(Chakan),Tomato,Other,FAQ,28/12/2023,2000,3000,2500,78
Maharashtra,Pune,Khed(Chakan),Tomato,Other,Local,03/05/2025,800,1400,1100,78
Maharashtra,Pune,Khed(Chakan),Tomato,Other,Local,09/05/2025,600,1200,800,78
Maharashtra,Pune,Khed(Chakan),Tomato,Other,Local,11/05/2025,1000,1400,1200,78
Maharashtra,Pune,Khed(Chakan),Tomato,Other,Local,18/05/2025,1000,1800,1600,78
Maharashtra,Pune,Khed(Chakan),Tomato,Other,Local,21/05/2025,800,1500,1200,78
Maharashtra,Pune,Khed(Chakan),Tomato,Other,Local,04/09/2025,1000,2000,1500,78
Maharashtra,Pune,Khed(Chakan),Tomato,Other,Local,05/09/2025,1000,2000,1500,78
Maharashtra,Pune,Khed(Chakan),Tomato,Other,Local,12/09/2025,800,1500,1000,78
Maharashtra,Pune,Khed(Chakan),Tomato,Other,Local,17/09/2025,800,1200,1000,78
Maharashtra,Pune,Khed(Chakan),Tomato,Other,Local,19/09/2025,700,1200,900,78
Maharashtra,Pune,Khed(Chakan),Tomato,Other,Local,02/09/2025,1000,2000,1500,78
Maharashtra,Pune,Khed(Chakan),Tomato,Other,Local,07/09/2025,800,1500,1200,78
Maharashtra,Pune,Khed(Chakan),Tomato,Other,Local,24/09/2025,1000,1600,1200,78
Maharashtra,Pune,Khed(Chakan),Tomato,Other,Local,02/11/2025,1000,1400,1200,78
Maharashtra,Pune,Khed(Chakan),Tomato,Other,Local,03/10/2025,1500,2500,2000,78
Maharashtra,Pune,Khed(Chakan),Tomato,Other,Local,04/10/2025,1500,2500,2000,78
Maharashtra,Pune,Khed(Chakan),Tomato,Other,Local,12/10/2025,1000,1500,1200,78
Maharashtra,Pune,Khed(Chakan),Tomato,Other,Local,14/10/2025,1000,1800,1400,78
Maharashtra,Pune,Khed(Chakan),Tomato,Other,Local,01/08/2025,3000,4500,3500,78
Maharashtra,Pune,Khed(Chakan),Tomato,Other,Local,19/08/2025,2000,3500,2500,78
Maharashtra,Pune,Khed(Chakan),Tomato,Other,Local,22/08/2025,1500,3000,2250,78
Maharashtra,Pune,Khed(Chakan),Tomato,Other,Local,26/08/2025,1000,2000,1500,78
Maharashtra,Pune,Khed(Chakan),Tomato,Other,Local,28/08/2025,800,1200,1000,78
Maharashtra,Pune,Khed(Chakan),Tomato,Other,Local,04/02/2025,800,1200,1000,78
Maharashtra,Pune,Khed(Chakan),Tomato,Other,Local,05/02/2025,500,1000,750,78
Maharashtra,Pune,Khed(Chakan),Tomato,Other,Local,14/02/2025,500,800,700,78
Maharashtra,Pune,Khed(Chakan),Tomato,Other,Local,19/02/2025,600,1200,900,78
Maharashtra,Pune,Khed(Chakan),Tomato,Other,Local,25/02/2025,800,1200,1000,78
Maharashtra,Pune,Khed(Chakan),Tomato,Other,Local,28/02/2025,600,1200,800,78
Maharashtra,Pune,Khed(Chakan),Tomato,Other,FAQ,06/09/2024,1000,1500,1200,78
Maharashtra,Pune,Khed(Chakan),Tomato,Other,FAQ,07/09/2024,1000,1500,1200,78
Maharashtra,Pune,Khed(Chakan),Tomato,Other,FAQ,10/09/2024,1000,2200,1700,78
Maharashtra,Pune,Khed(Chakan),Tomato,Other,FAQ,11/09/2024,1000,2000,1500,78
Maharashtra,Pune,Khed(Chakan),Tomato,Other,FAQ,12/09/2024,1000,2200,1500,78
Maharashtra,Pune,Khed(Chakan),Tomato,Other,FAQ,15/09/2024,1000,2000,1500,78
Maharashtra,Pune,Khed(Chakan),Tomato,Other,FAQ,17/09/2024,2000,3000,2500,78
Maharashtra,Pune,Khed(Chakan),Tomato,Other,FAQ,19/09/2024,2500,3500,3000,78
Maharashtra,Pune,Khed(Chakan),Tomato,Other,FAQ,24/09/2024,2000,3000,2500,78
Maharashtra,Pune,Khed(Chakan),Tomato,Other,FAQ,27/09/2024,2000,3000,2500,78
Maharashtra,Pune,Khed(Chakan),Tomato,Other,FAQ,15/01/2025,500,1500,1000,78
Maharashtra,Pune,Khed(Chakan),Tomato,Other,FAQ,05/01/2025,1000,1500,1200,78
Maharashtra,Pune,Khed(Chakan),Tomato,Other,Local,31/01/2025,500,1000,700,78
Maharashtra,Pune,Khed(Chakan),Tomato,Other,FAQ,03/12/2024,2000,3000,2500,78
Maharashtra,Pune,Khed(Chakan),Tomato,Other,FAQ,04/12/2024,2500,3500,3000,78
Maharashtra,Pune,Khed(Chakan),Tomato,Other,FAQ,05/12/2024,2500,3000,2700,78
Maharashtra,Pune,Khed(Chakan),Tomato,Other,FAQ,10/12/2024,2000,3000,2500,78
Maharashtra,Pune,Khed(Chakan),Tomato,Other,FAQ,17/12/2024,1500,2500,1800,78
Maharashtra,Pune,Khed(Chakan),Tomato,Other,FAQ,29/12/2024,1000,1500,1200,78
Maharashtra,Pune,Khed(Chakan),Tomato,Other,FAQ,01/10/2024,2000,4000,3000,78
Maharashtra,Pune,Khed(Chakan),Tomato,Other,FAQ,07/08/2024,1000,2000,1500,78
Maharashtra,Pune,Khed(Chakan),Tomato,Other,FAQ,16/08/2024,1000,2000,1500,78
Maharashtra,Pune,Khed(Chakan),Tomato,Other,FAQ,24/08/2024,1000,2000,1500,78
Maharashtra,Pune,Khed(Chakan),Tomato,Other,FAQ,02/10/2024,3000,4000,3500,78
Maharashtra,Pune,Khed(Chakan),Tomato,Other,FAQ,02/11/2024,2000,3000,2500,78
Maharashtra,Pune,Khed(Chakan),Tomato,Other,FAQ,22/11/2024,2000,3000,2500,78
Maharashtra,Pune,Khed(Chakan),Tomato,Other,FAQ,24/11/2024,2000,3000,2500,78
Maharashtra,Pune,Khed(Chakan),Tomato,Other,FAQ,27/11/2024,2000,3000,2500,78
Maharashtra,Pune,Khed(Chakan),Tomato,Other,FAQ,06/01/2023,600,1000,800,78
Maharashtra,Pune,Khed(Chakan),Tomato,Other,FAQ,18/01/2023,1000,1500,1250,78
Maharashtra,Pune,Khed(Chakan),Tomato,Other,FAQ,24/01/2023,1000,1500,1250,78
Maharashtra,Pune,Khed(Chakan),Tomato,Other,FAQ,31/01/2023,500,1000,750,78
Maharashtra,Pune,Khed(Chakan),Tomato,Other,FAQ,08/02/2023,600,1000,800,78
Maharashtra,Pune,Khed(Chakan),Tomato,Other,FAQ,14/02/2023,600,1200,900,78
Maharashtra,Pune,Khed(Chakan),Tomato,Other,FAQ,15/02/2023,600,1200,900,78
Maharashtra,Pune,Khed(Chakan),Tomato,Other,FAQ,17/02/2023,600,1200,1000,78
Maharashtra,Pune,Khed(Chakan),Tomato,Other,FAQ,18/02/2023,1500,2500,2000,78
Maharashtra,Pune,Khed(Chakan),Tomato,Other,FAQ,19/02/2023,1000,2000,1500,78
Maharashtra,Pune,Khed(Chakan),Tomato,Other,FAQ,28/02/2023,1000,2000,1500,78
Maharashtra,Pune,Khed(Chakan),Tomato,Other,FAQ,01/03/2023,1000,1500,1250,78
Maharashtra,Pune,Khed(Chakan),Tomato,Other,FAQ,02/03/2023,1000,1500,1250,78
Maharashtra,Pune,Khed(Chakan),Tomato,Other,FAQ,05/03/2023,1000,1500,1250,78
Maharashtra,Pune,Khed(Chakan),Tomato,Other,FAQ,19/03/2023,1000,2000,1500,78
Maharashtra,Pune,Khed(Chakan),Tomato,Other,FAQ,31/03/2023,1000,2000,1500,78
Maharashtra,Pune,Khed(Chakan),Tomato,Other,FAQ,02/04/2023,1000,1600,1300,78
Maharashtra,Pune,Khed(Chakan),Tomato,Other,FAQ,15/04/2023,500,1000,750,78
Maharashtra,Pune,Khed(Chakan),Tomato,Other,FAQ,25/04/2023,800,1200,1000,78
Maharashtra,Pune,Khed(Chakan),Tomato,Other,FAQ,30/04/2023,800,1200,1000,78
Maharashtra,Pune,Khed(Chakan),Tomato,Other,FAQ,04/05/2023,600,1000,800,78
Maharashtra,Pune,Khed(Chakan),Tomato,Other,FAQ,25/05/2023,600,1000,800,78
Maharashtra,Pune,Khed(Chakan),Tomato,Other,FAQ,30/05/2023,400,800,600,78
Maharashtra,Pune,Khed(Chakan),Tomato,Other,FAQ,11/06/2023,1600,2200,2000,78
Maharashtra,Pune,Khed(Chakan),Tomato,Other,FAQ,14/06/2023,1500,3000,2500,78
Maharashtra,Pune,Khed(Chakan),Tomato,Other,FAQ,15/06/2023,2500,3000,2800,78
Maharashtra,Pune,Khed(Chakan),Tomato,Other,FAQ,22/06/2023,3000,5000,4000,78
Maharashtra,Pune,Khed(Chakan),Tomato,Other,FAQ,24/06/2023,3000,5000,4000,78
Maharashtra,Pune,Khed(Chakan),Tomato,Other,FAQ,01/07/2023,5000,7000,6000,78
Maharashtra,Pune,Khed(Chakan),Tomato,Other,FAQ,02/07/2023,5000,7500,7000,78
Maharashtra,Pune,Khed(Chakan),Tomato,Other,FAQ,12/07/2023,6000,9000,7500,78
Maharashtra,Pune,Khed(Chakan),Tomato,Other,FAQ,15/07/2023,6000,9000,7500,78
Maharashtra,Pune,Khed(Chakan),Tomato,Other,FAQ,16/07/2023,6000,9000,7500,78
Maharashtra,Pune,Khed(Chakan),Tomato,Other,FAQ,30/07/2023,7000,10000,8500,78
Maharashtra,Pune,Khed(Chakan),Tomato,Other,FAQ,10/08/2023,7000,10000,8500,78
Maharashtra,Pune,Khed(Chakan),Tomato,Other,FAQ,13/08/2023,4000,7000,5500,78
Maharashtra,Pune,Khed(Chakan),Tomato,Other,FAQ,26/08/2023,1500,2500,2000,78
Maharashtra,Pune,Khed(Chakan),Tomato,Other,FAQ,02/09/2023,1000,2000,1500,78
Maharashtra,Pune,Khed(Chakan),Tomato,Other,FAQ,06/09/2023,1000,1500,1200,78
Maharashtra,Pune,Khed(Chakan),Tomato,Other,FAQ,12/09/2023,500,1000,750,78
Maharashtra,Pune,Khed(Chakan),Tomato,Other,FAQ,13/09/2023,600,1000,800,78
Maharashtra,Pune,Khed(Chakan),Tomato,Other,FAQ,23/09/2023,400,600,500,78
Maharashtra,Pune,Khed(Chakan),Tomato,Other,FAQ,29/09/2023,500,700,600,78
Maharashtra,Pune,Khed(Chakan),Tomato,Other,FAQ,12/10/2023,500,900,700,78
Maharashtra,Pune,Khed(Chakan),Tomato,Other,FAQ,20/10/2023,500,900,700,78
Maharashtra,Pune,Khed(Chakan),Tomato,Other,FAQ,25/10/2023,700,1200,900,78
Maharashtra,Pune,Khed(Chakan),Tomato,Other,FAQ,26/10/2023,500,1000,750,78
Maharashtra,Pune,Khed(Chakan),Tomato,Other,FAQ,14/11/2023,1500,3000,2500,78
Maharashtra,Pune,Khed(Chakan),Tomato,Other,FAQ,21/11/2023,2000,3000,2500,78
Maharashtra,Pune,Khed(Chakan),Tomato,Other,FAQ,22/11/2023,2000,3000,2500,78
Maharashtra,Pune,Khed(Chakan),Tomato,Other,FAQ,28/11/2023,2000,3000,2500,78
Maharashtra,Pune,Khed(Chakan),Tomato,Other,FAQ,02/12/2023,2000,3000,2500,78
Maharashtra,Pune,Khed(Chakan),Tomato,Other,FAQ,15/12/2023,1000,2000,1500,78
Maharashtra,Pune,Khed(Chakan),Tomato,Other,FAQ,26/12/2023,1500,2000,1700,78
Maharashtra,Pune,Khed(Chakan),Tomato,Other,FAQ,29/12/2023,2000,3000,2500,78
Maharashtra,Pune,Khed(Chakan),Tomato,Other,FAQ,10/05/2024,1000,1500,1250,78
Maharashtra,Pune,Khed(Chakan),Tomato,Other,FAQ,25/05/2024,1500,2000,1800,78
Maharashtra,Pune,Khed(Chakan),Tomato,Other,FAQ,04/06/2024,3000,4000,3500,78
Maharashtra,Pune,Khed(Chakan),Tomato,Other,FAQ,09/01/2024,1000,2000,1500,78
Maharashtra,Pune,Khed(Chakan),Tomato,Other,FAQ,12/01/2024,1000,1800,1400,78
Maharashtra,Pune,Khed(Chakan),Tomato,Other,FAQ,01/02/2024,2000,3000,2500,78
Maharashtra,Pune,Khed(Chakan),Tomato,Other,FAQ,15/02/2024,1500,2500,2000,78
Maharashtra,Pune,Khed(Chakan),Tomato,Other,FAQ,22/02/2024,1000,2000,1500,78
Maharashtra,Pune,Khed(Chakan),Tomato,Other,FAQ,28/02/2024,1000,1500,1200,78
Maharashtra,Pune,Khed(Chakan),Tomato,Other,FAQ,05/03/2024,1000,1500,1200,78
Maharashtra,Pune,Khed(Chakan),Tomato,Other,FAQ,15/03/2024,1000,1500,1300,78
Maharashtra,Pune,Khed(Chakan),Tomato,Other,FAQ,17/03/2024,1000,1500,1300,78
Maharashtra,Pune,Khed(Chakan),Tomato,Other,FAQ,24/03/2024,600,1200,800,78
Maharashtra,Pune,Khed(Chakan),Tomato,Other,FAQ,27/03/2024,800,1200,1000,78
Maharashtra,Pune,Khed(Chakan),Tomato,Other,FAQ,02/04/2024,800,1200,1000,78
Maharashtra,Pune,Khed(Chakan),Tomato,Other,FAQ,05/04/2024,800,1000,900,78
Maharashtra,Pune,Khed(Chakan),Tomato,Other,FAQ,06/04/2024,800,1200,1000,78
Maharashtra,Pune,Khed(Chakan),Tomato,Other,FAQ,07/04/2024,800,1200,1000,78
Maharashtra,Pune,Khed(Chakan),Tomato,Other,FAQ,25/04/2024,800,1200,1000,78
Maharashtra,Pune,Khed(Chakan),Tomato,Other,FAQ,02/06/2024,2000,2800,2500,78
Maharashtra,Pune,Khed(Chakan),Tomato,Other,FAQ,19/06/2024,3000,4000,3500,78
Maharashtra,Pune,Khed(Chakan),Tomato,Other,FAQ,20/06/2024,3000,5000,4000,78
Maharashtra,Pune,Khed(Chakan),Tomato,Other,FAQ,21/06/2024,3000,5500,4500,78
Maharashtra,Pune,Khed(Chakan),Tomato,Other,FAQ,23/06/2024,4000,5000,4500,78
Maharashtra,Pune,Khed(Chakan),Tomato,Other,FAQ,30/06/2024,2500,4500,3500,78
Maharashtra,Pune,Khed(Chakan),Tomato,Other,FAQ,09/07/2024,4000,8000,6000,78
Maharashtra,Pune,Khed(Chakan),Tomato,Other,FAQ,10/07/2024,4000,5000,4500,78
Maharashtra,Pune,Khed(Chakan),Tomato,Other,FAQ,11/07/2024,4000,6000,5000,78
Maharashtra,Pune,Khed(Chakan),Tomato,Other,FAQ,24/07/2024,4000,5000,4500,78
Maharashtra,Pune,Khed(Chakan),Tomato,Other,FAQ,26/07/2024,2200,4500,3200,78
Maharashtra,Pune,Khed(Chakan),Tomato,Other,FAQ,31/07/2024,2000,3000,2500,78
Maharashtra,Pune,Khed(Chakan),Tomato,Other,FAQ,26/02/2021,500,1000,750,78
Maharashtra,Pune,Khed(Chakan),Tomato,Other,FAQ,03/03/2021,500,1000,750,78
Maharashtra,Pune,Khed(Chakan),Tomato,Other,FAQ,11/03/2021,500,1000,750,78
Maharashtra,Pune,Khed(Chakan),Tomato,Other,FAQ,16/03/2021,500,1000,750,78
Maharashtra,Pune,Khed(Chakan),Tomato,Other,FAQ,26/03/2021,400,800,600,78
Maharashtra,Pune,Khed(Chakan),Tomato,Other,FAQ,31/03/2021,400,800,600,78
Maharashtra,Pune,Khed(Chakan),Tomato,Other,FAQ,02/04/2021,500,1500,1000,78
Maharashtra,Pune,Khed(Chakan),Tomato,Other,FAQ,03/04/2021,1000,1800,1400,78
Maharashtra,Pune,Khed(Chakan),Tomato,Other,FAQ,13/04/2021,500,1000,750,78
Maharashtra,Pune,Khed(Chakan),Tomato,Other,FAQ,14/04/2021,500,1000,750,78
Maharashtra,Pune,Khed(Chakan),Tomato,Other,FAQ,23/04/2021,500,1000,750,78
Maharashtra,Pune,Khed(Chakan),Tomato,Other,FAQ,04/05/2021,500,1200,900,78
Maharashtra,Pune,Khed(Chakan),Tomato,Other,FAQ,05/05/2021,500,1000,750,78
Maharashtra,Pune,Khed(Chakan),Tomato,Other,FAQ,12/05/2021,500,1000,750,78
Maharashtra,Pune,Khed(Chakan),Tomato,Other,FAQ,14/05/2021,500,1500,1000,78
Maharashtra,Pune,Khed(Chakan),Tomato,Other,FAQ,15/06/2021,500,900,700,78
Maharashtra,Pune,Khed(Chakan),Tomato,Other,FAQ,19/06/2021,500,1000,750,78
Maharashtra,Pune,Khed(Chakan),Tomato,Other,FAQ,01/07/2021,800,1200,1000,78
Maharashtra,Pune,Khed(Chakan),Tomato,Other,FAQ,13/07/2021,600,1200,900,78
Maharashtra,Pune,Khed(Chakan),Tomato,Other,FAQ,15/07/2021,1000,2000,1500,78
Maharashtra,Pune,Khed(Chakan),Tomato,Other,FAQ,17/07/2021,600,1200,900,78
Maharashtra,Pune,Khed(Chakan),Tomato,Other,FAQ,18/07/2021,800,1400,1200,78
Maharashtra,Pune,Khed(Chakan),Tomato,Other,FAQ,25/07/2021,1000,1500,1250,78
Maharashtra,Pune,Khed(Chakan),Tomato,Other,FAQ,27/07/2021,1000,1500,1200,78
Maharashtra,Pune,Khed(Chakan),Tomato,Other,FAQ,01/08/2021,800,1400,1100,78
Maharashtra,Pune,Khed(Chakan),Tomato,Other,FAQ,26/08/2021,500,1000,750,78
Maharashtra,Pune,Khed(Chakan),Tomato,Other,FAQ,01/09/2021,300,600,450,78
Maharashtra,Pune,Khed(Chakan),Tomato,Other,FAQ,07/09/2021,400,600,500,78
Maharashtra,Pune,Khed(Chakan),Tomato,Other,FAQ,15/09/2021,400,800,600,78
Maharashtra,Pune,Khed(Chakan),Tomato,Other,FAQ,16/09/2021,400,800,600,78
Maharashtra,Pune,Khed(Chakan),Tomato,Other,FAQ,18/09/2021,500,1000,750,78
Maharashtra,Pune,Khed(Chakan),Tomato,Other,FAQ,23/09/2021,800,1500,1000,78
Maharashtra,Pune,Khed(Chakan),Tomato,Other,FAQ,02/10/2021,2000,3000,2500,78
Maharashtra,Pune,Khed(Chakan),Tomato,Other,FAQ,09/10/2021,2000,3000,2500,78
Maharashtra,Pune,Khed(Chakan),Tomato,Other,FAQ,13/10/2021,2000,3000,2500,78
Maharashtra,Pune,Khed(Chakan),Tomato,Other,FAQ,19/10/2021,2000,4000,3000,78
Maharashtra,Pune,Khed(Chakan),Tomato,Other,FAQ,02/11/2021,2500,3500,3000,78
Maharashtra,Pune,Khed(Chakan),Tomato,Other,FAQ,16/11/2021,2500,3500,3000,78
Maharashtra,Pune,Khed(Chakan),Tomato,Other,FAQ,17/11/2021,2500,3500,3000,78
Maharashtra,Pune,Khed(Chakan),Tomato,Other,FAQ,23/11/2021,3000,4500,3500,78
Maharashtra,Pune,Khed(Chakan),Tomato,Other,FAQ,28/11/2021,3000,4000,3500,78
Maharashtra,Pune,Khed(Chakan),Tomato,Other,FAQ,04/12/2021,3500,4500,4000,78
Maharashtra,Pune,Khed(Chakan),Tomato,Other,FAQ,08/12/2021,2000,3500,2700,78
Maharashtra,Pune,Khed(Chakan),Tomato,Other,FAQ,09/12/2021,3000,4000,3500,78
Maharashtra,Pune,Khed(Chakan),Tomato,Other,FAQ,10/12/2021,2500,3500,3000,78
Maharashtra,Pune,Khed(Chakan),Tomato,Other,FAQ,12/12/2021,3000,4000,3500,78
Maharashtra,Pune,Khed(Chakan),Tomato,Other,FAQ,16/12/2021,1500,3500,2500,78
Maharashtra,Pune,Khed(Chakan),Tomato,Other,FAQ,17/12/2021,1700,3500,2500,78
Maharashtra,Pune,Khed(Chakan),Tomato,Other,FAQ,19/12/2021,2000,3000,2500,78
Maharashtra,Pune,Khed(Chakan),Tomato,Other,FAQ,24/12/2021,1500,2500,2000,78
Maharashtra,Pune,Khed(Chakan),Tomato,Other,Local,06/04/2025,600,1200,1000,78
Maharashtra,Pune,Khed(Chakan),Tomato,Other,Local,09/04/2025,600,1000,800,78
Maharashtra,Pune,Khed(Chakan),Tomato,Other,Local,10/04/2025,1000,1500,1300,78
Maharashtra,Pune,Khed(Chakan),Tomato,Other,Local,16/04/2025,800,1200,1000,78
Maharashtra,Pune,Khed(Chakan),Tomato,Other,Local,19/04/2025,800,1200,1000,78
Maharashtra,Pune,Khed(Chakan),Tomato,Other,Local,20/04/2025,1000,1400,1200,78
Maharashtra,Pune,Khed(Chakan),Tomato,Other,Local,29/04/2025,800,1200,1000,78
Maharashtra,Pune,Khed(Chakan),Tomato,Other,Local,25/04/2025,800,1200,1000,78
Maharashtra,Pune,Khed(Chakan),Tomato,Other,FAQ,07/07/2022,1000,2000,1500,78
Maharashtra,Pune,Khed(Chakan),Tomato,Other,FAQ,08/07/2022,1500,2500,2000,78
Maharashtra,Pune,Khed(Chakan),Tomato,Other,FAQ,19/07/2022,1000,1500,1200,78
Maharashtra,Pune,Khed(Chakan),Tomato,Other,FAQ,22/07/2022,1000,2000,1500,78
Maharashtra,Pune,Khed(Chakan),Tomato,Other,FAQ,26/07/2022,1200,1400,1300,78
Maharashtra,Pune,Khed(Chakan),Tomato,Other,FAQ,05/08/2022,1000,1500,1200,78
Maharashtra,Pune,Khed(Chakan),Tomato,Other,FAQ,09/08/2022,1000,1500,1250,78
Maharashtra,Pune,Khed(Chakan),Tomato,Other,FAQ,17/08/2022,1000,1500,1250,78
Maharashtra,Pune,Khed(Chakan),Tomato,Other,FAQ,26/09/2022,1000,2000,1500,78
Maharashtra,Pune,Khed(Chakan),Tomato,Other,FAQ,30/09/2022,1500,2500,2000,78
Maharashtra,Pune,Khed(Chakan),Tomato,Other,FAQ,02/10/2022,1500,2500,2000,78
Maharashtra,Pune,Khed(Chakan),Tomato,Other,FAQ,05/10/2022,2000,3000,2500,78
Maharashtra,Pune,Khed(Chakan),Tomato,Other,FAQ,13/10/2022,1500,2500,2000,78
Maharashtra,Pune,Khed(Chakan),Tomato,Other,FAQ,14/10/2022,1500,3000,2200,78
Maharashtra,Pune,Khed(Chakan),Tomato,Other,FAQ,18/10/2022,3000,4000,3500,78
Maharashtra,Pune,Khed(Chakan),Tomato,Other,FAQ,26/10/2022,1500,2500,2000,78
Maharashtra,Pune,Khed(Chakan),Tomato,Other,FAQ,29/10/2022,1500,2500,2000,78
Maharashtra,Pune,Khed(Chakan),Tomato,Other,FAQ,30/10/2022,1500,2500,2000,78
Maharashtra,Pune,Khed(Chakan),Tomato,Other,FAQ,09/11/2022,500,1500,1000,78
Maharashtra,Pune,Khed(Chakan),Tomato,Other,FAQ,10/11/2022,700,1500,1000,78
Maharashtra,Pune,Khed(Chakan),Tomato,Other,FAQ,18/11/2022,500,1000,750,78
Maharashtra,Pune,Khed(Chakan),Tomato,Other,FAQ,20/11/2022,800,1200,1000,78
Maharashtra,Pune,Khed(Chakan),Tomato,Other,FAQ,23/11/2022,500,1000,750,78
Maharashtra,Pune,Khed(Chakan),Tomato,Other,FAQ,26/11/2022,500,1000,750,78
Maharashtra,Pune,Khed(Chakan),Tomato,Other,FAQ,02/12/2022,500,1000,750,78
Maharashtra,Pune,Khed(Chakan),Tomato,Other,FAQ,03/12/2022,800,1200,1000,78
Maharashtra,Pune,Khed(Chakan),Tomato,Other,FAQ,06/12/2022,500,1000,750,78
Maharashtra,Pune,Khed(Chakan),Tomato,Other,FAQ,11/12/2022,500,1000,750,78
Maharashtra,Pune,Khed(Chakan),Tomato,Other,FAQ,13/12/2022,600,1000,800,78
Maharashtra,Pune,Khed(Chakan),Tomato,Other,FAQ,27/12/2022,800,1000,900,78
Maharashtra,Pune,Khed(Chakan),Tomato,Other,FAQ,28/12/2022,600,1000,800,78
Maharashtra,Pune,Khed(Chakan),Tomato,Other,FAQ,03/01/2022,2000,3000,2500,78
Maharashtra,Pune,Khed(Chakan),Tomato,Other,FAQ,09/01/2022,1000,2000,1500,78
Maharashtra,Pune,Khed(Chakan),Tomato,Other,FAQ,15/02/2022,1000,1600,1300,78
Maharashtra,Pune,Khed(Chakan),Tomato,Other,FAQ,18/02/2022,1000,1500,1250,78
Maharashtra,Pune,Khed(Chakan),Tomato,Other,FAQ,19/02/2022,1000,1500,1250,78
Maharashtra,Pune,Khed(Chakan),Tomato,Other,FAQ,25/02/2022,1000,1600,1300,78
Maharashtra,Pune,Khed(Chakan),Tomato,Other,FAQ,10/03/2022,500,1000,750,78
Maharashtra,Pune,Khed(Chakan),Tomato,Other,FAQ,16/03/2022,1000,1500,1250,78
Maharashtra,Pune,Khed(Chakan),Tomato,Other,FAQ,22/03/2022,1000,2000,1500,78
Maharashtra,Pune,Khed(Chakan),Tomato,Other,FAQ,23/03/2022,1000,2000,1500,78
Maharashtra,Pune,Khed(Chakan),Tomato,Other,FAQ,25/03/2022,800,1200,1000,78
Maharashtra,Pune,Khed(Chakan),Tomato,Other,FAQ,05/04/2022,1000,1500,1250,78
Maharashtra,Pune,Khed(Chakan),Tomato,Other,FAQ,06/04/2022,1000,1500,1250,78
Maharashtra,Pune,Khed(Chakan),Tomato,Other,FAQ,20/04/2022,1500,2500,2000,78
Maharashtra,Pune,Khed(Chakan),Tomato,Other,FAQ,26/04/2022,1500,2200,1800,78
Maharashtra,Pune,Khed(Chakan),Tomato,Other,FAQ,18/05/2022,2000,4000,3000,78
Maharashtra,Pune,Khed(Chakan),Tomato,Other,FAQ,19/05/2022,3000,4000,3500,78
Maharashtra,Pune,Khed(Chakan),Tomato,Other,FAQ,20/05/2022,3000,4000,3500,78
Maharashtra,Pune,Khed(Chakan),Tomato,Other,FAQ,28/05/2022,3500,4500,4000,78
Maharashtra,Pune,Khed(Chakan),Tomato,Other,FAQ,08/06/2022,4000,5000,4500,78
Maharashtra,Pune,Khed(Chakan),Tomato,Other,FAQ,21/06/2022,3500,4500,4000,78
Maharashtra,Pune,Khed(Chakan),Tomato,Other,FAQ,24/06/2022,3500,4500,4000,78
Maharashtra,Pune,Khed(Chakan),Tomato,Other,FAQ,25/06/2022,3500,4500,4000,78
Maharashtra,Pune,Khed(Chakan),Tomato,Other,FAQ,28/06/2022,3000,4000,3500,78
Maharashtra,Pune,Khed(Chakan),Tomato,Other,FAQ,01/07/2022,3000,4000,3500,78
Maharashtra,Pune,Khed(Chakan),Tomato,Other,FAQ,02/07/2022,1000,3000,1500,78
Maharashtra,Pune,Khed(Chakan),Tomato,Other,Local,05/03/2025,800,1200,1000,78
Maharashtra,Pune,Khed(Chakan),Tomato,Other,Local,07/03/2025,800,1200,1000,78
Maharashtra,Pune,Khed(Chakan),Tomato,Other,Local,13/03/2025,800,1200,1000,78
Maharashtra,Pune,Khed(Chakan),Tomato,Other,Local,15/03/2025,800,1200,1000,78
Maharashtra,Pune,Khed(Chakan),Tomato,Other,Local,04/05/2025,1000,1500,1250,78
Maharashtra,Pune,Khed(Chakan),Tomato,Other,Local,06/05/2025,1000,1500,1250,78
Maharashtra,Pune,Khed(Chakan),Tomato,Other,Local,08/05/2025,800,1200,1000,78
Maharashtra,Pune,Khed(Chakan),Tomato,Other,Local,10/05/2025,800,1200,1000,78
Maharashtra,Pune,Khed(Chakan),Tomato,Other,Local,31/05/2025,1000,1800,1400,78
Maharashtra,Pune,Khed(Chakan),Tomato,Other,Local,01/06/2025,1000,2000,1500,78
Maharashtra,Pune,Khed(Chakan),Tomato,Other,Local,03/06/2025,1000,2000,1500,78
Maharashtra,Pune,Khed(Chakan),Tomato,Other,Local,14/06/2025,1000,2000,1500,78
Maharashtra,Pune,Khed(Chakan),Tomato,Other,Local,04/07/2025,1000,2000,1500,78
Maharashtra,Pune,Khed(Chakan),Tomato,Other,Local,05/07/2025,1000,1800,1400,78
Maharashtra,Pune,Khed(Chakan),Tomato,Other,Local,08/07/2025,2000,2500,2200,78
Maharashtra,Pune,Khed(Chakan),Tomato,Other,Local,27/07/2025,3500,4500,4000,78
Maharashtra,Pune,Khed(Chakan),Tomato,Other,Local,30/07/2025,3000,5000,4000,78
Maharashtra,Pune,Khed(Chakan),Tomato,Other,Local,05/08/2025,3000,4000,3500,78
Maharashtra,Pune,Khed(Chakan),Tomato,Other,Local,24/08/2025,2000,3000,2500,78
Maharashtra,Pune,Khed(Chakan),Tomato,Other,Local,30/08/2025,2000,3000,2500,78
Maharashtra,Pune,Khed(Chakan),Tomato,Other,Local,10/09/2025,800,1600,1200,78
Maharashtra,Pune,Khed(Chakan),Tomato,Other,Local,18/09/2025,700,1200,900,78
Maharashtra,Pune,Khed(Chakan),Tomato,Other,Local,21/09/2025,1000,2000,1500,78
Maharashtra,Pune,Khed(Chakan),Tomato,Other,Local,25/09/2025,1000,1600,1200,78
Maharashtra,Pune,Khed(Chakan),Tomato,Other,Local,27/09/2025,1000,1800,1400,78
Maharashtra,Pune,Khed(Chakan),Tomato,Other,Local,04/11/2025,1000,1500,1200,78
Maharashtra,Pune,Khed(Chakan),Tomato,Other,Local,08/10/2025,1000,2500,1500,78
Maharashtra,Pune,Khed(Chakan),Tomato,Other,Local,19/10/2025,1000,1800,1400,78
Maharashtra,Pune,Khed(Chakan),Tomato,Other,Local,25/10/2025,1000,2000,1500,78
Maharashtra,Pune,Khed(Chakan),Tomato,Other,Local,31/10/2025,800,1200,1000,78
Maharashtra,Pune,Khed(Chakan),Tomato,Other,FAQ,01/02/2022,1000,2000,1500,78
Maharashtra,Pune,Khed(Chakan),Tomato,Other,FAQ,02/02/2022,1000,2000,1500,78
Maharashtra,Pune,Khed(Chakan),Tomato,Other,FAQ,03/02/2022,1500,2500,2000,78
Maharashtra,Pune,Khed(Chakan),Tomato,Other,FAQ,04/02/2022,1500,2500,2000,78
Maharashtra,Pune,Khed(Chakan),Tomato,Other,FAQ,06/02/2022,2000,3000,2500,78
Maharashtra,Pune,Khed(Chakan),Tomato,Other,FAQ,01/03/2022,700,1500,1000,78
Maharashtra,Pune,Khed(Chakan),Tomato,Other,FAQ,02/03/2022,1000,1500,1250,78
Maharashtra,Pune,Khed(Chakan),Tomato,Other,FAQ,19/03/2022,1000,2500,1800,78
Maharashtra,Pune,Khed(Chakan),Tomato,Other,FAQ,26/03/2022,1000,2000,1500,78
Maharashtra,Pune,Khed(Chakan),Tomato,Other,FAQ,10/04/2022,1000,1500,1250,78
Maharashtra,Pune,Khed(Chakan),Tomato,Other,FAQ,16/04/2022,1000,1500,1250,78
Maharashtra,Pune,Khed(Chakan),Tomato,Other,FAQ,19/04/2022,2000,3000,2500,78
Maharashtra,Pune,Khed(Chakan),Tomato,Other,FAQ,24/04/2022,1000,2000,1500,78
Maharashtra,Pune,Khed(Chakan),Tomato,Other,FAQ,28/04/2022,1500,2500,2000,78
Maharashtra,Pune,Khed(Chakan),Tomato,Other,FAQ,01/06/2022,4000,5000,4500,78
Maharashtra,Pune,Khed(Chakan),Tomato,Other,FAQ,05/06/2022,4000,6000,5000,78
Maharashtra,Pune,Khed(Chakan),Tomato,Other,FAQ,15/06/2022,3500,4500,4000,78
Maharashtra,Pune,Khed(Chakan),Tomato,Other,FAQ,03/07/2022,1500,2500,2000,78
Maharashtra,Pune,Khed(Chakan),Tomato,Other,FAQ,05/07/2022,1000,2000,1500,78
Maharashtra,Pune,Khed(Chakan),Tomato,Other,FAQ,13/07/2022,800,1200,1000,78
Maharashtra,Pune,Khed(Chakan),Tomato,Other,FAQ,17/07/2022,1000,1500,1250,78
Maharashtra,Pune,Khed(Chakan),Tomato,Other,FAQ,21/07/2022,1000,2000,1500,78
Maharashtra,Pune,Khed(Chakan),Tomato,Other,FAQ,10/08/2022,1000,1500,1250,78
Maharashtra,Pune,Khed(Chakan),Tomato,Other,FAQ,13/08/2022,1000,1500,1250,78
Maharashtra,Pune,Khed(Chakan),Tomato,Other,FAQ,18/08/2022,1000,1500,1200,78
Maharashtra,Pune,Khed(Chakan),Tomato,Other,FAQ,20/08/2022,1000,1500,1250,78
Maharashtra,Pune,Khed(Chakan),Tomato,Other,FAQ,26/08/2022,800,1200,1000,78
Maharashtra,Pune,Khed(Chakan),Tomato,Other,FAQ,27/08/2022,500,1000,750,78
Maharashtra,Pune,Khed(Chakan),Tomato,Other,FAQ,21/09/2022,700,1500,1000,78
Maharashtra,Pune,Khed(Chakan),Tomato,Other,FAQ,01/10/2022,1000,2500,2000,78
Maharashtra,Pune,Khed(Chakan),Tomato,Other,FAQ,04/10/2022,2500,3500,3000,78
Maharashtra,Pune,Khed(Chakan),Tomato,Other,FAQ,02/11/2022,1000,2000,1500,78
Maharashtra,Pune,Khed(Chakan),Tomato,Other,FAQ,03/11/2022,1500,2500,2000,78
Maharashtra,Pune,Khed(Chakan),Tomato,Other,FAQ,15/11/2022,800,1200,1000,78
Maharashtra,Pune,Khed(Chakan),Tomato,Other,FAQ,27/11/2022,800,1200,1000,78
Maharashtra,Pune,Khed(Chakan),Tomato,Other,FAQ,30/11/2022,800,1200,1000,78
Maharashtra,Pune,Khed(Chakan),Tomato,Other,FAQ,04/12/2022,800,1200,1000,78
Maharashtra,Pune,Khed(Chakan),Tomato,Other,FAQ,08/12/2022,600,1000,800,78
Maharashtra,Pune,Khed(Chakan),Tomato,Other,FAQ,09/12/2022,500,1000,750,78
Maharashtra,Pune,Khed(Chakan),Tomato,Other,FAQ,10/12/2022,400,1000,700,78
Maharashtra,Pune,Khed(Chakan),Tomato,Other,FAQ,18/12/2022,500,800,650,78
Maharashtra,Pune,Khed(Chakan),Tomato,Other,FAQ,21/12/2022,400,800,600,78
Maharashtra,Pune,Khed(Chakan),Tomato,Other,FAQ,23/12/2022,600,1000,800,78
Maharashtra,Pune,Khed(Chakan),Tomato,Other,FAQ,25/12/2022,800,1200,1000,78
Maharashtra,Pune,Khed(Chakan),Tomato,Other,FAQ,25/02/2021,500,1000,750,78
Maharashtra,Pune,Khed(Chakan),Tomato,Other,FAQ,02/03/2021,500,1000,750,78
Maharashtra,Pune,Khed(Chakan),Tomato,Other,FAQ,30/03/2021,500,1000,750,78
Maharashtra,Pune,Khed(Chakan),Tomato,Other,FAQ,06/04/2021,500,1000,750,78
Maharashtra,Pune,Khed(Chakan),Tomato,Other,FAQ,07/04/2021,600,1200,900,78
Maharashtra,Pune,Khed(Chakan),Tomato,Other,FAQ,08/04/2021,600,1200,900,78
Maharashtra,Pune,Khed(Chakan),Tomato,Other,FAQ,09/04/2021,600,1200,900,78
Maharashtra,Pune,Khed(Chakan),Tomato,Other,FAQ,22/04/2021,500,1000,750,78
Maharashtra,Pune,Khed(Chakan),Tomato,Other,FAQ,06/05/2021,600,1400,1000,78
Maharashtra,Pune,Khed(Chakan),Tomato,Other,FAQ,15/05/2021,500,1000,750,78
Maharashtra,Pune,Khed(Chakan),Tomato,Other,FAQ,18/05/2021,500,1000,750,78
Maharashtra,Pune,Khed(Chakan),Tomato,Other,FAQ,19/05/2021,500,1000,750,78
Maharashtra,Pune,Khed(Chakan),Tomato,Other,FAQ,21/05/2021,400,800,600,78
Maharashtra,Pune,Khed(Chakan),Tomato,Other,FAQ,25/05/2021,500,1000,750,78
Maharashtra,Pune,Khed(Chakan),Tomato,Other,FAQ,26/05/2021,500,1000,750,78
Maharashtra,Pune,Khed(Chakan),Tomato,Other,FAQ,10/06/2021,500,1000,750,78
Maharashtra,Pune,Khed(Chakan),Tomato,Other,FAQ,11/06/2021,500,1200,850,78
Maharashtra,Pune,Khed(Chakan),Tomato,Other,FAQ,16/06/2021,400,800,600,78
Maharashtra,Pune,Khed(Chakan),Tomato,Other,FAQ,29/06/2021,600,1000,800,78
Maharashtra,Pune,Khed(Chakan),Tomato,Other,FAQ,02/07/2021,800,1200,1000,78
Maharashtra,Pune,Khed(Chakan),Tomato,Other,FAQ,03/07/2021,400,800,600,78
Maharashtra,Pune,Khed(Chakan),Tomato,Other,FAQ,23/07/2021,600,1000,800,78
Maharashtra,Pune,Khed(Chakan),Tomato,Other,FAQ,31/07/2021,700,1500,1000,78
Maharashtra,Pune,Khed(Chakan),Tomato,Other,FAQ,06/08/2021,800,1400,1100,78
Maharashtra,Pune,Khed(Chakan),Tomato,Other,FAQ,13/08/2021,400,800,600,78
Maharashtra,Pune,Khed(Chakan),Tomato,Other,FAQ,17/08/2021,400,600,500,78
Maharashtra,Pune,Khed(Chakan),Tomato,Other,FAQ,18/08/2021,400,800,600,78
Maharashtra,Pune,Khed(Chakan),Tomato,Other,FAQ,22/08/2021,400,800,600,78
Maharashtra,Pune,Khed(Chakan),Tomato,Other,FAQ,02/09/2021,500,700,600,78
Maharashtra,Pune,Khed(Chakan),Tomato,Other,FAQ,12/09/2021,600,1000,800,78
Maharashtra,Pune,Khed(Chakan),Tomato,Other,FAQ,22/09/2021,500,1000,800,78
Maharashtra,Pune,Khed(Chakan),Tomato,Other,FAQ,25/09/2021,1000,1600,1300,78
Maharashtra,Pune,Khed(Chakan),Tomato,Other,FAQ,06/10/2021,1500,2500,2000,78
Maharashtra,Pune,Khed(Chakan),Tomato,Other,FAQ,21/10/2021,2500,3500,3000,78
Maharashtra,Pune,Khed(Chakan),Tomato,Other,FAQ,26/10/2021,2000,4000,3000,78
Maharashtra,Pune,Khed(Chakan),Tomato,Other,FAQ,27/10/2021,3000,4000,3500,78
Maharashtra,Pune,Khed(Chakan),Tomato,Other,FAQ,28/10/2021,2500,3500,3000,78
Maharashtra,Pune,Khed(Chakan),Tomato,Other,FAQ,06/11/2021,2500,3500,3000,78
Maharashtra,Pune,Khed(Chakan),Tomato,Other,FAQ,12/11/2021,3000,4000,3500,78
Maharashtra,Pune,Khed(Chakan),Tomato,Other,FAQ,13/11/2021,2500,3500,3000,78
Maharashtra,Pune,Khed(Chakan),Tomato,Other,FAQ,14/11/2021,2500,3500,3000,78
Maharashtra,Pune,Khed(Chakan),Tomato,Other,FAQ,18/11/2021,3500,4500,4000,78
Maharashtra,Pune,Khed(Chakan),Tomato,Other,FAQ,20/11/2021,3500,4500,4000,78
Maharashtra,Pune,Khed(Chakan),Tomato,Other,FAQ,05/12/2021,3000,4000,3500,78
Maharashtra,Pune,Khed(Chakan),Tomato,Other,FAQ,07/12/2021,3000,4000,3500,78
Maharashtra,Pune,Khed(Chakan),Tomato,Other,FAQ,22/12/2021,1500,2500,2000,78
Maharashtra,Pune,Khed(Chakan),Tomato,Other,FAQ,18/10/2024,3000,5000,4000,78
Maharashtra,Pune,Khed(Chakan),Tomato,Other,FAQ,12/10/2024,4000,6000,5000,78
Maharashtra,Pune,Khed(Chakan),Tomato,Other,FAQ,20/10/2024,3000,5000,4000,78
Maharashtra,Pune,Khed(Chakan),Tomato,Other,FAQ,05/10/2024,3000,5000,4000,78
Maharashtra,Pune,Khed(Chakan),Tomato,Other,FAQ,17/10/2024,3000,4000,3500,78
Maharashtra,Pune,Khed(Chakan),Tomato,Other,FAQ,14/05/2024,800,1200,1000,78
Maharashtra,Pune,Khed(Chakan),Tomato,Other,FAQ,23/05/2024,1500,2000,1800,78
Maharashtra,Pune,Khed(Chakan),Tomato,Other,FAQ,01/01/2023,500,800,650,78
Maharashtra,Pune,Khed(Chakan),Tomato,Other,FAQ,11/01/2023,600,1200,900,78
Maharashtra,Pune,Khed(Chakan),Tomato,Other,FAQ,17/01/2023,1000,2000,1500,78
Maharashtra,Pune,Khed(Chakan),Tomato,Other,FAQ,28/01/2023,600,1000,800,78
Maharashtra,Pune,Khed(Chakan),Tomato,Other,FAQ,01/02/2023,500,1000,750,78
Maharashtra,Pune,Khed(Chakan),Tomato,Other,FAQ,03/02/2023,500,1000,750,78
Maharashtra,Pune,Khed(Chakan),Tomato,Other,FAQ,10/02/2023,500,1000,750,78
Maharashtra,Pune,Khed(Chakan),Tomato,Other,FAQ,23/02/2023,1000,1500,1250,78
Maharashtra,Pune,Khed(Chakan),Tomato,Other,FAQ,24/02/2023,1000,1500,1250,78
Maharashtra,Pune,Khed(Chakan),Tomato,Other,FAQ,10/03/2023,1000,1500,1200,78
Maharashtra,Pune,Khed(Chakan),Tomato,Other,FAQ,11/03/2023,800,1200,1000,78
Maharashtra,Pune,Khed(Chakan),Tomato,Other,FAQ,15/03/2023,1200,2000,1600,78
Maharashtra,Pune,Khed(Chakan),Tomato,Other,FAQ,22/03/2023,1000,2000,1500,78
Maharashtra,Pune,Khed(Chakan),Tomato,Other,FAQ,28/03/2023,1500,2000,1750,78
Maharashtra,Pune,Khed(Chakan),Tomato,Other,FAQ,14/04/2023,800,1200,1000,78
Maharashtra,Pune,Khed(Chakan),Tomato,Other,FAQ,20/04/2023,500,1000,750,78
Maharashtra,Pune,Khed(Chakan),Tomato,Other,FAQ,23/04/2023,500,1000,750,78
Maharashtra,Pune,Khed(Chakan),Tomato,Other,FAQ,06/05/2023,600,1000,800,78
Maharashtra,Pune,Khed(Chakan),Tomato,Other,FAQ,07/05/2023,600,1000,800,78
Maharashtra,Pune,Khed(Chakan),Tomato,Other,FAQ,31/05/2023,500,800,650,78
Maharashtra,Pune,Khed(Chakan),Tomato,Other,FAQ,01/06/2023,400,800,600,78
Maharashtra,Pune,Khed(Chakan),Tomato,Other,FAQ,03/06/2023,1500,2000,1800,78
Maharashtra,Pune,Khed(Chakan),Tomato,Other,FAQ,16/06/2023,2000,3000,2500,78
Maharashtra,Pune,Khed(Chakan),Tomato,Other,FAQ,18/06/2023,2500,3500,3000,78
Maharashtra,Pune,Khed(Chakan),Tomato,Other,FAQ,21/06/2023,4000,6000,5000,78
Maharashtra,Pune,Khed(Chakan),Tomato,Other,FAQ,19/07/2023,6000,9000,7500,78
Maharashtra,Pune,Khed(Chakan),Tomato,Other,FAQ,27/07/2023,6000,9000,7500,78
Maharashtra,Pune,Khed(Chakan),Tomato,Other,FAQ,28/07/2023,7000,10000,8500,78
Maharashtra,Pune,Khed(Chakan),Tomato,Other,FAQ,17/08/2023,3000,5000,4000,78
Maharashtra,Pune,Khed(Chakan),Tomato,Other,FAQ,23/08/2023,2000,3000,2500,78
Maharashtra,Pune,Khed(Chakan),Tomato,Other,FAQ,24/08/2023,1500,2500,2000,78
Maharashtra,Pune,Khed(Chakan),Tomato,Other,FAQ,15/09/2023,400,800,600,78
Maharashtra,Pune,Khed(Chakan),Tomato,Other,FAQ,16/09/2023,500,900,700,78
Maharashtra,Pune,Khed(Chakan),Tomato,Other,FAQ,30/09/2023,500,1000,750,78
Maharashtra,Pune,Khed(Chakan),Tomato,Other,FAQ,03/10/2023,500,900,700,78
Maharashtra,Pune,Khed(Chakan),Tomato,Other,FAQ,07/10/2023,400,600,500,78
Maharashtra,Pune,Khed(Chakan),Tomato,Other,FAQ,13/10/2023,400,900,650,78
Maharashtra,Pune,Khed(Chakan),Tomato,Other,FAQ,29/10/2023,800,1600,1200,78
Maharashtra,Pune,Khed(Chakan),Tomato,Other,FAQ,02/11/2023,1000,1500,1200,78
Maharashtra,Pune,Khed(Chakan),Tomato,Other,FAQ,25/11/2023,2000,3000,2500,78
Maharashtra,Pune,Khed(Chakan),Tomato,Other,FAQ,05/12/2023,2000,3000,2500,78
Maharashtra,Pune,Khed(Chakan),Tomato,Other,FAQ,19/12/2023,1000,2500,2000,78
Maharashtra,Pune,Khed(Chakan),Tomato,Other,FAQ,22/12/2023,1000,2000,1500,78
Maharashtra,Pune,Khed(Chakan),Tomato,Other,FAQ,10/06/2024,2000,3000,2500,78
Maharashtra,Pune,Khed(Chakan),Tomato,Other,FAQ,25/06/2024,4000,5000,4500,78
Maharashtra,Pune,Khed(Chakan),Tomato,Other,FAQ,06/06/2024,2000,3000,2500,78
Maharashtra,Pune,Khed(Chakan),Tomato,Other,FAQ,13/06/2024,2500,3500,3000,78
Maharashtra,Pune,Khed(Chakan),Tomato,Other,FAQ,16/06/2024,3000,5000,4000,78
Maharashtra,Pune,Khed(Chakan),Tomato,Other,FAQ,27/06/2024,3000,4000,3500,78
Maharashtra,Pune,Khed(Chakan),Tomato,Other,FAQ,29/06/2024,3500,4500,4000,78
Maharashtra,Pune,Khed(Chakan),Tomato,Other,FAQ,06/12/2024,2000,3000,2500,78
Maharashtra,Pune,Khed(Chakan),Tomato,Other,FAQ,14/12/2024,1000,2000,1500,78
Maharashtra,Pune,Khed(Chakan),Tomato,Other,FAQ,27/12/2024,800,1500,1250,78
Maharashtra,Pune,Khed(Chakan),Tomato,Other,FAQ,18/01/2025,500,1200,700,78
Maharashtra,Pune,Khed(Chakan),Tomato,Other,Local,28/01/2025,700,1200,900,78
Maharashtra,Pune,Khed(Chakan),Tomato,Other,FAQ,05/11/2024,2500,3500,3000,78
Maharashtra,Pune,Khed(Chakan),Tomato,Other,FAQ,08/11/2024,1500,2500,2000,78
Maharashtra,Pune,Khed(Chakan),Tomato,Other,FAQ,17/11/2024,2000,3000,2500,78
Maharashtra,Pune,Khed(Chakan),Tomato,Other,FAQ,05/09/2024,1000,2000,1500,78
Maharashtra,Pune,Khed(Chakan),Tomato,Other,FAQ,14/09/2024,1000,2000,1500,78
Maharashtra,Pune,Khed(Chakan),Tomato,Other,FAQ,25/09/2024,2000,3000,2500,78
Maharashtra,Pune,Khed(Chakan),Tomato,Other,FAQ,18/09/2024,2000,3000,2500,78
Maharashtra,Pune,Khed(Chakan),Tomato,Other,Local,10/03/2025,1000,1300,1200,78
Maharashtra,Pune,Khed(Chakan),Tomato,Other,Local,21/03/2025,500,1000,750,78
Maharashtra,Pune,Khed(Chakan),Tomato,Other,Local,22/03/2025,600,1000,800,78
Maharashtra,Pune,Khed(Chakan),Tomato,Other,Local,28/03/2025,500,1000,750,78
Maharashtra,Pune,Khed(Chakan),Tomato,Other,Local,02/04/2025,600,1000,800,78
Maharashtra,Pune,Khed(Chakan),Tomato,Other,Local,03/04/2025,500,1000,700,78
Maharashtra,Pune,Khed(Chakan),Tomato,Other,Local,12/04/2025,800,1200,1000,78
Maharashtra,Pune,Khed(Chakan),Tomato,Other,Local,13/04/2025,1000,1500,1400,78
Maharashtra,Pune,Khed(Chakan),Tomato,Other,Local,15/04/2025,1000,1500,1300,78
Maharashtra,Pune,Khed(Chakan),Tomato,Other,Local,26/04/2025,800,1400,1100,78
Maharashtra,Pune,Khed(Chakan),Tomato,Other,Local,30/04/2025,1000,1600,1400,78
Maharashtra,Pune,Khed(Chakan),Tomato,Other,Local,07/05/2025,600,1000,800,78
Maharashtra,Pune,Khed(Chakan),Tomato,Other,Local,13/05/2025,1000,1500,1250,78
Maharashtra,Pune,Khed(Chakan),Tomato,Other,Local,17/05/2025,1200,1800,1500,78
Maharashtra,Pune,Khed(Chakan),Tomato,Other,Local,20/05/2025,1000,1500,1200,78
Maharashtra,Pune,Khed(Chakan),Tomato,Other,Local,24/05/2025,2000,3000,2500,78
Maharashtra,Pune,Khed(Chakan),Tomato,Other,Local,30/05/2025,1500,2500,2000,78
Maharashtra,Pune,Khed(Chakan),Tomato,Other,FAQ,17/08/2024,1000,2000,1500,78
Maharashtra,Pune,Khed(Chakan),Tomato,Other,FAQ,23/08/2024,1000,2500,2000,78
Maharashtra,Pune,Khed(Chakan),Tomato,Other,FAQ,30/08/2024,1000,2500,1500,78
Maharashtra,Pune,Khed(Chakan),Tomato,Other,Local,01/02/2025,600,1200,900,78
Maharashtra,Pune,Khed(Chakan),Tomato,Other,Local,07/02/2025,500,1000,800,78
Maharashtra,Pune,Khed(Chakan),Tomato,Other,Local,15/02/2025,500,1000,700,78
Maharashtra,Pune,Khed(Chakan),Tomato,Other,Local,16/02/2025,800,1400,1000,78
Maharashtra,Pune,Khed(Chakan),Tomato,Other,Local,18/02/2025,500,1000,700,78
Maharashtra,Pune,Khed(Chakan),Tomato,Other,Local,26/02/2025,700,1000,850,78
Maharashtra,Pune,Khed(Chakan),Tomato,Other,FAQ,13/01/2024,1000,2000,1500,78
Maharashtra,Pune,Khed(Chakan),Tomato,Other,FAQ,24/01/2024,1500,2500,2000,78
Maharashtra,Pune,Khed(Chakan),Tomato,Other,FAQ,08/02/2024,1500,2500,2000,78
Maharashtra,Pune,Khed(Chakan),Tomato,Other,FAQ,23/02/2024,1200,1800,1600,78
Maharashtra,Pune,Khed(Chakan),Tomato,Other,FAQ,07/03/2024,800,1200,1000,78
Maharashtra,Pune,Khed(Chakan),Tomato,Other,FAQ,21/03/2024,600,1000,800,78
Maharashtra,Pune,Khed(Chakan),Tomato,Other,FAQ,27/04/2024,500,1000,700,78
Maharashtra,Pune,Khed(Chakan),Tomato,Other,FAQ,02/01/2024,2000,3000,2500,78
Maharashtra,Pune,Khed(Chakan),Tomato,Other,FAQ,23/01/2024,1500,2500,2000,78
Maharashtra,Pune,Khed(Chakan),Tomato,Other,FAQ,27/01/2024,2500,4000,3000,78
Maharashtra,Pune,Khed(Chakan),Tomato,Other,FAQ,09/02/2024,1500,2500,2000,78
Maharashtra,Pune,Khed(Chakan),Tomato,Other,FAQ,17/02/2024,1000,2000,1500,78
Maharashtra,Pune,Khed(Chakan),Tomato,Other,FAQ,25/02/2024,1000,2000,1500,78
Maharashtra,Pune,Khed(Chakan),Tomato,Other,FAQ,12/03/2024,1000,1500,1200,78
Maharashtra,Pune,Khed(Chakan),Tomato,Other,FAQ,30/03/2024,500,800,700,78
Maharashtra,Pune,Khed(Chakan),Tomato,Other,FAQ,26/04/2024,800,1200,1000,78
Maharashtra,Pune,Khed(Chakan),Tomato,Other,FAQ,28/04/2024,500,1000,800,78
Maharashtra,Pune,Khed(Chakan),Tomato,Other,Local,02/07/2025,1000,1800,1400,78
Maharashtra,Pune,Khed(Chakan),Tomato,Other,Local,24/07/2025,1500,2500,2000,78
Maharashtra,Pune,Khed(Chakan),Tomato,Other,Local,26/07/2025,2000,3000,2500,78
Maharashtra,Pune,Khed(Chakan),Tomato,Other,Local,29/07/2025,3500,5000,4500,78
Maharashtra,Pune,Khed(Chakan),Tomato,Other,Local,13/06/2025,2000,3000,2500,78
Maharashtra,Pune,Khed(Chakan),Tomato,Other,Local,28/06/2025,800,1200,1000,78
Maharashtra,Pune,Khed(Chakan),Tomato,Other,Local,18/06/2025,1000,1500,1300,78
Maharashtra,Pune,Khed(Chakan),Tomato,Other,Local,16/09/2025,1000,1400,1200,78
Maharashtra,Pune,Khed(Chakan),Tomato,Other,Local,03/08/2025,3000,4500,3500,78
Maharashtra,Pune,Khed(Chakan),Tomato,Other,Local,07/08/2025,3000,4000,3500,78
Maharashtra,Pune,Khed(Chakan),Tomato,Other,Local,10/08/2025,3000,4500,3500,78
Maharashtra,Pune,Khed(Chakan),Tomato,Other,Local,12/08/2025,2000,4000,3000,78
Maharashtra,Pune,Khed(Chakan),Tomato,Other,Local,14/08/2025,2000,3500,2500,78
Maharashtra,Pune,Khed(Chakan),Tomato,Other,Local,17/08/2025,1500,3000,2500,78
Maharashtra,Pune,Khed(Chakan),Tomato,Other,Local,27/08/2025,1000,1500,1200,78
Maharashtra,Pune,Khed(Chakan),Tomato,Other,Local,29/08/2025,1000,2000,1500,78
Maharashtra,Pune,Khed(Chakan),Tomato,Other,Local,01/10/2025,1000,1600,1300,78
Maharashtra,Pune,Khed(Chakan),Tomato,Other,Local,01/11/2025,1000,1500,1200,78
Maharashtra,Pune,Khed(Chakan),Tomato,Other,Local,09/10/2025,1200,2000,1600,78
Maharashtra,Pune,Khed(Chakan),Tomato,Other,Local,11/10/2025,1000,1800,1400,78
Maharashtra,Pune,Khed(Chakan),Tomato,Other,Local,15/10/2025,1000,1800,1300,78
Maharashtra,Pune,Khed(Chakan),Tomato,Other,Local,16/10/2025,1000,1600,1300,78
Maharashtra,Pune,Khed(Chakan),Tomato,Other,Local,17/10/2025,1000,1800,1400,78
Maharashtra,Pune,Khed(Chakan),Tomato,Other,Local,28/10/2025,600,1000,800,78
Maharashtra,Pune,Khed(Chakan),Tomato,Other,Local,29/10/2025,500,1000,800,78
Maharashtra,Pune,Khed(Chakan),Tomato,Other,Local,30/10/2025,600,1000,800,78
Maharashtra,Pune,Khed(Chakan),Tomato,Other,FAQ,07/12/2024,2000,3000,2500,78
Maharashtra,Pune,Khed(Chakan),Tomato,Other,FAQ,12/12/2024,2000,3200,2500,78
Maharashtra,Pune,Khed(Chakan),Tomato,Other,FAQ,15/12/2024,2000,3000,2500,78
Maharashtra,Pune,Khed(Chakan),Tomato,Other,FAQ,18/12/2024,1500,2500,2000,78
Maharashtra,Pune,Khed(Chakan),Tomato,Other,FAQ,20/12/2024,1500,2500,2000,78
Maharashtra,Pune,Khed(Chakan),Tomato,Other,FAQ,25/12/2024,1500,2000,1750,78
Maharashtra,Pune,Khed(Chakan),Tomato,Other,FAQ,31/12/2024,500,1500,1000,78
Maharashtra,Pune,Khed(Chakan),Tomato,Other,FAQ,02/07/2024,3000,4500,4000,78
Maharashtra,Pune,Khed(Chakan),Tomato,Other,FAQ,05/07/2024,4000,6000,5000,78
Maharashtra,Pune,Khed(Chakan),Tomato,Other,FAQ,12/07/2024,4000,6000,5000,78
Maharashtra,Pune,Khed(Chakan),Tomato,Other,FAQ,23/07/2024,4000,6000,5000,78
Maharashtra,Pune,Khed(Chakan),Tomato,Other,FAQ,30/08/2024,1000,2500,1800,78
Maharashtra,Pune,Khed(Chakan),Tomato,Other,FAQ,03/05/2024,800,1200,1000,78
Maharashtra,Pune,Khed(Chakan),Tomato,Other,FAQ,08/05/2024,1000,1500,1200,78
Maharashtra,Pune,Khed(Chakan),Tomato,Other,FAQ,18/05/2024,800,1200,1000,78
Maharashtra,Pune,Khed(Chakan),Tomato,Other,FAQ,21/05/2024,1000,2000,1500,78
Maharashtra,Pune,Khed(Chakan),Tomato,Other,FAQ,22/05/2024,1000,1500,1400,78
Maharashtra,Pune,Khed(Chakan),Tomato,Other,FAQ,26/05/2024,1500,2500,2000,78
Maharashtra,Pune,Khed(Chakan),Tomato,Other,FAQ,29/05/2024,1000,2000,1600,78
Maharashtra,Pune,Khed(Chakan),Tomato,Other,FAQ,31/05/2024,1500,2000,1800,78
Maharashtra,Pune,Khed(Chakan),Tomato,Other,FAQ,09/06/2024,2000,3000,2500,78
Maharashtra,Pune,Khed(Chakan),Tomato,Other,FAQ,03/01/2024,1000,2500,1500,78
Maharashtra,Pune,Khed(Chakan),Tomato,Other,FAQ,06/01/2024,1000,2000,1500,78
Maharashtra,Pune,Khed(Chakan),Tomato,Other,FAQ,11/01/2024,1000,2000,1500,78
Maharashtra,Pune,Khed(Chakan),Tomato,Other,FAQ,16/01/2024,1000,2000,1500,78
Maharashtra,Pune,Khed(Chakan),Tomato,Other,FAQ,25/01/2024,2000,3000,2500,78
Maharashtra,Pune,Khed(Chakan),Tomato,Other,FAQ,31/01/2024,2000,3000,2500,78
Maharashtra,Pune,Khed(Chakan),Tomato,Other,FAQ,07/02/2024,1500,2500,2000,78
Maharashtra,Pune,Khed(Chakan),Tomato,Other,FAQ,21/02/2024,1000,2000,1500,78
Maharashtra,Pune,Khed(Chakan),Tomato,Other,FAQ,24/02/2024,1000,2000,1500,78
Maharashtra,Pune,Khed(Chakan),Tomato,Other,FAQ,29/02/2024,1000,1500,1200,78
Maharashtra,Pune,Khed(Chakan),Tomato,Other,FAQ,03/03/2024,1000,1800,1400,78
Maharashtra,Pune,Khed(Chakan),Tomato,Other,FAQ,06/03/2024,1000,1500,1200,78
Maharashtra,Pune,Khed(Chakan),Tomato,Other,FAQ,14/03/2024,1000,1500,1300,78
Maharashtra,Pune,Khed(Chakan),Tomato,Other,FAQ,16/03/2024,1000,1500,1300,78
Maharashtra,Pune,Khed(Chakan),Tomato,Other,FAQ,22/03/2024,500,1000,750,78
Maharashtra,Pune,Khed(Chakan),Tomato,Other,FAQ,26/03/2024,500,1000,750,78
Maharashtra,Pune,Khed(Chakan),Tomato,Other,FAQ,28/03/2024,800,1200,1000,78
Maharashtra,Pune,Khed(Chakan),Tomato,Other,FAQ,29/03/2024,400,900,600,78
Maharashtra,Pune,Khed(Chakan),Tomato,Other,FAQ,03/04/2024,600,1000,800,78
Maharashtra,Pune,Khed(Chakan),Tomato,Other,FAQ,04/04/2024,500,1000,700,78
Maharashtra,Pune,Khed(Chakan),Tomato,Other,FAQ,19/04/2024,500,1000,800,78
Maharashtra,Pune,Khed(Chakan),Tomato,Other,FAQ,20/04/2024,500,900,700,78
Maharashtra,Pune,Khed(Chakan),Tomato,Other,FAQ,30/04/2024,600,1000,800,78
Maharashtra,Pune,Khed(Chakan),Tomato,Other,FAQ,06/10/2024,4000,6000,5000,78
Maharashtra,Pune,Khed(Chakan),Tomato,Other,FAQ,01/09/2024,600,1400,1000,78
Maharashtra,Pune,Khed(Chakan),Tomato,Other,FAQ,20/09/2024,3000,4000,3500,78
Maharashtra,Pune,Khed(Chakan),Tomato,Other,FAQ,22/09/2024,2000,3000,2500,78
Maharashtra,Pune,Khed(Chakan),Tomato,Other,FAQ,09/10/2024,4000,5000,4500,78
Maharashtra,Pune,Khed(Chakan),Tomato,Other,FAQ,31/10/2024,1500,3000,2500,78
Maharashtra,Pune,Khed(Chakan),Tomato,Other,FAQ,30/10/2024,1500,2500,2000,78
Maharashtra,Pune,Khed(Chakan),Tomato,Other,FAQ,13/11/2024,2000,3000,2500,78
Maharashtra,Pune,Khed(Chakan),Tomato,Other,FAQ,15/11/2024,2000,3000,2500,78
Maharashtra,Pune,Khed(Chakan),Tomato,Other,FAQ,19/11/2024,2000,3000,2500,78
Maharashtra,Pune,Khed(Chakan),Tomato,Other,FAQ,21/11/2024,2000,2500,2200,78
Maharashtra,Pune,Khed(Chakan),Tomato,Other,FAQ,26/11/2024,2000,3000,2500,78
Maharashtra,Pune,Khed(Chakan),Tomato,Other,FAQ,07/06/2024,2000,3000,2500,78
Maharashtra,Pune,Khed(Chakan),Tomato,Other,FAQ,10/10/2024,3000,5000,4500,78
Maharashtra,Pune,Khed(Chakan),Tomato,Other,FAQ,15/10/2024,4000,6000,4500,78
Maharashtra,Pune,Khed(Chakan),Tomato,Other,FAQ,04/10/2024,2000,3500,2800,78
Maharashtra,Pune,Khed(Chakan),Tomato,Other,FAQ,02/08/2024,1000,2000,1500,78
Maharashtra,Pune,Khed(Chakan),Tomato,Other,FAQ,03/08/2024,1000,1800,1400,78
Maharashtra,Pune,Khed(Chakan),Tomato,Other,FAQ,04/08/2024,1500,2500,2000,78
Maharashtra,Pune,Khed(Chakan),Tomato,Other,FAQ,08/08/2024,1000,2000,1500,78
Maharashtra,Pune,Khed(Chakan),Tomato,Other,FAQ,13/08/2024,1000,2000,1500,78
Maharashtra,Pune,Khed(Chakan),Tomato,Other,FAQ,22/08/2024,1000,3000,2000,78
Maharashtra,Pune,Khed(Chakan),Tomato,Other,FAQ,27/08/2024,500,2000,1200,78
Maharashtra,Pune,Khed(Chakan),Tomato,Other,FAQ,29/08/2024,500,1500,1000,78
Maharashtra,Pune,Khed(Chakan),Tomato,Other,FAQ,12/01/2025,500,1500,1000,78
Maharashtra,Pune,Khed(Chakan),Tomato,Other,FAQ,24/01/2025,600,1200,800,78
Maharashtra,Pune,Khed(Chakan),Tomato,Other,Local,29/01/2025,600,1000,800,78
Maharashtra,Pune,Khed(Chakan),Tomato,Other,Local,18/04/2025,800,1200,1000,78
Maharashtra,Pune,Khed(Chakan),Tomato,Other,Local,22/04/2025,800,1200,1000,78
Maharashtra,Pune,Khed(Chakan),Tomato,Other,Local,08/04/2025,500,900,700,78
Maharashtra,Pune,Khed(Chakan),Tomato,Other,Local,23/04/2025,1000,1500,1250,78
Maharashtra,Pune,Khed(Chakan),Tomato,Other,Local,27/04/2025,800,1200,1000,78
Maharashtra,Pune,Khed(Chakan),Tomato,Other,Local,23/05/2025,1000,1500,1200,78
Maharashtra,Pune,Khed(Chakan),Tomato,Other,Local,02/02/2025,800,1500,1200,78
Maharashtra,Pune,Khed(Chakan),Tomato,Other,Local,06/02/2025,500,1000,750,78
Maharashtra,Pune,Khed(Chakan),Tomato,Other,Local,13/02/2025,500,800,700,78
Maharashtra,Pune,Khed(Chakan),Tomato,Other,FAQ,02/01/2022,2000,3000,2500,78
Maharashtra,Pune,Khed(Chakan),Tomato,Other,FAQ,05/01/2022,2000,3000,2500,78
Maharashtra,Pune,Khed(Chakan),Tomato,Other,FAQ,11/01/2022,1000,2000,1500,78
Maharashtra,Pune,Khed(Chakan),Tomato,Other,FAQ,16/01/2022,1000,2000,1500,78
Maharashtra,Pune,Khed(Chakan),Tomato,Other,FAQ,20/01/2022,500,1500,1000,78
Maharashtra,Pune,Khed(Chakan),Tomato,Other,FAQ,23/01/2022,1000,2000,1500,78
Maharashtra,Pune,Khed(Chakan),Tomato,Other,FAQ,29/01/2022,1000,2000,1500,78
Maharashtra,Pune,Khed(Chakan),Tomato,Other,FAQ,30/01/2022,1000,2000,1500,78
Maharashtra,Pune,Khed(Chakan),Tomato,Other,FAQ,05/02/2022,2000,3000,2500,78
Maharashtra,Pune,Khed(Chakan),Tomato,Other,FAQ,08/02/2022,2000,3000,2500,78
Maharashtra,Pune,Khed(Chakan),Tomato,Other,FAQ,26/02/2022,1000,1500,1250,78
Maharashtra,Pune,Khed(Chakan),Tomato,Other,FAQ,27/02/2022,1000,2000,1500,78
Maharashtra,Pune,Khed(Chakan),Tomato,Other,FAQ,08/03/2022,500,1000,700,78
Maharashtra,Pune,Khed(Chakan),Tomato,Other,FAQ,11/03/2022,500,1000,750,78
Maharashtra,Pune,Khed(Chakan),Tomato,Other,FAQ,15/03/2022,1000,1500,1250,78
Maharashtra,Pune,Khed(Chakan),Tomato,Other,FAQ,17/03/2022,1000,1400,1200,78
Maharashtra,Pune,Khed(Chakan),Tomato,Other,FAQ,27/03/2022,1000,1500,1250,78
Maharashtra,Pune,Khed(Chakan),Tomato,Other,FAQ,29/03/2022,1000,1600,1300,78
Maharashtra,Pune,Khed(Chakan),Tomato,Other,FAQ,01/04/2022,1000,1500,1250,78
Maharashtra,Pune,Khed(Chakan),Tomato,Other,FAQ,02/04/2022,500,1500,750,78
Maharashtra,Pune,Khed(Chakan),Tomato,Other,FAQ,03/04/2022,1000,2000,1500,78
Maharashtra,Pune,Khed(Chakan),Tomato,Other,FAQ,07/04/2022,1000,1500,1250,78
Maharashtra,Pune,Khed(Chakan),Tomato,Other,FAQ,14/04/2022,1000,1500,1250,78
Maharashtra,Pune,Khed(Chakan),Tomato,Other,FAQ,17/04/2022,1000,1800,1400,78
Maharashtra,Pune,Khed(Chakan),Tomato,Other,FAQ,22/04/2022,600,1800,1400,78
Maharashtra,Pune,Khed(Chakan),Tomato,Other,FAQ,23/04/2022,1000,1500,1250,78
Maharashtra,Pune,Khed(Chakan),Tomato,Other,FAQ,30/04/2022,1000,3000,2000,78
Maharashtra,Pune,Khed(Chakan),Tomato,Other,FAQ,06/05/2022,2000,4000,3000,78
Maharashtra,Pune,Khed(Chakan),Tomato,Other,FAQ,12/05/2022,3000,4000,3500,78
Maharashtra,Pune,Khed(Chakan),Tomato,Other,FAQ,31/05/2022,4000,5000,4500,78
Maharashtra,Pune,Khed(Chakan),Tomato,Other,FAQ,09/06/2022,4000,6000,5000,78
Maharashtra,Pune,Khed(Chakan),Tomato,Other,FAQ,14/06/2022,3000,4000,3500,78
Maharashtra,Pune,Khed(Chakan),Tomato,Other,FAQ,22/06/2022,3000,4000,3500,78
Maharashtra,Pune,Khed(Chakan),Tomato,Other,FAQ,23/06/2022,3500,4500,4000,78
Maharashtra,Pune,Khed(Chakan),Tomato,Other,FAQ,30/06/2022,3000,4000,3500,78
Maharashtra,Pune,Khed(Chakan),Tomato,Other,FAQ,12/07/2022,1000,2000,1500,78
Maharashtra,Pune,Khed(Chakan),Tomato,Other,FAQ,16/07/2022,800,1500,1200,78
Maharashtra,Pune,Khed(Chakan),Tomato,Other,FAQ,23/07/2022,1000,2000,1500,78
Maharashtra,Pune,Khed(Chakan),Tomato,Other,FAQ,24/07/2022,1500,2500,2000,78
Maharashtra,Pune,Khed(Chakan),Tomato,Other,FAQ,27/07/2022,800,1400,1000,78
Maharashtra,Pune,Khed(Chakan),Tomato,Other,FAQ,28/07/2022,800,1500,1150,78
Maharashtra,Pune,Khed(Chakan),Tomato,Other,FAQ,29/07/2022,1000,2000,1500,78
Maharashtra,Pune,Khed(Chakan),Tomato,Other,FAQ,12/08/2022,700,1500,1000,78
Maharashtra,Pune,Khed(Chakan),Tomato,Other,FAQ,23/08/2022,1000,1500,1250,78
Maharashtra,Pune,Khed(Chakan),Tomato,Other,FAQ,02/09/2022,600,1000,800,78
Maharashtra,Pune,Khed(Chakan),Tomato,Other,FAQ,06/09/2022,900,1500,1300,78
Maharashtra,Pune,Khed(Chakan),Tomato,Other,FAQ,18/09/2022,1000,2000,1500,78
Maharashtra,Pune,Khed(Chakan),Tomato,Other,FAQ,15/10/2022,3000,4000,3500,78
Maharashtra,Pune,Khed(Chakan),Tomato,Other,FAQ,25/10/2022,1000,1500,1250,78
Maharashtra,Pune,Khed(Chakan),Tomato,Other,FAQ,08/11/2022,1000,2000,1500,78
Maharashtra,Pune,Khed(Chakan),Tomato,Other,FAQ,14/12/2022,600,1000,800,78
Maharashtra,Pune,Khed(Chakan),Tomato,Other,FAQ,15/12/2022,500,1000,750,78
Maharashtra,Pune,Khed(Chakan),Tomato,Other,FAQ,20/12/2022,500,1000,750,78
Maharashtra,Pune,Khed(Chakan),Tomato,Other,FAQ,29/12/2022,600,1000,800,78
Maharashtra,Pune,Khed(Chakan),Tomato,Other,FAQ,31/12/2022,600,1000,800,78
Maharashtra,Pune,Khed(Chakan),Tomato,Other,Local,01/03/2025,800,1200,1000,78
Maharashtra,Pune,Khed(Chakan),Tomato,Other,Local,02/03/2025,1000,1200,1100,78
Maharashtra,Pune,Khed(Chakan),Tomato,Other,Local,06/03/2025,800,1200,1000,78
Maharashtra,Pune,Khed(Chakan),Tomato,Other,Local,12/03/2025,800,1200,1000,78
Maharashtra,Pune,Khed(Chakan),Tomato,Other,Local,16/03/2025,800,1200,1000,78
Maharashtra,Pune,Khed(Chakan),Tomato,Other,Local,20/03/2025,500,1000,700,78
Maharashtra,Pune,Khed(Chakan),Tomato,Other,Local,26/03/2025,500,1000,700,78
Maharashtra,Pune,Khed(Chakan),Tomato,Other,FAQ,04/01/2025,800,1200,1000,78
Maharashtra,Pune,Khed(Chakan),Tomato,Other,FAQ,17/01/2025,600,1200,800,78
Maharashtra,Pune,Khed(Chakan),Tomato,Other,Local,25/01/2025,1000,1500,1200,78
Maharashtra,Pune,Khed(Chakan),Tomato,Other,FAQ,10/01/2025,500,1200,850,78
Maharashtra,Pune,Khed(Chakan),Tomato,Other,FAQ,04/01/2023,600,1000,800,78
Maharashtra,Pune,Khed(Chakan),Tomato,Other,FAQ,20/01/2023,600,1000,800,78
Maharashtra,Pune,Khed(Chakan),Tomato,Other,FAQ,25/01/2023,1000,1500,1250,78
Maharashtra,Pune,Khed(Chakan),Tomato,Other,FAQ,27/01/2023,800,1200,1000,78
Maharashtra,Pune,Khed(Chakan),Tomato,Other,FAQ,07/02/2023,600,800,700,78
Maharashtra,Pune,Khed(Chakan),Tomato,Other,FAQ,25/02/2023,1000,1500,1250,78
Maharashtra,Pune,Khed(Chakan),Tomato,Other,FAQ,07/03/2023,1000,1500,1250,78
Maharashtra,Pune,Khed(Chakan),Tomato,Other,FAQ,12/03/2023,1000,1500,1250,78
Maharashtra,Pune,Khed(Chakan),Tomato,Other,FAQ,16/03/2023,1000,2000,1500,78
Maharashtra,Pune,Khed(Chakan),Tomato,Other,FAQ,18/03/2023,1000,2000,1500,78
Maharashtra,Pune,Khed(Chakan),Tomato,Other,FAQ,23/03/2023,1000,1500,1250,78
Maharashtra,Pune,Khed(Chakan),Tomato,Other,FAQ,25/03/2023,1000,2000,1500,78
Maharashtra,Pune,Khed(Chakan),Tomato,Other,FAQ,05/04/2023,1000,2000,1500,78
Maharashtra,Pune,Khed(Chakan),Tomato,Other,FAQ,13/04/2023,800,1200,1000,78
Maharashtra,Pune,Khed(Chakan),Tomato,Other,FAQ,16/04/2023,1000,1500,1250,78
Maharashtra,Pune,Khed(Chakan),Tomato,Other,FAQ,18/04/2023,1000,1500,1250,78
Maharashtra,Pune,Khed(Chakan),Tomato,Other,FAQ,28/04/2023,500,1000,750,78
Maharashtra,Pune,Khed(Chakan),Tomato,Other,FAQ,02/05/2023,500,1000,750,78
Maharashtra,Pune,Khed(Chakan),Tomato,Other,FAQ,03/05/2023,400,600,500,78
Maharashtra,Pune,Khed(Chakan),Tomato,Other,FAQ,09/05/2023,500,1000,800,78
Maharashtra,Pune,Khed(Chakan),Tomato,Other,FAQ,12/05/2023,500,1000,750,78
Maharashtra,Pune,Khed(Chakan),Tomato,Other,FAQ,02/06/2023,500,1000,750,78
Maharashtra,Pune,Khed(Chakan),Tomato,Other,FAQ,06/06/2023,1000,1500,1300,78
Maharashtra,Pune,Khed(Chakan),Tomato,Other,FAQ,08/06/2023,1200,1600,1400,78
Maharashtra,Pune,Khed(Chakan),Tomato,Other,FAQ,10/06/2023,1500,2000,1700,78
Maharashtra,Pune,Khed(Chakan),Tomato,Other,FAQ,20/06/2023,2500,3500,3000,78
Maharashtra,Pune,Khed(Chakan),Tomato,Other,FAQ,23/06/2023,3000,5000,4000,78
Maharashtra,Pune,Khed(Chakan),Tomato,Other,FAQ,25/06/2023,3000,5000,4000,78
Maharashtra,Pune,Khed(Chakan),Tomato,Other,FAQ,27/06/2023,3000,5000,4000,78
Maharashtra,Pune,Khed(Chakan),Tomato,Other,FAQ,30/06/2023,5000,6000,5500,78
Maharashtra,Pune,Khed(Chakan),Tomato,Other,FAQ,06/07/2023,7000,10000,8500,78
Maharashtra,Pune,Khed(Chakan),Tomato,Other,FAQ,14/07/2023,6000,8000,7000,78
Maharashtra,Pune,Khed(Chakan),Tomato,Other,FAQ,02/08/2023,7000,9000,8000,78
Maharashtra,Pune,Khed(Chakan),Tomato,Other,FAQ,05/08/2023,8000,10000,9000,78
Maharashtra,Pune,Khed(Chakan),Tomato,Other,FAQ,20/08/2023,2500,3500,3000,78
Maharashtra,Pune,Khed(Chakan),Tomato,Other,FAQ,25/08/2023,1800,2200,2000,78
Maharashtra,Pune,Khed(Chakan),Tomato,Other,FAQ,29/08/2023,1500,2500,2000,78
Maharashtra,Pune,Khed(Chakan),Tomato,Other,FAQ,01/09/2023,1500,2500,2000,78
Maharashtra,Pune,Khed(Chakan),Tomato,Other,FAQ,26/09/2023,600,1000,800,78
Maharashtra,Pune,Khed(Chakan),Tomato,Other,FAQ,04/10/2023,500,700,600,78
Maharashtra,Pune,Khed(Chakan),Tomato,Other,FAQ,08/10/2023,500,900,700,78
Maharashtra,Pune,Khed(Chakan),Tomato,Other,FAQ,10/10/2023,500,900,700,78
Maharashtra,Pune,Khed(Chakan),Tomato,Other,FAQ,11/10/2023,400,800,600,78
Maharashtra,Pune,Khed(Chakan),Tomato,Other,FAQ,14/10/2023,500,700,600,78
Maharashtra,Pune,Khed(Chakan),Tomato,Other,FAQ,31/10/2023,700,1400,1200,78
Maharashtra,Pune,Khed(Chakan),Tomato,Other,FAQ,09/11/2023,800,1200,1000,78
Maharashtra,Pune,Khed(Chakan),Tomato,Other,FAQ,19/11/2023,500,800,650,78
Maharashtra,Pune,Khed(Chakan),Tomato,Other,FAQ,23/11/2023,2000,3000,2500,78
Maharashtra,Pune,Khed(Chakan),Tomato,Other,FAQ,26/11/2023,1500,2500,2000,78
Maharashtra,Pune,Khed(Chakan),Tomato,Other,FAQ,12/12/2023,1000,2000,1500,78
Maharashtra,Pune,Khed(Chakan),Tomato,Other,FAQ,13/12/2023,1000,2000,1500,78
Maharashtra,Pune,Khed(Chakan),Tomato,Other,FAQ,17/12/2023,1000,2000,1500,78
Maharashtra,Pune,Khed(Chakan),Tomato,Other,FAQ,30/12/2023,1500,3000,2500,78
Maharashtra,Pune,Khed(Chakan),Tomato,Other,FAQ,31/12/2023,1500,2500,2000,78
Maharashtra,Pune,Khed(Chakan),Tomato,Other,FAQ,24/02/2021,500,1000,750,78
Maharashtra,Pune,Khed(Chakan),Tomato,Other,FAQ,05/03/2021,500,1000,750,78
Maharashtra,Pune,Khed(Chakan),Tomato,Other,FAQ,01/04/2021,500,1000,750,78
Maharashtra,Pune,Khed(Chakan),Tomato,Other,FAQ,04/04/2021,500,1200,900,78
Maharashtra,Pune,Khed(Chakan),Tomato,Other,FAQ,16/04/2021,500,1000,750,78
Maharashtra,Pune,Khed(Chakan),Tomato,Other,FAQ,21/04/2021,500,1000,750,78
Maharashtra,Pune,Khed(Chakan),Tomato,Other,FAQ,03/05/2021,1000,1800,1400,78
Maharashtra,Pune,Khed(Chakan),Tomato,Other,FAQ,10/05/2021,500,1000,750,78
Maharashtra,Pune,Khed(Chakan),Tomato,Other,FAQ,17/05/2021,800,1200,1000,78
Maharashtra,Pune,Khed(Chakan),Tomato,Other,FAQ,27/05/2021,500,1000,750,78
Maharashtra,Pune,Khed(Chakan),Tomato,Other,FAQ,02/06/2021,500,1000,700,78
Maharashtra,Pune,Khed(Chakan),Tomato,Other,FAQ,12/06/2021,500,1000,750,78
Maharashtra,Pune,Khed(Chakan),Tomato,Other,FAQ,18/06/2021,400,800,600,78
Maharashtra,Pune,Khed(Chakan),Tomato,Other,FAQ,20/06/2021,400,800,600,78
Maharashtra,Pune,Khed(Chakan),Tomato,Other,FAQ,30/06/2021,600,1000,800,78
Maharashtra,Pune,Khed(Chakan),Tomato,Other,FAQ,20/07/2021,1200,1600,1400,78
Maharashtra,Pune,Khed(Chakan),Tomato,Other,FAQ,22/07/2021,600,1200,900,78
Maharashtra,Pune,Khed(Chakan),Tomato,Other,FAQ,28/07/2021,1000,1400,1200,78
Maharashtra,Pune,Khed(Chakan),Tomato,Other,FAQ,29/07/2021,800,1200,1000,78
Maharashtra,Pune,Khed(Chakan),Tomato,Other,FAQ,10/08/2021,600,1200,900,78
Maharashtra,Pune,Khed(Chakan),Tomato,Other,FAQ,12/08/2021,400,800,600,78
Maharashtra,Pune,Khed(Chakan),Tomato,Other,FAQ,14/08/2021,600,1000,700,78
Maharashtra,Pune,Khed(Chakan),Tomato,Other,FAQ,20/08/2021,400,800,600,78
Maharashtra,Pune,Khed(Chakan),Tomato,Other,FAQ,28/08/2021,300,600,450,78
Maharashtra,Pune,Khed(Chakan),Tomato,Other,FAQ,29/08/2021,400,800,600,78
Maharashtra,Pune,Khed(Chakan),Tomato,Other,FAQ,08/09/2021,400,800,600,78
Maharashtra,Pune,Khed(Chakan),Tomato,Other,FAQ,10/09/2021,400,800,600,78
Maharashtra,Pune,Khed(Chakan),Tomato,Other,FAQ,17/09/2021,400,800,600,78
Maharashtra,Pune,Khed(Chakan),Tomato,Other,FAQ,24/09/2021,1000,2000,1500,78
Maharashtra,Pune,Khed(Chakan),Tomato,Other,FAQ,28/09/2021,1000,2000,1500,78
Maharashtra,Pune,Khed(Chakan),Tomato,Other,FAQ,01/10/2021,2500,3500,3000,78
Maharashtra,Pune,Khed(Chakan),Tomato,Other,FAQ,14/10/2021,1500,3500,3000,78
Maharashtra,Pune,Khed(Chakan),Tomato,Other,FAQ,31/10/2021,2000,3000,2500,78
Maharashtra,Pune,Khed(Chakan),Tomato,Other,FAQ,03/11/2021,2500,3500,3000,78
Maharashtra,Pune,Khed(Chakan),Tomato,Other,FAQ,07/11/2021,3000,4000,3500,78
Maharashtra,Pune,Khed(Chakan),Tomato,Other,FAQ,24/11/2021,3000,4000,3500,78
Maharashtra,Pune,Khed(Chakan),Tomato,Other,FAQ,25/11/2021,3000,4000,3500,78
Maharashtra,Pune,Khed(Chakan),Tomato,Other,FAQ,30/11/2021,3000,4000,3500,78
Maharashtra,Pune,Khed(Chakan),Tomato,Other,FAQ,11/12/2021,2500,3500,3000,78
Maharashtra,Pune,Khed(Chakan),Tomato,Other,FAQ,15/12/2021,1500,3000,2500,78
Maharashtra,Pune,Khed(Chakan),Tomato,Other,FAQ,23/12/2021,1500,2500,2000,78
Maharashtra,Pune,Khed(Chakan),Tomato,Other,Local,16/08/2025,1500,3000,2250,78
Maharashtra,Pune,Khed(Chakan),Tomato,Other,Local,06/08/2025,3000,5000,4000,78
Maharashtra,Pune,Khed(Chakan),Tomato,Other,Local,08/08/2025,2500,3500,3000,78
Maharashtra,Pune,Khed(Chakan),Tomato,Other,Local,09/08/2025,2000,3500,3000,78
Maharashtra,Pune,Khed(Chakan),Tomato,Other,Local,12/06/2025,1500,2500,2000,78
Maharashtra,Pune,Khed(Chakan),Tomato,Other,Local,20/06/2025,1000,2000,1500,78
Maharashtra,Pune,Khed(Chakan),Tomato,Other,Local,27/06/2025,800,1400,1000,78
Maharashtra,Pune,Khed(Chakan),Tomato,Other,Local,29/06/2025,1200,1800,1600,78
Maharashtra,Pune,Khed(Chakan),Tomato,Other,Local,04/06/2025,1000,2000,1500,78
Maharashtra,Pune,Khed(Chakan),Tomato,Other,Local,11/06/2025,1000,1800,1400,78
Maharashtra,Pune,Khed(Chakan),Tomato,Other,Local,03/07/2025,1000,2000,1500,78
Maharashtra,Pune,Khed(Chakan),Tomato,Other,Local,09/07/2025,1800,2200,2000,78
Maharashtra,Pune,Khed(Chakan),Tomato,Other,Local,15/07/2025,1000,2000,1500,78
Maharashtra,Pune,Khed(Chakan),Tomato,Other,Local,31/07/2025,3000,4500,3500,78
Maharashtra,Pune,Khed(Chakan),Tomato,Other,Local,03/09/2025,800,1200,1000,78
Maharashtra,Pune,Khed(Chakan),Tomato,Other,Local,06/09/2025,1000,2000,1500,78
Maharashtra,Pune,Khed(Chakan),Tomato,Other,Local,09/09/2025,500,1200,900,78
Maharashtra,Pune,Khed(Chakan),Tomato,Other,Local,11/09/2025,1000,1600,1300,78
Maharashtra,Pune,Khed(Chakan),Tomato,Other,Local,13/09/2025,800,1400,1000,78
Maharashtra,Pune,Khed(Chakan),Tomato,Other,Local,20/09/2025,600,1000,800,78
Maharashtra,Pune,Khed(Chakan),Tomato,Other,Local,26/09/2025,800,1200,1000,78
Maharashtra,Pune,Khed(Chakan),Tomato,Other,Local,28/09/2025,1000,1600,1300,78
Maharashtra,Pune,Khed(Chakan),Tomato,Other,Local,30/09/2025,1000,2000,1500,78
Maharashtra,Pune,Khed(Chakan),Tomato,Other,Local,02/10/2025,1000,1600,1300,78
Maharashtra,Pune,Khed(Chakan),Tomato,Other,Local,05/10/2025,1200,2200,1700,78
Maharashtra,Pune,Khed(Chakan),Tomato,Other,Local,10/10/2025,1000,2200,1500,78
Maharashtra,Pune,Khed(Chakan),Tomato,Other,Local,26/10/2025,700,1200,1000,78
Maharashtra,Pune,Khed(Chakan),Tomato,Other,FAQ,10/03/2021,500,1000,750,78
Maharashtra,Pune,Khed(Chakan),Tomato,Other,FAQ,12/03/2021,500,1000,750,78
Maharashtra,Pune,Khed(Chakan),Tomato,Other,FAQ,27/04/2021,600,1200,900,78
Maharashtra,Pune,Khed(Chakan),Tomato,Other,FAQ,13/05/2021,600,1200,900,78
Maharashtra,Pune,Khed(Chakan),Tomato,Other,FAQ,31/05/2021,500,1000,750,78
Maharashtra,Pune,Khed(Chakan),Tomato,Other,FAQ,03/06/2021,500,1000,750,78
Maharashtra,Pune,Khed(Chakan),Tomato,Other,FAQ,04/06/2021,500,1000,750,78
Maharashtra,Pune,Khed(Chakan),Tomato,Other,FAQ,05/06/2021,500,1000,750,78
Maharashtra,Pune,Khed(Chakan),Tomato,Other,FAQ,06/06/2021,600,1200,800,78
Maharashtra,Pune,Khed(Chakan),Tomato,Other,FAQ,08/06/2021,600,1200,900,78
Maharashtra,Pune,Khed(Chakan),Tomato,Other,FAQ,25/06/2021,400,800,600,78
Maharashtra,Pune,Khed(Chakan),Tomato,Other,FAQ,27/06/2021,400,800,600,78
Maharashtra,Pune,Khed(Chakan),Tomato,Other,FAQ,04/07/2021,600,1000,800,78
Maharashtra,Pune,Khed(Chakan),Tomato,Other,FAQ,14/07/2021,400,800,600,78
Maharashtra,Pune,Khed(Chakan),Tomato,Other,FAQ,16/07/2021,800,1600,1200,78
Maharashtra,Pune,Khed(Chakan),Tomato,Other,FAQ,21/07/2021,500,1000,750,78
Maharashtra,Pune,Khed(Chakan),Tomato,Other,FAQ,30/07/2021,1000,1600,1300,78
Maharashtra,Pune,Khed(Chakan),Tomato,Other,FAQ,08/08/2021,800,1400,1100,78
Maharashtra,Pune,Khed(Chakan),Tomato,Other,FAQ,19/08/2021,300,600,500,78
Maharashtra,Pune,Khed(Chakan),Tomato,Other,FAQ,21/08/2021,300,600,450,78
Maharashtra,Pune,Khed(Chakan),Tomato,Other,FAQ,24/08/2021,500,1000,750,78
Maharashtra,Pune,Khed(Chakan),Tomato,Other,FAQ,25/08/2021,500,1000,750,78
Maharashtra,Pune,Khed(Chakan),Tomato,Other,FAQ,03/09/2021,500,700,600,78
Maharashtra,Pune,Khed(Chakan),Tomato,Other,FAQ,04/09/2021,400,800,600,78
Maharashtra,Pune,Khed(Chakan),Tomato,Other,FAQ,09/09/2021,400,800,600,78
Maharashtra,Pune,Khed(Chakan),Tomato,Other,FAQ,11/09/2021,400,800,600,78
Maharashtra,Pune,Khed(Chakan),Tomato,Other,FAQ,14/09/2021,400,600,500,78
Maharashtra,Pune,Khed(Chakan),Tomato,Other,FAQ,19/09/2021,500,1000,750,78
Maharashtra,Pune,Khed(Chakan),Tomato,Other,FAQ,21/09/2021,500,1000,750,78
Maharashtra,Pune,Khed(Chakan),Tomato,Other,FAQ,05/10/2021,2000,3000,2500,78
Maharashtra,Pune,Khed(Chakan),Tomato,Other,FAQ,16/10/2021,3000,4000,3500,78
Maharashtra,Pune,Khed(Chakan),Tomato,Other,FAQ,20/10/2021,2000,4000,3000,78
Maharashtra,Pune,Khed(Chakan),Tomato,Other,FAQ,30/10/2021,2000,3000,2500,78
Maharashtra,Pune,Khed(Chakan),Tomato,Other,FAQ,09/11/2021,2000,3000,2500,78
Maharashtra,Pune,Khed(Chakan),Tomato,Other,FAQ,11/11/2021,2500,3500,3000,78
Maharashtra,Pune,Khed(Chakan),Tomato,Other,FAQ,21/11/2021,3500,4500,4000,78
Maharashtra,Pune,Khed(Chakan),Tomato,Other,FAQ,26/11/2021,3000,4000,3500,78
Maharashtra,Pune,Khed(Chakan),Tomato,Other,FAQ,27/11/2021,3000,4000,3500,78
Maharashtra,Pune,Khed(Chakan),Tomato,Other,FAQ,01/12/2021,3000,4000,3500,78
Maharashtra,Pune,Khed(Chakan),Tomato,Other,FAQ,03/12/2021,3000,4000,3500,78
Maharashtra,Pune,Khed(Chakan),Tomato,Other,FAQ,14/12/2021,2000,4000,3000,78
Maharashtra,Pune,Khed(Chakan),Tomato,Other,FAQ,18/12/2021,1000,2000,1500,78
Maharashtra,Pune,Khed(Chakan),Tomato,Other,FAQ,21/12/2021,2000,3000,2500,78
Maharashtra,Pune,Khed(Chakan),Tomato,Other,FAQ,26/12/2021,2000,4000,3000,78
Maharashtra,Pune,Khed(Chakan),Tomato,Other,FAQ,29/12/2021,2000,3000,2500,78
Maharashtra,Pune,Khed(Chakan),Tomato,Other,FAQ,31/12/2021,2000,3500,3000,78
Maharashtra,Pune,Khed(Chakan),Tomato,Other,FAQ,05/01/2024,1000,2000,1500,78
Maharashtra,Pune,Khed(Chakan),Tomato,Other,FAQ,28/01/2024,2000,3000,2500,78
Maharashtra,Pune,Khed(Chakan),Tomato,Other,FAQ,06/02/2024,2000,3000,2500,78
Maharashtra,Pune,Khed(Chakan),Tomato,Other,FAQ,10/02/2024,2000,3000,2500,78
Maharashtra,Pune,Khed(Chakan),Tomato,Other,FAQ,13/02/2024,1800,2300,2000,78
Maharashtra,Pune,Khed(Chakan),Tomato,Other,FAQ,18/02/2024,1000,2200,1600,78
Maharashtra,Pune,Khed(Chakan),Tomato,Other,FAQ,20/02/2024,1000,2000,1500,78
Maharashtra,Pune,Khed(Chakan),Tomato,Other,FAQ,27/02/2024,1000,2000,1500,78
Maharashtra,Pune,Khed(Chakan),Tomato,Other,FAQ,08/03/2024,1000,1500,1300,78
Maharashtra,Pune,Khed(Chakan),Tomato,Other,FAQ,13/03/2024,1000,1500,1200,78
Maharashtra,Pune,Khed(Chakan),Tomato,Other,FAQ,19/03/2024,1000,1500,1300,78
Maharashtra,Pune,Khed(Chakan),Tomato,Other,FAQ,01/06/2024,1000,2000,1500,78
Maharashtra,Pune,Khed(Chakan),Tomato,Other,FAQ,05/06/2024,2500,3500,3000,78
Maharashtra,Pune,Khed(Chakan),Tomato,Other,FAQ,08/06/2024,2000,3000,2500,78
Maharashtra,Pune,Khed(Chakan),Tomato,Other,FAQ,28/06/2024,3500,4500,4000,78
Maharashtra,Pune,Khed(Chakan),Tomato,Other,FAQ,02/05/2024,800,1300,1000,78
Maharashtra,Pune,Khed(Chakan),Tomato,Other,FAQ,04/05/2024,1000,1500,1200,78
Maharashtra,Pune,Khed(Chakan),Tomato,Other,FAQ,05/05/2024,1000,1500,1300,78
Maharashtra,Pune,Khed(Chakan),Tomato,Other,FAQ,07/05/2024,1000,1500,1300,78
Maharashtra,Pune,Khed(Chakan),Tomato,Other,FAQ,16/05/2024,600,1000,750,78
Maharashtra,Pune,Khed(Chakan),Tomato,Other,FAQ,19/05/2024,800,1000,900,78
Maharashtra,Pune,Khed(Chakan),Tomato,Other,FAQ,28/05/2024,1500,2000,1800,78
Maharashtra,Pune,Khed(Chakan),Tomato,Other,FAQ,07/01/2025,500,1500,1000,78
Maharashtra,Pune,Khed(Chakan),Tomato,Other,FAQ,03/01/2025,800,1300,1050,78
Maharashtra,Pune,Khed(Chakan),Tomato,Other,FAQ,08/01/2025,800,1500,1250,78
Maharashtra,Pune,Khed(Chakan),Tomato,Other,FAQ,11/01/2025,500,1500,1000,78
Maharashtra,Pune,Khed(Chakan),Tomato,Other,FAQ,16/01/2025,1000,1500,1200,78
Maharashtra,Pune,Khed(Chakan),Tomato,Other,FAQ,21/01/2025,500,1000,750,78
Maharashtra,Pune,Khed(Chakan),Tomato,Other,Local,20/02/2025,800,1200,1000,78
Maharashtra,Pune,Khed(Chakan),Tomato,Other,Local,23/02/2025,1000,1500,1200,78
Maharashtra,Pune,Khed(Chakan),Tomato,Other,Local,27/02/2025,600,1000,800,78
Maharashtra,Pune,Khed(Chakan),Tomato,Other,FAQ,08/12/2024,1500,2500,2000,78
Maharashtra,Pune,Khed(Chakan),Tomato,Other,FAQ,11/12/2024,2000,3000,2500,78
Maharashtra,Pune,Khed(Chakan),Tomato,Other,FAQ,13/12/2024,1200,2000,1600,78
Maharashtra,Pune,Khed(Chakan),Tomato,Other,FAQ,22/12/2024,1500,2500,2000,78
Maharashtra,Pune,Khed(Chakan),Tomato,Other,FAQ,24/12/2024,1500,2500,2000,78
Maharashtra,Pune,Khed(Chakan),Tomato,Other,FAQ,04/09/2024,1500,2500,2000,78
Maharashtra,Pune,Khed(Chakan),Tomato,Other,FAQ,08/09/2024,1000,2200,1500,78
Maharashtra,Pune,Khed(Chakan),Tomato,Other,FAQ,23/10/2024,3000,5000,4000,78
Maharashtra,Pune,Khed(Chakan),Tomato,Other,FAQ,24/10/2024,2000,4000,3000,78
Maharashtra,Pune,Khed(Chakan),Tomato,Other,FAQ,26/10/2024,1000,3000,2000,78
Maharashtra,Pune,Khed(Chakan),Tomato,Other,FAQ,19/01/2023,600,1000,800,78
Maharashtra,Pune,Khed(Chakan),Tomato,Other,FAQ,22/01/2023,1000,1500,1250,78
Maharashtra,Pune,Khed(Chakan),Tomato,Other,FAQ,02/02/2023,400,800,600,78
Maharashtra,Pune,Khed(Chakan),Tomato,Other,FAQ,05/02/2023,500,1000,750,78
Maharashtra,Pune,Khed(Chakan),Tomato,Other,FAQ,12/02/2023,1000,1500,1250,78
Maharashtra,Pune,Khed(Chakan),Tomato,Other,FAQ,22/02/2023,1000,1500,1250,78
Maharashtra,Pune,Khed(Chakan),Tomato,Other,FAQ,09/03/2023,1000,1500,1250,78
Maharashtra,Pune,Khed(Chakan),Tomato,Other,FAQ,21/03/2023,1000,2000,1500,78
Maharashtra,Pune,Khed(Chakan),Tomato,Other,FAQ,24/03/2023,1000,2000,1500,78
Maharashtra,Pune,Khed(Chakan),Tomato,Other,FAQ,29/03/2023,1000,2000,1500,78
Maharashtra,Pune,Khed(Chakan),Tomato,Other,FAQ,30/03/2023,1000,2000,1500,78
Maharashtra,Pune,Khed(Chakan),Tomato,Other,FAQ,09/04/2023,1000,1500,1250,78
Maharashtra,Pune,Khed(Chakan),Tomato,Other,FAQ,12/04/2023,1000,1500,1250,78
Maharashtra,Pune,Khed(Chakan),Tomato,Other,FAQ,29/04/2023,500,800,650,78
Maharashtra,Pune,Khed(Chakan),Tomato,Other,FAQ,05/05/2023,600,800,700,78
Maharashtra,Pune,Khed(Chakan),Tomato,Other,FAQ,26/05/2023,600,1000,800,78
Maharashtra,Pune,Khed(Chakan),Tomato,Other,FAQ,27/05/2023,800,1000,900,78
Maharashtra,Pune,Khed(Chakan),Tomato,Other,FAQ,09/06/2023,1000,2000,1500,78
Maharashtra,Pune,Khed(Chakan),Tomato,Other,FAQ,13/06/2023,2000,3000,2500,78
Maharashtra,Pune,Khed(Chakan),Tomato,Other,FAQ,17/06/2023,2000,3000,2500,78
Maharashtra,Pune,Khed(Chakan),Tomato,Other,FAQ,28/06/2023,4000,5000,4500,78
Maharashtra,Pune,Khed(Chakan),Tomato,Other,FAQ,29/06/2023,3000,6000,5500,78
Maharashtra,Pune,Khed(Chakan),Tomato,Other,FAQ,04/07/2023,5000,9000,7000,78
Maharashtra,Pune,Khed(Chakan),Tomato,Other,FAQ,05/07/2023,800,1200,1000,78
Maharashtra,Pune,Khed(Chakan),Tomato,Other,FAQ,09/07/2023,6000,8000,7000,78
Maharashtra,Pune,Khed(Chakan),Tomato,Other,FAQ,20/07/2023,6000,9000,7500,78
Maharashtra,Pune,Khed(Chakan),Tomato,Other,FAQ,29/07/2023,7000,9000,8000,78
Maharashtra,Pune,Khed(Chakan),Tomato,Other,FAQ,03/08/2023,7000,10000,9000,78
Maharashtra,Pune,Khed(Chakan),Tomato,Other,FAQ,08/08/2023,8000,10000,9000,78
Maharashtra,Pune,Khed(Chakan),Tomato,Other,FAQ,09/08/2023,6000,9000,8000,78
Maharashtra,Pune,Khed(Chakan),Tomato,Other,FAQ,11/08/2023,4000,7000,5500,78
Maharashtra,Pune,Khed(Chakan),Tomato,Other,FAQ,12/08/2023,5000,8000,6500,78
Maharashtra,Pune,Khed(Chakan),Tomato,Other,FAQ,30/08/2023,1500,2000,1800,78
Maharashtra,Pune,Khed(Chakan),Tomato,Other,FAQ,31/08/2023,1000,2000,1500,78
Maharashtra,Pune,Khed(Chakan),Tomato,Other,FAQ,05/09/2023,1000,2000,1500,78
Maharashtra,Pune,Khed(Chakan),Tomato,Other,FAQ,08/09/2023,500,1000,750,78
Maharashtra,Pune,Khed(Chakan),Tomato,Other,FAQ,09/09/2023,500,1000,750,78
Maharashtra,Pune,Khed(Chakan),Tomato,Other,FAQ,17/09/2023,600,1000,800,78
Maharashtra,Pune,Khed(Chakan),Tomato,Other,FAQ,22/09/2023,500,700,600,78
Maharashtra,Pune,Khed(Chakan),Tomato,Other,FAQ,27/09/2023,500,1000,750,78
Maharashtra,Pune,Khed(Chakan),Tomato,Other,FAQ,15/10/2023,500,700,600,78
Maharashtra,Pune,Khed(Chakan),Tomato,Other,FAQ,17/10/2023,600,1200,800,78
Maharashtra,Pune,Khed(Chakan),Tomato,Other,FAQ,22/10/2023,500,900,700,78
Maharashtra,Pune,Khed(Chakan),Tomato,Other,FAQ,03/11/2023,1000,2000,1500,78
Maharashtra,Pune,Khed(Chakan),Tomato,Other,FAQ,15/11/2023,2000,3500,3000,78
Maharashtra,Pune,Khed(Chakan),Tomato,Other,FAQ,17/11/2023,2000,3000,2500,78
Maharashtra,Pune,Khed(Chakan),Tomato,Other,FAQ,03/12/2023,2000,3000,2500,78
Maharashtra,Pune,Khed(Chakan),Tomato,Other,FAQ,16/12/2023,1000,2000,1500,78
Maharashtra,Pune,Khed(Chakan),Tomato,Other,FAQ,20/12/2023,1000,2000,1500,78
Maharashtra,Pune,Khed(Chakan),Tomato,Other,FAQ,21/12/2023,1000,2000,1500,78
Maharashtra,Pune,Khed(Chakan),Tomato,Other,Local,08/03/2025,800,1200,1000,78
Maharashtra,Pune,Khed(Chakan),Tomato,Other,Local,11/03/2025,800,1400,1200,78
Maharashtra,Pune,Khed(Chakan),Tomato,Other,Local,14/03/2025,1000,1600,1300,78
Maharashtra,Pune,Khed(Chakan),Tomato,Other,Local,05/06/2025,1000,2000,1500,78
Maharashtra,Pune,Khed(Chakan),Tomato,Other,Local,07/06/2025,1000,2000,1500,78
Maharashtra,Pune,Khed(Chakan),Tomato,Other,Local,08/06/2025,1000,1500,1250,78
Maharashtra,Pune,Khed(Chakan),Tomato,Other,Local,10/06/2025,1000,2000,1500,78
Maharashtra,Pune,Khed(Chakan),Tomato,Other,Local,19/06/2025,1500,2000,1800,78
Maharashtra,Pune,Khed(Chakan),Tomato,Other,Local,21/06/2025,1000,2000,1500,78
Maharashtra,Pune,Khed(Chakan),Tomato,Other,Local,22/06/2025,1000,2000,1500,78
Maharashtra,Pune,Khed(Chakan),Tomato,Other,Local,24/06/2025,1500,2000,1600,78
Maharashtra,Pune,Khed(Chakan),Tomato,Other,Local,25/06/2025,1000,1600,1400,78
Maharashtra,Pune,Khed(Chakan),Tomato,Other,Local,26/06/2025,800,1400,1100,78
Maharashtra,Pune,Khed(Chakan),Tomato,Other,Local,06/07/2025,1500,2500,2000,78
Maharashtra,Pune,Khed(Chakan),Tomato,Other,Local,10/07/2025,1500,2500,2000,78
Maharashtra,Pune,Khed(Chakan),Tomato,Other,Local,13/07/2025,1500,2500,2000,78
Maharashtra,Pune,Khed(Chakan),Tomato,Other,Local,16/07/2025,1000,1500,1200,78
Maharashtra,Pune,Khed(Chakan),Tomato,Other,Local,23/07/2025,1000,2000,1500,78
Maharashtra,Pune,Khed(Chakan),Tomato,Other,Local,04/04/2025,500,1000,750,78
Maharashtra,Pune,Khed(Chakan),Tomato,Other,Local,17/04/2025,800,1200,1000,78
Maharashtra,Pune,Khed(Chakan),Tomato,Other,Local,02/05/2025,800,1500,1000,78
Maharashtra,Pune,Khed(Chakan),Tomato,Other,Local,15/05/2025,1000,1500,1250,78
Maharashtra,Pune,Khed(Chakan),Tomato,Other,Local,16/05/2025,1000,1500,1250,78
Maharashtra,Pune,Khed(Chakan),Tomato,Other,Local,22/05/2025,1000,1500,1300,78
Maharashtra,Pune,Khed(Chakan),Tomato,Other,Local,29/05/2025,2000,3000,2500,78
Maharashtra,Pune,Khed(Chakan),Tomato,Other,FAQ,13/10/2024,2000,5000,4000,78
Maharashtra,Pune,Khed(Chakan),Tomato,Other,FAQ,03/10/2024,3000,4000,3500,78
Maharashtra,Pune,Khed(Chakan),Tomato,Other,FAQ,27/10/2024,1500,4000,3000,78
Maharashtra,Pune,Khed(Chakan),Tomato,Other,FAQ,06/11/2024,2000,3000,2500,78
Maharashtra,Pune,Khed(Chakan),Tomato,Other,FAQ,07/11/2024,1500,2500,2000,78
Maharashtra,Pune,Khed(Chakan),Tomato,Other,FAQ,09/11/2024,2000,3000,2500,78
Maharashtra,Pune,Khed(Chakan),Tomato,Other,FAQ,10/11/2024,2000,3000,2500,78
Maharashtra,Pune,Khed(Chakan),Tomato,Other,FAQ,12/11/2024,2000,3000,2500,78
Maharashtra,Pune,Khed(Chakan),Tomato,Other,FAQ,14/11/2024,2000,3000,2500,78
Maharashtra,Pune,Khed(Chakan),Tomato,Other,FAQ,16/11/2024,2000,3000,2500,78
Maharashtra,Pune,Khed(Chakan),Tomato,Other,FAQ,30/11/2024,2500,3500,3000,78
Maharashtra,Pune,Khed(Chakan),Tomato,Other,FAQ,18/08/2024,1500,2500,2000,78
Maharashtra,Pune,Khed(Chakan),Tomato,Other,FAQ,21/08/2024,1500,2500,2000,78
Maharashtra,Pune,Khed(Chakan),Tomato,Other,FAQ,28/08/2024,1000,2500,1700,78
Maharashtra,Pune,Khed(Chakan),Tomato,Other,FAQ,31/08/2024,1000,2500,1700,78
Maharashtra,Pune,Khed(Chakan),Tomato,Other,FAQ,03/07/2024,3700,5400,4200,78
Maharashtra,Pune,Khed(Chakan),Tomato,Other,FAQ,04/07/2024,3000,4500,4000,78
Maharashtra,Pune,Khed(Chakan),Tomato,Other,FAQ,13/07/2024,4000,6000,5000,78
Maharashtra,Pune,Khed(Chakan),Tomato,Other,FAQ,14/07/2024,4000,6000,5000,78
Maharashtra,Pune,Khed(Chakan),Tomato,Other,FAQ,25/07/2024,2500,5000,3500,78
Maharashtra,Pune,Khed(Chakan),Tomato,Other,FAQ,27/07/2024,2500,4500,3500,78
Maharashtra,Pune,Khed(Chakan),Tomato,Other,FAQ,28/07/2024,2000,4000,3000,78
Maharashtra,Pune,Khed(Chakan),Tomato,Other,FAQ,30/07/2024,2000,3000,2500,78
Maharashtra,Pune,Khed(Chakan),Tomato,Other,FAQ,29/06/2022,3000,4000,3500,78
Maharashtra,Pune,Khed(Chakan),Tomato,Other,FAQ,06/07/2022,1000,2000,1500,78
Maharashtra,Pune,Khed(Chakan),Tomato,Other,FAQ,10/07/2022,1000,2000,1500,78
Maharashtra,Pune,Khed(Chakan),Tomato,Other,FAQ,14/07/2022,2000,3000,2500,78
Maharashtra,Pune,Khed(Chakan),Tomato,Other,FAQ,20/07/2022,1000,1600,1300,78
Maharashtra,Pune,Khed(Chakan),Tomato,Other,FAQ,03/08/2022,700,1200,1000,78
Maharashtra,Pune,Khed(Chakan),Tomato,Other,FAQ,04/08/2022,800,1500,1000,78
Maharashtra,Pune,Khed(Chakan),Tomato,Other,FAQ,11/08/2022,1200,1500,1300,78
Maharashtra,Pune,Khed(Chakan),Tomato,Other,FAQ,16/08/2022,1000,1500,1250,78
Maharashtra,Pune,Khed(Chakan),Tomato,Other,FAQ,31/08/2022,500,1000,750,78
Maharashtra,Pune,Khed(Chakan),Tomato,Other,FAQ,15/09/2022,1000,1600,1300,78
Maharashtra,Pune,Khed(Chakan),Tomato,Other,FAQ,16/09/2022,1000,1800,1400,78
Maharashtra,Pune,Khed(Chakan),Tomato,Other,FAQ,25/09/2022,1000,2000,1500,78
Maharashtra,Pune,Khed(Chakan),Tomato,Other,FAQ,28/09/2022,1500,2500,2000,78
Maharashtra,Pune,Khed(Chakan),Tomato,Other,FAQ,06/10/2022,2500,3500,3000,78
Maharashtra,Pune,Khed(Chakan),Tomato,Other,FAQ,08/10/2022,2000,3000,2500,78
Maharashtra,Pune,Khed(Chakan),Tomato,Other,FAQ,09/10/2022,1500,3000,2200,78
Maharashtra,Pune,Khed(Chakan),Tomato,Other,FAQ,11/10/2022,2000,3000,2500,78
Maharashtra,Pune,Khed(Chakan),Tomato,Other,FAQ,12/10/2022,1500,2500,2000,78
Maharashtra,Pune,Khed(Chakan),Tomato,Other,FAQ,21/10/2022,2000,4000,3000,78
Maharashtra,Pune,Khed(Chakan),Tomato,Other,FAQ,23/10/2022,1500,3500,3000,78
Maharashtra,Pune,Khed(Chakan),Tomato,Other,FAQ,27/10/2022,1000,1500,1200,78
Maharashtra,Pune,Khed(Chakan),Tomato,Other,FAQ,28/10/2022,2500,3000,2700,78
Maharashtra,Pune,Khed(Chakan),Tomato,Other,FAQ,05/11/2022,1000,2000,1500,78
Maharashtra,Pune,Khed(Chakan),Tomato,Other,FAQ,16/11/2022,800,1100,900,78
Maharashtra,Pune,Khed(Chakan),Tomato,Other,FAQ,17/11/2022,400,800,600,78
Maharashtra,Pune,Khed(Chakan),Tomato,Other,FAQ,19/11/2022,500,1000,750,78
Maharashtra,Pune,Khed(Chakan),Tomato,Other,FAQ,22/11/2022,400,800,600,78
Maharashtra,Pune,Khed(Chakan),Tomato,Other,FAQ,16/12/2022,400,800,600,78
Maharashtra,Pune,Khed(Chakan),Tomato,Other,FAQ,17/12/2022,500,1000,750,78
Maharashtra,Pune,Khed(Chakan),Tomato,Other,FAQ,24/12/2022,500,1000,750,78
Maharashtra,Pune,Khed(Chakan),Tomato,Other,FAQ,01/01/2022,1000,2000,1500,78
Maharashtra,Pune,Khed(Chakan),Tomato,Other,FAQ,04/01/2022,2000,3000,2500,78
Maharashtra,Pune,Khed(Chakan),Tomato,Other,FAQ,08/01/2022,1000,1800,1400,78
Maharashtra,Pune,Khed(Chakan),Tomato,Other,FAQ,12/01/2022,1000,1500,1200,78
Maharashtra,Pune,Khed(Chakan),Tomato,Other,FAQ,14/01/2022,1000,2000,1500,78
Maharashtra,Pune,Khed(Chakan),Tomato,Other,FAQ,27/01/2022,1000,1500,1300,78
Maharashtra,Pune,Khed(Chakan),Tomato,Other,FAQ,28/01/2022,1000,2000,1500,78
Maharashtra,Pune,Khed(Chakan),Tomato,Other,FAQ,09/02/2022,1000,2000,1500,78
Maharashtra,Pune,Khed(Chakan),Tomato,Other,FAQ,10/02/2022,1000,2000,1500,78
Maharashtra,Pune,Khed(Chakan),Tomato,Other,FAQ,12/02/2022,1000,1500,1000,78
Maharashtra,Pune,Khed(Chakan),Tomato,Other,FAQ,13/02/2022,1000,2000,1500,78
Maharashtra,Pune,Khed(Chakan),Tomato,Other,FAQ,17/02/2022,500,1500,1000,78
Maharashtra,Pune,Khed(Chakan),Tomato,Other,FAQ,20/02/2022,1000,1500,1250,78
Maharashtra,Pune,Khed(Chakan),Tomato,Other,FAQ,04/03/2022,1000,1500,1250,78
Maharashtra,Pune,Khed(Chakan),Tomato,Other,FAQ,12/03/2022,1000,1600,1300,78
Maharashtra,Pune,Khed(Chakan),Tomato,Other,FAQ,18/03/2022,1500,2500,2000,78
Maharashtra,Pune,Khed(Chakan),Tomato,Other,FAQ,30/03/2022,1000,1500,1200,78
Maharashtra,Pune,Khed(Chakan),Tomato,Other,FAQ,31/03/2022,1000,2000,1500,78
Maharashtra,Pune,Khed(Chakan),Tomato,Other,FAQ,08/04/2022,1000,2000,1500,78
Maharashtra,Pune,Khed(Chakan),Tomato,Other,FAQ,13/04/2022,800,1200,1000,78
Maharashtra,Pune,Khed(Chakan),Tomato,Other,FAQ,21/04/2022,1000,2000,1500,78
Maharashtra,Pune,Khed(Chakan),Tomato,Other,FAQ,27/04/2022,1500,2500,2000,78
Maharashtra,Pune,Khed(Chakan),Tomato,Other,FAQ,29/04/2022,1500,2500,2000,78
Maharashtra,Pune,Khed(Chakan),Tomato,Other,FAQ,10/05/2022,2500,3500,3000,78
Maharashtra,Pune,Khed(Chakan),Tomato,Other,FAQ,11/05/2022,2000,4000,3000,78
Maharashtra,Pune,Khed(Chakan),Tomato,Other,FAQ,15/05/2022,2000,4000,3000,78
Maharashtra,Pune,Khed(Chakan),Tomato,Other,FAQ,17/05/2022,2000,3000,2500,78
Maharashtra,Pune,Khed(Chakan),Tomato,Other,FAQ,21/05/2022,4500,5500,5000,78
Maharashtra,Pune,Khed(Chakan),Tomato,Other,FAQ,24/05/2022,4000,5000,4500,78
Maharashtra,Pune,Khed(Chakan),Tomato,Other,FAQ,10/06/2022,1000,3000,2000,78
Maharashtra,Pune,Khed(Chakan),Tomato,Other,FAQ,26/06/2022,3000,4000,3500,78
Maharashtra,Pune,Khed(Chakan),Tomato,Other,Local,02/08/2025,3000,5000,4500,78
Maharashtra,Pune,Khed(Chakan),Tomato,Other,Local,13/08/2025,2000,4000,3000,78
Maharashtra,Pune,Khed(Chakan),Tomato,Other,Local,20/08/2025,1500,3000,2200,78
Maharashtra,Pune,Khed(Chakan),Tomato,Other,Local,31/08/2025,1000,2000,1500,78
Maharashtra,Pune,Khed(Chakan),Tomato,Other,Local,14/09/2025,800,1500,1200,78
Maharashtra,Pune,Khed(Chakan),Tomato,Other,Local,23/09/2025,600,1200,900,78
Maharashtra,Pune,Khed(Chakan),Tomato,Other,Local,07/10/2025,1000,2500,1700,78
Maharashtra,Pune,Khed(Chakan),Tomato,Other,Local,18/10/2025,500,1500,1000,78
Maharashtra,Pune,Khed(Chakan) APMC,Tomato,Other,Local,31/12/2025,2500,3500,3000,78
Maharashtra,Pune,Khed(Chakan) APMC,Tomato,Other,Local,18/11/2025,2000,3000,2500,78
Maharashtra,Pune,Khed(Chakan) APMC,Tomato,Other,Local,19/11/2025,3000,3500,3200,78
Maharashtra,Pune,Khed(Chakan) APMC,Tomato,Other,Local,01/01/2026,2500,3500,3000,78
Maharashtra,Pune,Khed(Chakan) APMC,Tomato,Other,Local,06/01/2026,2000,3000,2500,78
Maharashtra,Pune,Khed(Chakan) APMC,Tomato,Other,Local,08/01/2026,2000,3000,2500,78
Maharashtra,Pune,Khed(Chakan) APMC,Tomato,Other,Local,20/01/2026,1000,2000,1500,78
Maharashtra,Pune,Khed(Chakan) APMC,Tomato,Other,Local,18/01/2026,1000,2000,1600,78
Maharashtra,Pune,Khed(Chakan) APMC,Tomato,Other,Local,06/02/2026,700,1300,1000,78
Maharashtra,Pune,Khed(Chakan) APMC,Tomato,Other,Local,15/02/2026,800,1200,1000,78
Maharashtra,Pune,Khed(Chakan) APMC,Tomato,Other,Local,20/02/2026,800,1200,1000,78
Maharashtra,Pune,Khed(Chakan) APMC,Tomato,Other,Local,25/11/2025,3000,4000,3500,78
Maharashtra,Pune,Khed(Chakan) APMC,Tomato,Other,Local,13/11/2025,2500,3500,3000,78
Maharashtra,Pune,Khed(Chakan) APMC,Tomato,Other,Local,13/01/2026,1500,2500,2000,78
Maharashtra,Pune,Khed(Chakan) APMC,Tomato,Other,Local,27/01/2026,800,1400,1200,78
Maharashtra,Pune,Khed(Chakan) APMC,Tomato,Other,Local,11/01/2026,1500,2500,2000,78
Maharashtra,Pune,Khed(Chakan) APMC,Tomato,Other,Local,18/02/2026,700,1200,900,78
Maharashtra,Pune,Khed(Chakan) APMC,Tomato,Other,Local,14/11/2025,2000,3000,2500,78
Maharashtra,Pune,Khed(Chakan) APMC,Tomato,Other,Local,20/11/2025,3000,3600,3200,78
Maharashtra,Pune,Khed(Chakan) APMC,Tomato,Other,Local,04/11/2025,1000,1500,1200,78
Maharashtra,Pune,Khed(Chakan) APMC,Tomato,Other,Local,25/12/2025,3000,4000,3500,78
Maharashtra,Pune,Khed(Chakan) APMC,Tomato,Other,Local,02/12/2025,1500,2500,2000,78
Maharashtra,Pune,Khed(Chakan) APMC,Tomato,Other,Local,09/12/2025,1500,3000,2200,78
Maharashtra,Pune,Khed(Chakan) APMC,Tomato,Other,Local,09/01/2026,1500,2500,2000,78
Maharashtra,Pune,Khed(Chakan) APMC,Tomato,Other,Local,22/01/2026,1000,2000,1500,78
Maharashtra,Pune,Khed(Chakan) APMC,Tomato,Other,Local,23/01/2026,800,1500,1200,78
Maharashtra,Pune,Khed(Chakan) APMC,Tomato,Other,Local,30/01/2026,1000,1600,1300,78
Maharashtra,Pune,Khed(Chakan) APMC,Tomato,Other,Local,03/02/2026,700,1500,1000,78
Maharashtra,Pune,Khed(Chakan) APMC,Tomato,Other,Local,08/02/2026,1000,2000,1500,78
Maharashtra,Pune,Khed(Chakan) APMC,Tomato,Other,Local,12/02/2026,800,1500,1100,78
Maharashtra,Pune,Khed(Chakan) APMC,Tomato,Other,Local,13/02/2026,800,1400,1100,78
Maharashtra,Pune,Khed(Chakan) APMC,Tomato,Other,Local,21/02/2026,800,1200,1000,78
Maharashtra,Pune,Khed(Chakan) APMC,Tomato,Other,Local,10/12/2025,2000,3000,2500,78
Maharashtra,Pune,Khed(Chakan) APMC,Tomato,Other,Local,30/12/2025,2500,3500,3000,78
Maharashtra,Pune,Khed(Chakan) APMC,Tomato,Other,Local,12/12/2025,2000,3000,2500,78
Maharashtra,Pune,Khed(Chakan) APMC,Tomato,Other,Local,19/12/2025,3000,4000,3500,78
Maharashtra,Pune,Khed(Chakan) APMC,Tomato,Other,Local,23/12/2025,2500,3500,3000,78
Maharashtra,Pune,Khed(Chakan) APMC,Tomato,Other,Local,24/12/2025,2500,3500,3000,78
Maharashtra,Pune,Khed(Chakan) APMC,Tomato,Other,Local,06/11/2025,1500,2000,1700,78
Maharashtra,Pune,Khed(Chakan) APMC,Tomato,Other,Local,07/11/2025,1500,2500,2000,78
Maharashtra,Pune,Khed(Chakan) APMC,Tomato,Other,Local,01/11/2025,1000,1500,1200,78
Maharashtra,Pune,Khed(Chakan) APMC,Tomato,Other,Local,11/11/2025,1500,2500,2000,78
Maharashtra,Pune,Khed(Chakan) APMC,Tomato,Other,Local,02/11/2025,1000,1400,1200,78
Maharashtra,Pune,Khed(Chakan) APMC,Tomato,Other,Local,27/11/2025,2500,3500,3000,78
Maharashtra,Pune,Khed(Chakan) APMC,Tomato,Other,Local,26/11/2025,2500,3500,3000,78
Maharashtra,Pune,Khed(Chakan) APMC,Tomato,Other,Local,28/11/2025,2000,3000,2500,78
Maharashtra,Pune,Khed(Chakan) APMC,Tomato,Other,Local,07/01/2026,2000,3000,2500,78
Maharashtra,Pune,Khed(Chakan) APMC,Tomato,Other,Local,28/01/2026,1000,1800,1400,78
Maharashtra,Pune,Khed(Chakan) APMC,Tomato,Other,Local,12/01/2026,1500,2500,2000,78
Maharashtra,Pune,Khed(Chakan) APMC,Tomato,Other,Local,15/01/2026,1500,3000,2200,78
Maharashtra,Pune,Khed(Chakan) APMC,Tomato,Other,Local,16/01/2026,1500,2500,2000,78
Maharashtra,Pune,Khed(Chakan) APMC,Tomato,Other,Local,21/01/2026,1000,1500,1200,78
Maharashtra,Pune,Khed(Chakan) APMC,Tomato,Other,Local,14/01/2026,2000,3000,2500,78
Maharashtra,Pune,Khed(Chakan) APMC,Tomato,Other,Local,04/02/2026,800,1400,1000,78
Maharashtra,Pune,Khed(Chakan) APMC,Tomato,Other,Local,10/02/2026,800,1400,1100,78
Maharashtra,Pune,Khed(Chakan) APMC,Tomato,Other,Local,05/11/2025,800,1400,1100,78
Maharashtra,Pune,Khed(Chakan) APMC,Tomato,Other,Local,12/11/2025,1500,2500,2000,78
Maharashtra,Pune,Khed(Chakan) APMC,Tomato,Other,Local,21/11/2025,2500,3500,3000,78
Maharashtra,Pune,Khed(Chakan) APMC,Tomato,Other,Local,03/12/2025,1500,2500,2000,78
Maharashtra,Pune,Khed(Chakan) APMC,Tomato,Other,Local,11/12/2025,2000,3000,2500,78
Maharashtra,Pune,Khed(Chakan) APMC,Tomato,Other,Local,26/12/2025,2500,3500,3000,78
Maharashtra,Pune,Khed(Chakan) APMC,Tomato,Other,Local,28/12/2025,2500,3500,3000,78
Maharashtra,Pune,Khed(Chakan) APMC,Tomato,Other,Local,07/12/2025,2000,3000,2500,78
Maharashtra,Pune,Khed(Chakan) APMC,Tomato,Other,Local,10/01/2026,1500,2500,2000,78
Maharashtra,Pune,Khed(Chakan) APMC,Tomato,Other,Local,02/01/2026,2500,3500,3000,78
Maharashtra,Pune,Khed(Chakan) APMC,Tomato,Other,Local,04/01/2026,2500,3500,3000,78
Maharashtra,Pune,Khed(Chakan) APMC,Tomato,Other,Local,31/01/2026,800,1500,1200,78
Maharashtra,Pune,Khed(Chakan) APMC,Tomato,Other,Local,11/02/2026,700,1300,1000,78
Maharashtra,Pune,Khed(Chakan) APMC,Tomato,Other,Local,17/02/2026,700,1300,1000,78
Maharashtra,Pune,Khed(Chakan) APMC,Tomato,Other,Local,05/02/2026,800,1200,1000,78
Maharashtra,Pune,Khed(Chakan) APMC,Tomato,Other,Local,19/02/2026,600,1200,900,78
Maharashtra,Pune,Manchar,Tomato,Other,FAQ,09/05/2024,500,2500,1500,78
Maharashtra,Pune,Manchar,Tomato,Other,FAQ,17/05/2024,700,1800,1300,78
Maharashtra,Pune,Manchar,Tomato,Other,FAQ,28/05/2024,1000,3650,2325,78
Maharashtra,Pune,Manchar,Tomato,Other,FAQ,07/01/2024,1000,1800,1400,78
Maharashtra,Pune,Manchar,Tomato,Other,FAQ,09/01/2024,1000,1800,1400,78
Maharashtra,Pune,Manchar,Tomato,Other,FAQ,26/01/2024,4000,5000,4500,78
Maharashtra,Pune,Manchar,Tomato,Other,FAQ,02/02/2024,2300,2300,2300,78
Maharashtra,Pune,Manchar,Tomato,Other,FAQ,09/02/2024,3600,3600,3600,78
Maharashtra,Pune,Manchar,Tomato,Other,FAQ,25/02/2024,1000,3500,2250,78
Maharashtra,Pune,Manchar,Tomato,Other,FAQ,19/03/2024,1500,1500,1500,78
Maharashtra,Pune,Manchar,Tomato,Other,FAQ,26/03/2024,1000,3000,2000,78
Maharashtra,Pune,Manchar,Tomato,Other,FAQ,31/03/2024,1000,1350,1175,78
Maharashtra,Pune,Manchar,Tomato,Other,FAQ,01/04/2024,2000,2300,2150,78
Maharashtra,Pune,Manchar,Tomato,Other,FAQ,29/04/2021,350,350,350,78
Maharashtra,Pune,Manchar,Tomato,Other,FAQ,26/05/2021,500,1800,1150,78
Maharashtra,Pune,Manchar,Tomato,Other,FAQ,01/06/2021,200,1000,600,78
Maharashtra,Pune,Manchar,Tomato,Other,FAQ,17/06/2021,100,400,250,78
Maharashtra,Pune,Manchar,Tomato,Other,FAQ,20/06/2021,700,1500,1100,78
Maharashtra,Pune,Manchar,Tomato,Other,FAQ,20/07/2021,300,600,450,78
Maharashtra,Pune,Manchar,Tomato,Other,FAQ,24/08/2021,1300,1300,1300,78
Maharashtra,Pune,Manchar,Tomato,Other,FAQ,25/08/2021,1000,1500,1250,78
Maharashtra,Pune,Manchar,Tomato,Other,FAQ,07/09/2021,500,1100,750,78
Maharashtra,Pune,Manchar,Tomato,Other,FAQ,21/09/2021,625,1300,925,78
Maharashtra,Pune,Manchar,Tomato,Other,FAQ,30/09/2021,1000,3000,1985,78
Maharashtra,Pune,Manchar,Tomato,Other,FAQ,20/10/2021,1000,4000,2585,78
Maharashtra,Pune,Manchar,Tomato,Other,FAQ,29/10/2021,1200,2500,1850,78
Maharashtra,Pune,Manchar,Tomato,Other,FAQ,12/11/2021,1000,1000,1000,78
Maharashtra,Pune,Manchar,Tomato,Other,FAQ,25/11/2021,1000,7000,5250,78
Maharashtra,Pune,Manchar,Tomato,Other,FAQ,26/12/2021,1300,1300,1300,78
Maharashtra,Pune,Manchar,Tomato,Other,FAQ,07/01/2025,1000,2800,1950,78
Maharashtra,Pune,Manchar,Tomato,Other,FAQ,10/01/2025,1500,3000,2300,78
Maharashtra,Pune,Manchar,Tomato,Other,Local,30/01/2025,800,1300,1050,78
Maharashtra,Pune,Manchar,Tomato,Other,FAQ,01/01/2025,1000,3200,2100,78
Maharashtra,Pune,Manchar,Tomato,Other,FAQ,15/01/2025,1000,2500,1800,78
Maharashtra,Pune,Manchar,Tomato,Other,Local,26/01/2025,1000,1500,1300,78
Maharashtra,Pune,Manchar,Tomato,Other,FAQ,20/02/2022,800,1200,1000,78
Maharashtra,Pune,Manchar,Tomato,Other,FAQ,11/03/2022,800,800,800,78
Maharashtra,Pune,Manchar,Tomato,Other,FAQ,23/03/2022,400,1000,700,78
Maharashtra,Pune,Manchar,Tomato,Other,FAQ,01/04/2022,500,900,700,78
Maharashtra,Pune,Manchar,Tomato,Other,FAQ,05/04/2022,500,2800,1650,78
Maharashtra,Pune,Manchar,Tomato,Other,FAQ,14/04/2022,700,1800,1250,78
Maharashtra,Pune,Manchar,Tomato,Other,FAQ,21/04/2022,1000,2000,1500,78
Maharashtra,Pune,Manchar,Tomato,Other,FAQ,20/05/2022,900,900,900,78
Maharashtra,Pune,Manchar,Tomato,Other,FAQ,26/05/2022,1000,6500,3500,78
Maharashtra,Pune,Manchar,Tomato,Other,FAQ,29/05/2022,1000,6000,3500,78
Maharashtra,Pune,Manchar,Tomato,Other,FAQ,31/05/2022,3000,8500,5750,78
Maharashtra,Pune,Manchar,Tomato,Other,FAQ,10/06/2022,1000,2200,1600,78
Maharashtra,Pune,Manchar,Tomato,Other,FAQ,15/07/2022,3000,3000,3000,78
Maharashtra,Pune,Manchar,Tomato,Other,FAQ,21/07/2022,1500,3200,2350,78
Maharashtra,Pune,Manchar,Tomato,Other,FAQ,26/07/2022,1200,2700,1950,78
Maharashtra,Pune,Manchar,Tomato,Other,FAQ,23/08/2022,1100,2700,1900,78
Maharashtra,Pune,Manchar,Tomato,Other,FAQ,26/08/2022,1200,2500,1750,78
Maharashtra,Pune,Manchar,Tomato,Other,FAQ,21/10/2022,3800,4500,4150,78
Maharashtra,Pune,Manchar,Tomato,Other,Local,03/03/2025,1000,2000,1500,78
Maharashtra,Pune,Manchar,Tomato,Other,Local,05/03/2025,1000,3000,2100,78
Maharashtra,Pune,Manchar,Tomato,Other,Local,17/03/2025,600,2000,1350,78
Maharashtra,Pune,Manchar,Tomato,Other,Local,20/03/2025,1000,2700,1850,78
Maharashtra,Pune,Manchar,Tomato,Other,Local,23/03/2025,1000,2300,1700,78
Maharashtra,Pune,Manchar,Tomato,Other,Local,26/03/2025,1000,1750,1375,78
Maharashtra,Pune,Manchar,Tomato,Other,Local,30/03/2025,1000,1600,1300,78
Maharashtra,Pune,Manchar,Tomato,Other,FAQ,24/11/2024,2500,6000,4300,78
Maharashtra,Pune,Manchar,Tomato,Other,FAQ,26/11/2024,3500,8300,6500,78
Maharashtra,Pune,Manchar,Tomato,Other,FAQ,27/11/2024,2000,5550,3800,78
Maharashtra,Pune,Manchar,Tomato,Other,Local,05/02/2025,1500,2000,1800,78
Maharashtra,Pune,Manchar,Tomato,Other,Local,18/02/2025,1000,1800,1450,78
Maharashtra,Pune,Manchar,Tomato,Other,Local,19/02/2025,1000,1800,1400,78
Maharashtra,Pune,Manchar,Tomato,Other,Local,21/02/2025,1500,2260,1900,78
Maharashtra,Pune,Manchar,Tomato,Other,Local,27/02/2025,1000,2000,1500,78
Maharashtra,Pune,Manchar,Tomato,Other,FAQ,08/12/2024,3000,6000,5000,78
Maharashtra,Pune,Manchar,Tomato,Other,FAQ,10/12/2024,2500,5550,4025,78
Maharashtra,Pune,Manchar,Tomato,Other,FAQ,22/12/2024,900,5000,3000,78
Maharashtra,Pune,Manchar,Tomato,Other,Local,24/06/2025,1000,2700,1900,78
Maharashtra,Pune,Manchar,Tomato,Other,Local,11/07/2025,3050,5100,4075,78
Maharashtra,Pune,Manchar,Tomato,Other,Local,27/07/2025,1800,6450,4125,78
Maharashtra,Pune,Manchar,Tomato,Other,Local,06/07/2025,2500,5000,3750,78
Maharashtra,Pune,Manchar,Tomato,Other,Local,24/07/2025,3200,5900,5000,78
Maharashtra,Pune,Manchar,Tomato,Other,Local,21/04/2025,1500,2700,2150,78
Maharashtra,Pune,Manchar,Tomato,Other,Local,16/04/2025,1000,2100,1600,78
Maharashtra,Pune,Manchar,Tomato,Other,Local,23/04/2025,1500,2250,1875,78
Maharashtra,Pune,Manchar,Tomato,Other,FAQ,06/10/2024,2000,11000,6500,78
Maharashtra,Pune,Manchar,Tomato,Other,FAQ,09/04/2023,2250,2500,2375,78
Maharashtra,Pune,Manchar,Tomato,Other,FAQ,12/04/2023,1000,2500,1750,78
Maharashtra,Pune,Manchar,Tomato,Other,FAQ,08/05/2023,300,1200,750,78
Maharashtra,Pune,Manchar,Tomato,Other,FAQ,02/06/2023,600,2300,1450,78
Maharashtra,Pune,Manchar,Tomato,Other,FAQ,14/06/2023,2350,2350,2350,78
Maharashtra,Pune,Manchar,Tomato,Other,FAQ,15/06/2023,2350,2350,2350,78
Maharashtra,Pune,Manchar,Tomato,Other,FAQ,18/06/2023,1200,1200,1200,78
Maharashtra,Pune,Manchar,Tomato,Other,FAQ,18/07/2023,1000,1500,1250,78
Maharashtra,Pune,Manchar,Tomato,Other,FAQ,19/07/2023,2000,4510,3255,78
Maharashtra,Pune,Manchar,Tomato,Other,FAQ,21/07/2023,2000,2000,2000,78
Maharashtra,Pune,Manchar,Tomato,Other,FAQ,03/08/2023,2000,2500,2250,78
Maharashtra,Pune,Manchar,Tomato,Other,FAQ,10/08/2023,1500,1500,1500,78
Maharashtra,Pune,Manchar,Tomato,Other,FAQ,22/08/2023,1000,6000,3500,78
Maharashtra,Pune,Manchar,Tomato,Other,FAQ,31/08/2023,1000,1300,1150,78
Maharashtra,Pune,Manchar,Tomato,Other,FAQ,22/09/2023,500,1800,1150,78
Maharashtra,Pune,Manchar,Tomato,Other,FAQ,04/10/2023,200,500,350,78
Maharashtra,Pune,Manchar,Tomato,Other,FAQ,05/10/2023,400,800,600,78
Maharashtra,Pune,Manchar,Tomato,Other,FAQ,11/10/2023,500,700,600,78
Maharashtra,Pune,Manchar,Tomato,Other,FAQ,19/10/2023,1000,1200,1100,78
Maharashtra,Pune,Manchar,Tomato,Other,FAQ,31/10/2023,2000,2700,2350,78
Maharashtra,Pune,Manchar,Tomato,Other,FAQ,16/11/2023,6000,6000,6000,78
Maharashtra,Pune,Manchar,Tomato,Other,FAQ,17/11/2023,2500,2500,2500,78
Maharashtra,Pune,Manchar,Tomato,Other,FAQ,05/12/2023,3000,6000,4500,78
Maharashtra,Pune,Manchar,Tomato,Other,FAQ,11/12/2023,1000,5000,3000,78
Maharashtra,Pune,Manchar,Tomato,Other,FAQ,17/12/2023,1500,2800,2150,78
Maharashtra,Pune,Manchar,Tomato,Other,FAQ,27/12/2023,1500,1500,1500,78
Maharashtra,Pune,Manchar,Tomato,Other,FAQ,31/12/2023,1000,2000,1500,78
Maharashtra,Pune,Manchar,Tomato,Other,Local,08/05/2025,2300,2300,2300,78
Maharashtra,Pune,Manchar,Tomato,Other,Local,05/09/2025,2450,4600,3525,78
Maharashtra,Pune,Manchar,Tomato,Other,Local,24/09/2025,2100,3500,2800,78
Maharashtra,Pune,Manchar,Tomato,Other,Local,03/10/2025,3000,6500,4800,78
Maharashtra,Pune,Manchar,Tomato,Other,Local,17/10/2025,1200,3500,2400,78
Maharashtra,Pune,Manchar,Tomato,Other,Local,03/08/2025,4150,7500,5825,78
Maharashtra,Pune,Manchar,Tomato,Other,Local,27/08/2025,2000,4600,3300,78
Maharashtra,Pune,Manchar,Tomato,Other,Local,01/02/2025,1000,2300,1650,78
Maharashtra,Pune,Manchar,Tomato,Other,Local,02/02/2025,1500,2000,1800,78
Maharashtra,Pune,Manchar,Tomato,Other,Local,13/02/2025,1500,2200,1900,78
Maharashtra,Pune,Manchar,Tomato,Other,FAQ,09/09/2024,2000,5000,3525,78
Maharashtra,Pune,Manchar,Tomato,Other,FAQ,30/09/2024,1000,6100,3620,78
Maharashtra,Pune,Manchar,Tomato,Other,FAQ,06/01/2025,1000,3200,2100,78
Maharashtra,Pune,Manchar,Tomato,Other,FAQ,02/01/2025,1000,3000,2000,78
Maharashtra,Pune,Manchar,Tomato,Other,Local,29/01/2025,1000,1800,1400,78
Maharashtra,Pune,Manchar,Tomato,Other,FAQ,15/12/2024,3000,6000,5000,78
Maharashtra,Pune,Manchar,Tomato,Other,FAQ,26/12/2024,2000,4010,3005,78
Maharashtra,Pune,Manchar,Tomato,Other,FAQ,28/10/2024,3000,6300,4655,78
Maharashtra,Pune,Manchar,Tomato,Other,FAQ,14/10/2024,5000,7510,6260,78
Maharashtra,Pune,Manchar,Tomato,Other,FAQ,27/10/2024,3000,6480,4745,78
Maharashtra,Pune,Manchar,Tomato,Other,FAQ,07/02/2023,1300,2300,1800,78
Maharashtra,Pune,Manchar,Tomato,Other,FAQ,21/03/2023,1000,1300,1150,78
Maharashtra,Pune,Manchar,Tomato,Other,FAQ,11/04/2023,1000,2700,1850,78
Maharashtra,Pune,Manchar,Tomato,Other,FAQ,25/04/2023,2000,2000,2000,78
Maharashtra,Pune,Manchar,Tomato,Other,FAQ,03/05/2023,800,800,800,78
Maharashtra,Pune,Manchar,Tomato,Other,FAQ,07/05/2023,800,800,800,78
Maharashtra,Pune,Manchar,Tomato,Other,FAQ,09/05/2023,400,900,650,78
Maharashtra,Pune,Manchar,Tomato,Other,FAQ,09/06/2023,1000,2250,1625,78
Maharashtra,Pune,Manchar,Tomato,Other,FAQ,16/06/2023,4000,5000,4500,78
Maharashtra,Pune,Manchar,Tomato,Other,FAQ,27/07/2023,1000,2000,1500,78
Maharashtra,Pune,Manchar,Tomato,Other,FAQ,07/08/2023,1000,18010,9505,78
Maharashtra,Pune,Manchar,Tomato,Other,FAQ,09/08/2023,10700,10700,10700,78
Maharashtra,Pune,Manchar,Tomato,Other,FAQ,13/08/2023,1000,1000,1000,78
Maharashtra,Pune,Manchar,Tomato,Other,FAQ,16/08/2023,2000,2000,2000,78
Maharashtra,Pune,Manchar,Tomato,Other,FAQ,27/08/2023,1000,2510,1755,78
Maharashtra,Pune,Manchar,Tomato,Other,FAQ,03/09/2023,1000,2510,1755,78
Maharashtra,Pune,Manchar,Tomato,Other,FAQ,10/09/2023,400,400,400,78
Maharashtra,Pune,Manchar,Tomato,Other,FAQ,14/09/2023,300,510,450,78
Maharashtra,Pune,Manchar,Tomato,Other,FAQ,20/09/2023,1000,1000,1000,78
Maharashtra,Pune,Manchar,Tomato,Other,FAQ,09/10/2023,700,1000,850,78
Maharashtra,Pune,Manchar,Tomato,Other,FAQ,10/10/2023,400,800,600,78
Maharashtra,Pune,Manchar,Tomato,Other,FAQ,23/10/2023,1000,1300,1150,78
Maharashtra,Pune,Manchar,Tomato,Other,FAQ,08/11/2023,1000,2000,1500,78
Maharashtra,Pune,Manchar,Tomato,Other,FAQ,20/12/2023,1000,4500,2750,78
Maharashtra,Pune,Manchar,Tomato,Other,FAQ,21/12/2023,1500,1500,1500,78
Maharashtra,Pune,Manchar,Tomato,Other,FAQ,05/01/2024,1000,4700,2850,78
Maharashtra,Pune,Manchar,Tomato,Other,FAQ,12/02/2024,3600,3600,3600,78
Maharashtra,Pune,Manchar,Tomato,Other,FAQ,22/02/2024,1200,3700,2450,78
Maharashtra,Pune,Manchar,Tomato,Other,FAQ,11/03/2024,1200,3200,2200,78
Maharashtra,Pune,Manchar,Tomato,Other,FAQ,22/03/2024,1000,3000,2000,78
Maharashtra,Pune,Manchar,Tomato,Other,FAQ,25/03/2024,2500,2750,2650,78
Maharashtra,Pune,Manchar,Tomato,Other,FAQ,28/03/2024,1000,2200,1600,78
Maharashtra,Pune,Manchar,Tomato,Other,FAQ,29/03/2024,1000,1800,1400,78
Maharashtra,Pune,Manchar,Tomato,Other,FAQ,14/09/2021,450,1500,975,78
Maharashtra,Pune,Manchar,Tomato,Other,FAQ,15/09/2021,500,1000,750,78
Maharashtra,Pune,Manchar,Tomato,Other,FAQ,16/09/2021,250,600,425,78
Maharashtra,Pune,Manchar,Tomato,Other,FAQ,17/09/2021,300,700,500,78
Maharashtra,Pune,Manchar,Tomato,Other,FAQ,14/10/2021,3000,3200,3100,78
Maharashtra,Pune,Manchar,Tomato,Other,FAQ,01/11/2021,2500,2500,2500,78
Maharashtra,Pune,Manchar,Tomato,Other,FAQ,18/11/2021,3700,3700,3700,78
Maharashtra,Pune,Manchar,Tomato,Other,FAQ,21/11/2021,500,1000,750,78
Maharashtra,Pune,Manchar,Tomato,Other,FAQ,05/07/2024,2000,7000,4550,78
Maharashtra,Pune,Manchar,Tomato,Other,FAQ,12/07/2024,1200,7900,5000,78
Maharashtra,Pune,Manchar,Tomato,Other,FAQ,28/07/2024,2000,9000,6500,78
Maharashtra,Pune,Manchar,Tomato,Other,FAQ,03/08/2021,100,600,350,78
Maharashtra,Pune,Manchar,Tomato,Other,FAQ,10/09/2021,700,1500,1100,78
Maharashtra,Pune,Manchar,Tomato,Other,Local,08/04/2025,1000,2000,1550,78
Maharashtra,Pune,Manchar,Tomato,Other,Local,29/04/2025,1500,3080,2290,78
Maharashtra,Pune,Manchar,Tomato,Other,Local,17/04/2025,1000,2000,1550,78
Maharashtra,Pune,Manchar,Tomato,Other,FAQ,16/01/2022,1000,3700,2550,78
Maharashtra,Pune,Manchar,Tomato,Other,FAQ,18/01/2022,800,800,800,78
Maharashtra,Pune,Manchar,Tomato,Other,FAQ,17/02/2022,300,1500,900,78
Maharashtra,Pune,Manchar,Tomato,Other,FAQ,02/03/2022,1000,2500,1750,78
Maharashtra,Pune,Manchar,Tomato,Other,FAQ,04/03/2022,2500,2500,2500,78
Maharashtra,Pune,Manchar,Tomato,Other,FAQ,06/03/2022,900,1500,1200,78
Maharashtra,Pune,Manchar,Tomato,Other,FAQ,10/03/2022,400,1000,700,78
Maharashtra,Pune,Manchar,Tomato,Other,FAQ,24/03/2022,1000,3200,2150,78
Maharashtra,Pune,Manchar,Tomato,Other,FAQ,19/04/2022,1000,2000,1500,78
Maharashtra,Pune,Manchar,Tomato,Other,FAQ,29/04/2022,500,1000,750,78
Maharashtra,Pune,Manchar,Tomato,Other,FAQ,08/05/2022,1000,6400,3400,78
Maharashtra,Pune,Manchar,Tomato,Other,FAQ,09/11/2022,1500,3000,2250,78
Maharashtra,Pune,Manchar,Tomato,Other,Local,14/03/2025,1000,2700,1900,78
Maharashtra,Pune,Manchar,Tomato,Other,Local,27/03/2025,1000,2200,1650,78
Maharashtra,Pune,Manchar,Tomato,Other,Local,07/05/2025,1000,3000,2100,78
Maharashtra,Pune,Manchar,Tomato,Other,Local,29/05/2025,1000,3600,2300,78
Maharashtra,Pune,Manchar,Tomato,Other,Local,04/06/2025,400,2800,1650,78
Maharashtra,Pune,Manchar,Tomato,Other,Local,09/06/2025,2200,4150,3175,78
Maharashtra,Pune,Manchar,Tomato,Other,Local,26/06/2025,2000,4000,3000,78
Maharashtra,Pune,Manchar,Tomato,Other,Local,29/06/2025,2000,3800,2900,78
Maharashtra,Pune,Manchar,Tomato,Other,Local,01/07/2025,2000,4150,3075,78
Maharashtra,Pune,Manchar,Tomato,Other,Local,02/07/2025,2500,5000,3800,78
Maharashtra,Pune,Manchar,Tomato,Other,Local,03/07/2025,2000,4500,3250,78
Maharashtra,Pune,Manchar,Tomato,Other,Local,04/07/2025,2000,4150,3100,78
Maharashtra,Pune,Manchar,Tomato,Other,Local,10/07/2025,2400,4000,3200,78
Maharashtra,Pune,Manchar,Tomato,Other,Local,14/07/2025,1500,3600,2550,78
Maharashtra,Pune,Manchar,Tomato,Other,Local,18/07/2025,1500,3750,2625,78
Maharashtra,Pune,Manchar,Tomato,Other,Local,04/08/2025,1500,7500,4500,78
Maharashtra,Pune,Manchar,Tomato,Other,Local,06/08/2025,2000,7000,4500,78
Maharashtra,Pune,Manchar,Tomato,Other,Local,01/09/2025,2000,4000,3100,78
Maharashtra,Pune,Manchar,Tomato,Other,Local,02/09/2025,2300,4150,3225,78
Maharashtra,Pune,Manchar,Tomato,Other,Local,07/09/2025,2050,3600,2825,78
Maharashtra,Pune,Manchar,Tomato,Other,Local,11/09/2025,2400,4500,3500,78
Maharashtra,Pune,Manchar,Tomato,Other,Local,14/09/2025,2100,4000,3100,78
Maharashtra,Pune,Manchar,Tomato,Other,Local,03/11/2025,1300,2300,1800,78
Maharashtra,Pune,Manchar,Tomato,Other,Local,31/10/2025,1850,3500,2700,78
Maharashtra,Pune,Manchar,Tomato,Other,FAQ,10/01/2022,800,1500,1150,78
Maharashtra,Pune,Manchar,Tomato,Other,FAQ,23/01/2022,800,900,850,78
Maharashtra,Pune,Manchar,Tomato,Other,FAQ,24/01/2022,500,1200,850,78
Maharashtra,Pune,Manchar,Tomato,Other,FAQ,07/02/2022,500,2000,1250,78
Maharashtra,Pune,Manchar,Tomato,Other,FAQ,11/02/2022,800,1000,900,78
Maharashtra,Pune,Manchar,Tomato,Other,FAQ,16/02/2022,800,1500,1150,78
Maharashtra,Pune,Manchar,Tomato,Other,FAQ,20/04/2022,800,1500,1150,78
Maharashtra,Pune,Manchar,Tomato,Other,FAQ,28/04/2022,1000,2300,1650,78
Maharashtra,Pune,Manchar,Tomato,Other,FAQ,10/05/2022,2500,7000,4750,78
Maharashtra,Pune,Manchar,Tomato,Other,FAQ,19/05/2022,2200,5000,3600,78
Maharashtra,Pune,Manchar,Tomato,Other,FAQ,12/06/2022,1500,4000,2750,78
Maharashtra,Pune,Manchar,Tomato,Other,FAQ,27/07/2022,2400,2400,2400,78
Maharashtra,Pune,Manchar,Tomato,Other,FAQ,17/05/2021,1000,2000,1500,78
Maharashtra,Pune,Manchar,Tomato,Other,FAQ,13/06/2021,300,500,400,78
Maharashtra,Pune,Manchar,Tomato,Other,FAQ,22/06/2021,800,800,800,78
Maharashtra,Pune,Manchar,Tomato,Other,FAQ,23/06/2021,1800,1800,1800,78
Maharashtra,Pune,Manchar,Tomato,Other,FAQ,24/06/2021,1000,1000,1000,78
Maharashtra,Pune,Manchar,Tomato,Other,FAQ,27/06/2021,1000,1500,1250,78
Maharashtra,Pune,Manchar,Tomato,Other,FAQ,08/07/2021,300,800,550,78
Maharashtra,Pune,Manchar,Tomato,Other,FAQ,15/07/2021,1000,2000,1500,78
Maharashtra,Pune,Manchar,Tomato,Other,FAQ,18/07/2021,520,2000,1450,78
Maharashtra,Pune,Manchar,Tomato,Other,FAQ,22/07/2021,400,800,600,78
Maharashtra,Pune,Manchar,Tomato,Other,FAQ,27/07/2021,600,3000,1800,78
Maharashtra,Pune,Manchar,Tomato,Other,FAQ,13/09/2021,400,2000,1200,78
Maharashtra,Pune,Manchar,Tomato,Other,FAQ,20/09/2021,400,2000,1200,78
Maharashtra,Pune,Manchar,Tomato,Other,FAQ,23/09/2021,1000,2500,1750,78
Maharashtra,Pune,Manchar,Tomato,Other,FAQ,26/09/2021,1000,3000,2000,78
Maharashtra,Pune,Manchar,Tomato,Other,FAQ,15/10/2021,1000,3000,1755,78
Maharashtra,Pune,Manchar,Tomato,Other,FAQ,19/10/2021,1000,2500,1650,78
Maharashtra,Pune,Manchar,Tomato,Other,FAQ,24/10/2021,4000,4000,4000,78
Maharashtra,Pune,Manchar,Tomato,Other,FAQ,16/11/2021,1000,4000,2550,78
Maharashtra,Pune,Manchar,Tomato,Other,FAQ,20/12/2021,1800,2500,2150,78
Maharashtra,Pune,Manchar,Tomato,Other,FAQ,23/12/2021,1100,1100,1100,78
Maharashtra,Pune,Manchar,Tomato,Other,FAQ,03/10/2024,5000,7410,6215,78
Maharashtra,Pune,Manchar,Tomato,Other,FAQ,02/02/2023,1000,1800,1400,78
Maharashtra,Pune,Manchar,Tomato,Other,FAQ,05/02/2023,1100,1300,1200,78
Maharashtra,Pune,Manchar,Tomato,Other,FAQ,15/03/2023,2200,3200,2700,78
Maharashtra,Pune,Manchar,Tomato,Other,FAQ,17/03/2023,860,2700,1780,78
Maharashtra,Pune,Manchar,Tomato,Other,FAQ,19/03/2023,700,2800,1750,78
Maharashtra,Pune,Manchar,Tomato,Other,FAQ,26/03/2023,2700,3650,3175,78
Maharashtra,Pune,Manchar,Tomato,Other,FAQ,30/04/2023,1000,1400,1200,78
Maharashtra,Pune,Manchar,Tomato,Other,FAQ,12/05/2023,800,1000,900,78
Maharashtra,Pune,Manchar,Tomato,Other,FAQ,15/05/2023,1000,1500,1000,78
Maharashtra,Pune,Manchar,Tomato,Other,FAQ,29/05/2023,1000,1000,1000,78
Maharashtra,Pune,Manchar,Tomato,Other,FAQ,31/05/2023,500,500,500,78
Maharashtra,Pune,Manchar,Tomato,Other,FAQ,01/06/2023,1300,2000,1650,78
Maharashtra,Pune,Manchar,Tomato,Other,FAQ,04/06/2023,2200,3000,2600,78
Maharashtra,Pune,Manchar,Tomato,Other,FAQ,07/06/2023,1100,1250,1175,78
Maharashtra,Pune,Manchar,Tomato,Other,FAQ,23/06/2023,2200,6000,4100,78
Maharashtra,Pune,Manchar,Tomato,Other,FAQ,17/07/2023,1000,1800,1400,78
Maharashtra,Pune,Manchar,Tomato,Other,FAQ,25/08/2023,1000,3500,2250,78
Maharashtra,Pune,Manchar,Tomato,Other,FAQ,21/09/2023,1800,1800,1800,78
Maharashtra,Pune,Manchar,Tomato,Other,FAQ,24/09/2023,1350,2000,1675,78
Maharashtra,Pune,Manchar,Tomato,Other,FAQ,06/10/2023,1000,1150,1075,78
Maharashtra,Pune,Manchar,Tomato,Other,FAQ,12/10/2023,500,500,500,78
Maharashtra,Pune,Manchar,Tomato,Other,FAQ,24/10/2023,600,1050,825,78
Maharashtra,Pune,Manchar,Tomato,Other,FAQ,26/10/2023,700,1350,1025,78
Maharashtra,Pune,Manchar,Tomato,Other,FAQ,19/11/2023,2000,4600,3300,78
Maharashtra,Pune,Manchar,Tomato,Other,FAQ,20/11/2023,1000,1300,1150,78
Maharashtra,Pune,Manchar,Tomato,Other,FAQ,07/12/2023,3500,3700,3600,78
Maharashtra,Pune,Manchar,Tomato,Other,FAQ,24/12/2023,1000,3000,2000,78
Maharashtra,Pune,Manchar,Tomato,Other,FAQ,05/06/2024,1000,6500,3800,78
Maharashtra,Pune,Manchar,Tomato,Other,FAQ,22/07/2024,1000,1400,1250,78
Maharashtra,Pune,Manchar,Tomato,Other,FAQ,24/07/2024,1000,1250,1120,78
Maharashtra,Pune,Manchar,Tomato,Other,FAQ,31/07/2024,1000,5000,3250,78
Maharashtra,Pune,Manchar,Tomato,Other,FAQ,23/01/2025,1000,1500,1300,78
Maharashtra,Pune,Manchar,Tomato,Other,FAQ,02/12/2024,2500,5550,2900,78
Maharashtra,Pune,Manchar,Tomato,Other,FAQ,06/12/2024,2500,4700,3700,78
Maharashtra,Pune,Manchar,Tomato,Other,FAQ,16/12/2024,3000,5000,4500,78
Maharashtra,Pune,Manchar,Tomato,Other,FAQ,20/12/2024,2000,6000,4100,78
Maharashtra,Pune,Manchar,Tomato,Other,FAQ,24/12/2024,1500,4500,3100,78
Maharashtra,Pune,Manchar,Tomato,Other,FAQ,29/12/2024,2000,4000,3100,78
Maharashtra,Pune,Manchar,Tomato,Other,FAQ,30/12/2024,1000,3700,2350,78
Maharashtra,Pune,Manchar,Tomato,Other,FAQ,25/01/2025,1000,1300,1200,78
Maharashtra,Pune,Manchar,Tomato,Other,Local,27/01/2025,1000,2200,1600,78
Maharashtra,Pune,Manchar,Tomato,Other,FAQ,12/11/2024,3000,6000,4550,78
Maharashtra,Pune,Manchar,Tomato,Other,FAQ,01/09/2024,1000,3000,2450,78
Maharashtra,Pune,Manchar,Tomato,Other,FAQ,12/09/2024,1500,3500,2550,78
Maharashtra,Pune,Manchar,Tomato,Other,FAQ,29/09/2024,1500,8000,4755,78
Maharashtra,Pune,Manchar,Tomato,Other,Local,28/03/2025,1000,1300,1200,78
Maharashtra,Pune,Manchar,Tomato,Other,Local,01/04/2025,1500,2000,1800,78
Maharashtra,Pune,Manchar,Tomato,Other,Local,07/04/2025,1000,2200,1650,78
Maharashtra,Pune,Manchar,Tomato,Other,Local,10/04/2025,1200,2700,1950,78
Maharashtra,Pune,Manchar,Tomato,Other,Local,14/04/2025,800,2500,1650,78
Maharashtra,Pune,Manchar,Tomato,Other,Local,09/05/2025,1000,2500,1800,78
Maharashtra,Pune,Manchar,Tomato,Other,Local,22/05/2025,1850,3200,2550,78
Maharashtra,Pune,Manchar,Tomato,Other,Local,25/05/2025,2300,4210,3255,78
Maharashtra,Pune,Manchar,Tomato,Other,FAQ,11/08/2024,1000,4500,2750,78
Maharashtra,Pune,Manchar,Tomato,Other,Local,07/02/2025,1200,1800,1500,78
Maharashtra,Pune,Manchar,Tomato,Other,Local,23/02/2025,2000,3000,2550,78
Maharashtra,Pune,Manchar,Tomato,Other,FAQ,12/01/2024,1300,3800,2550,78
Maharashtra,Pune,Manchar,Tomato,Other,FAQ,15/02/2024,1000,2200,1600,78
Maharashtra,Pune,Manchar,Tomato,Other,FAQ,19/02/2024,2000,4100,3050,78
Maharashtra,Pune,Manchar,Tomato,Other,FAQ,01/03/2024,1000,3200,2100,78
Maharashtra,Pune,Manchar,Tomato,Other,FAQ,04/03/2024,1000,2700,1850,78
Maharashtra,Pune,Manchar,Tomato,Other,FAQ,18/03/2024,1500,3000,2250,78
Maharashtra,Pune,Manchar,Tomato,Other,FAQ,11/01/2024,1800,1800,1800,78
Maharashtra,Pune,Manchar,Tomato,Other,FAQ,14/01/2024,3000,4000,3500,78
Maharashtra,Pune,Manchar,Tomato,Other,FAQ,11/02/2024,3300,4000,3650,78
Maharashtra,Pune,Manchar,Tomato,Other,FAQ,17/03/2024,2000,2750,2375,78
Maharashtra,Pune,Manchar,Tomato,Other,FAQ,08/04/2024,1000,2200,1600,78
Maharashtra,Pune,Manchar,Tomato,Other,Local,20/02/2025,1500,2250,1900,78
Maharashtra,Pune,Manchar,Tomato,Other,Local,07/07/2025,2250,3000,2700,78
Maharashtra,Pune,Manchar,Tomato,Other,Local,08/07/2025,2250,4000,3125,78
Maharashtra,Pune,Manchar,Tomato,Other,Local,13/07/2025,2470,4600,3535,78
Maharashtra,Pune,Manchar,Tomato,Other,Local,03/06/2025,2250,4150,3200,78
Maharashtra,Pune,Manchar,Tomato,Other,Local,20/06/2025,2300,4210,3300,78
Maharashtra,Pune,Manchar,Tomato,Other,Local,03/09/2025,2350,4000,3200,78
Maharashtra,Pune,Manchar,Tomato,Other,Local,01/08/2025,4150,7500,5825,78
Maharashtra,Pune,Manchar,Tomato,Other,Local,13/08/2025,3950,7000,5475,78
Maharashtra,Pune,Manchar,Tomato,Other,FAQ,12/12/2024,2500,5500,4500,78
Maharashtra,Pune,Manchar,Tomato,Other,FAQ,17/12/2024,2500,5000,3800,78
Maharashtra,Pune,Manchar,Tomato,Other,FAQ,18/12/2024,2000,3500,2800,78
Maharashtra,Pune,Manchar,Tomato,Other,FAQ,03/05/2024,650,2200,1450,78
Maharashtra,Pune,Manchar,Tomato,Other,FAQ,08/05/2024,700,2200,1450,78
Maharashtra,Pune,Manchar,Tomato,Other,FAQ,27/05/2024,1000,4000,2550,78
Maharashtra,Pune,Manchar,Tomato,Other,FAQ,03/01/2024,2000,5740,3870,78
Maharashtra,Pune,Manchar,Tomato,Other,FAQ,08/01/2024,1000,1500,1250,78
Maharashtra,Pune,Manchar,Tomato,Other,FAQ,24/01/2024,1700,4000,2850,78
Maharashtra,Pune,Manchar,Tomato,Other,FAQ,04/02/2024,2200,4500,3350,78
Maharashtra,Pune,Manchar,Tomato,Other,FAQ,06/02/2024,3000,3000,3000,78
Maharashtra,Pune,Manchar,Tomato,Other,FAQ,14/02/2024,1120,1800,1460,78
Maharashtra,Pune,Manchar,Tomato,Other,FAQ,20/02/2024,2000,4100,3050,78
Maharashtra,Pune,Manchar,Tomato,Other,FAQ,27/02/2024,1000,2200,1600,78
Maharashtra,Pune,Manchar,Tomato,Other,FAQ,28/02/2024,1500,2000,1750,78
Maharashtra,Pune,Manchar,Tomato,Other,FAQ,29/02/2024,1000,2000,1500,78
Maharashtra,Pune,Manchar,Tomato,Other,FAQ,07/03/2024,1000,3000,2000,78
Maharashtra,Pune,Manchar,Tomato,Other,FAQ,10/03/2024,1000,1000,1000,78
Maharashtra,Pune,Manchar,Tomato,Other,FAQ,12/03/2024,500,1100,800,78
Maharashtra,Pune,Manchar,Tomato,Other,FAQ,13/03/2024,2500,2500,2500,78
Maharashtra,Pune,Manchar,Tomato,Other,FAQ,24/03/2024,500,500,500,78
Maharashtra,Pune,Manchar,Tomato,Other,FAQ,05/04/2024,1000,2000,1500,78
Maharashtra,Pune,Manchar,Tomato,Other,FAQ,13/11/2024,3000,5000,4250,78
Maharashtra,Pune,Manchar,Tomato,Other,FAQ,23/06/2024,1000,7000,4500,78
Maharashtra,Pune,Manchar,Tomato,Other,FAQ,02/10/2024,3500,6500,5125,78
Maharashtra,Pune,Manchar,Tomato,Other,FAQ,24/10/2024,4000,6460,5230,78
Maharashtra,Pune,Manchar,Tomato,Other,FAQ,08/08/2024,1000,4800,2900,78
Maharashtra,Pune,Manchar,Tomato,Other,FAQ,12/08/2024,1000,4000,2500,78
Maharashtra,Pune,Manchar,Tomato,Other,FAQ,19/01/2025,3000,6000,4500,78
Maharashtra,Pune,Manchar,Tomato,Other,Local,03/04/2025,1000,2000,1550,78
Maharashtra,Pune,Manchar,Tomato,Other,Local,18/04/2025,1500,3000,2260,78
Maharashtra,Pune,Manchar,Tomato,Other,Local,24/04/2025,2000,2700,2350,78
Maharashtra,Pune,Manchar,Tomato,Other,Local,04/05/2025,1000,2500,1750,78
Maharashtra,Pune,Manchar,Tomato,Other,Local,20/05/2025,2100,3400,2800,78
Maharashtra,Pune,Manchar,Tomato,Other,Local,28/05/2025,2020,3650,2835,78
Maharashtra,Pune,Manchar,Tomato,Other,Local,14/02/2025,1000,1800,1400,78
Maharashtra,Pune,Manchar,Tomato,Other,Local,16/02/2025,1000,2000,1550,78
Maharashtra,Pune,Manchar,Tomato,Other,FAQ,25/01/2022,1000,3200,2150,78
Maharashtra,Pune,Manchar,Tomato,Other,FAQ,13/02/2022,600,1250,925,78
Maharashtra,Pune,Manchar,Tomato,Other,FAQ,21/02/2022,700,1000,850,78
Maharashtra,Pune,Manchar,Tomato,Other,FAQ,08/03/2022,1000,3500,2250,78
Maharashtra,Pune,Manchar,Tomato,Other,FAQ,22/03/2022,300,300,300,78
Maharashtra,Pune,Manchar,Tomato,Other,FAQ,10/04/2022,1500,1500,1500,78
Maharashtra,Pune,Manchar,Tomato,Other,FAQ,15/04/2022,1300,1300,1300,78
Maharashtra,Pune,Manchar,Tomato,Other,FAQ,18/04/2022,500,2200,1350,78
Maharashtra,Pune,Manchar,Tomato,Other,FAQ,24/04/2022,800,2700,1750,78
Maharashtra,Pune,Manchar,Tomato,Other,FAQ,04/05/2022,1000,7000,3600,78
Maharashtra,Pune,Manchar,Tomato,Other,FAQ,25/05/2022,1000,1200,1100,78
Maharashtra,Pune,Manchar,Tomato,Other,FAQ,13/06/2022,1200,1200,1200,78
Maharashtra,Pune,Manchar,Tomato,Other,FAQ,24/06/2022,1000,7400,4200,78
Maharashtra,Pune,Manchar,Tomato,Other,FAQ,26/06/2022,1000,1100,1050,78
Maharashtra,Pune,Manchar,Tomato,Other,FAQ,27/06/2022,1100,1100,1100,78
Maharashtra,Pune,Manchar,Tomato,Other,FAQ,12/08/2022,1500,3000,2250,78
Maharashtra,Pune,Manchar,Tomato,Other,FAQ,17/08/2022,1000,2500,1550,78
Maharashtra,Pune,Manchar,Tomato,Other,FAQ,25/08/2022,1000,2200,1650,78
Maharashtra,Pune,Manchar,Tomato,Other,FAQ,23/11/2022,1200,1700,1450,78
Maharashtra,Pune,Manchar,Tomato,Other,FAQ,22/12/2022,1400,1500,1450,78
Maharashtra,Pune,Manchar,Tomato,Other,Local,07/03/2025,1000,2000,1550,78
Maharashtra,Pune,Manchar,Tomato,Other,Local,10/03/2025,1000,2500,1750,78
Maharashtra,Pune,Manchar,Tomato,Other,Local,21/03/2025,1000,2700,1900,78
Maharashtra,Pune,Manchar,Tomato,Other,Local,25/03/2025,1000,1500,1300,78
Maharashtra,Pune,Manchar,Tomato,Other,Local,31/03/2025,1000,1500,1250,78
Maharashtra,Pune,Manchar,Tomato,Other,FAQ,13/01/2025,1500,2500,2100,78
Maharashtra,Pune,Manchar,Tomato,Other,FAQ,03/01/2025,1000,2800,1900,78
Maharashtra,Pune,Manchar,Tomato,Other,FAQ,12/01/2023,1300,2200,1750,78
Maharashtra,Pune,Manchar,Tomato,Other,FAQ,27/02/2023,1300,3200,2250,78
Maharashtra,Pune,Manchar,Tomato,Other,FAQ,28/03/2023,2700,2700,2700,78
Maharashtra,Pune,Manchar,Tomato,Other,FAQ,19/05/2023,800,1500,1150,78
Maharashtra,Pune,Manchar,Tomato,Other,FAQ,13/06/2023,2700,2700,2700,78
Maharashtra,Pune,Manchar,Tomato,Other,FAQ,20/06/2023,1000,1500,1250,78
Maharashtra,Pune,Manchar,Tomato,Other,FAQ,03/07/2023,6850,11000,8925,78
Maharashtra,Pune,Manchar,Tomato,Other,FAQ,04/07/2023,4000,13000,8500,78
Maharashtra,Pune,Manchar,Tomato,Other,FAQ,05/07/2023,5000,5000,5000,78
Maharashtra,Pune,Manchar,Tomato,Other,FAQ,09/07/2023,1500,1700,1600,78
Maharashtra,Pune,Manchar,Tomato,Other,FAQ,10/07/2023,1500,12000,6750,78
Maharashtra,Pune,Manchar,Tomato,Other,FAQ,16/07/2023,15000,15000,15000,78
Maharashtra,Pune,Manchar,Tomato,Other,FAQ,28/07/2023,1500,19000,10250,78
Maharashtra,Pune,Manchar,Tomato,Other,FAQ,31/07/2023,1000,4000,2500,78
Maharashtra,Pune,Manchar,Tomato,Other,FAQ,04/08/2023,1000,2700,1850,78
Maharashtra,Pune,Manchar,Tomato,Other,FAQ,06/08/2023,9000,14000,11500,78
Maharashtra,Pune,Manchar,Tomato,Other,FAQ,20/08/2023,500,1000,750,78
Maharashtra,Pune,Manchar,Tomato,Other,FAQ,23/08/2023,5500,5500,5500,78
Maharashtra,Pune,Manchar,Tomato,Other,FAQ,28/08/2023,2500,5000,3750,78
Maharashtra,Pune,Manchar,Tomato,Other,FAQ,17/09/2023,100,300,200,78
Maharashtra,Pune,Manchar,Tomato,Other,FAQ,26/09/2023,1000,1800,1400,78
Maharashtra,Pune,Manchar,Tomato,Other,FAQ,29/09/2023,1000,1800,1400,78
Maharashtra,Pune,Manchar,Tomato,Other,FAQ,08/10/2023,500,1050,775,78
Maharashtra,Pune,Manchar,Tomato,Other,FAQ,16/10/2023,1000,1300,1150,78
Maharashtra,Pune,Manchar,Tomato,Other,FAQ,22/10/2023,1000,1200,1100,78
Maharashtra,Pune,Manchar,Tomato,Other,FAQ,29/10/2023,1000,1800,1400,78
Maharashtra,Pune,Manchar,Tomato,Other,FAQ,07/11/2023,1500,1700,1600,78
Maharashtra,Pune,Manchar,Tomato,Other,FAQ,04/12/2023,1500,7000,4250,78
Maharashtra,Pune,Manchar,Tomato,Other,FAQ,29/12/2023,2700,3650,3175,78
Maharashtra,Pune,Manchar,Tomato,Other,FAQ,15/06/2021,100,500,300,78
Maharashtra,Pune,Manchar,Tomato,Other,FAQ,21/06/2021,800,1200,1000,78
Maharashtra,Pune,Manchar,Tomato,Other,FAQ,05/07/2021,150,400,275,78
Maharashtra,Pune,Manchar,Tomato,Other,FAQ,27/08/2021,500,1000,750,78
Maharashtra,Pune,Manchar,Tomato,Other,FAQ,03/09/2021,1200,1500,1350,78
Maharashtra,Pune,Manchar,Tomato,Other,FAQ,12/09/2021,725,2000,1100,78
Maharashtra,Pune,Manchar,Tomato,Other,FAQ,22/09/2021,725,2000,1275,78
Maharashtra,Pune,Manchar,Tomato,Other,FAQ,18/10/2021,1160,6000,3580,78
Maharashtra,Pune,Manchar,Tomato,Other,FAQ,21/10/2021,1000,3000,2485,78
Maharashtra,Pune,Manchar,Tomato,Other,FAQ,05/11/2021,300,300,300,78
Maharashtra,Pune,Manchar,Tomato,Other,FAQ,22/11/2021,7100,7100,7100,78
Maharashtra,Pune,Manchar,Tomato,Other,FAQ,07/12/2021,800,800,800,78
Maharashtra,Pune,Manchar,Tomato,Other,Local,16/06/2025,2500,6000,4255,78
Maharashtra,Pune,Manchar,Tomato,Other,Local,30/06/2025,2500,5000,3800,78
Maharashtra,Pune,Manchar,Tomato,Other,Local,05/06/2025,1800,3300,2550,78
Maharashtra,Pune,Manchar,Tomato,Other,Local,08/06/2025,2000,3700,2900,78
Maharashtra,Pune,Manchar,Tomato,Other,Local,10/06/2025,1500,3200,2350,78
Maharashtra,Pune,Manchar,Tomato,Other,Local,25/06/2025,1500,3500,2500,78
Maharashtra,Pune,Manchar,Tomato,Other,Local,15/07/2025,2250,4000,3125,78
Maharashtra,Pune,Manchar,Tomato,Other,Local,21/07/2025,2000,3700,2850,78
Maharashtra,Pune,Manchar,Tomato,Other,Local,23/07/2025,2850,5000,3925,78
Maharashtra,Pune,Manchar,Tomato,Other,Local,15/09/2025,1750,3200,2500,78
Maharashtra,Pune,Manchar,Tomato,Other,Local,16/09/2025,600,3900,2300,78
Maharashtra,Pune,Manchar,Tomato,Other,Local,05/10/2025,2500,5500,4000,78
Maharashtra,Pune,Manchar,Tomato,Other,Local,08/10/2025,1650,3000,2400,78
Maharashtra,Pune,Manchar,Tomato,Other,Local,13/10/2025,1200,3700,2500,78
Maharashtra,Pune,Manchar,Tomato,Other,Local,16/10/2025,800,3500,2200,78
Maharashtra,Pune,Manchar,Tomato,Other,FAQ,27/09/2021,2000,2500,2250,78
Maharashtra,Pune,Manchar,Tomato,Other,FAQ,26/10/2021,1800,1800,1800,78
Maharashtra,Pune,Manchar,Tomato,Other,FAQ,02/11/2021,2500,2500,2500,78
Maharashtra,Pune,Manchar,Tomato,Other,FAQ,08/11/2021,1000,1200,1100,78
Maharashtra,Pune,Manchar,Tomato,Other,FAQ,14/11/2021,1100,5500,3300,78
Maharashtra,Pune,Manchar,Tomato,Other,FAQ,15/11/2021,800,800,800,78
Maharashtra,Pune,Manchar,Tomato,Other,FAQ,23/11/2021,1100,4500,2800,78
Maharashtra,Pune,Manchar,Tomato,Other,FAQ,05/12/2021,1000,5500,3050,78
Maharashtra,Pune,Manchar,Tomato,Other,FAQ,06/12/2021,800,800,800,78
Maharashtra,Pune,Manchar,Tomato,Other,FAQ,08/12/2021,1000,6000,4125,78
Maharashtra,Pune,Manchar,Tomato,Other,FAQ,17/12/2021,400,1000,700,78
Maharashtra,Pune,Manchar,Tomato,Other,FAQ,22/12/2021,1500,4600,3050,78
Maharashtra,Pune,Manchar,Tomato,Other,FAQ,14/06/2021,400,400,400,78
Maharashtra,Pune,Manchar,Tomato,Other,FAQ,18/06/2021,800,800,800,78
Maharashtra,Pune,Manchar,Tomato,Other,FAQ,29/06/2021,500,500,500,78
Maharashtra,Pune,Manchar,Tomato,Other,FAQ,23/07/2021,500,1800,1150,78
Maharashtra,Pune,Manchar,Tomato,Other,FAQ,26/07/2021,500,600,550,78
Maharashtra,Pune,Manchar,Tomato,Other,FAQ,01/09/2021,1000,1200,1100,78
Maharashtra,Pune,Manchar,Tomato,Other,FAQ,02/01/2024,1000,1800,1400,78
Maharashtra,Pune,Manchar,Tomato,Other,FAQ,15/01/2024,1000,1800,1400,78
Maharashtra,Pune,Manchar,Tomato,Other,FAQ,21/01/2024,200,300,250,78
Maharashtra,Pune,Manchar,Tomato,Other,FAQ,28/01/2024,3600,3600,3600,78
Maharashtra,Pune,Manchar,Tomato,Other,FAQ,08/02/2024,1800,4250,3025,78
Maharashtra,Pune,Manchar,Tomato,Other,FAQ,13/02/2024,2000,3300,2650,78
Maharashtra,Pune,Manchar,Tomato,Other,FAQ,21/02/2024,2000,3600,2800,78
Maharashtra,Pune,Manchar,Tomato,Other,FAQ,23/02/2024,1250,3050,2150,78
Maharashtra,Pune,Manchar,Tomato,Other,FAQ,03/03/2024,500,1100,800,78
Maharashtra,Pune,Manchar,Tomato,Other,FAQ,05/03/2024,500,800,650,78
Maharashtra,Pune,Manchar,Tomato,Other,FAQ,06/03/2024,1400,3250,2325,78
Maharashtra,Pune,Manchar,Tomato,Other,FAQ,21/03/2024,1200,3900,2550,78
Maharashtra,Pune,Manchar,Tomato,Other,FAQ,27/03/2024,1000,2700,1850,78
Maharashtra,Pune,Manchar,Tomato,Other,FAQ,04/04/2024,1000,2500,1750,78
Maharashtra,Pune,Manchar,Tomato,Other,FAQ,07/04/2024,1000,2200,1600,78
Maharashtra,Pune,Manchar,Tomato,Other,FAQ,09/06/2024,1200,6100,3700,78
Maharashtra,Pune,Manchar,Tomato,Other,FAQ,30/06/2024,1600,7420,4510,78
Maharashtra,Pune,Manchar,Tomato,Other,FAQ,17/01/2025,1500,2700,2100,78
Maharashtra,Pune,Manchar,Tomato,Other,FAQ,22/01/2025,1000,1300,1200,78
Maharashtra,Pune,Manchar,Tomato,Other,Local,03/02/2025,1500,2000,1750,78
Maharashtra,Pune,Manchar,Tomato,Other,Local,28/02/2025,1000,2000,1500,78
Maharashtra,Pune,Manchar,Tomato,Other,FAQ,03/12/2024,3000,8000,6000,78
Maharashtra,Pune,Manchar,Tomato,Other,FAQ,04/12/2024,3000,11501,7300,78
Maharashtra,Pune,Manchar,Tomato,Other,FAQ,09/12/2024,2000,4000,3100,78
Maharashtra,Pune,Manchar,Tomato,Other,FAQ,13/12/2024,2500,3800,3200,78
Maharashtra,Pune,Manchar,Tomato,Other,FAQ,27/12/2024,400,600,500,78
Maharashtra,Pune,Manchar,Tomato,Other,FAQ,04/10/2024,1500,7800,4655,78
Maharashtra,Pune,Manchar,Tomato,Other,FAQ,20/02/2023,1600,3000,2300,78
Maharashtra,Pune,Manchar,Tomato,Other,FAQ,07/03/2023,1000,2800,1900,78
Maharashtra,Pune,Manchar,Tomato,Other,FAQ,24/03/2023,1600,3300,2450,78
Maharashtra,Pune,Manchar,Tomato,Other,FAQ,27/03/2023,1800,3600,2700,78
Maharashtra,Pune,Manchar,Tomato,Other,FAQ,02/04/2023,800,1500,1150,78
Maharashtra,Pune,Manchar,Tomato,Other,FAQ,03/04/2023,1000,2750,1875,78
Maharashtra,Pune,Manchar,Tomato,Other,FAQ,01/05/2023,800,1000,900,78
Maharashtra,Pune,Manchar,Tomato,Other,FAQ,08/06/2023,1000,2450,1700,78
Maharashtra,Pune,Manchar,Tomato,Other,FAQ,19/06/2023,1500,1500,1500,78
Maharashtra,Pune,Manchar,Tomato,Other,FAQ,29/06/2023,4000,5000,4500,78
Maharashtra,Pune,Manchar,Tomato,Other,FAQ,07/07/2023,4600,7300,5950,78
Maharashtra,Pune,Manchar,Tomato,Other,FAQ,12/07/2023,4500,4500,4500,78
Maharashtra,Pune,Manchar,Tomato,Other,FAQ,23/07/2023,2000,9500,5750,78
Maharashtra,Pune,Manchar,Tomato,Other,FAQ,30/07/2023,9100,16210,12655,78
Maharashtra,Pune,Manchar,Tomato,Other,FAQ,08/08/2023,1500,8100,4800,78
Maharashtra,Pune,Manchar,Tomato,Other,FAQ,11/08/2023,1000,1500,1250,78
Maharashtra,Pune,Manchar,Tomato,Other,FAQ,21/08/2023,1000,1200,1100,78
Maharashtra,Pune,Manchar,Tomato,Other,FAQ,24/08/2023,800,2000,1400,78
Maharashtra,Pune,Manchar,Tomato,Other,FAQ,05/09/2023,1000,2800,1900,78
Maharashtra,Pune,Manchar,Tomato,Other,FAQ,13/09/2023,500,800,650,78
Maharashtra,Pune,Manchar,Tomato,Other,FAQ,25/09/2023,400,1100,750,78
Maharashtra,Pune,Manchar,Tomato,Other,FAQ,01/10/2023,400,1000,700,78
Maharashtra,Pune,Manchar,Tomato,Other,FAQ,03/10/2023,1200,1200,1200,78
Maharashtra,Pune,Manchar,Tomato,Other,FAQ,13/10/2023,500,800,650,78
Maharashtra,Pune,Manchar,Tomato,Other,FAQ,20/10/2023,1000,1300,1150,78
Maharashtra,Pune,Manchar,Tomato,Other,FAQ,25/10/2023,1000,1300,1150,78
Maharashtra,Pune,Manchar,Tomato,Other,FAQ,02/11/2023,1000,2250,1625,78
Maharashtra,Pune,Manchar,Tomato,Other,FAQ,03/11/2023,1050,2500,1775,78
Maharashtra,Pune,Manchar,Tomato,Other,FAQ,06/11/2023,200,200,200,78
Maharashtra,Pune,Manchar,Tomato,Other,FAQ,28/11/2023,2300,5000,3650,78
Maharashtra,Pune,Manchar,Tomato,Other,FAQ,29/11/2023,2000,6500,4250,78
Maharashtra,Pune,Manchar,Tomato,Other,FAQ,06/12/2023,1300,3200,2250,78
Maharashtra,Pune,Manchar,Tomato,Other,FAQ,12/12/2023,1700,3500,2600,78
Maharashtra,Pune,Manchar,Tomato,Other,Local,06/03/2025,1000,2000,1500,78
Maharashtra,Pune,Manchar,Tomato,Other,Local,18/03/2025,1000,2700,1900,78
Maharashtra,Pune,Manchar,Tomato,Other,Local,18/06/2025,2000,4500,3300,78
Maharashtra,Pune,Manchar,Tomato,Other,Local,19/06/2025,2000,3800,2900,78
Maharashtra,Pune,Manchar,Tomato,Other,Local,27/06/2025,2000,4000,3100,78
Maharashtra,Pune,Manchar,Tomato,Other,Local,20/07/2025,3300,6100,4700,78
Maharashtra,Pune,Manchar,Tomato,Other,Local,22/07/2025,2350,3800,3075,78
Maharashtra,Pune,Manchar,Tomato,Other,Local,22/04/2025,1500,2700,2150,78
Maharashtra,Pune,Manchar,Tomato,Other,Local,06/05/2025,500,2700,1650,78
Maharashtra,Pune,Manchar,Tomato,Other,Local,27/05/2025,1800,3000,2400,78
Maharashtra,Pune,Manchar,Tomato,Other,FAQ,08/07/2024,2000,8000,5200,78
Maharashtra,Pune,Manchar,Tomato,Other,FAQ,23/07/2024,1000,1200,1150,78
Maharashtra,Pune,Manchar,Tomato,Other,FAQ,14/01/2022,500,1000,750,78
Maharashtra,Pune,Manchar,Tomato,Other,FAQ,19/01/2022,850,850,850,78
Maharashtra,Pune,Manchar,Tomato,Other,FAQ,21/01/2022,1000,1000,1000,78
Maharashtra,Pune,Manchar,Tomato,Other,FAQ,27/01/2022,1000,3700,2250,78
Maharashtra,Pune,Manchar,Tomato,Other,FAQ,02/02/2022,1000,3600,2300,78
Maharashtra,Pune,Manchar,Tomato,Other,FAQ,10/02/2022,400,850,625,78
Maharashtra,Pune,Manchar,Tomato,Other,FAQ,18/02/2022,1200,1300,1250,78
Maharashtra,Pune,Manchar,Tomato,Other,FAQ,25/02/2022,1000,1000,1000,78
Maharashtra,Pune,Manchar,Tomato,Other,FAQ,27/02/2022,300,700,500,78
Maharashtra,Pune,Manchar,Tomato,Other,FAQ,07/03/2022,1000,1500,1250,78
Maharashtra,Pune,Manchar,Tomato,Other,FAQ,16/03/2022,700,700,700,78
Maharashtra,Pune,Manchar,Tomato,Other,FAQ,27/03/2022,100,700,400,78
Maharashtra,Pune,Manchar,Tomato,Other,FAQ,28/03/2022,500,2000,1250,78
Maharashtra,Pune,Manchar,Tomato,Other,FAQ,08/04/2022,800,800,800,78
Maharashtra,Pune,Manchar,Tomato,Other,FAQ,25/04/2022,1000,3000,2150,78
Maharashtra,Pune,Manchar,Tomato,Other,FAQ,27/05/2022,1000,1000,1000,78
Maharashtra,Pune,Manchar,Tomato,Other,FAQ,14/06/2022,2250,6000,4125,78
Maharashtra,Pune,Manchar,Tomato,Other,FAQ,15/06/2022,600,600,600,78
Maharashtra,Pune,Manchar,Tomato,Other,FAQ,21/06/2022,700,1100,900,78
Maharashtra,Pune,Manchar,Tomato,Other,FAQ,28/07/2022,1500,2500,2000,78
Maharashtra,Pune,Manchar,Tomato,Other,FAQ,02/08/2022,1200,2700,1550,78
Maharashtra,Pune,Manchar,Tomato,Other,FAQ,03/08/2022,500,1000,750,78
Maharashtra,Pune,Manchar,Tomato,Other,FAQ,07/08/2022,1200,3500,2350,78
Maharashtra,Pune,Manchar,Tomato,Other,Local,28/09/2025,1200,3600,2400,78
Maharashtra,Pune,Manchar,Tomato,Other,Local,06/10/2025,2500,4500,3500,78
Maharashtra,Pune,Manchar,Tomato,Other,Local,30/10/2025,1650,3000,2400,78
Maharashtra,Pune,Manchar APMC,Tomato,Other,Local,21/12/2025,3000,6500,4800,78
Maharashtra,Pune,Manchar APMC,Tomato,Other,Local,17/12/2025,3000,6400,4700,78
Maharashtra,Pune,Manchar APMC,Tomato,Other,Local,10/12/2025,2000,4700,3400,78
Maharashtra,Pune,Manchar APMC,Tomato,Other,Local,22/01/2026,2000,4000,3000,78
Maharashtra,Pune,Manchar APMC,Tomato,Other,Local,11/01/2026,4500,4500,4500,78
Maharashtra,Pune,Manchar APMC,Tomato,Other,Local,18/12/2025,2500,6000,4300,78
Maharashtra,Pune,Manchar APMC,Tomato,Other,Local,14/01/2026,3200,4500,3900,78
Maharashtra,Pune,Manchar APMC,Tomato,Other,Local,04/01/2026,3000,6000,4500,78
Maharashtra,Pune,Manchar APMC,Tomato,Other,Local,15/12/2025,2500,5500,4000,78
Maharashtra,Pune,Manchar APMC,Tomato,Other,Local,30/12/2025,3000,7500,5300,78
Maharashtra,Pune,Manchar APMC,Tomato,Other,Local,27/01/2026,2500,4500,3500,78
Maharashtra,Pune,Manchar APMC,Tomato,Other,Local,04/02/2026,1500,3000,2300,78
Maharashtra,Pune,Manchar APMC,Tomato,Other,Local,09/12/2025,2500,5000,3800,78
Maharashtra,Pune,Manchar APMC,Tomato,Other,Local,03/11/2025,1300,2300,1800,78
Maharashtra,Pune,Manchar APMC,Tomato,Other,Local,26/01/2026,2000,4500,3300,78
Maharashtra,Pune,Manchar APMC,Tomato,Other,Local,01/02/2026,1800,3600,2700,78
Maharashtra,Pune,Manchar APMC,Tomato,Other,Local,11/12/2025,2500,5000,3800,78
Maharashtra,Pune,Manchar APMC,Tomato,Other,Local,03/02/2026,1000,2700,1850,78
Maharashtra,Pune,Pune,Tomato,Local,FAQ,03/07/2024,1500,5000,3250,78
Maharashtra,Pune,Pune,Tomato,Local,FAQ,07/07/2024,1200,5500,3350,78
Maharashtra,Pune,Pune,Tomato,Local,FAQ,08/07/2024,1200,5500,3350,78
Maharashtra,Pune,Pune,Tomato,Local,FAQ,11/07/2024,2000,5000,3500,78
Maharashtra,Pune,Pune,Tomato,Local,FAQ,18/07/2024,2000,7000,4500,78
Maharashtra,Pune,Pune,Tomato,Local,FAQ,31/07/2024,1000,3000,2000,78
Maharashtra,Pune,Pune,Tomato,Local,FAQ,07/08/2024,600,2500,1550,78
Maharashtra,Pune,Pune,Tomato,Local,FAQ,06/05/2024,600,1200,900,78
Maharashtra,Pune,Pune,Tomato,Local,FAQ,08/05/2024,600,1400,1000,78
Maharashtra,Pune,Pune,Tomato,Local,FAQ,10/05/2024,600,1500,1050,78
Maharashtra,Pune,Pune,Tomato,Local,FAQ,03/01/2024,1200,2500,1850,78
Maharashtra,Pune,Pune,Tomato,Local,FAQ,05/01/2024,1000,2600,1800,78
Maharashtra,Pune,Pune,Tomato,Local,FAQ,07/01/2024,1000,2500,1750,78
Maharashtra,Pune,Pune,Tomato,Local,FAQ,10/01/2024,800,2000,1400,78
Maharashtra,Pune,Pune,Tomato,Local,FAQ,15/01/2024,1000,2000,1500,78
Maharashtra,Pune,Pune,Tomato,Local,FAQ,16/01/2024,1000,2200,1600,78
Maharashtra,Pune,Pune,Tomato,Local,FAQ,17/01/2024,800,2000,1400,78
Maharashtra,Pune,Pune,Tomato,Local,FAQ,19/01/2024,1000,2500,1750,78
Maharashtra,Pune,Pune,Tomato,Local,FAQ,21/01/2024,1000,2500,1750,78
Maharashtra,Pune,Pune,Tomato,Local,FAQ,24/01/2024,1000,2500,1750,78
Maharashtra,Pune,Pune,Tomato,Local,FAQ,30/01/2024,1000,2500,1750,78
Maharashtra,Pune,Pune,Tomato,Local,FAQ,01/02/2024,1000,2500,1750,78
Maharashtra,Pune,Pune,Tomato,Local,FAQ,04/02/2024,1500,3500,2500,78
Maharashtra,Pune,Pune,Tomato,Local,FAQ,05/02/2024,1500,3000,2250,78
Maharashtra,Pune,Pune,Tomato,Local,FAQ,13/02/2024,1000,2500,1750,78
Maharashtra,Pune,Pune,Tomato,Local,FAQ,15/02/2024,1000,2500,1750,78
Maharashtra,Pune,Pune,Tomato,Local,FAQ,20/02/2024,1000,2000,1500,78
Maharashtra,Pune,Pune,Tomato,Local,FAQ,01/03/2024,1000,2000,1500,78
Maharashtra,Pune,Pune,Tomato,Local,FAQ,07/03/2024,600,1600,1100,78
Maharashtra,Pune,Pune,Tomato,Local,FAQ,13/03/2024,1000,1600,1300,78
Maharashtra,Pune,Pune,Tomato,Local,FAQ,14/03/2024,1000,1600,1300,78
Maharashtra,Pune,Pune,Tomato,Local,FAQ,27/03/2024,600,1400,1000,78
Maharashtra,Pune,Pune,Tomato,Local,FAQ,29/03/2024,600,1200,900,78
Maharashtra,Pune,Pune,Tomato,Local,FAQ,31/03/2024,600,1400,1000,78
Maharashtra,Pune,Pune,Tomato,Local,FAQ,01/04/2024,600,1200,900,78
Maharashtra,Pune,Pune,Tomato,Local,FAQ,04/04/2024,600,1200,900,78
Maharashtra,Pune,Pune,Tomato,Local,FAQ,14/04/2024,500,1200,850,78
Maharashtra,Pune,Pune,Tomato,Local,FAQ,24/04/2024,700,1200,950,78
Maharashtra,Pune,Pune,Tomato,Local,FAQ,28/04/2024,500,1200,850,78
Maharashtra,Pune,Pune,Tomato,Local,FAQ,21/02/2021,400,1200,800,78
Maharashtra,Pune,Pune,Tomato,Local,FAQ,23/02/2021,500,1000,750,78
Maharashtra,Pune,Pune,Tomato,Local,FAQ,28/02/2021,500,1000,750,78
Maharashtra,Pune,Pune,Tomato,Local,FAQ,02/03/2021,400,1000,700,78
Maharashtra,Pune,Pune,Tomato,Local,FAQ,03/03/2021,400,1000,700,78
Maharashtra,Pune,Pune,Tomato,Local,FAQ,10/03/2021,400,700,550,78
Maharashtra,Pune,Pune,Tomato,Local,FAQ,11/03/2021,400,700,550,78
Maharashtra,Pune,Pune,Tomato,Local,FAQ,04/04/2021,600,1400,1000,78
Maharashtra,Pune,Pune,Tomato,Local,FAQ,06/04/2021,400,1200,800,78
Maharashtra,Pune,Pune,Tomato,Local,FAQ,07/04/2021,500,1200,1000,78
Maharashtra,Pune,Pune,Tomato,Local,FAQ,08/04/2021,400,1200,800,78
Maharashtra,Pune,Pune,Tomato,Local,FAQ,22/04/2021,500,1200,850,78
Maharashtra,Pune,Pune,Tomato,Local,FAQ,28/04/2021,600,1000,800,78
Maharashtra,Pune,Pune,Tomato,Local,FAQ,06/05/2021,500,1000,750,78
Maharashtra,Pune,Pune,Tomato,Local,FAQ,12/05/2021,500,1000,750,78
Maharashtra,Pune,Pune,Tomato,Local,FAQ,18/05/2021,400,1000,700,78
Maharashtra,Pune,Pune,Tomato,Local,FAQ,21/05/2021,400,1000,700,78
Maharashtra,Pune,Pune,Tomato,Local,FAQ,25/05/2021,500,1000,750,78
Maharashtra,Pune,Pune,Tomato,Local,FAQ,01/06/2021,300,1000,700,78
Maharashtra,Pune,Pune,Tomato,Local,FAQ,06/06/2021,600,1000,800,78
Maharashtra,Pune,Pune,Tomato,Local,FAQ,07/06/2021,500,1000,750,78
Maharashtra,Pune,Pune,Tomato,Local,FAQ,20/06/2021,400,1000,700,78
Maharashtra,Pune,Pune,Tomato,Local,FAQ,21/06/2021,400,1000,700,78
Maharashtra,Pune,Pune,Tomato,Local,FAQ,02/07/2021,400,800,600,78
Maharashtra,Pune,Pune,Tomato,Local,FAQ,07/07/2021,400,800,600,78
Maharashtra,Pune,Pune,Tomato,Local,FAQ,11/07/2021,400,800,600,78
Maharashtra,Pune,Pune,Tomato,Local,FAQ,15/07/2021,600,1000,800,78
Maharashtra,Pune,Pune,Tomato,Local,FAQ,18/07/2021,500,1100,800,78
Maharashtra,Pune,Pune,Tomato,Local,FAQ,27/07/2021,500,1500,1000,78
Maharashtra,Pune,Pune,Tomato,Local,FAQ,08/08/2021,500,1200,850,78
Maharashtra,Pune,Pune,Tomato,Local,FAQ,12/08/2021,400,1000,700,78
Maharashtra,Pune,Pune,Tomato,Local,FAQ,17/08/2021,400,800,600,78
Maharashtra,Pune,Pune,Tomato,Local,FAQ,18/08/2021,300,500,400,78
Maharashtra,Pune,Pune,Tomato,Local,FAQ,23/08/2021,400,800,600,78
Maharashtra,Pune,Pune,Tomato,Local,FAQ,26/08/2021,500,800,650,78
Maharashtra,Pune,Pune,Tomato,Local,FAQ,27/08/2021,400,800,600,78
Maharashtra,Pune,Pune,Tomato,Local,FAQ,29/08/2021,400,800,600,78
Maharashtra,Pune,Pune,Tomato,Local,FAQ,31/08/2021,400,800,600,78
Maharashtra,Pune,Pune,Tomato,Local,FAQ,05/09/2021,400,1000,700,78
Maharashtra,Pune,Pune,Tomato,Local,FAQ,10/09/2021,400,800,600,78
Maharashtra,Pune,Pune,Tomato,Local,FAQ,13/09/2021,500,800,650,78
Maharashtra,Pune,Pune,Tomato,Local,FAQ,28/09/2021,1200,2500,1850,78
Maharashtra,Pune,Pune,Tomato,Local,FAQ,29/09/2021,1400,2500,1950,78
Maharashtra,Pune,Pune,Tomato,Local,FAQ,03/10/2021,1200,2500,1850,78
Maharashtra,Pune,Pune,Tomato,Local,FAQ,07/10/2021,1000,2500,1750,78
Maharashtra,Pune,Pune,Tomato,Local,FAQ,24/10/2021,1200,3000,2100,78
Maharashtra,Pune,Pune,Tomato,Local,FAQ,26/10/2021,1500,3500,2500,78
Maharashtra,Pune,Pune,Tomato,Local,FAQ,01/11/2021,1200,2500,1850,78
Maharashtra,Pune,Pune,Tomato,Local,FAQ,02/11/2021,1500,2500,2000,78
Maharashtra,Pune,Pune,Tomato,Local,FAQ,03/11/2021,1500,3000,2250,78
Maharashtra,Pune,Pune,Tomato,Local,FAQ,10/11/2021,1200,3000,2100,78
Maharashtra,Pune,Pune,Tomato,Local,FAQ,12/11/2021,1500,3000,2250,78
Maharashtra,Pune,Pune,Tomato,Local,FAQ,14/11/2021,1500,3500,2500,78
Maharashtra,Pune,Pune,Tomato,Local,FAQ,15/11/2021,1500,3000,2250,78
Maharashtra,Pune,Pune,Tomato,Local,FAQ,16/11/2021,1500,3500,2500,78
Maharashtra,Pune,Pune,Tomato,Local,FAQ,17/11/2021,2000,4000,3000,78
Maharashtra,Pune,Pune,Tomato,Local,FAQ,23/11/2021,2000,4500,3250,78
Maharashtra,Pune,Pune,Tomato,Local,FAQ,03/12/2021,2000,4000,3000,78
Maharashtra,Pune,Pune,Tomato,Local,FAQ,06/12/2021,1500,4500,3000,78
Maharashtra,Pune,Pune,Tomato,Local,FAQ,07/12/2021,2000,5000,3500,78
Maharashtra,Pune,Pune,Tomato,Local,FAQ,12/12/2021,1500,3500,2500,78
Maharashtra,Pune,Pune,Tomato,Local,FAQ,17/12/2021,1000,3000,2000,78
Maharashtra,Pune,Pune,Tomato,Local,FAQ,26/12/2021,1200,3500,2350,78
Maharashtra,Pune,Pune,Tomato,Local,FAQ,29/12/2021,1200,3000,2100,78
Maharashtra,Pune,Pune,Tomato,Local,FAQ,02/01/2025,500,1400,950,78
Maharashtra,Pune,Pune,Tomato,Local,FAQ,05/01/2025,500,1500,1000,78
Maharashtra,Pune,Pune,Tomato,Local,FAQ,12/01/2025,600,1500,1050,78
Maharashtra,Pune,Pune,Tomato,Local,FAQ,14/01/2025,800,1500,1150,78
Maharashtra,Pune,Pune,Tomato,Local,FAQ,21/01/2025,400,1200,800,78
Maharashtra,Pune,Pune,Tomato,Local,FAQ,01/09/2024,600,1800,1200,78
Maharashtra,Pune,Pune,Tomato,Local,FAQ,03/09/2024,600,2000,1300,78
Maharashtra,Pune,Pune,Tomato,Local,FAQ,11/09/2024,600,2000,1300,78
Maharashtra,Pune,Pune,Tomato,Local,FAQ,13/09/2024,600,2000,1300,78
Maharashtra,Pune,Pune,Tomato,Local,FAQ,24/09/2024,1000,3000,2000,78
Maharashtra,Pune,Pune,Tomato,Local,FAQ,26/09/2024,1000,3500,2250,78
Maharashtra,Pune,Pune,Tomato,Local,FAQ,30/09/2024,2000,5000,3500,78
Maharashtra,Pune,Pune,Tomato,Local,FAQ,04/06/2024,1000,4000,2500,78
Maharashtra,Pune,Pune,Tomato,Local,FAQ,13/06/2024,1000,3500,2250,78
Maharashtra,Pune,Pune,Tomato,Local,FAQ,21/06/2024,2000,5500,3750,78
Maharashtra,Pune,Pune,Tomato,Local,FAQ,06/06/2024,1000,2800,1900,78
Maharashtra,Pune,Pune,Tomato,Local,FAQ,23/06/2024,2000,5000,3500,78
Maharashtra,Pune,Pune,Tomato,Local,FAQ,07/01/2022,800,2000,1400,78
Maharashtra,Pune,Pune,Tomato,Local,FAQ,17/01/2022,800,1600,1200,78
Maharashtra,Pune,Pune,Tomato,Local,FAQ,21/01/2022,800,1800,1300,78
Maharashtra,Pune,Pune,Tomato,Local,FAQ,10/02/2022,1000,2000,1500,78
Maharashtra,Pune,Pune,Tomato,Local,FAQ,11/02/2022,700,2000,1350,78
Maharashtra,Pune,Pune,Tomato,Local,FAQ,14/02/2022,600,1600,1100,78
Maharashtra,Pune,Pune,Tomato,Local,FAQ,15/02/2022,500,1600,1050,78
Maharashtra,Pune,Pune,Tomato,Local,FAQ,16/02/2022,500,1400,1000,78
Maharashtra,Pune,Pune,Tomato,Local,FAQ,17/02/2022,500,1400,950,78
Maharashtra,Pune,Pune,Tomato,Local,FAQ,02/03/2022,600,1400,1000,78
Maharashtra,Pune,Pune,Tomato,Local,FAQ,10/03/2022,600,1400,1000,78
Maharashtra,Pune,Pune,Tomato,Local,FAQ,20/03/2022,800,1600,1200,78
Maharashtra,Pune,Pune,Tomato,Local,FAQ,21/03/2022,800,1600,1200,78
Maharashtra,Pune,Pune,Tomato,Local,FAQ,30/03/2022,500,1200,850,78
Maharashtra,Pune,Pune,Tomato,Local,FAQ,05/04/2022,500,1400,950,78
Maharashtra,Pune,Pune,Tomato,Local,FAQ,06/04/2022,500,1200,850,78
Maharashtra,Pune,Pune,Tomato,Local,FAQ,07/04/2022,600,1200,900,78
Maharashtra,Pune,Pune,Tomato,Local,FAQ,19/04/2022,800,2000,1400,78
Maharashtra,Pune,Pune,Tomato,Local,FAQ,20/04/2022,700,1800,1250,78
Maharashtra,Pune,Pune,Tomato,Local,FAQ,24/04/2022,1000,2000,1500,78
Maharashtra,Pune,Pune,Tomato,Local,FAQ,28/04/2022,600,2000,1300,78
Maharashtra,Pune,Pune,Tomato,Local,FAQ,29/04/2022,1000,2500,1750,78
Maharashtra,Pune,Pune,Tomato,Local,FAQ,03/05/2022,1500,4000,2750,78
Maharashtra,Pune,Pune,Tomato,Local,FAQ,06/05/2022,1400,4000,2700,78
Maharashtra,Pune,Pune,Tomato,Local,FAQ,08/05/2022,2000,4000,3000,78
Maharashtra,Pune,Pune,Tomato,Local,FAQ,02/06/2022,2000,5000,3500,78
Maharashtra,Pune,Pune,Tomato,Local,FAQ,20/06/2022,1600,4000,2800,78
Maharashtra,Pune,Pune,Tomato,Local,FAQ,21/06/2022,1500,5000,3250,78
Maharashtra,Pune,Pune,Tomato,Local,FAQ,28/06/2022,1500,4000,2750,78
Maharashtra,Pune,Pune,Tomato,Local,FAQ,08/07/2022,600,1600,1100,78
Maharashtra,Pune,Pune,Tomato,Local,FAQ,13/07/2022,500,1000,750,78
Maharashtra,Pune,Pune,Tomato,Local,FAQ,17/07/2022,700,1500,1100,78
Maharashtra,Pune,Pune,Tomato,Local,FAQ,25/07/2022,600,1600,1100,78
Maharashtra,Pune,Pune,Tomato,Local,FAQ,04/08/2022,700,1600,1150,78
Maharashtra,Pune,Pune,Tomato,Local,FAQ,05/08/2022,500,1600,1050,78
Maharashtra,Pune,Pune,Tomato,Local,FAQ,09/08/2022,700,1500,1100,78
Maharashtra,Pune,Pune,Tomato,Local,FAQ,16/08/2022,700,1400,1050,78
Maharashtra,Pune,Pune,Tomato,Local,FAQ,18/08/2022,700,1200,950,78
Maharashtra,Pune,Pune,Tomato,Local,FAQ,28/08/2022,500,1200,850,78
Maharashtra,Pune,Pune,Tomato,Local,FAQ,02/09/2022,500,1200,850,78
Maharashtra,Pune,Pune,Tomato,Local,FAQ,11/09/2022,500,1500,1000,78
Maharashtra,Pune,Pune,Tomato,Local,FAQ,15/09/2022,800,2000,1400,78
Maharashtra,Pune,Pune,Tomato,Local,FAQ,20/09/2022,1000,1600,1300,78
Maharashtra,Pune,Pune,Tomato,Local,FAQ,07/10/2022,1000,3000,2000,78
Maharashtra,Pune,Pune,Tomato,Local,FAQ,12/10/2022,1000,3000,2000,78
Maharashtra,Pune,Pune,Tomato,Local,FAQ,16/10/2022,1500,5000,3250,78
Maharashtra,Pune,Pune,Tomato,Local,FAQ,17/10/2022,1500,3500,2500,78
Maharashtra,Pune,Pune,Tomato,Local,FAQ,23/10/2022,2000,4000,3000,78
Maharashtra,Pune,Pune,Tomato,Local,FAQ,26/10/2022,800,2500,1650,78
Maharashtra,Pune,Pune,Tomato,Local,FAQ,01/11/2022,800,2000,1400,78
Maharashtra,Pune,Pune,Tomato,Local,FAQ,07/11/2022,600,2000,1300,78
Maharashtra,Pune,Pune,Tomato,Local,FAQ,09/11/2022,600,1800,1200,78
Maharashtra,Pune,Pune,Tomato,Local,FAQ,11/11/2022,500,1200,850,78
Maharashtra,Pune,Pune,Tomato,Local,FAQ,15/11/2022,400,1200,800,78
Maharashtra,Pune,Pune,Tomato,Local,FAQ,17/11/2022,400,1000,700,78
Maharashtra,Pune,Pune,Tomato,Local,FAQ,20/11/2022,300,1000,700,78
Maharashtra,Pune,Pune,Tomato,Local,FAQ,27/11/2022,500,1000,750,78
Maharashtra,Pune,Pune,Tomato,Local,FAQ,04/12/2022,300,800,550,78
Maharashtra,Pune,Pune,Tomato,Local,FAQ,06/12/2022,300,800,550,78
Maharashtra,Pune,Pune,Tomato,Local,FAQ,11/12/2022,300,700,500,78
Maharashtra,Pune,Pune,Tomato,Local,FAQ,14/12/2022,300,1000,650,78
Maharashtra,Pune,Pune,Tomato,Local,FAQ,19/12/2022,300,800,550,78
Maharashtra,Pune,Pune,Tomato,Local,FAQ,20/12/2022,200,800,500,78
Maharashtra,Pune,Pune,Tomato,Local,FAQ,25/12/2022,300,800,550,78
Maharashtra,Pune,Pune,Tomato,Local,FAQ,26/12/2022,300,1500,900,78
Maharashtra,Pune,Pune,Tomato,Local,Local,09/03/2025,600,1200,900,78
Maharashtra,Pune,Pune,Tomato,Local,Local,12/03/2025,600,1200,900,78
Maharashtra,Pune,Pune,Tomato,Local,Local,23/03/2025,600,1200,900,78
Maharashtra,Pune,Pune,Tomato,Local,Local,25/03/2025,500,1200,850,78
Maharashtra,Pune,Pune,Tomato,Local,Local,30/03/2025,600,1200,900,78
Maharashtra,Pune,Pune,Tomato,Local,FAQ,03/11/2024,1000,2500,1750,78
Maharashtra,Pune,Pune,Tomato,Local,FAQ,05/11/2024,600,2000,1550,78
Maharashtra,Pune,Pune,Tomato,Local,FAQ,19/11/2024,800,2500,1650,78
Maharashtra,Pune,Pune,Tomato,Local,FAQ,25/11/2024,1000,2500,1750,78
Maharashtra,Pune,Pune,Tomato,Local,FAQ,26/11/2024,1000,3000,2000,78
Maharashtra,Pune,Pune,Tomato,Local,FAQ,27/11/2024,1000,3000,2000,78
Maharashtra,Pune,Pune,Tomato,Local,Local,06/02/2025,400,1000,700,78
Maharashtra,Pune,Pune,Tomato,Local,Local,13/02/2025,500,1200,850,78
Maharashtra,Pune,Pune,Tomato,Local,Local,16/02/2025,500,1200,850,78
Maharashtra,Pune,Pune,Tomato,Local,Local,23/02/2025,400,1200,800,78
Maharashtra,Pune,Pune,Tomato,Local,Local,27/02/2025,600,1200,900,78
Maharashtra,Pune,Pune,Tomato,Local,FAQ,10/12/2024,600,2000,1300,78
Maharashtra,Pune,Pune,Tomato,Local,FAQ,11/12/2024,600,3000,1800,78
Maharashtra,Pune,Pune,Tomato,Local,FAQ,18/12/2024,800,2000,1400,78
Maharashtra,Pune,Pune,Tomato,Local,FAQ,19/12/2024,600,2200,1400,78
Maharashtra,Pune,Pune,Tomato,Local,FAQ,23/12/2024,1000,2500,1750,78
Maharashtra,Pune,Pune,Tomato,Local,FAQ,31/12/2024,500,1200,850,78
Maharashtra,Pune,Pune,Tomato,Local,Local,24/06/2025,600,1600,1100,78
Maharashtra,Pune,Pune,Tomato,Local,Local,04/07/2025,600,2000,1300,78
Maharashtra,Pune,Pune,Tomato,Local,Local,18/07/2025,600,1400,1000,78
Maharashtra,Pune,Pune,Tomato,Local,Local,22/07/2025,1000,2000,1500,78
Maharashtra,Pune,Pune,Tomato,Local,Local,29/07/2025,1600,4500,3050,78
Maharashtra,Pune,Pune,Tomato,Local,Local,04/04/2025,400,1200,800,78
Maharashtra,Pune,Pune,Tomato,Local,Local,06/04/2025,500,1200,850,78
Maharashtra,Pune,Pune,Tomato,Local,Local,11/04/2025,500,1200,850,78
Maharashtra,Pune,Pune,Tomato,Local,Local,17/04/2025,500,1200,850,78
Maharashtra,Pune,Pune,Tomato,Local,Local,03/04/2025,500,1000,750,78
Maharashtra,Pune,Pune,Tomato,Local,Local,23/04/2025,500,1200,850,78
Maharashtra,Pune,Pune,Tomato,Local,Local,28/04/2025,500,1200,850,78
Maharashtra,Pune,Pune,Tomato,Local,FAQ,17/10/2024,1000,3500,2250,78
Maharashtra,Pune,Pune,Tomato,Local,FAQ,31/10/2024,1000,2500,1750,78
Maharashtra,Pune,Pune,Tomato,Local,FAQ,25/10/2024,1000,4000,2500,78
Maharashtra,Pune,Pune,Tomato,Local,FAQ,10/10/2024,1500,4500,3000,78
Maharashtra,Pune,Pune,Tomato,Local,FAQ,14/10/2024,1000,4000,2500,78
Maharashtra,Pune,Pune,Tomato,Local,FAQ,28/10/2024,600,3000,1800,78
Maharashtra,Pune,Pune,Tomato,Local,FAQ,30/10/2024,600,2500,1550,78
Maharashtra,Pune,Pune,Tomato,Local,FAQ,27/10/2024,600,3000,1800,78
Maharashtra,Pune,Pune,Tomato,Local,FAQ,02/01/2023,300,1000,950,78
Maharashtra,Pune,Pune,Tomato,Local,FAQ,04/01/2023,300,1000,650,78
Maharashtra,Pune,Pune,Tomato,Local,FAQ,06/02/2023,500,1200,850,78
Maharashtra,Pune,Pune,Tomato,Local,FAQ,08/02/2023,500,1000,750,78
Maharashtra,Pune,Pune,Tomato,Local,FAQ,14/02/2023,700,2000,1400,78
Maharashtra,Pune,Pune,Tomato,Local,FAQ,15/02/2023,600,1300,950,78
Maharashtra,Pune,Pune,Tomato,Local,FAQ,24/02/2023,600,1600,1100,78
Maharashtra,Pune,Pune,Tomato,Local,FAQ,17/03/2023,700,1800,1250,78
Maharashtra,Pune,Pune,Tomato,Local,FAQ,22/03/2023,600,1800,1200,78
Maharashtra,Pune,Pune,Tomato,Local,FAQ,28/03/2023,600,1800,1200,78
Maharashtra,Pune,Pune,Tomato,Local,FAQ,30/03/2023,600,1800,1200,78
Maharashtra,Pune,Pune,Tomato,Local,FAQ,02/05/2023,400,1000,700,78
Maharashtra,Pune,Pune,Tomato,Local,FAQ,19/05/2023,400,1500,1000,78
Maharashtra,Pune,Pune,Tomato,Local,FAQ,24/05/2023,400,1000,700,78
Maharashtra,Pune,Pune,Tomato,Local,FAQ,30/05/2023,400,1000,700,78
Maharashtra,Pune,Pune,Tomato,Local,FAQ,13/06/2023,1000,2500,1750,78
Maharashtra,Pune,Pune,Tomato,Local,FAQ,18/06/2023,1000,2500,1750,78
Maharashtra,Pune,Pune,Tomato,Local,FAQ,30/06/2023,2000,5000,3500,78
Maharashtra,Pune,Pune,Tomato,Local,FAQ,04/07/2023,3000,10000,6500,78
Maharashtra,Pune,Pune,Tomato,Local,FAQ,06/07/2023,4000,8000,6000,78
Maharashtra,Pune,Pune,Tomato,Local,FAQ,10/07/2023,3000,9000,6000,78
Maharashtra,Pune,Pune,Tomato,Local,FAQ,16/07/2023,3000,9000,6000,78
Maharashtra,Pune,Pune,Tomato,Local,FAQ,23/07/2023,3000,9000,6000,78
Maharashtra,Pune,Pune,Tomato,Local,FAQ,30/07/2023,3000,9000,6000,78
Maharashtra,Pune,Pune,Tomato,Local,FAQ,08/08/2023,3000,11000,7000,78
Maharashtra,Pune,Pune,Tomato,Local,FAQ,09/08/2023,3000,10000,6500,78
Maharashtra,Pune,Pune,Tomato,Local,FAQ,21/08/2023,1500,3500,2500,78
Maharashtra,Pune,Pune,Tomato,Local,FAQ,23/08/2023,1000,4000,2500,78
Maharashtra,Pune,Pune,Tomato,Local,FAQ,25/08/2023,1000,2500,1750,78
Maharashtra,Pune,Pune,Tomato,Local,FAQ,04/09/2023,600,1600,1100,78
Maharashtra,Pune,Pune,Tomato,Local,FAQ,05/09/2023,600,1600,1100,78
Maharashtra,Pune,Pune,Tomato,Local,FAQ,10/09/2023,300,1000,650,78
Maharashtra,Pune,Pune,Tomato,Local,FAQ,26/09/2023,400,800,600,78
Maharashtra,Pune,Pune,Tomato,Local,FAQ,08/10/2023,300,700,500,78
Maharashtra,Pune,Pune,Tomato,Local,FAQ,10/10/2023,300,1000,650,78
Maharashtra,Pune,Pune,Tomato,Local,FAQ,13/10/2023,300,800,550,78
Maharashtra,Pune,Pune,Tomato,Local,FAQ,19/10/2023,200,500,350,78
Maharashtra,Pune,Pune,Tomato,Local,FAQ,02/11/2023,500,1200,850,78
Maharashtra,Pune,Pune,Tomato,Local,FAQ,03/11/2023,300,1200,750,78
Maharashtra,Pune,Pune,Tomato,Local,FAQ,09/11/2023,500,1200,850,78
Maharashtra,Pune,Pune,Tomato,Local,FAQ,14/11/2023,1000,2000,1500,78
Maharashtra,Pune,Pune,Tomato,Local,FAQ,16/11/2023,1000,2500,1750,78
Maharashtra,Pune,Pune,Tomato,Local,FAQ,21/11/2023,1000,2500,1750,78
Maharashtra,Pune,Pune,Tomato,Local,FAQ,28/11/2023,1000,3000,2000,78
Maharashtra,Pune,Pune,Tomato,Local,FAQ,12/12/2023,1000,2000,1500,78
Maharashtra,Pune,Pune,Tomato,Local,FAQ,18/12/2023,1000,2000,1500,78
Maharashtra,Pune,Pune,Tomato,Local,FAQ,19/12/2023,800,2000,1400,78
Maharashtra,Pune,Pune,Tomato,Local,FAQ,20/12/2023,1000,2000,1500,78
Maharashtra,Pune,Pune,Tomato,Local,FAQ,22/12/2023,1000,2000,1500,78
Maharashtra,Pune,Pune,Tomato,Local,FAQ,29/12/2023,1000,2500,1750,78
Maharashtra,Pune,Pune,Tomato,Local,Local,05/05/2025,600,1200,900,78
Maharashtra,Pune,Pune,Tomato,Local,Local,12/05/2025,600,1200,900,78
Maharashtra,Pune,Pune,Tomato,Local,Local,16/05/2025,700,1800,1250,78
Maharashtra,Pune,Pune,Tomato,Local,Local,25/05/2025,2000,4500,3250,78
Maharashtra,Pune,Pune,Tomato,Local,Local,26/05/2025,1000,3000,2000,78
Maharashtra,Pune,Pune,Tomato,Local,Local,27/05/2025,600,3000,1800,78
Maharashtra,Pune,Pune,Tomato,Local,Local,12/09/2025,600,1600,1100,78
Maharashtra,Pune,Pune,Tomato,Local,Local,25/09/2025,600,1600,1100,78
Maharashtra,Pune,Pune,Tomato,Local,Local,02/09/2025,1000,2500,1750,78
Maharashtra,Pune,Pune,Tomato,Local,Local,10/09/2025,600,2000,1300,78
Maharashtra,Pune,Pune,Tomato,Local,Local,19/09/2025,600,1400,1000,78
Maharashtra,Pune,Pune,Tomato,Local,Local,26/09/2025,600,1600,1100,78
Maharashtra,Pune,Pune,Tomato,Local,Local,06/10/2025,600,2000,1300,78
Maharashtra,Pune,Pune,Tomato,Local,Local,08/10/2025,1000,2000,1500,78
Maharashtra,Pune,Pune,Tomato,Local,Local,09/10/2025,800,1800,1300,78
Maharashtra,Pune,Pune,Tomato,Local,Local,14/10/2025,600,1600,1100,78
Maharashtra,Pune,Pune,Tomato,Local,Local,19/10/2025,600,1800,1200,78
Maharashtra,Pune,Pune,Tomato,Local,Local,20/10/2025,600,1600,1100,78
Maharashtra,Pune,Pune,Tomato,Local,Local,27/10/2025,700,1500,1100,78
Maharashtra,Pune,Pune,Tomato,Local,Local,03/08/2025,1000,4000,2500,78
Maharashtra,Pune,Pune,Tomato,Local,Local,06/08/2025,1000,4000,2500,78
Maharashtra,Pune,Pune,Tomato,Local,Local,08/08/2025,1000,4000,2500,78
Maharashtra,Pune,Pune,Tomato,Local,Local,11/08/2025,2000,3500,2750,78
Maharashtra,Pune,Pune,Tomato,Local,Local,14/08/2025,1000,3000,2000,78
Maharashtra,Pune,Pune,Tomato,Local,Local,22/08/2025,1000,4000,2500,78
Maharashtra,Pune,Pune,Tomato,Local,Local,02/02/2025,600,1400,1000,78
Maharashtra,Pune,Pune,Tomato,Local,Local,04/02/2025,700,1200,950,78
Maharashtra,Pune,Pune,Tomato,Local,Local,07/02/2025,400,1200,800,78
Maharashtra,Pune,Pune,Tomato,Local,FAQ,02/09/2024,600,1600,1100,78
Maharashtra,Pune,Pune,Tomato,Local,FAQ,04/09/2024,600,1600,1100,78
Maharashtra,Pune,Pune,Tomato,Local,FAQ,08/09/2024,1000,2500,1750,78
Maharashtra,Pune,Pune,Tomato,Local,FAQ,03/01/2025,600,1500,1050,78
Maharashtra,Pune,Pune,Tomato,Local,FAQ,10/01/2025,500,1400,950,78
Maharashtra,Pune,Pune,Tomato,Local,FAQ,16/01/2025,600,1200,900,78
Maharashtra,Pune,Pune,Tomato,Local,FAQ,24/01/2025,600,1200,900,78
Maharashtra,Pune,Pune,Tomato,Local,FAQ,04/12/2024,1000,3000,2000,78
Maharashtra,Pune,Pune,Tomato,Local,FAQ,06/12/2024,1000,3000,2000,78
Maharashtra,Pune,Pune,Tomato,Local,FAQ,09/12/2024,600,3000,1800,78
Maharashtra,Pune,Pune,Tomato,Local,FAQ,20/12/2024,1000,2500,1750,78
Maharashtra,Pune,Pune,Tomato,Local,FAQ,04/08/2024,800,2500,1650,78
Maharashtra,Pune,Pune,Tomato,Local,FAQ,13/08/2024,1000,2000,1500,78
Maharashtra,Pune,Pune,Tomato,Local,FAQ,25/08/2024,600,2500,1550,78
Maharashtra,Pune,Pune,Tomato,Local,FAQ,28/08/2024,600,2000,1300,78
Maharashtra,Pune,Pune,Tomato,Local,FAQ,23/10/2024,1500,4000,2750,78
Maharashtra,Pune,Pune,Tomato,Local,FAQ,18/10/2024,1000,4500,2750,78
Maharashtra,Pune,Pune,Tomato,Local,FAQ,02/10/2024,1000,4500,2750,78
Maharashtra,Pune,Pune,Tomato,Local,FAQ,21/10/2024,1000,4500,2750,78
Maharashtra,Pune,Pune,Tomato,Local,FAQ,10/11/2024,600,2000,1300,78
Maharashtra,Pune,Pune,Tomato,Local,FAQ,12/01/2023,300,1000,650,78
Maharashtra,Pune,Pune,Tomato,Local,FAQ,23/01/2023,600,1200,900,78
Maharashtra,Pune,Pune,Tomato,Local,FAQ,01/02/2023,500,1000,750,78
Maharashtra,Pune,Pune,Tomato,Local,FAQ,03/02/2023,600,1000,800,78
Maharashtra,Pune,Pune,Tomato,Local,FAQ,12/02/2023,600,1400,1000,78
Maharashtra,Pune,Pune,Tomato,Local,FAQ,13/02/2023,600,1500,1000,78
Maharashtra,Pune,Pune,Tomato,Local,FAQ,21/02/2023,700,1500,1200,78
Maharashtra,Pune,Pune,Tomato,Local,FAQ,23/02/2023,600,1600,1100,78
Maharashtra,Pune,Pune,Tomato,Local,FAQ,26/02/2023,500,1600,1000,78
Maharashtra,Pune,Pune,Tomato,Local,FAQ,02/03/2023,600,1600,1100,78
Maharashtra,Pune,Pune,Tomato,Local,FAQ,05/03/2023,600,1600,1100,78
Maharashtra,Pune,Pune,Tomato,Local,FAQ,09/03/2023,600,1800,1200,78
Maharashtra,Pune,Pune,Tomato,Local,FAQ,15/03/2023,600,1800,1200,78
Maharashtra,Pune,Pune,Tomato,Local,FAQ,29/03/2023,600,1800,1200,78
Maharashtra,Pune,Pune,Tomato,Local,FAQ,06/04/2023,500,1800,1150,78
Maharashtra,Pune,Pune,Tomato,Local,FAQ,11/04/2023,500,1400,1000,78
Maharashtra,Pune,Pune,Tomato,Local,FAQ,13/04/2023,400,1200,800,78
Maharashtra,Pune,Pune,Tomato,Local,FAQ,19/04/2023,500,1400,1000,78
Maharashtra,Pune,Pune,Tomato,Local,FAQ,21/04/2023,400,1200,800,78
Maharashtra,Pune,Pune,Tomato,Local,FAQ,23/04/2023,500,1400,1000,78
Maharashtra,Pune,Pune,Tomato,Local,FAQ,12/05/2023,500,1000,750,78
Maharashtra,Pune,Pune,Tomato,Local,FAQ,17/05/2023,400,1000,700,78
Maharashtra,Pune,Pune,Tomato,Local,FAQ,21/05/2023,400,1000,700,78
Maharashtra,Pune,Pune,Tomato,Local,FAQ,23/05/2023,400,1000,700,78
Maharashtra,Pune,Pune,Tomato,Local,FAQ,25/05/2023,400,1000,700,78
Maharashtra,Pune,Pune,Tomato,Local,FAQ,26/05/2023,400,1000,700,78
Maharashtra,Pune,Pune,Tomato,Local,FAQ,01/06/2023,400,1200,800,78
Maharashtra,Pune,Pune,Tomato,Local,FAQ,04/06/2023,600,1500,1000,78
Maharashtra,Pune,Pune,Tomato,Local,FAQ,08/06/2023,600,1600,1100,78
Maharashtra,Pune,Pune,Tomato,Local,FAQ,12/06/2023,1000,2500,1750,78
Maharashtra,Pune,Pune,Tomato,Local,FAQ,15/06/2023,600,2500,1550,78
Maharashtra,Pune,Pune,Tomato,Local,FAQ,19/06/2023,1000,3000,2000,78
Maharashtra,Pune,Pune,Tomato,Local,FAQ,23/06/2023,1500,4000,2750,78
Maharashtra,Pune,Pune,Tomato,Local,FAQ,20/07/2023,3000,10000,6500,78
Maharashtra,Pune,Pune,Tomato,Local,FAQ,21/07/2023,3000,9000,6000,78
Maharashtra,Pune,Pune,Tomato,Local,FAQ,25/07/2023,3000,10000,6500,78
Maharashtra,Pune,Pune,Tomato,Local,FAQ,11/08/2023,3000,7000,5000,78
Maharashtra,Pune,Pune,Tomato,Local,FAQ,22/08/2023,1000,4000,2500,78
Maharashtra,Pune,Pune,Tomato,Local,FAQ,29/08/2023,1000,2000,1500,78
Maharashtra,Pune,Pune,Tomato,Local,FAQ,13/09/2023,300,1000,650,78
Maharashtra,Pune,Pune,Tomato,Local,FAQ,14/09/2023,200,1000,600,78
Maharashtra,Pune,Pune,Tomato,Local,FAQ,17/09/2023,300,1000,650,78
Maharashtra,Pune,Pune,Tomato,Local,FAQ,18/09/2023,200,1000,600,78
Maharashtra,Pune,Pune,Tomato,Local,FAQ,19/09/2023,300,1000,650,78
Maharashtra,Pune,Pune,Tomato,Local,FAQ,20/09/2023,200,1000,600,78
Maharashtra,Pune,Pune,Tomato,Local,FAQ,21/09/2023,200,1000,600,78
Maharashtra,Pune,Pune,Tomato,Local,FAQ,22/09/2023,300,1000,650,78
Maharashtra,Pune,Pune,Tomato,Local,FAQ,06/10/2023,300,700,500,78
Maharashtra,Pune,Pune,Tomato,Local,FAQ,09/10/2023,300,800,550,78
Maharashtra,Pune,Pune,Tomato,Local,FAQ,24/10/2023,400,1200,800,78
Maharashtra,Pune,Pune,Tomato,Local,FAQ,26/10/2023,400,1000,700,78
Maharashtra,Pune,Pune,Tomato,Local,FAQ,30/10/2023,500,1000,750,78
Maharashtra,Pune,Pune,Tomato,Local,FAQ,13/11/2023,1000,2200,1600,78
Maharashtra,Pune,Pune,Tomato,Local,FAQ,30/11/2023,1000,2500,1750,78
Maharashtra,Pune,Pune,Tomato,Local,FAQ,07/12/2023,1000,2500,1750,78
Maharashtra,Pune,Pune,Tomato,Local,FAQ,11/12/2023,1000,2000,1500,78
Maharashtra,Pune,Pune,Tomato,Local,FAQ,15/12/2023,1000,2000,1500,78
Maharashtra,Pune,Pune,Tomato,Local,FAQ,21/12/2023,1000,1600,1300,78
Maharashtra,Pune,Pune,Tomato,Local,FAQ,25/12/2023,1000,2200,1600,78
Maharashtra,Pune,Pune,Tomato,Local,FAQ,03/05/2024,600,1300,950,78
Maharashtra,Pune,Pune,Tomato,Local,FAQ,07/05/2024,600,1400,1000,78
Maharashtra,Pune,Pune,Tomato,Local,FAQ,12/05/2024,600,1600,1100,78
Maharashtra,Pune,Pune,Tomato,Local,FAQ,15/05/2024,600,1400,1000,78
Maharashtra,Pune,Pune,Tomato,Local,FAQ,20/05/2024,600,1500,1000,78
Maharashtra,Pune,Pune,Tomato,Local,FAQ,21/05/2024,700,1500,1100,78
Maharashtra,Pune,Pune,Tomato,Local,FAQ,23/05/2024,800,1800,1300,78
Maharashtra,Pune,Pune,Tomato,Local,FAQ,28/05/2024,1000,2200,1600,78
Maharashtra,Pune,Pune,Tomato,Local,FAQ,29/05/2024,1000,2200,1600,78
Maharashtra,Pune,Pune,Tomato,Local,FAQ,31/05/2024,600,1600,1100,78
Maharashtra,Pune,Pune,Tomato,Local,FAQ,01/01/2024,1000,2200,1600,78
Maharashtra,Pune,Pune,Tomato,Local,FAQ,04/01/2024,1000,2800,1900,78
Maharashtra,Pune,Pune,Tomato,Local,FAQ,12/01/2024,1000,2000,1500,78
Maharashtra,Pune,Pune,Tomato,Local,FAQ,18/01/2024,1000,2000,1500,78
Maharashtra,Pune,Pune,Tomato,Local,FAQ,28/01/2024,1000,3000,2000,78
Maharashtra,Pune,Pune,Tomato,Local,FAQ,29/01/2024,1400,3500,2450,78
Maharashtra,Pune,Pune,Tomato,Local,FAQ,07/02/2024,1000,3500,2250,78
Maharashtra,Pune,Pune,Tomato,Local,FAQ,12/02/2024,1000,2500,1750,78
Maharashtra,Pune,Pune,Tomato,Local,FAQ,25/02/2024,1000,2000,1500,78
Maharashtra,Pune,Pune,Tomato,Local,FAQ,29/02/2024,1000,2000,1500,78
Maharashtra,Pune,Pune,Tomato,Local,FAQ,04/03/2024,700,1200,950,78
Maharashtra,Pune,Pune,Tomato,Local,FAQ,26/03/2024,600,1400,1000,78
Maharashtra,Pune,Pune,Tomato,Local,FAQ,05/04/2024,600,1200,900,78
Maharashtra,Pune,Pune,Tomato,Local,FAQ,07/04/2024,600,1200,900,78
Maharashtra,Pune,Pune,Tomato,Local,FAQ,09/04/2024,500,1200,850,78
Maharashtra,Pune,Pune,Tomato,Local,FAQ,16/04/2024,600,1200,900,78
Maharashtra,Pune,Pune,Tomato,Local,FAQ,19/04/2024,600,1400,1000,78
Maharashtra,Pune,Pune,Tomato,Local,FAQ,21/04/2024,600,1500,1050,78
Maharashtra,Pune,Pune,Tomato,Local,FAQ,03/06/2024,1200,3500,2350,78
Maharashtra,Pune,Pune,Tomato,Local,FAQ,09/06/2024,1000,4000,2500,78
Maharashtra,Pune,Pune,Tomato,Local,FAQ,12/06/2024,1500,4500,3000,78
Maharashtra,Pune,Pune,Tomato,Local,FAQ,18/06/2024,1500,4000,2750,78
Maharashtra,Pune,Pune,Tomato,Local,FAQ,28/06/2024,1000,3500,2250,78
Maharashtra,Pune,Pune,Tomato,Local,FAQ,30/06/2024,1500,4500,3000,78
Maharashtra,Pune,Pune,Tomato,Local,FAQ,26/02/2021,400,1000,700,78
Maharashtra,Pune,Pune,Tomato,Local,FAQ,01/03/2021,400,1200,800,78
Maharashtra,Pune,Pune,Tomato,Local,FAQ,07/03/2021,400,1000,700,78
Maharashtra,Pune,Pune,Tomato,Local,FAQ,15/03/2021,400,800,600,78
Maharashtra,Pune,Pune,Tomato,Local,FAQ,05/04/2021,500,1300,900,78
Maharashtra,Pune,Pune,Tomato,Local,FAQ,12/04/2021,600,1200,900,78
Maharashtra,Pune,Pune,Tomato,Local,FAQ,13/04/2021,400,1000,700,78
Maharashtra,Pune,Pune,Tomato,Local,FAQ,21/04/2021,400,1400,900,78
Maharashtra,Pune,Pune,Tomato,Local,FAQ,26/04/2021,600,1000,800,78
Maharashtra,Pune,Pune,Tomato,Local,FAQ,30/04/2021,400,1200,1000,78
Maharashtra,Pune,Pune,Tomato,Local,FAQ,04/05/2021,600,1200,900,78
Maharashtra,Pune,Pune,Tomato,Local,FAQ,10/05/2021,500,1000,750,78
Maharashtra,Pune,Pune,Tomato,Local,FAQ,11/05/2021,400,1000,700,78
Maharashtra,Pune,Pune,Tomato,Local,FAQ,14/05/2021,500,700,600,78
Maharashtra,Pune,Pune,Tomato,Local,FAQ,19/05/2021,400,1000,700,78
Maharashtra,Pune,Pune,Tomato,Local,FAQ,28/05/2021,400,1200,800,78
Maharashtra,Pune,Pune,Tomato,Local,FAQ,02/06/2021,300,1000,650,78
Maharashtra,Pune,Pune,Tomato,Local,FAQ,13/06/2021,400,1000,700,78
Maharashtra,Pune,Pune,Tomato,Local,FAQ,17/06/2021,400,1000,700,78
Maharashtra,Pune,Pune,Tomato,Local,FAQ,18/06/2021,400,1000,700,78
Maharashtra,Pune,Pune,Tomato,Local,FAQ,22/06/2021,400,1000,700,78
Maharashtra,Pune,Pune,Tomato,Local,FAQ,27/06/2021,400,1000,700,78
Maharashtra,Pune,Pune,Tomato,Local,FAQ,28/06/2021,400,1000,700,78
Maharashtra,Pune,Pune,Tomato,Local,FAQ,29/06/2021,400,800,600,78
Maharashtra,Pune,Pune,Tomato,Local,FAQ,20/07/2021,600,1000,800,78
Maharashtra,Pune,Pune,Tomato,Local,FAQ,23/07/2021,600,1300,950,78
Maharashtra,Pune,Pune,Tomato,Local,FAQ,25/07/2021,600,1200,900,78
Maharashtra,Pune,Pune,Tomato,Local,FAQ,29/07/2021,600,1200,900,78
Maharashtra,Pune,Pune,Tomato,Local,FAQ,06/08/2021,600,1200,900,78
Maharashtra,Pune,Pune,Tomato,Local,FAQ,13/08/2021,300,1000,650,78
Maharashtra,Pune,Pune,Tomato,Local,FAQ,16/08/2021,400,800,600,78
Maharashtra,Pune,Pune,Tomato,Local,FAQ,20/08/2021,400,1000,700,78
Maharashtra,Pune,Pune,Tomato,Local,FAQ,01/09/2021,400,600,500,78
Maharashtra,Pune,Pune,Tomato,Local,FAQ,09/09/2021,400,1000,700,78
Maharashtra,Pune,Pune,Tomato,Local,FAQ,14/09/2021,300,800,550,78
Maharashtra,Pune,Pune,Tomato,Local,FAQ,16/09/2021,400,800,600,78
Maharashtra,Pune,Pune,Tomato,Local,FAQ,17/09/2021,400,800,600,78
Maharashtra,Pune,Pune,Tomato,Local,FAQ,22/09/2021,400,800,600,78
Maharashtra,Pune,Pune,Tomato,Local,FAQ,26/09/2021,800,2000,1400,78
Maharashtra,Pune,Pune,Tomato,Local,FAQ,10/10/2021,1400,2800,2100,78
Maharashtra,Pune,Pune,Tomato,Local,FAQ,12/10/2021,1000,2500,1750,78
Maharashtra,Pune,Pune,Tomato,Local,FAQ,18/10/2021,1200,3000,2100,78
Maharashtra,Pune,Pune,Tomato,Local,FAQ,20/10/2021,1400,4000,2700,78
Maharashtra,Pune,Pune,Tomato,Local,FAQ,21/10/2021,1500,3500,2500,78
Maharashtra,Pune,Pune,Tomato,Local,FAQ,27/10/2021,1500,3500,2500,78
Maharashtra,Pune,Pune,Tomato,Local,FAQ,18/11/2021,2000,3500,2750,78
Maharashtra,Pune,Pune,Tomato,Local,FAQ,19/11/2021,1500,3500,2500,78
Maharashtra,Pune,Pune,Tomato,Local,FAQ,22/11/2021,2000,3500,2750,78
Maharashtra,Pune,Pune,Tomato,Local,FAQ,29/11/2021,1500,3500,2500,78
Maharashtra,Pune,Pune,Tomato,Local,FAQ,01/12/2021,1500,3500,2500,78
Maharashtra,Pune,Pune,Tomato,Local,FAQ,10/12/2021,1500,4000,2750,78
Maharashtra,Pune,Pune,Tomato,Local,FAQ,13/12/2021,1500,4000,2750,78
Maharashtra,Pune,Pune,Tomato,Local,FAQ,14/12/2021,1000,4000,2500,78
Maharashtra,Pune,Pune,Tomato,Local,FAQ,28/12/2021,1200,3500,2350,78
Maharashtra,Pune,Pune,Tomato,Local,FAQ,12/07/2024,2000,5500,3750,78
Maharashtra,Pune,Pune,Tomato,Local,FAQ,16/07/2024,2500,5500,4000,78
Maharashtra,Pune,Pune,Tomato,Local,FAQ,24/07/2024,1500,6000,3750,78
Maharashtra,Pune,Pune,Tomato,Local,FAQ,29/07/2024,1000,4000,2500,78
Maharashtra,Pune,Pune,Tomato,Local,FAQ,30/07/2024,1000,3000,2000,78
Maharashtra,Pune,Pune,Tomato,Local,Local,14/04/2025,600,1200,900,78
Maharashtra,Pune,Pune,Tomato,Local,Local,21/04/2025,600,1400,1000,78
Maharashtra,Pune,Pune,Tomato,Local,Local,22/04/2025,600,1200,900,78
Maharashtra,Pune,Pune,Tomato,Local,Local,25/04/2025,500,1200,850,78
Maharashtra,Pune,Pune,Tomato,Local,Local,13/04/2025,500,1200,850,78
Maharashtra,Pune,Pune,Tomato,Local,Local,15/04/2025,500,1200,850,78
Maharashtra,Pune,Pune,Tomato,Local,FAQ,05/01/2022,1000,2500,1750,78
Maharashtra,Pune,Pune,Tomato,Local,FAQ,14/01/2022,1000,2000,1500,78
Maharashtra,Pune,Pune,Tomato,Local,FAQ,20/01/2022,500,1600,1050,78
Maharashtra,Pune,Pune,Tomato,Local,FAQ,23/01/2022,1200,1800,1500,78
Maharashtra,Pune,Pune,Tomato,Local,FAQ,27/01/2022,800,1600,1200,78
Maharashtra,Pune,Pune,Tomato,Local,FAQ,06/02/2022,1000,2500,1750,78
Maharashtra,Pune,Pune,Tomato,Local,FAQ,28/02/2022,600,1400,1000,78
Maharashtra,Pune,Pune,Tomato,Local,FAQ,14/03/2022,600,1500,1050,78
Maharashtra,Pune,Pune,Tomato,Local,FAQ,17/03/2022,600,1200,900,78
Maharashtra,Pune,Pune,Tomato,Local,FAQ,25/03/2022,500,1400,950,78
Maharashtra,Pune,Pune,Tomato,Local,FAQ,11/04/2022,500,1300,900,78
Maharashtra,Pune,Pune,Tomato,Local,FAQ,16/05/2022,1500,3500,2500,78
Maharashtra,Pune,Pune,Tomato,Local,FAQ,18/05/2022,2000,4500,3250,78
Maharashtra,Pune,Pune,Tomato,Local,FAQ,19/05/2022,2000,5000,3500,78
Maharashtra,Pune,Pune,Tomato,Local,FAQ,20/05/2022,2000,5000,3500,78
Maharashtra,Pune,Pune,Tomato,Local,FAQ,22/05/2022,2000,6000,4000,78
Maharashtra,Pune,Pune,Tomato,Local,FAQ,24/05/2022,2000,4500,3250,78
Maharashtra,Pune,Pune,Tomato,Local,FAQ,30/05/2022,2000,5000,3500,78
Maharashtra,Pune,Pune,Tomato,Local,FAQ,01/06/2022,2000,5000,3500,78
Maharashtra,Pune,Pune,Tomato,Local,FAQ,09/06/2022,2500,5000,3750,78
Maharashtra,Pune,Pune,Tomato,Local,FAQ,12/06/2022,2000,4000,3000,78
Maharashtra,Pune,Pune,Tomato,Local,FAQ,19/06/2022,1500,4000,2750,78
Maharashtra,Pune,Pune,Tomato,Local,FAQ,23/06/2022,1500,4000,2750,78
Maharashtra,Pune,Pune,Tomato,Local,FAQ,27/06/2022,1500,4000,2750,78
Maharashtra,Pune,Pune,Tomato,Local,FAQ,29/06/2022,1500,4000,2750,78
Maharashtra,Pune,Pune,Tomato,Local,FAQ,05/07/2022,800,1800,1300,78
Maharashtra,Pune,Pune,Tomato,Local,FAQ,07/07/2022,800,1500,1150,78
Maharashtra,Pune,Pune,Tomato,Local,FAQ,10/07/2022,800,2000,1400,78
Maharashtra,Pune,Pune,Tomato,Local,FAQ,12/07/2022,600,1400,1000,78
Maharashtra,Pune,Pune,Tomato,Local,FAQ,15/07/2022,600,1500,1050,78
Maharashtra,Pune,Pune,Tomato,Local,FAQ,19/07/2022,800,1500,1150,78
Maharashtra,Pune,Pune,Tomato,Local,FAQ,20/07/2022,700,1400,1050,78
Maharashtra,Pune,Pune,Tomato,Local,FAQ,24/07/2022,700,1600,1150,78
Maharashtra,Pune,Pune,Tomato,Local,FAQ,27/07/2022,600,1400,1000,78
Maharashtra,Pune,Pune,Tomato,Local,FAQ,29/07/2022,600,1200,900,78
Maharashtra,Pune,Pune,Tomato,Local,FAQ,07/08/2022,500,1200,850,78
Maharashtra,Pune,Pune,Tomato,Local,FAQ,10/08/2022,600,1400,1000,78
Maharashtra,Pune,Pune,Tomato,Local,FAQ,14/08/2022,700,2500,1600,78
Maharashtra,Pune,Pune,Tomato,Local,FAQ,19/08/2022,600,1400,1000,78
Maharashtra,Pune,Pune,Tomato,Local,FAQ,22/08/2022,500,1400,950,78
Maharashtra,Pune,Pune,Tomato,Local,FAQ,24/08/2022,600,1400,1000,78
Maharashtra,Pune,Pune,Tomato,Local,FAQ,22/09/2022,1000,2500,1750,78
Maharashtra,Pune,Pune,Tomato,Local,FAQ,23/09/2022,1000,2000,1500,78
Maharashtra,Pune,Pune,Tomato,Local,FAQ,03/10/2022,1000,2500,1750,78
Maharashtra,Pune,Pune,Tomato,Local,FAQ,14/10/2022,1200,3500,2350,78
Maharashtra,Pune,Pune,Tomato,Local,FAQ,25/10/2022,1400,3000,2200,78
Maharashtra,Pune,Pune,Tomato,Local,FAQ,03/11/2022,500,2000,1250,78
Maharashtra,Pune,Pune,Tomato,Local,FAQ,06/11/2022,700,2000,1350,78
Maharashtra,Pune,Pune,Tomato,Local,FAQ,08/11/2022,700,1600,1150,78
Maharashtra,Pune,Pune,Tomato,Local,FAQ,16/11/2022,400,1000,700,78
Maharashtra,Pune,Pune,Tomato,Local,FAQ,02/12/2022,200,1000,600,78
Maharashtra,Pune,Pune,Tomato,Local,FAQ,16/12/2022,300,800,550,78
Maharashtra,Pune,Pune,Tomato,Local,FAQ,21/12/2022,300,700,500,78
Maharashtra,Pune,Pune,Tomato,Local,FAQ,23/12/2022,300,800,550,78
Maharashtra,Pune,Pune,Tomato,Local,Local,05/03/2025,500,1200,850,78
Maharashtra,Pune,Pune,Tomato,Local,Local,13/03/2025,600,1200,900,78
Maharashtra,Pune,Pune,Tomato,Local,Local,21/03/2025,500,1200,850,78
Maharashtra,Pune,Pune,Tomato,Local,Local,28/03/2025,200,1200,700,78
Maharashtra,Pune,Pune,Tomato,Local,Local,04/05/2025,700,1200,950,78
Maharashtra,Pune,Pune,Tomato,Local,Local,06/05/2025,600,1200,900,78
Maharashtra,Pune,Pune,Tomato,Local,Local,08/05/2025,500,1300,900,78
Maharashtra,Pune,Pune,Tomato,Local,Local,19/05/2025,1000,1600,1300,78
Maharashtra,Pune,Pune,Tomato,Local,Local,23/05/2025,1500,3000,2250,78
Maharashtra,Pune,Pune,Tomato,Local,Local,03/06/2025,1000,3000,2000,78
Maharashtra,Pune,Pune,Tomato,Local,Local,06/06/2025,1000,2000,1500,78
Maharashtra,Pune,Pune,Tomato,Local,Local,08/06/2025,1000,2500,1750,78
Maharashtra,Pune,Pune,Tomato,Local,Local,17/06/2025,1000,2300,1650,78
Maharashtra,Pune,Pune,Tomato,Local,Local,26/06/2025,500,2000,1250,78
Maharashtra,Pune,Pune,Tomato,Local,Local,01/07/2025,600,1600,1100,78
Maharashtra,Pune,Pune,Tomato,Local,Local,09/07/2025,800,2000,1400,78
Maharashtra,Pune,Pune,Tomato,Local,Local,17/07/2025,600,1400,1000,78
Maharashtra,Pune,Pune,Tomato,Local,Local,23/07/2025,1000,3000,2000,78
Maharashtra,Pune,Pune,Tomato,Local,Local,05/08/2025,1000,5000,3000,78
Maharashtra,Pune,Pune,Tomato,Local,Local,12/08/2025,1000,3500,2250,78
Maharashtra,Pune,Pune,Tomato,Local,Local,18/08/2025,1000,3000,2000,78
Maharashtra,Pune,Pune,Tomato,Local,Local,27/08/2025,1000,2000,1500,78
Maharashtra,Pune,Pune,Tomato,Local,Local,09/09/2025,1000,2000,1500,78
Maharashtra,Pune,Pune,Tomato,Local,Local,21/09/2025,500,1400,950,78
Maharashtra,Pune,Pune,Tomato,Local,Local,30/09/2025,600,1500,1050,78
Maharashtra,Pune,Pune,Tomato,Local,Local,01/10/2025,800,2000,1400,78
Maharashtra,Pune,Pune,Tomato,Local,Local,04/11/2025,800,1400,1100,78
Maharashtra,Pune,Pune,Tomato,Local,Local,12/10/2025,600,1600,1100,78
Maharashtra,Pune,Pune,Tomato,Local,Local,15/10/2025,600,2000,1300,78
Maharashtra,Pune,Pune,Tomato,Local,Local,21/10/2025,600,1600,1100,78
Maharashtra,Pune,Pune,Tomato,Local,Local,24/10/2025,600,1600,1200,78
Maharashtra,Pune,Pune,Tomato,Local,Local,31/10/2025,400,1500,950,78
Maharashtra,Pune,Pune,Tomato,Local,FAQ,28/12/2022,300,1000,650,78
Maharashtra,Pune,Pune,Tomato,Local,FAQ,29/12/2022,300,1000,650,78
Maharashtra,Pune,Pune,Tomato,Local,FAQ,03/01/2022,1000,3000,2000,78
Maharashtra,Pune,Pune,Tomato,Local,FAQ,12/01/2022,1000,2000,1500,78
Maharashtra,Pune,Pune,Tomato,Local,FAQ,24/01/2022,1000,1800,1400,78
Maharashtra,Pune,Pune,Tomato,Local,FAQ,25/01/2022,1000,2000,1500,78
Maharashtra,Pune,Pune,Tomato,Local,FAQ,09/02/2022,1000,2500,1750,78
Maharashtra,Pune,Pune,Tomato,Local,FAQ,13/02/2022,700,1600,1150,78
Maharashtra,Pune,Pune,Tomato,Local,FAQ,23/02/2022,500,1200,850,78
Maharashtra,Pune,Pune,Tomato,Local,FAQ,06/03/2022,600,1400,1000,78
Maharashtra,Pune,Pune,Tomato,Local,FAQ,11/03/2022,600,1400,1000,78
Maharashtra,Pune,Pune,Tomato,Local,FAQ,13/03/2022,600,1200,900,78
Maharashtra,Pune,Pune,Tomato,Local,FAQ,16/03/2022,500,1200,850,78
Maharashtra,Pune,Pune,Tomato,Local,FAQ,22/03/2022,600,2000,1300,78
Maharashtra,Pune,Pune,Tomato,Local,FAQ,23/03/2022,600,1500,1050,78
Maharashtra,Pune,Pune,Tomato,Local,FAQ,01/04/2022,500,1200,850,78
Maharashtra,Pune,Pune,Tomato,Local,FAQ,12/04/2022,500,1400,950,78
Maharashtra,Pune,Pune,Tomato,Local,FAQ,17/04/2022,800,1600,1200,78
Maharashtra,Pune,Pune,Tomato,Local,FAQ,22/04/2022,700,1600,1150,78
Maharashtra,Pune,Pune,Tomato,Local,FAQ,27/04/2022,1000,2000,1500,78
Maharashtra,Pune,Pune,Tomato,Local,FAQ,09/05/2022,1600,4000,2800,78
Maharashtra,Pune,Pune,Tomato,Local,FAQ,23/05/2022,2000,5000,3500,78
Maharashtra,Pune,Pune,Tomato,Local,FAQ,25/05/2022,2000,5000,3500,78
Maharashtra,Pune,Pune,Tomato,Local,FAQ,27/05/2022,2000,4500,3250,78
Maharashtra,Pune,Pune,Tomato,Local,FAQ,29/05/2022,2000,5000,3500,78
Maharashtra,Pune,Pune,Tomato,Local,FAQ,08/06/2022,2000,5000,3500,78
Maharashtra,Pune,Pune,Tomato,Local,FAQ,10/06/2022,2500,5000,3750,78
Maharashtra,Pune,Pune,Tomato,Local,FAQ,30/06/2022,1200,3000,2100,78
Maharashtra,Pune,Pune,Tomato,Local,FAQ,14/07/2022,600,1500,1050,78
Maharashtra,Pune,Pune,Tomato,Local,FAQ,03/08/2022,700,2000,1400,78
Maharashtra,Pune,Pune,Tomato,Local,FAQ,07/09/2022,500,1600,1050,78
Maharashtra,Pune,Pune,Tomato,Local,FAQ,09/09/2022,600,1500,1050,78
Maharashtra,Pune,Pune,Tomato,Local,FAQ,02/10/2022,1000,2500,1750,78
Maharashtra,Pune,Pune,Tomato,Local,FAQ,04/10/2022,1000,3000,2000,78
Maharashtra,Pune,Pune,Tomato,Local,FAQ,09/10/2022,1000,2800,1900,78
Maharashtra,Pune,Pune,Tomato,Local,FAQ,18/10/2022,1500,4000,2250,78
Maharashtra,Pune,Pune,Tomato,Local,FAQ,24/10/2022,1000,3000,2000,78
Maharashtra,Pune,Pune,Tomato,Local,FAQ,28/10/2022,1000,2500,1750,78
Maharashtra,Pune,Pune,Tomato,Local,FAQ,04/11/2022,700,2000,1350,78
Maharashtra,Pune,Pune,Tomato,Local,FAQ,18/11/2022,400,1000,700,78
Maharashtra,Pune,Pune,Tomato,Local,FAQ,21/11/2022,400,1000,700,78
Maharashtra,Pune,Pune,Tomato,Local,FAQ,23/11/2022,300,1000,650,78
Maharashtra,Pune,Pune,Tomato,Local,FAQ,30/11/2022,300,1000,650,78
Maharashtra,Pune,Pune,Tomato,Local,FAQ,08/12/2022,300,1000,650,78
Maharashtra,Pune,Pune,Tomato,Local,FAQ,25/02/2021,400,1000,700,78
Maharashtra,Pune,Pune,Tomato,Local,FAQ,04/03/2021,400,1000,700,78
Maharashtra,Pune,Pune,Tomato,Local,FAQ,05/03/2021,300,1000,800,78
Maharashtra,Pune,Pune,Tomato,Local,FAQ,14/03/2021,400,800,600,78
Maharashtra,Pune,Pune,Tomato,Local,FAQ,21/03/2021,400,800,600,78
Maharashtra,Pune,Pune,Tomato,Local,FAQ,24/03/2021,400,800,600,78
Maharashtra,Pune,Pune,Tomato,Local,FAQ,25/03/2021,400,1000,700,78
Maharashtra,Pune,Pune,Tomato,Local,FAQ,28/03/2021,300,1000,650,78
Maharashtra,Pune,Pune,Tomato,Local,FAQ,31/03/2021,600,1200,900,78
Maharashtra,Pune,Pune,Tomato,Local,FAQ,15/04/2021,600,1300,950,78
Maharashtra,Pune,Pune,Tomato,Local,FAQ,19/04/2021,400,1200,800,78
Maharashtra,Pune,Pune,Tomato,Local,FAQ,03/05/2021,600,1200,900,78
Maharashtra,Pune,Pune,Tomato,Local,FAQ,24/05/2021,500,1200,850,78
Maharashtra,Pune,Pune,Tomato,Local,FAQ,31/05/2021,300,1400,850,78
Maharashtra,Pune,Pune,Tomato,Local,FAQ,16/06/2021,300,1000,650,78
Maharashtra,Pune,Pune,Tomato,Local,FAQ,23/06/2021,400,1000,700,78
Maharashtra,Pune,Pune,Tomato,Local,FAQ,01/07/2021,400,1000,700,78
Maharashtra,Pune,Pune,Tomato,Local,FAQ,05/07/2021,400,800,600,78
Maharashtra,Pune,Pune,Tomato,Local,FAQ,06/07/2021,400,800,600,78
Maharashtra,Pune,Pune,Tomato,Local,FAQ,13/07/2021,400,1000,700,78
Maharashtra,Pune,Pune,Tomato,Local,FAQ,14/07/2021,400,1000,700,78
Maharashtra,Pune,Pune,Tomato,Local,FAQ,16/07/2021,500,1000,750,78
Maharashtra,Pune,Pune,Tomato,Local,FAQ,26/07/2021,600,1600,1100,78
Maharashtra,Pune,Pune,Tomato,Local,FAQ,30/07/2021,600,1200,900,78
Maharashtra,Pune,Pune,Tomato,Local,FAQ,03/08/2021,600,1500,1050,78
Maharashtra,Pune,Pune,Tomato,Local,FAQ,09/08/2021,400,1100,750,78
Maharashtra,Pune,Pune,Tomato,Local,FAQ,12/09/2021,500,800,650,78
Maharashtra,Pune,Pune,Tomato,Local,FAQ,15/09/2021,300,800,550,78
Maharashtra,Pune,Pune,Tomato,Local,FAQ,30/09/2021,1200,2500,1850,78
Maharashtra,Pune,Pune,Tomato,Local,FAQ,04/10/2021,1200,2500,1850,78
Maharashtra,Pune,Pune,Tomato,Local,FAQ,05/10/2021,1200,2500,1850,78
Maharashtra,Pune,Pune,Tomato,Local,FAQ,22/10/2021,1200,3000,2100,78
Maharashtra,Pune,Pune,Tomato,Local,FAQ,25/10/2021,1500,3500,2500,78
Maharashtra,Pune,Pune,Tomato,Local,FAQ,05/11/2021,1500,3000,2250,78
Maharashtra,Pune,Pune,Tomato,Local,FAQ,21/11/2021,2000,3500,2750,78
Maharashtra,Pune,Pune,Tomato,Local,FAQ,02/12/2021,1500,3500,2500,78
Maharashtra,Pune,Pune,Tomato,Local,FAQ,16/12/2021,1000,3000,2000,78
Maharashtra,Pune,Pune,Tomato,Local,FAQ,19/12/2021,1400,3000,2200,78
Maharashtra,Pune,Pune,Tomato,Local,FAQ,24/12/2021,1200,3500,2350,78
Maharashtra,Pune,Pune,Tomato,Local,FAQ,27/12/2021,1500,3000,2250,78
Maharashtra,Pune,Pune,Tomato,Local,FAQ,13/10/2024,1500,5000,3250,78
Maharashtra,Pune,Pune,Tomato,Local,FAQ,29/10/2024,4000,7000,5500,78
Maharashtra,Pune,Pune,Tomato,Local,FAQ,04/10/2024,1000,5000,3000,78
Maharashtra,Pune,Pune,Tomato,Local,FAQ,24/10/2024,1000,4000,2500,78
Maharashtra,Pune,Pune,Tomato,Local,FAQ,06/10/2024,1400,6000,3700,78
Maharashtra,Pune,Pune,Tomato,Local,FAQ,09/05/2024,600,1400,1000,78
Maharashtra,Pune,Pune,Tomato,Local,FAQ,17/05/2024,400,1200,800,78
Maharashtra,Pune,Pune,Tomato,Local,FAQ,19/05/2024,500,1200,850,78
Maharashtra,Pune,Pune,Tomato,Local,FAQ,11/10/2023,200,800,500,78
Maharashtra,Pune,Pune,Tomato,Local,FAQ,12/10/2023,300,800,550,78
Maharashtra,Pune,Pune,Tomato,Local,FAQ,15/10/2023,500,1000,750,78
Maharashtra,Pune,Pune,Tomato,Local,FAQ,16/10/2023,400,800,600,78
Maharashtra,Pune,Pune,Tomato,Local,FAQ,23/10/2023,400,1000,700,78
Maharashtra,Pune,Pune,Tomato,Local,FAQ,31/10/2023,500,1000,750,78
Maharashtra,Pune,Pune,Tomato,Local,FAQ,08/11/2023,500,1200,850,78
Maharashtra,Pune,Pune,Tomato,Local,FAQ,17/11/2023,1000,2500,1750,78
Maharashtra,Pune,Pune,Tomato,Local,FAQ,19/11/2023,1000,3000,2000,78
Maharashtra,Pune,Pune,Tomato,Local,FAQ,20/11/2023,600,2600,1600,78
Maharashtra,Pune,Pune,Tomato,Local,FAQ,23/11/2023,1000,2500,1750,78
Maharashtra,Pune,Pune,Tomato,Local,FAQ,26/11/2023,1000,2500,1750,78
Maharashtra,Pune,Pune,Tomato,Local,FAQ,27/11/2023,1000,3000,2000,78
Maharashtra,Pune,Pune,Tomato,Local,FAQ,04/12/2023,1000,3000,2000,78
Maharashtra,Pune,Pune,Tomato,Local,FAQ,06/12/2023,1000,2600,1800,78
Maharashtra,Pune,Pune,Tomato,Local,FAQ,13/12/2023,800,2000,1400,78
Maharashtra,Pune,Pune,Tomato,Local,FAQ,17/12/2023,1000,2000,1500,78
Maharashtra,Pune,Pune,Tomato,Local,FAQ,26/12/2023,1000,2500,1750,78
Maharashtra,Pune,Pune,Tomato,Local,FAQ,28/12/2023,1000,2500,1750,78
Maharashtra,Pune,Pune,Tomato,Local,FAQ,01/01/2023,300,1000,650,78
Maharashtra,Pune,Pune,Tomato,Local,FAQ,03/01/2023,300,1000,650,78
Maharashtra,Pune,Pune,Tomato,Local,FAQ,11/01/2023,300,1000,650,78
Maharashtra,Pune,Pune,Tomato,Local,FAQ,17/01/2023,700,1500,1100,78
Maharashtra,Pune,Pune,Tomato,Local,FAQ,25/01/2023,600,1000,800,78
Maharashtra,Pune,Pune,Tomato,Local,FAQ,02/02/2023,500,800,650,78
Maharashtra,Pune,Pune,Tomato,Local,FAQ,10/02/2023,400,1200,800,78
Maharashtra,Pune,Pune,Tomato,Local,FAQ,27/02/2023,400,1600,1000,78
Maharashtra,Pune,Pune,Tomato,Local,FAQ,01/03/2023,600,1600,1100,78
Maharashtra,Pune,Pune,Tomato,Local,FAQ,13/03/2023,700,1800,1250,78
Maharashtra,Pune,Pune,Tomato,Local,FAQ,19/03/2023,700,1600,1150,78
Maharashtra,Pune,Pune,Tomato,Local,FAQ,20/03/2023,800,2000,1400,78
Maharashtra,Pune,Pune,Tomato,Local,FAQ,21/03/2023,600,1800,1200,78
Maharashtra,Pune,Pune,Tomato,Local,FAQ,24/03/2023,600,1500,1000,78
Maharashtra,Pune,Pune,Tomato,Local,FAQ,30/04/2023,500,1000,750,78
Maharashtra,Pune,Pune,Tomato,Local,FAQ,03/05/2023,500,1000,750,78
Maharashtra,Pune,Pune,Tomato,Local,FAQ,15/05/2023,500,1200,850,78
Maharashtra,Pune,Pune,Tomato,Local,FAQ,16/05/2023,500,1500,1000,78
Maharashtra,Pune,Pune,Tomato,Local,FAQ,18/05/2023,400,1500,950,78
Maharashtra,Pune,Pune,Tomato,Local,FAQ,06/06/2023,600,1600,1100,78
Maharashtra,Pune,Pune,Tomato,Local,FAQ,07/06/2023,600,1600,1100,78
Maharashtra,Pune,Pune,Tomato,Local,FAQ,11/06/2023,600,1800,1200,78
Maharashtra,Pune,Pune,Tomato,Local,FAQ,14/06/2023,1000,2500,1750,78
Maharashtra,Pune,Pune,Tomato,Local,FAQ,16/06/2023,1000,2500,1750,78
Maharashtra,Pune,Pune,Tomato,Local,FAQ,21/06/2023,1500,4000,2750,78
Maharashtra,Pune,Pune,Tomato,Local,FAQ,26/06/2023,1000,5000,3000,78
Maharashtra,Pune,Pune,Tomato,Local,FAQ,05/07/2023,3000,10000,6500,78
Maharashtra,Pune,Pune,Tomato,Local,FAQ,11/07/2023,3500,10000,6750,78
Maharashtra,Pune,Pune,Tomato,Local,FAQ,13/07/2023,3000,9000,6000,78
Maharashtra,Pune,Pune,Tomato,Local,FAQ,17/07/2023,3000,9000,6000,78
Maharashtra,Pune,Pune,Tomato,Local,FAQ,26/07/2023,4000,10000,7000,78
Maharashtra,Pune,Pune,Tomato,Local,FAQ,06/08/2023,4000,12000,8000,78
Maharashtra,Pune,Pune,Tomato,Local,FAQ,13/08/2023,2500,6000,4250,78
Maharashtra,Pune,Pune,Tomato,Local,FAQ,14/08/2023,2000,6000,4000,78
Maharashtra,Pune,Pune,Tomato,Local,FAQ,17/08/2023,2000,4500,3250,78
Maharashtra,Pune,Pune,Tomato,Local,FAQ,30/08/2023,800,2000,1400,78
Maharashtra,Pune,Pune,Tomato,Local,FAQ,31/08/2023,1000,2000,1500,78
Maharashtra,Pune,Pune,Tomato,Local,FAQ,08/09/2023,300,1200,750,78
Maharashtra,Pune,Pune,Tomato,Local,FAQ,12/09/2023,200,1000,600,78
Maharashtra,Pune,Pune,Tomato,Local,FAQ,25/09/2023,400,1000,700,78
Maharashtra,Pune,Pune,Tomato,Local,FAQ,28/09/2023,400,800,600,78
Maharashtra,Pune,Pune,Tomato,Local,FAQ,02/10/2023,400,1000,700,78
Maharashtra,Pune,Pune,Tomato,Local,FAQ,05/10/2023,300,1000,650,78
Maharashtra,Pune,Pune,Tomato,Local,FAQ,05/06/2024,1500,3500,2500,78
Maharashtra,Pune,Pune,Tomato,Local,FAQ,27/06/2024,1500,4000,2750,78
Maharashtra,Pune,Pune,Tomato,Local,FAQ,19/06/2024,1500,4500,3000,78
Maharashtra,Pune,Pune,Tomato,Local,FAQ,02/07/2024,1500,5000,3250,78
Maharashtra,Pune,Pune,Tomato,Local,FAQ,05/07/2024,2000,5500,3750,78
Maharashtra,Pune,Pune,Tomato,Local,FAQ,09/07/2024,1500,4500,3000,78
Maharashtra,Pune,Pune,Tomato,Local,FAQ,10/07/2024,1500,4500,3000,78
Maharashtra,Pune,Pune,Tomato,Local,FAQ,14/07/2024,1500,6000,3750,78
Maharashtra,Pune,Pune,Tomato,Local,FAQ,17/07/2024,3000,7500,5220,78
Maharashtra,Pune,Pune,Tomato,Local,FAQ,26/07/2024,1500,4500,3000,78
Maharashtra,Pune,Pune,Tomato,Local,FAQ,28/07/2024,1500,4500,3000,78
Maharashtra,Pune,Pune,Tomato,Local,FAQ,17/01/2025,500,1200,850,78
Maharashtra,Pune,Pune,Tomato,Local,Local,31/01/2025,600,1200,900,78
Maharashtra,Pune,Pune,Tomato,Local,FAQ,05/12/2024,1000,3000,2000,78
Maharashtra,Pune,Pune,Tomato,Local,FAQ,16/12/2024,600,2000,1300,78
Maharashtra,Pune,Pune,Tomato,Local,FAQ,24/12/2024,1000,2500,1750,78
Maharashtra,Pune,Pune,Tomato,Local,FAQ,25/12/2024,1000,2500,1750,78
Maharashtra,Pune,Pune,Tomato,Local,FAQ,29/12/2024,500,1200,850,78
Maharashtra,Pune,Pune,Tomato,Local,FAQ,19/01/2025,500,1000,750,78
Maharashtra,Pune,Pune,Tomato,Local,FAQ,06/01/2025,500,2000,1250,78
Maharashtra,Pune,Pune,Tomato,Local,FAQ,20/01/2025,600,1200,900,78
Maharashtra,Pune,Pune,Tomato,Local,Local,30/01/2025,600,1200,900,78
Maharashtra,Pune,Pune,Tomato,Local,FAQ,01/11/2024,1400,3000,2200,78
Maharashtra,Pune,Pune,Tomato,Local,FAQ,06/11/2024,600,2500,1550,78
Maharashtra,Pune,Pune,Tomato,Local,FAQ,07/11/2024,1000,2000,1500,78
Maharashtra,Pune,Pune,Tomato,Local,FAQ,08/11/2024,600,2000,1300,78
Maharashtra,Pune,Pune,Tomato,Local,FAQ,12/11/2024,1000,2500,1750,78
Maharashtra,Pune,Pune,Tomato,Local,FAQ,17/11/2024,1000,2000,1500,78
Maharashtra,Pune,Pune,Tomato,Local,FAQ,15/09/2024,600,2200,1400,78
Maharashtra,Pune,Pune,Tomato,Local,FAQ,17/09/2024,1000,3200,2100,78
Maharashtra,Pune,Pune,Tomato,Local,FAQ,19/09/2024,1000,3500,2250,78
Maharashtra,Pune,Pune,Tomato,Local,Local,02/03/2025,600,1200,900,78
Maharashtra,Pune,Pune,Tomato,Local,Local,06/03/2025,600,1200,900,78
Maharashtra,Pune,Pune,Tomato,Local,Local,07/03/2025,600,1200,900,78
Maharashtra,Pune,Pune,Tomato,Local,Local,11/03/2025,600,1200,900,78
Maharashtra,Pune,Pune,Tomato,Local,Local,16/03/2025,600,1200,900,78
Maharashtra,Pune,Pune,Tomato,Local,Local,24/03/2025,500,1100,800,78
Maharashtra,Pune,Pune,Tomato,Local,Local,27/03/2025,500,1000,750,78
Maharashtra,Pune,Pune,Tomato,Local,Local,10/04/2025,500,1200,850,78
Maharashtra,Pune,Pune,Tomato,Local,Local,30/04/2025,600,1000,800,78
Maharashtra,Pune,Pune,Tomato,Local,Local,01/04/2025,500,1000,750,78
Maharashtra,Pune,Pune,Tomato,Local,Local,02/04/2025,500,1000,750,78
Maharashtra,Pune,Pune,Tomato,Local,Local,02/05/2025,500,1200,850,78
Maharashtra,Pune,Pune,Tomato,Local,Local,07/05/2025,600,1200,900,78
Maharashtra,Pune,Pune,Tomato,Local,Local,15/05/2025,600,1400,1000,78
Maharashtra,Pune,Pune,Tomato,Local,Local,18/05/2025,800,2000,1400,78
Maharashtra,Pune,Pune,Tomato,Local,Local,20/05/2025,800,1600,1200,78
Maharashtra,Pune,Pune,Tomato,Local,Local,29/05/2025,1000,4000,2500,78
Maharashtra,Pune,Pune,Tomato,Local,FAQ,02/08/2024,1000,2500,1750,78
Maharashtra,Pune,Pune,Tomato,Local,FAQ,08/08/2024,1000,2500,1750,78
Maharashtra,Pune,Pune,Tomato,Local,FAQ,11/08/2024,600,2000,1300,78
Maharashtra,Pune,Pune,Tomato,Local,FAQ,12/08/2024,1000,2500,1750,78
Maharashtra,Pune,Pune,Tomato,Local,FAQ,14/08/2024,600,2500,1550,78
Maharashtra,Pune,Pune,Tomato,Local,FAQ,16/08/2024,600,2000,1300,78
Maharashtra,Pune,Pune,Tomato,Local,FAQ,18/08/2024,1000,2500,1750,78
Maharashtra,Pune,Pune,Tomato,Local,FAQ,21/08/2024,1000,3000,2000,78
Maharashtra,Pune,Pune,Tomato,Local,FAQ,27/08/2024,600,2000,1300,78
Maharashtra,Pune,Pune,Tomato,Local,Local,05/02/2025,600,1200,900,78
Maharashtra,Pune,Pune,Tomato,Local,FAQ,14/01/2024,1000,2000,1500,78
Maharashtra,Pune,Pune,Tomato,Local,FAQ,14/02/2024,1000,2500,1750,78
Maharashtra,Pune,Pune,Tomato,Local,FAQ,18/02/2024,1000,2000,1500,78
Maharashtra,Pune,Pune,Tomato,Local,FAQ,15/03/2024,1000,1800,1400,78
Maharashtra,Pune,Pune,Tomato,Local,FAQ,17/03/2024,1000,1600,1300,78
Maharashtra,Pune,Pune,Tomato,Local,FAQ,21/03/2024,600,1400,1000,78
Maharashtra,Pune,Pune,Tomato,Local,FAQ,22/01/2024,1500,2500,2000,78
Maharashtra,Pune,Pune,Tomato,Local,FAQ,08/02/2024,1000,3000,2000,78
Maharashtra,Pune,Pune,Tomato,Local,FAQ,16/02/2024,700,2500,1600,78
Maharashtra,Pune,Pune,Tomato,Local,FAQ,19/02/2024,1000,2000,1500,78
Maharashtra,Pune,Pune,Tomato,Local,FAQ,20/03/2024,600,1500,1050,78
Maharashtra,Pune,Pune,Tomato,Local,FAQ,28/03/2024,600,1400,1000,78
Maharashtra,Pune,Pune,Tomato,Local,FAQ,22/04/2024,800,1600,1200,78
Maharashtra,Pune,Pune,Tomato,Local,FAQ,25/04/2024,700,1400,1050,78
Maharashtra,Pune,Pune,Tomato,Local,FAQ,26/04/2024,600,1200,900,78
Maharashtra,Pune,Pune,Tomato,Local,Local,19/02/2025,500,1200,850,78
Maharashtra,Pune,Pune,Tomato,Local,Local,21/02/2025,400,1200,800,78
Maharashtra,Pune,Pune,Tomato,Local,Local,25/02/2025,500,1200,850,78
Maharashtra,Pune,Pune,Tomato,Local,Local,03/07/2025,600,1500,1050,78
Maharashtra,Pune,Pune,Tomato,Local,Local,11/07/2025,600,2200,1400,78
Maharashtra,Pune,Pune,Tomato,Local,Local,15/07/2025,600,1800,1200,78
Maharashtra,Pune,Pune,Tomato,Local,Local,16/07/2025,600,1500,1050,78
Maharashtra,Pune,Pune,Tomato,Local,Local,20/07/2025,600,1600,1100,78
Maharashtra,Pune,Pune,Tomato,Local,Local,25/07/2025,1200,3000,2100,78
Maharashtra,Pune,Pune,Tomato,Local,Local,28/07/2025,2000,4500,3250,78
Maharashtra,Pune,Pune,Tomato,Local,Local,30/06/2025,600,2000,1300,78
Maharashtra,Pune,Pune,Tomato,Local,Local,01/09/2025,1000,3000,2000,78
Maharashtra,Pune,Pune,Tomato,Local,Local,04/08/2025,1000,4500,2750,78
Maharashtra,Pune,Pune,Tomato,Local,Local,19/08/2025,1000,3000,2000,78
Maharashtra,Pune,Pune,Tomato,Local,Local,20/08/2025,1000,4000,2500,78
Maharashtra,Pune,Pune,Tomato,Local,Local,25/08/2025,1000,3000,2000,78
Maharashtra,Pune,Pune,Tomato,Local,Local,28/08/2025,600,1600,1100,78
Maharashtra,Pune,Pune,Tomato,Local,Local,02/11/2025,600,1500,1050,78
Maharashtra,Pune,Pune,Tomato,Local,Local,03/10/2025,1000,2000,1500,78
Maharashtra,Pune,Pune,Tomato,Local,Local,30/10/2025,500,1200,850,78
Maharashtra,Pune,Pune,Tomato,Local,FAQ,02/12/2024,1000,3000,2000,78
Maharashtra,Pune,Pune,Tomato,Local,FAQ,03/12/2024,1000,3000,2000,78
Maharashtra,Pune,Pune,Tomato,Local,FAQ,08/12/2024,1000,2500,1750,78
Maharashtra,Pune,Pune,Tomato,Local,FAQ,12/12/2024,600,2000,1300,78
Maharashtra,Pune,Pune,Tomato,Local,FAQ,13/12/2024,600,2000,1300,78
Maharashtra,Pune,Pune,Tomato,Local,FAQ,15/12/2024,600,2000,1300,78
Maharashtra,Pune,Pune,Tomato,Local,FAQ,17/12/2024,600,1600,1100,78
Maharashtra,Pune,Pune,Tomato,Local,FAQ,22/12/2024,1000,2500,1750,78
Maharashtra,Pune,Pune,Tomato,Local,FAQ,26/12/2024,1000,2200,1600,78
Maharashtra,Pune,Pune,Tomato,Local,FAQ,27/12/2024,600,2000,1300,78
Maharashtra,Pune,Pune,Tomato,Local,FAQ,01/07/2024,1000,4500,2750,78
Maharashtra,Pune,Pune,Tomato,Local,FAQ,22/07/2024,2500,6500,4500,78
Maharashtra,Pune,Pune,Tomato,Local,FAQ,23/07/2024,1500,6000,3750,78
Maharashtra,Pune,Pune,Tomato,Local,FAQ,25/07/2024,1500,5000,3250,78
Maharashtra,Pune,Pune,Tomato,Local,FAQ,02/05/2024,600,1500,1050,78
Maharashtra,Pune,Pune,Tomato,Local,FAQ,05/05/2024,800,1400,1100,78
Maharashtra,Pune,Pune,Tomato,Local,FAQ,14/05/2024,600,1600,1100,78
Maharashtra,Pune,Pune,Tomato,Local,FAQ,16/05/2024,400,1400,900,78
Maharashtra,Pune,Pune,Tomato,Local,FAQ,22/05/2024,1000,2000,1500,78
Maharashtra,Pune,Pune,Tomato,Local,FAQ,27/05/2024,1000,2500,1750,78
Maharashtra,Pune,Pune,Tomato,Local,FAQ,02/01/2024,1000,3000,2000,78
Maharashtra,Pune,Pune,Tomato,Local,FAQ,08/01/2024,1000,2000,1500,78
Maharashtra,Pune,Pune,Tomato,Local,FAQ,11/01/2024,1000,1800,1400,78
Maharashtra,Pune,Pune,Tomato,Local,FAQ,25/01/2024,1000,2500,1750,78
Maharashtra,Pune,Pune,Tomato,Local,FAQ,09/02/2024,1000,3000,2000,78
Maharashtra,Pune,Pune,Tomato,Local,FAQ,11/02/2024,1000,3000,2000,78
Maharashtra,Pune,Pune,Tomato,Local,FAQ,21/02/2024,1000,2000,1500,78
Maharashtra,Pune,Pune,Tomato,Local,FAQ,22/02/2024,1000,2000,1500,78
Maharashtra,Pune,Pune,Tomato,Local,FAQ,28/02/2024,1000,2200,1600,78
Maharashtra,Pune,Pune,Tomato,Local,FAQ,03/03/2024,800,1500,1150,78
Maharashtra,Pune,Pune,Tomato,Local,FAQ,06/03/2024,600,1600,1100,78
Maharashtra,Pune,Pune,Tomato,Local,FAQ,11/03/2024,1000,1800,1400,78
Maharashtra,Pune,Pune,Tomato,Local,FAQ,22/03/2024,600,1600,1100,78
Maharashtra,Pune,Pune,Tomato,Local,FAQ,24/03/2024,800,1400,1100,78
Maharashtra,Pune,Pune,Tomato,Local,FAQ,08/04/2024,600,1200,900,78
Maharashtra,Pune,Pune,Tomato,Local,FAQ,10/09/2024,600,2000,1300,78
Maharashtra,Pune,Pune,Tomato,Local,FAQ,12/09/2024,600,2000,1300,78
Maharashtra,Pune,Pune,Tomato,Local,FAQ,25/09/2024,1000,3000,2000,78
Maharashtra,Pune,Pune,Tomato,Local,FAQ,27/09/2024,1000,3500,2250,78
Maharashtra,Pune,Pune,Tomato,Local,FAQ,29/09/2024,1000,4500,2750,78
Maharashtra,Pune,Pune,Tomato,Local,FAQ,22/10/2024,1000,4000,2500,78
Maharashtra,Pune,Pune,Tomato,Local,FAQ,11/11/2024,1000,2500,1750,78
Maharashtra,Pune,Pune,Tomato,Local,FAQ,14/11/2024,600,2000,1300,78
Maharashtra,Pune,Pune,Tomato,Local,FAQ,15/11/2024,800,2500,1650,78
Maharashtra,Pune,Pune,Tomato,Local,FAQ,18/11/2024,1000,2500,1750,78
Maharashtra,Pune,Pune,Tomato,Local,FAQ,21/11/2024,1000,2500,1750,78
Maharashtra,Pune,Pune,Tomato,Local,FAQ,22/11/2024,800,2500,1650,78
Maharashtra,Pune,Pune,Tomato,Local,FAQ,24/11/2024,1000,2500,1750,78
Maharashtra,Pune,Pune,Tomato,Local,FAQ,17/06/2024,2000,4000,3000,78
Maharashtra,Pune,Pune,Tomato,Local,FAQ,20/06/2024,2500,5000,3750,78
Maharashtra,Pune,Pune,Tomato,Local,FAQ,11/06/2024,1000,3000,2000,78
Maharashtra,Pune,Pune,Tomato,Local,FAQ,14/06/2024,1500,3500,2500,78
Maharashtra,Pune,Pune,Tomato,Local,FAQ,16/06/2024,1500,4000,2750,78
Maharashtra,Pune,Pune,Tomato,Local,FAQ,24/06/2024,1000,4500,2750,78
Maharashtra,Pune,Pune,Tomato,Local,FAQ,03/10/2024,1500,5000,3250,78
Maharashtra,Pune,Pune,Tomato,Local,FAQ,01/08/2024,600,2500,1550,78
Maharashtra,Pune,Pune,Tomato,Local,FAQ,06/08/2024,1000,2000,1500,78
Maharashtra,Pune,Pune,Tomato,Local,FAQ,09/08/2024,600,2200,1400,78
Maharashtra,Pune,Pune,Tomato,Local,FAQ,22/08/2024,1000,2500,1750,78
Maharashtra,Pune,Pune,Tomato,Local,FAQ,26/08/2024,600,2200,1400,78
Maharashtra,Pune,Pune,Tomato,Local,FAQ,29/08/2024,600,2500,1550,78
Maharashtra,Pune,Pune,Tomato,Local,FAQ,07/01/2025,600,1400,1000,78
Maharashtra,Pune,Pune,Tomato,Local,Local,07/04/2025,500,1200,850,78
Maharashtra,Pune,Pune,Tomato,Local,Local,08/04/2025,500,1000,750,78
Maharashtra,Pune,Pune,Tomato,Local,Local,09/04/2025,500,1200,850,78
Maharashtra,Pune,Pune,Tomato,Local,Local,24/04/2025,500,1200,850,78
Maharashtra,Pune,Pune,Tomato,Local,Local,27/04/2025,500,1200,850,78
Maharashtra,Pune,Pune,Tomato,Local,Local,29/04/2025,500,1200,850,78
Maharashtra,Pune,Pune,Tomato,Local,Local,26/06/2025,600,1500,1050,78
Maharashtra,Pune,Pune,Tomato,Local,Local,09/05/2025,500,1200,850,78
Maharashtra,Pune,Pune,Tomato,Local,Local,11/05/2025,600,1200,900,78
Maharashtra,Pune,Pune,Tomato,Local,Local,21/05/2025,600,1700,1150,78
Maharashtra,Pune,Pune,Tomato,Local,Local,22/05/2025,1000,3000,2000,78
Maharashtra,Pune,Pune,Tomato,Local,Local,03/02/2025,600,1200,900,78
Maharashtra,Pune,Pune,Tomato,Local,Local,17/02/2025,700,1200,950,78
Maharashtra,Pune,Pune,Tomato,Local,Local,20/02/2025,600,1200,900,78
Maharashtra,Pune,Pune,Tomato,Local,Local,24/02/2025,600,1200,900,78
Maharashtra,Pune,Pune,Tomato,Local,FAQ,04/01/2022,1000,2500,1750,78
Maharashtra,Pune,Pune,Tomato,Local,FAQ,16/01/2022,800,2000,1400,78
Maharashtra,Pune,Pune,Tomato,Local,FAQ,18/01/2022,600,1600,1100,78
Maharashtra,Pune,Pune,Tomato,Local,FAQ,19/01/2022,600,1400,1000,78
Maharashtra,Pune,Pune,Tomato,Local,FAQ,28/01/2022,800,2000,1400,78
Maharashtra,Pune,Pune,Tomato,Local,FAQ,30/01/2022,1000,1800,1400,78
Maharashtra,Pune,Pune,Tomato,Local,FAQ,03/02/2022,1000,2000,1500,78
Maharashtra,Pune,Pune,Tomato,Local,FAQ,04/02/2022,1000,2500,1750,78
Maharashtra,Pune,Pune,Tomato,Local,FAQ,08/02/2022,1000,2200,1600,78
Maharashtra,Pune,Pune,Tomato,Local,FAQ,18/02/2022,600,1200,900,78
Maharashtra,Pune,Pune,Tomato,Local,FAQ,20/02/2022,500,1400,950,78
Maharashtra,Pune,Pune,Tomato,Local,FAQ,21/02/2022,800,1400,1100,78
Maharashtra,Pune,Pune,Tomato,Local,FAQ,24/02/2022,500,1500,1000,78
Maharashtra,Pune,Pune,Tomato,Local,FAQ,25/02/2022,600,1400,1000,78
Maharashtra,Pune,Pune,Tomato,Local,FAQ,03/03/2022,600,1400,1000,78
Maharashtra,Pune,Pune,Tomato,Local,FAQ,09/03/2022,600,1400,1000,78
Maharashtra,Pune,Pune,Tomato,Local,FAQ,15/03/2022,600,1200,900,78
Maharashtra,Pune,Pune,Tomato,Local,FAQ,27/03/2022,500,1400,950,78
Maharashtra,Pune,Pune,Tomato,Local,FAQ,28/03/2022,500,1200,850,78
Maharashtra,Pune,Pune,Tomato,Local,FAQ,29/03/2022,500,1400,950,78
Maharashtra,Pune,Pune,Tomato,Local,FAQ,03/04/2022,1000,2000,1500,78
Maharashtra,Pune,Pune,Tomato,Local,FAQ,08/04/2022,400,1200,800,78
Maharashtra,Pune,Pune,Tomato,Local,FAQ,10/04/2022,600,1200,900,78
Maharashtra,Pune,Pune,Tomato,Local,FAQ,15/04/2022,600,1400,1000,78
Maharashtra,Pune,Pune,Tomato,Local,FAQ,18/04/2022,1000,2000,1500,78
Maharashtra,Pune,Pune,Tomato,Local,FAQ,26/04/2022,1000,1800,1400,78
Maharashtra,Pune,Pune,Tomato,Local,FAQ,05/05/2022,1000,4500,2750,78
Maharashtra,Pune,Pune,Tomato,Local,FAQ,10/05/2022,1500,3500,2500,78
Maharashtra,Pune,Pune,Tomato,Local,FAQ,11/05/2022,1500,3500,2500,78
Maharashtra,Pune,Pune,Tomato,Local,FAQ,15/05/2022,1500,3500,2500,78
Maharashtra,Pune,Pune,Tomato,Local,FAQ,26/05/2022,2000,4500,3250,78
Maharashtra,Pune,Pune,Tomato,Local,FAQ,31/05/2022,2000,5000,3500,78
Maharashtra,Pune,Pune,Tomato,Local,FAQ,05/06/2022,2500,5000,3750,78
Maharashtra,Pune,Pune,Tomato,Local,FAQ,07/06/2022,2000,5000,3500,78
Maharashtra,Pune,Pune,Tomato,Local,FAQ,14/06/2022,1500,4000,2750,78
Maharashtra,Pune,Pune,Tomato,Local,FAQ,17/06/2022,1500,4500,3000,78
Maharashtra,Pune,Pune,Tomato,Local,FAQ,22/06/2022,1500,4500,3000,78
Maharashtra,Pune,Pune,Tomato,Local,FAQ,26/06/2022,1600,3500,2550,78
Maharashtra,Pune,Pune,Tomato,Local,FAQ,01/07/2022,1000,2500,1750,78
Maharashtra,Pune,Pune,Tomato,Local,FAQ,03/07/2022,700,2500,1600,78
Maharashtra,Pune,Pune,Tomato,Local,FAQ,06/07/2022,800,1600,1200,78
Maharashtra,Pune,Pune,Tomato,Local,FAQ,21/07/2022,600,1500,1050,78
Maharashtra,Pune,Pune,Tomato,Local,FAQ,26/07/2022,600,1400,1000,78
Maharashtra,Pune,Pune,Tomato,Local,FAQ,02/08/2022,1000,2000,1500,78
Maharashtra,Pune,Pune,Tomato,Local,FAQ,11/08/2022,500,1200,850,78
Maharashtra,Pune,Pune,Tomato,Local,FAQ,21/08/2022,800,1600,1200,78
Maharashtra,Pune,Pune,Tomato,Local,FAQ,25/08/2022,500,1400,950,78
Maharashtra,Pune,Pune,Tomato,Local,FAQ,26/08/2022,500,1200,850,78
Maharashtra,Pune,Pune,Tomato,Local,FAQ,30/08/2022,600,1200,900,78
Maharashtra,Pune,Pune,Tomato,Local,FAQ,13/09/2022,800,2000,1400,78
Maharashtra,Pune,Pune,Tomato,Local,FAQ,18/09/2022,700,2000,1350,78
Maharashtra,Pune,Pune,Tomato,Local,FAQ,19/09/2022,700,1600,1150,78
Maharashtra,Pune,Pune,Tomato,Local,FAQ,28/09/2022,1000,2500,1750,78
Maharashtra,Pune,Pune,Tomato,Local,FAQ,29/09/2022,1000,2000,1500,78
Maharashtra,Pune,Pune,Tomato,Local,FAQ,30/09/2022,800,2500,1650,78
Maharashtra,Pune,Pune,Tomato,Local,FAQ,05/10/2022,1500,3000,2250,78
Maharashtra,Pune,Pune,Tomato,Local,FAQ,10/10/2022,800,2500,1650,78
Maharashtra,Pune,Pune,Tomato,Local,FAQ,13/10/2022,1000,3000,2000,78
Maharashtra,Pune,Pune,Tomato,Local,FAQ,19/10/2022,800,3500,2150,78
Maharashtra,Pune,Pune,Tomato,Local,FAQ,20/10/2022,1200,3000,2100,78
Maharashtra,Pune,Pune,Tomato,Local,FAQ,22/11/2022,300,1000,650,78
Maharashtra,Pune,Pune,Tomato,Local,FAQ,12/12/2022,200,1000,600,78
Maharashtra,Pune,Pune,Tomato,Local,FAQ,18/12/2022,300,800,550,78
Maharashtra,Pune,Pune,Tomato,Local,FAQ,22/12/2022,300,800,550,78
Maharashtra,Pune,Pune,Tomato,Local,Local,10/03/2025,600,1200,900,78
Maharashtra,Pune,Pune,Tomato,Local,Local,18/03/2025,500,1200,850,78
Maharashtra,Pune,Pune,Tomato,Local,Local,26/03/2025,600,1200,900,78
Maharashtra,Pune,Pune,Tomato,Local,FAQ,23/01/2025,500,1200,850,78
Maharashtra,Pune,Pune,Tomato,Local,FAQ,13/01/2025,600,1200,900,78
Maharashtra,Pune,Pune,Tomato,Local,FAQ,08/01/2023,300,1000,650,78
Maharashtra,Pune,Pune,Tomato,Local,FAQ,24/01/2023,600,1200,900,78
Maharashtra,Pune,Pune,Tomato,Local,FAQ,05/02/2023,500,1000,750,78
Maharashtra,Pune,Pune,Tomato,Local,FAQ,09/02/2023,400,1100,750,78
Maharashtra,Pune,Pune,Tomato,Local,FAQ,16/02/2023,600,1400,1000,78
Maharashtra,Pune,Pune,Tomato,Local,FAQ,19/02/2023,600,1400,1000,78
Maharashtra,Pune,Pune,Tomato,Local,FAQ,28/02/2023,500,1500,1000,78
Maharashtra,Pune,Pune,Tomato,Local,FAQ,08/03/2023,600,1800,1200,78
Maharashtra,Pune,Pune,Tomato,Local,FAQ,12/03/2023,600,1800,1200,78
Maharashtra,Pune,Pune,Tomato,Local,FAQ,16/03/2023,700,1600,1200,78
Maharashtra,Pune,Pune,Tomato,Local,FAQ,27/03/2023,600,1800,1200,78
Maharashtra,Pune,Pune,Tomato,Local,FAQ,31/03/2023,600,2000,1300,78
Maharashtra,Pune,Pune,Tomato,Local,FAQ,04/04/2023,600,1800,1200,78
Maharashtra,Pune,Pune,Tomato,Local,FAQ,05/04/2023,500,1600,1000,78
Maharashtra,Pune,Pune,Tomato,Local,FAQ,07/04/2023,500,1400,1000,78
Maharashtra,Pune,Pune,Tomato,Local,FAQ,10/04/2023,500,1600,1000,78
Maharashtra,Pune,Pune,Tomato,Local,FAQ,27/04/2023,500,1200,850,78
Maharashtra,Pune,Pune,Tomato,Local,FAQ,04/05/2023,500,1000,750,78
Maharashtra,Pune,Pune,Tomato,Local,FAQ,07/05/2023,500,1200,850,78
Maharashtra,Pune,Pune,Tomato,Local,FAQ,10/05/2023,400,1000,700,78
Maharashtra,Pune,Pune,Tomato,Local,FAQ,14/05/2023,400,1000,700,78
Maharashtra,Pune,Pune,Tomato,Local,FAQ,29/05/2023,400,1000,700,78
Maharashtra,Pune,Pune,Tomato,Local,FAQ,05/06/2023,600,1600,1100,78
Maharashtra,Pune,Pune,Tomato,Local,FAQ,20/06/2023,1500,4000,2750,78
Maharashtra,Pune,Pune,Tomato,Local,FAQ,25/06/2023,1500,4000,2750,78
Maharashtra,Pune,Pune,Tomato,Local,FAQ,27/06/2023,2000,4500,3250,78
Maharashtra,Pune,Pune,Tomato,Local,FAQ,09/07/2023,3000,8000,5500,78
Maharashtra,Pune,Pune,Tomato,Local,FAQ,12/07/2023,3000,9000,6000,78
Maharashtra,Pune,Pune,Tomato,Local,FAQ,14/07/2023,2000,9000,5500,78
Maharashtra,Pune,Pune,Tomato,Local,FAQ,19/07/2023,3500,10000,6750,78
Maharashtra,Pune,Pune,Tomato,Local,FAQ,24/07/2023,3000,10000,6500,78
Maharashtra,Pune,Pune,Tomato,Local,FAQ,28/07/2023,3000,9000,6000,78
Maharashtra,Pune,Pune,Tomato,Local,FAQ,01/08/2023,4000,11000,7500,78
Maharashtra,Pune,Pune,Tomato,Local,FAQ,03/08/2023,4000,9000,6500,78
Maharashtra,Pune,Pune,Tomato,Local,FAQ,04/08/2023,3000,9000,6000,78
Maharashtra,Pune,Pune,Tomato,Local,FAQ,18/08/2023,1000,4000,2500,78
Maharashtra,Pune,Pune,Tomato,Local,FAQ,24/08/2023,1000,2500,1750,78
Maharashtra,Pune,Pune,Tomato,Local,FAQ,27/08/2023,1000,2000,1500,78
Maharashtra,Pune,Pune,Tomato,Local,FAQ,28/08/2023,1000,2200,1600,78
Maharashtra,Pune,Pune,Tomato,Local,FAQ,03/09/2023,1000,1600,1300,78
Maharashtra,Pune,Pune,Tomato,Local,FAQ,11/09/2023,400,1000,700,78
Maharashtra,Pune,Pune,Tomato,Local,FAQ,24/09/2023,400,1000,700,78
Maharashtra,Pune,Pune,Tomato,Local,FAQ,01/10/2023,300,800,550,78
Maharashtra,Pune,Pune,Tomato,Local,FAQ,03/10/2023,300,1000,650,78
Maharashtra,Pune,Pune,Tomato,Local,FAQ,04/10/2023,400,1000,700,78
Maharashtra,Pune,Pune,Tomato,Local,FAQ,20/10/2023,300,600,450,78
Maharashtra,Pune,Pune,Tomato,Local,FAQ,27/10/2023,400,1000,700,78
Maharashtra,Pune,Pune,Tomato,Local,FAQ,29/10/2023,400,1000,700,78
Maharashtra,Pune,Pune,Tomato,Local,FAQ,06/11/2023,500,1200,850,78
Maharashtra,Pune,Pune,Tomato,Local,FAQ,29/11/2023,1000,3000,2000,78
Maharashtra,Pune,Pune,Tomato,Local,FAQ,05/12/2023,1000,2800,1900,78
Maharashtra,Pune,Pune,Tomato,Local,FAQ,27/12/2023,1000,2500,1750,78
Maharashtra,Pune,Pune,Tomato,Local,FAQ,08/03/2021,400,1000,700,78
Maharashtra,Pune,Pune,Tomato,Local,FAQ,12/03/2021,400,800,600,78
Maharashtra,Pune,Pune,Tomato,Local,FAQ,23/03/2021,400,800,600,78
Maharashtra,Pune,Pune,Tomato,Local,FAQ,26/03/2021,400,800,600,78
Maharashtra,Pune,Pune,Tomato,Local,FAQ,30/03/2021,400,1200,800,78
Maharashtra,Pune,Pune,Tomato,Local,FAQ,01/04/2021,800,1200,1000,78
Maharashtra,Pune,Pune,Tomato,Local,FAQ,02/04/2021,600,1400,1000,78
Maharashtra,Pune,Pune,Tomato,Local,FAQ,09/04/2021,400,1000,700,78
Maharashtra,Pune,Pune,Tomato,Local,FAQ,14/04/2021,600,1500,1050,78
Maharashtra,Pune,Pune,Tomato,Local,FAQ,27/04/2021,600,1200,900,78
Maharashtra,Pune,Pune,Tomato,Local,FAQ,29/04/2021,600,1000,800,78
Maharashtra,Pune,Pune,Tomato,Local,FAQ,07/05/2021,500,1000,750,78
Maharashtra,Pune,Pune,Tomato,Local,FAQ,17/05/2021,400,1000,700,78
Maharashtra,Pune,Pune,Tomato,Local,FAQ,27/05/2021,400,1200,800,78
Maharashtra,Pune,Pune,Tomato,Local,FAQ,30/05/2021,800,2000,1400,78
Maharashtra,Pune,Pune,Tomato,Local,FAQ,03/06/2021,300,1000,650,78
Maharashtra,Pune,Pune,Tomato,Local,FAQ,08/06/2021,300,1000,650,78
Maharashtra,Pune,Pune,Tomato,Local,FAQ,11/06/2021,500,800,650,78
Maharashtra,Pune,Pune,Tomato,Local,FAQ,14/06/2021,400,700,550,78
Maharashtra,Pune,Pune,Tomato,Local,FAQ,15/06/2021,400,1000,700,78
Maharashtra,Pune,Pune,Tomato,Local,FAQ,24/06/2021,400,1000,700,78
Maharashtra,Pune,Pune,Tomato,Local,FAQ,30/06/2021,400,1000,700,78
Maharashtra,Pune,Pune,Tomato,Local,FAQ,08/07/2021,400,800,600,78
Maharashtra,Pune,Pune,Tomato,Local,FAQ,09/07/2021,400,800,600,78
Maharashtra,Pune,Pune,Tomato,Local,FAQ,21/07/2021,500,1000,750,78
Maharashtra,Pune,Pune,Tomato,Local,FAQ,22/07/2021,400,1000,700,78
Maharashtra,Pune,Pune,Tomato,Local,FAQ,01/08/2021,800,1200,1000,78
Maharashtra,Pune,Pune,Tomato,Local,FAQ,02/08/2021,500,1000,750,78
Maharashtra,Pune,Pune,Tomato,Local,FAQ,11/08/2021,500,1000,750,78
Maharashtra,Pune,Pune,Tomato,Local,FAQ,22/08/2021,400,800,600,78
Maharashtra,Pune,Pune,Tomato,Local,FAQ,24/08/2021,400,800,600,78
Maharashtra,Pune,Pune,Tomato,Local,FAQ,25/08/2021,400,800,600,78
Maharashtra,Pune,Pune,Tomato,Local,FAQ,06/09/2021,400,800,600,78
Maharashtra,Pune,Pune,Tomato,Local,FAQ,07/09/2021,400,800,600,78
Maharashtra,Pune,Pune,Tomato,Local,FAQ,08/09/2021,400,1000,700,78
Maharashtra,Pune,Pune,Tomato,Local,FAQ,19/09/2021,500,900,700,78
Maharashtra,Pune,Pune,Tomato,Local,FAQ,23/09/2021,500,1000,750,78
Maharashtra,Pune,Pune,Tomato,Local,FAQ,24/09/2021,500,1500,1000,78
Maharashtra,Pune,Pune,Tomato,Local,FAQ,06/10/2021,1500,3000,2250,78
Maharashtra,Pune,Pune,Tomato,Local,FAQ,08/10/2021,1400,2500,1950,78
Maharashtra,Pune,Pune,Tomato,Local,FAQ,14/10/2021,1000,3000,2000,78
Maharashtra,Pune,Pune,Tomato,Local,FAQ,15/10/2021,1000,3000,2000,78
Maharashtra,Pune,Pune,Tomato,Local,FAQ,17/10/2021,1000,3000,2000,78
Maharashtra,Pune,Pune,Tomato,Local,FAQ,28/10/2021,1500,3000,2250,78
Maharashtra,Pune,Pune,Tomato,Local,FAQ,31/10/2021,1200,3000,2100,78
Maharashtra,Pune,Pune,Tomato,Local,FAQ,04/11/2021,1500,3000,2250,78
Maharashtra,Pune,Pune,Tomato,Local,FAQ,07/11/2021,1500,3500,2500,78
Maharashtra,Pune,Pune,Tomato,Local,FAQ,08/11/2021,1500,3000,2250,78
Maharashtra,Pune,Pune,Tomato,Local,FAQ,11/11/2021,1500,3000,2250,78
Maharashtra,Pune,Pune,Tomato,Local,FAQ,25/11/2021,2000,4000,3000,78
Maharashtra,Pune,Pune,Tomato,Local,FAQ,26/11/2021,1500,3500,2500,78
Maharashtra,Pune,Pune,Tomato,Local,FAQ,28/11/2021,1600,4000,2800,78
Maharashtra,Pune,Pune,Tomato,Local,FAQ,30/11/2021,1500,3500,2500,78
Maharashtra,Pune,Pune,Tomato,Local,FAQ,05/12/2021,2000,5000,3500,78
Maharashtra,Pune,Pune,Tomato,Local,FAQ,08/12/2021,2000,5000,3500,78
Maharashtra,Pune,Pune,Tomato,Local,FAQ,09/12/2021,2000,4500,3250,78
Maharashtra,Pune,Pune,Tomato,Local,FAQ,15/12/2021,1000,2500,1750,78
Maharashtra,Pune,Pune,Tomato,Local,FAQ,20/12/2021,1000,3000,2000,78
Maharashtra,Pune,Pune,Tomato,Local,FAQ,22/12/2021,1200,2500,1850,78
Maharashtra,Pune,Pune,Tomato,Local,FAQ,23/12/2021,1200,3000,2100,78
Maharashtra,Pune,Pune,Tomato,Local,Local,17/08/2025,1000,3000,2000,78
Maharashtra,Pune,Pune,Tomato,Local,Local,29/08/2025,500,2000,1350,78
Maharashtra,Pune,Pune,Tomato,Local,Local,31/08/2025,1000,3000,2000,78
Maharashtra,Pune,Pune,Tomato,Local,Local,01/08/2025,1000,3000,2000,78
Maharashtra,Pune,Pune,Tomato,Local,Local,07/08/2025,1000,4000,2500,78
Maharashtra,Pune,Pune,Tomato,Local,Local,24/08/2025,1000,3500,2250,78
Maharashtra,Pune,Pune,Tomato,Local,Local,10/06/2025,1000,2000,1500,78
Maharashtra,Pune,Pune,Tomato,Local,Local,25/06/2025,400,1500,950,78
Maharashtra,Pune,Pune,Tomato,Local,Local,04/06/2025,1000,2500,1750,78
Maharashtra,Pune,Pune,Tomato,Local,Local,09/06/2025,1000,2500,1750,78
Maharashtra,Pune,Pune,Tomato,Local,Local,11/06/2025,1000,2000,1500,78
Maharashtra,Pune,Pune,Tomato,Local,Local,12/06/2025,1000,2000,1500,78
Maharashtra,Pune,Pune,Tomato,Local,Local,15/06/2025,1000,2200,1600,78
Maharashtra,Pune,Pune,Tomato,Local,Local,18/06/2025,1000,2200,1650,78
Maharashtra,Pune,Pune,Tomato,Local,Local,22/06/2025,400,2000,1200,78
Maharashtra,Pune,Pune,Tomato,Local,Local,29/06/2025,600,1800,1200,78
Maharashtra,Pune,Pune,Tomato,Local,Local,06/07/2025,800,2800,1800,78
Maharashtra,Pune,Pune,Tomato,Local,Local,10/07/2025,1000,2200,1600,78
Maharashtra,Pune,Pune,Tomato,Local,Local,24/07/2025,1200,2500,1850,78
Maharashtra,Pune,Pune,Tomato,Local,Local,27/07/2025,2000,4000,3000,78
Maharashtra,Pune,Pune,Tomato,Local,Local,30/07/2025,1600,4500,3050,78
Maharashtra,Pune,Pune,Tomato,Local,Local,03/09/2025,1000,2000,1500,78
Maharashtra,Pune,Pune,Tomato,Local,Local,04/09/2025,500,2500,1500,78
Maharashtra,Pune,Pune,Tomato,Local,Local,05/09/2025,1000,2000,1500,78
Maharashtra,Pune,Pune,Tomato,Local,Local,08/09/2025,1000,2000,1500,78
Maharashtra,Pune,Pune,Tomato,Local,Local,11/09/2025,1000,1600,1300,78
Maharashtra,Pune,Pune,Tomato,Local,Local,14/09/2025,1000,1500,1250,78
Maharashtra,Pune,Pune,Tomato,Local,Local,16/09/2025,600,1200,900,78
Maharashtra,Pune,Pune,Tomato,Local,Local,23/09/2025,1000,2000,1500,78
Maharashtra,Pune,Pune,Tomato,Local,Local,24/09/2025,600,2000,1300,78
Maharashtra,Pune,Pune,Tomato,Local,Local,28/09/2025,1000,3000,2000,78
Maharashtra,Pune,Pune,Tomato,Local,Local,29/09/2025,800,2000,1400,78
Maharashtra,Pune,Pune,Tomato,Local,Local,03/11/2025,600,1400,1000,78
Maharashtra,Pune,Pune,Tomato,Local,Local,05/10/2025,800,2200,1500,78
Maharashtra,Pune,Pune,Tomato,Local,Local,07/10/2025,600,1600,1100,78
Maharashtra,Pune,Pune,Tomato,Local,Local,26/10/2025,800,1600,1200,78
Maharashtra,Pune,Pune,Tomato,Local,Local,28/10/2025,600,1200,900,78
Maharashtra,Pune,Pune,Tomato,Local,Local,29/10/2025,500,1500,1000,78
Maharashtra,Pune,Pune,Tomato,Local,FAQ,22/02/2021,500,1200,850,78
Maharashtra,Pune,Pune,Tomato,Local,FAQ,24/02/2021,400,1000,700,78
Maharashtra,Pune,Pune,Tomato,Local,FAQ,09/03/2021,400,800,600,78
Maharashtra,Pune,Pune,Tomato,Local,FAQ,16/03/2021,400,1000,700,78
Maharashtra,Pune,Pune,Tomato,Local,FAQ,22/03/2021,400,800,600,78
Maharashtra,Pune,Pune,Tomato,Local,FAQ,16/04/2021,400,1000,700,78
Maharashtra,Pune,Pune,Tomato,Local,FAQ,20/04/2021,400,800,600,78
Maharashtra,Pune,Pune,Tomato,Local,FAQ,23/04/2021,600,1000,800,78
Maharashtra,Pune,Pune,Tomato,Local,FAQ,05/05/2021,500,1000,750,78
Maharashtra,Pune,Pune,Tomato,Local,FAQ,13/05/2021,500,1000,750,78
Maharashtra,Pune,Pune,Tomato,Local,FAQ,20/05/2021,400,1000,700,78
Maharashtra,Pune,Pune,Tomato,Local,FAQ,04/06/2021,500,1000,750,78
Maharashtra,Pune,Pune,Tomato,Local,FAQ,09/06/2021,400,800,600,78
Maharashtra,Pune,Pune,Tomato,Local,FAQ,10/06/2021,400,1000,700,78
Maharashtra,Pune,Pune,Tomato,Local,FAQ,25/06/2021,400,1000,700,78
Maharashtra,Pune,Pune,Tomato,Local,FAQ,04/07/2021,400,1200,800,78
Maharashtra,Pune,Pune,Tomato,Local,FAQ,12/07/2021,400,800,600,78
Maharashtra,Pune,Pune,Tomato,Local,FAQ,19/07/2021,500,1000,750,78
Maharashtra,Pune,Pune,Tomato,Local,FAQ,28/07/2021,400,1500,950,78
Maharashtra,Pune,Pune,Tomato,Local,FAQ,04/08/2021,600,1000,800,78
Maharashtra,Pune,Pune,Tomato,Local,FAQ,10/08/2021,600,1200,900,78
Maharashtra,Pune,Pune,Tomato,Local,FAQ,19/08/2021,400,800,600,78
Maharashtra,Pune,Pune,Tomato,Local,FAQ,30/08/2021,400,800,600,78
Maharashtra,Pune,Pune,Tomato,Local,FAQ,02/09/2021,400,800,600,78
Maharashtra,Pune,Pune,Tomato,Local,FAQ,03/09/2021,400,800,600,78
Maharashtra,Pune,Pune,Tomato,Local,FAQ,01/10/2021,1500,3000,2250,78
Maharashtra,Pune,Pune,Tomato,Local,FAQ,13/10/2021,1000,3000,2000,78
Maharashtra,Pune,Pune,Tomato,Local,FAQ,19/10/2021,1000,3000,2000,78
Maharashtra,Pune,Pune,Tomato,Local,FAQ,29/10/2021,1200,3500,2750,78
Maharashtra,Pune,Pune,Tomato,Local,FAQ,09/11/2021,1500,3000,2250,78
Maharashtra,Pune,Pune,Tomato,Local,FAQ,24/11/2021,2000,4500,3250,78
Maharashtra,Pune,Pune,Tomato,Local,FAQ,21/12/2021,1000,2500,1750,78
Maharashtra,Pune,Pune,Tomato,Local,FAQ,30/12/2021,1000,3000,2000,78
Maharashtra,Pune,Pune,Tomato,Local,FAQ,31/12/2021,1000,3000,2000,78
Maharashtra,Pune,Pune,Tomato,Local,FAQ,09/01/2024,600,1800,1200,78
Maharashtra,Pune,Pune,Tomato,Local,FAQ,23/01/2024,1000,2500,1750,78
Maharashtra,Pune,Pune,Tomato,Local,FAQ,31/01/2024,1000,2500,1750,78
Maharashtra,Pune,Pune,Tomato,Local,FAQ,02/02/2024,1200,3500,2350,78
Maharashtra,Pune,Pune,Tomato,Local,FAQ,06/02/2024,1000,3500,2250,78
Maharashtra,Pune,Pune,Tomato,Local,FAQ,23/02/2024,1000,2000,1500,78
Maharashtra,Pune,Pune,Tomato,Local,FAQ,27/02/2024,1000,2000,1500,78
Maharashtra,Pune,Pune,Tomato,Local,FAQ,05/03/2024,800,1400,1100,78
Maharashtra,Pune,Pune,Tomato,Local,FAQ,08/03/2024,800,1600,1200,78
Maharashtra,Pune,Pune,Tomato,Local,FAQ,10/03/2024,800,1800,1300,78
Maharashtra,Pune,Pune,Tomato,Local,FAQ,12/03/2024,1000,1800,1400,78
Maharashtra,Pune,Pune,Tomato,Local,FAQ,18/03/2024,1000,1600,1300,78
Maharashtra,Pune,Pune,Tomato,Local,FAQ,19/03/2024,600,1500,1050,78
Maharashtra,Pune,Pune,Tomato,Local,FAQ,02/04/2024,600,1200,900,78
Maharashtra,Pune,Pune,Tomato,Local,FAQ,03/04/2024,600,1400,1000,78
Maharashtra,Pune,Pune,Tomato,Local,FAQ,15/04/2024,500,1200,850,78
Maharashtra,Pune,Pune,Tomato,Local,FAQ,29/04/2024,600,1200,900,78
Maharashtra,Pune,Pune,Tomato,Local,FAQ,02/06/2024,1000,2500,1750,78
Maharashtra,Pune,Pune,Tomato,Local,FAQ,07/06/2024,1000,4000,2500,78
Maharashtra,Pune,Pune,Tomato,Local,FAQ,10/06/2024,1000,3000,2000,78
Maharashtra,Pune,Pune,Tomato,Local,FAQ,25/06/2024,1300,4000,2650,78
Maharashtra,Pune,Pune,Tomato,Local,FAQ,26/06/2024,2000,4000,3000,78
Maharashtra,Pune,Pune,Tomato,Local,FAQ,24/05/2024,800,1700,1250,78
Maharashtra,Pune,Pune,Tomato,Local,FAQ,26/05/2024,1000,1800,1400,78
Maharashtra,Pune,Pune,Tomato,Local,FAQ,30/05/2024,1000,1600,1300,78
Maharashtra,Pune,Pune,Tomato,Local,FAQ,08/01/2025,600,1500,1050,78
Maharashtra,Pune,Pune,Tomato,Local,FAQ,09/01/2025,500,1200,850,78
Maharashtra,Pune,Pune,Tomato,Local,FAQ,15/01/2025,600,1400,1000,78
Maharashtra,Pune,Pune,Tomato,Local,Local,28/01/2025,6000,15000,10500,78
Maharashtra,Pune,Pune,Tomato,Local,Local,27/01/2025,600,1400,900,78
Maharashtra,Pune,Pune,Tomato,Local,Local,29/01/2025,6000,15000,10500,78
Maharashtra,Pune,Pune,Tomato,Local,FAQ,01/01/2025,600,1500,1050,78
Maharashtra,Pune,Pune,Tomato,Local,FAQ,22/01/2025,500,1200,850,78
Maharashtra,Pune,Pune,Tomato,Local,Local,14/02/2025,400,1000,700,78
Maharashtra,Pune,Pune,Tomato,Local,Local,18/02/2025,600,1200,900,78
Maharashtra,Pune,Pune,Tomato,Local,Local,28/02/2025,500,1200,850,78
Maharashtra,Pune,Pune,Tomato,Local,Local,09/02/2025,400,1200,800,78
Maharashtra,Pune,Pune,Tomato,Local,Local,26/02/2025,600,1200,900,78
Maharashtra,Pune,Pune,Tomato,Local,FAQ,20/09/2024,1200,3000,2100,78
Maharashtra,Pune,Pune,Tomato,Local,FAQ,23/09/2024,1000,3500,2250,78
Maharashtra,Pune,Pune,Tomato,Local,FAQ,05/09/2024,600,2000,1300,78
Maharashtra,Pune,Pune,Tomato,Local,FAQ,06/09/2024,600,2000,1300,78
Maharashtra,Pune,Pune,Tomato,Local,FAQ,16/09/2024,1000,2500,1750,78
Maharashtra,Pune,Pune,Tomato,Local,FAQ,22/09/2024,1000,3500,2250,78
Maharashtra,Pune,Pune,Tomato,Local,FAQ,09/09/2024,600,2000,1300,78
Maharashtra,Pune,Pune,Tomato,Local,FAQ,01/10/2024,1500,5000,3250,78
Maharashtra,Pune,Pune,Tomato,Local,FAQ,16/10/2024,1000,4000,2500,78
Maharashtra,Pune,Pune,Tomato,Local,FAQ,11/10/2024,1000,4500,2750,78
Maharashtra,Pune,Pune,Tomato,Local,FAQ,23/03/2023,600,1800,1200,78
Maharashtra,Pune,Pune,Tomato,Local,FAQ,26/03/2023,600,1800,1150,78
Maharashtra,Pune,Pune,Tomato,Local,FAQ,02/04/2023,500,2000,1250,78
Maharashtra,Pune,Pune,Tomato,Local,FAQ,09/04/2023,800,1600,1200,78
Maharashtra,Pune,Pune,Tomato,Local,FAQ,12/04/2023,600,1200,900,78
Maharashtra,Pune,Pune,Tomato,Local,FAQ,14/04/2023,400,1200,800,78
Maharashtra,Pune,Pune,Tomato,Local,FAQ,16/04/2023,500,1400,950,78
Maharashtra,Pune,Pune,Tomato,Local,FAQ,17/04/2023,500,1400,950,78
Maharashtra,Pune,Pune,Tomato,Local,FAQ,24/04/2023,500,1400,950,78
Maharashtra,Pune,Pune,Tomato,Local,FAQ,25/04/2023,500,1200,850,78
Maharashtra,Pune,Pune,Tomato,Local,FAQ,26/04/2023,500,1200,850,78
Maharashtra,Pune,Pune,Tomato,Local,FAQ,28/04/2023,400,1000,700,78
Maharashtra,Pune,Pune,Tomato,Local,FAQ,05/05/2023,400,1000,700,78
Maharashtra,Pune,Pune,Tomato,Local,FAQ,08/05/2023,400,1000,700,78
Maharashtra,Pune,Pune,Tomato,Local,FAQ,09/05/2023,500,1000,750,78
Maharashtra,Pune,Pune,Tomato,Local,FAQ,11/05/2023,400,1000,700,78
Maharashtra,Pune,Pune,Tomato,Local,FAQ,28/05/2023,400,1000,700,78
Maharashtra,Pune,Pune,Tomato,Local,FAQ,31/05/2023,400,1000,700,78
Maharashtra,Pune,Pune,Tomato,Local,FAQ,02/06/2023,600,1600,1100,78
Maharashtra,Pune,Pune,Tomato,Local,FAQ,22/06/2023,1500,4000,2750,78
Maharashtra,Pune,Pune,Tomato,Local,FAQ,28/06/2023,2000,6000,4000,78
Maharashtra,Pune,Pune,Tomato,Local,FAQ,29/06/2023,2000,5000,3500,78
Maharashtra,Pune,Pune,Tomato,Local,FAQ,02/07/2023,1000,6000,3500,78
Maharashtra,Pune,Pune,Tomato,Local,FAQ,07/07/2023,2000,8000,5000,78
Maharashtra,Pune,Pune,Tomato,Local,FAQ,18/07/2023,3000,9000,6000,78
Maharashtra,Pune,Pune,Tomato,Local,FAQ,27/07/2023,3000,11000,7500,78
Maharashtra,Pune,Pune,Tomato,Local,FAQ,31/07/2023,3000,10000,6500,78
Maharashtra,Pune,Pune,Tomato,Local,FAQ,02/08/2023,5000,12000,8500,78
Maharashtra,Pune,Pune,Tomato,Local,FAQ,07/08/2023,4000,11000,7500,78
Maharashtra,Pune,Pune,Tomato,Local,FAQ,10/08/2023,3000,10000,6500,78
Maharashtra,Pune,Pune,Tomato,Local,FAQ,20/08/2023,1000,3500,2250,78
Maharashtra,Pune,Pune,Tomato,Local,FAQ,01/09/2023,1000,2000,1500,78
Maharashtra,Pune,Pune,Tomato,Local,FAQ,06/09/2023,600,1400,1000,78
Maharashtra,Pune,Pune,Tomato,Local,FAQ,15/09/2023,200,1000,600,78
Maharashtra,Pune,Pune,Tomato,Local,FAQ,27/09/2023,300,800,550,78
Maharashtra,Pune,Pune,Tomato,Local,FAQ,17/10/2023,400,800,600,78
Maharashtra,Pune,Pune,Tomato,Local,FAQ,18/10/2023,300,700,500,78
Maharashtra,Pune,Pune,Tomato,Local,FAQ,22/10/2023,300,1000,650,78
Maharashtra,Pune,Pune,Tomato,Local,FAQ,07/11/2023,500,1200,850,78
Maharashtra,Pune,Pune,Tomato,Local,FAQ,10/11/2023,600,1200,900,78
Maharashtra,Pune,Pune,Tomato,Local,FAQ,12/11/2023,600,2000,1300,78
Maharashtra,Pune,Pune,Tomato,Local,FAQ,22/11/2023,1000,2500,1750,78
Maharashtra,Pune,Pune,Tomato,Local,FAQ,24/11/2023,1000,3000,2000,78
Maharashtra,Pune,Pune,Tomato,Local,FAQ,08/12/2023,1000,2500,1750,78
Maharashtra,Pune,Pune,Tomato,Local,FAQ,10/12/2023,1000,2500,1750,78
Maharashtra,Pune,Pune,Tomato,Local,FAQ,24/12/2023,800,2000,1400,78
Maharashtra,Pune,Pune,Tomato,Local,FAQ,31/12/2023,1000,2500,1750,78
Maharashtra,Pune,Pune,Tomato,Local,FAQ,15/01/2023,600,1500,1000,78
Maharashtra,Pune,Pune,Tomato,Local,FAQ,22/01/2023,600,1200,850,78
Maharashtra,Pune,Pune,Tomato,Local,FAQ,27/01/2023,500,1000,750,78
Maharashtra,Pune,Pune,Tomato,Local,FAQ,29/01/2023,500,1200,850,78
Maharashtra,Pune,Pune,Tomato,Local,FAQ,30/01/2023,500,1000,750,78
Maharashtra,Pune,Pune,Tomato,Local,FAQ,31/01/2023,500,1200,850,78
Maharashtra,Pune,Pune,Tomato,Local,FAQ,07/02/2023,500,1200,850,78
Maharashtra,Pune,Pune,Tomato,Local,FAQ,17/02/2023,600,1400,1000,78
Maharashtra,Pune,Pune,Tomato,Local,FAQ,20/02/2023,800,1600,1200,78
Maharashtra,Pune,Pune,Tomato,Local,FAQ,22/02/2023,500,1500,1000,78
Maharashtra,Pune,Pune,Tomato,Local,FAQ,03/03/2023,700,1600,1150,78
Maharashtra,Pune,Pune,Tomato,Local,FAQ,06/03/2023,600,1800,1200,78
Maharashtra,Pune,Pune,Tomato,Local,FAQ,10/03/2023,600,1800,1200,78
Maharashtra,Pune,Pune,Tomato,Local,FAQ,14/03/2023,600,1800,1200,78
Maharashtra,Pune,Pune,Tomato,Local,Local,03/03/2025,600,1200,900,78
Maharashtra,Pune,Pune,Tomato,Local,Local,04/03/2025,600,1800,900,78
Maharashtra,Pune,Pune,Tomato,Local,Local,14/03/2025,600,1600,1100,78
Maharashtra,Pune,Pune,Tomato,Local,Local,17/03/2025,600,1200,900,78
Maharashtra,Pune,Pune,Tomato,Local,Local,19/03/2025,500,1200,850,78
Maharashtra,Pune,Pune,Tomato,Local,Local,20/03/2025,500,1000,750,78
Maharashtra,Pune,Pune,Tomato,Local,Local,31/03/2025,600,1200,900,78
Maharashtra,Pune,Pune,Tomato,Local,Local,01/06/2025,800,2000,1400,78
Maharashtra,Pune,Pune,Tomato,Local,Local,05/06/2025,1000,2200,1600,78
Maharashtra,Pune,Pune,Tomato,Local,Local,13/06/2025,1000,3000,2000,78
Maharashtra,Pune,Pune,Tomato,Local,Local,16/06/2025,1000,2200,1600,78
Maharashtra,Pune,Pune,Tomato,Local,Local,19/06/2025,1000,2000,1500,78
Maharashtra,Pune,Pune,Tomato,Local,Local,27/06/2025,500,2000,1250,78
Maharashtra,Pune,Pune,Tomato,Local,Local,20/06/2025,1000,2000,1500,78
Maharashtra,Pune,Pune,Tomato,Local,Local,23/06/2025,600,1600,1100,78
Maharashtra,Pune,Pune,Tomato,Local,Local,02/07/2025,500,1500,1000,78
Maharashtra,Pune,Pune,Tomato,Local,Local,07/07/2025,1000,2500,1750,78
Maharashtra,Pune,Pune,Tomato,Local,Local,13/07/2025,800,2000,1400,78
Maharashtra,Pune,Pune,Tomato,Local,Local,14/07/2025,1000,2000,1500,78
Maharashtra,Pune,Pune,Tomato,Local,Local,21/07/2025,800,2000,1400,78
Maharashtra,Pune,Pune,Tomato,Local,Local,31/07/2025,1000,4000,2500,78
Maharashtra,Pune,Pune,Tomato,Local,Local,16/04/2025,500,1200,850,78
Maharashtra,Pune,Pune,Tomato,Local,Local,18/04/2025,500,1200,850,78
Maharashtra,Pune,Pune,Tomato,Local,Local,20/04/2025,600,1200,900,78
Maharashtra,Pune,Pune,Tomato,Local,Local,28/05/2025,1000,4000,2500,78
Maharashtra,Pune,Pune,Tomato,Local,Local,30/05/2025,800,3000,1900,78
Maharashtra,Pune,Pune,Tomato,Local,FAQ,20/10/2024,1000,5000,3000,78
Maharashtra,Pune,Pune,Tomato,Local,FAQ,15/10/2024,1000,4000,2500,78
Maharashtra,Pune,Pune,Tomato,Local,FAQ,07/10/2024,1500,6000,3750,78
Maharashtra,Pune,Pune,Tomato,Local,FAQ,09/10/2024,1000,4500,2750,78
Maharashtra,Pune,Pune,Tomato,Local,FAQ,30/12/2024,500,2000,1250,78
Maharashtra,Pune,Pune,Tomato,Local,FAQ,04/11/2024,600,2500,1550,78
Maharashtra,Pune,Pune,Tomato,Local,FAQ,13/11/2024,1000,2500,1750,78
Maharashtra,Pune,Pune,Tomato,Local,FAQ,28/11/2024,1000,3500,2250,78
Maharashtra,Pune,Pune,Tomato,Local,FAQ,05/08/2024,1000,2000,1500,78
Maharashtra,Pune,Pune,Tomato,Local,FAQ,19/08/2024,1000,3000,2000,78
Maharashtra,Pune,Pune,Tomato,Local,FAQ,20/08/2024,1000,3000,2000,78
Maharashtra,Pune,Pune,Tomato,Local,FAQ,23/08/2024,700,2500,1600,78
Maharashtra,Pune,Pune,Tomato,Local,FAQ,30/08/2024,1000,1600,1300,78
Maharashtra,Pune,Pune,Tomato,Local,FAQ,04/07/2024,2000,5000,3500,78
Maharashtra,Pune,Pune,Tomato,Local,FAQ,15/07/2024,2000,6000,4000,78
Maharashtra,Pune,Pune,Tomato,Local,FAQ,19/07/2024,2000,6500,4250,78
Maharashtra,Pune,Pune,Tomato,Local,FAQ,21/07/2024,2000,6500,4250,78
Maharashtra,Pune,Pune,Tomato,Local,FAQ,02/01/2022,1000,3000,2000,78
Maharashtra,Pune,Pune,Tomato,Local,FAQ,09/01/2022,1000,2500,1750,78
Maharashtra,Pune,Pune,Tomato,Local,FAQ,10/01/2022,1000,2000,1500,78
Maharashtra,Pune,Pune,Tomato,Local,FAQ,11/01/2022,1000,2000,1500,78
Maharashtra,Pune,Pune,Tomato,Local,FAQ,07/02/2022,1500,3000,2250,78
Maharashtra,Pune,Pune,Tomato,Local,FAQ,22/02/2022,600,1400,1000,78
Maharashtra,Pune,Pune,Tomato,Local,FAQ,27/02/2022,600,1400,1000,78
Maharashtra,Pune,Pune,Tomato,Local,FAQ,01/03/2022,500,1400,950,78
Maharashtra,Pune,Pune,Tomato,Local,FAQ,04/03/2022,600,1200,900,78
Maharashtra,Pune,Pune,Tomato,Local,FAQ,07/03/2022,600,1400,1000,78
Maharashtra,Pune,Pune,Tomato,Local,FAQ,08/03/2022,500,1400,950,78
Maharashtra,Pune,Pune,Tomato,Local,FAQ,18/03/2022,700,1500,1100,78
Maharashtra,Pune,Pune,Tomato,Local,FAQ,24/03/2022,500,1600,1050,78
Maharashtra,Pune,Pune,Tomato,Local,FAQ,31/03/2022,500,1200,850,78
Maharashtra,Pune,Pune,Tomato,Local,FAQ,04/04/2022,800,1800,1300,78
Maharashtra,Pune,Pune,Tomato,Local,FAQ,13/04/2022,500,1400,950,78
Maharashtra,Pune,Pune,Tomato,Local,FAQ,14/04/2022,600,1300,950,78
Maharashtra,Pune,Pune,Tomato,Local,FAQ,21/04/2022,500,1600,1050,78
Maharashtra,Pune,Pune,Tomato,Local,FAQ,25/04/2022,1000,2000,1500,78
Maharashtra,Pune,Pune,Tomato,Local,FAQ,02/05/2022,1000,3000,2000,78
Maharashtra,Pune,Pune,Tomato,Local,FAQ,04/05/2022,1500,4500,3000,78
Maharashtra,Pune,Pune,Tomato,Local,FAQ,17/05/2022,2000,4000,3000,78
Maharashtra,Pune,Pune,Tomato,Local,FAQ,13/06/2022,2000,4500,3250,78
Maharashtra,Pune,Pune,Tomato,Local,FAQ,15/06/2022,1500,4000,2750,78
Maharashtra,Pune,Pune,Tomato,Local,FAQ,24/06/2022,1500,4500,3000,78
Maharashtra,Pune,Pune,Tomato,Local,FAQ,04/07/2022,800,2000,1400,78
Maharashtra,Pune,Pune,Tomato,Local,FAQ,11/07/2022,600,2000,1300,78
Maharashtra,Pune,Pune,Tomato,Local,FAQ,18/07/2022,600,1500,1050,78
Maharashtra,Pune,Pune,Tomato,Local,FAQ,22/07/2022,600,1400,1000,78
Maharashtra,Pune,Pune,Tomato,Local,FAQ,28/07/2022,700,1500,1100,78
Maharashtra,Pune,Pune,Tomato,Local,FAQ,31/07/2022,700,1500,1100,78
Maharashtra,Pune,Pune,Tomato,Local,FAQ,08/08/2022,500,1200,850,78
Maharashtra,Pune,Pune,Tomato,Local,FAQ,12/08/2022,700,1500,1100,78
Maharashtra,Pune,Pune,Tomato,Local,FAQ,17/08/2022,600,1300,950,78
Maharashtra,Pune,Pune,Tomato,Local,FAQ,23/08/2022,700,1400,1050,78
Maharashtra,Pune,Pune,Tomato,Local,FAQ,31/08/2022,600,1300,950,78
Maharashtra,Pune,Pune,Tomato,Local,FAQ,04/09/2022,700,1600,1150,78
Maharashtra,Pune,Pune,Tomato,Local,FAQ,05/09/2022,600,1500,1050,78
Maharashtra,Pune,Pune,Tomato,Local,FAQ,08/09/2022,500,1500,1000,78
Maharashtra,Pune,Pune,Tomato,Local,FAQ,25/09/2022,800,2500,1650,78
Maharashtra,Pune,Pune,Tomato,Local,FAQ,21/10/2022,1000,2800,1750,78
Maharashtra,Pune,Pune,Tomato,Local,FAQ,30/10/2022,700,2000,1350,78
Maharashtra,Pune,Pune,Tomato,Local,FAQ,31/10/2022,700,2500,1600,78
Maharashtra,Pune,Pune,Tomato,Local,FAQ,02/11/2022,700,2000,1350,78
Maharashtra,Pune,Pune,Tomato,Local,FAQ,10/11/2022,600,1200,800,78
Maharashtra,Pune,Pune,Tomato,Local,FAQ,13/11/2022,500,1200,850,78
Maharashtra,Pune,Pune,Tomato,Local,FAQ,24/11/2022,400,1000,700,78
Maharashtra,Pune,Pune,Tomato,Local,FAQ,28/11/2022,300,1000,650,78
Maharashtra,Pune,Pune,Tomato,Local,FAQ,09/12/2022,300,800,550,78
Maharashtra,Pune,Pune,Tomato,Local,FAQ,15/12/2022,300,800,550,78
Maharashtra,Pune,Pune,Tomato,Local,FAQ,30/12/2022,300,1000,650,78
Maharashtra,Pune,Pune,Tomato,Local,Local,10/08/2025,1000,4000,2500,78
Maharashtra,Pune,Pune,Tomato,Local,Local,13/08/2025,1000,3000,2000,78
Maharashtra,Pune,Pune,Tomato,Local,Local,21/08/2025,1500,4500,3500,78
Maharashtra,Pune,Pune,Tomato,Local,Local,26/08/2025,1000,3000,2000,78
Maharashtra,Pune,Pune,Tomato,Local,Local,15/09/2025,600,1400,1000,78
Maharashtra,Pune,Pune,Tomato,Local,Local,17/09/2025,600,1500,1050,78
Maharashtra,Pune,Pune,Tomato,Local,Local,18/09/2025,600,1400,1000,78
Maharashtra,Pune,Pune,Tomato,Local,Local,22/09/2025,800,1600,1200,78
Maharashtra,Pune,Pune,Tomato,Local,Local,02/10/2025,800,2500,1650,78
Maharashtra,Pune,Pune,Tomato,Local,Local,13/10/2025,800,1600,1200,78
Maharashtra,Pune,Pune,Tomato,Local,Local,16/10/2025,600,1800,1200,78
Maharashtra,Pune,Pune,Tomato,Local,Local,22/10/2025,800,2000,1400,78
Maharashtra,Pune,Pune APMC,Tomato,Local,Local,11/12/2025,1000,3000,2000,78
Maharashtra,Pune,Pune APMC,Tomato,Local,Local,12/12/2025,1000,3000,2000,78
Maharashtra,Pune,Pune APMC,Tomato,Local,Local,22/12/2025,1000,4000,2500,78
Maharashtra,Pune,Pune APMC,Tomato,Local,Local,21/12/2025,1000,4000,2500,78
Maharashtra,Pune,Pune APMC,Tomato,Local,Local,17/12/2025,1000,4500,2750,78
Maharashtra,Pune,Pune APMC,Tomato,Local,Local,24/12/2025,1000,4000,2500,78
Maharashtra,Pune,Pune APMC,Tomato,Local,Local,07/11/2025,1000,1800,1400,78
Maharashtra,Pune,Pune APMC,Tomato,Local,Local,10/11/2025,800,1800,1300,78
Maharashtra,Pune,Pune APMC,Tomato,Local,Local,12/11/2025,1000,2500,1750,78
Maharashtra,Pune,Pune APMC,Tomato,Local,Local,03/11/2025,600,1400,1000,78
Maharashtra,Pune,Pune APMC,Tomato,Local,Local,18/11/2025,1000,3500,2250,78
Maharashtra,Pune,Pune APMC,Tomato,Local,Local,30/11/2025,400,2000,1200,78
Maharashtra,Pune,Pune APMC,Tomato,Local,Local,02/01/2026,1000,4000,2500,78
Maharashtra,Pune,Pune APMC,Tomato,Local,Local,16/01/2026,1200,2500,1850,78
Maharashtra,Pune,Pune APMC,Tomato,Local,Local,16/02/2026,1000,3000,2000,78
Maharashtra,Pune,Pune APMC,Tomato,Local,Local,20/02/2026,600,1400,1000,78
Maharashtra,Pune,Pune APMC,Tomato,Local,Local,02/11/2025,600,1500,1050,78
Maharashtra,Pune,Pune APMC,Tomato,Local,Local,14/11/2025,1000,3000,2000,78
Maharashtra,Pune,Pune APMC,Tomato,Local,Local,16/11/2025,1000,3500,2250,78
Maharashtra,Pune,Pune APMC,Tomato,Local,Local,21/11/2025,1000,4000,2500,78
Maharashtra,Pune,Pune APMC,Tomato,Local,Local,28/11/2025,600,3500,2050,78
Maharashtra,Pune,Pune APMC,Tomato,Local,Local,03/12/2025,1000,3500,2250,78
Maharashtra,Pune,Pune APMC,Tomato,Local,Local,09/12/2025,1000,3000,2000,78
Maharashtra,Pune,Pune APMC,Tomato,Local,Local,14/12/2025,1000,4000,2500,78
Maharashtra,Pune,Pune APMC,Tomato,Local,Local,16/12/2025,1000,4500,2750,78
Maharashtra,Pune,Pune APMC,Tomato,Local,Local,18/12/2025,1000,4500,2750,78
Maharashtra,Pune,Pune APMC,Tomato,Local,Local,30/12/2025,2000,4000,3000,78
Maharashtra,Pune,Pune APMC,Tomato,Local,Local,01/01/2026,1000,4000,2500,78
Maharashtra,Pune,Pune APMC,Tomato,Local,Local,12/01/2026,1000,3000,2000,78
Maharashtra,Pune,Pune APMC,Tomato,Local,Local,14/01/2026,1000,3000,2000,78
Maharashtra,Pune,Pune APMC,Tomato,Local,Local,08/01/2026,1000,3500,2250,78
Maharashtra,Pune,Pune APMC,Tomato,Local,Local,25/01/2026,600,2000,1300,78
Maharashtra,Pune,Pune APMC,Tomato,Local,Local,04/02/2026,800,1600,1200,78
Maharashtra,Pune,Pune APMC,Tomato,Local,Local,05/02/2026,600,1300,950,78
Maharashtra,Pune,Pune APMC,Tomato,Local,Local,12/02/2026,600,1600,1100,78
Maharashtra,Pune,Pune APMC,Tomato,Local,Local,04/11/2025,800,1400,1100,78
Maharashtra,Pune,Pune APMC,Tomato,Local,Local,20/11/2025,1000,3500,2250,78
Maharashtra,Pune,Pune APMC,Tomato,Local,Local,24/11/2025,1000,5000,3000,78
Maharashtra,Pune,Pune APMC,Tomato,Local,Local,05/12/2025,1500,3200,2350,78
Maharashtra,Pune,Pune APMC,Tomato,Local,Local,15/12/2025,1000,4500,2750,78
Maharashtra,Pune,Pune APMC,Tomato,Local,Local,23/12/2025,1000,3500,2250,78
Maharashtra,Pune,Pune APMC,Tomato,Local,Local,31/12/2025,1000,4000,2500,78
Maharashtra,Pune,Pune APMC,Tomato,Local,Local,07/01/2026,1000,3500,2250,78
Maharashtra,Pune,Pune APMC,Tomato,Local,Local,22/01/2026,800,2300,1150,78
Maharashtra,Pune,Pune APMC,Tomato,Local,Local,23/01/2026,800,2000,1400,78
Maharashtra,Pune,Pune APMC,Tomato,Local,Local,01/02/2026,600,1600,1100,78
Maharashtra,Pune,Pune APMC,Tomato,Local,Local,06/02/2026,600,1400,1000,78
Maharashtra,Pune,Pune APMC,Tomato,Local,Local,18/02/2026,600,1600,1100,78
Maharashtra,Pune,Pune APMC,Tomato,Local,Local,19/12/2025,1000,4000,2500,78
Maharashtra,Pune,Pune APMC,Tomato,Local,Local,25/12/2025,1000,4000,2500,78
Maharashtra,Pune,Pune APMC,Tomato,Local,Local,02/12/2025,1500,3500,2500,78
Maharashtra,Pune,Pune APMC,Tomato,Local,Local,04/12/2025,1000,3000,2000,78
Maharashtra,Pune,Pune APMC,Tomato,Local,Local,11/11/2025,1000,1800,1400,78
Maharashtra,Pune,Pune APMC,Tomato,Local,Local,23/11/2025,1000,4500,2750,78
Maharashtra,Pune,Pune APMC,Tomato,Local,Local,27/11/2025,1000,3500,2250,78
Maharashtra,Pune,Pune APMC,Tomato,Local,Local,05/01/2026,1000,4000,2500,78
Maharashtra,Pune,Pune APMC,Tomato,Local,Local,06/01/2026,1000,3500,2250,78
Maharashtra,Pune,Pune APMC,Tomato,Local,Local,11/01/2026,1000,3000,2000,78
Maharashtra,Pune,Pune APMC,Tomato,Local,Local,27/01/2026,600,2000,1300,78
Maharashtra,Pune,Pune APMC,Tomato,Local,Local,28/01/2026,600,1600,1100,78
Maharashtra,Pune,Pune APMC,Tomato,Local,Local,30/01/2026,600,1600,1100,78
Maharashtra,Pune,Pune APMC,Tomato,Local,Local,08/02/2026,600,2000,1300,78
Maharashtra,Pune,Pune APMC,Tomato,Local,Local,09/02/2026,600,2000,1300,78
Maharashtra,Pune,Pune APMC,Tomato,Local,Local,11/02/2026,600,1600,1100,78
Maharashtra,Pune,Pune APMC,Tomato,Local,Local,17/02/2026,600,1500,1050,78
Maharashtra,Pune,Pune APMC,Tomato,Local,Local,19/02/2026,600,1600,1100,78
Maharashtra,Pune,Pune APMC,Tomato,Local,Local,09/11/2025,1000,1600,1300,78
Maharashtra,Pune,Pune APMC,Tomato,Local,Local,05/11/2025,600,1500,1050,78
Maharashtra,Pune,Pune APMC,Tomato,Local,Local,17/11/2025,1000,3500,2250,78
Maharashtra,Pune,Pune APMC,Tomato,Local,Local,19/11/2025,1000,3500,2250,78
Maharashtra,Pune,Pune APMC,Tomato,Local,Local,26/11/2025,1000,3500,2250,78
Maharashtra,Pune,Pune APMC,Tomato,Local,Local,29/12/2025,1000,4000,2500,78
Maharashtra,Pune,Pune APMC,Tomato,Local,Local,01/12/2025,1000,2000,1500,78
Maharashtra,Pune,Pune APMC,Tomato,Local,Local,08/12/2025,1000,3000,2000,78
Maharashtra,Pune,Pune APMC,Tomato,Local,Local,07/12/2025,1000,3000,2000,78
Maharashtra,Pune,Pune APMC,Tomato,Local,Local,04/01/2026,1000,3800,2400,78
Maharashtra,Pune,Pune APMC,Tomato,Local,Local,13/01/2026,1000,3000,2000,78
Maharashtra,Pune,Pune APMC,Tomato,Local,Local,09/01/2026,500,2500,1500,78
Maharashtra,Pune,Pune APMC,Tomato,Local,Local,21/01/2026,700,2000,1350,78
Maharashtra,Pune,Pune APMC,Tomato,Local,Local,02/02/2026,800,1600,1200,78
Maharashtra,Pune,Pune APMC,Tomato,Local,Local,03/02/2026,600,1500,1050,78
Maharashtra,Pune,Pune APMC,Tomato,Local,Local,10/02/2026,600,1800,1200,78
Maharashtra,Pune,Pune APMC,Tomato,Local,Local,13/02/2026,600,1600,1100,78
Maharashtra,Pune,Pune APMC,Tomato,Local,Local,15/02/2026,600,2000,1300,78
Maharashtra,Pune,Pune(Khadiki),Tomato,Local,FAQ,06/07/2024,1400,2200,1800,78
Maharashtra,Pune,Pune(Khadiki),Tomato,Local,FAQ,19/07/2024,1200,2300,1750,78
Maharashtra,Pune,Pune(Khadiki),Tomato,Local,FAQ,24/07/2024,1400,2700,2050,78
Maharashtra,Pune,Pune(Khadiki),Tomato,Local,FAQ,26/07/2024,1400,2800,2100,78
Maharashtra,Pune,Pune(Khadiki),Tomato,Local,FAQ,27/07/2024,1600,2700,2050,78
Maharashtra,Pune,Pune(Khadiki),Tomato,Local,FAQ,09/08/2024,1200,2000,1600,78
Maharashtra,Pune,Pune(Khadiki),Tomato,Local,FAQ,19/08/2024,1000,1700,1350,78
Maharashtra,Pune,Pune(Khadiki),Tomato,Local,FAQ,21/08/2024,1100,1700,1400,78
Maharashtra,Pune,Pune(Khadiki),Tomato,Local,FAQ,23/08/2024,1000,1600,1300,78
Maharashtra,Pune,Pune(Khadiki),Tomato,Local,FAQ,25/08/2024,1000,1800,1400,78
Maharashtra,Pune,Pune(Khadiki),Tomato,Local,FAQ,30/08/2024,1000,1700,1350,78
Maharashtra,Pune,Pune(Khadiki),Tomato,Local,FAQ,16/05/2024,700,1400,1050,78
Maharashtra,Pune,Pune(Khadiki),Tomato,Local,FAQ,18/05/2024,700,1300,1000,78
Maharashtra,Pune,Pune(Khadiki),Tomato,Local,FAQ,26/05/2024,700,1400,1050,78
Maharashtra,Pune,Pune(Khadiki),Tomato,Local,FAQ,30/05/2024,700,1400,1050,78
Maharashtra,Pune,Pune(Khadiki),Tomato,Local,FAQ,03/05/2024,800,1300,1050,78
Maharashtra,Pune,Pune(Khadiki),Tomato,Local,FAQ,04/05/2024,1000,1300,1150,78
Maharashtra,Pune,Pune(Khadiki),Tomato,Local,FAQ,08/05/2024,700,1600,1150,78
Maharashtra,Pune,Pune(Khadiki),Tomato,Local,FAQ,01/01/2024,900,1200,1050,78
Maharashtra,Pune,Pune(Khadiki),Tomato,Local,FAQ,09/01/2024,1300,1800,1550,78
Maharashtra,Pune,Pune(Khadiki),Tomato,Local,FAQ,13/01/2024,1100,1500,1300,78
Maharashtra,Pune,Pune(Khadiki),Tomato,Local,FAQ,29/01/2024,1300,1500,1400,78
Maharashtra,Pune,Pune(Khadiki),Tomato,Local,FAQ,01/02/2024,1300,2000,1650,78
Maharashtra,Pune,Pune(Khadiki),Tomato,Local,FAQ,09/02/2024,1000,1500,1250,78
Maharashtra,Pune,Pune(Khadiki),Tomato,Local,FAQ,11/02/2024,1200,2000,1600,78
Maharashtra,Pune,Pune(Khadiki),Tomato,Local,FAQ,12/02/2024,1200,1800,1500,78
Maharashtra,Pune,Pune(Khadiki),Tomato,Local,FAQ,13/02/2024,1400,2000,1700,78
Maharashtra,Pune,Pune(Khadiki),Tomato,Local,FAQ,16/02/2024,1400,2000,1700,78
Maharashtra,Pune,Pune(Khadiki),Tomato,Local,FAQ,17/02/2024,1000,1500,1250,78
Maharashtra,Pune,Pune(Khadiki),Tomato,Local,FAQ,24/02/2024,1000,1600,1300,78
Maharashtra,Pune,Pune(Khadiki),Tomato,Local,FAQ,04/03/2024,1000,1700,1350,78
Maharashtra,Pune,Pune(Khadiki),Tomato,Local,FAQ,16/03/2024,700,1200,950,78
Maharashtra,Pune,Pune(Khadiki),Tomato,Local,FAQ,20/03/2024,600,1200,900,78
Maharashtra,Pune,Pune(Khadiki),Tomato,Local,FAQ,23/03/2024,700,1200,950,78
Maharashtra,Pune,Pune(Khadiki),Tomato,Local,FAQ,24/03/2024,600,1200,900,78
Maharashtra,Pune,Pune(Khadiki),Tomato,Local,FAQ,26/03/2024,700,1200,950,78
Maharashtra,Pune,Pune(Khadiki),Tomato,Local,FAQ,27/03/2024,600,1300,900,78
Maharashtra,Pune,Pune(Khadiki),Tomato,Local,FAQ,06/04/2024,600,1400,1000,78
Maharashtra,Pune,Pune(Khadiki),Tomato,Local,FAQ,12/04/2024,700,1300,1000,78
Maharashtra,Pune,Pune(Khadiki),Tomato,Local,FAQ,13/04/2024,700,1400,1050,78
Maharashtra,Pune,Pune(Khadiki),Tomato,Local,FAQ,19/04/2024,700,1200,950,78
Maharashtra,Pune,Pune(Khadiki),Tomato,Local,FAQ,29/04/2024,1000,1300,1150,78
Maharashtra,Pune,Pune(Khadiki),Tomato,Local,FAQ,24/02/2021,500,1000,750,78
Maharashtra,Pune,Pune(Khadiki),Tomato,Local,FAQ,26/02/2021,600,1200,900,78
Maharashtra,Pune,Pune(Khadiki),Tomato,Local,FAQ,07/03/2021,500,1000,750,78
Maharashtra,Pune,Pune(Khadiki),Tomato,Local,FAQ,13/03/2021,400,800,600,78
Maharashtra,Pune,Pune(Khadiki),Tomato,Local,FAQ,26/03/2021,600,1200,900,78
Maharashtra,Pune,Pune(Khadiki),Tomato,Local,FAQ,27/03/2021,500,1000,750,78
Maharashtra,Pune,Pune(Khadiki),Tomato,Local,FAQ,03/04/2021,1000,1400,1200,78
Maharashtra,Pune,Pune(Khadiki),Tomato,Local,FAQ,12/04/2021,800,1500,1150,78
Maharashtra,Pune,Pune(Khadiki),Tomato,Local,FAQ,13/04/2021,500,1500,1000,78
Maharashtra,Pune,Pune(Khadiki),Tomato,Local,FAQ,10/05/2021,800,1000,900,78
Maharashtra,Pune,Pune(Khadiki),Tomato,Local,FAQ,12/05/2021,800,1000,900,78
Maharashtra,Pune,Pune(Khadiki),Tomato,Local,FAQ,17/05/2021,700,1000,850,78
Maharashtra,Pune,Pune(Khadiki),Tomato,Local,FAQ,21/05/2021,800,1000,900,78
Maharashtra,Pune,Pune(Khadiki),Tomato,Local,FAQ,24/05/2021,800,1100,950,78
Maharashtra,Pune,Pune(Khadiki),Tomato,Local,FAQ,30/05/2021,800,1000,900,78
Maharashtra,Pune,Pune(Khadiki),Tomato,Local,FAQ,04/06/2021,700,800,750,78
Maharashtra,Pune,Pune(Khadiki),Tomato,Local,FAQ,18/06/2021,700,1000,850,78
Maharashtra,Pune,Pune(Khadiki),Tomato,Local,FAQ,22/06/2021,700,1000,850,78
Maharashtra,Pune,Pune(Khadiki),Tomato,Local,FAQ,24/06/2021,700,900,800,78
Maharashtra,Pune,Pune(Khadiki),Tomato,Local,FAQ,08/07/2021,600,1000,800,78
Maharashtra,Pune,Pune(Khadiki),Tomato,Local,FAQ,15/07/2021,600,1000,800,78
Maharashtra,Pune,Pune(Khadiki),Tomato,Local,FAQ,18/07/2021,700,1200,950,78
Maharashtra,Pune,Pune(Khadiki),Tomato,Local,FAQ,03/08/2021,800,1000,900,78
Maharashtra,Pune,Pune(Khadiki),Tomato,Local,FAQ,08/08/2021,700,1000,850,78
Maharashtra,Pune,Pune(Khadiki),Tomato,Local,FAQ,10/08/2021,700,1000,850,78
Maharashtra,Pune,Pune(Khadiki),Tomato,Local,FAQ,22/08/2021,700,1000,850,78
Maharashtra,Pune,Pune(Khadiki),Tomato,Local,FAQ,28/08/2021,700,1000,850,78
Maharashtra,Pune,Pune(Khadiki),Tomato,Local,FAQ,29/08/2021,700,1000,850,78
Maharashtra,Pune,Pune(Khadiki),Tomato,Local,FAQ,11/09/2021,600,800,700,78
Maharashtra,Pune,Pune(Khadiki),Tomato,Local,FAQ,21/09/2021,700,1000,850,78
Maharashtra,Pune,Pune(Khadiki),Tomato,Local,FAQ,27/09/2021,1000,1600,1300,78
Maharashtra,Pune,Pune(Khadiki),Tomato,Local,FAQ,04/10/2021,1500,2100,1800,78
Maharashtra,Pune,Pune(Khadiki),Tomato,Local,FAQ,12/10/2021,1500,2000,1750,78
Maharashtra,Pune,Pune(Khadiki),Tomato,Local,FAQ,14/10/2021,1500,2000,1750,78
Maharashtra,Pune,Pune(Khadiki),Tomato,Local,FAQ,21/10/2021,1300,2900,1800,78
Maharashtra,Pune,Pune(Khadiki),Tomato,Local,FAQ,31/10/2021,1500,2500,2000,78
Maharashtra,Pune,Pune(Khadiki),Tomato,Local,FAQ,03/11/2021,2000,2500,2250,78
Maharashtra,Pune,Pune(Khadiki),Tomato,Local,FAQ,07/11/2021,2500,3000,2750,78
Maharashtra,Pune,Pune(Khadiki),Tomato,Local,FAQ,10/11/2021,1500,2800,2150,78
Maharashtra,Pune,Pune(Khadiki),Tomato,Local,FAQ,19/11/2021,1500,2500,2000,78
Maharashtra,Pune,Pune(Khadiki),Tomato,Local,FAQ,22/11/2021,1700,3000,2350,78
Maharashtra,Pune,Pune(Khadiki),Tomato,Local,FAQ,25/11/2021,1800,3200,2500,78
Maharashtra,Pune,Pune(Khadiki),Tomato,Local,FAQ,26/11/2021,1600,3000,2300,78
Maharashtra,Pune,Pune(Khadiki),Tomato,Local,FAQ,29/11/2021,1800,3000,2400,78
Maharashtra,Pune,Pune(Khadiki),Tomato,Local,FAQ,01/12/2021,1500,3000,2250,78
Maharashtra,Pune,Pune(Khadiki),Tomato,Local,FAQ,15/12/2021,1200,3000,2100,78
Maharashtra,Pune,Pune(Khadiki),Tomato,Local,FAQ,18/12/2021,1200,1800,1600,78
Maharashtra,Pune,Pune(Khadiki),Tomato,Local,FAQ,24/12/2021,1300,2200,1750,78
Maharashtra,Pune,Pune(Khadiki),Tomato,Local,FAQ,25/12/2021,1500,2500,2000,78
Maharashtra,Pune,Pune(Khadiki),Tomato,Local,FAQ,19/01/2025,400,1000,700,78
Maharashtra,Pune,Pune(Khadiki),Tomato,Local,Local,27/01/2025,500,1000,750,78
Maharashtra,Pune,Pune(Khadiki),Tomato,Local,FAQ,04/01/2025,1000,1600,1300,78
Maharashtra,Pune,Pune(Khadiki),Tomato,Local,FAQ,10/01/2025,1000,1700,1350,78
Maharashtra,Pune,Pune(Khadiki),Tomato,Local,FAQ,11/01/2025,1000,1600,1300,78
Maharashtra,Pune,Pune(Khadiki),Tomato,Local,FAQ,13/01/2025,1000,1600,1300,78
Maharashtra,Pune,Pune(Khadiki),Tomato,Local,FAQ,15/01/2025,700,1000,850,78
Maharashtra,Pune,Pune(Khadiki),Tomato,Local,FAQ,24/01/2025,400,1200,800,78
Maharashtra,Pune,Pune(Khadiki),Tomato,Local,Local,25/01/2025,600,1000,800,78
Maharashtra,Pune,Pune(Khadiki),Tomato,Local,Local,29/01/2025,500,1000,750,78
Maharashtra,Pune,Pune(Khadiki),Tomato,Local,FAQ,12/09/2024,1000,1500,1250,78
Maharashtra,Pune,Pune(Khadiki),Tomato,Local,FAQ,22/09/2024,700,1300,1000,78
Maharashtra,Pune,Pune(Khadiki),Tomato,Local,FAQ,08/06/2024,800,1400,1100,78
Maharashtra,Pune,Pune(Khadiki),Tomato,Local,FAQ,16/06/2024,1000,1600,1300,78
Maharashtra,Pune,Pune(Khadiki),Tomato,Local,FAQ,17/06/2024,1200,1800,1500,78
Maharashtra,Pune,Pune(Khadiki),Tomato,Local,FAQ,03/01/2022,1400,2000,1700,78
Maharashtra,Pune,Pune(Khadiki),Tomato,Local,FAQ,08/01/2022,1400,2000,1700,78
Maharashtra,Pune,Pune(Khadiki),Tomato,Local,FAQ,11/01/2022,1200,1600,1400,78
Maharashtra,Pune,Pune(Khadiki),Tomato,Local,FAQ,15/01/2022,1200,1500,1350,78
Maharashtra,Pune,Pune(Khadiki),Tomato,Local,FAQ,16/01/2022,1200,1500,1350,78
Maharashtra,Pune,Pune(Khadiki),Tomato,Local,FAQ,19/01/2022,1200,1600,1400,78
Maharashtra,Pune,Pune(Khadiki),Tomato,Local,FAQ,22/01/2022,1000,1600,1300,78
Maharashtra,Pune,Pune(Khadiki),Tomato,Local,FAQ,28/01/2022,1000,1600,1300,78
Maharashtra,Pune,Pune(Khadiki),Tomato,Local,FAQ,04/02/2022,1100,1500,1300,78
Maharashtra,Pune,Pune(Khadiki),Tomato,Local,FAQ,14/02/2022,1200,1500,1350,78
Maharashtra,Pune,Pune(Khadiki),Tomato,Local,FAQ,17/02/2022,1000,1200,1100,78
Maharashtra,Pune,Pune(Khadiki),Tomato,Local,FAQ,07/03/2022,800,1200,1000,78
Maharashtra,Pune,Pune(Khadiki),Tomato,Local,FAQ,13/03/2022,800,1200,1000,78
Maharashtra,Pune,Pune(Khadiki),Tomato,Local,FAQ,16/03/2022,800,1100,950,78
Maharashtra,Pune,Pune(Khadiki),Tomato,Local,FAQ,17/03/2022,800,1200,1000,78
Maharashtra,Pune,Pune(Khadiki),Tomato,Local,FAQ,18/03/2022,800,1200,1000,78
Maharashtra,Pune,Pune(Khadiki),Tomato,Local,FAQ,25/03/2022,700,1300,1000,78
Maharashtra,Pune,Pune(Khadiki),Tomato,Local,FAQ,29/03/2022,800,1200,1000,78
Maharashtra,Pune,Pune(Khadiki),Tomato,Local,FAQ,04/04/2022,800,1400,1100,78
Maharashtra,Pune,Pune(Khadiki),Tomato,Local,FAQ,14/04/2022,1000,1200,1100,78
Maharashtra,Pune,Pune(Khadiki),Tomato,Local,FAQ,18/04/2022,600,1000,800,78
Maharashtra,Pune,Pune(Khadiki),Tomato,Local,FAQ,23/04/2022,800,1200,1000,78
Maharashtra,Pune,Pune(Khadiki),Tomato,Local,FAQ,26/04/2022,800,1300,1050,78
Maharashtra,Pune,Pune(Khadiki),Tomato,Local,FAQ,30/04/2022,800,1400,1100,78
Maharashtra,Pune,Pune(Khadiki),Tomato,Local,FAQ,04/05/2022,1500,2500,2000,78
Maharashtra,Pune,Pune(Khadiki),Tomato,Local,FAQ,05/05/2022,1000,2000,1500,78
Maharashtra,Pune,Pune(Khadiki),Tomato,Local,FAQ,10/05/2022,1500,2500,2000,78
Maharashtra,Pune,Pune(Khadiki),Tomato,Local,FAQ,17/05/2022,1800,2500,2150,78
Maharashtra,Pune,Pune(Khadiki),Tomato,Local,FAQ,22/05/2022,1800,2000,1900,78
Maharashtra,Pune,Pune(Khadiki),Tomato,Local,FAQ,30/05/2022,1800,3000,2400,78
Maharashtra,Pune,Pune(Khadiki),Tomato,Local,FAQ,07/06/2022,3000,3200,3100,78
Maharashtra,Pune,Pune(Khadiki),Tomato,Local,FAQ,09/06/2022,2500,3500,3000,78
Maharashtra,Pune,Pune(Khadiki),Tomato,Local,FAQ,10/06/2022,3000,3000,3000,78
Maharashtra,Pune,Pune(Khadiki),Tomato,Local,FAQ,12/06/2022,2000,3000,2500,78
Maharashtra,Pune,Pune(Khadiki),Tomato,Local,FAQ,14/06/2022,3000,3200,3100,78
Maharashtra,Pune,Pune(Khadiki),Tomato,Local,FAQ,20/06/2022,2000,3000,2500,78
Maharashtra,Pune,Pune(Khadiki),Tomato,Local,FAQ,11/07/2022,1200,2200,1700,78
Maharashtra,Pune,Pune(Khadiki),Tomato,Local,FAQ,20/07/2022,1000,1800,1400,78
Maharashtra,Pune,Pune(Khadiki),Tomato,Local,FAQ,25/07/2022,1000,1500,1250,78
Maharashtra,Pune,Pune(Khadiki),Tomato,Local,FAQ,02/08/2022,800,1200,1000,78
Maharashtra,Pune,Pune(Khadiki),Tomato,Local,FAQ,03/08/2022,1000,1300,1150,78
Maharashtra,Pune,Pune(Khadiki),Tomato,Local,FAQ,04/08/2022,1100,1300,1200,78
Maharashtra,Pune,Pune(Khadiki),Tomato,Local,FAQ,12/08/2022,1000,1300,1150,78
Maharashtra,Pune,Pune(Khadiki),Tomato,Local,FAQ,16/08/2022,1000,1300,1150,78
Maharashtra,Pune,Pune(Khadiki),Tomato,Local,FAQ,17/08/2022,1000,1300,1150,78
Maharashtra,Pune,Pune(Khadiki),Tomato,Local,FAQ,20/08/2022,800,1200,1000,78
Maharashtra,Pune,Pune(Khadiki),Tomato,Local,FAQ,23/08/2022,1000,1500,1250,78
Maharashtra,Pune,Pune(Khadiki),Tomato,Local,FAQ,30/08/2022,900,1400,1150,78
Maharashtra,Pune,Pune(Khadiki),Tomato,Local,FAQ,31/08/2022,1000,1400,1200,78
Maharashtra,Pune,Pune(Khadiki),Tomato,Local,FAQ,18/09/2022,800,1200,1000,78
Maharashtra,Pune,Pune(Khadiki),Tomato,Local,FAQ,28/09/2022,1000,1500,1250,78
Maharashtra,Pune,Pune(Khadiki),Tomato,Local,FAQ,04/10/2022,1000,1600,1300,78
Maharashtra,Pune,Pune(Khadiki),Tomato,Local,FAQ,10/10/2022,1000,2000,1500,78
Maharashtra,Pune,Pune(Khadiki),Tomato,Local,FAQ,15/10/2022,1200,1600,1400,78
Maharashtra,Pune,Pune(Khadiki),Tomato,Local,FAQ,20/10/2022,1500,3500,2500,78
Maharashtra,Pune,Pune(Khadiki),Tomato,Local,FAQ,21/10/2022,1100,2000,1550,78
Maharashtra,Pune,Pune(Khadiki),Tomato,Local,FAQ,22/10/2022,1800,3000,2400,78
Maharashtra,Pune,Pune(Khadiki),Tomato,Local,FAQ,23/10/2022,1600,2200,1900,78
Maharashtra,Pune,Pune(Khadiki),Tomato,Local,FAQ,02/11/2022,1200,2500,1850,78
Maharashtra,Pune,Pune(Khadiki),Tomato,Local,FAQ,04/11/2022,1200,2000,1600,78
Maharashtra,Pune,Pune(Khadiki),Tomato,Local,FAQ,05/11/2022,1000,1700,1350,78
Maharashtra,Pune,Pune(Khadiki),Tomato,Local,FAQ,17/11/2022,800,1000,900,78
Maharashtra,Pune,Pune(Khadiki),Tomato,Local,FAQ,18/11/2022,700,800,750,78
Maharashtra,Pune,Pune(Khadiki),Tomato,Local,FAQ,27/11/2022,700,1000,850,78
Maharashtra,Pune,Pune(Khadiki),Tomato,Local,FAQ,30/11/2022,700,900,800,78
Maharashtra,Pune,Pune(Khadiki),Tomato,Local,FAQ,08/12/2022,500,800,650,78
Maharashtra,Pune,Pune(Khadiki),Tomato,Local,FAQ,10/12/2022,600,1000,800,78
Maharashtra,Pune,Pune(Khadiki),Tomato,Local,FAQ,12/12/2022,600,900,750,78
Maharashtra,Pune,Pune(Khadiki),Tomato,Local,FAQ,17/12/2022,500,800,650,78
Maharashtra,Pune,Pune(Khadiki),Tomato,Local,FAQ,29/12/2022,600,1000,800,78
Maharashtra,Pune,Pune(Khadiki),Tomato,Local,FAQ,31/12/2022,500,1000,750,78
Maharashtra,Pune,Pune(Khadiki),Tomato,Local,Local,06/03/2025,500,1000,750,78
Maharashtra,Pune,Pune(Khadiki),Tomato,Local,Local,08/03/2025,600,1200,900,78
Maharashtra,Pune,Pune(Khadiki),Tomato,Local,Local,12/03/2025,1000,1500,1250,78
Maharashtra,Pune,Pune(Khadiki),Tomato,Local,Local,16/03/2025,1000,1300,1200,78
Maharashtra,Pune,Pune(Khadiki),Tomato,Local,Local,22/03/2025,1000,1600,1300,78
Maharashtra,Pune,Pune(Khadiki),Tomato,Local,FAQ,01/11/2024,1000,1900,1450,78
Maharashtra,Pune,Pune(Khadiki),Tomato,Local,FAQ,02/11/2024,1200,2000,1600,78
Maharashtra,Pune,Pune(Khadiki),Tomato,Local,FAQ,03/11/2024,1200,2000,1600,78
Maharashtra,Pune,Pune(Khadiki),Tomato,Local,FAQ,04/11/2024,1200,2000,1600,78
Maharashtra,Pune,Pune(Khadiki),Tomato,Local,FAQ,08/11/2024,1000,1800,1400,78
Maharashtra,Pune,Pune(Khadiki),Tomato,Local,Local,01/02/2025,500,1000,750,78
Maharashtra,Pune,Pune(Khadiki),Tomato,Local,Local,03/02/2025,700,1400,1050,78
Maharashtra,Pune,Pune(Khadiki),Tomato,Local,Local,07/02/2025,600,1200,900,78
Maharashtra,Pune,Pune(Khadiki),Tomato,Local,Local,21/02/2025,500,1000,750,78
Maharashtra,Pune,Pune(Khadiki),Tomato,Local,FAQ,02/12/2024,1200,2000,1600,78
Maharashtra,Pune,Pune(Khadiki),Tomato,Local,FAQ,09/12/2024,1000,2000,1500,78
Maharashtra,Pune,Pune(Khadiki),Tomato,Local,FAQ,16/12/2024,1000,1800,1400,78
Maharashtra,Pune,Pune(Khadiki),Tomato,Local,FAQ,18/12/2024,1000,1800,1400,78
Maharashtra,Pune,Pune(Khadiki),Tomato,Local,FAQ,22/12/2024,1000,1800,1400,78
Maharashtra,Pune,Pune(Khadiki),Tomato,Local,Local,03/06/2025,900,1500,1200,78
Maharashtra,Pune,Pune(Khadiki),Tomato,Local,Local,12/06/2025,800,1700,1150,78
Maharashtra,Pune,Pune(Khadiki),Tomato,Local,Local,13/06/2025,1100,1900,1500,78
Maharashtra,Pune,Pune(Khadiki),Tomato,Local,Local,17/06/2025,1200,1700,1450,78
Maharashtra,Pune,Pune(Khadiki),Tomato,Local,Local,05/07/2025,700,1300,1000,78
Maharashtra,Pune,Pune(Khadiki),Tomato,Local,Local,08/07/2025,1000,1800,1400,78
Maharashtra,Pune,Pune(Khadiki),Tomato,Local,Local,19/07/2025,700,1300,1000,78
Maharashtra,Pune,Pune(Khadiki),Tomato,Local,Local,27/07/2025,1000,1800,1400,78
Maharashtra,Pune,Pune(Khadiki),Tomato,Local,Local,27/04/2025,700,1400,1050,78
Maharashtra,Pune,Pune(Khadiki),Tomato,Local,Local,19/04/2025,800,1300,1050,78
Maharashtra,Pune,Pune(Khadiki),Tomato,Local,Local,25/04/2025,600,1300,950,78
Maharashtra,Pune,Pune(Khadiki),Tomato,Local,FAQ,22/10/2024,1100,2200,1650,78
Maharashtra,Pune,Pune(Khadiki),Tomato,Local,FAQ,05/10/2024,1500,2000,1750,78
Maharashtra,Pune,Pune(Khadiki),Tomato,Local,FAQ,09/10/2024,1400,2300,1850,78
Maharashtra,Pune,Pune(Khadiki),Tomato,Local,FAQ,17/10/2024,1400,2300,1850,78
Maharashtra,Pune,Pune(Khadiki),Tomato,Local,FAQ,14/10/2024,1400,2300,1850,78
Maharashtra,Pune,Pune(Khadiki),Tomato,Local,FAQ,18/10/2024,1300,2400,1850,78
Maharashtra,Pune,Pune(Khadiki),Tomato,Local,FAQ,30/10/2024,1000,2000,1500,78
Maharashtra,Pune,Pune(Khadiki),Tomato,Local,FAQ,12/10/2024,1300,2200,1750,78
Maharashtra,Pune,Pune(Khadiki),Tomato,Local,FAQ,07/10/2024,1600,2400,2000,78
Maharashtra,Pune,Pune(Khadiki),Tomato,Local,FAQ,02/01/2023,600,800,700,78
Maharashtra,Pune,Pune(Khadiki),Tomato,Local,FAQ,07/01/2023,500,800,650,78
Maharashtra,Pune,Pune(Khadiki),Tomato,Local,FAQ,22/01/2023,700,1000,850,78
Maharashtra,Pune,Pune(Khadiki),Tomato,Local,FAQ,23/01/2023,700,1400,1050,78
Maharashtra,Pune,Pune(Khadiki),Tomato,Local,FAQ,25/01/2023,800,1400,1000,78
Maharashtra,Pune,Pune(Khadiki),Tomato,Local,FAQ,31/01/2023,700,1200,950,78
Maharashtra,Pune,Pune(Khadiki),Tomato,Local,FAQ,04/02/2023,700,1200,950,78
Maharashtra,Pune,Pune(Khadiki),Tomato,Local,FAQ,05/02/2023,700,1200,950,78
Maharashtra,Pune,Pune(Khadiki),Tomato,Local,FAQ,15/02/2023,800,1200,1000,78
Maharashtra,Pune,Pune(Khadiki),Tomato,Local,FAQ,21/02/2023,1000,1600,1300,78
Maharashtra,Pune,Pune(Khadiki),Tomato,Local,FAQ,10/03/2023,1000,1400,1200,78
Maharashtra,Pune,Pune(Khadiki),Tomato,Local,FAQ,13/03/2023,1000,1300,1150,78
Maharashtra,Pune,Pune(Khadiki),Tomato,Local,FAQ,27/03/2023,800,1200,1050,78
Maharashtra,Pune,Pune(Khadiki),Tomato,Local,FAQ,10/04/2023,800,1200,1000,78
Maharashtra,Pune,Pune(Khadiki),Tomato,Local,FAQ,11/04/2023,700,1200,950,78
Maharashtra,Pune,Pune(Khadiki),Tomato,Local,FAQ,12/04/2023,700,1200,950,78
Maharashtra,Pune,Pune(Khadiki),Tomato,Local,FAQ,13/04/2023,700,1200,955,78
Maharashtra,Pune,Pune(Khadiki),Tomato,Local,FAQ,14/04/2023,800,1000,900,78
Maharashtra,Pune,Pune(Khadiki),Tomato,Local,FAQ,15/04/2023,800,1200,1000,78
Maharashtra,Pune,Pune(Khadiki),Tomato,Local,FAQ,19/04/2023,700,1200,950,78
Maharashtra,Pune,Pune(Khadiki),Tomato,Local,FAQ,03/05/2023,900,1200,1050,78
Maharashtra,Pune,Pune(Khadiki),Tomato,Local,FAQ,06/05/2023,700,1000,850,78
Maharashtra,Pune,Pune(Khadiki),Tomato,Local,FAQ,07/05/2023,300,1000,850,78
Maharashtra,Pune,Pune(Khadiki),Tomato,Local,FAQ,16/05/2023,600,1000,800,78
Maharashtra,Pune,Pune(Khadiki),Tomato,Local,FAQ,23/05/2023,700,1100,900,78
Maharashtra,Pune,Pune(Khadiki),Tomato,Local,FAQ,25/05/2023,700,1000,850,78
Maharashtra,Pune,Pune(Khadiki),Tomato,Local,FAQ,29/05/2023,600,3000,800,78
Maharashtra,Pune,Pune(Khadiki),Tomato,Local,FAQ,30/05/2023,600,1000,800,78
Maharashtra,Pune,Pune(Khadiki),Tomato,Local,FAQ,02/06/2023,500,800,650,78
Maharashtra,Pune,Pune(Khadiki),Tomato,Local,FAQ,08/06/2023,700,1300,1000,78
Maharashtra,Pune,Pune(Khadiki),Tomato,Local,FAQ,09/06/2023,700,1200,950,78
Maharashtra,Pune,Pune(Khadiki),Tomato,Local,FAQ,11/06/2023,700,1400,1050,78
Maharashtra,Pune,Pune(Khadiki),Tomato,Local,FAQ,16/06/2023,1200,1800,1500,78
Maharashtra,Pune,Pune(Khadiki),Tomato,Local,FAQ,18/06/2023,800,1600,1200,78
Maharashtra,Pune,Pune(Khadiki),Tomato,Local,FAQ,21/06/2023,1100,2000,1550,78
Maharashtra,Pune,Pune(Khadiki),Tomato,Local,FAQ,26/06/2023,1200,2000,1700,78
Maharashtra,Pune,Pune(Khadiki),Tomato,Local,FAQ,28/06/2023,1000,2400,1700,78
Maharashtra,Pune,Pune(Khadiki),Tomato,Local,FAQ,29/06/2023,1200,2200,1700,78
Maharashtra,Pune,Pune(Khadiki),Tomato,Local,FAQ,01/07/2023,1600,2400,2000,78
Maharashtra,Pune,Pune(Khadiki),Tomato,Local,FAQ,09/07/2023,3000,5500,4250,78
Maharashtra,Pune,Pune(Khadiki),Tomato,Local,FAQ,19/07/2023,3000,6000,4500,78
Maharashtra,Pune,Pune(Khadiki),Tomato,Local,FAQ,10/08/2023,4000,6000,5000,78
Maharashtra,Pune,Pune(Khadiki),Tomato,Local,FAQ,21/08/2023,2000,3000,2500,78
Maharashtra,Pune,Pune(Khadiki),Tomato,Local,FAQ,01/09/2023,1000,2000,1500,78
Maharashtra,Pune,Pune(Khadiki),Tomato,Local,FAQ,02/09/2023,1000,2000,1500,78
Maharashtra,Pune,Pune(Khadiki),Tomato,Local,FAQ,05/09/2023,1000,1600,1300,78
Maharashtra,Pune,Pune(Khadiki),Tomato,Local,FAQ,07/09/2023,800,1400,1100,78
Maharashtra,Pune,Pune(Khadiki),Tomato,Local,FAQ,20/09/2023,400,800,600,78
Maharashtra,Pune,Pune(Khadiki),Tomato,Local,FAQ,01/10/2023,500,1000,750,78
Maharashtra,Pune,Pune(Khadiki),Tomato,Local,FAQ,07/10/2023,600,1000,800,78
Maharashtra,Pune,Pune(Khadiki),Tomato,Local,FAQ,09/10/2023,500,800,650,78
Maharashtra,Pune,Pune(Khadiki),Tomato,Local,FAQ,15/10/2023,500,800,650,78
Maharashtra,Pune,Pune(Khadiki),Tomato,Local,FAQ,18/10/2023,400,700,550,78
Maharashtra,Pune,Pune(Khadiki),Tomato,Local,FAQ,20/10/2023,400,700,550,78
Maharashtra,Pune,Pune(Khadiki),Tomato,Local,FAQ,03/11/2023,500,800,650,78
Maharashtra,Pune,Pune(Khadiki),Tomato,Local,FAQ,08/11/2023,400,800,600,78
Maharashtra,Pune,Pune(Khadiki),Tomato,Local,FAQ,09/11/2023,500,800,650,78
Maharashtra,Pune,Pune(Khadiki),Tomato,Local,FAQ,13/11/2023,700,1000,850,78
Maharashtra,Pune,Pune(Khadiki),Tomato,Local,FAQ,18/11/2023,1000,1800,1400,78
Maharashtra,Pune,Pune(Khadiki),Tomato,Local,FAQ,21/11/2023,1100,1900,1500,78
Maharashtra,Pune,Pune(Khadiki),Tomato,Local,FAQ,04/12/2023,1500,2000,1750,78
Maharashtra,Pune,Pune(Khadiki),Tomato,Local,FAQ,07/12/2023,1000,2000,1500,78
Maharashtra,Pune,Pune(Khadiki),Tomato,Local,FAQ,08/12/2023,1200,1800,1500,78
Maharashtra,Pune,Pune(Khadiki),Tomato,Local,FAQ,13/12/2023,800,1500,1150,78
Maharashtra,Pune,Pune(Khadiki),Tomato,Local,FAQ,15/12/2023,1200,1800,1500,78
Maharashtra,Pune,Pune(Khadiki),Tomato,Local,FAQ,20/12/2023,700,1500,1100,78
Maharashtra,Pune,Pune(Khadiki),Tomato,Local,FAQ,30/12/2023,1000,1600,1300,78
Maharashtra,Pune,Pune(Khadiki),Tomato,Local,FAQ,31/12/2023,1000,1600,1350,78
Maharashtra,Pune,Pune(Khadiki),Tomato,Local,Local,02/05/2025,700,1200,950,78
Maharashtra,Pune,Pune(Khadiki),Tomato,Local,Local,03/05/2025,700,1300,1000,78
Maharashtra,Pune,Pune(Khadiki),Tomato,Local,Local,18/05/2025,600,1200,900,78
Maharashtra,Pune,Pune(Khadiki),Tomato,Local,Local,23/05/2025,800,1400,1200,78
Maharashtra,Pune,Pune(Khadiki),Tomato,Local,Local,27/05/2025,1000,1300,1150,78
Maharashtra,Pune,Pune(Khadiki),Tomato,Local,Local,28/05/2025,1000,1600,1300,78
Maharashtra,Pune,Pune(Khadiki),Tomato,Local,Local,30/05/2025,1000,1400,1200,78
Maharashtra,Pune,Pune(Khadiki),Tomato,Local,Local,15/09/2025,1000,1600,1300,78
Maharashtra,Pune,Pune(Khadiki),Tomato,Local,Local,12/09/2025,700,2000,1350,78
Maharashtra,Pune,Pune(Khadiki),Tomato,Local,Local,25/09/2025,600,800,700,78
Maharashtra,Pune,Pune(Khadiki),Tomato,Local,Local,21/10/2025,600,1000,800,78
Maharashtra,Pune,Pune(Khadiki),Tomato,Local,Local,26/10/2025,500,1100,800,78
Maharashtra,Pune,Pune(Khadiki),Tomato,Local,Local,28/10/2025,900,1200,1050,78
Maharashtra,Pune,Pune(Khadiki),Tomato,Local,Local,31/10/2025,1000,1100,1050,78
Maharashtra,Pune,Pune(Khadiki),Tomato,Local,Local,07/08/2025,1200,2000,1600,78
Maharashtra,Pune,Pune(Khadiki),Tomato,Local,Local,11/08/2025,1200,2000,1600,78
Maharashtra,Pune,Pune(Khadiki),Tomato,Local,Local,24/08/2025,1000,2000,1500,78
Maharashtra,Pune,Pune(Khadiki),Tomato,Local,Local,27/08/2025,1000,2000,1500,78
Maharashtra,Pune,Pune(Khadiki),Tomato,Local,Local,29/08/2025,800,1700,1250,78
Maharashtra,Pune,Pune(Khadiki),Tomato,Local,Local,16/02/2025,400,1000,700,78
Maharashtra,Pune,Pune(Khadiki),Tomato,Local,Local,17/02/2025,600,1000,800,78
Maharashtra,Pune,Pune(Khadiki),Tomato,Local,Local,18/02/2025,800,1000,900,78
Maharashtra,Pune,Pune(Khadiki),Tomato,Local,FAQ,04/09/2024,1000,1700,1350,78
Maharashtra,Pune,Pune(Khadiki),Tomato,Local,FAQ,06/09/2024,1000,1500,1250,78
Maharashtra,Pune,Pune(Khadiki),Tomato,Local,FAQ,08/09/2024,900,1500,1200,78
Maharashtra,Pune,Pune(Khadiki),Tomato,Local,Local,28/01/2025,500,1000,750,78
Maharashtra,Pune,Pune(Khadiki),Tomato,Local,FAQ,06/01/2025,800,1700,1250,78
Maharashtra,Pune,Pune(Khadiki),Tomato,Local,FAQ,07/01/2025,1000,1700,1350,78
Maharashtra,Pune,Pune(Khadiki),Tomato,Local,FAQ,22/01/2025,500,1000,800,78
Maharashtra,Pune,Pune(Khadiki),Tomato,Local,FAQ,07/12/2024,1000,1800,1400,78
Maharashtra,Pune,Pune(Khadiki),Tomato,Local,FAQ,10/12/2024,1000,1700,1350,78
Maharashtra,Pune,Pune(Khadiki),Tomato,Local,FAQ,12/12/2024,1300,1800,1550,78
Maharashtra,Pune,Pune(Khadiki),Tomato,Local,FAQ,14/12/2024,1000,1800,1400,78
Maharashtra,Pune,Pune(Khadiki),Tomato,Local,FAQ,28/12/2024,1000,1700,1350,78
Maharashtra,Pune,Pune(Khadiki),Tomato,Local,FAQ,30/12/2024,1000,2000,1500,78
Maharashtra,Pune,Pune(Khadiki),Tomato,Local,FAQ,11/08/2024,1300,2000,1650,78
Maharashtra,Pune,Pune(Khadiki),Tomato,Local,FAQ,12/08/2024,900,1800,1350,78
Maharashtra,Pune,Pune(Khadiki),Tomato,Local,FAQ,24/08/2024,1000,1700,1350,78
Maharashtra,Pune,Pune(Khadiki),Tomato,Local,FAQ,26/08/2024,1000,1600,1300,78
Maharashtra,Pune,Pune(Khadiki),Tomato,Local,FAQ,13/10/2024,1400,2300,1850,78
Maharashtra,Pune,Pune(Khadiki),Tomato,Local,FAQ,01/10/2024,1200,1800,1500,78
Maharashtra,Pune,Pune(Khadiki),Tomato,Local,FAQ,03/10/2024,1200,1600,1400,78
Maharashtra,Pune,Pune(Khadiki),Tomato,Local,FAQ,06/11/2024,1200,2000,1600,78
Maharashtra,Pune,Pune(Khadiki),Tomato,Local,FAQ,10/11/2024,1000,1800,1400,78
Maharashtra,Pune,Pune(Khadiki),Tomato,Local,FAQ,11/11/2024,1000,1700,1350,78
Maharashtra,Pune,Pune(Khadiki),Tomato,Local,FAQ,12/11/2024,1000,1900,1450,78
Maharashtra,Pune,Pune(Khadiki),Tomato,Local,FAQ,14/11/2024,1000,2000,1500,78
Maharashtra,Pune,Pune(Khadiki),Tomato,Local,FAQ,27/11/2024,1200,1800,1500,78
Maharashtra,Pune,Pune(Khadiki),Tomato,Local,FAQ,08/01/2023,600,800,700,78
Maharashtra,Pune,Pune(Khadiki),Tomato,Local,FAQ,18/01/2023,600,1500,1050,78
Maharashtra,Pune,Pune(Khadiki),Tomato,Local,FAQ,21/01/2023,700,1000,850,78
Maharashtra,Pune,Pune(Khadiki),Tomato,Local,FAQ,29/01/2023,800,1200,1000,78
Maharashtra,Pune,Pune(Khadiki),Tomato,Local,FAQ,30/01/2023,800,1200,1000,78
Maharashtra,Pune,Pune(Khadiki),Tomato,Local,FAQ,02/02/2023,700,1000,850,78
Maharashtra,Pune,Pune(Khadiki),Tomato,Local,FAQ,11/02/2023,700,1000,850,78
Maharashtra,Pune,Pune(Khadiki),Tomato,Local,FAQ,23/02/2023,800,1200,1000,78
Maharashtra,Pune,Pune(Khadiki),Tomato,Local,FAQ,27/02/2023,800,1200,1000,78
Maharashtra,Pune,Pune(Khadiki),Tomato,Local,FAQ,03/03/2023,1000,1500,1250,78
Maharashtra,Pune,Pune(Khadiki),Tomato,Local,FAQ,04/03/2023,1000,1400,1200,78
Maharashtra,Pune,Pune(Khadiki),Tomato,Local,FAQ,23/03/2023,900,1300,1100,78
Maharashtra,Pune,Pune(Khadiki),Tomato,Local,FAQ,25/03/2023,700,1200,1032,78
Maharashtra,Pune,Pune(Khadiki),Tomato,Local,FAQ,30/03/2023,800,1200,1050,78
Maharashtra,Pune,Pune(Khadiki),Tomato,Local,FAQ,02/04/2023,800,1300,1050,78
Maharashtra,Pune,Pune(Khadiki),Tomato,Local,FAQ,06/04/2023,700,1000,850,78
Maharashtra,Pune,Pune(Khadiki),Tomato,Local,FAQ,25/04/2023,800,1200,1000,78
Maharashtra,Pune,Pune(Khadiki),Tomato,Local,FAQ,27/04/2023,700,1300,1000,78
Maharashtra,Pune,Pune(Khadiki),Tomato,Local,FAQ,30/04/2023,700,1200,950,78
Maharashtra,Pune,Pune(Khadiki),Tomato,Local,FAQ,04/05/2023,800,1400,1100,78
Maharashtra,Pune,Pune(Khadiki),Tomato,Local,FAQ,20/05/2023,700,1000,850,78
Maharashtra,Pune,Pune(Khadiki),Tomato,Local,FAQ,21/05/2023,600,1000,800,78
Maharashtra,Pune,Pune(Khadiki),Tomato,Local,FAQ,19/06/2023,1200,1800,1550,78
Maharashtra,Pune,Pune(Khadiki),Tomato,Local,FAQ,20/06/2023,1200,1800,1500,78
Maharashtra,Pune,Pune(Khadiki),Tomato,Local,FAQ,25/06/2023,1500,2200,1850,78
Maharashtra,Pune,Pune(Khadiki),Tomato,Local,FAQ,05/07/2023,3000,5000,4000,78
Maharashtra,Pune,Pune(Khadiki),Tomato,Local,FAQ,08/07/2023,3100,5000,4300,78
Maharashtra,Pune,Pune(Khadiki),Tomato,Local,FAQ,10/07/2023,3500,4500,4000,78
Maharashtra,Pune,Pune(Khadiki),Tomato,Local,FAQ,17/07/2023,3000,6000,4500,78
Maharashtra,Pune,Pune(Khadiki),Tomato,Local,FAQ,21/07/2023,4000,6000,5000,78
Maharashtra,Pune,Pune(Khadiki),Tomato,Local,FAQ,23/07/2023,3000,6000,4500,78
Maharashtra,Pune,Pune(Khadiki),Tomato,Local,FAQ,30/07/2023,3000,7000,5000,78
Maharashtra,Pune,Pune(Khadiki),Tomato,Local,FAQ,08/08/2023,3000,6000,4500,78
Maharashtra,Pune,Pune(Khadiki),Tomato,Local,FAQ,12/08/2023,2500,5000,3750,78
Maharashtra,Pune,Pune(Khadiki),Tomato,Local,FAQ,16/08/2023,2500,3500,3000,78
Maharashtra,Pune,Pune(Khadiki),Tomato,Local,FAQ,20/08/2023,2500,3000,2750,78
Maharashtra,Pune,Pune(Khadiki),Tomato,Local,FAQ,22/08/2023,200,3000,2500,78
Maharashtra,Pune,Pune(Khadiki),Tomato,Local,FAQ,23/08/2023,1600,2200,1900,78
Maharashtra,Pune,Pune(Khadiki),Tomato,Local,FAQ,28/08/2023,1000,2500,1750,78
Maharashtra,Pune,Pune(Khadiki),Tomato,Local,FAQ,29/08/2023,1000,2500,1750,78
Maharashtra,Pune,Pune(Khadiki),Tomato,Local,FAQ,30/08/2023,1300,2000,1650,78
Maharashtra,Pune,Pune(Khadiki),Tomato,Local,FAQ,18/09/2023,500,800,650,78
Maharashtra,Pune,Pune(Khadiki),Tomato,Local,FAQ,24/09/2023,2000,3000,2500,78
Maharashtra,Pune,Pune(Khadiki),Tomato,Local,FAQ,26/09/2023,500,800,650,78
Maharashtra,Pune,Pune(Khadiki),Tomato,Local,FAQ,27/09/2023,400,800,600,78
Maharashtra,Pune,Pune(Khadiki),Tomato,Local,FAQ,12/10/2023,500,800,650,78
Maharashtra,Pune,Pune(Khadiki),Tomato,Local,FAQ,22/10/2023,400,700,550,78
Maharashtra,Pune,Pune(Khadiki),Tomato,Local,FAQ,31/10/2023,500,800,650,78
Maharashtra,Pune,Pune(Khadiki),Tomato,Local,FAQ,10/11/2023,500,800,650,78
Maharashtra,Pune,Pune(Khadiki),Tomato,Local,FAQ,11/11/2023,500,800,650,78
Maharashtra,Pune,Pune(Khadiki),Tomato,Local,FAQ,16/11/2023,700,1000,850,78
Maharashtra,Pune,Pune(Khadiki),Tomato,Local,FAQ,19/11/2023,1300,1700,1500,78
Maharashtra,Pune,Pune(Khadiki),Tomato,Local,FAQ,20/11/2023,1200,1800,1500,78
Maharashtra,Pune,Pune(Khadiki),Tomato,Local,FAQ,24/11/2023,1500,2200,1850,78
Maharashtra,Pune,Pune(Khadiki),Tomato,Local,FAQ,27/11/2023,1200,1800,1500,78
Maharashtra,Pune,Pune(Khadiki),Tomato,Local,FAQ,30/11/2023,1000,1500,1250,78
Maharashtra,Pune,Pune(Khadiki),Tomato,Local,FAQ,09/12/2023,1000,1500,1250,78
Maharashtra,Pune,Pune(Khadiki),Tomato,Local,FAQ,11/12/2023,1000,2000,1500,78
Maharashtra,Pune,Pune(Khadiki),Tomato,Local,FAQ,25/12/2023,1000,1600,1300,78
Maharashtra,Pune,Pune(Khadiki),Tomato,Local,FAQ,10/05/2024,700,1400,1050,78
Maharashtra,Pune,Pune(Khadiki),Tomato,Local,FAQ,14/05/2024,700,1400,1050,78
Maharashtra,Pune,Pune(Khadiki),Tomato,Local,FAQ,19/05/2024,700,1300,1000,78
Maharashtra,Pune,Pune(Khadiki),Tomato,Local,FAQ,20/05/2024,700,1300,1000,78
Maharashtra,Pune,Pune(Khadiki),Tomato,Local,FAQ,23/05/2024,800,1400,1100,78
Maharashtra,Pune,Pune(Khadiki),Tomato,Local,FAQ,28/05/2024,900,1400,1150,78
Maharashtra,Pune,Pune(Khadiki),Tomato,Local,FAQ,03/06/2024,1000,1400,1200,78
Maharashtra,Pune,Pune(Khadiki),Tomato,Local,FAQ,02/01/2024,1000,1400,1200,78
Maharashtra,Pune,Pune(Khadiki),Tomato,Local,FAQ,06/01/2024,1000,1500,1250,78
Maharashtra,Pune,Pune(Khadiki),Tomato,Local,FAQ,11/01/2024,1000,1700,1350,78
Maharashtra,Pune,Pune(Khadiki),Tomato,Local,FAQ,12/01/2024,1300,1800,1550,78
Maharashtra,Pune,Pune(Khadiki),Tomato,Local,FAQ,14/01/2024,1200,1800,1500,78
Maharashtra,Pune,Pune(Khadiki),Tomato,Local,FAQ,17/01/2024,1200,1700,1450,78
Maharashtra,Pune,Pune(Khadiki),Tomato,Local,FAQ,18/01/2024,1000,1700,1350,78
Maharashtra,Pune,Pune(Khadiki),Tomato,Local,FAQ,25/01/2024,1000,1500,1250,78
Maharashtra,Pune,Pune(Khadiki),Tomato,Local,FAQ,30/01/2024,1400,2000,1700,78
Maharashtra,Pune,Pune(Khadiki),Tomato,Local,FAQ,03/02/2024,1100,1800,1450,78
Maharashtra,Pune,Pune(Khadiki),Tomato,Local,FAQ,10/02/2024,1000,1800,1400,78
Maharashtra,Pune,Pune(Khadiki),Tomato,Local,FAQ,18/02/2024,1000,1600,1300,78
Maharashtra,Pune,Pune(Khadiki),Tomato,Local,FAQ,25/02/2024,800,1500,1150,78
Maharashtra,Pune,Pune(Khadiki),Tomato,Local,FAQ,27/02/2024,1000,1500,1250,78
Maharashtra,Pune,Pune(Khadiki),Tomato,Local,FAQ,09/03/2024,700,1200,950,78
Maharashtra,Pune,Pune(Khadiki),Tomato,Local,FAQ,03/04/2024,700,1300,1000,78
Maharashtra,Pune,Pune(Khadiki),Tomato,Local,FAQ,08/04/2024,700,1300,1000,78
Maharashtra,Pune,Pune(Khadiki),Tomato,Local,FAQ,15/04/2024,1100,1500,1300,78
Maharashtra,Pune,Pune(Khadiki),Tomato,Local,FAQ,20/04/2024,700,1400,1050,78
Maharashtra,Pune,Pune(Khadiki),Tomato,Local,FAQ,22/04/2024,1000,1400,1200,78
Maharashtra,Pune,Pune(Khadiki),Tomato,Local,FAQ,09/06/2024,1000,1500,1250,78
Maharashtra,Pune,Pune(Khadiki),Tomato,Local,FAQ,28/06/2024,1600,2100,1900,78
Maharashtra,Pune,Pune(Khadiki),Tomato,Local,FAQ,03/03/2021,500,1200,850,78
Maharashtra,Pune,Pune(Khadiki),Tomato,Local,FAQ,06/03/2021,500,1000,750,78
Maharashtra,Pune,Pune(Khadiki),Tomato,Local,FAQ,11/03/2021,600,800,700,78
Maharashtra,Pune,Pune(Khadiki),Tomato,Local,FAQ,12/03/2021,500,800,650,78
Maharashtra,Pune,Pune(Khadiki),Tomato,Local,FAQ,24/03/2021,500,1200,850,78
Maharashtra,Pune,Pune(Khadiki),Tomato,Local,FAQ,25/03/2021,500,800,650,78
Maharashtra,Pune,Pune(Khadiki),Tomato,Local,FAQ,31/03/2021,500,800,650,78
Maharashtra,Pune,Pune(Khadiki),Tomato,Local,FAQ,02/04/2021,400,1500,950,78
Maharashtra,Pune,Pune(Khadiki),Tomato,Local,FAQ,07/04/2021,400,1000,700,78
Maharashtra,Pune,Pune(Khadiki),Tomato,Local,FAQ,21/04/2021,1000,1400,1200,78
Maharashtra,Pune,Pune(Khadiki),Tomato,Local,FAQ,23/04/2021,800,1200,1000,78
Maharashtra,Pune,Pune(Khadiki),Tomato,Local,FAQ,26/04/2021,800,1200,1000,78
Maharashtra,Pune,Pune(Khadiki),Tomato,Local,FAQ,05/05/2021,800,1100,950,78
Maharashtra,Pune,Pune(Khadiki),Tomato,Local,FAQ,06/05/2021,800,1000,900,78
Maharashtra,Pune,Pune(Khadiki),Tomato,Local,FAQ,11/05/2021,800,1000,900,78
Maharashtra,Pune,Pune(Khadiki),Tomato,Local,FAQ,26/05/2021,800,1200,1000,78
Maharashtra,Pune,Pune(Khadiki),Tomato,Local,FAQ,01/06/2021,600,800,700,78
Maharashtra,Pune,Pune(Khadiki),Tomato,Local,FAQ,08/06/2021,500,700,600,78
Maharashtra,Pune,Pune(Khadiki),Tomato,Local,FAQ,25/06/2021,700,800,750,78
Maharashtra,Pune,Pune(Khadiki),Tomato,Local,FAQ,27/06/2021,700,1000,800,78
Maharashtra,Pune,Pune(Khadiki),Tomato,Local,FAQ,29/06/2021,700,1000,850,78
Maharashtra,Pune,Pune(Khadiki),Tomato,Local,FAQ,02/07/2021,700,1000,850,78
Maharashtra,Pune,Pune(Khadiki),Tomato,Local,FAQ,03/07/2021,700,800,750,78
Maharashtra,Pune,Pune(Khadiki),Tomato,Local,FAQ,16/07/2021,700,900,800,78
Maharashtra,Pune,Pune(Khadiki),Tomato,Local,FAQ,17/07/2021,600,1000,800,78
Maharashtra,Pune,Pune(Khadiki),Tomato,Local,FAQ,22/07/2021,600,1200,900,78
Maharashtra,Pune,Pune(Khadiki),Tomato,Local,FAQ,30/07/2021,800,1200,1000,78
Maharashtra,Pune,Pune(Khadiki),Tomato,Local,FAQ,05/08/2021,800,1200,1000,78
Maharashtra,Pune,Pune(Khadiki),Tomato,Local,FAQ,06/08/2021,700,1200,950,78
Maharashtra,Pune,Pune(Khadiki),Tomato,Local,FAQ,20/08/2021,600,800,700,78
Maharashtra,Pune,Pune(Khadiki),Tomato,Local,FAQ,21/08/2021,700,1000,850,78
Maharashtra,Pune,Pune(Khadiki),Tomato,Local,FAQ,26/08/2021,700,800,750,78
Maharashtra,Pune,Pune(Khadiki),Tomato,Local,FAQ,27/08/2021,700,1000,850,78
Maharashtra,Pune,Pune(Khadiki),Tomato,Local,FAQ,31/08/2021,600,800,700,78
Maharashtra,Pune,Pune(Khadiki),Tomato,Local,FAQ,12/09/2021,500,700,600,78
Maharashtra,Pune,Pune(Khadiki),Tomato,Local,FAQ,25/09/2021,800,1200,1000,78
Maharashtra,Pune,Pune(Khadiki),Tomato,Local,FAQ,05/10/2021,1500,2500,2000,78
Maharashtra,Pune,Pune(Khadiki),Tomato,Local,FAQ,06/10/2021,1500,1700,1600,78
Maharashtra,Pune,Pune(Khadiki),Tomato,Local,FAQ,18/10/2021,1500,2000,1750,78
Maharashtra,Pune,Pune(Khadiki),Tomato,Local,FAQ,20/10/2021,1500,3000,2250,78
Maharashtra,Pune,Pune(Khadiki),Tomato,Local,FAQ,22/10/2021,1700,2200,1950,78
Maharashtra,Pune,Pune(Khadiki),Tomato,Local,FAQ,25/10/2021,1500,3000,2350,78
Maharashtra,Pune,Pune(Khadiki),Tomato,Local,FAQ,29/10/2021,1500,3000,2250,78
Maharashtra,Pune,Pune(Khadiki),Tomato,Local,FAQ,15/11/2021,1800,3000,2400,78
Maharashtra,Pune,Pune(Khadiki),Tomato,Local,FAQ,18/11/2021,1600,3000,2100,78
Maharashtra,Pune,Pune(Khadiki),Tomato,Local,FAQ,20/11/2021,1700,3000,2350,78
Maharashtra,Pune,Pune(Khadiki),Tomato,Local,FAQ,28/11/2021,1500,2500,2000,78
Maharashtra,Pune,Pune(Khadiki),Tomato,Local,FAQ,03/12/2021,1700,3200,2450,78
Maharashtra,Pune,Pune(Khadiki),Tomato,Local,FAQ,05/12/2021,1700,4000,2850,78
Maharashtra,Pune,Pune(Khadiki),Tomato,Local,FAQ,09/12/2021,2000,3000,2500,78
Maharashtra,Pune,Pune(Khadiki),Tomato,Local,FAQ,19/12/2021,1500,2000,1750,78
Maharashtra,Pune,Pune(Khadiki),Tomato,Local,FAQ,26/12/2021,1700,2500,2100,78
Maharashtra,Pune,Pune(Khadiki),Tomato,Local,FAQ,27/12/2021,1000,1500,1250,78
Maharashtra,Pune,Pune(Khadiki),Tomato,Local,FAQ,05/07/2024,1400,2200,1800,78
Maharashtra,Pune,Pune(Khadiki),Tomato,Local,FAQ,07/07/2024,1200,2400,1800,78
Maharashtra,Pune,Pune(Khadiki),Tomato,Local,FAQ,12/07/2024,1500,2400,1950,78
Maharashtra,Pune,Pune(Khadiki),Tomato,Local,FAQ,13/07/2024,1600,2400,2000,78
Maharashtra,Pune,Pune(Khadiki),Tomato,Local,FAQ,15/07/2024,1300,2400,1850,78
Maharashtra,Pune,Pune(Khadiki),Tomato,Local,FAQ,30/07/2024,1700,2200,1950,78
Maharashtra,Pune,Pune(Khadiki),Tomato,Local,Local,12/04/2025,800,1400,1100,78
Maharashtra,Pune,Pune(Khadiki),Tomato,Local,Local,30/04/2025,800,1300,1050,78
Maharashtra,Pune,Pune(Khadiki),Tomato,Local,Local,02/04/2025,1000,1600,1300,78
Maharashtra,Pune,Pune(Khadiki),Tomato,Local,Local,11/04/2025,700,1300,1000,78
Maharashtra,Pune,Pune(Khadiki),Tomato,Local,Local,20/04/2025,700,1400,1050,78
Maharashtra,Pune,Pune(Khadiki),Tomato,Local,Local,23/04/2025,1000,1600,1400,78
Maharashtra,Pune,Pune(Khadiki),Tomato,Local,Local,28/04/2025,1000,1600,1300,78
Maharashtra,Pune,Pune(Khadiki),Tomato,Local,FAQ,01/01/2022,1500,1900,1700,78
Maharashtra,Pune,Pune(Khadiki),Tomato,Local,FAQ,02/01/2022,1600,2000,1800,78
Maharashtra,Pune,Pune(Khadiki),Tomato,Local,FAQ,07/01/2022,1200,2000,1600,78
Maharashtra,Pune,Pune(Khadiki),Tomato,Local,FAQ,09/01/2022,1200,1600,1400,78
Maharashtra,Pune,Pune(Khadiki),Tomato,Local,FAQ,20/01/2022,1300,1500,1400,78
Maharashtra,Pune,Pune(Khadiki),Tomato,Local,FAQ,30/01/2022,1200,1500,1350,78
Maharashtra,Pune,Pune(Khadiki),Tomato,Local,FAQ,01/02/2022,1200,2000,1600,78
Maharashtra,Pune,Pune(Khadiki),Tomato,Local,FAQ,05/02/2022,1000,1600,1300,78
Maharashtra,Pune,Pune(Khadiki),Tomato,Local,FAQ,07/02/2022,1600,2200,1600,78
Maharashtra,Pune,Pune(Khadiki),Tomato,Local,FAQ,13/02/2022,1000,1500,1250,78
Maharashtra,Pune,Pune(Khadiki),Tomato,Local,FAQ,19/02/2022,1200,2000,1600,78
Maharashtra,Pune,Pune(Khadiki),Tomato,Local,FAQ,21/02/2022,1000,1400,1200,78
Maharashtra,Pune,Pune(Khadiki),Tomato,Local,FAQ,22/02/2022,1000,1800,1400,78
Maharashtra,Pune,Pune(Khadiki),Tomato,Local,FAQ,23/02/2022,1000,1300,1150,78
Maharashtra,Pune,Pune(Khadiki),Tomato,Local,FAQ,27/02/2022,1000,1200,1100,78
Maharashtra,Pune,Pune(Khadiki),Tomato,Local,FAQ,10/03/2022,1000,1200,1100,78
Maharashtra,Pune,Pune(Khadiki),Tomato,Local,FAQ,19/03/2022,800,1200,1000,78
Maharashtra,Pune,Pune(Khadiki),Tomato,Local,FAQ,20/03/2022,800,1200,1000,78
Maharashtra,Pune,Pune(Khadiki),Tomato,Local,FAQ,22/03/2022,800,1200,1000,78
Maharashtra,Pune,Pune(Khadiki),Tomato,Local,FAQ,27/03/2022,800,1300,1050,78
Maharashtra,Pune,Pune(Khadiki),Tomato,Local,FAQ,28/03/2022,800,1300,1050,78
Maharashtra,Pune,Pune(Khadiki),Tomato,Local,FAQ,07/04/2022,800,1600,1200,78
Maharashtra,Pune,Pune(Khadiki),Tomato,Local,FAQ,10/04/2022,800,1400,1100,78
Maharashtra,Pune,Pune(Khadiki),Tomato,Local,FAQ,13/04/2022,700,1200,950,78
Maharashtra,Pune,Pune(Khadiki),Tomato,Local,FAQ,15/04/2022,800,1000,900,78
Maharashtra,Pune,Pune(Khadiki),Tomato,Local,FAQ,16/04/2022,800,1000,900,78
Maharashtra,Pune,Pune(Khadiki),Tomato,Local,FAQ,25/04/2022,700,1300,1000,78
Maharashtra,Pune,Pune(Khadiki),Tomato,Local,FAQ,27/04/2022,800,1300,1050,78
Maharashtra,Pune,Pune(Khadiki),Tomato,Local,FAQ,29/04/2022,800,1400,1100,78
Maharashtra,Pune,Pune(Khadiki),Tomato,Local,FAQ,03/05/2022,1000,1200,1100,78
Maharashtra,Pune,Pune(Khadiki),Tomato,Local,FAQ,09/05/2022,2000,2500,2250,78
Maharashtra,Pune,Pune(Khadiki),Tomato,Local,FAQ,12/05/2022,1600,3000,2300,78
Maharashtra,Pune,Pune(Khadiki),Tomato,Local,FAQ,19/05/2022,2000,2800,2400,78
Maharashtra,Pune,Pune(Khadiki),Tomato,Local,FAQ,29/05/2022,5000,5000,5000,78
Maharashtra,Pune,Pune(Khadiki),Tomato,Local,FAQ,13/06/2022,2000,3000,2500,78
Maharashtra,Pune,Pune(Khadiki),Tomato,Local,FAQ,21/06/2022,2500,3000,2750,78
Maharashtra,Pune,Pune(Khadiki),Tomato,Local,FAQ,28/06/2022,2000,3000,2500,78
Maharashtra,Pune,Pune(Khadiki),Tomato,Local,FAQ,01/07/2022,2500,2600,2550,78
Maharashtra,Pune,Pune(Khadiki),Tomato,Local,FAQ,03/07/2022,2000,3000,2500,78
Maharashtra,Pune,Pune(Khadiki),Tomato,Local,FAQ,14/07/2022,1500,2000,1750,78
Maharashtra,Pune,Pune(Khadiki),Tomato,Local,FAQ,15/07/2022,1200,2000,1600,78
Maharashtra,Pune,Pune(Khadiki),Tomato,Local,FAQ,17/07/2022,1000,1800,1400,78
Maharashtra,Pune,Pune(Khadiki),Tomato,Local,FAQ,21/07/2022,1300,1500,1400,78
Maharashtra,Pune,Pune(Khadiki),Tomato,Local,FAQ,30/07/2022,1000,1600,1300,78
Maharashtra,Pune,Pune(Khadiki),Tomato,Local,FAQ,08/08/2022,1000,1300,1150,78
Maharashtra,Pune,Pune(Khadiki),Tomato,Local,FAQ,14/08/2022,700,1200,950,78
Maharashtra,Pune,Pune(Khadiki),Tomato,Local,FAQ,28/08/2022,800,1400,1100,78
Maharashtra,Pune,Pune(Khadiki),Tomato,Local,FAQ,02/09/2022,800,1200,1000,78
Maharashtra,Pune,Pune(Khadiki),Tomato,Local,FAQ,17/09/2022,800,1200,1000,78
Maharashtra,Pune,Pune(Khadiki),Tomato,Local,FAQ,24/09/2022,800,1200,1000,78
Maharashtra,Pune,Pune(Khadiki),Tomato,Local,FAQ,29/09/2022,800,1500,1150,78
Maharashtra,Pune,Pune(Khadiki),Tomato,Local,FAQ,12/10/2022,1200,2000,1600,78
Maharashtra,Pune,Pune(Khadiki),Tomato,Local,FAQ,13/10/2022,1200,2000,1600,78
Maharashtra,Pune,Pune(Khadiki),Tomato,Local,FAQ,14/10/2022,1200,1500,1350,78
Maharashtra,Pune,Pune(Khadiki),Tomato,Local,FAQ,19/10/2022,1400,2000,1700,78
Maharashtra,Pune,Pune(Khadiki),Tomato,Local,FAQ,25/10/2022,1600,3000,2300,78
Maharashtra,Pune,Pune(Khadiki),Tomato,Local,FAQ,30/10/2022,1500,2500,2000,78
Maharashtra,Pune,Pune(Khadiki),Tomato,Local,FAQ,01/11/2022,1500,2500,2000,78
Maharashtra,Pune,Pune(Khadiki),Tomato,Local,FAQ,06/11/2022,1000,1600,1310,78
Maharashtra,Pune,Pune(Khadiki),Tomato,Local,FAQ,07/11/2022,1000,1900,1450,78
Maharashtra,Pune,Pune(Khadiki),Tomato,Local,FAQ,09/11/2022,1200,1600,1400,78
Maharashtra,Pune,Pune(Khadiki),Tomato,Local,FAQ,21/11/2022,500,1000,750,78
Maharashtra,Pune,Pune(Khadiki),Tomato,Local,FAQ,26/11/2022,500,800,650,78
Maharashtra,Pune,Pune(Khadiki),Tomato,Local,FAQ,01/12/2022,700,1000,850,78
Maharashtra,Pune,Pune(Khadiki),Tomato,Local,FAQ,19/12/2022,500,800,650,78
Maharashtra,Pune,Pune(Khadiki),Tomato,Local,FAQ,20/12/2022,500,800,650,78
Maharashtra,Pune,Pune(Khadiki),Tomato,Local,FAQ,23/12/2022,600,800,700,78
Maharashtra,Pune,Pune(Khadiki),Tomato,Local,FAQ,25/12/2022,500,700,600,78
Maharashtra,Pune,Pune(Khadiki),Tomato,Local,Local,03/03/2025,700,1000,850,78
Maharashtra,Pune,Pune(Khadiki),Tomato,Local,Local,09/03/2025,700,1400,1050,78
Maharashtra,Pune,Pune(Khadiki),Tomato,Local,Local,11/03/2025,700,1300,1000,78
Maharashtra,Pune,Pune(Khadiki),Tomato,Local,Local,13/03/2025,1000,1800,1400,78
Maharashtra,Pune,Pune(Khadiki),Tomato,Local,Local,19/03/2025,700,1400,1050,78
Maharashtra,Pune,Pune(Khadiki),Tomato,Local,Local,21/03/2025,900,1400,1150,78
Maharashtra,Pune,Pune(Khadiki),Tomato,Local,Local,26/03/2025,800,1300,1050,78
Maharashtra,Pune,Pune(Khadiki),Tomato,Local,Local,28/03/2025,700,1300,1000,78
Maharashtra,Pune,Pune(Khadiki),Tomato,Local,Local,29/03/2025,1000,1400,1200,78
Maharashtra,Pune,Pune(Khadiki),Tomato,Local,Local,31/03/2025,1000,1700,1350,78
Maharashtra,Pune,Pune(Khadiki),Tomato,Local,Local,05/05/2025,600,1300,950,78
Maharashtra,Pune,Pune(Khadiki),Tomato,Local,Local,08/05/2025,1000,1500,1250,78
Maharashtra,Pune,Pune(Khadiki),Tomato,Local,Local,10/05/2025,600,1300,950,78
Maharashtra,Pune,Pune(Khadiki),Tomato,Local,Local,21/05/2025,800,1400,1100,78
Maharashtra,Pune,Pune(Khadiki),Tomato,Local,Local,25/05/2025,1000,1400,1200,78
Maharashtra,Pune,Pune(Khadiki),Tomato,Local,Local,04/06/2025,1000,1500,1250,78
Maharashtra,Pune,Pune(Khadiki),Tomato,Local,Local,05/06/2025,1000,1800,1400,78
Maharashtra,Pune,Pune(Khadiki),Tomato,Local,Local,07/06/2025,1000,1700,1350,78
Maharashtra,Pune,Pune(Khadiki),Tomato,Local,Local,10/06/2025,1300,2100,1700,78
Maharashtra,Pune,Pune(Khadiki),Tomato,Local,Local,11/06/2025,1000,1700,1350,78
Maharashtra,Pune,Pune(Khadiki),Tomato,Local,Local,15/06/2025,1000,1800,1400,78
Maharashtra,Pune,Pune(Khadiki),Tomato,Local,Local,16/06/2025,1000,1800,1400,78
Maharashtra,Pune,Pune(Khadiki),Tomato,Local,Local,26/06/2025,1000,1600,1300,78
Maharashtra,Pune,Pune(Khadiki),Tomato,Local,Local,27/06/2025,1000,1300,1150,78
Maharashtra,Pune,Pune(Khadiki),Tomato,Local,Local,06/07/2025,1000,1700,1350,78
Maharashtra,Pune,Pune(Khadiki),Tomato,Local,Local,09/07/2025,900,1400,1150,78
Maharashtra,Pune,Pune(Khadiki),Tomato,Local,Local,31/07/2025,1300,2400,1850,78
Maharashtra,Pune,Pune(Khadiki),Tomato,Local,Local,03/08/2025,1000,2000,1500,78
Maharashtra,Pune,Pune(Khadiki),Tomato,Local,Local,06/08/2025,1000,2000,1500,78
Maharashtra,Pune,Pune(Khadiki),Tomato,Local,Local,10/08/2025,1200,2000,1600,78
Maharashtra,Pune,Pune(Khadiki),Tomato,Local,Local,16/08/2025,1000,2000,1500,78
Maharashtra,Pune,Pune(Khadiki),Tomato,Local,Local,26/08/2025,1100,2000,1550,78
Maharashtra,Pune,Pune(Khadiki),Tomato,Local,Local,28/08/2025,1000,1800,1400,78
Maharashtra,Pune,Pune(Khadiki),Tomato,Local,Local,01/09/2025,1000,2000,1500,78
Maharashtra,Pune,Pune(Khadiki),Tomato,Local,Local,03/09/2025,1000,2000,1500,78
Maharashtra,Pune,Pune(Khadiki),Tomato,Local,Local,04/09/2025,1000,1800,1400,78
Maharashtra,Pune,Pune(Khadiki),Tomato,Local,Local,11/09/2025,800,2000,1400,78
Maharashtra,Pune,Pune(Khadiki),Tomato,Local,Local,16/09/2025,700,1000,850,78
Maharashtra,Pune,Pune(Khadiki),Tomato,Local,Local,20/09/2025,200,1000,600,78
Maharashtra,Pune,Pune(Khadiki),Tomato,Local,Local,28/09/2025,1000,1300,1150,78
Maharashtra,Pune,Pune(Khadiki),Tomato,Local,Local,14/10/2025,700,1000,850,78
Maharashtra,Pune,Pune(Khadiki),Tomato,Local,Local,17/10/2025,700,1000,850,78
Maharashtra,Pune,Pune(Khadiki),Tomato,Local,FAQ,18/01/2022,1200,1500,1350,78
Maharashtra,Pune,Pune(Khadiki),Tomato,Local,FAQ,27/01/2022,1200,1600,1400,78
Maharashtra,Pune,Pune(Khadiki),Tomato,Local,FAQ,29/01/2022,1200,1500,1350,78
Maharashtra,Pune,Pune(Khadiki),Tomato,Local,FAQ,11/02/2022,1000,1600,1300,78
Maharashtra,Pune,Pune(Khadiki),Tomato,Local,FAQ,20/02/2022,1000,1600,1300,78
Maharashtra,Pune,Pune(Khadiki),Tomato,Local,FAQ,01/03/2022,800,1400,1100,78
Maharashtra,Pune,Pune(Khadiki),Tomato,Local,FAQ,03/03/2022,1000,1400,1200,78
Maharashtra,Pune,Pune(Khadiki),Tomato,Local,FAQ,04/03/2022,1000,1400,1200,78
Maharashtra,Pune,Pune(Khadiki),Tomato,Local,FAQ,05/03/2022,900,1200,1050,78
Maharashtra,Pune,Pune(Khadiki),Tomato,Local,FAQ,12/03/2022,1000,1200,1100,78
Maharashtra,Pune,Pune(Khadiki),Tomato,Local,FAQ,14/03/2022,800,1200,1000,78
Maharashtra,Pune,Pune(Khadiki),Tomato,Local,FAQ,21/03/2022,800,1200,1000,78
Maharashtra,Pune,Pune(Khadiki),Tomato,Local,FAQ,30/03/2022,800,1200,1000,78
Maharashtra,Pune,Pune(Khadiki),Tomato,Local,FAQ,01/04/2022,800,1200,1000,78
Maharashtra,Pune,Pune(Khadiki),Tomato,Local,FAQ,06/04/2022,800,1300,1050,78
Maharashtra,Pune,Pune(Khadiki),Tomato,Local,FAQ,08/04/2022,700,1400,1050,78
Maharashtra,Pune,Pune(Khadiki),Tomato,Local,FAQ,09/04/2022,700,1200,950,78
Maharashtra,Pune,Pune(Khadiki),Tomato,Local,FAQ,12/04/2022,700,1300,1000,78
Maharashtra,Pune,Pune(Khadiki),Tomato,Local,FAQ,17/04/2022,700,1200,950,78
Maharashtra,Pune,Pune(Khadiki),Tomato,Local,FAQ,24/04/2022,800,1500,1150,78
Maharashtra,Pune,Pune(Khadiki),Tomato,Local,FAQ,07/05/2022,1000,1200,1100,78
Maharashtra,Pune,Pune(Khadiki),Tomato,Local,FAQ,23/05/2022,1800,2000,1900,78
Maharashtra,Pune,Pune(Khadiki),Tomato,Local,FAQ,27/05/2022,1800,3000,2400,78
Maharashtra,Pune,Pune(Khadiki),Tomato,Local,FAQ,08/06/2022,2000,3000,2500,78
Maharashtra,Pune,Pune(Khadiki),Tomato,Local,FAQ,18/06/2022,2000,3000,2500,78
Maharashtra,Pune,Pune(Khadiki),Tomato,Local,FAQ,29/06/2022,2500,3000,2750,78
Maharashtra,Pune,Pune(Khadiki),Tomato,Local,FAQ,06/07/2022,1600,2500,2050,78
Maharashtra,Pune,Pune(Khadiki),Tomato,Local,FAQ,09/07/2022,1400,2000,1700,78
Maharashtra,Pune,Pune(Khadiki),Tomato,Local,FAQ,19/07/2022,1200,1800,1500,78
Maharashtra,Pune,Pune(Khadiki),Tomato,Local,FAQ,22/07/2022,1000,1500,1250,78
Maharashtra,Pune,Pune(Khadiki),Tomato,Local,FAQ,26/07/2022,800,1400,1100,78
Maharashtra,Pune,Pune(Khadiki),Tomato,Local,FAQ,27/07/2022,1100,1400,1250,78
Maharashtra,Pune,Pune(Khadiki),Tomato,Local,FAQ,28/07/2022,800,1400,1100,78
Maharashtra,Pune,Pune(Khadiki),Tomato,Local,FAQ,31/07/2022,800,1200,1000,78
Maharashtra,Pune,Pune(Khadiki),Tomato,Local,FAQ,01/08/2022,1000,1400,1200,78
Maharashtra,Pune,Pune(Khadiki),Tomato,Local,FAQ,24/08/2022,1200,1500,1350,78
Maharashtra,Pune,Pune(Khadiki),Tomato,Local,FAQ,27/08/2022,800,1300,1050,78
Maharashtra,Pune,Pune(Khadiki),Tomato,Local,FAQ,29/08/2022,800,1200,1000,78
Maharashtra,Pune,Pune(Khadiki),Tomato,Local,FAQ,07/09/2022,800,1500,1150,78
Maharashtra,Pune,Pune(Khadiki),Tomato,Local,FAQ,09/09/2022,800,1500,1150,78
Maharashtra,Pune,Pune(Khadiki),Tomato,Local,FAQ,11/09/2022,800,1400,1100,78
Maharashtra,Pune,Pune(Khadiki),Tomato,Local,FAQ,19/09/2022,1000,1400,1200,78
Maharashtra,Pune,Pune(Khadiki),Tomato,Local,FAQ,23/09/2022,800,1200,1000,78
Maharashtra,Pune,Pune(Khadiki),Tomato,Local,FAQ,02/10/2022,1000,1400,1200,78
Maharashtra,Pune,Pune(Khadiki),Tomato,Local,FAQ,07/10/2022,800,1400,1100,78
Maharashtra,Pune,Pune(Khadiki),Tomato,Local,FAQ,08/10/2022,1000,1600,1300,78
Maharashtra,Pune,Pune(Khadiki),Tomato,Local,FAQ,09/10/2022,1000,1600,1300,78
Maharashtra,Pune,Pune(Khadiki),Tomato,Local,FAQ,28/10/2022,1600,2200,1900,78
Maharashtra,Pune,Pune(Khadiki),Tomato,Local,FAQ,08/11/2022,1000,1600,1300,78
Maharashtra,Pune,Pune(Khadiki),Tomato,Local,FAQ,10/11/2022,1200,1600,1400,78
Maharashtra,Pune,Pune(Khadiki),Tomato,Local,FAQ,12/11/2022,1000,1400,1200,78
Maharashtra,Pune,Pune(Khadiki),Tomato,Local,FAQ,20/11/2022,600,1000,800,78
Maharashtra,Pune,Pune(Khadiki),Tomato,Local,FAQ,28/11/2022,600,800,700,78
Maharashtra,Pune,Pune(Khadiki),Tomato,Local,FAQ,03/12/2022,600,600,600,78
Maharashtra,Pune,Pune(Khadiki),Tomato,Local,FAQ,09/12/2022,500,800,650,78
Maharashtra,Pune,Pune(Khadiki),Tomato,Local,FAQ,11/12/2022,500,800,650,78
Maharashtra,Pune,Pune(Khadiki),Tomato,Local,FAQ,21/12/2022,500,700,600,78
Maharashtra,Pune,Pune(Khadiki),Tomato,Local,FAQ,22/12/2022,600,800,700,78
Maharashtra,Pune,Pune(Khadiki),Tomato,Local,FAQ,30/12/2022,600,800,700,78
Maharashtra,Pune,Pune(Khadiki),Tomato,Local,FAQ,25/02/2021,600,900,750,78
Maharashtra,Pune,Pune(Khadiki),Tomato,Local,FAQ,28/02/2021,800,1500,1150,78
Maharashtra,Pune,Pune(Khadiki),Tomato,Local,FAQ,05/03/2021,600,1000,800,78
Maharashtra,Pune,Pune(Khadiki),Tomato,Local,FAQ,09/03/2021,800,1000,900,78
Maharashtra,Pune,Pune(Khadiki),Tomato,Local,FAQ,23/03/2021,500,1000,750,78
Maharashtra,Pune,Pune(Khadiki),Tomato,Local,FAQ,28/03/2021,500,1200,850,78
Maharashtra,Pune,Pune(Khadiki),Tomato,Local,FAQ,04/04/2021,600,1800,1000,78
Maharashtra,Pune,Pune(Khadiki),Tomato,Local,FAQ,20/04/2021,800,1200,1000,78
Maharashtra,Pune,Pune(Khadiki),Tomato,Local,FAQ,27/04/2021,700,1500,1100,78
Maharashtra,Pune,Pune(Khadiki),Tomato,Local,FAQ,04/05/2021,700,1000,850,78
Maharashtra,Pune,Pune(Khadiki),Tomato,Local,FAQ,20/05/2021,700,1100,900,78
Maharashtra,Pune,Pune(Khadiki),Tomato,Local,FAQ,25/05/2021,800,1200,1000,78
Maharashtra,Pune,Pune(Khadiki),Tomato,Local,FAQ,31/05/2021,700,1000,850,78
Maharashtra,Pune,Pune(Khadiki),Tomato,Local,FAQ,03/06/2021,600,1000,800,78
Maharashtra,Pune,Pune(Khadiki),Tomato,Local,FAQ,09/06/2021,600,700,650,78
Maharashtra,Pune,Pune(Khadiki),Tomato,Local,FAQ,10/06/2021,500,700,600,78
Maharashtra,Pune,Pune(Khadiki),Tomato,Local,FAQ,15/06/2021,500,700,600,78
Maharashtra,Pune,Pune(Khadiki),Tomato,Local,FAQ,17/06/2021,600,800,700,78
Maharashtra,Pune,Pune(Khadiki),Tomato,Local,FAQ,19/06/2021,500,800,650,78
Maharashtra,Pune,Pune(Khadiki),Tomato,Local,FAQ,30/06/2021,600,800,700,78
Maharashtra,Pune,Pune(Khadiki),Tomato,Local,FAQ,04/07/2021,700,1000,850,78
Maharashtra,Pune,Pune(Khadiki),Tomato,Local,FAQ,06/07/2021,700,900,800,78
Maharashtra,Pune,Pune(Khadiki),Tomato,Local,FAQ,11/07/2021,600,800,700,78
Maharashtra,Pune,Pune(Khadiki),Tomato,Local,FAQ,21/07/2021,600,1200,900,78
Maharashtra,Pune,Pune(Khadiki),Tomato,Local,FAQ,24/07/2021,700,1200,950,78
Maharashtra,Pune,Pune(Khadiki),Tomato,Local,FAQ,29/07/2021,800,1200,1000,78
Maharashtra,Pune,Pune(Khadiki),Tomato,Local,FAQ,04/08/2021,600,1000,800,78
Maharashtra,Pune,Pune(Khadiki),Tomato,Local,FAQ,14/08/2021,700,1200,950,78
Maharashtra,Pune,Pune(Khadiki),Tomato,Local,FAQ,19/08/2021,500,700,600,78
Maharashtra,Pune,Pune(Khadiki),Tomato,Local,FAQ,25/08/2021,700,1000,850,78
Maharashtra,Pune,Pune(Khadiki),Tomato,Local,FAQ,01/09/2021,500,700,600,78
Maharashtra,Pune,Pune(Khadiki),Tomato,Local,FAQ,02/09/2021,500,900,700,78
Maharashtra,Pune,Pune(Khadiki),Tomato,Local,FAQ,08/09/2021,500,800,650,78
Maharashtra,Pune,Pune(Khadiki),Tomato,Local,FAQ,15/09/2021,400,700,550,78
Maharashtra,Pune,Pune(Khadiki),Tomato,Local,FAQ,17/09/2021,600,700,650,78
Maharashtra,Pune,Pune(Khadiki),Tomato,Local,FAQ,22/09/2021,800,1000,900,78
Maharashtra,Pune,Pune(Khadiki),Tomato,Local,FAQ,02/10/2021,1400,2000,1700,78
Maharashtra,Pune,Pune(Khadiki),Tomato,Local,FAQ,27/10/2021,1500,2200,1850,78
Maharashtra,Pune,Pune(Khadiki),Tomato,Local,FAQ,02/11/2021,1600,2200,1900,78
Maharashtra,Pune,Pune(Khadiki),Tomato,Local,FAQ,05/11/2021,1200,3000,2100,78
Maharashtra,Pune,Pune(Khadiki),Tomato,Local,FAQ,08/11/2021,1800,3000,2400,78
Maharashtra,Pune,Pune(Khadiki),Tomato,Local,FAQ,09/11/2021,1700,2500,2100,78
Maharashtra,Pune,Pune(Khadiki),Tomato,Local,FAQ,17/11/2021,1600,3200,2400,78
Maharashtra,Pune,Pune(Khadiki),Tomato,Local,FAQ,21/11/2021,1400,3000,2200,78
Maharashtra,Pune,Pune(Khadiki),Tomato,Local,FAQ,24/11/2021,1700,2000,1850,78
Maharashtra,Pune,Pune(Khadiki),Tomato,Local,FAQ,10/12/2021,2200,3000,2600,78
Maharashtra,Pune,Pune(Khadiki),Tomato,Local,FAQ,16/12/2021,1000,2200,1600,78
Maharashtra,Pune,Pune(Khadiki),Tomato,Local,FAQ,20/12/2021,1500,2500,2000,78
Maharashtra,Pune,Pune(Khadiki),Tomato,Local,FAQ,29/12/2021,1000,2000,1500,78
Maharashtra,Pune,Pune(Khadiki),Tomato,Local,FAQ,04/10/2024,1300,2200,1750,78
Maharashtra,Pune,Pune(Khadiki),Tomato,Local,FAQ,31/10/2024,1000,1800,1400,78
Maharashtra,Pune,Pune(Khadiki),Tomato,Local,FAQ,26/10/2024,1500,2500,2000,78
Maharashtra,Pune,Pune(Khadiki),Tomato,Local,FAQ,27/10/2024,1300,2400,1950,78
Maharashtra,Pune,Pune(Khadiki),Tomato,Local,FAQ,29/10/2024,1200,2300,1750,78
Maharashtra,Pune,Pune(Khadiki),Tomato,Local,FAQ,24/05/2024,800,1300,1050,78
Maharashtra,Pune,Pune(Khadiki),Tomato,Local,FAQ,25/05/2024,700,1400,1050,78
Maharashtra,Pune,Pune(Khadiki),Tomato,Local,FAQ,05/05/2024,600,1300,950,78
Maharashtra,Pune,Pune(Khadiki),Tomato,Local,FAQ,11/05/2024,1000,1500,1250,78
Maharashtra,Pune,Pune(Khadiki),Tomato,Local,FAQ,17/01/2023,700,1200,950,78
Maharashtra,Pune,Pune(Khadiki),Tomato,Local,FAQ,24/01/2023,700,1400,1050,78
Maharashtra,Pune,Pune(Khadiki),Tomato,Local,FAQ,03/02/2023,800,1300,1250,78
Maharashtra,Pune,Pune(Khadiki),Tomato,Local,FAQ,13/02/2023,800,1200,1000,78
Maharashtra,Pune,Pune(Khadiki),Tomato,Local,FAQ,16/02/2023,900,1200,1050,78
Maharashtra,Pune,Pune(Khadiki),Tomato,Local,FAQ,22/02/2023,600,1200,1000,78
Maharashtra,Pune,Pune(Khadiki),Tomato,Local,FAQ,24/02/2023,800,1200,1000,78
Maharashtra,Pune,Pune(Khadiki),Tomato,Local,FAQ,25/02/2023,800,1200,1000,78
Maharashtra,Pune,Pune(Khadiki),Tomato,Local,FAQ,06/03/2023,800,1200,1050,78
Maharashtra,Pune,Pune(Khadiki),Tomato,Local,FAQ,12/03/2023,1100,1400,1250,78
Maharashtra,Pune,Pune(Khadiki),Tomato,Local,FAQ,14/03/2023,1500,2000,1750,78
Maharashtra,Pune,Pune(Khadiki),Tomato,Local,FAQ,17/03/2023,1100,1900,1250,78
Maharashtra,Pune,Pune(Khadiki),Tomato,Local,FAQ,19/03/2023,1000,1400,1200,78
Maharashtra,Pune,Pune(Khadiki),Tomato,Local,FAQ,20/03/2023,1000,1500,1250,78
Maharashtra,Pune,Pune(Khadiki),Tomato,Local,FAQ,28/03/2023,800,1200,1000,78
Maharashtra,Pune,Pune(Khadiki),Tomato,Local,FAQ,03/04/2023,700,1200,950,78
Maharashtra,Pune,Pune(Khadiki),Tomato,Local,FAQ,04/04/2023,700,1200,900,78
Maharashtra,Pune,Pune(Khadiki),Tomato,Local,FAQ,23/04/2023,700,1200,950,78
Maharashtra,Pune,Pune(Khadiki),Tomato,Local,FAQ,26/04/2023,700,1300,1050,78
Maharashtra,Pune,Pune(Khadiki),Tomato,Local,FAQ,02/05/2023,700,1000,850,78
Maharashtra,Pune,Pune(Khadiki),Tomato,Local,FAQ,09/05/2023,700,1000,850,78
Maharashtra,Pune,Pune(Khadiki),Tomato,Local,FAQ,10/05/2023,800,1000,900,78
Maharashtra,Pune,Pune(Khadiki),Tomato,Local,FAQ,24/05/2023,700,1000,850,78
Maharashtra,Pune,Pune(Khadiki),Tomato,Local,FAQ,26/05/2023,600,1000,800,78
Maharashtra,Pune,Pune(Khadiki),Tomato,Local,FAQ,27/05/2023,500,1000,750,78
Maharashtra,Pune,Pune(Khadiki),Tomato,Local,FAQ,05/06/2023,600,1200,900,78
Maharashtra,Pune,Pune(Khadiki),Tomato,Local,FAQ,10/06/2023,700,1300,1000,78
Maharashtra,Pune,Pune(Khadiki),Tomato,Local,FAQ,12/06/2023,700,1200,950,78
Maharashtra,Pune,Pune(Khadiki),Tomato,Local,FAQ,15/06/2023,1000,1600,1300,78
Maharashtra,Pune,Pune(Khadiki),Tomato,Local,FAQ,23/06/2023,1500,2000,1750,78
Maharashtra,Pune,Pune(Khadiki),Tomato,Local,FAQ,24/06/2023,1500,2200,1850,78
Maharashtra,Pune,Pune(Khadiki),Tomato,Local,FAQ,30/06/2023,1400,2000,1700,78
Maharashtra,Pune,Pune(Khadiki),Tomato,Local,FAQ,02/07/2023,2500,2500,2500,78
Maharashtra,Pune,Pune(Khadiki),Tomato,Local,FAQ,11/07/2023,3000,5000,4000,78
Maharashtra,Pune,Pune(Khadiki),Tomato,Local,FAQ,16/07/2023,4000,6000,5000,78
Maharashtra,Pune,Pune(Khadiki),Tomato,Local,FAQ,25/07/2023,3500,6500,5000,78
Maharashtra,Pune,Pune(Khadiki),Tomato,Local,FAQ,28/07/2023,3000,6000,3500,78
Maharashtra,Pune,Pune(Khadiki),Tomato,Local,FAQ,31/07/2023,3500,6500,5000,78
Maharashtra,Pune,Pune(Khadiki),Tomato,Local,FAQ,06/08/2023,3000,7000,5000,78
Maharashtra,Pune,Pune(Khadiki),Tomato,Local,FAQ,09/08/2023,6000,6000,6000,78
Maharashtra,Pune,Pune(Khadiki),Tomato,Local,FAQ,19/08/2023,2000,3000,2500,78
Maharashtra,Pune,Pune(Khadiki),Tomato,Local,FAQ,06/09/2023,800,1500,1150,78
Maharashtra,Pune,Pune(Khadiki),Tomato,Local,FAQ,08/09/2023,600,1000,800,78
Maharashtra,Pune,Pune(Khadiki),Tomato,Local,FAQ,09/09/2023,600,1000,800,78
Maharashtra,Pune,Pune(Khadiki),Tomato,Local,FAQ,17/09/2023,400,800,600,78
Maharashtra,Pune,Pune(Khadiki),Tomato,Local,FAQ,19/09/2023,500,800,650,78
Maharashtra,Pune,Pune(Khadiki),Tomato,Local,FAQ,22/09/2023,400,800,600,78
Maharashtra,Pune,Pune(Khadiki),Tomato,Local,FAQ,04/10/2023,500,800,650,78
Maharashtra,Pune,Pune(Khadiki),Tomato,Local,FAQ,21/10/2023,400,700,550,78
Maharashtra,Pune,Pune(Khadiki),Tomato,Local,FAQ,28/10/2023,500,700,600,78
Maharashtra,Pune,Pune(Khadiki),Tomato,Local,FAQ,29/10/2023,500,800,650,78
Maharashtra,Pune,Pune(Khadiki),Tomato,Local,FAQ,30/10/2023,400,700,550,78
Maharashtra,Pune,Pune(Khadiki),Tomato,Local,FAQ,15/11/2023,700,1000,850,78
Maharashtra,Pune,Pune(Khadiki),Tomato,Local,FAQ,26/11/2023,1200,2000,1600,78
Maharashtra,Pune,Pune(Khadiki),Tomato,Local,FAQ,05/12/2023,1400,2000,1750,78
Maharashtra,Pune,Pune(Khadiki),Tomato,Local,FAQ,14/12/2023,1000,1600,1300,78
Maharashtra,Pune,Pune(Khadiki),Tomato,Local,FAQ,18/12/2023,1000,1600,1300,78
Maharashtra,Pune,Pune(Khadiki),Tomato,Local,FAQ,21/12/2023,1000,1600,1300,78
Maharashtra,Pune,Pune(Khadiki),Tomato,Local,FAQ,22/12/2023,1000,1500,1250,78
Maharashtra,Pune,Pune(Khadiki),Tomato,Local,FAQ,24/12/2023,1000,1500,1250,78
Maharashtra,Pune,Pune(Khadiki),Tomato,Local,FAQ,29/12/2023,1000,1600,1300,78
Maharashtra,Pune,Pune(Khadiki),Tomato,Local,FAQ,11/06/2024,1000,1800,1400,78
Maharashtra,Pune,Pune(Khadiki),Tomato,Local,FAQ,01/06/2024,1000,1500,1250,78
Maharashtra,Pune,Pune(Khadiki),Tomato,Local,FAQ,05/06/2024,1200,1800,1500,78
Maharashtra,Pune,Pune(Khadiki),Tomato,Local,FAQ,07/06/2024,1000,1600,1400,78
Maharashtra,Pune,Pune(Khadiki),Tomato,Local,FAQ,01/07/2024,1000,2300,1650,78
Maharashtra,Pune,Pune(Khadiki),Tomato,Local,FAQ,04/07/2024,1500,2300,1900,78
Maharashtra,Pune,Pune(Khadiki),Tomato,Local,FAQ,14/07/2024,1500,2700,2100,78
Maharashtra,Pune,Pune(Khadiki),Tomato,Local,FAQ,20/07/2024,1500,2400,1950,78
Maharashtra,Pune,Pune(Khadiki),Tomato,Local,FAQ,21/07/2024,1700,2500,2100,78
Maharashtra,Pune,Pune(Khadiki),Tomato,Local,FAQ,06/12/2024,1200,2000,1600,78
Maharashtra,Pune,Pune(Khadiki),Tomato,Local,FAQ,20/12/2024,1000,2000,1500,78
Maharashtra,Pune,Pune(Khadiki),Tomato,Local,FAQ,29/12/2024,700,1400,1050,78
Maharashtra,Pune,Pune(Khadiki),Tomato,Local,FAQ,09/01/2025,1000,1700,1350,78
Maharashtra,Pune,Pune(Khadiki),Tomato,Local,FAQ,03/01/2025,1000,1600,1300,78
Maharashtra,Pune,Pune(Khadiki),Tomato,Local,Local,31/01/2025,700,1000,850,78
Maharashtra,Pune,Pune(Khadiki),Tomato,Local,FAQ,05/11/2024,1000,1800,1400,78
Maharashtra,Pune,Pune(Khadiki),Tomato,Local,FAQ,28/11/2024,1200,2000,1600,78
Maharashtra,Pune,Pune(Khadiki),Tomato,Local,FAQ,13/09/2024,1000,1600,1300,78
Maharashtra,Pune,Pune(Khadiki),Tomato,Local,FAQ,21/09/2024,800,1400,1100,78
Maharashtra,Pune,Pune(Khadiki),Tomato,Local,FAQ,27/09/2024,1600,2100,1850,78
Maharashtra,Pune,Pune(Khadiki),Tomato,Local,FAQ,28/09/2024,1100,2000,1550,78
Maharashtra,Pune,Pune(Khadiki),Tomato,Local,FAQ,03/09/2024,1000,1600,1300,78
Maharashtra,Pune,Pune(Khadiki),Tomato,Local,FAQ,14/09/2024,700,1300,1000,78
Maharashtra,Pune,Pune(Khadiki),Tomato,Local,FAQ,26/09/2024,1000,1600,1300,78
Maharashtra,Pune,Pune(Khadiki),Tomato,Local,Local,07/03/2025,600,1100,850,78
Maharashtra,Pune,Pune(Khadiki),Tomato,Local,Local,17/03/2025,1000,1700,1350,78
Maharashtra,Pune,Pune(Khadiki),Tomato,Local,Local,20/03/2025,800,1300,1050,78
Maharashtra,Pune,Pune(Khadiki),Tomato,Local,Local,30/03/2025,700,1200,950,78
Maharashtra,Pune,Pune(Khadiki),Tomato,Local,Local,01/04/2025,1000,1600,1300,78
Maharashtra,Pune,Pune(Khadiki),Tomato,Local,Local,06/04/2025,700,1300,1000,78
Maharashtra,Pune,Pune(Khadiki),Tomato,Local,Local,24/04/2025,1000,1700,1350,78
Maharashtra,Pune,Pune(Khadiki),Tomato,Local,Local,03/04/2025,1000,1600,1300,78
Maharashtra,Pune,Pune(Khadiki),Tomato,Local,Local,07/04/2025,600,1000,800,78
Maharashtra,Pune,Pune(Khadiki),Tomato,Local,Local,08/04/2025,700,1300,1000,78
Maharashtra,Pune,Pune(Khadiki),Tomato,Local,Local,10/04/2025,600,1300,950,78
Maharashtra,Pune,Pune(Khadiki),Tomato,Local,Local,07/05/2025,800,1600,1200,78
Maharashtra,Pune,Pune(Khadiki),Tomato,Local,Local,15/05/2025,600,1300,950,78
Maharashtra,Pune,Pune(Khadiki),Tomato,Local,Local,20/05/2025,800,1400,1100,78
Maharashtra,Pune,Pune(Khadiki),Tomato,Local,Local,29/05/2025,900,1400,1150,78
Maharashtra,Pune,Pune(Khadiki),Tomato,Local,FAQ,02/08/2024,1000,1500,1250,78
Maharashtra,Pune,Pune(Khadiki),Tomato,Local,Local,19/02/2025,500,1000,750,78
Maharashtra,Pune,Pune(Khadiki),Tomato,Local,Local,27/02/2025,600,1000,800,78
Maharashtra,Pune,Pune(Khadiki),Tomato,Local,FAQ,03/01/2024,1000,1600,1300,78
Maharashtra,Pune,Pune(Khadiki),Tomato,Local,FAQ,10/01/2024,1000,1800,1400,78
Maharashtra,Pune,Pune(Khadiki),Tomato,Local,FAQ,22/01/2024,1300,1500,1400,78
Maharashtra,Pune,Pune(Khadiki),Tomato,Local,FAQ,24/01/2024,1000,1500,1250,78
Maharashtra,Pune,Pune(Khadiki),Tomato,Local,FAQ,31/01/2024,1200,2000,1600,78
Maharashtra,Pune,Pune(Khadiki),Tomato,Local,FAQ,08/02/2024,1100,1900,1500,78
Maharashtra,Pune,Pune(Khadiki),Tomato,Local,FAQ,21/02/2024,1000,1700,1350,78
Maharashtra,Pune,Pune(Khadiki),Tomato,Local,FAQ,26/02/2024,1200,1800,1500,78
Maharashtra,Pune,Pune(Khadiki),Tomato,Local,FAQ,29/02/2024,1000,1600,1300,78
Maharashtra,Pune,Pune(Khadiki),Tomato,Local,FAQ,02/03/2024,1000,1600,1300,78
Maharashtra,Pune,Pune(Khadiki),Tomato,Local,FAQ,13/03/2024,700,1200,950,78
Maharashtra,Pune,Pune(Khadiki),Tomato,Local,FAQ,14/03/2024,700,1200,950,78
Maharashtra,Pune,Pune(Khadiki),Tomato,Local,FAQ,15/03/2024,700,1300,1000,78
Maharashtra,Pune,Pune(Khadiki),Tomato,Local,FAQ,28/03/2024,600,1200,900,78
Maharashtra,Pune,Pune(Khadiki),Tomato,Local,FAQ,29/03/2024,600,1200,900,78
Maharashtra,Pune,Pune(Khadiki),Tomato,Local,FAQ,30/03/2024,700,1200,950,78
Maharashtra,Pune,Pune(Khadiki),Tomato,Local,FAQ,31/03/2024,700,1200,950,78
Maharashtra,Pune,Pune(Khadiki),Tomato,Local,FAQ,01/04/2024,700,1200,950,78
Maharashtra,Pune,Pune(Khadiki),Tomato,Local,FAQ,02/04/2024,600,1200,900,78
Maharashtra,Pune,Pune(Khadiki),Tomato,Local,FAQ,07/04/2024,600,1300,950,78
Maharashtra,Pune,Pune(Khadiki),Tomato,Local,FAQ,25/04/2024,700,1400,1050,78
Maharashtra,Pune,Pune(Khadiki),Tomato,Local,Local,06/02/2025,600,1200,900,78
Maharashtra,Pune,Pune(Khadiki),Tomato,Local,Local,24/02/2025,700,1000,850,78
Maharashtra,Pune,Pune(Khadiki),Tomato,Local,Local,01/07/2025,1000,1600,1300,78
Maharashtra,Pune,Pune(Khadiki),Tomato,Local,Local,11/07/2025,1200,1800,1500,78
Maharashtra,Pune,Pune(Khadiki),Tomato,Local,Local,12/07/2025,1000,1600,1300,78
Maharashtra,Pune,Pune(Khadiki),Tomato,Local,Local,13/07/2025,1000,1700,1350,78
Maharashtra,Pune,Pune(Khadiki),Tomato,Local,Local,16/07/2025,1000,1800,1400,78
Maharashtra,Pune,Pune(Khadiki),Tomato,Local,Local,20/07/2025,1000,1600,1300,78
Maharashtra,Pune,Pune(Khadiki),Tomato,Local,Local,21/07/2025,1000,1600,1300,78
Maharashtra,Pune,Pune(Khadiki),Tomato,Local,Local,23/07/2025,1000,1500,1250,78
Maharashtra,Pune,Pune(Khadiki),Tomato,Local,Local,28/07/2025,1200,1800,1500,78
Maharashtra,Pune,Pune(Khadiki),Tomato,Local,Local,29/07/2025,1000,1800,1400,78
Maharashtra,Pune,Pune(Khadiki),Tomato,Local,Local,24/06/2025,1000,1800,1400,78
Maharashtra,Pune,Pune(Khadiki),Tomato,Local,Local,14/06/2025,1000,1600,1300,78
Maharashtra,Pune,Pune(Khadiki),Tomato,Local,Local,20/06/2025,1000,1700,1350,78
Maharashtra,Pune,Pune(Khadiki),Tomato,Local,Local,18/09/2025,800,900,850,78
Maharashtra,Pune,Pune(Khadiki),Tomato,Local,Local,21/09/2025,600,1300,950,78
Maharashtra,Pune,Pune(Khadiki),Tomato,Local,Local,24/09/2025,700,800,750,78
Maharashtra,Pune,Pune(Khadiki),Tomato,Local,Local,26/09/2025,1000,1700,1350,78
Maharashtra,Pune,Pune(Khadiki),Tomato,Local,Local,27/09/2025,700,800,750,78
Maharashtra,Pune,Pune(Khadiki),Tomato,Local,Local,20/08/2025,1200,2000,1600,78
Maharashtra,Pune,Pune(Khadiki),Tomato,Local,Local,21/08/2025,1000,1800,1400,78
Maharashtra,Pune,Pune(Khadiki),Tomato,Local,Local,06/10/2025,600,800,700,78
Maharashtra,Pune,Pune(Khadiki),Tomato,Local,Local,07/10/2025,700,1000,850,78
Maharashtra,Pune,Pune(Khadiki),Tomato,Local,Local,27/10/2025,800,1000,900,78
Maharashtra,Pune,Pune(Khadiki),Tomato,Local,FAQ,03/12/2024,1000,1800,1400,78
Maharashtra,Pune,Pune(Khadiki),Tomato,Local,FAQ,04/12/2024,1000,2000,1500,78
Maharashtra,Pune,Pune(Khadiki),Tomato,Local,FAQ,08/12/2024,1000,2000,1500,78
Maharashtra,Pune,Pune(Khadiki),Tomato,Local,FAQ,13/12/2024,1000,1800,1400,78
Maharashtra,Pune,Pune(Khadiki),Tomato,Local,FAQ,15/12/2024,1000,2000,1600,78
Maharashtra,Pune,Pune(Khadiki),Tomato,Local,FAQ,21/12/2024,1300,2000,1650,78
Maharashtra,Pune,Pune(Khadiki),Tomato,Local,FAQ,23/12/2024,1200,2000,1600,78
Maharashtra,Pune,Pune(Khadiki),Tomato,Local,FAQ,27/12/2024,1000,1700,1350,78
Maharashtra,Pune,Pune(Khadiki),Tomato,Local,FAQ,11/07/2024,1500,2300,1900,78
Maharashtra,Pune,Pune(Khadiki),Tomato,Local,FAQ,16/07/2024,1600,2400,2000,78
Maharashtra,Pune,Pune(Khadiki),Tomato,Local,FAQ,22/07/2024,1500,2300,1900,78
Maharashtra,Pune,Pune(Khadiki),Tomato,Local,FAQ,23/07/2024,1600,2700,2150,78
Maharashtra,Pune,Pune(Khadiki),Tomato,Local,FAQ,02/05/2024,800,1400,1100,78
Maharashtra,Pune,Pune(Khadiki),Tomato,Local,FAQ,06/05/2024,1000,1400,1200,78
Maharashtra,Pune,Pune(Khadiki),Tomato,Local,FAQ,09/05/2024,1000,1400,1200,78
Maharashtra,Pune,Pune(Khadiki),Tomato,Local,FAQ,02/06/2024,600,1300,950,78
Maharashtra,Pune,Pune(Khadiki),Tomato,Local,FAQ,10/06/2024,1100,1700,1400,78
Maharashtra,Pune,Pune(Khadiki),Tomato,Local,FAQ,24/06/2024,1800,2200,2000,78
Maharashtra,Pune,Pune(Khadiki),Tomato,Local,FAQ,15/05/2024,700,1400,1050,78
Maharashtra,Pune,Pune(Khadiki),Tomato,Local,FAQ,17/05/2024,700,1300,1000,78
Maharashtra,Pune,Pune(Khadiki),Tomato,Local,FAQ,27/05/2024,800,1400,1100,78
Maharashtra,Pune,Pune(Khadiki),Tomato,Local,FAQ,04/01/2024,1000,1500,1250,78
Maharashtra,Pune,Pune(Khadiki),Tomato,Local,FAQ,15/01/2024,800,1300,1050,78
Maharashtra,Pune,Pune(Khadiki),Tomato,Local,FAQ,02/02/2024,1200,2000,1600,78
Maharashtra,Pune,Pune(Khadiki),Tomato,Local,FAQ,07/02/2024,1500,2200,1850,78
Maharashtra,Pune,Pune(Khadiki),Tomato,Local,FAQ,01/03/2024,1000,1500,1250,78
Maharashtra,Pune,Pune(Khadiki),Tomato,Local,FAQ,11/03/2024,700,1200,950,78
Maharashtra,Pune,Pune(Khadiki),Tomato,Local,FAQ,05/04/2024,700,1400,1050,78
Maharashtra,Pune,Pune(Khadiki),Tomato,Local,FAQ,26/04/2024,700,1300,1000,78
Maharashtra,Pune,Pune(Khadiki),Tomato,Local,FAQ,30/04/2024,600,1300,950,78
Maharashtra,Pune,Pune(Khadiki),Tomato,Local,FAQ,05/01/2024,800,1400,1100,78
Maharashtra,Pune,Pune(Khadiki),Tomato,Local,FAQ,16/01/2024,1100,1500,1300,78
Maharashtra,Pune,Pune(Khadiki),Tomato,Local,FAQ,27/01/2024,1000,1800,1400,78
Maharashtra,Pune,Pune(Khadiki),Tomato,Local,FAQ,06/02/2024,1500,2200,1850,78
Maharashtra,Pune,Pune(Khadiki),Tomato,Local,FAQ,15/02/2024,1000,1800,1400,78
Maharashtra,Pune,Pune(Khadiki),Tomato,Local,FAQ,28/02/2024,1200,1700,1450,78
Maharashtra,Pune,Pune(Khadiki),Tomato,Local,FAQ,05/03/2024,1000,1600,1300,78
Maharashtra,Pune,Pune(Khadiki),Tomato,Local,FAQ,10/03/2024,700,1200,950,78
Maharashtra,Pune,Pune(Khadiki),Tomato,Local,FAQ,18/03/2024,800,1200,1000,78
Maharashtra,Pune,Pune(Khadiki),Tomato,Local,FAQ,22/03/2024,700,1200,950,78
Maharashtra,Pune,Pune(Khadiki),Tomato,Local,FAQ,23/04/2024,700,1400,1050,78
Maharashtra,Pune,Pune(Khadiki),Tomato,Local,FAQ,27/04/2024,700,1300,1000,78
Maharashtra,Pune,Pune(Khadiki),Tomato,Local,FAQ,19/10/2024,1500,2400,1950,78
Maharashtra,Pune,Pune(Khadiki),Tomato,Local,FAQ,01/09/2024,700,1400,1050,78
Maharashtra,Pune,Pune(Khadiki),Tomato,Local,FAQ,09/09/2024,1000,1500,1250,78
Maharashtra,Pune,Pune(Khadiki),Tomato,Local,FAQ,15/09/2024,800,1400,1100,78
Maharashtra,Pune,Pune(Khadiki),Tomato,Local,FAQ,16/09/2024,1000,1600,1300,78
Maharashtra,Pune,Pune(Khadiki),Tomato,Local,FAQ,19/09/2024,700,1200,950,78
Maharashtra,Pune,Pune(Khadiki),Tomato,Local,FAQ,20/09/2024,1000,1500,1250,78
Maharashtra,Pune,Pune(Khadiki),Tomato,Local,FAQ,23/09/2024,700,1400,1050,78
Maharashtra,Pune,Pune(Khadiki),Tomato,Local,FAQ,24/09/2024,900,1600,1250,78
Maharashtra,Pune,Pune(Khadiki),Tomato,Local,FAQ,29/09/2024,1400,2000,1700,78
Maharashtra,Pune,Pune(Khadiki),Tomato,Local,FAQ,19/11/2024,1400,2000,1700,78
Maharashtra,Pune,Pune(Khadiki),Tomato,Local,FAQ,23/11/2024,1300,1700,1500,78
Maharashtra,Pune,Pune(Khadiki),Tomato,Local,FAQ,26/11/2024,1200,1800,1500,78
Maharashtra,Pune,Pune(Khadiki),Tomato,Local,FAQ,06/06/2024,1000,1700,1350,78
Maharashtra,Pune,Pune(Khadiki),Tomato,Local,FAQ,15/06/2024,1000,1800,1400,78
Maharashtra,Pune,Pune(Khadiki),Tomato,Local,FAQ,25/06/2024,1600,2300,1950,78
Maharashtra,Pune,Pune(Khadiki),Tomato,Local,FAQ,26/06/2024,1500,2200,1850,78
Maharashtra,Pune,Pune(Khadiki),Tomato,Local,FAQ,13/06/2024,1000,1700,1350,78
Maharashtra,Pune,Pune(Khadiki),Tomato,Local,FAQ,06/10/2024,1200,2300,1750,78
Maharashtra,Pune,Pune(Khadiki),Tomato,Local,FAQ,01/08/2024,1400,2000,1700,78
Maharashtra,Pune,Pune(Khadiki),Tomato,Local,FAQ,03/08/2024,1000,1700,1350,78
Maharashtra,Pune,Pune(Khadiki),Tomato,Local,FAQ,04/08/2024,1200,2000,1600,78
Maharashtra,Pune,Pune(Khadiki),Tomato,Local,FAQ,05/08/2024,1000,2000,1500,78
Maharashtra,Pune,Pune(Khadiki),Tomato,Local,FAQ,22/08/2024,1000,1800,1400,78
Maharashtra,Pune,Pune(Khadiki),Tomato,Local,FAQ,28/08/2024,1000,1700,1350,78
Maharashtra,Pune,Pune(Khadiki),Tomato,Local,FAQ,29/08/2024,1000,1600,1300,78
Maharashtra,Pune,Pune(Khadiki),Tomato,Local,Local,26/02/2025,700,1000,850,78
Maharashtra,Pune,Pune(Khadiki),Tomato,Local,FAQ,14/01/2025,600,1000,800,78
Maharashtra,Pune,Pune(Khadiki),Tomato,Local,FAQ,17/01/2025,1000,1600,1300,78
Maharashtra,Pune,Pune(Khadiki),Tomato,Local,Local,04/04/2025,1000,1600,1300,78
Maharashtra,Pune,Pune(Khadiki),Tomato,Local,Local,09/04/2025,700,1300,1050,78
Maharashtra,Pune,Pune(Khadiki),Tomato,Local,Local,18/04/2025,700,1300,1000,78
Maharashtra,Pune,Pune(Khadiki),Tomato,Local,Local,22/04/2025,1000,1500,1250,78
Maharashtra,Pune,Pune(Khadiki),Tomato,Local,Local,04/05/2025,1000,1400,1200,78
Maharashtra,Pune,Pune(Khadiki),Tomato,Local,Local,06/05/2025,700,1300,1000,78
Maharashtra,Pune,Pune(Khadiki),Tomato,Local,Local,13/05/2025,700,1300,1000,78
Maharashtra,Pune,Pune(Khadiki),Tomato,Local,Local,17/05/2025,700,1200,950,78
Maharashtra,Pune,Pune(Khadiki),Tomato,Local,Local,24/05/2025,700,1400,1050,78
Maharashtra,Pune,Pune(Khadiki),Tomato,Local,Local,28/02/2025,600,1100,850,78
Maharashtra,Pune,Pune(Khadiki),Tomato,Local,Local,04/02/2025,600,1000,800,78
Maharashtra,Pune,Pune(Khadiki),Tomato,Local,Local,09/02/2025,500,1000,750,78
Maharashtra,Pune,Pune(Khadiki),Tomato,Local,Local,13/02/2025,500,1000,750,78
Maharashtra,Pune,Pune(Khadiki),Tomato,Local,Local,15/02/2025,700,1000,850,78
Maharashtra,Pune,Pune(Khadiki),Tomato,Local,FAQ,04/01/2022,1500,2500,2000,78
Maharashtra,Pune,Pune(Khadiki),Tomato,Local,FAQ,05/01/2022,1500,2000,1750,78
Maharashtra,Pune,Pune(Khadiki),Tomato,Local,FAQ,10/01/2022,1400,2000,1500,78
Maharashtra,Pune,Pune(Khadiki),Tomato,Local,FAQ,13/01/2022,1200,1600,1400,78
Maharashtra,Pune,Pune(Khadiki),Tomato,Local,FAQ,23/01/2022,1200,1500,1350,78
Maharashtra,Pune,Pune(Khadiki),Tomato,Local,FAQ,24/01/2022,1200,1500,1350,78
Maharashtra,Pune,Pune(Khadiki),Tomato,Local,FAQ,31/01/2022,1000,1600,1300,78
Maharashtra,Pune,Pune(Khadiki),Tomato,Local,FAQ,03/02/2022,1200,1600,1400,78
Maharashtra,Pune,Pune(Khadiki),Tomato,Local,FAQ,06/02/2022,1000,1900,1300,78
Maharashtra,Pune,Pune(Khadiki),Tomato,Local,FAQ,08/02/2022,1400,2200,1800,78
Maharashtra,Pune,Pune(Khadiki),Tomato,Local,FAQ,10/02/2022,1500,2000,1750,78
Maharashtra,Pune,Pune(Khadiki),Tomato,Local,FAQ,15/02/2022,1000,1400,1200,78
Maharashtra,Pune,Pune(Khadiki),Tomato,Local,FAQ,24/02/2022,1000,1200,1100,78
Maharashtra,Pune,Pune(Khadiki),Tomato,Local,FAQ,02/03/2022,1000,1200,1100,78
Maharashtra,Pune,Pune(Khadiki),Tomato,Local,FAQ,06/03/2022,1000,1800,1400,78
Maharashtra,Pune,Pune(Khadiki),Tomato,Local,FAQ,23/03/2022,800,1300,1050,78
Maharashtra,Pune,Pune(Khadiki),Tomato,Local,FAQ,26/03/2022,1000,1200,1150,78
Maharashtra,Pune,Pune(Khadiki),Tomato,Local,FAQ,31/03/2022,800,1200,1000,78
Maharashtra,Pune,Pune(Khadiki),Tomato,Local,FAQ,11/04/2022,1000,12000,1100,78
Maharashtra,Pune,Pune(Khadiki),Tomato,Local,FAQ,19/04/2022,700,1200,950,78
Maharashtra,Pune,Pune(Khadiki),Tomato,Local,FAQ,20/04/2022,800,1200,1000,78
Maharashtra,Pune,Pune(Khadiki),Tomato,Local,FAQ,21/04/2022,700,1200,950,78
Maharashtra,Pune,Pune(Khadiki),Tomato,Local,FAQ,28/04/2022,700,1000,850,78
Maharashtra,Pune,Pune(Khadiki),Tomato,Local,FAQ,02/05/2022,800,1300,1050,78
Maharashtra,Pune,Pune(Khadiki),Tomato,Local,FAQ,08/05/2022,1800,2500,2150,78
Maharashtra,Pune,Pune(Khadiki),Tomato,Local,FAQ,14/05/2022,1800,2500,2150,78
Maharashtra,Pune,Pune(Khadiki),Tomato,Local,FAQ,16/05/2022,1800,2400,2100,78
Maharashtra,Pune,Pune(Khadiki),Tomato,Local,FAQ,20/05/2022,1800,3200,2000,78
Maharashtra,Pune,Pune(Khadiki),Tomato,Local,FAQ,24/05/2022,2400,2500,2450,78
Maharashtra,Pune,Pune(Khadiki),Tomato,Local,FAQ,31/05/2022,2500,4000,3250,78
Maharashtra,Pune,Pune(Khadiki),Tomato,Local,FAQ,05/06/2022,2200,3500,2850,78
Maharashtra,Pune,Pune(Khadiki),Tomato,Local,FAQ,17/06/2022,2000,3200,2600,78
Maharashtra,Pune,Pune(Khadiki),Tomato,Local,FAQ,19/06/2022,2500,3000,2750,78
Maharashtra,Pune,Pune(Khadiki),Tomato,Local,FAQ,23/06/2022,2000,3000,2500,78
Maharashtra,Pune,Pune(Khadiki),Tomato,Local,FAQ,24/06/2022,2000,3000,2500,78
Maharashtra,Pune,Pune(Khadiki),Tomato,Local,FAQ,26/06/2022,2200,3000,2600,78
Maharashtra,Pune,Pune(Khadiki),Tomato,Local,FAQ,04/07/2022,1900,3000,2450,78
Maharashtra,Pune,Pune(Khadiki),Tomato,Local,FAQ,05/07/2022,2000,3000,2500,78
Maharashtra,Pune,Pune(Khadiki),Tomato,Local,FAQ,07/07/2022,1800,2500,2150,78
Maharashtra,Pune,Pune(Khadiki),Tomato,Local,FAQ,08/07/2022,1200,2000,1600,78
Maharashtra,Pune,Pune(Khadiki),Tomato,Local,FAQ,13/07/2022,1500,2000,1750,78
Maharashtra,Pune,Pune(Khadiki),Tomato,Local,FAQ,18/07/2022,1000,2000,1500,78
Maharashtra,Pune,Pune(Khadiki),Tomato,Local,FAQ,23/07/2022,800,1400,1100,78
Maharashtra,Pune,Pune(Khadiki),Tomato,Local,FAQ,29/07/2022,800,1400,1100,78
Maharashtra,Pune,Pune(Khadiki),Tomato,Local,FAQ,06/08/2022,1000,1300,1150,78
Maharashtra,Pune,Pune(Khadiki),Tomato,Local,FAQ,19/08/2022,800,1500,1150,78
Maharashtra,Pune,Pune(Khadiki),Tomato,Local,FAQ,25/08/2022,800,1200,1000,78
Maharashtra,Pune,Pune(Khadiki),Tomato,Local,FAQ,08/09/2022,800,1600,1200,78
Maharashtra,Pune,Pune(Khadiki),Tomato,Local,FAQ,22/09/2022,1000,1500,1250,78
Maharashtra,Pune,Pune(Khadiki),Tomato,Local,FAQ,25/09/2022,1000,1600,1300,78
Maharashtra,Pune,Pune(Khadiki),Tomato,Local,FAQ,26/09/2022,1000,1500,1250,78
Maharashtra,Pune,Pune(Khadiki),Tomato,Local,FAQ,30/09/2022,1000,1500,1250,78
Maharashtra,Pune,Pune(Khadiki),Tomato,Local,FAQ,17/10/2022,1400,1600,1500,78
Maharashtra,Pune,Pune(Khadiki),Tomato,Local,FAQ,24/10/2022,1500,2500,2000,78
Maharashtra,Pune,Pune(Khadiki),Tomato,Local,FAQ,03/11/2022,1000,1600,1300,78
Maharashtra,Pune,Pune(Khadiki),Tomato,Local,FAQ,15/11/2022,800,1400,1100,78
Maharashtra,Pune,Pune(Khadiki),Tomato,Local,FAQ,16/11/2022,800,1300,1050,78
Maharashtra,Pune,Pune(Khadiki),Tomato,Local,FAQ,23/11/2022,500,1200,850,78
Maharashtra,Pune,Pune(Khadiki),Tomato,Local,FAQ,24/11/2022,700,800,750,78
Maharashtra,Pune,Pune(Khadiki),Tomato,Local,FAQ,02/12/2022,600,800,700,78
Maharashtra,Pune,Pune(Khadiki),Tomato,Local,FAQ,05/12/2022,500,700,600,78
Maharashtra,Pune,Pune(Khadiki),Tomato,Local,FAQ,06/12/2022,500,800,650,78
Maharashtra,Pune,Pune(Khadiki),Tomato,Local,FAQ,16/12/2022,500,800,650,78
Maharashtra,Pune,Pune(Khadiki),Tomato,Local,FAQ,18/12/2022,500,800,650,78
Maharashtra,Pune,Pune(Khadiki),Tomato,Local,FAQ,26/12/2022,500,800,650,78
Maharashtra,Pune,Pune(Khadiki),Tomato,Local,Local,02/03/2025,700,1200,950,78
Maharashtra,Pune,Pune(Khadiki),Tomato,Local,Local,10/03/2025,1000,1800,1400,78
Maharashtra,Pune,Pune(Khadiki),Tomato,Local,Local,14/03/2025,900,1400,1150,78
Maharashtra,Pune,Pune(Khadiki),Tomato,Local,Local,15/03/2025,1000,1800,1400,78
Maharashtra,Pune,Pune(Khadiki),Tomato,Local,Local,23/03/2025,1000,1600,1300,78
Maharashtra,Pune,Pune(Khadiki),Tomato,Local,Local,24/03/2025,1000,1600,1300,78
Maharashtra,Pune,Pune(Khadiki),Tomato,Local,Local,25/03/2025,1000,1600,1300,78
Maharashtra,Pune,Pune(Khadiki),Tomato,Local,FAQ,08/01/2025,700,1200,950,78
Maharashtra,Pune,Pune(Khadiki),Tomato,Local,FAQ,20/01/2025,800,1800,1300,78
Maharashtra,Pune,Pune(Khadiki),Tomato,Local,FAQ,18/01/2025,1000,1600,1300,78
Maharashtra,Pune,Pune(Khadiki),Tomato,Local,FAQ,03/01/2023,600,800,700,78
Maharashtra,Pune,Pune(Khadiki),Tomato,Local,FAQ,11/01/2023,600,1000,800,78
Maharashtra,Pune,Pune(Khadiki),Tomato,Local,FAQ,28/01/2023,700,1200,950,78
Maharashtra,Pune,Pune(Khadiki),Tomato,Local,FAQ,01/02/2023,800,1200,1000,78
Maharashtra,Pune,Pune(Khadiki),Tomato,Local,FAQ,10/02/2023,800,1000,1000,78
Maharashtra,Pune,Pune(Khadiki),Tomato,Local,FAQ,12/02/2023,700,950,700,78
Maharashtra,Pune,Pune(Khadiki),Tomato,Local,FAQ,26/02/2023,800,1400,1150,78
Maharashtra,Pune,Pune(Khadiki),Tomato,Local,FAQ,28/02/2023,800,1400,1100,78
Maharashtra,Pune,Pune(Khadiki),Tomato,Local,FAQ,05/03/2023,80,130,105,78
Maharashtra,Pune,Pune(Khadiki),Tomato,Local,FAQ,07/03/2023,1000,1400,1200,78
Maharashtra,Pune,Pune(Khadiki),Tomato,Local,FAQ,08/03/2023,1000,1400,1200,78
Maharashtra,Pune,Pune(Khadiki),Tomato,Local,FAQ,11/03/2023,1000,1400,1200,78
Maharashtra,Pune,Pune(Khadiki),Tomato,Local,FAQ,16/03/2023,1000,1400,1200,78
Maharashtra,Pune,Pune(Khadiki),Tomato,Local,FAQ,24/03/2023,900,1300,1100,78
Maharashtra,Pune,Pune(Khadiki),Tomato,Local,FAQ,26/03/2023,800,1500,1350,78
Maharashtra,Pune,Pune(Khadiki),Tomato,Local,FAQ,01/04/2023,800,1200,1000,78
Maharashtra,Pune,Pune(Khadiki),Tomato,Local,FAQ,16/04/2023,700,1200,950,78
Maharashtra,Pune,Pune(Khadiki),Tomato,Local,FAQ,17/04/2023,800,1200,1000,78
Maharashtra,Pune,Pune(Khadiki),Tomato,Local,FAQ,18/04/2023,700,1200,950,78
Maharashtra,Pune,Pune(Khadiki),Tomato,Local,FAQ,20/04/2023,700,1300,1000,78
Maharashtra,Pune,Pune(Khadiki),Tomato,Local,FAQ,21/04/2023,700,1200,950,78
Maharashtra,Pune,Pune(Khadiki),Tomato,Local,FAQ,22/04/2023,900,1300,1050,78
Maharashtra,Pune,Pune(Khadiki),Tomato,Local,FAQ,05/05/2023,700,1400,850,78
Maharashtra,Pune,Pune(Khadiki),Tomato,Local,FAQ,11/05/2023,600,1000,800,78
Maharashtra,Pune,Pune(Khadiki),Tomato,Local,FAQ,12/05/2023,700,1000,800,78
Maharashtra,Pune,Pune(Khadiki),Tomato,Local,FAQ,19/05/2023,700,1000,850,78
Maharashtra,Pune,Pune(Khadiki),Tomato,Local,FAQ,22/05/2023,600,1000,800,78
Maharashtra,Pune,Pune(Khadiki),Tomato,Local,FAQ,31/05/2023,600,1000,800,78
Maharashtra,Pune,Pune(Khadiki),Tomato,Local,FAQ,17/06/2023,1200,1800,1500,78
Maharashtra,Pune,Pune(Khadiki),Tomato,Local,FAQ,22/06/2023,1200,1800,1500,78
Maharashtra,Pune,Pune(Khadiki),Tomato,Local,FAQ,12/07/2023,4000,6000,5000,78
Maharashtra,Pune,Pune(Khadiki),Tomato,Local,FAQ,13/07/2023,3000,7000,5000,78
Maharashtra,Pune,Pune(Khadiki),Tomato,Local,FAQ,22/07/2023,3000,6000,4500,78
Maharashtra,Pune,Pune(Khadiki),Tomato,Local,FAQ,26/07/2023,3000,6000,4500,78
Maharashtra,Pune,Pune(Khadiki),Tomato,Local,FAQ,13/08/2023,3000,5000,4000,78
Maharashtra,Pune,Pune(Khadiki),Tomato,Local,FAQ,14/08/2023,2000,5000,3500,78
Maharashtra,Pune,Pune(Khadiki),Tomato,Local,FAQ,17/08/2023,2500,3500,3000,78
Maharashtra,Pune,Pune(Khadiki),Tomato,Local,FAQ,18/08/2023,4000,4000,4000,78
Maharashtra,Pune,Pune(Khadiki),Tomato,Local,FAQ,25/08/2023,1500,3000,2250,78
Maharashtra,Pune,Pune(Khadiki),Tomato,Local,FAQ,26/08/2023,1000,2000,1500,78
Maharashtra,Pune,Pune(Khadiki),Tomato,Local,FAQ,27/08/2023,1000,2500,1750,78
Maharashtra,Pune,Pune(Khadiki),Tomato,Local,FAQ,31/08/2023,1000,2000,1500,78
Maharashtra,Pune,Pune(Khadiki),Tomato,Local,FAQ,03/09/2023,1000,1600,1300,78
Maharashtra,Pune,Pune(Khadiki),Tomato,Local,FAQ,04/09/2023,1000,1600,1300,78
Maharashtra,Pune,Pune(Khadiki),Tomato,Local,FAQ,16/09/2023,500,800,650,78
Maharashtra,Pune,Pune(Khadiki),Tomato,Local,FAQ,23/09/2023,600,1000,800,78
Maharashtra,Pune,Pune(Khadiki),Tomato,Local,FAQ,25/09/2023,400,800,600,78
Maharashtra,Pune,Pune(Khadiki),Tomato,Local,FAQ,30/09/2023,400,800,600,78
Maharashtra,Pune,Pune(Khadiki),Tomato,Local,FAQ,03/10/2023,500,800,650,78
Maharashtra,Pune,Pune(Khadiki),Tomato,Local,FAQ,05/10/2023,500,800,650,78
Maharashtra,Pune,Pune(Khadiki),Tomato,Local,FAQ,11/10/2023,500,800,650,78
Maharashtra,Pune,Pune(Khadiki),Tomato,Local,FAQ,13/10/2023,500,800,600,78
Maharashtra,Pune,Pune(Khadiki),Tomato,Local,FAQ,14/10/2023,500,800,650,78
Maharashtra,Pune,Pune(Khadiki),Tomato,Local,FAQ,16/10/2023,400,700,550,78
Maharashtra,Pune,Pune(Khadiki),Tomato,Local,FAQ,23/10/2023,400,800,600,78
Maharashtra,Pune,Pune(Khadiki),Tomato,Local,FAQ,24/10/2023,500,800,650,78
Maharashtra,Pune,Pune(Khadiki),Tomato,Local,FAQ,26/10/2023,500,800,650,78
Maharashtra,Pune,Pune(Khadiki),Tomato,Local,FAQ,27/10/2023,400,700,550,78
Maharashtra,Pune,Pune(Khadiki),Tomato,Local,FAQ,02/11/2023,400,700,550,78
Maharashtra,Pune,Pune(Khadiki),Tomato,Local,FAQ,06/11/2023,500,800,650,78
Maharashtra,Pune,Pune(Khadiki),Tomato,Local,FAQ,17/11/2023,1000,1800,1400,78
Maharashtra,Pune,Pune(Khadiki),Tomato,Local,FAQ,25/11/2023,1200,2000,1600,78
Maharashtra,Pune,Pune(Khadiki),Tomato,Local,FAQ,28/11/2023,1200,1600,1400,78
Maharashtra,Pune,Pune(Khadiki),Tomato,Local,FAQ,29/11/2023,1200,1700,1450,78
Maharashtra,Pune,Pune(Khadiki),Tomato,Local,FAQ,06/12/2023,1200,1800,1500,78
Maharashtra,Pune,Pune(Khadiki),Tomato,Local,FAQ,10/12/2023,800,1800,1300,78
Maharashtra,Pune,Pune(Khadiki),Tomato,Local,FAQ,16/12/2023,1100,1800,1450,78
Maharashtra,Pune,Pune(Khadiki),Tomato,Local,FAQ,17/12/2023,1000,1600,1300,78
Maharashtra,Pune,Pune(Khadiki),Tomato,Local,FAQ,19/12/2023,1200,1800,1500,78
Maharashtra,Pune,Pune(Khadiki),Tomato,Local,FAQ,26/12/2023,1100,1800,1450,78
Maharashtra,Pune,Pune(Khadiki),Tomato,Local,FAQ,28/12/2023,1000,1800,1400,78
Maharashtra,Pune,Pune(Khadiki),Tomato,Other,FAQ,24/03/2023,90,1400,1150,78
Maharashtra,Pune,Pune(Khadiki),Tomato,Local,FAQ,21/02/2021,600,800,700,78
Maharashtra,Pune,Pune(Khadiki),Tomato,Local,FAQ,23/02/2021,600,1200,900,78
Maharashtra,Pune,Pune(Khadiki),Tomato,Local,FAQ,02/03/2021,700,1200,950,78
Maharashtra,Pune,Pune(Khadiki),Tomato,Local,FAQ,01/04/2021,600,1200,900,78
Maharashtra,Pune,Pune(Khadiki),Tomato,Local,FAQ,09/04/2021,1100,1300,1200,78
Maharashtra,Pune,Pune(Khadiki),Tomato,Local,FAQ,16/04/2021,500,1400,950,78
Maharashtra,Pune,Pune(Khadiki),Tomato,Local,FAQ,03/05/2021,800,1200,1000,78
Maharashtra,Pune,Pune(Khadiki),Tomato,Local,FAQ,07/05/2021,800,1200,1000,78
Maharashtra,Pune,Pune(Khadiki),Tomato,Local,FAQ,18/05/2021,800,1000,900,78
Maharashtra,Pune,Pune(Khadiki),Tomato,Local,FAQ,27/05/2021,800,1000,900,78
Maharashtra,Pune,Pune(Khadiki),Tomato,Local,FAQ,28/05/2021,600,1000,800,78
Maharashtra,Pune,Pune(Khadiki),Tomato,Local,FAQ,07/06/2021,700,1000,850,78
Maharashtra,Pune,Pune(Khadiki),Tomato,Local,FAQ,16/06/2021,500,800,650,78
Maharashtra,Pune,Pune(Khadiki),Tomato,Local,FAQ,20/06/2021,600,800,700,78
Maharashtra,Pune,Pune(Khadiki),Tomato,Local,FAQ,23/06/2021,700,800,750,78
Maharashtra,Pune,Pune(Khadiki),Tomato,Local,FAQ,07/07/2021,700,800,750,78
Maharashtra,Pune,Pune(Khadiki),Tomato,Local,FAQ,09/07/2021,600,800,700,78
Maharashtra,Pune,Pune(Khadiki),Tomato,Local,FAQ,10/07/2021,700,1200,950,78
Maharashtra,Pune,Pune(Khadiki),Tomato,Local,FAQ,13/07/2021,700,1000,850,78
Maharashtra,Pune,Pune(Khadiki),Tomato,Local,FAQ,14/07/2021,600,1000,800,78
Maharashtra,Pune,Pune(Khadiki),Tomato,Local,FAQ,20/07/2021,800,1200,1000,78
Maharashtra,Pune,Pune(Khadiki),Tomato,Local,FAQ,23/07/2021,700,1300,1000,78
Maharashtra,Pune,Pune(Khadiki),Tomato,Local,FAQ,25/07/2021,700,1200,950,78
Maharashtra,Pune,Pune(Khadiki),Tomato,Local,FAQ,27/07/2021,700,1300,1000,78
Maharashtra,Pune,Pune(Khadiki),Tomato,Local,FAQ,28/07/2021,1000,1200,1100,78
Maharashtra,Pune,Pune(Khadiki),Tomato,Local,FAQ,31/07/2021,700,1000,850,78
Maharashtra,Pune,Pune(Khadiki),Tomato,Local,FAQ,01/08/2021,800,1000,900,78
Maharashtra,Pune,Pune(Khadiki),Tomato,Local,FAQ,07/08/2021,900,1200,1050,78
Maharashtra,Pune,Pune(Khadiki),Tomato,Local,FAQ,11/08/2021,700,800,750,78
Maharashtra,Pune,Pune(Khadiki),Tomato,Local,FAQ,03/09/2021,500,700,600,78
Maharashtra,Pune,Pune(Khadiki),Tomato,Local,FAQ,04/09/2021,500,1100,800,78
Maharashtra,Pune,Pune(Khadiki),Tomato,Local,FAQ,05/09/2021,500,700,600,78
Maharashtra,Pune,Pune(Khadiki),Tomato,Local,FAQ,07/09/2021,600,800,700,78
Maharashtra,Pune,Pune(Khadiki),Tomato,Local,FAQ,09/09/2021,600,800,700,78
Maharashtra,Pune,Pune(Khadiki),Tomato,Local,FAQ,10/09/2021,600,800,700,78
Maharashtra,Pune,Pune(Khadiki),Tomato,Local,FAQ,13/09/2021,600,1000,800,78
Maharashtra,Pune,Pune(Khadiki),Tomato,Local,FAQ,14/09/2021,600,800,700,78
Maharashtra,Pune,Pune(Khadiki),Tomato,Local,FAQ,19/09/2021,500,800,650,78
Maharashtra,Pune,Pune(Khadiki),Tomato,Local,FAQ,28/09/2021,1200,1600,1400,78
Maharashtra,Pune,Pune(Khadiki),Tomato,Local,FAQ,07/10/2021,1100,2000,1550,78
Maharashtra,Pune,Pune(Khadiki),Tomato,Local,FAQ,08/10/2021,1500,2500,2000,78
Maharashtra,Pune,Pune(Khadiki),Tomato,Local,FAQ,10/10/2021,1400,1800,1600,78
Maharashtra,Pune,Pune(Khadiki),Tomato,Local,FAQ,17/10/2021,1500,2500,2000,78
Maharashtra,Pune,Pune(Khadiki),Tomato,Local,FAQ,28/10/2021,1500,2500,2000,78
Maharashtra,Pune,Pune(Khadiki),Tomato,Local,FAQ,13/11/2021,1500,25000,2000,78
Maharashtra,Pune,Pune(Khadiki),Tomato,Local,FAQ,14/11/2021,1600,2000,1800,78
Maharashtra,Pune,Pune(Khadiki),Tomato,Local,FAQ,16/11/2021,1800,2000,1900,78
Maharashtra,Pune,Pune(Khadiki),Tomato,Local,FAQ,27/11/2021,2000,2200,2100,78
Maharashtra,Pune,Pune(Khadiki),Tomato,Local,FAQ,04/12/2021,1700,3500,2600,78
Maharashtra,Pune,Pune(Khadiki),Tomato,Local,FAQ,06/12/2021,1600,3000,2300,78
Maharashtra,Pune,Pune(Khadiki),Tomato,Local,FAQ,13/12/2021,1500,2500,2000,78
Maharashtra,Pune,Pune(Khadiki),Tomato,Local,FAQ,14/12/2021,1500,2200,1850,78
Maharashtra,Pune,Pune(Khadiki),Tomato,Local,FAQ,17/12/2021,1200,2500,1850,78
Maharashtra,Pune,Pune(Khadiki),Tomato,Local,FAQ,22/12/2021,1200,1500,1350,78
Maharashtra,Pune,Pune(Khadiki),Tomato,Local,FAQ,28/12/2021,1000,1800,1400,78
Maharashtra,Pune,Pune(Khadiki),Tomato,Local,Local,04/08/2025,1300,2000,1650,78
Maharashtra,Pune,Pune(Khadiki),Tomato,Local,Local,12/08/2025,1000,2000,1500,78
Maharashtra,Pune,Pune(Khadiki),Tomato,Local,Local,13/08/2025,1000,1800,1400,78
Maharashtra,Pune,Pune(Khadiki),Tomato,Local,Local,14/08/2025,1000,1900,1450,78
Maharashtra,Pune,Pune(Khadiki),Tomato,Local,Local,17/08/2025,1000,2000,1500,78
Maharashtra,Pune,Pune(Khadiki),Tomato,Local,Local,19/08/2025,1000,2000,1500,78
Maharashtra,Pune,Pune(Khadiki),Tomato,Local,Local,25/08/2025,1000,2000,1500,78
Maharashtra,Pune,Pune(Khadiki),Tomato,Local,Local,31/08/2025,1000,2000,1500,78
Maharashtra,Pune,Pune(Khadiki),Tomato,Local,Local,08/06/2025,1100,1800,1450,78
Maharashtra,Pune,Pune(Khadiki),Tomato,Local,Local,23/06/2025,1200,1800,1500,78
Maharashtra,Pune,Pune(Khadiki),Tomato,Local,Local,06/06/2025,1000,1800,1400,78
Maharashtra,Pune,Pune(Khadiki),Tomato,Local,Local,18/06/2025,1200,1800,1500,78
Maharashtra,Pune,Pune(Khadiki),Tomato,Local,Local,19/06/2025,1000,1700,1350,78
Maharashtra,Pune,Pune(Khadiki),Tomato,Local,Local,29/06/2025,1000,1600,1300,78
Maharashtra,Pune,Pune(Khadiki),Tomato,Local,Local,03/07/2025,700,1400,1050,78
Maharashtra,Pune,Pune(Khadiki),Tomato,Local,Local,04/07/2025,900,1600,1250,78
Maharashtra,Pune,Pune(Khadiki),Tomato,Local,Local,07/07/2025,1000,1600,1300,78
Maharashtra,Pune,Pune(Khadiki),Tomato,Local,Local,10/07/2025,1000,1700,1350,78
Maharashtra,Pune,Pune(Khadiki),Tomato,Local,Local,18/07/2025,1000,1600,1300,78
Maharashtra,Pune,Pune(Khadiki),Tomato,Local,Local,25/07/2025,1000,1600,1300,78
Maharashtra,Pune,Pune(Khadiki),Tomato,Local,Local,05/09/2025,1000,1800,1400,78
Maharashtra,Pune,Pune(Khadiki),Tomato,Local,Local,10/09/2025,800,2000,1400,78
Maharashtra,Pune,Pune(Khadiki),Tomato,Local,Local,13/09/2025,700,2000,1350,78
Maharashtra,Pune,Pune(Khadiki),Tomato,Local,Local,14/09/2025,700,1000,850,78
Maharashtra,Pune,Pune(Khadiki),Tomato,Local,Local,19/09/2025,700,800,750,78
Maharashtra,Pune,Pune(Khadiki),Tomato,Local,Local,30/09/2025,800,1200,1000,78
Maharashtra,Pune,Pune(Khadiki),Tomato,Local,Local,02/10/2025,600,800,700,78
Maharashtra,Pune,Pune(Khadiki),Tomato,Local,Local,02/11/2025,500,1200,850,78
Maharashtra,Pune,Pune(Khadiki),Tomato,Local,Local,03/10/2025,500,800,650,78
Maharashtra,Pune,Pune(Khadiki),Tomato,Local,Local,04/10/2025,500,800,650,78
Maharashtra,Pune,Pune(Khadiki),Tomato,Local,Local,16/10/2025,700,1200,950,78
Maharashtra,Pune,Pune(Khadiki),Tomato,Local,Local,29/10/2025,600,1200,900,78
Maharashtra,Pune,Pune(Khadiki),Tomato,Local,FAQ,27/02/2021,700,1500,1050,78
Maharashtra,Pune,Pune(Khadiki),Tomato,Local,FAQ,04/03/2021,500,1000,750,78
Maharashtra,Pune,Pune(Khadiki),Tomato,Local,FAQ,10/03/2021,500,800,650,78
Maharashtra,Pune,Pune(Khadiki),Tomato,Local,FAQ,14/03/2021,700,1000,850,78
Maharashtra,Pune,Pune(Khadiki),Tomato,Local,FAQ,16/03/2021,700,1000,850,78
Maharashtra,Pune,Pune(Khadiki),Tomato,Local,FAQ,21/03/2021,800,1000,900,78
Maharashtra,Pune,Pune(Khadiki),Tomato,Local,FAQ,30/03/2021,700,1000,850,78
Maharashtra,Pune,Pune(Khadiki),Tomato,Local,FAQ,06/04/2021,800,1500,1350,78
Maharashtra,Pune,Pune(Khadiki),Tomato,Local,FAQ,08/04/2021,800,1000,900,78
Maharashtra,Pune,Pune(Khadiki),Tomato,Local,FAQ,14/04/2021,800,1400,1100,78
Maharashtra,Pune,Pune(Khadiki),Tomato,Local,FAQ,15/04/2021,500,1600,1050,78
Maharashtra,Pune,Pune(Khadiki),Tomato,Local,FAQ,19/04/2021,800,1000,900,78
Maharashtra,Pune,Pune(Khadiki),Tomato,Local,FAQ,22/04/2021,800,1400,1100,78
Maharashtra,Pune,Pune(Khadiki),Tomato,Local,FAQ,28/04/2021,800,1200,1000,78
Maharashtra,Pune,Pune(Khadiki),Tomato,Local,FAQ,29/04/2021,800,1000,900,78
Maharashtra,Pune,Pune(Khadiki),Tomato,Local,FAQ,30/04/2021,800,1200,1000,78
Maharashtra,Pune,Pune(Khadiki),Tomato,Local,FAQ,13/05/2021,800,1000,900,78
Maharashtra,Pune,Pune(Khadiki),Tomato,Local,FAQ,14/05/2021,800,1000,900,78
Maharashtra,Pune,Pune(Khadiki),Tomato,Local,FAQ,19/05/2021,800,1000,900,78
Maharashtra,Pune,Pune(Khadiki),Tomato,Local,FAQ,02/06/2021,500,1000,750,78
Maharashtra,Pune,Pune(Khadiki),Tomato,Local,FAQ,26/06/2021,600,1000,800,78
Maharashtra,Pune,Pune(Khadiki),Tomato,Local,FAQ,01/07/2021,700,800,750,78
Maharashtra,Pune,Pune(Khadiki),Tomato,Local,FAQ,12/08/2021,500,1000,750,78
Maharashtra,Pune,Pune(Khadiki),Tomato,Local,FAQ,13/08/2021,700,1000,850,78
Maharashtra,Pune,Pune(Khadiki),Tomato,Local,FAQ,17/08/2021,700,1000,850,78
Maharashtra,Pune,Pune(Khadiki),Tomato,Local,FAQ,24/08/2021,700,1000,850,78
Maharashtra,Pune,Pune(Khadiki),Tomato,Local,FAQ,16/09/2021,500,700,600,78
Maharashtra,Pune,Pune(Khadiki),Tomato,Local,FAQ,18/09/2021,500,700,600,78
Maharashtra,Pune,Pune(Khadiki),Tomato,Local,FAQ,23/09/2021,700,1000,850,78
Maharashtra,Pune,Pune(Khadiki),Tomato,Local,FAQ,26/09/2021,800,1300,1050,78
Maharashtra,Pune,Pune(Khadiki),Tomato,Local,FAQ,30/09/2021,1000,1400,1200,78
Maharashtra,Pune,Pune(Khadiki),Tomato,Local,FAQ,03/10/2021,1200,2000,1600,78
Maharashtra,Pune,Pune(Khadiki),Tomato,Local,FAQ,09/10/2021,1400,2000,1700,78
Maharashtra,Pune,Pune(Khadiki),Tomato,Local,FAQ,13/10/2021,1500,2000,1750,78
Maharashtra,Pune,Pune(Khadiki),Tomato,Local,FAQ,15/10/2021,1800,2500,2150,78
Maharashtra,Pune,Pune(Khadiki),Tomato,Local,FAQ,19/10/2021,1500,3000,2250,78
Maharashtra,Pune,Pune(Khadiki),Tomato,Local,FAQ,23/10/2021,1500,2000,1750,78
Maharashtra,Pune,Pune(Khadiki),Tomato,Local,FAQ,24/10/2021,1500,3000,2250,78
Maharashtra,Pune,Pune(Khadiki),Tomato,Local,FAQ,26/10/2021,1500,2500,2000,78
Maharashtra,Pune,Pune(Khadiki),Tomato,Local,FAQ,01/11/2021,1200,3500,2350,78
Maharashtra,Pune,Pune(Khadiki),Tomato,Local,FAQ,11/11/2021,1700,2500,2100,78
Maharashtra,Pune,Pune(Khadiki),Tomato,Local,FAQ,12/11/2021,1500,2500,2000,78
Maharashtra,Pune,Pune(Khadiki),Tomato,Local,FAQ,23/11/2021,1700,3200,2450,78
Maharashtra,Pune,Pune(Khadiki),Tomato,Local,FAQ,02/12/2021,2200,3500,2850,78
Maharashtra,Pune,Pune(Khadiki),Tomato,Local,FAQ,07/12/2021,1200,2000,1600,78
Maharashtra,Pune,Pune(Khadiki),Tomato,Local,FAQ,11/12/2021,1800,3000,2400,78
Maharashtra,Pune,Pune(Khadiki),Tomato,Local,FAQ,12/12/2021,1500,2500,2000,78
Maharashtra,Pune,Pune(Khadiki),Tomato,Local,FAQ,21/12/2021,1500,2500,2000,78
Maharashtra,Pune,Pune(Khadiki),Tomato,Local,FAQ,23/12/2021,1400,1800,1600,78
Maharashtra,Pune,Pune(Khadiki),Tomato,Local,FAQ,30/12/2021,1400,2000,1700,78
Maharashtra,Pune,Pune(Khadiki),Tomato,Local,FAQ,31/12/2021,1200,2000,1600,78
Maharashtra,Pune,Pune(Khadiki),Tomato,Local,FAQ,07/01/2024,1300,1800,1550,78
Maharashtra,Pune,Pune(Khadiki),Tomato,Local,FAQ,08/01/2024,1000,1500,1250,78
Maharashtra,Pune,Pune(Khadiki),Tomato,Local,FAQ,20/01/2024,1200,1800,1500,78
Maharashtra,Pune,Pune(Khadiki),Tomato,Local,FAQ,23/01/2024,1000,1500,1250,78
Maharashtra,Pune,Pune(Khadiki),Tomato,Local,FAQ,04/02/2024,2000,2700,2350,78
Maharashtra,Pune,Pune(Khadiki),Tomato,Local,FAQ,14/02/2024,1200,1700,1450,78
Maharashtra,Pune,Pune(Khadiki),Tomato,Local,FAQ,19/02/2024,1000,1600,1350,78
Maharashtra,Pune,Pune(Khadiki),Tomato,Local,FAQ,22/02/2024,800,1400,1150,78
Maharashtra,Pune,Pune(Khadiki),Tomato,Local,FAQ,23/02/2024,800,1300,1050,78
Maharashtra,Pune,Pune(Khadiki),Tomato,Local,FAQ,03/03/2024,1000,1400,1200,78
Maharashtra,Pune,Pune(Khadiki),Tomato,Local,FAQ,17/03/2024,700,1200,950,78
Maharashtra,Pune,Pune(Khadiki),Tomato,Local,FAQ,14/04/2024,700,1300,1000,78
Maharashtra,Pune,Pune(Khadiki),Tomato,Local,FAQ,21/04/2024,800,2100,1400,78
Maharashtra,Pune,Pune(Khadiki),Tomato,Local,FAQ,12/06/2024,1400,1800,1600,78
Maharashtra,Pune,Pune(Khadiki),Tomato,Local,FAQ,18/06/2024,1200,1800,1500,78
Maharashtra,Pune,Pune(Khadiki),Tomato,Local,FAQ,23/06/2024,1500,2000,1750,78
Maharashtra,Pune,Pune(Khadiki),Tomato,Local,FAQ,30/06/2024,1600,2200,1900,78
Maharashtra,Pune,Pune(Khadiki),Tomato,Local,FAQ,21/05/2024,700,1300,1000,78
Maharashtra,Pune,Pune(Khadiki),Tomato,Local,FAQ,22/05/2024,700,1400,1050,78
Maharashtra,Pune,Pune(Khadiki),Tomato,Local,FAQ,29/05/2024,700,1400,1050,78
Maharashtra,Pune,Pune(Khadiki),Tomato,Local,FAQ,12/05/2024,700,1500,1100,78
Maharashtra,Pune,Pune(Khadiki),Tomato,Local,FAQ,12/01/2025,1000,1600,1300,78
Maharashtra,Pune,Pune(Khadiki),Tomato,Local,Local,02/02/2025,700,1200,950,78
Maharashtra,Pune,Pune(Khadiki),Tomato,Local,Local,05/02/2025,600,1100,850,78
Maharashtra,Pune,Pune(Khadiki),Tomato,Local,Local,22/02/2025,500,1000,750,78
Maharashtra,Pune,Pune(Khadiki),Tomato,Local,Local,25/02/2025,500,1000,750,78
Maharashtra,Pune,Pune(Khadiki),Tomato,Local,FAQ,02/09/2024,1000,1600,1300,78
Maharashtra,Pune,Pune(Khadiki),Tomato,Local,FAQ,25/09/2024,900,1500,1200,78
Maharashtra,Pune,Pune(Khadiki),Tomato,Local,FAQ,05/09/2024,1000,1500,1250,78
Maharashtra,Pune,Pune(Khadiki),Tomato,Local,FAQ,07/09/2024,800,1400,1100,78
Maharashtra,Pune,Pune(Khadiki),Tomato,Local,FAQ,30/09/2024,1100,2100,1650,78
Maharashtra,Pune,Pune(Khadiki),Tomato,Local,FAQ,24/10/2024,1000,2200,1600,78
Maharashtra,Pune,Pune(Khadiki),Tomato,Local,FAQ,10/10/2024,1500,2200,1850,78
Maharashtra,Pune,Pune(Khadiki),Tomato,Local,FAQ,25/10/2024,1600,2400,2000,78
Maharashtra,Pune,Pune(Khadiki),Tomato,Local,FAQ,11/10/2024,1200,2300,1750,78
Maharashtra,Pune,Pune(Khadiki),Tomato,Local,FAQ,01/01/2023,500,700,600,78
Maharashtra,Pune,Pune(Khadiki),Tomato,Local,FAQ,06/01/2023,500,1000,750,78
Maharashtra,Pune,Pune(Khadiki),Tomato,Local,FAQ,12/01/2023,700,1000,850,78
Maharashtra,Pune,Pune(Khadiki),Tomato,Local,FAQ,14/01/2023,700,1000,850,78
Maharashtra,Pune,Pune(Khadiki),Tomato,Local,FAQ,15/01/2023,500,1000,750,78
Maharashtra,Pune,Pune(Khadiki),Tomato,Local,FAQ,19/01/2023,1000,1200,1100,78
Maharashtra,Pune,Pune(Khadiki),Tomato,Local,FAQ,27/01/2023,700,1200,950,78
Maharashtra,Pune,Pune(Khadiki),Tomato,Local,FAQ,06/02/2023,1000,1400,1200,78
Maharashtra,Pune,Pune(Khadiki),Tomato,Local,FAQ,07/02/2023,800,1200,1000,78
Maharashtra,Pune,Pune(Khadiki),Tomato,Local,FAQ,08/02/2023,800,1200,1000,78
Maharashtra,Pune,Pune(Khadiki),Tomato,Local,FAQ,09/02/2023,600,1200,900,78
Maharashtra,Pune,Pune(Khadiki),Tomato,Local,FAQ,14/02/2023,800,1200,1000,78
Maharashtra,Pune,Pune(Khadiki),Tomato,Local,FAQ,17/02/2023,700,1000,850,78
Maharashtra,Pune,Pune(Khadiki),Tomato,Local,FAQ,18/02/2023,1000,1200,1100,78
Maharashtra,Pune,Pune(Khadiki),Tomato,Local,FAQ,19/02/2023,1000,1400,1200,78
Maharashtra,Pune,Pune(Khadiki),Tomato,Local,FAQ,20/02/2023,700,1100,900,78
Maharashtra,Pune,Pune(Khadiki),Tomato,Local,FAQ,01/03/2023,800,1200,1000,78
Maharashtra,Pune,Pune(Khadiki),Tomato,Local,FAQ,02/03/2023,1000,1400,1200,78
Maharashtra,Pune,Pune(Khadiki),Tomato,Local,FAQ,09/03/2023,1000,1400,1200,78
Maharashtra,Pune,Pune(Khadiki),Tomato,Local,FAQ,21/03/2023,800,1400,1100,78
Maharashtra,Pune,Pune(Khadiki),Tomato,Local,FAQ,31/03/2023,800,1300,1050,78
Maharashtra,Pune,Pune(Khadiki),Tomato,Local,FAQ,07/04/2023,3000,3000,3000,78
Maharashtra,Pune,Pune(Khadiki),Tomato,Local,FAQ,08/04/2023,700,1000,950,78
Maharashtra,Pune,Pune(Khadiki),Tomato,Local,FAQ,09/04/2023,800,1200,1000,78
Maharashtra,Pune,Pune(Khadiki),Tomato,Local,FAQ,24/04/2023,700,1100,900,78
Maharashtra,Pune,Pune(Khadiki),Tomato,Local,FAQ,28/04/2023,700,1000,850,78
Maharashtra,Pune,Pune(Khadiki),Tomato,Local,FAQ,29/04/2023,700,1200,950,78
Maharashtra,Pune,Pune(Khadiki),Tomato,Local,FAQ,13/05/2023,600,1000,800,78
Maharashtra,Pune,Pune(Khadiki),Tomato,Local,FAQ,14/05/2023,700,1000,850,78
Maharashtra,Pune,Pune(Khadiki),Tomato,Local,FAQ,15/05/2023,700,1000,850,78
Maharashtra,Pune,Pune(Khadiki),Tomato,Local,FAQ,17/05/2023,600,1000,850,78
Maharashtra,Pune,Pune(Khadiki),Tomato,Local,FAQ,18/05/2023,700,1000,850,78
Maharashtra,Pune,Pune(Khadiki),Tomato,Local,FAQ,28/05/2023,500,1000,750,78
Maharashtra,Pune,Pune(Khadiki),Tomato,Local,FAQ,03/06/2023,600,900,750,78
Maharashtra,Pune,Pune(Khadiki),Tomato,Local,FAQ,04/06/2023,1000,1600,1300,78
Maharashtra,Pune,Pune(Khadiki),Tomato,Local,FAQ,06/06/2023,1000,1500,1250,78
Maharashtra,Pune,Pune(Khadiki),Tomato,Local,FAQ,07/06/2023,700,1200,950,78
Maharashtra,Pune,Pune(Khadiki),Tomato,Local,FAQ,13/06/2023,1000,1500,1250,78
Maharashtra,Pune,Pune(Khadiki),Tomato,Local,FAQ,27/06/2023,1700,2200,2000,78
Maharashtra,Pune,Pune(Khadiki),Tomato,Local,FAQ,03/07/2023,1300,2300,1800,78
Maharashtra,Pune,Pune(Khadiki),Tomato,Local,FAQ,04/07/2023,1700,2500,2100,78
Maharashtra,Pune,Pune(Khadiki),Tomato,Local,FAQ,06/07/2023,3000,5000,4000,78
Maharashtra,Pune,Pune(Khadiki),Tomato,Local,FAQ,07/07/2023,3000,5000,4000,78
Maharashtra,Pune,Pune(Khadiki),Tomato,Local,FAQ,14/07/2023,4000,6000,5000,78
Maharashtra,Pune,Pune(Khadiki),Tomato,Local,FAQ,15/07/2023,3500,6000,4750,78
Maharashtra,Pune,Pune(Khadiki),Tomato,Local,FAQ,18/07/2023,3500,6000,4550,78
Maharashtra,Pune,Pune(Khadiki),Tomato,Local,FAQ,20/07/2023,3000,6000,4500,78
Maharashtra,Pune,Pune(Khadiki),Tomato,Local,FAQ,24/07/2023,3000,7000,5000,78
Maharashtra,Pune,Pune(Khadiki),Tomato,Local,FAQ,27/07/2023,3000,6000,4500,78
Maharashtra,Pune,Pune(Khadiki),Tomato,Local,FAQ,29/07/2023,3000,6000,4500,78
Maharashtra,Pune,Pune(Khadiki),Tomato,Local,FAQ,01/08/2023,6000,6000,6000,78
Maharashtra,Pune,Pune(Khadiki),Tomato,Local,FAQ,02/08/2023,5000,5000,5000,78
Maharashtra,Pune,Pune(Khadiki),Tomato,Local,FAQ,03/08/2023,2500,6000,4250,78
Maharashtra,Pune,Pune(Khadiki),Tomato,Local,FAQ,04/08/2023,4000,6000,5000,78
Maharashtra,Pune,Pune(Khadiki),Tomato,Local,FAQ,11/08/2023,4000,6000,5000,78
Maharashtra,Pune,Pune(Khadiki),Tomato,Local,FAQ,24/08/2023,2000,3000,2500,78
Maharashtra,Pune,Pune(Khadiki),Tomato,Local,FAQ,12/09/2023,600,1000,800,78
Maharashtra,Pune,Pune(Khadiki),Tomato,Local,FAQ,13/09/2023,700,1000,850,78
Maharashtra,Pune,Pune(Khadiki),Tomato,Local,FAQ,14/09/2023,600,1000,800,78
Maharashtra,Pune,Pune(Khadiki),Tomato,Local,FAQ,15/09/2023,500,1000,750,78
Maharashtra,Pune,Pune(Khadiki),Tomato,Local,FAQ,21/09/2023,500,900,700,78
Maharashtra,Pune,Pune(Khadiki),Tomato,Local,FAQ,02/10/2023,400,800,600,78
Maharashtra,Pune,Pune(Khadiki),Tomato,Local,FAQ,06/10/2023,500,800,650,78
Maharashtra,Pune,Pune(Khadiki),Tomato,Local,FAQ,08/10/2023,500,800,650,78
Maharashtra,Pune,Pune(Khadiki),Tomato,Local,FAQ,10/10/2023,400,800,600,78
Maharashtra,Pune,Pune(Khadiki),Tomato,Local,FAQ,17/10/2023,500,800,650,78
Maharashtra,Pune,Pune(Khadiki),Tomato,Local,FAQ,19/10/2023,400,700,550,78
Maharashtra,Pune,Pune(Khadiki),Tomato,Local,FAQ,01/11/2023,400,700,550,78
Maharashtra,Pune,Pune(Khadiki),Tomato,Local,FAQ,07/11/2023,500,900,700,78
Maharashtra,Pune,Pune(Khadiki),Tomato,Local,FAQ,14/11/2023,500,800,650,78
Maharashtra,Pune,Pune(Khadiki),Tomato,Local,FAQ,22/11/2023,1500,2000,1750,78
Maharashtra,Pune,Pune(Khadiki),Tomato,Local,FAQ,23/11/2023,1200,2000,1600,78
Maharashtra,Pune,Pune(Khadiki),Tomato,Local,FAQ,12/12/2023,1000,1700,1350,78
Maharashtra,Pune,Pune(Khadiki),Tomato,Local,FAQ,23/12/2023,800,1200,1000,78
Maharashtra,Pune,Pune(Khadiki),Tomato,Local,FAQ,27/12/2023,1000,1500,1250,78
Maharashtra,Pune,Pune(Khadiki),Tomato,Local,Local,01/03/2025,600,1100,850,78
Maharashtra,Pune,Pune(Khadiki),Tomato,Local,Local,04/03/2025,700,1000,850,78
Maharashtra,Pune,Pune(Khadiki),Tomato,Local,Local,05/03/2025,500,1200,850,78
Maharashtra,Pune,Pune(Khadiki),Tomato,Local,Local,18/03/2025,1000,1600,1400,78
Maharashtra,Pune,Pune(Khadiki),Tomato,Local,Local,27/03/2025,1000,1600,1300,78
Maharashtra,Pune,Pune(Khadiki),Tomato,Local,Local,09/06/2025,1000,1700,1350,78
Maharashtra,Pune,Pune(Khadiki),Tomato,Local,Local,21/06/2025,800,1400,1100,78
Maharashtra,Pune,Pune(Khadiki),Tomato,Local,Local,28/06/2025,700,1300,1000,78
Maharashtra,Pune,Pune(Khadiki),Tomato,Local,Local,02/07/2025,1000,1600,1300,78
Maharashtra,Pune,Pune(Khadiki),Tomato,Local,Local,14/07/2025,1300,1800,1550,78
Maharashtra,Pune,Pune(Khadiki),Tomato,Local,Local,22/07/2025,1000,1300,1150,78
Maharashtra,Pune,Pune(Khadiki),Tomato,Local,Local,24/07/2025,800,1600,1200,78
Maharashtra,Pune,Pune(Khadiki),Tomato,Local,Local,30/07/2025,1000,1800,1400,78
Maharashtra,Pune,Pune(Khadiki),Tomato,Local,Local,05/04/2025,1000,1600,1400,78
Maharashtra,Pune,Pune(Khadiki),Tomato,Local,Local,13/04/2025,800,1400,1100,78
Maharashtra,Pune,Pune(Khadiki),Tomato,Local,Local,21/04/2025,900,1100,1000,78
Maharashtra,Pune,Pune(Khadiki),Tomato,Local,Local,26/04/2025,700,1300,1000,78
Maharashtra,Pune,Pune(Khadiki),Tomato,Local,Local,12/05/2025,1000,1600,1300,78
Maharashtra,Pune,Pune(Khadiki),Tomato,Local,Local,16/05/2025,700,1200,950,78
Maharashtra,Pune,Pune(Khadiki),Tomato,Local,Local,19/05/2025,700,1200,950,78
Maharashtra,Pune,Pune(Khadiki),Tomato,Local,Local,22/05/2025,900,1400,1150,78
Maharashtra,Pune,Pune(Khadiki),Tomato,Local,Local,31/05/2025,1000,1400,1200,78
Maharashtra,Pune,Pune(Khadiki),Tomato,Local,FAQ,16/10/2024,1200,2300,1750,78
Maharashtra,Pune,Pune(Khadiki),Tomato,Local,FAQ,05/12/2024,1100,2000,1550,78
Maharashtra,Pune,Pune(Khadiki),Tomato,Local,FAQ,26/12/2024,1000,1700,1350,78
Maharashtra,Pune,Pune(Khadiki),Tomato,Local,FAQ,31/12/2024,1000,1600,1300,78
Maharashtra,Pune,Pune(Khadiki),Tomato,Local,FAQ,11/12/2024,1000,1700,1350,78
Maharashtra,Pune,Pune(Khadiki),Tomato,Local,FAQ,19/12/2024,1200,2000,1600,78
Maharashtra,Pune,Pune(Khadiki),Tomato,Local,FAQ,09/11/2024,1000,1800,1400,78
Maharashtra,Pune,Pune(Khadiki),Tomato,Local,FAQ,13/11/2024,1000,1700,1350,78
Maharashtra,Pune,Pune(Khadiki),Tomato,Local,FAQ,15/11/2024,1000,1800,1400,78
Maharashtra,Pune,Pune(Khadiki),Tomato,Local,FAQ,16/11/2024,1000,1800,1400,78
Maharashtra,Pune,Pune(Khadiki),Tomato,Local,FAQ,17/11/2024,1000,1800,1400,78
Maharashtra,Pune,Pune(Khadiki),Tomato,Local,FAQ,18/11/2024,1000,1800,1400,78
Maharashtra,Pune,Pune(Khadiki),Tomato,Local,FAQ,21/11/2024,1000,1800,1400,78
Maharashtra,Pune,Pune(Khadiki),Tomato,Local,FAQ,24/11/2024,1000,1800,1400,78
Maharashtra,Pune,Pune(Khadiki),Tomato,Local,FAQ,25/11/2024,1200,2000,1600,78
Maharashtra,Pune,Pune(Khadiki),Tomato,Local,FAQ,06/08/2024,1200,2000,1600,78
Maharashtra,Pune,Pune(Khadiki),Tomato,Local,FAQ,07/08/2024,1200,2000,1600,78
Maharashtra,Pune,Pune(Khadiki),Tomato,Local,FAQ,08/08/2024,1200,2000,1600,78
Maharashtra,Pune,Pune(Khadiki),Tomato,Local,FAQ,13/08/2024,1200,1800,1500,78
Maharashtra,Pune,Pune(Khadiki),Tomato,Local,FAQ,20/08/2024,1100,1700,1400,78
Maharashtra,Pune,Pune(Khadiki),Tomato,Local,FAQ,27/08/2024,1000,1600,1300,78
Maharashtra,Pune,Pune(Khadiki),Tomato,Local,FAQ,31/08/2024,1000,1600,1300,78
Maharashtra,Pune,Pune(Khadiki),Tomato,Local,FAQ,08/07/2024,2000,2500,2250,78
Maharashtra,Pune,Pune(Khadiki),Tomato,Local,FAQ,28/07/2024,1700,2600,2150,78
Maharashtra,Pune,Pune(Khadiki),Tomato,Local,FAQ,29/07/2024,2000,2700,2350,78
Maharashtra,Pune,Pune(Khadiki),Tomato,Local,FAQ,17/01/2022,1300,1600,1450,78
Maharashtra,Pune,Pune(Khadiki),Tomato,Local,FAQ,21/01/2022,1200,1600,1400,78
Maharashtra,Pune,Pune(Khadiki),Tomato,Local,FAQ,25/01/2022,1000,1500,1250,78
Maharashtra,Pune,Pune(Khadiki),Tomato,Local,FAQ,02/02/2022,1200,1600,1400,78
Maharashtra,Pune,Pune(Khadiki),Tomato,Local,FAQ,09/02/2022,1400,2000,1700,78
Maharashtra,Pune,Pune(Khadiki),Tomato,Local,FAQ,16/02/2022,1000,1400,1200,78
Maharashtra,Pune,Pune(Khadiki),Tomato,Local,FAQ,18/02/2022,800,1400,1100,78
Maharashtra,Pune,Pune(Khadiki),Tomato,Local,FAQ,25/02/2022,1000,1200,1100,78
Maharashtra,Pune,Pune(Khadiki),Tomato,Local,FAQ,26/02/2022,1000,1200,1100,78
Maharashtra,Pune,Pune(Khadiki),Tomato,Local,FAQ,28/02/2022,800,1300,1050,78
Maharashtra,Pune,Pune(Khadiki),Tomato,Local,FAQ,08/03/2022,1000,1200,1100,78
Maharashtra,Pune,Pune(Khadiki),Tomato,Local,FAQ,09/03/2022,600,1200,1000,78
Maharashtra,Pune,Pune(Khadiki),Tomato,Local,FAQ,15/03/2022,900,1200,1150,78
Maharashtra,Pune,Pune(Khadiki),Tomato,Local,FAQ,24/03/2022,700,1300,1000,78
Maharashtra,Pune,Pune(Khadiki),Tomato,Local,FAQ,02/04/2022,1000,1400,1200,78
Maharashtra,Pune,Pune(Khadiki),Tomato,Local,FAQ,03/04/2022,800,1300,1050,78
Maharashtra,Pune,Pune(Khadiki),Tomato,Local,FAQ,05/04/2022,800,1400,1100,78
Maharashtra,Pune,Pune(Khadiki),Tomato,Local,FAQ,22/04/2022,700,1200,950,78
Maharashtra,Pune,Pune(Khadiki),Tomato,Local,FAQ,18/05/2022,1600,2500,2050,78
Maharashtra,Pune,Pune(Khadiki),Tomato,Local,FAQ,26/05/2022,2000,3000,2500,78
Maharashtra,Pune,Pune(Khadiki),Tomato,Local,FAQ,28/05/2022,1500,3500,2450,78
Maharashtra,Pune,Pune(Khadiki),Tomato,Local,FAQ,25/06/2022,2500,3000,2750,78
Maharashtra,Pune,Pune(Khadiki),Tomato,Local,FAQ,10/07/2022,1400,2000,1700,78
Maharashtra,Pune,Pune(Khadiki),Tomato,Local,FAQ,12/07/2022,800,1600,1200,78
Maharashtra,Pune,Pune(Khadiki),Tomato,Local,FAQ,24/07/2022,1000,1400,1200,78
Maharashtra,Pune,Pune(Khadiki),Tomato,Local,FAQ,05/08/2022,1000,1400,1200,78
Maharashtra,Pune,Pune(Khadiki),Tomato,Local,FAQ,07/08/2022,800,1200,1000,78
Maharashtra,Pune,Pune(Khadiki),Tomato,Local,FAQ,09/08/2022,1000,1300,1050,78
Maharashtra,Pune,Pune(Khadiki),Tomato,Local,FAQ,10/08/2022,1000,1200,1100,78
Maharashtra,Pune,Pune(Khadiki),Tomato,Local,FAQ,11/08/2022,1000,1200,1100,78
Maharashtra,Pune,Pune(Khadiki),Tomato,Local,FAQ,13/08/2022,1000,1200,1100,78
Maharashtra,Pune,Pune(Khadiki),Tomato,Local,FAQ,18/08/2022,1000,1400,1200,78
Maharashtra,Pune,Pune(Khadiki),Tomato,Local,FAQ,21/08/2022,1000,1400,1200,78
Maharashtra,Pune,Pune(Khadiki),Tomato,Local,FAQ,26/08/2022,1000,1300,1150,78
Maharashtra,Pune,Pune(Khadiki),Tomato,Local,FAQ,03/09/2022,700,1200,950,78
Maharashtra,Pune,Pune(Khadiki),Tomato,Local,FAQ,04/09/2022,800,1300,1050,78
Maharashtra,Pune,Pune(Khadiki),Tomato,Local,FAQ,05/09/2022,800,1000,900,78
Maharashtra,Pune,Pune(Khadiki),Tomato,Local,FAQ,13/09/2022,700,1200,950,78
Maharashtra,Pune,Pune(Khadiki),Tomato,Local,FAQ,15/09/2022,700,1100,900,78
Maharashtra,Pune,Pune(Khadiki),Tomato,Local,FAQ,01/10/2022,1000,1500,1250,78
Maharashtra,Pune,Pune(Khadiki),Tomato,Local,FAQ,03/10/2022,1200,1500,1350,78
Maharashtra,Pune,Pune(Khadiki),Tomato,Local,FAQ,05/10/2022,800,1500,1150,78
Maharashtra,Pune,Pune(Khadiki),Tomato,Local,FAQ,16/10/2022,1400,2000,1700,78
Maharashtra,Pune,Pune(Khadiki),Tomato,Local,FAQ,29/10/2022,1800,2200,2000,78
Maharashtra,Pune,Pune(Khadiki),Tomato,Local,FAQ,31/10/2022,1500,2500,2000,78
Maharashtra,Pune,Pune(Khadiki),Tomato,Local,FAQ,13/11/2022,900,1400,1150,78
Maharashtra,Pune,Pune(Khadiki),Tomato,Local,FAQ,19/11/2022,700,1300,1000,78
Maharashtra,Pune,Pune(Khadiki),Tomato,Local,FAQ,22/11/2022,600,1000,800,78
Maharashtra,Pune,Pune(Khadiki),Tomato,Local,FAQ,04/12/2022,600,900,750,78
Maharashtra,Pune,Pune(Khadiki),Tomato,Local,FAQ,07/12/2022,600,800,700,78
Maharashtra,Pune,Pune(Khadiki),Tomato,Local,FAQ,24/12/2022,500,700,600,78
Maharashtra,Pune,Pune(Khadiki),Tomato,Local,FAQ,28/12/2022,500,800,650,78
Maharashtra,Pune,Pune(Khadiki),Tomato,Local,Local,01/08/2025,1300,2000,1650,78
Maharashtra,Pune,Pune(Khadiki),Tomato,Local,Local,02/08/2025,1300,1900,1600,78
Maharashtra,Pune,Pune(Khadiki),Tomato,Local,Local,05/08/2025,1200,2000,1600,78
Maharashtra,Pune,Pune(Khadiki),Tomato,Local,Local,22/08/2025,1000,1900,1450,78
Maharashtra,Pune,Pune(Khadiki),Tomato,Local,Local,30/08/2025,800,1700,1250,78
Maharashtra,Pune,Pune(Khadiki),Tomato,Local,Local,02/09/2025,800,2000,1400,78
Maharashtra,Pune,Pune(Khadiki),Tomato,Local,Local,08/09/2025,1300,1300,1300,78
Maharashtra,Pune,Pune(Khadiki),Tomato,Local,Local,09/09/2025,1000,1300,1150,78
Maharashtra,Pune,Pune(Khadiki),Tomato,Local,Local,23/09/2025,700,850,780,78
Maharashtra,Pune,Pune(Khadiki),Tomato,Local,Local,01/11/2025,600,1100,850,78
Maharashtra,Pune,Pune(Khadiki),Tomato,Local,Local,05/10/2025,400,1000,700,78
Maharashtra,Pune,Pune(Khadiki),Tomato,Local,Local,08/10/2025,500,900,700,78
Maharashtra,Pune,Pune(Khadiki),Tomato,Local,Local,13/10/2025,700,1000,850,78
Maharashtra,Pune,Pune(Khadiki),Tomato,Local,Local,15/10/2025,700,1000,850,78
Maharashtra,Pune,Pune(Khadiki),Tomato,Local,Local,18/10/2025,800,1000,900,78
Maharashtra,Pune,Pune(Khadiki),Tomato,Local,Local,19/10/2025,600,1000,800,78
Maharashtra,Pune,Pune(Khadiki),Tomato,Local,Local,22/10/2025,700,1000,850,78
Maharashtra,Pune,Pune(Khadiki),Tomato,Local,Local,24/10/2025,800,1000,900,78
Maharashtra,Pune,Pune(Khadiki),Tomato,Local,Local,30/10/2025,1100,1200,1150,78
Maharashtra,Pune,Pune(Khadiki) APMC,Tomato,Local,Local,26/12/2025,700,1200,950,78
Maharashtra,Pune,Pune(Khadiki) APMC,Tomato,Local,Local,22/12/2025,700,1200,950,78
Maharashtra,Pune,Pune(Khadiki) APMC,Tomato,Local,Local,13/12/2025,600,1300,1050,78
Maharashtra,Pune,Pune(Khadiki) APMC,Tomato,Local,Local,30/12/2025,700,1200,950,78
Maharashtra,Pune,Pune(Khadiki) APMC,Tomato,Local,Local,16/11/2025,700,1300,1000,78
Maharashtra,Pune,Pune(Khadiki) APMC,Tomato,Local,Local,10/11/2025,600,1200,900,78
Maharashtra,Pune,Pune(Khadiki) APMC,Tomato,Local,Local,24/01/2026,700,1300,1000,78
Maharashtra,Pune,Pune(Khadiki) APMC,Tomato,Local,Local,17/01/2026,700,1200,950,78
Maharashtra,Pune,Pune(Khadiki) APMC,Tomato,Local,Local,01/02/2026,900,1300,1100,78
Maharashtra,Pune,Pune(Khadiki) APMC,Tomato,Local,Local,05/02/2026,900,1300,1050,78
Maharashtra,Pune,Pune(Khadiki) APMC,Tomato,Local,Local,09/02/2026,700,1300,1000,78
Maharashtra,Pune,Pune(Khadiki) APMC,Tomato,Local,Local,24/11/2025,600,1200,900,78
Maharashtra,Pune,Pune(Khadiki) APMC,Tomato,Local,Local,04/01/2026,900,1300,1100,78
Maharashtra,Pune,Pune(Khadiki) APMC,Tomato,Local,Local,10/12/2025,600,1200,900,78
Maharashtra,Pune,Pune(Khadiki) APMC,Tomato,Local,Local,06/01/2026,700,1300,1000,78
Maharashtra,Pune,Pune(Khadiki) APMC,Tomato,Local,Local,10/01/2026,800,1300,1050,78
Maharashtra,Pune,Pune(Khadiki) APMC,Tomato,Local,Local,25/01/2026,700,1300,1000,78
Maharashtra,Pune,Pune(Khadiki) APMC,Tomato,Local,Local,28/01/2026,700,1200,950,78
Maharashtra,Pune,Pune(Khadiki) APMC,Tomato,Local,Local,30/01/2026,700,1300,1000,78
Maharashtra,Pune,Pune(Khadiki) APMC,Tomato,Local,Local,02/02/2026,800,1300,1050,78
Maharashtra,Pune,Pune(Khadiki) APMC,Tomato,Local,Local,11/02/2026,800,1300,1050,78
Maharashtra,Pune,Pune(Khadiki) APMC,Tomato,Local,Local,17/02/2026,800,1300,1050,78
Maharashtra,Pune,Pune(Khadiki) APMC,Tomato,Local,Local,09/11/2025,700,1100,900,78
Maharashtra,Pune,Pune(Khadiki) APMC,Tomato,Local,Local,15/12/2025,700,1200,950,78
Maharashtra,Pune,Pune(Khadiki) APMC,Tomato,Local,Local,23/12/2025,700,1300,1000,78
Maharashtra,Pune,Pune(Khadiki) APMC,Tomato,Local,Local,07/01/2026,800,1300,1050,78
Maharashtra,Pune,Pune(Khadiki) APMC,Tomato,Local,Local,13/01/2026,700,1300,1000,78
Maharashtra,Pune,Pune(Khadiki) APMC,Tomato,Local,Local,31/01/2026,700,1300,1000,78
Maharashtra,Pune,Pune(Khadiki) APMC,Tomato,Local,Local,21/02/2026,900,1300,1100,78
Maharashtra,Pune,Pune(Khadiki) APMC,Tomato,Local,Local,21/12/2025,700,1200,950,78
Maharashtra,Pune,Pune(Khadiki) APMC,Tomato,Local,Local,06/12/2025,700,1300,1000,78
Maharashtra,Pune,Pune(Khadiki) APMC,Tomato,Local,Local,25/12/2025,700,1300,1000,78
Maharashtra,Pune,Pune(Khadiki) APMC,Tomato,Local,Local,18/12/2025,700,1200,950,78
Maharashtra,Pune,Pune(Khadiki) APMC,Tomato,Local,Local,31/12/2025,700,1400,1050,78
Maharashtra,Pune,Pune(Khadiki) APMC,Tomato,Local,Local,11/12/2025,600,1200,900,78
Maharashtra,Pune,Pune(Khadiki) APMC,Tomato,Local,Local,16/12/2025,700,1200,950,78
Maharashtra,Pune,Pune(Khadiki) APMC,Tomato,Local,Local,01/01/2026,700,1200,950,78
Maharashtra,Pune,Pune(Khadiki) APMC,Tomato,Local,Local,07/12/2025,700,1300,1000,78
Maharashtra,Pune,Pune(Khadiki) APMC,Tomato,Local,Local,01/11/2025,600,1100,850,78
Maharashtra,Pune,Pune(Khadiki) APMC,Tomato,Local,Local,02/11/2025,500,1200,850,78
Maharashtra,Pune,Pune(Khadiki) APMC,Tomato,Local,Local,28/11/2025,700,1200,950,78
Maharashtra,Pune,Pune(Khadiki) APMC,Tomato,Local,Local,03/01/2026,700,1200,950,78
Maharashtra,Pune,Pune(Khadiki) APMC,Tomato,Local,Local,27/01/2026,800,1300,1050,78
Maharashtra,Pune,Pune(Khadiki) APMC,Tomato,Local,Local,04/02/2026,700,1300,1000,78
Maharashtra,Pune,Pune(Khadiki) APMC,Tomato,Local,Local,07/02/2026,800,1200,1000,78
Maharashtra,Pune,Pune(Khadiki) APMC,Tomato,Local,Local,12/02/2026,700,1300,1000,78
Maharashtra,Pune,Pune(Khadiki) APMC,Tomato,Local,Local,10/02/2026,700,1300,1000,78
Maharashtra,Pune,Pune(Khadiki) APMC,Tomato,Local,Local,09/12/2025,500,1200,850,78
Maharashtra,Pune,Pune(Khadiki) APMC,Tomato,Local,Local,14/12/2025,700,1200,950,78
Maharashtra,Pune,Pune(Khadiki) APMC,Tomato,Local,Local,11/01/2026,700,1300,1000,78
Maharashtra,Pune,Pune(Khadiki) APMC,Tomato,Local,Local,12/01/2026,700,1300,1000,78
Maharashtra,Pune,Pune(Khadiki) APMC,Tomato,Local,Local,14/01/2026,700,1200,950,78
Maharashtra,Pune,Pune(Khadiki) APMC,Tomato,Local,Local,12/11/2025,700,1200,950,78
Maharashtra,Pune,Pune(Khadiki) APMC,Tomato,Local,Local,05/11/2025,1000,1200,1100,78
Maharashtra,Pune,Pune(Khadiki) APMC,Tomato,Local,Local,13/11/2025,800,1200,1000,78
Maharashtra,Pune,Pune(Khadiki) APMC,Tomato,Local,Local,23/11/2025,500,1300,900,78
Maharashtra,Pune,Pune(Khadiki) APMC,Tomato,Local,Local,27/11/2025,600,1200,900,78
Maharashtra,Pune,Pune(Khadiki) APMC,Tomato,Local,Local,06/02/2026,800,1300,1050,78
Maharashtra,Pune,Pune(Khadiki) APMC,Tomato,Local,Local,08/02/2026,800,1300,1050,78
Maharashtra,Pune,Pune(Khadiki) APMC,Tomato,Local,Local,13/02/2026,800,1300,1050,78
Maharashtra,Pune,Pune(Manjri),Tomato,Other,FAQ,01/07/2024,4500,5400,5000,78
Maharashtra,Pune,Pune(Manjri),Tomato,Other,FAQ,03/07/2024,3600,6300,5500,78
Maharashtra,Pune,Pune(Manjri),Tomato,Other,FAQ,17/07/2024,5900,9000,6800,78
Maharashtra,Pune,Pune(Manjri),Tomato,Other,FAQ,19/07/2024,5400,6400,6000,78
Maharashtra,Pune,Pune(Manjri),Tomato,Other,FAQ,20/07/2024,3500,7000,5500,78
Maharashtra,Pune,Pune(Manjri),Tomato,Other,FAQ,21/07/2024,4500,6800,5500,78
Maharashtra,Pune,Pune(Manjri),Tomato,Other,FAQ,22/07/2024,5400,6300,5900,78
Maharashtra,Pune,Pune(Manjri),Tomato,Other,FAQ,01/08/2024,1400,1800,1600,78
Maharashtra,Pune,Pune(Manjri),Tomato,Other,FAQ,05/08/2024,1400,2300,1800,78
Maharashtra,Pune,Pune(Manjri),Tomato,Other,FAQ,08/08/2024,1400,2300,1800,78
Maharashtra,Pune,Pune(Manjri),Tomato,Other,FAQ,23/08/2024,500,1500,1000,78
Maharashtra,Pune,Pune(Manjri),Tomato,Other,FAQ,25/08/2024,1000,2000,1600,78
Maharashtra,Pune,Pune(Manjri),Tomato,Other,FAQ,27/08/2024,500,1500,1000,78
Maharashtra,Pune,Pune(Manjri),Tomato,Other,FAQ,31/08/2024,500,1500,1000,78
Maharashtra,Pune,Pune(Manjri),Tomato,Other,FAQ,02/05/2024,1100,2000,1600,78
Maharashtra,Pune,Pune(Manjri),Tomato,Other,FAQ,20/05/2024,900,1400,1100,78
Maharashtra,Pune,Pune(Manjri),Tomato,Other,FAQ,28/05/2024,1400,2300,1800,78
Maharashtra,Pune,Pune(Manjri),Tomato,Other,FAQ,01/01/2024,2300,2700,2500,78
Maharashtra,Pune,Pune(Manjri),Tomato,Other,FAQ,03/01/2024,2000,4000,3000,78
Maharashtra,Pune,Pune(Manjri),Tomato,Other,FAQ,09/01/2024,1400,1800,1600,78
Maharashtra,Pune,Pune(Manjri),Tomato,Other,FAQ,16/01/2024,2000,3500,2500,78
Maharashtra,Pune,Pune(Manjri),Tomato,Other,FAQ,02/02/2024,2700,3400,3200,78
Maharashtra,Pune,Pune(Manjri),Tomato,Other,FAQ,07/02/2024,1800,3600,2700,78
Maharashtra,Pune,Pune(Manjri),Tomato,Other,FAQ,13/02/2024,1800,2700,2300,78
Maharashtra,Pune,Pune(Manjri),Tomato,Other,FAQ,26/02/2024,1400,2300,1800,78
Maharashtra,Pune,Pune(Manjri),Tomato,Other,FAQ,04/03/2024,400,1400,900,78
Maharashtra,Pune,Pune(Manjri),Tomato,Other,FAQ,12/03/2024,900,1600,1500,78
Maharashtra,Pune,Pune(Manjri),Tomato,Other,FAQ,14/03/2024,900,1400,1100,78
Maharashtra,Pune,Pune(Manjri),Tomato,Other,FAQ,21/03/2024,400,1400,900,78
Maharashtra,Pune,Pune(Manjri),Tomato,Other,FAQ,28/03/2024,900,1400,1100,78
Maharashtra,Pune,Pune(Manjri),Tomato,Other,FAQ,13/04/2024,900,1100,1000,78
Maharashtra,Pune,Pune(Manjri),Tomato,Other,FAQ,30/04/2024,900,1800,1400,78
Maharashtra,Pune,Pune(Manjri),Tomato,Other,FAQ,24/02/2021,400,1100,900,78
Maharashtra,Pune,Pune(Manjri),Tomato,Other,FAQ,27/02/2021,400,1200,900,78
Maharashtra,Pune,Pune(Manjri),Tomato,Other,FAQ,02/03/2021,600,1400,1000,78
Maharashtra,Pune,Pune(Manjri),Tomato,Other,FAQ,27/03/2021,600,1200,900,78
Maharashtra,Pune,Pune(Manjri),Tomato,Other,FAQ,19/04/2021,600,1200,900,78
Maharashtra,Pune,Pune(Manjri),Tomato,Other,FAQ,20/04/2021,400,1000,700,78
Maharashtra,Pune,Pune(Manjri),Tomato,Other,FAQ,22/04/2021,400,800,700,78
Maharashtra,Pune,Pune(Manjri),Tomato,Other,FAQ,23/04/2021,700,1100,800,78
Maharashtra,Pune,Pune(Manjri),Tomato,Other,FAQ,29/04/2021,600,1000,900,78
Maharashtra,Pune,Pune(Manjri),Tomato,Other,FAQ,30/04/2021,700,1200,900,78
Maharashtra,Pune,Pune(Manjri),Tomato,Other,FAQ,19/05/2021,500,1100,900,78
Maharashtra,Pune,Pune(Manjri),Tomato,Other,FAQ,25/05/2021,600,1600,1100,78
Maharashtra,Pune,Pune(Manjri),Tomato,Other,FAQ,26/05/2021,500,1400,900,78
Maharashtra,Pune,Pune(Manjri),Tomato,Other,FAQ,01/06/2021,400,1000,700,78
Maharashtra,Pune,Pune(Manjri),Tomato,Other,FAQ,04/06/2021,400,1000,800,78
Maharashtra,Pune,Pune(Manjri),Tomato,Other,FAQ,20/06/2021,900,1500,1100,78
Maharashtra,Pune,Pune(Manjri),Tomato,Other,FAQ,28/06/2021,400,1100,900,78
Maharashtra,Pune,Pune(Manjri),Tomato,Other,FAQ,01/07/2021,900,1600,1100,78
Maharashtra,Pune,Pune(Manjri),Tomato,Other,FAQ,05/07/2021,400,1000,600,78
Maharashtra,Pune,Pune(Manjri),Tomato,Other,FAQ,14/07/2021,500,1000,700,78
Maharashtra,Pune,Pune(Manjri),Tomato,Other,FAQ,19/07/2021,400,1000,800,78
Maharashtra,Pune,Pune(Manjri),Tomato,Other,FAQ,25/07/2021,600,2000,1400,78
Maharashtra,Pune,Pune(Manjri),Tomato,Other,FAQ,02/08/2021,600,1200,900,78
Maharashtra,Pune,Pune(Manjri),Tomato,Other,FAQ,12/08/2021,400,1000,600,78
Maharashtra,Pune,Pune(Manjri),Tomato,Other,FAQ,14/08/2021,400,700,500,78
Maharashtra,Pune,Pune(Manjri),Tomato,Other,FAQ,17/08/2021,200,500,400,78
Maharashtra,Pune,Pune(Manjri),Tomato,Other,FAQ,22/08/2021,300,700,600,78
Maharashtra,Pune,Pune(Manjri),Tomato,Other,FAQ,23/08/2021,350,800,600,78
Maharashtra,Pune,Pune(Manjri),Tomato,Other,FAQ,02/09/2021,200,600,400,78
Maharashtra,Pune,Pune(Manjri),Tomato,Other,FAQ,04/09/2021,200,600,400,78
Maharashtra,Pune,Pune(Manjri),Tomato,Other,FAQ,06/09/2021,300,600,500,78
Maharashtra,Pune,Pune(Manjri),Tomato,Other,FAQ,10/09/2021,300,800,600,78
Maharashtra,Pune,Pune(Manjri),Tomato,Other,FAQ,14/09/2021,300,500,400,78
Maharashtra,Pune,Pune(Manjri),Tomato,Other,FAQ,30/09/2021,1400,2300,1800,78
Maharashtra,Pune,Pune(Manjri),Tomato,Other,FAQ,01/10/2021,1400,2700,1800,78
Maharashtra,Pune,Pune(Manjri),Tomato,Other,FAQ,17/10/2021,2000,2700,2300,78
Maharashtra,Pune,Pune(Manjri),Tomato,Other,FAQ,19/10/2021,2300,4500,3100,78
Maharashtra,Pune,Pune(Manjri),Tomato,Other,FAQ,03/11/2021,3700,4500,4100,78
Maharashtra,Pune,Pune(Manjri),Tomato,Other,FAQ,09/11/2021,2700,4100,3600,78
Maharashtra,Pune,Pune(Manjri),Tomato,Other,FAQ,10/11/2021,2300,4500,3600,78
Maharashtra,Pune,Pune(Manjri),Tomato,Other,FAQ,21/11/2021,2300,4100,2700,78
Maharashtra,Pune,Pune(Manjri),Tomato,Other,FAQ,23/11/2021,3200,5000,4800,78
Maharashtra,Pune,Pune(Manjri),Tomato,Other,FAQ,26/11/2021,2300,4500,3600,78
Maharashtra,Pune,Pune(Manjri),Tomato,Other,FAQ,06/12/2021,3700,5500,4600,78
Maharashtra,Pune,Pune(Manjri),Tomato,Other,FAQ,07/12/2021,3200,4600,3600,78
Maharashtra,Pune,Pune(Manjri),Tomato,Other,FAQ,15/12/2021,2300,4500,3600,78
Maharashtra,Pune,Pune(Manjri),Tomato,Other,FAQ,22/12/2021,1400,3200,2300,78
Maharashtra,Pune,Pune(Manjri),Tomato,Other,FAQ,23/12/2021,2700,3600,3100,78
Maharashtra,Pune,Pune(Manjri),Tomato,Other,FAQ,28/12/2021,3100,4100,3600,78
Maharashtra,Pune,Pune(Manjri),Tomato,Other,FAQ,30/12/2021,2300,3200,2700,78
Maharashtra,Pune,Pune(Manjri),Tomato,Other,FAQ,13/01/2025,600,900,700,78
Maharashtra,Pune,Pune(Manjri),Tomato,Other,FAQ,19/01/2025,500,1200,800,78
Maharashtra,Pune,Pune(Manjri),Tomato,Other,FAQ,22/01/2025,900,1100,1000,78
Maharashtra,Pune,Pune(Manjri),Tomato,Other,FAQ,03/09/2024,1000,2000,1600,78
Maharashtra,Pune,Pune(Manjri),Tomato,Other,FAQ,07/09/2024,500,1400,1000,78
Maharashtra,Pune,Pune(Manjri),Tomato,Other,FAQ,11/09/2024,1500,2000,1800,78
Maharashtra,Pune,Pune(Manjri),Tomato,Other,FAQ,13/09/2024,1500,3000,2200,78
Maharashtra,Pune,Pune(Manjri),Tomato,Other,FAQ,14/09/2024,1500,2000,1800,78
Maharashtra,Pune,Pune(Manjri),Tomato,Other,FAQ,08/06/2024,3200,3600,3400,78
Maharashtra,Pune,Pune(Manjri),Tomato,Other,FAQ,22/06/2024,3600,4500,4100,78
Maharashtra,Pune,Pune(Manjri),Tomato,Other,FAQ,29/06/2024,3600,5400,4500,78
Maharashtra,Pune,Pune(Manjri),Tomato,Other,FAQ,01/01/2022,1200,3600,2300,78
Maharashtra,Pune,Pune(Manjri),Tomato,Other,FAQ,04/01/2022,2300,3200,2700,78
Maharashtra,Pune,Pune(Manjri),Tomato,Other,FAQ,08/01/2022,900,2000,1450,78
Maharashtra,Pune,Pune(Manjri),Tomato,Other,FAQ,14/01/2022,1400,2700,2300,78
Maharashtra,Pune,Pune(Manjri),Tomato,Other,FAQ,17/01/2022,1100,1800,1400,78
Maharashtra,Pune,Pune(Manjri),Tomato,Other,FAQ,22/01/2022,1800,2700,2300,78
Maharashtra,Pune,Pune(Manjri),Tomato,Other,FAQ,28/01/2022,1400,2700,1800,78
Maharashtra,Pune,Pune(Manjri),Tomato,Other,FAQ,05/02/2022,1800,3200,2300,78
Maharashtra,Pune,Pune(Manjri),Tomato,Other,FAQ,07/02/2022,2300,3200,2700,78
Maharashtra,Pune,Pune(Manjri),Tomato,Other,FAQ,08/02/2022,1400,2300,1800,78
Maharashtra,Pune,Pune(Manjri),Tomato,Other,FAQ,18/02/2022,900,1400,1100,78
Maharashtra,Pune,Pune(Manjri),Tomato,Other,FAQ,25/02/2022,1100,1800,1400,78
Maharashtra,Pune,Pune(Manjri),Tomato,Other,FAQ,26/02/2022,1400,2300,1800,78
Maharashtra,Pune,Pune(Manjri),Tomato,Other,FAQ,28/02/2022,900,1800,1400,78
Maharashtra,Pune,Pune(Manjri),Tomato,Other,FAQ,01/03/2022,900,1800,1400,78
Maharashtra,Pune,Pune(Manjri),Tomato,Other,FAQ,16/03/2022,900,1400,1100,78
Maharashtra,Pune,Pune(Manjri),Tomato,Other,FAQ,19/03/2022,900,1800,1400,78
Maharashtra,Pune,Pune(Manjri),Tomato,Other,FAQ,25/03/2022,400,1400,900,78
Maharashtra,Pune,Pune(Manjri),Tomato,Other,FAQ,26/03/2022,400,1100,900,78
Maharashtra,Pune,Pune(Manjri),Tomato,Other,FAQ,28/03/2022,900,1400,1100,78
Maharashtra,Pune,Pune(Manjri),Tomato,Other,FAQ,07/04/2022,900,1800,1400,78
Maharashtra,Pune,Pune(Manjri),Tomato,Other,FAQ,22/04/2022,1400,2300,1800,78
Maharashtra,Pune,Pune(Manjri),Tomato,Other,FAQ,24/04/2022,900,1800,1400,78
Maharashtra,Pune,Pune(Manjri),Tomato,Other,FAQ,25/04/2022,900,1800,1400,78
Maharashtra,Pune,Pune(Manjri),Tomato,Other,FAQ,27/04/2022,1400,2300,1800,78
Maharashtra,Pune,Pune(Manjri),Tomato,Other,FAQ,06/05/2022,1800,3600,3200,78
Maharashtra,Pune,Pune(Manjri),Tomato,Other,FAQ,09/05/2022,2700,3600,3200,78
Maharashtra,Pune,Pune(Manjri),Tomato,Other,FAQ,11/05/2022,2700,3600,3200,78
Maharashtra,Pune,Pune(Manjri),Tomato,Other,FAQ,14/05/2022,1800,3600,2700,78
Maharashtra,Pune,Pune(Manjri),Tomato,Other,FAQ,15/05/2022,2300,4100,3600,78
Maharashtra,Pune,Pune(Manjri),Tomato,Other,FAQ,18/05/2022,3600,5500,4500,78
Maharashtra,Pune,Pune(Manjri),Tomato,Other,FAQ,20/05/2022,3600,5500,4500,78
Maharashtra,Pune,Pune(Manjri),Tomato,Other,FAQ,23/05/2022,3600,5500,4500,78
Maharashtra,Pune,Pune(Manjri),Tomato,Other,FAQ,24/05/2022,3600,5500,4600,78
Maharashtra,Pune,Pune(Manjri),Tomato,Other,FAQ,04/06/2022,3200,4500,3600,78
Maharashtra,Pune,Pune(Manjri),Tomato,Other,FAQ,06/06/2022,3600,5400,4500,78
Maharashtra,Pune,Pune(Manjri),Tomato,Other,FAQ,07/06/2022,3200,4500,3600,78
Maharashtra,Pune,Pune(Manjri),Tomato,Other,FAQ,15/06/2022,2700,4500,3600,78
Maharashtra,Pune,Pune(Manjri),Tomato,Other,FAQ,24/06/2022,2700,4500,3600,78
Maharashtra,Pune,Pune(Manjri),Tomato,Other,FAQ,13/07/2022,400,1400,900,78
Maharashtra,Pune,Pune(Manjri),Tomato,Other,FAQ,16/07/2022,1400,2300,1800,78
Maharashtra,Pune,Pune(Manjri),Tomato,Other,FAQ,30/07/2022,600,1800,1400,78
Maharashtra,Pune,Pune(Manjri),Tomato,Other,FAQ,09/08/2022,400,1400,900,78
Maharashtra,Pune,Pune(Manjri),Tomato,Other,FAQ,18/08/2022,400,900,600,78
Maharashtra,Pune,Pune(Manjri),Tomato,Other,FAQ,27/08/2022,600,1100,900,78
Maharashtra,Pune,Pune(Manjri),Tomato,Other,FAQ,28/08/2022,400,1100,900,78
Maharashtra,Pune,Pune(Manjri),Tomato,Other,FAQ,31/08/2022,400,900,600,78
Maharashtra,Pune,Pune(Manjri),Tomato,Other,FAQ,02/09/2022,400,1400,900,78
Maharashtra,Pune,Pune(Manjri),Tomato,Other,FAQ,05/09/2022,900,1800,1400,78
Maharashtra,Pune,Pune(Manjri),Tomato,Other,FAQ,17/09/2022,400,1400,900,78
Maharashtra,Pune,Pune(Manjri),Tomato,Other,FAQ,25/09/2022,1400,2600,2200,78
Maharashtra,Pune,Pune(Manjri),Tomato,Other,FAQ,30/09/2022,1200,2200,1600,78
Maharashtra,Pune,Pune(Manjri),Tomato,Other,FAQ,01/10/2022,1000,2000,1500,78
Maharashtra,Pune,Pune(Manjri),Tomato,Other,FAQ,11/10/2022,1300,3200,2200,78
Maharashtra,Pune,Pune(Manjri),Tomato,Other,FAQ,12/10/2022,400,3000,1800,78
Maharashtra,Pune,Pune(Manjri),Tomato,Other,FAQ,20/10/2022,1400,2300,1800,78
Maharashtra,Pune,Pune(Manjri),Tomato,Other,FAQ,25/10/2022,2300,3200,2700,78
Maharashtra,Pune,Pune(Manjri),Tomato,Other,FAQ,03/11/2022,900,1800,1400,78
Maharashtra,Pune,Pune(Manjri),Tomato,Other,FAQ,05/11/2022,400,1400,900,78
Maharashtra,Pune,Pune(Manjri),Tomato,Other,FAQ,15/11/2022,600,1100,900,78
Maharashtra,Pune,Pune(Manjri),Tomato,Other,FAQ,21/11/2022,400,900,600,78
Maharashtra,Pune,Pune(Manjri),Tomato,Other,FAQ,12/12/2022,400,900,600,78
Maharashtra,Pune,Pune(Manjri),Tomato,Other,FAQ,15/12/2022,400,1100,900,78
Maharashtra,Pune,Pune(Manjri),Tomato,Other,FAQ,18/12/2022,200,600,400,78
Maharashtra,Pune,Pune(Manjri),Tomato,Other,FAQ,31/12/2022,400,900,600,78
Maharashtra,Pune,Pune(Manjri),Tomato,Other,Local,01/03/2025,400,1400,900,78
Maharashtra,Pune,Pune(Manjri),Tomato,Other,Local,04/03/2025,900,1800,1400,78
Maharashtra,Pune,Pune(Manjri),Tomato,Other,Local,06/03/2025,900,1800,1400,78
Maharashtra,Pune,Pune(Manjri),Tomato,Other,Local,08/03/2025,1400,1800,1600,78
Maharashtra,Pune,Pune(Manjri),Tomato,Other,Local,13/03/2025,900,1800,1400,78
Maharashtra,Pune,Pune(Manjri),Tomato,Other,Local,18/03/2025,400,900,600,78
Maharashtra,Pune,Pune(Manjri),Tomato,Other,Local,27/03/2025,900,1100,1000,78
Maharashtra,Pune,Pune(Manjri),Tomato,Other,FAQ,02/11/2024,2300,3200,2700,78
Maharashtra,Pune,Pune(Manjri),Tomato,Other,FAQ,06/11/2024,1800,2700,2300,78
Maharashtra,Pune,Pune(Manjri),Tomato,Other,FAQ,07/11/2024,1400,2300,1800,78
Maharashtra,Pune,Pune(Manjri),Tomato,Other,Local,04/02/2025,900,1400,1100,78
Maharashtra,Pune,Pune(Manjri),Tomato,Other,Local,07/02/2025,900,1400,1100,78
Maharashtra,Pune,Pune(Manjri),Tomato,Other,Local,15/02/2025,900,1400,1100,78
Maharashtra,Pune,Pune(Manjri),Tomato,Other,Local,20/02/2025,400,1400,900,78
Maharashtra,Pune,Pune(Manjri),Tomato,Other,Local,21/02/2025,600,1400,900,78
Maharashtra,Pune,Pune(Manjri),Tomato,Other,Local,22/02/2025,600,1400,1100,78
Maharashtra,Pune,Pune(Manjri),Tomato,Other,Local,24/02/2025,900,1800,1400,78
Maharashtra,Pune,Pune(Manjri),Tomato,Other,Local,25/02/2025,600,1400,1000,78
Maharashtra,Pune,Pune(Manjri),Tomato,Other,FAQ,04/12/2024,1800,3600,2700,78
Maharashtra,Pune,Pune(Manjri),Tomato,Other,FAQ,07/12/2024,900,1800,1400,78
Maharashtra,Pune,Pune(Manjri),Tomato,Other,FAQ,09/12/2024,900,1800,1400,78
Maharashtra,Pune,Pune(Manjri),Tomato,Other,FAQ,15/12/2024,1000,2000,1600,78
Maharashtra,Pune,Pune(Manjri),Tomato,Other,FAQ,28/12/2024,900,1800,1400,78
Maharashtra,Pune,Pune(Manjri),Tomato,Other,FAQ,12/11/2024,1800,2700,2300,78
Maharashtra,Pune,Pune(Manjri),Tomato,Other,FAQ,14/11/2024,2300,3200,2700,78
Maharashtra,Pune,Pune(Manjri),Tomato,Other,FAQ,19/11/2024,1800,2700,2300,78
Maharashtra,Pune,Pune(Manjri),Tomato,Other,FAQ,26/11/2024,2300,3200,2700,78
Maharashtra,Pune,Pune(Manjri),Tomato,Other,Local,06/06/2025,1400,2700,2000,78
Maharashtra,Pune,Pune(Manjri),Tomato,Other,Local,10/06/2025,1000,2000,1500,78
Maharashtra,Pune,Pune(Manjri),Tomato,Other,Local,11/06/2025,2000,2500,2200,78
Maharashtra,Pune,Pune(Manjri),Tomato,Other,Local,21/06/2025,1500,3500,2500,78
Maharashtra,Pune,Pune(Manjri),Tomato,Other,Local,23/06/2025,1000,3000,2000,78
Maharashtra,Pune,Pune(Manjri),Tomato,Other,Local,30/06/2025,1000,3000,2000,78
Maharashtra,Pune,Pune(Manjri),Tomato,Other,Local,05/07/2025,2000,3000,2500,78
Maharashtra,Pune,Pune(Manjri),Tomato,Other,Local,08/07/2025,1000,2000,1500,78
Maharashtra,Pune,Pune(Manjri),Tomato,Other,Local,13/07/2025,1000,3000,2000,78
Maharashtra,Pune,Pune(Manjri),Tomato,Other,Local,20/07/2025,1500,3500,2500,78
Maharashtra,Pune,Pune(Manjri),Tomato,Other,Local,31/07/2025,1500,4000,2800,78
Maharashtra,Pune,Pune(Manjri),Tomato,Other,Local,06/04/2025,400,1100,700,78
Maharashtra,Pune,Pune(Manjri),Tomato,Other,Local,09/04/2025,900,1400,1100,78
Maharashtra,Pune,Pune(Manjri),Tomato,Other,Local,15/04/2025,400,1400,900,78
Maharashtra,Pune,Pune(Manjri),Tomato,Other,Local,18/04/2025,1000,1400,1200,78
Maharashtra,Pune,Pune(Manjri),Tomato,Other,Local,21/04/2025,500,1500,1000,78
Maharashtra,Pune,Pune(Manjri),Tomato,Other,Local,25/04/2025,400,900,600,78
Maharashtra,Pune,Pune(Manjri),Tomato,Other,Local,02/04/2025,400,900,600,78
Maharashtra,Pune,Pune(Manjri),Tomato,Other,FAQ,24/10/2024,2000,5000,3500,78
Maharashtra,Pune,Pune(Manjri),Tomato,Other,FAQ,21/10/2024,2700,4500,3600,78
Maharashtra,Pune,Pune(Manjri),Tomato,Other,FAQ,28/10/2024,900,2700,1800,78
Maharashtra,Pune,Pune(Manjri),Tomato,Other,FAQ,25/10/2024,2700,4000,3200,78
Maharashtra,Pune,Pune(Manjri),Tomato,Other,FAQ,14/10/2024,3500,6000,5000,78
Maharashtra,Pune,Pune(Manjri),Tomato,Other,FAQ,29/10/2024,1800,3200,2300,78
Maharashtra,Pune,Pune(Manjri),Tomato,Other,FAQ,20/10/2024,4000,6000,5000,78
Maharashtra,Pune,Pune(Manjri),Tomato,Other,FAQ,30/10/2024,1400,2700,2300,78
Maharashtra,Pune,Pune(Manjri),Tomato,Other,FAQ,04/01/2023,400,900,600,78
Maharashtra,Pune,Pune(Manjri),Tomato,Other,FAQ,23/01/2023,900,1400,1100,78
Maharashtra,Pune,Pune(Manjri),Tomato,Other,FAQ,30/01/2023,400,900,600,78
Maharashtra,Pune,Pune(Manjri),Tomato,Other,FAQ,02/02/2023,600,1100,900,78
Maharashtra,Pune,Pune(Manjri),Tomato,Other,FAQ,06/02/2023,900,1400,1100,78
Maharashtra,Pune,Pune(Manjri),Tomato,Other,FAQ,10/02/2023,900,1400,1100,78
Maharashtra,Pune,Pune(Manjri),Tomato,Other,FAQ,16/02/2023,1100,1600,1400,78
Maharashtra,Pune,Pune(Manjri),Tomato,Other,FAQ,26/02/2023,900,1800,1400,78
Maharashtra,Pune,Pune(Manjri),Tomato,Other,FAQ,02/03/2023,1400,2000,1600,78
Maharashtra,Pune,Pune(Manjri),Tomato,Other,FAQ,08/03/2023,1100,1800,1400,78
Maharashtra,Pune,Pune(Manjri),Tomato,Other,FAQ,09/03/2023,1400,2000,1800,78
Maharashtra,Pune,Pune(Manjri),Tomato,Other,FAQ,10/03/2023,1100,2000,1600,78
Maharashtra,Pune,Pune(Manjri),Tomato,Other,FAQ,11/03/2023,600,1400,900,78
Maharashtra,Pune,Pune(Manjri),Tomato,Other,FAQ,18/03/2023,1800,2700,2300,78
Maharashtra,Pune,Pune(Manjri),Tomato,Other,FAQ,22/03/2023,900,2300,1800,78
Maharashtra,Pune,Pune(Manjri),Tomato,Other,FAQ,25/03/2023,600,1400,900,78
Maharashtra,Pune,Pune(Manjri),Tomato,Other,FAQ,31/03/2023,1200,2000,1600,78
Maharashtra,Pune,Pune(Manjri),Tomato,Other,FAQ,14/04/2023,900,1400,1100,78
Maharashtra,Pune,Pune(Manjri),Tomato,Other,FAQ,15/04/2023,900,1400,1100,78
Maharashtra,Pune,Pune(Manjri),Tomato,Other,FAQ,29/04/2023,400,1100,900,78
Maharashtra,Pune,Pune(Manjri),Tomato,Other,FAQ,08/05/2023,400,900,600,78
Maharashtra,Pune,Pune(Manjri),Tomato,Other,FAQ,09/05/2023,600,1100,900,78
Maharashtra,Pune,Pune(Manjri),Tomato,Other,FAQ,12/05/2023,900,1100,1000,78
Maharashtra,Pune,Pune(Manjri),Tomato,Other,FAQ,14/05/2023,900,1100,1000,78
Maharashtra,Pune,Pune(Manjri),Tomato,Other,FAQ,17/05/2023,900,1100,1000,78
Maharashtra,Pune,Pune(Manjri),Tomato,Other,FAQ,22/05/2023,400,600,500,78
Maharashtra,Pune,Pune(Manjri),Tomato,Other,FAQ,31/05/2023,900,1800,1600,78
Maharashtra,Pune,Pune(Manjri),Tomato,Other,FAQ,04/06/2023,900,1100,1000,78
Maharashtra,Pune,Pune(Manjri),Tomato,Other,FAQ,09/06/2023,900,1800,1400,78
Maharashtra,Pune,Pune(Manjri),Tomato,Other,FAQ,12/06/2023,1400,2700,2000,78
Maharashtra,Pune,Pune(Manjri),Tomato,Other,FAQ,19/06/2023,1600,3000,2000,78
Maharashtra,Pune,Pune(Manjri),Tomato,Other,FAQ,21/06/2023,2000,4800,3000,78
Maharashtra,Pune,Pune(Manjri),Tomato,Other,FAQ,01/07/2023,2300,4500,3400,78
Maharashtra,Pune,Pune(Manjri),Tomato,Other,FAQ,04/07/2023,4000,12000,10000,78
Maharashtra,Pune,Pune(Manjri),Tomato,Other,FAQ,12/07/2023,4500,10900,6800,78
Maharashtra,Pune,Pune(Manjri),Tomato,Other,FAQ,28/07/2023,8100,11000,9100,78
Maharashtra,Pune,Pune(Manjri),Tomato,Other,FAQ,07/08/2023,6800,11400,9100,78
Maharashtra,Pune,Pune(Manjri),Tomato,Other,FAQ,22/08/2023,1400,3600,2300,78
Maharashtra,Pune,Pune(Manjri),Tomato,Other,FAQ,24/08/2023,1800,3200,2500,78
Maharashtra,Pune,Pune(Manjri),Tomato,Other,FAQ,26/08/2023,1800,3200,2400,78
Maharashtra,Pune,Pune(Manjri),Tomato,Other,FAQ,05/09/2023,900,1400,1100,78
Maharashtra,Pune,Pune(Manjri),Tomato,Other,FAQ,14/09/2023,900,1400,1100,78
Maharashtra,Pune,Pune(Manjri),Tomato,Other,FAQ,24/09/2023,400,600,500,78
Maharashtra,Pune,Pune(Manjri),Tomato,Other,FAQ,06/10/2023,400,600,500,78
Maharashtra,Pune,Pune(Manjri),Tomato,Other,FAQ,09/10/2023,400,900,600,78
Maharashtra,Pune,Pune(Manjri),Tomato,Other,FAQ,11/10/2023,400,600,500,78
Maharashtra,Pune,Pune(Manjri),Tomato,Other,FAQ,15/10/2023,900,1100,1000,78
Maharashtra,Pune,Pune(Manjri),Tomato,Other,FAQ,17/10/2023,400,600,500,78
Maharashtra,Pune,Pune(Manjri),Tomato,Other,FAQ,20/10/2023,300,800,600,78
Maharashtra,Pune,Pune(Manjri),Tomato,Other,FAQ,21/10/2023,400,900,600,78
Maharashtra,Pune,Pune(Manjri),Tomato,Other,FAQ,23/10/2023,400,900,600,78
Maharashtra,Pune,Pune(Manjri),Tomato,Other,FAQ,29/10/2023,400,800,600,78
Maharashtra,Pune,Pune(Manjri),Tomato,Other,FAQ,31/10/2023,900,1400,1100,78
Maharashtra,Pune,Pune(Manjri),Tomato,Other,FAQ,02/11/2023,600,1100,900,78
Maharashtra,Pune,Pune(Manjri),Tomato,Other,FAQ,06/11/2023,900,1800,1400,78
Maharashtra,Pune,Pune(Manjri),Tomato,Other,FAQ,14/11/2023,1400,1800,1600,78
Maharashtra,Pune,Pune(Manjri),Tomato,Other,FAQ,20/11/2023,1400,3200,2300,78
Maharashtra,Pune,Pune(Manjri),Tomato,Other,FAQ,24/11/2023,2300,3200,2700,78
Maharashtra,Pune,Pune(Manjri),Tomato,Other,FAQ,25/11/2023,2300,3200,2700,78
Maharashtra,Pune,Pune(Manjri),Tomato,Other,FAQ,09/12/2023,1400,2700,2300,78
Maharashtra,Pune,Pune(Manjri),Tomato,Other,FAQ,25/12/2023,2000,2700,2300,78
Maharashtra,Pune,Pune(Manjri),Tomato,Other,FAQ,28/12/2023,3200,3600,3400,78
Maharashtra,Pune,Pune(Manjri),Tomato,Other,FAQ,29/12/2023,2300,4000,3200,78
Maharashtra,Pune,Pune(Manjri),Tomato,Other,Local,06/05/2025,400,1400,900,78
Maharashtra,Pune,Pune(Manjri),Tomato,Other,Local,07/05/2025,900,1800,1400,78
Maharashtra,Pune,Pune(Manjri),Tomato,Other,Local,08/05/2025,400,1000,700,78
Maharashtra,Pune,Pune(Manjri),Tomato,Other,Local,17/05/2025,900,1800,1400,78
Maharashtra,Pune,Pune(Manjri),Tomato,Other,Local,22/05/2025,1800,3200,2500,78
Maharashtra,Pune,Pune(Manjri),Tomato,Other,Local,26/05/2025,900,1400,1100,78
Maharashtra,Pune,Pune(Manjri),Tomato,Other,Local,27/05/2025,600,900,700,78
Maharashtra,Pune,Pune(Manjri),Tomato,Other,Local,05/09/2025,1000,2500,1800,78
Maharashtra,Pune,Pune(Manjri),Tomato,Other,Local,11/09/2025,1000,2000,1500,78
Maharashtra,Pune,Pune(Manjri),Tomato,Other,Local,12/09/2025,1000,2000,1500,78
Maharashtra,Pune,Pune(Manjri),Tomato,Other,Local,23/09/2025,1000,2000,1500,78
Maharashtra,Pune,Pune(Manjri),Tomato,Other,Local,29/09/2025,1000,2000,1500,78
Maharashtra,Pune,Pune(Manjri),Tomato,Other,Local,02/10/2025,1000,2000,1500,78
Maharashtra,Pune,Pune(Manjri),Tomato,Other,Local,05/10/2025,2000,3000,2500,78
Maharashtra,Pune,Pune(Manjri),Tomato,Other,Local,06/10/2025,1500,2600,2200,78
Maharashtra,Pune,Pune(Manjri),Tomato,Other,Local,13/10/2025,1000,2000,1500,78
Maharashtra,Pune,Pune(Manjri),Tomato,Other,Local,18/10/2025,1000,2000,1500,78
Maharashtra,Pune,Pune(Manjri),Tomato,Other,Local,03/08/2025,2000,4500,3000,78
Maharashtra,Pune,Pune(Manjri),Tomato,Other,Local,05/08/2025,2500,5000,4000,78
Maharashtra,Pune,Pune(Manjri),Tomato,Other,Local,19/08/2025,1500,2500,2000,78
Maharashtra,Pune,Pune(Manjri),Tomato,Other,Local,08/02/2025,400,1400,900,78
Maharashtra,Pune,Pune(Manjri),Tomato,Other,Local,13/02/2025,900,1400,1100,78
Maharashtra,Pune,Pune(Manjri),Tomato,Other,Local,14/02/2025,900,1400,1100,78
Maharashtra,Pune,Pune(Manjri),Tomato,Other,Local,17/02/2025,600,1400,1000,78
Maharashtra,Pune,Pune(Manjri),Tomato,Other,Local,18/02/2025,400,900,600,78
Maharashtra,Pune,Pune(Manjri),Tomato,Other,Local,19/02/2025,400,1100,700,78
Maharashtra,Pune,Pune(Manjri),Tomato,Other,Local,23/02/2025,700,2000,1300,78
Maharashtra,Pune,Pune(Manjri),Tomato,Other,FAQ,28/11/2024,1800,4000,2700,78
Maharashtra,Pune,Pune(Manjri),Tomato,Other,FAQ,15/09/2024,1800,2500,2200,78
Maharashtra,Pune,Pune(Manjri),Tomato,Other,FAQ,25/09/2024,1500,4500,3500,78
Maharashtra,Pune,Pune(Manjri),Tomato,Other,FAQ,30/09/2024,2500,5500,4000,78
Maharashtra,Pune,Pune(Manjri),Tomato,Other,FAQ,23/01/2025,400,1100,700,78
Maharashtra,Pune,Pune(Manjri),Tomato,Other,FAQ,02/01/2025,400,1400,900,78
Maharashtra,Pune,Pune(Manjri),Tomato,Other,FAQ,06/01/2025,1100,2300,1800,78
Maharashtra,Pune,Pune(Manjri),Tomato,Other,FAQ,18/01/2025,400,900,600,78
Maharashtra,Pune,Pune(Manjri),Tomato,Other,FAQ,07/01/2025,900,1800,1400,78
Maharashtra,Pune,Pune(Manjri),Tomato,Other,FAQ,09/01/2025,900,1800,1400,78
Maharashtra,Pune,Pune(Manjri),Tomato,Other,FAQ,03/12/2024,1800,5000,3800,78
Maharashtra,Pune,Pune(Manjri),Tomato,Other,FAQ,06/12/2024,1000,3000,2200,78
Maharashtra,Pune,Pune(Manjri),Tomato,Other,FAQ,08/12/2024,1000,3000,2200,78
Maharashtra,Pune,Pune(Manjri),Tomato,Other,FAQ,11/12/2024,900,1800,1400,78
Maharashtra,Pune,Pune(Manjri),Tomato,Other,FAQ,13/12/2024,1000,2000,1600,78
Maharashtra,Pune,Pune(Manjri),Tomato,Other,FAQ,16/12/2024,1800,3200,2500,78
Maharashtra,Pune,Pune(Manjri),Tomato,Other,FAQ,20/12/2024,1400,2300,1800,78
Maharashtra,Pune,Pune(Manjri),Tomato,Other,FAQ,21/12/2024,2500,3500,3000,78
Maharashtra,Pune,Pune(Manjri),Tomato,Other,FAQ,24/12/2024,1400,2300,1800,78
Maharashtra,Pune,Pune(Manjri),Tomato,Other,FAQ,27/12/2024,400,900,600,78
Maharashtra,Pune,Pune(Manjri),Tomato,Other,FAQ,31/12/2024,900,1800,1400,78
Maharashtra,Pune,Pune(Manjri),Tomato,Other,FAQ,02/10/2024,3200,4500,3800,78
Maharashtra,Pune,Pune(Manjri),Tomato,Other,FAQ,15/10/2024,2700,5400,4000,78
Maharashtra,Pune,Pune(Manjri),Tomato,Other,FAQ,26/10/2024,2700,4000,3200,78
Maharashtra,Pune,Pune(Manjri),Tomato,Other,FAQ,04/08/2024,900,1800,1400,78
Maharashtra,Pune,Pune(Manjri),Tomato,Other,FAQ,06/08/2024,1800,2700,2300,78
Maharashtra,Pune,Pune(Manjri),Tomato,Other,FAQ,10/08/2024,1400,1800,1600,78
Maharashtra,Pune,Pune(Manjri),Tomato,Other,FAQ,13/08/2024,900,1800,1400,78
Maharashtra,Pune,Pune(Manjri),Tomato,Other,FAQ,14/08/2024,900,2300,1600,78
Maharashtra,Pune,Pune(Manjri),Tomato,Other,FAQ,16/08/2024,1800,2300,2000,78
Maharashtra,Pune,Pune(Manjri),Tomato,Other,FAQ,21/08/2024,1800,2600,2200,78
Maharashtra,Pune,Pune(Manjri),Tomato,Other,FAQ,29/08/2024,500,1500,1200,78
Maharashtra,Pune,Pune(Manjri),Tomato,Other,FAQ,30/08/2024,500,1500,1000,78
Maharashtra,Pune,Pune(Manjri),Tomato,Other,FAQ,01/10/2024,2700,5000,4100,78
Maharashtra,Pune,Pune(Manjri),Tomato,Other,FAQ,09/10/2024,2300,4100,3100,78
Maharashtra,Pune,Pune(Manjri),Tomato,Other,FAQ,16/10/2024,3600,5400,4500,78
Maharashtra,Pune,Pune(Manjri),Tomato,Other,FAQ,03/11/2024,2700,3600,3200,78
Maharashtra,Pune,Pune(Manjri),Tomato,Other,FAQ,08/11/2024,1400,2300,1800,78
Maharashtra,Pune,Pune(Manjri),Tomato,Other,FAQ,11/01/2023,600,1100,900,78
Maharashtra,Pune,Pune(Manjri),Tomato,Other,FAQ,29/01/2023,400,600,500,78
Maharashtra,Pune,Pune(Manjri),Tomato,Other,FAQ,03/02/2023,400,900,600,78
Maharashtra,Pune,Pune(Manjri),Tomato,Other,FAQ,18/02/2023,900,1800,1400,78
Maharashtra,Pune,Pune(Manjri),Tomato,Other,FAQ,24/02/2023,1400,1800,1600,78
Maharashtra,Pune,Pune(Manjri),Tomato,Other,FAQ,04/03/2023,900,1800,1400,78
Maharashtra,Pune,Pune(Manjri),Tomato,Other,FAQ,06/03/2023,900,1800,1400,78
Maharashtra,Pune,Pune(Manjri),Tomato,Other,FAQ,07/03/2023,600,1400,900,78
Maharashtra,Pune,Pune(Manjri),Tomato,Other,FAQ,12/03/2023,900,1800,1400,78
Maharashtra,Pune,Pune(Manjri),Tomato,Other,FAQ,14/03/2023,900,2000,1800,78
Maharashtra,Pune,Pune(Manjri),Tomato,Other,FAQ,15/03/2023,900,5000,1800,78
Maharashtra,Pune,Pune(Manjri),Tomato,Other,FAQ,17/03/2023,1800,2300,2000,78
Maharashtra,Pune,Pune(Manjri),Tomato,Other,FAQ,27/03/2023,1800,2700,2300,78
Maharashtra,Pune,Pune(Manjri),Tomato,Other,FAQ,07/04/2023,900,1400,1100,78
Maharashtra,Pune,Pune(Manjri),Tomato,Other,FAQ,08/04/2023,900,1400,1100,78
Maharashtra,Pune,Pune(Manjri),Tomato,Other,FAQ,18/04/2023,900,1400,1100,78
Maharashtra,Pune,Pune(Manjri),Tomato,Other,FAQ,27/04/2023,600,1100,800,78
Maharashtra,Pune,Pune(Manjri),Tomato,Other,FAQ,23/05/2023,400,600,500,78
Maharashtra,Pune,Pune(Manjri),Tomato,Other,FAQ,27/05/2023,400,900,600,78
Maharashtra,Pune,Pune(Manjri),Tomato,Other,FAQ,10/06/2023,900,1800,1400,78
Maharashtra,Pune,Pune(Manjri),Tomato,Other,FAQ,11/06/2023,1800,3200,2500,78
Maharashtra,Pune,Pune(Manjri),Tomato,Other,FAQ,13/06/2023,1800,2300,2000,78
Maharashtra,Pune,Pune(Manjri),Tomato,Other,FAQ,24/06/2023,1800,3600,2700,78
Maharashtra,Pune,Pune(Manjri),Tomato,Other,FAQ,26/06/2023,3600,5500,4500,78
Maharashtra,Pune,Pune(Manjri),Tomato,Other,FAQ,27/06/2023,3600,5400,4800,78
Maharashtra,Pune,Pune(Manjri),Tomato,Other,FAQ,29/06/2023,3200,4500,3400,78
Maharashtra,Pune,Pune(Manjri),Tomato,Other,FAQ,07/07/2023,6800,9100,7700,78
Maharashtra,Pune,Pune(Manjri),Tomato,Other,FAQ,16/07/2023,6800,9100,8100,78
Maharashtra,Pune,Pune(Manjri),Tomato,Other,FAQ,17/07/2023,4500,11000,8100,78
Maharashtra,Pune,Pune(Manjri),Tomato,Other,FAQ,25/07/2023,6800,9100,8100,78
Maharashtra,Pune,Pune(Manjri),Tomato,Other,FAQ,26/07/2023,6800,10500,8200,78
Maharashtra,Pune,Pune(Manjri),Tomato,Other,FAQ,27/07/2023,7200,10500,8600,78
Maharashtra,Pune,Pune(Manjri),Tomato,Other,FAQ,01/08/2023,9000,11400,10500,78
Maharashtra,Pune,Pune(Manjri),Tomato,Other,FAQ,03/08/2023,9100,11400,10000,78
Maharashtra,Pune,Pune(Manjri),Tomato,Other,FAQ,06/08/2023,6800,12000,9300,78
Maharashtra,Pune,Pune(Manjri),Tomato,Other,FAQ,13/08/2023,3600,5400,4500,78
Maharashtra,Pune,Pune(Manjri),Tomato,Other,FAQ,14/08/2023,5500,6800,6000,78
Maharashtra,Pune,Pune(Manjri),Tomato,Other,FAQ,19/08/2023,1800,4500,3300,78
Maharashtra,Pune,Pune(Manjri),Tomato,Other,FAQ,21/08/2023,1800,3600,2300,78
Maharashtra,Pune,Pune(Manjri),Tomato,Other,FAQ,27/08/2023,1400,2800,2200,78
Maharashtra,Pune,Pune(Manjri),Tomato,Other,FAQ,02/09/2023,900,2200,1500,78
Maharashtra,Pune,Pune(Manjri),Tomato,Other,FAQ,08/09/2023,900,1400,1100,78
Maharashtra,Pune,Pune(Manjri),Tomato,Other,FAQ,09/09/2023,900,1400,1100,78
Maharashtra,Pune,Pune(Manjri),Tomato,Other,FAQ,11/09/2023,400,900,600,78
Maharashtra,Pune,Pune(Manjri),Tomato,Other,FAQ,12/09/2023,400,900,600,78
Maharashtra,Pune,Pune(Manjri),Tomato,Other,FAQ,18/09/2023,500,900,800,78
Maharashtra,Pune,Pune(Manjri),Tomato,Other,FAQ,23/09/2023,400,600,500,78
Maharashtra,Pune,Pune(Manjri),Tomato,Other,FAQ,26/09/2023,900,1400,1100,78
Maharashtra,Pune,Pune(Manjri),Tomato,Other,FAQ,07/10/2023,400,600,500,78
Maharashtra,Pune,Pune(Manjri),Tomato,Other,FAQ,22/10/2023,400,900,600,78
Maharashtra,Pune,Pune(Manjri),Tomato,Other,FAQ,26/10/2023,400,900,600,78
Maharashtra,Pune,Pune(Manjri),Tomato,Other,FAQ,27/10/2023,400,800,600,78
Maharashtra,Pune,Pune(Manjri),Tomato,Other,FAQ,07/11/2023,800,1800,1400,78
Maharashtra,Pune,Pune(Manjri),Tomato,Other,FAQ,08/11/2023,500,1400,1100,78
Maharashtra,Pune,Pune(Manjri),Tomato,Other,FAQ,09/11/2023,400,1100,900,78
Maharashtra,Pune,Pune(Manjri),Tomato,Other,FAQ,10/11/2023,600,900,700,78
Maharashtra,Pune,Pune(Manjri),Tomato,Other,FAQ,19/11/2023,1400,2700,2000,78
Maharashtra,Pune,Pune(Manjri),Tomato,Other,FAQ,06/12/2023,1500,3500,2000,78
Maharashtra,Pune,Pune(Manjri),Tomato,Other,FAQ,08/12/2023,900,1400,1100,78
Maharashtra,Pune,Pune(Manjri),Tomato,Other,FAQ,22/12/2023,1800,2300,2000,78
Maharashtra,Pune,Pune(Manjri),Tomato,Other,FAQ,23/12/2023,1800,2300,2000,78
Maharashtra,Pune,Pune(Manjri),Tomato,Other,FAQ,31/12/2023,1800,2300,2000,78
Maharashtra,Pune,Pune(Manjri),Tomato,Other,FAQ,04/05/2024,1400,2000,1600,78
Maharashtra,Pune,Pune(Manjri),Tomato,Other,FAQ,10/05/2024,900,1600,1400,78
Maharashtra,Pune,Pune(Manjri),Tomato,Other,FAQ,11/05/2024,900,1400,1100,78
Maharashtra,Pune,Pune(Manjri),Tomato,Other,FAQ,18/05/2024,400,1400,900,78
Maharashtra,Pune,Pune(Manjri),Tomato,Other,FAQ,21/05/2024,1400,1800,1600,78
Maharashtra,Pune,Pune(Manjri),Tomato,Other,FAQ,22/05/2024,1800,2700,2300,78
Maharashtra,Pune,Pune(Manjri),Tomato,Other,FAQ,27/05/2024,1400,1800,1600,78
Maharashtra,Pune,Pune(Manjri),Tomato,Other,FAQ,29/05/2024,1400,2300,1800,78
Maharashtra,Pune,Pune(Manjri),Tomato,Other,FAQ,31/05/2024,1400,1800,1600,78
Maharashtra,Pune,Pune(Manjri),Tomato,Other,FAQ,04/06/2024,2700,4500,3600,78
Maharashtra,Pune,Pune(Manjri),Tomato,Other,FAQ,09/06/2024,3000,3600,3400,78
Maharashtra,Pune,Pune(Manjri),Tomato,Other,FAQ,17/06/2024,3600,5500,4500,78
Maharashtra,Pune,Pune(Manjri),Tomato,Other,FAQ,25/06/2024,3200,4500,3800,78
Maharashtra,Pune,Pune(Manjri),Tomato,Other,FAQ,02/01/2024,2700,5400,4500,78
Maharashtra,Pune,Pune(Manjri),Tomato,Other,FAQ,04/01/2024,2700,3200,3000,78
Maharashtra,Pune,Pune(Manjri),Tomato,Other,FAQ,07/01/2024,1400,2300,1800,78
Maharashtra,Pune,Pune(Manjri),Tomato,Other,FAQ,11/01/2024,1400,2300,1800,78
Maharashtra,Pune,Pune(Manjri),Tomato,Other,FAQ,22/01/2024,1400,2300,1800,78
Maharashtra,Pune,Pune(Manjri),Tomato,Other,FAQ,24/01/2024,1400,2300,1800,78
Maharashtra,Pune,Pune(Manjri),Tomato,Other,FAQ,25/01/2024,1800,2700,2300,78
Maharashtra,Pune,Pune(Manjri),Tomato,Other,FAQ,27/01/2024,1800,3200,2300,78
Maharashtra,Pune,Pune(Manjri),Tomato,Other,FAQ,03/02/2024,2700,3400,3200,78
Maharashtra,Pune,Pune(Manjri),Tomato,Other,FAQ,09/02/2024,1800,3200,2500,78
Maharashtra,Pune,Pune(Manjri),Tomato,Other,FAQ,12/02/2024,1800,2700,2300,78
Maharashtra,Pune,Pune(Manjri),Tomato,Other,FAQ,14/02/2024,1800,2700,2300,78
Maharashtra,Pune,Pune(Manjri),Tomato,Other,FAQ,20/02/2024,1800,2300,2000,78
Maharashtra,Pune,Pune(Manjri),Tomato,Other,FAQ,25/02/2024,1800,2700,2300,78
Maharashtra,Pune,Pune(Manjri),Tomato,Other,FAQ,01/03/2024,600,1500,1000,78
Maharashtra,Pune,Pune(Manjri),Tomato,Other,FAQ,06/03/2024,800,1800,1400,78
Maharashtra,Pune,Pune(Manjri),Tomato,Other,FAQ,20/03/2024,400,1400,900,78
Maharashtra,Pune,Pune(Manjri),Tomato,Other,FAQ,24/03/2024,1100,1800,1400,78
Maharashtra,Pune,Pune(Manjri),Tomato,Other,FAQ,25/03/2024,600,1100,900,78
Maharashtra,Pune,Pune(Manjri),Tomato,Other,FAQ,03/04/2024,600,1400,1100,78
Maharashtra,Pune,Pune(Manjri),Tomato,Other,FAQ,21/04/2024,900,1600,1400,78
Maharashtra,Pune,Pune(Manjri),Tomato,Other,FAQ,22/04/2024,900,1800,1400,78
Maharashtra,Pune,Pune(Manjri),Tomato,Other,FAQ,27/04/2024,400,1400,900,78
Maharashtra,Pune,Pune(Manjri),Tomato,Other,FAQ,05/06/2024,2300,3200,2700,78
Maharashtra,Pune,Pune(Manjri),Tomato,Other,FAQ,15/06/2024,3600,4500,4000,78
Maharashtra,Pune,Pune(Manjri),Tomato,Other,FAQ,20/06/2024,3600,5400,4800,78
Maharashtra,Pune,Pune(Manjri),Tomato,Other,FAQ,27/06/2024,3600,5400,4500,78
Maharashtra,Pune,Pune(Manjri),Tomato,Other,FAQ,01/04/2021,400,1000,700,78
Maharashtra,Pune,Pune(Manjri),Tomato,Other,FAQ,04/04/2021,600,1400,900,78
Maharashtra,Pune,Pune(Manjri),Tomato,Other,FAQ,09/04/2021,600,1000,800,78
Maharashtra,Pune,Pune(Manjri),Tomato,Other,FAQ,12/04/2021,900,1600,1100,78
Maharashtra,Pune,Pune(Manjri),Tomato,Other,FAQ,27/04/2021,500,800,700,78
Maharashtra,Pune,Pune(Manjri),Tomato,Other,FAQ,06/05/2021,400,900,700,78
Maharashtra,Pune,Pune(Manjri),Tomato,Other,FAQ,17/05/2021,400,1000,700,78
Maharashtra,Pune,Pune(Manjri),Tomato,Other,FAQ,18/05/2021,500,1000,900,78
Maharashtra,Pune,Pune(Manjri),Tomato,Other,FAQ,20/05/2021,400,900,600,78
Maharashtra,Pune,Pune(Manjri),Tomato,Other,FAQ,02/06/2021,400,1100,800,78
Maharashtra,Pune,Pune(Manjri),Tomato,Other,FAQ,03/06/2021,400,1100,900,78
Maharashtra,Pune,Pune(Manjri),Tomato,Other,FAQ,06/06/2021,400,1400,900,78
Maharashtra,Pune,Pune(Manjri),Tomato,Other,FAQ,12/06/2021,400,1000,800,78
Maharashtra,Pune,Pune(Manjri),Tomato,Other,FAQ,13/06/2021,300,1000,600,78
Maharashtra,Pune,Pune(Manjri),Tomato,Other,FAQ,14/06/2021,400,1100,700,78
Maharashtra,Pune,Pune(Manjri),Tomato,Other,FAQ,16/06/2021,500,1300,1000,78
Maharashtra,Pune,Pune(Manjri),Tomato,Other,FAQ,23/06/2021,400,1100,900,78
Maharashtra,Pune,Pune(Manjri),Tomato,Other,FAQ,24/06/2021,300,1000,600,78
Maharashtra,Pune,Pune(Manjri),Tomato,Other,FAQ,02/07/2021,500,1400,1200,78
Maharashtra,Pune,Pune(Manjri),Tomato,Other,FAQ,07/07/2021,500,1100,900,78
Maharashtra,Pune,Pune(Manjri),Tomato,Other,FAQ,15/07/2021,500,1100,800,78
Maharashtra,Pune,Pune(Manjri),Tomato,Other,FAQ,18/07/2021,400,1400,1000,78
Maharashtra,Pune,Pune(Manjri),Tomato,Other,FAQ,22/07/2021,600,1400,800,78
Maharashtra,Pune,Pune(Manjri),Tomato,Other,FAQ,26/07/2021,900,2000,1400,78
Maharashtra,Pune,Pune(Manjri),Tomato,Other,FAQ,31/07/2021,400,1000,800,78
Maharashtra,Pune,Pune(Manjri),Tomato,Other,FAQ,03/08/2021,600,1000,900,78
Maharashtra,Pune,Pune(Manjri),Tomato,Other,FAQ,04/08/2021,500,1000,800,78
Maharashtra,Pune,Pune(Manjri),Tomato,Other,FAQ,16/08/2021,300,600,500,78
Maharashtra,Pune,Pune(Manjri),Tomato,Other,FAQ,21/08/2021,300,800,500,78
Maharashtra,Pune,Pune(Manjri),Tomato,Other,FAQ,26/08/2021,400,900,600,78
Maharashtra,Pune,Pune(Manjri),Tomato,Other,FAQ,29/08/2021,300,700,500,78
Maharashtra,Pune,Pune(Manjri),Tomato,Other,FAQ,13/09/2021,300,500,400,78
Maharashtra,Pune,Pune(Manjri),Tomato,Other,FAQ,15/09/2021,450,800,600,78
Maharashtra,Pune,Pune(Manjri),Tomato,Other,FAQ,22/09/2021,400,1000,600,78
Maharashtra,Pune,Pune(Manjri),Tomato,Other,FAQ,25/09/2021,900,1800,1400,78
Maharashtra,Pune,Pune(Manjri),Tomato,Other,FAQ,26/09/2021,1400,2300,1800,78
Maharashtra,Pune,Pune(Manjri),Tomato,Other,FAQ,28/09/2021,1400,2700,2300,78
Maharashtra,Pune,Pune(Manjri),Tomato,Other,FAQ,29/09/2021,1400,2300,1800,78
Maharashtra,Pune,Pune(Manjri),Tomato,Other,FAQ,03/10/2021,1800,3100,2300,78
Maharashtra,Pune,Pune(Manjri),Tomato,Other,FAQ,13/10/2021,2300,3600,3100,78
Maharashtra,Pune,Pune(Manjri),Tomato,Other,FAQ,26/10/2021,3100,4100,3600,78
Maharashtra,Pune,Pune(Manjri),Tomato,Other,FAQ,29/10/2021,2300,4100,3600,78
Maharashtra,Pune,Pune(Manjri),Tomato,Other,FAQ,14/11/2021,2300,5500,3600,78
Maharashtra,Pune,Pune(Manjri),Tomato,Other,FAQ,16/11/2021,2300,4600,3700,78
Maharashtra,Pune,Pune(Manjri),Tomato,Other,FAQ,19/11/2021,2300,3600,2700,78
Maharashtra,Pune,Pune(Manjri),Tomato,Other,FAQ,25/11/2021,2700,4500,3600,78
Maharashtra,Pune,Pune(Manjri),Tomato,Other,FAQ,27/11/2021,2300,4500,3600,78
Maharashtra,Pune,Pune(Manjri),Tomato,Other,FAQ,03/12/2021,2300,6800,3600,78
Maharashtra,Pune,Pune(Manjri),Tomato,Other,FAQ,11/12/2021,1800,3600,2700,78
Maharashtra,Pune,Pune(Manjri),Tomato,Other,FAQ,16/12/2021,1400,3200,2800,78
Maharashtra,Pune,Pune(Manjri),Tomato,Other,FAQ,17/12/2021,1400,3200,2300,78
Maharashtra,Pune,Pune(Manjri),Tomato,Other,FAQ,29/12/2021,2300,3600,3200,78
Maharashtra,Pune,Pune(Manjri),Tomato,Other,FAQ,07/07/2024,4000,8000,7000,78
Maharashtra,Pune,Pune(Manjri),Tomato,Other,FAQ,23/07/2024,3600,4500,4000,78
Maharashtra,Pune,Pune(Manjri),Tomato,Other,FAQ,27/07/2024,2700,4500,3600,78
Maharashtra,Pune,Pune(Manjri),Tomato,Other,Local,07/04/2025,500,1500,1000,78
Maharashtra,Pune,Pune(Manjri),Tomato,Other,Local,22/04/2025,1000,1500,1200,78
Maharashtra,Pune,Pune(Manjri),Tomato,Other,Local,04/04/2025,400,900,600,78
Maharashtra,Pune,Pune(Manjri),Tomato,Other,FAQ,07/01/2022,800,2000,1400,78
Maharashtra,Pune,Pune(Manjri),Tomato,Other,FAQ,25/01/2022,1400,2300,1800,78
Maharashtra,Pune,Pune(Manjri),Tomato,Other,FAQ,09/02/2022,1400,2300,1800,78
Maharashtra,Pune,Pune(Manjri),Tomato,Other,FAQ,20/02/2022,900,1800,1400,78
Maharashtra,Pune,Pune(Manjri),Tomato,Other,FAQ,27/02/2022,1400,2300,1800,78
Maharashtra,Pune,Pune(Manjri),Tomato,Other,FAQ,02/03/2022,900,1800,1400,78
Maharashtra,Pune,Pune(Manjri),Tomato,Other,FAQ,04/03/2022,900,1400,1100,78
Maharashtra,Pune,Pune(Manjri),Tomato,Other,FAQ,11/03/2022,600,1400,900,78
Maharashtra,Pune,Pune(Manjri),Tomato,Other,FAQ,12/03/2022,600,1600,1100,78
Maharashtra,Pune,Pune(Manjri),Tomato,Other,FAQ,17/03/2022,600,1400,900,78
Maharashtra,Pune,Pune(Manjri),Tomato,Other,FAQ,27/03/2022,900,1400,1100,78
Maharashtra,Pune,Pune(Manjri),Tomato,Other,FAQ,29/03/2022,900,1400,1100,78
Maharashtra,Pune,Pune(Manjri),Tomato,Other,FAQ,30/03/2022,900,1400,1100,78
Maharashtra,Pune,Pune(Manjri),Tomato,Other,FAQ,01/04/2022,900,1800,1100,78
Maharashtra,Pune,Pune(Manjri),Tomato,Other,FAQ,03/04/2022,900,1800,1400,78
Maharashtra,Pune,Pune(Manjri),Tomato,Other,FAQ,05/04/2022,900,1800,1400,78
Maharashtra,Pune,Pune(Manjri),Tomato,Other,FAQ,08/04/2022,900,1800,1400,78
Maharashtra,Pune,Pune(Manjri),Tomato,Other,FAQ,12/04/2022,900,1400,1100,78
Maharashtra,Pune,Pune(Manjri),Tomato,Other,FAQ,15/04/2022,600,1400,900,78
Maharashtra,Pune,Pune(Manjri),Tomato,Other,FAQ,17/04/2022,1400,2300,1800,78
Maharashtra,Pune,Pune(Manjri),Tomato,Other,FAQ,20/04/2022,800,1600,1400,78
Maharashtra,Pune,Pune(Manjri),Tomato,Other,FAQ,13/05/2022,1800,3600,2700,78
Maharashtra,Pune,Pune(Manjri),Tomato,Other,FAQ,05/06/2022,3600,4500,4100,78
Maharashtra,Pune,Pune(Manjri),Tomato,Other,FAQ,08/06/2022,3600,4500,4100,78
Maharashtra,Pune,Pune(Manjri),Tomato,Other,FAQ,16/06/2022,2700,4500,3600,78
Maharashtra,Pune,Pune(Manjri),Tomato,Other,FAQ,19/06/2022,3600,5500,4500,78
Maharashtra,Pune,Pune(Manjri),Tomato,Other,FAQ,28/06/2022,2700,4500,3600,78
Maharashtra,Pune,Pune(Manjri),Tomato,Other,FAQ,30/06/2022,3200,3600,3500,78
Maharashtra,Pune,Pune(Manjri),Tomato,Other,FAQ,03/07/2022,2300,3200,2700,78
Maharashtra,Pune,Pune(Manjri),Tomato,Other,FAQ,04/07/2022,1400,3600,2300,78
Maharashtra,Pune,Pune(Manjri),Tomato,Other,FAQ,05/07/2022,1800,2700,2300,78
Maharashtra,Pune,Pune(Manjri),Tomato,Other,FAQ,06/07/2022,1800,2700,2300,78
Maharashtra,Pune,Pune(Manjri),Tomato,Other,FAQ,07/07/2022,500,1400,1000,78
Maharashtra,Pune,Pune(Manjri),Tomato,Other,FAQ,10/07/2022,1400,4500,3200,78
Maharashtra,Pune,Pune(Manjri),Tomato,Other,FAQ,24/07/2022,900,1600,1200,78
Maharashtra,Pune,Pune(Manjri),Tomato,Other,FAQ,29/07/2022,600,1100,900,78
Maharashtra,Pune,Pune(Manjri),Tomato,Other,FAQ,31/07/2022,1400,2300,1800,78
Maharashtra,Pune,Pune(Manjri),Tomato,Other,FAQ,01/08/2022,1400,2300,1800,78
Maharashtra,Pune,Pune(Manjri),Tomato,Other,FAQ,02/08/2022,1400,2300,1800,78
Maharashtra,Pune,Pune(Manjri),Tomato,Other,FAQ,03/08/2022,600,1600,900,78
Maharashtra,Pune,Pune(Manjri),Tomato,Other,FAQ,05/08/2022,900,1400,1100,78
Maharashtra,Pune,Pune(Manjri),Tomato,Other,FAQ,14/08/2022,400,1400,900,78
Maharashtra,Pune,Pune(Manjri),Tomato,Other,FAQ,20/08/2022,900,1400,1100,78
Maharashtra,Pune,Pune(Manjri),Tomato,Other,FAQ,26/08/2022,400,1400,900,78
Maharashtra,Pune,Pune(Manjri),Tomato,Other,FAQ,18/09/2022,900,1800,1400,78
Maharashtra,Pune,Pune(Manjri),Tomato,Other,FAQ,24/09/2022,1000,3400,2300,78
Maharashtra,Pune,Pune(Manjri),Tomato,Other,FAQ,29/09/2022,900,2300,1400,78
Maharashtra,Pune,Pune(Manjri),Tomato,Other,FAQ,02/10/2022,1300,2700,2300,78
Maharashtra,Pune,Pune(Manjri),Tomato,Other,FAQ,04/10/2022,1800,3600,2600,78
Maharashtra,Pune,Pune(Manjri),Tomato,Other,FAQ,06/10/2022,1800,3200,2400,78
Maharashtra,Pune,Pune(Manjri),Tomato,Other,FAQ,16/10/2022,2700,4500,3600,78
Maharashtra,Pune,Pune(Manjri),Tomato,Other,FAQ,17/10/2022,3200,4100,3600,78
Maharashtra,Pune,Pune(Manjri),Tomato,Other,FAQ,28/10/2022,1800,3200,2700,78
Maharashtra,Pune,Pune(Manjri),Tomato,Other,FAQ,29/10/2022,1800,2700,2300,78
Maharashtra,Pune,Pune(Manjri),Tomato,Other,FAQ,30/10/2022,900,1800,1400,78
Maharashtra,Pune,Pune(Manjri),Tomato,Other,FAQ,31/10/2022,900,1800,1400,78
Maharashtra,Pune,Pune(Manjri),Tomato,Other,FAQ,01/11/2022,900,1800,1400,78
Maharashtra,Pune,Pune(Manjri),Tomato,Other,FAQ,06/11/2022,400,1400,900,78
Maharashtra,Pune,Pune(Manjri),Tomato,Other,FAQ,22/11/2022,400,1100,900,78
Maharashtra,Pune,Pune(Manjri),Tomato,Other,FAQ,01/12/2022,400,900,600,78
Maharashtra,Pune,Pune(Manjri),Tomato,Other,FAQ,02/12/2022,400,900,600,78
Maharashtra,Pune,Pune(Manjri),Tomato,Other,FAQ,03/12/2022,500,1000,700,78
Maharashtra,Pune,Pune(Manjri),Tomato,Other,FAQ,09/12/2022,200,900,400,78
Maharashtra,Pune,Pune(Manjri),Tomato,Other,FAQ,24/12/2022,400,900,600,78
Maharashtra,Pune,Pune(Manjri),Tomato,Other,Local,02/03/2025,1100,1400,1200,78
Maharashtra,Pune,Pune(Manjri),Tomato,Other,Local,03/03/2025,900,1800,1400,78
Maharashtra,Pune,Pune(Manjri),Tomato,Other,Local,24/03/2025,400,1400,900,78
Maharashtra,Pune,Pune(Manjri),Tomato,Other,Local,30/03/2025,1000,2000,1500,78
Maharashtra,Pune,Pune(Manjri),Tomato,Other,Local,10/05/2025,900,1800,1400,78
Maharashtra,Pune,Pune(Manjri),Tomato,Other,Local,11/05/2025,900,1400,1100,78
Maharashtra,Pune,Pune(Manjri),Tomato,Other,Local,21/05/2025,1400,1800,1600,78
Maharashtra,Pune,Pune(Manjri),Tomato,Other,Local,23/05/2025,2300,4000,3000,78
Maharashtra,Pune,Pune(Manjri),Tomato,Other,Local,30/05/2025,1800,2700,2300,78
Maharashtra,Pune,Pune(Manjri),Tomato,Other,Local,01/06/2025,1400,2300,1800,78
Maharashtra,Pune,Pune(Manjri),Tomato,Other,Local,02/06/2025,1400,2300,1800,78
Maharashtra,Pune,Pune(Manjri),Tomato,Other,Local,14/06/2025,1500,3000,2200,78
Maharashtra,Pune,Pune(Manjri),Tomato,Other,Local,15/06/2025,2000,3000,2400,78
Maharashtra,Pune,Pune(Manjri),Tomato,Other,Local,17/06/2025,2000,3000,2500,78
Maharashtra,Pune,Pune(Manjri),Tomato,Other,Local,19/06/2025,500,1500,1000,78
Maharashtra,Pune,Pune(Manjri),Tomato,Other,Local,29/06/2025,1000,3000,1500,78
Maharashtra,Pune,Pune(Manjri),Tomato,Other,Local,14/07/2025,1000,2000,1500,78
Maharashtra,Pune,Pune(Manjri),Tomato,Other,Local,15/07/2025,500,1500,1000,78
Maharashtra,Pune,Pune(Manjri),Tomato,Other,Local,16/07/2025,1000,2000,1500,78
Maharashtra,Pune,Pune(Manjri),Tomato,Other,Local,17/07/2025,1000,2000,1500,78
Maharashtra,Pune,Pune(Manjri),Tomato,Other,Local,21/07/2025,2000,4000,3000,78
Maharashtra,Pune,Pune(Manjri),Tomato,Other,Local,30/07/2025,1500,3500,2500,78
Maharashtra,Pune,Pune(Manjri),Tomato,Other,Local,13/08/2025,2000,4000,3000,78
Maharashtra,Pune,Pune(Manjri),Tomato,Other,Local,17/08/2025,1500,3000,2500,78
Maharashtra,Pune,Pune(Manjri),Tomato,Other,Local,27/08/2025,1000,2000,1500,78
Maharashtra,Pune,Pune(Manjri),Tomato,Other,Local,02/09/2025,1500,3500,2500,78
Maharashtra,Pune,Pune(Manjri),Tomato,Other,Local,03/09/2025,1500,3000,2500,78
Maharashtra,Pune,Pune(Manjri),Tomato,Other,Local,04/09/2025,1500,2800,2200,78
Maharashtra,Pune,Pune(Manjri),Tomato,Other,Local,09/09/2025,1000,2000,1500,78
Maharashtra,Pune,Pune(Manjri),Tomato,Other,Local,15/09/2025,700,2000,1200,78
Maharashtra,Pune,Pune(Manjri),Tomato,Other,Local,18/09/2025,500,1500,1000,78
Maharashtra,Pune,Pune(Manjri),Tomato,Other,Local,19/09/2025,500,1000,800,78
Maharashtra,Pune,Pune(Manjri),Tomato,Other,Local,21/09/2025,1000,2000,1500,78
Maharashtra,Pune,Pune(Manjri),Tomato,Other,Local,22/09/2025,1000,3000,2000,78
Maharashtra,Pune,Pune(Manjri),Tomato,Other,Local,08/10/2025,1000,2000,1500,78
Maharashtra,Pune,Pune(Manjri),Tomato,Other,Local,09/10/2025,1000,3000,2000,78
Maharashtra,Pune,Pune(Manjri),Tomato,Other,Local,12/10/2025,500,1500,1000,78
Maharashtra,Pune,Pune(Manjri),Tomato,Other,Local,16/10/2025,500,1500,1000,78
Maharashtra,Pune,Pune(Manjri),Tomato,Other,Local,21/10/2025,500,1500,1000,78
Maharashtra,Pune,Pune(Manjri),Tomato,Other,Local,23/10/2025,1500,2500,2000,78
Maharashtra,Pune,Pune(Manjri),Tomato,Other,Local,28/10/2025,500,1500,1000,78
Maharashtra,Pune,Pune(Manjri),Tomato,Other,Local,30/10/2025,1000,2000,1500,78
Maharashtra,Pune,Pune(Manjri),Tomato,Other,Local,31/10/2025,1000,2000,1500,78
Maharashtra,Pune,Pune(Manjri),Tomato,Other,FAQ,11/01/2022,1000,2000,1500,78
Maharashtra,Pune,Pune(Manjri),Tomato,Other,FAQ,18/01/2022,1400,2500,2300,78
Maharashtra,Pune,Pune(Manjri),Tomato,Other,FAQ,20/01/2022,1400,2700,2300,78
Maharashtra,Pune,Pune(Manjri),Tomato,Other,FAQ,23/01/2022,1400,2300,1800,78
Maharashtra,Pune,Pune(Manjri),Tomato,Other,FAQ,29/01/2022,900,1400,1100,78
Maharashtra,Pune,Pune(Manjri),Tomato,Other,FAQ,30/01/2022,1800,2700,2300,78
Maharashtra,Pune,Pune(Manjri),Tomato,Other,FAQ,02/02/2022,1800,2700,2300,78
Maharashtra,Pune,Pune(Manjri),Tomato,Other,FAQ,10/02/2022,900,1400,1100,78
Maharashtra,Pune,Pune(Manjri),Tomato,Other,FAQ,13/02/2022,400,1400,900,78
Maharashtra,Pune,Pune(Manjri),Tomato,Other,FAQ,16/02/2022,900,1800,1400,78
Maharashtra,Pune,Pune(Manjri),Tomato,Other,FAQ,17/02/2022,900,1800,1400,78
Maharashtra,Pune,Pune(Manjri),Tomato,Other,FAQ,21/02/2022,900,1800,1400,78
Maharashtra,Pune,Pune(Manjri),Tomato,Other,FAQ,22/02/2022,900,1800,1400,78
Maharashtra,Pune,Pune(Manjri),Tomato,Other,FAQ,24/02/2022,900,2000,1400,78
Maharashtra,Pune,Pune(Manjri),Tomato,Other,FAQ,03/03/2022,900,1800,1400,78
Maharashtra,Pune,Pune(Manjri),Tomato,Other,FAQ,06/03/2022,900,1800,1400,78
Maharashtra,Pune,Pune(Manjri),Tomato,Other,FAQ,07/03/2022,1400,2300,1800,78
Maharashtra,Pune,Pune(Manjri),Tomato,Other,FAQ,08/03/2022,1600,2300,1950,78
Maharashtra,Pune,Pune(Manjri),Tomato,Other,FAQ,09/03/2022,600,1600,900,78
Maharashtra,Pune,Pune(Manjri),Tomato,Other,FAQ,10/03/2022,900,1400,1100,78
Maharashtra,Pune,Pune(Manjri),Tomato,Other,FAQ,15/03/2022,900,1400,1100,78
Maharashtra,Pune,Pune(Manjri),Tomato,Other,FAQ,20/03/2022,1400,2300,1600,78
Maharashtra,Pune,Pune(Manjri),Tomato,Other,FAQ,22/03/2022,900,1800,1400,78
Maharashtra,Pune,Pune(Manjri),Tomato,Other,FAQ,31/03/2022,900,1400,1100,78
Maharashtra,Pune,Pune(Manjri),Tomato,Other,FAQ,02/04/2022,1400,2300,1800,78
Maharashtra,Pune,Pune(Manjri),Tomato,Other,FAQ,06/04/2022,900,1400,1100,78
Maharashtra,Pune,Pune(Manjri),Tomato,Other,FAQ,10/04/2022,900,1400,1100,78
Maharashtra,Pune,Pune(Manjri),Tomato,Other,FAQ,11/04/2022,900,1400,1100,78
Maharashtra,Pune,Pune(Manjri),Tomato,Other,FAQ,13/04/2022,900,1400,1100,78
Maharashtra,Pune,Pune(Manjri),Tomato,Other,FAQ,14/04/2022,900,1400,1100,78
Maharashtra,Pune,Pune(Manjri),Tomato,Other,FAQ,28/04/2022,1400,2300,1800,78
Maharashtra,Pune,Pune(Manjri),Tomato,Other,FAQ,05/05/2022,2300,3600,2700,78
Maharashtra,Pune,Pune(Manjri),Tomato,Other,FAQ,10/05/2022,1800,3600,2700,78
Maharashtra,Pune,Pune(Manjri),Tomato,Other,FAQ,19/05/2022,3600,5900,5500,78
Maharashtra,Pune,Pune(Manjri),Tomato,Other,FAQ,26/05/2022,3700,5500,4600,78
Maharashtra,Pune,Pune(Manjri),Tomato,Other,FAQ,30/05/2022,4500,6400,5500,78
Maharashtra,Pune,Pune(Manjri),Tomato,Other,FAQ,01/06/2022,3600,4500,4100,78
Maharashtra,Pune,Pune(Manjri),Tomato,Other,FAQ,12/06/2022,2700,4500,3600,78
Maharashtra,Pune,Pune(Manjri),Tomato,Other,FAQ,14/06/2022,3200,4500,3600,78
Maharashtra,Pune,Pune(Manjri),Tomato,Other,FAQ,17/06/2022,2700,4500,3600,78
Maharashtra,Pune,Pune(Manjri),Tomato,Other,FAQ,18/06/2022,3600,5500,4500,78
Maharashtra,Pune,Pune(Manjri),Tomato,Other,FAQ,21/06/2022,2700,5000,4100,78
Maharashtra,Pune,Pune(Manjri),Tomato,Other,FAQ,22/06/2022,3200,4500,3600,78
Maharashtra,Pune,Pune(Manjri),Tomato,Other,FAQ,26/06/2022,2300,3600,2700,78
Maharashtra,Pune,Pune(Manjri),Tomato,Other,FAQ,27/06/2022,2700,4500,3600,78
Maharashtra,Pune,Pune(Manjri),Tomato,Other,FAQ,29/06/2022,3600,4500,4100,78
Maharashtra,Pune,Pune(Manjri),Tomato,Other,FAQ,02/07/2022,900,2300,1400,78
Maharashtra,Pune,Pune(Manjri),Tomato,Other,FAQ,14/07/2022,1400,2700,1800,78
Maharashtra,Pune,Pune(Manjri),Tomato,Other,FAQ,15/07/2022,1400,2300,1800,78
Maharashtra,Pune,Pune(Manjri),Tomato,Other,FAQ,18/07/2022,1400,2300,1800,78
Maharashtra,Pune,Pune(Manjri),Tomato,Other,FAQ,19/07/2022,1400,2300,1800,78
Maharashtra,Pune,Pune(Manjri),Tomato,Other,FAQ,22/07/2022,1400,2300,1800,78
Maharashtra,Pune,Pune(Manjri),Tomato,Other,FAQ,23/07/2022,900,1400,1100,78
Maharashtra,Pune,Pune(Manjri),Tomato,Other,FAQ,28/07/2022,600,1400,900,78
Maharashtra,Pune,Pune(Manjri),Tomato,Other,FAQ,07/08/2022,900,1600,1100,78
Maharashtra,Pune,Pune(Manjri),Tomato,Other,FAQ,08/08/2022,900,1800,1400,78
Maharashtra,Pune,Pune(Manjri),Tomato,Other,FAQ,12/08/2022,1400,1800,1600,78
Maharashtra,Pune,Pune(Manjri),Tomato,Other,FAQ,13/08/2022,900,1800,1400,78
Maharashtra,Pune,Pune(Manjri),Tomato,Other,FAQ,16/08/2022,600,1100,900,78
Maharashtra,Pune,Pune(Manjri),Tomato,Other,FAQ,17/08/2022,400,900,600,78
Maharashtra,Pune,Pune(Manjri),Tomato,Other,FAQ,23/08/2022,600,1400,900,78
Maharashtra,Pune,Pune(Manjri),Tomato,Other,FAQ,24/08/2022,600,1100,900,78
Maharashtra,Pune,Pune(Manjri),Tomato,Other,FAQ,04/09/2022,900,1800,1400,78
Maharashtra,Pune,Pune(Manjri),Tomato,Other,FAQ,06/09/2022,600,1600,1100,78
Maharashtra,Pune,Pune(Manjri),Tomato,Other,FAQ,07/09/2022,400,900,600,78
Maharashtra,Pune,Pune(Manjri),Tomato,Other,FAQ,08/09/2022,400,1400,900,78
Maharashtra,Pune,Pune(Manjri),Tomato,Other,FAQ,15/09/2022,900,1800,1400,78
Maharashtra,Pune,Pune(Manjri),Tomato,Other,FAQ,21/09/2022,900,2300,1100,78
Maharashtra,Pune,Pune(Manjri),Tomato,Other,FAQ,26/09/2022,1400,2800,1800,78
Maharashtra,Pune,Pune(Manjri),Tomato,Other,FAQ,27/09/2022,1000,3000,2200,78
Maharashtra,Pune,Pune(Manjri),Tomato,Other,FAQ,28/09/2022,900,2200,1400,78
Maharashtra,Pune,Pune(Manjri),Tomato,Other,FAQ,03/10/2022,1000,2200,1500,78
Maharashtra,Pune,Pune(Manjri),Tomato,Other,FAQ,05/10/2022,1500,4000,2500,78
Maharashtra,Pune,Pune(Manjri),Tomato,Other,FAQ,08/10/2022,1600,3700,2700,78
Maharashtra,Pune,Pune(Manjri),Tomato,Other,FAQ,19/10/2022,2300,3600,2700,78
Maharashtra,Pune,Pune(Manjri),Tomato,Other,FAQ,26/10/2022,1800,2700,2300,78
Maharashtra,Pune,Pune(Manjri),Tomato,Other,FAQ,27/10/2022,1400,2300,1800,78
Maharashtra,Pune,Pune(Manjri),Tomato,Other,FAQ,08/11/2022,900,1400,1100,78
Maharashtra,Pune,Pune(Manjri),Tomato,Other,FAQ,11/11/2022,400,1100,900,78
Maharashtra,Pune,Pune(Manjri),Tomato,Other,FAQ,12/11/2022,600,1400,900,78
Maharashtra,Pune,Pune(Manjri),Tomato,Other,FAQ,07/12/2022,400,900,600,78
Maharashtra,Pune,Pune(Manjri),Tomato,Other,FAQ,10/12/2022,300,900,400,78
Maharashtra,Pune,Pune(Manjri),Tomato,Other,FAQ,16/12/2022,400,600,500,78
Maharashtra,Pune,Pune(Manjri),Tomato,Other,FAQ,20/12/2022,300,900,500,78
Maharashtra,Pune,Pune(Manjri),Tomato,Other,FAQ,30/12/2022,400,900,600,78
Maharashtra,Pune,Pune(Manjri),Tomato,Other,FAQ,06/03/2021,600,1400,1000,78
Maharashtra,Pune,Pune(Manjri),Tomato,Other,FAQ,14/03/2021,500,1100,900,78
Maharashtra,Pune,Pune(Manjri),Tomato,Other,FAQ,22/03/2021,400,1400,1000,78
Maharashtra,Pune,Pune(Manjri),Tomato,Other,FAQ,02/04/2021,300,1000,700,78
Maharashtra,Pune,Pune(Manjri),Tomato,Other,FAQ,28/04/2021,700,1000,800,78
Maharashtra,Pune,Pune(Manjri),Tomato,Other,FAQ,03/05/2021,400,900,700,78
Maharashtra,Pune,Pune(Manjri),Tomato,Other,FAQ,04/05/2021,500,1100,900,78
Maharashtra,Pune,Pune(Manjri),Tomato,Other,FAQ,19/06/2021,900,1600,1400,78
Maharashtra,Pune,Pune(Manjri),Tomato,Other,FAQ,21/06/2021,600,1400,900,78
Maharashtra,Pune,Pune(Manjri),Tomato,Other,FAQ,04/07/2021,400,1400,1000,78
Maharashtra,Pune,Pune(Manjri),Tomato,Other,FAQ,11/07/2021,400,1000,700,78
Maharashtra,Pune,Pune(Manjri),Tomato,Other,FAQ,21/07/2021,400,1300,900,78
Maharashtra,Pune,Pune(Manjri),Tomato,Other,FAQ,27/07/2021,600,1400,1000,78
Maharashtra,Pune,Pune(Manjri),Tomato,Other,FAQ,05/08/2021,600,1100,900,78
Maharashtra,Pune,Pune(Manjri),Tomato,Other,FAQ,08/08/2021,400,1000,700,78
Maharashtra,Pune,Pune(Manjri),Tomato,Other,FAQ,13/08/2021,300,800,600,78
Maharashtra,Pune,Pune(Manjri),Tomato,Other,FAQ,19/08/2021,400,1000,600,78
Maharashtra,Pune,Pune(Manjri),Tomato,Other,FAQ,20/08/2021,400,1100,900,78
Maharashtra,Pune,Pune(Manjri),Tomato,Other,FAQ,25/08/2021,300,800,500,78
Maharashtra,Pune,Pune(Manjri),Tomato,Other,FAQ,28/08/2021,300,800,600,78
Maharashtra,Pune,Pune(Manjri),Tomato,Other,FAQ,03/09/2021,300,600,500,78
Maharashtra,Pune,Pune(Manjri),Tomato,Other,FAQ,12/09/2021,400,1000,700,78
Maharashtra,Pune,Pune(Manjri),Tomato,Other,FAQ,18/09/2021,400,1000,600,78
Maharashtra,Pune,Pune(Manjri),Tomato,Other,FAQ,24/09/2021,1100,2300,1600,78
Maharashtra,Pune,Pune(Manjri),Tomato,Other,FAQ,08/10/2021,2300,4100,3100,78
Maharashtra,Pune,Pune(Manjri),Tomato,Other,FAQ,11/10/2021,2300,3600,3100,78
Maharashtra,Pune,Pune(Manjri),Tomato,Other,FAQ,14/10/2021,3100,4000,3600,78
Maharashtra,Pune,Pune(Manjri),Tomato,Other,FAQ,16/10/2021,2700,3600,3100,78
Maharashtra,Pune,Pune(Manjri),Tomato,Other,FAQ,20/10/2021,2300,4000,3100,78
Maharashtra,Pune,Pune(Manjri),Tomato,Other,FAQ,21/10/2021,2700,4100,3600,78
Maharashtra,Pune,Pune(Manjri),Tomato,Other,FAQ,23/10/2021,2300,4500,3600,78
Maharashtra,Pune,Pune(Manjri),Tomato,Other,FAQ,24/10/2021,2300,4500,3100,78
Maharashtra,Pune,Pune(Manjri),Tomato,Other,FAQ,04/11/2021,2300,4100,3200,78
Maharashtra,Pune,Pune(Manjri),Tomato,Other,FAQ,08/11/2021,2300,4500,3600,78
Maharashtra,Pune,Pune(Manjri),Tomato,Other,FAQ,11/11/2021,3200,4100,3600,78
Maharashtra,Pune,Pune(Manjri),Tomato,Other,FAQ,12/11/2021,2300,4500,3600,78
Maharashtra,Pune,Pune(Manjri),Tomato,Other,FAQ,15/11/2021,3100,4100,3600,78
Maharashtra,Pune,Pune(Manjri),Tomato,Other,FAQ,20/11/2021,3200,5000,4100,78
Maharashtra,Pune,Pune(Manjri),Tomato,Other,FAQ,08/12/2021,3600,5500,4500,78
Maharashtra,Pune,Pune(Manjri),Tomato,Other,FAQ,13/12/2021,1400,2700,1800,78
Maharashtra,Pune,Pune(Manjri),Tomato,Other,FAQ,24/12/2021,2700,5000,4100,78
Maharashtra,Pune,Pune(Manjri),Tomato,Other,FAQ,25/12/2021,2300,4600,3600,78
Maharashtra,Pune,Pune(Manjri),Tomato,Other,FAQ,17/10/2024,2700,4500,3600,78
Maharashtra,Pune,Pune(Manjri),Tomato,Other,FAQ,19/10/2024,2700,5400,4500,78
Maharashtra,Pune,Pune(Manjri),Tomato,Other,FAQ,06/10/2024,3200,5000,4000,78
Maharashtra,Pune,Pune(Manjri),Tomato,Other,FAQ,27/10/2024,2500,4000,3400,78
Maharashtra,Pune,Pune(Manjri),Tomato,Other,FAQ,03/10/2024,2300,4100,3200,78
Maharashtra,Pune,Pune(Manjri),Tomato,Other,FAQ,07/05/2024,900,1800,1400,78
Maharashtra,Pune,Pune(Manjri),Tomato,Other,FAQ,14/01/2023,900,1800,1400,78
Maharashtra,Pune,Pune(Manjri),Tomato,Other,FAQ,15/01/2023,1400,2300,1800,78
Maharashtra,Pune,Pune(Manjri),Tomato,Other,FAQ,20/01/2023,1400,1800,1600,78
Maharashtra,Pune,Pune(Manjri),Tomato,Other,FAQ,07/02/2023,900,1600,1100,78
Maharashtra,Pune,Pune(Manjri),Tomato,Other,FAQ,11/02/2023,900,1400,1100,78
Maharashtra,Pune,Pune(Manjri),Tomato,Other,FAQ,12/02/2023,900,1800,1400,78
Maharashtra,Pune,Pune(Manjri),Tomato,Other,FAQ,14/02/2023,1400,2300,1800,78
Maharashtra,Pune,Pune(Manjri),Tomato,Other,FAQ,15/02/2023,1100,1600,1400,78
Maharashtra,Pune,Pune(Manjri),Tomato,Other,FAQ,17/02/2023,900,2300,1600,78
Maharashtra,Pune,Pune(Manjri),Tomato,Other,FAQ,20/02/2023,1800,2700,2300,78
Maharashtra,Pune,Pune(Manjri),Tomato,Other,FAQ,21/02/2023,1800,2700,2300,78
Maharashtra,Pune,Pune(Manjri),Tomato,Other,FAQ,27/02/2023,900,1800,1400,78
Maharashtra,Pune,Pune(Manjri),Tomato,Other,FAQ,28/02/2023,900,1800,1400,78
Maharashtra,Pune,Pune(Manjri),Tomato,Other,FAQ,03/03/2023,900,1800,1400,78
Maharashtra,Pune,Pune(Manjri),Tomato,Other,FAQ,16/03/2023,1100,2300,1800,78
Maharashtra,Pune,Pune(Manjri),Tomato,Other,FAQ,28/03/2023,1400,2000,1600,78
Maharashtra,Pune,Pune(Manjri),Tomato,Other,FAQ,02/04/2023,900,1800,1400,78
Maharashtra,Pune,Pune(Manjri),Tomato,Other,FAQ,10/04/2023,900,1400,1100,78
Maharashtra,Pune,Pune(Manjri),Tomato,Other,FAQ,16/04/2023,900,1400,1100,78
Maharashtra,Pune,Pune(Manjri),Tomato,Other,FAQ,19/04/2023,400,1100,900,78
Maharashtra,Pune,Pune(Manjri),Tomato,Other,FAQ,21/04/2023,400,1100,900,78
Maharashtra,Pune,Pune(Manjri),Tomato,Other,FAQ,23/04/2023,600,1400,900,78
Maharashtra,Pune,Pune(Manjri),Tomato,Other,FAQ,07/05/2023,600,1100,900,78
Maharashtra,Pune,Pune(Manjri),Tomato,Other,FAQ,16/05/2023,400,600,500,78
Maharashtra,Pune,Pune(Manjri),Tomato,Other,FAQ,26/05/2023,300,600,400,78
Maharashtra,Pune,Pune(Manjri),Tomato,Other,FAQ,05/06/2023,900,1800,1500,78
Maharashtra,Pune,Pune(Manjri),Tomato,Other,FAQ,07/06/2023,1000,2000,1400,78
Maharashtra,Pune,Pune(Manjri),Tomato,Other,FAQ,08/06/2023,1400,1800,1800,78
Maharashtra,Pune,Pune(Manjri),Tomato,Other,FAQ,14/06/2023,1400,3400,2500,78
Maharashtra,Pune,Pune(Manjri),Tomato,Other,FAQ,16/06/2023,1300,2700,2200,78
Maharashtra,Pune,Pune(Manjri),Tomato,Other,FAQ,30/06/2023,3600,4500,4100,78
Maharashtra,Pune,Pune(Manjri),Tomato,Other,FAQ,05/07/2023,4500,9000,6500,78
Maharashtra,Pune,Pune(Manjri),Tomato,Other,FAQ,06/07/2023,4500,9100,6800,78
Maharashtra,Pune,Pune(Manjri),Tomato,Other,FAQ,10/07/2023,6800,10000,8200,78
Maharashtra,Pune,Pune(Manjri),Tomato,Other,FAQ,11/07/2023,6800,9100,7200,78
Maharashtra,Pune,Pune(Manjri),Tomato,Other,FAQ,13/07/2023,4500,10000,6800,78
Maharashtra,Pune,Pune(Manjri),Tomato,Other,FAQ,22/07/2023,6800,14000,9100,78
Maharashtra,Pune,Pune(Manjri),Tomato,Other,FAQ,24/07/2023,6800,9100,8100,78
Maharashtra,Pune,Pune(Manjri),Tomato,Other,FAQ,02/08/2023,6800,9100,7700,78
Maharashtra,Pune,Pune(Manjri),Tomato,Other,FAQ,11/08/2023,3200,4500,3600,78
Maharashtra,Pune,Pune(Manjri),Tomato,Other,FAQ,18/08/2023,1800,3600,2700,78
Maharashtra,Pune,Pune(Manjri),Tomato,Other,FAQ,06/09/2023,900,1400,1100,78
Maharashtra,Pune,Pune(Manjri),Tomato,Other,FAQ,10/09/2023,600,900,700,78
Maharashtra,Pune,Pune(Manjri),Tomato,Other,FAQ,16/09/2023,600,900,600,78
Maharashtra,Pune,Pune(Manjri),Tomato,Other,FAQ,25/09/2023,900,1400,1100,78
Maharashtra,Pune,Pune(Manjri),Tomato,Other,FAQ,04/10/2023,400,600,500,78
Maharashtra,Pune,Pune(Manjri),Tomato,Other,FAQ,05/10/2023,400,600,500,78
Maharashtra,Pune,Pune(Manjri),Tomato,Other,FAQ,12/10/2023,400,600,500,78
Maharashtra,Pune,Pune(Manjri),Tomato,Other,FAQ,24/10/2023,200,600,400,78
Maharashtra,Pune,Pune(Manjri),Tomato,Other,FAQ,11/11/2023,900,1400,1100,78
Maharashtra,Pune,Pune(Manjri),Tomato,Other,FAQ,17/11/2023,1800,3200,2500,78
Maharashtra,Pune,Pune(Manjri),Tomato,Other,FAQ,18/11/2023,1400,2700,2000,78
Maharashtra,Pune,Pune(Manjri),Tomato,Other,FAQ,27/11/2023,2700,3200,3000,78
Maharashtra,Pune,Pune(Manjri),Tomato,Other,FAQ,05/12/2023,2000,3500,2500,78
Maharashtra,Pune,Pune(Manjri),Tomato,Other,FAQ,15/12/2023,1400,2700,2300,78
Maharashtra,Pune,Pune(Manjri),Tomato,Other,FAQ,18/12/2023,1800,2700,2300,78
Maharashtra,Pune,Pune(Manjri),Tomato,Other,FAQ,20/12/2023,2000,2700,2300,78
Maharashtra,Pune,Pune(Manjri),Tomato,Other,FAQ,27/12/2023,2300,3200,2700,78
Maharashtra,Pune,Pune(Manjri),Tomato,Other,FAQ,11/06/2024,3600,4500,4100,78
Maharashtra,Pune,Pune(Manjri),Tomato,Other,FAQ,28/06/2024,3200,5400,4100,78
Maharashtra,Pune,Pune(Manjri),Tomato,Other,FAQ,07/06/2024,3600,4800,4100,78
Maharashtra,Pune,Pune(Manjri),Tomato,Other,FAQ,16/06/2024,2000,3600,3000,78
Maharashtra,Pune,Pune(Manjri),Tomato,Other,FAQ,23/06/2024,3500,4400,4000,78
Maharashtra,Pune,Pune(Manjri),Tomato,Other,FAQ,26/06/2024,2300,6000,3800,78
Maharashtra,Pune,Pune(Manjri),Tomato,Other,FAQ,15/07/2024,4500,7200,6000,78
Maharashtra,Pune,Pune(Manjri),Tomato,Other,FAQ,16/07/2024,4000,7200,5500,78
Maharashtra,Pune,Pune(Manjri),Tomato,Other,FAQ,30/07/2024,400,1800,1100,78
Maharashtra,Pune,Pune(Manjri),Tomato,Other,FAQ,05/07/2024,4500,5400,5000,78
Maharashtra,Pune,Pune(Manjri),Tomato,Other,FAQ,06/07/2024,4500,6300,5400,78
Maharashtra,Pune,Pune(Manjri),Tomato,Other,FAQ,09/07/2024,3600,4500,4100,78
Maharashtra,Pune,Pune(Manjri),Tomato,Other,FAQ,28/07/2024,1800,4500,3200,78
Maharashtra,Pune,Pune(Manjri),Tomato,Other,FAQ,26/07/2024,4500,6300,5400,78
Maharashtra,Pune,Pune(Manjri),Tomato,Other,FAQ,15/01/2025,900,1400,1100,78
Maharashtra,Pune,Pune(Manjri),Tomato,Other,Local,27/01/2025,900,1800,1400,78
Maharashtra,Pune,Pune(Manjri),Tomato,Other,FAQ,02/12/2024,1800,3600,2700,78
Maharashtra,Pune,Pune(Manjri),Tomato,Other,FAQ,05/12/2024,1400,2700,2000,78
Maharashtra,Pune,Pune(Manjri),Tomato,Other,FAQ,14/12/2024,900,1600,1400,78
Maharashtra,Pune,Pune(Manjri),Tomato,Other,FAQ,18/12/2024,900,1800,1400,78
Maharashtra,Pune,Pune(Manjri),Tomato,Other,FAQ,19/12/2024,1400,2300,1800,78
Maharashtra,Pune,Pune(Manjri),Tomato,Other,FAQ,30/12/2024,200,900,500,78
Maharashtra,Pune,Pune(Manjri),Tomato,Other,FAQ,12/01/2025,900,1600,1400,78
Maharashtra,Pune,Pune(Manjri),Tomato,Other,FAQ,20/01/2025,400,900,600,78
Maharashtra,Pune,Pune(Manjri),Tomato,Other,Local,31/01/2025,400,1400,900,78
Maharashtra,Pune,Pune(Manjri),Tomato,Other,FAQ,04/11/2024,2000,3000,2500,78
Maharashtra,Pune,Pune(Manjri),Tomato,Other,FAQ,09/11/2024,1800,2300,2000,78
Maharashtra,Pune,Pune(Manjri),Tomato,Other,FAQ,15/11/2024,1800,3200,2500,78
Maharashtra,Pune,Pune(Manjri),Tomato,Other,FAQ,18/11/2024,1800,2700,2300,78
Maharashtra,Pune,Pune(Manjri),Tomato,Other,FAQ,06/09/2024,500,1500,1000,78
Maharashtra,Pune,Pune(Manjri),Tomato,Other,FAQ,01/09/2024,1500,2000,1700,78
Maharashtra,Pune,Pune(Manjri),Tomato,Other,FAQ,24/09/2024,500,1500,1000,78
Maharashtra,Pune,Pune(Manjri),Tomato,Other,FAQ,27/09/2024,2500,5000,4000,78
Maharashtra,Pune,Pune(Manjri),Tomato,Other,FAQ,10/09/2024,1500,2500,2000,78
Maharashtra,Pune,Pune(Manjri),Tomato,Other,Local,05/03/2025,1000,2000,1500,78
Maharashtra,Pune,Pune(Manjri),Tomato,Other,Local,07/03/2025,900,1600,1400,78
Maharashtra,Pune,Pune(Manjri),Tomato,Other,Local,14/03/2025,400,1400,900,78
Maharashtra,Pune,Pune(Manjri),Tomato,Other,Local,15/03/2025,900,1800,1400,78
Maharashtra,Pune,Pune(Manjri),Tomato,Other,Local,28/03/2025,400,1400,900,78
Maharashtra,Pune,Pune(Manjri),Tomato,Other,Local,03/04/2025,400,900,600,78
Maharashtra,Pune,Pune(Manjri),Tomato,Other,Local,12/04/2025,400,1800,1100,78
Maharashtra,Pune,Pune(Manjri),Tomato,Other,Local,13/04/2025,900,1400,1100,78
Maharashtra,Pune,Pune(Manjri),Tomato,Other,Local,17/04/2025,900,1400,1100,78
Maharashtra,Pune,Pune(Manjri),Tomato,Other,Local,19/04/2025,500,1500,1000,78
Maharashtra,Pune,Pune(Manjri),Tomato,Other,Local,24/04/2025,500,1200,800,78
Maharashtra,Pune,Pune(Manjri),Tomato,Other,Local,28/04/2025,900,1400,1100,78
Maharashtra,Pune,Pune(Manjri),Tomato,Other,Local,05/04/2025,500,1000,800,78
Maharashtra,Pune,Pune(Manjri),Tomato,Other,Local,10/04/2025,900,1800,1400,78
Maharashtra,Pune,Pune(Manjri),Tomato,Other,Local,20/04/2025,900,1400,1100,78
Maharashtra,Pune,Pune(Manjri),Tomato,Other,Local,26/04/2025,400,900,600,78
Maharashtra,Pune,Pune(Manjri),Tomato,Other,Local,30/04/2025,1800,2300,2000,78
Maharashtra,Pune,Pune(Manjri),Tomato,Other,Local,09/05/2025,1000,2500,1800,78
Maharashtra,Pune,Pune(Manjri),Tomato,Other,Local,12/05/2025,400,1800,1100,78
Maharashtra,Pune,Pune(Manjri),Tomato,Other,Local,15/05/2025,900,1800,1400,78
Maharashtra,Pune,Pune(Manjri),Tomato,Other,Local,18/05/2025,1400,2300,1800,78
Maharashtra,Pune,Pune(Manjri),Tomato,Other,Local,29/05/2025,1800,4000,2700,78
Maharashtra,Pune,Pune(Manjri),Tomato,Other,FAQ,02/08/2024,900,1400,1100,78
Maharashtra,Pune,Pune(Manjri),Tomato,Other,FAQ,03/08/2024,900,2200,1800,78
Maharashtra,Pune,Pune(Manjri),Tomato,Other,FAQ,07/08/2024,900,1800,1400,78
Maharashtra,Pune,Pune(Manjri),Tomato,Other,FAQ,09/08/2024,1800,2300,2000,78
Maharashtra,Pune,Pune(Manjri),Tomato,Other,FAQ,11/08/2024,1400,2200,1800,78
Maharashtra,Pune,Pune(Manjri),Tomato,Other,FAQ,20/08/2024,1200,1800,1600,78
Maharashtra,Pune,Pune(Manjri),Tomato,Other,FAQ,26/08/2024,500,1500,1000,78
Maharashtra,Pune,Pune(Manjri),Tomato,Other,FAQ,28/08/2024,800,1800,1200,78
Maharashtra,Pune,Pune(Manjri),Tomato,Other,Local,03/02/2025,900,1100,1000,78
Maharashtra,Pune,Pune(Manjri),Tomato,Other,FAQ,06/01/2024,1600,3000,2600,78
Maharashtra,Pune,Pune(Manjri),Tomato,Other,FAQ,13/01/2024,900,1800,1400,78
Maharashtra,Pune,Pune(Manjri),Tomato,Other,FAQ,17/01/2024,2300,3200,2700,78
Maharashtra,Pune,Pune(Manjri),Tomato,Other,FAQ,20/01/2024,1500,2500,2000,78
Maharashtra,Pune,Pune(Manjri),Tomato,Other,FAQ,21/01/2024,1800,2700,2300,78
Maharashtra,Pune,Pune(Manjri),Tomato,Other,FAQ,23/01/2024,1800,2300,2000,78
Maharashtra,Pune,Pune(Manjri),Tomato,Other,FAQ,30/01/2024,2000,3200,2800,78
Maharashtra,Pune,Pune(Manjri),Tomato,Other,FAQ,08/02/2024,1400,3200,2000,78
Maharashtra,Pune,Pune(Manjri),Tomato,Other,FAQ,10/02/2024,1400,2300,1800,78
Maharashtra,Pune,Pune(Manjri),Tomato,Other,FAQ,18/02/2024,800,2400,1700,78
Maharashtra,Pune,Pune(Manjri),Tomato,Other,FAQ,19/02/2024,1400,1800,1600,78
Maharashtra,Pune,Pune(Manjri),Tomato,Other,FAQ,21/02/2024,1800,2700,2300,78
Maharashtra,Pune,Pune(Manjri),Tomato,Other,FAQ,23/02/2024,1400,1800,1600,78
Maharashtra,Pune,Pune(Manjri),Tomato,Other,FAQ,28/02/2024,1400,1800,1600,78
Maharashtra,Pune,Pune(Manjri),Tomato,Other,FAQ,03/03/2024,900,1800,1400,78
Maharashtra,Pune,Pune(Manjri),Tomato,Other,FAQ,07/03/2024,900,1800,1400,78
Maharashtra,Pune,Pune(Manjri),Tomato,Other,FAQ,08/03/2024,900,1400,1100,78
Maharashtra,Pune,Pune(Manjri),Tomato,Other,FAQ,11/03/2024,900,1400,1100,78
Maharashtra,Pune,Pune(Manjri),Tomato,Other,FAQ,16/03/2024,1400,1800,1600,78
Maharashtra,Pune,Pune(Manjri),Tomato,Other,FAQ,27/03/2024,1400,1800,1600,78
Maharashtra,Pune,Pune(Manjri),Tomato,Other,FAQ,04/04/2024,500,1300,1000,78
Maharashtra,Pune,Pune(Manjri),Tomato,Other,FAQ,06/04/2024,900,1400,1100,78
Maharashtra,Pune,Pune(Manjri),Tomato,Other,FAQ,08/04/2024,900,1600,1400,78
Maharashtra,Pune,Pune(Manjri),Tomato,Other,FAQ,15/04/2024,1100,1600,1400,78
Maharashtra,Pune,Pune(Manjri),Tomato,Other,FAQ,19/04/2024,1100,1400,1200,78
Maharashtra,Pune,Pune(Manjri),Tomato,Other,FAQ,25/04/2024,1100,1600,1400,78
Maharashtra,Pune,Pune(Manjri),Tomato,Other,FAQ,29/04/2024,900,1800,1400,78
Maharashtra,Pune,Pune(Manjri),Tomato,Other,Local,01/02/2025,900,1800,1400,78
Maharashtra,Pune,Pune(Manjri),Tomato,Other,Local,26/02/2025,600,1400,900,78
Maharashtra,Pune,Pune(Manjri),Tomato,Other,Local,06/07/2025,3000,4000,3500,78
Maharashtra,Pune,Pune(Manjri),Tomato,Other,Local,10/07/2025,1000,3000,2000,78
Maharashtra,Pune,Pune(Manjri),Tomato,Other,Local,18/07/2025,500,1500,1200,78
Maharashtra,Pune,Pune(Manjri),Tomato,Other,Local,24/07/2025,1500,4000,3000,78
Maharashtra,Pune,Pune(Manjri),Tomato,Other,Local,27/07/2025,2500,4500,3500,78
Maharashtra,Pune,Pune(Manjri),Tomato,Other,Local,26/06/2025,1000,2500,1800,78
Maharashtra,Pune,Pune(Manjri),Tomato,Other,Local,05/06/2025,1400,2300,1800,78
Maharashtra,Pune,Pune(Manjri),Tomato,Other,Local,16/06/2025,2000,3500,2800,78
Maharashtra,Pune,Pune(Manjri),Tomato,Other,Local,16/09/2025,500,1500,1000,78
Maharashtra,Pune,Pune(Manjri),Tomato,Other,Local,20/09/2025,500,1500,1000,78
Maharashtra,Pune,Pune(Manjri),Tomato,Other,Local,27/09/2025,1000,2000,1500,78
Maharashtra,Pune,Pune(Manjri),Tomato,Other,Local,10/08/2025,2000,5000,3200,78
Maharashtra,Pune,Pune(Manjri),Tomato,Other,Local,11/08/2025,2000,5500,4000,78
Maharashtra,Pune,Pune(Manjri),Tomato,Other,Local,21/08/2025,2000,5000,4000,78
Maharashtra,Pune,Pune(Manjri),Tomato,Other,Local,25/08/2025,1000,2500,1800,78
Maharashtra,Pune,Pune(Manjri),Tomato,Other,Local,22/10/2025,1500,2500,2000,78
Maharashtra,Pune,Pune(Manjri),Tomato,Other,FAQ,10/12/2024,900,1800,1400,78
Maharashtra,Pune,Pune(Manjri),Tomato,Other,FAQ,17/12/2024,900,1800,1400,78
Maharashtra,Pune,Pune(Manjri),Tomato,Other,FAQ,22/12/2024,1500,3000,2200,78
Maharashtra,Pune,Pune(Manjri),Tomato,Other,FAQ,23/12/2024,1500,3000,2500,78
Maharashtra,Pune,Pune(Manjri),Tomato,Other,FAQ,25/12/2024,900,2000,1400,78
Maharashtra,Pune,Pune(Manjri),Tomato,Other,FAQ,26/12/2024,900,1800,1400,78
Maharashtra,Pune,Pune(Manjri),Tomato,Other,FAQ,29/12/2024,1000,1500,1200,78
Maharashtra,Pune,Pune(Manjri),Tomato,Other,FAQ,02/07/2024,3600,6300,5400,78
Maharashtra,Pune,Pune(Manjri),Tomato,Other,FAQ,04/07/2024,4500,6300,5400,78
Maharashtra,Pune,Pune(Manjri),Tomato,Other,FAQ,11/07/2024,4500,6800,5400,78
Maharashtra,Pune,Pune(Manjri),Tomato,Other,FAQ,12/07/2024,5400,6800,6000,78
Maharashtra,Pune,Pune(Manjri),Tomato,Other,FAQ,18/07/2024,6000,9000,8000,78
Maharashtra,Pune,Pune(Manjri),Tomato,Other,FAQ,24/07/2024,3600,5400,4500,78
Maharashtra,Pune,Pune(Manjri),Tomato,Other,FAQ,25/07/2024,3600,4500,4000,78
Maharashtra,Pune,Pune(Manjri),Tomato,Other,FAQ,29/07/2024,1800,2700,2300,78
Maharashtra,Pune,Pune(Manjri),Tomato,Other,FAQ,31/07/2024,600,2000,1400,78
Maharashtra,Pune,Pune(Manjri),Tomato,Other,FAQ,13/06/2024,3200,5000,4100,78
Maharashtra,Pune,Pune(Manjri),Tomato,Other,FAQ,24/06/2024,2300,5000,3400,78
Maharashtra,Pune,Pune(Manjri),Tomato,Other,FAQ,03/05/2024,1100,1600,1400,78
Maharashtra,Pune,Pune(Manjri),Tomato,Other,FAQ,14/05/2024,900,1400,1100,78
Maharashtra,Pune,Pune(Manjri),Tomato,Other,FAQ,19/05/2024,400,1400,900,78
Maharashtra,Pune,Pune(Manjri),Tomato,Other,FAQ,23/05/2024,1400,1800,1600,78
Maharashtra,Pune,Pune(Manjri),Tomato,Other,FAQ,24/05/2024,1000,1800,1500,78
Maharashtra,Pune,Pune(Manjri),Tomato,Other,FAQ,25/05/2024,1000,1600,1400,78
Maharashtra,Pune,Pune(Manjri),Tomato,Other,FAQ,08/01/2024,1400,2300,1800,78
Maharashtra,Pune,Pune(Manjri),Tomato,Other,FAQ,12/01/2024,1400,2300,1800,78
Maharashtra,Pune,Pune(Manjri),Tomato,Other,FAQ,28/01/2024,2700,3400,3000,78
Maharashtra,Pune,Pune(Manjri),Tomato,Other,FAQ,05/02/2024,1800,3600,2700,78
Maharashtra,Pune,Pune(Manjri),Tomato,Other,FAQ,06/02/2024,2300,3200,2700,78
Maharashtra,Pune,Pune(Manjri),Tomato,Other,FAQ,11/02/2024,1800,2300,2000,78
Maharashtra,Pune,Pune(Manjri),Tomato,Other,FAQ,02/03/2024,1400,1800,1600,78
Maharashtra,Pune,Pune(Manjri),Tomato,Other,FAQ,18/03/2024,900,1800,1400,78
Maharashtra,Pune,Pune(Manjri),Tomato,Other,FAQ,19/01/2024,1800,2700,2300,78
Maharashtra,Pune,Pune(Manjri),Tomato,Other,FAQ,29/01/2024,2300,3200,2700,78
Maharashtra,Pune,Pune(Manjri),Tomato,Other,FAQ,01/02/2024,1800,2400,2000,78
Maharashtra,Pune,Pune(Manjri),Tomato,Other,FAQ,04/02/2024,2300,3400,2700,78
Maharashtra,Pune,Pune(Manjri),Tomato,Other,FAQ,29/02/2024,900,1800,1400,78
Maharashtra,Pune,Pune(Manjri),Tomato,Other,FAQ,26/03/2024,900,1400,1100,78
Maharashtra,Pune,Pune(Manjri),Tomato,Other,FAQ,29/03/2024,400,900,600,78
Maharashtra,Pune,Pune(Manjri),Tomato,Other,FAQ,05/04/2024,900,1400,1100,78
Maharashtra,Pune,Pune(Manjri),Tomato,Other,FAQ,07/04/2024,700,1400,1000,78
Maharashtra,Pune,Pune(Manjri),Tomato,Other,FAQ,24/04/2024,900,1400,1100,78
Maharashtra,Pune,Pune(Manjri),Tomato,Other,FAQ,26/04/2024,900,1400,1100,78
Maharashtra,Pune,Pune(Manjri),Tomato,Other,FAQ,28/04/2024,900,1600,1400,78
Maharashtra,Pune,Pune(Manjri),Tomato,Other,FAQ,18/10/2024,3200,5400,4000,78
Maharashtra,Pune,Pune(Manjri),Tomato,Other,FAQ,13/10/2024,2700,5500,4000,78
Maharashtra,Pune,Pune(Manjri),Tomato,Other,FAQ,11/10/2024,3200,3800,3500,78
Maharashtra,Pune,Pune(Manjri),Tomato,Other,FAQ,04/09/2024,1200,2000,1400,78
Maharashtra,Pune,Pune(Manjri),Tomato,Other,FAQ,05/09/2024,1000,2000,1600,78
Maharashtra,Pune,Pune(Manjri),Tomato,Other,FAQ,08/09/2024,700,1200,1000,78
Maharashtra,Pune,Pune(Manjri),Tomato,Other,FAQ,09/09/2024,1500,2500,2000,78
Maharashtra,Pune,Pune(Manjri),Tomato,Other,FAQ,12/09/2024,1200,2200,1600,78
Maharashtra,Pune,Pune(Manjri),Tomato,Other,FAQ,16/09/2024,2000,4500,3500,78
Maharashtra,Pune,Pune(Manjri),Tomato,Other,FAQ,17/09/2024,3000,5000,3500,78
Maharashtra,Pune,Pune(Manjri),Tomato,Other,FAQ,20/09/2024,1500,3500,2500,78
Maharashtra,Pune,Pune(Manjri),Tomato,Other,FAQ,21/09/2024,2000,4500,3500,78
Maharashtra,Pune,Pune(Manjri),Tomato,Other,FAQ,23/09/2024,1500,4000,3000,78
Maharashtra,Pune,Pune(Manjri),Tomato,Other,FAQ,29/09/2024,3000,6000,4800,78
Maharashtra,Pune,Pune(Manjri),Tomato,Other,FAQ,01/11/2024,1800,3200,2500,78
Maharashtra,Pune,Pune(Manjri),Tomato,Other,FAQ,05/11/2024,1800,3200,2500,78
Maharashtra,Pune,Pune(Manjri),Tomato,Other,FAQ,10/11/2024,1400,2300,1800,78
Maharashtra,Pune,Pune(Manjri),Tomato,Other,FAQ,11/11/2024,1800,2700,2300,78
Maharashtra,Pune,Pune(Manjri),Tomato,Other,FAQ,16/11/2024,2300,3200,2700,78
Maharashtra,Pune,Pune(Manjri),Tomato,Other,FAQ,17/11/2024,2000,3000,2500,78
Maharashtra,Pune,Pune(Manjri),Tomato,Other,FAQ,24/11/2024,1400,2700,2000,78
Maharashtra,Pune,Pune(Manjri),Tomato,Other,FAQ,25/11/2024,2700,3600,3200,78
Maharashtra,Pune,Pune(Manjri),Tomato,Other,FAQ,30/06/2024,3500,5200,4500,78
Maharashtra,Pune,Pune(Manjri),Tomato,Other,FAQ,02/06/2024,1800,4000,2800,78
Maharashtra,Pune,Pune(Manjri),Tomato,Other,FAQ,06/06/2024,2300,2700,2500,78
Maharashtra,Pune,Pune(Manjri),Tomato,Other,FAQ,21/06/2024,3200,5400,4100,78
Maharashtra,Pune,Pune(Manjri),Tomato,Other,FAQ,04/10/2024,2700,5400,4000,78
Maharashtra,Pune,Pune(Manjri),Tomato,Other,FAQ,31/10/2024,2700,3600,3200,78
Maharashtra,Pune,Pune(Manjri),Tomato,Other,FAQ,17/08/2024,1800,2300,2000,78
Maharashtra,Pune,Pune(Manjri),Tomato,Other,FAQ,18/08/2024,900,1800,1400,78
Maharashtra,Pune,Pune(Manjri),Tomato,Other,FAQ,19/08/2024,1400,1800,1600,78
Maharashtra,Pune,Pune(Manjri),Tomato,Other,FAQ,24/08/2024,500,1500,1000,78
Maharashtra,Pune,Pune(Manjri),Tomato,Other,Local,06/02/2025,900,1800,1400,78
Maharashtra,Pune,Pune(Manjri),Tomato,Other,Local,27/02/2025,900,1600,1200,78
Maharashtra,Pune,Pune(Manjri),Tomato,Other,FAQ,04/01/2025,900,1400,1100,78
Maharashtra,Pune,Pune(Manjri),Tomato,Other,FAQ,10/01/2025,900,1800,1400,78
Maharashtra,Pune,Pune(Manjri),Tomato,Other,FAQ,14/01/2025,1400,2300,1800,78
Maharashtra,Pune,Pune(Manjri),Tomato,Other,Local,08/04/2025,900,1800,1400,78
Maharashtra,Pune,Pune(Manjri),Tomato,Other,Local,11/04/2025,900,1800,1400,78
Maharashtra,Pune,Pune(Manjri),Tomato,Other,Local,14/04/2025,1100,1600,1400,78
Maharashtra,Pune,Pune(Manjri),Tomato,Other,Local,23/04/2025,1000,1200,1100,78
Maharashtra,Pune,Pune(Manjri),Tomato,Other,Local,27/04/2025,500,1500,1000,78
Maharashtra,Pune,Pune(Manjri),Tomato,Other,Local,03/05/2025,600,1600,1100,78
Maharashtra,Pune,Pune(Manjri),Tomato,Other,Local,28/05/2025,3200,5400,4100,78
Maharashtra,Pune,Pune(Manjri),Tomato,Other,Local,31/05/2025,1400,2300,1800,78
Maharashtra,Pune,Pune(Manjri),Tomato,Other,Local,28/02/2025,900,1400,1100,78
Maharashtra,Pune,Pune(Manjri),Tomato,Other,FAQ,02/01/2022,2500,3200,2700,78
Maharashtra,Pune,Pune(Manjri),Tomato,Other,FAQ,06/01/2022,1400,2700,2300,78
Maharashtra,Pune,Pune(Manjri),Tomato,Other,FAQ,09/01/2022,1000,2000,1500,78
Maharashtra,Pune,Pune(Manjri),Tomato,Other,FAQ,10/01/2022,1000,2000,1500,78
Maharashtra,Pune,Pune(Manjri),Tomato,Other,FAQ,13/01/2022,1000,2000,1500,78
Maharashtra,Pune,Pune(Manjri),Tomato,Other,FAQ,15/01/2022,1800,2700,2300,78
Maharashtra,Pune,Pune(Manjri),Tomato,Other,FAQ,21/01/2022,1400,2300,1800,78
Maharashtra,Pune,Pune(Manjri),Tomato,Other,FAQ,06/02/2022,1400,2300,1800,78
Maharashtra,Pune,Pune(Manjri),Tomato,Other,FAQ,11/02/2022,900,4400,1100,78
Maharashtra,Pune,Pune(Manjri),Tomato,Other,FAQ,12/02/2022,900,1800,1400,78
Maharashtra,Pune,Pune(Manjri),Tomato,Other,FAQ,14/02/2022,1400,1800,1600,78
Maharashtra,Pune,Pune(Manjri),Tomato,Other,FAQ,05/03/2022,400,1400,900,78
Maharashtra,Pune,Pune(Manjri),Tomato,Other,FAQ,13/03/2022,900,1800,1400,78
Maharashtra,Pune,Pune(Manjri),Tomato,Other,FAQ,14/03/2022,900,1400,1100,78
Maharashtra,Pune,Pune(Manjri),Tomato,Other,FAQ,18/03/2022,900,1800,1400,78
Maharashtra,Pune,Pune(Manjri),Tomato,Other,FAQ,04/04/2022,900,1800,1400,78
Maharashtra,Pune,Pune(Manjri),Tomato,Other,FAQ,16/04/2022,900,1800,1400,78
Maharashtra,Pune,Pune(Manjri),Tomato,Other,FAQ,29/04/2022,1400,3200,2300,78
Maharashtra,Pune,Pune(Manjri),Tomato,Other,FAQ,03/05/2022,2700,4100,3700,78
Maharashtra,Pune,Pune(Manjri),Tomato,Other,FAQ,08/05/2022,2300,3600,3200,78
Maharashtra,Pune,Pune(Manjri),Tomato,Other,FAQ,17/05/2022,3600,5500,4500,78
Maharashtra,Pune,Pune(Manjri),Tomato,Other,FAQ,25/05/2022,3700,5500,4600,78
Maharashtra,Pune,Pune(Manjri),Tomato,Other,FAQ,28/05/2022,3600,5400,4500,78
Maharashtra,Pune,Pune(Manjri),Tomato,Other,FAQ,31/05/2022,3600,4500,4100,78
Maharashtra,Pune,Pune(Manjri),Tomato,Other,FAQ,10/06/2022,3600,5400,4500,78
Maharashtra,Pune,Pune(Manjri),Tomato,Other,FAQ,23/06/2022,3600,5000,4500,78
Maharashtra,Pune,Pune(Manjri),Tomato,Other,FAQ,09/07/2022,1000,1800,1600,78
Maharashtra,Pune,Pune(Manjri),Tomato,Other,FAQ,21/07/2022,900,1400,1100,78
Maharashtra,Pune,Pune(Manjri),Tomato,Other,FAQ,27/07/2022,900,1800,1400,78
Maharashtra,Pune,Pune(Manjri),Tomato,Other,FAQ,06/08/2022,1100,1800,1400,78
Maharashtra,Pune,Pune(Manjri),Tomato,Other,FAQ,10/08/2022,900,1800,1400,78
Maharashtra,Pune,Pune(Manjri),Tomato,Other,FAQ,11/08/2022,1100,1800,1400,78
Maharashtra,Pune,Pune(Manjri),Tomato,Other,FAQ,19/08/2022,600,1400,900,78
Maharashtra,Pune,Pune(Manjri),Tomato,Other,FAQ,21/08/2022,400,1400,900,78
Maharashtra,Pune,Pune(Manjri),Tomato,Other,FAQ,25/08/2022,900,1400,1100,78
Maharashtra,Pune,Pune(Manjri),Tomato,Other,FAQ,29/08/2022,400,1100,900,78
Maharashtra,Pune,Pune(Manjri),Tomato,Other,FAQ,30/08/2022,600,1400,900,78
Maharashtra,Pune,Pune(Manjri),Tomato,Other,FAQ,01/09/2022,400,900,600,78
Maharashtra,Pune,Pune(Manjri),Tomato,Other,FAQ,12/09/2022,400,1400,900,78
Maharashtra,Pune,Pune(Manjri),Tomato,Other,FAQ,14/09/2022,1800,3200,2300,78
Maharashtra,Pune,Pune(Manjri),Tomato,Other,FAQ,16/09/2022,400,1400,900,78
Maharashtra,Pune,Pune(Manjri),Tomato,Other,FAQ,22/09/2022,1300,2800,1800,78
Maharashtra,Pune,Pune(Manjri),Tomato,Other,FAQ,07/10/2022,1700,3500,2800,78
Maharashtra,Pune,Pune(Manjri),Tomato,Other,FAQ,14/10/2022,2700,4500,3600,78
Maharashtra,Pune,Pune(Manjri),Tomato,Other,FAQ,15/10/2022,2700,4500,3600,78
Maharashtra,Pune,Pune(Manjri),Tomato,Other,FAQ,21/10/2022,1800,3200,2300,78
Maharashtra,Pune,Pune(Manjri),Tomato,Other,FAQ,22/10/2022,1800,2700,2300,78
Maharashtra,Pune,Pune(Manjri),Tomato,Other,FAQ,23/10/2022,1800,2700,2300,78
Maharashtra,Pune,Pune(Manjri),Tomato,Other,FAQ,24/10/2022,2000,3000,2500,78
Maharashtra,Pune,Pune(Manjri),Tomato,Other,FAQ,04/11/2022,900,1400,1100,78
Maharashtra,Pune,Pune(Manjri),Tomato,Other,FAQ,09/11/2022,400,1400,900,78
Maharashtra,Pune,Pune(Manjri),Tomato,Other,FAQ,14/11/2022,600,1100,900,78
Maharashtra,Pune,Pune(Manjri),Tomato,Other,FAQ,16/11/2022,400,900,600,78
Maharashtra,Pune,Pune(Manjri),Tomato,Other,FAQ,04/12/2022,500,1000,700,78
Maharashtra,Pune,Pune(Manjri),Tomato,Other,FAQ,05/12/2022,900,1400,1100,78
Maharashtra,Pune,Pune(Manjri),Tomato,Other,FAQ,06/12/2022,400,900,600,78
Maharashtra,Pune,Pune(Manjri),Tomato,Other,FAQ,08/12/2022,200,900,400,78
Maharashtra,Pune,Pune(Manjri),Tomato,Other,FAQ,14/12/2022,400,1100,900,78
Maharashtra,Pune,Pune(Manjri),Tomato,Other,FAQ,17/12/2022,200,600,400,78
Maharashtra,Pune,Pune(Manjri),Tomato,Other,FAQ,28/12/2022,600,1100,900,78
Maharashtra,Pune,Pune(Manjri),Tomato,Other,FAQ,29/12/2022,600,1100,900,78
Maharashtra,Pune,Pune(Manjri),Tomato,Other,Local,09/03/2025,1000,2000,1500,78
Maharashtra,Pune,Pune(Manjri),Tomato,Other,Local,11/03/2025,900,1800,1400,78
Maharashtra,Pune,Pune(Manjri),Tomato,Other,Local,12/03/2025,900,1800,1400,78
Maharashtra,Pune,Pune(Manjri),Tomato,Other,Local,16/03/2025,600,1600,1100,78
Maharashtra,Pune,Pune(Manjri),Tomato,Other,Local,17/03/2025,900,1400,1100,78
Maharashtra,Pune,Pune(Manjri),Tomato,Other,Local,19/03/2025,900,1800,1400,78
Maharashtra,Pune,Pune(Manjri),Tomato,Other,Local,21/03/2025,400,900,600,78
Maharashtra,Pune,Pune(Manjri),Tomato,Other,Local,26/03/2025,400,1100,900,78
Maharashtra,Pune,Pune(Manjri),Tomato,Other,Local,31/03/2025,400,1800,1100,78
Maharashtra,Pune,Pune(Manjri),Tomato,Other,FAQ,08/01/2025,900,1400,1100,78
Maharashtra,Pune,Pune(Manjri),Tomato,Other,Local,29/01/2025,400,1100,700,78
Maharashtra,Pune,Pune(Manjri),Tomato,Other,FAQ,01/01/2025,900,1400,1100,78
Maharashtra,Pune,Pune(Manjri),Tomato,Other,FAQ,03/01/2025,900,1600,1200,78
Maharashtra,Pune,Pune(Manjri),Tomato,Other,FAQ,05/01/2025,1000,2200,1700,78
Maharashtra,Pune,Pune(Manjri),Tomato,Other,FAQ,17/01/2025,400,900,600,78
Maharashtra,Pune,Pune(Manjri),Tomato,Other,FAQ,24/01/2025,400,900,600,78
Maharashtra,Pune,Pune(Manjri),Tomato,Other,FAQ,04/05/2023,400,900,600,78
Maharashtra,Pune,Pune(Manjri),Tomato,Other,FAQ,06/05/2023,400,900,600,78
Maharashtra,Pune,Pune(Manjri),Tomato,Other,FAQ,10/05/2023,400,900,600,78
Maharashtra,Pune,Pune(Manjri),Tomato,Other,FAQ,11/05/2023,400,900,600,78
Maharashtra,Pune,Pune(Manjri),Tomato,Other,FAQ,21/05/2023,400,600,500,78
Maharashtra,Pune,Pune(Manjri),Tomato,Other,FAQ,30/05/2023,600,1400,1000,78
Maharashtra,Pune,Pune(Manjri),Tomato,Other,FAQ,01/06/2023,900,1800,1400,78
Maharashtra,Pune,Pune(Manjri),Tomato,Other,FAQ,02/06/2023,1400,2300,1800,78
Maharashtra,Pune,Pune(Manjri),Tomato,Other,FAQ,18/06/2023,1800,3200,2300,78
Maharashtra,Pune,Pune(Manjri),Tomato,Other,FAQ,22/06/2023,3000,4500,3400,78
Maharashtra,Pune,Pune(Manjri),Tomato,Other,FAQ,28/06/2023,3200,4500,3600,78
Maharashtra,Pune,Pune(Manjri),Tomato,Other,FAQ,09/07/2023,4500,8100,6400,78
Maharashtra,Pune,Pune(Manjri),Tomato,Other,FAQ,14/07/2023,7700,10900,9000,78
Maharashtra,Pune,Pune(Manjri),Tomato,Other,FAQ,23/07/2023,7200,11300,9000,78
Maharashtra,Pune,Pune(Manjri),Tomato,Other,FAQ,31/07/2023,9000,11400,10500,78
Maharashtra,Pune,Pune(Manjri),Tomato,Other,FAQ,04/08/2023,8100,11400,10000,78
Maharashtra,Pune,Pune(Manjri),Tomato,Other,FAQ,17/08/2023,2300,4500,4000,78
Maharashtra,Pune,Pune(Manjri),Tomato,Other,FAQ,20/08/2023,1400,3600,2700,78
Maharashtra,Pune,Pune(Manjri),Tomato,Other,FAQ,23/08/2023,1400,3500,2200,78
Maharashtra,Pune,Pune(Manjri),Tomato,Other,FAQ,25/08/2023,1800,3200,2500,78
Maharashtra,Pune,Pune(Manjri),Tomato,Other,FAQ,28/08/2023,1400,2700,2000,78
Maharashtra,Pune,Pune(Manjri),Tomato,Other,FAQ,29/08/2023,1400,2700,2000,78
Maharashtra,Pune,Pune(Manjri),Tomato,Other,FAQ,30/08/2023,1400,2700,1800,78
Maharashtra,Pune,Pune(Manjri),Tomato,Other,FAQ,04/09/2023,1400,1800,1600,78
Maharashtra,Pune,Pune(Manjri),Tomato,Other,FAQ,13/09/2023,600,1100,900,78
Maharashtra,Pune,Pune(Manjri),Tomato,Other,FAQ,20/09/2023,400,900,600,78
Maharashtra,Pune,Pune(Manjri),Tomato,Other,FAQ,21/09/2023,400,900,600,78
Maharashtra,Pune,Pune(Manjri),Tomato,Other,FAQ,22/09/2023,400,600,500,78
Maharashtra,Pune,Pune(Manjri),Tomato,Other,FAQ,27/09/2023,400,900,600,78
Maharashtra,Pune,Pune(Manjri),Tomato,Other,FAQ,28/09/2023,400,600,500,78
Maharashtra,Pune,Pune(Manjri),Tomato,Other,FAQ,01/10/2023,400,900,600,78
Maharashtra,Pune,Pune(Manjri),Tomato,Other,FAQ,02/10/2023,400,600,500,78
Maharashtra,Pune,Pune(Manjri),Tomato,Other,FAQ,08/10/2023,400,900,600,78
Maharashtra,Pune,Pune(Manjri),Tomato,Other,FAQ,13/10/2023,400,600,500,78
Maharashtra,Pune,Pune(Manjri),Tomato,Other,FAQ,16/10/2023,400,900,600,78
Maharashtra,Pune,Pune(Manjri),Tomato,Other,FAQ,25/10/2023,600,1100,900,78
Maharashtra,Pune,Pune(Manjri),Tomato,Other,FAQ,30/10/2023,900,1400,1100,78
Maharashtra,Pune,Pune(Manjri),Tomato,Other,FAQ,15/11/2023,1800,2300,2000,78
Maharashtra,Pune,Pune(Manjri),Tomato,Other,FAQ,16/11/2023,1800,3400,2500,78
Maharashtra,Pune,Pune(Manjri),Tomato,Other,FAQ,21/11/2023,1400,2700,2000,78
Maharashtra,Pune,Pune(Manjri),Tomato,Other,FAQ,22/11/2023,1800,4000,3200,78
Maharashtra,Pune,Pune(Manjri),Tomato,Other,FAQ,23/11/2023,2300,3200,2700,78
Maharashtra,Pune,Pune(Manjri),Tomato,Other,FAQ,28/11/2023,2300,3600,3200,78
Maharashtra,Pune,Pune(Manjri),Tomato,Other,FAQ,10/12/2023,1400,2700,2300,78
Maharashtra,Pune,Pune(Manjri),Tomato,Other,FAQ,11/12/2023,2300,3200,2700,78
Maharashtra,Pune,Pune(Manjri),Tomato,Other,FAQ,13/12/2023,1400,2300,1800,78
Maharashtra,Pune,Pune(Manjri),Tomato,Other,FAQ,16/12/2023,1600,3000,2000,78
Maharashtra,Pune,Pune(Manjri),Tomato,Other,FAQ,17/12/2023,1400,2300,1800,78
Maharashtra,Pune,Pune(Manjri),Tomato,Other,FAQ,19/12/2023,1600,2800,2200,78
Maharashtra,Pune,Pune(Manjri),Tomato,Other,FAQ,24/12/2023,1400,2600,1800,78
Maharashtra,Pune,Pune(Manjri),Tomato,Other,FAQ,30/12/2023,2300,3400,3000,78
Maharashtra,Pune,Pune(Manjri),Tomato,Other,FAQ,07/01/2023,400,900,600,78
Maharashtra,Pune,Pune(Manjri),Tomato,Other,FAQ,22/01/2023,900,1400,1100,78
Maharashtra,Pune,Pune(Manjri),Tomato,Other,FAQ,24/01/2023,900,1400,1100,78
Maharashtra,Pune,Pune(Manjri),Tomato,Other,FAQ,25/01/2023,400,1400,900,78
Maharashtra,Pune,Pune(Manjri),Tomato,Other,FAQ,28/01/2023,400,1400,900,78
Maharashtra,Pune,Pune(Manjri),Tomato,Other,FAQ,31/01/2023,600,1100,900,78
Maharashtra,Pune,Pune(Manjri),Tomato,Other,FAQ,04/02/2023,600,1100,900,78
Maharashtra,Pune,Pune(Manjri),Tomato,Other,FAQ,13/02/2023,1400,2300,1800,78
Maharashtra,Pune,Pune(Manjri),Tomato,Other,FAQ,19/02/2023,1800,2700,2300,78
Maharashtra,Pune,Pune(Manjri),Tomato,Other,FAQ,25/02/2023,900,2300,1600,78
Maharashtra,Pune,Pune(Manjri),Tomato,Other,FAQ,24/03/2023,600,1400,900,78
Maharashtra,Pune,Pune(Manjri),Tomato,Other,FAQ,26/03/2023,900,2300,1400,78
Maharashtra,Pune,Pune(Manjri),Tomato,Other,FAQ,01/04/2023,1200,2000,1500,78
Maharashtra,Pune,Pune(Manjri),Tomato,Other,FAQ,03/04/2023,1400,2300,1800,78
Maharashtra,Pune,Pune(Manjri),Tomato,Other,FAQ,04/04/2023,900,1800,1400,78
Maharashtra,Pune,Pune(Manjri),Tomato,Other,FAQ,05/04/2023,900,1800,1400,78
Maharashtra,Pune,Pune(Manjri),Tomato,Other,FAQ,06/04/2023,900,1600,1400,78
Maharashtra,Pune,Pune(Manjri),Tomato,Other,FAQ,11/04/2023,400,900,600,78
Maharashtra,Pune,Pune(Manjri),Tomato,Other,FAQ,12/04/2023,400,900,600,78
Maharashtra,Pune,Pune(Manjri),Tomato,Other,FAQ,22/04/2023,400,1100,900,78
Maharashtra,Pune,Pune(Manjri),Tomato,Other,FAQ,24/04/2023,400,1100,900,78
Maharashtra,Pune,Pune(Manjri),Tomato,Other,FAQ,03/03/2021,400,1400,900,78
Maharashtra,Pune,Pune(Manjri),Tomato,Other,FAQ,08/03/2021,600,1400,1100,78
Maharashtra,Pune,Pune(Manjri),Tomato,Other,FAQ,10/03/2021,600,1300,900,78
Maharashtra,Pune,Pune(Manjri),Tomato,Other,FAQ,07/04/2021,400,700,600,78
Maharashtra,Pune,Pune(Manjri),Tomato,Other,FAQ,08/04/2021,700,1200,1000,78
Maharashtra,Pune,Pune(Manjri),Tomato,Other,FAQ,13/04/2021,1000,1600,1200,78
Maharashtra,Pune,Pune(Manjri),Tomato,Other,FAQ,16/04/2021,700,1400,900,78
Maharashtra,Pune,Pune(Manjri),Tomato,Other,FAQ,05/05/2021,500,1000,700,78
Maharashtra,Pune,Pune(Manjri),Tomato,Other,FAQ,21/05/2021,400,1100,900,78
Maharashtra,Pune,Pune(Manjri),Tomato,Other,FAQ,24/05/2021,600,1500,1100,78
Maharashtra,Pune,Pune(Manjri),Tomato,Other,FAQ,28/05/2021,400,1000,900,78
Maharashtra,Pune,Pune(Manjri),Tomato,Other,FAQ,08/06/2021,400,1200,900,78
Maharashtra,Pune,Pune(Manjri),Tomato,Other,FAQ,10/06/2021,400,1400,1000,78
Maharashtra,Pune,Pune(Manjri),Tomato,Other,FAQ,17/06/2021,400,1000,600,78
Maharashtra,Pune,Pune(Manjri),Tomato,Other,FAQ,27/06/2021,600,1400,1000,78
Maharashtra,Pune,Pune(Manjri),Tomato,Other,FAQ,29/06/2021,500,1000,800,78
Maharashtra,Pune,Pune(Manjri),Tomato,Other,FAQ,06/07/2021,400,1100,900,78
Maharashtra,Pune,Pune(Manjri),Tomato,Other,FAQ,12/07/2021,600,1100,900,78
Maharashtra,Pune,Pune(Manjri),Tomato,Other,FAQ,20/07/2021,400,1400,1000,78
Maharashtra,Pune,Pune(Manjri),Tomato,Other,FAQ,09/08/2021,500,1100,800,78
Maharashtra,Pune,Pune(Manjri),Tomato,Other,FAQ,18/08/2021,200,600,500,78
Maharashtra,Pune,Pune(Manjri),Tomato,Other,FAQ,24/08/2021,300,700,500,78
Maharashtra,Pune,Pune(Manjri),Tomato,Other,FAQ,01/09/2021,300,700,500,78
Maharashtra,Pune,Pune(Manjri),Tomato,Other,FAQ,07/09/2021,250,500,400,78
Maharashtra,Pune,Pune(Manjri),Tomato,Other,FAQ,08/09/2021,400,800,600,78
Maharashtra,Pune,Pune(Manjri),Tomato,Other,FAQ,11/09/2021,300,1000,600,78
Maharashtra,Pune,Pune(Manjri),Tomato,Other,FAQ,23/09/2021,400,1400,900,78
Maharashtra,Pune,Pune(Manjri),Tomato,Other,FAQ,05/10/2021,1800,3100,2700,78
Maharashtra,Pune,Pune(Manjri),Tomato,Other,FAQ,06/10/2021,2300,3600,2700,78
Maharashtra,Pune,Pune(Manjri),Tomato,Other,FAQ,09/10/2021,1400,3100,2300,78
Maharashtra,Pune,Pune(Manjri),Tomato,Other,FAQ,22/10/2021,1400,3600,3100,78
Maharashtra,Pune,Pune(Manjri),Tomato,Other,FAQ,25/10/2021,2300,5000,4500,78
Maharashtra,Pune,Pune(Manjri),Tomato,Other,FAQ,27/10/2021,1400,4100,3600,78
Maharashtra,Pune,Pune(Manjri),Tomato,Other,FAQ,28/10/2021,1400,4100,3600,78
Maharashtra,Pune,Pune(Manjri),Tomato,Other,FAQ,02/11/2021,2700,3600,3200,78
Maharashtra,Pune,Pune(Manjri),Tomato,Other,FAQ,13/11/2021,1800,4100,3200,78
Maharashtra,Pune,Pune(Manjri),Tomato,Other,FAQ,17/11/2021,2300,5000,3600,78
Maharashtra,Pune,Pune(Manjri),Tomato,Other,FAQ,18/11/2021,2300,4500,2600,78
Maharashtra,Pune,Pune(Manjri),Tomato,Other,FAQ,24/11/2021,3200,5000,4800,78
Maharashtra,Pune,Pune(Manjri),Tomato,Other,FAQ,09/12/2021,2300,4500,3600,78
Maharashtra,Pune,Pune(Manjri),Tomato,Other,FAQ,10/12/2021,1800,3600,2300,78
Maharashtra,Pune,Pune(Manjri),Tomato,Other,Local,02/08/2025,1500,4500,3000,78
Maharashtra,Pune,Pune(Manjri),Tomato,Other,Local,04/08/2025,2500,5500,4000,78
Maharashtra,Pune,Pune(Manjri),Tomato,Other,Local,20/08/2025,2500,4000,3000,78
Maharashtra,Pune,Pune(Manjri),Tomato,Other,Local,23/08/2025,1500,3500,2500,78
Maharashtra,Pune,Pune(Manjri),Tomato,Other,Local,26/08/2025,1000,2000,1500,78
Maharashtra,Pune,Pune(Manjri),Tomato,Other,Local,03/06/2025,1400,2300,1800,78
Maharashtra,Pune,Pune(Manjri),Tomato,Other,Local,22/06/2025,500,1800,1200,78
Maharashtra,Pune,Pune(Manjri),Tomato,Other,Local,24/06/2025,1000,3000,2000,78
Maharashtra,Pune,Pune(Manjri),Tomato,Other,Local,04/06/2025,1400,2300,1800,78
Maharashtra,Pune,Pune(Manjri),Tomato,Other,Local,09/06/2025,1000,2500,1800,78
Maharashtra,Pune,Pune(Manjri),Tomato,Other,Local,20/06/2025,1000,2500,1800,78
Maharashtra,Pune,Pune(Manjri),Tomato,Other,Local,27/06/2025,1000,2500,1700,78
Maharashtra,Pune,Pune(Manjri),Tomato,Other,Local,02/07/2025,1200,2200,1700,78
Maharashtra,Pune,Pune(Manjri),Tomato,Other,Local,03/07/2025,1500,3000,2200,78
Maharashtra,Pune,Pune(Manjri),Tomato,Other,Local,07/07/2025,1500,4000,2800,78
Maharashtra,Pune,Pune(Manjri),Tomato,Other,Local,11/07/2025,1500,3500,2500,78
Maharashtra,Pune,Pune(Manjri),Tomato,Other,Local,12/07/2025,1000,3500,2200,78
Maharashtra,Pune,Pune(Manjri),Tomato,Other,Local,22/07/2025,1500,3000,2200,78
Maharashtra,Pune,Pune(Manjri),Tomato,Other,Local,01/09/2025,2000,4000,3000,78
Maharashtra,Pune,Pune(Manjri),Tomato,Other,Local,06/09/2025,1000,2000,1500,78
Maharashtra,Pune,Pune(Manjri),Tomato,Other,Local,08/09/2025,1000,3000,2000,78
Maharashtra,Pune,Pune(Manjri),Tomato,Other,Local,10/09/2025,1000,3000,2000,78
Maharashtra,Pune,Pune(Manjri),Tomato,Other,Local,13/09/2025,500,2000,1200,78
Maharashtra,Pune,Pune(Manjri),Tomato,Other,Local,14/09/2025,500,2000,1200,78
Maharashtra,Pune,Pune(Manjri),Tomato,Other,Local,17/09/2025,500,1500,1000,78
Maharashtra,Pune,Pune(Manjri),Tomato,Other,Local,25/09/2025,500,1500,1000,78
Maharashtra,Pune,Pune(Manjri),Tomato,Other,Local,30/09/2025,1000,3000,2000,78
Maharashtra,Pune,Pune(Manjri),Tomato,Other,Local,02/11/2025,1000,2000,1500,78
Maharashtra,Pune,Pune(Manjri),Tomato,Other,Local,03/10/2025,1000,2000,1600,78
Maharashtra,Pune,Pune(Manjri),Tomato,Other,Local,07/10/2025,1000,2000,1500,78
Maharashtra,Pune,Pune(Manjri),Tomato,Other,Local,14/10/2025,4000,6000,5000,78
Maharashtra,Pune,Pune(Manjri),Tomato,Other,Local,15/10/2025,1000,2000,1500,78
Maharashtra,Pune,Pune(Manjri),Tomato,Other,Local,20/10/2025,500,1500,1000,78
Maharashtra,Pune,Pune(Manjri),Tomato,Other,Local,26/10/2025,1000,2000,1500,78
Maharashtra,Pune,Pune(Manjri),Tomato,Other,Local,29/10/2025,1000,3000,2000,78
Maharashtra,Pune,Pune(Manjri),Tomato,Other,FAQ,09/03/2021,700,1400,1100,78
Maharashtra,Pune,Pune(Manjri),Tomato,Other,FAQ,13/03/2021,400,900,600,78
Maharashtra,Pune,Pune(Manjri),Tomato,Other,FAQ,24/03/2021,600,1100,900,78
Maharashtra,Pune,Pune(Manjri),Tomato,Other,FAQ,03/04/2021,400,900,700,78
Maharashtra,Pune,Pune(Manjri),Tomato,Other,FAQ,05/04/2021,300,800,700,78
Maharashtra,Pune,Pune(Manjri),Tomato,Other,FAQ,14/04/2021,800,1400,1000,78
Maharashtra,Pune,Pune(Manjri),Tomato,Other,FAQ,15/04/2021,600,1400,1000,78
Maharashtra,Pune,Pune(Manjri),Tomato,Other,FAQ,26/04/2021,300,700,500,78
Maharashtra,Pune,Pune(Manjri),Tomato,Other,FAQ,07/05/2021,400,1000,800,78
Maharashtra,Pune,Pune(Manjri),Tomato,Other,FAQ,27/05/2021,400,1100,900,78
Maharashtra,Pune,Pune(Manjri),Tomato,Other,FAQ,30/05/2021,400,1500,1000,78
Maharashtra,Pune,Pune(Manjri),Tomato,Other,FAQ,31/05/2021,400,1400,900,78
Maharashtra,Pune,Pune(Manjri),Tomato,Other,FAQ,07/06/2021,600,1100,900,78
Maharashtra,Pune,Pune(Manjri),Tomato,Other,FAQ,09/06/2021,400,1100,900,78
Maharashtra,Pune,Pune(Manjri),Tomato,Other,FAQ,11/06/2021,400,1400,900,78
Maharashtra,Pune,Pune(Manjri),Tomato,Other,FAQ,15/06/2021,600,1400,1000,78
Maharashtra,Pune,Pune(Manjri),Tomato,Other,FAQ,18/06/2021,500,1000,700,78
Maharashtra,Pune,Pune(Manjri),Tomato,Other,FAQ,22/06/2021,500,1500,900,78
Maharashtra,Pune,Pune(Manjri),Tomato,Other,FAQ,25/06/2021,400,1000,700,78
Maharashtra,Pune,Pune(Manjri),Tomato,Other,FAQ,26/06/2021,600,1600,1100,78
Maharashtra,Pune,Pune(Manjri),Tomato,Other,FAQ,30/06/2021,900,1400,1100,78
Maharashtra,Pune,Pune(Manjri),Tomato,Other,FAQ,03/07/2021,400,1100,900,78
Maharashtra,Pune,Pune(Manjri),Tomato,Other,FAQ,08/07/2021,400,900,600,78
Maharashtra,Pune,Pune(Manjri),Tomato,Other,FAQ,10/07/2021,400,1000,800,78
Maharashtra,Pune,Pune(Manjri),Tomato,Other,FAQ,13/07/2021,600,1000,800,78
Maharashtra,Pune,Pune(Manjri),Tomato,Other,FAQ,23/07/2021,500,1500,1000,78
Maharashtra,Pune,Pune(Manjri),Tomato,Other,FAQ,28/07/2021,600,1400,1100,78
Maharashtra,Pune,Pune(Manjri),Tomato,Other,FAQ,29/07/2021,600,1400,1000,78
Maharashtra,Pune,Pune(Manjri),Tomato,Other,FAQ,01/08/2021,400,1100,900,78
Maharashtra,Pune,Pune(Manjri),Tomato,Other,FAQ,06/08/2021,900,1400,1100,78
Maharashtra,Pune,Pune(Manjri),Tomato,Other,FAQ,07/08/2021,800,1400,1100,78
Maharashtra,Pune,Pune(Manjri),Tomato,Other,FAQ,10/08/2021,400,900,700,78
Maharashtra,Pune,Pune(Manjri),Tomato,Other,FAQ,31/08/2021,300,700,500,78
Maharashtra,Pune,Pune(Manjri),Tomato,Other,FAQ,05/09/2021,300,600,400,78
Maharashtra,Pune,Pune(Manjri),Tomato,Other,FAQ,09/09/2021,400,900,600,78
Maharashtra,Pune,Pune(Manjri),Tomato,Other,FAQ,02/10/2021,1800,3100,2300,78
Maharashtra,Pune,Pune(Manjri),Tomato,Other,FAQ,10/10/2021,1400,2700,1800,78
Maharashtra,Pune,Pune(Manjri),Tomato,Other,FAQ,15/10/2021,2300,4500,3600,78
Maharashtra,Pune,Pune(Manjri),Tomato,Other,FAQ,18/10/2021,3300,4100,3800,78
Maharashtra,Pune,Pune(Manjri),Tomato,Other,FAQ,30/10/2021,2300,4500,3200,78
Maharashtra,Pune,Pune(Manjri),Tomato,Other,FAQ,31/10/2021,1800,3200,2300,78
Maharashtra,Pune,Pune(Manjri),Tomato,Other,FAQ,01/11/2021,1800,3200,2700,78
Maharashtra,Pune,Pune(Manjri),Tomato,Other,FAQ,07/11/2021,3200,4500,3600,78
Maharashtra,Pune,Pune(Manjri),Tomato,Other,FAQ,01/12/2021,1400,3200,1800,78
Maharashtra,Pune,Pune(Manjri),Tomato,Other,FAQ,02/12/2021,2300,4600,3700,78
Maharashtra,Pune,Pune(Manjri),Tomato,Other,FAQ,04/12/2021,2300,3200,2700,78
Maharashtra,Pune,Pune(Manjri),Tomato,Other,FAQ,05/12/2021,2300,3200,2700,78
Maharashtra,Pune,Pune(Manjri),Tomato,Other,FAQ,12/12/2021,1400,2700,1800,78
Maharashtra,Pune,Pune(Manjri),Tomato,Other,FAQ,14/12/2021,2700,4500,3600,78
Maharashtra,Pune,Pune(Manjri),Tomato,Other,FAQ,18/12/2021,1400,3600,2300,78
Maharashtra,Pune,Pune(Manjri),Tomato,Other,FAQ,19/12/2021,2700,4500,3600,78
Maharashtra,Pune,Pune(Manjri),Tomato,Other,FAQ,20/12/2021,1800,3600,2700,78
Maharashtra,Pune,Pune(Manjri),Tomato,Other,FAQ,21/12/2021,1400,3200,2300,78
Maharashtra,Pune,Pune(Manjri),Tomato,Other,FAQ,26/12/2021,1200,3500,2350,78
Maharashtra,Pune,Pune(Manjri),Tomato,Other,FAQ,27/12/2021,1200,3500,2200,78
Maharashtra,Pune,Pune(Manjri),Tomato,Other,FAQ,31/12/2021,1000,3000,2000,78
Maharashtra,Pune,Pune(Manjri),Tomato,Other,FAQ,05/01/2024,1800,3200,2500,78
Maharashtra,Pune,Pune(Manjri),Tomato,Other,FAQ,10/01/2024,1600,1800,1700,78
Maharashtra,Pune,Pune(Manjri),Tomato,Other,FAQ,14/01/2024,1400,1800,1700,78
Maharashtra,Pune,Pune(Manjri),Tomato,Other,FAQ,18/01/2024,2300,3200,2700,78
Maharashtra,Pune,Pune(Manjri),Tomato,Other,FAQ,31/01/2024,1800,2300,2000,78
Maharashtra,Pune,Pune(Manjri),Tomato,Other,FAQ,15/02/2024,2300,3200,2800,78
Maharashtra,Pune,Pune(Manjri),Tomato,Other,FAQ,16/02/2024,1800,2700,2300,78
Maharashtra,Pune,Pune(Manjri),Tomato,Other,FAQ,17/02/2024,1400,1800,1600,78
Maharashtra,Pune,Pune(Manjri),Tomato,Other,FAQ,22/02/2024,1800,2700,2300,78
Maharashtra,Pune,Pune(Manjri),Tomato,Other,FAQ,24/02/2024,1400,1800,1600,78
Maharashtra,Pune,Pune(Manjri),Tomato,Other,FAQ,05/03/2024,900,1800,1400,78
Maharashtra,Pune,Pune(Manjri),Tomato,Other,FAQ,09/03/2024,900,1400,1100,78
Maharashtra,Pune,Pune(Manjri),Tomato,Other,FAQ,10/03/2024,400,1400,900,78
Maharashtra,Pune,Pune(Manjri),Tomato,Other,FAQ,15/03/2024,900,1600,1400,78
Maharashtra,Pune,Pune(Manjri),Tomato,Other,FAQ,19/03/2024,900,1400,1100,78
Maharashtra,Pune,Pune(Manjri),Tomato,Other,FAQ,22/03/2024,500,1400,900,78
Maharashtra,Pune,Pune(Manjri),Tomato,Other,FAQ,31/03/2024,400,1400,900,78
Maharashtra,Pune,Pune(Manjri),Tomato,Other,FAQ,01/04/2024,900,1800,1400,78
Maharashtra,Pune,Pune(Manjri),Tomato,Other,FAQ,02/04/2024,900,1400,1100,78
Maharashtra,Pune,Pune(Manjri),Tomato,Other,FAQ,01/06/2024,1100,1500,1400,78
Maharashtra,Pune,Pune(Manjri),Tomato,Other,FAQ,03/06/2024,8000,10000,9000,78
Maharashtra,Pune,Pune(Manjri),Tomato,Other,FAQ,10/06/2024,2700,3600,3200,78
Maharashtra,Pune,Pune(Manjri),Tomato,Other,FAQ,12/06/2024,4500,5500,5000,78
Maharashtra,Pune,Pune(Manjri),Tomato,Other,FAQ,14/06/2024,2700,3600,3200,78
Maharashtra,Pune,Pune(Manjri),Tomato,Other,FAQ,18/06/2024,3600,4500,4100,78
Maharashtra,Pune,Pune(Manjri),Tomato,Other,FAQ,19/06/2024,3600,5400,4500,78
Maharashtra,Pune,Pune(Manjri),Tomato,Other,FAQ,06/05/2024,1100,1400,1200,78
Maharashtra,Pune,Pune(Manjri),Tomato,Other,FAQ,08/05/2024,900,1400,1100,78
Maharashtra,Pune,Pune(Manjri),Tomato,Other,FAQ,09/05/2024,400,1400,900,78
Maharashtra,Pune,Pune(Manjri),Tomato,Other,FAQ,16/05/2024,400,900,600,78
Maharashtra,Pune,Pune(Manjri),Tomato,Other,FAQ,17/05/2024,400,600,500,78
Maharashtra,Pune,Pune(Manjri),Tomato,Other,FAQ,21/01/2025,500,1500,1000,78
Maharashtra,Pune,Pune(Manjri),Tomato,Other,FAQ,25/01/2025,900,1800,1400,78
Maharashtra,Pune,Pune(Manjri),Tomato,Other,Local,28/01/2025,900,2300,1600,78
Maharashtra,Pune,Pune(Manjri),Tomato,Other,FAQ,11/01/2025,400,1800,900,78
Maharashtra,Pune,Pune(Manjri),Tomato,Other,FAQ,16/01/2025,400,900,600,78
Maharashtra,Pune,Pune(Manjri),Tomato,Other,Local,30/01/2025,400,900,600,78
Maharashtra,Pune,Pune(Manjri),Tomato,Other,Local,02/02/2025,900,1400,1100,78
Maharashtra,Pune,Pune(Manjri),Tomato,Other,Local,05/02/2025,900,1400,1100,78
Maharashtra,Pune,Pune(Manjri),Tomato,Other,Local,09/02/2025,900,1400,1100,78
Maharashtra,Pune,Pune(Manjri),Tomato,Other,Local,16/02/2025,900,1400,1100,78
Maharashtra,Pune,Pune(Manjri),Tomato,Other,FAQ,26/09/2024,2000,4000,3200,78
Maharashtra,Pune,Pune(Manjri),Tomato,Other,FAQ,02/09/2024,1200,2000,1500,78
Maharashtra,Pune,Pune(Manjri),Tomato,Other,FAQ,22/09/2024,2500,4500,3500,78
Maharashtra,Pune,Pune(Manjri),Tomato,Other,FAQ,28/09/2024,3500,5000,4500,78
Maharashtra,Pune,Pune(Manjri),Tomato,Other,FAQ,19/09/2024,2000,4500,3500,78
Maharashtra,Pune,Pune(Manjri),Tomato,Other,FAQ,10/10/2024,2300,4500,3200,78
Maharashtra,Pune,Pune(Manjri),Tomato,Other,FAQ,03/01/2023,400,900,600,78
Maharashtra,Pune,Pune(Manjri),Tomato,Other,FAQ,17/01/2023,600,900,700,78
Maharashtra,Pune,Pune(Manjri),Tomato,Other,FAQ,21/01/2023,900,1400,1100,78
Maharashtra,Pune,Pune(Manjri),Tomato,Other,FAQ,08/02/2023,900,1600,1100,78
Maharashtra,Pune,Pune(Manjri),Tomato,Other,FAQ,22/02/2023,900,2300,1600,78
Maharashtra,Pune,Pune(Manjri),Tomato,Other,FAQ,01/03/2023,1400,2000,1600,78
Maharashtra,Pune,Pune(Manjri),Tomato,Other,FAQ,13/03/2023,900,2300,1800,78
Maharashtra,Pune,Pune(Manjri),Tomato,Other,FAQ,19/03/2023,2300,3000,2500,78
Maharashtra,Pune,Pune(Manjri),Tomato,Other,FAQ,20/03/2023,900,2300,1400,78
Maharashtra,Pune,Pune(Manjri),Tomato,Other,FAQ,21/03/2023,900,1800,1400,78
Maharashtra,Pune,Pune(Manjri),Tomato,Other,FAQ,23/03/2023,1100,2300,1400,78
Maharashtra,Pune,Pune(Manjri),Tomato,Other,FAQ,30/03/2023,1400,2000,1700,78
Maharashtra,Pune,Pune(Manjri),Tomato,Other,FAQ,09/04/2023,900,1400,1100,78
Maharashtra,Pune,Pune(Manjri),Tomato,Other,FAQ,13/04/2023,900,1400,1100,78
Maharashtra,Pune,Pune(Manjri),Tomato,Other,FAQ,17/04/2023,900,1400,1100,78
Maharashtra,Pune,Pune(Manjri),Tomato,Other,FAQ,20/04/2023,400,1100,900,78
Maharashtra,Pune,Pune(Manjri),Tomato,Other,FAQ,25/04/2023,400,1100,900,78
Maharashtra,Pune,Pune(Manjri),Tomato,Other,FAQ,28/04/2023,400,900,600,78
Maharashtra,Pune,Pune(Manjri),Tomato,Other,FAQ,02/05/2023,600,1100,900,78
Maharashtra,Pune,Pune(Manjri),Tomato,Other,FAQ,03/05/2023,400,900,600,78
Maharashtra,Pune,Pune(Manjri),Tomato,Other,FAQ,13/05/2023,400,900,600,78
Maharashtra,Pune,Pune(Manjri),Tomato,Other,FAQ,15/05/2023,400,600,500,78
Maharashtra,Pune,Pune(Manjri),Tomato,Other,FAQ,20/05/2023,200,600,400,78
Maharashtra,Pune,Pune(Manjri),Tomato,Other,FAQ,24/05/2023,300,400,350,78
Maharashtra,Pune,Pune(Manjri),Tomato,Other,FAQ,28/05/2023,200,600,400,78
Maharashtra,Pune,Pune(Manjri),Tomato,Other,FAQ,06/06/2023,900,2000,1500,78
Maharashtra,Pune,Pune(Manjri),Tomato,Other,FAQ,15/06/2023,1400,2700,2300,78
Maharashtra,Pune,Pune(Manjri),Tomato,Other,FAQ,23/06/2023,2700,4500,3600,78
Maharashtra,Pune,Pune(Manjri),Tomato,Other,FAQ,25/06/2023,2300,4500,3000,78
Maharashtra,Pune,Pune(Manjri),Tomato,Other,FAQ,08/07/2023,4500,9000,6800,78
Maharashtra,Pune,Pune(Manjri),Tomato,Other,FAQ,20/07/2023,9100,10500,9500,78
Maharashtra,Pune,Pune(Manjri),Tomato,Other,FAQ,21/07/2023,6800,14000,9100,78
Maharashtra,Pune,Pune(Manjri),Tomato,Other,FAQ,29/07/2023,6800,9100,8100,78
Maharashtra,Pune,Pune(Manjri),Tomato,Other,FAQ,30/07/2023,7000,14000,9000,78
Maharashtra,Pune,Pune(Manjri),Tomato,Other,FAQ,05/08/2023,6800,11400,9100,78
Maharashtra,Pune,Pune(Manjri),Tomato,Other,FAQ,08/08/2023,6800,11400,9100,78
Maharashtra,Pune,Pune(Manjri),Tomato,Other,FAQ,09/08/2023,7200,10000,9500,78
Maharashtra,Pune,Pune(Manjri),Tomato,Other,FAQ,10/08/2023,6800,9100,7700,78
Maharashtra,Pune,Pune(Manjri),Tomato,Other,FAQ,12/08/2023,3200,5400,4500,78
Maharashtra,Pune,Pune(Manjri),Tomato,Other,FAQ,31/08/2023,1200,2800,1600,78
Maharashtra,Pune,Pune(Manjri),Tomato,Other,FAQ,01/09/2023,1000,2500,1600,78
Maharashtra,Pune,Pune(Manjri),Tomato,Other,FAQ,15/09/2023,600,900,700,78
Maharashtra,Pune,Pune(Manjri),Tomato,Other,FAQ,17/09/2023,500,900,800,78
Maharashtra,Pune,Pune(Manjri),Tomato,Other,FAQ,19/09/2023,300,600,400,78
Maharashtra,Pune,Pune(Manjri),Tomato,Other,FAQ,30/09/2023,600,1400,900,78
Maharashtra,Pune,Pune(Manjri),Tomato,Other,FAQ,03/10/2023,400,600,500,78
Maharashtra,Pune,Pune(Manjri),Tomato,Other,FAQ,10/10/2023,400,900,600,78
Maharashtra,Pune,Pune(Manjri),Tomato,Other,FAQ,14/10/2023,400,900,600,78
Maharashtra,Pune,Pune(Manjri),Tomato,Other,FAQ,18/10/2023,400,600,500,78
Maharashtra,Pune,Pune(Manjri),Tomato,Other,FAQ,19/10/2023,400,600,500,78
Maharashtra,Pune,Pune(Manjri),Tomato,Other,FAQ,28/10/2023,400,900,600,78
Maharashtra,Pune,Pune(Manjri),Tomato,Other,FAQ,04/11/2023,900,1400,1100,78
Maharashtra,Pune,Pune(Manjri),Tomato,Other,FAQ,13/11/2023,1800,2700,2300,78
Maharashtra,Pune,Pune(Manjri),Tomato,Other,FAQ,29/11/2023,2300,3600,3000,78
Maharashtra,Pune,Pune(Manjri),Tomato,Other,FAQ,30/11/2023,2300,3200,2700,78
Maharashtra,Pune,Pune(Manjri),Tomato,Other,FAQ,04/12/2023,2500,3500,3000,78
Maharashtra,Pune,Pune(Manjri),Tomato,Other,FAQ,07/12/2023,900,1400,1100,78
Maharashtra,Pune,Pune(Manjri),Tomato,Other,FAQ,12/12/2023,1400,2300,1800,78
Maharashtra,Pune,Pune(Manjri),Tomato,Other,FAQ,14/12/2023,1400,2700,2300,78
Maharashtra,Pune,Pune(Manjri),Tomato,Other,FAQ,21/12/2023,1800,2300,2000,78
Maharashtra,Pune,Pune(Manjri),Tomato,Other,FAQ,26/12/2023,2300,3200,2700,78
Maharashtra,Pune,Pune(Manjri),Tomato,Other,Local,10/03/2025,900,1800,1400,78
Maharashtra,Pune,Pune(Manjri),Tomato,Other,Local,20/03/2025,400,1400,900,78
Maharashtra,Pune,Pune(Manjri),Tomato,Other,Local,22/03/2025,400,1400,900,78
Maharashtra,Pune,Pune(Manjri),Tomato,Other,Local,23/03/2025,500,1500,1000,78
Maharashtra,Pune,Pune(Manjri),Tomato,Other,Local,25/03/2025,400,1400,900,78
Maharashtra,Pune,Pune(Manjri),Tomato,Other,Local,29/03/2025,400,1400,900,78
Maharashtra,Pune,Pune(Manjri),Tomato,Other,Local,07/06/2025,1500,3000,2200,78
Maharashtra,Pune,Pune(Manjri),Tomato,Other,Local,12/06/2025,2000,3000,2500,78
Maharashtra,Pune,Pune(Manjri),Tomato,Other,Local,25/06/2025,1000,2500,1800,78
Maharashtra,Pune,Pune(Manjri),Tomato,Other,Local,28/06/2025,1000,2500,1800,78
Maharashtra,Pune,Pune(Manjri),Tomato,Other,Local,08/06/2025,2000,2500,2200,78
Maharashtra,Pune,Pune(Manjri),Tomato,Other,Local,13/06/2025,2000,3500,2800,78
Maharashtra,Pune,Pune(Manjri),Tomato,Other,Local,18/06/2025,1000,2500,1800,78
Maharashtra,Pune,Pune(Manjri),Tomato,Other,Local,01/07/2025,1000,2000,1500,78
Maharashtra,Pune,Pune(Manjri),Tomato,Other,Local,04/07/2025,1500,2500,2000,78
Maharashtra,Pune,Pune(Manjri),Tomato,Other,Local,09/07/2025,1500,3000,2200,78
Maharashtra,Pune,Pune(Manjri),Tomato,Other,Local,19/07/2025,1000,2000,1500,78
Maharashtra,Pune,Pune(Manjri),Tomato,Other,Local,23/07/2025,1500,3000,2000,78
Maharashtra,Pune,Pune(Manjri),Tomato,Other,Local,28/07/2025,3000,4000,3500,78
Maharashtra,Pune,Pune(Manjri),Tomato,Other,Local,01/04/2025,400,1100,700,78
Maharashtra,Pune,Pune(Manjri),Tomato,Other,Local,16/04/2025,900,1400,1100,78
Maharashtra,Pune,Pune(Manjri),Tomato,Other,Local,02/05/2025,900,1800,1400,78
Maharashtra,Pune,Pune(Manjri),Tomato,Other,Local,04/05/2025,900,1400,1100,78
Maharashtra,Pune,Pune(Manjri),Tomato,Other,Local,05/05/2025,400,1400,900,78
Maharashtra,Pune,Pune(Manjri),Tomato,Other,Local,16/05/2025,900,1800,1400,78
Maharashtra,Pune,Pune(Manjri),Tomato,Other,Local,19/05/2025,400,1400,900,78
Maharashtra,Pune,Pune(Manjri),Tomato,Other,Local,20/05/2025,1000,2000,1500,78
Maharashtra,Pune,Pune(Manjri),Tomato,Other,Local,24/05/2025,2700,4000,3200,78
Maharashtra,Pune,Pune(Manjri),Tomato,Other,Local,25/05/2025,1000,4000,2500,78
Maharashtra,Pune,Pune(Manjri),Tomato,Other,FAQ,22/10/2024,3000,5000,4000,78
Maharashtra,Pune,Pune(Manjri),Tomato,Other,FAQ,12/10/2024,2700,5400,4000,78
Maharashtra,Pune,Pune(Manjri),Tomato,Other,FAQ,23/10/2024,1800,3600,2700,78
Maharashtra,Pune,Pune(Manjri),Tomato,Other,FAQ,05/10/2024,3200,5400,4300,78
Maharashtra,Pune,Pune(Manjri),Tomato,Other,FAQ,12/12/2024,900,1600,1400,78
Maharashtra,Pune,Pune(Manjri),Tomato,Other,FAQ,13/11/2024,1400,2300,1800,78
Maharashtra,Pune,Pune(Manjri),Tomato,Other,FAQ,21/11/2024,1800,2700,2300,78
Maharashtra,Pune,Pune(Manjri),Tomato,Other,FAQ,22/11/2024,1800,2300,2000,78
Maharashtra,Pune,Pune(Manjri),Tomato,Other,FAQ,23/11/2024,1800,2700,2300,78
Maharashtra,Pune,Pune(Manjri),Tomato,Other,FAQ,27/11/2024,2300,3600,3000,78
Maharashtra,Pune,Pune(Manjri),Tomato,Other,FAQ,12/08/2024,1400,2200,1800,78
Maharashtra,Pune,Pune(Manjri),Tomato,Other,FAQ,22/08/2024,1500,3000,2200,78
Maharashtra,Pune,Pune(Manjri),Tomato,Other,FAQ,08/07/2024,4500,6800,5400,78
Maharashtra,Pune,Pune(Manjri),Tomato,Other,FAQ,10/07/2024,4500,6400,5400,78
Maharashtra,Pune,Pune(Manjri),Tomato,Other,FAQ,13/07/2024,5400,6800,6000,78
Maharashtra,Pune,Pune(Manjri),Tomato,Other,FAQ,14/07/2024,2700,5500,4000,78
Maharashtra,Pune,Pune(Manjri),Tomato,Other,FAQ,03/01/2022,1400,3600,2300,78
Maharashtra,Pune,Pune(Manjri),Tomato,Other,FAQ,16/01/2022,1100,2700,1800,78
Maharashtra,Pune,Pune(Manjri),Tomato,Other,FAQ,19/01/2022,900,2300,1400,78
Maharashtra,Pune,Pune(Manjri),Tomato,Other,FAQ,24/01/2022,1400,2300,1800,78
Maharashtra,Pune,Pune(Manjri),Tomato,Other,FAQ,27/01/2022,1400,2700,1800,78
Maharashtra,Pune,Pune(Manjri),Tomato,Other,FAQ,01/02/2022,900,1400,1100,78
Maharashtra,Pune,Pune(Manjri),Tomato,Other,FAQ,03/02/2022,1100,1800,1400,78
Maharashtra,Pune,Pune(Manjri),Tomato,Other,FAQ,04/02/2022,1800,2700,2300,78
Maharashtra,Pune,Pune(Manjri),Tomato,Other,FAQ,15/02/2022,900,1800,1400,78
Maharashtra,Pune,Pune(Manjri),Tomato,Other,FAQ,19/02/2022,900,1800,1400,78
Maharashtra,Pune,Pune(Manjri),Tomato,Other,FAQ,23/02/2022,900,1800,1400,78
Maharashtra,Pune,Pune(Manjri),Tomato,Other,FAQ,21/03/2022,1100,2300,1800,78
Maharashtra,Pune,Pune(Manjri),Tomato,Other,FAQ,23/03/2022,900,1400,1100,78
Maharashtra,Pune,Pune(Manjri),Tomato,Other,FAQ,24/03/2022,400,1400,1100,78
Maharashtra,Pune,Pune(Manjri),Tomato,Other,FAQ,09/04/2022,900,1400,1100,78
Maharashtra,Pune,Pune(Manjri),Tomato,Other,FAQ,18/04/2022,1400,2300,1800,78
Maharashtra,Pune,Pune(Manjri),Tomato,Other,FAQ,19/04/2022,900,1800,1400,78
Maharashtra,Pune,Pune(Manjri),Tomato,Other,FAQ,21/04/2022,1000,1800,1400,78
Maharashtra,Pune,Pune(Manjri),Tomato,Other,FAQ,23/04/2022,1400,2300,1800,78
Maharashtra,Pune,Pune(Manjri),Tomato,Other,FAQ,26/04/2022,1400,1800,1600,78
Maharashtra,Pune,Pune(Manjri),Tomato,Other,FAQ,02/05/2022,3200,4100,3600,78
Maharashtra,Pune,Pune(Manjri),Tomato,Other,FAQ,04/05/2022,2300,3600,3200,78
Maharashtra,Pune,Pune(Manjri),Tomato,Other,FAQ,07/05/2022,1800,4100,3200,78
Maharashtra,Pune,Pune(Manjri),Tomato,Other,FAQ,16/05/2022,3200,4600,3600,78
Maharashtra,Pune,Pune(Manjri),Tomato,Other,FAQ,29/05/2022,3600,5400,4500,78
Maharashtra,Pune,Pune(Manjri),Tomato,Other,FAQ,03/06/2022,3600,5500,4500,78
Maharashtra,Pune,Pune(Manjri),Tomato,Other,FAQ,09/06/2022,3600,4500,4100,78
Maharashtra,Pune,Pune(Manjri),Tomato,Other,FAQ,11/06/2022,1800,3600,3200,78
Maharashtra,Pune,Pune(Manjri),Tomato,Other,FAQ,20/06/2022,3600,5500,4500,78
Maharashtra,Pune,Pune(Manjri),Tomato,Other,FAQ,25/06/2022,3600,5500,4500,78
Maharashtra,Pune,Pune(Manjri),Tomato,Other,FAQ,11/07/2022,1300,2600,2000,78
Maharashtra,Pune,Pune(Manjri),Tomato,Other,FAQ,12/07/2022,400,1400,900,78
Maharashtra,Pune,Pune(Manjri),Tomato,Other,FAQ,17/07/2022,900,1800,1400,78
Maharashtra,Pune,Pune(Manjri),Tomato,Other,FAQ,25/07/2022,1400,2300,1600,78
Maharashtra,Pune,Pune(Manjri),Tomato,Other,FAQ,26/07/2022,900,1800,1400,78
Maharashtra,Pune,Pune(Manjri),Tomato,Other,FAQ,04/08/2022,900,1800,1350,78
Maharashtra,Pune,Pune(Manjri),Tomato,Other,FAQ,22/08/2022,900,1800,1600,78
Maharashtra,Pune,Pune(Manjri),Tomato,Other,FAQ,03/09/2022,900,1800,1400,78
Maharashtra,Pune,Pune(Manjri),Tomato,Other,FAQ,23/09/2022,1000,3200,2200,78
Maharashtra,Pune,Pune(Manjri),Tomato,Other,FAQ,13/10/2022,600,2800,1800,78
Maharashtra,Pune,Pune(Manjri),Tomato,Other,FAQ,02/11/2022,1100,2300,1800,78
Maharashtra,Pune,Pune(Manjri),Tomato,Other,FAQ,07/11/2022,400,1400,900,78
Maharashtra,Pune,Pune(Manjri),Tomato,Other,FAQ,10/11/2022,400,1100,900,78
Maharashtra,Pune,Pune(Manjri),Tomato,Other,FAQ,17/11/2022,200,900,600,78
Maharashtra,Pune,Pune(Manjri),Tomato,Other,FAQ,19/11/2022,600,1100,900,78
Maharashtra,Pune,Pune(Manjri),Tomato,Other,FAQ,23/11/2022,200,900,400,78
Maharashtra,Pune,Pune(Manjri),Tomato,Other,FAQ,11/12/2022,400,900,600,78
Maharashtra,Pune,Pune(Manjri),Tomato,Other,FAQ,13/12/2022,400,900,600,78
Maharashtra,Pune,Pune(Manjri),Tomato,Other,FAQ,19/12/2022,200,600,400,78
Maharashtra,Pune,Pune(Manjri),Tomato,Other,FAQ,25/12/2022,400,900,600,78
Maharashtra,Pune,Pune(Manjri),Tomato,Other,Local,01/08/2025,500,2000,1300,78
Maharashtra,Pune,Pune(Manjri),Tomato,Other,Local,06/08/2025,3000,5000,4000,78
Maharashtra,Pune,Pune(Manjri),Tomato,Other,Local,07/08/2025,1500,5000,3000,78
Maharashtra,Pune,Pune(Manjri),Tomato,Other,Local,12/08/2025,1500,3500,2500,78
Maharashtra,Pune,Pune(Manjri),Tomato,Other,Local,14/08/2025,1500,3500,2500,78
Maharashtra,Pune,Pune(Manjri),Tomato,Other,Local,16/08/2025,1500,3500,2500,78
Maharashtra,Pune,Pune(Manjri),Tomato,Other,Local,28/08/2025,1000,2000,1500,78
Maharashtra,Pune,Pune(Manjri),Tomato,Other,Local,24/09/2025,1000,3000,2000,78
Maharashtra,Pune,Pune(Manjri),Tomato,Other,Local,01/11/2025,1000,2000,1500,78
Maharashtra,Pune,Pune(Manjri),Tomato,Other,Local,03/11/2025,1000,3000,2000,78
Maharashtra,Pune,Pune(Manjri),Tomato,Other,Local,04/10/2025,2000,3000,2500,78
Maharashtra,Pune,Pune(Manjri) APMC,Tomato,Other,Local,16/12/2025,4000,6000,5000,78
Maharashtra,Pune,Pune(Manjri) APMC,Tomato,Other,Local,29/12/2025,3000,4000,3500,78
Maharashtra,Pune,Pune(Manjri) APMC,Tomato,Other,Local,30/11/2025,1000,2000,1500,78
Maharashtra,Pune,Pune(Manjri) APMC,Tomato,Other,Local,21/11/2025,2000,4000,3000,78
Maharashtra,Pune,Pune(Manjri) APMC,Tomato,Other,Local,07/11/2025,1000,2000,1500,78
Maharashtra,Pune,Pune(Manjri) APMC,Tomato,Other,Local,10/11/2025,1000,2000,1500,78
Maharashtra,Pune,Pune(Manjri) APMC,Tomato,Other,Local,05/11/2025,1000,3000,2000,78
Maharashtra,Pune,Pune(Manjri) APMC,Tomato,Other,Local,02/11/2025,1000,2000,1500,78
Maharashtra,Pune,Pune(Manjri) APMC,Tomato,Other,Local,07/01/2026,1500,3000,2500,78
Maharashtra,Pune,Pune(Manjri) APMC,Tomato,Other,Local,09/01/2026,1500,2500,2000,78
Maharashtra,Pune,Pune(Manjri) APMC,Tomato,Other,Local,11/01/2026,1500,3000,2000,78
Maharashtra,Pune,Pune(Manjri) APMC,Tomato,Other,Local,19/01/2026,1000,3000,2200,78
Maharashtra,Pune,Pune(Manjri) APMC,Tomato,Other,Local,17/01/2026,1000,3000,2000,78
Maharashtra,Pune,Pune(Manjri) APMC,Tomato,Other,Local,30/01/2026,1500,3000,2000,78
Maharashtra,Pune,Pune(Manjri) APMC,Tomato,Other,Local,03/02/2026,800,2500,1500,78
Maharashtra,Pune,Pune(Manjri) APMC,Tomato,Other,Local,06/02/2026,1000,2000,1500,78
Maharashtra,Pune,Pune(Manjri) APMC,Tomato,Other,Local,16/02/2026,1200,2500,2000,78
Maharashtra,Pune,Pune(Manjri) APMC,Tomato,Other,Local,03/11/2025,1000,3000,2000,78
Maharashtra,Pune,Pune(Manjri) APMC,Tomato,Other,Local,16/11/2025,1500,3500,2500,78
Maharashtra,Pune,Pune(Manjri) APMC,Tomato,Other,Local,18/11/2025,2000,4000,3000,78
Maharashtra,Pune,Pune(Manjri) APMC,Tomato,Other,Local,23/11/2025,2000,4000,3000,78
Maharashtra,Pune,Pune(Manjri) APMC,Tomato,Other,Local,13/11/2025,1500,3500,2500,78
Maharashtra,Pune,Pune(Manjri) APMC,Tomato,Other,Local,01/11/2025,1000,2000,1500,78
Maharashtra,Pune,Pune(Manjri) APMC,Tomato,Other,Local,01/12/2025,2000,3000,2500,78
Maharashtra,Pune,Pune(Manjri) APMC,Tomato,Other,Local,20/12/2025,3000,5000,4000,78
Maharashtra,Pune,Pune(Manjri) APMC,Tomato,Other,Local,24/12/2025,3000,5000,4000,78
Maharashtra,Pune,Pune(Manjri) APMC,Tomato,Other,Local,25/12/2025,3000,5000,4000,78
Maharashtra,Pune,Pune(Manjri) APMC,Tomato,Other,Local,15/12/2025,2000,5000,4000,78
Maharashtra,Pune,Pune(Manjri) APMC,Tomato,Other,Local,02/12/2025,2000,3000,2500,78
Maharashtra,Pune,Pune(Manjri) APMC,Tomato,Other,Local,04/12/2025,4000,6000,5000,78
Maharashtra,Pune,Pune(Manjri) APMC,Tomato,Other,Local,05/12/2025,1000,3000,2000,78
Maharashtra,Pune,Pune(Manjri) APMC,Tomato,Other,Local,12/01/2026,1500,2500,2000,78
Maharashtra,Pune,Pune(Manjri) APMC,Tomato,Other,Local,14/01/2026,2000,3500,2500,78
Maharashtra,Pune,Pune(Manjri) APMC,Tomato,Other,Local,20/01/2026,1500,2500,2000,78
Maharashtra,Pune,Pune(Manjri) APMC,Tomato,Other,Local,23/01/2026,1500,2500,2000,78
Maharashtra,Pune,Pune(Manjri) APMC,Tomato,Other,Local,25/01/2026,700,2000,1500,78
Maharashtra,Pune,Pune(Manjri) APMC,Tomato,Other,Local,21/01/2026,1000,3000,1500,78
Maharashtra,Pune,Pune(Manjri) APMC,Tomato,Other,Local,01/01/2026,2000,5000,4000,78
Maharashtra,Pune,Pune(Manjri) APMC,Tomato,Other,Local,06/01/2026,2500,3500,3000,78
Maharashtra,Pune,Pune(Manjri) APMC,Tomato,Other,Local,08/01/2026,2000,3500,3000,78
Maharashtra,Pune,Pune(Manjri) APMC,Tomato,Other,Local,02/02/2026,1000,2500,1500,78
Maharashtra,Pune,Pune(Manjri) APMC,Tomato,Other,Local,13/02/2026,1000,2000,1500,78
Maharashtra,Pune,Pune(Manjri) APMC,Tomato,Other,Local,17/02/2026,1000,2200,1800,78
Maharashtra,Pune,Pune(Manjri) APMC,Tomato,Other,Local,21/02/2026,700,2000,1600,78
Maharashtra,Pune,Pune(Manjri) APMC,Tomato,Other,Local,19/02/2026,1000,1700,1200,78
Maharashtra,Pune,Pune(Manjri) APMC,Tomato,Other,Local,17/11/2025,1500,4000,3000,78
Maharashtra,Pune,Pune(Manjri) APMC,Tomato,Other,Local,14/11/2025,2000,3000,2500,78
Maharashtra,Pune,Pune(Manjri) APMC,Tomato,Other,Local,15/11/2025,1500,3500,2500,78
Maharashtra,Pune,Pune(Manjri) APMC,Tomato,Other,Local,24/11/2025,2000,6000,4000,78
Maharashtra,Pune,Pune(Manjri) APMC,Tomato,Other,Local,11/11/2025,1000,4000,2500,78
Maharashtra,Pune,Pune(Manjri) APMC,Tomato,Other,Local,27/11/2025,2000,4000,3000,78
Maharashtra,Pune,Pune(Manjri) APMC,Tomato,Other,Local,23/12/2025,3000,5000,4000,78
Maharashtra,Pune,Pune(Manjri) APMC,Tomato,Other,Local,08/12/2025,2000,4000,3000,78
Maharashtra,Pune,Pune(Manjri) APMC,Tomato,Other,Local,03/12/2025,2000,3000,2500,78
Maharashtra,Pune,Pune(Manjri) APMC,Tomato,Other,Local,06/12/2025,2000,4000,3000,78
Maharashtra,Pune,Pune(Manjri) APMC,Tomato,Other,Local,01/02/2026,1000,2000,1500,78
Maharashtra,Pune,Pune(Manjri) APMC,Tomato,Other,Local,08/02/2026,1500,2500,2000,78
Maharashtra,Pune,Pune(Manjri) APMC,Tomato,Other,Local,09/02/2026,1500,2500,2000,78
Maharashtra,Pune,Pune(Manjri) APMC,Tomato,Other,Local,11/02/2026,1000,2500,2000,78
Maharashtra,Pune,Pune(Manjri) APMC,Tomato,Other,Local,18/02/2026,500,2000,1500,78
Maharashtra,Pune,Pune(Manjri) APMC,Tomato,Other,Local,20/02/2026,800,1700,1200,78
Maharashtra,Pune,Pune(Manjri) APMC,Tomato,Other,Local,07/12/2025,2000,3000,2500,78
Maharashtra,Pune,Pune(Manjri) APMC,Tomato,Other,Local,26/12/2025,2000,4000,3000,78
Maharashtra,Pune,Pune(Manjri) APMC,Tomato,Other,Local,27/12/2025,3000,5000,4000,78
Maharashtra,Pune,Pune(Manjri) APMC,Tomato,Other,Local,31/12/2025,2000,5000,4000,78
Maharashtra,Pune,Pune(Manjri) APMC,Tomato,Other,Local,30/12/2025,2800,4000,3500,78
Maharashtra,Pune,Pune(Manjri) APMC,Tomato,Other,Local,14/12/2025,2000,5000,4000,78
Maharashtra,Pune,Pune(Manjri) APMC,Tomato,Other,Local,17/12/2025,4000,6000,5000,78
Maharashtra,Pune,Pune(Manjri) APMC,Tomato,Other,Local,19/11/2025,1500,3500,2500,78
Maharashtra,Pune,Pune(Manjri) APMC,Tomato,Other,Local,20/11/2025,2000,4000,3000,78
Maharashtra,Pune,Pune(Manjri) APMC,Tomato,Other,Local,22/11/2025,2000,5000,4000,78
Maharashtra,Pune,Pune(Manjri) APMC,Tomato,Other,Local,08/11/2025,1500,2500,2000,78
Maharashtra,Pune,Pune(Manjri) APMC,Tomato,Other,Local,29/11/2025,2000,3000,2500,78
Maharashtra,Pune,Pune(Manjri) APMC,Tomato,Other,Local,04/01/2026,2500,4000,3000,78
Maharashtra,Pune,Pune(Manjri) APMC,Tomato,Other,Local,05/01/2026,2000,3500,3000,78
Maharashtra,Pune,Pune(Manjri) APMC,Tomato,Other,Local,28/01/2026,1500,3500,2500,78
Maharashtra,Pune,Pune(Manjri) APMC,Tomato,Other,Local,10/01/2026,1500,3000,2500,78
Maharashtra,Pune,Pune(Manjri) APMC,Tomato,Other,Local,22/01/2026,1000,3000,2000,78
Maharashtra,Pune,Pune(Manjri) APMC,Tomato,Other,Local,24/01/2026,1000,2500,1500,78
Maharashtra,Pune,Pune(Manjri) APMC,Tomato,Other,Local,15/02/2026,1000,2500,1600,78
Maharashtra,Pune,Pune(Manjri) APMC,Tomato,Other,Local,25/11/2025,2000,4000,3000,78
Maharashtra,Pune,Pune(Manjri) APMC,Tomato,Other,Local,26/11/2025,2000,5000,4000,78
Maharashtra,Pune,Pune(Manjri) APMC,Tomato,Other,Local,28/11/2025,1000,3000,2000,78
Maharashtra,Pune,Pune(Manjri) APMC,Tomato,Other,Local,09/11/2025,1000,2000,1500,78
Maharashtra,Pune,Pune(Manjri) APMC,Tomato,Other,Local,12/11/2025,2000,4000,3000,78
Maharashtra,Pune,Pune(Manjri) APMC,Tomato,Other,Local,11/12/2025,2000,4000,3000,78
Maharashtra,Pune,Pune(Manjri) APMC,Tomato,Other,Local,12/12/2025,2000,3000,2500,78
Maharashtra,Pune,Pune(Manjri) APMC,Tomato,Other,Local,09/12/2025,2000,3000,2500,78
Maharashtra,Pune,Pune(Manjri) APMC,Tomato,Other,Local,18/12/2025,2000,5000,4000,78
Maharashtra,Pune,Pune(Manjri) APMC,Tomato,Other,Local,22/12/2025,3000,4000,3500,78
Maharashtra,Pune,Pune(Manjri) APMC,Tomato,Other,Local,19/12/2025,3000,5000,4000,78
Maharashtra,Pune,Pune(Manjri) APMC,Tomato,Other,Local,21/12/2025,2000,5000,4000,78
Maharashtra,Pune,Pune(Manjri) APMC,Tomato,Other,Local,13/12/2025,2000,4000,3000,78
Maharashtra,Pune,Pune(Manjri) APMC,Tomato,Other,Local,28/12/2025,2000,4000,3000,78
Maharashtra,Pune,Pune(Manjri) APMC,Tomato,Other,Local,13/01/2026,2000,4000,3000,78
Maharashtra,Pune,Pune(Manjri) APMC,Tomato,Other,Local,16/01/2026,2000,3000,2500,78
Maharashtra,Pune,Pune(Manjri) APMC,Tomato,Other,Local,18/01/2026,800,3000,2000,78
Maharashtra,Pune,Pune(Manjri) APMC,Tomato,Other,Local,27/01/2026,1000,2500,2000,78
Maharashtra,Pune,Pune(Manjri) APMC,Tomato,Other,Local,02/01/2026,3000,5000,4000,78
Maharashtra,Pune,Pune(Manjri) APMC,Tomato,Other,Local,03/01/2026,2500,4000,3000,78
Maharashtra,Pune,Pune(Manjri) APMC,Tomato,Other,Local,31/01/2026,1000,3000,2000,78
Maharashtra,Pune,Pune(Manjri) APMC,Tomato,Other,Local,04/02/2026,500,1500,1000,78
Maharashtra,Pune,Pune(Manjri) APMC,Tomato,Other,Local,05/02/2026,600,1500,1000,78
Maharashtra,Pune,Pune(Manjri) APMC,Tomato,Other,Local,07/02/2026,1000,2500,1500,78
Maharashtra,Pune,Pune(Manjri) APMC,Tomato,Other,Local,10/02/2026,1000,3000,2200,78
Maharashtra,Pune,Pune(Manjri) APMC,Tomato,Other,Local,12/02/2026,1000,2800,2000,78
Maharashtra,Pune,Pune(Manjri) APMC,Tomato,Other,Local,14/02/2026,1000,2500,1500,78
Maharashtra,Pune,Pune(Moshi),Tomato,Local,FAQ,04/07/2024,3500,4000,3750,78
Maharashtra,Pune,Pune(Moshi),Tomato,Local,FAQ,05/07/2024,3000,5000,4000,78
Maharashtra,Pune,Pune(Moshi),Tomato,Local,FAQ,07/07/2024,3500,6000,4750,78
Maharashtra,Pune,Pune(Moshi),Tomato,Local,FAQ,11/07/2024,4000,5000,4500,78
Maharashtra,Pune,Pune(Moshi),Tomato,Local,FAQ,13/07/2024,2500,5500,4000,78
Maharashtra,Pune,Pune(Moshi),Tomato,Local,FAQ,20/07/2024,3000,7000,5000,78
Maharashtra,Pune,Pune(Moshi),Tomato,Local,FAQ,21/07/2024,5000,6000,5500,78
Maharashtra,Pune,Pune(Moshi),Tomato,Local,FAQ,22/07/2024,3000,6000,4500,78
Maharashtra,Pune,Pune(Moshi),Tomato,Local,FAQ,02/08/2024,1500,2000,1750,78
Maharashtra,Pune,Pune(Moshi),Tomato,Local,FAQ,03/08/2024,1000,2000,1500,78
Maharashtra,Pune,Pune(Moshi),Tomato,Local,FAQ,05/08/2024,1500,2000,1750,78
Maharashtra,Pune,Pune(Moshi),Tomato,Local,FAQ,17/08/2024,1000,2000,1500,78
Maharashtra,Pune,Pune(Moshi),Tomato,Local,FAQ,18/08/2024,1000,2000,1500,78
Maharashtra,Pune,Pune(Moshi),Tomato,Local,FAQ,24/08/2024,1000,2000,1500,78
Maharashtra,Pune,Pune(Moshi),Tomato,Local,FAQ,03/05/2024,800,1000,900,78
Maharashtra,Pune,Pune(Moshi),Tomato,Local,FAQ,10/05/2024,800,1000,900,78
Maharashtra,Pune,Pune(Moshi),Tomato,Local,FAQ,30/05/2024,1000,1500,1250,78
Maharashtra,Pune,Pune(Moshi),Tomato,Local,FAQ,01/01/2024,1500,2000,1750,78
Maharashtra,Pune,Pune(Moshi),Tomato,Local,FAQ,04/01/2024,1000,1500,1250,78
Maharashtra,Pune,Pune(Moshi),Tomato,Local,FAQ,05/01/2024,1000,2000,1500,78
Maharashtra,Pune,Pune(Moshi),Tomato,Local,FAQ,06/01/2024,1000,2000,1500,78
Maharashtra,Pune,Pune(Moshi),Tomato,Local,FAQ,11/01/2024,1000,1200,1100,78
Maharashtra,Pune,Pune(Moshi),Tomato,Local,FAQ,19/01/2024,1000,1500,1250,78
Maharashtra,Pune,Pune(Moshi),Tomato,Local,FAQ,03/02/2024,2000,3000,2500,78
Maharashtra,Pune,Pune(Moshi),Tomato,Local,FAQ,05/02/2024,2000,3000,2500,78
Maharashtra,Pune,Pune(Moshi),Tomato,Local,FAQ,09/02/2024,1500,2000,1750,78
Maharashtra,Pune,Pune(Moshi),Tomato,Local,FAQ,12/02/2024,1500,2500,2000,78
Maharashtra,Pune,Pune(Moshi),Tomato,Local,FAQ,18/02/2024,1000,2000,1500,78
Maharashtra,Pune,Pune(Moshi),Tomato,Local,FAQ,30/03/2024,500,1000,750,78
Maharashtra,Pune,Pune(Moshi),Tomato,Local,FAQ,31/03/2024,800,1200,1000,78
Maharashtra,Pune,Pune(Moshi),Tomato,Local,FAQ,14/04/2024,700,1000,850,78
Maharashtra,Pune,Pune(Moshi),Tomato,Local,FAQ,08/02/2024,1500,2000,1750,78
Maharashtra,Pune,Pune(Moshi),Tomato,Local,FAQ,10/03/2024,800,1500,1150,78
Maharashtra,Pune,Pune(Moshi),Tomato,Local,FAQ,16/03/2024,1000,1200,1100,78
Maharashtra,Pune,Pune(Moshi),Tomato,Local,FAQ,01/04/2024,800,1200,1000,78
Maharashtra,Pune,Pune(Moshi),Tomato,Local,FAQ,19/04/2024,800,1000,900,78
Maharashtra,Pune,Pune(Moshi),Tomato,Local,FAQ,22/04/2024,500,1000,750,78
Maharashtra,Pune,Pune(Moshi),Tomato,Local,FAQ,25/04/2024,800,1000,900,78
Maharashtra,Pune,Pune(Moshi),Tomato,Local,FAQ,01/03/2021,300,800,550,78
Maharashtra,Pune,Pune(Moshi),Tomato,Local,FAQ,04/03/2021,500,1000,750,78
Maharashtra,Pune,Pune(Moshi),Tomato,Local,FAQ,08/03/2021,500,1000,750,78
Maharashtra,Pune,Pune(Moshi),Tomato,Local,FAQ,09/03/2021,300,800,550,78
Maharashtra,Pune,Pune(Moshi),Tomato,Local,FAQ,14/03/2021,300,500,400,78
Maharashtra,Pune,Pune(Moshi),Tomato,Local,FAQ,15/03/2021,200,600,400,78
Maharashtra,Pune,Pune(Moshi),Tomato,Local,FAQ,16/03/2021,500,800,650,78
Maharashtra,Pune,Pune(Moshi),Tomato,Local,FAQ,22/03/2021,400,800,600,78
Maharashtra,Pune,Pune(Moshi),Tomato,Local,FAQ,25/03/2021,400,1000,700,78
Maharashtra,Pune,Pune(Moshi),Tomato,Local,FAQ,30/03/2021,300,700,500,78
Maharashtra,Pune,Pune(Moshi),Tomato,Local,FAQ,04/04/2021,500,1500,1000,78
Maharashtra,Pune,Pune(Moshi),Tomato,Local,FAQ,05/04/2021,500,1000,750,78
Maharashtra,Pune,Pune(Moshi),Tomato,Local,FAQ,15/04/2021,300,800,550,78
Maharashtra,Pune,Pune(Moshi),Tomato,Local,FAQ,21/04/2021,100,500,300,78
Maharashtra,Pune,Pune(Moshi),Tomato,Local,FAQ,22/04/2021,400,600,500,78
Maharashtra,Pune,Pune(Moshi),Tomato,Local,FAQ,28/04/2021,300,700,500,78
Maharashtra,Pune,Pune(Moshi),Tomato,Local,FAQ,03/05/2021,300,600,450,78
Maharashtra,Pune,Pune(Moshi),Tomato,Local,FAQ,05/05/2021,400,800,600,78
Maharashtra,Pune,Pune(Moshi),Tomato,Local,FAQ,20/05/2021,200,800,500,78
Maharashtra,Pune,Pune(Moshi),Tomato,Local,FAQ,27/05/2021,600,1000,800,78
Maharashtra,Pune,Pune(Moshi),Tomato,Local,FAQ,03/06/2021,300,1000,650,78
Maharashtra,Pune,Pune(Moshi),Tomato,Local,FAQ,11/06/2021,200,600,400,78
Maharashtra,Pune,Pune(Moshi),Tomato,Local,FAQ,20/06/2021,400,600,500,78
Maharashtra,Pune,Pune(Moshi),Tomato,Local,FAQ,22/06/2021,300,700,500,78
Maharashtra,Pune,Pune(Moshi),Tomato,Local,FAQ,29/06/2021,300,800,550,78
Maharashtra,Pune,Pune(Moshi),Tomato,Local,FAQ,01/07/2021,600,1000,800,78
Maharashtra,Pune,Pune(Moshi),Tomato,Local,FAQ,09/07/2021,500,1000,750,78
Maharashtra,Pune,Pune(Moshi),Tomato,Local,FAQ,11/07/2021,300,800,550,78
Maharashtra,Pune,Pune(Moshi),Tomato,Local,FAQ,22/07/2021,500,1000,750,78
Maharashtra,Pune,Pune(Moshi),Tomato,Local,FAQ,23/07/2021,500,800,650,78
Maharashtra,Pune,Pune(Moshi),Tomato,Local,FAQ,30/07/2021,300,1000,650,78
Maharashtra,Pune,Pune(Moshi),Tomato,Local,FAQ,02/08/2021,300,1000,650,78
Maharashtra,Pune,Pune(Moshi),Tomato,Local,FAQ,07/08/2021,600,1000,800,78
Maharashtra,Pune,Pune(Moshi),Tomato,Local,FAQ,09/08/2021,500,1000,750,78
Maharashtra,Pune,Pune(Moshi),Tomato,Local,FAQ,10/08/2021,500,800,650,78
Maharashtra,Pune,Pune(Moshi),Tomato,Local,FAQ,22/08/2021,300,700,500,78
Maharashtra,Pune,Pune(Moshi),Tomato,Local,FAQ,24/08/2021,300,700,500,78
Maharashtra,Pune,Pune(Moshi),Tomato,Local,FAQ,06/09/2021,400,600,500,78
Maharashtra,Pune,Pune(Moshi),Tomato,Local,FAQ,07/09/2021,300,500,400,78
Maharashtra,Pune,Pune(Moshi),Tomato,Local,FAQ,10/09/2021,300,400,350,78
Maharashtra,Pune,Pune(Moshi),Tomato,Local,FAQ,12/09/2021,400,600,500,78
Maharashtra,Pune,Pune(Moshi),Tomato,Local,FAQ,13/09/2021,500,1000,750,78
Maharashtra,Pune,Pune(Moshi),Tomato,Local,FAQ,30/09/2021,1000,2500,1750,78
Maharashtra,Pune,Pune(Moshi),Tomato,Local,FAQ,05/10/2021,700,3000,1850,78
Maharashtra,Pune,Pune(Moshi),Tomato,Local,FAQ,07/10/2021,1500,2500,2000,78
Maharashtra,Pune,Pune(Moshi),Tomato,Local,FAQ,14/10/2021,1500,3000,2250,78
Maharashtra,Pune,Pune(Moshi),Tomato,Local,FAQ,15/10/2021,2000,2600,2300,78
Maharashtra,Pune,Pune(Moshi),Tomato,Local,FAQ,17/10/2021,1500,3000,2250,78
Maharashtra,Pune,Pune(Moshi),Tomato,Local,FAQ,21/10/2021,1800,2000,1900,78
Maharashtra,Pune,Pune(Moshi),Tomato,Local,FAQ,29/10/2021,1500,2000,1750,78
Maharashtra,Pune,Pune(Moshi),Tomato,Local,FAQ,02/11/2021,1500,2500,2000,78
Maharashtra,Pune,Pune(Moshi),Tomato,Local,FAQ,04/11/2021,1300,3000,2150,78
Maharashtra,Pune,Pune(Moshi),Tomato,Local,FAQ,09/11/2021,1000,3000,2000,78
Maharashtra,Pune,Pune(Moshi),Tomato,Local,FAQ,19/11/2021,3000,3500,3250,78
Maharashtra,Pune,Pune(Moshi),Tomato,Local,FAQ,26/11/2021,2000,3000,2500,78
Maharashtra,Pune,Pune(Moshi),Tomato,Local,FAQ,28/11/2021,1500,3500,2500,78
Maharashtra,Pune,Pune(Moshi),Tomato,Local,FAQ,03/12/2021,2000,3500,2750,78
Maharashtra,Pune,Pune(Moshi),Tomato,Local,FAQ,19/12/2021,1000,1800,1400,78
Maharashtra,Pune,Pune(Moshi),Tomato,Local,FAQ,21/12/2021,1000,1500,1250,78
Maharashtra,Pune,Pune(Moshi),Tomato,Local,FAQ,25/12/2021,2000,3000,2500,78
Maharashtra,Pune,Pune(Moshi),Tomato,Local,FAQ,06/01/2025,1000,1500,1250,78
Maharashtra,Pune,Pune(Moshi),Tomato,Local,FAQ,16/01/2025,500,1200,850,78
Maharashtra,Pune,Pune(Moshi),Tomato,Local,FAQ,02/01/2025,800,1000,900,78
Maharashtra,Pune,Pune(Moshi),Tomato,Local,FAQ,10/01/2025,1500,2000,1750,78
Maharashtra,Pune,Pune(Moshi),Tomato,Local,FAQ,22/09/2024,1000,2000,1500,78
Maharashtra,Pune,Pune(Moshi),Tomato,Local,FAQ,28/09/2024,2000,3000,2500,78
Maharashtra,Pune,Pune(Moshi),Tomato,Local,FAQ,30/09/2024,2000,3000,2500,78
Maharashtra,Pune,Pune(Moshi),Tomato,Local,FAQ,12/09/2024,1000,1500,1250,78
Maharashtra,Pune,Pune(Moshi),Tomato,Local,FAQ,16/09/2024,1000,2000,1500,78
Maharashtra,Pune,Pune(Moshi),Tomato,Local,FAQ,19/09/2024,2000,2500,2250,78
Maharashtra,Pune,Pune(Moshi),Tomato,Local,FAQ,21/09/2024,1500,2500,2000,78
Maharashtra,Pune,Pune(Moshi),Tomato,Local,FAQ,24/09/2024,1000,1500,1250,78
Maharashtra,Pune,Pune(Moshi),Tomato,Local,FAQ,21/06/2024,3000,4000,3500,78
Maharashtra,Pune,Pune(Moshi),Tomato,Local,FAQ,29/06/2024,3000,4000,3500,78
Maharashtra,Pune,Pune(Moshi),Tomato,Local,FAQ,22/06/2024,3000,5000,4000,78
Maharashtra,Pune,Pune(Moshi),Tomato,Local,FAQ,23/06/2024,3000,5000,4000,78
Maharashtra,Pune,Pune(Moshi),Tomato,Local,FAQ,07/01/2022,500,1200,850,78
Maharashtra,Pune,Pune(Moshi),Tomato,Local,FAQ,11/01/2022,1000,1500,1250,78
Maharashtra,Pune,Pune(Moshi),Tomato,Local,FAQ,17/01/2022,1000,1500,1250,78
Maharashtra,Pune,Pune(Moshi),Tomato,Local,FAQ,18/01/2022,500,1500,1000,78
Maharashtra,Pune,Pune(Moshi),Tomato,Local,FAQ,22/01/2022,1000,1500,1250,78
Maharashtra,Pune,Pune(Moshi),Tomato,Local,FAQ,03/02/2022,800,1500,1150,78
Maharashtra,Pune,Pune(Moshi),Tomato,Local,FAQ,06/02/2022,1000,1500,1250,78
Maharashtra,Pune,Pune(Moshi),Tomato,Local,FAQ,07/02/2022,1000,1500,1250,78
Maharashtra,Pune,Pune(Moshi),Tomato,Local,FAQ,11/02/2022,1000,2000,1500,78
Maharashtra,Pune,Pune(Moshi),Tomato,Local,FAQ,18/02/2022,600,1500,1050,78
Maharashtra,Pune,Pune(Moshi),Tomato,Local,FAQ,21/02/2022,500,1000,750,78
Maharashtra,Pune,Pune(Moshi),Tomato,Local,FAQ,24/02/2022,700,1000,850,78
Maharashtra,Pune,Pune(Moshi),Tomato,Local,FAQ,01/03/2022,700,1000,850,78
Maharashtra,Pune,Pune(Moshi),Tomato,Local,FAQ,07/03/2022,400,600,500,78
Maharashtra,Pune,Pune(Moshi),Tomato,Local,FAQ,11/03/2022,700,800,750,78
Maharashtra,Pune,Pune(Moshi),Tomato,Local,FAQ,17/03/2022,600,1000,800,78
Maharashtra,Pune,Pune(Moshi),Tomato,Local,FAQ,21/03/2022,400,1000,700,78
Maharashtra,Pune,Pune(Moshi),Tomato,Local,FAQ,27/03/2022,600,800,700,78
Maharashtra,Pune,Pune(Moshi),Tomato,Local,FAQ,05/04/2022,500,1500,1000,78
Maharashtra,Pune,Pune(Moshi),Tomato,Local,FAQ,22/04/2022,800,1000,900,78
Maharashtra,Pune,Pune(Moshi),Tomato,Local,FAQ,07/05/2022,2500,3500,3000,78
Maharashtra,Pune,Pune(Moshi),Tomato,Local,FAQ,08/05/2022,2500,3000,2750,78
Maharashtra,Pune,Pune(Moshi),Tomato,Local,FAQ,10/05/2022,2000,3500,2750,78
Maharashtra,Pune,Pune(Moshi),Tomato,Local,FAQ,19/05/2022,2000,3000,2500,78
Maharashtra,Pune,Pune(Moshi),Tomato,Local,FAQ,21/05/2022,4000,5000,4500,78
Maharashtra,Pune,Pune(Moshi),Tomato,Local,FAQ,22/05/2022,2000,4500,3250,78
Maharashtra,Pune,Pune(Moshi),Tomato,Local,FAQ,23/05/2022,2000,4500,3250,78
Maharashtra,Pune,Pune(Moshi),Tomato,Local,FAQ,05/06/2022,2000,5000,3500,78
Maharashtra,Pune,Pune(Moshi),Tomato,Local,FAQ,25/06/2022,2500,4000,3250,78
Maharashtra,Pune,Pune(Moshi),Tomato,Local,FAQ,04/07/2022,1000,2000,1500,78
Maharashtra,Pune,Pune(Moshi),Tomato,Local,FAQ,10/07/2022,500,1500,1000,78
Maharashtra,Pune,Pune(Moshi),Tomato,Local,FAQ,12/07/2022,800,1400,1100,78
Maharashtra,Pune,Pune(Moshi),Tomato,Local,FAQ,14/07/2022,500,1500,1000,78
Maharashtra,Pune,Pune(Moshi),Tomato,Local,FAQ,15/07/2022,700,1500,1100,78
Maharashtra,Pune,Pune(Moshi),Tomato,Local,FAQ,19/07/2022,800,1200,1000,78
Maharashtra,Pune,Pune(Moshi),Tomato,Local,FAQ,22/07/2022,800,1200,1000,78
Maharashtra,Pune,Pune(Moshi),Tomato,Local,FAQ,23/07/2022,700,1200,950,78
Maharashtra,Pune,Pune(Moshi),Tomato,Local,FAQ,04/08/2022,800,1500,1150,78
Maharashtra,Pune,Pune(Moshi),Tomato,Local,FAQ,05/08/2022,700,1000,850,78
Maharashtra,Pune,Pune(Moshi),Tomato,Local,FAQ,11/08/2022,1000,1500,1250,78
Maharashtra,Pune,Pune(Moshi),Tomato,Local,FAQ,27/08/2022,500,1500,1000,78
Maharashtra,Pune,Pune(Moshi),Tomato,Local,FAQ,29/08/2022,500,1000,750,78
Maharashtra,Pune,Pune(Moshi),Tomato,Local,FAQ,04/09/2022,1000,1400,1200,78
Maharashtra,Pune,Pune(Moshi),Tomato,Local,FAQ,24/09/2022,1000,15000,1250,78
Maharashtra,Pune,Pune(Moshi),Tomato,Local,FAQ,02/10/2022,1000,1500,1250,78
Maharashtra,Pune,Pune(Moshi),Tomato,Local,FAQ,11/10/2022,1000,2000,1500,78
Maharashtra,Pune,Pune(Moshi),Tomato,Local,FAQ,14/10/2022,2500,3000,2750,78
Maharashtra,Pune,Pune(Moshi),Tomato,Local,FAQ,21/10/2022,1000,2500,1750,78
Maharashtra,Pune,Pune(Moshi),Tomato,Local,FAQ,23/10/2022,2000,2500,2250,78
Maharashtra,Pune,Pune(Moshi),Tomato,Local,FAQ,28/10/2022,1200,3000,2100,78
Maharashtra,Pune,Pune(Moshi),Tomato,Local,FAQ,31/10/2022,1000,2500,1750,78
Maharashtra,Pune,Pune(Moshi),Tomato,Local,FAQ,17/11/2022,500,700,600,78
Maharashtra,Pune,Pune(Moshi),Tomato,Local,FAQ,19/11/2022,500,600,550,78
Maharashtra,Pune,Pune(Moshi),Tomato,Local,FAQ,20/11/2022,400,1000,700,78
Maharashtra,Pune,Pune(Moshi),Tomato,Local,FAQ,03/12/2022,500,700,600,78
Maharashtra,Pune,Pune(Moshi),Tomato,Local,FAQ,06/12/2022,300,800,550,78
Maharashtra,Pune,Pune(Moshi),Tomato,Local,FAQ,09/12/2022,400,600,500,78
Maharashtra,Pune,Pune(Moshi),Tomato,Local,FAQ,25/12/2022,600,800,700,78
Maharashtra,Pune,Pune(Moshi),Tomato,Local,FAQ,26/12/2022,400,800,600,78
Maharashtra,Pune,Pune(Moshi),Tomato,Local,FAQ,30/12/2022,1000,7000,4000,78
Maharashtra,Pune,Pune(Moshi),Tomato,Local,FAQ,31/12/2022,700,1000,850,78
Maharashtra,Pune,Pune(Moshi),Tomato,Local,Local,04/03/2025,800,1000,900,78
Maharashtra,Pune,Pune(Moshi),Tomato,Local,Local,09/03/2025,800,1000,900,78
Maharashtra,Pune,Pune(Moshi),Tomato,Local,Local,17/03/2025,700,1000,850,78
Maharashtra,Pune,Pune(Moshi),Tomato,Local,Local,24/03/2025,700,1000,850,78
Maharashtra,Pune,Pune(Moshi),Tomato,Local,Local,03/02/2025,800,1000,900,78
Maharashtra,Pune,Pune(Moshi),Tomato,Local,Local,06/02/2025,600,700,650,78
Maharashtra,Pune,Pune(Moshi),Tomato,Local,Local,13/02/2025,500,800,650,78
Maharashtra,Pune,Pune(Moshi),Tomato,Local,Local,21/02/2025,700,1000,850,78
Maharashtra,Pune,Pune(Moshi),Tomato,Local,Local,27/02/2025,800,1000,900,78
Maharashtra,Pune,Pune(Moshi),Tomato,Local,FAQ,03/12/2024,2000,4000,3000,78
Maharashtra,Pune,Pune(Moshi),Tomato,Local,FAQ,06/12/2024,2000,3500,2750,78
Maharashtra,Pune,Pune(Moshi),Tomato,Local,FAQ,10/12/2024,2000,4000,3000,78
Maharashtra,Pune,Pune(Moshi),Tomato,Local,FAQ,12/12/2024,1000,3000,2000,78
Maharashtra,Pune,Pune(Moshi),Tomato,Local,FAQ,13/12/2024,1000,2000,1500,78
Maharashtra,Pune,Pune(Moshi),Tomato,Local,FAQ,15/12/2024,2000,3000,2500,78
Maharashtra,Pune,Pune(Moshi),Tomato,Local,FAQ,17/12/2024,700,1500,1100,78
Maharashtra,Pune,Pune(Moshi),Tomato,Local,FAQ,30/12/2024,1000,2000,1500,78
Maharashtra,Pune,Pune(Moshi),Tomato,Local,FAQ,16/11/2024,1500,2500,2000,78
Maharashtra,Pune,Pune(Moshi),Tomato,Local,Local,03/06/2025,2000,3000,2500,78
Maharashtra,Pune,Pune(Moshi),Tomato,Local,Local,07/06/2025,1000,2000,1500,78
Maharashtra,Pune,Pune(Moshi),Tomato,Local,Local,12/06/2025,1000,2500,1750,78
Maharashtra,Pune,Pune(Moshi),Tomato,Local,Local,23/06/2025,1500,2000,1750,78
Maharashtra,Pune,Pune(Moshi),Tomato,Local,Local,29/06/2025,1200,1500,1350,78
Maharashtra,Pune,Pune(Moshi),Tomato,Local,Local,01/07/2025,1000,1500,1250,78
Maharashtra,Pune,Pune(Moshi),Tomato,Local,Local,18/07/2025,900,1200,1050,78
Maharashtra,Pune,Pune(Moshi),Tomato,Local,Local,29/07/2025,2000,4000,3000,78
Maharashtra,Pune,Pune(Moshi),Tomato,Local,Local,01/04/2025,600,1000,800,78
Maharashtra,Pune,Pune(Moshi),Tomato,Local,Local,15/04/2025,700,1000,850,78
Maharashtra,Pune,Pune(Moshi),Tomato,Local,Local,17/04/2025,800,1000,900,78
Maharashtra,Pune,Pune(Moshi),Tomato,Local,Local,19/04/2025,600,1000,800,78
Maharashtra,Pune,Pune(Moshi),Tomato,Local,Local,21/04/2025,700,1000,850,78
Maharashtra,Pune,Pune(Moshi),Tomato,Local,Local,25/04/2025,700,1000,850,78
Maharashtra,Pune,Pune(Moshi),Tomato,Local,FAQ,20/10/2024,3000,4500,3750,78
Maharashtra,Pune,Pune(Moshi),Tomato,Local,FAQ,26/10/2024,2000,3000,2500,78
Maharashtra,Pune,Pune(Moshi),Tomato,Local,FAQ,29/10/2024,1000,2000,1500,78
Maharashtra,Pune,Pune(Moshi),Tomato,Local,FAQ,07/10/2024,3000,4000,3500,78
Maharashtra,Pune,Pune(Moshi),Tomato,Local,FAQ,27/10/2024,2000,2500,2250,78
Maharashtra,Pune,Pune(Moshi),Tomato,Local,FAQ,17/01/2023,1300,2000,1650,78
Maharashtra,Pune,Pune(Moshi),Tomato,Local,FAQ,21/01/2023,500,1000,750,78
Maharashtra,Pune,Pune(Moshi),Tomato,Local,FAQ,23/01/2023,700,1000,850,78
Maharashtra,Pune,Pune(Moshi),Tomato,Local,FAQ,28/01/2023,600,1000,800,78
Maharashtra,Pune,Pune(Moshi),Tomato,Local,FAQ,05/02/2023,500,1000,750,78
Maharashtra,Pune,Pune(Moshi),Tomato,Local,FAQ,17/02/2023,800,1200,1000,78
Maharashtra,Pune,Pune(Moshi),Tomato,Local,FAQ,26/02/2023,800,1200,1000,78
Maharashtra,Pune,Pune(Moshi),Tomato,Local,FAQ,27/02/2023,800,1200,1000,78
Maharashtra,Pune,Pune(Moshi),Tomato,Local,FAQ,28/02/2023,80,1500,1150,78
Maharashtra,Pune,Pune(Moshi),Tomato,Local,FAQ,03/03/2023,700,1200,950,78
Maharashtra,Pune,Pune(Moshi),Tomato,Local,FAQ,05/03/2023,800,1200,1000,78
Maharashtra,Pune,Pune(Moshi),Tomato,Local,FAQ,06/03/2023,800,1200,1000,78
Maharashtra,Pune,Pune(Moshi),Tomato,Local,FAQ,09/03/2023,800,1200,1000,78
Maharashtra,Pune,Pune(Moshi),Tomato,Local,FAQ,10/03/2023,700,1000,850,78
Maharashtra,Pune,Pune(Moshi),Tomato,Local,FAQ,11/03/2023,800,1200,1000,78
Maharashtra,Pune,Pune(Moshi),Tomato,Local,FAQ,20/03/2023,1000,1500,1250,78
Maharashtra,Pune,Pune(Moshi),Tomato,Local,FAQ,26/03/2023,800,1400,1100,78
Maharashtra,Pune,Pune(Moshi),Tomato,Local,FAQ,16/04/2023,800,1000,900,78
Maharashtra,Pune,Pune(Moshi),Tomato,Local,FAQ,20/04/2023,500,1000,750,78
Maharashtra,Pune,Pune(Moshi),Tomato,Local,FAQ,24/04/2023,500,1000,750,78
Maharashtra,Pune,Pune(Moshi),Tomato,Local,FAQ,25/04/2023,300,600,450,78
Maharashtra,Pune,Pune(Moshi),Tomato,Local,FAQ,02/05/2023,300,700,500,78
Maharashtra,Pune,Pune(Moshi),Tomato,Local,FAQ,12/05/2023,500,1000,750,78
Maharashtra,Pune,Pune(Moshi),Tomato,Local,FAQ,14/05/2023,300,800,550,78
Maharashtra,Pune,Pune(Moshi),Tomato,Local,FAQ,22/05/2023,300,500,400,78
Maharashtra,Pune,Pune(Moshi),Tomato,Local,FAQ,25/05/2023,400,700,550,78
Maharashtra,Pune,Pune(Moshi),Tomato,Local,FAQ,28/05/2023,300,500,400,78
Maharashtra,Pune,Pune(Moshi),Tomato,Local,FAQ,01/06/2023,400,800,600,78
Maharashtra,Pune,Pune(Moshi),Tomato,Local,FAQ,04/06/2023,600,1400,1000,78
Maharashtra,Pune,Pune(Moshi),Tomato,Local,FAQ,06/06/2023,1000,1500,1250,78
Maharashtra,Pune,Pune(Moshi),Tomato,Local,FAQ,09/06/2023,800,1500,1150,78
Maharashtra,Pune,Pune(Moshi),Tomato,Local,FAQ,12/06/2023,1500,3000,2250,78
Maharashtra,Pune,Pune(Moshi),Tomato,Local,FAQ,18/06/2023,1500,3000,2250,78
Maharashtra,Pune,Pune(Moshi),Tomato,Local,FAQ,06/07/2023,5000,8000,6500,78
Maharashtra,Pune,Pune(Moshi),Tomato,Local,FAQ,08/07/2023,5000,8000,6500,78
Maharashtra,Pune,Pune(Moshi),Tomato,Local,FAQ,10/07/2023,600,8000,7000,78
Maharashtra,Pune,Pune(Moshi),Tomato,Local,FAQ,15/07/2023,4000,8000,6000,78
Maharashtra,Pune,Pune(Moshi),Tomato,Local,FAQ,17/07/2023,6000,8000,7000,78
Maharashtra,Pune,Pune(Moshi),Tomato,Local,FAQ,21/07/2023,6000,8000,7000,78
Maharashtra,Pune,Pune(Moshi),Tomato,Local,FAQ,24/07/2023,5000,7000,6000,78
Maharashtra,Pune,Pune(Moshi),Tomato,Local,FAQ,28/07/2023,5000,8000,6500,78
Maharashtra,Pune,Pune(Moshi),Tomato,Local,FAQ,30/07/2023,5000,9000,7000,78
Maharashtra,Pune,Pune(Moshi),Tomato,Local,FAQ,03/08/2023,9000,10000,9500,78
Maharashtra,Pune,Pune(Moshi),Tomato,Local,FAQ,04/08/2023,8000,9000,8500,78
Maharashtra,Pune,Pune(Moshi),Tomato,Local,FAQ,05/08/2023,7000,8000,7500,78
Maharashtra,Pune,Pune(Moshi),Tomato,Local,FAQ,06/08/2023,8000,10000,9000,78
Maharashtra,Pune,Pune(Moshi),Tomato,Local,FAQ,31/08/2023,800,1000,900,78
Maharashtra,Pune,Pune(Moshi),Tomato,Local,FAQ,02/09/2023,1000,1500,1250,78
Maharashtra,Pune,Pune(Moshi),Tomato,Local,FAQ,03/09/2023,1000,1500,1250,78
Maharashtra,Pune,Pune(Moshi),Tomato,Local,FAQ,08/09/2023,500,1500,1000,78
Maharashtra,Pune,Pune(Moshi),Tomato,Local,FAQ,16/09/2023,500,800,650,78
Maharashtra,Pune,Pune(Moshi),Tomato,Local,FAQ,10/10/2023,300,500,400,78
Maharashtra,Pune,Pune(Moshi),Tomato,Local,FAQ,14/10/2023,200,500,350,78
Maharashtra,Pune,Pune(Moshi),Tomato,Local,FAQ,16/10/2023,300,700,500,78
Maharashtra,Pune,Pune(Moshi),Tomato,Local,FAQ,20/10/2023,400,500,450,78
Maharashtra,Pune,Pune(Moshi),Tomato,Local,FAQ,23/10/2023,300,700,500,78
Maharashtra,Pune,Pune(Moshi),Tomato,Local,FAQ,27/10/2023,700,800,750,78
Maharashtra,Pune,Pune(Moshi),Tomato,Local,FAQ,31/10/2023,600,700,650,78
Maharashtra,Pune,Pune(Moshi),Tomato,Local,FAQ,06/11/2023,500,1500,1000,78
Maharashtra,Pune,Pune(Moshi),Tomato,Local,FAQ,07/11/2023,1000,1500,1250,78
Maharashtra,Pune,Pune(Moshi),Tomato,Local,FAQ,13/11/2023,700,1000,850,78
Maharashtra,Pune,Pune(Moshi),Tomato,Local,FAQ,21/11/2023,1500,2500,2000,78
Maharashtra,Pune,Pune(Moshi),Tomato,Local,FAQ,24/11/2023,1000,2500,1750,78
Maharashtra,Pune,Pune(Moshi),Tomato,Local,FAQ,26/11/2023,1000,2500,1750,78
Maharashtra,Pune,Pune(Moshi),Tomato,Local,FAQ,27/11/2023,1000,2000,1500,78
Maharashtra,Pune,Pune(Moshi),Tomato,Local,FAQ,08/12/2023,1500,2200,1850,78
Maharashtra,Pune,Pune(Moshi),Tomato,Local,FAQ,15/12/2023,1000,2000,1500,78
Maharashtra,Pune,Pune(Moshi),Tomato,Local,FAQ,25/12/2023,1500,2000,1750,78
Maharashtra,Pune,Pune(Moshi),Tomato,Local,Local,19/05/2025,800,1000,900,78
Maharashtra,Pune,Pune(Moshi),Tomato,Local,Local,24/05/2025,600,1000,800,78
Maharashtra,Pune,Pune(Moshi),Tomato,Local,Local,05/09/2025,1000,1200,1100,78
Maharashtra,Pune,Pune(Moshi),Tomato,Local,Local,08/09/2025,1000,1500,1250,78
Maharashtra,Pune,Pune(Moshi),Tomato,Local,Local,18/09/2025,800,1000,900,78
Maharashtra,Pune,Pune(Moshi),Tomato,Local,Local,19/09/2025,1000,1200,1100,78
Maharashtra,Pune,Pune(Moshi),Tomato,Local,Local,21/09/2025,500,1500,1000,78
Maharashtra,Pune,Pune(Moshi),Tomato,Local,Local,02/10/2025,1000,1500,1250,78
Maharashtra,Pune,Pune(Moshi),Tomato,Local,Local,09/10/2025,1000,1500,1250,78
Maharashtra,Pune,Pune(Moshi),Tomato,Local,Local,16/10/2025,1000,2000,1500,78
Maharashtra,Pune,Pune(Moshi),Tomato,Local,Local,20/10/2025,1000,1500,1250,78
Maharashtra,Pune,Pune(Moshi),Tomato,Local,Local,28/10/2025,1000,1500,1250,78
Maharashtra,Pune,Pune(Moshi),Tomato,Local,Local,05/08/2025,2000,3000,2500,78
Maharashtra,Pune,Pune(Moshi),Tomato,Local,Local,07/08/2025,3000,4000,3500,78
Maharashtra,Pune,Pune(Moshi),Tomato,Local,Local,08/08/2025,2500,3000,2750,78
Maharashtra,Pune,Pune(Moshi),Tomato,Local,Local,10/08/2025,3000,4500,3750,78
Maharashtra,Pune,Pune(Moshi),Tomato,Local,Local,14/08/2025,1500,4000,2750,78
Maharashtra,Pune,Pune(Moshi),Tomato,Local,Local,16/08/2025,2000,2500,2250,78
Maharashtra,Pune,Pune(Moshi),Tomato,Local,Local,19/08/2025,2000,4000,3000,78
Maharashtra,Pune,Pune(Moshi),Tomato,Local,Local,22/08/2025,1500,3500,2500,78
Maharashtra,Pune,Pune(Moshi),Tomato,Local,Local,23/08/2025,1000,3000,2000,78
Maharashtra,Pune,Pune(Moshi),Tomato,Local,Local,24/08/2025,1500,3000,2250,78
Maharashtra,Pune,Pune(Moshi),Tomato,Local,Local,15/02/2025,700,1000,850,78
Maharashtra,Pune,Pune(Moshi),Tomato,Local,Local,18/02/2025,6000,7000,6500,78
Maharashtra,Pune,Pune(Moshi),Tomato,Local,Local,28/02/2025,600,1000,800,78
Maharashtra,Pune,Pune(Moshi),Tomato,Local,FAQ,04/11/2024,1500,2000,1750,78
Maharashtra,Pune,Pune(Moshi),Tomato,Local,FAQ,09/11/2024,2000,3000,2500,78
Maharashtra,Pune,Pune(Moshi),Tomato,Local,FAQ,11/11/2024,1000,2000,1500,78
Maharashtra,Pune,Pune(Moshi),Tomato,Local,FAQ,12/11/2024,2000,2500,2250,78
Maharashtra,Pune,Pune(Moshi),Tomato,Local,FAQ,05/09/2024,1500,2500,2000,78
Maharashtra,Pune,Pune(Moshi),Tomato,Local,FAQ,23/09/2024,2000,3500,2750,78
Maharashtra,Pune,Pune(Moshi),Tomato,Local,FAQ,14/09/2024,1000,1500,1250,78
Maharashtra,Pune,Pune(Moshi),Tomato,Local,FAQ,26/09/2024,2000,3000,2500,78
Maharashtra,Pune,Pune(Moshi),Tomato,Local,FAQ,11/01/2025,1000,2000,1500,78
Maharashtra,Pune,Pune(Moshi),Tomato,Local,FAQ,08/12/2024,1500,3500,2500,78
Maharashtra,Pune,Pune(Moshi),Tomato,Local,FAQ,24/12/2024,2000,3000,2500,78
Maharashtra,Pune,Pune(Moshi),Tomato,Local,FAQ,04/10/2024,3000,3200,3100,78
Maharashtra,Pune,Pune(Moshi),Tomato,Local,FAQ,19/10/2024,3000,4000,3500,78
Maharashtra,Pune,Pune(Moshi),Tomato,Local,FAQ,16/08/2024,1500,2000,1750,78
Maharashtra,Pune,Pune(Moshi),Tomato,Local,FAQ,31/08/2024,1000,1500,1250,78
Maharashtra,Pune,Pune(Moshi),Tomato,Local,FAQ,09/08/2024,1000,2000,1500,78
Maharashtra,Pune,Pune(Moshi),Tomato,Local,FAQ,12/08/2024,1000,2000,1500,78
Maharashtra,Pune,Pune(Moshi),Tomato,Local,FAQ,28/10/2024,1500,3000,2250,78
Maharashtra,Pune,Pune(Moshi),Tomato,Local,FAQ,03/10/2024,2000,4000,3000,78
Maharashtra,Pune,Pune(Moshi),Tomato,Local,FAQ,22/10/2024,1500,4000,2750,78
Maharashtra,Pune,Pune(Moshi),Tomato,Local,FAQ,11/10/2024,2000,5000,3500,78
Maharashtra,Pune,Pune(Moshi),Tomato,Local,FAQ,18/10/2024,3000,4000,3500,78
Maharashtra,Pune,Pune(Moshi),Tomato,Local,FAQ,08/01/2023,300,500,400,78
Maharashtra,Pune,Pune(Moshi),Tomato,Local,FAQ,12/01/2023,500,1000,750,78
Maharashtra,Pune,Pune(Moshi),Tomato,Local,FAQ,24/01/2023,500,1000,750,78
Maharashtra,Pune,Pune(Moshi),Tomato,Local,FAQ,27/01/2023,500,1200,850,78
Maharashtra,Pune,Pune(Moshi),Tomato,Local,FAQ,29/01/2023,300,1000,650,78
Maharashtra,Pune,Pune(Moshi),Tomato,Local,FAQ,31/01/2023,500,1000,750,78
Maharashtra,Pune,Pune(Moshi),Tomato,Local,FAQ,02/02/2023,500,700,600,78
Maharashtra,Pune,Pune(Moshi),Tomato,Local,FAQ,09/02/2023,400,1100,750,78
Maharashtra,Pune,Pune(Moshi),Tomato,Local,FAQ,12/02/2023,1000,12000,1100,78
Maharashtra,Pune,Pune(Moshi),Tomato,Local,FAQ,19/02/2023,1000,1500,1250,78
Maharashtra,Pune,Pune(Moshi),Tomato,Local,FAQ,21/02/2023,1000,1600,1300,78
Maharashtra,Pune,Pune(Moshi),Tomato,Local,FAQ,25/02/2023,800,1200,1000,78
Maharashtra,Pune,Pune(Moshi),Tomato,Local,FAQ,12/03/2023,600,1200,900,78
Maharashtra,Pune,Pune(Moshi),Tomato,Local,FAQ,14/03/2023,700,1200,950,78
Maharashtra,Pune,Pune(Moshi),Tomato,Local,FAQ,17/03/2023,600,1200,900,78
Maharashtra,Pune,Pune(Moshi),Tomato,Local,FAQ,23/03/2023,1000,1500,1250,78
Maharashtra,Pune,Pune(Moshi),Tomato,Local,FAQ,27/03/2023,500,1500,1000,78
Maharashtra,Pune,Pune(Moshi),Tomato,Local,FAQ,31/03/2023,400,1500,950,78
Maharashtra,Pune,Pune(Moshi),Tomato,Local,FAQ,04/04/2023,800,1500,1150,78
Maharashtra,Pune,Pune(Moshi),Tomato,Local,FAQ,06/04/2023,300,1500,900,78
Maharashtra,Pune,Pune(Moshi),Tomato,Local,FAQ,08/04/2023,400,1200,800,78
Maharashtra,Pune,Pune(Moshi),Tomato,Local,FAQ,09/04/2023,300,1000,650,78
Maharashtra,Pune,Pune(Moshi),Tomato,Local,FAQ,13/04/2023,300,1500,900,78
Maharashtra,Pune,Pune(Moshi),Tomato,Local,FAQ,21/04/2023,800,1000,900,78
Maharashtra,Pune,Pune(Moshi),Tomato,Local,FAQ,23/04/2023,500,1000,750,78
Maharashtra,Pune,Pune(Moshi),Tomato,Local,FAQ,29/04/2023,500,1000,750,78
Maharashtra,Pune,Pune(Moshi),Tomato,Local,FAQ,05/05/2023,300,500,400,78
Maharashtra,Pune,Pune(Moshi),Tomato,Local,FAQ,07/05/2023,300,800,550,78
Maharashtra,Pune,Pune(Moshi),Tomato,Local,FAQ,08/05/2023,400,700,550,78
Maharashtra,Pune,Pune(Moshi),Tomato,Local,FAQ,26/05/2023,500,1000,750,78
Maharashtra,Pune,Pune(Moshi),Tomato,Local,FAQ,29/05/2023,200,700,450,78
Maharashtra,Pune,Pune(Moshi),Tomato,Local,FAQ,17/06/2023,800,2000,1400,78
Maharashtra,Pune,Pune(Moshi),Tomato,Local,FAQ,19/06/2023,2000,2200,2100,78
Maharashtra,Pune,Pune(Moshi),Tomato,Local,FAQ,20/06/2023,2000,3500,2750,78
Maharashtra,Pune,Pune(Moshi),Tomato,Local,FAQ,24/06/2023,3000,4500,3750,78
Maharashtra,Pune,Pune(Moshi),Tomato,Local,FAQ,27/06/2023,3000,4000,3500,78
Maharashtra,Pune,Pune(Moshi),Tomato,Local,FAQ,30/06/2023,2500,4500,3500,78
Maharashtra,Pune,Pune(Moshi),Tomato,Local,FAQ,14/07/2023,6000,7000,6500,78
Maharashtra,Pune,Pune(Moshi),Tomato,Local,FAQ,16/07/2023,5000,8000,6500,78
Maharashtra,Pune,Pune(Moshi),Tomato,Local,FAQ,22/07/2023,8000,10000,9000,78
Maharashtra,Pune,Pune(Moshi),Tomato,Local,FAQ,01/08/2023,7000,12000,9500,78
Maharashtra,Pune,Pune(Moshi),Tomato,Local,FAQ,19/08/2023,2000,4000,3000,78
Maharashtra,Pune,Pune(Moshi),Tomato,Local,FAQ,22/08/2023,2500,3500,3000,78
Maharashtra,Pune,Pune(Moshi),Tomato,Local,FAQ,29/08/2023,700,1500,1100,78
Maharashtra,Pune,Pune(Moshi),Tomato,Local,FAQ,05/09/2023,1000,1500,1250,78
Maharashtra,Pune,Pune(Moshi),Tomato,Local,FAQ,09/09/2023,700,1000,850,78
Maharashtra,Pune,Pune(Moshi),Tomato,Local,FAQ,17/09/2023,400,500,450,78
Maharashtra,Pune,Pune(Moshi),Tomato,Local,FAQ,21/09/2023,500,700,600,78
Maharashtra,Pune,Pune(Moshi),Tomato,Local,FAQ,28/09/2023,400,800,600,78
Maharashtra,Pune,Pune(Moshi),Tomato,Local,FAQ,30/09/2023,400,1000,700,78
Maharashtra,Pune,Pune(Moshi),Tomato,Local,FAQ,03/10/2023,400,700,550,78
Maharashtra,Pune,Pune(Moshi),Tomato,Local,FAQ,05/10/2023,1000,4000,2500,78
Maharashtra,Pune,Pune(Moshi),Tomato,Local,FAQ,06/10/2023,300,500,400,78
Maharashtra,Pune,Pune(Moshi),Tomato,Local,FAQ,08/10/2023,500,800,650,78
Maharashtra,Pune,Pune(Moshi),Tomato,Local,FAQ,12/10/2023,300,800,550,78
Maharashtra,Pune,Pune(Moshi),Tomato,Local,FAQ,15/10/2023,300,400,350,78
Maharashtra,Pune,Pune(Moshi),Tomato,Local,FAQ,26/10/2023,400,1200,800,78
Maharashtra,Pune,Pune(Moshi),Tomato,Local,FAQ,28/10/2023,500,1000,750,78
Maharashtra,Pune,Pune(Moshi),Tomato,Local,FAQ,14/11/2023,1000,20000,1500,78
Maharashtra,Pune,Pune(Moshi),Tomato,Local,FAQ,18/11/2023,1000,2000,1500,78
Maharashtra,Pune,Pune(Moshi),Tomato,Local,FAQ,23/11/2023,2000,2500,2250,78
Maharashtra,Pune,Pune(Moshi),Tomato,Local,FAQ,28/11/2023,1500,3000,2250,78
Maharashtra,Pune,Pune(Moshi),Tomato,Local,FAQ,04/12/2023,2000,3000,2500,78
Maharashtra,Pune,Pune(Moshi),Tomato,Local,FAQ,11/12/2023,1000,2000,1500,78
Maharashtra,Pune,Pune(Moshi),Tomato,Local,FAQ,12/12/2023,1000,2000,1500,78
Maharashtra,Pune,Pune(Moshi),Tomato,Local,FAQ,14/12/2023,1000,2000,1500,78
Maharashtra,Pune,Pune(Moshi),Tomato,Local,FAQ,21/12/2023,700,2000,1350,78
Maharashtra,Pune,Pune(Moshi),Tomato,Local,FAQ,22/12/2023,1000,1500,1250,78
Maharashtra,Pune,Pune(Moshi),Tomato,Local,FAQ,30/12/2023,1000,2000,1500,78
Maharashtra,Pune,Pune(Moshi),Tomato,Local,FAQ,31/12/2023,1000,2000,1500,78
Maharashtra,Pune,Pune(Moshi),Tomato,Local,FAQ,14/05/2024,700,1000,850,78
Maharashtra,Pune,Pune(Moshi),Tomato,Local,FAQ,16/05/2024,800,1000,900,78
Maharashtra,Pune,Pune(Moshi),Tomato,Local,FAQ,19/05/2024,500,800,650,78
Maharashtra,Pune,Pune(Moshi),Tomato,Local,FAQ,25/05/2024,1000,2000,1500,78
Maharashtra,Pune,Pune(Moshi),Tomato,Local,FAQ,03/06/2024,1000,2500,1750,78
Maharashtra,Pune,Pune(Moshi),Tomato,Local,FAQ,08/06/2024,1500,3000,2250,78
Maharashtra,Pune,Pune(Moshi),Tomato,Local,FAQ,16/06/2024,2000,4000,3000,78
Maharashtra,Pune,Pune(Moshi),Tomato,Local,FAQ,25/06/2024,2500,4000,3250,78
Maharashtra,Pune,Pune(Moshi),Tomato,Local,FAQ,25/01/2024,1500,2500,2000,78
Maharashtra,Pune,Pune(Moshi),Tomato,Local,FAQ,16/02/2024,1000,1500,1250,78
Maharashtra,Pune,Pune(Moshi),Tomato,Local,FAQ,17/02/2024,1000,1500,1250,78
Maharashtra,Pune,Pune(Moshi),Tomato,Local,FAQ,20/02/2024,1000,1500,1250,78
Maharashtra,Pune,Pune(Moshi),Tomato,Local,FAQ,01/03/2024,1000,1200,1100,78
Maharashtra,Pune,Pune(Moshi),Tomato,Local,FAQ,05/03/2024,700,1200,950,78
Maharashtra,Pune,Pune(Moshi),Tomato,Local,FAQ,08/03/2024,700,1000,850,78
Maharashtra,Pune,Pune(Moshi),Tomato,Local,FAQ,12/03/2024,1000,1200,1100,78
Maharashtra,Pune,Pune(Moshi),Tomato,Local,FAQ,18/03/2024,1000,1200,1100,78
Maharashtra,Pune,Pune(Moshi),Tomato,Local,FAQ,21/03/2024,500,1000,750,78
Maharashtra,Pune,Pune(Moshi),Tomato,Local,FAQ,24/03/2024,400,1000,700,78
Maharashtra,Pune,Pune(Moshi),Tomato,Local,FAQ,26/03/2024,1000,1500,1250,78
Maharashtra,Pune,Pune(Moshi),Tomato,Local,FAQ,29/03/2024,800,1000,900,78
Maharashtra,Pune,Pune(Moshi),Tomato,Local,FAQ,04/04/2024,800,1000,900,78
Maharashtra,Pune,Pune(Moshi),Tomato,Local,FAQ,07/04/2024,800,1000,900,78
Maharashtra,Pune,Pune(Moshi),Tomato,Local,FAQ,08/04/2024,600,1000,800,78
Maharashtra,Pune,Pune(Moshi),Tomato,Local,FAQ,06/06/2024,2000,3000,2500,78
Maharashtra,Pune,Pune(Moshi),Tomato,Local,FAQ,09/06/2024,2000,3000,2500,78
Maharashtra,Pune,Pune(Moshi),Tomato,Local,FAQ,17/06/2024,2500,4000,3250,78
Maharashtra,Pune,Pune(Moshi),Tomato,Local,FAQ,11/03/2021,300,1000,650,78
Maharashtra,Pune,Pune(Moshi),Tomato,Local,FAQ,28/03/2021,400,800,600,78
Maharashtra,Pune,Pune(Moshi),Tomato,Local,FAQ,12/04/2021,300,1000,650,78
Maharashtra,Pune,Pune(Moshi),Tomato,Local,FAQ,20/04/2021,300,500,400,78
Maharashtra,Pune,Pune(Moshi),Tomato,Local,FAQ,04/05/2021,300,600,450,78
Maharashtra,Pune,Pune(Moshi),Tomato,Local,FAQ,06/05/2021,300,700,500,78
Maharashtra,Pune,Pune(Moshi),Tomato,Local,FAQ,13/05/2021,500,700,600,78
Maharashtra,Pune,Pune(Moshi),Tomato,Local,FAQ,26/05/2021,500,600,550,78
Maharashtra,Pune,Pune(Moshi),Tomato,Local,FAQ,31/05/2021,300,600,450,78
Maharashtra,Pune,Pune(Moshi),Tomato,Local,FAQ,04/06/2021,300,700,500,78
Maharashtra,Pune,Pune(Moshi),Tomato,Local,FAQ,06/06/2021,400,700,550,78
Maharashtra,Pune,Pune(Moshi),Tomato,Local,FAQ,12/06/2021,500,1000,750,78
Maharashtra,Pune,Pune(Moshi),Tomato,Local,FAQ,15/06/2021,400,1000,700,78
Maharashtra,Pune,Pune(Moshi),Tomato,Local,FAQ,19/06/2021,300,1000,650,78
Maharashtra,Pune,Pune(Moshi),Tomato,Local,FAQ,15/07/2021,500,1000,750,78
Maharashtra,Pune,Pune(Moshi),Tomato,Local,FAQ,17/07/2021,500,700,600,78
Maharashtra,Pune,Pune(Moshi),Tomato,Local,FAQ,24/07/2021,200,1000,600,78
Maharashtra,Pune,Pune(Moshi),Tomato,Local,FAQ,31/07/2021,300,1000,650,78
Maharashtra,Pune,Pune(Moshi),Tomato,Local,FAQ,17/08/2021,200,600,400,78
Maharashtra,Pune,Pune(Moshi),Tomato,Local,FAQ,20/08/2021,300,500,400,78
Maharashtra,Pune,Pune(Moshi),Tomato,Local,FAQ,23/08/2021,400,700,550,78
Maharashtra,Pune,Pune(Moshi),Tomato,Local,FAQ,29/08/2021,400,500,450,78
Maharashtra,Pune,Pune(Moshi),Tomato,Local,FAQ,31/08/2021,300,500,400,78
Maharashtra,Pune,Pune(Moshi),Tomato,Local,FAQ,04/09/2021,200,500,350,78
Maharashtra,Pune,Pune(Moshi),Tomato,Local,FAQ,09/09/2021,300,500,400,78
Maharashtra,Pune,Pune(Moshi),Tomato,Local,FAQ,11/09/2021,400,800,600,78
Maharashtra,Pune,Pune(Moshi),Tomato,Local,FAQ,18/09/2021,400,600,500,78
Maharashtra,Pune,Pune(Moshi),Tomato,Local,FAQ,19/09/2021,400,800,600,78
Maharashtra,Pune,Pune(Moshi),Tomato,Local,FAQ,24/09/2021,500,1500,1100,78
Maharashtra,Pune,Pune(Moshi),Tomato,Local,FAQ,28/09/2021,1200,2000,1600,78
Maharashtra,Pune,Pune(Moshi),Tomato,Local,FAQ,12/10/2021,1400,2800,2100,78
Maharashtra,Pune,Pune(Moshi),Tomato,Local,FAQ,18/10/2021,1000,2200,1600,78
Maharashtra,Pune,Pune(Moshi),Tomato,Local,FAQ,19/10/2021,2000,2800,2400,78
Maharashtra,Pune,Pune(Moshi),Tomato,Local,FAQ,26/10/2021,1000,2500,1750,78
Maharashtra,Pune,Pune(Moshi),Tomato,Local,FAQ,14/11/2021,1000,3500,2250,78
Maharashtra,Pune,Pune(Moshi),Tomato,Local,FAQ,15/11/2021,2000,3500,2750,78
Maharashtra,Pune,Pune(Moshi),Tomato,Local,FAQ,21/11/2021,2000,3500,2750,78
Maharashtra,Pune,Pune(Moshi),Tomato,Local,FAQ,25/11/2021,2000,4000,3000,78
Maharashtra,Pune,Pune(Moshi),Tomato,Local,FAQ,29/11/2021,2000,2500,2250,78
Maharashtra,Pune,Pune(Moshi),Tomato,Local,FAQ,14/12/2021,1800,3000,2400,78
Maharashtra,Pune,Pune(Moshi),Tomato,Local,FAQ,23/12/2021,1000,2000,1500,78
Maharashtra,Pune,Pune(Moshi),Tomato,Local,FAQ,02/07/2024,3000,4000,3500,78
Maharashtra,Pune,Pune(Moshi),Tomato,Local,FAQ,08/07/2024,3000,6000,4500,78
Maharashtra,Pune,Pune(Moshi),Tomato,Local,FAQ,18/07/2024,4000,6000,5000,78
Maharashtra,Pune,Pune(Moshi),Tomato,Local,FAQ,23/07/2024,3000,6000,4500,78
Maharashtra,Pune,Pune(Moshi),Tomato,Local,FAQ,25/07/2024,3000,4000,3500,78
Maharashtra,Pune,Pune(Moshi),Tomato,Local,Local,07/04/2025,500,800,650,78
Maharashtra,Pune,Pune(Moshi),Tomato,Local,Local,11/04/2025,600,1000,800,78
Maharashtra,Pune,Pune(Moshi),Tomato,Local,Local,20/04/2025,700,1000,850,78
Maharashtra,Pune,Pune(Moshi),Tomato,Local,Local,24/04/2025,800,1000,900,78
Maharashtra,Pune,Pune(Moshi),Tomato,Local,Local,28/04/2025,700,1000,850,78
Maharashtra,Pune,Pune(Moshi),Tomato,Local,Local,06/04/2025,700,1000,850,78
Maharashtra,Pune,Pune(Moshi),Tomato,Local,Local,13/04/2025,600,1000,800,78
Maharashtra,Pune,Pune(Moshi),Tomato,Local,Local,26/04/2025,800,1000,900,78
Maharashtra,Pune,Pune(Moshi),Tomato,Local,FAQ,09/01/2022,1000,2000,1500,78
Maharashtra,Pune,Pune(Moshi),Tomato,Local,FAQ,10/01/2022,1000,2000,1500,78
Maharashtra,Pune,Pune(Moshi),Tomato,Local,FAQ,16/01/2022,1000,1600,1300,78
Maharashtra,Pune,Pune(Moshi),Tomato,Local,FAQ,27/01/2022,500,1500,1000,78
Maharashtra,Pune,Pune(Moshi),Tomato,Local,FAQ,01/02/2022,1000,1500,1250,78
Maharashtra,Pune,Pune(Moshi),Tomato,Local,FAQ,04/02/2022,1000,2000,1500,78
Maharashtra,Pune,Pune(Moshi),Tomato,Local,FAQ,10/02/2022,1000,1500,1250,78
Maharashtra,Pune,Pune(Moshi),Tomato,Local,FAQ,27/02/2022,800,1000,900,78
Maharashtra,Pune,Pune(Moshi),Tomato,Local,FAQ,28/02/2022,800,1200,1000,78
Maharashtra,Pune,Pune(Moshi),Tomato,Local,FAQ,10/03/2022,500,1000,750,78
Maharashtra,Pune,Pune(Moshi),Tomato,Local,FAQ,01/04/2022,600,1000,800,78
Maharashtra,Pune,Pune(Moshi),Tomato,Local,FAQ,10/04/2022,500,800,650,78
Maharashtra,Pune,Pune(Moshi),Tomato,Local,FAQ,11/04/2022,700,1000,850,78
Maharashtra,Pune,Pune(Moshi),Tomato,Local,FAQ,26/04/2022,1000,1500,1250,78
Maharashtra,Pune,Pune(Moshi),Tomato,Local,FAQ,28/04/2022,700,1400,1050,78
Maharashtra,Pune,Pune(Moshi),Tomato,Local,FAQ,29/04/2022,800,1300,1050,78
Maharashtra,Pune,Pune(Moshi),Tomato,Local,FAQ,03/05/2022,2000,3000,2500,78
Maharashtra,Pune,Pune(Moshi),Tomato,Local,FAQ,30/05/2022,3000,4000,3500,78
Maharashtra,Pune,Pune(Moshi),Tomato,Local,FAQ,07/06/2022,2500,5000,3750,78
Maharashtra,Pune,Pune(Moshi),Tomato,Local,FAQ,19/06/2022,2000,4500,3250,78
Maharashtra,Pune,Pune(Moshi),Tomato,Local,FAQ,30/06/2022,1500,3000,2250,78
Maharashtra,Pune,Pune(Moshi),Tomato,Local,FAQ,01/07/2022,1500,2500,2000,78
Maharashtra,Pune,Pune(Moshi),Tomato,Local,FAQ,26/07/2022,800,1200,1000,78
Maharashtra,Pune,Pune(Moshi),Tomato,Local,FAQ,02/08/2022,1000,1500,1250,78
Maharashtra,Pune,Pune(Moshi),Tomato,Local,FAQ,06/08/2022,800,1000,900,78
Maharashtra,Pune,Pune(Moshi),Tomato,Local,FAQ,13/08/2022,800,1200,1000,78
Maharashtra,Pune,Pune(Moshi),Tomato,Local,FAQ,14/08/2022,800,1500,1150,78
Maharashtra,Pune,Pune(Moshi),Tomato,Local,FAQ,21/08/2022,800,1200,1000,78
Maharashtra,Pune,Pune(Moshi),Tomato,Local,FAQ,02/09/2022,800,1000,900,78
Maharashtra,Pune,Pune(Moshi),Tomato,Local,FAQ,09/09/2022,800,1500,1150,78
Maharashtra,Pune,Pune(Moshi),Tomato,Local,FAQ,22/09/2022,700,2000,1350,78
Maharashtra,Pune,Pune(Moshi),Tomato,Local,FAQ,23/09/2022,800,1500,1150,78
Maharashtra,Pune,Pune(Moshi),Tomato,Local,FAQ,29/09/2022,700,1800,1250,78
Maharashtra,Pune,Pune(Moshi),Tomato,Local,FAQ,30/09/2022,1000,1500,1250,78
Maharashtra,Pune,Pune(Moshi),Tomato,Local,FAQ,04/10/2022,1000,2000,1500,78
Maharashtra,Pune,Pune(Moshi),Tomato,Local,FAQ,09/10/2022,1000,2000,1500,78
Maharashtra,Pune,Pune(Moshi),Tomato,Local,FAQ,15/10/2022,1000,3000,2000,78
Maharashtra,Pune,Pune(Moshi),Tomato,Local,FAQ,16/10/2022,1000,2000,1500,78
Maharashtra,Pune,Pune(Moshi),Tomato,Local,FAQ,25/10/2022,1500,3000,2250,78
Maharashtra,Pune,Pune(Moshi),Tomato,Local,FAQ,05/11/2022,300,1500,900,78
Maharashtra,Pune,Pune(Moshi),Tomato,Local,FAQ,06/11/2022,300,2000,1150,78
Maharashtra,Pune,Pune(Moshi),Tomato,Local,FAQ,07/11/2022,1500,2000,1750,78
Maharashtra,Pune,Pune(Moshi),Tomato,Local,FAQ,08/11/2022,500,1500,1000,78
Maharashtra,Pune,Pune(Moshi),Tomato,Local,FAQ,21/11/2022,400,600,500,78
Maharashtra,Pune,Pune(Moshi),Tomato,Local,FAQ,04/12/2022,300,700,500,78
Maharashtra,Pune,Pune(Moshi),Tomato,Local,FAQ,05/12/2022,500,600,550,78
Maharashtra,Pune,Pune(Moshi),Tomato,Local,FAQ,10/12/2022,300,500,400,78
Maharashtra,Pune,Pune(Moshi),Tomato,Local,FAQ,17/12/2022,400,800,600,78
Maharashtra,Pune,Pune(Moshi),Tomato,Local,Local,16/03/2025,500,1000,750,78
Maharashtra,Pune,Pune(Moshi),Tomato,Local,Local,22/03/2025,700,1000,850,78
Maharashtra,Pune,Pune(Moshi),Tomato,Local,Local,25/03/2025,800,1000,900,78
Maharashtra,Pune,Pune(Moshi),Tomato,Local,Local,31/03/2025,800,1000,900,78
Maharashtra,Pune,Pune(Moshi),Tomato,Local,Local,02/03/2025,800,1000,900,78
Maharashtra,Pune,Pune(Moshi),Tomato,Local,Local,22/05/2025,600,800,700,78
Maharashtra,Pune,Pune(Moshi),Tomato,Local,Local,23/05/2025,1000,1500,1250,78
Maharashtra,Pune,Pune(Moshi),Tomato,Local,Local,05/06/2025,1000,1500,1250,78
Maharashtra,Pune,Pune(Moshi),Tomato,Local,Local,08/06/2025,1000,2000,1500,78
Maharashtra,Pune,Pune(Moshi),Tomato,Local,Local,26/06/2025,1000,2000,1500,78
Maharashtra,Pune,Pune(Moshi),Tomato,Local,Local,28/06/2025,1000,2000,1500,78
Maharashtra,Pune,Pune(Moshi),Tomato,Local,Local,13/07/2025,1000,2000,1500,78
Maharashtra,Pune,Pune(Moshi),Tomato,Local,Local,25/07/2025,1600,3000,2300,78
Maharashtra,Pune,Pune(Moshi),Tomato,Local,Local,03/08/2025,2000,4000,3000,78
Maharashtra,Pune,Pune(Moshi),Tomato,Local,Local,04/08/2025,2500,4000,3250,78
Maharashtra,Pune,Pune(Moshi),Tomato,Local,Local,11/08/2025,2500,4000,3250,78
Maharashtra,Pune,Pune(Moshi),Tomato,Local,Local,12/08/2025,1000,4000,2500,78
Maharashtra,Pune,Pune(Moshi),Tomato,Local,Local,18/08/2025,2500,4000,3250,78
Maharashtra,Pune,Pune(Moshi),Tomato,Local,Local,30/08/2025,1000,1500,1250,78
Maharashtra,Pune,Pune(Moshi),Tomato,Local,Local,31/08/2025,1500,2000,1750,78
Maharashtra,Pune,Pune(Moshi),Tomato,Local,Local,09/09/2025,1000,1500,1250,78
Maharashtra,Pune,Pune(Moshi),Tomato,Local,Local,12/09/2025,1000,1500,1250,78
Maharashtra,Pune,Pune(Moshi),Tomato,Local,Local,13/09/2025,1000,2000,1500,78
Maharashtra,Pune,Pune(Moshi),Tomato,Local,Local,14/09/2025,500,1200,850,78
Maharashtra,Pune,Pune(Moshi),Tomato,Local,Local,15/09/2025,700,1000,850,78
Maharashtra,Pune,Pune(Moshi),Tomato,Local,Local,22/09/2025,1000,1500,1250,78
Maharashtra,Pune,Pune(Moshi),Tomato,Local,Local,23/09/2025,800,1000,900,78
Maharashtra,Pune,Pune(Moshi),Tomato,Local,Local,26/09/2025,800,1500,1150,78
Maharashtra,Pune,Pune(Moshi),Tomato,Local,Local,29/09/2025,700,1000,850,78
Maharashtra,Pune,Pune(Moshi),Tomato,Local,Local,30/09/2025,700,1000,850,78
Maharashtra,Pune,Pune(Moshi),Tomato,Local,Local,04/09/2025,800,900,850,78
Maharashtra,Pune,Pune(Moshi),Tomato,Local,Local,04/10/2025,1500,3000,2250,78
Maharashtra,Pune,Pune(Moshi),Tomato,Local,Local,26/10/2025,700,1000,850,78
Maharashtra,Pune,Pune(Moshi),Tomato,Local,Local,27/10/2025,1000,1500,1250,78
Maharashtra,Pune,Pune(Moshi),Tomato,Local,Local,30/10/2025,1000,1500,1250,78
Maharashtra,Pune,Pune(Moshi),Tomato,Local,FAQ,03/01/2022,500,2000,1250,78
Maharashtra,Pune,Pune(Moshi),Tomato,Local,FAQ,14/01/2022,1200,1500,1350,78
Maharashtra,Pune,Pune(Moshi),Tomato,Local,FAQ,15/01/2022,500,1500,1000,78
Maharashtra,Pune,Pune(Moshi),Tomato,Local,FAQ,21/01/2022,800,1000,900,78
Maharashtra,Pune,Pune(Moshi),Tomato,Local,FAQ,23/01/2022,1000,1500,1250,78
Maharashtra,Pune,Pune(Moshi),Tomato,Local,FAQ,08/02/2022,800,1000,900,78
Maharashtra,Pune,Pune(Moshi),Tomato,Local,FAQ,14/02/2022,600,1500,1050,78
Maharashtra,Pune,Pune(Moshi),Tomato,Local,FAQ,26/02/2022,700,1000,850,78
Maharashtra,Pune,Pune(Moshi),Tomato,Local,FAQ,04/03/2022,600,1000,800,78
Maharashtra,Pune,Pune(Moshi),Tomato,Local,FAQ,12/03/2022,600,800,700,78
Maharashtra,Pune,Pune(Moshi),Tomato,Local,FAQ,14/03/2022,600,800,700,78
Maharashtra,Pune,Pune(Moshi),Tomato,Local,FAQ,20/03/2022,700,1500,1100,78
Maharashtra,Pune,Pune(Moshi),Tomato,Local,FAQ,28/03/2022,500,800,650,78
Maharashtra,Pune,Pune(Moshi),Tomato,Local,FAQ,31/03/2022,700,1000,850,78
Maharashtra,Pune,Pune(Moshi),Tomato,Local,FAQ,04/04/2022,1000,1500,1250,78
Maharashtra,Pune,Pune(Moshi),Tomato,Local,FAQ,07/04/2022,600,1000,800,78
Maharashtra,Pune,Pune(Moshi),Tomato,Local,FAQ,17/04/2022,500,1200,850,78
Maharashtra,Pune,Pune(Moshi),Tomato,Local,FAQ,18/04/2022,500,1000,750,78
Maharashtra,Pune,Pune(Moshi),Tomato,Local,FAQ,24/04/2022,700,1200,950,78
Maharashtra,Pune,Pune(Moshi),Tomato,Local,FAQ,30/04/2022,700,2000,1350,78
Maharashtra,Pune,Pune(Moshi),Tomato,Local,FAQ,06/05/2022,2000,4000,3000,78
Maharashtra,Pune,Pune(Moshi),Tomato,Local,FAQ,27/05/2022,4000,5000,4500,78
Maharashtra,Pune,Pune(Moshi),Tomato,Local,FAQ,04/06/2022,3500,4000,3750,78
Maharashtra,Pune,Pune(Moshi),Tomato,Local,FAQ,11/06/2022,2000,4000,3000,78
Maharashtra,Pune,Pune(Moshi),Tomato,Local,FAQ,12/06/2022,2500,4000,3250,78
Maharashtra,Pune,Pune(Moshi),Tomato,Local,FAQ,13/06/2022,3500,5000,4250,78
Maharashtra,Pune,Pune(Moshi),Tomato,Local,FAQ,20/06/2022,3500,4000,3750,78
Maharashtra,Pune,Pune(Moshi),Tomato,Local,FAQ,21/06/2022,2500,4000,3250,78
Maharashtra,Pune,Pune(Moshi),Tomato,Local,FAQ,07/07/2022,1000,1500,1250,78
Maharashtra,Pune,Pune(Moshi),Tomato,Local,FAQ,11/07/2022,1000,1500,1250,78
Maharashtra,Pune,Pune(Moshi),Tomato,Local,FAQ,16/07/2022,800,1600,1200,78
Maharashtra,Pune,Pune(Moshi),Tomato,Local,FAQ,18/07/2022,1000,1500,1250,78
Maharashtra,Pune,Pune(Moshi),Tomato,Local,FAQ,25/07/2022,800,1200,1000,78
Maharashtra,Pune,Pune(Moshi),Tomato,Local,FAQ,29/07/2022,1500,2000,1750,78
Maharashtra,Pune,Pune(Moshi),Tomato,Local,FAQ,07/08/2022,700,1500,1100,78
Maharashtra,Pune,Pune(Moshi),Tomato,Local,FAQ,12/08/2022,800,1200,1000,78
Maharashtra,Pune,Pune(Moshi),Tomato,Local,FAQ,16/08/2022,800,1500,1150,78
Maharashtra,Pune,Pune(Moshi),Tomato,Local,FAQ,26/08/2022,700,1000,850,78
Maharashtra,Pune,Pune(Moshi),Tomato,Local,FAQ,03/09/2022,800,1500,1150,78
Maharashtra,Pune,Pune(Moshi),Tomato,Local,FAQ,11/09/2022,700,1200,950,78
Maharashtra,Pune,Pune(Moshi),Tomato,Local,FAQ,13/09/2022,800,1200,1000,78
Maharashtra,Pune,Pune(Moshi),Tomato,Local,FAQ,15/09/2022,1000,2000,1500,78
Maharashtra,Pune,Pune(Moshi),Tomato,Local,FAQ,16/09/2022,500,1500,1000,78
Maharashtra,Pune,Pune(Moshi),Tomato,Local,FAQ,19/09/2022,800,1500,1150,78
Maharashtra,Pune,Pune(Moshi),Tomato,Local,FAQ,25/09/2022,500,1200,850,78
Maharashtra,Pune,Pune(Moshi),Tomato,Local,FAQ,26/09/2022,800,1200,1000,78
Maharashtra,Pune,Pune(Moshi),Tomato,Local,FAQ,03/10/2022,800,1200,1000,78
Maharashtra,Pune,Pune(Moshi),Tomato,Local,FAQ,13/10/2022,1000,2500,1750,78
Maharashtra,Pune,Pune(Moshi),Tomato,Local,FAQ,18/10/2022,1000,2500,1750,78
Maharashtra,Pune,Pune(Moshi),Tomato,Local,FAQ,30/10/2022,1500,2500,2000,78
Maharashtra,Pune,Pune(Moshi),Tomato,Local,FAQ,10/11/2022,500,1000,750,78
Maharashtra,Pune,Pune(Moshi),Tomato,Local,FAQ,15/11/2022,600,1000,800,78
Maharashtra,Pune,Pune(Moshi),Tomato,Local,FAQ,22/11/2022,300,700,500,78
Maharashtra,Pune,Pune(Moshi),Tomato,Local,FAQ,28/11/2022,200,700,450,78
Maharashtra,Pune,Pune(Moshi),Tomato,Local,FAQ,02/12/2022,300,700,500,78
Maharashtra,Pune,Pune(Moshi),Tomato,Local,FAQ,15/12/2022,600,800,700,78
Maharashtra,Pune,Pune(Moshi),Tomato,Local,FAQ,22/02/2021,500,1000,750,78
Maharashtra,Pune,Pune(Moshi),Tomato,Local,FAQ,25/02/2021,600,1000,800,78
Maharashtra,Pune,Pune(Moshi),Tomato,Local,FAQ,02/03/2021,300,800,550,78
Maharashtra,Pune,Pune(Moshi),Tomato,Local,FAQ,05/03/2021,500,700,600,78
Maharashtra,Pune,Pune(Moshi),Tomato,Local,FAQ,07/03/2021,500,700,600,78
Maharashtra,Pune,Pune(Moshi),Tomato,Local,FAQ,12/03/2021,300,800,550,78
Maharashtra,Pune,Pune(Moshi),Tomato,Local,FAQ,13/03/2021,300,600,450,78
Maharashtra,Pune,Pune(Moshi),Tomato,Local,FAQ,21/03/2021,200,600,400,78
Maharashtra,Pune,Pune(Moshi),Tomato,Local,FAQ,26/03/2021,300,600,450,78
Maharashtra,Pune,Pune(Moshi),Tomato,Local,FAQ,27/03/2021,400,800,600,78
Maharashtra,Pune,Pune(Moshi),Tomato,Local,FAQ,01/04/2021,500,1000,750,78
Maharashtra,Pune,Pune(Moshi),Tomato,Local,FAQ,02/04/2021,600,800,700,78
Maharashtra,Pune,Pune(Moshi),Tomato,Local,FAQ,06/04/2021,300,1000,650,78
Maharashtra,Pune,Pune(Moshi),Tomato,Local,FAQ,09/04/2021,600,1000,800,78
Maharashtra,Pune,Pune(Moshi),Tomato,Local,FAQ,13/04/2021,300,1000,650,78
Maharashtra,Pune,Pune(Moshi),Tomato,Local,FAQ,26/04/2021,700,1500,1100,78
Maharashtra,Pune,Pune(Moshi),Tomato,Local,FAQ,27/04/2021,300,1000,650,78
Maharashtra,Pune,Pune(Moshi),Tomato,Local,FAQ,30/04/2021,300,700,500,78
Maharashtra,Pune,Pune(Moshi),Tomato,Local,FAQ,25/05/2021,300,700,500,78
Maharashtra,Pune,Pune(Moshi),Tomato,Local,FAQ,08/06/2021,400,700,550,78
Maharashtra,Pune,Pune(Moshi),Tomato,Local,FAQ,10/06/2021,400,600,500,78
Maharashtra,Pune,Pune(Moshi),Tomato,Local,FAQ,13/06/2021,400,700,550,78
Maharashtra,Pune,Pune(Moshi),Tomato,Local,FAQ,17/06/2021,300,500,400,78
Maharashtra,Pune,Pune(Moshi),Tomato,Local,FAQ,24/06/2021,400,700,550,78
Maharashtra,Pune,Pune(Moshi),Tomato,Local,FAQ,26/06/2021,300,600,450,78
Maharashtra,Pune,Pune(Moshi),Tomato,Local,FAQ,06/07/2021,500,700,600,78
Maharashtra,Pune,Pune(Moshi),Tomato,Local,FAQ,12/07/2021,400,600,500,78
Maharashtra,Pune,Pune(Moshi),Tomato,Local,FAQ,13/07/2021,500,700,600,78
Maharashtra,Pune,Pune(Moshi),Tomato,Local,FAQ,18/07/2021,500,700,600,78
Maharashtra,Pune,Pune(Moshi),Tomato,Local,FAQ,19/07/2021,600,1000,800,78
Maharashtra,Pune,Pune(Moshi),Tomato,Local,FAQ,20/07/2021,600,1000,800,78
Maharashtra,Pune,Pune(Moshi),Tomato,Local,FAQ,01/08/2021,200,800,500,78
Maharashtra,Pune,Pune(Moshi),Tomato,Local,FAQ,03/08/2021,700,900,750,78
Maharashtra,Pune,Pune(Moshi),Tomato,Local,FAQ,12/08/2021,200,800,500,78
Maharashtra,Pune,Pune(Moshi),Tomato,Local,FAQ,16/08/2021,300,1000,650,78
Maharashtra,Pune,Pune(Moshi),Tomato,Local,FAQ,28/08/2021,400,600,500,78
Maharashtra,Pune,Pune(Moshi),Tomato,Local,FAQ,30/08/2021,400,500,450,78
Maharashtra,Pune,Pune(Moshi),Tomato,Local,FAQ,03/09/2021,200,500,350,78
Maharashtra,Pune,Pune(Moshi),Tomato,Local,FAQ,14/09/2021,300,700,500,78
Maharashtra,Pune,Pune(Moshi),Tomato,Local,FAQ,21/09/2021,500,800,650,78
Maharashtra,Pune,Pune(Moshi),Tomato,Local,FAQ,25/09/2021,600,1300,950,78
Maharashtra,Pune,Pune(Moshi),Tomato,Local,FAQ,02/10/2021,1800,2200,2000,78
Maharashtra,Pune,Pune(Moshi),Tomato,Local,FAQ,03/10/2021,1500,3000,2250,78
Maharashtra,Pune,Pune(Moshi),Tomato,Local,FAQ,08/10/2021,2000,2500,2250,78
Maharashtra,Pune,Pune(Moshi),Tomato,Local,FAQ,31/10/2021,2000,3000,2500,78
Maharashtra,Pune,Pune(Moshi),Tomato,Local,FAQ,11/11/2021,1500,3000,2250,78
Maharashtra,Pune,Pune(Moshi),Tomato,Local,FAQ,13/11/2021,1000,3500,2250,78
Maharashtra,Pune,Pune(Moshi),Tomato,Local,FAQ,16/11/2021,2000,3000,2500,78
Maharashtra,Pune,Pune(Moshi),Tomato,Local,FAQ,18/11/2021,1500,4000,2750,78
Maharashtra,Pune,Pune(Moshi),Tomato,Local,FAQ,22/11/2021,1500,3500,2500,78
Maharashtra,Pune,Pune(Moshi),Tomato,Local,FAQ,02/12/2021,2000,3000,2500,78
Maharashtra,Pune,Pune(Moshi),Tomato,Local,FAQ,04/12/2021,2000,3800,2900,78
Maharashtra,Pune,Pune(Moshi),Tomato,Local,FAQ,05/12/2021,2000,3000,2500,78
Maharashtra,Pune,Pune(Moshi),Tomato,Local,FAQ,10/12/2021,2500,3000,2750,78
Maharashtra,Pune,Pune(Moshi),Tomato,Local,FAQ,11/12/2021,1500,3000,2250,78
Maharashtra,Pune,Pune(Moshi),Tomato,Local,FAQ,16/12/2021,1500,2000,1750,78
Maharashtra,Pune,Pune(Moshi),Tomato,Local,FAQ,27/12/2021,1000,2000,1500,78
Maharashtra,Pune,Pune(Moshi),Tomato,Local,FAQ,30/12/2021,1200,3000,2100,78
Maharashtra,Pune,Pune(Moshi),Tomato,Local,FAQ,10/10/2024,2000,5000,3500,78
Maharashtra,Pune,Pune(Moshi),Tomato,Local,FAQ,14/10/2024,2500,4500,3500,78
Maharashtra,Pune,Pune(Moshi),Tomato,Local,FAQ,06/10/2024,3500,7000,5250,78
Maharashtra,Pune,Pune(Moshi),Tomato,Local,FAQ,31/10/2024,1000,2000,1500,78
Maharashtra,Pune,Pune(Moshi),Tomato,Local,FAQ,01/10/2024,2000,3000,2500,78
Maharashtra,Pune,Pune(Moshi),Tomato,Local,FAQ,24/10/2024,3000,4000,3500,78
Maharashtra,Pune,Pune(Moshi),Tomato,Local,FAQ,12/10/2024,3000,4000,3500,78
Maharashtra,Pune,Pune(Moshi),Tomato,Local,FAQ,02/05/2024,800,1500,1150,78
Maharashtra,Pune,Pune(Moshi),Tomato,Local,FAQ,09/05/2024,800,1000,900,78
Maharashtra,Pune,Pune(Moshi),Tomato,Local,FAQ,17/05/2024,800,1000,900,78
Maharashtra,Pune,Pune(Moshi),Tomato,Local,FAQ,18/05/2024,500,1000,750,78
Maharashtra,Pune,Pune(Moshi),Tomato,Local,FAQ,21/05/2024,600,800,700,78
Maharashtra,Pune,Pune(Moshi),Tomato,Local,FAQ,23/05/2024,600,1000,800,78
Maharashtra,Pune,Pune(Moshi),Tomato,Local,FAQ,24/05/2024,1000,2000,1500,78
Maharashtra,Pune,Pune(Moshi),Tomato,Local,FAQ,07/01/2023,300,1000,650,78
Maharashtra,Pune,Pune(Moshi),Tomato,Local,FAQ,30/01/2023,300,1000,650,78
Maharashtra,Pune,Pune(Moshi),Tomato,Local,FAQ,03/02/2023,500,1000,750,78
Maharashtra,Pune,Pune(Moshi),Tomato,Local,FAQ,07/02/2023,600,800,700,78
Maharashtra,Pune,Pune(Moshi),Tomato,Local,FAQ,10/02/2023,700,1000,850,78
Maharashtra,Pune,Pune(Moshi),Tomato,Local,FAQ,11/02/2023,700,1000,850,78
Maharashtra,Pune,Pune(Moshi),Tomato,Local,FAQ,18/02/2023,800,1500,1150,78
Maharashtra,Pune,Pune(Moshi),Tomato,Local,FAQ,23/02/2023,1000,15000,1250,78
Maharashtra,Pune,Pune(Moshi),Tomato,Local,FAQ,24/02/2023,1000,1200,1100,78
Maharashtra,Pune,Pune(Moshi),Tomato,Local,FAQ,02/03/2023,800,1200,1000,78
Maharashtra,Pune,Pune(Moshi),Tomato,Local,FAQ,13/03/2023,600,1500,1050,78
Maharashtra,Pune,Pune(Moshi),Tomato,Local,FAQ,01/04/2023,400,1000,700,78
Maharashtra,Pune,Pune(Moshi),Tomato,Local,FAQ,02/04/2023,300,800,550,78
Maharashtra,Pune,Pune(Moshi),Tomato,Local,FAQ,10/04/2023,500,700,600,78
Maharashtra,Pune,Pune(Moshi),Tomato,Local,FAQ,11/04/2023,500,1000,750,78
Maharashtra,Pune,Pune(Moshi),Tomato,Local,FAQ,14/04/2023,300,500,400,78
Maharashtra,Pune,Pune(Moshi),Tomato,Local,FAQ,04/05/2023,300,500,400,78
Maharashtra,Pune,Pune(Moshi),Tomato,Local,FAQ,19/05/2023,1000,4000,2500,78
Maharashtra,Pune,Pune(Moshi),Tomato,Local,FAQ,20/05/2023,300,600,450,78
Maharashtra,Pune,Pune(Moshi),Tomato,Local,FAQ,23/05/2023,400,700,550,78
Maharashtra,Pune,Pune(Moshi),Tomato,Local,FAQ,27/05/2023,200,500,350,78
Maharashtra,Pune,Pune(Moshi),Tomato,Local,FAQ,03/06/2023,700,1400,1050,78
Maharashtra,Pune,Pune(Moshi),Tomato,Local,FAQ,05/06/2023,500,1400,950,78
Maharashtra,Pune,Pune(Moshi),Tomato,Local,FAQ,08/06/2023,700,1200,950,78
Maharashtra,Pune,Pune(Moshi),Tomato,Local,FAQ,11/06/2023,1500,3000,2250,78
Maharashtra,Pune,Pune(Moshi),Tomato,Local,FAQ,13/06/2023,1000,2000,1500,78
Maharashtra,Pune,Pune(Moshi),Tomato,Local,FAQ,16/06/2023,1000,2500,1750,78
Maharashtra,Pune,Pune(Moshi),Tomato,Local,FAQ,03/07/2023,6000,7000,6500,78
Maharashtra,Pune,Pune(Moshi),Tomato,Local,FAQ,07/07/2023,6000,7000,6500,78
Maharashtra,Pune,Pune(Moshi),Tomato,Local,FAQ,09/07/2023,5000,8000,6500,78
Maharashtra,Pune,Pune(Moshi),Tomato,Local,FAQ,20/07/2023,5000,8000,6500,78
Maharashtra,Pune,Pune(Moshi),Tomato,Local,FAQ,29/07/2023,5000,9000,7000,78
Maharashtra,Pune,Pune(Moshi),Tomato,Local,FAQ,10/08/2023,4000,8000,6000,78
Maharashtra,Pune,Pune(Moshi),Tomato,Local,FAQ,11/08/2023,3000,7000,5000,78
Maharashtra,Pune,Pune(Moshi),Tomato,Local,FAQ,12/08/2023,3000,4000,3500,78
Maharashtra,Pune,Pune(Moshi),Tomato,Local,FAQ,21/08/2023,1000,2000,1500,78
Maharashtra,Pune,Pune(Moshi),Tomato,Local,FAQ,10/09/2023,400,1000,700,78
Maharashtra,Pune,Pune(Moshi),Tomato,Local,FAQ,12/09/2023,400,1000,700,78
Maharashtra,Pune,Pune(Moshi),Tomato,Local,FAQ,24/09/2023,500,700,600,78
Maharashtra,Pune,Pune(Moshi),Tomato,Local,FAQ,25/09/2023,500,7000,600,78
Maharashtra,Pune,Pune(Moshi),Tomato,Local,FAQ,02/10/2023,300,800,550,78
Maharashtra,Pune,Pune(Moshi),Tomato,Local,FAQ,07/10/2023,300,1000,650,78
Maharashtra,Pune,Pune(Moshi),Tomato,Local,FAQ,09/10/2023,300,5000,400,78
Maharashtra,Pune,Pune(Moshi),Tomato,Local,FAQ,13/10/2023,200,700,450,78
Maharashtra,Pune,Pune(Moshi),Tomato,Local,FAQ,22/10/2023,400,700,550,78
Maharashtra,Pune,Pune(Moshi),Tomato,Local,FAQ,29/10/2023,600,800,700,78
Maharashtra,Pune,Pune(Moshi),Tomato,Local,FAQ,30/10/2023,600,1000,800,78
Maharashtra,Pune,Pune(Moshi),Tomato,Local,FAQ,02/11/2023,500,1200,850,78
Maharashtra,Pune,Pune(Moshi),Tomato,Local,FAQ,12/11/2023,500,1200,850,78
Maharashtra,Pune,Pune(Moshi),Tomato,Local,FAQ,19/11/2023,2000,3000,2500,78
Maharashtra,Pune,Pune(Moshi),Tomato,Local,FAQ,09/12/2023,1000,2000,1500,78
Maharashtra,Pune,Pune(Moshi),Tomato,Local,FAQ,16/12/2023,1000,2000,1500,78
Maharashtra,Pune,Pune(Moshi),Tomato,Local,FAQ,19/12/2023,1000,2000,1500,78
Maharashtra,Pune,Pune(Moshi),Tomato,Local,FAQ,23/12/2023,1000,2000,1500,78
Maharashtra,Pune,Pune(Moshi),Tomato,Local,FAQ,24/12/2023,600,1500,1050,78
Maharashtra,Pune,Pune(Moshi),Tomato,Local,FAQ,29/12/2023,1500,3000,2250,78
Maharashtra,Pune,Pune(Moshi),Tomato,Local,FAQ,01/06/2024,1000,1500,1250,78
Maharashtra,Pune,Pune(Moshi),Tomato,Local,FAQ,24/06/2024,3000,4000,3500,78
Maharashtra,Pune,Pune(Moshi),Tomato,Local,FAQ,28/06/2024,3000,4000,3500,78
Maharashtra,Pune,Pune(Moshi),Tomato,Local,FAQ,26/07/2024,3000,5000,4000,78
Maharashtra,Pune,Pune(Moshi),Tomato,Local,FAQ,28/07/2024,3000,4000,3500,78
Maharashtra,Pune,Pune(Moshi),Tomato,Local,FAQ,30/07/2024,2000,5000,3500,78
Maharashtra,Pune,Pune(Moshi),Tomato,Local,FAQ,27/07/2024,3000,5000,4000,78
Maharashtra,Pune,Pune(Moshi),Tomato,Local,FAQ,29/07/2024,2000,3000,2500,78
Maharashtra,Pune,Pune(Moshi),Tomato,Local,FAQ,15/07/2024,4000,5000,4500,78
Maharashtra,Pune,Pune(Moshi),Tomato,Local,FAQ,16/07/2024,5000,6000,5500,78
Maharashtra,Pune,Pune(Moshi),Tomato,Local,FAQ,12/01/2025,1000,2000,1500,78
Maharashtra,Pune,Pune(Moshi),Tomato,Local,FAQ,17/01/2025,8000,10000,9000,78
Maharashtra,Pune,Pune(Moshi),Tomato,Local,FAQ,24/01/2025,600,1000,800,78
Maharashtra,Pune,Pune(Moshi),Tomato,Local,FAQ,02/12/2024,2500,3500,3000,78
Maharashtra,Pune,Pune(Moshi),Tomato,Local,FAQ,07/12/2024,1500,3500,2500,78
Maharashtra,Pune,Pune(Moshi),Tomato,Local,FAQ,14/12/2024,1000,2000,1500,78
Maharashtra,Pune,Pune(Moshi),Tomato,Local,FAQ,22/12/2024,1500,2000,1750,78
Maharashtra,Pune,Pune(Moshi),Tomato,Local,FAQ,23/12/2024,2000,3000,2500,78
Maharashtra,Pune,Pune(Moshi),Tomato,Local,FAQ,27/12/2024,1000,2000,1500,78
Maharashtra,Pune,Pune(Moshi),Tomato,Local,FAQ,31/12/2024,800,1000,900,78
Maharashtra,Pune,Pune(Moshi),Tomato,Local,FAQ,13/01/2025,800,1500,1150,78
Maharashtra,Pune,Pune(Moshi),Tomato,Local,FAQ,20/01/2025,1000,1000,1000,78
Maharashtra,Pune,Pune(Moshi),Tomato,Local,Local,30/01/2025,700,1000,850,78
Maharashtra,Pune,Pune(Moshi),Tomato,Local,Local,31/01/2025,500,1000,750,78
Maharashtra,Pune,Pune(Moshi),Tomato,Local,FAQ,03/01/2025,700,1000,850,78
Maharashtra,Pune,Pune(Moshi),Tomato,Local,FAQ,18/11/2024,2000,3000,2500,78
Maharashtra,Pune,Pune(Moshi),Tomato,Local,FAQ,22/11/2024,2000,3000,2500,78
Maharashtra,Pune,Pune(Moshi),Tomato,Local,FAQ,25/11/2024,2000,2500,2250,78
Maharashtra,Pune,Pune(Moshi),Tomato,Local,FAQ,01/09/2024,500,1500,1000,78
Maharashtra,Pune,Pune(Moshi),Tomato,Local,FAQ,27/09/2024,2000,3000,2500,78
Maharashtra,Pune,Pune(Moshi),Tomato,Local,FAQ,07/09/2024,1000,2000,1500,78
Maharashtra,Pune,Pune(Moshi),Tomato,Local,FAQ,17/09/2024,1000,1500,1250,78
Maharashtra,Pune,Pune(Moshi),Tomato,Local,FAQ,09/09/2024,1000,2000,1500,78
Maharashtra,Pune,Pune(Moshi),Tomato,Local,Local,03/03/2025,800,1000,900,78
Maharashtra,Pune,Pune(Moshi),Tomato,Local,Local,11/03/2025,500,1000,850,78
Maharashtra,Pune,Pune(Moshi),Tomato,Local,Local,13/03/2025,500,1000,750,78
Maharashtra,Pune,Pune(Moshi),Tomato,Local,Local,20/03/2025,700,1000,850,78
Maharashtra,Pune,Pune(Moshi),Tomato,Local,Local,21/03/2025,800,1000,900,78
Maharashtra,Pune,Pune(Moshi),Tomato,Local,Local,27/03/2025,800,1000,900,78
Maharashtra,Pune,Pune(Moshi),Tomato,Local,Local,03/04/2025,300,1000,650,78
Maharashtra,Pune,Pune(Moshi),Tomato,Local,Local,18/04/2025,600,1000,800,78
Maharashtra,Pune,Pune(Moshi),Tomato,Local,Local,12/04/2025,800,1000,900,78
Maharashtra,Pune,Pune(Moshi),Tomato,Local,Local,14/04/2025,500,1000,750,78
Maharashtra,Pune,Pune(Moshi),Tomato,Local,Local,27/04/2025,800,1000,900,78
Maharashtra,Pune,Pune(Moshi),Tomato,Local,Local,03/05/2025,500,1000,750,78
Maharashtra,Pune,Pune(Moshi),Tomato,Local,Local,09/05/2025,800,1000,900,78
Maharashtra,Pune,Pune(Moshi),Tomato,Local,Local,10/05/2025,700,1000,850,78
Maharashtra,Pune,Pune(Moshi),Tomato,Local,Local,12/05/2025,800,1000,900,78
Maharashtra,Pune,Pune(Moshi),Tomato,Local,Local,15/05/2025,500,1000,750,78
Maharashtra,Pune,Pune(Moshi),Tomato,Local,Local,18/05/2025,700,1500,1100,78
Maharashtra,Pune,Pune(Moshi),Tomato,Local,Local,20/05/2025,800,1000,900,78
Maharashtra,Pune,Pune(Moshi),Tomato,Local,Local,30/05/2025,1000,3000,2000,78
Maharashtra,Pune,Pune(Moshi),Tomato,Local,FAQ,06/08/2024,1000,2000,1500,78
Maharashtra,Pune,Pune(Moshi),Tomato,Local,FAQ,08/08/2024,1000,1800,1400,78
Maharashtra,Pune,Pune(Moshi),Tomato,Local,FAQ,10/08/2024,700,2000,1350,78
Maharashtra,Pune,Pune(Moshi),Tomato,Local,FAQ,11/08/2024,1000,2000,1500,78
Maharashtra,Pune,Pune(Moshi),Tomato,Local,FAQ,22/08/2024,1500,2000,1750,78
Maharashtra,Pune,Pune(Moshi),Tomato,Local,FAQ,25/08/2024,1000,2000,1500,78
Maharashtra,Pune,Pune(Moshi),Tomato,Local,FAQ,29/08/2024,1500,2000,1750,78
Maharashtra,Pune,Pune(Moshi),Tomato,Local,Local,24/02/2025,800,1000,900,78
Maharashtra,Pune,Pune(Moshi),Tomato,Local,FAQ,02/01/2024,1000,2000,1500,78
Maharashtra,Pune,Pune(Moshi),Tomato,Local,FAQ,07/01/2024,1000,1500,1250,78
Maharashtra,Pune,Pune(Moshi),Tomato,Local,FAQ,09/01/2024,1000,1500,1250,78
Maharashtra,Pune,Pune(Moshi),Tomato,Local,FAQ,14/01/2024,1000,1500,1250,78
Maharashtra,Pune,Pune(Moshi),Tomato,Local,FAQ,15/01/2024,1000,1500,1250,78
Maharashtra,Pune,Pune(Moshi),Tomato,Local,FAQ,18/01/2024,1000,1500,1250,78
Maharashtra,Pune,Pune(Moshi),Tomato,Local,FAQ,29/01/2024,2000,2500,2250,78
Maharashtra,Pune,Pune(Moshi),Tomato,Local,FAQ,30/01/2024,2000,2500,2250,78
Maharashtra,Pune,Pune(Moshi),Tomato,Local,FAQ,13/02/2024,1000,2000,1500,78
Maharashtra,Pune,Pune(Moshi),Tomato,Local,FAQ,24/02/2024,1000,1500,1250,78
Maharashtra,Pune,Pune(Moshi),Tomato,Local,FAQ,03/03/2024,800,1200,1000,78
Maharashtra,Pune,Pune(Moshi),Tomato,Local,FAQ,14/03/2024,500,1000,750,78
Maharashtra,Pune,Pune(Moshi),Tomato,Local,FAQ,22/03/2024,500,1000,750,78
Maharashtra,Pune,Pune(Moshi),Tomato,Local,FAQ,21/04/2024,1000,1200,1100,78
Maharashtra,Pune,Pune(Moshi),Tomato,Local,FAQ,26/04/2024,800,1000,900,78
Maharashtra,Pune,Pune(Moshi),Tomato,Local,FAQ,30/04/2024,700,1000,850,78
Maharashtra,Pune,Pune(Moshi),Tomato,Local,Local,16/02/2025,800,1000,900,78
Maharashtra,Pune,Pune(Moshi),Tomato,Local,Local,25/02/2025,800,1000,900,78
Maharashtra,Pune,Pune(Moshi),Tomato,Local,Local,10/07/2025,1500,2000,1750,78
Maharashtra,Pune,Pune(Moshi),Tomato,Local,Local,11/07/2025,1500,2000,1750,78
Maharashtra,Pune,Pune(Moshi),Tomato,Local,Local,14/07/2025,1000,2000,1500,78
Maharashtra,Pune,Pune(Moshi),Tomato,Local,Local,27/07/2025,1500,4000,2750,78
Maharashtra,Pune,Pune(Moshi),Tomato,Local,Local,31/07/2025,2500,4000,3250,78
Maharashtra,Pune,Pune(Moshi),Tomato,Local,Local,06/06/2025,1500,2000,1750,78
Maharashtra,Pune,Pune(Moshi),Tomato,Local,Local,15/06/2025,1500,2000,1750,78
Maharashtra,Pune,Pune(Moshi),Tomato,Local,Local,10/06/2025,1000,1500,1250,78
Maharashtra,Pune,Pune(Moshi),Tomato,Local,Local,20/06/2025,1000,2000,1500,78
Maharashtra,Pune,Pune(Moshi),Tomato,Local,Local,09/06/2025,1000,1500,1250,78
Maharashtra,Pune,Pune(Moshi),Tomato,Local,Local,16/06/2025,1000,1500,1250,78
Maharashtra,Pune,Pune(Moshi),Tomato,Local,Local,21/06/2025,1000,2000,1500,78
Maharashtra,Pune,Pune(Moshi),Tomato,Local,Local,20/09/2025,1000,2000,1500,78
Maharashtra,Pune,Pune(Moshi),Tomato,Local,Local,25/09/2025,500,1500,1000,78
Maharashtra,Pune,Pune(Moshi),Tomato,Local,Local,01/09/2025,1500,2000,1750,78
Maharashtra,Pune,Pune(Moshi),Tomato,Local,Local,02/09/2025,1000,1500,1250,78
Maharashtra,Pune,Pune(Moshi),Tomato,Local,Local,06/09/2025,1000,1500,1250,78
Maharashtra,Pune,Pune(Moshi),Tomato,Local,Local,02/08/2025,2000,3000,2500,78
Maharashtra,Pune,Pune(Moshi),Tomato,Local,Local,21/08/2025,2000,3000,2500,78
Maharashtra,Pune,Pune(Moshi),Tomato,Local,Local,01/11/2025,1000,1500,1250,78
Maharashtra,Pune,Pune(Moshi),Tomato,Local,Local,02/11/2025,700,10000,850,78
Maharashtra,Pune,Pune(Moshi),Tomato,Local,Local,05/10/2025,1000,2000,1500,78
Maharashtra,Pune,Pune(Moshi),Tomato,Local,Local,13/10/2025,1000,2000,1500,78
Maharashtra,Pune,Pune(Moshi),Tomato,Local,Local,14/10/2025,1000,2000,1500,78
Maharashtra,Pune,Pune(Moshi),Tomato,Local,Local,18/10/2025,1000,2000,1500,78
Maharashtra,Pune,Pune(Moshi),Tomato,Local,Local,24/10/2025,1000,1500,1250,78
Maharashtra,Pune,Pune(Moshi),Tomato,Local,FAQ,05/12/2024,2000,3000,2500,78
Maharashtra,Pune,Pune(Moshi),Tomato,Local,FAQ,19/12/2024,1000,3500,2250,78
Maharashtra,Pune,Pune(Moshi),Tomato,Local,FAQ,20/12/2024,2000,2500,2250,78
Maharashtra,Pune,Pune(Moshi),Tomato,Local,FAQ,21/12/2024,2000,3000,2500,78
Maharashtra,Pune,Pune(Moshi),Tomato,Local,FAQ,26/12/2024,1000,3000,2500,78
Maharashtra,Pune,Pune(Moshi),Tomato,Local,FAQ,28/12/2024,1000,2000,1500,78
Maharashtra,Pune,Pune(Moshi),Tomato,Local,FAQ,29/12/2024,1000,2000,1500,78
Maharashtra,Pune,Pune(Moshi),Tomato,Local,FAQ,06/07/2024,3000,4000,3500,78
Maharashtra,Pune,Pune(Moshi),Tomato,Local,FAQ,12/07/2024,4000,5000,4500,78
Maharashtra,Pune,Pune(Moshi),Tomato,Local,FAQ,19/07/2024,4000,5000,4500,78
Maharashtra,Pune,Pune(Moshi),Tomato,Local,FAQ,02/06/2024,1000,1500,1250,78
Maharashtra,Pune,Pune(Moshi),Tomato,Local,FAQ,10/06/2024,2500,3500,3000,78
Maharashtra,Pune,Pune(Moshi),Tomato,Local,FAQ,20/06/2024,2000,3000,2500,78
Maharashtra,Pune,Pune(Moshi),Tomato,Local,FAQ,04/05/2024,700,1500,1100,78
Maharashtra,Pune,Pune(Moshi),Tomato,Local,FAQ,11/05/2024,700,1400,1050,78
Maharashtra,Pune,Pune(Moshi),Tomato,Local,FAQ,12/05/2024,700,1000,850,78
Maharashtra,Pune,Pune(Moshi),Tomato,Local,FAQ,20/05/2024,600,1000,800,78
Maharashtra,Pune,Pune(Moshi),Tomato,Local,FAQ,28/05/2024,500,1000,750,78
Maharashtra,Pune,Pune(Moshi),Tomato,Local,FAQ,12/01/2024,1000,1500,1250,78
Maharashtra,Pune,Pune(Moshi),Tomato,Local,FAQ,01/02/2024,1500,2500,2000,78
Maharashtra,Pune,Pune(Moshi),Tomato,Local,FAQ,06/02/2024,1800,2500,2150,78
Maharashtra,Pune,Pune(Moshi),Tomato,Local,FAQ,11/02/2024,1500,2000,1750,78
Maharashtra,Pune,Pune(Moshi),Tomato,Local,FAQ,15/02/2024,1000,3000,2000,78
Maharashtra,Pune,Pune(Moshi),Tomato,Local,FAQ,29/02/2024,1200,1200,1200,78
Maharashtra,Pune,Pune(Moshi),Tomato,Local,FAQ,07/03/2024,800,1000,900,78
Maharashtra,Pune,Pune(Moshi),Tomato,Local,FAQ,11/03/2024,1000,1200,1100,78
Maharashtra,Pune,Pune(Moshi),Tomato,Local,FAQ,02/04/2024,800,1000,900,78
Maharashtra,Pune,Pune(Moshi),Tomato,Local,FAQ,20/04/2024,800,1000,900,78
Maharashtra,Pune,Pune(Moshi),Tomato,Local,FAQ,27/04/2024,500,1000,750,78
Maharashtra,Pune,Pune(Moshi),Tomato,Local,FAQ,13/01/2024,1000,2000,1500,78
Maharashtra,Pune,Pune(Moshi),Tomato,Local,FAQ,04/02/2024,2000,3000,2500,78
Maharashtra,Pune,Pune(Moshi),Tomato,Local,FAQ,19/02/2024,1000,2500,1750,78
Maharashtra,Pune,Pune(Moshi),Tomato,Local,FAQ,04/03/2024,800,1000,900,78
Maharashtra,Pune,Pune(Moshi),Tomato,Local,FAQ,09/03/2024,700,1000,850,78
Maharashtra,Pune,Pune(Moshi),Tomato,Local,FAQ,23/03/2024,500,1000,750,78
Maharashtra,Pune,Pune(Moshi),Tomato,Local,FAQ,06/04/2024,500,1000,750,78
Maharashtra,Pune,Pune(Moshi),Tomato,Local,FAQ,29/04/2024,800,1000,900,78
Maharashtra,Pune,Pune(Moshi),Tomato,Local,FAQ,05/10/2024,2000,3000,2500,78
Maharashtra,Pune,Pune(Moshi),Tomato,Local,FAQ,03/09/2024,1000,2000,1500,78
Maharashtra,Pune,Pune(Moshi),Tomato,Local,FAQ,06/09/2024,1000,1500,1250,78
Maharashtra,Pune,Pune(Moshi),Tomato,Local,FAQ,13/09/2024,1000,2000,1500,78
Maharashtra,Pune,Pune(Moshi),Tomato,Local,FAQ,15/09/2024,1000,1500,1250,78
Maharashtra,Pune,Pune(Moshi),Tomato,Local,FAQ,29/09/2024,1000,2000,1500,78
Maharashtra,Pune,Pune(Moshi),Tomato,Local,FAQ,10/11/2024,1500,2000,1750,78
Maharashtra,Pune,Pune(Moshi),Tomato,Local,FAQ,19/11/2024,1500,2500,2000,78
Maharashtra,Pune,Pune(Moshi),Tomato,Local,FAQ,24/11/2024,2000,3000,2500,78
Maharashtra,Pune,Pune(Moshi),Tomato,Local,FAQ,26/11/2024,1500,2000,1750,78
Maharashtra,Pune,Pune(Moshi),Tomato,Local,FAQ,28/11/2024,2000,3000,2500,78
Maharashtra,Pune,Pune(Moshi),Tomato,Local,FAQ,04/06/2024,2000,3000,2500,78
Maharashtra,Pune,Pune(Moshi),Tomato,Local,FAQ,13/06/2024,1800,3500,2650,78
Maharashtra,Pune,Pune(Moshi),Tomato,Local,FAQ,30/06/2024,3000,4000,3500,78
Maharashtra,Pune,Pune(Moshi),Tomato,Local,FAQ,17/10/2024,3000,4000,3500,78
Maharashtra,Pune,Pune(Moshi),Tomato,Local,FAQ,25/10/2024,1500,3000,2250,78
Maharashtra,Pune,Pune(Moshi),Tomato,Local,FAQ,01/08/2024,1000,2000,1500,78
Maharashtra,Pune,Pune(Moshi),Tomato,Local,FAQ,04/08/2024,1000,2000,1500,78
Maharashtra,Pune,Pune(Moshi),Tomato,Local,FAQ,13/08/2024,1000,2000,1500,78
Maharashtra,Pune,Pune(Moshi),Tomato,Local,FAQ,19/08/2024,1000,2000,1500,78
Maharashtra,Pune,Pune(Moshi),Tomato,Local,FAQ,26/08/2024,1000,2000,1500,78
Maharashtra,Pune,Pune(Moshi),Tomato,Local,Local,02/02/2025,500,1000,750,78
Maharashtra,Pune,Pune(Moshi),Tomato,Local,Local,04/02/2025,500,1000,750,78
Maharashtra,Pune,Pune(Moshi),Tomato,Local,Local,14/02/2025,700,1000,850,78
Maharashtra,Pune,Pune(Moshi),Tomato,Local,Local,22/02/2025,800,1200,1000,78
Maharashtra,Pune,Pune(Moshi),Tomato,Local,FAQ,04/01/2025,500,1000,750,78
Maharashtra,Pune,Pune(Moshi),Tomato,Local,FAQ,18/01/2025,800,1500,1150,78
Maharashtra,Pune,Pune(Moshi),Tomato,Local,FAQ,23/01/2025,500,1200,850,78
Maharashtra,Pune,Pune(Moshi),Tomato,Local,Local,10/04/2025,700,1000,850,78
Maharashtra,Pune,Pune(Moshi),Tomato,Local,Local,22/04/2025,700,1000,850,78
Maharashtra,Pune,Pune(Moshi),Tomato,Local,Local,02/05/2025,500,1000,750,78
Maharashtra,Pune,Pune(Moshi),Tomato,Local,Local,27/05/2025,1000,1500,1250,78
Maharashtra,Pune,Pune(Moshi),Tomato,Local,Local,31/05/2025,1000,2000,1500,78
Maharashtra,Pune,Pune(Moshi),Tomato,Local,Local,01/02/2025,700,1000,850,78
Maharashtra,Pune,Pune(Moshi),Tomato,Local,Local,09/02/2025,700,1000,850,78
Maharashtra,Pune,Pune(Moshi),Tomato,Local,Local,20/02/2025,800,1000,900,78
Maharashtra,Pune,Pune(Moshi),Tomato,Local,Local,23/02/2025,800,1000,900,78
Maharashtra,Pune,Pune(Moshi),Tomato,Local,FAQ,01/01/2022,1000,2000,1500,78
Maharashtra,Pune,Pune(Moshi),Tomato,Local,FAQ,02/01/2022,1000,2000,1500,78
Maharashtra,Pune,Pune(Moshi),Tomato,Local,FAQ,04/01/2022,700,1700,1200,78
Maharashtra,Pune,Pune(Moshi),Tomato,Local,FAQ,08/01/2022,800,1500,1150,78
Maharashtra,Pune,Pune(Moshi),Tomato,Local,FAQ,24/01/2022,1000,1600,1300,78
Maharashtra,Pune,Pune(Moshi),Tomato,Local,FAQ,25/01/2022,1000,1500,1250,78
Maharashtra,Pune,Pune(Moshi),Tomato,Local,FAQ,12/02/2022,1000,1500,1250,78
Maharashtra,Pune,Pune(Moshi),Tomato,Local,FAQ,13/02/2022,600,1500,1050,78
Maharashtra,Pune,Pune(Moshi),Tomato,Local,FAQ,06/03/2022,500,1000,750,78
Maharashtra,Pune,Pune(Moshi),Tomato,Local,FAQ,08/03/2022,600,1000,800,78
Maharashtra,Pune,Pune(Moshi),Tomato,Local,FAQ,13/03/2022,700,900,800,78
Maharashtra,Pune,Pune(Moshi),Tomato,Local,FAQ,22/03/2022,600,1000,800,78
Maharashtra,Pune,Pune(Moshi),Tomato,Local,FAQ,25/03/2022,500,700,600,78
Maharashtra,Pune,Pune(Moshi),Tomato,Local,FAQ,03/04/2022,800,1200,1000,78
Maharashtra,Pune,Pune(Moshi),Tomato,Local,FAQ,12/04/2022,500,700,600,78
Maharashtra,Pune,Pune(Moshi),Tomato,Local,FAQ,14/04/2022,500,1000,750,78
Maharashtra,Pune,Pune(Moshi),Tomato,Local,FAQ,16/04/2022,600,800,700,78
Maharashtra,Pune,Pune(Moshi),Tomato,Local,FAQ,19/04/2022,800,1500,1150,78
Maharashtra,Pune,Pune(Moshi),Tomato,Local,FAQ,21/04/2022,800,1400,1100,78
Maharashtra,Pune,Pune(Moshi),Tomato,Local,FAQ,25/04/2022,800,1200,1000,78
Maharashtra,Pune,Pune(Moshi),Tomato,Local,FAQ,05/05/2022,2000,4500,3250,78
Maharashtra,Pune,Pune(Moshi),Tomato,Local,FAQ,09/05/2022,3000,3500,3250,78
Maharashtra,Pune,Pune(Moshi),Tomato,Local,FAQ,15/05/2022,2000,3000,2500,78
Maharashtra,Pune,Pune(Moshi),Tomato,Local,FAQ,16/05/2022,2000,3500,2750,78
Maharashtra,Pune,Pune(Moshi),Tomato,Local,FAQ,17/05/2022,2500,4000,3250,78
Maharashtra,Pune,Pune(Moshi),Tomato,Local,FAQ,29/05/2022,2500,5000,3750,78
Maharashtra,Pune,Pune(Moshi),Tomato,Local,FAQ,31/05/2022,3000,4000,3500,78
Maharashtra,Pune,Pune(Moshi),Tomato,Local,FAQ,02/06/2022,2000,4500,3250,78
Maharashtra,Pune,Pune(Moshi),Tomato,Local,FAQ,09/06/2022,2000,4500,3250,78
Maharashtra,Pune,Pune(Moshi),Tomato,Local,FAQ,14/06/2022,3000,4500,3750,78
Maharashtra,Pune,Pune(Moshi),Tomato,Local,FAQ,17/06/2022,2000,3500,2750,78
Maharashtra,Pune,Pune(Moshi),Tomato,Local,FAQ,24/06/2022,2000,5000,3500,78
Maharashtra,Pune,Pune(Moshi),Tomato,Local,FAQ,27/06/2022,3500,4000,3750,78
Maharashtra,Pune,Pune(Moshi),Tomato,Local,FAQ,28/06/2022,1500,3500,2500,78
Maharashtra,Pune,Pune(Moshi),Tomato,Local,FAQ,03/07/2022,1000,2000,1500,78
Maharashtra,Pune,Pune(Moshi),Tomato,Local,FAQ,05/07/2022,800,3000,1900,78
Maharashtra,Pune,Pune(Moshi),Tomato,Local,FAQ,08/07/2022,1000,1500,1250,78
Maharashtra,Pune,Pune(Moshi),Tomato,Local,FAQ,17/07/2022,500,1400,950,78
Maharashtra,Pune,Pune(Moshi),Tomato,Local,FAQ,24/07/2022,800,1200,1000,78
Maharashtra,Pune,Pune(Moshi),Tomato,Local,FAQ,31/07/2022,700,2000,1350,78
Maharashtra,Pune,Pune(Moshi),Tomato,Local,FAQ,01/08/2022,700,1300,1000,78
Maharashtra,Pune,Pune(Moshi),Tomato,Local,FAQ,08/08/2022,600,1000,800,78
Maharashtra,Pune,Pune(Moshi),Tomato,Local,FAQ,20/08/2022,800,1000,900,78
Maharashtra,Pune,Pune(Moshi),Tomato,Local,FAQ,22/08/2022,700,1500,1100,78
Maharashtra,Pune,Pune(Moshi),Tomato,Local,FAQ,23/08/2022,800,1200,1000,78
Maharashtra,Pune,Pune(Moshi),Tomato,Local,FAQ,25/08/2022,500,1000,750,78
Maharashtra,Pune,Pune(Moshi),Tomato,Local,FAQ,28/08/2022,800,1200,1000,78
Maharashtra,Pune,Pune(Moshi),Tomato,Local,FAQ,30/08/2022,1000,1500,1250,78
Maharashtra,Pune,Pune(Moshi),Tomato,Local,FAQ,08/09/2022,700,1200,950,78
Maharashtra,Pune,Pune(Moshi),Tomato,Local,FAQ,18/09/2022,600,1500,1050,78
Maharashtra,Pune,Pune(Moshi),Tomato,Local,FAQ,01/10/2022,1000,1500,1250,78
Maharashtra,Pune,Pune(Moshi),Tomato,Local,FAQ,07/10/2022,1500,2200,1850,78
Maharashtra,Pune,Pune(Moshi),Tomato,Local,FAQ,08/10/2022,1000,2500,1750,78
Maharashtra,Pune,Pune(Moshi),Tomato,Local,FAQ,10/10/2022,1000,2000,1500,78
Maharashtra,Pune,Pune(Moshi),Tomato,Local,FAQ,20/10/2022,2000,3000,2500,78
Maharashtra,Pune,Pune(Moshi),Tomato,Local,FAQ,22/10/2022,1500,2500,2000,78
Maharashtra,Pune,Pune(Moshi),Tomato,Local,FAQ,24/10/2022,1000,2500,1750,78
Maharashtra,Pune,Pune(Moshi),Tomato,Local,FAQ,29/10/2022,1500,2000,1750,78
Maharashtra,Pune,Pune(Moshi),Tomato,Local,FAQ,01/11/2022,1000,2500,1750,78
Maharashtra,Pune,Pune(Moshi),Tomato,Local,FAQ,03/11/2022,1000,1200,1100,78
Maharashtra,Pune,Pune(Moshi),Tomato,Local,FAQ,13/11/2022,700,1200,950,78
Maharashtra,Pune,Pune(Moshi),Tomato,Local,FAQ,18/11/2022,500,1000,750,78
Maharashtra,Pune,Pune(Moshi),Tomato,Local,FAQ,24/11/2022,500,1000,750,78
Maharashtra,Pune,Pune(Moshi),Tomato,Local,FAQ,26/11/2022,400,1000,700,78
Maharashtra,Pune,Pune(Moshi),Tomato,Local,FAQ,27/11/2022,500,1000,750,78
Maharashtra,Pune,Pune(Moshi),Tomato,Local,FAQ,01/12/2022,300,700,500,78
Maharashtra,Pune,Pune(Moshi),Tomato,Local,FAQ,12/12/2022,400,600,500,78
Maharashtra,Pune,Pune(Moshi),Tomato,Local,FAQ,18/12/2022,500,700,600,78
Maharashtra,Pune,Pune(Moshi),Tomato,Local,FAQ,19/12/2022,400,800,600,78
Maharashtra,Pune,Pune(Moshi),Tomato,Local,FAQ,20/12/2022,400,800,600,78
Maharashtra,Pune,Pune(Moshi),Tomato,Local,FAQ,22/12/2022,200,700,450,78
Maharashtra,Pune,Pune(Moshi),Tomato,Local,FAQ,23/12/2022,500,700,600,78
Maharashtra,Pune,Pune(Moshi),Tomato,Local,Local,07/03/2025,1000,1000,1000,78
Maharashtra,Pune,Pune(Moshi),Tomato,Local,Local,10/03/2025,800,1000,900,78
Maharashtra,Pune,Pune(Moshi),Tomato,Local,Local,15/03/2025,500,1000,750,78
Maharashtra,Pune,Pune(Moshi),Tomato,Local,Local,23/03/2025,700,1000,850,78
Maharashtra,Pune,Pune(Moshi),Tomato,Local,Local,29/03/2025,600,1000,800,78
Maharashtra,Pune,Pune(Moshi),Tomato,Local,FAQ,14/01/2025,1000,2000,1500,78
Maharashtra,Pune,Pune(Moshi),Tomato,Local,Local,27/01/2025,800,1000,900,78
Maharashtra,Pune,Pune(Moshi),Tomato,Local,FAQ,02/01/2023,600,8000,7000,78
Maharashtra,Pune,Pune(Moshi),Tomato,Local,FAQ,03/01/2023,500,700,600,78
Maharashtra,Pune,Pune(Moshi),Tomato,Local,FAQ,14/01/2023,500,700,600,78
Maharashtra,Pune,Pune(Moshi),Tomato,Local,FAQ,19/01/2023,700,1200,950,78
Maharashtra,Pune,Pune(Moshi),Tomato,Local,FAQ,22/01/2023,500,1000,750,78
Maharashtra,Pune,Pune(Moshi),Tomato,Local,FAQ,04/02/2023,500,700,600,78
Maharashtra,Pune,Pune(Moshi),Tomato,Local,FAQ,06/02/2023,700,1000,850,78
Maharashtra,Pune,Pune(Moshi),Tomato,Local,FAQ,16/02/2023,700,1500,1100,78
Maharashtra,Pune,Pune(Moshi),Tomato,Local,FAQ,04/03/2023,1000,1500,1250,78
Maharashtra,Pune,Pune(Moshi),Tomato,Local,FAQ,18/03/2023,800,1500,1150,78
Maharashtra,Pune,Pune(Moshi),Tomato,Local,FAQ,19/03/2023,200,1500,850,78
Maharashtra,Pune,Pune(Moshi),Tomato,Local,FAQ,21/03/2023,10,1200,1100,78
Maharashtra,Pune,Pune(Moshi),Tomato,Local,FAQ,24/03/2023,500,1400,950,78
Maharashtra,Pune,Pune(Moshi),Tomato,Local,FAQ,25/03/2023,800,1400,1100,78
Maharashtra,Pune,Pune(Moshi),Tomato,Local,FAQ,28/03/2023,1000,1200,1100,78
Maharashtra,Pune,Pune(Moshi),Tomato,Local,FAQ,30/03/2023,600,1500,1050,78
Maharashtra,Pune,Pune(Moshi),Tomato,Local,FAQ,18/04/2023,800,1000,900,78
Maharashtra,Pune,Pune(Moshi),Tomato,Local,FAQ,22/04/2023,500,800,650,78
Maharashtra,Pune,Pune(Moshi),Tomato,Local,FAQ,30/04/2023,500,1000,750,78
Maharashtra,Pune,Pune(Moshi),Tomato,Local,FAQ,16/05/2023,500,600,550,78
Maharashtra,Pune,Pune(Moshi),Tomato,Local,FAQ,18/05/2023,300,700,500,78
Maharashtra,Pune,Pune(Moshi),Tomato,Local,FAQ,30/05/2023,200,700,450,78
Maharashtra,Pune,Pune(Moshi),Tomato,Local,FAQ,10/06/2023,1000,1400,1200,78
Maharashtra,Pune,Pune(Moshi),Tomato,Local,FAQ,26/06/2023,4000,5000,4500,78
Maharashtra,Pune,Pune(Moshi),Tomato,Local,FAQ,29/06/2023,3000,4000,3500,78
Maharashtra,Pune,Pune(Moshi),Tomato,Local,FAQ,01/07/2023,4000,6000,5000,78
Maharashtra,Pune,Pune(Moshi),Tomato,Local,FAQ,23/07/2023,5000,8000,6500,78
Maharashtra,Pune,Pune(Moshi),Tomato,Local,FAQ,25/07/2023,6000,8000,7000,78
Maharashtra,Pune,Pune(Moshi),Tomato,Local,FAQ,07/08/2023,5000,10000,7500,78
Maharashtra,Pune,Pune(Moshi),Tomato,Local,FAQ,13/08/2023,4000,6000,5000,78
Maharashtra,Pune,Pune(Moshi),Tomato,Local,FAQ,18/08/2023,2500,3500,3000,78
Maharashtra,Pune,Pune(Moshi),Tomato,Local,FAQ,26/08/2023,1000,1000,1000,78
Maharashtra,Pune,Pune(Moshi),Tomato,Local,FAQ,04/09/2023,1000,1500,1250,78
Maharashtra,Pune,Pune(Moshi),Tomato,Local,FAQ,11/09/2023,600,1000,800,78
Maharashtra,Pune,Pune(Moshi),Tomato,Local,FAQ,14/09/2023,500,700,600,78
Maharashtra,Pune,Pune(Moshi),Tomato,Local,FAQ,23/09/2023,400,5000,450,78
Maharashtra,Pune,Pune(Moshi),Tomato,Local,FAQ,26/09/2023,700,800,750,78
Maharashtra,Pune,Pune(Moshi),Tomato,Local,FAQ,17/10/2023,300,7000,500,78
Maharashtra,Pune,Pune(Moshi),Tomato,Local,FAQ,19/10/2023,400,6000,5000,78
Maharashtra,Pune,Pune(Moshi),Tomato,Local,FAQ,21/10/2023,500,700,600,78
Maharashtra,Pune,Pune(Moshi),Tomato,Local,FAQ,24/10/2023,400,1000,700,78
Maharashtra,Pune,Pune(Moshi),Tomato,Local,FAQ,09/11/2023,500,1400,950,78
Maharashtra,Pune,Pune(Moshi),Tomato,Local,FAQ,20/11/2023,1000,2500,1750,78
Maharashtra,Pune,Pune(Moshi),Tomato,Local,FAQ,25/11/2023,1500,3000,2250,78
Maharashtra,Pune,Pune(Moshi),Tomato,Local,FAQ,05/12/2023,1500,2000,1750,78
Maharashtra,Pune,Pune(Moshi),Tomato,Local,FAQ,07/12/2023,1500,3000,2250,78
Maharashtra,Pune,Pune(Moshi),Tomato,Local,FAQ,28/12/2023,1200,2000,1600,78
Maharashtra,Pune,Pune(Moshi),Tomato,Local,FAQ,21/02/2021,200,1000,600,78
Maharashtra,Pune,Pune(Moshi),Tomato,Local,FAQ,27/02/2021,400,800,600,78
Maharashtra,Pune,Pune(Moshi),Tomato,Local,FAQ,28/02/2021,500,700,600,78
Maharashtra,Pune,Pune(Moshi),Tomato,Local,FAQ,03/04/2021,500,1000,750,78
Maharashtra,Pune,Pune(Moshi),Tomato,Local,FAQ,23/04/2021,300,700,500,78
Maharashtra,Pune,Pune(Moshi),Tomato,Local,FAQ,07/05/2021,300,700,500,78
Maharashtra,Pune,Pune(Moshi),Tomato,Local,FAQ,11/05/2021,400,600,500,78
Maharashtra,Pune,Pune(Moshi),Tomato,Local,FAQ,12/05/2021,400,1000,700,78
Maharashtra,Pune,Pune(Moshi),Tomato,Local,FAQ,21/05/2021,500,700,600,78
Maharashtra,Pune,Pune(Moshi),Tomato,Local,FAQ,28/05/2021,300,700,500,78
Maharashtra,Pune,Pune(Moshi),Tomato,Local,FAQ,14/06/2021,400,600,500,78
Maharashtra,Pune,Pune(Moshi),Tomato,Local,FAQ,18/06/2021,500,800,650,78
Maharashtra,Pune,Pune(Moshi),Tomato,Local,FAQ,25/06/2021,500,1000,750,78
Maharashtra,Pune,Pune(Moshi),Tomato,Local,FAQ,28/06/2021,200,1000,800,78
Maharashtra,Pune,Pune(Moshi),Tomato,Local,FAQ,02/07/2021,500,700,600,78
Maharashtra,Pune,Pune(Moshi),Tomato,Local,FAQ,04/07/2021,300,600,450,78
Maharashtra,Pune,Pune(Moshi),Tomato,Local,FAQ,05/07/2021,400,500,450,78
Maharashtra,Pune,Pune(Moshi),Tomato,Local,FAQ,27/07/2021,700,900,800,78
Maharashtra,Pune,Pune(Moshi),Tomato,Local,FAQ,29/07/2021,500,1000,750,78
Maharashtra,Pune,Pune(Moshi),Tomato,Local,FAQ,06/08/2021,500,900,700,78
Maharashtra,Pune,Pune(Moshi),Tomato,Local,FAQ,13/08/2021,400,700,550,78
Maharashtra,Pune,Pune(Moshi),Tomato,Local,FAQ,26/08/2021,300,600,450,78
Maharashtra,Pune,Pune(Moshi),Tomato,Local,FAQ,27/08/2021,300,500,400,78
Maharashtra,Pune,Pune(Moshi),Tomato,Local,FAQ,16/09/2021,500,800,650,78
Maharashtra,Pune,Pune(Moshi),Tomato,Local,FAQ,23/09/2021,1000,1300,1150,78
Maharashtra,Pune,Pune(Moshi),Tomato,Local,FAQ,26/09/2021,500,1500,1000,78
Maharashtra,Pune,Pune(Moshi),Tomato,Local,FAQ,27/09/2021,700,1500,1100,78
Maharashtra,Pune,Pune(Moshi),Tomato,Local,FAQ,01/10/2021,1000,1500,1250,78
Maharashtra,Pune,Pune(Moshi),Tomato,Local,FAQ,04/10/2021,1800,2700,2250,78
Maharashtra,Pune,Pune(Moshi),Tomato,Local,FAQ,09/10/2021,1000,2500,1750,78
Maharashtra,Pune,Pune(Moshi),Tomato,Local,FAQ,22/10/2021,1000,3000,2000,78
Maharashtra,Pune,Pune(Moshi),Tomato,Local,FAQ,23/10/2021,1000,3000,2000,78
Maharashtra,Pune,Pune(Moshi),Tomato,Local,FAQ,25/10/2021,1500,2000,1750,78
Maharashtra,Pune,Pune(Moshi),Tomato,Local,FAQ,28/10/2021,1800,3000,2400,78
Maharashtra,Pune,Pune(Moshi),Tomato,Local,FAQ,07/11/2021,2200,3500,2850,78
Maharashtra,Pune,Pune(Moshi),Tomato,Local,FAQ,08/11/2021,1000,3000,2000,78
Maharashtra,Pune,Pune(Moshi),Tomato,Local,FAQ,20/11/2021,2000,3000,2500,78
Maharashtra,Pune,Pune(Moshi),Tomato,Local,FAQ,06/12/2021,2000,3000,2500,78
Maharashtra,Pune,Pune(Moshi),Tomato,Local,FAQ,12/12/2021,1000,2500,1750,78
Maharashtra,Pune,Pune(Moshi),Tomato,Local,FAQ,18/12/2021,1000,1800,1400,78
Maharashtra,Pune,Pune(Moshi),Tomato,Local,FAQ,20/12/2021,1000,2000,1500,78
Maharashtra,Pune,Pune(Moshi),Tomato,Local,FAQ,26/12/2021,1000,1500,1250,78
Maharashtra,Pune,Pune(Moshi),Tomato,Local,Local,26/08/2025,1000,2000,1500,78
Maharashtra,Pune,Pune(Moshi),Tomato,Local,Local,14/06/2025,1500,2500,2000,78
Maharashtra,Pune,Pune(Moshi),Tomato,Local,Local,24/06/2025,1500,2000,1750,78
Maharashtra,Pune,Pune(Moshi),Tomato,Local,Local,01/06/2025,2000,3000,2500,78
Maharashtra,Pune,Pune(Moshi),Tomato,Local,Local,02/06/2025,2000,3000,2500,78
Maharashtra,Pune,Pune(Moshi),Tomato,Local,Local,17/06/2025,1000,1500,1250,78
Maharashtra,Pune,Pune(Moshi),Tomato,Local,Local,22/06/2025,500,2000,1250,78
Maharashtra,Pune,Pune(Moshi),Tomato,Local,Local,30/06/2025,1000,1500,1250,78
Maharashtra,Pune,Pune(Moshi),Tomato,Local,Local,19/06/2025,1000,2000,1500,78
Maharashtra,Pune,Pune(Moshi),Tomato,Local,Local,27/06/2025,1000,2000,1500,78
Maharashtra,Pune,Pune(Moshi),Tomato,Local,Local,04/07/2025,1000,1500,1250,78
Maharashtra,Pune,Pune(Moshi),Tomato,Local,Local,05/07/2025,1000,2000,1500,78
Maharashtra,Pune,Pune(Moshi),Tomato,Local,Local,06/07/2025,1200,2000,1600,78
Maharashtra,Pune,Pune(Moshi),Tomato,Local,Local,08/07/2025,1000,2000,1500,78
Maharashtra,Pune,Pune(Moshi),Tomato,Local,Local,12/07/2025,1000,2000,1500,78
Maharashtra,Pune,Pune(Moshi),Tomato,Local,Local,19/07/2025,500,1500,1000,78
Maharashtra,Pune,Pune(Moshi),Tomato,Local,Local,22/07/2025,1500,2000,1750,78
Maharashtra,Pune,Pune(Moshi),Tomato,Local,Local,24/07/2025,2000,3500,2750,78
Maharashtra,Pune,Pune(Moshi),Tomato,Local,Local,11/09/2025,800,1200,1000,78
Maharashtra,Pune,Pune(Moshi),Tomato,Local,Local,16/09/2025,500,1000,750,78
Maharashtra,Pune,Pune(Moshi),Tomato,Local,Local,28/09/2025,1000,1500,1250,78
Maharashtra,Pune,Pune(Moshi),Tomato,Local,Local,03/11/2025,1000,1500,1250,78
Maharashtra,Pune,Pune(Moshi),Tomato,Local,Local,04/11/2025,700,1500,1100,78
Maharashtra,Pune,Pune(Moshi),Tomato,Local,Local,10/10/2025,1000,2000,1500,78
Maharashtra,Pune,Pune(Moshi),Tomato,Local,Local,21/10/2025,1000,1500,1250,78
Maharashtra,Pune,Pune(Moshi),Tomato,Local,FAQ,23/02/2021,300,1000,650,78
Maharashtra,Pune,Pune(Moshi),Tomato,Local,FAQ,26/02/2021,300,1000,650,78
Maharashtra,Pune,Pune(Moshi),Tomato,Local,FAQ,06/03/2021,200,1000,600,78
Maharashtra,Pune,Pune(Moshi),Tomato,Local,FAQ,23/03/2021,400,600,500,78
Maharashtra,Pune,Pune(Moshi),Tomato,Local,FAQ,08/04/2021,400,800,600,78
Maharashtra,Pune,Pune(Moshi),Tomato,Local,FAQ,16/04/2021,500,1000,750,78
Maharashtra,Pune,Pune(Moshi),Tomato,Local,FAQ,19/04/2021,300,800,550,78
Maharashtra,Pune,Pune(Moshi),Tomato,Local,FAQ,29/04/2021,300,700,500,78
Maharashtra,Pune,Pune(Moshi),Tomato,Local,FAQ,10/05/2021,500,1000,750,78
Maharashtra,Pune,Pune(Moshi),Tomato,Local,FAQ,14/05/2021,500,1000,750,78
Maharashtra,Pune,Pune(Moshi),Tomato,Local,FAQ,17/05/2021,300,1000,650,78
Maharashtra,Pune,Pune(Moshi),Tomato,Local,FAQ,18/05/2021,500,800,650,78
Maharashtra,Pune,Pune(Moshi),Tomato,Local,FAQ,19/05/2021,300,500,400,78
Maharashtra,Pune,Pune(Moshi),Tomato,Local,FAQ,24/05/2021,300,600,450,78
Maharashtra,Pune,Pune(Moshi),Tomato,Local,FAQ,30/05/2021,300,600,450,78
Maharashtra,Pune,Pune(Moshi),Tomato,Local,FAQ,01/06/2021,600,1000,800,78
Maharashtra,Pune,Pune(Moshi),Tomato,Local,FAQ,05/06/2021,300,700,500,78
Maharashtra,Pune,Pune(Moshi),Tomato,Local,FAQ,21/06/2021,300,500,400,78
Maharashtra,Pune,Pune(Moshi),Tomato,Local,FAQ,27/06/2021,500,700,600,78
Maharashtra,Pune,Pune(Moshi),Tomato,Local,FAQ,03/07/2021,300,700,500,78
Maharashtra,Pune,Pune(Moshi),Tomato,Local,FAQ,08/07/2021,500,700,600,78
Maharashtra,Pune,Pune(Moshi),Tomato,Local,FAQ,10/07/2021,300,1000,650,78
Maharashtra,Pune,Pune(Moshi),Tomato,Local,FAQ,16/07/2021,400,700,550,78
Maharashtra,Pune,Pune(Moshi),Tomato,Local,FAQ,25/07/2021,600,1000,800,78
Maharashtra,Pune,Pune(Moshi),Tomato,Local,FAQ,26/07/2021,500,1000,750,78
Maharashtra,Pune,Pune(Moshi),Tomato,Local,FAQ,08/08/2021,300,1000,650,78
Maharashtra,Pune,Pune(Moshi),Tomato,Local,FAQ,14/08/2021,300,1000,650,78
Maharashtra,Pune,Pune(Moshi),Tomato,Local,FAQ,19/08/2021,200,600,400,78
Maharashtra,Pune,Pune(Moshi),Tomato,Local,FAQ,21/08/2021,300,700,500,78
Maharashtra,Pune,Pune(Moshi),Tomato,Local,FAQ,02/09/2021,300,500,400,78
Maharashtra,Pune,Pune(Moshi),Tomato,Local,FAQ,05/09/2021,400,600,500,78
Maharashtra,Pune,Pune(Moshi),Tomato,Local,FAQ,17/09/2021,400,800,600,78
Maharashtra,Pune,Pune(Moshi),Tomato,Local,FAQ,10/10/2021,2000,3000,2500,78
Maharashtra,Pune,Pune(Moshi),Tomato,Local,FAQ,11/10/2021,1500,2500,2000,78
Maharashtra,Pune,Pune(Moshi),Tomato,Local,FAQ,24/10/2021,1500,2500,2000,78
Maharashtra,Pune,Pune(Moshi),Tomato,Local,FAQ,30/10/2021,3000,4000,3500,78
Maharashtra,Pune,Pune(Moshi),Tomato,Local,FAQ,01/11/2021,1500,4000,2750,78
Maharashtra,Pune,Pune(Moshi),Tomato,Local,FAQ,05/11/2021,2000,2000,2000,78
Maharashtra,Pune,Pune(Moshi),Tomato,Local,FAQ,12/11/2021,1600,2500,2050,78
Maharashtra,Pune,Pune(Moshi),Tomato,Local,FAQ,23/11/2021,3000,3500,3250,78
Maharashtra,Pune,Pune(Moshi),Tomato,Local,FAQ,27/11/2021,2000,2500,2250,78
Maharashtra,Pune,Pune(Moshi),Tomato,Local,FAQ,30/11/2021,2000,3500,2750,78
Maharashtra,Pune,Pune(Moshi),Tomato,Local,FAQ,07/12/2021,2000,3500,2750,78
Maharashtra,Pune,Pune(Moshi),Tomato,Local,FAQ,09/12/2021,2000,3000,2500,78
Maharashtra,Pune,Pune(Moshi),Tomato,Local,FAQ,13/12/2021,1800,2500,2150,78
Maharashtra,Pune,Pune(Moshi),Tomato,Local,FAQ,17/12/2021,1000,2500,1750,78
Maharashtra,Pune,Pune(Moshi),Tomato,Local,FAQ,24/12/2021,1000,2500,1750,78
Maharashtra,Pune,Pune(Moshi),Tomato,Local,FAQ,28/12/2021,1500,2200,1850,78
Maharashtra,Pune,Pune(Moshi),Tomato,Local,FAQ,31/12/2021,2000,2500,2250,78
Maharashtra,Pune,Pune(Moshi),Tomato,Local,FAQ,08/01/2024,1000,1500,1250,78
Maharashtra,Pune,Pune(Moshi),Tomato,Local,FAQ,16/01/2024,1000,1500,1250,78
Maharashtra,Pune,Pune(Moshi),Tomato,Local,FAQ,20/01/2024,800,1200,1000,78
Maharashtra,Pune,Pune(Moshi),Tomato,Local,FAQ,21/01/2024,1000,1500,1250,78
Maharashtra,Pune,Pune(Moshi),Tomato,Local,FAQ,22/01/2024,1000,1500,1250,78
Maharashtra,Pune,Pune(Moshi),Tomato,Local,FAQ,23/01/2024,1000,2000,1500,78
Maharashtra,Pune,Pune(Moshi),Tomato,Local,FAQ,27/01/2024,1500,2000,1750,78
Maharashtra,Pune,Pune(Moshi),Tomato,Local,FAQ,28/01/2024,2000,2500,2250,78
Maharashtra,Pune,Pune(Moshi),Tomato,Local,FAQ,02/02/2024,2000,2500,2250,78
Maharashtra,Pune,Pune(Moshi),Tomato,Local,FAQ,10/02/2024,1500,2000,1750,78
Maharashtra,Pune,Pune(Moshi),Tomato,Local,FAQ,22/02/2024,1000,1500,1250,78
Maharashtra,Pune,Pune(Moshi),Tomato,Local,FAQ,23/02/2024,700,1000,850,78
Maharashtra,Pune,Pune(Moshi),Tomato,Local,FAQ,25/02/2024,1000,1500,1250,78
Maharashtra,Pune,Pune(Moshi),Tomato,Local,FAQ,26/02/2024,1000,1500,1250,78
Maharashtra,Pune,Pune(Moshi),Tomato,Local,FAQ,27/02/2024,1000,1500,1250,78
Maharashtra,Pune,Pune(Moshi),Tomato,Local,FAQ,02/03/2024,800,1000,900,78
Maharashtra,Pune,Pune(Moshi),Tomato,Local,FAQ,15/03/2024,50,1000,525,78
Maharashtra,Pune,Pune(Moshi),Tomato,Local,FAQ,17/03/2024,1000,1200,1100,78
Maharashtra,Pune,Pune(Moshi),Tomato,Local,FAQ,19/03/2024,500,1000,750,78
Maharashtra,Pune,Pune(Moshi),Tomato,Local,FAQ,28/03/2024,700,1000,850,78
Maharashtra,Pune,Pune(Moshi),Tomato,Local,FAQ,09/04/2024,500,1000,750,78
Maharashtra,Pune,Pune(Moshi),Tomato,Local,FAQ,13/04/2024,800,1000,900,78
Maharashtra,Pune,Pune(Moshi),Tomato,Local,FAQ,15/04/2024,800,1000,900,78
Maharashtra,Pune,Pune(Moshi),Tomato,Local,FAQ,28/04/2024,500,1000,750,78
Maharashtra,Pune,Pune(Moshi),Tomato,Local,FAQ,07/06/2024,1500,2000,1750,78
Maharashtra,Pune,Pune(Moshi),Tomato,Local,FAQ,11/06/2024,2000,2500,2250,78
Maharashtra,Pune,Pune(Moshi),Tomato,Local,FAQ,14/06/2024,2500,4000,3250,78
Maharashtra,Pune,Pune(Moshi),Tomato,Local,FAQ,15/06/2024,3000,3500,3250,78
Maharashtra,Pune,Pune(Moshi),Tomato,Local,FAQ,18/06/2024,2500,4000,3250,78
Maharashtra,Pune,Pune(Moshi),Tomato,Local,FAQ,27/06/2024,2500,4500,3500,78
Maharashtra,Pune,Pune(Moshi),Tomato,Local,FAQ,05/05/2024,800,1000,900,78
Maharashtra,Pune,Pune(Moshi),Tomato,Local,FAQ,06/05/2024,800,1000,900,78
Maharashtra,Pune,Pune(Moshi),Tomato,Local,FAQ,07/05/2024,800,1000,900,78
Maharashtra,Pune,Pune(Moshi),Tomato,Local,FAQ,26/05/2024,1000,1500,1250,78
Maharashtra,Pune,Pune(Moshi),Tomato,Local,FAQ,27/05/2024,800,1500,1150,78
Maharashtra,Pune,Pune(Moshi),Tomato,Local,FAQ,31/05/2024,1000,1500,1250,78
Maharashtra,Pune,Pune(Moshi),Tomato,Local,FAQ,07/01/2025,800,1000,900,78
Maharashtra,Pune,Pune(Moshi),Tomato,Local,FAQ,21/01/2025,700,1000,850,78
Maharashtra,Pune,Pune(Moshi),Tomato,Local,FAQ,05/01/2025,1000,1500,1250,78
Maharashtra,Pune,Pune(Moshi),Tomato,Local,FAQ,09/01/2025,1000,2000,1500,78
Maharashtra,Pune,Pune(Moshi),Tomato,Local,FAQ,19/01/2025,400,600,500,78
Maharashtra,Pune,Pune(Moshi),Tomato,Local,FAQ,25/01/2025,300,1000,650,78
Maharashtra,Pune,Pune(Moshi),Tomato,Local,Local,28/01/2025,800,1000,900,78
Maharashtra,Pune,Pune(Moshi),Tomato,Local,Local,07/02/2025,400,1000,700,78
Maharashtra,Pune,Pune(Moshi),Tomato,Local,Local,08/02/2025,700,1000,850,78
Maharashtra,Pune,Pune(Moshi),Tomato,Local,Local,17/02/2025,600,1000,800,78
Maharashtra,Pune,Pune(Moshi),Tomato,Local,FAQ,02/09/2024,2000,2000,2000,78
Maharashtra,Pune,Pune(Moshi),Tomato,Local,FAQ,10/09/2024,1000,2000,1500,78
Maharashtra,Pune,Pune(Moshi),Tomato,Local,FAQ,20/09/2024,1500,2000,1750,78
Maharashtra,Pune,Pune(Moshi),Tomato,Local,FAQ,08/09/2024,1000,2000,1500,78
Maharashtra,Pune,Pune(Moshi),Tomato,Local,FAQ,15/10/2024,3000,4000,3500,78
Maharashtra,Pune,Pune(Moshi),Tomato,Local,FAQ,01/01/2023,700,1000,850,78
Maharashtra,Pune,Pune(Moshi),Tomato,Local,FAQ,06/01/2023,500,3000,1750,78
Maharashtra,Pune,Pune(Moshi),Tomato,Local,FAQ,15/01/2023,1000,1800,1400,78
Maharashtra,Pune,Pune(Moshi),Tomato,Local,FAQ,20/01/2023,600,1200,900,78
Maharashtra,Pune,Pune(Moshi),Tomato,Local,FAQ,13/02/2023,500,800,650,78
Maharashtra,Pune,Pune(Moshi),Tomato,Local,FAQ,14/02/2023,1000,1500,1250,78
Maharashtra,Pune,Pune(Moshi),Tomato,Local,FAQ,20/02/2023,600,1000,800,78
Maharashtra,Pune,Pune(Moshi),Tomato,Local,FAQ,16/03/2023,800,1200,1000,78
Maharashtra,Pune,Pune(Moshi),Tomato,Local,FAQ,03/04/2023,1000,1200,1100,78
Maharashtra,Pune,Pune(Moshi),Tomato,Local,FAQ,07/04/2023,400,1000,700,78
Maharashtra,Pune,Pune(Moshi),Tomato,Local,FAQ,15/04/2023,500,1000,750,78
Maharashtra,Pune,Pune(Moshi),Tomato,Local,FAQ,17/04/2023,500,1000,750,78
Maharashtra,Pune,Pune(Moshi),Tomato,Local,FAQ,27/04/2023,700,1000,850,78
Maharashtra,Pune,Pune(Moshi),Tomato,Local,FAQ,28/04/2023,700,1000,850,78
Maharashtra,Pune,Pune(Moshi),Tomato,Local,FAQ,06/05/2023,500,1000,750,78
Maharashtra,Pune,Pune(Moshi),Tomato,Local,FAQ,09/05/2023,300,700,500,78
Maharashtra,Pune,Pune(Moshi),Tomato,Local,FAQ,11/05/2023,400,700,550,78
Maharashtra,Pune,Pune(Moshi),Tomato,Local,FAQ,13/05/2023,400,700,550,78
Maharashtra,Pune,Pune(Moshi),Tomato,Local,FAQ,15/05/2023,500,800,650,78
Maharashtra,Pune,Pune(Moshi),Tomato,Local,FAQ,21/05/2023,300,7000,500,78
Maharashtra,Pune,Pune(Moshi),Tomato,Local,FAQ,02/06/2023,500,700,600,78
Maharashtra,Pune,Pune(Moshi),Tomato,Local,FAQ,15/06/2023,1000,2500,1750,78
Maharashtra,Pune,Pune(Moshi),Tomato,Local,FAQ,22/06/2023,3000,3500,3250,78
Maharashtra,Pune,Pune(Moshi),Tomato,Local,FAQ,23/06/2023,3000,3500,3250,78
Maharashtra,Pune,Pune(Moshi),Tomato,Local,FAQ,25/06/2023,3000,4000,3500,78
Maharashtra,Pune,Pune(Moshi),Tomato,Local,FAQ,02/07/2023,4000,7000,5500,78
Maharashtra,Pune,Pune(Moshi),Tomato,Local,FAQ,04/07/2023,5000,8000,6500,78
Maharashtra,Pune,Pune(Moshi),Tomato,Local,FAQ,11/07/2023,5000,8000,6500,78
Maharashtra,Pune,Pune(Moshi),Tomato,Local,FAQ,13/07/2023,5000,9000,7000,78
Maharashtra,Pune,Pune(Moshi),Tomato,Local,FAQ,18/07/2023,6000,8000,7000,78
Maharashtra,Pune,Pune(Moshi),Tomato,Local,FAQ,27/07/2023,4000,8000,6000,78
Maharashtra,Pune,Pune(Moshi),Tomato,Local,FAQ,31/07/2023,900,8500,4700,78
Maharashtra,Pune,Pune(Moshi),Tomato,Local,FAQ,08/08/2023,5000,9000,7000,78
Maharashtra,Pune,Pune(Moshi),Tomato,Local,FAQ,14/08/2023,4000,5000,4500,78
Maharashtra,Pune,Pune(Moshi),Tomato,Local,FAQ,17/08/2023,4000,5000,4500,78
Maharashtra,Pune,Pune(Moshi),Tomato,Local,FAQ,20/08/2023,1000,2000,1500,78
Maharashtra,Pune,Pune(Moshi),Tomato,Local,FAQ,24/08/2023,2500,3000,2750,78
Maharashtra,Pune,Pune(Moshi),Tomato,Local,FAQ,25/08/2023,1000,12000,1100,78
Maharashtra,Pune,Pune(Moshi),Tomato,Local,FAQ,27/08/2023,1000,2000,1500,78
Maharashtra,Pune,Pune(Moshi),Tomato,Local,FAQ,28/08/2023,800,2000,1400,78
Maharashtra,Pune,Pune(Moshi),Tomato,Local,FAQ,01/09/2023,500,1500,1000,78
Maharashtra,Pune,Pune(Moshi),Tomato,Local,FAQ,15/09/2023,500,800,650,78
Maharashtra,Pune,Pune(Moshi),Tomato,Local,FAQ,18/09/2023,500,700,600,78
Maharashtra,Pune,Pune(Moshi),Tomato,Local,FAQ,19/09/2023,500,600,550,78
Maharashtra,Pune,Pune(Moshi),Tomato,Local,FAQ,22/09/2023,300,700,500,78
Maharashtra,Pune,Pune(Moshi),Tomato,Local,FAQ,01/10/2023,500,1000,750,78
Maharashtra,Pune,Pune(Moshi),Tomato,Local,FAQ,03/11/2023,700,800,750,78
Maharashtra,Pune,Pune(Moshi),Tomato,Local,FAQ,04/11/2023,500,1200,850,78
Maharashtra,Pune,Pune(Moshi),Tomato,Local,FAQ,10/11/2023,800,1200,1000,78
Maharashtra,Pune,Pune(Moshi),Tomato,Local,FAQ,11/11/2023,1000,15000,1250,78
Maharashtra,Pune,Pune(Moshi),Tomato,Local,FAQ,16/11/2023,800,2500,1650,78
Maharashtra,Pune,Pune(Moshi),Tomato,Local,FAQ,17/11/2023,2000,2400,2200,78
Maharashtra,Pune,Pune(Moshi),Tomato,Local,FAQ,30/11/2023,1500,3000,2250,78
Maharashtra,Pune,Pune(Moshi),Tomato,Local,FAQ,10/12/2023,1000,2000,1500,78
Maharashtra,Pune,Pune(Moshi),Tomato,Local,FAQ,17/12/2023,800,1000,900,78
Maharashtra,Pune,Pune(Moshi),Tomato,Local,FAQ,18/12/2023,1000,2000,1500,78
Maharashtra,Pune,Pune(Moshi),Tomato,Local,Local,01/03/2025,800,1000,900,78
Maharashtra,Pune,Pune(Moshi),Tomato,Local,Local,06/03/2025,700,1000,850,78
Maharashtra,Pune,Pune(Moshi),Tomato,Local,Local,08/03/2025,700,1000,850,78
Maharashtra,Pune,Pune(Moshi),Tomato,Local,Local,18/03/2025,500,2000,1250,78
Maharashtra,Pune,Pune(Moshi),Tomato,Local,Local,28/03/2025,800,1000,900,78
Maharashtra,Pune,Pune(Moshi),Tomato,Local,Local,30/03/2025,800,1000,900,78
Maharashtra,Pune,Pune(Moshi),Tomato,Local,Local,13/06/2025,2000,3000,2500,78
Maharashtra,Pune,Pune(Moshi),Tomato,Local,Local,03/07/2025,1000,1800,1400,78
Maharashtra,Pune,Pune(Moshi),Tomato,Local,Local,07/07/2025,1000,1500,1250,78
Maharashtra,Pune,Pune(Moshi),Tomato,Local,Local,15/07/2025,800,1500,1150,78
Maharashtra,Pune,Pune(Moshi),Tomato,Local,Local,17/07/2025,1000,2000,1500,78
Maharashtra,Pune,Pune(Moshi),Tomato,Local,Local,20/07/2025,1000,1500,1250,78
Maharashtra,Pune,Pune(Moshi),Tomato,Local,Local,21/07/2025,1000,1500,1250,78
Maharashtra,Pune,Pune(Moshi),Tomato,Local,Local,28/07/2025,1000,4000,2500,78
Maharashtra,Pune,Pune(Moshi),Tomato,Local,Local,04/04/2025,500,1000,750,78
Maharashtra,Pune,Pune(Moshi),Tomato,Local,Local,05/04/2025,200,500,350,78
Maharashtra,Pune,Pune(Moshi),Tomato,Local,Local,08/04/2025,500,1000,750,78
Maharashtra,Pune,Pune(Moshi),Tomato,Local,Local,29/04/2025,800,1000,900,78
Maharashtra,Pune,Pune(Moshi),Tomato,Local,Local,04/05/2025,600,1000,800,78
Maharashtra,Pune,Pune(Moshi),Tomato,Local,Local,05/05/2025,800,1000,900,78
Maharashtra,Pune,Pune(Moshi),Tomato,Local,Local,06/05/2025,600,1000,800,78
Maharashtra,Pune,Pune(Moshi),Tomato,Local,Local,08/05/2025,800,1000,900,78
Maharashtra,Pune,Pune(Moshi),Tomato,Local,Local,11/05/2025,500,1000,750,78
Maharashtra,Pune,Pune(Moshi),Tomato,Local,Local,13/05/2025,500,1000,750,78
Maharashtra,Pune,Pune(Moshi),Tomato,Local,Local,16/05/2025,700,1000,850,78
Maharashtra,Pune,Pune(Moshi),Tomato,Local,Local,17/05/2025,800,1000,900,78
Maharashtra,Pune,Pune(Moshi),Tomato,Local,Local,25/05/2025,3000,4000,3500,78
Maharashtra,Pune,Pune(Moshi),Tomato,Local,Local,26/05/2025,1500,3000,2250,78
Maharashtra,Pune,Pune(Moshi),Tomato,Local,Local,29/05/2025,2000,3000,2500,78
Maharashtra,Pune,Pune(Moshi),Tomato,Local,FAQ,21/10/2024,5000,6000,5500,78
Maharashtra,Pune,Pune(Moshi),Tomato,Local,FAQ,16/12/2024,2000,3000,2500,78
Maharashtra,Pune,Pune(Moshi),Tomato,Local,FAQ,09/12/2024,2000,3000,2500,78
Maharashtra,Pune,Pune(Moshi),Tomato,Local,FAQ,01/11/2024,2000,2500,2250,78
Maharashtra,Pune,Pune(Moshi),Tomato,Local,FAQ,02/11/2024,1500,2000,1750,78
Maharashtra,Pune,Pune(Moshi),Tomato,Local,FAQ,05/11/2024,2000,3000,2500,78
Maharashtra,Pune,Pune(Moshi),Tomato,Local,FAQ,07/11/2024,2000,3000,2500,78
Maharashtra,Pune,Pune(Moshi),Tomato,Local,FAQ,08/11/2024,2000,3000,2500,78
Maharashtra,Pune,Pune(Moshi),Tomato,Local,FAQ,14/11/2024,1500,2000,1750,78
Maharashtra,Pune,Pune(Moshi),Tomato,Local,FAQ,15/11/2024,2000,3000,2500,78
Maharashtra,Pune,Pune(Moshi),Tomato,Local,FAQ,17/11/2024,2000,2500,2250,78
Maharashtra,Pune,Pune(Moshi),Tomato,Local,FAQ,21/11/2024,1000,1000,1000,78
Maharashtra,Pune,Pune(Moshi),Tomato,Local,FAQ,23/11/2024,2000,3000,2500,78
Maharashtra,Pune,Pune(Moshi),Tomato,Local,FAQ,20/08/2024,1000,2000,1500,78
Maharashtra,Pune,Pune(Moshi),Tomato,Local,FAQ,23/08/2024,1000,1500,1250,78
Maharashtra,Pune,Pune(Moshi),Tomato,Local,FAQ,27/08/2024,500,1000,750,78
Maharashtra,Pune,Pune(Moshi),Tomato,Local,FAQ,30/08/2024,1000,1500,1250,78
Maharashtra,Pune,Pune(Moshi),Tomato,Local,FAQ,01/07/2024,3000,4000,3500,78
Maharashtra,Pune,Pune(Moshi),Tomato,Local,FAQ,09/07/2024,4000,5000,4500,78
Maharashtra,Pune,Pune(Moshi),Tomato,Local,FAQ,14/07/2024,4000,5000,4500,78
Maharashtra,Pune,Pune(Moshi),Tomato,Local,FAQ,20/01/2022,600,1300,950,78
Maharashtra,Pune,Pune(Moshi),Tomato,Local,FAQ,28/01/2022,500,1000,750,78
Maharashtra,Pune,Pune(Moshi),Tomato,Local,FAQ,29/01/2022,600,1000,800,78
Maharashtra,Pune,Pune(Moshi),Tomato,Local,FAQ,30/01/2022,500,1500,1000,78
Maharashtra,Pune,Pune(Moshi),Tomato,Local,FAQ,31/01/2022,600,1200,900,78
Maharashtra,Pune,Pune(Moshi),Tomato,Local,FAQ,05/02/2022,600,2000,1300,78
Maharashtra,Pune,Pune(Moshi),Tomato,Local,FAQ,15/02/2022,500,1500,1000,78
Maharashtra,Pune,Pune(Moshi),Tomato,Local,FAQ,17/02/2022,1000,1500,1250,78
Maharashtra,Pune,Pune(Moshi),Tomato,Local,FAQ,19/02/2022,600,1200,900,78
Maharashtra,Pune,Pune(Moshi),Tomato,Local,FAQ,20/02/2022,800,1500,1150,78
Maharashtra,Pune,Pune(Moshi),Tomato,Local,FAQ,22/02/2022,600,1000,800,78
Maharashtra,Pune,Pune(Moshi),Tomato,Local,FAQ,25/02/2022,600,1000,800,78
Maharashtra,Pune,Pune(Moshi),Tomato,Local,FAQ,05/03/2022,500,1000,750,78
Maharashtra,Pune,Pune(Moshi),Tomato,Local,FAQ,15/03/2022,600,1000,800,78
Maharashtra,Pune,Pune(Moshi),Tomato,Local,FAQ,19/03/2022,600,800,700,78
Maharashtra,Pune,Pune(Moshi),Tomato,Local,FAQ,24/03/2022,400,800,600,78
Maharashtra,Pune,Pune(Moshi),Tomato,Local,FAQ,26/03/2022,600,800,700,78
Maharashtra,Pune,Pune(Moshi),Tomato,Local,FAQ,29/03/2022,500,700,600,78
Maharashtra,Pune,Pune(Moshi),Tomato,Local,FAQ,02/04/2022,600,800,700,78
Maharashtra,Pune,Pune(Moshi),Tomato,Local,FAQ,08/04/2022,700,1500,1100,78
Maharashtra,Pune,Pune(Moshi),Tomato,Local,FAQ,09/04/2022,600,1000,800,78
Maharashtra,Pune,Pune(Moshi),Tomato,Local,FAQ,15/04/2022,500,1000,750,78
Maharashtra,Pune,Pune(Moshi),Tomato,Local,FAQ,23/04/2022,800,1200,1000,78
Maharashtra,Pune,Pune(Moshi),Tomato,Local,FAQ,02/05/2022,2000,2500,2250,78
Maharashtra,Pune,Pune(Moshi),Tomato,Local,FAQ,12/05/2022,1200,4000,2600,78
Maharashtra,Pune,Pune(Moshi),Tomato,Local,FAQ,14/05/2022,2000,3000,2500,78
Maharashtra,Pune,Pune(Moshi),Tomato,Local,FAQ,20/05/2022,2000,3800,2900,78
Maharashtra,Pune,Pune(Moshi),Tomato,Local,FAQ,24/05/2022,2000,5000,3500,78
Maharashtra,Pune,Pune(Moshi),Tomato,Local,FAQ,26/05/2022,3000,5000,4000,78
Maharashtra,Pune,Pune(Moshi),Tomato,Local,FAQ,28/05/2022,2000,4000,3000,78
Maharashtra,Pune,Pune(Moshi),Tomato,Local,FAQ,10/06/2022,3000,4500,3750,78
Maharashtra,Pune,Pune(Moshi),Tomato,Local,FAQ,18/06/2022,2000,3200,2600,78
Maharashtra,Pune,Pune(Moshi),Tomato,Local,FAQ,26/06/2022,2500,3500,3000,78
Maharashtra,Pune,Pune(Moshi),Tomato,Local,FAQ,09/07/2022,1000,1500,1250,78
Maharashtra,Pune,Pune(Moshi),Tomato,Local,FAQ,21/07/2022,800,1200,1000,78
Maharashtra,Pune,Pune(Moshi),Tomato,Local,FAQ,28/07/2022,800,1000,900,78
Maharashtra,Pune,Pune(Moshi),Tomato,Local,FAQ,30/07/2022,400,800,600,78
Maharashtra,Pune,Pune(Moshi),Tomato,Local,FAQ,09/08/2022,800,1200,1000,78
Maharashtra,Pune,Pune(Moshi),Tomato,Local,FAQ,18/08/2022,500,1000,750,78
Maharashtra,Pune,Pune(Moshi),Tomato,Local,FAQ,19/08/2022,600,1500,1050,78
Maharashtra,Pune,Pune(Moshi),Tomato,Local,FAQ,05/09/2022,800,1200,1000,78
Maharashtra,Pune,Pune(Moshi),Tomato,Local,FAQ,17/09/2022,800,2000,1400,78
Maharashtra,Pune,Pune(Moshi),Tomato,Local,FAQ,17/10/2022,1500,2500,2000,78
Maharashtra,Pune,Pune(Moshi),Tomato,Local,FAQ,27/10/2022,1000,3000,2000,78
Maharashtra,Pune,Pune(Moshi),Tomato,Local,FAQ,04/11/2022,700,2000,1350,78
Maharashtra,Pune,Pune(Moshi),Tomato,Local,FAQ,11/11/2022,800,1400,1100,78
Maharashtra,Pune,Pune(Moshi),Tomato,Local,FAQ,12/11/2022,600,1000,800,78
Maharashtra,Pune,Pune(Moshi),Tomato,Local,FAQ,08/12/2022,300,600,450,78
Maharashtra,Pune,Pune(Moshi),Tomato,Local,FAQ,11/12/2022,500,800,650,78
Maharashtra,Pune,Pune(Moshi),Tomato,Local,FAQ,13/12/2022,400,800,600,78
Maharashtra,Pune,Pune(Moshi),Tomato,Local,FAQ,16/12/2022,300,700,500,78
Maharashtra,Pune,Pune(Moshi),Tomato,Local,FAQ,24/12/2022,300,500,400,78
Maharashtra,Pune,Pune(Moshi),Tomato,Local,FAQ,29/12/2022,600,1000,800,78
Maharashtra,Pune,Pune(Moshi),Tomato,Local,Local,01/08/2025,2000,3000,2500,78
Maharashtra,Pune,Pune(Moshi),Tomato,Local,Local,17/08/2025,2000,4000,3000,78
Maharashtra,Pune,Pune(Moshi),Tomato,Local,Local,25/08/2025,2000,2000,2000,78
Maharashtra,Pune,Pune(Moshi),Tomato,Local,Local,28/08/2025,800,1500,1150,78
Maharashtra,Pune,Pune(Moshi),Tomato,Local,Local,29/08/2025,1000,2000,1500,78
Maharashtra,Pune,Pune(Moshi),Tomato,Local,Local,27/09/2025,1000,1500,1250,78
Maharashtra,Pune,Pune(Moshi),Tomato,Local,Local,06/10/2025,1000,2000,1500,78
Maharashtra,Pune,Pune(Moshi),Tomato,Local,Local,07/10/2025,1000,2000,1500,78
Maharashtra,Pune,Pune(Moshi),Tomato,Local,Local,12/10/2025,1000,1500,1250,78
Maharashtra,Pune,Pune(Moshi),Tomato,Local,Local,17/10/2025,1500,1500,1500,78
Maharashtra,Pune,Pune(Moshi),Tomato,Local,Local,19/10/2025,1000,2000,1500,78
Maharashtra,Pune,Pune(Moshi),Tomato,Local,Local,31/10/2025,1000,1500,1250,78
Maharashtra,Pune,Pune(Moshi) APMC,Tomato,Local,Local,01/12/2025,3000,5000,4000,78
Maharashtra,Pune,Pune(Moshi) APMC,Tomato,Local,Local,06/12/2025,2000,3000,2500,78
Maharashtra,Pune,Pune(Moshi) APMC,Tomato,Local,Local,07/12/2025,2000,3000,2500,78
Maharashtra,Pune,Pune(Moshi) APMC,Tomato,Local,Local,11/12/2025,2500,3000,2750,78
Maharashtra,Pune,Pune(Moshi) APMC,Tomato,Local,Local,18/12/2025,3000,4500,3750,78
Maharashtra,Pune,Pune(Moshi) APMC,Tomato,Local,Local,26/12/2025,2500,3000,2750,78
Maharashtra,Pune,Pune(Moshi) APMC,Tomato,Local,Local,22/11/2025,3500,4000,3750,78
Maharashtra,Pune,Pune(Moshi) APMC,Tomato,Local,Local,11/11/2025,1500,2000,1750,78
Maharashtra,Pune,Pune(Moshi) APMC,Tomato,Local,Local,01/11/2025,1000,1500,1250,78
Maharashtra,Pune,Pune(Moshi) APMC,Tomato,Local,Local,24/01/2026,1000,3000,2000,78
Maharashtra,Pune,Pune(Moshi) APMC,Tomato,Local,Local,05/02/2026,800,1500,1150,78
Maharashtra,Pune,Pune(Moshi) APMC,Tomato,Local,Local,09/02/2026,1000,2000,1500,78
Maharashtra,Pune,Pune(Moshi) APMC,Tomato,Local,Local,12/02/2026,1000,1500,1250,78
Maharashtra,Pune,Pune(Moshi) APMC,Tomato,Local,Local,13/02/2026,1000,2000,1500,78
Maharashtra,Pune,Pune(Moshi) APMC,Tomato,Local,Local,14/02/2026,1000,1500,1250,78
Maharashtra,Pune,Pune(Moshi) APMC,Tomato,Local,Local,19/02/2026,1000,1500,1250,78
Maharashtra,Pune,Pune(Moshi) APMC,Tomato,Local,Local,20/02/2026,1500,2000,1750,78
Maharashtra,Pune,Pune(Moshi) APMC,Tomato,Local,Local,21/02/2026,800,1000,900,78
Maharashtra,Pune,Pune(Moshi) APMC,Tomato,Local,Local,04/11/2025,700,1500,1100,78
Maharashtra,Pune,Pune(Moshi) APMC,Tomato,Local,Local,15/11/2025,2500,4000,3250,78
Maharashtra,Pune,Pune(Moshi) APMC,Tomato,Local,Local,21/11/2025,2800,4000,3400,78
Maharashtra,Pune,Pune(Moshi) APMC,Tomato,Local,Local,29/11/2025,2000,3000,2500,78
Maharashtra,Pune,Pune(Moshi) APMC,Tomato,Local,Local,30/11/2025,2000,3000,2500,78
Maharashtra,Pune,Pune(Moshi) APMC,Tomato,Local,Local,09/12/2025,2000,2500,2250,78
Maharashtra,Pune,Pune(Moshi) APMC,Tomato,Local,Local,12/12/2025,2000,3000,2500,78
Maharashtra,Pune,Pune(Moshi) APMC,Tomato,Local,Local,22/12/2025,3000,4000,3500,78
Maharashtra,Pune,Pune(Moshi) APMC,Tomato,Local,Local,23/12/2025,3000,4000,3500,78
Maharashtra,Pune,Pune(Moshi) APMC,Tomato,Local,Local,28/12/2025,2500,3000,2750,78
Maharashtra,Pune,Pune(Moshi) APMC,Tomato,Local,Local,19/01/2026,1500,2000,1750,78
Maharashtra,Pune,Pune(Moshi) APMC,Tomato,Local,Local,18/01/2026,1500,2000,1750,78
Maharashtra,Pune,Pune(Moshi) APMC,Tomato,Local,Local,02/02/2026,1000,2000,1500,78
Maharashtra,Pune,Pune(Moshi) APMC,Tomato,Local,Local,06/02/2026,1000,2000,1500,78
Maharashtra,Pune,Pune(Moshi) APMC,Tomato,Local,Local,15/02/2026,1000,1500,1250,78
Maharashtra,Pune,Pune(Moshi) APMC,Tomato,Local,Local,13/11/2025,1000,3000,2000,78
Maharashtra,Pune,Pune(Moshi) APMC,Tomato,Local,Local,23/11/2025,2500,4000,3250,78
Maharashtra,Pune,Pune(Moshi) APMC,Tomato,Local,Local,08/12/2025,2000,3000,2500,78
Maharashtra,Pune,Pune(Moshi) APMC,Tomato,Local,Local,15/12/2025,3000,4000,3500,78
Maharashtra,Pune,Pune(Moshi) APMC,Tomato,Local,Local,14/12/2025,2500,3500,3000,78
Maharashtra,Pune,Pune(Moshi) APMC,Tomato,Local,Local,16/12/2025,3500,5000,4250,78
Maharashtra,Pune,Pune(Moshi) APMC,Tomato,Local,Local,19/12/2025,3000,4500,3750,78
Maharashtra,Pune,Pune(Moshi) APMC,Tomato,Local,Local,20/12/2025,3000,4000,3500,78
Maharashtra,Pune,Pune(Moshi) APMC,Tomato,Local,Local,25/12/2025,2000,3000,2500,78
Maharashtra,Pune,Pune(Moshi) APMC,Tomato,Local,Local,30/12/2025,2500,3000,2750,78
Maharashtra,Pune,Pune(Moshi) APMC,Tomato,Local,Local,02/01/2026,2000,3000,2500,78
Maharashtra,Pune,Pune(Moshi) APMC,Tomato,Local,Local,03/01/2026,2500,3500,3000,78
Maharashtra,Pune,Pune(Moshi) APMC,Tomato,Local,Local,10/01/2026,2500,3000,2750,78
Maharashtra,Pune,Pune(Moshi) APMC,Tomato,Local,Local,22/01/2026,1000,2000,1500,78
Maharashtra,Pune,Pune(Moshi) APMC,Tomato,Local,Local,20/01/2026,1000,3000,2000,78
Maharashtra,Pune,Pune(Moshi) APMC,Tomato,Local,Local,27/01/2026,1400,1400,1400,78
Maharashtra,Pune,Pune(Moshi) APMC,Tomato,Local,Local,23/01/2026,1500,1800,1650,78
Maharashtra,Pune,Pune(Moshi) APMC,Tomato,Local,Local,25/01/2026,1000,1500,1250,78
Maharashtra,Pune,Pune(Moshi) APMC,Tomato,Local,Local,01/02/2026,1000,1500,1250,78
Maharashtra,Pune,Pune(Moshi) APMC,Tomato,Local,Local,02/12/2025,2000,3000,2500,78
Maharashtra,Pune,Pune(Moshi) APMC,Tomato,Local,Local,04/12/2025,2000,2500,2250,78
Maharashtra,Pune,Pune(Moshi) APMC,Tomato,Local,Local,05/12/2025,2000,2500,2250,78
Maharashtra,Pune,Pune(Moshi) APMC,Tomato,Local,Local,13/12/2025,2000,3000,2500,78
Maharashtra,Pune,Pune(Moshi) APMC,Tomato,Local,Local,07/11/2025,1200,1500,1350,78
Maharashtra,Pune,Pune(Moshi) APMC,Tomato,Local,Local,08/11/2025,800,1000,900,78
Maharashtra,Pune,Pune(Moshi) APMC,Tomato,Local,Local,09/11/2025,1000,1600,1300,78
Maharashtra,Pune,Pune(Moshi) APMC,Tomato,Local,Local,10/11/2025,1500,2000,1750,78
Maharashtra,Pune,Pune(Moshi) APMC,Tomato,Local,Local,02/11/2025,700,10000,850,78
Maharashtra,Pune,Pune(Moshi) APMC,Tomato,Local,Local,03/11/2025,1000,1500,1250,78
Maharashtra,Pune,Pune(Moshi) APMC,Tomato,Local,Local,06/11/2025,800,1000,900,78
Maharashtra,Pune,Pune(Moshi) APMC,Tomato,Local,Local,28/11/2025,2500,3000,2750,78
Maharashtra,Pune,Pune(Moshi) APMC,Tomato,Local,Local,27/11/2025,2000,3000,2500,78
Maharashtra,Pune,Pune(Moshi) APMC,Tomato,Local,Local,01/01/2026,2000,3000,2500,78
Maharashtra,Pune,Pune(Moshi) APMC,Tomato,Local,Local,04/01/2026,2000,3500,2750,78
Maharashtra,Pune,Pune(Moshi) APMC,Tomato,Local,Local,06/01/2026,2500,4000,3250,78
Maharashtra,Pune,Pune(Moshi) APMC,Tomato,Local,Local,13/01/2026,2500,3000,2750,78
Maharashtra,Pune,Pune(Moshi) APMC,Tomato,Local,Local,12/01/2026,2000,3000,2500,78
Maharashtra,Pune,Pune(Moshi) APMC,Tomato,Local,Local,11/01/2026,2500,3000,2750,78
Maharashtra,Pune,Pune(Moshi) APMC,Tomato,Local,Local,16/01/2026,2500,3000,2750,78
Maharashtra,Pune,Pune(Moshi) APMC,Tomato,Local,Local,31/01/2026,1000,2000,1500,78
Maharashtra,Pune,Pune(Moshi) APMC,Tomato,Local,Local,07/02/2026,1000,1500,1250,78
Maharashtra,Pune,Pune(Moshi) APMC,Tomato,Local,Local,08/02/2026,900,1800,1350,78
Maharashtra,Pune,Pune(Moshi) APMC,Tomato,Local,Local,10/02/2026,1500,2000,1750,78
Maharashtra,Pune,Pune(Moshi) APMC,Tomato,Local,Local,17/11/2025,2000,3500,2750,78
Maharashtra,Pune,Pune(Moshi) APMC,Tomato,Local,Local,14/11/2025,2000,3000,2500,78
Maharashtra,Pune,Pune(Moshi) APMC,Tomato,Local,Local,16/11/2025,3000,4000,3500,78
Maharashtra,Pune,Pune(Moshi) APMC,Tomato,Local,Local,18/11/2025,2000,4000,3000,78
Maharashtra,Pune,Pune(Moshi) APMC,Tomato,Local,Local,20/11/2025,2000,3000,2500,78
Maharashtra,Pune,Pune(Moshi) APMC,Tomato,Local,Local,24/11/2025,3000,4000,3500,78
Maharashtra,Pune,Pune(Moshi) APMC,Tomato,Local,Local,25/11/2025,3000,4000,3500,78
Maharashtra,Pune,Pune(Moshi) APMC,Tomato,Local,Local,21/12/2025,3000,3500,3250,78
Maharashtra,Pune,Pune(Moshi) APMC,Tomato,Local,Local,27/12/2025,2500,3000,2750,78
Maharashtra,Pune,Pune(Moshi) APMC,Tomato,Local,Local,05/01/2026,2000,3000,2500,78
Maharashtra,Pune,Pune(Moshi) APMC,Tomato,Local,Local,08/01/2026,2500,3000,2750,78
Maharashtra,Pune,Pune(Moshi) APMC,Tomato,Local,Local,17/01/2026,2000,3000,2500,78
Maharashtra,Pune,Pune(Moshi) APMC,Tomato,Local,Local,09/01/2026,3000,3000,3000,78
Maharashtra,Pune,Pune(Moshi) APMC,Tomato,Local,Local,30/01/2026,1000,2000,1500,78
Maharashtra,Pune,Pune(Moshi) APMC,Tomato,Local,Local,03/02/2026,1000,2000,1500,78
Maharashtra,Pune,Pune(Moshi) APMC,Tomato,Local,Local,16/02/2026,1000,1500,1250,78
Maharashtra,Pune,Pune(Moshi) APMC,Tomato,Local,Local,17/02/2026,600,1500,1050,78
Maharashtra,Pune,Pune(Pimpri),Tomato,Local,FAQ,07/07/2024,5000,5000,5000,78
Maharashtra,Pune,Pune(Pimpri),Tomato,Local,FAQ,11/07/2024,5000,5000,5000,78
Maharashtra,Pune,Pune(Pimpri),Tomato,Local,FAQ,14/07/2024,4000,5000,4500,78
Maharashtra,Pune,Pune(Pimpri),Tomato,Local,FAQ,18/07/2024,6000,6000,6000,78
Maharashtra,Pune,Pune(Pimpri),Tomato,Local,FAQ,22/07/2024,3500,3500,3500,78
Maharashtra,Pune,Pune(Pimpri),Tomato,Local,FAQ,28/07/2024,3000,6000,4500,78
Maharashtra,Pune,Pune(Pimpri),Tomato,Local,FAQ,31/07/2024,2000,2500,2250,78
Maharashtra,Pune,Pune(Pimpri),Tomato,Local,FAQ,03/08/2024,1500,2000,1750,78
Maharashtra,Pune,Pune(Pimpri),Tomato,Local,FAQ,25/08/2024,1600,2000,1800,78
Maharashtra,Pune,Pune(Pimpri),Tomato,Local,FAQ,27/08/2024,1800,1800,1800,78
Maharashtra,Pune,Pune(Pimpri),Tomato,Local,FAQ,19/05/2024,700,1300,1000,78
Maharashtra,Pune,Pune(Pimpri),Tomato,Local,FAQ,29/05/2024,1200,1600,1400,78
Maharashtra,Pune,Pune(Pimpri),Tomato,Local,FAQ,22/01/2024,2000,2500,2250,78
Maharashtra,Pune,Pune(Pimpri),Tomato,Local,FAQ,16/02/2024,1500,2500,2000,78
Maharashtra,Pune,Pune(Pimpri),Tomato,Local,FAQ,22/02/2024,1400,1800,1600,78
Maharashtra,Pune,Pune(Pimpri),Tomato,Local,FAQ,09/03/2024,1400,1800,1600,78
Maharashtra,Pune,Pune(Pimpri),Tomato,Local,FAQ,17/03/2024,1200,1600,1400,78
Maharashtra,Pune,Pune(Pimpri),Tomato,Local,FAQ,29/03/2024,1000,1200,1100,78
Maharashtra,Pune,Pune(Pimpri),Tomato,Local,FAQ,04/04/2024,700,1200,950,78
Maharashtra,Pune,Pune(Pimpri),Tomato,Local,FAQ,06/04/2024,800,1200,1000,78
Maharashtra,Pune,Pune(Pimpri),Tomato,Local,FAQ,26/04/2024,800,1200,1000,78
Maharashtra,Pune,Pune(Pimpri),Tomato,Local,FAQ,27/04/2024,1000,1200,1100,78
Maharashtra,Pune,Pune(Pimpri),Tomato,Local,FAQ,20/01/2024,1800,2000,1900,78
Maharashtra,Pune,Pune(Pimpri),Tomato,Local,FAQ,23/01/2024,1800,2200,2000,78
Maharashtra,Pune,Pune(Pimpri),Tomato,Local,FAQ,19/02/2024,1500,2000,1750,78
Maharashtra,Pune,Pune(Pimpri),Tomato,Local,FAQ,24/02/2024,1500,2000,1750,78
Maharashtra,Pune,Pune(Pimpri),Tomato,Local,FAQ,02/03/2024,1200,1800,1600,78
Maharashtra,Pune,Pune(Pimpri),Tomato,Local,FAQ,04/03/2024,1200,1500,1350,78
Maharashtra,Pune,Pune(Pimpri),Tomato,Local,FAQ,08/03/2024,1200,1600,1400,78
Maharashtra,Pune,Pune(Pimpri),Tomato,Local,FAQ,13/03/2024,1400,1800,1600,78
Maharashtra,Pune,Pune(Pimpri),Tomato,Local,FAQ,15/03/2024,1400,1700,1550,78
Maharashtra,Pune,Pune(Pimpri),Tomato,Local,FAQ,25/03/2024,1200,1400,1300,78
Maharashtra,Pune,Pune(Pimpri),Tomato,Local,FAQ,03/04/2024,700,1000,850,78
Maharashtra,Pune,Pune(Pimpri),Tomato,Local,FAQ,08/04/2024,500,1200,850,78
Maharashtra,Pune,Pune(Pimpri),Tomato,Local,FAQ,09/04/2024,800,1200,1000,78
Maharashtra,Pune,Pune(Pimpri),Tomato,Local,FAQ,14/04/2024,800,1200,1000,78
Maharashtra,Pune,Pune(Pimpri),Tomato,Local,FAQ,15/04/2024,700,1100,900,78
Maharashtra,Pune,Pune(Pimpri),Tomato,Local,FAQ,19/04/2024,1000,1200,1100,78
Maharashtra,Pune,Pune(Pimpri),Tomato,Local,FAQ,20/04/2024,1000,1200,1100,78
Maharashtra,Pune,Pune(Pimpri),Tomato,Local,FAQ,21/02/2021,700,1300,1000,78
Maharashtra,Pune,Pune(Pimpri),Tomato,Local,FAQ,22/02/2021,800,1000,900,78
Maharashtra,Pune,Pune(Pimpri),Tomato,Local,FAQ,24/02/2021,1200,1200,1200,78
Maharashtra,Pune,Pune(Pimpri),Tomato,Local,FAQ,05/03/2021,800,1200,1000,78
Maharashtra,Pune,Pune(Pimpri),Tomato,Local,FAQ,07/03/2021,1000,1000,1000,78
Maharashtra,Pune,Pune(Pimpri),Tomato,Local,FAQ,10/03/2021,800,1000,900,78
Maharashtra,Pune,Pune(Pimpri),Tomato,Local,FAQ,14/03/2021,800,1000,900,78
Maharashtra,Pune,Pune(Pimpri),Tomato,Local,FAQ,26/03/2021,800,1000,900,78
Maharashtra,Pune,Pune(Pimpri),Tomato,Local,FAQ,30/03/2021,800,1000,900,78
Maharashtra,Pune,Pune(Pimpri),Tomato,Local,FAQ,05/04/2021,1200,1800,1500,78
Maharashtra,Pune,Pune(Pimpri),Tomato,Local,FAQ,06/04/2021,600,1500,1050,78
Maharashtra,Pune,Pune(Pimpri),Tomato,Local,FAQ,07/04/2021,1000,1500,1250,78
Maharashtra,Pune,Pune(Pimpri),Tomato,Local,FAQ,09/04/2021,600,1200,900,78
Maharashtra,Pune,Pune(Pimpri),Tomato,Local,FAQ,13/04/2021,1000,1200,1100,78
Maharashtra,Pune,Pune(Pimpri),Tomato,Local,FAQ,16/04/2021,1200,1400,1300,78
Maharashtra,Pune,Pune(Pimpri),Tomato,Local,FAQ,20/04/2021,1200,1200,1200,78
Maharashtra,Pune,Pune(Pimpri),Tomato,Local,FAQ,30/04/2021,1200,1300,1250,78
Maharashtra,Pune,Pune(Pimpri),Tomato,Local,FAQ,14/05/2021,1000,1200,1100,78
Maharashtra,Pune,Pune(Pimpri),Tomato,Local,FAQ,17/05/2021,1200,1200,1200,78
Maharashtra,Pune,Pune(Pimpri),Tomato,Local,FAQ,02/06/2021,1000,1200,1100,78
Maharashtra,Pune,Pune(Pimpri),Tomato,Local,FAQ,11/06/2021,1200,1200,1200,78
Maharashtra,Pune,Pune(Pimpri),Tomato,Local,FAQ,14/06/2021,1000,1200,1100,78
Maharashtra,Pune,Pune(Pimpri),Tomato,Local,FAQ,17/06/2021,1200,1200,1200,78
Maharashtra,Pune,Pune(Pimpri),Tomato,Local,FAQ,18/06/2021,1200,1200,1200,78
Maharashtra,Pune,Pune(Pimpri),Tomato,Local,FAQ,03/07/2021,1000,1200,1100,78
Maharashtra,Pune,Pune(Pimpri),Tomato,Local,FAQ,12/07/2021,800,1200,1000,78
Maharashtra,Pune,Pune(Pimpri),Tomato,Local,FAQ,14/07/2021,1000,1200,1100,78
Maharashtra,Pune,Pune(Pimpri),Tomato,Local,FAQ,16/07/2021,700,1200,950,78
Maharashtra,Pune,Pune(Pimpri),Tomato,Local,FAQ,27/07/2021,800,800,800,78
Maharashtra,Pune,Pune(Pimpri),Tomato,Local,FAQ,29/07/2021,1200,1300,1250,78
Maharashtra,Pune,Pune(Pimpri),Tomato,Local,FAQ,07/08/2021,1200,1300,1250,78
Maharashtra,Pune,Pune(Pimpri),Tomato,Local,FAQ,13/08/2021,1000,1200,1100,78
Maharashtra,Pune,Pune(Pimpri),Tomato,Local,FAQ,14/08/2021,1000,1200,1100,78
Maharashtra,Pune,Pune(Pimpri),Tomato,Local,FAQ,20/08/2021,800,800,800,78
Maharashtra,Pune,Pune(Pimpri),Tomato,Local,FAQ,27/08/2021,600,700,650,78
Maharashtra,Pune,Pune(Pimpri),Tomato,Local,FAQ,06/09/2021,600,600,600,78
Maharashtra,Pune,Pune(Pimpri),Tomato,Local,FAQ,15/09/2021,600,700,650,78
Maharashtra,Pune,Pune(Pimpri),Tomato,Local,FAQ,22/09/2021,1200,1300,1250,78
Maharashtra,Pune,Pune(Pimpri),Tomato,Local,FAQ,26/09/2021,1500,2200,1850,78
Maharashtra,Pune,Pune(Pimpri),Tomato,Local,FAQ,01/10/2021,2000,2500,2250,78
Maharashtra,Pune,Pune(Pimpri),Tomato,Local,FAQ,10/10/2021,2500,3000,2750,78
Maharashtra,Pune,Pune(Pimpri),Tomato,Local,FAQ,11/10/2021,2500,3000,2750,78
Maharashtra,Pune,Pune(Pimpri),Tomato,Local,FAQ,18/10/2021,3000,3500,3250,78
Maharashtra,Pune,Pune(Pimpri),Tomato,Local,FAQ,27/10/2021,2500,3000,2750,78
Maharashtra,Pune,Pune(Pimpri),Tomato,Local,FAQ,01/11/2021,2500,3000,2750,78
Maharashtra,Pune,Pune(Pimpri),Tomato,Local,FAQ,10/11/2021,2600,4000,3300,78
Maharashtra,Pune,Pune(Pimpri),Tomato,Local,FAQ,19/11/2021,2500,3000,2750,78
Maharashtra,Pune,Pune(Pimpri),Tomato,Local,FAQ,20/11/2021,2500,4000,3250,78
Maharashtra,Pune,Pune(Pimpri),Tomato,Local,FAQ,21/11/2021,2500,3500,3000,78
Maharashtra,Pune,Pune(Pimpri),Tomato,Local,FAQ,26/11/2021,1800,3000,2400,78
Maharashtra,Pune,Pune(Pimpri),Tomato,Local,FAQ,01/12/2021,2000,3500,2750,78
Maharashtra,Pune,Pune(Pimpri),Tomato,Local,FAQ,05/12/2021,3000,5000,4000,78
Maharashtra,Pune,Pune(Pimpri),Tomato,Local,FAQ,10/12/2021,2500,3800,3150,78
Maharashtra,Pune,Pune(Pimpri),Tomato,Local,FAQ,15/12/2021,2000,3000,2500,78
Maharashtra,Pune,Pune(Pimpri),Tomato,Local,FAQ,24/12/2021,2000,2000,2000,78
Maharashtra,Pune,Pune(Pimpri),Tomato,Local,FAQ,29/12/2021,2000,3300,2650,78
Maharashtra,Pune,Pune(Pimpri),Tomato,Local,FAQ,03/01/2025,1200,1500,1350,78
Maharashtra,Pune,Pune(Pimpri),Tomato,Local,FAQ,10/01/2025,1400,1600,1500,78
Maharashtra,Pune,Pune(Pimpri),Tomato,Local,FAQ,20/01/2025,600,1200,900,78
Maharashtra,Pune,Pune(Pimpri),Tomato,Local,Local,28/01/2025,1000,1300,1150,78
Maharashtra,Pune,Pune(Pimpri),Tomato,Local,FAQ,07/01/2025,1500,1800,1650,78
Maharashtra,Pune,Pune(Pimpri),Tomato,Local,FAQ,18/01/2025,800,1500,1150,78
Maharashtra,Pune,Pune(Pimpri),Tomato,Local,Local,27/01/2025,1000,1200,1100,78
Maharashtra,Pune,Pune(Pimpri),Tomato,Local,FAQ,06/09/2024,1400,1800,1600,78
Maharashtra,Pune,Pune(Pimpri),Tomato,Local,FAQ,25/09/2024,2500,2500,2500,78
Maharashtra,Pune,Pune(Pimpri),Tomato,Local,FAQ,07/06/2024,1800,2200,2000,78
Maharashtra,Pune,Pune(Pimpri),Tomato,Local,FAQ,12/06/2024,2000,2500,2250,78
Maharashtra,Pune,Pune(Pimpri),Tomato,Local,FAQ,15/06/2024,2000,2500,2250,78
Maharashtra,Pune,Pune(Pimpri),Tomato,Local,FAQ,06/06/2024,1500,2500,2000,78
Maharashtra,Pune,Pune(Pimpri),Tomato,Local,FAQ,08/06/2024,2000,2500,2250,78
Maharashtra,Pune,Pune(Pimpri),Tomato,Local,FAQ,01/01/2022,2000,3100,2550,78
Maharashtra,Pune,Pune(Pimpri),Tomato,Local,FAQ,10/01/2022,2000,2200,2100,78
Maharashtra,Pune,Pune(Pimpri),Tomato,Local,FAQ,14/01/2022,1500,2000,1750,78
Maharashtra,Pune,Pune(Pimpri),Tomato,Local,FAQ,15/01/2022,1000,2000,1500,78
Maharashtra,Pune,Pune(Pimpri),Tomato,Local,FAQ,16/01/2022,1500,2500,2000,78
Maharashtra,Pune,Pune(Pimpri),Tomato,Local,FAQ,22/01/2022,2000,2000,2000,78
Maharashtra,Pune,Pune(Pimpri),Tomato,Local,FAQ,15/02/2022,1500,1500,1500,78
Maharashtra,Pune,Pune(Pimpri),Tomato,Local,FAQ,26/02/2022,1000,2000,1500,78
Maharashtra,Pune,Pune(Pimpri),Tomato,Local,FAQ,02/03/2022,1000,2000,1500,78
Maharashtra,Pune,Pune(Pimpri),Tomato,Local,FAQ,07/03/2022,900,2000,1450,78
Maharashtra,Pune,Pune(Pimpri),Tomato,Local,FAQ,08/03/2022,1500,1700,1600,78
Maharashtra,Pune,Pune(Pimpri),Tomato,Local,FAQ,25/03/2022,700,1600,1150,78
Maharashtra,Pune,Pune(Pimpri),Tomato,Local,FAQ,26/03/2022,1200,1600,1400,78
Maharashtra,Pune,Pune(Pimpri),Tomato,Local,FAQ,02/04/2022,1000,1500,1250,78
Maharashtra,Pune,Pune(Pimpri),Tomato,Local,FAQ,26/04/2022,1000,1600,1300,78
Maharashtra,Pune,Pune(Pimpri),Tomato,Local,FAQ,01/05/2022,1000,2500,1750,78
Maharashtra,Pune,Pune(Pimpri),Tomato,Local,FAQ,08/05/2022,2500,3500,3000,78
Maharashtra,Pune,Pune(Pimpri),Tomato,Local,FAQ,10/05/2022,2600,4000,3300,78
Maharashtra,Pune,Pune(Pimpri),Tomato,Local,FAQ,18/05/2022,2200,3000,2600,78
Maharashtra,Pune,Pune(Pimpri),Tomato,Local,FAQ,22/05/2022,2500,3500,3000,78
Maharashtra,Pune,Pune(Pimpri),Tomato,Local,FAQ,25/05/2022,3000,3500,3250,78
Maharashtra,Pune,Pune(Pimpri),Tomato,Local,FAQ,28/05/2022,3000,4500,3750,78
Maharashtra,Pune,Pune(Pimpri),Tomato,Local,FAQ,31/05/2022,3500,4000,3750,78
Maharashtra,Pune,Pune(Pimpri),Tomato,Local,FAQ,05/06/2022,3000,4000,3500,78
Maharashtra,Pune,Pune(Pimpri),Tomato,Local,FAQ,13/06/2022,2000,4500,3250,78
Maharashtra,Pune,Pune(Pimpri),Tomato,Local,FAQ,27/06/2022,3000,4000,3500,78
Maharashtra,Pune,Pune(Pimpri),Tomato,Local,FAQ,08/07/2022,1100,1200,1150,78
Maharashtra,Pune,Pune(Pimpri),Tomato,Local,FAQ,26/07/2022,1200,1200,1200,78
Maharashtra,Pune,Pune(Pimpri),Tomato,Local,FAQ,31/07/2022,1000,1400,1200,78
Maharashtra,Pune,Pune(Pimpri),Tomato,Local,FAQ,10/08/2022,1000,1200,1100,78
Maharashtra,Pune,Pune(Pimpri),Tomato,Local,FAQ,16/08/2022,1800,1800,1800,78
Maharashtra,Pune,Pune(Pimpri),Tomato,Local,FAQ,22/08/2022,800,1200,1000,78
Maharashtra,Pune,Pune(Pimpri),Tomato,Local,FAQ,25/08/2022,800,1200,1000,78
Maharashtra,Pune,Pune(Pimpri),Tomato,Local,FAQ,27/08/2022,800,1200,1000,78
Maharashtra,Pune,Pune(Pimpri),Tomato,Local,FAQ,30/08/2022,800,1200,1000,78
Maharashtra,Pune,Pune(Pimpri),Tomato,Local,FAQ,31/08/2022,800,1200,1000,78
Maharashtra,Pune,Pune(Pimpri),Tomato,Local,FAQ,02/09/2022,800,1200,1000,78
Maharashtra,Pune,Pune(Pimpri),Tomato,Local,FAQ,04/09/2022,1000,1400,1200,78
Maharashtra,Pune,Pune(Pimpri),Tomato,Local,FAQ,05/09/2022,1800,2000,1900,78
Maharashtra,Pune,Pune(Pimpri),Tomato,Local,FAQ,07/09/2022,1000,1600,1300,78
Maharashtra,Pune,Pune(Pimpri),Tomato,Local,FAQ,13/09/2022,1500,1500,1500,78
Maharashtra,Pune,Pune(Pimpri),Tomato,Local,FAQ,15/09/2022,1200,1500,1350,78
Maharashtra,Pune,Pune(Pimpri),Tomato,Local,FAQ,16/09/2022,1400,2000,1700,78
Maharashtra,Pune,Pune(Pimpri),Tomato,Local,FAQ,21/09/2022,1000,1200,1100,78
Maharashtra,Pune,Pune(Pimpri),Tomato,Local,FAQ,25/10/2022,3000,3000,3000,78
Maharashtra,Pune,Pune(Pimpri),Tomato,Local,FAQ,31/10/2022,2000,3000,2500,78
Maharashtra,Pune,Pune(Pimpri),Tomato,Local,FAQ,01/11/2022,1500,2500,2000,78
Maharashtra,Pune,Pune(Pimpri),Tomato,Local,FAQ,03/11/2022,1500,2000,1750,78
Maharashtra,Pune,Pune(Pimpri),Tomato,Local,FAQ,09/11/2022,1000,2000,1500,78
Maharashtra,Pune,Pune(Pimpri),Tomato,Local,FAQ,11/11/2022,1000,1500,1250,78
Maharashtra,Pune,Pune(Pimpri),Tomato,Local,FAQ,17/11/2022,700,1300,1000,78
Maharashtra,Pune,Pune(Pimpri),Tomato,Local,FAQ,18/11/2022,800,1200,1000,78
Maharashtra,Pune,Pune(Pimpri),Tomato,Local,FAQ,19/11/2022,600,1200,900,78
Maharashtra,Pune,Pune(Pimpri),Tomato,Local,FAQ,26/11/2022,1000,1300,1150,78
Maharashtra,Pune,Pune(Pimpri),Tomato,Local,FAQ,30/11/2022,800,1200,1000,78
Maharashtra,Pune,Pune(Pimpri),Tomato,Local,FAQ,02/12/2022,1000,1000,1000,78
Maharashtra,Pune,Pune(Pimpri),Tomato,Local,FAQ,15/12/2022,600,1000,800,78
Maharashtra,Pune,Pune(Pimpri),Tomato,Local,FAQ,18/12/2022,800,1000,900,78
Maharashtra,Pune,Pune(Pimpri),Tomato,Local,FAQ,20/12/2022,700,800,750,78
Maharashtra,Pune,Pune(Pimpri),Tomato,Local,FAQ,22/12/2022,600,800,700,78
Maharashtra,Pune,Pune(Pimpri),Tomato,Local,Local,01/03/2025,1200,1500,1350,78
Maharashtra,Pune,Pune(Pimpri),Tomato,Local,Local,03/03/2025,1200,1300,1250,78
Maharashtra,Pune,Pune(Pimpri),Tomato,Local,Local,04/03/2025,800,1200,1000,78
Maharashtra,Pune,Pune(Pimpri),Tomato,Local,Local,13/03/2025,1000,1300,1150,78
Maharashtra,Pune,Pune(Pimpri),Tomato,Local,Local,22/03/2025,700,1300,1000,78
Maharashtra,Pune,Pune(Pimpri),Tomato,Local,Local,25/03/2025,1000,1200,1100,78
Maharashtra,Pune,Pune(Pimpri),Tomato,Local,Local,31/03/2025,800,1200,1000,78
Maharashtra,Pune,Pune(Pimpri),Tomato,Local,Local,01/02/2025,1000,1200,1100,78
Maharashtra,Pune,Pune(Pimpri),Tomato,Local,Local,13/02/2025,1000,1200,1100,78
Maharashtra,Pune,Pune(Pimpri),Tomato,Local,Local,22/02/2025,1200,1200,1200,78
Maharashtra,Pune,Pune(Pimpri),Tomato,Local,FAQ,13/12/2024,2000,2500,2250,78
Maharashtra,Pune,Pune(Pimpri),Tomato,Local,FAQ,21/12/2024,2000,2000,2000,78
Maharashtra,Pune,Pune(Pimpri),Tomato,Local,FAQ,22/12/2024,2000,3000,2500,78
Maharashtra,Pune,Pune(Pimpri),Tomato,Local,FAQ,02/11/2024,1400,1600,1500,78
Maharashtra,Pune,Pune(Pimpri),Tomato,Local,FAQ,03/11/2024,2500,2500,2500,78
Maharashtra,Pune,Pune(Pimpri),Tomato,Local,FAQ,09/11/2024,2000,2500,2250,78
Maharashtra,Pune,Pune(Pimpri),Tomato,Local,FAQ,12/11/2024,2000,2200,2100,78
Maharashtra,Pune,Pune(Pimpri),Tomato,Local,FAQ,13/11/2024,2000,2000,2000,78
Maharashtra,Pune,Pune(Pimpri),Tomato,Local,FAQ,16/11/2024,1500,2000,1750,78
Maharashtra,Pune,Pune(Pimpri),Tomato,Local,FAQ,22/11/2024,2000,2800,2400,78
Maharashtra,Pune,Pune(Pimpri),Tomato,Local,FAQ,25/11/2024,1500,2500,2000,78
Maharashtra,Pune,Pune(Pimpri),Tomato,Local,FAQ,26/11/2024,2000,2800,2400,78
Maharashtra,Pune,Pune(Pimpri),Tomato,Local,Local,01/06/2025,1400,1600,1500,78
Maharashtra,Pune,Pune(Pimpri),Tomato,Local,Local,08/06/2025,2000,2000,2000,78
Maharashtra,Pune,Pune(Pimpri),Tomato,Local,Local,11/06/2025,1000,2000,1500,78
Maharashtra,Pune,Pune(Pimpri),Tomato,Local,Local,25/06/2025,1500,2000,1750,78
Maharashtra,Pune,Pune(Pimpri),Tomato,Local,Local,16/07/2025,1500,2000,1750,78
Maharashtra,Pune,Pune(Pimpri),Tomato,Local,Local,17/07/2025,1500,1500,1500,78
Maharashtra,Pune,Pune(Pimpri),Tomato,Local,Local,01/04/2025,600,1000,800,78
Maharashtra,Pune,Pune(Pimpri),Tomato,Local,Local,04/04/2025,600,1200,900,78
Maharashtra,Pune,Pune(Pimpri),Tomato,Local,Local,05/04/2025,600,1200,900,78
Maharashtra,Pune,Pune(Pimpri),Tomato,Local,Local,07/04/2025,600,1200,900,78
Maharashtra,Pune,Pune(Pimpri),Tomato,Local,Local,08/04/2025,600,1100,850,78
Maharashtra,Pune,Pune(Pimpri),Tomato,Local,Local,13/04/2025,800,1200,1000,78
Maharashtra,Pune,Pune(Pimpri),Tomato,Local,Local,19/04/2025,800,1200,1000,78
Maharashtra,Pune,Pune(Pimpri),Tomato,Local,Local,22/04/2025,1000,1500,1250,78
Maharashtra,Pune,Pune(Pimpri),Tomato,Local,Local,25/04/2025,800,1200,1000,78
Maharashtra,Pune,Pune(Pimpri),Tomato,Local,FAQ,20/10/2024,3000,5000,4000,78
Maharashtra,Pune,Pune(Pimpri),Tomato,Local,FAQ,28/10/2024,2500,2500,2500,78
Maharashtra,Pune,Pune(Pimpri),Tomato,Local,FAQ,30/10/2024,1400,2200,1800,78
Maharashtra,Pune,Pune(Pimpri),Tomato,Local,FAQ,04/10/2024,2500,3000,2750,78
Maharashtra,Pune,Pune(Pimpri),Tomato,Local,FAQ,07/10/2024,3500,3500,3500,78
Maharashtra,Pune,Pune(Pimpri),Tomato,Local,FAQ,11/01/2023,700,1000,850,78
Maharashtra,Pune,Pune(Pimpri),Tomato,Local,FAQ,12/01/2023,600,1500,1050,78
Maharashtra,Pune,Pune(Pimpri),Tomato,Local,FAQ,24/01/2023,800,1200,1000,78
Maharashtra,Pune,Pune(Pimpri),Tomato,Local,FAQ,28/01/2023,800,1000,900,78
Maharashtra,Pune,Pune(Pimpri),Tomato,Local,FAQ,30/01/2023,800,1000,900,78
Maharashtra,Pune,Pune(Pimpri),Tomato,Local,FAQ,31/01/2023,1000,1200,1100,78
Maharashtra,Pune,Pune(Pimpri),Tomato,Local,FAQ,07/02/2023,800,800,800,78
Maharashtra,Pune,Pune(Pimpri),Tomato,Local,FAQ,09/02/2023,800,1000,900,78
Maharashtra,Pune,Pune(Pimpri),Tomato,Local,FAQ,14/02/2023,800,1000,900,78
Maharashtra,Pune,Pune(Pimpri),Tomato,Local,FAQ,19/02/2023,1000,1000,1000,78
Maharashtra,Pune,Pune(Pimpri),Tomato,Local,FAQ,20/02/2023,1000,1200,1100,78
Maharashtra,Pune,Pune(Pimpri),Tomato,Local,FAQ,22/02/2023,800,1000,900,78
Maharashtra,Pune,Pune(Pimpri),Tomato,Local,FAQ,07/03/2023,1000,1200,1100,78
Maharashtra,Pune,Pune(Pimpri),Tomato,Local,FAQ,09/03/2023,800,1200,1000,78
Maharashtra,Pune,Pune(Pimpri),Tomato,Local,FAQ,14/03/2023,800,1200,1000,78
Maharashtra,Pune,Pune(Pimpri),Tomato,Local,FAQ,16/03/2023,800,1200,1000,78
Maharashtra,Pune,Pune(Pimpri),Tomato,Local,FAQ,20/03/2023,800,1200,1000,78
Maharashtra,Pune,Pune(Pimpri),Tomato,Local,FAQ,22/03/2023,1200,1600,1400,78
Maharashtra,Pune,Pune(Pimpri),Tomato,Local,FAQ,26/03/2023,1200,1400,1300,78
Maharashtra,Pune,Pune(Pimpri),Tomato,Local,FAQ,28/03/2023,800,1200,1000,78
Maharashtra,Pune,Pune(Pimpri),Tomato,Local,FAQ,04/04/2023,800,1200,1000,78
Maharashtra,Pune,Pune(Pimpri),Tomato,Local,FAQ,14/04/2023,800,1200,1000,78
Maharashtra,Pune,Pune(Pimpri),Tomato,Local,FAQ,15/04/2023,800,1000,900,78
Maharashtra,Pune,Pune(Pimpri),Tomato,Local,FAQ,18/04/2023,800,1200,1000,78
Maharashtra,Pune,Pune(Pimpri),Tomato,Local,FAQ,03/05/2023,800,1200,1000,78
Maharashtra,Pune,Pune(Pimpri),Tomato,Local,FAQ,08/05/2023,800,1000,900,78
Maharashtra,Pune,Pune(Pimpri),Tomato,Local,FAQ,16/05/2023,1000,1000,1000,78
Maharashtra,Pune,Pune(Pimpri),Tomato,Local,FAQ,18/05/2023,800,1200,1000,78
Maharashtra,Pune,Pune(Pimpri),Tomato,Local,FAQ,30/05/2023,800,1200,1000,78
Maharashtra,Pune,Pune(Pimpri),Tomato,Local,FAQ,01/06/2023,1000,1000,1000,78
Maharashtra,Pune,Pune(Pimpri),Tomato,Local,FAQ,03/06/2023,800,1200,1000,78
Maharashtra,Pune,Pune(Pimpri),Tomato,Local,FAQ,14/06/2023,1000,1500,1250,78
Maharashtra,Pune,Pune(Pimpri),Tomato,Local,FAQ,16/06/2023,1800,1800,1800,78
Maharashtra,Pune,Pune(Pimpri),Tomato,Local,FAQ,19/06/2023,1500,2500,2000,78
Maharashtra,Pune,Pune(Pimpri),Tomato,Local,FAQ,20/06/2023,1500,3000,2250,78
Maharashtra,Pune,Pune(Pimpri),Tomato,Local,FAQ,05/07/2023,3000,3000,3000,78
Maharashtra,Pune,Pune(Pimpri),Tomato,Local,FAQ,07/07/2023,3000,3000,3000,78
Maharashtra,Pune,Pune(Pimpri),Tomato,Local,FAQ,11/07/2023,7000,7000,7000,78
Maharashtra,Pune,Pune(Pimpri),Tomato,Local,FAQ,24/07/2023,7000,7000,7000,78
Maharashtra,Pune,Pune(Pimpri),Tomato,Local,FAQ,04/08/2023,6000,10000,8000,78
Maharashtra,Pune,Pune(Pimpri),Tomato,Local,FAQ,08/09/2023,1000,1200,1100,78
Maharashtra,Pune,Pune(Pimpri),Tomato,Local,FAQ,13/09/2023,800,1000,900,78
Maharashtra,Pune,Pune(Pimpri),Tomato,Local,FAQ,14/09/2023,800,1000,900,78
Maharashtra,Pune,Pune(Pimpri),Tomato,Local,FAQ,20/09/2023,800,1000,900,78
Maharashtra,Pune,Pune(Pimpri),Tomato,Local,FAQ,22/09/2023,700,800,750,78
Maharashtra,Pune,Pune(Pimpri),Tomato,Local,FAQ,29/09/2023,700,800,750,78
Maharashtra,Pune,Pune(Pimpri),Tomato,Local,FAQ,30/09/2023,700,800,750,78
Maharashtra,Pune,Pune(Pimpri),Tomato,Local,FAQ,04/10/2023,600,1000,800,78
Maharashtra,Pune,Pune(Pimpri),Tomato,Local,FAQ,07/10/2023,500,800,650,78
Maharashtra,Pune,Pune(Pimpri),Tomato,Local,FAQ,20/10/2023,700,800,750,78
Maharashtra,Pune,Pune(Pimpri),Tomato,Local,FAQ,27/10/2023,600,1000,800,78
Maharashtra,Pune,Pune(Pimpri),Tomato,Local,FAQ,31/10/2023,700,1000,850,78
Maharashtra,Pune,Pune(Pimpri),Tomato,Local,FAQ,02/11/2023,800,1500,1150,78
Maharashtra,Pune,Pune(Pimpri),Tomato,Local,FAQ,13/11/2023,1500,2500,2000,78
Maharashtra,Pune,Pune(Pimpri),Tomato,Local,FAQ,15/11/2023,1500,2500,2000,78
Maharashtra,Pune,Pune(Pimpri),Tomato,Local,FAQ,17/11/2023,2000,3000,2500,78
Maharashtra,Pune,Pune(Pimpri),Tomato,Local,FAQ,27/11/2023,2000,2500,2250,78
Maharashtra,Pune,Pune(Pimpri),Tomato,Local,FAQ,30/11/2023,2800,3200,3000,78
Maharashtra,Pune,Pune(Pimpri),Tomato,Local,FAQ,10/12/2023,1500,2500,2000,78
Maharashtra,Pune,Pune(Pimpri),Tomato,Local,FAQ,19/12/2023,1000,2000,1500,78
Maharashtra,Pune,Pune(Pimpri),Tomato,Local,FAQ,30/12/2023,1000,2000,1500,78
Maharashtra,Pune,Pune(Pimpri),Tomato,Local,Local,11/05/2025,1000,1200,1100,78
Maharashtra,Pune,Pune(Pimpri),Tomato,Local,Local,19/05/2025,1000,1200,1100,78
Maharashtra,Pune,Pune(Pimpri),Tomato,Local,Local,27/05/2025,2000,2000,2000,78
Maharashtra,Pune,Pune(Pimpri),Tomato,Local,Local,02/09/2025,2000,2000,2000,78
Maharashtra,Pune,Pune(Pimpri),Tomato,Local,Local,03/09/2025,1400,2000,1700,78
Maharashtra,Pune,Pune(Pimpri),Tomato,Local,Local,11/09/2025,1000,1500,1250,78
Maharashtra,Pune,Pune(Pimpri),Tomato,Local,Local,12/09/2025,1200,1500,1350,78
Maharashtra,Pune,Pune(Pimpri),Tomato,Local,Local,13/09/2025,1300,1500,1400,78
Maharashtra,Pune,Pune(Pimpri),Tomato,Local,Local,26/09/2025,1000,1500,1250,78
Maharashtra,Pune,Pune(Pimpri),Tomato,Local,Local,27/09/2025,1400,1600,1500,78
Maharashtra,Pune,Pune(Pimpri),Tomato,Local,Local,29/09/2025,1200,1800,1500,78
Maharashtra,Pune,Pune(Pimpri),Tomato,Local,Local,02/10/2025,1000,2000,1500,78
Maharashtra,Pune,Pune(Pimpri),Tomato,Local,Local,07/10/2025,1000,2000,1500,78
Maharashtra,Pune,Pune(Pimpri),Tomato,Local,Local,29/10/2025,1400,1600,1500,78
Maharashtra,Pune,Pune(Pimpri),Tomato,Local,Local,02/08/2025,3000,3000,3000,78
Maharashtra,Pune,Pune(Pimpri),Tomato,Local,Local,03/08/2025,3000,4000,3500,78
Maharashtra,Pune,Pune(Pimpri),Tomato,Local,Local,10/08/2025,1500,3500,2500,78
Maharashtra,Pune,Pune(Pimpri),Tomato,Local,Local,13/08/2025,3000,3000,3000,78
Maharashtra,Pune,Pune(Pimpri),Tomato,Local,Local,16/08/2025,3000,3000,3000,78
Maharashtra,Pune,Pune(Pimpri),Tomato,Local,Local,22/08/2025,3000,3500,3250,78
Maharashtra,Pune,Pune(Pimpri),Tomato,Local,Local,23/08/2025,3500,3500,3500,78
Maharashtra,Pune,Pune(Pimpri),Tomato,Local,Local,27/08/2025,1500,2000,1750,78
Maharashtra,Pune,Pune(Pimpri),Tomato,Local,Local,28/08/2025,2000,2000,2000,78
Maharashtra,Pune,Pune(Pimpri),Tomato,Local,Local,29/08/2025,1500,2000,1750,78
Maharashtra,Pune,Pune(Pimpri),Tomato,Local,Local,02/02/2025,1200,1300,1250,78
Maharashtra,Pune,Pune(Pimpri),Tomato,Local,Local,07/02/2025,700,1200,950,78
Maharashtra,Pune,Pune(Pimpri),Tomato,Local,Local,16/02/2025,1000,1200,1100,78
Maharashtra,Pune,Pune(Pimpri),Tomato,Local,Local,17/02/2025,1000,1200,1100,78
Maharashtra,Pune,Pune(Pimpri),Tomato,Local,FAQ,01/11/2024,1500,2000,1750,78
Maharashtra,Pune,Pune(Pimpri),Tomato,Local,FAQ,08/11/2024,2500,3000,2750,78
Maharashtra,Pune,Pune(Pimpri),Tomato,Local,FAQ,17/11/2024,1500,2000,1750,78
Maharashtra,Pune,Pune(Pimpri),Tomato,Local,FAQ,24/11/2024,1500,2000,1750,78
Maharashtra,Pune,Pune(Pimpri),Tomato,Local,Local,26/02/2025,1000,1400,1200,78
Maharashtra,Pune,Pune(Pimpri),Tomato,Local,FAQ,08/09/2024,1400,1800,1600,78
Maharashtra,Pune,Pune(Pimpri),Tomato,Local,FAQ,12/09/2024,1200,1800,1600,78
Maharashtra,Pune,Pune(Pimpri),Tomato,Local,FAQ,18/09/2024,1400,2200,1800,78
Maharashtra,Pune,Pune(Pimpri),Tomato,Local,FAQ,02/09/2024,1400,1600,1500,78
Maharashtra,Pune,Pune(Pimpri),Tomato,Local,FAQ,20/09/2024,2500,2500,2500,78
Maharashtra,Pune,Pune(Pimpri),Tomato,Local,FAQ,26/09/2024,2500,2500,2500,78
Maharashtra,Pune,Pune(Pimpri),Tomato,Local,FAQ,27/09/2024,2500,2500,2500,78
Maharashtra,Pune,Pune(Pimpri),Tomato,Local,FAQ,29/09/2024,2500,2500,2500,78
Maharashtra,Pune,Pune(Pimpri),Tomato,Local,FAQ,11/01/2025,1000,1500,1250,78
Maharashtra,Pune,Pune(Pimpri),Tomato,Local,FAQ,12/01/2025,600,1500,1050,78
Maharashtra,Pune,Pune(Pimpri),Tomato,Local,FAQ,24/01/2025,800,1200,1000,78
Maharashtra,Pune,Pune(Pimpri),Tomato,Local,FAQ,04/01/2025,1200,1800,1500,78
Maharashtra,Pune,Pune(Pimpri),Tomato,Local,FAQ,09/01/2025,1300,1500,1400,78
Maharashtra,Pune,Pune(Pimpri),Tomato,Local,FAQ,15/01/2025,1000,1500,1250,78
Maharashtra,Pune,Pune(Pimpri),Tomato,Local,FAQ,01/01/2025,1000,1500,1250,78
Maharashtra,Pune,Pune(Pimpri),Tomato,Local,FAQ,19/01/2025,600,1200,900,78
Maharashtra,Pune,Pune(Pimpri),Tomato,Local,FAQ,25/01/2025,800,1200,1000,78
Maharashtra,Pune,Pune(Pimpri),Tomato,Local,Local,29/01/2025,700,1300,1000,78
Maharashtra,Pune,Pune(Pimpri),Tomato,Local,FAQ,05/12/2024,1800,2200,2000,78
Maharashtra,Pune,Pune(Pimpri),Tomato,Local,FAQ,07/12/2024,2000,2500,2250,78
Maharashtra,Pune,Pune(Pimpri),Tomato,Local,FAQ,08/12/2024,2000,3000,2500,78
Maharashtra,Pune,Pune(Pimpri),Tomato,Local,FAQ,09/12/2024,2000,2500,2250,78
Maharashtra,Pune,Pune(Pimpri),Tomato,Local,FAQ,10/12/2024,2000,3000,2500,78
Maharashtra,Pune,Pune(Pimpri),Tomato,Local,FAQ,18/12/2024,1500,2000,1750,78
Maharashtra,Pune,Pune(Pimpri),Tomato,Local,FAQ,19/12/2024,1500,2000,1750,78
Maharashtra,Pune,Pune(Pimpri),Tomato,Local,FAQ,17/10/2024,4000,4000,4000,78
Maharashtra,Pune,Pune(Pimpri),Tomato,Local,FAQ,31/10/2024,1400,2200,1800,78
Maharashtra,Pune,Pune(Pimpri),Tomato,Local,FAQ,05/08/2024,1500,2000,1750,78
Maharashtra,Pune,Pune(Pimpri),Tomato,Local,FAQ,11/08/2024,1500,2000,1750,78
Maharashtra,Pune,Pune(Pimpri),Tomato,Local,FAQ,18/08/2024,1500,2000,1750,78
Maharashtra,Pune,Pune(Pimpri),Tomato,Local,FAQ,20/08/2024,1500,1800,1650,78
Maharashtra,Pune,Pune(Pimpri),Tomato,Local,FAQ,22/08/2024,1400,1800,1600,78
Maharashtra,Pune,Pune(Pimpri),Tomato,Local,FAQ,23/08/2024,1800,2000,1900,78
Maharashtra,Pune,Pune(Pimpri),Tomato,Local,FAQ,30/08/2024,1200,1800,1500,78
Maharashtra,Pune,Pune(Pimpri),Tomato,Local,FAQ,31/08/2024,1400,1500,1450,78
Maharashtra,Pune,Pune(Pimpri),Tomato,Local,FAQ,26/10/2024,4000,4000,4000,78
Maharashtra,Pune,Pune(Pimpri),Tomato,Local,FAQ,06/10/2024,3500,4000,3750,78
Maharashtra,Pune,Pune(Pimpri),Tomato,Local,FAQ,07/01/2023,700,800,750,78
Maharashtra,Pune,Pune(Pimpri),Tomato,Local,FAQ,08/01/2023,600,1000,800,78
Maharashtra,Pune,Pune(Pimpri),Tomato,Local,FAQ,15/01/2023,600,1000,800,78
Maharashtra,Pune,Pune(Pimpri),Tomato,Local,FAQ,17/01/2023,800,1800,1300,78
Maharashtra,Pune,Pune(Pimpri),Tomato,Local,FAQ,26/01/2023,800,1000,900,78
Maharashtra,Pune,Pune(Pimpri),Tomato,Local,FAQ,02/02/2023,800,1000,900,78
Maharashtra,Pune,Pune(Pimpri),Tomato,Local,FAQ,25/02/2023,800,1200,1000,78
Maharashtra,Pune,Pune(Pimpri),Tomato,Local,FAQ,27/02/2023,800,1200,1000,78
Maharashtra,Pune,Pune(Pimpri),Tomato,Local,FAQ,28/02/2023,800,1200,1000,78
Maharashtra,Pune,Pune(Pimpri),Tomato,Local,FAQ,01/03/2023,800,1200,1000,78
Maharashtra,Pune,Pune(Pimpri),Tomato,Local,FAQ,03/03/2023,800,1200,1000,78
Maharashtra,Pune,Pune(Pimpri),Tomato,Local,FAQ,04/03/2023,800,1200,1000,78
Maharashtra,Pune,Pune(Pimpri),Tomato,Local,FAQ,08/03/2023,800,1200,1000,78
Maharashtra,Pune,Pune(Pimpri),Tomato,Local,FAQ,18/03/2023,800,1200,1000,78
Maharashtra,Pune,Pune(Pimpri),Tomato,Local,FAQ,19/03/2023,800,1200,1000,78
Maharashtra,Pune,Pune(Pimpri),Tomato,Local,FAQ,21/03/2023,800,1600,1200,78
Maharashtra,Pune,Pune(Pimpri),Tomato,Local,FAQ,27/03/2023,800,1200,1000,78
Maharashtra,Pune,Pune(Pimpri),Tomato,Local,FAQ,29/03/2023,800,1000,900,78
Maharashtra,Pune,Pune(Pimpri),Tomato,Local,FAQ,09/04/2023,800,1200,1000,78
Maharashtra,Pune,Pune(Pimpri),Tomato,Local,FAQ,22/04/2023,800,1000,900,78
Maharashtra,Pune,Pune(Pimpri),Tomato,Local,FAQ,24/04/2023,800,1200,1000,78
Maharashtra,Pune,Pune(Pimpri),Tomato,Local,FAQ,25/04/2023,800,1200,1000,78
Maharashtra,Pune,Pune(Pimpri),Tomato,Local,FAQ,30/04/2023,800,1000,900,78
Maharashtra,Pune,Pune(Pimpri),Tomato,Local,FAQ,01/05/2023,1000,1000,1000,78
Maharashtra,Pune,Pune(Pimpri),Tomato,Local,FAQ,02/05/2023,800,1200,1000,78
Maharashtra,Pune,Pune(Pimpri),Tomato,Local,FAQ,05/05/2023,900,1100,1000,78
Maharashtra,Pune,Pune(Pimpri),Tomato,Local,FAQ,13/05/2023,800,1200,1000,78
Maharashtra,Pune,Pune(Pimpri),Tomato,Local,FAQ,22/05/2023,800,1200,1000,78
Maharashtra,Pune,Pune(Pimpri),Tomato,Local,FAQ,24/05/2023,800,1200,1000,78
Maharashtra,Pune,Pune(Pimpri),Tomato,Local,FAQ,06/06/2023,800,1200,1000,78
Maharashtra,Pune,Pune(Pimpri),Tomato,Local,FAQ,18/06/2023,1500,2500,2000,78
Maharashtra,Pune,Pune(Pimpri),Tomato,Local,FAQ,23/06/2023,2000,3000,2500,78
Maharashtra,Pune,Pune(Pimpri),Tomato,Local,FAQ,24/06/2023,2500,2500,2500,78
Maharashtra,Pune,Pune(Pimpri),Tomato,Local,FAQ,25/06/2023,2000,4000,3000,78
Maharashtra,Pune,Pune(Pimpri),Tomato,Local,FAQ,28/06/2023,3000,3000,3000,78
Maharashtra,Pune,Pune(Pimpri),Tomato,Local,FAQ,03/07/2023,3000,3000,3000,78
Maharashtra,Pune,Pune(Pimpri),Tomato,Local,FAQ,04/07/2023,3000,3000,3000,78
Maharashtra,Pune,Pune(Pimpri),Tomato,Local,FAQ,06/07/2023,3000,3000,3000,78
Maharashtra,Pune,Pune(Pimpri),Tomato,Local,FAQ,12/07/2023,7000,7000,7000,78
Maharashtra,Pune,Pune(Pimpri),Tomato,Local,FAQ,13/07/2023,7000,7000,7000,78
Maharashtra,Pune,Pune(Pimpri),Tomato,Local,FAQ,21/07/2023,7000,7000,7000,78
Maharashtra,Pune,Pune(Pimpri),Tomato,Local,FAQ,29/07/2023,6000,7000,6500,78
Maharashtra,Pune,Pune(Pimpri),Tomato,Local,FAQ,30/07/2023,7000,7000,7000,78
Maharashtra,Pune,Pune(Pimpri),Tomato,Local,FAQ,09/08/2023,6000,7000,6500,78
Maharashtra,Pune,Pune(Pimpri),Tomato,Local,FAQ,12/08/2023,7000,7000,7000,78
Maharashtra,Pune,Pune(Pimpri),Tomato,Local,FAQ,17/08/2023,4000,4000,4000,78
Maharashtra,Pune,Pune(Pimpri),Tomato,Local,FAQ,25/08/2023,3000,3000,3000,78
Maharashtra,Pune,Pune(Pimpri),Tomato,Local,FAQ,31/08/2023,3000,3000,3000,78
Maharashtra,Pune,Pune(Pimpri),Tomato,Local,FAQ,02/09/2023,1500,1500,1500,78
Maharashtra,Pune,Pune(Pimpri),Tomato,Local,FAQ,03/09/2023,2500,2500,2500,78
Maharashtra,Pune,Pune(Pimpri),Tomato,Local,FAQ,09/09/2023,1500,1500,1500,78
Maharashtra,Pune,Pune(Pimpri),Tomato,Local,FAQ,11/09/2023,1000,1000,1000,78
Maharashtra,Pune,Pune(Pimpri),Tomato,Local,FAQ,16/09/2023,800,1000,900,78
Maharashtra,Pune,Pune(Pimpri),Tomato,Local,FAQ,21/09/2023,700,1000,850,78
Maharashtra,Pune,Pune(Pimpri),Tomato,Local,FAQ,24/09/2023,700,800,750,78
Maharashtra,Pune,Pune(Pimpri),Tomato,Local,FAQ,25/09/2023,700,800,750,78
Maharashtra,Pune,Pune(Pimpri),Tomato,Local,FAQ,27/09/2023,700,800,750,78
Maharashtra,Pune,Pune(Pimpri),Tomato,Local,FAQ,28/09/2023,700,800,750,78
Maharashtra,Pune,Pune(Pimpri),Tomato,Local,FAQ,06/10/2023,500,1000,750,78
Maharashtra,Pune,Pune(Pimpri),Tomato,Local,FAQ,13/10/2023,600,800,700,78
Maharashtra,Pune,Pune(Pimpri),Tomato,Local,FAQ,16/10/2023,800,1000,900,78
Maharashtra,Pune,Pune(Pimpri),Tomato,Local,FAQ,23/10/2023,600,800,700,78
Maharashtra,Pune,Pune(Pimpri),Tomato,Local,FAQ,28/10/2023,700,800,750,78
Maharashtra,Pune,Pune(Pimpri),Tomato,Local,FAQ,04/11/2023,800,1200,1000,78
Maharashtra,Pune,Pune(Pimpri),Tomato,Local,FAQ,14/11/2023,1400,2000,1700,78
Maharashtra,Pune,Pune(Pimpri),Tomato,Local,FAQ,19/11/2023,2000,3000,2500,78
Maharashtra,Pune,Pune(Pimpri),Tomato,Local,FAQ,22/11/2023,2000,3000,2500,78
Maharashtra,Pune,Pune(Pimpri),Tomato,Local,FAQ,24/11/2023,1500,2500,2000,78
Maharashtra,Pune,Pune(Pimpri),Tomato,Local,FAQ,06/12/2023,2000,3000,2500,78
Maharashtra,Pune,Pune(Pimpri),Tomato,Local,FAQ,07/12/2023,2000,3000,2500,78
Maharashtra,Pune,Pune(Pimpri),Tomato,Local,FAQ,08/12/2023,1500,2500,2000,78
Maharashtra,Pune,Pune(Pimpri),Tomato,Local,FAQ,15/12/2023,1500,2500,2000,78
Maharashtra,Pune,Pune(Pimpri),Tomato,Local,FAQ,16/12/2023,1500,2500,2000,78
Maharashtra,Pune,Pune(Pimpri),Tomato,Local,FAQ,21/12/2023,1000,2000,1500,78
Maharashtra,Pune,Pune(Pimpri),Tomato,Local,FAQ,28/12/2023,1000,2000,1500,78
Maharashtra,Pune,Pune(Pimpri),Tomato,Local,FAQ,05/05/2024,1000,1400,1200,78
Maharashtra,Pune,Pune(Pimpri),Tomato,Local,FAQ,10/05/2024,1000,1300,1150,78
Maharashtra,Pune,Pune(Pimpri),Tomato,Local,FAQ,16/05/2024,1000,1300,1150,78
Maharashtra,Pune,Pune(Pimpri),Tomato,Local,FAQ,18/05/2024,1000,1200,1100,78
Maharashtra,Pune,Pune(Pimpri),Tomato,Local,FAQ,20/05/2024,1500,1700,1600,78
Maharashtra,Pune,Pune(Pimpri),Tomato,Local,FAQ,21/05/2024,700,1300,1000,78
Maharashtra,Pune,Pune(Pimpri),Tomato,Local,FAQ,26/05/2024,1000,1500,1250,78
Maharashtra,Pune,Pune(Pimpri),Tomato,Local,FAQ,01/06/2024,1200,1600,1400,78
Maharashtra,Pune,Pune(Pimpri),Tomato,Local,FAQ,05/06/2024,1600,2000,1800,78
Maharashtra,Pune,Pune(Pimpri),Tomato,Local,FAQ,25/06/2024,3500,4500,4000,78
Maharashtra,Pune,Pune(Pimpri),Tomato,Local,FAQ,04/01/2024,2500,2500,2500,78
Maharashtra,Pune,Pune(Pimpri),Tomato,Local,FAQ,07/01/2024,2000,2500,2250,78
Maharashtra,Pune,Pune(Pimpri),Tomato,Local,FAQ,09/01/2024,2000,2500,2250,78
Maharashtra,Pune,Pune(Pimpri),Tomato,Local,FAQ,11/01/2024,1500,2500,2000,78
Maharashtra,Pune,Pune(Pimpri),Tomato,Local,FAQ,12/01/2024,1500,2500,2000,78
Maharashtra,Pune,Pune(Pimpri),Tomato,Local,FAQ,14/01/2024,1800,2000,1900,78
Maharashtra,Pune,Pune(Pimpri),Tomato,Local,FAQ,21/01/2024,1800,2200,2000,78
Maharashtra,Pune,Pune(Pimpri),Tomato,Local,FAQ,02/02/2024,2000,2700,2350,78
Maharashtra,Pune,Pune(Pimpri),Tomato,Local,FAQ,03/02/2024,2500,2500,2500,78
Maharashtra,Pune,Pune(Pimpri),Tomato,Local,FAQ,04/02/2024,2000,3000,2500,78
Maharashtra,Pune,Pune(Pimpri),Tomato,Local,FAQ,05/02/2024,2500,3000,2750,78
Maharashtra,Pune,Pune(Pimpri),Tomato,Local,FAQ,13/02/2024,2500,2500,2500,78
Maharashtra,Pune,Pune(Pimpri),Tomato,Local,FAQ,15/02/2024,2400,2500,2450,78
Maharashtra,Pune,Pune(Pimpri),Tomato,Local,FAQ,17/02/2024,1500,1800,1650,78
Maharashtra,Pune,Pune(Pimpri),Tomato,Local,FAQ,21/02/2024,1500,2000,1750,78
Maharashtra,Pune,Pune(Pimpri),Tomato,Local,FAQ,25/02/2024,1200,1800,1500,78
Maharashtra,Pune,Pune(Pimpri),Tomato,Local,FAQ,26/02/2024,1600,1800,1700,78
Maharashtra,Pune,Pune(Pimpri),Tomato,Local,FAQ,29/02/2024,1400,2000,1700,78
Maharashtra,Pune,Pune(Pimpri),Tomato,Local,FAQ,12/03/2024,1400,1700,1550,78
Maharashtra,Pune,Pune(Pimpri),Tomato,Local,FAQ,22/03/2024,1000,1400,1200,78
Maharashtra,Pune,Pune(Pimpri),Tomato,Local,FAQ,31/03/2024,800,1200,1000,78
Maharashtra,Pune,Pune(Pimpri),Tomato,Local,FAQ,01/04/2024,800,1000,900,78
Maharashtra,Pune,Pune(Pimpri),Tomato,Local,FAQ,07/04/2024,800,1200,1000,78
Maharashtra,Pune,Pune(Pimpri),Tomato,Local,FAQ,13/04/2024,1000,1200,1100,78
Maharashtra,Pune,Pune(Pimpri),Tomato,Local,FAQ,30/04/2024,1000,1200,1100,78
Maharashtra,Pune,Pune(Pimpri),Tomato,Local,FAQ,22/06/2024,2000,3000,2500,78
Maharashtra,Pune,Pune(Pimpri),Tomato,Local,FAQ,23/02/2021,800,1000,900,78
Maharashtra,Pune,Pune(Pimpri),Tomato,Local,FAQ,26/02/2021,600,1300,950,78
Maharashtra,Pune,Pune(Pimpri),Tomato,Local,FAQ,21/03/2021,700,1000,850,78
Maharashtra,Pune,Pune(Pimpri),Tomato,Local,FAQ,22/03/2021,800,1000,900,78
Maharashtra,Pune,Pune(Pimpri),Tomato,Local,FAQ,24/03/2021,800,1200,1000,78
Maharashtra,Pune,Pune(Pimpri),Tomato,Local,FAQ,27/03/2021,800,1000,900,78
Maharashtra,Pune,Pune(Pimpri),Tomato,Local,FAQ,28/03/2021,700,1000,850,78
Maharashtra,Pune,Pune(Pimpri),Tomato,Local,FAQ,08/04/2021,1000,1200,1100,78
Maharashtra,Pune,Pune(Pimpri),Tomato,Local,FAQ,15/04/2021,1000,1200,1100,78
Maharashtra,Pune,Pune(Pimpri),Tomato,Local,FAQ,19/04/2021,1000,1200,1100,78
Maharashtra,Pune,Pune(Pimpri),Tomato,Local,FAQ,29/04/2021,1000,12000,1100,78
Maharashtra,Pune,Pune(Pimpri),Tomato,Local,FAQ,04/05/2021,1200,1200,1200,78
Maharashtra,Pune,Pune(Pimpri),Tomato,Local,FAQ,07/05/2021,1000,1200,1100,78
Maharashtra,Pune,Pune(Pimpri),Tomato,Local,FAQ,12/05/2021,1200,1300,1250,78
Maharashtra,Pune,Pune(Pimpri),Tomato,Local,FAQ,26/05/2021,1000,1200,1100,78
Maharashtra,Pune,Pune(Pimpri),Tomato,Local,FAQ,27/05/2021,1000,1200,1100,78
Maharashtra,Pune,Pune(Pimpri),Tomato,Local,FAQ,15/06/2021,1200,1200,1200,78
Maharashtra,Pune,Pune(Pimpri),Tomato,Local,FAQ,19/06/2021,1000,1000,1000,78
Maharashtra,Pune,Pune(Pimpri),Tomato,Local,FAQ,21/06/2021,1200,1200,1200,78
Maharashtra,Pune,Pune(Pimpri),Tomato,Local,FAQ,23/06/2021,1000,1200,1100,78
Maharashtra,Pune,Pune(Pimpri),Tomato,Local,FAQ,24/06/2021,800,1200,1000,78
Maharashtra,Pune,Pune(Pimpri),Tomato,Local,FAQ,25/06/2021,1000,1200,1100,78
Maharashtra,Pune,Pune(Pimpri),Tomato,Local,FAQ,01/07/2021,1000,1200,1100,78
Maharashtra,Pune,Pune(Pimpri),Tomato,Local,FAQ,04/07/2021,1000,1200,1100,78
Maharashtra,Pune,Pune(Pimpri),Tomato,Local,FAQ,06/07/2021,1200,1200,1200,78
Maharashtra,Pune,Pune(Pimpri),Tomato,Local,FAQ,07/07/2021,1200,1200,1200,78
Maharashtra,Pune,Pune(Pimpri),Tomato,Local,FAQ,09/07/2021,1200,1200,1200,78
Maharashtra,Pune,Pune(Pimpri),Tomato,Local,FAQ,22/07/2021,1200,1200,1200,78
Maharashtra,Pune,Pune(Pimpri),Tomato,Local,FAQ,24/07/2021,1200,1200,1200,78
Maharashtra,Pune,Pune(Pimpri),Tomato,Local,FAQ,30/07/2021,1200,1200,1200,78
Maharashtra,Pune,Pune(Pimpri),Tomato,Local,FAQ,03/08/2021,1300,1300,1300,78
Maharashtra,Pune,Pune(Pimpri),Tomato,Local,FAQ,08/08/2021,1200,1200,1200,78
Maharashtra,Pune,Pune(Pimpri),Tomato,Local,FAQ,10/08/2021,1200,1200,1200,78
Maharashtra,Pune,Pune(Pimpri),Tomato,Local,FAQ,11/08/2021,1200,1200,1200,78
Maharashtra,Pune,Pune(Pimpri),Tomato,Local,FAQ,30/08/2021,600,600,600,78
Maharashtra,Pune,Pune(Pimpri),Tomato,Local,FAQ,01/09/2021,600,700,650,78
Maharashtra,Pune,Pune(Pimpri),Tomato,Local,FAQ,04/09/2021,600,700,650,78
Maharashtra,Pune,Pune(Pimpri),Tomato,Local,FAQ,19/09/2021,600,700,650,78
Maharashtra,Pune,Pune(Pimpri),Tomato,Local,FAQ,23/09/2021,1000,1300,1150,78
Maharashtra,Pune,Pune(Pimpri),Tomato,Local,FAQ,30/09/2021,2000,2500,2250,78
Maharashtra,Pune,Pune(Pimpri),Tomato,Local,FAQ,02/10/2021,2000,2800,2400,78
Maharashtra,Pune,Pune(Pimpri),Tomato,Local,FAQ,05/10/2021,2000,3000,2500,78
Maharashtra,Pune,Pune(Pimpri),Tomato,Local,FAQ,09/10/2021,2500,3200,2850,78
Maharashtra,Pune,Pune(Pimpri),Tomato,Local,FAQ,16/10/2021,3000,3500,3250,78
Maharashtra,Pune,Pune(Pimpri),Tomato,Local,FAQ,19/10/2021,3000,3500,3250,78
Maharashtra,Pune,Pune(Pimpri),Tomato,Local,FAQ,23/10/2021,3000,3700,3350,78
Maharashtra,Pune,Pune(Pimpri),Tomato,Local,FAQ,24/10/2021,3000,3600,3300,78
Maharashtra,Pune,Pune(Pimpri),Tomato,Local,FAQ,26/10/2021,3000,3500,3250,78
Maharashtra,Pune,Pune(Pimpri),Tomato,Local,FAQ,05/11/2021,2500,2500,2500,78
Maharashtra,Pune,Pune(Pimpri),Tomato,Local,FAQ,12/11/2021,2500,4000,3250,78
Maharashtra,Pune,Pune(Pimpri),Tomato,Local,FAQ,15/11/2021,2500,2800,2650,78
Maharashtra,Pune,Pune(Pimpri),Tomato,Local,FAQ,23/11/2021,2000,3500,2750,78
Maharashtra,Pune,Pune(Pimpri),Tomato,Local,FAQ,25/11/2021,1500,4000,2750,78
Maharashtra,Pune,Pune(Pimpri),Tomato,Local,FAQ,29/11/2021,2500,4000,3250,78
Maharashtra,Pune,Pune(Pimpri),Tomato,Local,FAQ,03/12/2021,2000,4000,3000,78
Maharashtra,Pune,Pune(Pimpri),Tomato,Local,FAQ,07/12/2021,2000,3700,2600,78
Maharashtra,Pune,Pune(Pimpri),Tomato,Local,FAQ,09/12/2021,1500,4500,3000,78
Maharashtra,Pune,Pune(Pimpri),Tomato,Local,FAQ,14/12/2021,1200,3500,2350,78
Maharashtra,Pune,Pune(Pimpri),Tomato,Local,FAQ,17/12/2021,2500,3000,2750,78
Maharashtra,Pune,Pune(Pimpri),Tomato,Local,FAQ,25/12/2021,2000,2400,2200,78
Maharashtra,Pune,Pune(Pimpri),Tomato,Local,FAQ,28/12/2021,2000,3000,2500,78
Maharashtra,Pune,Pune(Pimpri),Tomato,Local,FAQ,03/07/2024,3000,3000,3000,78
Maharashtra,Pune,Pune(Pimpri),Tomato,Local,FAQ,05/07/2024,3500,3500,3500,78
Maharashtra,Pune,Pune(Pimpri),Tomato,Local,FAQ,06/07/2024,3000,3000,3000,78
Maharashtra,Pune,Pune(Pimpri),Tomato,Local,FAQ,10/07/2024,4000,4000,4000,78
Maharashtra,Pune,Pune(Pimpri),Tomato,Local,FAQ,17/07/2024,5000,5000,5000,78
Maharashtra,Pune,Pune(Pimpri),Tomato,Local,FAQ,19/07/2024,5000,5000,5000,78
Maharashtra,Pune,Pune(Pimpri),Tomato,Local,FAQ,23/07/2024,3500,3500,3500,78
Maharashtra,Pune,Pune(Pimpri),Tomato,Local,FAQ,26/07/2024,3500,3500,3500,78
Maharashtra,Pune,Pune(Pimpri),Tomato,Local,FAQ,30/07/2024,2500,2500,2500,78
Maharashtra,Pune,Pune(Pimpri),Tomato,Local,Local,16/04/2025,800,1200,1000,78
Maharashtra,Pune,Pune(Pimpri),Tomato,Local,Local,06/04/2025,600,1200,900,78
Maharashtra,Pune,Pune(Pimpri),Tomato,Local,Local,14/04/2025,1000,1300,1150,78
Maharashtra,Pune,Pune(Pimpri),Tomato,Local,FAQ,11/01/2022,2000,2500,2250,78
Maharashtra,Pune,Pune(Pimpri),Tomato,Local,FAQ,12/01/2022,1000,2000,1500,78
Maharashtra,Pune,Pune(Pimpri),Tomato,Local,FAQ,24/01/2022,2000,3000,2500,78
Maharashtra,Pune,Pune(Pimpri),Tomato,Local,FAQ,03/02/2022,2000,2000,2000,78
Maharashtra,Pune,Pune(Pimpri),Tomato,Local,FAQ,05/02/2022,2000,2000,2000,78
Maharashtra,Pune,Pune(Pimpri),Tomato,Local,FAQ,07/02/2022,1200,2500,1850,78
Maharashtra,Pune,Pune(Pimpri),Tomato,Local,FAQ,23/02/2022,1500,2000,1750,78
Maharashtra,Pune,Pune(Pimpri),Tomato,Local,FAQ,04/03/2022,1400,2000,1700,78
Maharashtra,Pune,Pune(Pimpri),Tomato,Local,FAQ,13/03/2022,600,2000,1300,78
Maharashtra,Pune,Pune(Pimpri),Tomato,Local,FAQ,14/03/2022,800,1500,1150,78
Maharashtra,Pune,Pune(Pimpri),Tomato,Local,FAQ,18/03/2022,1400,1800,1600,78
Maharashtra,Pune,Pune(Pimpri),Tomato,Local,FAQ,30/03/2022,1000,1500,1250,78
Maharashtra,Pune,Pune(Pimpri),Tomato,Local,FAQ,01/04/2022,700,1400,1050,78
Maharashtra,Pune,Pune(Pimpri),Tomato,Local,FAQ,04/04/2022,1200,1500,1350,78
Maharashtra,Pune,Pune(Pimpri),Tomato,Local,FAQ,06/04/2022,1000,1500,1350,78
Maharashtra,Pune,Pune(Pimpri),Tomato,Local,FAQ,25/04/2022,1000,1400,1200,78
Maharashtra,Pune,Pune(Pimpri),Tomato,Local,FAQ,29/04/2022,1000,1800,1400,78
Maharashtra,Pune,Pune(Pimpri),Tomato,Local,FAQ,30/04/2022,1500,2000,1750,78
Maharashtra,Pune,Pune(Pimpri),Tomato,Local,FAQ,03/05/2022,1500,3000,2250,78
Maharashtra,Pune,Pune(Pimpri),Tomato,Local,FAQ,04/05/2022,2800,3000,2900,78
Maharashtra,Pune,Pune(Pimpri),Tomato,Local,FAQ,16/05/2022,2500,3500,3000,78
Maharashtra,Pune,Pune(Pimpri),Tomato,Local,FAQ,17/05/2022,1500,3500,2500,78
Maharashtra,Pune,Pune(Pimpri),Tomato,Local,FAQ,19/05/2022,3000,4500,3750,78
Maharashtra,Pune,Pune(Pimpri),Tomato,Local,FAQ,27/05/2022,3000,4000,3500,78
Maharashtra,Pune,Pune(Pimpri),Tomato,Local,FAQ,29/05/2022,3000,4500,3750,78
Maharashtra,Pune,Pune(Pimpri),Tomato,Local,FAQ,09/06/2022,3000,5000,4000,78
Maharashtra,Pune,Pune(Pimpri),Tomato,Local,FAQ,10/06/2022,3000,5000,4000,78
Maharashtra,Pune,Pune(Pimpri),Tomato,Local,FAQ,12/06/2022,3000,5000,4000,78
Maharashtra,Pune,Pune(Pimpri),Tomato,Local,FAQ,15/06/2022,2000,4000,3000,78
Maharashtra,Pune,Pune(Pimpri),Tomato,Local,FAQ,19/06/2022,2000,3000,2500,78
Maharashtra,Pune,Pune(Pimpri),Tomato,Local,FAQ,21/06/2022,1000,3000,2000,78
Maharashtra,Pune,Pune(Pimpri),Tomato,Local,FAQ,25/06/2022,2000,4000,3000,78
Maharashtra,Pune,Pune(Pimpri),Tomato,Local,FAQ,10/07/2022,1200,1200,1200,78
Maharashtra,Pune,Pune(Pimpri),Tomato,Local,FAQ,18/07/2022,1200,1200,1200,78
Maharashtra,Pune,Pune(Pimpri),Tomato,Local,FAQ,24/07/2022,1200,1600,1400,78
Maharashtra,Pune,Pune(Pimpri),Tomato,Local,FAQ,03/08/2022,1200,1400,1300,78
Maharashtra,Pune,Pune(Pimpri),Tomato,Local,FAQ,14/08/2022,1200,1500,1350,78
Maharashtra,Pune,Pune(Pimpri),Tomato,Local,FAQ,21/08/2022,800,1200,1000,78
Maharashtra,Pune,Pune(Pimpri),Tomato,Local,FAQ,08/09/2022,800,1200,1000,78
Maharashtra,Pune,Pune(Pimpri),Tomato,Local,FAQ,11/09/2022,1000,1200,1100,78
Maharashtra,Pune,Pune(Pimpri),Tomato,Local,FAQ,14/09/2022,1500,2000,1750,78
Maharashtra,Pune,Pune(Pimpri),Tomato,Local,FAQ,28/09/2022,1400,2000,1700,78
Maharashtra,Pune,Pune(Pimpri),Tomato,Local,FAQ,29/09/2022,600,1400,1000,78
Maharashtra,Pune,Pune(Pimpri),Tomato,Local,FAQ,03/10/2022,2000,2000,2000,78
Maharashtra,Pune,Pune(Pimpri),Tomato,Local,FAQ,08/10/2022,3000,3800,3600,78
Maharashtra,Pune,Pune(Pimpri),Tomato,Local,FAQ,10/10/2022,2000,3000,2500,78
Maharashtra,Pune,Pune(Pimpri),Tomato,Local,FAQ,18/10/2022,3000,3000,3000,78
Maharashtra,Pune,Pune(Pimpri),Tomato,Local,FAQ,22/10/2022,3000,3000,3000,78
Maharashtra,Pune,Pune(Pimpri),Tomato,Local,FAQ,04/11/2022,1500,2000,1750,78
Maharashtra,Pune,Pune(Pimpri),Tomato,Local,FAQ,06/11/2022,1000,2000,1500,78
Maharashtra,Pune,Pune(Pimpri),Tomato,Local,FAQ,07/11/2022,1000,2000,1500,78
Maharashtra,Pune,Pune(Pimpri),Tomato,Local,FAQ,12/12/2022,600,1000,800,78
Maharashtra,Pune,Pune(Pimpri),Tomato,Local,FAQ,13/12/2022,800,1000,900,78
Maharashtra,Pune,Pune(Pimpri),Tomato,Local,FAQ,14/12/2022,600,800,700,78
Maharashtra,Pune,Pune(Pimpri),Tomato,Local,FAQ,16/12/2022,600,1000,800,78
Maharashtra,Pune,Pune(Pimpri),Tomato,Local,FAQ,17/12/2022,700,800,750,78
Maharashtra,Pune,Pune(Pimpri),Tomato,Local,FAQ,24/12/2022,600,1000,800,78
Maharashtra,Pune,Pune(Pimpri),Tomato,Local,FAQ,28/12/2022,800,1000,900,78
Maharashtra,Pune,Pune(Pimpri),Tomato,Local,FAQ,31/12/2022,600,900,750,78
Maharashtra,Pune,Pune(Pimpri),Tomato,Local,Local,02/03/2025,800,1200,1000,78
Maharashtra,Pune,Pune(Pimpri),Tomato,Local,Local,06/03/2025,1000,1200,1100,78
Maharashtra,Pune,Pune(Pimpri),Tomato,Local,Local,11/03/2025,1200,1300,1250,78
Maharashtra,Pune,Pune(Pimpri),Tomato,Local,Local,16/03/2025,1000,1200,1100,78
Maharashtra,Pune,Pune(Pimpri),Tomato,Local,Local,18/03/2025,1000,1200,1100,78
Maharashtra,Pune,Pune(Pimpri),Tomato,Local,Local,19/03/2025,1000,1200,1100,78
Maharashtra,Pune,Pune(Pimpri),Tomato,Local,Local,20/03/2025,1000,1300,1150,78
Maharashtra,Pune,Pune(Pimpri),Tomato,Local,Local,23/03/2025,800,1200,1000,78
Maharashtra,Pune,Pune(Pimpri),Tomato,Local,Local,29/03/2025,800,1200,1000,78
Maharashtra,Pune,Pune(Pimpri),Tomato,Local,Local,01/05/2025,1000,1400,1200,78
Maharashtra,Pune,Pune(Pimpri),Tomato,Local,Local,05/05/2025,1000,1200,1100,78
Maharashtra,Pune,Pune(Pimpri),Tomato,Local,Local,09/05/2025,1000,1200,1100,78
Maharashtra,Pune,Pune(Pimpri),Tomato,Local,Local,12/05/2025,1000,1200,1100,78
Maharashtra,Pune,Pune(Pimpri),Tomato,Local,Local,16/05/2025,1200,1300,1250,78
Maharashtra,Pune,Pune(Pimpri),Tomato,Local,Local,23/05/2025,1000,1200,1100,78
Maharashtra,Pune,Pune(Pimpri),Tomato,Local,Local,13/05/2025,1000,1200,1100,78
Maharashtra,Pune,Pune(Pimpri),Tomato,Local,Local,28/05/2025,2000,2000,2000,78
Maharashtra,Pune,Pune(Pimpri),Tomato,Local,Local,05/06/2025,1000,2000,1500,78
Maharashtra,Pune,Pune(Pimpri),Tomato,Local,Local,14/06/2025,1500,2000,1750,78
Maharashtra,Pune,Pune(Pimpri),Tomato,Local,Local,18/06/2025,1000,2000,1500,78
Maharashtra,Pune,Pune(Pimpri),Tomato,Local,Local,29/06/2025,1500,2000,1750,78
Maharashtra,Pune,Pune(Pimpri),Tomato,Local,Local,01/07/2025,2000,2000,2000,78
Maharashtra,Pune,Pune(Pimpri),Tomato,Local,Local,03/07/2025,1500,2000,1750,78
Maharashtra,Pune,Pune(Pimpri),Tomato,Local,Local,09/07/2025,1500,2000,1750,78
Maharashtra,Pune,Pune(Pimpri),Tomato,Local,Local,12/07/2025,1500,2000,1750,78
Maharashtra,Pune,Pune(Pimpri),Tomato,Local,Local,14/07/2025,700,1600,1150,78
Maharashtra,Pune,Pune(Pimpri),Tomato,Local,Local,06/08/2025,2000,3000,2500,78
Maharashtra,Pune,Pune(Pimpri),Tomato,Local,Local,08/08/2025,3000,3000,3000,78
Maharashtra,Pune,Pune(Pimpri),Tomato,Local,Local,14/08/2025,3000,4000,3500,78
Maharashtra,Pune,Pune(Pimpri),Tomato,Local,Local,25/08/2025,2000,3000,2500,78
Maharashtra,Pune,Pune(Pimpri),Tomato,Local,Local,08/09/2025,1500,1500,1500,78
Maharashtra,Pune,Pune(Pimpri),Tomato,Local,Local,09/09/2025,1000,2000,1500,78
Maharashtra,Pune,Pune(Pimpri),Tomato,Local,Local,14/09/2025,1200,1500,1350,78
Maharashtra,Pune,Pune(Pimpri),Tomato,Local,Local,16/09/2025,1400,1500,1450,78
Maharashtra,Pune,Pune(Pimpri),Tomato,Local,Local,21/09/2025,1400,1600,1500,78
Maharashtra,Pune,Pune(Pimpri),Tomato,Local,Local,01/11/2025,1400,1600,1500,78
Maharashtra,Pune,Pune(Pimpri),Tomato,Local,Local,04/11/2025,1400,1600,1500,78
Maharashtra,Pune,Pune(Pimpri),Tomato,Local,Local,05/10/2025,1000,2000,1500,78
Maharashtra,Pune,Pune(Pimpri),Tomato,Local,Local,12/10/2025,1400,1600,1500,78
Maharashtra,Pune,Pune(Pimpri),Tomato,Local,Local,15/10/2025,1500,2000,1750,78
Maharashtra,Pune,Pune(Pimpri),Tomato,Local,Local,18/10/2025,1400,1600,1500,78
Maharashtra,Pune,Pune(Pimpri),Tomato,Local,Local,20/10/2025,1000,1600,1300,78
Maharashtra,Pune,Pune(Pimpri),Tomato,Local,Local,22/10/2025,1200,1600,1400,78
Maharashtra,Pune,Pune(Pimpri),Tomato,Local,Local,30/10/2025,1300,1500,1400,78
Maharashtra,Pune,Pune(Pimpri),Tomato,Local,FAQ,03/01/2022,2000,3000,2500,78
Maharashtra,Pune,Pune(Pimpri),Tomato,Local,FAQ,04/01/2022,2000,3000,2500,78
Maharashtra,Pune,Pune(Pimpri),Tomato,Local,FAQ,05/01/2022,2300,3000,2650,78
Maharashtra,Pune,Pune(Pimpri),Tomato,Local,FAQ,08/01/2022,2200,3000,2600,78
Maharashtra,Pune,Pune(Pimpri),Tomato,Local,FAQ,09/01/2022,2000,2400,2200,78
Maharashtra,Pune,Pune(Pimpri),Tomato,Local,FAQ,17/01/2022,1600,2500,2050,78
Maharashtra,Pune,Pune(Pimpri),Tomato,Local,FAQ,18/01/2022,1000,3500,2250,78
Maharashtra,Pune,Pune(Pimpri),Tomato,Local,FAQ,19/01/2022,1500,2000,1750,78
Maharashtra,Pune,Pune(Pimpri),Tomato,Local,FAQ,27/01/2022,2000,2500,2250,78
Maharashtra,Pune,Pune(Pimpri),Tomato,Local,FAQ,30/01/2022,2000,2000,2000,78
Maharashtra,Pune,Pune(Pimpri),Tomato,Local,FAQ,06/02/2022,1000,2500,1750,78
Maharashtra,Pune,Pune(Pimpri),Tomato,Local,FAQ,08/02/2022,2000,3000,2500,78
Maharashtra,Pune,Pune(Pimpri),Tomato,Local,FAQ,11/02/2022,1500,2000,1850,78
Maharashtra,Pune,Pune(Pimpri),Tomato,Local,FAQ,12/02/2022,2000,2000,2000,78
Maharashtra,Pune,Pune(Pimpri),Tomato,Local,FAQ,14/02/2022,1000,2000,1500,78
Maharashtra,Pune,Pune(Pimpri),Tomato,Local,FAQ,17/02/2022,1500,2000,1750,78
Maharashtra,Pune,Pune(Pimpri),Tomato,Local,FAQ,19/02/2022,1500,2000,1750,78
Maharashtra,Pune,Pune(Pimpri),Tomato,Local,FAQ,20/02/2022,2000,2000,2000,78
Maharashtra,Pune,Pune(Pimpri),Tomato,Local,FAQ,21/02/2022,2000,2000,2000,78
Maharashtra,Pune,Pune(Pimpri),Tomato,Local,FAQ,24/02/2022,1500,1600,1550,78
Maharashtra,Pune,Pune(Pimpri),Tomato,Local,FAQ,03/03/2022,1500,2000,1750,78
Maharashtra,Pune,Pune(Pimpri),Tomato,Local,FAQ,09/03/2022,1000,2000,1500,78
Maharashtra,Pune,Pune(Pimpri),Tomato,Local,FAQ,21/03/2022,1500,1800,1650,78
Maharashtra,Pune,Pune(Pimpri),Tomato,Local,FAQ,27/03/2022,600,1400,1000,78
Maharashtra,Pune,Pune(Pimpri),Tomato,Local,FAQ,31/03/2022,1000,1400,1200,78
Maharashtra,Pune,Pune(Pimpri),Tomato,Local,FAQ,03/04/2022,1200,1400,1300,78
Maharashtra,Pune,Pune(Pimpri),Tomato,Local,FAQ,05/04/2022,1200,1800,1500,78
Maharashtra,Pune,Pune(Pimpri),Tomato,Local,FAQ,07/04/2022,800,1200,1100,78
Maharashtra,Pune,Pune(Pimpri),Tomato,Local,FAQ,09/04/2022,700,1400,1050,78
Maharashtra,Pune,Pune(Pimpri),Tomato,Local,FAQ,10/04/2022,800,1400,1100,78
Maharashtra,Pune,Pune(Pimpri),Tomato,Local,FAQ,12/04/2022,700,1300,1000,78
Maharashtra,Pune,Pune(Pimpri),Tomato,Local,FAQ,13/04/2022,800,1400,1100,78
Maharashtra,Pune,Pune(Pimpri),Tomato,Local,FAQ,18/04/2022,800,1400,1100,78
Maharashtra,Pune,Pune(Pimpri),Tomato,Local,FAQ,20/04/2022,1000,1500,1250,78
Maharashtra,Pune,Pune(Pimpri),Tomato,Local,FAQ,21/04/2022,800,1400,1100,78
Maharashtra,Pune,Pune(Pimpri),Tomato,Local,FAQ,27/04/2022,1000,1800,1400,78
Maharashtra,Pune,Pune(Pimpri),Tomato,Local,FAQ,09/05/2022,2300,3500,2900,78
Maharashtra,Pune,Pune(Pimpri),Tomato,Local,FAQ,15/05/2022,2500,3000,2750,78
Maharashtra,Pune,Pune(Pimpri),Tomato,Local,FAQ,26/05/2022,3000,3000,3000,78
Maharashtra,Pune,Pune(Pimpri),Tomato,Local,FAQ,02/06/2022,4000,4000,4000,78
Maharashtra,Pune,Pune(Pimpri),Tomato,Local,FAQ,07/06/2022,3500,4000,3750,78
Maharashtra,Pune,Pune(Pimpri),Tomato,Local,FAQ,11/06/2022,3000,4000,3500,78
Maharashtra,Pune,Pune(Pimpri),Tomato,Local,FAQ,14/06/2022,3500,4500,4000,78
Maharashtra,Pune,Pune(Pimpri),Tomato,Local,FAQ,16/06/2022,3000,4000,3500,78
Maharashtra,Pune,Pune(Pimpri),Tomato,Local,FAQ,17/06/2022,2500,4000,3250,78
Maharashtra,Pune,Pune(Pimpri),Tomato,Local,FAQ,20/06/2022,3000,4000,3500,78
Maharashtra,Pune,Pune(Pimpri),Tomato,Local,FAQ,24/06/2022,3000,4000,3500,78
Maharashtra,Pune,Pune(Pimpri),Tomato,Local,FAQ,28/06/2022,3500,4000,3500,78
Maharashtra,Pune,Pune(Pimpri),Tomato,Local,FAQ,30/06/2022,3000,3000,3000,78
Maharashtra,Pune,Pune(Pimpri),Tomato,Local,FAQ,03/07/2022,1200,2000,1600,78
Maharashtra,Pune,Pune(Pimpri),Tomato,Local,FAQ,04/07/2022,1100,1500,1300,78
Maharashtra,Pune,Pune(Pimpri),Tomato,Local,FAQ,05/07/2022,1500,1800,1650,78
Maharashtra,Pune,Pune(Pimpri),Tomato,Local,FAQ,06/07/2022,1400,1500,1450,78
Maharashtra,Pune,Pune(Pimpri),Tomato,Local,FAQ,09/07/2022,1000,1400,1200,78
Maharashtra,Pune,Pune(Pimpri),Tomato,Local,FAQ,12/07/2022,1200,1300,1250,78
Maharashtra,Pune,Pune(Pimpri),Tomato,Local,FAQ,13/07/2022,1000,1200,1100,78
Maharashtra,Pune,Pune(Pimpri),Tomato,Local,FAQ,16/07/2022,1000,1200,1100,78
Maharashtra,Pune,Pune(Pimpri),Tomato,Local,FAQ,28/07/2022,1400,1400,1400,78
Maharashtra,Pune,Pune(Pimpri),Tomato,Local,FAQ,30/07/2022,1200,1500,1350,78
Maharashtra,Pune,Pune(Pimpri),Tomato,Local,FAQ,01/08/2022,1000,1400,1200,78
Maharashtra,Pune,Pune(Pimpri),Tomato,Local,FAQ,06/08/2022,1000,1200,1100,78
Maharashtra,Pune,Pune(Pimpri),Tomato,Local,FAQ,11/08/2022,1000,1200,1100,78
Maharashtra,Pune,Pune(Pimpri),Tomato,Local,FAQ,12/08/2022,1200,1500,1300,78
Maharashtra,Pune,Pune(Pimpri),Tomato,Local,FAQ,15/08/2022,1000,1000,1000,78
Maharashtra,Pune,Pune(Pimpri),Tomato,Local,FAQ,17/08/2022,1200,1500,1350,78
Maharashtra,Pune,Pune(Pimpri),Tomato,Local,FAQ,18/08/2022,1000,1400,1200,78
Maharashtra,Pune,Pune(Pimpri),Tomato,Local,FAQ,26/08/2022,800,1200,1000,78
Maharashtra,Pune,Pune(Pimpri),Tomato,Local,FAQ,06/09/2022,1200,1400,1300,78
Maharashtra,Pune,Pune(Pimpri),Tomato,Local,FAQ,10/09/2022,1000,1500,1250,78
Maharashtra,Pune,Pune(Pimpri),Tomato,Local,FAQ,19/09/2022,1000,1500,1250,78
Maharashtra,Pune,Pune(Pimpri),Tomato,Local,FAQ,22/09/2022,1000,1500,1300,78
Maharashtra,Pune,Pune(Pimpri),Tomato,Local,FAQ,24/09/2022,1300,1500,1400,78
Maharashtra,Pune,Pune(Pimpri),Tomato,Local,FAQ,30/09/2022,1500,2500,2000,78
Maharashtra,Pune,Pune(Pimpri),Tomato,Local,FAQ,02/10/2022,1500,2500,2000,78
Maharashtra,Pune,Pune(Pimpri),Tomato,Local,FAQ,04/10/2022,3000,3000,3000,78
Maharashtra,Pune,Pune(Pimpri),Tomato,Local,FAQ,09/10/2022,2000,3000,2500,78
Maharashtra,Pune,Pune(Pimpri),Tomato,Local,FAQ,13/10/2022,2000,3000,2500,78
Maharashtra,Pune,Pune(Pimpri),Tomato,Local,FAQ,19/10/2022,3000,3000,3000,78
Maharashtra,Pune,Pune(Pimpri),Tomato,Local,FAQ,24/10/2022,3000,3000,3000,78
Maharashtra,Pune,Pune(Pimpri),Tomato,Local,FAQ,29/10/2022,2000,3000,2500,78
Maharashtra,Pune,Pune(Pimpri),Tomato,Local,FAQ,05/11/2022,1500,3000,2250,78
Maharashtra,Pune,Pune(Pimpri),Tomato,Local,FAQ,20/11/2022,800,1200,1000,78
Maharashtra,Pune,Pune(Pimpri),Tomato,Local,FAQ,22/11/2022,600,1200,900,78
Maharashtra,Pune,Pune(Pimpri),Tomato,Local,FAQ,24/11/2022,800,1200,1000,78
Maharashtra,Pune,Pune(Pimpri),Tomato,Local,FAQ,01/12/2022,700,1000,850,78
Maharashtra,Pune,Pune(Pimpri),Tomato,Local,FAQ,05/12/2022,800,1200,1000,78
Maharashtra,Pune,Pune(Pimpri),Tomato,Local,FAQ,06/12/2022,800,1200,1000,78
Maharashtra,Pune,Pune(Pimpri),Tomato,Local,FAQ,19/12/2022,700,800,750,78
Maharashtra,Pune,Pune(Pimpri),Tomato,Local,FAQ,23/12/2022,600,1000,800,78
Maharashtra,Pune,Pune(Pimpri),Tomato,Local,FAQ,29/12/2022,500,1000,750,78
Maharashtra,Pune,Pune(Pimpri),Tomato,Local,FAQ,30/12/2022,600,800,700,78
Maharashtra,Pune,Pune(Pimpri),Tomato,Local,FAQ,01/03/2021,800,1000,900,78
Maharashtra,Pune,Pune(Pimpri),Tomato,Local,FAQ,06/03/2021,1000,1000,1000,78
Maharashtra,Pune,Pune(Pimpri),Tomato,Local,FAQ,15/03/2021,700,1000,850,78
Maharashtra,Pune,Pune(Pimpri),Tomato,Local,FAQ,01/04/2021,800,1700,1200,78
Maharashtra,Pune,Pune(Pimpri),Tomato,Local,FAQ,04/04/2021,1400,1500,1450,78
Maharashtra,Pune,Pune(Pimpri),Tomato,Local,FAQ,21/04/2021,1200,1400,1300,78
Maharashtra,Pune,Pune(Pimpri),Tomato,Local,FAQ,23/04/2021,800,1200,1000,78
Maharashtra,Pune,Pune(Pimpri),Tomato,Local,FAQ,03/05/2021,1200,1200,1200,78
Maharashtra,Pune,Pune(Pimpri),Tomato,Local,FAQ,06/05/2021,1200,1200,1200,78
Maharashtra,Pune,Pune(Pimpri),Tomato,Local,FAQ,10/05/2021,1000,1200,1100,78
Maharashtra,Pune,Pune(Pimpri),Tomato,Local,FAQ,18/05/2021,1200,1200,1200,78
Maharashtra,Pune,Pune(Pimpri),Tomato,Local,FAQ,19/05/2021,1000,1300,1150,78
Maharashtra,Pune,Pune(Pimpri),Tomato,Local,FAQ,21/05/2021,800,1000,900,78
Maharashtra,Pune,Pune(Pimpri),Tomato,Local,FAQ,28/05/2021,1200,1200,1200,78
Maharashtra,Pune,Pune(Pimpri),Tomato,Local,FAQ,05/06/2021,1200,1200,1200,78
Maharashtra,Pune,Pune(Pimpri),Tomato,Local,FAQ,07/06/2021,800,1200,1000,78
Maharashtra,Pune,Pune(Pimpri),Tomato,Local,FAQ,10/06/2021,1000,1200,1100,78
Maharashtra,Pune,Pune(Pimpri),Tomato,Local,FAQ,12/06/2021,1000,1200,1100,78
Maharashtra,Pune,Pune(Pimpri),Tomato,Local,FAQ,26/06/2021,1000,1200,1100,78
Maharashtra,Pune,Pune(Pimpri),Tomato,Local,FAQ,29/06/2021,1000,1200,1100,78
Maharashtra,Pune,Pune(Pimpri),Tomato,Local,FAQ,30/06/2021,1200,1200,1200,78
Maharashtra,Pune,Pune(Pimpri),Tomato,Local,FAQ,05/07/2021,1000,1200,1100,78
Maharashtra,Pune,Pune(Pimpri),Tomato,Local,FAQ,08/07/2021,1000,1200,1100,78
Maharashtra,Pune,Pune(Pimpri),Tomato,Local,FAQ,11/07/2021,900,1200,1050,78
Maharashtra,Pune,Pune(Pimpri),Tomato,Local,FAQ,17/07/2021,1200,1200,1200,78
Maharashtra,Pune,Pune(Pimpri),Tomato,Local,FAQ,18/07/2021,1000,1200,1100,78
Maharashtra,Pune,Pune(Pimpri),Tomato,Local,FAQ,20/07/2021,1200,1200,1200,78
Maharashtra,Pune,Pune(Pimpri),Tomato,Local,FAQ,23/07/2021,1200,1200,1200,78
Maharashtra,Pune,Pune(Pimpri),Tomato,Local,FAQ,26/07/2021,1200,1200,1200,78
Maharashtra,Pune,Pune(Pimpri),Tomato,Local,FAQ,31/07/2021,1000,1200,1100,78
Maharashtra,Pune,Pune(Pimpri),Tomato,Local,FAQ,04/08/2021,1200,1300,1250,78
Maharashtra,Pune,Pune(Pimpri),Tomato,Local,FAQ,05/08/2021,1200,1300,1250,78
Maharashtra,Pune,Pune(Pimpri),Tomato,Local,FAQ,09/08/2021,1200,1300,1250,78
Maharashtra,Pune,Pune(Pimpri),Tomato,Local,FAQ,12/08/2021,1200,1200,1200,78
Maharashtra,Pune,Pune(Pimpri),Tomato,Local,FAQ,18/08/2021,800,800,800,78
Maharashtra,Pune,Pune(Pimpri),Tomato,Local,FAQ,22/08/2021,700,800,750,78
Maharashtra,Pune,Pune(Pimpri),Tomato,Local,FAQ,24/08/2021,600,600,600,78
Maharashtra,Pune,Pune(Pimpri),Tomato,Local,FAQ,05/09/2021,700,700,700,78
Maharashtra,Pune,Pune(Pimpri),Tomato,Local,FAQ,11/09/2021,700,700,700,78
Maharashtra,Pune,Pune(Pimpri),Tomato,Local,FAQ,13/09/2021,600,700,650,78
Maharashtra,Pune,Pune(Pimpri),Tomato,Local,FAQ,17/09/2021,800,900,850,78
Maharashtra,Pune,Pune(Pimpri),Tomato,Local,FAQ,18/09/2021,700,700,700,78
Maharashtra,Pune,Pune(Pimpri),Tomato,Local,FAQ,28/09/2021,2300,2500,2400,78
Maharashtra,Pune,Pune(Pimpri),Tomato,Local,FAQ,29/09/2021,2500,2800,2650,78
Maharashtra,Pune,Pune(Pimpri),Tomato,Local,FAQ,04/10/2021,2500,2800,2650,78
Maharashtra,Pune,Pune(Pimpri),Tomato,Local,FAQ,13/10/2021,2500,3000,2750,78
Maharashtra,Pune,Pune(Pimpri),Tomato,Local,FAQ,14/10/2021,3000,3500,3250,78
Maharashtra,Pune,Pune(Pimpri),Tomato,Local,FAQ,20/10/2021,3000,4200,3600,78
Maharashtra,Pune,Pune(Pimpri),Tomato,Local,FAQ,25/10/2021,3000,3700,3350,78
Maharashtra,Pune,Pune(Pimpri),Tomato,Local,FAQ,30/10/2021,2500,3000,2750,78
Maharashtra,Pune,Pune(Pimpri),Tomato,Local,FAQ,31/10/2021,2500,3500,3000,78
Maharashtra,Pune,Pune(Pimpri),Tomato,Local,FAQ,03/11/2021,2000,3000,2500,78
Maharashtra,Pune,Pune(Pimpri),Tomato,Local,FAQ,09/11/2021,2500,3500,3000,78
Maharashtra,Pune,Pune(Pimpri),Tomato,Local,FAQ,16/11/2021,2500,3000,2750,78
Maharashtra,Pune,Pune(Pimpri),Tomato,Local,FAQ,17/11/2021,3000,3200,3100,78
Maharashtra,Pune,Pune(Pimpri),Tomato,Local,FAQ,22/11/2021,2500,3300,2900,78
Maharashtra,Pune,Pune(Pimpri),Tomato,Local,FAQ,30/11/2021,1900,2300,2100,78
Maharashtra,Pune,Pune(Pimpri),Tomato,Local,FAQ,04/12/2021,3000,3000,3000,78
Maharashtra,Pune,Pune(Pimpri),Tomato,Local,FAQ,06/12/2021,3000,4200,3600,78
Maharashtra,Pune,Pune(Pimpri),Tomato,Local,FAQ,11/12/2021,3000,4000,3500,78
Maharashtra,Pune,Pune(Pimpri),Tomato,Local,FAQ,13/12/2021,1500,3000,2250,78
Maharashtra,Pune,Pune(Pimpri),Tomato,Local,FAQ,18/12/2021,1500,3000,2250,78
Maharashtra,Pune,Pune(Pimpri),Tomato,Local,FAQ,23/12/2021,2000,2200,2100,78
Maharashtra,Pune,Pune(Pimpri),Tomato,Local,FAQ,26/12/2021,2000,2000,2000,78
Maharashtra,Pune,Pune(Pimpri),Tomato,Local,FAQ,27/12/2021,2000,3000,2500,78
Maharashtra,Pune,Pune(Pimpri),Tomato,Local,FAQ,31/12/2021,2000,3200,2600,78
Maharashtra,Pune,Pune(Pimpri),Tomato,Local,FAQ,11/10/2024,3500,5000,4250,78
Maharashtra,Pune,Pune(Pimpri),Tomato,Local,FAQ,16/10/2024,4000,5000,4500,78
Maharashtra,Pune,Pune(Pimpri),Tomato,Local,FAQ,18/10/2024,3500,4000,3750,78
Maharashtra,Pune,Pune(Pimpri),Tomato,Local,FAQ,09/10/2024,4000,4000,4000,78
Maharashtra,Pune,Pune(Pimpri),Tomato,Local,FAQ,19/10/2024,2500,4000,3250,78
Maharashtra,Pune,Pune(Pimpri),Tomato,Local,FAQ,10/10/2024,4000,4000,4000,78
Maharashtra,Pune,Pune(Pimpri),Tomato,Local,FAQ,23/10/2024,3000,4000,3500,78
Maharashtra,Pune,Pune(Pimpri),Tomato,Local,FAQ,05/10/2024,4000,4500,4250,78
Maharashtra,Pune,Pune(Pimpri),Tomato,Local,FAQ,01/10/2024,2500,3000,2750,78
Maharashtra,Pune,Pune(Pimpri),Tomato,Local,FAQ,14/10/2024,4000,5000,4500,78
Maharashtra,Pune,Pune(Pimpri),Tomato,Local,FAQ,22/10/2024,4000,4000,4000,78
Maharashtra,Pune,Pune(Pimpri),Tomato,Local,FAQ,03/05/2024,1200,1500,1350,78
Maharashtra,Pune,Pune(Pimpri),Tomato,Local,FAQ,09/05/2024,1200,1500,1350,78
Maharashtra,Pune,Pune(Pimpri),Tomato,Local,FAQ,23/05/2024,1000,1200,1100,78
Maharashtra,Pune,Pune(Pimpri),Tomato,Local,FAQ,01/01/2023,800,1000,900,78
Maharashtra,Pune,Pune(Pimpri),Tomato,Local,FAQ,04/01/2023,600,1200,900,78
Maharashtra,Pune,Pune(Pimpri),Tomato,Local,FAQ,06/01/2023,700,800,750,78
Maharashtra,Pune,Pune(Pimpri),Tomato,Local,FAQ,14/01/2023,800,1000,900,78
Maharashtra,Pune,Pune(Pimpri),Tomato,Local,FAQ,20/01/2023,1000,1500,1200,78
Maharashtra,Pune,Pune(Pimpri),Tomato,Local,FAQ,21/01/2023,800,1200,1000,78
Maharashtra,Pune,Pune(Pimpri),Tomato,Local,FAQ,25/01/2023,800,1200,1000,78
Maharashtra,Pune,Pune(Pimpri),Tomato,Local,FAQ,05/02/2023,800,1000,900,78
Maharashtra,Pune,Pune(Pimpri),Tomato,Local,FAQ,10/02/2023,800,1000,900,78
Maharashtra,Pune,Pune(Pimpri),Tomato,Local,FAQ,12/02/2023,800,1000,900,78
Maharashtra,Pune,Pune(Pimpri),Tomato,Local,FAQ,17/02/2023,800,1200,1000,78
Maharashtra,Pune,Pune(Pimpri),Tomato,Local,FAQ,18/02/2023,1000,1000,1000,78
Maharashtra,Pune,Pune(Pimpri),Tomato,Local,FAQ,21/02/2023,800,1200,1000,78
Maharashtra,Pune,Pune(Pimpri),Tomato,Local,FAQ,23/02/2023,800,1200,1000,78
Maharashtra,Pune,Pune(Pimpri),Tomato,Local,FAQ,24/02/2023,800,1200,1000,78
Maharashtra,Pune,Pune(Pimpri),Tomato,Local,FAQ,10/03/2023,1000,1200,1100,78
Maharashtra,Pune,Pune(Pimpri),Tomato,Local,FAQ,12/03/2023,800,1200,1000,78
Maharashtra,Pune,Pune(Pimpri),Tomato,Local,FAQ,30/03/2023,800,1200,1000,78
Maharashtra,Pune,Pune(Pimpri),Tomato,Local,FAQ,02/04/2023,800,1000,900,78
Maharashtra,Pune,Pune(Pimpri),Tomato,Local,FAQ,03/04/2023,800,1200,1000,78
Maharashtra,Pune,Pune(Pimpri),Tomato,Local,FAQ,05/04/2023,800,1200,1000,78
Maharashtra,Pune,Pune(Pimpri),Tomato,Local,FAQ,08/04/2023,800,1200,1000,78
Maharashtra,Pune,Pune(Pimpri),Tomato,Local,FAQ,10/04/2023,800,1200,1000,78
Maharashtra,Pune,Pune(Pimpri),Tomato,Local,FAQ,16/04/2023,800,1000,900,78
Maharashtra,Pune,Pune(Pimpri),Tomato,Local,FAQ,26/04/2023,800,1200,1000,78
Maharashtra,Pune,Pune(Pimpri),Tomato,Local,FAQ,28/04/2023,900,1100,1000,78
Maharashtra,Pune,Pune(Pimpri),Tomato,Local,FAQ,04/05/2023,700,1000,850,78
Maharashtra,Pune,Pune(Pimpri),Tomato,Local,FAQ,09/05/2023,800,1200,1000,78
Maharashtra,Pune,Pune(Pimpri),Tomato,Local,FAQ,14/05/2023,600,1200,900,78
Maharashtra,Pune,Pune(Pimpri),Tomato,Local,FAQ,21/05/2023,800,1200,1000,78
Maharashtra,Pune,Pune(Pimpri),Tomato,Local,FAQ,25/05/2023,800,1200,1000,78
Maharashtra,Pune,Pune(Pimpri),Tomato,Local,FAQ,26/05/2023,800,1200,1000,78
Maharashtra,Pune,Pune(Pimpri),Tomato,Local,FAQ,09/06/2023,800,1200,1000,78
Maharashtra,Pune,Pune(Pimpri),Tomato,Local,FAQ,13/06/2023,1000,2000,1500,78
Maharashtra,Pune,Pune(Pimpri),Tomato,Local,FAQ,17/06/2023,1500,2000,1750,78
Maharashtra,Pune,Pune(Pimpri),Tomato,Local,FAQ,27/06/2023,3000,3000,3000,78
Maharashtra,Pune,Pune(Pimpri),Tomato,Local,FAQ,08/07/2023,6000,7000,6500,78
Maharashtra,Pune,Pune(Pimpri),Tomato,Local,FAQ,14/07/2023,5000,7000,6000,78
Maharashtra,Pune,Pune(Pimpri),Tomato,Local,FAQ,16/07/2023,3000,7000,5000,78
Maharashtra,Pune,Pune(Pimpri),Tomato,Local,FAQ,18/07/2023,7000,7000,7000,78
Maharashtra,Pune,Pune(Pimpri),Tomato,Local,FAQ,22/07/2023,6000,7000,6500,78
Maharashtra,Pune,Pune(Pimpri),Tomato,Local,FAQ,03/08/2023,7000,11000,9000,78
Maharashtra,Pune,Pune(Pimpri),Tomato,Local,FAQ,06/08/2023,7000,7000,7000,78
Maharashtra,Pune,Pune(Pimpri),Tomato,Local,FAQ,10/08/2023,7000,7000,7000,78
Maharashtra,Pune,Pune(Pimpri),Tomato,Local,FAQ,15/08/2023,5000,5000,5000,78
Maharashtra,Pune,Pune(Pimpri),Tomato,Local,FAQ,19/08/2023,4000,4000,4000,78
Maharashtra,Pune,Pune(Pimpri),Tomato,Local,FAQ,30/08/2023,3000,3000,3000,78
Maharashtra,Pune,Pune(Pimpri),Tomato,Local,FAQ,01/09/2023,1500,3000,2250,78
Maharashtra,Pune,Pune(Pimpri),Tomato,Local,FAQ,06/09/2023,1000,1400,1200,78
Maharashtra,Pune,Pune(Pimpri),Tomato,Local,FAQ,12/09/2023,800,1000,900,78
Maharashtra,Pune,Pune(Pimpri),Tomato,Local,FAQ,23/09/2023,700,800,750,78
Maharashtra,Pune,Pune(Pimpri),Tomato,Local,FAQ,03/10/2023,700,1000,850,78
Maharashtra,Pune,Pune(Pimpri),Tomato,Local,FAQ,08/10/2023,500,800,650,78
Maharashtra,Pune,Pune(Pimpri),Tomato,Local,FAQ,29/10/2023,600,1200,900,78
Maharashtra,Pune,Pune(Pimpri),Tomato,Local,FAQ,03/11/2023,800,1200,1000,78
Maharashtra,Pune,Pune(Pimpri),Tomato,Local,FAQ,06/11/2023,1000,1500,1250,78
Maharashtra,Pune,Pune(Pimpri),Tomato,Local,FAQ,12/11/2023,1400,1600,1500,78
Maharashtra,Pune,Pune(Pimpri),Tomato,Local,FAQ,16/11/2023,2000,3000,2500,78
Maharashtra,Pune,Pune(Pimpri),Tomato,Local,FAQ,18/11/2023,2000,3000,2500,78
Maharashtra,Pune,Pune(Pimpri),Tomato,Local,FAQ,09/12/2023,2000,2500,2250,78
Maharashtra,Pune,Pune(Pimpri),Tomato,Local,FAQ,11/12/2023,1500,2500,2000,78
Maharashtra,Pune,Pune(Pimpri),Tomato,Local,FAQ,14/12/2023,1500,2500,2000,78
Maharashtra,Pune,Pune(Pimpri),Tomato,Local,FAQ,20/12/2023,1500,2500,2000,78
Maharashtra,Pune,Pune(Pimpri),Tomato,Local,FAQ,02/06/2024,1400,1600,1500,78
Maharashtra,Pune,Pune(Pimpri),Tomato,Local,FAQ,20/06/2024,2000,3000,2500,78
Maharashtra,Pune,Pune(Pimpri),Tomato,Local,FAQ,28/06/2024,3000,4000,3500,78
Maharashtra,Pune,Pune(Pimpri),Tomato,Local,FAQ,10/06/2024,2000,2000,2000,78
Maharashtra,Pune,Pune(Pimpri),Tomato,Local,FAQ,16/06/2024,2000,2600,2300,78
Maharashtra,Pune,Pune(Pimpri),Tomato,Local,FAQ,24/06/2024,3500,4500,4000,78
Maharashtra,Pune,Pune(Pimpri),Tomato,Local,FAQ,20/07/2024,3000,6000,4500,78
Maharashtra,Pune,Pune(Pimpri),Tomato,Local,FAQ,12/07/2024,5000,5000,5000,78
Maharashtra,Pune,Pune(Pimpri),Tomato,Local,FAQ,16/07/2024,3500,3500,3500,78
Maharashtra,Pune,Pune(Pimpri),Tomato,Local,FAQ,21/07/2024,3500,4500,4000,78
Maharashtra,Pune,Pune(Pimpri),Tomato,Local,FAQ,17/01/2025,1000,1500,1250,78
Maharashtra,Pune,Pune(Pimpri),Tomato,Local,FAQ,02/12/2024,2000,2500,2250,78
Maharashtra,Pune,Pune(Pimpri),Tomato,Local,FAQ,03/12/2024,2000,3000,2500,78
Maharashtra,Pune,Pune(Pimpri),Tomato,Local,FAQ,04/12/2024,2000,2500,2250,78
Maharashtra,Pune,Pune(Pimpri),Tomato,Local,FAQ,06/12/2024,2000,2500,2250,78
Maharashtra,Pune,Pune(Pimpri),Tomato,Local,FAQ,14/12/2024,2000,2000,2000,78
Maharashtra,Pune,Pune(Pimpri),Tomato,Local,FAQ,15/12/2024,2000,2000,2000,78
Maharashtra,Pune,Pune(Pimpri),Tomato,Local,FAQ,16/12/2024,1500,2000,1750,78
Maharashtra,Pune,Pune(Pimpri),Tomato,Local,FAQ,23/12/2024,2000,3000,2500,78
Maharashtra,Pune,Pune(Pimpri),Tomato,Local,FAQ,29/12/2024,1000,2000,1500,78
Maharashtra,Pune,Pune(Pimpri),Tomato,Local,FAQ,06/01/2025,1000,1500,1250,78
Maharashtra,Pune,Pune(Pimpri),Tomato,Local,FAQ,08/01/2025,1000,1500,1250,78
Maharashtra,Pune,Pune(Pimpri),Tomato,Local,FAQ,26/01/2025,800,1200,1000,78
Maharashtra,Pune,Pune(Pimpri),Tomato,Local,FAQ,06/11/2024,2000,3000,2500,78
Maharashtra,Pune,Pune(Pimpri),Tomato,Local,FAQ,23/11/2024,2000,3000,2500,78
Maharashtra,Pune,Pune(Pimpri),Tomato,Local,FAQ,15/09/2024,1200,1800,1500,78
Maharashtra,Pune,Pune(Pimpri),Tomato,Local,FAQ,16/09/2024,1600,1600,1600,78
Maharashtra,Pune,Pune(Pimpri),Tomato,Local,FAQ,21/09/2024,2000,2500,2250,78
Maharashtra,Pune,Pune(Pimpri),Tomato,Local,FAQ,01/09/2024,1200,1500,1350,78
Maharashtra,Pune,Pune(Pimpri),Tomato,Local,FAQ,04/09/2024,1500,2000,1750,78
Maharashtra,Pune,Pune(Pimpri),Tomato,Local,FAQ,07/09/2024,1600,1800,1700,78
Maharashtra,Pune,Pune(Pimpri),Tomato,Local,FAQ,28/09/2024,2000,3000,2500,78
Maharashtra,Pune,Pune(Pimpri),Tomato,Local,Local,07/03/2025,1000,1200,1100,78
Maharashtra,Pune,Pune(Pimpri),Tomato,Local,Local,12/04/2025,600,1200,900,78
Maharashtra,Pune,Pune(Pimpri),Tomato,Local,Local,20/04/2025,800,1200,1000,78
Maharashtra,Pune,Pune(Pimpri),Tomato,Local,Local,10/04/2025,600,1200,900,78
Maharashtra,Pune,Pune(Pimpri),Tomato,Local,Local,15/04/2025,800,1200,1000,78
Maharashtra,Pune,Pune(Pimpri),Tomato,Local,Local,17/04/2025,1000,1200,1100,78
Maharashtra,Pune,Pune(Pimpri),Tomato,Local,Local,29/04/2025,1000,1200,1100,78
Maharashtra,Pune,Pune(Pimpri),Tomato,Local,Local,02/05/2025,1000,1200,1100,78
Maharashtra,Pune,Pune(Pimpri),Tomato,Local,Local,08/05/2025,1000,1200,1100,78
Maharashtra,Pune,Pune(Pimpri),Tomato,Local,Local,15/05/2025,1000,1200,1100,78
Maharashtra,Pune,Pune(Pimpri),Tomato,Local,Local,18/05/2025,1000,1200,1100,78
Maharashtra,Pune,Pune(Pimpri),Tomato,Local,Local,21/05/2025,1200,1200,1200,78
Maharashtra,Pune,Pune(Pimpri),Tomato,Local,Local,22/05/2025,1200,1200,1200,78
Maharashtra,Pune,Pune(Pimpri),Tomato,Local,Local,31/05/2025,1500,1500,1500,78
Maharashtra,Pune,Pune(Pimpri),Tomato,Local,FAQ,01/08/2024,1200,2500,1850,78
Maharashtra,Pune,Pune(Pimpri),Tomato,Local,FAQ,06/08/2024,1500,2000,1750,78
Maharashtra,Pune,Pune(Pimpri),Tomato,Local,FAQ,09/08/2024,1500,2000,1750,78
Maharashtra,Pune,Pune(Pimpri),Tomato,Local,FAQ,10/08/2024,1800,1800,1800,78
Maharashtra,Pune,Pune(Pimpri),Tomato,Local,FAQ,12/08/2024,1400,1800,1600,78
Maharashtra,Pune,Pune(Pimpri),Tomato,Local,FAQ,13/08/2024,1500,1800,1650,78
Maharashtra,Pune,Pune(Pimpri),Tomato,Local,FAQ,14/08/2024,1500,2000,1750,78
Maharashtra,Pune,Pune(Pimpri),Tomato,Local,FAQ,17/08/2024,1800,2000,1900,78
Maharashtra,Pune,Pune(Pimpri),Tomato,Local,FAQ,28/08/2024,1500,2000,1750,78
Maharashtra,Pune,Pune(Pimpri),Tomato,Local,FAQ,29/08/2024,1400,1800,1600,78
Maharashtra,Pune,Pune(Pimpri),Tomato,Local,Local,04/02/2025,1200,1300,1250,78
Maharashtra,Pune,Pune(Pimpri),Tomato,Local,Local,14/02/2025,1000,1200,1100,78
Maharashtra,Pune,Pune(Pimpri),Tomato,Local,Local,27/02/2025,1200,1200,1200,78
Maharashtra,Pune,Pune(Pimpri),Tomato,Local,Local,18/02/2025,1200,1200,1200,78
Maharashtra,Pune,Pune(Pimpri),Tomato,Local,FAQ,01/01/2024,1200,2000,1600,78
Maharashtra,Pune,Pune(Pimpri),Tomato,Local,FAQ,02/01/2024,1500,1800,1650,78
Maharashtra,Pune,Pune(Pimpri),Tomato,Local,FAQ,10/01/2024,2000,2500,2250,78
Maharashtra,Pune,Pune(Pimpri),Tomato,Local,FAQ,16/01/2024,2000,2200,2100,78
Maharashtra,Pune,Pune(Pimpri),Tomato,Local,FAQ,17/01/2024,1800,2000,1900,78
Maharashtra,Pune,Pune(Pimpri),Tomato,Local,FAQ,18/01/2024,1800,2000,1900,78
Maharashtra,Pune,Pune(Pimpri),Tomato,Local,FAQ,26/01/2024,1500,2000,1750,78
Maharashtra,Pune,Pune(Pimpri),Tomato,Local,FAQ,28/01/2024,2000,3000,2500,78
Maharashtra,Pune,Pune(Pimpri),Tomato,Local,FAQ,31/01/2024,2500,3000,2750,78
Maharashtra,Pune,Pune(Pimpri),Tomato,Local,FAQ,06/02/2024,1500,3500,2500,78
Maharashtra,Pune,Pune(Pimpri),Tomato,Local,FAQ,09/02/2024,2500,2800,2650,78
Maharashtra,Pune,Pune(Pimpri),Tomato,Local,FAQ,11/02/2024,2000,3000,2500,78
Maharashtra,Pune,Pune(Pimpri),Tomato,Local,FAQ,27/02/2024,1500,2000,1750,78
Maharashtra,Pune,Pune(Pimpri),Tomato,Local,FAQ,06/03/2024,1200,1800,1500,78
Maharashtra,Pune,Pune(Pimpri),Tomato,Local,FAQ,10/03/2024,1300,1600,1450,78
Maharashtra,Pune,Pune(Pimpri),Tomato,Local,FAQ,11/03/2024,1600,1800,1700,78
Maharashtra,Pune,Pune(Pimpri),Tomato,Local,FAQ,21/03/2024,800,1400,1100,78
Maharashtra,Pune,Pune(Pimpri),Tomato,Local,FAQ,27/03/2024,1000,1300,1150,78
Maharashtra,Pune,Pune(Pimpri),Tomato,Local,FAQ,02/04/2024,800,1000,900,78
Maharashtra,Pune,Pune(Pimpri),Tomato,Local,FAQ,05/04/2024,700,1000,850,78
Maharashtra,Pune,Pune(Pimpri),Tomato,Local,FAQ,25/04/2024,800,1200,1000,78
Maharashtra,Pune,Pune(Pimpri),Tomato,Local,FAQ,29/04/2024,1000,1400,1200,78
Maharashtra,Pune,Pune(Pimpri),Tomato,Local,Local,06/02/2025,1000,1200,1100,78
Maharashtra,Pune,Pune(Pimpri),Tomato,Local,Local,15/02/2025,1000,1200,1100,78
Maharashtra,Pune,Pune(Pimpri),Tomato,Local,Local,06/07/2025,2000,2000,2000,78
Maharashtra,Pune,Pune(Pimpri),Tomato,Local,Local,18/07/2025,1300,1700,1500,78
Maharashtra,Pune,Pune(Pimpri),Tomato,Local,Local,21/07/2025,1600,2000,1800,78
Maharashtra,Pune,Pune(Pimpri),Tomato,Local,Local,24/07/2025,2200,2800,2500,78
Maharashtra,Pune,Pune(Pimpri),Tomato,Local,Local,10/06/2025,1000,2000,1500,78
Maharashtra,Pune,Pune(Pimpri),Tomato,Local,Local,28/06/2025,1300,2000,1650,78
Maharashtra,Pune,Pune(Pimpri),Tomato,Local,Local,19/06/2025,2000,2000,2000,78
Maharashtra,Pune,Pune(Pimpri),Tomato,Local,Local,02/06/2025,1500,1500,1500,78
Maharashtra,Pune,Pune(Pimpri),Tomato,Local,Local,09/06/2025,1000,1500,1250,78
Maharashtra,Pune,Pune(Pimpri),Tomato,Local,Local,05/09/2025,1400,2000,1700,78
Maharashtra,Pune,Pune(Pimpri),Tomato,Local,Local,06/09/2025,1000,2000,1500,78
Maharashtra,Pune,Pune(Pimpri),Tomato,Local,Local,22/09/2025,1000,1600,1300,78
Maharashtra,Pune,Pune(Pimpri),Tomato,Local,Local,24/09/2025,1200,1500,1350,78
Maharashtra,Pune,Pune(Pimpri),Tomato,Local,Local,25/09/2025,1200,1600,1400,78
Maharashtra,Pune,Pune(Pimpri),Tomato,Local,Local,30/09/2025,1200,1800,1500,78
Maharashtra,Pune,Pune(Pimpri),Tomato,Local,Local,17/08/2025,3000,3500,3250,78
Maharashtra,Pune,Pune(Pimpri),Tomato,Local,Local,20/08/2025,3000,3000,3000,78
Maharashtra,Pune,Pune(Pimpri),Tomato,Local,Local,24/08/2025,3000,3500,3250,78
Maharashtra,Pune,Pune(Pimpri),Tomato,Local,Local,30/08/2025,1500,2500,2000,78
Maharashtra,Pune,Pune(Pimpri),Tomato,Local,Local,31/08/2025,1000,2000,1500,78
Maharashtra,Pune,Pune(Pimpri),Tomato,Local,Local,02/11/2025,1000,1500,1250,78
Maharashtra,Pune,Pune(Pimpri),Tomato,Local,Local,03/10/2025,1400,1600,1500,78
Maharashtra,Pune,Pune(Pimpri),Tomato,Local,Local,03/11/2025,1000,1500,1250,78
Maharashtra,Pune,Pune(Pimpri),Tomato,Local,Local,09/10/2025,1500,1500,1500,78
Maharashtra,Pune,Pune(Pimpri),Tomato,Local,Local,10/10/2025,1000,2000,1500,78
Maharashtra,Pune,Pune(Pimpri),Tomato,Local,Local,14/10/2025,1300,1500,1400,78
Maharashtra,Pune,Pune(Pimpri),Tomato,Local,Local,21/10/2025,1300,1400,1350,78
Maharashtra,Pune,Pune(Pimpri),Tomato,Local,Local,28/10/2025,1400,1600,1500,78
Maharashtra,Pune,Pune(Pimpri),Tomato,Local,Local,31/10/2025,1300,1500,1400,78
Maharashtra,Pune,Pune(Pimpri),Tomato,Local,FAQ,11/12/2024,2000,2500,2250,78
Maharashtra,Pune,Pune(Pimpri),Tomato,Local,FAQ,17/12/2024,2000,2500,2250,78
Maharashtra,Pune,Pune(Pimpri),Tomato,Local,FAQ,25/12/2024,1800,2000,1900,78
Maharashtra,Pune,Pune(Pimpri),Tomato,Local,FAQ,26/12/2024,2000,2500,2250,78
Maharashtra,Pune,Pune(Pimpri),Tomato,Local,FAQ,27/12/2024,2000,2000,2000,78
Maharashtra,Pune,Pune(Pimpri),Tomato,Local,FAQ,30/12/2024,1000,2000,1500,78
Maharashtra,Pune,Pune(Pimpri),Tomato,Local,FAQ,02/07/2024,3500,3500,3500,78
Maharashtra,Pune,Pune(Pimpri),Tomato,Local,FAQ,04/07/2024,3000,3000,3000,78
Maharashtra,Pune,Pune(Pimpri),Tomato,Local,FAQ,15/07/2024,3500,3500,3500,78
Maharashtra,Pune,Pune(Pimpri),Tomato,Local,FAQ,23/06/2024,3000,4000,3500,78
Maharashtra,Pune,Pune(Pimpri),Tomato,Local,FAQ,27/06/2024,3500,3500,3500,78
Maharashtra,Pune,Pune(Pimpri),Tomato,Local,FAQ,01/05/2024,1000,4000,1200,78
Maharashtra,Pune,Pune(Pimpri),Tomato,Local,FAQ,02/05/2024,1000,1500,1250,78
Maharashtra,Pune,Pune(Pimpri),Tomato,Local,FAQ,04/05/2024,1000,1500,1250,78
Maharashtra,Pune,Pune(Pimpri),Tomato,Local,FAQ,07/05/2024,700,1500,1100,78
Maharashtra,Pune,Pune(Pimpri),Tomato,Local,FAQ,11/05/2024,1000,1500,1250,78
Maharashtra,Pune,Pune(Pimpri),Tomato,Local,FAQ,12/05/2024,1000,1300,1150,78
Maharashtra,Pune,Pune(Pimpri),Tomato,Local,FAQ,24/05/2024,1200,1400,1300,78
Maharashtra,Pune,Pune(Pimpri),Tomato,Local,FAQ,25/05/2024,1000,1200,1100,78
Maharashtra,Pune,Pune(Pimpri),Tomato,Local,FAQ,27/05/2024,1200,1800,1500,78
Maharashtra,Pune,Pune(Pimpri),Tomato,Local,FAQ,31/05/2024,1000,1300,1150,78
Maharashtra,Pune,Pune(Pimpri),Tomato,Local,FAQ,19/01/2024,1800,2200,2000,78
Maharashtra,Pune,Pune(Pimpri),Tomato,Local,FAQ,27/01/2024,2000,3000,2500,78
Maharashtra,Pune,Pune(Pimpri),Tomato,Local,FAQ,01/02/2024,2500,2800,2650,78
Maharashtra,Pune,Pune(Pimpri),Tomato,Local,FAQ,07/02/2024,2800,3000,2900,78
Maharashtra,Pune,Pune(Pimpri),Tomato,Local,FAQ,12/02/2024,2500,2500,2500,78
Maharashtra,Pune,Pune(Pimpri),Tomato,Local,FAQ,14/02/2024,2400,2600,2500,78
Maharashtra,Pune,Pune(Pimpri),Tomato,Local,FAQ,14/03/2024,1300,1700,1500,78
Maharashtra,Pune,Pune(Pimpri),Tomato,Local,FAQ,24/03/2024,900,1200,1050,78
Maharashtra,Pune,Pune(Pimpri),Tomato,Local,FAQ,28/03/2024,1000,1400,1200,78
Maharashtra,Pune,Pune(Pimpri),Tomato,Local,FAQ,16/04/2024,800,1200,1000,78
Maharashtra,Pune,Pune(Pimpri),Tomato,Local,FAQ,28/04/2024,800,1200,1000,78
Maharashtra,Pune,Pune(Pimpri),Tomato,Local,FAQ,06/01/2024,2000,2500,2250,78
Maharashtra,Pune,Pune(Pimpri),Tomato,Local,FAQ,25/01/2024,1800,2000,1900,78
Maharashtra,Pune,Pune(Pimpri),Tomato,Local,FAQ,30/01/2024,2500,2500,2500,78
Maharashtra,Pune,Pune(Pimpri),Tomato,Local,FAQ,08/02/2024,2000,3000,2500,78
Maharashtra,Pune,Pune(Pimpri),Tomato,Local,FAQ,10/02/2024,2600,2600,2600,78
Maharashtra,Pune,Pune(Pimpri),Tomato,Local,FAQ,05/03/2024,1200,1400,1300,78
Maharashtra,Pune,Pune(Pimpri),Tomato,Local,FAQ,07/03/2024,1200,1800,1500,78
Maharashtra,Pune,Pune(Pimpri),Tomato,Local,FAQ,23/03/2024,1200,1600,1400,78
Maharashtra,Pune,Pune(Pimpri),Tomato,Local,FAQ,23/04/2024,1000,1200,1100,78
Maharashtra,Pune,Pune(Pimpri),Tomato,Local,FAQ,23/09/2024,2500,2500,2500,78
Maharashtra,Pune,Pune(Pimpri),Tomato,Local,FAQ,13/10/2024,4000,5000,4500,78
Maharashtra,Pune,Pune(Pimpri),Tomato,Local,FAQ,25/10/2024,2500,3000,2750,78
Maharashtra,Pune,Pune(Pimpri),Tomato,Local,FAQ,03/09/2024,1200,1800,1500,78
Maharashtra,Pune,Pune(Pimpri),Tomato,Local,FAQ,10/09/2024,1500,1800,1650,78
Maharashtra,Pune,Pune(Pimpri),Tomato,Local,FAQ,14/09/2024,1500,1800,1650,78
Maharashtra,Pune,Pune(Pimpri),Tomato,Local,FAQ,21/10/2024,3500,4000,3750,78
Maharashtra,Pune,Pune(Pimpri),Tomato,Local,FAQ,12/10/2024,4000,4500,4250,78
Maharashtra,Pune,Pune(Pimpri),Tomato,Local,FAQ,05/11/2024,2000,2000,2000,78
Maharashtra,Pune,Pune(Pimpri),Tomato,Local,FAQ,11/11/2024,2000,2000,2000,78
Maharashtra,Pune,Pune(Pimpri),Tomato,Local,FAQ,14/11/2024,1500,2500,2000,78
Maharashtra,Pune,Pune(Pimpri),Tomato,Local,FAQ,19/11/2024,2000,2000,2000,78
Maharashtra,Pune,Pune(Pimpri),Tomato,Local,FAQ,21/11/2024,2000,3000,2500,78
Maharashtra,Pune,Pune(Pimpri),Tomato,Local,FAQ,27/11/2024,2000,2600,2300,78
Maharashtra,Pune,Pune(Pimpri),Tomato,Local,FAQ,28/11/2024,2000,3000,2500,78
Maharashtra,Pune,Pune(Pimpri),Tomato,Local,FAQ,03/06/2024,1400,1400,1400,78
Maharashtra,Pune,Pune(Pimpri),Tomato,Local,FAQ,04/06/2024,1400,2000,1700,78
Maharashtra,Pune,Pune(Pimpri),Tomato,Local,FAQ,14/06/2024,2000,2500,2250,78
Maharashtra,Pune,Pune(Pimpri),Tomato,Local,FAQ,26/06/2024,3500,3500,3500,78
Maharashtra,Pune,Pune(Pimpri),Tomato,Local,FAQ,02/10/2024,3000,3000,3000,78
Maharashtra,Pune,Pune(Pimpri),Tomato,Local,FAQ,03/10/2024,2000,3000,2500,78
Maharashtra,Pune,Pune(Pimpri),Tomato,Local,FAQ,29/10/2024,1500,2000,1750,78
Maharashtra,Pune,Pune(Pimpri),Tomato,Local,FAQ,08/08/2024,1500,2000,1750,78
Maharashtra,Pune,Pune(Pimpri),Tomato,Local,FAQ,15/08/2024,1500,2000,1750,78
Maharashtra,Pune,Pune(Pimpri),Tomato,Local,FAQ,16/08/2024,1500,2000,1750,78
Maharashtra,Pune,Pune(Pimpri),Tomato,Local,FAQ,21/08/2024,1500,2300,1900,78
Maharashtra,Pune,Pune(Pimpri),Tomato,Local,FAQ,24/08/2024,1400,1800,1600,78
Maharashtra,Pune,Pune(Pimpri),Tomato,Local,FAQ,26/08/2024,1500,2000,1750,78
Maharashtra,Pune,Pune(Pimpri),Tomato,Local,Local,03/02/2025,1100,1300,1200,78
Maharashtra,Pune,Pune(Pimpri),Tomato,Local,Local,09/02/2025,1000,1300,1150,78
Maharashtra,Pune,Pune(Pimpri),Tomato,Local,Local,23/02/2025,1000,1200,1100,78
Maharashtra,Pune,Pune(Pimpri),Tomato,Local,Local,26/01/2025,800,1200,1000,78
Maharashtra,Pune,Pune(Pimpri),Tomato,Local,Local,30/01/2025,1000,1200,1100,78
Maharashtra,Pune,Pune(Pimpri),Tomato,Local,Local,09/04/2025,600,1200,900,78
Maharashtra,Pune,Pune(Pimpri),Tomato,Local,Local,21/04/2025,800,1200,1000,78
Maharashtra,Pune,Pune(Pimpri),Tomato,Local,Local,23/04/2025,800,1200,1000,78
Maharashtra,Pune,Pune(Pimpri),Tomato,Local,Local,24/04/2025,1000,1200,1100,78
Maharashtra,Pune,Pune(Pimpri),Tomato,Local,Local,30/04/2025,1000,1500,1250,78
Maharashtra,Pune,Pune(Pimpri),Tomato,Local,Local,26/05/2025,2000,2000,2000,78
Maharashtra,Pune,Pune(Pimpri),Tomato,Local,Local,30/05/2025,2000,2000,2000,78
Maharashtra,Pune,Pune(Pimpri),Tomato,Local,Local,03/05/2025,800,1200,1000,78
Maharashtra,Pune,Pune(Pimpri),Tomato,Local,Local,07/05/2025,1000,1400,1200,78
Maharashtra,Pune,Pune(Pimpri),Tomato,Local,Local,24/05/2025,1200,1200,1200,78
Maharashtra,Pune,Pune(Pimpri),Tomato,Local,Local,05/02/2025,1200,1300,1250,78
Maharashtra,Pune,Pune(Pimpri),Tomato,Local,Local,25/02/2025,700,1200,950,78
Maharashtra,Pune,Pune(Pimpri),Tomato,Local,FAQ,07/01/2022,2300,3000,2650,78
Maharashtra,Pune,Pune(Pimpri),Tomato,Local,FAQ,25/01/2022,1500,2000,1750,78
Maharashtra,Pune,Pune(Pimpri),Tomato,Local,FAQ,28/01/2022,2000,2500,2250,78
Maharashtra,Pune,Pune(Pimpri),Tomato,Local,FAQ,29/01/2022,1300,2000,1650,78
Maharashtra,Pune,Pune(Pimpri),Tomato,Local,FAQ,31/01/2022,1800,2000,1900,78
Maharashtra,Pune,Pune(Pimpri),Tomato,Local,FAQ,04/02/2022,1800,2500,2150,78
Maharashtra,Pune,Pune(Pimpri),Tomato,Local,FAQ,09/02/2022,2000,2000,2000,78
Maharashtra,Pune,Pune(Pimpri),Tomato,Local,FAQ,10/02/2022,2000,2500,2250,78
Maharashtra,Pune,Pune(Pimpri),Tomato,Local,FAQ,13/02/2022,2000,2000,2000,78
Maharashtra,Pune,Pune(Pimpri),Tomato,Local,FAQ,18/02/2022,1200,1800,1500,78
Maharashtra,Pune,Pune(Pimpri),Tomato,Local,FAQ,27/02/2022,1000,2000,1500,78
Maharashtra,Pune,Pune(Pimpri),Tomato,Local,FAQ,28/02/2022,1200,2000,1600,78
Maharashtra,Pune,Pune(Pimpri),Tomato,Local,FAQ,01/03/2022,1200,2000,1600,78
Maharashtra,Pune,Pune(Pimpri),Tomato,Local,FAQ,10/03/2022,1000,1800,1400,78
Maharashtra,Pune,Pune(Pimpri),Tomato,Local,FAQ,15/03/2022,700,1800,1250,78
Maharashtra,Pune,Pune(Pimpri),Tomato,Local,FAQ,16/03/2022,1100,2000,1550,78
Maharashtra,Pune,Pune(Pimpri),Tomato,Local,FAQ,17/03/2022,1100,2000,1550,78
Maharashtra,Pune,Pune(Pimpri),Tomato,Local,FAQ,19/03/2022,700,2000,1350,78
Maharashtra,Pune,Pune(Pimpri),Tomato,Local,FAQ,22/03/2022,800,1600,1200,78
Maharashtra,Pune,Pune(Pimpri),Tomato,Local,FAQ,28/03/2022,1000,1300,1150,78
Maharashtra,Pune,Pune(Pimpri),Tomato,Local,FAQ,17/04/2022,800,1400,1100,78
Maharashtra,Pune,Pune(Pimpri),Tomato,Local,FAQ,23/04/2022,700,1600,1150,78
Maharashtra,Pune,Pune(Pimpri),Tomato,Local,FAQ,28/04/2022,1000,1500,1350,78
Maharashtra,Pune,Pune(Pimpri),Tomato,Local,FAQ,02/05/2022,1200,2500,1850,78
Maharashtra,Pune,Pune(Pimpri),Tomato,Local,FAQ,07/05/2022,2500,4000,3250,78
Maharashtra,Pune,Pune(Pimpri),Tomato,Local,FAQ,23/05/2022,2500,5500,4000,78
Maharashtra,Pune,Pune(Pimpri),Tomato,Local,FAQ,30/05/2022,4200,4200,4200,78
Maharashtra,Pune,Pune(Pimpri),Tomato,Local,FAQ,01/06/2022,3000,5000,4000,78
Maharashtra,Pune,Pune(Pimpri),Tomato,Local,FAQ,04/06/2022,4000,5000,4500,78
Maharashtra,Pune,Pune(Pimpri),Tomato,Local,FAQ,08/06/2022,3500,5000,4250,78
Maharashtra,Pune,Pune(Pimpri),Tomato,Local,FAQ,18/06/2022,2000,4000,3000,78
Maharashtra,Pune,Pune(Pimpri),Tomato,Local,FAQ,23/06/2022,2000,4000,3000,78
Maharashtra,Pune,Pune(Pimpri),Tomato,Local,FAQ,29/06/2022,3000,3200,3100,78
Maharashtra,Pune,Pune(Pimpri),Tomato,Local,FAQ,01/07/2022,3000,3200,3100,78
Maharashtra,Pune,Pune(Pimpri),Tomato,Local,FAQ,07/07/2022,1000,1500,1250,78
Maharashtra,Pune,Pune(Pimpri),Tomato,Local,FAQ,14/07/2022,1200,1500,1350,78
Maharashtra,Pune,Pune(Pimpri),Tomato,Local,FAQ,21/07/2022,1200,1200,1200,78
Maharashtra,Pune,Pune(Pimpri),Tomato,Local,FAQ,22/07/2022,1500,1500,1500,78
Maharashtra,Pune,Pune(Pimpri),Tomato,Local,FAQ,25/07/2022,1200,1400,1300,78
Maharashtra,Pune,Pune(Pimpri),Tomato,Local,FAQ,27/07/2022,1000,1200,1100,78
Maharashtra,Pune,Pune(Pimpri),Tomato,Local,FAQ,29/07/2022,1400,1400,1400,78
Maharashtra,Pune,Pune(Pimpri),Tomato,Local,FAQ,02/08/2022,1400,1500,1450,78
Maharashtra,Pune,Pune(Pimpri),Tomato,Local,FAQ,04/08/2022,1200,1400,1300,78
Maharashtra,Pune,Pune(Pimpri),Tomato,Local,FAQ,07/08/2022,1000,1400,1200,78
Maharashtra,Pune,Pune(Pimpri),Tomato,Local,FAQ,08/08/2022,1000,1200,1100,78
Maharashtra,Pune,Pune(Pimpri),Tomato,Local,FAQ,09/08/2022,1200,1400,1300,78
Maharashtra,Pune,Pune(Pimpri),Tomato,Local,FAQ,24/08/2022,800,1200,1000,78
Maharashtra,Pune,Pune(Pimpri),Tomato,Local,FAQ,09/09/2022,1000,1400,1200,78
Maharashtra,Pune,Pune(Pimpri),Tomato,Local,FAQ,23/09/2022,1000,1600,1300,78
Maharashtra,Pune,Pune(Pimpri),Tomato,Local,FAQ,11/10/2022,3000,3000,3000,78
Maharashtra,Pune,Pune(Pimpri),Tomato,Local,FAQ,17/10/2022,3000,4000,3500,78
Maharashtra,Pune,Pune(Pimpri),Tomato,Local,FAQ,21/10/2022,3000,3000,3000,78
Maharashtra,Pune,Pune(Pimpri),Tomato,Local,FAQ,26/10/2022,3000,3000,3000,78
Maharashtra,Pune,Pune(Pimpri),Tomato,Local,FAQ,27/10/2022,2000,3000,2500,78
Maharashtra,Pune,Pune(Pimpri),Tomato,Local,FAQ,28/10/2022,3000,3000,3000,78
Maharashtra,Pune,Pune(Pimpri),Tomato,Local,FAQ,30/10/2022,2000,2500,2250,78
Maharashtra,Pune,Pune(Pimpri),Tomato,Local,FAQ,08/11/2022,1500,2000,1750,78
Maharashtra,Pune,Pune(Pimpri),Tomato,Local,FAQ,10/11/2022,700,1500,1100,78
Maharashtra,Pune,Pune(Pimpri),Tomato,Local,FAQ,12/11/2022,1000,1500,1250,78
Maharashtra,Pune,Pune(Pimpri),Tomato,Local,FAQ,15/11/2022,1000,1500,1250,78
Maharashtra,Pune,Pune(Pimpri),Tomato,Local,FAQ,21/11/2022,800,1000,900,78
Maharashtra,Pune,Pune(Pimpri),Tomato,Local,FAQ,23/11/2022,800,1200,1000,78
Maharashtra,Pune,Pune(Pimpri),Tomato,Local,FAQ,27/11/2022,1000,1000,1000,78
Maharashtra,Pune,Pune(Pimpri),Tomato,Local,FAQ,28/11/2022,800,1200,1000,78
Maharashtra,Pune,Pune(Pimpri),Tomato,Local,FAQ,08/12/2022,600,1000,800,78
Maharashtra,Pune,Pune(Pimpri),Tomato,Local,FAQ,21/12/2022,600,800,700,78
Maharashtra,Pune,Pune(Pimpri),Tomato,Local,FAQ,25/12/2022,600,1000,800,78
Maharashtra,Pune,Pune(Pimpri),Tomato,Local,FAQ,26/12/2022,600,1000,800,78
Maharashtra,Pune,Pune(Pimpri),Tomato,Local,FAQ,27/12/2022,600,1000,800,78
Maharashtra,Pune,Pune(Pimpri),Tomato,Local,Local,05/03/2025,1000,1200,1100,78
Maharashtra,Pune,Pune(Pimpri),Tomato,Local,Local,08/03/2025,800,1200,1000,78
Maharashtra,Pune,Pune(Pimpri),Tomato,Local,Local,09/03/2025,1000,1200,1100,78
Maharashtra,Pune,Pune(Pimpri),Tomato,Local,Local,28/03/2025,800,1200,1000,78
Maharashtra,Pune,Pune(Pimpri),Tomato,Local,Local,30/03/2025,800,1200,1000,78
Maharashtra,Pune,Pune(Pimpri),Tomato,Local,FAQ,02/01/2025,1500,1500,1500,78
Maharashtra,Pune,Pune(Pimpri),Tomato,Local,FAQ,13/01/2025,1000,1500,1250,78
Maharashtra,Pune,Pune(Pimpri),Tomato,Local,Local,31/01/2025,1000,1200,1100,78
Maharashtra,Pune,Pune(Pimpri),Tomato,Local,FAQ,18/01/2023,800,1000,900,78
Maharashtra,Pune,Pune(Pimpri),Tomato,Local,FAQ,27/01/2023,800,1000,900,78
Maharashtra,Pune,Pune(Pimpri),Tomato,Local,FAQ,29/01/2023,800,1200,1000,78
Maharashtra,Pune,Pune(Pimpri),Tomato,Local,FAQ,01/02/2023,800,1000,900,78
Maharashtra,Pune,Pune(Pimpri),Tomato,Local,FAQ,08/02/2023,1000,1000,1000,78
Maharashtra,Pune,Pune(Pimpri),Tomato,Local,FAQ,11/02/2023,800,1200,1000,78
Maharashtra,Pune,Pune(Pimpri),Tomato,Local,FAQ,13/02/2023,800,1000,900,78
Maharashtra,Pune,Pune(Pimpri),Tomato,Local,FAQ,15/02/2023,800,1000,900,78
Maharashtra,Pune,Pune(Pimpri),Tomato,Local,FAQ,26/02/2023,800,1200,1000,78
Maharashtra,Pune,Pune(Pimpri),Tomato,Local,FAQ,17/03/2023,800,1000,900,78
Maharashtra,Pune,Pune(Pimpri),Tomato,Local,FAQ,25/03/2023,800,1200,1000,78
Maharashtra,Pune,Pune(Pimpri),Tomato,Local,FAQ,31/03/2023,800,1200,1000,78
Maharashtra,Pune,Pune(Pimpri),Tomato,Local,FAQ,01/04/2023,800,1200,1000,78
Maharashtra,Pune,Pune(Pimpri),Tomato,Local,FAQ,06/04/2023,800,1000,900,78
Maharashtra,Pune,Pune(Pimpri),Tomato,Local,FAQ,07/04/2023,800,1200,1000,78
Maharashtra,Pune,Pune(Pimpri),Tomato,Local,FAQ,11/04/2023,800,1200,1000,78
Maharashtra,Pune,Pune(Pimpri),Tomato,Local,FAQ,12/04/2023,800,1200,1000,78
Maharashtra,Pune,Pune(Pimpri),Tomato,Local,FAQ,19/04/2023,800,1200,1000,78
Maharashtra,Pune,Pune(Pimpri),Tomato,Local,FAQ,21/04/2023,1000,1200,1100,78
Maharashtra,Pune,Pune(Pimpri),Tomato,Local,FAQ,23/04/2023,800,1200,1000,78
Maharashtra,Pune,Pune(Pimpri),Tomato,Local,FAQ,27/04/2023,800,1200,1000,78
Maharashtra,Pune,Pune(Pimpri),Tomato,Local,FAQ,29/04/2023,900,1000,950,78
Maharashtra,Pune,Pune(Pimpri),Tomato,Local,FAQ,06/05/2023,1000,1000,1000,78
Maharashtra,Pune,Pune(Pimpri),Tomato,Local,FAQ,07/05/2023,1000,1000,1000,78
Maharashtra,Pune,Pune(Pimpri),Tomato,Local,FAQ,10/05/2023,1000,1000,1000,78
Maharashtra,Pune,Pune(Pimpri),Tomato,Local,FAQ,11/05/2023,800,1200,1000,78
Maharashtra,Pune,Pune(Pimpri),Tomato,Local,FAQ,17/05/2023,800,1200,1000,78
Maharashtra,Pune,Pune(Pimpri),Tomato,Local,FAQ,20/05/2023,800,1200,1000,78
Maharashtra,Pune,Pune(Pimpri),Tomato,Local,FAQ,23/05/2023,800,1200,1000,78
Maharashtra,Pune,Pune(Pimpri),Tomato,Local,FAQ,27/05/2023,800,1200,1000,78
Maharashtra,Pune,Pune(Pimpri),Tomato,Local,FAQ,28/05/2023,800,1200,1000,78
Maharashtra,Pune,Pune(Pimpri),Tomato,Local,FAQ,10/06/2023,1400,1600,1500,78
Maharashtra,Pune,Pune(Pimpri),Tomato,Local,FAQ,21/06/2023,1500,3000,2250,78
Maharashtra,Pune,Pune(Pimpri),Tomato,Local,FAQ,22/06/2023,1500,3500,2500,78
Maharashtra,Pune,Pune(Pimpri),Tomato,Local,FAQ,26/06/2023,2500,2500,2500,78
Maharashtra,Pune,Pune(Pimpri),Tomato,Local,FAQ,29/06/2023,3000,5000,4000,78
Maharashtra,Pune,Pune(Pimpri),Tomato,Local,FAQ,30/06/2023,3000,3000,3000,78
Maharashtra,Pune,Pune(Pimpri),Tomato,Local,FAQ,15/07/2023,7000,7000,7000,78
Maharashtra,Pune,Pune(Pimpri),Tomato,Local,FAQ,23/07/2023,6000,7000,6500,78
Maharashtra,Pune,Pune(Pimpri),Tomato,Local,FAQ,25/07/2023,7000,7000,7000,78
Maharashtra,Pune,Pune(Pimpri),Tomato,Local,FAQ,26/07/2023,6000,7000,6500,78
Maharashtra,Pune,Pune(Pimpri),Tomato,Local,FAQ,07/08/2023,7000,7000,7000,78
Maharashtra,Pune,Pune(Pimpri),Tomato,Local,FAQ,21/08/2023,3000,3000,3000,78
Maharashtra,Pune,Pune(Pimpri),Tomato,Local,FAQ,22/08/2023,4000,4000,4000,78
Maharashtra,Pune,Pune(Pimpri),Tomato,Local,FAQ,27/08/2023,3000,3000,3000,78
Maharashtra,Pune,Pune(Pimpri),Tomato,Local,FAQ,28/08/2023,3000,3000,3000,78
Maharashtra,Pune,Pune(Pimpri),Tomato,Local,FAQ,18/09/2023,700,1000,850,78
Maharashtra,Pune,Pune(Pimpri),Tomato,Local,FAQ,26/09/2023,700,800,750,78
Maharashtra,Pune,Pune(Pimpri),Tomato,Local,FAQ,02/10/2023,700,1000,850,78
Maharashtra,Pune,Pune(Pimpri),Tomato,Local,FAQ,05/10/2023,700,1000,850,78
Maharashtra,Pune,Pune(Pimpri),Tomato,Local,FAQ,11/10/2023,500,800,650,78
Maharashtra,Pune,Pune(Pimpri),Tomato,Local,FAQ,12/10/2023,500,800,650,78
Maharashtra,Pune,Pune(Pimpri),Tomato,Local,FAQ,21/10/2023,700,1000,850,78
Maharashtra,Pune,Pune(Pimpri),Tomato,Local,FAQ,22/10/2023,700,800,750,78
Maharashtra,Pune,Pune(Pimpri),Tomato,Local,FAQ,07/11/2023,1200,1400,1300,78
Maharashtra,Pune,Pune(Pimpri),Tomato,Local,FAQ,08/11/2023,800,1400,1100,78
Maharashtra,Pune,Pune(Pimpri),Tomato,Local,FAQ,10/11/2023,1000,1600,1300,78
Maharashtra,Pune,Pune(Pimpri),Tomato,Local,FAQ,11/11/2023,1000,1400,1200,78
Maharashtra,Pune,Pune(Pimpri),Tomato,Local,FAQ,20/11/2023,2000,3000,2500,78
Maharashtra,Pune,Pune(Pimpri),Tomato,Local,FAQ,21/11/2023,2000,2500,2250,78
Maharashtra,Pune,Pune(Pimpri),Tomato,Local,FAQ,26/11/2023,1000,3000,2000,78
Maharashtra,Pune,Pune(Pimpri),Tomato,Local,FAQ,29/11/2023,2000,3000,2500,78
Maharashtra,Pune,Pune(Pimpri),Tomato,Local,FAQ,05/12/2023,2000,3000,2500,78
Maharashtra,Pune,Pune(Pimpri),Tomato,Local,FAQ,12/12/2023,1500,2500,2000,78
Maharashtra,Pune,Pune(Pimpri),Tomato,Local,FAQ,17/12/2023,1500,2000,1750,78
Maharashtra,Pune,Pune(Pimpri),Tomato,Local,FAQ,23/12/2023,1000,2000,1500,78
Maharashtra,Pune,Pune(Pimpri),Tomato,Local,FAQ,25/12/2023,1000,2000,1500,78
Maharashtra,Pune,Pune(Pimpri),Tomato,Local,FAQ,26/12/2023,1500,1800,1650,78
Maharashtra,Pune,Pune(Pimpri),Tomato,Local,FAQ,27/12/2023,1500,1800,1650,78
Maharashtra,Pune,Pune(Pimpri),Tomato,Local,FAQ,31/12/2023,1500,2000,1750,78
Maharashtra,Pune,Pune(Pimpri),Tomato,Local,FAQ,25/02/2021,1200,1400,1300,78
Maharashtra,Pune,Pune(Pimpri),Tomato,Local,FAQ,28/02/2021,700,1200,1000,78
Maharashtra,Pune,Pune(Pimpri),Tomato,Local,FAQ,03/03/2021,1000,1200,1100,78
Maharashtra,Pune,Pune(Pimpri),Tomato,Local,FAQ,08/03/2021,800,1000,900,78
Maharashtra,Pune,Pune(Pimpri),Tomato,Local,FAQ,09/03/2021,1000,1200,1100,78
Maharashtra,Pune,Pune(Pimpri),Tomato,Local,FAQ,11/03/2021,700,800,750,78
Maharashtra,Pune,Pune(Pimpri),Tomato,Local,FAQ,12/03/2021,700,1000,850,78
Maharashtra,Pune,Pune(Pimpri),Tomato,Local,FAQ,13/03/2021,700,1000,850,78
Maharashtra,Pune,Pune(Pimpri),Tomato,Local,FAQ,16/03/2021,800,1200,1000,78
Maharashtra,Pune,Pune(Pimpri),Tomato,Local,FAQ,23/03/2021,800,1000,900,78
Maharashtra,Pune,Pune(Pimpri),Tomato,Local,FAQ,25/03/2021,800,1000,900,78
Maharashtra,Pune,Pune(Pimpri),Tomato,Local,FAQ,31/03/2021,800,1000,900,78
Maharashtra,Pune,Pune(Pimpri),Tomato,Local,FAQ,03/04/2021,800,1500,1150,78
Maharashtra,Pune,Pune(Pimpri),Tomato,Local,FAQ,14/04/2021,1200,1200,1200,78
Maharashtra,Pune,Pune(Pimpri),Tomato,Local,FAQ,27/04/2021,1200,1200,1200,78
Maharashtra,Pune,Pune(Pimpri),Tomato,Local,FAQ,11/05/2021,1200,1200,1200,78
Maharashtra,Pune,Pune(Pimpri),Tomato,Local,FAQ,20/05/2021,1000,1200,1100,78
Maharashtra,Pune,Pune(Pimpri),Tomato,Local,FAQ,24/05/2021,1200,1200,1200,78
Maharashtra,Pune,Pune(Pimpri),Tomato,Local,FAQ,25/05/2021,1200,1200,1200,78
Maharashtra,Pune,Pune(Pimpri),Tomato,Local,FAQ,31/05/2021,1200,1200,1200,78
Maharashtra,Pune,Pune(Pimpri),Tomato,Local,FAQ,01/06/2021,1200,1200,1200,78
Maharashtra,Pune,Pune(Pimpri),Tomato,Local,FAQ,09/06/2021,1000,1200,1100,78
Maharashtra,Pune,Pune(Pimpri),Tomato,Local,FAQ,13/06/2021,1200,1200,1200,78
Maharashtra,Pune,Pune(Pimpri),Tomato,Local,FAQ,16/06/2021,800,1200,1000,78
Maharashtra,Pune,Pune(Pimpri),Tomato,Local,FAQ,20/06/2021,1200,1200,1200,78
Maharashtra,Pune,Pune(Pimpri),Tomato,Local,FAQ,22/06/2021,1000,1000,1000,78
Maharashtra,Pune,Pune(Pimpri),Tomato,Local,FAQ,27/06/2021,800,1200,1000,78
Maharashtra,Pune,Pune(Pimpri),Tomato,Local,FAQ,02/07/2021,1000,1200,1100,78
Maharashtra,Pune,Pune(Pimpri),Tomato,Local,FAQ,15/07/2021,1200,1200,1200,78
Maharashtra,Pune,Pune(Pimpri),Tomato,Local,FAQ,28/07/2021,1200,1200,1200,78
Maharashtra,Pune,Pune(Pimpri),Tomato,Local,FAQ,01/08/2021,800,1200,1000,78
Maharashtra,Pune,Pune(Pimpri),Tomato,Local,FAQ,16/08/2021,600,1000,800,78
Maharashtra,Pune,Pune(Pimpri),Tomato,Local,FAQ,19/08/2021,600,800,700,78
Maharashtra,Pune,Pune(Pimpri),Tomato,Local,FAQ,21/08/2021,800,1000,900,78
Maharashtra,Pune,Pune(Pimpri),Tomato,Local,FAQ,25/08/2021,600,600,600,78
Maharashtra,Pune,Pune(Pimpri),Tomato,Local,FAQ,26/08/2021,600,700,650,78
Maharashtra,Pune,Pune(Pimpri),Tomato,Local,FAQ,29/08/2021,600,700,650,78
Maharashtra,Pune,Pune(Pimpri),Tomato,Local,FAQ,31/08/2021,600,600,600,78
Maharashtra,Pune,Pune(Pimpri),Tomato,Local,FAQ,03/09/2021,700,700,700,78
Maharashtra,Pune,Pune(Pimpri),Tomato,Local,FAQ,07/09/2021,700,700,700,78
Maharashtra,Pune,Pune(Pimpri),Tomato,Local,FAQ,09/09/2021,600,700,650,78
Maharashtra,Pune,Pune(Pimpri),Tomato,Local,FAQ,12/09/2021,700,700,700,78
Maharashtra,Pune,Pune(Pimpri),Tomato,Local,FAQ,20/09/2021,700,1000,850,78
Maharashtra,Pune,Pune(Pimpri),Tomato,Local,FAQ,21/09/2021,1000,1000,1000,78
Maharashtra,Pune,Pune(Pimpri),Tomato,Local,FAQ,24/09/2021,1200,1800,1500,78
Maharashtra,Pune,Pune(Pimpri),Tomato,Local,FAQ,03/10/2021,2300,2900,2600,78
Maharashtra,Pune,Pune(Pimpri),Tomato,Local,FAQ,21/10/2021,3000,4000,3500,78
Maharashtra,Pune,Pune(Pimpri),Tomato,Local,FAQ,28/10/2021,2500,3500,3000,78
Maharashtra,Pune,Pune(Pimpri),Tomato,Local,FAQ,29/10/2021,2500,3000,2750,78
Maharashtra,Pune,Pune(Pimpri),Tomato,Local,FAQ,02/11/2021,3000,3000,3000,78
Maharashtra,Pune,Pune(Pimpri),Tomato,Local,FAQ,04/11/2021,2500,3500,3000,78
Maharashtra,Pune,Pune(Pimpri),Tomato,Local,FAQ,08/11/2021,2500,3000,2750,78
Maharashtra,Pune,Pune(Pimpri),Tomato,Local,FAQ,13/11/2021,3000,4300,3650,78
Maharashtra,Pune,Pune(Pimpri),Tomato,Local,FAQ,14/11/2021,3500,4000,3750,78
Maharashtra,Pune,Pune(Pimpri),Tomato,Local,FAQ,18/11/2021,2200,3200,2700,78
Maharashtra,Pune,Pune(Pimpri),Tomato,Local,FAQ,27/11/2021,1600,3500,2550,78
Maharashtra,Pune,Pune(Pimpri),Tomato,Local,FAQ,21/12/2021,2000,2700,2350,78
Maharashtra,Pune,Pune(Pimpri),Tomato,Local,Local,15/08/2025,3000,3500,3250,78
Maharashtra,Pune,Pune(Pimpri),Tomato,Local,Local,03/06/2025,1300,1500,1400,78
Maharashtra,Pune,Pune(Pimpri),Tomato,Local,Local,15/06/2025,1500,2000,1750,78
Maharashtra,Pune,Pune(Pimpri),Tomato,Local,Local,27/06/2025,2000,2000,2000,78
Maharashtra,Pune,Pune(Pimpri),Tomato,Local,Local,12/06/2025,2000,2000,2000,78
Maharashtra,Pune,Pune(Pimpri),Tomato,Local,Local,16/06/2025,2000,2000,2000,78
Maharashtra,Pune,Pune(Pimpri),Tomato,Local,Local,17/06/2025,1500,2000,1750,78
Maharashtra,Pune,Pune(Pimpri),Tomato,Local,Local,04/06/2025,1500,1500,1500,78
Maharashtra,Pune,Pune(Pimpri),Tomato,Local,Local,20/06/2025,1200,2000,1600,78
Maharashtra,Pune,Pune(Pimpri),Tomato,Local,Local,21/06/2025,1800,2000,1900,78
Maharashtra,Pune,Pune(Pimpri),Tomato,Local,Local,24/06/2025,1500,2000,1750,78
Maharashtra,Pune,Pune(Pimpri),Tomato,Local,Local,26/06/2025,1200,2000,1600,78
Maharashtra,Pune,Pune(Pimpri),Tomato,Local,Local,05/07/2025,1200,2000,1600,78
Maharashtra,Pune,Pune(Pimpri),Tomato,Local,Local,07/07/2025,1300,2000,1650,78
Maharashtra,Pune,Pune(Pimpri),Tomato,Local,Local,08/07/2025,2000,2000,2000,78
Maharashtra,Pune,Pune(Pimpri),Tomato,Local,Local,11/07/2025,2000,2000,2000,78
Maharashtra,Pune,Pune(Pimpri),Tomato,Local,Local,13/07/2025,800,2000,1400,78
Maharashtra,Pune,Pune(Pimpri),Tomato,Local,Local,15/07/2025,1500,1500,1500,78
Maharashtra,Pune,Pune(Pimpri),Tomato,Local,Local,28/07/2025,4300,4300,4300,78
Maharashtra,Pune,Pune(Pimpri),Tomato,Local,Local,30/07/2025,3500,3500,3500,78
Maharashtra,Pune,Pune(Pimpri),Tomato,Local,Local,31/07/2025,1500,3500,2500,78
Maharashtra,Pune,Pune(Pimpri),Tomato,Local,Local,04/09/2025,1400,2200,1800,78
Maharashtra,Pune,Pune(Pimpri),Tomato,Local,Local,18/09/2025,1300,1500,1400,78
Maharashtra,Pune,Pune(Pimpri),Tomato,Local,Local,23/09/2025,900,1500,1200,78
Maharashtra,Pune,Pune(Pimpri),Tomato,Local,Local,01/10/2025,1000,2000,1500,78
Maharashtra,Pune,Pune(Pimpri),Tomato,Local,Local,04/10/2025,1000,1600,1300,78
Maharashtra,Pune,Pune(Pimpri),Tomato,Local,Local,06/10/2025,1200,1800,1500,78
Maharashtra,Pune,Pune(Pimpri),Tomato,Local,Local,13/10/2025,1400,1600,1500,78
Maharashtra,Pune,Pune(Pimpri),Tomato,Local,Local,24/10/2025,1400,2000,1700,78
Maharashtra,Pune,Pune(Pimpri),Tomato,Local,Local,26/10/2025,1000,2000,1500,78
Maharashtra,Pune,Pune(Pimpri),Tomato,Local,Local,27/10/2025,1000,1400,1200,78
Maharashtra,Pune,Pune(Pimpri),Tomato,Local,FAQ,27/02/2021,700,1500,1100,78
Maharashtra,Pune,Pune(Pimpri),Tomato,Local,FAQ,04/03/2021,1000,1200,1100,78
Maharashtra,Pune,Pune(Pimpri),Tomato,Local,FAQ,29/03/2021,1000,1400,1200,78
Maharashtra,Pune,Pune(Pimpri),Tomato,Local,FAQ,02/04/2021,1000,1800,1400,78
Maharashtra,Pune,Pune(Pimpri),Tomato,Local,FAQ,12/04/2021,1200,1200,1200,78
Maharashtra,Pune,Pune(Pimpri),Tomato,Local,FAQ,22/04/2021,1000,1200,1100,78
Maharashtra,Pune,Pune(Pimpri),Tomato,Local,FAQ,05/05/2021,1000,1200,1100,78
Maharashtra,Pune,Pune(Pimpri),Tomato,Local,FAQ,13/05/2021,1000,1200,1100,78
Maharashtra,Pune,Pune(Pimpri),Tomato,Local,FAQ,04/06/2021,1200,1200,1200,78
Maharashtra,Pune,Pune(Pimpri),Tomato,Local,FAQ,06/06/2021,1000,1200,1100,78
Maharashtra,Pune,Pune(Pimpri),Tomato,Local,FAQ,08/06/2021,1200,1200,1200,78
Maharashtra,Pune,Pune(Pimpri),Tomato,Local,FAQ,28/06/2021,1000,1200,1100,78
Maharashtra,Pune,Pune(Pimpri),Tomato,Local,FAQ,10/07/2021,1000,1200,1100,78
Maharashtra,Pune,Pune(Pimpri),Tomato,Local,FAQ,13/07/2021,1200,1200,1200,78
Maharashtra,Pune,Pune(Pimpri),Tomato,Local,FAQ,21/07/2021,1200,1200,1200,78
Maharashtra,Pune,Pune(Pimpri),Tomato,Local,FAQ,25/07/2021,1200,1200,1200,78
Maharashtra,Pune,Pune(Pimpri),Tomato,Local,FAQ,02/08/2021,1200,1200,1200,78
Maharashtra,Pune,Pune(Pimpri),Tomato,Local,FAQ,06/08/2021,1300,1300,1300,78
Maharashtra,Pune,Pune(Pimpri),Tomato,Local,FAQ,15/08/2021,1200,1200,1200,78
Maharashtra,Pune,Pune(Pimpri),Tomato,Local,FAQ,17/08/2021,600,800,700,78
Maharashtra,Pune,Pune(Pimpri),Tomato,Local,FAQ,23/08/2021,700,700,700,78
Maharashtra,Pune,Pune(Pimpri),Tomato,Local,FAQ,28/08/2021,600,700,650,78
Maharashtra,Pune,Pune(Pimpri),Tomato,Local,FAQ,02/09/2021,500,700,600,78
Maharashtra,Pune,Pune(Pimpri),Tomato,Local,FAQ,08/09/2021,700,700,700,78
Maharashtra,Pune,Pune(Pimpri),Tomato,Local,FAQ,14/09/2021,500,700,600,78
Maharashtra,Pune,Pune(Pimpri),Tomato,Local,FAQ,16/09/2021,600,700,650,78
Maharashtra,Pune,Pune(Pimpri),Tomato,Local,FAQ,25/09/2021,1200,1800,1500,78
Maharashtra,Pune,Pune(Pimpri),Tomato,Local,FAQ,27/09/2021,1800,2200,2000,78
Maharashtra,Pune,Pune(Pimpri),Tomato,Local,FAQ,06/10/2021,2000,3000,2500,78
Maharashtra,Pune,Pune(Pimpri),Tomato,Local,FAQ,07/10/2021,2500,3500,3000,78
Maharashtra,Pune,Pune(Pimpri),Tomato,Local,FAQ,08/10/2021,2200,3000,2600,78
Maharashtra,Pune,Pune(Pimpri),Tomato,Local,FAQ,12/10/2021,1500,3500,2500,78
Maharashtra,Pune,Pune(Pimpri),Tomato,Local,FAQ,15/10/2021,3000,3500,3250,78
Maharashtra,Pune,Pune(Pimpri),Tomato,Local,FAQ,17/10/2021,3500,4000,3750,78
Maharashtra,Pune,Pune(Pimpri),Tomato,Local,FAQ,22/10/2021,3000,4000,3500,78
Maharashtra,Pune,Pune(Pimpri),Tomato,Local,FAQ,06/11/2021,1500,3200,2350,78
Maharashtra,Pune,Pune(Pimpri),Tomato,Local,FAQ,07/11/2021,3200,3800,3500,78
Maharashtra,Pune,Pune(Pimpri),Tomato,Local,FAQ,11/11/2021,1500,3700,2600,78
Maharashtra,Pune,Pune(Pimpri),Tomato,Local,FAQ,24/11/2021,2500,3500,3000,78
Maharashtra,Pune,Pune(Pimpri),Tomato,Local,FAQ,28/11/2021,2800,3500,3150,78
Maharashtra,Pune,Pune(Pimpri),Tomato,Local,FAQ,08/12/2021,3000,4200,3600,78
Maharashtra,Pune,Pune(Pimpri),Tomato,Local,FAQ,12/12/2021,1500,3000,2250,78
Maharashtra,Pune,Pune(Pimpri),Tomato,Local,FAQ,16/12/2021,1000,3000,2000,78
Maharashtra,Pune,Pune(Pimpri),Tomato,Local,FAQ,19/12/2021,1500,3000,2250,78
Maharashtra,Pune,Pune(Pimpri),Tomato,Local,FAQ,20/12/2021,2000,2000,2000,78
Maharashtra,Pune,Pune(Pimpri),Tomato,Local,FAQ,22/12/2021,1000,3000,2000,78
Maharashtra,Pune,Pune(Pimpri),Tomato,Local,FAQ,30/12/2021,2000,3100,2550,78
Maharashtra,Pune,Pune(Pimpri),Tomato,Local,FAQ,03/01/2024,1500,2500,2000,78
Maharashtra,Pune,Pune(Pimpri),Tomato,Local,FAQ,05/01/2024,2500,2500,2500,78
Maharashtra,Pune,Pune(Pimpri),Tomato,Local,FAQ,08/01/2024,2500,2500,2500,78
Maharashtra,Pune,Pune(Pimpri),Tomato,Local,FAQ,13/01/2024,1800,2500,2150,78
Maharashtra,Pune,Pune(Pimpri),Tomato,Local,FAQ,15/01/2024,2000,2000,2000,78
Maharashtra,Pune,Pune(Pimpri),Tomato,Local,FAQ,24/01/2024,1800,2400,2100,78
Maharashtra,Pune,Pune(Pimpri),Tomato,Local,FAQ,29/01/2024,2500,2500,2500,78
Maharashtra,Pune,Pune(Pimpri),Tomato,Local,FAQ,18/02/2024,1500,2000,1750,78
Maharashtra,Pune,Pune(Pimpri),Tomato,Local,FAQ,23/02/2024,1600,1600,1600,78
Maharashtra,Pune,Pune(Pimpri),Tomato,Local,FAQ,28/02/2024,1500,1700,1600,78
Maharashtra,Pune,Pune(Pimpri),Tomato,Local,FAQ,01/03/2024,800,1500,1150,78
Maharashtra,Pune,Pune(Pimpri),Tomato,Local,FAQ,03/03/2024,1000,2000,1500,78
Maharashtra,Pune,Pune(Pimpri),Tomato,Local,FAQ,16/03/2024,1500,1700,1600,78
Maharashtra,Pune,Pune(Pimpri),Tomato,Local,FAQ,18/03/2024,1400,1600,1500,78
Maharashtra,Pune,Pune(Pimpri),Tomato,Local,FAQ,19/03/2024,1200,1600,1400,78
Maharashtra,Pune,Pune(Pimpri),Tomato,Local,FAQ,20/03/2024,1400,1600,1500,78
Maharashtra,Pune,Pune(Pimpri),Tomato,Local,FAQ,26/03/2024,1200,1500,1350,78
Maharashtra,Pune,Pune(Pimpri),Tomato,Local,FAQ,30/03/2024,1000,1200,1100,78
Maharashtra,Pune,Pune(Pimpri),Tomato,Local,FAQ,21/04/2024,800,1200,1000,78
Maharashtra,Pune,Pune(Pimpri),Tomato,Local,FAQ,22/04/2024,800,1200,1000,78
Maharashtra,Pune,Pune(Pimpri),Tomato,Local,FAQ,24/04/2024,800,1200,1000,78
Maharashtra,Pune,Pune(Pimpri),Tomato,Local,FAQ,09/06/2024,2000,2000,2000,78
Maharashtra,Pune,Pune(Pimpri),Tomato,Local,FAQ,11/06/2024,2000,2500,2250,78
Maharashtra,Pune,Pune(Pimpri),Tomato,Local,FAQ,17/06/2024,2000,2500,2250,78
Maharashtra,Pune,Pune(Pimpri),Tomato,Local,FAQ,18/06/2024,2000,3000,2500,78
Maharashtra,Pune,Pune(Pimpri),Tomato,Local,FAQ,19/06/2024,2000,2500,2250,78
Maharashtra,Pune,Pune(Pimpri),Tomato,Local,FAQ,21/06/2024,2000,3000,2500,78
Maharashtra,Pune,Pune(Pimpri),Tomato,Local,FAQ,29/06/2024,3000,3500,3250,78
Maharashtra,Pune,Pune(Pimpri),Tomato,Local,FAQ,30/06/2024,3500,3500,3500,78
Maharashtra,Pune,Pune(Pimpri),Tomato,Local,FAQ,06/05/2024,1000,1500,1250,78
Maharashtra,Pune,Pune(Pimpri),Tomato,Local,FAQ,14/05/2024,1000,1200,1100,78
Maharashtra,Pune,Pune(Pimpri),Tomato,Local,FAQ,15/05/2024,1000,1300,1150,78
Maharashtra,Pune,Pune(Pimpri),Tomato,Local,FAQ,17/05/2024,1000,1200,1100,78
Maharashtra,Pune,Pune(Pimpri),Tomato,Local,FAQ,22/05/2024,1000,1200,1100,78
Maharashtra,Pune,Pune(Pimpri),Tomato,Local,FAQ,28/05/2024,1400,1800,1600,78
Maharashtra,Pune,Pune(Pimpri),Tomato,Local,FAQ,30/05/2024,1000,1400,1200,78
Maharashtra,Pune,Pune(Pimpri),Tomato,Local,FAQ,05/01/2025,1000,1500,1250,78
Maharashtra,Pune,Pune(Pimpri),Tomato,Local,FAQ,14/01/2025,1300,1500,1400,78
Maharashtra,Pune,Pune(Pimpri),Tomato,Local,FAQ,21/01/2025,800,1200,1000,78
Maharashtra,Pune,Pune(Pimpri),Tomato,Local,FAQ,22/01/2025,700,1200,950,78
Maharashtra,Pune,Pune(Pimpri),Tomato,Local,FAQ,23/01/2025,800,1200,1000,78
Maharashtra,Pune,Pune(Pimpri),Tomato,Local,FAQ,16/01/2025,1000,1500,1250,78
Maharashtra,Pune,Pune(Pimpri),Tomato,Local,Local,21/02/2025,1000,1200,1100,78
Maharashtra,Pune,Pune(Pimpri),Tomato,Local,Local,24/02/2025,1000,1200,1100,78
Maharashtra,Pune,Pune(Pimpri),Tomato,Local,Local,28/02/2025,1000,1200,1100,78
Maharashtra,Pune,Pune(Pimpri),Tomato,Local,Local,08/02/2025,1000,1200,1100,78
Maharashtra,Pune,Pune(Pimpri),Tomato,Local,Local,19/02/2025,1000,1200,1100,78
Maharashtra,Pune,Pune(Pimpri),Tomato,Local,Local,20/02/2025,1000,1200,1100,78
Maharashtra,Pune,Pune(Pimpri),Tomato,Local,FAQ,11/09/2024,1500,2000,1750,78
Maharashtra,Pune,Pune(Pimpri),Tomato,Local,FAQ,24/09/2024,2400,2600,2500,78
Maharashtra,Pune,Pune(Pimpri),Tomato,Local,FAQ,30/09/2024,2500,2500,2500,78
Maharashtra,Pune,Pune(Pimpri),Tomato,Local,FAQ,05/09/2024,1500,2000,1750,78
Maharashtra,Pune,Pune(Pimpri),Tomato,Local,FAQ,13/09/2024,1400,1600,1500,78
Maharashtra,Pune,Pune(Pimpri),Tomato,Local,FAQ,09/09/2024,1500,1800,1650,78
Maharashtra,Pune,Pune(Pimpri),Tomato,Local,FAQ,19/09/2024,1500,2000,1750,78
Maharashtra,Pune,Pune(Pimpri),Tomato,Local,FAQ,17/09/2024,2000,2500,2250,78
Maharashtra,Pune,Pune(Pimpri),Tomato,Local,FAQ,15/10/2024,3000,4000,3500,78
Maharashtra,Pune,Pune(Pimpri),Tomato,Local,FAQ,27/10/2024,1500,2500,2000,78
Maharashtra,Pune,Pune(Pimpri),Tomato,Local,FAQ,02/01/2023,1000,1000,1000,78
Maharashtra,Pune,Pune(Pimpri),Tomato,Local,FAQ,03/01/2023,600,1000,800,78
Maharashtra,Pune,Pune(Pimpri),Tomato,Local,FAQ,19/01/2023,900,1100,1000,78
Maharashtra,Pune,Pune(Pimpri),Tomato,Local,FAQ,22/01/2023,800,1200,1000,78
Maharashtra,Pune,Pune(Pimpri),Tomato,Local,FAQ,23/01/2023,800,1200,1000,78
Maharashtra,Pune,Pune(Pimpri),Tomato,Local,FAQ,03/02/2023,900,1000,950,78
Maharashtra,Pune,Pune(Pimpri),Tomato,Local,FAQ,04/02/2023,700,1000,850,78
Maharashtra,Pune,Pune(Pimpri),Tomato,Local,FAQ,06/02/2023,800,1000,900,78
Maharashtra,Pune,Pune(Pimpri),Tomato,Local,FAQ,16/02/2023,800,1000,900,78
Maharashtra,Pune,Pune(Pimpri),Tomato,Local,FAQ,02/03/2023,800,1200,1000,78
Maharashtra,Pune,Pune(Pimpri),Tomato,Local,FAQ,05/03/2023,1100,1200,1150,78
Maharashtra,Pune,Pune(Pimpri),Tomato,Local,FAQ,06/03/2023,800,1200,1000,78
Maharashtra,Pune,Pune(Pimpri),Tomato,Local,FAQ,11/03/2023,800,1200,1000,78
Maharashtra,Pune,Pune(Pimpri),Tomato,Local,FAQ,15/03/2023,800,1200,1000,78
Maharashtra,Pune,Pune(Pimpri),Tomato,Local,FAQ,23/03/2023,800,1200,1000,78
Maharashtra,Pune,Pune(Pimpri),Tomato,Local,FAQ,24/03/2023,800,1200,1000,78
Maharashtra,Pune,Pune(Pimpri),Tomato,Local,FAQ,13/04/2023,800,1000,900,78
Maharashtra,Pune,Pune(Pimpri),Tomato,Local,FAQ,17/04/2023,800,1200,1000,78
Maharashtra,Pune,Pune(Pimpri),Tomato,Local,FAQ,20/04/2023,800,1000,900,78
Maharashtra,Pune,Pune(Pimpri),Tomato,Local,FAQ,12/05/2023,800,1000,900,78
Maharashtra,Pune,Pune(Pimpri),Tomato,Local,FAQ,15/05/2023,800,1200,1000,78
Maharashtra,Pune,Pune(Pimpri),Tomato,Local,FAQ,19/05/2023,1000,1000,1000,78
Maharashtra,Pune,Pune(Pimpri),Tomato,Local,FAQ,29/05/2023,800,1200,1000,78
Maharashtra,Pune,Pune(Pimpri),Tomato,Local,FAQ,31/05/2023,800,1200,1000,78
Maharashtra,Pune,Pune(Pimpri),Tomato,Local,FAQ,02/06/2023,800,1200,1000,78
Maharashtra,Pune,Pune(Pimpri),Tomato,Local,FAQ,04/06/2023,800,1200,1000,78
Maharashtra,Pune,Pune(Pimpri),Tomato,Local,FAQ,05/06/2023,800,1200,1000,78
Maharashtra,Pune,Pune(Pimpri),Tomato,Local,FAQ,07/06/2023,1000,2000,1500,78
Maharashtra,Pune,Pune(Pimpri),Tomato,Local,FAQ,08/06/2023,800,1200,1000,78
Maharashtra,Pune,Pune(Pimpri),Tomato,Local,FAQ,11/06/2023,1000,1800,1400,78
Maharashtra,Pune,Pune(Pimpri),Tomato,Local,FAQ,12/06/2023,800,1200,1000,78
Maharashtra,Pune,Pune(Pimpri),Tomato,Local,FAQ,01/07/2023,3000,3000,3000,78
Maharashtra,Pune,Pune(Pimpri),Tomato,Local,FAQ,02/07/2023,3000,3000,3000,78
Maharashtra,Pune,Pune(Pimpri),Tomato,Local,FAQ,09/07/2023,6000,7000,6500,78
Maharashtra,Pune,Pune(Pimpri),Tomato,Local,FAQ,19/07/2023,7000,7000,7000,78
Maharashtra,Pune,Pune(Pimpri),Tomato,Local,FAQ,20/07/2023,7000,7000,7000,78
Maharashtra,Pune,Pune(Pimpri),Tomato,Local,FAQ,27/07/2023,7000,7000,7000,78
Maharashtra,Pune,Pune(Pimpri),Tomato,Local,FAQ,02/08/2023,7000,7000,7000,78
Maharashtra,Pune,Pune(Pimpri),Tomato,Local,FAQ,05/08/2023,7000,7000,7000,78
Maharashtra,Pune,Pune(Pimpri),Tomato,Local,FAQ,13/08/2023,6000,7000,6500,78
Maharashtra,Pune,Pune(Pimpri),Tomato,Local,FAQ,18/08/2023,3000,5000,4000,78
Maharashtra,Pune,Pune(Pimpri),Tomato,Local,FAQ,20/08/2023,2600,4000,3300,78
Maharashtra,Pune,Pune(Pimpri),Tomato,Local,FAQ,23/08/2023,3000,3000,3000,78
Maharashtra,Pune,Pune(Pimpri),Tomato,Local,FAQ,24/08/2023,3000,3000,3000,78
Maharashtra,Pune,Pune(Pimpri),Tomato,Local,FAQ,29/08/2023,3000,3000,3000,78
Maharashtra,Pune,Pune(Pimpri),Tomato,Local,FAQ,04/09/2023,1500,1500,1500,78
Maharashtra,Pune,Pune(Pimpri),Tomato,Local,FAQ,05/09/2023,1400,2000,1700,78
Maharashtra,Pune,Pune(Pimpri),Tomato,Local,FAQ,07/09/2023,1000,1200,1100,78
Maharashtra,Pune,Pune(Pimpri),Tomato,Local,FAQ,10/09/2023,800,1200,1000,78
Maharashtra,Pune,Pune(Pimpri),Tomato,Local,FAQ,15/09/2023,800,1000,900,78
Maharashtra,Pune,Pune(Pimpri),Tomato,Local,FAQ,17/09/2023,800,1000,900,78
Maharashtra,Pune,Pune(Pimpri),Tomato,Local,FAQ,19/09/2023,500,1000,750,78
Maharashtra,Pune,Pune(Pimpri),Tomato,Local,FAQ,01/10/2023,800,1200,1000,78
Maharashtra,Pune,Pune(Pimpri),Tomato,Local,FAQ,09/10/2023,1000,1000,1000,78
Maharashtra,Pune,Pune(Pimpri),Tomato,Local,FAQ,10/10/2023,700,1000,850,78
Maharashtra,Pune,Pune(Pimpri),Tomato,Local,FAQ,19/10/2023,700,800,750,78
Maharashtra,Pune,Pune(Pimpri),Tomato,Local,FAQ,24/10/2023,600,800,700,78
Maharashtra,Pune,Pune(Pimpri),Tomato,Local,FAQ,25/10/2023,700,800,750,78
Maharashtra,Pune,Pune(Pimpri),Tomato,Local,FAQ,26/10/2023,600,1000,800,78
Maharashtra,Pune,Pune(Pimpri),Tomato,Local,FAQ,30/10/2023,700,800,750,78
Maharashtra,Pune,Pune(Pimpri),Tomato,Local,FAQ,09/11/2023,1200,2000,1600,78
Maharashtra,Pune,Pune(Pimpri),Tomato,Local,FAQ,23/11/2023,2000,2500,2250,78
Maharashtra,Pune,Pune(Pimpri),Tomato,Local,FAQ,25/11/2023,2000,3000,2500,78
Maharashtra,Pune,Pune(Pimpri),Tomato,Local,FAQ,28/11/2023,2000,2500,2250,78
Maharashtra,Pune,Pune(Pimpri),Tomato,Local,FAQ,04/12/2023,2000,2500,2250,78
Maharashtra,Pune,Pune(Pimpri),Tomato,Local,FAQ,13/12/2023,2000,2200,2100,78
Maharashtra,Pune,Pune(Pimpri),Tomato,Local,FAQ,18/12/2023,1500,2500,2000,78
Maharashtra,Pune,Pune(Pimpri),Tomato,Local,FAQ,22/12/2023,1000,2000,1500,78
Maharashtra,Pune,Pune(Pimpri),Tomato,Local,FAQ,24/12/2023,1000,2000,1500,78
Maharashtra,Pune,Pune(Pimpri),Tomato,Local,FAQ,29/12/2023,1800,2800,2300,78
Maharashtra,Pune,Pune(Pimpri),Tomato,Local,Local,10/03/2025,1000,1200,1100,78
Maharashtra,Pune,Pune(Pimpri),Tomato,Local,Local,12/03/2025,1000,1300,1150,78
Maharashtra,Pune,Pune(Pimpri),Tomato,Local,Local,14/03/2025,1100,1300,1200,78
Maharashtra,Pune,Pune(Pimpri),Tomato,Local,Local,15/03/2025,1200,1400,1300,78
Maharashtra,Pune,Pune(Pimpri),Tomato,Local,Local,17/03/2025,1000,1300,1150,78
Maharashtra,Pune,Pune(Pimpri),Tomato,Local,Local,21/03/2025,1000,1200,1100,78
Maharashtra,Pune,Pune(Pimpri),Tomato,Local,Local,24/03/2025,1000,1200,1100,78
Maharashtra,Pune,Pune(Pimpri),Tomato,Local,Local,26/03/2025,800,1200,1000,78
Maharashtra,Pune,Pune(Pimpri),Tomato,Local,Local,27/03/2025,700,1200,950,78
Maharashtra,Pune,Pune(Pimpri),Tomato,Local,Local,07/06/2025,1400,2000,1700,78
Maharashtra,Pune,Pune(Pimpri),Tomato,Local,Local,06/06/2025,2000,2000,2000,78
Maharashtra,Pune,Pune(Pimpri),Tomato,Local,Local,13/06/2025,1500,1500,1500,78
Maharashtra,Pune,Pune(Pimpri),Tomato,Local,Local,22/06/2025,1200,2000,1600,78
Maharashtra,Pune,Pune(Pimpri),Tomato,Local,Local,23/06/2025,1500,2000,1750,78
Maharashtra,Pune,Pune(Pimpri),Tomato,Local,Local,30/06/2025,2000,2000,2000,78
Maharashtra,Pune,Pune(Pimpri),Tomato,Local,Local,02/07/2025,1200,2000,1600,78
Maharashtra,Pune,Pune(Pimpri),Tomato,Local,Local,04/07/2025,2000,2000,2000,78
Maharashtra,Pune,Pune(Pimpri),Tomato,Local,Local,10/07/2025,2000,2000,2000,78
Maharashtra,Pune,Pune(Pimpri),Tomato,Local,Local,20/07/2025,1200,2000,1600,78
Maharashtra,Pune,Pune(Pimpri),Tomato,Local,Local,22/07/2025,2000,2000,2000,78
Maharashtra,Pune,Pune(Pimpri),Tomato,Local,Local,23/07/2025,2000,2000,2000,78
Maharashtra,Pune,Pune(Pimpri),Tomato,Local,Local,25/07/2025,3000,3000,3000,78
Maharashtra,Pune,Pune(Pimpri),Tomato,Local,Local,27/07/2025,1500,3000,2250,78
Maharashtra,Pune,Pune(Pimpri),Tomato,Local,Local,02/04/2025,800,1200,1000,78
Maharashtra,Pune,Pune(Pimpri),Tomato,Local,Local,03/04/2025,700,1000,850,78
Maharashtra,Pune,Pune(Pimpri),Tomato,Local,Local,11/04/2025,800,1200,1000,78
Maharashtra,Pune,Pune(Pimpri),Tomato,Local,Local,18/04/2025,1000,1200,1100,78
Maharashtra,Pune,Pune(Pimpri),Tomato,Local,Local,26/04/2025,800,1200,1000,78
Maharashtra,Pune,Pune(Pimpri),Tomato,Local,Local,27/04/2025,800,1200,1000,78
Maharashtra,Pune,Pune(Pimpri),Tomato,Local,Local,28/04/2025,1000,1200,1100,78
Maharashtra,Pune,Pune(Pimpri),Tomato,Local,Local,04/05/2025,1000,1400,1200,78
Maharashtra,Pune,Pune(Pimpri),Tomato,Local,Local,06/05/2025,1000,1200,1100,78
Maharashtra,Pune,Pune(Pimpri),Tomato,Local,Local,10/05/2025,1000,1200,1100,78
Maharashtra,Pune,Pune(Pimpri),Tomato,Local,Local,17/05/2025,1000,1500,1250,78
Maharashtra,Pune,Pune(Pimpri),Tomato,Local,Local,20/05/2025,1200,1200,1200,78
Maharashtra,Pune,Pune(Pimpri),Tomato,Local,Local,25/05/2025,1200,1500,1350,78
Maharashtra,Pune,Pune(Pimpri),Tomato,Local,Local,29/05/2025,2000,2000,2000,78
Maharashtra,Pune,Pune(Pimpri),Tomato,Local,FAQ,12/12/2024,2000,2000,2000,78
Maharashtra,Pune,Pune(Pimpri),Tomato,Local,FAQ,24/12/2024,2000,2000,2000,78
Maharashtra,Pune,Pune(Pimpri),Tomato,Local,FAQ,31/12/2024,1500,1800,1650,78
Maharashtra,Pune,Pune(Pimpri),Tomato,Local,FAQ,20/12/2024,2000,2000,2000,78
Maharashtra,Pune,Pune(Pimpri),Tomato,Local,FAQ,28/12/2024,1200,2000,1600,78
Maharashtra,Pune,Pune(Pimpri),Tomato,Local,FAQ,04/11/2024,2500,3000,2750,78
Maharashtra,Pune,Pune(Pimpri),Tomato,Local,FAQ,07/11/2024,2500,3000,2750,78
Maharashtra,Pune,Pune(Pimpri),Tomato,Local,FAQ,10/11/2024,2000,2500,2250,78
Maharashtra,Pune,Pune(Pimpri),Tomato,Local,FAQ,15/11/2024,1500,2000,1750,78
Maharashtra,Pune,Pune(Pimpri),Tomato,Local,FAQ,18/11/2024,1400,1600,1500,78
Maharashtra,Pune,Pune(Pimpri),Tomato,Local,FAQ,02/08/2024,1500,2000,1750,78
Maharashtra,Pune,Pune(Pimpri),Tomato,Local,FAQ,04/08/2024,1500,1700,1600,78
Maharashtra,Pune,Pune(Pimpri),Tomato,Local,FAQ,07/08/2024,1500,2000,1750,78
Maharashtra,Pune,Pune(Pimpri),Tomato,Local,FAQ,13/07/2024,3500,3500,3500,78
Maharashtra,Pune,Pune(Pimpri),Tomato,Local,FAQ,24/07/2024,3000,6000,4500,78
Maharashtra,Pune,Pune(Pimpri),Tomato,Local,FAQ,25/07/2024,3000,6000,4500,78
Maharashtra,Pune,Pune(Pimpri),Tomato,Local,FAQ,29/07/2024,2500,3000,2750,78
Maharashtra,Pune,Pune(Pimpri),Tomato,Local,FAQ,02/01/2022,2000,2000,2000,78
Maharashtra,Pune,Pune(Pimpri),Tomato,Local,FAQ,20/01/2022,1500,3000,2250,78
Maharashtra,Pune,Pune(Pimpri),Tomato,Local,FAQ,21/01/2022,2000,2000,2000,78
Maharashtra,Pune,Pune(Pimpri),Tomato,Local,FAQ,23/01/2022,1500,2000,1750,78
Maharashtra,Pune,Pune(Pimpri),Tomato,Local,FAQ,02/02/2022,2000,2000,2000,78
Maharashtra,Pune,Pune(Pimpri),Tomato,Local,FAQ,16/02/2022,1500,2000,1750,78
Maharashtra,Pune,Pune(Pimpri),Tomato,Local,FAQ,22/02/2022,1200,1600,1400,78
Maharashtra,Pune,Pune(Pimpri),Tomato,Local,FAQ,25/02/2022,1500,2000,1750,78
Maharashtra,Pune,Pune(Pimpri),Tomato,Local,FAQ,05/03/2022,1100,2000,1550,78
Maharashtra,Pune,Pune(Pimpri),Tomato,Local,FAQ,06/03/2022,1500,2000,1750,78
Maharashtra,Pune,Pune(Pimpri),Tomato,Local,FAQ,11/03/2022,1200,1800,1500,78
Maharashtra,Pune,Pune(Pimpri),Tomato,Local,FAQ,12/03/2022,1200,2000,1600,78
Maharashtra,Pune,Pune(Pimpri),Tomato,Local,FAQ,20/03/2022,1000,2000,1500,78
Maharashtra,Pune,Pune(Pimpri),Tomato,Local,FAQ,23/03/2022,900,1600,1250,78
Maharashtra,Pune,Pune(Pimpri),Tomato,Local,FAQ,24/03/2022,1400,1600,1500,78
Maharashtra,Pune,Pune(Pimpri),Tomato,Local,FAQ,29/03/2022,1000,1400,1200,78
Maharashtra,Pune,Pune(Pimpri),Tomato,Local,FAQ,08/04/2022,800,1200,1000,78
Maharashtra,Pune,Pune(Pimpri),Tomato,Local,FAQ,11/04/2022,900,1400,1150,78
Maharashtra,Pune,Pune(Pimpri),Tomato,Local,FAQ,14/04/2022,700,1200,950,78
Maharashtra,Pune,Pune(Pimpri),Tomato,Local,FAQ,15/04/2022,700,1200,950,78
Maharashtra,Pune,Pune(Pimpri),Tomato,Local,FAQ,16/04/2022,800,1200,1000,78
Maharashtra,Pune,Pune(Pimpri),Tomato,Local,FAQ,19/04/2022,1000,1400,1200,78
Maharashtra,Pune,Pune(Pimpri),Tomato,Local,FAQ,22/04/2022,1000,1700,1350,78
Maharashtra,Pune,Pune(Pimpri),Tomato,Local,FAQ,24/04/2022,1000,1400,1200,78
Maharashtra,Pune,Pune(Pimpri),Tomato,Local,FAQ,05/05/2022,2800,3800,3300,78
Maharashtra,Pune,Pune(Pimpri),Tomato,Local,FAQ,06/05/2022,2600,40000,3300,78
Maharashtra,Pune,Pune(Pimpri),Tomato,Local,FAQ,11/05/2022,2500,3500,3000,78
Maharashtra,Pune,Pune(Pimpri),Tomato,Local,FAQ,12/05/2022,2500,3500,3000,78
Maharashtra,Pune,Pune(Pimpri),Tomato,Local,FAQ,20/05/2022,2500,3500,3000,78
Maharashtra,Pune,Pune(Pimpri),Tomato,Local,FAQ,21/05/2022,3000,5000,4000,78
Maharashtra,Pune,Pune(Pimpri),Tomato,Local,FAQ,24/05/2022,3000,4000,3500,78
Maharashtra,Pune,Pune(Pimpri),Tomato,Local,FAQ,03/06/2022,3500,4500,4000,78
Maharashtra,Pune,Pune(Pimpri),Tomato,Local,FAQ,22/06/2022,3000,4000,3500,78
Maharashtra,Pune,Pune(Pimpri),Tomato,Local,FAQ,26/06/2022,2000,4000,3000,78
Maharashtra,Pune,Pune(Pimpri),Tomato,Local,FAQ,11/07/2022,800,1200,1000,78
Maharashtra,Pune,Pune(Pimpri),Tomato,Local,FAQ,15/07/2022,1200,1200,1200,78
Maharashtra,Pune,Pune(Pimpri),Tomato,Local,FAQ,17/07/2022,1200,1500,1300,78
Maharashtra,Pune,Pune(Pimpri),Tomato,Local,FAQ,19/07/2022,1400,1400,1400,78
Maharashtra,Pune,Pune(Pimpri),Tomato,Local,FAQ,20/07/2022,1000,1500,1250,78
Maharashtra,Pune,Pune(Pimpri),Tomato,Local,FAQ,23/07/2022,1200,1500,1350,78
Maharashtra,Pune,Pune(Pimpri),Tomato,Local,FAQ,05/08/2022,1000,1200,1100,78
Maharashtra,Pune,Pune(Pimpri),Tomato,Local,FAQ,13/08/2022,1000,1200,1100,78
Maharashtra,Pune,Pune(Pimpri),Tomato,Local,FAQ,20/08/2022,800,1200,1000,78
Maharashtra,Pune,Pune(Pimpri),Tomato,Local,FAQ,23/08/2022,1300,1500,1400,78
Maharashtra,Pune,Pune(Pimpri),Tomato,Local,FAQ,28/08/2022,1000,1200,1100,78
Maharashtra,Pune,Pune(Pimpri),Tomato,Local,FAQ,29/08/2022,800,1200,1000,78
Maharashtra,Pune,Pune(Pimpri),Tomato,Local,FAQ,18/09/2022,1000,1500,1250,78
Maharashtra,Pune,Pune(Pimpri),Tomato,Local,FAQ,25/09/2022,1000,1500,1250,78
Maharashtra,Pune,Pune(Pimpri),Tomato,Local,FAQ,01/10/2022,900,1400,1150,78
Maharashtra,Pune,Pune(Pimpri),Tomato,Local,FAQ,05/10/2022,3000,3000,3000,78
Maharashtra,Pune,Pune(Pimpri),Tomato,Local,FAQ,06/10/2022,2500,2500,2500,78
Maharashtra,Pune,Pune(Pimpri),Tomato,Local,FAQ,07/10/2022,2000,3000,2500,78
Maharashtra,Pune,Pune(Pimpri),Tomato,Local,FAQ,12/10/2022,3000,3000,3000,78
Maharashtra,Pune,Pune(Pimpri),Tomato,Local,FAQ,14/10/2022,3000,3000,3000,78
Maharashtra,Pune,Pune(Pimpri),Tomato,Local,FAQ,15/10/2022,3000,3000,3000,78
Maharashtra,Pune,Pune(Pimpri),Tomato,Local,FAQ,16/10/2022,3000,3000,3000,78
Maharashtra,Pune,Pune(Pimpri),Tomato,Local,FAQ,23/10/2022,3000,3000,3000,78
Maharashtra,Pune,Pune(Pimpri),Tomato,Local,FAQ,02/11/2022,1000,3000,2000,78
Maharashtra,Pune,Pune(Pimpri),Tomato,Local,FAQ,13/11/2022,500,1500,1000,78
Maharashtra,Pune,Pune(Pimpri),Tomato,Local,FAQ,16/11/2022,800,1200,1000,78
Maharashtra,Pune,Pune(Pimpri),Tomato,Local,FAQ,03/12/2022,800,1200,1000,78
Maharashtra,Pune,Pune(Pimpri),Tomato,Local,FAQ,04/12/2022,1200,1400,1300,78
Maharashtra,Pune,Pune(Pimpri),Tomato,Local,FAQ,09/12/2022,600,1000,800,78
Maharashtra,Pune,Pune(Pimpri),Tomato,Local,FAQ,10/12/2022,600,1000,800,78
Maharashtra,Pune,Pune(Pimpri),Tomato,Local,FAQ,11/12/2022,700,800,750,78
Maharashtra,Pune,Pune(Pimpri),Tomato,Local,Local,05/08/2025,3500,3500,3500,78
Maharashtra,Pune,Pune(Pimpri),Tomato,Local,Local,07/08/2025,2000,3000,2500,78
Maharashtra,Pune,Pune(Pimpri),Tomato,Local,Local,12/08/2025,3000,3000,3000,78
Maharashtra,Pune,Pune(Pimpri),Tomato,Local,Local,18/08/2025,3000,3000,3000,78
Maharashtra,Pune,Pune(Pimpri),Tomato,Local,Local,19/08/2025,1000,1000,1000,78
Maharashtra,Pune,Pune(Pimpri),Tomato,Local,Local,01/09/2025,2000,2000,2000,78
Maharashtra,Pune,Pune(Pimpri),Tomato,Local,Local,07/09/2025,1000,2500,1750,78
Maharashtra,Pune,Pune(Pimpri),Tomato,Local,Local,10/09/2025,1200,1800,1500,78
Maharashtra,Pune,Pune(Pimpri),Tomato,Local,Local,15/09/2025,1000,1600,1300,78
Maharashtra,Pune,Pune(Pimpri),Tomato,Local,Local,17/09/2025,1200,1600,1400,78
Maharashtra,Pune,Pune(Pimpri),Tomato,Local,Local,19/09/2025,1200,1600,1400,78
Maharashtra,Pune,Pune(Pimpri),Tomato,Local,Local,20/09/2025,1200,1600,1400,78
Maharashtra,Pune,Pune(Pimpri),Tomato,Local,Local,28/09/2025,1400,1600,1500,78
Maharashtra,Pune,Pune(Pimpri),Tomato,Local,Local,08/10/2025,1200,2000,1600,78
Maharashtra,Pune,Pune(Pimpri),Tomato,Local,Local,16/10/2025,1500,2000,1750,78
Maharashtra,Pune,Pune(Pimpri),Tomato,Local,Local,17/10/2025,1200,1600,1400,78
Maharashtra,Pune,Pune(Pimpri),Tomato,Local,Local,19/10/2025,1500,2000,1750,78
Maharashtra,Pune,Pune(Pimpri),Tomato,Local,Local,23/10/2025,1000,1600,1300,78
Maharashtra,Pune,Pune(Pimpri) APMC,Tomato,Local,Local,02/12/2025,2500,2500,2500,78
Maharashtra,Pune,Pune(Pimpri) APMC,Tomato,Local,Local,05/12/2025,1500,3200,2350,78
Maharashtra,Pune,Pune(Pimpri) APMC,Tomato,Local,Local,10/12/2025,3000,4000,3500,78
Maharashtra,Pune,Pune(Pimpri) APMC,Tomato,Local,Local,27/12/2025,2000,3600,2800,78
Maharashtra,Pune,Pune(Pimpri) APMC,Tomato,Local,Local,30/12/2025,2500,3700,3100,78
Maharashtra,Pune,Pune(Pimpri) APMC,Tomato,Local,Local,15/11/2025,2500,3000,2750,78
Maharashtra,Pune,Pune(Pimpri) APMC,Tomato,Local,Local,21/11/2025,3800,4200,4000,78
Maharashtra,Pune,Pune(Pimpri) APMC,Tomato,Local,Local,22/11/2025,2500,4500,3500,78
Maharashtra,Pune,Pune(Pimpri) APMC,Tomato,Local,Local,30/11/2025,1800,2200,2000,78
Maharashtra,Pune,Pune(Pimpri) APMC,Tomato,Local,Local,12/11/2025,1500,2500,2000,78
Maharashtra,Pune,Pune(Pimpri) APMC,Tomato,Local,Local,06/11/2025,1000,1500,1250,78
Maharashtra,Pune,Pune(Pimpri) APMC,Tomato,Local,Local,29/11/2025,2000,3000,2500,78
Maharashtra,Pune,Pune(Pimpri) APMC,Tomato,Local,Local,04/01/2026,3000,4000,3500,78
Maharashtra,Pune,Pune(Pimpri) APMC,Tomato,Local,Local,10/01/2026,1000,2500,1750,78
Maharashtra,Pune,Pune(Pimpri) APMC,Tomato,Local,Local,20/01/2026,1400,2500,1950,78
Maharashtra,Pune,Pune(Pimpri) APMC,Tomato,Local,Local,24/01/2026,1600,2000,1800,78
Maharashtra,Pune,Pune(Pimpri) APMC,Tomato,Local,Local,02/02/2026,1400,1500,1450,78
Maharashtra,Pune,Pune(Pimpri) APMC,Tomato,Local,Local,13/02/2026,1500,1600,1550,78
Maharashtra,Pune,Pune(Pimpri) APMC,Tomato,Local,Local,20/02/2026,1400,1400,1400,78
Maharashtra,Pune,Pune(Pimpri) APMC,Tomato,Local,Local,21/02/2026,1000,1400,1200,78
Maharashtra,Pune,Pune(Pimpri) APMC,Tomato,Local,Local,03/11/2025,1000,1500,1250,78
Maharashtra,Pune,Pune(Pimpri) APMC,Tomato,Local,Local,05/11/2025,1300,1500,1400,78
Maharashtra,Pune,Pune(Pimpri) APMC,Tomato,Local,Local,13/11/2025,2000,3000,2500,78
Maharashtra,Pune,Pune(Pimpri) APMC,Tomato,Local,Local,19/11/2025,3000,4000,3500,78
Maharashtra,Pune,Pune(Pimpri) APMC,Tomato,Local,Local,20/11/2025,2500,2500,2500,78
Maharashtra,Pune,Pune(Pimpri) APMC,Tomato,Local,Local,03/12/2025,2500,3500,2800,78
Maharashtra,Pune,Pune(Pimpri) APMC,Tomato,Local,Local,08/12/2025,2500,3500,3000,78
Maharashtra,Pune,Pune(Pimpri) APMC,Tomato,Local,Local,09/12/2025,3200,3500,3300,78
Maharashtra,Pune,Pune(Pimpri) APMC,Tomato,Local,Local,13/12/2025,2000,4000,3000,78
Maharashtra,Pune,Pune(Pimpri) APMC,Tomato,Local,Local,18/12/2025,3000,4500,3750,78
Maharashtra,Pune,Pune(Pimpri) APMC,Tomato,Local,Local,21/12/2025,2500,4300,3400,78
Maharashtra,Pune,Pune(Pimpri) APMC,Tomato,Local,Local,25/12/2025,2000,3800,2900,78
Maharashtra,Pune,Pune(Pimpri) APMC,Tomato,Local,Local,31/12/2025,2900,3200,3050,78
Maharashtra,Pune,Pune(Pimpri) APMC,Tomato,Local,Local,01/01/2026,3000,3600,3300,78
Maharashtra,Pune,Pune(Pimpri) APMC,Tomato,Local,Local,08/01/2026,2000,3400,2700,78
Maharashtra,Pune,Pune(Pimpri) APMC,Tomato,Local,Local,13/01/2026,1200,2200,1700,78
Maharashtra,Pune,Pune(Pimpri) APMC,Tomato,Local,Local,19/01/2026,900,2000,1450,78
Maharashtra,Pune,Pune(Pimpri) APMC,Tomato,Local,Local,16/01/2026,1800,2400,2100,78
Maharashtra,Pune,Pune(Pimpri) APMC,Tomato,Local,Local,26/01/2026,1200,2000,1600,78
Maharashtra,Pune,Pune(Pimpri) APMC,Tomato,Local,Local,01/02/2026,900,1600,1250,78
Maharashtra,Pune,Pune(Pimpri) APMC,Tomato,Local,Local,05/02/2026,1400,1500,1450,78
Maharashtra,Pune,Pune(Pimpri) APMC,Tomato,Local,Local,06/02/2026,800,1550,1170,78
Maharashtra,Pune,Pune(Pimpri) APMC,Tomato,Local,Local,08/02/2026,1500,2200,1850,78
Maharashtra,Pune,Pune(Pimpri) APMC,Tomato,Local,Local,09/02/2026,1000,1650,1325,78
Maharashtra,Pune,Pune(Pimpri) APMC,Tomato,Local,Local,11/02/2026,1400,1700,1550,78
Maharashtra,Pune,Pune(Pimpri) APMC,Tomato,Local,Local,17/02/2026,1300,1600,1450,78
Maharashtra,Pune,Pune(Pimpri) APMC,Tomato,Local,Local,14/02/2026,1200,1600,1400,78
Maharashtra,Pune,Pune(Pimpri) APMC,Tomato,Local,Local,10/11/2025,1500,2000,1750,78
Maharashtra,Pune,Pune(Pimpri) APMC,Tomato,Local,Local,04/11/2025,1400,1600,1500,78
Maharashtra,Pune,Pune(Pimpri) APMC,Tomato,Local,Local,24/11/2025,2500,4500,3500,78
Maharashtra,Pune,Pune(Pimpri) APMC,Tomato,Local,Local,28/11/2025,2000,3000,2500,78
Maharashtra,Pune,Pune(Pimpri) APMC,Tomato,Local,Local,06/12/2025,2800,3100,2950,78
Maharashtra,Pune,Pune(Pimpri) APMC,Tomato,Local,Local,11/12/2025,1500,3400,2450,78
Maharashtra,Pune,Pune(Pimpri) APMC,Tomato,Local,Local,12/12/2025,3000,3000,3000,78
Maharashtra,Pune,Pune(Pimpri) APMC,Tomato,Local,Local,16/12/2025,3000,4300,3650,78
Maharashtra,Pune,Pune(Pimpri) APMC,Tomato,Local,Local,22/12/2025,3000,3500,3250,78
Maharashtra,Pune,Pune(Pimpri) APMC,Tomato,Local,Local,20/12/2025,2600,4500,3550,78
Maharashtra,Pune,Pune(Pimpri) APMC,Tomato,Local,Local,29/12/2025,3000,3700,3350,78
Maharashtra,Pune,Pune(Pimpri) APMC,Tomato,Local,Local,26/12/2025,2500,4000,3250,78
Maharashtra,Pune,Pune(Pimpri) APMC,Tomato,Local,Local,02/01/2026,2500,3600,3050,78
Maharashtra,Pune,Pune(Pimpri) APMC,Tomato,Local,Local,07/01/2026,2500,3800,3150,78
Maharashtra,Pune,Pune(Pimpri) APMC,Tomato,Local,Local,12/01/2026,2000,2500,2250,78
Maharashtra,Pune,Pune(Pimpri) APMC,Tomato,Local,Local,21/01/2026,1800,2500,2150,78
Maharashtra,Pune,Pune(Pimpri) APMC,Tomato,Local,Local,07/02/2026,600,1400,1000,78
Maharashtra,Pune,Pune(Pimpri) APMC,Tomato,Local,Local,16/02/2026,1500,1500,1500,78
Maharashtra,Pune,Pune(Pimpri) APMC,Tomato,Local,Local,07/11/2025,1500,2000,1750,78
Maharashtra,Pune,Pune(Pimpri) APMC,Tomato,Local,Local,14/11/2025,1500,2500,2000,78
Maharashtra,Pune,Pune(Pimpri) APMC,Tomato,Local,Local,16/11/2025,1500,3500,2500,78
Maharashtra,Pune,Pune(Pimpri) APMC,Tomato,Local,Local,18/11/2025,2000,3200,2600,78
Maharashtra,Pune,Pune(Pimpri) APMC,Tomato,Local,Local,23/11/2025,3500,4500,4000,78
Maharashtra,Pune,Pune(Pimpri) APMC,Tomato,Local,Local,25/11/2025,2500,4500,3500,78
Maharashtra,Pune,Pune(Pimpri) APMC,Tomato,Local,Local,27/11/2025,3000,4000,3500,78
Maharashtra,Pune,Pune(Pimpri) APMC,Tomato,Local,Local,01/12/2025,2400,2800,2600,78
Maharashtra,Pune,Pune(Pimpri) APMC,Tomato,Local,Local,04/12/2025,1500,2800,2150,78
Maharashtra,Pune,Pune(Pimpri) APMC,Tomato,Local,Local,07/12/2025,1500,3200,2350,78
Maharashtra,Pune,Pune(Pimpri) APMC,Tomato,Local,Local,19/12/2025,2200,4200,3200,78
Maharashtra,Pune,Pune(Pimpri) APMC,Tomato,Local,Local,23/12/2025,2200,3700,2950,78
Maharashtra,Pune,Pune(Pimpri) APMC,Tomato,Local,Local,05/01/2026,1200,3800,2550,78
Maharashtra,Pune,Pune(Pimpri) APMC,Tomato,Local,Local,06/01/2026,3800,3800,3800,78
Maharashtra,Pune,Pune(Pimpri) APMC,Tomato,Local,Local,18/01/2026,1400,2700,2050,78
Maharashtra,Pune,Pune(Pimpri) APMC,Tomato,Local,Local,27/01/2026,1600,1600,1600,78
Maharashtra,Pune,Pune(Pimpri) APMC,Tomato,Local,Local,25/01/2026,1300,2000,1650,78
Maharashtra,Pune,Pune(Pimpri) APMC,Tomato,Local,Local,30/01/2026,1200,2000,1600,78
Maharashtra,Pune,Pune(Pimpri) APMC,Tomato,Local,Local,31/01/2026,1000,1600,1300,78
Maharashtra,Pune,Pune(Pimpri) APMC,Tomato,Local,Local,03/02/2026,2000,2000,2000,78
Maharashtra,Pune,Pune(Pimpri) APMC,Tomato,Local,Local,04/02/2026,1400,1500,1450,78
Maharashtra,Pune,Pune(Pimpri) APMC,Tomato,Local,Local,18/02/2026,1400,1700,1550,78
Maharashtra,Pune,Pune(Pimpri) APMC,Tomato,Local,Local,08/11/2025,1000,1600,1300,78
Maharashtra,Pune,Pune(Pimpri) APMC,Tomato,Local,Local,09/11/2025,1200,1800,1500,78
Maharashtra,Pune,Pune(Pimpri) APMC,Tomato,Local,Local,11/11/2025,1500,2500,2000,78
Maharashtra,Pune,Pune(Pimpri) APMC,Tomato,Local,Local,01/11/2025,1400,1600,1500,78
Maharashtra,Pune,Pune(Pimpri) APMC,Tomato,Local,Local,02/11/2025,1000,1500,1250,78
Maharashtra,Pune,Pune(Pimpri) APMC,Tomato,Local,Local,17/11/2025,3000,4000,3500,78
Maharashtra,Pune,Pune(Pimpri) APMC,Tomato,Local,Local,26/11/2025,3000,4000,3500,78
Maharashtra,Pune,Pune(Pimpri) APMC,Tomato,Local,Local,15/12/2025,2200,3500,2850,78
Maharashtra,Pune,Pune(Pimpri) APMC,Tomato,Local,Local,14/12/2025,2000,4000,3000,78
Maharashtra,Pune,Pune(Pimpri) APMC,Tomato,Local,Local,24/12/2025,2500,4000,3250,78
Maharashtra,Pune,Pune(Pimpri) APMC,Tomato,Local,Local,28/12/2025,2500,3800,3150,78
Maharashtra,Pune,Pune(Pimpri) APMC,Tomato,Local,Local,03/01/2026,3000,3600,3300,78
Maharashtra,Pune,Pune(Pimpri) APMC,Tomato,Local,Local,09/01/2026,1200,2900,2050,78
Maharashtra,Pune,Pune(Pimpri) APMC,Tomato,Local,Local,11/01/2026,1500,2000,1750,78
Maharashtra,Pune,Pune(Pimpri) APMC,Tomato,Local,Local,14/01/2026,1000,1900,1450,78
Maharashtra,Pune,Pune(Pimpri) APMC,Tomato,Local,Local,17/01/2026,2000,3000,2500,78
Maharashtra,Pune,Pune(Pimpri) APMC,Tomato,Local,Local,22/01/2026,1500,1700,1600,78
Maharashtra,Pune,Pune(Pimpri) APMC,Tomato,Local,Local,23/01/2026,1400,2000,1700,78
Maharashtra,Pune,Pune(Pimpri) APMC,Tomato,Local,Local,28/01/2026,1400,2000,1700,78
Maharashtra,Pune,Pune(Pimpri) APMC,Tomato,Local,Local,10/02/2026,1500,1500,1500,78
Maharashtra,Pune,Pune(Pimpri) APMC,Tomato,Local,Local,12/02/2026,1300,1600,1450,78
Maharashtra,Pune,Pune(Pimpri) APMC,Tomato,Local,Local,15/02/2026,800,1700,1250,78
Maharashtra,Pune,Pune(Pimpri) APMC,Tomato,Local,Local,19/02/2026,1400,1500,1450,78
