State,District,Market,Commodity,Variety,Grade,Arrival_Date,Min_Price,Max_Price,Modal_Price,Commodity_Code
Maharashtra,Amarawati,Achalpur,Soyabean,Other,FAQ,13/07/2024,4250,4300,4275,13
Maharashtra,Amarawati,Amarawati,Soyabean,Other,FAQ,04/07/2024,4300,4435,4367,13
Maharashtra,Amarawati,Amarawati,Soyabean,Other,FAQ,11/07/2024,4200,4300,4250,13
Maharashtra,Amarawati,Amarawati,Soyabean,Other,FAQ,12/07/2024,4150,4280,4215,13
Maharashtra,Amarawati,Amarawati,Soyabean,Other,FAQ,15/07/2024,4200,4278,4239,13
Maharashtra,Amarawati,Amarawati,Soyabean,Other,FAQ,18/07/2024,4200,4319,4259,13
Maharashtra,Amarawati,Chandur Bazar,Soyabean,Yellow,FAQ,12/07/2024,4000,4300,4250,13
Maharashtra,Amarawati,Chandur Bazar,Soyabean,Yellow,FAQ,26/07/2024,4000,4350,4180,13
Maharashtra,Amarawati,Chandur Bazar,Soyabean,Yellow,FAQ,29/07/2024,4000,4300,4150,13
Maharashtra,Amarawati,Daryapur,Soyabean,Yellow,FAQ,01/07/2024,3555,4410,4200,13
Maharashtra,Amarawati,Daryapur,Soyabean,Yellow,FAQ,20/07/2024,3500,4370,4250,13
Maharashtra,Amarawati,Shetkari Khushi Bazar,Soyabean,Other,FAQ,02/07/2024,4350,4400,4365,13
Maharashtra,Amarawati,Shetkari Khushi Bazar,Soyabean,Other,FAQ,10/07/2024,4000,4400,4279,13
Maharashtra,Amarawati,Shetkari Khushi Bazar,Soyabean,Other,FAQ,12/07/2024,4100,4400,4348,13
Maharashtra,Amarawati,Shetkari Khushi Bazar,Soyabean,Other,FAQ,26/07/2024,3800,4400,4269,13
Maharashtra,Amarawati,Varud(Rajura Bazar),Soyabean,Yellow,FAQ,04/07/2024,3550,4275,4078,13
Maharashtra,Amarawati,Achalpur,Soyabean,Other,FAQ,12/08/2024,4100,4150,4125,13
Maharashtra,Amarawati,Achalpur,Soyabean,Other,FAQ,27/08/2024,4000,4100,4050,13
Maharashtra,Amarawati,Amarawati,Soyabean,Other,FAQ,05/08/2024,4150,4256,4203,13
Maharashtra,Amarawati,Amarawati,Soyabean,Other,FAQ,14/08/2024,4050,4156,4103,13
Maharashtra,Amarawati,Amarawati,Soyabean,Other,FAQ,16/08/2024,4100,4190,4145,13
Maharashtra,Amarawati,Amarawati,Soyabean,Other,FAQ,21/08/2024,4100,4169,4134,13
Maharashtra,Amarawati,Amarawati,Soyabean,Other,FAQ,27/08/2024,4250,4313,4281,13
Maharashtra,Amarawati,Chandur Bazar,Soyabean,Yellow,FAQ,05/08/2024,4000,4200,4110,13
Maharashtra,Amarawati,Chandur Bazar,Soyabean,Yellow,FAQ,08/08/2024,4000,4150,4050,13
Maharashtra,Amarawati,Chandur Bazar,Soyabean,Yellow,FAQ,12/08/2024,3000,4100,3800,13
Maharashtra,Amarawati,Chandur Bazar,Soyabean,Yellow,FAQ,13/08/2024,4000,4150,4050,13
Maharashtra,Amarawati,Chandur Bazar,Soyabean,Yellow,FAQ,23/08/2024,4000,4200,4010,13
Maharashtra,Amarawati,Chandur Bazar,Soyabean,Yellow,FAQ,27/08/2024,4000,4200,4060,13
Maharashtra,Amarawati,Chandur Railway,Soyabean,Yellow,FAQ,21/08/2024,4050,4050,4050,13
Maharashtra,Amarawati,Chandur Railway,Soyabean,Yellow,FAQ,31/08/2024,4000,4400,4350,13
Maharashtra,Amarawati,Daryapur,Soyabean,Yellow,FAQ,05/08/2024,3400,4380,4150,13
Maharashtra,Amarawati,Daryapur,Soyabean,Yellow,FAQ,16/08/2024,3300,4150,4050,13
Maharashtra,Amarawati,Daryapur,Soyabean,Yellow,FAQ,17/08/2024,3300,4150,4050,13
Maharashtra,Amarawati,Daryapur,Soyabean,Yellow,FAQ,24/08/2024,3300,4270,4175,13
Maharashtra,Amarawati,Daryapur,Soyabean,Yellow,FAQ,27/08/2024,3500,4360,4350,13
Maharashtra,Amarawati,Daryapur,Soyabean,Yellow,FAQ,31/08/2024,3500,4600,4350,13
Maharashtra,Amarawati,Dhamngaon-Railway,Soyabean,Yellow,FAQ,17/08/2024,3900,4115,4000,13
Maharashtra,Amarawati,Nandgaon Khandeshwar,Soyabean,Yellow,FAQ,21/08/2024,3945,4095,4020,13
Maharashtra,Amarawati,Shetkari Khushi Bazar,Soyabean,Other,FAQ,06/08/2024,4000,4300,4187,13
Maharashtra,Amarawati,Shetkari Khushi Bazar,Soyabean,Other,FAQ,07/08/2024,4100,4250,4189,13
Maharashtra,Amarawati,Shetkari Khushi Bazar,Soyabean,Other,FAQ,13/08/2024,1000,4250,4120,13
Maharashtra,Amarawati,Shetkari Khushi Bazar,Soyabean,Other,FAQ,19/08/2024,4000,4200,4131,13
Maharashtra,Amarawati,Shetkari Khushi Bazar,Soyabean,Other,FAQ,20/08/2024,4100,4200,4189,13
Maharashtra,Amarawati,Varud(Rajura Bazar),Soyabean,Yellow,FAQ,29/08/2024,4170,4260,4250,13
Maharashtra,Amarawati,Achalpur,Soyabean,Other,FAQ,17/09/2024,4300,4400,4350,13
Maharashtra,Amarawati,Achalpur,Soyabean,Other,FAQ,30/09/2024,4300,4500,4400,13
Maharashtra,Amarawati,Amarawati,Soyabean,Other,FAQ,14/09/2024,4600,4811,4705,13
Maharashtra,Amarawati,Amarawati,Soyabean,Other,FAQ,21/09/2024,4550,4610,4580,13
Maharashtra,Amarawati,Amarawati,Soyabean,Other,FAQ,30/09/2024,4450,4550,4500,13
Maharashtra,Amarawati,Anajngaon,Soyabean,Yellow,FAQ,15/09/2024,4200,4400,4300,13
Maharashtra,Amarawati,Chandur Bazar,Soyabean,Other,FAQ,30/09/2024,3911,3911,3911,13
Maharashtra,Amarawati,Chandur Bazar,Soyabean,Yellow,FAQ,05/09/2024,4000,4350,4200,13
Maharashtra,Amarawati,Chandur Bazar,Soyabean,Yellow,FAQ,23/09/2024,4000,4600,4400,13
Maharashtra,Amarawati,Chandur Bazar,Soyabean,Yellow,FAQ,24/09/2024,4000,4500,4350,13
Maharashtra,Amarawati,Chandur Bazar,Soyabean,Yellow,FAQ,25/09/2024,4511,4511,4511,13
Maharashtra,Amarawati,Daryapur,Soyabean,Yellow,FAQ,03/09/2024,3600,4600,4450,13
Maharashtra,Amarawati,Daryapur,Soyabean,Yellow,FAQ,10/09/2024,3500,4450,4350,13
Maharashtra,Amarawati,Daryapur,Soyabean,Yellow,FAQ,13/09/2024,3500,4850,4400,13
Maharashtra,Amarawati,Daryapur,Soyabean,Yellow,FAQ,18/09/2024,3500,4635,4480,13
Maharashtra,Amarawati,Daryapur,Soyabean,Yellow,FAQ,21/09/2024,3500,4635,4450,13
Maharashtra,Amarawati,Daryapur,Soyabean,Yellow,FAQ,24/09/2024,3500,4600,4400,13
Maharashtra,Amarawati,Dhamngaon-Railway,Soyabean,Yellow,FAQ,19/09/2024,4000,4690,4300,13
Maharashtra,Amarawati,Morshi,Soyabean,Other,FAQ,09/09/2024,4100,4350,4277,13
Maharashtra,Amarawati,Morshi,Soyabean,Other,FAQ,12/09/2024,4100,4400,4250,13
Maharashtra,Amarawati,Nandgaon Khandeshwar,Soyabean,Yellow,FAQ,24/09/2024,4145,4475,4310,13
Maharashtra,Amarawati,Nandgaon Khandeshwar,Soyabean,Yellow,FAQ,25/09/2024,4150,4470,4310,13
Maharashtra,Amarawati,Shetkari Khushi Bazar,Soyabean,Other,FAQ,05/09/2024,3500,4625,4484,13
Maharashtra,Amarawati,Shetkari Khushi Bazar,Soyabean,Other,FAQ,23/09/2024,3500,4650,4468,13
Maharashtra,Amarawati,Achalpur,Soyabean,Other,FAQ,06/06/2024,4300,4400,4350,13
Maharashtra,Amarawati,Amarawati,Soyabean,Other,FAQ,01/06/2024,4350,4451,4400,13
Maharashtra,Amarawati,Amarawati,Soyabean,Other,FAQ,03/06/2024,4300,4400,4350,13
Maharashtra,Amarawati,Amarawati,Soyabean,Other,FAQ,05/06/2024,4300,4402,4351,13
Maharashtra,Amarawati,Amarawati,Soyabean,Other,FAQ,15/06/2024,4250,4326,4288,13
Maharashtra,Amarawati,Amarawati,Soyabean,Other,FAQ,22/06/2024,4250,4452,4351,13
Maharashtra,Amarawati,Amarawati,Soyabean,Other,FAQ,25/06/2024,4200,4427,4313,13
Maharashtra,Amarawati,Anajngaon,Soyabean,Yellow,FAQ,07/06/2024,4100,4400,4300,13
Maharashtra,Amarawati,Anajngaon,Soyabean,Yellow,FAQ,12/06/2024,4000,4275,4150,13
Maharashtra,Amarawati,Chandur Bazar,Soyabean,Yellow,FAQ,18/06/2024,4000,4300,4150,13
Maharashtra,Amarawati,Chandur Bazar,Soyabean,Yellow,FAQ,20/06/2024,4000,4300,4150,13
Maharashtra,Amarawati,Chandur Railway,Soyabean,Yellow,FAQ,18/06/2024,4250,4415,4350,13
Maharashtra,Amarawati,Daryapur,Soyabean,Yellow,FAQ,11/06/2024,3500,4350,4300,13
Maharashtra,Amarawati,Daryapur,Soyabean,Yellow,FAQ,19/06/2024,3500,4455,4350,13
Maharashtra,Amarawati,Dhamngaon-Railway,Soyabean,Yellow,FAQ,22/06/2024,4200,4500,4300,13
Maharashtra,Amarawati,Shetkari Khushi Bazar,Soyabean,Other,FAQ,05/06/2024,3000,4400,4342,13
Maharashtra,Amarawati,Chandur Railway,Soyabean,Yellow,FAQ,25/06/2024,4380,4450,4400,13
Maharashtra,Amarawati,Daryapur,Soyabean,Yellow,FAQ,04/06/2024,3400,4390,4300,13
Maharashtra,Amarawati,Dhamngaon-Railway,Soyabean,Yellow,FAQ,29/06/2024,4000,4400,4250,13
Maharashtra,Amarawati,Nandgaon Khandeshwar,Soyabean,Yellow,FAQ,07/06/2024,4170,4400,4285,13
Maharashtra,Amarawati,Varud(Rajura Bazar),Soyabean,Yellow,FAQ,06/06/2024,4100,4250,4160,13
Maharashtra,Amarawati,Nandgaon Khandeshwar,Soyabean,Yellow,FAQ,06/05/2024,4150,4400,4320,13
Maharashtra,Amarawati,Nandgaon Khandeshwar,Soyabean,Yellow,FAQ,14/05/2024,4155,4385,4270,13
Maharashtra,Amarawati,Nandgaon Khandeshwar,Soyabean,Yellow,FAQ,21/05/2024,4275,4350,4313,13
Maharashtra,Amarawati,Achalpur,Soyabean,Other,FAQ,13/05/2024,4100,4450,4275,13
Maharashtra,Amarawati,Achalpur,Soyabean,Other,FAQ,17/05/2024,4200,4400,4300,13
Maharashtra,Amarawati,Achalpur,Soyabean,Other,FAQ,23/05/2024,4300,4400,4350,13
Maharashtra,Amarawati,Amarawati,Soyabean,Other,FAQ,03/05/2024,4300,4400,4350,13
Maharashtra,Amarawati,Amarawati,Soyabean,Other,FAQ,07/05/2024,4450,4572,4511,13
Maharashtra,Amarawati,Amarawati,Soyabean,Other,FAQ,18/05/2024,4325,4411,4368,13
Maharashtra,Amarawati,Amarawati,Soyabean,Other,FAQ,20/05/2024,4350,4460,4405,13
Maharashtra,Amarawati,Chandur Bazar,Soyabean,Yellow,FAQ,03/05/2024,4000,4360,4200,13
Maharashtra,Amarawati,Chandur Bazar,Soyabean,Yellow,FAQ,08/05/2024,4009,4500,4350,13
Maharashtra,Amarawati,Chandur Bazar,Soyabean,Yellow,FAQ,13/05/2024,4000,4450,4300,13
Maharashtra,Amarawati,Chandur Bazar,Soyabean,Yellow,FAQ,14/05/2024,4000,4570,4340,13
Maharashtra,Amarawati,Chandur Bazar,Soyabean,Yellow,FAQ,15/05/2024,4000,4550,4270,13
Maharashtra,Amarawati,Chandur Bazar,Soyabean,Yellow,FAQ,16/05/2024,4000,4400,4300,13
Maharashtra,Amarawati,Chandur Bazar,Soyabean,Yellow,FAQ,20/05/2024,4000,4550,4340,13
Maharashtra,Amarawati,Chandur Bazar,Soyabean,Yellow,FAQ,22/05/2024,4000,4400,4350,13
Maharashtra,Amarawati,Chandur Railway,Soyabean,Yellow,FAQ,02/05/2024,4280,4450,4400,13
Maharashtra,Amarawati,Chandur Railway,Soyabean,Yellow,FAQ,17/05/2024,4390,4430,4400,13
Maharashtra,Amarawati,Chandur Railway,Soyabean,Yellow,FAQ,28/05/2024,4325,4400,4370,13
Maharashtra,Amarawati,Daryapur,Soyabean,Yellow,FAQ,06/05/2024,3600,4525,4350,13
Maharashtra,Amarawati,Daryapur,Soyabean,Yellow,FAQ,08/05/2024,3700,4605,4450,13
Maharashtra,Amarawati,Dhamngaon-Railway,Soyabean,Yellow,FAQ,02/05/2024,4200,4465,4300,13
Maharashtra,Amarawati,Dhamngaon-Railway,Soyabean,Yellow,FAQ,15/05/2024,4100,4460,4300,13
Maharashtra,Amarawati,Dhamngaon-Railway,Soyabean,Yellow,FAQ,20/05/2024,4200,4600,4350,13
Maharashtra,Amarawati,Amarawati,Soyabean,Other,FAQ,10/01/2024,4500,4613,4556,13
Maharashtra,Amarawati,Amarawati,Soyabean,Other,FAQ,20/01/2024,4450,4536,4493,13
Maharashtra,Amarawati,Amarawati,Soyabean,Other,FAQ,27/01/2024,4400,4476,4438,13
Maharashtra,Amarawati,Amarawati,Soyabean,Other,FAQ,02/02/2024,4250,4352,4301,13
Maharashtra,Amarawati,Amarawati,Soyabean,Other,FAQ,28/02/2024,4200,4340,4270,13
Maharashtra,Amarawati,Amarawati,Soyabean,Other,FAQ,01/03/2024,4250,4400,4325,13
Maharashtra,Amarawati,Amarawati,Soyabean,Other,FAQ,23/03/2024,4250,4367,4308,13
Maharashtra,Amarawati,Amarawati,Soyabean,Other,FAQ,02/04/2024,4400,4500,4450,13
Maharashtra,Amarawati,Amarawati,Soyabean,Other,FAQ,24/04/2024,4450,4550,4500,13
Maharashtra,Amarawati,Anajngaon,Soyabean,Yellow,FAQ,05/01/2024,4000,4550,4400,13
Maharashtra,Amarawati,Anajngaon,Soyabean,Yellow,FAQ,06/01/2024,4200,4550,4400,13
Maharashtra,Amarawati,Anajngaon,Soyabean,Yellow,FAQ,02/02/2024,4000,4390,4200,13
Maharashtra,Amarawati,Chandur Bazar,Soyabean,Yellow,FAQ,08/01/2024,4350,4630,4460,13
Maharashtra,Amarawati,Chandur Bazar,Soyabean,Yellow,FAQ,15/01/2024,4350,4650,4470,13
Maharashtra,Amarawati,Chandur Bazar,Soyabean,Yellow,FAQ,08/02/2024,4000,4350,4230,13
Maharashtra,Amarawati,Chandur Bazar,Soyabean,Yellow,FAQ,13/02/2024,4000,4400,4200,13
Maharashtra,Amarawati,Chandur Bazar,Soyabean,Yellow,FAQ,12/03/2024,4000,4600,4200,13
Maharashtra,Amarawati,Chandur Bazar,Soyabean,Yellow,FAQ,26/03/2024,4000,4300,4150,13
Maharashtra,Amarawati,Daryapur,Soyabean,Yellow,FAQ,02/01/2024,4175,4625,4500,13
Maharashtra,Amarawati,Daryapur,Soyabean,Yellow,FAQ,09/01/2024,3800,4610,4500,13
Maharashtra,Amarawati,Daryapur,Soyabean,Yellow,FAQ,13/02/2024,3500,4420,4350,13
Maharashtra,Amarawati,Daryapur,Soyabean,Yellow,FAQ,16/03/2024,3400,4430,4350,13
Maharashtra,Amarawati,Daryapur,Soyabean,Yellow,FAQ,04/04/2024,4105,4470,4275,13
Maharashtra,Amarawati,Daryapur,Soyabean,Yellow,FAQ,06/04/2024,4000,4465,4365,13
Maharashtra,Amarawati,Daryapur,Soyabean,Yellow,FAQ,08/04/2024,3800,4700,4550,13
Maharashtra,Amarawati,Dhamngaon-Railway,Soyabean,Yellow,FAQ,09/02/2024,4100,4470,4300,13
Maharashtra,Amarawati,Morshi,Soyabean,Other,FAQ,01/02/2024,4150,4500,4325,13
Maharashtra,Amarawati,Nandgaon Khandeshwar,Soyabean,Yellow,FAQ,08/02/2024,4245,4465,4325,13
Maharashtra,Amarawati,Varud,Soyabean,Yellow,FAQ,31/01/2024,4280,4280,4280,13
Maharashtra,Amarawati,Varud,Soyabean,Yellow,FAQ,11/03/2024,4300,4390,4371,13
Maharashtra,Amarawati,Varud(Rajura Bazar),Soyabean,Yellow,FAQ,15/02/2024,4350,4399,4388,13
Maharashtra,Amarawati,Achalpur,Soyabean,Other,FAQ,26/01/2024,4300,4350,4325,13
Maharashtra,Amarawati,Achalpur,Soyabean,Other,FAQ,20/02/2024,4200,4375,4288,13
Maharashtra,Amarawati,Achalpur,Soyabean,Other,FAQ,22/02/2024,4300,4350,4325,13
Maharashtra,Amarawati,Achalpur,Soyabean,Other,FAQ,23/02/2024,4000,4400,4200,13
Maharashtra,Amarawati,Achalpur,Soyabean,Other,FAQ,29/02/2024,4000,4370,4185,13
Maharashtra,Amarawati,Achalpur,Soyabean,Other,FAQ,01/03/2024,4000,4350,4175,13
Maharashtra,Amarawati,Achalpur,Soyabean,Other,FAQ,19/03/2024,4250,4390,4320,13
Maharashtra,Amarawati,Amarawati,Soyabean,Other,FAQ,19/01/2024,4450,4521,4485,13
Maharashtra,Amarawati,Amarawati,Soyabean,Other,FAQ,23/01/2024,4400,4495,4447,13
Maharashtra,Amarawati,Amarawati,Soyabean,Other,FAQ,01/02/2024,4250,4337,4293,13
Maharashtra,Amarawati,Amarawati,Soyabean,Other,FAQ,29/02/2024,4300,4406,4353,13
Maharashtra,Amarawati,Amarawati,Soyabean,Other,FAQ,09/03/2024,4150,4251,4200,13
Maharashtra,Amarawati,Amarawati,Soyabean,Other,FAQ,30/04/2024,4350,4485,4417,13
Maharashtra,Amarawati,Anajngaon,Soyabean,Yellow,FAQ,27/01/2024,4200,4460,4350,13
Maharashtra,Amarawati,Anajngaon,Soyabean,Yellow,FAQ,24/03/2024,3800,4300,4100,13
Maharashtra,Amarawati,Chandur Bazar,Soyabean,Yellow,FAQ,11/01/2024,4350,4650,4460,13
Maharashtra,Amarawati,Chandur Bazar,Soyabean,Yellow,FAQ,18/01/2024,4250,4630,4440,13
Maharashtra,Amarawati,Chandur Bazar,Soyabean,Yellow,FAQ,20/02/2024,4000,4375,4200,13
Maharashtra,Amarawati,Chandur Bazar,Soyabean,Yellow,FAQ,04/04/2024,4000,4500,4210,13
Maharashtra,Amarawati,Daryapur,Soyabean,Yellow,FAQ,06/01/2024,4150,4665,4500,13
Maharashtra,Amarawati,Daryapur,Soyabean,Yellow,FAQ,27/02/2024,3450,4415,4325,13
Maharashtra,Amarawati,Daryapur,Soyabean,Yellow,FAQ,19/03/2024,3400,4400,4325,13
Maharashtra,Amarawati,Daryapur,Soyabean,Yellow,FAQ,23/03/2024,3400,4350,4250,13
Maharashtra,Amarawati,Dhamngaon-Railway,Soyabean,Yellow,FAQ,06/01/2024,4400,4615,4500,13
Maharashtra,Amarawati,Dhamngaon-Railway,Soyabean,Yellow,FAQ,24/02/2024,4100,4415,4300,13
Maharashtra,Amarawati,Morshi,Soyabean,Other,FAQ,01/01/2024,4500,5000,4750,13
Maharashtra,Amarawati,Morshi,Soyabean,Other,FAQ,04/01/2024,4300,4560,4430,13
Maharashtra,Amarawati,Morshi,Soyabean,Other,FAQ,12/02/2024,4200,4320,4260,13
Maharashtra,Amarawati,Varud,Soyabean,Yellow,FAQ,07/02/2024,4395,4395,4395,13
Maharashtra,Amarawati,Varud,Soyabean,Yellow,FAQ,13/04/2024,4100,4500,4430,13
Maharashtra,Amarawati,Varud(Rajura Bazar),Soyabean,Yellow,FAQ,07/03/2024,3710,4200,4011,13
Maharashtra,Amarawati,Morshi,Soyabean,Other,FAQ,11/08/2022,5500,6150,5825,13
Maharashtra,Amarawati,Morshi,Soyabean,Other,FAQ,13/10/2022,4500,4800,4650,13
Maharashtra,Amarawati,Morshi,Soyabean,Other,FAQ,18/10/2022,4200,4800,4500,13
Maharashtra,Amarawati,Morshi,Soyabean,Other,FAQ,21/10/2022,4200,4760,4480,13
Maharashtra,Amarawati,Morshi,Soyabean,Other,FAQ,27/10/2022,4500,4905,4702,13
Maharashtra,Amarawati,Morshi,Soyabean,Other,FAQ,11/11/2022,5200,5500,5350,13
Maharashtra,Amarawati,Morshi,Soyabean,Other,FAQ,18/11/2022,5200,5600,5400,13
Maharashtra,Amarawati,Morshi,Soyabean,Other,FAQ,29/11/2022,5150,5400,5275,13
Maharashtra,Amarawati,Morshi,Soyabean,Other,FAQ,12/12/2022,5000,5325,5162,13
Maharashtra,Amarawati,Morshi,Soyabean,Other,FAQ,30/12/2022,5100,5250,5175,13
Maharashtra,Amarawati,Nandgaon Khandeshwar,Soyabean,Yellow,FAQ,03/01/2022,5750,6225,5987,13
Maharashtra,Amarawati,Nandgaon Khandeshwar,Soyabean,Yellow,FAQ,05/01/2022,5850,6305,6077,13
Maharashtra,Amarawati,Nandgaon Khandeshwar,Soyabean,Yellow,FAQ,15/01/2022,5850,6100,5975,13
Maharashtra,Amarawati,Nandgaon Khandeshwar,Soyabean,Yellow,FAQ,17/01/2022,5711,6105,5908,13
Maharashtra,Amarawati,Nandgaon Khandeshwar,Soyabean,Yellow,FAQ,19/01/2022,5550,6125,5837,13
Maharashtra,Amarawati,Nandgaon Khandeshwar,Soyabean,Yellow,FAQ,24/01/2022,5655,6045,5850,13
Maharashtra,Amarawati,Nandgaon Khandeshwar,Soyabean,Yellow,FAQ,25/01/2022,5755,6060,5805,13
Maharashtra,Amarawati,Nandgaon Khandeshwar,Soyabean,Yellow,FAQ,03/02/2022,5650,6100,5875,13
Maharashtra,Amarawati,Nandgaon Khandeshwar,Soyabean,Yellow,FAQ,05/02/2022,5850,6100,5975,13
Maharashtra,Amarawati,Nandgaon Khandeshwar,Soyabean,Yellow,FAQ,22/02/2022,6000,6875,6437,13
Maharashtra,Amarawati,Nandgaon Khandeshwar,Soyabean,Yellow,FAQ,24/02/2022,6950,7440,7195,13
Maharashtra,Amarawati,Nandgaon Khandeshwar,Soyabean,Yellow,FAQ,23/07/2022,5650,5900,5775,13
Maharashtra,Amarawati,Nandgaon Khandeshwar,Soyabean,Yellow,FAQ,29/07/2022,5950,6100,6025,13
Maharashtra,Amarawati,Nandgaon Khandeshwar,Soyabean,Yellow,FAQ,01/08/2022,6000,6150,6075,13
Maharashtra,Amarawati,Nandgaon Khandeshwar,Soyabean,Yellow,FAQ,04/08/2022,5875,6125,6000,13
Maharashtra,Amarawati,Nandgaon Khandeshwar,Soyabean,Yellow,FAQ,05/08/2022,5870,6100,5985,13
Maharashtra,Amarawati,Nandgaon Khandeshwar,Soyabean,Yellow,FAQ,06/08/2022,5850,6100,5975,13
Maharashtra,Amarawati,Achalpur,Soyabean,Other,FAQ,11/01/2022,5700,5850,5775,13
Maharashtra,Amarawati,Achalpur,Soyabean,Other,FAQ,20/01/2022,5550,6200,5875,13
Maharashtra,Amarawati,Achalpur,Soyabean,Other,FAQ,22/01/2022,5500,6200,5800,13
Maharashtra,Amarawati,Achalpur,Soyabean,Other,FAQ,25/01/2022,5800,6000,5900,13
Maharashtra,Amarawati,Achalpur,Soyabean,Other,FAQ,17/06/2022,5500,6450,5975,13
Maharashtra,Amarawati,Achalpur,Soyabean,Other,FAQ,20/06/2022,5800,6300,6000,13
Maharashtra,Amarawati,Achalpur,Soyabean,Other,FAQ,23/06/2022,5800,6100,5950,13
Maharashtra,Amarawati,Achalpur,Soyabean,Other,FAQ,06/07/2022,6000,6100,6050,13
Maharashtra,Amarawati,Achalpur,Soyabean,Other,FAQ,09/07/2022,5900,6000,5950,13
Maharashtra,Amarawati,Achalpur,Soyabean,Other,FAQ,21/07/2022,5800,6100,5950,13
Maharashtra,Amarawati,Achalpur,Soyabean,Other,FAQ,26/07/2022,6000,6100,6050,13
Maharashtra,Amarawati,Achalpur,Soyabean,Other,FAQ,29/07/2022,5800,6000,5900,13
Maharashtra,Amarawati,Achalpur,Soyabean,Other,FAQ,30/07/2022,5900,6100,6000,13
Maharashtra,Amarawati,Achalpur,Soyabean,Other,FAQ,04/08/2022,5750,6172,5961,13
Maharashtra,Amarawati,Achalpur,Soyabean,Other,FAQ,29/08/2022,5000,5150,5075,13
Maharashtra,Amarawati,Achalpur,Soyabean,Other,FAQ,30/08/2022,5000,5150,5075,13
Maharashtra,Amarawati,Achalpur,Soyabean,Other,FAQ,08/09/2022,4350,5000,4675,13
Maharashtra,Amarawati,Achalpur,Soyabean,Other,FAQ,22/09/2022,4500,5100,4800,13
Maharashtra,Amarawati,Achalpur,Soyabean,Other,FAQ,18/10/2022,3500,4500,4000,13
Maharashtra,Amarawati,Achalpur,Soyabean,Other,FAQ,14/11/2022,5200,5300,5250,13
Maharashtra,Amarawati,Achalpur,Soyabean,Other,FAQ,17/11/2022,5100,5400,5250,13
Maharashtra,Amarawati,Achalpur,Soyabean,Other,FAQ,23/11/2022,5200,5300,5250,13
Maharashtra,Amarawati,Achalpur,Soyabean,Other,FAQ,24/11/2022,5050,5470,5260,13
Maharashtra,Amarawati,Achalpur,Soyabean,Other,FAQ,02/12/2022,2400,2500,2450,13
Maharashtra,Amarawati,Achalpur,Soyabean,Other,FAQ,08/12/2022,5000,5500,5250,13
Maharashtra,Amarawati,Achalpur,Soyabean,Other,FAQ,20/12/2022,5000,5400,5200,13
Maharashtra,Amarawati,Amarawati,Soyabean,Other,FAQ,11/01/2022,5800,6271,6035,13
Maharashtra,Amarawati,Amarawati,Soyabean,Other,FAQ,21/01/2022,5750,6100,5925,13
Maharashtra,Amarawati,Amarawati,Soyabean,Other,FAQ,22/01/2022,5750,6050,5900,13
Maharashtra,Amarawati,Amarawati,Soyabean,Other,FAQ,27/01/2022,5650,6100,5875,13
Maharashtra,Amarawati,Amarawati,Soyabean,Other,FAQ,01/02/2022,5600,5841,5720,13
Maharashtra,Amarawati,Amarawati,Soyabean,Other,FAQ,02/02/2022,5650,5971,5810,13
Maharashtra,Amarawati,Amarawati,Soyabean,Other,FAQ,05/02/2022,5650,6050,5850,13
Maharashtra,Amarawati,Amarawati,Soyabean,Other,FAQ,08/02/2022,5850,6215,6032,13
Maharashtra,Amarawati,Amarawati,Soyabean,Other,FAQ,14/02/2022,6000,6470,6235,13
Maharashtra,Amarawati,Amarawati,Soyabean,Other,FAQ,16/02/2022,5850,6375,6113,13
Maharashtra,Amarawati,Amarawati,Soyabean,Other,FAQ,11/03/2022,6800,7241,7020,13
Maharashtra,Amarawati,Amarawati,Soyabean,Other,FAQ,19/03/2022,6550,7023,6786,13
Maharashtra,Amarawati,Amarawati,Soyabean,Other,FAQ,07/04/2022,6700,7323,7011,13
Maharashtra,Amarawati,Amarawati,Soyabean,Other,FAQ,08/04/2022,6800,7375,7087,13
Maharashtra,Amarawati,Amarawati,Soyabean,Other,FAQ,09/04/2022,6800,7387,7094,13
Maharashtra,Amarawati,Nandgaon Khandeshwar,Soyabean,Yellow,FAQ,10/08/2022,5900,6000,5950,13
Maharashtra,Amarawati,Nandgaon Khandeshwar,Soyabean,Yellow,FAQ,12/08/2022,5875,6150,6012,13
Maharashtra,Amarawati,Nandgaon Khandeshwar,Soyabean,Yellow,FAQ,17/08/2022,5650,5910,5780,13
Maharashtra,Amarawati,Nandgaon Khandeshwar,Soyabean,Yellow,FAQ,25/08/2022,5350,5500,5425,13
Maharashtra,Amarawati,Nandgaon Khandeshwar,Soyabean,Yellow,FAQ,29/08/2022,5070,5300,5185,13
Maharashtra,Amarawati,Nandgaon Khandeshwar,Soyabean,Yellow,FAQ,14/09/2022,5070,5250,5160,13
Maharashtra,Amarawati,Nandgaon Khandeshwar,Soyabean,Yellow,FAQ,15/09/2022,4950,5200,5075,13
Maharashtra,Amarawati,Nandgaon Khandeshwar,Soyabean,Yellow,FAQ,30/09/2022,4501,4880,4690,13
Maharashtra,Amarawati,Nandgaon Khandeshwar,Soyabean,Yellow,FAQ,01/10/2022,4550,4800,4675,13
Maharashtra,Amarawati,Nandgaon Khandeshwar,Soyabean,Yellow,FAQ,04/10/2022,4450,4670,4560,13
Maharashtra,Amarawati,Nandgaon Khandeshwar,Soyabean,Yellow,FAQ,13/10/2022,4645,5015,4830,13
Maharashtra,Amarawati,Nandgaon Khandeshwar,Soyabean,Yellow,FAQ,14/10/2022,4475,4965,4720,13
Maharashtra,Amarawati,Nandgaon Khandeshwar,Soyabean,Yellow,FAQ,17/10/2022,4450,4800,4625,13
Maharashtra,Amarawati,Nandgaon Khandeshwar,Soyabean,Yellow,FAQ,22/10/2022,4475,4955,4715,13
Maharashtra,Amarawati,Nandgaon Khandeshwar,Soyabean,Yellow,FAQ,02/11/2022,4750,5200,4975,13
Maharashtra,Amarawati,Nandgaon Khandeshwar,Soyabean,Yellow,FAQ,09/11/2022,5540,6000,5770,13
Maharashtra,Amarawati,Nandgaon Khandeshwar,Soyabean,Yellow,FAQ,03/12/2022,4770,5250,5010,13
Maharashtra,Amarawati,Nandgaon Khandeshwar,Soyabean,Yellow,FAQ,14/12/2022,5150,5500,5325,13
Maharashtra,Amarawati,Nandgaon Khandeshwar,Soyabean,Yellow,FAQ,16/12/2022,5140,5380,5260,13
Maharashtra,Amarawati,Nandgaon Khandeshwar,Soyabean,Yellow,FAQ,26/12/2022,5070,5300,5185,13
Maharashtra,Amarawati,Nandgaon Khandeshwar,Soyabean,Yellow,FAQ,30/12/2022,5140,5370,5255,13
Maharashtra,Amarawati,Varud(Rajura Bazar),Soyabean,Yellow,FAQ,27/01/2022,5599,5599,5599,13
Maharashtra,Amarawati,Varud(Rajura Bazar),Soyabean,Yellow,FAQ,17/02/2022,5901,6100,6016,13
Maharashtra,Amarawati,Varud(Rajura Bazar),Soyabean,Yellow,FAQ,24/02/2022,6000,6901,6753,13
Maharashtra,Amarawati,Varud(Rajura Bazar),Soyabean,Yellow,FAQ,10/03/2022,6700,7199,6969,13
Maharashtra,Amarawati,Varud(Rajura Bazar),Soyabean,Yellow,FAQ,19/05/2022,3000,6699,6246,13
Maharashtra,Amarawati,Varud(Rajura Bazar),Soyabean,Yellow,FAQ,26/05/2022,6000,6313,6275,13
Maharashtra,Amarawati,Varud(Rajura Bazar),Soyabean,Yellow,FAQ,06/10/2022,4602,4602,4602,13
Maharashtra,Amarawati,Varud(Rajura Bazar),Soyabean,Yellow,FAQ,27/10/2022,4100,4690,4443,13
Maharashtra,Amarawati,Varud(Rajura Bazar),Soyabean,Yellow,FAQ,03/11/2022,4199,5299,5059,13
Maharashtra,Amarawati,Varud(Rajura Bazar),Soyabean,Yellow,FAQ,15/12/2022,4800,5350,5253,13
Maharashtra,Amarawati,Amarawati,Soyabean,Other,FAQ,23/04/2022,6750,7111,6930,13
Maharashtra,Amarawati,Amarawati,Soyabean,Other,FAQ,25/04/2022,6750,7187,6968,13
Maharashtra,Amarawati,Amarawati,Soyabean,Other,FAQ,28/04/2022,6700,7180,6940,13
Maharashtra,Amarawati,Amarawati,Soyabean,Other,FAQ,02/05/2022,6250,6511,6380,13
Maharashtra,Amarawati,Amarawati,Soyabean,Other,FAQ,05/05/2022,6550,6811,6680,13
Maharashtra,Amarawati,Amarawati,Soyabean,Other,FAQ,06/05/2022,6500,6853,6677,13
Maharashtra,Amarawati,Amarawati,Soyabean,Other,FAQ,17/05/2022,6450,6740,6595,13
Maharashtra,Amarawati,Amarawati,Soyabean,Other,FAQ,21/05/2022,6450,6790,6620,13
Maharashtra,Amarawati,Amarawati,Soyabean,Other,FAQ,26/05/2022,5900,6350,6125,13
Maharashtra,Amarawati,Amarawati,Soyabean,Other,FAQ,09/06/2022,6150,6418,6284,13
Maharashtra,Amarawati,Amarawati,Soyabean,Other,FAQ,20/06/2022,5800,6291,6045,13
Maharashtra,Amarawati,Amarawati,Soyabean,Other,FAQ,21/06/2022,5800,6215,6007,13
Maharashtra,Amarawati,Amarawati,Soyabean,Other,FAQ,23/06/2022,5800,6150,5975,13
Maharashtra,Amarawati,Amarawati,Soyabean,Other,FAQ,27/06/2022,5800,6250,6025,13
Maharashtra,Amarawati,Amarawati,Soyabean,Other,FAQ,04/07/2022,5900,6332,6116,13
Maharashtra,Amarawati,Amarawati,Soyabean,Other,FAQ,14/07/2022,5750,6050,5900,13
Maharashtra,Amarawati,Amarawati,Soyabean,Other,FAQ,19/07/2022,5850,6155,6002,13
Maharashtra,Amarawati,Amarawati,Soyabean,Other,FAQ,20/07/2022,5750,6071,5910,13
Maharashtra,Amarawati,Amarawati,Soyabean,Other,FAQ,30/07/2022,5950,6200,6075,13
Maharashtra,Amarawati,Amarawati,Soyabean,Other,FAQ,05/08/2022,5850,6175,6012,13
Maharashtra,Amarawati,Amarawati,Soyabean,Other,FAQ,18/08/2022,5700,6086,5893,13
Maharashtra,Amarawati,Amarawati,Soyabean,Other,FAQ,23/09/2022,4900,5200,5050,13
Maharashtra,Amarawati,Amarawati,Soyabean,Other,FAQ,24/09/2022,4750,5155,4952,13
Maharashtra,Amarawati,Amarawati,Soyabean,Other,FAQ,01/10/2022,4700,5025,4862,13
Maharashtra,Amarawati,Amarawati,Soyabean,Other,FAQ,07/10/2022,4700,4925,4812,13
Maharashtra,Amarawati,Amarawati,Soyabean,Other,FAQ,10/10/2022,4000,4725,4362,13
Maharashtra,Amarawati,Amarawati,Soyabean,Other,FAQ,19/10/2022,4100,4975,4537,13
Maharashtra,Amarawati,Amarawati,Soyabean,Other,FAQ,20/10/2022,3700,4750,4225,13
Maharashtra,Amarawati,Amarawati,Soyabean,Other,FAQ,21/10/2022,3750,4750,4250,13
Maharashtra,Amarawati,Amarawati,Soyabean,Other,FAQ,23/11/2022,5250,5478,5364,13
Maharashtra,Amarawati,Amarawati,Soyabean,Other,FAQ,24/11/2022,5150,5478,5314,13
Maharashtra,Amarawati,Amarawati,Soyabean,Other,FAQ,30/11/2022,5150,5395,5272,13
Maharashtra,Amarawati,Amarawati,Soyabean,Other,FAQ,14/12/2022,5000,5280,5140,13
Maharashtra,Amarawati,Amarawati,Soyabean,Other,FAQ,16/12/2022,5050,5288,5169,13
Maharashtra,Amarawati,Amarawati,Soyabean,Other,FAQ,17/12/2022,5000,5290,5145,13
Maharashtra,Amarawati,Anajngaon,Soyabean,Yellow,FAQ,09/01/2022,5000,6200,5600,13
Maharashtra,Amarawati,Anajngaon,Soyabean,Yellow,FAQ,19/01/2022,5000,6100,5600,13
Maharashtra,Amarawati,Anajngaon,Soyabean,Yellow,FAQ,21/01/2022,5000,6100,5600,13
Maharashtra,Amarawati,Anajngaon,Soyabean,Yellow,FAQ,06/02/2022,5000,6000,5500,13
Maharashtra,Amarawati,Anajngaon,Soyabean,Yellow,FAQ,11/02/2022,5000,6050,5600,13
Maharashtra,Amarawati,Anajngaon,Soyabean,Yellow,FAQ,16/03/2022,6000,6800,6400,13
Maharashtra,Amarawati,Anajngaon,Soyabean,Yellow,FAQ,25/03/2022,6000,7000,6500,13
Maharashtra,Amarawati,Anajngaon,Soyabean,Yellow,FAQ,24/04/2022,6500,7100,6800,13
Maharashtra,Amarawati,Anajngaon,Soyabean,Yellow,FAQ,27/04/2022,6500,6800,6700,13
Maharashtra,Amarawati,Anajngaon,Soyabean,Yellow,FAQ,06/05/2022,6000,6500,6300,13
Maharashtra,Amarawati,Anajngaon,Soyabean,Yellow,FAQ,08/05/2022,6000,6500,6300,13
Maharashtra,Amarawati,Anajngaon,Soyabean,Yellow,FAQ,27/05/2022,5000,6100,5600,13
Maharashtra,Amarawati,Anajngaon,Soyabean,Yellow,FAQ,05/06/2022,5000,6150,5550,13
Maharashtra,Amarawati,Anajngaon,Soyabean,Yellow,FAQ,12/06/2022,5500,6300,5900,13
Maharashtra,Amarawati,Anajngaon,Soyabean,Yellow,FAQ,22/06/2022,5400,6100,5900,13
Maharashtra,Amarawati,Anajngaon,Soyabean,Yellow,FAQ,26/06/2022,5000,6100,5600,13
Maharashtra,Amarawati,Anajngaon,Soyabean,Yellow,FAQ,03/07/2022,5000,6300,5300,13
Maharashtra,Amarawati,Anajngaon,Soyabean,Yellow,FAQ,07/08/2022,5000,6000,5500,13
Maharashtra,Amarawati,Anajngaon,Soyabean,Yellow,FAQ,14/08/2022,5000,6150,5700,13
Maharashtra,Amarawati,Anajngaon,Soyabean,Yellow,FAQ,24/08/2022,5000,5700,5400,13
Maharashtra,Amarawati,Anajngaon,Soyabean,Yellow,FAQ,07/09/2022,4500,5050,4800,13
Maharashtra,Amarawati,Anajngaon,Soyabean,Yellow,FAQ,16/09/2022,4500,5300,4900,13
Maharashtra,Amarawati,Anajngaon,Soyabean,Yellow,FAQ,16/10/2022,4000,5050,4500,13
Maharashtra,Amarawati,Anajngaon,Soyabean,Yellow,FAQ,28/10/2022,4000,5151,4650,13
Maharashtra,Amarawati,Anajngaon,Soyabean,Yellow,FAQ,30/10/2022,4200,5555,4800,13
Maharashtra,Amarawati,Anajngaon,Soyabean,Yellow,FAQ,06/11/2022,5000,6500,5750,13
Maharashtra,Amarawati,Anajngaon,Soyabean,Yellow,FAQ,14/12/2022,5000,5515,5250,13
Maharashtra,Amarawati,Anajngaon,Soyabean,Yellow,FAQ,16/12/2022,4800,5500,5200,13
Maharashtra,Amarawati,Anajngaon,Soyabean,Yellow,FAQ,21/12/2022,5000,5611,5300,13
Maharashtra,Amarawati,Chandur Bazar,Soyabean,Yellow,FAQ,05/01/2022,5850,7300,6350,13
Maharashtra,Amarawati,Chandur Bazar,Soyabean,Yellow,FAQ,11/01/2022,5510,6250,5825,13
Maharashtra,Amarawati,Chandur Bazar,Soyabean,Yellow,FAQ,13/01/2022,5500,6300,5961,13
Maharashtra,Amarawati,Chandur Bazar,Soyabean,Yellow,FAQ,17/01/2022,5500,7000,6151,13
Maharashtra,Amarawati,Chandur Bazar,Soyabean,Yellow,FAQ,04/02/2022,6300,6750,6565,13
Maharashtra,Amarawati,Chandur Bazar,Soyabean,Yellow,FAQ,09/02/2022,5750,6326,6140,13
Maharashtra,Amarawati,Chandur Bazar,Soyabean,Yellow,FAQ,15/02/2022,6000,6325,6190,13
Maharashtra,Amarawati,Chandur Bazar,Soyabean,Yellow,FAQ,23/02/2022,6200,7250,6900,13
Maharashtra,Amarawati,Chandur Bazar,Soyabean,Yellow,FAQ,28/02/2022,6500,7180,6970,13
Maharashtra,Amarawati,Chandur Bazar,Soyabean,Yellow,FAQ,02/03/2022,6500,7900,7450,13
Maharashtra,Amarawati,Chandur Bazar,Soyabean,Yellow,FAQ,07/03/2022,6000,7750,6841,13
Maharashtra,Amarawati,Chandur Bazar,Soyabean,Yellow,FAQ,09/03/2022,6550,7170,6920,13
Maharashtra,Amarawati,Chandur Bazar,Soyabean,Yellow,FAQ,10/03/2022,6000,6450,6241,13
Maharashtra,Amarawati,Chandur Bazar,Soyabean,Yellow,FAQ,14/03/2022,6000,7150,6921,13
Maharashtra,Amarawati,Chandur Bazar,Soyabean,Yellow,FAQ,22/03/2022,6150,7070,6480,13
Maharashtra,Amarawati,Chandur Bazar,Soyabean,Yellow,FAQ,24/03/2022,6661,7200,6795,13
Maharashtra,Amarawati,Chandur Bazar,Soyabean,Yellow,FAQ,05/04/2022,6900,7181,7121,13
Maharashtra,Amarawati,Chandur Bazar,Soyabean,Yellow,FAQ,02/05/2022,6000,6691,6560,13
Maharashtra,Amarawati,Chandur Bazar,Soyabean,Yellow,FAQ,18/05/2022,6000,6800,6521,13
Maharashtra,Amarawati,Chandur Bazar,Soyabean,Yellow,FAQ,26/05/2022,5500,6850,6000,13
Maharashtra,Amarawati,Chandur Bazar,Soyabean,Yellow,FAQ,20/06/2022,6150,6751,6341,13
Maharashtra,Amarawati,Chandur Bazar,Soyabean,Yellow,FAQ,30/06/2022,5900,6450,6175,13
Maharashtra,Amarawati,Chandur Bazar,Soyabean,Yellow,FAQ,05/07/2022,4500,5900,5500,13
Maharashtra,Amarawati,Chandur Bazar,Soyabean,Yellow,FAQ,08/07/2022,5500,5950,5761,13
Maharashtra,Amarawati,Chandur Bazar,Soyabean,Yellow,FAQ,18/07/2022,5500,6000,5881,13
Maharashtra,Amarawati,Chandur Bazar,Soyabean,Yellow,FAQ,19/07/2022,5000,6012,5569,13
Maharashtra,Amarawati,Chandur Bazar,Soyabean,Yellow,FAQ,22/07/2022,5600,6200,5941,13
Maharashtra,Amarawati,Chandur Bazar,Soyabean,Yellow,FAQ,27/07/2022,5926,6001,5981,13
Maharashtra,Amarawati,Chandur Bazar,Soyabean,Yellow,FAQ,03/08/2022,5499,6121,5730,13
Maharashtra,Amarawati,Chandur Bazar,Soyabean,Yellow,FAQ,05/08/2022,4500,6131,5541,13
Maharashtra,Amarawati,Chandur Bazar,Soyabean,Yellow,FAQ,12/08/2022,5850,6250,6005,13
Maharashtra,Amarawati,Chandur Bazar,Soyabean,Yellow,FAQ,17/08/2022,5700,5950,5750,13
Maharashtra,Amarawati,Chandur Bazar,Soyabean,Yellow,FAQ,12/09/2022,4400,4875,4525,13
Maharashtra,Amarawati,Chandur Bazar,Soyabean,Yellow,FAQ,21/09/2022,4500,4800,4678,13
Maharashtra,Amarawati,Chandur Bazar,Soyabean,Yellow,FAQ,04/10/2022,3550,4660,4250,13
Maharashtra,Amarawati,Chandur Bazar,Soyabean,Yellow,FAQ,12/10/2022,3600,4791,4001,13
Maharashtra,Amarawati,Chandur Bazar,Soyabean,Yellow,FAQ,28/10/2022,3900,5251,4451,13
Maharashtra,Amarawati,Chandur Bazar,Soyabean,Yellow,FAQ,02/11/2022,3900,5491,4650,13
Maharashtra,Amarawati,Chandur Bazar,Soyabean,Yellow,FAQ,07/11/2022,4500,6151,4855,13
Maharashtra,Amarawati,Chandur Bazar,Soyabean,Yellow,FAQ,10/11/2022,4000,5780,4781,13
Maharashtra,Amarawati,Chandur Bazar,Soyabean,Yellow,FAQ,14/11/2022,4500,5900,5141,13
Maharashtra,Amarawati,Chandur Bazar,Soyabean,Yellow,FAQ,16/11/2022,5000,6116,5601,13
Maharashtra,Amarawati,Chandur Bazar,Soyabean,Yellow,FAQ,18/11/2022,4501,5812,5301,13
Maharashtra,Amarawati,Chandur Bazar,Soyabean,Yellow,FAQ,29/11/2022,4500,5362,4960,13
Maharashtra,Amarawati,Chandur Railway,Soyabean,Yellow,FAQ,08/02/2022,5800,6275,6100,13
Maharashtra,Amarawati,Chandur Railway,Soyabean,Yellow,FAQ,01/03/2022,7000,7180,7140,13
Maharashtra,Amarawati,Chandur Railway,Soyabean,Yellow,FAQ,17/05/2022,6500,6705,6600,13
Maharashtra,Amarawati,Chandur Railway,Soyabean,Yellow,FAQ,08/06/2022,6230,6400,6350,13
Maharashtra,Amarawati,Chandur Railway,Soyabean,Yellow,FAQ,04/07/2022,5950,6005,6005,13
Maharashtra,Amarawati,Chandur Railway,Soyabean,Yellow,FAQ,05/07/2022,6025,6100,6080,13
Maharashtra,Amarawati,Chandur Railway,Soyabean,Yellow,FAQ,17/08/2022,5700,6100,6000,13
Maharashtra,Amarawati,Chandur Railway,Soyabean,Yellow,FAQ,18/08/2022,6000,6050,6025,13
Maharashtra,Amarawati,Chandur Railway,Soyabean,Yellow,FAQ,19/08/2022,5800,5900,5850,13
Maharashtra,Amarawati,Chandur Railway,Soyabean,Yellow,FAQ,03/10/2022,4511,4911,4800,13
Maharashtra,Amarawati,Chandur Railway,Soyabean,Yellow,FAQ,11/10/2022,4500,4711,4700,13
Maharashtra,Amarawati,Chandur Railway,Soyabean,Yellow,FAQ,13/10/2022,3900,4800,4500,13
Maharashtra,Amarawati,Chandur Railway,Soyabean,Yellow,FAQ,03/11/2022,4380,4900,4650,13
Maharashtra,Amarawati,Chandur Railway,Soyabean,Yellow,FAQ,07/11/2022,5280,5700,5500,13
Maharashtra,Amarawati,Chandur Railway,Soyabean,Yellow,FAQ,14/11/2022,5300,5800,5500,13
Maharashtra,Amarawati,Chandur Railway,Soyabean,Yellow,FAQ,10/12/2022,5280,5460,5350,13
Maharashtra,Amarawati,Chandur Railway,Soyabean,Yellow,FAQ,12/12/2022,5100,5355,5250,13
Maharashtra,Amarawati,Chandur Railway,Soyabean,Yellow,FAQ,13/12/2022,5250,5330,5300,13
Maharashtra,Amarawati,Chandur Railway,Soyabean,Yellow,FAQ,24/12/2022,5000,5330,5200,13
Maharashtra,Amarawati,Daryapur,Soyabean,Yellow,FAQ,15/01/2022,4500,7505,6000,13
Maharashtra,Amarawati,Daryapur,Soyabean,Yellow,FAQ,18/01/2022,4850,7640,6200,13
Maharashtra,Amarawati,Daryapur,Soyabean,Yellow,FAQ,25/01/2022,5000,8000,6500,13
Maharashtra,Amarawati,Daryapur,Soyabean,Yellow,FAQ,29/01/2022,4105,7505,6000,13
Maharashtra,Amarawati,Daryapur,Soyabean,Yellow,FAQ,02/02/2022,3500,7405,6100,13
Maharashtra,Amarawati,Daryapur,Soyabean,Yellow,FAQ,15/02/2022,4500,7550,6300,13
Maharashtra,Amarawati,Daryapur,Soyabean,Yellow,FAQ,21/02/2022,5100,8265,6600,13
Maharashtra,Amarawati,Daryapur,Soyabean,Yellow,FAQ,11/03/2022,5500,8350,7000,13
Maharashtra,Amarawati,Daryapur,Soyabean,Yellow,FAQ,19/04/2022,6200,8080,7350,13
Maharashtra,Amarawati,Daryapur,Soyabean,Yellow,FAQ,20/04/2022,6800,8205,7500,13
Maharashtra,Amarawati,Daryapur,Soyabean,Yellow,FAQ,22/04/2022,5705,7575,6900,13
Maharashtra,Amarawati,Daryapur,Soyabean,Yellow,FAQ,25/04/2022,5800,8105,7355,13
Maharashtra,Amarawati,Daryapur,Soyabean,Yellow,FAQ,26/04/2022,6405,8155,7255,13
Maharashtra,Amarawati,Daryapur,Soyabean,Yellow,FAQ,27/04/2022,5000,8325,7500,13
Maharashtra,Amarawati,Daryapur,Soyabean,Yellow,FAQ,02/05/2022,5550,7205,6500,13
Maharashtra,Amarawati,Daryapur,Soyabean,Yellow,FAQ,09/05/2022,5350,7300,6750,13
Maharashtra,Amarawati,Daryapur,Soyabean,Yellow,FAQ,20/05/2022,5500,8405,6900,13
Maharashtra,Amarawati,Daryapur,Soyabean,Yellow,FAQ,21/05/2022,5100,8405,6810,13
Maharashtra,Amarawati,Daryapur,Soyabean,Yellow,FAQ,31/05/2022,4005,7100,6450,13
Maharashtra,Amarawati,Daryapur,Soyabean,Yellow,FAQ,03/06/2022,4500,6805,6350,13
Maharashtra,Amarawati,Daryapur,Soyabean,Yellow,FAQ,17/06/2022,3645,8005,6300,13
Maharashtra,Amarawati,Daryapur,Soyabean,Yellow,FAQ,24/06/2022,4500,6185,5975,13
Maharashtra,Amarawati,Daryapur,Soyabean,Yellow,FAQ,27/06/2022,4500,6300,6125,13
Maharashtra,Amarawati,Daryapur,Soyabean,Yellow,FAQ,08/07/2022,4200,6350,6125,13
Maharashtra,Amarawati,Daryapur,Soyabean,Yellow,FAQ,09/07/2022,4255,6225,6000,13
Maharashtra,Amarawati,Daryapur,Soyabean,Yellow,FAQ,18/07/2022,5400,6170,6040,13
Maharashtra,Amarawati,Daryapur,Soyabean,Yellow,FAQ,23/07/2022,5300,6015,5700,13
Maharashtra,Amarawati,Daryapur,Soyabean,Yellow,FAQ,01/08/2022,5050,6325,6000,13
Maharashtra,Amarawati,Daryapur,Soyabean,Yellow,FAQ,06/08/2022,4500,6200,5900,13
Maharashtra,Amarawati,Daryapur,Soyabean,Yellow,FAQ,22/08/2022,5200,5900,5650,13
Maharashtra,Amarawati,Daryapur,Soyabean,Yellow,FAQ,24/08/2022,5110,5875,5600,13
Maharashtra,Amarawati,Daryapur,Soyabean,Yellow,FAQ,28/09/2022,3550,4880,4580,13
Maharashtra,Amarawati,Daryapur,Soyabean,Yellow,FAQ,30/09/2022,4250,5150,4800,13
Maharashtra,Amarawati,Daryapur,Soyabean,Yellow,FAQ,20/10/2022,3400,5000,4750,13
Maharashtra,Amarawati,Daryapur,Soyabean,Yellow,FAQ,11/11/2022,4000,6605,5300,13
Maharashtra,Amarawati,Daryapur,Soyabean,Yellow,FAQ,14/11/2022,4600,6655,5350,13
Maharashtra,Amarawati,Daryapur,Soyabean,Yellow,FAQ,18/11/2022,4250,6100,5300,13
Maharashtra,Amarawati,Daryapur,Soyabean,Yellow,FAQ,25/11/2022,3700,5710,4900,13
Maharashtra,Amarawati,Dhamngaon-Railway,Soyabean,Yellow,FAQ,01/01/2022,5900,6500,6250,13
Maharashtra,Amarawati,Dhamngaon-Railway,Soyabean,Yellow,FAQ,17/01/2022,4880,6660,6150,13
Maharashtra,Amarawati,Dhamngaon-Railway,Soyabean,Yellow,FAQ,22/01/2022,5800,6900,6100,13
Maharashtra,Amarawati,Dhamngaon-Railway,Soyabean,Yellow,FAQ,29/01/2022,4900,6120,5600,13
Maharashtra,Amarawati,Dhamngaon-Railway,Soyabean,Yellow,FAQ,31/01/2022,5600,6005,5850,13
Maharashtra,Amarawati,Dhamngaon-Railway,Soyabean,Yellow,FAQ,02/02/2022,4705,5935,5650,13
Maharashtra,Amarawati,Dhamngaon-Railway,Soyabean,Yellow,FAQ,04/02/2022,5000,6445,5750,13
Maharashtra,Amarawati,Dhamngaon-Railway,Soyabean,Yellow,FAQ,07/07/2022,4200,6050,5700,13
Maharashtra,Amarawati,Dhamngaon-Railway,Soyabean,Yellow,FAQ,20/07/2022,5590,6210,6000,13
Maharashtra,Amarawati,Dhamngaon-Railway,Soyabean,Yellow,FAQ,22/07/2022,5595,6065,5995,13
Maharashtra,Amarawati,Dhamngaon-Railway,Soyabean,Yellow,FAQ,03/11/2022,4000,5520,4950,13
Maharashtra,Amarawati,Dhamngaon-Railway,Soyabean,Yellow,FAQ,07/11/2022,4444,6000,5200,13
Maharashtra,Amarawati,Dhamngaon-Railway,Soyabean,Yellow,FAQ,24/11/2022,4500,5735,5150,13
Maharashtra,Amarawati,Dhamngaon-Railway,Soyabean,Yellow,FAQ,03/12/2022,4500,5425,5300,13
Maharashtra,Amarawati,Dhamngaon-Railway,Soyabean,Yellow,FAQ,06/12/2022,4420,5505,5200,13
Maharashtra,Amarawati,Dhamngaon-Railway,Soyabean,Yellow,FAQ,23/12/2022,4300,5415,5150,13
Maharashtra,Amarawati,Morshi,Soyabean,Other,FAQ,03/01/2022,5500,6140,5820,13
Maharashtra,Amarawati,Morshi,Soyabean,Other,FAQ,10/01/2022,5800,6100,5950,13
Maharashtra,Amarawati,Morshi,Soyabean,Other,FAQ,17/01/2022,5500,6000,5750,13
Maharashtra,Amarawati,Morshi,Soyabean,Other,FAQ,27/01/2022,5500,5850,5675,13
Maharashtra,Amarawati,Morshi,Soyabean,Other,FAQ,04/02/2022,5850,5900,5875,13
Maharashtra,Amarawati,Morshi,Soyabean,Other,FAQ,08/02/2022,5750,5800,5775,13
Maharashtra,Amarawati,Morshi,Soyabean,Other,FAQ,11/02/2022,5700,6000,5850,13
Maharashtra,Amarawati,Morshi,Soyabean,Other,FAQ,21/03/2022,6500,7000,6750,13
Maharashtra,Amarawati,Morshi,Soyabean,Other,FAQ,28/03/2022,7000,7170,7085,13
Maharashtra,Amarawati,Morshi,Soyabean,Other,FAQ,07/04/2022,7000,7100,7050,13
Maharashtra,Amarawati,Morshi,Soyabean,Other,FAQ,18/04/2022,7000,7250,7125,13
Maharashtra,Amarawati,Morshi,Soyabean,Other,FAQ,28/04/2022,6800,7000,6900,13
Maharashtra,Amarawati,Morshi,Soyabean,Other,FAQ,26/05/2022,6000,6300,6150,13
Maharashtra,Amarawati,Morshi,Soyabean,Other,FAQ,04/07/2022,6000,6150,6075,13
Maharashtra,Amarawati,Morshi,Soyabean,Other,FAQ,04/08/2022,5500,6050,5775,13
Maharashtra,Amarawati,Achalpur,Soyabean,Other,FAQ,22/06/2021,6600,6800,6700,13
Maharashtra,Amarawati,Achalpur,Soyabean,Other,FAQ,12/11/2021,4600,5250,4925,13
Maharashtra,Amarawati,Achalpur,Soyabean,Other,FAQ,13/11/2021,4800,5100,4950,13
Maharashtra,Amarawati,Achalpur,Soyabean,Other,FAQ,16/11/2021,4800,5000,4900,13
Maharashtra,Amarawati,Achalpur,Soyabean,Other,FAQ,01/12/2021,5600,6000,5800,13
Maharashtra,Amarawati,Achalpur,Soyabean,Other,FAQ,02/12/2021,5600,6210,5905,13
Maharashtra,Amarawati,Achalpur,Soyabean,Other,FAQ,03/12/2021,5600,6200,5900,13
Maharashtra,Amarawati,Achalpur,Soyabean,Other,FAQ,10/12/2021,6000,6600,6300,13
Maharashtra,Amarawati,Amarawati,Soyabean,Other,FAQ,16/01/2021,3700,4400,4050,13
Maharashtra,Amarawati,Amarawati,Soyabean,Other,FAQ,18/01/2021,3650,4380,4032,13
Maharashtra,Amarawati,Amarawati,Soyabean,Other,FAQ,22/01/2021,3650,4325,4011,13
Maharashtra,Amarawati,Amarawati,Soyabean,Other,FAQ,25/01/2021,3650,4300,3975,13
Maharashtra,Amarawati,Amarawati,Soyabean,Other,FAQ,29/01/2021,3700,4300,4000,13
Maharashtra,Amarawati,Amarawati,Soyabean,Other,FAQ,01/02/2021,3750,4300,4025,13
Maharashtra,Amarawati,Amarawati,Soyabean,Other,FAQ,02/02/2021,3700,4365,4032,13
Maharashtra,Amarawati,Amarawati,Soyabean,Other,FAQ,07/04/2021,6000,6350,6175,13
Maharashtra,Amarawati,Amarawati,Soyabean,Other,FAQ,17/06/2021,6600,6850,6725,13
Maharashtra,Amarawati,Amarawati,Soyabean,Other,FAQ,28/06/2021,6650,7000,6825,13
Maharashtra,Amarawati,Amarawati,Soyabean,Other,FAQ,27/08/2021,7850,8350,8100,13
Maharashtra,Amarawati,Amarawati,Soyabean,Other,FAQ,04/09/2021,8200,8750,8475,13
Maharashtra,Amarawati,Amarawati,Soyabean,Other,FAQ,08/09/2021,8000,8425,8212,13
Maharashtra,Amarawati,Amarawati,Soyabean,Other,FAQ,09/11/2021,4500,5064,4782,13
Maharashtra,Amarawati,Amarawati,Soyabean,Other,FAQ,11/11/2021,4600,6300,5450,13
Maharashtra,Amarawati,Amarawati,Soyabean,Other,FAQ,12/11/2021,4600,6300,5450,13
Maharashtra,Amarawati,Amarawati,Soyabean,Other,FAQ,27/11/2021,6250,7000,6625,13
Maharashtra,Amarawati,Amarawati,Soyabean,Other,FAQ,29/11/2021,4600,6000,5300,13
Maharashtra,Amarawati,Amarawati,Soyabean,Other,FAQ,30/11/2021,5750,6101,5926,13
Maharashtra,Amarawati,Amarawati,Soyabean,Other,FAQ,02/12/2021,5600,6216,5908,13
Maharashtra,Amarawati,Amarawati,Soyabean,Other,FAQ,11/12/2021,5900,7000,6450,13
Maharashtra,Amarawati,Amarawati,Soyabean,Other,FAQ,14/12/2021,5800,7200,6500,13
Maharashtra,Amarawati,Amarawati,Soyabean,Other,FAQ,21/12/2021,5700,7401,6550,13
Maharashtra,Amarawati,Amarawati,Soyabean,Other,FAQ,24/12/2021,5750,7400,6575,13
Maharashtra,Amarawati,Amarawati,Soyabean,Other,FAQ,27/12/2021,5700,6055,5878,13
Maharashtra,Amarawati,Amarawati,Soyabean,Other,FAQ,31/12/2021,5700,7500,6600,13
Maharashtra,Amarawati,Anajngaon,Soyabean,Yellow,FAQ,07/03/2021,4200,4800,4500,13
Maharashtra,Amarawati,Anajngaon,Soyabean,Yellow,FAQ,04/06/2021,6000,7000,6500,13
Maharashtra,Amarawati,Anajngaon,Soyabean,Yellow,FAQ,16/06/2021,6000,7000,6500,13
Maharashtra,Amarawati,Anajngaon,Soyabean,Yellow,FAQ,18/06/2021,6000,7000,6500,13
Maharashtra,Amarawati,Anajngaon,Soyabean,Yellow,FAQ,16/07/2021,6000,7000,6500,13
Maharashtra,Amarawati,Anajngaon,Soyabean,Yellow,FAQ,24/10/2021,3500,5000,4400,13
Maharashtra,Amarawati,Anajngaon,Soyabean,Yellow,FAQ,27/10/2021,3500,5000,4400,13
Maharashtra,Amarawati,Anajngaon,Soyabean,Yellow,FAQ,24/11/2021,5000,7301,6200,13
Maharashtra,Amarawati,Anajngaon,Soyabean,Yellow,FAQ,28/11/2021,5000,6400,5800,13
Maharashtra,Amarawati,Anajngaon,Soyabean,Yellow,FAQ,05/12/2021,5000,6800,6000,13
Maharashtra,Amarawati,Anajngaon,Soyabean,Yellow,FAQ,15/12/2021,5000,6250,5700,13
Maharashtra,Amarawati,Anajngaon,Soyabean,Yellow,FAQ,29/12/2021,5500,6300,5700,13
Maharashtra,Amarawati,Chandur Bazar,Soyabean,Yellow,FAQ,05/01/2021,3200,4350,4039,13
Maharashtra,Amarawati,Chandur Bazar,Soyabean,Yellow,FAQ,13/01/2021,3200,4257,4000,13
Maharashtra,Amarawati,Chandur Bazar,Soyabean,Yellow,FAQ,23/02/2021,3850,4849,4450,13
Maharashtra,Amarawati,Chandur Bazar,Soyabean,Yellow,FAQ,24/03/2021,5000,5511,5200,13
Maharashtra,Amarawati,Chandur Bazar,Soyabean,Yellow,FAQ,22/04/2021,6000,7750,7100,13
Maharashtra,Amarawati,Chandur Bazar,Soyabean,Yellow,FAQ,30/04/2021,5500,6600,6400,13
Maharashtra,Amarawati,Chandur Bazar,Soyabean,Yellow,FAQ,07/05/2021,6000,7391,6813,13
Maharashtra,Amarawati,Chandur Bazar,Soyabean,Yellow,FAQ,10/06/2021,6520,7200,7060,13
Maharashtra,Amarawati,Chandur Bazar,Soyabean,Yellow,FAQ,25/06/2021,6190,7000,6990,13
Maharashtra,Amarawati,Chandur Bazar,Soyabean,Yellow,FAQ,23/07/2021,7000,8351,7900,13
Maharashtra,Amarawati,Chandur Bazar,Soyabean,Yellow,FAQ,23/08/2021,7920,8620,8200,13
Maharashtra,Amarawati,Chandur Bazar,Soyabean,Yellow,FAQ,24/08/2021,7600,8602,8321,13
Maharashtra,Amarawati,Chandur Bazar,Soyabean,Yellow,FAQ,25/08/2021,7050,8000,8000,13
Maharashtra,Amarawati,Chandur Bazar,Soyabean,Yellow,FAQ,02/09/2021,6000,8600,6950,13
Maharashtra,Amarawati,Chandur Bazar,Soyabean,Yellow,FAQ,20/09/2021,6000,7101,6500,13
Maharashtra,Amarawati,Chandur Bazar,Soyabean,Yellow,FAQ,12/11/2021,4550,5300,4890,13
Maharashtra,Amarawati,Chandur Railway,Soyabean,Yellow,FAQ,16/06/2021,6315,6500,6400,13
Maharashtra,Amarawati,Chandur Railway,Soyabean,Yellow,FAQ,26/07/2021,8525,9000,9000,13
Maharashtra,Amarawati,Chandur Railway,Soyabean,Yellow,FAQ,15/11/2021,5300,5700,5500,13
Maharashtra,Amarawati,Chandur Railway,Soyabean,Yellow,FAQ,18/11/2021,5635,5900,5800,13
Maharashtra,Amarawati,Chandur Railway,Soyabean,Yellow,FAQ,25/11/2021,6000,6615,6500,13
Maharashtra,Amarawati,Chandur Railway,Soyabean,Yellow,FAQ,27/11/2021,6375,6500,6450,13
Maharashtra,Amarawati,Chandur Railway,Soyabean,Yellow,FAQ,07/12/2021,6400,7100,6800,13
Maharashtra,Amarawati,Chandur Railway,Soyabean,Yellow,FAQ,15/12/2021,5875,6205,6100,13
Maharashtra,Amarawati,Chandur Railway,Soyabean,Yellow,FAQ,22/12/2021,5735,6000,5850,13
Maharashtra,Amarawati,Daryapur,Soyabean,Yellow,FAQ,27/01/2021,2800,4270,4050,13
Maharashtra,Amarawati,Daryapur,Soyabean,Yellow,FAQ,20/02/2021,3655,4900,4600,13
Maharashtra,Amarawati,Daryapur,Soyabean,Yellow,FAQ,24/02/2021,3360,5205,4750,13
Maharashtra,Amarawati,Daryapur,Soyabean,Yellow,FAQ,26/02/2021,4000,5175,4745,13
Maharashtra,Amarawati,Daryapur,Soyabean,Yellow,FAQ,22/03/2021,5165,5165,5165,13
Maharashtra,Amarawati,Daryapur,Soyabean,Yellow,FAQ,17/04/2021,6755,7365,7035,13
Maharashtra,Amarawati,Daryapur,Soyabean,Yellow,FAQ,23/04/2021,5000,8000,7580,13
Maharashtra,Amarawati,Daryapur,Soyabean,Yellow,FAQ,26/04/2021,5400,7260,6800,13
Maharashtra,Amarawati,Daryapur,Soyabean,Yellow,FAQ,28/05/2021,5605,7500,7250,13
Maharashtra,Amarawati,Daryapur,Soyabean,Yellow,FAQ,07/06/2021,4715,7350,7030,13
Maharashtra,Amarawati,Daryapur,Soyabean,Yellow,FAQ,21/08/2021,7000,7800,7100,13
Maharashtra,Amarawati,Daryapur,Soyabean,Yellow,FAQ,28/08/2021,6000,8295,8100,13
Maharashtra,Amarawati,Daryapur,Soyabean,Yellow,FAQ,16/10/2021,3800,4900,4760,13
Maharashtra,Amarawati,Daryapur,Soyabean,Yellow,FAQ,18/10/2021,3500,5000,4745,13
Maharashtra,Amarawati,Daryapur,Soyabean,Yellow,FAQ,25/10/2021,1840,4850,4595,13
Maharashtra,Amarawati,Daryapur,Soyabean,Yellow,FAQ,08/11/2021,2300,5700,4900,13
Maharashtra,Amarawati,Daryapur,Soyabean,Yellow,FAQ,24/11/2021,4705,8100,5900,13
Maharashtra,Amarawati,Daryapur,Soyabean,Yellow,FAQ,10/12/2021,4000,8000,6000,13
Maharashtra,Amarawati,Daryapur,Soyabean,Yellow,FAQ,11/12/2021,4500,8200,6100,13
Maharashtra,Amarawati,Daryapur,Soyabean,Yellow,FAQ,28/12/2021,4000,8005,6200,13
Maharashtra,Amarawati,Dhamngaon-Railway,Soyabean,Yellow,FAQ,28/01/2021,3500,4400,4000,13
Maharashtra,Amarawati,Dhamngaon-Railway,Soyabean,Yellow,FAQ,11/02/2021,3650,4695,4150,13
Maharashtra,Amarawati,Dhamngaon-Railway,Soyabean,Yellow,FAQ,20/02/2021,3945,5000,4500,13
Maharashtra,Amarawati,Dhamngaon-Railway,Soyabean,Yellow,FAQ,09/03/2021,4000,5170,4550,13
Maharashtra,Amarawati,Dhamngaon-Railway,Soyabean,Yellow,FAQ,26/04/2021,6000,6900,6400,13
Maharashtra,Amarawati,Dhamngaon-Railway,Soyabean,Yellow,FAQ,04/05/2021,6400,6860,6650,13
Maharashtra,Amarawati,Dhamngaon-Railway,Soyabean,Yellow,FAQ,03/07/2021,6900,7370,7150,13
Maharashtra,Amarawati,Dhamngaon-Railway,Soyabean,Yellow,FAQ,17/07/2021,6500,7580,7000,13
Maharashtra,Amarawati,Dhamngaon-Railway,Soyabean,Yellow,FAQ,23/07/2021,7405,8290,7850,13
Maharashtra,Amarawati,Dhamngaon-Railway,Soyabean,Yellow,FAQ,03/08/2021,7605,9870,8500,13
Maharashtra,Amarawati,Dhamngaon-Railway,Soyabean,Yellow,FAQ,20/08/2021,7300,8686,7850,13
Maharashtra,Amarawati,Dhamngaon-Railway,Soyabean,Yellow,FAQ,24/08/2021,7000,8405,7650,13
Maharashtra,Amarawati,Dhamngaon-Railway,Soyabean,Yellow,FAQ,31/08/2021,7800,7800,7800,13
Maharashtra,Amarawati,Dhamngaon-Railway,Soyabean,Yellow,FAQ,11/09/2021,4055,7071,6500,13
Maharashtra,Amarawati,Dhamngaon-Railway,Soyabean,Yellow,FAQ,09/10/2021,4000,5595,4650,13
Maharashtra,Amarawati,Dhamngaon-Railway,Soyabean,Yellow,FAQ,22/10/2021,4000,5150,4550,13
Maharashtra,Amarawati,Dhamngaon-Railway,Soyabean,Yellow,FAQ,08/11/2021,4000,5145,4850,13
Maharashtra,Amarawati,Dhamngaon-Railway,Soyabean,Yellow,FAQ,13/11/2021,4000,5425,4500,13
Maharashtra,Amarawati,Dhamngaon-Railway,Soyabean,Yellow,FAQ,15/11/2021,4300,5660,5150,13
Maharashtra,Amarawati,Dhamngaon-Railway,Soyabean,Yellow,FAQ,26/11/2021,5890,7080,6500,13
Maharashtra,Amarawati,Dhamngaon-Railway,Soyabean,Yellow,FAQ,30/11/2021,5410,6450,6150,13
Maharashtra,Amarawati,Dhamngaon-Railway,Soyabean,Yellow,FAQ,14/12/2021,5400,6565,6000,13
Maharashtra,Amarawati,Dhamngaon-Railway,Soyabean,Yellow,FAQ,23/12/2021,5500,6475,6000,13
Maharashtra,Amarawati,Morshi,Soyabean,Other,FAQ,19/02/2021,3900,4600,4250,13
Maharashtra,Amarawati,Morshi,Soyabean,Other,FAQ,22/02/2021,4200,4665,4432,13
Maharashtra,Amarawati,Morshi,Soyabean,Other,FAQ,01/03/2021,4200,4700,4450,13
Maharashtra,Amarawati,Morshi,Soyabean,Other,FAQ,02/03/2021,3900,5000,4450,13
Maharashtra,Amarawati,Morshi,Soyabean,Other,FAQ,05/04/2021,5500,5925,5712,13
Maharashtra,Amarawati,Morshi,Soyabean,Other,FAQ,06/05/2021,6500,7050,6775,13
Maharashtra,Amarawati,Morshi,Soyabean,Other,FAQ,24/05/2021,4100,6500,5300,13
Maharashtra,Amarawati,Morshi,Soyabean,Other,FAQ,31/05/2021,6400,6500,6450,13
Maharashtra,Amarawati,Morshi,Soyabean,Other,FAQ,17/06/2021,6400,6500,6450,13
Maharashtra,Amarawati,Morshi,Soyabean,Other,FAQ,01/07/2021,6000,6790,6395,13
Maharashtra,Amarawati,Morshi,Soyabean,Other,FAQ,22/07/2021,7000,7600,7300,13
Maharashtra,Amarawati,Morshi,Soyabean,Other,FAQ,26/07/2021,7500,8000,7750,13
Maharashtra,Amarawati,Morshi,Soyabean,Other,FAQ,02/08/2021,8500,9500,9000,13
Maharashtra,Amarawati,Morshi,Soyabean,Other,FAQ,09/08/2021,9000,9500,9250,13
Maharashtra,Amarawati,Morshi,Soyabean,Other,FAQ,09/09/2021,5500,6500,6000,13
Maharashtra,Amarawati,Morshi,Soyabean,Other,FAQ,27/09/2021,4000,4500,4250,13
Maharashtra,Amarawati,Morshi,Soyabean,Other,FAQ,05/10/2021,4000,4600,4300,13
Maharashtra,Amarawati,Morshi,Soyabean,Other,FAQ,14/10/2021,4500,4650,4575,13
Maharashtra,Amarawati,Morshi,Soyabean,Other,FAQ,02/11/2021,4000,5300,4650,13
Maharashtra,Amarawati,Morshi,Soyabean,Other,FAQ,25/11/2021,5500,6525,6012,13
Maharashtra,Amarawati,Nandgaon Khandeshwar,Soyabean,Yellow,FAQ,13/01/2021,4000,4400,4200,13
Maharashtra,Amarawati,Nandgaon Khandeshwar,Soyabean,Yellow,FAQ,27/01/2021,4050,4250,4150,13
Maharashtra,Amarawati,Nandgaon Khandeshwar,Soyabean,Yellow,FAQ,28/01/2021,4075,4300,4187,13
Maharashtra,Amarawati,Nandgaon Khandeshwar,Soyabean,Yellow,FAQ,30/01/2021,4075,4350,4212,13
Maharashtra,Amarawati,Nandgaon Khandeshwar,Soyabean,Yellow,FAQ,11/02/2021,4200,4500,4350,13
Maharashtra,Amarawati,Nandgaon Khandeshwar,Soyabean,Yellow,FAQ,12/02/2021,4300,4575,4437,13
Maharashtra,Amarawati,Nandgaon Khandeshwar,Soyabean,Yellow,FAQ,05/03/2021,4550,4810,4675,13
Maharashtra,Amarawati,Nandgaon Khandeshwar,Soyabean,Yellow,FAQ,22/03/2021,4950,5175,5025,13
Maharashtra,Amarawati,Nandgaon Khandeshwar,Soyabean,Yellow,FAQ,19/04/2021,6450,6790,6650,13
Maharashtra,Amarawati,Nandgaon Khandeshwar,Soyabean,Yellow,FAQ,03/12/2021,5850,6250,6050,13
Maharashtra,Amarawati,Nandgaon Khandeshwar,Soyabean,Yellow,FAQ,07/12/2021,6200,6650,6425,13
Maharashtra,Amarawati,Nandgaon Khandeshwar,Soyabean,Yellow,FAQ,21/12/2021,5400,5845,5622,13
Maharashtra,Amarawati,Varud(Rajura Bazar),Soyabean,Yellow,FAQ,01/07/2021,5701,7001,6500,13
Maharashtra,Amarawati,Varud(Rajura Bazar),Soyabean,Yellow,FAQ,11/11/2021,2222,5399,4586,13
Maharashtra,Amarawati,Achalpur,Soyabean,Other,FAQ,15/01/2025,3600,4150,3875,13
Maharashtra,Amarawati,Amarawati,Soyabean,Other,FAQ,01/01/2025,3950,4111,4030,13
Maharashtra,Amarawati,Amarawati,Soyabean,Other,FAQ,03/01/2025,3850,4001,3925,13
Maharashtra,Amarawati,Amarawati,Soyabean,Other,FAQ,11/01/2025,3950,4213,4081,13
Maharashtra,Amarawati,Amarawati,Soyabean,Other,FAQ,16/01/2025,3800,4153,3976,13
Maharashtra,Amarawati,Amarawati,Soyabean,Other,Local,27/01/2025,3850,4001,3925,13
Maharashtra,Amarawati,Anajngaon,Soyabean,Yellow,FAQ,03/01/2025,3500,4140,3900,13
Maharashtra,Amarawati,Chandur Bazar,Soyabean,Yellow,FAQ,02/01/2025,3500,4380,4080,13
Maharashtra,Amarawati,Chandur Bazar,Soyabean,Yellow,FAQ,07/01/2025,3330,4110,3740,13
Maharashtra,Amarawati,Chandur Bazar,Soyabean,Yellow,FAQ,13/01/2025,3500,4250,3860,13
Maharashtra,Amarawati,Chandur Railway,Soyabean,Yellow,FAQ,09/01/2025,3550,4300,4000,13
Maharashtra,Amarawati,Morshi,Soyabean,Other,FAQ,09/01/2025,3800,4025,3912,13
Maharashtra,Amarawati,Morshi,Soyabean,Other,FAQ,16/01/2025,3800,4000,3900,13
Maharashtra,Amarawati,Nandgaon Khandeshwar,Soyabean,Yellow,FAQ,08/01/2025,3975,4200,4087,13
Maharashtra,Amarawati,Nandgaon Khandeshwar,Soyabean,Yellow,FAQ,16/01/2025,3750,4150,3950,13
Maharashtra,Amarawati,Shetkari Khushi Bazar,Soyabean,Other,FAQ,10/01/2025,1500,4100,3925,13
Maharashtra,Amarawati,Shetkari Khushi Bazar,Soyabean,Other,FAQ,21/01/2025,2500,4200,3927,13
Maharashtra,Amarawati,Varud,Soyabean,Yellow,FAQ,04/01/2025,3010,4400,3764,13
Maharashtra,Amarawati,Varud,Soyabean,Yellow,Non-FAQ,29/01/2025,2900,4230,3909,13
Maharashtra,Amarawati,Achalpur,Soyabean,Other,Local,08/03/2025,3400,4000,3700,13
Maharashtra,Amarawati,Amarawati,Soyabean,Other,Local,10/03/2025,3750,3925,3837,13
Maharashtra,Amarawati,Amarawati,Soyabean,Other,Local,15/03/2025,3750,3900,3825,13
Maharashtra,Amarawati,Amarawati,Soyabean,Other,Local,21/03/2025,3800,3978,3889,13
Maharashtra,Amarawati,Amarawati,Soyabean,Other,Local,27/03/2025,3950,4199,4074,13
Maharashtra,Amarawati,Amarawati,Soyabean,Other,Non-FAQ,04/03/2025,3700,3900,3800,13
Maharashtra,Amarawati,Chandur Bazar,Soyabean,Yellow,Non-FAQ,19/03/2025,3500,3850,3610,13
Maharashtra,Amarawati,Chandur Bazar,Soyabean,Yellow,Non-FAQ,20/03/2025,3415,3830,3600,13
Maharashtra,Amarawati,Chandur Bazar,Soyabean,Yellow,Non-FAQ,24/03/2025,3500,3970,3750,13
Maharashtra,Amarawati,Chandur Railway,Soyabean,Yellow,Non-FAQ,01/03/2025,3800,3975,3900,13
Maharashtra,Amarawati,Daryapur,Soyabean,Yellow,Non-FAQ,15/03/2025,3000,3850,3700,13
Maharashtra,Amarawati,Daryapur,Soyabean,Yellow,Non-FAQ,18/03/2025,3000,4020,3850,13
Maharashtra,Amarawati,Morshi,Soyabean,Other,Local,10/03/2025,3500,3850,3675,13
Maharashtra,Amarawati,Morshi,Soyabean,Other,Local,20/03/2025,3500,3800,3650,13
Maharashtra,Amarawati,Shetkari Khushi Bazar,Soyabean,Other,FAQ,11/03/2025,500,4000,3766,13
Maharashtra,Amarawati,Shetkari Khushi Bazar,Soyabean,Other,FAQ,20/03/2025,3750,3900,3826,13
Maharashtra,Amarawati,Shetkari Khushi Bazar,Soyabean,Other,FAQ,21/03/2025,3800,4140,3954,13
Maharashtra,Amarawati,Varud,Soyabean,Yellow,Non-FAQ,12/03/2025,2550,2550,2550,13
Maharashtra,Amarawati,Achalpur,Soyabean,Other,FAQ,21/10/2024,4000,4200,4100,13
Maharashtra,Amarawati,Chandur Bazar,Soyabean,Yellow,FAQ,03/10/2024,4000,4400,4230,13
Maharashtra,Amarawati,Amarawati,Soyabean,Other,FAQ,11/10/2024,4200,4425,4312,13
Maharashtra,Amarawati,Daryapur,Soyabean,Yellow,FAQ,23/10/2024,3300,4575,4200,13
Maharashtra,Amarawati,Morshi,Soyabean,Other,FAQ,03/10/2024,4000,4415,4207,13
Maharashtra,Amarawati,Morshi,Soyabean,Other,FAQ,11/10/2024,3500,4311,3945,13
Maharashtra,Amarawati,Shetkari Khushi Bazar,Soyabean,Other,FAQ,14/10/2024,1000,4550,4022,13
Maharashtra,Amarawati,Amarawati,Soyabean,Other,FAQ,10/12/2024,3750,3878,3814,13
Maharashtra,Amarawati,Amarawati,Soyabean,Other,FAQ,11/12/2024,3800,3927,3863,13
Maharashtra,Amarawati,Amarawati,Soyabean,Other,FAQ,17/12/2024,3950,4251,4100,13
Maharashtra,Amarawati,Amarawati,Soyabean,Other,FAQ,18/12/2024,3950,4088,4019,13
Maharashtra,Amarawati,Amarawati,Soyabean,Other,FAQ,26/12/2024,3900,4141,4020,13
Maharashtra,Amarawati,Anajngaon,Soyabean,Yellow,FAQ,13/12/2024,3600,4100,3900,13
Maharashtra,Amarawati,Chandur Bazar,Soyabean,Yellow,FAQ,06/12/2024,3500,4100,3850,13
Maharashtra,Amarawati,Chandur Bazar,Soyabean,Yellow,FAQ,17/12/2024,3000,4320,4015,13
Maharashtra,Amarawati,Daryapur,Soyabean,Yellow,FAQ,04/12/2024,3000,4200,4050,13
Maharashtra,Amarawati,Nandgaon Khandeshwar,Soyabean,Yellow,FAQ,02/12/2024,3875,4225,4050,13
Maharashtra,Amarawati,Nandgaon Khandeshwar,Soyabean,Yellow,FAQ,20/12/2024,3750,4240,3995,13
Maharashtra,Amarawati,Shetkari Khushi Bazar,Soyabean,Other,FAQ,11/12/2024,3000,3950,3870,13
Maharashtra,Amarawati,Shetkari Khushi Bazar,Soyabean,Other,FAQ,17/12/2024,3700,4100,3959,13
Maharashtra,Amarawati,Shetkari Khushi Bazar,Soyabean,Other,FAQ,30/12/2024,2500,4200,3973,13
Maharashtra,Amarawati,Varud,Soyabean,Yellow,FAQ,25/12/2024,3000,4200,3790,13
Maharashtra,Amarawati,Varud(Rajura Bazar),Soyabean,Yellow,FAQ,13/12/2024,3301,4000,3796,13
Maharashtra,Amarawati,Achalpur,Soyabean,Other,FAQ,19/12/2024,3490,4100,3795,13
Maharashtra,Amarawati,Amarawati,Soyabean,Other,FAQ,04/12/2024,3900,4136,4018,13
Maharashtra,Amarawati,Amarawati,Soyabean,Other,FAQ,09/12/2024,3850,4100,3975,13
Maharashtra,Amarawati,Amarawati,Soyabean,Other,FAQ,31/12/2024,3950,4170,4060,13
Maharashtra,Amarawati,Anajngaon,Soyabean,Yellow,FAQ,11/12/2024,3500,4150,3800,13
Maharashtra,Amarawati,Chandur Bazar,Soyabean,Yellow,FAQ,05/12/2024,3200,4200,4070,13
Maharashtra,Amarawati,Chandur Bazar,Soyabean,Yellow,FAQ,24/12/2024,3200,4300,4140,13
Maharashtra,Amarawati,Chandur Railway,Soyabean,Yellow,FAQ,10/12/2024,3500,4250,4000,13
Maharashtra,Amarawati,Daryapur,Soyabean,Yellow,FAQ,13/12/2024,3400,4250,3950,13
Maharashtra,Amarawati,Daryapur,Soyabean,Yellow,FAQ,23/12/2024,3000,4235,3850,13
Maharashtra,Amarawati,Nandgaon Khandeshwar,Soyabean,Yellow,FAQ,03/12/2024,3830,4150,3990,13
Maharashtra,Amarawati,Shetkari Khushi Bazar,Soyabean,Other,FAQ,05/12/2024,2000,4100,3945,13
Maharashtra,Amarawati,Shetkari Khushi Bazar,Soyabean,Other,FAQ,18/12/2024,1000,4050,3910,13
Maharashtra,Amarawati,Amarawati,Soyabean,Other,FAQ,15/10/2024,4250,4400,4325,13
Maharashtra,Amarawati,Chandur Railway,Soyabean,Yellow,FAQ,11/10/2024,3811,4460,4100,13
Maharashtra,Amarawati,Shetkari Khushi Bazar,Soyabean,Other,FAQ,11/10/2024,1000,4600,4150,13
Maharashtra,Amarawati,Achalpur,Soyabean,Other,FAQ,11/10/2024,3300,4411,3856,13
Maharashtra,Amarawati,Chandur Bazar,Soyabean,Yellow,FAQ,21/10/2024,3200,4350,4000,13
Maharashtra,Amarawati,Achalpur,Soyabean,Other,FAQ,08/11/2024,3000,4250,3625,13
Maharashtra,Amarawati,Amarawati,Soyabean,Other,FAQ,12/11/2024,3800,4001,3900,13
Maharashtra,Amarawati,Amarawati,Soyabean,Other,FAQ,18/11/2024,4150,4256,4203,13
Maharashtra,Amarawati,Amarawati,Soyabean,Other,FAQ,27/11/2024,4000,4221,4110,13
Maharashtra,Amarawati,Chandur Railway,Soyabean,Yellow,FAQ,27/11/2024,3550,4400,3900,13
Maharashtra,Amarawati,Daryapur,Soyabean,Yellow,FAQ,04/11/2024,3400,4425,4200,13
Maharashtra,Amarawati,Daryapur,Soyabean,Yellow,FAQ,08/11/2024,3400,4400,4200,13
Maharashtra,Amarawati,Daryapur,Soyabean,Yellow,FAQ,25/11/2024,3400,4655,4100,13
Maharashtra,Amarawati,Dhamngaon-Railway,Soyabean,Yellow,FAQ,22/11/2024,3500,4270,4100,13
Maharashtra,Amarawati,Dharni,Soyabean,Yellow,FAQ,01/11/2024,3500,3600,3550,13
Maharashtra,Amarawati,Morshi,Soyabean,Other,FAQ,04/11/2024,3000,4285,3642,13
Maharashtra,Amarawati,Morshi,Soyabean,Other,FAQ,14/11/2024,3800,4125,3962,13
Maharashtra,Amarawati,Nandgaon Khandeshwar,Soyabean,Yellow,FAQ,06/11/2024,3750,4200,3975,13
Maharashtra,Amarawati,Nandgaon Khandeshwar,Soyabean,Yellow,FAQ,09/11/2024,3875,4255,4065,13
Maharashtra,Amarawati,Nandgaon Khandeshwar,Soyabean,Yellow,FAQ,11/11/2024,3750,4210,3980,13
Maharashtra,Amarawati,Nandgaon Khandeshwar,Soyabean,Yellow,FAQ,13/11/2024,3730,4180,3955,13
Maharashtra,Amarawati,Shetkari Khushi Bazar,Soyabean,Other,FAQ,06/11/2024,3000,4400,4058,13
Maharashtra,Amarawati,Shetkari Khushi Bazar,Soyabean,Other,FAQ,07/11/2024,1500,4250,4011,13
Maharashtra,Amarawati,Shetkari Khushi Bazar,Soyabean,Other,FAQ,11/11/2024,3000,4200,3952,13
Maharashtra,Amarawati,Shetkari Khushi Bazar,Soyabean,Other,FAQ,13/11/2024,3500,4100,3920,13
Maharashtra,Amarawati,Shetkari Khushi Bazar,Soyabean,Other,FAQ,18/11/2024,1500,4400,4110,13
Maharashtra,Amarawati,Varud,Soyabean,Yellow,FAQ,05/11/2024,2800,4445,3771,13
Maharashtra,Amarawati,Varud,Soyabean,Yellow,FAQ,15/11/2024,3331,4200,3836,13
Maharashtra,Amarawati,Nandgaon Khandeshwar,Soyabean,Yellow,FAQ,20/12/2023,4450,4650,4525,13
Maharashtra,Amarawati,Shetkari Khushi Bazar,Soyabean,Other,FAQ,28/06/2023,3500,4925,4855,13
Maharashtra,Amarawati,Shetkari Khushi Bazar,Soyabean,Other,FAQ,10/07/2023,4000,4900,4827,13
Maharashtra,Amarawati,Shetkari Khushi Bazar,Soyabean,Other,FAQ,17/07/2023,4600,4850,4769,13
Maharashtra,Amarawati,Shetkari Khushi Bazar,Soyabean,Other,FAQ,01/08/2023,4500,4950,4877,13
Maharashtra,Amarawati,Shetkari Khushi Bazar,Soyabean,Other,FAQ,07/08/2023,4700,5025,4819,13
Maharashtra,Amarawati,Shetkari Khushi Bazar,Soyabean,Other,FAQ,25/08/2023,2000,4890,4716,13
Maharashtra,Amarawati,Shetkari Khushi Bazar,Soyabean,Other,FAQ,27/09/2023,4600,4850,4693,13
Maharashtra,Amarawati,Shetkari Khushi Bazar,Soyabean,Other,FAQ,20/10/2023,2200,5000,4546,13
Maharashtra,Amarawati,Shetkari Khushi Bazar,Soyabean,Other,FAQ,09/11/2023,3400,5300,4791,13
Maharashtra,Amarawati,Shetkari Khushi Bazar,Soyabean,Other,FAQ,20/11/2023,2200,5250,5027,13
Maharashtra,Amarawati,Varud(Rajura Bazar),Soyabean,Yellow,FAQ,02/03/2023,4500,4500,4500,13
Maharashtra,Amarawati,Varud(Rajura Bazar),Soyabean,Yellow,FAQ,29/06/2023,4400,4700,4550,13
Maharashtra,Amarawati,Achalpur,Soyabean,Other,FAQ,14/01/2023,5000,5400,5200,13
Maharashtra,Amarawati,Achalpur,Soyabean,Other,FAQ,25/01/2023,5100,5300,5200,13
Maharashtra,Amarawati,Achalpur,Soyabean,Other,FAQ,15/02/2023,5000,5150,5075,13
Maharashtra,Amarawati,Achalpur,Soyabean,Other,FAQ,17/02/2023,5000,5200,5100,13
Maharashtra,Amarawati,Achalpur,Soyabean,Other,FAQ,20/02/2023,5000,5200,5100,13
Maharashtra,Amarawati,Achalpur,Soyabean,Other,FAQ,24/03/2023,4900,5000,4950,13
Maharashtra,Amarawati,Achalpur,Soyabean,Other,FAQ,18/05/2023,4800,5100,4960,13
Maharashtra,Amarawati,Achalpur,Soyabean,Other,FAQ,07/06/2023,4800,4850,4825,13
Maharashtra,Amarawati,Achalpur,Soyabean,Other,FAQ,13/06/2023,4800,5000,4900,13
Maharashtra,Amarawati,Achalpur,Soyabean,Other,FAQ,17/06/2023,4800,5000,4900,13
Maharashtra,Amarawati,Achalpur,Soyabean,Other,FAQ,21/06/2023,4700,4900,4800,13
Maharashtra,Amarawati,Achalpur,Soyabean,Other,FAQ,23/06/2023,4800,4900,4850,13
Maharashtra,Amarawati,Achalpur,Soyabean,Other,FAQ,24/06/2023,4800,4900,4850,13
Maharashtra,Amarawati,Achalpur,Soyabean,Other,FAQ,12/08/2023,4800,4900,4850,13
Maharashtra,Amarawati,Achalpur,Soyabean,Other,FAQ,13/09/2023,4700,4800,4750,13
Maharashtra,Amarawati,Achalpur,Soyabean,Other,FAQ,15/09/2023,4800,4850,4825,13
Maharashtra,Amarawati,Achalpur,Soyabean,Other,FAQ,17/10/2023,4200,4400,4300,13
Maharashtra,Amarawati,Achalpur,Soyabean,Other,FAQ,07/11/2023,4500,4800,4650,13
Maharashtra,Amarawati,Achalpur,Soyabean,Other,FAQ,09/11/2023,4450,4900,4675,13
Maharashtra,Amarawati,Achalpur,Soyabean,Other,FAQ,10/11/2023,4800,4900,4850,13
Maharashtra,Amarawati,Achalpur,Soyabean,Other,FAQ,17/11/2023,4900,5100,5000,13
Maharashtra,Amarawati,Achalpur,Soyabean,Other,FAQ,18/11/2023,4800,4900,4850,13
Maharashtra,Amarawati,Achalpur,Soyabean,Other,FAQ,23/11/2023,4800,5000,4900,13
Maharashtra,Amarawati,Achalpur,Soyabean,Other,FAQ,06/12/2023,4500,4700,4600,13
Maharashtra,Amarawati,Achalpur,Soyabean,Other,FAQ,09/12/2023,4500,4750,4625,13
Maharashtra,Amarawati,Achalpur,Soyabean,Other,FAQ,13/12/2023,4555,4825,4690,13
Maharashtra,Amarawati,Achalpur,Soyabean,Other,FAQ,14/12/2023,4500,4750,4625,13
Maharashtra,Amarawati,Amarawati,Soyabean,Other,FAQ,07/01/2023,5050,5326,5188,13
Maharashtra,Amarawati,Amarawati,Soyabean,Other,FAQ,14/01/2023,5000,5350,5175,13
Maharashtra,Amarawati,Amarawati,Soyabean,Other,FAQ,21/01/2023,4950,5126,5038,13
Maharashtra,Amarawati,Amarawati,Soyabean,Other,FAQ,01/02/2023,4950,5189,5069,13
Maharashtra,Amarawati,Amarawati,Soyabean,Other,FAQ,17/02/2023,5000,5235,5117,13
Maharashtra,Amarawati,Amarawati,Soyabean,Other,FAQ,24/02/2023,5050,5266,5158,13
Maharashtra,Amarawati,Amarawati,Soyabean,Other,FAQ,01/03/2023,4800,5018,4909,13
Maharashtra,Amarawati,Amarawati,Soyabean,Other,FAQ,15/03/2023,4750,4950,4850,13
Maharashtra,Amarawati,Amarawati,Soyabean,Other,FAQ,21/03/2023,4750,5050,4900,13
Maharashtra,Amarawati,Amarawati,Soyabean,Other,FAQ,27/03/2023,4800,5073,4936,13
Maharashtra,Amarawati,Amarawati,Soyabean,Other,FAQ,24/04/2023,4750,4951,4850,13
Maharashtra,Amarawati,Amarawati,Soyabean,Other,FAQ,27/04/2023,4850,4941,4895,13
Maharashtra,Amarawati,Amarawati,Soyabean,Other,FAQ,03/05/2023,4900,5032,4966,13
Maharashtra,Amarawati,Amarawati,Soyabean,Other,FAQ,12/05/2023,4800,4971,4885,13
Maharashtra,Amarawati,Amarawati,Soyabean,Other,FAQ,15/05/2023,4750,4900,4825,13
Maharashtra,Amarawati,Amarawati,Soyabean,Other,FAQ,22/05/2023,4700,4831,4765,13
Maharashtra,Amarawati,Amarawati,Soyabean,Other,FAQ,24/05/2023,4700,4841,4770,13
Maharashtra,Amarawati,Amarawati,Soyabean,Other,FAQ,03/06/2023,4700,4825,4762,13
Maharashtra,Amarawati,Amarawati,Soyabean,Other,FAQ,06/06/2023,4700,4876,4788,13
Maharashtra,Amarawati,Amarawati,Soyabean,Other,FAQ,09/06/2023,4700,4826,4763,13
Maharashtra,Amarawati,Amarawati,Soyabean,Other,FAQ,20/06/2023,4800,5035,4917,13
Maharashtra,Amarawati,Amarawati,Soyabean,Other,FAQ,22/06/2023,4800,4951,4875,13
Maharashtra,Amarawati,Amarawati,Soyabean,Other,FAQ,27/06/2023,4750,4880,4815,13
Maharashtra,Amarawati,Amarawati,Soyabean,Other,FAQ,30/06/2023,4700,4850,4775,13
Maharashtra,Amarawati,Amarawati,Soyabean,Other,FAQ,15/07/2023,4650,4782,4716,13
Maharashtra,Amarawati,Amarawati,Soyabean,Other,FAQ,18/07/2023,4650,4785,4717,13
Maharashtra,Amarawati,Amarawati,Soyabean,Other,FAQ,24/07/2023,4700,4805,4752,13
Maharashtra,Amarawati,Amarawati,Soyabean,Other,FAQ,08/08/2023,4700,4841,4770,13
Maharashtra,Amarawati,Amarawati,Soyabean,Other,FAQ,11/08/2023,4700,4825,4762,13
Maharashtra,Amarawati,Amarawati,Soyabean,Other,FAQ,12/08/2023,4700,4800,4750,13
Maharashtra,Amarawati,Amarawati,Soyabean,Other,FAQ,26/08/2023,4650,4775,4712,13
Maharashtra,Amarawati,Amarawati,Soyabean,Other,FAQ,31/08/2023,4700,4860,4780,13
Maharashtra,Amarawati,Amarawati,Soyabean,Other,FAQ,02/09/2023,4750,4901,4825,13
Maharashtra,Amarawati,Amarawati,Soyabean,Other,FAQ,09/09/2023,4700,4799,4749,13
Maharashtra,Amarawati,Amarawati,Soyabean,Other,FAQ,20/09/2023,4700,4835,4767,13
Maharashtra,Amarawati,Amarawati,Soyabean,Other,FAQ,04/10/2023,4400,4560,4480,13
Maharashtra,Amarawati,Amarawati,Soyabean,Other,FAQ,12/10/2023,4250,4451,4350,13
Maharashtra,Amarawati,Amarawati,Soyabean,Other,FAQ,18/10/2023,4100,4450,4275,13
Maharashtra,Amarawati,Amarawati,Soyabean,Other,FAQ,27/10/2023,4500,4611,4555,13
Maharashtra,Amarawati,Amarawati,Soyabean,Other,FAQ,04/11/2023,4700,4822,4761,13
Maharashtra,Amarawati,Amarawati,Soyabean,Other,FAQ,21/11/2023,5000,5095,5047,13
Maharashtra,Amarawati,Amarawati,Soyabean,Other,FAQ,22/11/2023,5050,5130,5090,13
Maharashtra,Amarawati,Amarawati,Soyabean,Other,FAQ,13/12/2023,4750,4840,4795,13
Maharashtra,Amarawati,Amarawati,Soyabean,Other,FAQ,22/12/2023,4500,4641,4570,13
Maharashtra,Amarawati,Amarawati,Soyabean,Other,FAQ,27/12/2023,4600,4673,4636,13
Maharashtra,Amarawati,Anajngaon,Soyabean,Yellow,FAQ,25/01/2023,4700,5100,4900,13
Maharashtra,Amarawati,Anajngaon,Soyabean,Yellow,FAQ,12/03/2023,4925,5100,5050,13
Maharashtra,Amarawati,Anajngaon,Soyabean,Yellow,FAQ,02/06/2023,4500,4650,4600,13
Maharashtra,Amarawati,Anajngaon,Soyabean,Yellow,FAQ,04/06/2023,4500,4850,4700,13
Maharashtra,Amarawati,Anajngaon,Soyabean,Yellow,FAQ,28/06/2023,4400,4871,4650,13
Maharashtra,Amarawati,Anajngaon,Soyabean,Yellow,FAQ,26/07/2023,4000,4800,4400,13
Maharashtra,Amarawati,Anajngaon,Soyabean,Yellow,FAQ,06/08/2023,4000,4800,4400,13
Maharashtra,Amarawati,Anajngaon,Soyabean,Yellow,FAQ,13/08/2023,4000,4811,4450,13
Maharashtra,Amarawati,Anajngaon,Soyabean,Yellow,FAQ,27/08/2023,4000,4700,4400,13
Maharashtra,Amarawati,Anajngaon,Soyabean,Yellow,FAQ,01/09/2023,4000,4800,4400,13
Maharashtra,Amarawati,Anajngaon,Soyabean,Yellow,FAQ,08/09/2023,4400,4800,4600,13
Maharashtra,Amarawati,Anajngaon,Soyabean,Yellow,FAQ,01/10/2023,3800,4580,4200,13
Maharashtra,Amarawati,Anajngaon,Soyabean,Yellow,FAQ,06/10/2023,3800,4500,4250,13
Maharashtra,Amarawati,Anajngaon,Soyabean,Yellow,FAQ,08/10/2023,3700,4450,4100,13
Maharashtra,Amarawati,Anajngaon,Soyabean,Yellow,FAQ,16/10/2023,3900,4405,4200,13
Maharashtra,Amarawati,Anajngaon,Soyabean,Yellow,FAQ,29/10/2023,4000,4800,4400,13
Maharashtra,Amarawati,Anajngaon,Soyabean,Yellow,FAQ,30/10/2023,4000,4725,4400,13
Maharashtra,Amarawati,Anajngaon,Soyabean,Yellow,FAQ,04/11/2023,4000,4800,4400,13
Maharashtra,Amarawati,Anajngaon,Soyabean,Yellow,FAQ,17/11/2023,4200,5151,4900,13
Maharashtra,Amarawati,Anajngaon,Soyabean,Yellow,FAQ,19/11/2023,4200,5150,4800,13
Maharashtra,Amarawati,Chandur Bazar,Soyabean,Yellow,FAQ,17/01/2023,5000,5350,5120,13
Maharashtra,Amarawati,Chandur Bazar,Soyabean,Yellow,FAQ,23/01/2023,4500,5150,4970,13
Maharashtra,Amarawati,Chandur Bazar,Soyabean,Yellow,FAQ,25/01/2023,4000,5101,4651,13
Maharashtra,Amarawati,Chandur Bazar,Soyabean,Yellow,FAQ,27/01/2023,4500,5081,4750,13
Maharashtra,Amarawati,Chandur Bazar,Soyabean,Yellow,FAQ,03/02/2023,4500,5181,4900,13
Maharashtra,Amarawati,Chandur Bazar,Soyabean,Yellow,FAQ,08/02/2023,4500,5150,4780,13
Maharashtra,Amarawati,Chandur Bazar,Soyabean,Yellow,FAQ,20/02/2023,4600,5266,5000,13
Maharashtra,Amarawati,Chandur Bazar,Soyabean,Yellow,FAQ,21/02/2023,4500,5240,4800,13
Maharashtra,Amarawati,Chandur Bazar,Soyabean,Yellow,FAQ,03/03/2023,4300,4951,4560,13
Maharashtra,Amarawati,Chandur Bazar,Soyabean,Yellow,FAQ,20/03/2023,4500,5088,4700,13
Maharashtra,Amarawati,Chandur Bazar,Soyabean,Yellow,FAQ,23/03/2023,4500,5126,4650,13
Maharashtra,Amarawati,Chandur Bazar,Soyabean,Yellow,FAQ,31/03/2023,4500,5112,4751,13
Maharashtra,Amarawati,Chandur Bazar,Soyabean,Yellow,FAQ,26/04/2023,4400,4850,4650,13
Maharashtra,Amarawati,Chandur Bazar,Soyabean,Yellow,FAQ,27/04/2023,4200,4926,4565,13
Maharashtra,Amarawati,Chandur Bazar,Soyabean,Yellow,FAQ,09/05/2023,4500,5050,4750,13
Maharashtra,Amarawati,Chandur Bazar,Soyabean,Yellow,FAQ,18/05/2023,4490,4880,4621,13
Maharashtra,Amarawati,Chandur Bazar,Soyabean,Yellow,FAQ,19/05/2023,4350,4900,4605,13
Maharashtra,Amarawati,Chandur Bazar,Soyabean,Yellow,FAQ,23/05/2023,4200,4861,4500,13
Maharashtra,Amarawati,Chandur Bazar,Soyabean,Yellow,FAQ,26/06/2023,4150,4911,4560,13
Maharashtra,Amarawati,Chandur Bazar,Soyabean,Yellow,FAQ,03/07/2023,4000,4970,4570,13
Maharashtra,Amarawati,Chandur Bazar,Soyabean,Yellow,FAQ,11/07/2023,3810,4880,4460,13
Maharashtra,Amarawati,Chandur Bazar,Soyabean,Yellow,FAQ,17/07/2023,4200,4740,4655,13
Maharashtra,Amarawati,Chandur Bazar,Soyabean,Yellow,FAQ,31/08/2023,3500,4810,4350,13
Maharashtra,Amarawati,Chandur Bazar,Soyabean,Yellow,FAQ,12/09/2023,3050,4850,4600,13
Maharashtra,Amarawati,Chandur Bazar,Soyabean,Yellow,FAQ,25/09/2023,4300,4800,4500,13
Maharashtra,Amarawati,Chandur Bazar,Soyabean,Yellow,FAQ,27/09/2023,4300,4700,4511,13
Maharashtra,Amarawati,Chandur Bazar,Soyabean,Yellow,FAQ,04/10/2023,4200,4490,4310,13
Maharashtra,Amarawati,Chandur Bazar,Soyabean,Yellow,FAQ,05/10/2023,4000,4450,4225,13
Maharashtra,Amarawati,Chandur Bazar,Soyabean,Yellow,FAQ,10/10/2023,3500,4330,3915,13
Maharashtra,Amarawati,Chandur Bazar,Soyabean,Yellow,FAQ,25/10/2023,4000,4670,4350,13
Maharashtra,Amarawati,Chandur Bazar,Soyabean,Yellow,FAQ,16/11/2023,4500,5200,4720,13
Maharashtra,Amarawati,Chandur Bazar,Soyabean,Yellow,FAQ,17/11/2023,4500,5150,4825,13
Maharashtra,Amarawati,Chandur Bazar,Soyabean,Yellow,FAQ,29/11/2023,4500,4980,4700,13
Maharashtra,Amarawati,Chandur Bazar,Soyabean,Yellow,FAQ,11/12/2023,4500,4900,4752,13
Maharashtra,Amarawati,Chandur Railway,Soyabean,Yellow,FAQ,25/01/2023,4900,5070,5000,13
Maharashtra,Amarawati,Chandur Railway,Soyabean,Yellow,FAQ,02/02/2023,4900,5105,5000,13
Maharashtra,Amarawati,Chandur Railway,Soyabean,Yellow,FAQ,19/05/2023,4650,4800,4750,13
Maharashtra,Amarawati,Chandur Railway,Soyabean,Yellow,FAQ,29/05/2023,4790,4900,4850,13
Maharashtra,Amarawati,Chandur Railway,Soyabean,Yellow,FAQ,25/07/2023,4820,4870,4850,13
Maharashtra,Amarawati,Chandur Railway,Soyabean,Yellow,FAQ,05/09/2023,4840,4840,4840,13
Maharashtra,Amarawati,Chandur Railway,Soyabean,Yellow,FAQ,30/09/2023,4500,4650,4650,13
Maharashtra,Amarawati,Chandur Railway,Soyabean,Yellow,FAQ,06/10/2023,4100,4535,4300,13
Maharashtra,Amarawati,Chandur Railway,Soyabean,Yellow,FAQ,13/10/2023,4150,4500,4400,13
Maharashtra,Amarawati,Chandur Railway,Soyabean,Yellow,FAQ,27/10/2023,4400,4625,4550,13
Maharashtra,Amarawati,Chandur Railway,Soyabean,Yellow,FAQ,18/12/2023,4600,4765,4700,13
Maharashtra,Amarawati,Daryapur,Soyabean,Yellow,FAQ,04/01/2023,4705,5460,5200,13
Maharashtra,Amarawati,Daryapur,Soyabean,Yellow,FAQ,11/01/2023,4800,5400,5150,13
Maharashtra,Amarawati,Daryapur,Soyabean,Yellow,FAQ,21/01/2023,4410,5300,5150,13
Maharashtra,Amarawati,Daryapur,Soyabean,Yellow,FAQ,23/01/2023,4400,5300,5155,13
Maharashtra,Amarawati,Daryapur,Soyabean,Yellow,FAQ,24/01/2023,4055,5165,5090,13
Maharashtra,Amarawati,Daryapur,Soyabean,Yellow,FAQ,25/01/2023,4600,5125,4950,13
Maharashtra,Amarawati,Daryapur,Soyabean,Yellow,FAQ,24/02/2023,4805,5260,5175,13
Maharashtra,Amarawati,Daryapur,Soyabean,Yellow,FAQ,25/02/2023,4505,5235,5100,13
Maharashtra,Amarawati,Daryapur,Soyabean,Yellow,FAQ,27/02/2023,4480,5145,5000,13
Maharashtra,Amarawati,Daryapur,Soyabean,Yellow,FAQ,04/03/2023,4800,5190,5050,13
Maharashtra,Amarawati,Daryapur,Soyabean,Yellow,FAQ,29/03/2023,4000,5140,4925,13
Maharashtra,Amarawati,Daryapur,Soyabean,Yellow,FAQ,08/04/2023,4300,5260,5100,13
Maharashtra,Amarawati,Daryapur,Soyabean,Yellow,FAQ,19/04/2023,4855,5250,5052,13
Maharashtra,Amarawati,Daryapur,Soyabean,Yellow,FAQ,28/04/2023,3600,4900,4800,13
Maharashtra,Amarawati,Daryapur,Soyabean,Yellow,FAQ,02/05/2023,4300,4975,4750,13
Maharashtra,Amarawati,Daryapur,Soyabean,Yellow,FAQ,06/05/2023,4650,5200,5050,13
Maharashtra,Amarawati,Daryapur,Soyabean,Yellow,FAQ,08/05/2023,4400,5160,5000,13
Maharashtra,Amarawati,Daryapur,Soyabean,Yellow,FAQ,30/05/2023,4200,4950,4820,13
Maharashtra,Amarawati,Daryapur,Soyabean,Yellow,FAQ,06/06/2023,4500,4870,4620,13
Maharashtra,Amarawati,Daryapur,Soyabean,Yellow,FAQ,12/06/2023,4200,4950,4725,13
Maharashtra,Amarawati,Daryapur,Soyabean,Yellow,FAQ,11/07/2023,4400,4900,4650,13
Maharashtra,Amarawati,Daryapur,Soyabean,Yellow,FAQ,14/07/2023,4165,4835,4605,13
Maharashtra,Amarawati,Daryapur,Soyabean,Yellow,FAQ,05/08/2023,4125,4900,4650,13
Maharashtra,Amarawati,Daryapur,Soyabean,Yellow,FAQ,08/08/2023,4000,4840,4600,13
Maharashtra,Amarawati,Daryapur,Soyabean,Yellow,FAQ,02/09/2023,4355,5085,4800,13
Maharashtra,Amarawati,Daryapur,Soyabean,Yellow,FAQ,06/09/2023,4300,5045,4800,13
Maharashtra,Amarawati,Daryapur,Soyabean,Yellow,FAQ,16/09/2023,4305,4855,4680,13
Maharashtra,Amarawati,Daryapur,Soyabean,Yellow,FAQ,17/10/2023,3650,4580,4425,13
Maharashtra,Amarawati,Daryapur,Soyabean,Yellow,FAQ,21/10/2023,3800,5000,4700,13
Maharashtra,Amarawati,Daryapur,Soyabean,Yellow,FAQ,03/11/2023,3850,5000,4850,13
Maharashtra,Amarawati,Daryapur,Soyabean,Yellow,FAQ,20/11/2023,4175,5000,4900,13
Maharashtra,Amarawati,Daryapur,Soyabean,Yellow,FAQ,29/11/2023,4515,4985,4900,13
Maharashtra,Amarawati,Daryapur,Soyabean,Yellow,FAQ,06/12/2023,4280,4800,4700,13
Maharashtra,Amarawati,Daryapur,Soyabean,Yellow,FAQ,16/12/2023,4195,4800,4675,13
Maharashtra,Amarawati,Daryapur,Soyabean,Yellow,FAQ,20/12/2023,4350,4800,4650,13
Maharashtra,Amarawati,Dhamngaon-Railway,Soyabean,Yellow,FAQ,18/01/2023,4505,5335,5150,13
Maharashtra,Amarawati,Dhamngaon-Railway,Soyabean,Yellow,FAQ,19/01/2023,4250,5345,5050,13
Maharashtra,Amarawati,Dhamngaon-Railway,Soyabean,Yellow,FAQ,20/01/2023,4600,5290,5100,13
Maharashtra,Amarawati,Dhamngaon-Railway,Soyabean,Yellow,FAQ,08/02/2023,4651,5210,4850,13
Maharashtra,Amarawati,Dhamngaon-Railway,Soyabean,Yellow,FAQ,10/02/2023,4300,5230,5000,13
Maharashtra,Amarawati,Dhamngaon-Railway,Soyabean,Yellow,FAQ,14/02/2023,4685,5295,5000,13
Maharashtra,Amarawati,Dhamngaon-Railway,Soyabean,Yellow,FAQ,16/02/2023,4735,5295,5000,13
Maharashtra,Amarawati,Dhamngaon-Railway,Soyabean,Yellow,FAQ,28/02/2023,4600,5130,4950,13
Maharashtra,Amarawati,Dhamngaon-Railway,Soyabean,Yellow,FAQ,03/03/2023,4800,5155,5000,13
Maharashtra,Amarawati,Dhamngaon-Railway,Soyabean,Yellow,FAQ,04/03/2023,4800,5200,5050,13
Maharashtra,Amarawati,Dhamngaon-Railway,Soyabean,Yellow,FAQ,18/04/2023,4600,5145,4850,13
Maharashtra,Amarawati,Dhamngaon-Railway,Soyabean,Yellow,FAQ,18/05/2023,4200,4855,4400,13
Maharashtra,Amarawati,Dhamngaon-Railway,Soyabean,Yellow,FAQ,06/06/2023,4500,4940,4750,13
Maharashtra,Amarawati,Dhamngaon-Railway,Soyabean,Yellow,FAQ,20/06/2023,4655,5160,4900,13
Maharashtra,Amarawati,Dhamngaon-Railway,Soyabean,Yellow,FAQ,23/06/2023,4565,4950,4800,13
Maharashtra,Amarawati,Dhamngaon-Railway,Soyabean,Yellow,FAQ,10/07/2023,4555,4890,4800,13
Maharashtra,Amarawati,Dhamngaon-Railway,Soyabean,Yellow,FAQ,11/07/2023,4450,4895,4700,13
Maharashtra,Amarawati,Dhamngaon-Railway,Soyabean,Yellow,FAQ,15/07/2023,4255,4820,4650,13
Maharashtra,Amarawati,Dhamngaon-Railway,Soyabean,Yellow,FAQ,19/07/2023,4450,4795,4700,13
Maharashtra,Amarawati,Dhamngaon-Railway,Soyabean,Yellow,FAQ,27/07/2023,4265,4901,4800,13
Maharashtra,Amarawati,Dhamngaon-Railway,Soyabean,Yellow,FAQ,30/08/2023,4310,4910,4800,13
Maharashtra,Amarawati,Dhamngaon-Railway,Soyabean,Yellow,FAQ,31/08/2023,4355,4915,4850,13
Maharashtra,Amarawati,Dhamngaon-Railway,Soyabean,Yellow,FAQ,13/09/2023,4595,4855,4700,13
Maharashtra,Amarawati,Dhamngaon-Railway,Soyabean,Yellow,FAQ,10/10/2023,3500,4325,4100,13
Maharashtra,Amarawati,Dhamngaon-Railway,Soyabean,Yellow,FAQ,28/10/2023,4200,4820,4500,13
Maharashtra,Amarawati,Dhamngaon-Railway,Soyabean,Yellow,FAQ,02/11/2023,4000,4835,4500,13
Maharashtra,Amarawati,Dhamngaon-Railway,Soyabean,Yellow,FAQ,18/11/2023,4500,5200,5000,13
Maharashtra,Amarawati,Dhamngaon-Railway,Soyabean,Yellow,FAQ,21/11/2023,4600,5130,4850,13
Maharashtra,Amarawati,Dhamngaon-Railway,Soyabean,Yellow,FAQ,25/11/2023,4770,5025,4900,13
Maharashtra,Amarawati,Dhamngaon-Railway,Soyabean,Yellow,FAQ,02/12/2023,4595,4995,4820,13
Maharashtra,Amarawati,Dhamngaon-Railway,Soyabean,Yellow,FAQ,19/12/2023,4400,4775,4600,13
Maharashtra,Amarawati,Dharni,Soyabean,Yellow,FAQ,20/07/2023,4400,4500,4450,13
Maharashtra,Amarawati,Dharni,Soyabean,Yellow,FAQ,26/07/2023,4300,4400,4350,13
Maharashtra,Amarawati,Dharni,Soyabean,Yellow,FAQ,18/11/2023,4500,4600,4550,13
Maharashtra,Amarawati,Dharni,Soyabean,Yellow,FAQ,06/12/2023,4600,4700,4650,13
Maharashtra,Amarawati,Morshi,Soyabean,Other,FAQ,02/02/2023,4800,5150,4975,13
Maharashtra,Amarawati,Morshi,Soyabean,Other,FAQ,03/02/2023,4900,5100,5000,13
Maharashtra,Amarawati,Morshi,Soyabean,Other,FAQ,07/02/2023,4900,5000,4950,13
Maharashtra,Amarawati,Morshi,Soyabean,Other,FAQ,10/02/2023,4900,5000,4950,13
Maharashtra,Amarawati,Morshi,Soyabean,Other,FAQ,28/02/2023,4800,4900,4850,13
Maharashtra,Amarawati,Morshi,Soyabean,Other,FAQ,06/03/2023,5000,5050,5025,13
Maharashtra,Amarawati,Morshi,Soyabean,Other,FAQ,14/03/2023,4700,4800,4750,13
Maharashtra,Amarawati,Morshi,Soyabean,Other,FAQ,16/03/2023,4500,4870,4685,13
Maharashtra,Amarawati,Morshi,Soyabean,Other,FAQ,23/03/2023,4800,5000,4900,13
Maharashtra,Amarawati,Morshi,Soyabean,Other,FAQ,03/04/2023,4800,5150,4975,13
Maharashtra,Amarawati,Morshi,Soyabean,Other,FAQ,20/04/2023,4550,5055,4802,13
Maharashtra,Amarawati,Morshi,Soyabean,Other,FAQ,27/04/2023,4700,4950,4815,13
Maharashtra,Amarawati,Morshi,Soyabean,Other,FAQ,01/05/2023,4700,4950,4825,13
Maharashtra,Amarawati,Morshi,Soyabean,Other,FAQ,04/05/2023,4500,4700,4600,13
Maharashtra,Amarawati,Morshi,Soyabean,Other,FAQ,08/05/2023,4700,5070,4885,13
Maharashtra,Amarawati,Morshi,Soyabean,Other,FAQ,15/05/2023,4800,5000,4900,13
Maharashtra,Amarawati,Morshi,Soyabean,Other,FAQ,25/05/2023,4500,4780,4640,13
Maharashtra,Amarawati,Morshi,Soyabean,Other,FAQ,05/06/2023,4500,4950,4725,13
Maharashtra,Amarawati,Morshi,Soyabean,Other,FAQ,22/06/2023,4600,4975,4787,13
Maharashtra,Amarawati,Morshi,Soyabean,Other,FAQ,13/07/2023,4600,4840,4720,13
Maharashtra,Amarawati,Morshi,Soyabean,Other,FAQ,31/07/2023,4600,4865,4732,13
Maharashtra,Amarawati,Morshi,Soyabean,Other,FAQ,17/08/2023,4600,4865,4732,13
Maharashtra,Amarawati,Morshi,Soyabean,Other,FAQ,24/08/2023,4600,4800,4700,13
Maharashtra,Amarawati,Morshi,Soyabean,Other,FAQ,04/09/2023,4500,4950,4725,13
Maharashtra,Amarawati,Morshi,Soyabean,Other,FAQ,02/10/2023,4300,4411,4355,13
Maharashtra,Amarawati,Morshi,Soyabean,Other,FAQ,20/10/2023,4251,4625,4438,13
Maharashtra,Amarawati,Morshi,Soyabean,Other,FAQ,03/11/2023,4400,4770,4585,13
Maharashtra,Amarawati,Morshi,Soyabean,Other,FAQ,23/11/2023,4900,5075,4987,13
Maharashtra,Amarawati,Morshi,Soyabean,Other,FAQ,24/11/2023,4800,4950,4875,13
Maharashtra,Amarawati,Morshi,Soyabean,Other,FAQ,04/12/2023,4600,4770,4685,13
Maharashtra,Amarawati,Morshi,Soyabean,Other,FAQ,25/12/2023,4300,4655,4477,13
Maharashtra,Amarawati,Nandgaon Khandeshwar,Soyabean,Yellow,FAQ,16/01/2023,5185,5325,5255,13
Maharashtra,Amarawati,Nandgaon Khandeshwar,Soyabean,Yellow,FAQ,23/01/2023,4950,5100,5025,13
Maharashtra,Amarawati,Nandgaon Khandeshwar,Soyabean,Yellow,FAQ,30/01/2023,4941,5151,5046,13
Maharashtra,Amarawati,Nandgaon Khandeshwar,Soyabean,Yellow,FAQ,04/02/2023,4850,5050,4950,13
Maharashtra,Amarawati,Nandgaon Khandeshwar,Soyabean,Yellow,FAQ,17/02/2023,5150,5275,5212,13
Maharashtra,Amarawati,Nandgaon Khandeshwar,Soyabean,Yellow,FAQ,03/07/2023,4750,4920,4835,13
Maharashtra,Amarawati,Nandgaon Khandeshwar,Soyabean,Yellow,FAQ,12/07/2023,4450,4860,4655,13
Maharashtra,Amarawati,Nandgaon Khandeshwar,Soyabean,Yellow,FAQ,03/10/2023,4350,4500,4425,13
Maharashtra,Amarawati,Nandgaon Khandeshwar,Soyabean,Yellow,FAQ,06/10/2023,4250,4400,4325,13
Maharashtra,Amarawati,Nandgaon Khandeshwar,Soyabean,Yellow,FAQ,09/10/2023,4050,4350,4200,13
Maharashtra,Amarawati,Nandgaon Khandeshwar,Soyabean,Yellow,FAQ,17/10/2023,4170,4550,4360,13
Maharashtra,Amarawati,Nandgaon Khandeshwar,Soyabean,Yellow,FAQ,21/10/2023,4350,4700,4450,13
Maharashtra,Amarawati,Nandgaon Khandeshwar,Soyabean,Yellow,FAQ,16/11/2023,4800,5211,5000,13
Maharashtra,Amarawati,Nandgaon Khandeshwar,Soyabean,Yellow,FAQ,17/11/2023,4800,5180,5050,13
Maharashtra,Amarawati,Achalpur,Soyabean,Other,Local,05/02/2025,3700,4100,3900,13
Maharashtra,Amarawati,Achalpur,Soyabean,Other,Local,14/02/2025,3600,4100,3850,13
Maharashtra,Amarawati,Achalpur,Soyabean,Other,Local,24/02/2025,3400,4000,3700,13
Maharashtra,Amarawati,Amarawati,Soyabean,Other,Local,14/02/2025,3850,4039,3944,13
Maharashtra,Amarawati,Amarawati,Soyabean,Other,Local,20/02/2025,3800,3965,3882,13
Maharashtra,Amarawati,Chandur Bazar,Soyabean,Yellow,Non-FAQ,06/02/2025,3500,4000,3930,13
Maharashtra,Amarawati,Chandur Bazar,Soyabean,Yellow,Non-FAQ,24/02/2025,3500,3930,3820,13
Maharashtra,Amarawati,Chandur Railway,Soyabean,Yellow,Non-FAQ,08/02/2025,3775,4125,3900,13
Maharashtra,Amarawati,Chandur Railway,Soyabean,Yellow,Non-FAQ,13/02/2025,3400,4075,3900,13
Maharashtra,Amarawati,Daryapur,Soyabean,Yellow,Non-FAQ,07/02/2025,3200,4250,3950,13
Maharashtra,Amarawati,Daryapur,Soyabean,Yellow,Non-FAQ,15/02/2025,3000,3910,3800,13
Maharashtra,Amarawati,Dhamngaon-Railway,Soyabean,Yellow,Non-FAQ,06/02/2025,3500,4185,3900,13
Maharashtra,Amarawati,Dhamngaon-Railway,Soyabean,Yellow,Non-FAQ,27/02/2025,3500,4100,3850,13
Maharashtra,Amarawati,Shetkari Khushi Bazar,Soyabean,Other,FAQ,03/02/2025,1000,4100,3841,13
Maharashtra,Amarawati,Shetkari Khushi Bazar,Soyabean,Other,FAQ,05/02/2025,500,4150,3676,13
Maharashtra,Amarawati,Shetkari Khushi Bazar,Soyabean,Other,FAQ,07/02/2025,1700,4100,3772,13
Maharashtra,Amarawati,Shetkari Khushi Bazar,Soyabean,Other,FAQ,13/02/2025,2400,4100,3771,13
Maharashtra,Amarawati,Shetkari Khushi Bazar,Soyabean,Other,FAQ,17/02/2025,3750,4100,3912,13
Maharashtra,Amarawati,Varud,Soyabean,Yellow,Non-FAQ,02/02/2025,3400,4025,3855,13
Maharashtra,Amarawati,Varud,Soyabean,Yellow,Non-FAQ,09/02/2025,2800,4100,3836,13
Maharashtra,Amarawati,Achalpur,Soyabean,Other,Local,23/06/2025,4000,4325,4163,13
Maharashtra,Amarawati,Amarawati,Soyabean,Other,Local,09/06/2025,4050,4200,4125,13
Maharashtra,Amarawati,Amarawati,Soyabean,Other,Local,13/06/2025,4000,4180,4090,13
Maharashtra,Amarawati,Amarawati,Soyabean,Other,Local,20/06/2025,4050,4329,4189,13
Maharashtra,Amarawati,Amarawati,Soyabean,Other,Local,30/06/2025,4050,4250,4150,13
Maharashtra,Amarawati,Anajngaon,Soyabean,Yellow,Non-FAQ,01/06/2025,3700,3900,3900,13
Maharashtra,Amarawati,Anajngaon,Soyabean,Yellow,Non-FAQ,15/06/2025,3700,4125,3950,13
Maharashtra,Amarawati,Chandur Bazar,Soyabean,Yellow,Non-FAQ,04/06/2025,3500,4150,3850,13
Maharashtra,Amarawati,Chandur Bazar,Soyabean,Yellow,Non-FAQ,13/06/2025,3500,4100,3980,13
Maharashtra,Amarawati,Chandur Bazar,Soyabean,Yellow,Non-FAQ,18/06/2025,3500,4100,3950,13
Maharashtra,Amarawati,Chandur Bazar,Soyabean,Yellow,Non-FAQ,23/06/2025,3500,4200,3950,13
Maharashtra,Amarawati,Daryapur,Soyabean,Yellow,Non-FAQ,17/06/2025,3500,4250,4000,13
Maharashtra,Amarawati,Morshi,Soyabean,Other,Local,09/06/2025,3700,4135,3918,13
Maharashtra,Amarawati,Morshi,Soyabean,Other,Local,12/06/2025,3900,4150,4025,13
Maharashtra,Amarawati,Morshi,Soyabean,Other,Local,26/06/2025,4000,4100,4050,13
Maharashtra,Amarawati,Morshi,Soyabean,Other,Local,30/06/2025,3600,4250,3925,13
Maharashtra,Amarawati,Nandgaon Khandeshwar,Soyabean,Yellow,Non-FAQ,19/06/2025,4050,4200,4125,13
Maharashtra,Amarawati,Shetkari Khushi Bazar,Soyabean,Other,Local,19/06/2025,1500,4350,4158,13
Maharashtra,Amarawati,Shetkari Khushi Bazar,Soyabean,Other,Local,24/06/2025,4300,4300,4300,13
Maharashtra,Amarawati,Varud,Soyabean,Yellow,Non-FAQ,01/06/2025,3135,4245,4126,13
Maharashtra,Amarawati,Varud,Soyabean,Yellow,Non-FAQ,04/06/2025,3110,4275,4134,13
Maharashtra,Amarawati,Amarawati,Soyabean,Other,Local,01/07/2025,4050,4290,4170,13
Maharashtra,Amarawati,Amarawati,Soyabean,Other,Local,07/07/2025,3950,4200,4075,13
Maharashtra,Amarawati,Chandur Bazar,Soyabean,Yellow,Non-FAQ,08/07/2025,3400,4250,3960,13
Maharashtra,Amarawati,Daryapur,Soyabean,Yellow,Non-FAQ,23/07/2025,3600,4375,4200,13
Maharashtra,Amarawati,Morshi,Soyabean,Other,Local,14/07/2025,3400,4170,3785,13
Maharashtra,Amarawati,Nandgaon Khandeshwar,Soyabean,Yellow,Non-FAQ,25/07/2025,4070,4300,4185,13
Maharashtra,Amarawati,Achalpur,Soyabean,Other,Local,29/07/2025,4000,4380,4190,13
Maharashtra,Amarawati,Amarawati,Soyabean,Other,Local,08/07/2025,4050,4285,4167,13
Maharashtra,Amarawati,Chandur Bazar,Soyabean,Yellow,Non-FAQ,04/07/2025,3400,4250,4050,13
Maharashtra,Amarawati,Chandur Bazar,Soyabean,Yellow,Non-FAQ,23/07/2025,3500,4400,3950,13
Maharashtra,Amarawati,Daryapur,Soyabean,Yellow,Non-FAQ,02/07/2025,3600,4215,4130,13
Maharashtra,Amarawati,Dharni,Soyabean,Yellow,Non-FAQ,19/07/2025,3700,3800,3750,13
Maharashtra,Amarawati,Shetkari Khushi Bazar,Soyabean,Other,Local,03/07/2025,4350,4400,4353,13
Maharashtra,Amarawati,Varud(Rajura Bazar),Soyabean,Yellow,Non-FAQ,04/07/2025,4055,4195,4163,13
Maharashtra,Amarawati,Varud(Rajura Bazar),Soyabean,Yellow,Non-FAQ,25/07/2025,3200,4360,4240,13
Maharashtra,Amarawati,Amarawati,Soyabean,Other,Local,11/04/2025,4150,4350,4250,13
Maharashtra,Amarawati,Amarawati,Soyabean,Other,Local,16/04/2025,4250,4325,4287,13
Maharashtra,Amarawati,Amarawati,Soyabean,Other,Non-FAQ,15/04/2025,4250,4360,4305,13
Maharashtra,Amarawati,Chandur Bazar,Soyabean,Yellow,Non-FAQ,07/04/2025,4012,4310,4252,13
Maharashtra,Amarawati,Chandur Bazar,Soyabean,Yellow,Non-FAQ,29/04/2025,3500,4100,3920,13
Maharashtra,Amarawati,Chandur Railway,Soyabean,Yellow,Non-FAQ,03/04/2025,3900,4450,4350,13
Maharashtra,Amarawati,Daryapur,Soyabean,Yellow,Non-FAQ,05/04/2025,3600,4235,4100,13
Maharashtra,Amarawati,Dhamngaon-Railway,Soyabean,Yellow,Non-FAQ,29/04/2025,3700,4285,4000,13
Maharashtra,Amarawati,Shetkari Khushi Bazar,Soyabean,Other,FAQ,17/04/2025,3000,4550,4325,13
Maharashtra,Amarawati,Shetkari Khushi Bazar,Soyabean,Other,FAQ,21/04/2025,4250,4400,4341,13
Maharashtra,Amarawati,Shetkari Khushi Bazar,Soyabean,Other,FAQ,23/04/2025,4100,4400,4290,13
Maharashtra,Amarawati,Amarawati,Soyabean,Other,Local,09/04/2025,4000,4200,4100,13
Maharashtra,Amarawati,Amarawati,Soyabean,Other,Local,23/04/2025,3850,4211,4030,13
Maharashtra,Amarawati,Chandur Bazar,Soyabean,Yellow,Non-FAQ,02/04/2025,4000,4500,4250,13
Maharashtra,Amarawati,Chandur Bazar,Soyabean,Yellow,Non-FAQ,11/04/2025,3800,4350,4150,13
Maharashtra,Amarawati,Dhamngaon-Railway,Soyabean,Yellow,Non-FAQ,16/04/2025,3600,4575,4300,13
Maharashtra,Amarawati,Daryapur,Soyabean,Yellow,FAQ,05/10/2024,3300,4500,4350,13
Maharashtra,Amarawati,Nandgaon Khandeshwar,Soyabean,Yellow,FAQ,16/10/2024,3750,4410,4080,13
Maharashtra,Amarawati,Amarawati,Soyabean,Other,FAQ,03/10/2024,4450,4523,4486,13
Maharashtra,Amarawati,Dhamngaon-Railway,Soyabean,Yellow,FAQ,17/10/2024,3500,4400,4000,13
Maharashtra,Amarawati,Shetkari Khushi Bazar,Soyabean,Other,FAQ,25/10/2024,1500,4600,4134,13
Maharashtra,Amarawati,Chandur Bazar,Soyabean,Yellow,FAQ,24/10/2024,3200,4500,3900,13
Maharashtra,Amarawati,Achalpur,Soyabean,Other,FAQ,28/10/2024,3000,4040,3520,13
Maharashtra,Amarawati,Amarawati,Soyabean,Other,FAQ,26/10/2024,3850,4200,4025,13
Maharashtra,Amarawati,Daryapur,Soyabean,Yellow,FAQ,09/10/2024,3000,4450,4300,13
Maharashtra,Amarawati,Shetkari Khushi Bazar,Soyabean,Other,FAQ,23/10/2024,1500,4500,4093,13
Maharashtra,Amarawati,Achalpur,Soyabean,Other,Local,06/05/2025,3800,4200,4000,13
Maharashtra,Amarawati,Achalpur,Soyabean,Other,Local,26/05/2025,3500,4265,3883,13
Maharashtra,Amarawati,Achalpur,Soyabean,Other,Local,30/05/2025,3950,4300,4125,13
Maharashtra,Amarawati,Amarawati,Soyabean,Other,Local,03/05/2025,4050,4210,4130,13
Maharashtra,Amarawati,Amarawati,Soyabean,Other,Local,15/05/2025,4200,4326,4263,13
Maharashtra,Amarawati,Amarawati,Soyabean,Other,Local,19/05/2025,4050,4276,4163,13
Maharashtra,Amarawati,Amarawati,Soyabean,Other,Local,21/05/2025,4100,4267,4183,13
Maharashtra,Amarawati,Amarawati,Soyabean,Other,Local,27/05/2025,4000,4125,4062,13
Maharashtra,Amarawati,Amarawati,Soyabean,Other,Local,30/05/2025,4050,4200,4125,13
Maharashtra,Amarawati,Anajngaon,Soyabean,Yellow,Non-FAQ,11/05/2025,4000,4400,4200,13
Maharashtra,Amarawati,Anajngaon,Soyabean,Yellow,Non-FAQ,16/05/2025,3700,4100,3900,13
Maharashtra,Amarawati,Daryapur,Soyabean,Yellow,Non-FAQ,03/05/2025,3800,4480,4200,13
Maharashtra,Amarawati,Daryapur,Soyabean,Yellow,Non-FAQ,16/05/2025,3400,4305,4100,13
Maharashtra,Amarawati,Dhamngaon-Railway,Soyabean,Yellow,Non-FAQ,03/05/2025,3700,4351,4000,13
Maharashtra,Amarawati,Dhamngaon-Railway,Soyabean,Yellow,Non-FAQ,31/05/2025,3700,4240,4100,13
Maharashtra,Amarawati,Morshi,Soyabean,Other,Local,15/05/2025,3600,4050,3825,13
Maharashtra,Amarawati,Nandgaon Khandeshwar,Soyabean,Yellow,Non-FAQ,03/05/2025,3850,4180,4015,13
Maharashtra,Amarawati,Nandgaon Khandeshwar,Soyabean,Yellow,Non-FAQ,15/05/2025,3950,4240,4095,13
Maharashtra,Amarawati,Nandgaon Khandeshwar,Soyabean,Yellow,Non-FAQ,20/05/2025,4050,4240,4145,13
Maharashtra,Amarawati,Nandgaon Khandeshwar,Soyabean,Yellow,Non-FAQ,21/05/2025,4050,4200,4125,13
Maharashtra,Amarawati,Shetkari Khushi Bazar,Soyabean,Other,FAQ,02/05/2025,1200,4400,4265,13
Maharashtra,Amarawati,Shetkari Khushi Bazar,Soyabean,Other,FAQ,20/05/2025,4000,4100,4061,13
Maharashtra,Amarawati,Shetkari Khushi Bazar,Soyabean,Other,FAQ,22/05/2025,3800,4300,4172,13
Maharashtra,Amarawati,Varud,Soyabean,Yellow,Non-FAQ,18/05/2025,3650,4190,4103,13
Maharashtra,Amarawati,Varud,Soyabean,Yellow,Non-FAQ,25/05/2025,4020,4100,4083,13
Maharashtra,Amarawati,Varud(Rajura Bazar),Soyabean,Yellow,Non-FAQ,16/05/2025,1500,4270,3596,13
Maharashtra,Amarawati,Amarawati,Soyabean,Other,Local,13/09/2025,4000,4201,4100,13
Maharashtra,Amarawati,Chandur Bazar,Soyabean,Yellow,Non-FAQ,16/09/2025,3400,4380,4000,13
Maharashtra,Amarawati,Daryapur,Soyabean,Yellow,Non-FAQ,16/09/2025,3400,4270,4150,13
Maharashtra,Amarawati,Dhamngaon-Railway,Soyabean,Yellow,Non-FAQ,24/09/2025,3900,4300,4100,13
Maharashtra,Amarawati,Morshi,Soyabean,Other,Local,11/09/2025,3800,4100,3950,13
Maharashtra,Amarawati,Shetkari Khushi Bazar,Soyabean,Other,Local,29/09/2025,1500,4350,4201,13
Maharashtra,Amarawati,Achalpur,Soyabean,Other,Local,06/09/2025,4200,4500,4350,13
Maharashtra,Amarawati,Achalpur,Soyabean,Other,Local,23/09/2025,3600,4250,3950,13
Maharashtra,Amarawati,Amarawati,Soyabean,Other,Local,06/09/2025,4050,4320,4185,13
Maharashtra,Amarawati,Amarawati,Soyabean,Other,Local,10/09/2025,4000,4250,4125,13
Maharashtra,Amarawati,Amarawati,Soyabean,Other,Local,15/09/2025,4000,4255,4127,13
Maharashtra,Amarawati,Amarawati,Soyabean,Other,Local,22/09/2025,4000,4250,4125,13
Maharashtra,Amarawati,Chandur Bazar,Soyabean,Yellow,Non-FAQ,10/09/2025,3500,4410,4000,13
Maharashtra,Amarawati,Chandur Bazar,Soyabean,Yellow,Non-FAQ,24/09/2025,3400,4250,3860,13
Maharashtra,Amarawati,Chandur Railway,Soyabean,Yellow,Non-FAQ,29/09/2025,4230,4380,4300,13
Maharashtra,Amarawati,Dhamngaon-Railway,Soyabean,Yellow,Non-FAQ,22/09/2025,3825,4325,4100,13
Maharashtra,Amarawati,Achalpur,Soyabean,Other,Local,27/10/2025,3431,4200,3816,13
Maharashtra,Amarawati,Amarawati,Soyabean,Other,Local,28/10/2025,3650,4200,3925,13
Maharashtra,Amarawati,Chandur Bazar,Soyabean,Yellow,Non-FAQ,03/10/2025,3500,4350,4000,13
Maharashtra,Amarawati,Nandgaon Khandeshwar,Soyabean,Yellow,Non-FAQ,10/10/2025,3450,4000,3725,13
Maharashtra,Amarawati,Nandgaon Khandeshwar,Soyabean,Yellow,Non-FAQ,11/10/2025,3450,4200,3825,13
Maharashtra,Amarawati,Amarawati,Soyabean,Other,Local,04/10/2025,4150,4400,4275,13
Maharashtra,Amarawati,Chandur Bazar,Soyabean,Yellow,Non-FAQ,13/10/2025,2500,4320,4050,13
Maharashtra,Amarawati,Chandur Bazar,Soyabean,Yellow,Non-FAQ,14/10/2025,2500,4300,4022,13
Maharashtra,Amarawati,Daryapur,Soyabean,Yellow,Non-FAQ,06/10/2025,3000,4070,3800,13
Maharashtra,Amarawati,Morshi,Soyabean,Other,Local,09/10/2025,3000,3650,3325,13
Maharashtra,Amarawati,Achalpur,Soyabean,Other,Local,11/10/2025,3500,4000,3750,13
Maharashtra,Amarawati,Amarawati,Soyabean,Other,Local,06/10/2025,4100,4400,4250,13
Maharashtra,Amarawati,Amarawati,Soyabean,Other,Local,15/10/2025,3500,4211,3855,13
Maharashtra,Amarawati,Anajngaon,Soyabean,Yellow,Non-FAQ,31/10/2025,3200,4335,3850,13
Maharashtra,Amarawati,Chandur Bazar,Soyabean,Other,Local,03/10/2025,3500,4021,3900,13
Maharashtra,Amarawati,Morshi,Soyabean,Other,Local,03/11/2025,3800,4325,4063,13
Maharashtra,Amarawati,Morshi,Soyabean,Other,Local,13/10/2025,3000,4100,3550,13
Maharashtra,Amarawati,Shetkari Khushi Bazar,Soyabean,Other,Local,16/10/2025,1500,4350,3827,13
Maharashtra,Amarawati,Achalpur,Soyabean,Other,Local,19/08/2025,4331,4826,4579,13
Maharashtra,Amarawati,Achalpur,Soyabean,Other,Local,25/08/2025,4000,4570,4225,13
Maharashtra,Amarawati,Amarawati,Soyabean,Other,Local,05/08/2025,4350,4700,4525,13
Maharashtra,Amarawati,Amarawati,Soyabean,Other,Local,06/08/2025,4450,4725,4587,13
Maharashtra,Amarawati,Amarawati,Soyabean,Other,Local,08/08/2025,4450,4750,4600,13
Maharashtra,Amarawati,Amarawati,Soyabean,Other,Local,14/08/2025,4450,4646,4548,13
Maharashtra,Amarawati,Amarawati,Soyabean,Other,Local,29/08/2025,4200,4421,4310,13
Maharashtra,Amarawati,Anajngaon,Soyabean,Yellow,Non-FAQ,01/08/2025,4000,4500,4300,13
Maharashtra,Amarawati,Chandur Bazar,Soyabean,Yellow,Non-FAQ,11/08/2025,3500,4900,4600,13
Maharashtra,Amarawati,Chandur Bazar,Soyabean,Yellow,Non-FAQ,22/08/2025,3500,4450,4150,13
Maharashtra,Amarawati,Dhamngaon-Railway,Soyabean,Yellow,Non-FAQ,08/08/2025,4080,4890,4700,13
Maharashtra,Amarawati,Nandgaon Khandeshwar,Soyabean,Yellow,Non-FAQ,05/08/2025,4450,4760,4605,13
Maharashtra,Amarawati,Nandgaon Khandeshwar,Soyabean,Yellow,Non-FAQ,20/08/2025,4150,4400,4275,13
Maharashtra,Amarawati,Shetkari Khushi Bazar,Soyabean,Other,Local,04/08/2025,4300,4300,4300,13
Maharashtra,Amarawati,Shetkari Khushi Bazar,Soyabean,Other,Local,05/08/2025,1500,4800,3877,13
Maharashtra,Amarawati,Shetkari Khushi Bazar,Soyabean,Other,Local,06/08/2025,4600,4600,4600,13
Maharashtra,Amarawati,Shetkari Khushi Bazar,Soyabean,Other,Local,26/08/2025,2800,4550,3857,13
Maharashtra,Amarawati,Varud(Rajura Bazar),Soyabean,Yellow,Non-FAQ,15/08/2025,4495,4660,4535,13
Maharashtra,Amarawati,Dhamngaon-Railway APMC,Soyabean,Yellow,Non-FAQ,09/12/2025,3500,4590,4000,13
Maharashtra,Amarawati,Daryapur APMC,Soyabean,Yellow,Non-FAQ,15/12/2025,3000,4400,3900,13
Maharashtra,Amarawati,Daryapur APMC,Soyabean,Yellow,Non-FAQ,16/12/2025,3000,4440,3900,13
Maharashtra,Amarawati,Varud APMC,Soyabean,Yellow,Non-FAQ,17/12/2025,2150,4535,4099,13
Maharashtra,Amarawati,Chandur Bazar APMC,Soyabean,Yellow,Non-FAQ,10/12/2025,3500,4500,4100,13
Maharashtra,Amarawati,Dhamngaon-Railway APMC,Soyabean,Yellow,Non-FAQ,15/12/2025,3500,4740,4200,13
Maharashtra,Amarawati,Morshi APMC,Soyabean,Other,Local,08/12/2025,3500,4400,3950,13
Maharashtra,Amarawati,Amarawati APMC,Soyabean,Other,Local,18/12/2025,3900,4350,4125,13
Maharashtra,Amarawati,Achalpur APMC,Soyabean,Other,Local,29/12/2025,3800,4500,4250,13
Maharashtra,Amarawati,Achalpur APMC,Soyabean,Other,Local,25/12/2025,3901,4600,4251,13
Maharashtra,Amarawati,Shetkari Khushi Bazar APMC,Soyabean,Other,Local,17/12/2025,1500,4450,4260,13
Maharashtra,Amarawati,Amarawati APMC,Soyabean,Other,Local,20/11/2025,3900,4550,4225,13
Maharashtra,Amarawati,Amarawati APMC,Soyabean,Other,Local,21/11/2025,3800,4550,4175,13
Maharashtra,Amarawati,Amarawati APMC,Soyabean,Other,Local,01/11/2025,3750,4200,3975,13
Maharashtra,Amarawati,Amarawati APMC,Soyabean,Other,Local,11/11/2025,4000,4500,4250,13
Maharashtra,Amarawati,Morshi APMC,Soyabean,Other,Local,03/11/2025,3800,4325,4063,13
Maharashtra,Amarawati,Amarawati APMC,Soyabean,Other,Local,29/11/2025,3550,4450,4000,13
Maharashtra,Amarawati,Daryapur APMC,Soyabean,Yellow,Non-FAQ,10/11/2025,3000,4500,4050,13
Maharashtra,Amarawati,Chandur Bazar APMC,Soyabean,Yellow,Non-FAQ,04/11/2025,3000,4490,4000,13
Maharashtra,Amarawati,Chandur Railway APMC,Soyabean,Yellow,Non-FAQ,14/11/2025,3200,4600,4050,13
Maharashtra,Amarawati,Daryapur APMC,Soyabean,Yellow,Non-FAQ,28/11/2025,3000,4400,4050,13
Maharashtra,Amarawati,Varud(Rajura Bazar) APMC,Soyabean,Yellow,Non-FAQ,28/11/2025,3895,4400,4173,13
Maharashtra,Amarawati,Dhamngaon-Railway APMC,Soyabean,Yellow,Non-FAQ,25/11/2025,3500,4600,4200,13
Maharashtra,Amarawati,Daryapur APMC,Soyabean,Yellow,Non-FAQ,25/11/2025,3000,4400,4050,13
Maharashtra,Amarawati,Varud APMC,Soyabean,Yellow,Non-FAQ,17/11/2025,3700,4660,4307,13
Maharashtra,Amarawati,Varud(Rajura Bazar) APMC,Soyabean,Yellow,Non-FAQ,14/11/2025,3790,4940,4600,13
Maharashtra,Amarawati,Amarawati APMC,Soyabean,Other,Local,03/02/2026,5100,5500,5300,13
Maharashtra,Amarawati,Amarawati APMC,Soyabean,Other,Local,04/02/2026,5150,5600,5375,13
Maharashtra,Amarawati,Amarawati APMC,Soyabean,Other,Local,12/02/2026,4800,5200,5000,13
Maharashtra,Amarawati,Amarawati APMC,Soyabean,Other,Local,05/02/2026,5250,5680,5465,13
Maharashtra,Amarawati,Amarawati APMC,Soyabean,Other,Local,06/02/2026,5150,5520,5335,13
Maharashtra,Amarawati,Amarawati APMC,Soyabean,Other,Local,09/02/2026,5100,5476,5288,13
Maharashtra,Amarawati,Amarawati APMC,Soyabean,Other,Local,24/02/2026,4750,5000,4875,13
Maharashtra,Amarawati,Amarawati APMC,Soyabean,Other,Local,25/02/2026,4700,5060,4880,13
Maharashtra,Amarawati,Chandur Bazar APMC,Soyabean,Yellow,Non-FAQ,05/02/2026,4500,5300,5000,13
Maharashtra,Amarawati,Chandur Bazar APMC,Soyabean,Yellow,FAQ,06/02/2026,5350,5500,5500,13
Maharashtra,Amarawati,Dhamngaon-Railway APMC,Soyabean,Yellow,Non-FAQ,23/02/2026,4480,4960,4600,13
Maharashtra,Amarawati,Anajngaon APMC,Soyabean,Yellow,Non-FAQ,20/02/2026,4500,5000,4800,13
Maharashtra,Amarawati,Nandgaon Khandeshwar APMC,Soyabean,Yellow,Non-FAQ,26/02/2026,4765,5135,4950,13
Maharashtra,Amarawati,Dhamngaon-Railway APMC,Soyabean,Yellow,Non-FAQ,13/01/2026,4250,5290,4900,13
Maharashtra,Amarawati,Dhamngaon-Railway APMC,Soyabean,Yellow,Non-FAQ,10/01/2026,4000,5210,4900,13
Maharashtra,Amarawati,Dhamngaon-Railway APMC,Soyabean,Yellow,Non-FAQ,14/01/2026,4270,5260,4900,13
Maharashtra,Amarawati,Varud(Rajura Bazar) APMC,Soyabean,Yellow,Non-FAQ,16/01/2026,2000,5210,4881,13
Maharashtra,Amarawati,Dhamngaon-Railway APMC,Soyabean,Yellow,Non-FAQ,16/01/2026,4100,5290,4900,13
Maharashtra,Amarawati,Varud APMC,Soyabean,Yellow,Non-FAQ,17/01/2026,3900,5201,4873,13
Maharashtra,Amarawati,Chandur Bazar APMC,Soyabean,Yellow,Non-FAQ,27/01/2026,4150,5300,5000,13
Maharashtra,Amarawati,Amarawati APMC,Soyabean,Other,Local,05/01/2026,4300,4750,4525,13
Maharashtra,Amarawati,Amarawati APMC,Soyabean,Other,Local,07/01/2026,4400,4800,4600,13
Maharashtra,Amarawati,Amarawati APMC,Soyabean,Other,Local,17/01/2026,4800,5225,5012,13
Maharashtra,Amarawati,Amarawati APMC,Soyabean,Other,Local,20/01/2026,5200,5400,5300,13
Maharashtra,Amarawati,Amarawati APMC,Soyabean,Other,Local,21/01/2026,4800,5225,5012,13
Maharashtra,Amarawati,Morshi APMC,Soyabean,Other,Local,05/01/2026,4000,4700,4350,13
Maharashtra,Amarawati,Shetkari Khushi Bazar APMC,Soyabean,Other,Local,01/01/2026,1550,4800,4531,13
Maharashtra,Amarawati,Achalpur APMC,Soyabean,Other,Local,15/01/2026,4551,5201,4876,13
Maharashtra,Amarawati,Amarawati APMC,Soyabean,Other,Local,27/01/2026,5000,5451,5225,13
Maharashtra,Amarawati,Varud APMC,Soyabean,Yellow,FAQ,16/03/2026,5450,5450,5450,13
Maharashtra,Amarawati,Varud APMC,Soyabean,Yellow,Non-FAQ,30/03/2026,5030,5195,5160,13
Maharashtra,Amarawati,Varud(Rajura Bazar) APMC,Soyabean,Yellow,Non-FAQ,10/04/2026,3700,5235,4976,13
Maharashtra,Amarawati,Chandur Railway APMC,Soyabean,Yellow,Non-FAQ,16/04/2026,4900,5300,5100,13
Maharashtra,Amarawati,Varud(Rajura Bazar) APMC,Soyabean,Yellow,FAQ,17/04/2026,5395,5395,5395,13
Maharashtra,Amarawati,Anajngaon APMC,Soyabean,Yellow,Non-FAQ,19/04/2026,4800,4800,4800,13
Maharashtra,Amarawati,Varud APMC,Soyabean,Yellow,FAQ,14/03/2026,5345,5345,5345,13
Maharashtra,Amarawati,Chandur Bazar APMC,Soyabean,Yellow,Non-FAQ,16/03/2026,4500,4950,4700,13
Maharashtra,Amarawati,Varud APMC,Soyabean,Yellow,Non-FAQ,16/03/2026,3700,4995,4830,13
Maharashtra,Amarawati,Chandur Bazar APMC,Soyabean,Yellow,Non-FAQ,24/03/2026,4500,5200,4800,13
Maharashtra,Amarawati,Anajngaon APMC,Soyabean,Yellow,Non-FAQ,29/03/2026,4500,5000,4850,13
Maharashtra,Amarawati,Daryapur APMC,Soyabean,Yellow,Non-FAQ,10/04/2026,3500,5300,5200,13
Maharashtra,Amarawati,Varud APMC,Soyabean,Yellow,Non-FAQ,02/03/2026,4865,5030,4956,13
Maharashtra,Amarawati,Amarawati APMC,Soyabean,Other,Local,08/04/2026,5000,5360,5180,13
Maharashtra,Amarawati,Amarawati APMC,Soyabean,Other,Local,09/04/2026,5050,5481,5265,13
Maharashtra,Amarawati,Amarawati APMC,Soyabean,Other,Local,16/04/2026,4850,5325,5087,13
Maharashtra,Amarawati,Amarawati APMC,Soyabean,Other,Local,06/03/2026,4950,5300,5125,13
Maharashtra,Amarawati,Amarawati APMC,Soyabean,Other,Local,02/03/2026,4800,5151,4975,13
Maharashtra,Amarawati,Amarawati APMC,Soyabean,Other,Local,04/03/2026,4800,5240,5020,13
Maharashtra,Amarawati,Chandur Railway APMC,Soyabean,Yellow,Non-FAQ,17/04/2026,4675,5300,5200,13
Maharashtra,Amarawati,Chandur Bazar,Soyabean,Yellow,FAQ,10/03/2023,4600,5025,4800,13
Maharashtra,Amarawati,Chandur Bazar,Soyabean,Yellow,FAQ,17/04/2023,4450,5081,4700,13
Maharashtra,Amarawati,Chandur Bazar,Soyabean,Yellow,FAQ,20/04/2023,4650,5100,4951,13
Maharashtra,Amarawati,Chandur Bazar,Soyabean,Yellow,FAQ,21/04/2023,4500,5011,4850,13
Maharashtra,Amarawati,Chandur Bazar,Soyabean,Yellow,FAQ,12/05/2023,4000,4950,4490,13
Maharashtra,Amarawati,Chandur Bazar,Soyabean,Yellow,FAQ,25/05/2023,4000,4850,4450,13
Maharashtra,Amarawati,Chandur Bazar,Soyabean,Yellow,FAQ,02/06/2023,4000,4821,4680,13
Maharashtra,Amarawati,Chandur Bazar,Soyabean,Yellow,FAQ,05/06/2023,4500,4900,4750,13
Maharashtra,Amarawati,Chandur Bazar,Soyabean,Yellow,FAQ,07/06/2023,4000,4750,4350,13
Maharashtra,Amarawati,Chandur Bazar,Soyabean,Yellow,FAQ,12/06/2023,4200,4800,4590,13
Maharashtra,Amarawati,Chandur Bazar,Soyabean,Yellow,FAQ,16/06/2023,4400,4870,4565,13
Maharashtra,Amarawati,Chandur Bazar,Soyabean,Yellow,FAQ,28/06/2023,4150,4850,4531,13
Maharashtra,Amarawati,Chandur Bazar,Soyabean,Yellow,FAQ,30/06/2023,3900,4850,4350,13
Maharashtra,Amarawati,Chandur Bazar,Soyabean,Yellow,FAQ,07/07/2023,4000,4850,4405,13
Maharashtra,Amarawati,Chandur Bazar,Soyabean,Yellow,FAQ,10/07/2023,4500,4950,4671,13
Maharashtra,Amarawati,Chandur Bazar,Soyabean,Yellow,FAQ,29/08/2023,4250,4800,4525,13
Maharashtra,Amarawati,Chandur Bazar,Soyabean,Yellow,FAQ,01/09/2023,3500,4810,4340,13
Maharashtra,Amarawati,Chandur Bazar,Soyabean,Yellow,FAQ,13/09/2023,4000,4850,4420,13
Maharashtra,Amarawati,Chandur Bazar,Soyabean,Yellow,FAQ,18/09/2023,4000,4850,4510,13
Maharashtra,Amarawati,Chandur Bazar,Soyabean,Yellow,FAQ,20/09/2023,4350,4900,4625,13
Maharashtra,Amarawati,Chandur Bazar,Soyabean,Yellow,FAQ,03/10/2023,4200,4470,4300,13
Maharashtra,Amarawati,Chandur Bazar,Soyabean,Yellow,FAQ,13/10/2023,3500,4600,4000,13
Maharashtra,Amarawati,Chandur Bazar,Soyabean,Yellow,FAQ,26/10/2023,4000,4810,4490,13
Maharashtra,Amarawati,Chandur Bazar,Soyabean,Yellow,FAQ,07/11/2023,4000,4850,4550,13
Maharashtra,Amarawati,Chandur Bazar,Soyabean,Yellow,FAQ,13/12/2023,4200,4770,4580,13
Maharashtra,Amarawati,Chandur Bazar,Soyabean,Yellow,FAQ,20/12/2023,4200,4750,4490,13
Maharashtra,Amarawati,Chandur Railway,Soyabean,Yellow,FAQ,23/01/2023,4800,5115,5100,13
Maharashtra,Amarawati,Chandur Railway,Soyabean,Yellow,FAQ,27/01/2023,5000,5125,5100,13
Maharashtra,Amarawati,Chandur Railway,Soyabean,Yellow,FAQ,27/02/2023,4905,5200,5150,13
Maharashtra,Amarawati,Chandur Railway,Soyabean,Yellow,FAQ,04/03/2023,4925,5190,5100,13
Maharashtra,Amarawati,Chandur Railway,Soyabean,Yellow,FAQ,23/05/2023,4400,4555,4500,13
Maharashtra,Amarawati,Chandur Railway,Soyabean,Yellow,FAQ,25/05/2023,4600,4740,4700,13
Maharashtra,Amarawati,Chandur Railway,Soyabean,Yellow,FAQ,08/07/2023,4875,4950,4900,13
Maharashtra,Amarawati,Chandur Railway,Soyabean,Yellow,FAQ,18/08/2023,4800,4850,4825,13
Maharashtra,Amarawati,Chandur Railway,Soyabean,Yellow,FAQ,04/09/2023,4800,4905,4850,13
Maharashtra,Amarawati,Chandur Railway,Soyabean,Yellow,FAQ,08/09/2023,4700,4830,4830,13
Maharashtra,Amarawati,Chandur Railway,Soyabean,Yellow,FAQ,13/09/2023,4775,4840,4840,13
Maharashtra,Amarawati,Chandur Railway,Soyabean,Yellow,FAQ,25/09/2023,4675,4725,4720,13
Maharashtra,Amarawati,Chandur Railway,Soyabean,Yellow,FAQ,12/10/2023,4000,4370,4250,13
Maharashtra,Amarawati,Chandur Railway,Soyabean,Yellow,FAQ,28/10/2023,4500,4750,4650,13
Maharashtra,Amarawati,Chandur Railway,Soyabean,Yellow,FAQ,15/11/2023,4800,5250,5125,13
Maharashtra,Amarawati,Chandur Railway,Soyabean,Yellow,FAQ,17/11/2023,5100,5230,5150,13
Maharashtra,Amarawati,Chandur Railway,Soyabean,Yellow,FAQ,18/11/2023,5000,5155,5050,13
Maharashtra,Amarawati,Chandur Railway,Soyabean,Yellow,FAQ,16/12/2023,4685,4800,4700,13
Maharashtra,Amarawati,Daryapur,Soyabean,Yellow,FAQ,17/01/2023,4550,5400,5100,13
Maharashtra,Amarawati,Daryapur,Soyabean,Yellow,FAQ,20/01/2023,4805,5225,5100,13
Maharashtra,Amarawati,Daryapur,Soyabean,Yellow,FAQ,30/01/2023,4400,5260,5050,13
Maharashtra,Amarawati,Daryapur,Soyabean,Yellow,FAQ,04/02/2023,4600,5255,5000,13
Maharashtra,Amarawati,Daryapur,Soyabean,Yellow,FAQ,10/02/2023,3705,5225,5050,13
Maharashtra,Amarawati,Daryapur,Soyabean,Yellow,FAQ,21/02/2023,4775,5270,5100,13
Maharashtra,Amarawati,Daryapur,Soyabean,Yellow,FAQ,01/03/2023,4430,5050,4925,13
Maharashtra,Amarawati,Daryapur,Soyabean,Yellow,FAQ,06/03/2023,4250,5130,5000,13
Maharashtra,Amarawati,Daryapur,Soyabean,Yellow,FAQ,11/03/2023,4500,5050,4850,13
Maharashtra,Amarawati,Daryapur,Soyabean,Yellow,FAQ,13/03/2023,4495,5085,4900,13
Maharashtra,Amarawati,Daryapur,Soyabean,Yellow,FAQ,14/03/2023,4400,5015,4850,13
Maharashtra,Amarawati,Daryapur,Soyabean,Yellow,FAQ,18/03/2023,4300,5075,4900,13
Maharashtra,Amarawati,Daryapur,Soyabean,Yellow,FAQ,25/03/2023,4500,5100,4900,13
Maharashtra,Amarawati,Daryapur,Soyabean,Yellow,FAQ,17/04/2023,4295,5150,5000,13
Maharashtra,Amarawati,Daryapur,Soyabean,Yellow,FAQ,18/04/2023,4400,5150,5000,13
Maharashtra,Amarawati,Daryapur,Soyabean,Yellow,FAQ,24/04/2023,4100,5040,4900,13
Maharashtra,Amarawati,Daryapur,Soyabean,Yellow,FAQ,26/04/2023,4505,4910,4750,13
Maharashtra,Amarawati,Daryapur,Soyabean,Yellow,FAQ,17/05/2023,4500,4900,4750,13
Maharashtra,Amarawati,Daryapur,Soyabean,Yellow,FAQ,22/05/2023,4000,4890,4700,13
Maharashtra,Amarawati,Daryapur,Soyabean,Yellow,FAQ,24/05/2023,4400,4850,4600,13
Maharashtra,Amarawati,Daryapur,Soyabean,Yellow,FAQ,05/06/2023,4300,5000,4750,13
Maharashtra,Amarawati,Daryapur,Soyabean,Yellow,FAQ,22/07/2023,4250,4865,4680,13
Maharashtra,Amarawati,Daryapur,Soyabean,Yellow,FAQ,24/07/2023,4525,4855,4650,13
Maharashtra,Amarawati,Daryapur,Soyabean,Yellow,FAQ,01/08/2023,4425,4855,4600,13
Maharashtra,Amarawati,Daryapur,Soyabean,Yellow,FAQ,04/08/2023,4450,4875,4600,13
Maharashtra,Amarawati,Daryapur,Soyabean,Yellow,FAQ,12/08/2023,4400,4880,4625,13
Maharashtra,Amarawati,Daryapur,Soyabean,Yellow,FAQ,05/09/2023,4265,5220,4920,13
Maharashtra,Amarawati,Daryapur,Soyabean,Yellow,FAQ,15/09/2023,4385,4730,4580,13
Maharashtra,Amarawati,Daryapur,Soyabean,Yellow,FAQ,30/09/2023,4000,4770,4500,13
Maharashtra,Amarawati,Daryapur,Soyabean,Yellow,FAQ,04/10/2023,3990,4620,4300,13
Maharashtra,Amarawati,Daryapur,Soyabean,Yellow,FAQ,09/10/2023,3900,4510,4200,13
Maharashtra,Amarawati,Daryapur,Soyabean,Yellow,FAQ,23/10/2023,3600,4900,4500,13
Maharashtra,Amarawati,Daryapur,Soyabean,Yellow,FAQ,31/10/2023,3900,4895,4650,13
Maharashtra,Amarawati,Daryapur,Soyabean,Yellow,FAQ,21/11/2023,4505,5200,5000,13
Maharashtra,Amarawati,Daryapur,Soyabean,Yellow,FAQ,24/11/2023,4500,5050,4950,13
Maharashtra,Amarawati,Dhamngaon-Railway,Soyabean,Yellow,FAQ,14/01/2023,4800,5375,5150,13
Maharashtra,Amarawati,Dhamngaon-Railway,Soyabean,Yellow,FAQ,16/01/2023,4505,5380,5150,13
Maharashtra,Amarawati,Dhamngaon-Railway,Soyabean,Yellow,FAQ,24/01/2023,4500,5205,4950,13
Maharashtra,Amarawati,Dhamngaon-Railway,Soyabean,Yellow,FAQ,30/01/2023,4460,5235,5000,13
Maharashtra,Amarawati,Dhamngaon-Railway,Soyabean,Yellow,FAQ,04/02/2023,4665,5125,4850,13
Maharashtra,Amarawati,Dhamngaon-Railway,Soyabean,Yellow,FAQ,06/02/2023,4844,5135,4950,13
Maharashtra,Amarawati,Dhamngaon-Railway,Soyabean,Yellow,FAQ,09/02/2023,4600,5235,5050,13
Maharashtra,Amarawati,Dhamngaon-Railway,Soyabean,Yellow,FAQ,11/02/2023,4805,5225,4900,13
Maharashtra,Amarawati,Dhamngaon-Railway,Soyabean,Yellow,FAQ,13/02/2023,4605,5275,5000,13
Maharashtra,Amarawati,Dhamngaon-Railway,Soyabean,Yellow,FAQ,15/02/2023,4450,5290,5000,13
Maharashtra,Amarawati,Dhamngaon-Railway,Soyabean,Yellow,FAQ,17/02/2023,4500,5305,5000,13
Maharashtra,Amarawati,Dhamngaon-Railway,Soyabean,Yellow,FAQ,21/02/2023,4800,5275,5050,13
Maharashtra,Amarawati,Dhamngaon-Railway,Soyabean,Yellow,FAQ,01/03/2023,4850,5030,4900,13
Maharashtra,Amarawati,Dhamngaon-Railway,Soyabean,Yellow,FAQ,13/03/2023,4835,5125,5000,13
Maharashtra,Amarawati,Dhamngaon-Railway,Soyabean,Yellow,FAQ,25/03/2023,4800,5065,4900,13
Maharashtra,Amarawati,Dhamngaon-Railway,Soyabean,Yellow,FAQ,08/05/2023,4700,5100,4950,13
Maharashtra,Amarawati,Dhamngaon-Railway,Soyabean,Yellow,FAQ,22/05/2023,4320,4815,4500,13
Maharashtra,Amarawati,Dhamngaon-Railway,Soyabean,Yellow,FAQ,30/05/2023,4400,4910,4700,13
Maharashtra,Amarawati,Dhamngaon-Railway,Soyabean,Yellow,FAQ,16/06/2023,4680,5050,4850,13
Maharashtra,Amarawati,Dhamngaon-Railway,Soyabean,Yellow,FAQ,19/06/2023,4800,5170,5000,13
Maharashtra,Amarawati,Dhamngaon-Railway,Soyabean,Yellow,FAQ,27/06/2023,4310,4900,4800,13
Maharashtra,Amarawati,Dhamngaon-Railway,Soyabean,Yellow,FAQ,04/07/2023,4505,4975,4800,13
Maharashtra,Amarawati,Dhamngaon-Railway,Soyabean,Yellow,FAQ,05/07/2023,4730,4995,4800,13
Maharashtra,Amarawati,Dhamngaon-Railway,Soyabean,Yellow,FAQ,13/07/2023,4480,4890,4650,13
Maharashtra,Amarawati,Dhamngaon-Railway,Soyabean,Yellow,FAQ,17/07/2023,4380,4780,4700,13
Maharashtra,Amarawati,Dhamngaon-Railway,Soyabean,Yellow,FAQ,18/07/2023,4500,4820,4700,13
Maharashtra,Amarawati,Dhamngaon-Railway,Soyabean,Yellow,FAQ,20/07/2023,4450,4795,4700,13
Maharashtra,Amarawati,Dhamngaon-Railway,Soyabean,Yellow,FAQ,31/07/2023,4180,4850,4700,13
Maharashtra,Amarawati,Dhamngaon-Railway,Soyabean,Yellow,FAQ,26/08/2023,4305,4900,4800,13
Maharashtra,Amarawati,Dhamngaon-Railway,Soyabean,Yellow,FAQ,28/08/2023,4500,4950,4800,13
Maharashtra,Amarawati,Dhamngaon-Railway,Soyabean,Yellow,FAQ,05/09/2023,4555,4955,4850,13
Maharashtra,Amarawati,Dhamngaon-Railway,Soyabean,Yellow,FAQ,12/09/2023,4400,4875,4750,13
Maharashtra,Amarawati,Dhamngaon-Railway,Soyabean,Yellow,FAQ,28/09/2023,4600,4750,4715,13
Maharashtra,Amarawati,Dhamngaon-Railway,Soyabean,Yellow,FAQ,12/10/2023,3500,4460,4200,13
Maharashtra,Amarawati,Dhamngaon-Railway,Soyabean,Yellow,FAQ,30/10/2023,4200,4820,4500,13
Maharashtra,Amarawati,Dhamngaon-Railway,Soyabean,Yellow,FAQ,04/11/2023,4200,5000,4500,13
Maharashtra,Amarawati,Dhamngaon-Railway,Soyabean,Yellow,FAQ,07/11/2023,4200,5005,4600,13
Maharashtra,Amarawati,Dhamngaon-Railway,Soyabean,Yellow,FAQ,22/11/2023,4660,5200,4850,13
Maharashtra,Amarawati,Dhamngaon-Railway,Soyabean,Yellow,FAQ,01/12/2023,4700,4875,4800,13
Maharashtra,Amarawati,Dhamngaon-Railway,Soyabean,Yellow,FAQ,23/12/2023,4400,4685,4500,13
Maharashtra,Amarawati,Dhamngaon-Railway,Soyabean,Yellow,FAQ,29/12/2023,4400,4680,4500,13
Maharashtra,Amarawati,Dhamngaon-Railway,Soyabean,Yellow,FAQ,30/12/2023,4400,4650,4500,13
Maharashtra,Amarawati,Morshi,Soyabean,Other,FAQ,12/01/2023,5200,5310,5255,13
Maharashtra,Amarawati,Morshi,Soyabean,Other,FAQ,31/01/2023,5000,5100,5050,13
Maharashtra,Amarawati,Morshi,Soyabean,Other,FAQ,13/02/2023,5000,5200,5100,13
Maharashtra,Amarawati,Morshi,Soyabean,Other,FAQ,14/02/2023,4900,5000,4950,13
Maharashtra,Amarawati,Morshi,Soyabean,Other,FAQ,09/03/2023,4800,5010,4905,13
Maharashtra,Amarawati,Morshi,Soyabean,Other,FAQ,10/04/2023,5000,5100,5050,13
Maharashtra,Amarawati,Morshi,Soyabean,Other,FAQ,17/04/2023,4800,5050,4925,13
Maharashtra,Amarawati,Morshi,Soyabean,Other,FAQ,19/06/2023,4700,5030,4865,13
Maharashtra,Amarawati,Morshi,Soyabean,Other,FAQ,07/08/2023,4600,4895,4747,13
Maharashtra,Amarawati,Morshi,Soyabean,Other,FAQ,14/08/2023,4500,4825,4662,13
Maharashtra,Amarawati,Morshi,Soyabean,Other,FAQ,31/08/2023,4630,4855,4742,13
Maharashtra,Amarawati,Morshi,Soyabean,Other,FAQ,18/09/2023,4600,4750,4675,13
Maharashtra,Amarawati,Morshi,Soyabean,Other,FAQ,25/09/2023,4600,4710,4655,13
Maharashtra,Amarawati,Morshi,Soyabean,Other,FAQ,16/10/2023,4000,4515,4257,13
Maharashtra,Amarawati,Morshi,Soyabean,Other,FAQ,23/10/2023,4500,4750,4625,13
Maharashtra,Amarawati,Morshi,Soyabean,Other,FAQ,26/10/2023,4300,4650,4475,13
Maharashtra,Amarawati,Morshi,Soyabean,Other,FAQ,30/10/2023,4500,4770,4635,13
Maharashtra,Amarawati,Morshi,Soyabean,Other,FAQ,02/11/2023,4500,4750,4625,13
Maharashtra,Amarawati,Morshi,Soyabean,Other,FAQ,17/11/2023,4920,5130,5025,13
Maharashtra,Amarawati,Morshi,Soyabean,Other,FAQ,21/12/2023,4600,4650,4625,13
Maharashtra,Amarawati,Nandgaon Khandeshwar,Soyabean,Yellow,FAQ,10/01/2023,5120,5280,5200,13
Maharashtra,Amarawati,Nandgaon Khandeshwar,Soyabean,Yellow,FAQ,19/01/2023,5130,5270,5200,13
Maharashtra,Amarawati,Nandgaon Khandeshwar,Soyabean,Yellow,FAQ,28/01/2023,5005,5165,5085,13
Maharashtra,Amarawati,Nandgaon Khandeshwar,Soyabean,Yellow,FAQ,31/01/2023,5045,5185,5115,13
Maharashtra,Amarawati,Nandgaon Khandeshwar,Soyabean,Yellow,FAQ,09/02/2023,4945,5195,5070,13
Maharashtra,Amarawati,Nandgaon Khandeshwar,Soyabean,Yellow,FAQ,16/02/2023,5080,5250,5165,13
Maharashtra,Amarawati,Nandgaon Khandeshwar,Soyabean,Yellow,FAQ,20/02/2023,4975,5235,5105,13
Maharashtra,Amarawati,Nandgaon Khandeshwar,Soyabean,Yellow,FAQ,01/06/2023,4550,4770,4660,13
Maharashtra,Amarawati,Nandgaon Khandeshwar,Soyabean,Yellow,FAQ,11/10/2023,4050,4350,4200,13
Maharashtra,Amarawati,Nandgaon Khandeshwar,Soyabean,Yellow,FAQ,12/10/2023,4070,4390,4230,13
Maharashtra,Amarawati,Nandgaon Khandeshwar,Soyabean,Yellow,FAQ,01/11/2023,4400,4725,4500,13
Maharashtra,Amarawati,Nandgaon Khandeshwar,Soyabean,Yellow,FAQ,08/11/2023,4470,4870,4700,13
Maharashtra,Amarawati,Nandgaon Khandeshwar,Soyabean,Yellow,FAQ,18/11/2023,4850,5110,4980,13
Maharashtra,Amarawati,Nandgaon Khandeshwar,Soyabean,Yellow,FAQ,08/12/2023,4670,4850,4760,13
Maharashtra,Amarawati,Nandgaon Khandeshwar,Soyabean,Yellow,FAQ,09/12/2023,4645,4855,4750,13
Maharashtra,Amarawati,Nandgaon Khandeshwar,Soyabean,Yellow,FAQ,14/12/2023,4550,4720,4635,13
Maharashtra,Amarawati,Nandgaon Khandeshwar,Soyabean,Yellow,FAQ,21/12/2023,4445,4635,4500,13
Maharashtra,Amarawati,Shetkari Khushi Bazar,Soyabean,Other,FAQ,30/06/2023,4700,5050,4912,13
Maharashtra,Amarawati,Shetkari Khushi Bazar,Soyabean,Other,FAQ,24/07/2023,4500,4950,4824,13
Maharashtra,Amarawati,Shetkari Khushi Bazar,Soyabean,Other,FAQ,09/08/2023,4750,5100,4955,13
Maharashtra,Amarawati,Shetkari Khushi Bazar,Soyabean,Other,FAQ,10/08/2023,4650,5000,4811,13
Maharashtra,Amarawati,Shetkari Khushi Bazar,Soyabean,Other,FAQ,21/09/2023,4800,5000,4850,13
Maharashtra,Amarawati,Shetkari Khushi Bazar,Soyabean,Other,FAQ,11/10/2023,2000,4551,4223,13
Maharashtra,Amarawati,Shetkari Khushi Bazar,Soyabean,Other,FAQ,03/11/2023,2000,5000,4687,13
Maharashtra,Amarawati,Shetkari Khushi Bazar,Soyabean,Other,FAQ,10/11/2023,2500,5150,4660,13
Maharashtra,Amarawati,Shetkari Khushi Bazar,Soyabean,Other,FAQ,30/11/2023,3500,5150,4912,13
Maharashtra,Amarawati,Varud(Rajura Bazar),Soyabean,Yellow,FAQ,04/05/2023,4800,4900,4874,13
Maharashtra,Amarawati,Varud(Rajura Bazar),Soyabean,Yellow,FAQ,22/06/2023,4800,5050,5014,13
Maharashtra,Amarawati,Varud(Rajura Bazar),Soyabean,Yellow,FAQ,06/07/2023,4690,4799,4793,13
Maharashtra,Amarawati,Varud(Rajura Bazar),Soyabean,Yellow,FAQ,13/07/2023,4400,4851,4697,13
Maharashtra,Amarawati,Varud(Rajura Bazar),Soyabean,Yellow,FAQ,20/07/2023,4500,4711,4663,13
Maharashtra,Amarawati,Varud(Rajura Bazar),Soyabean,Yellow,FAQ,10/08/2023,4399,4765,4711,13
Maharashtra,Amarawati,Varud(Rajura Bazar),Soyabean,Yellow,FAQ,21/12/2023,4299,4601,4529,13
Maharashtra,Amarawati,Varud(Rajura Bazar),Soyabean,Yellow,FAQ,28/12/2023,4390,4800,4719,13
Maharashtra,Amarawati,Achalpur,Soyabean,Other,FAQ,21/01/2023,5000,5400,5200,13
Maharashtra,Amarawati,Achalpur,Soyabean,Other,FAQ,10/02/2023,4800,5200,5000,13
Maharashtra,Amarawati,Achalpur,Soyabean,Other,FAQ,16/02/2023,4700,5300,5000,13
Maharashtra,Amarawati,Achalpur,Soyabean,Other,FAQ,16/03/2023,4700,5100,4900,13
Maharashtra,Amarawati,Achalpur,Soyabean,Other,FAQ,25/03/2023,4800,5000,4900,13
Maharashtra,Amarawati,Achalpur,Soyabean,Other,FAQ,28/03/2023,4800,5000,4900,13
Maharashtra,Amarawati,Achalpur,Soyabean,Other,FAQ,04/05/2023,4800,5050,4925,13
Maharashtra,Amarawati,Achalpur,Soyabean,Other,FAQ,06/05/2023,4900,5000,4950,13
Maharashtra,Amarawati,Achalpur,Soyabean,Other,FAQ,10/05/2023,4800,4900,4850,13
Maharashtra,Amarawati,Achalpur,Soyabean,Other,FAQ,11/05/2023,4800,5100,4950,13
Maharashtra,Amarawati,Achalpur,Soyabean,Other,FAQ,19/05/2023,5000,5100,5050,13
Maharashtra,Amarawati,Achalpur,Soyabean,Other,FAQ,01/06/2023,4500,4850,4675,13
Maharashtra,Amarawati,Achalpur,Soyabean,Other,FAQ,14/06/2023,4800,4900,4850,13
Maharashtra,Amarawati,Achalpur,Soyabean,Other,FAQ,22/06/2023,4700,5000,4850,13
Maharashtra,Amarawati,Achalpur,Soyabean,Other,FAQ,11/08/2023,4900,5000,4950,13
Maharashtra,Amarawati,Achalpur,Soyabean,Other,FAQ,12/09/2023,4800,4850,4825,13
Maharashtra,Amarawati,Achalpur,Soyabean,Other,FAQ,11/10/2023,4200,4350,4275,13
Maharashtra,Amarawati,Achalpur,Soyabean,Other,FAQ,18/10/2023,4300,4400,4350,13
Maharashtra,Amarawati,Achalpur,Soyabean,Other,FAQ,27/10/2023,4500,4700,4600,13
Maharashtra,Amarawati,Achalpur,Soyabean,Other,FAQ,02/11/2023,4350,4836,4593,13
Maharashtra,Amarawati,Achalpur,Soyabean,Other,FAQ,11/12/2023,4600,4750,4675,13
Maharashtra,Amarawati,Achalpur,Soyabean,Other,FAQ,18/12/2023,4650,4750,4700,13
Maharashtra,Amarawati,Achalpur,Soyabean,Other,FAQ,28/12/2023,4400,4750,4575,13
Maharashtra,Amarawati,Amarawati,Soyabean,Other,FAQ,04/01/2023,5100,5427,5263,13
Maharashtra,Amarawati,Amarawati,Soyabean,Other,FAQ,20/01/2023,4900,5171,5035,13
Maharashtra,Amarawati,Amarawati,Soyabean,Other,FAQ,24/01/2023,4800,5097,4948,13
Maharashtra,Amarawati,Amarawati,Soyabean,Other,FAQ,25/01/2023,4800,5050,4925,13
Maharashtra,Amarawati,Amarawati,Soyabean,Other,FAQ,04/02/2023,4900,5087,4993,13
Maharashtra,Amarawati,Amarawati,Soyabean,Other,FAQ,06/02/2023,4850,5098,4974,13
Maharashtra,Amarawati,Amarawati,Soyabean,Other,FAQ,07/02/2023,4950,5051,5000,13
Maharashtra,Amarawati,Amarawati,Soyabean,Other,FAQ,10/02/2023,4900,5144,5022,13
Maharashtra,Amarawati,Amarawati,Soyabean,Other,FAQ,23/02/2023,5000,5261,5130,13
Maharashtra,Amarawati,Amarawati,Soyabean,Other,FAQ,27/02/2023,4800,5100,4950,13
Maharashtra,Amarawati,Amarawati,Soyabean,Other,FAQ,03/03/2023,5000,5199,5099,13
Maharashtra,Amarawati,Amarawati,Soyabean,Other,FAQ,10/03/2023,4850,5050,4950,13
Maharashtra,Amarawati,Amarawati,Soyabean,Other,FAQ,23/03/2023,4750,5066,4908,13
Maharashtra,Amarawati,Amarawati,Soyabean,Other,FAQ,25/03/2023,4800,5050,4925,13
Maharashtra,Amarawati,Amarawati,Soyabean,Other,FAQ,05/04/2023,5100,5234,5167,13
Maharashtra,Amarawati,Amarawati,Soyabean,Other,FAQ,08/04/2023,5000,5210,5105,13
Maharashtra,Amarawati,Amarawati,Soyabean,Other,FAQ,11/04/2023,5000,5181,5040,13
Maharashtra,Amarawati,Amarawati,Soyabean,Other,FAQ,13/04/2023,4850,5083,4966,13
Maharashtra,Amarawati,Amarawati,Soyabean,Other,FAQ,20/04/2023,4750,5010,4880,13
Maharashtra,Amarawati,Amarawati,Soyabean,Other,FAQ,02/05/2023,4800,4964,4882,13
Maharashtra,Amarawati,Amarawati,Soyabean,Other,FAQ,09/05/2023,4850,5076,4963,13
Maharashtra,Amarawati,Amarawati,Soyabean,Other,FAQ,10/05/2023,4750,4951,4850,13
Maharashtra,Amarawati,Amarawati,Soyabean,Other,FAQ,13/05/2023,4700,4981,4840,13
Maharashtra,Amarawati,Amarawati,Soyabean,Other,FAQ,16/05/2023,4700,4972,4836,13
Maharashtra,Amarawati,Amarawati,Soyabean,Other,FAQ,19/05/2023,4750,4882,4816,13
Maharashtra,Amarawati,Amarawati,Soyabean,Other,FAQ,20/05/2023,4750,4887,4818,13
Maharashtra,Amarawati,Amarawati,Soyabean,Other,FAQ,29/05/2023,4750,4881,4815,13
Maharashtra,Amarawati,Amarawati,Soyabean,Other,FAQ,05/06/2023,4700,4800,4750,13
Maharashtra,Amarawati,Amarawati,Soyabean,Other,FAQ,07/06/2023,4700,4835,4767,13
Maharashtra,Amarawati,Amarawati,Soyabean,Other,FAQ,13/06/2023,4700,4881,4790,13
Maharashtra,Amarawati,Amarawati,Soyabean,Other,FAQ,15/06/2023,4750,4925,4837,13
Maharashtra,Amarawati,Amarawati,Soyabean,Other,FAQ,23/06/2023,4700,4970,4835,13
Maharashtra,Amarawati,Amarawati,Soyabean,Other,FAQ,24/06/2023,4750,4900,4825,13
Maharashtra,Amarawati,Amarawati,Soyabean,Other,FAQ,06/07/2023,4750,4987,4868,13
Maharashtra,Amarawati,Amarawati,Soyabean,Other,FAQ,12/07/2023,4750,4888,4819,13
Maharashtra,Amarawati,Amarawati,Soyabean,Other,FAQ,14/07/2023,4700,4835,4767,13
Maharashtra,Amarawati,Amarawati,Soyabean,Other,FAQ,05/08/2023,4700,4850,4775,13
Maharashtra,Amarawati,Amarawati,Soyabean,Other,FAQ,10/08/2023,4700,4831,4765,13
Maharashtra,Amarawati,Amarawati,Soyabean,Other,FAQ,08/09/2023,4700,4851,4775,13
Maharashtra,Amarawati,Amarawati,Soyabean,Other,FAQ,11/09/2023,4751,4815,4783,13
Maharashtra,Amarawati,Amarawati,Soyabean,Other,FAQ,25/09/2023,4650,4737,4693,13
Maharashtra,Amarawati,Amarawati,Soyabean,Other,FAQ,27/09/2023,4650,4731,4690,13
Maharashtra,Amarawati,Amarawati,Soyabean,Other,FAQ,23/10/2023,4450,4677,4563,13
Maharashtra,Amarawati,Amarawati,Soyabean,Other,FAQ,25/10/2023,4350,4521,4435,13
Maharashtra,Amarawati,Amarawati,Soyabean,Other,FAQ,30/10/2023,4650,4750,4700,13
Maharashtra,Amarawati,Amarawati,Soyabean,Other,FAQ,17/11/2023,5000,5181,5090,13
Maharashtra,Amarawati,Amarawati,Soyabean,Other,FAQ,20/11/2023,5000,5085,5042,13
Maharashtra,Amarawati,Amarawati,Soyabean,Other,FAQ,24/11/2023,4950,5078,5014,13
Maharashtra,Amarawati,Amarawati,Soyabean,Other,FAQ,25/11/2023,4900,5000,4950,13
Maharashtra,Amarawati,Amarawati,Soyabean,Other,FAQ,30/11/2023,4850,4992,4921,13
Maharashtra,Amarawati,Amarawati,Soyabean,Other,FAQ,04/12/2023,4700,4771,4735,13
Maharashtra,Amarawati,Amarawati,Soyabean,Other,FAQ,12/12/2023,4750,4861,4805,13
Maharashtra,Amarawati,Amarawati,Soyabean,Other,FAQ,18/12/2023,4650,4705,4677,13
Maharashtra,Amarawati,Amarawati,Soyabean,Other,FAQ,30/12/2023,4550,4679,4614,13
Maharashtra,Amarawati,Anajngaon,Soyabean,Yellow,FAQ,06/01/2023,5000,5300,5100,13
Maharashtra,Amarawati,Anajngaon,Soyabean,Yellow,FAQ,18/01/2023,5000,5300,5100,13
Maharashtra,Amarawati,Anajngaon,Soyabean,Yellow,FAQ,15/02/2023,5000,5200,5130,13
Maharashtra,Amarawati,Anajngaon,Soyabean,Yellow,FAQ,17/02/2023,5000,5250,5100,13
Maharashtra,Amarawati,Anajngaon,Soyabean,Yellow,FAQ,26/02/2023,4900,5100,5000,13
Maharashtra,Amarawati,Anajngaon,Soyabean,Yellow,FAQ,05/03/2023,4800,5100,4900,13
Maharashtra,Amarawati,Anajngaon,Soyabean,Yellow,FAQ,19/03/2023,4900,5100,5000,13
Maharashtra,Amarawati,Anajngaon,Soyabean,Yellow,FAQ,29/03/2023,4800,5000,4900,13
Maharashtra,Amarawati,Anajngaon,Soyabean,Yellow,FAQ,03/05/2023,4700,4900,4800,13
Maharashtra,Amarawati,Anajngaon,Soyabean,Yellow,FAQ,12/05/2023,4600,4751,4700,13
Maharashtra,Amarawati,Anajngaon,Soyabean,Yellow,FAQ,17/05/2023,4500,4751,4600,13
Maharashtra,Amarawati,Anajngaon,Soyabean,Yellow,FAQ,21/05/2023,4400,4730,4550,13
Maharashtra,Amarawati,Anajngaon,Soyabean,Yellow,FAQ,31/05/2023,4600,4800,4700,13
Maharashtra,Amarawati,Anajngaon,Soyabean,Yellow,FAQ,14/06/2023,4500,4870,4650,13
Maharashtra,Amarawati,Anajngaon,Soyabean,Yellow,FAQ,16/06/2023,4400,4880,4650,13
Maharashtra,Amarawati,Anajngaon,Soyabean,Yellow,FAQ,14/07/2023,4000,4850,4500,13
Maharashtra,Amarawati,Anajngaon,Soyabean,Yellow,FAQ,19/07/2023,4000,4750,4600,13
Maharashtra,Amarawati,Anajngaon,Soyabean,Yellow,FAQ,23/07/2023,4000,4800,4400,13
Maharashtra,Amarawati,Anajngaon,Soyabean,Yellow,FAQ,02/08/2023,4000,4750,4600,13
Maharashtra,Amarawati,Anajngaon,Soyabean,Yellow,FAQ,11/08/2023,4600,4791,4700,13
Maharashtra,Amarawati,Anajngaon,Soyabean,Yellow,FAQ,18/08/2023,4400,4800,4600,13
Maharashtra,Amarawati,Anajngaon,Soyabean,Yellow,FAQ,20/08/2023,4200,4800,4500,13
Maharashtra,Amarawati,Anajngaon,Soyabean,Yellow,FAQ,25/08/2023,4000,4700,4400,13
Maharashtra,Amarawati,Anajngaon,Soyabean,Yellow,FAQ,13/09/2023,4000,4750,4600,13
Maharashtra,Amarawati,Anajngaon,Soyabean,Yellow,FAQ,18/10/2023,3900,4500,4300,13
Maharashtra,Amarawati,Anajngaon,Soyabean,Yellow,FAQ,03/11/2023,4000,4820,4450,13
Maharashtra,Amarawati,Anajngaon,Soyabean,Yellow,FAQ,08/12/2023,4500,4800,4700,13
Maharashtra,Amarawati,Anajngaon,Soyabean,Yellow,FAQ,15/12/2023,4300,4740,4600,13
Maharashtra,Amarawati,Anajngaon,Soyabean,Yellow,FAQ,17/12/2023,4400,4725,4600,13
Maharashtra,Amarawati,Anajngaon,Soyabean,Yellow,FAQ,27/12/2023,4200,4655,4500,13
Maharashtra,Amarawati,Chandur Bazar,Soyabean,Other,FAQ,03/10/2023,4300,4300,4300,13
Maharashtra,Amarawati,Chandur Bazar,Soyabean,Yellow,FAQ,11/01/2023,5000,5370,5230,13
Maharashtra,Amarawati,Chandur Bazar,Soyabean,Yellow,FAQ,31/01/2023,4500,5200,4850,13
Maharashtra,Amarawati,Chandur Bazar,Soyabean,Yellow,FAQ,14/02/2023,4500,4705,4600,13
Maharashtra,Amarawati,Chandur Bazar,Soyabean,Yellow,FAQ,17/02/2023,4600,5240,4870,13
Maharashtra,Amarawati,Chandur Bazar,Soyabean,Yellow,FAQ,28/02/2023,4500,5075,4645,13
Maharashtra,Amarawati,Achalpur,Soyabean,Other,FAQ,03/09/2024,4000,4500,4250,13
Maharashtra,Amarawati,Achalpur,Soyabean,Other,FAQ,24/09/2024,4300,4600,4450,13
Maharashtra,Amarawati,Amarawati,Soyabean,Other,FAQ,06/09/2024,4400,4491,4445,13
Maharashtra,Amarawati,Amarawati,Soyabean,Other,FAQ,12/09/2024,4400,4499,4449,13
Maharashtra,Amarawati,Amarawati,Soyabean,Other,FAQ,13/09/2024,4450,4550,4500,13
Maharashtra,Amarawati,Amarawati,Soyabean,Other,FAQ,19/09/2024,4550,4651,4600,13
Maharashtra,Amarawati,Amarawati,Soyabean,Other,FAQ,24/09/2024,4450,4540,4495,13
Maharashtra,Amarawati,Amarawati,Soyabean,Other,FAQ,28/09/2024,4500,4575,4537,13
Maharashtra,Amarawati,Chandur Bazar,Soyabean,Other,FAQ,19/09/2024,5011,5301,5140,13
Maharashtra,Amarawati,Chandur Bazar,Soyabean,Other,FAQ,26/09/2024,3800,4200,4111,13
Maharashtra,Amarawati,Chandur Railway,Soyabean,Yellow,FAQ,12/09/2024,4375,4475,4450,13
Maharashtra,Amarawati,Chandur Railway,Soyabean,Yellow,FAQ,20/09/2024,4475,4655,4600,13
Maharashtra,Amarawati,Morshi,Soyabean,Other,FAQ,16/09/2024,4200,4575,4387,13
Maharashtra,Amarawati,Morshi,Soyabean,Other,FAQ,19/09/2024,4100,4400,4250,13
Maharashtra,Amarawati,Morshi,Soyabean,Other,FAQ,23/09/2024,4200,4465,4332,13
Maharashtra,Amarawati,Nandgaon Khandeshwar,Soyabean,Yellow,FAQ,18/09/2024,4225,4545,4385,13
Maharashtra,Amarawati,Nandgaon Khandeshwar,Soyabean,Yellow,FAQ,26/09/2024,4250,4450,4350,13
Maharashtra,Amarawati,Nandgaon Khandeshwar,Soyabean,Yellow,FAQ,27/09/2024,4250,4530,4390,13
Maharashtra,Amarawati,Nandgaon Khandeshwar,Soyabean,Yellow,FAQ,30/09/2024,4225,4565,4395,13
Maharashtra,Amarawati,Shetkari Khushi Bazar,Soyabean,Other,FAQ,12/09/2024,4450,4550,4485,13
Maharashtra,Amarawati,Shetkari Khushi Bazar,Soyabean,Other,FAQ,13/09/2024,3000,4700,4555,13
Maharashtra,Amarawati,Shetkari Khushi Bazar,Soyabean,Other,FAQ,27/09/2024,2500,4700,4536,13
Maharashtra,Amarawati,Varud(Rajura Bazar),Soyabean,Yellow,FAQ,26/09/2024,4399,4399,4399,13
Maharashtra,Amarawati,Achalpur,Soyabean,Other,FAQ,16/01/2025,3600,4150,3875,13
Maharashtra,Amarawati,Amarawati,Soyabean,Other,FAQ,02/01/2025,3850,3953,3901,13
Maharashtra,Amarawati,Amarawati,Soyabean,Other,FAQ,14/01/2025,3950,4170,4060,13
Maharashtra,Amarawati,Amarawati,Soyabean,Other,FAQ,18/01/2025,3850,4002,3926,13
Maharashtra,Amarawati,Amarawati,Soyabean,Other,FAQ,25/01/2025,3800,4005,3902,13
Maharashtra,Amarawati,Amarawati,Soyabean,Other,Local,31/01/2025,3850,4001,3925,13
Maharashtra,Amarawati,Chandur Bazar,Soyabean,Yellow,FAQ,09/01/2025,3500,4300,3980,13
Maharashtra,Amarawati,Chandur Bazar,Soyabean,Yellow,FAQ,10/01/2025,3500,4290,3970,13
Maharashtra,Amarawati,Chandur Bazar,Soyabean,Yellow,FAQ,15/01/2025,3520,4250,3910,13
Maharashtra,Amarawati,Chandur Bazar,Soyabean,Yellow,FAQ,16/01/2025,3600,4280,4120,13
Maharashtra,Amarawati,Chandur Bazar,Soyabean,Yellow,FAQ,23/01/2025,3400,4200,4020,13
Maharashtra,Amarawati,Chandur Bazar,Soyabean,Yellow,Non-FAQ,29/01/2025,3400,4200,3870,13
Maharashtra,Amarawati,Chandur Railway,Soyabean,Yellow,FAQ,06/01/2025,3400,4105,3900,13
Maharashtra,Amarawati,Chandur Railway,Soyabean,Yellow,FAQ,14/01/2025,3675,4265,3950,13
Maharashtra,Amarawati,Chandur Railway,Soyabean,Yellow,FAQ,17/01/2025,3500,4250,3950,13
Maharashtra,Amarawati,Chandur Railway,Soyabean,Yellow,FAQ,18/01/2025,3550,4255,4000,13
Maharashtra,Amarawati,Chandur Railway,Soyabean,Yellow,FAQ,20/01/2025,3600,4180,3900,13
Maharashtra,Amarawati,Daryapur,Soyabean,Yellow,FAQ,17/01/2025,3200,4275,3900,13
Maharashtra,Amarawati,Daryapur,Soyabean,Yellow,FAQ,21/01/2025,3500,4400,4000,13
Maharashtra,Amarawati,Daryapur,Soyabean,Yellow,Non-FAQ,25/01/2025,3200,4275,3900,13
Maharashtra,Amarawati,Dhamngaon-Railway,Soyabean,Yellow,FAQ,04/01/2025,3700,4200,3800,13
Maharashtra,Amarawati,Dhamngaon-Railway,Soyabean,Yellow,FAQ,14/01/2025,3600,4190,4000,13
Maharashtra,Amarawati,Dhamngaon-Railway,Soyabean,Yellow,FAQ,15/01/2025,3600,4145,4000,13
Maharashtra,Amarawati,Dhamngaon-Railway,Soyabean,Yellow,FAQ,16/01/2025,3600,4145,3970,13
Maharashtra,Amarawati,Dhamngaon-Railway,Soyabean,Yellow,FAQ,18/01/2025,3600,4280,3900,13
Maharashtra,Amarawati,Dhamngaon-Railway,Soyabean,Yellow,FAQ,23/01/2025,3600,4110,3900,13
Maharashtra,Amarawati,Morshi,Soyabean,Other,FAQ,06/01/2025,3800,4100,3950,13
Maharashtra,Amarawati,Morshi,Soyabean,Other,FAQ,20/01/2025,3500,4000,3750,13
Maharashtra,Amarawati,Morshi,Soyabean,Other,Local,27/01/2025,3700,3950,3825,13
Maharashtra,Amarawati,Morshi,Soyabean,Other,Local,30/01/2025,3600,3800,3700,13
Maharashtra,Amarawati,Shetkari Khushi Bazar,Soyabean,Other,FAQ,02/01/2025,3700,4100,3886,13
Maharashtra,Amarawati,Shetkari Khushi Bazar,Soyabean,Other,FAQ,17/01/2025,1500,4100,3905,13
Maharashtra,Amarawati,Shetkari Khushi Bazar,Soyabean,Other,FAQ,20/01/2025,1800,4100,3877,13
Maharashtra,Amarawati,Shetkari Khushi Bazar,Soyabean,Other,FAQ,28/01/2025,3600,4100,3931,13
Maharashtra,Amarawati,Shetkari Khushi Bazar,Soyabean,Other,FAQ,29/01/2025,3000,4100,3807,13
Maharashtra,Amarawati,Shetkari Khushi Bazar,Soyabean,Other,FAQ,31/01/2025,3200,4100,3832,13
Maharashtra,Amarawati,Varud,Soyabean,Yellow,FAQ,01/01/2025,3100,4195,3713,13
Maharashtra,Amarawati,Varud,Soyabean,Yellow,FAQ,26/01/2025,1150,4020,3725,13
Maharashtra,Amarawati,Varud(Rajura Bazar),Soyabean,Yellow,FAQ,10/01/2025,3500,4290,4009,13
Maharashtra,Amarawati,Chandur Railway,Soyabean,Yellow,FAQ,21/10/2024,3600,4945,4000,13
Maharashtra,Amarawati,Amarawati,Soyabean,Other,FAQ,22/10/2024,4100,4300,4200,13
Maharashtra,Amarawati,Amarawati,Soyabean,Other,FAQ,21/10/2024,4100,4200,4150,13
Maharashtra,Amarawati,Daryapur,Soyabean,Yellow,FAQ,04/10/2024,3400,4585,4400,13
Maharashtra,Amarawati,Dhamngaon-Railway,Soyabean,Yellow,FAQ,23/10/2024,3500,4500,4200,13
Maharashtra,Amarawati,Shetkari Khushi Bazar,Soyabean,Other,FAQ,16/10/2024,2500,4550,4075,13
Maharashtra,Amarawati,Amarawati,Soyabean,Other,FAQ,19/10/2024,3970,4225,4097,13
Maharashtra,Amarawati,Amarawati,Soyabean,Other,FAQ,09/10/2024,4250,4420,4335,13
Maharashtra,Amarawati,Shetkari Khushi Bazar,Soyabean,Other,FAQ,15/10/2024,2000,4600,4077,13
Maharashtra,Amarawati,Nandgaon Khandeshwar,Soyabean,Yellow,FAQ,10/10/2024,3845,4475,4160,13
Maharashtra,Amarawati,Amarawati,Soyabean,Other,FAQ,01/10/2024,4350,4450,4400,13
Maharashtra,Amarawati,Chandur Bazar,Soyabean,Yellow,FAQ,04/10/2024,4000,4400,4220,13
Maharashtra,Amarawati,Achalpur,Soyabean,Other,FAQ,17/10/2024,3500,4303,3902,13
Maharashtra,Amarawati,Shetkari Khushi Bazar,Soyabean,Other,FAQ,24/10/2024,3000,4550,4070,13
Maharashtra,Amarawati,Nandgaon Khandeshwar,Soyabean,Yellow,FAQ,01/10/2024,4250,4500,4375,13
Maharashtra,Amarawati,Amarawati,Soyabean,Other,Local,08/02/2025,3850,4036,3943,13
Maharashtra,Amarawati,Amarawati,Soyabean,Other,Local,18/02/2025,3800,4021,3910,13
Maharashtra,Amarawati,Amarawati,Soyabean,Other,Local,24/02/2025,3750,3951,3850,13
Maharashtra,Amarawati,Amarawati,Soyabean,Other,Local,27/02/2025,3750,3956,3853,13
Maharashtra,Amarawati,Chandur Bazar,Soyabean,Yellow,Non-FAQ,21/02/2025,3600,3900,3810,13
Maharashtra,Amarawati,Chandur Railway,Soyabean,Yellow,Non-FAQ,21/02/2025,3500,4170,3920,13
Maharashtra,Amarawati,Achalpur,Soyabean,Other,Local,07/02/2025,3650,4150,3900,13
Maharashtra,Amarawati,Amarawati,Soyabean,Other,Local,07/02/2025,3850,4082,3966,13
Maharashtra,Amarawati,Amarawati,Soyabean,Other,Local,17/02/2025,3800,4013,3906,13
Maharashtra,Amarawati,Chandur Bazar,Soyabean,Yellow,Non-FAQ,13/02/2025,3500,4000,3750,13
Maharashtra,Amarawati,Chandur Railway,Soyabean,Yellow,Non-FAQ,15/02/2025,3500,4110,3950,13
Maharashtra,Amarawati,Daryapur,Soyabean,Yellow,Non-FAQ,21/02/2025,3000,4040,3800,13
Maharashtra,Amarawati,Dhamngaon-Railway,Soyabean,Yellow,Non-FAQ,04/02/2025,3500,4130,3900,13
Maharashtra,Amarawati,Shetkari Khushi Bazar,Soyabean,Other,FAQ,12/02/2025,3550,4050,3866,13
Maharashtra,Amarawati,Chandur Bazar,Soyabean,Yellow,FAQ,23/10/2024,3000,4500,4000,13
Maharashtra,Amarawati,Nandgaon Khandeshwar,Soyabean,Yellow,FAQ,26/10/2024,3850,4500,4175,13
Maharashtra,Amarawati,Chandur Bazar,Soyabean,Yellow,FAQ,22/10/2024,3250,4250,4000,13
Maharashtra,Amarawati,Amarawati,Soyabean,Other,FAQ,14/10/2024,4200,4436,4318,13
Maharashtra,Amarawati,Anajngaon,Soyabean,Yellow,FAQ,18/10/2024,3400,4380,3900,13
Maharashtra,Amarawati,Nandgaon Khandeshwar,Soyabean,Yellow,FAQ,25/10/2024,3900,4500,4200,13
Maharashtra,Amarawati,Daryapur,Soyabean,Yellow,FAQ,18/10/2024,3300,4500,4200,13
Maharashtra,Amarawati,Dhamngaon-Railway,Soyabean,Yellow,FAQ,16/10/2024,3500,4525,4150,13
Maharashtra,Amarawati,Amarawati,Soyabean,Other,FAQ,23/10/2024,4100,4200,4150,13
Maharashtra,Amarawati,Chandur Bazar,Soyabean,Other,FAQ,03/10/2024,3800,4360,4150,13
Maharashtra,Amarawati,Dhamngaon-Railway,Soyabean,Yellow,FAQ,21/10/2024,3500,4395,4000,13
Maharashtra,Amarawati,Amarawati,Soyabean,Other,FAQ,18/10/2024,4100,4225,4162,13
Maharashtra,Amarawati,Achalpur,Soyabean,Other,FAQ,01/08/2024,4100,4250,4175,13
Maharashtra,Amarawati,Achalpur,Soyabean,Other,FAQ,30/08/2024,4000,4350,4175,13
Maharashtra,Amarawati,Amarawati,Soyabean,Other,FAQ,02/08/2024,4100,4199,4149,13
Maharashtra,Amarawati,Amarawati,Soyabean,Other,FAQ,03/08/2024,4150,4251,4201,13
Maharashtra,Amarawati,Amarawati,Soyabean,Other,FAQ,07/08/2024,4050,4161,4105,13
Maharashtra,Amarawati,Amarawati,Soyabean,Other,FAQ,13/08/2024,4100,4190,4145,13
Maharashtra,Amarawati,Amarawati,Soyabean,Other,FAQ,17/08/2024,4050,4153,4101,13
Maharashtra,Amarawati,Amarawati,Soyabean,Other,FAQ,22/08/2024,4050,4150,4100,13
Maharashtra,Amarawati,Chandur Bazar,Soyabean,Yellow,FAQ,14/08/2024,4000,4150,4050,13
Maharashtra,Amarawati,Chandur Bazar,Soyabean,Yellow,FAQ,22/08/2024,4000,4100,4080,13
Maharashtra,Amarawati,Chandur Railway,Soyabean,Yellow,FAQ,03/08/2024,4200,4200,4200,13
Maharashtra,Amarawati,Daryapur,Soyabean,Yellow,FAQ,06/08/2024,3400,4250,4150,13
Maharashtra,Amarawati,Daryapur,Soyabean,Yellow,FAQ,07/08/2024,3500,4250,4150,13
Maharashtra,Amarawati,Daryapur,Soyabean,Yellow,FAQ,21/08/2024,3600,4200,4100,13
Maharashtra,Amarawati,Daryapur,Soyabean,Yellow,FAQ,23/08/2024,3300,4215,4125,13
Maharashtra,Amarawati,Nandgaon Khandeshwar,Soyabean,Yellow,FAQ,26/08/2024,4120,4270,4195,13
Maharashtra,Amarawati,Nandgaon Khandeshwar,Soyabean,Yellow,FAQ,31/08/2024,4175,4465,4320,13
Maharashtra,Amarawati,Shetkari Khushi Bazar,Soyabean,Other,FAQ,02/08/2024,3900,4250,4156,13
Maharashtra,Amarawati,Shetkari Khushi Bazar,Soyabean,Other,FAQ,12/08/2024,4050,4275,4198,13
Maharashtra,Amarawati,Shetkari Khushi Bazar,Soyabean,Other,FAQ,23/08/2024,3500,4230,4091,13
Maharashtra,Amarawati,Shetkari Khushi Bazar,Soyabean,Other,FAQ,30/08/2024,3800,4500,4322,13
Maharashtra,Amarawati,Achalpur,Soyabean,Other,FAQ,17/12/2024,3600,4100,3850,13
Maharashtra,Amarawati,Amarawati,Soyabean,Other,FAQ,02/12/2024,3950,4155,4052,13
Maharashtra,Amarawati,Amarawati,Soyabean,Other,FAQ,05/12/2024,4000,4139,4069,13
Maharashtra,Amarawati,Anajngaon,Soyabean,Yellow,FAQ,06/12/2024,3500,4105,3800,13
Maharashtra,Amarawati,Chandur Bazar,Soyabean,Yellow,FAQ,03/12/2024,2650,4100,3980,13
Maharashtra,Amarawati,Chandur Bazar,Soyabean,Yellow,FAQ,11/12/2024,3000,4050,3900,13
Maharashtra,Amarawati,Chandur Bazar,Soyabean,Yellow,FAQ,12/12/2024,3000,4050,3660,13
Maharashtra,Amarawati,Chandur Bazar,Soyabean,Yellow,FAQ,16/12/2024,3000,4280,4070,13
Maharashtra,Amarawati,Chandur Bazar,Soyabean,Yellow,FAQ,27/12/2024,3300,4270,4100,13
Maharashtra,Amarawati,Chandur Bazar,Soyabean,Yellow,FAQ,30/12/2024,3300,4260,3930,13
Maharashtra,Amarawati,Chandur Railway,Soyabean,Yellow,FAQ,07/12/2024,3600,4175,3850,13
Maharashtra,Amarawati,Chandur Railway,Soyabean,Yellow,FAQ,27/12/2024,3600,4300,4000,13
Maharashtra,Amarawati,Daryapur,Soyabean,Yellow,FAQ,03/12/2024,3500,4500,4100,13
Maharashtra,Amarawati,Daryapur,Soyabean,Yellow,FAQ,07/12/2024,3300,4260,3950,13
Maharashtra,Amarawati,Daryapur,Soyabean,Yellow,FAQ,17/12/2024,3000,4200,3900,13
Maharashtra,Amarawati,Daryapur,Soyabean,Yellow,FAQ,21/12/2024,3000,4250,3900,13
Maharashtra,Amarawati,Dhamngaon-Railway,Soyabean,Yellow,FAQ,06/12/2024,3500,4235,4100,13
Maharashtra,Amarawati,Dhamngaon-Railway,Soyabean,Yellow,FAQ,09/12/2024,3500,4235,4000,13
Maharashtra,Amarawati,Dhamngaon-Railway,Soyabean,Yellow,FAQ,14/12/2024,3500,4135,3900,13
Maharashtra,Amarawati,Dhamngaon-Railway,Soyabean,Yellow,FAQ,16/12/2024,3500,4325,4100,13
Maharashtra,Amarawati,Dhamngaon-Railway,Soyabean,Yellow,FAQ,20/12/2024,3500,4165,3900,13
Maharashtra,Amarawati,Dhamngaon-Railway,Soyabean,Yellow,FAQ,21/12/2024,3500,4150,3900,13
Maharashtra,Amarawati,Dhamngaon-Railway,Soyabean,Yellow,FAQ,31/12/2024,3500,4165,4000,13
Maharashtra,Amarawati,Morshi,Soyabean,Other,FAQ,02/12/2024,3500,4150,3825,13
Maharashtra,Amarawati,Morshi,Soyabean,Other,FAQ,12/12/2024,3800,4055,3927,13
Maharashtra,Amarawati,Nandgaon Khandeshwar,Soyabean,Yellow,FAQ,07/12/2024,3750,4050,3900,13
Maharashtra,Amarawati,Nandgaon Khandeshwar,Soyabean,Yellow,FAQ,11/12/2024,3770,4120,3945,13
Maharashtra,Amarawati,Nandgaon Khandeshwar,Soyabean,Yellow,FAQ,14/12/2024,3850,4200,4025,13
Maharashtra,Amarawati,Nandgaon Khandeshwar,Soyabean,Yellow,FAQ,28/12/2024,3700,4240,3970,13
Maharashtra,Amarawati,Nandgaon Khandeshwar,Soyabean,Yellow,FAQ,31/12/2024,3700,4130,3915,13
Maharashtra,Amarawati,Shetkari Khushi Bazar,Soyabean,Other,FAQ,03/12/2024,2800,4200,4015,13
Maharashtra,Amarawati,Shetkari Khushi Bazar,Soyabean,Other,FAQ,06/12/2024,3100,4100,3943,13
Maharashtra,Amarawati,Shetkari Khushi Bazar,Soyabean,Other,FAQ,16/12/2024,2000,4150,3891,13
Maharashtra,Amarawati,Shetkari Khushi Bazar,Soyabean,Other,FAQ,20/12/2024,1200,4050,3898,13
Maharashtra,Amarawati,Shetkari Khushi Bazar,Soyabean,Other,FAQ,23/12/2024,2500,4100,3899,13
Maharashtra,Amarawati,Shetkari Khushi Bazar,Soyabean,Other,FAQ,24/12/2024,2500,4070,3904,13
Maharashtra,Amarawati,Shetkari Khushi Bazar,Soyabean,Other,FAQ,27/12/2024,1000,4200,3941,13
Maharashtra,Amarawati,Varud,Soyabean,Yellow,FAQ,04/12/2024,3100,4200,3798,13
Maharashtra,Amarawati,Varud,Soyabean,Yellow,FAQ,11/12/2024,3000,3975,3793,13
Maharashtra,Amarawati,Varud(Rajura Bazar),Soyabean,Yellow,FAQ,06/12/2024,2499,4190,3668,13
Maharashtra,Amarawati,Achalpur,Soyabean,Other,FAQ,12/11/2024,3300,4200,3750,13
Maharashtra,Amarawati,Amarawati,Soyabean,Other,FAQ,06/11/2024,3750,4000,3875,13
Maharashtra,Amarawati,Amarawati,Soyabean,Other,FAQ,16/11/2024,4000,4300,4150,13
Maharashtra,Amarawati,Chandur Bazar,Soyabean,Yellow,FAQ,06/11/2024,3400,4300,4040,13
Maharashtra,Amarawati,Chandur Bazar,Soyabean,Yellow,FAQ,14/11/2024,3140,4000,3750,13
Maharashtra,Amarawati,Chandur Bazar,Soyabean,Yellow,FAQ,22/11/2024,3200,4270,4030,13
Maharashtra,Amarawati,Chandur Bazar,Soyabean,Yellow,FAQ,26/11/2024,3200,4350,4010,13
Maharashtra,Amarawati,Chandur Bazar,Soyabean,Yellow,FAQ,29/11/2024,3200,4250,4010,13
Maharashtra,Amarawati,Chandur Railway,Soyabean,Yellow,FAQ,05/11/2024,3400,4245,4000,13
Maharashtra,Amarawati,Chandur Railway,Soyabean,Yellow,FAQ,09/11/2024,3500,4200,4000,13
Maharashtra,Amarawati,Chandur Railway,Soyabean,Yellow,FAQ,22/11/2024,3500,4100,3900,13
Maharashtra,Amarawati,Daryapur,Soyabean,Yellow,FAQ,09/11/2024,3500,4840,4300,13
Maharashtra,Amarawati,Daryapur,Soyabean,Yellow,FAQ,16/11/2024,3400,4550,4250,13
Maharashtra,Amarawati,Daryapur,Soyabean,Yellow,FAQ,26/11/2024,3400,4625,4150,13
Maharashtra,Amarawati,Dhamngaon-Railway,Soyabean,Yellow,FAQ,16/11/2024,2500,4475,4100,13
Maharashtra,Amarawati,Dharni,Soyabean,Yellow,FAQ,02/11/2024,3600,3700,3650,13
Maharashtra,Amarawati,Morshi,Soyabean,Other,FAQ,29/11/2024,3500,4290,3895,13
Maharashtra,Amarawati,Nandgaon Khandeshwar,Soyabean,Yellow,FAQ,18/11/2024,3850,4340,4095,13
Maharashtra,Amarawati,Nandgaon Khandeshwar,Soyabean,Yellow,FAQ,27/11/2024,3500,4200,3850,13
Maharashtra,Amarawati,Shetkari Khushi Bazar,Soyabean,Other,FAQ,25/11/2024,2800,4300,4041,13
Maharashtra,Amarawati,Shetkari Khushi Bazar,Soyabean,Other,FAQ,27/11/2024,3900,4300,4076,13
Maharashtra,Amarawati,Varud,Soyabean,Yellow,FAQ,08/11/2024,2910,4211,3800,13
Maharashtra,Amarawati,Varud(Rajura Bazar),Soyabean,Yellow,FAQ,07/11/2024,1790,4225,3672,13
Maharashtra,Amarawati,Achalpur,Soyabean,Other,FAQ,08/02/2024,4200,4450,4325,13
Maharashtra,Amarawati,Achalpur,Soyabean,Other,FAQ,14/03/2024,4250,4390,4320,13
Maharashtra,Amarawati,Achalpur,Soyabean,Other,FAQ,15/04/2024,4400,4600,4500,13
Maharashtra,Amarawati,Amarawati,Soyabean,Other,FAQ,13/01/2024,4550,4651,4600,13
Maharashtra,Amarawati,Amarawati,Soyabean,Other,FAQ,24/01/2024,4400,4500,4450,13
Maharashtra,Amarawati,Amarawati,Soyabean,Other,FAQ,10/02/2024,4300,4430,4365,13
Maharashtra,Amarawati,Amarawati,Soyabean,Other,FAQ,05/03/2024,4150,4336,4243,13
Maharashtra,Amarawati,Amarawati,Soyabean,Other,FAQ,18/03/2024,4150,4399,4274,13
Maharashtra,Amarawati,Amarawati,Soyabean,Other,FAQ,03/04/2024,4300,4419,4359,13
Maharashtra,Amarawati,Amarawati,Soyabean,Other,FAQ,08/04/2024,4500,4611,4555,13
Maharashtra,Amarawati,Anajngaon,Soyabean,Yellow,FAQ,23/02/2024,4000,4350,4200,13
Maharashtra,Amarawati,Anajngaon,Soyabean,Yellow,FAQ,22/03/2024,3800,4300,4100,13
Maharashtra,Amarawati,Chandur Bazar,Soyabean,Yellow,FAQ,05/01/2024,4350,4650,4400,13
Maharashtra,Amarawati,Chandur Bazar,Soyabean,Yellow,FAQ,16/01/2024,4250,4570,4325,13
Maharashtra,Amarawati,Chandur Bazar,Soyabean,Yellow,FAQ,07/02/2024,4000,4380,4200,13
Maharashtra,Amarawati,Chandur Bazar,Soyabean,Yellow,FAQ,15/02/2024,4005,4410,4210,13
Maharashtra,Amarawati,Chandur Bazar,Soyabean,Yellow,FAQ,22/02/2024,4000,4400,4200,13
Maharashtra,Amarawati,Chandur Bazar,Soyabean,Yellow,FAQ,27/03/2024,4000,4300,4190,13
Maharashtra,Amarawati,Chandur Bazar,Soyabean,Yellow,FAQ,02/04/2024,4000,4400,4150,13
Maharashtra,Amarawati,Chandur Bazar,Soyabean,Yellow,FAQ,03/04/2024,4000,4500,4350,13
Maharashtra,Amarawati,Chandur Railway,Soyabean,Yellow,FAQ,13/02/2024,4250,4405,4350,13
Maharashtra,Amarawati,Chandur Railway,Soyabean,Yellow,FAQ,11/03/2024,3900,4335,4250,13
Maharashtra,Amarawati,Daryapur,Soyabean,Yellow,FAQ,19/01/2024,4150,4550,4420,13
Maharashtra,Amarawati,Daryapur,Soyabean,Yellow,FAQ,21/02/2024,3800,4500,4375,13
Maharashtra,Amarawati,Achalpur,Soyabean,Other,FAQ,03/01/2024,4500,4700,4600,13
Maharashtra,Amarawati,Achalpur,Soyabean,Other,FAQ,19/02/2024,4200,4250,4225,13
Maharashtra,Amarawati,Amarawati,Soyabean,Other,FAQ,01/01/2024,4500,4621,4560,13
Maharashtra,Amarawati,Amarawati,Soyabean,Other,FAQ,12/01/2024,4550,4650,4600,13
Maharashtra,Amarawati,Amarawati,Soyabean,Other,FAQ,29/01/2024,4300,4380,4340,13
Maharashtra,Amarawati,Amarawati,Soyabean,Other,FAQ,16/02/2024,4250,4326,4288,13
Maharashtra,Amarawati,Amarawati,Soyabean,Other,FAQ,06/03/2024,4150,4250,4200,13
Maharashtra,Amarawati,Amarawati,Soyabean,Other,FAQ,21/03/2024,4150,4354,4252,13
Maharashtra,Amarawati,Amarawati,Soyabean,Other,FAQ,27/03/2024,4150,4340,4245,13
Maharashtra,Amarawati,Amarawati,Soyabean,Other,FAQ,05/04/2024,4400,4502,4451,13
Maharashtra,Amarawati,Amarawati,Soyabean,Other,FAQ,06/04/2024,4450,4535,4492,13
Maharashtra,Amarawati,Amarawati,Soyabean,Other,FAQ,22/04/2024,4400,4450,4425,13
Maharashtra,Amarawati,Anajngaon,Soyabean,Yellow,FAQ,01/03/2024,4000,4300,4200,13
Maharashtra,Amarawati,Chandur Bazar,Soyabean,Yellow,FAQ,03/01/2024,4350,4560,4412,13
Maharashtra,Amarawati,Chandur Bazar,Soyabean,Yellow,FAQ,10/01/2024,4350,4600,4460,13
Maharashtra,Amarawati,Chandur Bazar,Soyabean,Yellow,FAQ,19/01/2024,4200,4560,4390,13
Maharashtra,Amarawati,Chandur Bazar,Soyabean,Yellow,FAQ,12/02/2024,4000,4400,4250,13
Maharashtra,Amarawati,Chandur Bazar,Soyabean,Yellow,FAQ,16/02/2024,3950,4300,4000,13
Maharashtra,Amarawati,Chandur Bazar,Soyabean,Yellow,FAQ,14/03/2024,4000,4400,4220,13
Maharashtra,Amarawati,Chandur Bazar,Soyabean,Yellow,FAQ,15/03/2024,4000,4410,4250,13
Maharashtra,Amarawati,Chandur Bazar,Soyabean,Yellow,FAQ,22/04/2024,4000,4450,4250,13
Maharashtra,Amarawati,Chandur Bazar,Soyabean,Yellow,FAQ,25/04/2024,4000,4450,4250,13
Maharashtra,Amarawati,Chandur Railway,Soyabean,Yellow,FAQ,23/02/2024,4230,4375,4350,13
Maharashtra,Amarawati,Daryapur,Soyabean,Yellow,FAQ,10/02/2024,3670,4425,4350,13
Maharashtra,Amarawati,Daryapur,Soyabean,Yellow,FAQ,23/02/2024,3500,4400,4325,13
Maharashtra,Amarawati,Daryapur,Soyabean,Yellow,FAQ,05/03/2024,3500,4400,4300,13
Maharashtra,Amarawati,Daryapur,Soyabean,Yellow,FAQ,06/03/2024,4005,4400,4300,13
Maharashtra,Amarawati,Daryapur,Soyabean,Yellow,FAQ,09/03/2024,3500,4310,4200,13
Maharashtra,Amarawati,Daryapur,Soyabean,Yellow,FAQ,27/03/2024,3400,4275,4200,13
Maharashtra,Amarawati,Daryapur,Soyabean,Yellow,FAQ,13/04/2024,4250,4660,4500,13
Maharashtra,Amarawati,Dhamngaon-Railway,Soyabean,Yellow,FAQ,11/01/2024,4400,4650,4500,13
Maharashtra,Amarawati,Dhamngaon-Railway,Soyabean,Yellow,FAQ,16/02/2024,4100,4370,4250,13
Maharashtra,Amarawati,Morshi,Soyabean,Other,FAQ,02/02/2024,4350,4420,4385,13
Maharashtra,Amarawati,Morshi,Soyabean,Other,FAQ,22/02/2024,4200,4330,4265,13
Maharashtra,Amarawati,Morshi,Soyabean,Other,FAQ,07/03/2024,4100,4340,4220,13
Maharashtra,Amarawati,Morshi,Soyabean,Other,FAQ,18/03/2024,4100,4330,4215,13
Maharashtra,Amarawati,Nandgaon Khandeshwar,Soyabean,Yellow,FAQ,06/01/2024,4420,4570,4500,13
Maharashtra,Amarawati,Nandgaon Khandeshwar,Soyabean,Yellow,FAQ,21/02/2024,4150,4310,4200,13
Maharashtra,Amarawati,Varud,Soyabean,Yellow,FAQ,27/01/2024,4460,4500,4475,13
Maharashtra,Amarawati,Varud,Soyabean,Yellow,FAQ,03/02/2024,4310,4400,4389,13
Maharashtra,Amarawati,Varud,Soyabean,Yellow,FAQ,15/04/2024,4210,4585,4526,13
Maharashtra,Amarawati,Varud(Rajura Bazar),Soyabean,Yellow,FAQ,11/01/2024,4500,4600,4512,13
Maharashtra,Amarawati,Achalpur,Soyabean,Other,FAQ,31/05/2024,4300,4450,4375,13
Maharashtra,Amarawati,Amarawati,Soyabean,Other,FAQ,04/05/2024,4350,4440,4395,13
Maharashtra,Amarawati,Amarawati,Soyabean,Other,FAQ,29/05/2024,4350,4443,4396,13
Maharashtra,Amarawati,Chandur Bazar,Soyabean,Yellow,FAQ,07/05/2024,4000,4500,4300,13
Maharashtra,Amarawati,Chandur Bazar,Soyabean,Yellow,FAQ,09/05/2024,4000,4400,4260,13
Maharashtra,Amarawati,Chandur Bazar,Soyabean,Yellow,FAQ,17/05/2024,4000,4400,4270,13
Maharashtra,Amarawati,Chandur Bazar,Soyabean,Yellow,FAQ,21/05/2024,4000,4400,4210,13
Maharashtra,Amarawati,Chandur Bazar,Soyabean,Yellow,FAQ,29/05/2024,4000,4350,4200,13
Maharashtra,Amarawati,Chandur Railway,Soyabean,Yellow,FAQ,14/05/2024,4325,4550,4500,13
Maharashtra,Amarawati,Chandur Railway,Soyabean,Yellow,FAQ,18/05/2024,4355,4450,4400,13
Maharashtra,Amarawati,Chandur Railway,Soyabean,Yellow,FAQ,29/05/2024,4000,4410,4350,13
Maharashtra,Amarawati,Daryapur,Soyabean,Yellow,FAQ,24/05/2024,3800,4500,4350,13
Maharashtra,Amarawati,Daryapur,Soyabean,Yellow,FAQ,28/05/2024,3400,4445,4350,13
Maharashtra,Amarawati,Morshi,Soyabean,Other,FAQ,02/05/2024,4000,4350,4175,13
Maharashtra,Amarawati,Morshi,Soyabean,Other,FAQ,06/05/2024,4000,4350,4175,13
Maharashtra,Amarawati,Morshi,Soyabean,Other,FAQ,23/05/2024,4200,4380,4290,13
Maharashtra,Amarawati,Nandgaon Khandeshwar,Soyabean,Yellow,FAQ,03/05/2024,4225,4415,4320,13
Maharashtra,Amarawati,Nandgaon Khandeshwar,Soyabean,Yellow,FAQ,11/05/2024,4220,4435,4350,13
Maharashtra,Amarawati,Nandgaon Khandeshwar,Soyabean,Yellow,FAQ,20/05/2024,4175,4370,4272,13
Maharashtra,Amarawati,Nandgaon Khandeshwar,Soyabean,Yellow,FAQ,24/05/2024,4250,4400,4300,13
Maharashtra,Amarawati,Varud(Rajura Bazar),Soyabean,Yellow,FAQ,23/05/2024,4300,4300,4300,13
Maharashtra,Amarawati,Varud(Rajura Bazar),Soyabean,Yellow,FAQ,30/05/2024,4350,4390,4364,13
Maharashtra,Amarawati,Achalpur,Soyabean,Other,FAQ,21/06/2021,6600,6800,6700,13
Maharashtra,Amarawati,Achalpur,Soyabean,Other,FAQ,11/11/2021,4600,5250,4925,13
Maharashtra,Amarawati,Achalpur,Soyabean,Other,FAQ,15/11/2021,4800,5200,5000,13
Maharashtra,Amarawati,Achalpur,Soyabean,Other,FAQ,16/12/2021,6000,6200,6100,13
Maharashtra,Amarawati,Achalpur,Soyabean,Other,FAQ,20/12/2021,6000,6100,6050,13
Maharashtra,Amarawati,Amarawati,Soyabean,Other,FAQ,04/01/2021,3800,4400,4100,13
Maharashtra,Amarawati,Amarawati,Soyabean,Other,FAQ,19/01/2021,3700,4375,4037,13
Maharashtra,Amarawati,Amarawati,Soyabean,Other,FAQ,27/01/2021,3700,4375,4038,13
Maharashtra,Amarawati,Amarawati,Soyabean,Other,FAQ,10/02/2021,4100,4520,4310,13
Maharashtra,Amarawati,Amarawati,Soyabean,Other,FAQ,11/02/2021,3700,4450,4075,13
Maharashtra,Amarawati,Amarawati,Soyabean,Other,FAQ,25/03/2021,5200,5700,5450,13
Maharashtra,Amarawati,Amarawati,Soyabean,Other,FAQ,27/03/2021,4800,5700,5250,13
Maharashtra,Amarawati,Amarawati,Soyabean,Other,FAQ,06/04/2021,5850,6300,6075,13
Maharashtra,Amarawati,Amarawati,Soyabean,Other,FAQ,02/06/2021,6600,6900,6750,13
Maharashtra,Amarawati,Amarawati,Soyabean,Other,FAQ,03/06/2021,6700,7100,6900,13
Maharashtra,Amarawati,Amarawati,Soyabean,Other,FAQ,04/06/2021,6750,7125,6938,13
Maharashtra,Amarawati,Amarawati,Soyabean,Other,FAQ,05/06/2021,6700,7125,6913,13
Maharashtra,Amarawati,Amarawati,Soyabean,Other,FAQ,09/08/2021,8850,9325,9085,13
Maharashtra,Amarawati,Amarawati,Soyabean,Other,FAQ,26/08/2021,8000,9000,8500,13
Maharashtra,Amarawati,Amarawati,Soyabean,Other,FAQ,04/10/2021,4300,5165,4732,13
Maharashtra,Amarawati,Amarawati,Soyabean,Other,FAQ,22/11/2021,5800,7200,6500,13
Maharashtra,Amarawati,Amarawati,Soyabean,Other,FAQ,24/11/2021,6000,6500,6250,13
Maharashtra,Amarawati,Amarawati,Soyabean,Other,FAQ,09/12/2021,6000,6650,6325,13
Maharashtra,Amarawati,Amarawati,Soyabean,Other,FAQ,16/12/2021,5600,7800,6700,13
Maharashtra,Amarawati,Amarawati,Soyabean,Other,FAQ,30/12/2021,5700,7480,6590,13
Maharashtra,Amarawati,Anajngaon,Soyabean,Yellow,FAQ,27/01/2021,3500,4100,3900,13
Maharashtra,Amarawati,Anajngaon,Soyabean,Yellow,FAQ,22/02/2021,4000,4600,4300,13
Maharashtra,Amarawati,Anajngaon,Soyabean,Yellow,FAQ,11/06/2021,6000,7000,6500,13
Maharashtra,Amarawati,Anajngaon,Soyabean,Yellow,FAQ,30/06/2021,6000,7000,6500,13
Maharashtra,Amarawati,Anajngaon,Soyabean,Yellow,FAQ,08/08/2021,6000,9200,7500,13
Maharashtra,Amarawati,Anajngaon,Soyabean,Yellow,FAQ,22/10/2021,3500,5400,4500,13
Maharashtra,Amarawati,Anajngaon,Soyabean,Yellow,FAQ,29/10/2021,3500,5200,4400,13
Maharashtra,Amarawati,Anajngaon,Soyabean,Yellow,FAQ,10/11/2021,4000,5300,4700,13
Maharashtra,Amarawati,Anajngaon,Soyabean,Yellow,FAQ,17/11/2021,4500,6200,5600,13
Maharashtra,Amarawati,Anajngaon,Soyabean,Yellow,FAQ,01/12/2021,5000,6300,5600,13
Maharashtra,Amarawati,Anajngaon,Soyabean,Yellow,FAQ,24/12/2021,5000,6600,5800,13
Maharashtra,Amarawati,Anajngaon,Soyabean,Yellow,FAQ,26/12/2021,5500,6500,6000,13
Maharashtra,Amarawati,Anajngaon,Soyabean,Yellow,FAQ,31/12/2021,5400,6000,5800,13
Maharashtra,Amarawati,Chandur Bazar,Soyabean,Yellow,FAQ,14/01/2021,3000,4250,4041,13
Maharashtra,Amarawati,Chandur Bazar,Soyabean,Yellow,FAQ,29/01/2021,3500,4000,3795,13
Maharashtra,Amarawati,Chandur Bazar,Soyabean,Yellow,FAQ,01/02/2021,3500,4300,4021,13
Maharashtra,Amarawati,Chandur Bazar,Soyabean,Yellow,FAQ,16/02/2021,3800,4300,4050,13
Maharashtra,Amarawati,Chandur Bazar,Soyabean,Yellow,FAQ,01/03/2021,4000,5001,4621,13
Maharashtra,Amarawati,Chandur Bazar,Soyabean,Yellow,FAQ,02/03/2021,4000,5100,4825,13
Maharashtra,Amarawati,Chandur Bazar,Soyabean,Yellow,FAQ,03/03/2021,4100,5100,4700,13
Maharashtra,Amarawati,Chandur Bazar,Soyabean,Yellow,FAQ,08/03/2021,4300,4985,4400,13
Maharashtra,Amarawati,Chandur Bazar,Soyabean,Yellow,FAQ,10/03/2021,4100,4980,4720,13
Maharashtra,Amarawati,Chandur Bazar,Soyabean,Yellow,FAQ,22/03/2021,4850,5200,4900,13
Maharashtra,Amarawati,Chandur Bazar,Soyabean,Yellow,FAQ,23/03/2021,4910,5251,5100,13
Maharashtra,Amarawati,Chandur Bazar,Soyabean,Yellow,FAQ,26/03/2021,4300,5400,5110,13
Maharashtra,Amarawati,Chandur Bazar,Soyabean,Yellow,FAQ,06/04/2021,5500,6420,6000,13
Maharashtra,Amarawati,Chandur Bazar,Soyabean,Yellow,FAQ,27/05/2021,6200,7151,6850,13
Maharashtra,Amarawati,Chandur Bazar,Soyabean,Yellow,FAQ,28/05/2021,6200,7181,6800,13
Maharashtra,Amarawati,Chandur Bazar,Soyabean,Yellow,FAQ,02/06/2021,6130,7000,6830,13
Maharashtra,Amarawati,Chandur Bazar,Soyabean,Yellow,FAQ,03/06/2021,6150,7126,6800,13
Maharashtra,Amarawati,Chandur Bazar,Soyabean,Yellow,FAQ,16/06/2021,5950,6520,6260,13
Maharashtra,Amarawati,Chandur Bazar,Soyabean,Yellow,FAQ,23/06/2021,6310,7100,6750,13
Maharashtra,Amarawati,Chandur Bazar,Soyabean,Yellow,FAQ,28/06/2021,6190,6800,6490,13
Maharashtra,Amarawati,Chandur Bazar,Soyabean,Yellow,FAQ,07/07/2021,6100,7000,6700,13
Maharashtra,Amarawati,Chandur Bazar,Soyabean,Yellow,FAQ,09/08/2021,7000,9400,8900,13
Maharashtra,Amarawati,Chandur Bazar,Soyabean,Yellow,FAQ,10/08/2021,5400,8390,7300,13
Maharashtra,Amarawati,Chandur Bazar,Soyabean,Yellow,FAQ,11/08/2021,7000,9600,8650,13
Maharashtra,Amarawati,Chandur Bazar,Soyabean,Yellow,FAQ,12/08/2021,7000,8300,7900,13
Maharashtra,Amarawati,Chandur Bazar,Soyabean,Yellow,FAQ,01/09/2021,8000,8000,8000,13
Maharashtra,Amarawati,Chandur Bazar,Soyabean,Yellow,FAQ,22/09/2021,4000,6000,4659,13
Maharashtra,Amarawati,Chandur Bazar,Soyabean,Yellow,FAQ,23/09/2021,4000,5900,5150,13
Maharashtra,Amarawati,Chandur Bazar,Soyabean,Yellow,FAQ,28/09/2021,4000,4800,4410,13
Maharashtra,Amarawati,Chandur Bazar,Soyabean,Yellow,FAQ,30/09/2021,3890,4700,4210,13
Maharashtra,Amarawati,Chandur Bazar,Soyabean,Yellow,FAQ,18/10/2021,3880,5200,4531,13
Maharashtra,Amarawati,Chandur Bazar,Soyabean,Yellow,FAQ,25/10/2021,4000,4925,4490,13
Maharashtra,Amarawati,Chandur Bazar,Soyabean,Yellow,FAQ,30/12/2021,6200,6211,6202,13
Maharashtra,Amarawati,Chandur Railway,Soyabean,Yellow,FAQ,02/01/2021,3550,4305,3850,13
Maharashtra,Amarawati,Chandur Railway,Soyabean,Yellow,FAQ,19/01/2021,3500,4200,3850,13
Maharashtra,Amarawati,Chandur Railway,Soyabean,Yellow,FAQ,17/06/2021,6375,6445,6410,13
Maharashtra,Amarawati,Chandur Railway,Soyabean,Yellow,FAQ,30/06/2021,6500,7175,7100,13
Maharashtra,Amarawati,Chandur Railway,Soyabean,Yellow,FAQ,05/07/2021,6850,7200,7000,13
Maharashtra,Amarawati,Chandur Railway,Soyabean,Yellow,FAQ,08/11/2021,4600,5240,5000,13
Maharashtra,Amarawati,Chandur Railway,Soyabean,Yellow,FAQ,16/11/2021,5175,5600,5400,13
Maharashtra,Amarawati,Chandur Railway,Soyabean,Yellow,FAQ,22/11/2021,6000,6500,6450,13
Maharashtra,Amarawati,Chandur Railway,Soyabean,Yellow,FAQ,23/11/2021,6000,6705,6500,13
Maharashtra,Amarawati,Chandur Railway,Soyabean,Yellow,FAQ,06/12/2021,5950,6490,6250,13
Maharashtra,Amarawati,Chandur Railway,Soyabean,Yellow,FAQ,08/12/2021,6210,6700,6500,13
Maharashtra,Amarawati,Chandur Railway,Soyabean,Yellow,FAQ,21/12/2021,5750,6115,5900,13
Maharashtra,Amarawati,Chandur Railway,Soyabean,Yellow,FAQ,23/12/2021,5975,6230,6100,13
Maharashtra,Amarawati,Chandur Railway,Soyabean,Yellow,FAQ,24/12/2021,6000,6350,6200,13
Maharashtra,Amarawati,Chandur Railway,Soyabean,Yellow,FAQ,28/12/2021,5950,6300,6150,13
Maharashtra,Amarawati,Chandur Railway,Soyabean,Yellow,FAQ,29/12/2021,6120,6250,6200,13
Maharashtra,Amarawati,Daryapur,Soyabean,Yellow,FAQ,22/02/2021,3900,5100,4700,13
Maharashtra,Amarawati,Daryapur,Soyabean,Yellow,FAQ,23/02/2021,3600,5100,4700,13
Maharashtra,Amarawati,Daryapur,Soyabean,Yellow,FAQ,08/03/2021,4400,5205,4930,13
Maharashtra,Amarawati,Daryapur,Soyabean,Yellow,FAQ,03/04/2021,5885,6150,6090,13
Maharashtra,Amarawati,Daryapur,Soyabean,Yellow,FAQ,06/04/2021,5005,6750,6400,13
Maharashtra,Amarawati,Daryapur,Soyabean,Yellow,FAQ,01/06/2021,4900,7700,7140,13
Maharashtra,Amarawati,Daryapur,Soyabean,Yellow,FAQ,21/06/2021,5200,6870,6685,13
Maharashtra,Amarawati,Daryapur,Soyabean,Yellow,FAQ,26/06/2021,5700,7140,6800,13
Maharashtra,Amarawati,Daryapur,Soyabean,Yellow,FAQ,12/07/2021,7000,7460,7275,13
Maharashtra,Amarawati,Daryapur,Soyabean,Yellow,FAQ,07/08/2021,8800,9645,9200,13
Maharashtra,Amarawati,Daryapur,Soyabean,Yellow,FAQ,20/08/2021,4200,7800,7500,13
Maharashtra,Amarawati,Daryapur,Soyabean,Yellow,FAQ,21/09/2021,3495,4905,4435,13
Maharashtra,Amarawati,Daryapur,Soyabean,Yellow,FAQ,01/10/2021,3200,5695,5340,13
Maharashtra,Amarawati,Daryapur,Soyabean,Yellow,FAQ,12/11/2021,2000,7000,5800,13
Maharashtra,Amarawati,Daryapur,Soyabean,Yellow,FAQ,13/11/2021,3800,7200,6100,13
Maharashtra,Amarawati,Daryapur,Soyabean,Yellow,FAQ,26/11/2021,4300,8100,6000,13
Maharashtra,Amarawati,Daryapur,Soyabean,Yellow,FAQ,08/12/2021,4000,7800,5900,13
Maharashtra,Amarawati,Daryapur,Soyabean,Yellow,FAQ,17/12/2021,4050,8000,6025,13
Maharashtra,Amarawati,Daryapur,Soyabean,Yellow,FAQ,24/12/2021,4500,7800,6100,13
Maharashtra,Amarawati,Daryapur,Soyabean,Yellow,FAQ,27/12/2021,4010,6830,5840,13
Maharashtra,Amarawati,Daryapur,Soyabean,Yellow,FAQ,29/12/2021,3900,7480,5700,13
Maharashtra,Amarawati,Dhamngaon-Railway,Soyabean,Yellow,FAQ,04/01/2021,2900,4495,3550,13
Maharashtra,Amarawati,Dhamngaon-Railway,Soyabean,Yellow,FAQ,21/01/2021,3640,4330,4100,13
Maharashtra,Amarawati,Dhamngaon-Railway,Soyabean,Yellow,FAQ,03/02/2021,3600,4430,4000,13
Maharashtra,Amarawati,Dhamngaon-Railway,Soyabean,Yellow,FAQ,23/02/2021,4195,5000,4550,13
Maharashtra,Amarawati,Dhamngaon-Railway,Soyabean,Yellow,FAQ,04/03/2021,4250,5105,4650,13
Maharashtra,Amarawati,Dhamngaon-Railway,Soyabean,Yellow,FAQ,08/05/2021,6800,7400,7000,13
Maharashtra,Amarawati,Dhamngaon-Railway,Soyabean,Yellow,FAQ,27/07/2021,9000,9400,9200,13
Maharashtra,Amarawati,Dhamngaon-Railway,Soyabean,Yellow,FAQ,02/08/2021,9000,10200,9600,13
Maharashtra,Amarawati,Dhamngaon-Railway,Soyabean,Yellow,FAQ,12/08/2021,6495,8475,7250,13
Maharashtra,Amarawati,Dhamngaon-Railway,Soyabean,Yellow,FAQ,23/09/2021,4300,5850,5250,13
Maharashtra,Amarawati,Dhamngaon-Railway,Soyabean,Yellow,FAQ,01/10/2021,4000,4565,4350,13
Maharashtra,Amarawati,Dhamngaon-Railway,Soyabean,Yellow,FAQ,05/10/2021,3100,5475,4500,13
Maharashtra,Amarawati,Dhamngaon-Railway,Soyabean,Yellow,FAQ,23/10/2021,4000,5085,4500,13
Maharashtra,Amarawati,Dhamngaon-Railway,Soyabean,Yellow,FAQ,17/11/2021,4200,5700,5100,13
Maharashtra,Amarawati,Dhamngaon-Railway,Soyabean,Yellow,FAQ,24/11/2021,5510,6595,6050,13
Maharashtra,Amarawati,Dhamngaon-Railway,Soyabean,Yellow,FAQ,29/11/2021,5700,6350,6000,13
Maharashtra,Amarawati,Dhamngaon-Railway,Soyabean,Yellow,FAQ,01/12/2021,5530,6140,5750,13
Maharashtra,Amarawati,Dhamngaon-Railway,Soyabean,Yellow,FAQ,02/12/2021,5540,6450,6050,13
Maharashtra,Amarawati,Dhamngaon-Railway,Soyabean,Yellow,FAQ,03/12/2021,5000,6805,5650,13
Maharashtra,Amarawati,Dhamngaon-Railway,Soyabean,Yellow,FAQ,04/12/2021,5500,6935,5850,13
Maharashtra,Amarawati,Dhamngaon-Railway,Soyabean,Yellow,FAQ,17/12/2021,5000,6750,6000,13
Maharashtra,Amarawati,Dhamngaon-Railway,Soyabean,Yellow,FAQ,22/12/2021,5400,6280,6000,13
Maharashtra,Amarawati,Morshi,Soyabean,Other,FAQ,21/01/2021,3600,4000,3800,13
Maharashtra,Amarawati,Morshi,Soyabean,Other,FAQ,28/01/2021,3700,4220,4012,13
Maharashtra,Amarawati,Morshi,Soyabean,Other,FAQ,05/02/2021,3600,4000,3800,13
Maharashtra,Amarawati,Morshi,Soyabean,Other,FAQ,23/02/2021,4600,4700,4650,13
Maharashtra,Amarawati,Morshi,Soyabean,Other,FAQ,25/02/2021,4000,4865,4432,13
Maharashtra,Amarawati,Morshi,Soyabean,Other,FAQ,08/03/2021,4000,4800,4400,13
Maharashtra,Amarawati,Morshi,Soyabean,Other,FAQ,24/04/2021,6500,7200,6850,13
Maharashtra,Amarawati,Morshi,Soyabean,Other,FAQ,27/05/2021,6000,6300,6150,13
Maharashtra,Amarawati,Morshi,Soyabean,Other,FAQ,07/06/2021,6400,6500,6450,13
Maharashtra,Amarawati,Morshi,Soyabean,Other,FAQ,14/06/2021,6500,6600,6550,13
Maharashtra,Amarawati,Morshi,Soyabean,Other,FAQ,21/06/2021,6500,6900,6700,13
Maharashtra,Amarawati,Morshi,Soyabean,Other,FAQ,24/06/2021,6300,6500,6400,13
Maharashtra,Amarawati,Morshi,Soyabean,Other,FAQ,28/06/2021,6000,6625,6312,13
Maharashtra,Amarawati,Morshi,Soyabean,Other,FAQ,08/07/2021,6800,6900,6850,13
Maharashtra,Amarawati,Morshi,Soyabean,Other,FAQ,30/09/2021,3500,4600,4050,13
Maharashtra,Amarawati,Morshi,Soyabean,Other,FAQ,04/10/2021,4200,4710,4455,13
Maharashtra,Amarawati,Morshi,Soyabean,Other,FAQ,18/10/2021,4100,4890,4495,13
Maharashtra,Amarawati,Morshi,Soyabean,Other,FAQ,28/10/2021,4500,4850,4675,13
Maharashtra,Amarawati,Morshi,Soyabean,Other,FAQ,01/11/2021,4500,5400,4950,13
Maharashtra,Amarawati,Morshi,Soyabean,Other,FAQ,08/11/2021,4300,5025,4662,13
Maharashtra,Amarawati,Morshi,Soyabean,Other,FAQ,22/11/2021,5300,6420,5860,13
Maharashtra,Amarawati,Morshi,Soyabean,Other,FAQ,29/11/2021,6000,6455,6227,13
Maharashtra,Amarawati,Morshi,Soyabean,Other,FAQ,02/12/2021,6000,6325,6162,13
Maharashtra,Amarawati,Morshi,Soyabean,Other,FAQ,21/12/2021,5100,5900,5500,13
Maharashtra,Amarawati,Nandgaon Khandeshwar,Soyabean,Other,FAQ,12/03/2021,4950,5200,5125,13
Maharashtra,Amarawati,Nandgaon Khandeshwar,Soyabean,Yellow,FAQ,02/01/2021,3950,4275,4112,13
Maharashtra,Amarawati,Nandgaon Khandeshwar,Soyabean,Yellow,FAQ,16/01/2021,4100,4350,4225,13
Maharashtra,Amarawati,Nandgaon Khandeshwar,Soyabean,Yellow,FAQ,21/01/2021,4150,4375,4262,13
Maharashtra,Amarawati,Nandgaon Khandeshwar,Soyabean,Yellow,FAQ,01/02/2021,4075,4450,4262,13
Maharashtra,Amarawati,Nandgaon Khandeshwar,Soyabean,Yellow,FAQ,16/02/2021,4100,4400,4250,13
Maharashtra,Amarawati,Nandgaon Khandeshwar,Soyabean,Yellow,FAQ,17/02/2021,4315,4700,4507,13
Maharashtra,Amarawati,Nandgaon Khandeshwar,Soyabean,Yellow,FAQ,22/02/2021,4400,4800,4600,13
Maharashtra,Amarawati,Nandgaon Khandeshwar,Soyabean,Yellow,FAQ,04/03/2021,4500,4900,4750,13
Maharashtra,Amarawati,Nandgaon Khandeshwar,Soyabean,Yellow,FAQ,13/03/2021,4850,5200,5025,13
Maharashtra,Amarawati,Nandgaon Khandeshwar,Soyabean,Yellow,FAQ,23/03/2021,5075,5450,5225,13
Maharashtra,Amarawati,Nandgaon Khandeshwar,Soyabean,Yellow,FAQ,29/04/2021,6100,6400,6300,13
Maharashtra,Amarawati,Nandgaon Khandeshwar,Soyabean,Yellow,FAQ,30/04/2021,6350,6600,6525,13
Maharashtra,Amarawati,Nandgaon Khandeshwar,Soyabean,Yellow,FAQ,03/05/2021,6450,6750,6600,13
Maharashtra,Amarawati,Nandgaon Khandeshwar,Soyabean,Yellow,FAQ,24/07/2021,8050,8250,8150,13
Maharashtra,Amarawati,Nandgaon Khandeshwar,Soyabean,Yellow,FAQ,10/08/2021,6875,7200,6950,13
Maharashtra,Amarawati,Nandgaon Khandeshwar,Soyabean,Yellow,FAQ,18/08/2021,7550,8050,7800,13
Maharashtra,Amarawati,Varud(Rajura Bazar),Soyabean,Yellow,FAQ,25/03/2021,5300,6000,5759,13
Maharashtra,Amarawati,Varud(Rajura Bazar),Soyabean,Yellow,FAQ,24/06/2021,4900,6901,6081,13
Maharashtra,Amarawati,Varud(Rajura Bazar),Soyabean,Yellow,FAQ,12/08/2021,7999,7999,7999,13
Maharashtra,Amarawati,Varud(Rajura Bazar),Soyabean,Yellow,FAQ,02/12/2021,3500,6312,5675,13
Maharashtra,Amarawati,Varud(Rajura Bazar),Soyabean,Yellow,FAQ,09/12/2021,1000,6300,5419,13
Maharashtra,Amarawati,Amarawati,Soyabean,Other,FAQ,01/07/2024,4350,4425,4387,13
Maharashtra,Amarawati,Amarawati,Soyabean,Other,FAQ,08/07/2024,4300,4349,4324,13
Maharashtra,Amarawati,Amarawati,Soyabean,Other,FAQ,10/07/2024,4250,4325,4287,13
Maharashtra,Amarawati,Amarawati,Soyabean,Other,FAQ,22/07/2024,4250,4350,4300,13
Maharashtra,Amarawati,Amarawati,Soyabean,Other,FAQ,27/07/2024,4200,4278,4239,13
Maharashtra,Amarawati,Amarawati,Soyabean,Other,FAQ,30/07/2024,4200,4280,4240,13
Maharashtra,Amarawati,Chandur Bazar,Soyabean,Yellow,FAQ,05/07/2024,4000,4360,4240,13
Maharashtra,Amarawati,Chandur Bazar,Soyabean,Yellow,FAQ,08/07/2024,4000,4300,4220,13
Maharashtra,Amarawati,Chandur Bazar,Soyabean,Yellow,FAQ,24/07/2024,4000,4300,4200,13
Maharashtra,Amarawati,Chandur Bazar,Soyabean,Yellow,FAQ,30/07/2024,4000,4210,4120,13
Maharashtra,Amarawati,Chandur Railway,Soyabean,Yellow,FAQ,12/07/2024,4150,4350,4300,13
Maharashtra,Amarawati,Chandur Railway,Soyabean,Yellow,FAQ,23/07/2024,4275,4325,4300,13
Maharashtra,Amarawati,Daryapur,Soyabean,Yellow,FAQ,05/07/2024,3600,4425,4300,13
Maharashtra,Amarawati,Daryapur,Soyabean,Yellow,FAQ,08/07/2024,3600,4400,4300,13
Maharashtra,Amarawati,Dhamngaon-Railway,Soyabean,Yellow,FAQ,03/07/2024,4000,4375,4200,13
Maharashtra,Amarawati,Morshi,Soyabean,Other,FAQ,01/07/2024,4100,4360,4230,13
Maharashtra,Amarawati,Morshi,Soyabean,Other,FAQ,25/07/2024,4150,4275,4212,13
Maharashtra,Amarawati,Nandgaon Khandeshwar,Soyabean,Yellow,FAQ,27/07/2024,4070,4190,4130,13
Maharashtra,Amarawati,Shetkari Khushi Bazar,Soyabean,Other,FAQ,01/07/2024,3300,4450,4377,13
Maharashtra,Amarawati,Shetkari Khushi Bazar,Soyabean,Other,FAQ,08/07/2024,3000,4400,4357,13
Maharashtra,Amarawati,Shetkari Khushi Bazar,Soyabean,Other,FAQ,11/07/2024,4300,4350,4323,13
Maharashtra,Amarawati,Shetkari Khushi Bazar,Soyabean,Other,FAQ,22/07/2024,1500,4375,4327,13
Maharashtra,Amarawati,Shetkari Khushi Bazar,Soyabean,Other,FAQ,24/07/2024,1500,4400,3942,13
Maharashtra,Amarawati,Shetkari Khushi Bazar,Soyabean,Other,FAQ,25/07/2024,1500,4400,4311,13
Maharashtra,Amarawati,Chandur Bazar,Soyabean,Yellow,FAQ,21/08/2024,4000,4100,4050,13
Maharashtra,Amarawati,Achalpur,Soyabean,Other,Local,07/04/2025,3600,4200,3900,13
Maharashtra,Amarawati,Achalpur,Soyabean,Other,Local,25/04/2025,3800,4000,3900,13
Maharashtra,Amarawati,Chandur Bazar,Soyabean,Yellow,Non-FAQ,09/04/2025,3910,4310,4130,13
Maharashtra,Amarawati,Chandur Bazar,Soyabean,Yellow,Non-FAQ,16/04/2025,3800,4500,4150,13
Maharashtra,Amarawati,Chandur Bazar,Soyabean,Yellow,Non-FAQ,28/04/2025,3600,4120,4050,13
Maharashtra,Amarawati,Daryapur,Soyabean,Yellow,Non-FAQ,15/04/2025,3650,4400,4150,13
Maharashtra,Amarawati,Daryapur,Soyabean,Yellow,Non-FAQ,21/04/2025,3600,4390,4150,13
Maharashtra,Amarawati,Morshi,Soyabean,Other,Local,07/04/2025,3700,4000,3850,13
Maharashtra,Amarawati,Shetkari Khushi Bazar,Soyabean,Other,FAQ,09/04/2025,4200,4350,4298,13
Maharashtra,Amarawati,Shetkari Khushi Bazar,Soyabean,Other,FAQ,29/04/2025,3600,4425,4259,13
Maharashtra,Amarawati,Varud(Rajura Bazar),Soyabean,Yellow,Non-FAQ,11/04/2025,3330,4395,4247,13
Maharashtra,Amarawati,Amarawati,Soyabean,Other,Local,03/04/2025,4300,4425,4362,13
Maharashtra,Amarawati,Amarawati,Soyabean,Other,Local,08/04/2025,4050,4225,4137,13
Maharashtra,Amarawati,Chandur Bazar,Soyabean,Yellow,Non-FAQ,23/04/2025,3800,4350,4170,13
Maharashtra,Amarawati,Chandur Bazar,Soyabean,Yellow,Non-FAQ,25/04/2025,3600,4250,4060,13
Maharashtra,Amarawati,Chandur Railway,Soyabean,Yellow,Non-FAQ,28/04/2025,4051,4311,4250,13
Maharashtra,Amarawati,Dhamngaon-Railway,Soyabean,Yellow,Non-FAQ,17/04/2025,4300,4435,4350,13
Maharashtra,Amarawati,Shetkari Khushi Bazar,Soyabean,Other,FAQ,08/04/2025,1500,4300,4118,13
Maharashtra,Amarawati,Varud,Soyabean,Yellow,Non-FAQ,07/04/2025,3405,4145,4045,13
Maharashtra,Amarawati,Varud,Soyabean,Yellow,Non-FAQ,16/04/2025,4200,4500,4371,13
Maharashtra,Amarawati,Achalpur,Soyabean,Other,FAQ,08/01/2022,5900,6100,6000,13
Maharashtra,Amarawati,Achalpur,Soyabean,Other,FAQ,12/01/2022,5900,6000,5950,13
Maharashtra,Amarawati,Achalpur,Soyabean,Other,FAQ,13/01/2022,5650,6150,5900,13
Maharashtra,Amarawati,Achalpur,Soyabean,Other,FAQ,01/02/2022,5700,6100,5900,13
Maharashtra,Amarawati,Achalpur,Soyabean,Other,FAQ,02/02/2022,5900,6100,6000,13
Maharashtra,Amarawati,Achalpur,Soyabean,Other,FAQ,03/02/2022,5900,6100,6000,13
Maharashtra,Amarawati,Achalpur,Soyabean,Other,FAQ,04/02/2022,5600,6200,5900,13
Maharashtra,Amarawati,Achalpur,Soyabean,Other,FAQ,15/02/2022,5800,6250,6075,13
Maharashtra,Amarawati,Achalpur,Soyabean,Other,FAQ,04/07/2022,5850,6200,6025,13
Maharashtra,Amarawati,Achalpur,Soyabean,Other,FAQ,07/07/2022,5750,6100,5925,13
Maharashtra,Amarawati,Achalpur,Soyabean,Other,FAQ,06/08/2022,6000,6100,6050,13
Maharashtra,Amarawati,Achalpur,Soyabean,Other,FAQ,15/08/2022,5700,6000,5800,13
Maharashtra,Amarawati,Achalpur,Soyabean,Other,FAQ,18/08/2022,5700,6080,5890,13
Maharashtra,Amarawati,Achalpur,Soyabean,Other,FAQ,06/09/2022,4300,5000,4650,13
Maharashtra,Amarawati,Achalpur,Soyabean,Other,FAQ,13/09/2022,4800,5000,4900,13
Maharashtra,Amarawati,Achalpur,Soyabean,Other,FAQ,14/09/2022,4800,5000,4900,13
Maharashtra,Amarawati,Achalpur,Soyabean,Other,FAQ,13/10/2022,3050,5000,4025,13
Maharashtra,Amarawati,Achalpur,Soyabean,Other,FAQ,21/10/2022,4000,4500,4250,13
Maharashtra,Amarawati,Achalpur,Soyabean,Other,FAQ,16/11/2022,5000,5400,5200,13
Maharashtra,Amarawati,Achalpur,Soyabean,Other,FAQ,18/11/2022,5050,5400,5225,13
Maharashtra,Amarawati,Achalpur,Soyabean,Other,FAQ,21/11/2022,5150,5478,5314,13
Maharashtra,Amarawati,Achalpur,Soyabean,Other,FAQ,22/11/2022,5100,5400,5250,13
Maharashtra,Amarawati,Achalpur,Soyabean,Other,FAQ,30/12/2022,5000,5250,5125,13
Maharashtra,Amarawati,Amarawati,Soyabean,Other,FAQ,04/01/2022,5750,6150,5950,13
Maharashtra,Amarawati,Amarawati,Soyabean,Other,FAQ,08/01/2022,5750,6131,5940,13
Maharashtra,Amarawati,Amarawati,Soyabean,Other,FAQ,12/01/2022,5750,6175,5962,13
Maharashtra,Amarawati,Amarawati,Soyabean,Other,FAQ,15/01/2022,5800,6140,5970,13
Maharashtra,Amarawati,Amarawati,Soyabean,Other,FAQ,24/01/2022,5750,6040,5895,13
Maharashtra,Amarawati,Amarawati,Soyabean,Other,FAQ,04/02/2022,5650,6075,5863,13
Maharashtra,Amarawati,Amarawati,Soyabean,Other,FAQ,10/02/2022,5750,6163,5957,13
Maharashtra,Amarawati,Amarawati,Soyabean,Other,FAQ,11/02/2022,5750,6182,5966,13
Maharashtra,Amarawati,Amarawati,Soyabean,Other,FAQ,18/02/2022,5800,6550,6175,13
Maharashtra,Amarawati,Amarawati,Soyabean,Other,FAQ,03/03/2022,6500,7125,6812,13
Maharashtra,Amarawati,Amarawati,Soyabean,Other,FAQ,08/03/2022,6800,7180,6990,13
Maharashtra,Amarawati,Amarawati,Soyabean,Other,FAQ,09/03/2022,6400,7090,6745,13
Maharashtra,Amarawati,Amarawati,Soyabean,Other,FAQ,16/03/2022,6500,7000,6750,13
Maharashtra,Amarawati,Amarawati,Soyabean,Other,FAQ,22/03/2022,6550,7100,6825,13
Maharashtra,Amarawati,Amarawati,Soyabean,Other,FAQ,25/03/2022,6700,7232,6966,13
Maharashtra,Amarawati,Amarawati,Soyabean,Other,FAQ,05/04/2022,6700,7259,6980,13
Maharashtra,Amarawati,Amarawati,Soyabean,Other,FAQ,26/04/2022,6750,7200,6975,13
Maharashtra,Amarawati,Amarawati,Soyabean,Other,FAQ,23/05/2022,6400,6773,6586,13
Maharashtra,Amarawati,Amarawati,Soyabean,Other,FAQ,18/06/2022,5850,6350,6100,13
Maharashtra,Amarawati,Amarawati,Soyabean,Other,FAQ,22/06/2022,5800,6150,5975,13
Maharashtra,Amarawati,Amarawati,Soyabean,Other,FAQ,28/06/2022,5750,6208,5979,13
Maharashtra,Amarawati,Amarawati,Soyabean,Other,FAQ,01/07/2022,6100,6425,6262,13
Maharashtra,Amarawati,Amarawati,Soyabean,Other,FAQ,05/07/2022,5850,6230,6040,13
Maharashtra,Amarawati,Amarawati,Soyabean,Other,FAQ,06/07/2022,5800,6125,5962,13
Maharashtra,Amarawati,Amarawati,Soyabean,Other,FAQ,11/07/2022,5900,6325,6112,13
Maharashtra,Amarawati,Amarawati,Soyabean,Other,FAQ,22/07/2022,5750,5968,5859,13
Maharashtra,Amarawati,Amarawati,Soyabean,Other,FAQ,26/07/2022,5700,5965,5832,13
Maharashtra,Amarawati,Amarawati,Soyabean,Other,FAQ,27/07/2022,5750,6100,5925,13
Maharashtra,Amarawati,Amarawati,Soyabean,Other,FAQ,17/08/2022,5750,6075,5912,13
Maharashtra,Amarawati,Amarawati,Soyabean,Other,FAQ,19/08/2022,5700,6001,5850,13
Maharashtra,Amarawati,Amarawati,Soyabean,Other,FAQ,22/08/2022,5400,5764,5582,13
Maharashtra,Amarawati,Amarawati,Soyabean,Other,FAQ,07/09/2022,4700,5135,4917,13
Maharashtra,Amarawati,Amarawati,Soyabean,Other,FAQ,08/09/2022,4700,5149,4924,13
Maharashtra,Amarawati,Amarawati,Soyabean,Other,FAQ,10/09/2022,4750,5140,4945,13
Maharashtra,Amarawati,Amarawati,Soyabean,Other,FAQ,04/10/2022,4700,4900,4800,13
Maharashtra,Amarawati,Amarawati,Soyabean,Other,FAQ,06/10/2022,4700,4921,4810,13
Maharashtra,Amarawati,Amarawati,Soyabean,Other,FAQ,08/10/2022,4400,4750,4575,13
Maharashtra,Amarawati,Amarawati,Soyabean,Other,FAQ,11/10/2022,4000,4725,4362,13
Maharashtra,Amarawati,Amarawati,Soyabean,Other,FAQ,13/10/2022,4700,4861,4780,13
Maharashtra,Amarawati,Amarawati,Soyabean,Other,FAQ,18/10/2022,4000,4900,4450,13
Maharashtra,Amarawati,Amarawati,Soyabean,Other,FAQ,28/10/2022,4100,5151,4625,13
Maharashtra,Amarawati,Amarawati,Soyabean,Other,FAQ,01/11/2022,4200,4832,4516,13
Maharashtra,Amarawati,Amarawati,Soyabean,Other,FAQ,10/11/2022,5200,5442,5321,13
Maharashtra,Amarawati,Amarawati,Soyabean,Other,FAQ,16/11/2022,5250,5525,5387,13
Maharashtra,Amarawati,Amarawati,Soyabean,Other,FAQ,15/12/2022,5000,5300,5150,13
Maharashtra,Amarawati,Amarawati,Soyabean,Other,FAQ,23/12/2022,5000,5349,5174,13
Maharashtra,Amarawati,Anajngaon,Soyabean,Yellow,FAQ,07/01/2022,5000,7000,6000,13
Maharashtra,Amarawati,Anajngaon,Soyabean,Yellow,FAQ,16/01/2022,5000,6300,5800,13
Maharashtra,Amarawati,Anajngaon,Soyabean,Yellow,FAQ,20/02/2022,5000,6350,5750,13
Maharashtra,Amarawati,Anajngaon,Soyabean,Yellow,FAQ,09/03/2022,6000,6800,6400,13
Maharashtra,Amarawati,Anajngaon,Soyabean,Yellow,FAQ,13/03/2022,6000,6900,6500,13
Maharashtra,Amarawati,Anajngaon,Soyabean,Yellow,FAQ,20/03/2022,5000,7000,6000,13
Maharashtra,Amarawati,Anajngaon,Soyabean,Yellow,FAQ,06/04/2022,6500,7100,6800,13
Maharashtra,Amarawati,Anajngaon,Soyabean,Yellow,FAQ,08/04/2022,6000,7101,6600,13
Maharashtra,Amarawati,Anajngaon,Soyabean,Yellow,FAQ,17/04/2022,6100,7000,6800,13
Maharashtra,Amarawati,Anajngaon,Soyabean,Yellow,FAQ,10/06/2022,5000,6000,5500,13
Maharashtra,Amarawati,Anajngaon,Soyabean,Yellow,FAQ,17/06/2022,5000,6600,5900,13
Maharashtra,Amarawati,Anajngaon,Soyabean,Yellow,FAQ,24/06/2022,5000,6000,5500,13
Maharashtra,Amarawati,Anajngaon,Soyabean,Yellow,FAQ,17/07/2022,5000,6000,5500,13
Maharashtra,Amarawati,Anajngaon,Soyabean,Yellow,FAQ,20/07/2022,5500,6050,5900,13
Maharashtra,Amarawati,Anajngaon,Soyabean,Yellow,FAQ,29/07/2022,5000,5900,5500,13
Maharashtra,Amarawati,Anajngaon,Soyabean,Yellow,FAQ,19/08/2022,5000,5800,5400,13
Maharashtra,Amarawati,Anajngaon,Soyabean,Yellow,FAQ,28/09/2022,3200,5051,4200,13
Maharashtra,Amarawati,Anajngaon,Soyabean,Yellow,FAQ,07/10/2022,3500,4500,4000,13
Maharashtra,Amarawati,Anajngaon,Soyabean,Yellow,FAQ,19/10/2022,3500,5025,4500,13
Maharashtra,Amarawati,Anajngaon,Soyabean,Yellow,FAQ,27/11/2022,4800,5500,5200,13
Maharashtra,Amarawati,Anajngaon,Soyabean,Yellow,FAQ,11/12/2022,5000,5491,5200,13
Maharashtra,Amarawati,Anajngaon,Soyabean,Yellow,FAQ,30/12/2022,5000,5300,5200,13
Maharashtra,Amarawati,Chandur Bazar,Soyabean,Yellow,FAQ,07/01/2022,5400,6200,5950,13
Maharashtra,Amarawati,Chandur Bazar,Soyabean,Yellow,FAQ,24/01/2022,6000,7107,6501,13
Maharashtra,Amarawati,Chandur Bazar,Soyabean,Yellow,FAQ,27/01/2022,5850,6000,5900,13
Maharashtra,Amarawati,Chandur Bazar,Soyabean,Yellow,FAQ,03/02/2022,5800,6550,6401,13
Maharashtra,Amarawati,Chandur Bazar,Soyabean,Yellow,FAQ,18/02/2022,6000,6501,6450,13
Maharashtra,Amarawati,Chandur Bazar,Soyabean,Yellow,FAQ,04/03/2022,6000,6850,6510,13
Maharashtra,Amarawati,Chandur Bazar,Soyabean,Yellow,FAQ,11/03/2022,6000,7400,7150,13
Maharashtra,Amarawati,Chandur Bazar,Soyabean,Yellow,FAQ,16/03/2022,5800,6925,6540,13
Maharashtra,Amarawati,Chandur Bazar,Soyabean,Yellow,FAQ,21/03/2022,6000,6925,6341,13
Maharashtra,Amarawati,Chandur Bazar,Soyabean,Yellow,FAQ,29/03/2022,4100,7300,6500,13
Maharashtra,Amarawati,Chandur Bazar,Soyabean,Yellow,FAQ,06/04/2022,6000,7310,6920,13
Maharashtra,Amarawati,Chandur Bazar,Soyabean,Yellow,FAQ,12/04/2022,6000,7250,6650,13
Maharashtra,Amarawati,Chandur Bazar,Soyabean,Yellow,FAQ,22/04/2022,4600,7000,6299,13
Maharashtra,Amarawati,Chandur Bazar,Soyabean,Yellow,FAQ,26/04/2022,6900,7125,7000,13
Maharashtra,Amarawati,Chandur Bazar,Soyabean,Yellow,FAQ,06/05/2022,6000,7000,6480,13
Maharashtra,Amarawati,Chandur Bazar,Soyabean,Yellow,FAQ,11/05/2022,6000,6750,6460,13
Maharashtra,Amarawati,Chandur Bazar,Soyabean,Yellow,FAQ,13/05/2022,5000,6500,6240,13
Maharashtra,Amarawati,Chandur Bazar,Soyabean,Yellow,FAQ,20/05/2022,6000,6657,6411,13
Maharashtra,Amarawati,Chandur Bazar,Soyabean,Yellow,FAQ,03/06/2022,5500,6000,5775,13
Maharashtra,Amarawati,Chandur Bazar,Soyabean,Yellow,FAQ,17/06/2022,5500,6500,5990,13
Maharashtra,Amarawati,Chandur Bazar,Soyabean,Yellow,FAQ,23/06/2022,5100,6300,6060,13
Maharashtra,Amarawati,Chandur Bazar,Soyabean,Yellow,FAQ,04/07/2022,6000,6150,6075,13
Maharashtra,Amarawati,Chandur Bazar,Soyabean,Yellow,FAQ,11/07/2022,6000,6251,6079,13
Maharashtra,Amarawati,Chandur Bazar,Soyabean,Yellow,FAQ,21/07/2022,5600,5990,5741,13
Maharashtra,Amarawati,Chandur Bazar,Soyabean,Yellow,FAQ,25/07/2022,5450,5950,5741,13
Maharashtra,Amarawati,Chandur Bazar,Soyabean,Yellow,FAQ,28/07/2022,4900,6070,5801,13
Maharashtra,Amarawati,Chandur Bazar,Soyabean,Yellow,FAQ,04/08/2022,4860,6076,5140,13
Maharashtra,Amarawati,Chandur Bazar,Soyabean,Yellow,FAQ,02/09/2022,4900,5081,4951,13
Maharashtra,Amarawati,Chandur Bazar,Soyabean,Yellow,FAQ,09/09/2022,4400,4800,4600,13
Maharashtra,Amarawati,Chandur Bazar,Soyabean,Yellow,FAQ,23/09/2022,4400,4601,4420,13
Maharashtra,Amarawati,Chandur Bazar,Soyabean,Yellow,FAQ,28/09/2022,4200,4450,4290,13
Maharashtra,Amarawati,Chandur Bazar,Soyabean,Yellow,FAQ,30/09/2022,4000,4500,4361,13
Maharashtra,Amarawati,Chandur Bazar,Soyabean,Yellow,FAQ,17/10/2022,4000,5100,4600,13
Maharashtra,Amarawati,Chandur Bazar,Soyabean,Yellow,FAQ,18/10/2022,3900,5000,4260,13
Maharashtra,Amarawati,Chandur Bazar,Soyabean,Yellow,FAQ,27/10/2022,3700,5050,4650,13
Maharashtra,Amarawati,Chandur Bazar,Soyabean,Yellow,FAQ,11/11/2022,4000,5900,4780,13
Maharashtra,Amarawati,Chandur Bazar,Soyabean,Yellow,FAQ,21/11/2022,4500,5660,5401,13
Maharashtra,Amarawati,Chandur Bazar,Soyabean,Yellow,FAQ,22/11/2022,4710,5765,5500,13
Maharashtra,Amarawati,Chandur Bazar,Soyabean,Yellow,FAQ,25/11/2022,4800,5700,5340,13
Maharashtra,Amarawati,Chandur Bazar,Soyabean,Yellow,FAQ,28/11/2022,4500,5400,4851,13
Maharashtra,Amarawati,Chandur Bazar,Soyabean,Yellow,FAQ,14/12/2022,4851,5400,5100,13
Maharashtra,Amarawati,Chandur Bazar,Soyabean,Yellow,FAQ,16/12/2022,4500,5361,5050,13
Maharashtra,Amarawati,Chandur Bazar,Soyabean,Yellow,FAQ,21/12/2022,4584,5400,5081,13
Maharashtra,Amarawati,Chandur Bazar,Soyabean,Yellow,FAQ,23/12/2022,4500,5426,5100,13
Maharashtra,Amarawati,Chandur Railway,Soyabean,Yellow,FAQ,11/01/2022,5825,6375,6200,13
Maharashtra,Amarawati,Chandur Railway,Soyabean,Yellow,FAQ,09/02/2022,5680,6400,6100,13
Maharashtra,Amarawati,Chandur Railway,Soyabean,Yellow,FAQ,15/02/2022,5875,6700,6400,13
Maharashtra,Amarawati,Chandur Railway,Soyabean,Yellow,FAQ,22/02/2022,6500,6810,6700,13
Maharashtra,Amarawati,Chandur Railway,Soyabean,Yellow,FAQ,21/04/2022,6500,7300,7150,13
Maharashtra,Amarawati,Chandur Railway,Soyabean,Yellow,FAQ,31/05/2022,6000,6200,6100,13
Maharashtra,Amarawati,Chandur Railway,Soyabean,Yellow,FAQ,03/06/2022,6040,6125,6100,13
Maharashtra,Amarawati,Chandur Railway,Soyabean,Yellow,FAQ,04/06/2022,6040,6125,6100,13
Maharashtra,Amarawati,Chandur Railway,Soyabean,Yellow,FAQ,02/07/2022,6080,6100,6090,13
Maharashtra,Amarawati,Chandur Railway,Soyabean,Yellow,FAQ,15/07/2022,5700,6055,5955,13
Maharashtra,Amarawati,Chandur Railway,Soyabean,Yellow,FAQ,16/07/2022,5750,5950,5850,13
Maharashtra,Amarawati,Chandur Railway,Soyabean,Yellow,FAQ,03/08/2022,5725,6175,6000,13
Maharashtra,Amarawati,Chandur Railway,Soyabean,Yellow,FAQ,04/08/2022,6100,6200,6150,13
Maharashtra,Amarawati,Chandur Railway,Soyabean,Yellow,FAQ,12/08/2022,6050,6200,6150,13
Maharashtra,Amarawati,Chandur Railway,Soyabean,Yellow,FAQ,01/10/2022,4800,4800,4800,13
Maharashtra,Amarawati,Chandur Railway,Soyabean,Yellow,FAQ,06/10/2022,4800,4800,4800,13
Maharashtra,Amarawati,Chandur Railway,Soyabean,Yellow,FAQ,12/10/2022,3700,4250,4200,13
Maharashtra,Amarawati,Chandur Railway,Soyabean,Yellow,FAQ,09/11/2022,5400,6000,5800,13
Maharashtra,Amarawati,Chandur Railway,Soyabean,Yellow,FAQ,16/11/2022,5300,5600,5500,13
Maharashtra,Amarawati,Chandur Railway,Soyabean,Yellow,FAQ,18/11/2022,5200,5650,5500,13
Maharashtra,Amarawati,Chandur Railway,Soyabean,Yellow,FAQ,05/12/2022,5000,5330,5255,13
Maharashtra,Amarawati,Chandur Railway,Soyabean,Yellow,FAQ,07/12/2022,5250,5410,5350,13
Maharashtra,Amarawati,Chandur Railway,Soyabean,Yellow,FAQ,14/12/2022,5150,5315,5255,13
Maharashtra,Amarawati,Chandur Railway,Soyabean,Yellow,FAQ,23/12/2022,5080,5400,5350,13
Maharashtra,Amarawati,Daryapur,Soyabean,Yellow,FAQ,03/01/2022,4005,7830,6000,13
Maharashtra,Amarawati,Daryapur,Soyabean,Yellow,FAQ,14/01/2022,4000,7895,6000,13
Maharashtra,Amarawati,Daryapur,Soyabean,Yellow,FAQ,17/01/2022,3750,7755,5800,13
Maharashtra,Amarawati,Daryapur,Soyabean,Yellow,FAQ,28/01/2022,4800,8010,6400,13
Maharashtra,Amarawati,Daryapur,Soyabean,Yellow,FAQ,05/02/2022,4750,7215,6300,13
Maharashtra,Amarawati,Daryapur,Soyabean,Yellow,FAQ,16/02/2022,5200,7600,6400,13
Maharashtra,Amarawati,Daryapur,Soyabean,Yellow,FAQ,26/02/2022,4605,7900,6750,13
Maharashtra,Amarawati,Daryapur,Soyabean,Yellow,FAQ,07/03/2022,3750,7600,6900,13
Maharashtra,Amarawati,Daryapur,Soyabean,Yellow,FAQ,19/03/2022,4500,7685,6850,13
Maharashtra,Amarawati,Daryapur,Soyabean,Yellow,FAQ,05/04/2022,5000,7850,7205,13
Maharashtra,Amarawati,Daryapur,Soyabean,Yellow,FAQ,29/04/2022,400,7800,7050,13
Maharashtra,Amarawati,Daryapur,Soyabean,Yellow,FAQ,23/05/2022,4000,8210,6875,13
Maharashtra,Amarawati,Daryapur,Soyabean,Yellow,FAQ,25/05/2022,4500,8200,6750,13
Maharashtra,Amarawati,Daryapur,Soyabean,Yellow,FAQ,27/05/2022,5200,8000,6750,13
Maharashtra,Amarawati,Daryapur,Soyabean,Yellow,FAQ,06/06/2022,5200,6800,6150,13
Maharashtra,Amarawati,Daryapur,Soyabean,Yellow,FAQ,13/06/2022,4000,6800,6200,13
Maharashtra,Amarawati,Daryapur,Soyabean,Yellow,FAQ,20/06/2022,4500,7100,6300,13
Maharashtra,Amarawati,Daryapur,Soyabean,Yellow,FAQ,21/06/2022,5005,6250,5900,13
Maharashtra,Amarawati,Daryapur,Soyabean,Yellow,FAQ,12/07/2022,4755,6285,6100,13
Maharashtra,Amarawati,Daryapur,Soyabean,Yellow,FAQ,15/07/2022,4405,6220,6000,13
Maharashtra,Amarawati,Daryapur,Soyabean,Yellow,FAQ,03/08/2022,4010,6200,5900,13
Maharashtra,Amarawati,Daryapur,Soyabean,Yellow,FAQ,06/09/2022,4850,5210,4995,13
Maharashtra,Amarawati,Daryapur,Soyabean,Yellow,FAQ,27/09/2022,3780,4895,4550,13
Maharashtra,Amarawati,Daryapur,Soyabean,Yellow,FAQ,05/11/2022,4405,5900,5000,13
Maharashtra,Amarawati,Daryapur,Soyabean,Yellow,FAQ,29/11/2022,4405,5630,5100,13
Maharashtra,Amarawati,Daryapur,Soyabean,Yellow,FAQ,13/12/2022,4705,5710,5050,13
Maharashtra,Amarawati,Daryapur,Soyabean,Yellow,FAQ,17/12/2022,4500,5500,5100,13
Maharashtra,Amarawati,Daryapur,Soyabean,Yellow,FAQ,23/12/2022,4700,5475,5100,13
Maharashtra,Amarawati,Daryapur,Soyabean,Yellow,FAQ,24/12/2022,4305,5400,5100,13
Maharashtra,Amarawati,Daryapur,Soyabean,Yellow,FAQ,28/12/2022,4605,5450,5100,13
Maharashtra,Amarawati,Daryapur,Soyabean,Yellow,FAQ,30/12/2022,4600,5480,5100,13
Maharashtra,Amarawati,Dhamngaon-Railway,Soyabean,Yellow,FAQ,03/01/2022,5800,6591,6350,13
Maharashtra,Amarawati,Dhamngaon-Railway,Soyabean,Yellow,FAQ,04/01/2022,5900,6800,6350,13
Maharashtra,Amarawati,Dhamngaon-Railway,Soyabean,Yellow,FAQ,07/01/2022,5500,6855,6000,13
Maharashtra,Amarawati,Dhamngaon-Railway,Soyabean,Yellow,FAQ,21/01/2022,5800,7000,6650,13
Maharashtra,Amarawati,Dhamngaon-Railway,Soyabean,Yellow,FAQ,25/06/2022,5900,6195,6000,13
Maharashtra,Amarawati,Dhamngaon-Railway,Soyabean,Yellow,FAQ,13/07/2022,5780,6145,6130,13
Maharashtra,Amarawati,Dhamngaon-Railway,Soyabean,Yellow,FAQ,17/11/2022,4400,5705,5100,13
Maharashtra,Amarawati,Dhamngaon-Railway,Soyabean,Yellow,FAQ,02/12/2022,4500,5455,5000,13
Maharashtra,Amarawati,Dhamngaon-Railway,Soyabean,Yellow,FAQ,07/12/2022,4420,5495,5200,13
Maharashtra,Amarawati,Dhamngaon-Railway,Soyabean,Yellow,FAQ,22/12/2022,4805,5505,5150,13
Maharashtra,Amarawati,Dhamngaon-Railway,Soyabean,Yellow,FAQ,26/12/2022,4600,5370,5100,13
Maharashtra,Amarawati,Dhamngaon-Railway,Soyabean,Yellow,FAQ,29/12/2022,4945,5380,5100,13
Maharashtra,Amarawati,Dhamngaon-Railway,Soyabean,Yellow,FAQ,30/12/2022,5105,5370,5200,13
Maharashtra,Amarawati,Morshi,Soyabean,Other,FAQ,03/02/2022,5700,6000,5850,13
Maharashtra,Amarawati,Morshi,Soyabean,Other,FAQ,21/02/2022,6228,6530,6365,13
Maharashtra,Amarawati,Morshi,Soyabean,Other,FAQ,24/02/2022,6123,7567,6750,13
Maharashtra,Amarawati,Morshi,Soyabean,Other,FAQ,28/02/2022,6889,7175,6987,13
Maharashtra,Amarawati,Morshi,Soyabean,Other,FAQ,24/03/2022,6800,7100,6950,13
Maharashtra,Amarawati,Morshi,Soyabean,Other,FAQ,04/04/2022,6500,7200,6850,13
Maharashtra,Amarawati,Morshi,Soyabean,Other,FAQ,11/04/2022,7000,7300,7150,13
Maharashtra,Amarawati,Morshi,Soyabean,Other,FAQ,21/04/2022,7000,7270,7135,13
Maharashtra,Amarawati,Morshi,Soyabean,Other,FAQ,23/05/2022,6000,6300,6150,13
Maharashtra,Amarawati,Morshi,Soyabean,Other,FAQ,23/06/2022,5800,6080,5940,13
Maharashtra,Amarawati,Morshi,Soyabean,Other,FAQ,27/06/2022,5900,6500,5982,13
Maharashtra,Amarawati,Morshi,Soyabean,Other,FAQ,18/07/2022,5800,6015,5907,13
Maharashtra,Amarawati,Morshi,Soyabean,Other,FAQ,28/07/2022,5800,6100,5950,13
Maharashtra,Amarawati,Morshi,Soyabean,Other,FAQ,05/09/2022,5000,5200,5100,13
Maharashtra,Amarawati,Morshi,Soyabean,Other,FAQ,26/09/2022,4500,4800,4650,13
Maharashtra,Amarawati,Morshi,Soyabean,Other,FAQ,10/10/2022,4500,4705,4602,13
Maharashtra,Amarawati,Morshi,Soyabean,Other,FAQ,17/10/2022,4400,4650,4525,13
Maharashtra,Amarawati,Morshi,Soyabean,Other,FAQ,08/11/2022,5200,5900,5550,13
Maharashtra,Amarawati,Morshi,Soyabean,Other,FAQ,21/11/2022,5000,5690,5345,13
Maharashtra,Amarawati,Morshi,Soyabean,Other,FAQ,22/11/2022,5200,5600,5400,13
Maharashtra,Amarawati,Morshi,Soyabean,Other,FAQ,28/11/2022,5200,5300,5250,13
Maharashtra,Amarawati,Morshi,Soyabean,Other,FAQ,08/12/2022,5200,5350,5275,13
Maharashtra,Amarawati,Morshi,Soyabean,Other,FAQ,15/12/2022,5200,5320,5260,13
Maharashtra,Amarawati,Morshi,Soyabean,Other,FAQ,20/12/2022,5000,5240,5120,13
Maharashtra,Amarawati,Morshi,Soyabean,Other,FAQ,23/12/2022,5200,5400,5300,13
Maharashtra,Amarawati,Morshi,Soyabean,Other,FAQ,27/12/2022,5000,5200,5100,13
Maharashtra,Amarawati,Nandgaon Khandeshwar,Soyabean,Yellow,FAQ,22/01/2022,5550,6135,5842,13
Maharashtra,Amarawati,Nandgaon Khandeshwar,Soyabean,Yellow,FAQ,29/01/2022,5650,5900,5775,13
Maharashtra,Amarawati,Nandgaon Khandeshwar,Soyabean,Yellow,FAQ,02/02/2022,5550,5800,5675,13
Maharashtra,Amarawati,Nandgaon Khandeshwar,Soyabean,Yellow,FAQ,15/07/2022,5850,6097,5970,13
Maharashtra,Amarawati,Nandgaon Khandeshwar,Soyabean,Yellow,FAQ,20/07/2022,5870,6150,6010,13
Maharashtra,Amarawati,Nandgaon Khandeshwar,Soyabean,Yellow,FAQ,21/07/2022,5750,6000,5875,13
Maharashtra,Amarawati,Nandgaon Khandeshwar,Soyabean,Yellow,FAQ,23/08/2022,5375,5711,5543,13
Maharashtra,Amarawati,Nandgaon Khandeshwar,Soyabean,Yellow,FAQ,23/09/2022,4800,5000,4900,13
Maharashtra,Amarawati,Nandgaon Khandeshwar,Soyabean,Yellow,FAQ,24/09/2022,4865,5015,4940,13
Maharashtra,Amarawati,Nandgaon Khandeshwar,Soyabean,Yellow,FAQ,26/09/2022,4570,4800,4685,13
Maharashtra,Amarawati,Nandgaon Khandeshwar,Soyabean,Yellow,FAQ,08/10/2022,4750,4990,4870,13
Maharashtra,Amarawati,Nandgaon Khandeshwar,Soyabean,Yellow,FAQ,18/10/2022,4450,4800,4625,13
Maharashtra,Amarawati,Nandgaon Khandeshwar,Soyabean,Yellow,FAQ,19/10/2022,4450,4900,4675,13
Maharashtra,Amarawati,Nandgaon Khandeshwar,Soyabean,Yellow,FAQ,05/11/2022,4950,5400,5175,13
Maharashtra,Amarawati,Nandgaon Khandeshwar,Soyabean,Yellow,FAQ,02/12/2022,4750,5200,4975,13
Maharashtra,Amarawati,Nandgaon Khandeshwar,Soyabean,Yellow,FAQ,07/12/2022,5145,5485,5315,13
Maharashtra,Amarawati,Nandgaon Khandeshwar,Soyabean,Yellow,FAQ,10/12/2022,5170,5550,5360,13
Maharashtra,Amarawati,Nandgaon Khandeshwar,Soyabean,Yellow,FAQ,19/12/2022,5145,5455,5300,13
Maharashtra,Amarawati,Nandgaon Khandeshwar,Soyabean,Yellow,FAQ,22/12/2022,5145,5375,5260,13
Maharashtra,Amarawati,Varud(Rajura Bazar),Soyabean,Yellow,FAQ,13/01/2022,4200,6199,5984,13
Maharashtra,Amarawati,Varud(Rajura Bazar),Soyabean,Yellow,FAQ,03/03/2022,7051,7200,7087,13
Maharashtra,Amarawati,Varud(Rajura Bazar),Soyabean,Yellow,FAQ,21/04/2022,5999,7000,6768,13
Maharashtra,Amarawati,Varud(Rajura Bazar),Soyabean,Yellow,FAQ,11/08/2022,5999,5999,5999,13
Maharashtra,Amarawati,Varud(Rajura Bazar),Soyabean,Yellow,FAQ,13/10/2022,4300,4750,4626,13
Maharashtra,Amarawati,Varud(Rajura Bazar),Soyabean,Yellow,FAQ,29/12/2022,5195,5369,5289,13
Maharashtra,Amarawati,Achalpur,Soyabean,Other,FAQ,03/06/2024,4300,4400,4350,13
Maharashtra,Amarawati,Amarawati,Soyabean,Other,FAQ,04/06/2024,4300,4375,4337,13
Maharashtra,Amarawati,Amarawati,Soyabean,Other,FAQ,08/06/2024,4300,4425,4362,13
Maharashtra,Amarawati,Amarawati,Soyabean,Other,FAQ,10/06/2024,4350,4431,4390,13
Maharashtra,Amarawati,Amarawati,Soyabean,Other,FAQ,21/06/2024,4250,4351,4300,13
Maharashtra,Amarawati,Amarawati,Soyabean,Other,FAQ,26/06/2024,4350,4433,4391,13
Maharashtra,Amarawati,Chandur Bazar,Soyabean,Yellow,FAQ,06/06/2024,4000,4350,4260,13
Maharashtra,Amarawati,Chandur Bazar,Soyabean,Yellow,FAQ,14/06/2024,4000,4350,4250,13
Maharashtra,Amarawati,Chandur Bazar,Soyabean,Yellow,FAQ,27/06/2024,4000,4400,4310,13
Maharashtra,Amarawati,Chandur Railway,Soyabean,Yellow,FAQ,04/06/2024,4325,4375,4350,13
Maharashtra,Amarawati,Chandur Railway,Soyabean,Yellow,FAQ,07/06/2024,4300,4475,4400,13
Maharashtra,Amarawati,Chandur Railway,Soyabean,Yellow,FAQ,19/06/2024,4150,4450,4400,13
Maharashtra,Amarawati,Morshi,Soyabean,Other,FAQ,13/06/2024,4100,4350,4225,13
Maharashtra,Amarawati,Nandgaon Khandeshwar,Soyabean,Yellow,FAQ,22/06/2024,4250,4470,4360,13
Maharashtra,Amarawati,Shetkari Khushi Bazar,Soyabean,Other,FAQ,18/06/2024,2000,4400,4267,13
Maharashtra,Amarawati,Shetkari Khushi Bazar,Soyabean,Other,FAQ,25/06/2024,4350,4500,4425,13
Maharashtra,Amarawati,Shetkari Khushi Bazar,Soyabean,Other,FAQ,26/06/2024,3600,4500,4394,13
Maharashtra,Amarawati,Varud(Rajura Bazar),Soyabean,Yellow,FAQ,20/06/2024,4290,4290,4290,13
Maharashtra,Amarawati,Achalpur,Soyabean,Other,Local,07/03/2025,3400,4000,3700,13
Maharashtra,Amarawati,Amarawati,Soyabean,Other,Local,08/03/2025,3750,3900,3825,13
Maharashtra,Amarawati,Amarawati,Soyabean,Other,Local,19/03/2025,3750,3900,3825,13
Maharashtra,Amarawati,Amarawati,Soyabean,Other,Local,26/03/2025,3850,4147,3998,13
Maharashtra,Amarawati,Chandur Bazar,Soyabean,Yellow,Non-FAQ,10/03/2025,3500,3900,3710,13
Maharashtra,Amarawati,Chandur Bazar,Soyabean,Yellow,Non-FAQ,11/03/2025,3500,3900,3760,13
Maharashtra,Amarawati,Chandur Bazar,Soyabean,Yellow,Non-FAQ,18/03/2025,3500,3850,3610,13
Maharashtra,Amarawati,Dhamngaon-Railway,Soyabean,Yellow,Non-FAQ,11/03/2025,3500,4065,3800,13
Maharashtra,Amarawati,Morshi,Soyabean,Other,Local,03/03/2025,3700,3900,3800,13
Maharashtra,Amarawati,Nandgaon Khandeshwar,Soyabean,Yellow,Non-FAQ,11/03/2025,3730,3940,3835,13
Maharashtra,Amarawati,Shetkari Khushi Bazar,Soyabean,Other,FAQ,05/03/2025,3700,3900,3793,13
Maharashtra,Amarawati,Shetkari Khushi Bazar,Soyabean,Other,FAQ,10/03/2025,1400,4000,3785,13
Maharashtra,Amarawati,Shetkari Khushi Bazar,Soyabean,Other,FAQ,19/03/2025,2000,4000,3866,13
Maharashtra,Amarawati,Shetkari Khushi Bazar,Soyabean,Other,FAQ,24/03/2025,3650,4240,3969,13
Maharashtra,Amarawati,Shetkari Khushi Bazar,Soyabean,Other,FAQ,26/03/2025,3500,4225,3911,13
Maharashtra,Amarawati,Shetkari Khushi Bazar,Soyabean,Other,FAQ,28/03/2025,3600,4150,4047,13
Maharashtra,Amarawati,Varud,Soyabean,Yellow,Non-FAQ,05/03/2025,3750,3750,3750,13
Maharashtra,Amarawati,Varud(Rajura Bazar),Soyabean,Yellow,Non-FAQ,14/03/2025,3400,3700,3636,13
Maharashtra,Amarawati,Daryapur APMC,Soyabean,Yellow,Non-FAQ,01/11/2025,3000,4300,3950,13
Maharashtra,Amarawati,Daryapur APMC,Soyabean,Yellow,FAQ,10/11/2025,5350,7100,6150,13
Maharashtra,Amarawati,Chandur Bazar APMC,Soyabean,Yellow,Non-FAQ,12/11/2025,3000,4890,4050,13
Maharashtra,Amarawati,Dhamngaon-Railway APMC,Soyabean,Yellow,Non-FAQ,29/11/2025,3500,4500,4000,13
Maharashtra,Amarawati,Varud APMC,Soyabean,Yellow,Non-FAQ,30/11/2025,3460,4575,3570,13
Maharashtra,Amarawati,Chandur Bazar APMC,Soyabean,Yellow,Non-FAQ,28/11/2025,3500,4550,4212,13
Maharashtra,Amarawati,Amarawati APMC,Soyabean,Other,Local,14/11/2025,4150,4600,4375,13
Maharashtra,Amarawati,Amarawati APMC,Soyabean,Other,Local,15/11/2025,4000,4450,4225,13
Maharashtra,Amarawati,Amarawati APMC,Soyabean,Other,Local,24/11/2025,3950,4550,4250,13
Maharashtra,Amarawati,Amarawati APMC,Soyabean,Other,Local,26/11/2025,3750,4450,4100,13
Maharashtra,Amarawati,Amarawati APMC,Soyabean,Other,Local,27/11/2025,3800,4500,4150,13
Maharashtra,Amarawati,Amarawati APMC,Soyabean,Other,Local,17/11/2025,3850,4600,4225,13
Maharashtra,Amarawati,Amarawati APMC,Soyabean,Other,Local,22/11/2025,4200,4600,4400,13
Maharashtra,Amarawati,Achalpur,Soyabean,Other,Local,05/05/2025,3800,4150,3975,13
Maharashtra,Amarawati,Achalpur,Soyabean,Other,Local,29/05/2025,3900,4325,4113,13
Maharashtra,Amarawati,Amarawati,Soyabean,Other,Local,05/05/2025,4050,4250,4150,13
Maharashtra,Amarawati,Amarawati,Soyabean,Other,Local,08/05/2025,4050,4250,4150,13
Maharashtra,Amarawati,Amarawati,Soyabean,Other,Local,09/05/2025,4100,4300,4200,13
Maharashtra,Amarawati,Amarawati,Soyabean,Other,Local,10/05/2025,4250,4400,4325,13
Maharashtra,Amarawati,Amarawati,Soyabean,Other,Local,13/05/2025,4050,4250,4150,13
Maharashtra,Amarawati,Amarawati,Soyabean,Other,Local,17/05/2025,4050,4260,4155,13
Maharashtra,Amarawati,Amarawati,Soyabean,Other,Local,28/05/2025,4050,4218,4134,13
Maharashtra,Amarawati,Anajngaon,Soyabean,Yellow,Non-FAQ,02/05/2025,3600,4000,3800,13
Maharashtra,Amarawati,Chandur Bazar,Soyabean,Yellow,Non-FAQ,06/05/2025,3500,4100,3860,13
Maharashtra,Amarawati,Chandur Bazar,Soyabean,Yellow,Non-FAQ,08/05/2025,3650,4100,3840,13
Maharashtra,Amarawati,Chandur Railway,Soyabean,Yellow,Non-FAQ,23/05/2025,4100,4300,4250,13
Maharashtra,Amarawati,Chandur Railway,Soyabean,Yellow,Non-FAQ,30/05/2025,4150,4250,4200,13
Maharashtra,Amarawati,Daryapur,Soyabean,Yellow,Non-FAQ,06/05/2025,3800,4425,4150,13
Maharashtra,Amarawati,Morshi,Soyabean,Other,Non-FAQ,05/05/2025,3800,3970,3885,13
Maharashtra,Amarawati,Nandgaon Khandeshwar,Soyabean,Yellow,Non-FAQ,24/05/2025,3900,4220,4060,13
Maharashtra,Amarawati,Nandgaon Khandeshwar,Soyabean,Yellow,Non-FAQ,26/05/2025,4045,4225,4135,13
Maharashtra,Amarawati,Shetkari Khushi Bazar,Soyabean,Other,FAQ,07/05/2025,4300,4330,4320,13
Maharashtra,Amarawati,Shetkari Khushi Bazar,Soyabean,Other,FAQ,09/05/2025,4250,4425,4344,13
Maharashtra,Amarawati,Shetkari Khushi Bazar,Soyabean,Other,FAQ,28/05/2025,4200,4300,4268,13
Maharashtra,Amarawati,Varud,Soyabean,Yellow,Non-FAQ,05/05/2025,3310,4170,4056,13
Maharashtra,Amarawati,Achalpur,Soyabean,Other,Local,18/06/2025,3900,4100,4000,13
Maharashtra,Amarawati,Amarawati,Soyabean,Other,Local,04/06/2025,4050,4225,4137,13
Maharashtra,Amarawati,Amarawati,Soyabean,Other,Local,05/06/2025,4100,4235,4167,13
Maharashtra,Amarawati,Amarawati,Soyabean,Other,Local,12/06/2025,4050,4210,4130,13
Maharashtra,Amarawati,Amarawati,Soyabean,Other,Local,16/06/2025,4050,4175,4112,13
Maharashtra,Amarawati,Amarawati,Soyabean,Other,Local,27/06/2025,4050,4275,4162,13
Maharashtra,Amarawati,Amarawati,Soyabean,Other,Local,28/06/2025,4050,4260,4155,13
Maharashtra,Amarawati,Anajngaon,Soyabean,Yellow,Non-FAQ,20/06/2025,4800,5200,5000,13
Maharashtra,Amarawati,Chandur Bazar,Soyabean,Yellow,Non-FAQ,10/06/2025,3500,4180,4030,13
Maharashtra,Amarawati,Chandur Bazar,Soyabean,Yellow,Non-FAQ,16/06/2025,3500,4340,4140,13
Maharashtra,Amarawati,Chandur Bazar,Soyabean,Yellow,Non-FAQ,17/06/2025,3500,4300,4200,13
Maharashtra,Amarawati,Chandur Bazar,Soyabean,Yellow,Non-FAQ,30/06/2025,3500,4250,4110,13
Maharashtra,Amarawati,Chandur Railway,Soyabean,Yellow,Non-FAQ,04/06/2025,3750,4310,4050,13
Maharashtra,Amarawati,Chandur Railway,Soyabean,Yellow,Non-FAQ,09/06/2025,3905,4360,4100,13
Maharashtra,Amarawati,Daryapur,Soyabean,Yellow,Non-FAQ,18/06/2025,3400,4250,4050,13
Maharashtra,Amarawati,Dhamngaon-Railway,Soyabean,Yellow,Non-FAQ,10/06/2025,3800,4555,4200,13
Maharashtra,Amarawati,Dhamngaon-Railway,Soyabean,Yellow,Non-FAQ,27/06/2025,3645,4445,4300,13
Maharashtra,Amarawati,Shetkari Khushi Bazar,Soyabean,Other,FAQ,03/06/2025,4000,4200,4087,13
Maharashtra,Amarawati,Shetkari Khushi Bazar,Soyabean,Other,Local,06/06/2025,2500,4350,4153,13
Maharashtra,Amarawati,Shetkari Khushi Bazar,Soyabean,Other,Local,09/06/2025,4000,4350,4213,13
Maharashtra,Amarawati,Shetkari Khushi Bazar,Soyabean,Other,Local,12/06/2025,1000,4300,4167,13
Maharashtra,Amarawati,Shetkari Khushi Bazar,Soyabean,Other,Local,13/06/2025,1000,4300,4195,13
Maharashtra,Amarawati,Shetkari Khushi Bazar,Soyabean,Other,Local,16/06/2025,3900,4400,4176,13
Maharashtra,Amarawati,Shetkari Khushi Bazar,Soyabean,Other,Local,20/06/2025,700,4400,4089,13
Maharashtra,Amarawati,Shetkari Khushi Bazar,Soyabean,Other,Local,26/06/2025,4100,4200,4125,13
Maharashtra,Amarawati,Shetkari Khushi Bazar,Soyabean,Other,Local,30/06/2025,4250,4300,4277,13
Maharashtra,Amarawati,Achalpur,Soyabean,Other,Local,02/07/2025,3900,4100,4000,13
Maharashtra,Amarawati,Achalpur,Soyabean,Other,Local,22/07/2025,4000,4350,4175,13
Maharashtra,Amarawati,Amarawati,Soyabean,Other,Local,02/07/2025,4050,4245,4147,13
Maharashtra,Amarawati,Amarawati,Soyabean,Other,Local,03/07/2025,4050,4260,4155,13
Maharashtra,Amarawati,Amarawati,Soyabean,Other,Local,10/07/2025,4100,4350,4225,13
Maharashtra,Amarawati,Achalpur,Soyabean,Other,Local,10/07/2025,3200,4250,3725,13
Maharashtra,Amarawati,Amarawati,Soyabean,Other,Local,12/07/2025,4050,4261,4155,13
Maharashtra,Amarawati,Amarawati,Soyabean,Other,Local,16/07/2025,4100,4300,4200,13
Maharashtra,Amarawati,Amarawati,Soyabean,Other,Local,23/07/2025,4200,4368,4284,13
Maharashtra,Amarawati,Chandur Bazar,Soyabean,Yellow,Non-FAQ,10/07/2025,3200,4200,3980,13
Maharashtra,Amarawati,Chandur Bazar,Soyabean,Yellow,Non-FAQ,15/07/2025,3200,4200,3920,13
Maharashtra,Amarawati,Chandur Railway,Soyabean,Yellow,Non-FAQ,16/07/2025,4300,4350,4310,13
Maharashtra,Amarawati,Chandur Railway,Soyabean,Yellow,Non-FAQ,25/07/2025,4300,4425,4425,13
Maharashtra,Amarawati,Daryapur,Soyabean,Yellow,Non-FAQ,04/07/2025,3400,4325,4160,13
Maharashtra,Amarawati,Daryapur,Soyabean,Yellow,Non-FAQ,05/07/2025,3500,4235,4050,13
Maharashtra,Amarawati,Dhamngaon-Railway,Soyabean,Yellow,Non-FAQ,19/07/2025,4050,4550,4250,13
Maharashtra,Amarawati,Morshi,Soyabean,Other,Local,17/07/2025,3800,4100,3950,13
Maharashtra,Amarawati,Morshi,Soyabean,Other,Local,21/07/2025,3700,4250,3975,13
Maharashtra,Amarawati,Nandgaon Khandeshwar,Soyabean,Yellow,Non-FAQ,02/07/2025,4050,4250,4150,13
Maharashtra,Amarawati,Nandgaon Khandeshwar,Soyabean,Yellow,Non-FAQ,07/07/2025,4050,4300,4175,13
Maharashtra,Amarawati,Nandgaon Khandeshwar,Soyabean,Yellow,Non-FAQ,08/07/2025,4050,4250,4150,13
Maharashtra,Amarawati,Shetkari Khushi Bazar,Soyabean,Other,Local,07/07/2025,3500,4350,4284,13
Maharashtra,Amarawati,Shetkari Khushi Bazar,Soyabean,Other,Local,16/07/2025,4100,4350,4185,13
Maharashtra,Amarawati,Shetkari Khushi Bazar,Soyabean,Other,Local,18/07/2025,2000,4400,4279,13
Maharashtra,Amarawati,Shetkari Khushi Bazar,Soyabean,Other,Local,25/07/2025,4100,4100,4100,13
Maharashtra,Amarawati,Shetkari Khushi Bazar,Soyabean,Other,Local,31/07/2025,4400,4500,4495,13
Maharashtra,Amarawati,Varud,Soyabean,Yellow,Non-FAQ,02/07/2025,3300,4250,4134,13
Maharashtra,Amarawati,Varud,Soyabean,Yellow,Non-FAQ,06/07/2025,4200,4250,4225,13
Maharashtra,Amarawati,Achalpur,Soyabean,Other,Local,21/08/2025,4000,4622,4311,13
Maharashtra,Amarawati,Amarawati,Soyabean,Other,Local,04/08/2025,4250,4559,4404,13
Maharashtra,Amarawati,Amarawati,Soyabean,Other,Local,12/08/2025,4525,4825,4675,13
Maharashtra,Amarawati,Amarawati,Soyabean,Other,Local,18/08/2025,4150,4450,4300,13
Maharashtra,Amarawati,Amarawati,Soyabean,Other,Local,19/08/2025,4250,4585,4417,13
Maharashtra,Amarawati,Amarawati,Soyabean,Other,Local,20/08/2025,4150,4450,4300,13
Maharashtra,Amarawati,Chandur Bazar,Soyabean,Yellow,Non-FAQ,18/08/2025,3500,4550,4220,13
Maharashtra,Amarawati,Chandur Railway,Soyabean,Yellow,Non-FAQ,01/08/2025,4450,4675,4500,13
Maharashtra,Amarawati,Chandur Railway,Soyabean,Yellow,Non-FAQ,21/08/2025,4350,4640,4500,13
Maharashtra,Amarawati,Daryapur,Soyabean,Yellow,Non-FAQ,01/08/2025,3800,4650,4400,13
Maharashtra,Amarawati,Dhamngaon-Railway,Soyabean,Yellow,Non-FAQ,11/08/2025,4360,5111,4600,13
Maharashtra,Amarawati,Nandgaon Khandeshwar,Soyabean,Yellow,Non-FAQ,04/08/2025,4345,4675,4510,13
Maharashtra,Amarawati,Varud(Rajura Bazar),Soyabean,Yellow,Non-FAQ,22/08/2025,4370,4495,4417,13
Maharashtra,Amarawati,Amarawati,Soyabean,Other,Local,02/08/2025,4300,4600,4450,13
Maharashtra,Amarawati,Amarawati,Soyabean,Other,Local,13/08/2025,4550,4700,4625,13
Maharashtra,Amarawati,Chandur Bazar,Soyabean,Yellow,Non-FAQ,20/08/2025,3500,4450,4150,13
Maharashtra,Amarawati,Chandur Bazar,Soyabean,Yellow,Non-FAQ,28/08/2025,3500,4400,3860,13
Maharashtra,Amarawati,Morshi,Soyabean,Other,Local,07/08/2025,4100,4670,4385,13
Maharashtra,Amarawati,Morshi,Soyabean,Other,Local,11/08/2025,4000,4400,4200,13
Maharashtra,Amarawati,Amarawati,Soyabean,Other,Local,28/08/2025,4100,4350,4225,13
Maharashtra,Amarawati,Chandur Bazar,Soyabean,Yellow,Non-FAQ,25/08/2025,3500,4500,3850,13
Maharashtra,Amarawati,Chandur Railway,Soyabean,Yellow,Non-FAQ,05/08/2025,4475,4725,4675,13
Maharashtra,Amarawati,Chandur Railway,Soyabean,Yellow,Non-FAQ,11/08/2025,4600,4800,4750,13
Maharashtra,Amarawati,Chandur Railway,Soyabean,Yellow,Non-FAQ,25/08/2025,4400,4650,4500,13
Maharashtra,Amarawati,Daryapur,Soyabean,Yellow,Non-FAQ,02/08/2025,3500,4700,4500,13
Maharashtra,Amarawati,Daryapur,Soyabean,Yellow,Non-FAQ,19/08/2025,3600,4690,4500,13
Maharashtra,Amarawati,Achalpur,Soyabean,Other,Local,30/10/2025,3251,4180,3775,13
Maharashtra,Amarawati,Amarawati,Soyabean,Other,Local,03/10/2025,4100,4400,4250,13
Maharashtra,Amarawati,Amarawati,Soyabean,Other,Local,16/10/2025,3650,4266,3958,13
Maharashtra,Amarawati,Anajngaon,Soyabean,Yellow,Non-FAQ,12/10/2025,2600,4100,3600,13
Maharashtra,Amarawati,Daryapur,Soyabean,Yellow,Non-FAQ,14/10/2025,3000,4250,3950,13
Maharashtra,Amarawati,Morshi,Soyabean,Other,Local,14/10/2025,2500,3800,3150,13
Maharashtra,Amarawati,Shetkari Khushi Bazar,Soyabean,Other,Local,06/10/2025,3000,4400,3889,13
Maharashtra,Amarawati,Shetkari Khushi Bazar,Soyabean,Other,Local,28/10/2025,2000,4300,3885,13
Maharashtra,Amarawati,Amarawati,Soyabean,Other,Local,01/10/2025,4000,4350,4175,13
Maharashtra,Amarawati,Amarawati,Soyabean,Other,Local,07/10/2025,4000,4200,4100,13
Maharashtra,Amarawati,Amarawati,Soyabean,Other,Local,13/10/2025,3400,4050,3725,13
Maharashtra,Amarawati,Anajngaon,Soyabean,Yellow,Non-FAQ,05/10/2025,2500,4000,3200,13
Maharashtra,Amarawati,Anajngaon,Soyabean,Yellow,Non-FAQ,19/10/2025,2000,5000,4000,13
Maharashtra,Amarawati,Dhamngaon-Railway,Soyabean,Yellow,Non-FAQ,29/10/2025,3200,4400,3700,13
Maharashtra,Amarawati,Morshi,Soyabean,Other,Local,20/10/2025,3500,4050,3775,13
Maharashtra,Amarawati,Shetkari Khushi Bazar,Soyabean,Other,Local,09/10/2025,1800,4150,3737,13
Maharashtra,Amarawati,Shetkari Khushi Bazar,Soyabean,Other,Local,14/10/2025,1000,4250,3770,13
Maharashtra,Amarawati,Varud(Rajura Bazar),Soyabean,Yellow,Non-FAQ,31/10/2025,3365,4490,4229,13
Maharashtra,Amarawati,Achalpur,Soyabean,Other,Local,19/09/2025,4000,4200,4100,13
Maharashtra,Amarawati,Amarawati,Soyabean,Other,Local,03/09/2025,4150,4365,4257,13
Maharashtra,Amarawati,Amarawati,Soyabean,Other,Local,09/09/2025,4050,4325,4187,13
Maharashtra,Amarawati,Chandur Railway,Soyabean,Yellow,Non-FAQ,12/09/2025,4275,4400,4300,13
Maharashtra,Amarawati,Dhamngaon-Railway,Soyabean,Yellow,Non-FAQ,15/09/2025,3900,4300,4200,13
Maharashtra,Amarawati,Dhamngaon-Railway,Soyabean,Yellow,Non-FAQ,29/09/2025,4100,4370,4185,13
Maharashtra,Amarawati,Morshi,Soyabean,Other,Local,04/09/2025,4000,4180,4090,13
Maharashtra,Amarawati,Morshi,Soyabean,Other,Local,15/09/2025,4000,4100,4050,13
Maharashtra,Amarawati,Shetkari Khushi Bazar,Soyabean,Other,Local,22/09/2025,3800,4350,4298,13
Maharashtra,Amarawati,Shetkari Khushi Bazar,Soyabean,Other,Local,25/09/2025,3500,4200,4021,13
Maharashtra,Amarawati,Shetkari Khushi Bazar,Soyabean,Other,Local,30/09/2025,3800,4350,4346,13
Maharashtra,Amarawati,Amarawati,Soyabean,Other,Local,04/09/2025,4150,4347,4248,13
Maharashtra,Amarawati,Chandur Bazar,Soyabean,Yellow,Non-FAQ,11/09/2025,3200,4550,3890,13
Maharashtra,Amarawati,Chandur Bazar,Soyabean,Yellow,Non-FAQ,22/09/2025,3400,4260,3922,13
Maharashtra,Amarawati,Chandur Railway,Soyabean,Yellow,Non-FAQ,27/09/2025,4400,4400,4400,13
Maharashtra,Amarawati,Shetkari Khushi Bazar,Soyabean,Other,Local,23/09/2025,4000,4501,4173,13
Maharashtra,Amarawati,Varud(Rajura Bazar),Soyabean,Yellow,Non-FAQ,19/09/2025,4060,4195,4191,13
Maharashtra,Amarawati,Morshi APMC,Soyabean,Other,Local,01/12/2025,3900,4500,4200,13
Maharashtra,Amarawati,Morshi APMC,Soyabean,Other,Local,04/12/2025,4200,4500,4350,13
Maharashtra,Amarawati,Chandur Bazar APMC,Soyabean,Yellow,Non-FAQ,23/12/2025,3800,4270,4000,13
Maharashtra,Amarawati,Chandur Bazar APMC,Soyabean,Yellow,Non-FAQ,18/12/2025,3000,4560,4000,13
Maharashtra,Amarawati,Amarawati APMC,Soyabean,Other,Local,02/12/2025,4000,4450,4225,13
Maharashtra,Amarawati,Amarawati APMC,Soyabean,Other,Local,03/12/2025,4000,4450,4225,13
Maharashtra,Amarawati,Amarawati APMC,Soyabean,Other,Local,13/12/2025,3900,4450,4175,13
Maharashtra,Amarawati,Achalpur APMC,Soyabean,Other,Local,13/12/2025,3600,4400,4000,13
Maharashtra,Amarawati,Amarawati APMC,Soyabean,Other,Local,16/12/2025,3900,4400,4150,13
Maharashtra,Amarawati,Shetkari Khushi Bazar APMC,Soyabean,Other,Local,09/12/2025,1100,4350,4186,13
Maharashtra,Amarawati,Morshi APMC,Soyabean,Other,Local,18/12/2025,3500,3920,3711,13
Maharashtra,Amarawati,Amarawati APMC,Soyabean,Other,Local,30/12/2025,4250,4700,4475,13
Maharashtra,Amarawati,Achalpur APMC,Soyabean,Other,Local,04/12/2025,3650,4401,4025,13
Maharashtra,Amarawati,Amarawati APMC,Soyabean,Other,Local,31/12/2025,4250,4750,4500,13
Maharashtra,Amarawati,Achalpur APMC,Soyabean,Other,Local,12/12/2025,3600,4400,4000,13
Maharashtra,Amarawati,Varud(Rajura Bazar) APMC,Soyabean,Yellow,Non-FAQ,12/12/2025,3995,4690,4290,13
Maharashtra,Amarawati,Dhamngaon-Railway APMC,Soyabean,Yellow,Non-FAQ,13/12/2025,3500,4820,4200,13
Maharashtra,Amarawati,Varud APMC,Soyabean,Yellow,Non-FAQ,22/12/2025,3100,4525,4267,13
Maharashtra,Amarawati,Varud(Rajura Bazar) APMC,Soyabean,Yellow,Non-FAQ,19/12/2025,3800,4660,4390,13
Maharashtra,Amarawati,Daryapur APMC,Soyabean,Yellow,Non-FAQ,22/12/2025,3000,4400,4000,13
Maharashtra,Amarawati,Varud(Rajura Bazar) APMC,Soyabean,Yellow,Non-FAQ,05/12/2025,2800,4900,4101,13
Maharashtra,Amarawati,Varud APMC,Soyabean,Yellow,Non-FAQ,10/12/2025,1500,4340,4001,13
Maharashtra,Amarawati,Amarawati APMC,Soyabean,Other,Local,06/01/2026,4350,4750,4550,13
Maharashtra,Amarawati,Varud APMC,Soyabean,Yellow,Non-FAQ,06/01/2026,4250,4951,4504,13
Maharashtra,Amarawati,Chandur Bazar APMC,Soyabean,Yellow,Non-FAQ,16/01/2026,3800,5250,4760,13
Maharashtra,Amarawati,Shetkari Khushi Bazar APMC,Soyabean,Other,Local,14/01/2026,5101,5150,5105,13
Maharashtra,Amarawati,Amarawati APMC,Soyabean,Other,Local,30/01/2026,5100,5700,5400,13
Maharashtra,Amarawati,Amarawati APMC,Soyabean,Other,Local,31/01/2026,5100,5571,5335,13
Maharashtra,Amarawati,Chandur Bazar APMC,Soyabean,Yellow,Non-FAQ,15/01/2026,3800,5150,4820,13
Maharashtra,Amarawati,Dhamngaon-Railway APMC,Soyabean,Yellow,Non-FAQ,02/01/2026,3800,4930,4700,13
Maharashtra,Amarawati,Chandur Bazar APMC,Soyabean,Yellow,FAQ,29/01/2026,5800,5800,5800,13
Maharashtra,Amarawati,Chandur Bazar APMC,Soyabean,Yellow,Non-FAQ,29/01/2026,4500,5200,5000,13
Maharashtra,Amarawati,Amarawati APMC,Soyabean,Other,Local,11/02/2026,4650,5000,4825,13
Maharashtra,Amarawati,Amarawati APMC,Soyabean,Other,Local,13/02/2026,4850,5313,5081,13
Maharashtra,Amarawati,Amarawati APMC,Soyabean,Other,Local,17/02/2026,4850,5255,5052,13
Maharashtra,Amarawati,Morshi APMC,Soyabean,Other,Local,23/02/2026,4500,4700,4600,13
Maharashtra,Amarawati,Amarawati APMC,Soyabean,Other,Local,27/02/2026,4750,5100,4925,13
Maharashtra,Amarawati,Chandur Bazar APMC,Soyabean,Yellow,Non-FAQ,03/02/2026,4500,5300,5000,13
Maharashtra,Amarawati,Chandur Bazar APMC,Soyabean,Yellow,Non-FAQ,04/02/2026,4500,5300,5000,13
Maharashtra,Amarawati,Chandur Bazar APMC,Soyabean,Yellow,Non-FAQ,06/02/2026,4500,5300,5000,13
Maharashtra,Amarawati,Chandur Bazar APMC,Soyabean,Yellow,FAQ,09/02/2026,5350,5400,5400,13
Maharashtra,Amarawati,Dhamngaon-Railway APMC,Soyabean,Yellow,Non-FAQ,12/02/2026,4380,5270,5000,13
Maharashtra,Amarawati,Chandur Bazar APMC,Soyabean,Yellow,Non-FAQ,10/02/2026,4500,5320,5000,13
Maharashtra,Amarawati,Dhamngaon-Railway APMC,Soyabean,Yellow,Non-FAQ,20/02/2026,4570,5130,5000,13
Maharashtra,Amarawati,Dhamngaon-Railway APMC,Soyabean,Yellow,Non-FAQ,21/02/2026,4490,5120,5000,13
Maharashtra,Amarawati,Dhamngaon-Railway APMC,Soyabean,Yellow,FAQ,24/02/2026,5328,5340,5335,13
Maharashtra,Amarawati,Dhamngaon-Railway APMC,Soyabean,Yellow,Non-FAQ,28/02/2026,4260,5110,5000,13
Maharashtra,Amarawati,Nandgaon Khandeshwar APMC,Soyabean,Yellow,Non-FAQ,27/02/2026,4670,5130,4900,13
Maharashtra,Amarawati,Amarawati APMC,Soyabean,Other,Local,05/03/2026,5000,5300,5150,13
Maharashtra,Amarawati,Amarawati APMC,Soyabean,Other,Local,14/03/2026,4900,5300,5100,13
Maharashtra,Amarawati,Amarawati APMC,Soyabean,Other,Local,17/03/2026,4950,5300,5125,13
Maharashtra,Amarawati,Amarawati APMC,Soyabean,Other,Local,23/03/2026,4950,5300,5125,13
Maharashtra,Amarawati,Amarawati APMC,Soyabean,Other,Local,27/03/2026,4900,5300,5100,13
Maharashtra,Amarawati,Amarawati APMC,Soyabean,Other,Local,13/04/2026,5000,5400,5200,13
Maharashtra,Amarawati,Varud(Rajura Bazar) APMC,Soyabean,Yellow,Non-FAQ,13/03/2026,3500,5255,4579,13
Maharashtra,Amarawati,Varud APMC,Soyabean,Yellow,FAQ,30/03/2026,5360,5360,5360,13
Maharashtra,Amarawati,Anajngaon APMC,Soyabean,Yellow,Non-FAQ,05/04/2026,4700,5220,4900,13
Maharashtra,Amarawati,Dhamngaon-Railway APMC,Soyabean,Yellow,FAQ,10/03/2026,5328,5470,5400,13
Maharashtra,Amarawati,Varud(Rajura Bazar) APMC,Soyabean,Yellow,Non-FAQ,06/03/2026,4500,5290,5086,13
Maharashtra,Amarawati,Chandur Railway APMC,Soyabean,Yellow,FAQ,07/04/2026,5335,5600,5500,13
Maharashtra,Amarawati,Chandur Railway APMC,Soyabean,Yellow,FAQ,08/04/2026,5350,5500,5450,13
Maharashtra,Amarawati,Daryapur APMC,Soyabean,Yellow,Non-FAQ,11/04/2026,3500,5300,5250,13
Maharashtra,Amarawati,Chandur Bazar APMC,Soyabean,Yellow,Non-FAQ,16/04/2026,4500,5250,4860,13
Maharashtra,Amarawati,Achalpur,Soyabean,Other,FAQ,07/12/2021,6000,6250,6125,13
Maharashtra,Amarawati,Achalpur,Soyabean,Other,FAQ,11/12/2021,6000,6500,6250,13
Maharashtra,Amarawati,Achalpur,Soyabean,Other,FAQ,17/12/2021,6000,6500,6250,13
Maharashtra,Amarawati,Amarawati,Soyabean,Other,FAQ,01/01/2021,3600,4350,3975,13
Maharashtra,Amarawati,Amarawati,Soyabean,Other,FAQ,14/01/2021,3600,4350,3975,13
Maharashtra,Amarawati,Amarawati,Soyabean,Other,FAQ,23/01/2021,3650,4300,4025,13
Maharashtra,Amarawati,Amarawati,Soyabean,Other,FAQ,03/02/2021,3700,4350,4025,13
Maharashtra,Amarawati,Amarawati,Soyabean,Other,FAQ,04/02/2021,3750,4350,4050,13
Maharashtra,Amarawati,Amarawati,Soyabean,Other,FAQ,12/02/2021,3700,4460,4080,13
Maharashtra,Amarawati,Amarawati,Soyabean,Other,FAQ,22/05/2021,6650,7075,6862,13
Maharashtra,Amarawati,Amarawati,Soyabean,Other,FAQ,24/06/2021,6650,7050,6850,13
Maharashtra,Amarawati,Amarawati,Soyabean,Other,FAQ,25/06/2021,6700,7200,6950,13
Maharashtra,Amarawati,Amarawati,Soyabean,Other,FAQ,29/06/2021,6700,7000,6850,13
Maharashtra,Amarawati,Amarawati,Soyabean,Other,FAQ,25/08/2021,8000,8550,8275,13
Maharashtra,Amarawati,Amarawati,Soyabean,Other,FAQ,09/09/2021,8000,8300,8150,13
Maharashtra,Amarawati,Amarawati,Soyabean,Other,FAQ,05/10/2021,4000,5000,4500,13
Maharashtra,Amarawati,Amarawati,Soyabean,Other,FAQ,08/11/2021,4400,5000,4700,13
Maharashtra,Amarawati,Amarawati,Soyabean,Other,FAQ,23/11/2021,6800,7200,7000,13
Maharashtra,Amarawati,Amarawati,Soyabean,Other,FAQ,25/11/2021,5800,6450,6125,13
Maharashtra,Amarawati,Amarawati,Soyabean,Other,FAQ,26/11/2021,5800,6200,6000,13
Maharashtra,Amarawati,Amarawati,Soyabean,Other,FAQ,07/12/2021,5800,7750,6775,13
Maharashtra,Amarawati,Amarawati,Soyabean,Other,FAQ,08/12/2021,5900,7800,6850,13
Maharashtra,Amarawati,Amarawati,Soyabean,Other,FAQ,10/12/2021,6000,7100,6550,13
Maharashtra,Amarawati,Amarawati,Soyabean,Other,FAQ,17/12/2021,5650,7100,6375,13
Maharashtra,Amarawati,Anajngaon,Soyabean,Yellow,FAQ,31/01/2021,3800,4350,4050,13
Maharashtra,Amarawati,Anajngaon,Soyabean,Yellow,FAQ,05/02/2021,3600,4200,3900,13
Maharashtra,Amarawati,Anajngaon,Soyabean,Yellow,FAQ,07/05/2021,6000,7000,6500,13
Maharashtra,Amarawati,Anajngaon,Soyabean,Yellow,FAQ,02/06/2021,6000,6700,6400,13
Maharashtra,Amarawati,Anajngaon,Soyabean,Yellow,FAQ,27/06/2021,6000,7000,6500,13
Maharashtra,Amarawati,Anajngaon,Soyabean,Yellow,FAQ,30/07/2021,7500,9400,8600,13
Maharashtra,Amarawati,Anajngaon,Soyabean,Yellow,FAQ,06/08/2021,8000,9400,8700,13
Maharashtra,Amarawati,Anajngaon,Soyabean,Yellow,FAQ,18/08/2021,6500,7500,7000,13
Maharashtra,Amarawati,Anajngaon,Soyabean,Yellow,FAQ,15/09/2021,6400,7000,6700,13
Maharashtra,Amarawati,Anajngaon,Soyabean,Yellow,FAQ,31/10/2021,4000,5200,4700,13
Maharashtra,Amarawati,Anajngaon,Soyabean,Yellow,FAQ,07/11/2021,4000,5151,4600,13
Maharashtra,Amarawati,Anajngaon,Soyabean,Yellow,FAQ,08/12/2021,5000,7200,6400,13
Maharashtra,Amarawati,Anajngaon,Soyabean,Yellow,FAQ,19/12/2021,5400,6600,6100,13
Maharashtra,Amarawati,Anajngaon,Soyabean,Yellow,FAQ,22/12/2021,5000,6150,5600,13
Maharashtra,Amarawati,Chandur Bazar,Soyabean,Yellow,FAQ,18/01/2021,3200,4300,3880,13
Maharashtra,Amarawati,Chandur Bazar,Soyabean,Yellow,FAQ,19/01/2021,3200,4275,3826,13
Maharashtra,Amarawati,Chandur Bazar,Soyabean,Yellow,FAQ,25/01/2021,3500,4320,4130,13
Maharashtra,Amarawati,Chandur Bazar,Soyabean,Yellow,FAQ,27/01/2021,3800,4126,3910,13
Maharashtra,Amarawati,Chandur Bazar,Soyabean,Yellow,FAQ,28/01/2021,3500,4126,3800,13
Maharashtra,Amarawati,Chandur Bazar,Soyabean,Yellow,FAQ,09/02/2021,3800,4400,4190,13
Maharashtra,Amarawati,Chandur Bazar,Soyabean,Yellow,FAQ,10/02/2021,3800,4400,4160,13
Maharashtra,Amarawati,Chandur Bazar,Soyabean,Yellow,FAQ,15/02/2021,3800,4659,4130,13
Maharashtra,Amarawati,Chandur Bazar,Soyabean,Yellow,FAQ,24/02/2021,3800,4900,4530,13
Maharashtra,Amarawati,Chandur Bazar,Soyabean,Yellow,FAQ,04/03/2021,4100,5100,4650,13
Maharashtra,Amarawati,Chandur Bazar,Soyabean,Yellow,FAQ,05/03/2021,4000,4900,4500,13
Maharashtra,Amarawati,Chandur Bazar,Soyabean,Yellow,FAQ,25/03/2021,5000,5051,5010,13
Maharashtra,Amarawati,Chandur Bazar,Soyabean,Yellow,FAQ,12/04/2021,5860,6525,6200,13
Maharashtra,Amarawati,Chandur Bazar,Soyabean,Yellow,FAQ,26/04/2021,6000,6600,6400,13
Maharashtra,Amarawati,Chandur Bazar,Soyabean,Yellow,FAQ,28/04/2021,6210,6800,6700,13
Maharashtra,Amarawati,Chandur Bazar,Soyabean,Yellow,FAQ,29/04/2021,5900,6600,6300,13
Maharashtra,Amarawati,Chandur Bazar,Soyabean,Yellow,FAQ,05/05/2021,6000,7050,6890,13
Maharashtra,Amarawati,Chandur Bazar,Soyabean,Yellow,FAQ,31/05/2021,6250,6900,6800,13
Maharashtra,Amarawati,Chandur Bazar,Soyabean,Yellow,FAQ,11/06/2021,6000,7005,6600,13
Maharashtra,Amarawati,Chandur Bazar,Soyabean,Yellow,FAQ,06/07/2021,6100,7000,6700,13
Maharashtra,Amarawati,Chandur Bazar,Soyabean,Yellow,FAQ,20/07/2021,7000,7900,7510,13
Maharashtra,Amarawati,Chandur Bazar,Soyabean,Yellow,FAQ,26/07/2021,7000,9200,7950,13
Maharashtra,Amarawati,Chandur Bazar,Soyabean,Yellow,FAQ,27/07/2021,7000,9400,8300,13
Maharashtra,Amarawati,Chandur Bazar,Soyabean,Yellow,FAQ,28/07/2021,7000,9201,8111,13
Maharashtra,Amarawati,Chandur Bazar,Soyabean,Yellow,FAQ,29/07/2021,7000,9400,9100,13
Maharashtra,Amarawati,Chandur Bazar,Soyabean,Yellow,FAQ,31/08/2021,6610,7000,6801,13
Maharashtra,Amarawati,Chandur Bazar,Soyabean,Yellow,FAQ,27/09/2021,4000,6100,6000,13
Maharashtra,Amarawati,Chandur Bazar,Soyabean,Yellow,FAQ,13/10/2021,4000,5201,4721,13
Maharashtra,Amarawati,Chandur Bazar,Soyabean,Yellow,FAQ,17/11/2021,4000,5800,5500,13
Maharashtra,Amarawati,Chandur Bazar,Soyabean,Yellow,FAQ,16/12/2021,5250,7000,5625,13
Maharashtra,Amarawati,Chandur Railway,Soyabean,Yellow,FAQ,07/06/2021,6300,7055,6500,13
Maharashtra,Amarawati,Chandur Railway,Soyabean,Yellow,FAQ,25/10/2021,4000,4730,4500,13
Maharashtra,Amarawati,Chandur Railway,Soyabean,Yellow,FAQ,26/11/2021,6350,6575,6400,13
Maharashtra,Amarawati,Chandur Railway,Soyabean,Yellow,FAQ,14/12/2021,6075,6200,6100,13
Maharashtra,Amarawati,Daryapur,Soyabean,Yellow,FAQ,25/01/2021,2800,4855,4300,13
Maharashtra,Amarawati,Daryapur,Soyabean,Yellow,FAQ,13/02/2021,3550,4850,4565,13
Maharashtra,Amarawati,Daryapur,Soyabean,Yellow,FAQ,16/02/2021,3505,4890,4605,13
Maharashtra,Amarawati,Daryapur,Soyabean,Yellow,FAQ,06/03/2021,3700,5070,4870,13
Maharashtra,Amarawati,Daryapur,Soyabean,Yellow,FAQ,07/04/2021,4900,6700,6400,13
Maharashtra,Amarawati,Daryapur,Soyabean,Yellow,FAQ,03/05/2021,4905,7500,7100,13
Maharashtra,Amarawati,Daryapur,Soyabean,Yellow,FAQ,04/05/2021,4705,7500,7025,13
Maharashtra,Amarawati,Daryapur,Soyabean,Yellow,FAQ,31/05/2021,4800,7675,7100,13
Maharashtra,Amarawati,Daryapur,Soyabean,Yellow,FAQ,28/06/2021,6750,6895,6800,13
Maharashtra,Amarawati,Daryapur,Soyabean,Yellow,FAQ,17/07/2021,7200,7600,7400,13
Maharashtra,Amarawati,Daryapur,Soyabean,Yellow,FAQ,26/07/2021,5000,8680,8500,13
Maharashtra,Amarawati,Daryapur,Soyabean,Yellow,FAQ,06/08/2021,8200,9400,9155,13
Maharashtra,Amarawati,Daryapur,Soyabean,Yellow,FAQ,24/08/2021,6700,8305,8100,13
Maharashtra,Amarawati,Daryapur,Soyabean,Yellow,FAQ,25/08/2021,8255,8350,8305,13
Maharashtra,Amarawati,Daryapur,Soyabean,Yellow,FAQ,14/09/2021,7001,7500,7200,13
Maharashtra,Amarawati,Daryapur,Soyabean,Yellow,FAQ,15/09/2021,5500,5900,5700,13
Maharashtra,Amarawati,Daryapur,Soyabean,Yellow,FAQ,20/10/2021,4200,5400,5000,13
Maharashtra,Amarawati,Daryapur,Soyabean,Yellow,FAQ,22/10/2021,1400,5105,4800,13
Maharashtra,Amarawati,Daryapur,Soyabean,Yellow,FAQ,23/10/2021,2200,5600,5215,13
Maharashtra,Amarawati,Daryapur,Soyabean,Yellow,FAQ,06/12/2021,4000,8100,6050,13
Maharashtra,Amarawati,Dhamngaon-Railway,Soyabean,Yellow,FAQ,05/01/2021,2900,4580,4000,13
Maharashtra,Amarawati,Dhamngaon-Railway,Soyabean,Yellow,FAQ,25/01/2021,3525,4215,3850,13
Maharashtra,Amarawati,Dhamngaon-Railway,Soyabean,Yellow,FAQ,15/02/2021,3800,4750,4150,13
Maharashtra,Amarawati,Dhamngaon-Railway,Soyabean,Yellow,FAQ,16/02/2021,3800,4750,4250,13
Maharashtra,Amarawati,Dhamngaon-Railway,Soyabean,Yellow,FAQ,26/02/2021,4000,5165,4500,13
Maharashtra,Amarawati,Dhamngaon-Railway,Soyabean,Yellow,FAQ,23/03/2021,5000,5565,5250,13
Maharashtra,Amarawati,Dhamngaon-Railway,Soyabean,Yellow,FAQ,26/07/2021,8000,9075,8500,13
Maharashtra,Amarawati,Dhamngaon-Railway,Soyabean,Yellow,FAQ,04/08/2021,6700,9190,8200,13
Maharashtra,Amarawati,Dhamngaon-Railway,Soyabean,Yellow,FAQ,07/08/2021,6700,9305,8000,13
Maharashtra,Amarawati,Dhamngaon-Railway,Soyabean,Yellow,FAQ,11/08/2021,6705,8150,7500,13
Maharashtra,Amarawati,Dhamngaon-Railway,Soyabean,Yellow,FAQ,18/08/2021,6495,8600,7500,13
Maharashtra,Amarawati,Dhamngaon-Railway,Soyabean,Yellow,FAQ,04/09/2021,5005,7365,6550,13
Maharashtra,Amarawati,Dhamngaon-Railway,Soyabean,Yellow,FAQ,07/10/2021,4150,5405,4850,13
Maharashtra,Amarawati,Dhamngaon-Railway,Soyabean,Yellow,FAQ,23/11/2021,5400,6455,6000,13
Maharashtra,Amarawati,Dhamngaon-Railway,Soyabean,Yellow,FAQ,06/12/2021,6000,7900,7500,13
Maharashtra,Amarawati,Dhamngaon-Railway,Soyabean,Yellow,FAQ,10/12/2021,5400,6590,6150,13
Maharashtra,Amarawati,Dhamngaon-Railway,Soyabean,Yellow,FAQ,21/12/2021,5300,6355,6000,13
Maharashtra,Amarawati,Dhamngaon-Railway,Soyabean,Yellow,FAQ,27/12/2021,5900,6355,6100,13
Maharashtra,Amarawati,Dhamngaon-Railway,Soyabean,Yellow,FAQ,28/12/2021,5900,6730,6150,13
Maharashtra,Amarawati,Morshi,Soyabean,Other,FAQ,14/01/2021,3900,4200,4050,13
Maharashtra,Amarawati,Morshi,Soyabean,Other,FAQ,18/01/2021,3500,4200,3850,13
Maharashtra,Amarawati,Morshi,Soyabean,Other,FAQ,18/02/2021,3500,4250,3875,13
Maharashtra,Amarawati,Morshi,Soyabean,Other,FAQ,08/04/2021,5500,5900,5700,13
Maharashtra,Amarawati,Morshi,Soyabean,Other,FAQ,15/04/2021,6300,6500,6400,13
Maharashtra,Amarawati,Morshi,Soyabean,Other,FAQ,19/04/2021,6500,6900,6700,13
Maharashtra,Amarawati,Morshi,Soyabean,Other,FAQ,26/04/2021,6500,6700,6600,13
Maharashtra,Amarawati,Morshi,Soyabean,Other,FAQ,10/06/2021,6400,6500,6450,13
Maharashtra,Amarawati,Morshi,Soyabean,Other,FAQ,02/09/2021,7000,8000,7500,13
Maharashtra,Amarawati,Morshi,Soyabean,Other,FAQ,20/09/2021,6400,6500,6450,13
Maharashtra,Amarawati,Morshi,Soyabean,Other,FAQ,23/09/2021,4500,5451,4975,13
Maharashtra,Amarawati,Morshi,Soyabean,Other,FAQ,08/10/2021,3500,5150,4200,13
Maharashtra,Amarawati,Morshi,Soyabean,Other,FAQ,16/11/2021,4700,6100,5570,13
Maharashtra,Amarawati,Morshi,Soyabean,Other,FAQ,18/11/2021,5500,5900,5700,13
Maharashtra,Amarawati,Morshi,Soyabean,Other,FAQ,30/11/2021,5500,6400,5950,13
Maharashtra,Amarawati,Morshi,Soyabean,Other,FAQ,10/12/2021,5800,6350,6075,13
Maharashtra,Amarawati,Morshi,Soyabean,Other,FAQ,13/12/2021,6000,6250,6125,13
Maharashtra,Amarawati,Morshi,Soyabean,Other,FAQ,14/12/2021,5800,6400,6100,13
Maharashtra,Amarawati,Morshi,Soyabean,Other,FAQ,20/12/2021,5600,6095,5847,13
Maharashtra,Amarawati,Morshi,Soyabean,Other,FAQ,23/12/2021,5600,6100,5850,13
Maharashtra,Amarawati,Morshi,Soyabean,Other,FAQ,27/12/2021,5800,6190,5995,13
Maharashtra,Amarawati,Morshi,Soyabean,Other,FAQ,30/12/2021,5500,6235,5867,13
Maharashtra,Amarawati,Nandgaon Khandeshwar,Soyabean,Yellow,FAQ,01/01/2021,4050,4255,4152,13
Maharashtra,Amarawati,Nandgaon Khandeshwar,Soyabean,Yellow,FAQ,20/01/2021,4075,4375,4225,13
Maharashtra,Amarawati,Nandgaon Khandeshwar,Soyabean,Yellow,FAQ,10/02/2021,4480,4600,4540,13
Maharashtra,Amarawati,Nandgaon Khandeshwar,Soyabean,Yellow,FAQ,24/02/2021,4500,4900,4700,13
Maharashtra,Amarawati,Nandgaon Khandeshwar,Soyabean,Yellow,FAQ,08/03/2021,4750,5005,4877,13
Maharashtra,Amarawati,Nandgaon Khandeshwar,Soyabean,Yellow,FAQ,25/03/2021,5250,5400,5300,13
Maharashtra,Amarawati,Nandgaon Khandeshwar,Soyabean,Yellow,FAQ,28/04/2021,6150,6400,6325,13
Maharashtra,Amarawati,Nandgaon Khandeshwar,Soyabean,Yellow,FAQ,20/08/2021,7500,8695,7900,13
Maharashtra,Amarawati,Nandgaon Khandeshwar,Soyabean,Yellow,FAQ,06/12/2021,6070,6400,6235,13
Maharashtra,Amarawati,Nandgaon Khandeshwar,Soyabean,Yellow,FAQ,09/12/2021,6000,6350,6175,13
Maharashtra,Amarawati,Nandgaon Khandeshwar,Soyabean,Yellow,FAQ,10/12/2021,5760,6300,6030,13
Maharashtra,Amarawati,Varud(Rajura Bazar),Soyabean,Yellow,FAQ,11/02/2021,3500,4400,3803,13
Maharashtra,Amarawati,Varud(Rajura Bazar),Soyabean,Yellow,FAQ,15/07/2021,6800,6800,6800,13
Maharashtra,Amarawati,Varud(Rajura Bazar),Soyabean,Yellow,FAQ,05/08/2021,9000,9400,9165,13
Maharashtra,Amarawati,Varud(Rajura Bazar),Soyabean,Yellow,FAQ,18/10/2021,1500,6399,4872,13
Maharashtra,Amarawati,Varud(Rajura Bazar),Soyabean,Yellow,FAQ,23/12/2021,4599,6000,5728,13
Maharashtra,Amarawati,Daryapur,Soyabean,Yellow,FAQ,07/01/2023,4505,5470,5200,13
Maharashtra,Amarawati,Daryapur,Soyabean,Yellow,FAQ,07/02/2023,4455,5235,5050,13
Maharashtra,Amarawati,Daryapur,Soyabean,Yellow,FAQ,08/02/2023,4100,5220,5050,13
Maharashtra,Amarawati,Daryapur,Soyabean,Yellow,FAQ,11/02/2023,4700,5330,5100,13
Maharashtra,Amarawati,Daryapur,Soyabean,Yellow,FAQ,03/03/2023,4295,5230,5050,13
Maharashtra,Amarawati,Daryapur,Soyabean,Yellow,FAQ,10/03/2023,4400,5150,5000,13
Maharashtra,Amarawati,Daryapur,Soyabean,Yellow,FAQ,24/03/2023,4000,5085,4850,13
Maharashtra,Amarawati,Daryapur,Soyabean,Yellow,FAQ,21/04/2023,4500,5160,4950,13
Maharashtra,Amarawati,Daryapur,Soyabean,Yellow,FAQ,25/04/2023,3800,4985,4800,13
Maharashtra,Amarawati,Daryapur,Soyabean,Yellow,FAQ,29/04/2023,4195,5005,4785,13
Maharashtra,Amarawati,Daryapur,Soyabean,Yellow,FAQ,12/05/2023,4500,4975,4800,13
Maharashtra,Amarawati,Daryapur,Soyabean,Yellow,FAQ,20/05/2023,4400,4925,4750,13
Maharashtra,Amarawati,Daryapur,Soyabean,Yellow,FAQ,31/05/2023,4500,4900,4700,13
Maharashtra,Amarawati,Daryapur,Soyabean,Yellow,FAQ,10/06/2023,4400,4925,4720,13
Maharashtra,Amarawati,Daryapur,Soyabean,Yellow,FAQ,08/07/2023,4400,4900,4750,13
Maharashtra,Amarawati,Daryapur,Soyabean,Yellow,FAQ,17/07/2023,4100,4700,4500,13
Maharashtra,Amarawati,Daryapur,Soyabean,Yellow,FAQ,18/07/2023,4405,4820,4600,13
Maharashtra,Amarawati,Daryapur,Soyabean,Yellow,FAQ,21/07/2023,4255,4800,4600,13
Maharashtra,Amarawati,Daryapur,Soyabean,Yellow,FAQ,26/07/2023,4350,5000,4775,13
Maharashtra,Amarawati,Daryapur,Soyabean,Yellow,FAQ,20/09/2023,4300,4810,4600,13
Maharashtra,Amarawati,Daryapur,Soyabean,Yellow,FAQ,23/09/2023,4100,4750,4500,13
Maharashtra,Amarawati,Daryapur,Soyabean,Yellow,FAQ,13/10/2023,4000,4700,4350,13
Maharashtra,Amarawati,Daryapur,Soyabean,Yellow,FAQ,25/10/2023,3800,4850,4500,13
Maharashtra,Amarawati,Daryapur,Soyabean,Yellow,FAQ,08/11/2023,3605,4965,4775,13
Maharashtra,Amarawati,Daryapur,Soyabean,Yellow,FAQ,13/12/2023,4005,4825,4700,13
Maharashtra,Amarawati,Daryapur,Soyabean,Yellow,FAQ,26/12/2023,4175,4750,4600,13
Maharashtra,Amarawati,Dhamngaon-Railway,Soyabean,Yellow,FAQ,04/01/2023,4500,5435,5000,13
Maharashtra,Amarawati,Dhamngaon-Railway,Soyabean,Yellow,FAQ,11/01/2023,4300,5375,5050,13
Maharashtra,Amarawati,Dhamngaon-Railway,Soyabean,Yellow,FAQ,28/01/2023,4800,5165,4950,13
Maharashtra,Amarawati,Dhamngaon-Railway,Soyabean,Yellow,FAQ,31/01/2023,4910,5240,5000,13
Maharashtra,Amarawati,Dhamngaon-Railway,Soyabean,Yellow,FAQ,24/02/2023,4505,5250,4850,13
Maharashtra,Amarawati,Dhamngaon-Railway,Soyabean,Yellow,FAQ,27/02/2023,4600,5145,4850,13
Maharashtra,Amarawati,Dhamngaon-Railway,Soyabean,Yellow,FAQ,02/03/2023,4700,5090,4900,13
Maharashtra,Amarawati,Dhamngaon-Railway,Soyabean,Yellow,FAQ,23/03/2023,4605,5065,4850,13
Maharashtra,Amarawati,Dhamngaon-Railway,Soyabean,Yellow,FAQ,11/04/2023,4800,5275,5000,13
Maharashtra,Amarawati,Dhamngaon-Railway,Soyabean,Yellow,FAQ,13/04/2023,4800,5220,5000,13
Maharashtra,Amarawati,Dhamngaon-Railway,Soyabean,Yellow,FAQ,13/06/2023,4500,4975,4700,13
Maharashtra,Amarawati,Dhamngaon-Railway,Soyabean,Yellow,FAQ,17/06/2023,4800,5130,4965,13
Maharashtra,Amarawati,Dhamngaon-Railway,Soyabean,Yellow,FAQ,30/06/2023,4685,4895,4700,13
Maharashtra,Amarawati,Dhamngaon-Railway,Soyabean,Yellow,FAQ,03/07/2023,4650,5070,4900,13
Maharashtra,Amarawati,Dhamngaon-Railway,Soyabean,Yellow,FAQ,21/07/2023,4605,4825,4750,13
Maharashtra,Amarawati,Dhamngaon-Railway,Soyabean,Yellow,FAQ,29/08/2023,4405,4880,4800,13
Maharashtra,Amarawati,Dhamngaon-Railway,Soyabean,Yellow,FAQ,01/09/2023,4790,4965,4900,13
Maharashtra,Amarawati,Dhamngaon-Railway,Soyabean,Yellow,FAQ,09/09/2023,4400,4835,4750,13
Maharashtra,Amarawati,Dhamngaon-Railway,Soyabean,Yellow,FAQ,13/10/2023,3500,4555,4200,13
Maharashtra,Amarawati,Dhamngaon-Railway,Soyabean,Yellow,FAQ,20/10/2023,3800,4655,4200,13
Maharashtra,Amarawati,Dhamngaon-Railway,Soyabean,Yellow,FAQ,26/10/2023,4000,4805,4250,13
Maharashtra,Amarawati,Dhamngaon-Railway,Soyabean,Yellow,FAQ,01/11/2023,4000,4820,4500,13
Maharashtra,Amarawati,Dhamngaon-Railway,Soyabean,Yellow,FAQ,17/11/2023,4500,5130,4900,13
Maharashtra,Amarawati,Dhamngaon-Railway,Soyabean,Yellow,FAQ,06/12/2023,4580,4790,4600,13
Maharashtra,Amarawati,Morshi,Soyabean,Other,FAQ,27/01/2023,4900,5000,4950,13
Maharashtra,Amarawati,Morshi,Soyabean,Other,FAQ,30/01/2023,4800,5150,4975,13
Maharashtra,Amarawati,Morshi,Soyabean,Other,FAQ,20/02/2023,5000,5280,5140,13
Maharashtra,Amarawati,Morshi,Soyabean,Other,FAQ,21/02/2023,5000,5100,5050,13
Maharashtra,Amarawati,Morshi,Soyabean,Other,FAQ,23/02/2023,4700,5250,4975,13
Maharashtra,Amarawati,Morshi,Soyabean,Other,FAQ,10/03/2023,4800,4900,4850,13
Maharashtra,Amarawati,Morshi,Soyabean,Other,FAQ,13/03/2023,4800,5000,4900,13
Maharashtra,Amarawati,Morshi,Soyabean,Other,FAQ,17/03/2023,4800,4900,4850,13
Maharashtra,Amarawati,Morshi,Soyabean,Other,FAQ,11/04/2023,4800,5115,4958,13
Maharashtra,Amarawati,Morshi,Soyabean,Other,FAQ,13/04/2023,4800,5145,4972,13
Maharashtra,Amarawati,Morshi,Soyabean,Other,FAQ,18/05/2023,4500,4750,4522,13
Maharashtra,Amarawati,Morshi,Soyabean,Other,FAQ,22/05/2023,4500,4850,4675,13
Maharashtra,Amarawati,Morshi,Soyabean,Other,FAQ,12/06/2023,4600,4800,4700,13
Maharashtra,Amarawati,Morshi,Soyabean,Other,FAQ,15/06/2023,4600,4885,4743,13
Maharashtra,Amarawati,Morshi,Soyabean,Other,FAQ,06/07/2023,4600,4950,4775,13
Maharashtra,Amarawati,Morshi,Soyabean,Other,FAQ,24/07/2023,4500,4850,4675,13
Maharashtra,Amarawati,Morshi,Soyabean,Other,FAQ,12/10/2023,3900,4350,4125,13
Maharashtra,Amarawati,Morshi,Soyabean,Other,FAQ,17/10/2023,4300,4450,4375,13
Maharashtra,Amarawati,Morshi,Soyabean,Other,FAQ,19/10/2023,4300,4665,4482,13
Maharashtra,Amarawati,Morshi,Soyabean,Other,FAQ,27/10/2023,4400,4680,4540,13
Maharashtra,Amarawati,Morshi,Soyabean,Other,FAQ,06/11/2023,4600,4815,4707,13
Maharashtra,Amarawati,Morshi,Soyabean,Other,FAQ,20/11/2023,4800,5100,4950,13
Maharashtra,Amarawati,Morshi,Soyabean,Other,FAQ,11/12/2023,4700,4855,4777,13
Maharashtra,Amarawati,Morshi,Soyabean,Other,FAQ,15/12/2023,4650,4725,4681,13
Maharashtra,Amarawati,Nandgaon Khandeshwar,Soyabean,Yellow,FAQ,14/01/2023,5150,5340,5245,13
Maharashtra,Amarawati,Nandgaon Khandeshwar,Soyabean,Yellow,FAQ,17/01/2023,5075,5251,5163,13
Maharashtra,Amarawati,Nandgaon Khandeshwar,Soyabean,Yellow,FAQ,27/01/2023,4880,5120,5000,13
Maharashtra,Amarawati,Nandgaon Khandeshwar,Soyabean,Yellow,FAQ,03/02/2023,4945,5085,5015,13
Maharashtra,Amarawati,Nandgaon Khandeshwar,Soyabean,Yellow,FAQ,07/02/2023,4950,5100,5025,13
Maharashtra,Amarawati,Nandgaon Khandeshwar,Soyabean,Yellow,FAQ,11/02/2023,4971,5161,5066,13
Maharashtra,Amarawati,Nandgaon Khandeshwar,Soyabean,Yellow,FAQ,15/02/2023,5075,5225,5150,13
Maharashtra,Amarawati,Nandgaon Khandeshwar,Soyabean,Yellow,FAQ,01/03/2023,4750,5000,4875,13
Maharashtra,Amarawati,Nandgaon Khandeshwar,Soyabean,Yellow,FAQ,04/10/2023,4250,4450,4350,13
Maharashtra,Amarawati,Nandgaon Khandeshwar,Soyabean,Yellow,FAQ,07/10/2023,4250,4400,4325,13
Maharashtra,Amarawati,Nandgaon Khandeshwar,Soyabean,Yellow,FAQ,28/10/2023,4300,4780,4540,13
Maharashtra,Amarawati,Nandgaon Khandeshwar,Soyabean,Yellow,FAQ,03/11/2023,4450,4875,4650,13
Maharashtra,Amarawati,Nandgaon Khandeshwar,Soyabean,Yellow,FAQ,06/11/2023,4550,4950,4750,13
Maharashtra,Amarawati,Nandgaon Khandeshwar,Soyabean,Yellow,FAQ,20/11/2023,4800,5090,4950,13
Maharashtra,Amarawati,Nandgaon Khandeshwar,Soyabean,Yellow,FAQ,22/11/2023,5050,5240,5100,13
Maharashtra,Amarawati,Nandgaon Khandeshwar,Soyabean,Yellow,FAQ,04/12/2023,4670,4820,4745,13
Maharashtra,Amarawati,Nandgaon Khandeshwar,Soyabean,Yellow,FAQ,06/12/2023,4600,4700,4650,13
Maharashtra,Amarawati,Nandgaon Khandeshwar,Soyabean,Yellow,FAQ,15/12/2023,4550,4700,4620,13
Maharashtra,Amarawati,Nandgaon Khandeshwar,Soyabean,Yellow,FAQ,19/12/2023,4560,4710,4630,13
Maharashtra,Amarawati,Nandgaon Khandeshwar,Soyabean,Yellow,FAQ,27/12/2023,4475,4675,4525,13
Maharashtra,Amarawati,Nandgaon Khandeshwar,Soyabean,Yellow,FAQ,29/12/2023,4470,4650,4560,13
Maharashtra,Amarawati,Shetkari Khushi Bazar,Soyabean,Other,FAQ,03/07/2023,4250,5150,4998,13
Maharashtra,Amarawati,Shetkari Khushi Bazar,Soyabean,Other,FAQ,05/07/2023,4500,5000,4888,13
Maharashtra,Amarawati,Shetkari Khushi Bazar,Soyabean,Other,FAQ,13/07/2023,4675,5000,4815,13
Maharashtra,Amarawati,Shetkari Khushi Bazar,Soyabean,Other,FAQ,14/07/2023,3500,5000,4855,13
Maharashtra,Amarawati,Shetkari Khushi Bazar,Soyabean,Other,FAQ,25/07/2023,2000,5050,4859,13
Maharashtra,Amarawati,Shetkari Khushi Bazar,Soyabean,Other,FAQ,31/07/2023,4100,5000,4793,13
Maharashtra,Amarawati,Shetkari Khushi Bazar,Soyabean,Other,FAQ,08/08/2023,2500,4900,4740,13
Maharashtra,Amarawati,Varud(Rajura Bazar),Soyabean,Yellow,FAQ,11/05/2023,2799,4990,4177,13
Maharashtra,Amarawati,Varud(Rajura Bazar),Soyabean,Yellow,FAQ,27/07/2023,4000,4870,4814,13
Maharashtra,Amarawati,Varud(Rajura Bazar),Soyabean,Yellow,FAQ,24/08/2023,4891,4925,4911,13
Maharashtra,Amarawati,Varud(Rajura Bazar),Soyabean,Yellow,FAQ,31/08/2023,4700,4799,4707,13
Maharashtra,Amarawati,Achalpur,Soyabean,Other,FAQ,21/02/2023,5000,5200,5100,13
Maharashtra,Amarawati,Achalpur,Soyabean,Other,FAQ,15/06/2023,4700,5000,4850,13
Maharashtra,Amarawati,Achalpur,Soyabean,Other,FAQ,01/09/2023,4700,4800,4750,13
Maharashtra,Amarawati,Achalpur,Soyabean,Other,FAQ,04/09/2023,4750,4850,4800,13
Maharashtra,Amarawati,Achalpur,Soyabean,Other,FAQ,09/09/2023,4700,4800,4750,13
Maharashtra,Amarawati,Achalpur,Soyabean,Other,FAQ,11/09/2023,4700,4800,4750,13
Maharashtra,Amarawati,Achalpur,Soyabean,Other,FAQ,28/10/2023,4500,4650,4575,13
Maharashtra,Amarawati,Achalpur,Soyabean,Other,FAQ,06/11/2023,4500,4800,4650,13
Maharashtra,Amarawati,Achalpur,Soyabean,Other,FAQ,27/11/2023,4200,4800,4500,13
Maharashtra,Amarawati,Achalpur,Soyabean,Other,FAQ,12/12/2023,4550,4800,4675,13
Maharashtra,Amarawati,Achalpur,Soyabean,Other,FAQ,16/12/2023,4600,4700,4650,13
Maharashtra,Amarawati,Achalpur,Soyabean,Other,FAQ,25/12/2023,4500,4600,4550,13
Maharashtra,Amarawati,Amarawati,Soyabean,Other,FAQ,28/01/2023,4900,5151,5025,13
Maharashtra,Amarawati,Amarawati,Soyabean,Other,FAQ,09/02/2023,4900,5138,5019,13
Maharashtra,Amarawati,Amarawati,Soyabean,Other,FAQ,16/02/2023,4900,5183,5041,13
Maharashtra,Amarawati,Amarawati,Soyabean,Other,FAQ,04/03/2023,4900,5113,5006,13
Maharashtra,Amarawati,Amarawati,Soyabean,Other,FAQ,08/03/2023,4850,5050,4950,13
Maharashtra,Amarawati,Amarawati,Soyabean,Other,FAQ,14/03/2023,4700,4980,4840,13
Maharashtra,Amarawati,Amarawati,Soyabean,Other,FAQ,17/03/2023,4750,5011,4880,13
Maharashtra,Amarawati,Amarawati,Soyabean,Other,FAQ,18/03/2023,4800,5000,4900,13
Maharashtra,Amarawati,Amarawati,Soyabean,Other,FAQ,12/04/2023,4900,5125,5012,13
Maharashtra,Amarawati,Amarawati,Soyabean,Other,FAQ,21/04/2023,4750,4950,4850,13
Maharashtra,Amarawati,Amarawati,Soyabean,Other,FAQ,25/04/2023,4750,4925,4837,13
Maharashtra,Amarawati,Amarawati,Soyabean,Other,FAQ,06/05/2023,4850,5001,4925,13
Maharashtra,Amarawati,Amarawati,Soyabean,Other,FAQ,08/05/2023,4950,5101,5025,13
Maharashtra,Amarawati,Amarawati,Soyabean,Other,FAQ,17/05/2023,4750,4864,4807,13
Maharashtra,Amarawati,Amarawati,Soyabean,Other,FAQ,18/05/2023,4750,4854,4802,13
Maharashtra,Amarawati,Amarawati,Soyabean,Other,FAQ,23/05/2023,4750,4900,4825,13
Maharashtra,Amarawati,Amarawati,Soyabean,Other,FAQ,27/05/2023,4700,4871,4785,13
Maharashtra,Amarawati,Amarawati,Soyabean,Other,FAQ,30/05/2023,4750,4897,4823,13
Maharashtra,Amarawati,Amarawati,Soyabean,Other,FAQ,01/06/2023,4700,4800,4750,13
Maharashtra,Amarawati,Amarawati,Soyabean,Other,FAQ,10/06/2023,4750,4955,4852,13
Maharashtra,Amarawati,Amarawati,Soyabean,Other,FAQ,12/06/2023,4700,4888,4794,13
Maharashtra,Amarawati,Amarawati,Soyabean,Other,FAQ,16/06/2023,4850,4976,4913,13
Maharashtra,Amarawati,Amarawati,Soyabean,Other,FAQ,28/06/2023,4750,4900,4825,13
Maharashtra,Amarawati,Amarawati,Soyabean,Other,FAQ,01/07/2023,4800,5000,4900,13
Maharashtra,Amarawati,Amarawati,Soyabean,Other,FAQ,10/07/2023,4750,4900,4825,13
Maharashtra,Amarawati,Amarawati,Soyabean,Other,FAQ,17/07/2023,4650,4762,4706,13
Maharashtra,Amarawati,Amarawati,Soyabean,Other,FAQ,20/07/2023,4550,4701,4625,13
Maharashtra,Amarawati,Amarawati,Soyabean,Other,FAQ,22/07/2023,4700,4799,4749,13
Maharashtra,Amarawati,Amarawati,Soyabean,Other,FAQ,26/07/2023,4750,4911,4830,13
Maharashtra,Amarawati,Amarawati,Soyabean,Other,FAQ,01/08/2023,4700,4796,4748,13
Maharashtra,Amarawati,Amarawati,Soyabean,Other,FAQ,09/08/2023,4700,4812,4756,13
Maharashtra,Amarawati,Amarawati,Soyabean,Other,FAQ,18/08/2023,4750,4926,4838,13
Maharashtra,Amarawati,Amarawati,Soyabean,Other,FAQ,19/08/2023,4750,4966,4858,13
Maharashtra,Amarawati,Amarawati,Soyabean,Other,FAQ,25/08/2023,4650,4775,4712,13
Maharashtra,Amarawati,Amarawati,Soyabean,Other,FAQ,01/09/2023,4700,4871,4785,13
Maharashtra,Amarawati,Amarawati,Soyabean,Other,FAQ,04/09/2023,4800,4960,4880,13
Maharashtra,Amarawati,Amarawati,Soyabean,Other,FAQ,13/09/2023,4700,4820,4760,13
Maharashtra,Amarawati,Amarawati,Soyabean,Other,FAQ,18/09/2023,4700,4825,4762,13
Maharashtra,Amarawati,Amarawati,Soyabean,Other,FAQ,26/09/2023,4650,4751,4700,13
Maharashtra,Amarawati,Amarawati,Soyabean,Other,FAQ,28/09/2023,4550,4711,4630,13
Maharashtra,Amarawati,Amarawati,Soyabean,Other,FAQ,05/10/2023,4400,4570,4485,13
Maharashtra,Amarawati,Amarawati,Soyabean,Other,FAQ,07/10/2023,4400,4576,4488,13
Maharashtra,Amarawati,Amarawati,Soyabean,Other,FAQ,09/10/2023,4450,4576,4513,13
Maharashtra,Amarawati,Amarawati,Soyabean,Other,FAQ,19/10/2023,4400,4675,4537,13
Maharashtra,Amarawati,Amarawati,Soyabean,Other,FAQ,20/10/2023,4200,4550,4375,13
Maharashtra,Amarawati,Amarawati,Soyabean,Other,FAQ,31/10/2023,4650,4750,4700,13
Maharashtra,Amarawati,Amarawati,Soyabean,Other,FAQ,07/11/2023,4700,4865,4782,13
Maharashtra,Amarawati,Amarawati,Soyabean,Other,FAQ,09/11/2023,4800,4915,4857,13
Maharashtra,Amarawati,Amarawati,Soyabean,Other,FAQ,08/12/2023,4750,4815,4782,13
Maharashtra,Amarawati,Amarawati,Soyabean,Other,FAQ,09/12/2023,4650,4842,4746,13
Maharashtra,Amarawati,Amarawati,Soyabean,Other,FAQ,16/12/2023,4670,4759,4714,13
Maharashtra,Amarawati,Amarawati,Soyabean,Other,FAQ,19/12/2023,4550,4660,4605,13
Maharashtra,Amarawati,Amarawati,Soyabean,Other,FAQ,20/12/2023,4500,4651,4575,13
Maharashtra,Amarawati,Amarawati,Soyabean,Other,FAQ,21/12/2023,4500,4605,4552,13
Maharashtra,Amarawati,Anajngaon,Soyabean,Yellow,FAQ,01/01/2023,5000,5391,5200,13
Maharashtra,Amarawati,Anajngaon,Soyabean,Yellow,FAQ,04/01/2023,5000,5390,5200,13
Maharashtra,Amarawati,Anajngaon,Soyabean,Yellow,FAQ,15/01/2023,5000,5400,5250,13
Maharashtra,Amarawati,Anajngaon,Soyabean,Yellow,FAQ,27/01/2023,4800,5100,5000,13
Maharashtra,Amarawati,Anajngaon,Soyabean,Yellow,FAQ,10/02/2023,4400,5181,5000,13
Maharashtra,Amarawati,Anajngaon,Soyabean,Yellow,FAQ,03/03/2023,4900,5080,5011,13
Maharashtra,Amarawati,Anajngaon,Soyabean,Yellow,FAQ,08/03/2023,4800,5100,4950,13
Maharashtra,Amarawati,Anajngaon,Soyabean,Yellow,FAQ,17/03/2023,4750,4900,4850,13
Maharashtra,Amarawati,Anajngaon,Soyabean,Yellow,FAQ,24/03/2023,4500,5000,4800,13
Maharashtra,Amarawati,Anajngaon,Soyabean,Yellow,FAQ,26/03/2023,4800,4950,4900,13
Maharashtra,Amarawati,Anajngaon,Soyabean,Yellow,FAQ,19/04/2023,4700,5000,4900,13
Maharashtra,Amarawati,Anajngaon,Soyabean,Yellow,FAQ,21/04/2023,4700,5000,4800,13
Maharashtra,Amarawati,Anajngaon,Soyabean,Yellow,FAQ,26/05/2023,4600,4700,4600,13
Maharashtra,Amarawati,Anajngaon,Soyabean,Yellow,FAQ,21/06/2023,4400,4980,4700,13
Maharashtra,Amarawati,Anajngaon,Soyabean,Yellow,FAQ,23/06/2023,4300,4860,4700,13
Maharashtra,Amarawati,Anajngaon,Soyabean,Yellow,FAQ,23/08/2023,4000,4750,4400,13
Maharashtra,Amarawati,Anajngaon,Soyabean,Yellow,FAQ,10/09/2023,4000,4750,4400,13
Maharashtra,Amarawati,Anajngaon,Soyabean,Yellow,FAQ,17/09/2023,4000,4750,4400,13
Maharashtra,Amarawati,Anajngaon,Soyabean,Yellow,FAQ,04/10/2023,3600,4500,4100,13
Maharashtra,Amarawati,Anajngaon,Soyabean,Yellow,FAQ,13/10/2023,3900,4705,4400,13
Maharashtra,Amarawati,Anajngaon,Soyabean,Yellow,FAQ,31/10/2023,4000,4675,4400,13
Maharashtra,Amarawati,Anajngaon,Soyabean,Yellow,FAQ,08/11/2023,4000,5000,4650,13
Maharashtra,Amarawati,Anajngaon,Soyabean,Yellow,FAQ,24/11/2023,4400,5050,4800,13
Maharashtra,Amarawati,Anajngaon,Soyabean,Yellow,FAQ,10/12/2023,4400,4800,4650,13
Maharashtra,Amarawati,Anajngaon,Soyabean,Yellow,FAQ,16/12/2023,4400,4725,4600,13
Maharashtra,Amarawati,Chandur Bazar,Soyabean,Yellow,FAQ,12/01/2023,4500,5400,5041,13
Maharashtra,Amarawati,Chandur Bazar,Soyabean,Yellow,FAQ,24/01/2023,3700,5150,4850,13
Maharashtra,Amarawati,Chandur Bazar,Soyabean,Yellow,FAQ,15/02/2023,4600,5275,4950,13
Maharashtra,Amarawati,Chandur Bazar,Soyabean,Yellow,FAQ,16/02/2023,4600,5291,4981,13
Maharashtra,Amarawati,Chandur Bazar,Soyabean,Yellow,FAQ,27/02/2023,4700,5200,4963,13
Maharashtra,Amarawati,Chandur Bazar,Soyabean,Yellow,FAQ,02/03/2023,4600,5050,4800,13
Maharashtra,Amarawati,Chandur Bazar,Soyabean,Yellow,FAQ,09/03/2023,4501,5100,4790,13
Maharashtra,Amarawati,Chandur Bazar,Soyabean,Yellow,FAQ,15/03/2023,4400,4951,4500,13
Maharashtra,Amarawati,Chandur Bazar,Soyabean,Yellow,FAQ,16/03/2023,4500,4951,4750,13
Maharashtra,Amarawati,Chandur Bazar,Soyabean,Yellow,FAQ,17/03/2023,4500,5046,4750,13
Maharashtra,Amarawati,Chandur Bazar,Soyabean,Yellow,FAQ,27/03/2023,4500,5100,4725,13
Maharashtra,Amarawati,Chandur Bazar,Soyabean,Yellow,FAQ,28/03/2023,4500,5046,4851,13
Maharashtra,Amarawati,Chandur Bazar,Soyabean,Yellow,FAQ,05/04/2023,4600,5250,4790,13
Maharashtra,Amarawati,Chandur Bazar,Soyabean,Yellow,FAQ,06/04/2023,4500,5300,5160,13
Maharashtra,Amarawati,Chandur Bazar,Soyabean,Yellow,FAQ,10/04/2023,4500,5200,4900,13
Maharashtra,Amarawati,Chandur Bazar,Soyabean,Yellow,FAQ,11/04/2023,4450,5150,4840,13
Maharashtra,Amarawati,Chandur Bazar,Soyabean,Yellow,FAQ,18/04/2023,4400,5150,4875,13
Maharashtra,Amarawati,Chandur Bazar,Soyabean,Yellow,FAQ,15/05/2023,4000,4900,4501,13
Maharashtra,Amarawati,Chandur Bazar,Soyabean,Yellow,FAQ,24/05/2023,4500,4850,4521,13
Maharashtra,Amarawati,Chandur Bazar,Soyabean,Yellow,FAQ,01/06/2023,4200,4755,4550,13
Maharashtra,Amarawati,Chandur Bazar,Soyabean,Yellow,FAQ,08/06/2023,4000,4800,4600,13
Maharashtra,Amarawati,Chandur Bazar,Soyabean,Yellow,FAQ,13/06/2023,4000,4811,4526,13
Maharashtra,Amarawati,Chandur Bazar,Soyabean,Yellow,FAQ,19/06/2023,4400,5050,4750,13
Maharashtra,Amarawati,Chandur Bazar,Soyabean,Yellow,FAQ,21/06/2023,4000,4911,4607,13
Maharashtra,Amarawati,Chandur Bazar,Soyabean,Yellow,FAQ,22/06/2023,4300,4921,4665,13
Maharashtra,Amarawati,Chandur Bazar,Soyabean,Yellow,FAQ,27/06/2023,4350,4941,4650,13
Maharashtra,Amarawati,Chandur Bazar,Soyabean,Yellow,FAQ,22/08/2023,4200,4860,4530,13
Maharashtra,Amarawati,Chandur Bazar,Soyabean,Yellow,FAQ,28/08/2023,4270,4800,4535,13
Maharashtra,Amarawati,Chandur Bazar,Soyabean,Yellow,FAQ,08/09/2023,3050,4850,4100,13
Maharashtra,Amarawati,Chandur Bazar,Soyabean,Yellow,FAQ,11/09/2023,3050,4750,4440,13
Maharashtra,Amarawati,Chandur Bazar,Soyabean,Yellow,FAQ,19/10/2023,3900,4610,4100,13
Maharashtra,Amarawati,Chandur Bazar,Soyabean,Yellow,FAQ,27/10/2023,4000,4780,4390,13
Maharashtra,Amarawati,Chandur Bazar,Soyabean,Yellow,FAQ,31/10/2023,4000,4810,4405,13
Maharashtra,Amarawati,Chandur Bazar,Soyabean,Yellow,FAQ,01/11/2023,4000,4900,4400,13
Maharashtra,Amarawati,Chandur Bazar,Soyabean,Yellow,FAQ,20/11/2023,4500,5100,4780,13
Maharashtra,Amarawati,Chandur Bazar,Soyabean,Yellow,FAQ,28/11/2023,4500,5010,4722,13
Maharashtra,Amarawati,Chandur Bazar,Soyabean,Yellow,FAQ,04/12/2023,4500,4800,4650,13
Maharashtra,Amarawati,Chandur Bazar,Soyabean,Yellow,FAQ,07/12/2023,4500,4750,4650,13
Maharashtra,Amarawati,Chandur Bazar,Soyabean,Yellow,FAQ,14/12/2023,4200,4770,4580,13
Maharashtra,Amarawati,Chandur Bazar,Soyabean,Yellow,FAQ,26/12/2023,4250,4690,4460,13
Maharashtra,Amarawati,Chandur Bazar,Soyabean,Yellow,FAQ,27/12/2023,4500,4700,4630,13
Maharashtra,Amarawati,Chandur Bazar,Soyabean,Yellow,FAQ,28/12/2023,4500,4700,4600,13
Maharashtra,Amarawati,Chandur Railway,Soyabean,Yellow,FAQ,28/02/2023,4900,5040,5000,13
Maharashtra,Amarawati,Chandur Railway,Soyabean,Yellow,FAQ,01/03/2023,4700,5000,4950,13
Maharashtra,Amarawati,Chandur Railway,Soyabean,Yellow,FAQ,03/03/2023,5050,5215,5150,13
Maharashtra,Amarawati,Chandur Railway,Soyabean,Yellow,FAQ,20/05/2023,4200,4750,4700,13
Maharashtra,Amarawati,Chandur Railway,Soyabean,Yellow,FAQ,22/05/2023,4660,4790,4700,13
Maharashtra,Amarawati,Chandur Railway,Soyabean,Yellow,FAQ,27/05/2023,4800,4875,4850,13
Maharashtra,Amarawati,Chandur Railway,Soyabean,Yellow,FAQ,06/07/2023,4900,5000,4950,13
Maharashtra,Amarawati,Chandur Railway,Soyabean,Yellow,FAQ,11/07/2023,4780,4900,4800,13
Maharashtra,Amarawati,Chandur Railway,Soyabean,Yellow,FAQ,12/07/2023,4780,4925,4900,13
Maharashtra,Amarawati,Chandur Railway,Soyabean,Yellow,FAQ,18/07/2023,4650,4800,4750,13
Maharashtra,Amarawati,Chandur Railway,Soyabean,Yellow,FAQ,19/07/2023,4650,4750,4700,13
Maharashtra,Amarawati,Chandur Railway,Soyabean,Yellow,FAQ,21/07/2023,4730,4740,4740,13
Maharashtra,Amarawati,Chandur Railway,Soyabean,Yellow,FAQ,31/07/2023,4770,4875,4800,13
Maharashtra,Amarawati,Chandur Railway,Soyabean,Yellow,FAQ,01/12/2023,4705,4900,4800,13
Maharashtra,Amarawati,Chandur Railway,Soyabean,Yellow,FAQ,04/12/2023,4600,4885,4800,13
Maharashtra,Amarawati,Achalpur,Soyabean,Other,FAQ,03/01/2022,5800,6000,5900,13
Maharashtra,Amarawati,Achalpur,Soyabean,Other,FAQ,05/01/2022,6000,6100,6050,13
Maharashtra,Amarawati,Achalpur,Soyabean,Other,FAQ,07/01/2022,5800,6000,5900,13
Maharashtra,Amarawati,Achalpur,Soyabean,Other,FAQ,14/01/2022,5650,6150,5900,13
Maharashtra,Amarawati,Achalpur,Soyabean,Other,FAQ,17/01/2022,5600,5800,5700,13
Maharashtra,Amarawati,Achalpur,Soyabean,Other,FAQ,21/01/2022,5800,6100,5950,13
Maharashtra,Amarawati,Achalpur,Soyabean,Other,FAQ,24/01/2022,5600,6100,5850,13
Maharashtra,Amarawati,Achalpur,Soyabean,Other,FAQ,08/07/2022,5800,6050,5925,13
Maharashtra,Amarawati,Achalpur,Soyabean,Other,FAQ,27/07/2022,5750,6100,5925,13
Maharashtra,Amarawati,Achalpur,Soyabean,Other,FAQ,28/07/2022,5500,6150,5825,13
Maharashtra,Amarawati,Achalpur,Soyabean,Other,FAQ,03/08/2022,5900,6100,6000,13
Maharashtra,Amarawati,Achalpur,Soyabean,Other,FAQ,11/08/2022,5800,6200,6000,13
Maharashtra,Amarawati,Achalpur,Soyabean,Other,FAQ,17/08/2022,5700,5900,5800,13
Maharashtra,Amarawati,Achalpur,Soyabean,Other,FAQ,31/08/2022,5000,5100,5050,13
Maharashtra,Amarawati,Achalpur,Soyabean,Other,FAQ,01/09/2022,4700,5100,4900,13
Maharashtra,Amarawati,Achalpur,Soyabean,Other,FAQ,20/09/2022,4850,4850,4850,13
Maharashtra,Amarawati,Achalpur,Soyabean,Other,FAQ,14/10/2022,4000,5000,4500,13
Maharashtra,Amarawati,Achalpur,Soyabean,Other,FAQ,19/10/2022,4000,4500,4250,13
Maharashtra,Amarawati,Achalpur,Soyabean,Other,FAQ,22/10/2022,4000,4500,4250,13
Maharashtra,Amarawati,Achalpur,Soyabean,Other,FAQ,25/11/2022,5200,5400,5300,13
Maharashtra,Amarawati,Achalpur,Soyabean,Other,FAQ,26/11/2022,5100,5300,5200,13
Maharashtra,Amarawati,Achalpur,Soyabean,Other,FAQ,28/11/2022,5200,5400,5300,13
Maharashtra,Amarawati,Achalpur,Soyabean,Other,FAQ,01/12/2022,5050,5400,5225,13
Maharashtra,Amarawati,Achalpur,Soyabean,Other,FAQ,07/12/2022,5100,5300,5200,13
Maharashtra,Amarawati,Achalpur,Soyabean,Other,FAQ,10/12/2022,5200,5300,5250,13
Maharashtra,Amarawati,Achalpur,Soyabean,Other,FAQ,16/12/2022,5200,5300,5250,13
Maharashtra,Amarawati,Achalpur,Soyabean,Other,FAQ,19/12/2022,5100,5200,5150,13
Maharashtra,Amarawati,Achalpur,Soyabean,Other,FAQ,29/12/2022,5100,5300,5200,13
Maharashtra,Amarawati,Amarawati,Soyabean,Other,FAQ,06/01/2022,5750,6150,5950,13
Maharashtra,Amarawati,Amarawati,Soyabean,Other,FAQ,13/01/2022,5700,6201,5950,13
Maharashtra,Amarawati,Amarawati,Soyabean,Other,FAQ,14/01/2022,5750,6116,5933,13
Maharashtra,Amarawati,Amarawati,Soyabean,Other,FAQ,29/01/2022,5750,6001,5875,13
Maharashtra,Amarawati,Amarawati,Soyabean,Other,FAQ,31/01/2022,5600,5863,5731,13
Maharashtra,Amarawati,Amarawati,Soyabean,Other,FAQ,12/02/2022,5950,6400,6175,13
Maharashtra,Amarawati,Amarawati,Soyabean,Other,FAQ,21/02/2022,5850,6535,6193,13
Maharashtra,Amarawati,Amarawati,Soyabean,Other,FAQ,23/02/2022,6250,6790,6520,13
Maharashtra,Amarawati,Amarawati,Soyabean,Other,FAQ,26/02/2022,5800,6650,6225,13
Maharashtra,Amarawati,Amarawati,Soyabean,Other,FAQ,02/03/2022,6750,7323,7036,13
Maharashtra,Amarawati,Amarawati,Soyabean,Other,FAQ,14/03/2022,6700,7150,6925,13
Maharashtra,Amarawati,Amarawati,Soyabean,Other,FAQ,21/03/2022,6350,6975,6662,13
Maharashtra,Amarawati,Amarawati,Soyabean,Other,FAQ,24/03/2022,6800,7153,6976,13
Maharashtra,Amarawati,Amarawati,Soyabean,Other,FAQ,12/04/2022,6800,7400,7100,13
Maharashtra,Amarawati,Amarawati,Soyabean,Other,FAQ,09/05/2022,6500,6850,6675,13
Maharashtra,Amarawati,Amarawati,Soyabean,Other,FAQ,14/05/2022,6400,6735,6568,13
Maharashtra,Amarawati,Amarawati,Soyabean,Other,FAQ,18/05/2022,6400,6799,6600,13
Maharashtra,Amarawati,Amarawati,Soyabean,Other,FAQ,20/05/2022,6350,6750,6550,13
Maharashtra,Amarawati,Amarawati,Soyabean,Other,FAQ,24/05/2022,6450,6710,6580,13
Maharashtra,Amarawati,Amarawati,Soyabean,Other,FAQ,27/05/2022,5800,6412,6106,13
Maharashtra,Amarawati,Amarawati,Soyabean,Other,FAQ,28/05/2022,5700,6359,6030,13
Maharashtra,Amarawati,Amarawati,Soyabean,Other,FAQ,10/06/2022,5850,6460,6155,13
Maharashtra,Amarawati,Amarawati,Soyabean,Other,FAQ,24/06/2022,5500,6000,5750,13
Maharashtra,Amarawati,Amarawati,Soyabean,Other,FAQ,25/06/2022,5750,6148,5949,13
Maharashtra,Amarawati,Amarawati,Soyabean,Other,FAQ,07/07/2022,5650,6025,5837,13
Maharashtra,Amarawati,Amarawati,Soyabean,Other,FAQ,15/07/2022,5750,6021,5885,13
Maharashtra,Amarawati,Amarawati,Soyabean,Other,FAQ,18/07/2022,5750,6061,5905,13
Maharashtra,Amarawati,Amarawati,Soyabean,Other,FAQ,21/07/2022,5800,6050,5925,13
Maharashtra,Amarawati,Amarawati,Soyabean,Other,FAQ,25/07/2022,5750,5951,5850,13
Maharashtra,Amarawati,Amarawati,Soyabean,Other,FAQ,10/08/2022,5850,6275,6062,13
Maharashtra,Amarawati,Amarawati,Soyabean,Other,FAQ,20/08/2022,5600,5935,5767,13
Maharashtra,Amarawati,Amarawati,Soyabean,Other,FAQ,30/08/2022,5050,5377,5213,13
Maharashtra,Amarawati,Amarawati,Soyabean,Other,FAQ,03/09/2022,4750,5041,4895,13
Maharashtra,Amarawati,Amarawati,Soyabean,Other,FAQ,14/09/2022,4850,5353,5101,13
Maharashtra,Amarawati,Amarawati,Soyabean,Other,FAQ,17/09/2022,4800,5412,5106,13
Maharashtra,Amarawati,Amarawati,Soyabean,Other,FAQ,22/09/2022,4700,5153,4926,13
Maharashtra,Amarawati,Amarawati,Soyabean,Other,FAQ,28/09/2022,4550,4881,4715,13
Maharashtra,Amarawati,Amarawati,Soyabean,Other,FAQ,14/10/2022,4750,5000,4875,13
Maharashtra,Amarawati,Amarawati,Soyabean,Other,FAQ,27/10/2022,4350,4975,4662,13
Maharashtra,Amarawati,Amarawati,Soyabean,Other,FAQ,09/11/2022,4800,5472,5136,13
Maharashtra,Amarawati,Amarawati,Soyabean,Other,FAQ,15/11/2022,5250,5500,5375,13
Maharashtra,Amarawati,Amarawati,Soyabean,Other,FAQ,18/11/2022,5000,5335,5167,13
Maharashtra,Amarawati,Amarawati,Soyabean,Other,FAQ,19/12/2022,5000,5322,5161,13
Maharashtra,Amarawati,Amarawati,Soyabean,Other,FAQ,28/12/2022,5000,5300,5150,13
Maharashtra,Amarawati,Amarawati,Soyabean,Other,FAQ,31/12/2022,5100,5329,5214,13
Maharashtra,Amarawati,Anajngaon,Soyabean,Yellow,FAQ,23/01/2022,5500,6250,5900,13
Maharashtra,Amarawati,Anajngaon,Soyabean,Yellow,FAQ,02/02/2022,5000,5800,5400,13
Maharashtra,Amarawati,Anajngaon,Soyabean,Yellow,FAQ,13/02/2022,5400,6250,5850,13
Maharashtra,Amarawati,Anajngaon,Soyabean,Yellow,FAQ,18/02/2022,5500,6300,5900,13
Maharashtra,Amarawati,Anajngaon,Soyabean,Yellow,FAQ,25/02/2022,6000,6900,6500,13
Maharashtra,Amarawati,Anajngaon,Soyabean,Yellow,FAQ,27/02/2022,6000,6900,6500,13
Maharashtra,Amarawati,Anajngaon,Soyabean,Yellow,FAQ,02/03/2022,6000,7200,6600,13
Maharashtra,Amarawati,Anajngaon,Soyabean,Yellow,FAQ,11/03/2022,6000,7302,6700,13
Maharashtra,Amarawati,Anajngaon,Soyabean,Yellow,FAQ,29/04/2022,6500,6800,6700,13
Maharashtra,Amarawati,Anajngaon,Soyabean,Yellow,FAQ,11/05/2022,5500,6300,5900,13
Maharashtra,Amarawati,Anajngaon,Soyabean,Yellow,FAQ,13/05/2022,5500,6300,5900,13
Maharashtra,Amarawati,Anajngaon,Soyabean,Yellow,FAQ,18/05/2022,5500,6350,6000,13
Maharashtra,Amarawati,Anajngaon,Soyabean,Yellow,FAQ,25/05/2022,5000,6100,5600,13
Maharashtra,Amarawati,Anajngaon,Soyabean,Yellow,FAQ,29/05/2022,5500,6100,5800,13
Maharashtra,Amarawati,Anajngaon,Soyabean,Yellow,FAQ,15/06/2022,5000,6775,5900,13
Maharashtra,Amarawati,Anajngaon,Soyabean,Yellow,FAQ,19/06/2022,5000,6500,5800,13
Maharashtra,Amarawati,Anajngaon,Soyabean,Yellow,FAQ,29/06/2022,5500,6200,5900,13
Maharashtra,Amarawati,Anajngaon,Soyabean,Yellow,FAQ,06/07/2022,5000,6000,5500,13
Maharashtra,Amarawati,Anajngaon,Soyabean,Yellow,FAQ,15/07/2022,5000,6000,5500,13
Maharashtra,Amarawati,Anajngaon,Soyabean,Yellow,FAQ,27/07/2022,5000,5850,5500,13
Maharashtra,Amarawati,Anajngaon,Soyabean,Yellow,FAQ,12/08/2022,5000,6150,5700,13
Maharashtra,Amarawati,Anajngaon,Soyabean,Yellow,FAQ,17/08/2022,5000,5900,5500,13
Maharashtra,Amarawati,Anajngaon,Soyabean,Yellow,FAQ,23/09/2022,4000,4850,4500,13
Maharashtra,Amarawati,Anajngaon,Soyabean,Yellow,FAQ,12/10/2022,3500,4800,4200,13
Maharashtra,Amarawati,Anajngaon,Soyabean,Yellow,FAQ,21/10/2022,3500,5151,4650,13
Maharashtra,Amarawati,Anajngaon,Soyabean,Yellow,FAQ,11/11/2022,5000,6100,5600,13
Maharashtra,Amarawati,Anajngaon,Soyabean,Yellow,FAQ,18/11/2022,5000,6000,5500,13
Maharashtra,Amarawati,Anajngaon,Soyabean,Yellow,FAQ,20/11/2022,5200,6161,5650,13
Maharashtra,Amarawati,Chandur Bazar,Soyabean,Yellow,FAQ,06/01/2022,5750,7290,6440,13
Maharashtra,Amarawati,Chandur Bazar,Soyabean,Yellow,FAQ,21/01/2022,5000,7201,6451,13
Maharashtra,Amarawati,Chandur Bazar,Soyabean,Yellow,FAQ,28/01/2022,5460,5905,5810,13
Maharashtra,Amarawati,Chandur Bazar,Soyabean,Yellow,FAQ,08/02/2022,5800,6150,6070,13
Maharashtra,Amarawati,Chandur Bazar,Soyabean,Yellow,FAQ,14/02/2022,5820,6500,6400,13
Maharashtra,Amarawati,Chandur Bazar,Soyabean,Yellow,FAQ,03/03/2022,6250,7500,7121,13
Maharashtra,Amarawati,Chandur Bazar,Soyabean,Yellow,FAQ,23/03/2022,6150,7050,6950,13
Maharashtra,Amarawati,Chandur Bazar,Soyabean,Yellow,FAQ,08/04/2022,5800,7200,6625,13
Maharashtra,Amarawati,Chandur Bazar,Soyabean,Yellow,FAQ,11/04/2022,5800,6900,6499,13
Maharashtra,Amarawati,Chandur Bazar,Soyabean,Yellow,FAQ,29/04/2022,6500,6850,6700,13
Maharashtra,Amarawati,Chandur Bazar,Soyabean,Yellow,FAQ,09/05/2022,4200,6749,6081,13
Maharashtra,Amarawati,Chandur Bazar,Soyabean,Yellow,FAQ,19/05/2022,6000,6775,6340,13
Maharashtra,Amarawati,Chandur Bazar,Soyabean,Yellow,FAQ,23/05/2022,6000,6650,6475,13
Maharashtra,Amarawati,Chandur Bazar,Soyabean,Yellow,FAQ,25/05/2022,5900,6600,6375,13
Maharashtra,Amarawati,Chandur Bazar,Soyabean,Yellow,FAQ,10/06/2022,5000,6500,6155,13
Maharashtra,Amarawati,Chandur Bazar,Soyabean,Yellow,FAQ,14/06/2022,5750,6450,6131,13
Maharashtra,Amarawati,Chandur Bazar,Soyabean,Yellow,FAQ,16/06/2022,5400,6350,5940,13
Maharashtra,Amarawati,Chandur Bazar,Soyabean,Yellow,FAQ,22/06/2022,5100,6150,5750,13
Maharashtra,Amarawati,Chandur Bazar,Soyabean,Yellow,FAQ,24/06/2022,5250,6000,5800,13
Maharashtra,Amarawati,Chandur Bazar,Soyabean,Yellow,FAQ,29/06/2022,5250,6350,5969,13
Maharashtra,Amarawati,Chandur Bazar,Soyabean,Yellow,FAQ,12/07/2022,6000,6249,6150,13
Maharashtra,Amarawati,Chandur Bazar,Soyabean,Yellow,FAQ,15/07/2022,5700,5915,5799,13
Maharashtra,Amarawati,Chandur Bazar,Soyabean,Yellow,FAQ,29/07/2022,5701,6080,5850,13
Maharashtra,Amarawati,Chandur Bazar,Soyabean,Yellow,FAQ,18/08/2022,5850,5960,5900,13
Maharashtra,Amarawati,Chandur Bazar,Soyabean,Yellow,FAQ,19/08/2022,5700,5900,5870,13
Maharashtra,Amarawati,Chandur Bazar,Soyabean,Yellow,FAQ,22/08/2022,5500,5800,5600,13
Maharashtra,Amarawati,Chandur Bazar,Soyabean,Yellow,FAQ,23/08/2022,5200,5750,5460,13
Maharashtra,Amarawati,Chandur Bazar,Soyabean,Yellow,FAQ,06/09/2022,4900,5052,4951,13
Maharashtra,Amarawati,Chandur Bazar,Soyabean,Yellow,FAQ,13/09/2022,4801,5000,4950,13
Maharashtra,Amarawati,Chandur Bazar,Soyabean,Yellow,FAQ,26/09/2022,4100,4500,4250,13
Maharashtra,Amarawati,Chandur Bazar,Soyabean,Yellow,FAQ,29/09/2022,4000,4400,4300,13
Maharashtra,Amarawati,Chandur Bazar,Soyabean,Yellow,FAQ,03/10/2022,4300,4550,4400,13
Maharashtra,Amarawati,Chandur Bazar,Soyabean,Yellow,FAQ,10/10/2022,3500,4810,4051,13
Maharashtra,Amarawati,Chandur Bazar,Soyabean,Yellow,FAQ,13/10/2022,3600,4881,4140,13
Maharashtra,Amarawati,Chandur Bazar,Soyabean,Yellow,FAQ,14/10/2022,4500,5000,4651,13
Maharashtra,Amarawati,Chandur Bazar,Soyabean,Yellow,FAQ,01/12/2022,4500,5500,4881,13
Maharashtra,Amarawati,Chandur Bazar,Soyabean,Yellow,FAQ,02/12/2022,4500,5460,4810,13
Maharashtra,Amarawati,Chandur Bazar,Soyabean,Yellow,FAQ,15/12/2022,4650,5390,5100,13
Maharashtra,Amarawati,Chandur Bazar,Soyabean,Yellow,FAQ,30/12/2022,4600,5340,4900,13
Maharashtra,Amarawati,Chandur Railway,Soyabean,Yellow,FAQ,03/01/2022,4800,5440,5200,13
Maharashtra,Amarawati,Chandur Railway,Soyabean,Yellow,FAQ,05/01/2022,5950,6300,6200,13
Maharashtra,Amarawati,Chandur Railway,Soyabean,Yellow,FAQ,08/01/2022,6045,6230,6150,13
Maharashtra,Amarawati,Chandur Railway,Soyabean,Yellow,FAQ,14/02/2022,6300,6670,6500,13
Maharashtra,Amarawati,Chandur Railway,Soyabean,Yellow,FAQ,07/03/2022,6700,7260,7000,13
Maharashtra,Amarawati,Chandur Railway,Soyabean,Yellow,FAQ,18/05/2022,5400,5750,5700,13
Maharashtra,Amarawati,Chandur Railway,Soyabean,Yellow,FAQ,02/06/2022,6030,6200,6150,13
Maharashtra,Amarawati,Chandur Railway,Soyabean,Yellow,FAQ,17/06/2022,6185,6250,6200,13
Maharashtra,Amarawati,Chandur Railway,Soyabean,Yellow,FAQ,18/06/2022,6225,6300,6300,13
Maharashtra,Amarawati,Chandur Railway,Soyabean,Yellow,FAQ,04/10/2022,4451,4451,4451,13
Maharashtra,Amarawati,Chandur Railway,Soyabean,Yellow,FAQ,11/11/2022,5200,5600,5455,13
Maharashtra,Amarawati,Chandur Railway,Soyabean,Yellow,FAQ,12/11/2022,5280,5651,5350,13
Maharashtra,Amarawati,Chandur Railway,Soyabean,Yellow,FAQ,15/11/2022,5285,5750,5600,13
Maharashtra,Amarawati,Chandur Railway,Soyabean,Yellow,FAQ,01/12/2022,5130,5495,5300,13
Maharashtra,Amarawati,Chandur Railway,Soyabean,Yellow,FAQ,21/12/2022,5150,5400,5300,13
Maharashtra,Amarawati,Chandur Railway,Soyabean,Yellow,FAQ,22/12/2022,5050,5340,5250,13
Maharashtra,Amarawati,Chandur Railway,Soyabean,Yellow,FAQ,29/12/2022,5150,5325,5250,13
Maharashtra,Amarawati,Daryapur,Soyabean,Yellow,FAQ,04/01/2022,4500,8000,6300,13
Maharashtra,Amarawati,Daryapur,Soyabean,Yellow,FAQ,01/02/2022,5300,7300,5900,13
Maharashtra,Amarawati,Daryapur,Soyabean,Yellow,FAQ,08/02/2022,4005,8000,6500,13
Maharashtra,Amarawati,Daryapur,Soyabean,Yellow,FAQ,11/02/2022,4500,8110,6500,13
Maharashtra,Amarawati,Daryapur,Soyabean,Yellow,FAQ,12/02/2022,5000,8010,6450,13
Maharashtra,Amarawati,Daryapur,Soyabean,Yellow,FAQ,18/02/2022,4205,7400,6500,13
Maharashtra,Amarawati,Daryapur,Soyabean,Yellow,FAQ,25/02/2022,5000,7700,6700,13
Maharashtra,Amarawati,Daryapur,Soyabean,Yellow,FAQ,28/02/2022,5000,7855,7100,13
Maharashtra,Amarawati,Daryapur,Soyabean,Yellow,FAQ,05/03/2022,6000,7750,6900,13
Maharashtra,Amarawati,Daryapur,Soyabean,Yellow,FAQ,08/03/2022,5800,7450,6900,13
Maharashtra,Amarawati,Daryapur,Soyabean,Yellow,FAQ,22/03/2022,6200,7625,6800,13
Maharashtra,Amarawati,Daryapur,Soyabean,Yellow,FAQ,08/04/2022,5000,8000,7225,13
Maharashtra,Amarawati,Daryapur,Soyabean,Yellow,FAQ,30/04/2022,5500,7225,6850,13
Maharashtra,Amarawati,Daryapur,Soyabean,Yellow,FAQ,14/05/2022,2800,7500,6700,13
Maharashtra,Amarawati,Daryapur,Soyabean,Yellow,FAQ,28/05/2022,5000,7900,6750,13
Maharashtra,Amarawati,Daryapur,Soyabean,Yellow,FAQ,07/06/2022,4500,7000,6430,13
Maharashtra,Amarawati,Daryapur,Soyabean,Yellow,FAQ,10/06/2022,4500,7200,6550,13
Maharashtra,Amarawati,Daryapur,Soyabean,Yellow,FAQ,11/06/2022,5405,7200,6450,13
Maharashtra,Amarawati,Daryapur,Soyabean,Yellow,FAQ,14/06/2022,4500,6800,6450,13
Maharashtra,Amarawati,Daryapur,Soyabean,Yellow,FAQ,28/06/2022,5000,6345,6150,13
Maharashtra,Amarawati,Daryapur,Soyabean,Yellow,FAQ,01/07/2022,5800,6450,6200,13
Maharashtra,Amarawati,Daryapur,Soyabean,Yellow,FAQ,20/07/2022,5000,6200,5900,13
Maharashtra,Amarawati,Daryapur,Soyabean,Yellow,FAQ,25/07/2022,4570,6000,5725,13
Maharashtra,Amarawati,Daryapur,Soyabean,Yellow,FAQ,29/07/2022,5300,6210,5905,13
Maharashtra,Amarawati,Daryapur,Soyabean,Yellow,FAQ,05/08/2022,4500,6200,5950,13
Maharashtra,Amarawati,Daryapur,Soyabean,Yellow,FAQ,08/08/2022,5400,6240,6010,13
Maharashtra,Amarawati,Daryapur,Soyabean,Yellow,FAQ,20/08/2022,5200,6020,5700,13
Maharashtra,Amarawati,Daryapur,Soyabean,Yellow,FAQ,27/08/2022,3940,5625,5300,13
Maharashtra,Amarawati,Daryapur,Soyabean,Yellow,FAQ,03/09/2022,4211,5190,4850,13
Maharashtra,Amarawati,Daryapur,Soyabean,Yellow,FAQ,31/10/2022,3850,5755,4700,13
Maharashtra,Amarawati,Daryapur,Soyabean,Yellow,FAQ,26/11/2022,4000,5800,5100,13
Maharashtra,Amarawati,Daryapur,Soyabean,Yellow,FAQ,09/12/2022,4415,5510,5000,13
Maharashtra,Amarawati,Daryapur,Soyabean,Yellow,FAQ,10/12/2022,4000,5700,5100,13
Maharashtra,Amarawati,Daryapur,Soyabean,Yellow,FAQ,14/12/2022,4000,5725,5200,13
Maharashtra,Amarawati,Daryapur,Soyabean,Yellow,FAQ,16/12/2022,4700,5475,5100,13
Maharashtra,Amarawati,Daryapur,Soyabean,Yellow,FAQ,20/12/2022,4400,5600,5150,13
Maharashtra,Amarawati,Daryapur,Soyabean,Yellow,FAQ,21/12/2022,4300,5620,5200,13
Maharashtra,Amarawati,Daryapur,Soyabean,Yellow,FAQ,27/12/2022,4700,5400,5150,13
Maharashtra,Amarawati,Dhamngaon-Railway,Soyabean,Yellow,FAQ,12/01/2022,5570,6775,6250,13
Maharashtra,Amarawati,Dhamngaon-Railway,Soyabean,Yellow,FAQ,15/01/2022,5900,6540,6100,13
Maharashtra,Amarawati,Dhamngaon-Railway,Soyabean,Yellow,FAQ,01/02/2022,4705,6090,5700,13
Maharashtra,Amarawati,Dhamngaon-Railway,Soyabean,Yellow,FAQ,03/02/2022,4705,5935,5200,13
Maharashtra,Amarawati,Dhamngaon-Railway,Soyabean,Yellow,FAQ,27/06/2022,6000,6340,6100,13
Maharashtra,Amarawati,Dhamngaon-Railway,Soyabean,Yellow,FAQ,12/07/2022,4900,6255,6100,13
Maharashtra,Amarawati,Dhamngaon-Railway,Soyabean,Yellow,FAQ,14/07/2022,5705,6200,6100,13
Maharashtra,Amarawati,Dhamngaon-Railway,Soyabean,Yellow,FAQ,15/07/2022,5800,6160,5970,13
Maharashtra,Amarawati,Dhamngaon-Railway,Soyabean,Yellow,FAQ,28/12/2022,4935,5355,5100,13
Maharashtra,Amarawati,Morshi,Soyabean,Other,FAQ,17/02/2022,5800,6100,5950,13
Maharashtra,Amarawati,Morshi,Soyabean,Other,FAQ,07/03/2022,6500,6900,6700,13
Maharashtra,Amarawati,Morshi,Soyabean,Other,FAQ,10/03/2022,6200,7100,6650,13
Maharashtra,Amarawati,Morshi,Soyabean,Other,FAQ,02/05/2022,6060,6300,6150,13
Maharashtra,Amarawati,Morshi,Soyabean,Other,FAQ,05/05/2022,6000,6350,6175,13
Maharashtra,Amarawati,Morshi,Soyabean,Other,FAQ,20/06/2022,6000,6100,6050,13
Maharashtra,Amarawati,Morshi,Soyabean,Other,FAQ,11/07/2022,5800,6900,6350,13
Maharashtra,Amarawati,Morshi,Soyabean,Other,FAQ,25/07/2022,5500,6900,6200,13
Maharashtra,Amarawati,Morshi,Soyabean,Other,FAQ,18/08/2022,5800,6030,5915,13
Maharashtra,Amarawati,Morshi,Soyabean,Other,FAQ,22/08/2022,5650,5850,5750,13
Maharashtra,Amarawati,Morshi,Soyabean,Other,FAQ,08/09/2022,4000,5200,4600,13
Maharashtra,Amarawati,Morshi,Soyabean,Other,FAQ,15/09/2022,4200,5000,4600,13
Maharashtra,Amarawati,Morshi,Soyabean,Other,FAQ,03/10/2022,4000,4600,4300,13
Maharashtra,Amarawati,Morshi,Soyabean,Other,FAQ,28/10/2022,4400,4960,4680,13
Maharashtra,Amarawati,Morshi,Soyabean,Other,FAQ,07/11/2022,5500,5818,5657,13
Maharashtra,Amarawati,Morshi,Soyabean,Other,FAQ,19/12/2022,5000,5350,5175,13
Maharashtra,Amarawati,Nandgaon Khandeshwar,Soyabean,Yellow,FAQ,01/01/2022,5650,6185,5917,13
Maharashtra,Amarawati,Nandgaon Khandeshwar,Soyabean,Yellow,FAQ,02/01/2022,5750,6225,5987,13
Maharashtra,Amarawati,Nandgaon Khandeshwar,Soyabean,Yellow,FAQ,04/01/2022,5775,6265,6020,13
Maharashtra,Amarawati,Nandgaon Khandeshwar,Soyabean,Yellow,FAQ,10/01/2022,5675,6225,5950,13
Maharashtra,Amarawati,Nandgaon Khandeshwar,Soyabean,Yellow,FAQ,11/01/2022,5775,6200,5987,13
Maharashtra,Amarawati,Nandgaon Khandeshwar,Soyabean,Yellow,FAQ,12/01/2022,5725,6180,5952,13
Maharashtra,Amarawati,Nandgaon Khandeshwar,Soyabean,Yellow,FAQ,14/01/2022,5650,6140,5895,13
Maharashtra,Amarawati,Nandgaon Khandeshwar,Soyabean,Yellow,FAQ,20/01/2022,5750,6160,5955,13
Maharashtra,Amarawati,Nandgaon Khandeshwar,Soyabean,Yellow,FAQ,27/01/2022,5550,6000,5775,13
Maharashtra,Amarawati,Nandgaon Khandeshwar,Soyabean,Yellow,FAQ,04/02/2022,5750,6150,5950,13
Maharashtra,Amarawati,Nandgaon Khandeshwar,Soyabean,Yellow,FAQ,08/02/2022,5875,6275,6075,13
Maharashtra,Amarawati,Nandgaon Khandeshwar,Soyabean,Yellow,FAQ,16/02/2022,6000,6450,6225,13
Maharashtra,Amarawati,Nandgaon Khandeshwar,Soyabean,Yellow,FAQ,12/07/2022,5875,6145,6010,13
Maharashtra,Amarawati,Nandgaon Khandeshwar,Soyabean,Yellow,FAQ,16/07/2022,5800,6050,5925,13
Maharashtra,Amarawati,Nandgaon Khandeshwar,Soyabean,Yellow,FAQ,26/07/2022,5745,5975,5760,13
Maharashtra,Amarawati,Nandgaon Khandeshwar,Soyabean,Yellow,FAQ,27/07/2022,5875,6025,5950,13
Maharashtra,Amarawati,Nandgaon Khandeshwar,Soyabean,Yellow,FAQ,18/08/2022,5550,5850,5700,13
Maharashtra,Amarawati,Nandgaon Khandeshwar,Soyabean,Yellow,FAQ,30/08/2022,5140,5310,5225,13
Maharashtra,Amarawati,Nandgaon Khandeshwar,Soyabean,Yellow,FAQ,02/09/2022,4775,4965,4870,13
Maharashtra,Amarawati,Nandgaon Khandeshwar,Soyabean,Yellow,FAQ,03/09/2022,4650,4900,4775,13
Maharashtra,Amarawati,Nandgaon Khandeshwar,Soyabean,Yellow,FAQ,13/09/2022,4765,5000,4882,13
Maharashtra,Amarawati,Nandgaon Khandeshwar,Soyabean,Yellow,FAQ,20/09/2022,4850,5100,4975,13
Maharashtra,Amarawati,Nandgaon Khandeshwar,Soyabean,Yellow,FAQ,06/10/2022,4555,4885,4720,13
Maharashtra,Amarawati,Nandgaon Khandeshwar,Soyabean,Yellow,FAQ,07/10/2022,4650,4990,4870,13
Maharashtra,Amarawati,Nandgaon Khandeshwar,Soyabean,Yellow,FAQ,11/10/2022,4350,4900,4625,13
Maharashtra,Amarawati,Nandgaon Khandeshwar,Soyabean,Yellow,FAQ,12/10/2022,4500,4850,4675,13
Maharashtra,Amarawati,Nandgaon Khandeshwar,Soyabean,Yellow,FAQ,28/10/2022,4450,5135,4795,13
Maharashtra,Amarawati,Nandgaon Khandeshwar,Soyabean,Yellow,FAQ,04/11/2022,4950,5525,5250,13
Maharashtra,Amarawati,Nandgaon Khandeshwar,Soyabean,Yellow,FAQ,06/12/2022,4950,5400,5175,13
Maharashtra,Amarawati,Nandgaon Khandeshwar,Soyabean,Yellow,FAQ,13/12/2022,5100,5350,5225,13
Maharashtra,Amarawati,Nandgaon Khandeshwar,Soyabean,Yellow,FAQ,20/12/2022,5140,5400,5270,13
Maharashtra,Amarawati,Nandgaon Khandeshwar,Soyabean,Yellow,FAQ,23/12/2022,5250,5400,5325,13
Maharashtra,Amarawati,Varud(Rajura Bazar),Soyabean,Yellow,FAQ,10/02/2022,4500,6099,5788,13
Maharashtra,Amarawati,Varud(Rajura Bazar),Soyabean,Yellow,FAQ,24/03/2022,6500,6999,6890,13
Maharashtra,Amarawati,Varud(Rajura Bazar),Soyabean,Yellow,FAQ,09/06/2022,3399,6099,4180,13
Maharashtra,Amarawati,Varud(Rajura Bazar),Soyabean,Yellow,FAQ,23/06/2022,5799,6052,5820,13
Maharashtra,Amarawati,Varud(Rajura Bazar),Soyabean,Yellow,FAQ,07/07/2022,2525,5899,5318,13
Maharashtra,Amarawati,Varud(Rajura Bazar),Soyabean,Yellow,FAQ,21/07/2022,5850,5900,5857,13
Maharashtra,Amarawati,Varud(Rajura Bazar),Soyabean,Yellow,FAQ,25/08/2022,4700,5599,5109,13
Maharashtra,Amarawati,Varud(Rajura Bazar),Soyabean,Yellow,FAQ,08/09/2022,2000,4899,3215,13
Maharashtra,Amarawati,Varud(Rajura Bazar),Soyabean,Yellow,FAQ,15/09/2022,4899,4899,4899,13
Maharashtra,Amarawati,Varud(Rajura Bazar),Soyabean,Yellow,FAQ,20/10/2022,3699,4799,4498,13
Maharashtra,Amarawati,Varud(Rajura Bazar),Soyabean,Yellow,FAQ,08/12/2022,5100,5411,5256,13
Maharashtra,Amarawati,Daryapur,Soyabean,Yellow,FAQ,16/10/2024,2800,4375,4050,13
Maharashtra,Amarawati,Chandur Bazar,Soyabean,Yellow,FAQ,15/10/2024,4000,4350,4200,13
Maharashtra,Amarawati,Dhamngaon-Railway,Soyabean,Yellow,FAQ,26/10/2024,3500,4515,4200,13
Maharashtra,Amarawati,Chandur Bazar,Soyabean,Yellow,FAQ,28/10/2024,3000,4400,4060,13
Maharashtra,Amarawati,Morshi,Soyabean,Other,FAQ,18/10/2024,3600,4225,3912,13
Maharashtra,Amarawati,Shetkari Khushi Bazar,Soyabean,Other,FAQ,18/10/2024,1000,4550,4147,13
Maharashtra,Amarawati,Daryapur,Soyabean,Yellow,FAQ,11/10/2024,3300,4600,4300,13
Maharashtra,Amarawati,Varud(Rajura Bazar),Soyabean,Yellow,FAQ,10/10/2024,3700,4311,3964,13
Maharashtra,Amarawati,Dhamngaon-Railway,Soyabean,Yellow,FAQ,25/10/2024,3500,4510,4200,13
Maharashtra,Amarawati,Amarawati,Soyabean,Other,FAQ,04/10/2024,4400,4510,4455,13
Maharashtra,Amarawati,Dhamngaon-Railway,Soyabean,Yellow,FAQ,24/10/2024,3500,4500,4200,13
Maharashtra,Amarawati,Anajngaon,Soyabean,Yellow,FAQ,11/10/2024,3500,4600,4200,13
Maharashtra,Amarawati,Chandur Bazar,Soyabean,Yellow,FAQ,14/10/2024,4000,4400,4200,13
Maharashtra,Amarawati,Daryapur,Soyabean,Yellow,FAQ,01/10/2024,3500,4520,4425,13
Maharashtra,Amarawati,Achalpur,Soyabean,Other,FAQ,06/01/2024,4500,4600,4550,13
Maharashtra,Amarawati,Achalpur,Soyabean,Other,FAQ,11/01/2024,4450,4600,4525,13
Maharashtra,Amarawati,Achalpur,Soyabean,Other,FAQ,16/01/2024,4450,4600,4525,13
Maharashtra,Amarawati,Achalpur,Soyabean,Other,FAQ,29/01/2024,4300,4500,4400,13
Maharashtra,Amarawati,Achalpur,Soyabean,Other,FAQ,31/01/2024,4300,4400,4350,13
Maharashtra,Amarawati,Achalpur,Soyabean,Other,FAQ,02/02/2024,4000,4400,4200,13
Maharashtra,Amarawati,Achalpur,Soyabean,Other,FAQ,07/02/2024,4000,4350,4175,13
Maharashtra,Amarawati,Achalpur,Soyabean,Other,FAQ,12/02/2024,4280,4300,4290,13
Maharashtra,Amarawati,Achalpur,Soyabean,Other,FAQ,15/02/2024,4000,4300,4150,13
Maharashtra,Amarawati,Achalpur,Soyabean,Other,FAQ,16/02/2024,4100,4325,4213,13
Maharashtra,Amarawati,Achalpur,Soyabean,Other,FAQ,02/03/2024,4000,4300,4150,13
Maharashtra,Amarawati,Achalpur,Soyabean,Other,FAQ,11/03/2024,4200,4330,4265,13
Maharashtra,Amarawati,Achalpur,Soyabean,Other,FAQ,15/03/2024,4200,4400,4300,13
Maharashtra,Amarawati,Achalpur,Soyabean,Other,FAQ,21/03/2024,4000,4380,4190,13
Maharashtra,Amarawati,Achalpur,Soyabean,Other,FAQ,22/03/2024,4250,4350,4300,13
Maharashtra,Amarawati,Achalpur,Soyabean,Other,FAQ,01/04/2024,4200,4300,4250,13
Maharashtra,Amarawati,Achalpur,Soyabean,Other,FAQ,05/04/2024,4250,4450,4350,13
Maharashtra,Amarawati,Amarawati,Soyabean,Other,FAQ,03/01/2024,4550,4645,4597,13
Maharashtra,Amarawati,Amarawati,Soyabean,Other,FAQ,04/01/2024,4550,4621,4585,13
Maharashtra,Amarawati,Amarawati,Soyabean,Other,FAQ,09/01/2024,4500,4600,4550,13
Maharashtra,Amarawati,Amarawati,Soyabean,Other,FAQ,15/01/2024,4500,4612,4556,13
Maharashtra,Amarawati,Amarawati,Soyabean,Other,FAQ,16/01/2024,4475,4600,4537,13
Maharashtra,Amarawati,Amarawati,Soyabean,Other,FAQ,25/01/2024,4400,4482,4441,13
Maharashtra,Amarawati,Amarawati,Soyabean,Other,FAQ,30/01/2024,4100,4251,4175,13
Maharashtra,Amarawati,Amarawati,Soyabean,Other,FAQ,03/02/2024,4250,4326,4288,13
Maharashtra,Amarawati,Amarawati,Soyabean,Other,FAQ,17/02/2024,4200,4326,4263,13
Maharashtra,Amarawati,Amarawati,Soyabean,Other,FAQ,22/02/2024,4300,4400,4350,13
Maharashtra,Amarawati,Amarawati,Soyabean,Other,FAQ,27/02/2024,4100,4340,4220,13
Maharashtra,Amarawati,Amarawati,Soyabean,Other,FAQ,11/03/2024,4150,4250,4200,13
Maharashtra,Amarawati,Amarawati,Soyabean,Other,FAQ,12/03/2024,4250,4326,4288,13
Maharashtra,Amarawati,Amarawati,Soyabean,Other,FAQ,13/03/2024,4250,4351,4300,13
Maharashtra,Amarawati,Amarawati,Soyabean,Other,FAQ,16/03/2024,4250,4352,4301,13
Maharashtra,Amarawati,Amarawati,Soyabean,Other,FAQ,20/03/2024,4270,4376,4323,13
Maharashtra,Amarawati,Amarawati,Soyabean,Other,FAQ,04/04/2024,4450,4551,4500,13
Maharashtra,Amarawati,Anajngaon,Soyabean,Yellow,FAQ,16/02/2024,4000,4300,4200,13
Maharashtra,Amarawati,Chandur Bazar,Soyabean,Yellow,FAQ,04/01/2024,4300,4560,4450,13
Maharashtra,Amarawati,Chandur Bazar,Soyabean,Yellow,FAQ,29/01/2024,4150,4400,4275,13
Maharashtra,Amarawati,Chandur Bazar,Soyabean,Yellow,FAQ,14/02/2024,4000,4400,4210,13
Maharashtra,Amarawati,Chandur Bazar,Soyabean,Yellow,FAQ,21/02/2024,4000,4420,4250,13
Maharashtra,Amarawati,Chandur Bazar,Soyabean,Yellow,FAQ,28/02/2024,4000,4380,4120,13
Maharashtra,Amarawati,Chandur Bazar,Soyabean,Yellow,FAQ,29/02/2024,4000,4350,4200,13
Maharashtra,Amarawati,Chandur Bazar,Soyabean,Yellow,FAQ,21/03/2024,4000,4300,4200,13
Maharashtra,Amarawati,Chandur Bazar,Soyabean,Yellow,FAQ,05/04/2024,4000,4450,4200,13
Maharashtra,Amarawati,Chandur Railway,Soyabean,Yellow,FAQ,15/01/2024,4470,4615,4550,13
Maharashtra,Amarawati,Chandur Railway,Soyabean,Yellow,FAQ,06/03/2024,4225,4340,4300,13
Maharashtra,Amarawati,Daryapur,Soyabean,Yellow,FAQ,03/01/2024,4250,4670,4520,13
Maharashtra,Amarawati,Daryapur,Soyabean,Yellow,FAQ,05/01/2024,4100,4630,4500,13
Maharashtra,Amarawati,Daryapur,Soyabean,Yellow,FAQ,12/01/2024,4100,4645,4500,13
Maharashtra,Amarawati,Daryapur,Soyabean,Yellow,FAQ,15/01/2024,3800,4645,4500,13
Maharashtra,Amarawati,Daryapur,Soyabean,Yellow,FAQ,13/03/2024,3500,4360,4250,13
Maharashtra,Amarawati,Daryapur,Soyabean,Yellow,FAQ,17/03/2024,3500,4425,4350,13
Maharashtra,Amarawati,Daryapur,Soyabean,Yellow,FAQ,18/03/2024,3400,4455,4375,13
Maharashtra,Amarawati,Daryapur,Soyabean,Yellow,FAQ,20/03/2024,3400,4385,4300,13
Maharashtra,Amarawati,Dhamngaon-Railway,Soyabean,Yellow,FAQ,05/02/2024,4100,4455,4300,13
Maharashtra,Amarawati,Dhamngaon-Railway,Soyabean,Yellow,FAQ,10/02/2024,4100,4470,4300,13
Maharashtra,Amarawati,Morshi,Soyabean,Other,FAQ,08/01/2024,4400,4585,4492,13
Maharashtra,Amarawati,Morshi,Soyabean,Other,FAQ,19/01/2024,4300,4500,4410,13
Maharashtra,Amarawati,Morshi,Soyabean,Other,FAQ,15/02/2024,4200,4330,4265,13
Maharashtra,Amarawati,Morshi,Soyabean,Other,FAQ,11/03/2024,4100,4325,4212,13
Maharashtra,Amarawati,Morshi,Soyabean,Other,FAQ,28/03/2024,4000,4330,4165,13
Maharashtra,Amarawati,Morshi,Soyabean,Other,FAQ,08/04/2024,4300,4550,4425,13
Maharashtra,Amarawati,Morshi,Soyabean,Other,FAQ,15/04/2024,4200,4585,4392,13
Maharashtra,Amarawati,Nandgaon Khandeshwar,Soyabean,Yellow,FAQ,15/02/2024,4150,4300,4225,13
Maharashtra,Amarawati,Nandgaon Khandeshwar,Soyabean,Yellow,FAQ,04/03/2024,4050,4270,4165,13
Maharashtra,Amarawati,Varud,Soyabean,Yellow,FAQ,01/01/2024,4675,4675,4675,13
Maharashtra,Amarawati,Varud,Soyabean,Yellow,FAQ,13/01/2024,4620,4715,4688,13
Maharashtra,Amarawati,Varud,Soyabean,Yellow,FAQ,15/01/2024,4661,4661,4661,13
Maharashtra,Amarawati,Varud,Soyabean,Yellow,FAQ,29/01/2024,4300,4340,4339,13
Maharashtra,Amarawati,Varud,Soyabean,Yellow,FAQ,05/02/2024,4370,4370,4370,13
Maharashtra,Amarawati,Varud,Soyabean,Yellow,FAQ,17/02/2024,4330,4330,4330,13
Maharashtra,Amarawati,Varud,Soyabean,Yellow,FAQ,16/03/2024,4280,4425,4393,13
Maharashtra,Amarawati,Varud,Soyabean,Yellow,FAQ,06/04/2024,4260,4490,4372,13
Maharashtra,Amarawati,Varud(Rajura Bazar),Soyabean,Yellow,FAQ,08/02/2024,4400,4450,4440,13
Maharashtra,Amarawati,Varud(Rajura Bazar),Soyabean,Yellow,FAQ,22/02/2024,4250,4349,4263,13
Maharashtra,Amarawati,Varud(Rajura Bazar),Soyabean,Yellow,FAQ,29/02/2024,4296,4400,4350,13
Maharashtra,Amarawati,Varud(Rajura Bazar),Soyabean,Yellow,FAQ,14/03/2024,4200,4200,4200,13
Maharashtra,Amarawati,Amarawati,Soyabean,Other,FAQ,17/05/2024,4350,4425,4387,13
Maharashtra,Amarawati,Amarawati,Soyabean,Other,FAQ,24/05/2024,4300,4412,4356,13
Maharashtra,Amarawati,Amarawati,Soyabean,Other,FAQ,30/05/2024,4350,4470,4410,13
Maharashtra,Amarawati,Amarawati,Soyabean,Other,FAQ,31/05/2024,4350,4450,4400,13
Maharashtra,Amarawati,Anajngaon,Soyabean,Yellow,FAQ,03/05/2024,3800,4250,4100,13
Maharashtra,Amarawati,Anajngaon,Soyabean,Yellow,FAQ,12/05/2024,4200,4400,4300,13
Maharashtra,Amarawati,Anajngaon,Soyabean,Yellow,FAQ,24/05/2024,4000,4325,4200,13
Maharashtra,Amarawati,Chandur Bazar,Soyabean,Yellow,FAQ,06/05/2024,4000,4370,4240,13
Maharashtra,Amarawati,Chandur Bazar,Soyabean,Yellow,FAQ,28/05/2024,4000,4350,4250,13
Maharashtra,Amarawati,Chandur Railway,Soyabean,Yellow,FAQ,07/05/2024,4220,4500,4450,13
Maharashtra,Amarawati,Daryapur,Soyabean,Yellow,FAQ,21/05/2024,3600,4440,4350,13
Maharashtra,Amarawati,Daryapur,Soyabean,Yellow,FAQ,25/05/2024,3500,4450,4350,13
Maharashtra,Amarawati,Daryapur,Soyabean,Yellow,FAQ,27/05/2024,3500,4445,4350,13
Maharashtra,Amarawati,Dhamngaon-Railway,Soyabean,Yellow,FAQ,08/05/2024,4000,4550,4350,13
Maharashtra,Amarawati,Morshi,Soyabean,Other,FAQ,16/05/2024,4300,4450,4375,13
Maharashtra,Amarawati,Nandgaon Khandeshwar,Soyabean,Yellow,FAQ,04/05/2024,4225,4445,4335,13
Maharashtra,Amarawati,Nandgaon Khandeshwar,Soyabean,Yellow,FAQ,13/05/2024,4225,4455,4340,13
Maharashtra,Amarawati,Achalpur,Soyabean,Other,FAQ,01/06/2024,4250,4450,4350,13
Maharashtra,Amarawati,Amarawati,Soyabean,Other,FAQ,06/06/2024,4300,4400,4350,13
Maharashtra,Amarawati,Amarawati,Soyabean,Other,FAQ,27/06/2024,4350,4425,4387,13
Maharashtra,Amarawati,Chandur Bazar,Soyabean,Yellow,FAQ,10/06/2024,4000,4360,4250,13
Maharashtra,Amarawati,Chandur Bazar,Soyabean,Yellow,FAQ,26/06/2024,4000,4400,4240,13
Maharashtra,Amarawati,Chandur Railway,Soyabean,Yellow,FAQ,28/06/2024,4360,4455,4425,13
Maharashtra,Amarawati,Nandgaon Khandeshwar,Soyabean,Yellow,FAQ,14/06/2024,4165,4345,4255,13
Maharashtra,Amarawati,Shetkari Khushi Bazar,Soyabean,Other,FAQ,14/06/2024,1000,4400,4198,13
Maharashtra,Amarawati,Shetkari Khushi Bazar,Soyabean,Other,FAQ,21/06/2024,3000,4450,4298,13
Maharashtra,Amarawati,Varud(Rajura Bazar),Soyabean,Yellow,FAQ,13/06/2024,4050,4350,4295,13
Maharashtra,Amarawati,Amarawati,Soyabean,Other,FAQ,11/06/2024,4350,4438,4394,13
Maharashtra,Amarawati,Amarawati,Soyabean,Other,FAQ,19/06/2024,4150,4312,4231,13
Maharashtra,Amarawati,Chandur Railway,Soyabean,Yellow,FAQ,15/06/2024,4360,4400,4380,13
Maharashtra,Amarawati,Daryapur,Soyabean,Yellow,FAQ,10/06/2024,3500,4380,4300,13
Maharashtra,Amarawati,Morshi,Soyabean,Other,FAQ,24/06/2024,4200,4400,4300,13
Maharashtra,Amarawati,Nandgaon Khandeshwar,Soyabean,Yellow,FAQ,01/06/2024,4170,4350,4260,13
Maharashtra,Amarawati,Achalpur,Soyabean,Other,FAQ,03/07/2024,4350,4400,4375,13
Maharashtra,Amarawati,Achalpur,Soyabean,Other,FAQ,06/07/2024,4300,4400,4350,13
Maharashtra,Amarawati,Achalpur,Soyabean,Other,FAQ,08/07/2024,4300,4450,4375,13
Maharashtra,Amarawati,Amarawati,Soyabean,Other,FAQ,20/07/2024,4250,4366,4308,13
Maharashtra,Amarawati,Amarawati,Soyabean,Other,FAQ,25/07/2024,4250,4340,4295,13
Maharashtra,Amarawati,Amarawati,Soyabean,Other,FAQ,26/07/2024,4250,4325,4287,13
Maharashtra,Amarawati,Anajngaon,Soyabean,Yellow,FAQ,19/07/2024,3800,4250,4100,13
Maharashtra,Amarawati,Chandur Bazar,Soyabean,Yellow,FAQ,04/07/2024,4000,4300,4190,13
Maharashtra,Amarawati,Chandur Bazar,Soyabean,Yellow,FAQ,16/07/2024,4000,4300,4250,13
Maharashtra,Amarawati,Chandur Bazar,Soyabean,Yellow,FAQ,23/07/2024,4000,4300,4150,13
Maharashtra,Amarawati,Chandur Bazar,Soyabean,Yellow,FAQ,31/07/2024,4000,4300,4200,13
Maharashtra,Amarawati,Chandur Railway,Soyabean,Yellow,FAQ,08/07/2024,4150,4400,4375,13
Maharashtra,Amarawati,Chandur Railway,Soyabean,Yellow,FAQ,30/07/2024,4200,4230,4211,13
Maharashtra,Amarawati,Dhamngaon-Railway,Soyabean,Yellow,FAQ,30/07/2024,4000,4245,4150,13
Maharashtra,Amarawati,Morshi,Soyabean,Other,FAQ,08/07/2024,4200,4325,4262,13
Maharashtra,Amarawati,Nandgaon Khandeshwar,Soyabean,Yellow,FAQ,08/07/2024,4170,4380,4276,13
Maharashtra,Amarawati,Nandgaon Khandeshwar,Soyabean,Yellow,FAQ,18/07/2024,4170,4310,4240,13
Maharashtra,Amarawati,Shetkari Khushi Bazar,Soyabean,Other,FAQ,04/07/2024,3000,4400,4337,13
Maharashtra,Amarawati,Shetkari Khushi Bazar,Soyabean,Other,FAQ,05/07/2024,4300,4425,4355,13
Maharashtra,Amarawati,Shetkari Khushi Bazar,Soyabean,Other,FAQ,06/07/2024,4300,4400,4339,13
Maharashtra,Amarawati,Shetkari Khushi Bazar,Soyabean,Other,FAQ,18/07/2024,2500,4400,4330,13
Maharashtra,Amarawati,Varud(Rajura Bazar),Soyabean,Yellow,FAQ,11/07/2024,3500,4330,4326,13
Maharashtra,Amarawati,Amarawati,Soyabean,Other,FAQ,04/01/2025,3850,4000,3925,13
Maharashtra,Amarawati,Amarawati,Soyabean,Other,FAQ,07/01/2025,3850,4000,3925,13
Maharashtra,Amarawati,Amarawati,Soyabean,Other,FAQ,10/01/2025,3900,4116,4008,13
Maharashtra,Amarawati,Amarawati,Soyabean,Other,FAQ,17/01/2025,3850,4021,3935,13
Maharashtra,Amarawati,Amarawati,Soyabean,Other,FAQ,24/01/2025,3850,4071,3960,13
Maharashtra,Amarawati,Amarawati,Soyabean,Other,Local,28/01/2025,3750,3900,3825,13
Maharashtra,Amarawati,Chandur Bazar,Soyabean,Yellow,FAQ,03/01/2025,3300,4290,3940,13
Maharashtra,Amarawati,Chandur Bazar,Soyabean,Yellow,FAQ,06/01/2025,3400,4200,3860,13
Maharashtra,Amarawati,Chandur Bazar,Soyabean,Yellow,FAQ,08/01/2025,3400,4150,3810,13
Maharashtra,Amarawati,Chandur Bazar,Soyabean,Yellow,FAQ,14/01/2025,3500,4250,3910,13
Maharashtra,Amarawati,Chandur Bazar,Soyabean,Yellow,FAQ,17/01/2025,3400,4250,4050,13
Maharashtra,Amarawati,Chandur Bazar,Soyabean,Yellow,FAQ,24/01/2025,3500,4150,3940,13
Maharashtra,Amarawati,Chandur Bazar,Soyabean,Yellow,Non-FAQ,30/01/2025,3500,4200,3920,13
Maharashtra,Amarawati,Chandur Railway,Soyabean,Yellow,Non-FAQ,30/01/2025,3505,4105,3900,13
Maharashtra,Amarawati,Daryapur,Soyabean,Yellow,FAQ,03/01/2025,3200,4275,3925,13
Maharashtra,Amarawati,Daryapur,Soyabean,Yellow,FAQ,15/01/2025,3200,4275,3950,13
Maharashtra,Amarawati,Daryapur,Soyabean,Yellow,FAQ,24/01/2025,3500,4275,3950,13
Maharashtra,Amarawati,Daryapur,Soyabean,Yellow,Non-FAQ,28/01/2025,3500,4250,3900,13
Maharashtra,Amarawati,Dhamngaon-Railway,Soyabean,Yellow,FAQ,02/01/2025,3500,4195,4000,13
Maharashtra,Amarawati,Dhamngaon-Railway,Soyabean,Yellow,FAQ,03/01/2025,3500,4195,4000,13
Maharashtra,Amarawati,Dhamngaon-Railway,Soyabean,Yellow,FAQ,24/01/2025,3500,4100,3800,13
Maharashtra,Amarawati,Shetkari Khushi Bazar,Soyabean,Other,FAQ,01/01/2025,2600,4100,3854,13
Maharashtra,Amarawati,Shetkari Khushi Bazar,Soyabean,Other,FAQ,03/01/2025,1000,4200,3963,13
Maharashtra,Amarawati,Shetkari Khushi Bazar,Soyabean,Other,FAQ,13/01/2025,3100,4200,3958,13
Maharashtra,Amarawati,Shetkari Khushi Bazar,Soyabean,Other,FAQ,30/01/2025,3500,4100,3945,13
Maharashtra,Amarawati,Varud(Rajura Bazar),Soyabean,Yellow,FAQ,03/01/2025,2000,4300,3735,13
Maharashtra,Amarawati,Varud(Rajura Bazar),Soyabean,Yellow,FAQ,24/01/2025,3705,4230,4019,13
Maharashtra,Amarawati,Varud(Rajura Bazar),Soyabean,Yellow,Non-FAQ,31/01/2025,2525,4200,3716,13
Maharashtra,Amarawati,Achalpur,Soyabean,Other,FAQ,23/12/2024,3900,4175,4038,13
Maharashtra,Amarawati,Achalpur,Soyabean,Other,FAQ,28/12/2024,3450,4150,3800,13
Maharashtra,Amarawati,Amarawati,Soyabean,Other,FAQ,03/12/2024,4000,4161,4080,13
Maharashtra,Amarawati,Amarawati,Soyabean,Other,FAQ,14/12/2024,3950,4100,4025,13
Maharashtra,Amarawati,Amarawati,Soyabean,Other,FAQ,21/12/2024,3800,3950,3875,13
Maharashtra,Amarawati,Amarawati,Soyabean,Other,FAQ,30/12/2024,3950,4099,4074,13
Maharashtra,Amarawati,Anajngaon,Soyabean,Yellow,FAQ,20/12/2024,3500,4125,3900,13
Maharashtra,Amarawati,Chandur Bazar,Soyabean,Yellow,FAQ,18/12/2024,3000,4110,3910,13
Maharashtra,Amarawati,Chandur Bazar,Soyabean,Yellow,FAQ,19/12/2024,3300,4200,4070,13
Maharashtra,Amarawati,Chandur Railway,Soyabean,Yellow,FAQ,03/12/2024,3650,4310,4000,13
Maharashtra,Amarawati,Chandur Railway,Soyabean,Yellow,FAQ,04/12/2024,3500,4285,3900,13
Maharashtra,Amarawati,Chandur Railway,Soyabean,Yellow,FAQ,13/12/2024,3500,4260,4000,13
Maharashtra,Amarawati,Chandur Railway,Soyabean,Yellow,FAQ,14/12/2024,3300,4275,4000,13
Maharashtra,Amarawati,Daryapur,Soyabean,Yellow,FAQ,06/12/2024,3400,4300,4000,13
Maharashtra,Amarawati,Daryapur,Soyabean,Yellow,FAQ,20/12/2024,3000,4265,3900,13
Maharashtra,Amarawati,Dhamngaon-Railway,Soyabean,Yellow,FAQ,18/12/2024,3500,4145,3900,13
Maharashtra,Amarawati,Dhamngaon-Railway,Soyabean,Yellow,FAQ,24/12/2024,3500,4090,3800,13
Maharashtra,Amarawati,Dhamngaon-Railway,Soyabean,Yellow,FAQ,27/12/2024,3500,4300,4000,13
Maharashtra,Amarawati,Nandgaon Khandeshwar,Soyabean,Yellow,FAQ,06/12/2024,3850,4130,3990,13
Maharashtra,Amarawati,Shetkari Khushi Bazar,Soyabean,Other,FAQ,12/12/2024,3000,4100,3903,13
Maharashtra,Amarawati,Shetkari Khushi Bazar,Soyabean,Other,FAQ,31/12/2024,3700,4100,3958,13
Maharashtra,Amarawati,Varud,Soyabean,Yellow,FAQ,07/12/2024,2650,3985,3746,13
Maharashtra,Amarawati,Varud,Soyabean,Yellow,FAQ,21/12/2024,3335,3850,3624,13
Maharashtra,Amarawati,Varud(Rajura Bazar),Soyabean,Yellow,FAQ,20/12/2024,1500,4173,3688,13
Maharashtra,Amarawati,Shetkari Khushi Bazar,Soyabean,Other,FAQ,28/11/2024,3000,4300,4019,13
Maharashtra,Amarawati,Varud(Rajura Bazar),Soyabean,Yellow,FAQ,14/11/2024,3090,4240,3786,13
Maharashtra,Amarawati,Achalpur,Soyabean,Other,FAQ,05/11/2024,3500,4250,3875,13
Maharashtra,Amarawati,Amarawati,Soyabean,Other,FAQ,04/11/2024,3900,4075,3987,13
Maharashtra,Amarawati,Amarawati,Soyabean,Other,FAQ,05/11/2024,3800,4133,3966,13
Maharashtra,Amarawati,Amarawati,Soyabean,Other,FAQ,07/11/2024,3850,4100,3975,13
Maharashtra,Amarawati,Amarawati,Soyabean,Other,FAQ,11/11/2024,3850,4196,4023,13
Maharashtra,Amarawati,Amarawati,Soyabean,Other,FAQ,13/11/2024,3800,4063,3931,13
Maharashtra,Amarawati,Amarawati,Soyabean,Other,FAQ,14/11/2024,3800,4191,3995,13
Maharashtra,Amarawati,Amarawati,Soyabean,Other,FAQ,26/11/2024,3900,4180,4040,13
Maharashtra,Amarawati,Amarawati,Soyabean,Other,FAQ,28/11/2024,4050,4250,4150,13
Maharashtra,Amarawati,Chandur Bazar,Soyabean,Yellow,FAQ,05/11/2024,3200,4350,4040,13
Maharashtra,Amarawati,Chandur Bazar,Soyabean,Yellow,FAQ,11/11/2024,3200,4100,3850,13
Maharashtra,Amarawati,Chandur Bazar,Soyabean,Yellow,FAQ,12/11/2024,3000,4000,3600,13
Maharashtra,Amarawati,Chandur Railway,Soyabean,Yellow,FAQ,11/11/2024,3400,4200,3900,13
Maharashtra,Amarawati,Chandur Railway,Soyabean,Yellow,FAQ,19/11/2024,3500,4130,3900,13
Maharashtra,Amarawati,Chandur Railway,Soyabean,Yellow,FAQ,21/11/2024,3411,4175,4000,13
Maharashtra,Amarawati,Daryapur,Soyabean,Yellow,FAQ,05/11/2024,3400,4400,4150,13
Maharashtra,Amarawati,Dhamngaon-Railway,Soyabean,Yellow,FAQ,06/11/2024,3500,4385,4100,13
Maharashtra,Amarawati,Dhamngaon-Railway,Soyabean,Yellow,FAQ,12/11/2024,3600,4230,4000,13
Maharashtra,Amarawati,Morshi,Soyabean,Other,FAQ,07/11/2024,3220,4180,3700,13
Maharashtra,Amarawati,Morshi,Soyabean,Other,FAQ,22/11/2024,3500,4290,3895,13
Maharashtra,Amarawati,Morshi,Soyabean,Other,FAQ,28/11/2024,3850,4190,4020,13
Maharashtra,Amarawati,Nandgaon Khandeshwar,Soyabean,Yellow,FAQ,05/11/2024,3750,4235,3992,13
Maharashtra,Amarawati,Nandgaon Khandeshwar,Soyabean,Yellow,FAQ,16/11/2024,3950,4410,4180,13
Maharashtra,Amarawati,Shetkari Khushi Bazar,Soyabean,Other,FAQ,19/11/2024,3000,4300,3959,13
Maharashtra,Amarawati,Dharni,Soyabean,Yellow,FAQ,29/10/2024,3500,3600,3550,13
Maharashtra,Amarawati,Dhamngaon-Railway,Soyabean,Yellow,FAQ,09/10/2024,3500,4400,4200,13
Maharashtra,Amarawati,Achalpur,Soyabean,Other,Local,01/04/2025,3500,4000,3700,13
Maharashtra,Amarawati,Achalpur,Soyabean,Other,Local,29/04/2025,3800,4200,4000,13
Maharashtra,Amarawati,Amarawati,Soyabean,Other,Local,22/04/2025,4150,4300,4225,13
Maharashtra,Amarawati,Amarawati,Soyabean,Other,Local,26/04/2025,4100,4280,4190,13
Maharashtra,Amarawati,Chandur Bazar,Soyabean,Yellow,Non-FAQ,08/04/2025,3900,4300,4152,13
Maharashtra,Amarawati,Chandur Bazar,Soyabean,Yellow,Non-FAQ,22/04/2025,3800,4400,4150,13
Maharashtra,Amarawati,Daryapur,Soyabean,Yellow,Non-FAQ,22/04/2025,3700,4350,4200,13
Maharashtra,Amarawati,Nandgaon Khandeshwar,Soyabean,Yellow,Non-FAQ,11/04/2025,4080,4440,4260,13
Maharashtra,Amarawati,Shetkari Khushi Bazar,Soyabean,Other,FAQ,07/04/2025,2500,4300,4134,13
Maharashtra,Amarawati,Shetkari Khushi Bazar,Soyabean,Other,FAQ,24/04/2025,1500,4300,4198,13
Maharashtra,Amarawati,Shetkari Khushi Bazar,Soyabean,Other,FAQ,28/04/2025,1500,4400,4016,13
Maharashtra,Amarawati,Varud,Soyabean,Yellow,Non-FAQ,23/04/2025,3985,4345,4221,13
Maharashtra,Amarawati,Varud(Rajura Bazar),Soyabean,Yellow,Non-FAQ,18/04/2025,3500,4490,4403,13
Maharashtra,Amarawati,Amarawati,Soyabean,Other,Local,19/04/2025,4250,4356,4303,13
Maharashtra,Amarawati,Amarawati,Soyabean,Other,Local,28/04/2025,4050,4256,4153,13
Maharashtra,Amarawati,Chandur Bazar,Soyabean,Yellow,Non-FAQ,15/04/2025,3800,4330,4070,13
Maharashtra,Amarawati,Chandur Bazar,Soyabean,Yellow,Non-FAQ,17/04/2025,3800,4300,4120,13
Maharashtra,Amarawati,Daryapur,Soyabean,Yellow,Non-FAQ,11/04/2025,3600,4500,4200,13
Maharashtra,Amarawati,Morshi,Soyabean,Other,Local,28/04/2025,3900,4050,4000,13
Maharashtra,Amarawati,Morshi,Soyabean,Other,Non-FAQ,10/04/2025,3600,4295,3947,13
Maharashtra,Amarawati,Shetkari Khushi Bazar,Soyabean,Other,FAQ,02/04/2025,3000,4550,4445,13
Maharashtra,Amarawati,Varud,Soyabean,Yellow,Non-FAQ,02/04/2025,4141,4465,4372,13
Maharashtra,Amarawati,Varud(Rajura Bazar),Soyabean,Yellow,Non-FAQ,05/04/2025,4494,4494,4494,13
Maharashtra,Amarawati,Achalpur,Soyabean,Other,Local,02/05/2025,3900,4150,4025,13
Maharashtra,Amarawati,Achalpur,Soyabean,Other,Local,09/05/2025,3800,4200,4000,13
Maharashtra,Amarawati,Amarawati,Soyabean,Other,Local,22/05/2025,4100,4265,4182,13
Maharashtra,Amarawati,Amarawati,Soyabean,Other,Local,29/05/2025,4050,4211,4130,13
Maharashtra,Amarawati,Amarawati,Soyabean,Other,Non-FAQ,23/05/2025,4050,4200,4125,13
Maharashtra,Amarawati,Amarawati,Soyabean,Other,Non-FAQ,24/05/2025,4050,4251,4150,13
Maharashtra,Amarawati,Chandur Bazar,Soyabean,Yellow,Non-FAQ,28/05/2025,3500,4160,3850,13
Maharashtra,Amarawati,Chandur Bazar,Soyabean,Yellow,Non-FAQ,30/05/2025,3550,4100,3750,13
Maharashtra,Amarawati,Chandur Railway,Soyabean,Yellow,Non-FAQ,02/05/2025,3925,4300,4225,13
Maharashtra,Amarawati,Chandur Railway,Soyabean,Yellow,Non-FAQ,24/05/2025,4220,4250,4225,13
Maharashtra,Amarawati,Chandur Railway,Soyabean,Yellow,Non-FAQ,26/05/2025,4080,4375,4300,13
Maharashtra,Amarawati,Chandur Railway,Soyabean,Yellow,Non-FAQ,31/05/2025,4050,4200,4125,13
Maharashtra,Amarawati,Daryapur,Soyabean,Yellow,Non-FAQ,05/05/2025,3500,4230,4150,13
Maharashtra,Amarawati,Dhamngaon-Railway,Soyabean,Yellow,Non-FAQ,10/05/2025,3800,4460,4200,13
Maharashtra,Amarawati,Nandgaon Khandeshwar,Soyabean,Yellow,Non-FAQ,16/05/2025,4050,4250,4150,13
Maharashtra,Amarawati,Nandgaon Khandeshwar,Soyabean,Yellow,Non-FAQ,29/05/2025,4050,4200,4125,13
Maharashtra,Amarawati,Shetkari Khushi Bazar,Soyabean,Other,FAQ,01/05/2025,4250,4375,4318,13
Maharashtra,Amarawati,Shetkari Khushi Bazar,Soyabean,Other,FAQ,16/05/2025,3000,4350,4178,13
Maharashtra,Amarawati,Shetkari Khushi Bazar,Soyabean,Other,FAQ,23/05/2025,4100,4300,4150,13
Maharashtra,Amarawati,Shetkari Khushi Bazar,Soyabean,Other,FAQ,31/05/2025,4150,4300,4194,13
Maharashtra,Amarawati,Varud,Soyabean,Yellow,Non-FAQ,21/05/2025,3705,4300,3972,13
Maharashtra,Amarawati,Varud(Rajura Bazar),Soyabean,Yellow,Non-FAQ,23/05/2025,3995,4295,4160,13
Maharashtra,Amarawati,Varud(Rajura Bazar),Soyabean,Yellow,Non-FAQ,30/05/2025,3905,4600,4231,13
Maharashtra,Amarawati,Achalpur,Soyabean,Other,FAQ,02/08/2024,4200,4250,4225,13
Maharashtra,Amarawati,Achalpur,Soyabean,Other,FAQ,06/08/2024,4100,4150,4125,13
Maharashtra,Amarawati,Achalpur,Soyabean,Other,FAQ,16/08/2024,4100,4150,4125,13
Maharashtra,Amarawati,Amarawati,Soyabean,Other,FAQ,12/08/2024,4100,4177,4138,13
Maharashtra,Amarawati,Amarawati,Soyabean,Other,FAQ,28/08/2024,4251,4351,4301,13
Maharashtra,Amarawati,Anajngaon,Soyabean,Yellow,FAQ,30/08/2024,4000,4225,4100,13
Maharashtra,Amarawati,Chandur Bazar,Soyabean,Yellow,FAQ,01/08/2024,4000,4300,4200,13
Maharashtra,Amarawati,Chandur Bazar,Soyabean,Yellow,FAQ,07/08/2024,4000,4200,4150,13
Maharashtra,Amarawati,Chandur Bazar,Soyabean,Yellow,FAQ,29/08/2024,4000,4350,4150,13
Maharashtra,Amarawati,Chandur Railway,Soyabean,Yellow,FAQ,02/08/2024,4150,4225,4190,13
Maharashtra,Amarawati,Daryapur,Soyabean,Yellow,FAQ,10/08/2024,3300,4210,4150,13
Maharashtra,Amarawati,Daryapur,Soyabean,Yellow,FAQ,12/08/2024,3000,4200,4050,13
Maharashtra,Amarawati,Daryapur,Soyabean,Yellow,FAQ,30/08/2024,3600,4550,4350,13
Maharashtra,Amarawati,Nandgaon Khandeshwar,Soyabean,Yellow,FAQ,20/08/2024,3950,4070,4010,13
Maharashtra,Amarawati,Nandgaon Khandeshwar,Soyabean,Yellow,FAQ,23/08/2024,3950,4130,4040,13
Maharashtra,Amarawati,Nandgaon Khandeshwar,Soyabean,Yellow,FAQ,28/08/2024,4050,4230,4140,13
Maharashtra,Amarawati,Nandgaon Khandeshwar,Soyabean,Yellow,FAQ,29/08/2024,4075,4275,4175,13
Maharashtra,Amarawati,Shetkari Khushi Bazar,Soyabean,Other,FAQ,01/08/2024,4000,4300,4219,13
Maharashtra,Amarawati,Shetkari Khushi Bazar,Soyabean,Other,FAQ,05/08/2024,1200,4300,4188,13
Maharashtra,Amarawati,Shetkari Khushi Bazar,Soyabean,Other,FAQ,27/08/2024,4050,4300,4145,13
Maharashtra,Amarawati,Shetkari Khushi Bazar,Soyabean,Other,FAQ,29/08/2024,4350,4400,4358,13
Maharashtra,Amarawati,Achalpur,Soyabean,Other,Local,06/02/2025,3600,4189,3895,13
Maharashtra,Amarawati,Amarawati,Soyabean,Other,Local,01/02/2025,3850,4000,3925,13
Maharashtra,Amarawati,Amarawati,Soyabean,Other,Local,03/02/2025,3850,4125,3987,13
Maharashtra,Amarawati,Amarawati,Soyabean,Other,Local,21/02/2025,3800,3950,3875,13
Maharashtra,Amarawati,Amarawati,Soyabean,Other,Local,25/02/2025,3750,3950,3850,13
Maharashtra,Amarawati,Amarawati,Soyabean,Other,Local,28/02/2025,3800,3961,3880,13
Maharashtra,Amarawati,Anajngaon,Soyabean,Yellow,Non-FAQ,14/02/2025,3400,3850,3650,13
Maharashtra,Amarawati,Chandur Bazar,Soyabean,Yellow,Non-FAQ,17/02/2025,3500,4050,3890,13
Maharashtra,Amarawati,Chandur Bazar,Soyabean,Yellow,Non-FAQ,20/02/2025,3600,3900,3830,13
Maharashtra,Amarawati,Chandur Railway,Soyabean,Yellow,Non-FAQ,03/02/2025,3400,4000,3900,13
Maharashtra,Amarawati,Chandur Railway,Soyabean,Yellow,Non-FAQ,14/02/2025,3600,4050,3900,13
Maharashtra,Amarawati,Daryapur,Soyabean,Yellow,Non-FAQ,04/02/2025,3200,4050,3850,13
Maharashtra,Amarawati,Daryapur,Soyabean,Yellow,Non-FAQ,05/02/2025,3200,4250,3950,13
Maharashtra,Amarawati,Daryapur,Soyabean,Yellow,Non-FAQ,14/02/2025,3000,4055,3850,13
Maharashtra,Amarawati,Dhamngaon-Railway,Soyabean,Yellow,Non-FAQ,07/02/2025,3500,4160,3900,13
Maharashtra,Amarawati,Morshi,Soyabean,Other,Local,06/02/2025,3700,3980,3840,13
Maharashtra,Amarawati,Morshi,Soyabean,Other,Local,27/02/2025,3600,3950,3775,13
Maharashtra,Amarawati,Nandgaon Khandeshwar,Soyabean,Yellow,Non-FAQ,04/02/2025,3725,4045,3885,13
Maharashtra,Amarawati,Nandgaon Khandeshwar,Soyabean,Yellow,Non-FAQ,28/02/2025,3750,3970,3860,13
Maharashtra,Amarawati,Shetkari Khushi Bazar,Soyabean,Other,FAQ,25/02/2025,3200,4100,3734,13
Maharashtra,Amarawati,Varud,Soyabean,Yellow,Non-FAQ,05/02/2025,3300,4020,3794,13
Maharashtra,Amarawati,Varud,Soyabean,Yellow,Non-FAQ,16/02/2025,3000,3995,3731,13
Maharashtra,Amarawati,Varud(Rajura Bazar),Soyabean,Yellow,Non-FAQ,07/02/2025,3340,3890,3776,13
Maharashtra,Amarawati,Varud(Rajura Bazar),Soyabean,Yellow,Non-FAQ,14/02/2025,3545,3945,3653,13
Maharashtra,Amarawati,Achalpur,Soyabean,Other,FAQ,19/09/2024,4300,4550,4425,13
Maharashtra,Amarawati,Amarawati,Soyabean,Other,FAQ,10/09/2024,4300,4400,4350,13
Maharashtra,Amarawati,Amarawati,Soyabean,Other,FAQ,17/09/2024,4500,4601,4550,13
Maharashtra,Amarawati,Amarawati,Soyabean,Other,FAQ,18/09/2024,4450,4550,4500,13
Maharashtra,Amarawati,Amarawati,Soyabean,Other,FAQ,23/09/2024,4410,4510,4460,13
Maharashtra,Amarawati,Amarawati,Soyabean,Other,FAQ,27/09/2024,4450,4543,4496,13
Maharashtra,Amarawati,Chandur Bazar,Soyabean,Yellow,FAQ,04/09/2024,4000,4450,4250,13
Maharashtra,Amarawati,Chandur Bazar,Soyabean,Yellow,FAQ,10/09/2024,4000,4400,4150,13
Maharashtra,Amarawati,Chandur Bazar,Soyabean,Yellow,FAQ,11/09/2024,4400,4400,4400,13
Maharashtra,Amarawati,Chandur Bazar,Soyabean,Yellow,FAQ,12/09/2024,4000,4550,4160,13
Maharashtra,Amarawati,Chandur Bazar,Soyabean,Yellow,FAQ,13/09/2024,4000,4500,4250,13
Maharashtra,Amarawati,Chandur Bazar,Soyabean,Yellow,FAQ,17/09/2024,4000,4250,4160,13
Maharashtra,Amarawati,Chandur Bazar,Soyabean,Yellow,FAQ,18/09/2024,4000,4550,4340,13
Maharashtra,Amarawati,Chandur Bazar,Soyabean,Yellow,FAQ,20/09/2024,4000,4500,4300,13
Maharashtra,Amarawati,Chandur Bazar,Soyabean,Yellow,FAQ,30/09/2024,4000,4450,4170,13
Maharashtra,Amarawati,Chandur Railway,Soyabean,Yellow,FAQ,17/09/2024,4560,4560,4560,13
Maharashtra,Amarawati,Chandur Railway,Soyabean,Yellow,FAQ,21/09/2024,4450,4600,4550,13
Maharashtra,Amarawati,Daryapur,Soyabean,Yellow,FAQ,09/09/2024,2850,4410,4250,13
Maharashtra,Amarawati,Daryapur,Soyabean,Yellow,FAQ,27/09/2024,3500,4655,4450,13
Maharashtra,Amarawati,Dhamngaon-Railway,Soyabean,Yellow,FAQ,30/09/2024,4000,4645,4400,13
Maharashtra,Amarawati,Morshi,Soyabean,Other,FAQ,26/09/2024,4200,4551,4375,13
Maharashtra,Amarawati,Shetkari Khushi Bazar,Soyabean,Other,FAQ,16/09/2024,4650,4650,4650,13
Maharashtra,Amarawati,Amarawati,Soyabean,Other,Local,03/03/2025,3750,3900,3825,13
Maharashtra,Amarawati,Amarawati,Soyabean,Other,Local,06/03/2025,3725,3865,3795,13
Maharashtra,Amarawati,Amarawati,Soyabean,Other,Local,12/03/2025,3750,3900,3825,13
Maharashtra,Amarawati,Amarawati,Soyabean,Other,Local,28/03/2025,4050,4200,4125,13
Maharashtra,Amarawati,Amarawati,Soyabean,Other,Local,29/03/2025,3850,4220,4035,13
Maharashtra,Amarawati,Chandur Bazar,Soyabean,Yellow,Non-FAQ,05/03/2025,3200,3750,3360,13
Maharashtra,Amarawati,Chandur Bazar,Soyabean,Yellow,Non-FAQ,12/03/2025,3460,3870,3720,13
Maharashtra,Amarawati,Chandur Bazar,Soyabean,Yellow,Non-FAQ,21/03/2025,3500,3800,3660,13
Maharashtra,Amarawati,Chandur Bazar,Soyabean,Yellow,Non-FAQ,26/03/2025,3500,3900,3760,13
Maharashtra,Amarawati,Chandur Railway,Soyabean,Yellow,Non-FAQ,07/03/2025,3700,4050,3900,13
Maharashtra,Amarawati,Chandur Railway,Soyabean,Yellow,Non-FAQ,12/03/2025,3655,3950,3800,13
Maharashtra,Amarawati,Chandur Railway,Soyabean,Yellow,Non-FAQ,21/03/2025,3800,4105,3950,13
Maharashtra,Amarawati,Daryapur,Soyabean,Yellow,Non-FAQ,22/03/2025,3500,4160,3900,13
Maharashtra,Amarawati,Dhamngaon-Railway,Soyabean,Yellow,Non-FAQ,25/03/2025,3500,4160,3800,13
Maharashtra,Amarawati,Morshi,Soyabean,Other,Local,24/03/2025,3500,3900,3700,13
Maharashtra,Amarawati,Shetkari Khushi Bazar,Soyabean,Other,FAQ,03/03/2025,2000,4000,3747,13
Maharashtra,Amarawati,Shetkari Khushi Bazar,Soyabean,Other,FAQ,06/03/2025,3000,3950,3807,13
Maharashtra,Amarawati,Shetkari Khushi Bazar,Soyabean,Other,FAQ,07/03/2025,3500,4000,3815,13
Maharashtra,Amarawati,Varud,Soyabean,Yellow,Non-FAQ,23/03/2025,3300,3870,3388,13
Maharashtra,Amarawati,Shetkari Khushi Bazar,Soyabean,Other,FAQ,27/03/2025,2000,4200,3884,13
Maharashtra,Amarawati,Varud(Rajura Bazar),Soyabean,Yellow,Non-FAQ,07/03/2025,3550,3770,3634,13
Maharashtra,Amarawati,Varud(Rajura Bazar),Soyabean,Yellow,Non-FAQ,28/03/2025,3100,3960,3788,13
Maharashtra,Amarawati,Achalpur,Soyabean,Other,Local,17/07/2025,4041,4317,4179,13
Maharashtra,Amarawati,Amarawati,Soyabean,Other,Local,17/07/2025,4150,4321,4235,13
Maharashtra,Amarawati,Amarawati,Soyabean,Other,Local,19/07/2025,4100,4350,4225,13
Maharashtra,Amarawati,Amarawati,Soyabean,Other,Local,21/07/2025,4200,4380,4290,13
Maharashtra,Amarawati,Anajngaon,Soyabean,Yellow,Non-FAQ,04/07/2025,3850,4210,4000,13
Maharashtra,Amarawati,Anajngaon,Soyabean,Yellow,Non-FAQ,11/07/2025,3700,4180,4000,13
Maharashtra,Amarawati,Chandur Bazar,Soyabean,Yellow,Non-FAQ,01/07/2025,3500,4200,4060,13
Maharashtra,Amarawati,Chandur Bazar,Soyabean,Yellow,Non-FAQ,09/07/2025,3200,4260,3980,13
Maharashtra,Amarawati,Chandur Bazar,Soyabean,Yellow,Non-FAQ,18/07/2025,3500,4350,4140,13
Maharashtra,Amarawati,Chandur Bazar,Soyabean,Yellow,Non-FAQ,21/07/2025,3500,4250,3870,13
Maharashtra,Amarawati,Chandur Railway,Soyabean,Yellow,Non-FAQ,02/07/2025,4000,4400,4250,13
Maharashtra,Amarawati,Chandur Railway,Soyabean,Yellow,Non-FAQ,17/07/2025,4000,4400,4250,13
Maharashtra,Amarawati,Daryapur,Soyabean,Yellow,Non-FAQ,01/07/2025,3400,4285,4100,13
Maharashtra,Amarawati,Dhamngaon-Railway,Soyabean,Yellow,Non-FAQ,31/07/2025,4095,4699,4500,13
Maharashtra,Amarawati,Morshi,Soyabean,Other,Local,31/07/2025,4000,4400,4200,13
Maharashtra,Amarawati,Shetkari Khushi Bazar,Soyabean,Other,Local,11/07/2025,4100,4400,4124,13
Maharashtra,Amarawati,Shetkari Khushi Bazar,Soyabean,Other,Local,14/07/2025,3000,4300,3890,13
Maharashtra,Amarawati,Varud,Soyabean,Yellow,Non-FAQ,09/07/2025,3850,4200,4114,13
Maharashtra,Amarawati,Varud,Soyabean,Yellow,Non-FAQ,13/07/2025,4000,4160,4116,13
Maharashtra,Amarawati,Varud,Soyabean,Yellow,Non-FAQ,23/07/2025,3800,4180,4070,13
Maharashtra,Amarawati,Varud(Rajura Bazar),Soyabean,Yellow,Non-FAQ,10/07/2025,2000,4205,4070,13
Maharashtra,Amarawati,Varud(Rajura Bazar),Soyabean,Yellow,Non-FAQ,18/07/2025,3800,4270,4158,13
Maharashtra,Amarawati,Achalpur,Soyabean,Other,Local,27/06/2025,3600,4300,3950,13
Maharashtra,Amarawati,Amarawati,Soyabean,Other,Local,24/06/2025,4100,4311,4205,13
Maharashtra,Amarawati,Chandur Railway,Soyabean,Yellow,Non-FAQ,05/06/2025,3950,4200,4100,13
Maharashtra,Amarawati,Chandur Railway,Soyabean,Yellow,Non-FAQ,18/06/2025,4100,4350,4150,13
Maharashtra,Amarawati,Shetkari Khushi Bazar,Soyabean,Other,Local,25/06/2025,3700,4300,4128,13
Maharashtra,Amarawati,Varud,Soyabean,Yellow,Non-FAQ,11/06/2025,3100,4270,4174,13
Maharashtra,Amarawati,Varud,Soyabean,Yellow,Non-FAQ,23/06/2025,4050,4225,4171,13
Maharashtra,Amarawati,Varud(Rajura Bazar),Soyabean,Yellow,Non-FAQ,20/06/2025,4155,4190,4181,13
Maharashtra,Amarawati,Amarawati,Soyabean,Other,Local,03/06/2025,4000,4121,4060,13
Maharashtra,Amarawati,Amarawati,Soyabean,Other,Local,11/06/2025,4050,4290,4170,13
Maharashtra,Amarawati,Amarawati,Soyabean,Other,Local,19/06/2025,4050,4301,4175,13
Maharashtra,Amarawati,Anajngaon,Soyabean,Yellow,Non-FAQ,23/06/2025,4800,5200,5000,13
Maharashtra,Amarawati,Chandur Bazar,Soyabean,Yellow,Non-FAQ,05/06/2025,3500,4180,3980,13
Maharashtra,Amarawati,Chandur Bazar,Soyabean,Yellow,Non-FAQ,20/06/2025,3500,4200,3830,13
Maharashtra,Amarawati,Chandur Railway,Soyabean,Yellow,Non-FAQ,10/06/2025,3800,4350,4200,13
Maharashtra,Amarawati,Daryapur,Soyabean,Yellow,Non-FAQ,06/06/2025,3100,4345,4100,13
Maharashtra,Amarawati,Achalpur,Soyabean,Other,Local,11/08/2025,4520,4850,4685,13
Maharashtra,Amarawati,Achalpur,Soyabean,Other,Local,22/08/2025,4100,4500,4275,13
Maharashtra,Amarawati,Achalpur,Soyabean,Other,Local,28/08/2025,4050,4500,4275,13
Maharashtra,Amarawati,Amarawati,Soyabean,Other,Local,21/08/2025,4175,4470,4322,13
Maharashtra,Amarawati,Amarawati,Soyabean,Other,Local,30/08/2025,4150,4320,4235,13
Maharashtra,Amarawati,Chandur Bazar,Soyabean,Yellow,Non-FAQ,07/08/2025,3500,4600,4450,13
Maharashtra,Amarawati,Chandur Railway,Soyabean,Yellow,Non-FAQ,06/08/2025,4660,4760,4700,13
Maharashtra,Amarawati,Chandur Railway,Soyabean,Yellow,Non-FAQ,20/08/2025,4300,4600,4450,13
Maharashtra,Amarawati,Daryapur,Soyabean,Yellow,Non-FAQ,11/08/2025,3800,4805,4650,13
Maharashtra,Amarawati,Dhamngaon-Railway,Soyabean,Yellow,Non-FAQ,19/08/2025,4200,4780,4500,13
Maharashtra,Amarawati,Morshi,Soyabean,Other,Local,04/08/2025,4000,4500,4250,13
Maharashtra,Amarawati,Morshi,Soyabean,Other,Local,21/08/2025,4200,4500,4350,13
Maharashtra,Amarawati,Nandgaon Khandeshwar,Soyabean,Yellow,Non-FAQ,07/08/2025,4300,4680,4490,13
Maharashtra,Amarawati,Nandgaon Khandeshwar,Soyabean,Yellow,Non-FAQ,19/08/2025,4350,4500,4425,13
Maharashtra,Amarawati,Shetkari Khushi Bazar,Soyabean,Other,Local,01/08/2025,4600,4600,4600,13
Maharashtra,Amarawati,Shetkari Khushi Bazar,Soyabean,Other,Local,07/08/2025,1500,4850,4684,13
Maharashtra,Amarawati,Shetkari Khushi Bazar,Soyabean,Other,Local,25/08/2025,4400,4650,4577,13
Maharashtra,Amarawati,Varud(Rajura Bazar),Soyabean,Yellow,Non-FAQ,01/08/2025,4380,4600,4466,13
Maharashtra,Amarawati,Achalpur,Soyabean,Other,Local,13/09/2025,4000,4200,4100,13
Maharashtra,Amarawati,Amarawati,Soyabean,Other,Local,02/09/2025,4150,4350,4250,13
Maharashtra,Amarawati,Amarawati,Soyabean,Other,Local,16/09/2025,4050,4310,4180,13
Maharashtra,Amarawati,Chandur Bazar,Soyabean,Yellow,Non-FAQ,09/09/2025,3200,4350,3750,13
Maharashtra,Amarawati,Chandur Bazar,Soyabean,Yellow,Non-FAQ,12/09/2025,3200,4510,3890,13
Maharashtra,Amarawati,Chandur Bazar,Soyabean,Yellow,Non-FAQ,25/09/2025,3400,4200,3850,13
Maharashtra,Amarawati,Chandur Railway,Soyabean,Yellow,Non-FAQ,30/09/2025,4051,4350,4200,13
Maharashtra,Amarawati,Daryapur,Soyabean,Yellow,Non-FAQ,12/09/2025,3400,4350,4200,13
Maharashtra,Amarawati,Daryapur,Soyabean,Yellow,Non-FAQ,13/09/2025,3400,4400,4200,13
Maharashtra,Amarawati,Daryapur,Soyabean,Yellow,Non-FAQ,17/09/2025,3400,4200,4100,13
Maharashtra,Amarawati,Dhamngaon-Railway,Soyabean,Yellow,Non-FAQ,16/09/2025,3940,4300,4100,13
Maharashtra,Amarawati,Morshi,Soyabean,Other,Local,22/09/2025,3800,4075,3938,13
Maharashtra,Amarawati,Achalpur,Soyabean,Other,Local,27/09/2025,4000,4200,4100,13
Maharashtra,Amarawati,Amarawati,Soyabean,Other,Local,08/09/2025,4100,4311,4205,13
Maharashtra,Amarawati,Chandur Bazar,Soyabean,Yellow,Non-FAQ,18/09/2025,3400,4250,4100,13
Maharashtra,Amarawati,Chandur Bazar,Soyabean,Yellow,Non-FAQ,23/09/2025,3400,4350,4000,13
Maharashtra,Amarawati,Daryapur,Soyabean,Yellow,Non-FAQ,10/09/2025,3400,4350,4200,13
Maharashtra,Amarawati,Daryapur,Soyabean,Yellow,Non-FAQ,19/09/2025,3400,4225,4100,13
Maharashtra,Amarawati,Dhamngaon-Railway,Soyabean,Yellow,Non-FAQ,19/09/2025,4165,4165,4165,13
Maharashtra,Amarawati,Morshi,Soyabean,Other,Local,18/09/2025,3800,4025,3913,13
Maharashtra,Amarawati,Morshi,Soyabean,Other,Local,29/09/2025,2800,3500,3150,13
Maharashtra,Amarawati,Varud(Rajura Bazar),Soyabean,Yellow,Non-FAQ,26/09/2025,2500,3900,3359,13
Maharashtra,Amarawati,Amarawati,Soyabean,Other,Local,31/10/2025,3650,4200,3925,13
Maharashtra,Amarawati,Chandur Bazar,Soyabean,Yellow,Non-FAQ,28/10/2025,3000,4430,4000,13
Maharashtra,Amarawati,Daryapur,Soyabean,Yellow,Non-FAQ,01/11/2025,3000,4300,3950,13
Maharashtra,Amarawati,Daryapur,Soyabean,Yellow,Non-FAQ,07/10/2025,3000,3900,3750,13
Maharashtra,Amarawati,Morshi,Soyabean,Other,Local,06/10/2025,3000,3550,3275,13
Maharashtra,Amarawati,Shetkari Khushi Bazar,Soyabean,Other,Local,03/10/2025,1000,4250,3995,13
Maharashtra,Amarawati,Shetkari Khushi Bazar,Soyabean,Other,Local,15/10/2025,1000,4200,3823,13
Maharashtra,Amarawati,Achalpur,Soyabean,Other,Local,06/10/2025,3800,4300,4055,13
Maharashtra,Amarawati,Amarawati,Soyabean,Other,Local,01/11/2025,3750,4200,3975,13
Maharashtra,Amarawati,Anajngaon,Soyabean,Yellow,Non-FAQ,26/10/2025,3200,4155,3700,13
Maharashtra,Amarawati,Chandur Bazar,Soyabean,Yellow,Non-FAQ,04/11/2025,3000,4490,4000,13
Maharashtra,Amarawati,Chandur Bazar,Soyabean,Yellow,Non-FAQ,06/10/2025,3200,4250,3822,13
Maharashtra,Amarawati,Chandur Railway,Soyabean,Yellow,Non-FAQ,17/10/2025,3500,4350,3900,13
Maharashtra,Amarawati,Daryapur,Soyabean,Yellow,Non-FAQ,03/11/2025,3000,4350,3950,13
Maharashtra,Amarawati,Shetkari Khushi Bazar,Soyabean,Other,Local,08/10/2025,2500,4200,3696,13
Maharashtra,Amarawati,Morshi APMC,Soyabean,Other,Local,11/12/2025,3300,4000,3650,13
Maharashtra,Amarawati,Amarawati APMC,Soyabean,Other,Local,20/12/2025,4000,4450,4225,13
Maharashtra,Amarawati,Achalpur APMC,Soyabean,Other,Local,22/12/2025,3900,4300,4175,13
Maharashtra,Amarawati,Achalpur APMC,Soyabean,Other,Local,19/12/2025,3700,4650,4175,13
Maharashtra,Amarawati,Amarawati APMC,Soyabean,Other,Local,27/12/2025,4250,4650,4450,13
Maharashtra,Amarawati,Amarawati APMC,Soyabean,Other,Local,01/12/2025,3900,4450,4175,13
Maharashtra,Amarawati,Amarawati APMC,Soyabean,Other,Local,08/12/2025,3900,4400,4150,13
Maharashtra,Amarawati,Amarawati APMC,Soyabean,Other,Local,15/12/2025,3850,4400,4125,13
Maharashtra,Amarawati,Amarawati APMC,Soyabean,Other,Local,23/12/2025,4250,4500,4375,13
Maharashtra,Amarawati,Shetkari Khushi Bazar APMC,Soyabean,Other,Local,18/12/2025,2000,4600,4340,13
Maharashtra,Amarawati,Chandur Bazar APMC,Soyabean,Yellow,Non-FAQ,29/12/2025,3000,4810,4500,13
Maharashtra,Amarawati,Chandur Bazar APMC,Soyabean,Yellow,Non-FAQ,01/12/2025,3500,4700,4200,13
Maharashtra,Amarawati,Dhamngaon-Railway APMC,Soyabean,Yellow,Non-FAQ,01/12/2025,3500,4700,4100,13
Maharashtra,Amarawati,Varud APMC,Soyabean,Yellow,Non-FAQ,31/12/2025,3500,4680,4320,13
Maharashtra,Amarawati,Amarawati APMC,Soyabean,Other,Local,08/11/2025,3850,4300,4075,13
Maharashtra,Amarawati,Amarawati APMC,Soyabean,Other,Local,12/11/2025,4250,4600,4425,13
Maharashtra,Amarawati,Achalpur APMC,Soyabean,Other,Local,01/11/2025,3500,3800,3650,13
Maharashtra,Amarawati,Morshi APMC,Soyabean,Other,Local,13/11/2025,3800,4500,4150,13
Maharashtra,Amarawati,Chandur Bazar APMC,Soyabean,Yellow,Non-FAQ,19/11/2025,3250,4820,4560,13
Maharashtra,Amarawati,Dhamngaon-Railway APMC,Soyabean,Yellow,Non-FAQ,17/11/2025,3500,4650,4000,13
Maharashtra,Amarawati,Chandur Bazar APMC,Soyabean,Yellow,Non-FAQ,14/11/2025,3200,4910,4650,13
Maharashtra,Amarawati,Varud(Rajura Bazar) APMC,Soyabean,Yellow,Non-FAQ,21/11/2025,2700,4550,3847,13
Maharashtra,Amarawati,Daryapur APMC,Soyabean,Yellow,Non-FAQ,07/11/2025,3000,4400,3975,13
Maharashtra,Amarawati,Varud(Rajura Bazar) APMC,Soyabean,Yellow,Non-FAQ,07/11/2025,3000,4400,3937,13
Maharashtra,Amarawati,Varud APMC,Soyabean,Yellow,Non-FAQ,08/01/2026,3300,5100,4423,13
Maharashtra,Amarawati,Nandgaon Khandeshwar APMC,Soyabean,Yellow,Non-FAQ,10/01/2026,4375,5085,4730,13
Maharashtra,Amarawati,Varud APMC,Soyabean,Yellow,FAQ,19/01/2026,5360,5360,5360,13
Maharashtra,Amarawati,Varud(Rajura Bazar) APMC,Soyabean,Yellow,Non-FAQ,22/01/2026,5000,5290,5175,13
Maharashtra,Amarawati,Amarawati APMC,Soyabean,Other,Local,16/01/2026,4750,5200,4975,13
Maharashtra,Amarawati,Amarawati APMC,Soyabean,Other,Local,22/01/2026,4599,5250,4924,13
Maharashtra,Amarawati,Morshi APMC,Soyabean,Other,Local,30/01/2026,5010,5500,5255,13
Maharashtra,Amarawati,Amarawati APMC,Soyabean,Other,Local,01/01/2026,4300,4750,4525,13
Maharashtra,Amarawati,Morshi APMC,Soyabean,Other,Local,01/01/2026,4200,4500,4350,13
Maharashtra,Amarawati,Amarawati APMC,Soyabean,Other,Local,13/01/2026,4750,5165,4957,13
Maharashtra,Amarawati,Chandur Bazar APMC,Soyabean,Yellow,Non-FAQ,05/01/2026,3500,4800,4200,13
Maharashtra,Amarawati,Daryapur APMC,Soyabean,Yellow,Non-FAQ,06/01/2026,3300,4700,4400,13
Maharashtra,Amarawati,Chandur Bazar APMC,Soyabean,Yellow,FAQ,30/01/2026,6000,6160,6060,13
Maharashtra,Amarawati,Varud(Rajura Bazar) APMC,Soyabean,Yellow,Non-FAQ,30/01/2026,3100,3100,3100,13
Maharashtra,Amarawati,Morshi APMC,Soyabean,Other,Local,12/02/2026,4400,5100,4750,13
Maharashtra,Amarawati,Anajngaon APMC,Soyabean,Yellow,Non-FAQ,13/02/2026,4600,5100,4900,13
Maharashtra,Amarawati,Morshi APMC,Soyabean,Other,Local,09/02/2026,4600,5170,4885,13
Maharashtra,Amarawati,Amarawati APMC,Soyabean,Other,Local,16/02/2026,4400,5255,4827,13
Maharashtra,Amarawati,Amarawati APMC,Soyabean,Other,Local,18/02/2026,4800,5300,5050,13
Maharashtra,Amarawati,Dhamngaon-Railway APMC,Soyabean,Yellow,Non-FAQ,24/02/2026,4420,5300,5000,13
Maharashtra,Amarawati,Varud APMC,Soyabean,Yellow,Non-FAQ,26/02/2026,4825,5170,4984,13
Maharashtra,Amarawati,Dhamngaon-Railway APMC,Soyabean,Yellow,FAQ,10/02/2026,5328,5400,5380,13
Maharashtra,Amarawati,Chandur Bazar APMC,Soyabean,Yellow,FAQ,03/02/2026,5400,5550,5550,13
Maharashtra,Amarawati,Chandur Bazar APMC,Soyabean,Yellow,FAQ,05/02/2026,5400,5500,5500,13
Maharashtra,Amarawati,Varud(Rajura Bazar) APMC,Soyabean,Yellow,FAQ,06/02/2026,5380,5500,5445,13
Maharashtra,Amarawati,Dhamngaon-Railway APMC,Soyabean,Yellow,Non-FAQ,11/02/2026,4100,5190,4750,13
Maharashtra,Amarawati,Varud(Rajura Bazar) APMC,Soyabean,Yellow,FAQ,13/02/2026,5360,5360,5360,13
Maharashtra,Amarawati,Amarawati APMC,Soyabean,Other,Local,11/03/2026,4500,5300,4900,13
Maharashtra,Amarawati,Amarawati APMC,Soyabean,Other,Local,16/03/2026,4900,5300,5100,13
Maharashtra,Amarawati,Amarawati APMC,Soyabean,Other,Local,10/03/2026,5050,5461,5255,13
Maharashtra,Amarawati,Achalpur APMC,Soyabean,Other,Local,11/04/2026,5000,5300,5150,13
Maharashtra,Amarawati,Achalpur APMC,Soyabean,Other,Local,10/04/2026,4800,5300,5050,13
Maharashtra,Amarawati,Amarawati APMC,Soyabean,Other,Local,24/03/2026,5000,5300,5150,13
Maharashtra,Amarawati,Achalpur APMC,Soyabean,Other,Local,23/03/2026,5000,5300,5150,13
Maharashtra,Amarawati,Amarawati APMC,Soyabean,Other,Local,07/04/2026,5000,5350,5175,13
Maharashtra,Amarawati,Amarawati APMC,Soyabean,Other,Local,28/03/2026,4800,5300,5050,13
Maharashtra,Amarawati,Amarawati APMC,Soyabean,Other,Local,20/04/2026,5000,5500,5250,13
Maharashtra,Amarawati,Amarawati APMC,Soyabean,Other,Local,04/04/2026,5050,5461,5255,13
Maharashtra,Amarawati,Morshi APMC,Soyabean,Other,Local,16/04/2026,4700,5250,4975,13
Maharashtra,Amarawati,Amarawati APMC,Soyabean,Other,Local,17/04/2026,5000,5365,5182,13
Maharashtra,Amarawati,Chandur Bazar APMC,Soyabean,Yellow,Non-FAQ,13/03/2026,500,5280,5100,13
Maharashtra,Amarawati,Varud(Rajura Bazar) APMC,Soyabean,Yellow,Non-FAQ,24/03/2026,5260,5260,5260,13
Maharashtra,Amarawati,Varud APMC,Soyabean,Yellow,Non-FAQ,21/03/2026,4950,5245,5153,13
Maharashtra,Amarawati,Chandur Bazar APMC,Soyabean,Yellow,Non-FAQ,06/04/2026,4500,5320,5000,13
Maharashtra,Amarawati,Anajngaon APMC,Soyabean,Yellow,Non-FAQ,10/04/2026,4800,5000,4900,13
Maharashtra,Amarawati,Chandur Bazar APMC,Soyabean,Yellow,Non-FAQ,15/04/2026,4500,5310,5000,13
Maharashtra,Amarawati,Varud APMC,Soyabean,Yellow,FAQ,07/04/2026,5425,5425,5425,13
Maharashtra,Amarawati,Varud(Rajura Bazar) APMC,Soyabean,Yellow,Non-FAQ,17/04/2026,3700,5165,5012,13
Maharashtra,Amarawati,Varud APMC,Soyabean,Yellow,Non-FAQ,09/03/2026,4980,5305,5166,13
Maharashtra,Amarawati,Achalpur,Soyabean,Other,FAQ,06/12/2024,3500,4050,3775,13
Maharashtra,Amarawati,Achalpur,Soyabean,Other,FAQ,30/12/2024,3400,4150,3775,13
Maharashtra,Amarawati,Amarawati,Soyabean,Other,FAQ,06/12/2024,3800,4055,3927,13
Maharashtra,Amarawati,Amarawati,Soyabean,Other,FAQ,07/12/2024,3500,3900,3700,13
Maharashtra,Amarawati,Amarawati,Soyabean,Other,FAQ,13/12/2024,3750,3970,3860,13
Maharashtra,Amarawati,Amarawati,Soyabean,Other,FAQ,16/12/2024,3750,4090,3920,13
Maharashtra,Amarawati,Amarawati,Soyabean,Other,FAQ,19/12/2024,3850,4075,3962,13
Maharashtra,Amarawati,Amarawati,Soyabean,Other,FAQ,20/12/2024,3900,4047,3973,13
Maharashtra,Amarawati,Amarawati,Soyabean,Other,FAQ,27/12/2024,3900,4051,3975,13
Maharashtra,Amarawati,Amarawati,Soyabean,Other,FAQ,28/12/2024,3950,4145,4047,13
Maharashtra,Amarawati,Anajngaon,Soyabean,Yellow,FAQ,22/12/2024,3500,4200,3900,13
Maharashtra,Amarawati,Chandur Bazar,Soyabean,Yellow,FAQ,02/12/2024,3200,4220,4010,13
Maharashtra,Amarawati,Chandur Bazar,Soyabean,Yellow,FAQ,04/12/2024,3500,4140,3850,13
Maharashtra,Amarawati,Chandur Bazar,Soyabean,Yellow,FAQ,13/12/2024,3000,4260,4060,13
Maharashtra,Amarawati,Chandur Bazar,Soyabean,Yellow,FAQ,31/12/2024,3300,4260,3930,13
Maharashtra,Amarawati,Chandur Railway,Soyabean,Yellow,FAQ,09/12/2024,3650,4200,3950,13
Maharashtra,Amarawati,Chandur Railway,Soyabean,Yellow,FAQ,12/12/2024,3500,4260,4000,13
Maharashtra,Amarawati,Chandur Railway,Soyabean,Yellow,FAQ,16/12/2024,3450,4200,3950,13
Maharashtra,Amarawati,Chandur Railway,Soyabean,Yellow,FAQ,28/12/2024,3600,4300,4000,13
Maharashtra,Amarawati,Daryapur,Soyabean,Yellow,FAQ,09/12/2024,3300,4250,4000,13
Maharashtra,Amarawati,Daryapur,Soyabean,Yellow,FAQ,14/12/2024,3000,4230,3900,13
Maharashtra,Amarawati,Daryapur,Soyabean,Yellow,FAQ,27/12/2024,3200,4290,4000,13
Maharashtra,Amarawati,Daryapur,Soyabean,Yellow,FAQ,28/12/2024,3300,4255,4000,13
Maharashtra,Amarawati,Dhamngaon-Railway,Soyabean,Yellow,FAQ,04/12/2024,3500,4245,4100,13
Maharashtra,Amarawati,Dhamngaon-Railway,Soyabean,Yellow,FAQ,10/12/2024,3500,4140,4000,13
Maharashtra,Amarawati,Dhamngaon-Railway,Soyabean,Yellow,FAQ,13/12/2024,3500,4150,4000,13
Maharashtra,Amarawati,Dhamngaon-Railway,Soyabean,Yellow,FAQ,23/12/2024,3500,4210,3850,13
Maharashtra,Amarawati,Morshi,Soyabean,Other,FAQ,19/12/2024,3800,4200,4000,13
Maharashtra,Amarawati,Morshi,Soyabean,Other,FAQ,26/12/2024,3500,4000,3750,13
Maharashtra,Amarawati,Nandgaon Khandeshwar,Soyabean,Yellow,FAQ,04/12/2024,3850,4180,4015,13
Maharashtra,Amarawati,Nandgaon Khandeshwar,Soyabean,Yellow,FAQ,16/12/2024,3845,4165,4005,13
Maharashtra,Amarawati,Nandgaon Khandeshwar,Soyabean,Yellow,FAQ,17/12/2024,3875,4325,4100,13
Maharashtra,Amarawati,Nandgaon Khandeshwar,Soyabean,Yellow,FAQ,24/12/2024,3900,4100,4000,13
Maharashtra,Amarawati,Nandgaon Khandeshwar,Soyabean,Yellow,FAQ,30/12/2024,3700,4210,3955,13
Maharashtra,Amarawati,Shetkari Khushi Bazar,Soyabean,Other,FAQ,04/12/2024,2000,4200,3994,13
Maharashtra,Amarawati,Shetkari Khushi Bazar,Soyabean,Other,FAQ,09/12/2024,2000,4100,3850,13
Maharashtra,Amarawati,Shetkari Khushi Bazar,Soyabean,Other,FAQ,13/12/2024,2000,4100,3872,13
Maharashtra,Amarawati,Shetkari Khushi Bazar,Soyabean,Other,FAQ,19/12/2024,3600,4000,3898,13
Maharashtra,Amarawati,Varud,Soyabean,Yellow,FAQ,14/12/2024,3500,4145,3841,13
Maharashtra,Amarawati,Varud,Soyabean,Yellow,FAQ,18/12/2024,3250,4200,3837,13
Maharashtra,Amarawati,Achalpur,Soyabean,Other,FAQ,21/02/2024,4200,4375,4288,13
Maharashtra,Amarawati,Achalpur,Soyabean,Other,FAQ,04/03/2024,4200,4330,4265,13
Maharashtra,Amarawati,Achalpur,Soyabean,Other,FAQ,02/04/2024,4000,4400,4200,13
Maharashtra,Amarawati,Amarawati,Soyabean,Other,FAQ,11/01/2024,4550,4625,4587,13
Maharashtra,Amarawati,Amarawati,Soyabean,Other,FAQ,09/02/2024,4300,4400,4350,13
Maharashtra,Amarawati,Amarawati,Soyabean,Other,FAQ,15/02/2024,4250,4372,4311,13
Maharashtra,Amarawati,Amarawati,Soyabean,Other,FAQ,19/03/2024,4275,4366,4320,13
Maharashtra,Amarawati,Amarawati,Soyabean,Other,FAQ,15/04/2024,4550,4690,4620,13
Maharashtra,Amarawati,Chandur Bazar,Soyabean,Yellow,FAQ,12/01/2024,4350,4650,4450,13
Maharashtra,Amarawati,Chandur Bazar,Soyabean,Yellow,FAQ,06/02/2024,4000,4380,4200,13
Maharashtra,Amarawati,Chandur Bazar,Soyabean,Yellow,FAQ,04/03/2024,4000,4300,4150,13
Maharashtra,Amarawati,Chandur Bazar,Soyabean,Yellow,FAQ,05/03/2024,4000,4400,4200,13
Maharashtra,Amarawati,Chandur Bazar,Soyabean,Yellow,FAQ,13/03/2024,4000,4350,4140,13
Maharashtra,Amarawati,Chandur Bazar,Soyabean,Yellow,FAQ,15/04/2024,4000,4550,4460,13
Maharashtra,Amarawati,Chandur Railway,Soyabean,Yellow,FAQ,02/01/2024,4400,4680,4550,13
Maharashtra,Amarawati,Chandur Railway,Soyabean,Yellow,FAQ,16/01/2024,4500,4611,4550,13
Maharashtra,Amarawati,Chandur Railway,Soyabean,Yellow,FAQ,05/02/2024,4270,4425,4350,13
Maharashtra,Amarawati,Chandur Railway,Soyabean,Yellow,FAQ,06/04/2024,4355,4430,4400,13
Maharashtra,Amarawati,Daryapur,Soyabean,Yellow,FAQ,20/02/2024,3800,4600,4375,13
Maharashtra,Amarawati,Daryapur,Soyabean,Yellow,FAQ,28/02/2024,3450,4495,4350,13
Maharashtra,Amarawati,Daryapur,Soyabean,Yellow,FAQ,02/04/2024,4000,4430,4350,13
Maharashtra,Amarawati,Dhamngaon-Railway,Soyabean,Yellow,FAQ,21/03/2024,4000,4406,4250,13
Maharashtra,Amarawati,Morshi,Soyabean,Other,FAQ,15/01/2024,4300,4620,4460,13
Maharashtra,Amarawati,Morshi,Soyabean,Other,FAQ,18/01/2024,4300,4550,4425,13
Maharashtra,Amarawati,Morshi,Soyabean,Other,FAQ,04/03/2024,4200,4330,4265,13
Maharashtra,Amarawati,Morshi,Soyabean,Other,FAQ,05/03/2024,4200,4330,4265,13
Maharashtra,Amarawati,Nandgaon Khandeshwar,Soyabean,Yellow,FAQ,01/01/2024,4450,4600,4525,13
Maharashtra,Amarawati,Nandgaon Khandeshwar,Soyabean,Yellow,FAQ,05/01/2024,4450,4570,4500,13
Maharashtra,Amarawati,Nandgaon Khandeshwar,Soyabean,Yellow,FAQ,20/02/2024,4050,4280,4125,13
Maharashtra,Amarawati,Varud,Soyabean,Yellow,FAQ,09/03/2024,4335,4360,4357,13
Maharashtra,Amarawati,Varud,Soyabean,Yellow,FAQ,01/04/2024,4343,4343,4343,13
Maharashtra,Amarawati,Achalpur,Soyabean,Other,FAQ,29/04/2024,4100,4450,4275,13
Maharashtra,Amarawati,Amarawati,Soyabean,Other,FAQ,06/01/2024,4550,4631,4590,13
Maharashtra,Amarawati,Amarawati,Soyabean,Other,FAQ,08/01/2024,4550,4645,4597,13
Maharashtra,Amarawati,Amarawati,Soyabean,Other,FAQ,13/02/2024,4350,4462,4406,13
Maharashtra,Amarawati,Amarawati,Soyabean,Other,FAQ,20/02/2024,4250,4350,4300,13
Maharashtra,Amarawati,Amarawati,Soyabean,Other,FAQ,24/02/2024,4290,4355,4322,13
Maharashtra,Amarawati,Amarawati,Soyabean,Other,FAQ,22/03/2024,4250,4365,4307,13
Maharashtra,Amarawati,Chandur Bazar,Soyabean,Yellow,FAQ,02/01/2024,4350,4560,4400,13
Maharashtra,Amarawati,Chandur Bazar,Soyabean,Yellow,FAQ,23/01/2024,4250,4550,4400,13
Maharashtra,Amarawati,Chandur Bazar,Soyabean,Yellow,FAQ,23/02/2024,4000,4300,4150,13
Maharashtra,Amarawati,Chandur Bazar,Soyabean,Yellow,FAQ,19/04/2024,4000,4500,4320,13
Maharashtra,Amarawati,Chandur Railway,Soyabean,Yellow,FAQ,03/01/2024,4500,4590,4550,13
Maharashtra,Amarawati,Chandur Railway,Soyabean,Yellow,FAQ,03/02/2024,4100,4360,4300,13
Maharashtra,Amarawati,Chandur Railway,Soyabean,Yellow,FAQ,05/03/2024,4100,4365,4300,13
Maharashtra,Amarawati,Daryapur,Soyabean,Yellow,FAQ,16/01/2024,4000,4580,4450,13
Maharashtra,Amarawati,Daryapur,Soyabean,Yellow,FAQ,01/03/2024,3600,4405,4325,13
Maharashtra,Amarawati,Daryapur,Soyabean,Yellow,FAQ,21/03/2024,3600,4370,4250,13
Maharashtra,Amarawati,Daryapur,Soyabean,Yellow,FAQ,26/03/2024,3400,4350,4250,13
Maharashtra,Amarawati,Achalpur,Soyabean,Other,FAQ,23/01/2024,4400,4500,4450,13
Maharashtra,Amarawati,Amarawati,Soyabean,Other,FAQ,31/01/2024,4200,4305,4252,13
Maharashtra,Amarawati,Amarawati,Soyabean,Other,FAQ,07/02/2024,4300,4375,4337,13
Maharashtra,Amarawati,Amarawati,Soyabean,Other,FAQ,02/03/2024,4250,4325,4287,13
Maharashtra,Amarawati,Amarawati,Soyabean,Other,FAQ,04/03/2024,4250,4361,4305,13
Maharashtra,Amarawati,Amarawati,Soyabean,Other,FAQ,14/03/2024,4250,4366,4308,13
Maharashtra,Amarawati,Chandur Bazar,Soyabean,Yellow,FAQ,24/01/2024,4250,4500,4375,13
Maharashtra,Amarawati,Chandur Bazar,Soyabean,Yellow,FAQ,06/03/2024,4200,4350,4300,13
Maharashtra,Amarawati,Chandur Bazar,Soyabean,Yellow,FAQ,29/04/2024,4000,4400,4300,13
Maharashtra,Amarawati,Chandur Railway,Soyabean,Yellow,FAQ,24/02/2024,4150,4305,4270,13
Maharashtra,Amarawati,Daryapur,Soyabean,Yellow,FAQ,13/01/2024,4100,4640,4500,13
Maharashtra,Amarawati,Daryapur,Soyabean,Yellow,FAQ,09/02/2024,4000,4500,4350,13
Maharashtra,Amarawati,Daryapur,Soyabean,Yellow,FAQ,02/03/2024,3500,4430,4375,13
Maharashtra,Amarawati,Morshi,Soyabean,Other,FAQ,29/01/2024,4200,4350,4275,13
Maharashtra,Amarawati,Morshi,Soyabean,Other,FAQ,19/02/2024,4100,4330,4215,13
Maharashtra,Amarawati,Morshi,Soyabean,Other,FAQ,21/03/2024,4200,4350,4275,13
Maharashtra,Amarawati,Morshi,Soyabean,Other,FAQ,29/04/2024,4100,4410,4255,13
Maharashtra,Amarawati,Nandgaon Khandeshwar,Soyabean,Yellow,FAQ,03/01/2024,4350,4540,4445,13
Maharashtra,Amarawati,Nandgaon Khandeshwar,Soyabean,Yellow,FAQ,07/02/2024,4250,4475,4300,13
Maharashtra,Amarawati,Varud,Soyabean,Yellow,FAQ,29/04/2024,4175,4175,4175,13
Maharashtra,Amarawati,Varud(Rajura Bazar),Soyabean,Yellow,FAQ,25/01/2024,4399,4640,4591,13
Maharashtra,Amarawati,Achalpur,Soyabean,Other,FAQ,16/05/2024,4000,4431,4215,13
Maharashtra,Amarawati,Achalpur,Soyabean,Other,FAQ,18/05/2024,4200,4400,4300,13
Maharashtra,Amarawati,Amarawati,Soyabean,Other,FAQ,02/05/2024,4350,4450,4400,13
Maharashtra,Amarawati,Amarawati,Soyabean,Other,FAQ,08/05/2024,4350,4470,4410,13
Maharashtra,Amarawati,Amarawati,Soyabean,Other,FAQ,11/05/2024,4350,4464,4407,13
Maharashtra,Amarawati,Amarawati,Soyabean,Other,FAQ,15/05/2024,4300,4427,4363,13
Maharashtra,Amarawati,Amarawati,Soyabean,Other,FAQ,21/05/2024,4400,4484,4442,13
Maharashtra,Amarawati,Chandur Bazar,Soyabean,Yellow,FAQ,31/05/2024,4000,4350,4210,13
Maharashtra,Amarawati,Chandur Railway,Soyabean,Yellow,FAQ,24/05/2024,4150,4400,4350,13
Maharashtra,Amarawati,Daryapur,Soyabean,Yellow,FAQ,07/05/2024,3600,4550,4377,13
Maharashtra,Amarawati,Daryapur,Soyabean,Yellow,FAQ,11/05/2024,3500,4460,4350,13
Maharashtra,Amarawati,Daryapur,Soyabean,Yellow,FAQ,14/05/2024,3600,4500,4400,13
Maharashtra,Amarawati,Daryapur,Soyabean,Yellow,FAQ,18/05/2024,3600,4470,4350,13
Maharashtra,Amarawati,Daryapur,Soyabean,Yellow,FAQ,20/05/2024,3800,4450,4225,13
Maharashtra,Amarawati,Daryapur,Soyabean,Yellow,FAQ,22/05/2024,3800,4440,4200,13
Maharashtra,Amarawati,Nandgaon Khandeshwar,Soyabean,Yellow,FAQ,02/05/2024,4150,4350,4250,13
Maharashtra,Amarawati,Achalpur,Soyabean,Other,FAQ,05/07/2024,4350,4425,4388,13
Maharashtra,Amarawati,Achalpur,Soyabean,Other,FAQ,09/07/2024,4200,4350,4275,13
Maharashtra,Amarawati,Achalpur,Soyabean,Other,FAQ,24/07/2024,4200,4300,4250,13
Maharashtra,Amarawati,Amarawati,Soyabean,Other,FAQ,02/07/2024,4300,4411,4355,13
Maharashtra,Amarawati,Amarawati,Soyabean,Other,FAQ,03/07/2024,4300,4399,4349,13
Maharashtra,Amarawati,Amarawati,Soyabean,Other,FAQ,24/07/2024,4250,4331,4290,13
Maharashtra,Amarawati,Amarawati,Soyabean,Other,FAQ,29/07/2024,4150,4266,4208,13
Maharashtra,Amarawati,Amarawati,Soyabean,Other,FAQ,31/07/2024,4100,4182,4141,13
Maharashtra,Amarawati,Chandur Bazar,Soyabean,Yellow,FAQ,02/07/2024,4000,4400,4260,13
Maharashtra,Amarawati,Chandur Bazar,Soyabean,Yellow,FAQ,03/07/2024,4000,4300,4200,13
Maharashtra,Amarawati,Chandur Bazar,Soyabean,Yellow,FAQ,10/07/2024,4000,4370,4260,13
Maharashtra,Amarawati,Chandur Bazar,Soyabean,Yellow,FAQ,11/07/2024,4000,4300,4220,13
Maharashtra,Amarawati,Daryapur,Soyabean,Yellow,FAQ,16/07/2024,3400,4350,4250,13
Maharashtra,Amarawati,Dhamngaon-Railway,Soyabean,Yellow,FAQ,09/07/2024,4000,4435,4250,13
Maharashtra,Amarawati,Dhamngaon-Railway,Soyabean,Yellow,FAQ,10/07/2024,4000,4375,4250,13
Maharashtra,Amarawati,Dhamngaon-Railway,Soyabean,Yellow,FAQ,25/07/2024,4000,4359,4200,13
Maharashtra,Amarawati,Nandgaon Khandeshwar,Soyabean,Yellow,FAQ,09/07/2024,4170,4300,4235,13
Maharashtra,Amarawati,Shetkari Khushi Bazar,Soyabean,Other,FAQ,15/07/2024,2700,4375,4291,13
Maharashtra,Amarawati,Shetkari Khushi Bazar,Soyabean,Other,FAQ,16/07/2024,4275,4350,4345,13
Maharashtra,Amarawati,Shetkari Khushi Bazar,Soyabean,Other,FAQ,29/07/2024,1700,4350,4169,13
Maharashtra,Amarawati,Shetkari Khushi Bazar,Soyabean,Other,FAQ,31/07/2024,1900,4300,4033,13
Maharashtra,Amarawati,Achalpur,Soyabean,Other,FAQ,07/11/2024,3000,4300,3650,13
Maharashtra,Amarawati,Achalpur,Soyabean,Other,FAQ,09/11/2024,3000,4250,3625,13
Maharashtra,Amarawati,Achalpur,Soyabean,Other,FAQ,18/11/2024,3500,4100,3800,13
Maharashtra,Amarawati,Amarawati,Soyabean,Other,FAQ,08/11/2024,3800,4125,3962,13
Maharashtra,Amarawati,Amarawati,Soyabean,Other,FAQ,09/11/2024,3850,4100,3975,13
Maharashtra,Amarawati,Amarawati,Soyabean,Other,FAQ,23/11/2024,3850,4100,3975,13
Maharashtra,Amarawati,Anajngaon,Soyabean,Yellow,FAQ,22/11/2024,3400,4040,3700,13
Maharashtra,Amarawati,Chandur Bazar,Soyabean,Yellow,FAQ,04/11/2024,3400,4360,4150,13
Maharashtra,Amarawati,Chandur Bazar,Soyabean,Yellow,FAQ,18/11/2024,3200,4260,3860,13
Maharashtra,Amarawati,Chandur Bazar,Soyabean,Yellow,FAQ,28/11/2024,3200,4270,3800,13
Maharashtra,Amarawati,Chandur Railway,Soyabean,Yellow,FAQ,18/11/2024,3600,4250,4000,13
Maharashtra,Amarawati,Chandur Railway,Soyabean,Yellow,FAQ,28/11/2024,3675,4380,3900,13
Maharashtra,Amarawati,Daryapur,Soyabean,Yellow,FAQ,11/11/2024,3500,4505,4100,13
Maharashtra,Amarawati,Daryapur,Soyabean,Yellow,FAQ,13/11/2024,3400,4550,4000,13
Maharashtra,Amarawati,Dhamngaon-Railway,Soyabean,Yellow,FAQ,05/11/2024,3500,4440,4200,13
Maharashtra,Amarawati,Dhamngaon-Railway,Soyabean,Yellow,FAQ,18/11/2024,3500,4340,4000,13
Maharashtra,Amarawati,Nandgaon Khandeshwar,Soyabean,Yellow,FAQ,08/11/2024,3550,4250,4050,13
Maharashtra,Amarawati,Nandgaon Khandeshwar,Soyabean,Yellow,FAQ,14/11/2024,3700,4200,3950,13
Maharashtra,Amarawati,Nandgaon Khandeshwar,Soyabean,Yellow,FAQ,19/11/2024,2400,2745,2572,13
Maharashtra,Amarawati,Shetkari Khushi Bazar,Soyabean,Other,FAQ,04/11/2024,3100,4500,4106,13
Maharashtra,Amarawati,Shetkari Khushi Bazar,Soyabean,Other,FAQ,05/11/2024,2000,4350,4044,13
Maharashtra,Amarawati,Shetkari Khushi Bazar,Soyabean,Other,FAQ,08/11/2024,1500,4350,4034,13
Maharashtra,Amarawati,Shetkari Khushi Bazar,Soyabean,Other,FAQ,12/11/2024,1000,4200,3873,13
Maharashtra,Amarawati,Shetkari Khushi Bazar,Soyabean,Other,FAQ,21/11/2024,3550,4200,4009,13
Maharashtra,Amarawati,Achalpur,Soyabean,Other,FAQ,23/08/2024,3800,4300,4050,13
Maharashtra,Amarawati,Amarawati,Soyabean,Other,FAQ,01/08/2024,4100,4212,4156,13
Maharashtra,Amarawati,Amarawati,Soyabean,Other,FAQ,06/08/2024,4100,4185,4142,13
Maharashtra,Amarawati,Amarawati,Soyabean,Other,FAQ,08/08/2024,4000,4127,4063,13
Maharashtra,Amarawati,Amarawati,Soyabean,Other,FAQ,23/08/2024,4050,4150,4100,13
Maharashtra,Amarawati,Amarawati,Soyabean,Other,FAQ,24/08/2024,4150,4231,4190,13
Maharashtra,Amarawati,Amarawati,Soyabean,Other,FAQ,26/08/2024,4150,4256,4203,13
Maharashtra,Amarawati,Amarawati,Soyabean,Other,FAQ,31/08/2024,4450,4599,4524,13
Maharashtra,Amarawati,Anajngaon,Soyabean,Yellow,FAQ,02/08/2024,3700,4100,4000,13
Maharashtra,Amarawati,Anajngaon,Soyabean,Yellow,FAQ,23/08/2024,3400,4005,3800,13
Maharashtra,Amarawati,Anajngaon,Soyabean,Yellow,FAQ,25/08/2024,3200,4000,3700,13
Maharashtra,Amarawati,Chandur Bazar,Soyabean,Yellow,FAQ,02/08/2024,4000,4300,4220,13
Maharashtra,Amarawati,Chandur Bazar,Soyabean,Yellow,FAQ,06/08/2024,4000,4200,4150,13
Maharashtra,Amarawati,Chandur Bazar,Soyabean,Yellow,FAQ,09/08/2024,4000,4150,4050,13
Maharashtra,Amarawati,Chandur Bazar,Soyabean,Yellow,FAQ,16/08/2024,4000,4150,4050,13
Maharashtra,Amarawati,Chandur Bazar,Soyabean,Yellow,FAQ,21/08/2024,3900,4130,4000,13
Maharashtra,Amarawati,Chandur Bazar,Soyabean,Yellow,FAQ,28/08/2024,4000,4300,4240,13
Maharashtra,Amarawati,Chandur Bazar,Soyabean,Yellow,FAQ,30/08/2024,4000,4450,4250,13
Maharashtra,Amarawati,Chandur Railway,Soyabean,Yellow,FAQ,08/08/2024,4170,4200,4175,13
Maharashtra,Amarawati,Chandur Railway,Soyabean,Yellow,FAQ,16/08/2024,4000,4085,4060,13
Maharashtra,Amarawati,Chandur Railway,Soyabean,Yellow,FAQ,20/08/2024,3900,4000,4000,13
Maharashtra,Amarawati,Chandur Railway,Soyabean,Yellow,FAQ,22/08/2024,4075,4100,4090,13
Maharashtra,Amarawati,Chandur Railway,Soyabean,Yellow,FAQ,30/08/2024,4200,4400,4300,13
Maharashtra,Amarawati,Daryapur,Soyabean,Yellow,FAQ,02/08/2024,3400,4230,4150,13
Maharashtra,Amarawati,Daryapur,Soyabean,Yellow,FAQ,28/08/2024,3720,4400,4200,13
Maharashtra,Amarawati,Dhamngaon-Railway,Soyabean,Yellow,FAQ,01/08/2024,4000,4235,4100,13
Maharashtra,Amarawati,Shetkari Khushi Bazar,Soyabean,Other,FAQ,09/08/2024,4125,4250,4179,13
Maharashtra,Amarawati,Shetkari Khushi Bazar,Soyabean,Other,FAQ,14/08/2024,2000,4250,4123,13
Maharashtra,Amarawati,Shetkari Khushi Bazar,Soyabean,Other,FAQ,16/08/2024,3600,4250,4043,13
Maharashtra,Amarawati,Shetkari Khushi Bazar,Soyabean,Other,FAQ,21/08/2024,3000,4205,4163,13
Maharashtra,Amarawati,Shetkari Khushi Bazar,Soyabean,Other,FAQ,26/08/2024,4250,4300,4269,13
Maharashtra,Amarawati,Varud(Rajura Bazar),Soyabean,Yellow,FAQ,01/08/2024,3975,4181,4083,13
Maharashtra,Amarawati,Varud(Rajura Bazar),Soyabean,Yellow,FAQ,22/08/2024,3700,4095,4043,13
Maharashtra,Amarawati,Daryapur,Soyabean,Yellow,FAQ,15/10/2024,3300,4475,4150,13
Maharashtra,Amarawati,Daryapur,Soyabean,Yellow,FAQ,19/10/2024,3200,4455,4200,13
Maharashtra,Amarawati,Nandgaon Khandeshwar,Soyabean,Yellow,FAQ,03/10/2024,3850,4570,4210,13
Maharashtra,Amarawati,Amarawati,Soyabean,Other,FAQ,16/10/2024,4150,4300,4225,13
Maharashtra,Amarawati,Amarawati,Soyabean,Other,FAQ,17/10/2024,4100,4300,4200,13
Maharashtra,Amarawati,Chandur Bazar,Soyabean,Yellow,FAQ,11/10/2024,3500,4320,4050,13
Maharashtra,Amarawati,Varud(Rajura Bazar),Soyabean,Yellow,FAQ,24/10/2024,1500,4352,3689,13
Maharashtra,Amarawati,Amarawati,Soyabean,Other,FAQ,25/10/2024,3800,4200,4000,13
Maharashtra,Amarawati,Chandur Bazar,Soyabean,Other,FAQ,01/10/2024,3660,4100,3890,13
Maharashtra,Amarawati,Dhamngaon-Railway,Soyabean,Yellow,FAQ,10/10/2024,3500,4530,4100,13
Maharashtra,Amarawati,Dhamngaon-Railway,Soyabean,Yellow,FAQ,19/10/2024,3500,4390,4100,13
Maharashtra,Amarawati,Chandur Bazar,Soyabean,Other,FAQ,04/10/2024,3800,3800,3800,13
Maharashtra,Amarawati,Dhamngaon-Railway,Soyabean,Yellow,FAQ,15/10/2024,3500,4400,4000,13
Maharashtra,Amarawati,Shetkari Khushi Bazar,Soyabean,Other,FAQ,21/10/2024,1000,4400,4021,13
Maharashtra,Amarawati,Daryapur,Soyabean,Yellow,FAQ,28/10/2024,3000,4250,4050,13
Maharashtra,Amarawati,Chandur Bazar,Soyabean,Yellow,FAQ,17/10/2024,3200,4500,3850,13
Maharashtra,Amarawati,Dhamngaon-Railway,Soyabean,Yellow,FAQ,18/10/2024,3500,4545,4200,13
Maharashtra,Amarawati,Chandur Bazar,Soyabean,Yellow,FAQ,01/10/2024,4000,4505,4240,13
Maharashtra,Amarawati,Shetkari Khushi Bazar,Soyabean,Other,FAQ,22/10/2024,1000,4500,4002,13
Maharashtra,Amarawati,Varud(Rajura Bazar),Soyabean,Yellow,FAQ,03/10/2024,4301,4301,4301,13
Maharashtra,Amarawati,Amarawati,Soyabean,Other,FAQ,28/10/2024,4050,4151,4100,13
Maharashtra,Amarawati,Chandur Bazar,Soyabean,Yellow,FAQ,18/10/2024,3200,4400,3910,13
Maharashtra,Amarawati,Amarawati,Soyabean,Other,FAQ,07/06/2024,4350,4431,4390,13
Maharashtra,Amarawati,Amarawati,Soyabean,Other,FAQ,12/06/2024,4250,4335,4292,13
Maharashtra,Amarawati,Amarawati,Soyabean,Other,FAQ,14/06/2024,4250,4350,4300,13
Maharashtra,Amarawati,Amarawati,Soyabean,Other,FAQ,18/06/2024,4250,4350,4300,13
Maharashtra,Amarawati,Amarawati,Soyabean,Other,FAQ,20/06/2024,4150,4267,4208,13
Maharashtra,Amarawati,Amarawati,Soyabean,Other,FAQ,24/06/2024,4200,4408,4304,13
Maharashtra,Amarawati,Amarawati,Soyabean,Other,FAQ,29/06/2024,4350,4422,4386,13
Maharashtra,Amarawati,Anajngaon,Soyabean,Yellow,FAQ,26/06/2024,4000,4275,4150,13
Maharashtra,Amarawati,Chandur Bazar,Soyabean,Yellow,FAQ,03/06/2024,4000,4350,4250,13
Maharashtra,Amarawati,Chandur Bazar,Soyabean,Yellow,FAQ,07/06/2024,4000,4350,4220,13
Maharashtra,Amarawati,Chandur Bazar,Soyabean,Yellow,FAQ,24/06/2024,4000,4350,4280,13
Maharashtra,Amarawati,Chandur Bazar,Soyabean,Yellow,FAQ,25/06/2024,4000,4350,4210,13
Maharashtra,Amarawati,Chandur Railway,Soyabean,Yellow,FAQ,05/06/2024,4200,4380,4300,13
Maharashtra,Amarawati,Chandur Railway,Soyabean,Yellow,FAQ,08/06/2024,4260,4475,4425,13
Maharashtra,Amarawati,Chandur Railway,Soyabean,Yellow,FAQ,27/06/2024,4000,4460,4400,13
Maharashtra,Amarawati,Daryapur,Soyabean,Yellow,FAQ,03/06/2024,3500,4495,4350,13
Maharashtra,Amarawati,Daryapur,Soyabean,Yellow,FAQ,18/06/2024,3500,4400,4300,13
Maharashtra,Amarawati,Daryapur,Soyabean,Yellow,FAQ,25/06/2024,3400,4440,4375,13
Maharashtra,Amarawati,Daryapur,Soyabean,Yellow,FAQ,28/06/2024,3600,4430,4300,13
Maharashtra,Amarawati,Dhamngaon-Railway,Soyabean,Yellow,FAQ,25/06/2024,4000,4499,4300,13
Maharashtra,Amarawati,Dhamngaon-Railway,Soyabean,Yellow,FAQ,28/06/2024,4000,4400,4250,13
Maharashtra,Amarawati,Morshi,Soyabean,Other,FAQ,17/06/2024,4000,4360,4180,13
Maharashtra,Amarawati,Nandgaon Khandeshwar,Soyabean,Yellow,FAQ,06/06/2024,4175,4345,4260,13
Maharashtra,Amarawati,Shetkari Khushi Bazar,Soyabean,Other,FAQ,11/06/2024,3000,4425,4226,13
Maharashtra,Amarawati,Shetkari Khushi Bazar,Soyabean,Other,FAQ,12/06/2024,4250,4350,4322,13
Maharashtra,Amarawati,Shetkari Khushi Bazar,Soyabean,Other,FAQ,13/06/2024,2500,4400,4283,13
Maharashtra,Amarawati,Shetkari Khushi Bazar,Soyabean,Other,FAQ,28/06/2024,2000,4450,4346,13
Maharashtra,Amarawati,Varud(Rajura Bazar),Soyabean,Yellow,FAQ,27/06/2024,4200,4495,4339,13
Maharashtra,Amarawati,Nandgaon Khandeshwar,Soyabean,Yellow,FAQ,08/05/2024,4250,4450,4350,13
Maharashtra,Amarawati,Nandgaon Khandeshwar,Soyabean,Yellow,FAQ,17/05/2024,4225,4445,4350,13
Maharashtra,Amarawati,Nandgaon Khandeshwar,Soyabean,Yellow,FAQ,31/05/2024,4175,4365,4270,13
Maharashtra,Amarawati,Varud,Soyabean,Yellow,FAQ,04/05/2024,4210,4370,4323,13
Maharashtra,Amarawati,Amarawati,Soyabean,Other,FAQ,04/09/2024,4500,4600,4550,13
Maharashtra,Amarawati,Amarawati,Soyabean,Other,FAQ,09/09/2024,4300,4400,4350,13
Maharashtra,Amarawati,Amarawati,Soyabean,Other,FAQ,20/09/2024,4550,4656,4603,13
Maharashtra,Amarawati,Amarawati,Soyabean,Other,FAQ,26/09/2024,4500,4572,4536,13
Maharashtra,Amarawati,Anajngaon,Soyabean,Yellow,FAQ,13/09/2024,4000,4450,4250,13
Maharashtra,Amarawati,Anajngaon,Soyabean,Yellow,FAQ,27/09/2024,3500,4500,4200,13
Maharashtra,Amarawati,Chandur Bazar,Soyabean,Other,FAQ,17/09/2024,5311,5311,5311,13
Maharashtra,Amarawati,Chandur Bazar,Soyabean,Other,FAQ,23/09/2024,4511,4511,4511,13
Maharashtra,Amarawati,Chandur Bazar,Soyabean,Other,FAQ,24/09/2024,3611,4511,4511,13
Maharashtra,Amarawati,Chandur Bazar,Soyabean,Yellow,FAQ,19/09/2024,4000,4600,4270,13
Maharashtra,Amarawati,Chandur Bazar,Soyabean,Yellow,FAQ,26/09/2024,4000,4550,4350,13
Maharashtra,Amarawati,Chandur Bazar,Soyabean,Yellow,FAQ,27/09/2024,4000,4450,4150,13
Maharashtra,Amarawati,Daryapur,Soyabean,Yellow,FAQ,14/09/2024,3800,4800,4650,13
Maharashtra,Amarawati,Daryapur,Soyabean,Yellow,FAQ,23/09/2024,3500,4605,4450,13
Maharashtra,Amarawati,Dhamngaon-Railway,Soyabean,Yellow,FAQ,12/09/2024,4205,4555,4400,13
Maharashtra,Amarawati,Dhamngaon-Railway,Soyabean,Yellow,FAQ,20/09/2024,4500,5051,4600,13
Maharashtra,Amarawati,Nandgaon Khandeshwar,Soyabean,Yellow,FAQ,05/09/2024,4145,4475,4310,13
Maharashtra,Amarawati,Nandgaon Khandeshwar,Soyabean,Yellow,FAQ,06/09/2024,4175,4425,4285,13
Maharashtra,Amarawati,Nandgaon Khandeshwar,Soyabean,Yellow,FAQ,09/09/2024,4075,4325,4200,13
Maharashtra,Amarawati,Nandgaon Khandeshwar,Soyabean,Yellow,FAQ,23/09/2024,4100,5101,4600,13
Maharashtra,Amarawati,Shetkari Khushi Bazar,Soyabean,Other,FAQ,06/09/2024,3000,4600,4484,13
Maharashtra,Amarawati,Achalpur,Soyabean,Other,FAQ,03/01/2025,3800,4100,3950,13
Maharashtra,Amarawati,Amarawati,Soyabean,Other,FAQ,13/01/2025,3950,4190,4070,13
Maharashtra,Amarawati,Amarawati,Soyabean,Other,FAQ,15/01/2025,4000,4213,4106,13
Maharashtra,Amarawati,Amarawati,Soyabean,Other,FAQ,20/01/2025,3850,4050,3950,13
Maharashtra,Amarawati,Amarawati,Soyabean,Other,Local,29/01/2025,3750,3901,3825,13
Maharashtra,Amarawati,Amarawati,Soyabean,Other,Local,30/01/2025,3950,4165,4057,13
Maharashtra,Amarawati,Chandur Bazar,Soyabean,Yellow,FAQ,01/01/2025,3450,4400,4200,13
Maharashtra,Amarawati,Chandur Bazar,Soyabean,Yellow,FAQ,20/01/2025,3400,4100,3810,13
Maharashtra,Amarawati,Chandur Bazar,Soyabean,Yellow,Non-FAQ,27/01/2025,3500,4150,3950,13
Maharashtra,Amarawati,Chandur Railway,Soyabean,Yellow,FAQ,03/01/2025,3600,4260,4000,13
Maharashtra,Amarawati,Chandur Railway,Soyabean,Yellow,FAQ,04/01/2025,3555,4300,3900,13
Maharashtra,Amarawati,Chandur Railway,Soyabean,Yellow,FAQ,13/01/2025,3700,4150,3900,13
Maharashtra,Amarawati,Daryapur,Soyabean,Yellow,FAQ,22/01/2025,3300,4375,4200,13
Maharashtra,Amarawati,Dhamngaon-Railway,Soyabean,Yellow,FAQ,01/01/2025,3500,4165,4000,13
Maharashtra,Amarawati,Morshi,Soyabean,Other,FAQ,02/01/2025,3800,4250,4025,13
Maharashtra,Amarawati,Morshi,Soyabean,Other,FAQ,13/01/2025,3700,4150,3925,13
Maharashtra,Amarawati,Morshi,Soyabean,Other,FAQ,23/01/2025,3700,4025,3862,13
Maharashtra,Amarawati,Nandgaon Khandeshwar,Soyabean,Yellow,FAQ,14/01/2025,3830,4180,4005,13
Maharashtra,Amarawati,Nandgaon Khandeshwar,Soyabean,Yellow,FAQ,15/01/2025,3855,4185,4020,13
Maharashtra,Amarawati,Nandgaon Khandeshwar,Soyabean,Yellow,Non-FAQ,29/01/2025,3625,4045,3835,13
Maharashtra,Amarawati,Shetkari Khushi Bazar,Soyabean,Other,FAQ,15/01/2025,3700,4150,3899,13
Maharashtra,Amarawati,Shetkari Khushi Bazar,Soyabean,Other,FAQ,23/01/2025,3600,4100,3890,13
Maharashtra,Amarawati,Varud,Soyabean,Yellow,FAQ,11/01/2025,3000,3950,3879,13
Maharashtra,Amarawati,Varud,Soyabean,Yellow,FAQ,15/01/2025,3500,4225,3992,13
Maharashtra,Amarawati,Varud,Soyabean,Yellow,FAQ,18/01/2025,3050,4300,3941,13
Maharashtra,Amarawati,Varud,Soyabean,Yellow,FAQ,22/01/2025,3300,4270,3924,13
Maharashtra,Amarawati,Amarawati,Soyabean,Other,Local,04/02/2025,3850,3981,3915,13
Maharashtra,Amarawati,Chandur Bazar,Soyabean,Yellow,Non-FAQ,12/02/2025,3500,4000,3750,13
Maharashtra,Amarawati,Chandur Bazar,Soyabean,Yellow,Non-FAQ,28/02/2025,3500,3850,3600,13
Maharashtra,Amarawati,Daryapur,Soyabean,Yellow,Non-FAQ,03/02/2025,3200,4150,3900,13
Maharashtra,Amarawati,Dhamngaon-Railway,Soyabean,Yellow,Non-FAQ,22/02/2025,3500,4130,3950,13
Maharashtra,Amarawati,Nandgaon Khandeshwar,Soyabean,Yellow,Non-FAQ,05/02/2025,3745,4025,3885,13
Maharashtra,Amarawati,Nandgaon Khandeshwar,Soyabean,Yellow,Non-FAQ,13/02/2025,3750,4000,3900,13
Maharashtra,Amarawati,Nandgaon Khandeshwar,Soyabean,Yellow,Non-FAQ,14/02/2025,3745,3995,3870,13
Maharashtra,Amarawati,Shetkari Khushi Bazar,Soyabean,Other,FAQ,04/02/2025,2500,4100,3911,13
Maharashtra,Amarawati,Shetkari Khushi Bazar,Soyabean,Other,FAQ,20/02/2025,1700,4050,3940,13
Maharashtra,Amarawati,Shetkari Khushi Bazar,Soyabean,Other,FAQ,27/02/2025,2000,4000,3854,13
Maharashtra,Amarawati,Amarawati,Soyabean,Other,Local,05/04/2025,4150,4270,4210,13
Maharashtra,Amarawati,Chandur Bazar,Soyabean,Yellow,Non-FAQ,03/04/2025,4000,4530,4210,13
Maharashtra,Amarawati,Daryapur,Soyabean,Yellow,Non-FAQ,04/04/2025,3600,4400,4200,13
Maharashtra,Amarawati,Dhamngaon-Railway,Soyabean,Yellow,Non-FAQ,26/04/2025,3800,4440,4200,13
Maharashtra,Amarawati,Shetkari Khushi Bazar,Soyabean,Other,FAQ,04/04/2025,2500,4350,4187,13
Maharashtra,Amarawati,Shetkari Khushi Bazar,Soyabean,Other,FAQ,15/04/2025,2500,4550,4345,13
Maharashtra,Amarawati,Shetkari Khushi Bazar,Soyabean,Other,FAQ,30/04/2025,4200,4325,4282,13
Maharashtra,Amarawati,Varud,Soyabean,Yellow,Non-FAQ,27/04/2025,3740,4330,4204,13
Maharashtra,Amarawati,Amarawati,Soyabean,Other,Local,04/04/2025,4250,4370,4310,13
Maharashtra,Amarawati,Anajngaon,Soyabean,Yellow,Non-FAQ,24/04/2025,3800,4000,3900,13
Maharashtra,Amarawati,Chandur Bazar,Soyabean,Yellow,Non-FAQ,04/04/2025,4000,4530,4210,13
Maharashtra,Amarawati,Chandur Railway,Soyabean,Yellow,Non-FAQ,23/04/2025,4060,4400,4350,13
Maharashtra,Amarawati,Shetkari Khushi Bazar,Soyabean,Other,FAQ,11/04/2025,4275,4600,4396,13
Maharashtra,Amarawati,Shetkari Khushi Bazar,Soyabean,Other,FAQ,16/04/2025,1500,4500,4309,13
Maharashtra,Amarawati,Shetkari Khushi Bazar,Soyabean,Other,FAQ,18/04/2025,4200,4350,4298,13
Maharashtra,Amarawati,Shetkari Khushi Bazar,Soyabean,Other,FAQ,22/04/2025,3000,4400,4330,13
Maharashtra,Amarawati,Chandur Railway,Soyabean,Yellow,Non-FAQ,22/05/2025,4200,4320,4250,13
Maharashtra,Amarawati,Daryapur,Soyabean,Yellow,Non-FAQ,07/05/2025,3500,4200,4000,13
Maharashtra,Amarawati,Daryapur,Soyabean,Yellow,Non-FAQ,09/05/2025,3500,4250,4100,13
Maharashtra,Amarawati,Daryapur,Soyabean,Yellow,Non-FAQ,19/05/2025,3500,4250,4100,13
Maharashtra,Amarawati,Daryapur,Soyabean,Yellow,Non-FAQ,20/05/2025,3200,4375,4100,13
Maharashtra,Amarawati,Daryapur,Soyabean,Yellow,Non-FAQ,27/05/2025,2500,4130,3950,13
Maharashtra,Amarawati,Daryapur,Soyabean,Yellow,Non-FAQ,30/05/2025,3500,4270,4150,13
Maharashtra,Amarawati,Dhamngaon-Railway,Soyabean,Yellow,Non-FAQ,06/05/2025,3800,4290,4000,13
Maharashtra,Amarawati,Dhamngaon-Railway,Soyabean,Yellow,Non-FAQ,30/05/2025,3800,4460,4200,13
Maharashtra,Amarawati,Morshi,Soyabean,Other,Local,01/05/2025,3800,4045,3922,13
Maharashtra,Amarawati,Morshi,Soyabean,Other,Local,19/05/2025,3500,4130,3815,13
Maharashtra,Amarawati,Morshi,Soyabean,Other,Local,26/05/2025,3500,3700,3600,13
Maharashtra,Amarawati,Shetkari Khushi Bazar,Soyabean,Other,FAQ,05/05/2025,4200,4350,4302,13
Maharashtra,Amarawati,Shetkari Khushi Bazar,Soyabean,Other,FAQ,06/05/2025,4250,4350,4277,13
Maharashtra,Amarawati,Shetkari Khushi Bazar,Soyabean,Other,FAQ,19/05/2025,4050,4350,4233,13
Maharashtra,Amarawati,Shetkari Khushi Bazar,Soyabean,Other,FAQ,27/05/2025,1000,4300,4164,13
Maharashtra,Amarawati,Shetkari Khushi Bazar,Soyabean,Other,FAQ,29/05/2025,1000,4350,4029,13
Maharashtra,Amarawati,Varud,Soyabean,Yellow,Non-FAQ,11/05/2025,4150,4200,4190,13
Maharashtra,Amarawati,Varud,Soyabean,Yellow,Non-FAQ,29/05/2025,3300,4265,4126,13
Maharashtra,Amarawati,Amarawati,Soyabean,Other,Local,06/05/2025,4050,4255,4152,13
Maharashtra,Amarawati,Amarawati,Soyabean,Other,Local,31/05/2025,4000,4115,4057,13
Maharashtra,Amarawati,Anajngaon,Soyabean,Yellow,Non-FAQ,30/05/2025,3700,4000,3900,13
Maharashtra,Amarawati,Chandur Bazar,Soyabean,Yellow,Non-FAQ,05/05/2025,3500,4160,3900,13
Maharashtra,Amarawati,Chandur Bazar,Soyabean,Yellow,Non-FAQ,07/05/2025,3500,4160,3860,13
Maharashtra,Amarawati,Chandur Bazar,Soyabean,Yellow,Non-FAQ,15/05/2025,3500,4120,3940,13
Maharashtra,Amarawati,Chandur Bazar,Soyabean,Yellow,Non-FAQ,16/05/2025,3500,4180,3780,13
Maharashtra,Amarawati,Chandur Bazar,Soyabean,Yellow,Non-FAQ,19/05/2025,3500,4020,3840,13
Maharashtra,Amarawati,Chandur Bazar,Soyabean,Yellow,Non-FAQ,22/05/2025,3500,4100,3970,13
Maharashtra,Amarawati,Chandur Railway,Soyabean,Yellow,Non-FAQ,13/05/2025,4100,4310,4200,13
Maharashtra,Amarawati,Amarawati APMC,Soyabean,Other,Local,18/11/2025,3850,4500,4175,13
Maharashtra,Amarawati,Amarawati APMC,Soyabean,Other,Local,28/11/2025,3950,4450,4200,13
Maharashtra,Amarawati,Amarawati APMC,Soyabean,Other,Local,03/11/2025,3750,4265,4007,13
Maharashtra,Amarawati,Morshi APMC,Soyabean,Other,Local,06/11/2025,3600,4260,3930,13
Maharashtra,Amarawati,Daryapur APMC,Soyabean,Yellow,Non-FAQ,19/11/2025,3000,4450,4050,13
Maharashtra,Amarawati,Varud APMC,Soyabean,Yellow,Non-FAQ,19/11/2025,2800,4530,4004,13
Maharashtra,Amarawati,Varud APMC,Soyabean,Yellow,Non-FAQ,23/11/2025,3000,4525,4112,13
Maharashtra,Amarawati,Chandur Bazar APMC,Soyabean,Yellow,Non-FAQ,07/11/2025,2700,5100,4422,13
Maharashtra,Amarawati,Daryapur APMC,Soyabean,Yellow,FAQ,07/11/2025,5350,6700,6200,13
Maharashtra,Amarawati,Varud APMC,Soyabean,Yellow,Non-FAQ,09/11/2025,3240,4580,4181,13
Maharashtra,Amarawati,Daryapur APMC,Soyabean,Yellow,Non-FAQ,03/11/2025,3000,4350,3950,13
Maharashtra,Amarawati,Varud APMC,Soyabean,Yellow,Non-FAQ,05/11/2025,3180,4401,4183,13
Maharashtra,Amarawati,Chandur Bazar APMC,Soyabean,Yellow,Non-FAQ,13/11/2025,3500,4950,4460,13
Maharashtra,Amarawati,Daryapur APMC,Soyabean,Yellow,Non-FAQ,10/12/2025,3000,4400,3900,13
Maharashtra,Amarawati,Dhamngaon-Railway APMC,Soyabean,Yellow,Non-FAQ,11/12/2025,3500,4640,4100,13
Maharashtra,Amarawati,Chandur Bazar APMC,Soyabean,Yellow,Non-FAQ,11/12/2025,3500,4650,4100,13
Maharashtra,Amarawati,Chandur Railway APMC,Soyabean,Yellow,Non-FAQ,24/12/2025,3300,4705,4000,13
Maharashtra,Amarawati,Varud(Rajura Bazar) APMC,Soyabean,Yellow,Non-FAQ,26/12/2025,3510,4575,4479,13
Maharashtra,Amarawati,Dhamngaon-Railway APMC,Soyabean,Yellow,Non-FAQ,08/12/2025,3500,4740,4100,13
Maharashtra,Amarawati,Morshi APMC,Soyabean,Other,Local,15/12/2025,3500,3900,3700,13
Maharashtra,Amarawati,Amarawati APMC,Soyabean,Other,Local,22/12/2025,3950,4400,4175,13
Maharashtra,Amarawati,Amarawati APMC,Soyabean,Other,Local,19/12/2025,4000,4400,4200,13
Maharashtra,Amarawati,Achalpur APMC,Soyabean,Other,Local,11/12/2025,3650,4350,3975,13
Maharashtra,Amarawati,Amarawati APMC,Soyabean,Other,Local,11/12/2025,3900,4350,4125,13
Maharashtra,Amarawati,Amarawati APMC,Soyabean,Other,Local,12/12/2025,3900,4300,4100,13
Maharashtra,Amarawati,Amarawati APMC,Soyabean,Other,Local,17/12/2025,3900,4300,4100,13
Maharashtra,Amarawati,Shetkari Khushi Bazar APMC,Soyabean,Other,Local,30/12/2025,4100,4700,4431,13
Maharashtra,Amarawati,Achalpur APMC,Soyabean,Other,Local,03/12/2025,3600,4400,4000,13
Maharashtra,Amarawati,Shetkari Khushi Bazar APMC,Soyabean,Other,Local,04/12/2025,1200,4500,4135,13
Maharashtra,Amarawati,Achalpur APMC,Soyabean,Other,Local,17/12/2025,3600,4400,4000,13
Maharashtra,Amarawati,Achalpur APMC,Soyabean,Other,Local,15/12/2025,3711,4350,4035,13
Maharashtra,Amarawati,Achalpur,Soyabean,Other,Local,08/02/2025,3650,4150,3900,13
Maharashtra,Amarawati,Amarawati,Soyabean,Other,Local,05/02/2025,3850,4090,3970,13
Maharashtra,Amarawati,Chandur Bazar,Soyabean,Yellow,Non-FAQ,27/02/2025,3300,3800,3540,13
Maharashtra,Amarawati,Chandur Railway,Soyabean,Yellow,Non-FAQ,04/02/2025,3750,4010,3850,13
Maharashtra,Amarawati,Chandur Railway,Soyabean,Yellow,Non-FAQ,17/02/2025,3705,4125,3900,13
Maharashtra,Amarawati,Chandur Railway,Soyabean,Yellow,Non-FAQ,27/02/2025,3500,4060,3900,13
Maharashtra,Amarawati,Daryapur,Soyabean,Yellow,Non-FAQ,28/02/2025,3000,3955,3800,13
Maharashtra,Amarawati,Dhamngaon-Railway,Soyabean,Yellow,Non-FAQ,18/02/2025,3500,4120,3900,13
Maharashtra,Amarawati,Morshi,Soyabean,Other,Local,13/02/2025,3550,3950,3750,13
Maharashtra,Amarawati,Morshi,Soyabean,Other,Local,24/02/2025,3500,3900,3700,13
Maharashtra,Amarawati,Shetkari Khushi Bazar,Soyabean,Other,FAQ,11/02/2025,3500,4000,3903,13
Maharashtra,Amarawati,Shetkari Khushi Bazar,Soyabean,Other,FAQ,28/02/2025,3700,4000,3885,13
Maharashtra,Amarawati,Achalpur,Soyabean,Other,Local,12/03/2025,3600,3900,3750,13
Maharashtra,Amarawati,Amarawati,Soyabean,Other,Local,01/03/2025,3800,3961,3880,13
Maharashtra,Amarawati,Amarawati,Soyabean,Other,Local,05/03/2025,3750,3900,3825,13
Maharashtra,Amarawati,Amarawati,Soyabean,Other,Local,11/03/2025,3750,3900,3825,13
Maharashtra,Amarawati,Amarawati,Soyabean,Other,Local,18/03/2025,3750,3900,3825,13
Maharashtra,Amarawati,Amarawati,Soyabean,Other,Local,22/03/2025,3850,4035,3942,13
Maharashtra,Amarawati,Amarawati,Soyabean,Other,Local,24/03/2025,3850,4001,3925,13
Maharashtra,Amarawati,Chandur Bazar,Soyabean,Yellow,Non-FAQ,17/03/2025,3400,3800,3640,13
Maharashtra,Amarawati,Chandur Railway,Soyabean,Yellow,Non-FAQ,10/03/2025,3700,4025,3900,13
Maharashtra,Amarawati,Chandur Railway,Soyabean,Yellow,Non-FAQ,20/03/2025,3850,4055,3900,13
Maharashtra,Amarawati,Daryapur,Soyabean,Yellow,Non-FAQ,08/03/2025,3000,4000,3850,13
Maharashtra,Amarawati,Daryapur,Soyabean,Yellow,Non-FAQ,17/03/2025,3000,4000,3800,13
Maharashtra,Amarawati,Nandgaon Khandeshwar,Soyabean,Yellow,Non-FAQ,12/03/2025,3650,3890,3770,13
Maharashtra,Amarawati,Nandgaon Khandeshwar,Soyabean,Yellow,Non-FAQ,15/03/2025,3600,3900,3785,13
Maharashtra,Amarawati,Shetkari Khushi Bazar,Soyabean,Other,FAQ,12/03/2025,3600,3950,3783,13
Maharashtra,Amarawati,Shetkari Khushi Bazar,Soyabean,Other,FAQ,18/03/2025,1000,3950,3835,13
Maharashtra,Amarawati,Shetkari Khushi Bazar,Soyabean,Other,FAQ,25/03/2025,3000,4150,3939,13
Maharashtra,Amarawati,Varud,Soyabean,Yellow,Non-FAQ,19/03/2025,3775,3800,3783,13
Maharashtra,Amarawati,Varud,Soyabean,Yellow,Non-FAQ,26/03/2025,3000,4095,3996,13
Maharashtra,Amarawati,Chandur Railway,Soyabean,Yellow,FAQ,21/06/2022,5800,6025,6000,13
Maharashtra,Amarawati,Chandur Railway,Soyabean,Yellow,FAQ,25/06/2022,5850,5950,5850,13
Maharashtra,Amarawati,Chandur Railway,Soyabean,Yellow,FAQ,11/07/2022,6055,6150,6100,13
Maharashtra,Amarawati,Chandur Railway,Soyabean,Yellow,FAQ,05/08/2022,6100,6200,6150,13
Maharashtra,Amarawati,Chandur Railway,Soyabean,Yellow,FAQ,06/08/2022,6175,6200,6200,13
Maharashtra,Amarawati,Chandur Railway,Soyabean,Yellow,FAQ,10/08/2022,6175,6225,6200,13
Maharashtra,Amarawati,Chandur Railway,Soyabean,Yellow,FAQ,13/08/2022,6000,6200,6100,13
Maharashtra,Amarawati,Chandur Railway,Soyabean,Yellow,FAQ,07/10/2022,4750,4800,4780,13
Maharashtra,Amarawati,Chandur Railway,Soyabean,Yellow,FAQ,10/10/2022,4500,4851,4700,13
Maharashtra,Amarawati,Chandur Railway,Soyabean,Yellow,FAQ,04/11/2022,4600,5111,4850,13
Maharashtra,Amarawati,Chandur Railway,Soyabean,Yellow,FAQ,05/11/2022,4790,5155,4900,13
Maharashtra,Amarawati,Chandur Railway,Soyabean,Yellow,FAQ,02/12/2022,4900,5400,5250,13
Maharashtra,Amarawati,Chandur Railway,Soyabean,Yellow,FAQ,03/12/2022,5150,5400,5300,13
Maharashtra,Amarawati,Chandur Railway,Soyabean,Yellow,FAQ,06/12/2022,5205,5405,5305,13
Maharashtra,Amarawati,Chandur Railway,Soyabean,Yellow,FAQ,08/12/2022,5250,5455,5325,13
Maharashtra,Amarawati,Chandur Railway,Soyabean,Yellow,FAQ,16/12/2022,5175,5400,5300,13
Maharashtra,Amarawati,Chandur Railway,Soyabean,Yellow,FAQ,20/12/2022,5100,5390,5200,13
Maharashtra,Amarawati,Amarawati,Soyabean,Other,FAQ,25/07/2023,4750,4880,4815,13
Maharashtra,Amarawati,Amarawati,Soyabean,Other,FAQ,27/07/2023,4750,4900,4825,13
Maharashtra,Amarawati,Amarawati,Soyabean,Other,FAQ,28/07/2023,4750,4942,4846,13
Maharashtra,Amarawati,Amarawati,Soyabean,Other,FAQ,31/07/2023,4700,4865,4782,13
Maharashtra,Amarawati,Amarawati,Soyabean,Other,FAQ,03/08/2023,4650,4800,4725,13
Maharashtra,Amarawati,Amarawati,Soyabean,Other,FAQ,07/08/2023,4750,4826,4788,13
Maharashtra,Amarawati,Amarawati,Soyabean,Other,FAQ,23/08/2023,4750,4830,4790,13
Maharashtra,Amarawati,Amarawati,Soyabean,Other,FAQ,24/08/2023,4650,4786,4718,13
Maharashtra,Amarawati,Amarawati,Soyabean,Other,FAQ,30/08/2023,4700,4814,4757,13
Maharashtra,Amarawati,Amarawati,Soyabean,Other,FAQ,05/09/2023,4650,4881,4765,13
Maharashtra,Amarawati,Amarawati,Soyabean,Other,FAQ,06/09/2023,4700,4880,4790,13
Maharashtra,Amarawati,Amarawati,Soyabean,Other,FAQ,12/09/2023,4700,4830,4765,13
Maharashtra,Amarawati,Amarawati,Soyabean,Other,FAQ,16/09/2023,4700,4821,4760,13
Maharashtra,Amarawati,Amarawati,Soyabean,Other,FAQ,21/09/2023,4700,4761,4730,13
Maharashtra,Amarawati,Amarawati,Soyabean,Other,FAQ,06/10/2023,4350,4460,4405,13
Maharashtra,Amarawati,Amarawati,Soyabean,Other,FAQ,17/10/2023,4350,4500,4425,13
Maharashtra,Amarawati,Amarawati,Soyabean,Other,FAQ,21/10/2023,4400,4636,4518,13
Maharashtra,Amarawati,Amarawati,Soyabean,Other,FAQ,28/10/2023,4550,4705,4627,13
Maharashtra,Amarawati,Amarawati,Soyabean,Other,FAQ,02/11/2023,4550,4761,4655,13
Maharashtra,Amarawati,Amarawati,Soyabean,Other,FAQ,06/11/2023,4825,4871,4848,13
Maharashtra,Amarawati,Amarawati,Soyabean,Other,FAQ,18/11/2023,5000,5125,5062,13
Maharashtra,Amarawati,Amarawati,Soyabean,Other,FAQ,11/12/2023,4800,4880,4840,13
Maharashtra,Amarawati,Amarawati,Soyabean,Other,FAQ,14/12/2023,4650,4741,4695,13
Maharashtra,Amarawati,Amarawati,Soyabean,Other,FAQ,23/12/2023,4600,4645,4622,13
Maharashtra,Amarawati,Amarawati,Soyabean,Other,FAQ,26/12/2023,4600,4672,4636,13
Maharashtra,Amarawati,Amarawati,Soyabean,Other,FAQ,28/12/2023,4550,4681,4615,13
Maharashtra,Amarawati,Amarawati,Soyabean,Other,FAQ,29/12/2023,4600,4701,4650,13
Maharashtra,Amarawati,Anajngaon,Soyabean,Yellow,FAQ,22/01/2023,4900,5181,5100,13
Maharashtra,Amarawati,Anajngaon,Soyabean,Yellow,FAQ,29/01/2023,4800,5300,5100,13
Maharashtra,Amarawati,Anajngaon,Soyabean,Yellow,FAQ,03/02/2023,4800,5200,5000,13
Maharashtra,Amarawati,Anajngaon,Soyabean,Yellow,FAQ,12/02/2023,4900,5130,5000,13
Maharashtra,Amarawati,Anajngaon,Soyabean,Yellow,FAQ,24/02/2023,5000,5100,5000,13
Maharashtra,Amarawati,Anajngaon,Soyabean,Yellow,FAQ,09/04/2023,4800,5050,5000,13
Maharashtra,Amarawati,Anajngaon,Soyabean,Yellow,FAQ,09/06/2023,4500,5000,4750,13
Maharashtra,Amarawati,Anajngaon,Soyabean,Yellow,FAQ,18/06/2023,4400,5000,4750,13
Maharashtra,Amarawati,Anajngaon,Soyabean,Yellow,FAQ,02/07/2023,4400,4801,4600,13
Maharashtra,Amarawati,Anajngaon,Soyabean,Yellow,FAQ,07/07/2023,4400,4800,4600,13
Maharashtra,Amarawati,Anajngaon,Soyabean,Yellow,FAQ,12/07/2023,4000,4850,4500,13
Maharashtra,Amarawati,Anajngaon,Soyabean,Yellow,FAQ,16/07/2023,4000,4800,4400,13
Maharashtra,Amarawati,Anajngaon,Soyabean,Yellow,FAQ,30/07/2023,4000,4775,4500,13
Maharashtra,Amarawati,Anajngaon,Soyabean,Yellow,FAQ,09/08/2023,4400,4750,4600,13
Maharashtra,Amarawati,Anajngaon,Soyabean,Yellow,FAQ,03/09/2023,4400,4950,4700,13
Maharashtra,Amarawati,Anajngaon,Soyabean,Yellow,FAQ,20/09/2023,4400,4600,4500,13
Maharashtra,Amarawati,Anajngaon,Soyabean,Yellow,FAQ,15/10/2023,3800,4440,4250,13
Maharashtra,Amarawati,Anajngaon,Soyabean,Yellow,FAQ,22/10/2023,4300,5000,4700,13
Maharashtra,Amarawati,Anajngaon,Soyabean,Yellow,FAQ,27/10/2023,4000,4700,4400,13
Maharashtra,Amarawati,Anajngaon,Soyabean,Yellow,FAQ,28/10/2023,4000,4750,4400,13
Maharashtra,Amarawati,Chandur Bazar,Soyabean,Other,FAQ,25/09/2023,4751,4751,4751,13
Maharashtra,Amarawati,Chandur Bazar,Soyabean,Other,FAQ,04/10/2023,4391,4391,4391,13
Maharashtra,Amarawati,Chandur Bazar,Soyabean,Yellow,FAQ,04/01/2023,4500,5430,5090,13
Maharashtra,Amarawati,Chandur Bazar,Soyabean,Yellow,FAQ,01/02/2023,4600,5175,4911,13
Maharashtra,Amarawati,Chandur Bazar,Soyabean,Yellow,FAQ,02/02/2023,4500,5150,4840,13
Maharashtra,Amarawati,Chandur Bazar,Soyabean,Yellow,FAQ,07/02/2023,4500,5100,4871,13
Maharashtra,Amarawati,Chandur Bazar,Soyabean,Yellow,FAQ,22/02/2023,4200,5250,4840,13
Maharashtra,Amarawati,Chandur Bazar,Soyabean,Yellow,FAQ,23/02/2023,4700,5300,5040,13
Maharashtra,Amarawati,Chandur Bazar,Soyabean,Yellow,FAQ,01/03/2023,4500,5100,4771,13
Maharashtra,Amarawati,Chandur Bazar,Soyabean,Yellow,FAQ,08/03/2023,4600,4961,4750,13
Maharashtra,Amarawati,Chandur Bazar,Soyabean,Yellow,FAQ,14/03/2023,4400,4950,4551,13
Maharashtra,Amarawati,Chandur Bazar,Soyabean,Yellow,FAQ,21/03/2023,4500,5126,4650,13
Maharashtra,Amarawati,Chandur Bazar,Soyabean,Yellow,FAQ,24/03/2023,4500,5051,4600,13
Maharashtra,Amarawati,Chandur Bazar,Soyabean,Yellow,FAQ,30/03/2023,4500,4900,4700,13
Maharashtra,Amarawati,Chandur Bazar,Soyabean,Yellow,FAQ,13/04/2023,4450,5126,4712,13
Maharashtra,Amarawati,Chandur Bazar,Soyabean,Yellow,FAQ,24/04/2023,4388,5000,4675,13
Maharashtra,Amarawati,Chandur Bazar,Soyabean,Yellow,FAQ,28/04/2023,4350,4911,4505,13
Maharashtra,Amarawati,Chandur Bazar,Soyabean,Yellow,FAQ,04/05/2023,4100,4931,4750,13
Maharashtra,Amarawati,Chandur Bazar,Soyabean,Yellow,FAQ,10/05/2023,4400,5200,4780,13
Maharashtra,Amarawati,Chandur Bazar,Soyabean,Yellow,FAQ,11/05/2023,4200,5050,4740,13
Maharashtra,Amarawati,Chandur Bazar,Soyabean,Yellow,FAQ,16/05/2023,4500,4951,4631,13
Maharashtra,Amarawati,Chandur Bazar,Soyabean,Yellow,FAQ,14/06/2023,4190,4841,4671,13
Maharashtra,Amarawati,Chandur Bazar,Soyabean,Yellow,FAQ,15/06/2023,4000,4800,4500,13
Maharashtra,Amarawati,Chandur Bazar,Soyabean,Yellow,FAQ,20/06/2023,4400,4961,4685,13
Maharashtra,Amarawati,Chandur Bazar,Soyabean,Yellow,FAQ,04/07/2023,4100,4920,4522,13
Maharashtra,Amarawati,Chandur Bazar,Soyabean,Yellow,FAQ,06/07/2023,4000,4900,4702,13
Maharashtra,Amarawati,Chandur Bazar,Soyabean,Yellow,FAQ,01/08/2023,4000,4810,4405,13
Maharashtra,Amarawati,Chandur Bazar,Soyabean,Yellow,FAQ,17/08/2023,4200,4860,4530,13
Maharashtra,Amarawati,Chandur Bazar,Soyabean,Yellow,FAQ,25/08/2023,4270,4800,4535,13
Maharashtra,Amarawati,Chandur Bazar,Soyabean,Yellow,FAQ,30/08/2023,4200,4725,4463,13
Maharashtra,Amarawati,Chandur Bazar,Soyabean,Yellow,FAQ,05/09/2023,3050,4900,4750,13
Maharashtra,Amarawati,Chandur Bazar,Soyabean,Yellow,FAQ,29/09/2023,4560,4751,4600,13
Maharashtra,Amarawati,Chandur Bazar,Soyabean,Yellow,FAQ,09/10/2023,3500,4400,4350,13
Maharashtra,Amarawati,Chandur Bazar,Soyabean,Yellow,FAQ,12/10/2023,3700,4400,4070,13
Maharashtra,Amarawati,Chandur Bazar,Soyabean,Yellow,FAQ,17/10/2023,3500,4570,4200,13
Maharashtra,Amarawati,Chandur Bazar,Soyabean,Yellow,FAQ,20/10/2023,4200,4715,4530,13
Maharashtra,Amarawati,Chandur Bazar,Soyabean,Yellow,FAQ,30/10/2023,4000,4750,4375,13
Maharashtra,Amarawati,Chandur Bazar,Soyabean,Yellow,FAQ,22/11/2023,4500,5150,4890,13
Maharashtra,Amarawati,Chandur Bazar,Soyabean,Yellow,FAQ,19/12/2023,4500,4740,4600,13
Maharashtra,Amarawati,Chandur Bazar,Soyabean,Yellow,FAQ,29/12/2023,4500,4700,4600,13
Maharashtra,Amarawati,Chandur Railway,Soyabean,Yellow,FAQ,02/01/2023,5225,5405,5300,13
Maharashtra,Amarawati,Chandur Railway,Soyabean,Yellow,FAQ,21/01/2023,4850,5150,5100,13
Maharashtra,Amarawati,Chandur Railway,Soyabean,Yellow,FAQ,24/01/2023,4800,5151,5100,13
Maharashtra,Amarawati,Chandur Railway,Soyabean,Yellow,FAQ,31/01/2023,4920,5200,5100,13
Maharashtra,Amarawati,Chandur Railway,Soyabean,Yellow,FAQ,01/02/2023,4900,5165,5080,13
Maharashtra,Amarawati,Chandur Railway,Soyabean,Yellow,FAQ,02/03/2023,4870,5100,5050,13
Maharashtra,Amarawati,Chandur Railway,Soyabean,Yellow,FAQ,10/07/2023,4800,4900,4850,13
Maharashtra,Amarawati,Chandur Railway,Soyabean,Yellow,FAQ,20/07/2023,4700,4740,4740,13
Maharashtra,Amarawati,Chandur Railway,Soyabean,Yellow,FAQ,24/07/2023,4755,4865,4800,13
Maharashtra,Amarawati,Chandur Railway,Soyabean,Yellow,FAQ,27/07/2023,4775,4850,4800,13
Maharashtra,Amarawati,Chandur Railway,Soyabean,Yellow,FAQ,28/07/2023,4825,4950,4900,13
Maharashtra,Amarawati,Chandur Railway,Soyabean,Yellow,FAQ,02/08/2023,4775,4850,4800,13
Maharashtra,Amarawati,Chandur Railway,Soyabean,Yellow,FAQ,07/10/2023,4000,4500,4300,13
Maharashtra,Amarawati,Chandur Railway,Soyabean,Yellow,FAQ,18/10/2023,4150,4540,4450,13
Maharashtra,Amarawati,Chandur Railway,Soyabean,Yellow,FAQ,21/10/2023,4200,4800,4600,13
Maharashtra,Amarawati,Chandur Railway,Soyabean,Yellow,FAQ,02/12/2023,4700,4900,4800,13
Maharashtra,Amarawati,Chandur Railway,Soyabean,Yellow,FAQ,08/12/2023,4600,4855,4800,13
Maharashtra,Amarawati,Chandur Railway,Soyabean,Yellow,FAQ,15/12/2023,4700,4800,4750,13
Maharashtra,Amarawati,Daryapur,Soyabean,Yellow,FAQ,03/02/2023,4605,5200,5050,13
Maharashtra,Amarawati,Daryapur,Soyabean,Yellow,FAQ,15/02/2023,4800,5345,5105,13
Maharashtra,Amarawati,Daryapur,Soyabean,Yellow,FAQ,17/02/2023,4800,5325,5150,13
Maharashtra,Amarawati,Daryapur,Soyabean,Yellow,FAQ,22/02/2023,4700,5280,5110,13
Maharashtra,Amarawati,Daryapur,Soyabean,Yellow,FAQ,08/03/2023,4000,5195,5050,13
Maharashtra,Amarawati,Daryapur,Soyabean,Yellow,FAQ,20/03/2023,4750,5150,4900,13
Maharashtra,Amarawati,Daryapur,Soyabean,Yellow,FAQ,05/04/2023,4500,5360,5100,13
Maharashtra,Amarawati,Daryapur,Soyabean,Yellow,FAQ,11/04/2023,4800,5335,5125,13
Maharashtra,Amarawati,Daryapur,Soyabean,Yellow,FAQ,12/04/2023,4505,5250,5100,13
Maharashtra,Amarawati,Daryapur,Soyabean,Yellow,FAQ,10/05/2023,4505,5010,4800,13
Maharashtra,Amarawati,Daryapur,Soyabean,Yellow,FAQ,13/05/2023,3800,4975,4800,13
Maharashtra,Amarawati,Daryapur,Soyabean,Yellow,FAQ,15/05/2023,4605,5000,4850,13
Maharashtra,Amarawati,Daryapur,Soyabean,Yellow,FAQ,19/05/2023,4100,4915,4750,13
Maharashtra,Amarawati,Daryapur,Soyabean,Yellow,FAQ,03/06/2023,4205,4905,4720,13
Maharashtra,Amarawati,Daryapur,Soyabean,Yellow,FAQ,07/06/2023,3800,4870,4700,13
Maharashtra,Amarawati,Daryapur,Soyabean,Yellow,FAQ,09/06/2023,4005,4940,4740,13
Maharashtra,Amarawati,Daryapur,Soyabean,Yellow,FAQ,14/06/2023,4560,4950,4700,13
Maharashtra,Amarawati,Daryapur,Soyabean,Yellow,FAQ,12/07/2023,4655,4915,4725,13
Maharashtra,Amarawati,Daryapur,Soyabean,Yellow,FAQ,15/07/2023,4395,4835,4600,13
Maharashtra,Amarawati,Daryapur,Soyabean,Yellow,FAQ,19/07/2023,4000,4755,4500,13
Maharashtra,Amarawati,Daryapur,Soyabean,Yellow,FAQ,28/07/2023,4405,5000,4750,13
Maharashtra,Amarawati,Daryapur,Soyabean,Yellow,FAQ,09/08/2023,4200,4845,4625,13
Maharashtra,Amarawati,Daryapur,Soyabean,Yellow,FAQ,18/08/2023,4220,4990,4705,13
Maharashtra,Amarawati,Daryapur,Soyabean,Yellow,FAQ,25/09/2023,4300,4790,4500,13
Maharashtra,Amarawati,Daryapur,Soyabean,Yellow,FAQ,03/10/2023,3950,4550,4200,13
Maharashtra,Amarawati,Daryapur,Soyabean,Yellow,FAQ,11/10/2023,3605,4400,4150,13
Maharashtra,Amarawati,Daryapur,Soyabean,Yellow,FAQ,16/10/2023,3910,4630,4450,13
Maharashtra,Amarawati,Daryapur,Soyabean,Yellow,FAQ,05/12/2023,4295,4950,4800,13
Maharashtra,Amarawati,Daryapur,Soyabean,Yellow,FAQ,18/12/2023,4300,4750,4650,13
Maharashtra,Amarawati,Daryapur,Soyabean,Yellow,FAQ,19/12/2023,4105,4755,4600,13
Maharashtra,Amarawati,Daryapur,Soyabean,Yellow,FAQ,22/12/2023,4205,4655,4525,13
Maharashtra,Amarawati,Dhamngaon-Railway,Soyabean,Yellow,FAQ,07/01/2023,4500,5430,5100,13
Maharashtra,Amarawati,Dhamngaon-Railway,Soyabean,Yellow,FAQ,21/01/2023,4500,5295,4850,13
Maharashtra,Amarawati,Dhamngaon-Railway,Soyabean,Yellow,FAQ,27/01/2023,4800,5175,4950,13
Maharashtra,Amarawati,Dhamngaon-Railway,Soyabean,Yellow,FAQ,01/02/2023,4760,5175,4950,13
Maharashtra,Amarawati,Dhamngaon-Railway,Soyabean,Yellow,FAQ,02/02/2023,4760,5175,4950,13
Maharashtra,Amarawati,Dhamngaon-Railway,Soyabean,Yellow,FAQ,03/02/2023,4800,5155,4950,13
Maharashtra,Amarawati,Dhamngaon-Railway,Soyabean,Yellow,FAQ,07/02/2023,4900,5165,5000,13
Maharashtra,Amarawati,Dhamngaon-Railway,Soyabean,Yellow,FAQ,27/03/2023,4700,5060,4850,13
Maharashtra,Amarawati,Dhamngaon-Railway,Soyabean,Yellow,FAQ,24/04/2023,4500,5005,4750,13
Maharashtra,Amarawati,Dhamngaon-Railway,Soyabean,Yellow,FAQ,15/05/2023,4500,4950,4850,13
Maharashtra,Amarawati,Dhamngaon-Railway,Soyabean,Yellow,FAQ,01/06/2023,4500,4930,4750,13
Maharashtra,Amarawati,Dhamngaon-Railway,Soyabean,Yellow,FAQ,02/06/2023,4500,4930,4800,13
Maharashtra,Amarawati,Dhamngaon-Railway,Soyabean,Yellow,FAQ,15/06/2023,4680,5050,4850,13
Maharashtra,Amarawati,Dhamngaon-Railway,Soyabean,Yellow,FAQ,24/06/2023,4305,4895,4600,13
Maharashtra,Amarawati,Dhamngaon-Railway,Soyabean,Yellow,FAQ,28/06/2023,4605,4935,4800,13
Maharashtra,Amarawati,Dhamngaon-Railway,Soyabean,Yellow,FAQ,06/07/2023,4625,4985,4850,13
Maharashtra,Amarawati,Dhamngaon-Railway,Soyabean,Yellow,FAQ,14/07/2023,4305,4807,4700,13
Maharashtra,Amarawati,Dhamngaon-Railway,Soyabean,Yellow,FAQ,11/10/2023,3600,4380,4050,13
Maharashtra,Amarawati,Dhamngaon-Railway,Soyabean,Yellow,FAQ,18/10/2023,3800,4560,4150,13
Maharashtra,Amarawati,Dhamngaon-Railway,Soyabean,Yellow,FAQ,21/10/2023,3800,4745,4200,13
Maharashtra,Amarawati,Dhamngaon-Railway,Soyabean,Yellow,FAQ,23/10/2023,3800,4760,4200,13
Maharashtra,Amarawati,Dhamngaon-Railway,Soyabean,Yellow,FAQ,31/10/2023,4000,4790,4300,13
Maharashtra,Amarawati,Dhamngaon-Railway,Soyabean,Yellow,FAQ,03/11/2023,4200,5030,4500,13
Maharashtra,Amarawati,Dhamngaon-Railway,Soyabean,Yellow,FAQ,08/11/2023,4200,4940,4600,13
Maharashtra,Amarawati,Dhamngaon-Railway,Soyabean,Yellow,FAQ,23/11/2023,4700,5140,4925,13
Maharashtra,Amarawati,Dhamngaon-Railway,Soyabean,Yellow,FAQ,22/12/2023,4400,4695,4600,13
Maharashtra,Amarawati,Dharni,Soyabean,Yellow,FAQ,02/08/2023,4400,4500,4450,13
Maharashtra,Amarawati,Dharni,Soyabean,Yellow,FAQ,24/10/2023,4400,4500,4450,13
Maharashtra,Amarawati,Dharni,Soyabean,Yellow,FAQ,17/11/2023,4500,4600,4550,13
Maharashtra,Amarawati,Morshi,Soyabean,Other,FAQ,13/01/2023,5100,5250,5175,13
Maharashtra,Amarawati,Morshi,Soyabean,Other,FAQ,24/02/2023,5000,5100,5050,13
Maharashtra,Amarawati,Morshi,Soyabean,Other,FAQ,20/03/2023,4800,5050,4925,13
Maharashtra,Amarawati,Morshi,Soyabean,Other,FAQ,11/05/2023,4500,5025,4760,13
Maharashtra,Amarawati,Morshi,Soyabean,Other,FAQ,29/05/2023,4600,4830,4715,13
Maharashtra,Amarawati,Morshi,Soyabean,Other,FAQ,26/06/2023,4700,4950,4825,13
Maharashtra,Amarawati,Morshi,Soyabean,Other,FAQ,10/08/2023,4500,4850,4675,13
Maharashtra,Amarawati,Morshi,Soyabean,Other,FAQ,28/08/2023,4700,5100,4900,13
Maharashtra,Amarawati,Morshi,Soyabean,Other,FAQ,11/09/2023,4600,4750,4675,13
Maharashtra,Amarawati,Morshi,Soyabean,Other,FAQ,09/11/2023,4500,4875,4687,13
Maharashtra,Amarawati,Morshi,Soyabean,Other,FAQ,16/11/2023,4800,5145,4972,13
Maharashtra,Amarawati,Morshi,Soyabean,Other,FAQ,30/11/2023,4800,5000,4900,13
Maharashtra,Amarawati,Morshi,Soyabean,Other,FAQ,07/12/2023,4600,4715,4657,13
Maharashtra,Amarawati,Morshi,Soyabean,Other,FAQ,14/12/2023,4300,4715,4507,13
Maharashtra,Amarawati,Morshi,Soyabean,Other,FAQ,18/12/2023,4600,4750,4675,13
Maharashtra,Amarawati,Nandgaon Khandeshwar,Soyabean,Yellow,FAQ,09/01/2023,5100,5330,5215,13
Maharashtra,Amarawati,Nandgaon Khandeshwar,Soyabean,Yellow,FAQ,20/01/2023,5075,5195,5135,13
Maharashtra,Amarawati,Nandgaon Khandeshwar,Soyabean,Yellow,FAQ,24/01/2023,4945,5135,5040,13
Maharashtra,Amarawati,Nandgaon Khandeshwar,Soyabean,Yellow,FAQ,25/01/2023,4875,5115,4995,13
Maharashtra,Amarawati,Nandgaon Khandeshwar,Soyabean,Yellow,FAQ,06/02/2023,4750,5075,4912,13
Maharashtra,Amarawati,Nandgaon Khandeshwar,Soyabean,Yellow,FAQ,10/02/2023,4935,5175,5055,13
Maharashtra,Amarawati,Nandgaon Khandeshwar,Soyabean,Yellow,FAQ,13/02/2023,5120,5270,5195,13
Maharashtra,Amarawati,Nandgaon Khandeshwar,Soyabean,Yellow,FAQ,14/02/2023,5075,5305,5190,13
Maharashtra,Amarawati,Nandgaon Khandeshwar,Soyabean,Yellow,FAQ,02/03/2023,4850,5100,4975,13
Maharashtra,Amarawati,Nandgaon Khandeshwar,Soyabean,Yellow,FAQ,02/06/2023,4645,4845,4745,13
Maharashtra,Amarawati,Nandgaon Khandeshwar,Soyabean,Yellow,FAQ,15/06/2023,4650,4860,4755,13
Maharashtra,Amarawati,Nandgaon Khandeshwar,Soyabean,Yellow,FAQ,23/09/2023,4450,4680,4565,13
Maharashtra,Amarawati,Nandgaon Khandeshwar,Soyabean,Yellow,FAQ,16/10/2023,4150,4500,4325,13
Maharashtra,Amarawati,Nandgaon Khandeshwar,Soyabean,Yellow,FAQ,20/10/2023,4050,4600,4325,13
Maharashtra,Amarawati,Nandgaon Khandeshwar,Soyabean,Yellow,FAQ,28/11/2023,4950,5025,4987,13
Maharashtra,Amarawati,Nandgaon Khandeshwar,Soyabean,Yellow,FAQ,05/12/2023,4550,4760,4655,13
Maharashtra,Amarawati,Nandgaon Khandeshwar,Soyabean,Yellow,FAQ,11/12/2023,4650,4830,4740,13
Maharashtra,Amarawati,Nandgaon Khandeshwar,Soyabean,Yellow,FAQ,16/12/2023,4550,4750,4650,13
Maharashtra,Amarawati,Nandgaon Khandeshwar,Soyabean,Yellow,FAQ,18/12/2023,4550,4690,4600,13
Maharashtra,Amarawati,Nandgaon Khandeshwar,Soyabean,Yellow,FAQ,30/12/2023,4450,4610,4530,13
Maharashtra,Amarawati,Shetkari Khushi Bazar,Soyabean,Other,FAQ,27/06/2023,3500,5000,4900,13
Maharashtra,Amarawati,Shetkari Khushi Bazar,Soyabean,Other,FAQ,04/07/2023,4800,5050,4940,13
Maharashtra,Amarawati,Shetkari Khushi Bazar,Soyabean,Other,FAQ,26/07/2023,3200,4950,4766,13
Maharashtra,Amarawati,Shetkari Khushi Bazar,Soyabean,Other,FAQ,27/07/2023,4800,5000,4857,13
Maharashtra,Amarawati,Shetkari Khushi Bazar,Soyabean,Other,FAQ,28/07/2023,4850,5000,4907,13
Maharashtra,Amarawati,Shetkari Khushi Bazar,Soyabean,Other,FAQ,03/08/2023,3000,4950,4886,13
Maharashtra,Amarawati,Shetkari Khushi Bazar,Soyabean,Other,FAQ,06/10/2023,3200,4600,4419,13
Maharashtra,Amarawati,Shetkari Khushi Bazar,Soyabean,Other,FAQ,10/10/2023,3000,4550,4182,13
Maharashtra,Amarawati,Varud(Rajura Bazar),Soyabean,Yellow,FAQ,02/02/2023,4599,5099,5027,13
Maharashtra,Amarawati,Varud(Rajura Bazar),Soyabean,Yellow,FAQ,16/02/2023,4000,5252,5154,13
Maharashtra,Amarawati,Varud(Rajura Bazar),Soyabean,Yellow,FAQ,13/04/2023,3799,5100,4897,13
Maharashtra,Amarawati,Varud(Rajura Bazar),Soyabean,Yellow,FAQ,18/05/2023,4899,4952,4929,13
Maharashtra,Amarawati,Varud(Rajura Bazar),Soyabean,Yellow,FAQ,17/08/2023,4800,4891,4849,13
Maharashtra,Amarawati,Varud(Rajura Bazar),Soyabean,Yellow,FAQ,12/10/2023,2500,4331,4202,13
Maharashtra,Amarawati,Varud(Rajura Bazar),Soyabean,Yellow,FAQ,23/11/2023,4000,5199,4498,13
Maharashtra,Amarawati,Varud(Rajura Bazar),Soyabean,Yellow,FAQ,14/12/2023,3900,4860,4630,13
Maharashtra,Amarawati,Achalpur,Soyabean,Other,FAQ,07/01/2023,5100,5200,5150,13
Maharashtra,Amarawati,Achalpur,Soyabean,Other,FAQ,09/01/2023,5200,5300,5250,13
Maharashtra,Amarawati,Achalpur,Soyabean,Other,FAQ,22/02/2023,5000,5250,5125,13
Maharashtra,Amarawati,Achalpur,Soyabean,Other,FAQ,23/02/2023,5050,5260,5155,13
Maharashtra,Amarawati,Achalpur,Soyabean,Other,FAQ,01/03/2023,4900,5100,5000,13
Maharashtra,Amarawati,Achalpur,Soyabean,Other,FAQ,23/03/2023,4800,5050,4925,13
Maharashtra,Amarawati,Achalpur,Soyabean,Other,FAQ,27/03/2023,4900,5000,4950,13
Maharashtra,Amarawati,Achalpur,Soyabean,Other,FAQ,03/05/2023,4900,5000,4950,13
Maharashtra,Amarawati,Achalpur,Soyabean,Other,FAQ,13/05/2023,4900,5000,4950,13
Maharashtra,Amarawati,Achalpur,Soyabean,Other,FAQ,05/06/2023,4800,4850,4825,13
Maharashtra,Amarawati,Achalpur,Soyabean,Other,FAQ,06/07/2023,4500,5000,4750,13
Maharashtra,Amarawati,Achalpur,Soyabean,Other,FAQ,31/08/2023,4700,4860,4780,13
Maharashtra,Amarawati,Achalpur,Soyabean,Other,FAQ,08/09/2023,4800,4850,4825,13
Maharashtra,Amarawati,Achalpur,Soyabean,Other,FAQ,12/10/2023,4250,4450,4350,13
Maharashtra,Amarawati,Achalpur,Soyabean,Other,FAQ,25/10/2023,4600,4800,4700,13
Maharashtra,Amarawati,Achalpur,Soyabean,Other,FAQ,16/11/2023,4800,5150,4975,13
Maharashtra,Amarawati,Achalpur,Soyabean,Other,FAQ,07/12/2023,4750,4800,4775,13
Maharashtra,Amarawati,Achalpur,Soyabean,Other,FAQ,15/12/2023,4500,4750,4625,13
Maharashtra,Amarawati,Amarawati,Soyabean,Other,FAQ,16/01/2023,5000,5310,5155,13
Maharashtra,Amarawati,Amarawati,Soyabean,Other,FAQ,30/01/2023,5000,5145,5072,13
Maharashtra,Amarawati,Amarawati,Soyabean,Other,FAQ,31/01/2023,4850,5200,5025,13
Maharashtra,Amarawati,Amarawati,Soyabean,Other,FAQ,02/02/2023,4850,5100,4975,13
Maharashtra,Amarawati,Amarawati,Soyabean,Other,FAQ,14/02/2023,5050,5226,5138,13
Maharashtra,Amarawati,Amarawati,Soyabean,Other,FAQ,22/02/2023,5050,5251,5150,13
Maharashtra,Amarawati,Amarawati,Soyabean,Other,FAQ,28/02/2023,4900,5105,5002,13
Maharashtra,Amarawati,Amarawati,Soyabean,Other,FAQ,16/03/2023,4750,4950,4850,13
Maharashtra,Amarawati,Amarawati,Soyabean,Other,FAQ,20/03/2023,4800,5100,4950,13
Maharashtra,Amarawati,Amarawati,Soyabean,Other,FAQ,03/04/2023,5000,5182,5091,13
Maharashtra,Amarawati,Amarawati,Soyabean,Other,FAQ,10/04/2023,4950,5159,5054,13
Maharashtra,Amarawati,Amarawati,Soyabean,Other,FAQ,18/04/2023,4800,5051,4925,13
Maharashtra,Amarawati,Amarawati,Soyabean,Other,FAQ,26/04/2023,4700,4851,4775,13
Maharashtra,Amarawati,Amarawati,Soyabean,Other,FAQ,04/05/2023,4800,5055,4927,13
Maharashtra,Amarawati,Amarawati,Soyabean,Other,FAQ,25/05/2023,4700,4820,4760,13
Maharashtra,Amarawati,Amarawati,Soyabean,Other,FAQ,26/05/2023,4700,4833,4766,13
Maharashtra,Amarawati,Amarawati,Soyabean,Other,FAQ,31/05/2023,4700,4825,4762,13
Maharashtra,Amarawati,Amarawati,Soyabean,Other,FAQ,02/06/2023,4750,4840,4795,13
Maharashtra,Amarawati,Amarawati,Soyabean,Other,FAQ,08/06/2023,4700,4891,4795,13
Maharashtra,Amarawati,Amarawati,Soyabean,Other,FAQ,14/06/2023,4700,4881,4790,13
Maharashtra,Amarawati,Amarawati,Soyabean,Other,FAQ,21/06/2023,4750,4925,4837,13
Maharashtra,Amarawati,Amarawati,Soyabean,Other,FAQ,26/06/2023,4750,4905,4827,13
Maharashtra,Amarawati,Amarawati,Soyabean,Other,FAQ,04/07/2023,4850,5030,4940,13
Maharashtra,Amarawati,Amarawati,Soyabean,Other,FAQ,05/07/2023,4750,4981,4865,13
Maharashtra,Amarawati,Amarawati,Soyabean,Other,FAQ,07/07/2023,4750,4985,4867,13
Maharashtra,Amarawati,Amarawati,Soyabean,Other,FAQ,13/07/2023,4700,4830,4765,13
Maharashtra,Amarawati,Amarawati,Soyabean,Other,FAQ,21/07/2023,4650,4765,4705,13
Maharashtra,Amarawati,Chandur Railway,Soyabean,Yellow,FAQ,26/12/2022,5000,5270,5150,13
Maharashtra,Amarawati,Chandur Railway,Soyabean,Yellow,FAQ,27/12/2022,5000,5300,5200,13
Maharashtra,Amarawati,Daryapur,Soyabean,Yellow,FAQ,01/01/2022,4305,7765,6000,13
Maharashtra,Amarawati,Daryapur,Soyabean,Yellow,FAQ,22/01/2022,4400,7900,6100,13
Maharashtra,Amarawati,Daryapur,Soyabean,Yellow,FAQ,14/02/2022,4400,7850,6445,13
Maharashtra,Amarawati,Daryapur,Soyabean,Yellow,FAQ,22/02/2022,5700,8000,6600,13
Maharashtra,Amarawati,Daryapur,Soyabean,Yellow,FAQ,09/03/2022,5100,7300,6800,13
Maharashtra,Amarawati,Daryapur,Soyabean,Yellow,FAQ,23/03/2022,4005,7680,7000,13
Maharashtra,Amarawati,Daryapur,Soyabean,Yellow,FAQ,25/03/2022,5500,7430,6800,13
Maharashtra,Amarawati,Daryapur,Soyabean,Yellow,FAQ,26/03/2022,4000,7555,6850,13
Maharashtra,Amarawati,Daryapur,Soyabean,Yellow,FAQ,01/04/2022,6000,7200,6500,13
Maharashtra,Amarawati,Daryapur,Soyabean,Yellow,FAQ,04/04/2022,5500,7280,6500,13
Maharashtra,Amarawati,Daryapur,Soyabean,Yellow,FAQ,18/04/2022,5500,7440,6470,13
Maharashtra,Amarawati,Daryapur,Soyabean,Yellow,FAQ,04/05/2022,4500,7405,6775,13
Maharashtra,Amarawati,Daryapur,Soyabean,Yellow,FAQ,06/05/2022,3875,8355,7355,13
Maharashtra,Amarawati,Daryapur,Soyabean,Yellow,FAQ,10/05/2022,4100,8035,7350,13
Maharashtra,Amarawati,Daryapur,Soyabean,Yellow,FAQ,13/05/2022,4605,7500,6500,13
Maharashtra,Amarawati,Daryapur,Soyabean,Yellow,FAQ,24/05/2022,5400,8500,6800,13
Maharashtra,Amarawati,Daryapur,Soyabean,Yellow,FAQ,04/06/2022,5100,7200,6400,13
Maharashtra,Amarawati,Daryapur,Soyabean,Yellow,FAQ,15/06/2022,5005,6600,6250,13
Maharashtra,Amarawati,Daryapur,Soyabean,Yellow,FAQ,18/06/2022,5000,6575,6200,13
Maharashtra,Amarawati,Daryapur,Soyabean,Yellow,FAQ,02/07/2022,4805,6650,6175,13
Maharashtra,Amarawati,Daryapur,Soyabean,Yellow,FAQ,04/07/2022,4505,6330,6100,13
Maharashtra,Amarawati,Daryapur,Soyabean,Yellow,FAQ,11/07/2022,5400,6235,6025,13
Maharashtra,Amarawati,Daryapur,Soyabean,Yellow,FAQ,26/07/2022,5300,6040,5750,13
Maharashtra,Amarawati,Daryapur,Soyabean,Yellow,FAQ,30/07/2022,5700,6340,6000,13
Maharashtra,Amarawati,Daryapur,Soyabean,Yellow,FAQ,12/08/2022,5100,6240,5950,13
Maharashtra,Amarawati,Daryapur,Soyabean,Yellow,FAQ,17/08/2022,5330,6200,5900,13
Maharashtra,Amarawati,Daryapur,Soyabean,Yellow,FAQ,19/08/2022,3500,6060,5700,13
Maharashtra,Amarawati,Daryapur,Soyabean,Yellow,FAQ,30/08/2022,4400,5470,5150,13
Maharashtra,Amarawati,Daryapur,Soyabean,Yellow,FAQ,07/09/2022,4030,5200,4900,13
Maharashtra,Amarawati,Daryapur,Soyabean,Yellow,FAQ,04/10/2022,4100,4900,4650,13
Maharashtra,Amarawati,Daryapur,Soyabean,Yellow,FAQ,01/11/2022,3900,6005,4700,13
Maharashtra,Amarawati,Daryapur,Soyabean,Yellow,FAQ,02/11/2022,3535,5705,4850,13
Maharashtra,Amarawati,Daryapur,Soyabean,Yellow,FAQ,16/11/2022,4855,6700,5250,13
Maharashtra,Amarawati,Daryapur,Soyabean,Yellow,FAQ,19/11/2022,4700,6600,5300,13
Maharashtra,Amarawati,Daryapur,Soyabean,Yellow,FAQ,21/11/2022,3500,6100,5350,13
Maharashtra,Amarawati,Daryapur,Soyabean,Yellow,FAQ,28/11/2022,4205,5640,5000,13
Maharashtra,Amarawati,Dhamngaon-Railway,Soyabean,Yellow,FAQ,10/01/2022,5805,6290,6000,13
Maharashtra,Amarawati,Dhamngaon-Railway,Soyabean,Yellow,FAQ,14/01/2022,5700,6350,6000,13
Maharashtra,Amarawati,Dhamngaon-Railway,Soyabean,Yellow,FAQ,19/01/2022,5700,6695,6050,13
Maharashtra,Amarawati,Dhamngaon-Railway,Soyabean,Yellow,FAQ,20/01/2022,5700,6830,6100,13
Maharashtra,Amarawati,Dhamngaon-Railway,Soyabean,Yellow,FAQ,24/01/2022,5400,6885,6000,13
Maharashtra,Amarawati,Dhamngaon-Railway,Soyabean,Yellow,FAQ,27/01/2022,4505,6585,5500,13
Maharashtra,Amarawati,Dhamngaon-Railway,Soyabean,Yellow,FAQ,28/01/2022,5300,6295,5850,13
Maharashtra,Amarawati,Dhamngaon-Railway,Soyabean,Yellow,FAQ,28/06/2022,6175,6400,6230,13
Maharashtra,Amarawati,Dhamngaon-Railway,Soyabean,Yellow,FAQ,01/11/2022,4000,5125,4550,13
Maharashtra,Amarawati,Dhamngaon-Railway,Soyabean,Yellow,FAQ,02/11/2022,4650,5225,4950,13
Maharashtra,Amarawati,Dhamngaon-Railway,Soyabean,Yellow,FAQ,04/11/2022,4000,5655,4850,13
Maharashtra,Amarawati,Dhamngaon-Railway,Soyabean,Yellow,FAQ,23/11/2022,4800,5615,5150,13
Maharashtra,Amarawati,Dhamngaon-Railway,Soyabean,Yellow,FAQ,25/11/2022,4000,5585,4850,13
Maharashtra,Amarawati,Dhamngaon-Railway,Soyabean,Yellow,FAQ,05/12/2022,4420,5520,5200,13
Maharashtra,Amarawati,Dhamngaon-Railway,Soyabean,Yellow,FAQ,08/12/2022,4420,5485,5000,13
Maharashtra,Amarawati,Dhamngaon-Railway,Soyabean,Yellow,FAQ,21/12/2022,4575,5480,5150,13
Maharashtra,Amarawati,Dhamngaon-Railway,Soyabean,Yellow,FAQ,24/12/2022,4600,5355,5000,13
Maharashtra,Amarawati,Dhamngaon-Railway,Soyabean,Yellow,FAQ,27/12/2022,4800,5390,5100,13
Maharashtra,Amarawati,Morshi,Soyabean,Other,FAQ,20/01/2022,5500,5900,5700,13
Maharashtra,Amarawati,Morshi,Soyabean,Other,FAQ,31/01/2022,5400,5600,5500,13
Maharashtra,Amarawati,Morshi,Soyabean,Other,FAQ,14/02/2022,5800,6342,6050,13
Maharashtra,Amarawati,Morshi,Soyabean,Other,FAQ,03/03/2022,5823,7278,6547,13
Maharashtra,Amarawati,Morshi,Soyabean,Other,FAQ,14/03/2022,7000,7200,7135,13
Maharashtra,Amarawati,Morshi,Soyabean,Other,FAQ,09/05/2022,6000,6500,6250,13
Maharashtra,Amarawati,Morshi,Soyabean,Other,FAQ,09/06/2022,6000,6345,6172,13
Maharashtra,Amarawati,Morshi,Soyabean,Other,FAQ,13/06/2022,5900,6070,5985,13
Maharashtra,Amarawati,Morshi,Soyabean,Other,FAQ,07/07/2022,5700,6000,5850,13
Maharashtra,Amarawati,Morshi,Soyabean,Other,FAQ,14/07/2022,5700,6045,5872,13
Maharashtra,Amarawati,Morshi,Soyabean,Other,FAQ,08/08/2022,5800,6050,5925,13
Maharashtra,Amarawati,Morshi,Soyabean,Other,FAQ,19/09/2022,4200,4800,4500,13
Maharashtra,Amarawati,Morshi,Soyabean,Other,FAQ,06/10/2022,4400,4680,4540,13
Maharashtra,Amarawati,Morshi,Soyabean,Other,FAQ,20/10/2022,4200,4700,4450,13
Maharashtra,Amarawati,Morshi,Soyabean,Other,FAQ,31/10/2022,4580,4900,4740,13
Maharashtra,Amarawati,Morshi,Soyabean,Other,FAQ,01/11/2022,4000,4950,4475,13
Maharashtra,Amarawati,Morshi,Soyabean,Other,FAQ,03/11/2022,4600,5275,4937,13
Maharashtra,Amarawati,Morshi,Soyabean,Other,FAQ,04/11/2022,4500,5400,4950,13
Maharashtra,Amarawati,Morshi,Soyabean,Other,FAQ,10/11/2022,5000,5500,5250,13
Maharashtra,Amarawati,Morshi,Soyabean,Other,FAQ,02/12/2022,5200,5500,5350,13
Maharashtra,Amarawati,Morshi,Soyabean,Other,FAQ,16/12/2022,5000,5250,5125,13
Maharashtra,Amarawati,Morshi,Soyabean,Other,FAQ,26/12/2022,5100,5350,5225,13
Maharashtra,Amarawati,Morshi,Soyabean,Other,FAQ,29/12/2022,5000,5350,5175,13
Maharashtra,Amarawati,Nandgaon Khandeshwar,Soyabean,Yellow,FAQ,08/01/2022,5775,6280,6027,13
Maharashtra,Amarawati,Nandgaon Khandeshwar,Soyabean,Yellow,FAQ,13/01/2022,5850,6250,6050,13
Maharashtra,Amarawati,Nandgaon Khandeshwar,Soyabean,Yellow,FAQ,18/01/2022,5500,6100,5800,13
Maharashtra,Amarawati,Nandgaon Khandeshwar,Soyabean,Yellow,FAQ,01/02/2022,5450,5720,5585,13
Maharashtra,Amarawati,Nandgaon Khandeshwar,Soyabean,Yellow,FAQ,11/02/2022,6175,6465,6320,13
Maharashtra,Amarawati,Nandgaon Khandeshwar,Soyabean,Yellow,FAQ,12/02/2022,6150,6600,6375,13
Maharashtra,Amarawati,Nandgaon Khandeshwar,Soyabean,Yellow,FAQ,21/02/2022,6000,6825,6415,13
Maharashtra,Amarawati,Nandgaon Khandeshwar,Soyabean,Yellow,FAQ,22/07/2022,5500,5850,5675,13
Maharashtra,Amarawati,Nandgaon Khandeshwar,Soyabean,Yellow,FAQ,28/07/2022,5770,6050,5910,13
Maharashtra,Amarawati,Nandgaon Khandeshwar,Soyabean,Yellow,FAQ,30/07/2022,5870,6150,6010,13
Maharashtra,Amarawati,Nandgaon Khandeshwar,Soyabean,Yellow,FAQ,03/08/2022,5850,6100,5975,13
Maharashtra,Amarawati,Nandgaon Khandeshwar,Soyabean,Yellow,FAQ,13/08/2022,5850,6100,5975,13
Maharashtra,Amarawati,Nandgaon Khandeshwar,Soyabean,Yellow,FAQ,24/08/2022,5370,5700,5535,13
Maharashtra,Amarawati,Nandgaon Khandeshwar,Soyabean,Yellow,FAQ,09/09/2022,4670,4960,4815,13
Maharashtra,Amarawati,Nandgaon Khandeshwar,Soyabean,Yellow,FAQ,16/09/2022,4950,5170,5060,13
Maharashtra,Amarawati,Nandgaon Khandeshwar,Soyabean,Yellow,FAQ,17/09/2022,4965,5205,5085,13
Maharashtra,Amarawati,Nandgaon Khandeshwar,Soyabean,Yellow,FAQ,19/09/2022,4975,5155,5065,13
Maharashtra,Amarawati,Nandgaon Khandeshwar,Soyabean,Yellow,FAQ,27/09/2022,4550,4800,4675,13
Maharashtra,Amarawati,Nandgaon Khandeshwar,Soyabean,Yellow,FAQ,15/10/2022,4450,4849,4645,13
Maharashtra,Amarawati,Nandgaon Khandeshwar,Soyabean,Yellow,FAQ,31/10/2022,4750,5200,4975,13
Maharashtra,Amarawati,Nandgaon Khandeshwar,Soyabean,Yellow,FAQ,08/12/2022,5070,5350,5210,13
Maharashtra,Amarawati,Nandgaon Khandeshwar,Soyabean,Yellow,FAQ,09/12/2022,5150,5400,5275,13
Maharashtra,Amarawati,Nandgaon Khandeshwar,Soyabean,Yellow,FAQ,12/12/2022,5220,5490,5355,13
Maharashtra,Amarawati,Nandgaon Khandeshwar,Soyabean,Yellow,FAQ,17/12/2022,5140,5300,5220,13
Maharashtra,Amarawati,Nandgaon Khandeshwar,Soyabean,Yellow,FAQ,29/12/2022,5125,5355,5240,13
Maharashtra,Amarawati,Nandgaon Khandeshwar,Soyabean,Yellow,FAQ,31/12/2022,5140,5360,5250,13
Maharashtra,Amarawati,Varud(Rajura Bazar),Soyabean,Yellow,FAQ,06/01/2022,3700,6050,5130,13
Maharashtra,Amarawati,Varud(Rajura Bazar),Soyabean,Yellow,FAQ,31/03/2022,6900,7099,7031,13
Maharashtra,Amarawati,Varud(Rajura Bazar),Soyabean,Yellow,FAQ,30/06/2022,6051,6171,6072,13
Maharashtra,Amarawati,Varud(Rajura Bazar),Soyabean,Yellow,FAQ,14/07/2022,4900,5899,5826,13
Maharashtra,Amarawati,Varud(Rajura Bazar),Soyabean,Yellow,FAQ,28/07/2022,5911,6111,5999,13
Maharashtra,Amarawati,Achalpur,Soyabean,Other,FAQ,01/01/2022,5800,6100,5950,13
Maharashtra,Amarawati,Achalpur,Soyabean,Other,FAQ,06/01/2022,5700,6130,5915,13
Maharashtra,Amarawati,Achalpur,Soyabean,Other,FAQ,10/01/2022,5800,6100,5950,13
Maharashtra,Amarawati,Achalpur,Soyabean,Other,FAQ,18/01/2022,5700,5900,5800,13
Maharashtra,Amarawati,Achalpur,Soyabean,Other,FAQ,19/01/2022,5500,5900,5700,13
Maharashtra,Amarawati,Achalpur,Soyabean,Other,FAQ,11/02/2022,5750,6150,5950,13
Maharashtra,Amarawati,Achalpur,Soyabean,Other,FAQ,12/02/2022,5900,6100,6000,13
Maharashtra,Amarawati,Achalpur,Soyabean,Other,FAQ,21/06/2022,5800,6200,6000,13
Maharashtra,Amarawati,Achalpur,Soyabean,Other,FAQ,25/06/2022,5800,6250,6025,13
Maharashtra,Amarawati,Achalpur,Soyabean,Other,FAQ,05/07/2022,5800,6000,5900,13
Maharashtra,Amarawati,Achalpur,Soyabean,Other,FAQ,20/07/2022,5800,6050,5925,13
Maharashtra,Amarawati,Achalpur,Soyabean,Other,FAQ,22/07/2022,5800,6000,5900,13
Maharashtra,Amarawati,Achalpur,Soyabean,Other,FAQ,05/08/2022,5750,6172,5961,13
Maharashtra,Amarawati,Achalpur,Soyabean,Other,FAQ,09/08/2022,5900,6100,6000,13
Maharashtra,Amarawati,Achalpur,Soyabean,Other,FAQ,10/08/2022,6000,6100,6050,13
Maharashtra,Amarawati,Achalpur,Soyabean,Other,FAQ,07/09/2022,4900,5000,4950,13
Maharashtra,Amarawati,Achalpur,Soyabean,Other,FAQ,12/09/2022,4500,5100,4800,13
Maharashtra,Amarawati,Achalpur,Soyabean,Other,FAQ,15/09/2022,4850,5050,4950,13
Maharashtra,Amarawati,Achalpur,Soyabean,Other,FAQ,21/09/2022,4800,5100,4950,13
Maharashtra,Amarawati,Achalpur,Soyabean,Other,FAQ,15/12/2022,5100,5400,5250,13
Maharashtra,Amarawati,Achalpur,Soyabean,Other,FAQ,27/12/2022,5000,5200,5100,13
Maharashtra,Amarawati,Achalpur,Soyabean,Other,FAQ,28/12/2022,5000,5200,5100,13
Maharashtra,Amarawati,Amarawati,Soyabean,Other,FAQ,05/01/2022,5800,6250,6025,13
Maharashtra,Amarawati,Amarawati,Soyabean,Other,FAQ,07/01/2022,5700,6175,5938,13
Maharashtra,Amarawati,Amarawati,Soyabean,Other,FAQ,17/01/2022,5750,6150,5950,13
Maharashtra,Amarawati,Amarawati,Soyabean,Other,FAQ,18/01/2022,5750,6125,5938,13
Maharashtra,Amarawati,Amarawati,Soyabean,Other,FAQ,19/01/2022,5750,6065,5907,13
Maharashtra,Amarawati,Amarawati,Soyabean,Other,FAQ,20/01/2022,5500,6050,5775,13
Maharashtra,Amarawati,Amarawati,Soyabean,Other,FAQ,28/01/2022,5700,6200,5950,13
Maharashtra,Amarawati,Amarawati,Soyabean,Other,FAQ,25/02/2022,6500,6975,6737,13
Maharashtra,Amarawati,Amarawati,Soyabean,Other,FAQ,12/03/2022,6700,7125,6912,13
Maharashtra,Amarawati,Amarawati,Soyabean,Other,FAQ,17/03/2022,5800,6425,6113,13
Maharashtra,Amarawati,Amarawati,Soyabean,Other,FAQ,26/03/2022,6800,7251,7025,13
Maharashtra,Amarawati,Amarawati,Soyabean,Other,FAQ,06/04/2022,6700,7250,6975,13
Maharashtra,Amarawati,Amarawati,Soyabean,Other,FAQ,11/04/2022,6850,7355,7103,13
Maharashtra,Amarawati,Amarawati,Soyabean,Other,FAQ,18/04/2022,6850,7335,7093,13
Maharashtra,Amarawati,Amarawati,Soyabean,Other,FAQ,21/04/2022,6800,7280,7040,13
Maharashtra,Amarawati,Amarawati,Soyabean,Other,FAQ,22/04/2022,6700,7230,6965,13
Maharashtra,Amarawati,Amarawati,Soyabean,Other,FAQ,27/04/2022,6750,7100,6925,13
Maharashtra,Amarawati,Amarawati,Soyabean,Other,FAQ,29/04/2022,6750,7053,6901,13
Maharashtra,Amarawati,Amarawati,Soyabean,Other,FAQ,10/05/2022,6400,6800,6600,13
Maharashtra,Amarawati,Amarawati,Soyabean,Other,FAQ,25/05/2022,6250,6500,6375,13
Maharashtra,Amarawati,Amarawati,Soyabean,Other,FAQ,31/05/2022,5950,6394,6172,13
Maharashtra,Amarawati,Amarawati,Soyabean,Other,FAQ,07/06/2022,5800,6313,6056,13
Maharashtra,Amarawati,Amarawati,Soyabean,Other,FAQ,08/06/2022,6000,6411,6205,13
Maharashtra,Amarawati,Amarawati,Soyabean,Other,FAQ,14/06/2022,5800,6339,6084,13
Maharashtra,Amarawati,Amarawati,Soyabean,Other,FAQ,29/06/2022,5800,6276,6038,13
Maharashtra,Amarawati,Amarawati,Soyabean,Other,FAQ,30/06/2022,6000,6350,6175,13
Maharashtra,Amarawati,Amarawati,Soyabean,Other,FAQ,08/07/2022,5750,6125,5937,13
Maharashtra,Amarawati,Amarawati,Soyabean,Other,FAQ,09/07/2022,5750,6100,5925,13
Maharashtra,Amarawati,Amarawati,Soyabean,Other,FAQ,28/07/2022,5800,6150,5975,13
Maharashtra,Amarawati,Amarawati,Soyabean,Other,FAQ,29/07/2022,5750,6140,5945,13
Maharashtra,Amarawati,Amarawati,Soyabean,Other,FAQ,03/08/2022,5750,6172,5961,13
Maharashtra,Amarawati,Amarawati,Soyabean,Other,FAQ,12/08/2022,5750,6200,5975,13
Maharashtra,Amarawati,Amarawati,Soyabean,Other,FAQ,25/08/2022,5350,5635,5492,13
Maharashtra,Amarawati,Amarawati,Soyabean,Other,FAQ,05/09/2022,4750,5051,4900,13
Maharashtra,Amarawati,Amarawati,Soyabean,Other,FAQ,09/09/2022,4750,5131,4940,13
Maharashtra,Amarawati,Amarawati,Soyabean,Other,FAQ,29/09/2022,4600,4900,4750,13
Maharashtra,Amarawati,Amarawati,Soyabean,Other,FAQ,31/10/2022,4250,4765,4507,13
Maharashtra,Amarawati,Amarawati,Soyabean,Other,FAQ,11/11/2022,5100,5475,5287,13
Maharashtra,Amarawati,Amarawati,Soyabean,Other,FAQ,17/11/2022,5150,5355,5252,13
Maharashtra,Amarawati,Amarawati,Soyabean,Other,FAQ,19/11/2022,5150,5442,5296,13
Maharashtra,Amarawati,Amarawati,Soyabean,Other,FAQ,22/11/2022,5200,5560,5380,13
Maharashtra,Amarawati,Amarawati,Soyabean,Other,FAQ,03/12/2022,5000,5290,5145,13
Maharashtra,Amarawati,Amarawati,Soyabean,Other,FAQ,22/12/2022,5000,5380,5190,13
Maharashtra,Amarawati,Amarawati,Soyabean,Other,FAQ,30/12/2022,4900,5270,5085,13
Maharashtra,Amarawati,Anajngaon,Soyabean,Yellow,FAQ,12/01/2022,5000,6300,5700,13
Maharashtra,Amarawati,Anajngaon,Soyabean,Yellow,FAQ,04/02/2022,5000,5900,5500,13
Maharashtra,Amarawati,Anajngaon,Soyabean,Yellow,FAQ,16/02/2022,5500,6800,6200,13
Maharashtra,Amarawati,Anajngaon,Soyabean,Yellow,FAQ,23/02/2022,5500,6655,6200,13
Maharashtra,Amarawati,Anajngaon,Soyabean,Yellow,FAQ,04/03/2022,6000,7000,6500,13
Maharashtra,Amarawati,Anajngaon,Soyabean,Yellow,FAQ,23/03/2022,6000,7000,6700,13
Maharashtra,Amarawati,Anajngaon,Soyabean,Yellow,FAQ,03/04/2022,6000,6825,6500,13
Maharashtra,Amarawati,Anajngaon,Soyabean,Yellow,FAQ,13/04/2022,6100,7100,6800,13
Maharashtra,Amarawati,Anajngaon,Soyabean,Yellow,FAQ,15/05/2022,5500,6100,5850,13
Maharashtra,Amarawati,Anajngaon,Soyabean,Yellow,FAQ,03/06/2022,5500,6100,5850,13
Maharashtra,Amarawati,Anajngaon,Soyabean,Yellow,FAQ,24/07/2022,5000,5800,5400,13
Maharashtra,Amarawati,Anajngaon,Soyabean,Yellow,FAQ,03/08/2022,5000,6000,5500,13
Maharashtra,Amarawati,Anajngaon,Soyabean,Yellow,FAQ,02/11/2022,4000,5656,4700,13
Maharashtra,Amarawati,Anajngaon,Soyabean,Yellow,FAQ,04/11/2022,4400,5801,5000,13
Maharashtra,Amarawati,Anajngaon,Soyabean,Yellow,FAQ,18/12/2022,4800,5346,5250,13
Maharashtra,Amarawati,Chandur Bazar,Soyabean,Yellow,FAQ,03/01/2022,5201,6400,6101,13
Maharashtra,Amarawati,Chandur Bazar,Soyabean,Yellow,FAQ,11/02/2022,6450,6750,6550,13
Maharashtra,Amarawati,Chandur Bazar,Soyabean,Yellow,FAQ,16/02/2022,5920,6370,6071,13
Maharashtra,Amarawati,Chandur Bazar,Soyabean,Yellow,FAQ,17/02/2022,5250,6900,6750,13
Maharashtra,Amarawati,Chandur Bazar,Soyabean,Yellow,FAQ,21/02/2022,6000,6500,6440,13
Maharashtra,Amarawati,Chandur Bazar,Soyabean,Yellow,FAQ,28/03/2022,6000,6800,6470,13
Maharashtra,Amarawati,Chandur Bazar,Soyabean,Yellow,FAQ,25/04/2022,6000,7000,6725,13
Maharashtra,Amarawati,Chandur Bazar,Soyabean,Yellow,FAQ,27/04/2022,6800,7175,7080,13
Maharashtra,Amarawati,Chandur Bazar,Soyabean,Yellow,FAQ,28/04/2022,6400,6650,6541,13
Maharashtra,Amarawati,Chandur Bazar,Soyabean,Yellow,FAQ,04/05/2022,6000,6600,6340,13
Maharashtra,Amarawati,Chandur Bazar,Soyabean,Yellow,FAQ,05/05/2022,6000,6751,6455,13
Maharashtra,Amarawati,Chandur Bazar,Soyabean,Yellow,FAQ,10/05/2022,5800,6780,6450,13
Maharashtra,Amarawati,Chandur Bazar,Soyabean,Yellow,FAQ,12/05/2022,6100,6800,6540,13
Maharashtra,Amarawati,Chandur Bazar,Soyabean,Yellow,FAQ,27/05/2022,4500,6200,5565,13
Maharashtra,Amarawati,Chandur Bazar,Soyabean,Yellow,FAQ,31/05/2022,5000,7000,6140,13
Maharashtra,Amarawati,Chandur Bazar,Soyabean,Yellow,FAQ,06/06/2022,5000,6400,5850,13
Maharashtra,Amarawati,Chandur Bazar,Soyabean,Yellow,FAQ,15/06/2022,5750,6500,6290,13
Maharashtra,Amarawati,Chandur Bazar,Soyabean,Yellow,FAQ,21/06/2022,6000,6400,6261,13
Maharashtra,Amarawati,Chandur Bazar,Soyabean,Yellow,FAQ,27/06/2022,5250,6200,6050,13
Maharashtra,Amarawati,Chandur Bazar,Soyabean,Yellow,FAQ,28/06/2022,5900,6250,6021,13
Maharashtra,Amarawati,Chandur Bazar,Soyabean,Yellow,FAQ,01/07/2022,5600,6250,6080,13
Maharashtra,Amarawati,Chandur Bazar,Soyabean,Yellow,FAQ,14/07/2022,5000,6050,5561,13
Maharashtra,Amarawati,Chandur Bazar,Soyabean,Yellow,FAQ,20/07/2022,5750,6030,5850,13
Maharashtra,Amarawati,Chandur Bazar,Soyabean,Yellow,FAQ,26/07/2022,4725,6000,5550,13
Maharashtra,Amarawati,Chandur Bazar,Soyabean,Yellow,FAQ,01/08/2022,5550,6100,5601,13
Maharashtra,Amarawati,Chandur Bazar,Soyabean,Yellow,FAQ,01/09/2022,5000,5130,5061,13
Maharashtra,Amarawati,Chandur Bazar,Soyabean,Yellow,FAQ,07/09/2022,4800,4900,4831,13
Maharashtra,Amarawati,Chandur Bazar,Soyabean,Yellow,FAQ,27/09/2022,4050,4181,4125,13
Maharashtra,Amarawati,Chandur Bazar,Soyabean,Yellow,FAQ,06/10/2022,4300,4681,4351,13
Maharashtra,Amarawati,Chandur Bazar,Soyabean,Yellow,FAQ,19/10/2022,3999,4900,4260,13
Maharashtra,Amarawati,Chandur Bazar,Soyabean,Yellow,FAQ,15/11/2022,4600,6000,5401,13
Maharashtra,Amarawati,Chandur Bazar,Soyabean,Yellow,FAQ,17/11/2022,4500,5801,5440,13
Maharashtra,Amarawati,Chandur Bazar,Soyabean,Yellow,FAQ,30/11/2022,4500,5400,5051,13
Maharashtra,Amarawati,Chandur Bazar,Soyabean,Yellow,FAQ,09/12/2022,4600,5400,4881,13
Maharashtra,Amarawati,Chandur Bazar,Soyabean,Yellow,FAQ,12/12/2022,4600,5414,5050,13
Maharashtra,Amarawati,Chandur Bazar,Soyabean,Yellow,FAQ,20/12/2022,4584,5400,5081,13
Maharashtra,Amarawati,Chandur Bazar,Soyabean,Yellow,FAQ,29/12/2022,4500,5350,5051,13
Maharashtra,Amarawati,Chandur Railway,Soyabean,Yellow,FAQ,21/02/2022,6275,6700,6500,13
Maharashtra,Amarawati,Chandur Railway,Soyabean,Yellow,FAQ,20/04/2022,7000,7310,7250,13
Maharashtra,Amarawati,Chandur Railway,Soyabean,Yellow,FAQ,22/04/2022,6900,7150,7050,13
Maharashtra,Amarawati,Chandur Railway,Soyabean,Yellow,FAQ,01/06/2022,6000,6200,6100,13
Maharashtra,Amarawati,Achalpur,Soyabean,Other,FAQ,21/08/2021,8000,8800,8400,13
Maharashtra,Amarawati,Achalpur,Soyabean,Other,FAQ,03/09/2021,7500,8500,8000,13
Maharashtra,Amarawati,Achalpur,Soyabean,Other,FAQ,17/11/2021,4500,5200,4800,13
Maharashtra,Amarawati,Achalpur,Soyabean,Other,FAQ,06/12/2021,6000,6200,6100,13
Maharashtra,Amarawati,Achalpur,Soyabean,Other,FAQ,08/12/2021,6000,6550,6275,13
Maharashtra,Amarawati,Achalpur,Soyabean,Other,FAQ,22/12/2021,5800,6300,6150,13
Maharashtra,Amarawati,Amarawati,Soyabean,Other,FAQ,05/01/2021,3750,4400,4075,13
Maharashtra,Amarawati,Amarawati,Soyabean,Other,FAQ,20/01/2021,3600,4250,3925,13
Maharashtra,Amarawati,Amarawati,Soyabean,Other,FAQ,21/01/2021,3700,4350,4025,13
Maharashtra,Amarawati,Amarawati,Soyabean,Other,FAQ,28/01/2021,3750,4350,4050,13
Maharashtra,Amarawati,Amarawati,Soyabean,Other,FAQ,30/01/2021,3600,4300,3950,13
Maharashtra,Amarawati,Amarawati,Soyabean,Other,FAQ,13/02/2021,3750,4500,4125,13
Maharashtra,Amarawati,Amarawati,Soyabean,Other,FAQ,20/04/2021,6800,7340,7075,13
Maharashtra,Amarawati,Amarawati,Soyabean,Other,FAQ,07/05/2021,6700,7450,7075,13
Maharashtra,Amarawati,Amarawati,Soyabean,Other,FAQ,08/05/2021,6850,7550,7200,13
Maharashtra,Amarawati,Amarawati,Soyabean,Other,FAQ,28/05/2021,6700,7050,6875,13
Maharashtra,Amarawati,Amarawati,Soyabean,Other,FAQ,29/05/2021,6700,7050,6875,13
Maharashtra,Amarawati,Amarawati,Soyabean,Other,FAQ,01/06/2021,6400,6850,6625,13
Maharashtra,Amarawati,Amarawati,Soyabean,Other,FAQ,14/06/2021,6500,6850,6675,13
Maharashtra,Amarawati,Amarawati,Soyabean,Other,FAQ,23/06/2021,6750,7000,6875,13
Maharashtra,Amarawati,Amarawati,Soyabean,Other,FAQ,26/06/2021,6800,7250,7025,13
Maharashtra,Amarawati,Amarawati,Soyabean,Other,FAQ,30/06/2021,6600,7050,6825,13
Maharashtra,Amarawati,Amarawati,Soyabean,Other,FAQ,29/07/2021,8500,9250,8875,13
Maharashtra,Amarawati,Amarawati,Soyabean,Other,FAQ,04/08/2021,9000,9700,9350,13
Maharashtra,Amarawati,Amarawati,Soyabean,Other,FAQ,20/08/2021,8100,8800,8450,13
Maharashtra,Amarawati,Amarawati,Soyabean,Other,FAQ,03/12/2021,5800,6271,6035,13
Maharashtra,Amarawati,Amarawati,Soyabean,Other,FAQ,04/12/2021,6000,7400,6700,13
Maharashtra,Amarawati,Amarawati,Soyabean,Other,FAQ,06/12/2021,6300,6681,6490,13
Maharashtra,Amarawati,Amarawati,Soyabean,Other,FAQ,13/12/2021,7000,7450,7225,13
Maharashtra,Amarawati,Amarawati,Soyabean,Other,FAQ,15/12/2021,5700,6900,6300,13
Maharashtra,Amarawati,Amarawati,Soyabean,Other,FAQ,20/12/2021,5600,7500,6550,13
Maharashtra,Amarawati,Anajngaon,Soyabean,Yellow,FAQ,20/01/2021,3300,4100,3700,13
Maharashtra,Amarawati,Anajngaon,Soyabean,Yellow,FAQ,22/01/2021,3500,4300,4000,13
Maharashtra,Amarawati,Anajngaon,Soyabean,Yellow,FAQ,12/03/2021,4500,4900,4700,13
Maharashtra,Amarawati,Anajngaon,Soyabean,Yellow,FAQ,18/04/2021,6000,7000,6500,13
Maharashtra,Amarawati,Anajngaon,Soyabean,Yellow,FAQ,13/06/2021,6000,7000,6500,13
Maharashtra,Amarawati,Anajngaon,Soyabean,Yellow,FAQ,20/06/2021,6000,7000,6500,13
Maharashtra,Amarawati,Anajngaon,Soyabean,Yellow,FAQ,02/07/2021,6000,7000,6500,13
Maharashtra,Amarawati,Anajngaon,Soyabean,Yellow,FAQ,18/07/2021,6500,7500,7000,13
Maharashtra,Amarawati,Anajngaon,Soyabean,Yellow,FAQ,21/11/2021,4500,6800,5800,13
Maharashtra,Amarawati,Anajngaon,Soyabean,Yellow,FAQ,26/11/2021,5000,6800,6000,13
Maharashtra,Amarawati,Anajngaon,Soyabean,Yellow,FAQ,03/12/2021,5000,7000,6000,13
Maharashtra,Amarawati,Anajngaon,Soyabean,Yellow,FAQ,17/12/2021,5000,6400,5800,13
Maharashtra,Amarawati,Chandur Bazar,Soyabean,Yellow,FAQ,02/02/2021,3600,4326,4050,13
Maharashtra,Amarawati,Chandur Bazar,Soyabean,Yellow,FAQ,11/02/2021,3800,4505,4205,13
Maharashtra,Amarawati,Chandur Bazar,Soyabean,Yellow,FAQ,12/02/2021,3800,4505,4155,13
Maharashtra,Amarawati,Chandur Bazar,Soyabean,Yellow,FAQ,22/02/2021,3840,4500,4230,13
Maharashtra,Amarawati,Chandur Bazar,Soyabean,Yellow,FAQ,25/02/2021,4000,4900,4500,13
Maharashtra,Amarawati,Chandur Bazar,Soyabean,Yellow,FAQ,09/03/2021,4900,5000,4950,13
Maharashtra,Amarawati,Chandur Bazar,Soyabean,Yellow,FAQ,05/04/2021,5500,6550,5800,13
Maharashtra,Amarawati,Chandur Bazar,Soyabean,Yellow,FAQ,19/04/2021,5500,7200,5850,13
Maharashtra,Amarawati,Chandur Bazar,Soyabean,Yellow,FAQ,23/04/2021,6000,7600,7200,13
Maharashtra,Amarawati,Chandur Bazar,Soyabean,Yellow,FAQ,27/04/2021,6300,7200,6900,13
Maharashtra,Amarawati,Chandur Bazar,Soyabean,Yellow,FAQ,03/05/2021,5800,7000,6610,13
Maharashtra,Amarawati,Chandur Bazar,Soyabean,Yellow,FAQ,07/06/2021,6420,7350,6801,13
Maharashtra,Amarawati,Chandur Bazar,Soyabean,Yellow,FAQ,14/06/2021,6230,6900,6710,13
Maharashtra,Amarawati,Chandur Bazar,Soyabean,Yellow,FAQ,15/06/2021,5800,6600,6300,13
Maharashtra,Amarawati,Chandur Bazar,Soyabean,Yellow,FAQ,22/06/2021,6210,7150,6701,13
Maharashtra,Amarawati,Chandur Bazar,Soyabean,Yellow,FAQ,29/06/2021,6250,6990,6460,13
Maharashtra,Amarawati,Chandur Bazar,Soyabean,Yellow,FAQ,19/07/2021,7000,7900,7400,13
Maharashtra,Amarawati,Chandur Bazar,Soyabean,Yellow,FAQ,02/08/2021,8000,9800,9200,13
Maharashtra,Amarawati,Chandur Bazar,Soyabean,Yellow,FAQ,03/08/2021,6000,9750,8800,13
Maharashtra,Amarawati,Chandur Bazar,Soyabean,Yellow,FAQ,17/08/2021,7500,9050,8300,13
Maharashtra,Amarawati,Chandur Bazar,Soyabean,Yellow,FAQ,18/08/2021,8000,9020,8510,13
Maharashtra,Amarawati,Chandur Bazar,Soyabean,Yellow,FAQ,05/10/2021,4200,4875,4450,13
Maharashtra,Amarawati,Chandur Bazar,Soyabean,Yellow,FAQ,12/10/2021,3900,4700,4400,13
Maharashtra,Amarawati,Chandur Bazar,Soyabean,Yellow,FAQ,16/11/2021,5000,5750,5331,13
Maharashtra,Amarawati,Chandur Bazar,Soyabean,Yellow,FAQ,29/11/2021,5500,6350,6100,13
Maharashtra,Amarawati,Chandur Railway,Soyabean,Yellow,FAQ,20/01/2021,3600,4280,3950,13
Maharashtra,Amarawati,Chandur Railway,Soyabean,Yellow,FAQ,28/06/2021,6605,6800,6700,13
Maharashtra,Amarawati,Chandur Railway,Soyabean,Yellow,FAQ,07/07/2021,7200,7200,7200,13
Maharashtra,Amarawati,Chandur Railway,Soyabean,Yellow,FAQ,29/11/2021,5900,6300,6200,13
Maharashtra,Amarawati,Chandur Railway,Soyabean,Yellow,FAQ,13/12/2021,5950,6490,6250,13
Maharashtra,Amarawati,Chandur Railway,Soyabean,Yellow,FAQ,20/12/2021,5755,6000,5900,13
Maharashtra,Amarawati,Daryapur,Soyabean,Yellow,FAQ,16/01/2021,2200,4500,4255,13
Maharashtra,Amarawati,Daryapur,Soyabean,Yellow,FAQ,12/02/2021,3955,4755,4500,13
Maharashtra,Amarawati,Daryapur,Soyabean,Yellow,FAQ,27/02/2021,4000,5200,4845,13
Maharashtra,Amarawati,Daryapur,Soyabean,Yellow,FAQ,09/03/2021,3650,5225,4900,13
Maharashtra,Amarawati,Daryapur,Soyabean,Yellow,FAQ,23/03/2021,5000,5800,5495,13
Maharashtra,Amarawati,Daryapur,Soyabean,Yellow,FAQ,24/03/2021,4000,6200,5605,13
Maharashtra,Amarawati,Daryapur,Soyabean,Yellow,FAQ,16/04/2021,4100,7150,6745,13
Maharashtra,Amarawati,Daryapur,Soyabean,Yellow,FAQ,14/06/2021,6000,6700,6450,13
Maharashtra,Amarawati,Daryapur,Soyabean,Yellow,FAQ,27/07/2021,8655,9000,8870,13
Maharashtra,Amarawati,Daryapur,Soyabean,Yellow,FAQ,28/07/2021,9100,9300,9175,13
Maharashtra,Amarawati,Daryapur,Soyabean,Yellow,FAQ,31/08/2021,5005,8355,8230,13
Maharashtra,Amarawati,Daryapur,Soyabean,Yellow,FAQ,16/11/2021,2000,8205,5700,13
Maharashtra,Amarawati,Daryapur,Soyabean,Yellow,FAQ,17/11/2021,4000,9000,5800,13
Maharashtra,Amarawati,Daryapur,Soyabean,Yellow,FAQ,23/11/2021,4500,8650,5950,13
Maharashtra,Amarawati,Daryapur,Soyabean,Yellow,FAQ,30/11/2021,3500,7280,5600,13
Maharashtra,Amarawati,Daryapur,Soyabean,Yellow,FAQ,04/12/2021,4000,8500,6300,13
Maharashtra,Amarawati,Daryapur,Soyabean,Yellow,FAQ,07/12/2021,3505,7900,5700,13
Maharashtra,Amarawati,Daryapur,Soyabean,Yellow,FAQ,13/12/2021,4500,7700,5975,13
Maharashtra,Amarawati,Daryapur,Soyabean,Yellow,FAQ,14/12/2021,4800,7650,6225,13
Maharashtra,Amarawati,Daryapur,Soyabean,Yellow,FAQ,15/12/2021,4255,7700,6000,13
Maharashtra,Amarawati,Daryapur,Soyabean,Yellow,FAQ,21/12/2021,4500,7500,6000,13
Maharashtra,Amarawati,Dhamngaon-Railway,Soyabean,Yellow,FAQ,01/01/2021,2900,4470,3550,13
Maharashtra,Amarawati,Dhamngaon-Railway,Soyabean,Yellow,FAQ,19/01/2021,3415,4460,3750,13
Maharashtra,Amarawati,Dhamngaon-Railway,Soyabean,Yellow,FAQ,20/01/2021,3580,4305,4000,13
Maharashtra,Amarawati,Dhamngaon-Railway,Soyabean,Yellow,FAQ,22/01/2021,3660,4275,4000,13
Maharashtra,Amarawati,Dhamngaon-Railway,Soyabean,Yellow,FAQ,27/01/2021,3280,4325,3750,13
Maharashtra,Amarawati,Dhamngaon-Railway,Soyabean,Yellow,FAQ,04/02/2021,3600,4445,4000,13
Maharashtra,Amarawati,Dhamngaon-Railway,Soyabean,Yellow,FAQ,13/02/2021,3800,4660,4150,13
Maharashtra,Amarawati,Dhamngaon-Railway,Soyabean,Yellow,FAQ,24/02/2021,4200,5135,4750,13
Maharashtra,Amarawati,Dhamngaon-Railway,Soyabean,Yellow,FAQ,25/02/2021,4200,5260,4850,13
Maharashtra,Amarawati,Dhamngaon-Railway,Soyabean,Yellow,FAQ,01/03/2021,3555,5200,4850,13
Maharashtra,Amarawati,Dhamngaon-Railway,Soyabean,Yellow,FAQ,12/03/2021,4500,5295,5000,13
Maharashtra,Amarawati,Dhamngaon-Railway,Soyabean,Yellow,FAQ,15/04/2021,6000,6900,6550,13
Maharashtra,Amarawati,Dhamngaon-Railway,Soyabean,Yellow,FAQ,19/04/2021,6500,7300,6900,13
Maharashtra,Amarawati,Dhamngaon-Railway,Soyabean,Yellow,FAQ,22/04/2021,7000,7770,7400,13
Maharashtra,Amarawati,Dhamngaon-Railway,Soyabean,Yellow,FAQ,05/05/2021,6500,7325,7000,13
Maharashtra,Amarawati,Dhamngaon-Railway,Soyabean,Yellow,FAQ,25/05/2021,6500,7150,6750,13
Maharashtra,Amarawati,Dhamngaon-Railway,Soyabean,Yellow,FAQ,28/05/2021,6900,7320,7200,13
Maharashtra,Amarawati,Dhamngaon-Railway,Soyabean,Yellow,FAQ,06/07/2021,6700,7550,7000,13
Maharashtra,Amarawati,Dhamngaon-Railway,Soyabean,Yellow,FAQ,10/08/2021,6605,7165,6850,13
Maharashtra,Amarawati,Dhamngaon-Railway,Soyabean,Yellow,FAQ,17/08/2021,4000,8430,7000,13
Maharashtra,Amarawati,Dhamngaon-Railway,Soyabean,Yellow,FAQ,28/08/2021,4980,6805,5860,13
Maharashtra,Amarawati,Dhamngaon-Railway,Soyabean,Yellow,FAQ,29/09/2021,4275,5660,4850,13
Maharashtra,Amarawati,Dhamngaon-Railway,Soyabean,Yellow,FAQ,21/10/2021,4000,5150,4750,13
Maharashtra,Amarawati,Dhamngaon-Railway,Soyabean,Yellow,FAQ,26/10/2021,3800,4750,4250,13
Maharashtra,Amarawati,Dhamngaon-Railway,Soyabean,Yellow,FAQ,09/11/2021,4000,5145,4650,13
Maharashtra,Amarawati,Dhamngaon-Railway,Soyabean,Yellow,FAQ,11/11/2021,4000,5405,4750,13
Maharashtra,Amarawati,Dhamngaon-Railway,Soyabean,Yellow,FAQ,12/11/2021,4000,5425,4950,13
Maharashtra,Amarawati,Dhamngaon-Railway,Soyabean,Yellow,FAQ,16/11/2021,4300,5640,5050,13
Maharashtra,Amarawati,Dhamngaon-Railway,Soyabean,Yellow,FAQ,22/11/2021,5000,6680,5850,13
Maharashtra,Amarawati,Dhamngaon-Railway,Soyabean,Yellow,FAQ,25/11/2021,5880,7005,6000,13
Maharashtra,Amarawati,Dhamngaon-Railway,Soyabean,Yellow,FAQ,07/12/2021,5800,7175,6500,13
Maharashtra,Amarawati,Dhamngaon-Railway,Soyabean,Yellow,FAQ,08/12/2021,5500,6430,6000,13
Maharashtra,Amarawati,Dhamngaon-Railway,Soyabean,Yellow,FAQ,09/12/2021,5500,6800,6000,13
Maharashtra,Amarawati,Dhamngaon-Railway,Soyabean,Yellow,FAQ,11/12/2021,5400,6875,6150,13
Maharashtra,Amarawati,Dhamngaon-Railway,Soyabean,Yellow,FAQ,15/12/2021,5400,6300,6000,13
Maharashtra,Amarawati,Dhamngaon-Railway,Soyabean,Yellow,FAQ,30/12/2021,5800,6795,6350,13
Maharashtra,Amarawati,Dhamngaon-Railway,Soyabean,Yellow,FAQ,31/12/2021,5800,6430,6150,13
Maharashtra,Amarawati,Morshi,Soyabean,Other,FAQ,04/01/2021,4000,4200,4100,13
Maharashtra,Amarawati,Morshi,Soyabean,Other,FAQ,25/01/2021,3200,3800,3500,13
Maharashtra,Amarawati,Morshi,Soyabean,Other,FAQ,04/02/2021,4000,4300,4200,13
Maharashtra,Amarawati,Morshi,Soyabean,Other,FAQ,11/02/2021,4100,4390,4245,13
Maharashtra,Amarawati,Morshi,Soyabean,Other,FAQ,15/02/2021,4000,4300,4150,13
Maharashtra,Amarawati,Morshi,Soyabean,Other,FAQ,04/03/2021,4200,5000,4600,13
Maharashtra,Amarawati,Morshi,Soyabean,Other,FAQ,06/03/2021,4500,4850,4675,13
Maharashtra,Amarawati,Morshi,Soyabean,Other,FAQ,13/03/2021,3400,4000,3700,13
Maharashtra,Amarawati,Morshi,Soyabean,Other,FAQ,12/04/2021,5500,6300,5900,13
Maharashtra,Amarawati,Morshi,Soyabean,Other,FAQ,19/07/2021,7000,7200,7100,13
Maharashtra,Amarawati,Morshi,Soyabean,Other,FAQ,29/07/2021,8000,9010,8505,13
Maharashtra,Amarawati,Morshi,Soyabean,Other,FAQ,12/08/2021,8500,8750,8625,13
Maharashtra,Amarawati,Morshi,Soyabean,Other,FAQ,26/08/2021,6500,8000,7250,13
Maharashtra,Amarawati,Morshi,Soyabean,Other,FAQ,13/09/2021,7500,8000,7750,13
Maharashtra,Amarawati,Morshi,Soyabean,Other,FAQ,07/10/2021,3500,5130,4315,13
Maharashtra,Amarawati,Morshi,Soyabean,Other,FAQ,11/10/2021,4050,4850,4450,13
Maharashtra,Amarawati,Morshi,Soyabean,Other,FAQ,21/10/2021,3500,5100,4300,13
Maharashtra,Amarawati,Morshi,Soyabean,Other,FAQ,11/11/2021,4700,5400,5050,13
Maharashtra,Amarawati,Morshi,Soyabean,Other,FAQ,15/11/2021,5300,5600,5450,13
Maharashtra,Amarawati,Morshi,Soyabean,Other,FAQ,23/11/2021,6000,6550,6275,13
Maharashtra,Amarawati,Morshi,Soyabean,Other,FAQ,16/12/2021,5800,6300,6050,13
Maharashtra,Amarawati,Nandgaon Khandeshwar,Soyabean,Yellow,FAQ,23/01/2021,4050,4250,4100,13
Maharashtra,Amarawati,Nandgaon Khandeshwar,Soyabean,Yellow,FAQ,02/02/2021,4000,4500,4250,13
Maharashtra,Amarawati,Nandgaon Khandeshwar,Soyabean,Yellow,FAQ,03/02/2021,4075,4425,4250,13
Maharashtra,Amarawati,Nandgaon Khandeshwar,Soyabean,Yellow,FAQ,15/02/2021,4000,4300,4150,13
Maharashtra,Amarawati,Nandgaon Khandeshwar,Soyabean,Yellow,FAQ,23/02/2021,4500,4900,4700,13
Maharashtra,Amarawati,Nandgaon Khandeshwar,Soyabean,Yellow,FAQ,25/02/2021,4621,4900,4760,13
Maharashtra,Amarawati,Nandgaon Khandeshwar,Soyabean,Yellow,FAQ,27/02/2021,4600,4860,4730,13
Maharashtra,Amarawati,Nandgaon Khandeshwar,Soyabean,Yellow,FAQ,03/03/2021,4650,4875,4725,13
Maharashtra,Amarawati,Nandgaon Khandeshwar,Soyabean,Yellow,FAQ,26/03/2021,5375,5625,5450,13
Maharashtra,Amarawati,Nandgaon Khandeshwar,Soyabean,Yellow,FAQ,28/06/2021,6450,6850,6500,13
Maharashtra,Amarawati,Nandgaon Khandeshwar,Soyabean,Yellow,FAQ,04/12/2021,5900,6510,6205,13
Maharashtra,Amarawati,Varud(Rajura Bazar),Soyabean,Yellow,FAQ,04/02/2021,3401,4400,4116,13
Maharashtra,Amarawati,Varud(Rajura Bazar),Soyabean,Yellow,FAQ,29/07/2021,8501,9000,8901,13
Maharashtra,Amarawati,Varud(Rajura Bazar),Soyabean,Yellow,FAQ,25/11/2021,3600,6299,6121,13
Maharashtra,Amarawati,Varud(Rajura Bazar),Soyabean,Yellow,FAQ,30/12/2021,5299,6200,6078,13
Maharashtra,Amarawati,Achalpur,Soyabean,Other,Local,12/07/2025,3500,4250,3875,13
Maharashtra,Amarawati,Amarawati,Soyabean,Other,Local,04/07/2025,4150,4311,4230,13
Maharashtra,Amarawati,Amarawati,Soyabean,Other,Local,09/07/2025,4150,4300,4225,13
Maharashtra,Amarawati,Amarawati,Soyabean,Other,Local,22/07/2025,4200,4321,4260,13
Maharashtra,Amarawati,Amarawati,Soyabean,Other,Local,24/07/2025,4200,4358,4229,13
Maharashtra,Amarawati,Amarawati,Soyabean,Other,Local,28/07/2025,4250,4525,4387,13
Maharashtra,Amarawati,Amarawati,Soyabean,Other,Local,30/07/2025,4300,4551,4425,13
Maharashtra,Amarawati,Chandur Bazar,Soyabean,Yellow,Non-FAQ,24/07/2025,3500,4500,4350,13
Maharashtra,Amarawati,Chandur Railway,Soyabean,Yellow,Non-FAQ,03/07/2025,4200,4370,4250,13
Maharashtra,Amarawati,Dhamngaon-Railway,Soyabean,Yellow,Non-FAQ,03/07/2025,3800,4450,4300,13
Maharashtra,Amarawati,Dhamngaon-Railway,Soyabean,Yellow,Non-FAQ,10/07/2025,3700,4430,4200,13
Maharashtra,Amarawati,Morshi,Soyabean,Other,Local,03/07/2025,4000,4180,4090,13
Maharashtra,Amarawati,Morshi,Soyabean,Other,Local,24/07/2025,4000,4250,4125,13
Maharashtra,Amarawati,Shetkari Khushi Bazar,Soyabean,Other,Local,04/07/2025,4175,4400,4231,13
Maharashtra,Amarawati,Shetkari Khushi Bazar,Soyabean,Other,Local,17/07/2025,2000,4275,4263,13
Maharashtra,Amarawati,Achalpur,Soyabean,Other,Local,20/08/2025,4300,4800,4525,13
Maharashtra,Amarawati,Amarawati,Soyabean,Other,Local,01/08/2025,4250,4551,4400,13
Maharashtra,Amarawati,Amarawati,Soyabean,Other,Local,07/08/2025,4450,4755,4602,13
Maharashtra,Amarawati,Amarawati,Soyabean,Other,Local,11/08/2025,4450,4651,4550,13
Maharashtra,Amarawati,Amarawati,Soyabean,Other,Local,25/08/2025,4050,4435,4292,13
Maharashtra,Amarawati,Anajngaon,Soyabean,Yellow,Non-FAQ,29/08/2025,4000,4380,4200,13
Maharashtra,Amarawati,Chandur Bazar,Soyabean,Yellow,Non-FAQ,05/08/2025,3500,4900,4540,13
Maharashtra,Amarawati,Chandur Bazar,Soyabean,Yellow,Non-FAQ,08/08/2025,3500,4660,4470,13
Maharashtra,Amarawati,Chandur Bazar,Soyabean,Yellow,Non-FAQ,19/08/2025,3500,4460,4120,13
Maharashtra,Amarawati,Chandur Railway,Soyabean,Yellow,Non-FAQ,12/08/2025,4500,4790,4650,13
Maharashtra,Amarawati,Chandur Railway,Soyabean,Yellow,Non-FAQ,26/08/2025,4260,4625,4560,13
Maharashtra,Amarawati,Daryapur,Soyabean,Yellow,Non-FAQ,04/08/2025,3600,4700,4500,13
Maharashtra,Amarawati,Daryapur,Soyabean,Yellow,Non-FAQ,06/08/2025,3800,4925,4800,13
Maharashtra,Amarawati,Dhamngaon-Railway,Soyabean,Yellow,Non-FAQ,07/08/2025,4255,5200,4700,13
Maharashtra,Amarawati,Nandgaon Khandeshwar,Soyabean,Yellow,Non-FAQ,01/08/2025,4225,4515,4370,13
Maharashtra,Amarawati,Varud,Soyabean,Yellow,Non-FAQ,06/08/2025,4200,4625,4579,13
Maharashtra,Amarawati,Varud(Rajura Bazar),Soyabean,Yellow,Non-FAQ,08/08/2025,4695,4800,4719,13
Maharashtra,Amarawati,Achalpur,Soyabean,Other,Local,04/06/2025,3900,4100,4000,13
Maharashtra,Amarawati,Achalpur,Soyabean,Other,Local,30/06/2025,3800,4200,4000,13
Maharashtra,Amarawati,Amarawati,Soyabean,Other,Local,02/06/2025,3950,4100,4025,13
Maharashtra,Amarawati,Amarawati,Soyabean,Other,Local,21/06/2025,4100,4341,4220,13
Maharashtra,Amarawati,Amarawati,Soyabean,Other,Local,23/06/2025,4150,4349,4249,13
Maharashtra,Amarawati,Chandur Bazar,Soyabean,Yellow,Non-FAQ,11/06/2025,3500,4100,4050,13
Maharashtra,Amarawati,Chandur Bazar,Soyabean,Yellow,Non-FAQ,25/06/2025,3500,4200,4050,13
Maharashtra,Amarawati,Daryapur,Soyabean,Yellow,Non-FAQ,02/06/2025,3300,4000,3875,13
Maharashtra,Amarawati,Morshi,Soyabean,Other,Local,19/06/2025,3700,4211,3955,13
Maharashtra,Amarawati,Morshi,Soyabean,Other,Non-FAQ,23/06/2025,3800,4300,4050,13
Maharashtra,Amarawati,Nandgaon Khandeshwar,Soyabean,Yellow,Non-FAQ,02/06/2025,3870,4100,3985,13
Maharashtra,Amarawati,Nandgaon Khandeshwar,Soyabean,Yellow,Non-FAQ,03/06/2025,3950,4180,4065,13
Maharashtra,Amarawati,Nandgaon Khandeshwar,Soyabean,Yellow,Non-FAQ,10/06/2025,3950,4230,4090,13
Maharashtra,Amarawati,Varud,Soyabean,Yellow,Non-FAQ,16/06/2025,4045,4140,4108,13
Maharashtra,Amarawati,Varud,Soyabean,Yellow,Non-FAQ,29/06/2025,3725,4400,4133,13
Maharashtra,Amarawati,Achalpur,Soyabean,Other,Local,05/06/2025,3800,4270,4035,13
Maharashtra,Amarawati,Achalpur,Soyabean,Other,Local,13/06/2025,4000,4100,4050,13
Maharashtra,Amarawati,Achalpur,Soyabean,Other,Local,14/06/2025,4000,4100,4050,13
Maharashtra,Amarawati,Achalpur,Soyabean,Other,Local,20/06/2025,3900,4150,4025,13
Maharashtra,Amarawati,Amarawati,Soyabean,Other,Local,17/06/2025,4050,4300,4175,13
Maharashtra,Amarawati,Amarawati,Soyabean,Other,Local,18/06/2025,4050,4280,4165,13
Maharashtra,Amarawati,Chandur Bazar,Soyabean,Other,Local,26/06/2025,5010,5010,5010,13
Maharashtra,Amarawati,Chandur Bazar,Soyabean,Yellow,Non-FAQ,19/06/2025,3500,4200,4050,13
Maharashtra,Amarawati,Chandur Railway,Soyabean,Yellow,Non-FAQ,17/06/2025,4000,4300,4150,13
Maharashtra,Amarawati,Daryapur,Soyabean,Yellow,Non-FAQ,13/06/2025,3500,4250,3950,13
Maharashtra,Amarawati,Daryapur,Soyabean,Yellow,Non-FAQ,27/06/2025,3450,4250,4050,13
Maharashtra,Amarawati,Dhamngaon-Railway,Soyabean,Yellow,Non-FAQ,05/06/2025,3900,4400,4100,13
Maharashtra,Amarawati,Morshi,Soyabean,Other,Local,16/06/2025,3900,4160,4030,13
Maharashtra,Amarawati,Shetkari Khushi Bazar,Soyabean,Other,Local,18/06/2025,3500,4400,4124,13
Maharashtra,Amarawati,Varud(Rajura Bazar),Soyabean,Yellow,Non-FAQ,06/06/2025,3939,4270,4151,13
Maharashtra,Amarawati,Chandur Railway,Soyabean,Yellow,Non-FAQ,11/07/2025,4300,4400,4350,13
Maharashtra,Amarawati,Morshi,Soyabean,Other,Local,07/07/2025,4000,4100,4050,13
Maharashtra,Amarawati,Nandgaon Khandeshwar,Soyabean,Yellow,Non-FAQ,01/07/2025,3950,4200,4075,13
Maharashtra,Amarawati,Nandgaon Khandeshwar,Soyabean,Yellow,Non-FAQ,03/07/2025,4050,4300,4175,13
Maharashtra,Amarawati,Shetkari Khushi Bazar,Soyabean,Other,Local,01/07/2025,1000,4300,4059,13
Maharashtra,Amarawati,Shetkari Khushi Bazar,Soyabean,Other,Local,08/07/2025,4300,4300,4300,13
Maharashtra,Amarawati,Shetkari Khushi Bazar,Soyabean,Other,Local,23/07/2025,4225,4425,4324,13
Maharashtra,Amarawati,Shetkari Khushi Bazar,Soyabean,Other,Local,28/07/2025,4500,4500,4500,13
Maharashtra,Amarawati,Varud,Soyabean,Yellow,Non-FAQ,16/07/2025,4010,4190,4113,13
Maharashtra,Amarawati,Amarawati,Soyabean,Other,Local,18/09/2025,4000,4270,4135,13
Maharashtra,Amarawati,Amarawati,Soyabean,Other,Local,24/09/2025,4000,4276,4138,13
Maharashtra,Amarawati,Amarawati,Soyabean,Other,Local,27/09/2025,4000,4331,4165,13
Maharashtra,Amarawati,Amarawati,Soyabean,Other,Local,30/09/2025,4100,4421,4260,13
Maharashtra,Amarawati,Chandur Bazar,Soyabean,Yellow,Non-FAQ,17/09/2025,3400,4350,3952,13
Maharashtra,Amarawati,Daryapur,Soyabean,Yellow,Non-FAQ,26/09/2025,3500,4335,4100,13
Maharashtra,Amarawati,Dhamngaon-Railway,Soyabean,Yellow,Non-FAQ,17/09/2025,3480,4165,4000,13
Maharashtra,Amarawati,Achalpur,Soyabean,Other,Local,03/09/2025,4200,4500,4350,13
Maharashtra,Amarawati,Anajngaon,Soyabean,Yellow,Non-FAQ,19/09/2025,3700,4100,3900,13
Maharashtra,Amarawati,Daryapur,Soyabean,Yellow,Non-FAQ,27/09/2025,3000,4145,3850,13
Maharashtra,Amarawati,Dhamngaon-Railway,Soyabean,Yellow,Non-FAQ,23/09/2025,4005,4250,4100,13
Maharashtra,Amarawati,Shetkari Khushi Bazar,Soyabean,Other,Local,24/09/2025,1500,4000,3922,13
Maharashtra,Amarawati,Achalpur,Soyabean,Other,Local,13/10/2025,3500,4000,3750,13
Maharashtra,Amarawati,Achalpur,Soyabean,Other,Local,31/10/2025,3200,4100,3650,13
Maharashtra,Amarawati,Amarawati,Soyabean,Other,Local,14/10/2025,3500,4176,3838,13
Maharashtra,Amarawati,Amarawati,Soyabean,Other,Local,27/10/2025,3650,4100,3875,13
Maharashtra,Amarawati,Anajngaon,Soyabean,Yellow,Non-FAQ,29/10/2025,3200,4290,3700,13
Maharashtra,Amarawati,Chandur Bazar,Soyabean,Yellow,Non-FAQ,08/10/2025,3000,4150,4000,13
Maharashtra,Amarawati,Daryapur,Soyabean,Yellow,Non-FAQ,10/10/2025,3000,4200,3850,13
Maharashtra,Amarawati,Morshi,Soyabean,Other,Local,30/10/2025,3500,4300,3900,13
Maharashtra,Amarawati,Shetkari Khushi Bazar,Soyabean,Other,Local,07/10/2025,3675,3800,3763,13
Maharashtra,Amarawati,Shetkari Khushi Bazar,Soyabean,Other,Local,13/10/2025,1000,4300,3843,13
Maharashtra,Amarawati,Achalpur,Soyabean,Other,Local,01/11/2025,3500,3800,3650,13
Maharashtra,Amarawati,Achalpur,Soyabean,Other,Local,03/10/2025,3800,4200,4000,13
Maharashtra,Amarawati,Achalpur,Soyabean,Other,Local,04/10/2025,3800,4300,4055,13
Maharashtra,Amarawati,Achalpur,Soyabean,Other,Local,07/10/2025,3000,3861,3431,13
Maharashtra,Amarawati,Amarawati,Soyabean,Other,Local,08/10/2025,3800,4121,3960,13
Maharashtra,Amarawati,Amarawati,Soyabean,Other,Local,17/10/2025,3600,4266,3933,13
Maharashtra,Amarawati,Anajngaon,Soyabean,Yellow,Non-FAQ,03/10/2025,2500,4175,3400,13
Maharashtra,Amarawati,Chandur Bazar,Soyabean,Yellow,Non-FAQ,15/10/2025,3000,4350,3952,13
Maharashtra,Amarawati,Daryapur,Soyabean,Yellow,Non-FAQ,15/10/2025,3000,4250,3900,13
Maharashtra,Amarawati,Dhamngaon-Railway APMC,Soyabean,Yellow,Non-FAQ,10/02/2026,4250,5200,5100,13
Maharashtra,Amarawati,Chandur Bazar APMC,Soyabean,Yellow,Non-FAQ,11/02/2026,4500,5320,5000,13
Maharashtra,Amarawati,Varud APMC,Soyabean,Yellow,Non-FAQ,16/02/2026,4320,5195,4699,13
Maharashtra,Amarawati,Varud APMC,Soyabean,Yellow,Non-FAQ,21/02/2026,3000,5280,4950,13
Maharashtra,Amarawati,Amarawati APMC,Soyabean,Other,Local,14/02/2026,4800,5251,5025,13
Maharashtra,Amarawati,Amarawati APMC,Soyabean,Other,Local,26/02/2026,4750,5050,4900,13
Maharashtra,Amarawati,Amarawati APMC,Soyabean,Other,Local,23/02/2026,4700,5000,4850,13
Maharashtra,Amarawati,Amarawati APMC,Soyabean,Other,Local,21/02/2026,4800,5165,4982,13
Maharashtra,Amarawati,Varud APMC,Soyabean,Yellow,FAQ,02/02/2026,5340,5715,5383,13
Maharashtra,Amarawati,Varud APMC,Soyabean,Yellow,Non-FAQ,02/02/2026,4305,5000,4948,13
Maharashtra,Amarawati,Dhamngaon-Railway APMC,Soyabean,Yellow,FAQ,04/02/2026,5328,5750,5500,13
Maharashtra,Amarawati,Chandur Bazar APMC,Soyabean,Yellow,FAQ,04/02/2026,5400,5570,5570,13
Maharashtra,Amarawati,Chandur Bazar APMC,Soyabean,Yellow,Non-FAQ,09/02/2026,4500,5300,5000,13
Maharashtra,Amarawati,Daryapur APMC,Soyabean,Yellow,Non-FAQ,09/02/2026,3600,5320,5000,13
Maharashtra,Amarawati,Amarawati APMC,Soyabean,Other,Local,02/02/2026,5100,5555,5327,13
Maharashtra,Amarawati,Morshi APMC,Soyabean,Other,Local,05/02/2026,5000,5700,5350,13
Maharashtra,Amarawati,Achalpur APMC,Soyabean,Other,Local,05/02/2026,5000,5400,5200,13
Maharashtra,Amarawati,Amarawati APMC,Soyabean,Other,Local,07/02/2026,5100,5582,5341,13
Maharashtra,Amarawati,Achalpur APMC,Soyabean,Other,Local,12/02/2026,4701,5201,4951,13
Maharashtra,Amarawati,Nandgaon Khandeshwar APMC,Soyabean,Yellow,Non-FAQ,13/02/2026,5100,5200,5150,13
Maharashtra,Amarawati,Nandgaon Khandeshwar APMC,Soyabean,Yellow,Non-FAQ,14/02/2026,4575,5145,4860,13
Maharashtra,Amarawati,Chandur Railway APMC,Soyabean,Yellow,Non-FAQ,17/02/2026,4200,5300,5000,13
Maharashtra,Amarawati,Chandur Bazar APMC,Soyabean,Yellow,Non-FAQ,02/02/2026,4500,5300,5050,13
Maharashtra,Amarawati,Amarawati APMC,Soyabean,Other,Local,02/01/2026,4300,4750,4525,13
Maharashtra,Amarawati,Amarawati APMC,Soyabean,Other,Local,03/01/2026,4300,4750,4525,13
Maharashtra,Amarawati,Amarawati APMC,Soyabean,Other,Local,08/01/2026,4650,5000,4825,13
Maharashtra,Amarawati,Shetkari Khushi Bazar APMC,Soyabean,Other,Local,22/01/2026,2000,5400,5088,13
Maharashtra,Amarawati,Shetkari Khushi Bazar APMC,Soyabean,Other,Local,05/01/2026,1000,5000,4697,13
Maharashtra,Amarawati,Achalpur APMC,Soyabean,Other,Local,08/01/2026,3950,4975,4463,13
Maharashtra,Amarawati,Shetkari Khushi Bazar APMC,Soyabean,Other,Local,08/01/2026,4400,4800,4626,13
Maharashtra,Amarawati,Amarawati APMC,Soyabean,Other,Local,24/01/2026,4300,5250,4775,13
Maharashtra,Amarawati,Dhamngaon-Railway APMC,Soyabean,Yellow,FAQ,03/01/2026,8760,9150,9000,13
Maharashtra,Amarawati,Chandur Bazar APMC,Soyabean,Yellow,Non-FAQ,19/01/2026,3800,5250,4910,13
Maharashtra,Amarawati,Nandgaon Khandeshwar APMC,Soyabean,Yellow,FAQ,23/01/2026,5328,5440,5384,13
Maharashtra,Amarawati,Anajngaon APMC,Soyabean,Yellow,Non-FAQ,11/01/2026,4000,5000,4600,13
Maharashtra,Amarawati,Dhamngaon-Railway APMC,Soyabean,Yellow,Non-FAQ,09/01/2026,4000,4980,4800,13
Maharashtra,Amarawati,Chandur Railway APMC,Soyabean,Yellow,Non-FAQ,13/01/2026,3705,5205,4500,13
Maharashtra,Amarawati,Daryapur APMC,Soyabean,Yellow,Non-FAQ,09/01/2026,3500,4750,4450,13
Maharashtra,Amarawati,Daryapur APMC,Soyabean,Yellow,Non-FAQ,13/01/2026,3600,5100,4800,13
Maharashtra,Amarawati,Nandgaon Khandeshwar APMC,Soyabean,Yellow,Non-FAQ,09/01/2026,4600,5111,4855,13
Maharashtra,Amarawati,Chandur Railway APMC,Soyabean,Yellow,FAQ,27/01/2026,5330,5750,5400,13
Maharashtra,Amarawati,Chandur Bazar APMC,Soyabean,Yellow,FAQ,27/01/2026,5400,5400,5400,13
Maharashtra,Amarawati,Varud(Rajura Bazar) APMC,Soyabean,Yellow,FAQ,30/01/2026,5485,5900,5800,13
Maharashtra,Amarawati,Chandur Bazar APMC,Soyabean,Yellow,Non-FAQ,11/03/2026,4400,5325,4960,13
Maharashtra,Amarawati,Varud APMC,Soyabean,Yellow,Non-FAQ,14/03/2026,4600,5320,5122,13
Maharashtra,Amarawati,Chandur Bazar APMC,Soyabean,Yellow,Non-FAQ,23/03/2026,5250,5250,5250,13
Maharashtra,Amarawati,Anajngaon APMC,Soyabean,Yellow,Non-FAQ,01/04/2026,4800,5100,5000,13
Maharashtra,Amarawati,Amarawati APMC,Soyabean,Other,Local,18/03/2026,4900,5300,5100,13
Maharashtra,Amarawati,Shetkari Khushi Bazar APMC,Soyabean,Other,Local,05/03/2026,3500,5300,4982,13
Maharashtra,Amarawati,Amarawati APMC,Soyabean,Other,Local,12/03/2026,4950,5361,5155,13
Maharashtra,Amarawati,Amarawati APMC,Soyabean,Other,Local,20/03/2026,5000,5356,5178,13
Maharashtra,Amarawati,Achalpur APMC,Soyabean,Other,Local,17/04/2026,4800,5300,5050,13
Maharashtra,Amarawati,Amarawati APMC,Soyabean,Other,Local,25/03/2026,4900,5300,5100,13
Maharashtra,Amarawati,Morshi APMC,Soyabean,Other,Local,30/03/2026,4500,5000,4750,13
Maharashtra,Amarawati,Nandgaon Khandeshwar,Soyabean,Yellow,FAQ,01/09/2022,4850,5200,5025,13
Maharashtra,Amarawati,Nandgaon Khandeshwar,Soyabean,Yellow,FAQ,05/09/2022,4750,4900,4835,13
Maharashtra,Amarawati,Nandgaon Khandeshwar,Soyabean,Yellow,FAQ,08/09/2022,4870,5060,4965,13
Maharashtra,Amarawati,Nandgaon Khandeshwar,Soyabean,Yellow,FAQ,22/09/2022,4875,5035,4955,13
Maharashtra,Amarawati,Nandgaon Khandeshwar,Soyabean,Yellow,FAQ,03/10/2022,4680,4800,4740,13
Maharashtra,Amarawati,Nandgaon Khandeshwar,Soyabean,Yellow,FAQ,10/10/2022,4550,4900,4725,13
Maharashtra,Amarawati,Nandgaon Khandeshwar,Soyabean,Yellow,FAQ,20/10/2022,4475,4925,4700,13
Maharashtra,Amarawati,Nandgaon Khandeshwar,Soyabean,Yellow,FAQ,21/10/2022,4675,5075,4875,13
Maharashtra,Amarawati,Nandgaon Khandeshwar,Soyabean,Yellow,FAQ,29/10/2022,4555,5025,4800,13
Maharashtra,Amarawati,Nandgaon Khandeshwar,Soyabean,Yellow,FAQ,03/11/2022,4770,5250,5010,13
Maharashtra,Amarawati,Nandgaon Khandeshwar,Soyabean,Yellow,FAQ,05/12/2022,4950,5525,5250,13
Maharashtra,Amarawati,Nandgaon Khandeshwar,Soyabean,Yellow,FAQ,15/12/2022,5155,5375,5265,13
Maharashtra,Amarawati,Nandgaon Khandeshwar,Soyabean,Yellow,FAQ,21/12/2022,5155,5415,5285,13
Maharashtra,Amarawati,Nandgaon Khandeshwar,Soyabean,Yellow,FAQ,24/12/2022,5070,5300,5185,13
Maharashtra,Amarawati,Nandgaon Khandeshwar,Soyabean,Yellow,FAQ,27/12/2022,5070,5300,5185,13
Maharashtra,Amarawati,Nandgaon Khandeshwar,Soyabean,Yellow,FAQ,28/12/2022,5150,5370,5260,13
Maharashtra,Amarawati,Varud(Rajura Bazar),Soyabean,Yellow,FAQ,20/01/2022,4141,5951,5622,13
Maharashtra,Amarawati,Varud(Rajura Bazar),Soyabean,Yellow,FAQ,17/03/2022,5000,6751,6336,13
Maharashtra,Amarawati,Varud(Rajura Bazar),Soyabean,Yellow,FAQ,07/04/2022,6799,7091,6969,13
Maharashtra,Amarawati,Varud(Rajura Bazar),Soyabean,Yellow,FAQ,14/04/2022,6760,6859,6828,13
Maharashtra,Amarawati,Varud(Rajura Bazar),Soyabean,Yellow,FAQ,04/08/2022,5699,5899,5751,13
Maharashtra,Amarawati,Varud(Rajura Bazar),Soyabean,Yellow,FAQ,18/08/2022,5500,6001,5805,13
Maharashtra,Amarawati,Varud(Rajura Bazar),Soyabean,Yellow,FAQ,10/11/2022,5400,5600,5512,13
Maharashtra,Amarawati,Varud(Rajura Bazar),Soyabean,Yellow,FAQ,17/11/2022,4299,5700,5430,13
Maharashtra,Amarawati,Varud(Rajura Bazar),Soyabean,Yellow,FAQ,24/11/2022,4600,5556,5357,13
Maharashtra,Amarawati,Varud(Rajura Bazar),Soyabean,Yellow,FAQ,01/12/2022,5099,5518,5237,13
Maharashtra,Amarawati,Varud(Rajura Bazar),Soyabean,Yellow,FAQ,22/12/2022,5201,5601,5519,13
Maharashtra,Amarawati,Amarawati,Soyabean,Other,FAQ,19/04/2022,6750,7265,7007,13
Maharashtra,Amarawati,Amarawati,Soyabean,Other,FAQ,20/04/2022,6800,7311,7055,13
Maharashtra,Amarawati,Amarawati,Soyabean,Other,FAQ,30/04/2022,6500,6855,6678,13
Maharashtra,Amarawati,Amarawati,Soyabean,Other,FAQ,04/05/2022,6450,6751,6600,13
Maharashtra,Amarawati,Amarawati,Soyabean,Other,FAQ,19/05/2022,6450,6771,6611,13
Maharashtra,Amarawati,Amarawati,Soyabean,Other,FAQ,03/06/2022,5500,6200,5850,13
Maharashtra,Amarawati,Amarawati,Soyabean,Other,FAQ,11/06/2022,6250,6500,6375,13
Maharashtra,Amarawati,Amarawati,Soyabean,Other,FAQ,13/06/2022,6000,6435,6217,13
Maharashtra,Amarawati,Amarawati,Soyabean,Other,FAQ,15/06/2022,5800,6250,6025,13
Maharashtra,Amarawati,Amarawati,Soyabean,Other,FAQ,17/06/2022,5850,6375,6112,13
Maharashtra,Amarawati,Amarawati,Soyabean,Other,FAQ,12/07/2022,5850,6325,6087,13
Maharashtra,Amarawati,Amarawati,Soyabean,Other,FAQ,13/07/2022,5650,6001,5825,13
Maharashtra,Amarawati,Amarawati,Soyabean,Other,FAQ,23/07/2022,5700,5951,5825,13
Maharashtra,Amarawati,Amarawati,Soyabean,Other,FAQ,04/08/2022,5850,6175,6012,13
Maharashtra,Amarawati,Amarawati,Soyabean,Other,FAQ,06/08/2022,5900,6150,6025,13
Maharashtra,Amarawati,Amarawati,Soyabean,Other,FAQ,08/08/2022,5750,6175,5962,13
Maharashtra,Amarawati,Amarawati,Soyabean,Other,FAQ,13/08/2022,5850,6175,6012,13
Maharashtra,Amarawati,Amarawati,Soyabean,Other,FAQ,23/08/2022,5450,5640,5545,13
Maharashtra,Amarawati,Amarawati,Soyabean,Other,FAQ,24/08/2022,5300,5635,5467,13
Maharashtra,Amarawati,Amarawati,Soyabean,Other,FAQ,15/09/2022,4750,5330,5040,13
Maharashtra,Amarawati,Amarawati,Soyabean,Other,FAQ,30/09/2022,4700,5000,4850,13
Maharashtra,Amarawati,Amarawati,Soyabean,Other,FAQ,15/10/2022,4500,4850,4675,13
Maharashtra,Amarawati,Amarawati,Soyabean,Other,FAQ,17/10/2022,4650,4825,4737,13
Maharashtra,Amarawati,Amarawati,Soyabean,Other,FAQ,29/10/2022,4500,4953,4726,13
Maharashtra,Amarawati,Amarawati,Soyabean,Other,FAQ,02/11/2022,4350,4975,4662,13
Maharashtra,Amarawati,Amarawati,Soyabean,Other,FAQ,26/11/2022,5200,5407,5303,13
Maharashtra,Amarawati,Amarawati,Soyabean,Other,FAQ,06/12/2022,5450,5700,5575,13
Maharashtra,Amarawati,Amarawati,Soyabean,Other,FAQ,29/12/2022,4900,5200,5050,13
Maharashtra,Amarawati,Anajngaon,Soyabean,Yellow,FAQ,05/01/2022,5000,7200,5850,13
Maharashtra,Amarawati,Anajngaon,Soyabean,Yellow,FAQ,29/01/2022,5500,6000,5800,13
Maharashtra,Amarawati,Anajngaon,Soyabean,Yellow,FAQ,30/01/2022,5000,5900,5400,13
Maharashtra,Amarawati,Anajngaon,Soyabean,Yellow,FAQ,09/02/2022,5000,6150,5700,13
Maharashtra,Amarawati,Anajngaon,Soyabean,Yellow,FAQ,06/03/2022,6000,6800,6400,13
Maharashtra,Amarawati,Anajngaon,Soyabean,Yellow,FAQ,27/03/2022,6000,7250,6800,13
Maharashtra,Amarawati,Anajngaon,Soyabean,Yellow,FAQ,04/05/2022,6000,6600,6400,13
Maharashtra,Amarawati,Anajngaon,Soyabean,Yellow,FAQ,20/05/2022,5400,6250,5900,13
Maharashtra,Amarawati,Anajngaon,Soyabean,Yellow,FAQ,22/05/2022,5500,6250,5900,13
Maharashtra,Amarawati,Anajngaon,Soyabean,Yellow,FAQ,01/06/2022,5500,6200,5900,13
Maharashtra,Amarawati,Anajngaon,Soyabean,Yellow,FAQ,08/06/2022,5000,6250,5700,13
Maharashtra,Amarawati,Anajngaon,Soyabean,Yellow,FAQ,08/07/2022,5000,5800,5700,13
Maharashtra,Amarawati,Anajngaon,Soyabean,Yellow,FAQ,22/07/2022,4000,4700,4500,13
Maharashtra,Amarawati,Anajngaon,Soyabean,Yellow,FAQ,31/07/2022,5000,6050,5500,13
Maharashtra,Amarawati,Anajngaon,Soyabean,Yellow,FAQ,05/08/2022,5000,6000,5500,13
Maharashtra,Amarawati,Anajngaon,Soyabean,Yellow,FAQ,21/08/2022,5000,5800,5400,13
Maharashtra,Amarawati,Anajngaon,Soyabean,Yellow,FAQ,28/08/2022,5000,5400,5200,13
Maharashtra,Amarawati,Anajngaon,Soyabean,Yellow,FAQ,14/10/2022,3500,5040,4450,13
Maharashtra,Amarawati,Anajngaon,Soyabean,Yellow,FAQ,09/11/2022,5000,6200,5600,13
Maharashtra,Amarawati,Anajngaon,Soyabean,Yellow,FAQ,13/11/2022,5000,6225,5650,13
Maharashtra,Amarawati,Anajngaon,Soyabean,Yellow,FAQ,16/11/2022,5200,6050,5625,13
Maharashtra,Amarawati,Anajngaon,Soyabean,Yellow,FAQ,23/11/2022,5000,5700,5350,13
Maharashtra,Amarawati,Anajngaon,Soyabean,Yellow,FAQ,09/12/2022,5000,5455,5200,13
Maharashtra,Amarawati,Anajngaon,Soyabean,Yellow,FAQ,23/12/2022,5000,5450,5200,13
Maharashtra,Amarawati,Anajngaon,Soyabean,Yellow,FAQ,28/12/2022,4500,5325,5150,13
Maharashtra,Amarawati,Chandur Bazar,Soyabean,Yellow,FAQ,04/01/2022,5650,7200,6150,13
Maharashtra,Amarawati,Chandur Bazar,Soyabean,Yellow,FAQ,10/01/2022,5700,6900,6390,13
Maharashtra,Amarawati,Chandur Bazar,Soyabean,Yellow,FAQ,18/01/2022,5500,6000,5900,13
Maharashtra,Amarawati,Chandur Bazar,Soyabean,Yellow,FAQ,20/01/2022,5000,7371,6415,13
Maharashtra,Amarawati,Chandur Bazar,Soyabean,Yellow,FAQ,02/02/2022,6000,7550,6750,13
Maharashtra,Amarawati,Chandur Bazar,Soyabean,Yellow,FAQ,10/02/2022,5750,6600,6450,13
Maharashtra,Amarawati,Chandur Bazar,Soyabean,Yellow,FAQ,22/02/2022,6600,7000,6781,13
Maharashtra,Amarawati,Chandur Bazar,Soyabean,Yellow,FAQ,24/02/2022,6500,7451,6940,13
Maharashtra,Amarawati,Chandur Bazar,Soyabean,Yellow,FAQ,25/02/2022,6400,7000,6605,13
Maharashtra,Amarawati,Chandur Bazar,Soyabean,Yellow,FAQ,08/03/2022,6000,7100,6931,13
Maharashtra,Amarawati,Chandur Bazar,Soyabean,Yellow,FAQ,15/03/2022,5601,6900,6341,13
Maharashtra,Amarawati,Chandur Bazar,Soyabean,Yellow,FAQ,25/03/2022,6751,7251,6970,13
Maharashtra,Amarawati,Chandur Bazar,Soyabean,Yellow,FAQ,04/04/2022,7000,7350,7160,13
Maharashtra,Amarawati,Chandur Bazar,Soyabean,Yellow,FAQ,13/04/2022,6800,7400,7051,13
Maharashtra,Amarawati,Chandur Bazar,Soyabean,Yellow,FAQ,18/04/2022,5581,7200,6899,13
Maharashtra,Amarawati,Chandur Bazar,Soyabean,Yellow,FAQ,19/04/2022,7000,7250,7050,13
Maharashtra,Amarawati,Chandur Bazar,Soyabean,Yellow,FAQ,20/04/2022,6700,7250,7100,13
Maharashtra,Amarawati,Chandur Bazar,Soyabean,Yellow,FAQ,21/04/2022,5800,7100,6660,13
Maharashtra,Amarawati,Chandur Bazar,Soyabean,Yellow,FAQ,17/05/2022,5000,6500,6240,13
Maharashtra,Amarawati,Chandur Bazar,Soyabean,Yellow,FAQ,30/05/2022,5000,6400,6041,13
Maharashtra,Amarawati,Chandur Bazar,Soyabean,Yellow,FAQ,13/06/2022,5500,6461,6160,13
Maharashtra,Amarawati,Chandur Bazar,Soyabean,Yellow,FAQ,06/07/2022,5250,5852,5540,13
Maharashtra,Amarawati,Chandur Bazar,Soyabean,Yellow,FAQ,24/08/2022,5401,5730,5660,13
Maharashtra,Amarawati,Chandur Bazar,Soyabean,Yellow,FAQ,14/09/2022,5000,5336,5260,13
Maharashtra,Amarawati,Chandur Bazar,Soyabean,Yellow,FAQ,22/09/2022,4400,4650,4500,13
Maharashtra,Amarawati,Chandur Bazar,Soyabean,Yellow,FAQ,07/10/2022,4250,4800,4470,13
Maharashtra,Amarawati,Chandur Bazar,Soyabean,Yellow,FAQ,11/10/2022,3885,4862,4350,13
Maharashtra,Amarawati,Chandur Bazar,Soyabean,Yellow,FAQ,31/10/2022,3880,5350,4461,13
Maharashtra,Amarawati,Chandur Bazar,Soyabean,Yellow,FAQ,01/11/2022,3900,5301,4627,13
Maharashtra,Amarawati,Chandur Bazar,Soyabean,Yellow,FAQ,03/11/2022,4250,5551,4751,13
Maharashtra,Amarawati,Chandur Bazar,Soyabean,Yellow,FAQ,04/11/2022,4000,5900,4870,13
Maharashtra,Amarawati,Chandur Bazar,Soyabean,Yellow,FAQ,09/11/2022,4500,6000,5271,13
Maharashtra,Amarawati,Chandur Bazar,Soyabean,Yellow,FAQ,08/12/2022,4300,5375,4750,13
Maharashtra,Amarawati,Chandur Bazar,Soyabean,Yellow,FAQ,13/12/2022,4752,5490,5100,13
Maharashtra,Amarawati,Chandur Bazar,Soyabean,Yellow,FAQ,19/12/2022,4700,5350,5000,13
Maharashtra,Amarawati,Chandur Bazar,Soyabean,Yellow,FAQ,28/12/2022,4600,5370,4971,13
Maharashtra,Amarawati,Chandur Railway,Soyabean,Yellow,FAQ,04/01/2022,5900,6200,6100,13
Maharashtra,Amarawati,Chandur Railway,Soyabean,Yellow,FAQ,13/05/2022,4190,6705,6600,13
Maharashtra,Amarawati,Chandur Railway,Soyabean,Yellow,FAQ,30/05/2022,5800,6160,6000,13
Maharashtra,Amarawati,Chandur Railway,Soyabean,Yellow,FAQ,07/06/2022,6150,6300,6200,13
Maharashtra,Amarawati,Chandur Railway,Soyabean,Yellow,FAQ,16/06/2022,6100,6200,6150,13
Maharashtra,Amarawati,Chandur Railway,Soyabean,Yellow,FAQ,20/06/2022,5800,6050,6000,13
Maharashtra,Amarawati,Chandur Railway,Soyabean,Yellow,FAQ,22/06/2022,5800,5900,5880,13
Maharashtra,Amarawati,Chandur Railway,Soyabean,Yellow,FAQ,24/06/2022,5900,6000,5950,13
Maharashtra,Amarawati,Chandur Railway,Soyabean,Yellow,FAQ,06/07/2022,5850,6000,5950,13
Maharashtra,Amarawati,Chandur Railway,Soyabean,Yellow,FAQ,12/07/2022,6100,6205,6200,13
Maharashtra,Amarawati,Chandur Railway,Soyabean,Yellow,FAQ,08/10/2022,4350,4550,4500,13
Maharashtra,Amarawati,Chandur Railway,Soyabean,Yellow,FAQ,10/11/2022,5245,5550,5400,13
Maharashtra,Amarawati,Chandur Railway,Soyabean,Yellow,FAQ,17/11/2022,5150,5500,5400,13
Maharashtra,Amarawati,Chandur Railway,Soyabean,Yellow,FAQ,09/12/2022,5235,5500,5400,13
Maharashtra,Amarawati,Chandur Railway,Soyabean,Yellow,FAQ,15/12/2022,5165,5355,5300,13
Maharashtra,Amarawati,Chandur Railway,Soyabean,Yellow,FAQ,19/12/2022,5110,5405,5300,13
Maharashtra,Amarawati,Chandur Railway,Soyabean,Yellow,FAQ,28/12/2022,5160,5250,5200,13
Maharashtra,Amarawati,Chandur Railway,Soyabean,Yellow,FAQ,30/12/2022,5025,5270,5175,13
Maharashtra,Amarawati,Chandur Railway,Soyabean,Yellow,FAQ,31/12/2022,5125,5350,5300,13
Maharashtra,Amarawati,Daryapur,Soyabean,Yellow,FAQ,24/01/2022,4400,8005,6200,13
Maharashtra,Amarawati,Daryapur,Soyabean,Yellow,FAQ,31/01/2022,4150,7255,6000,13
Maharashtra,Amarawati,Daryapur,Soyabean,Yellow,FAQ,04/02/2022,4600,7800,6425,13
Maharashtra,Amarawati,Daryapur,Soyabean,Yellow,FAQ,09/02/2022,4700,7370,6360,13
Maharashtra,Amarawati,Daryapur,Soyabean,Yellow,FAQ,02/03/2022,5000,7500,6900,13
Maharashtra,Amarawati,Daryapur,Soyabean,Yellow,FAQ,04/03/2022,4805,7660,7000,13
Maharashtra,Amarawati,Daryapur,Soyabean,Yellow,FAQ,15/03/2022,6500,7625,6900,13
Maharashtra,Amarawati,Daryapur,Soyabean,Yellow,FAQ,16/03/2022,6000,7725,7070,13
Maharashtra,Amarawati,Daryapur,Soyabean,Yellow,FAQ,21/03/2022,4500,7545,6900,13
Maharashtra,Amarawati,Daryapur,Soyabean,Yellow,FAQ,06/04/2022,7000,8000,7300,13
Maharashtra,Amarawati,Daryapur,Soyabean,Yellow,FAQ,09/04/2022,3505,8000,7350,13
Maharashtra,Amarawati,Daryapur,Soyabean,Yellow,FAQ,11/04/2022,5800,7550,6805,13
Maharashtra,Amarawati,Daryapur,Soyabean,Yellow,FAQ,23/04/2022,5000,7810,7150,13
Maharashtra,Amarawati,Daryapur,Soyabean,Yellow,FAQ,11/05/2022,5000,8350,6850,13
Maharashtra,Amarawati,Daryapur,Soyabean,Yellow,FAQ,17/05/2022,5050,8205,6995,13
Maharashtra,Amarawati,Daryapur,Soyabean,Yellow,FAQ,18/05/2022,4805,7250,6870,13
Maharashtra,Amarawati,Daryapur,Soyabean,Yellow,FAQ,30/05/2022,5200,8005,6600,13
Maharashtra,Amarawati,Daryapur,Soyabean,Yellow,FAQ,01/06/2022,4805,7000,6400,13
Maharashtra,Amarawati,Daryapur,Soyabean,Yellow,FAQ,08/06/2022,5500,6980,6250,13
Maharashtra,Amarawati,Daryapur,Soyabean,Yellow,FAQ,25/06/2022,4405,6140,6000,13
Maharashtra,Amarawati,Daryapur,Soyabean,Yellow,FAQ,06/07/2022,5200,6175,6000,13
Maharashtra,Amarawati,Daryapur,Soyabean,Yellow,FAQ,19/07/2022,4905,6335,6075,13
Maharashtra,Amarawati,Daryapur,Soyabean,Yellow,FAQ,22/07/2022,4800,6000,5700,13
Maharashtra,Amarawati,Daryapur,Soyabean,Yellow,FAQ,02/08/2022,5150,6195,5900,13
Maharashtra,Amarawati,Daryapur,Soyabean,Yellow,FAQ,10/08/2022,5050,6330,6050,13
Maharashtra,Amarawati,Daryapur,Soyabean,Yellow,FAQ,13/08/2022,5450,6245,5950,13
Maharashtra,Amarawati,Daryapur,Soyabean,Yellow,FAQ,23/08/2022,4905,5905,5700,13
Maharashtra,Amarawati,Daryapur,Soyabean,Yellow,FAQ,29/08/2022,4805,5440,5180,13
Maharashtra,Amarawati,Daryapur,Soyabean,Yellow,FAQ,02/09/2022,4105,5275,5000,13
Maharashtra,Amarawati,Daryapur,Soyabean,Yellow,FAQ,05/09/2022,3750,5140,4900,13
Maharashtra,Amarawati,Daryapur,Soyabean,Yellow,FAQ,01/10/2022,4200,5205,4925,13
Maharashtra,Amarawati,Daryapur,Soyabean,Yellow,FAQ,03/10/2022,4000,5005,4750,13
Maharashtra,Amarawati,Daryapur,Soyabean,Yellow,FAQ,19/10/2022,3405,5050,4700,13
Maharashtra,Amarawati,Daryapur,Soyabean,Yellow,FAQ,28/10/2022,3600,5405,4900,13
Maharashtra,Amarawati,Daryapur,Soyabean,Yellow,FAQ,29/10/2022,3500,5700,5350,13
Maharashtra,Amarawati,Daryapur,Soyabean,Yellow,FAQ,04/11/2022,4000,5600,4800,13
Maharashtra,Amarawati,Daryapur,Soyabean,Yellow,FAQ,07/11/2022,4200,6800,5650,13
Maharashtra,Amarawati,Daryapur,Soyabean,Yellow,FAQ,09/11/2022,4250,6400,5200,13
Maharashtra,Amarawati,Daryapur,Soyabean,Yellow,FAQ,12/11/2022,4805,7000,5500,13
Maharashtra,Amarawati,Daryapur,Soyabean,Yellow,FAQ,15/11/2022,4575,6800,5300,13
Maharashtra,Amarawati,Daryapur,Soyabean,Yellow,FAQ,22/11/2022,4500,6170,5300,13
Maharashtra,Amarawati,Daryapur,Soyabean,Yellow,FAQ,30/11/2022,4405,5850,5150,13
Maharashtra,Amarawati,Daryapur,Soyabean,Yellow,FAQ,05/12/2022,4500,5800,5100,13
Maharashtra,Amarawati,Daryapur,Soyabean,Yellow,FAQ,06/12/2022,4500,5610,5000,13
Maharashtra,Amarawati,Daryapur,Soyabean,Yellow,FAQ,07/12/2022,4100,5465,5000,13
Maharashtra,Amarawati,Daryapur,Soyabean,Yellow,FAQ,12/12/2022,4405,6000,5200,13
Maharashtra,Amarawati,Daryapur,Soyabean,Yellow,FAQ,19/12/2022,4390,5620,5100,13
Maharashtra,Amarawati,Dhamngaon-Railway,Soyabean,Yellow,FAQ,05/01/2022,5800,6665,6250,13
Maharashtra,Amarawati,Dhamngaon-Railway,Soyabean,Yellow,FAQ,08/01/2022,5700,6840,6150,13
Maharashtra,Amarawati,Dhamngaon-Railway,Soyabean,Yellow,FAQ,11/01/2022,5355,6202,6000,13
Maharashtra,Amarawati,Dhamngaon-Railway,Soyabean,Yellow,FAQ,18/01/2022,5580,6395,6000,13
Maharashtra,Amarawati,Dhamngaon-Railway,Soyabean,Yellow,FAQ,25/01/2022,5650,6495,6150,13
Maharashtra,Amarawati,Dhamngaon-Railway,Soyabean,Yellow,FAQ,29/06/2022,6225,6390,6350,13
Maharashtra,Amarawati,Dhamngaon-Railway,Soyabean,Yellow,FAQ,05/07/2022,5855,6110,5910,13
Maharashtra,Amarawati,Dhamngaon-Railway,Soyabean,Yellow,FAQ,11/07/2022,4805,6230,6100,13
Maharashtra,Amarawati,Dhamngaon-Railway,Soyabean,Yellow,FAQ,19/07/2022,5900,6270,6050,13
Maharashtra,Amarawati,Dhamngaon-Railway,Soyabean,Yellow,FAQ,21/07/2022,5650,6100,5850,13
Maharashtra,Amarawati,Dhamngaon-Railway,Soyabean,Yellow,FAQ,23/07/2022,5385,6080,5960,13
Maharashtra,Amarawati,Dhamngaon-Railway,Soyabean,Yellow,FAQ,05/11/2022,4000,5700,5200,13
Maharashtra,Amarawati,Dhamngaon-Railway,Soyabean,Yellow,FAQ,16/11/2022,4400,5780,5150,13
Maharashtra,Amarawati,Dhamngaon-Railway,Soyabean,Yellow,FAQ,18/11/2022,4400,5825,5050,13
Maharashtra,Amarawati,Morshi,Soyabean,Other,FAQ,21/01/2022,5200,5800,5500,13
Maharashtra,Amarawati,Morshi,Soyabean,Other,FAQ,24/01/2022,5800,6935,6367,13
Maharashtra,Amarawati,Morshi,Soyabean,Other,FAQ,25/01/2022,5700,5800,5750,13
Maharashtra,Amarawati,Morshi,Soyabean,Other,FAQ,10/02/2022,5825,6270,6050,13
Maharashtra,Amarawati,Morshi,Soyabean,Other,FAQ,26/02/2022,6028,6650,6325,13
Maharashtra,Amarawati,Morshi,Soyabean,Other,FAQ,17/03/2022,6500,7000,6750,13
Maharashtra,Amarawati,Morshi,Soyabean,Other,FAQ,25/04/2022,6000,7000,6500,13
Maharashtra,Amarawati,Morshi,Soyabean,Other,FAQ,19/05/2022,6050,6300,6175,13
Maharashtra,Amarawati,Morshi,Soyabean,Other,FAQ,21/07/2022,5800,5950,5875,13
Maharashtra,Amarawati,Morshi,Soyabean,Other,FAQ,25/08/2022,5200,5500,5350,13
Maharashtra,Amarawati,Morshi,Soyabean,Other,FAQ,29/09/2022,4500,4800,4650,13
Maharashtra,Amarawati,Morshi,Soyabean,Other,FAQ,17/11/2022,5000,5400,5200,13
Maharashtra,Amarawati,Morshi,Soyabean,Other,FAQ,24/11/2022,5200,5500,5350,13
Maharashtra,Amarawati,Morshi,Soyabean,Other,FAQ,09/12/2022,5150,5400,5275,13
Maharashtra,Amarawati,Nandgaon Khandeshwar,Soyabean,Yellow,FAQ,06/01/2022,5675,6180,5927,13
Maharashtra,Amarawati,Nandgaon Khandeshwar,Soyabean,Yellow,FAQ,07/01/2022,5750,6200,5975,13
Maharashtra,Amarawati,Nandgaon Khandeshwar,Soyabean,Yellow,FAQ,21/01/2022,5750,6150,5950,13
Maharashtra,Amarawati,Nandgaon Khandeshwar,Soyabean,Yellow,FAQ,31/01/2022,5640,5900,5770,13
Maharashtra,Amarawati,Nandgaon Khandeshwar,Soyabean,Yellow,FAQ,09/02/2022,5575,6265,6020,13
Maharashtra,Amarawati,Nandgaon Khandeshwar,Soyabean,Yellow,FAQ,10/02/2022,5945,6365,6155,13
Maharashtra,Amarawati,Nandgaon Khandeshwar,Soyabean,Yellow,FAQ,23/02/2022,6400,7000,6700,13
Maharashtra,Amarawati,Nandgaon Khandeshwar,Soyabean,Yellow,FAQ,11/07/2022,5950,6230,6090,13
Maharashtra,Amarawati,Nandgaon Khandeshwar,Soyabean,Yellow,FAQ,14/07/2022,5850,6080,5965,13
Maharashtra,Amarawati,Nandgaon Khandeshwar,Soyabean,Yellow,FAQ,19/07/2022,5950,6230,6090,13
Maharashtra,Amarawati,Nandgaon Khandeshwar,Soyabean,Yellow,FAQ,25/07/2022,5635,5855,5745,13
Maharashtra,Amarawati,Achalpur,Soyabean,Other,FAQ,04/01/2022,5900,6000,5900,13
Maharashtra,Amarawati,Achalpur,Soyabean,Other,FAQ,15/01/2022,5800,6100,5950,13
Maharashtra,Amarawati,Achalpur,Soyabean,Other,FAQ,14/02/2022,5800,6150,5975,13
Maharashtra,Amarawati,Achalpur,Soyabean,Other,FAQ,16/06/2022,5500,6450,5975,13
Maharashtra,Amarawati,Achalpur,Soyabean,Other,FAQ,22/06/2022,5800,6200,6000,13
Maharashtra,Amarawati,Achalpur,Soyabean,Other,FAQ,27/06/2022,5800,6100,5950,13
Maharashtra,Amarawati,Achalpur,Soyabean,Other,FAQ,25/07/2022,5700,6000,5850,13
Maharashtra,Amarawati,Achalpur,Soyabean,Other,FAQ,08/08/2022,5900,6100,6000,13
Maharashtra,Amarawati,Achalpur,Soyabean,Other,FAQ,15/10/2022,3000,5000,4000,13
Maharashtra,Amarawati,Achalpur,Soyabean,Other,FAQ,17/10/2022,3000,5000,4000,13
Maharashtra,Amarawati,Achalpur,Soyabean,Other,FAQ,20/10/2022,3500,5000,4250,13
Maharashtra,Amarawati,Achalpur,Soyabean,Other,FAQ,15/11/2022,5000,5300,5150,13
Maharashtra,Amarawati,Achalpur,Soyabean,Other,FAQ,19/11/2022,5100,5400,5250,13
Maharashtra,Amarawati,Achalpur,Soyabean,Other,FAQ,06/12/2022,5200,5300,5250,13
Maharashtra,Amarawati,Achalpur,Soyabean,Other,FAQ,09/12/2022,5000,5500,5250,13
Maharashtra,Amarawati,Amarawati,Soyabean,Other,FAQ,01/01/2022,5700,6150,5925,13
Maharashtra,Amarawati,Amarawati,Soyabean,Other,FAQ,03/01/2022,5800,6299,6050,13
Maharashtra,Amarawati,Amarawati,Soyabean,Other,FAQ,10/01/2022,5800,6228,6014,13
Maharashtra,Amarawati,Amarawati,Soyabean,Other,FAQ,25/01/2022,5700,6055,5878,13
Maharashtra,Amarawati,Amarawati,Soyabean,Other,FAQ,03/02/2022,6500,7150,6825,13
Maharashtra,Amarawati,Amarawati,Soyabean,Other,FAQ,09/02/2022,5800,6151,5975,13
Maharashtra,Amarawati,Amarawati,Soyabean,Other,FAQ,15/02/2022,5800,6400,6100,13
Maharashtra,Amarawati,Amarawati,Soyabean,Other,FAQ,17/02/2022,5800,6425,6113,13
Maharashtra,Amarawati,Amarawati,Soyabean,Other,FAQ,22/02/2022,6150,6675,6413,13
Maharashtra,Amarawati,Amarawati,Soyabean,Other,FAQ,24/02/2022,6750,7250,7000,13
Maharashtra,Amarawati,Amarawati,Soyabean,Other,FAQ,28/02/2022,6500,7200,6850,13
Maharashtra,Amarawati,Amarawati,Soyabean,Other,FAQ,04/03/2022,6450,7000,6725,13
Maharashtra,Amarawati,Amarawati,Soyabean,Other,FAQ,05/03/2022,6350,6990,6670,13
Maharashtra,Amarawati,Amarawati,Soyabean,Other,FAQ,07/03/2022,6500,7080,6790,13
Maharashtra,Amarawati,Amarawati,Soyabean,Other,FAQ,10/03/2022,6200,7230,6715,13
Maharashtra,Amarawati,Amarawati,Soyabean,Other,FAQ,15/03/2022,6500,7100,6800,13
Maharashtra,Amarawati,Amarawati,Soyabean,Other,FAQ,23/03/2022,6650,7045,6847,13
Maharashtra,Amarawati,Amarawati,Soyabean,Other,FAQ,04/04/2022,6500,7200,6850,13
Maharashtra,Amarawati,Amarawati,Soyabean,Other,FAQ,13/04/2022,6750,7336,7043,13
Maharashtra,Amarawati,Achalpur,Soyabean,Other,FAQ,31/05/2021,6800,7500,7150,13
Maharashtra,Amarawati,Achalpur,Soyabean,Other,FAQ,12/07/2021,6500,7200,6850,13
Maharashtra,Amarawati,Achalpur,Soyabean,Other,FAQ,01/11/2021,4500,5100,4775,13
Maharashtra,Amarawati,Achalpur,Soyabean,Other,FAQ,09/12/2021,6000,6650,6325,13
Maharashtra,Amarawati,Achalpur,Soyabean,Other,FAQ,21/12/2021,6000,6200,6100,13
Maharashtra,Amarawati,Achalpur,Soyabean,Other,FAQ,24/12/2021,5850,6300,6075,13
Maharashtra,Amarawati,Amarawati,Soyabean,Other,FAQ,02/01/2021,3500,4300,3900,13
Maharashtra,Amarawati,Amarawati,Soyabean,Other,FAQ,05/02/2021,3700,4400,4050,13
Maharashtra,Amarawati,Amarawati,Soyabean,Other,FAQ,09/02/2021,3700,4450,4075,13
Maharashtra,Amarawati,Amarawati,Soyabean,Other,FAQ,15/02/2021,3800,4625,4213,13
Maharashtra,Amarawati,Amarawati,Soyabean,Other,FAQ,24/03/2021,5100,5500,5300,13
Maharashtra,Amarawati,Amarawati,Soyabean,Other,FAQ,26/03/2021,5100,5600,5350,13
Maharashtra,Amarawati,Amarawati,Soyabean,Other,FAQ,03/04/2021,5800,6200,6000,13
Maharashtra,Amarawati,Amarawati,Soyabean,Other,FAQ,06/05/2021,6700,7100,6900,13
Maharashtra,Amarawati,Amarawati,Soyabean,Other,FAQ,24/05/2021,6650,7000,6825,13
Maharashtra,Amarawati,Amarawati,Soyabean,Other,FAQ,27/05/2021,6750,7050,6900,13
Maharashtra,Amarawati,Amarawati,Soyabean,Other,FAQ,31/05/2021,6700,7000,6850,13
Maharashtra,Amarawati,Amarawati,Soyabean,Other,FAQ,15/06/2021,6600,6800,6700,13
Maharashtra,Amarawati,Amarawati,Soyabean,Other,FAQ,16/06/2021,6650,6850,6750,13
Maharashtra,Amarawati,Amarawati,Soyabean,Other,FAQ,19/06/2021,6500,6800,6650,13
Maharashtra,Amarawati,Amarawati,Soyabean,Other,FAQ,21/06/2021,6500,6850,6675,13
Maharashtra,Amarawati,Amarawati,Soyabean,Other,FAQ,22/06/2021,6700,7000,6850,13
Maharashtra,Amarawati,Amarawati,Soyabean,Other,FAQ,28/07/2021,9000,9400,9200,13
Maharashtra,Amarawati,Amarawati,Soyabean,Other,FAQ,15/11/2021,5800,6400,6100,13
Maharashtra,Amarawati,Amarawati,Soyabean,Other,FAQ,01/12/2021,5650,6150,5900,13
Maharashtra,Amarawati,Amarawati,Soyabean,Other,FAQ,18/12/2021,5750,7902,6826,13
Maharashtra,Amarawati,Amarawati,Soyabean,Other,FAQ,22/12/2021,5650,7300,6475,13
Maharashtra,Amarawati,Amarawati,Soyabean,Other,FAQ,23/12/2021,5750,7250,6500,13
Maharashtra,Amarawati,Amarawati,Soyabean,Other,FAQ,28/12/2021,5700,7250,6475,13
Maharashtra,Amarawati,Amarawati,Soyabean,Other,FAQ,29/12/2021,5700,7100,6400,13
Maharashtra,Amarawati,Anajngaon,Soyabean,Yellow,FAQ,03/01/2021,3500,4300,3900,13
Maharashtra,Amarawati,Anajngaon,Soyabean,Yellow,FAQ,03/02/2021,3800,4250,4050,13
Maharashtra,Amarawati,Anajngaon,Soyabean,Yellow,FAQ,25/06/2021,6000,7000,6500,13
Maharashtra,Amarawati,Anajngaon,Soyabean,Yellow,FAQ,11/08/2021,6500,7500,7000,13
Maharashtra,Amarawati,Anajngaon,Soyabean,Yellow,FAQ,20/10/2021,3500,4900,4400,13
Maharashtra,Amarawati,Anajngaon,Soyabean,Yellow,FAQ,10/12/2021,5500,6651,6100,13
Maharashtra,Amarawati,Anajngaon,Soyabean,Yellow,FAQ,12/12/2021,5500,6800,6200,13
Maharashtra,Amarawati,Chandur Bazar,Soyabean,Yellow,FAQ,17/02/2021,3800,4200,4030,13
Maharashtra,Amarawati,Chandur Bazar,Soyabean,Yellow,FAQ,26/02/2021,4150,5001,4630,13
Maharashtra,Amarawati,Chandur Bazar,Soyabean,Yellow,FAQ,04/05/2021,5500,7000,6750,13
Maharashtra,Amarawati,Chandur Bazar,Soyabean,Yellow,FAQ,06/05/2021,5500,7351,6790,13
Maharashtra,Amarawati,Chandur Bazar,Soyabean,Yellow,FAQ,01/06/2021,6250,6900,6801,13
Maharashtra,Amarawati,Chandur Bazar,Soyabean,Yellow,FAQ,08/06/2021,6650,7351,7000,13
Maharashtra,Amarawati,Chandur Bazar,Soyabean,Yellow,FAQ,09/06/2021,6900,7180,7000,13
Maharashtra,Amarawati,Chandur Bazar,Soyabean,Yellow,FAQ,18/06/2021,6210,6900,6515,13
Maharashtra,Amarawati,Chandur Bazar,Soyabean,Yellow,FAQ,21/06/2021,6320,7100,6825,13
Maharashtra,Amarawati,Chandur Bazar,Soyabean,Yellow,FAQ,30/07/2021,7100,9821,9100,13
Maharashtra,Amarawati,Chandur Bazar,Soyabean,Yellow,FAQ,03/09/2021,7000,8500,7770,13
Maharashtra,Amarawati,Chandur Bazar,Soyabean,Yellow,FAQ,21/09/2021,4000,5501,4650,13
Maharashtra,Amarawati,Chandur Bazar,Soyabean,Yellow,FAQ,29/09/2021,3900,5351,5025,13
Maharashtra,Amarawati,Chandur Bazar,Soyabean,Yellow,FAQ,15/11/2021,4000,5601,5051,13
Maharashtra,Amarawati,Chandur Bazar,Soyabean,Yellow,FAQ,13/12/2021,5801,6501,6340,13
Maharashtra,Amarawati,Chandur Bazar,Soyabean,Yellow,FAQ,14/12/2021,6000,6700,6566,13
Maharashtra,Amarawati,Chandur Railway,Soyabean,Yellow,FAQ,01/01/2021,3500,4340,3875,13
Maharashtra,Amarawati,Chandur Railway,Soyabean,Yellow,FAQ,21/01/2021,3650,4280,3900,13
Maharashtra,Amarawati,Chandur Railway,Soyabean,Yellow,FAQ,05/06/2021,6250,6850,6500,13
Maharashtra,Amarawati,Chandur Railway,Soyabean,Yellow,FAQ,15/06/2021,5925,5925,5925,13
Maharashtra,Amarawati,Chandur Railway,Soyabean,Yellow,FAQ,29/06/2021,6750,6895,6825,13
Maharashtra,Amarawati,Chandur Railway,Soyabean,Yellow,FAQ,15/07/2021,7200,7200,7200,13
Maharashtra,Amarawati,Chandur Railway,Soyabean,Yellow,FAQ,16/07/2021,7330,7330,7330,13
Maharashtra,Amarawati,Chandur Railway,Soyabean,Yellow,FAQ,24/11/2021,6000,6550,6400,13
Maharashtra,Amarawati,Chandur Railway,Soyabean,Yellow,FAQ,27/12/2021,5954,6200,6100,13
Maharashtra,Amarawati,Daryapur,Soyabean,Yellow,FAQ,18/01/2021,3055,4430,4155,13
Maharashtra,Amarawati,Daryapur,Soyabean,Yellow,FAQ,15/02/2021,3850,4850,4600,13
Maharashtra,Amarawati,Daryapur,Soyabean,Yellow,FAQ,01/03/2021,3800,5170,4875,13
Maharashtra,Amarawati,Daryapur,Soyabean,Yellow,FAQ,13/03/2021,4950,5700,5245,13
Maharashtra,Amarawati,Daryapur,Soyabean,Yellow,FAQ,05/04/2021,5700,6300,6200,13
Maharashtra,Amarawati,Daryapur,Soyabean,Yellow,FAQ,02/06/2021,5605,7500,7000,13
Maharashtra,Amarawati,Daryapur,Soyabean,Yellow,FAQ,26/10/2021,1500,5000,4750,13
Maharashtra,Amarawati,Daryapur,Soyabean,Yellow,FAQ,15/11/2021,3355,9000,5600,13
Maharashtra,Amarawati,Daryapur,Soyabean,Yellow,FAQ,20/11/2021,3625,9000,5900,13
Maharashtra,Amarawati,Daryapur,Soyabean,Yellow,FAQ,29/11/2021,4800,7350,5800,13
Maharashtra,Amarawati,Daryapur,Soyabean,Yellow,FAQ,03/12/2021,3200,7575,6000,13
Maharashtra,Amarawati,Daryapur,Soyabean,Yellow,FAQ,18/12/2021,4500,8600,6550,13
Maharashtra,Amarawati,Daryapur,Soyabean,Yellow,FAQ,20/12/2021,4200,7805,5900,13
Maharashtra,Amarawati,Daryapur,Soyabean,Yellow,FAQ,22/12/2021,4200,7400,5800,13
Maharashtra,Amarawati,Dhamngaon-Railway,Soyabean,Yellow,FAQ,23/01/2021,3400,4345,4000,13
Maharashtra,Amarawati,Dhamngaon-Railway,Soyabean,Yellow,FAQ,02/02/2021,3500,4410,4000,13
Maharashtra,Amarawati,Dhamngaon-Railway,Soyabean,Yellow,FAQ,09/02/2021,3600,4420,4000,13
Maharashtra,Amarawati,Dhamngaon-Railway,Soyabean,Yellow,FAQ,10/02/2021,3500,4700,4200,13
Maharashtra,Amarawati,Dhamngaon-Railway,Soyabean,Yellow,FAQ,12/02/2021,3850,4700,4250,13
Maharashtra,Amarawati,Dhamngaon-Railway,Soyabean,Yellow,FAQ,06/03/2021,4400,5130,4750,13
Maharashtra,Amarawati,Dhamngaon-Railway,Soyabean,Yellow,FAQ,26/03/2021,4000,5870,5000,13
Maharashtra,Amarawati,Dhamngaon-Railway,Soyabean,Yellow,FAQ,07/04/2021,5700,6530,6230,13
Maharashtra,Amarawati,Dhamngaon-Railway,Soyabean,Yellow,FAQ,03/05/2021,6090,6790,6500,13
Maharashtra,Amarawati,Dhamngaon-Railway,Soyabean,Yellow,FAQ,09/08/2021,7000,9150,8000,13
Maharashtra,Amarawati,Dhamngaon-Railway,Soyabean,Yellow,FAQ,14/08/2021,6505,8485,7500,13
Maharashtra,Amarawati,Dhamngaon-Railway,Soyabean,Yellow,FAQ,25/08/2021,7300,8200,7850,13
Maharashtra,Amarawati,Dhamngaon-Railway,Soyabean,Yellow,FAQ,02/09/2021,5900,7050,6050,13
Maharashtra,Amarawati,Dhamngaon-Railway,Soyabean,Yellow,FAQ,24/09/2021,4500,6205,5500,13
Maharashtra,Amarawati,Dhamngaon-Railway,Soyabean,Yellow,FAQ,28/09/2021,4000,6100,5200,13
Maharashtra,Amarawati,Dhamngaon-Railway,Soyabean,Yellow,FAQ,16/10/2021,4200,5025,4650,13
Maharashtra,Amarawati,Dhamngaon-Railway,Soyabean,Yellow,FAQ,18/10/2021,4100,4950,4500,13
Maharashtra,Amarawati,Dhamngaon-Railway,Soyabean,Yellow,FAQ,27/10/2021,4000,4950,4500,13
Maharashtra,Amarawati,Dhamngaon-Railway,Soyabean,Yellow,FAQ,28/10/2021,4000,4950,4550,13
Maharashtra,Amarawati,Dhamngaon-Railway,Soyabean,Yellow,FAQ,10/11/2021,4300,5400,5000,13
Maharashtra,Amarawati,Dhamngaon-Railway,Soyabean,Yellow,FAQ,27/11/2021,5850,6740,6250,13
Maharashtra,Amarawati,Dhamngaon-Railway,Soyabean,Yellow,FAQ,13/12/2021,5400,6875,6150,13
Maharashtra,Amarawati,Dhamngaon-Railway,Soyabean,Yellow,FAQ,29/12/2021,5815,6735,6350,13
Maharashtra,Amarawati,Morshi,Soyabean,Other,FAQ,01/02/2021,3800,4275,4033,13
Maharashtra,Amarawati,Morshi,Soyabean,Other,FAQ,12/02/2021,3400,3600,3500,13
Maharashtra,Amarawati,Morshi,Soyabean,Other,FAQ,12/03/2021,4600,5200,4812,13
Maharashtra,Amarawati,Morshi,Soyabean,Other,FAQ,15/03/2021,4800,5230,5015,13
Maharashtra,Amarawati,Morshi,Soyabean,Other,FAQ,22/03/2021,4700,5051,4875,13
Maharashtra,Amarawati,Morshi,Soyabean,Other,FAQ,01/04/2021,5000,5820,5410,13
Maharashtra,Amarawati,Morshi,Soyabean,Other,FAQ,03/04/2021,5500,5710,5605,13
Maharashtra,Amarawati,Morshi,Soyabean,Other,FAQ,22/04/2021,6500,7525,7012,13
Maharashtra,Amarawati,Morshi,Soyabean,Other,FAQ,29/04/2021,6000,6500,6250,13
Maharashtra,Amarawati,Morshi,Soyabean,Other,FAQ,03/05/2021,6400,6580,6490,13
Maharashtra,Amarawati,Morshi,Soyabean,Other,FAQ,03/06/2021,6300,6500,6400,13
Maharashtra,Amarawati,Morshi,Soyabean,Other,FAQ,12/07/2021,7000,7330,7165,13
Maharashtra,Amarawati,Morshi,Soyabean,Other,FAQ,15/07/2021,7000,7200,7100,13
Maharashtra,Amarawati,Morshi,Soyabean,Other,FAQ,19/08/2021,7500,8500,8000,13
Maharashtra,Amarawati,Morshi,Soyabean,Other,FAQ,23/08/2021,7000,8000,7500,13
Maharashtra,Amarawati,Morshi,Soyabean,Other,FAQ,16/09/2021,6500,7500,7000,13
Maharashtra,Amarawati,Morshi,Soyabean,Other,FAQ,19/10/2021,4200,5070,4635,13
Maharashtra,Amarawati,Morshi,Soyabean,Other,FAQ,22/10/2021,4000,4900,4347,13
Maharashtra,Amarawati,Morshi,Soyabean,Other,FAQ,25/10/2021,4000,4685,4342,13
Maharashtra,Amarawati,Morshi,Soyabean,Other,FAQ,26/10/2021,4000,4770,4385,13
Maharashtra,Amarawati,Morshi,Soyabean,Other,FAQ,09/11/2021,4200,4950,4575,13
Maharashtra,Amarawati,Morshi,Soyabean,Other,FAQ,12/11/2021,4900,5350,5125,13
Maharashtra,Amarawati,Morshi,Soyabean,Other,FAQ,19/11/2021,4500,6000,5250,13
Maharashtra,Amarawati,Morshi,Soyabean,Other,FAQ,26/11/2021,6500,6750,6625,13
Maharashtra,Amarawati,Morshi,Soyabean,Other,FAQ,06/12/2021,6200,6750,6475,13
Maharashtra,Amarawati,Morshi,Soyabean,Other,FAQ,07/12/2021,6000,6450,6225,13
Maharashtra,Amarawati,Nandgaon Khandeshwar,Soyabean,Yellow,FAQ,14/01/2021,4100,4315,4207,13
Maharashtra,Amarawati,Nandgaon Khandeshwar,Soyabean,Yellow,FAQ,19/01/2021,4050,4375,4212,13
Maharashtra,Amarawati,Nandgaon Khandeshwar,Soyabean,Yellow,FAQ,22/01/2021,4165,4375,4270,13
Maharashtra,Amarawati,Nandgaon Khandeshwar,Soyabean,Yellow,FAQ,25/01/2021,4050,4300,4150,13
Maharashtra,Amarawati,Nandgaon Khandeshwar,Soyabean,Yellow,FAQ,08/02/2021,4250,4500,4375,13
Maharashtra,Amarawati,Nandgaon Khandeshwar,Soyabean,Yellow,FAQ,09/02/2021,4500,4700,4600,13
Maharashtra,Amarawati,Nandgaon Khandeshwar,Soyabean,Yellow,FAQ,26/02/2021,4100,4900,4550,13
Maharashtra,Amarawati,Nandgaon Khandeshwar,Soyabean,Yellow,FAQ,06/03/2021,4550,4910,4740,13
Maharashtra,Amarawati,Nandgaon Khandeshwar,Soyabean,Yellow,FAQ,09/03/2021,4750,4950,4850,13
Maharashtra,Amarawati,Nandgaon Khandeshwar,Soyabean,Yellow,FAQ,12/03/2021,4950,5200,5125,13
Maharashtra,Amarawati,Nandgaon Khandeshwar,Soyabean,Yellow,FAQ,26/06/2021,6550,6920,6735,13
Maharashtra,Amarawati,Nandgaon Khandeshwar,Soyabean,Yellow,FAQ,02/12/2021,5850,6250,6050,13
Maharashtra,Amarawati,Nandgaon Khandeshwar,Soyabean,Yellow,FAQ,08/12/2021,6000,6375,6187,13
Maharashtra,Amarawati,Nandgaon Khandeshwar,Soyabean,Yellow,FAQ,22/12/2021,5600,5900,5750,13
Maharashtra,Amarawati,Varud(Rajura Bazar),Soyabean,Yellow,FAQ,19/08/2021,7001,8501,8000,13
Maharashtra,Amarawati,Varud(Rajura Bazar),Soyabean,Yellow,FAQ,16/12/2021,2499,6180,5459,13
Maharashtra,Amarawati,Amarawati,Soyabean,Other,FAQ,03/10/2023,4450,4600,4525,13
Maharashtra,Amarawati,Amarawati,Soyabean,Other,FAQ,10/10/2023,4350,4514,4432,13
Maharashtra,Amarawati,Amarawati,Soyabean,Other,FAQ,11/10/2023,4200,4425,4312,13
Maharashtra,Amarawati,Amarawati,Soyabean,Other,FAQ,13/10/2023,4200,4375,4287,13
Maharashtra,Amarawati,Amarawati,Soyabean,Other,FAQ,16/10/2023,4250,4450,4350,13
Maharashtra,Amarawati,Amarawati,Soyabean,Other,FAQ,26/10/2023,4250,4561,4405,13
Maharashtra,Amarawati,Amarawati,Soyabean,Other,FAQ,01/11/2023,4450,4670,4560,13
Maharashtra,Amarawati,Amarawati,Soyabean,Other,FAQ,03/11/2023,4650,4791,4720,13
Maharashtra,Amarawati,Amarawati,Soyabean,Other,FAQ,08/11/2023,4750,4861,4805,13
Maharashtra,Amarawati,Amarawati,Soyabean,Other,FAQ,16/11/2023,5000,5156,5078,13
Maharashtra,Amarawati,Amarawati,Soyabean,Other,FAQ,23/11/2023,5000,5071,5035,13
Maharashtra,Amarawati,Amarawati,Soyabean,Other,FAQ,05/12/2023,4700,4770,4735,13
Maharashtra,Amarawati,Amarawati,Soyabean,Other,FAQ,06/12/2023,4650,4727,4688,13
Maharashtra,Amarawati,Amarawati,Soyabean,Other,FAQ,07/12/2023,4650,4741,4695,13
Maharashtra,Amarawati,Amarawati,Soyabean,Other,FAQ,15/12/2023,4675,4751,4713,13
Maharashtra,Amarawati,Anajngaon,Soyabean,Yellow,FAQ,01/02/2023,4800,5200,5000,13
Maharashtra,Amarawati,Anajngaon,Soyabean,Yellow,FAQ,05/02/2023,4800,5100,5000,13
Maharashtra,Amarawati,Anajngaon,Soyabean,Yellow,FAQ,08/02/2023,4700,5100,5000,13
Maharashtra,Amarawati,Anajngaon,Soyabean,Yellow,FAQ,22/02/2023,5000,5250,5100,13
Maharashtra,Amarawati,Anajngaon,Soyabean,Yellow,FAQ,01/03/2023,4800,4955,4850,13
Maharashtra,Amarawati,Anajngaon,Soyabean,Yellow,FAQ,10/03/2023,4900,5060,5000,13
Maharashtra,Amarawati,Anajngaon,Soyabean,Yellow,FAQ,15/03/2023,4500,4900,4775,13
Maharashtra,Amarawati,Anajngaon,Soyabean,Yellow,FAQ,05/04/2023,4600,5100,5000,13
Maharashtra,Amarawati,Anajngaon,Soyabean,Yellow,FAQ,12/04/2023,4700,5151,5000,13
Maharashtra,Amarawati,Anajngaon,Soyabean,Yellow,FAQ,16/04/2023,4800,5000,4900,13
Maharashtra,Amarawati,Anajngaon,Soyabean,Yellow,FAQ,07/05/2023,4700,5000,4900,13
Maharashtra,Amarawati,Anajngaon,Soyabean,Yellow,FAQ,10/05/2023,4700,4900,4800,13
Maharashtra,Amarawati,Anajngaon,Soyabean,Yellow,FAQ,19/05/2023,4100,4700,4500,13
Maharashtra,Amarawati,Anajngaon,Soyabean,Yellow,FAQ,28/05/2023,4500,4700,4600,13
Maharashtra,Amarawati,Anajngaon,Soyabean,Yellow,FAQ,07/06/2023,4500,4750,4600,13
Maharashtra,Amarawati,Anajngaon,Soyabean,Yellow,FAQ,11/06/2023,4400,4770,4600,13
Maharashtra,Amarawati,Anajngaon,Soyabean,Yellow,FAQ,25/06/2023,4300,4850,4500,13
Maharashtra,Amarawati,Anajngaon,Soyabean,Yellow,FAQ,30/06/2023,4400,4850,4600,13
Maharashtra,Amarawati,Anajngaon,Soyabean,Yellow,FAQ,05/07/2023,4400,4910,4700,13
Maharashtra,Amarawati,Anajngaon,Soyabean,Yellow,FAQ,21/07/2023,4200,4725,4450,13
Maharashtra,Amarawati,Anajngaon,Soyabean,Yellow,FAQ,28/07/2023,4500,4700,4600,13
Maharashtra,Amarawati,Anajngaon,Soyabean,Yellow,FAQ,04/08/2023,4000,4821,4450,13
Maharashtra,Amarawati,Anajngaon,Soyabean,Yellow,FAQ,11/10/2023,3600,4300,4000,13
Maharashtra,Amarawati,Anajngaon,Soyabean,Yellow,FAQ,17/10/2023,3900,4600,4300,13
Maharashtra,Amarawati,Anajngaon,Soyabean,Yellow,FAQ,20/10/2023,4000,4600,4300,13
Maharashtra,Amarawati,Anajngaon,Soyabean,Yellow,FAQ,21/10/2023,4100,4760,4400,13
Maharashtra,Amarawati,Anajngaon,Soyabean,Yellow,FAQ,25/10/2023,4000,4600,4300,13
Maharashtra,Amarawati,Anajngaon,Soyabean,Yellow,FAQ,07/11/2023,4000,4800,4550,13
Maharashtra,Amarawati,Anajngaon,Soyabean,Yellow,FAQ,18/11/2023,4600,5040,4900,13
Maharashtra,Amarawati,Anajngaon,Soyabean,Yellow,FAQ,09/12/2023,4500,4740,4600,13
Maharashtra,Amarawati,Anajngaon,Soyabean,Yellow,FAQ,22/12/2023,4000,4600,4350,13
Maharashtra,Amarawati,Anajngaon,Soyabean,Yellow,FAQ,26/12/2023,4000,4640,4400,13
Maharashtra,Amarawati,Chandur Bazar,Soyabean,Yellow,FAQ,30/01/2023,4500,5180,4850,13
Maharashtra,Amarawati,Chandur Bazar,Soyabean,Yellow,FAQ,06/02/2023,4500,5151,4878,13
Maharashtra,Amarawati,Chandur Bazar,Soyabean,Yellow,FAQ,09/02/2023,4500,5100,4800,13
Maharashtra,Amarawati,Chandur Bazar,Soyabean,Yellow,FAQ,10/02/2023,4500,5100,4950,13
Maharashtra,Amarawati,Chandur Bazar,Soyabean,Yellow,FAQ,13/02/2023,4700,5250,5091,13
Maharashtra,Amarawati,Chandur Bazar,Soyabean,Yellow,FAQ,29/03/2023,4500,5100,4785,13
Maharashtra,Amarawati,Chandur Bazar,Soyabean,Yellow,FAQ,03/04/2023,4600,5256,4890,13
Maharashtra,Amarawati,Chandur Bazar,Soyabean,Yellow,FAQ,19/04/2023,4650,5086,4830,13
Maharashtra,Amarawati,Chandur Bazar,Soyabean,Yellow,FAQ,02/05/2023,4350,4900,4780,13
Maharashtra,Amarawati,Chandur Bazar,Soyabean,Yellow,FAQ,08/05/2023,4500,5280,5018,13
Maharashtra,Amarawati,Chandur Bazar,Soyabean,Yellow,FAQ,17/05/2023,4490,4851,4670,13
Maharashtra,Amarawati,Chandur Bazar,Soyabean,Yellow,FAQ,22/05/2023,4300,4916,4600,13
Maharashtra,Amarawati,Chandur Bazar,Soyabean,Yellow,FAQ,06/06/2023,4200,4800,4560,13
Maharashtra,Amarawati,Chandur Bazar,Soyabean,Yellow,FAQ,09/06/2023,4200,4800,4550,13
Maharashtra,Amarawati,Chandur Bazar,Soyabean,Yellow,FAQ,23/06/2023,4300,4900,4660,13
Maharashtra,Amarawati,Chandur Bazar,Soyabean,Yellow,FAQ,05/07/2023,4100,5000,4725,13
Maharashtra,Amarawati,Chandur Bazar,Soyabean,Yellow,FAQ,12/07/2023,4410,4840,4602,13
Maharashtra,Amarawati,Chandur Bazar,Soyabean,Yellow,FAQ,13/07/2023,4250,4860,4555,13
Maharashtra,Amarawati,Chandur Bazar,Soyabean,Yellow,FAQ,04/09/2023,3050,5000,4020,13
Maharashtra,Amarawati,Chandur Bazar,Soyabean,Yellow,FAQ,06/09/2023,3050,4910,4580,13
Maharashtra,Amarawati,Chandur Bazar,Soyabean,Yellow,FAQ,26/09/2023,4300,4750,4570,13
Maharashtra,Amarawati,Chandur Bazar,Soyabean,Yellow,FAQ,06/10/2023,4000,4450,4225,13
Maharashtra,Amarawati,Chandur Bazar,Soyabean,Yellow,FAQ,11/10/2023,3700,4400,4050,13
Maharashtra,Amarawati,Chandur Bazar,Soyabean,Yellow,FAQ,16/10/2023,3500,4600,4050,13
Maharashtra,Amarawati,Chandur Bazar,Soyabean,Yellow,FAQ,18/10/2023,3500,4560,4200,13
Maharashtra,Amarawati,Chandur Bazar,Soyabean,Yellow,FAQ,23/10/2023,4000,4970,4425,13
Maharashtra,Amarawati,Chandur Bazar,Soyabean,Yellow,FAQ,08/11/2023,4000,4850,4610,13
Maharashtra,Amarawati,Chandur Bazar,Soyabean,Yellow,FAQ,09/11/2023,4000,4900,4450,13
Maharashtra,Amarawati,Chandur Bazar,Soyabean,Yellow,FAQ,23/11/2023,4400,5140,4740,13
Maharashtra,Amarawati,Chandur Bazar,Soyabean,Yellow,FAQ,24/11/2023,4400,5050,4800,13
Maharashtra,Amarawati,Chandur Bazar,Soyabean,Yellow,FAQ,08/12/2023,4500,4850,4600,13
Maharashtra,Amarawati,Chandur Bazar,Soyabean,Yellow,FAQ,18/12/2023,4400,4750,4562,13
Maharashtra,Amarawati,Chandur Railway,Soyabean,Yellow,FAQ,03/01/2023,5100,5450,5300,13
Maharashtra,Amarawati,Chandur Railway,Soyabean,Yellow,FAQ,19/01/2023,5100,5230,5200,13
Maharashtra,Amarawati,Chandur Railway,Soyabean,Yellow,FAQ,03/02/2023,4950,5075,5000,13
Maharashtra,Amarawati,Chandur Railway,Soyabean,Yellow,FAQ,24/05/2023,4650,4850,4800,13
Maharashtra,Amarawati,Chandur Railway,Soyabean,Yellow,FAQ,26/05/2023,4600,4835,4800,13
Maharashtra,Amarawati,Chandur Railway,Soyabean,Yellow,FAQ,04/07/2023,4700,5025,4850,13
Maharashtra,Amarawati,Chandur Railway,Soyabean,Yellow,FAQ,05/07/2023,5000,5011,5005,13
Maharashtra,Amarawati,Chandur Railway,Soyabean,Yellow,FAQ,26/07/2023,4750,4960,4900,13
Maharashtra,Amarawati,Chandur Railway,Soyabean,Yellow,FAQ,01/08/2023,4775,4825,4800,13
Maharashtra,Amarawati,Chandur Railway,Soyabean,Yellow,FAQ,17/08/2023,4600,4850,4800,13
Maharashtra,Amarawati,Chandur Railway,Soyabean,Yellow,FAQ,07/09/2023,4800,4850,4850,13
Maharashtra,Amarawati,Chandur Railway,Soyabean,Yellow,FAQ,12/09/2023,4800,4825,4825,13
Maharashtra,Amarawati,Chandur Railway,Soyabean,Yellow,FAQ,20/09/2023,4825,4840,4835,13
Maharashtra,Amarawati,Chandur Railway,Soyabean,Yellow,FAQ,21/09/2023,4820,4830,4830,13
Maharashtra,Amarawati,Chandur Railway,Soyabean,Yellow,FAQ,23/09/2023,4780,4780,4780,13
Maharashtra,Amarawati,Chandur Railway,Soyabean,Yellow,FAQ,03/10/2023,4505,4650,4600,13
Maharashtra,Amarawati,Chandur Railway,Soyabean,Yellow,FAQ,17/10/2023,4100,4455,4370,13
Maharashtra,Amarawati,Chandur Railway,Soyabean,Yellow,FAQ,20/10/2023,4100,4700,4500,13
Maharashtra,Amarawati,Chandur Railway,Soyabean,Yellow,FAQ,30/11/2023,4800,5000,4900,13
Maharashtra,Amarawati,Chandur Railway,Soyabean,Yellow,FAQ,07/12/2023,4605,4800,4750,13
Maharashtra,Amarawati,Daryapur,Soyabean,Yellow,FAQ,27/01/2023,4425,5200,5045,13
Maharashtra,Amarawati,Daryapur,Soyabean,Yellow,FAQ,01/02/2023,4690,5260,5050,13
Maharashtra,Amarawati,Daryapur,Soyabean,Yellow,FAQ,06/02/2023,4595,5200,5055,13
Maharashtra,Amarawati,Daryapur,Soyabean,Yellow,FAQ,14/02/2023,4700,5315,5150,13
Maharashtra,Amarawati,Daryapur,Soyabean,Yellow,FAQ,21/03/2023,4400,5175,5000,13
Maharashtra,Amarawati,Daryapur,Soyabean,Yellow,FAQ,27/03/2023,4500,5120,4950,13
Maharashtra,Amarawati,Daryapur,Soyabean,Yellow,FAQ,28/03/2023,4300,5080,4900,13
Maharashtra,Amarawati,Daryapur,Soyabean,Yellow,FAQ,03/04/2023,4310,5265,5005,13
Maharashtra,Amarawati,Daryapur,Soyabean,Yellow,FAQ,10/04/2023,4500,5205,5125,13
Maharashtra,Amarawati,Daryapur,Soyabean,Yellow,FAQ,15/04/2023,4265,5200,5050,13
Maharashtra,Amarawati,Daryapur,Soyabean,Yellow,FAQ,03/05/2023,4500,4900,4700,13
Maharashtra,Amarawati,Daryapur,Soyabean,Yellow,FAQ,09/05/2023,4500,5085,4910,13
Maharashtra,Amarawati,Daryapur,Soyabean,Yellow,FAQ,16/05/2023,4400,4955,4750,13
Maharashtra,Amarawati,Daryapur,Soyabean,Yellow,FAQ,02/06/2023,4500,4900,4700,13
Maharashtra,Amarawati,Daryapur,Soyabean,Yellow,FAQ,13/06/2023,4400,4900,4650,13
Maharashtra,Amarawati,Daryapur,Soyabean,Yellow,FAQ,16/06/2023,4520,5075,4850,13
Maharashtra,Amarawati,Daryapur,Soyabean,Yellow,FAQ,25/07/2023,4330,4950,4720,13
Maharashtra,Amarawati,Daryapur,Soyabean,Yellow,FAQ,02/08/2023,4400,4855,4615,13
Maharashtra,Amarawati,Daryapur,Soyabean,Yellow,FAQ,07/08/2023,4495,4900,4650,13
Maharashtra,Amarawati,Daryapur,Soyabean,Yellow,FAQ,11/08/2023,4200,4865,4610,13
Maharashtra,Amarawati,Daryapur,Soyabean,Yellow,FAQ,28/08/2023,4300,4840,4610,13
Maharashtra,Amarawati,Daryapur,Soyabean,Yellow,FAQ,01/09/2023,4200,4930,4700,13
Maharashtra,Amarawati,Daryapur,Soyabean,Yellow,FAQ,12/09/2023,4300,4865,4600,13
Maharashtra,Amarawati,Daryapur,Soyabean,Yellow,FAQ,13/09/2023,4475,4820,4650,13
Maharashtra,Amarawati,Daryapur,Soyabean,Yellow,FAQ,01/11/2023,3800,4850,4700,13
Maharashtra,Amarawati,Daryapur,Soyabean,Yellow,FAQ,12/12/2023,4350,4850,4750,13
Maharashtra,Amarawati,Daryapur,Soyabean,Yellow,FAQ,23/12/2023,4000,4750,4600,13
Maharashtra,Amarawati,Daryapur,Soyabean,Yellow,FAQ,29/12/2023,4000,4700,4575,13
Maharashtra,Amarawati,Daryapur,Soyabean,Yellow,FAQ,30/12/2023,4000,4670,4525,13
Maharashtra,Amarawati,Dhamngaon-Railway,Soyabean,Yellow,FAQ,03/01/2023,4500,5505,5150,13
Maharashtra,Amarawati,Dhamngaon-Railway,Soyabean,Yellow,FAQ,09/01/2023,4500,5440,5100,13
Maharashtra,Amarawati,Dhamngaon-Railway,Soyabean,Yellow,FAQ,12/01/2023,4700,5390,5050,13
Maharashtra,Amarawati,Dhamngaon-Railway,Soyabean,Yellow,FAQ,23/01/2023,4500,5290,5050,13
Maharashtra,Amarawati,Dhamngaon-Railway,Soyabean,Yellow,FAQ,25/01/2023,4800,5210,5000,13
Maharashtra,Amarawati,Dhamngaon-Railway,Soyabean,Yellow,FAQ,20/02/2023,4605,5270,5000,13
Maharashtra,Amarawati,Dhamngaon-Railway,Soyabean,Yellow,FAQ,22/02/2023,4500,5290,5050,13
Maharashtra,Amarawati,Dhamngaon-Railway,Soyabean,Yellow,FAQ,09/06/2023,4500,4980,4800,13
Maharashtra,Amarawati,Dhamngaon-Railway,Soyabean,Yellow,FAQ,01/07/2023,4800,4895,4830,13
Maharashtra,Amarawati,Dhamngaon-Railway,Soyabean,Yellow,FAQ,24/07/2023,4400,4875,4750,13
Maharashtra,Amarawati,Dhamngaon-Railway,Soyabean,Yellow,FAQ,26/07/2023,4500,4870,4700,13
Maharashtra,Amarawati,Dhamngaon-Railway,Soyabean,Yellow,FAQ,28/07/2023,4100,4895,4650,13
Maharashtra,Amarawati,Dhamngaon-Railway,Soyabean,Yellow,FAQ,25/08/2023,4475,4830,4750,13
Maharashtra,Amarawati,Dhamngaon-Railway,Soyabean,Yellow,FAQ,04/09/2023,4620,5045,4850,13
Maharashtra,Amarawati,Dhamngaon-Railway,Soyabean,Yellow,FAQ,25/09/2023,3000,4735,4650,13
Maharashtra,Amarawati,Dhamngaon-Railway,Soyabean,Yellow,FAQ,27/09/2023,4400,4720,4550,13
Maharashtra,Amarawati,Dhamngaon-Railway,Soyabean,Yellow,FAQ,27/10/2023,4000,5030,4500,13
Maharashtra,Amarawati,Dhamngaon-Railway,Soyabean,Yellow,FAQ,24/11/2023,4575,5075,4859,13
Maharashtra,Amarawati,Dhamngaon-Railway,Soyabean,Yellow,FAQ,30/11/2023,4600,4940,4850,13
Maharashtra,Amarawati,Dhamngaon-Railway,Soyabean,Yellow,FAQ,05/12/2023,4550,4770,4650,13
Maharashtra,Amarawati,Dhamngaon-Railway,Soyabean,Yellow,FAQ,12/12/2023,4500,4870,4675,13
Maharashtra,Amarawati,Dhamngaon-Railway,Soyabean,Yellow,FAQ,20/12/2023,4450,4735,4600,13
Maharashtra,Amarawati,Dharni,Soyabean,Yellow,FAQ,06/07/2023,4400,4500,4450,13
Maharashtra,Amarawati,Morshi,Soyabean,Other,FAQ,02/01/2023,5200,5450,5325,13
Maharashtra,Amarawati,Morshi,Soyabean,Other,FAQ,11/01/2023,5050,5320,5181,13
Maharashtra,Amarawati,Morshi,Soyabean,Other,FAQ,20/01/2023,4900,5100,5000,13
Maharashtra,Amarawati,Morshi,Soyabean,Other,FAQ,23/01/2023,5000,5165,5082,13
Maharashtra,Amarawati,Morshi,Soyabean,Other,FAQ,06/02/2023,5000,5200,5100,13
Maharashtra,Amarawati,Morshi,Soyabean,Other,FAQ,09/02/2023,4855,5200,5027,13
Maharashtra,Amarawati,Morshi,Soyabean,Other,FAQ,16/02/2023,5000,5200,5100,13
Maharashtra,Amarawati,Morshi,Soyabean,Other,FAQ,17/02/2023,5000,5105,5052,13
Maharashtra,Amarawati,Morshi,Soyabean,Other,FAQ,27/02/2023,5000,5200,5100,13
Maharashtra,Amarawati,Morshi,Soyabean,Other,FAQ,02/03/2023,4800,5100,4950,13
Maharashtra,Amarawati,Morshi,Soyabean,Other,FAQ,24/04/2023,4800,5050,4925,13
Maharashtra,Amarawati,Morshi,Soyabean,Other,FAQ,01/06/2023,4400,4600,4500,13
Maharashtra,Amarawati,Morshi,Soyabean,Other,FAQ,08/06/2023,4500,4775,4637,13
Maharashtra,Amarawati,Morshi,Soyabean,Other,FAQ,03/07/2023,4700,4965,4832,13
Maharashtra,Amarawati,Morshi,Soyabean,Other,FAQ,10/07/2023,4700,4850,4775,13
Maharashtra,Amarawati,Morshi,Soyabean,Other,FAQ,17/07/2023,4500,4750,4625,13
Maharashtra,Amarawati,Morshi,Soyabean,Other,FAQ,20/07/2023,4500,4750,4625,13
Maharashtra,Amarawati,Morshi,Soyabean,Other,FAQ,27/07/2023,4600,4865,4732,13
Maharashtra,Amarawati,Morshi,Soyabean,Other,FAQ,03/08/2023,4750,4915,4832,13
Maharashtra,Amarawati,Morshi,Soyabean,Other,FAQ,21/09/2023,4500,4800,4650,13
Maharashtra,Amarawati,Morshi,Soyabean,Other,FAQ,05/10/2023,4000,4400,4200,13
Maharashtra,Amarawati,Morshi,Soyabean,Other,FAQ,09/10/2023,4000,4310,4155,13
Maharashtra,Amarawati,Morshi,Soyabean,Other,FAQ,31/10/2023,4330,4700,4515,13
Maharashtra,Amarawati,Morshi,Soyabean,Other,FAQ,28/12/2023,4550,4685,4617,13
Maharashtra,Amarawati,Nandgaon Khandeshwar,Soyabean,Yellow,FAQ,21/01/2023,5075,5195,5135,13
Maharashtra,Amarawati,Nandgaon Khandeshwar,Soyabean,Yellow,FAQ,08/02/2023,5030,5170,5100,13
Maharashtra,Amarawati,Nandgaon Khandeshwar,Soyabean,Yellow,FAQ,27/02/2023,4845,5095,4970,13
Maharashtra,Amarawati,Nandgaon Khandeshwar,Soyabean,Yellow,FAQ,28/02/2023,4850,5050,4950,13
Maharashtra,Amarawati,Nandgaon Khandeshwar,Soyabean,Yellow,FAQ,13/06/2023,4550,4860,4755,13
Maharashtra,Amarawati,Nandgaon Khandeshwar,Soyabean,Yellow,FAQ,01/07/2023,4775,4905,4840,13
Maharashtra,Amarawati,Nandgaon Khandeshwar,Soyabean,Yellow,FAQ,09/09/2023,4450,4700,4575,13
Maharashtra,Amarawati,Nandgaon Khandeshwar,Soyabean,Yellow,FAQ,27/10/2023,4150,4730,4365,13
Maharashtra,Amarawati,Nandgaon Khandeshwar,Soyabean,Yellow,FAQ,02/11/2023,4400,4800,4550,13
Maharashtra,Amarawati,Nandgaon Khandeshwar,Soyabean,Yellow,FAQ,07/11/2023,4550,4865,4705,13
Maharashtra,Amarawati,Nandgaon Khandeshwar,Soyabean,Yellow,FAQ,23/11/2023,4900,5120,5000,13
Maharashtra,Amarawati,Nandgaon Khandeshwar,Soyabean,Yellow,FAQ,13/12/2023,4650,4800,4725,13
Maharashtra,Amarawati,Nandgaon Khandeshwar,Soyabean,Yellow,FAQ,26/12/2023,4600,4680,4650,13
Maharashtra,Amarawati,Shetkari Khushi Bazar,Soyabean,Other,FAQ,06/07/2023,4500,5000,4837,13
Maharashtra,Amarawati,Shetkari Khushi Bazar,Soyabean,Other,FAQ,07/07/2023,4700,5050,4920,13
Maharashtra,Amarawati,Shetkari Khushi Bazar,Soyabean,Other,FAQ,18/07/2023,4700,4950,4855,13
Maharashtra,Amarawati,Shetkari Khushi Bazar,Soyabean,Other,FAQ,02/08/2023,4725,4925,4863,13
Maharashtra,Amarawati,Shetkari Khushi Bazar,Soyabean,Other,FAQ,04/08/2023,4600,5000,4839,13
Maharashtra,Amarawati,Shetkari Khushi Bazar,Soyabean,Other,FAQ,08/09/2023,4400,5000,4848,13
Maharashtra,Amarawati,Shetkari Khushi Bazar,Soyabean,Other,FAQ,22/09/2023,4775,4775,4775,13
Maharashtra,Amarawati,Shetkari Khushi Bazar,Soyabean,Other,FAQ,29/09/2023,4600,4850,4743,13
Maharashtra,Amarawati,Shetkari Khushi Bazar,Soyabean,Other,FAQ,12/10/2023,3900,4650,4366,13
Maharashtra,Amarawati,Shetkari Khushi Bazar,Soyabean,Other,FAQ,17/11/2023,2000,5400,5121,13
Maharashtra,Amarawati,Varud(Rajura Bazar),Soyabean,Yellow,FAQ,12/01/2023,5400,5451,5431,13
Maharashtra,Amarawati,Varud(Rajura Bazar),Soyabean,Yellow,FAQ,26/01/2023,5111,5200,5170,13
Maharashtra,Amarawati,Varud(Rajura Bazar),Soyabean,Yellow,FAQ,27/04/2023,4501,5676,5250,13
Maharashtra,Amarawati,Varud(Rajura Bazar),Soyabean,Yellow,FAQ,08/06/2023,3333,5000,4603,13
Maharashtra,Amarawati,Varud(Rajura Bazar),Soyabean,Yellow,FAQ,15/06/2023,2500,4799,4404,13
Maharashtra,Amarawati,Varud(Rajura Bazar),Soyabean,Yellow,FAQ,03/08/2023,3700,4951,4949,13
Maharashtra,Amarawati,Varud(Rajura Bazar),Soyabean,Yellow,FAQ,07/09/2023,4800,4800,4800,13
Maharashtra,Amarawati,Achalpur,Soyabean,Other,FAQ,14/02/2023,5000,5100,5050,13
Maharashtra,Amarawati,Achalpur,Soyabean,Other,FAQ,27/02/2023,5100,5200,5150,13
Maharashtra,Amarawati,Achalpur,Soyabean,Other,FAQ,08/03/2023,5000,5100,5050,13
Maharashtra,Amarawati,Achalpur,Soyabean,Other,FAQ,20/05/2023,5000,5050,5025,13
Maharashtra,Amarawati,Achalpur,Soyabean,Other,FAQ,02/06/2023,4700,4900,4800,13
Maharashtra,Amarawati,Achalpur,Soyabean,Other,FAQ,03/06/2023,4700,4900,4800,13
Maharashtra,Amarawati,Achalpur,Soyabean,Other,FAQ,08/06/2023,4500,4950,4725,13
Maharashtra,Amarawati,Achalpur,Soyabean,Other,FAQ,09/06/2023,4800,4900,4850,13
Maharashtra,Amarawati,Achalpur,Soyabean,Other,FAQ,16/06/2023,4800,5000,4900,13
Maharashtra,Amarawati,Achalpur,Soyabean,Other,FAQ,19/06/2023,4800,4900,4850,13
Maharashtra,Amarawati,Achalpur,Soyabean,Other,FAQ,27/07/2023,4800,4900,4850,13
Maharashtra,Amarawati,Achalpur,Soyabean,Other,FAQ,09/08/2023,4800,4950,4875,13
Maharashtra,Amarawati,Achalpur,Soyabean,Other,FAQ,10/08/2023,4600,4920,4760,13
Maharashtra,Amarawati,Achalpur,Soyabean,Other,FAQ,05/09/2023,4700,4850,4775,13
Maharashtra,Amarawati,Achalpur,Soyabean,Other,FAQ,16/09/2023,4750,4800,4775,13
Maharashtra,Amarawati,Achalpur,Soyabean,Other,FAQ,26/09/2023,4750,4800,4775,13
Maharashtra,Amarawati,Achalpur,Soyabean,Other,FAQ,31/10/2023,4500,4600,4550,13
Maharashtra,Amarawati,Achalpur,Soyabean,Other,FAQ,01/11/2023,4400,4700,4550,13
Maharashtra,Amarawati,Achalpur,Soyabean,Other,FAQ,24/11/2023,4800,5000,4900,13
Maharashtra,Amarawati,Achalpur,Soyabean,Other,FAQ,08/12/2023,4500,4750,4625,13
Maharashtra,Amarawati,Achalpur,Soyabean,Other,FAQ,22/12/2023,4500,4700,4600,13
Maharashtra,Amarawati,Amarawati,Soyabean,Other,FAQ,23/01/2023,4850,5140,4995,13
Maharashtra,Amarawati,Amarawati,Soyabean,Other,FAQ,27/01/2023,4950,5100,5025,13
Maharashtra,Amarawati,Amarawati,Soyabean,Other,FAQ,03/02/2023,4900,5066,4983,13
Maharashtra,Amarawati,Amarawati,Soyabean,Other,FAQ,08/02/2023,5000,5142,5071,13
Maharashtra,Amarawati,Amarawati,Soyabean,Other,FAQ,11/02/2023,5000,5150,5075,13
Maharashtra,Amarawati,Amarawati,Soyabean,Other,FAQ,13/02/2023,5100,5232,5166,13
Maharashtra,Amarawati,Amarawati,Soyabean,Other,FAQ,15/02/2023,5000,5199,5099,13
Maharashtra,Amarawati,Amarawati,Soyabean,Other,FAQ,20/02/2023,5050,5250,5150,13
Maharashtra,Amarawati,Amarawati,Soyabean,Other,FAQ,21/02/2023,5000,5251,5125,13
Maharashtra,Amarawati,Amarawati,Soyabean,Other,FAQ,25/02/2023,5000,5350,5175,13
Maharashtra,Amarawati,Amarawati,Soyabean,Other,FAQ,02/03/2023,4800,5051,4925,13
Maharashtra,Amarawati,Amarawati,Soyabean,Other,FAQ,09/03/2023,4850,5066,4958,13
Maharashtra,Amarawati,Amarawati,Soyabean,Other,FAQ,11/03/2023,4800,5050,4925,13
Maharashtra,Amarawati,Amarawati,Soyabean,Other,FAQ,24/03/2023,4750,5055,4902,13
Maharashtra,Amarawati,Amarawati,Soyabean,Other,FAQ,28/03/2023,4750,5041,4895,13
Maharashtra,Amarawati,Amarawati,Soyabean,Other,FAQ,15/04/2023,4800,5111,4955,13
Maharashtra,Amarawati,Amarawati,Soyabean,Other,FAQ,17/04/2023,4800,5036,4918,13
Maharashtra,Amarawati,Amarawati,Soyabean,Other,FAQ,19/04/2023,4800,5076,4938,13
Maharashtra,Amarawati,Amarawati,Soyabean,Other,FAQ,11/05/2023,4750,4955,4850,13
Maharashtra,Amarawati,Amarawati,Soyabean,Other,FAQ,17/06/2023,4850,5050,4950,13
Maharashtra,Amarawati,Amarawati,Soyabean,Other,FAQ,19/06/2023,4950,5081,5015,13
Maharashtra,Amarawati,Amarawati,Soyabean,Other,FAQ,03/07/2023,4750,4981,4865,13
Maharashtra,Amarawati,Amarawati,Soyabean,Other,FAQ,08/07/2023,4750,4916,4833,13
Maharashtra,Amarawati,Amarawati,Soyabean,Other,FAQ,11/07/2023,4700,4835,4767,13
Maharashtra,Amarawati,Amarawati,Soyabean,Other,FAQ,02/08/2023,4650,4785,4717,13
Maharashtra,Amarawati,Amarawati,Soyabean,Other,FAQ,04/08/2023,4750,4871,4810,13
Maharashtra,Amarawati,Amarawati,Soyabean,Other,FAQ,14/08/2023,4700,4823,4761,13
Maharashtra,Amarawati,Amarawati,Soyabean,Other,FAQ,17/08/2023,4750,4920,4835,13
Maharashtra,Amarawati,Amarawati,Soyabean,Other,FAQ,22/08/2023,4750,4917,4833,13
Maharashtra,Amarawati,Amarawati,Soyabean,Other,FAQ,28/08/2023,4650,4800,4725,13
Maharashtra,Amarawati,Amarawati,Soyabean,Other,FAQ,29/08/2023,4700,4835,4767,13
Maharashtra,Amarawati,Amarawati,Soyabean,Other,FAQ,23/09/2023,4650,4740,4695,13
Maharashtra,Amarawati,Amarawati,Soyabean,Other,FAQ,30/09/2023,4650,4705,4677,13
Maharashtra,Amarawati,Amarawati,Soyabean,Other,FAQ,13/06/2024,4200,4265,4232,13
Maharashtra,Amarawati,Amarawati,Soyabean,Other,FAQ,28/06/2024,4350,4426,4388,13
Maharashtra,Amarawati,Chandur Bazar,Soyabean,Yellow,FAQ,04/06/2024,4000,4350,4230,13
Maharashtra,Amarawati,Chandur Bazar,Soyabean,Yellow,FAQ,05/06/2024,4000,4350,4250,13
Maharashtra,Amarawati,Chandur Bazar,Soyabean,Yellow,FAQ,11/06/2024,4000,4360,4200,13
Maharashtra,Amarawati,Chandur Bazar,Soyabean,Yellow,FAQ,12/06/2024,4000,4350,4250,13
Maharashtra,Amarawati,Chandur Bazar,Soyabean,Yellow,FAQ,13/06/2024,4000,4350,4250,13
Maharashtra,Amarawati,Chandur Bazar,Soyabean,Yellow,FAQ,28/06/2024,4000,4400,4300,13
Maharashtra,Amarawati,Chandur Railway,Soyabean,Yellow,FAQ,01/06/2024,4300,4400,4375,13
Maharashtra,Amarawati,Chandur Railway,Soyabean,Yellow,FAQ,24/06/2024,4410,4455,4450,13
Maharashtra,Amarawati,Daryapur,Soyabean,Yellow,FAQ,05/06/2024,3400,4470,4350,13
Maharashtra,Amarawati,Nandgaon Khandeshwar,Soyabean,Yellow,FAQ,05/06/2024,4150,4315,4232,13
Maharashtra,Amarawati,Shetkari Khushi Bazar,Soyabean,Other,FAQ,19/06/2024,2200,4400,4144,13
Maharashtra,Amarawati,Shetkari Khushi Bazar,Soyabean,Other,FAQ,20/06/2024,2500,4425,4302,13
Maharashtra,Amarawati,Shetkari Khushi Bazar,Soyabean,Other,FAQ,24/06/2024,3500,4500,4230,13
Maharashtra,Amarawati,Achalpur,Soyabean,Other,FAQ,06/05/2024,4300,4400,4350,13
Maharashtra,Amarawati,Achalpur,Soyabean,Other,FAQ,20/05/2024,4300,4400,4350,13
Maharashtra,Amarawati,Achalpur,Soyabean,Other,FAQ,24/05/2024,4200,4400,4300,13
Maharashtra,Amarawati,Amarawati,Soyabean,Other,FAQ,06/05/2024,4350,4463,4406,13
Maharashtra,Amarawati,Amarawati,Soyabean,Other,FAQ,13/05/2024,4400,4502,4451,13
Maharashtra,Amarawati,Amarawati,Soyabean,Other,FAQ,14/05/2024,4350,4478,4414,13
Maharashtra,Amarawati,Amarawati,Soyabean,Other,FAQ,16/05/2024,4350,4427,4388,13
Maharashtra,Amarawati,Amarawati,Soyabean,Other,FAQ,25/05/2024,4350,4462,4406,13
Maharashtra,Amarawati,Amarawati,Soyabean,Other,FAQ,27/05/2024,4350,4441,4395,13
Maharashtra,Amarawati,Amarawati,Soyabean,Other,FAQ,28/05/2024,4325,4420,4372,13
Maharashtra,Amarawati,Chandur Bazar,Soyabean,Yellow,FAQ,02/05/2024,4000,4350,4190,13
Maharashtra,Amarawati,Chandur Bazar,Soyabean,Yellow,FAQ,24/05/2024,4000,4400,4290,13
Maharashtra,Amarawati,Chandur Bazar,Soyabean,Yellow,FAQ,27/05/2024,4000,4450,4350,13
Maharashtra,Amarawati,Daryapur,Soyabean,Yellow,FAQ,13/05/2024,3600,4500,4400,13
Maharashtra,Amarawati,Daryapur,Soyabean,Yellow,FAQ,15/05/2024,3600,4500,4400,13
Maharashtra,Amarawati,Daryapur,Soyabean,Yellow,FAQ,17/05/2024,3600,4450,4350,13
Maharashtra,Amarawati,Dhamngaon-Railway,Soyabean,Yellow,FAQ,25/05/2024,4000,4470,4250,13
Maharashtra,Amarawati,Nandgaon Khandeshwar,Soyabean,Yellow,FAQ,16/05/2024,4150,4310,4250,13
Maharashtra,Amarawati,Varud,Soyabean,Yellow,FAQ,06/05/2024,4100,4100,4100,13
Maharashtra,Amarawati,Varud(Rajura Bazar),Soyabean,Yellow,FAQ,02/05/2024,4200,4390,4297,13
Maharashtra,Amarawati,Varud(Rajura Bazar),Soyabean,Yellow,FAQ,16/05/2024,4300,4395,4386,13
Maharashtra,Amarawati,Shetkari Khushi Bazar,Soyabean,Other,FAQ,27/06/2024,3600,4500,4372,13
Maharashtra,Amarawati,Achalpur,Soyabean,Other,FAQ,05/01/2024,4500,4600,4550,13
Maharashtra,Amarawati,Achalpur,Soyabean,Other,FAQ,08/01/2024,4500,4600,4550,13
Maharashtra,Amarawati,Achalpur,Soyabean,Other,FAQ,27/01/2024,4300,4400,4350,13
Maharashtra,Amarawati,Achalpur,Soyabean,Other,FAQ,06/03/2024,4100,4300,4200,13
Maharashtra,Amarawati,Achalpur,Soyabean,Other,FAQ,13/03/2024,4100,4350,4225,13
Maharashtra,Amarawati,Achalpur,Soyabean,Other,FAQ,28/03/2024,4100,4315,4208,13
Maharashtra,Amarawati,Achalpur,Soyabean,Other,FAQ,22/04/2024,4300,4400,4350,13
Maharashtra,Amarawati,Amarawati,Soyabean,Other,FAQ,02/01/2024,4500,4621,4560,13
Maharashtra,Amarawati,Amarawati,Soyabean,Other,FAQ,05/01/2024,4500,4661,4580,13
Maharashtra,Amarawati,Amarawati,Soyabean,Other,FAQ,18/01/2024,4400,4500,4450,13
Maharashtra,Amarawati,Amarawati,Soyabean,Other,FAQ,08/02/2024,4300,4400,4350,13
Maharashtra,Amarawati,Amarawati,Soyabean,Other,FAQ,12/02/2024,4400,4472,4436,13
Maharashtra,Amarawati,Amarawati,Soyabean,Other,FAQ,14/02/2024,4300,4399,4349,13
Maharashtra,Amarawati,Amarawati,Soyabean,Other,FAQ,21/02/2024,4251,4350,4300,13
Maharashtra,Amarawati,Amarawati,Soyabean,Other,FAQ,23/02/2024,4300,4392,4346,13
Maharashtra,Amarawati,Amarawati,Soyabean,Other,FAQ,07/03/2024,4150,4250,4200,13
Maharashtra,Amarawati,Amarawati,Soyabean,Other,FAQ,15/03/2024,4250,4351,4300,13
Maharashtra,Amarawati,Amarawati,Soyabean,Other,FAQ,26/03/2024,4250,4331,4290,13
Maharashtra,Amarawati,Amarawati,Soyabean,Other,FAQ,13/04/2024,4550,4665,4607,13
Maharashtra,Amarawati,Amarawati,Soyabean,Other,FAQ,19/04/2024,4400,4475,4437,13
Maharashtra,Amarawati,Amarawati,Soyabean,Other,FAQ,27/04/2024,4400,4488,4444,13
Maharashtra,Amarawati,Anajngaon,Soyabean,Yellow,FAQ,09/01/2024,4200,4525,4400,13
Maharashtra,Amarawati,Anajngaon,Soyabean,Yellow,FAQ,15/03/2024,3800,4360,4150,13
Maharashtra,Amarawati,Chandur Bazar,Soyabean,Yellow,FAQ,09/01/2024,4350,4600,4540,13
Maharashtra,Amarawati,Chandur Bazar,Soyabean,Yellow,FAQ,17/01/2024,4200,4600,4400,13
Maharashtra,Amarawati,Chandur Bazar,Soyabean,Yellow,FAQ,01/03/2024,4000,4300,4250,13
Maharashtra,Amarawati,Chandur Bazar,Soyabean,Yellow,FAQ,11/03/2024,4000,4300,4200,13
Maharashtra,Amarawati,Chandur Bazar,Soyabean,Yellow,FAQ,19/03/2024,4000,4380,4210,13
Maharashtra,Amarawati,Chandur Bazar,Soyabean,Yellow,FAQ,22/03/2024,4000,4300,4180,13
Maharashtra,Amarawati,Chandur Bazar,Soyabean,Yellow,FAQ,28/03/2024,4000,4350,4200,13
Maharashtra,Amarawati,Chandur Bazar,Soyabean,Yellow,FAQ,08/04/2024,4000,4600,4400,13
Maharashtra,Amarawati,Chandur Railway,Soyabean,Yellow,FAQ,02/02/2024,4200,4425,4400,13
Maharashtra,Amarawati,Chandur Railway,Soyabean,Yellow,FAQ,12/02/2024,4350,4425,4400,13
Maharashtra,Amarawati,Chandur Railway,Soyabean,Yellow,FAQ,18/03/2024,4100,4275,4200,13
Maharashtra,Amarawati,Daryapur,Soyabean,Yellow,FAQ,01/01/2024,4175,4625,4500,13
Maharashtra,Amarawati,Dhamngaon-Railway,Soyabean,Yellow,FAQ,05/01/2024,4400,4700,4500,13
Maharashtra,Amarawati,Dhamngaon-Railway,Soyabean,Yellow,FAQ,17/01/2024,4400,4635,4500,13
Maharashtra,Amarawati,Morshi,Soyabean,Other,FAQ,02/01/2024,4400,4500,4450,13
Maharashtra,Amarawati,Morshi,Soyabean,Other,FAQ,11/01/2024,4550,4650,4600,13
Maharashtra,Amarawati,Morshi,Soyabean,Other,FAQ,25/01/2024,4400,4500,4450,13
Maharashtra,Amarawati,Morshi,Soyabean,Other,FAQ,05/02/2024,4200,4390,4295,13
Maharashtra,Amarawati,Morshi,Soyabean,Other,FAQ,29/02/2024,4000,4350,4175,13
Maharashtra,Amarawati,Morshi,Soyabean,Other,FAQ,14/03/2024,4000,4390,4195,13
Maharashtra,Amarawati,Morshi,Soyabean,Other,FAQ,22/04/2024,4100,4400,4250,13
Maharashtra,Amarawati,Nandgaon Khandeshwar,Soyabean,Yellow,FAQ,04/01/2024,4425,4545,4485,13
Maharashtra,Amarawati,Nandgaon Khandeshwar,Soyabean,Yellow,FAQ,08/01/2024,4385,4565,4475,13
Maharashtra,Amarawati,Nandgaon Khandeshwar,Soyabean,Yellow,FAQ,15/01/2024,4425,4575,4500,13
Maharashtra,Amarawati,Nandgaon Khandeshwar,Soyabean,Yellow,FAQ,09/02/2024,4250,4480,4340,13
Maharashtra,Amarawati,Nandgaon Khandeshwar,Soyabean,Yellow,FAQ,28/02/2024,4150,4350,4200,13
Maharashtra,Amarawati,Shetkari Khushi Bazar,Soyabean,Other,FAQ,12/04/2024,2000,4650,4506,13
Maharashtra,Amarawati,Varud,Soyabean,Yellow,FAQ,30/03/2024,4370,4370,4370,13
Maharashtra,Amarawati,Varud(Rajura Bazar),Soyabean,Yellow,FAQ,18/01/2024,4550,4571,4553,13
Maharashtra,Amarawati,Varud(Rajura Bazar),Soyabean,Yellow,FAQ,01/02/2024,4350,4350,4350,13
Maharashtra,Amarawati,Achalpur,Soyabean,Other,Local,13/02/2025,3670,4100,3885,13
Maharashtra,Amarawati,Amarawati,Soyabean,Other,Local,06/02/2025,3800,4000,3900,13
Maharashtra,Amarawati,Amarawati,Soyabean,Other,Local,15/02/2025,3600,4011,3805,13
Maharashtra,Amarawati,Chandur Bazar,Soyabean,Yellow,Non-FAQ,25/02/2025,3500,3930,3890,13
Maharashtra,Amarawati,Chandur Railway,Soyabean,Yellow,Non-FAQ,07/02/2025,3650,4100,3800,13
Maharashtra,Amarawati,Chandur Railway,Soyabean,Yellow,Non-FAQ,22/02/2025,3575,4180,3900,13
Maharashtra,Amarawati,Dhamngaon-Railway,Soyabean,Yellow,Non-FAQ,05/02/2025,3500,4130,3900,13
Maharashtra,Amarawati,Dhamngaon-Railway,Soyabean,Yellow,Non-FAQ,15/02/2025,3500,4095,3800,13
Maharashtra,Amarawati,Shetkari Khushi Bazar,Soyabean,Other,FAQ,06/02/2025,1000,4100,3827,13
Maharashtra,Amarawati,Shetkari Khushi Bazar,Soyabean,Other,FAQ,10/02/2025,2500,4100,3901,13
Maharashtra,Amarawati,Achalpur,Soyabean,Other,FAQ,18/01/2025,3600,4150,3875,13
Maharashtra,Amarawati,Amarawati,Soyabean,Other,FAQ,06/01/2025,3850,4000,3925,13
Maharashtra,Amarawati,Amarawati,Soyabean,Other,FAQ,08/01/2025,3850,4151,4000,13
Maharashtra,Amarawati,Amarawati,Soyabean,Other,FAQ,09/01/2025,3900,4171,4035,13
Maharashtra,Amarawati,Amarawati,Soyabean,Other,FAQ,21/01/2025,3750,3955,3852,13
Maharashtra,Amarawati,Amarawati,Soyabean,Other,FAQ,22/01/2025,3850,4102,3976,13
Maharashtra,Amarawati,Anajngaon,Soyabean,Yellow,FAQ,10/01/2025,3600,4150,3800,13
Maharashtra,Amarawati,Chandur Bazar,Soyabean,Yellow,FAQ,21/01/2025,3410,4150,3850,13
Maharashtra,Amarawati,Chandur Bazar,Soyabean,Yellow,FAQ,22/01/2025,3400,4150,3580,13
Maharashtra,Amarawati,Daryapur,Soyabean,Yellow,FAQ,04/01/2025,3200,4285,3900,13
Maharashtra,Amarawati,Daryapur,Soyabean,Yellow,Non-FAQ,27/01/2025,3200,4205,3850,13
Maharashtra,Amarawati,Dhamngaon-Railway,Soyabean,Yellow,Non-FAQ,27/01/2025,3500,4160,3900,13
Maharashtra,Amarawati,Nandgaon Khandeshwar,Soyabean,Yellow,FAQ,07/01/2025,3700,4165,3932,13
Maharashtra,Amarawati,Nandgaon Khandeshwar,Soyabean,Yellow,FAQ,23/01/2025,3850,4130,3990,13
Maharashtra,Amarawati,Shetkari Khushi Bazar,Soyabean,Other,FAQ,07/01/2025,1500,4150,3934,13
Maharashtra,Amarawati,Shetkari Khushi Bazar,Soyabean,Other,FAQ,08/01/2025,3300,4200,3955,13
Maharashtra,Amarawati,Shetkari Khushi Bazar,Soyabean,Other,FAQ,09/01/2025,3875,4200,3978,13
Maharashtra,Amarawati,Shetkari Khushi Bazar,Soyabean,Other,FAQ,14/01/2025,3700,4200,4032,13
Maharashtra,Amarawati,Shetkari Khushi Bazar,Soyabean,Other,FAQ,16/01/2025,2100,4150,3986,13
Maharashtra,Amarawati,Shetkari Khushi Bazar,Soyabean,Other,FAQ,22/01/2025,1000,4100,3971,13
Maharashtra,Amarawati,Shetkari Khushi Bazar,Soyabean,Other,FAQ,24/01/2025,2000,4050,3941,13
Maharashtra,Amarawati,Shetkari Khushi Bazar,Soyabean,Other,FAQ,27/01/2025,1000,4000,3829,13
Maharashtra,Amarawati,Varud,Soyabean,Yellow,FAQ,08/01/2025,1800,4210,3839,13
Maharashtra,Amarawati,Varud,Soyabean,Yellow,Non-FAQ,26/01/2025,1150,4020,3725,13
Maharashtra,Amarawati,Achalpur,Soyabean,Other,Local,28/02/2025,3400,4000,3700,13
Maharashtra,Amarawati,Amarawati,Soyabean,Other,Local,13/02/2025,3850,4070,3960,13
Maharashtra,Amarawati,Amarawati,Soyabean,Other,Local,22/02/2025,3750,3901,3825,13
Maharashtra,Amarawati,Daryapur,Soyabean,Yellow,FAQ,18/02/2025,5200,6050,5900,13
Maharashtra,Amarawati,Daryapur,Soyabean,Yellow,Non-FAQ,18/02/2025,3200,4100,3800,13
Maharashtra,Amarawati,Dhamngaon-Railway,Soyabean,Yellow,Non-FAQ,08/02/2025,3500,4210,3900,13
Maharashtra,Amarawati,Dhamngaon-Railway,Soyabean,Yellow,Non-FAQ,17/02/2025,3500,4085,3901,13
Maharashtra,Amarawati,Morshi,Soyabean,Other,Local,17/02/2025,3600,3870,3735,13
Maharashtra,Amarawati,Shetkari Khushi Bazar,Soyabean,Other,FAQ,14/02/2025,3000,4100,3931,13
Maharashtra,Amarawati,Shetkari Khushi Bazar,Soyabean,Other,FAQ,18/02/2025,3500,4050,3844,13
Maharashtra,Amarawati,Shetkari Khushi Bazar,Soyabean,Other,FAQ,21/02/2025,2000,4000,3883,13
Maharashtra,Amarawati,Varud(Rajura Bazar),Soyabean,Yellow,Non-FAQ,28/02/2025,3390,3990,3705,13
Maharashtra,Amarawati,Achalpur,Soyabean,Other,FAQ,04/10/2024,4035,4350,4193,13
Maharashtra,Amarawati,Nandgaon Khandeshwar,Soyabean,Yellow,FAQ,09/10/2024,3750,4250,4000,13
Maharashtra,Amarawati,Achalpur,Soyabean,Other,FAQ,03/10/2024,4300,4450,4375,13
Maharashtra,Amarawati,Achalpur,Soyabean,Other,FAQ,14/10/2024,3500,4340,3920,13
Maharashtra,Amarawati,Amarawati,Soyabean,Other,FAQ,05/10/2024,4350,4476,4413,13
Maharashtra,Amarawati,Chandur Railway,Soyabean,Yellow,FAQ,22/10/2024,3500,4250,4000,13
Maharashtra,Amarawati,Morshi,Soyabean,Other,FAQ,14/10/2024,4000,4350,4175,13
Maharashtra,Amarawati,Nandgaon Khandeshwar,Soyabean,Yellow,FAQ,14/10/2024,3900,4400,4150,13
Maharashtra,Amarawati,Chandur Bazar,Soyabean,Yellow,FAQ,10/10/2024,3500,4350,4205,13
Maharashtra,Amarawati,Morshi,Soyabean,Other,FAQ,17/10/2024,3700,4200,3950,13
Maharashtra,Amarawati,Morshi,Soyabean,Other,FAQ,25/10/2024,3800,4425,4112,13
Maharashtra,Amarawati,Varud(Rajura Bazar),Soyabean,Yellow,FAQ,17/10/2024,3599,4311,3882,13
Maharashtra,Amarawati,Amarawati,Soyabean,Other,FAQ,24/10/2024,4100,4200,4150,13
Maharashtra,Amarawati,Achalpur,Soyabean,Other,Local,19/03/2025,3500,3900,3700,13
Maharashtra,Amarawati,Achalpur,Soyabean,Other,Local,21/03/2025,3550,3950,3750,13
Maharashtra,Amarawati,Amarawati,Soyabean,Other,Local,17/03/2025,3800,3935,3867,13
Maharashtra,Amarawati,Amarawati,Soyabean,Other,Local,20/03/2025,3750,3925,3837,13
Maharashtra,Amarawati,Amarawati,Soyabean,Other,Local,25/03/2025,4000,4242,4121,13
Maharashtra,Amarawati,Anajngaon,Soyabean,Yellow,Non-FAQ,21/03/2025,3200,3690,3500,13
Maharashtra,Amarawati,Chandur Bazar,Soyabean,Yellow,Non-FAQ,04/03/2025,3500,3890,3800,13
Maharashtra,Amarawati,Chandur Bazar,Soyabean,Yellow,Non-FAQ,06/03/2025,3500,3850,3750,13
Maharashtra,Amarawati,Chandur Bazar,Soyabean,Yellow,Non-FAQ,07/03/2025,3500,3900,3750,13
Maharashtra,Amarawati,Chandur Bazar,Soyabean,Yellow,Non-FAQ,25/03/2025,3500,3700,3660,13
Maharashtra,Amarawati,Chandur Bazar,Soyabean,Yellow,Non-FAQ,28/03/2025,3500,4160,3970,13
Maharashtra,Amarawati,Chandur Railway,Soyabean,Yellow,Non-FAQ,08/03/2025,3800,4005,3950,13
Maharashtra,Amarawati,Daryapur,Soyabean,Yellow,Non-FAQ,06/03/2025,3400,3800,3650,13
Maharashtra,Amarawati,Daryapur,Soyabean,Yellow,Non-FAQ,20/03/2025,3000,3900,3550,13
Maharashtra,Amarawati,Daryapur,Soyabean,Yellow,Non-FAQ,24/03/2025,3400,4050,3900,13
Maharashtra,Amarawati,Daryapur,Soyabean,Yellow,Non-FAQ,27/03/2025,3000,4000,3750,13
Maharashtra,Amarawati,Dhamngaon-Railway,Soyabean,Yellow,Non-FAQ,27/03/2025,3500,4200,4000,13
Maharashtra,Amarawati,Morshi,Soyabean,Other,Local,06/03/2025,3600,3850,3725,13
Maharashtra,Amarawati,Shetkari Khushi Bazar,Soyabean,Other,FAQ,04/03/2025,3000,3925,3764,13
Maharashtra,Amarawati,Shetkari Khushi Bazar,Soyabean,Other,FAQ,17/03/2025,2700,3950,3867,13
Maharashtra,Amarawati,Varud(Rajura Bazar),Soyabean,Yellow,Non-FAQ,21/03/2025,3805,3805,3805,13
Maharashtra,Amarawati,Amarawati,Soyabean,Other,Local,06/06/2025,4050,4230,4140,13
Maharashtra,Amarawati,Amarawati,Soyabean,Other,Local,14/06/2025,4150,4311,4230,13
Maharashtra,Amarawati,Amarawati,Soyabean,Other,Local,26/06/2025,4050,4275,4162,13
Maharashtra,Amarawati,Chandur Bazar,Soyabean,Yellow,Non-FAQ,12/06/2025,3500,4100,4010,13
Maharashtra,Amarawati,Chandur Bazar,Soyabean,Yellow,Non-FAQ,24/06/2025,3500,4200,4060,13
Maharashtra,Amarawati,Chandur Bazar,Soyabean,Yellow,Non-FAQ,27/06/2025,3500,4200,4030,13
Maharashtra,Amarawati,Daryapur,Soyabean,Yellow,Non-FAQ,28/06/2025,3400,4300,4050,13
Maharashtra,Amarawati,Morshi,Soyabean,Other,Local,02/06/2025,3800,4150,3975,13
Maharashtra,Amarawati,Nandgaon Khandeshwar,Soyabean,Yellow,Non-FAQ,11/06/2025,4050,4200,4125,13
Maharashtra,Amarawati,Shetkari Khushi Bazar,Soyabean,Other,FAQ,02/06/2025,3500,4300,4099,13
Maharashtra,Amarawati,Shetkari Khushi Bazar,Soyabean,Other,Local,23/06/2025,1000,4400,4280,13
Maharashtra,Amarawati,Varud,Soyabean,Yellow,Non-FAQ,25/06/2025,3310,4300,4136,13
Maharashtra,Amarawati,Amarawati,Soyabean,Other,Local,10/06/2025,4000,4201,4100,13
Maharashtra,Amarawati,Amarawati,Soyabean,Other,Local,25/06/2025,4050,4275,4162,13
Maharashtra,Amarawati,Chandur Bazar,Soyabean,Yellow,Non-FAQ,26/06/2025,3500,4200,4114,13
Maharashtra,Amarawati,Dhamngaon-Railway,Soyabean,Yellow,Non-FAQ,14/06/2025,3900,4450,4200,13
Maharashtra,Amarawati,Shetkari Khushi Bazar,Soyabean,Other,Local,10/06/2025,4150,4350,4240,13
Maharashtra,Amarawati,Varud(Rajura Bazar),Soyabean,Yellow,Non-FAQ,13/06/2025,3805,4245,4195,13
Maharashtra,Amarawati,Nandgaon Khandeshwar,Soyabean,Yellow,Non-FAQ,30/06/2025,3965,4225,4095,13
Maharashtra,Amarawati,Shetkari Khushi Bazar,Soyabean,Other,Local,27/06/2025,3300,4300,4063,13
Maharashtra,Amarawati,Varud,Soyabean,Yellow,Non-FAQ,19/06/2025,3100,4200,4090,13
Maharashtra,Amarawati,Varud(Rajura Bazar),Soyabean,Yellow,Non-FAQ,27/06/2025,4085,4190,4143,13
Maharashtra,Amarawati,Achalpur,Soyabean,Other,Local,07/07/2025,4000,4160,4080,13
Maharashtra,Amarawati,Achalpur,Soyabean,Other,Local,15/07/2025,3800,4300,4050,13
Maharashtra,Amarawati,Amarawati,Soyabean,Other,Local,05/07/2025,4200,4354,4277,13
Maharashtra,Amarawati,Amarawati,Soyabean,Other,Local,11/07/2025,4150,4327,4238,13
Maharashtra,Amarawati,Amarawati,Soyabean,Other,Local,14/07/2025,4050,4301,4175,13
Maharashtra,Amarawati,Amarawati,Soyabean,Other,Local,15/07/2025,4150,4300,4225,13
Maharashtra,Amarawati,Amarawati,Soyabean,Other,Local,18/07/2025,4150,4300,4225,13
Maharashtra,Amarawati,Amarawati,Soyabean,Other,Local,25/07/2025,4200,4368,4284,13
Maharashtra,Amarawati,Amarawati,Soyabean,Other,Local,31/07/2025,4400,4600,4500,13
Maharashtra,Amarawati,Anajngaon,Soyabean,Yellow,Non-FAQ,13/07/2025,3800,4150,4000,13
Maharashtra,Amarawati,Chandur Bazar,Soyabean,Yellow,Non-FAQ,02/07/2025,3500,4210,3815,13
Maharashtra,Amarawati,Chandur Bazar,Soyabean,Yellow,Non-FAQ,07/07/2025,3400,4250,3950,13
Maharashtra,Amarawati,Chandur Bazar,Soyabean,Yellow,Non-FAQ,11/07/2025,3200,4250,3970,13
Maharashtra,Amarawati,Chandur Railway,Soyabean,Yellow,Non-FAQ,18/07/2025,4000,4200,4200,13
Maharashtra,Amarawati,Daryapur,Soyabean,Yellow,Non-FAQ,15/07/2025,3500,4300,4150,13
Maharashtra,Amarawati,Daryapur,Soyabean,Yellow,Non-FAQ,16/07/2025,3500,4300,4150,13
Maharashtra,Amarawati,Daryapur,Soyabean,Yellow,Non-FAQ,28/07/2025,3600,4470,4250,13
Maharashtra,Amarawati,Dhamngaon-Railway,Soyabean,Yellow,Non-FAQ,01/07/2025,3880,4445,4300,13
Maharashtra,Amarawati,Dhamngaon-Railway,Soyabean,Yellow,Non-FAQ,12/07/2025,3840,4425,4200,13
Maharashtra,Amarawati,Morshi,Soyabean,Other,Local,28/07/2025,4000,4150,4075,13
Maharashtra,Amarawati,Nandgaon Khandeshwar,Soyabean,Yellow,Non-FAQ,11/07/2025,4070,4250,4160,13
Maharashtra,Amarawati,Nandgaon Khandeshwar,Soyabean,Yellow,Non-FAQ,12/07/2025,4070,4311,4190,13
Maharashtra,Amarawati,Varud,Soyabean,Yellow,Non-FAQ,21/07/2025,3900,4175,4145,13
Maharashtra,Amarawati,Varud,Soyabean,Yellow,Non-FAQ,27/07/2025,4311,4311,4311,13
Maharashtra,Amarawati,Achalpur,Soyabean,Other,Local,31/05/2025,3900,4200,4100,13
Maharashtra,Amarawati,Amarawati,Soyabean,Other,Local,02/05/2025,4050,4211,4130,13
Maharashtra,Amarawati,Amarawati,Soyabean,Other,Local,07/05/2025,4050,4225,4137,13
Maharashtra,Amarawati,Amarawati,Soyabean,Other,Local,16/05/2025,4050,4320,4185,13
Maharashtra,Amarawati,Amarawati,Soyabean,Other,Local,20/05/2025,4050,4275,4162,13
Maharashtra,Amarawati,Amarawati,Soyabean,Other,Local,26/05/2025,3850,4200,4025,13
Maharashtra,Amarawati,Anajngaon,Soyabean,Yellow,Non-FAQ,09/05/2025,3800,4130,4000,13
Maharashtra,Amarawati,Chandur Bazar,Soyabean,Yellow,Non-FAQ,21/05/2025,3500,4100,3950,13
Maharashtra,Amarawati,Chandur Bazar,Soyabean,Yellow,Non-FAQ,26/05/2025,3500,4130,3850,13
Maharashtra,Amarawati,Chandur Railway,Soyabean,Yellow,Non-FAQ,03/05/2025,4100,4300,4225,13
Maharashtra,Amarawati,Chandur Railway,Soyabean,Yellow,Non-FAQ,19/05/2025,3855,4400,4300,13
Maharashtra,Amarawati,Chandur Railway,Soyabean,Yellow,Non-FAQ,20/05/2025,4165,4355,4250,13
Maharashtra,Amarawati,Chandur Railway,Soyabean,Yellow,Non-FAQ,21/05/2025,4100,4300,4150,13
Maharashtra,Amarawati,Daryapur,Soyabean,Yellow,Non-FAQ,23/05/2025,3400,4350,4100,13
Maharashtra,Amarawati,Daryapur,Soyabean,Yellow,Non-FAQ,24/05/2025,3500,4425,4100,13
Maharashtra,Amarawati,Daryapur,Soyabean,Yellow,Non-FAQ,28/05/2025,3600,4500,3850,13
Maharashtra,Amarawati,Daryapur,Soyabean,Yellow,Non-FAQ,31/05/2025,3400,4300,4050,13
Maharashtra,Amarawati,Morshi,Soyabean,Other,Local,08/05/2025,3700,4000,3850,13
Maharashtra,Amarawati,Nandgaon Khandeshwar,Soyabean,Yellow,Non-FAQ,02/05/2025,4050,4300,4175,13
Maharashtra,Amarawati,Nandgaon Khandeshwar,Soyabean,Yellow,Non-FAQ,19/05/2025,4050,4260,4155,13
Maharashtra,Amarawati,Shetkari Khushi Bazar,Soyabean,Other,FAQ,08/05/2025,3100,4350,4258,13
Maharashtra,Amarawati,Shetkari Khushi Bazar,Soyabean,Other,FAQ,10/05/2025,4250,4500,4437,13
Maharashtra,Amarawati,Shetkari Khushi Bazar,Soyabean,Other,FAQ,30/05/2025,1000,4400,4056,13
Maharashtra,Amarawati,Amarawati,Soyabean,Other,Local,02/04/2025,4250,4400,4325,13
Maharashtra,Amarawati,Amarawati,Soyabean,Other,Local,21/04/2025,4000,4250,4125,13
Maharashtra,Amarawati,Amarawati,Soyabean,Other,Local,29/04/2025,2500,2800,2650,13
Maharashtra,Amarawati,Chandur Bazar,Soyabean,Yellow,Non-FAQ,24/04/2025,3600,4200,4050,13
Maharashtra,Amarawati,Chandur Railway,Soyabean,Yellow,Non-FAQ,04/04/2025,4280,4400,4350,13
Maharashtra,Amarawati,Varud(Rajura Bazar),Soyabean,Yellow,Non-FAQ,25/04/2025,4300,4300,4300,13
Maharashtra,Amarawati,Achalpur,Soyabean,Other,Local,04/04/2025,4000,4150,4075,13
Maharashtra,Amarawati,Amarawati,Soyabean,Other,Local,07/04/2025,4000,4150,4075,13
Maharashtra,Amarawati,Amarawati,Soyabean,Other,Local,17/04/2025,4300,4423,4361,13
Maharashtra,Amarawati,Amarawati,Soyabean,Other,Local,24/04/2025,3800,4200,4000,13
Maharashtra,Amarawati,Chandur Bazar,Soyabean,Yellow,Non-FAQ,21/04/2025,3600,4200,3930,13
Maharashtra,Amarawati,Daryapur,Soyabean,Yellow,Non-FAQ,19/04/2025,3600,4350,4150,13
Maharashtra,Amarawati,Shetkari Khushi Bazar,Soyabean,Other,FAQ,03/04/2025,4000,4525,4331,13
Maharashtra,Amarawati,Shetkari Khushi Bazar,Soyabean,Other,FAQ,25/04/2025,1000,4425,4317,13
Maharashtra,Amarawati,Varud,Soyabean,Yellow,Non-FAQ,09/04/2025,3805,4165,4078,13
Maharashtra,Amarawati,Chandur Bazar,Soyabean,Yellow,FAQ,29/10/2024,3200,4310,4060,13
Maharashtra,Amarawati,Nandgaon Khandeshwar,Soyabean,Yellow,FAQ,17/10/2024,3750,4350,4050,13
Maharashtra,Amarawati,Dharni,Soyabean,Yellow,FAQ,25/10/2024,3900,4000,3950,13
Maharashtra,Amarawati,Morshi,Soyabean,Other,FAQ,15/10/2024,3600,4380,3990,13
Maharashtra,Amarawati,Shetkari Khushi Bazar,Soyabean,Other,FAQ,29/10/2024,1000,4400,4019,13
Maharashtra,Amarawati,Anajngaon,Soyabean,Yellow,FAQ,25/10/2024,3500,4300,4000,13
Maharashtra,Amarawati,Chandur Bazar,Soyabean,Yellow,FAQ,16/10/2024,3100,4400,3700,13
Maharashtra,Amarawati,Amarawati,Soyabean,Other,FAQ,10/10/2024,4100,4461,4280,13
Maharashtra,Amarawati,Morshi,Soyabean,Other,FAQ,24/10/2024,3800,4370,4085,13
Maharashtra,Amarawati,Nandgaon Khandeshwar,Soyabean,Yellow,FAQ,18/10/2024,3650,4300,3975,13
Maharashtra,Amarawati,Achalpur,Soyabean,Other,FAQ,25/10/2024,3200,4350,3725,13
Maharashtra,Amarawati,Morshi,Soyabean,Other,FAQ,21/10/2024,3800,4150,3975,13
Maharashtra,Amarawati,Achalpur,Soyabean,Other,FAQ,04/12/2024,3800,4200,4000,13
Maharashtra,Amarawati,Achalpur,Soyabean,Other,FAQ,16/12/2024,3700,4000,3850,13
Maharashtra,Amarawati,Achalpur,Soyabean,Other,FAQ,27/12/2024,3470,4181,3826,13
Maharashtra,Amarawati,Amarawati,Soyabean,Other,FAQ,12/12/2024,3800,3921,3860,13
Maharashtra,Amarawati,Amarawati,Soyabean,Other,FAQ,23/12/2024,3750,3951,3850,13
Maharashtra,Amarawati,Amarawati,Soyabean,Other,FAQ,24/12/2024,3900,4153,4026,13
Maharashtra,Amarawati,Anajngaon,Soyabean,Yellow,FAQ,15/12/2024,3500,4100,3800,13
Maharashtra,Amarawati,Chandur Bazar,Soyabean,Yellow,FAQ,10/12/2024,3000,4050,3860,13
Maharashtra,Amarawati,Chandur Bazar,Soyabean,Yellow,FAQ,20/12/2024,3300,4200,4070,13
Maharashtra,Amarawati,Chandur Bazar,Soyabean,Yellow,FAQ,23/12/2024,3300,4160,3960,13
Maharashtra,Amarawati,Chandur Bazar,Soyabean,Yellow,FAQ,26/12/2024,3300,4310,4070,13
Maharashtra,Amarawati,Chandur Railway,Soyabean,Yellow,FAQ,06/12/2024,3600,4300,4000,13
Maharashtra,Amarawati,Chandur Railway,Soyabean,Yellow,FAQ,26/12/2024,3450,4250,4000,13
Maharashtra,Amarawati,Chandur Railway,Soyabean,Yellow,FAQ,30/12/2024,3600,4300,3950,13
Maharashtra,Amarawati,Daryapur,Soyabean,Yellow,FAQ,10/12/2024,3300,4200,3950,13
Maharashtra,Amarawati,Daryapur,Soyabean,Yellow,FAQ,24/12/2024,3200,4250,3950,13
Maharashtra,Amarawati,Daryapur,Soyabean,Yellow,FAQ,30/12/2024,3200,7421,7346,13
Maharashtra,Amarawati,Daryapur,Soyabean,Yellow,FAQ,31/12/2024,3200,4275,3950,13
Maharashtra,Amarawati,Dhamngaon-Railway,Soyabean,Yellow,FAQ,03/12/2024,3500,4250,4100,13
Maharashtra,Amarawati,Dhamngaon-Railway,Soyabean,Yellow,FAQ,05/12/2024,3500,4265,4100,13
Maharashtra,Amarawati,Dhamngaon-Railway,Soyabean,Yellow,FAQ,17/12/2024,3500,4240,4100,13
Maharashtra,Amarawati,Nandgaon Khandeshwar,Soyabean,Yellow,FAQ,09/12/2024,3805,4095,3950,13
Maharashtra,Amarawati,Nandgaon Khandeshwar,Soyabean,Yellow,FAQ,10/12/2024,3850,4250,4050,13
Maharashtra,Amarawati,Nandgaon Khandeshwar,Soyabean,Yellow,FAQ,13/12/2024,3860,4240,4050,13
Maharashtra,Amarawati,Shetkari Khushi Bazar,Soyabean,Other,FAQ,02/12/2024,2400,4300,4109,13
Maharashtra,Amarawati,Shetkari Khushi Bazar,Soyabean,Other,FAQ,10/12/2024,2500,3950,3836,13
Maharashtra,Amarawati,Varud,Soyabean,Yellow,FAQ,28/12/2024,3300,4050,3780,13
Maharashtra,Amarawati,Achalpur,Soyabean,Other,FAQ,13/11/2024,3350,4200,3775,13
Maharashtra,Amarawati,Amarawati,Soyabean,Other,FAQ,19/11/2024,3850,4100,3975,13
Maharashtra,Amarawati,Amarawati,Soyabean,Other,FAQ,21/11/2024,3950,4131,4040,13
Maharashtra,Amarawati,Amarawati,Soyabean,Other,FAQ,22/11/2024,4000,4161,4080,13
Maharashtra,Amarawati,Amarawati,Soyabean,Other,FAQ,25/11/2024,4000,4150,4075,13
Maharashtra,Amarawati,Anajngaon,Soyabean,Yellow,FAQ,08/11/2024,3400,4100,3800,13
Maharashtra,Amarawati,Anajngaon,Soyabean,Yellow,FAQ,17/11/2024,3500,4200,3900,13
Maharashtra,Amarawati,Chandur Bazar,Soyabean,Yellow,FAQ,07/11/2024,3300,4420,4200,13
Maharashtra,Amarawati,Chandur Bazar,Soyabean,Yellow,FAQ,13/11/2024,3200,4340,3850,13
Maharashtra,Amarawati,Chandur Bazar,Soyabean,Yellow,FAQ,25/11/2024,3200,4220,4020,13
Maharashtra,Amarawati,Chandur Bazar,Soyabean,Yellow,FAQ,27/11/2024,3200,4150,3840,13
Maharashtra,Amarawati,Chandur Railway,Soyabean,Yellow,FAQ,04/11/2024,3400,4200,3950,13
Maharashtra,Amarawati,Chandur Railway,Soyabean,Yellow,FAQ,25/11/2024,3500,4300,4000,13
Maharashtra,Amarawati,Daryapur,Soyabean,Yellow,FAQ,06/11/2024,3400,4400,4100,13
Maharashtra,Amarawati,Morshi,Soyabean,Other,FAQ,25/11/2024,3500,3900,3700,13
Maharashtra,Amarawati,Shetkari Khushi Bazar,Soyabean,Other,FAQ,14/11/2024,2000,4200,3976,13
Maharashtra,Amarawati,Shetkari Khushi Bazar,Soyabean,Other,FAQ,22/11/2024,3000,4200,4039,13
Maharashtra,Amarawati,Shetkari Khushi Bazar,Soyabean,Other,FAQ,26/11/2024,2000,4200,4004,13
Maharashtra,Amarawati,Varud,Soyabean,Yellow,FAQ,12/11/2024,2800,4075,3789,13
Maharashtra,Amarawati,Amarawati,Soyabean,Other,FAQ,05/07/2024,4300,4428,4364,13
Maharashtra,Amarawati,Amarawati,Soyabean,Other,FAQ,06/07/2024,4300,4400,4350,13
Maharashtra,Amarawati,Amarawati,Soyabean,Other,FAQ,09/07/2024,4250,4350,4300,13
Maharashtra,Amarawati,Amarawati,Soyabean,Other,FAQ,13/07/2024,4200,4275,4237,13
Maharashtra,Amarawati,Amarawati,Soyabean,Other,FAQ,16/07/2024,4250,4325,4287,13
Maharashtra,Amarawati,Amarawati,Soyabean,Other,FAQ,19/07/2024,4250,4315,4282,13
Maharashtra,Amarawati,Amarawati,Soyabean,Other,FAQ,23/07/2024,4250,4326,4288,13
Maharashtra,Amarawati,Chandur Bazar,Soyabean,Yellow,FAQ,09/07/2024,4000,4400,4240,13
Maharashtra,Amarawati,Chandur Bazar,Soyabean,Yellow,FAQ,22/07/2024,4000,4300,4200,13
Maharashtra,Amarawati,Chandur Bazar,Soyabean,Yellow,FAQ,25/07/2024,4000,4300,4200,13
Maharashtra,Amarawati,Chandur Railway,Soyabean,Yellow,FAQ,11/07/2024,4290,4325,4300,13
Maharashtra,Amarawati,Chandur Railway,Soyabean,Yellow,FAQ,19/07/2024,4315,4350,4325,13
Maharashtra,Amarawati,Daryapur,Soyabean,Yellow,FAQ,02/07/2024,3400,4380,4300,13
Maharashtra,Amarawati,Daryapur,Soyabean,Yellow,FAQ,03/07/2024,3500,4390,4250,13
Maharashtra,Amarawati,Daryapur,Soyabean,Yellow,FAQ,06/07/2024,3600,4425,4325,13
Maharashtra,Amarawati,Daryapur,Soyabean,Yellow,FAQ,09/07/2024,3400,4385,4300,13
Maharashtra,Amarawati,Dhamngaon-Railway,Soyabean,Yellow,FAQ,05/07/2024,4000,4420,4300,13
Maharashtra,Amarawati,Nandgaon Khandeshwar,Soyabean,Yellow,FAQ,26/07/2024,4155,4265,4210,13
Maharashtra,Amarawati,Shetkari Khushi Bazar,Soyabean,Other,FAQ,09/07/2024,3000,4400,4278,13
Maharashtra,Amarawati,Shetkari Khushi Bazar,Soyabean,Other,FAQ,19/07/2024,3000,4350,4271,13
Maharashtra,Amarawati,Shetkari Khushi Bazar,Soyabean,Other,FAQ,23/07/2024,1500,4400,4349,13
Maharashtra,Amarawati,Shetkari Khushi Bazar,Soyabean,Other,FAQ,30/07/2024,1500,4350,4119,13
Maharashtra,Amarawati,Achalpur,Soyabean,Other,FAQ,07/08/2024,4100,4200,4150,13
Maharashtra,Amarawati,Amarawati,Soyabean,Other,FAQ,10/08/2024,4050,4170,4110,13
Maharashtra,Amarawati,Amarawati,Soyabean,Other,FAQ,20/08/2024,4050,4125,4087,13
Maharashtra,Amarawati,Amarawati,Soyabean,Other,FAQ,29/08/2024,4150,4300,4225,13
Maharashtra,Amarawati,Amarawati,Soyabean,Other,FAQ,30/08/2024,4270,4376,4323,13
Maharashtra,Amarawati,Chandur Bazar,Soyabean,Yellow,FAQ,26/08/2024,4000,4150,4050,13
Maharashtra,Amarawati,Chandur Railway,Soyabean,Yellow,FAQ,07/08/2024,4125,4200,4180,13
Maharashtra,Amarawati,Chandur Railway,Soyabean,Yellow,FAQ,23/08/2024,4050,4125,4100,13
Maharashtra,Amarawati,Daryapur,Soyabean,Yellow,FAQ,09/08/2024,3400,4225,4175,13
Maharashtra,Amarawati,Daryapur,Soyabean,Yellow,FAQ,26/08/2024,3600,4350,4250,13
Maharashtra,Amarawati,Dhamngaon-Railway,Soyabean,Yellow,FAQ,08/08/2024,4000,4209,4100,13
Maharashtra,Amarawati,Nandgaon Khandeshwar,Soyabean,Yellow,FAQ,27/08/2024,4050,4260,4155,13
Maharashtra,Amarawati,Nandgaon Khandeshwar,Soyabean,Yellow,FAQ,30/08/2024,4130,4380,4255,13
Maharashtra,Amarawati,Shetkari Khushi Bazar,Soyabean,Other,FAQ,08/08/2024,4000,4250,4155,13
Maharashtra,Amarawati,Shetkari Khushi Bazar,Soyabean,Other,FAQ,22/08/2024,4100,4200,4138,13
Maharashtra,Amarawati,Shetkari Khushi Bazar,Soyabean,Other,FAQ,28/08/2024,3900,4300,4260,13
Maharashtra,Amarawati,Varud(Rajura Bazar),Soyabean,Yellow,FAQ,08/08/2024,3000,4050,3979,13
Maharashtra,Amarawati,Achalpur,Soyabean,Other,FAQ,11/09/2024,4200,4400,4300,13
Maharashtra,Amarawati,Achalpur,Soyabean,Other,FAQ,12/09/2024,4200,4450,4325,13
Maharashtra,Amarawati,Achalpur,Soyabean,Other,FAQ,27/09/2024,4300,4550,4425,13
Maharashtra,Amarawati,Amarawati,Soyabean,Other,FAQ,05/09/2024,4500,4570,4535,13
Maharashtra,Amarawati,Amarawati,Soyabean,Other,FAQ,25/09/2024,4450,4500,4475,13
Maharashtra,Amarawati,Chandur Bazar,Soyabean,Other,FAQ,20/09/2024,4711,4711,4711,13
Maharashtra,Amarawati,Chandur Bazar,Soyabean,Yellow,FAQ,09/09/2024,4000,4400,4250,13
Maharashtra,Amarawati,Chandur Railway,Soyabean,Yellow,FAQ,04/09/2024,4300,4450,4425,13
Maharashtra,Amarawati,Daryapur,Soyabean,Yellow,FAQ,06/09/2024,7000,8005,7500,13
Maharashtra,Amarawati,Daryapur,Soyabean,Yellow,FAQ,20/09/2024,3500,4650,4550,13
Maharashtra,Amarawati,Daryapur,Soyabean,Yellow,FAQ,25/09/2024,3600,4600,4400,13
Maharashtra,Amarawati,Daryapur,Soyabean,Yellow,FAQ,28/09/2024,3500,4580,4425,13
Maharashtra,Amarawati,Daryapur,Soyabean,Yellow,FAQ,30/09/2024,3500,4545,4425,13
Maharashtra,Amarawati,Dhamngaon-Railway,Soyabean,Yellow,FAQ,18/09/2024,4000,4650,4300,13
Maharashtra,Amarawati,Morshi,Soyabean,Other,FAQ,30/09/2024,4200,4590,4395,13
Maharashtra,Amarawati,Shetkari Khushi Bazar,Soyabean,Other,FAQ,09/09/2024,1500,4420,4259,13
Maharashtra,Amarawati,Shetkari Khushi Bazar,Soyabean,Other,FAQ,10/09/2024,2100,4525,4255,13
Maharashtra,Amarawati,Shetkari Khushi Bazar,Soyabean,Other,FAQ,20/09/2024,2500,4700,4527,13
Maharashtra,Amarawati,Achalpur,Soyabean,Other,Local,04/08/2025,4250,4600,4425,13
Maharashtra,Amarawati,Amarawati,Soyabean,Other,Local,16/08/2025,4350,4600,4475,13
Maharashtra,Amarawati,Amarawati,Soyabean,Other,Local,26/08/2025,4250,4530,4390,13
Maharashtra,Amarawati,Anajngaon,Soyabean,Yellow,Non-FAQ,03/08/2025,4000,4400,4200,13
Maharashtra,Amarawati,Anajngaon,Soyabean,Yellow,Non-FAQ,24/08/2025,4000,4505,4300,13
Maharashtra,Amarawati,Chandur Bazar,Soyabean,Yellow,Non-FAQ,06/08/2025,3500,4900,4600,13
Maharashtra,Amarawati,Chandur Railway,Soyabean,Yellow,Non-FAQ,02/08/2025,4480,4670,4600,13
Maharashtra,Amarawati,Daryapur,Soyabean,Yellow,Non-FAQ,18/08/2025,3700,4700,4500,13
Maharashtra,Amarawati,Morshi,Soyabean,Other,Local,25/08/2025,4200,4435,4320,13
Maharashtra,Amarawati,Morshi,Soyabean,Other,Local,28/08/2025,3800,4100,3950,13
Maharashtra,Amarawati,Varud,Soyabean,Yellow,Non-FAQ,04/08/2025,4400,4400,4400,13
Maharashtra,Amarawati,Varud,Soyabean,Yellow,Non-FAQ,13/08/2025,4290,4400,4393,13
Maharashtra,Amarawati,Varud,Soyabean,Yellow,Non-FAQ,20/08/2025,3015,4320,4099,13
Maharashtra,Amarawati,Varud(Rajura Bazar),Soyabean,Yellow,Non-FAQ,29/08/2025,4350,4350,4350,13
Maharashtra,Amarawati,Amarawati,Soyabean,Other,Local,17/09/2025,4000,4265,4132,13
Maharashtra,Amarawati,Amarawati,Soyabean,Other,Local,20/09/2025,4000,4256,4128,13
Maharashtra,Amarawati,Amarawati,Soyabean,Other,Local,25/09/2025,4000,4323,4161,13
Maharashtra,Amarawati,Anajngaon,Soyabean,Yellow,Non-FAQ,12/09/2025,3500,4751,4200,13
Maharashtra,Amarawati,Daryapur,Soyabean,Yellow,Non-FAQ,09/09/2025,3500,4325,4200,13
Maharashtra,Amarawati,Daryapur,Soyabean,Yellow,Non-FAQ,20/09/2025,3400,4300,4150,13
Maharashtra,Amarawati,Dhamngaon-Railway,Soyabean,Yellow,Non-FAQ,08/09/2025,3700,4375,4200,13
Maharashtra,Amarawati,Nandgaon Khandeshwar,Soyabean,Yellow,Non-FAQ,16/09/2025,3300,4100,4000,13
Maharashtra,Amarawati,Achalpur,Soyabean,Other,Local,02/09/2025,4000,4500,4250,13
Maharashtra,Amarawati,Achalpur,Soyabean,Other,Local,12/09/2025,4000,4225,4110,13
Maharashtra,Amarawati,Achalpur,Soyabean,Other,Local,17/09/2025,4000,4300,4150,13
Maharashtra,Amarawati,Achalpur,Soyabean,Other,Local,18/09/2025,3871,4240,4010,13
Maharashtra,Amarawati,Achalpur,Soyabean,Other,Local,25/09/2025,3800,4350,4075,13
Maharashtra,Amarawati,Achalpur,Soyabean,Other,Local,30/09/2025,3600,4400,4050,13
Maharashtra,Amarawati,Amarawati,Soyabean,Other,Local,11/09/2025,4000,4250,4125,13
Maharashtra,Amarawati,Amarawati,Soyabean,Other,Local,12/09/2025,3750,4150,3950,13
Maharashtra,Amarawati,Amarawati,Soyabean,Other,Local,19/09/2025,4000,4267,4133,13
Maharashtra,Amarawati,Amarawati,Soyabean,Other,Local,23/09/2025,4000,4200,4100,13
Maharashtra,Amarawati,Amarawati,Soyabean,Other,Local,26/09/2025,4050,4310,4180,13
Maharashtra,Amarawati,Chandur Bazar,Soyabean,Other,Local,25/09/2025,4511,4511,4511,13
Maharashtra,Amarawati,Chandur Railway,Soyabean,Yellow,Non-FAQ,16/09/2025,4135,4350,4250,13
Maharashtra,Amarawati,Dhamngaon-Railway,Soyabean,Yellow,Non-FAQ,02/09/2025,3970,4470,4300,13
Maharashtra,Amarawati,Morshi,Soyabean,Other,Local,01/09/2025,3800,4300,4050,13
Maharashtra,Amarawati,Nandgaon Khandeshwar,Soyabean,Yellow,Non-FAQ,15/09/2025,3500,4180,4010,13
Maharashtra,Amarawati,Achalpur,Soyabean,Other,Local,08/10/2025,3800,4050,3925,13
Maharashtra,Amarawati,Achalpur,Soyabean,Other,Local,28/10/2025,3625,4070,3840,13
Maharashtra,Amarawati,Chandur Bazar,Soyabean,Yellow,Non-FAQ,07/10/2025,3000,4200,3850,13
Maharashtra,Amarawati,Daryapur,Soyabean,Yellow,Non-FAQ,11/10/2025,3200,4250,3800,13
Maharashtra,Amarawati,Daryapur,Soyabean,Yellow,Non-FAQ,28/10/2025,3000,4350,3950,13
Maharashtra,Amarawati,Shetkari Khushi Bazar,Soyabean,Other,Local,24/10/2025,1000,4300,3872,13
Maharashtra,Amarawati,Shetkari Khushi Bazar,Soyabean,Other,Local,30/10/2025,1500,4300,3739,13
Maharashtra,Amarawati,Amarawati,Soyabean,Other,Local,03/11/2025,3750,4265,4007,13
Maharashtra,Amarawati,Amarawati,Soyabean,Other,Local,09/10/2025,3800,4150,3975,13
Maharashtra,Amarawati,Chandur Bazar,Soyabean,Yellow,Non-FAQ,16/10/2025,3000,4300,4000,13
Maharashtra,Amarawati,Daryapur,Soyabean,Yellow,Non-FAQ,13/10/2025,3000,4250,3950,13
Maharashtra,Amarawati,Dhamngaon-Railway,Soyabean,Yellow,Non-FAQ,28/10/2025,3300,4500,3800,13
Maharashtra,Amarawati,Nandgaon Khandeshwar,Soyabean,Yellow,Non-FAQ,13/10/2025,3445,4185,3815,13
Maharashtra,Amarawati,Shetkari Khushi Bazar,Soyabean,Other,Local,29/10/2025,500,4350,3750,13
Maharashtra,Amarawati,Shetkari Khushi Bazar,Soyabean,Other,Local,31/10/2025,2500,4400,3835,13
Maharashtra,Amarawati,Varud APMC,Soyabean,Yellow,Non-FAQ,13/11/2025,3945,4625,4358,13
Maharashtra,Amarawati,Chandur Railway APMC,Soyabean,Yellow,Non-FAQ,26/11/2025,3600,4900,4000,13
Maharashtra,Amarawati,Varud APMC,Soyabean,Yellow,Non-FAQ,26/11/2025,3355,4505,4186,13
Maharashtra,Amarawati,Dhamngaon-Railway APMC,Soyabean,Yellow,Non-FAQ,26/11/2025,3500,4600,4000,13
Maharashtra,Amarawati,Amarawati APMC,Soyabean,Other,Local,07/11/2025,3700,4250,3975,13
Maharashtra,Amarawati,Morshi APMC,Soyabean,Other,Local,10/11/2025,3500,4490,3995,13
Maharashtra,Amarawati,Amarawati APMC,Soyabean,Other,Local,10/11/2025,3850,4400,4125,13
Maharashtra,Amarawati,Amarawati APMC,Soyabean,Other,Local,13/11/2025,4000,4600,4300,13
Maharashtra,Amarawati,Morshi APMC,Soyabean,Other,Local,20/11/2025,3600,4300,3950,13
Maharashtra,Amarawati,Amarawati APMC,Soyabean,Other,Local,25/11/2025,3800,4500,4150,13
Maharashtra,Amarawati,Daryapur APMC,Soyabean,Yellow,FAQ,02/02/2026,5350,6000,5600,13
Maharashtra,Amarawati,Dhamngaon-Railway APMC,Soyabean,Yellow,FAQ,03/02/2026,5328,5590,5400,13
Maharashtra,Amarawati,Varud(Rajura Bazar) APMC,Soyabean,Yellow,Non-FAQ,20/02/2026,4890,5150,4978,13
Maharashtra,Amarawati,Chandur Bazar APMC,Soyabean,Yellow,FAQ,02/02/2026,5350,5850,5500,13
Maharashtra,Amarawati,Daryapur APMC,Soyabean,Yellow,Non-FAQ,11/02/2026,3400,5135,4850,13
Maharashtra,Amarawati,Amarawati APMC,Soyabean,Other,Local,10/02/2026,5000,5300,5150,13
Maharashtra,Amarawati,Amarawati APMC,Soyabean,Other,Local,20/02/2026,4750,5150,4950,13
Maharashtra,Amarawati,Amarawati APMC,Soyabean,Other,Local,28/02/2026,4800,5100,4950,13
Maharashtra,Amarawati,Varud(Rajura Bazar) APMC,Soyabean,Yellow,Non-FAQ,27/02/2026,4995,5050,5032,13
Maharashtra,Amarawati,Anajngaon APMC,Soyabean,Yellow,Non-FAQ,27/02/2026,4920,5300,5100,13
Maharashtra,Amarawati,Achalpur APMC,Soyabean,Other,Local,12/01/2026,3950,4900,4425,13
Maharashtra,Amarawati,Amarawati APMC,Soyabean,Other,Local,09/01/2026,4550,4900,4725,13
Maharashtra,Amarawati,Amarawati APMC,Soyabean,Other,Local,10/01/2026,4800,5015,4907,13
Maharashtra,Amarawati,Morshi APMC,Soyabean,Other,Local,15/01/2026,4500,5140,4820,13
Maharashtra,Amarawati,Amarawati APMC,Soyabean,Other,Local,14/01/2026,4800,5200,5000,13
Maharashtra,Amarawati,Amarawati APMC,Soyabean,Other,Local,19/01/2026,5000,5300,5150,13
Maharashtra,Amarawati,Shetkari Khushi Bazar APMC,Soyabean,Other,Local,27/01/2026,2000,5800,5140,13
Maharashtra,Amarawati,Amarawati APMC,Soyabean,Other,Local,23/01/2026,5100,5300,5200,13
Maharashtra,Amarawati,Amarawati APMC,Soyabean,Other,Local,28/01/2026,5000,5556,5278,13
Maharashtra,Amarawati,Varud(Rajura Bazar) APMC,Soyabean,Yellow,Non-FAQ,02/01/2026,4200,4700,4443,13
Maharashtra,Amarawati,Dhamngaon-Railway APMC,Soyabean,Yellow,Non-FAQ,08/01/2026,4000,5111,4900,13
Maharashtra,Amarawati,Varud APMC,Soyabean,Yellow,Non-FAQ,12/01/2026,3100,5100,4752,13
Maharashtra,Amarawati,Varud(Rajura Bazar) APMC,Soyabean,Yellow,Non-FAQ,09/01/2026,3700,5200,4886,13
Maharashtra,Amarawati,Daryapur APMC,Soyabean,Yellow,Non-FAQ,10/01/2026,3500,4700,4400,13
Maharashtra,Amarawati,Chandur Railway APMC,Soyabean,Yellow,Non-FAQ,14/01/2026,4500,5181,4800,13
Maharashtra,Amarawati,Chandur Bazar APMC,Soyabean,Yellow,Non-FAQ,14/01/2026,3800,5200,4850,13
Maharashtra,Amarawati,Daryapur APMC,Soyabean,Yellow,Non-FAQ,14/01/2026,3500,5050,4800,13
Maharashtra,Amarawati,Varud APMC,Soyabean,Yellow,Non-FAQ,19/01/2026,2810,5310,5044,13
Maharashtra,Amarawati,Dhamngaon-Railway APMC,Soyabean,Yellow,Non-FAQ,19/01/2026,4500,4700,4600,13
Maharashtra,Amarawati,Dhamngaon-Railway APMC,Soyabean,Yellow,Non-FAQ,07/01/2026,4000,5080,4800,13
Maharashtra,Amarawati,Chandur Bazar APMC,Soyabean,Yellow,Non-FAQ,13/01/2026,3800,5160,4500,13
Maharashtra,Amarawati,Dhamngaon-Railway APMC,Soyabean,Yellow,Non-FAQ,12/01/2026,4000,5230,4900,13
Maharashtra,Amarawati,Daryapur APMC,Soyabean,Yellow,FAQ,27/01/2026,5500,6465,5600,13
Maharashtra,Amarawati,Chandur Bazar APMC,Soyabean,Yellow,Non-FAQ,30/01/2026,4500,5300,5300,13
Maharashtra,Amarawati,Amarawati APMC,Soyabean,Other,Local,04/12/2025,4050,4450,4250,13
Maharashtra,Amarawati,Amarawati APMC,Soyabean,Other,Local,06/12/2025,4050,4450,4250,13
Maharashtra,Amarawati,Amarawati APMC,Soyabean,Other,Local,09/12/2025,4000,4400,4200,13
Maharashtra,Amarawati,Morshi APMC,Soyabean,Other,Local,22/12/2025,3500,4850,4175,13
Maharashtra,Amarawati,Amarawati APMC,Soyabean,Other,Local,24/12/2025,4100,4600,4350,13
Maharashtra,Amarawati,Amarawati APMC,Soyabean,Other,Local,29/12/2025,4100,4650,4375,13
Maharashtra,Amarawati,Amarawati APMC,Soyabean,Other,Local,26/12/2025,4200,4700,4450,13
Maharashtra,Amarawati,Shetkari Khushi Bazar APMC,Soyabean,Other,Local,22/12/2025,1000,4700,4352,13
Maharashtra,Amarawati,Shetkari Khushi Bazar APMC,Soyabean,Other,Local,02/12/2025,3500,4400,4107,13
Maharashtra,Amarawati,Amarawati APMC,Soyabean,Other,Local,10/12/2025,4000,4300,4150,13
Maharashtra,Amarawati,Daryapur APMC,Soyabean,Yellow,Non-FAQ,03/12/2025,3000,4400,3950,13
Maharashtra,Amarawati,Varud APMC,Soyabean,Yellow,Non-FAQ,15/12/2025,3475,4500,4110,13
Maharashtra,Amarawati,Dhamngaon-Railway APMC,Soyabean,Yellow,Non-FAQ,16/12/2025,3500,4750,4200,13
Maharashtra,Amarawati,Varud APMC,Soyabean,Yellow,Non-FAQ,24/12/2025,3811,4665,4334,13
Maharashtra,Amarawati,Daryapur APMC,Soyabean,Yellow,Non-FAQ,09/12/2025,3000,4400,3900,13
Maharashtra,Amarawati,Dhamngaon-Railway APMC,Soyabean,Yellow,Non-FAQ,12/12/2025,3500,4490,4000,13
Maharashtra,Amarawati,Chandur Bazar APMC,Soyabean,Yellow,Non-FAQ,08/12/2025,3200,4430,4000,13
Maharashtra,Amarawati,Chandur Railway APMC,Soyabean,Yellow,Non-FAQ,23/12/2025,3600,4750,4050,13
Maharashtra,Amarawati,Chandur Bazar APMC,Soyabean,Yellow,Non-FAQ,15/12/2025,3200,4400,4000,13
Maharashtra,Amarawati,Dhamngaon-Railway APMC,Soyabean,Yellow,Non-FAQ,10/03/2026,4620,5200,5000,13
Maharashtra,Amarawati,Chandur Bazar APMC,Soyabean,Yellow,Non-FAQ,10/03/2026,4400,5000,4760,13
Maharashtra,Amarawati,Chandur Railway APMC,Soyabean,Yellow,Non-FAQ,16/03/2026,4700,5200,5100,13
Maharashtra,Amarawati,Chandur Railway APMC,Soyabean,Yellow,FAQ,23/03/2026,5328,5470,5400,13
Maharashtra,Amarawati,Anajngaon APMC,Soyabean,Yellow,Non-FAQ,27/03/2026,4600,5000,4800,13
Maharashtra,Amarawati,Chandur Bazar APMC,Soyabean,Yellow,Non-FAQ,12/03/2026,4500,5250,4900,13
Maharashtra,Amarawati,Varud APMC,Soyabean,Yellow,Non-FAQ,14/04/2026,4880,4990,4926,13
Maharashtra,Amarawati,Anajngaon APMC,Soyabean,Yellow,Non-FAQ,17/04/2026,4800,5000,4900,13
Maharashtra,Amarawati,Amarawati APMC,Soyabean,Other,Local,11/04/2026,4900,5365,5132,13
Maharashtra,Amarawati,Achalpur APMC,Soyabean,Other,Local,09/04/2026,4800,5556,5300,13
Maharashtra,Amarawati,Amarawati APMC,Soyabean,Other,Local,18/04/2026,4900,5425,5162,13
Maharashtra,Amarawati,Amarawati APMC,Soyabean,Other,Local,06/04/2026,5000,5400,5200,13
Maharashtra,Amarawati,Morshi APMC,Soyabean,Other,Local,09/04/2026,4800,5000,4900,13
Maharashtra,Amarawati,Amarawati APMC,Soyabean,Other,Local,10/04/2026,4800,5370,5085,13
Maharashtra,Amarawati,Amarawati APMC,Soyabean,Other,Local,15/04/2026,5000,5400,5200,13
Maharashtra,Amarawati,Amarawati APMC,Soyabean,Other,Local,09/03/2026,5150,5430,5290,13
Maharashtra,Amarawati,Amarawati APMC,Soyabean,Other,Local,07/03/2026,4850,5300,5075,13
Maharashtra,Amarawati,Amarawati APMC,Soyabean,Other,Local,13/03/2026,5000,5400,5200,13
