State,District,Market,Commodity,Variety,Grade,Arrival_Date,Min_Price,Max_Price,Modal_Price,Commodity_Code
Maharashtra,Pune,Junnar,Potato,Local,FAQ,04/02/2024,1000,1400,1200,24
Maharashtra,Pune,Junnar,Potato,Local,FAQ,18/02/2024,1300,1600,1400,24
Maharashtra,Pune,Junnar,Potato,Local,FAQ,03/03/2024,1400,1900,1500,24
Maharashtra,Pune,Junnar,Potato,Local,FAQ,14/03/2024,1300,2000,1600,24
Maharashtra,Pune,Junnar,Potato,Other,FAQ,21/02/2021,500,1600,1200,24
Maharashtra,Pune,Junnar,Potato,Other,FAQ,25/02/2021,500,1600,1200,24
Maharashtra,Pune,Junnar,Potato,Other,FAQ,25/07/2021,800,1200,1000,24
Maharashtra,Pune,Junnar,Potato,Other,FAQ,26/09/2021,800,1300,1000,24
Maharashtra,Pune,Junnar,Potato,Other,FAQ,10/10/2021,1000,1500,1200,24
Maharashtra,Pune,Junnar,Potato,Other,FAQ,01/11/2021,800,1600,1000,24
Maharashtra,Pune,Junnar,Potato,Other,FAQ,28/11/2021,800,1500,1150,24
Maharashtra,Pune,Junnar,Potato,Other,FAQ,16/12/2021,1200,1500,1300,24
Maharashtra,Pune,Junnar,Potato,Other,FAQ,30/12/2021,800,1300,1000,24
Maharashtra,Pune,Junnar,Potato,Local,FAQ,02/01/2025,1100,1700,1400,24
Maharashtra,Pune,Junnar,Potato,Local,FAQ,12/01/2025,1800,2200,2000,24
Maharashtra,Pune,Junnar,Potato,Other,FAQ,06/01/2022,800,1300,1000,24
Maharashtra,Pune,Junnar,Potato,Other,FAQ,03/04/2022,1300,1850,1500,24
Maharashtra,Pune,Junnar,Potato,Other,FAQ,21/04/2022,1200,1900,1500,24
Maharashtra,Pune,Junnar,Potato,Other,FAQ,05/05/2022,1800,2000,1900,24
Maharashtra,Pune,Junnar,Potato,Other,FAQ,19/05/2022,1900,2100,2000,24
Maharashtra,Pune,Junnar,Potato,Other,FAQ,30/10/2022,2500,2800,2600,24
Maharashtra,Pune,Junnar,Potato,Other,FAQ,11/12/2022,1800,2250,2000,24
Maharashtra,Pune,Junnar,Potato,Other,FAQ,25/12/2022,1300,2200,1900,24
Maharashtra,Pune,Junnar,Potato,Local,FAQ,05/12/2024,2400,2600,2500,24
Maharashtra,Pune,Junnar,Potato,Local,FAQ,08/12/2024,1500,2700,2200,24
Maharashtra,Pune,Junnar,Potato,Local,FAQ,05/10/2023,1300,1800,1500,24
Maharashtra,Pune,Junnar,Potato,Local,FAQ,22/11/2023,1200,1600,1400,24
Maharashtra,Pune,Junnar,Potato,Local,FAQ,26/11/2023,1200,1700,1500,24
Maharashtra,Pune,Junnar,Potato,Local,FAQ,14/12/2023,1000,1500,1200,24
Maharashtra,Pune,Junnar,Potato,Other,FAQ,27/01/2023,1000,1600,1400,24
Maharashtra,Pune,Junnar,Potato,Other,FAQ,26/02/2023,1000,1500,1200,24
Maharashtra,Pune,Junnar,Potato,Other,FAQ,06/03/2023,500,1600,1000,24
Maharashtra,Pune,Junnar,Potato,Other,FAQ,23/03/2023,500,1300,900,24
Maharashtra,Pune,Junnar,Potato,Other,FAQ,30/03/2023,800,1200,1000,24
Maharashtra,Pune,Junnar,Potato,Other,FAQ,15/04/2023,900,1400,1000,24
Maharashtra,Pune,Junnar,Potato,Other,FAQ,16/04/2023,900,1600,1000,24
Maharashtra,Pune,Junnar,Potato,Local,FAQ,24/11/2024,2800,3300,3000,24
Maharashtra,Pune,Junnar,Potato,Local,Local,01/05/2025,900,1800,1300,24
Maharashtra,Pune,Junnar,Potato,Local,Local,05/10/2025,1400,1800,1600,24
Maharashtra,Pune,Junnar,Potato,Local,Local,06/02/2025,1200,1700,1500,24
Maharashtra,Pune,Junnar,Potato,Local,FAQ,15/12/2024,1800,2000,1900,24
Maharashtra,Pune,Junnar,Potato,Local,FAQ,29/12/2024,2000,2250,2100,24
Maharashtra,Pune,Junnar,Potato,Local,FAQ,26/01/2025,1200,1700,1500,24
Maharashtra,Pune,Junnar,Potato,Local,Local,26/01/2025,1200,1700,1500,24
Maharashtra,Pune,Junnar,Potato,Local,FAQ,11/11/2024,2300,3500,2700,24
Maharashtra,Pune,Junnar,Potato,Local,FAQ,05/05/2024,2000,2500,2200,24
Maharashtra,Pune,Junnar,Potato,Local,FAQ,07/01/2024,1000,1500,1300,24
Maharashtra,Pune,Junnar,Potato,Local,FAQ,18/01/2024,800,1500,1100,24
Maharashtra,Pune,Junnar,Potato,Local,FAQ,28/01/2024,800,1000,900,24
Maharashtra,Pune,Junnar,Potato,Local,FAQ,08/02/2024,1400,1600,1500,24
Maharashtra,Pune,Junnar,Potato,Local,FAQ,10/03/2024,1800,2100,2000,24
Maharashtra,Pune,Junnar,Potato,Other,FAQ,08/04/2021,500,1300,1000,24
Maharashtra,Pune,Junnar,Potato,Other,FAQ,29/04/2021,300,1400,1000,24
Maharashtra,Pune,Junnar,Potato,Other,FAQ,06/06/2021,500,1300,1000,24
Maharashtra,Pune,Junnar,Potato,Other,FAQ,10/06/2021,500,1400,1000,24
Maharashtra,Pune,Junnar,Potato,Other,FAQ,04/07/2021,900,1400,1000,24
Maharashtra,Pune,Junnar,Potato,Other,FAQ,22/07/2021,900,1200,1000,24
Maharashtra,Pune,Junnar,Potato,Other,FAQ,07/11/2021,1300,1800,1500,24
Maharashtra,Pune,Junnar,Potato,Local,Local,24/04/2025,1300,1700,1400,24
Maharashtra,Pune,Junnar,Potato,Other,FAQ,13/01/2022,900,1400,1000,24
Maharashtra,Pune,Junnar,Potato,Other,FAQ,20/01/2022,1000,1400,1200,24
Maharashtra,Pune,Junnar,Potato,Other,FAQ,23/01/2022,1000,1300,1000,24
Maharashtra,Pune,Junnar,Potato,Other,FAQ,20/02/2022,1300,1600,1400,24
Maharashtra,Pune,Junnar,Potato,Other,FAQ,31/03/2022,1500,1800,1700,24
Maharashtra,Pune,Junnar,Potato,Other,FAQ,28/04/2022,1500,2000,1800,24
Maharashtra,Pune,Junnar,Potato,Other,FAQ,08/05/2022,1800,2000,1900,24
Maharashtra,Pune,Junnar,Potato,Other,FAQ,06/11/2022,2000,2600,2400,24
Maharashtra,Pune,Junnar,Potato,Other,FAQ,15/12/2022,1800,2250,2000,24
Maharashtra,Pune,Junnar,Potato,Other,FAQ,22/12/2022,1400,1800,1600,24
Maharashtra,Pune,Junnar,Potato,Local,FAQ,15/06/2023,1000,14000,1300,24
Maharashtra,Pune,Junnar,Potato,Local,FAQ,02/07/2023,1300,1600,1400,24
Maharashtra,Pune,Junnar,Potato,Local,FAQ,19/10/2023,1200,2000,1500,24
Maharashtra,Pune,Junnar,Potato,Local,FAQ,12/11/2023,1200,1600,1400,24
Maharashtra,Pune,Junnar,Potato,Local,FAQ,07/12/2023,500,1500,1000,24
Maharashtra,Pune,Junnar,Potato,Other,FAQ,29/01/2023,1000,1300,1100,24
Maharashtra,Pune,Junnar,Potato,Other,FAQ,12/02/2023,1000,1300,1000,24
Maharashtra,Pune,Junnar,Potato,Other,FAQ,03/03/2023,500,1600,950,24
Maharashtra,Pune,Junnar,Potato,Other,FAQ,09/03/2023,800,1500,1000,24
Maharashtra,Pune,Junnar,Potato,Other,FAQ,02/04/2023,800,1200,1000,24
Maharashtra,Pune,Junnar,Potato,Other,FAQ,05/05/2023,800,1400,1000,24
Maharashtra,Pune,Junnar,Potato,Other,FAQ,07/05/2023,900,1500,1000,24
Maharashtra,Pune,Junnar,Potato,Local,Local,18/05/2025,1500,2000,1700,24
Maharashtra,Pune,Junnar,Potato,Local,Local,05/06/2025,1000,2000,1500,24
Maharashtra,Pune,Junnar,Potato,Other,FAQ,02/01/2022,800,1300,1000,24
Maharashtra,Pune,Junnar,Potato,Other,FAQ,30/01/2022,1000,1300,1100,24
Maharashtra,Pune,Junnar,Potato,Other,FAQ,06/03/2022,1300,1600,1450,24
Maharashtra,Pune,Junnar,Potato,Other,FAQ,11/03/2022,1000,1600,1200,24
Maharashtra,Pune,Junnar,Potato,Other,FAQ,01/05/2022,1800,2100,1900,24
Maharashtra,Pune,Junnar,Potato,Other,FAQ,04/11/2022,2500,2800,2600,24
Maharashtra,Pune,Junnar,Potato,Other,FAQ,20/11/2022,1500,2500,2000,24
Maharashtra,Pune,Junnar,Potato,Other,FAQ,27/11/2022,1300,2000,1600,24
Maharashtra,Pune,Junnar,Potato,Other,FAQ,01/12/2022,1300,2000,1500,24
Maharashtra,Pune,Junnar,Potato,Other,FAQ,18/12/2022,1800,2500,2000,24
Maharashtra,Pune,Junnar,Potato,Other,FAQ,28/02/2021,600,1700,1500,24
Maharashtra,Pune,Junnar,Potato,Other,FAQ,12/03/2021,500,1600,1200,24
Maharashtra,Pune,Junnar,Potato,Other,FAQ,15/04/2021,300,1500,1000,24
Maharashtra,Pune,Junnar,Potato,Other,FAQ,22/04/2021,70,1500,1000,24
Maharashtra,Pune,Junnar,Potato,Other,FAQ,26/04/2021,300,1400,1200,24
Maharashtra,Pune,Junnar,Potato,Other,FAQ,06/05/2021,300,1400,1000,24
Maharashtra,Pune,Junnar,Potato,Other,FAQ,16/05/2021,300,1400,1000,24
Maharashtra,Pune,Junnar,Potato,Other,FAQ,03/06/2021,500,1500,1000,24
Maharashtra,Pune,Junnar,Potato,Other,FAQ,17/10/2021,900,1250,1000,24
Maharashtra,Pune,Junnar,Potato,Other,FAQ,29/10/2021,800,2600,2000,24
Maharashtra,Pune,Junnar,Potato,Other,FAQ,11/11/2021,1000,1800,1500,24
Maharashtra,Pune,Junnar,Potato,Other,FAQ,21/11/2021,1300,2000,1650,24
Maharashtra,Pune,Junnar,Potato,Other,FAQ,02/12/2021,800,1300,1000,24
Maharashtra,Pune,Junnar,Potato,Local,FAQ,29/06/2023,1300,1600,1400,24
Maharashtra,Pune,Junnar,Potato,Local,FAQ,15/10/2023,1200,1700,1500,24
Maharashtra,Pune,Junnar,Potato,Local,FAQ,29/10/2023,1000,1600,1400,24
Maharashtra,Pune,Junnar,Potato,Local,FAQ,16/11/2023,1500,1900,1700,24
Maharashtra,Pune,Junnar,Potato,Local,FAQ,17/12/2023,1000,1500,1250,24
Maharashtra,Pune,Junnar,Potato,Local,FAQ,21/12/2023,1300,1700,1500,24
Maharashtra,Pune,Junnar,Potato,Other,FAQ,01/01/2023,1400,1700,1600,24
Maharashtra,Pune,Junnar,Potato,Other,FAQ,02/02/2023,1000,1300,1000,24
Maharashtra,Pune,Junnar,Potato,Other,FAQ,12/03/2023,500,1300,1000,24
Maharashtra,Pune,Junnar,Potato,Other,FAQ,06/04/2023,800,1350,1000,24
Maharashtra,Pune,Junnar,Potato,Other,FAQ,28/05/2023,1000,1590,1300,24
Maharashtra,Pune,Junnar,Potato,Local,FAQ,03/10/2024,2500,3000,2700,24
Maharashtra,Pune,Junnar,Potato,Local,FAQ,13/10/2024,2000,2800,2400,24
Maharashtra,Pune,Junnar,Potato,Local,Local,30/01/2025,1200,1600,1400,24
Maharashtra,Pune,Junnar,Potato,Local,FAQ,12/12/2024,1200,1500,1400,24
Maharashtra,Pune,Junnar,Potato,Local,FAQ,17/11/2024,2500,3100,2700,24
Maharashtra,Pune,Junnar,Potato,Local,FAQ,21/11/2024,2800,3200,3000,24
Maharashtra,Pune,Junnar,Potato,Local,Local,27/04/2025,900,1800,1400,24
Maharashtra,Pune,Junnar,Potato,Local,Local,25/05/2025,1500,2000,1700,24
Maharashtra,Pune,Junnar,Potato,Local,Local,02/02/2025,1300,1700,1500,24
Maharashtra,Pune,Junnar,Potato,Local,Local,20/02/2025,1400,1800,1600,24
Maharashtra,Pune,Junnar,Potato,Local,Local,27/02/2025,800,1800,1200,24
Maharashtra,Pune,Junnar,Potato,Local,FAQ,21/01/2024,700,1200,900,24
Maharashtra,Pune,Junnar,Potato,Local,FAQ,22/02/2024,1200,1500,1400,24
Maharashtra,Pune,Junnar,Potato,Local,FAQ,28/03/2024,1500,1900,1700,24
Maharashtra,Pune,Junnar,Potato,Local,FAQ,31/03/2024,1400,2000,1600,24
Maharashtra,Pune,Junnar,Potato,Local,Local,16/03/2025,1000,1800,1400,24
Maharashtra,Pune,Junnar,Potato,Local,Local,30/10/2025,1500,2200,1900,24
Maharashtra,Pune,Junnar,Potato,Other,FAQ,21/03/2021,500,1500,1000,24
Maharashtra,Pune,Junnar,Potato,Other,FAQ,28/03/2021,300,1500,1000,24
Maharashtra,Pune,Junnar,Potato,Other,FAQ,04/04/2021,500,1500,1000,24
Maharashtra,Pune,Junnar,Potato,Other,FAQ,13/05/2021,1300,1400,1350,24
Maharashtra,Pune,Junnar,Potato,Other,FAQ,20/05/2021,500,1500,1000,24
Maharashtra,Pune,Junnar,Potato,Other,FAQ,11/07/2021,900,1200,1000,24
Maharashtra,Pune,Junnar,Potato,Other,FAQ,23/10/2021,900,1250,1000,24
Maharashtra,Pune,Junnar,Potato,Other,FAQ,31/10/2021,800,1600,1200,24
Maharashtra,Pune,Junnar,Potato,Other,FAQ,18/11/2021,1000,1600,1200,24
Maharashtra,Pune,Junnar,Potato,Other,FAQ,25/11/2021,1000,1800,1400,24
Maharashtra,Pune,Junnar,Potato,Other,FAQ,09/12/2021,800,1400,1000,24
Maharashtra,Pune,Junnar,Potato,Other,FAQ,23/12/2021,800,1200,1000,24
Maharashtra,Pune,Junnar,Potato,Local,FAQ,19/12/2024,1200,1600,1400,24
Maharashtra,Pune,Junnar,Potato,Local,FAQ,22/12/2024,1000,1710,1510,24
Maharashtra,Pune,Junnar,Potato,Local,FAQ,11/01/2024,1200,1700,1500,24
Maharashtra,Pune,Junnar,Potato,Local,FAQ,01/02/2024,800,1000,900,24
Maharashtra,Pune,Junnar,Potato,Local,FAQ,07/03/2024,1400,1900,1600,24
Maharashtra,Pune,Junnar,Potato,Local,FAQ,17/03/2024,1300,1900,1500,24
Maharashtra,Pune,Junnar,Potato,Local,FAQ,25/04/2024,1000,3000,2000,24
Maharashtra,Pune,Junnar,Potato,Local,FAQ,07/11/2024,2200,3500,3100,24
Maharashtra,Pune,Junnar,Potato,Local,FAQ,04/06/2023,900,1400,1000,24
Maharashtra,Pune,Junnar,Potato,Local,FAQ,08/06/2023,900,1400,1000,24
Maharashtra,Pune,Junnar,Potato,Local,FAQ,18/06/2023,1000,1500,1200,24
Maharashtra,Pune,Junnar,Potato,Local,FAQ,12/10/2023,1000,1500,1200,24
Maharashtra,Pune,Junnar,Potato,Local,FAQ,22/10/2023,1200,1600,1400,24
Maharashtra,Pune,Junnar,Potato,Local,FAQ,26/10/2023,1200,1600,1400,24
Maharashtra,Pune,Junnar,Potato,Local,FAQ,10/11/2023,800,1400,1000,24
Maharashtra,Pune,Junnar,Potato,Local,FAQ,19/11/2023,1500,2000,1800,24
Maharashtra,Pune,Junnar,Potato,Local,FAQ,31/12/2023,1000,1700,1300,24
Maharashtra,Pune,Junnar,Potato,Other,FAQ,08/01/2023,1800,2000,1900,24
Maharashtra,Pune,Junnar,Potato,Other,FAQ,22/01/2023,1300,1700,1500,24
Maharashtra,Pune,Junnar,Potato,Other,FAQ,05/02/2023,1000,1300,1000,24
Maharashtra,Pune,Junnar,Potato,Other,FAQ,18/02/2023,1000,1500,1200,24
Maharashtra,Pune,Junnar,Potato,Other,FAQ,19/03/2023,500,1300,1000,24
Maharashtra,Pune,Junnar,Potato,Other,FAQ,26/03/2023,500,1300,1000,24
Maharashtra,Pune,Junnar,Potato,Other,FAQ,11/05/2023,800,1500,1000,24
Maharashtra,Pune,Junnar,Potato,Other,FAQ,16/05/2023,900,1450,1200,24
Maharashtra,Pune,Junnar,Potato,Other,FAQ,18/05/2023,1000,1500,1200,24
Maharashtra,Pune,Junnar,Potato,Local,FAQ,29/09/2024,2500,2900,2700,24
Maharashtra,Pune,Junnar,Potato,Local,FAQ,09/01/2025,1700,2000,1900,24
Maharashtra,Pune,Junnar,Potato,Local,Local,17/04/2025,1300,1800,1500,24
Maharashtra,Pune,Junnar,Potato,Local,Local,04/05/2025,900,2000,1500,24
Maharashtra,Pune,Junnar,Potato,Local,Local,11/05/2025,1500,2000,1700,24
Maharashtra,Pune,Junnar,Potato,Local,Local,15/05/2025,1000,2000,1500,24
Maharashtra,Pune,Junnar,Potato,Local,Local,29/05/2025,1500,2000,1700,24
Maharashtra,Pune,Junnar,Potato,Local,Local,23/03/2025,1000,1800,1400,24
Maharashtra,Pune,Junnar,Potato,Other,FAQ,16/01/2022,1000,1400,1100,24
Maharashtra,Pune,Junnar,Potato,Other,FAQ,06/02/2022,1300,1600,1400,24
Maharashtra,Pune,Junnar,Potato,Other,FAQ,10/02/2022,900,1300,1000,24
Maharashtra,Pune,Junnar,Potato,Other,FAQ,17/02/2022,1000,1450,1200,24
Maharashtra,Pune,Junnar,Potato,Other,FAQ,14/03/2022,1300,1650,1400,24
Maharashtra,Pune,Junnar,Potato,Other,FAQ,20/03/2022,900,1400,1100,24
Maharashtra,Pune,Junnar,Potato,Other,FAQ,27/03/2022,900,1400,1000,24
Maharashtra,Pune,Junnar,Potato,Other,FAQ,07/04/2022,1500,2000,1800,24
Maharashtra,Pune,Junnar,Potato,Other,FAQ,10/04/2022,1000,1850,1400,24
Maharashtra,Pune,Junnar,Potato,Other,FAQ,17/04/2022,1200,1900,1500,24
Maharashtra,Pune,Junnar,Potato,Other,FAQ,24/04/2022,1200,1900,1500,24
Maharashtra,Pune,Junnar,Potato,Other,FAQ,16/10/2022,2400,2700,2500,24
Maharashtra,Pune,Junnar,Potato,Other,FAQ,25/10/2022,2400,2700,2500,24
Maharashtra,Pune,Junnar,Potato,Local,Local,01/06/2025,1000,2000,1500,24
Maharashtra,Pune,Junnar,Potato,Local,Local,14/09/2025,1400,1800,1600,24
Maharashtra,Pune,Junnar,Potato,Other,FAQ,04/03/2021,500,1500,1000,24
Maharashtra,Pune,Junnar,Potato,Other,FAQ,07/03/2021,500,1400,1000,24
Maharashtra,Pune,Junnar,Potato,Other,FAQ,25/03/2021,300,1500,1000,24
Maharashtra,Pune,Junnar,Potato,Other,FAQ,01/04/2021,500,1500,1000,24
Maharashtra,Pune,Junnar,Potato,Other,FAQ,17/06/2021,1000,1200,1100,24
Maharashtra,Pune,Junnar,Potato,Other,FAQ,08/07/2021,900,1400,1000,24
Maharashtra,Pune,Junnar,Potato,Other,FAQ,15/07/2021,900,1200,1000,24
Maharashtra,Pune,Junnar,Potato,Other,FAQ,07/10/2021,1000,1400,1000,24
Maharashtra,Pune,Junnar,Potato,Other,FAQ,24/10/2021,900,1250,1000,24
Maharashtra,Pune,Junnar,Potato,Other,FAQ,14/11/2021,1200,1800,1400,24
Maharashtra,Pune,Junnar,Potato,Other,FAQ,05/12/2021,1500,2500,2000,24
Maharashtra,Pune,Junnar,Potato,Other,FAQ,12/12/2021,1000,1500,1300,24
Maharashtra,Pune,Junnar,Potato,Other,FAQ,26/12/2021,800,1200,1000,24
Maharashtra,Pune,Junnar,Potato,Other,FAQ,27/01/2022,1000,1300,1200,24
Maharashtra,Pune,Junnar,Potato,Other,FAQ,03/02/2022,1000,1300,1200,24
Maharashtra,Pune,Junnar,Potato,Other,FAQ,13/02/2022,1000,1450,1200,24
Maharashtra,Pune,Junnar,Potato,Other,FAQ,24/02/2022,1300,1600,1400,24
Maharashtra,Pune,Junnar,Potato,Other,FAQ,27/02/2022,1400,1700,1500,24
Maharashtra,Pune,Junnar,Potato,Other,FAQ,03/03/2022,1200,1700,1500,24
Maharashtra,Pune,Junnar,Potato,Other,FAQ,17/03/2022,1000,1500,1200,24
Maharashtra,Pune,Junnar,Potato,Other,FAQ,24/03/2022,500,1800,1000,24
Maharashtra,Pune,Junnar,Potato,Other,FAQ,15/04/2022,1200,1850,1400,24
Maharashtra,Pune,Junnar,Potato,Other,FAQ,22/05/2022,1900,2100,2000,24
Maharashtra,Pune,Junnar,Potato,Other,FAQ,12/06/2022,2000,4000,3000,24
Maharashtra,Pune,Junnar,Potato,Other,FAQ,21/10/2022,2400,2700,2600,24
Maharashtra,Pune,Junnar,Potato,Other,FAQ,10/11/2022,1600,2500,2000,24
Maharashtra,Pune,Junnar,Potato,Other,FAQ,08/12/2022,2000,2200,2100,24
Maharashtra,Pune,Junnar,Potato,Other,FAQ,30/12/2022,1400,1700,1500,24
Maharashtra,Pune,Junnar,Potato,Local,FAQ,14/01/2024,1000,1600,1300,24
Maharashtra,Pune,Junnar,Potato,Local,FAQ,15/02/2024,1000,1600,1300,24
Maharashtra,Pune,Junnar,Potato,Local,FAQ,07/04/2024,2000,2600,2400,24
Maharashtra,Pune,Junnar,Potato,Local,Local,13/02/2025,1400,1600,1500,24
Maharashtra,Pune,Junnar,Potato,Local,Local,19/06/2025,1500,2000,1700,24
Maharashtra,Pune,Junnar,Potato,Local,Local,08/05/2025,1000,1800,1400,24
Maharashtra,Pune,Junnar,Potato,Local,Local,24/05/2025,1500,2000,1700,24
Maharashtra,Pune,Junnar,Potato,Local,Local,20/04/2025,1000,1800,1400,24
Maharashtra,Pune,Junnar,Potato,Local,FAQ,26/12/2024,1200,1600,1400,24
Maharashtra,Pune,Junnar,Potato,Local,FAQ,11/06/2023,1400,1500,1450,24
Maharashtra,Pune,Junnar,Potato,Local,FAQ,22/06/2023,1000,1500,1200,24
Maharashtra,Pune,Junnar,Potato,Local,FAQ,25/06/2023,1400,1600,1500,24
Maharashtra,Pune,Junnar,Potato,Local,FAQ,06/07/2023,1300,1600,1500,24
Maharashtra,Pune,Junnar,Potato,Local,FAQ,08/10/2023,700,1700,1400,24
Maharashtra,Pune,Junnar,Potato,Local,FAQ,02/11/2023,1000,1300,1200,24
Maharashtra,Pune,Junnar,Potato,Local,FAQ,23/11/2023,1200,1600,1200,24
Maharashtra,Pune,Junnar,Potato,Local,FAQ,30/11/2023,1200,1700,1500,24
Maharashtra,Pune,Junnar,Potato,Local,FAQ,02/12/2023,1000,1800,1200,24
Maharashtra,Pune,Junnar,Potato,Local,FAQ,24/12/2023,1400,1800,1600,24
Maharashtra,Pune,Junnar,Potato,Local,FAQ,28/12/2023,1000,1800,1400,24
Maharashtra,Pune,Junnar,Potato,Other,FAQ,19/01/2023,1300,1700,1500,24
Maharashtra,Pune,Junnar,Potato,Other,FAQ,10/02/2023,1000,1300,1000,24
Maharashtra,Pune,Junnar,Potato,Other,FAQ,16/03/2023,500,1300,1000,24
Maharashtra,Pune,Junnar,Potato,Other,FAQ,20/04/2023,800,1400,1000,24
Maharashtra,Pune,Junnar,Potato,Other,FAQ,23/04/2023,800,1400,1000,24
Maharashtra,Pune,Junnar,Potato,Other,FAQ,27/04/2023,800,1400,1000,24
Maharashtra,Pune,Junnar APMC,Potato,Local,Local,25/12/2025,1500,1700,1600,24
Maharashtra,Pune,Junnar APMC,Potato,Local,Local,22/01/2026,900,1000,950,24
Maharashtra,Pune,Junnar APMC,Potato,Local,Local,18/01/2026,1000,1100,1050,24
Maharashtra,Pune,Junnar APMC,Potato,Local,Local,18/12/2025,1400,1600,1500,24
Maharashtra,Pune,Junnar APMC,Potato,Local,Local,11/12/2025,1200,1500,1400,24
Maharashtra,Pune,Junnar APMC,Potato,Local,Local,04/01/2026,900,1400,1100,24
Maharashtra,Pune,Junnar APMC,Potato,Local,Local,15/01/2026,700,1200,900,24
Maharashtra,Pune,Junnar APMC,Potato,Local,Local,04/12/2025,1700,1800,1750,24
Maharashtra,Pune,Junnar APMC,Potato,Local,Local,11/01/2026,600,950,800,24
Maharashtra,Pune,Junnar APMC,Potato,Local,Local,28/12/2025,1300,1500,1400,24
Maharashtra,Pune,Junnar APMC,Potato,Local,Local,14/12/2025,1200,1600,1400,24
Maharashtra,Pune,Junnar APMC,Potato,Local,Local,05/02/2026,800,1100,900,24
Maharashtra,Pune,Junnar APMC,Potato,Local,Local,12/02/2026,700,1000,800,24
Maharashtra,Pune,Junnar APMC,Potato,Local,Local,27/11/2025,1800,2000,1900,24
Maharashtra,Pune,Junnar APMC,Potato,Local,Local,08/01/2026,700,900,800,24
Maharashtra,Pune,Junnar APMC,Potato,Local,Local,01/01/2026,1500,2000,1700,24
Maharashtra,Pune,Junnar APMC,Potato,Local,Local,07/12/2025,1400,1600,1500,24
Maharashtra,Pune,Junnar(Alephata),Potato,Other,FAQ,14/03/2023,500,1270,1000,24
Maharashtra,Pune,Junnar(Narayangaon),Potato,Other,FAQ,27/07/2024,1000,3000,2000,24
Maharashtra,Pune,Junnar(Narayangaon),Potato,Other,FAQ,03/07/2024,1000,2900,2900,24
Maharashtra,Pune,Junnar(Narayangaon),Potato,Other,FAQ,06/07/2024,2000,2900,2900,24
Maharashtra,Pune,Junnar(Narayangaon),Potato,Other,FAQ,09/08/2024,3000,3000,3000,24
Maharashtra,Pune,Junnar(Narayangaon),Potato,Other,FAQ,05/05/2024,600,2700,2000,24
Maharashtra,Pune,Junnar(Narayangaon),Potato,Other,FAQ,16/05/2024,2450,2700,2450,24
Maharashtra,Pune,Junnar(Narayangaon),Potato,Other,FAQ,06/01/2024,200,1700,1100,24
Maharashtra,Pune,Junnar(Narayangaon),Potato,Other,FAQ,27/01/2024,600,1500,1100,24
Maharashtra,Pune,Junnar(Narayangaon),Potato,Other,FAQ,01/02/2024,800,1600,1210,24
Maharashtra,Pune,Junnar(Narayangaon),Potato,Other,FAQ,14/02/2024,400,1800,1000,24
Maharashtra,Pune,Junnar(Narayangaon),Potato,Other,FAQ,15/02/2024,300,1800,1200,24
Maharashtra,Pune,Junnar(Narayangaon),Potato,Other,FAQ,28/02/2024,1500,2000,1800,24
Maharashtra,Pune,Junnar(Narayangaon),Potato,Other,FAQ,29/02/2024,500,2000,1500,24
Maharashtra,Pune,Junnar(Narayangaon),Potato,Other,FAQ,06/03/2024,510,2100,1100,24
Maharashtra,Pune,Junnar(Narayangaon),Potato,Other,FAQ,10/03/2024,1400,1600,1500,24
Maharashtra,Pune,Junnar(Narayangaon),Potato,Other,FAQ,15/03/2024,500,2000,1500,24
Maharashtra,Pune,Junnar(Narayangaon),Potato,Other,FAQ,18/03/2024,500,1900,1200,24
Maharashtra,Pune,Junnar(Narayangaon),Potato,Other,FAQ,21/03/2024,800,2000,1500,24
Maharashtra,Pune,Junnar(Narayangaon),Potato,Other,FAQ,28/03/2024,1000,2000,1500,24
Maharashtra,Pune,Junnar(Narayangaon),Potato,Other,FAQ,27/04/2024,1100,2600,2000,24
Maharashtra,Pune,Junnar(Narayangaon),Potato,Other,FAQ,04/01/2025,700,1800,1300,24
Maharashtra,Pune,Junnar(Narayangaon),Potato,Other,FAQ,10/01/2025,500,1600,1100,24
Maharashtra,Pune,Junnar(Narayangaon),Potato,Other,FAQ,12/01/2025,400,1800,1100,24
Maharashtra,Pune,Junnar(Narayangaon),Potato,Other,Local,26/01/2025,400,1700,1100,24
Maharashtra,Pune,Junnar(Narayangaon),Potato,Other,FAQ,02/07/2022,1700,2000,1850,24
Maharashtra,Pune,Junnar(Narayangaon),Potato,Other,FAQ,14/07/2022,1900,2100,2000,24
Maharashtra,Pune,Junnar(Narayangaon),Potato,Other,FAQ,21/07/2022,2000,2200,2100,24
Maharashtra,Pune,Junnar(Narayangaon),Potato,Other,FAQ,26/07/2022,1900,2100,2000,24
Maharashtra,Pune,Junnar(Narayangaon),Potato,Other,FAQ,02/08/2022,1200,2200,1800,24
Maharashtra,Pune,Junnar(Narayangaon),Potato,Other,FAQ,06/08/2022,1000,1200,1100,24
Maharashtra,Pune,Junnar(Narayangaon),Potato,Other,FAQ,20/08/2022,2000,2200,2100,24
Maharashtra,Pune,Junnar(Narayangaon),Potato,Other,FAQ,19/10/2022,1400,2200,2000,24
Maharashtra,Pune,Junnar(Narayangaon),Potato,Other,FAQ,22/10/2022,1500,2200,2000,24
Maharashtra,Pune,Junnar(Narayangaon),Potato,Other,FAQ,19/12/2022,500,2210,1500,24
Maharashtra,Pune,Junnar(Narayangaon),Potato,Other,FAQ,29/12/2022,700,1900,1200,24
Maharashtra,Pune,Junnar(Narayangaon),Potato,Other,FAQ,01/05/2024,2700,2700,2700,24
Maharashtra,Pune,Junnar(Narayangaon),Potato,Other,FAQ,12/05/2024,2700,2700,2700,24
Maharashtra,Pune,Junnar(Narayangaon),Potato,Other,Local,10/03/2025,400,2400,1800,24
Maharashtra,Pune,Junnar(Narayangaon),Potato,Other,Local,17/03/2025,500,1800,1300,24
Maharashtra,Pune,Junnar(Narayangaon),Potato,Other,Local,19/03/2025,300,1400,1000,24
Maharashtra,Pune,Junnar(Narayangaon),Potato,Other,Local,28/03/2025,500,1800,1300,24
Maharashtra,Pune,Junnar(Narayangaon),Potato,Other,Local,29/03/2025,400,1800,1300,24
Maharashtra,Pune,Junnar(Narayangaon),Potato,Other,FAQ,06/12/2024,1510,2500,2000,24
Maharashtra,Pune,Junnar(Narayangaon),Potato,Other,FAQ,09/12/2024,500,2500,1800,24
Maharashtra,Pune,Junnar(Narayangaon),Potato,Other,FAQ,14/12/2024,500,2150,1800,24
Maharashtra,Pune,Junnar(Narayangaon),Potato,Other,FAQ,20/12/2024,500,1800,1200,24
Maharashtra,Pune,Junnar(Narayangaon),Potato,Other,FAQ,13/01/2023,500,2000,1500,24
Maharashtra,Pune,Junnar(Narayangaon),Potato,Other,FAQ,17/01/2023,500,2000,1500,24
Maharashtra,Pune,Junnar(Narayangaon),Potato,Other,FAQ,24/01/2023,500,1600,1200,24
Maharashtra,Pune,Junnar(Narayangaon),Potato,Other,FAQ,20/02/2023,300,1400,1000,24
Maharashtra,Pune,Junnar(Narayangaon),Potato,Other,FAQ,21/02/2023,500,1500,1000,24
Maharashtra,Pune,Junnar(Narayangaon),Potato,Other,FAQ,22/02/2023,500,1350,1000,24
Maharashtra,Pune,Junnar(Narayangaon),Potato,Other,FAQ,09/03/2023,500,1100,700,24
Maharashtra,Pune,Junnar(Narayangaon),Potato,Other,FAQ,10/03/2023,500,1500,1000,24
Maharashtra,Pune,Junnar(Narayangaon),Potato,Other,FAQ,14/03/2023,500,1400,1000,24
Maharashtra,Pune,Junnar(Narayangaon),Potato,Other,FAQ,18/03/2023,500,1300,800,24
Maharashtra,Pune,Junnar(Narayangaon),Potato,Other,FAQ,07/04/2023,300,1000,600,24
Maharashtra,Pune,Junnar(Narayangaon),Potato,Other,FAQ,14/04/2023,300,1200,800,24
Maharashtra,Pune,Junnar(Narayangaon),Potato,Other,FAQ,20/04/2023,500,1200,800,24
Maharashtra,Pune,Junnar(Narayangaon),Potato,Other,FAQ,29/04/2023,1000,1300,1200,24
Maharashtra,Pune,Junnar(Narayangaon),Potato,Other,FAQ,14/05/2023,300,510,400,24
Maharashtra,Pune,Junnar(Narayangaon),Potato,Other,FAQ,18/05/2023,1300,1400,1350,24
Maharashtra,Pune,Junnar(Narayangaon),Potato,Other,FAQ,21/05/2023,500,1200,800,24
Maharashtra,Pune,Junnar(Narayangaon),Potato,Other,FAQ,01/06/2023,1500,1800,1600,24
Maharashtra,Pune,Junnar(Narayangaon),Potato,Other,FAQ,03/06/2023,1600,1800,1700,24
Maharashtra,Pune,Junnar(Narayangaon),Potato,Other,FAQ,12/06/2023,700,1850,1300,24
Maharashtra,Pune,Junnar(Narayangaon),Potato,Other,FAQ,26/06/2023,1200,1850,1500,24
Maharashtra,Pune,Junnar(Narayangaon),Potato,Other,FAQ,16/07/2023,1800,2000,1900,24
Maharashtra,Pune,Junnar(Narayangaon),Potato,Other,FAQ,21/07/2023,1500,2000,1800,24
Maharashtra,Pune,Junnar(Narayangaon),Potato,Other,FAQ,26/07/2023,1000,2000,1500,24
Maharashtra,Pune,Junnar(Narayangaon),Potato,Other,FAQ,27/07/2023,1200,2000,1600,24
Maharashtra,Pune,Junnar(Narayangaon),Potato,Other,FAQ,28/07/2023,800,2000,1500,24
Maharashtra,Pune,Junnar(Narayangaon),Potato,Other,FAQ,30/07/2023,1600,2000,1800,24
Maharashtra,Pune,Junnar(Narayangaon),Potato,Other,FAQ,03/08/2023,1400,2000,1600,24
Maharashtra,Pune,Junnar(Narayangaon),Potato,Other,FAQ,27/08/2023,1500,2000,1800,24
Maharashtra,Pune,Junnar(Narayangaon),Potato,Other,FAQ,02/09/2023,1500,1800,1700,24
Maharashtra,Pune,Junnar(Narayangaon),Potato,Other,FAQ,23/10/2023,800,1800,1200,24
Maharashtra,Pune,Junnar(Narayangaon),Potato,Other,FAQ,06/11/2023,500,1600,1000,24
Maharashtra,Pune,Junnar(Narayangaon),Potato,Other,FAQ,23/11/2023,500,1500,1000,24
Maharashtra,Pune,Junnar(Narayangaon),Potato,Other,FAQ,27/11/2023,500,2000,1500,24
Maharashtra,Pune,Junnar(Narayangaon),Potato,Other,FAQ,08/12/2023,300,1600,1200,24
Maharashtra,Pune,Junnar(Narayangaon),Potato,Other,FAQ,15/12/2023,500,1500,1000,24
Maharashtra,Pune,Junnar(Narayangaon),Potato,Other,FAQ,23/12/2023,500,1700,1100,24
Maharashtra,Pune,Junnar(Narayangaon),Potato,Other,FAQ,29/12/2023,500,1800,1200,24
Maharashtra,Pune,Junnar(Narayangaon),Potato,Other,Local,02/02/2025,700,1400,1000,24
Maharashtra,Pune,Junnar(Narayangaon),Potato,Other,Local,08/02/2025,500,1900,1200,24
Maharashtra,Pune,Junnar(Narayangaon),Potato,Other,Local,22/02/2025,500,1800,1200,24
Maharashtra,Pune,Junnar(Narayangaon),Potato,Other,Local,01/06/2025,500,2000,1500,24
Maharashtra,Pune,Junnar(Narayangaon),Potato,Other,Local,06/06/2025,500,1900,1300,24
Maharashtra,Pune,Junnar(Narayangaon),Potato,Other,Local,15/06/2025,500,2300,1500,24
Maharashtra,Pune,Junnar(Narayangaon),Potato,Other,Local,27/06/2025,500,1900,1400,24
Maharashtra,Pune,Junnar(Narayangaon),Potato,Other,Local,24/04/2025,500,2300,1500,24
Maharashtra,Pune,Junnar(Narayangaon),Potato,Other,Local,27/04/2025,400,2400,1800,24
Maharashtra,Pune,Junnar(Narayangaon),Potato,Other,FAQ,02/11/2024,1500,3500,3000,24
Maharashtra,Pune,Junnar(Narayangaon),Potato,Other,FAQ,06/11/2024,500,3200,2500,24
Maharashtra,Pune,Junnar(Narayangaon),Potato,Other,FAQ,14/11/2024,550,3000,2500,24
Maharashtra,Pune,Junnar(Narayangaon),Potato,Other,FAQ,15/11/2024,900,3100,2500,24
Maharashtra,Pune,Junnar(Narayangaon),Potato,Other,FAQ,25/11/2024,800,4000,3000,24
Maharashtra,Pune,Junnar(Narayangaon),Potato,Other,Local,01/05/2025,400,2200,1500,24
Maharashtra,Pune,Junnar(Narayangaon),Potato,Other,Local,04/05/2025,200,1000,650,24
Maharashtra,Pune,Junnar(Narayangaon),Potato,Other,Local,29/05/2025,500,2300,1600,24
Maharashtra,Pune,Junnar(Narayangaon),Potato,Other,Local,30/05/2025,600,2000,1500,24
Maharashtra,Pune,Junnar(Narayangaon),Potato,Other,Local,08/09/2025,800,1800,1400,24
Maharashtra,Pune,Junnar(Narayangaon),Potato,Other,Local,13/09/2025,1700,1800,1750,24
Maharashtra,Pune,Junnar(Narayangaon),Potato,Other,Local,31/10/2025,1800,2200,2000,24
Maharashtra,Pune,Junnar(Narayangaon),Potato,Other,Local,07/02/2025,500,1600,1100,24
Maharashtra,Pune,Junnar(Narayangaon),Potato,Other,Local,09/02/2025,500,1900,1200,24
Maharashtra,Pune,Junnar(Narayangaon),Potato,Other,Local,17/02/2025,300,1900,1200,24
Maharashtra,Pune,Junnar(Narayangaon),Potato,Other,FAQ,27/09/2024,3000,3000,3000,24
Maharashtra,Pune,Junnar(Narayangaon),Potato,Other,FAQ,23/09/2024,2000,3000,3000,24
Maharashtra,Pune,Junnar(Narayangaon),Potato,Other,FAQ,05/12/2024,800,2200,2000,24
Maharashtra,Pune,Junnar(Narayangaon),Potato,Other,FAQ,13/12/2024,400,1510,1200,24
Maharashtra,Pune,Junnar(Narayangaon),Potato,Other,FAQ,28/12/2024,500,1800,1100,24
Maharashtra,Pune,Junnar(Narayangaon),Potato,Other,FAQ,29/12/2024,400,2000,1300,24
Maharashtra,Pune,Junnar(Narayangaon),Potato,Other,FAQ,03/01/2025,500,1700,1200,24
Maharashtra,Pune,Junnar(Narayangaon),Potato,Other,FAQ,20/01/2025,500,2000,1300,24
Maharashtra,Pune,Junnar(Narayangaon),Potato,Other,FAQ,23/01/2025,500,1700,1100,24
Maharashtra,Pune,Junnar(Narayangaon),Potato,Other,FAQ,24/11/2024,500,4000,3000,24
Maharashtra,Pune,Junnar(Narayangaon),Potato,Other,FAQ,02/05/2024,1600,1600,1600,24
Maharashtra,Pune,Junnar(Narayangaon),Potato,Other,FAQ,04/05/2024,600,2700,2000,24
Maharashtra,Pune,Junnar(Narayangaon),Potato,Other,FAQ,08/05/2024,2400,2700,2500,24
Maharashtra,Pune,Junnar(Narayangaon),Potato,Other,FAQ,15/05/2024,800,2700,2200,24
Maharashtra,Pune,Junnar(Narayangaon),Potato,Other,FAQ,02/06/2024,2400,2700,2400,24
Maharashtra,Pune,Junnar(Narayangaon),Potato,Other,FAQ,03/06/2024,1500,2700,2300,24
Maharashtra,Pune,Junnar(Narayangaon),Potato,Other,FAQ,13/06/2024,2500,2700,2500,24
Maharashtra,Pune,Junnar(Narayangaon),Potato,Other,FAQ,21/06/2024,2000,2800,2300,24
Maharashtra,Pune,Junnar(Narayangaon),Potato,Other,FAQ,01/01/2024,500,1600,1200,24
Maharashtra,Pune,Junnar(Narayangaon),Potato,Other,FAQ,04/01/2024,300,1800,1200,24
Maharashtra,Pune,Junnar(Narayangaon),Potato,Other,FAQ,05/01/2024,600,1700,1200,24
Maharashtra,Pune,Junnar(Narayangaon),Potato,Other,FAQ,20/01/2024,300,1500,1000,24
Maharashtra,Pune,Junnar(Narayangaon),Potato,Other,FAQ,31/01/2024,300,1600,1000,24
Maharashtra,Pune,Junnar(Narayangaon),Potato,Other,FAQ,22/02/2024,1300,2000,1600,24
Maharashtra,Pune,Junnar(Narayangaon),Potato,Other,FAQ,23/02/2024,1300,1800,1500,24
Maharashtra,Pune,Junnar(Narayangaon),Potato,Other,FAQ,24/02/2024,700,2000,1500,24
Maharashtra,Pune,Junnar(Narayangaon),Potato,Other,FAQ,25/02/2024,1300,2000,1600,24
Maharashtra,Pune,Junnar(Narayangaon),Potato,Other,FAQ,08/03/2024,300,1600,1100,24
Maharashtra,Pune,Junnar(Narayangaon),Potato,Other,FAQ,14/03/2024,300,1100,800,24
Maharashtra,Pune,Junnar(Narayangaon),Potato,Other,FAQ,31/03/2024,300,2000,1500,24
Maharashtra,Pune,Junnar(Narayangaon),Potato,Other,FAQ,15/04/2024,1300,2500,2000,24
Maharashtra,Pune,Junnar(Narayangaon),Potato,Other,FAQ,19/04/2024,2400,2600,2500,24
Maharashtra,Pune,Junnar(Narayangaon),Potato,Other,FAQ,12/07/2024,3000,3000,3000,24
Maharashtra,Pune,Junnar(Narayangaon),Potato,Other,Local,10/04/2025,400,1900,1300,24
Maharashtra,Pune,Junnar(Narayangaon),Potato,Other,Local,12/04/2025,500,2000,1500,24
Maharashtra,Pune,Junnar(Narayangaon),Potato,Other,Local,14/04/2025,400,2000,1500,24
Maharashtra,Pune,Junnar(Narayangaon),Potato,Other,Local,17/04/2025,500,1800,1300,24
Maharashtra,Pune,Junnar(Narayangaon),Potato,Other,Local,25/04/2025,400,1810,1200,24
Maharashtra,Pune,Junnar(Narayangaon),Potato,Other,Local,28/04/2025,300,1000,600,24
Maharashtra,Pune,Junnar(Narayangaon),Potato,Other,FAQ,25/06/2022,2000,2000,2000,24
Maharashtra,Pune,Junnar(Narayangaon),Potato,Other,FAQ,28/06/2022,1700,2000,1850,24
Maharashtra,Pune,Junnar(Narayangaon),Potato,Other,FAQ,07/07/2022,200,1500,1000,24
Maharashtra,Pune,Junnar(Narayangaon),Potato,Other,FAQ,09/07/2022,1500,2000,1700,24
Maharashtra,Pune,Junnar(Narayangaon),Potato,Other,FAQ,18/07/2022,1200,1900,1500,24
Maharashtra,Pune,Junnar(Narayangaon),Potato,Other,FAQ,20/07/2022,1900,2100,2000,24
Maharashtra,Pune,Junnar(Narayangaon),Potato,Other,FAQ,22/07/2022,1900,2100,2000,24
Maharashtra,Pune,Junnar(Narayangaon),Potato,Other,FAQ,27/07/2022,2000,2200,2100,24
Maharashtra,Pune,Junnar(Narayangaon),Potato,Other,FAQ,10/08/2022,1200,2100,1500,24
Maharashtra,Pune,Junnar(Narayangaon),Potato,Other,FAQ,16/08/2022,1100,2200,1800,24
Maharashtra,Pune,Junnar(Narayangaon),Potato,Other,FAQ,17/08/2022,500,2200,1800,24
Maharashtra,Pune,Junnar(Narayangaon),Potato,Other,FAQ,25/08/2022,2000,2100,2050,24
Maharashtra,Pune,Junnar(Narayangaon),Potato,Other,FAQ,07/09/2022,1200,1750,1500,24
Maharashtra,Pune,Junnar(Narayangaon),Potato,Other,FAQ,08/10/2022,1500,2100,2000,24
Maharashtra,Pune,Junnar(Narayangaon),Potato,Other,FAQ,17/10/2022,2000,2200,2100,24
Maharashtra,Pune,Junnar(Narayangaon),Potato,Other,FAQ,26/10/2022,1800,2000,1900,24
Maharashtra,Pune,Junnar(Narayangaon),Potato,Other,FAQ,29/10/2022,1800,2100,2000,24
Maharashtra,Pune,Junnar(Narayangaon),Potato,Other,FAQ,31/10/2022,500,2510,2000,24
Maharashtra,Pune,Junnar(Narayangaon),Potato,Other,FAQ,02/11/2022,600,2300,1800,24
Maharashtra,Pune,Junnar(Narayangaon),Potato,Other,FAQ,10/11/2022,500,2200,1800,24
Maharashtra,Pune,Junnar(Narayangaon),Potato,Other,FAQ,11/11/2022,800,1800,1500,24
Maharashtra,Pune,Junnar(Narayangaon),Potato,Other,FAQ,24/11/2022,500,1900,1400,24
Maharashtra,Pune,Junnar(Narayangaon),Potato,Other,FAQ,30/11/2022,1000,2000,1500,24
Maharashtra,Pune,Junnar(Narayangaon),Potato,Other,FAQ,01/12/2022,500,2300,1800,24
Maharashtra,Pune,Junnar(Narayangaon),Potato,Other,FAQ,08/12/2022,300,2000,1500,24
Maharashtra,Pune,Junnar(Narayangaon),Potato,Other,FAQ,12/12/2022,700,2300,1800,24
Maharashtra,Pune,Junnar(Narayangaon),Potato,Other,FAQ,14/12/2022,300,2200,1500,24
Maharashtra,Pune,Junnar(Narayangaon),Potato,Other,FAQ,17/12/2022,500,2200,1800,24
Maharashtra,Pune,Junnar(Narayangaon),Potato,Other,FAQ,12/01/2023,500,1800,1200,24
Maharashtra,Pune,Junnar(Narayangaon),Potato,Other,FAQ,01/02/2023,800,1300,1000,24
Maharashtra,Pune,Junnar(Narayangaon),Potato,Other,FAQ,02/02/2023,500,1600,1200,24
Maharashtra,Pune,Junnar(Narayangaon),Potato,Other,FAQ,04/02/2023,300,1250,800,24
Maharashtra,Pune,Junnar(Narayangaon),Potato,Other,FAQ,08/02/2023,500,1300,800,24
Maharashtra,Pune,Junnar(Narayangaon),Potato,Other,FAQ,13/02/2023,300,1200,800,24
Maharashtra,Pune,Junnar(Narayangaon),Potato,Other,FAQ,14/02/2023,500,1100,800,24
Maharashtra,Pune,Junnar(Narayangaon),Potato,Other,FAQ,23/02/2023,500,1400,1000,24
Maharashtra,Pune,Junnar(Narayangaon),Potato,Other,FAQ,27/02/2023,500,1400,1000,24
Maharashtra,Pune,Junnar(Narayangaon),Potato,Other,FAQ,28/02/2023,300,1350,1000,24
Maharashtra,Pune,Junnar(Narayangaon),Potato,Other,FAQ,01/03/2023,500,1400,1000,24
Maharashtra,Pune,Junnar(Narayangaon),Potato,Other,FAQ,24/03/2023,500,1200,800,24
Maharashtra,Pune,Junnar(Narayangaon),Potato,Other,FAQ,30/03/2023,500,1200,800,24
Maharashtra,Pune,Junnar(Narayangaon),Potato,Other,FAQ,31/03/2023,300,1200,800,24
Maharashtra,Pune,Junnar(Narayangaon),Potato,Other,FAQ,03/04/2023,500,1300,900,24
Maharashtra,Pune,Junnar(Narayangaon),Potato,Other,FAQ,06/04/2023,500,1300,1000,24
Maharashtra,Pune,Junnar(Narayangaon),Potato,Other,FAQ,15/04/2023,500,1300,800,24
Maharashtra,Pune,Junnar(Narayangaon),Potato,Other,FAQ,16/04/2023,800,1300,1000,24
Maharashtra,Pune,Junnar(Narayangaon),Potato,Other,FAQ,28/04/2023,500,1500,1000,24
Maharashtra,Pune,Junnar(Narayangaon),Potato,Other,FAQ,04/05/2023,1400,1800,1600,24
Maharashtra,Pune,Junnar(Narayangaon),Potato,Other,FAQ,27/05/2023,500,1300,900,24
Maharashtra,Pune,Junnar(Narayangaon),Potato,Other,FAQ,05/06/2023,500,800,650,24
Maharashtra,Pune,Junnar(Narayangaon),Potato,Other,FAQ,11/06/2023,1300,1400,1350,24
Maharashtra,Pune,Junnar(Narayangaon),Potato,Other,FAQ,02/07/2023,1200,1900,1500,24
Maharashtra,Pune,Junnar(Narayangaon),Potato,Other,FAQ,08/07/2023,1000,2000,1500,24
Maharashtra,Pune,Junnar(Narayangaon),Potato,Other,FAQ,20/07/2023,500,2000,1500,24
Maharashtra,Pune,Junnar(Narayangaon),Potato,Other,FAQ,22/07/2023,1800,2000,1900,24
Maharashtra,Pune,Junnar(Narayangaon),Potato,Other,FAQ,25/08/2023,1800,2000,1900,24
Maharashtra,Pune,Junnar(Narayangaon),Potato,Other,FAQ,04/09/2023,1400,1800,1600,24
Maharashtra,Pune,Junnar(Narayangaon),Potato,Other,FAQ,06/09/2023,1400,1800,1600,24
Maharashtra,Pune,Junnar(Narayangaon),Potato,Other,FAQ,24/09/2023,1500,1800,1700,24
Maharashtra,Pune,Junnar(Narayangaon),Potato,Other,FAQ,12/10/2023,1300,1800,1500,24
Maharashtra,Pune,Junnar(Narayangaon),Potato,Other,FAQ,10/11/2023,500,2000,1500,24
Maharashtra,Pune,Junnar(Narayangaon),Potato,Other,FAQ,11/11/2023,500,1600,1000,24
Maharashtra,Pune,Junnar(Narayangaon),Potato,Other,FAQ,17/12/2023,500,1400,1000,24
Maharashtra,Pune,Junnar(Narayangaon),Potato,Other,FAQ,22/12/2023,500,1700,1200,24
Maharashtra,Pune,Junnar(Narayangaon),Potato,Other,FAQ,30/12/2023,300,1800,1100,24
Maharashtra,Pune,Junnar(Narayangaon),Potato,Other,FAQ,31/12/2023,300,1600,1200,24
Maharashtra,Pune,Junnar(Narayangaon),Potato,Other,Local,06/03/2025,400,1900,1200,24
Maharashtra,Pune,Junnar(Narayangaon),Potato,Other,Local,07/03/2025,400,1900,1300,24
Maharashtra,Pune,Junnar(Narayangaon),Potato,Other,Local,23/03/2025,400,1600,1200,24
Maharashtra,Pune,Junnar(Narayangaon),Potato,Other,Local,07/06/2025,500,1100,800,24
Maharashtra,Pune,Junnar(Narayangaon),Potato,Other,Local,19/06/2025,400,2300,1500,24
Maharashtra,Pune,Junnar(Narayangaon),Potato,Other,Local,07/07/2025,500,2000,1500,24
Maharashtra,Pune,Junnar(Narayangaon),Potato,Other,Local,23/08/2025,1000,1500,1300,24
Maharashtra,Pune,Junnar(Narayangaon),Potato,Other,Local,11/09/2025,1500,1700,1600,24
Maharashtra,Pune,Junnar(Narayangaon),Potato,Other,Local,22/09/2025,1600,1800,1700,24
Maharashtra,Pune,Junnar(Narayangaon),Potato,Other,Local,29/09/2025,1100,1800,1500,24
Maharashtra,Pune,Junnar(Narayangaon),Potato,Other,Local,01/11/2025,700,2700,1600,24
Maharashtra,Pune,Junnar(Narayangaon),Potato,Other,Local,02/11/2025,500,2000,1500,24
Maharashtra,Pune,Junnar(Narayangaon),Potato,Other,Local,13/10/2025,500,1900,1400,24
Maharashtra,Pune,Junnar(Narayangaon),Potato,Other,FAQ,24/06/2022,1200,2000,1500,24
Maharashtra,Pune,Junnar(Narayangaon),Potato,Other,FAQ,29/06/2022,900,2000,1500,24
Maharashtra,Pune,Junnar(Narayangaon),Potato,Other,FAQ,23/07/2022,2000,2200,2100,24
Maharashtra,Pune,Junnar(Narayangaon),Potato,Other,FAQ,30/07/2022,1000,2200,1800,24
Maharashtra,Pune,Junnar(Narayangaon),Potato,Other,FAQ,03/08/2022,2000,2200,2100,24
Maharashtra,Pune,Junnar(Narayangaon),Potato,Other,FAQ,08/08/2022,1300,2200,2000,24
Maharashtra,Pune,Junnar(Narayangaon),Potato,Other,FAQ,13/08/2022,2000,2200,2100,24
Maharashtra,Pune,Junnar(Narayangaon),Potato,Other,FAQ,22/08/2022,1200,2200,1800,24
Maharashtra,Pune,Junnar(Narayangaon),Potato,Other,FAQ,24/09/2022,1600,2100,1900,24
Maharashtra,Pune,Junnar(Narayangaon),Potato,Other,FAQ,28/09/2022,1400,2100,1900,24
Maharashtra,Pune,Junnar(Narayangaon),Potato,Other,FAQ,14/10/2022,2000,2200,2100,24
Maharashtra,Pune,Junnar(Narayangaon),Potato,Other,FAQ,24/10/2022,1900,2100,2000,24
Maharashtra,Pune,Junnar(Narayangaon),Potato,Other,FAQ,26/11/2022,500,2000,1500,24
Maharashtra,Pune,Junnar(Narayangaon),Potato,Other,FAQ,09/12/2022,500,2000,1500,24
Maharashtra,Pune,Junnar(Narayangaon),Potato,Other,FAQ,10/12/2022,500,2000,1500,24
Maharashtra,Pune,Junnar(Narayangaon),Potato,Other,FAQ,16/12/2022,500,2200,1800,24
Maharashtra,Pune,Junnar(Narayangaon),Potato,Other,FAQ,20/12/2022,500,2200,1500,24
Maharashtra,Pune,Junnar(Narayangaon),Potato,Other,FAQ,26/01/2023,500,1600,1200,24
Maharashtra,Pune,Junnar(Narayangaon),Potato,Other,FAQ,03/02/2023,500,1600,1200,24
Maharashtra,Pune,Junnar(Narayangaon),Potato,Other,FAQ,16/02/2023,500,1400,1000,24
Maharashtra,Pune,Junnar(Narayangaon),Potato,Other,FAQ,17/02/2023,500,1400,1000,24
Maharashtra,Pune,Junnar(Narayangaon),Potato,Other,FAQ,18/02/2023,500,1450,1000,24
Maharashtra,Pune,Junnar(Narayangaon),Potato,Other,FAQ,25/02/2023,500,1500,1000,24
Maharashtra,Pune,Junnar(Narayangaon),Potato,Other,FAQ,04/03/2023,500,1500,1000,24
Maharashtra,Pune,Junnar(Narayangaon),Potato,Other,FAQ,11/03/2023,300,1200,800,24
Maharashtra,Pune,Junnar(Narayangaon),Potato,Other,FAQ,19/03/2023,500,1300,800,24
Maharashtra,Pune,Junnar(Narayangaon),Potato,Other,FAQ,20/03/2023,500,1300,900,24
Maharashtra,Pune,Junnar(Narayangaon),Potato,Other,FAQ,22/03/2023,300,1000,600,24
Maharashtra,Pune,Junnar(Narayangaon),Potato,Other,FAQ,26/03/2023,500,1200,800,24
Maharashtra,Pune,Junnar(Narayangaon),Potato,Other,FAQ,29/03/2023,300,1100,800,24
Maharashtra,Pune,Junnar(Narayangaon),Potato,Other,FAQ,01/04/2023,500,1200,800,24
Maharashtra,Pune,Junnar(Narayangaon),Potato,Other,FAQ,02/04/2023,500,1100,800,24
Maharashtra,Pune,Junnar(Narayangaon),Potato,Other,FAQ,10/04/2023,1000,1600,1300,24
Maharashtra,Pune,Junnar(Narayangaon),Potato,Other,FAQ,17/04/2023,300,1000,700,24
Maharashtra,Pune,Junnar(Narayangaon),Potato,Other,FAQ,22/04/2023,500,1400,1000,24
Maharashtra,Pune,Junnar(Narayangaon),Potato,Other,FAQ,01/05/2023,500,1400,1000,24
Maharashtra,Pune,Junnar(Narayangaon),Potato,Other,FAQ,02/06/2023,1500,1800,1700,24
Maharashtra,Pune,Junnar(Narayangaon),Potato,Other,FAQ,15/06/2023,1300,1800,1500,24
Maharashtra,Pune,Junnar(Narayangaon),Potato,Other,FAQ,23/06/2023,1100,1800,1500,24
Maharashtra,Pune,Junnar(Narayangaon),Potato,Other,FAQ,30/06/2023,300,800,500,24
Maharashtra,Pune,Junnar(Narayangaon),Potato,Other,FAQ,13/07/2023,500,2000,1500,24
Maharashtra,Pune,Junnar(Narayangaon),Potato,Other,FAQ,02/08/2023,1600,2000,1800,24
Maharashtra,Pune,Junnar(Narayangaon),Potato,Other,FAQ,13/08/2023,700,1900,1200,24
Maharashtra,Pune,Junnar(Narayangaon),Potato,Other,FAQ,24/08/2023,800,2000,1500,24
Maharashtra,Pune,Junnar(Narayangaon),Potato,Other,FAQ,28/08/2023,1500,2000,1800,24
Maharashtra,Pune,Junnar(Narayangaon),Potato,Other,FAQ,11/09/2023,1500,1800,1650,24
Maharashtra,Pune,Junnar(Narayangaon),Potato,Other,FAQ,13/09/2023,1000,1800,1500,24
Maharashtra,Pune,Junnar(Narayangaon),Potato,Other,FAQ,14/09/2023,1700,1800,1750,24
Maharashtra,Pune,Junnar(Narayangaon),Potato,Other,FAQ,30/09/2023,800,1000,900,24
Maharashtra,Pune,Junnar(Narayangaon),Potato,Other,FAQ,20/10/2023,1000,1800,1400,24
Maharashtra,Pune,Junnar(Narayangaon),Potato,Other,FAQ,08/11/2023,1400,1700,1550,24
Maharashtra,Pune,Junnar(Narayangaon),Potato,Other,FAQ,20/11/2023,500,1800,1200,24
Maharashtra,Pune,Junnar(Narayangaon),Potato,Other,FAQ,24/11/2023,500,1600,1100,24
Maharashtra,Pune,Junnar(Narayangaon),Potato,Other,FAQ,25/11/2023,500,2000,1500,24
Maharashtra,Pune,Junnar(Narayangaon),Potato,Other,FAQ,29/11/2023,500,1900,1000,24
Maharashtra,Pune,Junnar(Narayangaon),Potato,Other,FAQ,06/12/2023,500,1600,1100,24
Maharashtra,Pune,Junnar(Narayangaon),Potato,Other,FAQ,10/12/2023,300,1600,1000,24
Maharashtra,Pune,Junnar(Narayangaon),Potato,Other,FAQ,11/12/2023,300,1600,1000,24
Maharashtra,Pune,Junnar(Narayangaon),Potato,Other,FAQ,14/12/2023,300,1500,1000,24
Maharashtra,Pune,Junnar(Narayangaon),Potato,Other,FAQ,16/12/2023,300,1500,1000,24
Maharashtra,Pune,Junnar(Narayangaon),Potato,Other,FAQ,21/12/2023,300,1700,1200,24
Maharashtra,Pune,Junnar(Narayangaon),Potato,Other,FAQ,28/12/2023,300,1600,1200,24
Maharashtra,Pune,Junnar(Narayangaon),Potato,Other,FAQ,17/05/2024,2400,2700,2600,24
Maharashtra,Pune,Junnar(Narayangaon),Potato,Other,FAQ,04/07/2024,2900,2900,2900,24
Maharashtra,Pune,Junnar(Narayangaon),Potato,Other,FAQ,05/07/2024,2900,2900,2900,24
Maharashtra,Pune,Junnar(Narayangaon),Potato,Other,FAQ,20/07/2024,2000,3000,2500,24
Maharashtra,Pune,Junnar(Narayangaon),Potato,Other,FAQ,23/06/2024,2500,2800,2800,24
Maharashtra,Pune,Junnar(Narayangaon),Potato,Other,FAQ,09/01/2025,500,1800,1200,24
Maharashtra,Pune,Junnar(Narayangaon),Potato,Other,FAQ,22/01/2025,200,1800,1300,24
Maharashtra,Pune,Junnar(Narayangaon),Potato,Other,FAQ,02/12/2024,500,2600,2000,24
Maharashtra,Pune,Junnar(Narayangaon),Potato,Other,FAQ,04/12/2024,500,2600,2000,24
Maharashtra,Pune,Junnar(Narayangaon),Potato,Other,FAQ,07/12/2024,800,2500,2000,24
Maharashtra,Pune,Junnar(Narayangaon),Potato,Other,FAQ,15/12/2024,400,2250,1800,24
Maharashtra,Pune,Junnar(Narayangaon),Potato,Other,FAQ,19/12/2024,400,1800,1300,24
Maharashtra,Pune,Junnar(Narayangaon),Potato,Other,FAQ,23/12/2024,500,2000,1300,24
Maharashtra,Pune,Junnar(Narayangaon),Potato,Other,FAQ,27/12/2024,500,2200,1300,24
Maharashtra,Pune,Junnar(Narayangaon),Potato,Other,FAQ,30/12/2024,400,2200,1300,24
Maharashtra,Pune,Junnar(Narayangaon),Potato,Other,FAQ,18/11/2024,1000,2800,2500,24
Maharashtra,Pune,Junnar(Narayangaon),Potato,Other,FAQ,13/11/2024,800,3000,2500,24
Maharashtra,Pune,Junnar(Narayangaon),Potato,Other,FAQ,27/11/2024,400,3000,2500,24
Maharashtra,Pune,Junnar(Narayangaon),Potato,Other,FAQ,24/05/2024,1000,2700,2200,24
Maharashtra,Pune,Junnar(Narayangaon),Potato,Other,FAQ,25/05/2024,2400,2700,2400,24
Maharashtra,Pune,Junnar(Narayangaon),Potato,Other,Local,05/04/2025,400,1800,1300,24
Maharashtra,Pune,Junnar(Narayangaon),Potato,Other,Local,18/04/2025,400,1600,1100,24
Maharashtra,Pune,Junnar(Narayangaon),Potato,Other,Local,20/04/2025,300,1000,750,24
Maharashtra,Pune,Junnar(Narayangaon),Potato,Other,Local,21/04/2025,400,1800,1300,24
Maharashtra,Pune,Junnar(Narayangaon),Potato,Other,Local,16/05/2025,1900,2300,2100,24
Maharashtra,Pune,Junnar(Narayangaon),Potato,Other,FAQ,04/08/2024,2300,3000,3000,24
Maharashtra,Pune,Junnar(Narayangaon),Potato,Other,FAQ,05/08/2024,3000,3000,3000,24
Maharashtra,Pune,Junnar(Narayangaon),Potato,Other,FAQ,10/08/2024,2000,3000,3000,24
Maharashtra,Pune,Junnar(Narayangaon),Potato,Other,Local,01/02/2025,500,2000,1300,24
Maharashtra,Pune,Junnar(Narayangaon),Potato,Other,Local,06/02/2025,400,1600,1100,24
Maharashtra,Pune,Junnar(Narayangaon),Potato,Other,Local,20/02/2025,500,1700,1200,24
Maharashtra,Pune,Junnar(Narayangaon),Potato,Other,Local,27/02/2025,700,1400,1000,24
Maharashtra,Pune,Junnar(Narayangaon),Potato,Other,FAQ,15/09/2024,3000,3000,3000,24
Maharashtra,Pune,Junnar(Narayangaon),Potato,Other,FAQ,08/01/2024,500,1500,1000,24
Maharashtra,Pune,Junnar(Narayangaon),Potato,Other,FAQ,10/01/2024,300,1600,1200,24
Maharashtra,Pune,Junnar(Narayangaon),Potato,Other,FAQ,19/01/2024,300,1500,1000,24
Maharashtra,Pune,Junnar(Narayangaon),Potato,Other,FAQ,21/01/2024,300,1400,1000,24
Maharashtra,Pune,Junnar(Narayangaon),Potato,Other,FAQ,22/01/2024,300,1400,1000,24
Maharashtra,Pune,Junnar(Narayangaon),Potato,Other,FAQ,24/01/2024,400,1200,1000,24
Maharashtra,Pune,Junnar(Narayangaon),Potato,Other,FAQ,26/01/2024,200,1600,1100,24
Maharashtra,Pune,Junnar(Narayangaon),Potato,Other,FAQ,08/02/2024,300,1500,1000,24
Maharashtra,Pune,Junnar(Narayangaon),Potato,Other,FAQ,09/02/2024,300,1500,1000,24
Maharashtra,Pune,Junnar(Narayangaon),Potato,Other,FAQ,21/02/2024,500,1800,1100,24
Maharashtra,Pune,Junnar(Narayangaon),Potato,Other,FAQ,09/03/2024,300,1800,1400,24
Maharashtra,Pune,Junnar(Narayangaon),Potato,Other,FAQ,11/03/2024,1600,1700,1650,24
Maharashtra,Pune,Junnar(Narayangaon),Potato,Other,FAQ,16/03/2024,500,2000,1500,24
Maharashtra,Pune,Junnar(Narayangaon),Potato,Other,FAQ,17/03/2024,300,2000,1500,24
Maharashtra,Pune,Junnar(Narayangaon),Potato,Other,FAQ,01/04/2024,500,2400,2000,24
Maharashtra,Pune,Junnar(Narayangaon),Potato,Other,FAQ,08/04/2024,1000,2300,2000,24
Maharashtra,Pune,Junnar(Narayangaon),Potato,Other,FAQ,13/04/2024,1100,2400,2000,24
Maharashtra,Pune,Junnar(Narayangaon),Potato,Other,FAQ,21/04/2024,500,2500,2000,24
Maharashtra,Pune,Junnar(Narayangaon),Potato,Other,FAQ,25/04/2024,1100,2700,2500,24
Maharashtra,Pune,Junnar(Narayangaon),Potato,Other,FAQ,29/04/2024,1000,2700,2300,24
Maharashtra,Pune,Junnar(Narayangaon),Potato,Other,Local,24/03/2025,400,1600,1200,24
Maharashtra,Pune,Junnar(Narayangaon),Potato,Other,Local,26/03/2025,200,1900,1300,24
Maharashtra,Pune,Junnar(Narayangaon),Potato,Other,Local,27/03/2025,400,1600,1100,24
Maharashtra,Pune,Junnar(Narayangaon),Potato,Other,Local,30/03/2025,400,1800,1200,24
Maharashtra,Pune,Junnar(Narayangaon),Potato,Other,Local,02/03/2025,400,1600,1200,24
Maharashtra,Pune,Junnar(Narayangaon),Potato,Other,Local,20/03/2025,400,1800,1300,24
Maharashtra,Pune,Junnar(Narayangaon),Potato,Other,Local,22/03/2025,1400,1800,1550,24
Maharashtra,Pune,Junnar(Narayangaon),Potato,Other,Local,12/07/2025,500,2100,1500,24
Maharashtra,Pune,Junnar(Narayangaon),Potato,Other,Local,28/07/2025,1300,1800,1500,24
Maharashtra,Pune,Junnar(Narayangaon),Potato,Other,Local,05/06/2025,500,1800,1500,24
Maharashtra,Pune,Junnar(Narayangaon),Potato,Other,Local,12/06/2025,500,1800,1500,24
Maharashtra,Pune,Junnar(Narayangaon),Potato,Other,Local,14/06/2025,1500,2300,2000,24
Maharashtra,Pune,Junnar(Narayangaon),Potato,Other,Local,20/06/2025,1900,2300,2200,24
Maharashtra,Pune,Junnar(Narayangaon),Potato,Other,Local,09/06/2025,1100,1900,1500,24
Maharashtra,Pune,Junnar(Narayangaon),Potato,Other,Local,23/06/2025,500,2000,1500,24
Maharashtra,Pune,Junnar(Narayangaon),Potato,Other,Local,26/06/2025,1700,1800,1750,24
Maharashtra,Pune,Junnar(Narayangaon),Potato,Other,Local,03/08/2025,1300,1900,1500,24
Maharashtra,Pune,Junnar(Narayangaon),Potato,Other,Local,07/08/2025,800,1600,1100,24
Maharashtra,Pune,Junnar(Narayangaon),Potato,Other,Local,30/10/2025,700,2200,1500,24
Maharashtra,Pune,Junnar(Narayangaon),Potato,Other,FAQ,18/12/2024,300,2000,1500,24
Maharashtra,Pune,Junnar(Narayangaon),Potato,Other,FAQ,21/12/2024,800,1800,1300,24
Maharashtra,Pune,Junnar(Narayangaon),Potato,Other,FAQ,25/12/2024,600,1800,1200,24
Maharashtra,Pune,Junnar(Narayangaon),Potato,Other,FAQ,12/12/2024,400,1500,1200,24
Maharashtra,Pune,Junnar(Narayangaon),Potato,Other,FAQ,22/12/2024,800,1800,1300,24
Maharashtra,Pune,Junnar(Narayangaon),Potato,Other,FAQ,26/12/2024,500,2000,1300,24
Maharashtra,Pune,Junnar(Narayangaon),Potato,Other,FAQ,03/05/2024,2700,2700,2700,24
Maharashtra,Pune,Junnar(Narayangaon),Potato,Other,FAQ,29/05/2024,1000,2700,2400,24
Maharashtra,Pune,Junnar(Narayangaon),Potato,Other,FAQ,01/06/2024,2400,3500,2800,24
Maharashtra,Pune,Junnar(Narayangaon),Potato,Other,FAQ,07/06/2024,2400,2700,2400,24
Maharashtra,Pune,Junnar(Narayangaon),Potato,Other,FAQ,10/06/2024,2700,2700,2700,24
Maharashtra,Pune,Junnar(Narayangaon),Potato,Other,FAQ,10/07/2024,1000,3000,3000,24
Maharashtra,Pune,Junnar(Narayangaon),Potato,Other,FAQ,11/01/2024,500,1500,1000,24
Maharashtra,Pune,Junnar(Narayangaon),Potato,Other,FAQ,14/01/2024,1400,1500,1450,24
Maharashtra,Pune,Junnar(Narayangaon),Potato,Other,FAQ,18/01/2024,300,1600,1000,24
Maharashtra,Pune,Junnar(Narayangaon),Potato,Other,FAQ,03/02/2024,500,1600,1000,24
Maharashtra,Pune,Junnar(Narayangaon),Potato,Other,FAQ,10/02/2024,200,1500,1000,24
Maharashtra,Pune,Junnar(Narayangaon),Potato,Other,FAQ,22/03/2024,300,1800,1200,24
Maharashtra,Pune,Junnar(Narayangaon),Potato,Other,FAQ,25/03/2024,1000,1800,1400,24
Maharashtra,Pune,Junnar(Narayangaon),Potato,Other,FAQ,29/03/2024,1000,2000,1500,24
Maharashtra,Pune,Junnar(Narayangaon),Potato,Other,FAQ,06/04/2024,1200,2500,2200,24
Maharashtra,Pune,Junnar(Narayangaon),Potato,Other,FAQ,09/11/2024,500,3200,2500,24
Maharashtra,Pune,Junnar(Narayangaon),Potato,Other,FAQ,16/11/2024,500,4000,3000,24
Maharashtra,Pune,Junnar(Narayangaon),Potato,Other,FAQ,28/11/2024,500,2500,1800,24
Maharashtra,Pune,Junnar(Narayangaon),Potato,Other,FAQ,07/01/2023,500,1880,1200,24
Maharashtra,Pune,Junnar(Narayangaon),Potato,Other,FAQ,30/01/2023,500,1300,800,24
Maharashtra,Pune,Junnar(Narayangaon),Potato,Other,FAQ,06/02/2023,500,1300,1000,24
Maharashtra,Pune,Junnar(Narayangaon),Potato,Other,FAQ,07/02/2023,500,1500,1000,24
Maharashtra,Pune,Junnar(Narayangaon),Potato,Other,FAQ,11/02/2023,500,1300,800,24
Maharashtra,Pune,Junnar(Narayangaon),Potato,Other,FAQ,24/02/2023,300,1500,1000,24
Maharashtra,Pune,Junnar(Narayangaon),Potato,Other,FAQ,03/03/2023,500,1500,1000,24
Maharashtra,Pune,Junnar(Narayangaon),Potato,Other,FAQ,07/03/2023,500,1400,1000,24
Maharashtra,Pune,Junnar(Narayangaon),Potato,Other,FAQ,08/03/2023,300,1300,800,24
Maharashtra,Pune,Junnar(Narayangaon),Potato,Other,FAQ,13/04/2023,300,1200,800,24
Maharashtra,Pune,Junnar(Narayangaon),Potato,Other,FAQ,23/04/2023,800,1200,1000,24
Maharashtra,Pune,Junnar(Narayangaon),Potato,Other,FAQ,24/04/2023,600,1600,1200,24
Maharashtra,Pune,Junnar(Narayangaon),Potato,Other,FAQ,06/05/2023,1000,1800,1500,24
Maharashtra,Pune,Junnar(Narayangaon),Potato,Other,FAQ,26/05/2023,1200,1300,1250,24
Maharashtra,Pune,Junnar(Narayangaon),Potato,Other,FAQ,28/05/2023,1250,1810,1500,24
Maharashtra,Pune,Junnar(Narayangaon),Potato,Other,FAQ,10/06/2023,1400,1500,1450,24
Maharashtra,Pune,Junnar(Narayangaon),Potato,Other,FAQ,18/06/2023,500,1800,1000,24
Maharashtra,Pune,Junnar(Narayangaon),Potato,Other,FAQ,07/07/2023,1500,1800,1700,24
Maharashtra,Pune,Junnar(Narayangaon),Potato,Other,FAQ,09/07/2023,1800,2000,1900,24
Maharashtra,Pune,Junnar(Narayangaon),Potato,Other,FAQ,23/07/2023,500,1000,800,24
Maharashtra,Pune,Junnar(Narayangaon),Potato,Other,FAQ,31/07/2023,1400,1600,1500,24
Maharashtra,Pune,Junnar(Narayangaon),Potato,Other,FAQ,16/08/2023,1000,2000,1500,24
Maharashtra,Pune,Junnar(Narayangaon),Potato,Other,FAQ,17/09/2023,1600,1800,1700,24
Maharashtra,Pune,Junnar(Narayangaon),Potato,Other,FAQ,28/09/2023,500,1800,1200,24
Maharashtra,Pune,Junnar(Narayangaon),Potato,Other,FAQ,11/10/2023,1200,1400,1300,24
Maharashtra,Pune,Junnar(Narayangaon),Potato,Other,FAQ,04/11/2023,1400,1500,1450,24
Maharashtra,Pune,Junnar(Narayangaon),Potato,Other,FAQ,12/11/2023,500,1650,1200,24
Maharashtra,Pune,Junnar(Narayangaon),Potato,Other,FAQ,18/11/2023,500,2100,1500,24
Maharashtra,Pune,Junnar(Narayangaon),Potato,Other,FAQ,22/11/2023,300,1600,1100,24
Maharashtra,Pune,Junnar(Narayangaon),Potato,Other,FAQ,04/12/2023,300,1500,1000,24
Maharashtra,Pune,Junnar(Narayangaon),Potato,Other,FAQ,20/12/2023,300,1700,1200,24
Maharashtra,Pune,Junnar(Narayangaon),Potato,Other,FAQ,24/12/2023,500,1700,1200,24
Maharashtra,Pune,Junnar(Narayangaon),Potato,Other,FAQ,25/12/2023,500,1600,1200,24
Maharashtra,Pune,Junnar(Narayangaon),Potato,Other,FAQ,27/12/2023,500,1600,1200,24
Maharashtra,Pune,Junnar(Narayangaon),Potato,Other,FAQ,14/10/2024,2800,3400,3000,24
Maharashtra,Pune,Junnar(Narayangaon),Potato,Other,Local,14/02/2025,500,1800,1200,24
Maharashtra,Pune,Junnar(Narayangaon),Potato,Other,Local,15/02/2025,500,1800,1200,24
Maharashtra,Pune,Junnar(Narayangaon),Potato,Other,Local,24/02/2025,400,1800,1200,24
Maharashtra,Pune,Junnar(Narayangaon),Potato,Other,FAQ,02/01/2025,500,1800,1200,24
Maharashtra,Pune,Junnar(Narayangaon),Potato,Other,FAQ,06/01/2025,500,1800,1200,24
Maharashtra,Pune,Junnar(Narayangaon),Potato,Other,FAQ,16/01/2025,700,2300,1500,24
Maharashtra,Pune,Junnar(Narayangaon),Potato,Other,FAQ,24/01/2025,500,1710,1200,24
Maharashtra,Pune,Junnar(Narayangaon),Potato,Other,Local,06/04/2025,500,2000,1500,24
Maharashtra,Pune,Junnar(Narayangaon),Potato,Other,Local,07/04/2025,400,2000,1500,24
Maharashtra,Pune,Junnar(Narayangaon),Potato,Other,Local,11/04/2025,500,2000,1500,24
Maharashtra,Pune,Junnar(Narayangaon),Potato,Other,Local,13/04/2025,400,1800,1100,24
Maharashtra,Pune,Junnar(Narayangaon),Potato,Other,Local,23/04/2025,500,2300,1700,24
Maharashtra,Pune,Junnar(Narayangaon),Potato,Other,Local,02/05/2025,400,2000,1500,24
Maharashtra,Pune,Junnar(Narayangaon),Potato,Other,Local,12/05/2025,400,2000,1500,24
Maharashtra,Pune,Junnar(Narayangaon),Potato,Other,Local,17/05/2025,1600,2300,2000,24
Maharashtra,Pune,Junnar(Narayangaon),Potato,Other,Local,24/05/2025,1000,1210,1100,24
Maharashtra,Pune,Junnar(Narayangaon),Potato,Other,Local,31/05/2025,1500,2000,1800,24
Maharashtra,Pune,Junnar(Narayangaon),Potato,Other,Local,14/03/2025,400,1900,1300,24
Maharashtra,Pune,Junnar(Narayangaon),Potato,Other,Local,31/03/2025,1500,1500,1500,24
Maharashtra,Pune,Junnar(Narayangaon),Potato,Other,FAQ,27/06/2022,900,2000,1500,24
Maharashtra,Pune,Junnar(Narayangaon),Potato,Other,FAQ,04/07/2022,1200,2000,1600,24
Maharashtra,Pune,Junnar(Narayangaon),Potato,Other,FAQ,06/07/2022,1800,2000,1900,24
Maharashtra,Pune,Junnar(Narayangaon),Potato,Other,FAQ,08/07/2022,1500,2000,1800,24
Maharashtra,Pune,Junnar(Narayangaon),Potato,Other,FAQ,15/07/2022,900,2000,1500,24
Maharashtra,Pune,Junnar(Narayangaon),Potato,Other,FAQ,16/07/2022,1800,2000,1900,24
Maharashtra,Pune,Junnar(Narayangaon),Potato,Other,FAQ,15/08/2022,1000,2200,1500,24
Maharashtra,Pune,Junnar(Narayangaon),Potato,Other,FAQ,23/09/2022,1900,2100,2000,24
Maharashtra,Pune,Junnar(Narayangaon),Potato,Other,FAQ,30/09/2022,1800,2000,1900,24
Maharashtra,Pune,Junnar(Narayangaon),Potato,Other,FAQ,10/10/2022,1400,2000,1800,24
Maharashtra,Pune,Junnar(Narayangaon),Potato,Other,FAQ,12/10/2022,1500,2200,2000,24
Maharashtra,Pune,Junnar(Narayangaon),Potato,Other,FAQ,01/11/2022,500,2500,2000,24
Maharashtra,Pune,Junnar(Narayangaon),Potato,Other,FAQ,19/11/2022,500,2210,1700,24
Maharashtra,Pune,Junnar(Narayangaon),Potato,Other,FAQ,03/12/2022,700,2000,1500,24
Maharashtra,Pune,Junnar(Narayangaon),Potato,Other,FAQ,28/12/2022,500,2000,1500,24
Maharashtra,Pune,Junnar(Narayangaon),Potato,Other,FAQ,30/12/2022,500,1900,1200,24
Maharashtra,Pune,Junnar(Narayangaon),Potato,Other,Local,13/08/2025,500,2100,1500,24
Maharashtra,Pune,Junnar(Narayangaon),Potato,Other,Local,17/08/2025,1500,1700,1700,24
Maharashtra,Pune,Junnar(Narayangaon),Potato,Other,Local,08/06/2025,1700,2000,1900,24
Maharashtra,Pune,Junnar(Narayangaon),Potato,Other,Local,13/06/2025,500,2100,1500,24
Maharashtra,Pune,Junnar(Narayangaon),Potato,Other,Local,16/06/2025,500,2300,1500,24
Maharashtra,Pune,Junnar(Narayangaon),Potato,Other,Local,22/06/2025,1510,2000,1800,24
Maharashtra,Pune,Junnar(Narayangaon),Potato,Other,Local,05/07/2025,500,2200,1500,24
Maharashtra,Pune,Junnar(Narayangaon),Potato,Other,Local,06/07/2025,500,1800,1200,24
Maharashtra,Pune,Junnar(Narayangaon),Potato,Other,Local,24/07/2025,400,1800,1300,24
Maharashtra,Pune,Junnar(Narayangaon),Potato,Other,Local,31/07/2025,500,1800,1200,24
Maharashtra,Pune,Junnar(Narayangaon),Potato,Other,Local,04/09/2025,1600,1800,1700,24
Maharashtra,Pune,Junnar(Narayangaon),Potato,Other,Local,15/09/2025,1000,1700,1300,24
Maharashtra,Pune,Junnar(Narayangaon),Potato,Other,Local,25/09/2025,1000,2000,1600,24
Maharashtra,Pune,Junnar(Narayangaon),Potato,Other,Local,27/09/2025,1100,2000,1600,24
Maharashtra,Pune,Junnar(Narayangaon),Potato,Other,Local,05/10/2025,1300,1900,1500,24
Maharashtra,Pune,Junnar(Narayangaon),Potato,Other,Local,06/10/2025,1500,1750,1600,24
Maharashtra,Pune,Junnar(Narayangaon),Potato,Other,Local,12/10/2025,500,1900,1200,24
Maharashtra,Pune,Junnar(Narayangaon),Potato,Other,FAQ,23/06/2022,800,1900,1500,24
Maharashtra,Pune,Junnar(Narayangaon),Potato,Other,FAQ,11/07/2022,2000,2100,2050,24
Maharashtra,Pune,Junnar(Narayangaon),Potato,Other,FAQ,25/07/2022,900,2200,1800,24
Maharashtra,Pune,Junnar(Narayangaon),Potato,Other,FAQ,04/08/2022,1200,2200,1800,24
Maharashtra,Pune,Junnar(Narayangaon),Potato,Other,FAQ,09/08/2022,2000,2200,2100,24
Maharashtra,Pune,Junnar(Narayangaon),Potato,Other,FAQ,19/08/2022,1400,2200,1800,24
Maharashtra,Pune,Junnar(Narayangaon),Potato,Other,FAQ,27/08/2022,2000,2100,2050,24
Maharashtra,Pune,Junnar(Narayangaon),Potato,Other,FAQ,15/09/2022,1400,2100,1800,24
Maharashtra,Pune,Junnar(Narayangaon),Potato,Other,FAQ,17/09/2022,1400,2100,2000,24
Maharashtra,Pune,Junnar(Narayangaon),Potato,Other,FAQ,20/09/2022,1400,2100,1900,24
Maharashtra,Pune,Junnar(Narayangaon),Potato,Other,FAQ,13/10/2022,1200,2200,2000,24
Maharashtra,Pune,Junnar(Narayangaon),Potato,Other,FAQ,20/10/2022,1600,2510,2000,24
Maharashtra,Pune,Junnar(Narayangaon),Potato,Other,FAQ,12/11/2022,500,2200,1500,24
Maharashtra,Pune,Junnar(Narayangaon),Potato,Other,FAQ,17/11/2022,1200,2200,1800,24
Maharashtra,Pune,Junnar(Narayangaon),Potato,Other,FAQ,18/11/2022,500,2300,1800,24
Maharashtra,Pune,Junnar(Narayangaon),Potato,Other,FAQ,23/11/2022,1510,2000,1800,24
Maharashtra,Pune,Junnar(Narayangaon),Potato,Other,FAQ,07/12/2022,400,2000,1500,24
Maharashtra,Pune,Junnar(Narayangaon),Potato,Other,FAQ,13/12/2022,500,2100,1500,24
Maharashtra,Pune,Junnar(Narayangaon),Potato,Other,FAQ,21/12/2022,500,2000,1500,24
Maharashtra,Pune,Junnar(Narayangaon),Potato,Other,FAQ,24/12/2022,500,1750,1200,24
Maharashtra,Pune,Junnar(Narayangaon),Potato,Other,FAQ,09/06/2024,2400,2400,2400,24
Maharashtra,Pune,Junnar(Narayangaon),Potato,Other,FAQ,22/06/2024,2800,2800,2800,24
Maharashtra,Pune,Junnar(Narayangaon),Potato,Other,FAQ,30/06/2024,1800,2000,2000,24
Maharashtra,Pune,Junnar(Narayangaon),Potato,Other,FAQ,20/05/2024,2400,2700,2600,24
Maharashtra,Pune,Junnar(Narayangaon),Potato,Other,FAQ,27/05/2024,800,2700,2200,24
Maharashtra,Pune,Junnar(Narayangaon),Potato,Other,FAQ,31/05/2024,2400,2400,2400,24
Maharashtra,Pune,Junnar(Narayangaon),Potato,Other,FAQ,12/01/2024,600,1500,1000,24
Maharashtra,Pune,Junnar(Narayangaon),Potato,Other,FAQ,13/01/2024,300,1500,1000,24
Maharashtra,Pune,Junnar(Narayangaon),Potato,Other,FAQ,15/01/2024,500,1550,1000,24
Maharashtra,Pune,Junnar(Narayangaon),Potato,Other,FAQ,17/01/2024,500,1400,1001,24
Maharashtra,Pune,Junnar(Narayangaon),Potato,Other,FAQ,28/01/2024,200,1400,1000,24
Maharashtra,Pune,Junnar(Narayangaon),Potato,Other,FAQ,29/01/2024,600,1500,1100,24
Maharashtra,Pune,Junnar(Narayangaon),Potato,Other,FAQ,02/02/2024,300,1500,1150,24
Maharashtra,Pune,Junnar(Narayangaon),Potato,Other,FAQ,04/02/2024,1000,1500,1300,24
Maharashtra,Pune,Junnar(Narayangaon),Potato,Other,FAQ,05/02/2024,500,1500,1000,24
Maharashtra,Pune,Junnar(Narayangaon),Potato,Other,FAQ,11/02/2024,1200,1400,1300,24
Maharashtra,Pune,Junnar(Narayangaon),Potato,Other,FAQ,12/02/2024,1200,1600,1400,24
Maharashtra,Pune,Junnar(Narayangaon),Potato,Other,FAQ,16/02/2024,300,1550,1000,24
Maharashtra,Pune,Junnar(Narayangaon),Potato,Other,FAQ,23/03/2024,300,1800,1200,24
Maharashtra,Pune,Junnar(Narayangaon),Potato,Other,FAQ,24/03/2024,500,1700,1200,24
Maharashtra,Pune,Junnar(Narayangaon),Potato,Other,FAQ,30/03/2024,1800,2000,1900,24
Maharashtra,Pune,Junnar(Narayangaon),Potato,Other,FAQ,08/09/2024,2800,3000,3000,24
Maharashtra,Pune,Junnar(Narayangaon),Potato,Other,FAQ,05/01/2025,400,1800,1100,24
Maharashtra,Pune,Junnar(Narayangaon),Potato,Other,FAQ,11/01/2025,400,1800,1200,24
Maharashtra,Pune,Junnar(Narayangaon),Potato,Other,FAQ,13/01/2025,400,2000,1200,24
Maharashtra,Pune,Junnar(Narayangaon),Potato,Other,FAQ,26/01/2025,400,1700,1100,24
Maharashtra,Pune,Junnar(Narayangaon),Potato,Other,Local,27/01/2025,500,1620,1000,24
Maharashtra,Pune,Junnar(Narayangaon),Potato,Other,Local,30/01/2025,310,1500,900,24
Maharashtra,Pune,Junnar(Narayangaon),Potato,Other,Local,31/01/2025,700,1500,1100,24
Maharashtra,Pune,Junnar(Narayangaon),Potato,Other,Local,13/02/2025,510,1900,1100,24
Maharashtra,Pune,Junnar(Narayangaon),Potato,Other,Local,21/02/2025,300,1600,1200,24
Maharashtra,Pune,Junnar(Narayangaon),Potato,Other,Local,28/02/2025,500,1900,1300,24
Maharashtra,Pune,Junnar(Narayangaon),Potato,Other,Local,01/03/2025,500,1900,1300,24
Maharashtra,Pune,Junnar(Narayangaon),Potato,Other,Local,08/03/2025,500,1900,1300,24
Maharashtra,Pune,Junnar(Narayangaon),Potato,Other,Local,21/06/2025,500,2100,1500,24
Maharashtra,Pune,Junnar(Narayangaon),Potato,Other,Local,30/06/2025,500,2100,1500,24
Maharashtra,Pune,Junnar(Narayangaon),Potato,Other,Local,03/07/2025,500,2200,1500,24
Maharashtra,Pune,Junnar(Narayangaon),Potato,Other,Local,13/07/2025,500,2200,1500,24
Maharashtra,Pune,Junnar(Narayangaon),Potato,Other,Local,17/07/2025,1900,2200,2000,24
Maharashtra,Pune,Junnar(Narayangaon),Potato,Other,Local,20/07/2025,1300,1900,1500,24
Maharashtra,Pune,Junnar(Narayangaon),Potato,Other,Local,21/07/2025,1300,1700,1500,24
Maharashtra,Pune,Junnar(Narayangaon),Potato,Other,Local,05/05/2025,300,1000,600,24
Maharashtra,Pune,Junnar(Narayangaon),Potato,Other,Local,02/04/2025,400,1800,1300,24
Maharashtra,Pune,Junnar(Narayangaon),Potato,Other,FAQ,16/12/2024,500,2550,1800,24
Maharashtra,Pune,Junnar(Narayangaon),Potato,Other,FAQ,08/07/2024,2800,3000,2900,24
Maharashtra,Pune,Junnar(Narayangaon),Potato,Other,FAQ,14/01/2023,500,1800,1200,24
Maharashtra,Pune,Junnar(Narayangaon),Potato,Other,FAQ,23/01/2023,500,1000,800,24
Maharashtra,Pune,Junnar(Narayangaon),Potato,Other,FAQ,27/01/2023,500,1600,1200,24
Maharashtra,Pune,Junnar(Narayangaon),Potato,Other,FAQ,28/01/2023,500,1800,1200,24
Maharashtra,Pune,Junnar(Narayangaon),Potato,Other,FAQ,09/02/2023,500,1410,800,24
Maharashtra,Pune,Junnar(Narayangaon),Potato,Other,FAQ,10/02/2023,300,1300,800,24
Maharashtra,Pune,Junnar(Narayangaon),Potato,Other,FAQ,15/02/2023,300,1000,700,24
Maharashtra,Pune,Junnar(Narayangaon),Potato,Other,FAQ,02/03/2023,500,1400,1000,24
Maharashtra,Pune,Junnar(Narayangaon),Potato,Other,FAQ,17/03/2023,500,1400,1000,24
Maharashtra,Pune,Junnar(Narayangaon),Potato,Other,FAQ,23/03/2023,300,900,600,24
Maharashtra,Pune,Junnar(Narayangaon),Potato,Other,FAQ,08/04/2023,300,1100,800,24
Maharashtra,Pune,Junnar(Narayangaon),Potato,Other,FAQ,21/04/2023,400,1300,1000,24
Maharashtra,Pune,Junnar(Narayangaon),Potato,Other,FAQ,05/05/2023,500,1800,1200,24
Maharashtra,Pune,Junnar(Narayangaon),Potato,Other,FAQ,07/05/2023,500,1800,1300,24
Maharashtra,Pune,Junnar(Narayangaon),Potato,Other,FAQ,08/05/2023,1350,1800,1600,24
Maharashtra,Pune,Junnar(Narayangaon),Potato,Other,FAQ,11/05/2023,1800,2000,1900,24
Maharashtra,Pune,Junnar(Narayangaon),Potato,Other,FAQ,13/05/2023,500,2000,1500,24
Maharashtra,Pune,Junnar(Narayangaon),Potato,Other,FAQ,15/05/2023,500,1800,1200,24
Maharashtra,Pune,Junnar(Narayangaon),Potato,Other,FAQ,20/05/2023,500,1800,1200,24
Maharashtra,Pune,Junnar(Narayangaon),Potato,Other,FAQ,22/05/2023,1200,1800,1500,24
Maharashtra,Pune,Junnar(Narayangaon),Potato,Other,FAQ,25/05/2023,500,1800,1200,24
Maharashtra,Pune,Junnar(Narayangaon),Potato,Other,FAQ,29/05/2023,800,1800,1400,24
Maharashtra,Pune,Junnar(Narayangaon),Potato,Other,FAQ,08/06/2023,1600,1800,1700,24
Maharashtra,Pune,Junnar(Narayangaon),Potato,Other,FAQ,09/06/2023,600,1800,1200,24
Maharashtra,Pune,Junnar(Narayangaon),Potato,Other,FAQ,16/06/2023,500,1800,1300,24
Maharashtra,Pune,Junnar(Narayangaon),Potato,Other,FAQ,19/06/2023,1200,1850,1500,24
Maharashtra,Pune,Junnar(Narayangaon),Potato,Other,FAQ,29/06/2023,1700,1850,1800,24
Maharashtra,Pune,Junnar(Narayangaon),Potato,Other,FAQ,06/07/2023,1400,2000,1600,24
Maharashtra,Pune,Junnar(Narayangaon),Potato,Other,FAQ,19/07/2023,1000,1100,1050,24
Maharashtra,Pune,Junnar(Narayangaon),Potato,Other,FAQ,30/08/2023,1700,2000,1800,24
Maharashtra,Pune,Junnar(Narayangaon),Potato,Other,FAQ,21/09/2023,300,500,400,24
Maharashtra,Pune,Junnar(Narayangaon),Potato,Other,FAQ,04/10/2023,300,500,400,24
Maharashtra,Pune,Junnar(Narayangaon),Potato,Other,FAQ,25/10/2023,550,1400,1000,24
Maharashtra,Pune,Junnar(Narayangaon),Potato,Other,FAQ,19/11/2023,500,1800,1200,24
Maharashtra,Pune,Junnar(Narayangaon),Potato,Other,FAQ,26/11/2023,300,1800,1200,24
Maharashtra,Pune,Junnar(Narayangaon),Potato,Other,FAQ,07/12/2023,500,1660,1100,24
Maharashtra,Pune,Junnar(Narayangaon),Potato,Other,FAQ,09/12/2023,300,1600,1100,24
Maharashtra,Pune,Junnar(Narayangaon),Potato,Other,FAQ,18/12/2023,500,1550,1000,24
Maharashtra,Pune,Junnar(Narayangaon),Potato,Other,FAQ,21/09/2024,1000,3000,2500,24
Maharashtra,Pune,Junnar(Narayangaon),Potato,Other,Local,21/08/2025,1000,1700,1500,24
Maharashtra,Pune,Junnar(Narayangaon),Potato,Other,Local,19/09/2025,1200,1800,1500,24
Maharashtra,Pune,Junnar(Narayangaon),Potato,Other,Local,21/09/2025,1300,1700,1500,24
Maharashtra,Pune,Junnar(Narayangaon),Potato,Other,Local,03/11/2025,1400,2100,1800,24
Maharashtra,Pune,Junnar(Narayangaon),Potato,Other,Local,04/10/2025,1200,1900,1500,24
Maharashtra,Pune,Junnar(Narayangaon) APMC,Potato,Other,Local,01/12/2025,400,2200,1300,24
Maharashtra,Pune,Junnar(Narayangaon) APMC,Potato,Other,Local,08/12/2025,400,2200,1300,24
Maharashtra,Pune,Junnar(Narayangaon) APMC,Potato,Other,Local,05/12/2025,400,1700,1000,24
Maharashtra,Pune,Junnar(Narayangaon) APMC,Potato,Other,Local,07/12/2025,300,2000,1300,24
Maharashtra,Pune,Junnar(Narayangaon) APMC,Potato,Other,Local,20/12/2025,200,1900,1100,24
Maharashtra,Pune,Junnar(Narayangaon) APMC,Potato,Other,Local,20/11/2025,800,2400,1600,24
Maharashtra,Pune,Junnar(Narayangaon) APMC,Potato,Other,Local,05/02/2026,200,1200,650,24
Maharashtra,Pune,Junnar(Narayangaon) APMC,Potato,Other,Local,18/02/2026,300,1400,800,24
Maharashtra,Pune,Junnar(Narayangaon) APMC,Potato,Other,Local,19/02/2026,200,1400,750,24
Maharashtra,Pune,Junnar(Narayangaon) APMC,Potato,Other,Local,20/02/2026,200,1300,700,24
Maharashtra,Pune,Junnar(Narayangaon) APMC,Potato,Other,Local,02/01/2026,200,1500,900,24
Maharashtra,Pune,Junnar(Narayangaon) APMC,Potato,Other,Local,15/01/2026,300,1200,700,24
Maharashtra,Pune,Junnar(Narayangaon) APMC,Potato,Other,Local,16/01/2026,300,1200,700,24
Maharashtra,Pune,Junnar(Narayangaon) APMC,Potato,Other,Local,24/01/2026,300,1100,700,24
Maharashtra,Pune,Junnar(Narayangaon) APMC,Potato,Other,Local,10/01/2026,300,1300,800,24
Maharashtra,Pune,Junnar(Narayangaon) APMC,Potato,Other,Local,17/01/2026,200,1200,700,24
Maharashtra,Pune,Junnar(Narayangaon) APMC,Potato,Other,Local,08/11/2025,400,2300,1500,24
Maharashtra,Pune,Junnar(Narayangaon) APMC,Potato,Other,Local,10/11/2025,400,2210,1500,24
Maharashtra,Pune,Junnar(Narayangaon) APMC,Potato,Other,Local,14/11/2025,500,2300,1600,24
Maharashtra,Pune,Junnar(Narayangaon) APMC,Potato,Other,Local,22/11/2025,400,2000,1300,24
Maharashtra,Pune,Junnar(Narayangaon) APMC,Potato,Other,Local,27/11/2025,400,2000,1100,24
Maharashtra,Pune,Junnar(Narayangaon) APMC,Potato,Other,Local,28/11/2025,400,2100,1300,24
Maharashtra,Pune,Junnar(Narayangaon) APMC,Potato,Other,Local,11/12/2025,400,1900,1100,24
Maharashtra,Pune,Junnar(Narayangaon) APMC,Potato,Other,Local,31/12/2025,300,1500,900,24
Maharashtra,Pune,Junnar(Narayangaon) APMC,Potato,Other,Local,18/12/2025,400,1900,1100,24
Maharashtra,Pune,Junnar(Narayangaon) APMC,Potato,Other,Local,12/12/2025,600,1700,1200,24
Maharashtra,Pune,Junnar(Narayangaon) APMC,Potato,Other,Local,05/01/2026,500,1500,1000,24
Maharashtra,Pune,Junnar(Narayangaon) APMC,Potato,Other,Local,08/01/2026,200,1300,700,24
Maharashtra,Pune,Junnar(Narayangaon) APMC,Potato,Other,Local,12/01/2026,200,1200,700,24
Maharashtra,Pune,Junnar(Narayangaon) APMC,Potato,Other,Local,19/01/2026,300,1300,750,24
Maharashtra,Pune,Junnar(Narayangaon) APMC,Potato,Other,Local,21/01/2026,300,1200,750,24
Maharashtra,Pune,Junnar(Narayangaon) APMC,Potato,Other,Local,23/01/2026,400,1200,800,24
Maharashtra,Pune,Junnar(Narayangaon) APMC,Potato,Other,Local,08/02/2026,300,1200,750,24
Maharashtra,Pune,Junnar(Narayangaon) APMC,Potato,Other,Local,17/12/2025,400,1900,1100,24
Maharashtra,Pune,Junnar(Narayangaon) APMC,Potato,Other,Local,22/12/2025,300,1800,900,24
Maharashtra,Pune,Junnar(Narayangaon) APMC,Potato,Other,Local,13/12/2025,300,1600,900,24
Maharashtra,Pune,Junnar(Narayangaon) APMC,Potato,Other,Local,04/12/2025,400,2000,1300,24
Maharashtra,Pune,Junnar(Narayangaon) APMC,Potato,Other,Local,27/12/2025,200,1500,850,24
Maharashtra,Pune,Junnar(Narayangaon) APMC,Potato,Other,Local,26/12/2025,500,1600,1100,24
Maharashtra,Pune,Junnar(Narayangaon) APMC,Potato,Other,Local,13/11/2025,500,2300,1500,24
Maharashtra,Pune,Junnar(Narayangaon) APMC,Potato,Other,Local,17/11/2025,500,2400,1600,24
Maharashtra,Pune,Junnar(Narayangaon) APMC,Potato,Other,Local,16/11/2025,500,2400,1600,24
Maharashtra,Pune,Junnar(Narayangaon) APMC,Potato,Other,Local,01/11/2025,700,2700,1600,24
Maharashtra,Pune,Junnar(Narayangaon) APMC,Potato,Other,Local,03/11/2025,1400,2100,1800,24
Maharashtra,Pune,Junnar(Narayangaon) APMC,Potato,Other,Local,14/01/2026,300,2000,1200,24
Maharashtra,Pune,Junnar(Narayangaon) APMC,Potato,Other,Local,09/02/2026,200,1250,800,24
Maharashtra,Pune,Junnar(Narayangaon) APMC,Potato,Other,Local,06/02/2026,200,1200,700,24
Maharashtra,Pune,Junnar(Narayangaon) APMC,Potato,Other,Local,15/11/2025,600,2550,1800,24
Maharashtra,Pune,Junnar(Narayangaon) APMC,Potato,Other,Local,24/11/2025,400,2100,1300,24
Maharashtra,Pune,Junnar(Narayangaon) APMC,Potato,Other,Local,21/11/2025,500,2400,1800,24
Maharashtra,Pune,Junnar(Narayangaon) APMC,Potato,Other,Local,23/11/2025,300,2000,1300,24
Maharashtra,Pune,Junnar(Narayangaon) APMC,Potato,Other,Local,02/11/2025,500,2000,1500,24
Maharashtra,Pune,Junnar(Narayangaon) APMC,Potato,Other,Local,06/12/2025,600,1900,1300,24
Maharashtra,Pune,Junnar(Narayangaon) APMC,Potato,Other,Local,19/12/2025,400,1900,1100,24
Maharashtra,Pune,Junnar(Narayangaon) APMC,Potato,Other,Local,12/02/2026,300,1500,850,24
Maharashtra,Pune,Junnar(Narayangaon) APMC,Potato,Other,Local,01/02/2026,400,1300,850,24
Maharashtra,Pune,Junnar(Narayangaon) APMC,Potato,Other,Local,02/02/2026,400,1300,850,24
Maharashtra,Pune,Junnar(Narayangaon) APMC,Potato,Other,Local,01/01/2026,300,1500,900,24
Maharashtra,Pune,Junnar(Narayangaon) APMC,Potato,Other,Local,30/01/2026,200,1200,650,24
Maharashtra,Pune,Junnar(Narayangaon) APMC,Potato,Other,Local,07/11/2025,400,2000,1500,24
Maharashtra,Pune,Junnar(Narayangaon) APMC,Potato,Other,Local,09/11/2025,400,2300,1600,24
Maharashtra,Pune,Junnar(Narayangaon) APMC,Potato,Other,Local,29/11/2025,400,2160,1500,24
Maharashtra,Pune,Junnar(Narayangaon) APMC,Potato,Other,Local,30/11/2025,300,2000,1200,24
Maharashtra,Pune,Junnar(Narayangaon) APMC,Potato,Other,Local,16/02/2026,200,1300,700,24
Maharashtra,Pune,Junnar(Narayangaon) APMC,Potato,Other,Local,13/02/2026,200,1300,750,24
Maharashtra,Pune,Junnar(Narayangaon) APMC,Potato,Other,Local,07/01/2026,200,1300,800,24
Maharashtra,Pune,Junnar(Narayangaon) APMC,Potato,Other,Local,09/01/2026,300,1100,700,24
Maharashtra,Pune,Junnar(Narayangaon) APMC,Potato,Other,Local,22/01/2026,400,1100,700,24
Maharashtra,Pune,Junnar(Narayangaon) APMC,Potato,Other,Local,26/01/2026,500,1200,800,24
Maharashtra,Pune,Junnar(Narayangaon) APMC,Potato,Other,Local,31/01/2026,300,1500,900,24
Maharashtra,Pune,Junnar(Narayangaon) APMC,Potato,Other,Local,24/12/2025,400,1600,1100,24
Maharashtra,Pune,Junnar(Otur),Potato,Local,FAQ,04/07/2024,1000,3110,2100,24
Maharashtra,Pune,Junnar(Otur),Potato,Local,FAQ,11/07/2024,1000,2100,1500,24
Maharashtra,Pune,Junnar(Otur),Potato,Local,FAQ,02/06/2024,800,1800,1400,24
Maharashtra,Pune,Junnar(Otur),Potato,Local,FAQ,23/05/2024,1000,2100,1600,24
Maharashtra,Pune,Junnar(Otur),Potato,Local,FAQ,07/01/2024,500,1700,1300,24
Maharashtra,Pune,Junnar(Otur),Potato,Local,FAQ,09/01/2024,500,900,700,24
Maharashtra,Pune,Junnar(Otur),Potato,Local,FAQ,18/01/2024,500,1200,850,24
Maharashtra,Pune,Junnar(Otur),Potato,Local,FAQ,01/02/2024,500,1350,1000,24
Maharashtra,Pune,Junnar(Otur),Potato,Local,FAQ,22/02/2024,500,1650,1000,24
Maharashtra,Pune,Junnar(Otur),Potato,Local,FAQ,02/03/2024,500,1300,1000,24
Maharashtra,Pune,Junnar(Otur),Potato,Local,FAQ,04/03/2024,500,1600,1200,24
Maharashtra,Pune,Junnar(Otur),Potato,Local,FAQ,10/03/2024,500,1800,1200,24
Maharashtra,Pune,Junnar(Otur),Potato,Local,FAQ,13/03/2024,500,1720,1400,24
Maharashtra,Pune,Junnar(Otur),Potato,Local,FAQ,21/03/2024,500,2000,1500,24
Maharashtra,Pune,Junnar(Otur),Potato,Local,FAQ,22/03/2024,500,1600,1200,24
Maharashtra,Pune,Junnar(Otur),Potato,Other,FAQ,25/02/2021,500,1500,1000,24
Maharashtra,Pune,Junnar(Otur),Potato,Other,FAQ,26/04/2021,300,1100,1000,24
Maharashtra,Pune,Junnar(Otur),Potato,Other,FAQ,06/05/2021,300,1700,1500,24
Maharashtra,Pune,Junnar(Otur),Potato,Other,FAQ,09/05/2021,500,1700,1400,24
Maharashtra,Pune,Junnar(Otur),Potato,Other,FAQ,03/06/2021,500,1400,1000,24
Maharashtra,Pune,Junnar(Otur),Potato,Other,FAQ,15/07/2021,500,1300,1000,24
Maharashtra,Pune,Junnar(Otur),Potato,Other,FAQ,11/11/2021,1000,2500,2000,24
Maharashtra,Pune,Junnar(Otur),Potato,Local,FAQ,15/01/2025,500,1600,1050,24
Maharashtra,Pune,Junnar(Otur),Potato,Other,FAQ,10/02/2022,500,1600,1000,24
Maharashtra,Pune,Junnar(Otur),Potato,Other,FAQ,24/03/2022,500,1800,1000,24
Maharashtra,Pune,Junnar(Otur),Potato,Other,FAQ,31/03/2022,500,1800,1000,24
Maharashtra,Pune,Junnar(Otur),Potato,Other,FAQ,07/04/2022,500,1800,1000,24
Maharashtra,Pune,Junnar(Otur),Potato,Other,FAQ,04/07/2022,500,1110,850,24
Maharashtra,Pune,Junnar(Otur),Potato,Other,FAQ,09/10/2022,700,2380,1800,24
Maharashtra,Pune,Junnar(Otur),Potato,Other,FAQ,23/10/2022,700,2260,1800,24
Maharashtra,Pune,Junnar(Otur),Potato,Other,FAQ,23/11/2022,800,2000,1400,24
Maharashtra,Pune,Junnar(Otur),Potato,Other,FAQ,30/11/2022,800,1800,1300,24
Maharashtra,Pune,Junnar(Otur),Potato,Other,FAQ,03/12/2022,500,1900,1200,24
Maharashtra,Pune,Junnar(Otur),Potato,Other,FAQ,10/12/2022,1000,2110,1500,24
Maharashtra,Pune,Junnar(Otur),Potato,Other,FAQ,24/12/2022,500,1720,1100,24
Maharashtra,Pune,Junnar(Otur),Potato,Other,FAQ,31/12/2022,500,1900,1200,24
Maharashtra,Pune,Junnar(Otur),Potato,Local,FAQ,13/09/2024,1000,2250,1800,24
Maharashtra,Pune,Junnar(Otur),Potato,Local,FAQ,21/09/2024,1000,3250,2500,24
Maharashtra,Pune,Junnar(Otur),Potato,Local,FAQ,19/09/2024,1000,2800,1900,24
Maharashtra,Pune,Junnar(Otur),Potato,Local,FAQ,15/09/2024,1000,3010,2200,24
Maharashtra,Pune,Junnar(Otur),Potato,Local,FAQ,02/05/2024,1000,3000,2000,24
Maharashtra,Pune,Junnar(Otur),Potato,Local,FAQ,11/05/2024,500,1300,900,24
Maharashtra,Pune,Junnar(Otur),Potato,Local,Local,04/03/2025,500,1400,950,24
Maharashtra,Pune,Junnar(Otur),Potato,Local,Local,13/03/2025,500,2200,1800,24
Maharashtra,Pune,Junnar(Otur),Potato,Local,Local,23/03/2025,500,1800,1200,24
Maharashtra,Pune,Junnar(Otur),Potato,Local,Local,30/03/2025,500,1700,1300,24
Maharashtra,Pune,Junnar(Otur),Potato,Local,FAQ,13/10/2024,1000,2610,1800,24
Maharashtra,Pune,Junnar(Otur),Potato,Local,FAQ,01/12/2024,1000,2500,1500,24
Maharashtra,Pune,Junnar(Otur),Potato,Local,FAQ,23/12/2024,400,1600,1200,24
Maharashtra,Pune,Junnar(Otur),Potato,Local,FAQ,01/10/2023,500,1510,1200,24
Maharashtra,Pune,Junnar(Otur),Potato,Local,FAQ,08/10/2023,500,1650,1200,24
Maharashtra,Pune,Junnar(Otur),Potato,Local,FAQ,09/10/2023,500,1450,1200,24
Maharashtra,Pune,Junnar(Otur),Potato,Local,FAQ,22/10/2023,500,1400,1100,24
Maharashtra,Pune,Junnar(Otur),Potato,Local,FAQ,02/11/2023,500,2110,1650,24
Maharashtra,Pune,Junnar(Otur),Potato,Local,FAQ,19/11/2023,500,1600,1100,24
Maharashtra,Pune,Junnar(Otur),Potato,Local,FAQ,26/11/2023,500,1600,1200,24
Maharashtra,Pune,Junnar(Otur),Potato,Local,FAQ,22/12/2023,500,1420,1100,24
Maharashtra,Pune,Junnar(Otur),Potato,Local,FAQ,25/12/2023,500,1450,950,24
Maharashtra,Pune,Junnar(Otur),Potato,Local,FAQ,26/12/2023,500,1200,850,24
Maharashtra,Pune,Junnar(Otur),Potato,Other,FAQ,12/01/2023,500,2000,1300,24
Maharashtra,Pune,Junnar(Otur),Potato,Other,FAQ,15/01/2023,500,1500,1000,24
Maharashtra,Pune,Junnar(Otur),Potato,Other,FAQ,22/01/2023,500,1510,1000,24
Maharashtra,Pune,Junnar(Otur),Potato,Other,FAQ,26/01/2023,500,1800,1200,24
Maharashtra,Pune,Junnar(Otur),Potato,Other,FAQ,01/02/2023,500,1000,750,24
Maharashtra,Pune,Junnar(Otur),Potato,Other,FAQ,07/02/2023,500,1210,850,24
Maharashtra,Pune,Junnar(Otur),Potato,Other,FAQ,17/02/2023,400,950,700,24
Maharashtra,Pune,Junnar(Otur),Potato,Other,FAQ,24/02/2023,400,800,650,24
Maharashtra,Pune,Junnar(Otur),Potato,Other,FAQ,17/03/2023,200,800,500,24
Maharashtra,Pune,Junnar(Otur),Potato,Other,FAQ,21/03/2023,400,1300,900,24
Maharashtra,Pune,Junnar(Otur),Potato,Other,FAQ,22/03/2023,500,1300,900,24
Maharashtra,Pune,Junnar(Otur),Potato,Other,FAQ,29/03/2023,500,1300,900,24
Maharashtra,Pune,Junnar(Otur),Potato,Other,FAQ,20/04/2023,500,1000,750,24
Maharashtra,Pune,Junnar(Otur),Potato,Other,FAQ,07/05/2023,400,1100,800,24
Maharashtra,Pune,Junnar(Otur),Potato,Other,FAQ,14/05/2023,400,1110,800,24
Maharashtra,Pune,Junnar(Otur),Potato,Other,FAQ,25/05/2023,300,1500,1000,24
Maharashtra,Pune,Junnar(Otur),Potato,Local,Local,08/02/2025,500,1360,900,24
Maharashtra,Pune,Junnar(Otur),Potato,Local,Local,09/02/2025,500,2000,1400,24
Maharashtra,Pune,Junnar(Otur),Potato,Local,Local,16/02/2025,500,2200,1600,24
Maharashtra,Pune,Junnar(Otur),Potato,Local,Local,23/02/2025,500,1400,950,24
Maharashtra,Pune,Junnar(Otur),Potato,Local,Local,26/02/2025,500,1500,1000,24
Maharashtra,Pune,Junnar(Otur),Potato,Local,Local,05/06/2025,500,1500,1000,24
Maharashtra,Pune,Junnar(Otur),Potato,Local,Local,08/06/2025,500,1500,1200,24
Maharashtra,Pune,Junnar(Otur),Potato,Local,Local,12/06/2025,500,2000,1250,24
Maharashtra,Pune,Junnar(Otur),Potato,Local,Local,27/07/2025,800,1700,1400,24
Maharashtra,Pune,Junnar(Otur),Potato,Local,Local,14/04/2025,500,1600,1300,24
Maharashtra,Pune,Junnar(Otur),Potato,Local,FAQ,17/10/2024,1000,3150,2500,24
Maharashtra,Pune,Junnar(Otur),Potato,Local,FAQ,07/11/2024,1000,3000,2000,24
Maharashtra,Pune,Junnar(Otur),Potato,Local,Local,08/05/2025,500,2200,1800,24
Maharashtra,Pune,Junnar(Otur),Potato,Local,Local,07/09/2025,800,1600,1300,24
Maharashtra,Pune,Junnar(Otur),Potato,Local,Local,18/09/2025,500,1610,1000,24
Maharashtra,Pune,Junnar(Otur),Potato,Local,Local,21/09/2025,500,1400,950,24
Maharashtra,Pune,Junnar(Otur),Potato,Local,Local,25/09/2025,500,1800,1200,24
Maharashtra,Pune,Junnar(Otur),Potato,Local,Local,30/09/2025,500,1650,1200,24
Maharashtra,Pune,Junnar(Otur),Potato,Local,Local,03/11/2025,500,1700,1200,24
Maharashtra,Pune,Junnar(Otur),Potato,Local,Local,13/10/2025,500,1610,1200,24
Maharashtra,Pune,Junnar(Otur),Potato,Local,Local,05/10/2025,500,1700,1300,24
Maharashtra,Pune,Junnar(Otur),Potato,Local,Local,07/10/2025,500,1700,1200,24
Maharashtra,Pune,Junnar(Otur),Potato,Local,Local,15/10/2025,1000,2510,2000,24
Maharashtra,Pune,Junnar(Otur),Potato,Local,Local,30/10/2025,500,2000,1600,24
Maharashtra,Pune,Junnar(Otur),Potato,Local,Local,01/02/2025,500,1000,750,24
Maharashtra,Pune,Junnar(Otur),Potato,Local,Local,04/02/2025,500,1000,750,24
Maharashtra,Pune,Junnar(Otur),Potato,Local,Local,13/02/2025,500,2000,1500,24
Maharashtra,Pune,Junnar(Otur),Potato,Local,Local,15/02/2025,500,1500,1000,24
Maharashtra,Pune,Junnar(Otur),Potato,Local,Local,20/02/2025,500,2000,1500,24
Maharashtra,Pune,Junnar(Otur),Potato,Local,Local,25/02/2025,500,1700,1100,24
Maharashtra,Pune,Junnar(Otur),Potato,Local,Local,27/02/2025,500,2200,1800,24
Maharashtra,Pune,Junnar(Otur),Potato,Local,Local,28/02/2025,500,2110,1500,24
Maharashtra,Pune,Junnar(Otur),Potato,Local,FAQ,26/09/2024,1000,2530,1850,24
Maharashtra,Pune,Junnar(Otur),Potato,Local,FAQ,30/09/2024,1000,2550,1800,24
Maharashtra,Pune,Junnar(Otur),Potato,Local,FAQ,17/12/2024,500,1500,1000,24
Maharashtra,Pune,Junnar(Otur),Potato,Local,FAQ,01/01/2025,500,1500,1000,24
Maharashtra,Pune,Junnar(Otur),Potato,Local,FAQ,10/01/2025,500,1500,1200,24
Maharashtra,Pune,Junnar(Otur),Potato,Local,FAQ,19/01/2025,500,1800,1300,24
Maharashtra,Pune,Junnar(Otur),Potato,Local,FAQ,23/01/2025,500,1800,1400,24
Maharashtra,Pune,Junnar(Otur),Potato,Local,Local,31/01/2025,500,1300,1000,24
Maharashtra,Pune,Junnar(Otur),Potato,Local,FAQ,02/10/2024,1000,2300,1650,24
Maharashtra,Pune,Junnar(Otur),Potato,Local,FAQ,01/10/2024,1000,2360,1650,24
Maharashtra,Pune,Junnar(Otur),Potato,Local,FAQ,14/10/2024,1000,2520,1750,24
Maharashtra,Pune,Junnar(Otur),Potato,Local,FAQ,04/08/2024,1000,2110,1700,24
Maharashtra,Pune,Junnar(Otur),Potato,Local,FAQ,27/09/2024,1000,2110,1600,24
Maharashtra,Pune,Junnar(Otur),Potato,Local,FAQ,16/05/2024,1000,2500,2000,24
Maharashtra,Pune,Junnar(Otur),Potato,Local,FAQ,09/06/2024,1000,2000,1600,24
Maharashtra,Pune,Junnar(Otur),Potato,Local,FAQ,04/01/2024,500,1800,1200,24
Maharashtra,Pune,Junnar(Otur),Potato,Local,FAQ,12/01/2024,500,1550,1200,24
Maharashtra,Pune,Junnar(Otur),Potato,Local,FAQ,19/01/2024,500,1300,900,24
Maharashtra,Pune,Junnar(Otur),Potato,Local,FAQ,24/01/2024,500,1400,950,24
Maharashtra,Pune,Junnar(Otur),Potato,Local,FAQ,31/01/2024,500,1700,1100,24
Maharashtra,Pune,Junnar(Otur),Potato,Local,FAQ,11/02/2024,500,1400,1100,24
Maharashtra,Pune,Junnar(Otur),Potato,Local,FAQ,14/02/2024,500,1510,1200,24
Maharashtra,Pune,Junnar(Otur),Potato,Local,FAQ,18/02/2024,500,1950,1400,24
Maharashtra,Pune,Junnar(Otur),Potato,Local,FAQ,19/02/2024,500,1250,900,24
Maharashtra,Pune,Junnar(Otur),Potato,Local,FAQ,20/02/2024,500,1000,800,24
Maharashtra,Pune,Junnar(Otur),Potato,Local,FAQ,27/02/2024,1000,1500,1200,24
Maharashtra,Pune,Junnar(Otur),Potato,Local,FAQ,03/03/2024,500,1650,1200,24
Maharashtra,Pune,Junnar(Otur),Potato,Local,FAQ,11/03/2024,500,1770,1000,24
Maharashtra,Pune,Junnar(Otur),Potato,Local,FAQ,19/03/2024,3000,8100,6000,24
Maharashtra,Pune,Junnar(Otur),Potato,Local,FAQ,02/04/2024,700,1870,1200,24
Maharashtra,Pune,Junnar(Otur),Potato,Local,FAQ,07/04/2024,1000,2500,1500,24
Maharashtra,Pune,Junnar(Otur),Potato,Other,FAQ,08/04/2021,300,1510,1200,24
Maharashtra,Pune,Junnar(Otur),Potato,Other,FAQ,14/11/2021,1000,1800,1400,24
Maharashtra,Pune,Junnar(Otur),Potato,Other,FAQ,18/11/2021,400,2150,1500,24
Maharashtra,Pune,Junnar(Otur),Potato,Other,FAQ,28/11/2021,500,1600,1200,24
Maharashtra,Pune,Junnar(Otur),Potato,Other,FAQ,06/01/2022,500,1300,1000,24
Maharashtra,Pune,Junnar(Otur),Potato,Other,FAQ,20/01/2022,500,1500,1000,24
Maharashtra,Pune,Junnar(Otur),Potato,Other,FAQ,17/02/2022,600,1750,1000,24
Maharashtra,Pune,Junnar(Otur),Potato,Other,FAQ,27/06/2022,500,1000,750,24
Maharashtra,Pune,Junnar(Otur),Potato,Other,FAQ,24/09/2022,700,2001,1350,24
Maharashtra,Pune,Junnar(Otur),Potato,Other,FAQ,06/10/2022,800,2270,1600,24
Maharashtra,Pune,Junnar(Otur),Potato,Other,FAQ,13/11/2022,700,1710,1200,24
Maharashtra,Pune,Junnar(Otur),Potato,Other,FAQ,24/11/2022,500,1600,1200,24
Maharashtra,Pune,Junnar(Otur),Potato,Other,FAQ,11/12/2022,1000,2240,1800,24
Maharashtra,Pune,Junnar(Otur),Potato,Local,FAQ,31/05/2023,300,810,550,24
Maharashtra,Pune,Junnar(Otur),Potato,Local,FAQ,01/06/2023,500,1510,1000,24
Maharashtra,Pune,Junnar(Otur),Potato,Local,FAQ,15/06/2023,500,1600,1050,24
Maharashtra,Pune,Junnar(Otur),Potato,Local,FAQ,13/10/2023,500,1510,1100,24
Maharashtra,Pune,Junnar(Otur),Potato,Local,FAQ,21/12/2023,500,1900,1200,24
Maharashtra,Pune,Junnar(Otur),Potato,Local,FAQ,24/12/2023,500,2000,1400,24
Maharashtra,Pune,Junnar(Otur),Potato,Other,FAQ,07/01/2023,500,1710,1100,24
Maharashtra,Pune,Junnar(Otur),Potato,Other,FAQ,24/01/2023,500,1510,1000,24
Maharashtra,Pune,Junnar(Otur),Potato,Other,FAQ,02/02/2023,500,1500,1000,24
Maharashtra,Pune,Junnar(Otur),Potato,Other,FAQ,04/02/2023,200,750,450,24
Maharashtra,Pune,Junnar(Otur),Potato,Other,FAQ,20/02/2023,400,1000,800,24
Maharashtra,Pune,Junnar(Otur),Potato,Other,FAQ,11/03/2023,400,1300,850,24
Maharashtra,Pune,Junnar(Otur),Potato,Other,FAQ,23/03/2023,500,1500,1000,24
Maharashtra,Pune,Junnar(Otur),Potato,Other,FAQ,30/03/2023,500,1400,950,24
Maharashtra,Pune,Junnar(Otur),Potato,Other,FAQ,01/04/2023,500,1210,900,24
Maharashtra,Pune,Junnar(Otur),Potato,Other,FAQ,06/04/2023,400,1400,1000,24
Maharashtra,Pune,Junnar(Otur),Potato,Other,FAQ,23/04/2023,500,1300,900,24
Maharashtra,Pune,Junnar(Otur),Potato,Other,FAQ,20/05/2023,300,700,500,24
Maharashtra,Pune,Junnar(Otur),Potato,Local,Local,08/03/2025,500,1400,950,24
Maharashtra,Pune,Junnar(Otur),Potato,Local,Local,16/03/2025,500,2000,1500,24
Maharashtra,Pune,Junnar(Otur),Potato,Local,Local,18/03/2025,300,800,650,24
Maharashtra,Pune,Junnar(Otur),Potato,Local,Local,20/03/2025,500,2200,1600,24
Maharashtra,Pune,Junnar(Otur),Potato,Local,Local,24/03/2025,500,1000,800,24
Maharashtra,Pune,Junnar(Otur),Potato,Local,Local,01/05/2025,500,1920,1300,24
Maharashtra,Pune,Junnar(Otur),Potato,Local,Local,18/05/2025,500,1500,1200,24
Maharashtra,Pune,Junnar(Otur),Potato,Local,Local,19/06/2025,500,1600,1100,24
Maharashtra,Pune,Junnar(Otur),Potato,Local,Local,28/08/2025,500,1700,1200,24
Maharashtra,Pune,Junnar(Otur),Potato,Local,Local,04/09/2025,500,1300,950,24
Maharashtra,Pune,Junnar(Otur),Potato,Local,Local,17/09/2025,500,1550,1200,24
Maharashtra,Pune,Junnar(Otur),Potato,Local,Local,19/09/2025,500,1400,850,24
Maharashtra,Pune,Junnar(Otur),Potato,Local,Local,20/09/2025,500,1400,1200,24
Maharashtra,Pune,Junnar(Otur),Potato,Local,Local,23/09/2025,500,2020,1400,24
Maharashtra,Pune,Junnar(Otur),Potato,Local,Local,02/10/2025,500,1700,1500,24
Maharashtra,Pune,Junnar(Otur),Potato,Local,Local,04/10/2025,500,1720,1200,24
Maharashtra,Pune,Junnar(Otur),Potato,Local,Local,14/10/2025,500,1600,1200,24
Maharashtra,Pune,Junnar(Otur),Potato,Local,Local,20/10/2025,500,1550,1200,24
Maharashtra,Pune,Junnar(Otur),Potato,Other,FAQ,03/02/2022,300,1500,1000,24
Maharashtra,Pune,Junnar(Otur),Potato,Other,FAQ,25/08/2022,1200,1700,1450,24
Maharashtra,Pune,Junnar(Otur),Potato,Other,FAQ,13/10/2022,700,2260,1800,24
Maharashtra,Pune,Junnar(Otur),Potato,Other,FAQ,03/11/2022,1000,2510,1700,24
Maharashtra,Pune,Junnar(Otur),Potato,Other,FAQ,17/11/2022,800,2400,1600,24
Maharashtra,Pune,Junnar(Otur),Potato,Other,FAQ,20/11/2022,1000,2000,1600,24
Maharashtra,Pune,Junnar(Otur),Potato,Other,FAQ,06/06/2021,500,1600,1200,24
Maharashtra,Pune,Junnar(Otur),Potato,Other,FAQ,21/11/2021,1000,1800,1400,24
Maharashtra,Pune,Junnar(Otur),Potato,Other,FAQ,16/12/2021,500,1600,1000,24
Maharashtra,Pune,Junnar(Otur),Potato,Local,FAQ,07/06/2023,300,1550,900,24
Maharashtra,Pune,Junnar(Otur),Potato,Local,FAQ,22/06/2023,500,1500,1000,24
Maharashtra,Pune,Junnar(Otur),Potato,Local,FAQ,15/10/2023,500,1810,1300,24
Maharashtra,Pune,Junnar(Otur),Potato,Local,FAQ,20/10/2023,500,1610,1200,24
Maharashtra,Pune,Junnar(Otur),Potato,Local,FAQ,27/10/2023,500,1600,1200,24
Maharashtra,Pune,Junnar(Otur),Potato,Local,FAQ,28/11/2023,500,1600,1100,24
Maharashtra,Pune,Junnar(Otur),Potato,Local,FAQ,05/12/2023,500,1450,900,24
Maharashtra,Pune,Junnar(Otur),Potato,Local,FAQ,06/12/2023,500,1450,950,24
Maharashtra,Pune,Junnar(Otur),Potato,Local,FAQ,10/12/2023,500,1600,1200,24
Maharashtra,Pune,Junnar(Otur),Potato,Local,FAQ,23/12/2023,500,1650,1100,24
Maharashtra,Pune,Junnar(Otur),Potato,Local,FAQ,31/12/2023,500,1600,1000,24
Maharashtra,Pune,Junnar(Otur),Potato,Other,FAQ,02/01/2023,500,1800,1200,24
Maharashtra,Pune,Junnar(Otur),Potato,Other,FAQ,14/01/2023,500,1800,1200,24
Maharashtra,Pune,Junnar(Otur),Potato,Other,FAQ,27/01/2023,500,1210,900,24
Maharashtra,Pune,Junnar(Otur),Potato,Other,FAQ,28/01/2023,500,1000,750,24
Maharashtra,Pune,Junnar(Otur),Potato,Other,FAQ,29/01/2023,500,1500,1000,24
Maharashtra,Pune,Junnar(Otur),Potato,Other,FAQ,03/02/2023,400,900,700,24
Maharashtra,Pune,Junnar(Otur),Potato,Other,FAQ,16/02/2023,500,1700,1100,24
Maharashtra,Pune,Junnar(Otur),Potato,Other,FAQ,02/03/2023,400,1600,1000,24
Maharashtra,Pune,Junnar(Otur),Potato,Other,FAQ,04/03/2023,200,400,300,24
Maharashtra,Pune,Junnar(Otur),Potato,Other,FAQ,08/03/2023,400,900,650,24
Maharashtra,Pune,Junnar(Otur),Potato,Other,FAQ,24/03/2023,200,900,650,24
Maharashtra,Pune,Junnar(Otur),Potato,Other,FAQ,08/04/2023,500,1000,750,24
Maharashtra,Pune,Junnar(Otur),Potato,Other,FAQ,15/04/2023,500,1020,750,24
Maharashtra,Pune,Junnar(Otur),Potato,Local,FAQ,11/10/2024,1000,2510,2000,24
Maharashtra,Pune,Junnar(Otur),Potato,Local,FAQ,06/10/2024,1000,2660,2000,24
Maharashtra,Pune,Junnar(Otur),Potato,Local,FAQ,10/10/2024,1000,2600,2000,24
Maharashtra,Pune,Junnar(Otur),Potato,Local,FAQ,14/05/2024,500,1000,750,24
Maharashtra,Pune,Junnar(Otur),Potato,Local,FAQ,25/05/2024,500,1300,900,24
Maharashtra,Pune,Junnar(Otur),Potato,Local,FAQ,21/07/2024,1000,2110,1500,24
Maharashtra,Pune,Junnar(Otur),Potato,Local,FAQ,02/01/2025,500,1800,1200,24
Maharashtra,Pune,Junnar(Otur),Potato,Local,FAQ,09/01/2025,500,1800,1200,24
Maharashtra,Pune,Junnar(Otur),Potato,Local,FAQ,12/01/2025,500,1600,1200,24
Maharashtra,Pune,Junnar(Otur),Potato,Local,FAQ,16/01/2025,500,2200,1800,24
Maharashtra,Pune,Junnar(Otur),Potato,Local,FAQ,18/01/2025,500,1510,1000,24
Maharashtra,Pune,Junnar(Otur),Potato,Local,Local,27/01/2025,500,1350,1100,24
Maharashtra,Pune,Junnar(Otur),Potato,Local,FAQ,04/12/2024,1000,2000,1500,24
Maharashtra,Pune,Junnar(Otur),Potato,Local,FAQ,12/12/2024,500,2000,1500,24
Maharashtra,Pune,Junnar(Otur),Potato,Local,FAQ,15/12/2024,500,2200,2000,24
Maharashtra,Pune,Junnar(Otur),Potato,Local,FAQ,18/12/2024,500,2010,1250,24
Maharashtra,Pune,Junnar(Otur),Potato,Local,FAQ,09/05/2024,1000,2300,1800,24
Maharashtra,Pune,Junnar(Otur),Potato,Local,Local,03/04/2025,500,1700,1400,24
Maharashtra,Pune,Junnar(Otur),Potato,Local,Local,18/02/2025,500,1000,750,24
Maharashtra,Pune,Junnar(Otur),Potato,Local,Local,19/02/2025,500,1000,750,24
Maharashtra,Pune,Junnar(Otur),Potato,Local,FAQ,23/09/2024,1250,3050,2200,24
Maharashtra,Pune,Junnar(Otur),Potato,Local,FAQ,24/09/2024,1000,2400,1700,24
Maharashtra,Pune,Junnar(Otur),Potato,Local,FAQ,20/09/2024,1000,2600,1800,24
Maharashtra,Pune,Junnar(Otur),Potato,Local,FAQ,29/09/2024,1000,2200,1600,24
Maharashtra,Pune,Junnar(Otur),Potato,Local,FAQ,02/02/2024,500,1050,800,24
Maharashtra,Pune,Junnar(Otur),Potato,Local,FAQ,08/02/2024,500,1400,1000,24
Maharashtra,Pune,Junnar(Otur),Potato,Local,FAQ,12/02/2024,1000,1860,1200,24
Maharashtra,Pune,Junnar(Otur),Potato,Local,FAQ,15/02/2024,500,1600,1000,24
Maharashtra,Pune,Junnar(Otur),Potato,Local,FAQ,21/02/2024,500,1210,900,24
Maharashtra,Pune,Junnar(Otur),Potato,Local,FAQ,29/02/2024,500,1700,1400,24
Maharashtra,Pune,Junnar(Otur),Potato,Local,FAQ,01/03/2024,500,1300,1000,24
Maharashtra,Pune,Junnar(Otur),Potato,Local,FAQ,14/03/2024,500,2000,1500,24
Maharashtra,Pune,Junnar(Otur),Potato,Local,FAQ,18/03/2024,500,1260,1000,24
Maharashtra,Pune,Junnar(Otur),Potato,Local,FAQ,31/03/2024,700,1800,1200,24
Maharashtra,Pune,Junnar(Otur),Potato,Local,FAQ,22/04/2024,500,1510,1200,24
Maharashtra,Pune,Junnar(Otur),Potato,Local,FAQ,25/04/2024,1000,3000,2200,24
Maharashtra,Pune,Junnar(Otur),Potato,Local,Local,22/03/2025,500,1510,1000,24
Maharashtra,Pune,Junnar(Otur),Potato,Local,Local,03/07/2025,500,1800,1500,24
Maharashtra,Pune,Junnar(Otur),Potato,Local,Local,14/09/2025,500,1400,1100,24
Maharashtra,Pune,Junnar(Otur),Potato,Local,Local,24/09/2025,500,1650,1200,24
Maharashtra,Pune,Junnar(Otur),Potato,Local,Local,12/10/2025,500,1550,1025,24
Maharashtra,Pune,Junnar(Otur),Potato,Other,FAQ,18/04/2021,300,1200,1000,24
Maharashtra,Pune,Junnar(Otur),Potato,Other,FAQ,22/04/2021,300,1600,1200,24
Maharashtra,Pune,Junnar(Otur),Potato,Other,FAQ,13/05/2021,500,1700,1500,24
Maharashtra,Pune,Junnar(Otur),Potato,Other,FAQ,20/06/2021,500,1400,1000,24
Maharashtra,Pune,Junnar(Otur),Potato,Other,FAQ,25/11/2021,500,1700,1000,24
Maharashtra,Pune,Junnar(Otur),Potato,Other,FAQ,02/12/2021,500,1610,1000,24
Maharashtra,Pune,Junnar(Otur),Potato,Local,FAQ,19/12/2024,500,2000,1200,24
Maharashtra,Pune,Junnar(Otur),Potato,Local,FAQ,19/05/2024,500,2100,1500,24
Maharashtra,Pune,Junnar(Otur),Potato,Local,FAQ,13/01/2024,500,1400,1000,24
Maharashtra,Pune,Junnar(Otur),Potato,Local,FAQ,15/01/2024,500,1520,1400,24
Maharashtra,Pune,Junnar(Otur),Potato,Local,FAQ,20/01/2024,500,1000,800,24
Maharashtra,Pune,Junnar(Otur),Potato,Local,FAQ,21/01/2024,500,1300,1000,24
Maharashtra,Pune,Junnar(Otur),Potato,Local,FAQ,25/01/2024,700,1300,1000,24
Maharashtra,Pune,Junnar(Otur),Potato,Local,FAQ,28/01/2024,300,1200,1000,24
Maharashtra,Pune,Junnar(Otur),Potato,Local,FAQ,23/02/2024,500,1500,1100,24
Maharashtra,Pune,Junnar(Otur),Potato,Local,FAQ,28/02/2024,500,1810,1400,24
Maharashtra,Pune,Junnar(Otur),Potato,Local,FAQ,05/03/2024,500,1850,1200,24
Maharashtra,Pune,Junnar(Otur),Potato,Local,FAQ,28/04/2024,1000,3000,2300,24
Maharashtra,Pune,Junnar(Otur),Potato,Local,FAQ,24/10/2024,1000,2610,1900,24
Maharashtra,Pune,Junnar(Otur),Potato,Local,FAQ,14/11/2024,1300,3300,2800,24
Maharashtra,Pune,Junnar(Otur),Potato,Local,FAQ,17/11/2024,500,2600,2000,24
Maharashtra,Pune,Junnar(Otur),Potato,Local,FAQ,21/11/2024,1000,3000,2000,24
Maharashtra,Pune,Junnar(Otur),Potato,Local,FAQ,03/06/2023,300,1000,650,24
Maharashtra,Pune,Junnar(Otur),Potato,Local,FAQ,11/10/2023,500,1100,900,24
Maharashtra,Pune,Junnar(Otur),Potato,Local,FAQ,12/10/2023,500,1650,1100,24
Maharashtra,Pune,Junnar(Otur),Potato,Local,FAQ,16/10/2023,500,1850,1200,24
Maharashtra,Pune,Junnar(Otur),Potato,Local,FAQ,19/10/2023,500,2170,1300,24
Maharashtra,Pune,Junnar(Otur),Potato,Local,FAQ,14/11/2023,500,1250,850,24
Maharashtra,Pune,Junnar(Otur),Potato,Local,FAQ,30/11/2023,500,1600,1100,24
Maharashtra,Pune,Junnar(Otur),Potato,Local,FAQ,11/12/2023,500,1200,850,24
Maharashtra,Pune,Junnar(Otur),Potato,Local,FAQ,28/12/2023,500,2000,1250,24
Maharashtra,Pune,Junnar(Otur),Potato,Other,FAQ,04/01/2023,500,1900,1200,24
Maharashtra,Pune,Junnar(Otur),Potato,Other,FAQ,11/01/2023,500,1810,1200,24
Maharashtra,Pune,Junnar(Otur),Potato,Other,FAQ,23/01/2023,500,1010,750,24
Maharashtra,Pune,Junnar(Otur),Potato,Other,FAQ,25/01/2023,500,1400,950,24
Maharashtra,Pune,Junnar(Otur),Potato,Other,FAQ,30/01/2023,500,1000,750,24
Maharashtra,Pune,Junnar(Otur),Potato,Other,FAQ,09/02/2023,300,1500,900,24
Maharashtra,Pune,Junnar(Otur),Potato,Other,FAQ,11/02/2023,500,1200,850,24
Maharashtra,Pune,Junnar(Otur),Potato,Other,FAQ,13/02/2023,500,1110,800,24
Maharashtra,Pune,Junnar(Otur),Potato,Other,FAQ,15/02/2023,500,1380,900,24
Maharashtra,Pune,Junnar(Otur),Potato,Other,FAQ,26/02/2023,500,1800,1300,24
Maharashtra,Pune,Junnar(Otur),Potato,Other,FAQ,03/03/2023,400,1200,800,24
Maharashtra,Pune,Junnar(Otur),Potato,Other,FAQ,10/03/2023,400,900,650,24
Maharashtra,Pune,Junnar(Otur),Potato,Other,FAQ,16/03/2023,500,1500,1000,24
Maharashtra,Pune,Junnar(Otur),Potato,Other,FAQ,18/03/2023,300,1010,700,24
Maharashtra,Pune,Junnar(Otur),Potato,Other,FAQ,19/03/2023,400,1250,900,24
Maharashtra,Pune,Junnar(Otur),Potato,Other,FAQ,20/03/2023,300,820,650,24
Maharashtra,Pune,Junnar(Otur),Potato,Other,FAQ,02/04/2023,500,1400,1000,24
Maharashtra,Pune,Junnar(Otur),Potato,Other,FAQ,03/04/2023,300,800,550,24
Maharashtra,Pune,Junnar(Otur),Potato,Other,FAQ,09/04/2023,500,1400,1000,24
Maharashtra,Pune,Junnar(Otur),Potato,Other,FAQ,13/04/2023,500,1300,900,24
Maharashtra,Pune,Junnar(Otur),Potato,Other,FAQ,04/05/2023,500,1250,850,24
Maharashtra,Pune,Junnar(Otur),Potato,Other,FAQ,11/05/2023,500,1500,1200,24
Maharashtra,Pune,Junnar(Otur),Potato,Other,FAQ,18/05/2023,500,1400,1000,24
Maharashtra,Pune,Junnar(Otur),Potato,Other,FAQ,21/05/2023,400,1500,1100,24
Maharashtra,Pune,Junnar(Otur),Potato,Local,FAQ,18/10/2024,700,1750,1400,24
Maharashtra,Pune,Junnar(Otur),Potato,Local,FAQ,04/10/2024,1000,2670,2000,24
Maharashtra,Pune,Junnar(Otur),Potato,Local,FAQ,28/09/2024,1000,2000,1500,24
Maharashtra,Pune,Junnar(Otur),Potato,Local,Local,06/02/2025,500,2000,1500,24
Maharashtra,Pune,Junnar(Otur),Potato,Local,Local,17/02/2025,500,1500,1100,24
Maharashtra,Pune,Junnar(Otur),Potato,Local,Local,24/02/2025,500,1610,1200,24
Maharashtra,Pune,Junnar(Otur),Potato,Local,FAQ,13/01/2025,500,1210,1000,24
Maharashtra,Pune,Junnar(Otur),Potato,Local,FAQ,22/01/2025,500,1400,1200,24
Maharashtra,Pune,Junnar(Otur),Potato,Local,Local,29/01/2025,500,1300,900,24
Maharashtra,Pune,Junnar(Otur),Potato,Local,Local,30/01/2025,500,1600,1200,24
Maharashtra,Pune,Junnar(Otur),Potato,Local,Local,06/04/2025,500,2000,1500,24
Maharashtra,Pune,Junnar(Otur),Potato,Local,Local,15/04/2025,500,1670,1200,24
Maharashtra,Pune,Junnar(Otur),Potato,Local,Local,17/04/2025,500,2200,1800,24
Maharashtra,Pune,Junnar(Otur),Potato,Local,Local,15/05/2025,500,1200,1000,24
Maharashtra,Pune,Junnar(Otur),Potato,Local,Local,29/05/2025,500,2000,1500,24
Maharashtra,Pune,Junnar(Otur),Potato,Local,Local,21/03/2025,500,1600,1200,24
Maharashtra,Pune,Junnar(Otur),Potato,Local,Local,07/03/2025,500,1050,750,24
Maharashtra,Pune,Junnar(Otur),Potato,Local,Local,09/03/2025,500,2250,1700,24
Maharashtra,Pune,Junnar(Otur),Potato,Other,FAQ,30/01/2022,300,1000,850,24
Maharashtra,Pune,Junnar(Otur),Potato,Other,FAQ,16/10/2022,700,2400,1800,24
Maharashtra,Pune,Junnar(Otur),Potato,Other,FAQ,30/10/2022,400,1900,1200,24
Maharashtra,Pune,Junnar(Otur),Potato,Other,FAQ,06/11/2022,500,2100,1700,24
Maharashtra,Pune,Junnar(Otur),Potato,Local,Local,17/07/2025,500,1800,1200,24
Maharashtra,Pune,Junnar(Otur),Potato,Local,Local,08/09/2025,700,1600,1300,24
Maharashtra,Pune,Junnar(Otur),Potato,Local,Local,15/09/2025,300,1300,1000,24
Maharashtra,Pune,Junnar(Otur),Potato,Local,Local,22/09/2025,500,1400,1100,24
Maharashtra,Pune,Junnar(Otur),Potato,Local,Local,27/09/2025,500,1530,1200,24
Maharashtra,Pune,Junnar(Otur),Potato,Local,Local,06/10/2025,500,1750,1300,24
Maharashtra,Pune,Junnar(Otur),Potato,Local,Local,16/10/2025,500,1700,1400,24
Maharashtra,Pune,Junnar(Otur),Potato,Local,Local,18/10/2025,500,1600,1200,24
Maharashtra,Pune,Junnar(Otur),Potato,Other,FAQ,16/05/2021,500,1500,1200,24
Maharashtra,Pune,Junnar(Otur),Potato,Other,FAQ,20/05/2021,100,400,300,24
Maharashtra,Pune,Junnar(Otur),Potato,Other,FAQ,10/03/2022,400,1700,1000,24
Maharashtra,Pune,Junnar(Otur),Potato,Other,FAQ,22/07/2022,500,1210,800,24
Maharashtra,Pune,Junnar(Otur),Potato,Other,FAQ,18/08/2022,800,2000,1500,24
Maharashtra,Pune,Junnar(Otur),Potato,Other,FAQ,25/09/2022,700,2250,1500,24
Maharashtra,Pune,Junnar(Otur),Potato,Other,FAQ,29/09/2022,700,2150,1400,24
Maharashtra,Pune,Junnar(Otur),Potato,Other,FAQ,02/10/2022,500,2010,1500,24
Maharashtra,Pune,Junnar(Otur),Potato,Other,FAQ,20/10/2022,700,2360,1500,24
Maharashtra,Pune,Junnar(Otur),Potato,Other,FAQ,31/10/2022,700,2410,1600,24
Maharashtra,Pune,Junnar(Otur),Potato,Other,FAQ,04/11/2022,700,1900,1500,24
Maharashtra,Pune,Junnar(Otur),Potato,Other,FAQ,10/11/2022,700,2350,1500,24
Maharashtra,Pune,Junnar(Otur),Potato,Other,FAQ,19/11/2022,800,2250,1500,24
Maharashtra,Pune,Junnar(Otur),Potato,Other,FAQ,27/11/2022,600,1800,1400,24
Maharashtra,Pune,Junnar(Otur),Potato,Other,FAQ,25/12/2022,1000,2400,1700,24
Maharashtra,Pune,Junnar(Otur),Potato,Local,FAQ,12/05/2024,1000,2150,1500,24
Maharashtra,Pune,Junnar(Otur),Potato,Local,FAQ,17/05/2024,500,1500,1000,24
Maharashtra,Pune,Junnar(Otur),Potato,Local,FAQ,06/01/2024,500,1610,1200,24
Maharashtra,Pune,Junnar(Otur),Potato,Local,FAQ,11/01/2024,500,1500,1000,24
Maharashtra,Pune,Junnar(Otur),Potato,Local,FAQ,14/01/2024,500,1500,1200,24
Maharashtra,Pune,Junnar(Otur),Potato,Local,FAQ,17/01/2024,500,1320,900,24
Maharashtra,Pune,Junnar(Otur),Potato,Local,FAQ,07/02/2024,500,1350,1000,24
Maharashtra,Pune,Junnar(Otur),Potato,Local,FAQ,25/02/2024,500,1500,1150,24
Maharashtra,Pune,Junnar(Otur),Potato,Local,FAQ,06/03/2024,500,1610,1200,24
Maharashtra,Pune,Junnar(Otur),Potato,Local,FAQ,07/03/2024,500,1800,1200,24
Maharashtra,Pune,Junnar(Otur),Potato,Local,FAQ,17/03/2024,500,2000,1500,24
Maharashtra,Pune,Junnar(Otur),Potato,Local,FAQ,24/03/2024,500,2000,1400,24
Maharashtra,Pune,Junnar(Otur),Potato,Local,FAQ,28/03/2024,1000,2110,1500,24
Maharashtra,Pune,Junnar(Otur),Potato,Local,FAQ,04/04/2024,1000,2000,1500,24
Maharashtra,Pune,Junnar(Otur),Potato,Local,FAQ,14/09/2024,1000,2510,1750,24
Maharashtra,Pune,Junnar(Otur),Potato,Local,FAQ,21/01/2025,500,1800,1200,24
Maharashtra,Pune,Junnar(Otur),Potato,Local,Local,02/02/2025,500,1800,1200,24
Maharashtra,Pune,Junnar(Otur),Potato,Local,Local,05/02/2025,500,1110,800,24
Maharashtra,Pune,Junnar(Otur),Potato,Local,FAQ,29/10/2024,1000,3110,2000,24
Maharashtra,Pune,Junnar(Otur),Potato,Local,Local,02/03/2025,500,2000,1500,24
Maharashtra,Pune,Junnar(Otur),Potato,Local,Local,03/03/2025,500,2010,1500,24
Maharashtra,Pune,Junnar(Otur),Potato,Local,Local,27/03/2025,500,2000,1500,24
Maharashtra,Pune,Junnar(Otur),Potato,Local,Local,31/07/2025,500,1600,1200,24
Maharashtra,Pune,Junnar(Otur),Potato,Local,Local,22/05/2025,500,2000,1600,24
Maharashtra,Pune,Junnar(Otur),Potato,Local,Local,10/04/2025,500,1650,1050,24
Maharashtra,Pune,Junnar(Otur),Potato,Local,Local,13/04/2025,500,1600,1200,24
Maharashtra,Pune,Junnar(Otur),Potato,Local,FAQ,05/12/2024,1000,2700,2000,24
Maharashtra,Pune,Junnar(Otur),Potato,Local,FAQ,08/12/2024,1000,2550,2000,24
Maharashtra,Pune,Junnar(Otur),Potato,Local,FAQ,23/10/2023,500,1400,1100,24
Maharashtra,Pune,Junnar(Otur),Potato,Local,FAQ,23/11/2023,500,1800,1200,24
Maharashtra,Pune,Junnar(Otur),Potato,Local,FAQ,24/11/2023,500,1250,800,24
Maharashtra,Pune,Junnar(Otur),Potato,Local,FAQ,07/12/2023,500,1550,1000,24
Maharashtra,Pune,Junnar(Otur),Potato,Local,FAQ,14/12/2023,500,1500,1000,24
Maharashtra,Pune,Junnar(Otur),Potato,Local,FAQ,27/12/2023,500,1500,1100,24
Maharashtra,Pune,Junnar(Otur),Potato,Other,FAQ,08/01/2023,500,1810,1200,24
Maharashtra,Pune,Junnar(Otur),Potato,Other,FAQ,12/02/2023,500,1600,1200,24
Maharashtra,Pune,Junnar(Otur),Potato,Other,FAQ,19/02/2023,500,1500,1100,24
Maharashtra,Pune,Junnar(Otur),Potato,Other,FAQ,23/02/2023,400,1700,1050,24
Maharashtra,Pune,Junnar(Otur),Potato,Other,FAQ,25/02/2023,400,910,650,24
Maharashtra,Pune,Junnar(Otur),Potato,Other,FAQ,07/03/2023,400,910,650,24
Maharashtra,Pune,Junnar(Otur),Potato,Other,FAQ,09/03/2023,500,1500,1000,24
Maharashtra,Pune,Junnar(Otur),Potato,Other,FAQ,16/04/2023,500,1110,900,24
Maharashtra,Pune,Junnar(Otur),Potato,Other,FAQ,02/05/2023,500,1300,900,24
Maharashtra,Pune,Junnar(Otur),Potato,Other,FAQ,28/05/2023,400,1600,1200,24
Maharashtra,Pune,Junnar(Otur),Potato,Local,FAQ,22/09/2024,1250,3150,2500,24
Maharashtra,Pune,Junnar(Otur),Potato,Local,Local,11/09/2025,500,1452,1000,24
Maharashtra,Pune,Junnar(Otur),Potato,Local,Local,13/09/2025,500,1700,1300,24
Maharashtra,Pune,Junnar(Otur),Potato,Local,Local,29/09/2025,500,1600,1200,24
Maharashtra,Pune,Junnar(Otur) APMC,Potato,Local,Local,29/12/2025,500,1000,800,24
Maharashtra,Pune,Junnar(Otur) APMC,Potato,Local,Local,08/12/2025,500,1110,900,24
Maharashtra,Pune,Junnar(Otur) APMC,Potato,Local,Local,11/12/2025,600,1800,1500,24
Maharashtra,Pune,Junnar(Otur) APMC,Potato,Local,Local,28/12/2025,500,1400,1100,24
Maharashtra,Pune,Junnar(Otur) APMC,Potato,Local,Local,03/11/2025,500,1700,1200,24
Maharashtra,Pune,Junnar(Otur) APMC,Potato,Local,Local,15/02/2026,500,1400,950,24
Maharashtra,Pune,Junnar(Otur) APMC,Potato,Local,Local,05/02/2026,300,1500,1000,24
Maharashtra,Pune,Junnar(Otur) APMC,Potato,Local,Local,05/01/2026,500,1200,900,24
Maharashtra,Pune,Junnar(Otur) APMC,Potato,Local,Local,11/01/2026,500,1300,900,24
Maharashtra,Pune,Junnar(Otur) APMC,Potato,Local,Local,20/11/2025,500,2000,1500,24
Maharashtra,Pune,Junnar(Otur) APMC,Potato,Local,Local,27/11/2025,800,2220,1800,24
Maharashtra,Pune,Junnar(Otur) APMC,Potato,Local,Local,04/12/2025,500,1650,1100,24
Maharashtra,Pune,Junnar(Otur) APMC,Potato,Local,Local,22/01/2026,300,1200,850,24
Maharashtra,Pune,Junnar(Otur) APMC,Potato,Local,Local,25/01/2026,300,1300,1000,24
Maharashtra,Pune,Junnar(Otur) APMC,Potato,Local,Local,11/02/2026,500,1300,900,24
Maharashtra,Pune,Junnar(Otur) APMC,Potato,Local,Local,01/01/2026,500,1800,1500,24
Maharashtra,Pune,Junnar(Otur) APMC,Potato,Local,Local,17/01/2026,400,900,700,24
Maharashtra,Pune,Junnar(Otur) APMC,Potato,Local,Local,27/01/2026,300,700,550,24
Maharashtra,Pune,Junnar(Otur) APMC,Potato,Local,Local,30/01/2026,500,1200,800,24
Maharashtra,Pune,Junnar(Otur) APMC,Potato,Local,Local,08/02/2026,300,1300,800,24
Maharashtra,Pune,Junnar(Otur) APMC,Potato,Local,Local,19/02/2026,500,1500,1200,24
Maharashtra,Pune,Junnar(Otur) APMC,Potato,Local,Local,13/11/2025,1000,2380,2200,24
Maharashtra,Pune,Junnar(Otur) APMC,Potato,Local,Local,07/11/2025,500,1800,1100,24
Maharashtra,Pune,Junnar(Otur) APMC,Potato,Local,Local,09/12/2025,500,1500,1100,24
Maharashtra,Pune,Junnar(Otur) APMC,Potato,Local,Local,21/12/2025,300,1000,800,24
Maharashtra,Pune,Junnar(Otur) APMC,Potato,Local,Local,25/12/2025,700,2500,2000,24
Maharashtra,Pune,Junnar(Otur) APMC,Potato,Local,Local,01/02/2026,500,1200,850,24
Maharashtra,Pune,Junnar(Otur) APMC,Potato,Local,Local,22/02/2026,500,1500,1000,24
Maharashtra,Pune,Junnar(Otur) APMC,Potato,Local,Local,04/01/2026,500,1500,1200,24
Maharashtra,Pune,Junnar(Otur) APMC,Potato,Local,Local,08/01/2026,500,1400,1000,24
Maharashtra,Pune,Junnar(Otur) APMC,Potato,Local,Local,15/01/2026,500,1400,1000,24
Maharashtra,Pune,Junnar(Otur) APMC,Potato,Local,Local,12/02/2026,500,1300,900,24
Maharashtra,Pune,Junnar(Otur) APMC,Potato,Local,Local,12/01/2026,400,1050,850,24
Maharashtra,Pune,Junnar(Otur) APMC,Potato,Local,Local,14/01/2026,400,1000,700,24
Maharashtra,Pune,Junnar(Otur) APMC,Potato,Local,Local,18/12/2025,500,1800,1400,24
Maharashtra,Pune,Khed(Chakan),Potato,Other,FAQ,04/07/2024,2500,3000,2700,24
Maharashtra,Pune,Khed(Chakan),Potato,Other,FAQ,10/07/2024,2500,3000,2700,24
Maharashtra,Pune,Khed(Chakan),Potato,Other,FAQ,11/07/2024,2500,3000,2700,24
Maharashtra,Pune,Khed(Chakan),Potato,Other,FAQ,18/07/2024,2500,3000,2750,24
Maharashtra,Pune,Khed(Chakan),Potato,Other,FAQ,31/07/2024,2500,3000,2700,24
Maharashtra,Pune,Khed(Chakan),Potato,Other,FAQ,13/07/2024,2500,3000,2700,24
Maharashtra,Pune,Khed(Chakan),Potato,Other,FAQ,23/07/2024,2500,3000,2700,24
Maharashtra,Pune,Khed(Chakan),Potato,Other,FAQ,24/07/2024,2500,3000,2750,24
Maharashtra,Pune,Khed(Chakan),Potato,Other,FAQ,28/07/2024,2500,3000,2700,24
Maharashtra,Pune,Khed(Chakan),Potato,Other,FAQ,07/08/2024,2400,3000,2700,24
Maharashtra,Pune,Khed(Chakan),Potato,Other,FAQ,10/08/2024,2400,3000,2700,24
Maharashtra,Pune,Khed(Chakan),Potato,Other,FAQ,06/06/2024,2000,2600,2300,24
Maharashtra,Pune,Khed(Chakan),Potato,Other,FAQ,07/06/2024,1900,2600,2300,24
Maharashtra,Pune,Khed(Chakan),Potato,Other,FAQ,16/06/2024,2000,2700,2500,24
Maharashtra,Pune,Khed(Chakan),Potato,Other,FAQ,25/06/2024,2400,2900,2700,24
Maharashtra,Pune,Khed(Chakan),Potato,Other,FAQ,26/06/2024,2400,3000,2800,24
Maharashtra,Pune,Khed(Chakan),Potato,Other,FAQ,29/06/2024,2400,3000,2600,24
Maharashtra,Pune,Khed(Chakan),Potato,Other,FAQ,04/05/2024,1800,2500,2200,24
Maharashtra,Pune,Khed(Chakan),Potato,Other,FAQ,08/05/2024,1900,2500,2200,24
Maharashtra,Pune,Khed(Chakan),Potato,Other,FAQ,18/05/2024,1900,2600,2400,24
Maharashtra,Pune,Khed(Chakan),Potato,Other,FAQ,21/05/2024,1900,2600,2200,24
Maharashtra,Pune,Khed(Chakan),Potato,Other,FAQ,31/05/2024,1900,2600,2200,24
Maharashtra,Pune,Khed(Chakan),Potato,Other,FAQ,02/01/2024,1200,1600,1400,24
Maharashtra,Pune,Khed(Chakan),Potato,Other,FAQ,03/01/2024,1400,1800,1600,24
Maharashtra,Pune,Khed(Chakan),Potato,Other,FAQ,05/01/2024,1200,1600,1400,24
Maharashtra,Pune,Khed(Chakan),Potato,Other,FAQ,09/01/2024,1200,1700,1300,24
Maharashtra,Pune,Khed(Chakan),Potato,Other,FAQ,16/01/2024,1100,1600,1300,24
Maharashtra,Pune,Khed(Chakan),Potato,Other,FAQ,11/02/2024,1400,1900,1700,24
Maharashtra,Pune,Khed(Chakan),Potato,Other,FAQ,22/02/2024,1200,1700,1500,24
Maharashtra,Pune,Khed(Chakan),Potato,Other,FAQ,25/02/2024,1500,1800,1700,24
Maharashtra,Pune,Khed(Chakan),Potato,Other,FAQ,02/03/2024,1000,2000,1300,24
Maharashtra,Pune,Khed(Chakan),Potato,Other,FAQ,14/03/2024,1500,2000,1700,24
Maharashtra,Pune,Khed(Chakan),Potato,Other,FAQ,21/03/2024,1400,2000,1600,24
Maharashtra,Pune,Khed(Chakan),Potato,Other,FAQ,28/03/2024,1000,2000,1500,24
Maharashtra,Pune,Khed(Chakan),Potato,Other,FAQ,04/04/2024,1800,2400,2100,24
Maharashtra,Pune,Khed(Chakan),Potato,Other,FAQ,05/04/2024,2000,2500,2250,24
Maharashtra,Pune,Khed(Chakan),Potato,Other,FAQ,27/04/2024,1900,2500,2200,24
Maharashtra,Pune,Khed(Chakan),Potato,Other,FAQ,28/04/2024,1900,2500,2200,24
Maharashtra,Pune,Khed(Chakan),Potato,Other,FAQ,25/02/2021,1100,1500,1300,24
Maharashtra,Pune,Khed(Chakan),Potato,Other,FAQ,03/03/2021,1000,1400,1200,24
Maharashtra,Pune,Khed(Chakan),Potato,Other,FAQ,23/03/2021,1000,1600,1300,24
Maharashtra,Pune,Khed(Chakan),Potato,Other,FAQ,24/03/2021,1000,1500,1250,24
Maharashtra,Pune,Khed(Chakan),Potato,Other,FAQ,01/04/2021,1200,1600,1400,24
Maharashtra,Pune,Khed(Chakan),Potato,Other,FAQ,07/04/2021,1000,1400,1200,24
Maharashtra,Pune,Khed(Chakan),Potato,Other,FAQ,28/04/2021,1200,1600,1400,24
Maharashtra,Pune,Khed(Chakan),Potato,Other,FAQ,18/05/2021,1000,1700,1350,24
Maharashtra,Pune,Khed(Chakan),Potato,Other,FAQ,19/05/2021,1100,1700,1400,24
Maharashtra,Pune,Khed(Chakan),Potato,Other,FAQ,21/05/2021,1000,1400,1200,24
Maharashtra,Pune,Khed(Chakan),Potato,Other,FAQ,15/06/2021,1000,1600,1300,24
Maharashtra,Pune,Khed(Chakan),Potato,Other,FAQ,18/06/2021,1000,1500,1300,24
Maharashtra,Pune,Khed(Chakan),Potato,Other,FAQ,20/06/2021,1000,1700,1300,24
Maharashtra,Pune,Khed(Chakan),Potato,Other,FAQ,23/06/2021,900,1600,1300,24
Maharashtra,Pune,Khed(Chakan),Potato,Other,FAQ,25/06/2021,900,1500,1200,24
Maharashtra,Pune,Khed(Chakan),Potato,Other,FAQ,26/06/2021,900,1600,1300,24
Maharashtra,Pune,Khed(Chakan),Potato,Other,FAQ,01/07/2021,800,1500,1200,24
Maharashtra,Pune,Khed(Chakan),Potato,Other,FAQ,09/07/2021,900,1300,1100,24
Maharashtra,Pune,Khed(Chakan),Potato,Other,FAQ,10/07/2021,800,1300,1050,24
Maharashtra,Pune,Khed(Chakan),Potato,Other,FAQ,15/07/2021,800,1400,1100,24
Maharashtra,Pune,Khed(Chakan),Potato,Other,FAQ,18/07/2021,800,1300,1150,24
Maharashtra,Pune,Khed(Chakan),Potato,Other,FAQ,20/07/2021,900,1300,1100,24
Maharashtra,Pune,Khed(Chakan),Potato,Other,FAQ,21/07/2021,900,1300,1100,24
Maharashtra,Pune,Khed(Chakan),Potato,Other,FAQ,28/07/2021,800,1300,1100,24
Maharashtra,Pune,Khed(Chakan),Potato,Other,FAQ,19/08/2021,1000,1300,1150,24
Maharashtra,Pune,Khed(Chakan),Potato,Other,FAQ,31/08/2021,1000,1600,1300,24
Maharashtra,Pune,Khed(Chakan),Potato,Other,FAQ,21/09/2021,1000,1600,1400,24
Maharashtra,Pune,Khed(Chakan),Potato,Other,FAQ,22/09/2021,1000,1600,1300,24
Maharashtra,Pune,Khed(Chakan),Potato,Other,FAQ,07/10/2021,1000,1600,1300,24
Maharashtra,Pune,Khed(Chakan),Potato,Other,FAQ,09/10/2021,1000,1500,1400,24
Maharashtra,Pune,Khed(Chakan),Potato,Other,FAQ,16/10/2021,800,1400,1100,24
Maharashtra,Pune,Khed(Chakan),Potato,Other,FAQ,04/11/2021,1400,2000,1700,24
Maharashtra,Pune,Khed(Chakan),Potato,Other,FAQ,05/11/2021,1400,2000,1700,24
Maharashtra,Pune,Khed(Chakan),Potato,Other,FAQ,10/11/2021,1500,2000,1750,24
Maharashtra,Pune,Khed(Chakan),Potato,Other,FAQ,12/11/2021,1500,2200,2000,24
Maharashtra,Pune,Khed(Chakan),Potato,Other,FAQ,16/11/2021,1400,2000,1700,24
Maharashtra,Pune,Khed(Chakan),Potato,Other,FAQ,19/11/2021,1400,1800,1600,24
Maharashtra,Pune,Khed(Chakan),Potato,Other,FAQ,21/11/2021,1400,1800,1600,24
Maharashtra,Pune,Khed(Chakan),Potato,Other,FAQ,24/11/2021,1200,1800,1600,24
Maharashtra,Pune,Khed(Chakan),Potato,Other,FAQ,26/11/2021,1200,1800,1500,24
Maharashtra,Pune,Khed(Chakan),Potato,Other,FAQ,02/12/2021,1000,1500,1300,24
Maharashtra,Pune,Khed(Chakan),Potato,Other,FAQ,05/12/2021,900,1500,1200,24
Maharashtra,Pune,Khed(Chakan),Potato,Other,FAQ,17/12/2021,900,1800,1300,24
Maharashtra,Pune,Khed(Chakan),Potato,Other,FAQ,21/12/2021,800,1500,1200,24
Maharashtra,Pune,Khed(Chakan),Potato,Other,FAQ,04/01/2025,1200,2300,1750,24
Maharashtra,Pune,Khed(Chakan),Potato,Other,FAQ,07/01/2025,1200,2000,1600,24
Maharashtra,Pune,Khed(Chakan),Potato,Other,FAQ,10/01/2025,1200,2200,1600,24
Maharashtra,Pune,Khed(Chakan),Potato,Other,FAQ,12/01/2025,1200,2200,1600,24
Maharashtra,Pune,Khed(Chakan),Potato,Other,FAQ,16/01/2025,1500,2200,2000,24
Maharashtra,Pune,Khed(Chakan),Potato,Other,FAQ,21/01/2025,1200,2000,1500,24
Maharashtra,Pune,Khed(Chakan),Potato,Other,FAQ,24/01/2025,1000,1800,1400,24
Maharashtra,Pune,Khed(Chakan),Potato,Other,Local,29/01/2025,1000,1800,1400,24
Maharashtra,Pune,Khed(Chakan),Potato,Other,Local,31/01/2025,1000,1800,1400,24
Maharashtra,Pune,Khed(Chakan),Potato,Other,FAQ,01/01/2022,900,1300,1100,24
Maharashtra,Pune,Khed(Chakan),Potato,Other,FAQ,14/01/2022,1000,1500,1250,24
Maharashtra,Pune,Khed(Chakan),Potato,Other,FAQ,15/01/2022,1000,1600,1300,24
Maharashtra,Pune,Khed(Chakan),Potato,Other,FAQ,27/01/2022,900,1300,1000,24
Maharashtra,Pune,Khed(Chakan),Potato,Other,FAQ,29/01/2022,800,1200,1000,24
Maharashtra,Pune,Khed(Chakan),Potato,Other,FAQ,03/02/2022,1000,1200,1100,24
Maharashtra,Pune,Khed(Chakan),Potato,Other,FAQ,06/02/2022,1000,1300,1150,24
Maharashtra,Pune,Khed(Chakan),Potato,Other,FAQ,26/02/2022,1000,1500,1250,24
Maharashtra,Pune,Khed(Chakan),Potato,Other,FAQ,02/03/2022,1000,1500,1300,24
Maharashtra,Pune,Khed(Chakan),Potato,Other,FAQ,04/03/2022,1000,1500,1250,24
Maharashtra,Pune,Khed(Chakan),Potato,Other,FAQ,11/03/2022,1000,1500,1300,24
Maharashtra,Pune,Khed(Chakan),Potato,Other,FAQ,26/03/2022,1200,1700,1500,24
Maharashtra,Pune,Khed(Chakan),Potato,Other,FAQ,30/03/2022,1200,1700,1450,24
Maharashtra,Pune,Khed(Chakan),Potato,Other,FAQ,05/04/2022,1400,1800,1600,24
Maharashtra,Pune,Khed(Chakan),Potato,Other,FAQ,22/04/2022,1300,1800,1500,24
Maharashtra,Pune,Khed(Chakan),Potato,Other,FAQ,06/05/2022,1400,1800,1600,24
Maharashtra,Pune,Khed(Chakan),Potato,Other,FAQ,07/05/2022,1400,1900,1650,24
Maharashtra,Pune,Khed(Chakan),Potato,Other,FAQ,10/05/2022,1500,2000,1750,24
Maharashtra,Pune,Khed(Chakan),Potato,Other,FAQ,20/05/2022,1500,2000,1800,24
Maharashtra,Pune,Khed(Chakan),Potato,Other,FAQ,22/05/2022,1500,2000,1750,24
Maharashtra,Pune,Khed(Chakan),Potato,Other,FAQ,25/05/2022,1500,2000,1750,24
Maharashtra,Pune,Khed(Chakan),Potato,Other,FAQ,01/06/2022,1500,2000,1750,24
Maharashtra,Pune,Khed(Chakan),Potato,Other,FAQ,15/06/2022,1500,2000,1800,24
Maharashtra,Pune,Khed(Chakan),Potato,Other,FAQ,23/06/2022,1500,2000,1750,24
Maharashtra,Pune,Khed(Chakan),Potato,Other,FAQ,25/06/2022,1500,2000,1750,24
Maharashtra,Pune,Khed(Chakan),Potato,Other,FAQ,29/06/2022,1500,2000,1750,24
Maharashtra,Pune,Khed(Chakan),Potato,Other,FAQ,06/07/2022,1500,2000,1750,24
Maharashtra,Pune,Khed(Chakan),Potato,Other,FAQ,13/07/2022,1600,2100,1800,24
Maharashtra,Pune,Khed(Chakan),Potato,Other,FAQ,24/07/2022,1700,2200,1950,24
Maharashtra,Pune,Khed(Chakan),Potato,Other,FAQ,28/07/2022,1700,2200,1950,24
Maharashtra,Pune,Khed(Chakan),Potato,Other,FAQ,13/08/2022,1700,2100,1900,24
Maharashtra,Pune,Khed(Chakan),Potato,Other,FAQ,16/08/2022,1800,2200,2000,24
Maharashtra,Pune,Khed(Chakan),Potato,Other,FAQ,17/08/2022,1800,2200,2000,24
Maharashtra,Pune,Khed(Chakan),Potato,Other,FAQ,27/08/2022,1700,2200,1950,24
Maharashtra,Pune,Khed(Chakan),Potato,Other,FAQ,30/08/2022,1700,2200,1900,24
Maharashtra,Pune,Khed(Chakan),Potato,Other,FAQ,03/09/2022,1700,2200,1900,24
Maharashtra,Pune,Khed(Chakan),Potato,Other,FAQ,13/09/2022,1800,2000,1900,24
Maharashtra,Pune,Khed(Chakan),Potato,Other,FAQ,15/09/2022,1600,2200,1800,24
Maharashtra,Pune,Khed(Chakan),Potato,Other,FAQ,17/09/2022,1600,2200,1900,24
Maharashtra,Pune,Khed(Chakan),Potato,Other,FAQ,28/09/2022,1700,2300,2000,24
Maharashtra,Pune,Khed(Chakan),Potato,Other,FAQ,30/09/2022,1800,2500,2200,24
Maharashtra,Pune,Khed(Chakan),Potato,Other,FAQ,05/10/2022,1600,2300,2000,24
Maharashtra,Pune,Khed(Chakan),Potato,Other,FAQ,06/10/2022,1600,2500,2000,24
Maharashtra,Pune,Khed(Chakan),Potato,Other,FAQ,22/10/2022,1800,2700,2300,24
Maharashtra,Pune,Khed(Chakan),Potato,Other,FAQ,28/10/2022,2100,2700,2400,24
Maharashtra,Pune,Khed(Chakan),Potato,Other,FAQ,09/11/2022,2000,2700,2400,24
Maharashtra,Pune,Khed(Chakan),Potato,Other,FAQ,26/11/2022,1600,2200,1800,24
Maharashtra,Pune,Khed(Chakan),Potato,Other,FAQ,16/12/2022,1500,2300,1900,24
Maharashtra,Pune,Khed(Chakan),Potato,Other,FAQ,17/12/2022,1500,2300,1900,24
Maharashtra,Pune,Khed(Chakan),Potato,Other,FAQ,24/12/2022,1300,1800,1500,24
Maharashtra,Pune,Khed(Chakan),Potato,Other,FAQ,10/09/2024,2000,2800,2500,24
Maharashtra,Pune,Khed(Chakan),Potato,Other,FAQ,14/09/2024,2000,2800,2300,24
Maharashtra,Pune,Khed(Chakan),Potato,Other,FAQ,25/09/2024,2000,3200,2500,24
Maharashtra,Pune,Khed(Chakan),Potato,Other,FAQ,02/05/2024,1900,2500,2200,24
Maharashtra,Pune,Khed(Chakan),Potato,Other,FAQ,19/05/2024,1900,2600,2200,24
Maharashtra,Pune,Khed(Chakan),Potato,Other,FAQ,22/05/2024,1900,2600,2300,24
Maharashtra,Pune,Khed(Chakan),Potato,Other,Local,02/03/2025,1300,2000,1500,24
Maharashtra,Pune,Khed(Chakan),Potato,Other,Local,06/03/2025,1200,2000,1400,24
Maharashtra,Pune,Khed(Chakan),Potato,Other,Local,12/03/2025,1200,1900,1500,24
Maharashtra,Pune,Khed(Chakan),Potato,Other,Local,18/03/2025,1300,2000,1500,24
Maharashtra,Pune,Khed(Chakan),Potato,Other,FAQ,07/12/2024,2000,3800,2750,24
Maharashtra,Pune,Khed(Chakan),Potato,Other,FAQ,12/12/2024,1200,3800,1500,24
Maharashtra,Pune,Khed(Chakan),Potato,Other,FAQ,13/12/2024,1200,3800,2500,24
Maharashtra,Pune,Khed(Chakan),Potato,Other,FAQ,24/12/2024,1400,2200,1600,24
Maharashtra,Pune,Khed(Chakan),Potato,Other,FAQ,25/12/2024,1000,2000,1500,24
Maharashtra,Pune,Khed(Chakan),Potato,Other,FAQ,26/12/2024,1400,2000,1600,24
Maharashtra,Pune,Khed(Chakan),Potato,Other,FAQ,27/12/2024,1300,2000,1700,24
Maharashtra,Pune,Khed(Chakan),Potato,Other,FAQ,01/01/2023,1300,1700,1500,24
Maharashtra,Pune,Khed(Chakan),Potato,Other,FAQ,31/01/2023,900,1300,1100,24
Maharashtra,Pune,Khed(Chakan),Potato,Other,FAQ,04/02/2023,800,1400,1000,24
Maharashtra,Pune,Khed(Chakan),Potato,Other,FAQ,05/02/2023,800,1300,1000,24
Maharashtra,Pune,Khed(Chakan),Potato,Other,FAQ,10/02/2023,1000,1400,1200,24
Maharashtra,Pune,Khed(Chakan),Potato,Other,FAQ,12/02/2023,800,1400,1100,24
Maharashtra,Pune,Khed(Chakan),Potato,Other,FAQ,24/02/2023,800,1300,1050,24
Maharashtra,Pune,Khed(Chakan),Potato,Other,FAQ,28/02/2023,800,1400,1100,24
Maharashtra,Pune,Khed(Chakan),Potato,Other,FAQ,03/03/2023,800,1400,1000,24
Maharashtra,Pune,Khed(Chakan),Potato,Other,FAQ,04/03/2023,800,1400,1100,24
Maharashtra,Pune,Khed(Chakan),Potato,Other,FAQ,12/03/2023,800,1300,1050,24
Maharashtra,Pune,Khed(Chakan),Potato,Other,FAQ,19/03/2023,700,1300,1000,24
Maharashtra,Pune,Khed(Chakan),Potato,Other,FAQ,06/04/2023,1000,1400,1200,24
Maharashtra,Pune,Khed(Chakan),Potato,Other,FAQ,07/04/2023,1000,1500,1250,24
Maharashtra,Pune,Khed(Chakan),Potato,Other,FAQ,15/04/2023,1000,1600,1300,24
Maharashtra,Pune,Khed(Chakan),Potato,Other,FAQ,16/04/2023,1200,1500,1350,24
Maharashtra,Pune,Khed(Chakan),Potato,Other,FAQ,19/04/2023,1100,1600,1350,24
Maharashtra,Pune,Khed(Chakan),Potato,Other,FAQ,20/04/2023,1100,1500,1300,24
Maharashtra,Pune,Khed(Chakan),Potato,Other,FAQ,27/04/2023,1100,1600,1350,24
Maharashtra,Pune,Khed(Chakan),Potato,Other,FAQ,29/04/2023,1100,1700,1400,24
Maharashtra,Pune,Khed(Chakan),Potato,Other,FAQ,04/05/2023,1300,1800,1550,24
Maharashtra,Pune,Khed(Chakan),Potato,Other,FAQ,11/05/2023,1200,1800,1600,24
Maharashtra,Pune,Khed(Chakan),Potato,Other,FAQ,17/05/2023,1100,1700,1400,24
Maharashtra,Pune,Khed(Chakan),Potato,Other,FAQ,18/05/2023,1100,1600,1400,24
Maharashtra,Pune,Khed(Chakan),Potato,Other,FAQ,26/05/2023,1200,1800,1500,24
Maharashtra,Pune,Khed(Chakan),Potato,Other,FAQ,31/05/2023,1200,2000,1600,24
Maharashtra,Pune,Khed(Chakan),Potato,Other,FAQ,03/06/2023,1100,1800,1300,24
Maharashtra,Pune,Khed(Chakan),Potato,Other,FAQ,08/06/2023,1200,2000,1600,24
Maharashtra,Pune,Khed(Chakan),Potato,Other,FAQ,13/06/2023,1100,1800,1400,24
Maharashtra,Pune,Khed(Chakan),Potato,Other,FAQ,16/06/2023,1100,1800,1450,24
Maharashtra,Pune,Khed(Chakan),Potato,Other,FAQ,28/06/2023,1300,2000,1600,24
Maharashtra,Pune,Khed(Chakan),Potato,Other,FAQ,29/06/2023,1200,1800,1500,24
Maharashtra,Pune,Khed(Chakan),Potato,Other,FAQ,01/07/2023,1400,1800,1600,24
Maharashtra,Pune,Khed(Chakan),Potato,Other,FAQ,05/07/2023,1200,2000,1600,24
Maharashtra,Pune,Khed(Chakan),Potato,Other,FAQ,08/07/2023,1400,2000,1700,24
Maharashtra,Pune,Khed(Chakan),Potato,Other,FAQ,26/07/2023,1300,2000,1600,24
Maharashtra,Pune,Khed(Chakan),Potato,Other,FAQ,28/07/2023,1400,2200,1600,24
Maharashtra,Pune,Khed(Chakan),Potato,Other,FAQ,29/07/2023,1300,2000,1600,24
Maharashtra,Pune,Khed(Chakan),Potato,Other,FAQ,30/07/2023,1300,2000,1600,24
Maharashtra,Pune,Khed(Chakan),Potato,Other,FAQ,01/08/2023,1200,2000,1600,24
Maharashtra,Pune,Khed(Chakan),Potato,Other,FAQ,03/08/2023,1300,2000,1600,24
Maharashtra,Pune,Khed(Chakan),Potato,Other,FAQ,13/08/2023,1300,2000,1600,24
Maharashtra,Pune,Khed(Chakan),Potato,Other,FAQ,23/08/2023,1300,2000,1650,24
Maharashtra,Pune,Khed(Chakan),Potato,Other,FAQ,25/08/2023,1300,2000,1500,24
Maharashtra,Pune,Khed(Chakan),Potato,Other,FAQ,26/08/2023,1300,2000,1600,24
Maharashtra,Pune,Khed(Chakan),Potato,Other,FAQ,14/09/2023,1200,2000,1400,24
Maharashtra,Pune,Khed(Chakan),Potato,Other,FAQ,06/10/2023,13,19,14,24
Maharashtra,Pune,Khed(Chakan),Potato,Other,FAQ,08/10/2023,1100,1900,1400,24
Maharashtra,Pune,Khed(Chakan),Potato,Other,FAQ,14/10/2023,1000,1900,1300,24
Maharashtra,Pune,Khed(Chakan),Potato,Other,FAQ,15/11/2023,1100,2000,1400,24
Maharashtra,Pune,Khed(Chakan),Potato,Other,FAQ,02/12/2023,1000,2000,1400,24
Maharashtra,Pune,Khed(Chakan),Potato,Other,FAQ,13/12/2023,1100,2000,1300,24
Maharashtra,Pune,Khed(Chakan),Potato,Other,FAQ,16/12/2023,1100,1800,1300,24
Maharashtra,Pune,Khed(Chakan),Potato,Other,FAQ,31/12/2023,1100,1500,1300,24
Maharashtra,Pune,Khed(Chakan),Potato,Other,FAQ,10/11/2024,2500,3700,2900,24
Maharashtra,Pune,Khed(Chakan),Potato,Other,FAQ,30/11/2024,2300,3800,3000,24
Maharashtra,Pune,Khed(Chakan),Potato,Other,Local,01/02/2025,800,2000,1500,24
Maharashtra,Pune,Khed(Chakan),Potato,Other,Local,06/02/2025,1300,2000,1500,24
Maharashtra,Pune,Khed(Chakan),Potato,Other,Local,15/02/2025,1300,2000,1500,24
Maharashtra,Pune,Khed(Chakan),Potato,Other,Local,18/02/2025,1300,2000,1500,24
Maharashtra,Pune,Khed(Chakan),Potato,Other,Local,19/02/2025,1200,2000,1400,24
Maharashtra,Pune,Khed(Chakan),Potato,Other,Local,25/06/2025,1200,2100,1600,24
Maharashtra,Pune,Khed(Chakan),Potato,Other,Local,18/06/2025,1200,2000,1500,24
Maharashtra,Pune,Khed(Chakan),Potato,Other,Local,19/06/2025,1200,2000,1600,24
Maharashtra,Pune,Khed(Chakan),Potato,Other,Local,21/06/2025,1300,2100,1600,24
Maharashtra,Pune,Khed(Chakan),Potato,Other,Local,01/07/2025,1300,2100,1500,24
Maharashtra,Pune,Khed(Chakan),Potato,Other,Local,12/07/2025,1200,2100,1500,24
Maharashtra,Pune,Khed(Chakan),Potato,Other,Local,13/07/2025,1200,2100,1400,24
Maharashtra,Pune,Khed(Chakan),Potato,Other,Local,27/07/2025,1200,2000,1500,24
Maharashtra,Pune,Khed(Chakan),Potato,Other,Local,10/04/2025,1300,2100,1600,24
Maharashtra,Pune,Khed(Chakan),Potato,Other,Local,24/04/2025,1300,2000,1500,24
Maharashtra,Pune,Khed(Chakan),Potato,Other,Local,27/04/2025,1400,2000,1500,24
Maharashtra,Pune,Khed(Chakan),Potato,Other,Local,30/04/2025,1100,2000,1500,24
Maharashtra,Pune,Khed(Chakan),Potato,Other,FAQ,31/10/2024,1800,3500,2600,24
Maharashtra,Pune,Khed(Chakan),Potato,Other,FAQ,05/10/2024,2500,3500,3000,24
Maharashtra,Pune,Khed(Chakan),Potato,Other,FAQ,08/11/2024,2500,3700,3100,24
Maharashtra,Pune,Khed(Chakan),Potato,Other,Local,13/05/2025,1400,2000,1600,24
Maharashtra,Pune,Khed(Chakan),Potato,Other,Local,15/05/2025,1200,2200,1800,24
Maharashtra,Pune,Khed(Chakan),Potato,Other,Local,17/05/2025,1400,2200,1800,24
Maharashtra,Pune,Khed(Chakan),Potato,Other,Local,24/05/2025,1300,2000,1500,24
Maharashtra,Pune,Khed(Chakan),Potato,Other,Local,30/05/2025,1400,2000,1500,24
Maharashtra,Pune,Khed(Chakan),Potato,Other,Local,11/09/2025,1200,1800,1500,24
Maharashtra,Pune,Khed(Chakan),Potato,Other,Local,16/09/2025,1100,1800,1500,24
Maharashtra,Pune,Khed(Chakan),Potato,Other,Local,17/09/2025,1200,1800,1400,24
Maharashtra,Pune,Khed(Chakan),Potato,Other,Local,19/09/2025,1000,1700,1400,24
Maharashtra,Pune,Khed(Chakan),Potato,Other,Local,23/09/2025,1000,1800,1400,24
Maharashtra,Pune,Khed(Chakan),Potato,Other,Local,26/09/2025,1200,1800,1500,24
Maharashtra,Pune,Khed(Chakan),Potato,Other,Local,02/10/2025,1200,1800,1500,24
Maharashtra,Pune,Khed(Chakan),Potato,Other,Local,09/10/2025,1200,1900,1400,24
Maharashtra,Pune,Khed(Chakan),Potato,Other,Local,28/10/2025,1700,2300,2000,24
Maharashtra,Pune,Khed(Chakan),Potato,Other,Local,08/10/2025,1000,1800,1500,24
Maharashtra,Pune,Khed(Chakan),Potato,Other,Local,10/10/2025,1200,1800,1500,24
Maharashtra,Pune,Khed(Chakan),Potato,Other,Local,06/08/2025,1200,1800,1500,24
Maharashtra,Pune,Khed(Chakan),Potato,Other,Local,12/08/2025,1300,1800,1500,24
Maharashtra,Pune,Khed(Chakan),Potato,Other,Local,14/08/2025,1200,2000,1500,24
Maharashtra,Pune,Khed(Chakan),Potato,Other,Local,05/08/2025,1200,1800,1500,24
Maharashtra,Pune,Khed(Chakan),Potato,Other,Local,16/08/2025,1200,2000,1600,24
Maharashtra,Pune,Khed(Chakan),Potato,Other,Local,20/08/2025,1200,1700,1500,24
Maharashtra,Pune,Khed(Chakan),Potato,Other,Local,22/08/2025,1200,1700,1500,24
Maharashtra,Pune,Khed(Chakan),Potato,Other,Local,27/08/2025,1200,1800,1500,24
Maharashtra,Pune,Khed(Chakan),Potato,Other,Local,07/02/2025,1500,2000,1600,24
Maharashtra,Pune,Khed(Chakan),Potato,Other,Local,16/02/2025,1400,2000,1500,24
Maharashtra,Pune,Khed(Chakan),Potato,Other,Local,20/02/2025,1200,2000,1500,24
Maharashtra,Pune,Khed(Chakan),Potato,Other,Local,25/02/2025,1300,1900,1400,24
Maharashtra,Pune,Khed(Chakan),Potato,Other,Local,28/02/2025,1300,2000,1500,24
Maharashtra,Pune,Khed(Chakan),Potato,Other,FAQ,18/09/2024,2000,2800,2500,24
Maharashtra,Pune,Khed(Chakan),Potato,Other,FAQ,24/09/2024,2000,3000,2500,24
Maharashtra,Pune,Khed(Chakan),Potato,Other,FAQ,15/09/2024,2000,2800,2400,24
Maharashtra,Pune,Khed(Chakan),Potato,Other,FAQ,05/12/2024,2000,3800,2900,24
Maharashtra,Pune,Khed(Chakan),Potato,Other,FAQ,14/12/2024,1400,3800,1600,24
Maharashtra,Pune,Khed(Chakan),Potato,Other,FAQ,20/12/2024,1200,2400,1500,24
Maharashtra,Pune,Khed(Chakan),Potato,Other,FAQ,29/12/2024,1200,2000,1500,24
Maharashtra,Pune,Khed(Chakan),Potato,Other,FAQ,31/12/2024,1200,2000,1500,24
Maharashtra,Pune,Khed(Chakan),Potato,Other,FAQ,19/01/2025,1300,2000,1500,24
Maharashtra,Pune,Khed(Chakan),Potato,Other,FAQ,22/10/2024,2000,3300,2700,24
Maharashtra,Pune,Khed(Chakan),Potato,Other,FAQ,01/10/2024,2200,3200,2600,24
Maharashtra,Pune,Khed(Chakan),Potato,Other,FAQ,30/10/2024,2200,3500,2850,24
Maharashtra,Pune,Khed(Chakan),Potato,Other,FAQ,26/10/2024,2200,3500,2850,24
Maharashtra,Pune,Khed(Chakan),Potato,Other,FAQ,09/10/2024,2400,3300,2850,24
Maharashtra,Pune,Khed(Chakan),Potato,Other,FAQ,01/08/2024,2500,3000,2700,24
Maharashtra,Pune,Khed(Chakan),Potato,Other,FAQ,03/08/2024,2500,3000,2700,24
Maharashtra,Pune,Khed(Chakan),Potato,Other,FAQ,04/08/2024,2500,3000,2700,24
Maharashtra,Pune,Khed(Chakan),Potato,Other,FAQ,17/08/2024,2200,3000,2700,24
Maharashtra,Pune,Khed(Chakan),Potato,Other,FAQ,18/08/2024,2200,3000,2700,24
Maharashtra,Pune,Khed(Chakan),Potato,Other,FAQ,22/08/2024,2200,3000,2600,24
Maharashtra,Pune,Khed(Chakan),Potato,Other,FAQ,19/10/2024,2000,3300,2700,24
Maharashtra,Pune,Khed(Chakan),Potato,Other,FAQ,07/11/2024,2500,3700,3100,24
Maharashtra,Pune,Khed(Chakan),Potato,Other,FAQ,19/11/2024,2500,3800,3000,24
Maharashtra,Pune,Khed(Chakan),Potato,Other,FAQ,13/11/2024,2400,3700,2900,24
Maharashtra,Pune,Khed(Chakan),Potato,Other,FAQ,15/11/2024,2500,3800,3000,24
Maharashtra,Pune,Khed(Chakan),Potato,Other,FAQ,26/11/2024,2500,3800,3000,24
Maharashtra,Pune,Khed(Chakan),Potato,Other,FAQ,28/11/2024,2500,3800,3000,24
Maharashtra,Pune,Khed(Chakan),Potato,Other,FAQ,12/11/2024,2500,3700,2800,24
Maharashtra,Pune,Khed(Chakan),Potato,Other,FAQ,17/11/2024,2500,3800,3000,24
Maharashtra,Pune,Khed(Chakan),Potato,Other,FAQ,24/11/2024,2500,3800,3000,24
Maharashtra,Pune,Khed(Chakan),Potato,Other,FAQ,13/09/2024,2000,2800,2400,24
Maharashtra,Pune,Khed(Chakan),Potato,Other,FAQ,05/05/2024,1900,2500,2300,24
Maharashtra,Pune,Khed(Chakan),Potato,Other,FAQ,07/05/2024,1900,2500,2200,24
Maharashtra,Pune,Khed(Chakan),Potato,Other,FAQ,15/05/2024,1900,2500,2200,24
Maharashtra,Pune,Khed(Chakan),Potato,Other,FAQ,16/05/2024,1900,2500,2200,24
Maharashtra,Pune,Khed(Chakan),Potato,Other,FAQ,23/05/2024,1900,2600,2300,24
Maharashtra,Pune,Khed(Chakan),Potato,Other,FAQ,25/05/2024,1900,2600,2400,24
Maharashtra,Pune,Khed(Chakan),Potato,Other,FAQ,26/05/2024,1900,2600,2300,24
Maharashtra,Pune,Khed(Chakan),Potato,Other,FAQ,05/06/2024,1900,2700,2400,24
Maharashtra,Pune,Khed(Chakan),Potato,Other,FAQ,11/06/2024,2000,2600,2400,24
Maharashtra,Pune,Khed(Chakan),Potato,Other,FAQ,13/06/2024,2000,2700,2300,24
Maharashtra,Pune,Khed(Chakan),Potato,Other,FAQ,28/06/2024,2500,3000,2500,24
Maharashtra,Pune,Khed(Chakan),Potato,Other,FAQ,30/06/2024,2500,3000,2700,24
Maharashtra,Pune,Khed(Chakan),Potato,Other,FAQ,11/01/2024,1200,1700,1400,24
Maharashtra,Pune,Khed(Chakan),Potato,Other,FAQ,24/01/2024,1000,1500,1300,24
Maharashtra,Pune,Khed(Chakan),Potato,Other,FAQ,25/01/2024,1000,1400,1200,24
Maharashtra,Pune,Khed(Chakan),Potato,Other,FAQ,30/01/2024,1000,1500,1200,24
Maharashtra,Pune,Khed(Chakan),Potato,Other,FAQ,04/02/2024,1000,1500,1300,24
Maharashtra,Pune,Khed(Chakan),Potato,Other,FAQ,06/02/2024,1200,1500,1300,24
Maharashtra,Pune,Khed(Chakan),Potato,Other,FAQ,08/02/2024,1200,1600,1400,24
Maharashtra,Pune,Khed(Chakan),Potato,Other,FAQ,21/02/2024,1300,1700,1500,24
Maharashtra,Pune,Khed(Chakan),Potato,Other,FAQ,29/02/2024,1300,2000,1500,24
Maharashtra,Pune,Khed(Chakan),Potato,Other,FAQ,19/03/2024,1500,2000,1700,24
Maharashtra,Pune,Khed(Chakan),Potato,Other,FAQ,23/03/2024,1400,2000,1600,24
Maharashtra,Pune,Khed(Chakan),Potato,Other,FAQ,26/03/2024,1400,2000,1700,24
Maharashtra,Pune,Khed(Chakan),Potato,Other,FAQ,27/03/2024,1700,2000,1800,24
Maharashtra,Pune,Khed(Chakan),Potato,Other,FAQ,26/04/2024,1900,2500,2100,24
Maharashtra,Pune,Khed(Chakan),Potato,Other,FAQ,05/07/2024,2500,3000,2700,24
Maharashtra,Pune,Khed(Chakan),Potato,Other,FAQ,26/07/2024,2000,3000,2500,24
Maharashtra,Pune,Khed(Chakan),Potato,Other,FAQ,02/07/2024,2500,3000,2800,24
Maharashtra,Pune,Khed(Chakan),Potato,Other,FAQ,08/04/2021,1100,1700,1300,24
Maharashtra,Pune,Khed(Chakan),Potato,Other,FAQ,13/04/2021,1100,1600,1350,24
Maharashtra,Pune,Khed(Chakan),Potato,Other,FAQ,16/04/2021,1200,1800,1500,24
Maharashtra,Pune,Khed(Chakan),Potato,Other,FAQ,04/05/2021,1100,1300,1200,24
Maharashtra,Pune,Khed(Chakan),Potato,Other,FAQ,05/05/2021,1100,1400,1200,24
Maharashtra,Pune,Khed(Chakan),Potato,Other,FAQ,10/05/2021,1100,1500,1300,24
Maharashtra,Pune,Khed(Chakan),Potato,Other,FAQ,24/05/2021,1000,1600,1300,24
Maharashtra,Pune,Khed(Chakan),Potato,Other,FAQ,28/05/2021,1000,1600,1300,24
Maharashtra,Pune,Khed(Chakan),Potato,Other,FAQ,04/06/2021,1000,1600,1300,24
Maharashtra,Pune,Khed(Chakan),Potato,Other,FAQ,06/06/2021,1000,1700,1400,24
Maharashtra,Pune,Khed(Chakan),Potato,Other,FAQ,08/06/2021,1000,1700,1400,24
Maharashtra,Pune,Khed(Chakan),Potato,Other,FAQ,09/06/2021,1000,1700,1350,24
Maharashtra,Pune,Khed(Chakan),Potato,Other,FAQ,12/06/2021,1000,1600,1300,24
Maharashtra,Pune,Khed(Chakan),Potato,Other,FAQ,19/06/2021,1000,1700,1400,24
Maharashtra,Pune,Khed(Chakan),Potato,Other,FAQ,22/06/2021,1000,1700,1400,24
Maharashtra,Pune,Khed(Chakan),Potato,Other,FAQ,30/06/2021,900,1500,1200,24
Maharashtra,Pune,Khed(Chakan),Potato,Other,FAQ,04/07/2021,900,1500,1300,24
Maharashtra,Pune,Khed(Chakan),Potato,Other,FAQ,08/07/2021,800,1500,1200,24
Maharashtra,Pune,Khed(Chakan),Potato,Other,FAQ,11/07/2021,800,1300,1100,24
Maharashtra,Pune,Khed(Chakan),Potato,Other,FAQ,17/07/2021,800,1400,1100,24
Maharashtra,Pune,Khed(Chakan),Potato,Other,FAQ,27/07/2021,800,1300,1100,24
Maharashtra,Pune,Khed(Chakan),Potato,Other,FAQ,29/07/2021,800,1300,1100,24
Maharashtra,Pune,Khed(Chakan),Potato,Other,FAQ,03/08/2021,900,1300,1100,24
Maharashtra,Pune,Khed(Chakan),Potato,Other,FAQ,04/08/2021,1000,1400,1200,24
Maharashtra,Pune,Khed(Chakan),Potato,Other,FAQ,20/08/2021,900,1300,1100,24
Maharashtra,Pune,Khed(Chakan),Potato,Other,FAQ,27/08/2021,1200,1700,1500,24
Maharashtra,Pune,Khed(Chakan),Potato,Other,FAQ,03/09/2021,1000,1300,1200,24
Maharashtra,Pune,Khed(Chakan),Potato,Other,FAQ,04/09/2021,1000,1300,1150,24
Maharashtra,Pune,Khed(Chakan),Potato,Other,FAQ,08/09/2021,900,1300,1100,24
Maharashtra,Pune,Khed(Chakan),Potato,Other,FAQ,11/09/2021,1000,1300,1150,24
Maharashtra,Pune,Khed(Chakan),Potato,Other,FAQ,17/09/2021,1000,1600,1150,24
Maharashtra,Pune,Khed(Chakan),Potato,Other,FAQ,18/09/2021,1000,1700,1300,24
Maharashtra,Pune,Khed(Chakan),Potato,Other,FAQ,19/09/2021,1000,1700,1400,24
Maharashtra,Pune,Khed(Chakan),Potato,Other,FAQ,28/09/2021,800,1200,1000,24
Maharashtra,Pune,Khed(Chakan),Potato,Other,FAQ,29/09/2021,800,1200,1000,24
Maharashtra,Pune,Khed(Chakan),Potato,Other,FAQ,08/10/2021,1000,1700,1300,24
Maharashtra,Pune,Khed(Chakan),Potato,Other,FAQ,14/10/2021,800,1400,1100,24
Maharashtra,Pune,Khed(Chakan),Potato,Other,FAQ,19/10/2021,1000,1500,1250,24
Maharashtra,Pune,Khed(Chakan),Potato,Other,FAQ,21/10/2021,1000,1600,1400,24
Maharashtra,Pune,Khed(Chakan),Potato,Other,FAQ,31/10/2021,1500,2500,2000,24
Maharashtra,Pune,Khed(Chakan),Potato,Other,FAQ,07/11/2021,1400,2000,1700,24
Maharashtra,Pune,Khed(Chakan),Potato,Other,FAQ,13/11/2021,1400,2200,1800,24
Maharashtra,Pune,Khed(Chakan),Potato,Other,FAQ,20/11/2021,1400,1800,1500,24
Maharashtra,Pune,Khed(Chakan),Potato,Other,FAQ,01/12/2021,1000,1600,1300,24
Maharashtra,Pune,Khed(Chakan),Potato,Other,FAQ,10/12/2021,1000,1600,1300,24
Maharashtra,Pune,Khed(Chakan),Potato,Other,FAQ,23/12/2021,1200,1400,1300,24
Maharashtra,Pune,Khed(Chakan),Potato,Other,FAQ,25/12/2021,900,1400,1200,24
Maharashtra,Pune,Khed(Chakan),Potato,Other,Local,06/04/2025,1200,2000,1500,24
Maharashtra,Pune,Khed(Chakan),Potato,Other,Local,08/04/2025,1300,2100,1500,24
Maharashtra,Pune,Khed(Chakan),Potato,Other,Local,09/04/2025,1300,2100,1700,24
Maharashtra,Pune,Khed(Chakan),Potato,Other,Local,12/04/2025,1200,2000,1500,24
Maharashtra,Pune,Khed(Chakan),Potato,Other,Local,16/04/2025,1200,2000,1700,24
Maharashtra,Pune,Khed(Chakan),Potato,Other,Local,17/04/2025,1200,2000,1500,24
Maharashtra,Pune,Khed(Chakan),Potato,Other,Local,22/04/2025,1500,2000,1750,24
Maharashtra,Pune,Khed(Chakan),Potato,Other,FAQ,18/01/2022,1000,1400,1200,24
Maharashtra,Pune,Khed(Chakan),Potato,Other,FAQ,25/01/2022,900,1300,1100,24
Maharashtra,Pune,Khed(Chakan),Potato,Other,FAQ,28/01/2022,800,1200,1000,24
Maharashtra,Pune,Khed(Chakan),Potato,Other,FAQ,30/01/2022,900,1200,1000,24
Maharashtra,Pune,Khed(Chakan),Potato,Other,FAQ,10/02/2022,1000,1500,1250,24
Maharashtra,Pune,Khed(Chakan),Potato,Other,FAQ,11/02/2022,1000,1500,1250,24
Maharashtra,Pune,Khed(Chakan),Potato,Other,FAQ,15/02/2022,1000,1500,1250,24
Maharashtra,Pune,Khed(Chakan),Potato,Other,FAQ,19/02/2022,1000,1500,1300,24
Maharashtra,Pune,Khed(Chakan),Potato,Other,FAQ,20/02/2022,1000,1500,1250,24
Maharashtra,Pune,Khed(Chakan),Potato,Other,FAQ,24/02/2022,1000,1500,1250,24
Maharashtra,Pune,Khed(Chakan),Potato,Other,FAQ,27/02/2022,1000,1500,1250,24
Maharashtra,Pune,Khed(Chakan),Potato,Other,FAQ,01/03/2022,1000,1600,1400,24
Maharashtra,Pune,Khed(Chakan),Potato,Other,FAQ,05/03/2022,1000,1500,1300,24
Maharashtra,Pune,Khed(Chakan),Potato,Other,FAQ,06/03/2022,1000,1600,1400,24
Maharashtra,Pune,Khed(Chakan),Potato,Other,FAQ,13/03/2022,1000,1600,1300,24
Maharashtra,Pune,Khed(Chakan),Potato,Other,FAQ,16/03/2022,1000,1500,1250,24
Maharashtra,Pune,Khed(Chakan),Potato,Other,FAQ,29/03/2022,1200,1700,1450,24
Maharashtra,Pune,Khed(Chakan),Potato,Other,FAQ,10/04/2022,1400,1800,1600,24
Maharashtra,Pune,Khed(Chakan),Potato,Other,FAQ,12/04/2022,1400,1800,1600,24
Maharashtra,Pune,Khed(Chakan),Potato,Other,FAQ,14/04/2022,1300,1700,1500,24
Maharashtra,Pune,Khed(Chakan),Potato,Other,FAQ,20/04/2022,1400,1700,1550,24
Maharashtra,Pune,Khed(Chakan),Potato,Other,FAQ,23/04/2022,1400,1800,1600,24
Maharashtra,Pune,Khed(Chakan),Potato,Other,FAQ,26/04/2022,1500,1900,1700,24
Maharashtra,Pune,Khed(Chakan),Potato,Other,FAQ,18/05/2022,1500,2000,1750,24
Maharashtra,Pune,Khed(Chakan),Potato,Other,FAQ,21/05/2022,1500,2000,1750,24
Maharashtra,Pune,Khed(Chakan),Potato,Other,FAQ,31/05/2022,1500,1900,1700,24
Maharashtra,Pune,Khed(Chakan),Potato,Other,FAQ,05/06/2022,1500,2000,1750,24
Maharashtra,Pune,Khed(Chakan),Potato,Other,FAQ,07/06/2022,1500,2000,1750,24
Maharashtra,Pune,Khed(Chakan),Potato,Other,FAQ,09/06/2022,1500,2000,1750,24
Maharashtra,Pune,Khed(Chakan),Potato,Other,FAQ,10/06/2022,1400,1800,1600,24
Maharashtra,Pune,Khed(Chakan),Potato,Other,FAQ,18/06/2022,1500,2000,1750,24
Maharashtra,Pune,Khed(Chakan),Potato,Other,FAQ,22/06/2022,1500,2000,1750,24
Maharashtra,Pune,Khed(Chakan),Potato,Other,FAQ,26/06/2022,1600,1800,1700,24
Maharashtra,Pune,Khed(Chakan),Potato,Other,FAQ,05/07/2022,1500,2000,1750,24
Maharashtra,Pune,Khed(Chakan),Potato,Other,FAQ,22/07/2022,1700,2100,1900,24
Maharashtra,Pune,Khed(Chakan),Potato,Other,FAQ,29/07/2022,1700,2200,1900,24
Maharashtra,Pune,Khed(Chakan),Potato,Other,FAQ,04/08/2022,1700,2100,1900,24
Maharashtra,Pune,Khed(Chakan),Potato,Other,FAQ,06/08/2022,1700,2100,1900,24
Maharashtra,Pune,Khed(Chakan),Potato,Other,FAQ,10/08/2022,1700,2000,1800,24
Maharashtra,Pune,Khed(Chakan),Potato,Other,FAQ,04/09/2022,1700,2200,1950,24
Maharashtra,Pune,Khed(Chakan),Potato,Other,FAQ,08/09/2022,1600,2200,1900,24
Maharashtra,Pune,Khed(Chakan),Potato,Other,FAQ,09/09/2022,1600,2200,1900,24
Maharashtra,Pune,Khed(Chakan),Potato,Other,FAQ,18/09/2022,1500,2200,1800,24
Maharashtra,Pune,Khed(Chakan),Potato,Other,FAQ,01/10/2022,1600,2500,2000,24
Maharashtra,Pune,Khed(Chakan),Potato,Other,FAQ,04/10/2022,1500,2300,2000,24
Maharashtra,Pune,Khed(Chakan),Potato,Other,FAQ,08/10/2022,1600,2800,2000,24
Maharashtra,Pune,Khed(Chakan),Potato,Other,FAQ,09/10/2022,1600,2500,2100,24
Maharashtra,Pune,Khed(Chakan),Potato,Other,FAQ,12/10/2022,1600,2500,2000,24
Maharashtra,Pune,Khed(Chakan),Potato,Other,FAQ,15/10/2022,1700,2800,2000,24
Maharashtra,Pune,Khed(Chakan),Potato,Other,FAQ,01/11/2022,2000,2800,2400,24
Maharashtra,Pune,Khed(Chakan),Potato,Other,FAQ,02/11/2022,1800,2800,2300,24
Maharashtra,Pune,Khed(Chakan),Potato,Other,FAQ,16/11/2022,1600,2600,2000,24
Maharashtra,Pune,Khed(Chakan),Potato,Other,FAQ,17/11/2022,1600,2600,2100,24
Maharashtra,Pune,Khed(Chakan),Potato,Other,FAQ,22/11/2022,1200,2200,1700,24
Maharashtra,Pune,Khed(Chakan),Potato,Other,FAQ,27/11/2022,1200,2200,1700,24
Maharashtra,Pune,Khed(Chakan),Potato,Other,FAQ,01/12/2022,1400,2300,1900,24
Maharashtra,Pune,Khed(Chakan),Potato,Other,FAQ,20/12/2022,1500,2300,1900,24
Maharashtra,Pune,Khed(Chakan),Potato,Other,FAQ,28/12/2022,1500,1800,1600,24
Maharashtra,Pune,Khed(Chakan),Potato,Other,FAQ,04/01/2023,1300,1800,1500,24
Maharashtra,Pune,Khed(Chakan),Potato,Other,FAQ,27/01/2023,1000,1400,1200,24
Maharashtra,Pune,Khed(Chakan),Potato,Other,FAQ,01/02/2023,900,1300,1100,24
Maharashtra,Pune,Khed(Chakan),Potato,Other,FAQ,14/02/2023,800,1300,1050,24
Maharashtra,Pune,Khed(Chakan),Potato,Other,FAQ,15/02/2023,800,1200,1000,24
Maharashtra,Pune,Khed(Chakan),Potato,Other,FAQ,26/02/2023,800,1400,1100,24
Maharashtra,Pune,Khed(Chakan),Potato,Other,FAQ,05/03/2023,800,1500,1100,24
Maharashtra,Pune,Khed(Chakan),Potato,Other,FAQ,08/03/2023,800,1300,1100,24
Maharashtra,Pune,Khed(Chakan),Potato,Other,FAQ,09/03/2023,800,1400,1100,24
Maharashtra,Pune,Khed(Chakan),Potato,Other,FAQ,16/03/2023,800,1300,1100,24
Maharashtra,Pune,Khed(Chakan),Potato,Other,FAQ,17/03/2023,800,1300,1000,24
Maharashtra,Pune,Khed(Chakan),Potato,Other,FAQ,18/03/2023,800,1400,1100,24
Maharashtra,Pune,Khed(Chakan),Potato,Other,FAQ,22/03/2023,800,1300,1000,24
Maharashtra,Pune,Khed(Chakan),Potato,Other,FAQ,24/03/2023,1000,1400,1200,24
Maharashtra,Pune,Khed(Chakan),Potato,Other,FAQ,31/03/2023,800,1300,1050,24
Maharashtra,Pune,Khed(Chakan),Potato,Other,FAQ,14/04/2023,1000,1500,1250,24
Maharashtra,Pune,Khed(Chakan),Potato,Other,FAQ,06/05/2023,1300,2000,1650,24
Maharashtra,Pune,Khed(Chakan),Potato,Other,FAQ,24/05/2023,1300,1800,1550,24
Maharashtra,Pune,Khed(Chakan),Potato,Other,FAQ,30/05/2023,1200,1600,1500,24
Maharashtra,Pune,Khed(Chakan),Potato,Other,FAQ,02/06/2023,1200,1800,1500,24
Maharashtra,Pune,Khed(Chakan),Potato,Other,FAQ,09/06/2023,1200,1800,1500,24
Maharashtra,Pune,Khed(Chakan),Potato,Other,FAQ,14/06/2023,1200,1800,1500,24
Maharashtra,Pune,Khed(Chakan),Potato,Other,FAQ,21/06/2023,1200,1800,1500,24
Maharashtra,Pune,Khed(Chakan),Potato,Other,FAQ,22/06/2023,1100,2000,1400,24
Maharashtra,Pune,Khed(Chakan),Potato,Other,FAQ,25/06/2023,1400,2000,1500,24
Maharashtra,Pune,Khed(Chakan),Potato,Other,FAQ,25/07/2023,1500,2200,1800,24
Maharashtra,Pune,Khed(Chakan),Potato,Other,FAQ,27/07/2023,1400,2000,1700,24
Maharashtra,Pune,Khed(Chakan),Potato,Other,FAQ,04/08/2023,1200,2000,1600,24
Maharashtra,Pune,Khed(Chakan),Potato,Other,FAQ,18/08/2023,1300,2000,1400,24
Maharashtra,Pune,Khed(Chakan),Potato,Other,FAQ,20/08/2023,1300,2000,1600,24
Maharashtra,Pune,Khed(Chakan),Potato,Other,FAQ,12/09/2023,1300,2000,1500,24
Maharashtra,Pune,Khed(Chakan),Potato,Other,FAQ,11/10/2023,800,1200,1000,24
Maharashtra,Pune,Khed(Chakan),Potato,Other,FAQ,21/10/2023,1200,2000,1500,24
Maharashtra,Pune,Khed(Chakan),Potato,Other,FAQ,18/11/2023,1200,2000,1400,24
Maharashtra,Pune,Khed(Chakan),Potato,Other,FAQ,15/12/2023,1100,1800,1300,24
Maharashtra,Pune,Khed(Chakan),Potato,Other,FAQ,20/12/2023,1100,1800,1300,24
Maharashtra,Pune,Khed(Chakan),Potato,Other,FAQ,21/12/2023,1100,1700,1300,24
Maharashtra,Pune,Khed(Chakan),Potato,Other,FAQ,26/12/2023,1200,1600,1400,24
Maharashtra,Pune,Khed(Chakan),Potato,Other,FAQ,29/12/2023,1100,1600,1300,24
Maharashtra,Pune,Khed(Chakan),Potato,Other,Local,01/03/2025,1200,2000,1400,24
Maharashtra,Pune,Khed(Chakan),Potato,Other,Local,04/03/2025,1300,2000,1400,24
Maharashtra,Pune,Khed(Chakan),Potato,Other,Local,14/03/2025,1200,1900,1800,24
Maharashtra,Pune,Khed(Chakan),Potato,Other,Local,16/03/2025,1300,1900,1400,24
Maharashtra,Pune,Khed(Chakan),Potato,Other,Local,27/03/2025,1200,1800,1300,24
Maharashtra,Pune,Khed(Chakan),Potato,Other,Local,29/05/2025,1400,2000,1500,24
Maharashtra,Pune,Khed(Chakan),Potato,Other,Local,04/06/2025,1300,2000,1700,24
Maharashtra,Pune,Khed(Chakan),Potato,Other,Local,14/06/2025,1200,2200,1800,24
Maharashtra,Pune,Khed(Chakan),Potato,Other,Local,08/06/2025,1300,2000,1600,24
Maharashtra,Pune,Khed(Chakan),Potato,Other,Local,11/06/2025,1500,2200,1800,24
Maharashtra,Pune,Khed(Chakan),Potato,Other,Local,24/06/2025,1500,2100,1600,24
Maharashtra,Pune,Khed(Chakan),Potato,Other,Local,29/06/2025,1300,2100,1500,24
Maharashtra,Pune,Khed(Chakan),Potato,Other,Local,30/07/2025,1000,1800,1300,24
Maharashtra,Pune,Khed(Chakan),Potato,Other,Local,04/07/2025,1300,2100,1600,24
Maharashtra,Pune,Khed(Chakan),Potato,Other,Local,08/07/2025,1400,2100,1600,24
Maharashtra,Pune,Khed(Chakan),Potato,Other,Local,24/07/2025,1200,1900,1500,24
Maharashtra,Pune,Khed(Chakan),Potato,Other,Local,29/08/2025,1200,1800,1500,24
Maharashtra,Pune,Khed(Chakan),Potato,Other,Local,31/08/2025,1200,1800,1500,24
Maharashtra,Pune,Khed(Chakan),Potato,Other,Local,24/08/2025,1200,1800,1500,24
Maharashtra,Pune,Khed(Chakan),Potato,Other,Local,28/08/2025,1200,1800,1500,24
Maharashtra,Pune,Khed(Chakan),Potato,Other,Local,05/09/2025,1000,1800,1400,24
Maharashtra,Pune,Khed(Chakan),Potato,Other,Local,18/09/2025,1000,1700,1500,24
Maharashtra,Pune,Khed(Chakan),Potato,Other,Local,24/09/2025,1200,1800,1500,24
Maharashtra,Pune,Khed(Chakan),Potato,Other,Local,01/10/2025,1200,1800,1500,24
Maharashtra,Pune,Khed(Chakan),Potato,Other,Local,07/10/2025,1000,1800,1500,24
Maharashtra,Pune,Khed(Chakan),Potato,Other,Local,11/10/2025,1000,2000,1500,24
Maharashtra,Pune,Khed(Chakan),Potato,Other,Local,15/10/2025,1000,1800,1400,24
Maharashtra,Pune,Khed(Chakan),Potato,Other,Local,25/10/2025,1200,2200,1800,24
Maharashtra,Pune,Khed(Chakan),Potato,Other,FAQ,07/01/2022,900,1300,1100,24
Maharashtra,Pune,Khed(Chakan),Potato,Other,FAQ,21/01/2022,700,1200,1000,24
Maharashtra,Pune,Khed(Chakan),Potato,Other,FAQ,01/02/2022,1000,1200,1100,24
Maharashtra,Pune,Khed(Chakan),Potato,Other,FAQ,04/02/2022,1000,1300,1100,24
Maharashtra,Pune,Khed(Chakan),Potato,Other,FAQ,08/02/2022,1000,1400,1200,24
Maharashtra,Pune,Khed(Chakan),Potato,Other,FAQ,18/02/2022,1000,1500,1250,24
Maharashtra,Pune,Khed(Chakan),Potato,Other,FAQ,08/03/2022,1000,1600,1300,24
Maharashtra,Pune,Khed(Chakan),Potato,Other,FAQ,12/03/2022,1000,1500,1300,24
Maharashtra,Pune,Khed(Chakan),Potato,Other,FAQ,17/03/2022,1000,1500,1300,24
Maharashtra,Pune,Khed(Chakan),Potato,Other,FAQ,22/03/2022,1000,1500,1300,24
Maharashtra,Pune,Khed(Chakan),Potato,Other,FAQ,27/03/2022,1200,1700,1500,24
Maharashtra,Pune,Khed(Chakan),Potato,Other,FAQ,01/04/2022,1200,1700,1500,24
Maharashtra,Pune,Khed(Chakan),Potato,Other,FAQ,17/04/2022,1300,1700,1450,24
Maharashtra,Pune,Khed(Chakan),Potato,Other,FAQ,21/04/2022,1300,1700,1500,24
Maharashtra,Pune,Khed(Chakan),Potato,Other,FAQ,29/04/2022,1400,1800,1600,24
Maharashtra,Pune,Khed(Chakan),Potato,Other,FAQ,05/05/2022,1400,1800,1600,24
Maharashtra,Pune,Khed(Chakan),Potato,Other,FAQ,12/05/2022,1500,1900,1700,24
Maharashtra,Pune,Khed(Chakan),Potato,Other,FAQ,14/05/2022,1600,2000,1800,24
Maharashtra,Pune,Khed(Chakan),Potato,Other,FAQ,15/05/2022,1500,2000,1750,24
Maharashtra,Pune,Khed(Chakan),Potato,Other,FAQ,26/05/2022,1500,2000,1750,24
Maharashtra,Pune,Khed(Chakan),Potato,Other,FAQ,28/05/2022,1500,2000,1800,24
Maharashtra,Pune,Khed(Chakan),Potato,Other,FAQ,02/03/2021,1100,1500,1300,24
Maharashtra,Pune,Khed(Chakan),Potato,Other,FAQ,12/03/2021,800,1400,1200,24
Maharashtra,Pune,Khed(Chakan),Potato,Other,FAQ,16/03/2021,900,1400,1200,24
Maharashtra,Pune,Khed(Chakan),Potato,Other,FAQ,30/03/2021,1000,1400,1200,24
Maharashtra,Pune,Khed(Chakan),Potato,Other,FAQ,04/04/2021,1000,1600,1300,24
Maharashtra,Pune,Khed(Chakan),Potato,Other,FAQ,20/04/2021,1000,1500,1250,24
Maharashtra,Pune,Khed(Chakan),Potato,Other,FAQ,21/04/2021,1000,1500,1250,24
Maharashtra,Pune,Khed(Chakan),Potato,Other,FAQ,23/04/2021,1000,1400,1200,24
Maharashtra,Pune,Khed(Chakan),Potato,Other,FAQ,27/04/2021,1200,1600,1400,24
Maharashtra,Pune,Khed(Chakan),Potato,Other,FAQ,12/05/2021,1100,1500,1300,24
Maharashtra,Pune,Khed(Chakan),Potato,Other,FAQ,15/05/2021,1500,2000,1800,24
Maharashtra,Pune,Khed(Chakan),Potato,Other,FAQ,17/05/2021,1100,1700,1400,24
Maharashtra,Pune,Khed(Chakan),Potato,Other,FAQ,25/05/2021,1000,1600,1400,24
Maharashtra,Pune,Khed(Chakan),Potato,Other,FAQ,26/05/2021,1000,1600,1300,24
Maharashtra,Pune,Khed(Chakan),Potato,Other,FAQ,02/06/2021,1000,1600,1300,24
Maharashtra,Pune,Khed(Chakan),Potato,Other,FAQ,17/06/2021,1000,1400,1200,24
Maharashtra,Pune,Khed(Chakan),Potato,Other,FAQ,24/06/2021,1100,1600,1300,24
Maharashtra,Pune,Khed(Chakan),Potato,Other,FAQ,03/07/2021,900,1500,1300,24
Maharashtra,Pune,Khed(Chakan),Potato,Other,FAQ,13/07/2021,800,1300,1100,24
Maharashtra,Pune,Khed(Chakan),Potato,Other,FAQ,16/07/2021,800,1400,1100,24
Maharashtra,Pune,Khed(Chakan),Potato,Other,FAQ,07/08/2021,1000,1400,1200,24
Maharashtra,Pune,Khed(Chakan),Potato,Other,FAQ,11/08/2021,1000,1400,1200,24
Maharashtra,Pune,Khed(Chakan),Potato,Other,FAQ,12/08/2021,1000,1400,1200,24
Maharashtra,Pune,Khed(Chakan),Potato,Other,FAQ,14/08/2021,1000,1400,1200,24
Maharashtra,Pune,Khed(Chakan),Potato,Other,FAQ,18/08/2021,1000,1300,1100,24
Maharashtra,Pune,Khed(Chakan),Potato,Other,FAQ,24/08/2021,900,1300,1100,24
Maharashtra,Pune,Khed(Chakan),Potato,Other,FAQ,25/08/2021,1000,1300,1150,24
Maharashtra,Pune,Khed(Chakan),Potato,Other,FAQ,01/09/2021,1000,1300,1150,24
Maharashtra,Pune,Khed(Chakan),Potato,Other,FAQ,09/09/2021,800,1200,1000,24
Maharashtra,Pune,Khed(Chakan),Potato,Other,FAQ,10/09/2021,1000,1300,1100,24
Maharashtra,Pune,Khed(Chakan),Potato,Other,FAQ,12/09/2021,1000,1300,1150,24
Maharashtra,Pune,Khed(Chakan),Potato,Other,FAQ,16/09/2021,1000,1200,1100,24
Maharashtra,Pune,Khed(Chakan),Potato,Other,FAQ,30/09/2021,800,1300,1000,24
Maharashtra,Pune,Khed(Chakan),Potato,Other,FAQ,06/10/2021,1000,1600,1300,24
Maharashtra,Pune,Khed(Chakan),Potato,Other,FAQ,27/10/2021,1000,1700,1300,24
Maharashtra,Pune,Khed(Chakan),Potato,Other,FAQ,02/11/2021,1400,1800,1600,24
Maharashtra,Pune,Khed(Chakan),Potato,Other,FAQ,04/12/2021,1000,1500,1200,24
Maharashtra,Pune,Khed(Chakan),Potato,Other,FAQ,07/12/2021,1000,1600,1300,24
Maharashtra,Pune,Khed(Chakan),Potato,Other,FAQ,08/12/2021,1000,1600,1300,24
Maharashtra,Pune,Khed(Chakan),Potato,Other,FAQ,09/12/2021,1000,1600,1300,24
Maharashtra,Pune,Khed(Chakan),Potato,Other,FAQ,15/12/2021,1000,1800,1400,24
Maharashtra,Pune,Khed(Chakan),Potato,Other,FAQ,16/12/2021,1000,1800,1400,24
Maharashtra,Pune,Khed(Chakan),Potato,Other,FAQ,18/12/2021,900,1600,1200,24
Maharashtra,Pune,Khed(Chakan),Potato,Other,FAQ,29/12/2021,900,1400,1100,24
Maharashtra,Pune,Khed(Chakan),Potato,Other,FAQ,19/06/2022,1500,2000,1750,24
Maharashtra,Pune,Khed(Chakan),Potato,Other,FAQ,10/07/2022,1600,2100,1850,24
Maharashtra,Pune,Khed(Chakan),Potato,Other,FAQ,12/07/2022,1600,2100,1850,24
Maharashtra,Pune,Khed(Chakan),Potato,Other,FAQ,16/07/2022,1700,2100,1900,24
Maharashtra,Pune,Khed(Chakan),Potato,Other,FAQ,17/07/2022,1700,2100,1900,24
Maharashtra,Pune,Khed(Chakan),Potato,Other,FAQ,19/07/2022,1700,2100,1900,24
Maharashtra,Pune,Khed(Chakan),Potato,Other,FAQ,20/07/2022,1700,2100,1900,24
Maharashtra,Pune,Khed(Chakan),Potato,Other,FAQ,03/08/2022,1700,2000,1900,24
Maharashtra,Pune,Khed(Chakan),Potato,Other,FAQ,14/08/2022,1700,2100,1900,24
Maharashtra,Pune,Khed(Chakan),Potato,Other,FAQ,18/08/2022,1800,2200,2000,24
Maharashtra,Pune,Khed(Chakan),Potato,Other,FAQ,19/08/2022,1800,2200,2000,24
Maharashtra,Pune,Khed(Chakan),Potato,Other,FAQ,24/08/2022,1800,2200,2000,24
Maharashtra,Pune,Khed(Chakan),Potato,Other,FAQ,31/08/2022,1700,2200,1950,24
Maharashtra,Pune,Khed(Chakan),Potato,Other,FAQ,06/09/2022,1600,2200,1800,24
Maharashtra,Pune,Khed(Chakan),Potato,Other,FAQ,07/09/2022,1600,2200,2000,24
Maharashtra,Pune,Khed(Chakan),Potato,Other,FAQ,16/09/2022,1600,2000,1800,24
Maharashtra,Pune,Khed(Chakan),Potato,Other,FAQ,22/09/2022,1600,2200,1900,24
Maharashtra,Pune,Khed(Chakan),Potato,Other,FAQ,02/10/2022,1700,2300,2000,24
Maharashtra,Pune,Khed(Chakan),Potato,Other,FAQ,20/10/2022,1800,2700,2200,24
Maharashtra,Pune,Khed(Chakan),Potato,Other,FAQ,21/10/2022,1800,2800,2400,24
Maharashtra,Pune,Khed(Chakan),Potato,Other,FAQ,25/10/2022,1600,2200,1900,24
Maharashtra,Pune,Khed(Chakan),Potato,Other,FAQ,26/10/2022,1500,2500,2100,24
Maharashtra,Pune,Khed(Chakan),Potato,Other,FAQ,03/11/2022,1800,2800,2400,24
Maharashtra,Pune,Khed(Chakan),Potato,Other,FAQ,08/11/2022,1800,2900,2400,24
Maharashtra,Pune,Khed(Chakan),Potato,Other,FAQ,18/11/2022,1500,2500,2000,24
Maharashtra,Pune,Khed(Chakan),Potato,Other,FAQ,03/12/2022,1500,2400,1900,24
Maharashtra,Pune,Khed(Chakan),Potato,Other,FAQ,11/12/2022,1400,2200,1800,24
Maharashtra,Pune,Khed(Chakan),Potato,Other,FAQ,13/12/2022,1400,2200,1800,24
Maharashtra,Pune,Khed(Chakan),Potato,Other,FAQ,22/12/2022,1300,1700,1500,24
Maharashtra,Pune,Khed(Chakan),Potato,Other,FAQ,27/12/2022,1500,1800,1650,24
Maharashtra,Pune,Khed(Chakan),Potato,Other,FAQ,17/01/2023,1200,1700,1500,24
Maharashtra,Pune,Khed(Chakan),Potato,Other,FAQ,03/02/2023,900,1400,1150,24
Maharashtra,Pune,Khed(Chakan),Potato,Other,FAQ,08/02/2023,900,1400,1200,24
Maharashtra,Pune,Khed(Chakan),Potato,Other,FAQ,11/02/2023,900,1400,1150,24
Maharashtra,Pune,Khed(Chakan),Potato,Other,FAQ,16/02/2023,900,1200,1050,24
Maharashtra,Pune,Khed(Chakan),Potato,Other,FAQ,17/02/2023,800,1300,1050,24
Maharashtra,Pune,Khed(Chakan),Potato,Other,FAQ,21/02/2023,900,1300,1050,24
Maharashtra,Pune,Khed(Chakan),Potato,Other,FAQ,23/02/2023,800,1300,1050,24
Maharashtra,Pune,Khed(Chakan),Potato,Other,FAQ,02/03/2023,700,1400,1050,24
Maharashtra,Pune,Khed(Chakan),Potato,Other,FAQ,06/03/2023,800,1500,1100,24
Maharashtra,Pune,Khed(Chakan),Potato,Other,FAQ,15/03/2023,800,1300,1000,24
Maharashtra,Pune,Khed(Chakan),Potato,Other,FAQ,21/03/2023,900,1400,1150,24
Maharashtra,Pune,Khed(Chakan),Potato,Other,FAQ,23/03/2023,1000,1400,1200,24
Maharashtra,Pune,Khed(Chakan),Potato,Other,FAQ,25/03/2023,1000,1500,1250,24
Maharashtra,Pune,Khed(Chakan),Potato,Other,FAQ,28/03/2023,1000,1500,1250,24
Maharashtra,Pune,Khed(Chakan),Potato,Other,FAQ,01/04/2023,1000,1400,1200,24
Maharashtra,Pune,Khed(Chakan),Potato,Other,FAQ,02/04/2023,1200,1500,1350,24
Maharashtra,Pune,Khed(Chakan),Potato,Other,FAQ,11/04/2023,1000,1500,1250,24
Maharashtra,Pune,Khed(Chakan),Potato,Other,FAQ,12/04/2023,1100,1500,1300,24
Maharashtra,Pune,Khed(Chakan),Potato,Other,FAQ,13/04/2023,1000,1500,1250,24
Maharashtra,Pune,Khed(Chakan),Potato,Other,FAQ,02/05/2023,1300,1800,1500,24
Maharashtra,Pune,Khed(Chakan),Potato,Other,FAQ,12/05/2023,1200,1800,1400,24
Maharashtra,Pune,Khed(Chakan),Potato,Other,FAQ,19/05/2023,1100,1800,1400,24
Maharashtra,Pune,Khed(Chakan),Potato,Other,FAQ,28/05/2023,1300,2000,1600,24
Maharashtra,Pune,Khed(Chakan),Potato,Other,FAQ,01/06/2023,1200,2000,1400,24
Maharashtra,Pune,Khed(Chakan),Potato,Other,FAQ,06/06/2023,1200,1800,1500,24
Maharashtra,Pune,Khed(Chakan),Potato,Other,FAQ,10/06/2023,1200,1800,1500,24
Maharashtra,Pune,Khed(Chakan),Potato,Other,FAQ,20/06/2023,1200,2000,1600,24
Maharashtra,Pune,Khed(Chakan),Potato,Other,FAQ,27/06/2023,1300,2000,1500,24
Maharashtra,Pune,Khed(Chakan),Potato,Other,FAQ,02/07/2023,1200,2000,1600,24
Maharashtra,Pune,Khed(Chakan),Potato,Other,FAQ,04/07/2023,1300,2000,1600,24
Maharashtra,Pune,Khed(Chakan),Potato,Other,FAQ,06/07/2023,1300,2000,1600,24
Maharashtra,Pune,Khed(Chakan),Potato,Other,FAQ,12/07/2023,1300,2000,1600,24
Maharashtra,Pune,Khed(Chakan),Potato,Other,FAQ,02/08/2023,1300,2000,1500,24
Maharashtra,Pune,Khed(Chakan),Potato,Other,FAQ,09/08/2023,1300,2000,1500,24
Maharashtra,Pune,Khed(Chakan),Potato,Other,FAQ,12/08/2023,1200,2000,1600,24
Maharashtra,Pune,Khed(Chakan),Potato,Other,FAQ,17/08/2023,1300,2000,1600,24
Maharashtra,Pune,Khed(Chakan),Potato,Other,FAQ,19/08/2023,1200,2000,1600,24
Maharashtra,Pune,Khed(Chakan),Potato,Other,FAQ,24/08/2023,1300,2000,1600,24
Maharashtra,Pune,Khed(Chakan),Potato,Other,FAQ,29/08/2023,1300,2000,1400,24
Maharashtra,Pune,Khed(Chakan),Potato,Other,FAQ,01/09/2023,1300,2000,1600,24
Maharashtra,Pune,Khed(Chakan),Potato,Other,FAQ,06/09/2023,1300,2000,1600,24
Maharashtra,Pune,Khed(Chakan),Potato,Other,FAQ,08/09/2023,1300,2000,1500,24
Maharashtra,Pune,Khed(Chakan),Potato,Other,FAQ,22/09/2023,1100,1800,1500,24
Maharashtra,Pune,Khed(Chakan),Potato,Other,FAQ,27/09/2023,1200,2000,1600,24
Maharashtra,Pune,Khed(Chakan),Potato,Other,FAQ,29/09/2023,1300,2000,1500,24
Maharashtra,Pune,Khed(Chakan),Potato,Other,FAQ,30/09/2023,1300,2000,1400,24
Maharashtra,Pune,Khed(Chakan),Potato,Other,FAQ,03/10/2023,1400,2000,1500,24
Maharashtra,Pune,Khed(Chakan),Potato,Other,FAQ,05/10/2023,13,19,15,24
Maharashtra,Pune,Khed(Chakan),Potato,Other,FAQ,28/10/2023,1000,2000,1400,24
Maharashtra,Pune,Khed(Chakan),Potato,Other,FAQ,08/11/2023,1000,1800,1400,24
Maharashtra,Pune,Khed(Chakan),Potato,Other,FAQ,14/12/2023,1100,2000,1300,24
Maharashtra,Pune,Khed(Chakan),Potato,Other,FAQ,04/10/2024,2500,3300,2800,24
Maharashtra,Pune,Khed(Chakan),Potato,Other,FAQ,02/10/2024,2000,3200,2500,24
Maharashtra,Pune,Khed(Chakan),Potato,Other,FAQ,17/10/2024,2000,3300,2650,24
Maharashtra,Pune,Khed(Chakan),Potato,Other,FAQ,06/10/2024,2500,3300,2800,24
Maharashtra,Pune,Khed(Chakan),Potato,Other,FAQ,23/10/2024,2000,3300,2500,24
Maharashtra,Pune,Khed(Chakan),Potato,Other,FAQ,24/10/2024,2200,3500,2800,24
Maharashtra,Pune,Khed(Chakan),Potato,Other,FAQ,09/05/2024,1900,2500,2200,24
Maharashtra,Pune,Khed(Chakan),Potato,Other,FAQ,24/05/2024,1900,2600,2200,24
Maharashtra,Pune,Khed(Chakan),Potato,Other,FAQ,14/07/2024,2400,3000,2700,24
Maharashtra,Pune,Khed(Chakan),Potato,Other,FAQ,25/07/2024,2500,3000,2750,24
Maharashtra,Pune,Khed(Chakan),Potato,Other,FAQ,06/07/2024,2500,3000,2750,24
Maharashtra,Pune,Khed(Chakan),Potato,Other,FAQ,16/07/2024,2400,3000,2600,24
Maharashtra,Pune,Khed(Chakan),Potato,Other,FAQ,08/06/2024,2000,2700,2500,24
Maharashtra,Pune,Khed(Chakan),Potato,Other,FAQ,10/06/2024,1900,2700,2400,24
Maharashtra,Pune,Khed(Chakan),Potato,Other,FAQ,15/06/2024,2000,2700,2500,24
Maharashtra,Pune,Khed(Chakan),Potato,Other,FAQ,20/06/2024,2200,2800,2400,24
Maharashtra,Pune,Khed(Chakan),Potato,Other,FAQ,11/01/2025,1200,2200,1600,24
Maharashtra,Pune,Khed(Chakan),Potato,Other,FAQ,15/01/2025,1500,2300,2000,24
Maharashtra,Pune,Khed(Chakan),Potato,Other,FAQ,17/01/2025,1500,2000,1700,24
Maharashtra,Pune,Khed(Chakan),Potato,Other,Local,25/01/2025,1200,1800,1400,24
Maharashtra,Pune,Khed(Chakan),Potato,Other,Local,28/01/2025,1000,1800,1400,24
Maharashtra,Pune,Khed(Chakan),Potato,Other,FAQ,04/12/2024,2000,3700,2850,24
Maharashtra,Pune,Khed(Chakan),Potato,Other,FAQ,18/12/2024,1200,2400,1800,24
Maharashtra,Pune,Khed(Chakan),Potato,Other,FAQ,21/12/2024,1500,2300,1700,24
Maharashtra,Pune,Khed(Chakan),Potato,Other,FAQ,28/12/2024,1200,2000,1600,24
Maharashtra,Pune,Khed(Chakan),Potato,Other,FAQ,09/11/2024,3100,3700,3500,24
Maharashtra,Pune,Khed(Chakan),Potato,Other,FAQ,22/11/2024,2500,3800,3150,24
Maharashtra,Pune,Khed(Chakan),Potato,Other,Local,11/04/2025,1200,2000,1400,24
Maharashtra,Pune,Khed(Chakan),Potato,Other,Local,13/04/2025,1300,2000,1500,24
Maharashtra,Pune,Khed(Chakan),Potato,Other,Local,19/04/2025,1300,2000,1600,24
Maharashtra,Pune,Khed(Chakan),Potato,Other,Local,25/04/2025,1300,2000,1600,24
Maharashtra,Pune,Khed(Chakan),Potato,Other,Local,29/04/2025,1400,2000,1500,24
Maharashtra,Pune,Khed(Chakan),Potato,Other,Local,09/05/2025,1400,2000,1600,24
Maharashtra,Pune,Khed(Chakan),Potato,Other,Local,10/05/2025,1300,2000,1500,24
Maharashtra,Pune,Khed(Chakan),Potato,Other,Local,11/05/2025,1400,2000,1600,24
Maharashtra,Pune,Khed(Chakan),Potato,Other,Local,18/05/2025,1300,2000,1600,24
Maharashtra,Pune,Khed(Chakan),Potato,Other,Local,21/05/2025,1200,2100,1600,24
Maharashtra,Pune,Khed(Chakan),Potato,Other,Local,23/05/2025,1200,2000,1500,24
Maharashtra,Pune,Khed(Chakan),Potato,Other,Local,31/05/2025,1200,2100,1700,24
Maharashtra,Pune,Khed(Chakan),Potato,Other,FAQ,06/08/2024,2400,3000,2600,24
Maharashtra,Pune,Khed(Chakan),Potato,Other,FAQ,14/08/2024,2200,3000,2600,24
Maharashtra,Pune,Khed(Chakan),Potato,Other,FAQ,23/08/2024,2300,3000,2700,24
Maharashtra,Pune,Khed(Chakan),Potato,Other,FAQ,25/08/2024,2300,3000,2700,24
Maharashtra,Pune,Khed(Chakan),Potato,Other,FAQ,27/08/2024,2300,3000,2700,24
Maharashtra,Pune,Khed(Chakan),Potato,Other,FAQ,28/08/2024,2300,3000,2700,24
Maharashtra,Pune,Khed(Chakan),Potato,Other,FAQ,29/08/2024,2300,3000,2700,24
Maharashtra,Pune,Khed(Chakan),Potato,Other,Local,22/02/2025,1200,1900,1300,24
Maharashtra,Pune,Khed(Chakan),Potato,Other,Local,23/02/2025,1200,2000,1400,24
Maharashtra,Pune,Khed(Chakan),Potato,Other,FAQ,04/09/2024,2200,2800,2500,24
Maharashtra,Pune,Khed(Chakan),Potato,Other,FAQ,06/09/2024,2200,2800,2500,24
Maharashtra,Pune,Khed(Chakan),Potato,Other,FAQ,03/09/2024,2200,3000,2600,24
Maharashtra,Pune,Khed(Chakan),Potato,Other,FAQ,20/09/2024,2000,2800,2500,24
Maharashtra,Pune,Khed(Chakan),Potato,Other,FAQ,21/09/2024,2000,3000,2500,24
Maharashtra,Pune,Khed(Chakan),Potato,Other,FAQ,04/01/2024,1100,1600,1300,24
Maharashtra,Pune,Khed(Chakan),Potato,Other,FAQ,06/01/2024,900,1800,1300,24
Maharashtra,Pune,Khed(Chakan),Potato,Other,FAQ,27/01/2024,1000,1500,1300,24
Maharashtra,Pune,Khed(Chakan),Potato,Other,FAQ,28/01/2024,1000,1500,1200,24
Maharashtra,Pune,Khed(Chakan),Potato,Other,FAQ,31/01/2024,600,1400,1000,24
Maharashtra,Pune,Khed(Chakan),Potato,Other,FAQ,01/02/2024,700,1200,1000,24
Maharashtra,Pune,Khed(Chakan),Potato,Other,FAQ,02/02/2024,900,1500,1100,24
Maharashtra,Pune,Khed(Chakan),Potato,Other,FAQ,07/02/2024,1200,1600,1400,24
Maharashtra,Pune,Khed(Chakan),Potato,Other,FAQ,16/02/2024,1400,1800,1600,24
Maharashtra,Pune,Khed(Chakan),Potato,Other,FAQ,24/02/2024,1300,1900,1500,24
Maharashtra,Pune,Khed(Chakan),Potato,Other,FAQ,27/02/2024,1300,1600,1500,24
Maharashtra,Pune,Khed(Chakan),Potato,Other,FAQ,17/03/2024,1500,2000,1700,24
Maharashtra,Pune,Khed(Chakan),Potato,Other,FAQ,29/03/2024,1800,2200,2000,24
Maharashtra,Pune,Khed(Chakan),Potato,Other,FAQ,03/04/2024,2000,2500,2250,24
Maharashtra,Pune,Khed(Chakan),Potato,Other,FAQ,06/04/2024,1800,2500,2000,24
Maharashtra,Pune,Khed(Chakan),Potato,Other,Local,10/03/2025,1200,2000,1400,24
Maharashtra,Pune,Khed(Chakan),Potato,Other,Local,11/03/2025,1200,2000,1500,24
Maharashtra,Pune,Khed(Chakan),Potato,Other,Local,20/03/2025,1200,2000,1400,24
Maharashtra,Pune,Khed(Chakan),Potato,Other,Local,23/03/2025,1200,2000,1300,24
Maharashtra,Pune,Khed(Chakan),Potato,Other,Local,25/03/2025,1000,2000,1400,24
Maharashtra,Pune,Khed(Chakan),Potato,Other,Local,26/03/2025,1200,2000,1400,24
Maharashtra,Pune,Khed(Chakan),Potato,Other,Local,02/07/2025,1500,2000,1700,24
Maharashtra,Pune,Khed(Chakan),Potato,Other,Local,03/07/2025,1300,2100,1600,24
Maharashtra,Pune,Khed(Chakan),Potato,Other,Local,15/07/2025,1200,2100,1500,24
Maharashtra,Pune,Khed(Chakan),Potato,Other,Local,07/06/2025,1300,2000,1600,24
Maharashtra,Pune,Khed(Chakan),Potato,Other,Local,10/06/2025,1300,2000,1600,24
Maharashtra,Pune,Khed(Chakan),Potato,Other,Local,17/06/2025,1200,2000,1600,24
Maharashtra,Pune,Khed(Chakan),Potato,Other,Local,27/06/2025,1300,2000,1600,24
Maharashtra,Pune,Khed(Chakan),Potato,Other,Local,05/06/2025,1300,2000,1600,24
Maharashtra,Pune,Khed(Chakan),Potato,Other,Local,25/09/2025,1200,1800,1500,24
Maharashtra,Pune,Khed(Chakan),Potato,Other,Local,01/08/2025,1200,1800,1500,24
Maharashtra,Pune,Khed(Chakan),Potato,Other,Local,17/08/2025,1200,1800,1500,24
Maharashtra,Pune,Khed(Chakan),Potato,Other,Local,30/08/2025,1200,2000,1500,24
Maharashtra,Pune,Khed(Chakan),Potato,Other,Local,02/08/2025,1200,1800,1500,24
Maharashtra,Pune,Khed(Chakan),Potato,Other,Local,07/08/2025,1200,1800,1500,24
Maharashtra,Pune,Khed(Chakan),Potato,Other,Local,08/08/2025,1200,1800,1500,24
Maharashtra,Pune,Khed(Chakan),Potato,Other,Local,03/10/2025,1200,1800,1500,24
Maharashtra,Pune,Khed(Chakan),Potato,Other,Local,16/10/2025,1200,1800,1500,24
Maharashtra,Pune,Khed(Chakan),Potato,Other,Local,17/10/2025,1200,1800,1500,24
Maharashtra,Pune,Khed(Chakan),Potato,Other,Local,30/10/2025,1200,2500,1500,24
Maharashtra,Pune,Khed(Chakan),Potato,Other,Local,31/10/2025,1200,2400,1500,24
Maharashtra,Pune,Khed(Chakan),Potato,Other,Local,01/11/2025,1300,2100,1800,24
Maharashtra,Pune,Khed(Chakan),Potato,Other,Local,05/10/2025,1000,1800,1500,24
Maharashtra,Pune,Khed(Chakan),Potato,Other,Local,29/10/2025,1200,2500,1800,24
Maharashtra,Pune,Khed(Chakan),Potato,Other,FAQ,05/03/2021,1000,1500,1200,24
Maharashtra,Pune,Khed(Chakan),Potato,Other,FAQ,10/03/2021,900,1500,1300,24
Maharashtra,Pune,Khed(Chakan),Potato,Other,FAQ,26/03/2021,900,1600,1200,24
Maharashtra,Pune,Khed(Chakan),Potato,Other,FAQ,31/03/2021,1000,1400,1200,24
Maharashtra,Pune,Khed(Chakan),Potato,Other,FAQ,03/04/2021,1000,1700,1300,24
Maharashtra,Pune,Khed(Chakan),Potato,Other,FAQ,03/05/2021,1100,1600,1350,24
Maharashtra,Pune,Khed(Chakan),Potato,Other,FAQ,31/05/2021,1000,1600,1300,24
Maharashtra,Pune,Khed(Chakan),Potato,Other,FAQ,11/06/2021,1000,1600,1300,24
Maharashtra,Pune,Khed(Chakan),Potato,Other,FAQ,16/06/2021,1000,1600,1300,24
Maharashtra,Pune,Khed(Chakan),Potato,Other,FAQ,29/06/2021,900,1500,1300,24
Maharashtra,Pune,Khed(Chakan),Potato,Other,FAQ,07/07/2021,900,1500,1200,24
Maharashtra,Pune,Khed(Chakan),Potato,Other,FAQ,14/07/2021,800,1300,1050,24
Maharashtra,Pune,Khed(Chakan),Potato,Other,FAQ,22/07/2021,900,1300,1100,24
Maharashtra,Pune,Khed(Chakan),Potato,Other,FAQ,25/07/2021,800,1300,1100,24
Maharashtra,Pune,Khed(Chakan),Potato,Other,FAQ,30/07/2021,900,1300,1100,24
Maharashtra,Pune,Khed(Chakan),Potato,Other,FAQ,31/07/2021,900,1300,1100,24
Maharashtra,Pune,Khed(Chakan),Potato,Other,FAQ,01/08/2021,900,1300,1100,24
Maharashtra,Pune,Khed(Chakan),Potato,Other,FAQ,08/08/2021,1000,1400,1200,24
Maharashtra,Pune,Khed(Chakan),Potato,Other,FAQ,17/08/2021,1000,1400,1200,24
Maharashtra,Pune,Khed(Chakan),Potato,Other,FAQ,21/08/2021,800,1300,1100,24
Maharashtra,Pune,Khed(Chakan),Potato,Other,FAQ,07/09/2021,1000,1300,1150,24
Maharashtra,Pune,Khed(Chakan),Potato,Other,FAQ,24/09/2021,1000,1600,1300,24
Maharashtra,Pune,Khed(Chakan),Potato,Other,FAQ,02/10/2021,800,1300,1050,24
Maharashtra,Pune,Khed(Chakan),Potato,Other,FAQ,03/10/2021,800,1300,1000,24
Maharashtra,Pune,Khed(Chakan),Potato,Other,FAQ,20/10/2021,1000,1500,1200,24
Maharashtra,Pune,Khed(Chakan),Potato,Other,FAQ,26/10/2021,1000,1600,1300,24
Maharashtra,Pune,Khed(Chakan),Potato,Other,FAQ,28/10/2021,1000,1800,1500,24
Maharashtra,Pune,Khed(Chakan),Potato,Other,FAQ,29/10/2021,1000,1800,1400,24
Maharashtra,Pune,Khed(Chakan),Potato,Other,FAQ,09/11/2021,1500,2200,2000,24
Maharashtra,Pune,Khed(Chakan),Potato,Other,FAQ,11/11/2021,1500,2200,1800,24
Maharashtra,Pune,Khed(Chakan),Potato,Other,FAQ,18/11/2021,1400,1800,1600,24
Maharashtra,Pune,Khed(Chakan),Potato,Other,FAQ,23/11/2021,1400,1800,1600,24
Maharashtra,Pune,Khed(Chakan),Potato,Other,FAQ,25/11/2021,1400,1800,1600,24
Maharashtra,Pune,Khed(Chakan),Potato,Other,FAQ,03/12/2021,1000,1500,1250,24
Maharashtra,Pune,Khed(Chakan),Potato,Other,FAQ,12/12/2021,800,1400,1100,24
Maharashtra,Pune,Khed(Chakan),Potato,Other,FAQ,19/12/2021,800,1500,1200,24
Maharashtra,Pune,Khed(Chakan),Potato,Other,FAQ,22/12/2021,1000,1400,1200,24
Maharashtra,Pune,Khed(Chakan),Potato,Other,FAQ,26/12/2021,1000,1600,1400,24
Maharashtra,Pune,Khed(Chakan),Potato,Other,FAQ,01/12/2024,2000,3800,2700,24
Maharashtra,Pune,Khed(Chakan),Potato,Other,FAQ,03/12/2024,2000,3800,2800,24
Maharashtra,Pune,Khed(Chakan),Potato,Other,FAQ,08/12/2024,2000,3800,2900,24
Maharashtra,Pune,Khed(Chakan),Potato,Other,FAQ,15/12/2024,1400,3800,2800,24
Maharashtra,Pune,Khed(Chakan),Potato,Other,FAQ,17/12/2024,1400,2400,2000,24
Maharashtra,Pune,Khed(Chakan),Potato,Other,FAQ,14/05/2024,1900,2500,2200,24
Maharashtra,Pune,Khed(Chakan),Potato,Other,FAQ,28/05/2024,2000,2600,2300,24
Maharashtra,Pune,Khed(Chakan),Potato,Other,FAQ,19/06/2024,2300,2800,2500,24
Maharashtra,Pune,Khed(Chakan),Potato,Other,FAQ,09/07/2024,2500,3000,2750,24
Maharashtra,Pune,Khed(Chakan),Potato,Other,FAQ,17/07/2024,2500,3000,2750,24
Maharashtra,Pune,Khed(Chakan),Potato,Other,FAQ,30/07/2024,2500,3000,2700,24
Maharashtra,Pune,Khed(Chakan),Potato,Other,FAQ,10/01/2024,1200,1700,1400,24
Maharashtra,Pune,Khed(Chakan),Potato,Other,FAQ,12/01/2024,1200,1700,1500,24
Maharashtra,Pune,Khed(Chakan),Potato,Other,FAQ,10/02/2024,1200,1600,1400,24
Maharashtra,Pune,Khed(Chakan),Potato,Other,FAQ,13/02/2024,1400,1800,1600,24
Maharashtra,Pune,Khed(Chakan),Potato,Other,FAQ,14/02/2024,1400,1900,1600,24
Maharashtra,Pune,Khed(Chakan),Potato,Other,FAQ,17/02/2024,1400,1800,1500,24
Maharashtra,Pune,Khed(Chakan),Potato,Other,FAQ,18/02/2024,1000,1600,1400,24
Maharashtra,Pune,Khed(Chakan),Potato,Other,FAQ,20/02/2024,1400,1600,1500,24
Maharashtra,Pune,Khed(Chakan),Potato,Other,FAQ,23/02/2024,1500,1800,1600,24
Maharashtra,Pune,Khed(Chakan),Potato,Other,FAQ,01/03/2024,1300,2000,1500,24
Maharashtra,Pune,Khed(Chakan),Potato,Other,FAQ,06/03/2024,1300,2000,1500,24
Maharashtra,Pune,Khed(Chakan),Potato,Other,FAQ,07/03/2024,1400,2000,1600,24
Maharashtra,Pune,Khed(Chakan),Potato,Other,FAQ,13/03/2024,1500,2000,1700,24
Maharashtra,Pune,Khed(Chakan),Potato,Other,FAQ,24/03/2024,1400,2000,1700,24
Maharashtra,Pune,Khed(Chakan),Potato,Other,FAQ,31/03/2024,1800,2400,2000,24
Maharashtra,Pune,Khed(Chakan),Potato,Other,FAQ,25/04/2024,1900,2500,2100,24
Maharashtra,Pune,Khed(Chakan),Potato,Other,FAQ,30/04/2024,1900,2500,2200,24
Maharashtra,Pune,Khed(Chakan),Potato,Other,FAQ,16/10/2024,2000,3400,2600,24
Maharashtra,Pune,Khed(Chakan),Potato,Other,FAQ,05/11/2024,2500,3500,3000,24
Maharashtra,Pune,Khed(Chakan),Potato,Other,FAQ,16/11/2024,2500,3800,2900,24
Maharashtra,Pune,Khed(Chakan),Potato,Other,FAQ,21/11/2024,2500,3800,2900,24
Maharashtra,Pune,Khed(Chakan),Potato,Other,FAQ,23/11/2024,2500,3800,3200,24
Maharashtra,Pune,Khed(Chakan),Potato,Other,FAQ,06/01/2023,1300,1800,1500,24
Maharashtra,Pune,Khed(Chakan),Potato,Other,FAQ,19/01/2023,900,1500,1200,24
Maharashtra,Pune,Khed(Chakan),Potato,Other,FAQ,22/01/2023,1000,1400,1200,24
Maharashtra,Pune,Khed(Chakan),Potato,Other,FAQ,25/01/2023,1000,1500,1250,24
Maharashtra,Pune,Khed(Chakan),Potato,Other,FAQ,02/02/2023,900,1600,1200,24
Maharashtra,Pune,Khed(Chakan),Potato,Other,FAQ,19/02/2023,800,1300,1050,24
Maharashtra,Pune,Khed(Chakan),Potato,Other,FAQ,22/02/2023,800,1300,1050,24
Maharashtra,Pune,Khed(Chakan),Potato,Other,FAQ,25/02/2023,800,1400,1050,24
Maharashtra,Pune,Khed(Chakan),Potato,Other,FAQ,01/03/2023,800,1400,1100,24
Maharashtra,Pune,Khed(Chakan),Potato,Other,FAQ,10/03/2023,800,1300,1050,24
Maharashtra,Pune,Khed(Chakan),Potato,Other,FAQ,11/03/2023,700,1200,1050,24
Maharashtra,Pune,Khed(Chakan),Potato,Other,FAQ,26/03/2023,1000,1400,1200,24
Maharashtra,Pune,Khed(Chakan),Potato,Other,FAQ,05/04/2023,1000,1400,1200,24
Maharashtra,Pune,Khed(Chakan),Potato,Other,FAQ,18/04/2023,1100,1500,1300,24
Maharashtra,Pune,Khed(Chakan),Potato,Other,FAQ,21/04/2023,1200,1600,1400,24
Maharashtra,Pune,Khed(Chakan),Potato,Other,FAQ,23/04/2023,1100,1500,1400,24
Maharashtra,Pune,Khed(Chakan),Potato,Other,FAQ,25/04/2023,1200,1500,1350,24
Maharashtra,Pune,Khed(Chakan),Potato,Other,FAQ,30/04/2023,1100,1600,1350,24
Maharashtra,Pune,Khed(Chakan),Potato,Other,FAQ,05/05/2023,1300,1800,1550,24
Maharashtra,Pune,Khed(Chakan),Potato,Other,FAQ,07/05/2023,1200,1600,1400,24
Maharashtra,Pune,Khed(Chakan),Potato,Other,FAQ,09/05/2023,1300,2000,1700,24
Maharashtra,Pune,Khed(Chakan),Potato,Other,FAQ,13/05/2023,1100,1800,1400,24
Maharashtra,Pune,Khed(Chakan),Potato,Other,FAQ,16/05/2023,1100,1600,1400,24
Maharashtra,Pune,Khed(Chakan),Potato,Other,FAQ,07/06/2023,1200,1800,1500,24
Maharashtra,Pune,Khed(Chakan),Potato,Other,FAQ,11/06/2023,1100,1800,1500,24
Maharashtra,Pune,Khed(Chakan),Potato,Other,FAQ,23/06/2023,1200,2000,1600,24
Maharashtra,Pune,Khed(Chakan),Potato,Other,FAQ,24/06/2023,1200,2000,1500,24
Maharashtra,Pune,Khed(Chakan),Potato,Other,FAQ,09/07/2023,1400,2000,1600,24
Maharashtra,Pune,Khed(Chakan),Potato,Other,FAQ,22/08/2023,1300,2000,1800,24
Maharashtra,Pune,Khed(Chakan),Potato,Other,FAQ,02/09/2023,1300,2000,1600,24
Maharashtra,Pune,Khed(Chakan),Potato,Other,FAQ,05/09/2023,1300,2000,1600,24
Maharashtra,Pune,Khed(Chakan),Potato,Other,FAQ,13/09/2023,1200,2000,1600,24
Maharashtra,Pune,Khed(Chakan),Potato,Other,FAQ,15/09/2023,1200,2000,1500,24
Maharashtra,Pune,Khed(Chakan),Potato,Other,FAQ,19/09/2023,1200,2000,1500,24
Maharashtra,Pune,Khed(Chakan),Potato,Other,FAQ,23/09/2023,1200,2000,1400,24
Maharashtra,Pune,Khed(Chakan),Potato,Other,FAQ,26/09/2023,1200,2000,1500,24
Maharashtra,Pune,Khed(Chakan),Potato,Other,FAQ,07/10/2023,1200,1900,1500,24
Maharashtra,Pune,Khed(Chakan),Potato,Other,FAQ,22/11/2023,1100,2000,1300,24
Maharashtra,Pune,Khed(Chakan),Potato,Other,FAQ,06/12/2023,1100,2000,1300,24
Maharashtra,Pune,Khed(Chakan),Potato,Other,FAQ,17/12/2023,1100,1800,1300,24
Maharashtra,Pune,Khed(Chakan),Potato,Other,FAQ,19/12/2023,1000,1800,1500,24
Maharashtra,Pune,Khed(Chakan),Potato,Other,FAQ,22/12/2023,1100,1700,1300,24
Maharashtra,Pune,Khed(Chakan),Potato,Other,FAQ,27/12/2023,1200,1600,1400,24
Maharashtra,Pune,Khed(Chakan),Potato,Other,FAQ,28/12/2023,1200,1600,1400,24
Maharashtra,Pune,Khed(Chakan),Potato,Other,FAQ,30/12/2023,1100,1500,1300,24
Maharashtra,Pune,Khed(Chakan),Potato,Other,FAQ,02/08/2024,2500,3000,2700,24
Maharashtra,Pune,Khed(Chakan),Potato,Other,FAQ,13/08/2024,2200,3000,2700,24
Maharashtra,Pune,Khed(Chakan),Potato,Other,FAQ,16/08/2024,2000,3000,2600,24
Maharashtra,Pune,Khed(Chakan),Potato,Other,FAQ,21/08/2024,2400,3000,2800,24
Maharashtra,Pune,Khed(Chakan),Potato,Other,FAQ,24/08/2024,2300,3000,2700,24
Maharashtra,Pune,Khed(Chakan),Potato,Other,FAQ,31/08/2024,2200,3000,2600,24
Maharashtra,Pune,Khed(Chakan),Potato,Other,FAQ,25/10/2024,2200,3500,2800,24
Maharashtra,Pune,Khed(Chakan),Potato,Other,FAQ,03/10/2024,2500,3300,2800,24
Maharashtra,Pune,Khed(Chakan),Potato,Other,FAQ,29/10/2024,2200,3500,2800,24
Maharashtra,Pune,Khed(Chakan),Potato,Other,FAQ,10/10/2024,2400,3300,2800,24
Maharashtra,Pune,Khed(Chakan),Potato,Other,FAQ,20/10/2024,2500,3300,2800,24
Maharashtra,Pune,Khed(Chakan),Potato,Other,FAQ,11/10/2024,2400,3300,2850,24
Maharashtra,Pune,Khed(Chakan),Potato,Other,FAQ,15/10/2024,2000,3400,2700,24
Maharashtra,Pune,Khed(Chakan),Potato,Other,FAQ,01/09/2024,2200,3000,2600,24
Maharashtra,Pune,Khed(Chakan),Potato,Other,FAQ,08/09/2024,2200,2800,2600,24
Maharashtra,Pune,Khed(Chakan),Potato,Other,FAQ,11/09/2024,2000,2800,2500,24
Maharashtra,Pune,Khed(Chakan),Potato,Other,FAQ,19/09/2024,2000,3000,2500,24
Maharashtra,Pune,Khed(Chakan),Potato,Other,FAQ,26/09/2024,2000,3000,2500,24
Maharashtra,Pune,Khed(Chakan),Potato,Other,FAQ,12/09/2024,2000,2800,2500,24
Maharashtra,Pune,Khed(Chakan),Potato,Other,FAQ,17/09/2024,2000,2800,2500,24
Maharashtra,Pune,Khed(Chakan),Potato,Other,Local,05/02/2025,1800,2500,1950,24
Maharashtra,Pune,Khed(Chakan),Potato,Other,Local,13/02/2025,1400,1800,1600,24
Maharashtra,Pune,Khed(Chakan),Potato,Other,Local,21/02/2025,1500,2000,1750,24
Maharashtra,Pune,Khed(Chakan),Potato,Other,Local,26/02/2025,1200,1900,1500,24
Maharashtra,Pune,Khed(Chakan),Potato,Other,FAQ,05/01/2025,1500,1900,1700,24
Maharashtra,Pune,Khed(Chakan),Potato,Other,FAQ,08/01/2025,1200,2200,1800,24
Maharashtra,Pune,Khed(Chakan),Potato,Other,FAQ,09/01/2025,1200,2200,1600,24
Maharashtra,Pune,Khed(Chakan),Potato,Other,FAQ,22/01/2025,1000,1800,1400,24
Maharashtra,Pune,Khed(Chakan),Potato,Other,FAQ,23/01/2025,1100,1800,1400,24
Maharashtra,Pune,Khed(Chakan),Potato,Other,Local,30/01/2025,1100,1800,1400,24
Maharashtra,Pune,Khed(Chakan),Potato,Other,Local,02/04/2025,1000,2000,1200,24
Maharashtra,Pune,Khed(Chakan),Potato,Other,Local,04/04/2025,1300,2000,1500,24
Maharashtra,Pune,Khed(Chakan),Potato,Other,Local,15/04/2025,1300,2000,1500,24
Maharashtra,Pune,Khed(Chakan),Potato,Other,Local,20/04/2025,1200,2000,1600,24
Maharashtra,Pune,Khed(Chakan),Potato,Other,Local,03/05/2025,1200,2000,1600,24
Maharashtra,Pune,Khed(Chakan),Potato,Other,Local,04/05/2025,1400,2100,1700,24
Maharashtra,Pune,Khed(Chakan),Potato,Other,Local,06/05/2025,1300,1800,1500,24
Maharashtra,Pune,Khed(Chakan),Potato,Other,Local,07/05/2025,1200,2000,1600,24
Maharashtra,Pune,Khed(Chakan),Potato,Other,Local,08/05/2025,1300,2000,1500,24
Maharashtra,Pune,Khed(Chakan),Potato,Other,Local,05/03/2025,1200,2000,1600,24
Maharashtra,Pune,Khed(Chakan),Potato,Other,Local,09/03/2025,1200,2000,1400,24
Maharashtra,Pune,Khed(Chakan),Potato,Other,Local,19/03/2025,1000,2000,1500,24
Maharashtra,Pune,Khed(Chakan),Potato,Other,Local,22/03/2025,1200,2000,1400,24
Maharashtra,Pune,Khed(Chakan),Potato,Other,Local,07/03/2025,1200,2000,1400,24
Maharashtra,Pune,Khed(Chakan),Potato,Other,Local,21/03/2025,1200,2000,1400,24
Maharashtra,Pune,Khed(Chakan),Potato,Other,Local,28/03/2025,1200,2000,1500,24
Maharashtra,Pune,Khed(Chakan),Potato,Other,FAQ,11/06/2022,1500,1900,1700,24
Maharashtra,Pune,Khed(Chakan),Potato,Other,FAQ,17/06/2022,1500,2000,1750,24
Maharashtra,Pune,Khed(Chakan),Potato,Other,FAQ,21/06/2022,1500,2000,1720,24
Maharashtra,Pune,Khed(Chakan),Potato,Other,FAQ,28/06/2022,1500,2000,1750,24
Maharashtra,Pune,Khed(Chakan),Potato,Other,FAQ,02/07/2022,1500,2000,1750,24
Maharashtra,Pune,Khed(Chakan),Potato,Other,FAQ,08/07/2022,1500,2000,1750,24
Maharashtra,Pune,Khed(Chakan),Potato,Other,FAQ,14/07/2022,1700,2100,1900,24
Maharashtra,Pune,Khed(Chakan),Potato,Other,FAQ,27/07/2022,1700,2200,1900,24
Maharashtra,Pune,Khed(Chakan),Potato,Other,FAQ,05/08/2022,1900,2100,2000,24
Maharashtra,Pune,Khed(Chakan),Potato,Other,FAQ,09/08/2022,1700,2100,1900,24
Maharashtra,Pune,Khed(Chakan),Potato,Other,FAQ,11/08/2022,1700,2000,1900,24
Maharashtra,Pune,Khed(Chakan),Potato,Other,FAQ,12/08/2022,1600,2000,1800,24
Maharashtra,Pune,Khed(Chakan),Potato,Other,FAQ,20/08/2022,1700,2200,1900,24
Maharashtra,Pune,Khed(Chakan),Potato,Other,FAQ,23/08/2022,1800,2200,2000,24
Maharashtra,Pune,Khed(Chakan),Potato,Other,FAQ,25/08/2022,1700,2200,1900,24
Maharashtra,Pune,Khed(Chakan),Potato,Other,FAQ,26/08/2022,1700,2200,1850,24
Maharashtra,Pune,Khed(Chakan),Potato,Other,FAQ,02/09/2022,1700,2000,1850,24
Maharashtra,Pune,Khed(Chakan),Potato,Other,FAQ,21/09/2022,1600,2200,2000,24
Maharashtra,Pune,Khed(Chakan),Potato,Other,FAQ,25/09/2022,1600,2300,1950,24
Maharashtra,Pune,Khed(Chakan),Potato,Other,FAQ,26/09/2022,1600,2300,1900,24
Maharashtra,Pune,Khed(Chakan),Potato,Other,FAQ,07/10/2022,1600,2300,2000,24
Maharashtra,Pune,Khed(Chakan),Potato,Other,FAQ,13/10/2022,1600,2850,2000,24
Maharashtra,Pune,Khed(Chakan),Potato,Other,FAQ,18/10/2022,1800,2800,2300,24
Maharashtra,Pune,Khed(Chakan),Potato,Other,FAQ,23/10/2022,1500,2200,1800,24
Maharashtra,Pune,Khed(Chakan),Potato,Other,FAQ,29/10/2022,1800,2600,2300,24
Maharashtra,Pune,Khed(Chakan),Potato,Other,FAQ,30/10/2022,2000,3000,2500,24
Maharashtra,Pune,Khed(Chakan),Potato,Other,FAQ,06/11/2022,1800,2800,2200,24
Maharashtra,Pune,Khed(Chakan),Potato,Other,FAQ,10/11/2022,1600,2600,2100,24
Maharashtra,Pune,Khed(Chakan),Potato,Other,FAQ,15/11/2022,1500,2500,2000,24
Maharashtra,Pune,Khed(Chakan),Potato,Other,FAQ,19/11/2022,1500,2500,2000,24
Maharashtra,Pune,Khed(Chakan),Potato,Other,FAQ,30/11/2022,1300,2200,1800,24
Maharashtra,Pune,Khed(Chakan),Potato,Other,FAQ,04/12/2022,1500,2400,1900,24
Maharashtra,Pune,Khed(Chakan),Potato,Other,FAQ,06/12/2022,1500,2400,1900,24
Maharashtra,Pune,Khed(Chakan),Potato,Other,FAQ,14/12/2022,1400,2400,1900,24
Maharashtra,Pune,Khed(Chakan),Potato,Other,FAQ,18/12/2022,1500,2300,1900,24
Maharashtra,Pune,Khed(Chakan),Potato,Other,FAQ,29/12/2022,1500,1800,1650,24
Maharashtra,Pune,Khed(Chakan),Potato,Other,FAQ,02/01/2022,1000,1300,1150,24
Maharashtra,Pune,Khed(Chakan),Potato,Other,FAQ,04/01/2022,1000,1300,1150,24
Maharashtra,Pune,Khed(Chakan),Potato,Other,FAQ,11/01/2022,900,1300,1050,24
Maharashtra,Pune,Khed(Chakan),Potato,Other,FAQ,12/01/2022,1000,1500,1250,24
Maharashtra,Pune,Khed(Chakan),Potato,Other,FAQ,16/01/2022,1000,1500,1250,24
Maharashtra,Pune,Khed(Chakan),Potato,Other,FAQ,22/01/2022,700,1200,900,24
Maharashtra,Pune,Khed(Chakan),Potato,Other,FAQ,23/01/2022,700,1200,1000,24
Maharashtra,Pune,Khed(Chakan),Potato,Other,FAQ,02/02/2022,900,1200,1100,24
Maharashtra,Pune,Khed(Chakan),Potato,Other,FAQ,09/02/2022,1000,1500,1200,24
Maharashtra,Pune,Khed(Chakan),Potato,Other,FAQ,16/02/2022,1000,1500,1300,24
Maharashtra,Pune,Khed(Chakan),Potato,Other,FAQ,23/02/2022,1000,1500,1250,24
Maharashtra,Pune,Khed(Chakan),Potato,Other,FAQ,03/03/2022,1000,1500,1250,24
Maharashtra,Pune,Khed(Chakan),Potato,Other,FAQ,09/03/2022,1000,1600,1300,24
Maharashtra,Pune,Khed(Chakan),Potato,Other,FAQ,19/03/2022,1000,1600,1300,24
Maharashtra,Pune,Khed(Chakan),Potato,Other,FAQ,25/03/2022,1200,1700,1450,24
Maharashtra,Pune,Khed(Chakan),Potato,Other,FAQ,31/03/2022,1200,1600,1400,24
Maharashtra,Pune,Khed(Chakan),Potato,Other,FAQ,02/04/2022,1600,1800,1700,24
Maharashtra,Pune,Khed(Chakan),Potato,Other,FAQ,03/04/2022,1400,1800,1600,24
Maharashtra,Pune,Khed(Chakan),Potato,Other,FAQ,08/04/2022,1400,1800,1600,24
Maharashtra,Pune,Khed(Chakan),Potato,Other,FAQ,13/04/2022,1300,1700,1500,24
Maharashtra,Pune,Khed(Chakan),Potato,Other,FAQ,19/04/2022,1400,1800,1600,24
Maharashtra,Pune,Khed(Chakan),Potato,Other,FAQ,27/04/2022,1400,1800,1600,24
Maharashtra,Pune,Khed(Chakan),Potato,Other,FAQ,28/04/2022,1400,1700,1550,24
Maharashtra,Pune,Khed(Chakan),Potato,Other,FAQ,03/05/2022,1400,1800,1500,24
Maharashtra,Pune,Khed(Chakan),Potato,Other,FAQ,04/05/2022,1400,1800,1600,24
Maharashtra,Pune,Khed(Chakan),Potato,Other,FAQ,27/05/2022,1500,2000,1800,24
Maharashtra,Pune,Khed(Chakan),Potato,Other,Local,10/08/2025,1200,1800,1400,24
Maharashtra,Pune,Khed(Chakan),Potato,Other,Local,06/06/2025,1200,2000,1600,24
Maharashtra,Pune,Khed(Chakan),Potato,Other,Local,13/06/2025,1300,2000,1600,24
Maharashtra,Pune,Khed(Chakan),Potato,Other,Local,28/06/2025,1500,2200,1800,24
Maharashtra,Pune,Khed(Chakan),Potato,Other,Local,06/07/2025,1200,2100,1800,24
Maharashtra,Pune,Khed(Chakan),Potato,Other,Local,09/07/2025,1300,2100,1600,24
Maharashtra,Pune,Khed(Chakan),Potato,Other,Local,25/07/2025,1200,2000,1500,24
Maharashtra,Pune,Khed(Chakan),Potato,Other,Local,26/07/2025,1200,1900,1500,24
Maharashtra,Pune,Khed(Chakan),Potato,Other,Local,29/07/2025,1000,1800,1400,24
Maharashtra,Pune,Khed(Chakan),Potato,Other,Local,02/09/2025,1000,1800,1500,24
Maharashtra,Pune,Khed(Chakan),Potato,Other,Local,04/09/2025,1100,1800,1500,24
Maharashtra,Pune,Khed(Chakan),Potato,Other,Local,09/09/2025,1200,1800,1400,24
Maharashtra,Pune,Khed(Chakan),Potato,Other,Local,21/09/2025,1000,1800,1400,24
Maharashtra,Pune,Khed(Chakan),Potato,Other,Local,04/10/2025,1000,1800,1500,24
Maharashtra,Pune,Khed(Chakan),Potato,Other,Local,12/10/2025,1000,1800,1400,24
Maharashtra,Pune,Khed(Chakan),Potato,Other,FAQ,24/02/2021,1100,1500,1300,24
Maharashtra,Pune,Khed(Chakan),Potato,Other,FAQ,26/02/2021,1000,1400,1200,24
Maharashtra,Pune,Khed(Chakan),Potato,Other,FAQ,11/03/2021,1000,1300,1200,24
Maharashtra,Pune,Khed(Chakan),Potato,Other,FAQ,09/04/2021,1000,1400,1200,24
Maharashtra,Pune,Khed(Chakan),Potato,Other,FAQ,14/04/2021,1100,1600,1300,24
Maharashtra,Pune,Khed(Chakan),Potato,Other,FAQ,20/05/2021,1100,1700,1400,24
Maharashtra,Pune,Khed(Chakan),Potato,Other,FAQ,01/06/2021,1000,1600,1300,24
Maharashtra,Pune,Khed(Chakan),Potato,Other,FAQ,03/06/2021,1000,1600,1300,24
Maharashtra,Pune,Khed(Chakan),Potato,Other,FAQ,02/07/2021,800,1500,1200,24
Maharashtra,Pune,Khed(Chakan),Potato,Other,FAQ,06/07/2021,900,1500,1200,24
Maharashtra,Pune,Khed(Chakan),Potato,Other,FAQ,13/08/2021,1000,1300,1200,24
Maharashtra,Pune,Khed(Chakan),Potato,Other,FAQ,26/08/2021,900,1300,1100,24
Maharashtra,Pune,Khed(Chakan),Potato,Other,FAQ,28/08/2021,900,1300,1100,24
Maharashtra,Pune,Khed(Chakan),Potato,Other,FAQ,29/08/2021,1000,1300,1200,24
Maharashtra,Pune,Khed(Chakan),Potato,Other,FAQ,02/09/2021,1000,1300,1200,24
Maharashtra,Pune,Khed(Chakan),Potato,Other,FAQ,14/09/2021,1000,1300,1200,24
Maharashtra,Pune,Khed(Chakan),Potato,Other,FAQ,15/09/2021,1000,1300,1200,24
Maharashtra,Pune,Khed(Chakan),Potato,Other,FAQ,23/09/2021,1000,1600,1200,24
Maharashtra,Pune,Khed(Chakan),Potato,Other,FAQ,25/09/2021,1000,1500,1200,24
Maharashtra,Pune,Khed(Chakan),Potato,Other,FAQ,01/10/2021,800,1300,1100,24
Maharashtra,Pune,Khed(Chakan),Potato,Other,FAQ,12/10/2021,1000,1500,1250,24
Maharashtra,Pune,Khed(Chakan),Potato,Other,FAQ,13/10/2021,800,1400,1100,24
Maharashtra,Pune,Khed(Chakan),Potato,Other,FAQ,30/10/2021,1000,1800,1400,24
Maharashtra,Pune,Khed(Chakan),Potato,Other,FAQ,03/11/2021,1400,2000,1700,24
Maharashtra,Pune,Khed(Chakan),Potato,Other,FAQ,06/11/2021,1400,2000,1600,24
Maharashtra,Pune,Khed(Chakan),Potato,Other,FAQ,14/11/2021,1400,2000,1700,24
Maharashtra,Pune,Khed(Chakan),Potato,Other,FAQ,17/11/2021,1400,2000,1700,24
Maharashtra,Pune,Khed(Chakan),Potato,Other,FAQ,27/11/2021,1100,1800,1500,24
Maharashtra,Pune,Khed(Chakan),Potato,Other,FAQ,28/11/2021,1200,1800,1500,24
Maharashtra,Pune,Khed(Chakan),Potato,Other,FAQ,14/12/2021,1000,1700,1300,24
Maharashtra,Pune,Khed(Chakan),Potato,Other,FAQ,28/12/2021,900,1600,1200,24
Maharashtra,Pune,Khed(Chakan),Potato,Other,FAQ,31/12/2021,900,1300,1100,24
Maharashtra,Pune,Khed(Chakan),Potato,Other,FAQ,08/06/2022,1500,2000,1800,24
Maharashtra,Pune,Khed(Chakan),Potato,Other,FAQ,14/06/2022,1500,1900,1700,24
Maharashtra,Pune,Khed(Chakan),Potato,Other,FAQ,16/06/2022,1500,2000,1750,24
Maharashtra,Pune,Khed(Chakan),Potato,Other,FAQ,24/06/2022,1500,2000,1750,24
Maharashtra,Pune,Khed(Chakan),Potato,Other,FAQ,30/06/2022,1500,2000,1750,24
Maharashtra,Pune,Khed(Chakan),Potato,Other,FAQ,01/07/2022,1500,2000,1750,24
Maharashtra,Pune,Khed(Chakan),Potato,Other,FAQ,03/07/2022,1500,2000,1750,24
Maharashtra,Pune,Khed(Chakan),Potato,Other,FAQ,07/07/2022,1500,2000,1750,24
Maharashtra,Pune,Khed(Chakan),Potato,Other,FAQ,15/07/2022,1600,2100,1850,24
Maharashtra,Pune,Khed(Chakan),Potato,Other,FAQ,21/07/2022,1700,2100,1900,24
Maharashtra,Pune,Khed(Chakan),Potato,Other,FAQ,23/07/2022,1600,2100,1850,24
Maharashtra,Pune,Khed(Chakan),Potato,Other,FAQ,26/07/2022,1700,2200,1900,24
Maharashtra,Pune,Khed(Chakan),Potato,Other,FAQ,02/08/2022,1700,2000,1850,24
Maharashtra,Pune,Khed(Chakan),Potato,Other,FAQ,07/08/2022,1700,2100,1900,24
Maharashtra,Pune,Khed(Chakan),Potato,Other,FAQ,23/09/2022,1600,2200,1900,24
Maharashtra,Pune,Khed(Chakan),Potato,Other,FAQ,29/09/2022,1800,2500,2000,24
Maharashtra,Pune,Khed(Chakan),Potato,Other,FAQ,14/10/2022,1700,2500,2000,24
Maharashtra,Pune,Khed(Chakan),Potato,Other,FAQ,27/10/2022,1800,2200,2000,24
Maharashtra,Pune,Khed(Chakan),Potato,Other,FAQ,04/11/2022,1800,2800,2200,24
Maharashtra,Pune,Khed(Chakan),Potato,Other,FAQ,05/11/2022,1800,2800,2400,24
Maharashtra,Pune,Khed(Chakan),Potato,Other,FAQ,13/11/2022,1500,2500,2000,24
Maharashtra,Pune,Khed(Chakan),Potato,Other,FAQ,20/11/2022,1500,2500,2000,24
Maharashtra,Pune,Khed(Chakan),Potato,Other,FAQ,23/11/2022,1200,2200,1700,24
Maharashtra,Pune,Khed(Chakan),Potato,Other,FAQ,24/11/2022,1200,2200,1700,24
Maharashtra,Pune,Khed(Chakan),Potato,Other,FAQ,02/12/2022,1500,2400,2000,24
Maharashtra,Pune,Khed(Chakan),Potato,Other,FAQ,08/12/2022,1400,2200,1800,24
Maharashtra,Pune,Khed(Chakan),Potato,Other,FAQ,09/12/2022,1400,2300,1800,24
Maharashtra,Pune,Khed(Chakan),Potato,Other,FAQ,10/12/2022,1400,2200,1800,24
Maharashtra,Pune,Khed(Chakan),Potato,Other,FAQ,15/12/2022,1500,2400,2000,24
Maharashtra,Pune,Khed(Chakan),Potato,Other,FAQ,21/12/2022,1500,2000,1800,24
Maharashtra,Pune,Khed(Chakan),Potato,Other,FAQ,23/12/2022,1200,1700,1450,24
Maharashtra,Pune,Khed(Chakan),Potato,Other,FAQ,25/12/2022,1200,1600,1400,24
Maharashtra,Pune,Khed(Chakan),Potato,Other,FAQ,30/12/2022,1300,1800,1800,24
Maharashtra,Pune,Khed(Chakan),Potato,Other,FAQ,31/12/2022,1300,1700,1500,24
Maharashtra,Pune,Khed(Chakan),Potato,Other,FAQ,05/01/2022,900,1300,1100,24
Maharashtra,Pune,Khed(Chakan),Potato,Other,FAQ,08/01/2022,900,1300,1100,24
Maharashtra,Pune,Khed(Chakan),Potato,Other,FAQ,09/01/2022,900,1300,1100,24
Maharashtra,Pune,Khed(Chakan),Potato,Other,FAQ,19/01/2022,800,1300,950,24
Maharashtra,Pune,Khed(Chakan),Potato,Other,FAQ,20/01/2022,700,1200,950,24
Maharashtra,Pune,Khed(Chakan),Potato,Other,FAQ,12/02/2022,1000,1500,1250,24
Maharashtra,Pune,Khed(Chakan),Potato,Other,FAQ,13/02/2022,1000,1500,1200,24
Maharashtra,Pune,Khed(Chakan),Potato,Other,FAQ,17/02/2022,1000,1500,1250,24
Maharashtra,Pune,Khed(Chakan),Potato,Other,FAQ,22/02/2022,1000,1600,1300,24
Maharashtra,Pune,Khed(Chakan),Potato,Other,FAQ,25/02/2022,1000,1500,1250,24
Maharashtra,Pune,Khed(Chakan),Potato,Other,FAQ,10/03/2022,1000,1500,1250,24
Maharashtra,Pune,Khed(Chakan),Potato,Other,FAQ,15/03/2022,1000,1500,1250,24
Maharashtra,Pune,Khed(Chakan),Potato,Other,FAQ,18/03/2022,1000,1500,1300,24
Maharashtra,Pune,Khed(Chakan),Potato,Other,FAQ,20/03/2022,1200,1600,1400,24
Maharashtra,Pune,Khed(Chakan),Potato,Other,FAQ,06/04/2022,1400,1800,1600,24
Maharashtra,Pune,Khed(Chakan),Potato,Other,FAQ,07/04/2022,1400,1800,1600,24
Maharashtra,Pune,Khed(Chakan),Potato,Other,FAQ,09/04/2022,1400,1800,1600,24
Maharashtra,Pune,Khed(Chakan),Potato,Other,FAQ,16/04/2022,1300,1700,1500,24
Maharashtra,Pune,Khed(Chakan),Potato,Other,FAQ,24/04/2022,1400,1800,1600,24
Maharashtra,Pune,Khed(Chakan),Potato,Other,FAQ,30/04/2022,1400,1800,1600,24
Maharashtra,Pune,Khed(Chakan),Potato,Other,FAQ,08/05/2022,1400,1900,1650,24
Maharashtra,Pune,Khed(Chakan),Potato,Other,FAQ,11/05/2022,1500,1900,1700,24
Maharashtra,Pune,Khed(Chakan),Potato,Other,FAQ,17/05/2022,1500,2000,1750,24
Maharashtra,Pune,Khed(Chakan),Potato,Other,FAQ,19/05/2022,1500,2000,1750,24
Maharashtra,Pune,Khed(Chakan),Potato,Other,FAQ,24/05/2022,1500,2000,1750,24
Maharashtra,Pune,Khed(Chakan),Potato,Other,FAQ,29/05/2022,1500,1900,1700,24
Maharashtra,Pune,Khed(Chakan),Potato,Other,FAQ,02/06/2022,1500,2000,1750,24
Maharashtra,Pune,Khed(Chakan),Potato,Other,FAQ,01/06/2024,1800,2700,2200,24
Maharashtra,Pune,Khed(Chakan),Potato,Other,FAQ,04/06/2024,1900,2600,2400,24
Maharashtra,Pune,Khed(Chakan),Potato,Other,FAQ,09/06/2024,1900,2700,2400,24
Maharashtra,Pune,Khed(Chakan),Potato,Other,FAQ,18/06/2024,2200,2800,2500,24
Maharashtra,Pune,Khed(Chakan),Potato,Other,FAQ,21/06/2024,2200,2800,2500,24
Maharashtra,Pune,Khed(Chakan),Potato,Other,FAQ,23/06/2024,2400,2900,2700,24
Maharashtra,Pune,Khed(Chakan),Potato,Other,FAQ,27/06/2024,2400,3000,2600,24
Maharashtra,Pune,Khed(Chakan),Potato,Other,FAQ,03/05/2024,1900,2500,2100,24
Maharashtra,Pune,Khed(Chakan),Potato,Other,FAQ,29/05/2024,1900,2600,2300,24
Maharashtra,Pune,Khed(Chakan),Potato,Other,FAQ,10/05/2024,1900,2500,2200,24
Maharashtra,Pune,Khed(Chakan),Potato,Other,FAQ,20/03/2024,1300,2000,1600,24
Maharashtra,Pune,Khed(Chakan),Potato,Other,FAQ,22/03/2024,1400,2000,1600,24
Maharashtra,Pune,Khed(Chakan),Potato,Other,FAQ,30/03/2024,2000,2300,2200,24
Maharashtra,Pune,Khed(Chakan),Potato,Other,FAQ,02/04/2024,1800,2400,2100,24
Maharashtra,Pune,Khed(Chakan),Potato,Other,FAQ,07/04/2024,2000,2500,2200,24
Maharashtra,Pune,Khed(Chakan),Potato,Other,FAQ,19/04/2024,1900,2500,2200,24
Maharashtra,Pune,Khed(Chakan),Potato,Other,FAQ,24/04/2024,1900,2500,2100,24
Maharashtra,Pune,Khed(Chakan),Potato,Other,FAQ,23/01/2024,800,1400,1000,24
Maharashtra,Pune,Khed(Chakan),Potato,Other,FAQ,03/02/2024,1000,1500,1200,24
Maharashtra,Pune,Khed(Chakan),Potato,Other,FAQ,09/02/2024,1200,1600,1400,24
Maharashtra,Pune,Khed(Chakan),Potato,Other,FAQ,15/02/2024,1300,1800,1600,24
Maharashtra,Pune,Khed(Chakan),Potato,Other,FAQ,28/02/2024,1300,2000,1500,24
Maharashtra,Pune,Khed(Chakan),Potato,Other,FAQ,03/03/2024,1200,2000,1400,24
Maharashtra,Pune,Khed(Chakan),Potato,Other,FAQ,05/03/2024,1200,2000,1500,24
Maharashtra,Pune,Khed(Chakan),Potato,Other,FAQ,08/03/2024,1400,2000,1600,24
Maharashtra,Pune,Khed(Chakan),Potato,Other,FAQ,12/03/2024,1600,2000,1800,24
Maharashtra,Pune,Khed(Chakan),Potato,Other,FAQ,15/03/2024,1500,2000,1700,24
Maharashtra,Pune,Khed(Chakan),Potato,Other,FAQ,16/03/2024,1400,2200,1600,24
Maharashtra,Pune,Khed(Chakan),Potato,Other,FAQ,05/09/2024,2200,3000,2700,24
Maharashtra,Pune,Khed(Chakan),Potato,Other,FAQ,07/09/2024,2200,3000,2700,24
Maharashtra,Pune,Khed(Chakan),Potato,Other,FAQ,27/09/2024,2000,3100,2500,24
Maharashtra,Pune,Khed(Chakan),Potato,Other,FAQ,01/01/2025,1000,2500,1750,24
Maharashtra,Pune,Khed(Chakan),Potato,Other,FAQ,02/01/2025,1000,2300,1400,24
Maharashtra,Pune,Khed(Chakan),Potato,Other,FAQ,03/01/2025,1200,2300,1750,24
Maharashtra,Pune,Khed(Chakan),Potato,Other,FAQ,18/01/2025,1200,2000,1600,24
Maharashtra,Pune,Khed(Chakan),Potato,Other,Local,02/02/2025,1000,1500,1300,24
Maharashtra,Pune,Khed(Chakan),Potato,Other,Local,04/02/2025,1000,1500,1300,24
Maharashtra,Pune,Khed(Chakan),Potato,Other,Local,14/02/2025,1400,1800,1600,24
Maharashtra,Pune,Khed(Chakan),Potato,Other,Local,27/02/2025,1000,2000,1400,24
Maharashtra,Pune,Khed(Chakan),Potato,Other,FAQ,27/10/2024,2200,3500,2800,24
Maharashtra,Pune,Khed(Chakan),Potato,Other,FAQ,18/10/2024,2000,3300,2700,24
Maharashtra,Pune,Khed(Chakan),Potato,Other,FAQ,13/10/2024,2000,3400,2800,24
Maharashtra,Pune,Khed(Chakan),Potato,Other,FAQ,12/10/2024,2000,3300,2650,24
Maharashtra,Pune,Khed(Chakan),Potato,Other,Local,13/03/2025,1200,1900,1500,24
Maharashtra,Pune,Khed(Chakan),Potato,Other,Local,15/03/2025,1200,1900,1500,24
Maharashtra,Pune,Khed(Chakan),Potato,Other,Local,12/06/2025,1200,2000,1600,24
Maharashtra,Pune,Khed(Chakan),Potato,Other,Local,20/06/2025,1500,2100,1750,24
Maharashtra,Pune,Khed(Chakan),Potato,Other,Local,03/06/2025,1400,2000,1600,24
Maharashtra,Pune,Khed(Chakan),Potato,Other,Local,15/06/2025,1200,2200,1600,24
Maharashtra,Pune,Khed(Chakan),Potato,Other,Local,22/06/2025,1200,2200,1600,24
Maharashtra,Pune,Khed(Chakan),Potato,Other,Local,26/06/2025,1500,2100,1800,24
Maharashtra,Pune,Khed(Chakan),Potato,Other,Local,05/07/2025,1500,2200,1700,24
Maharashtra,Pune,Khed(Chakan),Potato,Other,Local,10/07/2025,1200,2100,1500,24
Maharashtra,Pune,Khed(Chakan),Potato,Other,Local,11/07/2025,1200,2100,1500,24
Maharashtra,Pune,Khed(Chakan),Potato,Other,Local,16/07/2025,1200,2100,1500,24
Maharashtra,Pune,Khed(Chakan),Potato,Other,Local,23/07/2025,1200,1900,1500,24
Maharashtra,Pune,Khed(Chakan),Potato,Other,Local,31/07/2025,1200,2000,1500,24
Maharashtra,Pune,Khed(Chakan),Potato,Other,Local,02/05/2025,1400,2000,1700,24
Maharashtra,Pune,Khed(Chakan),Potato,Other,Local,20/05/2025,1300,2000,1600,24
Maharashtra,Pune,Khed(Chakan),Potato,Other,Local,22/05/2025,1200,2000,1500,24
Maharashtra,Pune,Khed(Chakan),Potato,Other,Local,03/04/2025,1200,2000,1400,24
Maharashtra,Pune,Khed(Chakan),Potato,Other,Local,05/04/2025,1000,1800,1500,24
Maharashtra,Pune,Khed(Chakan),Potato,Other,Local,18/04/2025,1200,2000,1800,24
Maharashtra,Pune,Khed(Chakan),Potato,Other,Local,23/04/2025,1200,1800,1500,24
Maharashtra,Pune,Khed(Chakan),Potato,Other,FAQ,14/11/2024,2500,3800,2900,24
Maharashtra,Pune,Khed(Chakan),Potato,Other,FAQ,27/11/2024,2500,3800,2900,24
Maharashtra,Pune,Khed(Chakan),Potato,Other,FAQ,10/12/2024,2000,3800,2500,24
Maharashtra,Pune,Khed(Chakan),Potato,Other,FAQ,11/12/2024,1500,3000,2000,24
Maharashtra,Pune,Khed(Chakan),Potato,Other,FAQ,22/12/2024,1400,2200,1600,24
Maharashtra,Pune,Khed(Chakan),Potato,Other,FAQ,06/12/2024,2000,3500,2750,24
Maharashtra,Pune,Khed(Chakan),Potato,Other,FAQ,19/12/2024,1200,2400,1500,24
Maharashtra,Pune,Khed(Chakan),Potato,Other,FAQ,08/08/2024,2400,3000,2700,24
Maharashtra,Pune,Khed(Chakan),Potato,Other,FAQ,11/08/2024,2400,3000,2700,24
Maharashtra,Pune,Khed(Chakan),Potato,Other,FAQ,20/08/2024,2400,3000,2800,24
Maharashtra,Pune,Khed(Chakan),Potato,Other,FAQ,30/08/2024,2300,3000,2600,24
Maharashtra,Pune,Khed(Chakan),Potato,Other,FAQ,19/07/2024,2400,3000,2800,24
Maharashtra,Pune,Khed(Chakan),Potato,Other,FAQ,27/07/2024,2200,3000,2700,24
Maharashtra,Pune,Khed(Chakan),Potato,Other,FAQ,03/07/2024,2500,3000,2700,24
Maharashtra,Pune,Khed(Chakan),Potato,Other,FAQ,11/01/2023,1300,1700,1500,24
Maharashtra,Pune,Khed(Chakan),Potato,Other,FAQ,18/01/2023,1300,1700,1500,24
Maharashtra,Pune,Khed(Chakan),Potato,Other,FAQ,20/01/2023,900,1500,1200,24
Maharashtra,Pune,Khed(Chakan),Potato,Other,FAQ,21/01/2023,1000,1500,1300,24
Maharashtra,Pune,Khed(Chakan),Potato,Other,FAQ,24/01/2023,1000,1500,1250,24
Maharashtra,Pune,Khed(Chakan),Potato,Other,FAQ,28/01/2023,1000,1400,1200,24
Maharashtra,Pune,Khed(Chakan),Potato,Other,FAQ,07/02/2023,1000,1400,1200,24
Maharashtra,Pune,Khed(Chakan),Potato,Other,FAQ,09/02/2023,900,1400,1200,24
Maharashtra,Pune,Khed(Chakan),Potato,Other,FAQ,18/02/2023,800,1300,1050,24
Maharashtra,Pune,Khed(Chakan),Potato,Other,FAQ,07/03/2023,800,1300,1050,24
Maharashtra,Pune,Khed(Chakan),Potato,Other,FAQ,14/03/2023,800,1300,1050,24
Maharashtra,Pune,Khed(Chakan),Potato,Other,FAQ,29/03/2023,800,1300,1000,24
Maharashtra,Pune,Khed(Chakan),Potato,Other,FAQ,30/03/2023,800,1300,1000,24
Maharashtra,Pune,Khed(Chakan),Potato,Other,FAQ,04/04/2023,1000,1400,1200,24
Maharashtra,Pune,Khed(Chakan),Potato,Other,FAQ,08/04/2023,1000,1500,1250,24
Maharashtra,Pune,Khed(Chakan),Potato,Other,FAQ,09/04/2023,1100,1500,1300,24
Maharashtra,Pune,Khed(Chakan),Potato,Other,FAQ,22/04/2023,500,900,750,24
Maharashtra,Pune,Khed(Chakan),Potato,Other,FAQ,26/04/2023,1200,1500,1350,24
Maharashtra,Pune,Khed(Chakan),Potato,Other,FAQ,28/04/2023,1100,1700,1400,24
Maharashtra,Pune,Khed(Chakan),Potato,Other,FAQ,03/05/2023,1300,1800,1550,24
Maharashtra,Pune,Khed(Chakan),Potato,Other,FAQ,10/05/2023,1300,1800,1500,24
Maharashtra,Pune,Khed(Chakan),Potato,Other,FAQ,23/05/2023,1300,1800,1500,24
Maharashtra,Pune,Khed(Chakan),Potato,Other,FAQ,27/05/2023,1300,2000,1700,24
Maharashtra,Pune,Khed(Chakan),Potato,Other,FAQ,04/06/2023,1100,1800,1450,24
Maharashtra,Pune,Khed(Chakan),Potato,Other,FAQ,15/06/2023,1200,1800,1500,24
Maharashtra,Pune,Khed(Chakan),Potato,Other,FAQ,17/06/2023,1200,1800,1500,24
Maharashtra,Pune,Khed(Chakan),Potato,Other,FAQ,30/06/2023,1200,2000,1600,24
Maharashtra,Pune,Khed(Chakan),Potato,Other,FAQ,15/07/2023,1500,2200,1800,24
Maharashtra,Pune,Khed(Chakan),Potato,Other,FAQ,05/08/2023,1300,2000,1600,24
Maharashtra,Pune,Khed(Chakan),Potato,Other,FAQ,08/08/2023,1300,2000,1600,24
Maharashtra,Pune,Khed(Chakan),Potato,Other,FAQ,10/08/2023,1300,2000,1400,24
Maharashtra,Pune,Khed(Chakan),Potato,Other,FAQ,11/08/2023,1300,2000,1600,24
Maharashtra,Pune,Khed(Chakan),Potato,Other,FAQ,30/08/2023,1300,2000,1600,24
Maharashtra,Pune,Khed(Chakan),Potato,Other,FAQ,31/08/2023,1300,2000,1600,24
Maharashtra,Pune,Khed(Chakan),Potato,Other,FAQ,09/09/2023,1200,2000,1500,24
Maharashtra,Pune,Khed(Chakan),Potato,Other,FAQ,16/09/2023,1200,1900,1500,24
Maharashtra,Pune,Khed(Chakan),Potato,Other,FAQ,17/09/2023,1200,2000,1500,24
Maharashtra,Pune,Khed(Chakan),Potato,Other,FAQ,04/10/2023,1300,1900,1500,24
Maharashtra,Pune,Khed(Chakan),Potato,Other,FAQ,10/10/2023,10,15,13,24
Maharashtra,Pune,Khed(Chakan),Potato,Other,FAQ,18/10/2023,1200,2000,1500,24
Maharashtra,Pune,Khed(Chakan),Potato,Other,FAQ,11/11/2023,1000,1700,1300,24
Maharashtra,Pune,Khed(Chakan),Potato,Other,FAQ,25/11/2023,1000,2000,1300,24
Maharashtra,Pune,Khed(Chakan),Potato,Other,FAQ,22/09/2024,2000,2800,2500,24
Maharashtra,Pune,Khed(Chakan),Potato,Other,Local,03/08/2025,1200,1800,1500,24
Maharashtra,Pune,Khed(Chakan),Potato,Other,Local,09/08/2025,1000,1800,1500,24
Maharashtra,Pune,Khed(Chakan),Potato,Other,Local,13/08/2025,1100,1800,1500,24
Maharashtra,Pune,Khed(Chakan),Potato,Other,Local,26/08/2025,1200,1800,1500,24
Maharashtra,Pune,Khed(Chakan),Potato,Other,Local,03/09/2025,1200,1800,1500,24
Maharashtra,Pune,Khed(Chakan),Potato,Other,Local,10/09/2025,1200,1800,1500,24
Maharashtra,Pune,Khed(Chakan),Potato,Other,Local,12/09/2025,700,1400,1200,24
Maharashtra,Pune,Khed(Chakan),Potato,Other,Local,13/09/2025,1100,2000,1500,24
Maharashtra,Pune,Khed(Chakan),Potato,Other,Local,20/09/2025,1200,1800,1500,24
Maharashtra,Pune,Khed(Chakan),Potato,Other,Local,27/09/2025,1200,2000,1600,24
Maharashtra,Pune,Khed(Chakan),Potato,Other,Local,02/11/2025,1300,2000,1500,24
Maharashtra,Pune,Khed(Chakan),Potato,Other,Local,04/11/2025,1600,2200,1850,24
Maharashtra,Pune,Khed(Chakan),Potato,Other,Local,14/10/2025,1000,1800,1500,24
Maharashtra,Pune,Khed(Chakan),Potato,Other,Local,18/10/2025,1000,2000,1500,24
Maharashtra,Pune,Khed(Chakan),Potato,Other,Local,19/10/2025,1200,1800,1500,24
Maharashtra,Pune,Khed(Chakan) APMC,Potato,Other,Local,30/12/2025,1000,1800,1400,24
Maharashtra,Pune,Khed(Chakan) APMC,Potato,Other,Local,23/12/2025,900,1800,1400,24
Maharashtra,Pune,Khed(Chakan) APMC,Potato,Other,Local,14/11/2025,1300,2000,1700,24
Maharashtra,Pune,Khed(Chakan) APMC,Potato,Other,Local,18/11/2025,1200,2200,1600,24
Maharashtra,Pune,Khed(Chakan) APMC,Potato,Other,Local,15/02/2026,800,1200,1000,24
Maharashtra,Pune,Khed(Chakan) APMC,Potato,Other,Local,22/02/2026,800,1200,1000,24
Maharashtra,Pune,Khed(Chakan) APMC,Potato,Other,Local,12/02/2026,800,1400,1100,24
Maharashtra,Pune,Khed(Chakan) APMC,Potato,Other,Local,27/01/2026,1000,1500,1200,24
Maharashtra,Pune,Khed(Chakan) APMC,Potato,Other,Local,16/01/2026,1000,1500,1200,24
Maharashtra,Pune,Khed(Chakan) APMC,Potato,Other,Local,21/01/2026,800,1500,1000,24
Maharashtra,Pune,Khed(Chakan) APMC,Potato,Other,Local,14/01/2026,1000,1500,1200,24
Maharashtra,Pune,Khed(Chakan) APMC,Potato,Other,Local,12/11/2025,1200,2000,1500,24
Maharashtra,Pune,Khed(Chakan) APMC,Potato,Other,Local,02/11/2025,1300,2000,1500,24
Maharashtra,Pune,Khed(Chakan) APMC,Potato,Other,Local,05/11/2025,1200,2200,1800,24
Maharashtra,Pune,Khed(Chakan) APMC,Potato,Other,Local,13/11/2025,1300,2000,1500,24
Maharashtra,Pune,Khed(Chakan) APMC,Potato,Other,Local,26/11/2025,1200,2100,1500,24
Maharashtra,Pune,Khed(Chakan) APMC,Potato,Other,Local,25/12/2025,1000,1800,1400,24
Maharashtra,Pune,Khed(Chakan) APMC,Potato,Other,Local,07/12/2025,1200,2000,1600,24
Maharashtra,Pune,Khed(Chakan) APMC,Potato,Other,Local,09/12/2025,1200,2000,1500,24
Maharashtra,Pune,Khed(Chakan) APMC,Potato,Other,Local,01/01/2026,1000,1800,1500,24
Maharashtra,Pune,Khed(Chakan) APMC,Potato,Other,Local,07/01/2026,800,1500,1200,24
Maharashtra,Pune,Khed(Chakan) APMC,Potato,Other,Local,08/01/2026,1200,1800,1500,24
Maharashtra,Pune,Khed(Chakan) APMC,Potato,Other,Local,23/01/2026,1000,1500,1200,24
Maharashtra,Pune,Khed(Chakan) APMC,Potato,Other,Local,20/01/2026,1000,1500,1200,24
Maharashtra,Pune,Khed(Chakan) APMC,Potato,Other,Local,19/02/2026,800,1300,1000,24
Maharashtra,Pune,Khed(Chakan) APMC,Potato,Other,Local,03/02/2026,800,1200,1000,24
Maharashtra,Pune,Khed(Chakan) APMC,Potato,Other,Local,04/02/2026,800,1200,1000,24
Maharashtra,Pune,Khed(Chakan) APMC,Potato,Other,Local,06/02/2026,800,1500,1200,24
Maharashtra,Pune,Khed(Chakan) APMC,Potato,Other,Local,10/12/2025,1000,2000,1500,24
Maharashtra,Pune,Khed(Chakan) APMC,Potato,Other,Local,24/12/2025,1000,1800,1400,24
Maharashtra,Pune,Khed(Chakan) APMC,Potato,Other,Local,12/12/2025,1000,1900,1500,24
Maharashtra,Pune,Khed(Chakan) APMC,Potato,Other,Local,06/11/2025,1200,2200,1800,24
Maharashtra,Pune,Khed(Chakan) APMC,Potato,Other,Local,19/11/2025,1200,2200,1500,24
Maharashtra,Pune,Khed(Chakan) APMC,Potato,Other,Local,20/11/2025,1300,2100,1600,24
Maharashtra,Pune,Khed(Chakan) APMC,Potato,Other,Local,01/11/2025,1300,2100,1800,24
Maharashtra,Pune,Khed(Chakan) APMC,Potato,Other,Local,02/01/2026,1000,1800,1200,24
Maharashtra,Pune,Khed(Chakan) APMC,Potato,Other,Local,09/01/2026,1000,1400,1200,24
Maharashtra,Pune,Khed(Chakan) APMC,Potato,Other,Local,05/02/2026,800,1200,1000,24
Maharashtra,Pune,Khed(Chakan) APMC,Potato,Other,Local,11/02/2026,800,1200,1000,24
Maharashtra,Pune,Khed(Chakan) APMC,Potato,Other,Local,08/02/2026,900,1200,1100,24
Maharashtra,Pune,Khed(Chakan) APMC,Potato,Other,Local,20/02/2026,800,1300,1000,24
Maharashtra,Pune,Khed(Chakan) APMC,Potato,Other,Local,04/11/2025,1600,2200,1850,24
Maharashtra,Pune,Khed(Chakan) APMC,Potato,Other,Local,11/12/2025,1000,1900,1500,24
Maharashtra,Pune,Khed(Chakan) APMC,Potato,Other,Local,03/12/2025,1200,2000,1500,24
Maharashtra,Pune,Khed(Chakan) APMC,Potato,Other,Local,28/12/2025,1000,1700,1200,24
Maharashtra,Pune,Khed(Chakan) APMC,Potato,Other,Local,13/02/2026,800,1200,1000,24
Maharashtra,Pune,Khed(Chakan) APMC,Potato,Other,Local,17/02/2026,800,1200,1000,24
Maharashtra,Pune,Khed(Chakan) APMC,Potato,Other,Local,06/01/2026,900,1600,1100,24
Maharashtra,Pune,Khed(Chakan) APMC,Potato,Other,Local,12/01/2026,1000,1800,1400,24
Maharashtra,Pune,Khed(Chakan) APMC,Potato,Other,Local,15/01/2026,1000,1500,1200,24
Maharashtra,Pune,Khed(Chakan) APMC,Potato,Other,Local,11/01/2026,1000,1500,1200,24
Maharashtra,Pune,Khed(Chakan) APMC,Potato,Other,Local,04/01/2026,1000,1800,1400,24
Maharashtra,Pune,Khed(Chakan) APMC,Potato,Other,Local,22/01/2026,1000,1500,1200,24
Maharashtra,Pune,Khed(Chakan) APMC,Potato,Other,Local,30/01/2026,800,1200,1000,24
Maharashtra,Pune,Khed(Chakan) APMC,Potato,Other,Local,07/11/2025,1300,2000,1500,24
Maharashtra,Pune,Khed(Chakan) APMC,Potato,Other,Local,11/11/2025,1300,2000,1500,24
Maharashtra,Pune,Khed(Chakan) APMC,Potato,Other,Local,25/11/2025,1300,2100,1600,24
Maharashtra,Pune,Khed(Chakan) APMC,Potato,Other,Local,27/11/2025,1000,2000,1500,24
Maharashtra,Pune,Khed(Chakan) APMC,Potato,Other,Local,28/11/2025,1200,1900,1600,24
Maharashtra,Pune,Khed(Chakan) APMC,Potato,Other,Local,21/11/2025,1300,2100,1600,24
Maharashtra,Pune,Khed(Chakan) APMC,Potato,Other,Local,21/02/2026,800,1200,1000,24
Maharashtra,Pune,Khed(Chakan) APMC,Potato,Other,Local,18/02/2026,800,1200,1000,24
Maharashtra,Pune,Khed(Chakan) APMC,Potato,Other,Local,10/02/2026,800,1200,1000,24
Maharashtra,Pune,Khed(Chakan) APMC,Potato,Other,Local,13/01/2026,1000,1800,1400,24
Maharashtra,Pune,Khed(Chakan) APMC,Potato,Other,Local,18/01/2026,1000,1500,1200,24
Maharashtra,Pune,Khed(Chakan) APMC,Potato,Other,Local,28/01/2026,800,1500,1200,24
Maharashtra,Pune,Khed(Chakan) APMC,Potato,Other,Local,26/12/2025,1000,1900,1300,24
Maharashtra,Pune,Khed(Chakan) APMC,Potato,Other,Local,31/12/2025,800,1800,1200,24
Maharashtra,Pune,Manchar,Potato,Other,FAQ,14/07/2024,2250,2250,2250,24
Maharashtra,Pune,Manchar,Potato,Other,FAQ,02/07/2024,1000,2000,1550,24
Maharashtra,Pune,Manchar,Potato,Other,FAQ,04/07/2024,1300,2200,1800,24
Maharashtra,Pune,Manchar,Potato,Other,FAQ,07/07/2024,1000,2500,1800,24
Maharashtra,Pune,Manchar,Potato,Other,FAQ,04/08/2024,2000,2500,2225,24
Maharashtra,Pune,Manchar,Potato,Local,FAQ,04/01/2024,1000,1510,1255,24
Maharashtra,Pune,Manchar,Potato,Local,FAQ,05/01/2024,1000,1500,1250,24
Maharashtra,Pune,Manchar,Potato,Local,FAQ,11/01/2024,1000,1510,1255,24
Maharashtra,Pune,Manchar,Potato,Local,FAQ,15/01/2024,1000,1400,1200,24
Maharashtra,Pune,Manchar,Potato,Local,FAQ,09/02/2024,700,1600,1150,24
Maharashtra,Pune,Manchar,Potato,Local,FAQ,25/02/2024,1000,2000,1500,24
Maharashtra,Pune,Manchar,Potato,Local,FAQ,03/03/2024,1000,2000,1500,24
Maharashtra,Pune,Manchar,Potato,Local,FAQ,04/03/2024,1000,1800,1400,24
Maharashtra,Pune,Manchar,Potato,Local,FAQ,12/03/2024,1000,2000,1500,24
Maharashtra,Pune,Manchar,Potato,Local,FAQ,23/04/2024,1000,2700,1850,24
Maharashtra,Pune,Manchar,Potato,Other,FAQ,17/01/2024,1000,1400,1200,24
Maharashtra,Pune,Manchar,Potato,Other,FAQ,21/03/2024,1000,2200,1600,24
Maharashtra,Pune,Manchar,Potato,Other,FAQ,22/03/2024,700,1900,1300,24
Maharashtra,Pune,Manchar,Potato,Other,FAQ,23/02/2021,550,1400,975,24
Maharashtra,Pune,Manchar,Potato,Other,FAQ,28/02/2021,420,1000,725,24
Maharashtra,Pune,Manchar,Potato,Other,FAQ,04/03/2021,650,1300,925,24
Maharashtra,Pune,Manchar,Potato,Other,FAQ,05/03/2021,200,1100,650,24
Maharashtra,Pune,Manchar,Potato,Other,FAQ,23/03/2021,650,1200,825,24
Maharashtra,Pune,Manchar,Potato,Other,FAQ,04/04/2021,650,1500,1050,24
Maharashtra,Pune,Manchar,Potato,Other,FAQ,15/04/2021,750,1500,1185,24
Maharashtra,Pune,Manchar,Potato,Other,FAQ,25/04/2021,600,1300,1150,24
Maharashtra,Pune,Manchar,Potato,Other,FAQ,18/05/2021,1000,1300,1125,24
Maharashtra,Pune,Manchar,Potato,Other,FAQ,02/06/2021,600,1500,1000,24
Maharashtra,Pune,Manchar,Potato,Other,FAQ,14/06/2021,700,1200,950,24
Maharashtra,Pune,Manchar,Potato,Other,FAQ,18/07/2021,1200,1200,1200,24
Maharashtra,Pune,Manchar,Potato,Other,FAQ,16/09/2021,625,1510,985,24
Maharashtra,Pune,Manchar,Potato,Other,FAQ,24/09/2021,625,1300,925,24
Maharashtra,Pune,Manchar,Potato,Other,FAQ,26/09/2021,525,1400,825,24
Maharashtra,Pune,Manchar,Potato,Other,FAQ,06/10/2021,325,1200,625,24
Maharashtra,Pune,Manchar,Potato,Other,FAQ,07/10/2021,625,1200,825,24
Maharashtra,Pune,Manchar,Potato,Other,FAQ,18/10/2021,800,1250,1020,24
Maharashtra,Pune,Manchar,Potato,Other,FAQ,19/10/2021,625,1200,925,24
Maharashtra,Pune,Manchar,Potato,Other,FAQ,04/11/2021,400,1800,1525,24
Maharashtra,Pune,Manchar,Potato,Other,FAQ,05/11/2021,625,2000,925,24
Maharashtra,Pune,Manchar,Potato,Other,FAQ,17/11/2021,725,1600,1025,24
Maharashtra,Pune,Manchar,Potato,Other,FAQ,24/11/2021,625,1800,1025,24
Maharashtra,Pune,Manchar,Potato,Other,FAQ,14/12/2021,625,1500,950,24
Maharashtra,Pune,Manchar,Potato,Other,FAQ,22/12/2021,725,1250,950,24
Maharashtra,Pune,Manchar,Potato,Other,FAQ,13/01/2025,1000,1800,1450,24
Maharashtra,Pune,Manchar,Potato,Other,Local,30/01/2025,1000,1700,1350,24
Maharashtra,Pune,Manchar,Potato,Other,FAQ,03/01/2022,900,1200,1050,24
Maharashtra,Pune,Manchar,Potato,Other,FAQ,17/01/2022,620,1250,975,24
Maharashtra,Pune,Manchar,Potato,Other,FAQ,25/01/2022,425,1300,825,24
Maharashtra,Pune,Manchar,Potato,Other,FAQ,17/02/2022,400,1300,850,24
Maharashtra,Pune,Manchar,Potato,Other,FAQ,04/03/2022,350,1600,975,24
Maharashtra,Pune,Manchar,Potato,Other,FAQ,10/03/2022,300,1400,850,24
Maharashtra,Pune,Manchar,Potato,Other,FAQ,22/03/2022,625,1400,925,24
Maharashtra,Pune,Manchar,Potato,Other,FAQ,24/03/2022,625,1500,1050,24
Maharashtra,Pune,Manchar,Potato,Other,FAQ,30/03/2022,700,1400,1050,24
Maharashtra,Pune,Manchar,Potato,Other,FAQ,01/04/2022,600,1500,1050,24
Maharashtra,Pune,Manchar,Potato,Other,FAQ,03/04/2022,600,1600,1325,24
Maharashtra,Pune,Manchar,Potato,Other,FAQ,18/04/2022,625,1600,950,24
Maharashtra,Pune,Manchar,Potato,Other,FAQ,20/04/2022,1600,1900,1725,24
Maharashtra,Pune,Manchar,Potato,Other,FAQ,02/05/2022,625,1500,925,24
Maharashtra,Pune,Manchar,Potato,Other,FAQ,03/05/2022,500,1300,900,24
Maharashtra,Pune,Manchar,Potato,Other,FAQ,21/07/2022,1200,1200,1200,24
Maharashtra,Pune,Manchar,Potato,Other,FAQ,22/07/2022,1100,1100,1100,24
Maharashtra,Pune,Manchar,Potato,Other,FAQ,02/10/2022,1200,1800,1500,24
Maharashtra,Pune,Manchar,Potato,Other,FAQ,11/12/2022,1000,2200,1600,24
Maharashtra,Pune,Manchar,Potato,Other,FAQ,25/12/2022,1000,1800,1400,24
Maharashtra,Pune,Manchar,Potato,Other,FAQ,30/12/2022,1000,1600,1300,24
Maharashtra,Pune,Manchar,Potato,Other,FAQ,21/05/2024,1500,2300,1950,24
Maharashtra,Pune,Manchar,Potato,Other,Local,02/03/2025,1000,1600,1350,24
Maharashtra,Pune,Manchar,Potato,Other,Local,31/03/2025,1000,1500,1250,24
Maharashtra,Pune,Manchar,Potato,Local,FAQ,04/12/2024,1500,2400,1950,24
Maharashtra,Pune,Manchar,Potato,Local,FAQ,05/10/2023,1000,1600,1300,24
Maharashtra,Pune,Manchar,Potato,Local,FAQ,10/10/2023,1000,1600,1300,24
Maharashtra,Pune,Manchar,Potato,Local,FAQ,12/10/2023,1000,1300,1150,24
Maharashtra,Pune,Manchar,Potato,Local,FAQ,20/10/2023,1000,1500,1250,24
Maharashtra,Pune,Manchar,Potato,Local,FAQ,23/10/2023,1000,1300,1150,24
Maharashtra,Pune,Manchar,Potato,Local,FAQ,25/10/2023,1000,1400,1200,24
Maharashtra,Pune,Manchar,Potato,Local,FAQ,07/11/2023,1000,1450,1225,24
Maharashtra,Pune,Manchar,Potato,Local,FAQ,08/11/2023,1000,1700,1350,24
Maharashtra,Pune,Manchar,Potato,Local,FAQ,04/12/2023,1000,1510,1255,24
Maharashtra,Pune,Manchar,Potato,Local,FAQ,14/12/2023,1000,1300,1150,24
Maharashtra,Pune,Manchar,Potato,Other,FAQ,20/01/2023,650,1400,1025,24
Maharashtra,Pune,Manchar,Potato,Other,FAQ,01/02/2023,650,1500,1075,24
Maharashtra,Pune,Manchar,Potato,Other,FAQ,08/02/2023,500,1400,950,24
Maharashtra,Pune,Manchar,Potato,Other,FAQ,13/02/2023,725,1450,1087,24
Maharashtra,Pune,Manchar,Potato,Other,FAQ,15/02/2023,1000,1500,1250,24
Maharashtra,Pune,Manchar,Potato,Other,FAQ,16/02/2023,1000,1500,1250,24
Maharashtra,Pune,Manchar,Potato,Other,FAQ,01/03/2023,500,1400,950,24
Maharashtra,Pune,Manchar,Potato,Other,FAQ,03/03/2023,850,1400,1125,24
Maharashtra,Pune,Manchar,Potato,Other,FAQ,15/03/2023,800,1200,1000,24
Maharashtra,Pune,Manchar,Potato,Other,FAQ,19/03/2023,650,1300,975,24
Maharashtra,Pune,Manchar,Potato,Other,FAQ,26/03/2023,250,1100,675,24
Maharashtra,Pune,Manchar,Potato,Other,FAQ,28/03/2023,1000,1200,1100,24
Maharashtra,Pune,Manchar,Potato,Other,FAQ,19/04/2023,600,1150,875,24
Maharashtra,Pune,Manchar,Potato,Other,FAQ,21/04/2023,625,1000,813,24
Maharashtra,Pune,Manchar,Potato,Other,FAQ,03/05/2023,700,1600,1150,24
Maharashtra,Pune,Manchar,Potato,Other,FAQ,12/05/2023,500,1600,1050,24
Maharashtra,Pune,Manchar,Potato,Other,FAQ,15/05/2023,200,700,450,24
Maharashtra,Pune,Manchar,Potato,Other,FAQ,24/05/2023,1400,1400,1400,24
Maharashtra,Pune,Manchar,Potato,Other,FAQ,11/06/2023,500,500,500,24
Maharashtra,Pune,Manchar,Potato,Other,FAQ,23/06/2023,1150,1150,1150,24
Maharashtra,Pune,Manchar,Potato,Other,FAQ,09/07/2023,1000,1500,1250,24
Maharashtra,Pune,Manchar,Potato,Other,FAQ,10/09/2023,1400,1400,1400,24
Maharashtra,Pune,Manchar,Potato,Other,Local,04/02/2025,300,1800,1100,24
Maharashtra,Pune,Manchar,Potato,Other,Local,07/02/2025,1200,1800,1500,24
Maharashtra,Pune,Manchar,Potato,Other,Local,14/02/2025,1200,1800,1550,24
Maharashtra,Pune,Manchar,Potato,Other,Local,05/06/2025,1500,1500,1500,24
Maharashtra,Pune,Manchar,Potato,Other,Local,29/06/2025,1200,1500,1350,24
Maharashtra,Pune,Manchar,Potato,Other,Local,16/06/2025,1300,1500,1350,24
Maharashtra,Pune,Manchar,Potato,Other,Local,19/06/2025,1000,1500,1250,24
Maharashtra,Pune,Manchar,Potato,Other,Local,22/06/2025,1400,1500,1450,24
Maharashtra,Pune,Manchar,Potato,Other,Local,30/07/2025,700,1500,1120,24
Maharashtra,Pune,Manchar,Potato,Other,Local,17/04/2025,1000,1500,1250,24
Maharashtra,Pune,Manchar,Potato,Other,Local,24/04/2025,1000,1600,1300,24
Maharashtra,Pune,Manchar,Potato,Other,FAQ,16/12/2024,1000,1850,1450,24
Maharashtra,Pune,Manchar,Potato,Other,FAQ,10/11/2024,1500,3300,2450,24
Maharashtra,Pune,Manchar,Potato,Other,Local,01/05/2025,1000,1600,1300,24
Maharashtra,Pune,Manchar,Potato,Other,Local,06/05/2025,1200,1400,1350,24
Maharashtra,Pune,Manchar,Potato,Other,Local,23/05/2025,1500,1500,1500,24
Maharashtra,Pune,Manchar,Potato,Other,Local,30/05/2025,1000,1500,1300,24
Maharashtra,Pune,Manchar,Potato,Other,Local,17/10/2025,800,1500,1200,24
Maharashtra,Pune,Manchar,Potato,Other,Local,13/08/2025,1200,1200,1200,24
Maharashtra,Pune,Manchar,Potato,Other,Local,03/08/2025,1200,1200,1200,24
Maharashtra,Pune,Manchar,Potato,Other,Local,20/02/2025,1200,1800,1500,24
Maharashtra,Pune,Manchar,Potato,Other,Local,23/02/2025,1200,1800,1500,24
Maharashtra,Pune,Manchar,Potato,Other,Local,26/02/2025,500,1600,1050,24
Maharashtra,Pune,Manchar,Potato,Other,FAQ,01/09/2024,2250,2250,2250,24
Maharashtra,Pune,Manchar,Potato,Local,FAQ,06/12/2024,1500,2500,2100,24
Maharashtra,Pune,Manchar,Potato,Local,FAQ,26/12/2024,1000,1600,1300,24
Maharashtra,Pune,Manchar,Potato,Other,FAQ,13/12/2024,1000,1800,1400,24
Maharashtra,Pune,Manchar,Potato,Other,FAQ,30/12/2024,1000,1900,1500,24
Maharashtra,Pune,Manchar,Potato,Local,FAQ,03/01/2025,1000,1700,1350,24
Maharashtra,Pune,Manchar,Potato,Local,FAQ,17/01/2025,1500,2500,2100,24
Maharashtra,Pune,Manchar,Potato,Other,FAQ,21/01/2025,1000,1800,1450,24
Maharashtra,Pune,Manchar,Potato,Local,FAQ,11/08/2024,2200,2200,2200,24
Maharashtra,Pune,Manchar,Potato,Other,FAQ,20/10/2024,1500,2500,2100,24
Maharashtra,Pune,Manchar,Potato,Other,FAQ,03/05/2024,1800,1800,1800,24
Maharashtra,Pune,Manchar,Potato,Other,FAQ,05/05/2024,2000,2000,2000,24
Maharashtra,Pune,Manchar,Potato,Other,FAQ,23/06/2024,1000,2000,1550,24
Maharashtra,Pune,Manchar,Potato,Other,FAQ,24/06/2024,1900,2200,2055,24
Maharashtra,Pune,Manchar,Potato,Local,FAQ,30/06/2024,1800,2000,1900,24
Maharashtra,Pune,Manchar,Potato,Local,FAQ,19/01/2024,1000,1300,1150,24
Maharashtra,Pune,Manchar,Potato,Local,FAQ,23/01/2024,300,1100,700,24
Maharashtra,Pune,Manchar,Potato,Local,FAQ,15/02/2024,1000,1600,1300,24
Maharashtra,Pune,Manchar,Potato,Local,FAQ,16/02/2024,1000,1700,1350,24
Maharashtra,Pune,Manchar,Potato,Local,FAQ,22/02/2024,1000,1800,1400,24
Maharashtra,Pune,Manchar,Potato,Local,FAQ,23/02/2024,1000,2000,1500,24
Maharashtra,Pune,Manchar,Potato,Local,FAQ,27/02/2024,1000,1800,1400,24
Maharashtra,Pune,Manchar,Potato,Local,FAQ,28/02/2024,1000,1800,1400,24
Maharashtra,Pune,Manchar,Potato,Local,FAQ,01/03/2024,1000,2000,1500,24
Maharashtra,Pune,Manchar,Potato,Local,FAQ,06/03/2024,1000,1800,1400,24
Maharashtra,Pune,Manchar,Potato,Local,FAQ,11/03/2024,1000,2000,1500,24
Maharashtra,Pune,Manchar,Potato,Other,FAQ,10/01/2024,625,1500,1062,24
Maharashtra,Pune,Manchar,Potato,Other,FAQ,11/07/2024,1800,1800,1800,24
Maharashtra,Pune,Manchar,Potato,Other,FAQ,26/02/2021,450,1100,750,24
Maharashtra,Pune,Manchar,Potato,Other,FAQ,07/03/2021,450,1500,925,24
Maharashtra,Pune,Manchar,Potato,Other,FAQ,12/03/2021,650,1500,1105,24
Maharashtra,Pune,Manchar,Potato,Other,FAQ,30/03/2021,450,1500,1085,24
Maharashtra,Pune,Manchar,Potato,Other,FAQ,02/04/2021,650,1500,1050,24
Maharashtra,Pune,Manchar,Potato,Other,FAQ,05/04/2021,450,1400,1125,24
Maharashtra,Pune,Manchar,Potato,Other,FAQ,19/04/2021,625,1500,1000,24
Maharashtra,Pune,Manchar,Potato,Other,FAQ,02/05/2021,400,1400,900,24
Maharashtra,Pune,Manchar,Potato,Other,FAQ,03/05/2021,625,1300,970,24
Maharashtra,Pune,Manchar,Potato,Other,FAQ,09/05/2021,700,1500,1120,24
Maharashtra,Pune,Manchar,Potato,Other,FAQ,13/05/2021,625,1500,1125,24
Maharashtra,Pune,Manchar,Potato,Other,FAQ,17/05/2021,700,1300,1125,24
Maharashtra,Pune,Manchar,Potato,Other,FAQ,31/05/2021,450,1500,1025,24
Maharashtra,Pune,Manchar,Potato,Other,FAQ,16/06/2021,900,1200,1050,24
Maharashtra,Pune,Manchar,Potato,Other,FAQ,20/06/2021,1400,1400,1400,24
Maharashtra,Pune,Manchar,Potato,Other,FAQ,23/06/2021,1200,1200,1200,24
Maharashtra,Pune,Manchar,Potato,Other,FAQ,24/06/2021,900,1200,1050,24
Maharashtra,Pune,Manchar,Potato,Other,FAQ,28/06/2021,1000,1000,1000,24
Maharashtra,Pune,Manchar,Potato,Other,FAQ,26/07/2021,1200,1300,1250,24
Maharashtra,Pune,Manchar,Potato,Other,FAQ,09/09/2021,800,1600,1200,24
Maharashtra,Pune,Manchar,Potato,Other,FAQ,13/09/2021,200,1400,800,24
Maharashtra,Pune,Manchar,Potato,Other,FAQ,21/09/2021,500,1300,825,24
Maharashtra,Pune,Manchar,Potato,Other,FAQ,28/09/2021,450,1300,775,24
Maharashtra,Pune,Manchar,Potato,Other,FAQ,15/10/2021,520,1200,925,24
Maharashtra,Pune,Manchar,Potato,Other,FAQ,27/10/2021,625,1600,925,24
Maharashtra,Pune,Manchar,Potato,Other,FAQ,29/10/2021,350,1350,725,24
Maharashtra,Pune,Manchar,Potato,Other,FAQ,02/11/2021,1450,1450,1450,24
Maharashtra,Pune,Manchar,Potato,Other,FAQ,07/11/2021,625,1800,925,24
Maharashtra,Pune,Manchar,Potato,Other,FAQ,12/11/2021,775,1800,1485,24
Maharashtra,Pune,Manchar,Potato,Other,FAQ,16/11/2021,625,1600,1125,24
Maharashtra,Pune,Manchar,Potato,Other,FAQ,29/11/2021,625,1700,1120,24
Maharashtra,Pune,Manchar,Potato,Other,FAQ,01/12/2021,625,1400,1050,24
Maharashtra,Pune,Manchar,Potato,Other,FAQ,02/12/2021,625,1500,925,24
Maharashtra,Pune,Manchar,Potato,Other,FAQ,13/12/2021,625,1500,1050,24
Maharashtra,Pune,Manchar,Potato,Other,Local,03/04/2025,1000,1800,1450,24
Maharashtra,Pune,Manchar,Potato,Other,Local,30/04/2025,1000,1600,1300,24
Maharashtra,Pune,Manchar,Potato,Other,FAQ,26/01/2022,625,1100,825,24
Maharashtra,Pune,Manchar,Potato,Other,FAQ,04/02/2022,625,1200,1020,24
Maharashtra,Pune,Manchar,Potato,Other,FAQ,07/02/2022,300,1200,750,24
Maharashtra,Pune,Manchar,Potato,Other,FAQ,08/02/2022,625,1500,1225,24
Maharashtra,Pune,Manchar,Potato,Other,FAQ,10/02/2022,1000,1500,1250,24
Maharashtra,Pune,Manchar,Potato,Other,FAQ,18/02/2022,300,700,500,24
Maharashtra,Pune,Manchar,Potato,Other,FAQ,23/02/2022,600,1400,1000,24
Maharashtra,Pune,Manchar,Potato,Other,FAQ,24/02/2022,300,1500,900,24
Maharashtra,Pune,Manchar,Potato,Other,FAQ,06/03/2022,200,1600,900,24
Maharashtra,Pune,Manchar,Potato,Other,FAQ,07/03/2022,300,1500,900,24
Maharashtra,Pune,Manchar,Potato,Other,FAQ,11/03/2022,500,1400,950,24
Maharashtra,Pune,Manchar,Potato,Other,FAQ,18/03/2022,200,1200,700,24
Maharashtra,Pune,Manchar,Potato,Other,FAQ,23/03/2022,925,1500,1225,24
Maharashtra,Pune,Manchar,Potato,Other,FAQ,28/03/2022,400,1300,850,24
Maharashtra,Pune,Manchar,Potato,Other,FAQ,31/03/2022,425,1100,650,24
Maharashtra,Pune,Manchar,Potato,Other,FAQ,04/04/2022,400,1600,1000,24
Maharashtra,Pune,Manchar,Potato,Other,FAQ,05/04/2022,625,1200,925,24
Maharashtra,Pune,Manchar,Potato,Other,FAQ,08/04/2022,300,1500,900,24
Maharashtra,Pune,Manchar,Potato,Other,FAQ,24/04/2022,300,600,450,24
Maharashtra,Pune,Manchar,Potato,Other,FAQ,26/04/2022,1500,1800,1650,24
Maharashtra,Pune,Manchar,Potato,Other,FAQ,29/04/2022,400,400,400,24
Maharashtra,Pune,Manchar,Potato,Other,FAQ,05/05/2022,410,410,410,24
Maharashtra,Pune,Manchar,Potato,Other,FAQ,19/05/2022,400,800,600,24
Maharashtra,Pune,Manchar,Potato,Other,FAQ,06/09/2022,500,500,500,24
Maharashtra,Pune,Manchar,Potato,Other,FAQ,27/09/2022,1800,1800,1800,24
Maharashtra,Pune,Manchar,Potato,Other,FAQ,03/10/2022,1200,2110,1655,24
Maharashtra,Pune,Manchar,Potato,Other,FAQ,09/12/2022,1000,2000,1500,24
Maharashtra,Pune,Manchar,Potato,Local,FAQ,21/09/2023,1200,1200,1200,24
Maharashtra,Pune,Manchar,Potato,Local,FAQ,29/09/2023,1000,1300,1150,24
Maharashtra,Pune,Manchar,Potato,Local,FAQ,01/10/2023,650,650,650,24
Maharashtra,Pune,Manchar,Potato,Local,FAQ,08/10/2023,1000,1600,1300,24
Maharashtra,Pune,Manchar,Potato,Local,FAQ,09/10/2023,1000,1500,1250,24
Maharashtra,Pune,Manchar,Potato,Local,FAQ,22/10/2023,1000,1510,1255,24
Maharashtra,Pune,Manchar,Potato,Local,FAQ,24/10/2023,1000,1200,1100,24
Maharashtra,Pune,Manchar,Potato,Local,FAQ,31/10/2023,1000,1450,1225,24
Maharashtra,Pune,Manchar,Potato,Local,FAQ,02/11/2023,1000,1350,1175,24
Maharashtra,Pune,Manchar,Potato,Local,FAQ,03/11/2023,1000,1250,1125,24
Maharashtra,Pune,Manchar,Potato,Local,FAQ,16/11/2023,1000,1650,1325,24
Maharashtra,Pune,Manchar,Potato,Local,FAQ,23/11/2023,1000,1500,1250,24
Maharashtra,Pune,Manchar,Potato,Local,FAQ,28/11/2023,1000,1500,1250,24
Maharashtra,Pune,Manchar,Potato,Local,FAQ,12/12/2023,600,1250,925,24
Maharashtra,Pune,Manchar,Potato,Local,FAQ,15/12/2023,1000,1400,1200,24
Maharashtra,Pune,Manchar,Potato,Local,FAQ,18/12/2023,1000,1400,1200,24
Maharashtra,Pune,Manchar,Potato,Local,FAQ,19/12/2023,1000,1450,1225,24
Maharashtra,Pune,Manchar,Potato,Local,FAQ,21/12/2023,1000,1350,1175,24
Maharashtra,Pune,Manchar,Potato,Local,FAQ,26/12/2023,1000,1700,1350,24
Maharashtra,Pune,Manchar,Potato,Other,FAQ,12/01/2023,1000,1800,1400,24
Maharashtra,Pune,Manchar,Potato,Other,FAQ,05/02/2023,750,1400,1075,24
Maharashtra,Pune,Manchar,Potato,Other,FAQ,21/02/2023,500,1300,900,24
Maharashtra,Pune,Manchar,Potato,Other,FAQ,23/02/2023,850,1400,1125,24
Maharashtra,Pune,Manchar,Potato,Other,FAQ,24/02/2023,200,1200,700,24
Maharashtra,Pune,Manchar,Potato,Other,FAQ,10/03/2023,650,1100,875,24
Maharashtra,Pune,Manchar,Potato,Other,FAQ,14/03/2023,825,1200,1012,24
Maharashtra,Pune,Manchar,Potato,Other,FAQ,23/03/2023,250,900,575,24
Maharashtra,Pune,Manchar,Potato,Other,FAQ,24/03/2023,520,1200,860,24
Maharashtra,Pune,Manchar,Potato,Other,FAQ,02/04/2023,150,900,525,24
Maharashtra,Pune,Manchar,Potato,Other,FAQ,03/04/2023,825,1200,1012,24
Maharashtra,Pune,Manchar,Potato,Other,FAQ,04/04/2023,650,1200,925,24
Maharashtra,Pune,Manchar,Potato,Other,FAQ,09/04/2023,625,1200,912,24
Maharashtra,Pune,Manchar,Potato,Other,FAQ,10/04/2023,350,1200,775,24
Maharashtra,Pune,Manchar,Potato,Other,FAQ,13/04/2023,625,1200,912,24
Maharashtra,Pune,Manchar,Potato,Other,FAQ,16/04/2023,625,1200,915,24
Maharashtra,Pune,Manchar,Potato,Other,FAQ,23/04/2023,300,1000,650,24
Maharashtra,Pune,Manchar,Potato,Other,FAQ,08/05/2023,700,1500,1100,24
Maharashtra,Pune,Manchar,Potato,Other,FAQ,14/05/2023,1000,1700,1350,24
Maharashtra,Pune,Manchar,Potato,Other,FAQ,17/05/2023,600,1500,1050,24
Maharashtra,Pune,Manchar,Potato,Other,FAQ,22/05/2023,800,1400,1100,24
Maharashtra,Pune,Manchar,Potato,Other,FAQ,28/05/2023,1300,1300,1300,24
Maharashtra,Pune,Manchar,Potato,Other,FAQ,08/06/2023,1100,1100,1100,24
Maharashtra,Pune,Manchar,Potato,Other,FAQ,21/07/2023,500,500,500,24
Maharashtra,Pune,Manchar,Potato,Other,FAQ,24/07/2023,600,600,600,24
Maharashtra,Pune,Manchar,Potato,Local,Local,18/03/2025,1000,1500,1300,24
Maharashtra,Pune,Manchar,Potato,Other,Local,07/03/2025,800,1600,1250,24
Maharashtra,Pune,Manchar,Potato,Other,Local,10/03/2025,1000,1600,1300,24
Maharashtra,Pune,Manchar,Potato,Other,Local,12/03/2025,1000,1800,1400,24
Maharashtra,Pune,Manchar,Potato,Other,Local,24/03/2025,1000,1800,1450,24
Maharashtra,Pune,Manchar,Potato,Other,Local,27/03/2025,1200,1800,1500,24
Maharashtra,Pune,Manchar,Potato,Other,Local,02/05/2025,160,160,160,24
Maharashtra,Pune,Manchar,Potato,Other,Local,08/05/2025,1200,1500,1400,24
Maharashtra,Pune,Manchar,Potato,Other,Local,09/05/2025,700,1600,1150,24
Maharashtra,Pune,Manchar,Potato,Other,Local,20/05/2025,600,1200,900,24
Maharashtra,Pune,Manchar,Potato,Other,Local,22/05/2025,1500,1500,1500,24
Maharashtra,Pune,Manchar,Potato,Other,Local,18/06/2025,1300,1500,1400,24
Maharashtra,Pune,Manchar,Potato,Other,Local,25/06/2025,1000,1500,1300,24
Maharashtra,Pune,Manchar,Potato,Other,Local,21/07/2025,500,1500,1100,24
Maharashtra,Pune,Manchar,Potato,Other,Local,14/07/2025,1000,1500,1250,24
Maharashtra,Pune,Manchar,Potato,Other,Local,27/07/2025,1000,1000,1000,24
Maharashtra,Pune,Manchar,Potato,Other,Local,29/07/2025,1000,1500,1250,24
Maharashtra,Pune,Manchar,Potato,Other,Local,06/07/2025,1200,1500,1400,24
Maharashtra,Pune,Manchar,Potato,Other,Local,20/08/2025,1000,1000,1000,24
Maharashtra,Pune,Manchar,Potato,Other,Local,03/10/2025,1200,2100,1700,24
Maharashtra,Pune,Manchar,Potato,Other,Local,05/10/2025,500,1700,1100,24
Maharashtra,Pune,Manchar,Potato,Other,FAQ,20/09/2021,725,1350,925,24
Maharashtra,Pune,Manchar,Potato,Other,FAQ,27/09/2021,500,1300,900,24
Maharashtra,Pune,Manchar,Potato,Other,FAQ,29/09/2021,725,1400,1000,24
Maharashtra,Pune,Manchar,Potato,Other,FAQ,05/10/2021,320,1200,825,24
Maharashtra,Pune,Manchar,Potato,Other,FAQ,08/11/2021,725,1700,1225,24
Maharashtra,Pune,Manchar,Potato,Other,FAQ,18/11/2021,850,1600,1050,24
Maharashtra,Pune,Manchar,Potato,Other,FAQ,23/11/2021,450,1500,925,24
Maharashtra,Pune,Manchar,Potato,Other,FAQ,06/12/2021,725,2000,1425,24
Maharashtra,Pune,Manchar,Potato,Other,FAQ,12/12/2021,850,1600,1250,24
Maharashtra,Pune,Manchar,Potato,Other,FAQ,17/12/2021,625,1200,925,24
Maharashtra,Pune,Manchar,Potato,Other,FAQ,19/12/2021,650,1400,1125,24
Maharashtra,Pune,Manchar,Potato,Other,FAQ,22/02/2021,725,1200,800,24
Maharashtra,Pune,Manchar,Potato,Other,FAQ,02/03/2021,450,1100,725,24
Maharashtra,Pune,Manchar,Potato,Other,FAQ,03/03/2021,650,1500,925,24
Maharashtra,Pune,Manchar,Potato,Other,FAQ,15/03/2021,725,1300,925,24
Maharashtra,Pune,Manchar,Potato,Other,FAQ,22/03/2021,650,1300,975,24
Maharashtra,Pune,Manchar,Potato,Other,FAQ,24/03/2021,425,1200,650,24
Maharashtra,Pune,Manchar,Potato,Other,FAQ,01/04/2021,625,1300,975,24
Maharashtra,Pune,Manchar,Potato,Other,FAQ,12/04/2021,650,1300,985,24
Maharashtra,Pune,Manchar,Potato,Other,FAQ,14/04/2021,1500,1500,1500,24
Maharashtra,Pune,Manchar,Potato,Other,FAQ,28/04/2021,900,1400,1125,24
Maharashtra,Pune,Manchar,Potato,Other,FAQ,05/05/2021,800,1300,1050,24
Maharashtra,Pune,Manchar,Potato,Other,FAQ,06/05/2021,500,1200,925,24
Maharashtra,Pune,Manchar,Potato,Other,FAQ,16/05/2021,400,1400,925,24
Maharashtra,Pune,Manchar,Potato,Other,FAQ,19/05/2021,525,1300,1025,24
Maharashtra,Pune,Manchar,Potato,Other,FAQ,23/05/2021,100,1300,850,24
Maharashtra,Pune,Manchar,Potato,Other,FAQ,24/05/2021,1000,1500,1250,24
Maharashtra,Pune,Manchar,Potato,Other,FAQ,25/05/2021,500,1500,925,24
Maharashtra,Pune,Manchar,Potato,Other,FAQ,18/06/2021,600,1400,1000,24
Maharashtra,Pune,Manchar,Potato,Other,FAQ,04/07/2021,1100,1100,1100,24
Maharashtra,Pune,Manchar,Potato,Other,FAQ,19/07/2021,1200,1200,1200,24
Maharashtra,Pune,Manchar,Potato,Other,FAQ,31/08/2021,350,350,350,24
Maharashtra,Pune,Manchar,Potato,Other,FAQ,06/09/2021,500,1300,1175,24
Maharashtra,Pune,Manchar,Potato,Other,FAQ,18/01/2022,525,1300,725,24
Maharashtra,Pune,Manchar,Potato,Other,FAQ,19/01/2022,600,1100,825,24
Maharashtra,Pune,Manchar,Potato,Other,FAQ,21/01/2022,630,1300,975,24
Maharashtra,Pune,Manchar,Potato,Other,FAQ,24/01/2022,1000,1500,1325,24
Maharashtra,Pune,Manchar,Potato,Other,FAQ,27/01/2022,625,1250,925,24
Maharashtra,Pune,Manchar,Potato,Other,FAQ,03/02/2022,200,1100,650,24
Maharashtra,Pune,Manchar,Potato,Other,FAQ,20/02/2022,300,1400,850,24
Maharashtra,Pune,Manchar,Potato,Other,FAQ,21/02/2022,900,1300,1100,24
Maharashtra,Pune,Manchar,Potato,Other,FAQ,27/02/2022,400,1500,950,24
Maharashtra,Pune,Manchar,Potato,Other,FAQ,14/03/2022,625,1500,950,24
Maharashtra,Pune,Manchar,Potato,Other,FAQ,11/04/2022,400,1500,925,24
Maharashtra,Pune,Manchar,Potato,Other,FAQ,12/04/2022,550,1800,1185,24
Maharashtra,Pune,Manchar,Potato,Other,FAQ,04/05/2022,600,1100,850,24
Maharashtra,Pune,Manchar,Potato,Other,FAQ,17/05/2022,600,900,750,24
Maharashtra,Pune,Manchar,Potato,Other,FAQ,14/09/2022,1000,1000,1000,24
Maharashtra,Pune,Manchar,Potato,Other,FAQ,19/09/2022,1000,1000,1000,24
Maharashtra,Pune,Manchar,Potato,Other,FAQ,13/10/2022,1000,1700,1350,24
Maharashtra,Pune,Manchar,Potato,Other,FAQ,02/12/2022,1000,2100,1550,24
Maharashtra,Pune,Manchar,Potato,Local,FAQ,15/09/2023,1000,1500,1250,24
Maharashtra,Pune,Manchar,Potato,Local,FAQ,17/09/2023,1000,1200,1100,24
Maharashtra,Pune,Manchar,Potato,Local,FAQ,20/09/2023,600,1000,800,24
Maharashtra,Pune,Manchar,Potato,Local,FAQ,26/09/2023,1000,1300,1150,24
Maharashtra,Pune,Manchar,Potato,Local,FAQ,26/10/2023,1000,1600,1300,24
Maharashtra,Pune,Manchar,Potato,Local,FAQ,29/10/2023,1000,1200,1100,24
Maharashtra,Pune,Manchar,Potato,Local,FAQ,19/11/2023,1000,1700,1350,24
Maharashtra,Pune,Manchar,Potato,Local,FAQ,20/11/2023,1000,1600,1300,24
Maharashtra,Pune,Manchar,Potato,Local,FAQ,29/11/2023,1000,1900,1450,24
Maharashtra,Pune,Manchar,Potato,Local,FAQ,30/11/2023,1000,1710,1355,24
Maharashtra,Pune,Manchar,Potato,Local,FAQ,05/12/2023,1000,1500,1250,24
Maharashtra,Pune,Manchar,Potato,Local,FAQ,20/12/2023,1000,1600,1300,24
Maharashtra,Pune,Manchar,Potato,Local,FAQ,22/12/2023,1000,1500,1250,24
Maharashtra,Pune,Manchar,Potato,Local,FAQ,28/12/2023,1000,1500,1250,24
Maharashtra,Pune,Manchar,Potato,Local,FAQ,29/12/2023,1000,1400,1200,24
Maharashtra,Pune,Manchar,Potato,Local,FAQ,31/12/2023,1000,1600,1300,24
Maharashtra,Pune,Manchar,Potato,Other,FAQ,03/01/2023,950,1700,1325,24
Maharashtra,Pune,Manchar,Potato,Other,FAQ,27/01/2023,500,1400,950,24
Maharashtra,Pune,Manchar,Potato,Other,FAQ,06/02/2023,200,1400,800,24
Maharashtra,Pune,Manchar,Potato,Other,FAQ,07/02/2023,850,1400,1125,24
Maharashtra,Pune,Manchar,Potato,Other,FAQ,17/02/2023,800,1500,1150,24
Maharashtra,Pune,Manchar,Potato,Other,FAQ,02/03/2023,700,1350,1025,24
Maharashtra,Pune,Manchar,Potato,Other,FAQ,16/03/2023,760,1200,980,24
Maharashtra,Pune,Manchar,Potato,Other,FAQ,06/04/2023,525,1250,887,24
Maharashtra,Pune,Manchar,Potato,Other,FAQ,14/04/2023,1200,1200,1200,24
Maharashtra,Pune,Manchar,Potato,Other,FAQ,30/04/2023,1000,1500,1250,24
Maharashtra,Pune,Manchar,Potato,Other,FAQ,01/05/2023,1000,1500,1250,24
Maharashtra,Pune,Manchar,Potato,Other,FAQ,02/06/2023,1100,1100,1100,24
Maharashtra,Pune,Manchar,Potato,Other,FAQ,07/06/2023,800,800,800,24
Maharashtra,Pune,Manchar,Potato,Local,FAQ,06/10/2024,1000,2510,1755,24
Maharashtra,Pune,Manchar,Potato,Other,FAQ,13/10/2024,1000,2500,1780,24
Maharashtra,Pune,Manchar,Potato,Other,FAQ,11/06/2024,1000,1800,1450,24
Maharashtra,Pune,Manchar,Potato,Local,FAQ,05/01/2025,1000,2000,1550,24
Maharashtra,Pune,Manchar,Potato,Other,FAQ,12/01/2025,1200,1900,1550,24
Maharashtra,Pune,Manchar,Potato,Other,FAQ,19/01/2025,1000,2000,1500,24
Maharashtra,Pune,Manchar,Potato,Other,Local,26/01/2025,1000,1700,1400,24
Maharashtra,Pune,Manchar,Potato,Other,Local,29/01/2025,1000,1700,1350,24
Maharashtra,Pune,Manchar,Potato,Local,FAQ,05/12/2024,1500,2500,2000,24
Maharashtra,Pune,Manchar,Potato,Local,FAQ,08/12/2024,1500,2500,2100,24
Maharashtra,Pune,Manchar,Potato,Local,FAQ,17/12/2024,1000,1900,1500,24
Maharashtra,Pune,Manchar,Potato,Local,FAQ,24/12/2024,1000,1700,1350,24
Maharashtra,Pune,Manchar,Potato,Local,FAQ,24/11/2024,1500,2600,2100,24
Maharashtra,Pune,Manchar,Potato,Other,Local,02/04/2025,1000,1800,1450,24
Maharashtra,Pune,Manchar,Potato,Other,Local,23/04/2025,1000,1500,1250,24
Maharashtra,Pune,Manchar,Potato,Other,Local,29/04/2025,1400,1600,1500,24
Maharashtra,Pune,Manchar,Potato,Other,Local,25/05/2025,1300,1500,1400,24
Maharashtra,Pune,Manchar,Potato,Local,Local,12/02/2025,1500,1800,1700,24
Maharashtra,Pune,Manchar,Potato,Other,Local,19/02/2025,1200,1800,1600,24
Maharashtra,Pune,Manchar,Potato,Local,FAQ,02/01/2024,1000,1600,1300,24
Maharashtra,Pune,Manchar,Potato,Local,FAQ,03/01/2024,1000,1500,1250,24
Maharashtra,Pune,Manchar,Potato,Local,FAQ,24/01/2024,400,1200,800,24
Maharashtra,Pune,Manchar,Potato,Local,FAQ,31/01/2024,1000,1300,1150,24
Maharashtra,Pune,Manchar,Potato,Local,FAQ,04/02/2024,800,1500,1150,24
Maharashtra,Pune,Manchar,Potato,Local,FAQ,05/02/2024,1000,1400,1200,24
Maharashtra,Pune,Manchar,Potato,Local,FAQ,12/02/2024,1000,1800,1400,24
Maharashtra,Pune,Manchar,Potato,Local,FAQ,14/02/2024,1000,1700,1350,24
Maharashtra,Pune,Manchar,Potato,Local,FAQ,20/02/2024,900,1600,1250,24
Maharashtra,Pune,Manchar,Potato,Local,FAQ,29/02/2024,1000,1800,1400,24
Maharashtra,Pune,Manchar,Potato,Local,FAQ,05/03/2024,1000,1800,1400,24
Maharashtra,Pune,Manchar,Potato,Local,FAQ,19/03/2024,1000,1800,1400,24
Maharashtra,Pune,Manchar,Potato,Local,FAQ,26/03/2024,1000,2000,1500,24
Maharashtra,Pune,Manchar,Potato,Local,FAQ,02/04/2024,1200,1700,1450,24
Maharashtra,Pune,Manchar,Potato,Other,Local,04/03/2025,1000,1800,1400,24
Maharashtra,Pune,Manchar,Potato,Other,Local,06/03/2025,1000,1600,1350,24
Maharashtra,Pune,Manchar,Potato,Other,Local,11/03/2025,1000,1600,1350,24
Maharashtra,Pune,Manchar,Potato,Other,Local,14/03/2025,1200,3000,2100,24
Maharashtra,Pune,Manchar,Potato,Other,Local,20/03/2025,1000,1500,1250,24
Maharashtra,Pune,Manchar,Potato,Other,Local,25/03/2025,1000,1500,1250,24
Maharashtra,Pune,Manchar,Potato,Other,Local,28/03/2025,1000,1800,1450,24
Maharashtra,Pune,Manchar,Potato,Other,Local,15/07/2025,1500,1500,1500,24
Maharashtra,Pune,Manchar,Potato,Other,Local,03/06/2025,1000,1500,1250,24
Maharashtra,Pune,Manchar,Potato,Other,Local,12/06/2025,1250,1600,1425,24
Maharashtra,Pune,Manchar,Potato,Other,Local,17/06/2025,1300,1500,1450,24
Maharashtra,Pune,Manchar,Potato,Other,Local,20/06/2025,1500,1500,1500,24
Maharashtra,Pune,Manchar,Potato,Other,Local,24/09/2025,1000,1800,1400,24
Maharashtra,Pune,Manchar,Potato,Other,Local,14/10/2025,400,1500,950,24
Maharashtra,Pune,Manchar,Potato,Other,FAQ,15/09/2021,600,1300,950,24
Maharashtra,Pune,Manchar,Potato,Other,FAQ,17/09/2021,625,1350,825,24
Maharashtra,Pune,Manchar,Potato,Other,FAQ,22/09/2021,500,1400,950,24
Maharashtra,Pune,Manchar,Potato,Other,FAQ,23/09/2021,625,1500,985,24
Maharashtra,Pune,Manchar,Potato,Other,FAQ,25/10/2021,625,1400,925,24
Maharashtra,Pune,Manchar,Potato,Other,FAQ,26/10/2021,625,1300,925,24
Maharashtra,Pune,Manchar,Potato,Other,FAQ,31/10/2021,850,1800,1485,24
Maharashtra,Pune,Manchar,Potato,Other,FAQ,21/11/2021,750,1700,1195,24
Maharashtra,Pune,Manchar,Potato,Other,FAQ,25/11/2021,625,1700,950,24
Maharashtra,Pune,Manchar,Potato,Other,FAQ,05/12/2021,250,1600,925,24
Maharashtra,Pune,Manchar,Potato,Other,FAQ,08/12/2021,925,1500,1195,24
Maharashtra,Pune,Manchar,Potato,Other,FAQ,15/12/2021,550,1400,1000,24
Maharashtra,Pune,Manchar,Potato,Other,FAQ,20/12/2021,520,1300,925,24
Maharashtra,Pune,Manchar,Potato,Other,FAQ,23/12/2021,625,1300,925,24
Maharashtra,Pune,Manchar,Potato,Other,FAQ,26/12/2021,850,1200,1025,24
Maharashtra,Pune,Manchar,Potato,Other,FAQ,01/03/2021,300,1100,700,24
Maharashtra,Pune,Manchar,Potato,Other,FAQ,11/03/2021,625,1400,850,24
Maharashtra,Pune,Manchar,Potato,Other,FAQ,14/03/2021,625,1400,825,24
Maharashtra,Pune,Manchar,Potato,Other,FAQ,19/03/2021,300,1000,680,24
Maharashtra,Pune,Manchar,Potato,Other,FAQ,26/03/2021,150,1200,675,24
Maharashtra,Pune,Manchar,Potato,Other,FAQ,29/03/2021,450,1800,975,24
Maharashtra,Pune,Manchar,Potato,Other,FAQ,20/04/2021,1000,1600,1325,24
Maharashtra,Pune,Manchar,Potato,Other,FAQ,26/04/2021,700,1400,1120,24
Maharashtra,Pune,Manchar,Potato,Other,FAQ,29/04/2021,900,1400,1150,24
Maharashtra,Pune,Manchar,Potato,Other,FAQ,11/05/2021,550,1400,1000,24
Maharashtra,Pune,Manchar,Potato,Other,FAQ,20/05/2021,625,1300,1000,24
Maharashtra,Pune,Manchar,Potato,Other,FAQ,01/06/2021,500,1500,1075,24
Maharashtra,Pune,Manchar,Potato,Other,FAQ,03/06/2021,1000,1400,1225,24
Maharashtra,Pune,Manchar,Potato,Other,FAQ,04/06/2021,750,1400,1075,24
Maharashtra,Pune,Manchar,Potato,Other,FAQ,13/06/2021,800,1400,1100,24
Maharashtra,Pune,Manchar,Potato,Other,FAQ,25/06/2021,1200,1200,1200,24
Maharashtra,Pune,Manchar,Potato,Other,FAQ,07/07/2021,1050,1050,1050,24
Maharashtra,Pune,Manchar,Potato,Other,FAQ,08/07/2021,200,1200,700,24
Maharashtra,Pune,Manchar,Potato,Other,FAQ,25/07/2021,1200,1200,1200,24
Maharashtra,Pune,Manchar,Potato,Other,FAQ,30/08/2021,500,500,500,24
Maharashtra,Pune,Manchar,Potato,Other,FAQ,08/09/2021,1000,1400,1200,24
Maharashtra,Pune,Manchar,Potato,Local,FAQ,03/12/2024,1500,2500,2000,24
Maharashtra,Pune,Manchar,Potato,Local,FAQ,09/12/2024,1500,2500,2000,24
Maharashtra,Pune,Manchar,Potato,Local,FAQ,29/12/2024,1000,1650,1325,24
Maharashtra,Pune,Manchar,Potato,Other,FAQ,10/12/2024,1500,2220,1875,24
Maharashtra,Pune,Manchar,Potato,Other,FAQ,05/07/2024,1000,2500,1800,24
Maharashtra,Pune,Manchar,Potato,Other,FAQ,18/07/2024,2500,2500,2500,24
Maharashtra,Pune,Manchar,Potato,Other,FAQ,22/07/2024,2500,2500,2500,24
Maharashtra,Pune,Manchar,Potato,Local,FAQ,09/01/2024,1000,1400,1200,24
Maharashtra,Pune,Manchar,Potato,Local,FAQ,14/01/2024,1000,1510,1255,24
Maharashtra,Pune,Manchar,Potato,Local,FAQ,21/01/2024,800,1200,1000,24
Maharashtra,Pune,Manchar,Potato,Local,FAQ,26/01/2024,1000,1400,1200,24
Maharashtra,Pune,Manchar,Potato,Local,FAQ,06/02/2024,800,1500,1150,24
Maharashtra,Pune,Manchar,Potato,Local,FAQ,08/02/2024,500,1200,850,24
Maharashtra,Pune,Manchar,Potato,Local,FAQ,11/02/2024,800,1600,1200,24
Maharashtra,Pune,Manchar,Potato,Local,FAQ,13/02/2024,1000,1800,1400,24
Maharashtra,Pune,Manchar,Potato,Local,FAQ,27/03/2024,1000,1700,1350,24
Maharashtra,Pune,Manchar,Potato,Local,FAQ,29/03/2024,400,1100,750,24
Maharashtra,Pune,Manchar,Potato,Local,FAQ,05/04/2024,1000,2500,1750,24
Maharashtra,Pune,Manchar,Potato,Local,FAQ,07/04/2024,1000,2200,1600,24
Maharashtra,Pune,Manchar,Potato,Local,FAQ,08/04/2024,1000,2100,1550,24
Maharashtra,Pune,Manchar,Potato,Other,FAQ,15/03/2024,750,2000,1375,24
Maharashtra,Pune,Manchar,Potato,Other,FAQ,25/03/2024,1000,2000,1425,24
Maharashtra,Pune,Manchar,Potato,Other,FAQ,04/11/2024,1500,3010,2260,24
Maharashtra,Pune,Manchar,Potato,Local,FAQ,04/10/2023,1000,1600,1300,24
Maharashtra,Pune,Manchar,Potato,Local,FAQ,12/11/2023,1000,1600,1300,24
Maharashtra,Pune,Manchar,Potato,Local,FAQ,17/11/2023,1000,1700,1350,24
Maharashtra,Pune,Manchar,Potato,Local,FAQ,26/11/2023,600,1200,900,24
Maharashtra,Pune,Manchar,Potato,Local,FAQ,24/12/2023,1000,1500,1250,24
Maharashtra,Pune,Manchar,Potato,Local,FAQ,27/12/2023,1000,1600,1300,24
Maharashtra,Pune,Manchar,Potato,Other,FAQ,23/01/2023,850,1400,1125,24
Maharashtra,Pune,Manchar,Potato,Other,FAQ,09/02/2023,525,1400,962,24
Maharashtra,Pune,Manchar,Potato,Other,FAQ,10/02/2023,725,1500,1112,24
Maharashtra,Pune,Manchar,Potato,Other,FAQ,14/02/2023,625,1200,912,24
Maharashtra,Pune,Manchar,Potato,Other,FAQ,28/02/2023,1000,1300,1150,24
Maharashtra,Pune,Manchar,Potato,Other,FAQ,07/03/2023,750,1300,1025,24
Maharashtra,Pune,Manchar,Potato,Other,FAQ,08/03/2023,300,1200,750,24
Maharashtra,Pune,Manchar,Potato,Other,FAQ,21/03/2023,625,1100,863,24
Maharashtra,Pune,Manchar,Potato,Other,FAQ,27/03/2023,700,1200,950,24
Maharashtra,Pune,Manchar,Potato,Other,FAQ,30/03/2023,500,1100,800,24
Maharashtra,Pune,Manchar,Potato,Other,FAQ,25/04/2023,400,800,600,24
Maharashtra,Pune,Manchar,Potato,Other,FAQ,27/04/2023,750,1300,1025,24
Maharashtra,Pune,Manchar,Potato,Other,FAQ,04/05/2023,700,1150,925,24
Maharashtra,Pune,Manchar,Potato,Other,FAQ,12/07/2023,1200,1200,1200,24
Maharashtra,Pune,Manchar,Potato,Other,FAQ,16/10/2023,1000,1300,1150,24
Maharashtra,Pune,Manchar,Potato,Other,FAQ,25/08/2024,1000,2500,1800,24
Maharashtra,Pune,Manchar,Potato,Other,FAQ,24/09/2024,1500,3000,2255,24
Maharashtra,Pune,Manchar,Potato,Local,Local,02/02/2025,1000,1800,1450,24
Maharashtra,Pune,Manchar,Potato,Other,Local,03/02/2025,1000,1800,1400,24
Maharashtra,Pune,Manchar,Potato,Other,Local,13/02/2025,1500,1900,1750,24
Maharashtra,Pune,Manchar,Potato,Other,Local,16/02/2025,1200,1850,1600,24
Maharashtra,Pune,Manchar,Potato,Other,Local,17/02/2025,1200,1800,1550,24
Maharashtra,Pune,Manchar,Potato,Other,Local,18/02/2025,1200,1800,1500,24
Maharashtra,Pune,Manchar,Potato,Other,Local,21/02/2025,1200,1800,1500,24
Maharashtra,Pune,Manchar,Potato,Local,FAQ,02/01/2025,1000,1800,1400,24
Maharashtra,Pune,Manchar,Potato,Other,FAQ,10/01/2025,1000,1700,1400,24
Maharashtra,Pune,Manchar,Potato,Local,Local,18/04/2025,1000,1500,1255,24
Maharashtra,Pune,Manchar,Potato,Other,Local,08/04/2025,1000,1600,1300,24
Maharashtra,Pune,Manchar,Potato,Other,Local,10/04/2025,1000,1600,1300,24
Maharashtra,Pune,Manchar,Potato,Other,Local,21/04/2025,1000,1300,1150,24
Maharashtra,Pune,Manchar,Potato,Other,Local,22/04/2025,1500,2000,1800,24
Maharashtra,Pune,Manchar,Potato,Other,Local,28/04/2025,1000,1700,1420,24
Maharashtra,Pune,Manchar,Potato,Other,Local,27/05/2025,1200,1200,1200,24
Maharashtra,Pune,Manchar,Potato,Other,Local,29/05/2025,300,1200,750,24
Maharashtra,Pune,Manchar,Potato,Other,Local,21/03/2025,1000,1400,1200,24
Maharashtra,Pune,Manchar,Potato,Other,Local,03/03/2025,1000,1650,1325,24
Maharashtra,Pune,Manchar,Potato,Other,Local,05/03/2025,1000,1800,1450,24
Maharashtra,Pune,Manchar,Potato,Other,FAQ,05/01/2022,700,1100,925,24
Maharashtra,Pune,Manchar,Potato,Other,FAQ,13/01/2022,200,1300,925,24
Maharashtra,Pune,Manchar,Potato,Other,FAQ,14/01/2022,625,1200,925,24
Maharashtra,Pune,Manchar,Potato,Other,FAQ,16/01/2022,500,1200,925,24
Maharashtra,Pune,Manchar,Potato,Other,FAQ,23/01/2022,625,1100,825,24
Maharashtra,Pune,Manchar,Potato,Other,FAQ,28/01/2022,450,1000,725,24
Maharashtra,Pune,Manchar,Potato,Other,FAQ,11/02/2022,600,1350,975,24
Maharashtra,Pune,Manchar,Potato,Other,FAQ,13/02/2022,725,1700,1020,24
Maharashtra,Pune,Manchar,Potato,Other,FAQ,16/03/2022,425,1300,750,24
Maharashtra,Pune,Manchar,Potato,Other,FAQ,07/04/2022,300,1600,950,24
Maharashtra,Pune,Manchar,Potato,Other,FAQ,17/04/2022,700,1500,1100,24
Maharashtra,Pune,Manchar,Potato,Other,FAQ,21/04/2022,1700,1800,1750,24
Maharashtra,Pune,Manchar,Potato,Other,FAQ,12/08/2022,2200,2200,2200,24
Maharashtra,Pune,Manchar,Potato,Other,FAQ,28/09/2022,1200,2200,1700,24
Maharashtra,Pune,Manchar,Potato,Other,Local,07/06/2025,1500,1500,1500,24
Maharashtra,Pune,Manchar,Potato,Other,Local,13/06/2025,1300,1500,1400,24
Maharashtra,Pune,Manchar,Potato,Other,Local,02/07/2025,1200,1700,1450,24
Maharashtra,Pune,Manchar,Potato,Other,Local,04/07/2025,1000,1500,1300,24
Maharashtra,Pune,Manchar,Potato,Other,Local,11/07/2025,1500,1500,1500,24
Maharashtra,Pune,Manchar,Potato,Other,Local,03/09/2025,1000,1000,1000,24
Maharashtra,Pune,Manchar,Potato,Other,Local,16/09/2025,1000,1300,1200,24
Maharashtra,Pune,Manchar,Potato,Other,Local,06/10/2025,1000,1500,1300,24
Maharashtra,Pune,Manchar,Potato,Other,Local,07/10/2025,850,1500,1180,24
Maharashtra,Pune,Manchar,Potato,Other,Local,08/10/2025,300,1500,900,24
Maharashtra,Pune,Manchar,Potato,Other,Local,15/10/2025,1000,1600,1300,24
Maharashtra,Pune,Manchar,Potato,Other,Local,31/10/2025,1100,2000,1600,24
Maharashtra,Pune,Manchar,Potato,Other,FAQ,25/02/2021,450,1200,725,24
Maharashtra,Pune,Manchar,Potato,Other,FAQ,21/03/2021,450,1200,725,24
Maharashtra,Pune,Manchar,Potato,Other,FAQ,09/04/2021,650,1300,1075,24
Maharashtra,Pune,Manchar,Potato,Other,FAQ,27/04/2021,1200,1500,1350,24
Maharashtra,Pune,Manchar,Potato,Other,FAQ,10/05/2021,620,1200,850,24
Maharashtra,Pune,Manchar,Potato,Other,FAQ,12/05/2021,650,1200,950,24
Maharashtra,Pune,Manchar,Potato,Other,FAQ,26/05/2021,650,1500,925,24
Maharashtra,Pune,Manchar,Potato,Other,FAQ,11/06/2021,1400,1400,1400,24
Maharashtra,Pune,Manchar,Potato,Other,FAQ,17/06/2021,1200,1200,1200,24
Maharashtra,Pune,Manchar,Potato,Other,FAQ,21/06/2021,710,1400,1055,24
Maharashtra,Pune,Manchar,Potato,Other,FAQ,05/07/2021,1100,1100,1100,24
Maharashtra,Pune,Manchar,Potato,Other,FAQ,15/07/2021,300,300,300,24
Maharashtra,Pune,Manchar,Potato,Other,FAQ,01/09/2021,1000,1000,1000,24
Maharashtra,Pune,Manchar,Potato,Other,FAQ,07/09/2021,500,900,700,24
Maharashtra,Pune,Manchar,Potato,Other,FAQ,12/09/2021,500,1500,1000,24
Maharashtra,Pune,Manchar,Potato,Other,FAQ,14/09/2021,900,900,900,24
Maharashtra,Pune,Manchar,Potato,Other,FAQ,12/10/2021,525,1400,825,24
Maharashtra,Pune,Manchar,Potato,Other,FAQ,14/10/2021,450,1200,725,24
Maharashtra,Pune,Manchar,Potato,Other,FAQ,21/10/2021,200,1300,625,24
Maharashtra,Pune,Manchar,Potato,Other,FAQ,22/10/2021,625,1300,925,24
Maharashtra,Pune,Manchar,Potato,Other,FAQ,24/10/2021,625,1300,925,24
Maharashtra,Pune,Manchar,Potato,Other,FAQ,01/11/2021,600,1600,925,24
Maharashtra,Pune,Manchar,Potato,Other,FAQ,03/11/2021,500,1600,1050,24
Maharashtra,Pune,Manchar,Potato,Other,FAQ,11/11/2021,625,1900,1000,24
Maharashtra,Pune,Manchar,Potato,Other,FAQ,14/11/2021,550,1700,1025,24
Maharashtra,Pune,Manchar,Potato,Other,FAQ,28/11/2021,625,1500,925,24
Maharashtra,Pune,Manchar,Potato,Other,FAQ,07/12/2021,1000,1600,1425,24
Maharashtra,Pune,Manchar,Potato,Other,FAQ,16/12/2021,625,1300,975,24
Maharashtra,Pune,Manchar,Potato,Other,FAQ,21/12/2021,625,1300,925,24
Maharashtra,Pune,Manchar,Potato,Other,FAQ,24/12/2021,300,1200,725,24
Maharashtra,Pune,Manchar,Potato,Other,FAQ,10/01/2022,725,1300,1000,24
Maharashtra,Pune,Manchar,Potato,Other,FAQ,15/01/2022,625,1400,985,24
Maharashtra,Pune,Manchar,Potato,Other,FAQ,20/01/2022,725,1100,795,24
Maharashtra,Pune,Manchar,Potato,Other,FAQ,02/02/2022,400,1550,925,24
Maharashtra,Pune,Manchar,Potato,Other,FAQ,09/02/2022,100,1300,700,24
Maharashtra,Pune,Manchar,Potato,Other,FAQ,16/02/2022,300,1400,850,24
Maharashtra,Pune,Manchar,Potato,Other,FAQ,22/02/2022,700,1300,1000,24
Maharashtra,Pune,Manchar,Potato,Other,FAQ,25/02/2022,300,1300,700,24
Maharashtra,Pune,Manchar,Potato,Other,FAQ,01/03/2022,250,1500,825,24
Maharashtra,Pune,Manchar,Potato,Other,FAQ,02/03/2022,325,1500,850,24
Maharashtra,Pune,Manchar,Potato,Other,FAQ,08/03/2022,550,1500,850,24
Maharashtra,Pune,Manchar,Potato,Other,FAQ,09/03/2022,625,1500,800,24
Maharashtra,Pune,Manchar,Potato,Other,FAQ,13/03/2022,625,1600,975,24
Maharashtra,Pune,Manchar,Potato,Other,FAQ,27/03/2022,400,1400,900,24
Maharashtra,Pune,Manchar,Potato,Other,FAQ,10/04/2022,625,1800,1200,24
Maharashtra,Pune,Manchar,Potato,Other,FAQ,13/04/2022,300,1800,1050,24
Maharashtra,Pune,Manchar,Potato,Other,FAQ,15/04/2022,200,1400,800,24
Maharashtra,Pune,Manchar,Potato,Other,FAQ,23/09/2022,1650,2000,1825,24
Maharashtra,Pune,Manchar,Potato,Other,FAQ,29/09/2022,1425,2000,1712,24
Maharashtra,Pune,Manchar,Potato,Other,FAQ,06/05/2024,2000,2000,2000,24
Maharashtra,Pune,Manchar,Potato,Local,FAQ,08/05/2024,1800,2000,1900,24
Maharashtra,Pune,Manchar,Potato,Other,FAQ,01/05/2024,1800,1800,1800,24
Maharashtra,Pune,Manchar,Potato,Local,FAQ,07/01/2024,1000,1500,1250,24
Maharashtra,Pune,Manchar,Potato,Local,FAQ,08/01/2024,1000,1500,1250,24
Maharashtra,Pune,Manchar,Potato,Local,FAQ,12/01/2024,1000,1400,1200,24
Maharashtra,Pune,Manchar,Potato,Local,FAQ,18/01/2024,700,1300,1000,24
Maharashtra,Pune,Manchar,Potato,Local,FAQ,29/01/2024,1000,1500,1250,24
Maharashtra,Pune,Manchar,Potato,Local,FAQ,07/02/2024,1000,1500,1250,24
Maharashtra,Pune,Manchar,Potato,Local,FAQ,18/02/2024,1000,1800,1400,24
Maharashtra,Pune,Manchar,Potato,Local,FAQ,21/02/2024,1000,1600,1300,24
Maharashtra,Pune,Manchar,Potato,Local,FAQ,07/03/2024,1000,2000,1500,24
Maharashtra,Pune,Manchar,Potato,Local,FAQ,10/03/2024,1000,1800,1400,24
Maharashtra,Pune,Manchar,Potato,Local,FAQ,13/03/2024,1000,2000,1500,24
Maharashtra,Pune,Manchar,Potato,Local,FAQ,14/03/2024,1000,1800,1400,24
Maharashtra,Pune,Manchar,Potato,Local,FAQ,17/03/2024,1000,2000,1500,24
Maharashtra,Pune,Manchar,Potato,Local,FAQ,18/03/2024,1000,1800,1400,24
Maharashtra,Pune,Manchar,Potato,Local,FAQ,24/03/2024,1000,1700,1350,24
Maharashtra,Pune,Manchar,Potato,Other,FAQ,19/02/2024,1000,1800,1400,24
Maharashtra,Pune,Manchar,Potato,Other,FAQ,02/09/2024,1500,2500,2150,24
Maharashtra,Pune,Manchar,Potato,Other,FAQ,09/09/2024,1500,2700,2125,24
Maharashtra,Pune,Manchar,Potato,Local,FAQ,01/01/2025,1000,1800,1450,24
Maharashtra,Pune,Manchar,Potato,Other,FAQ,22/01/2025,1000,1700,1400,24
Maharashtra,Pune,Manchar,Potato,Other,FAQ,23/01/2025,1000,1700,1400,24
Maharashtra,Pune,Manchar,Potato,Other,Local,27/01/2025,1000,2000,1550,24
Maharashtra,Pune,Manchar,Potato,Other,Local,05/02/2025,1200,1800,1550,24
Maharashtra,Pune,Manchar,Potato,Other,Local,06/02/2025,1200,1800,1500,24
Maharashtra,Pune,Manchar,Potato,Other,Local,24/02/2025,1200,1800,1550,24
Maharashtra,Pune,Manchar,Potato,Other,Local,27/02/2025,1000,1600,1350,24
Maharashtra,Pune,Manchar,Potato,Other,FAQ,30/10/2024,1500,3000,2275,24
Maharashtra,Pune,Manchar,Potato,Other,Local,26/03/2025,1200,1800,1500,24
Maharashtra,Pune,Manchar,Potato,Other,Local,30/03/2025,1200,1600,1450,24
Maharashtra,Pune,Manchar,Potato,Other,Local,11/06/2025,1300,1500,1400,24
Maharashtra,Pune,Manchar,Potato,Other,Local,01/07/2025,1200,1600,1400,24
Maharashtra,Pune,Manchar,Potato,Other,Local,03/07/2025,800,1000,950,24
Maharashtra,Pune,Manchar,Potato,Other,Local,13/07/2025,1500,1500,1500,24
Maharashtra,Pune,Manchar,Potato,Other,Local,14/04/2025,600,1600,1100,24
Maharashtra,Pune,Manchar,Potato,Other,Local,15/04/2025,1000,1600,1350,24
Maharashtra,Pune,Manchar,Potato,Other,FAQ,11/11/2024,1500,3000,2300,24
Maharashtra,Pune,Manchar,Potato,Other,FAQ,27/11/2024,1500,3000,2300,24
Maharashtra,Pune,Manchar,Potato,Other,FAQ,12/11/2024,1500,3000,2260,24
Maharashtra,Pune,Manchar,Potato,Other,FAQ,26/11/2024,2000,3000,2575,24
Maharashtra,Pune,Manchar,Potato,Local,FAQ,20/12/2024,1000,2510,1755,24
Maharashtra,Pune,Manchar,Potato,Local,FAQ,22/12/2024,1000,1900,1450,24
Maharashtra,Pune,Manchar,Potato,Other,FAQ,16/12/2024,1000,2000,1500,24
Maharashtra,Pune,Manchar,Potato,Other,FAQ,18/12/2024,1000,1800,1400,24
Maharashtra,Pune,Manchar,Potato,Other,FAQ,10/07/2024,1800,1800,1800,24
Maharashtra,Pune,Manchar,Potato,Other,FAQ,03/07/2024,1100,2000,1550,24
Maharashtra,Pune,Manchar,Potato,Other,FAQ,17/07/2024,2500,2500,2500,24
Maharashtra,Pune,Manchar,Potato,Other,FAQ,23/07/2024,2000,2200,2100,24
Maharashtra,Pune,Manchar,Potato,Local,FAQ,24/09/2023,800,1300,1050,24
Maharashtra,Pune,Manchar,Potato,Local,FAQ,13/10/2023,1000,1500,1250,24
Maharashtra,Pune,Manchar,Potato,Local,FAQ,17/10/2023,1000,1700,1350,24
Maharashtra,Pune,Manchar,Potato,Local,FAQ,19/10/2023,1000,1300,1150,24
Maharashtra,Pune,Manchar,Potato,Local,FAQ,06/11/2023,1000,1500,1250,24
Maharashtra,Pune,Manchar,Potato,Local,FAQ,09/11/2023,1000,1350,1175,24
Maharashtra,Pune,Manchar,Potato,Local,FAQ,06/12/2023,1000,1300,1150,24
Maharashtra,Pune,Manchar,Potato,Local,FAQ,11/12/2023,1000,1500,1250,24
Maharashtra,Pune,Manchar,Potato,Other,FAQ,02/02/2023,750,1500,1125,24
Maharashtra,Pune,Manchar,Potato,Other,FAQ,20/02/2023,700,1200,950,24
Maharashtra,Pune,Manchar,Potato,Other,FAQ,05/03/2023,425,1200,812,24
Maharashtra,Pune,Manchar,Potato,Other,FAQ,09/03/2023,850,1200,1025,24
Maharashtra,Pune,Manchar,Potato,Other,FAQ,13/03/2023,500,1000,750,24
Maharashtra,Pune,Manchar,Potato,Other,FAQ,20/03/2023,500,1000,750,24
Maharashtra,Pune,Manchar,Potato,Other,FAQ,22/03/2023,725,1100,913,24
Maharashtra,Pune,Manchar,Potato,Other,FAQ,29/03/2023,800,1200,1000,24
Maharashtra,Pune,Manchar,Potato,Other,FAQ,07/04/2023,400,1200,800,24
Maharashtra,Pune,Manchar,Potato,Other,FAQ,11/04/2023,700,1200,950,24
Maharashtra,Pune,Manchar,Potato,Other,FAQ,12/04/2023,700,900,800,24
Maharashtra,Pune,Manchar,Potato,Other,FAQ,18/04/2023,300,1100,700,24
Maharashtra,Pune,Manchar,Potato,Other,FAQ,10/05/2023,1500,1500,1500,24
Maharashtra,Pune,Manchar,Potato,Other,FAQ,10/12/2023,750,1250,1000,24
Maharashtra,Pune,Manchar,Potato,Other,Local,04/08/2025,750,1200,975,24
Maharashtra,Pune,Manchar,Potato,Local,Local,11/09/2025,1000,1000,1000,24
Maharashtra,Pune,Manchar,Potato,Other,Local,15/09/2025,850,1500,1200,24
Maharashtra,Pune,Manchar APMC,Potato,Other,Local,18/12/2025,700,1500,1100,24
Maharashtra,Pune,Manchar APMC,Potato,Other,Local,30/12/2025,700,1600,1200,24
Maharashtra,Pune,Manchar APMC,Potato,Other,Local,17/02/2026,700,1400,1050,24
Maharashtra,Pune,Manchar APMC,Potato,Other,Local,15/01/2026,600,1200,900,24
Maharashtra,Pune,Manchar APMC,Potato,Other,Local,18/01/2026,700,1100,900,24
Maharashtra,Pune,Manchar APMC,Potato,Other,Local,09/12/2025,1000,1500,1300,24
Maharashtra,Pune,Manchar APMC,Potato,Other,Local,22/01/2026,500,1100,800,24
Maharashtra,Pune,Manchar APMC,Potato,Other,Local,04/01/2026,1500,3000,2300,24
Maharashtra,Pune,Manchar APMC,Potato,Other,Local,26/01/2026,600,1100,850,24
Maharashtra,Pune,Manchar APMC,Potato,Other,Local,08/02/2026,700,1100,900,24
Maharashtra,Pune,Manchar APMC,Potato,Other,Local,04/02/2026,600,1200,900,24
Maharashtra,Pune,Manchar APMC,Potato,Other,Local,28/12/2025,800,1600,1200,24
Maharashtra,Pune,Manchar APMC,Potato,Other,Local,14/01/2026,500,1000,750,24
Maharashtra,Pune,Manchar APMC,Potato,Other,Local,11/02/2026,700,1300,1000,24
Maharashtra,Pune,Manchar APMC,Potato,Other,Local,02/02/2026,1000,1200,1100,24
Maharashtra,Pune,Manchar APMC,Potato,Other,Local,22/02/2026,600,1300,900,24
Maharashtra,Pune,Manchar APMC,Potato,Other,Local,21/01/2026,600,1200,900,24
Maharashtra,Pune,Manchar APMC,Potato,Other,Local,16/02/2026,700,1300,1000,24
Maharashtra,Pune,Manchar APMC,Potato,Other,Local,09/02/2026,700,1500,1100,24
Maharashtra,Pune,Manchar APMC,Potato,Other,Local,03/02/2026,800,1200,1050,24
Maharashtra,Pune,Manchar APMC,Potato,Other,Local,05/02/2026,600,1200,900,24
Maharashtra,Pune,Manchar APMC,Potato,Other,Local,12/01/2026,600,1200,900,24
Maharashtra,Pune,Manchar APMC,Potato,Other,Local,08/01/2026,600,1200,900,24
Maharashtra,Pune,Manchar APMC,Potato,Other,Local,11/01/2026,600,1200,900,24
Maharashtra,Pune,Manchar APMC,Potato,Other,Local,07/01/2026,600,1250,925,24
Maharashtra,Pune,Manchar APMC,Potato,Other,Local,28/01/2026,500,1000,750,24
Maharashtra,Pune,Manchar APMC,Potato,Other,Local,31/12/2025,700,1400,1100,24
Maharashtra,Pune,Manchar APMC,Potato,Other,Local,21/12/2025,800,1600,1200,24
Maharashtra,Pune,Pune,Potato,Local,FAQ,11/07/2024,2400,3000,2700,24
Maharashtra,Pune,Pune,Potato,Local,FAQ,16/07/2024,2500,3000,2750,24
Maharashtra,Pune,Pune,Potato,Local,FAQ,25/07/2024,2500,3000,2750,24
Maharashtra,Pune,Pune,Potato,Local,FAQ,28/07/2024,2500,3100,2800,24
Maharashtra,Pune,Pune,Potato,Local,FAQ,07/07/2024,2500,3200,2850,24
Maharashtra,Pune,Pune,Potato,Local,FAQ,10/07/2024,2500,3000,2750,24
Maharashtra,Pune,Pune,Potato,Local,FAQ,15/07/2024,2500,3000,2750,24
Maharashtra,Pune,Pune,Potato,Local,FAQ,21/07/2024,2500,3100,2800,24
Maharashtra,Pune,Pune,Potato,Local,FAQ,02/08/2024,2500,3100,2800,24
Maharashtra,Pune,Pune,Potato,Local,FAQ,05/08/2024,2200,3000,2600,24
Maharashtra,Pune,Pune,Potato,Local,FAQ,08/08/2024,2000,3000,2500,24
Maharashtra,Pune,Pune,Potato,Local,FAQ,26/08/2024,2300,2800,2550,24
Maharashtra,Pune,Pune,Potato,Local,FAQ,04/06/2024,2000,2600,2300,24
Maharashtra,Pune,Pune,Potato,Local,FAQ,14/06/2024,2000,2800,2400,24
Maharashtra,Pune,Pune,Potato,Local,FAQ,10/06/2024,2000,2700,2350,24
Maharashtra,Pune,Pune,Potato,Local,FAQ,21/06/2024,2500,3000,2750,24
Maharashtra,Pune,Pune,Potato,Local,FAQ,02/05/2024,1800,2900,2150,24
Maharashtra,Pune,Pune,Potato,Local,FAQ,03/01/2024,1400,2000,1700,24
Maharashtra,Pune,Pune,Potato,Local,FAQ,09/01/2024,1000,2000,1500,24
Maharashtra,Pune,Pune,Potato,Local,FAQ,11/01/2024,1200,2000,1600,24
Maharashtra,Pune,Pune,Potato,Local,FAQ,16/01/2024,1100,1700,1450,24
Maharashtra,Pune,Pune,Potato,Local,FAQ,17/01/2024,1000,1600,1300,24
Maharashtra,Pune,Pune,Potato,Local,FAQ,23/01/2024,1100,1600,1350,24
Maharashtra,Pune,Pune,Potato,Local,FAQ,24/01/2024,1200,1700,1450,24
Maharashtra,Pune,Pune,Potato,Local,FAQ,31/01/2024,1000,1600,1300,24
Maharashtra,Pune,Pune,Potato,Local,FAQ,16/02/2024,1400,1800,1600,24
Maharashtra,Pune,Pune,Potato,Local,FAQ,18/02/2024,14000,18000,16000,24
Maharashtra,Pune,Pune,Potato,Local,FAQ,19/02/2024,1300,2000,1650,24
Maharashtra,Pune,Pune,Potato,Local,FAQ,20/02/2024,1200,2000,1600,24
Maharashtra,Pune,Pune,Potato,Local,FAQ,03/03/2024,1400,2100,1750,24
Maharashtra,Pune,Pune,Potato,Local,FAQ,11/03/2024,1500,2200,1850,24
Maharashtra,Pune,Pune,Potato,Local,FAQ,17/03/2024,1400,2300,1850,24
Maharashtra,Pune,Pune,Potato,Local,FAQ,21/03/2024,1300,2100,1700,24
Maharashtra,Pune,Pune,Potato,Local,FAQ,24/03/2024,1500,2200,1850,24
Maharashtra,Pune,Pune,Potato,Local,FAQ,27/03/2024,1400,2200,1800,24
Maharashtra,Pune,Pune,Potato,Local,FAQ,29/03/2024,1400,2500,1950,24
Maharashtra,Pune,Pune,Potato,Local,FAQ,01/04/2024,1800,2500,2150,24
Maharashtra,Pune,Pune,Potato,Local,FAQ,08/04/2024,1800,2600,2200,24
Maharashtra,Pune,Pune,Potato,Local,FAQ,16/04/2024,1500,2500,2000,24
Maharashtra,Pune,Pune,Potato,Other,FAQ,28/02/2021,800,1400,1200,24
Maharashtra,Pune,Pune,Potato,Other,FAQ,03/03/2021,800,1400,1100,24
Maharashtra,Pune,Pune,Potato,Other,FAQ,09/03/2021,700,1500,1100,24
Maharashtra,Pune,Pune,Potato,Other,FAQ,11/03/2021,800,1550,1170,24
Maharashtra,Pune,Pune,Potato,Other,FAQ,12/03/2021,700,1500,1100,24
Maharashtra,Pune,Pune,Potato,Other,FAQ,16/03/2021,500,1800,1150,24
Maharashtra,Pune,Pune,Potato,Other,FAQ,23/03/2021,700,1700,1200,24
Maharashtra,Pune,Pune,Potato,Other,FAQ,14/04/2021,1000,1800,1400,24
Maharashtra,Pune,Pune,Potato,Other,FAQ,15/04/2021,1000,1700,1350,24
Maharashtra,Pune,Pune,Potato,Other,FAQ,26/04/2021,800,1600,1200,24
Maharashtra,Pune,Pune,Potato,Other,FAQ,06/05/2021,800,1500,1150,24
Maharashtra,Pune,Pune,Potato,Other,FAQ,01/06/2021,700,1600,1150,24
Maharashtra,Pune,Pune,Potato,Other,FAQ,04/06/2021,800,1600,1200,24
Maharashtra,Pune,Pune,Potato,Other,FAQ,16/06/2021,700,1500,1100,24
Maharashtra,Pune,Pune,Potato,Other,FAQ,18/06/2021,600,1500,1050,24
Maharashtra,Pune,Pune,Potato,Other,FAQ,29/06/2021,600,1500,1050,24
Maharashtra,Pune,Pune,Potato,Other,FAQ,01/07/2021,700,1400,1050,24
Maharashtra,Pune,Pune,Potato,Other,FAQ,02/07/2021,800,1500,1150,24
Maharashtra,Pune,Pune,Potato,Other,FAQ,20/07/2021,600,1300,950,24
Maharashtra,Pune,Pune,Potato,Other,FAQ,22/07/2021,600,1300,950,24
Maharashtra,Pune,Pune,Potato,Other,FAQ,23/07/2021,600,1300,950,24
Maharashtra,Pune,Pune,Potato,Other,FAQ,03/08/2021,700,1300,1000,24
Maharashtra,Pune,Pune,Potato,Other,FAQ,08/08/2021,700,1300,1000,24
Maharashtra,Pune,Pune,Potato,Other,FAQ,12/08/2021,700,1300,1000,24
Maharashtra,Pune,Pune,Potato,Other,FAQ,26/08/2021,800,1300,1050,24
Maharashtra,Pune,Pune,Potato,Other,FAQ,07/09/2021,800,1300,1050,24
Maharashtra,Pune,Pune,Potato,Other,FAQ,09/09/2021,700,1200,950,24
Maharashtra,Pune,Pune,Potato,Other,FAQ,14/09/2021,800,1500,1150,24
Maharashtra,Pune,Pune,Potato,Other,FAQ,19/09/2021,800,1650,1230,24
Maharashtra,Pune,Pune,Potato,Other,FAQ,22/09/2021,600,1700,1150,24
Maharashtra,Pune,Pune,Potato,Other,FAQ,23/09/2021,700,1500,1100,24
Maharashtra,Pune,Pune,Potato,Other,FAQ,24/09/2021,600,1600,1100,24
Maharashtra,Pune,Pune,Potato,Other,FAQ,28/09/2021,500,1300,900,24
Maharashtra,Pune,Pune,Potato,Other,FAQ,07/10/2021,1000,1700,1350,24
Maharashtra,Pune,Pune,Potato,Other,FAQ,22/10/2021,1200,1700,1450,24
Maharashtra,Pune,Pune,Potato,Other,FAQ,24/10/2021,1200,1800,1500,24
Maharashtra,Pune,Pune,Potato,Other,FAQ,26/10/2021,1200,1800,1500,24
Maharashtra,Pune,Pune,Potato,Other,FAQ,28/10/2021,1200,1800,1500,24
Maharashtra,Pune,Pune,Potato,Other,FAQ,04/11/2021,1200,2000,1600,24
Maharashtra,Pune,Pune,Potato,Other,FAQ,12/11/2021,1500,2200,1850,24
Maharashtra,Pune,Pune,Potato,Other,FAQ,26/11/2021,1200,2000,1600,24
Maharashtra,Pune,Pune,Potato,Other,FAQ,28/11/2021,1000,1800,1400,24
Maharashtra,Pune,Pune,Potato,Other,FAQ,30/11/2021,1000,1600,1300,24
Maharashtra,Pune,Pune,Potato,Other,FAQ,07/12/2021,700,1800,1250,24
Maharashtra,Pune,Pune,Potato,Other,FAQ,20/12/2021,800,1800,1300,24
Maharashtra,Pune,Pune,Potato,Other,FAQ,21/12/2021,800,1800,1300,24
Maharashtra,Pune,Pune,Potato,Other,FAQ,26/12/2021,800,1800,1300,24
Maharashtra,Pune,Pune,Potato,Other,FAQ,27/12/2021,800,1800,1300,24
Maharashtra,Pune,Pune,Potato,Other,FAQ,29/12/2021,800,1800,1300,24
Maharashtra,Pune,Pune,Potato,Local,FAQ,03/01/2025,1200,2800,2000,24
Maharashtra,Pune,Pune,Potato,Local,FAQ,14/01/2025,1500,2200,1850,24
Maharashtra,Pune,Pune,Potato,Local,FAQ,21/01/2025,1400,2000,1700,24
Maharashtra,Pune,Pune,Potato,Local,Local,29/01/2025,1300,1900,1600,24
Maharashtra,Pune,Pune,Potato,Other,FAQ,04/01/2022,800,1500,1150,24
Maharashtra,Pune,Pune,Potato,Other,FAQ,07/01/2022,800,1500,1150,24
Maharashtra,Pune,Pune,Potato,Other,FAQ,17/01/2022,800,1600,1200,24
Maharashtra,Pune,Pune,Potato,Other,FAQ,25/01/2022,800,1300,1050,24
Maharashtra,Pune,Pune,Potato,Other,FAQ,31/01/2022,700,1200,950,24
Maharashtra,Pune,Pune,Potato,Other,FAQ,02/02/2022,800,1300,1050,24
Maharashtra,Pune,Pune,Potato,Other,FAQ,08/02/2022,1000,1500,1250,24
Maharashtra,Pune,Pune,Potato,Other,FAQ,17/02/2022,1000,1400,1200,24
Maharashtra,Pune,Pune,Potato,Other,FAQ,20/02/2022,1000,1500,1250,24
Maharashtra,Pune,Pune,Potato,Other,FAQ,22/02/2022,1100,1500,1300,24
Maharashtra,Pune,Pune,Potato,Other,FAQ,23/02/2022,1000,1400,1200,24
Maharashtra,Pune,Pune,Potato,Other,FAQ,28/02/2022,1000,1700,1350,24
Maharashtra,Pune,Pune,Potato,Other,FAQ,10/03/2022,1000,1700,1350,24
Maharashtra,Pune,Pune,Potato,Other,FAQ,11/03/2022,1000,1700,1350,24
Maharashtra,Pune,Pune,Potato,Other,FAQ,21/03/2022,1100,1700,1400,24
Maharashtra,Pune,Pune,Potato,Other,FAQ,22/03/2022,1000,1700,1350,24
Maharashtra,Pune,Pune,Potato,Other,FAQ,30/03/2022,900,1700,1300,24
Maharashtra,Pune,Pune,Potato,Other,FAQ,10/04/2022,1000,1850,1430,24
Maharashtra,Pune,Pune,Potato,Other,FAQ,14/04/2022,1000,1750,1380,24
Maharashtra,Pune,Pune,Potato,Other,FAQ,15/04/2022,1100,1800,1450,24
Maharashtra,Pune,Pune,Potato,Other,FAQ,25/04/2022,1000,2000,1500,24
Maharashtra,Pune,Pune,Potato,Other,FAQ,06/05/2022,1600,2400,2000,24
Maharashtra,Pune,Pune,Potato,Other,FAQ,17/05/2022,1500,1900,1700,24
Maharashtra,Pune,Pune,Potato,Other,FAQ,24/05/2022,1400,2000,1700,24
Maharashtra,Pune,Pune,Potato,Other,FAQ,30/05/2022,1600,2000,1800,24
Maharashtra,Pune,Pune,Potato,Other,FAQ,31/05/2022,1600,2000,1800,24
Maharashtra,Pune,Pune,Potato,Other,FAQ,02/06/2022,1600,1900,1750,24
Maharashtra,Pune,Pune,Potato,Other,FAQ,22/06/2022,1800,2100,1950,24
Maharashtra,Pune,Pune,Potato,Other,FAQ,24/06/2022,1700,2100,1900,24
Maharashtra,Pune,Pune,Potato,Other,FAQ,27/06/2022,1600,2000,1800,24
Maharashtra,Pune,Pune,Potato,Other,FAQ,30/06/2022,1600,2100,1850,24
Maharashtra,Pune,Pune,Potato,Other,FAQ,04/07/2022,1800,2000,1900,24
Maharashtra,Pune,Pune,Potato,Other,FAQ,07/07/2022,1600,2000,1800,24
Maharashtra,Pune,Pune,Potato,Other,FAQ,15/07/2022,1700,2100,1900,24
Maharashtra,Pune,Pune,Potato,Other,FAQ,24/07/2022,1600,2200,1900,24
Maharashtra,Pune,Pune,Potato,Other,FAQ,26/07/2022,1500,2200,1850,24
Maharashtra,Pune,Pune,Potato,Other,FAQ,27/07/2022,1500,2100,1800,24
Maharashtra,Pune,Pune,Potato,Other,FAQ,12/08/2022,1700,2300,2000,24
Maharashtra,Pune,Pune,Potato,Other,FAQ,14/08/2022,1700,2200,1950,24
Maharashtra,Pune,Pune,Potato,Other,FAQ,24/08/2022,1600,2200,1900,24
Maharashtra,Pune,Pune,Potato,Other,FAQ,31/08/2022,1600,2200,1900,24
Maharashtra,Pune,Pune,Potato,Other,FAQ,02/09/2022,1700,2300,2000,24
Maharashtra,Pune,Pune,Potato,Other,FAQ,09/09/2022,1700,2100,1900,24
Maharashtra,Pune,Pune,Potato,Other,FAQ,23/09/2022,1600,2300,1950,24
Maharashtra,Pune,Pune,Potato,Other,FAQ,07/10/2022,1600,2600,2100,24
Maharashtra,Pune,Pune,Potato,Other,FAQ,09/10/2022,1600,2800,2200,24
Maharashtra,Pune,Pune,Potato,Other,FAQ,24/10/2022,1800,2600,2200,24
Maharashtra,Pune,Pune,Potato,Other,FAQ,06/11/2022,1700,2300,2000,24
Maharashtra,Pune,Pune,Potato,Other,FAQ,07/11/2022,1600,2300,1950,24
Maharashtra,Pune,Pune,Potato,Other,FAQ,11/11/2022,1500,2200,1850,24
Maharashtra,Pune,Pune,Potato,Other,FAQ,20/11/2022,1400,2300,1850,24
Maharashtra,Pune,Pune,Potato,Other,FAQ,21/11/2022,1400,2200,1800,24
Maharashtra,Pune,Pune,Potato,Other,FAQ,30/11/2022,1300,2200,1750,24
Maharashtra,Pune,Pune,Potato,Other,FAQ,06/12/2022,1500,2100,1800,24
Maharashtra,Pune,Pune,Potato,Other,FAQ,18/12/2022,1500,2400,1950,24
Maharashtra,Pune,Pune,Potato,Other,FAQ,22/12/2022,1500,2400,1950,24
Maharashtra,Pune,Pune,Potato,Local,FAQ,30/09/2024,2500,3200,2850,24
Maharashtra,Pune,Pune,Potato,Local,FAQ,26/09/2024,2000,3200,2600,24
Maharashtra,Pune,Pune,Potato,Local,FAQ,26/05/2024,2000,2600,2300,24
Maharashtra,Pune,Pune,Potato,Local,FAQ,30/05/2024,2000,2700,2350,24
Maharashtra,Pune,Pune,Potato,Local,FAQ,06/05/2024,2000,2900,2450,24
Maharashtra,Pune,Pune,Potato,Local,FAQ,29/05/2024,2000,2700,2350,24
Maharashtra,Pune,Pune,Potato,Local,Local,04/03/2025,1000,1900,1450,24
Maharashtra,Pune,Pune,Potato,Local,Local,13/03/2025,1000,1900,1450,24
Maharashtra,Pune,Pune,Potato,Local,Local,17/03/2025,1000,2000,1500,24
Maharashtra,Pune,Pune,Potato,Local,Local,19/03/2025,1000,2100,1550,24
Maharashtra,Pune,Pune,Potato,Local,Local,26/03/2025,800,2000,1400,24
Maharashtra,Pune,Pune,Potato,Local,Local,31/03/2025,1000,2000,1500,24
Maharashtra,Pune,Pune,Potato,Local,FAQ,04/10/2024,2500,3500,3000,24
Maharashtra,Pune,Pune,Potato,Local,FAQ,10/10/2024,2000,3500,2750,24
Maharashtra,Pune,Pune,Potato,Local,FAQ,30/10/2024,2000,3800,2900,24
Maharashtra,Pune,Pune,Potato,Local,FAQ,22/10/2024,2500,3800,3150,24
Maharashtra,Pune,Pune,Potato,Local,FAQ,23/10/2024,2200,3800,3000,24
Maharashtra,Pune,Pune,Potato,Local,FAQ,03/12/2024,1500,4000,2750,24
Maharashtra,Pune,Pune,Potato,Local,FAQ,05/12/2024,1800,4000,2900,24
Maharashtra,Pune,Pune,Potato,Local,FAQ,06/12/2024,2000,4000,3000,24
Maharashtra,Pune,Pune,Potato,Local,FAQ,22/12/2024,1500,3000,2250,24
Maharashtra,Pune,Pune,Potato,Local,FAQ,23/12/2024,1200,3000,2100,24
Maharashtra,Pune,Pune,Potato,Local,FAQ,26/12/2024,1000,2800,1900,24
Maharashtra,Pune,Pune,Potato,Other,FAQ,09/05/2023,1000,2000,1500,24
Maharashtra,Pune,Pune,Potato,Local,FAQ,30/05/2023,1100,2000,1550,24
Maharashtra,Pune,Pune,Potato,Local,FAQ,07/06/2023,1100,2000,1550,24
Maharashtra,Pune,Pune,Potato,Local,FAQ,18/06/2023,1000,2000,1500,24
Maharashtra,Pune,Pune,Potato,Local,FAQ,21/06/2023,1200,2100,1650,24
Maharashtra,Pune,Pune,Potato,Local,FAQ,28/06/2023,1000,2000,1500,24
Maharashtra,Pune,Pune,Potato,Local,FAQ,29/06/2023,1000,2000,1500,24
Maharashtra,Pune,Pune,Potato,Local,FAQ,30/06/2023,800,1200,1000,24
Maharashtra,Pune,Pune,Potato,Local,FAQ,12/07/2023,1200,2000,1600,24
Maharashtra,Pune,Pune,Potato,Local,FAQ,20/07/2023,1000,2000,1500,24
Maharashtra,Pune,Pune,Potato,Local,FAQ,23/07/2023,1200,2100,1650,24
Maharashtra,Pune,Pune,Potato,Local,FAQ,25/07/2023,1300,2100,1700,24
Maharashtra,Pune,Pune,Potato,Local,FAQ,28/07/2023,1400,2100,1750,24
Maharashtra,Pune,Pune,Potato,Local,FAQ,04/08/2023,1100,2000,1550,24
Maharashtra,Pune,Pune,Potato,Local,FAQ,23/08/2023,1200,2000,1600,24
Maharashtra,Pune,Pune,Potato,Local,FAQ,27/08/2023,1300,2000,1650,24
Maharashtra,Pune,Pune,Potato,Local,FAQ,28/08/2023,1200,2000,1600,24
Maharashtra,Pune,Pune,Potato,Local,FAQ,10/09/2023,1100,1800,1450,24
Maharashtra,Pune,Pune,Potato,Local,FAQ,20/09/2023,1000,1800,1400,24
Maharashtra,Pune,Pune,Potato,Local,FAQ,22/09/2023,1000,1800,1400,24
Maharashtra,Pune,Pune,Potato,Local,FAQ,06/10/2023,1200,2000,1600,24
Maharashtra,Pune,Pune,Potato,Local,FAQ,16/10/2023,1200,2100,1650,24
Maharashtra,Pune,Pune,Potato,Local,FAQ,17/10/2023,1200,2000,1600,24
Maharashtra,Pune,Pune,Potato,Local,FAQ,26/10/2023,1000,2100,1550,24
Maharashtra,Pune,Pune,Potato,Local,FAQ,27/10/2023,1100,2000,1550,24
Maharashtra,Pune,Pune,Potato,Local,FAQ,09/11/2023,900,1800,1350,24
Maharashtra,Pune,Pune,Potato,Local,FAQ,16/11/2023,1200,2200,1700,24
Maharashtra,Pune,Pune,Potato,Local,FAQ,17/11/2023,1200,2200,1700,24
Maharashtra,Pune,Pune,Potato,Local,FAQ,06/12/2023,1000,1800,1400,24
Maharashtra,Pune,Pune,Potato,Local,FAQ,07/12/2023,1000,1800,1400,24
Maharashtra,Pune,Pune,Potato,Local,FAQ,08/12/2023,1000,1800,1400,24
Maharashtra,Pune,Pune,Potato,Local,FAQ,13/12/2023,1000,2200,1600,24
Maharashtra,Pune,Pune,Potato,Local,FAQ,25/12/2023,1000,2200,1600,24
Maharashtra,Pune,Pune,Potato,Local,FAQ,28/12/2023,1000,2200,1600,24
Maharashtra,Pune,Pune,Potato,Other,FAQ,02/02/2023,1000,1600,1300,24
Maharashtra,Pune,Pune,Potato,Other,FAQ,07/02/2023,1000,1600,1300,24
Maharashtra,Pune,Pune,Potato,Other,FAQ,13/02/2023,900,1400,1150,24
Maharashtra,Pune,Pune,Potato,Other,FAQ,16/02/2023,800,1500,1150,24
Maharashtra,Pune,Pune,Potato,Other,FAQ,23/02/2023,1000,1400,1200,24
Maharashtra,Pune,Pune,Potato,Other,FAQ,24/02/2023,700,1400,1050,24
Maharashtra,Pune,Pune,Potato,Other,FAQ,03/03/2023,500,1400,950,24
Maharashtra,Pune,Pune,Potato,Other,FAQ,19/03/2023,500,1300,900,24
Maharashtra,Pune,Pune,Potato,Other,FAQ,24/03/2023,600,1300,950,24
Maharashtra,Pune,Pune,Potato,Other,FAQ,26/03/2023,600,1400,1000,24
Maharashtra,Pune,Pune,Potato,Other,FAQ,27/03/2023,700,1400,1050,24
Maharashtra,Pune,Pune,Potato,Other,FAQ,10/04/2023,800,1600,1200,24
Maharashtra,Pune,Pune,Potato,Other,FAQ,13/04/2023,800,1600,1200,24
Maharashtra,Pune,Pune,Potato,Other,FAQ,14/04/2023,800,1500,1150,24
Maharashtra,Pune,Pune,Potato,Other,FAQ,25/04/2023,800,1600,1200,24
Maharashtra,Pune,Pune,Potato,Other,FAQ,26/04/2023,1000,1600,1300,24
Maharashtra,Pune,Pune,Potato,Other,FAQ,05/05/2023,1000,2000,1500,24
Maharashtra,Pune,Pune,Potato,Local,FAQ,06/11/2024,2300,4300,3300,24
Maharashtra,Pune,Pune,Potato,Local,FAQ,22/11/2024,2200,4200,3200,24
Maharashtra,Pune,Pune,Potato,Local,Local,02/02/2025,1300,2000,1650,24
Maharashtra,Pune,Pune,Potato,Local,Local,14/02/2025,1200,1900,1550,24
Maharashtra,Pune,Pune,Potato,Local,Local,16/02/2025,1200,1900,1550,24
Maharashtra,Pune,Pune,Potato,Local,Local,18/02/2025,1200,1800,1500,24
Maharashtra,Pune,Pune,Potato,Local,Local,26/02/2025,1000,1900,1450,24
Maharashtra,Pune,Pune,Potato,Local,Local,19/06/2025,1300,2200,1650,24
Maharashtra,Pune,Pune,Potato,Local,Local,04/07/2025,1400,2100,1750,24
Maharashtra,Pune,Pune,Potato,Local,Local,14/07/2025,12000,20000,16000,24
Maharashtra,Pune,Pune,Potato,Local,Local,23/07/2025,1000,1800,1400,24
Maharashtra,Pune,Pune,Potato,Local,Local,24/07/2025,1000,1900,1450,24
Maharashtra,Pune,Pune,Potato,Local,Local,29/07/2025,1000,1800,1400,24
Maharashtra,Pune,Pune,Potato,Local,Local,03/04/2025,1000,2000,1500,24
Maharashtra,Pune,Pune,Potato,Local,Local,07/04/2025,1200,2100,1650,24
Maharashtra,Pune,Pune,Potato,Local,Local,20/04/2025,1400,2000,1700,24
Maharashtra,Pune,Pune,Potato,Local,FAQ,15/10/2024,2000,3500,2750,24
Maharashtra,Pune,Pune,Potato,Local,FAQ,01/11/2024,2200,3800,3000,24
Maharashtra,Pune,Pune,Potato,Local,FAQ,24/11/2024,2200,4200,3200,24
Maharashtra,Pune,Pune,Potato,Local,FAQ,03/11/2024,1500,3000,2250,24
Maharashtra,Pune,Pune,Potato,Local,FAQ,11/11/2024,2200,4200,3200,24
Maharashtra,Pune,Pune,Potato,Local,FAQ,19/11/2024,2400,4000,3200,24
Maharashtra,Pune,Pune,Potato,Local,Local,02/05/2025,1200,2200,1700,24
Maharashtra,Pune,Pune,Potato,Local,Local,12/05/2025,1200,2200,1700,24
Maharashtra,Pune,Pune,Potato,Local,Local,22/05/2025,1200,2200,1700,24
Maharashtra,Pune,Pune,Potato,Local,Local,01/09/2025,1000,1900,1450,24
Maharashtra,Pune,Pune,Potato,Local,Local,05/09/2025,1200,1800,1500,24
Maharashtra,Pune,Pune,Potato,Local,Local,12/09/2025,1200,1900,1650,24
Maharashtra,Pune,Pune,Potato,Local,Local,18/09/2025,1000,1800,1400,24
Maharashtra,Pune,Pune,Potato,Local,Local,21/09/2025,1200,1800,1500,24
Maharashtra,Pune,Pune,Potato,Local,Local,22/09/2025,1200,1800,1500,24
Maharashtra,Pune,Pune,Potato,Local,Local,23/09/2025,1200,2000,1600,24
Maharashtra,Pune,Pune,Potato,Local,Local,14/10/2025,1000,1800,1400,24
Maharashtra,Pune,Pune,Potato,Local,Local,16/10/2025,1200,2000,1600,24
Maharashtra,Pune,Pune,Potato,Local,Local,21/10/2025,1400,2000,1700,24
Maharashtra,Pune,Pune,Potato,Local,Local,24/10/2025,1400,2000,1700,24
Maharashtra,Pune,Pune,Potato,Local,Local,30/10/2025,1300,2600,1950,24
Maharashtra,Pune,Pune,Potato,Local,Local,15/10/2025,1000,1800,1400,24
Maharashtra,Pune,Pune,Potato,Local,Local,19/10/2025,1000,2100,1550,24
Maharashtra,Pune,Pune,Potato,Local,Local,22/10/2025,1300,2100,1700,24
Maharashtra,Pune,Pune,Potato,Local,Local,28/10/2025,1500,2700,2100,24
Maharashtra,Pune,Pune,Potato,Local,Local,03/08/2025,1000,1700,1350,24
Maharashtra,Pune,Pune,Potato,Local,Local,19/08/2025,1200,1800,1500,24
Maharashtra,Pune,Pune,Potato,Local,Local,08/08/2025,1200,1800,1500,24
Maharashtra,Pune,Pune,Potato,Local,Local,22/08/2025,1000,1900,1450,24
Maharashtra,Pune,Pune,Potato,Local,Local,04/02/2025,1200,2000,1600,24
Maharashtra,Pune,Pune,Potato,Local,Local,13/02/2025,1200,2000,1600,24
Maharashtra,Pune,Pune,Potato,Local,Local,25/02/2025,1000,1900,1450,24
Maharashtra,Pune,Pune,Potato,Local,Local,27/02/2025,1000,1900,1450,24
Maharashtra,Pune,Pune,Potato,Local,Local,28/02/2025,1000,2000,1500,24
Maharashtra,Pune,Pune,Potato,Local,FAQ,13/09/2024,2000,3000,2500,24
Maharashtra,Pune,Pune,Potato,Local,FAQ,19/09/2024,2200,3200,2700,24
Maharashtra,Pune,Pune,Potato,Local,FAQ,29/09/2024,2200,3300,2750,24
Maharashtra,Pune,Pune,Potato,Local,FAQ,15/09/2024,1800,3000,2400,24
Maharashtra,Pune,Pune,Potato,Local,FAQ,17/12/2024,1400,3000,2200,24
Maharashtra,Pune,Pune,Potato,Local,FAQ,25/12/2024,1200,3000,2100,24
Maharashtra,Pune,Pune,Potato,Local,FAQ,08/01/2025,1500,2200,1850,24
Maharashtra,Pune,Pune,Potato,Local,FAQ,09/01/2025,1500,2100,1800,24
Maharashtra,Pune,Pune,Potato,Local,FAQ,16/01/2025,1600,2100,1850,24
Maharashtra,Pune,Pune,Potato,Local,Local,30/01/2025,1500,2000,1750,24
Maharashtra,Pune,Pune,Potato,Local,FAQ,12/08/2024,2300,2800,2550,24
Maharashtra,Pune,Pune,Potato,Local,FAQ,13/08/2024,2200,3000,2600,24
Maharashtra,Pune,Pune,Potato,Local,FAQ,18/08/2024,2400,2900,2650,24
Maharashtra,Pune,Pune,Potato,Local,FAQ,25/08/2024,2300,2900,2600,24
Maharashtra,Pune,Pune,Potato,Local,FAQ,28/08/2024,2300,3000,2650,24
Maharashtra,Pune,Pune,Potato,Local,FAQ,16/10/2024,1800,3500,2650,24
Maharashtra,Pune,Pune,Potato,Local,FAQ,29/10/2024,2000,3700,2850,24
Maharashtra,Pune,Pune,Potato,Local,FAQ,10/11/2024,2400,4400,3400,24
Maharashtra,Pune,Pune,Potato,Local,FAQ,13/11/2024,2000,4200,3100,24
Maharashtra,Pune,Pune,Potato,Local,FAQ,15/11/2024,2200,4000,3100,24
Maharashtra,Pune,Pune,Potato,Local,FAQ,21/11/2024,2200,4200,3200,24
Maharashtra,Pune,Pune,Potato,Local,FAQ,05/11/2024,2000,3600,2800,24
Maharashtra,Pune,Pune,Potato,Local,FAQ,18/11/2024,2400,4000,3200,24
Maharashtra,Pune,Pune,Potato,Local,FAQ,01/09/2024,2500,3000,2750,24
Maharashtra,Pune,Pune,Potato,Local,FAQ,22/09/2024,2300,3000,2650,24
Maharashtra,Pune,Pune,Potato,Local,FAQ,09/05/2024,2000,3000,2500,24
Maharashtra,Pune,Pune,Potato,Local,FAQ,03/06/2024,2000,2700,2350,24
Maharashtra,Pune,Pune,Potato,Local,FAQ,05/06/2024,2000,2700,2350,24
Maharashtra,Pune,Pune,Potato,Local,FAQ,16/06/2024,2500,2800,2650,24
Maharashtra,Pune,Pune,Potato,Local,FAQ,30/06/2024,2500,3100,2800,24
Maharashtra,Pune,Pune,Potato,Local,FAQ,24/06/2024,2500,3000,2750,24
Maharashtra,Pune,Pune,Potato,Local,FAQ,26/06/2024,2200,3000,2600,24
Maharashtra,Pune,Pune,Potato,Local,FAQ,04/01/2024,1300,2100,1700,24
Maharashtra,Pune,Pune,Potato,Local,FAQ,14/01/2024,1200,1700,1450,24
Maharashtra,Pune,Pune,Potato,Local,FAQ,18/01/2024,1100,1700,1400,24
Maharashtra,Pune,Pune,Potato,Local,FAQ,22/01/2024,800,1600,1200,24
Maharashtra,Pune,Pune,Potato,Local,FAQ,28/01/2024,1200,1700,1450,24
Maharashtra,Pune,Pune,Potato,Local,FAQ,29/01/2024,1200,1700,1450,24
Maharashtra,Pune,Pune,Potato,Local,FAQ,02/02/2024,1000,1700,1350,24
Maharashtra,Pune,Pune,Potato,Local,FAQ,11/02/2024,1500,1900,1700,24
Maharashtra,Pune,Pune,Potato,Local,FAQ,15/02/2024,1400,1800,1600,24
Maharashtra,Pune,Pune,Potato,Local,FAQ,23/02/2024,1300,2000,1650,24
Maharashtra,Pune,Pune,Potato,Local,FAQ,27/02/2024,1400,2100,1700,24
Maharashtra,Pune,Pune,Potato,Local,FAQ,04/03/2024,1000,2100,1550,24
Maharashtra,Pune,Pune,Potato,Local,FAQ,05/03/2024,1200,2100,1650,24
Maharashtra,Pune,Pune,Potato,Local,FAQ,14/03/2024,1400,2300,1850,24
Maharashtra,Pune,Pune,Potato,Local,FAQ,19/03/2024,1200,2200,1700,24
Maharashtra,Pune,Pune,Potato,Local,FAQ,07/04/2024,1800,2600,2200,24
Maharashtra,Pune,Pune,Potato,Local,FAQ,18/07/2024,2500,3100,2800,24
Maharashtra,Pune,Pune,Potato,Local,FAQ,30/07/2024,2300,3100,2700,24
Maharashtra,Pune,Pune,Potato,Local,FAQ,01/07/2024,2200,3100,2650,24
Maharashtra,Pune,Pune,Potato,Other,FAQ,23/02/2021,1000,1400,1200,24
Maharashtra,Pune,Pune,Potato,Other,FAQ,26/02/2021,900,1400,1150,24
Maharashtra,Pune,Pune,Potato,Other,FAQ,01/03/2021,1000,1400,1200,24
Maharashtra,Pune,Pune,Potato,Other,FAQ,15/03/2021,600,1700,1150,24
Maharashtra,Pune,Pune,Potato,Other,FAQ,22/03/2021,700,1700,1150,24
Maharashtra,Pune,Pune,Potato,Other,FAQ,31/03/2021,800,1600,1200,24
Maharashtra,Pune,Pune,Potato,Other,FAQ,05/04/2021,800,1600,1200,24
Maharashtra,Pune,Pune,Potato,Other,FAQ,07/04/2021,800,1600,1200,24
Maharashtra,Pune,Pune,Potato,Other,FAQ,13/04/2021,800,1600,1200,24
Maharashtra,Pune,Pune,Potato,Other,FAQ,21/04/2021,700,1600,1150,24
Maharashtra,Pune,Pune,Potato,Other,FAQ,23/04/2021,700,1600,1150,24
Maharashtra,Pune,Pune,Potato,Other,FAQ,27/04/2021,800,1600,1200,24
Maharashtra,Pune,Pune,Potato,Other,FAQ,28/04/2021,800,1600,1200,24
Maharashtra,Pune,Pune,Potato,Other,FAQ,29/04/2021,800,1600,1200,24
Maharashtra,Pune,Pune,Potato,Other,FAQ,30/04/2021,800,1500,1150,24
Maharashtra,Pune,Pune,Potato,Other,FAQ,11/05/2021,800,1600,1200,24
Maharashtra,Pune,Pune,Potato,Other,FAQ,12/05/2021,800,1500,1150,24
Maharashtra,Pune,Pune,Potato,Other,FAQ,14/05/2021,1000,1500,1250,24
Maharashtra,Pune,Pune,Potato,Other,FAQ,19/05/2021,800,1500,1150,24
Maharashtra,Pune,Pune,Potato,Other,FAQ,30/05/2021,800,1500,1150,24
Maharashtra,Pune,Pune,Potato,Other,FAQ,21/06/2021,600,1500,1050,24
Maharashtra,Pune,Pune,Potato,Other,FAQ,09/07/2021,600,1300,950,24
Maharashtra,Pune,Pune,Potato,Other,FAQ,15/07/2021,600,1300,950,24
Maharashtra,Pune,Pune,Potato,Other,FAQ,16/07/2021,600,1300,950,24
Maharashtra,Pune,Pune,Potato,Other,FAQ,19/07/2021,700,1300,1000,24
Maharashtra,Pune,Pune,Potato,Other,FAQ,21/07/2021,700,1300,1000,24
Maharashtra,Pune,Pune,Potato,Other,FAQ,02/08/2021,600,1500,1050,24
Maharashtra,Pune,Pune,Potato,Other,FAQ,13/08/2021,700,1400,1050,24
Maharashtra,Pune,Pune,Potato,Other,FAQ,25/08/2021,700,1300,1000,24
Maharashtra,Pune,Pune,Potato,Other,FAQ,29/08/2021,600,1200,900,24
Maharashtra,Pune,Pune,Potato,Other,FAQ,01/09/2021,700,1300,1000,24
Maharashtra,Pune,Pune,Potato,Other,FAQ,06/09/2021,600,1300,950,24
Maharashtra,Pune,Pune,Potato,Other,FAQ,10/09/2021,800,1400,1100,24
Maharashtra,Pune,Pune,Potato,Other,FAQ,12/09/2021,1000,1400,1200,24
Maharashtra,Pune,Pune,Potato,Other,FAQ,15/09/2021,800,1500,1150,24
Maharashtra,Pune,Pune,Potato,Other,FAQ,16/09/2021,700,1600,1150,24
Maharashtra,Pune,Pune,Potato,Other,FAQ,04/10/2021,800,1600,1200,24
Maharashtra,Pune,Pune,Potato,Other,FAQ,05/10/2021,800,1600,1200,24
Maharashtra,Pune,Pune,Potato,Other,FAQ,06/10/2021,1000,1700,1350,24
Maharashtra,Pune,Pune,Potato,Other,FAQ,10/10/2021,1000,1600,1300,24
Maharashtra,Pune,Pune,Potato,Other,FAQ,15/10/2021,800,1400,1100,24
Maharashtra,Pune,Pune,Potato,Other,FAQ,17/10/2021,1000,1450,1230,24
Maharashtra,Pune,Pune,Potato,Other,FAQ,05/11/2021,1200,2000,1600,24
Maharashtra,Pune,Pune,Potato,Other,FAQ,22/11/2021,1000,2000,1500,24
Maharashtra,Pune,Pune,Potato,Other,FAQ,23/11/2021,1000,1700,1350,24
Maharashtra,Pune,Pune,Potato,Other,FAQ,01/12/2021,800,1600,1200,24
Maharashtra,Pune,Pune,Potato,Other,FAQ,03/12/2021,800,1700,1250,24
Maharashtra,Pune,Pune,Potato,Other,FAQ,09/12/2021,700,1800,1250,24
Maharashtra,Pune,Pune,Potato,Other,FAQ,10/12/2021,800,2100,1450,24
Maharashtra,Pune,Pune,Potato,Other,FAQ,16/12/2021,800,1800,1300,24
Maharashtra,Pune,Pune,Potato,Other,FAQ,30/12/2021,600,1600,1100,24
Maharashtra,Pune,Pune,Potato,Local,Local,01/04/2025,1000,2000,1500,24
Maharashtra,Pune,Pune,Potato,Local,Local,02/04/2025,1000,2000,1500,24
Maharashtra,Pune,Pune,Potato,Local,Local,06/04/2025,1200,2100,1650,24
Maharashtra,Pune,Pune,Potato,Local,Local,21/04/2025,1200,2100,1650,24
Maharashtra,Pune,Pune,Potato,Other,FAQ,19/01/2022,700,1400,1050,24
Maharashtra,Pune,Pune,Potato,Other,FAQ,23/01/2022,700,1400,1050,24
Maharashtra,Pune,Pune,Potato,Other,FAQ,27/01/2022,800,1300,1050,24
Maharashtra,Pune,Pune,Potato,Other,FAQ,30/01/2022,800,1200,1000,24
Maharashtra,Pune,Pune,Potato,Other,FAQ,03/02/2022,800,1300,1050,24
Maharashtra,Pune,Pune,Potato,Other,FAQ,09/02/2022,1000,1500,1250,24
Maharashtra,Pune,Pune,Potato,Other,FAQ,16/02/2022,800,1500,1150,24
Maharashtra,Pune,Pune,Potato,Other,FAQ,04/03/2022,1200,1700,1450,24
Maharashtra,Pune,Pune,Potato,Other,FAQ,06/03/2022,1200,1600,1400,24
Maharashtra,Pune,Pune,Potato,Other,FAQ,15/03/2022,1000,1700,1350,24
Maharashtra,Pune,Pune,Potato,Other,FAQ,16/03/2022,1000,1700,1350,24
Maharashtra,Pune,Pune,Potato,Other,FAQ,04/04/2022,1200,1900,1550,24
Maharashtra,Pune,Pune,Potato,Other,FAQ,06/04/2022,1000,1800,1400,24
Maharashtra,Pune,Pune,Potato,Other,FAQ,07/04/2022,1000,1800,1400,24
Maharashtra,Pune,Pune,Potato,Other,FAQ,11/04/2022,1000,1850,1430,24
Maharashtra,Pune,Pune,Potato,Other,FAQ,18/04/2022,1100,1900,1500,24
Maharashtra,Pune,Pune,Potato,Other,FAQ,22/04/2022,1200,2200,1700,24
Maharashtra,Pune,Pune,Potato,Other,FAQ,24/04/2022,1200,2100,1650,24
Maharashtra,Pune,Pune,Potato,Other,FAQ,02/05/2022,1000,2200,1600,24
Maharashtra,Pune,Pune,Potato,Other,FAQ,03/05/2022,1000,2300,1650,24
Maharashtra,Pune,Pune,Potato,Other,FAQ,04/05/2022,1000,2400,1700,24
Maharashtra,Pune,Pune,Potato,Other,FAQ,08/05/2022,1600,2400,2000,24
Maharashtra,Pune,Pune,Potato,Other,FAQ,16/05/2022,1500,1900,1700,24
Maharashtra,Pune,Pune,Potato,Other,FAQ,22/05/2022,1500,2000,1750,24
Maharashtra,Pune,Pune,Potato,Other,FAQ,25/05/2022,1400,1900,1650,24
Maharashtra,Pune,Pune,Potato,Other,FAQ,01/06/2022,1500,1900,1700,24
Maharashtra,Pune,Pune,Potato,Other,FAQ,03/07/2022,1600,2100,1850,24
Maharashtra,Pune,Pune,Potato,Other,FAQ,19/07/2022,1700,2100,1900,24
Maharashtra,Pune,Pune,Potato,Other,FAQ,28/07/2022,1500,2200,1850,24
Maharashtra,Pune,Pune,Potato,Other,FAQ,05/08/2022,1800,2200,2000,24
Maharashtra,Pune,Pune,Potato,Other,FAQ,10/08/2022,1700,2100,1900,24
Maharashtra,Pune,Pune,Potato,Other,FAQ,16/08/2022,1800,2300,2050,24
Maharashtra,Pune,Pune,Potato,Other,FAQ,18/08/2022,1700,2200,1950,24
Maharashtra,Pune,Pune,Potato,Other,FAQ,08/09/2022,1600,2100,1850,24
Maharashtra,Pune,Pune,Potato,Other,FAQ,11/09/2022,1700,2200,1950,24
Maharashtra,Pune,Pune,Potato,Other,FAQ,15/09/2022,1600,2200,1900,24
Maharashtra,Pune,Pune,Potato,Other,FAQ,20/09/2022,1600,2200,2100,24
Maharashtra,Pune,Pune,Potato,Other,FAQ,28/09/2022,1600,2600,2100,24
Maharashtra,Pune,Pune,Potato,Other,FAQ,04/10/2022,1500,2500,2000,24
Maharashtra,Pune,Pune,Potato,Other,FAQ,10/10/2022,1600,2600,2100,24
Maharashtra,Pune,Pune,Potato,Other,FAQ,25/10/2022,1700,2700,2200,24
Maharashtra,Pune,Pune,Potato,Other,FAQ,28/10/2022,2000,2800,2400,24
Maharashtra,Pune,Pune,Potato,Other,FAQ,10/11/2022,1500,2200,1850,24
Maharashtra,Pune,Pune,Potato,Other,FAQ,16/11/2022,1500,2200,1850,24
Maharashtra,Pune,Pune,Potato,Other,FAQ,17/11/2022,1300,2200,1750,24
Maharashtra,Pune,Pune,Potato,Other,FAQ,18/11/2022,1200,2200,1700,24
Maharashtra,Pune,Pune,Potato,Other,FAQ,22/11/2022,1200,2300,1750,24
Maharashtra,Pune,Pune,Potato,Other,FAQ,28/11/2022,1400,2100,1750,24
Maharashtra,Pune,Pune,Potato,Other,FAQ,02/12/2022,1200,2000,1600,24
Maharashtra,Pune,Pune,Potato,Other,FAQ,04/12/2022,1500,2200,1850,24
Maharashtra,Pune,Pune,Potato,Other,FAQ,08/12/2022,1500,2200,1850,24
Maharashtra,Pune,Pune,Potato,Other,FAQ,11/12/2022,1500,2400,1950,24
Maharashtra,Pune,Pune,Potato,Other,FAQ,16/12/2022,1700,2400,2050,24
Maharashtra,Pune,Pune,Potato,Other,FAQ,20/12/2022,1400,2100,1750,24
Maharashtra,Pune,Pune,Potato,Other,FAQ,28/12/2022,1300,2000,1650,24
Maharashtra,Pune,Pune,Potato,Other,FAQ,29/12/2022,1300,2000,1650,24
Maharashtra,Pune,Pune,Potato,Local,FAQ,31/05/2023,1100,1900,1500,24
Maharashtra,Pune,Pune,Potato,Local,FAQ,12/06/2023,1000,2000,1500,24
Maharashtra,Pune,Pune,Potato,Local,FAQ,20/06/2023,1100,2100,1600,24
Maharashtra,Pune,Pune,Potato,Local,FAQ,02/07/2023,1100,2000,1550,24
Maharashtra,Pune,Pune,Potato,Local,FAQ,04/07/2023,1000,2100,1550,24
Maharashtra,Pune,Pune,Potato,Local,FAQ,09/07/2023,1300,2000,1650,24
Maharashtra,Pune,Pune,Potato,Local,FAQ,16/07/2023,1100,1700,1400,24
Maharashtra,Pune,Pune,Potato,Local,FAQ,31/07/2023,1300,2100,1700,24
Maharashtra,Pune,Pune,Potato,Local,FAQ,03/08/2023,1200,2100,1650,24
Maharashtra,Pune,Pune,Potato,Local,FAQ,21/08/2023,1200,2000,1600,24
Maharashtra,Pune,Pune,Potato,Local,FAQ,25/08/2023,1200,2000,1600,24
Maharashtra,Pune,Pune,Potato,Local,FAQ,11/09/2023,1000,1800,1400,24
Maharashtra,Pune,Pune,Potato,Local,FAQ,17/09/2023,1200,1800,1500,24
Maharashtra,Pune,Pune,Potato,Local,FAQ,18/09/2023,1200,1800,1500,24
Maharashtra,Pune,Pune,Potato,Local,FAQ,25/09/2023,1000,2000,1500,24
Maharashtra,Pune,Pune,Potato,Local,FAQ,26/09/2023,1000,2000,1500,24
Maharashtra,Pune,Pune,Potato,Local,FAQ,27/09/2023,1100,2000,1550,24
Maharashtra,Pune,Pune,Potato,Local,FAQ,28/09/2023,1200,2000,1600,24
Maharashtra,Pune,Pune,Potato,Local,FAQ,03/10/2023,1300,2000,1650,24
Maharashtra,Pune,Pune,Potato,Local,FAQ,11/10/2023,1000,2000,1500,24
Maharashtra,Pune,Pune,Potato,Local,FAQ,19/10/2023,1200,2000,1600,24
Maharashtra,Pune,Pune,Potato,Local,FAQ,20/10/2023,800,2100,1450,24
Maharashtra,Pune,Pune,Potato,Local,FAQ,22/10/2023,1000,2000,1500,24
Maharashtra,Pune,Pune,Potato,Local,FAQ,23/10/2023,1000,1800,1400,24
Maharashtra,Pune,Pune,Potato,Local,FAQ,06/11/2023,1000,1800,1400,24
Maharashtra,Pune,Pune,Potato,Local,FAQ,10/11/2023,800,1800,1300,24
Maharashtra,Pune,Pune,Potato,Local,FAQ,20/11/2023,1200,2200,1700,24
Maharashtra,Pune,Pune,Potato,Local,FAQ,29/11/2023,1000,2200,1600,24
Maharashtra,Pune,Pune,Potato,Local,FAQ,05/12/2023,1000,2000,1500,24
Maharashtra,Pune,Pune,Potato,Local,FAQ,11/12/2023,1000,2200,1600,24
Maharashtra,Pune,Pune,Potato,Local,FAQ,17/12/2023,1000,2200,1600,24
Maharashtra,Pune,Pune,Potato,Local,FAQ,26/12/2023,1000,2000,1500,24
Maharashtra,Pune,Pune,Potato,Other,FAQ,03/01/2023,1000,2200,1600,24
Maharashtra,Pune,Pune,Potato,Other,FAQ,04/01/2023,1400,2100,1750,24
Maharashtra,Pune,Pune,Potato,Other,FAQ,11/01/2023,1400,2200,1800,24
Maharashtra,Pune,Pune,Potato,Other,FAQ,15/01/2023,1400,2200,1800,24
Maharashtra,Pune,Pune,Potato,Other,FAQ,23/01/2023,1200,2200,1700,24
Maharashtra,Pune,Pune,Potato,Other,FAQ,27/01/2023,1100,1800,1450,24
Maharashtra,Pune,Pune,Potato,Other,FAQ,05/02/2023,1000,1600,1300,24
Maharashtra,Pune,Pune,Potato,Other,FAQ,14/02/2023,800,1500,1150,24
Maharashtra,Pune,Pune,Potato,Other,FAQ,27/02/2023,600,1300,950,24
Maharashtra,Pune,Pune,Potato,Other,FAQ,01/03/2023,600,1300,950,24
Maharashtra,Pune,Pune,Potato,Other,FAQ,05/03/2023,700,1400,1050,24
Maharashtra,Pune,Pune,Potato,Other,FAQ,12/03/2023,700,1400,1050,24
Maharashtra,Pune,Pune,Potato,Other,FAQ,22/03/2023,600,1300,950,24
Maharashtra,Pune,Pune,Potato,Other,FAQ,02/04/2023,800,1400,1100,24
Maharashtra,Pune,Pune,Potato,Other,FAQ,06/04/2023,800,1500,1150,24
Maharashtra,Pune,Pune,Potato,Other,FAQ,12/04/2023,800,1600,1200,24
Maharashtra,Pune,Pune,Potato,Other,FAQ,18/04/2023,800,1500,1150,24
Maharashtra,Pune,Pune,Potato,Other,FAQ,21/04/2023,1000,1600,1300,24
Maharashtra,Pune,Pune,Potato,Other,FAQ,28/04/2023,800,1600,1200,24
Maharashtra,Pune,Pune,Potato,Other,FAQ,08/05/2023,1000,2000,1500,24
Maharashtra,Pune,Pune,Potato,Other,FAQ,28/05/2023,1100,2100,1600,24
Maharashtra,Pune,Pune,Potato,Local,Local,02/03/2025,1000,1900,1450,24
Maharashtra,Pune,Pune,Potato,Local,Local,06/03/2025,1000,1800,1400,24
Maharashtra,Pune,Pune,Potato,Local,Local,14/03/2025,1000,2000,1500,24
Maharashtra,Pune,Pune,Potato,Local,Local,21/03/2025,800,2000,1400,24
Maharashtra,Pune,Pune,Potato,Local,Local,06/05/2025,1000,2100,1550,24
Maharashtra,Pune,Pune,Potato,Local,Local,09/05/2025,1300,2200,1750,24
Maharashtra,Pune,Pune,Potato,Local,Local,18/05/2025,1200,2200,1700,24
Maharashtra,Pune,Pune,Potato,Local,Local,23/05/2025,1200,2200,1700,24
Maharashtra,Pune,Pune,Potato,Local,Local,03/06/2025,1400,2200,1800,24
Maharashtra,Pune,Pune,Potato,Local,Local,06/06/2025,1500,2200,1850,24
Maharashtra,Pune,Pune,Potato,Local,Local,15/06/2025,1400,2200,1800,24
Maharashtra,Pune,Pune,Potato,Local,Local,29/06/2025,1300,2000,1550,24
Maharashtra,Pune,Pune,Potato,Local,Local,01/06/2025,1400,2200,1800,24
Maharashtra,Pune,Pune,Potato,Local,Local,08/06/2025,1400,2200,1800,24
Maharashtra,Pune,Pune,Potato,Local,Local,20/06/2025,1300,2100,1700,24
Maharashtra,Pune,Pune,Potato,Local,Local,23/06/2025,1400,2200,1800,24
Maharashtra,Pune,Pune,Potato,Local,Local,01/07/2025,1300,2100,1700,24
Maharashtra,Pune,Pune,Potato,Local,Local,03/07/2025,1400,2100,1750,24
Maharashtra,Pune,Pune,Potato,Local,Local,30/07/2025,1200,1800,1500,24
Maharashtra,Pune,Pune,Potato,Local,Local,26/08/2025,1000,2000,1500,24
Maharashtra,Pune,Pune,Potato,Local,Local,04/09/2025,1000,1800,1400,24
Maharashtra,Pune,Pune,Potato,Local,Local,08/09/2025,1500,1900,1700,24
Maharashtra,Pune,Pune,Potato,Local,Local,11/09/2025,1200,2000,1600,24
Maharashtra,Pune,Pune,Potato,Local,Local,24/09/2025,1400,2200,1800,24
Maharashtra,Pune,Pune,Potato,Local,Local,29/09/2025,1200,2200,1700,24
Maharashtra,Pune,Pune,Potato,Local,Local,03/11/2025,1500,2500,2000,24
Maharashtra,Pune,Pune,Potato,Local,Local,04/11/2025,1500,2400,1950,24
Maharashtra,Pune,Pune,Potato,Local,Local,09/10/2025,1000,1900,1450,24
Maharashtra,Pune,Pune,Potato,Local,Local,12/10/2025,1000,1900,1450,24
Maharashtra,Pune,Pune,Potato,Local,Local,27/10/2025,1800,2600,2200,24
Maharashtra,Pune,Pune,Potato,Other,FAQ,04/03/2021,700,1400,1100,24
Maharashtra,Pune,Pune,Potato,Other,FAQ,05/03/2021,600,1400,1000,24
Maharashtra,Pune,Pune,Potato,Other,FAQ,10/03/2021,700,1600,1200,24
Maharashtra,Pune,Pune,Potato,Other,FAQ,25/03/2021,600,1700,1150,24
Maharashtra,Pune,Pune,Potato,Other,FAQ,01/04/2021,1000,1600,1300,24
Maharashtra,Pune,Pune,Potato,Other,FAQ,02/04/2021,800,1600,1200,24
Maharashtra,Pune,Pune,Potato,Other,FAQ,06/04/2021,800,1600,1200,24
Maharashtra,Pune,Pune,Potato,Other,FAQ,09/04/2021,700,1600,1150,24
Maharashtra,Pune,Pune,Potato,Other,FAQ,16/04/2021,800,1650,1230,24
Maharashtra,Pune,Pune,Potato,Other,FAQ,19/04/2021,800,1600,1200,24
Maharashtra,Pune,Pune,Potato,Other,FAQ,20/04/2021,700,1600,1150,24
Maharashtra,Pune,Pune,Potato,Other,FAQ,10/05/2021,700,1500,1100,24
Maharashtra,Pune,Pune,Potato,Other,FAQ,17/05/2021,800,1500,1150,24
Maharashtra,Pune,Pune,Potato,Other,FAQ,27/05/2021,800,1600,1200,24
Maharashtra,Pune,Pune,Potato,Other,FAQ,28/05/2021,800,1600,1200,24
Maharashtra,Pune,Pune,Potato,Other,FAQ,09/06/2021,600,1600,1100,24
Maharashtra,Pune,Pune,Potato,Other,FAQ,11/06/2021,800,1600,1200,24
Maharashtra,Pune,Pune,Potato,Other,FAQ,17/06/2021,800,1500,1150,24
Maharashtra,Pune,Pune,Potato,Other,FAQ,20/06/2021,600,1200,900,24
Maharashtra,Pune,Pune,Potato,Other,FAQ,23/06/2021,600,1500,1050,24
Maharashtra,Pune,Pune,Potato,Other,FAQ,24/06/2021,600,1500,1050,24
Maharashtra,Pune,Pune,Potato,Other,FAQ,30/06/2021,600,1400,1000,24
Maharashtra,Pune,Pune,Potato,Other,FAQ,05/07/2021,600,1400,1000,24
Maharashtra,Pune,Pune,Potato,Other,FAQ,14/07/2021,600,1300,950,24
Maharashtra,Pune,Pune,Potato,Other,FAQ,18/07/2021,700,1300,1000,24
Maharashtra,Pune,Pune,Potato,Other,FAQ,25/07/2021,700,1300,1000,24
Maharashtra,Pune,Pune,Potato,Other,FAQ,28/07/2021,700,1300,1000,24
Maharashtra,Pune,Pune,Potato,Other,FAQ,30/07/2021,800,1700,1250,24
Maharashtra,Pune,Pune,Potato,Other,FAQ,01/08/2021,700,1300,1000,24
Maharashtra,Pune,Pune,Potato,Other,FAQ,06/08/2021,800,1300,1050,24
Maharashtra,Pune,Pune,Potato,Other,FAQ,16/08/2021,700,1400,1050,24
Maharashtra,Pune,Pune,Potato,Other,FAQ,20/08/2021,600,1300,950,24
Maharashtra,Pune,Pune,Potato,Other,FAQ,23/08/2021,700,1300,1000,24
Maharashtra,Pune,Pune,Potato,Other,FAQ,29/09/2021,500,1300,900,24
Maharashtra,Pune,Pune,Potato,Other,FAQ,30/09/2021,700,1300,1000,24
Maharashtra,Pune,Pune,Potato,Other,FAQ,12/10/2021,1000,1500,1250,24
Maharashtra,Pune,Pune,Potato,Other,FAQ,18/10/2021,1000,1500,1250,24
Maharashtra,Pune,Pune,Potato,Other,FAQ,20/10/2021,1100,1600,1350,24
Maharashtra,Pune,Pune,Potato,Other,FAQ,07/11/2021,1400,2000,1600,24
Maharashtra,Pune,Pune,Potato,Other,FAQ,09/11/2021,1800,2400,2100,24
Maharashtra,Pune,Pune,Potato,Other,FAQ,10/11/2021,1000,2200,1600,24
Maharashtra,Pune,Pune,Potato,Other,FAQ,11/11/2021,1600,2200,1900,24
Maharashtra,Pune,Pune,Potato,Other,FAQ,18/11/2021,1200,1800,1500,24
Maharashtra,Pune,Pune,Potato,Other,FAQ,19/11/2021,1200,2000,1600,24
Maharashtra,Pune,Pune,Potato,Other,FAQ,21/11/2021,1200,1900,1550,24
Maharashtra,Pune,Pune,Potato,Other,FAQ,25/11/2021,1200,1800,1500,24
Maharashtra,Pune,Pune,Potato,Other,FAQ,02/12/2021,800,1700,1250,24
Maharashtra,Pune,Pune,Potato,Other,FAQ,06/12/2021,1000,1800,1400,24
Maharashtra,Pune,Pune,Potato,Other,FAQ,13/12/2021,800,2100,1450,24
Maharashtra,Pune,Pune,Potato,Other,FAQ,15/12/2021,800,2000,1400,24
Maharashtra,Pune,Pune,Potato,Other,FAQ,28/12/2021,800,1800,1350,24
Maharashtra,Pune,Pune,Potato,Other,FAQ,02/01/2022,800,1500,1150,24
Maharashtra,Pune,Pune,Potato,Other,FAQ,03/01/2022,800,1500,1150,24
Maharashtra,Pune,Pune,Potato,Other,FAQ,05/01/2022,800,1500,1150,24
Maharashtra,Pune,Pune,Potato,Other,FAQ,09/01/2022,800,1500,1150,24
Maharashtra,Pune,Pune,Potato,Other,FAQ,16/01/2022,800,1500,1150,24
Maharashtra,Pune,Pune,Potato,Other,FAQ,20/01/2022,600,1400,1000,24
Maharashtra,Pune,Pune,Potato,Other,FAQ,10/02/2022,1000,1500,1250,24
Maharashtra,Pune,Pune,Potato,Other,FAQ,11/02/2022,900,1500,1200,24
Maharashtra,Pune,Pune,Potato,Other,FAQ,21/02/2022,1000,1400,1200,24
Maharashtra,Pune,Pune,Potato,Other,FAQ,01/03/2022,1300,1700,1500,24
Maharashtra,Pune,Pune,Potato,Other,FAQ,09/03/2022,1000,1500,1250,24
Maharashtra,Pune,Pune,Potato,Other,FAQ,14/03/2022,1000,1700,1350,24
Maharashtra,Pune,Pune,Potato,Other,FAQ,17/03/2022,1000,1600,1300,24
Maharashtra,Pune,Pune,Potato,Other,FAQ,23/03/2022,1000,1700,1350,24
Maharashtra,Pune,Pune,Potato,Other,FAQ,01/04/2022,800,1800,1300,24
Maharashtra,Pune,Pune,Potato,Other,FAQ,08/04/2022,1000,1850,1430,24
Maharashtra,Pune,Pune,Potato,Other,FAQ,21/04/2022,1200,2000,1600,24
Maharashtra,Pune,Pune,Potato,Other,FAQ,26/04/2022,1000,2200,1600,24
Maharashtra,Pune,Pune,Potato,Other,FAQ,29/05/2022,1600,2100,1850,24
Maharashtra,Pune,Pune,Potato,Other,FAQ,07/06/2022,1600,2000,1800,24
Maharashtra,Pune,Pune,Potato,Other,FAQ,13/06/2022,1500,1900,1700,24
Maharashtra,Pune,Pune,Potato,Other,FAQ,21/06/2022,1800,2100,1950,24
Maharashtra,Pune,Pune,Potato,Other,FAQ,26/06/2022,1700,2000,1850,24
Maharashtra,Pune,Pune,Potato,Other,FAQ,29/06/2022,1600,2000,1800,24
Maharashtra,Pune,Pune,Potato,Other,FAQ,05/07/2022,1600,2000,1800,24
Maharashtra,Pune,Pune,Potato,Other,FAQ,12/07/2022,1600,2100,1850,24
Maharashtra,Pune,Pune,Potato,Other,FAQ,13/07/2022,1700,2000,1850,24
Maharashtra,Pune,Pune,Potato,Other,FAQ,17/07/2022,1800,2200,2000,24
Maharashtra,Pune,Pune,Potato,Other,FAQ,21/07/2022,1800,2100,1900,24
Maharashtra,Pune,Pune,Potato,Other,FAQ,25/07/2022,1500,2200,1850,24
Maharashtra,Pune,Pune,Potato,Other,FAQ,02/08/2022,1700,2200,1950,24
Maharashtra,Pune,Pune,Potato,Other,FAQ,03/08/2022,1600,2200,1900,24
Maharashtra,Pune,Pune,Potato,Other,FAQ,19/08/2022,1700,2200,1950,24
Maharashtra,Pune,Pune,Potato,Other,FAQ,23/08/2022,1600,2200,1900,24
Maharashtra,Pune,Pune,Potato,Other,FAQ,26/08/2022,1700,2200,1950,24
Maharashtra,Pune,Pune,Potato,Other,FAQ,04/09/2022,1800,2300,2050,24
Maharashtra,Pune,Pune,Potato,Other,FAQ,18/09/2022,1700,2200,1950,24
Maharashtra,Pune,Pune,Potato,Other,FAQ,22/09/2022,1500,2300,1900,24
Maharashtra,Pune,Pune,Potato,Other,FAQ,12/10/2022,1800,2800,2300,24
Maharashtra,Pune,Pune,Potato,Other,FAQ,14/10/2022,1800,2500,2050,24
Maharashtra,Pune,Pune,Potato,Other,FAQ,19/10/2022,1800,2800,2300,24
Maharashtra,Pune,Pune,Potato,Other,FAQ,21/10/2022,1700,2600,2150,24
Maharashtra,Pune,Pune,Potato,Other,FAQ,08/11/2022,1600,2400,2000,24
Maharashtra,Pune,Pune,Potato,Other,FAQ,24/11/2022,1200,2100,1650,24
Maharashtra,Pune,Pune,Potato,Other,FAQ,09/12/2022,1500,2200,1850,24
Maharashtra,Pune,Pune,Potato,Other,FAQ,14/12/2022,1500,2300,1900,24
Maharashtra,Pune,Pune,Potato,Other,FAQ,21/12/2022,1400,2400,1800,24
Maharashtra,Pune,Pune,Potato,Other,FAQ,23/12/2022,1400,2400,1900,24
Maharashtra,Pune,Pune,Potato,Other,FAQ,25/12/2022,1500,2400,1950,24
Maharashtra,Pune,Pune,Potato,Other,FAQ,26/12/2022,1500,2400,1950,24
Maharashtra,Pune,Pune,Potato,Local,FAQ,04/06/2023,1200,2000,1600,24
Maharashtra,Pune,Pune,Potato,Local,FAQ,13/06/2023,1000,2000,1500,24
Maharashtra,Pune,Pune,Potato,Local,FAQ,14/06/2023,1000,2000,1500,24
Maharashtra,Pune,Pune,Potato,Local,FAQ,15/06/2023,1100,2100,1600,24
Maharashtra,Pune,Pune,Potato,Local,FAQ,16/06/2023,1000,2000,1500,24
Maharashtra,Pune,Pune,Potato,Local,FAQ,22/06/2023,1200,2100,1650,24
Maharashtra,Pune,Pune,Potato,Local,FAQ,26/06/2023,1000,2000,1500,24
Maharashtra,Pune,Pune,Potato,Local,FAQ,05/07/2023,1100,2000,1550,24
Maharashtra,Pune,Pune,Potato,Local,FAQ,14/07/2023,1000,2000,1500,24
Maharashtra,Pune,Pune,Potato,Local,FAQ,24/07/2023,1200,2100,1650,24
Maharashtra,Pune,Pune,Potato,Local,FAQ,01/08/2023,1300,2100,1700,24
Maharashtra,Pune,Pune,Potato,Local,FAQ,02/08/2023,1100,2100,1600,24
Maharashtra,Pune,Pune,Potato,Local,FAQ,08/08/2023,1200,2000,1600,24
Maharashtra,Pune,Pune,Potato,Local,FAQ,09/08/2023,1000,2000,1500,24
Maharashtra,Pune,Pune,Potato,Local,FAQ,11/08/2023,1200,2100,1650,24
Maharashtra,Pune,Pune,Potato,Local,FAQ,17/08/2023,1100,2000,1650,24
Maharashtra,Pune,Pune,Potato,Local,FAQ,30/08/2023,1000,1800,1400,24
Maharashtra,Pune,Pune,Potato,Local,FAQ,01/09/2023,1200,1900,1550,24
Maharashtra,Pune,Pune,Potato,Local,FAQ,07/09/2023,1000,1800,1400,24
Maharashtra,Pune,Pune,Potato,Local,FAQ,08/09/2023,1000,1500,1250,24
Maharashtra,Pune,Pune,Potato,Local,FAQ,13/09/2023,1200,1800,1500,24
Maharashtra,Pune,Pune,Potato,Local,FAQ,14/09/2023,1000,1800,1400,24
Maharashtra,Pune,Pune,Potato,Local,FAQ,15/09/2023,1000,1900,1450,24
Maharashtra,Pune,Pune,Potato,Local,FAQ,19/09/2023,1000,1800,1400,24
Maharashtra,Pune,Pune,Potato,Local,FAQ,21/09/2023,1000,1800,1400,24
Maharashtra,Pune,Pune,Potato,Local,FAQ,08/10/2023,1200,1800,1500,24
Maharashtra,Pune,Pune,Potato,Local,FAQ,24/10/2023,1000,2000,1500,24
Maharashtra,Pune,Pune,Potato,Local,FAQ,30/10/2023,1000,2000,1500,24
Maharashtra,Pune,Pune,Potato,Local,FAQ,31/10/2023,1000,1800,1400,24
Maharashtra,Pune,Pune,Potato,Local,FAQ,03/11/2023,1000,2200,1600,24
Maharashtra,Pune,Pune,Potato,Local,FAQ,13/11/2023,1000,2000,1500,24
Maharashtra,Pune,Pune,Potato,Local,FAQ,19/11/2023,1000,2000,1500,24
Maharashtra,Pune,Pune,Potato,Local,FAQ,24/11/2023,1000,2200,1600,24
Maharashtra,Pune,Pune,Potato,Local,FAQ,15/12/2023,1000,1800,1400,24
Maharashtra,Pune,Pune,Potato,Other,FAQ,08/01/2023,1400,2400,1900,24
Maharashtra,Pune,Pune,Potato,Other,FAQ,12/01/2023,1400,2200,1800,24
Maharashtra,Pune,Pune,Potato,Other,FAQ,29/01/2023,1200,1700,1450,24
Maharashtra,Pune,Pune,Potato,Other,FAQ,08/02/2023,1000,1600,1300,24
Maharashtra,Pune,Pune,Potato,Other,FAQ,09/02/2023,1000,1600,1300,24
Maharashtra,Pune,Pune,Potato,Other,FAQ,17/02/2023,800,1500,1150,24
Maharashtra,Pune,Pune,Potato,Other,FAQ,19/02/2023,1000,1500,1250,24
Maharashtra,Pune,Pune,Potato,Other,FAQ,20/02/2023,1000,1500,1250,24
Maharashtra,Pune,Pune,Potato,Other,FAQ,21/02/2023,1000,1500,1250,24
Maharashtra,Pune,Pune,Potato,Other,FAQ,22/02/2023,800,1400,1100,24
Maharashtra,Pune,Pune,Potato,Other,FAQ,02/03/2023,500,1300,900,24
Maharashtra,Pune,Pune,Potato,Other,FAQ,10/03/2023,700,1400,1050,24
Maharashtra,Pune,Pune,Potato,Other,FAQ,14/03/2023,700,1400,1050,24
Maharashtra,Pune,Pune,Potato,Other,FAQ,23/03/2023,500,1300,900,24
Maharashtra,Pune,Pune,Potato,Other,FAQ,29/03/2023,800,1400,1100,24
Maharashtra,Pune,Pune,Potato,Other,FAQ,30/03/2023,700,1300,1000,24
Maharashtra,Pune,Pune,Potato,Other,FAQ,03/04/2023,900,1400,1150,24
Maharashtra,Pune,Pune,Potato,Other,FAQ,11/04/2023,1000,1600,1300,24
Maharashtra,Pune,Pune,Potato,Other,FAQ,30/04/2023,1000,1600,1300,24
Maharashtra,Pune,Pune,Potato,Other,FAQ,07/05/2023,1000,2000,1500,24
Maharashtra,Pune,Pune,Potato,Other,FAQ,11/05/2023,800,2000,1400,24
Maharashtra,Pune,Pune,Potato,Other,FAQ,14/05/2023,1000,2200,1600,24
Maharashtra,Pune,Pune,Potato,Other,FAQ,17/05/2023,1000,2100,1550,24
Maharashtra,Pune,Pune,Potato,Other,FAQ,19/05/2023,1000,2200,1600,24
Maharashtra,Pune,Pune,Potato,Other,FAQ,21/05/2023,1000,1600,1300,24
Maharashtra,Pune,Pune,Potato,Other,FAQ,23/05/2023,1000,2100,1550,24
Maharashtra,Pune,Pune,Potato,Other,FAQ,26/05/2023,1000,2100,1550,24
Maharashtra,Pune,Pune,Potato,Local,FAQ,14/10/2024,2000,3500,2750,24
Maharashtra,Pune,Pune,Potato,Local,FAQ,11/10/2024,2200,3500,2650,24
Maharashtra,Pune,Pune,Potato,Local,FAQ,08/11/2024,2200,4500,3350,24
Maharashtra,Pune,Pune,Potato,Local,FAQ,14/11/2024,2200,3100,2650,24
Maharashtra,Pune,Pune,Potato,Local,FAQ,26/11/2024,2000,4200,3100,24
Maharashtra,Pune,Pune,Potato,Local,FAQ,17/05/2024,2000,2600,2300,24
Maharashtra,Pune,Pune,Potato,Local,FAQ,20/05/2024,2000,2600,2300,24
Maharashtra,Pune,Pune,Potato,Local,FAQ,22/05/2024,2000,2700,2350,24
Maharashtra,Pune,Pune,Potato,Local,FAQ,05/05/2024,2000,2900,2450,24
Maharashtra,Pune,Pune,Potato,Local,FAQ,09/07/2024,2500,3100,2800,24
Maharashtra,Pune,Pune,Potato,Local,FAQ,22/07/2024,2500,3100,2800,24
Maharashtra,Pune,Pune,Potato,Local,FAQ,23/07/2024,2500,3100,2800,24
Maharashtra,Pune,Pune,Potato,Local,FAQ,29/07/2024,2500,3100,2800,24
Maharashtra,Pune,Pune,Potato,Local,FAQ,31/07/2024,2500,3100,2800,24
Maharashtra,Pune,Pune,Potato,Local,FAQ,04/07/2024,2500,3100,2800,24
Maharashtra,Pune,Pune,Potato,Local,FAQ,17/06/2024,2500,2900,2700,24
Maharashtra,Pune,Pune,Potato,Local,FAQ,23/06/2024,2400,2900,2650,24
Maharashtra,Pune,Pune,Potato,Local,FAQ,27/06/2024,2400,3000,2700,24
Maharashtra,Pune,Pune,Potato,Local,FAQ,07/01/2025,1500,2200,1850,24
Maharashtra,Pune,Pune,Potato,Local,FAQ,15/01/2025,1500,2300,1900,24
Maharashtra,Pune,Pune,Potato,Local,FAQ,19/01/2025,1400,2200,1800,24
Maharashtra,Pune,Pune,Potato,Local,Local,28/01/2025,1300,2000,1650,24
Maharashtra,Pune,Pune,Potato,Local,FAQ,08/12/2024,2000,4000,3000,24
Maharashtra,Pune,Pune,Potato,Local,FAQ,10/12/2024,1600,4000,2800,24
Maharashtra,Pune,Pune,Potato,Local,FAQ,15/12/2024,1500,3200,2750,24
Maharashtra,Pune,Pune,Potato,Local,FAQ,16/12/2024,1500,3200,2350,24
Maharashtra,Pune,Pune,Potato,Local,FAQ,20/12/2024,1300,3000,2150,24
Maharashtra,Pune,Pune,Potato,Local,FAQ,24/12/2024,1400,3000,2200,24
Maharashtra,Pune,Pune,Potato,Local,FAQ,30/12/2024,1500,2500,2000,24
Maharashtra,Pune,Pune,Potato,Local,FAQ,04/12/2024,1800,4000,2900,24
Maharashtra,Pune,Pune,Potato,Local,FAQ,27/11/2024,1500,4000,2750,24
Maharashtra,Pune,Pune,Potato,Local,FAQ,25/11/2024,2300,4200,3250,24
Maharashtra,Pune,Pune,Potato,Local,Local,09/04/2025,1200,2100,1650,24
Maharashtra,Pune,Pune,Potato,Local,Local,13/04/2025,1000,2000,1500,24
Maharashtra,Pune,Pune,Potato,Local,Local,16/04/2025,1000,2000,1500,24
Maharashtra,Pune,Pune,Potato,Local,Local,23/04/2025,1000,2100,1550,24
Maharashtra,Pune,Pune,Potato,Local,Local,24/04/2025,1000,2100,1550,24
Maharashtra,Pune,Pune,Potato,Local,Local,25/04/2025,1200,2100,1650,24
Maharashtra,Pune,Pune,Potato,Local,Local,28/04/2025,1000,2100,1550,24
Maharashtra,Pune,Pune,Potato,Local,Local,26/06/2025,1400,2200,1800,24
Maharashtra,Pune,Pune,Potato,Local,Local,04/05/2025,1200,2100,1650,24
Maharashtra,Pune,Pune,Potato,Local,Local,07/05/2025,1000,2200,1600,24
Maharashtra,Pune,Pune,Potato,Local,Local,11/05/2025,1300,2200,1750,24
Maharashtra,Pune,Pune,Potato,Local,Local,16/05/2025,1400,2200,1800,24
Maharashtra,Pune,Pune,Potato,Local,Local,21/05/2025,1200,2200,1700,24
Maharashtra,Pune,Pune,Potato,Local,FAQ,04/08/2024,2300,3000,2650,24
Maharashtra,Pune,Pune,Potato,Local,FAQ,07/08/2024,2000,3000,2500,24
Maharashtra,Pune,Pune,Potato,Local,FAQ,09/08/2024,2000,3000,2500,24
Maharashtra,Pune,Pune,Potato,Local,FAQ,29/08/2024,2200,3000,2600,24
Maharashtra,Pune,Pune,Potato,Local,Local,03/02/2025,1300,2000,1550,24
Maharashtra,Pune,Pune,Potato,Local,Local,06/02/2025,1300,2000,1650,24
Maharashtra,Pune,Pune,Potato,Local,Local,17/02/2025,1200,1800,1500,24
Maharashtra,Pune,Pune,Potato,Local,Local,19/02/2025,1200,1800,1500,24
Maharashtra,Pune,Pune,Potato,Local,Local,21/02/2025,1000,1900,1450,24
Maharashtra,Pune,Pune,Potato,Local,FAQ,16/09/2024,2000,3000,2500,24
Maharashtra,Pune,Pune,Potato,Local,FAQ,24/09/2024,2200,3100,2650,24
Maharashtra,Pune,Pune,Potato,Local,FAQ,17/09/2024,2000,3200,2600,24
Maharashtra,Pune,Pune,Potato,Local,FAQ,27/09/2024,2000,3200,2600,24
Maharashtra,Pune,Pune,Potato,Local,FAQ,02/01/2024,1200,1800,1500,24
Maharashtra,Pune,Pune,Potato,Local,FAQ,07/01/2024,1000,1800,1400,24
Maharashtra,Pune,Pune,Potato,Local,FAQ,21/01/2024,800,1600,1200,24
Maharashtra,Pune,Pune,Potato,Local,FAQ,30/01/2024,1200,1600,1400,24
Maharashtra,Pune,Pune,Potato,Local,FAQ,07/02/2024,1300,1800,1550,24
Maharashtra,Pune,Pune,Potato,Local,FAQ,12/02/2024,1600,2000,1800,24
Maharashtra,Pune,Pune,Potato,Local,FAQ,13/02/2024,1500,1900,1700,24
Maharashtra,Pune,Pune,Potato,Local,FAQ,14/02/2024,1500,1800,1650,24
Maharashtra,Pune,Pune,Potato,Local,FAQ,25/02/2024,1300,2000,1650,24
Maharashtra,Pune,Pune,Potato,Local,FAQ,07/03/2024,1300,2100,1700,24
Maharashtra,Pune,Pune,Potato,Local,FAQ,12/03/2024,1400,2200,1800,24
Maharashtra,Pune,Pune,Potato,Local,FAQ,20/03/2024,1200,2100,1650,24
Maharashtra,Pune,Pune,Potato,Local,FAQ,22/03/2024,1300,2200,1750,24
Maharashtra,Pune,Pune,Potato,Local,FAQ,31/03/2024,1700,2500,2100,24
Maharashtra,Pune,Pune,Potato,Local,FAQ,03/04/2024,1800,2600,2200,24
Maharashtra,Pune,Pune,Potato,Local,FAQ,14/04/2024,1500,2600,2050,24
Maharashtra,Pune,Pune,Potato,Local,FAQ,15/04/2024,1500,2500,2000,24
Maharashtra,Pune,Pune,Potato,Local,FAQ,19/04/2024,1600,2600,2100,24
Maharashtra,Pune,Pune,Potato,Local,FAQ,24/04/2024,2000,2600,2300,24
Maharashtra,Pune,Pune,Potato,Local,Local,07/03/2025,1000,1800,1400,24
Maharashtra,Pune,Pune,Potato,Local,Local,18/03/2025,1000,2000,1500,24
Maharashtra,Pune,Pune,Potato,Local,Local,02/07/2025,1200,2000,1600,24
Maharashtra,Pune,Pune,Potato,Local,Local,06/07/2025,1300,2100,1700,24
Maharashtra,Pune,Pune,Potato,Local,Local,09/07/2025,1300,2000,1650,24
Maharashtra,Pune,Pune,Potato,Local,Local,15/07/2025,1000,1900,1450,24
Maharashtra,Pune,Pune,Potato,Local,Local,16/07/2025,900,2000,1450,24
Maharashtra,Pune,Pune,Potato,Local,Local,09/06/2025,1400,2200,1800,24
Maharashtra,Pune,Pune,Potato,Local,Local,22/06/2025,1400,2200,1800,24
Maharashtra,Pune,Pune,Potato,Local,Local,24/06/2025,1500,2200,1850,24
Maharashtra,Pune,Pune,Potato,Local,Local,26/06/2025,1300,2100,1700,24
Maharashtra,Pune,Pune,Potato,Local,Local,03/09/2025,1000,1900,1450,24
Maharashtra,Pune,Pune,Potato,Local,Local,10/09/2025,1300,2000,1650,24
Maharashtra,Pune,Pune,Potato,Local,Local,15/09/2025,1000,1800,1400,24
Maharashtra,Pune,Pune,Potato,Local,Local,19/09/2025,1000,1800,1400,24
Maharashtra,Pune,Pune,Potato,Local,Local,25/09/2025,1300,2300,1800,24
Maharashtra,Pune,Pune,Potato,Local,Local,26/09/2025,1200,1800,1500,24
Maharashtra,Pune,Pune,Potato,Local,Local,30/09/2025,1000,1800,1400,24
Maharashtra,Pune,Pune,Potato,Local,Local,10/08/2025,1200,1800,1500,24
Maharashtra,Pune,Pune,Potato,Local,Local,12/08/2025,1200,1800,1500,24
Maharashtra,Pune,Pune,Potato,Local,Local,21/08/2025,1000,1900,1450,24
Maharashtra,Pune,Pune,Potato,Local,Local,05/08/2025,1000,1700,1350,24
Maharashtra,Pune,Pune,Potato,Local,Local,11/08/2025,1200,1800,1500,24
Maharashtra,Pune,Pune,Potato,Local,Local,20/08/2025,1000,1900,1450,24
Maharashtra,Pune,Pune,Potato,Local,Local,02/10/2025,800,2100,1450,24
Maharashtra,Pune,Pune,Potato,Local,Local,07/10/2025,1000,2100,1550,24
Maharashtra,Pune,Pune,Potato,Local,Local,20/10/2025,1200,2000,1600,24
Maharashtra,Pune,Pune,Potato,Local,Local,31/10/2025,1200,2700,1950,24
Maharashtra,Pune,Pune,Potato,Local,Local,05/10/2025,1000,2100,1550,24
Maharashtra,Pune,Pune,Potato,Local,Local,08/10/2025,1100,2000,1550,24
Maharashtra,Pune,Pune,Potato,Local,Local,29/10/2025,1300,2500,1900,24
Maharashtra,Pune,Pune,Potato,Other,FAQ,21/02/2021,800,1300,1050,24
Maharashtra,Pune,Pune,Potato,Other,FAQ,24/02/2021,900,1500,1200,24
Maharashtra,Pune,Pune,Potato,Other,FAQ,02/03/2021,900,1400,1150,24
Maharashtra,Pune,Pune,Potato,Other,FAQ,08/03/2021,700,1400,1050,24
Maharashtra,Pune,Pune,Potato,Other,FAQ,14/03/2021,700,1700,1200,24
Maharashtra,Pune,Pune,Potato,Other,FAQ,21/03/2021,600,1700,1150,24
Maharashtra,Pune,Pune,Potato,Other,FAQ,24/03/2021,500,1700,1100,24
Maharashtra,Pune,Pune,Potato,Other,FAQ,28/03/2021,800,1700,1250,24
Maharashtra,Pune,Pune,Potato,Other,FAQ,03/05/2021,1000,1600,1300,24
Maharashtra,Pune,Pune,Potato,Other,FAQ,04/05/2021,1000,1500,1250,24
Maharashtra,Pune,Pune,Potato,Other,FAQ,07/05/2021,700,1500,1100,24
Maharashtra,Pune,Pune,Potato,Other,FAQ,13/05/2021,800,1500,1150,24
Maharashtra,Pune,Pune,Potato,Other,FAQ,24/05/2021,800,1600,1200,24
Maharashtra,Pune,Pune,Potato,Other,FAQ,26/05/2021,900,1600,1250,24
Maharashtra,Pune,Pune,Potato,Other,FAQ,02/06/2021,800,1600,1200,24
Maharashtra,Pune,Pune,Potato,Other,FAQ,03/06/2021,800,1600,1200,24
Maharashtra,Pune,Pune,Potato,Other,FAQ,07/06/2021,800,1600,1200,24
Maharashtra,Pune,Pune,Potato,Other,FAQ,08/06/2021,700,1600,1150,24
Maharashtra,Pune,Pune,Potato,Other,FAQ,13/06/2021,800,1600,1200,24
Maharashtra,Pune,Pune,Potato,Other,FAQ,14/06/2021,800,1600,1200,24
Maharashtra,Pune,Pune,Potato,Other,FAQ,25/06/2021,600,1500,1050,24
Maharashtra,Pune,Pune,Potato,Other,FAQ,06/07/2021,700,1300,1000,24
Maharashtra,Pune,Pune,Potato,Other,FAQ,07/07/2021,600,1400,1000,24
Maharashtra,Pune,Pune,Potato,Other,FAQ,11/07/2021,600,1200,900,24
Maharashtra,Pune,Pune,Potato,Other,FAQ,12/07/2021,600,1200,900,24
Maharashtra,Pune,Pune,Potato,Other,FAQ,26/07/2021,800,1300,1050,24
Maharashtra,Pune,Pune,Potato,Other,FAQ,27/07/2021,700,1200,950,24
Maharashtra,Pune,Pune,Potato,Other,FAQ,10/08/2021,700,1300,1000,24
Maharashtra,Pune,Pune,Potato,Other,FAQ,17/08/2021,700,1350,1030,24
Maharashtra,Pune,Pune,Potato,Other,FAQ,19/08/2021,700,1300,1000,24
Maharashtra,Pune,Pune,Potato,Other,FAQ,22/08/2021,700,1300,1000,24
Maharashtra,Pune,Pune,Potato,Other,FAQ,24/08/2021,700,1300,1000,24
Maharashtra,Pune,Pune,Potato,Other,FAQ,27/08/2021,700,1400,1050,24
Maharashtra,Pune,Pune,Potato,Other,FAQ,31/08/2021,700,1300,1000,24
Maharashtra,Pune,Pune,Potato,Other,FAQ,02/09/2021,700,1300,1000,24
Maharashtra,Pune,Pune,Potato,Other,FAQ,03/09/2021,700,1300,1000,24
Maharashtra,Pune,Pune,Potato,Other,FAQ,05/09/2021,700,1300,1000,24
Maharashtra,Pune,Pune,Potato,Other,FAQ,26/09/2021,600,1300,950,24
Maharashtra,Pune,Pune,Potato,Other,FAQ,01/10/2021,500,1400,950,24
Maharashtra,Pune,Pune,Potato,Other,FAQ,03/10/2021,800,1400,1100,24
Maharashtra,Pune,Pune,Potato,Other,FAQ,13/10/2021,800,1300,1050,24
Maharashtra,Pune,Pune,Potato,Other,FAQ,21/10/2021,1000,1600,1300,24
Maharashtra,Pune,Pune,Potato,Other,FAQ,25/10/2021,1000,1700,1350,24
Maharashtra,Pune,Pune,Potato,Other,FAQ,31/10/2021,1500,2000,1750,24
Maharashtra,Pune,Pune,Potato,Other,FAQ,01/11/2021,1400,2500,1950,24
Maharashtra,Pune,Pune,Potato,Other,FAQ,03/11/2021,1200,2300,1750,24
Maharashtra,Pune,Pune,Potato,Other,FAQ,16/11/2021,1000,2100,1550,24
Maharashtra,Pune,Pune,Potato,Other,FAQ,05/12/2021,800,1800,1300,24
Maharashtra,Pune,Pune,Potato,Other,FAQ,08/12/2021,700,1800,1250,24
Maharashtra,Pune,Pune,Potato,Other,FAQ,12/12/2021,800,2100,1450,24
Maharashtra,Pune,Pune,Potato,Other,FAQ,14/12/2021,800,2100,1450,24
Maharashtra,Pune,Pune,Potato,Other,FAQ,19/12/2021,800,1800,1300,24
Maharashtra,Pune,Pune,Potato,Other,FAQ,22/12/2021,700,1800,1250,24
Maharashtra,Pune,Pune,Potato,Other,FAQ,31/12/2021,600,1500,1050,24
Maharashtra,Pune,Pune,Potato,Local,FAQ,02/12/2024,1800,4000,2900,24
Maharashtra,Pune,Pune,Potato,Local,FAQ,12/12/2024,1000,3600,2300,24
Maharashtra,Pune,Pune,Potato,Local,FAQ,13/12/2024,1000,3200,2100,24
Maharashtra,Pune,Pune,Potato,Local,FAQ,19/12/2024,1200,3200,2200,24
Maharashtra,Pune,Pune,Potato,Local,FAQ,03/05/2024,1800,2900,2350,24
Maharashtra,Pune,Pune,Potato,Local,FAQ,10/05/2024,2000,3000,2500,24
Maharashtra,Pune,Pune,Potato,Local,FAQ,12/05/2024,2000,2700,2350,24
Maharashtra,Pune,Pune,Potato,Local,FAQ,14/05/2024,2000,2700,2350,24
Maharashtra,Pune,Pune,Potato,Local,FAQ,21/05/2024,2000,2600,2300,24
Maharashtra,Pune,Pune,Potato,Local,FAQ,23/05/2024,2000,2700,2350,24
Maharashtra,Pune,Pune,Potato,Local,FAQ,24/05/2024,2000,2600,2600,24
Maharashtra,Pune,Pune,Potato,Local,FAQ,27/05/2024,2000,2600,2300,24
Maharashtra,Pune,Pune,Potato,Local,FAQ,31/05/2024,1800,2700,2250,24
Maharashtra,Pune,Pune,Potato,Local,FAQ,06/06/2024,2000,2700,2350,24
Maharashtra,Pune,Pune,Potato,Local,FAQ,13/06/2024,2000,2700,2350,24
Maharashtra,Pune,Pune,Potato,Local,FAQ,20/06/2024,2500,3000,2750,24
Maharashtra,Pune,Pune,Potato,Local,FAQ,19/06/2024,2500,3000,2750,24
Maharashtra,Pune,Pune,Potato,Local,FAQ,11/06/2024,2000,2700,2350,24
Maharashtra,Pune,Pune,Potato,Local,FAQ,12/06/2024,2000,2700,2350,24
Maharashtra,Pune,Pune,Potato,Local,FAQ,19/07/2024,2500,3100,2800,24
Maharashtra,Pune,Pune,Potato,Local,FAQ,26/07/2024,2500,3000,2750,24
Maharashtra,Pune,Pune,Potato,Local,FAQ,05/01/2024,1300,2000,1650,24
Maharashtra,Pune,Pune,Potato,Local,FAQ,08/01/2024,1200,2000,1600,24
Maharashtra,Pune,Pune,Potato,Local,FAQ,10/01/2024,1200,2000,1600,24
Maharashtra,Pune,Pune,Potato,Local,FAQ,15/01/2024,1000,1700,1350,24
Maharashtra,Pune,Pune,Potato,Local,FAQ,08/02/2024,1400,1800,1600,24
Maharashtra,Pune,Pune,Potato,Local,FAQ,09/02/2024,1400,1800,1600,24
Maharashtra,Pune,Pune,Potato,Local,FAQ,22/02/2024,1300,2000,1650,24
Maharashtra,Pune,Pune,Potato,Local,FAQ,01/03/2024,1200,2100,1650,24
Maharashtra,Pune,Pune,Potato,Local,FAQ,08/03/2024,1400,2200,1800,24
Maharashtra,Pune,Pune,Potato,Local,FAQ,10/03/2024,1500,2200,1850,24
Maharashtra,Pune,Pune,Potato,Local,FAQ,13/03/2024,1400,2200,1800,24
Maharashtra,Pune,Pune,Potato,Local,FAQ,09/04/2024,1800,2500,2150,24
Maharashtra,Pune,Pune,Potato,Local,FAQ,21/04/2024,1600,2600,2100,24
Maharashtra,Pune,Pune,Potato,Local,FAQ,25/04/2024,1800,2600,2200,24
Maharashtra,Pune,Pune,Potato,Local,FAQ,26/04/2024,2000,2600,2300,24
Maharashtra,Pune,Pune,Potato,Local,FAQ,28/04/2024,2000,2600,2300,24
Maharashtra,Pune,Pune,Potato,Local,FAQ,04/11/2024,2200,4200,3200,24
Maharashtra,Pune,Pune,Potato,Local,FAQ,12/11/2024,2200,4200,3200,24
Maharashtra,Pune,Pune,Potato,Local,FAQ,02/06/2023,1000,2000,1500,24
Maharashtra,Pune,Pune,Potato,Local,FAQ,08/06/2023,1100,2000,1550,24
Maharashtra,Pune,Pune,Potato,Local,FAQ,23/06/2023,1200,2100,1650,24
Maharashtra,Pune,Pune,Potato,Local,FAQ,03/07/2023,1200,2100,1650,24
Maharashtra,Pune,Pune,Potato,Local,FAQ,06/07/2023,1000,2000,1500,24
Maharashtra,Pune,Pune,Potato,Local,FAQ,11/07/2023,1200,2000,1600,24
Maharashtra,Pune,Pune,Potato,Local,FAQ,17/07/2023,850,1400,1125,24
Maharashtra,Pune,Pune,Potato,Local,FAQ,18/07/2023,1000,2000,1500,24
Maharashtra,Pune,Pune,Potato,Local,FAQ,19/07/2023,1000,2000,1500,24
Maharashtra,Pune,Pune,Potato,Local,FAQ,26/07/2023,1200,2100,1650,24
Maharashtra,Pune,Pune,Potato,Local,FAQ,27/07/2023,1400,2100,1750,24
Maharashtra,Pune,Pune,Potato,Local,FAQ,30/07/2023,1400,2100,1750,24
Maharashtra,Pune,Pune,Potato,Local,FAQ,06/08/2023,1200,2100,1650,24
Maharashtra,Pune,Pune,Potato,Local,FAQ,07/08/2023,1300,2100,1700,24
Maharashtra,Pune,Pune,Potato,Local,FAQ,14/08/2023,1200,2000,1600,24
Maharashtra,Pune,Pune,Potato,Local,FAQ,20/08/2023,1200,2000,1600,24
Maharashtra,Pune,Pune,Potato,Local,FAQ,22/08/2023,1200,2000,1600,24
Maharashtra,Pune,Pune,Potato,Local,FAQ,29/08/2023,1200,1800,1500,24
Maharashtra,Pune,Pune,Potato,Local,FAQ,31/08/2023,1100,1900,1500,24
Maharashtra,Pune,Pune,Potato,Local,FAQ,03/09/2023,1000,2000,1500,24
Maharashtra,Pune,Pune,Potato,Local,FAQ,04/09/2023,1200,1900,1550,24
Maharashtra,Pune,Pune,Potato,Local,FAQ,05/09/2023,1000,2000,1500,24
Maharashtra,Pune,Pune,Potato,Local,FAQ,24/09/2023,1000,2000,1500,24
Maharashtra,Pune,Pune,Potato,Local,FAQ,01/10/2023,1200,2000,1600,24
Maharashtra,Pune,Pune,Potato,Local,FAQ,05/10/2023,1400,2000,1700,24
Maharashtra,Pune,Pune,Potato,Local,FAQ,10/10/2023,1100,2000,1550,24
Maharashtra,Pune,Pune,Potato,Local,FAQ,15/10/2023,1200,2000,1600,24
Maharashtra,Pune,Pune,Potato,Local,FAQ,02/11/2023,1000,2000,1500,24
Maharashtra,Pune,Pune,Potato,Local,FAQ,12/11/2023,1000,2000,1500,24
Maharashtra,Pune,Pune,Potato,Local,FAQ,26/11/2023,1200,1800,1500,24
Maharashtra,Pune,Pune,Potato,Local,FAQ,27/11/2023,1100,1800,1450,24
Maharashtra,Pune,Pune,Potato,Local,FAQ,28/11/2023,1200,1800,1500,24
Maharashtra,Pune,Pune,Potato,Local,FAQ,04/12/2023,1200,1700,1450,24
Maharashtra,Pune,Pune,Potato,Local,FAQ,12/12/2023,1000,1800,1400,24
Maharashtra,Pune,Pune,Potato,Local,FAQ,19/12/2023,1000,2200,1600,24
Maharashtra,Pune,Pune,Potato,Local,FAQ,22/12/2023,1000,2200,1600,24
Maharashtra,Pune,Pune,Potato,Local,FAQ,31/12/2023,1000,2000,1500,24
Maharashtra,Pune,Pune,Potato,Other,FAQ,01/01/2023,1500,2000,1750,24
Maharashtra,Pune,Pune,Potato,Other,FAQ,24/01/2023,1200,2000,1600,24
Maharashtra,Pune,Pune,Potato,Other,FAQ,01/02/2023,1000,1700,1350,24
Maharashtra,Pune,Pune,Potato,Other,FAQ,03/02/2023,1000,1600,1300,24
Maharashtra,Pune,Pune,Potato,Other,FAQ,12/02/2023,1000,1400,1200,24
Maharashtra,Pune,Pune,Potato,Other,FAQ,13/03/2023,700,1500,1100,24
Maharashtra,Pune,Pune,Potato,Other,FAQ,15/03/2023,700,1400,1050,24
Maharashtra,Pune,Pune,Potato,Other,FAQ,20/03/2023,500,1300,900,24
Maharashtra,Pune,Pune,Potato,Other,FAQ,21/03/2023,500,1300,900,24
Maharashtra,Pune,Pune,Potato,Other,FAQ,28/03/2023,700,1400,1050,24
Maharashtra,Pune,Pune,Potato,Other,FAQ,31/03/2023,800,1400,1100,24
Maharashtra,Pune,Pune,Potato,Other,FAQ,04/04/2023,800,1500,1150,24
Maharashtra,Pune,Pune,Potato,Other,FAQ,16/04/2023,800,1600,1200,24
Maharashtra,Pune,Pune,Potato,Other,FAQ,17/04/2023,800,1600,1200,24
Maharashtra,Pune,Pune,Potato,Other,FAQ,19/04/2023,800,1600,1200,24
Maharashtra,Pune,Pune,Potato,Other,FAQ,02/05/2023,1000,2000,1500,24
Maharashtra,Pune,Pune,Potato,Other,FAQ,03/05/2023,1000,2000,1500,24
Maharashtra,Pune,Pune,Potato,Other,FAQ,12/05/2023,1000,2000,1500,24
Maharashtra,Pune,Pune,Potato,Other,FAQ,25/05/2023,1000,1900,1450,24
Maharashtra,Pune,Pune,Potato,Other,FAQ,30/05/2023,1100,2000,1550,24
Maharashtra,Pune,Pune,Potato,Local,FAQ,11/08/2024,2200,2800,2500,24
Maharashtra,Pune,Pune,Potato,Local,FAQ,22/08/2024,2500,3000,2750,24
Maharashtra,Pune,Pune,Potato,Local,FAQ,30/08/2024,2200,3000,2600,24
Maharashtra,Pune,Pune,Potato,Local,FAQ,03/10/2024,2400,3400,2900,24
Maharashtra,Pune,Pune,Potato,Local,FAQ,06/10/2024,2000,3500,2750,24
Maharashtra,Pune,Pune,Potato,Local,FAQ,17/10/2024,2000,3600,2800,24
Maharashtra,Pune,Pune,Potato,Local,FAQ,09/10/2024,2000,3500,2750,24
Maharashtra,Pune,Pune,Potato,Local,FAQ,01/10/2024,2500,3400,2900,24
Maharashtra,Pune,Pune,Potato,Local,FAQ,31/10/2024,2100,3800,2950,24
Maharashtra,Pune,Pune,Potato,Local,FAQ,03/09/2024,2500,3000,2750,24
Maharashtra,Pune,Pune,Potato,Local,FAQ,10/09/2024,1800,3000,2400,24
Maharashtra,Pune,Pune,Potato,Local,FAQ,04/09/2024,2200,3000,2600,24
Maharashtra,Pune,Pune,Potato,Local,FAQ,06/09/2024,2000,3000,2500,24
Maharashtra,Pune,Pune,Potato,Local,Local,05/02/2025,1400,2000,1700,24
Maharashtra,Pune,Pune,Potato,Local,Local,09/02/2025,1500,2000,1750,24
Maharashtra,Pune,Pune,Potato,Local,Local,20/02/2025,1200,1800,1500,24
Maharashtra,Pune,Pune,Potato,Local,FAQ,02/01/2025,1000,2200,1600,24
Maharashtra,Pune,Pune,Potato,Local,FAQ,05/01/2025,1400,2200,1800,24
Maharashtra,Pune,Pune,Potato,Local,FAQ,06/01/2025,1500,2200,1850,24
Maharashtra,Pune,Pune,Potato,Local,FAQ,13/01/2025,1500,2200,1850,24
Maharashtra,Pune,Pune,Potato,Local,FAQ,22/01/2025,1400,2000,1700,24
Maharashtra,Pune,Pune,Potato,Local,FAQ,23/01/2025,1300,2000,1650,24
Maharashtra,Pune,Pune,Potato,Local,Local,31/01/2025,1300,2000,1650,24
Maharashtra,Pune,Pune,Potato,Local,Local,08/04/2025,1200,2000,1600,24
Maharashtra,Pune,Pune,Potato,Local,Local,10/04/2025,1200,2000,1600,24
Maharashtra,Pune,Pune,Potato,Local,Local,11/04/2025,1000,2000,1500,24
Maharashtra,Pune,Pune,Potato,Local,Local,29/04/2025,1000,2100,1550,24
Maharashtra,Pune,Pune,Potato,Local,Local,08/05/2025,1000,2100,1550,24
Maharashtra,Pune,Pune,Potato,Local,Local,15/05/2025,1300,2200,1750,24
Maharashtra,Pune,Pune,Potato,Local,Local,19/05/2025,1200,2200,1700,24
Maharashtra,Pune,Pune,Potato,Local,Local,26/05/2025,1400,2200,1800,24
Maharashtra,Pune,Pune,Potato,Local,Local,27/05/2025,1300,2200,1750,24
Maharashtra,Pune,Pune,Potato,Local,Local,23/03/2025,800,2000,1400,24
Maharashtra,Pune,Pune,Potato,Local,Local,28/03/2025,1000,2100,1550,24
Maharashtra,Pune,Pune,Potato,Local,Local,30/03/2025,1200,2100,1650,24
Maharashtra,Pune,Pune,Potato,Local,Local,03/03/2025,1100,1900,1500,24
Maharashtra,Pune,Pune,Potato,Local,Local,25/03/2025,800,2100,1450,24
Maharashtra,Pune,Pune,Potato,Other,FAQ,10/01/2022,800,1500,1150,24
Maharashtra,Pune,Pune,Potato,Other,FAQ,11/01/2022,800,1500,1150,24
Maharashtra,Pune,Pune,Potato,Other,FAQ,12/01/2022,800,1600,1200,24
Maharashtra,Pune,Pune,Potato,Other,FAQ,28/01/2022,800,1300,1050,24
Maharashtra,Pune,Pune,Potato,Other,FAQ,04/02/2022,900,1300,1100,24
Maharashtra,Pune,Pune,Potato,Other,FAQ,06/02/2022,1000,1300,1150,24
Maharashtra,Pune,Pune,Potato,Other,FAQ,15/02/2022,800,1500,1150,24
Maharashtra,Pune,Pune,Potato,Other,FAQ,25/02/2022,1000,1400,1200,24
Maharashtra,Pune,Pune,Potato,Other,FAQ,03/03/2022,1200,1700,1450,24
Maharashtra,Pune,Pune,Potato,Other,FAQ,13/03/2022,1100,1700,1400,24
Maharashtra,Pune,Pune,Potato,Other,FAQ,20/03/2022,1000,1700,1350,24
Maharashtra,Pune,Pune,Potato,Other,FAQ,24/03/2022,1100,1700,1400,24
Maharashtra,Pune,Pune,Potato,Other,FAQ,05/04/2022,1200,1800,1500,24
Maharashtra,Pune,Pune,Potato,Other,FAQ,12/04/2022,1000,1850,1430,24
Maharashtra,Pune,Pune,Potato,Other,FAQ,13/04/2022,1000,1750,1380,24
Maharashtra,Pune,Pune,Potato,Other,FAQ,17/04/2022,1000,1900,1450,24
Maharashtra,Pune,Pune,Potato,Other,FAQ,19/04/2022,1000,1900,1450,24
Maharashtra,Pune,Pune,Potato,Other,FAQ,27/04/2022,1000,2100,1550,24
Maharashtra,Pune,Pune,Potato,Other,FAQ,28/04/2022,1000,2000,1500,24
Maharashtra,Pune,Pune,Potato,Other,FAQ,05/05/2022,1200,2400,1800,24
Maharashtra,Pune,Pune,Potato,Other,FAQ,09/05/2022,1600,2300,1950,24
Maharashtra,Pune,Pune,Potato,Other,FAQ,10/05/2022,1600,2200,1900,24
Maharashtra,Pune,Pune,Potato,Other,FAQ,11/05/2022,1500,2300,1900,24
Maharashtra,Pune,Pune,Potato,Other,FAQ,15/05/2022,1600,1900,1750,24
Maharashtra,Pune,Pune,Potato,Other,FAQ,18/05/2022,1400,1800,1600,24
Maharashtra,Pune,Pune,Potato,Other,FAQ,23/05/2022,1500,1900,1700,24
Maharashtra,Pune,Pune,Potato,Other,FAQ,26/05/2022,1400,1900,1650,24
Maharashtra,Pune,Pune,Potato,Other,FAQ,27/05/2022,1500,2000,1750,24
Maharashtra,Pune,Pune,Potato,Other,FAQ,05/06/2022,1600,2000,1800,24
Maharashtra,Pune,Pune,Potato,Other,FAQ,08/06/2022,1500,1900,1700,24
Maharashtra,Pune,Pune,Potato,Other,FAQ,09/06/2022,1500,1900,1700,24
Maharashtra,Pune,Pune,Potato,Other,FAQ,10/06/2022,1500,1900,1700,24
Maharashtra,Pune,Pune,Potato,Other,FAQ,12/06/2022,1500,1900,1700,24
Maharashtra,Pune,Pune,Potato,Other,FAQ,14/06/2022,1400,1900,1650,24
Maharashtra,Pune,Pune,Potato,Other,FAQ,15/06/2022,1500,1900,1700,24
Maharashtra,Pune,Pune,Potato,Other,FAQ,19/06/2022,1600,2000,1800,24
Maharashtra,Pune,Pune,Potato,Other,FAQ,28/06/2022,1600,2000,1800,24
Maharashtra,Pune,Pune,Potato,Other,FAQ,01/07/2022,1600,2000,1800,24
Maharashtra,Pune,Pune,Potato,Other,FAQ,06/07/2022,1600,2000,1800,24
Maharashtra,Pune,Pune,Potato,Other,FAQ,08/07/2022,1600,2000,1800,24
Maharashtra,Pune,Pune,Potato,Other,FAQ,10/07/2022,1800,2200,2000,24
Maharashtra,Pune,Pune,Potato,Other,FAQ,11/07/2022,1800,2100,1950,24
Maharashtra,Pune,Pune,Potato,Other,FAQ,18/07/2022,1700,2100,1800,24
Maharashtra,Pune,Pune,Potato,Other,FAQ,22/07/2022,1700,2200,1950,24
Maharashtra,Pune,Pune,Potato,Other,FAQ,31/07/2022,1700,2200,1950,24
Maharashtra,Pune,Pune,Potato,Other,FAQ,07/08/2022,1800,2200,2000,24
Maharashtra,Pune,Pune,Potato,Other,FAQ,08/08/2022,1800,2200,2000,24
Maharashtra,Pune,Pune,Potato,Other,FAQ,11/08/2022,1800,2300,2050,24
Maharashtra,Pune,Pune,Potato,Other,FAQ,21/08/2022,1600,2200,1900,24
Maharashtra,Pune,Pune,Potato,Other,FAQ,22/08/2022,1600,2200,1900,24
Maharashtra,Pune,Pune,Potato,Other,FAQ,25/08/2022,1500,2200,1850,24
Maharashtra,Pune,Pune,Potato,Other,FAQ,30/08/2022,1600,2200,1900,24
Maharashtra,Pune,Pune,Potato,Other,FAQ,05/09/2022,1600,2200,1900,24
Maharashtra,Pune,Pune,Potato,Other,FAQ,07/09/2022,1600,2200,1900,24
Maharashtra,Pune,Pune,Potato,Other,FAQ,25/09/2022,1500,3000,2250,24
Maharashtra,Pune,Pune,Potato,Other,FAQ,29/09/2022,1700,2700,2200,24
Maharashtra,Pune,Pune,Potato,Other,FAQ,05/10/2022,1700,2700,2100,24
Maharashtra,Pune,Pune,Potato,Other,FAQ,13/10/2022,1800,2800,2300,24
Maharashtra,Pune,Pune,Potato,Other,FAQ,16/10/2022,2000,2800,2400,24
Maharashtra,Pune,Pune,Potato,Other,FAQ,17/10/2022,2000,2900,2450,24
Maharashtra,Pune,Pune,Potato,Other,FAQ,18/10/2022,2000,2900,2450,24
Maharashtra,Pune,Pune,Potato,Other,FAQ,26/10/2022,1800,2750,2280,24
Maharashtra,Pune,Pune,Potato,Other,FAQ,30/10/2022,2000,2800,2400,24
Maharashtra,Pune,Pune,Potato,Other,FAQ,31/10/2022,2000,2800,2400,24
Maharashtra,Pune,Pune,Potato,Other,FAQ,03/11/2022,1800,2600,2200,24
Maharashtra,Pune,Pune,Potato,Other,FAQ,04/11/2022,1800,2700,2250,24
Maharashtra,Pune,Pune,Potato,Other,FAQ,15/11/2022,1700,2300,2000,24
Maharashtra,Pune,Pune,Potato,Other,FAQ,23/11/2022,1200,2000,1600,24
Maharashtra,Pune,Pune,Potato,Other,FAQ,27/11/2022,1500,2100,1800,24
Maharashtra,Pune,Pune,Potato,Other,FAQ,12/12/2022,1500,2400,1950,24
Maharashtra,Pune,Pune,Potato,Other,FAQ,15/12/2022,1700,2400,2050,24
Maharashtra,Pune,Pune,Potato,Other,FAQ,19/12/2022,1400,2400,1800,24
Maharashtra,Pune,Pune,Potato,Other,FAQ,30/12/2022,1300,2100,1700,24
Maharashtra,Pune,Pune,Potato,Local,Local,01/08/2025,1200,1800,1500,24
Maharashtra,Pune,Pune,Potato,Local,Local,24/08/2025,1000,1900,1450,24
Maharashtra,Pune,Pune,Potato,Local,Local,29/08/2025,1000,2000,1500,24
Maharashtra,Pune,Pune,Potato,Local,Local,06/08/2025,1000,1700,1350,24
Maharashtra,Pune,Pune,Potato,Local,Local,25/08/2025,1200,2000,1600,24
Maharashtra,Pune,Pune,Potato,Local,Local,31/08/2025,1000,1900,1450,24
Maharashtra,Pune,Pune,Potato,Local,Local,14/08/2025,1300,1900,1600,24
Maharashtra,Pune,Pune,Potato,Local,Local,18/08/2025,1200,1800,1500,24
Maharashtra,Pune,Pune,Potato,Local,Local,16/06/2025,1200,2200,1700,24
Maharashtra,Pune,Pune,Potato,Local,Local,18/06/2025,1400,2100,1750,24
Maharashtra,Pune,Pune,Potato,Local,Local,25/06/2025,1300,2200,1750,24
Maharashtra,Pune,Pune,Potato,Local,Local,27/06/2025,1300,2100,1700,24
Maharashtra,Pune,Pune,Potato,Local,Local,10/07/2025,1300,2000,1650,24
Maharashtra,Pune,Pune,Potato,Local,Local,11/07/2025,1200,2000,1600,24
Maharashtra,Pune,Pune,Potato,Local,Local,13/07/2025,1200,2000,1600,24
Maharashtra,Pune,Pune,Potato,Local,Local,20/07/2025,1000,1800,1400,24
Maharashtra,Pune,Pune,Potato,Local,Local,22/07/2025,1000,1800,1400,24
Maharashtra,Pune,Pune,Potato,Local,Local,27/07/2025,1000,1800,1400,24
Maharashtra,Pune,Pune,Potato,Local,Local,17/09/2025,800,1800,1300,24
Maharashtra,Pune,Pune,Potato,Local,Local,28/09/2025,1200,2100,1650,24
Maharashtra,Pune,Pune,Potato,Local,Local,01/10/2025,900,2100,1500,24
Maharashtra,Pune,Pune,Potato,Local,Local,06/10/2025,1000,2100,1550,24
Maharashtra,Pune,Pune,Potato,Local,Local,13/10/2025,1000,1800,1400,24
Maharashtra,Pune,Pune,Potato,Local,Local,26/10/2025,1800,2500,2150,24
Maharashtra,Pune,Pune,Potato,Other,FAQ,22/02/2021,900,1400,1150,24
Maharashtra,Pune,Pune,Potato,Other,FAQ,25/02/2021,800,1200,1000,24
Maharashtra,Pune,Pune,Potato,Other,FAQ,07/03/2021,700,1400,1050,24
Maharashtra,Pune,Pune,Potato,Other,FAQ,26/03/2021,700,1600,1150,24
Maharashtra,Pune,Pune,Potato,Other,FAQ,30/03/2021,1000,1700,1350,24
Maharashtra,Pune,Pune,Potato,Other,FAQ,04/04/2021,800,1600,1200,24
Maharashtra,Pune,Pune,Potato,Other,FAQ,08/04/2021,800,1600,1200,24
Maharashtra,Pune,Pune,Potato,Other,FAQ,12/04/2021,600,1600,1150,24
Maharashtra,Pune,Pune,Potato,Other,FAQ,22/04/2021,800,1700,1250,24
Maharashtra,Pune,Pune,Potato,Other,FAQ,05/05/2021,900,1500,1200,24
Maharashtra,Pune,Pune,Potato,Other,FAQ,18/05/2021,700,1500,1100,24
Maharashtra,Pune,Pune,Potato,Other,FAQ,20/05/2021,800,1500,1150,24
Maharashtra,Pune,Pune,Potato,Other,FAQ,21/05/2021,700,1500,1100,24
Maharashtra,Pune,Pune,Potato,Other,FAQ,25/05/2021,800,1700,1250,24
Maharashtra,Pune,Pune,Potato,Other,FAQ,31/05/2021,800,1600,1200,24
Maharashtra,Pune,Pune,Potato,Other,FAQ,06/06/2021,800,1600,1200,24
Maharashtra,Pune,Pune,Potato,Other,FAQ,10/06/2021,500,1600,1050,24
Maharashtra,Pune,Pune,Potato,Other,FAQ,15/06/2021,800,1600,1200,24
Maharashtra,Pune,Pune,Potato,Other,FAQ,22/06/2021,600,1500,1050,24
Maharashtra,Pune,Pune,Potato,Other,FAQ,27/06/2021,800,1500,1100,24
Maharashtra,Pune,Pune,Potato,Other,FAQ,28/06/2021,600,1500,1050,24
Maharashtra,Pune,Pune,Potato,Other,FAQ,04/07/2021,700,1500,1100,24
Maharashtra,Pune,Pune,Potato,Other,FAQ,08/07/2021,700,1300,1000,24
Maharashtra,Pune,Pune,Potato,Other,FAQ,13/07/2021,600,1200,900,24
Maharashtra,Pune,Pune,Potato,Other,FAQ,29/07/2021,700,1300,1000,24
Maharashtra,Pune,Pune,Potato,Other,FAQ,04/08/2021,800,1350,1080,24
Maharashtra,Pune,Pune,Potato,Other,FAQ,09/08/2021,700,1300,1000,24
Maharashtra,Pune,Pune,Potato,Other,FAQ,11/08/2021,600,1300,950,24
Maharashtra,Pune,Pune,Potato,Other,FAQ,18/08/2021,700,1300,1000,24
Maharashtra,Pune,Pune,Potato,Other,FAQ,08/09/2021,800,1200,1000,24
Maharashtra,Pune,Pune,Potato,Other,FAQ,13/09/2021,800,1500,1150,24
Maharashtra,Pune,Pune,Potato,Other,FAQ,17/09/2021,700,1600,1150,24
Maharashtra,Pune,Pune,Potato,Other,FAQ,08/10/2021,1200,1600,1400,24
Maharashtra,Pune,Pune,Potato,Other,FAQ,14/10/2021,800,1300,1050,24
Maharashtra,Pune,Pune,Potato,Other,FAQ,19/10/2021,1000,1600,1300,24
Maharashtra,Pune,Pune,Potato,Other,FAQ,27/10/2021,1200,1800,1500,24
Maharashtra,Pune,Pune,Potato,Other,FAQ,29/10/2021,1300,1700,1500,24
Maharashtra,Pune,Pune,Potato,Other,FAQ,02/11/2021,1200,2800,2000,24
Maharashtra,Pune,Pune,Potato,Other,FAQ,08/11/2021,1600,2000,1800,24
Maharashtra,Pune,Pune,Potato,Other,FAQ,14/11/2021,1400,2000,1700,24
Maharashtra,Pune,Pune,Potato,Other,FAQ,15/11/2021,1200,2000,1600,24
Maharashtra,Pune,Pune,Potato,Other,FAQ,17/11/2021,1200,2100,1650,24
Maharashtra,Pune,Pune,Potato,Other,FAQ,24/11/2021,1000,1700,1350,24
Maharashtra,Pune,Pune,Potato,Other,FAQ,29/11/2021,1000,1800,1400,24
Maharashtra,Pune,Pune,Potato,Other,FAQ,17/12/2021,800,1800,1300,24
Maharashtra,Pune,Pune,Potato,Other,FAQ,23/12/2021,700,1800,1250,24
Maharashtra,Pune,Pune,Potato,Other,FAQ,24/12/2021,700,1800,1250,24
Maharashtra,Pune,Pune,Potato,Other,FAQ,14/01/2022,800,1500,1150,24
Maharashtra,Pune,Pune,Potato,Other,FAQ,18/01/2022,700,1500,1100,24
Maharashtra,Pune,Pune,Potato,Other,FAQ,21/01/2022,700,1300,1000,24
Maharashtra,Pune,Pune,Potato,Other,FAQ,24/01/2022,800,1300,1050,24
Maharashtra,Pune,Pune,Potato,Other,FAQ,01/02/2022,800,1300,1050,24
Maharashtra,Pune,Pune,Potato,Other,FAQ,07/02/2022,1000,1400,1200,24
Maharashtra,Pune,Pune,Potato,Other,FAQ,13/02/2022,800,1400,1100,24
Maharashtra,Pune,Pune,Potato,Other,FAQ,14/02/2022,1000,1500,1250,24
Maharashtra,Pune,Pune,Potato,Other,FAQ,18/02/2022,1000,1400,1200,24
Maharashtra,Pune,Pune,Potato,Other,FAQ,24/02/2022,1000,1400,1200,24
Maharashtra,Pune,Pune,Potato,Other,FAQ,27/02/2022,1000,1500,1250,24
Maharashtra,Pune,Pune,Potato,Other,FAQ,02/03/2022,1200,1700,1450,24
Maharashtra,Pune,Pune,Potato,Other,FAQ,07/03/2022,1200,1600,1400,24
Maharashtra,Pune,Pune,Potato,Other,FAQ,08/03/2022,1200,1500,1350,24
Maharashtra,Pune,Pune,Potato,Other,FAQ,18/03/2022,1000,1600,1300,24
Maharashtra,Pune,Pune,Potato,Other,FAQ,25/03/2022,900,1700,1300,24
Maharashtra,Pune,Pune,Potato,Other,FAQ,27/03/2022,1000,1700,1350,24
Maharashtra,Pune,Pune,Potato,Other,FAQ,28/03/2022,1000,1700,1350,24
Maharashtra,Pune,Pune,Potato,Other,FAQ,29/03/2022,800,1700,1250,24
Maharashtra,Pune,Pune,Potato,Other,FAQ,31/03/2022,1000,1700,1350,24
Maharashtra,Pune,Pune,Potato,Other,FAQ,03/04/2022,1000,1850,1430,24
Maharashtra,Pune,Pune,Potato,Other,FAQ,20/04/2022,1100,2000,1550,24
Maharashtra,Pune,Pune,Potato,Other,FAQ,29/04/2022,1000,2100,1550,24
Maharashtra,Pune,Pune,Potato,Other,FAQ,19/05/2022,1400,1900,1650,24
Maharashtra,Pune,Pune,Potato,Other,FAQ,20/05/2022,1500,2000,1750,24
Maharashtra,Pune,Pune,Potato,Other,FAQ,17/06/2022,1500,1900,1700,24
Maharashtra,Pune,Pune,Potato,Other,FAQ,20/06/2022,1800,2200,2000,24
Maharashtra,Pune,Pune,Potato,Other,FAQ,23/06/2022,1700,2000,1850,24
Maharashtra,Pune,Pune,Potato,Other,FAQ,14/07/2022,1600,2000,1800,24
Maharashtra,Pune,Pune,Potato,Other,FAQ,20/07/2022,1700,2100,1900,24
Maharashtra,Pune,Pune,Potato,Other,FAQ,29/07/2022,1500,2200,1850,24
Maharashtra,Pune,Pune,Potato,Other,FAQ,04/08/2022,1700,2100,1900,24
Maharashtra,Pune,Pune,Potato,Other,FAQ,09/08/2022,1600,2100,1850,24
Maharashtra,Pune,Pune,Potato,Other,FAQ,17/08/2022,1800,2300,2050,24
Maharashtra,Pune,Pune,Potato,Other,FAQ,28/08/2022,1600,2200,1900,24
Maharashtra,Pune,Pune,Potato,Other,FAQ,06/09/2022,1600,2200,1900,24
Maharashtra,Pune,Pune,Potato,Other,FAQ,13/09/2022,1500,2100,1800,24
Maharashtra,Pune,Pune,Potato,Other,FAQ,19/09/2022,1600,2200,1950,24
Maharashtra,Pune,Pune,Potato,Other,FAQ,30/09/2022,1700,2600,2150,24
Maharashtra,Pune,Pune,Potato,Other,FAQ,02/10/2022,1700,2600,2050,24
Maharashtra,Pune,Pune,Potato,Other,FAQ,03/10/2022,1500,2800,2150,24
Maharashtra,Pune,Pune,Potato,Other,FAQ,20/10/2022,1700,2800,2250,24
Maharashtra,Pune,Pune,Potato,Other,FAQ,23/10/2022,1700,2600,2150,24
Maharashtra,Pune,Pune,Potato,Other,FAQ,01/11/2022,1800,2500,2150,24
Maharashtra,Pune,Pune,Potato,Other,FAQ,02/11/2022,1800,2500,2150,24
Maharashtra,Pune,Pune,Potato,Other,FAQ,09/11/2022,1500,2400,1950,24
Maharashtra,Pune,Pune,Potato,Other,FAQ,13/11/2022,1800,2300,2050,24
Maharashtra,Pune,Pune,Potato,Local,FAQ,07/06/2024,2000,2700,2350,24
Maharashtra,Pune,Pune,Potato,Local,FAQ,28/06/2024,2300,3000,2650,24
Maharashtra,Pune,Pune,Potato,Local,FAQ,25/06/2024,2200,3000,2600,24
Maharashtra,Pune,Pune,Potato,Local,FAQ,02/06/2024,2000,2700,2350,24
Maharashtra,Pune,Pune,Potato,Local,FAQ,09/06/2024,2000,2700,2350,24
Maharashtra,Pune,Pune,Potato,Local,FAQ,18/06/2024,2500,3000,2750,24
Maharashtra,Pune,Pune,Potato,Local,FAQ,07/05/2024,2000,2900,2450,24
Maharashtra,Pune,Pune,Potato,Local,FAQ,16/05/2024,2000,2600,2300,24
Maharashtra,Pune,Pune,Potato,Local,FAQ,15/05/2024,2000,2600,2300,24
Maharashtra,Pune,Pune,Potato,Local,FAQ,19/05/2024,2000,2600,2300,24
Maharashtra,Pune,Pune,Potato,Local,FAQ,01/01/2024,1000,1800,1400,24
Maharashtra,Pune,Pune,Potato,Local,FAQ,19/01/2024,800,1600,1200,24
Maharashtra,Pune,Pune,Potato,Local,FAQ,25/01/2024,1200,1800,1500,24
Maharashtra,Pune,Pune,Potato,Local,FAQ,01/02/2024,800,1600,1200,24
Maharashtra,Pune,Pune,Potato,Local,FAQ,04/02/2024,1200,1700,1450,24
Maharashtra,Pune,Pune,Potato,Local,FAQ,05/02/2024,1200,1800,1500,24
Maharashtra,Pune,Pune,Potato,Local,FAQ,06/02/2024,1200,1700,1450,24
Maharashtra,Pune,Pune,Potato,Local,FAQ,21/02/2024,1300,2100,1700,24
Maharashtra,Pune,Pune,Potato,Local,FAQ,28/02/2024,1200,2100,1650,24
Maharashtra,Pune,Pune,Potato,Local,FAQ,29/02/2024,1200,2100,1650,24
Maharashtra,Pune,Pune,Potato,Local,FAQ,06/03/2024,1300,2100,1700,24
Maharashtra,Pune,Pune,Potato,Local,FAQ,15/03/2024,1200,2200,1700,24
Maharashtra,Pune,Pune,Potato,Local,FAQ,18/03/2024,1300,2200,1750,24
Maharashtra,Pune,Pune,Potato,Local,FAQ,26/03/2024,1400,2200,1800,24
Maharashtra,Pune,Pune,Potato,Local,FAQ,28/03/2024,1600,2300,1950,24
Maharashtra,Pune,Pune,Potato,Local,FAQ,02/04/2024,1700,2500,2100,24
Maharashtra,Pune,Pune,Potato,Local,FAQ,04/04/2024,1800,2600,2200,24
Maharashtra,Pune,Pune,Potato,Local,FAQ,05/04/2024,1800,2600,2200,24
Maharashtra,Pune,Pune,Potato,Local,FAQ,22/04/2024,1800,2600,2200,24
Maharashtra,Pune,Pune,Potato,Local,FAQ,09/09/2024,1800,3000,2400,24
Maharashtra,Pune,Pune,Potato,Local,FAQ,12/09/2024,1600,3000,2300,24
Maharashtra,Pune,Pune,Potato,Local,FAQ,25/09/2024,2200,3100,2650,24
Maharashtra,Pune,Pune,Potato,Local,FAQ,01/01/2025,1300,2000,1650,24
Maharashtra,Pune,Pune,Potato,Local,FAQ,10/01/2025,1400,2200,1800,24
Maharashtra,Pune,Pune,Potato,Local,FAQ,12/01/2025,1500,2000,1750,24
Maharashtra,Pune,Pune,Potato,Local,FAQ,17/01/2025,1500,2200,1850,24
Maharashtra,Pune,Pune,Potato,Local,FAQ,20/01/2025,1500,2200,1850,24
Maharashtra,Pune,Pune,Potato,Local,FAQ,24/01/2025,1300,2000,1650,24
Maharashtra,Pune,Pune,Potato,Local,Local,27/01/2025,1400,2000,1700,24
Maharashtra,Pune,Pune,Potato,Local,Local,07/02/2025,1400,2000,1700,24
Maharashtra,Pune,Pune,Potato,Local,Local,23/02/2025,1200,1800,1500,24
Maharashtra,Pune,Pune,Potato,Local,Local,24/02/2025,1200,1900,1650,24
Maharashtra,Pune,Pune,Potato,Local,FAQ,18/10/2024,1800,3600,2700,24
Maharashtra,Pune,Pune,Potato,Local,FAQ,24/10/2024,2000,3800,2900,24
Maharashtra,Pune,Pune,Potato,Local,FAQ,07/10/2024,2000,3500,2750,24
Maharashtra,Pune,Pune,Potato,Local,FAQ,27/10/2024,1800,3800,2800,24
Maharashtra,Pune,Pune,Potato,Local,FAQ,25/10/2024,2000,3900,2950,24
Maharashtra,Pune,Pune,Potato,Local,FAQ,13/10/2024,2000,3500,2750,24
Maharashtra,Pune,Pune,Potato,Local,FAQ,20/10/2024,2000,3700,2850,24
Maharashtra,Pune,Pune,Potato,Local,FAQ,28/10/2024,2000,3700,2850,24
Maharashtra,Pune,Pune,Potato,Local,Local,05/03/2025,1000,1900,1450,24
Maharashtra,Pune,Pune,Potato,Local,Local,09/03/2025,1000,1800,1400,24
Maharashtra,Pune,Pune,Potato,Local,Local,11/03/2025,1000,1800,1400,24
Maharashtra,Pune,Pune,Potato,Local,Local,12/03/2025,1000,1900,1450,24
Maharashtra,Pune,Pune,Potato,Local,Local,16/03/2025,1000,2000,1500,24
Maharashtra,Pune,Pune,Potato,Local,Local,20/03/2025,1000,2100,1550,24
Maharashtra,Pune,Pune,Potato,Local,Local,24/03/2025,800,2000,1400,24
Maharashtra,Pune,Pune,Potato,Local,Local,27/03/2025,800,2100,1450,24
Maharashtra,Pune,Pune,Potato,Local,Local,04/06/2025,1400,2200,1800,24
Maharashtra,Pune,Pune,Potato,Local,Local,12/06/2025,1300,2200,1750,24
Maharashtra,Pune,Pune,Potato,Local,Local,17/06/2025,1400,2200,1800,24
Maharashtra,Pune,Pune,Potato,Local,Local,30/06/2025,1300,2100,1700,24
Maharashtra,Pune,Pune,Potato,Local,Local,05/06/2025,1400,2200,1800,24
Maharashtra,Pune,Pune,Potato,Local,Local,10/06/2025,1400,2200,1800,24
Maharashtra,Pune,Pune,Potato,Local,Local,11/06/2025,1200,2200,1700,24
Maharashtra,Pune,Pune,Potato,Local,Local,13/06/2025,1200,2200,1700,24
Maharashtra,Pune,Pune,Potato,Local,Local,07/07/2025,1300,2100,1700,24
Maharashtra,Pune,Pune,Potato,Local,Local,17/07/2025,800,1900,1350,24
Maharashtra,Pune,Pune,Potato,Local,Local,21/07/2025,1000,1900,1450,24
Maharashtra,Pune,Pune,Potato,Local,Local,25/07/2025,1000,1800,1400,24
Maharashtra,Pune,Pune,Potato,Local,Local,28/07/2025,1000,1800,1400,24
Maharashtra,Pune,Pune,Potato,Local,Local,31/07/2025,1400,1800,1600,24
Maharashtra,Pune,Pune,Potato,Local,Local,05/05/2025,1200,2200,1700,24
Maharashtra,Pune,Pune,Potato,Local,Local,20/05/2025,1300,2200,1750,24
Maharashtra,Pune,Pune,Potato,Local,Local,25/05/2025,1300,2300,1800,24
Maharashtra,Pune,Pune,Potato,Local,Local,28/05/2025,1300,2200,1750,24
Maharashtra,Pune,Pune,Potato,Local,Local,29/05/2025,1400,2200,1800,24
Maharashtra,Pune,Pune,Potato,Local,Local,30/05/2025,1400,2200,1800,24
Maharashtra,Pune,Pune,Potato,Local,Local,04/04/2025,1200,2000,1600,24
Maharashtra,Pune,Pune,Potato,Local,Local,14/04/2025,1000,2000,1500,24
Maharashtra,Pune,Pune,Potato,Local,Local,15/04/2025,1000,2000,1500,24
Maharashtra,Pune,Pune,Potato,Local,Local,17/04/2025,1000,2000,1500,24
Maharashtra,Pune,Pune,Potato,Local,Local,18/04/2025,1200,2000,1600,24
Maharashtra,Pune,Pune,Potato,Local,Local,27/04/2025,1000,2100,1550,24
Maharashtra,Pune,Pune,Potato,Local,Local,30/04/2025,1200,2200,1700,24
Maharashtra,Pune,Pune,Potato,Local,FAQ,17/11/2024,2300,4000,3150,24
Maharashtra,Pune,Pune,Potato,Local,FAQ,07/11/2024,2200,4500,3350,24
Maharashtra,Pune,Pune,Potato,Local,FAQ,28/11/2024,1600,4000,2800,24
Maharashtra,Pune,Pune,Potato,Local,FAQ,09/12/2024,2000,4000,3000,24
Maharashtra,Pune,Pune,Potato,Local,FAQ,11/12/2024,1200,3500,2350,24
Maharashtra,Pune,Pune,Potato,Local,FAQ,18/12/2024,1200,3000,2100,24
Maharashtra,Pune,Pune,Potato,Local,FAQ,29/12/2024,1200,2500,1850,24
Maharashtra,Pune,Pune,Potato,Local,FAQ,27/12/2024,1200,3000,2100,24
Maharashtra,Pune,Pune,Potato,Local,FAQ,31/12/2024,1500,2200,1850,24
Maharashtra,Pune,Pune,Potato,Local,FAQ,01/08/2024,2600,3100,2850,24
Maharashtra,Pune,Pune,Potato,Local,FAQ,14/08/2024,2300,3000,2650,24
Maharashtra,Pune,Pune,Potato,Local,FAQ,20/08/2024,2200,3000,2600,24
Maharashtra,Pune,Pune,Potato,Local,FAQ,21/08/2024,2300,3000,2650,24
Maharashtra,Pune,Pune,Potato,Local,FAQ,23/08/2024,2500,3000,2750,24
Maharashtra,Pune,Pune,Potato,Local,FAQ,27/08/2024,2300,3000,2650,24
Maharashtra,Pune,Pune,Potato,Local,FAQ,05/07/2024,2700,3100,2900,24
Maharashtra,Pune,Pune,Potato,Local,FAQ,08/07/2024,2500,3100,2800,24
Maharashtra,Pune,Pune,Potato,Local,FAQ,14/07/2024,2500,3000,2750,24
Maharashtra,Pune,Pune,Potato,Local,FAQ,24/07/2024,2500,3100,2800,24
Maharashtra,Pune,Pune,Potato,Local,FAQ,03/07/2024,2400,3000,2700,24
Maharashtra,Pune,Pune,Potato,Local,FAQ,12/07/2024,2500,3000,2750,24
Maharashtra,Pune,Pune,Potato,Other,FAQ,10/05/2023,1000,2000,1500,24
Maharashtra,Pune,Pune,Potato,Other,FAQ,15/05/2023,1000,2200,1600,24
Maharashtra,Pune,Pune,Potato,Other,FAQ,16/05/2023,1000,2100,1550,24
Maharashtra,Pune,Pune,Potato,Other,FAQ,18/05/2023,1000,2100,1550,24
Maharashtra,Pune,Pune,Potato,Other,FAQ,24/05/2023,1000,2200,1600,24
Maharashtra,Pune,Pune,Potato,Other,FAQ,29/05/2023,1100,1900,1500,24
Maharashtra,Pune,Pune,Potato,Local,FAQ,01/06/2023,1100,2000,1550,24
Maharashtra,Pune,Pune,Potato,Local,FAQ,05/06/2023,1200,2000,1600,24
Maharashtra,Pune,Pune,Potato,Local,FAQ,06/06/2023,1100,2000,1550,24
Maharashtra,Pune,Pune,Potato,Local,FAQ,11/06/2023,1000,2000,1500,24
Maharashtra,Pune,Pune,Potato,Local,FAQ,19/06/2023,1000,2100,1550,24
Maharashtra,Pune,Pune,Potato,Local,FAQ,25/06/2023,1100,2100,1600,24
Maharashtra,Pune,Pune,Potato,Local,FAQ,27/06/2023,1100,2100,1600,24
Maharashtra,Pune,Pune,Potato,Local,FAQ,07/07/2023,1200,2100,1650,24
Maharashtra,Pune,Pune,Potato,Local,FAQ,13/07/2023,1100,2000,1550,24
Maharashtra,Pune,Pune,Potato,Local,FAQ,21/07/2023,1000,2000,1500,24
Maharashtra,Pune,Pune,Potato,Local,FAQ,10/08/2023,1200,2100,1650,24
Maharashtra,Pune,Pune,Potato,Local,FAQ,13/08/2023,1200,2100,1650,24
Maharashtra,Pune,Pune,Potato,Local,FAQ,18/08/2023,1200,2000,1600,24
Maharashtra,Pune,Pune,Potato,Local,FAQ,24/08/2023,1200,2000,1600,24
Maharashtra,Pune,Pune,Potato,Local,FAQ,06/09/2023,1100,2000,1550,24
Maharashtra,Pune,Pune,Potato,Local,FAQ,12/09/2023,1200,1800,1500,24
Maharashtra,Pune,Pune,Potato,Local,FAQ,02/10/2023,1200,1800,1500,24
Maharashtra,Pune,Pune,Potato,Local,FAQ,04/10/2023,1300,2000,1650,24
Maharashtra,Pune,Pune,Potato,Local,FAQ,09/10/2023,1100,2000,1550,24
Maharashtra,Pune,Pune,Potato,Local,FAQ,13/10/2023,1000,1800,1400,24
Maharashtra,Pune,Pune,Potato,Local,FAQ,18/10/2023,1200,2100,1650,24
Maharashtra,Pune,Pune,Potato,Local,FAQ,29/10/2023,1100,2100,1600,24
Maharashtra,Pune,Pune,Potato,Local,FAQ,07/11/2023,1000,1800,1400,24
Maharashtra,Pune,Pune,Potato,Local,FAQ,08/11/2023,800,2000,1400,24
Maharashtra,Pune,Pune,Potato,Local,FAQ,14/11/2023,1000,2000,1500,24
Maharashtra,Pune,Pune,Potato,Local,FAQ,21/11/2023,1200,2200,1700,24
Maharashtra,Pune,Pune,Potato,Local,FAQ,22/11/2023,1000,2000,1500,24
Maharashtra,Pune,Pune,Potato,Local,FAQ,23/11/2023,1000,2000,1500,24
Maharashtra,Pune,Pune,Potato,Local,FAQ,30/11/2023,1200,1800,1400,24
Maharashtra,Pune,Pune,Potato,Local,FAQ,10/12/2023,1200,2200,1700,24
Maharashtra,Pune,Pune,Potato,Local,FAQ,18/12/2023,1000,2200,1600,24
Maharashtra,Pune,Pune,Potato,Local,FAQ,20/12/2023,1000,2200,1600,24
Maharashtra,Pune,Pune,Potato,Local,FAQ,21/12/2023,1000,2000,1500,24
Maharashtra,Pune,Pune,Potato,Local,FAQ,24/12/2023,1000,2200,1600,24
Maharashtra,Pune,Pune,Potato,Local,FAQ,27/12/2023,1000,2000,1500,24
Maharashtra,Pune,Pune,Potato,Other,FAQ,02/01/2023,1200,2000,1600,24
Maharashtra,Pune,Pune,Potato,Other,FAQ,17/01/2023,1400,2200,1800,24
Maharashtra,Pune,Pune,Potato,Other,FAQ,22/01/2023,1600,2200,1900,24
Maharashtra,Pune,Pune,Potato,Other,FAQ,25/01/2023,1100,1700,1400,24
Maharashtra,Pune,Pune,Potato,Other,FAQ,30/01/2023,1000,1800,1400,24
Maharashtra,Pune,Pune,Potato,Other,FAQ,31/01/2023,1100,1700,1400,24
Maharashtra,Pune,Pune,Potato,Other,FAQ,10/02/2023,900,1500,1200,24
Maharashtra,Pune,Pune,Potato,Other,FAQ,15/02/2023,800,1400,1100,24
Maharashtra,Pune,Pune,Potato,Other,FAQ,26/02/2023,600,1400,1000,24
Maharashtra,Pune,Pune,Potato,Other,FAQ,28/02/2023,700,1300,1000,24
Maharashtra,Pune,Pune,Potato,Other,FAQ,06/03/2023,700,1400,1050,24
Maharashtra,Pune,Pune,Potato,Other,FAQ,08/03/2023,600,1400,1000,24
Maharashtra,Pune,Pune,Potato,Other,FAQ,09/03/2023,600,1400,1000,24
Maharashtra,Pune,Pune,Potato,Other,FAQ,16/03/2023,600,1300,950,24
Maharashtra,Pune,Pune,Potato,Other,FAQ,17/03/2023,600,1300,950,24
Maharashtra,Pune,Pune,Potato,Other,FAQ,05/04/2023,900,1400,1150,24
Maharashtra,Pune,Pune,Potato,Other,FAQ,07/04/2023,800,1500,1150,24
Maharashtra,Pune,Pune,Potato,Other,FAQ,09/04/2023,800,1600,1200,24
Maharashtra,Pune,Pune,Potato,Other,FAQ,23/04/2023,800,1500,1150,24
Maharashtra,Pune,Pune,Potato,Other,FAQ,24/04/2023,800,1600,1200,24
Maharashtra,Pune,Pune,Potato,Other,FAQ,27/04/2023,1000,1600,1300,24
Maharashtra,Pune,Pune,Potato,Other,FAQ,04/05/2023,1000,2000,1500,24
Maharashtra,Pune,Pune,Potato,Local,FAQ,02/09/2024,2000,3000,2500,24
Maharashtra,Pune,Pune,Potato,Local,FAQ,05/09/2024,2200,3000,2600,24
Maharashtra,Pune,Pune,Potato,Local,FAQ,08/09/2024,2000,3000,2500,24
Maharashtra,Pune,Pune,Potato,Local,FAQ,11/09/2024,2000,3000,2500,24
Maharashtra,Pune,Pune,Potato,Local,FAQ,23/09/2024,2000,3200,2600,24
Maharashtra,Pune,Pune,Potato,Local,Local,04/08/2025,1000,1700,1350,24
Maharashtra,Pune,Pune,Potato,Local,Local,07/08/2025,1000,1700,1350,24
Maharashtra,Pune,Pune,Potato,Local,Local,13/08/2025,1200,1800,1500,24
Maharashtra,Pune,Pune,Potato,Local,Local,17/08/2025,1200,1800,1500,24
Maharashtra,Pune,Pune,Potato,Local,Local,27/08/2025,800,2000,1400,24
Maharashtra,Pune,Pune,Potato,Local,Local,28/08/2025,800,2000,1400,24
Maharashtra,Pune,Pune,Potato,Local,Local,02/09/2025,1000,1900,1450,24
Maharashtra,Pune,Pune,Potato,Local,Local,09/09/2025,1200,2000,1600,24
Maharashtra,Pune,Pune,Potato,Local,Local,14/09/2025,1000,1900,1450,24
Maharashtra,Pune,Pune,Potato,Local,Local,16/09/2025,800,1800,1300,24
Maharashtra,Pune,Pune,Potato,Local,Local,02/11/2025,1400,2700,2050,24
Maharashtra,Pune,Pune,Potato,Local,Local,03/10/2025,900,2100,1500,24
Maharashtra,Pune,Pune APMC,Potato,Local,Local,19/12/2025,400,2500,1450,24
Maharashtra,Pune,Pune APMC,Potato,Local,Local,17/12/2025,500,2500,1500,24
Maharashtra,Pune,Pune APMC,Potato,Local,Local,08/12/2025,700,2300,1500,24
Maharashtra,Pune,Pune APMC,Potato,Local,Local,07/12/2025,500,2200,1350,24
Maharashtra,Pune,Pune APMC,Potato,Local,Local,21/12/2025,500,2200,1350,24
Maharashtra,Pune,Pune APMC,Potato,Local,Local,25/12/2025,700,2400,1550,24
Maharashtra,Pune,Pune APMC,Potato,Local,Local,09/11/2025,1500,2400,1950,24
Maharashtra,Pune,Pune APMC,Potato,Local,Local,14/11/2025,1600,2300,1950,24
Maharashtra,Pune,Pune APMC,Potato,Local,Local,20/11/2025,1400,2200,1800,24
Maharashtra,Pune,Pune APMC,Potato,Local,Local,21/11/2025,1300,2200,1750,24
Maharashtra,Pune,Pune APMC,Potato,Local,Local,10/02/2026,700,1300,1000,24
Maharashtra,Pune,Pune APMC,Potato,Local,Local,18/02/2026,800,1300,1050,24
Maharashtra,Pune,Pune APMC,Potato,Local,Local,20/02/2026,700,1300,1000,24
Maharashtra,Pune,Pune APMC,Potato,Local,Local,03/02/2026,500,1400,950,24
Maharashtra,Pune,Pune APMC,Potato,Local,Local,02/01/2026,500,1500,1000,24
Maharashtra,Pune,Pune APMC,Potato,Local,Local,14/01/2026,700,1400,1050,24
Maharashtra,Pune,Pune APMC,Potato,Local,Local,16/01/2026,700,1400,1050,24
Maharashtra,Pune,Pune APMC,Potato,Local,Local,18/11/2025,1200,2200,1700,24
Maharashtra,Pune,Pune APMC,Potato,Local,Local,23/11/2025,1000,2000,1500,24
Maharashtra,Pune,Pune APMC,Potato,Local,Local,27/11/2025,700,2100,1400,24
Maharashtra,Pune,Pune APMC,Potato,Local,Local,07/11/2025,1500,2500,2000,24
Maharashtra,Pune,Pune APMC,Potato,Local,Local,02/11/2025,1400,2700,2050,24
Maharashtra,Pune,Pune APMC,Potato,Local,Local,04/11/2025,1500,2400,1950,24
Maharashtra,Pune,Pune APMC,Potato,Local,Local,23/12/2025,500,2200,1350,24
Maharashtra,Pune,Pune APMC,Potato,Local,Local,29/12/2025,500,1500,1000,24
Maharashtra,Pune,Pune APMC,Potato,Local,Local,16/12/2025,500,2400,1450,24
Maharashtra,Pune,Pune APMC,Potato,Local,Local,09/01/2026,400,1300,850,24
Maharashtra,Pune,Pune APMC,Potato,Local,Local,21/01/2026,700,1300,1000,24
Maharashtra,Pune,Pune APMC,Potato,Local,Local,02/02/2026,500,1400,950,24
Maharashtra,Pune,Pune APMC,Potato,Local,Local,06/02/2026,500,1300,900,24
Maharashtra,Pune,Pune APMC,Potato,Local,Local,09/02/2026,700,1300,1000,24
Maharashtra,Pune,Pune APMC,Potato,Local,Local,15/02/2026,600,1300,950,24
Maharashtra,Pune,Pune APMC,Potato,Local,Local,17/02/2026,800,1300,1050,24
Maharashtra,Pune,Pune APMC,Potato,Local,Local,02/12/2025,500,2100,1300,24
Maharashtra,Pune,Pune APMC,Potato,Local,Local,03/12/2025,700,2000,1350,24
Maharashtra,Pune,Pune APMC,Potato,Local,Local,09/12/2025,700,2300,1500,24
Maharashtra,Pune,Pune APMC,Potato,Local,Local,11/12/2025,600,2400,1500,24
Maharashtra,Pune,Pune APMC,Potato,Local,Local,14/12/2025,500,2200,1350,24
Maharashtra,Pune,Pune APMC,Potato,Local,Local,19/11/2025,1200,2100,1650,24
Maharashtra,Pune,Pune APMC,Potato,Local,Local,24/11/2025,1200,2000,1600,24
Maharashtra,Pune,Pune APMC,Potato,Local,Local,28/11/2025,600,2100,1350,24
Maharashtra,Pune,Pune APMC,Potato,Local,Local,30/11/2025,500,2000,1250,24
Maharashtra,Pune,Pune APMC,Potato,Local,Local,11/11/2025,1500,2400,1950,24
Maharashtra,Pune,Pune APMC,Potato,Local,Local,03/11/2025,1500,2500,2000,24
Maharashtra,Pune,Pune APMC,Potato,Local,Local,12/11/2025,1400,2100,1750,24
Maharashtra,Pune,Pune APMC,Potato,Local,Local,01/01/2026,500,1500,1000,24
Maharashtra,Pune,Pune APMC,Potato,Local,Local,04/01/2026,500,1500,1000,24
Maharashtra,Pune,Pune APMC,Potato,Local,Local,13/01/2026,700,1400,1050,24
Maharashtra,Pune,Pune APMC,Potato,Local,Local,08/02/2026,700,1300,1000,24
Maharashtra,Pune,Pune APMC,Potato,Local,Local,19/02/2026,800,1300,1050,24
Maharashtra,Pune,Pune APMC,Potato,Local,Local,04/12/2025,500,2100,1300,24
Maharashtra,Pune,Pune APMC,Potato,Local,Local,15/12/2025,500,2400,1450,24
Maharashtra,Pune,Pune APMC,Potato,Local,Local,18/12/2025,400,2400,1400,24
Maharashtra,Pune,Pune APMC,Potato,Local,Local,22/12/2025,500,2200,1350,24
Maharashtra,Pune,Pune APMC,Potato,Local,Local,24/12/2025,500,2400,1450,24
Maharashtra,Pune,Pune APMC,Potato,Local,Local,30/12/2025,500,1600,1050,24
Maharashtra,Pune,Pune APMC,Potato,Local,Local,01/02/2026,500,1400,950,24
Maharashtra,Pune,Pune APMC,Potato,Local,Local,04/02/2026,500,1300,900,24
Maharashtra,Pune,Pune APMC,Potato,Local,Local,13/02/2026,600,1200,900,24
Maharashtra,Pune,Pune APMC,Potato,Local,Local,16/02/2026,700,1300,1000,24
Maharashtra,Pune,Pune APMC,Potato,Local,Local,05/01/2026,500,1500,1000,24
Maharashtra,Pune,Pune APMC,Potato,Local,Local,07/01/2026,500,1500,1000,24
Maharashtra,Pune,Pune APMC,Potato,Local,Local,11/01/2026,500,1300,900,24
Maharashtra,Pune,Pune APMC,Potato,Local,Local,27/01/2026,500,1400,950,24
Maharashtra,Pune,Pune APMC,Potato,Local,Local,25/01/2026,700,1300,1000,24
Maharashtra,Pune,Pune APMC,Potato,Local,Local,30/01/2026,500,1300,900,24
Maharashtra,Pune,Pune APMC,Potato,Local,Local,10/11/2025,1500,2300,1900,24
Maharashtra,Pune,Pune APMC,Potato,Local,Local,05/11/2025,1400,2400,1900,24
Maharashtra,Pune,Pune APMC,Potato,Local,Local,17/11/2025,1300,2100,1700,24
Maharashtra,Pune,Pune APMC,Potato,Local,Local,16/11/2025,1300,2200,1750,24
Maharashtra,Pune,Pune APMC,Potato,Local,Local,26/11/2025,1200,2000,1600,24
Maharashtra,Pune,Pune APMC,Potato,Local,Local,05/02/2026,600,1300,950,24
Maharashtra,Pune,Pune APMC,Potato,Local,Local,11/02/2026,500,1300,900,24
Maharashtra,Pune,Pune APMC,Potato,Local,Local,12/02/2026,700,1300,1000,24
Maharashtra,Pune,Pune APMC,Potato,Local,Local,22/02/2026,700,1300,1000,24
Maharashtra,Pune,Pune APMC,Potato,Local,Local,06/01/2026,500,1500,1000,24
Maharashtra,Pune,Pune APMC,Potato,Local,Local,12/01/2026,600,1300,950,24
Maharashtra,Pune,Pune APMC,Potato,Local,Local,08/01/2026,500,1300,900,24
Maharashtra,Pune,Pune APMC,Potato,Local,Local,22/01/2026,400,1300,850,24
Maharashtra,Pune,Pune APMC,Potato,Local,Local,23/01/2026,400,1300,850,24
Maharashtra,Pune,Pune APMC,Potato,Local,Local,01/12/2025,600,2100,1350,24
Maharashtra,Pune,Pune APMC,Potato,Local,Local,05/12/2025,500,2000,1250,24
Maharashtra,Pune,Pune APMC,Potato,Local,Local,12/12/2025,600,2300,1450,24
Maharashtra,Pune,Pune APMC,Potato,Local,Local,31/12/2025,500,1500,1000,24
Maharashtra,Pune,Pune(Khadiki),Potato,Local,FAQ,08/07/2024,2000,2400,2200,24
Maharashtra,Pune,Pune(Khadiki),Potato,Local,FAQ,01/07/2024,2000,2200,2100,24
Maharashtra,Pune,Pune(Khadiki),Potato,Local,FAQ,07/07/2024,2000,2400,2200,24
Maharashtra,Pune,Pune(Khadiki),Potato,Local,FAQ,15/07/2024,2000,2600,2300,24
Maharashtra,Pune,Pune(Khadiki),Potato,Local,FAQ,05/08/2024,1800,2200,2000,24
Maharashtra,Pune,Pune(Khadiki),Potato,Local,FAQ,06/08/2024,2000,2400,2200,24
Maharashtra,Pune,Pune(Khadiki),Potato,Local,FAQ,11/08/2024,2000,2300,2150,24
Maharashtra,Pune,Pune(Khadiki),Potato,Local,FAQ,23/08/2024,2300,2300,2300,24
Maharashtra,Pune,Pune(Khadiki),Potato,Local,FAQ,24/08/2024,2200,2200,2200,24
Maharashtra,Pune,Pune(Khadiki),Potato,Local,FAQ,03/06/2024,1800,2000,1900,24
Maharashtra,Pune,Pune(Khadiki),Potato,Local,FAQ,13/06/2024,1800,2000,1900,24
Maharashtra,Pune,Pune(Khadiki),Potato,Local,FAQ,24/06/2024,1800,2200,2000,24
Maharashtra,Pune,Pune(Khadiki),Potato,Local,FAQ,05/05/2024,1500,1700,1600,24
Maharashtra,Pune,Pune(Khadiki),Potato,Local,FAQ,20/05/2024,1600,2100,1850,24
Maharashtra,Pune,Pune(Khadiki),Potato,Local,FAQ,06/01/2024,1000,1400,1200,24
Maharashtra,Pune,Pune(Khadiki),Potato,Local,FAQ,09/01/2024,1000,1400,1200,24
Maharashtra,Pune,Pune(Khadiki),Potato,Local,FAQ,13/01/2024,1000,1300,1150,24
Maharashtra,Pune,Pune(Khadiki),Potato,Local,FAQ,14/01/2024,1000,1400,1200,24
Maharashtra,Pune,Pune(Khadiki),Potato,Local,FAQ,15/01/2024,1000,1400,1200,24
Maharashtra,Pune,Pune(Khadiki),Potato,Local,FAQ,17/01/2024,1200,1400,1300,24
Maharashtra,Pune,Pune(Khadiki),Potato,Local,FAQ,20/01/2024,1000,1200,1100,24
Maharashtra,Pune,Pune(Khadiki),Potato,Local,FAQ,22/01/2024,1200,1300,1250,24
Maharashtra,Pune,Pune(Khadiki),Potato,Local,FAQ,30/01/2024,1000,1300,1250,24
Maharashtra,Pune,Pune(Khadiki),Potato,Local,FAQ,09/02/2024,1000,1300,1150,24
Maharashtra,Pune,Pune(Khadiki),Potato,Local,FAQ,13/02/2024,1000,1400,1200,24
Maharashtra,Pune,Pune(Khadiki),Potato,Local,FAQ,15/02/2024,1100,1400,1250,24
Maharashtra,Pune,Pune(Khadiki),Potato,Local,FAQ,28/02/2024,1000,1400,1200,24
Maharashtra,Pune,Pune(Khadiki),Potato,Local,FAQ,15/03/2024,1200,1600,1400,24
Maharashtra,Pune,Pune(Khadiki),Potato,Local,FAQ,23/03/2024,1000,1800,1400,24
Maharashtra,Pune,Pune(Khadiki),Potato,Local,FAQ,24/03/2024,1300,1600,1450,24
Maharashtra,Pune,Pune(Khadiki),Potato,Local,FAQ,27/03/2024,1300,1500,1400,24
Maharashtra,Pune,Pune(Khadiki),Potato,Local,FAQ,28/03/2024,700,1400,1050,24
Maharashtra,Pune,Pune(Khadiki),Potato,Local,FAQ,31/03/2024,1300,1600,1450,24
Maharashtra,Pune,Pune(Khadiki),Potato,Local,FAQ,03/04/2024,1400,1600,1500,24
Maharashtra,Pune,Pune(Khadiki),Potato,Local,FAQ,05/04/2024,1500,1500,1500,24
Maharashtra,Pune,Pune(Khadiki),Potato,Local,FAQ,27/04/2024,1400,1600,1500,24
Maharashtra,Pune,Pune(Khadiki),Potato,Local,FAQ,30/04/2024,1400,1600,1500,24
Maharashtra,Pune,Pune(Khadiki),Potato,Other,FAQ,24/02/2021,1100,1500,1300,24
Maharashtra,Pune,Pune(Khadiki),Potato,Other,FAQ,26/02/2021,1300,1400,1350,24
Maharashtra,Pune,Pune(Khadiki),Potato,Other,FAQ,02/03/2021,1100,1400,1250,24
Maharashtra,Pune,Pune(Khadiki),Potato,Other,FAQ,03/03/2021,400,1300,850,24
Maharashtra,Pune,Pune(Khadiki),Potato,Other,FAQ,20/04/2021,1000,1400,1200,24
Maharashtra,Pune,Pune(Khadiki),Potato,Other,FAQ,21/04/2021,1200,1500,1350,24
Maharashtra,Pune,Pune(Khadiki),Potato,Other,FAQ,14/05/2021,1200,1400,1300,24
Maharashtra,Pune,Pune(Khadiki),Potato,Other,FAQ,28/05/2021,1400,1600,1500,24
Maharashtra,Pune,Pune(Khadiki),Potato,Other,FAQ,30/05/2021,1300,1300,1300,24
Maharashtra,Pune,Pune(Khadiki),Potato,Other,FAQ,01/06/2021,1400,1500,1450,24
Maharashtra,Pune,Pune(Khadiki),Potato,Other,FAQ,16/06/2021,1400,1600,1500,24
Maharashtra,Pune,Pune(Khadiki),Potato,Other,FAQ,20/06/2021,1400,1600,1500,24
Maharashtra,Pune,Pune(Khadiki),Potato,Other,FAQ,09/07/2021,1300,1600,1450,24
Maharashtra,Pune,Pune(Khadiki),Potato,Other,FAQ,11/07/2021,1300,1500,1400,24
Maharashtra,Pune,Pune(Khadiki),Potato,Other,FAQ,15/07/2021,1300,1500,1400,24
Maharashtra,Pune,Pune(Khadiki),Potato,Other,FAQ,06/08/2021,1300,1500,1400,24
Maharashtra,Pune,Pune(Khadiki),Potato,Other,FAQ,29/08/2021,1000,1300,1150,24
Maharashtra,Pune,Pune(Khadiki),Potato,Other,FAQ,31/08/2021,1200,1500,1350,24
Maharashtra,Pune,Pune(Khadiki),Potato,Other,FAQ,04/09/2021,1400,1400,1400,24
Maharashtra,Pune,Pune(Khadiki),Potato,Other,FAQ,05/09/2021,1200,1300,1250,24
Maharashtra,Pune,Pune(Khadiki),Potato,Other,FAQ,17/09/2021,1200,1400,1300,24
Maharashtra,Pune,Pune(Khadiki),Potato,Other,FAQ,25/09/2021,1200,1400,1300,24
Maharashtra,Pune,Pune(Khadiki),Potato,Other,FAQ,26/09/2021,1000,1200,1100,24
Maharashtra,Pune,Pune(Khadiki),Potato,Other,FAQ,30/09/2021,1100,1300,1200,24
Maharashtra,Pune,Pune(Khadiki),Potato,Other,FAQ,04/10/2021,1200,1400,1300,24
Maharashtra,Pune,Pune(Khadiki),Potato,Other,FAQ,09/10/2021,1200,1400,1300,24
Maharashtra,Pune,Pune(Khadiki),Potato,Other,FAQ,23/10/2021,1200,1300,1250,24
Maharashtra,Pune,Pune(Khadiki),Potato,Other,FAQ,25/10/2021,1200,1300,1250,24
Maharashtra,Pune,Pune(Khadiki),Potato,Other,FAQ,31/10/2021,1200,1300,1250,24
Maharashtra,Pune,Pune(Khadiki),Potato,Other,FAQ,03/11/2021,1200,1500,1350,24
Maharashtra,Pune,Pune(Khadiki),Potato,Other,FAQ,07/11/2021,1300,1400,1350,24
Maharashtra,Pune,Pune(Khadiki),Potato,Other,FAQ,09/11/2021,1200,1400,1300,24
Maharashtra,Pune,Pune(Khadiki),Potato,Other,FAQ,11/11/2021,1200,1400,1300,24
Maharashtra,Pune,Pune(Khadiki),Potato,Other,FAQ,14/11/2021,1200,1400,1300,24
Maharashtra,Pune,Pune(Khadiki),Potato,Other,FAQ,21/11/2021,1200,1400,1300,24
Maharashtra,Pune,Pune(Khadiki),Potato,Other,FAQ,25/11/2021,1300,1400,1350,24
Maharashtra,Pune,Pune(Khadiki),Potato,Other,FAQ,26/11/2021,1200,1400,1300,24
Maharashtra,Pune,Pune(Khadiki),Potato,Other,FAQ,29/11/2021,1200,1400,1300,24
Maharashtra,Pune,Pune(Khadiki),Potato,Other,FAQ,03/12/2021,1400,1600,1500,24
Maharashtra,Pune,Pune(Khadiki),Potato,Other,FAQ,07/12/2021,1200,1200,1200,24
Maharashtra,Pune,Pune(Khadiki),Potato,Other,FAQ,14/12/2021,1200,1400,1300,24
Maharashtra,Pune,Pune(Khadiki),Potato,Other,FAQ,24/12/2021,1200,1300,1250,24
Maharashtra,Pune,Pune(Khadiki),Potato,Other,FAQ,30/12/2021,1200,1300,1250,24
Maharashtra,Pune,Pune(Khadiki),Potato,Local,FAQ,04/01/2025,1800,2000,1900,24
Maharashtra,Pune,Pune(Khadiki),Potato,Local,FAQ,08/01/2025,1600,1800,1700,24
Maharashtra,Pune,Pune(Khadiki),Potato,Local,FAQ,15/01/2025,1500,1800,1650,24
Maharashtra,Pune,Pune(Khadiki),Potato,Local,FAQ,19/01/2025,1400,1600,1500,24
Maharashtra,Pune,Pune(Khadiki),Potato,Other,FAQ,01/01/2022,1300,1400,1350,24
Maharashtra,Pune,Pune(Khadiki),Potato,Other,FAQ,03/01/2022,1200,1400,1300,24
Maharashtra,Pune,Pune(Khadiki),Potato,Other,FAQ,09/01/2022,1200,1200,1200,24
Maharashtra,Pune,Pune(Khadiki),Potato,Other,FAQ,11/01/2022,1200,1300,1250,24
Maharashtra,Pune,Pune(Khadiki),Potato,Other,FAQ,16/01/2022,1200,1300,1250,24
Maharashtra,Pune,Pune(Khadiki),Potato,Other,FAQ,20/01/2022,1200,1400,1300,24
Maharashtra,Pune,Pune(Khadiki),Potato,Other,FAQ,03/02/2022,1000,1500,1250,24
Maharashtra,Pune,Pune(Khadiki),Potato,Other,FAQ,05/02/2022,1000,1300,1150,24
Maharashtra,Pune,Pune(Khadiki),Potato,Other,FAQ,11/02/2022,1000,1300,1150,24
Maharashtra,Pune,Pune(Khadiki),Potato,Other,FAQ,18/02/2022,1200,1400,1300,24
Maharashtra,Pune,Pune(Khadiki),Potato,Other,FAQ,19/02/2022,1000,1300,1150,24
Maharashtra,Pune,Pune(Khadiki),Potato,Other,FAQ,01/03/2022,1000,1500,1250,24
Maharashtra,Pune,Pune(Khadiki),Potato,Other,FAQ,09/03/2022,1200,1400,1300,24
Maharashtra,Pune,Pune(Khadiki),Potato,Other,FAQ,10/03/2022,1200,1400,1300,24
Maharashtra,Pune,Pune(Khadiki),Potato,Other,FAQ,14/03/2022,1200,1400,1300,24
Maharashtra,Pune,Pune(Khadiki),Potato,Other,FAQ,16/03/2022,1100,1400,1250,24
Maharashtra,Pune,Pune(Khadiki),Potato,Other,FAQ,18/03/2022,1200,1300,1250,24
Maharashtra,Pune,Pune(Khadiki),Potato,Other,FAQ,26/03/2022,1200,1400,1300,24
Maharashtra,Pune,Pune(Khadiki),Potato,Other,FAQ,03/04/2022,1000,1300,1150,24
Maharashtra,Pune,Pune(Khadiki),Potato,Other,FAQ,09/04/2022,1200,1600,1400,24
Maharashtra,Pune,Pune(Khadiki),Potato,Other,FAQ,10/04/2022,1000,1400,1200,24
Maharashtra,Pune,Pune(Khadiki),Potato,Other,FAQ,18/04/2022,1000,1400,1200,24
Maharashtra,Pune,Pune(Khadiki),Potato,Other,FAQ,12/05/2022,1200,1400,1300,24
Maharashtra,Pune,Pune(Khadiki),Potato,Other,FAQ,19/05/2022,1200,1400,1300,24
Maharashtra,Pune,Pune(Khadiki),Potato,Other,FAQ,20/05/2022,1200,1500,1350,24
Maharashtra,Pune,Pune(Khadiki),Potato,Other,FAQ,24/05/2022,1200,1500,1350,24
Maharashtra,Pune,Pune(Khadiki),Potato,Other,FAQ,25/05/2022,1200,1400,1300,24
Maharashtra,Pune,Pune(Khadiki),Potato,Other,FAQ,26/05/2022,1200,1400,1300,24
Maharashtra,Pune,Pune(Khadiki),Potato,Other,FAQ,28/05/2022,1200,1400,1300,24
Maharashtra,Pune,Pune(Khadiki),Potato,Other,FAQ,14/06/2022,1400,1600,1500,24
Maharashtra,Pune,Pune(Khadiki),Potato,Other,FAQ,17/06/2022,1400,1500,1450,24
Maharashtra,Pune,Pune(Khadiki),Potato,Other,FAQ,19/06/2022,1200,1500,1350,24
Maharashtra,Pune,Pune(Khadiki),Potato,Other,FAQ,23/06/2022,1300,1500,1400,24
Maharashtra,Pune,Pune(Khadiki),Potato,Other,FAQ,27/06/2022,1400,1500,1450,24
Maharashtra,Pune,Pune(Khadiki),Potato,Other,FAQ,03/07/2022,1300,1400,1350,24
Maharashtra,Pune,Pune(Khadiki),Potato,Other,FAQ,12/07/2022,1300,1600,1450,24
Maharashtra,Pune,Pune(Khadiki),Potato,Other,FAQ,26/07/2022,1200,1400,1300,24
Maharashtra,Pune,Pune(Khadiki),Potato,Other,FAQ,31/07/2022,1300,1500,1400,24
Maharashtra,Pune,Pune(Khadiki),Potato,Other,FAQ,01/08/2022,1300,1300,1300,24
Maharashtra,Pune,Pune(Khadiki),Potato,Other,FAQ,03/08/2022,1300,1700,1500,24
Maharashtra,Pune,Pune(Khadiki),Potato,Other,FAQ,04/08/2022,1300,1300,1300,24
Maharashtra,Pune,Pune(Khadiki),Potato,Other,FAQ,09/08/2022,1300,1500,1400,24
Maharashtra,Pune,Pune(Khadiki),Potato,Other,FAQ,12/08/2022,1400,1400,1400,24
Maharashtra,Pune,Pune(Khadiki),Potato,Other,FAQ,16/08/2022,1400,1500,1450,24
Maharashtra,Pune,Pune(Khadiki),Potato,Other,FAQ,19/08/2022,1500,1600,1550,24
Maharashtra,Pune,Pune(Khadiki),Potato,Other,FAQ,23/08/2022,1500,1800,1550,24
Maharashtra,Pune,Pune(Khadiki),Potato,Other,FAQ,24/08/2022,1500,1600,1550,24
Maharashtra,Pune,Pune(Khadiki),Potato,Other,FAQ,04/09/2022,1400,1600,1500,24
Maharashtra,Pune,Pune(Khadiki),Potato,Other,FAQ,15/09/2022,1400,1600,1500,24
Maharashtra,Pune,Pune(Khadiki),Potato,Other,FAQ,28/09/2022,1400,1500,1450,24
Maharashtra,Pune,Pune(Khadiki),Potato,Other,FAQ,04/10/2022,1400,1600,1500,24
Maharashtra,Pune,Pune(Khadiki),Potato,Other,FAQ,09/10/2022,1600,1600,1600,24
Maharashtra,Pune,Pune(Khadiki),Potato,Other,FAQ,10/10/2022,1400,1600,1500,24
Maharashtra,Pune,Pune(Khadiki),Potato,Other,FAQ,12/10/2022,1400,1600,1500,24
Maharashtra,Pune,Pune(Khadiki),Potato,Other,FAQ,13/10/2022,1500,1500,1500,24
Maharashtra,Pune,Pune(Khadiki),Potato,Other,FAQ,14/10/2022,1600,1600,1600,24
Maharashtra,Pune,Pune(Khadiki),Potato,Other,FAQ,17/10/2022,1500,1600,1550,24
Maharashtra,Pune,Pune(Khadiki),Potato,Other,FAQ,22/10/2022,1600,1600,1600,24
Maharashtra,Pune,Pune(Khadiki),Potato,Other,FAQ,02/11/2022,1700,2000,1850,24
Maharashtra,Pune,Pune(Khadiki),Potato,Other,FAQ,15/11/2022,1600,1800,1700,24
Maharashtra,Pune,Pune(Khadiki),Potato,Other,FAQ,16/11/2022,1600,1600,1600,24
Maharashtra,Pune,Pune(Khadiki),Potato,Other,FAQ,20/11/2022,1700,1700,1700,24
Maharashtra,Pune,Pune(Khadiki),Potato,Other,FAQ,26/11/2022,1800,1800,1800,24
Maharashtra,Pune,Pune(Khadiki),Potato,Other,FAQ,05/12/2022,1500,1600,1550,24
Maharashtra,Pune,Pune(Khadiki),Potato,Other,FAQ,07/12/2022,1400,1500,1450,24
Maharashtra,Pune,Pune(Khadiki),Potato,Other,FAQ,16/12/2022,1400,1400,1400,24
Maharashtra,Pune,Pune(Khadiki),Potato,Other,FAQ,19/12/2022,1600,1600,1600,24
Maharashtra,Pune,Pune(Khadiki),Potato,Other,FAQ,20/12/2022,1500,1500,1500,24
Maharashtra,Pune,Pune(Khadiki),Potato,Other,FAQ,25/12/2022,1400,1600,1500,24
Maharashtra,Pune,Pune(Khadiki),Potato,Other,FAQ,28/12/2022,1400,1400,1400,24
Maharashtra,Pune,Pune(Khadiki),Potato,Other,FAQ,31/12/2022,1500,1500,1500,24
Maharashtra,Pune,Pune(Khadiki),Potato,Local,FAQ,20/09/2024,2000,2400,2200,24
Maharashtra,Pune,Pune(Khadiki),Potato,Local,FAQ,05/09/2024,2000,2400,2200,24
Maharashtra,Pune,Pune(Khadiki),Potato,Local,FAQ,24/09/2024,2000,2400,2200,24
Maharashtra,Pune,Pune(Khadiki),Potato,Local,FAQ,26/09/2024,2000,2400,2200,24
Maharashtra,Pune,Pune(Khadiki),Potato,Local,FAQ,03/05/2024,1600,1600,1600,24
Maharashtra,Pune,Pune(Khadiki),Potato,Local,FAQ,16/05/2024,1500,1700,1600,24
Maharashtra,Pune,Pune(Khadiki),Potato,Local,FAQ,11/05/2024,1500,1700,1600,24
Maharashtra,Pune,Pune(Khadiki),Potato,Local,Local,08/03/2025,700,1300,1000,24
Maharashtra,Pune,Pune(Khadiki),Potato,Local,Local,31/03/2025,600,1300,950,24
Maharashtra,Pune,Pune(Khadiki),Potato,Local,Local,05/03/2025,800,1300,1050,24
Maharashtra,Pune,Pune(Khadiki),Potato,Local,Local,06/03/2025,700,1400,1050,24
Maharashtra,Pune,Pune(Khadiki),Potato,Local,Local,25/03/2025,700,1300,1000,24
Maharashtra,Pune,Pune(Khadiki),Potato,Local,FAQ,25/10/2024,2000,2400,2200,24
Maharashtra,Pune,Pune(Khadiki),Potato,Local,FAQ,14/10/2024,2000,2400,2200,24
Maharashtra,Pune,Pune(Khadiki),Potato,Local,FAQ,11/12/2024,2000,2400,2200,24
Maharashtra,Pune,Pune(Khadiki),Potato,Local,FAQ,12/12/2024,2000,2300,2150,24
Maharashtra,Pune,Pune(Khadiki),Potato,Local,FAQ,13/12/2024,2000,2400,2200,24
Maharashtra,Pune,Pune(Khadiki),Potato,Local,FAQ,21/12/2024,1600,2200,1900,24
Maharashtra,Pune,Pune(Khadiki),Potato,Local,FAQ,22/12/2024,1800,2200,2000,24
Maharashtra,Pune,Pune(Khadiki),Potato,Local,FAQ,28/12/2024,1800,2200,2000,24
Maharashtra,Pune,Pune(Khadiki),Potato,Local,FAQ,29/12/2024,1800,2000,1900,24
Maharashtra,Pune,Pune(Khadiki),Potato,Local,FAQ,31/12/2024,1800,2000,1900,24
Maharashtra,Pune,Pune(Khadiki),Potato,Local,FAQ,05/06/2023,1400,1400,1400,24
Maharashtra,Pune,Pune(Khadiki),Potato,Local,FAQ,11/06/2023,1200,1400,1300,24
Maharashtra,Pune,Pune(Khadiki),Potato,Local,FAQ,12/06/2023,1300,1600,1450,24
Maharashtra,Pune,Pune(Khadiki),Potato,Local,FAQ,13/06/2023,1200,1400,1300,24
Maharashtra,Pune,Pune(Khadiki),Potato,Local,FAQ,14/06/2023,1200,1400,1300,24
Maharashtra,Pune,Pune(Khadiki),Potato,Local,FAQ,21/06/2023,1400,1400,1400,24
Maharashtra,Pune,Pune(Khadiki),Potato,Local,FAQ,23/06/2023,1400,1400,1400,24
Maharashtra,Pune,Pune(Khadiki),Potato,Local,FAQ,25/06/2023,1400,1400,1400,24
Maharashtra,Pune,Pune(Khadiki),Potato,Local,FAQ,02/07/2023,1200,1400,1300,24
Maharashtra,Pune,Pune(Khadiki),Potato,Local,FAQ,07/07/2023,1400,1400,1400,24
Maharashtra,Pune,Pune(Khadiki),Potato,Local,FAQ,13/07/2023,1200,1500,1350,24
Maharashtra,Pune,Pune(Khadiki),Potato,Local,FAQ,20/07/2023,1200,1400,1300,24
Maharashtra,Pune,Pune(Khadiki),Potato,Local,FAQ,22/07/2023,1200,1600,1400,24
Maharashtra,Pune,Pune(Khadiki),Potato,Local,FAQ,25/07/2023,1000,1600,1300,24
Maharashtra,Pune,Pune(Khadiki),Potato,Local,FAQ,26/07/2023,1200,1600,1400,24
Maharashtra,Pune,Pune(Khadiki),Potato,Local,FAQ,30/07/2023,1300,1600,1450,24
Maharashtra,Pune,Pune(Khadiki),Potato,Local,FAQ,31/07/2023,1400,1600,1500,24
Maharashtra,Pune,Pune(Khadiki),Potato,Local,FAQ,01/08/2023,1400,1600,1500,24
Maharashtra,Pune,Pune(Khadiki),Potato,Local,FAQ,04/08/2023,1400,1600,1500,24
Maharashtra,Pune,Pune(Khadiki),Potato,Local,FAQ,09/08/2023,1600,1600,1600,24
Maharashtra,Pune,Pune(Khadiki),Potato,Local,FAQ,10/08/2023,1400,1600,1500,24
Maharashtra,Pune,Pune(Khadiki),Potato,Local,FAQ,13/08/2023,1600,1600,1600,24
Maharashtra,Pune,Pune(Khadiki),Potato,Local,FAQ,18/08/2023,1400,1600,1500,24
Maharashtra,Pune,Pune(Khadiki),Potato,Local,FAQ,01/09/2023,1200,1500,1350,24
Maharashtra,Pune,Pune(Khadiki),Potato,Local,FAQ,09/09/2023,1400,1600,1500,24
Maharashtra,Pune,Pune(Khadiki),Potato,Local,FAQ,15/09/2023,1400,1600,1500,24
Maharashtra,Pune,Pune(Khadiki),Potato,Local,FAQ,19/09/2023,1400,1600,1500,24
Maharashtra,Pune,Pune(Khadiki),Potato,Local,FAQ,21/09/2023,1400,1600,1500,24
Maharashtra,Pune,Pune(Khadiki),Potato,Local,FAQ,25/09/2023,1400,1600,1500,24
Maharashtra,Pune,Pune(Khadiki),Potato,Local,FAQ,30/09/2023,1400,1700,1550,24
Maharashtra,Pune,Pune(Khadiki),Potato,Local,FAQ,02/10/2023,1400,1600,1500,24
Maharashtra,Pune,Pune(Khadiki),Potato,Local,FAQ,03/10/2023,1200,1600,1400,24
Maharashtra,Pune,Pune(Khadiki),Potato,Local,FAQ,04/10/2023,1400,1600,1500,24
Maharashtra,Pune,Pune(Khadiki),Potato,Local,FAQ,18/10/2023,1400,1600,1500,24
Maharashtra,Pune,Pune(Khadiki),Potato,Local,FAQ,23/10/2023,1400,1600,1500,24
Maharashtra,Pune,Pune(Khadiki),Potato,Local,FAQ,26/10/2023,1400,1600,1500,24
Maharashtra,Pune,Pune(Khadiki),Potato,Local,FAQ,15/11/2023,1400,1600,1500,24
Maharashtra,Pune,Pune(Khadiki),Potato,Local,FAQ,17/11/2023,1300,1500,1400,24
Maharashtra,Pune,Pune(Khadiki),Potato,Local,FAQ,18/11/2023,1400,1600,1500,24
Maharashtra,Pune,Pune(Khadiki),Potato,Local,FAQ,19/11/2023,1400,1600,1500,24
Maharashtra,Pune,Pune(Khadiki),Potato,Local,FAQ,20/11/2023,1400,1600,1500,24
Maharashtra,Pune,Pune(Khadiki),Potato,Local,FAQ,25/11/2023,1400,1600,1500,24
Maharashtra,Pune,Pune(Khadiki),Potato,Local,FAQ,26/11/2023,1400,1600,1500,24
Maharashtra,Pune,Pune(Khadiki),Potato,Local,FAQ,29/11/2023,1300,1600,1450,24
Maharashtra,Pune,Pune(Khadiki),Potato,Local,FAQ,30/11/2023,1400,1600,1500,24
Maharashtra,Pune,Pune(Khadiki),Potato,Local,FAQ,16/12/2023,1200,1400,1300,24
Maharashtra,Pune,Pune(Khadiki),Potato,Local,FAQ,24/12/2023,1200,1400,1300,24
Maharashtra,Pune,Pune(Khadiki),Potato,Other,FAQ,06/01/2023,1500,1600,1550,24
Maharashtra,Pune,Pune(Khadiki),Potato,Other,FAQ,15/01/2023,1500,1500,1500,24
Maharashtra,Pune,Pune(Khadiki),Potato,Other,FAQ,17/01/2023,1500,1500,1500,24
Maharashtra,Pune,Pune(Khadiki),Potato,Other,FAQ,23/01/2023,1600,1600,1600,24
Maharashtra,Pune,Pune(Khadiki),Potato,Other,FAQ,25/01/2023,1500,1500,1500,24
Maharashtra,Pune,Pune(Khadiki),Potato,Other,FAQ,29/01/2023,1600,1600,1600,24
Maharashtra,Pune,Pune(Khadiki),Potato,Other,FAQ,03/02/2023,1400,1600,1500,24
Maharashtra,Pune,Pune(Khadiki),Potato,Other,FAQ,06/02/2023,1400,1500,1450,24
Maharashtra,Pune,Pune(Khadiki),Potato,Other,FAQ,20/02/2023,1000,1300,1150,24
Maharashtra,Pune,Pune(Khadiki),Potato,Other,FAQ,23/02/2023,800,1200,1000,24
Maharashtra,Pune,Pune(Khadiki),Potato,Other,FAQ,25/02/2023,800,1200,1000,24
Maharashtra,Pune,Pune(Khadiki),Potato,Other,FAQ,27/02/2023,800,1200,1000,24
Maharashtra,Pune,Pune(Khadiki),Potato,Other,FAQ,28/02/2023,1200,1200,1200,24
Maharashtra,Pune,Pune(Khadiki),Potato,Other,FAQ,07/03/2023,900,1200,1050,24
Maharashtra,Pune,Pune(Khadiki),Potato,Other,FAQ,16/03/2023,800,1200,1000,24
Maharashtra,Pune,Pune(Khadiki),Potato,Other,FAQ,24/03/2023,1000,1200,1150,24
Maharashtra,Pune,Pune(Khadiki),Potato,Other,FAQ,30/03/2023,1200,1200,1200,24
Maharashtra,Pune,Pune(Khadiki),Potato,Other,FAQ,31/03/2023,1000,1200,1100,24
Maharashtra,Pune,Pune(Khadiki),Potato,Other,FAQ,06/04/2023,1200,1200,1200,24
Maharashtra,Pune,Pune(Khadiki),Potato,Other,FAQ,07/04/2023,800,1200,1000,24
Maharashtra,Pune,Pune(Khadiki),Potato,Other,FAQ,13/04/2023,1000,1200,1100,24
Maharashtra,Pune,Pune(Khadiki),Potato,Other,FAQ,16/04/2023,1200,1200,1200,24
Maharashtra,Pune,Pune(Khadiki),Potato,Other,FAQ,18/04/2023,1200,1200,1200,24
Maharashtra,Pune,Pune(Khadiki),Potato,Other,FAQ,23/04/2023,1000,1300,1150,24
Maharashtra,Pune,Pune(Khadiki),Potato,Other,FAQ,26/04/2023,1000,1400,1200,24
Maharashtra,Pune,Pune(Khadiki),Potato,Other,FAQ,04/05/2023,1000,1300,1150,24
Maharashtra,Pune,Pune(Khadiki),Potato,Other,FAQ,05/05/2023,1000,1300,1150,24
Maharashtra,Pune,Pune(Khadiki),Potato,Other,FAQ,13/05/2023,1200,1200,1200,24
Maharashtra,Pune,Pune(Khadiki),Potato,Other,FAQ,20/05/2023,1000,1400,1200,24
Maharashtra,Pune,Pune(Khadiki),Potato,Other,FAQ,26/05/2023,1100,1300,1200,24
Maharashtra,Pune,Pune(Khadiki),Potato,Local,Local,02/02/2025,1000,1600,1300,24
Maharashtra,Pune,Pune(Khadiki),Potato,Local,Local,07/02/2025,1000,1500,1250,24
Maharashtra,Pune,Pune(Khadiki),Potato,Local,Local,13/02/2025,700,1400,1050,24
Maharashtra,Pune,Pune(Khadiki),Potato,Local,Local,15/02/2025,700,1300,1000,24
Maharashtra,Pune,Pune(Khadiki),Potato,Local,Local,16/02/2025,1000,1500,1250,24
Maharashtra,Pune,Pune(Khadiki),Potato,Local,Local,21/02/2025,700,1300,1000,24
Maharashtra,Pune,Pune(Khadiki),Potato,Local,Local,25/02/2025,700,1300,1000,24
Maharashtra,Pune,Pune(Khadiki),Potato,Local,Local,18/06/2025,1200,1600,1400,24
Maharashtra,Pune,Pune(Khadiki),Potato,Local,Local,19/06/2025,1200,1400,1300,24
Maharashtra,Pune,Pune(Khadiki),Potato,Local,Local,20/06/2025,1300,1600,1450,24
Maharashtra,Pune,Pune(Khadiki),Potato,Local,Local,29/06/2025,1300,1700,1400,24
Maharashtra,Pune,Pune(Khadiki),Potato,Local,Local,06/06/2025,1200,1600,1400,24
Maharashtra,Pune,Pune(Khadiki),Potato,Local,Local,03/07/2025,1300,1500,1400,24
Maharashtra,Pune,Pune(Khadiki),Potato,Local,Local,06/07/2025,1200,1600,1400,24
Maharashtra,Pune,Pune(Khadiki),Potato,Local,Local,08/07/2025,1200,1600,1400,24
Maharashtra,Pune,Pune(Khadiki),Potato,Local,Local,18/07/2025,1200,1500,1350,24
Maharashtra,Pune,Pune(Khadiki),Potato,Local,Local,19/07/2025,1200,1500,1350,24
Maharashtra,Pune,Pune(Khadiki),Potato,Local,Local,28/07/2025,1300,1500,1400,24
Maharashtra,Pune,Pune(Khadiki),Potato,Local,Local,31/07/2025,1200,1500,1400,24
Maharashtra,Pune,Pune(Khadiki),Potato,Local,Local,02/04/2025,700,1300,1000,24
Maharashtra,Pune,Pune(Khadiki),Potato,Local,Local,05/04/2025,700,1300,1000,24
Maharashtra,Pune,Pune(Khadiki),Potato,Local,Local,12/04/2025,700,1300,1000,24
Maharashtra,Pune,Pune(Khadiki),Potato,Local,Local,21/04/2025,1000,1300,1150,24
Maharashtra,Pune,Pune(Khadiki),Potato,Local,FAQ,16/10/2024,1800,2200,2000,24
Maharashtra,Pune,Pune(Khadiki),Potato,Local,FAQ,26/10/2024,1700,2300,2000,24
Maharashtra,Pune,Pune(Khadiki),Potato,Local,FAQ,05/11/2024,1800,2200,2000,24
Maharashtra,Pune,Pune(Khadiki),Potato,Local,FAQ,06/11/2024,1800,2200,2000,24
Maharashtra,Pune,Pune(Khadiki),Potato,Local,FAQ,23/11/2024,2000,2400,2200,24
Maharashtra,Pune,Pune(Khadiki),Potato,Local,FAQ,26/11/2024,2000,2400,2200,24
Maharashtra,Pune,Pune(Khadiki),Potato,Local,Local,04/05/2025,1000,1400,1200,24
Maharashtra,Pune,Pune(Khadiki),Potato,Local,Local,07/05/2025,1000,1400,1200,24
Maharashtra,Pune,Pune(Khadiki),Potato,Local,Local,13/05/2025,1000,1400,1200,24
Maharashtra,Pune,Pune(Khadiki),Potato,Local,Local,15/05/2025,1000,1600,1300,24
Maharashtra,Pune,Pune(Khadiki),Potato,Local,Local,18/05/2025,1000,1400,1200,24
Maharashtra,Pune,Pune(Khadiki),Potato,Local,Local,22/05/2025,1200,1500,1350,24
Maharashtra,Pune,Pune(Khadiki),Potato,Local,Local,28/05/2025,1200,1600,1400,24
Maharashtra,Pune,Pune(Khadiki),Potato,Local,Local,05/09/2025,1000,1300,1150,24
Maharashtra,Pune,Pune(Khadiki),Potato,Local,Local,15/09/2025,1000,1300,1150,24
Maharashtra,Pune,Pune(Khadiki),Potato,Local,Local,19/09/2025,1100,1500,1300,24
Maharashtra,Pune,Pune(Khadiki),Potato,Local,Local,20/09/2025,1200,1500,1350,24
Maharashtra,Pune,Pune(Khadiki),Potato,Local,Local,25/09/2025,1000,1500,1250,24
Maharashtra,Pune,Pune(Khadiki),Potato,Local,Local,03/10/2025,1100,1200,1150,24
Maharashtra,Pune,Pune(Khadiki),Potato,Local,Local,14/10/2025,1100,1200,1150,24
Maharashtra,Pune,Pune(Khadiki),Potato,Local,Local,22/10/2025,800,1200,1000,24
Maharashtra,Pune,Pune(Khadiki),Potato,Local,Local,08/10/2025,1000,1300,1150,24
Maharashtra,Pune,Pune(Khadiki),Potato,Local,Local,17/10/2025,700,1100,900,24
Maharashtra,Pune,Pune(Khadiki),Potato,Local,Local,05/08/2025,1200,1400,1300,24
Maharashtra,Pune,Pune(Khadiki),Potato,Local,Local,06/08/2025,1200,1400,1300,24
Maharashtra,Pune,Pune(Khadiki),Potato,Local,Local,22/08/2025,1000,1300,1150,24
Maharashtra,Pune,Pune(Khadiki),Potato,Local,Local,26/08/2025,800,1200,1000,24
Maharashtra,Pune,Pune(Khadiki),Potato,Local,Local,30/08/2025,900,1300,1100,24
Maharashtra,Pune,Pune(Khadiki),Potato,Local,Local,24/08/2025,1000,1300,1150,24
Maharashtra,Pune,Pune(Khadiki),Potato,Local,Local,29/08/2025,1000,1300,1150,24
Maharashtra,Pune,Pune(Khadiki),Potato,Local,Local,04/02/2025,1000,1600,1300,24
Maharashtra,Pune,Pune(Khadiki),Potato,Local,Local,19/02/2025,700,1300,1000,24
Maharashtra,Pune,Pune(Khadiki),Potato,Local,Local,26/02/2025,700,1300,1000,24
Maharashtra,Pune,Pune(Khadiki),Potato,Local,FAQ,06/09/2024,2000,2600,2300,24
Maharashtra,Pune,Pune(Khadiki),Potato,Local,FAQ,29/09/2024,2000,2400,2200,24
Maharashtra,Pune,Pune(Khadiki),Potato,Local,FAQ,01/09/2024,2000,2400,2200,24
Maharashtra,Pune,Pune(Khadiki),Potato,Local,FAQ,25/09/2024,2000,2300,2150,24
Maharashtra,Pune,Pune(Khadiki),Potato,Local,FAQ,07/12/2024,2000,2400,2200,24
Maharashtra,Pune,Pune(Khadiki),Potato,Local,FAQ,27/12/2024,1800,2000,1900,24
Maharashtra,Pune,Pune(Khadiki),Potato,Local,FAQ,06/01/2025,1600,2000,1800,24
Maharashtra,Pune,Pune(Khadiki),Potato,Local,FAQ,10/01/2025,1600,1800,1700,24
Maharashtra,Pune,Pune(Khadiki),Potato,Local,FAQ,12/01/2025,1400,1800,1600,24
Maharashtra,Pune,Pune(Khadiki),Potato,Local,FAQ,20/01/2025,1400,1800,1600,24
Maharashtra,Pune,Pune(Khadiki),Potato,Local,FAQ,24/01/2025,1500,1800,1650,24
Maharashtra,Pune,Pune(Khadiki),Potato,Local,FAQ,30/10/2024,1800,2200,2000,24
Maharashtra,Pune,Pune(Khadiki),Potato,Local,FAQ,07/10/2024,2000,2300,2150,24
Maharashtra,Pune,Pune(Khadiki),Potato,Local,FAQ,29/10/2024,1800,2200,2000,24
Maharashtra,Pune,Pune(Khadiki),Potato,Local,FAQ,30/08/2024,2000,2300,2150,24
Maharashtra,Pune,Pune(Khadiki),Potato,Local,FAQ,31/08/2024,2000,2300,2150,24
Maharashtra,Pune,Pune(Khadiki),Potato,Local,FAQ,02/08/2024,1800,2200,2000,24
Maharashtra,Pune,Pune(Khadiki),Potato,Local,FAQ,19/08/2024,2000,2400,2200,24
Maharashtra,Pune,Pune(Khadiki),Potato,Local,FAQ,26/08/2024,2400,2400,2400,24
Maharashtra,Pune,Pune(Khadiki),Potato,Local,FAQ,27/08/2024,2000,2400,2200,24
Maharashtra,Pune,Pune(Khadiki),Potato,Local,FAQ,13/10/2024,2000,2400,2200,24
Maharashtra,Pune,Pune(Khadiki),Potato,Local,FAQ,24/10/2024,2000,2300,2150,24
Maharashtra,Pune,Pune(Khadiki),Potato,Local,FAQ,11/11/2024,2000,2400,2200,24
Maharashtra,Pune,Pune(Khadiki),Potato,Local,FAQ,12/11/2024,2000,2300,2150,24
Maharashtra,Pune,Pune(Khadiki),Potato,Local,FAQ,15/11/2024,2000,2400,2200,24
Maharashtra,Pune,Pune(Khadiki),Potato,Local,FAQ,03/11/2024,2000,2400,2200,24
Maharashtra,Pune,Pune(Khadiki),Potato,Local,FAQ,08/11/2024,2000,2400,2200,24
Maharashtra,Pune,Pune(Khadiki),Potato,Local,FAQ,07/09/2024,2000,2400,2200,24
Maharashtra,Pune,Pune(Khadiki),Potato,Local,FAQ,13/09/2024,2000,2400,2200,24
Maharashtra,Pune,Pune(Khadiki),Potato,Local,FAQ,04/05/2024,1800,1800,1800,24
Maharashtra,Pune,Pune(Khadiki),Potato,Local,FAQ,08/05/2024,1700,1700,1700,24
Maharashtra,Pune,Pune(Khadiki),Potato,Local,FAQ,12/05/2024,1500,1700,1600,24
Maharashtra,Pune,Pune(Khadiki),Potato,Local,FAQ,14/05/2024,1500,1700,1600,24
Maharashtra,Pune,Pune(Khadiki),Potato,Local,FAQ,17/05/2024,1700,1700,1700,24
Maharashtra,Pune,Pune(Khadiki),Potato,Local,FAQ,19/05/2024,1600,2000,1800,24
Maharashtra,Pune,Pune(Khadiki),Potato,Local,FAQ,22/05/2024,1600,1800,1700,24
Maharashtra,Pune,Pune(Khadiki),Potato,Local,FAQ,26/05/2024,1600,2000,1800,24
Maharashtra,Pune,Pune(Khadiki),Potato,Local,FAQ,28/05/2024,1600,2000,1800,24
Maharashtra,Pune,Pune(Khadiki),Potato,Local,FAQ,01/06/2024,2200,2200,2200,24
Maharashtra,Pune,Pune(Khadiki),Potato,Local,FAQ,06/06/2024,1800,2200,2000,24
Maharashtra,Pune,Pune(Khadiki),Potato,Local,FAQ,01/01/2024,1000,1300,1150,24
Maharashtra,Pune,Pune(Khadiki),Potato,Local,FAQ,02/01/2024,1000,1400,1200,24
Maharashtra,Pune,Pune(Khadiki),Potato,Local,FAQ,07/01/2024,1200,1400,1300,24
Maharashtra,Pune,Pune(Khadiki),Potato,Local,FAQ,10/01/2024,1000,1400,1200,24
Maharashtra,Pune,Pune(Khadiki),Potato,Local,FAQ,14/02/2024,1000,1300,1150,24
Maharashtra,Pune,Pune(Khadiki),Potato,Local,FAQ,16/02/2024,1100,1300,1200,24
Maharashtra,Pune,Pune(Khadiki),Potato,Local,FAQ,21/02/2024,1100,1400,1250,24
Maharashtra,Pune,Pune(Khadiki),Potato,Local,FAQ,23/02/2024,1600,1600,1600,24
Maharashtra,Pune,Pune(Khadiki),Potato,Local,FAQ,25/02/2024,1300,1600,1450,24
Maharashtra,Pune,Pune(Khadiki),Potato,Local,FAQ,02/03/2024,1000,1500,1250,24
Maharashtra,Pune,Pune(Khadiki),Potato,Local,FAQ,04/03/2024,1100,1500,1300,24
Maharashtra,Pune,Pune(Khadiki),Potato,Local,FAQ,13/03/2024,1200,1600,1400,24
Maharashtra,Pune,Pune(Khadiki),Potato,Local,FAQ,16/03/2024,1300,1600,1450,24
Maharashtra,Pune,Pune(Khadiki),Potato,Local,FAQ,18/03/2024,1300,1600,1450,24
Maharashtra,Pune,Pune(Khadiki),Potato,Local,FAQ,20/03/2024,1300,1600,1450,24
Maharashtra,Pune,Pune(Khadiki),Potato,Local,FAQ,08/04/2024,1300,1600,1450,24
Maharashtra,Pune,Pune(Khadiki),Potato,Local,FAQ,13/04/2024,1600,1600,1600,24
Maharashtra,Pune,Pune(Khadiki),Potato,Local,FAQ,14/04/2024,1400,1600,1500,24
Maharashtra,Pune,Pune(Khadiki),Potato,Local,FAQ,15/04/2024,1600,1600,1600,24
Maharashtra,Pune,Pune(Khadiki),Potato,Local,FAQ,12/07/2024,2000,2600,2300,24
Maharashtra,Pune,Pune(Khadiki),Potato,Local,FAQ,29/07/2024,2000,2400,2200,24
Maharashtra,Pune,Pune(Khadiki),Potato,Other,FAQ,25/02/2021,1100,1300,1200,24
Maharashtra,Pune,Pune(Khadiki),Potato,Other,FAQ,27/02/2021,1200,1400,1300,24
Maharashtra,Pune,Pune(Khadiki),Potato,Other,FAQ,28/02/2021,1000,1200,1100,24
Maharashtra,Pune,Pune(Khadiki),Potato,Other,FAQ,06/03/2021,1000,1200,1100,24
Maharashtra,Pune,Pune(Khadiki),Potato,Other,FAQ,14/03/2021,800,1100,950,24
Maharashtra,Pune,Pune(Khadiki),Potato,Other,FAQ,16/03/2021,1000,1200,1100,24
Maharashtra,Pune,Pune(Khadiki),Potato,Other,FAQ,27/03/2021,500,1000,750,24
Maharashtra,Pune,Pune(Khadiki),Potato,Other,FAQ,31/03/2021,700,1200,950,24
Maharashtra,Pune,Pune(Khadiki),Potato,Other,FAQ,07/04/2021,900,1200,1050,24
Maharashtra,Pune,Pune(Khadiki),Potato,Other,FAQ,12/04/2021,1000,1300,1150,24
Maharashtra,Pune,Pune(Khadiki),Potato,Other,FAQ,14/04/2021,1200,1400,1300,24
Maharashtra,Pune,Pune(Khadiki),Potato,Other,FAQ,16/04/2021,1100,1300,1200,24
Maharashtra,Pune,Pune(Khadiki),Potato,Other,FAQ,22/04/2021,1000,1200,1100,24
Maharashtra,Pune,Pune(Khadiki),Potato,Other,FAQ,27/04/2021,1400,1600,1500,24
Maharashtra,Pune,Pune(Khadiki),Potato,Other,FAQ,29/04/2021,1100,1300,1200,24
Maharashtra,Pune,Pune(Khadiki),Potato,Other,FAQ,05/05/2021,1350,1500,1400,24
Maharashtra,Pune,Pune(Khadiki),Potato,Other,FAQ,13/05/2021,1300,1500,1400,24
Maharashtra,Pune,Pune(Khadiki),Potato,Other,FAQ,21/05/2021,1400,1600,1500,24
Maharashtra,Pune,Pune(Khadiki),Potato,Other,FAQ,31/05/2021,1400,1600,1500,24
Maharashtra,Pune,Pune(Khadiki),Potato,Other,FAQ,08/06/2021,1400,1600,1500,24
Maharashtra,Pune,Pune(Khadiki),Potato,Other,FAQ,22/06/2021,1300,1500,1400,24
Maharashtra,Pune,Pune(Khadiki),Potato,Other,FAQ,29/06/2021,1300,1500,1400,24
Maharashtra,Pune,Pune(Khadiki),Potato,Other,FAQ,07/07/2021,1500,1500,1500,24
Maharashtra,Pune,Pune(Khadiki),Potato,Other,FAQ,13/07/2021,1400,1600,1500,24
Maharashtra,Pune,Pune(Khadiki),Potato,Other,FAQ,14/07/2021,1400,1500,1450,24
Maharashtra,Pune,Pune(Khadiki),Potato,Other,FAQ,21/07/2021,1400,1400,1400,24
Maharashtra,Pune,Pune(Khadiki),Potato,Other,FAQ,22/07/2021,1200,1400,1300,24
Maharashtra,Pune,Pune(Khadiki),Potato,Other,FAQ,31/07/2021,1300,1300,1300,24
Maharashtra,Pune,Pune(Khadiki),Potato,Other,FAQ,11/08/2021,1300,1800,1450,24
Maharashtra,Pune,Pune(Khadiki),Potato,Other,FAQ,27/08/2021,1000,1400,1200,24
Maharashtra,Pune,Pune(Khadiki),Potato,Other,FAQ,01/09/2021,1200,1300,1250,24
Maharashtra,Pune,Pune(Khadiki),Potato,Other,FAQ,03/09/2021,1400,1500,1450,24
Maharashtra,Pune,Pune(Khadiki),Potato,Other,FAQ,07/09/2021,1200,1300,1250,24
Maharashtra,Pune,Pune(Khadiki),Potato,Other,FAQ,08/09/2021,1200,1600,1400,24
Maharashtra,Pune,Pune(Khadiki),Potato,Other,FAQ,09/09/2021,1300,1300,1300,24
Maharashtra,Pune,Pune(Khadiki),Potato,Other,FAQ,12/09/2021,1200,1200,1200,24
Maharashtra,Pune,Pune(Khadiki),Potato,Other,FAQ,18/09/2021,1100,1200,1150,24
Maharashtra,Pune,Pune(Khadiki),Potato,Other,FAQ,28/09/2021,1200,1400,1300,24
Maharashtra,Pune,Pune(Khadiki),Potato,Other,FAQ,03/10/2021,1300,1300,1300,24
Maharashtra,Pune,Pune(Khadiki),Potato,Other,FAQ,06/10/2021,1200,1300,1250,24
Maharashtra,Pune,Pune(Khadiki),Potato,Other,FAQ,07/10/2021,1000,1600,1300,24
Maharashtra,Pune,Pune(Khadiki),Potato,Other,FAQ,12/10/2021,1000,1400,1200,24
Maharashtra,Pune,Pune(Khadiki),Potato,Other,FAQ,18/11/2021,1200,1400,1300,24
Maharashtra,Pune,Pune(Khadiki),Potato,Other,FAQ,22/11/2021,1300,1500,1400,24
Maharashtra,Pune,Pune(Khadiki),Potato,Other,FAQ,23/11/2021,1300,1600,1450,24
Maharashtra,Pune,Pune(Khadiki),Potato,Other,FAQ,08/12/2021,1200,1600,1400,24
Maharashtra,Pune,Pune(Khadiki),Potato,Other,FAQ,11/12/2021,1000,1400,1200,24
Maharashtra,Pune,Pune(Khadiki),Potato,Other,FAQ,17/12/2021,1200,1400,1300,24
Maharashtra,Pune,Pune(Khadiki),Potato,Other,FAQ,18/12/2021,1200,1500,1350,24
Maharashtra,Pune,Pune(Khadiki),Potato,Other,FAQ,19/12/2021,1200,1200,1200,24
Maharashtra,Pune,Pune(Khadiki),Potato,Other,FAQ,20/12/2021,1000,1500,1250,24
Maharashtra,Pune,Pune(Khadiki),Potato,Other,FAQ,31/12/2021,1200,1400,1300,24
Maharashtra,Pune,Pune(Khadiki),Potato,Local,Local,06/04/2025,700,1400,1050,24
Maharashtra,Pune,Pune(Khadiki),Potato,Local,Local,07/04/2025,700,1300,1000,24
Maharashtra,Pune,Pune(Khadiki),Potato,Local,Local,08/04/2025,600,1300,950,24
Maharashtra,Pune,Pune(Khadiki),Potato,Local,Local,09/04/2025,700,1300,1000,24
Maharashtra,Pune,Pune(Khadiki),Potato,Local,Local,11/04/2025,1000,1400,1200,24
Maharashtra,Pune,Pune(Khadiki),Potato,Local,Local,13/04/2025,1000,1300,1150,24
Maharashtra,Pune,Pune(Khadiki),Potato,Local,Local,20/04/2025,700,1300,1000,24
Maharashtra,Pune,Pune(Khadiki),Potato,Local,Local,24/04/2025,1000,1300,1150,24
Maharashtra,Pune,Pune(Khadiki),Potato,Other,FAQ,04/01/2022,1200,1300,1250,24
Maharashtra,Pune,Pune(Khadiki),Potato,Other,FAQ,05/01/2022,1200,1500,1350,24
Maharashtra,Pune,Pune(Khadiki),Potato,Other,FAQ,24/01/2022,1300,1400,1350,24
Maharashtra,Pune,Pune(Khadiki),Potato,Other,FAQ,28/01/2022,1000,1300,1150,24
Maharashtra,Pune,Pune(Khadiki),Potato,Other,FAQ,30/01/2022,1000,1200,1100,24
Maharashtra,Pune,Pune(Khadiki),Potato,Other,FAQ,31/01/2022,1000,1300,1150,24
Maharashtra,Pune,Pune(Khadiki),Potato,Other,FAQ,04/02/2022,1000,1400,1200,24
Maharashtra,Pune,Pune(Khadiki),Potato,Other,FAQ,15/02/2022,1200,1400,1300,24
Maharashtra,Pune,Pune(Khadiki),Potato,Other,FAQ,16/02/2022,1200,1300,1250,24
Maharashtra,Pune,Pune(Khadiki),Potato,Other,FAQ,17/02/2022,1000,1400,1200,24
Maharashtra,Pune,Pune(Khadiki),Potato,Other,FAQ,22/02/2022,1200,1300,1250,24
Maharashtra,Pune,Pune(Khadiki),Potato,Other,FAQ,23/02/2022,1200,1300,1250,24
Maharashtra,Pune,Pune(Khadiki),Potato,Other,FAQ,25/02/2022,1200,1400,1300,24
Maharashtra,Pune,Pune(Khadiki),Potato,Other,FAQ,26/02/2022,1200,1400,1300,24
Maharashtra,Pune,Pune(Khadiki),Potato,Other,FAQ,06/03/2022,1200,1400,1300,24
Maharashtra,Pune,Pune(Khadiki),Potato,Other,FAQ,07/03/2022,1200,1400,1300,24
Maharashtra,Pune,Pune(Khadiki),Potato,Other,FAQ,22/03/2022,1000,1200,1100,24
Maharashtra,Pune,Pune(Khadiki),Potato,Other,FAQ,23/03/2022,1000,1400,1200,24
Maharashtra,Pune,Pune(Khadiki),Potato,Other,FAQ,25/03/2022,1200,1500,1350,24
Maharashtra,Pune,Pune(Khadiki),Potato,Other,FAQ,02/04/2022,1000,1200,1100,24
Maharashtra,Pune,Pune(Khadiki),Potato,Other,FAQ,04/04/2022,1000,1300,1150,24
Maharashtra,Pune,Pune(Khadiki),Potato,Other,FAQ,06/04/2022,1000,1200,1100,24
Maharashtra,Pune,Pune(Khadiki),Potato,Other,FAQ,08/04/2022,1200,1600,1400,24
Maharashtra,Pune,Pune(Khadiki),Potato,Other,FAQ,17/04/2022,1300,1400,1375,24
Maharashtra,Pune,Pune(Khadiki),Potato,Other,FAQ,22/04/2022,1200,1400,1300,24
Maharashtra,Pune,Pune(Khadiki),Potato,Other,FAQ,24/04/2022,1000,1400,1200,24
Maharashtra,Pune,Pune(Khadiki),Potato,Other,FAQ,25/04/2022,1200,1400,1300,24
Maharashtra,Pune,Pune(Khadiki),Potato,Other,FAQ,30/04/2022,1100,1400,1250,24
Maharashtra,Pune,Pune(Khadiki),Potato,Other,FAQ,03/05/2022,1200,1500,1350,24
Maharashtra,Pune,Pune(Khadiki),Potato,Other,FAQ,30/05/2022,1200,1400,1300,24
Maharashtra,Pune,Pune(Khadiki),Potato,Other,FAQ,05/06/2022,1300,1400,1350,24
Maharashtra,Pune,Pune(Khadiki),Potato,Other,FAQ,09/06/2022,1400,1500,1450,24
Maharashtra,Pune,Pune(Khadiki),Potato,Other,FAQ,12/06/2022,1200,1400,1300,24
Maharashtra,Pune,Pune(Khadiki),Potato,Other,FAQ,13/06/2022,1400,1400,1400,24
Maharashtra,Pune,Pune(Khadiki),Potato,Other,FAQ,20/06/2022,1200,1300,1250,24
Maharashtra,Pune,Pune(Khadiki),Potato,Other,FAQ,08/07/2022,1300,1500,1400,24
Maharashtra,Pune,Pune(Khadiki),Potato,Other,FAQ,17/07/2022,1400,1600,1500,24
Maharashtra,Pune,Pune(Khadiki),Potato,Other,FAQ,19/07/2022,1300,1500,1400,24
Maharashtra,Pune,Pune(Khadiki),Potato,Other,FAQ,05/08/2022,1300,1600,1450,24
Maharashtra,Pune,Pune(Khadiki),Potato,Other,FAQ,25/08/2022,1500,1600,1550,24
Maharashtra,Pune,Pune(Khadiki),Potato,Other,FAQ,26/08/2022,1500,1600,1550,24
Maharashtra,Pune,Pune(Khadiki),Potato,Other,FAQ,08/09/2022,1500,1600,1550,24
Maharashtra,Pune,Pune(Khadiki),Potato,Other,FAQ,09/09/2022,1400,1600,1500,24
Maharashtra,Pune,Pune(Khadiki),Potato,Other,FAQ,18/09/2022,1300,1600,1450,24
Maharashtra,Pune,Pune(Khadiki),Potato,Other,FAQ,25/09/2022,1400,1600,1500,24
Maharashtra,Pune,Pune(Khadiki),Potato,Other,FAQ,19/10/2022,1500,1700,1600,24
Maharashtra,Pune,Pune(Khadiki),Potato,Other,FAQ,21/10/2022,1500,1700,1600,24
Maharashtra,Pune,Pune(Khadiki),Potato,Other,FAQ,23/10/2022,1600,1600,1600,24
Maharashtra,Pune,Pune(Khadiki),Potato,Other,FAQ,26/10/2022,1600,1800,1700,24
Maharashtra,Pune,Pune(Khadiki),Potato,Other,FAQ,28/10/2022,1600,1800,1700,24
Maharashtra,Pune,Pune(Khadiki),Potato,Other,FAQ,30/10/2022,1700,1700,1700,24
Maharashtra,Pune,Pune(Khadiki),Potato,Other,FAQ,05/11/2022,1800,1800,1800,24
Maharashtra,Pune,Pune(Khadiki),Potato,Other,FAQ,09/11/2022,1800,1800,1800,24
Maharashtra,Pune,Pune(Khadiki),Potato,Other,FAQ,12/11/2022,1700,1700,1700,24
Maharashtra,Pune,Pune(Khadiki),Potato,Other,FAQ,17/11/2022,1600,1600,1600,24
Maharashtra,Pune,Pune(Khadiki),Potato,Other,FAQ,19/11/2022,1600,1600,1600,24
Maharashtra,Pune,Pune(Khadiki),Potato,Other,FAQ,28/11/2022,1600,1700,1650,24
Maharashtra,Pune,Pune(Khadiki),Potato,Other,FAQ,02/12/2022,1600,1600,1600,24
Maharashtra,Pune,Pune(Khadiki),Potato,Other,FAQ,03/12/2022,1600,1600,1600,24
Maharashtra,Pune,Pune(Khadiki),Potato,Other,FAQ,04/12/2022,1400,1600,1500,24
Maharashtra,Pune,Pune(Khadiki),Potato,Other,FAQ,09/12/2022,1400,1600,1500,24
Maharashtra,Pune,Pune(Khadiki),Potato,Other,FAQ,14/12/2022,1300,1500,1400,24
Maharashtra,Pune,Pune(Khadiki),Potato,Other,FAQ,23/12/2022,1600,1600,1600,24
Maharashtra,Pune,Pune(Khadiki),Potato,Other,FAQ,26/12/2022,1400,1400,1400,24
Maharashtra,Pune,Pune(Khadiki),Potato,Other,FAQ,29/12/2022,1400,1600,1500,24
Maharashtra,Pune,Pune(Khadiki),Potato,Local,FAQ,02/06/2023,1400,1400,1400,24
Maharashtra,Pune,Pune(Khadiki),Potato,Local,FAQ,03/06/2023,1300,1300,1300,24
Maharashtra,Pune,Pune(Khadiki),Potato,Local,FAQ,06/06/2023,1200,1400,1300,24
Maharashtra,Pune,Pune(Khadiki),Potato,Local,FAQ,09/06/2023,1200,1400,1300,24
Maharashtra,Pune,Pune(Khadiki),Potato,Local,FAQ,15/06/2023,1200,1400,1300,24
Maharashtra,Pune,Pune(Khadiki),Potato,Local,FAQ,18/06/2023,1200,1500,1350,24
Maharashtra,Pune,Pune(Khadiki),Potato,Local,FAQ,20/06/2023,1600,1600,1600,24
Maharashtra,Pune,Pune(Khadiki),Potato,Local,FAQ,22/06/2023,1400,1400,1400,24
Maharashtra,Pune,Pune(Khadiki),Potato,Local,FAQ,28/06/2023,1400,1400,1400,24
Maharashtra,Pune,Pune(Khadiki),Potato,Local,FAQ,29/06/2023,1200,1400,1300,24
Maharashtra,Pune,Pune(Khadiki),Potato,Local,FAQ,04/07/2023,1200,1400,1300,24
Maharashtra,Pune,Pune(Khadiki),Potato,Local,FAQ,10/07/2023,1400,1400,1400,24
Maharashtra,Pune,Pune(Khadiki),Potato,Local,FAQ,12/07/2023,1400,1400,1400,24
Maharashtra,Pune,Pune(Khadiki),Potato,Local,FAQ,14/07/2023,1100,1400,1250,24
Maharashtra,Pune,Pune(Khadiki),Potato,Local,FAQ,15/07/2023,1300,1500,1400,24
Maharashtra,Pune,Pune(Khadiki),Potato,Local,FAQ,16/07/2023,1200,1400,1300,24
Maharashtra,Pune,Pune(Khadiki),Potato,Local,FAQ,19/07/2023,1200,1400,1300,24
Maharashtra,Pune,Pune(Khadiki),Potato,Local,FAQ,23/07/2023,1300,1500,1400,24
Maharashtra,Pune,Pune(Khadiki),Potato,Local,FAQ,19/08/2023,1200,1600,1400,24
Maharashtra,Pune,Pune(Khadiki),Potato,Local,FAQ,21/08/2023,1600,1600,1600,24
Maharashtra,Pune,Pune(Khadiki),Potato,Local,FAQ,22/08/2023,1400,1600,1500,24
Maharashtra,Pune,Pune(Khadiki),Potato,Local,FAQ,24/08/2023,1400,1600,1500,24
Maharashtra,Pune,Pune(Khadiki),Potato,Local,FAQ,25/08/2023,1300,1600,1450,24
Maharashtra,Pune,Pune(Khadiki),Potato,Local,FAQ,26/08/2023,1400,1500,1450,24
Maharashtra,Pune,Pune(Khadiki),Potato,Local,FAQ,29/08/2023,1400,1600,1500,24
Maharashtra,Pune,Pune(Khadiki),Potato,Local,FAQ,30/08/2023,1400,1600,1500,24
Maharashtra,Pune,Pune(Khadiki),Potato,Local,FAQ,31/08/2023,1400,1600,1500,24
Maharashtra,Pune,Pune(Khadiki),Potato,Local,FAQ,03/09/2023,1300,1700,1400,24
Maharashtra,Pune,Pune(Khadiki),Potato,Local,FAQ,06/09/2023,1400,1600,1500,24
Maharashtra,Pune,Pune(Khadiki),Potato,Local,FAQ,07/09/2023,1300,1600,1450,24
Maharashtra,Pune,Pune(Khadiki),Potato,Local,FAQ,08/09/2023,1300,1500,1400,24
Maharashtra,Pune,Pune(Khadiki),Potato,Local,FAQ,12/09/2023,1600,1600,1600,24
Maharashtra,Pune,Pune(Khadiki),Potato,Local,FAQ,17/09/2023,1400,1900,1500,24
Maharashtra,Pune,Pune(Khadiki),Potato,Local,FAQ,18/09/2023,1400,1600,1500,24
Maharashtra,Pune,Pune(Khadiki),Potato,Local,FAQ,20/09/2023,1300,1500,1400,24
Maharashtra,Pune,Pune(Khadiki),Potato,Local,FAQ,27/09/2023,1400,1600,1500,24
Maharashtra,Pune,Pune(Khadiki),Potato,Local,FAQ,05/10/2023,1400,1600,1500,24
Maharashtra,Pune,Pune(Khadiki),Potato,Local,FAQ,06/10/2023,1400,1500,1450,24
Maharashtra,Pune,Pune(Khadiki),Potato,Local,FAQ,08/10/2023,1400,1600,1500,24
Maharashtra,Pune,Pune(Khadiki),Potato,Local,FAQ,09/10/2023,1400,1600,1500,24
Maharashtra,Pune,Pune(Khadiki),Potato,Local,FAQ,11/10/2023,1400,1600,1500,24
Maharashtra,Pune,Pune(Khadiki),Potato,Local,FAQ,15/10/2023,1400,1600,1500,24
Maharashtra,Pune,Pune(Khadiki),Potato,Local,FAQ,24/10/2023,1400,1600,1500,24
Maharashtra,Pune,Pune(Khadiki),Potato,Local,FAQ,03/11/2023,1200,1600,1400,24
Maharashtra,Pune,Pune(Khadiki),Potato,Local,FAQ,06/11/2023,1300,1600,1450,24
Maharashtra,Pune,Pune(Khadiki),Potato,Local,FAQ,08/11/2023,1400,1600,1500,24
Maharashtra,Pune,Pune(Khadiki),Potato,Local,FAQ,09/11/2023,1200,1600,1400,24
Maharashtra,Pune,Pune(Khadiki),Potato,Local,FAQ,11/11/2023,1600,1600,1600,24
Maharashtra,Pune,Pune(Khadiki),Potato,Local,FAQ,23/11/2023,1300,1600,1450,24
Maharashtra,Pune,Pune(Khadiki),Potato,Local,FAQ,04/12/2023,1400,1600,1500,24
Maharashtra,Pune,Pune(Khadiki),Potato,Local,FAQ,08/12/2023,1400,1600,1500,24
Maharashtra,Pune,Pune(Khadiki),Potato,Local,FAQ,11/12/2023,1000,1400,1200,24
Maharashtra,Pune,Pune(Khadiki),Potato,Local,FAQ,12/12/2023,1200,1400,1300,24
Maharashtra,Pune,Pune(Khadiki),Potato,Local,FAQ,14/12/2023,1000,1300,1150,24
Maharashtra,Pune,Pune(Khadiki),Potato,Local,FAQ,15/12/2023,1200,1400,1300,24
Maharashtra,Pune,Pune(Khadiki),Potato,Local,FAQ,23/12/2023,1500,1500,1500,24
Maharashtra,Pune,Pune(Khadiki),Potato,Local,FAQ,25/12/2023,1300,1500,1400,24
Maharashtra,Pune,Pune(Khadiki),Potato,Local,FAQ,27/12/2023,1200,1400,1300,24
Maharashtra,Pune,Pune(Khadiki),Potato,Local,FAQ,31/12/2023,1200,1400,1300,24
Maharashtra,Pune,Pune(Khadiki),Potato,Other,FAQ,01/01/2023,1400,1500,1450,24
Maharashtra,Pune,Pune(Khadiki),Potato,Other,FAQ,11/01/2023,1400,1600,1500,24
Maharashtra,Pune,Pune(Khadiki),Potato,Other,FAQ,12/01/2023,1400,1400,1400,24
Maharashtra,Pune,Pune(Khadiki),Potato,Other,FAQ,14/01/2023,1500,1500,1500,24
Maharashtra,Pune,Pune(Khadiki),Potato,Other,FAQ,05/02/2023,1000,1300,1150,24
Maharashtra,Pune,Pune(Khadiki),Potato,Other,FAQ,10/02/2023,1200,1200,1200,24
Maharashtra,Pune,Pune(Khadiki),Potato,Other,FAQ,19/02/2023,1000,1300,1150,24
Maharashtra,Pune,Pune(Khadiki),Potato,Other,FAQ,06/03/2023,800,1300,1000,24
Maharashtra,Pune,Pune(Khadiki),Potato,Other,FAQ,09/03/2023,1000,1200,1100,24
Maharashtra,Pune,Pune(Khadiki),Potato,Other,FAQ,11/03/2023,1000,1200,1100,24
Maharashtra,Pune,Pune(Khadiki),Potato,Other,FAQ,28/03/2023,1200,1200,1200,24
Maharashtra,Pune,Pune(Khadiki),Potato,Other,FAQ,10/04/2023,1000,1200,1100,24
Maharashtra,Pune,Pune(Khadiki),Potato,Other,FAQ,15/04/2023,1000,1200,1100,24
Maharashtra,Pune,Pune(Khadiki),Potato,Other,FAQ,24/04/2023,1300,1300,1300,24
Maharashtra,Pune,Pune(Khadiki),Potato,Other,FAQ,07/05/2023,1200,1400,1300,24
Maharashtra,Pune,Pune(Khadiki),Potato,Other,FAQ,12/05/2023,1200,1200,1200,24
Maharashtra,Pune,Pune(Khadiki),Potato,Other,FAQ,24/05/2023,1400,1400,1400,24
Maharashtra,Pune,Pune(Khadiki),Potato,Other,FAQ,30/05/2023,1600,1600,1600,24
Maharashtra,Pune,Pune(Khadiki),Potato,Local,Local,03/03/2025,800,1400,1100,24
Maharashtra,Pune,Pune(Khadiki),Potato,Local,Local,07/03/2025,700,1400,1050,24
Maharashtra,Pune,Pune(Khadiki),Potato,Local,Local,11/03/2025,700,1400,1050,24
Maharashtra,Pune,Pune(Khadiki),Potato,Local,Local,13/03/2025,700,1300,1000,24
Maharashtra,Pune,Pune(Khadiki),Potato,Local,Local,18/03/2025,700,1400,1050,24
Maharashtra,Pune,Pune(Khadiki),Potato,Local,Local,19/03/2025,600,1300,950,24
Maharashtra,Pune,Pune(Khadiki),Potato,Local,Local,23/03/2025,800,1400,1100,24
Maharashtra,Pune,Pune(Khadiki),Potato,Local,Local,28/03/2025,600,1300,950,24
Maharashtra,Pune,Pune(Khadiki),Potato,Local,Local,02/05/2025,1000,1400,1200,24
Maharashtra,Pune,Pune(Khadiki),Potato,Local,Local,10/05/2025,1000,1300,1150,24
Maharashtra,Pune,Pune(Khadiki),Potato,Local,Local,16/05/2025,1000,1400,1200,24
Maharashtra,Pune,Pune(Khadiki),Potato,Local,Local,29/05/2025,1200,1600,1400,24
Maharashtra,Pune,Pune(Khadiki),Potato,Local,Local,08/06/2025,1200,1600,1400,24
Maharashtra,Pune,Pune(Khadiki),Potato,Local,Local,14/06/2025,1300,1500,1400,24
Maharashtra,Pune,Pune(Khadiki),Potato,Local,Local,16/06/2025,1300,1500,1400,24
Maharashtra,Pune,Pune(Khadiki),Potato,Local,Local,17/06/2025,1000,1400,1200,24
Maharashtra,Pune,Pune(Khadiki),Potato,Local,Local,26/06/2025,1200,1600,1400,24
Maharashtra,Pune,Pune(Khadiki),Potato,Local,Local,28/06/2025,1200,1500,1350,24
Maharashtra,Pune,Pune(Khadiki),Potato,Local,Local,07/07/2025,1200,1500,1350,24
Maharashtra,Pune,Pune(Khadiki),Potato,Local,Local,15/07/2025,1300,1600,1450,24
Maharashtra,Pune,Pune(Khadiki),Potato,Local,Local,25/07/2025,1200,1500,1350,24
Maharashtra,Pune,Pune(Khadiki),Potato,Local,Local,09/07/2025,1300,1600,1450,24
Maharashtra,Pune,Pune(Khadiki),Potato,Local,Local,30/07/2025,1200,1400,1300,24
Maharashtra,Pune,Pune(Khadiki),Potato,Local,Local,14/07/2025,1200,1600,1400,24
Maharashtra,Pune,Pune(Khadiki),Potato,Local,Local,03/08/2025,1200,1400,1300,24
Maharashtra,Pune,Pune(Khadiki),Potato,Local,Local,10/08/2025,1100,1400,1250,24
Maharashtra,Pune,Pune(Khadiki),Potato,Local,Local,19/08/2025,1000,1400,1200,24
Maharashtra,Pune,Pune(Khadiki),Potato,Local,Local,27/08/2025,1000,1300,1150,24
Maharashtra,Pune,Pune(Khadiki),Potato,Local,Local,31/08/2025,1000,1300,1150,24
Maharashtra,Pune,Pune(Khadiki),Potato,Local,Local,01/09/2025,1000,1300,1150,24
Maharashtra,Pune,Pune(Khadiki),Potato,Local,Local,09/09/2025,1000,1300,1150,24
Maharashtra,Pune,Pune(Khadiki),Potato,Local,Local,23/09/2025,1000,2500,1250,24
Maharashtra,Pune,Pune(Khadiki),Potato,Local,Local,02/11/2025,1000,1200,1100,24
Maharashtra,Pune,Pune(Khadiki),Potato,Local,Local,05/10/2025,1200,1200,1200,24
Maharashtra,Pune,Pune(Khadiki),Potato,Local,Local,18/10/2025,1100,1200,1150,24
Maharashtra,Pune,Pune(Khadiki),Potato,Local,Local,27/10/2025,1100,1200,1150,24
Maharashtra,Pune,Pune(Khadiki),Potato,Local,Local,28/10/2025,1000,1200,1100,24
Maharashtra,Pune,Pune(Khadiki),Potato,Local,Local,29/10/2025,1000,1200,1100,24
Maharashtra,Pune,Pune(Khadiki),Potato,Local,Local,30/10/2025,900,1200,1050,24
Maharashtra,Pune,Pune(Khadiki),Potato,Other,FAQ,21/02/2021,1100,1500,1300,24
Maharashtra,Pune,Pune(Khadiki),Potato,Other,FAQ,04/03/2021,1000,1300,1150,24
Maharashtra,Pune,Pune(Khadiki),Potato,Other,FAQ,05/03/2021,600,1300,950,24
Maharashtra,Pune,Pune(Khadiki),Potato,Other,FAQ,11/03/2021,1000,1200,1100,24
Maharashtra,Pune,Pune(Khadiki),Potato,Other,FAQ,12/03/2021,800,1200,1000,24
Maharashtra,Pune,Pune(Khadiki),Potato,Other,FAQ,25/03/2021,900,1000,950,24
Maharashtra,Pune,Pune(Khadiki),Potato,Other,FAQ,01/04/2021,800,1000,900,24
Maharashtra,Pune,Pune(Khadiki),Potato,Other,FAQ,03/04/2021,900,1200,1050,24
Maharashtra,Pune,Pune(Khadiki),Potato,Other,FAQ,04/04/2021,1000,1300,1150,24
Maharashtra,Pune,Pune(Khadiki),Potato,Other,FAQ,06/04/2021,800,1200,1000,24
Maharashtra,Pune,Pune(Khadiki),Potato,Other,FAQ,15/04/2021,1200,1400,1300,24
Maharashtra,Pune,Pune(Khadiki),Potato,Other,FAQ,28/04/2021,1200,1600,1400,24
Maharashtra,Pune,Pune(Khadiki),Potato,Other,FAQ,10/05/2021,1200,1500,1350,24
Maharashtra,Pune,Pune(Khadiki),Potato,Other,FAQ,12/05/2021,1400,1800,1600,24
Maharashtra,Pune,Pune(Khadiki),Potato,Other,FAQ,25/05/2021,1400,1500,1450,24
Maharashtra,Pune,Pune(Khadiki),Potato,Other,FAQ,26/05/2021,1300,1400,1350,24
Maharashtra,Pune,Pune(Khadiki),Potato,Other,FAQ,03/06/2021,1200,1600,1400,24
Maharashtra,Pune,Pune(Khadiki),Potato,Other,FAQ,23/06/2021,1300,1600,1450,24
Maharashtra,Pune,Pune(Khadiki),Potato,Other,FAQ,25/06/2021,1350,1450,1400,24
Maharashtra,Pune,Pune(Khadiki),Potato,Other,FAQ,27/06/2021,1400,1600,1500,24
Maharashtra,Pune,Pune(Khadiki),Potato,Other,FAQ,30/06/2021,1500,1500,1500,24
Maharashtra,Pune,Pune(Khadiki),Potato,Other,FAQ,01/07/2021,1200,1400,1300,24
Maharashtra,Pune,Pune(Khadiki),Potato,Other,FAQ,04/07/2021,1200,1500,1350,24
Maharashtra,Pune,Pune(Khadiki),Potato,Other,FAQ,06/07/2021,1300,1500,1400,24
Maharashtra,Pune,Pune(Khadiki),Potato,Other,FAQ,18/07/2021,1400,1400,1400,24
Maharashtra,Pune,Pune(Khadiki),Potato,Other,FAQ,28/07/2021,1300,1300,1300,24
Maharashtra,Pune,Pune(Khadiki),Potato,Other,FAQ,08/08/2021,1200,1400,1300,24
Maharashtra,Pune,Pune(Khadiki),Potato,Other,FAQ,10/08/2021,1300,1300,1300,24
Maharashtra,Pune,Pune(Khadiki),Potato,Other,FAQ,12/08/2021,1200,1400,1300,24
Maharashtra,Pune,Pune(Khadiki),Potato,Other,FAQ,13/08/2021,1200,1400,1300,24
Maharashtra,Pune,Pune(Khadiki),Potato,Other,FAQ,14/08/2021,1000,1300,1150,24
Maharashtra,Pune,Pune(Khadiki),Potato,Other,FAQ,19/08/2021,1300,1300,1300,24
Maharashtra,Pune,Pune(Khadiki),Potato,Other,FAQ,22/08/2021,1300,1300,1300,24
Maharashtra,Pune,Pune(Khadiki),Potato,Other,FAQ,24/08/2021,1300,1300,1300,24
Maharashtra,Pune,Pune(Khadiki),Potato,Other,FAQ,11/09/2021,1200,1200,1200,24
Maharashtra,Pune,Pune(Khadiki),Potato,Other,FAQ,13/09/2021,1200,1400,1300,24
Maharashtra,Pune,Pune(Khadiki),Potato,Other,FAQ,14/09/2021,1200,1200,1200,24
Maharashtra,Pune,Pune(Khadiki),Potato,Other,FAQ,16/09/2021,1200,1300,1250,24
Maharashtra,Pune,Pune(Khadiki),Potato,Other,FAQ,08/10/2021,1300,1400,1350,24
Maharashtra,Pune,Pune(Khadiki),Potato,Other,FAQ,10/10/2021,1200,1400,1300,24
Maharashtra,Pune,Pune(Khadiki),Potato,Other,FAQ,13/10/2021,1300,1400,1350,24
Maharashtra,Pune,Pune(Khadiki),Potato,Other,FAQ,18/10/2021,1200,1400,1300,24
Maharashtra,Pune,Pune(Khadiki),Potato,Other,FAQ,29/10/2021,1200,1400,1300,24
Maharashtra,Pune,Pune(Khadiki),Potato,Other,FAQ,01/11/2021,1200,1400,1300,24
Maharashtra,Pune,Pune(Khadiki),Potato,Other,FAQ,02/11/2021,1200,1200,1200,24
Maharashtra,Pune,Pune(Khadiki),Potato,Other,FAQ,08/11/2021,1300,1300,1300,24
Maharashtra,Pune,Pune(Khadiki),Potato,Other,FAQ,13/11/2021,1200,1400,1300,24
Maharashtra,Pune,Pune(Khadiki),Potato,Other,FAQ,15/11/2021,1200,1300,1250,24
Maharashtra,Pune,Pune(Khadiki),Potato,Other,FAQ,19/11/2021,1300,1400,1350,24
Maharashtra,Pune,Pune(Khadiki),Potato,Other,FAQ,30/11/2021,1400,1600,1500,24
Maharashtra,Pune,Pune(Khadiki),Potato,Other,FAQ,01/12/2021,1200,1400,1300,24
Maharashtra,Pune,Pune(Khadiki),Potato,Other,FAQ,02/12/2021,1300,1600,1450,24
Maharashtra,Pune,Pune(Khadiki),Potato,Other,FAQ,04/12/2021,1200,1400,1300,24
Maharashtra,Pune,Pune(Khadiki),Potato,Other,FAQ,06/12/2021,1800,2200,2000,24
Maharashtra,Pune,Pune(Khadiki),Potato,Other,FAQ,09/12/2021,1200,1400,1300,24
Maharashtra,Pune,Pune(Khadiki),Potato,Other,FAQ,16/12/2021,1200,1400,1300,24
Maharashtra,Pune,Pune(Khadiki),Potato,Other,FAQ,22/12/2021,1200,1400,1300,24
Maharashtra,Pune,Pune(Khadiki),Potato,Other,FAQ,26/12/2021,1200,1500,1350,24
Maharashtra,Pune,Pune(Khadiki),Potato,Other,FAQ,27/12/2021,1200,1500,1350,24
Maharashtra,Pune,Pune(Khadiki),Potato,Other,FAQ,28/12/2021,1200,1400,1300,24
Maharashtra,Pune,Pune(Khadiki),Potato,Other,FAQ,02/01/2022,1200,1600,1400,24
Maharashtra,Pune,Pune(Khadiki),Potato,Other,FAQ,18/01/2022,1200,1400,1300,24
Maharashtra,Pune,Pune(Khadiki),Potato,Other,FAQ,19/01/2022,1200,1300,1250,24
Maharashtra,Pune,Pune(Khadiki),Potato,Other,FAQ,21/01/2022,1200,1400,1300,24
Maharashtra,Pune,Pune(Khadiki),Potato,Other,FAQ,22/01/2022,1200,1400,1300,24
Maharashtra,Pune,Pune(Khadiki),Potato,Other,FAQ,25/01/2022,1000,1400,1200,24
Maharashtra,Pune,Pune(Khadiki),Potato,Other,FAQ,27/01/2022,1000,1300,1050,24
Maharashtra,Pune,Pune(Khadiki),Potato,Other,FAQ,29/01/2022,1000,1200,1100,24
Maharashtra,Pune,Pune(Khadiki),Potato,Other,FAQ,01/02/2022,1200,1400,1300,24
Maharashtra,Pune,Pune(Khadiki),Potato,Other,FAQ,02/02/2022,1000,1200,1100,24
Maharashtra,Pune,Pune(Khadiki),Potato,Other,FAQ,08/02/2022,1000,1300,1150,24
Maharashtra,Pune,Pune(Khadiki),Potato,Other,FAQ,03/03/2022,1200,1300,1250,24
Maharashtra,Pune,Pune(Khadiki),Potato,Other,FAQ,04/03/2022,1000,1500,1350,24
Maharashtra,Pune,Pune(Khadiki),Potato,Other,FAQ,05/03/2022,1200,1400,1300,24
Maharashtra,Pune,Pune(Khadiki),Potato,Other,FAQ,13/03/2022,1100,1400,1250,24
Maharashtra,Pune,Pune(Khadiki),Potato,Other,FAQ,21/03/2022,1200,1400,1300,24
Maharashtra,Pune,Pune(Khadiki),Potato,Other,FAQ,27/03/2022,1000,1400,1200,24
Maharashtra,Pune,Pune(Khadiki),Potato,Other,FAQ,31/03/2022,1000,1400,1200,24
Maharashtra,Pune,Pune(Khadiki),Potato,Other,FAQ,01/04/2022,1000,1400,1200,24
Maharashtra,Pune,Pune(Khadiki),Potato,Other,FAQ,13/04/2022,1000,1300,1150,24
Maharashtra,Pune,Pune(Khadiki),Potato,Other,FAQ,15/04/2022,1200,1400,1400,24
Maharashtra,Pune,Pune(Khadiki),Potato,Other,FAQ,28/04/2022,1300,1400,1350,24
Maharashtra,Pune,Pune(Khadiki),Potato,Other,FAQ,29/04/2022,1300,1400,1350,24
Maharashtra,Pune,Pune(Khadiki),Potato,Other,FAQ,02/05/2022,1300,1500,1400,24
Maharashtra,Pune,Pune(Khadiki),Potato,Other,FAQ,08/05/2022,1200,1400,1300,24
Maharashtra,Pune,Pune(Khadiki),Potato,Other,FAQ,09/05/2022,1200,1300,1250,24
Maharashtra,Pune,Pune(Khadiki),Potato,Other,FAQ,18/05/2022,1300,1400,1350,24
Maharashtra,Pune,Pune(Khadiki),Potato,Other,FAQ,21/05/2022,1500,1600,1550,24
Maharashtra,Pune,Pune(Khadiki),Potato,Other,FAQ,25/06/2022,1400,1600,1500,24
Maharashtra,Pune,Pune(Khadiki),Potato,Other,FAQ,29/06/2022,1300,1500,1400,24
Maharashtra,Pune,Pune(Khadiki),Potato,Other,FAQ,01/07/2022,1400,1400,1400,24
Maharashtra,Pune,Pune(Khadiki),Potato,Other,FAQ,06/07/2022,1300,1500,1400,24
Maharashtra,Pune,Pune(Khadiki),Potato,Other,FAQ,07/07/2022,1400,1500,1450,24
Maharashtra,Pune,Pune(Khadiki),Potato,Other,FAQ,25/07/2022,1400,1600,1500,24
Maharashtra,Pune,Pune(Khadiki),Potato,Other,FAQ,27/07/2022,1300,1500,1400,24
Maharashtra,Pune,Pune(Khadiki),Potato,Other,FAQ,07/08/2022,1200,1400,1300,24
Maharashtra,Pune,Pune(Khadiki),Potato,Other,FAQ,08/08/2022,1200,1300,1250,24
Maharashtra,Pune,Pune(Khadiki),Potato,Other,FAQ,11/08/2022,1200,1600,1400,24
Maharashtra,Pune,Pune(Khadiki),Potato,Other,FAQ,21/08/2022,1400,1400,1400,24
Maharashtra,Pune,Pune(Khadiki),Potato,Other,FAQ,30/08/2022,1400,1500,1450,24
Maharashtra,Pune,Pune(Khadiki),Potato,Other,FAQ,11/09/2022,1400,1600,1500,24
Maharashtra,Pune,Pune(Khadiki),Potato,Other,FAQ,13/09/2022,1500,1600,1550,24
Maharashtra,Pune,Pune(Khadiki),Potato,Other,FAQ,01/10/2022,1500,1500,1500,24
Maharashtra,Pune,Pune(Khadiki),Potato,Other,FAQ,02/10/2022,1400,1600,1500,24
Maharashtra,Pune,Pune(Khadiki),Potato,Other,FAQ,03/10/2022,1400,1500,1450,24
Maharashtra,Pune,Pune(Khadiki),Potato,Other,FAQ,16/10/2022,1400,1600,1500,24
Maharashtra,Pune,Pune(Khadiki),Potato,Other,FAQ,31/10/2022,1700,2100,1900,24
Maharashtra,Pune,Pune(Khadiki),Potato,Other,FAQ,04/11/2022,1600,1600,1600,24
Maharashtra,Pune,Pune(Khadiki),Potato,Other,FAQ,07/11/2022,1700,2100,1900,24
Maharashtra,Pune,Pune(Khadiki),Potato,Other,FAQ,13/11/2022,1700,1800,1750,24
Maharashtra,Pune,Pune(Khadiki),Potato,Other,FAQ,21/11/2022,1200,1700,1650,24
Maharashtra,Pune,Pune(Khadiki),Potato,Other,FAQ,08/12/2022,1400,1700,1550,24
Maharashtra,Pune,Pune(Khadiki),Potato,Other,FAQ,10/12/2022,1700,1700,1700,24
Maharashtra,Pune,Pune(Khadiki),Potato,Other,FAQ,11/12/2022,1400,1500,1450,24
Maharashtra,Pune,Pune(Khadiki),Potato,Other,FAQ,17/12/2022,1400,1500,1450,24
Maharashtra,Pune,Pune(Khadiki),Potato,Other,FAQ,18/12/2022,1500,1600,1550,24
Maharashtra,Pune,Pune(Khadiki),Potato,Other,FAQ,21/12/2022,1400,1600,1500,24
Maharashtra,Pune,Pune(Khadiki),Potato,Other,FAQ,24/12/2022,1400,1400,1400,24
Maharashtra,Pune,Pune(Khadiki),Potato,Local,FAQ,30/05/2023,1600,1600,1600,24
Maharashtra,Pune,Pune(Khadiki),Potato,Local,FAQ,01/06/2023,1200,1400,1300,24
Maharashtra,Pune,Pune(Khadiki),Potato,Local,FAQ,04/06/2023,1400,1400,1400,24
Maharashtra,Pune,Pune(Khadiki),Potato,Local,FAQ,07/06/2023,1100,1400,1250,24
Maharashtra,Pune,Pune(Khadiki),Potato,Local,FAQ,08/06/2023,1400,1400,1400,24
Maharashtra,Pune,Pune(Khadiki),Potato,Local,FAQ,10/06/2023,1200,1400,1300,24
Maharashtra,Pune,Pune(Khadiki),Potato,Local,FAQ,17/06/2023,1400,1400,1400,24
Maharashtra,Pune,Pune(Khadiki),Potato,Local,FAQ,26/06/2023,1200,1400,1300,24
Maharashtra,Pune,Pune(Khadiki),Potato,Local,FAQ,27/06/2023,1400,1400,1400,24
Maharashtra,Pune,Pune(Khadiki),Potato,Local,FAQ,05/07/2023,1000,1300,1250,24
Maharashtra,Pune,Pune(Khadiki),Potato,Local,FAQ,18/07/2023,1000,1400,1200,24
Maharashtra,Pune,Pune(Khadiki),Potato,Local,FAQ,24/07/2023,1400,1800,1600,24
Maharashtra,Pune,Pune(Khadiki),Potato,Local,FAQ,28/07/2023,1100,1400,1250,24
Maharashtra,Pune,Pune(Khadiki),Potato,Local,FAQ,03/08/2023,1400,1600,1500,24
Maharashtra,Pune,Pune(Khadiki),Potato,Local,FAQ,07/08/2023,1600,1600,1600,24
Maharashtra,Pune,Pune(Khadiki),Potato,Local,FAQ,14/08/2023,1600,1600,1600,24
Maharashtra,Pune,Pune(Khadiki),Potato,Local,FAQ,02/09/2023,1300,1500,1400,24
Maharashtra,Pune,Pune(Khadiki),Potato,Local,FAQ,10/09/2023,1400,1600,1500,24
Maharashtra,Pune,Pune(Khadiki),Potato,Local,FAQ,14/09/2023,1400,1600,1500,24
Maharashtra,Pune,Pune(Khadiki),Potato,Local,FAQ,01/10/2023,1400,1600,1500,24
Maharashtra,Pune,Pune(Khadiki),Potato,Local,FAQ,07/10/2023,1200,1600,1400,24
Maharashtra,Pune,Pune(Khadiki),Potato,Local,FAQ,10/10/2023,1400,1600,1500,24
Maharashtra,Pune,Pune(Khadiki),Potato,Local,FAQ,17/10/2023,1400,1600,1500,24
Maharashtra,Pune,Pune(Khadiki),Potato,Local,FAQ,20/10/2023,1400,1600,1500,24
Maharashtra,Pune,Pune(Khadiki),Potato,Local,FAQ,29/10/2023,1300,1600,1450,24
Maharashtra,Pune,Pune(Khadiki),Potato,Local,FAQ,31/10/2023,1400,1600,1500,24
Maharashtra,Pune,Pune(Khadiki),Potato,Local,FAQ,02/11/2023,1300,1600,1450,24
Maharashtra,Pune,Pune(Khadiki),Potato,Local,FAQ,12/11/2023,1400,1600,1500,24
Maharashtra,Pune,Pune(Khadiki),Potato,Local,FAQ,13/11/2023,1300,1500,1400,24
Maharashtra,Pune,Pune(Khadiki),Potato,Local,FAQ,24/11/2023,1400,1600,1500,24
Maharashtra,Pune,Pune(Khadiki),Potato,Local,FAQ,28/11/2023,1600,1600,1600,24
Maharashtra,Pune,Pune(Khadiki),Potato,Local,FAQ,06/12/2023,1400,1600,1500,24
Maharashtra,Pune,Pune(Khadiki),Potato,Local,FAQ,07/12/2023,1400,1600,1500,24
Maharashtra,Pune,Pune(Khadiki),Potato,Local,FAQ,13/12/2023,1200,1400,1300,24
Maharashtra,Pune,Pune(Khadiki),Potato,Local,FAQ,18/12/2023,1300,1500,1400,24
Maharashtra,Pune,Pune(Khadiki),Potato,Local,FAQ,26/12/2023,1200,1400,1300,24
Maharashtra,Pune,Pune(Khadiki),Potato,Local,FAQ,29/12/2023,1100,1300,1200,24
Maharashtra,Pune,Pune(Khadiki),Potato,Other,FAQ,02/01/2023,1400,1400,1400,24
Maharashtra,Pune,Pune(Khadiki),Potato,Other,FAQ,24/01/2023,1500,1500,1500,24
Maharashtra,Pune,Pune(Khadiki),Potato,Other,FAQ,27/01/2023,1400,1600,1500,24
Maharashtra,Pune,Pune(Khadiki),Potato,Other,FAQ,31/01/2023,1600,1600,1600,24
Maharashtra,Pune,Pune(Khadiki),Potato,Other,FAQ,07/02/2023,1000,1400,1200,24
Maharashtra,Pune,Pune(Khadiki),Potato,Other,FAQ,11/02/2023,800,1200,1000,24
Maharashtra,Pune,Pune(Khadiki),Potato,Other,FAQ,12/02/2023,800,1200,1000,24
Maharashtra,Pune,Pune(Khadiki),Potato,Other,FAQ,17/02/2023,900,1300,1100,24
Maharashtra,Pune,Pune(Khadiki),Potato,Other,FAQ,21/02/2023,1000,1300,1150,24
Maharashtra,Pune,Pune(Khadiki),Potato,Other,FAQ,24/02/2023,800,1200,1000,24
Maharashtra,Pune,Pune(Khadiki),Potato,Other,FAQ,02/03/2023,800,1000,900,24
Maharashtra,Pune,Pune(Khadiki),Potato,Other,FAQ,04/03/2023,1000,1200,1100,24
Maharashtra,Pune,Pune(Khadiki),Potato,Other,FAQ,17/03/2023,1000,2100,1150,24
Maharashtra,Pune,Pune(Khadiki),Potato,Other,FAQ,04/04/2023,1000,1200,1100,24
Maharashtra,Pune,Pune(Khadiki),Potato,Other,FAQ,09/04/2023,1200,1200,1200,24
Maharashtra,Pune,Pune(Khadiki),Potato,Other,FAQ,14/04/2023,1000,1200,1100,24
Maharashtra,Pune,Pune(Khadiki),Potato,Other,FAQ,25/04/2023,1100,1100,1100,24
Maharashtra,Pune,Pune(Khadiki),Potato,Other,FAQ,06/05/2023,1000,1400,1200,24
Maharashtra,Pune,Pune(Khadiki),Potato,Other,FAQ,09/05/2023,1200,1200,1200,24
Maharashtra,Pune,Pune(Khadiki),Potato,Other,FAQ,19/05/2023,1100,1400,1250,24
Maharashtra,Pune,Pune(Khadiki),Potato,Other,FAQ,21/05/2023,1200,1400,1200,24
Maharashtra,Pune,Pune(Khadiki),Potato,Local,FAQ,11/10/2024,2000,2300,2150,24
Maharashtra,Pune,Pune(Khadiki),Potato,Local,FAQ,31/10/2024,1800,2200,2000,24
Maharashtra,Pune,Pune(Khadiki),Potato,Local,FAQ,03/10/2024,2000,2400,2200,24
Maharashtra,Pune,Pune(Khadiki),Potato,Local,FAQ,06/10/2024,2000,2400,2200,24
Maharashtra,Pune,Pune(Khadiki),Potato,Local,FAQ,22/10/2024,1800,2200,2000,24
Maharashtra,Pune,Pune(Khadiki),Potato,Local,FAQ,19/10/2024,2000,2400,2200,24
Maharashtra,Pune,Pune(Khadiki),Potato,Local,FAQ,18/10/2024,2000,2300,2150,24
Maharashtra,Pune,Pune(Khadiki),Potato,Local,FAQ,17/10/2024,2200,2200,2200,24
Maharashtra,Pune,Pune(Khadiki),Potato,Local,FAQ,01/11/2024,1800,2400,2100,24
Maharashtra,Pune,Pune(Khadiki),Potato,Local,FAQ,13/11/2024,2000,2400,2200,24
Maharashtra,Pune,Pune(Khadiki),Potato,Local,FAQ,27/11/2024,2000,2400,2200,24
Maharashtra,Pune,Pune(Khadiki),Potato,Local,FAQ,05/06/2024,1700,2000,1850,24
Maharashtra,Pune,Pune(Khadiki),Potato,Local,FAQ,09/06/2024,2000,2200,2100,24
Maharashtra,Pune,Pune(Khadiki),Potato,Local,FAQ,15/06/2024,1800,2200,2000,24
Maharashtra,Pune,Pune(Khadiki),Potato,Local,FAQ,17/06/2024,1600,2000,1800,24
Maharashtra,Pune,Pune(Khadiki),Potato,Local,FAQ,18/06/2024,1600,2000,1800,24
Maharashtra,Pune,Pune(Khadiki),Potato,Local,FAQ,09/05/2024,1600,1800,1700,24
Maharashtra,Pune,Pune(Khadiki),Potato,Local,FAQ,23/05/2024,1700,2100,1800,24
Maharashtra,Pune,Pune(Khadiki),Potato,Local,FAQ,25/05/2024,1800,2000,1900,24
Maharashtra,Pune,Pune(Khadiki),Potato,Local,FAQ,29/05/2024,1600,2000,1800,24
Maharashtra,Pune,Pune(Khadiki),Potato,Local,FAQ,05/07/2024,2000,2300,2150,24
Maharashtra,Pune,Pune(Khadiki),Potato,Local,FAQ,14/07/2024,2000,2400,2200,24
Maharashtra,Pune,Pune(Khadiki),Potato,Local,FAQ,20/07/2024,1600,2200,1900,24
Maharashtra,Pune,Pune(Khadiki),Potato,Local,FAQ,21/07/2024,2000,2300,2150,24
Maharashtra,Pune,Pune(Khadiki),Potato,Local,FAQ,23/07/2024,2000,2300,2150,24
Maharashtra,Pune,Pune(Khadiki),Potato,Local,FAQ,26/07/2024,2200,2200,2200,24
Maharashtra,Pune,Pune(Khadiki),Potato,Local,FAQ,07/06/2024,1800,2200,2000,24
Maharashtra,Pune,Pune(Khadiki),Potato,Local,FAQ,11/06/2024,1700,2000,1850,24
Maharashtra,Pune,Pune(Khadiki),Potato,Local,FAQ,16/06/2024,2200,2200,2200,24
Maharashtra,Pune,Pune(Khadiki),Potato,Local,FAQ,25/06/2024,2000,2200,2100,24
Maharashtra,Pune,Pune(Khadiki),Potato,Local,FAQ,07/01/2025,1700,2000,1850,24
Maharashtra,Pune,Pune(Khadiki),Potato,Local,FAQ,11/01/2025,1500,1800,1650,24
Maharashtra,Pune,Pune(Khadiki),Potato,Local,Local,31/01/2025,1400,1800,1600,24
Maharashtra,Pune,Pune(Khadiki),Potato,Local,FAQ,04/12/2024,2000,2400,2200,24
Maharashtra,Pune,Pune(Khadiki),Potato,Local,FAQ,14/12/2024,2000,2400,2200,24
Maharashtra,Pune,Pune(Khadiki),Potato,Local,FAQ,15/12/2024,2000,2200,2100,24
Maharashtra,Pune,Pune(Khadiki),Potato,Local,FAQ,18/12/2024,1700,2100,1900,24
Maharashtra,Pune,Pune(Khadiki),Potato,Local,FAQ,20/12/2024,1600,2000,1800,24
Maharashtra,Pune,Pune(Khadiki),Potato,Local,FAQ,30/12/2024,1700,2000,1850,24
Maharashtra,Pune,Pune(Khadiki),Potato,Local,FAQ,10/11/2024,2000,2400,2200,24
Maharashtra,Pune,Pune(Khadiki),Potato,Local,FAQ,16/11/2024,2000,2400,2200,24
Maharashtra,Pune,Pune(Khadiki),Potato,Local,FAQ,24/11/2024,2000,2400,2200,24
Maharashtra,Pune,Pune(Khadiki),Potato,Local,Local,10/04/2025,700,1300,1000,24
Maharashtra,Pune,Pune(Khadiki),Potato,Local,Local,22/04/2025,1000,1400,1200,24
Maharashtra,Pune,Pune(Khadiki),Potato,Local,Local,03/05/2025,1000,1400,1200,24
Maharashtra,Pune,Pune(Khadiki),Potato,Local,Local,19/05/2025,1000,1400,1200,24
Maharashtra,Pune,Pune(Khadiki),Potato,Local,FAQ,29/08/2024,2000,2400,2200,24
Maharashtra,Pune,Pune(Khadiki),Potato,Local,FAQ,03/08/2024,2000,2400,2200,24
Maharashtra,Pune,Pune(Khadiki),Potato,Local,FAQ,09/08/2024,2000,2300,2150,24
Maharashtra,Pune,Pune(Khadiki),Potato,Local,FAQ,12/08/2024,2000,2300,2150,24
Maharashtra,Pune,Pune(Khadiki),Potato,Local,FAQ,13/08/2024,2000,2300,2150,24
Maharashtra,Pune,Pune(Khadiki),Potato,Local,FAQ,20/08/2024,2000,2300,2150,24
Maharashtra,Pune,Pune(Khadiki),Potato,Local,FAQ,25/08/2024,2000,2300,2150,24
Maharashtra,Pune,Pune(Khadiki),Potato,Local,Local,03/02/2025,1000,1600,1300,24
Maharashtra,Pune,Pune(Khadiki),Potato,Local,Local,09/02/2025,1000,1400,1200,24
Maharashtra,Pune,Pune(Khadiki),Potato,Local,Local,18/02/2025,700,1500,1100,24
Maharashtra,Pune,Pune(Khadiki),Potato,Local,Local,28/02/2025,600,1300,950,24
Maharashtra,Pune,Pune(Khadiki),Potato,Local,FAQ,09/09/2024,2000,2400,2200,24
Maharashtra,Pune,Pune(Khadiki),Potato,Local,FAQ,14/09/2024,2000,2400,2200,24
Maharashtra,Pune,Pune(Khadiki),Potato,Local,FAQ,03/09/2024,2000,2600,2300,24
Maharashtra,Pune,Pune(Khadiki),Potato,Local,FAQ,22/09/2024,2000,2300,2150,24
Maharashtra,Pune,Pune(Khadiki),Potato,Local,FAQ,04/09/2024,2000,2400,2200,24
Maharashtra,Pune,Pune(Khadiki),Potato,Local,FAQ,19/09/2024,2000,2400,2200,24
Maharashtra,Pune,Pune(Khadiki),Potato,Local,FAQ,08/01/2024,1100,1300,1200,24
Maharashtra,Pune,Pune(Khadiki),Potato,Local,FAQ,12/01/2024,1200,1400,1300,24
Maharashtra,Pune,Pune(Khadiki),Potato,Local,FAQ,25/01/2024,1000,1300,1150,24
Maharashtra,Pune,Pune(Khadiki),Potato,Local,FAQ,03/02/2024,1000,1300,1150,24
Maharashtra,Pune,Pune(Khadiki),Potato,Local,FAQ,07/02/2024,700,1300,1000,24
Maharashtra,Pune,Pune(Khadiki),Potato,Local,FAQ,12/02/2024,1000,1300,1150,24
Maharashtra,Pune,Pune(Khadiki),Potato,Local,FAQ,18/02/2024,1000,1300,1150,24
Maharashtra,Pune,Pune(Khadiki),Potato,Local,FAQ,19/02/2024,1100,1600,1350,24
Maharashtra,Pune,Pune(Khadiki),Potato,Local,FAQ,22/02/2024,1100,1600,1350,24
Maharashtra,Pune,Pune(Khadiki),Potato,Local,FAQ,24/02/2024,1300,1500,1400,24
Maharashtra,Pune,Pune(Khadiki),Potato,Local,FAQ,26/02/2024,1200,1500,1350,24
Maharashtra,Pune,Pune(Khadiki),Potato,Local,FAQ,27/02/2024,1100,1400,1250,24
Maharashtra,Pune,Pune(Khadiki),Potato,Local,FAQ,09/03/2024,1100,1600,1350,24
Maharashtra,Pune,Pune(Khadiki),Potato,Local,FAQ,01/04/2024,1100,1400,1250,24
Maharashtra,Pune,Pune(Khadiki),Potato,Local,FAQ,12/04/2024,1800,1800,1800,24
Maharashtra,Pune,Pune(Khadiki),Potato,Local,FAQ,29/04/2024,1200,1600,1400,24
Maharashtra,Pune,Pune(Khadiki),Potato,Local,Local,01/03/2025,600,1300,950,24
Maharashtra,Pune,Pune(Khadiki),Potato,Local,Local,04/03/2025,700,1400,1050,24
Maharashtra,Pune,Pune(Khadiki),Potato,Local,Local,21/03/2025,600,1300,950,24
Maharashtra,Pune,Pune(Khadiki),Potato,Local,Local,26/03/2025,600,1300,950,24
Maharashtra,Pune,Pune(Khadiki),Potato,Local,Local,30/03/2025,700,1300,1000,24
Maharashtra,Pune,Pune(Khadiki),Potato,Local,Local,01/07/2025,1200,1600,1400,24
Maharashtra,Pune,Pune(Khadiki),Potato,Local,Local,04/07/2025,1300,1500,1400,24
Maharashtra,Pune,Pune(Khadiki),Potato,Local,Local,05/07/2025,1200,1400,1300,24
Maharashtra,Pune,Pune(Khadiki),Potato,Local,Local,10/07/2025,1300,1600,1450,24
Maharashtra,Pune,Pune(Khadiki),Potato,Local,Local,11/07/2025,1300,1600,1450,24
Maharashtra,Pune,Pune(Khadiki),Potato,Local,Local,20/07/2025,1200,1500,1350,24
Maharashtra,Pune,Pune(Khadiki),Potato,Local,Local,27/07/2025,1300,1500,1400,24
Maharashtra,Pune,Pune(Khadiki),Potato,Local,Local,05/06/2025,1100,1400,1250,24
Maharashtra,Pune,Pune(Khadiki),Potato,Local,Local,09/06/2025,1200,1600,1400,24
Maharashtra,Pune,Pune(Khadiki),Potato,Local,Local,10/06/2025,1000,1600,1300,24
Maharashtra,Pune,Pune(Khadiki),Potato,Local,Local,13/06/2025,1000,1400,1200,24
Maharashtra,Pune,Pune(Khadiki),Potato,Local,Local,15/06/2025,1200,1500,1350,24
Maharashtra,Pune,Pune(Khadiki),Potato,Local,Local,23/06/2025,1200,1600,1400,24
Maharashtra,Pune,Pune(Khadiki),Potato,Local,Local,25/06/2025,1200,1600,1400,24
Maharashtra,Pune,Pune(Khadiki),Potato,Local,Local,03/09/2025,1000,1300,1150,24
Maharashtra,Pune,Pune(Khadiki),Potato,Local,Local,12/09/2025,1000,1500,1250,24
Maharashtra,Pune,Pune(Khadiki),Potato,Local,Local,16/09/2025,1000,1400,1200,24
Maharashtra,Pune,Pune(Khadiki),Potato,Local,Local,21/09/2025,1000,1400,1200,24
Maharashtra,Pune,Pune(Khadiki),Potato,Local,Local,28/09/2025,800,1200,1000,24
Maharashtra,Pune,Pune(Khadiki),Potato,Local,Local,14/08/2025,1000,1400,1200,24
Maharashtra,Pune,Pune(Khadiki),Potato,Local,Local,01/08/2025,1200,1400,1300,24
Maharashtra,Pune,Pune(Khadiki),Potato,Local,Local,07/08/2025,1000,1500,1250,24
Maharashtra,Pune,Pune(Khadiki),Potato,Local,Local,11/08/2025,1200,1400,1300,24
Maharashtra,Pune,Pune(Khadiki),Potato,Local,Local,07/10/2025,800,1300,1050,24
Maharashtra,Pune,Pune(Khadiki),Potato,Local,Local,01/11/2025,1000,1300,1150,24
Maharashtra,Pune,Pune(Khadiki),Potato,Local,Local,31/10/2025,700,1200,950,24
Maharashtra,Pune,Pune(Khadiki),Potato,Other,FAQ,09/03/2021,1100,1200,1150,24
Maharashtra,Pune,Pune(Khadiki),Potato,Other,FAQ,10/03/2021,400,1200,800,24
Maharashtra,Pune,Pune(Khadiki),Potato,Other,FAQ,13/03/2021,1000,1200,1100,24
Maharashtra,Pune,Pune(Khadiki),Potato,Other,FAQ,21/03/2021,600,1000,800,24
Maharashtra,Pune,Pune(Khadiki),Potato,Other,FAQ,26/03/2021,800,1200,1000,24
Maharashtra,Pune,Pune(Khadiki),Potato,Other,FAQ,28/03/2021,800,1200,1000,24
Maharashtra,Pune,Pune(Khadiki),Potato,Other,FAQ,02/04/2021,800,1200,1000,24
Maharashtra,Pune,Pune(Khadiki),Potato,Other,FAQ,23/04/2021,1000,1400,1200,24
Maharashtra,Pune,Pune(Khadiki),Potato,Other,FAQ,03/05/2021,1100,1300,1200,24
Maharashtra,Pune,Pune(Khadiki),Potato,Other,FAQ,11/05/2021,1200,1400,1300,24
Maharashtra,Pune,Pune(Khadiki),Potato,Other,FAQ,17/05/2021,1200,1800,1500,24
Maharashtra,Pune,Pune(Khadiki),Potato,Other,FAQ,19/05/2021,1300,1500,1400,24
Maharashtra,Pune,Pune(Khadiki),Potato,Other,FAQ,04/06/2021,1500,1500,1500,24
Maharashtra,Pune,Pune(Khadiki),Potato,Other,FAQ,10/06/2021,1300,1400,1350,24
Maharashtra,Pune,Pune(Khadiki),Potato,Other,FAQ,17/06/2021,1300,1600,1400,24
Maharashtra,Pune,Pune(Khadiki),Potato,Other,FAQ,24/06/2021,1500,1500,1500,24
Maharashtra,Pune,Pune(Khadiki),Potato,Other,FAQ,02/07/2021,1300,1500,1400,24
Maharashtra,Pune,Pune(Khadiki),Potato,Other,FAQ,03/07/2021,1300,1600,1450,24
Maharashtra,Pune,Pune(Khadiki),Potato,Other,FAQ,08/07/2021,1300,1600,1450,24
Maharashtra,Pune,Pune(Khadiki),Potato,Other,FAQ,16/07/2021,1200,1500,1350,24
Maharashtra,Pune,Pune(Khadiki),Potato,Other,FAQ,17/07/2021,1500,1500,1500,24
Maharashtra,Pune,Pune(Khadiki),Potato,Other,FAQ,20/07/2021,1400,1400,1400,24
Maharashtra,Pune,Pune(Khadiki),Potato,Other,FAQ,25/07/2021,1100,1500,1300,24
Maharashtra,Pune,Pune(Khadiki),Potato,Other,FAQ,27/07/2021,1400,1400,1400,24
Maharashtra,Pune,Pune(Khadiki),Potato,Other,FAQ,29/07/2021,1300,1300,1300,24
Maharashtra,Pune,Pune(Khadiki),Potato,Other,FAQ,03/08/2021,1300,1300,1300,24
Maharashtra,Pune,Pune(Khadiki),Potato,Other,FAQ,04/08/2021,1300,1300,1300,24
Maharashtra,Pune,Pune(Khadiki),Potato,Other,FAQ,05/08/2021,1300,1300,1300,24
Maharashtra,Pune,Pune(Khadiki),Potato,Other,FAQ,17/08/2021,1300,1400,1350,24
Maharashtra,Pune,Pune(Khadiki),Potato,Other,FAQ,20/08/2021,1300,1400,1350,24
Maharashtra,Pune,Pune(Khadiki),Potato,Other,FAQ,21/08/2021,1000,1300,1150,24
Maharashtra,Pune,Pune(Khadiki),Potato,Other,FAQ,26/08/2021,1200,1200,1200,24
Maharashtra,Pune,Pune(Khadiki),Potato,Other,FAQ,28/08/2021,1000,1300,1150,24
Maharashtra,Pune,Pune(Khadiki),Potato,Other,FAQ,10/09/2021,1200,1200,1200,24
Maharashtra,Pune,Pune(Khadiki),Potato,Other,FAQ,19/09/2021,1200,1400,1300,24
Maharashtra,Pune,Pune(Khadiki),Potato,Other,FAQ,22/09/2021,1200,1300,1250,24
Maharashtra,Pune,Pune(Khadiki),Potato,Other,FAQ,02/10/2021,1200,1400,1300,24
Maharashtra,Pune,Pune(Khadiki),Potato,Other,FAQ,05/10/2021,1200,1400,1300,24
Maharashtra,Pune,Pune(Khadiki),Potato,Other,FAQ,14/10/2021,1200,1300,1250,24
Maharashtra,Pune,Pune(Khadiki),Potato,Other,FAQ,15/10/2021,1200,1400,1300,24
Maharashtra,Pune,Pune(Khadiki),Potato,Other,FAQ,21/10/2021,1300,1400,1350,24
Maharashtra,Pune,Pune(Khadiki),Potato,Other,FAQ,22/10/2021,1200,1400,1300,24
Maharashtra,Pune,Pune(Khadiki),Potato,Other,FAQ,27/10/2021,1200,1300,1250,24
Maharashtra,Pune,Pune(Khadiki),Potato,Other,FAQ,04/11/2021,1200,1300,1250,24
Maharashtra,Pune,Pune(Khadiki),Potato,Other,FAQ,12/11/2021,1200,1400,1300,24
Maharashtra,Pune,Pune(Khadiki),Potato,Other,FAQ,16/11/2021,1300,1400,1350,24
Maharashtra,Pune,Pune(Khadiki),Potato,Other,FAQ,20/11/2021,1300,1300,1300,24
Maharashtra,Pune,Pune(Khadiki),Potato,Other,FAQ,24/11/2021,1200,1400,1300,24
Maharashtra,Pune,Pune(Khadiki),Potato,Other,FAQ,27/11/2021,1400,1600,1450,24
Maharashtra,Pune,Pune(Khadiki),Potato,Other,FAQ,28/11/2021,1400,1600,1500,24
Maharashtra,Pune,Pune(Khadiki),Potato,Other,FAQ,05/12/2021,1300,1500,1400,24
Maharashtra,Pune,Pune(Khadiki),Potato,Other,FAQ,10/12/2021,1200,1400,1300,24
Maharashtra,Pune,Pune(Khadiki),Potato,Other,FAQ,12/12/2021,1200,1400,1300,24
Maharashtra,Pune,Pune(Khadiki),Potato,Other,FAQ,21/12/2021,1000,1400,1200,24
Maharashtra,Pune,Pune(Khadiki),Potato,Other,FAQ,23/12/2021,1200,1300,1250,24
Maharashtra,Pune,Pune(Khadiki),Potato,Other,FAQ,25/12/2021,1100,1400,1250,24
Maharashtra,Pune,Pune(Khadiki),Potato,Other,FAQ,29/12/2021,1200,1400,1300,24
Maharashtra,Pune,Pune(Khadiki),Potato,Local,FAQ,03/12/2024,2000,2400,2200,24
Maharashtra,Pune,Pune(Khadiki),Potato,Local,FAQ,06/12/2024,2000,2400,2200,24
Maharashtra,Pune,Pune(Khadiki),Potato,Local,FAQ,10/12/2024,2100,2500,2300,24
Maharashtra,Pune,Pune(Khadiki),Potato,Local,FAQ,19/12/2024,1700,2000,1950,24
Maharashtra,Pune,Pune(Khadiki),Potato,Local,FAQ,23/12/2024,1800,2200,2000,24
Maharashtra,Pune,Pune(Khadiki),Potato,Local,FAQ,10/05/2024,1800,1800,1800,24
Maharashtra,Pune,Pune(Khadiki),Potato,Local,FAQ,15/05/2024,1500,1700,1600,24
Maharashtra,Pune,Pune(Khadiki),Potato,Local,FAQ,18/05/2024,1400,1600,1500,24
Maharashtra,Pune,Pune(Khadiki),Potato,Local,FAQ,30/05/2024,2000,2000,2000,24
Maharashtra,Pune,Pune(Khadiki),Potato,Local,FAQ,12/06/2024,2000,2000,2000,24
Maharashtra,Pune,Pune(Khadiki),Potato,Local,FAQ,02/06/2024,1800,2200,2000,24
Maharashtra,Pune,Pune(Khadiki),Potato,Local,FAQ,28/06/2024,2000,2200,2100,24
Maharashtra,Pune,Pune(Khadiki),Potato,Local,FAQ,06/07/2024,2000,2200,2100,24
Maharashtra,Pune,Pune(Khadiki),Potato,Local,FAQ,11/07/2024,2000,2200,2100,24
Maharashtra,Pune,Pune(Khadiki),Potato,Local,FAQ,16/07/2024,2200,2300,2250,24
Maharashtra,Pune,Pune(Khadiki),Potato,Local,FAQ,24/07/2024,1700,2300,2000,24
Maharashtra,Pune,Pune(Khadiki),Potato,Local,FAQ,27/07/2024,2000,2400,2200,24
Maharashtra,Pune,Pune(Khadiki),Potato,Local,FAQ,28/07/2024,2000,2400,2200,24
Maharashtra,Pune,Pune(Khadiki),Potato,Local,FAQ,30/07/2024,1800,2200,2000,24
Maharashtra,Pune,Pune(Khadiki),Potato,Local,FAQ,11/01/2024,1000,1400,1200,24
Maharashtra,Pune,Pune(Khadiki),Potato,Local,FAQ,18/01/2024,1100,1300,1200,24
Maharashtra,Pune,Pune(Khadiki),Potato,Local,FAQ,24/01/2024,1000,1400,1200,24
Maharashtra,Pune,Pune(Khadiki),Potato,Local,FAQ,31/01/2024,1000,1300,1150,24
Maharashtra,Pune,Pune(Khadiki),Potato,Local,FAQ,10/02/2024,1000,1300,1150,24
Maharashtra,Pune,Pune(Khadiki),Potato,Local,FAQ,29/02/2024,1000,1500,1250,24
Maharashtra,Pune,Pune(Khadiki),Potato,Local,FAQ,01/03/2024,1200,1500,1350,24
Maharashtra,Pune,Pune(Khadiki),Potato,Local,FAQ,03/03/2024,1000,1500,1250,24
Maharashtra,Pune,Pune(Khadiki),Potato,Local,FAQ,11/03/2024,1200,1500,1350,24
Maharashtra,Pune,Pune(Khadiki),Potato,Local,FAQ,14/03/2024,1300,1600,1450,24
Maharashtra,Pune,Pune(Khadiki),Potato,Local,FAQ,17/03/2024,1300,1500,1400,24
Maharashtra,Pune,Pune(Khadiki),Potato,Local,FAQ,19/04/2024,1600,1600,1600,24
Maharashtra,Pune,Pune(Khadiki),Potato,Local,FAQ,20/04/2024,1400,1600,1500,24
Maharashtra,Pune,Pune(Khadiki),Potato,Local,FAQ,25/04/2024,1400,1600,1500,24
Maharashtra,Pune,Pune(Khadiki),Potato,Local,FAQ,09/10/2024,2000,2400,2200,24
Maharashtra,Pune,Pune(Khadiki),Potato,Local,FAQ,09/11/2024,2200,2200,2200,24
Maharashtra,Pune,Pune(Khadiki),Potato,Local,FAQ,21/11/2024,1800,2200,2000,24
Maharashtra,Pune,Pune(Khadiki),Potato,Local,FAQ,06/07/2023,1400,1400,1400,24
Maharashtra,Pune,Pune(Khadiki),Potato,Local,FAQ,08/07/2023,1400,1400,1400,24
Maharashtra,Pune,Pune(Khadiki),Potato,Local,FAQ,11/07/2023,1200,1500,1300,24
Maharashtra,Pune,Pune(Khadiki),Potato,Local,FAQ,17/07/2023,1400,1400,1400,24
Maharashtra,Pune,Pune(Khadiki),Potato,Local,FAQ,27/07/2023,1000,1300,1150,24
Maharashtra,Pune,Pune(Khadiki),Potato,Local,FAQ,02/08/2023,1300,1500,1400,24
Maharashtra,Pune,Pune(Khadiki),Potato,Local,FAQ,12/08/2023,1300,1600,1450,24
Maharashtra,Pune,Pune(Khadiki),Potato,Local,FAQ,16/08/2023,1400,1600,1500,24
Maharashtra,Pune,Pune(Khadiki),Potato,Local,FAQ,20/08/2023,1400,1600,1500,24
Maharashtra,Pune,Pune(Khadiki),Potato,Local,FAQ,23/08/2023,1300,1600,1450,24
Maharashtra,Pune,Pune(Khadiki),Potato,Local,FAQ,27/08/2023,1400,1600,1500,24
Maharashtra,Pune,Pune(Khadiki),Potato,Local,FAQ,16/09/2023,1200,1600,1400,24
Maharashtra,Pune,Pune(Khadiki),Potato,Local,FAQ,22/09/2023,1400,1600,1500,24
Maharashtra,Pune,Pune(Khadiki),Potato,Local,FAQ,23/09/2023,1400,1800,1500,24
Maharashtra,Pune,Pune(Khadiki),Potato,Local,FAQ,24/09/2023,1400,1600,1500,24
Maharashtra,Pune,Pune(Khadiki),Potato,Local,FAQ,26/09/2023,1400,1600,1500,24
Maharashtra,Pune,Pune(Khadiki),Potato,Local,FAQ,13/10/2023,1400,1600,1500,24
Maharashtra,Pune,Pune(Khadiki),Potato,Local,FAQ,16/10/2023,1300,1600,1450,24
Maharashtra,Pune,Pune(Khadiki),Potato,Local,FAQ,19/10/2023,1400,1600,1500,24
Maharashtra,Pune,Pune(Khadiki),Potato,Local,FAQ,21/10/2023,1400,1600,1500,24
Maharashtra,Pune,Pune(Khadiki),Potato,Local,FAQ,22/10/2023,1300,1600,1450,24
Maharashtra,Pune,Pune(Khadiki),Potato,Local,FAQ,28/10/2023,1400,1600,1500,24
Maharashtra,Pune,Pune(Khadiki),Potato,Local,FAQ,30/10/2023,1300,1600,1450,24
Maharashtra,Pune,Pune(Khadiki),Potato,Local,FAQ,01/11/2023,1600,16000,1600,24
Maharashtra,Pune,Pune(Khadiki),Potato,Local,FAQ,07/11/2023,1600,1800,1700,24
Maharashtra,Pune,Pune(Khadiki),Potato,Local,FAQ,10/11/2023,1400,1600,1500,24
Maharashtra,Pune,Pune(Khadiki),Potato,Local,FAQ,14/11/2023,1400,1600,1500,24
Maharashtra,Pune,Pune(Khadiki),Potato,Local,FAQ,05/12/2023,1400,1500,1450,24
Maharashtra,Pune,Pune(Khadiki),Potato,Local,FAQ,17/12/2023,1300,1500,1400,24
Maharashtra,Pune,Pune(Khadiki),Potato,Local,FAQ,19/12/2023,1300,1500,1400,24
Maharashtra,Pune,Pune(Khadiki),Potato,Local,FAQ,22/12/2023,1200,1400,1300,24
Maharashtra,Pune,Pune(Khadiki),Potato,Local,FAQ,28/12/2023,1000,1300,1150,24
Maharashtra,Pune,Pune(Khadiki),Potato,Local,FAQ,30/12/2023,1000,1300,1150,24
Maharashtra,Pune,Pune(Khadiki),Potato,Other,FAQ,19/01/2023,1500,1600,1550,24
Maharashtra,Pune,Pune(Khadiki),Potato,Other,FAQ,21/01/2023,1500,1600,1550,24
Maharashtra,Pune,Pune(Khadiki),Potato,Other,FAQ,22/01/2023,1400,1600,1500,24
Maharashtra,Pune,Pune(Khadiki),Potato,Other,FAQ,01/02/2023,1500,1600,1550,24
Maharashtra,Pune,Pune(Khadiki),Potato,Other,FAQ,04/02/2023,1300,1500,1400,24
Maharashtra,Pune,Pune(Khadiki),Potato,Other,FAQ,13/02/2023,1200,1200,1200,24
Maharashtra,Pune,Pune(Khadiki),Potato,Other,FAQ,16/02/2023,1000,1300,1150,24
Maharashtra,Pune,Pune(Khadiki),Potato,Other,FAQ,18/02/2023,1000,1400,1200,24
Maharashtra,Pune,Pune(Khadiki),Potato,Other,FAQ,22/02/2023,800,1200,1000,24
Maharashtra,Pune,Pune(Khadiki),Potato,Other,FAQ,26/02/2023,700,1000,950,24
Maharashtra,Pune,Pune(Khadiki),Potato,Other,FAQ,12/03/2023,1000,1200,1100,24
Maharashtra,Pune,Pune(Khadiki),Potato,Other,FAQ,14/03/2023,1000,1200,1000,24
Maharashtra,Pune,Pune(Khadiki),Potato,Other,FAQ,21/03/2023,1200,1200,1200,24
Maharashtra,Pune,Pune(Khadiki),Potato,Other,FAQ,25/03/2023,1000,1300,1150,24
Maharashtra,Pune,Pune(Khadiki),Potato,Other,FAQ,26/03/2023,1000,1300,1150,24
Maharashtra,Pune,Pune(Khadiki),Potato,Other,FAQ,03/04/2023,1200,1200,1200,24
Maharashtra,Pune,Pune(Khadiki),Potato,Other,FAQ,08/04/2023,1000,1200,1050,24
Maharashtra,Pune,Pune(Khadiki),Potato,Other,FAQ,17/04/2023,1200,1200,1200,24
Maharashtra,Pune,Pune(Khadiki),Potato,Other,FAQ,19/04/2023,1000,1200,1100,24
Maharashtra,Pune,Pune(Khadiki),Potato,Other,FAQ,21/04/2023,1200,1200,1200,24
Maharashtra,Pune,Pune(Khadiki),Potato,Other,FAQ,22/04/2023,1000,1300,1150,24
Maharashtra,Pune,Pune(Khadiki),Potato,Other,FAQ,16/05/2023,1200,1400,1300,24
Maharashtra,Pune,Pune(Khadiki),Potato,Other,FAQ,22/05/2023,1200,1500,1350,24
Maharashtra,Pune,Pune(Khadiki),Potato,Other,FAQ,29/05/2023,1300,1300,1300,24
Maharashtra,Pune,Pune(Khadiki),Potato,Local,FAQ,28/08/2024,2000,2300,2150,24
Maharashtra,Pune,Pune(Khadiki),Potato,Local,FAQ,05/10/2024,2000,2600,2400,24
Maharashtra,Pune,Pune(Khadiki),Potato,Local,FAQ,10/10/2024,2000,2400,2200,24
Maharashtra,Pune,Pune(Khadiki),Potato,Local,FAQ,08/09/2024,2000,2400,2200,24
Maharashtra,Pune,Pune(Khadiki),Potato,Local,FAQ,21/09/2024,2400,2400,2400,24
Maharashtra,Pune,Pune(Khadiki),Potato,Local,FAQ,27/09/2024,2000,2400,2200,24
Maharashtra,Pune,Pune(Khadiki),Potato,Local,FAQ,02/09/2024,2000,2400,2200,24
Maharashtra,Pune,Pune(Khadiki),Potato,Local,FAQ,15/09/2024,2000,2400,2200,24
Maharashtra,Pune,Pune(Khadiki),Potato,Local,FAQ,16/09/2024,2000,2300,2150,24
Maharashtra,Pune,Pune(Khadiki),Potato,Local,FAQ,23/09/2024,2400,2400,2400,24
Maharashtra,Pune,Pune(Khadiki),Potato,Local,Local,01/02/2025,1200,1700,1450,24
Maharashtra,Pune,Pune(Khadiki),Potato,Local,Local,05/02/2025,1400,1600,1500,24
Maharashtra,Pune,Pune(Khadiki),Potato,Local,Local,17/02/2025,700,1500,1100,24
Maharashtra,Pune,Pune(Khadiki),Potato,Local,Local,22/02/2025,700,1300,1000,24
Maharashtra,Pune,Pune(Khadiki),Potato,Local,Local,24/02/2025,700,1300,1000,24
Maharashtra,Pune,Pune(Khadiki),Potato,Local,Local,27/02/2025,700,1400,1000,24
Maharashtra,Pune,Pune(Khadiki),Potato,Local,FAQ,14/01/2025,1500,1800,1650,24
Maharashtra,Pune,Pune(Khadiki),Potato,Local,FAQ,17/01/2025,1500,1800,1650,24
Maharashtra,Pune,Pune(Khadiki),Potato,Local,FAQ,18/01/2025,1400,1800,1600,24
Maharashtra,Pune,Pune(Khadiki),Potato,Local,Local,25/01/2025,1400,1800,1600,24
Maharashtra,Pune,Pune(Khadiki),Potato,Local,Local,28/01/2025,1400,1800,1600,24
Maharashtra,Pune,Pune(Khadiki),Potato,Local,Local,03/04/2025,700,1300,1000,24
Maharashtra,Pune,Pune(Khadiki),Potato,Local,Local,19/04/2025,1000,1400,1200,24
Maharashtra,Pune,Pune(Khadiki),Potato,Local,Local,23/04/2025,700,1300,1000,24
Maharashtra,Pune,Pune(Khadiki),Potato,Local,Local,26/04/2025,800,1300,1050,24
Maharashtra,Pune,Pune(Khadiki),Potato,Local,Local,27/04/2025,1000,1400,1200,24
Maharashtra,Pune,Pune(Khadiki),Potato,Local,Local,08/05/2025,1000,1400,1200,24
Maharashtra,Pune,Pune(Khadiki),Potato,Local,Local,17/05/2025,1000,1400,1200,24
Maharashtra,Pune,Pune(Khadiki),Potato,Local,Local,20/05/2025,1000,1400,1200,24
Maharashtra,Pune,Pune(Khadiki),Potato,Local,Local,23/05/2025,1000,1600,1400,24
Maharashtra,Pune,Pune(Khadiki),Potato,Local,Local,25/05/2025,1200,1500,1350,24
Maharashtra,Pune,Pune(Khadiki),Potato,Local,Local,30/05/2025,1200,1500,1350,24
Maharashtra,Pune,Pune(Khadiki),Potato,Local,Local,09/03/2025,700,1400,1050,24
Maharashtra,Pune,Pune(Khadiki),Potato,Local,Local,17/03/2025,700,1300,1000,24
Maharashtra,Pune,Pune(Khadiki),Potato,Local,Local,24/03/2025,700,1300,1000,24
Maharashtra,Pune,Pune(Khadiki),Potato,Local,Local,29/03/2025,600,1300,950,24
Maharashtra,Pune,Pune(Khadiki),Potato,Local,Local,10/03/2025,700,1300,1000,24
Maharashtra,Pune,Pune(Khadiki),Potato,Local,Local,20/03/2025,700,1400,1050,24
Maharashtra,Pune,Pune(Khadiki),Potato,Other,FAQ,08/01/2022,1200,1300,1250,24
Maharashtra,Pune,Pune(Khadiki),Potato,Other,FAQ,17/01/2022,1200,1300,1250,24
Maharashtra,Pune,Pune(Khadiki),Potato,Other,FAQ,23/01/2022,1000,1400,1200,24
Maharashtra,Pune,Pune(Khadiki),Potato,Other,FAQ,06/02/2022,1000,1400,1200,24
Maharashtra,Pune,Pune(Khadiki),Potato,Other,FAQ,13/02/2022,1000,1300,1150,24
Maharashtra,Pune,Pune(Khadiki),Potato,Other,FAQ,02/03/2022,1200,1300,1250,24
Maharashtra,Pune,Pune(Khadiki),Potato,Other,FAQ,15/03/2022,1200,1300,1250,24
Maharashtra,Pune,Pune(Khadiki),Potato,Other,FAQ,17/03/2022,1200,1400,1300,24
Maharashtra,Pune,Pune(Khadiki),Potato,Other,FAQ,19/03/2022,1200,1400,1300,24
Maharashtra,Pune,Pune(Khadiki),Potato,Other,FAQ,20/03/2022,1000,1400,1300,24
Maharashtra,Pune,Pune(Khadiki),Potato,Other,FAQ,24/03/2022,1200,1300,1250,24
Maharashtra,Pune,Pune(Khadiki),Potato,Other,FAQ,28/03/2022,1200,1400,1300,24
Maharashtra,Pune,Pune(Khadiki),Potato,Other,FAQ,07/04/2022,1200,1500,1350,24
Maharashtra,Pune,Pune(Khadiki),Potato,Other,FAQ,12/04/2022,1200,1300,1250,24
Maharashtra,Pune,Pune(Khadiki),Potato,Other,FAQ,16/04/2022,1200,1300,1250,24
Maharashtra,Pune,Pune(Khadiki),Potato,Other,FAQ,19/04/2022,1200,1500,1350,24
Maharashtra,Pune,Pune(Khadiki),Potato,Other,FAQ,23/04/2022,1200,1300,1250,24
Maharashtra,Pune,Pune(Khadiki),Potato,Other,FAQ,26/04/2022,1000,1300,1250,24
Maharashtra,Pune,Pune(Khadiki),Potato,Other,FAQ,05/05/2022,1300,1300,1300,24
Maharashtra,Pune,Pune(Khadiki),Potato,Other,FAQ,15/05/2022,1200,1400,1300,24
Maharashtra,Pune,Pune(Khadiki),Potato,Other,FAQ,16/05/2022,1400,1500,1450,24
Maharashtra,Pune,Pune(Khadiki),Potato,Other,FAQ,07/06/2022,1400,1400,1400,24
Maharashtra,Pune,Pune(Khadiki),Potato,Other,FAQ,11/06/2022,1400,1400,1400,24
Maharashtra,Pune,Pune(Khadiki),Potato,Other,FAQ,30/06/2022,1400,1500,1450,24
Maharashtra,Pune,Pune(Khadiki),Potato,Other,FAQ,04/07/2022,1200,1600,1400,24
Maharashtra,Pune,Pune(Khadiki),Potato,Other,FAQ,05/07/2022,1300,1500,1400,24
Maharashtra,Pune,Pune(Khadiki),Potato,Other,FAQ,09/07/2022,1300,1500,1400,24
Maharashtra,Pune,Pune(Khadiki),Potato,Other,FAQ,10/07/2022,1200,1400,1300,24
Maharashtra,Pune,Pune(Khadiki),Potato,Other,FAQ,18/07/2022,1400,1600,1500,24
Maharashtra,Pune,Pune(Khadiki),Potato,Other,FAQ,20/07/2022,1300,1500,1400,24
Maharashtra,Pune,Pune(Khadiki),Potato,Other,FAQ,21/07/2022,1400,1500,1450,24
Maharashtra,Pune,Pune(Khadiki),Potato,Other,FAQ,23/07/2022,1400,1600,1500,24
Maharashtra,Pune,Pune(Khadiki),Potato,Other,FAQ,24/07/2022,1400,1600,1500,24
Maharashtra,Pune,Pune(Khadiki),Potato,Other,FAQ,28/07/2022,1400,1500,1450,24
Maharashtra,Pune,Pune(Khadiki),Potato,Other,FAQ,29/07/2022,1300,1500,1400,24
Maharashtra,Pune,Pune(Khadiki),Potato,Other,FAQ,06/08/2022,1300,1600,1450,24
Maharashtra,Pune,Pune(Khadiki),Potato,Other,FAQ,10/08/2022,1400,1700,1550,24
Maharashtra,Pune,Pune(Khadiki),Potato,Other,FAQ,13/08/2022,1400,1600,1500,24
Maharashtra,Pune,Pune(Khadiki),Potato,Other,FAQ,14/08/2022,1200,1600,1400,24
Maharashtra,Pune,Pune(Khadiki),Potato,Other,FAQ,17/08/2022,1500,1600,1550,24
Maharashtra,Pune,Pune(Khadiki),Potato,Other,FAQ,18/08/2022,1300,1500,1400,24
Maharashtra,Pune,Pune(Khadiki),Potato,Other,FAQ,31/08/2022,1500,1600,1550,24
Maharashtra,Pune,Pune(Khadiki),Potato,Other,FAQ,03/09/2022,1600,1600,1600,24
Maharashtra,Pune,Pune(Khadiki),Potato,Other,FAQ,16/09/2022,1400,1600,1500,24
Maharashtra,Pune,Pune(Khadiki),Potato,Other,FAQ,17/09/2022,1400,1600,1500,24
Maharashtra,Pune,Pune(Khadiki),Potato,Other,FAQ,19/09/2022,1400,1600,1500,24
Maharashtra,Pune,Pune(Khadiki),Potato,Other,FAQ,29/09/2022,1400,1600,1500,24
Maharashtra,Pune,Pune(Khadiki),Potato,Other,FAQ,30/09/2022,1300,1500,1400,24
Maharashtra,Pune,Pune(Khadiki),Potato,Other,FAQ,05/10/2022,1400,1500,1450,24
Maharashtra,Pune,Pune(Khadiki),Potato,Other,FAQ,07/10/2022,1400,1600,1500,24
Maharashtra,Pune,Pune(Khadiki),Potato,Other,FAQ,11/10/2022,1500,1600,1550,24
Maharashtra,Pune,Pune(Khadiki),Potato,Other,FAQ,20/10/2022,1500,1700,1600,24
Maharashtra,Pune,Pune(Khadiki),Potato,Other,FAQ,24/10/2022,1400,1600,1500,24
Maharashtra,Pune,Pune(Khadiki),Potato,Other,FAQ,25/10/2022,1300,1600,1450,24
Maharashtra,Pune,Pune(Khadiki),Potato,Other,FAQ,01/11/2022,1700,1700,1700,24
Maharashtra,Pune,Pune(Khadiki),Potato,Other,FAQ,03/11/2022,1700,1800,1750,24
Maharashtra,Pune,Pune(Khadiki),Potato,Other,FAQ,18/11/2022,1600,1800,1700,24
Maharashtra,Pune,Pune(Khadiki),Potato,Other,FAQ,23/11/2022,1400,1800,1600,24
Maharashtra,Pune,Pune(Khadiki),Potato,Other,FAQ,24/11/2022,1500,1500,1500,24
Maharashtra,Pune,Pune(Khadiki),Potato,Other,FAQ,27/11/2022,1700,1700,1700,24
Maharashtra,Pune,Pune(Khadiki),Potato,Other,FAQ,01/12/2022,1500,1600,1550,24
Maharashtra,Pune,Pune(Khadiki),Potato,Other,FAQ,06/12/2022,1400,1600,1500,24
Maharashtra,Pune,Pune(Khadiki),Potato,Other,FAQ,22/12/2022,1400,1600,1500,24
Maharashtra,Pune,Pune(Khadiki),Potato,Other,FAQ,30/12/2022,1400,1600,1500,24
Maharashtra,Pune,Pune(Khadiki),Potato,Local,Local,04/08/2025,1000,1400,1200,24
Maharashtra,Pune,Pune(Khadiki),Potato,Local,Local,28/08/2025,800,1300,1050,24
Maharashtra,Pune,Pune(Khadiki),Potato,Local,Local,04/06/2025,1200,1500,1350,24
Maharashtra,Pune,Pune(Khadiki),Potato,Local,Local,07/06/2025,1200,1500,1350,24
Maharashtra,Pune,Pune(Khadiki),Potato,Local,Local,21/06/2025,1000,1600,1300,24
Maharashtra,Pune,Pune(Khadiki),Potato,Local,Local,27/06/2025,1200,1600,1400,24
Maharashtra,Pune,Pune(Khadiki),Potato,Local,Local,22/07/2025,1200,1400,1300,24
Maharashtra,Pune,Pune(Khadiki),Potato,Local,Local,24/07/2025,1200,1500,1350,24
Maharashtra,Pune,Pune(Khadiki),Potato,Local,Local,29/07/2025,1300,1500,1400,24
Maharashtra,Pune,Pune(Khadiki),Potato,Local,Local,04/09/2025,1000,1300,1150,24
Maharashtra,Pune,Pune(Khadiki),Potato,Local,Local,13/09/2025,1100,1500,1300,24
Maharashtra,Pune,Pune(Khadiki),Potato,Local,Local,24/09/2025,1000,1500,1250,24
Maharashtra,Pune,Pune(Khadiki),Potato,Local,Local,26/09/2025,1000,1400,1200,24
Maharashtra,Pune,Pune(Khadiki),Potato,Local,Local,27/09/2025,900,1500,1200,24
Maharashtra,Pune,Pune(Khadiki),Potato,Local,Local,30/09/2025,1200,1400,1300,24
Maharashtra,Pune,Pune(Khadiki),Potato,Local,Local,04/10/2025,1100,1200,1150,24
Maharashtra,Pune,Pune(Khadiki),Potato,Local,Local,09/10/2025,1000,1300,1150,24
Maharashtra,Pune,Pune(Khadiki),Potato,Local,Local,13/10/2025,1000,1200,1100,24
Maharashtra,Pune,Pune(Khadiki),Potato,Local,Local,15/10/2025,1100,1200,1150,24
Maharashtra,Pune,Pune(Khadiki),Potato,Local,Local,16/10/2025,1200,1300,1250,24
Maharashtra,Pune,Pune(Khadiki),Potato,Local,Local,21/10/2025,800,1200,1000,24
Maharashtra,Pune,Pune(Khadiki),Potato,Local,Local,24/10/2025,1000,1200,1100,24
Maharashtra,Pune,Pune(Khadiki),Potato,Local,Local,26/10/2025,900,1200,1050,24
Maharashtra,Pune,Pune(Khadiki),Potato,Other,FAQ,23/02/2021,1200,1500,1350,24
Maharashtra,Pune,Pune(Khadiki),Potato,Other,FAQ,07/03/2021,1000,1200,1100,24
Maharashtra,Pune,Pune(Khadiki),Potato,Other,FAQ,23/03/2021,1000,1200,1100,24
Maharashtra,Pune,Pune(Khadiki),Potato,Other,FAQ,24/03/2021,1000,1000,1000,24
Maharashtra,Pune,Pune(Khadiki),Potato,Other,FAQ,30/03/2021,800,1200,1000,24
Maharashtra,Pune,Pune(Khadiki),Potato,Other,FAQ,08/04/2021,700,1300,1000,24
Maharashtra,Pune,Pune(Khadiki),Potato,Other,FAQ,13/04/2021,1000,1400,1200,24
Maharashtra,Pune,Pune(Khadiki),Potato,Other,FAQ,19/04/2021,1200,1400,1300,24
Maharashtra,Pune,Pune(Khadiki),Potato,Other,FAQ,26/04/2021,1300,1500,1400,24
Maharashtra,Pune,Pune(Khadiki),Potato,Other,FAQ,30/04/2021,1200,1600,1400,24
Maharashtra,Pune,Pune(Khadiki),Potato,Other,FAQ,04/05/2021,1400,1800,1600,24
Maharashtra,Pune,Pune(Khadiki),Potato,Other,FAQ,06/05/2021,1300,1400,1350,24
Maharashtra,Pune,Pune(Khadiki),Potato,Other,FAQ,07/05/2021,1000,1600,1300,24
Maharashtra,Pune,Pune(Khadiki),Potato,Other,FAQ,18/05/2021,1200,1400,1300,24
Maharashtra,Pune,Pune(Khadiki),Potato,Other,FAQ,20/05/2021,1200,1600,1400,24
Maharashtra,Pune,Pune(Khadiki),Potato,Other,FAQ,24/05/2021,1200,1600,1400,24
Maharashtra,Pune,Pune(Khadiki),Potato,Other,FAQ,27/05/2021,1400,1400,1400,24
Maharashtra,Pune,Pune(Khadiki),Potato,Other,FAQ,07/06/2021,1300,1500,1400,24
Maharashtra,Pune,Pune(Khadiki),Potato,Other,FAQ,09/06/2021,900,1600,1200,24
Maharashtra,Pune,Pune(Khadiki),Potato,Other,FAQ,15/06/2021,1300,1500,1400,24
Maharashtra,Pune,Pune(Khadiki),Potato,Other,FAQ,19/06/2021,1600,1600,1600,24
Maharashtra,Pune,Pune(Khadiki),Potato,Other,FAQ,26/06/2021,1500,1600,1550,24
Maharashtra,Pune,Pune(Khadiki),Potato,Other,FAQ,10/07/2021,1200,1400,1300,24
Maharashtra,Pune,Pune(Khadiki),Potato,Other,FAQ,23/07/2021,1300,1400,1350,24
Maharashtra,Pune,Pune(Khadiki),Potato,Other,FAQ,24/07/2021,1300,1300,1300,24
Maharashtra,Pune,Pune(Khadiki),Potato,Other,FAQ,30/07/2021,1300,1400,1350,24
Maharashtra,Pune,Pune(Khadiki),Potato,Other,FAQ,01/08/2021,1300,1300,1300,24
Maharashtra,Pune,Pune(Khadiki),Potato,Other,FAQ,07/08/2021,1300,1400,1350,24
Maharashtra,Pune,Pune(Khadiki),Potato,Other,FAQ,25/08/2021,1300,1300,1300,24
Maharashtra,Pune,Pune(Khadiki),Potato,Other,FAQ,02/09/2021,1200,1400,1300,24
Maharashtra,Pune,Pune(Khadiki),Potato,Other,FAQ,15/09/2021,1200,1200,1200,24
Maharashtra,Pune,Pune(Khadiki),Potato,Other,FAQ,21/09/2021,1400,1400,1400,24
Maharashtra,Pune,Pune(Khadiki),Potato,Other,FAQ,23/09/2021,1100,1300,1200,24
Maharashtra,Pune,Pune(Khadiki),Potato,Other,FAQ,17/10/2021,1200,1400,1300,24
Maharashtra,Pune,Pune(Khadiki),Potato,Other,FAQ,19/10/2021,1200,1300,1250,24
Maharashtra,Pune,Pune(Khadiki),Potato,Other,FAQ,20/10/2021,1200,1300,1250,24
Maharashtra,Pune,Pune(Khadiki),Potato,Other,FAQ,24/10/2021,1200,1400,1300,24
Maharashtra,Pune,Pune(Khadiki),Potato,Other,FAQ,26/10/2021,1200,1300,1250,24
Maharashtra,Pune,Pune(Khadiki),Potato,Other,FAQ,28/10/2021,1200,1400,1300,24
Maharashtra,Pune,Pune(Khadiki),Potato,Other,FAQ,05/11/2021,1200,1400,1300,24
Maharashtra,Pune,Pune(Khadiki),Potato,Other,FAQ,10/11/2021,1200,1500,1350,24
Maharashtra,Pune,Pune(Khadiki),Potato,Other,FAQ,17/11/2021,1200,1400,1300,24
Maharashtra,Pune,Pune(Khadiki),Potato,Other,FAQ,13/12/2021,1100,1100,1100,24
Maharashtra,Pune,Pune(Khadiki),Potato,Other,FAQ,15/12/2021,1000,1400,1200,24
Maharashtra,Pune,Pune(Khadiki),Potato,Other,FAQ,07/01/2022,1200,1200,1200,24
Maharashtra,Pune,Pune(Khadiki),Potato,Other,FAQ,10/01/2022,1000,1300,1150,24
Maharashtra,Pune,Pune(Khadiki),Potato,Other,FAQ,13/01/2022,1200,1300,1250,24
Maharashtra,Pune,Pune(Khadiki),Potato,Other,FAQ,15/01/2022,1200,1300,1250,24
Maharashtra,Pune,Pune(Khadiki),Potato,Other,FAQ,07/02/2022,1000,1300,1150,24
Maharashtra,Pune,Pune(Khadiki),Potato,Other,FAQ,09/02/2022,1200,1400,1300,24
Maharashtra,Pune,Pune(Khadiki),Potato,Other,FAQ,10/02/2022,1100,1400,1300,24
Maharashtra,Pune,Pune(Khadiki),Potato,Other,FAQ,14/02/2022,1200,1300,1250,24
Maharashtra,Pune,Pune(Khadiki),Potato,Other,FAQ,20/02/2022,1200,1400,1300,24
Maharashtra,Pune,Pune(Khadiki),Potato,Other,FAQ,21/02/2022,1200,1300,1250,24
Maharashtra,Pune,Pune(Khadiki),Potato,Other,FAQ,24/02/2022,1000,1400,1200,24
Maharashtra,Pune,Pune(Khadiki),Potato,Other,FAQ,27/02/2022,1200,1300,1250,24
Maharashtra,Pune,Pune(Khadiki),Potato,Other,FAQ,28/02/2022,1000,1300,1250,24
Maharashtra,Pune,Pune(Khadiki),Potato,Other,FAQ,08/03/2022,1200,1300,1250,24
Maharashtra,Pune,Pune(Khadiki),Potato,Other,FAQ,12/03/2022,1200,1300,1250,24
Maharashtra,Pune,Pune(Khadiki),Potato,Other,FAQ,29/03/2022,1000,1300,1150,24
Maharashtra,Pune,Pune(Khadiki),Potato,Other,FAQ,30/03/2022,1100,1300,1200,24
Maharashtra,Pune,Pune(Khadiki),Potato,Other,FAQ,05/04/2022,1000,1200,1100,24
Maharashtra,Pune,Pune(Khadiki),Potato,Other,FAQ,11/04/2022,1000,1200,1100,24
Maharashtra,Pune,Pune(Khadiki),Potato,Other,FAQ,14/04/2022,1300,1400,1350,24
Maharashtra,Pune,Pune(Khadiki),Potato,Other,FAQ,20/04/2022,1200,1300,1250,24
Maharashtra,Pune,Pune(Khadiki),Potato,Other,FAQ,21/04/2022,1200,1400,1300,24
Maharashtra,Pune,Pune(Khadiki),Potato,Other,FAQ,27/04/2022,1200,1200,1200,24
Maharashtra,Pune,Pune(Khadiki),Potato,Other,FAQ,04/05/2022,1200,1400,1300,24
Maharashtra,Pune,Pune(Khadiki),Potato,Other,FAQ,06/05/2022,1100,1400,1250,24
Maharashtra,Pune,Pune(Khadiki),Potato,Other,FAQ,07/05/2022,1200,1400,1300,24
Maharashtra,Pune,Pune(Khadiki),Potato,Other,FAQ,14/05/2022,1100,1400,1250,24
Maharashtra,Pune,Pune(Khadiki),Potato,Other,FAQ,17/05/2022,1400,1400,1400,24
Maharashtra,Pune,Pune(Khadiki),Potato,Other,FAQ,22/05/2022,1200,1300,1250,24
Maharashtra,Pune,Pune(Khadiki),Potato,Other,FAQ,23/05/2022,1400,1500,1450,24
Maharashtra,Pune,Pune(Khadiki),Potato,Other,FAQ,27/05/2022,1200,1400,1300,24
Maharashtra,Pune,Pune(Khadiki),Potato,Other,FAQ,29/05/2022,1200,1400,1300,24
Maharashtra,Pune,Pune(Khadiki),Potato,Other,FAQ,31/05/2022,1200,1400,1300,24
Maharashtra,Pune,Pune(Khadiki),Potato,Other,FAQ,04/06/2022,1200,1400,1300,24
Maharashtra,Pune,Pune(Khadiki),Potato,Other,FAQ,10/06/2022,1400,1500,1450,24
Maharashtra,Pune,Pune(Khadiki),Potato,Other,FAQ,18/06/2022,1300,4000,3500,24
Maharashtra,Pune,Pune(Khadiki),Potato,Other,FAQ,21/06/2022,1200,1400,1300,24
Maharashtra,Pune,Pune(Khadiki),Potato,Other,FAQ,24/06/2022,1200,1400,1300,24
Maharashtra,Pune,Pune(Khadiki),Potato,Other,FAQ,26/06/2022,1500,1600,1550,24
Maharashtra,Pune,Pune(Khadiki),Potato,Other,FAQ,28/06/2022,1300,1500,1400,24
Maharashtra,Pune,Pune(Khadiki),Potato,Other,FAQ,11/07/2022,1300,1700,1500,24
Maharashtra,Pune,Pune(Khadiki),Potato,Other,FAQ,13/07/2022,1300,1500,1400,24
Maharashtra,Pune,Pune(Khadiki),Potato,Other,FAQ,14/07/2022,1300,1500,1400,24
Maharashtra,Pune,Pune(Khadiki),Potato,Other,FAQ,15/07/2022,1300,1600,1450,24
Maharashtra,Pune,Pune(Khadiki),Potato,Other,FAQ,22/07/2022,1400,1600,1500,24
Maharashtra,Pune,Pune(Khadiki),Potato,Other,FAQ,30/07/2022,1400,1500,1450,24
Maharashtra,Pune,Pune(Khadiki),Potato,Other,FAQ,02/08/2022,1200,1400,1300,24
Maharashtra,Pune,Pune(Khadiki),Potato,Other,FAQ,20/08/2022,1300,1600,1400,24
Maharashtra,Pune,Pune(Khadiki),Potato,Other,FAQ,27/08/2022,1500,1700,1600,24
Maharashtra,Pune,Pune(Khadiki),Potato,Other,FAQ,28/08/2022,1400,1600,1500,24
Maharashtra,Pune,Pune(Khadiki),Potato,Other,FAQ,29/08/2022,1400,1600,1500,24
Maharashtra,Pune,Pune(Khadiki),Potato,Other,FAQ,02/09/2022,1600,1600,1600,24
Maharashtra,Pune,Pune(Khadiki),Potato,Other,FAQ,05/09/2022,1400,1500,1450,24
Maharashtra,Pune,Pune(Khadiki),Potato,Other,FAQ,07/09/2022,1500,1500,1500,24
Maharashtra,Pune,Pune(Khadiki),Potato,Other,FAQ,22/09/2022,1600,1800,1700,24
Maharashtra,Pune,Pune(Khadiki),Potato,Other,FAQ,23/09/2022,1500,1600,1550,24
Maharashtra,Pune,Pune(Khadiki),Potato,Other,FAQ,24/09/2022,1500,1800,1650,24
Maharashtra,Pune,Pune(Khadiki),Potato,Other,FAQ,26/09/2022,1400,1500,1450,24
Maharashtra,Pune,Pune(Khadiki),Potato,Other,FAQ,08/10/2022,1600,1800,1700,24
Maharashtra,Pune,Pune(Khadiki),Potato,Other,FAQ,15/10/2022,1500,1800,1650,24
Maharashtra,Pune,Pune(Khadiki),Potato,Other,FAQ,29/10/2022,1600,1600,1600,24
Maharashtra,Pune,Pune(Khadiki),Potato,Other,FAQ,06/11/2022,1600,1800,1700,24
Maharashtra,Pune,Pune(Khadiki),Potato,Other,FAQ,08/11/2022,1800,1800,1800,24
Maharashtra,Pune,Pune(Khadiki),Potato,Other,FAQ,10/11/2022,1700,1800,1750,24
Maharashtra,Pune,Pune(Khadiki),Potato,Other,FAQ,22/11/2022,1700,1700,1700,24
Maharashtra,Pune,Pune(Khadiki),Potato,Other,FAQ,30/11/2022,1600,1600,1600,24
Maharashtra,Pune,Pune(Khadiki),Potato,Other,FAQ,12/12/2022,1400,1500,1450,24
Maharashtra,Pune,Pune(Khadiki),Potato,Local,FAQ,08/06/2024,1700,2000,1850,24
Maharashtra,Pune,Pune(Khadiki),Potato,Local,FAQ,10/06/2024,2000,2000,2000,24
Maharashtra,Pune,Pune(Khadiki),Potato,Local,FAQ,26/06/2024,2000,2300,2150,24
Maharashtra,Pune,Pune(Khadiki),Potato,Local,FAQ,23/06/2024,2200,2200,2200,24
Maharashtra,Pune,Pune(Khadiki),Potato,Local,FAQ,30/06/2024,1800,2200,2000,24
Maharashtra,Pune,Pune(Khadiki),Potato,Local,FAQ,02/05/2024,1500,1700,1600,24
Maharashtra,Pune,Pune(Khadiki),Potato,Local,FAQ,06/05/2024,1700,1700,1700,24
Maharashtra,Pune,Pune(Khadiki),Potato,Local,FAQ,21/05/2024,1700,1900,1800,24
Maharashtra,Pune,Pune(Khadiki),Potato,Local,FAQ,24/05/2024,1600,2000,1800,24
Maharashtra,Pune,Pune(Khadiki),Potato,Local,FAQ,27/05/2024,2000,2000,2000,24
Maharashtra,Pune,Pune(Khadiki),Potato,Local,FAQ,03/01/2024,1000,1300,1150,24
Maharashtra,Pune,Pune(Khadiki),Potato,Local,FAQ,04/01/2024,1000,1300,1150,24
Maharashtra,Pune,Pune(Khadiki),Potato,Local,FAQ,05/01/2024,1100,1400,1250,24
Maharashtra,Pune,Pune(Khadiki),Potato,Local,FAQ,16/01/2024,1200,1400,1300,24
Maharashtra,Pune,Pune(Khadiki),Potato,Local,FAQ,23/01/2024,1000,1300,1150,24
Maharashtra,Pune,Pune(Khadiki),Potato,Local,FAQ,27/01/2024,1000,1200,1100,24
Maharashtra,Pune,Pune(Khadiki),Potato,Local,FAQ,29/01/2024,1000,1300,1150,24
Maharashtra,Pune,Pune(Khadiki),Potato,Local,FAQ,01/02/2024,1000,1300,1150,24
Maharashtra,Pune,Pune(Khadiki),Potato,Local,FAQ,02/02/2024,1000,1300,1150,24
Maharashtra,Pune,Pune(Khadiki),Potato,Local,FAQ,04/02/2024,800,1200,1000,24
Maharashtra,Pune,Pune(Khadiki),Potato,Local,FAQ,06/02/2024,900,1200,1050,24
Maharashtra,Pune,Pune(Khadiki),Potato,Local,FAQ,08/02/2024,700,1300,1000,24
Maharashtra,Pune,Pune(Khadiki),Potato,Local,FAQ,11/02/2024,1000,1400,1200,24
Maharashtra,Pune,Pune(Khadiki),Potato,Local,FAQ,17/02/2024,1200,1600,1400,24
Maharashtra,Pune,Pune(Khadiki),Potato,Local,FAQ,05/03/2024,1300,1500,1400,24
Maharashtra,Pune,Pune(Khadiki),Potato,Local,FAQ,10/03/2024,1200,1500,1350,24
Maharashtra,Pune,Pune(Khadiki),Potato,Local,FAQ,22/03/2024,1300,1500,1400,24
Maharashtra,Pune,Pune(Khadiki),Potato,Local,FAQ,26/03/2024,1300,1500,1400,24
Maharashtra,Pune,Pune(Khadiki),Potato,Local,FAQ,29/03/2024,1300,1600,1450,24
Maharashtra,Pune,Pune(Khadiki),Potato,Local,FAQ,30/03/2024,1300,1500,1400,24
Maharashtra,Pune,Pune(Khadiki),Potato,Local,FAQ,02/04/2024,1400,1600,1500,24
Maharashtra,Pune,Pune(Khadiki),Potato,Local,FAQ,06/04/2024,1500,1700,1600,24
Maharashtra,Pune,Pune(Khadiki),Potato,Local,FAQ,07/04/2024,1300,1600,1450,24
Maharashtra,Pune,Pune(Khadiki),Potato,Local,FAQ,21/04/2024,1600,1600,1600,24
Maharashtra,Pune,Pune(Khadiki),Potato,Local,FAQ,22/04/2024,1400,1600,1500,24
Maharashtra,Pune,Pune(Khadiki),Potato,Local,FAQ,23/04/2024,1400,1600,1500,24
Maharashtra,Pune,Pune(Khadiki),Potato,Local,FAQ,26/04/2024,1700,1700,1700,24
Maharashtra,Pune,Pune(Khadiki),Potato,Local,FAQ,12/09/2024,2000,2400,2200,24
Maharashtra,Pune,Pune(Khadiki),Potato,Local,FAQ,28/09/2024,2000,2400,2200,24
Maharashtra,Pune,Pune(Khadiki),Potato,Local,FAQ,03/01/2025,1400,1800,1600,24
Maharashtra,Pune,Pune(Khadiki),Potato,Local,FAQ,09/01/2025,1600,1800,1700,24
Maharashtra,Pune,Pune(Khadiki),Potato,Local,FAQ,13/01/2025,1500,1800,1650,24
Maharashtra,Pune,Pune(Khadiki),Potato,Local,FAQ,22/01/2025,1500,1700,1600,24
Maharashtra,Pune,Pune(Khadiki),Potato,Local,Local,27/01/2025,1600,1800,1700,24
Maharashtra,Pune,Pune(Khadiki),Potato,Local,Local,29/01/2025,1400,1800,1600,24
Maharashtra,Pune,Pune(Khadiki),Potato,Local,Local,06/02/2025,1500,1700,1600,24
Maharashtra,Pune,Pune(Khadiki),Potato,Local,FAQ,12/10/2024,2000,2400,2200,24
Maharashtra,Pune,Pune(Khadiki),Potato,Local,FAQ,27/10/2024,2000,2300,2150,24
Maharashtra,Pune,Pune(Khadiki),Potato,Local,Local,02/03/2025,700,1300,1000,24
Maharashtra,Pune,Pune(Khadiki),Potato,Local,Local,12/03/2025,700,1400,1050,24
Maharashtra,Pune,Pune(Khadiki),Potato,Local,Local,14/03/2025,700,1300,1000,24
Maharashtra,Pune,Pune(Khadiki),Potato,Local,Local,15/03/2025,700,1400,1050,24
Maharashtra,Pune,Pune(Khadiki),Potato,Local,Local,16/03/2025,700,1300,1000,24
Maharashtra,Pune,Pune(Khadiki),Potato,Local,Local,22/03/2025,700,1300,1000,24
Maharashtra,Pune,Pune(Khadiki),Potato,Local,Local,27/03/2025,700,1300,1000,24
Maharashtra,Pune,Pune(Khadiki),Potato,Local,Local,11/06/2025,1200,1500,1350,24
Maharashtra,Pune,Pune(Khadiki),Potato,Local,Local,24/06/2025,1200,1600,1400,24
Maharashtra,Pune,Pune(Khadiki),Potato,Local,Local,03/06/2025,1300,1500,1400,24
Maharashtra,Pune,Pune(Khadiki),Potato,Local,Local,12/06/2025,1200,1600,1400,24
Maharashtra,Pune,Pune(Khadiki),Potato,Local,Local,02/07/2025,1300,1500,1400,24
Maharashtra,Pune,Pune(Khadiki),Potato,Local,Local,12/07/2025,1200,1600,1400,24
Maharashtra,Pune,Pune(Khadiki),Potato,Local,Local,13/07/2025,1200,1500,1350,24
Maharashtra,Pune,Pune(Khadiki),Potato,Local,Local,16/07/2025,1300,1500,1400,24
Maharashtra,Pune,Pune(Khadiki),Potato,Local,Local,21/07/2025,1200,1400,1300,24
Maharashtra,Pune,Pune(Khadiki),Potato,Local,Local,23/07/2025,1200,1500,1350,24
Maharashtra,Pune,Pune(Khadiki),Potato,Local,Local,05/05/2025,1100,1400,1250,24
Maharashtra,Pune,Pune(Khadiki),Potato,Local,Local,06/05/2025,1000,1400,1200,24
Maharashtra,Pune,Pune(Khadiki),Potato,Local,Local,12/05/2025,1200,1600,1400,24
Maharashtra,Pune,Pune(Khadiki),Potato,Local,Local,21/05/2025,1000,1400,1200,24
Maharashtra,Pune,Pune(Khadiki),Potato,Local,Local,24/05/2025,1000,1400,1200,24
Maharashtra,Pune,Pune(Khadiki),Potato,Local,Local,27/05/2025,1200,1600,1400,24
Maharashtra,Pune,Pune(Khadiki),Potato,Local,Local,31/05/2025,1200,1600,1400,24
Maharashtra,Pune,Pune(Khadiki),Potato,Local,Local,01/04/2025,700,1300,1000,24
Maharashtra,Pune,Pune(Khadiki),Potato,Local,Local,04/04/2025,700,1300,1000,24
Maharashtra,Pune,Pune(Khadiki),Potato,Local,Local,18/04/2025,1000,1400,1200,24
Maharashtra,Pune,Pune(Khadiki),Potato,Local,Local,25/04/2025,1000,1300,1150,24
Maharashtra,Pune,Pune(Khadiki),Potato,Local,Local,28/04/2025,1000,1400,1200,24
Maharashtra,Pune,Pune(Khadiki),Potato,Local,Local,30/04/2025,1000,1400,1200,24
Maharashtra,Pune,Pune(Khadiki),Potato,Local,FAQ,04/11/2024,2000,2400,2200,24
Maharashtra,Pune,Pune(Khadiki),Potato,Local,FAQ,14/11/2024,2000,2400,2200,24
Maharashtra,Pune,Pune(Khadiki),Potato,Local,FAQ,19/11/2024,2000,2400,2200,24
Maharashtra,Pune,Pune(Khadiki),Potato,Local,FAQ,02/11/2024,2000,2400,2200,24
Maharashtra,Pune,Pune(Khadiki),Potato,Local,FAQ,17/11/2024,2000,2400,2200,24
Maharashtra,Pune,Pune(Khadiki),Potato,Local,FAQ,25/11/2024,2000,2400,2200,24
Maharashtra,Pune,Pune(Khadiki),Potato,Local,FAQ,28/11/2024,2400,2400,2400,24
Maharashtra,Pune,Pune(Khadiki),Potato,Local,FAQ,05/12/2024,2000,2400,2200,24
Maharashtra,Pune,Pune(Khadiki),Potato,Local,FAQ,02/12/2024,2000,2400,2200,24
Maharashtra,Pune,Pune(Khadiki),Potato,Local,FAQ,08/12/2024,1800,2200,2000,24
Maharashtra,Pune,Pune(Khadiki),Potato,Local,FAQ,16/12/2024,2000,2200,2100,24
Maharashtra,Pune,Pune(Khadiki),Potato,Local,FAQ,26/12/2024,1800,2200,2000,24
Maharashtra,Pune,Pune(Khadiki),Potato,Local,FAQ,01/08/2024,2000,2300,2150,24
Maharashtra,Pune,Pune(Khadiki),Potato,Local,FAQ,04/08/2024,1800,2200,2000,24
Maharashtra,Pune,Pune(Khadiki),Potato,Local,FAQ,07/08/2024,2000,2200,2100,24
Maharashtra,Pune,Pune(Khadiki),Potato,Local,FAQ,08/08/2024,2000,2300,2150,24
Maharashtra,Pune,Pune(Khadiki),Potato,Local,FAQ,21/08/2024,2000,2200,2100,24
Maharashtra,Pune,Pune(Khadiki),Potato,Local,FAQ,04/07/2024,2300,2700,2500,24
Maharashtra,Pune,Pune(Khadiki),Potato,Local,FAQ,13/07/2024,2000,2300,2150,24
Maharashtra,Pune,Pune(Khadiki),Potato,Local,FAQ,22/07/2024,1700,2300,2000,24
Maharashtra,Pune,Pune(Khadiki),Potato,Local,FAQ,19/07/2024,2000,2400,2200,24
Maharashtra,Pune,Pune(Khadiki),Potato,Local,FAQ,31/05/2023,1400,1400,1400,24
Maharashtra,Pune,Pune(Khadiki),Potato,Local,FAQ,16/06/2023,1200,1400,1300,24
Maharashtra,Pune,Pune(Khadiki),Potato,Local,FAQ,19/06/2023,1200,1400,1300,24
Maharashtra,Pune,Pune(Khadiki),Potato,Local,FAQ,24/06/2023,1200,1400,1300,24
Maharashtra,Pune,Pune(Khadiki),Potato,Local,FAQ,30/06/2023,1100,1400,1250,24
Maharashtra,Pune,Pune(Khadiki),Potato,Local,FAQ,01/07/2023,1400,1400,1400,24
Maharashtra,Pune,Pune(Khadiki),Potato,Local,FAQ,03/07/2023,1200,1400,1300,24
Maharashtra,Pune,Pune(Khadiki),Potato,Local,FAQ,09/07/2023,1400,1400,1400,24
Maharashtra,Pune,Pune(Khadiki),Potato,Local,FAQ,21/07/2023,1300,1500,1400,24
Maharashtra,Pune,Pune(Khadiki),Potato,Local,FAQ,29/07/2023,1200,1600,1400,24
Maharashtra,Pune,Pune(Khadiki),Potato,Local,FAQ,05/08/2023,1300,1600,1450,24
Maharashtra,Pune,Pune(Khadiki),Potato,Local,FAQ,06/08/2023,1400,1800,1600,24
Maharashtra,Pune,Pune(Khadiki),Potato,Local,FAQ,08/08/2023,1200,1600,1400,24
Maharashtra,Pune,Pune(Khadiki),Potato,Local,FAQ,11/08/2023,1300,1500,1400,24
Maharashtra,Pune,Pune(Khadiki),Potato,Local,FAQ,17/08/2023,1600,1600,1600,24
Maharashtra,Pune,Pune(Khadiki),Potato,Local,FAQ,28/08/2023,1500,1600,1550,24
Maharashtra,Pune,Pune(Khadiki),Potato,Local,FAQ,04/09/2023,1400,1600,1500,24
Maharashtra,Pune,Pune(Khadiki),Potato,Local,FAQ,05/09/2023,1400,1600,1500,24
Maharashtra,Pune,Pune(Khadiki),Potato,Local,FAQ,13/09/2023,1400,1600,1500,24
Maharashtra,Pune,Pune(Khadiki),Potato,Local,FAQ,12/10/2023,1400,1600,1500,24
Maharashtra,Pune,Pune(Khadiki),Potato,Local,FAQ,14/10/2023,1300,1500,1400,24
Maharashtra,Pune,Pune(Khadiki),Potato,Local,FAQ,27/10/2023,1400,1600,1500,24
Maharashtra,Pune,Pune(Khadiki),Potato,Local,FAQ,16/11/2023,1300,1500,1400,24
Maharashtra,Pune,Pune(Khadiki),Potato,Local,FAQ,22/11/2023,1400,1600,1500,24
Maharashtra,Pune,Pune(Khadiki),Potato,Local,FAQ,27/11/2023,1400,1600,1500,24
Maharashtra,Pune,Pune(Khadiki),Potato,Local,FAQ,09/12/2023,1400,1600,1500,24
Maharashtra,Pune,Pune(Khadiki),Potato,Local,FAQ,10/12/2023,1300,1500,1400,24
Maharashtra,Pune,Pune(Khadiki),Potato,Local,FAQ,20/12/2023,1000,1500,1250,24
Maharashtra,Pune,Pune(Khadiki),Potato,Local,FAQ,21/12/2023,1300,1500,1400,24
Maharashtra,Pune,Pune(Khadiki),Potato,Other,FAQ,03/01/2023,1400,1600,1500,24
Maharashtra,Pune,Pune(Khadiki),Potato,Other,FAQ,07/01/2023,1600,1600,1600,24
Maharashtra,Pune,Pune(Khadiki),Potato,Other,FAQ,08/01/2023,1400,1600,1500,24
Maharashtra,Pune,Pune(Khadiki),Potato,Other,FAQ,18/01/2023,1400,1600,1500,24
Maharashtra,Pune,Pune(Khadiki),Potato,Other,FAQ,28/01/2023,1400,1600,1500,24
Maharashtra,Pune,Pune(Khadiki),Potato,Other,FAQ,30/01/2023,1500,1500,1500,24
Maharashtra,Pune,Pune(Khadiki),Potato,Other,FAQ,02/02/2023,1500,1600,1550,24
Maharashtra,Pune,Pune(Khadiki),Potato,Other,FAQ,08/02/2023,1000,1300,1150,24
Maharashtra,Pune,Pune(Khadiki),Potato,Other,FAQ,09/02/2023,1100,1300,1200,24
Maharashtra,Pune,Pune(Khadiki),Potato,Other,FAQ,14/02/2023,800,1200,1000,24
Maharashtra,Pune,Pune(Khadiki),Potato,Other,FAQ,15/02/2023,1000,1200,1100,24
Maharashtra,Pune,Pune(Khadiki),Potato,Other,FAQ,01/03/2023,800,1100,950,24
Maharashtra,Pune,Pune(Khadiki),Potato,Other,FAQ,03/03/2023,1000,1200,1100,24
Maharashtra,Pune,Pune(Khadiki),Potato,Other,FAQ,05/03/2023,1000,1200,1100,24
Maharashtra,Pune,Pune(Khadiki),Potato,Other,FAQ,08/03/2023,900,1200,1050,24
Maharashtra,Pune,Pune(Khadiki),Potato,Other,FAQ,10/03/2023,1000,1200,1100,24
Maharashtra,Pune,Pune(Khadiki),Potato,Other,FAQ,13/03/2023,1000,1200,1100,24
Maharashtra,Pune,Pune(Khadiki),Potato,Other,FAQ,19/03/2023,1000,1200,1100,24
Maharashtra,Pune,Pune(Khadiki),Potato,Other,FAQ,20/03/2023,1200,1200,1200,24
Maharashtra,Pune,Pune(Khadiki),Potato,Other,FAQ,23/03/2023,800,1200,1000,24
Maharashtra,Pune,Pune(Khadiki),Potato,Other,FAQ,27/03/2023,1200,1200,1200,24
Maharashtra,Pune,Pune(Khadiki),Potato,Other,FAQ,01/04/2023,1200,1200,1200,24
Maharashtra,Pune,Pune(Khadiki),Potato,Other,FAQ,02/04/2023,1000,1200,1100,24
Maharashtra,Pune,Pune(Khadiki),Potato,Other,FAQ,11/04/2023,900,1200,1050,24
Maharashtra,Pune,Pune(Khadiki),Potato,Other,FAQ,27/04/2023,1300,1300,1300,24
Maharashtra,Pune,Pune(Khadiki),Potato,Other,FAQ,29/04/2023,1000,1400,1200,24
Maharashtra,Pune,Pune(Khadiki),Potato,Other,FAQ,30/04/2023,1000,1300,1150,24
Maharashtra,Pune,Pune(Khadiki),Potato,Other,FAQ,02/05/2023,1400,1400,1400,24
Maharashtra,Pune,Pune(Khadiki),Potato,Other,FAQ,11/05/2023,1200,1200,1200,24
Maharashtra,Pune,Pune(Khadiki),Potato,Other,FAQ,14/05/2023,1200,1200,1200,24
Maharashtra,Pune,Pune(Khadiki),Potato,Other,FAQ,15/05/2023,1200,1200,1200,24
Maharashtra,Pune,Pune(Khadiki),Potato,Other,FAQ,18/05/2023,1100,1300,1200,24
Maharashtra,Pune,Pune(Khadiki),Potato,Other,FAQ,25/05/2023,1100,1300,1200,24
Maharashtra,Pune,Pune(Khadiki),Potato,Other,FAQ,27/05/2023,1300,1300,1300,24
Maharashtra,Pune,Pune(Khadiki),Potato,Other,FAQ,28/05/2023,1200,1400,1300,24
Maharashtra,Pune,Pune(Khadiki),Potato,Local,FAQ,30/09/2024,2000,2400,2200,24
Maharashtra,Pune,Pune(Khadiki),Potato,Local,Local,02/08/2025,1100,1400,1250,24
Maharashtra,Pune,Pune(Khadiki),Potato,Local,Local,12/08/2025,1000,1400,1200,24
Maharashtra,Pune,Pune(Khadiki),Potato,Local,Local,13/08/2025,1000,1400,1200,24
Maharashtra,Pune,Pune(Khadiki),Potato,Local,Local,16/08/2025,1000,1400,1200,24
Maharashtra,Pune,Pune(Khadiki),Potato,Local,Local,17/08/2025,1000,1400,1200,24
Maharashtra,Pune,Pune(Khadiki),Potato,Local,Local,20/08/2025,1000,1300,1150,24
Maharashtra,Pune,Pune(Khadiki),Potato,Local,Local,21/08/2025,1000,1300,1150,24
Maharashtra,Pune,Pune(Khadiki),Potato,Local,Local,25/08/2025,1000,1300,1150,24
Maharashtra,Pune,Pune(Khadiki),Potato,Local,Local,02/09/2025,900,1200,1050,24
Maharashtra,Pune,Pune(Khadiki),Potato,Local,Local,08/09/2025,1000,1200,1100,24
Maharashtra,Pune,Pune(Khadiki),Potato,Local,Local,10/09/2025,1100,1400,1250,24
Maharashtra,Pune,Pune(Khadiki),Potato,Local,Local,11/09/2025,1000,1400,1200,24
Maharashtra,Pune,Pune(Khadiki),Potato,Local,Local,14/09/2025,1100,1500,1300,24
Maharashtra,Pune,Pune(Khadiki),Potato,Local,Local,02/10/2025,1000,1300,1150,24
Maharashtra,Pune,Pune(Khadiki),Potato,Local,Local,06/10/2025,1000,1300,1150,24
Maharashtra,Pune,Pune(Khadiki),Potato,Local,Local,19/10/2025,800,1200,1000,24
Maharashtra,Pune,Pune(Khadiki) APMC,Potato,Local,Local,09/12/2025,700,1200,950,24
Maharashtra,Pune,Pune(Khadiki) APMC,Potato,Local,Local,31/12/2025,800,1200,1000,24
Maharashtra,Pune,Pune(Khadiki) APMC,Potato,Local,Local,16/11/2025,1000,1400,1200,24
Maharashtra,Pune,Pune(Khadiki) APMC,Potato,Local,Local,18/11/2025,1100,1300,1200,24
Maharashtra,Pune,Pune(Khadiki) APMC,Potato,Local,Local,06/02/2026,800,1300,1050,24
Maharashtra,Pune,Pune(Khadiki) APMC,Potato,Local,Local,09/02/2026,800,1200,1000,24
Maharashtra,Pune,Pune(Khadiki) APMC,Potato,Local,Local,22/02/2026,800,1200,1000,24
Maharashtra,Pune,Pune(Khadiki) APMC,Potato,Local,Local,01/02/2026,800,1200,1000,24
Maharashtra,Pune,Pune(Khadiki) APMC,Potato,Local,Local,07/02/2026,700,1200,950,24
Maharashtra,Pune,Pune(Khadiki) APMC,Potato,Local,Local,07/01/2026,800,1300,1050,24
Maharashtra,Pune,Pune(Khadiki) APMC,Potato,Local,Local,16/01/2026,1000,1400,1200,24
Maharashtra,Pune,Pune(Khadiki) APMC,Potato,Local,Local,06/01/2026,800,1300,1050,24
Maharashtra,Pune,Pune(Khadiki) APMC,Potato,Local,Local,12/11/2025,1200,1300,1250,24
Maharashtra,Pune,Pune(Khadiki) APMC,Potato,Local,Local,13/12/2025,800,1300,1050,24
Maharashtra,Pune,Pune(Khadiki) APMC,Potato,Local,Local,25/12/2025,800,1200,1000,24
Maharashtra,Pune,Pune(Khadiki) APMC,Potato,Local,Local,10/12/2025,800,1200,1000,24
Maharashtra,Pune,Pune(Khadiki) APMC,Potato,Local,Local,07/12/2025,800,1300,1050,24
Maharashtra,Pune,Pune(Khadiki) APMC,Potato,Local,Local,12/01/2026,900,1200,1050,24
Maharashtra,Pune,Pune(Khadiki) APMC,Potato,Local,Local,13/01/2026,1000,1300,1150,24
Maharashtra,Pune,Pune(Khadiki) APMC,Potato,Local,Local,31/01/2026,700,1300,1000,24
Maharashtra,Pune,Pune(Khadiki) APMC,Potato,Local,Local,11/02/2026,800,1200,1000,24
Maharashtra,Pune,Pune(Khadiki) APMC,Potato,Local,Local,17/02/2026,800,1300,1050,24
Maharashtra,Pune,Pune(Khadiki) APMC,Potato,Local,Local,21/02/2026,900,1200,1050,24
Maharashtra,Pune,Pune(Khadiki) APMC,Potato,Local,Local,15/12/2025,800,1300,1050,24
Maharashtra,Pune,Pune(Khadiki) APMC,Potato,Local,Local,22/12/2025,800,1100,950,24
Maharashtra,Pune,Pune(Khadiki) APMC,Potato,Local,Local,10/11/2025,1000,1200,1100,24
Maharashtra,Pune,Pune(Khadiki) APMC,Potato,Local,Local,02/11/2025,1000,1200,1100,24
Maharashtra,Pune,Pune(Khadiki) APMC,Potato,Local,Local,05/11/2025,1100,1200,1150,24
Maharashtra,Pune,Pune(Khadiki) APMC,Potato,Local,Local,21/01/2026,1000,1300,1150,24
Maharashtra,Pune,Pune(Khadiki) APMC,Potato,Local,Local,27/01/2026,700,1200,950,24
Maharashtra,Pune,Pune(Khadiki) APMC,Potato,Local,Local,28/01/2026,900,1300,1100,24
Maharashtra,Pune,Pune(Khadiki) APMC,Potato,Local,Local,04/02/2026,800,1300,1050,24
Maharashtra,Pune,Pune(Khadiki) APMC,Potato,Local,Local,08/02/2026,700,1200,950,24
Maharashtra,Pune,Pune(Khadiki) APMC,Potato,Local,Local,13/02/2026,800,1200,1000,24
Maharashtra,Pune,Pune(Khadiki) APMC,Potato,Local,Local,23/11/2025,800,1200,1000,24
Maharashtra,Pune,Pune(Khadiki) APMC,Potato,Local,Local,13/11/2025,1100,1500,1200,24
Maharashtra,Pune,Pune(Khadiki) APMC,Potato,Local,Local,09/11/2025,1000,1300,1150,24
Maharashtra,Pune,Pune(Khadiki) APMC,Potato,Local,Local,01/11/2025,1000,1300,1150,24
Maharashtra,Pune,Pune(Khadiki) APMC,Potato,Local,Local,27/11/2025,800,1200,1000,24
Maharashtra,Pune,Pune(Khadiki) APMC,Potato,Local,Local,14/12/2025,800,1300,1050,24
Maharashtra,Pune,Pune(Khadiki) APMC,Potato,Local,Local,23/12/2025,800,1300,1050,24
Maharashtra,Pune,Pune(Khadiki) APMC,Potato,Local,Local,21/12/2025,900,1200,1050,24
Maharashtra,Pune,Pune(Khadiki) APMC,Potato,Local,Local,30/12/2025,800,1200,1000,24
Maharashtra,Pune,Pune(Khadiki) APMC,Potato,Local,Local,02/02/2026,800,1300,1050,24
Maharashtra,Pune,Pune(Khadiki) APMC,Potato,Local,Local,12/02/2026,800,1200,1000,24
Maharashtra,Pune,Pune(Khadiki) APMC,Potato,Local,Local,01/01/2026,800,1200,1000,24
Maharashtra,Pune,Pune(Khadiki) APMC,Potato,Local,Local,18/01/2026,800,1200,1000,24
Maharashtra,Pune,Pune(Khadiki) APMC,Potato,Local,Local,20/01/2026,1000,1300,1150,24
Maharashtra,Pune,Pune(Khadiki) APMC,Potato,Local,Local,03/01/2026,1000,1300,1150,24
Maharashtra,Pune,Pune(Khadiki) APMC,Potato,Local,Local,10/01/2026,1100,1300,1200,24
Maharashtra,Pune,Pune(Khadiki) APMC,Potato,Local,Local,25/01/2026,1000,1300,1150,24
Maharashtra,Pune,Pune(Khadiki) APMC,Potato,Local,Local,30/01/2026,700,1200,950,24
Maharashtra,Pune,Pune(Khadiki) APMC,Potato,Local,Local,24/11/2025,800,1400,1100,24
Maharashtra,Pune,Pune(Khadiki) APMC,Potato,Local,Local,28/11/2025,800,1300,1050,24
Maharashtra,Pune,Pune(Khadiki) APMC,Potato,Local,Local,05/02/2026,800,1300,1050,24
Maharashtra,Pune,Pune(Khadiki) APMC,Potato,Local,Local,10/02/2026,800,1200,1000,24
Maharashtra,Pune,Pune(Khadiki) APMC,Potato,Local,Local,04/01/2026,800,1300,1050,24
Maharashtra,Pune,Pune(Khadiki) APMC,Potato,Local,Local,11/01/2026,900,1200,1050,24
Maharashtra,Pune,Pune(Khadiki) APMC,Potato,Local,Local,14/01/2026,1000,1300,1150,24
Maharashtra,Pune,Pune(Khadiki) APMC,Potato,Local,Local,24/01/2026,1000,1300,1150,24
Maharashtra,Pune,Pune(Khadiki) APMC,Potato,Local,Local,17/01/2026,1000,1200,1100,24
Maharashtra,Pune,Pune(Khadiki) APMC,Potato,Local,Local,18/12/2025,800,1200,1000,24
Maharashtra,Pune,Pune(Khadiki) APMC,Potato,Local,Local,11/12/2025,800,1200,1000,24
Maharashtra,Pune,Pune(Khadiki) APMC,Potato,Local,Local,16/12/2025,700,1200,950,24
Maharashtra,Pune,Pune(Khadiki) APMC,Potato,Local,Local,26/12/2025,700,1200,950,24
Maharashtra,Pune,Pune(Khadiki) APMC,Potato,Local,Local,06/12/2025,1000,1300,1150,24
Maharashtra,Pune,Pune(Manjri),Potato,Other,FAQ,14/07/2024,2500,2800,2600,24
Maharashtra,Pune,Pune(Manjri),Potato,Other,FAQ,19/07/2024,2000,2800,2400,24
Maharashtra,Pune,Pune(Manjri),Potato,Other,FAQ,25/07/2024,2600,2800,2700,24
Maharashtra,Pune,Pune(Manjri),Potato,Other,FAQ,03/08/2024,2200,3000,2500,24
Maharashtra,Pune,Pune(Manjri),Potato,Other,FAQ,04/08/2024,2200,3000,2500,24
Maharashtra,Pune,Pune(Manjri),Potato,Other,FAQ,07/08/2024,2500,2900,2700,24
Maharashtra,Pune,Pune(Manjri),Potato,Other,FAQ,09/08/2024,2400,2800,2600,24
Maharashtra,Pune,Pune(Manjri),Potato,Other,FAQ,12/08/2024,2600,2800,2700,24
Maharashtra,Pune,Pune(Manjri),Potato,Other,FAQ,17/08/2024,2400,2800,2600,24
Maharashtra,Pune,Pune(Manjri),Potato,Other,FAQ,21/08/2024,2000,3000,2500,24
Maharashtra,Pune,Pune(Manjri),Potato,Other,FAQ,06/06/2024,2200,2600,2400,24
Maharashtra,Pune,Pune(Manjri),Potato,Other,FAQ,09/06/2024,2000,2600,2400,24
Maharashtra,Pune,Pune(Manjri),Potato,Other,FAQ,20/06/2024,2200,2800,2400,24
Maharashtra,Pune,Pune(Manjri),Potato,Other,FAQ,23/06/2024,2500,2800,2700,24
Maharashtra,Pune,Pune(Manjri),Potato,Other,FAQ,05/06/2024,2000,2400,2200,24
Maharashtra,Pune,Pune(Manjri),Potato,Other,FAQ,07/06/2024,2000,2700,2300,24
Maharashtra,Pune,Pune(Manjri),Potato,Other,FAQ,08/06/2024,2000,2600,2400,24
Maharashtra,Pune,Pune(Manjri),Potato,Other,FAQ,13/06/2024,2000,2600,2300,24
Maharashtra,Pune,Pune(Manjri),Potato,Other,FAQ,04/05/2024,2000,2500,2300,24
Maharashtra,Pune,Pune(Manjri),Potato,Other,FAQ,22/05/2024,1800,2400,2200,24
Maharashtra,Pune,Pune(Manjri),Potato,Other,FAQ,01/01/2024,1400,1800,1600,24
Maharashtra,Pune,Pune(Manjri),Potato,Other,FAQ,08/01/2024,1600,2000,1800,24
Maharashtra,Pune,Pune(Manjri),Potato,Other,FAQ,12/01/2024,1400,1800,1600,24
Maharashtra,Pune,Pune(Manjri),Potato,Other,FAQ,14/01/2024,1400,1800,1600,24
Maharashtra,Pune,Pune(Manjri),Potato,Other,FAQ,17/01/2024,1400,1800,1600,24
Maharashtra,Pune,Pune(Manjri),Potato,Other,FAQ,19/01/2024,1600,2000,1800,24
Maharashtra,Pune,Pune(Manjri),Potato,Other,FAQ,20/02/2024,1600,2000,1800,24
Maharashtra,Pune,Pune(Manjri),Potato,Other,FAQ,02/03/2024,1600,2000,1800,24
Maharashtra,Pune,Pune(Manjri),Potato,Other,FAQ,09/03/2024,1600,2000,1800,24
Maharashtra,Pune,Pune(Manjri),Potato,Other,FAQ,10/03/2024,1500,2000,1800,24
Maharashtra,Pune,Pune(Manjri),Potato,Other,FAQ,16/03/2024,1600,2000,1800,24
Maharashtra,Pune,Pune(Manjri),Potato,Other,FAQ,18/03/2024,1500,2000,1800,24
Maharashtra,Pune,Pune(Manjri),Potato,Other,FAQ,20/03/2024,1400,2000,1600,24
Maharashtra,Pune,Pune(Manjri),Potato,Other,FAQ,24/03/2024,1400,2000,1600,24
Maharashtra,Pune,Pune(Manjri),Potato,Other,FAQ,27/03/2024,1600,2000,1800,24
Maharashtra,Pune,Pune(Manjri),Potato,Other,FAQ,19/04/2024,2000,2400,2200,24
Maharashtra,Pune,Pune(Manjri),Potato,Other,FAQ,26/04/2024,1800,2400,2100,24
Maharashtra,Pune,Pune(Manjri),Potato,Other,FAQ,28/04/2024,2000,2500,2200,24
Maharashtra,Pune,Pune(Manjri),Potato,Other,FAQ,29/04/2024,2000,2400,2200,24
Maharashtra,Pune,Pune(Manjri),Potato,Other,FAQ,20/05/2021,1500,1500,1500,24
Maharashtra,Pune,Pune(Manjri),Potato,Other,FAQ,21/05/2021,1500,1500,1500,24
Maharashtra,Pune,Pune(Manjri),Potato,Other,FAQ,26/05/2021,1500,1500,1500,24
Maharashtra,Pune,Pune(Manjri),Potato,Other,FAQ,27/05/2021,1500,1500,1500,24
Maharashtra,Pune,Pune(Manjri),Potato,Other,FAQ,01/06/2021,1500,1500,1500,24
Maharashtra,Pune,Pune(Manjri),Potato,Other,FAQ,02/06/2021,1500,1500,1500,24
Maharashtra,Pune,Pune(Manjri),Potato,Other,FAQ,15/06/2021,1500,1500,1500,24
Maharashtra,Pune,Pune(Manjri),Potato,Other,FAQ,25/06/2021,1500,1500,1500,24
Maharashtra,Pune,Pune(Manjri),Potato,Other,FAQ,28/06/2021,1500,1500,1500,24
Maharashtra,Pune,Pune(Manjri),Potato,Other,FAQ,10/07/2021,1500,1500,1500,24
Maharashtra,Pune,Pune(Manjri),Potato,Other,FAQ,30/07/2021,1500,1500,1500,24
Maharashtra,Pune,Pune(Manjri),Potato,Other,FAQ,01/08/2021,1500,1500,1500,24
Maharashtra,Pune,Pune(Manjri),Potato,Other,FAQ,04/08/2021,1500,1500,1500,24
Maharashtra,Pune,Pune(Manjri),Potato,Other,FAQ,11/08/2021,1500,1500,1500,24
Maharashtra,Pune,Pune(Manjri),Potato,Other,FAQ,12/08/2021,1500,1500,1500,24
Maharashtra,Pune,Pune(Manjri),Potato,Other,FAQ,13/08/2021,1500,1500,1500,24
Maharashtra,Pune,Pune(Manjri),Potato,Other,FAQ,25/08/2021,1500,1500,1500,24
Maharashtra,Pune,Pune(Manjri),Potato,Other,FAQ,27/08/2021,1500,1500,1500,24
Maharashtra,Pune,Pune(Manjri),Potato,Other,FAQ,31/08/2021,1500,1500,1500,24
Maharashtra,Pune,Pune(Manjri),Potato,Other,FAQ,02/09/2021,1500,1500,1500,24
Maharashtra,Pune,Pune(Manjri),Potato,Other,FAQ,08/09/2021,1500,1500,1500,24
Maharashtra,Pune,Pune(Manjri),Potato,Other,FAQ,12/09/2021,1500,1500,1500,24
Maharashtra,Pune,Pune(Manjri),Potato,Other,FAQ,13/09/2021,1500,1500,1500,24
Maharashtra,Pune,Pune(Manjri),Potato,Other,FAQ,14/09/2021,1500,1500,1500,24
Maharashtra,Pune,Pune(Manjri),Potato,Other,FAQ,16/09/2021,1500,1500,1500,24
Maharashtra,Pune,Pune(Manjri),Potato,Other,FAQ,25/09/2021,1500,1500,1500,24
Maharashtra,Pune,Pune(Manjri),Potato,Other,FAQ,30/09/2021,1500,1500,1500,24
Maharashtra,Pune,Pune(Manjri),Potato,Other,FAQ,01/10/2021,1500,1500,1500,24
Maharashtra,Pune,Pune(Manjri),Potato,Other,FAQ,02/10/2021,1500,1500,1500,24
Maharashtra,Pune,Pune(Manjri),Potato,Other,FAQ,03/10/2021,1500,1500,1500,24
Maharashtra,Pune,Pune(Manjri),Potato,Other,FAQ,16/10/2021,1500,1500,1500,24
Maharashtra,Pune,Pune(Manjri),Potato,Other,FAQ,20/10/2021,1500,1500,1500,24
Maharashtra,Pune,Pune(Manjri),Potato,Other,FAQ,25/10/2021,1500,1500,1500,24
Maharashtra,Pune,Pune(Manjri),Potato,Other,FAQ,29/10/2021,1500,1500,1500,24
Maharashtra,Pune,Pune(Manjri),Potato,Other,FAQ,30/10/2021,1500,1500,1500,24
Maharashtra,Pune,Pune(Manjri),Potato,Other,FAQ,01/11/2021,1500,1500,1500,24
Maharashtra,Pune,Pune(Manjri),Potato,Other,FAQ,26/11/2021,1500,1500,1500,24
Maharashtra,Pune,Pune(Manjri),Potato,Other,FAQ,01/12/2021,1500,1500,1500,24
Maharashtra,Pune,Pune(Manjri),Potato,Other,FAQ,04/12/2021,1500,1500,1500,24
Maharashtra,Pune,Pune(Manjri),Potato,Other,FAQ,05/12/2021,1500,1500,1500,24
Maharashtra,Pune,Pune(Manjri),Potato,Other,FAQ,13/12/2021,1500,1500,1500,24
Maharashtra,Pune,Pune(Manjri),Potato,Other,FAQ,14/12/2021,1500,1500,1500,24
Maharashtra,Pune,Pune(Manjri),Potato,Other,FAQ,23/12/2021,1500,1500,1500,24
Maharashtra,Pune,Pune(Manjri),Potato,Other,FAQ,01/01/2025,1500,2400,2000,24
Maharashtra,Pune,Pune(Manjri),Potato,Other,FAQ,02/01/2025,1500,2200,1700,24
Maharashtra,Pune,Pune(Manjri),Potato,Other,FAQ,03/01/2025,1500,2500,2000,24
Maharashtra,Pune,Pune(Manjri),Potato,Other,FAQ,06/01/2025,1600,2600,2000,24
Maharashtra,Pune,Pune(Manjri),Potato,Other,FAQ,11/01/2025,1600,2600,2000,24
Maharashtra,Pune,Pune(Manjri),Potato,Other,FAQ,16/01/2025,1600,2600,2000,24
Maharashtra,Pune,Pune(Manjri),Potato,Other,FAQ,17/01/2025,1500,2500,2000,24
Maharashtra,Pune,Pune(Manjri),Potato,Other,FAQ,21/01/2025,1600,2600,2000,24
Maharashtra,Pune,Pune(Manjri),Potato,Other,FAQ,23/01/2025,1600,2500,2000,24
Maharashtra,Pune,Pune(Manjri),Potato,Other,FAQ,02/01/2022,1500,1500,1500,24
Maharashtra,Pune,Pune(Manjri),Potato,Other,FAQ,06/01/2022,1500,1500,1500,24
Maharashtra,Pune,Pune(Manjri),Potato,Other,FAQ,11/01/2022,1500,1500,1500,24
Maharashtra,Pune,Pune(Manjri),Potato,Other,FAQ,14/01/2022,1500,1500,1500,24
Maharashtra,Pune,Pune(Manjri),Potato,Other,FAQ,29/01/2022,1500,1500,1500,24
Maharashtra,Pune,Pune(Manjri),Potato,Other,FAQ,01/02/2022,1500,1500,1500,24
Maharashtra,Pune,Pune(Manjri),Potato,Other,FAQ,08/02/2022,1500,1500,1500,24
Maharashtra,Pune,Pune(Manjri),Potato,Other,FAQ,15/02/2022,1500,1500,1500,24
Maharashtra,Pune,Pune(Manjri),Potato,Other,FAQ,28/02/2022,1500,1500,1500,24
Maharashtra,Pune,Pune(Manjri),Potato,Other,FAQ,03/03/2022,1500,1500,1500,24
Maharashtra,Pune,Pune(Manjri),Potato,Other,FAQ,09/03/2022,1300,1500,1400,24
Maharashtra,Pune,Pune(Manjri),Potato,Other,FAQ,11/03/2022,1200,1400,1300,24
Maharashtra,Pune,Pune(Manjri),Potato,Other,FAQ,12/03/2022,850,1200,1000,24
Maharashtra,Pune,Pune(Manjri),Potato,Other,FAQ,18/03/2022,900,1100,1000,24
Maharashtra,Pune,Pune(Manjri),Potato,Other,FAQ,26/03/2022,900,1400,1200,24
Maharashtra,Pune,Pune(Manjri),Potato,Other,FAQ,01/04/2022,1100,1500,1300,24
Maharashtra,Pune,Pune(Manjri),Potato,Other,FAQ,15/04/2022,800,1700,1300,24
Maharashtra,Pune,Pune(Manjri),Potato,Other,FAQ,17/04/2022,1200,1700,1500,24
Maharashtra,Pune,Pune(Manjri),Potato,Other,FAQ,02/05/2022,1400,1700,1600,24
Maharashtra,Pune,Pune(Manjri),Potato,Other,FAQ,05/05/2022,1500,2000,1800,24
Maharashtra,Pune,Pune(Manjri),Potato,Other,FAQ,06/05/2022,1600,2000,1800,24
Maharashtra,Pune,Pune(Manjri),Potato,Other,FAQ,07/05/2022,1600,1900,1800,24
Maharashtra,Pune,Pune(Manjri),Potato,Other,FAQ,11/05/2022,1600,2200,2000,24
Maharashtra,Pune,Pune(Manjri),Potato,Other,FAQ,13/05/2022,1500,2200,1800,24
Maharashtra,Pune,Pune(Manjri),Potato,Other,FAQ,18/05/2022,1600,2200,1800,24
Maharashtra,Pune,Pune(Manjri),Potato,Other,FAQ,09/06/2022,1600,2200,1800,24
Maharashtra,Pune,Pune(Manjri),Potato,Other,FAQ,19/06/2022,1600,2200,1800,24
Maharashtra,Pune,Pune(Manjri),Potato,Other,FAQ,05/07/2022,1400,2000,1700,24
Maharashtra,Pune,Pune(Manjri),Potato,Other,FAQ,07/07/2022,1600,2200,1900,24
Maharashtra,Pune,Pune(Manjri),Potato,Other,FAQ,14/07/2022,1400,2000,1700,24
Maharashtra,Pune,Pune(Manjri),Potato,Other,FAQ,27/07/2022,1600,2000,1800,24
Maharashtra,Pune,Pune(Manjri),Potato,Other,FAQ,28/07/2022,1400,2000,1700,24
Maharashtra,Pune,Pune(Manjri),Potato,Other,FAQ,31/07/2022,1400,2000,1700,24
Maharashtra,Pune,Pune(Manjri),Potato,Other,FAQ,05/08/2022,1600,2000,1800,24
Maharashtra,Pune,Pune(Manjri),Potato,Other,FAQ,10/08/2022,1800,2200,2000,24
Maharashtra,Pune,Pune(Manjri),Potato,Other,FAQ,26/08/2022,1800,2000,1900,24
Maharashtra,Pune,Pune(Manjri),Potato,Other,FAQ,28/08/2022,1800,2000,1900,24
Maharashtra,Pune,Pune(Manjri),Potato,Other,FAQ,31/08/2022,1600,2000,1800,24
Maharashtra,Pune,Pune(Manjri),Potato,Other,FAQ,18/09/2022,1800,2000,1900,24
Maharashtra,Pune,Pune(Manjri),Potato,Other,FAQ,30/09/2022,1600,2000,1800,24
Maharashtra,Pune,Pune(Manjri),Potato,Other,FAQ,03/10/2022,1600,2000,1700,24
Maharashtra,Pune,Pune(Manjri),Potato,Other,FAQ,05/10/2022,1600,2000,1800,24
Maharashtra,Pune,Pune(Manjri),Potato,Other,FAQ,06/10/2022,1500,2000,1800,24
Maharashtra,Pune,Pune(Manjri),Potato,Other,FAQ,11/10/2022,1600,1900,1800,24
Maharashtra,Pune,Pune(Manjri),Potato,Other,FAQ,24/10/2022,1600,2000,1700,24
Maharashtra,Pune,Pune(Manjri),Potato,Other,FAQ,28/10/2022,1600,2000,1800,24
Maharashtra,Pune,Pune(Manjri),Potato,Other,FAQ,06/11/2022,1800,2500,2200,24
Maharashtra,Pune,Pune(Manjri),Potato,Other,FAQ,09/11/2022,1800,2200,2000,24
Maharashtra,Pune,Pune(Manjri),Potato,Other,FAQ,16/11/2022,1600,2000,1800,24
Maharashtra,Pune,Pune(Manjri),Potato,Other,FAQ,22/11/2022,1200,2000,1600,24
Maharashtra,Pune,Pune(Manjri),Potato,Other,FAQ,05/12/2022,1600,2000,1800,24
Maharashtra,Pune,Pune(Manjri),Potato,Other,FAQ,08/12/2022,1800,2200,2000,24
Maharashtra,Pune,Pune(Manjri),Potato,Other,FAQ,10/12/2022,1800,2200,2000,24
Maharashtra,Pune,Pune(Manjri),Potato,Other,FAQ,11/12/2022,1800,2200,2000,24
Maharashtra,Pune,Pune(Manjri),Potato,Other,FAQ,13/12/2022,1600,2000,1800,24
Maharashtra,Pune,Pune(Manjri),Potato,Other,FAQ,17/12/2022,1600,2000,1800,24
Maharashtra,Pune,Pune(Manjri),Potato,Other,FAQ,11/09/2024,2400,2800,2600,24
Maharashtra,Pune,Pune(Manjri),Potato,Other,FAQ,27/09/2024,2000,3000,2600,24
Maharashtra,Pune,Pune(Manjri),Potato,Other,FAQ,05/09/2024,2000,3000,2800,24
Maharashtra,Pune,Pune(Manjri),Potato,Other,FAQ,14/09/2024,2400,2800,2600,24
Maharashtra,Pune,Pune(Manjri),Potato,Other,FAQ,19/09/2024,2000,3200,2700,24
Maharashtra,Pune,Pune(Manjri),Potato,Other,FAQ,17/05/2024,2000,2500,2300,24
Maharashtra,Pune,Pune(Manjri),Potato,Other,FAQ,27/05/2024,1800,2200,2000,24
Maharashtra,Pune,Pune(Manjri),Potato,Other,FAQ,21/05/2024,1800,2400,2200,24
Maharashtra,Pune,Pune(Manjri),Potato,Other,Local,10/03/2025,1500,2600,2000,24
Maharashtra,Pune,Pune(Manjri),Potato,Other,Local,12/03/2025,1600,2500,2000,24
Maharashtra,Pune,Pune(Manjri),Potato,Other,Local,16/03/2025,1600,2600,2100,24
Maharashtra,Pune,Pune(Manjri),Potato,Other,Local,23/03/2025,1600,2500,2000,24
Maharashtra,Pune,Pune(Manjri),Potato,Other,Local,24/03/2025,1500,2400,1900,24
Maharashtra,Pune,Pune(Manjri),Potato,Other,Local,22/03/2025,1500,2500,2000,24
Maharashtra,Pune,Pune(Manjri),Potato,Other,Local,26/03/2025,1500,2500,2000,24
Maharashtra,Pune,Pune(Manjri),Potato,Other,Local,31/03/2025,1400,2400,1800,24
Maharashtra,Pune,Pune(Manjri),Potato,Other,FAQ,14/10/2024,2600,3500,3000,24
Maharashtra,Pune,Pune(Manjri),Potato,Other,FAQ,31/10/2024,2000,2600,2400,24
Maharashtra,Pune,Pune(Manjri),Potato,Other,FAQ,30/10/2024,2000,2600,2400,24
Maharashtra,Pune,Pune(Manjri),Potato,Other,FAQ,02/10/2024,2000,3000,2700,24
Maharashtra,Pune,Pune(Manjri),Potato,Other,FAQ,07/12/2024,2000,3000,2600,24
Maharashtra,Pune,Pune(Manjri),Potato,Other,FAQ,10/12/2024,1800,3000,2500,24
Maharashtra,Pune,Pune(Manjri),Potato,Other,FAQ,24/12/2024,2000,4000,3500,24
Maharashtra,Pune,Pune(Manjri),Potato,Other,FAQ,27/12/2024,1500,2500,2000,24
Maharashtra,Pune,Pune(Manjri),Potato,Other,FAQ,30/12/2024,1500,2500,2000,24
Maharashtra,Pune,Pune(Manjri),Potato,Other,FAQ,17/01/2023,1800,2000,1900,24
Maharashtra,Pune,Pune(Manjri),Potato,Other,FAQ,29/01/2023,1800,2000,1900,24
Maharashtra,Pune,Pune(Manjri),Potato,Other,FAQ,02/02/2023,1400,1600,1500,24
Maharashtra,Pune,Pune(Manjri),Potato,Other,FAQ,03/02/2023,1400,1600,1500,24
Maharashtra,Pune,Pune(Manjri),Potato,Other,FAQ,13/02/2023,1600,2000,1800,24
Maharashtra,Pune,Pune(Manjri),Potato,Other,FAQ,19/02/2023,1600,2000,1800,24
Maharashtra,Pune,Pune(Manjri),Potato,Other,FAQ,27/02/2023,1400,1800,1600,24
Maharashtra,Pune,Pune(Manjri),Potato,Other,FAQ,12/03/2023,1600,2000,1800,24
Maharashtra,Pune,Pune(Manjri),Potato,Other,FAQ,18/03/2023,1600,2000,1800,24
Maharashtra,Pune,Pune(Manjri),Potato,Other,FAQ,19/03/2023,1800,2000,1900,24
Maharashtra,Pune,Pune(Manjri),Potato,Other,FAQ,31/03/2023,1000,1200,1200,24
Maharashtra,Pune,Pune(Manjri),Potato,Other,FAQ,05/04/2023,1200,1600,1400,24
Maharashtra,Pune,Pune(Manjri),Potato,Other,FAQ,10/04/2023,1400,1600,1500,24
Maharashtra,Pune,Pune(Manjri),Potato,Other,FAQ,11/04/2023,1400,1600,1500,24
Maharashtra,Pune,Pune(Manjri),Potato,Other,FAQ,18/04/2023,1400,1800,1600,24
Maharashtra,Pune,Pune(Manjri),Potato,Other,FAQ,20/04/2023,1400,1600,1500,24
Maharashtra,Pune,Pune(Manjri),Potato,Other,FAQ,25/04/2023,1400,1800,1600,24
Maharashtra,Pune,Pune(Manjri),Potato,Other,FAQ,29/04/2023,1400,1600,1500,24
Maharashtra,Pune,Pune(Manjri),Potato,Other,FAQ,14/05/2023,1400,1600,1500,24
Maharashtra,Pune,Pune(Manjri),Potato,Other,FAQ,23/05/2023,1200,1600,1400,24
Maharashtra,Pune,Pune(Manjri),Potato,Other,FAQ,26/06/2023,1200,1600,1400,24
Maharashtra,Pune,Pune(Manjri),Potato,Other,FAQ,27/06/2023,1400,1600,1500,24
Maharashtra,Pune,Pune(Manjri),Potato,Other,FAQ,05/07/2023,900,1200,1000,24
Maharashtra,Pune,Pune(Manjri),Potato,Other,FAQ,07/07/2023,900,1400,1200,24
Maharashtra,Pune,Pune(Manjri),Potato,Other,FAQ,25/07/2023,1200,1600,1400,24
Maharashtra,Pune,Pune(Manjri),Potato,Other,FAQ,30/07/2023,1400,1800,1600,24
Maharashtra,Pune,Pune(Manjri),Potato,Other,FAQ,31/07/2023,1400,1800,1600,24
Maharashtra,Pune,Pune(Manjri),Potato,Other,FAQ,03/08/2023,1400,1600,1500,24
Maharashtra,Pune,Pune(Manjri),Potato,Other,FAQ,07/08/2023,1400,1800,1600,24
Maharashtra,Pune,Pune(Manjri),Potato,Other,FAQ,11/08/2023,1200,1600,1400,24
Maharashtra,Pune,Pune(Manjri),Potato,Other,FAQ,20/08/2023,1400,1700,1600,24
Maharashtra,Pune,Pune(Manjri),Potato,Other,FAQ,26/08/2023,1400,2000,1600,24
Maharashtra,Pune,Pune(Manjri),Potato,Other,FAQ,27/08/2023,1400,1800,1600,24
Maharashtra,Pune,Pune(Manjri),Potato,Other,FAQ,01/09/2023,1500,2000,1800,24
Maharashtra,Pune,Pune(Manjri),Potato,Other,FAQ,20/09/2023,1400,1800,1600,24
Maharashtra,Pune,Pune(Manjri),Potato,Other,FAQ,23/09/2023,1200,1800,1600,24
Maharashtra,Pune,Pune(Manjri),Potato,Other,FAQ,24/09/2023,1200,1800,1600,24
Maharashtra,Pune,Pune(Manjri),Potato,Other,FAQ,27/09/2023,1000,2000,1500,24
Maharashtra,Pune,Pune(Manjri),Potato,Other,FAQ,17/10/2023,1600,2200,1800,24
Maharashtra,Pune,Pune(Manjri),Potato,Other,FAQ,21/10/2023,1500,1800,1600,24
Maharashtra,Pune,Pune(Manjri),Potato,Other,FAQ,11/11/2023,1200,1400,1300,24
Maharashtra,Pune,Pune(Manjri),Potato,Other,FAQ,18/11/2023,1000,1800,1400,24
Maharashtra,Pune,Pune(Manjri),Potato,Other,FAQ,27/11/2023,1200,1600,1400,24
Maharashtra,Pune,Pune(Manjri),Potato,Other,FAQ,07/12/2023,1200,1800,1500,24
Maharashtra,Pune,Pune(Manjri),Potato,Other,FAQ,20/12/2023,1200,1600,1400,24
Maharashtra,Pune,Pune(Manjri),Potato,Other,FAQ,22/12/2023,1400,1600,1500,24
Maharashtra,Pune,Pune(Manjri),Potato,Other,FAQ,13/11/2024,2000,4000,3000,24
Maharashtra,Pune,Pune(Manjri),Potato,Other,FAQ,23/11/2024,2000,3800,2800,24
Maharashtra,Pune,Pune(Manjri),Potato,Other,FAQ,24/11/2024,2000,3800,3000,24
Maharashtra,Pune,Pune(Manjri),Potato,Other,Local,02/02/2025,1600,2600,2000,24
Maharashtra,Pune,Pune(Manjri),Potato,Other,Local,06/02/2025,1600,2600,2000,24
Maharashtra,Pune,Pune(Manjri),Potato,Other,Local,13/02/2025,1600,2600,2000,24
Maharashtra,Pune,Pune(Manjri),Potato,Other,Local,18/02/2025,1500,2500,2000,24
Maharashtra,Pune,Pune(Manjri),Potato,Other,Local,19/02/2025,1500,2500,2000,24
Maharashtra,Pune,Pune(Manjri),Potato,Other,Local,20/02/2025,2000,2500,2500,24
Maharashtra,Pune,Pune(Manjri),Potato,Other,Local,24/02/2025,1600,2600,2000,24
Maharashtra,Pune,Pune(Manjri),Potato,Other,Local,06/06/2025,1600,2400,2000,24
Maharashtra,Pune,Pune(Manjri),Potato,Other,Local,11/06/2025,1400,2200,1800,24
Maharashtra,Pune,Pune(Manjri),Potato,Other,Local,19/06/2025,1600,2200,2000,24
Maharashtra,Pune,Pune(Manjri),Potato,Other,Local,25/06/2025,1600,2200,2000,24
Maharashtra,Pune,Pune(Manjri),Potato,Other,Local,16/06/2025,1600,2200,2000,24
Maharashtra,Pune,Pune(Manjri),Potato,Other,Local,09/07/2025,1600,2200,2000,24
Maharashtra,Pune,Pune(Manjri),Potato,Other,Local,18/07/2025,1200,2200,1600,24
Maharashtra,Pune,Pune(Manjri),Potato,Other,Local,21/07/2025,1400,2200,1800,24
Maharashtra,Pune,Pune(Manjri),Potato,Other,Local,22/07/2025,1500,2000,1800,24
Maharashtra,Pune,Pune(Manjri),Potato,Other,Local,28/07/2025,1500,2000,1800,24
Maharashtra,Pune,Pune(Manjri),Potato,Other,Local,30/07/2025,1500,2000,1800,24
Maharashtra,Pune,Pune(Manjri),Potato,Other,Local,08/04/2025,1600,2500,2000,24
Maharashtra,Pune,Pune(Manjri),Potato,Other,Local,10/04/2025,1600,2600,2000,24
Maharashtra,Pune,Pune(Manjri),Potato,Other,Local,11/04/2025,1400,2600,2000,24
Maharashtra,Pune,Pune(Manjri),Potato,Other,Local,13/04/2025,1500,2000,1700,24
Maharashtra,Pune,Pune(Manjri),Potato,Other,Local,14/04/2025,1500,2000,1700,24
Maharashtra,Pune,Pune(Manjri),Potato,Other,Local,19/04/2025,1500,2200,1800,24
Maharashtra,Pune,Pune(Manjri),Potato,Other,Local,24/04/2025,1500,2000,1700,24
Maharashtra,Pune,Pune(Manjri),Potato,Other,Local,26/04/2025,1500,2500,2000,24
Maharashtra,Pune,Pune(Manjri),Potato,Other,FAQ,17/10/2024,2000,2800,2400,24
Maharashtra,Pune,Pune(Manjri),Potato,Other,FAQ,19/11/2024,2200,3800,3000,24
Maharashtra,Pune,Pune(Manjri),Potato,Other,Local,07/05/2025,1500,2200,1800,24
Maharashtra,Pune,Pune(Manjri),Potato,Other,Local,11/05/2025,1500,2300,1900,24
Maharashtra,Pune,Pune(Manjri),Potato,Other,Local,02/09/2025,1500,2500,2000,24
Maharashtra,Pune,Pune(Manjri),Potato,Other,Local,03/09/2025,1000,2000,1500,24
Maharashtra,Pune,Pune(Manjri),Potato,Other,Local,10/09/2025,1500,2500,2200,24
Maharashtra,Pune,Pune(Manjri),Potato,Other,Local,15/09/2025,1500,2500,2000,24
Maharashtra,Pune,Pune(Manjri),Potato,Other,Local,17/09/2025,1500,2500,2000,24
Maharashtra,Pune,Pune(Manjri),Potato,Other,Local,29/09/2025,1500,2500,2200,24
Maharashtra,Pune,Pune(Manjri),Potato,Other,Local,06/10/2025,1500,2000,1800,24
Maharashtra,Pune,Pune(Manjri),Potato,Other,Local,26/10/2025,1000,2000,1600,24
Maharashtra,Pune,Pune(Manjri),Potato,Other,Local,29/10/2025,1000,2000,1500,24
Maharashtra,Pune,Pune(Manjri),Potato,Other,Local,02/10/2025,1500,2000,1800,24
Maharashtra,Pune,Pune(Manjri),Potato,Other,Local,09/10/2025,1500,2000,1800,24
Maharashtra,Pune,Pune(Manjri),Potato,Other,Local,23/10/2025,1000,2000,1800,24
Maharashtra,Pune,Pune(Manjri),Potato,Other,Local,07/08/2025,1500,2500,2000,24
Maharashtra,Pune,Pune(Manjri),Potato,Other,Local,11/08/2025,1500,2500,2000,24
Maharashtra,Pune,Pune(Manjri),Potato,Other,Local,12/08/2025,1500,2500,2000,24
Maharashtra,Pune,Pune(Manjri),Potato,Other,Local,03/02/2025,1500,2500,2000,24
Maharashtra,Pune,Pune(Manjri),Potato,Other,Local,07/02/2025,1800,2600,2200,24
Maharashtra,Pune,Pune(Manjri),Potato,Other,Local,09/02/2025,1600,2800,2200,24
Maharashtra,Pune,Pune(Manjri),Potato,Other,Local,21/02/2025,1500,2500,2000,24
Maharashtra,Pune,Pune(Manjri),Potato,Other,Local,22/02/2025,1500,2500,2000,24
Maharashtra,Pune,Pune(Manjri),Potato,Other,FAQ,24/09/2024,2000,3000,2800,24
Maharashtra,Pune,Pune(Manjri),Potato,Other,FAQ,10/09/2024,2000,3500,2800,24
Maharashtra,Pune,Pune(Manjri),Potato,Other,FAQ,08/12/2024,2500,3200,3000,24
Maharashtra,Pune,Pune(Manjri),Potato,Other,FAQ,18/12/2024,1800,2600,2400,24
Maharashtra,Pune,Pune(Manjri),Potato,Other,FAQ,20/12/2024,1800,2600,2200,24
Maharashtra,Pune,Pune(Manjri),Potato,Other,FAQ,25/12/2024,1800,2400,2000,24
Maharashtra,Pune,Pune(Manjri),Potato,Other,FAQ,04/01/2025,1500,2600,2000,24
Maharashtra,Pune,Pune(Manjri),Potato,Other,FAQ,09/01/2025,1500,2500,2000,24
Maharashtra,Pune,Pune(Manjri),Potato,Other,FAQ,18/01/2025,1600,2600,2000,24
Maharashtra,Pune,Pune(Manjri),Potato,Other,FAQ,19/01/2025,1500,2500,2000,24
Maharashtra,Pune,Pune(Manjri),Potato,Other,FAQ,20/01/2025,1500,2500,2000,24
Maharashtra,Pune,Pune(Manjri),Potato,Other,Local,31/01/2025,1500,2500,2000,24
Maharashtra,Pune,Pune(Manjri),Potato,Other,FAQ,22/10/2024,2000,3000,2400,24
Maharashtra,Pune,Pune(Manjri),Potato,Other,FAQ,01/10/2024,2000,3000,2600,24
Maharashtra,Pune,Pune(Manjri),Potato,Other,FAQ,12/10/2024,2000,2800,2400,24
Maharashtra,Pune,Pune(Manjri),Potato,Other,FAQ,10/08/2024,2600,2800,2700,24
Maharashtra,Pune,Pune(Manjri),Potato,Other,FAQ,11/08/2024,2600,2800,2700,24
Maharashtra,Pune,Pune(Manjri),Potato,Other,FAQ,29/08/2024,2500,3500,3000,24
Maharashtra,Pune,Pune(Manjri),Potato,Other,FAQ,10/10/2024,2200,3000,2600,24
Maharashtra,Pune,Pune(Manjri),Potato,Other,FAQ,29/10/2024,2200,2800,2600,24
Maharashtra,Pune,Pune(Manjri),Potato,Other,FAQ,26/10/2024,2400,2800,2600,24
Maharashtra,Pune,Pune(Manjri),Potato,Other,FAQ,02/11/2024,2200,2800,2200,24
Maharashtra,Pune,Pune(Manjri),Potato,Other,FAQ,22/11/2024,2000,3800,2800,24
Maharashtra,Pune,Pune(Manjri),Potato,Other,FAQ,26/11/2024,2000,3500,2800,24
Maharashtra,Pune,Pune(Manjri),Potato,Other,FAQ,04/11/2024,2000,2600,2400,24
Maharashtra,Pune,Pune(Manjri),Potato,Other,FAQ,03/09/2024,2200,3200,2800,24
Maharashtra,Pune,Pune(Manjri),Potato,Other,FAQ,02/05/2024,2000,2500,2200,24
Maharashtra,Pune,Pune(Manjri),Potato,Other,FAQ,03/05/2024,2000,2400,2200,24
Maharashtra,Pune,Pune(Manjri),Potato,Other,FAQ,08/05/2024,2200,2700,2500,24
Maharashtra,Pune,Pune(Manjri),Potato,Other,FAQ,09/05/2024,2200,2600,2400,24
Maharashtra,Pune,Pune(Manjri),Potato,Other,FAQ,18/05/2024,2200,2600,2400,24
Maharashtra,Pune,Pune(Manjri),Potato,Other,FAQ,19/05/2024,2000,2600,2200,24
Maharashtra,Pune,Pune(Manjri),Potato,Other,FAQ,24/05/2024,1500,3000,2500,24
Maharashtra,Pune,Pune(Manjri),Potato,Other,FAQ,28/05/2024,2000,2200,2100,24
Maharashtra,Pune,Pune(Manjri),Potato,Other,FAQ,14/06/2024,2200,2600,2400,24
Maharashtra,Pune,Pune(Manjri),Potato,Other,FAQ,28/06/2024,2400,2600,2500,24
Maharashtra,Pune,Pune(Manjri),Potato,Other,FAQ,19/06/2024,2500,2800,2700,24
Maharashtra,Pune,Pune(Manjri),Potato,Other,FAQ,26/06/2024,2800,3000,2900,24
Maharashtra,Pune,Pune(Manjri),Potato,Other,FAQ,02/01/2024,1400,1800,1600,24
Maharashtra,Pune,Pune(Manjri),Potato,Other,FAQ,16/01/2024,1400,1800,1600,24
Maharashtra,Pune,Pune(Manjri),Potato,Other,FAQ,21/01/2024,1600,2000,1800,24
Maharashtra,Pune,Pune(Manjri),Potato,Other,FAQ,27/01/2024,1600,2000,1800,24
Maharashtra,Pune,Pune(Manjri),Potato,Other,FAQ,31/01/2024,1600,2000,1800,24
Maharashtra,Pune,Pune(Manjri),Potato,Other,FAQ,10/02/2024,1500,1800,1600,24
Maharashtra,Pune,Pune(Manjri),Potato,Other,FAQ,16/02/2024,1800,2000,1900,24
Maharashtra,Pune,Pune(Manjri),Potato,Other,FAQ,03/03/2024,1600,2000,1600,24
Maharashtra,Pune,Pune(Manjri),Potato,Other,FAQ,05/03/2024,1600,2200,1800,24
Maharashtra,Pune,Pune(Manjri),Potato,Other,FAQ,11/03/2024,1600,2000,1800,24
Maharashtra,Pune,Pune(Manjri),Potato,Other,FAQ,22/03/2024,1400,2000,1600,24
Maharashtra,Pune,Pune(Manjri),Potato,Other,FAQ,25/03/2024,1200,1800,1400,24
Maharashtra,Pune,Pune(Manjri),Potato,Other,FAQ,29/03/2024,1500,2000,1700,24
Maharashtra,Pune,Pune(Manjri),Potato,Other,FAQ,02/04/2024,1600,2000,1800,24
Maharashtra,Pune,Pune(Manjri),Potato,Other,FAQ,06/04/2024,1500,2000,1700,24
Maharashtra,Pune,Pune(Manjri),Potato,Other,FAQ,07/04/2024,1500,2000,1800,24
Maharashtra,Pune,Pune(Manjri),Potato,Other,FAQ,08/04/2024,1600,2000,1800,24
Maharashtra,Pune,Pune(Manjri),Potato,Other,FAQ,15/04/2024,1800,2400,2100,24
Maharashtra,Pune,Pune(Manjri),Potato,Other,FAQ,30/04/2024,2200,2400,2300,24
Maharashtra,Pune,Pune(Manjri),Potato,Other,FAQ,13/07/2024,2000,2400,2200,24
Maharashtra,Pune,Pune(Manjri),Potato,Other,FAQ,17/07/2024,2400,3000,2800,24
Maharashtra,Pune,Pune(Manjri),Potato,Other,FAQ,24/07/2024,2500,2800,2700,24
Maharashtra,Pune,Pune(Manjri),Potato,Other,FAQ,05/07/2024,2200,2600,2400,24
Maharashtra,Pune,Pune(Manjri),Potato,Other,FAQ,18/07/2024,2000,3000,2700,24
Maharashtra,Pune,Pune(Manjri),Potato,Other,FAQ,31/07/2024,2500,3000,2800,24
Maharashtra,Pune,Pune(Manjri),Potato,Other,FAQ,02/04/2021,1500,1500,1500,24
Maharashtra,Pune,Pune(Manjri),Potato,Other,FAQ,08/06/2021,1500,1500,1500,24
Maharashtra,Pune,Pune(Manjri),Potato,Other,FAQ,14/06/2021,1500,1500,1500,24
Maharashtra,Pune,Pune(Manjri),Potato,Other,FAQ,20/06/2021,1500,1500,1500,24
Maharashtra,Pune,Pune(Manjri),Potato,Other,FAQ,22/06/2021,1500,1500,1500,24
Maharashtra,Pune,Pune(Manjri),Potato,Other,FAQ,24/06/2021,1500,1500,1500,24
Maharashtra,Pune,Pune(Manjri),Potato,Other,FAQ,06/07/2021,1500,1500,1500,24
Maharashtra,Pune,Pune(Manjri),Potato,Other,FAQ,09/07/2021,1500,1500,1500,24
Maharashtra,Pune,Pune(Manjri),Potato,Other,FAQ,15/07/2021,1500,1500,1500,24
Maharashtra,Pune,Pune(Manjri),Potato,Other,FAQ,19/07/2021,1500,1500,1500,24
Maharashtra,Pune,Pune(Manjri),Potato,Other,FAQ,23/07/2021,1500,1500,1500,24
Maharashtra,Pune,Pune(Manjri),Potato,Other,FAQ,25/07/2021,1500,1500,1500,24
Maharashtra,Pune,Pune(Manjri),Potato,Other,FAQ,26/07/2021,1500,1500,1500,24
Maharashtra,Pune,Pune(Manjri),Potato,Other,FAQ,27/07/2021,1500,1500,1500,24
Maharashtra,Pune,Pune(Manjri),Potato,Other,FAQ,05/08/2021,1500,1500,1500,24
Maharashtra,Pune,Pune(Manjri),Potato,Other,FAQ,06/08/2021,1500,1500,1500,24
Maharashtra,Pune,Pune(Manjri),Potato,Other,FAQ,09/08/2021,1500,1500,1500,24
Maharashtra,Pune,Pune(Manjri),Potato,Other,FAQ,10/08/2021,1500,1500,1500,24
Maharashtra,Pune,Pune(Manjri),Potato,Other,FAQ,21/08/2021,1500,1500,1500,24
Maharashtra,Pune,Pune(Manjri),Potato,Other,FAQ,26/08/2021,1500,1500,1500,24
Maharashtra,Pune,Pune(Manjri),Potato,Other,FAQ,28/08/2021,1500,1500,1500,24
Maharashtra,Pune,Pune(Manjri),Potato,Other,FAQ,29/08/2021,1500,1500,1500,24
Maharashtra,Pune,Pune(Manjri),Potato,Other,FAQ,04/09/2021,1500,1500,1500,24
Maharashtra,Pune,Pune(Manjri),Potato,Other,FAQ,07/09/2021,1500,1500,1500,24
Maharashtra,Pune,Pune(Manjri),Potato,Other,FAQ,15/09/2021,1500,1500,1500,24
Maharashtra,Pune,Pune(Manjri),Potato,Other,FAQ,29/09/2021,1500,1500,1500,24
Maharashtra,Pune,Pune(Manjri),Potato,Other,FAQ,10/10/2021,1500,1500,1500,24
Maharashtra,Pune,Pune(Manjri),Potato,Other,FAQ,15/10/2021,1000,1000,1000,24
Maharashtra,Pune,Pune(Manjri),Potato,Other,FAQ,19/10/2021,1500,1500,1500,24
Maharashtra,Pune,Pune(Manjri),Potato,Other,FAQ,04/11/2021,1500,1500,1500,24
Maharashtra,Pune,Pune(Manjri),Potato,Other,FAQ,10/11/2021,1500,1500,1500,24
Maharashtra,Pune,Pune(Manjri),Potato,Other,FAQ,15/11/2021,1500,1500,1500,24
Maharashtra,Pune,Pune(Manjri),Potato,Other,FAQ,20/11/2021,1500,1500,1500,24
Maharashtra,Pune,Pune(Manjri),Potato,Other,FAQ,21/11/2021,1500,1500,1500,24
Maharashtra,Pune,Pune(Manjri),Potato,Other,FAQ,24/11/2021,1500,1500,1500,24
Maharashtra,Pune,Pune(Manjri),Potato,Other,FAQ,06/12/2021,1500,1500,1500,24
Maharashtra,Pune,Pune(Manjri),Potato,Other,FAQ,11/12/2021,1500,1500,1500,24
Maharashtra,Pune,Pune(Manjri),Potato,Other,FAQ,20/12/2021,1500,1500,1500,24
Maharashtra,Pune,Pune(Manjri),Potato,Other,FAQ,22/12/2021,1500,1500,1500,24
Maharashtra,Pune,Pune(Manjri),Potato,Other,FAQ,27/12/2021,1500,1500,1500,24
Maharashtra,Pune,Pune(Manjri),Potato,Other,FAQ,30/12/2021,1500,1500,1500,24
Maharashtra,Pune,Pune(Manjri),Potato,Other,Local,03/04/2025,1500,2500,2000,24
Maharashtra,Pune,Pune(Manjri),Potato,Other,Local,04/04/2025,1400,2400,1800,24
Maharashtra,Pune,Pune(Manjri),Potato,Other,Local,07/04/2025,1500,2500,2000,24
Maharashtra,Pune,Pune(Manjri),Potato,Other,Local,09/04/2025,1600,2500,2000,24
Maharashtra,Pune,Pune(Manjri),Potato,Other,Local,16/04/2025,1500,2000,1700,24
Maharashtra,Pune,Pune(Manjri),Potato,Other,Local,17/04/2025,1500,2200,1800,24
Maharashtra,Pune,Pune(Manjri),Potato,Other,Local,21/04/2025,1500,2200,1800,24
Maharashtra,Pune,Pune(Manjri),Potato,Other,Local,28/04/2025,2000,2500,2200,24
Maharashtra,Pune,Pune(Manjri),Potato,Other,FAQ,08/01/2022,1500,1500,1500,24
Maharashtra,Pune,Pune(Manjri),Potato,Other,FAQ,06/02/2022,1500,1500,1500,24
Maharashtra,Pune,Pune(Manjri),Potato,Other,FAQ,09/02/2022,1500,1500,1500,24
Maharashtra,Pune,Pune(Manjri),Potato,Other,FAQ,17/02/2022,1500,1500,1500,24
Maharashtra,Pune,Pune(Manjri),Potato,Other,FAQ,21/02/2022,1500,1500,1500,24
Maharashtra,Pune,Pune(Manjri),Potato,Other,FAQ,22/02/2022,1500,1500,1500,24
Maharashtra,Pune,Pune(Manjri),Potato,Other,FAQ,04/03/2022,1400,1800,1600,24
Maharashtra,Pune,Pune(Manjri),Potato,Other,FAQ,08/03/2022,1400,1700,1550,24
Maharashtra,Pune,Pune(Manjri),Potato,Other,FAQ,13/03/2022,900,1300,1100,24
Maharashtra,Pune,Pune(Manjri),Potato,Other,FAQ,16/03/2022,1200,1500,1400,24
Maharashtra,Pune,Pune(Manjri),Potato,Other,FAQ,17/03/2022,1200,1500,1400,24
Maharashtra,Pune,Pune(Manjri),Potato,Other,FAQ,19/03/2022,1100,1400,1300,24
Maharashtra,Pune,Pune(Manjri),Potato,Other,FAQ,24/03/2022,1100,1600,1400,24
Maharashtra,Pune,Pune(Manjri),Potato,Other,FAQ,28/03/2022,900,1400,1200,24
Maharashtra,Pune,Pune(Manjri),Potato,Other,FAQ,29/03/2022,800,1400,1200,24
Maharashtra,Pune,Pune(Manjri),Potato,Other,FAQ,02/04/2022,1100,1500,1300,24
Maharashtra,Pune,Pune(Manjri),Potato,Other,FAQ,06/04/2022,1100,1600,1300,24
Maharashtra,Pune,Pune(Manjri),Potato,Other,FAQ,07/04/2022,1400,1700,1600,24
Maharashtra,Pune,Pune(Manjri),Potato,Other,FAQ,12/04/2022,1200,1600,1400,24
Maharashtra,Pune,Pune(Manjri),Potato,Other,FAQ,27/04/2022,1200,1700,1500,24
Maharashtra,Pune,Pune(Manjri),Potato,Other,FAQ,28/04/2022,1200,1600,1500,24
Maharashtra,Pune,Pune(Manjri),Potato,Other,FAQ,10/05/2022,1600,2200,2000,24
Maharashtra,Pune,Pune(Manjri),Potato,Other,FAQ,19/05/2022,1600,2200,1800,24
Maharashtra,Pune,Pune(Manjri),Potato,Other,FAQ,24/05/2022,1600,2200,1800,24
Maharashtra,Pune,Pune(Manjri),Potato,Other,FAQ,12/06/2022,1600,2200,1800,24
Maharashtra,Pune,Pune(Manjri),Potato,Other,FAQ,15/06/2022,1600,2200,1800,24
Maharashtra,Pune,Pune(Manjri),Potato,Other,FAQ,25/06/2022,1200,2000,1600,24
Maharashtra,Pune,Pune(Manjri),Potato,Other,FAQ,30/06/2022,1400,2000,1800,24
Maharashtra,Pune,Pune(Manjri),Potato,Other,FAQ,02/07/2022,1400,1800,1600,24
Maharashtra,Pune,Pune(Manjri),Potato,Other,FAQ,09/07/2022,1600,2000,1800,24
Maharashtra,Pune,Pune(Manjri),Potato,Other,FAQ,17/07/2022,1600,2000,1800,24
Maharashtra,Pune,Pune(Manjri),Potato,Other,FAQ,20/07/2022,1600,2000,1800,24
Maharashtra,Pune,Pune(Manjri),Potato,Other,FAQ,21/07/2022,1600,2000,1800,24
Maharashtra,Pune,Pune(Manjri),Potato,Other,FAQ,22/07/2022,1400,2000,1700,24
Maharashtra,Pune,Pune(Manjri),Potato,Other,FAQ,02/08/2022,1700,2400,2000,24
Maharashtra,Pune,Pune(Manjri),Potato,Other,FAQ,14/08/2022,1800,2200,2000,24
Maharashtra,Pune,Pune(Manjri),Potato,Other,FAQ,17/08/2022,1800,2200,2000,24
Maharashtra,Pune,Pune(Manjri),Potato,Other,FAQ,19/08/2022,1800,2000,1900,24
Maharashtra,Pune,Pune(Manjri),Potato,Other,FAQ,21/08/2022,1600,2000,1800,24
Maharashtra,Pune,Pune(Manjri),Potato,Other,FAQ,22/08/2022,1800,2000,1900,24
Maharashtra,Pune,Pune(Manjri),Potato,Other,FAQ,02/09/2022,1800,2200,2000,24
Maharashtra,Pune,Pune(Manjri),Potato,Other,FAQ,12/09/2022,1600,2000,1800,24
Maharashtra,Pune,Pune(Manjri),Potato,Other,FAQ,27/09/2022,1700,2000,1800,24
Maharashtra,Pune,Pune(Manjri),Potato,Other,FAQ,04/10/2022,1700,2000,1900,24
Maharashtra,Pune,Pune(Manjri),Potato,Other,FAQ,17/10/2022,1800,2000,1900,24
Maharashtra,Pune,Pune(Manjri),Potato,Other,FAQ,23/10/2022,1600,2000,1800,24
Maharashtra,Pune,Pune(Manjri),Potato,Other,FAQ,31/10/2022,1800,2500,2200,24
Maharashtra,Pune,Pune(Manjri),Potato,Other,FAQ,01/11/2022,1800,2500,2200,24
Maharashtra,Pune,Pune(Manjri),Potato,Other,FAQ,14/11/2022,1800,2400,2100,24
Maharashtra,Pune,Pune(Manjri),Potato,Other,FAQ,15/11/2022,1800,2400,2100,24
Maharashtra,Pune,Pune(Manjri),Potato,Other,FAQ,19/11/2022,1700,2100,1900,24
Maharashtra,Pune,Pune(Manjri),Potato,Other,FAQ,06/12/2022,1600,2000,1800,24
Maharashtra,Pune,Pune(Manjri),Potato,Other,FAQ,10/07/2023,1200,1400,1300,24
Maharashtra,Pune,Pune(Manjri),Potato,Other,FAQ,17/07/2023,1200,1600,1400,24
Maharashtra,Pune,Pune(Manjri),Potato,Other,FAQ,22/07/2023,1400,1600,1500,24
Maharashtra,Pune,Pune(Manjri),Potato,Other,FAQ,23/07/2023,1400,1600,1500,24
Maharashtra,Pune,Pune(Manjri),Potato,Other,FAQ,24/07/2023,1200,1600,1400,24
Maharashtra,Pune,Pune(Manjri),Potato,Other,FAQ,05/08/2023,1400,1800,1600,24
Maharashtra,Pune,Pune(Manjri),Potato,Other,FAQ,14/08/2023,1400,1800,1600,24
Maharashtra,Pune,Pune(Manjri),Potato,Other,FAQ,19/08/2023,1400,1800,1600,24
Maharashtra,Pune,Pune(Manjri),Potato,Other,FAQ,31/08/2023,1500,2000,1800,24
Maharashtra,Pune,Pune(Manjri),Potato,Other,FAQ,04/09/2023,1400,1800,1600,24
Maharashtra,Pune,Pune(Manjri),Potato,Other,FAQ,05/09/2023,1600,1800,1700,24
Maharashtra,Pune,Pune(Manjri),Potato,Other,FAQ,08/09/2023,1400,1800,1600,24
Maharashtra,Pune,Pune(Manjri),Potato,Other,FAQ,22/09/2023,1200,1800,1600,24
Maharashtra,Pune,Pune(Manjri),Potato,Other,FAQ,25/09/2023,1200,1800,1600,24
Maharashtra,Pune,Pune(Manjri),Potato,Other,FAQ,05/10/2023,1400,1800,1600,24
Maharashtra,Pune,Pune(Manjri),Potato,Other,FAQ,12/10/2023,1600,2000,1800,24
Maharashtra,Pune,Pune(Manjri),Potato,Other,FAQ,14/10/2023,1600,2000,1800,24
Maharashtra,Pune,Pune(Manjri),Potato,Other,FAQ,16/10/2023,1600,2200,1800,24
Maharashtra,Pune,Pune(Manjri),Potato,Other,FAQ,18/10/2023,1600,2000,1800,24
Maharashtra,Pune,Pune(Manjri),Potato,Other,FAQ,19/10/2023,1600,2200,1800,24
Maharashtra,Pune,Pune(Manjri),Potato,Other,FAQ,04/11/2023,1400,1800,1600,24
Maharashtra,Pune,Pune(Manjri),Potato,Other,FAQ,08/11/2023,1000,1800,1500,24
Maharashtra,Pune,Pune(Manjri),Potato,Other,FAQ,13/11/2023,1200,1800,1600,24
Maharashtra,Pune,Pune(Manjri),Potato,Other,FAQ,22/11/2023,1200,1800,1600,24
Maharashtra,Pune,Pune(Manjri),Potato,Other,FAQ,24/11/2023,1200,1800,1600,24
Maharashtra,Pune,Pune(Manjri),Potato,Other,FAQ,08/12/2023,1200,1800,1500,24
Maharashtra,Pune,Pune(Manjri),Potato,Other,FAQ,12/12/2023,1200,1800,1400,24
Maharashtra,Pune,Pune(Manjri),Potato,Other,FAQ,17/12/2023,1200,1800,1600,24
Maharashtra,Pune,Pune(Manjri),Potato,Other,FAQ,21/12/2023,1200,1600,1400,24
Maharashtra,Pune,Pune(Manjri),Potato,Other,FAQ,23/12/2023,1400,1600,1500,24
Maharashtra,Pune,Pune(Manjri),Potato,Other,FAQ,24/12/2023,1400,1600,1500,24
Maharashtra,Pune,Pune(Manjri),Potato,Other,FAQ,27/12/2023,1400,1800,1600,24
Maharashtra,Pune,Pune(Manjri),Potato,Other,FAQ,28/12/2023,1400,1800,1600,24
Maharashtra,Pune,Pune(Manjri),Potato,Other,FAQ,04/01/2023,1400,2000,1800,24
Maharashtra,Pune,Pune(Manjri),Potato,Other,FAQ,15/01/2023,1600,2000,1800,24
Maharashtra,Pune,Pune(Manjri),Potato,Other,FAQ,21/01/2023,1400,2000,1800,24
Maharashtra,Pune,Pune(Manjri),Potato,Other,FAQ,04/02/2023,1400,1600,1500,24
Maharashtra,Pune,Pune(Manjri),Potato,Other,FAQ,11/02/2023,1400,1800,1600,24
Maharashtra,Pune,Pune(Manjri),Potato,Other,FAQ,16/02/2023,1600,2000,1800,24
Maharashtra,Pune,Pune(Manjri),Potato,Other,FAQ,28/02/2023,1400,1800,1600,24
Maharashtra,Pune,Pune(Manjri),Potato,Other,FAQ,04/03/2023,1400,1800,1700,24
Maharashtra,Pune,Pune(Manjri),Potato,Other,FAQ,11/03/2023,1600,2000,1800,24
Maharashtra,Pune,Pune(Manjri),Potato,Other,FAQ,15/03/2023,1600,2000,1800,24
Maharashtra,Pune,Pune(Manjri),Potato,Other,FAQ,20/03/2023,800,1000,900,24
Maharashtra,Pune,Pune(Manjri),Potato,Other,FAQ,22/03/2023,1000,1200,1100,24
Maharashtra,Pune,Pune(Manjri),Potato,Other,FAQ,23/03/2023,1000,1200,1100,24
Maharashtra,Pune,Pune(Manjri),Potato,Other,FAQ,26/03/2023,1000,1200,1100,24
Maharashtra,Pune,Pune(Manjri),Potato,Other,FAQ,27/03/2023,1200,1400,1300,24
Maharashtra,Pune,Pune(Manjri),Potato,Other,FAQ,21/04/2023,1400,1600,1500,24
Maharashtra,Pune,Pune(Manjri),Potato,Other,FAQ,24/04/2023,1400,1600,1500,24
Maharashtra,Pune,Pune(Manjri),Potato,Other,FAQ,28/04/2023,1400,1600,1500,24
Maharashtra,Pune,Pune(Manjri),Potato,Other,FAQ,08/05/2023,1400,1600,1500,24
Maharashtra,Pune,Pune(Manjri),Potato,Other,FAQ,11/05/2023,1200,1600,1400,24
Maharashtra,Pune,Pune(Manjri),Potato,Other,FAQ,16/05/2023,1400,1600,1500,24
Maharashtra,Pune,Pune(Manjri),Potato,Other,FAQ,17/05/2023,1400,1600,1500,24
Maharashtra,Pune,Pune(Manjri),Potato,Other,FAQ,22/05/2023,1200,1600,1400,24
Maharashtra,Pune,Pune(Manjri),Potato,Other,FAQ,27/05/2023,1400,1800,1600,24
Maharashtra,Pune,Pune(Manjri),Potato,Other,FAQ,09/06/2023,1200,1500,1400,24
Maharashtra,Pune,Pune(Manjri),Potato,Other,FAQ,12/06/2023,1200,1800,1600,24
Maharashtra,Pune,Pune(Manjri),Potato,Other,FAQ,13/06/2023,1000,1800,1400,24
Maharashtra,Pune,Pune(Manjri),Potato,Other,FAQ,14/06/2023,1400,1700,1500,24
Maharashtra,Pune,Pune(Manjri),Potato,Other,FAQ,16/06/2023,1200,1800,1600,24
Maharashtra,Pune,Pune(Manjri),Potato,Other,FAQ,24/06/2023,1200,1600,1400,24
Maharashtra,Pune,Pune(Manjri),Potato,Other,FAQ,01/07/2023,1200,1600,1400,24
Maharashtra,Pune,Pune(Manjri),Potato,Other,FAQ,06/07/2023,900,1200,1000,24
Maharashtra,Pune,Pune(Manjri),Potato,Other,Local,01/03/2025,1600,2600,2100,24
Maharashtra,Pune,Pune(Manjri),Potato,Other,Local,02/03/2025,1500,2500,2000,24
Maharashtra,Pune,Pune(Manjri),Potato,Other,Local,03/03/2025,1600,2600,2100,24
Maharashtra,Pune,Pune(Manjri),Potato,Other,Local,06/03/2025,1600,2500,2100,24
Maharashtra,Pune,Pune(Manjri),Potato,Other,Local,15/03/2025,1500,2500,2000,24
Maharashtra,Pune,Pune(Manjri),Potato,Other,Local,21/03/2025,1600,2500,2000,24
Maharashtra,Pune,Pune(Manjri),Potato,Other,Local,29/03/2025,1500,2400,2000,24
Maharashtra,Pune,Pune(Manjri),Potato,Other,Local,08/05/2025,1500,2200,1800,24
Maharashtra,Pune,Pune(Manjri),Potato,Other,Local,22/05/2025,1600,2200,1800,24
Maharashtra,Pune,Pune(Manjri),Potato,Other,Local,25/05/2025,1600,2200,1800,24
Maharashtra,Pune,Pune(Manjri),Potato,Other,Local,30/05/2025,1400,2200,1800,24
Maharashtra,Pune,Pune(Manjri),Potato,Other,Local,17/06/2025,1500,2500,2000,24
Maharashtra,Pune,Pune(Manjri),Potato,Other,Local,22/06/2025,1300,2200,1700,24
Maharashtra,Pune,Pune(Manjri),Potato,Other,Local,04/07/2025,2000,3000,2500,24
Maharashtra,Pune,Pune(Manjri),Potato,Other,Local,06/07/2025,1500,2000,1800,24
Maharashtra,Pune,Pune(Manjri),Potato,Other,Local,27/07/2025,1500,2500,2000,24
Maharashtra,Pune,Pune(Manjri),Potato,Other,Local,31/07/2025,1500,2500,2000,24
Maharashtra,Pune,Pune(Manjri),Potato,Other,Local,14/07/2025,1500,2500,2000,24
Maharashtra,Pune,Pune(Manjri),Potato,Other,Local,23/07/2025,1500,2000,1800,24
Maharashtra,Pune,Pune(Manjri),Potato,Other,Local,16/08/2025,1500,2500,2200,24
Maharashtra,Pune,Pune(Manjri),Potato,Other,Local,21/08/2025,1000,2000,1500,24
Maharashtra,Pune,Pune(Manjri),Potato,Other,Local,26/08/2025,1500,2500,2000,24
Maharashtra,Pune,Pune(Manjri),Potato,Other,Local,01/09/2025,1500,2000,1800,24
Maharashtra,Pune,Pune(Manjri),Potato,Other,Local,11/09/2025,1500,2500,2000,24
Maharashtra,Pune,Pune(Manjri),Potato,Other,Local,12/09/2025,1500,2000,1800,24
Maharashtra,Pune,Pune(Manjri),Potato,Other,Local,13/09/2025,1000,2000,1500,24
Maharashtra,Pune,Pune(Manjri),Potato,Other,Local,20/09/2025,1500,2500,2000,24
Maharashtra,Pune,Pune(Manjri),Potato,Other,Local,01/11/2025,1000,2000,1600,24
Maharashtra,Pune,Pune(Manjri),Potato,Other,Local,03/10/2025,1500,2200,1800,24
Maharashtra,Pune,Pune(Manjri),Potato,Other,Local,15/10/2025,1500,2500,2200,24
Maharashtra,Pune,Pune(Manjri),Potato,Other,Local,22/10/2025,1000,2000,1500,24
Maharashtra,Pune,Pune(Manjri),Potato,Other,FAQ,18/05/2021,1500,1500,1500,24
Maharashtra,Pune,Pune(Manjri),Potato,Other,FAQ,30/05/2021,1500,1500,1500,24
Maharashtra,Pune,Pune(Manjri),Potato,Other,FAQ,03/06/2021,1500,1500,1500,24
Maharashtra,Pune,Pune(Manjri),Potato,Other,FAQ,04/06/2021,1500,1500,1500,24
Maharashtra,Pune,Pune(Manjri),Potato,Other,FAQ,07/06/2021,1500,1500,1500,24
Maharashtra,Pune,Pune(Manjri),Potato,Other,FAQ,12/06/2021,1500,1500,1500,24
Maharashtra,Pune,Pune(Manjri),Potato,Other,FAQ,18/06/2021,1500,1500,1500,24
Maharashtra,Pune,Pune(Manjri),Potato,Other,FAQ,19/06/2021,1500,1500,1500,24
Maharashtra,Pune,Pune(Manjri),Potato,Other,FAQ,26/06/2021,1500,1500,1500,24
Maharashtra,Pune,Pune(Manjri),Potato,Other,FAQ,29/06/2021,1500,1500,1500,24
Maharashtra,Pune,Pune(Manjri),Potato,Other,FAQ,30/06/2021,1500,1500,1500,24
Maharashtra,Pune,Pune(Manjri),Potato,Other,FAQ,03/07/2021,1500,1500,1500,24
Maharashtra,Pune,Pune(Manjri),Potato,Other,FAQ,04/07/2021,1500,1500,1500,24
Maharashtra,Pune,Pune(Manjri),Potato,Other,FAQ,08/07/2021,1500,1500,1500,24
Maharashtra,Pune,Pune(Manjri),Potato,Other,FAQ,11/07/2021,1500,1500,1500,24
Maharashtra,Pune,Pune(Manjri),Potato,Other,FAQ,12/07/2021,1500,1500,1500,24
Maharashtra,Pune,Pune(Manjri),Potato,Other,FAQ,18/07/2021,1500,1500,1500,24
Maharashtra,Pune,Pune(Manjri),Potato,Other,FAQ,22/07/2021,1500,1500,1500,24
Maharashtra,Pune,Pune(Manjri),Potato,Other,FAQ,24/07/2021,1500,1500,1500,24
Maharashtra,Pune,Pune(Manjri),Potato,Other,FAQ,31/07/2021,1500,1500,1500,24
Maharashtra,Pune,Pune(Manjri),Potato,Other,FAQ,07/08/2021,1500,1500,1500,24
Maharashtra,Pune,Pune(Manjri),Potato,Other,FAQ,08/08/2021,1500,1500,1500,24
Maharashtra,Pune,Pune(Manjri),Potato,Other,FAQ,14/08/2021,1500,1500,1500,24
Maharashtra,Pune,Pune(Manjri),Potato,Other,FAQ,19/08/2021,1500,1500,1500,24
Maharashtra,Pune,Pune(Manjri),Potato,Other,FAQ,10/09/2021,1500,1500,1500,24
Maharashtra,Pune,Pune(Manjri),Potato,Other,FAQ,11/09/2021,1500,1500,1500,24
Maharashtra,Pune,Pune(Manjri),Potato,Other,FAQ,17/09/2021,1500,1500,1500,24
Maharashtra,Pune,Pune(Manjri),Potato,Other,FAQ,22/09/2021,1500,1500,1500,24
Maharashtra,Pune,Pune(Manjri),Potato,Other,FAQ,24/09/2021,1500,1500,1500,24
Maharashtra,Pune,Pune(Manjri),Potato,Other,FAQ,26/09/2021,1500,1500,1500,24
Maharashtra,Pune,Pune(Manjri),Potato,Other,FAQ,28/09/2021,1500,1500,1500,24
Maharashtra,Pune,Pune(Manjri),Potato,Other,FAQ,04/10/2021,1500,1500,1500,24
Maharashtra,Pune,Pune(Manjri),Potato,Other,FAQ,13/10/2021,1500,1500,1500,24
Maharashtra,Pune,Pune(Manjri),Potato,Other,FAQ,14/10/2021,1500,1500,1500,24
Maharashtra,Pune,Pune(Manjri),Potato,Other,FAQ,21/10/2021,1500,1500,1500,24
Maharashtra,Pune,Pune(Manjri),Potato,Other,FAQ,31/10/2021,1500,1500,1500,24
Maharashtra,Pune,Pune(Manjri),Potato,Other,FAQ,07/11/2021,1500,1500,1500,24
Maharashtra,Pune,Pune(Manjri),Potato,Other,FAQ,11/11/2021,1500,1500,1500,24
Maharashtra,Pune,Pune(Manjri),Potato,Other,FAQ,02/12/2021,1500,1500,1500,24
Maharashtra,Pune,Pune(Manjri),Potato,Other,FAQ,03/12/2021,1500,1500,1500,24
Maharashtra,Pune,Pune(Manjri),Potato,Other,FAQ,12/12/2021,1500,1500,1500,24
Maharashtra,Pune,Pune(Manjri),Potato,Other,FAQ,19/12/2021,1500,1500,1500,24
Maharashtra,Pune,Pune(Manjri),Potato,Other,FAQ,24/12/2021,1500,1500,1500,24
Maharashtra,Pune,Pune(Manjri),Potato,Other,FAQ,25/12/2021,1500,1500,1500,24
Maharashtra,Pune,Pune(Manjri),Potato,Other,FAQ,26/12/2021,1500,1500,1500,24
Maharashtra,Pune,Pune(Manjri),Potato,Other,FAQ,28/12/2021,1500,1500,1500,24
Maharashtra,Pune,Pune(Manjri),Potato,Other,FAQ,29/12/2021,1500,1500,1500,24
Maharashtra,Pune,Pune(Manjri),Potato,Other,FAQ,01/01/2022,1500,1500,1500,24
Maharashtra,Pune,Pune(Manjri),Potato,Other,FAQ,07/01/2022,1500,1500,1500,24
Maharashtra,Pune,Pune(Manjri),Potato,Other,FAQ,09/01/2022,1500,1500,1500,24
Maharashtra,Pune,Pune(Manjri),Potato,Other,FAQ,15/01/2022,1500,1500,1500,24
Maharashtra,Pune,Pune(Manjri),Potato,Other,FAQ,24/01/2022,1500,1500,1500,24
Maharashtra,Pune,Pune(Manjri),Potato,Other,FAQ,27/01/2022,1500,1500,1500,24
Maharashtra,Pune,Pune(Manjri),Potato,Other,FAQ,02/02/2022,1500,1500,1500,24
Maharashtra,Pune,Pune(Manjri),Potato,Other,FAQ,24/02/2022,1500,1500,1500,24
Maharashtra,Pune,Pune(Manjri),Potato,Other,FAQ,26/02/2022,1500,1500,1500,24
Maharashtra,Pune,Pune(Manjri),Potato,Other,FAQ,27/02/2022,1500,1500,1500,24
Maharashtra,Pune,Pune(Manjri),Potato,Other,FAQ,01/03/2022,1500,1500,1500,24
Maharashtra,Pune,Pune(Manjri),Potato,Other,FAQ,06/03/2022,1300,1600,1450,24
Maharashtra,Pune,Pune(Manjri),Potato,Other,FAQ,07/03/2022,1400,1700,1550,24
Maharashtra,Pune,Pune(Manjri),Potato,Other,FAQ,23/03/2022,1300,1500,1400,24
Maharashtra,Pune,Pune(Manjri),Potato,Other,FAQ,03/04/2022,1100,1500,1300,24
Maharashtra,Pune,Pune(Manjri),Potato,Other,FAQ,08/04/2022,1000,1600,1200,24
Maharashtra,Pune,Pune(Manjri),Potato,Other,FAQ,09/04/2022,1400,1600,1500,24
Maharashtra,Pune,Pune(Manjri),Potato,Other,FAQ,10/04/2022,1400,1600,1500,24
Maharashtra,Pune,Pune(Manjri),Potato,Other,FAQ,16/04/2022,1200,1700,1500,24
Maharashtra,Pune,Pune(Manjri),Potato,Other,FAQ,22/04/2022,1000,1500,1100,24
Maharashtra,Pune,Pune(Manjri),Potato,Other,FAQ,04/05/2022,1600,2000,1800,24
Maharashtra,Pune,Pune(Manjri),Potato,Other,FAQ,14/05/2022,1600,2200,1900,24
Maharashtra,Pune,Pune(Manjri),Potato,Other,FAQ,17/05/2022,1600,2200,1800,24
Maharashtra,Pune,Pune(Manjri),Potato,Other,FAQ,23/05/2022,1600,2200,1800,24
Maharashtra,Pune,Pune(Manjri),Potato,Other,FAQ,26/05/2022,1600,2200,1800,24
Maharashtra,Pune,Pune(Manjri),Potato,Other,FAQ,28/05/2022,1600,2200,1800,24
Maharashtra,Pune,Pune(Manjri),Potato,Other,FAQ,29/05/2022,1600,2200,1800,24
Maharashtra,Pune,Pune(Manjri),Potato,Other,FAQ,01/06/2022,1600,2200,1800,24
Maharashtra,Pune,Pune(Manjri),Potato,Other,FAQ,03/06/2022,1600,2200,1800,24
Maharashtra,Pune,Pune(Manjri),Potato,Other,FAQ,06/06/2022,1600,2200,1800,24
Maharashtra,Pune,Pune(Manjri),Potato,Other,FAQ,16/06/2022,1600,2200,1800,24
Maharashtra,Pune,Pune(Manjri),Potato,Other,FAQ,18/06/2022,1600,2200,1800,24
Maharashtra,Pune,Pune(Manjri),Potato,Other,FAQ,21/06/2022,1500,2000,1750,24
Maharashtra,Pune,Pune(Manjri),Potato,Other,FAQ,22/06/2022,1500,2000,1750,24
Maharashtra,Pune,Pune(Manjri),Potato,Other,FAQ,08/07/2022,1600,2000,1800,24
Maharashtra,Pune,Pune(Manjri),Potato,Other,FAQ,12/07/2022,1600,2000,1800,24
Maharashtra,Pune,Pune(Manjri),Potato,Other,FAQ,13/07/2022,1600,2000,1800,24
Maharashtra,Pune,Pune(Manjri),Potato,Other,FAQ,15/07/2022,1600,2000,1800,24
Maharashtra,Pune,Pune(Manjri),Potato,Other,FAQ,23/07/2022,4000,5000,4500,24
Maharashtra,Pune,Pune(Manjri),Potato,Other,FAQ,06/08/2022,1700,2100,1900,24
Maharashtra,Pune,Pune(Manjri),Potato,Other,FAQ,23/08/2022,1800,2000,1900,24
Maharashtra,Pune,Pune(Manjri),Potato,Other,FAQ,24/08/2022,1800,2000,1900,24
Maharashtra,Pune,Pune(Manjri),Potato,Other,FAQ,25/08/2022,1600,2000,1800,24
Maharashtra,Pune,Pune(Manjri),Potato,Other,FAQ,14/09/2022,1600,2000,1800,24
Maharashtra,Pune,Pune(Manjri),Potato,Other,FAQ,16/09/2022,1600,2000,1700,24
Maharashtra,Pune,Pune(Manjri),Potato,Other,FAQ,21/09/2022,1400,1700,1500,24
Maharashtra,Pune,Pune(Manjri),Potato,Other,FAQ,23/09/2022,1700,2000,1800,24
Maharashtra,Pune,Pune(Manjri),Potato,Other,FAQ,25/09/2022,1500,2200,2000,24
Maharashtra,Pune,Pune(Manjri),Potato,Other,FAQ,29/09/2022,1600,2000,1800,24
Maharashtra,Pune,Pune(Manjri),Potato,Other,FAQ,07/10/2022,1500,2000,1800,24
Maharashtra,Pune,Pune(Manjri),Potato,Other,FAQ,20/10/2022,1600,2000,1800,24
Maharashtra,Pune,Pune(Manjri),Potato,Other,FAQ,27/10/2022,1500,2000,1800,24
Maharashtra,Pune,Pune(Manjri),Potato,Other,FAQ,03/11/2022,1800,2400,2100,24
Maharashtra,Pune,Pune(Manjri),Potato,Other,FAQ,10/11/2022,1800,2400,2100,24
Maharashtra,Pune,Pune(Manjri),Potato,Other,FAQ,12/11/2022,1800,2200,2000,24
Maharashtra,Pune,Pune(Manjri),Potato,Other,FAQ,21/11/2022,1800,2000,1900,24
Maharashtra,Pune,Pune(Manjri),Potato,Other,FAQ,01/12/2022,1600,2000,1800,24
Maharashtra,Pune,Pune(Manjri),Potato,Other,FAQ,03/12/2022,1600,2000,1800,24
Maharashtra,Pune,Pune(Manjri),Potato,Other,FAQ,12/12/2022,1800,2000,1900,24
Maharashtra,Pune,Pune(Manjri),Potato,Other,FAQ,14/12/2022,1800,2000,1900,24
Maharashtra,Pune,Pune(Manjri),Potato,Other,FAQ,24/12/2022,1600,2000,1800,24
Maharashtra,Pune,Pune(Manjri),Potato,Other,FAQ,09/07/2023,900,1200,1000,24
Maharashtra,Pune,Pune(Manjri),Potato,Other,FAQ,13/07/2023,1200,1600,1500,24
Maharashtra,Pune,Pune(Manjri),Potato,Other,FAQ,16/07/2023,1200,1600,1400,24
Maharashtra,Pune,Pune(Manjri),Potato,Other,FAQ,21/07/2023,1200,1400,1300,24
Maharashtra,Pune,Pune(Manjri),Potato,Other,FAQ,08/08/2023,1400,1800,1600,24
Maharashtra,Pune,Pune(Manjri),Potato,Other,FAQ,17/08/2023,1400,1800,1600,24
Maharashtra,Pune,Pune(Manjri),Potato,Other,FAQ,18/08/2023,1400,1800,1600,24
Maharashtra,Pune,Pune(Manjri),Potato,Other,FAQ,23/08/2023,1200,1800,1600,24
Maharashtra,Pune,Pune(Manjri),Potato,Other,FAQ,25/08/2023,1400,2000,1600,24
Maharashtra,Pune,Pune(Manjri),Potato,Other,FAQ,28/08/2023,1400,2000,1600,24
Maharashtra,Pune,Pune(Manjri),Potato,Other,FAQ,11/09/2023,1400,1800,1600,24
Maharashtra,Pune,Pune(Manjri),Potato,Other,FAQ,18/09/2023,1200,1800,1600,24
Maharashtra,Pune,Pune(Manjri),Potato,Other,FAQ,19/09/2023,1200,1600,1400,24
Maharashtra,Pune,Pune(Manjri),Potato,Other,FAQ,21/09/2023,1400,1800,1600,24
Maharashtra,Pune,Pune(Manjri),Potato,Other,FAQ,03/10/2023,1200,1800,1600,24
Maharashtra,Pune,Pune(Manjri),Potato,Other,FAQ,04/10/2023,1400,1800,1600,24
Maharashtra,Pune,Pune(Manjri),Potato,Other,FAQ,11/10/2023,1600,2000,1800,24
Maharashtra,Pune,Pune(Manjri),Potato,Other,FAQ,28/10/2023,1600,1800,1700,24
Maharashtra,Pune,Pune(Manjri),Potato,Other,FAQ,30/10/2023,1400,1800,1600,24
Maharashtra,Pune,Pune(Manjri),Potato,Other,FAQ,09/11/2023,1400,1800,1600,24
Maharashtra,Pune,Pune(Manjri),Potato,Other,FAQ,28/11/2023,1200,1600,1400,24
Maharashtra,Pune,Pune(Manjri),Potato,Other,FAQ,05/12/2023,1200,1800,1500,24
Maharashtra,Pune,Pune(Manjri),Potato,Other,FAQ,10/12/2023,1600,1800,1700,24
Maharashtra,Pune,Pune(Manjri),Potato,Other,FAQ,18/12/2023,1200,1600,1400,24
Maharashtra,Pune,Pune(Manjri),Potato,Other,FAQ,25/12/2023,1400,1800,1600,24
Maharashtra,Pune,Pune(Manjri),Potato,Other,FAQ,26/12/2023,1400,1800,1600,24
Maharashtra,Pune,Pune(Manjri),Potato,Other,FAQ,07/01/2023,1800,2000,1900,24
Maharashtra,Pune,Pune(Manjri),Potato,Other,FAQ,14/01/2023,1700,2000,1900,24
Maharashtra,Pune,Pune(Manjri),Potato,Other,FAQ,24/01/2023,1400,2000,1800,24
Maharashtra,Pune,Pune(Manjri),Potato,Other,FAQ,28/01/2023,1800,2000,1900,24
Maharashtra,Pune,Pune(Manjri),Potato,Other,FAQ,30/01/2023,1400,2000,1800,24
Maharashtra,Pune,Pune(Manjri),Potato,Other,FAQ,31/01/2023,1400,2000,1800,24
Maharashtra,Pune,Pune(Manjri),Potato,Other,FAQ,07/02/2023,1600,1800,1700,24
Maharashtra,Pune,Pune(Manjri),Potato,Other,FAQ,08/02/2023,1600,1800,1700,24
Maharashtra,Pune,Pune(Manjri),Potato,Other,FAQ,17/02/2023,1600,2000,1800,24
Maharashtra,Pune,Pune(Manjri),Potato,Other,FAQ,25/02/2023,1400,2000,1800,24
Maharashtra,Pune,Pune(Manjri),Potato,Other,FAQ,26/02/2023,1400,1800,1600,24
Maharashtra,Pune,Pune(Manjri),Potato,Other,FAQ,02/03/2023,1500,2000,1700,24
Maharashtra,Pune,Pune(Manjri),Potato,Other,FAQ,10/03/2023,1600,2000,1800,24
Maharashtra,Pune,Pune(Manjri),Potato,Other,FAQ,16/03/2023,1800,2000,1900,24
Maharashtra,Pune,Pune(Manjri),Potato,Other,FAQ,30/03/2023,1000,1200,1100,24
Maharashtra,Pune,Pune(Manjri),Potato,Other,FAQ,03/04/2023,1000,1400,1200,24
Maharashtra,Pune,Pune(Manjri),Potato,Other,FAQ,08/04/2023,1400,1600,1500,24
Maharashtra,Pune,Pune(Manjri),Potato,Other,FAQ,12/04/2023,1400,1600,1500,24
Maharashtra,Pune,Pune(Manjri),Potato,Other,FAQ,15/04/2023,1400,1700,1500,24
Maharashtra,Pune,Pune(Manjri),Potato,Other,FAQ,16/04/2023,1600,1800,1700,24
Maharashtra,Pune,Pune(Manjri),Potato,Other,FAQ,04/05/2023,1400,1800,1600,24
Maharashtra,Pune,Pune(Manjri),Potato,Other,FAQ,10/05/2023,1200,1600,1400,24
Maharashtra,Pune,Pune(Manjri),Potato,Other,FAQ,15/05/2023,1400,1600,1500,24
Maharashtra,Pune,Pune(Manjri),Potato,Other,FAQ,08/06/2023,1300,1700,1500,24
Maharashtra,Pune,Pune(Manjri),Potato,Other,FAQ,18/06/2023,1200,1600,1400,24
Maharashtra,Pune,Pune(Manjri),Potato,Other,FAQ,19/06/2023,1200,1600,1400,24
Maharashtra,Pune,Pune(Manjri),Potato,Other,FAQ,22/06/2023,1400,1600,1500,24
Maharashtra,Pune,Pune(Manjri),Potato,Other,FAQ,23/06/2023,1400,1600,1500,24
Maharashtra,Pune,Pune(Manjri),Potato,Other,FAQ,28/06/2023,1400,1600,1500,24
Maharashtra,Pune,Pune(Manjri),Potato,Other,FAQ,29/06/2023,1400,1800,1600,24
Maharashtra,Pune,Pune(Manjri),Potato,Other,FAQ,30/06/2023,1400,1600,1500,24
Maharashtra,Pune,Pune(Manjri),Potato,Other,FAQ,04/07/2023,800,1200,1000,24
Maharashtra,Pune,Pune(Manjri),Potato,Other,FAQ,25/10/2024,2400,2800,2600,24
Maharashtra,Pune,Pune(Manjri),Potato,Other,FAQ,13/10/2024,2000,2800,2400,24
Maharashtra,Pune,Pune(Manjri),Potato,Other,FAQ,28/10/2024,2200,2600,2400,24
Maharashtra,Pune,Pune(Manjri),Potato,Other,FAQ,27/10/2024,2400,3000,2600,24
Maharashtra,Pune,Pune(Manjri),Potato,Other,FAQ,23/10/2024,2000,2800,2600,24
Maharashtra,Pune,Pune(Manjri),Potato,Other,FAQ,14/11/2024,2000,3800,2900,24
Maharashtra,Pune,Pune(Manjri),Potato,Other,FAQ,16/11/2024,2000,3800,2900,24
Maharashtra,Pune,Pune(Manjri),Potato,Other,FAQ,01/06/2024,1800,2500,2200,24
Maharashtra,Pune,Pune(Manjri),Potato,Other,FAQ,22/06/2024,2500,2800,2700,24
Maharashtra,Pune,Pune(Manjri),Potato,Other,FAQ,31/05/2024,1800,2600,2200,24
Maharashtra,Pune,Pune(Manjri),Potato,Other,FAQ,10/05/2024,2000,2600,2400,24
Maharashtra,Pune,Pune(Manjri),Potato,Other,FAQ,03/07/2024,2000,2600,2400,24
Maharashtra,Pune,Pune(Manjri),Potato,Other,FAQ,04/07/2024,2200,2400,2300,24
Maharashtra,Pune,Pune(Manjri),Potato,Other,FAQ,08/07/2024,2200,2500,2300,24
Maharashtra,Pune,Pune(Manjri),Potato,Other,FAQ,12/07/2024,2000,2400,2200,24
Maharashtra,Pune,Pune(Manjri),Potato,Other,FAQ,15/07/2024,2500,3000,2800,24
Maharashtra,Pune,Pune(Manjri),Potato,Other,FAQ,20/07/2024,2000,2800,2400,24
Maharashtra,Pune,Pune(Manjri),Potato,Other,FAQ,27/07/2024,2600,3000,2800,24
Maharashtra,Pune,Pune(Manjri),Potato,Other,FAQ,30/07/2024,2600,2800,2700,24
Maharashtra,Pune,Pune(Manjri),Potato,Other,FAQ,12/06/2024,2000,2600,2400,24
Maharashtra,Pune,Pune(Manjri),Potato,Other,FAQ,15/06/2024,2500,2700,2600,24
Maharashtra,Pune,Pune(Manjri),Potato,Other,FAQ,17/06/2024,2500,3000,2700,24
Maharashtra,Pune,Pune(Manjri),Potato,Other,FAQ,05/01/2025,1600,2600,2000,24
Maharashtra,Pune,Pune(Manjri),Potato,Other,FAQ,13/01/2025,1400,2400,1800,24
Maharashtra,Pune,Pune(Manjri),Potato,Other,FAQ,22/01/2025,1500,2500,2000,24
Maharashtra,Pune,Pune(Manjri),Potato,Other,FAQ,24/01/2025,1600,2400,2000,24
Maharashtra,Pune,Pune(Manjri),Potato,Other,Local,28/01/2025,1500,2500,2000,24
Maharashtra,Pune,Pune(Manjri),Potato,Other,Local,29/01/2025,1600,2500,2000,24
Maharashtra,Pune,Pune(Manjri),Potato,Other,Local,30/01/2025,1800,2600,2200,24
Maharashtra,Pune,Pune(Manjri),Potato,Other,FAQ,11/12/2024,1600,2800,2200,24
Maharashtra,Pune,Pune(Manjri),Potato,Other,FAQ,14/12/2024,1800,2600,2400,24
Maharashtra,Pune,Pune(Manjri),Potato,Other,FAQ,15/12/2024,1500,2800,2500,24
Maharashtra,Pune,Pune(Manjri),Potato,Other,FAQ,19/12/2024,2000,2600,2400,24
Maharashtra,Pune,Pune(Manjri),Potato,Other,FAQ,22/12/2024,2000,3000,2400,24
Maharashtra,Pune,Pune(Manjri),Potato,Other,FAQ,26/12/2024,1800,2400,2000,24
Maharashtra,Pune,Pune(Manjri),Potato,Other,FAQ,29/12/2024,1800,2400,2000,24
Maharashtra,Pune,Pune(Manjri),Potato,Other,FAQ,18/11/2024,2000,4000,3000,24
Maharashtra,Pune,Pune(Manjri),Potato,Other,FAQ,28/11/2024,2000,3600,2800,24
Maharashtra,Pune,Pune(Manjri),Potato,Other,FAQ,12/11/2024,2000,3800,3000,24
Maharashtra,Pune,Pune(Manjri),Potato,Other,FAQ,25/11/2024,2200,4000,3100,24
Maharashtra,Pune,Pune(Manjri),Potato,Other,Local,01/04/2025,1400,2400,1900,24
Maharashtra,Pune,Pune(Manjri),Potato,Other,Local,02/04/2025,1400,2500,2000,24
Maharashtra,Pune,Pune(Manjri),Potato,Other,Local,15/04/2025,1500,2000,1700,24
Maharashtra,Pune,Pune(Manjri),Potato,Other,Local,20/04/2025,1500,2000,1700,24
Maharashtra,Pune,Pune(Manjri),Potato,Other,Local,22/04/2025,1500,2200,2000,24
Maharashtra,Pune,Pune(Manjri),Potato,Other,Local,23/04/2025,1500,2000,1700,24
Maharashtra,Pune,Pune(Manjri),Potato,Other,Local,16/05/2025,1500,2000,1700,24
Maharashtra,Pune,Pune(Manjri),Potato,Other,Local,17/05/2025,1500,2000,1800,24
Maharashtra,Pune,Pune(Manjri),Potato,Other,Local,31/05/2025,1400,2200,1800,24
Maharashtra,Pune,Pune(Manjri),Potato,Other,FAQ,01/08/2024,2600,2800,2700,24
Maharashtra,Pune,Pune(Manjri),Potato,Other,FAQ,05/08/2024,2600,3000,2800,24
Maharashtra,Pune,Pune(Manjri),Potato,Other,FAQ,08/08/2024,2600,3000,2800,24
Maharashtra,Pune,Pune(Manjri),Potato,Other,FAQ,26/08/2024,2000,3500,3000,24
Maharashtra,Pune,Pune(Manjri),Potato,Other,FAQ,28/08/2024,2500,3500,3000,24
Maharashtra,Pune,Pune(Manjri),Potato,Other,FAQ,31/08/2024,2400,2800,2600,24
Maharashtra,Pune,Pune(Manjri),Potato,Other,Local,01/02/2025,1500,2500,2000,24
Maharashtra,Pune,Pune(Manjri),Potato,Other,Local,05/02/2025,1500,2600,2000,24
Maharashtra,Pune,Pune(Manjri),Potato,Other,Local,08/02/2025,1600,2600,2000,24
Maharashtra,Pune,Pune(Manjri),Potato,Other,Local,15/02/2025,1800,2600,2000,24
Maharashtra,Pune,Pune(Manjri),Potato,Other,FAQ,23/09/2024,2000,3000,2600,24
Maharashtra,Pune,Pune(Manjri),Potato,Other,FAQ,29/09/2024,2000,3000,2800,24
Maharashtra,Pune,Pune(Manjri),Potato,Other,FAQ,04/09/2024,2200,3200,2800,24
Maharashtra,Pune,Pune(Manjri),Potato,Other,FAQ,06/09/2024,2500,3200,2800,24
Maharashtra,Pune,Pune(Manjri),Potato,Other,FAQ,07/09/2024,2000,3000,2800,24
Maharashtra,Pune,Pune(Manjri),Potato,Other,FAQ,08/09/2024,2000,3500,2800,24
Maharashtra,Pune,Pune(Manjri),Potato,Other,FAQ,20/09/2024,2000,3000,2600,24
Maharashtra,Pune,Pune(Manjri),Potato,Other,FAQ,09/09/2024,2500,3200,2800,24
Maharashtra,Pune,Pune(Manjri),Potato,Other,FAQ,12/09/2024,2200,2800,2600,24
Maharashtra,Pune,Pune(Manjri),Potato,Other,FAQ,13/09/2024,2000,3000,2600,24
Maharashtra,Pune,Pune(Manjri),Potato,Other,FAQ,03/01/2024,1400,1800,1600,24
Maharashtra,Pune,Pune(Manjri),Potato,Other,FAQ,04/01/2024,1400,1800,1600,24
Maharashtra,Pune,Pune(Manjri),Potato,Other,FAQ,05/01/2024,1400,1800,1600,24
Maharashtra,Pune,Pune(Manjri),Potato,Other,FAQ,07/01/2024,1400,2000,1800,24
Maharashtra,Pune,Pune(Manjri),Potato,Other,FAQ,10/01/2024,1600,2000,1800,24
Maharashtra,Pune,Pune(Manjri),Potato,Other,FAQ,11/01/2024,1600,1800,1700,24
Maharashtra,Pune,Pune(Manjri),Potato,Other,FAQ,18/01/2024,1400,1800,1600,24
Maharashtra,Pune,Pune(Manjri),Potato,Other,FAQ,22/01/2024,1600,2000,1800,24
Maharashtra,Pune,Pune(Manjri),Potato,Other,FAQ,23/01/2024,1600,2000,1800,24
Maharashtra,Pune,Pune(Manjri),Potato,Other,FAQ,24/01/2024,1600,2000,1800,24
Maharashtra,Pune,Pune(Manjri),Potato,Other,FAQ,25/01/2024,1600,2000,1800,24
Maharashtra,Pune,Pune(Manjri),Potato,Other,FAQ,30/01/2024,1500,2000,1800,24
Maharashtra,Pune,Pune(Manjri),Potato,Other,FAQ,04/02/2024,1500,2000,1700,24
Maharashtra,Pune,Pune(Manjri),Potato,Other,FAQ,05/02/2024,1500,2000,1700,24
Maharashtra,Pune,Pune(Manjri),Potato,Other,FAQ,12/02/2024,1500,2000,1700,24
Maharashtra,Pune,Pune(Manjri),Potato,Other,FAQ,13/02/2024,1600,2000,1800,24
Maharashtra,Pune,Pune(Manjri),Potato,Other,FAQ,14/02/2024,1600,2000,1800,24
Maharashtra,Pune,Pune(Manjri),Potato,Other,FAQ,21/02/2024,1600,2000,1800,24
Maharashtra,Pune,Pune(Manjri),Potato,Other,FAQ,24/02/2024,1600,2200,1800,24
Maharashtra,Pune,Pune(Manjri),Potato,Other,FAQ,06/03/2024,1500,2200,1800,24
Maharashtra,Pune,Pune(Manjri),Potato,Other,FAQ,08/03/2024,1600,2000,1800,24
Maharashtra,Pune,Pune(Manjri),Potato,Other,FAQ,15/03/2024,1500,2000,1800,24
Maharashtra,Pune,Pune(Manjri),Potato,Other,FAQ,19/03/2024,1600,2000,1800,24
Maharashtra,Pune,Pune(Manjri),Potato,Other,FAQ,21/03/2024,1500,2000,1800,24
Maharashtra,Pune,Pune(Manjri),Potato,Other,FAQ,26/03/2024,1500,2000,1800,24
Maharashtra,Pune,Pune(Manjri),Potato,Other,FAQ,05/04/2024,1400,2000,1800,24
Maharashtra,Pune,Pune(Manjri),Potato,Other,FAQ,21/04/2024,2000,2500,2200,24
Maharashtra,Pune,Pune(Manjri),Potato,Other,FAQ,24/04/2024,2000,2400,2200,24
Maharashtra,Pune,Pune(Manjri),Potato,Other,Local,04/03/2025,1600,2500,2000,24
Maharashtra,Pune,Pune(Manjri),Potato,Other,Local,18/03/2025,1500,2500,2000,24
Maharashtra,Pune,Pune(Manjri),Potato,Other,Local,20/03/2025,1600,2400,2000,24
Maharashtra,Pune,Pune(Manjri),Potato,Other,Local,27/03/2025,1500,2500,2000,24
Maharashtra,Pune,Pune(Manjri),Potato,Other,Local,02/07/2025,1600,2200,2000,24
Maharashtra,Pune,Pune(Manjri),Potato,Other,Local,03/07/2025,1500,2500,2000,24
Maharashtra,Pune,Pune(Manjri),Potato,Other,Local,10/07/2025,1600,2200,1800,24
Maharashtra,Pune,Pune(Manjri),Potato,Other,Local,17/07/2025,1400,2200,1800,24
Maharashtra,Pune,Pune(Manjri),Potato,Other,Local,01/07/2025,1600,2400,2000,24
Maharashtra,Pune,Pune(Manjri),Potato,Other,Local,08/07/2025,1600,2400,2000,24
Maharashtra,Pune,Pune(Manjri),Potato,Other,Local,12/07/2025,1500,2500,2000,24
Maharashtra,Pune,Pune(Manjri),Potato,Other,Local,16/07/2025,1500,2000,1800,24
Maharashtra,Pune,Pune(Manjri),Potato,Other,Local,05/06/2025,1400,2200,1800,24
Maharashtra,Pune,Pune(Manjri),Potato,Other,Local,10/06/2025,1600,2200,2000,24
Maharashtra,Pune,Pune(Manjri),Potato,Other,Local,12/06/2025,1500,1800,1600,24
Maharashtra,Pune,Pune(Manjri),Potato,Other,Local,13/06/2025,1600,2200,2000,24
Maharashtra,Pune,Pune(Manjri),Potato,Other,Local,14/06/2025,1400,2200,1800,24
Maharashtra,Pune,Pune(Manjri),Potato,Other,Local,18/06/2025,1300,2200,1700,24
Maharashtra,Pune,Pune(Manjri),Potato,Other,Local,24/06/2025,1600,2400,2000,24
Maharashtra,Pune,Pune(Manjri),Potato,Other,Local,28/06/2025,1600,2200,2000,24
Maharashtra,Pune,Pune(Manjri),Potato,Other,Local,16/09/2025,1500,2500,2000,24
Maharashtra,Pune,Pune(Manjri),Potato,Other,Local,21/09/2025,1500,2500,2200,24
Maharashtra,Pune,Pune(Manjri),Potato,Other,Local,25/09/2025,1500,2500,2000,24
Maharashtra,Pune,Pune(Manjri),Potato,Other,Local,30/09/2025,1500,2000,1800,24
Maharashtra,Pune,Pune(Manjri),Potato,Other,Local,03/08/2025,1500,2500,2200,24
Maharashtra,Pune,Pune(Manjri),Potato,Other,Local,10/08/2025,1200,1800,1500,24
Maharashtra,Pune,Pune(Manjri),Potato,Other,Local,14/08/2025,1500,2000,1800,24
Maharashtra,Pune,Pune(Manjri),Potato,Other,Local,19/08/2025,1500,2000,1800,24
Maharashtra,Pune,Pune(Manjri),Potato,Other,Local,01/08/2025,1500,2000,1800,24
Maharashtra,Pune,Pune(Manjri),Potato,Other,Local,18/10/2025,1500,2000,1800,24
Maharashtra,Pune,Pune(Manjri),Potato,Other,Local,30/10/2025,1000,2000,1500,24
Maharashtra,Pune,Pune(Manjri),Potato,Other,Local,07/10/2025,1500,2000,1800,24
Maharashtra,Pune,Pune(Manjri),Potato,Other,Local,20/10/2025,1200,2000,1600,24
Maharashtra,Pune,Pune(Manjri),Potato,Other,FAQ,01/04/2021,1500,1500,1500,24
Maharashtra,Pune,Pune(Manjri),Potato,Other,FAQ,28/05/2021,1500,1500,1500,24
Maharashtra,Pune,Pune(Manjri),Potato,Other,FAQ,31/05/2021,1500,1500,1500,24
Maharashtra,Pune,Pune(Manjri),Potato,Other,FAQ,11/06/2021,1500,1500,1500,24
Maharashtra,Pune,Pune(Manjri),Potato,Other,FAQ,13/06/2021,1500,1500,1500,24
Maharashtra,Pune,Pune(Manjri),Potato,Other,FAQ,05/07/2021,1500,1500,1500,24
Maharashtra,Pune,Pune(Manjri),Potato,Other,FAQ,14/07/2021,1500,1500,1500,24
Maharashtra,Pune,Pune(Manjri),Potato,Other,FAQ,20/07/2021,1500,1500,1500,24
Maharashtra,Pune,Pune(Manjri),Potato,Other,FAQ,21/07/2021,1500,1500,1500,24
Maharashtra,Pune,Pune(Manjri),Potato,Other,FAQ,22/08/2021,1500,1500,1500,24
Maharashtra,Pune,Pune(Manjri),Potato,Other,FAQ,30/08/2021,1500,1500,1500,24
Maharashtra,Pune,Pune(Manjri),Potato,Other,FAQ,03/09/2021,1500,1500,1500,24
Maharashtra,Pune,Pune(Manjri),Potato,Other,FAQ,05/09/2021,1500,1500,1500,24
Maharashtra,Pune,Pune(Manjri),Potato,Other,FAQ,06/09/2021,1500,1500,1500,24
Maharashtra,Pune,Pune(Manjri),Potato,Other,FAQ,09/09/2021,1500,1500,1500,24
Maharashtra,Pune,Pune(Manjri),Potato,Other,FAQ,18/09/2021,1500,1500,1500,24
Maharashtra,Pune,Pune(Manjri),Potato,Other,FAQ,19/09/2021,1500,1500,1500,24
Maharashtra,Pune,Pune(Manjri),Potato,Other,FAQ,21/09/2021,1500,1500,1500,24
Maharashtra,Pune,Pune(Manjri),Potato,Other,FAQ,06/10/2021,1500,1500,1500,24
Maharashtra,Pune,Pune(Manjri),Potato,Other,FAQ,07/10/2021,1500,1500,1500,24
Maharashtra,Pune,Pune(Manjri),Potato,Other,FAQ,08/10/2021,1500,1500,1500,24
Maharashtra,Pune,Pune(Manjri),Potato,Other,FAQ,09/10/2021,1500,1500,1500,24
Maharashtra,Pune,Pune(Manjri),Potato,Other,FAQ,11/10/2021,1500,1500,1500,24
Maharashtra,Pune,Pune(Manjri),Potato,Other,FAQ,17/10/2021,1500,1500,1500,24
Maharashtra,Pune,Pune(Manjri),Potato,Other,FAQ,18/10/2021,1500,1500,1500,24
Maharashtra,Pune,Pune(Manjri),Potato,Other,FAQ,02/11/2021,1500,1500,1500,24
Maharashtra,Pune,Pune(Manjri),Potato,Other,FAQ,08/11/2021,1500,1500,1500,24
Maharashtra,Pune,Pune(Manjri),Potato,Other,FAQ,09/11/2021,1500,1500,1500,24
Maharashtra,Pune,Pune(Manjri),Potato,Other,FAQ,16/11/2021,1500,1500,1500,24
Maharashtra,Pune,Pune(Manjri),Potato,Other,FAQ,18/11/2021,1500,1500,1500,24
Maharashtra,Pune,Pune(Manjri),Potato,Other,FAQ,22/11/2021,1500,1500,1500,24
Maharashtra,Pune,Pune(Manjri),Potato,Other,FAQ,25/11/2021,1500,1500,1500,24
Maharashtra,Pune,Pune(Manjri),Potato,Other,FAQ,07/12/2021,1500,1500,1500,24
Maharashtra,Pune,Pune(Manjri),Potato,Other,FAQ,08/12/2021,1500,1500,1500,24
Maharashtra,Pune,Pune(Manjri),Potato,Other,FAQ,15/12/2021,1500,1500,1500,24
Maharashtra,Pune,Pune(Manjri),Potato,Other,FAQ,17/12/2021,1500,1500,1500,24
Maharashtra,Pune,Pune(Manjri),Potato,Other,FAQ,21/12/2021,1500,1500,1500,24
Maharashtra,Pune,Pune(Manjri),Potato,Other,FAQ,02/12/2024,1800,3400,2600,24
Maharashtra,Pune,Pune(Manjri),Potato,Other,FAQ,03/12/2024,2000,3200,2600,24
Maharashtra,Pune,Pune(Manjri),Potato,Other,FAQ,04/12/2024,2000,3400,2700,24
Maharashtra,Pune,Pune(Manjri),Potato,Other,FAQ,09/12/2024,2000,3000,2500,24
Maharashtra,Pune,Pune(Manjri),Potato,Other,FAQ,12/12/2024,1500,2600,2000,24
Maharashtra,Pune,Pune(Manjri),Potato,Other,FAQ,13/12/2024,1500,2800,2500,24
Maharashtra,Pune,Pune(Manjri),Potato,Other,FAQ,17/12/2024,1800,2600,2200,24
Maharashtra,Pune,Pune(Manjri),Potato,Other,FAQ,21/12/2024,2000,2600,2400,24
Maharashtra,Pune,Pune(Manjri),Potato,Other,FAQ,16/05/2024,2200,2600,2400,24
Maharashtra,Pune,Pune(Manjri),Potato,Other,FAQ,20/05/2024,2200,2600,2400,24
Maharashtra,Pune,Pune(Manjri),Potato,Other,FAQ,11/06/2024,2200,2600,2400,24
Maharashtra,Pune,Pune(Manjri),Potato,Other,FAQ,21/06/2024,2400,2800,2600,24
Maharashtra,Pune,Pune(Manjri),Potato,Other,FAQ,25/06/2024,2600,3200,2900,24
Maharashtra,Pune,Pune(Manjri),Potato,Other,FAQ,29/06/2024,2400,2600,2500,24
Maharashtra,Pune,Pune(Manjri),Potato,Other,FAQ,24/06/2024,2600,3000,2800,24
Maharashtra,Pune,Pune(Manjri),Potato,Other,FAQ,01/07/2024,2200,2600,2400,24
Maharashtra,Pune,Pune(Manjri),Potato,Other,FAQ,07/07/2024,2200,3000,2400,24
Maharashtra,Pune,Pune(Manjri),Potato,Other,FAQ,09/07/2024,2000,2200,2100,24
Maharashtra,Pune,Pune(Manjri),Potato,Other,FAQ,16/07/2024,2000,3000,2500,24
Maharashtra,Pune,Pune(Manjri),Potato,Other,FAQ,22/07/2024,2400,2800,2600,24
Maharashtra,Pune,Pune(Manjri),Potato,Other,FAQ,13/01/2024,1600,1800,1700,24
Maharashtra,Pune,Pune(Manjri),Potato,Other,FAQ,28/01/2024,1400,2000,1600,24
Maharashtra,Pune,Pune(Manjri),Potato,Other,FAQ,02/02/2024,3000,4000,3500,24
Maharashtra,Pune,Pune(Manjri),Potato,Other,FAQ,03/02/2024,1500,2000,1750,24
Maharashtra,Pune,Pune(Manjri),Potato,Other,FAQ,06/02/2024,1500,2000,1800,24
Maharashtra,Pune,Pune(Manjri),Potato,Other,FAQ,08/02/2024,1500,2000,1800,24
Maharashtra,Pune,Pune(Manjri),Potato,Other,FAQ,17/02/2024,1600,2000,1800,24
Maharashtra,Pune,Pune(Manjri),Potato,Other,FAQ,18/02/2024,1200,2000,1500,24
Maharashtra,Pune,Pune(Manjri),Potato,Other,FAQ,22/02/2024,1600,2000,1800,24
Maharashtra,Pune,Pune(Manjri),Potato,Other,FAQ,26/02/2024,1600,2000,1800,24
Maharashtra,Pune,Pune(Manjri),Potato,Other,FAQ,29/02/2024,1600,2000,1800,24
Maharashtra,Pune,Pune(Manjri),Potato,Other,FAQ,01/03/2024,1500,1800,1700,24
Maharashtra,Pune,Pune(Manjri),Potato,Other,FAQ,28/03/2024,1500,2000,1700,24
Maharashtra,Pune,Pune(Manjri),Potato,Other,FAQ,31/03/2024,1600,2000,1800,24
Maharashtra,Pune,Pune(Manjri),Potato,Other,FAQ,04/04/2024,1500,2000,1800,24
Maharashtra,Pune,Pune(Manjri),Potato,Other,FAQ,22/04/2024,2000,2400,2200,24
Maharashtra,Pune,Pune(Manjri),Potato,Other,FAQ,27/04/2024,2000,2500,2200,24
Maharashtra,Pune,Pune(Manjri),Potato,Other,FAQ,01/11/2024,2000,2600,2400,24
Maharashtra,Pune,Pune(Manjri),Potato,Other,FAQ,05/11/2024,2000,3400,2700,24
Maharashtra,Pune,Pune(Manjri),Potato,Other,FAQ,06/11/2024,2200,3400,2800,24
Maharashtra,Pune,Pune(Manjri),Potato,Other,FAQ,08/11/2024,2000,3800,2900,24
Maharashtra,Pune,Pune(Manjri),Potato,Other,FAQ,09/11/2024,2000,4000,3000,24
Maharashtra,Pune,Pune(Manjri),Potato,Other,FAQ,03/01/2023,1400,2000,1800,24
Maharashtra,Pune,Pune(Manjri),Potato,Other,FAQ,20/01/2023,1400,2000,1800,24
Maharashtra,Pune,Pune(Manjri),Potato,Other,FAQ,22/01/2023,1400,2000,1800,24
Maharashtra,Pune,Pune(Manjri),Potato,Other,FAQ,23/01/2023,1400,2000,1800,24
Maharashtra,Pune,Pune(Manjri),Potato,Other,FAQ,10/02/2023,1600,1900,1700,24
Maharashtra,Pune,Pune(Manjri),Potato,Other,FAQ,20/02/2023,1600,2000,1800,24
Maharashtra,Pune,Pune(Manjri),Potato,Other,FAQ,22/02/2023,1600,2000,1800,24
Maharashtra,Pune,Pune(Manjri),Potato,Other,FAQ,24/02/2023,1400,2000,1600,24
Maharashtra,Pune,Pune(Manjri),Potato,Other,FAQ,03/03/2023,1400,1800,1600,24
Maharashtra,Pune,Pune(Manjri),Potato,Other,FAQ,21/03/2023,800,1200,1000,24
Maharashtra,Pune,Pune(Manjri),Potato,Other,FAQ,25/03/2023,1000,1200,1100,24
Maharashtra,Pune,Pune(Manjri),Potato,Other,FAQ,07/04/2023,1400,1600,1500,24
Maharashtra,Pune,Pune(Manjri),Potato,Other,FAQ,13/04/2023,1400,1600,1500,24
Maharashtra,Pune,Pune(Manjri),Potato,Other,FAQ,14/04/2023,1400,1600,1500,24
Maharashtra,Pune,Pune(Manjri),Potato,Other,FAQ,22/04/2023,1400,1600,1500,24
Maharashtra,Pune,Pune(Manjri),Potato,Other,FAQ,23/04/2023,1400,1600,1500,24
Maharashtra,Pune,Pune(Manjri),Potato,Other,FAQ,03/05/2023,1400,1800,1600,24
Maharashtra,Pune,Pune(Manjri),Potato,Other,FAQ,13/05/2023,1200,1600,1400,24
Maharashtra,Pune,Pune(Manjri),Potato,Other,FAQ,20/05/2023,1200,1600,1400,24
Maharashtra,Pune,Pune(Manjri),Potato,Other,FAQ,28/05/2023,1400,1600,1500,24
Maharashtra,Pune,Pune(Manjri),Potato,Other,FAQ,31/05/2023,1400,1800,1600,24
Maharashtra,Pune,Pune(Manjri),Potato,Other,FAQ,04/06/2023,1400,1800,1600,24
Maharashtra,Pune,Pune(Manjri),Potato,Other,FAQ,05/06/2023,1400,1800,1600,24
Maharashtra,Pune,Pune(Manjri),Potato,Other,FAQ,06/06/2023,1400,2000,1600,24
Maharashtra,Pune,Pune(Manjri),Potato,Other,FAQ,10/06/2023,1200,1500,1400,24
Maharashtra,Pune,Pune(Manjri),Potato,Other,FAQ,11/06/2023,1200,1600,1400,24
Maharashtra,Pune,Pune(Manjri),Potato,Other,FAQ,25/06/2023,1200,1600,1400,24
Maharashtra,Pune,Pune(Manjri),Potato,Other,FAQ,11/07/2023,1200,1500,1400,24
Maharashtra,Pune,Pune(Manjri),Potato,Other,FAQ,12/07/2023,1000,1500,1200,24
Maharashtra,Pune,Pune(Manjri),Potato,Other,FAQ,01/08/2023,1400,1800,1600,24
Maharashtra,Pune,Pune(Manjri),Potato,Other,FAQ,02/08/2023,1400,1800,1600,24
Maharashtra,Pune,Pune(Manjri),Potato,Other,FAQ,04/08/2023,1400,1800,1600,24
Maharashtra,Pune,Pune(Manjri),Potato,Other,FAQ,10/08/2023,1400,1800,1600,24
Maharashtra,Pune,Pune(Manjri),Potato,Other,FAQ,13/08/2023,1400,1800,1600,24
Maharashtra,Pune,Pune(Manjri),Potato,Other,FAQ,22/08/2023,1400,1800,1600,24
Maharashtra,Pune,Pune(Manjri),Potato,Other,FAQ,29/08/2023,1000,2000,1600,24
Maharashtra,Pune,Pune(Manjri),Potato,Other,FAQ,02/09/2023,1400,1800,1500,24
Maharashtra,Pune,Pune(Manjri),Potato,Other,FAQ,06/09/2023,1600,1800,1700,24
Maharashtra,Pune,Pune(Manjri),Potato,Other,FAQ,09/09/2023,1400,1800,1600,24
Maharashtra,Pune,Pune(Manjri),Potato,Other,FAQ,12/09/2023,1400,1600,1500,24
Maharashtra,Pune,Pune(Manjri),Potato,Other,FAQ,13/09/2023,1400,1800,1600,24
Maharashtra,Pune,Pune(Manjri),Potato,Other,FAQ,14/09/2023,1400,1800,1600,24
Maharashtra,Pune,Pune(Manjri),Potato,Other,FAQ,15/09/2023,1400,1800,1600,24
Maharashtra,Pune,Pune(Manjri),Potato,Other,FAQ,28/09/2023,1000,2000,1500,24
Maharashtra,Pune,Pune(Manjri),Potato,Other,FAQ,08/10/2023,1500,2000,1800,24
Maharashtra,Pune,Pune(Manjri),Potato,Other,FAQ,13/10/2023,1400,2000,1800,24
Maharashtra,Pune,Pune(Manjri),Potato,Other,FAQ,23/10/2023,1200,1800,1600,24
Maharashtra,Pune,Pune(Manjri),Potato,Other,FAQ,26/10/2023,1200,1800,1400,24
Maharashtra,Pune,Pune(Manjri),Potato,Other,FAQ,27/10/2023,1200,2000,1500,24
Maharashtra,Pune,Pune(Manjri),Potato,Other,FAQ,29/10/2023,1500,2000,1800,24
Maharashtra,Pune,Pune(Manjri),Potato,Other,FAQ,31/10/2023,1400,1800,1600,24
Maharashtra,Pune,Pune(Manjri),Potato,Other,FAQ,02/11/2023,1200,1600,1400,24
Maharashtra,Pune,Pune(Manjri),Potato,Other,FAQ,07/11/2023,1200,1800,1500,24
Maharashtra,Pune,Pune(Manjri),Potato,Other,FAQ,10/11/2023,1200,1600,1400,24
Maharashtra,Pune,Pune(Manjri),Potato,Other,FAQ,14/11/2023,1400,1800,1600,24
Maharashtra,Pune,Pune(Manjri),Potato,Other,FAQ,15/11/2023,1000,1800,1400,24
Maharashtra,Pune,Pune(Manjri),Potato,Other,FAQ,17/11/2023,1200,1800,1400,24
Maharashtra,Pune,Pune(Manjri),Potato,Other,FAQ,19/11/2023,1200,1600,1400,24
Maharashtra,Pune,Pune(Manjri),Potato,Other,FAQ,21/11/2023,1200,1800,1400,24
Maharashtra,Pune,Pune(Manjri),Potato,Other,FAQ,23/11/2023,1200,1800,1600,24
Maharashtra,Pune,Pune(Manjri),Potato,Other,FAQ,09/12/2023,1600,1800,1700,24
Maharashtra,Pune,Pune(Manjri),Potato,Other,FAQ,13/12/2023,1200,1600,1400,24
Maharashtra,Pune,Pune(Manjri),Potato,Other,FAQ,14/12/2023,1400,1800,1600,24
Maharashtra,Pune,Pune(Manjri),Potato,Other,FAQ,15/12/2023,1400,1800,1600,24
Maharashtra,Pune,Pune(Manjri),Potato,Other,FAQ,16/12/2023,1400,1800,1600,24
Maharashtra,Pune,Pune(Manjri),Potato,Other,FAQ,30/12/2023,1400,1800,1600,24
Maharashtra,Pune,Pune(Manjri),Potato,Other,FAQ,31/12/2023,1200,1600,1400,24
Maharashtra,Pune,Pune(Manjri),Potato,Other,FAQ,02/08/2024,2400,3000,2800,24
Maharashtra,Pune,Pune(Manjri),Potato,Other,FAQ,06/08/2024,2600,2800,2700,24
Maharashtra,Pune,Pune(Manjri),Potato,Other,FAQ,14/08/2024,2000,3000,2800,24
Maharashtra,Pune,Pune(Manjri),Potato,Other,FAQ,18/08/2024,2400,2600,2500,24
Maharashtra,Pune,Pune(Manjri),Potato,Other,FAQ,19/08/2024,2400,2800,2600,24
Maharashtra,Pune,Pune(Manjri),Potato,Other,FAQ,23/08/2024,2000,3500,3000,24
Maharashtra,Pune,Pune(Manjri),Potato,Other,FAQ,24/08/2024,2000,3500,3000,24
Maharashtra,Pune,Pune(Manjri),Potato,Other,FAQ,25/08/2024,2000,3500,3000,24
Maharashtra,Pune,Pune(Manjri),Potato,Other,FAQ,27/08/2024,2400,2800,2600,24
Maharashtra,Pune,Pune(Manjri),Potato,Other,FAQ,24/10/2024,2500,3500,3000,24
Maharashtra,Pune,Pune(Manjri),Potato,Other,FAQ,15/10/2024,2000,3000,2500,24
Maharashtra,Pune,Pune(Manjri),Potato,Other,FAQ,11/10/2024,2000,3000,2600,24
Maharashtra,Pune,Pune(Manjri),Potato,Other,FAQ,04/10/2024,2600,3200,2900,24
Maharashtra,Pune,Pune(Manjri),Potato,Other,FAQ,20/10/2024,2200,2600,2400,24
Maharashtra,Pune,Pune(Manjri),Potato,Other,FAQ,17/09/2024,2000,3200,2800,24
Maharashtra,Pune,Pune(Manjri),Potato,Other,FAQ,16/09/2024,2000,3000,2700,24
Maharashtra,Pune,Pune(Manjri),Potato,Other,FAQ,22/09/2024,2000,3000,2800,24
Maharashtra,Pune,Pune(Manjri),Potato,Other,FAQ,30/09/2024,2000,3000,2700,24
Maharashtra,Pune,Pune(Manjri),Potato,Other,Local,14/02/2025,1500,2600,2000,24
Maharashtra,Pune,Pune(Manjri),Potato,Other,Local,25/02/2025,1600,2600,2000,24
Maharashtra,Pune,Pune(Manjri),Potato,Other,Local,26/02/2025,1600,2600,2200,24
Maharashtra,Pune,Pune(Manjri),Potato,Other,FAQ,12/01/2025,1600,2600,2000,24
Maharashtra,Pune,Pune(Manjri),Potato,Other,FAQ,15/01/2025,1600,2600,2000,24
Maharashtra,Pune,Pune(Manjri),Potato,Other,FAQ,25/01/2025,1500,2500,2000,24
Maharashtra,Pune,Pune(Manjri),Potato,Other,Local,27/01/2025,1600,2600,2000,24
Maharashtra,Pune,Pune(Manjri),Potato,Other,Local,18/04/2025,1500,2000,1700,24
Maharashtra,Pune,Pune(Manjri),Potato,Other,Local,25/04/2025,2000,2500,2200,24
Maharashtra,Pune,Pune(Manjri),Potato,Other,Local,02/05/2025,1600,2600,2000,24
Maharashtra,Pune,Pune(Manjri),Potato,Other,Local,03/05/2025,1600,2600,2000,24
Maharashtra,Pune,Pune(Manjri),Potato,Other,Local,05/05/2025,1600,2200,1900,24
Maharashtra,Pune,Pune(Manjri),Potato,Other,Local,06/05/2025,1500,2400,1900,24
Maharashtra,Pune,Pune(Manjri),Potato,Other,Local,09/05/2025,1500,2400,1900,24
Maharashtra,Pune,Pune(Manjri),Potato,Other,Local,15/05/2025,1500,2200,1700,24
Maharashtra,Pune,Pune(Manjri),Potato,Other,Local,19/05/2025,1500,2000,1700,24
Maharashtra,Pune,Pune(Manjri),Potato,Other,Local,20/05/2025,1500,2000,1800,24
Maharashtra,Pune,Pune(Manjri),Potato,Other,Local,23/05/2025,1600,2200,1800,24
Maharashtra,Pune,Pune(Manjri),Potato,Other,Local,24/05/2025,1600,2400,2000,24
Maharashtra,Pune,Pune(Manjri),Potato,Other,Local,26/05/2025,1600,2200,1800,24
Maharashtra,Pune,Pune(Manjri),Potato,Other,Local,27/05/2025,1800,2200,2000,24
Maharashtra,Pune,Pune(Manjri),Potato,Other,Local,28/05/2025,1500,2200,2000,24
Maharashtra,Pune,Pune(Manjri),Potato,Other,Local,29/05/2025,1400,2200,1800,24
Maharashtra,Pune,Pune(Manjri),Potato,Other,Local,05/03/2025,1600,2600,2100,24
Maharashtra,Pune,Pune(Manjri),Potato,Other,Local,14/03/2025,1400,2400,1800,24
Maharashtra,Pune,Pune(Manjri),Potato,Other,Local,08/03/2025,1600,2400,2000,24
Maharashtra,Pune,Pune(Manjri),Potato,Other,Local,11/03/2025,1600,2600,2200,24
Maharashtra,Pune,Pune(Manjri),Potato,Other,Local,17/03/2025,1800,2600,2200,24
Maharashtra,Pune,Pune(Manjri),Potato,Other,Local,25/03/2025,1500,2500,2000,24
Maharashtra,Pune,Pune(Manjri),Potato,Other,FAQ,03/01/2022,1500,1500,1500,24
Maharashtra,Pune,Pune(Manjri),Potato,Other,FAQ,04/01/2022,1500,1500,1500,24
Maharashtra,Pune,Pune(Manjri),Potato,Other,FAQ,13/01/2022,1500,1500,1500,24
Maharashtra,Pune,Pune(Manjri),Potato,Other,FAQ,21/01/2022,1500,1500,1500,24
Maharashtra,Pune,Pune(Manjri),Potato,Other,FAQ,22/01/2022,1500,1500,1500,24
Maharashtra,Pune,Pune(Manjri),Potato,Other,FAQ,10/02/2022,1500,1500,1500,24
Maharashtra,Pune,Pune(Manjri),Potato,Other,FAQ,11/02/2022,1500,1500,1500,24
Maharashtra,Pune,Pune(Manjri),Potato,Other,FAQ,14/02/2022,1500,1500,1500,24
Maharashtra,Pune,Pune(Manjri),Potato,Other,FAQ,18/02/2022,1500,1500,1500,24
Maharashtra,Pune,Pune(Manjri),Potato,Other,FAQ,19/02/2022,1500,1500,1500,24
Maharashtra,Pune,Pune(Manjri),Potato,Other,FAQ,20/02/2022,1500,1500,1500,24
Maharashtra,Pune,Pune(Manjri),Potato,Other,FAQ,25/02/2022,1500,1500,1500,24
Maharashtra,Pune,Pune(Manjri),Potato,Other,FAQ,10/03/2022,1400,1600,1500,24
Maharashtra,Pune,Pune(Manjri),Potato,Other,FAQ,20/03/2022,1300,1600,1500,24
Maharashtra,Pune,Pune(Manjri),Potato,Other,FAQ,22/03/2022,1300,1500,1400,24
Maharashtra,Pune,Pune(Manjri),Potato,Other,FAQ,25/03/2022,1200,1600,1400,24
Maharashtra,Pune,Pune(Manjri),Potato,Other,FAQ,27/03/2022,800,1400,1200,24
Maharashtra,Pune,Pune(Manjri),Potato,Other,FAQ,30/03/2022,1400,1600,1500,24
Maharashtra,Pune,Pune(Manjri),Potato,Other,FAQ,05/04/2022,1100,1600,1300,24
Maharashtra,Pune,Pune(Manjri),Potato,Other,FAQ,18/04/2022,800,1700,1300,24
Maharashtra,Pune,Pune(Manjri),Potato,Other,FAQ,21/04/2022,1000,1500,1100,24
Maharashtra,Pune,Pune(Manjri),Potato,Other,FAQ,24/04/2022,800,1600,1300,24
Maharashtra,Pune,Pune(Manjri),Potato,Other,FAQ,03/05/2022,1400,1700,1600,24
Maharashtra,Pune,Pune(Manjri),Potato,Other,FAQ,05/06/2022,1600,2200,1800,24
Maharashtra,Pune,Pune(Manjri),Potato,Other,FAQ,08/06/2022,1600,2200,1800,24
Maharashtra,Pune,Pune(Manjri),Potato,Other,FAQ,10/06/2022,1800,2400,2000,24
Maharashtra,Pune,Pune(Manjri),Potato,Other,FAQ,14/06/2022,1600,2200,1800,24
Maharashtra,Pune,Pune(Manjri),Potato,Other,FAQ,20/06/2022,1500,2000,1750,24
Maharashtra,Pune,Pune(Manjri),Potato,Other,FAQ,23/06/2022,1400,1800,1600,24
Maharashtra,Pune,Pune(Manjri),Potato,Other,FAQ,26/06/2022,1200,2000,1600,24
Maharashtra,Pune,Pune(Manjri),Potato,Other,FAQ,27/06/2022,1400,2000,1700,24
Maharashtra,Pune,Pune(Manjri),Potato,Other,FAQ,28/06/2022,1400,2000,1800,24
Maharashtra,Pune,Pune(Manjri),Potato,Other,FAQ,16/07/2022,1600,2000,1800,24
Maharashtra,Pune,Pune(Manjri),Potato,Other,FAQ,30/07/2022,1400,2000,1700,24
Maharashtra,Pune,Pune(Manjri),Potato,Other,FAQ,01/08/2022,1700,2200,1900,24
Maharashtra,Pune,Pune(Manjri),Potato,Other,FAQ,16/08/2022,1600,2200,1900,24
Maharashtra,Pune,Pune(Manjri),Potato,Other,FAQ,18/08/2022,1800,2000,1900,24
Maharashtra,Pune,Pune(Manjri),Potato,Other,FAQ,27/08/2022,1800,2000,1900,24
Maharashtra,Pune,Pune(Manjri),Potato,Other,FAQ,01/09/2022,1800,2000,1900,24
Maharashtra,Pune,Pune(Manjri),Potato,Other,FAQ,06/09/2022,1600,2000,1800,24
Maharashtra,Pune,Pune(Manjri),Potato,Other,FAQ,07/09/2022,1600,2000,1800,24
Maharashtra,Pune,Pune(Manjri),Potato,Other,FAQ,15/09/2022,1800,2000,1900,24
Maharashtra,Pune,Pune(Manjri),Potato,Other,FAQ,26/09/2022,1500,2000,1800,24
Maharashtra,Pune,Pune(Manjri),Potato,Other,FAQ,28/09/2022,1600,2000,1800,24
Maharashtra,Pune,Pune(Manjri),Potato,Other,FAQ,01/10/2022,1500,1900,1700,24
Maharashtra,Pune,Pune(Manjri),Potato,Other,FAQ,08/10/2022,1500,1900,1800,24
Maharashtra,Pune,Pune(Manjri),Potato,Other,FAQ,13/10/2022,1600,2000,1800,24
Maharashtra,Pune,Pune(Manjri),Potato,Other,FAQ,15/10/2022,1600,2000,1800,24
Maharashtra,Pune,Pune(Manjri),Potato,Other,FAQ,16/10/2022,1600,2000,1800,24
Maharashtra,Pune,Pune(Manjri),Potato,Other,FAQ,19/10/2022,1700,2000,1800,24
Maharashtra,Pune,Pune(Manjri),Potato,Other,FAQ,21/10/2022,1700,2000,1800,24
Maharashtra,Pune,Pune(Manjri),Potato,Other,FAQ,30/10/2022,1800,2600,2200,24
Maharashtra,Pune,Pune(Manjri),Potato,Other,FAQ,02/11/2022,1800,2500,2100,24
Maharashtra,Pune,Pune(Manjri),Potato,Other,FAQ,07/11/2022,1800,2500,2200,24
Maharashtra,Pune,Pune(Manjri),Potato,Other,FAQ,08/11/2022,1700,2200,2000,24
Maharashtra,Pune,Pune(Manjri),Potato,Other,FAQ,11/11/2022,1700,2500,2100,24
Maharashtra,Pune,Pune(Manjri),Potato,Other,FAQ,23/11/2022,1400,2000,1800,24
Maharashtra,Pune,Pune(Manjri),Potato,Other,FAQ,09/12/2022,1600,2000,1800,24
Maharashtra,Pune,Pune(Manjri),Potato,Other,FAQ,15/12/2022,1800,2000,1900,24
Maharashtra,Pune,Pune(Manjri),Potato,Other,FAQ,19/12/2022,1700,2000,1850,24
Maharashtra,Pune,Pune(Manjri),Potato,Other,FAQ,28/12/2022,1700,2000,1900,24
Maharashtra,Pune,Pune(Manjri),Potato,Other,Local,06/08/2025,1200,2000,1800,24
Maharashtra,Pune,Pune(Manjri),Potato,Other,Local,20/08/2025,1200,2000,1800,24
Maharashtra,Pune,Pune(Manjri),Potato,Other,Local,25/08/2025,1000,2000,1500,24
Maharashtra,Pune,Pune(Manjri),Potato,Other,Local,27/08/2025,1000,2000,1500,24
Maharashtra,Pune,Pune(Manjri),Potato,Other,Local,04/08/2025,1500,2000,1800,24
Maharashtra,Pune,Pune(Manjri),Potato,Other,Local,02/06/2025,1400,2200,1800,24
Maharashtra,Pune,Pune(Manjri),Potato,Other,Local,08/06/2025,1400,2200,1800,24
Maharashtra,Pune,Pune(Manjri),Potato,Other,Local,09/06/2025,1500,1800,1600,24
Maharashtra,Pune,Pune(Manjri),Potato,Other,Local,15/06/2025,1300,2200,1700,24
Maharashtra,Pune,Pune(Manjri),Potato,Other,Local,27/06/2025,1500,2800,2200,24
Maharashtra,Pune,Pune(Manjri),Potato,Other,Local,05/07/2025,2000,3000,2500,24
Maharashtra,Pune,Pune(Manjri),Potato,Other,Local,07/07/2025,1500,2500,2000,24
Maharashtra,Pune,Pune(Manjri),Potato,Other,Local,15/07/2025,1500,2200,1800,24
Maharashtra,Pune,Pune(Manjri),Potato,Other,Local,20/07/2025,1600,2500,2000,24
Maharashtra,Pune,Pune(Manjri),Potato,Other,Local,24/07/2025,1200,1800,1500,24
Maharashtra,Pune,Pune(Manjri),Potato,Other,Local,04/09/2025,1000,2000,1500,24
Maharashtra,Pune,Pune(Manjri),Potato,Other,Local,05/09/2025,1500,2500,2000,24
Maharashtra,Pune,Pune(Manjri),Potato,Other,Local,09/09/2025,1500,2000,1800,24
Maharashtra,Pune,Pune(Manjri),Potato,Other,Local,18/09/2025,1500,2000,1800,24
Maharashtra,Pune,Pune(Manjri),Potato,Other,Local,22/09/2025,1500,2500,2200,24
Maharashtra,Pune,Pune(Manjri),Potato,Other,Local,24/09/2025,1500,2500,2300,24
Maharashtra,Pune,Pune(Manjri),Potato,Other,Local,27/09/2025,1500,2000,1800,24
Maharashtra,Pune,Pune(Manjri),Potato,Other,Local,05/10/2025,1500,2000,1800,24
Maharashtra,Pune,Pune(Manjri),Potato,Other,Local,08/10/2025,1500,2500,2000,24
Maharashtra,Pune,Pune(Manjri),Potato,Other,Local,13/10/2025,1500,2500,2000,24
Maharashtra,Pune,Pune(Manjri),Potato,Other,Local,14/10/2025,1500,2500,2200,24
Maharashtra,Pune,Pune(Manjri),Potato,Other,Local,16/10/2025,1500,2000,1800,24
Maharashtra,Pune,Pune(Manjri),Potato,Other,Local,28/10/2025,1000,2000,1600,24
Maharashtra,Pune,Pune(Manjri),Potato,Other,Local,31/10/2025,1000,2000,1800,24
Maharashtra,Pune,Pune(Manjri),Potato,Other,FAQ,24/05/2021,1500,1500,1500,24
Maharashtra,Pune,Pune(Manjri),Potato,Other,FAQ,25/05/2021,1500,1500,1500,24
Maharashtra,Pune,Pune(Manjri),Potato,Other,FAQ,06/06/2021,1500,1500,1500,24
Maharashtra,Pune,Pune(Manjri),Potato,Other,FAQ,10/06/2021,1500,1500,1500,24
Maharashtra,Pune,Pune(Manjri),Potato,Other,FAQ,16/06/2021,1500,1500,1500,24
Maharashtra,Pune,Pune(Manjri),Potato,Other,FAQ,17/06/2021,1500,1500,1500,24
Maharashtra,Pune,Pune(Manjri),Potato,Other,FAQ,21/06/2021,1500,1500,1500,24
Maharashtra,Pune,Pune(Manjri),Potato,Other,FAQ,23/06/2021,1500,1500,1500,24
Maharashtra,Pune,Pune(Manjri),Potato,Other,FAQ,02/07/2021,1500,1500,1500,24
Maharashtra,Pune,Pune(Manjri),Potato,Other,FAQ,07/07/2021,1500,1500,1500,24
Maharashtra,Pune,Pune(Manjri),Potato,Other,FAQ,13/07/2021,1500,1500,1500,24
Maharashtra,Pune,Pune(Manjri),Potato,Other,FAQ,16/07/2021,1500,1500,1500,24
Maharashtra,Pune,Pune(Manjri),Potato,Other,FAQ,28/07/2021,1500,1500,1500,24
Maharashtra,Pune,Pune(Manjri),Potato,Other,FAQ,29/07/2021,1500,1500,1500,24
Maharashtra,Pune,Pune(Manjri),Potato,Other,FAQ,03/08/2021,1500,1500,1500,24
Maharashtra,Pune,Pune(Manjri),Potato,Other,FAQ,18/08/2021,1500,1500,1500,24
Maharashtra,Pune,Pune(Manjri),Potato,Other,FAQ,20/08/2021,1500,1500,1500,24
Maharashtra,Pune,Pune(Manjri),Potato,Other,FAQ,01/09/2021,1500,1500,1500,24
Maharashtra,Pune,Pune(Manjri),Potato,Other,FAQ,23/09/2021,1500,1500,1500,24
Maharashtra,Pune,Pune(Manjri),Potato,Other,FAQ,05/10/2021,1500,1500,1500,24
Maharashtra,Pune,Pune(Manjri),Potato,Other,FAQ,22/10/2021,1500,1500,1500,24
Maharashtra,Pune,Pune(Manjri),Potato,Other,FAQ,24/10/2021,1500,1500,1500,24
Maharashtra,Pune,Pune(Manjri),Potato,Other,FAQ,26/10/2021,1500,1500,1500,24
Maharashtra,Pune,Pune(Manjri),Potato,Other,FAQ,27/10/2021,1500,1500,1500,24
Maharashtra,Pune,Pune(Manjri),Potato,Other,FAQ,28/10/2021,1500,1500,1500,24
Maharashtra,Pune,Pune(Manjri),Potato,Other,FAQ,03/11/2021,1500,1500,1500,24
Maharashtra,Pune,Pune(Manjri),Potato,Other,FAQ,12/11/2021,1500,1500,1500,24
Maharashtra,Pune,Pune(Manjri),Potato,Other,FAQ,13/11/2021,1500,1500,1500,24
Maharashtra,Pune,Pune(Manjri),Potato,Other,FAQ,14/11/2021,1500,1500,1500,24
Maharashtra,Pune,Pune(Manjri),Potato,Other,FAQ,17/11/2021,1500,1500,1500,24
Maharashtra,Pune,Pune(Manjri),Potato,Other,FAQ,19/11/2021,1500,1500,1500,24
Maharashtra,Pune,Pune(Manjri),Potato,Other,FAQ,23/11/2021,1500,1500,1500,24
Maharashtra,Pune,Pune(Manjri),Potato,Other,FAQ,09/12/2021,1500,1500,1500,24
Maharashtra,Pune,Pune(Manjri),Potato,Other,FAQ,10/12/2021,1500,1500,1500,24
Maharashtra,Pune,Pune(Manjri),Potato,Other,FAQ,18/12/2021,1500,1500,1500,24
Maharashtra,Pune,Pune(Manjri),Potato,Other,FAQ,10/01/2022,1500,1500,1500,24
Maharashtra,Pune,Pune(Manjri),Potato,Other,FAQ,20/01/2022,1500,1500,1500,24
Maharashtra,Pune,Pune(Manjri),Potato,Other,FAQ,23/01/2022,1500,1500,1500,24
Maharashtra,Pune,Pune(Manjri),Potato,Other,FAQ,28/01/2022,1500,1500,1500,24
Maharashtra,Pune,Pune(Manjri),Potato,Other,FAQ,03/02/2022,1500,1500,1500,24
Maharashtra,Pune,Pune(Manjri),Potato,Other,FAQ,07/02/2022,1500,1500,1500,24
Maharashtra,Pune,Pune(Manjri),Potato,Other,FAQ,12/02/2022,1500,1500,1500,24
Maharashtra,Pune,Pune(Manjri),Potato,Other,FAQ,13/02/2022,1500,1500,1500,24
Maharashtra,Pune,Pune(Manjri),Potato,Other,FAQ,16/02/2022,1500,1500,1500,24
Maharashtra,Pune,Pune(Manjri),Potato,Other,FAQ,23/02/2022,1500,1500,1500,24
Maharashtra,Pune,Pune(Manjri),Potato,Other,FAQ,02/03/2022,1500,1500,1500,24
Maharashtra,Pune,Pune(Manjri),Potato,Other,FAQ,05/03/2022,1400,1600,1500,24
Maharashtra,Pune,Pune(Manjri),Potato,Other,FAQ,14/03/2022,1100,1500,1400,24
Maharashtra,Pune,Pune(Manjri),Potato,Other,FAQ,15/03/2022,1200,1500,1300,24
Maharashtra,Pune,Pune(Manjri),Potato,Other,FAQ,21/03/2022,1300,1500,1400,24
Maharashtra,Pune,Pune(Manjri),Potato,Other,FAQ,31/03/2022,1300,1600,1500,24
Maharashtra,Pune,Pune(Manjri),Potato,Other,FAQ,11/04/2022,1400,1600,1500,24
Maharashtra,Pune,Pune(Manjri),Potato,Other,FAQ,13/04/2022,800,1700,1300,24
Maharashtra,Pune,Pune(Manjri),Potato,Other,FAQ,14/04/2022,800,1700,1300,24
Maharashtra,Pune,Pune(Manjri),Potato,Other,FAQ,19/04/2022,800,1600,1200,24
Maharashtra,Pune,Pune(Manjri),Potato,Other,FAQ,20/04/2022,800,1600,1000,24
Maharashtra,Pune,Pune(Manjri),Potato,Other,FAQ,23/04/2022,800,1600,1000,24
Maharashtra,Pune,Pune(Manjri),Potato,Other,FAQ,25/04/2022,1500,1800,1600,24
Maharashtra,Pune,Pune(Manjri),Potato,Other,FAQ,26/04/2022,1500,1800,1600,24
Maharashtra,Pune,Pune(Manjri),Potato,Other,FAQ,29/04/2022,1400,2100,1800,24
Maharashtra,Pune,Pune(Manjri),Potato,Other,FAQ,09/05/2022,1600,1900,1800,24
Maharashtra,Pune,Pune(Manjri),Potato,Other,FAQ,15/05/2022,1500,1800,1700,24
Maharashtra,Pune,Pune(Manjri),Potato,Other,FAQ,16/05/2022,1500,2200,1800,24
Maharashtra,Pune,Pune(Manjri),Potato,Other,FAQ,20/05/2022,1500,2200,1800,24
Maharashtra,Pune,Pune(Manjri),Potato,Other,FAQ,25/05/2022,1600,2200,1800,24
Maharashtra,Pune,Pune(Manjri),Potato,Other,FAQ,30/05/2022,1600,2200,1800,24
Maharashtra,Pune,Pune(Manjri),Potato,Other,FAQ,04/06/2022,1600,2200,1800,24
Maharashtra,Pune,Pune(Manjri),Potato,Other,FAQ,07/06/2022,1600,2200,1800,24
Maharashtra,Pune,Pune(Manjri),Potato,Other,FAQ,11/06/2022,1600,2000,1800,24
Maharashtra,Pune,Pune(Manjri),Potato,Other,FAQ,17/06/2022,1600,2200,1800,24
Maharashtra,Pune,Pune(Manjri),Potato,Other,FAQ,24/06/2022,1500,2000,1750,24
Maharashtra,Pune,Pune(Manjri),Potato,Other,FAQ,29/06/2022,1400,2000,1700,24
Maharashtra,Pune,Pune(Manjri),Potato,Other,FAQ,03/07/2022,1400,1800,1600,24
Maharashtra,Pune,Pune(Manjri),Potato,Other,FAQ,04/07/2022,1400,2000,1700,24
Maharashtra,Pune,Pune(Manjri),Potato,Other,FAQ,06/07/2022,1400,2000,1700,24
Maharashtra,Pune,Pune(Manjri),Potato,Other,FAQ,10/07/2022,1600,2000,1800,24
Maharashtra,Pune,Pune(Manjri),Potato,Other,FAQ,11/07/2022,1600,2000,1800,24
Maharashtra,Pune,Pune(Manjri),Potato,Other,FAQ,18/07/2022,1600,2000,1700,24
Maharashtra,Pune,Pune(Manjri),Potato,Other,FAQ,19/07/2022,1600,2000,1800,24
Maharashtra,Pune,Pune(Manjri),Potato,Other,FAQ,03/08/2022,1400,2000,1700,24
Maharashtra,Pune,Pune(Manjri),Potato,Other,FAQ,13/08/2022,1600,2000,1800,24
Maharashtra,Pune,Pune(Manjri),Potato,Other,FAQ,20/08/2022,1800,2000,1900,24
Maharashtra,Pune,Pune(Manjri),Potato,Other,FAQ,29/08/2022,1800,2000,1900,24
Maharashtra,Pune,Pune(Manjri),Potato,Other,FAQ,30/08/2022,1800,2000,1900,24
Maharashtra,Pune,Pune(Manjri),Potato,Other,FAQ,03/09/2022,1800,2000,1900,24
Maharashtra,Pune,Pune(Manjri),Potato,Other,FAQ,04/09/2022,1800,2000,1900,24
Maharashtra,Pune,Pune(Manjri),Potato,Other,FAQ,05/09/2022,1600,2000,1700,24
Maharashtra,Pune,Pune(Manjri),Potato,Other,FAQ,08/09/2022,1600,2000,1800,24
Maharashtra,Pune,Pune(Manjri),Potato,Other,FAQ,17/09/2022,1600,2000,1800,24
Maharashtra,Pune,Pune(Manjri),Potato,Other,FAQ,22/09/2022,1500,1800,1600,24
Maharashtra,Pune,Pune(Manjri),Potato,Other,FAQ,24/09/2022,1600,2100,1900,24
Maharashtra,Pune,Pune(Manjri),Potato,Other,FAQ,02/10/2022,1500,2000,1900,24
Maharashtra,Pune,Pune(Manjri),Potato,Other,FAQ,12/10/2022,1500,1900,1700,24
Maharashtra,Pune,Pune(Manjri),Potato,Other,FAQ,14/10/2022,1600,2000,1800,24
Maharashtra,Pune,Pune(Manjri),Potato,Other,FAQ,22/10/2022,1600,2000,1800,24
Maharashtra,Pune,Pune(Manjri),Potato,Other,FAQ,25/10/2022,1100,1500,1300,24
Maharashtra,Pune,Pune(Manjri),Potato,Other,FAQ,26/10/2022,1800,2000,1900,24
Maharashtra,Pune,Pune(Manjri),Potato,Other,FAQ,29/10/2022,1700,2000,1800,24
Maharashtra,Pune,Pune(Manjri),Potato,Other,FAQ,04/11/2022,1800,2400,2100,24
Maharashtra,Pune,Pune(Manjri),Potato,Other,FAQ,05/11/2022,1800,2500,2100,24
Maharashtra,Pune,Pune(Manjri),Potato,Other,FAQ,17/11/2022,1600,2000,1800,24
Maharashtra,Pune,Pune(Manjri),Potato,Other,FAQ,04/12/2022,1600,2000,1800,24
Maharashtra,Pune,Pune(Manjri),Potato,Other,FAQ,07/12/2022,1800,2200,2000,24
Maharashtra,Pune,Pune(Manjri),Potato,Other,FAQ,16/12/2022,1700,2000,1800,24
Maharashtra,Pune,Pune(Manjri),Potato,Other,FAQ,18/12/2022,1600,2000,1800,24
Maharashtra,Pune,Pune(Manjri),Potato,Other,FAQ,22/12/2022,1700,2000,1700,24
Maharashtra,Pune,Pune(Manjri),Potato,Other,FAQ,29/12/2022,1700,2000,1900,24
Maharashtra,Pune,Pune(Manjri),Potato,Other,FAQ,30/12/2022,1700,2000,1900,24
Maharashtra,Pune,Pune(Manjri),Potato,Other,FAQ,31/12/2022,1600,2000,1800,24
Maharashtra,Pune,Pune(Manjri),Potato,Other,FAQ,02/06/2024,1800,2500,2200,24
Maharashtra,Pune,Pune(Manjri),Potato,Other,FAQ,03/06/2024,2200,2600,2400,24
Maharashtra,Pune,Pune(Manjri),Potato,Other,FAQ,04/06/2024,2000,2400,2200,24
Maharashtra,Pune,Pune(Manjri),Potato,Other,FAQ,18/06/2024,2400,3000,2700,24
Maharashtra,Pune,Pune(Manjri),Potato,Other,FAQ,27/06/2024,2400,2600,2500,24
Maharashtra,Pune,Pune(Manjri),Potato,Other,FAQ,10/06/2024,2000,2600,2400,24
Maharashtra,Pune,Pune(Manjri),Potato,Other,FAQ,06/05/2024,2200,2600,2400,24
Maharashtra,Pune,Pune(Manjri),Potato,Other,FAQ,07/05/2024,2200,2600,2400,24
Maharashtra,Pune,Pune(Manjri),Potato,Other,FAQ,11/05/2024,2000,2500,2300,24
Maharashtra,Pune,Pune(Manjri),Potato,Other,FAQ,14/05/2024,2000,2600,2400,24
Maharashtra,Pune,Pune(Manjri),Potato,Other,FAQ,23/05/2024,1800,2200,2000,24
Maharashtra,Pune,Pune(Manjri),Potato,Other,FAQ,25/05/2024,1500,3000,2500,24
Maharashtra,Pune,Pune(Manjri),Potato,Other,FAQ,29/05/2024,2000,2200,2100,24
Maharashtra,Pune,Pune(Manjri),Potato,Other,FAQ,06/01/2024,1200,1800,1600,24
Maharashtra,Pune,Pune(Manjri),Potato,Other,FAQ,09/01/2024,1600,2000,1800,24
Maharashtra,Pune,Pune(Manjri),Potato,Other,FAQ,29/01/2024,1600,2000,1800,24
Maharashtra,Pune,Pune(Manjri),Potato,Other,FAQ,01/02/2024,1500,2000,1800,24
Maharashtra,Pune,Pune(Manjri),Potato,Other,FAQ,07/02/2024,1500,2000,1800,24
Maharashtra,Pune,Pune(Manjri),Potato,Other,FAQ,09/02/2024,1500,2000,1700,24
Maharashtra,Pune,Pune(Manjri),Potato,Other,FAQ,11/02/2024,1500,2000,1700,24
Maharashtra,Pune,Pune(Manjri),Potato,Other,FAQ,19/02/2024,1600,2000,1800,24
Maharashtra,Pune,Pune(Manjri),Potato,Other,FAQ,23/02/2024,1600,2000,1800,24
Maharashtra,Pune,Pune(Manjri),Potato,Other,FAQ,25/02/2024,1600,2000,1800,24
Maharashtra,Pune,Pune(Manjri),Potato,Other,FAQ,28/02/2024,1400,2000,1600,24
Maharashtra,Pune,Pune(Manjri),Potato,Other,FAQ,04/03/2024,1500,2000,1800,24
Maharashtra,Pune,Pune(Manjri),Potato,Other,FAQ,07/03/2024,1600,2200,1800,24
Maharashtra,Pune,Pune(Manjri),Potato,Other,FAQ,12/03/2024,1500,2000,1800,24
Maharashtra,Pune,Pune(Manjri),Potato,Other,FAQ,14/03/2024,1600,2000,1800,24
Maharashtra,Pune,Pune(Manjri),Potato,Other,FAQ,01/04/2024,1500,2100,1700,24
Maharashtra,Pune,Pune(Manjri),Potato,Other,FAQ,03/04/2024,1800,2000,1900,24
Maharashtra,Pune,Pune(Manjri),Potato,Other,FAQ,13/04/2024,2000,2500,2250,24
Maharashtra,Pune,Pune(Manjri),Potato,Other,FAQ,25/04/2024,1800,2400,2000,24
Maharashtra,Pune,Pune(Manjri),Potato,Other,FAQ,01/09/2024,2000,3500,3000,24
Maharashtra,Pune,Pune(Manjri),Potato,Other,FAQ,02/09/2024,2000,3000,2500,24
Maharashtra,Pune,Pune(Manjri),Potato,Other,FAQ,15/09/2024,1800,3000,2800,24
Maharashtra,Pune,Pune(Manjri),Potato,Other,FAQ,26/09/2024,2000,3000,2800,24
Maharashtra,Pune,Pune(Manjri),Potato,Other,FAQ,07/01/2025,1500,2400,2000,24
Maharashtra,Pune,Pune(Manjri),Potato,Other,FAQ,08/01/2025,1500,2500,2000,24
Maharashtra,Pune,Pune(Manjri),Potato,Other,FAQ,10/01/2025,1600,2500,2000,24
Maharashtra,Pune,Pune(Manjri),Potato,Other,Local,04/02/2025,1600,2600,2000,24
Maharashtra,Pune,Pune(Manjri),Potato,Other,Local,16/02/2025,1500,2600,2000,24
Maharashtra,Pune,Pune(Manjri),Potato,Other,Local,17/02/2025,1600,2600,2000,24
Maharashtra,Pune,Pune(Manjri),Potato,Other,Local,23/02/2025,1500,2500,2000,24
Maharashtra,Pune,Pune(Manjri),Potato,Other,Local,27/02/2025,1500,2500,2000,24
Maharashtra,Pune,Pune(Manjri),Potato,Other,Local,28/02/2025,1500,2500,2000,24
Maharashtra,Pune,Pune(Manjri),Potato,Other,FAQ,05/10/2024,2600,3200,2800,24
Maharashtra,Pune,Pune(Manjri),Potato,Other,FAQ,09/10/2024,2200,3200,2700,24
Maharashtra,Pune,Pune(Manjri),Potato,Other,FAQ,19/10/2024,2600,3000,2800,24
Maharashtra,Pune,Pune(Manjri),Potato,Other,FAQ,03/10/2024,2200,3000,2800,24
Maharashtra,Pune,Pune(Manjri),Potato,Other,FAQ,18/10/2024,2200,2600,2400,24
Maharashtra,Pune,Pune(Manjri),Potato,Other,FAQ,06/10/2024,2600,3600,3100,24
Maharashtra,Pune,Pune(Manjri),Potato,Other,FAQ,16/10/2024,2200,2800,2400,24
Maharashtra,Pune,Pune(Manjri),Potato,Other,FAQ,21/10/2024,2200,2800,2400,24
Maharashtra,Pune,Pune(Manjri),Potato,Other,Local,07/03/2025,1600,2800,2200,24
Maharashtra,Pune,Pune(Manjri),Potato,Other,Local,09/03/2025,1600,2800,2200,24
Maharashtra,Pune,Pune(Manjri),Potato,Other,Local,19/03/2025,1600,2400,2000,24
Maharashtra,Pune,Pune(Manjri),Potato,Other,Local,28/03/2025,1500,2200,1800,24
Maharashtra,Pune,Pune(Manjri),Potato,Other,Local,30/03/2025,1500,2200,1800,24
Maharashtra,Pune,Pune(Manjri),Potato,Other,Local,03/06/2025,1400,2200,1800,24
Maharashtra,Pune,Pune(Manjri),Potato,Other,Local,20/06/2025,1500,2500,2000,24
Maharashtra,Pune,Pune(Manjri),Potato,Other,Local,26/06/2025,1500,2500,2000,24
Maharashtra,Pune,Pune(Manjri),Potato,Other,Local,01/06/2025,1400,2200,1800,24
Maharashtra,Pune,Pune(Manjri),Potato,Other,Local,04/06/2025,1600,2200,2000,24
Maharashtra,Pune,Pune(Manjri),Potato,Other,Local,07/06/2025,1600,2200,2000,24
Maharashtra,Pune,Pune(Manjri),Potato,Other,Local,21/06/2025,1600,2400,2000,24
Maharashtra,Pune,Pune(Manjri),Potato,Other,Local,23/06/2025,1600,2200,2000,24
Maharashtra,Pune,Pune(Manjri),Potato,Other,Local,29/06/2025,2000,2800,2600,24
Maharashtra,Pune,Pune(Manjri),Potato,Other,Local,30/06/2025,1500,2500,2000,24
Maharashtra,Pune,Pune(Manjri),Potato,Other,Local,11/07/2025,1400,2200,1800,24
Maharashtra,Pune,Pune(Manjri),Potato,Other,Local,13/07/2025,1600,2200,2000,24
Maharashtra,Pune,Pune(Manjri),Potato,Other,Local,19/07/2025,1500,2000,1800,24
Maharashtra,Pune,Pune(Manjri),Potato,Other,Local,04/05/2025,1500,2200,1800,24
Maharashtra,Pune,Pune(Manjri),Potato,Other,Local,10/05/2025,1600,2200,1800,24
Maharashtra,Pune,Pune(Manjri),Potato,Other,Local,12/05/2025,1600,2200,1900,24
Maharashtra,Pune,Pune(Manjri),Potato,Other,Local,18/05/2025,1500,2000,1800,24
Maharashtra,Pune,Pune(Manjri),Potato,Other,Local,21/05/2025,1500,2200,1700,24
Maharashtra,Pune,Pune(Manjri),Potato,Other,Local,05/04/2025,1400,2500,2000,24
Maharashtra,Pune,Pune(Manjri),Potato,Other,Local,06/04/2025,1400,2400,1900,24
Maharashtra,Pune,Pune(Manjri),Potato,Other,Local,12/04/2025,1600,2600,2000,24
Maharashtra,Pune,Pune(Manjri),Potato,Other,Local,27/04/2025,2000,2500,2200,24
Maharashtra,Pune,Pune(Manjri),Potato,Other,FAQ,07/11/2024,2000,4000,3000,24
Maharashtra,Pune,Pune(Manjri),Potato,Other,FAQ,15/11/2024,2000,3900,3000,24
Maharashtra,Pune,Pune(Manjri),Potato,Other,FAQ,21/11/2024,2000,3800,3600,24
Maharashtra,Pune,Pune(Manjri),Potato,Other,FAQ,27/11/2024,2000,3600,2500,24
Maharashtra,Pune,Pune(Manjri),Potato,Other,FAQ,03/11/2024,2000,2600,2400,24
Maharashtra,Pune,Pune(Manjri),Potato,Other,FAQ,10/11/2024,2000,3800,2900,24
Maharashtra,Pune,Pune(Manjri),Potato,Other,FAQ,11/11/2024,2000,3800,3000,24
Maharashtra,Pune,Pune(Manjri),Potato,Other,FAQ,17/11/2024,2000,4000,3000,24
Maharashtra,Pune,Pune(Manjri),Potato,Other,FAQ,06/12/2024,2500,3200,3000,24
Maharashtra,Pune,Pune(Manjri),Potato,Other,FAQ,23/12/2024,1800,3000,2400,24
Maharashtra,Pune,Pune(Manjri),Potato,Other,FAQ,05/12/2024,2000,3400,2800,24
Maharashtra,Pune,Pune(Manjri),Potato,Other,FAQ,16/12/2024,2000,2600,2400,24
Maharashtra,Pune,Pune(Manjri),Potato,Other,FAQ,28/12/2024,1500,2500,2000,24
Maharashtra,Pune,Pune(Manjri),Potato,Other,FAQ,31/12/2024,1500,2500,2000,24
Maharashtra,Pune,Pune(Manjri),Potato,Other,FAQ,16/08/2024,2500,2800,2600,24
Maharashtra,Pune,Pune(Manjri),Potato,Other,FAQ,20/08/2024,2400,2800,2600,24
Maharashtra,Pune,Pune(Manjri),Potato,Other,FAQ,22/08/2024,2500,3500,3000,24
Maharashtra,Pune,Pune(Manjri),Potato,Other,FAQ,30/08/2024,2500,3500,3000,24
Maharashtra,Pune,Pune(Manjri),Potato,Other,FAQ,06/07/2024,2200,6000,2400,24
Maharashtra,Pune,Pune(Manjri),Potato,Other,FAQ,11/07/2024,2200,2400,2300,24
Maharashtra,Pune,Pune(Manjri),Potato,Other,FAQ,26/07/2024,2600,3000,2800,24
Maharashtra,Pune,Pune(Manjri),Potato,Other,FAQ,29/07/2024,2400,2800,2600,24
Maharashtra,Pune,Pune(Manjri),Potato,Other,FAQ,02/07/2024,2000,2400,2200,24
Maharashtra,Pune,Pune(Manjri),Potato,Other,FAQ,10/07/2024,2200,2400,2300,24
Maharashtra,Pune,Pune(Manjri),Potato,Other,FAQ,21/07/2024,2600,2800,2700,24
Maharashtra,Pune,Pune(Manjri),Potato,Other,FAQ,23/07/2024,2600,3000,2800,24
Maharashtra,Pune,Pune(Manjri),Potato,Other,FAQ,28/07/2024,2600,3000,2800,24
Maharashtra,Pune,Pune(Manjri),Potato,Other,FAQ,11/01/2023,1800,2200,2000,24
Maharashtra,Pune,Pune(Manjri),Potato,Other,FAQ,25/01/2023,1400,2000,1900,24
Maharashtra,Pune,Pune(Manjri),Potato,Other,FAQ,06/02/2023,1400,1800,1600,24
Maharashtra,Pune,Pune(Manjri),Potato,Other,FAQ,12/02/2023,1400,1800,1600,24
Maharashtra,Pune,Pune(Manjri),Potato,Other,FAQ,14/02/2023,1600,2000,1800,24
Maharashtra,Pune,Pune(Manjri),Potato,Other,FAQ,15/02/2023,1600,2000,1800,24
Maharashtra,Pune,Pune(Manjri),Potato,Other,FAQ,18/02/2023,1400,1800,1700,24
Maharashtra,Pune,Pune(Manjri),Potato,Other,FAQ,01/03/2023,1400,1800,1600,24
Maharashtra,Pune,Pune(Manjri),Potato,Other,FAQ,06/03/2023,1600,2000,1800,24
Maharashtra,Pune,Pune(Manjri),Potato,Other,FAQ,08/03/2023,1600,2000,1800,24
Maharashtra,Pune,Pune(Manjri),Potato,Other,FAQ,09/03/2023,1600,2000,1800,24
Maharashtra,Pune,Pune(Manjri),Potato,Other,FAQ,14/03/2023,1600,2000,1800,24
Maharashtra,Pune,Pune(Manjri),Potato,Other,FAQ,17/03/2023,1600,2000,1800,24
Maharashtra,Pune,Pune(Manjri),Potato,Other,FAQ,24/03/2023,1000,1200,1100,24
Maharashtra,Pune,Pune(Manjri),Potato,Other,FAQ,28/03/2023,1000,1200,1100,24
Maharashtra,Pune,Pune(Manjri),Potato,Other,FAQ,01/04/2023,800,1400,1200,24
Maharashtra,Pune,Pune(Manjri),Potato,Other,FAQ,02/04/2023,1000,1200,1100,24
Maharashtra,Pune,Pune(Manjri),Potato,Other,FAQ,04/04/2023,1200,1600,1400,24
Maharashtra,Pune,Pune(Manjri),Potato,Other,FAQ,06/04/2023,1200,1600,1400,24
Maharashtra,Pune,Pune(Manjri),Potato,Other,FAQ,09/04/2023,1400,1600,1500,24
Maharashtra,Pune,Pune(Manjri),Potato,Other,FAQ,19/04/2023,1400,1600,1500,24
Maharashtra,Pune,Pune(Manjri),Potato,Other,FAQ,27/04/2023,1500,1800,1600,24
Maharashtra,Pune,Pune(Manjri),Potato,Other,FAQ,02/05/2023,1400,1800,1600,24
Maharashtra,Pune,Pune(Manjri),Potato,Other,FAQ,06/05/2023,1400,1800,1600,24
Maharashtra,Pune,Pune(Manjri),Potato,Other,FAQ,07/05/2023,1200,1600,1400,24
Maharashtra,Pune,Pune(Manjri),Potato,Other,FAQ,09/05/2023,1200,1600,1400,24
Maharashtra,Pune,Pune(Manjri),Potato,Other,FAQ,12/05/2023,1200,1600,1400,24
Maharashtra,Pune,Pune(Manjri),Potato,Other,FAQ,21/05/2023,1200,1600,1400,24
Maharashtra,Pune,Pune(Manjri),Potato,Other,FAQ,24/05/2023,1200,1600,1400,24
Maharashtra,Pune,Pune(Manjri),Potato,Other,FAQ,26/05/2023,1400,1600,1500,24
Maharashtra,Pune,Pune(Manjri),Potato,Other,FAQ,30/05/2023,1000,1400,1200,24
Maharashtra,Pune,Pune(Manjri),Potato,Other,FAQ,07/06/2023,1300,1700,1500,24
Maharashtra,Pune,Pune(Manjri),Potato,Other,FAQ,15/06/2023,1400,1800,1600,24
Maharashtra,Pune,Pune(Manjri),Potato,Other,FAQ,14/07/2023,1000,1400,1200,24
Maharashtra,Pune,Pune(Manjri),Potato,Other,FAQ,20/07/2023,1200,1400,1300,24
Maharashtra,Pune,Pune(Manjri),Potato,Other,FAQ,26/07/2023,1200,1600,1400,24
Maharashtra,Pune,Pune(Manjri),Potato,Other,FAQ,27/07/2023,1200,1500,1300,24
Maharashtra,Pune,Pune(Manjri),Potato,Other,FAQ,28/07/2023,1400,1600,1500,24
Maharashtra,Pune,Pune(Manjri),Potato,Other,FAQ,29/07/2023,1400,1600,1500,24
Maharashtra,Pune,Pune(Manjri),Potato,Other,FAQ,09/08/2023,1400,1800,1600,24
Maharashtra,Pune,Pune(Manjri),Potato,Other,FAQ,21/08/2023,1200,1800,1400,24
Maharashtra,Pune,Pune(Manjri),Potato,Other,FAQ,24/08/2023,1400,2000,1600,24
Maharashtra,Pune,Pune(Manjri),Potato,Other,FAQ,30/08/2023,1600,2000,1800,24
Maharashtra,Pune,Pune(Manjri),Potato,Other,FAQ,17/09/2023,1000,1800,1500,24
Maharashtra,Pune,Pune(Manjri),Potato,Other,FAQ,26/09/2023,1200,1800,1600,24
Maharashtra,Pune,Pune(Manjri),Potato,Other,FAQ,06/10/2023,1400,1800,1600,24
Maharashtra,Pune,Pune(Manjri),Potato,Other,FAQ,07/10/2023,1400,1800,1600,24
Maharashtra,Pune,Pune(Manjri),Potato,Other,FAQ,09/10/2023,1600,2000,1700,24
Maharashtra,Pune,Pune(Manjri),Potato,Other,FAQ,10/10/2023,1600,2000,1800,24
Maharashtra,Pune,Pune(Manjri),Potato,Other,FAQ,15/10/2023,1600,2000,1800,24
Maharashtra,Pune,Pune(Manjri),Potato,Other,FAQ,20/10/2023,1500,2200,1800,24
Maharashtra,Pune,Pune(Manjri),Potato,Other,FAQ,22/10/2023,1500,1800,1600,24
Maharashtra,Pune,Pune(Manjri),Potato,Other,FAQ,24/10/2023,1200,1600,1400,24
Maharashtra,Pune,Pune(Manjri),Potato,Other,FAQ,25/10/2023,1200,1800,1600,24
Maharashtra,Pune,Pune(Manjri),Potato,Other,FAQ,06/11/2023,1400,1800,1600,24
Maharashtra,Pune,Pune(Manjri),Potato,Other,FAQ,16/11/2023,1000,1800,1400,24
Maharashtra,Pune,Pune(Manjri),Potato,Other,FAQ,20/11/2023,1200,1800,1600,24
Maharashtra,Pune,Pune(Manjri),Potato,Other,FAQ,25/11/2023,1200,1800,1600,24
Maharashtra,Pune,Pune(Manjri),Potato,Other,FAQ,29/11/2023,1200,1600,1400,24
Maharashtra,Pune,Pune(Manjri),Potato,Other,FAQ,30/11/2023,1200,1800,1400,24
Maharashtra,Pune,Pune(Manjri),Potato,Other,FAQ,04/12/2023,1200,1800,1500,24
Maharashtra,Pune,Pune(Manjri),Potato,Other,FAQ,06/12/2023,1200,1800,1500,24
Maharashtra,Pune,Pune(Manjri),Potato,Other,FAQ,11/12/2023,1600,1800,1700,24
Maharashtra,Pune,Pune(Manjri),Potato,Other,FAQ,19/12/2023,1200,1700,1500,24
Maharashtra,Pune,Pune(Manjri),Potato,Other,FAQ,29/12/2023,1400,1800,1600,24
Maharashtra,Pune,Pune(Manjri),Potato,Other,FAQ,21/09/2024,2000,3200,2700,24
Maharashtra,Pune,Pune(Manjri),Potato,Other,FAQ,25/09/2024,2000,3200,2800,24
Maharashtra,Pune,Pune(Manjri),Potato,Other,FAQ,28/09/2024,2000,3200,2800,24
Maharashtra,Pune,Pune(Manjri),Potato,Other,Local,02/08/2025,1500,2200,1800,24
Maharashtra,Pune,Pune(Manjri),Potato,Other,Local,05/08/2025,1500,2000,1800,24
Maharashtra,Pune,Pune(Manjri),Potato,Other,Local,13/08/2025,1500,2000,1800,24
Maharashtra,Pune,Pune(Manjri),Potato,Other,Local,23/08/2025,1500,2000,1800,24
Maharashtra,Pune,Pune(Manjri),Potato,Other,Local,28/08/2025,1500,2500,2000,24
Maharashtra,Pune,Pune(Manjri),Potato,Other,Local,17/08/2025,1500,2500,2200,24
Maharashtra,Pune,Pune(Manjri),Potato,Other,Local,06/09/2025,1500,2500,2000,24
Maharashtra,Pune,Pune(Manjri),Potato,Other,Local,08/09/2025,1500,2500,2000,24
Maharashtra,Pune,Pune(Manjri),Potato,Other,Local,14/09/2025,1500,2500,2000,24
Maharashtra,Pune,Pune(Manjri),Potato,Other,Local,19/09/2025,1000,2000,1500,24
Maharashtra,Pune,Pune(Manjri),Potato,Other,Local,23/09/2025,1500,2500,2000,24
Maharashtra,Pune,Pune(Manjri),Potato,Other,Local,02/11/2025,1000,2000,1600,24
Maharashtra,Pune,Pune(Manjri),Potato,Other,Local,03/11/2025,1000,2000,1600,24
Maharashtra,Pune,Pune(Manjri),Potato,Other,Local,04/10/2025,1500,2500,2000,24
Maharashtra,Pune,Pune(Manjri),Potato,Other,Local,12/10/2025,1500,2000,1800,24
Maharashtra,Pune,Pune(Manjri) APMC,Potato,Other,Local,01/12/2025,1000,2000,1600,24
Maharashtra,Pune,Pune(Manjri) APMC,Potato,Other,Local,04/12/2025,1200,1800,1500,24
Maharashtra,Pune,Pune(Manjri) APMC,Potato,Other,Local,08/12/2025,1000,2000,1600,24
Maharashtra,Pune,Pune(Manjri) APMC,Potato,Other,Local,28/12/2025,1000,2000,1600,24
Maharashtra,Pune,Pune(Manjri) APMC,Potato,Other,Local,20/12/2025,1000,2000,1500,24
Maharashtra,Pune,Pune(Manjri) APMC,Potato,Other,Local,24/12/2025,1000,2000,1500,24
Maharashtra,Pune,Pune(Manjri) APMC,Potato,Other,Local,31/12/2025,1000,2000,1800,24
Maharashtra,Pune,Pune(Manjri) APMC,Potato,Other,Local,11/12/2025,1000,2000,1800,24
Maharashtra,Pune,Pune(Manjri) APMC,Potato,Other,Local,15/12/2025,1000,2000,1600,24
Maharashtra,Pune,Pune(Manjri) APMC,Potato,Other,Local,16/11/2025,1000,2000,1600,24
Maharashtra,Pune,Pune(Manjri) APMC,Potato,Other,Local,18/11/2025,1000,2000,1500,24
Maharashtra,Pune,Pune(Manjri) APMC,Potato,Other,Local,19/11/2025,1000,2000,1600,24
Maharashtra,Pune,Pune(Manjri) APMC,Potato,Other,Local,29/11/2025,1000,2000,1700,24
Maharashtra,Pune,Pune(Manjri) APMC,Potato,Other,Local,30/11/2025,1000,2000,1500,24
Maharashtra,Pune,Pune(Manjri) APMC,Potato,Other,Local,12/11/2025,1000,2000,1500,24
Maharashtra,Pune,Pune(Manjri) APMC,Potato,Other,Local,19/02/2026,1400,2000,1600,24
Maharashtra,Pune,Pune(Manjri) APMC,Potato,Other,Local,21/02/2026,1300,2000,1600,24
Maharashtra,Pune,Pune(Manjri) APMC,Potato,Other,Local,01/01/2026,1000,2000,1600,24
Maharashtra,Pune,Pune(Manjri) APMC,Potato,Other,Local,03/01/2026,1000,2000,1500,24
Maharashtra,Pune,Pune(Manjri) APMC,Potato,Other,Local,06/01/2026,1000,1800,1600,24
Maharashtra,Pune,Pune(Manjri) APMC,Potato,Other,Local,10/01/2026,1000,1800,1500,24
Maharashtra,Pune,Pune(Manjri) APMC,Potato,Other,Local,19/01/2026,1000,2000,1600,24
Maharashtra,Pune,Pune(Manjri) APMC,Potato,Other,Local,23/01/2026,1200,2000,1600,24
Maharashtra,Pune,Pune(Manjri) APMC,Potato,Other,Local,31/01/2026,1000,1800,1200,24
Maharashtra,Pune,Pune(Manjri) APMC,Potato,Other,Local,09/01/2026,1000,2000,1600,24
Maharashtra,Pune,Pune(Manjri) APMC,Potato,Other,Local,09/11/2025,1000,2000,1800,24
Maharashtra,Pune,Pune(Manjri) APMC,Potato,Other,Local,02/11/2025,1000,2000,1600,24
Maharashtra,Pune,Pune(Manjri) APMC,Potato,Other,Local,03/11/2025,1000,2000,1600,24
Maharashtra,Pune,Pune(Manjri) APMC,Potato,Other,Local,13/11/2025,1500,2000,1800,24
Maharashtra,Pune,Pune(Manjri) APMC,Potato,Other,Local,17/11/2025,1000,2000,1800,24
Maharashtra,Pune,Pune(Manjri) APMC,Potato,Other,Local,23/11/2025,1000,2000,1700,24
Maharashtra,Pune,Pune(Manjri) APMC,Potato,Other,Local,28/11/2025,1000,2000,1800,24
Maharashtra,Pune,Pune(Manjri) APMC,Potato,Other,Local,30/12/2025,1000,2000,1500,24
Maharashtra,Pune,Pune(Manjri) APMC,Potato,Other,Local,03/12/2025,1000,2000,1500,24
Maharashtra,Pune,Pune(Manjri) APMC,Potato,Other,Local,25/12/2025,1000,2000,1600,24
Maharashtra,Pune,Pune(Manjri) APMC,Potato,Other,Local,17/12/2025,1000,2000,1800,24
Maharashtra,Pune,Pune(Manjri) APMC,Potato,Other,Local,21/12/2025,1000,2000,1800,24
Maharashtra,Pune,Pune(Manjri) APMC,Potato,Other,Local,07/12/2025,1000,2000,1600,24
Maharashtra,Pune,Pune(Manjri) APMC,Potato,Other,Local,13/12/2025,1000,2000,1600,24
Maharashtra,Pune,Pune(Manjri) APMC,Potato,Other,Local,02/01/2026,1000,1800,1600,24
Maharashtra,Pune,Pune(Manjri) APMC,Potato,Other,Local,08/01/2026,1000,1800,1600,24
Maharashtra,Pune,Pune(Manjri) APMC,Potato,Other,Local,12/01/2026,1000,2000,1600,24
Maharashtra,Pune,Pune(Manjri) APMC,Potato,Other,Local,20/01/2026,1000,2000,1500,24
Maharashtra,Pune,Pune(Manjri) APMC,Potato,Other,Local,25/01/2026,1000,2000,1500,24
Maharashtra,Pune,Pune(Manjri) APMC,Potato,Other,Local,22/01/2026,1000,1600,1400,24
Maharashtra,Pune,Pune(Manjri) APMC,Potato,Other,Local,28/01/2026,1000,2000,1600,24
Maharashtra,Pune,Pune(Manjri) APMC,Potato,Other,Local,13/02/2026,1000,2200,1800,24
Maharashtra,Pune,Pune(Manjri) APMC,Potato,Other,Local,16/02/2026,1000,1800,1600,24
Maharashtra,Pune,Pune(Manjri) APMC,Potato,Other,Local,18/02/2026,1400,2000,1800,24
Maharashtra,Pune,Pune(Manjri) APMC,Potato,Other,Local,15/02/2026,1400,2000,1800,24
Maharashtra,Pune,Pune(Manjri) APMC,Potato,Other,Local,06/02/2026,1000,2000,1600,24
Maharashtra,Pune,Pune(Manjri) APMC,Potato,Other,Local,14/12/2025,1000,2000,1600,24
Maharashtra,Pune,Pune(Manjri) APMC,Potato,Other,Local,19/12/2025,1000,2000,1600,24
Maharashtra,Pune,Pune(Manjri) APMC,Potato,Other,Local,05/12/2025,1000,2000,1800,24
Maharashtra,Pune,Pune(Manjri) APMC,Potato,Other,Local,16/12/2025,1000,2000,1700,24
Maharashtra,Pune,Pune(Manjri) APMC,Potato,Other,Local,06/12/2025,1000,2000,1600,24
Maharashtra,Pune,Pune(Manjri) APMC,Potato,Other,Local,26/12/2025,1000,2000,1800,24
Maharashtra,Pune,Pune(Manjri) APMC,Potato,Other,Local,14/11/2025,1000,2000,1600,24
Maharashtra,Pune,Pune(Manjri) APMC,Potato,Other,Local,15/11/2025,1000,2000,1800,24
Maharashtra,Pune,Pune(Manjri) APMC,Potato,Other,Local,25/11/2025,1000,2000,1800,24
Maharashtra,Pune,Pune(Manjri) APMC,Potato,Other,Local,08/11/2025,1000,2000,1800,24
Maharashtra,Pune,Pune(Manjri) APMC,Potato,Other,Local,07/01/2026,1000,2000,1600,24
Maharashtra,Pune,Pune(Manjri) APMC,Potato,Other,Local,27/01/2026,1000,2000,1500,24
Maharashtra,Pune,Pune(Manjri) APMC,Potato,Other,Local,18/01/2026,1000,1800,1500,24
Maharashtra,Pune,Pune(Manjri) APMC,Potato,Other,Local,02/02/2026,1000,2000,1700,24
Maharashtra,Pune,Pune(Manjri) APMC,Potato,Other,Local,09/02/2026,1200,2000,1600,24
Maharashtra,Pune,Pune(Manjri) APMC,Potato,Other,Local,20/02/2026,1200,2000,1800,24
Maharashtra,Pune,Pune(Manjri) APMC,Potato,Other,Local,21/11/2025,1000,2000,1800,24
Maharashtra,Pune,Pune(Manjri) APMC,Potato,Other,Local,22/11/2025,1000,2000,1800,24
Maharashtra,Pune,Pune(Manjri) APMC,Potato,Other,Local,27/11/2025,1000,2000,1500,24
Maharashtra,Pune,Pune(Manjri) APMC,Potato,Other,Local,10/11/2025,1000,2000,1800,24
Maharashtra,Pune,Pune(Manjri) APMC,Potato,Other,Local,05/11/2025,1000,2000,1800,24
Maharashtra,Pune,Pune(Manjri) APMC,Potato,Other,Local,09/12/2025,1000,2000,1800,24
Maharashtra,Pune,Pune(Manjri) APMC,Potato,Other,Local,12/12/2025,1000,2000,1800,24
Maharashtra,Pune,Pune(Manjri) APMC,Potato,Other,Local,29/12/2025,1000,2000,1600,24
Maharashtra,Pune,Pune(Manjri) APMC,Potato,Other,Local,10/02/2026,1200,1800,1600,24
Maharashtra,Pune,Pune(Manjri) APMC,Potato,Other,Local,12/02/2026,1200,2000,1800,24
Maharashtra,Pune,Pune(Manjri) APMC,Potato,Other,Local,11/02/2026,1200,2000,1800,24
Maharashtra,Pune,Pune(Manjri) APMC,Potato,Other,Local,08/02/2026,1000,2000,1800,24
Maharashtra,Pune,Pune(Manjri) APMC,Potato,Other,Local,04/02/2026,1000,2000,1800,24
Maharashtra,Pune,Pune(Manjri) APMC,Potato,Other,Local,05/02/2026,1000,1800,1600,24
Maharashtra,Pune,Pune(Manjri) APMC,Potato,Other,Local,01/02/2026,1000,2000,1600,24
Maharashtra,Pune,Pune(Manjri) APMC,Potato,Other,Local,03/02/2026,1000,2000,1600,24
Maharashtra,Pune,Pune(Manjri) APMC,Potato,Other,Local,22/02/2026,1400,2000,1800,24
Maharashtra,Pune,Pune(Manjri) APMC,Potato,Other,Local,04/01/2026,1000,2500,1800,24
Maharashtra,Pune,Pune(Manjri) APMC,Potato,Other,Local,14/01/2026,1000,1700,1500,24
Maharashtra,Pune,Pune(Manjri) APMC,Potato,Other,Local,16/01/2026,1000,1800,1600,24
Maharashtra,Pune,Pune(Manjri) APMC,Potato,Other,Local,17/01/2026,1000,1800,1500,24
Maharashtra,Pune,Pune(Manjri) APMC,Potato,Other,Local,30/01/2026,1000,2000,1500,24
Maharashtra,Pune,Pune(Manjri) APMC,Potato,Other,Local,07/11/2025,1000,2000,1800,24
Maharashtra,Pune,Pune(Manjri) APMC,Potato,Other,Local,11/11/2025,1000,2000,1600,24
Maharashtra,Pune,Pune(Manjri) APMC,Potato,Other,Local,01/11/2025,1000,2000,1600,24
Maharashtra,Pune,Pune(Manjri) APMC,Potato,Other,Local,26/11/2025,1000,2000,1800,24
Maharashtra,Pune,Pune(Manjri) APMC,Potato,Other,Local,20/11/2025,1000,2000,1800,24
Maharashtra,Pune,Pune(Manjri) APMC,Potato,Other,Local,24/11/2025,1000,2000,1600,24
Maharashtra,Pune,Pune(Manjri) APMC,Potato,Other,Local,17/02/2026,1200,1800,1600,24
Maharashtra,Pune,Pune(Manjri) APMC,Potato,Other,Local,07/02/2026,1200,2000,1800,24
Maharashtra,Pune,Pune(Manjri) APMC,Potato,Other,Local,14/02/2026,1400,2000,1800,24
Maharashtra,Pune,Pune(Manjri) APMC,Potato,Other,Local,05/01/2026,1000,2200,2000,24
Maharashtra,Pune,Pune(Manjri) APMC,Potato,Other,Local,13/01/2026,1000,1800,1600,24
Maharashtra,Pune,Pune(Manjri) APMC,Potato,Other,Local,21/01/2026,1000,1800,1600,24
Maharashtra,Pune,Pune(Manjri) APMC,Potato,Other,Local,24/01/2026,1000,2000,1600,24
Maharashtra,Pune,Pune(Manjri) APMC,Potato,Other,Local,11/01/2026,1000,1500,1200,24
Maharashtra,Pune,Pune(Manjri) APMC,Potato,Other,Local,02/12/2025,1200,2000,1500,24
Maharashtra,Pune,Pune(Manjri) APMC,Potato,Other,Local,18/12/2025,1000,2000,1800,24
Maharashtra,Pune,Pune(Manjri) APMC,Potato,Other,Local,22/12/2025,1000,2000,1800,24
Maharashtra,Pune,Pune(Manjri) APMC,Potato,Other,Local,23/12/2025,1000,2000,1500,24
Maharashtra,Pune,Pune(Manjri) APMC,Potato,Other,Local,27/12/2025,1000,2000,1800,24
Maharashtra,Pune,Pune(Moshi),Potato,Local,FAQ,01/07/2024,1800,2500,2150,24
Maharashtra,Pune,Pune(Moshi),Potato,Local,FAQ,16/07/2024,2000,3000,2500,24
Maharashtra,Pune,Pune(Moshi),Potato,Local,FAQ,27/07/2024,2300,3000,2650,24
Maharashtra,Pune,Pune(Moshi),Potato,Local,FAQ,03/08/2024,2400,2800,2600,24
Maharashtra,Pune,Pune(Moshi),Potato,Local,FAQ,06/08/2024,2300,2800,2550,24
Maharashtra,Pune,Pune(Moshi),Potato,Local,FAQ,11/08/2024,2000,2800,2400,24
Maharashtra,Pune,Pune(Moshi),Potato,Local,FAQ,16/08/2024,2500,2800,2650,24
Maharashtra,Pune,Pune(Moshi),Potato,Local,FAQ,17/08/2024,2000,2600,2300,24
Maharashtra,Pune,Pune(Moshi),Potato,Local,FAQ,20/08/2024,2300,2600,2450,24
Maharashtra,Pune,Pune(Moshi),Potato,Local,FAQ,24/08/2024,2200,2500,2350,24
Maharashtra,Pune,Pune(Moshi),Potato,Local,FAQ,29/08/2024,1400,2700,2050,24
Maharashtra,Pune,Pune(Moshi),Potato,Local,FAQ,30/08/2024,2000,2400,2200,24
Maharashtra,Pune,Pune(Moshi),Potato,Local,FAQ,17/06/2024,1800,2000,1900,24
Maharashtra,Pune,Pune(Moshi),Potato,Local,FAQ,25/06/2024,1700,2800,2250,24
Maharashtra,Pune,Pune(Moshi),Potato,Local,FAQ,30/06/2024,1800,2500,2150,24
Maharashtra,Pune,Pune(Moshi),Potato,Local,FAQ,06/06/2024,1500,2000,1750,24
Maharashtra,Pune,Pune(Moshi),Potato,Local,FAQ,22/06/2024,1800,2400,2100,24
Maharashtra,Pune,Pune(Moshi),Potato,Local,FAQ,27/05/2024,1400,2000,1700,24
Maharashtra,Pune,Pune(Moshi),Potato,Local,FAQ,02/01/2024,1000,1200,1100,24
Maharashtra,Pune,Pune(Moshi),Potato,Local,FAQ,04/01/2024,1000,1200,1100,24
Maharashtra,Pune,Pune(Moshi),Potato,Local,FAQ,05/01/2024,700,1500,1100,24
Maharashtra,Pune,Pune(Moshi),Potato,Local,FAQ,11/01/2024,1000,1400,1200,24
Maharashtra,Pune,Pune(Moshi),Potato,Local,FAQ,15/01/2024,700,1200,950,24
Maharashtra,Pune,Pune(Moshi),Potato,Local,FAQ,20/01/2024,800,1200,1000,24
Maharashtra,Pune,Pune(Moshi),Potato,Local,FAQ,01/02/2024,600,1200,900,24
Maharashtra,Pune,Pune(Moshi),Potato,Local,FAQ,03/02/2024,800,1000,900,24
Maharashtra,Pune,Pune(Moshi),Potato,Local,FAQ,08/02/2024,800,1200,1000,24
Maharashtra,Pune,Pune(Moshi),Potato,Local,FAQ,10/02/2024,800,1200,1000,24
Maharashtra,Pune,Pune(Moshi),Potato,Local,FAQ,13/02/2024,1000,12000,1100,24
Maharashtra,Pune,Pune(Moshi),Potato,Local,FAQ,18/02/2024,800,1200,1000,24
Maharashtra,Pune,Pune(Moshi),Potato,Local,FAQ,19/02/2024,1000,2000,1500,24
Maharashtra,Pune,Pune(Moshi),Potato,Local,FAQ,23/02/2024,1000,1200,1100,24
Maharashtra,Pune,Pune(Moshi),Potato,Local,FAQ,27/02/2024,1200,1500,1350,24
Maharashtra,Pune,Pune(Moshi),Potato,Local,FAQ,01/03/2024,1200,1500,1350,24
Maharashtra,Pune,Pune(Moshi),Potato,Local,FAQ,09/03/2024,1200,1600,1400,24
Maharashtra,Pune,Pune(Moshi),Potato,Local,FAQ,26/03/2024,1000,1600,1300,24
Maharashtra,Pune,Pune(Moshi),Potato,Local,FAQ,13/04/2024,1200,1800,1500,24
Maharashtra,Pune,Pune(Moshi),Potato,Local,FAQ,14/04/2024,1200,2000,1600,24
Maharashtra,Pune,Pune(Moshi),Potato,Local,FAQ,30/04/2024,1800,2100,1950,24
Maharashtra,Pune,Pune(Moshi),Potato,Other,FAQ,24/07/2021,700,1200,950,24
Maharashtra,Pune,Pune(Moshi),Potato,Other,FAQ,30/07/2021,700,900,800,24
Maharashtra,Pune,Pune(Moshi),Potato,Other,FAQ,01/08/2021,700,1500,1100,24
Maharashtra,Pune,Pune(Moshi),Potato,Other,FAQ,05/08/2021,700,1000,850,24
Maharashtra,Pune,Pune(Moshi),Potato,Other,FAQ,09/08/2021,700,900,800,24
Maharashtra,Pune,Pune(Moshi),Potato,Other,FAQ,10/08/2021,800,1500,1250,24
Maharashtra,Pune,Pune(Moshi),Potato,Other,FAQ,19/08/2021,700,1000,850,24
Maharashtra,Pune,Pune(Moshi),Potato,Other,FAQ,10/09/2021,800,900,850,24
Maharashtra,Pune,Pune(Moshi),Potato,Other,FAQ,17/09/2021,700,1000,850,24
Maharashtra,Pune,Pune(Moshi),Potato,Other,FAQ,21/09/2021,700,1000,850,24
Maharashtra,Pune,Pune(Moshi),Potato,Other,FAQ,25/09/2021,700,1500,1100,24
Maharashtra,Pune,Pune(Moshi),Potato,Other,FAQ,02/10/2021,700,1000,850,24
Maharashtra,Pune,Pune(Moshi),Potato,Other,FAQ,09/10/2021,700,1000,850,24
Maharashtra,Pune,Pune(Moshi),Potato,Other,FAQ,14/10/2021,700,2000,1350,24
Maharashtra,Pune,Pune(Moshi),Potato,Other,FAQ,21/10/2021,800,1100,950,24
Maharashtra,Pune,Pune(Moshi),Potato,Other,FAQ,25/10/2021,1000,1200,1100,24
Maharashtra,Pune,Pune(Moshi),Potato,Other,FAQ,26/10/2021,1000,2000,1500,24
Maharashtra,Pune,Pune(Moshi),Potato,Other,FAQ,29/10/2021,1000,1300,1150,24
Maharashtra,Pune,Pune(Moshi),Potato,Other,FAQ,09/11/2021,1000,1600,1300,24
Maharashtra,Pune,Pune(Moshi),Potato,Other,FAQ,27/11/2021,700,1200,950,24
Maharashtra,Pune,Pune(Moshi),Potato,Other,FAQ,28/11/2021,700,1500,1100,24
Maharashtra,Pune,Pune(Moshi),Potato,Other,FAQ,03/12/2021,600,1500,1050,24
Maharashtra,Pune,Pune(Moshi),Potato,Other,FAQ,06/12/2021,800,2000,1400,24
Maharashtra,Pune,Pune(Moshi),Potato,Other,FAQ,13/12/2021,800,1000,900,24
Maharashtra,Pune,Pune(Moshi),Potato,Other,FAQ,20/12/2021,700,1000,850,24
Maharashtra,Pune,Pune(Moshi),Potato,Other,FAQ,24/12/2021,600,1000,800,24
Maharashtra,Pune,Pune(Moshi),Potato,Other,FAQ,27/12/2021,600,1000,800,24
Maharashtra,Pune,Pune(Moshi),Potato,Other,FAQ,01/03/2021,300,900,600,24
Maharashtra,Pune,Pune(Moshi),Potato,Other,FAQ,09/03/2021,300,900,600,24
Maharashtra,Pune,Pune(Moshi),Potato,Other,FAQ,15/03/2021,600,1000,800,24
Maharashtra,Pune,Pune(Moshi),Potato,Other,FAQ,30/03/2021,400,1000,700,24
Maharashtra,Pune,Pune(Moshi),Potato,Other,FAQ,09/04/2021,700,1000,850,24
Maharashtra,Pune,Pune(Moshi),Potato,Other,FAQ,16/04/2021,800,1300,1050,24
Maharashtra,Pune,Pune(Moshi),Potato,Other,FAQ,21/04/2021,600,1000,800,24
Maharashtra,Pune,Pune(Moshi),Potato,Other,FAQ,04/05/2021,800,1000,900,24
Maharashtra,Pune,Pune(Moshi),Potato,Other,FAQ,24/05/2021,900,1000,950,24
Maharashtra,Pune,Pune(Moshi),Potato,Other,FAQ,27/05/2021,600,1000,800,24
Maharashtra,Pune,Pune(Moshi),Potato,Other,FAQ,08/06/2021,800,1500,1150,24
Maharashtra,Pune,Pune(Moshi),Potato,Other,FAQ,12/06/2021,800,1000,900,24
Maharashtra,Pune,Pune(Moshi),Potato,Other,FAQ,13/06/2021,800,1000,900,24
Maharashtra,Pune,Pune(Moshi),Potato,Other,FAQ,22/06/2021,900,1000,950,24
Maharashtra,Pune,Pune(Moshi),Potato,Other,FAQ,25/06/2021,900,1500,1200,24
Maharashtra,Pune,Pune(Moshi),Potato,Other,FAQ,12/07/2021,800,1100,950,24
Maharashtra,Pune,Pune(Moshi),Potato,Other,FAQ,13/07/2021,800,1000,900,24
Maharashtra,Pune,Pune(Moshi),Potato,Local,FAQ,02/01/2025,700,1600,1150,24
Maharashtra,Pune,Pune(Moshi),Potato,Local,FAQ,05/01/2025,700,1800,1250,24
Maharashtra,Pune,Pune(Moshi),Potato,Local,FAQ,07/01/2025,500,1600,1050,24
Maharashtra,Pune,Pune(Moshi),Potato,Local,FAQ,09/01/2025,700,1200,950,24
Maharashtra,Pune,Pune(Moshi),Potato,Local,FAQ,11/01/2025,600,1800,1200,24
Maharashtra,Pune,Pune(Moshi),Potato,Local,FAQ,24/01/2025,500,1600,1050,24
Maharashtra,Pune,Pune(Moshi),Potato,Other,FAQ,02/01/2022,600,1000,800,24
Maharashtra,Pune,Pune(Moshi),Potato,Other,FAQ,04/01/2022,700,1000,850,24
Maharashtra,Pune,Pune(Moshi),Potato,Other,FAQ,22/01/2022,700,1000,850,24
Maharashtra,Pune,Pune(Moshi),Potato,Other,FAQ,25/01/2022,800,1000,900,24
Maharashtra,Pune,Pune(Moshi),Potato,Other,FAQ,05/02/2022,700,1000,850,24
Maharashtra,Pune,Pune(Moshi),Potato,Other,FAQ,11/02/2022,700,1000,850,24
Maharashtra,Pune,Pune(Moshi),Potato,Other,FAQ,12/02/2022,800,1000,900,24
Maharashtra,Pune,Pune(Moshi),Potato,Other,FAQ,17/02/2022,900,1000,950,24
Maharashtra,Pune,Pune(Moshi),Potato,Other,FAQ,21/02/2022,900,1000,950,24
Maharashtra,Pune,Pune(Moshi),Potato,Other,FAQ,01/03/2022,500,1300,900,24
Maharashtra,Pune,Pune(Moshi),Potato,Other,FAQ,07/03/2022,500,1000,750,24
Maharashtra,Pune,Pune(Moshi),Potato,Other,FAQ,11/03/2022,500,1100,800,24
Maharashtra,Pune,Pune(Moshi),Potato,Other,FAQ,17/03/2022,700,1200,950,24
Maharashtra,Pune,Pune(Moshi),Potato,Other,FAQ,19/03/2022,700,1400,1050,24
Maharashtra,Pune,Pune(Moshi),Potato,Other,FAQ,25/03/2022,900,1200,1050,24
Maharashtra,Pune,Pune(Moshi),Potato,Other,FAQ,31/03/2022,800,1600,1200,24
Maharashtra,Pune,Pune(Moshi),Potato,Other,FAQ,01/04/2022,1000,1400,1200,24
Maharashtra,Pune,Pune(Moshi),Potato,Other,FAQ,04/04/2022,800,1600,1200,24
Maharashtra,Pune,Pune(Moshi),Potato,Other,FAQ,05/04/2022,500,1400,950,24
Maharashtra,Pune,Pune(Moshi),Potato,Other,FAQ,08/04/2022,700,1500,1100,24
Maharashtra,Pune,Pune(Moshi),Potato,Other,FAQ,10/04/2022,800,1500,1150,24
Maharashtra,Pune,Pune(Moshi),Potato,Other,FAQ,12/04/2022,700,1300,1000,24
Maharashtra,Pune,Pune(Moshi),Potato,Other,FAQ,16/04/2022,800,1400,1100,24
Maharashtra,Pune,Pune(Moshi),Potato,Other,FAQ,22/04/2022,1000,1600,1300,24
Maharashtra,Pune,Pune(Moshi),Potato,Other,FAQ,02/05/2022,1200,1500,1350,24
Maharashtra,Pune,Pune(Moshi),Potato,Other,FAQ,14/05/2022,1200,1700,1450,24
Maharashtra,Pune,Pune(Moshi),Potato,Other,FAQ,26/05/2022,1100,1700,1400,24
Maharashtra,Pune,Pune(Moshi),Potato,Other,FAQ,02/06/2022,1200,1800,1500,24
Maharashtra,Pune,Pune(Moshi),Potato,Other,FAQ,17/06/2022,1000,1600,1300,24
Maharashtra,Pune,Pune(Moshi),Potato,Other,FAQ,08/07/2022,1400,1900,1650,24
Maharashtra,Pune,Pune(Moshi),Potato,Other,FAQ,25/07/2022,1400,1800,1600,24
Maharashtra,Pune,Pune(Moshi),Potato,Other,FAQ,28/07/2022,1200,1900,1550,24
Maharashtra,Pune,Pune(Moshi),Potato,Other,FAQ,29/07/2022,1500,1700,1600,24
Maharashtra,Pune,Pune(Moshi),Potato,Other,FAQ,30/07/2022,1500,2000,1750,24
Maharashtra,Pune,Pune(Moshi),Potato,Other,FAQ,31/07/2022,1400,1900,1650,24
Maharashtra,Pune,Pune(Moshi),Potato,Other,FAQ,01/08/2022,1500,2000,1750,24
Maharashtra,Pune,Pune(Moshi),Potato,Other,FAQ,13/08/2022,1200,1800,1500,24
Maharashtra,Pune,Pune(Moshi),Potato,Other,FAQ,21/08/2022,1200,1900,1550,24
Maharashtra,Pune,Pune(Moshi),Potato,Other,FAQ,22/08/2022,1400,1700,1550,24
Maharashtra,Pune,Pune(Moshi),Potato,Other,FAQ,23/08/2022,1500,1900,1700,24
Maharashtra,Pune,Pune(Moshi),Potato,Other,FAQ,26/08/2022,1500,1700,1600,24
Maharashtra,Pune,Pune(Moshi),Potato,Other,FAQ,11/09/2022,1400,1800,1600,24
Maharashtra,Pune,Pune(Moshi),Potato,Other,FAQ,16/09/2022,1500,1700,1600,24
Maharashtra,Pune,Pune(Moshi),Potato,Other,FAQ,23/09/2022,1200,1800,1500,24
Maharashtra,Pune,Pune(Moshi),Potato,Other,FAQ,30/09/2022,1000,1600,1300,24
Maharashtra,Pune,Pune(Moshi),Potato,Other,FAQ,02/10/2022,1500,2000,1750,24
Maharashtra,Pune,Pune(Moshi),Potato,Other,FAQ,10/10/2022,1500,1800,1650,24
Maharashtra,Pune,Pune(Moshi),Potato,Other,FAQ,11/10/2022,1400,1800,1600,24
Maharashtra,Pune,Pune(Moshi),Potato,Other,FAQ,20/10/2022,1600,2000,1800,24
Maharashtra,Pune,Pune(Moshi),Potato,Other,FAQ,22/10/2022,1000,1500,1250,24
Maharashtra,Pune,Pune(Moshi),Potato,Other,FAQ,24/10/2022,800,2200,1500,24
Maharashtra,Pune,Pune(Moshi),Potato,Other,FAQ,01/11/2022,1300,2200,1750,24
Maharashtra,Pune,Pune(Moshi),Potato,Other,FAQ,03/11/2022,1000,2300,1650,24
Maharashtra,Pune,Pune(Moshi),Potato,Other,FAQ,10/11/2022,1000,1800,1400,24
Maharashtra,Pune,Pune(Moshi),Potato,Other,FAQ,17/11/2022,500,1200,850,24
Maharashtra,Pune,Pune(Moshi),Potato,Other,FAQ,18/11/2022,1000,1700,1350,24
Maharashtra,Pune,Pune(Moshi),Potato,Other,FAQ,19/11/2022,500,1600,1050,24
Maharashtra,Pune,Pune(Moshi),Potato,Other,FAQ,26/11/2022,700,1500,1100,24
Maharashtra,Pune,Pune(Moshi),Potato,Other,FAQ,27/11/2022,1000,1600,1300,24
Maharashtra,Pune,Pune(Moshi),Potato,Other,FAQ,28/11/2022,1000,1500,1250,24
Maharashtra,Pune,Pune(Moshi),Potato,Other,FAQ,15/12/2022,1400,1400,1400,24
Maharashtra,Pune,Pune(Moshi),Potato,Other,FAQ,16/12/2022,800,1800,1300,24
Maharashtra,Pune,Pune(Moshi),Potato,Other,FAQ,24/12/2022,400,1500,950,24
Maharashtra,Pune,Pune(Moshi),Potato,Other,FAQ,25/12/2022,1200,1500,1350,24
Maharashtra,Pune,Pune(Moshi),Potato,Local,FAQ,01/09/2024,1500,2600,2050,24
Maharashtra,Pune,Pune(Moshi),Potato,Local,FAQ,06/09/2024,2200,2400,2300,24
Maharashtra,Pune,Pune(Moshi),Potato,Local,FAQ,12/09/2024,2000,2300,2150,24
Maharashtra,Pune,Pune(Moshi),Potato,Local,FAQ,08/09/2024,2000,2400,2200,24
Maharashtra,Pune,Pune(Moshi),Potato,Local,FAQ,20/05/2024,1000,2000,1500,24
Maharashtra,Pune,Pune(Moshi),Potato,Local,FAQ,06/05/2024,2000,2000,2000,24
Maharashtra,Pune,Pune(Moshi),Potato,Local,FAQ,10/05/2024,1500,2000,1750,24
Maharashtra,Pune,Pune(Moshi),Potato,Local,FAQ,21/05/2024,1600,1800,1700,24
Maharashtra,Pune,Pune(Moshi),Potato,Local,FAQ,31/05/2024,1800,2000,1900,24
Maharashtra,Pune,Pune(Moshi),Potato,Local,Local,03/03/2025,1000,1600,1300,24
Maharashtra,Pune,Pune(Moshi),Potato,Local,Local,04/03/2025,1000,1600,1300,24
Maharashtra,Pune,Pune(Moshi),Potato,Local,Local,10/03/2025,800,1200,1000,24
Maharashtra,Pune,Pune(Moshi),Potato,Local,Local,31/03/2025,1000,1500,1250,24
Maharashtra,Pune,Pune(Moshi),Potato,Local,Local,02/03/2025,1500,2000,1750,24
Maharashtra,Pune,Pune(Moshi),Potato,Local,Local,08/03/2025,1000,1500,1250,24
Maharashtra,Pune,Pune(Moshi),Potato,Local,Local,17/03/2025,1000,1600,1300,24
Maharashtra,Pune,Pune(Moshi),Potato,Local,Local,30/03/2025,1000,1300,1150,24
Maharashtra,Pune,Pune(Moshi),Potato,Local,FAQ,24/10/2024,1800,2600,2200,24
Maharashtra,Pune,Pune(Moshi),Potato,Local,FAQ,26/10/2024,1000,2200,1600,24
Maharashtra,Pune,Pune(Moshi),Potato,Local,FAQ,04/10/2024,1500,2500,2000,24
Maharashtra,Pune,Pune(Moshi),Potato,Local,FAQ,17/12/2024,800,2000,1400,24
Maharashtra,Pune,Pune(Moshi),Potato,Local,FAQ,19/12/2024,800,2500,1650,24
Maharashtra,Pune,Pune(Moshi),Potato,Local,FAQ,20/12/2024,500,1600,1050,24
Maharashtra,Pune,Pune(Moshi),Potato,Local,FAQ,31/12/2024,700,1800,1250,24
Maharashtra,Pune,Pune(Moshi),Potato,Local,FAQ,15/06/2023,500,1100,800,24
Maharashtra,Pune,Pune(Moshi),Potato,Local,FAQ,18/06/2023,800,1000,900,24
Maharashtra,Pune,Pune(Moshi),Potato,Local,FAQ,29/06/2023,700,1000,850,24
Maharashtra,Pune,Pune(Moshi),Potato,Local,FAQ,02/07/2023,700,1000,850,24
Maharashtra,Pune,Pune(Moshi),Potato,Local,FAQ,03/07/2023,800,1700,1250,24
Maharashtra,Pune,Pune(Moshi),Potato,Local,FAQ,16/07/2023,700,1200,950,24
Maharashtra,Pune,Pune(Moshi),Potato,Local,FAQ,27/07/2023,800,1700,1250,24
Maharashtra,Pune,Pune(Moshi),Potato,Local,FAQ,28/07/2023,1000,1200,1100,24
Maharashtra,Pune,Pune(Moshi),Potato,Local,FAQ,29/07/2023,700,1700,1200,24
Maharashtra,Pune,Pune(Moshi),Potato,Local,FAQ,06/08/2023,700,1300,1000,24
Maharashtra,Pune,Pune(Moshi),Potato,Local,FAQ,10/08/2023,800,1700,1250,24
Maharashtra,Pune,Pune(Moshi),Potato,Local,FAQ,12/08/2023,1000,1400,1200,24
Maharashtra,Pune,Pune(Moshi),Potato,Local,FAQ,13/08/2023,800,1700,1250,24
Maharashtra,Pune,Pune(Moshi),Potato,Local,FAQ,18/09/2023,800,1600,1200,24
Maharashtra,Pune,Pune(Moshi),Potato,Local,FAQ,22/09/2023,1000,1200,1100,24
Maharashtra,Pune,Pune(Moshi),Potato,Local,FAQ,10/10/2023,1000,1200,1100,24
Maharashtra,Pune,Pune(Moshi),Potato,Local,FAQ,12/10/2023,1000,1300,1150,24
Maharashtra,Pune,Pune(Moshi),Potato,Local,FAQ,20/10/2023,1000,1000,1000,24
Maharashtra,Pune,Pune(Moshi),Potato,Local,FAQ,29/10/2023,1000,1600,1300,24
Maharashtra,Pune,Pune(Moshi),Potato,Local,FAQ,11/11/2023,700,1500,1100,24
Maharashtra,Pune,Pune(Moshi),Potato,Local,FAQ,12/11/2023,800,1100,950,24
Maharashtra,Pune,Pune(Moshi),Potato,Local,FAQ,19/11/2023,800,1500,1150,24
Maharashtra,Pune,Pune(Moshi),Potato,Local,FAQ,27/11/2023,800,1200,1000,24
Maharashtra,Pune,Pune(Moshi),Potato,Local,FAQ,30/11/2023,800,1500,1150,24
Maharashtra,Pune,Pune(Moshi),Potato,Local,FAQ,05/12/2023,300,1500,900,24
Maharashtra,Pune,Pune(Moshi),Potato,Local,FAQ,07/12/2023,800,1400,1100,24
Maharashtra,Pune,Pune(Moshi),Potato,Local,FAQ,09/12/2023,800,1200,1000,24
Maharashtra,Pune,Pune(Moshi),Potato,Local,FAQ,10/12/2023,900,1300,1100,24
Maharashtra,Pune,Pune(Moshi),Potato,Local,FAQ,11/12/2023,1100,1200,1150,24
Maharashtra,Pune,Pune(Moshi),Potato,Local,FAQ,16/12/2023,800,1500,1150,24
Maharashtra,Pune,Pune(Moshi),Potato,Local,FAQ,21/12/2023,800,1500,1150,24
Maharashtra,Pune,Pune(Moshi),Potato,Local,FAQ,31/12/2023,700,1300,1000,24
Maharashtra,Pune,Pune(Moshi),Potato,Other,FAQ,12/01/2023,1000,1500,1250,24
Maharashtra,Pune,Pune(Moshi),Potato,Other,FAQ,19/01/2023,500,1400,950,24
Maharashtra,Pune,Pune(Moshi),Potato,Other,FAQ,22/01/2023,1000,1300,1150,24
Maharashtra,Pune,Pune(Moshi),Potato,Other,FAQ,27/01/2023,600,1500,1050,24
Maharashtra,Pune,Pune(Moshi),Potato,Other,FAQ,29/01/2023,800,2000,1400,24
Maharashtra,Pune,Pune(Moshi),Potato,Other,FAQ,30/01/2023,400,1200,800,24
Maharashtra,Pune,Pune(Moshi),Potato,Other,FAQ,04/02/2023,300,1000,650,24
Maharashtra,Pune,Pune(Moshi),Potato,Other,FAQ,05/02/2023,300,1000,650,24
Maharashtra,Pune,Pune(Moshi),Potato,Other,FAQ,18/02/2023,300,1200,750,24
Maharashtra,Pune,Pune(Moshi),Potato,Other,FAQ,21/02/2023,1000,1300,1150,24
Maharashtra,Pune,Pune(Moshi),Potato,Other,FAQ,23/02/2023,300,1200,750,24
Maharashtra,Pune,Pune(Moshi),Potato,Other,FAQ,24/02/2023,700,1000,850,24
Maharashtra,Pune,Pune(Moshi),Potato,Other,FAQ,14/03/2023,300,1000,650,24
Maharashtra,Pune,Pune(Moshi),Potato,Other,FAQ,17/03/2023,200,800,500,24
Maharashtra,Pune,Pune(Moshi),Potato,Other,FAQ,21/03/2023,300,1000,650,24
Maharashtra,Pune,Pune(Moshi),Potato,Other,FAQ,24/03/2023,300,1000,650,24
Maharashtra,Pune,Pune(Moshi),Potato,Other,FAQ,07/04/2023,700,1200,950,24
Maharashtra,Pune,Pune(Moshi),Potato,Other,FAQ,15/04/2023,600,1000,800,24
Maharashtra,Pune,Pune(Moshi),Potato,Other,FAQ,20/04/2023,800,1300,1050,24
Maharashtra,Pune,Pune(Moshi),Potato,Other,FAQ,22/04/2023,600,1000,800,24
Maharashtra,Pune,Pune(Moshi),Potato,Other,FAQ,23/04/2023,700,1000,850,24
Maharashtra,Pune,Pune(Moshi),Potato,Other,FAQ,29/04/2023,500,1200,850,24
Maharashtra,Pune,Pune(Moshi),Potato,Other,FAQ,05/05/2023,700,1400,1050,24
Maharashtra,Pune,Pune(Moshi),Potato,Other,FAQ,06/05/2023,600,1000,800,24
Maharashtra,Pune,Pune(Moshi),Potato,Other,FAQ,12/05/2023,800,1200,1000,24
Maharashtra,Pune,Pune(Moshi),Potato,Other,FAQ,13/05/2023,500,1000,750,24
Maharashtra,Pune,Pune(Moshi),Potato,Other,FAQ,21/05/2023,700,1500,1100,24
Maharashtra,Pune,Pune(Moshi),Potato,Other,FAQ,27/05/2023,600,1000,800,24
Maharashtra,Pune,Pune(Moshi),Potato,Local,FAQ,07/11/2024,2000,2300,2150,24
Maharashtra,Pune,Pune(Moshi),Potato,Local,FAQ,12/11/2024,2000,3000,2500,24
Maharashtra,Pune,Pune(Moshi),Potato,Local,FAQ,16/11/2024,1800,2500,2150,24
Maharashtra,Pune,Pune(Moshi),Potato,Local,FAQ,26/11/2024,1600,2400,2000,24
Maharashtra,Pune,Pune(Moshi),Potato,Local,Local,08/02/2025,500,1600,1050,24
Maharashtra,Pune,Pune(Moshi),Potato,Local,Local,09/02/2025,500,1500,1000,24
Maharashtra,Pune,Pune(Moshi),Potato,Local,Local,13/02/2025,1500,2000,1750,24
Maharashtra,Pune,Pune(Moshi),Potato,Local,Local,15/02/2025,400,1600,1000,24
Maharashtra,Pune,Pune(Moshi),Potato,Local,Local,03/06/2025,1000,1600,1300,24
Maharashtra,Pune,Pune(Moshi),Potato,Local,Local,15/06/2025,1000,2000,1500,24
Maharashtra,Pune,Pune(Moshi),Potato,Local,Local,23/06/2025,1400,1600,1500,24
Maharashtra,Pune,Pune(Moshi),Potato,Local,Local,26/06/2025,1200,1800,1500,24
Maharashtra,Pune,Pune(Moshi),Potato,Local,Local,02/06/2025,1500,2000,1750,24
Maharashtra,Pune,Pune(Moshi),Potato,Local,Local,13/06/2025,1000,1800,1400,24
Maharashtra,Pune,Pune(Moshi),Potato,Local,Local,24/06/2025,1200,1800,1500,24
Maharashtra,Pune,Pune(Moshi),Potato,Local,Local,27/06/2025,1200,1800,1500,24
Maharashtra,Pune,Pune(Moshi),Potato,Local,Local,07/07/2025,800,1500,1150,24
Maharashtra,Pune,Pune(Moshi),Potato,Local,Local,11/07/2025,1100,1500,1300,24
Maharashtra,Pune,Pune(Moshi),Potato,Local,Local,21/07/2025,1200,1600,1400,24
Maharashtra,Pune,Pune(Moshi),Potato,Local,Local,29/07/2025,1000,1500,1250,24
Maharashtra,Pune,Pune(Moshi),Potato,Local,Local,05/04/2025,1000,1300,1150,24
Maharashtra,Pune,Pune(Moshi),Potato,Local,Local,08/04/2025,1000,1400,1200,24
Maharashtra,Pune,Pune(Moshi),Potato,Local,Local,11/04/2025,1000,1600,1300,24
Maharashtra,Pune,Pune(Moshi),Potato,Local,Local,19/04/2025,1000,1400,1200,24
Maharashtra,Pune,Pune(Moshi),Potato,Local,Local,21/04/2025,1000,1300,1150,24
Maharashtra,Pune,Pune(Moshi),Potato,Local,Local,22/04/2025,1000,1600,1300,24
Maharashtra,Pune,Pune(Moshi),Potato,Local,Local,24/04/2025,800,1600,1200,24
Maharashtra,Pune,Pune(Moshi),Potato,Local,Local,27/04/2025,1000,1600,1300,24
Maharashtra,Pune,Pune(Moshi),Potato,Local,FAQ,20/10/2024,1800,2500,2150,24
Maharashtra,Pune,Pune(Moshi),Potato,Local,FAQ,19/10/2024,2000,2000,2000,24
Maharashtra,Pune,Pune(Moshi),Potato,Local,FAQ,04/11/2024,1800,2400,2100,24
Maharashtra,Pune,Pune(Moshi),Potato,Local,FAQ,24/11/2024,1600,2800,2200,24
Maharashtra,Pune,Pune(Moshi),Potato,Local,FAQ,28/11/2024,1800,2800,2300,24
Maharashtra,Pune,Pune(Moshi),Potato,Local,FAQ,23/11/2024,1600,2500,2050,24
Maharashtra,Pune,Pune(Moshi),Potato,Local,Local,05/05/2025,1200,1400,1300,24
Maharashtra,Pune,Pune(Moshi),Potato,Local,Local,06/05/2025,1000,1600,1300,24
Maharashtra,Pune,Pune(Moshi),Potato,Local,Local,09/05/2025,1000,1600,1300,24
Maharashtra,Pune,Pune(Moshi),Potato,Local,Local,12/05/2025,1300,1800,1550,24
Maharashtra,Pune,Pune(Moshi),Potato,Local,Local,15/05/2025,1200,1600,1400,24
Maharashtra,Pune,Pune(Moshi),Potato,Local,Local,19/05/2025,1200,1400,1300,24
Maharashtra,Pune,Pune(Moshi),Potato,Local,Local,24/05/2025,1100,1600,1350,24
Maharashtra,Pune,Pune(Moshi),Potato,Local,Local,06/09/2025,1300,1500,1400,24
Maharashtra,Pune,Pune(Moshi),Potato,Local,Local,08/09/2025,1000,1600,1300,24
Maharashtra,Pune,Pune(Moshi),Potato,Local,Local,18/09/2025,1000,1800,1400,24
Maharashtra,Pune,Pune(Moshi),Potato,Local,Local,22/09/2025,1300,1500,1400,24
Maharashtra,Pune,Pune(Moshi),Potato,Local,Local,30/09/2025,1400,1500,1450,24
Maharashtra,Pune,Pune(Moshi),Potato,Local,Local,19/10/2025,1000,1500,1250,24
Maharashtra,Pune,Pune(Moshi),Potato,Local,Local,21/10/2025,1000,1400,1200,24
Maharashtra,Pune,Pune(Moshi),Potato,Local,Local,07/10/2025,1300,1600,1450,24
Maharashtra,Pune,Pune(Moshi),Potato,Local,Local,10/10/2025,1400,1700,1550,24
Maharashtra,Pune,Pune(Moshi),Potato,Local,Local,20/10/2025,1000,1300,1150,24
Maharashtra,Pune,Pune(Moshi),Potato,Local,Local,29/08/2025,1200,1400,1300,24
Maharashtra,Pune,Pune(Moshi),Potato,Local,Local,31/08/2025,1300,1600,1450,24
Maharashtra,Pune,Pune(Moshi),Potato,Local,Local,07/08/2025,1200,1500,1350,24
Maharashtra,Pune,Pune(Moshi),Potato,Local,Local,10/08/2025,1200,1400,1300,24
Maharashtra,Pune,Pune(Moshi),Potato,Local,Local,19/08/2025,1200,1500,1350,24
Maharashtra,Pune,Pune(Moshi),Potato,Local,Local,22/08/2025,1300,1400,1350,24
Maharashtra,Pune,Pune(Moshi),Potato,Local,Local,28/08/2025,1300,1500,1400,24
Maharashtra,Pune,Pune(Moshi),Potato,Local,Local,27/02/2025,700,1600,1150,24
Maharashtra,Pune,Pune(Moshi),Potato,Local,FAQ,14/09/2024,1800,2300,2050,24
Maharashtra,Pune,Pune(Moshi),Potato,Local,FAQ,20/09/2024,1800,2400,2100,24
Maharashtra,Pune,Pune(Moshi),Potato,Local,FAQ,24/09/2024,2200,2500,2350,24
Maharashtra,Pune,Pune(Moshi),Potato,Local,FAQ,22/12/2024,800,2800,1800,24
Maharashtra,Pune,Pune(Moshi),Potato,Local,FAQ,26/12/2024,500,1800,1150,24
Maharashtra,Pune,Pune(Moshi),Potato,Local,FAQ,30/12/2024,700,1600,1150,24
Maharashtra,Pune,Pune(Moshi),Potato,Local,FAQ,10/01/2025,700,1600,1150,24
Maharashtra,Pune,Pune(Moshi),Potato,Local,FAQ,16/01/2025,700,2000,1350,24
Maharashtra,Pune,Pune(Moshi),Potato,Local,FAQ,19/01/2025,500,2000,1250,24
Maharashtra,Pune,Pune(Moshi),Potato,Local,FAQ,23/01/2025,500,1600,1050,24
Maharashtra,Pune,Pune(Moshi),Potato,Local,FAQ,25/01/2025,1000,1500,1250,24
Maharashtra,Pune,Pune(Moshi),Potato,Local,Local,28/01/2025,500,1400,950,24
Maharashtra,Pune,Pune(Moshi),Potato,Local,FAQ,27/10/2024,1600,2500,2050,24
Maharashtra,Pune,Pune(Moshi),Potato,Local,FAQ,12/10/2024,2000,3000,2500,24
Maharashtra,Pune,Pune(Moshi),Potato,Local,FAQ,05/10/2024,2200,2400,2300,24
Maharashtra,Pune,Pune(Moshi),Potato,Local,FAQ,18/10/2024,1800,2200,2000,24
Maharashtra,Pune,Pune(Moshi),Potato,Local,FAQ,05/08/2024,2000,3000,2500,24
Maharashtra,Pune,Pune(Moshi),Potato,Local,FAQ,18/08/2024,2000,2700,2350,24
Maharashtra,Pune,Pune(Moshi),Potato,Local,FAQ,08/08/2024,2000,2800,2400,24
Maharashtra,Pune,Pune(Moshi),Potato,Local,FAQ,10/11/2024,2000,2500,2250,24
Maharashtra,Pune,Pune(Moshi),Potato,Local,FAQ,18/11/2024,2000,2800,2400,24
Maharashtra,Pune,Pune(Moshi),Potato,Local,FAQ,01/11/2024,2000,2500,2250,24
Maharashtra,Pune,Pune(Moshi),Potato,Local,FAQ,09/11/2024,2000,2500,2250,24
Maharashtra,Pune,Pune(Moshi),Potato,Local,FAQ,05/09/2024,1500,2400,1950,24
Maharashtra,Pune,Pune(Moshi),Potato,Local,FAQ,19/09/2024,1000,2400,1700,24
Maharashtra,Pune,Pune(Moshi),Potato,Local,FAQ,23/09/2024,2000,2800,2400,24
Maharashtra,Pune,Pune(Moshi),Potato,Local,FAQ,27/09/2024,1600,2500,2050,24
Maharashtra,Pune,Pune(Moshi),Potato,Local,FAQ,05/05/2024,1000,1800,1400,24
Maharashtra,Pune,Pune(Moshi),Potato,Local,FAQ,16/05/2024,1200,2300,1750,24
Maharashtra,Pune,Pune(Moshi),Potato,Local,FAQ,18/05/2024,1000,1800,1400,24
Maharashtra,Pune,Pune(Moshi),Potato,Local,FAQ,24/05/2024,1400,1800,1600,24
Maharashtra,Pune,Pune(Moshi),Potato,Local,FAQ,26/05/2024,1300,1800,1550,24
Maharashtra,Pune,Pune(Moshi),Potato,Local,FAQ,11/06/2024,1600,2000,1800,24
Maharashtra,Pune,Pune(Moshi),Potato,Local,FAQ,18/06/2024,1800,2000,1900,24
Maharashtra,Pune,Pune(Moshi),Potato,Local,FAQ,09/06/2024,1000,2000,1500,24
Maharashtra,Pune,Pune(Moshi),Potato,Local,FAQ,16/06/2024,2000,2400,2200,24
Maharashtra,Pune,Pune(Moshi),Potato,Local,FAQ,28/06/2024,1600,2200,1900,24
Maharashtra,Pune,Pune(Moshi),Potato,Local,FAQ,01/01/2024,400,1200,800,24
Maharashtra,Pune,Pune(Moshi),Potato,Local,FAQ,18/01/2024,400,1200,800,24
Maharashtra,Pune,Pune(Moshi),Potato,Local,FAQ,27/01/2024,600,1200,900,24
Maharashtra,Pune,Pune(Moshi),Potato,Local,FAQ,28/01/2024,500,1200,850,24
Maharashtra,Pune,Pune(Moshi),Potato,Local,FAQ,06/02/2024,700,1200,950,24
Maharashtra,Pune,Pune(Moshi),Potato,Local,FAQ,11/02/2024,800,1300,1050,24
Maharashtra,Pune,Pune(Moshi),Potato,Local,FAQ,12/02/2024,1500,1600,1550,24
Maharashtra,Pune,Pune(Moshi),Potato,Local,FAQ,25/02/2024,1000,1700,1350,24
Maharashtra,Pune,Pune(Moshi),Potato,Local,FAQ,29/02/2024,1000,1600,1300,24
Maharashtra,Pune,Pune(Moshi),Potato,Local,FAQ,02/03/2024,800,1200,1000,24
Maharashtra,Pune,Pune(Moshi),Potato,Local,FAQ,03/03/2024,1000,1400,1200,24
Maharashtra,Pune,Pune(Moshi),Potato,Local,FAQ,08/03/2024,800,1400,1100,24
Maharashtra,Pune,Pune(Moshi),Potato,Local,FAQ,11/03/2024,1000,1800,1400,24
Maharashtra,Pune,Pune(Moshi),Potato,Local,FAQ,18/03/2024,1200,1400,1300,24
Maharashtra,Pune,Pune(Moshi),Potato,Local,FAQ,22/03/2024,1500,1600,1550,24
Maharashtra,Pune,Pune(Moshi),Potato,Local,FAQ,31/03/2024,1000,1800,1400,24
Maharashtra,Pune,Pune(Moshi),Potato,Local,FAQ,04/04/2024,1200,1800,1500,24
Maharashtra,Pune,Pune(Moshi),Potato,Local,FAQ,05/04/2024,1300,1800,1550,24
Maharashtra,Pune,Pune(Moshi),Potato,Local,FAQ,06/04/2024,1000,2000,1500,24
Maharashtra,Pune,Pune(Moshi),Potato,Local,FAQ,09/04/2024,1000,1800,1400,24
Maharashtra,Pune,Pune(Moshi),Potato,Local,FAQ,21/04/2024,1200,2000,1600,24
Maharashtra,Pune,Pune(Moshi),Potato,Local,FAQ,11/07/2024,2300,3000,2650,24
Maharashtra,Pune,Pune(Moshi),Potato,Local,FAQ,19/07/2024,2400,2800,2600,24
Maharashtra,Pune,Pune(Moshi),Potato,Local,FAQ,22/07/2024,2500,3000,2750,24
Maharashtra,Pune,Pune(Moshi),Potato,Other,FAQ,04/07/2024,1800,2500,2150,24
Maharashtra,Pune,Pune(Moshi),Potato,Local,FAQ,29/07/2024,2200,3000,2600,24
Maharashtra,Pune,Pune(Moshi),Potato,Other,FAQ,21/02/2021,300,1200,750,24
Maharashtra,Pune,Pune(Moshi),Potato,Other,FAQ,22/02/2021,600,1000,800,24
Maharashtra,Pune,Pune(Moshi),Potato,Other,FAQ,23/02/2021,300,1000,650,24
Maharashtra,Pune,Pune(Moshi),Potato,Other,FAQ,25/02/2021,400,1000,700,24
Maharashtra,Pune,Pune(Moshi),Potato,Other,FAQ,26/02/2021,800,1000,900,24
Maharashtra,Pune,Pune(Moshi),Potato,Other,FAQ,06/03/2021,300,1000,650,24
Maharashtra,Pune,Pune(Moshi),Potato,Other,FAQ,11/03/2021,300,1000,650,24
Maharashtra,Pune,Pune(Moshi),Potato,Other,FAQ,12/03/2021,700,1000,850,24
Maharashtra,Pune,Pune(Moshi),Potato,Other,FAQ,16/03/2021,700,1000,850,24
Maharashtra,Pune,Pune(Moshi),Potato,Other,FAQ,25/03/2021,600,1000,800,24
Maharashtra,Pune,Pune(Moshi),Potato,Other,FAQ,28/03/2021,700,1000,850,24
Maharashtra,Pune,Pune(Moshi),Potato,Other,FAQ,03/04/2021,500,1000,750,24
Maharashtra,Pune,Pune(Moshi),Potato,Other,FAQ,08/04/2021,700,1200,950,24
Maharashtra,Pune,Pune(Moshi),Potato,Other,FAQ,19/04/2021,800,1300,1050,24
Maharashtra,Pune,Pune(Moshi),Potato,Other,FAQ,22/04/2021,400,1200,800,24
Maharashtra,Pune,Pune(Moshi),Potato,Other,FAQ,27/04/2021,800,1000,900,24
Maharashtra,Pune,Pune(Moshi),Potato,Other,FAQ,30/04/2021,300,1000,650,24
Maharashtra,Pune,Pune(Moshi),Potato,Other,FAQ,05/05/2021,700,1000,850,24
Maharashtra,Pune,Pune(Moshi),Potato,Other,FAQ,10/05/2021,800,1000,900,24
Maharashtra,Pune,Pune(Moshi),Potato,Other,FAQ,13/05/2021,800,1000,900,24
Maharashtra,Pune,Pune(Moshi),Potato,Other,FAQ,14/05/2021,900,1000,950,24
Maharashtra,Pune,Pune(Moshi),Potato,Other,FAQ,17/05/2021,800,1000,900,24
Maharashtra,Pune,Pune(Moshi),Potato,Other,FAQ,20/05/2021,800,1500,1150,24
Maharashtra,Pune,Pune(Moshi),Potato,Other,FAQ,05/06/2021,700,1000,850,24
Maharashtra,Pune,Pune(Moshi),Potato,Other,FAQ,06/06/2021,1000,1300,1150,24
Maharashtra,Pune,Pune(Moshi),Potato,Other,FAQ,07/06/2021,800,1500,1150,24
Maharashtra,Pune,Pune(Moshi),Potato,Other,FAQ,10/06/2021,800,1000,900,24
Maharashtra,Pune,Pune(Moshi),Potato,Other,FAQ,20/06/2021,500,1000,750,24
Maharashtra,Pune,Pune(Moshi),Potato,Other,FAQ,01/07/2021,700,1000,850,24
Maharashtra,Pune,Pune(Moshi),Potato,Other,FAQ,06/07/2021,700,1000,850,24
Maharashtra,Pune,Pune(Moshi),Potato,Other,FAQ,08/07/2021,700,1100,900,24
Maharashtra,Pune,Pune(Moshi),Potato,Other,FAQ,09/07/2021,600,1000,800,24
Maharashtra,Pune,Pune(Moshi),Potato,Other,FAQ,11/07/2021,700,1000,850,24
Maharashtra,Pune,Pune(Moshi),Potato,Other,FAQ,15/07/2021,600,1000,800,24
Maharashtra,Pune,Pune(Moshi),Potato,Other,FAQ,18/07/2021,800,1000,900,24
Maharashtra,Pune,Pune(Moshi),Potato,Other,FAQ,22/07/2021,600,1200,900,24
Maharashtra,Pune,Pune(Moshi),Potato,Other,FAQ,23/07/2021,800,1000,900,24
Maharashtra,Pune,Pune(Moshi),Potato,Other,FAQ,03/08/2021,700,1000,850,24
Maharashtra,Pune,Pune(Moshi),Potato,Other,FAQ,06/08/2021,800,1000,900,24
Maharashtra,Pune,Pune(Moshi),Potato,Other,FAQ,07/08/2021,700,1000,850,24
Maharashtra,Pune,Pune(Moshi),Potato,Other,FAQ,08/08/2021,700,900,750,24
Maharashtra,Pune,Pune(Moshi),Potato,Other,FAQ,13/08/2021,700,1000,850,24
Maharashtra,Pune,Pune(Moshi),Potato,Other,FAQ,14/08/2021,700,1500,1100,24
Maharashtra,Pune,Pune(Moshi),Potato,Other,FAQ,20/08/2021,700,1000,850,24
Maharashtra,Pune,Pune(Moshi),Potato,Other,FAQ,23/08/2021,900,1000,950,24
Maharashtra,Pune,Pune(Moshi),Potato,Other,FAQ,26/08/2021,700,1000,850,24
Maharashtra,Pune,Pune(Moshi),Potato,Other,FAQ,28/08/2021,700,1000,850,24
Maharashtra,Pune,Pune(Moshi),Potato,Other,FAQ,30/08/2021,800,1000,900,24
Maharashtra,Pune,Pune(Moshi),Potato,Other,FAQ,31/08/2021,600,1000,800,24
Maharashtra,Pune,Pune(Moshi),Potato,Other,FAQ,12/09/2021,700,900,800,24
Maharashtra,Pune,Pune(Moshi),Potato,Other,FAQ,16/09/2021,700,1000,850,24
Maharashtra,Pune,Pune(Moshi),Potato,Other,FAQ,26/09/2021,700,1000,850,24
Maharashtra,Pune,Pune(Moshi),Potato,Other,FAQ,07/10/2021,700,1100,900,24
Maharashtra,Pune,Pune(Moshi),Potato,Other,FAQ,11/10/2021,700,1000,850,24
Maharashtra,Pune,Pune(Moshi),Potato,Other,FAQ,24/10/2021,800,1000,900,24
Maharashtra,Pune,Pune(Moshi),Potato,Other,FAQ,02/11/2021,700,2000,1350,24
Maharashtra,Pune,Pune(Moshi),Potato,Other,FAQ,04/11/2021,900,2000,1450,24
Maharashtra,Pune,Pune(Moshi),Potato,Other,FAQ,07/11/2021,1000,2000,1500,24
Maharashtra,Pune,Pune(Moshi),Potato,Other,FAQ,08/11/2021,800,1000,900,24
Maharashtra,Pune,Pune(Moshi),Potato,Other,FAQ,15/11/2021,1000,1500,1250,24
Maharashtra,Pune,Pune(Moshi),Potato,Other,FAQ,25/11/2021,600,1500,1050,24
Maharashtra,Pune,Pune(Moshi),Potato,Other,FAQ,29/11/2021,800,1500,1150,24
Maharashtra,Pune,Pune(Moshi),Potato,Other,FAQ,09/12/2021,700,2000,1350,24
Maharashtra,Pune,Pune(Moshi),Potato,Other,FAQ,11/12/2021,800,1200,1000,24
Maharashtra,Pune,Pune(Moshi),Potato,Other,FAQ,12/12/2021,700,1000,850,24
Maharashtra,Pune,Pune(Moshi),Potato,Other,FAQ,16/12/2021,700,1000,850,24
Maharashtra,Pune,Pune(Moshi),Potato,Other,FAQ,23/12/2021,600,1000,800,24
Maharashtra,Pune,Pune(Moshi),Potato,Other,FAQ,28/12/2021,600,800,700,24
Maharashtra,Pune,Pune(Moshi),Potato,Other,FAQ,30/12/2021,600,1000,800,24
Maharashtra,Pune,Pune(Moshi),Potato,Local,Local,17/04/2025,1000,1600,1300,24
Maharashtra,Pune,Pune(Moshi),Potato,Local,Local,20/04/2025,800,1500,1150,24
Maharashtra,Pune,Pune(Moshi),Potato,Local,Local,25/04/2025,800,1400,1100,24
Maharashtra,Pune,Pune(Moshi),Potato,Other,FAQ,03/01/2022,600,800,700,24
Maharashtra,Pune,Pune(Moshi),Potato,Other,FAQ,09/01/2022,700,1000,850,24
Maharashtra,Pune,Pune(Moshi),Potato,Other,FAQ,18/01/2022,500,1000,750,24
Maharashtra,Pune,Pune(Moshi),Potato,Other,FAQ,24/01/2022,800,1000,900,24
Maharashtra,Pune,Pune(Moshi),Potato,Other,FAQ,07/02/2022,300,900,600,24
Maharashtra,Pune,Pune(Moshi),Potato,Other,FAQ,10/02/2022,800,1200,1000,24
Maharashtra,Pune,Pune(Moshi),Potato,Other,FAQ,14/02/2022,800,1500,1150,24
Maharashtra,Pune,Pune(Moshi),Potato,Other,FAQ,19/02/2022,900,1100,1000,24
Maharashtra,Pune,Pune(Moshi),Potato,Other,FAQ,24/02/2022,400,1200,800,24
Maharashtra,Pune,Pune(Moshi),Potato,Other,FAQ,28/02/2022,400,1000,700,24
Maharashtra,Pune,Pune(Moshi),Potato,Other,FAQ,05/03/2022,900,1300,1100,24
Maharashtra,Pune,Pune(Moshi),Potato,Other,FAQ,14/03/2022,500,1000,750,24
Maharashtra,Pune,Pune(Moshi),Potato,Other,FAQ,26/03/2022,900,1600,1250,24
Maharashtra,Pune,Pune(Moshi),Potato,Other,FAQ,28/03/2022,800,1300,1050,24
Maharashtra,Pune,Pune(Moshi),Potato,Other,FAQ,02/04/2022,1000,1200,1100,24
Maharashtra,Pune,Pune(Moshi),Potato,Other,FAQ,03/04/2022,800,1400,1100,24
Maharashtra,Pune,Pune(Moshi),Potato,Other,FAQ,07/04/2022,800,1500,1150,24
Maharashtra,Pune,Pune(Moshi),Potato,Other,FAQ,18/04/2022,800,1600,1200,24
Maharashtra,Pune,Pune(Moshi),Potato,Other,FAQ,23/04/2022,1100,1500,1300,24
Maharashtra,Pune,Pune(Moshi),Potato,Other,FAQ,25/04/2022,1100,1600,1350,24
Maharashtra,Pune,Pune(Moshi),Potato,Other,FAQ,28/04/2022,1110,1500,1305,24
Maharashtra,Pune,Pune(Moshi),Potato,Other,FAQ,29/04/2022,1000,1500,1250,24
Maharashtra,Pune,Pune(Moshi),Potato,Other,FAQ,05/05/2022,1300,1600,1450,24
Maharashtra,Pune,Pune(Moshi),Potato,Other,FAQ,20/05/2022,1100,1700,1400,24
Maharashtra,Pune,Pune(Moshi),Potato,Other,FAQ,21/05/2022,700,1600,1150,24
Maharashtra,Pune,Pune(Moshi),Potato,Other,FAQ,31/05/2022,1200,1800,1500,24
Maharashtra,Pune,Pune(Moshi),Potato,Other,FAQ,07/06/2022,1200,1900,1550,24
Maharashtra,Pune,Pune(Moshi),Potato,Other,FAQ,14/06/2022,1300,1900,1600,24
Maharashtra,Pune,Pune(Moshi),Potato,Other,FAQ,19/06/2022,1400,1600,1500,24
Maharashtra,Pune,Pune(Moshi),Potato,Other,FAQ,20/06/2022,1000,1600,1300,24
Maharashtra,Pune,Pune(Moshi),Potato,Other,FAQ,21/06/2022,1400,1800,1600,24
Maharashtra,Pune,Pune(Moshi),Potato,Other,FAQ,24/06/2022,1500,1800,1650,24
Maharashtra,Pune,Pune(Moshi),Potato,Other,FAQ,25/06/2022,1000,1800,1400,24
Maharashtra,Pune,Pune(Moshi),Potato,Other,FAQ,28/06/2022,1400,2000,1700,24
Maharashtra,Pune,Pune(Moshi),Potato,Other,FAQ,09/07/2022,1500,1800,1650,24
Maharashtra,Pune,Pune(Moshi),Potato,Other,FAQ,14/07/2022,1500,2000,1750,24
Maharashtra,Pune,Pune(Moshi),Potato,Other,FAQ,17/07/2022,1400,2000,1700,24
Maharashtra,Pune,Pune(Moshi),Potato,Other,FAQ,18/07/2022,1500,2000,1750,24
Maharashtra,Pune,Pune(Moshi),Potato,Other,FAQ,02/08/2022,1500,1600,1550,24
Maharashtra,Pune,Pune(Moshi),Potato,Other,FAQ,07/08/2022,1400,1800,1600,24
Maharashtra,Pune,Pune(Moshi),Potato,Other,FAQ,02/09/2022,1400,1800,1600,24
Maharashtra,Pune,Pune(Moshi),Potato,Other,FAQ,05/09/2022,1400,1800,1600,24
Maharashtra,Pune,Pune(Moshi),Potato,Other,FAQ,13/09/2022,1500,1700,1600,24
Maharashtra,Pune,Pune(Moshi),Potato,Other,FAQ,18/09/2022,1500,1700,1600,24
Maharashtra,Pune,Pune(Moshi),Potato,Other,FAQ,25/09/2022,1500,1800,1650,24
Maharashtra,Pune,Pune(Moshi),Potato,Other,FAQ,29/09/2022,1500,1800,1650,24
Maharashtra,Pune,Pune(Moshi),Potato,Other,FAQ,01/10/2022,1400,1800,1600,24
Maharashtra,Pune,Pune(Moshi),Potato,Other,FAQ,16/10/2022,1600,1700,1650,24
Maharashtra,Pune,Pune(Moshi),Potato,Other,FAQ,25/10/2022,1700,1800,1750,24
Maharashtra,Pune,Pune(Moshi),Potato,Other,FAQ,30/10/2022,1500,2000,1750,24
Maharashtra,Pune,Pune(Moshi),Potato,Other,FAQ,07/11/2022,1500,2000,1750,24
Maharashtra,Pune,Pune(Moshi),Potato,Other,FAQ,20/11/2022,1000,1500,1250,24
Maharashtra,Pune,Pune(Moshi),Potato,Other,FAQ,22/11/2022,1500,1500,1500,24
Maharashtra,Pune,Pune(Moshi),Potato,Other,FAQ,02/12/2022,700,1600,1150,24
Maharashtra,Pune,Pune(Moshi),Potato,Other,FAQ,08/12/2022,500,1600,1050,24
Maharashtra,Pune,Pune(Moshi),Potato,Other,FAQ,11/12/2022,400,1500,950,24
Maharashtra,Pune,Pune(Moshi),Potato,Other,FAQ,30/12/2022,600,1600,1100,24
Maharashtra,Pune,Pune(Moshi),Potato,Local,FAQ,30/05/2023,800,1000,900,24
Maharashtra,Pune,Pune(Moshi),Potato,Local,FAQ,01/06/2023,800,1200,1000,24
Maharashtra,Pune,Pune(Moshi),Potato,Local,FAQ,05/06/2023,800,1600,1200,24
Maharashtra,Pune,Pune(Moshi),Potato,Local,FAQ,10/06/2023,500,1000,750,24
Maharashtra,Pune,Pune(Moshi),Potato,Local,FAQ,23/06/2023,700,1200,950,24
Maharashtra,Pune,Pune(Moshi),Potato,Local,FAQ,25/06/2023,800,1500,1150,24
Maharashtra,Pune,Pune(Moshi),Potato,Local,FAQ,06/07/2023,1000,1800,1400,24
Maharashtra,Pune,Pune(Moshi),Potato,Local,FAQ,09/07/2023,800,1300,1050,24
Maharashtra,Pune,Pune(Moshi),Potato,Local,FAQ,17/07/2023,800,1800,1300,24
Maharashtra,Pune,Pune(Moshi),Potato,Local,FAQ,20/07/2023,800,1800,1300,24
Maharashtra,Pune,Pune(Moshi),Potato,Local,FAQ,30/07/2023,900,1700,1300,24
Maharashtra,Pune,Pune(Moshi),Potato,Local,FAQ,04/08/2023,1000,1200,1100,24
Maharashtra,Pune,Pune(Moshi),Potato,Local,FAQ,14/08/2023,800,1700,1250,24
Maharashtra,Pune,Pune(Moshi),Potato,Local,FAQ,22/08/2023,1000,1700,1350,24
Maharashtra,Pune,Pune(Moshi),Potato,Local,FAQ,26/08/2023,700,1000,850,24
Maharashtra,Pune,Pune(Moshi),Potato,Local,FAQ,28/08/2023,800,1400,1100,24
Maharashtra,Pune,Pune(Moshi),Potato,Local,FAQ,02/09/2023,1000,1500,1250,24
Maharashtra,Pune,Pune(Moshi),Potato,Local,FAQ,05/09/2023,1000,1000,1000,24
Maharashtra,Pune,Pune(Moshi),Potato,Local,FAQ,11/09/2023,800,1500,1150,24
Maharashtra,Pune,Pune(Moshi),Potato,Local,FAQ,14/09/2023,800,1600,1200,24
Maharashtra,Pune,Pune(Moshi),Potato,Local,FAQ,15/09/2023,800,1100,950,24
Maharashtra,Pune,Pune(Moshi),Potato,Local,FAQ,17/09/2023,1000,1500,1250,24
Maharashtra,Pune,Pune(Moshi),Potato,Local,FAQ,30/09/2023,800,1500,1150,24
Maharashtra,Pune,Pune(Moshi),Potato,Local,FAQ,09/10/2023,800,1200,1000,24
Maharashtra,Pune,Pune(Moshi),Potato,Local,FAQ,24/10/2023,1200,1300,1250,24
Maharashtra,Pune,Pune(Moshi),Potato,Local,FAQ,26/10/2023,800,1200,1000,24
Maharashtra,Pune,Pune(Moshi),Potato,Local,FAQ,28/10/2023,800,1200,1000,24
Maharashtra,Pune,Pune(Moshi),Potato,Local,FAQ,04/11/2023,900,1400,1150,24
Maharashtra,Pune,Pune(Moshi),Potato,Local,FAQ,13/11/2023,800,1500,1150,24
Maharashtra,Pune,Pune(Moshi),Potato,Local,FAQ,18/11/2023,800,1200,1000,24
Maharashtra,Pune,Pune(Moshi),Potato,Local,FAQ,25/11/2023,700,1400,1050,24
Maharashtra,Pune,Pune(Moshi),Potato,Local,FAQ,15/12/2023,300,1200,750,24
Maharashtra,Pune,Pune(Moshi),Potato,Local,FAQ,19/12/2023,500,1400,950,24
Maharashtra,Pune,Pune(Moshi),Potato,Local,FAQ,22/12/2023,800,1400,1100,24
Maharashtra,Pune,Pune(Moshi),Potato,Local,FAQ,23/12/2023,400,1000,700,24
Maharashtra,Pune,Pune(Moshi),Potato,Other,FAQ,08/01/2023,1200,1500,1350,24
Maharashtra,Pune,Pune(Moshi),Potato,Other,FAQ,23/01/2023,600,1200,900,24
Maharashtra,Pune,Pune(Moshi),Potato,Other,FAQ,20/02/2023,300,1000,650,24
Maharashtra,Pune,Pune(Moshi),Potato,Other,FAQ,25/02/2023,600,1000,800,24
Maharashtra,Pune,Pune(Moshi),Potato,Other,FAQ,26/02/2023,300,1000,650,24
Maharashtra,Pune,Pune(Moshi),Potato,Other,FAQ,27/02/2023,300,800,550,24
Maharashtra,Pune,Pune(Moshi),Potato,Other,FAQ,02/03/2023,300,1000,650,24
Maharashtra,Pune,Pune(Moshi),Potato,Other,FAQ,04/03/2023,300,1200,750,24
Maharashtra,Pune,Pune(Moshi),Potato,Other,FAQ,12/03/2023,300,800,550,24
Maharashtra,Pune,Pune(Moshi),Potato,Other,FAQ,20/03/2023,300,800,550,24
Maharashtra,Pune,Pune(Moshi),Potato,Other,FAQ,28/03/2023,300,1000,650,24
Maharashtra,Pune,Pune(Moshi),Potato,Other,FAQ,02/04/2023,500,1000,750,24
Maharashtra,Pune,Pune(Moshi),Potato,Other,FAQ,04/04/2023,400,1000,700,24
Maharashtra,Pune,Pune(Moshi),Potato,Other,FAQ,11/04/2023,700,1000,850,24
Maharashtra,Pune,Pune(Moshi),Potato,Other,FAQ,13/04/2023,800,1400,1100,24
Maharashtra,Pune,Pune(Moshi),Potato,Other,FAQ,28/04/2023,700,1000,850,24
Maharashtra,Pune,Pune(Moshi),Potato,Other,FAQ,04/05/2023,700,1200,950,24
Maharashtra,Pune,Pune(Moshi),Potato,Other,FAQ,07/05/2023,900,1600,1250,24
Maharashtra,Pune,Pune(Moshi),Potato,Other,FAQ,19/05/2023,900,1100,1000,24
Maharashtra,Pune,Pune(Moshi),Potato,Other,FAQ,20/05/2023,900,1000,950,24
Maharashtra,Pune,Pune(Moshi),Potato,Other,FAQ,23/05/2023,1000,1200,1100,24
Maharashtra,Pune,Pune(Moshi),Potato,Other,FAQ,25/05/2023,700,1600,1150,24
Maharashtra,Pune,Pune(Moshi),Potato,Other,FAQ,26/05/2023,700,1000,850,24
Maharashtra,Pune,Pune(Moshi),Potato,Other,FAQ,29/05/2023,800,1000,900,24
Maharashtra,Pune,Pune(Moshi),Potato,Local,Local,09/03/2025,1000,1500,1250,24
Maharashtra,Pune,Pune(Moshi),Potato,Local,Local,11/03/2025,1000,1300,1150,24
Maharashtra,Pune,Pune(Moshi),Potato,Local,Local,15/03/2025,1000,1600,1300,24
Maharashtra,Pune,Pune(Moshi),Potato,Local,Local,21/03/2025,800,1600,1200,24
Maharashtra,Pune,Pune(Moshi),Potato,Local,Local,28/03/2025,1000,1400,1200,24
Maharashtra,Pune,Pune(Moshi),Potato,Local,Local,03/05/2025,1000,1400,1200,24
Maharashtra,Pune,Pune(Moshi),Potato,Local,Local,04/05/2025,1000,1600,1300,24
Maharashtra,Pune,Pune(Moshi),Potato,Local,Local,11/05/2025,1200,1800,1500,24
Maharashtra,Pune,Pune(Moshi),Potato,Local,Local,13/05/2025,1200,1500,1350,24
Maharashtra,Pune,Pune(Moshi),Potato,Local,Local,18/05/2025,1200,1400,1300,24
Maharashtra,Pune,Pune(Moshi),Potato,Local,Local,22/05/2025,1000,1600,1300,24
Maharashtra,Pune,Pune(Moshi),Potato,Local,Local,07/06/2025,1400,1600,1500,24
Maharashtra,Pune,Pune(Moshi),Potato,Local,Local,22/06/2025,1000,1600,1300,24
Maharashtra,Pune,Pune(Moshi),Potato,Local,Local,29/06/2025,1300,1700,1500,24
Maharashtra,Pune,Pune(Moshi),Potato,Local,Local,30/06/2025,1200,1800,1500,24
Maharashtra,Pune,Pune(Moshi),Potato,Local,Local,17/07/2025,1000,1500,1250,24
Maharashtra,Pune,Pune(Moshi),Potato,Local,Local,31/07/2025,1200,1700,1450,24
Maharashtra,Pune,Pune(Moshi),Potato,Local,Local,19/07/2025,1000,1600,1300,24
Maharashtra,Pune,Pune(Moshi),Potato,Local,Local,03/07/2025,1300,1800,1550,24
Maharashtra,Pune,Pune(Moshi),Potato,Local,Local,04/08/2025,1200,1400,1300,24
Maharashtra,Pune,Pune(Moshi),Potato,Local,Local,24/08/2025,1300,1600,1450,24
Maharashtra,Pune,Pune(Moshi),Potato,Local,Local,03/08/2025,1200,1400,1300,24
Maharashtra,Pune,Pune(Moshi),Potato,Local,Local,05/08/2025,1200,1400,1300,24
Maharashtra,Pune,Pune(Moshi),Potato,Local,Local,18/08/2025,1200,1500,1350,24
Maharashtra,Pune,Pune(Moshi),Potato,Local,Local,21/08/2025,1100,1600,1350,24
Maharashtra,Pune,Pune(Moshi),Potato,Local,Local,23/08/2025,1300,1400,1350,24
Maharashtra,Pune,Pune(Moshi),Potato,Local,Local,01/09/2025,1300,1600,1450,24
Maharashtra,Pune,Pune(Moshi),Potato,Local,Local,02/09/2025,1200,1500,1350,24
Maharashtra,Pune,Pune(Moshi),Potato,Local,Local,14/09/2025,1400,1600,1500,24
Maharashtra,Pune,Pune(Moshi),Potato,Local,Local,15/09/2025,1400,1600,1500,24
Maharashtra,Pune,Pune(Moshi),Potato,Local,Local,21/09/2025,1300,1500,1400,24
Maharashtra,Pune,Pune(Moshi),Potato,Local,Local,01/11/2025,1300,1500,1400,24
Maharashtra,Pune,Pune(Moshi),Potato,Local,Local,02/10/2025,1300,1600,1450,24
Maharashtra,Pune,Pune(Moshi),Potato,Local,Local,04/10/2025,1300,1600,1450,24
Maharashtra,Pune,Pune(Moshi),Potato,Local,Local,18/10/2025,1400,1500,1450,24
Maharashtra,Pune,Pune(Moshi),Potato,Local,Local,27/10/2025,1800,1900,1850,24
Maharashtra,Pune,Pune(Moshi),Potato,Local,Local,30/10/2025,1300,1800,1550,24
Maharashtra,Pune,Pune(Moshi),Potato,Other,FAQ,23/03/2021,500,1000,750,24
Maharashtra,Pune,Pune(Moshi),Potato,Other,FAQ,01/04/2021,600,1000,800,24
Maharashtra,Pune,Pune(Moshi),Potato,Other,FAQ,04/04/2021,800,1500,1150,24
Maharashtra,Pune,Pune(Moshi),Potato,Other,FAQ,05/04/2021,400,1000,700,24
Maharashtra,Pune,Pune(Moshi),Potato,Other,FAQ,12/04/2021,400,1200,800,24
Maharashtra,Pune,Pune(Moshi),Potato,Other,FAQ,13/04/2021,800,1200,1000,24
Maharashtra,Pune,Pune(Moshi),Potato,Other,FAQ,20/04/2021,800,1000,900,24
Maharashtra,Pune,Pune(Moshi),Potato,Other,FAQ,23/04/2021,700,1000,850,24
Maharashtra,Pune,Pune(Moshi),Potato,Other,FAQ,26/04/2021,800,1000,900,24
Maharashtra,Pune,Pune(Moshi),Potato,Other,FAQ,28/04/2021,800,1000,900,24
Maharashtra,Pune,Pune(Moshi),Potato,Other,FAQ,12/05/2021,800,1200,1000,24
Maharashtra,Pune,Pune(Moshi),Potato,Other,FAQ,19/05/2021,800,1000,900,24
Maharashtra,Pune,Pune(Moshi),Potato,Other,FAQ,25/05/2021,800,1000,900,24
Maharashtra,Pune,Pune(Moshi),Potato,Other,FAQ,28/05/2021,900,1000,950,24
Maharashtra,Pune,Pune(Moshi),Potato,Other,FAQ,29/05/2021,800,800,800,24
Maharashtra,Pune,Pune(Moshi),Potato,Other,FAQ,30/05/2021,700,1000,850,24
Maharashtra,Pune,Pune(Moshi),Potato,Other,FAQ,01/06/2021,900,1500,1200,24
Maharashtra,Pune,Pune(Moshi),Potato,Other,FAQ,04/06/2021,800,1000,900,24
Maharashtra,Pune,Pune(Moshi),Potato,Other,FAQ,14/06/2021,500,1000,750,24
Maharashtra,Pune,Pune(Moshi),Potato,Other,FAQ,17/06/2021,800,1000,900,24
Maharashtra,Pune,Pune(Moshi),Potato,Other,FAQ,18/06/2021,1000,1500,1250,24
Maharashtra,Pune,Pune(Moshi),Potato,Other,FAQ,19/06/2021,600,1500,1050,24
Maharashtra,Pune,Pune(Moshi),Potato,Other,FAQ,28/06/2021,600,1000,800,24
Maharashtra,Pune,Pune(Moshi),Potato,Other,FAQ,02/07/2021,700,1000,850,24
Maharashtra,Pune,Pune(Moshi),Potato,Other,FAQ,03/07/2021,700,1100,900,24
Maharashtra,Pune,Pune(Moshi),Potato,Other,FAQ,04/07/2021,600,1000,800,24
Maharashtra,Pune,Pune(Moshi),Potato,Other,FAQ,05/07/2021,800,1100,950,24
Maharashtra,Pune,Pune(Moshi),Potato,Other,FAQ,27/07/2021,700,900,800,24
Maharashtra,Pune,Pune(Moshi),Potato,Other,FAQ,31/07/2021,800,1000,900,24
Maharashtra,Pune,Pune(Moshi),Potato,Other,FAQ,24/08/2021,700,1000,850,24
Maharashtra,Pune,Pune(Moshi),Potato,Other,FAQ,29/08/2021,800,1200,1000,24
Maharashtra,Pune,Pune(Moshi),Potato,Other,FAQ,02/09/2021,600,1000,800,24
Maharashtra,Pune,Pune(Moshi),Potato,Other,FAQ,06/09/2021,700,1000,850,24
Maharashtra,Pune,Pune(Moshi),Potato,Other,FAQ,09/09/2021,700,1000,850,24
Maharashtra,Pune,Pune(Moshi),Potato,Other,FAQ,13/09/2021,700,1000,850,24
Maharashtra,Pune,Pune(Moshi),Potato,Other,FAQ,14/09/2021,800,1000,900,24
Maharashtra,Pune,Pune(Moshi),Potato,Other,FAQ,19/09/2021,700,900,800,24
Maharashtra,Pune,Pune(Moshi),Potato,Other,FAQ,27/09/2021,600,1000,800,24
Maharashtra,Pune,Pune(Moshi),Potato,Other,FAQ,30/09/2021,800,1000,900,24
Maharashtra,Pune,Pune(Moshi),Potato,Other,FAQ,01/10/2021,500,1000,750,24
Maharashtra,Pune,Pune(Moshi),Potato,Other,FAQ,03/10/2021,800,1000,900,24
Maharashtra,Pune,Pune(Moshi),Potato,Other,FAQ,08/10/2021,700,1000,850,24
Maharashtra,Pune,Pune(Moshi),Potato,Other,FAQ,10/10/2021,700,1100,900,24
Maharashtra,Pune,Pune(Moshi),Potato,Other,FAQ,12/10/2021,800,2000,1400,24
Maharashtra,Pune,Pune(Moshi),Potato,Other,FAQ,17/10/2021,1000,2000,1500,24
Maharashtra,Pune,Pune(Moshi),Potato,Other,FAQ,19/10/2021,1000,2000,1500,24
Maharashtra,Pune,Pune(Moshi),Potato,Other,FAQ,23/10/2021,800,1000,900,24
Maharashtra,Pune,Pune(Moshi),Potato,Other,FAQ,01/11/2021,800,1300,1050,24
Maharashtra,Pune,Pune(Moshi),Potato,Other,FAQ,20/11/2021,700,2000,1350,24
Maharashtra,Pune,Pune(Moshi),Potato,Other,FAQ,26/11/2021,700,2000,1350,24
Maharashtra,Pune,Pune(Moshi),Potato,Other,FAQ,30/11/2021,800,1200,1000,24
Maharashtra,Pune,Pune(Moshi),Potato,Other,FAQ,10/12/2021,800,1200,1000,24
Maharashtra,Pune,Pune(Moshi),Potato,Other,FAQ,19/12/2021,800,1500,1150,24
Maharashtra,Pune,Pune(Moshi),Potato,Other,FAQ,21/12/2021,600,1000,800,24
Maharashtra,Pune,Pune(Moshi),Potato,Other,FAQ,07/01/2022,700,1000,850,24
Maharashtra,Pune,Pune(Moshi),Potato,Other,FAQ,16/01/2022,800,1000,900,24
Maharashtra,Pune,Pune(Moshi),Potato,Other,FAQ,29/01/2022,800,1000,900,24
Maharashtra,Pune,Pune(Moshi),Potato,Other,FAQ,30/01/2022,700,1000,850,24
Maharashtra,Pune,Pune(Moshi),Potato,Other,FAQ,31/01/2022,400,1000,700,24
Maharashtra,Pune,Pune(Moshi),Potato,Other,FAQ,03/02/2022,800,1000,900,24
Maharashtra,Pune,Pune(Moshi),Potato,Other,FAQ,04/02/2022,700,1000,850,24
Maharashtra,Pune,Pune(Moshi),Potato,Other,FAQ,08/02/2022,400,1000,700,24
Maharashtra,Pune,Pune(Moshi),Potato,Other,FAQ,20/02/2022,800,1000,900,24
Maharashtra,Pune,Pune(Moshi),Potato,Other,FAQ,22/02/2022,800,1000,900,24
Maharashtra,Pune,Pune(Moshi),Potato,Other,FAQ,25/02/2022,400,1000,700,24
Maharashtra,Pune,Pune(Moshi),Potato,Other,FAQ,26/02/2022,900,1000,950,24
Maharashtra,Pune,Pune(Moshi),Potato,Other,FAQ,12/03/2022,500,1000,750,24
Maharashtra,Pune,Pune(Moshi),Potato,Other,FAQ,24/03/2022,600,1200,900,24
Maharashtra,Pune,Pune(Moshi),Potato,Other,FAQ,09/04/2022,800,1400,1100,24
Maharashtra,Pune,Pune(Moshi),Potato,Other,FAQ,17/04/2022,1000,1400,1200,24
Maharashtra,Pune,Pune(Moshi),Potato,Other,FAQ,26/04/2022,1000,1400,1200,24
Maharashtra,Pune,Pune(Moshi),Potato,Other,FAQ,30/04/2022,1000,1500,1250,24
Maharashtra,Pune,Pune(Moshi),Potato,Other,FAQ,03/05/2022,1100,1500,1300,24
Maharashtra,Pune,Pune(Moshi),Potato,Other,FAQ,10/05/2022,1000,1800,1400,24
Maharashtra,Pune,Pune(Moshi),Potato,Other,FAQ,12/05/2022,1100,1600,1350,24
Maharashtra,Pune,Pune(Moshi),Potato,Other,FAQ,15/05/2022,1000,1600,1300,24
Maharashtra,Pune,Pune(Moshi),Potato,Other,FAQ,17/05/2022,1000,1600,1300,24
Maharashtra,Pune,Pune(Moshi),Potato,Other,FAQ,22/05/2022,1000,1500,1250,24
Maharashtra,Pune,Pune(Moshi),Potato,Other,FAQ,23/05/2022,1300,1800,1550,24
Maharashtra,Pune,Pune(Moshi),Potato,Other,FAQ,29/05/2022,1000,1700,1350,24
Maharashtra,Pune,Pune(Moshi),Potato,Other,FAQ,05/06/2022,1200,1800,1500,24
Maharashtra,Pune,Pune(Moshi),Potato,Other,FAQ,11/06/2022,1400,1800,1600,24
Maharashtra,Pune,Pune(Moshi),Potato,Other,FAQ,13/06/2022,1000,2000,1500,24
Maharashtra,Pune,Pune(Moshi),Potato,Other,FAQ,18/06/2022,1200,1600,1400,24
Maharashtra,Pune,Pune(Moshi),Potato,Other,FAQ,27/06/2022,1000,1800,1400,24
Maharashtra,Pune,Pune(Moshi),Potato,Other,FAQ,04/07/2022,1600,1800,1700,24
Maharashtra,Pune,Pune(Moshi),Potato,Other,FAQ,10/07/2022,1500,2000,1750,24
Maharashtra,Pune,Pune(Moshi),Potato,Other,FAQ,12/07/2022,1700,1800,1750,24
Maharashtra,Pune,Pune(Moshi),Potato,Other,FAQ,24/07/2022,1500,1800,1650,24
Maharashtra,Pune,Pune(Moshi),Potato,Other,FAQ,04/08/2022,1600,1900,1750,24
Maharashtra,Pune,Pune(Moshi),Potato,Other,FAQ,05/08/2022,1200,1900,1550,24
Maharashtra,Pune,Pune(Moshi),Potato,Other,FAQ,12/08/2022,1700,1800,1750,24
Maharashtra,Pune,Pune(Moshi),Potato,Other,FAQ,14/08/2022,1400,1800,1600,24
Maharashtra,Pune,Pune(Moshi),Potato,Other,FAQ,25/08/2022,1500,1700,1600,24
Maharashtra,Pune,Pune(Moshi),Potato,Other,FAQ,17/09/2022,1500,1800,1650,24
Maharashtra,Pune,Pune(Moshi),Potato,Other,FAQ,22/09/2022,1500,1800,1650,24
Maharashtra,Pune,Pune(Moshi),Potato,Other,FAQ,04/10/2022,1500,1800,1650,24
Maharashtra,Pune,Pune(Moshi),Potato,Other,FAQ,08/10/2022,1600,1800,1700,24
Maharashtra,Pune,Pune(Moshi),Potato,Other,FAQ,23/10/2022,1400,1800,1600,24
Maharashtra,Pune,Pune(Moshi),Potato,Other,FAQ,04/11/2022,1000,2200,1600,24
Maharashtra,Pune,Pune(Moshi),Potato,Other,FAQ,24/11/2022,600,1600,1100,24
Maharashtra,Pune,Pune(Moshi),Potato,Other,FAQ,10/12/2022,800,1600,1200,24
Maharashtra,Pune,Pune(Moshi),Potato,Other,FAQ,19/12/2022,1200,2400,1800,24
Maharashtra,Pune,Pune(Moshi),Potato,Other,FAQ,20/12/2022,1100,1700,1400,24
Maharashtra,Pune,Pune(Moshi),Potato,Other,FAQ,23/12/2022,400,1500,950,24
Maharashtra,Pune,Pune(Moshi),Potato,Local,FAQ,13/06/2023,800,1800,1300,24
Maharashtra,Pune,Pune(Moshi),Potato,Local,FAQ,16/06/2023,800,1700,1250,24
Maharashtra,Pune,Pune(Moshi),Potato,Local,FAQ,20/06/2023,1000,1000,1000,24
Maharashtra,Pune,Pune(Moshi),Potato,Local,FAQ,24/06/2023,1000,1800,1400,24
Maharashtra,Pune,Pune(Moshi),Potato,Local,FAQ,27/06/2023,1000,1800,1400,24
Maharashtra,Pune,Pune(Moshi),Potato,Local,FAQ,10/07/2023,1000,1300,1150,24
Maharashtra,Pune,Pune(Moshi),Potato,Local,FAQ,13/07/2023,700,1300,1000,24
Maharashtra,Pune,Pune(Moshi),Potato,Local,FAQ,14/07/2023,1000,1800,1400,24
Maharashtra,Pune,Pune(Moshi),Potato,Local,FAQ,18/07/2023,700,1800,1250,24
Maharashtra,Pune,Pune(Moshi),Potato,Local,FAQ,24/07/2023,800,1700,1250,24
Maharashtra,Pune,Pune(Moshi),Potato,Local,FAQ,31/07/2023,700,1200,950,24
Maharashtra,Pune,Pune(Moshi),Potato,Local,FAQ,03/08/2023,800,1700,1250,24
Maharashtra,Pune,Pune(Moshi),Potato,Local,FAQ,07/08/2023,800,1000,900,24
Maharashtra,Pune,Pune(Moshi),Potato,Local,FAQ,17/08/2023,800,1300,1050,24
Maharashtra,Pune,Pune(Moshi),Potato,Local,FAQ,19/08/2023,800,1300,1050,24
Maharashtra,Pune,Pune(Moshi),Potato,Local,FAQ,21/08/2023,900,1700,1300,24
Maharashtra,Pune,Pune(Moshi),Potato,Local,FAQ,31/08/2023,800,1500,1150,24
Maharashtra,Pune,Pune(Moshi),Potato,Local,FAQ,01/09/2023,800,1200,1000,24
Maharashtra,Pune,Pune(Moshi),Potato,Local,FAQ,23/09/2023,1000,1500,1250,24
Maharashtra,Pune,Pune(Moshi),Potato,Local,FAQ,24/09/2023,800,1600,1200,24
Maharashtra,Pune,Pune(Moshi),Potato,Local,FAQ,26/09/2023,1000,1000,1000,24
Maharashtra,Pune,Pune(Moshi),Potato,Local,FAQ,28/09/2023,700,1600,1150,24
Maharashtra,Pune,Pune(Moshi),Potato,Local,FAQ,01/10/2023,800,1500,1150,24
Maharashtra,Pune,Pune(Moshi),Potato,Local,FAQ,13/10/2023,1000,1700,1350,24
Maharashtra,Pune,Pune(Moshi),Potato,Local,FAQ,14/10/2023,800,1300,1050,24
Maharashtra,Pune,Pune(Moshi),Potato,Local,FAQ,27/10/2023,1000,1000,1000,24
Maharashtra,Pune,Pune(Moshi),Potato,Local,FAQ,30/10/2023,800,1600,1200,24
Maharashtra,Pune,Pune(Moshi),Potato,Local,FAQ,31/10/2023,1200,1600,1400,24
Maharashtra,Pune,Pune(Moshi),Potato,Local,FAQ,02/11/2023,800,1200,1000,24
Maharashtra,Pune,Pune(Moshi),Potato,Local,FAQ,09/11/2023,800,1000,900,24
Maharashtra,Pune,Pune(Moshi),Potato,Local,FAQ,10/11/2023,700,1000,850,24
Maharashtra,Pune,Pune(Moshi),Potato,Local,FAQ,17/11/2023,800,1400,1100,24
Maharashtra,Pune,Pune(Moshi),Potato,Local,FAQ,20/11/2023,900,1500,1200,24
Maharashtra,Pune,Pune(Moshi),Potato,Local,FAQ,23/11/2023,800,1600,1200,24
Maharashtra,Pune,Pune(Moshi),Potato,Local,FAQ,28/11/2023,800,1600,1200,24
Maharashtra,Pune,Pune(Moshi),Potato,Local,FAQ,04/12/2023,900,1000,950,24
Maharashtra,Pune,Pune(Moshi),Potato,Local,FAQ,12/12/2023,800,1500,1150,24
Maharashtra,Pune,Pune(Moshi),Potato,Local,FAQ,18/12/2023,300,1400,850,24
Maharashtra,Pune,Pune(Moshi),Potato,Local,FAQ,24/12/2023,700,1200,950,24
Maharashtra,Pune,Pune(Moshi),Potato,Local,FAQ,25/12/2023,700,1500,1100,24
Maharashtra,Pune,Pune(Moshi),Potato,Local,FAQ,28/12/2023,800,1600,1200,24
Maharashtra,Pune,Pune(Moshi),Potato,Local,FAQ,29/12/2023,400,1400,900,24
Maharashtra,Pune,Pune(Moshi),Potato,Local,FAQ,30/12/2023,400,1300,850,24
Maharashtra,Pune,Pune(Moshi),Potato,Other,FAQ,07/01/2023,600,1600,1100,24
Maharashtra,Pune,Pune(Moshi),Potato,Other,FAQ,28/01/2023,300,1200,750,24
Maharashtra,Pune,Pune(Moshi),Potato,Other,FAQ,06/02/2023,400,1200,800,24
Maharashtra,Pune,Pune(Moshi),Potato,Other,FAQ,07/02/2023,400,1000,700,24
Maharashtra,Pune,Pune(Moshi),Potato,Other,FAQ,09/02/2023,300,1000,650,24
Maharashtra,Pune,Pune(Moshi),Potato,Other,FAQ,10/02/2023,300,1000,650,24
Maharashtra,Pune,Pune(Moshi),Potato,Other,FAQ,14/02/2023,300,1100,700,24
Maharashtra,Pune,Pune(Moshi),Potato,Other,FAQ,05/03/2023,300,800,550,24
Maharashtra,Pune,Pune(Moshi),Potato,Other,FAQ,06/03/2023,800,1000,900,24
Maharashtra,Pune,Pune(Moshi),Potato,Other,FAQ,11/03/2023,300,900,600,24
Maharashtra,Pune,Pune(Moshi),Potato,Other,FAQ,18/03/2023,700,1000,850,24
Maharashtra,Pune,Pune(Moshi),Potato,Other,FAQ,19/03/2023,300,800,550,24
Maharashtra,Pune,Pune(Moshi),Potato,Other,FAQ,27/03/2023,500,1000,750,24
Maharashtra,Pune,Pune(Moshi),Potato,Other,FAQ,31/03/2023,300,800,550,24
Maharashtra,Pune,Pune(Moshi),Potato,Other,FAQ,03/04/2023,300,1000,650,24
Maharashtra,Pune,Pune(Moshi),Potato,Other,FAQ,09/04/2023,500,1000,750,24
Maharashtra,Pune,Pune(Moshi),Potato,Other,FAQ,16/04/2023,700,1000,850,24
Maharashtra,Pune,Pune(Moshi),Potato,Other,FAQ,17/04/2023,400,1000,700,24
Maharashtra,Pune,Pune(Moshi),Potato,Other,FAQ,27/04/2023,500,1000,750,24
Maharashtra,Pune,Pune(Moshi),Potato,Other,FAQ,02/05/2023,600,1000,800,24
Maharashtra,Pune,Pune(Moshi),Potato,Other,FAQ,15/05/2023,1000,1000,1000,24
Maharashtra,Pune,Pune(Moshi),Potato,Other,FAQ,22/05/2023,1200,1600,1400,24
Maharashtra,Pune,Pune(Moshi),Potato,Local,FAQ,31/10/2024,1500,2000,1750,24
Maharashtra,Pune,Pune(Moshi),Potato,Local,FAQ,11/10/2024,1800,2500,2150,24
Maharashtra,Pune,Pune(Moshi),Potato,Local,FAQ,25/10/2024,1800,2200,2000,24
Maharashtra,Pune,Pune(Moshi),Potato,Local,FAQ,28/10/2024,2500,2500,2500,24
Maharashtra,Pune,Pune(Moshi),Potato,Local,FAQ,08/06/2024,1600,2000,1800,24
Maharashtra,Pune,Pune(Moshi),Potato,Local,FAQ,13/06/2024,1500,1800,1650,24
Maharashtra,Pune,Pune(Moshi),Potato,Local,FAQ,23/06/2024,1800,2200,2000,24
Maharashtra,Pune,Pune(Moshi),Potato,Local,FAQ,03/05/2024,1500,1600,1550,24
Maharashtra,Pune,Pune(Moshi),Potato,Local,FAQ,04/05/2024,1800,2300,2050,24
Maharashtra,Pune,Pune(Moshi),Potato,Local,FAQ,17/05/2024,1000,2000,1500,24
Maharashtra,Pune,Pune(Moshi),Potato,Local,FAQ,28/05/2024,1800,1800,1800,24
Maharashtra,Pune,Pune(Moshi),Potato,Local,FAQ,19/05/2024,1400,2200,1800,24
Maharashtra,Pune,Pune(Moshi),Potato,Local,FAQ,30/05/2024,1300,2500,1900,24
Maharashtra,Pune,Pune(Moshi),Potato,Local,FAQ,09/07/2024,2600,3000,2800,24
Maharashtra,Pune,Pune(Moshi),Potato,Local,FAQ,13/07/2024,2000,3000,2500,24
Maharashtra,Pune,Pune(Moshi),Potato,Local,FAQ,25/07/2024,2000,2800,2400,24
Maharashtra,Pune,Pune(Moshi),Potato,Local,FAQ,28/07/2024,2200,2600,2400,24
Maharashtra,Pune,Pune(Moshi),Potato,Local,FAQ,30/07/2024,2300,3000,2650,24
Maharashtra,Pune,Pune(Moshi),Potato,Local,FAQ,01/06/2024,1400,2200,1800,24
Maharashtra,Pune,Pune(Moshi),Potato,Local,FAQ,10/06/2024,2000,2200,2100,24
Maharashtra,Pune,Pune(Moshi),Potato,Local,FAQ,21/06/2024,1800,2200,2000,24
Maharashtra,Pune,Pune(Moshi),Potato,Local,FAQ,03/01/2025,800,1600,1200,24
Maharashtra,Pune,Pune(Moshi),Potato,Local,FAQ,04/01/2025,700,1600,1150,24
Maharashtra,Pune,Pune(Moshi),Potato,Local,FAQ,13/01/2025,400,1600,1000,24
Maharashtra,Pune,Pune(Moshi),Potato,Local,FAQ,14/01/2025,500,1400,950,24
Maharashtra,Pune,Pune(Moshi),Potato,Local,Local,27/01/2025,1200,1500,1350,24
Maharashtra,Pune,Pune(Moshi),Potato,Local,Local,30/01/2025,600,2200,1400,24
Maharashtra,Pune,Pune(Moshi),Potato,Local,FAQ,02/12/2024,2000,2400,2200,24
Maharashtra,Pune,Pune(Moshi),Potato,Local,FAQ,05/12/2024,2000,2800,2400,24
Maharashtra,Pune,Pune(Moshi),Potato,Local,FAQ,07/12/2024,2000,3000,2500,24
Maharashtra,Pune,Pune(Moshi),Potato,Local,FAQ,14/12/2024,1000,2100,1550,24
Maharashtra,Pune,Pune(Moshi),Potato,Local,FAQ,28/12/2024,700,1200,950,24
Maharashtra,Pune,Pune(Moshi),Potato,Local,FAQ,05/11/2024,2000,2200,2100,24
Maharashtra,Pune,Pune(Moshi),Potato,Local,FAQ,08/11/2024,2000,2500,2250,24
Maharashtra,Pune,Pune(Moshi),Potato,Local,FAQ,15/11/2024,2200,2500,2350,24
Maharashtra,Pune,Pune(Moshi),Potato,Local,FAQ,14/11/2024,2000,2800,2400,24
Maharashtra,Pune,Pune(Moshi),Potato,Local,Local,03/04/2025,800,1600,1200,24
Maharashtra,Pune,Pune(Moshi),Potato,Local,Local,04/04/2025,1000,1600,1300,24
Maharashtra,Pune,Pune(Moshi),Potato,Local,Local,07/04/2025,800,1300,1050,24
Maharashtra,Pune,Pune(Moshi),Potato,Local,Local,13/04/2025,1000,1600,1300,24
Maharashtra,Pune,Pune(Moshi),Potato,Local,Local,15/04/2025,1000,1200,1100,24
Maharashtra,Pune,Pune(Moshi),Potato,Local,Local,29/04/2025,1200,1300,1250,24
Maharashtra,Pune,Pune(Moshi),Potato,Local,Local,16/05/2025,1400,1600,1500,24
Maharashtra,Pune,Pune(Moshi),Potato,Local,Local,17/05/2025,1400,1800,1600,24
Maharashtra,Pune,Pune(Moshi),Potato,Local,Local,20/05/2025,1000,1600,1300,24
Maharashtra,Pune,Pune(Moshi),Potato,Local,Local,26/05/2025,900,1600,1250,24
Maharashtra,Pune,Pune(Moshi),Potato,Local,Local,27/05/2025,1200,1400,1300,24
Maharashtra,Pune,Pune(Moshi),Potato,Local,FAQ,01/08/2024,2000,2800,2400,24
Maharashtra,Pune,Pune(Moshi),Potato,Local,FAQ,02/08/2024,2000,2800,2400,24
Maharashtra,Pune,Pune(Moshi),Potato,Local,FAQ,04/08/2024,2200,2600,2400,24
Maharashtra,Pune,Pune(Moshi),Potato,Local,FAQ,22/08/2024,2600,3200,2900,24
Maharashtra,Pune,Pune(Moshi),Potato,Local,FAQ,25/08/2024,2000,2500,2250,24
Maharashtra,Pune,Pune(Moshi),Potato,Local,FAQ,27/08/2024,2200,2600,2400,24
Maharashtra,Pune,Pune(Moshi),Potato,Local,Local,01/02/2025,300,1300,800,24
Maharashtra,Pune,Pune(Moshi),Potato,Local,Local,02/02/2025,500,1000,750,24
Maharashtra,Pune,Pune(Moshi),Potato,Local,Local,04/02/2025,500,1500,1000,24
Maharashtra,Pune,Pune(Moshi),Potato,Local,Local,14/02/2025,400,1600,1000,24
Maharashtra,Pune,Pune(Moshi),Potato,Local,Local,20/02/2025,700,1600,1150,24
Maharashtra,Pune,Pune(Moshi),Potato,Local,FAQ,16/09/2024,2000,2500,2250,24
Maharashtra,Pune,Pune(Moshi),Potato,Local,FAQ,30/09/2024,1800,2400,2100,24
Maharashtra,Pune,Pune(Moshi),Potato,Local,FAQ,21/09/2024,1800,2200,2000,24
Maharashtra,Pune,Pune(Moshi),Potato,Local,FAQ,13/09/2024,2200,2300,2250,24
Maharashtra,Pune,Pune(Moshi),Potato,Local,FAQ,17/09/2024,2000,2400,2200,24
Maharashtra,Pune,Pune(Moshi),Potato,Local,FAQ,08/01/2024,700,1500,1100,24
Maharashtra,Pune,Pune(Moshi),Potato,Local,FAQ,09/01/2024,1000,1200,1100,24
Maharashtra,Pune,Pune(Moshi),Potato,Local,FAQ,21/01/2024,400,1000,700,24
Maharashtra,Pune,Pune(Moshi),Potato,Local,FAQ,30/01/2024,500,1000,750,24
Maharashtra,Pune,Pune(Moshi),Potato,Local,FAQ,17/02/2024,500,1400,950,24
Maharashtra,Pune,Pune(Moshi),Potato,Local,FAQ,24/02/2024,800,1400,1100,24
Maharashtra,Pune,Pune(Moshi),Potato,Local,FAQ,26/02/2024,1300,1700,1500,24
Maharashtra,Pune,Pune(Moshi),Potato,Local,FAQ,04/03/2024,1000,1200,1100,24
Maharashtra,Pune,Pune(Moshi),Potato,Local,FAQ,12/03/2024,1200,1800,1500,24
Maharashtra,Pune,Pune(Moshi),Potato,Local,FAQ,14/03/2024,1000,1500,1250,24
Maharashtra,Pune,Pune(Moshi),Potato,Local,FAQ,16/03/2024,1100,1400,1250,24
Maharashtra,Pune,Pune(Moshi),Potato,Local,FAQ,23/03/2024,1200,1500,1350,24
Maharashtra,Pune,Pune(Moshi),Potato,Local,FAQ,28/03/2024,1000,1500,1250,24
Maharashtra,Pune,Pune(Moshi),Potato,Local,FAQ,30/03/2024,1000,1500,1250,24
Maharashtra,Pune,Pune(Moshi),Potato,Local,FAQ,01/04/2024,1000,2200,1600,24
Maharashtra,Pune,Pune(Moshi),Potato,Local,FAQ,02/04/2024,1500,2000,1750,24
Maharashtra,Pune,Pune(Moshi),Potato,Local,FAQ,08/04/2024,1500,2200,1850,24
Maharashtra,Pune,Pune(Moshi),Potato,Local,FAQ,15/04/2024,1200,2000,1600,24
Maharashtra,Pune,Pune(Moshi),Potato,Local,FAQ,19/04/2024,1000,2000,1500,24
Maharashtra,Pune,Pune(Moshi),Potato,Local,Local,01/03/2025,700,1600,1150,24
Maharashtra,Pune,Pune(Moshi),Potato,Local,Local,06/03/2025,1200,1600,1400,24
Maharashtra,Pune,Pune(Moshi),Potato,Local,Local,22/03/2025,1000,1600,1300,24
Maharashtra,Pune,Pune(Moshi),Potato,Local,Local,23/03/2025,1000,1400,1200,24
Maharashtra,Pune,Pune(Moshi),Potato,Local,Local,10/07/2025,1300,1500,1400,24
Maharashtra,Pune,Pune(Moshi),Potato,Local,Local,13/07/2025,1400,1800,1600,24
Maharashtra,Pune,Pune(Moshi),Potato,Local,Local,05/07/2025,1300,1800,1550,24
Maharashtra,Pune,Pune(Moshi),Potato,Local,Local,06/07/2025,1000,1600,1300,24
Maharashtra,Pune,Pune(Moshi),Potato,Local,Local,24/07/2025,700,1600,1150,24
Maharashtra,Pune,Pune(Moshi),Potato,Local,Local,08/06/2025,1400,1600,1500,24
Maharashtra,Pune,Pune(Moshi),Potato,Local,Local,09/06/2025,1400,1800,1600,24
Maharashtra,Pune,Pune(Moshi),Potato,Local,Local,10/06/2025,1200,1800,1500,24
Maharashtra,Pune,Pune(Moshi),Potato,Local,Local,14/06/2025,1200,1500,1350,24
Maharashtra,Pune,Pune(Moshi),Potato,Local,Local,17/06/2025,1300,1400,1350,24
Maharashtra,Pune,Pune(Moshi),Potato,Local,Local,19/06/2025,1200,1400,1300,24
Maharashtra,Pune,Pune(Moshi),Potato,Local,Local,21/06/2025,1200,1400,1300,24
Maharashtra,Pune,Pune(Moshi),Potato,Local,Local,28/06/2025,1500,1700,1600,24
Maharashtra,Pune,Pune(Moshi),Potato,Local,Local,04/09/2025,1200,1500,1350,24
Maharashtra,Pune,Pune(Moshi),Potato,Local,Local,11/09/2025,1300,1700,1500,24
Maharashtra,Pune,Pune(Moshi),Potato,Local,Local,23/09/2025,1300,1600,1450,24
Maharashtra,Pune,Pune(Moshi),Potato,Local,Local,26/09/2025,1400,1600,1500,24
Maharashtra,Pune,Pune(Moshi),Potato,Local,Local,17/08/2025,1200,1700,1450,24
Maharashtra,Pune,Pune(Moshi),Potato,Local,Local,05/10/2025,1400,1600,1500,24
Maharashtra,Pune,Pune(Moshi),Potato,Local,Local,31/10/2025,1300,1600,1450,24
Maharashtra,Pune,Pune(Moshi),Potato,Local,Local,04/11/2025,1600,2000,1800,24
Maharashtra,Pune,Pune(Moshi),Potato,Local,Local,06/10/2025,1400,1600,1500,24
Maharashtra,Pune,Pune(Moshi),Potato,Local,Local,28/10/2025,1700,2000,1850,24
Maharashtra,Pune,Pune(Moshi),Potato,Other,FAQ,27/02/2021,400,1000,700,24
Maharashtra,Pune,Pune(Moshi),Potato,Other,FAQ,28/02/2021,300,1000,650,24
Maharashtra,Pune,Pune(Moshi),Potato,Other,FAQ,07/03/2021,300,1100,700,24
Maharashtra,Pune,Pune(Moshi),Potato,Other,FAQ,13/03/2021,200,800,500,24
Maharashtra,Pune,Pune(Moshi),Potato,Other,FAQ,22/03/2021,400,800,600,24
Maharashtra,Pune,Pune(Moshi),Potato,Other,FAQ,26/03/2021,400,1000,700,24
Maharashtra,Pune,Pune(Moshi),Potato,Other,FAQ,02/04/2021,600,1200,900,24
Maharashtra,Pune,Pune(Moshi),Potato,Other,FAQ,06/04/2021,700,1200,950,24
Maharashtra,Pune,Pune(Moshi),Potato,Other,FAQ,06/05/2021,700,1000,850,24
Maharashtra,Pune,Pune(Moshi),Potato,Other,FAQ,07/05/2021,600,1000,800,24
Maharashtra,Pune,Pune(Moshi),Potato,Other,FAQ,18/05/2021,700,1000,850,24
Maharashtra,Pune,Pune(Moshi),Potato,Other,FAQ,26/05/2021,900,1000,950,24
Maharashtra,Pune,Pune(Moshi),Potato,Other,FAQ,11/06/2021,700,1000,850,24
Maharashtra,Pune,Pune(Moshi),Potato,Other,FAQ,21/06/2021,700,1100,900,24
Maharashtra,Pune,Pune(Moshi),Potato,Other,FAQ,26/06/2021,900,1500,1200,24
Maharashtra,Pune,Pune(Moshi),Potato,Other,FAQ,27/06/2021,900,1500,1200,24
Maharashtra,Pune,Pune(Moshi),Potato,Other,FAQ,17/07/2021,700,1000,850,24
Maharashtra,Pune,Pune(Moshi),Potato,Other,FAQ,19/07/2021,700,1000,850,24
Maharashtra,Pune,Pune(Moshi),Potato,Other,FAQ,25/07/2021,700,1000,850,24
Maharashtra,Pune,Pune(Moshi),Potato,Other,FAQ,29/07/2021,600,1000,800,24
Maharashtra,Pune,Pune(Moshi),Potato,Other,FAQ,02/08/2021,700,1500,1100,24
Maharashtra,Pune,Pune(Moshi),Potato,Other,FAQ,16/08/2021,800,1000,900,24
Maharashtra,Pune,Pune(Moshi),Potato,Other,FAQ,17/08/2021,700,800,750,24
Maharashtra,Pune,Pune(Moshi),Potato,Other,FAQ,21/08/2021,500,900,700,24
Maharashtra,Pune,Pune(Moshi),Potato,Other,FAQ,22/08/2021,600,1100,850,24
Maharashtra,Pune,Pune(Moshi),Potato,Other,FAQ,27/08/2021,700,900,800,24
Maharashtra,Pune,Pune(Moshi),Potato,Other,FAQ,03/09/2021,700,1000,850,24
Maharashtra,Pune,Pune(Moshi),Potato,Other,FAQ,04/09/2021,800,1000,900,24
Maharashtra,Pune,Pune(Moshi),Potato,Other,FAQ,23/09/2021,500,1100,800,24
Maharashtra,Pune,Pune(Moshi),Potato,Other,FAQ,24/09/2021,600,1500,1050,24
Maharashtra,Pune,Pune(Moshi),Potato,Other,FAQ,28/09/2021,700,1000,850,24
Maharashtra,Pune,Pune(Moshi),Potato,Other,FAQ,05/10/2021,600,1500,1050,24
Maharashtra,Pune,Pune(Moshi),Potato,Other,FAQ,15/10/2021,800,1000,900,24
Maharashtra,Pune,Pune(Moshi),Potato,Other,FAQ,28/10/2021,900,1100,1000,24
Maharashtra,Pune,Pune(Moshi),Potato,Other,FAQ,30/10/2021,1300,1500,1400,24
Maharashtra,Pune,Pune(Moshi),Potato,Other,FAQ,05/11/2021,1500,1500,1500,24
Maharashtra,Pune,Pune(Moshi),Potato,Other,FAQ,13/11/2021,900,1500,1200,24
Maharashtra,Pune,Pune(Moshi),Potato,Other,FAQ,14/11/2021,1000,1500,1250,24
Maharashtra,Pune,Pune(Moshi),Potato,Other,FAQ,02/12/2021,500,1600,1050,24
Maharashtra,Pune,Pune(Moshi),Potato,Other,FAQ,04/12/2021,800,1100,950,24
Maharashtra,Pune,Pune(Moshi),Potato,Other,FAQ,07/12/2021,600,1200,900,24
Maharashtra,Pune,Pune(Moshi),Potato,Other,FAQ,17/12/2021,800,1000,900,24
Maharashtra,Pune,Pune(Moshi),Potato,Other,FAQ,18/12/2021,700,1500,1100,24
Maharashtra,Pune,Pune(Moshi),Potato,Other,FAQ,26/12/2021,300,1000,650,24
Maharashtra,Pune,Pune(Moshi),Potato,Local,FAQ,03/12/2024,1600,2600,2100,24
Maharashtra,Pune,Pune(Moshi),Potato,Local,FAQ,06/12/2024,2200,2600,2400,24
Maharashtra,Pune,Pune(Moshi),Potato,Local,FAQ,09/12/2024,1000,3000,2000,24
Maharashtra,Pune,Pune(Moshi),Potato,Local,FAQ,13/12/2024,1000,2000,1500,24
Maharashtra,Pune,Pune(Moshi),Potato,Local,FAQ,21/12/2024,1000,2000,1500,24
Maharashtra,Pune,Pune(Moshi),Potato,Local,FAQ,23/12/2024,800,2000,1400,24
Maharashtra,Pune,Pune(Moshi),Potato,Local,FAQ,24/12/2024,700,2000,1350,24
Maharashtra,Pune,Pune(Moshi),Potato,Local,FAQ,27/12/2024,800,2000,1400,24
Maharashtra,Pune,Pune(Moshi),Potato,Local,FAQ,07/05/2024,1400,2300,1850,24
Maharashtra,Pune,Pune(Moshi),Potato,Local,FAQ,09/05/2024,1300,2000,1650,24
Maharashtra,Pune,Pune(Moshi),Potato,Local,FAQ,11/05/2024,1300,2000,1650,24
Maharashtra,Pune,Pune(Moshi),Potato,Local,FAQ,23/05/2024,1300,2000,1650,24
Maharashtra,Pune,Pune(Moshi),Potato,Local,FAQ,25/05/2024,1600,2000,1800,24
Maharashtra,Pune,Pune(Moshi),Potato,Local,FAQ,02/06/2024,1400,2000,1700,24
Maharashtra,Pune,Pune(Moshi),Potato,Local,FAQ,04/06/2024,1800,2200,2000,24
Maharashtra,Pune,Pune(Moshi),Potato,Local,FAQ,07/06/2024,1400,2300,1850,24
Maharashtra,Pune,Pune(Moshi),Potato,Local,FAQ,14/06/2024,1600,2000,1800,24
Maharashtra,Pune,Pune(Moshi),Potato,Local,FAQ,15/06/2024,1600,2400,2000,24
Maharashtra,Pune,Pune(Moshi),Potato,Local,FAQ,24/06/2024,1800,2200,2000,24
Maharashtra,Pune,Pune(Moshi),Potato,Local,FAQ,29/06/2024,1800,2400,2100,24
Maharashtra,Pune,Pune(Moshi),Potato,Other,FAQ,27/06/2024,1600,2500,2050,24
Maharashtra,Pune,Pune(Moshi),Potato,Local,FAQ,05/07/2024,1500,2800,2150,24
Maharashtra,Pune,Pune(Moshi),Potato,Local,FAQ,06/07/2024,1800,2800,2300,24
Maharashtra,Pune,Pune(Moshi),Potato,Local,FAQ,07/07/2024,2200,2700,2450,24
Maharashtra,Pune,Pune(Moshi),Potato,Local,FAQ,08/07/2024,2000,3000,2500,24
Maharashtra,Pune,Pune(Moshi),Potato,Local,FAQ,14/07/2024,2300,2600,2450,24
Maharashtra,Pune,Pune(Moshi),Potato,Local,FAQ,15/07/2024,1800,2500,2300,24
Maharashtra,Pune,Pune(Moshi),Potato,Local,FAQ,18/07/2024,2000,2600,2300,24
Maharashtra,Pune,Pune(Moshi),Potato,Local,FAQ,21/07/2024,2200,2700,2450,24
Maharashtra,Pune,Pune(Moshi),Potato,Local,FAQ,23/07/2024,2200,3000,2600,24
Maharashtra,Pune,Pune(Moshi),Potato,Local,FAQ,06/01/2024,700,1200,950,24
Maharashtra,Pune,Pune(Moshi),Potato,Local,FAQ,07/01/2024,700,1600,1150,24
Maharashtra,Pune,Pune(Moshi),Potato,Local,FAQ,12/01/2024,800,1500,1150,24
Maharashtra,Pune,Pune(Moshi),Potato,Local,FAQ,13/01/2024,1000,1300,1150,24
Maharashtra,Pune,Pune(Moshi),Potato,Local,FAQ,19/01/2024,500,1000,750,24
Maharashtra,Pune,Pune(Moshi),Potato,Local,FAQ,22/01/2024,300,1000,650,24
Maharashtra,Pune,Pune(Moshi),Potato,Local,FAQ,23/01/2024,800,1200,1000,24
Maharashtra,Pune,Pune(Moshi),Potato,Local,FAQ,05/02/2024,800,1300,1050,24
Maharashtra,Pune,Pune(Moshi),Potato,Local,FAQ,15/02/2024,1000,1600,1300,24
Maharashtra,Pune,Pune(Moshi),Potato,Local,FAQ,05/03/2024,700,1200,950,24
Maharashtra,Pune,Pune(Moshi),Potato,Local,FAQ,15/03/2024,1100,1700,1400,24
Maharashtra,Pune,Pune(Moshi),Potato,Local,FAQ,17/03/2024,1000,1400,1200,24
Maharashtra,Pune,Pune(Moshi),Potato,Local,FAQ,29/03/2024,1600,2000,1800,24
Maharashtra,Pune,Pune(Moshi),Potato,Local,FAQ,22/04/2024,1800,2100,1950,24
Maharashtra,Pune,Pune(Moshi),Potato,Local,FAQ,25/04/2024,1200,2300,1750,24
Maharashtra,Pune,Pune(Moshi),Potato,Local,FAQ,02/11/2024,2500,3000,2750,24
Maharashtra,Pune,Pune(Moshi),Potato,Local,FAQ,17/11/2024,2000,2500,2250,24
Maharashtra,Pune,Pune(Moshi),Potato,Local,FAQ,21/11/2024,1600,2800,2200,24
Maharashtra,Pune,Pune(Moshi),Potato,Local,FAQ,22/11/2024,2000,2600,2300,24
Maharashtra,Pune,Pune(Moshi),Potato,Local,FAQ,03/06/2023,900,1800,1350,24
Maharashtra,Pune,Pune(Moshi),Potato,Local,FAQ,11/06/2023,800,1700,1250,24
Maharashtra,Pune,Pune(Moshi),Potato,Local,FAQ,17/06/2023,800,1000,900,24
Maharashtra,Pune,Pune(Moshi),Potato,Local,FAQ,22/06/2023,600,1200,900,24
Maharashtra,Pune,Pune(Moshi),Potato,Local,FAQ,26/06/2023,800,1800,1300,24
Maharashtra,Pune,Pune(Moshi),Potato,Local,FAQ,01/07/2023,800,1200,1000,24
Maharashtra,Pune,Pune(Moshi),Potato,Local,FAQ,11/07/2023,800,1800,1300,24
Maharashtra,Pune,Pune(Moshi),Potato,Local,FAQ,15/07/2023,700,1200,950,24
Maharashtra,Pune,Pune(Moshi),Potato,Local,FAQ,22/07/2023,800,1700,1250,24
Maharashtra,Pune,Pune(Moshi),Potato,Local,FAQ,01/08/2023,800,1700,1250,24
Maharashtra,Pune,Pune(Moshi),Potato,Local,FAQ,05/08/2023,800,1200,1000,24
Maharashtra,Pune,Pune(Moshi),Potato,Local,FAQ,11/08/2023,700,1000,850,24
Maharashtra,Pune,Pune(Moshi),Potato,Local,FAQ,24/08/2023,800,1200,1000,24
Maharashtra,Pune,Pune(Moshi),Potato,Local,FAQ,25/08/2023,1000,2200,1600,24
Maharashtra,Pune,Pune(Moshi),Potato,Local,FAQ,27/08/2023,800,1700,1250,24
Maharashtra,Pune,Pune(Moshi),Potato,Local,FAQ,29/08/2023,1000,1000,1000,24
Maharashtra,Pune,Pune(Moshi),Potato,Local,FAQ,03/09/2023,1000,1200,1100,24
Maharashtra,Pune,Pune(Moshi),Potato,Local,FAQ,04/09/2023,900,1100,1000,24
Maharashtra,Pune,Pune(Moshi),Potato,Local,FAQ,10/09/2023,800,1600,1200,24
Maharashtra,Pune,Pune(Moshi),Potato,Local,FAQ,12/09/2023,800,1600,1200,24
Maharashtra,Pune,Pune(Moshi),Potato,Local,FAQ,16/09/2023,800,1300,1050,24
Maharashtra,Pune,Pune(Moshi),Potato,Local,FAQ,19/09/2023,1000,1000,1000,24
Maharashtra,Pune,Pune(Moshi),Potato,Local,FAQ,21/09/2023,800,1600,1200,24
Maharashtra,Pune,Pune(Moshi),Potato,Local,FAQ,03/10/2023,1000,1200,1100,24
Maharashtra,Pune,Pune(Moshi),Potato,Local,FAQ,07/10/2023,800,1600,1200,24
Maharashtra,Pune,Pune(Moshi),Potato,Local,FAQ,15/10/2023,600,1600,1100,24
Maharashtra,Pune,Pune(Moshi),Potato,Local,FAQ,16/10/2023,1000,1000,1000,24
Maharashtra,Pune,Pune(Moshi),Potato,Local,FAQ,19/10/2023,800,1600,1200,24
Maharashtra,Pune,Pune(Moshi),Potato,Local,FAQ,21/10/2023,800,1000,900,24
Maharashtra,Pune,Pune(Moshi),Potato,Local,FAQ,22/10/2023,1000,1300,1150,24
Maharashtra,Pune,Pune(Moshi),Potato,Local,FAQ,07/11/2023,800,1200,1000,24
Maharashtra,Pune,Pune(Moshi),Potato,Local,FAQ,24/11/2023,1000,1200,1100,24
Maharashtra,Pune,Pune(Moshi),Potato,Local,FAQ,17/12/2023,500,1100,800,24
Maharashtra,Pune,Pune(Moshi),Potato,Other,FAQ,01/01/2023,400,1800,1100,24
Maharashtra,Pune,Pune(Moshi),Potato,Other,FAQ,14/01/2023,800,1500,1150,24
Maharashtra,Pune,Pune(Moshi),Potato,Other,FAQ,15/01/2023,800,1200,1000,24
Maharashtra,Pune,Pune(Moshi),Potato,Other,FAQ,17/01/2023,800,1400,1100,24
Maharashtra,Pune,Pune(Moshi),Potato,Other,FAQ,20/01/2023,1000,1300,1150,24
Maharashtra,Pune,Pune(Moshi),Potato,Other,FAQ,02/02/2023,400,1000,700,24
Maharashtra,Pune,Pune(Moshi),Potato,Other,FAQ,11/02/2023,300,1000,650,24
Maharashtra,Pune,Pune(Moshi),Potato,Other,FAQ,12/02/2023,300,1000,650,24
Maharashtra,Pune,Pune(Moshi),Potato,Other,FAQ,13/02/2023,300,1000,650,24
Maharashtra,Pune,Pune(Moshi),Potato,Other,FAQ,16/02/2023,300,1000,650,24
Maharashtra,Pune,Pune(Moshi),Potato,Other,FAQ,19/02/2023,700,1000,850,24
Maharashtra,Pune,Pune(Moshi),Potato,Other,FAQ,28/02/2023,300,1000,650,24
Maharashtra,Pune,Pune(Moshi),Potato,Other,FAQ,23/03/2023,700,1000,850,24
Maharashtra,Pune,Pune(Moshi),Potato,Other,FAQ,25/03/2023,300,1000,650,24
Maharashtra,Pune,Pune(Moshi),Potato,Other,FAQ,26/03/2023,300,800,550,24
Maharashtra,Pune,Pune(Moshi),Potato,Other,FAQ,01/04/2023,700,1000,850,24
Maharashtra,Pune,Pune(Moshi),Potato,Other,FAQ,08/04/2023,800,1200,1000,24
Maharashtra,Pune,Pune(Moshi),Potato,Other,FAQ,10/04/2023,600,1000,800,24
Maharashtra,Pune,Pune(Moshi),Potato,Other,FAQ,14/04/2023,800,1200,1000,24
Maharashtra,Pune,Pune(Moshi),Potato,Other,FAQ,21/04/2023,800,1000,900,24
Maharashtra,Pune,Pune(Moshi),Potato,Other,FAQ,25/04/2023,800,1000,900,24
Maharashtra,Pune,Pune(Moshi),Potato,Other,FAQ,30/04/2023,1000,1100,1050,24
Maharashtra,Pune,Pune(Moshi),Potato,Other,FAQ,08/05/2023,800,1500,1150,24
Maharashtra,Pune,Pune(Moshi),Potato,Other,FAQ,09/05/2023,1000,1200,1100,24
Maharashtra,Pune,Pune(Moshi),Potato,Other,FAQ,16/05/2023,1000,1600,1300,24
Maharashtra,Pune,Pune(Moshi),Potato,Local,FAQ,10/08/2024,2500,3000,2750,24
Maharashtra,Pune,Pune(Moshi),Potato,Local,FAQ,12/08/2024,2800,3000,2900,24
Maharashtra,Pune,Pune(Moshi),Potato,Local,FAQ,23/08/2024,2000,2600,2300,24
Maharashtra,Pune,Pune(Moshi),Potato,Local,FAQ,26/08/2024,2200,2600,2400,24
Maharashtra,Pune,Pune(Moshi),Potato,Local,FAQ,03/10/2024,1800,2800,2300,24
Maharashtra,Pune,Pune(Moshi),Potato,Local,FAQ,17/10/2024,1500,2400,1950,24
Maharashtra,Pune,Pune(Moshi),Potato,Local,FAQ,29/10/2024,2000,2000,2000,24
Maharashtra,Pune,Pune(Moshi),Potato,Local,FAQ,22/10/2024,2000,2400,2200,24
Maharashtra,Pune,Pune(Moshi),Potato,Local,FAQ,14/10/2024,2000,2400,2200,24
Maharashtra,Pune,Pune(Moshi),Potato,Local,FAQ,10/10/2024,2000,2800,2400,24
Maharashtra,Pune,Pune(Moshi),Potato,Local,FAQ,01/10/2024,2000,3000,2500,24
Maharashtra,Pune,Pune(Moshi),Potato,Local,FAQ,06/10/2024,2000,2400,2200,24
Maharashtra,Pune,Pune(Moshi),Potato,Local,FAQ,03/09/2024,2400,2400,2400,24
Maharashtra,Pune,Pune(Moshi),Potato,Local,FAQ,07/09/2024,2000,2400,2200,24
Maharashtra,Pune,Pune(Moshi),Potato,Local,FAQ,28/09/2024,2400,2600,2500,24
Maharashtra,Pune,Pune(Moshi),Potato,Local,FAQ,02/09/2024,2500,2500,2500,24
Maharashtra,Pune,Pune(Moshi),Potato,Local,Local,07/02/2025,500,1600,1050,24
Maharashtra,Pune,Pune(Moshi),Potato,Local,Local,18/02/2025,800,2000,1400,24
Maharashtra,Pune,Pune(Moshi),Potato,Local,Local,21/02/2025,500,1600,1050,24
Maharashtra,Pune,Pune(Moshi),Potato,Local,Local,25/02/2025,1000,1600,1300,24
Maharashtra,Pune,Pune(Moshi),Potato,Local,FAQ,12/01/2025,500,1600,1050,24
Maharashtra,Pune,Pune(Moshi),Potato,Local,FAQ,17/01/2025,500,2000,1250,24
Maharashtra,Pune,Pune(Moshi),Potato,Local,FAQ,18/01/2025,400,1800,1100,24
Maharashtra,Pune,Pune(Moshi),Potato,Local,FAQ,21/01/2025,500,1800,1150,24
Maharashtra,Pune,Pune(Moshi),Potato,Local,Local,31/01/2025,500,1400,950,24
Maharashtra,Pune,Pune(Moshi),Potato,Local,Local,01/04/2025,1000,1400,1200,24
Maharashtra,Pune,Pune(Moshi),Potato,Local,Local,10/04/2025,1000,1600,1300,24
Maharashtra,Pune,Pune(Moshi),Potato,Local,Local,14/04/2025,1000,1300,1150,24
Maharashtra,Pune,Pune(Moshi),Potato,Local,Local,18/04/2025,1200,1500,1350,24
Maharashtra,Pune,Pune(Moshi),Potato,Local,Local,28/04/2025,1000,1400,1200,24
Maharashtra,Pune,Pune(Moshi),Potato,Local,Local,02/05/2025,1000,2000,1500,24
Maharashtra,Pune,Pune(Moshi),Potato,Local,Local,25/05/2025,1000,1600,1300,24
Maharashtra,Pune,Pune(Moshi),Potato,Local,Local,24/03/2025,1200,1600,1400,24
Maharashtra,Pune,Pune(Moshi),Potato,Local,Local,27/03/2025,1000,1400,1200,24
Maharashtra,Pune,Pune(Moshi),Potato,Local,Local,29/03/2025,1000,1600,1300,24
Maharashtra,Pune,Pune(Moshi),Potato,Local,Local,16/03/2025,1000,1600,1300,24
Maharashtra,Pune,Pune(Moshi),Potato,Local,Local,18/03/2025,1000,1500,1250,24
Maharashtra,Pune,Pune(Moshi),Potato,Local,Local,25/03/2025,800,1400,1100,24
Maharashtra,Pune,Pune(Moshi),Potato,Other,FAQ,01/01/2022,600,1000,800,24
Maharashtra,Pune,Pune(Moshi),Potato,Other,FAQ,08/01/2022,500,1000,750,24
Maharashtra,Pune,Pune(Moshi),Potato,Other,FAQ,15/01/2022,800,1000,900,24
Maharashtra,Pune,Pune(Moshi),Potato,Other,FAQ,17/01/2022,800,1000,900,24
Maharashtra,Pune,Pune(Moshi),Potato,Other,FAQ,21/01/2022,600,1000,800,24
Maharashtra,Pune,Pune(Moshi),Potato,Other,FAQ,27/01/2022,700,1000,850,24
Maharashtra,Pune,Pune(Moshi),Potato,Other,FAQ,28/01/2022,700,900,800,24
Maharashtra,Pune,Pune(Moshi),Potato,Other,FAQ,06/03/2022,900,1000,950,24
Maharashtra,Pune,Pune(Moshi),Potato,Other,FAQ,08/03/2022,800,1000,900,24
Maharashtra,Pune,Pune(Moshi),Potato,Other,FAQ,20/03/2022,1000,1200,1100,24
Maharashtra,Pune,Pune(Moshi),Potato,Other,FAQ,29/03/2022,900,1000,950,24
Maharashtra,Pune,Pune(Moshi),Potato,Other,FAQ,11/04/2022,700,1500,1100,24
Maharashtra,Pune,Pune(Moshi),Potato,Other,FAQ,14/04/2022,800,1300,1050,24
Maharashtra,Pune,Pune(Moshi),Potato,Other,FAQ,19/04/2022,600,1400,1000,24
Maharashtra,Pune,Pune(Moshi),Potato,Other,FAQ,08/05/2022,1100,1600,1350,24
Maharashtra,Pune,Pune(Moshi),Potato,Other,FAQ,09/05/2022,1000,2000,1500,24
Maharashtra,Pune,Pune(Moshi),Potato,Other,FAQ,24/05/2022,1200,1700,1450,24
Maharashtra,Pune,Pune(Moshi),Potato,Other,FAQ,09/06/2022,1000,1800,1400,24
Maharashtra,Pune,Pune(Moshi),Potato,Other,FAQ,10/06/2022,1000,1600,1300,24
Maharashtra,Pune,Pune(Moshi),Potato,Other,FAQ,01/07/2022,1200,1600,1400,24
Maharashtra,Pune,Pune(Moshi),Potato,Other,FAQ,03/07/2022,1400,1600,1500,24
Maharashtra,Pune,Pune(Moshi),Potato,Other,FAQ,05/07/2022,1000,1700,1350,24
Maharashtra,Pune,Pune(Moshi),Potato,Other,FAQ,15/07/2022,1500,1900,1700,24
Maharashtra,Pune,Pune(Moshi),Potato,Other,FAQ,19/07/2022,1500,1800,1650,24
Maharashtra,Pune,Pune(Moshi),Potato,Other,FAQ,22/07/2022,1400,1900,1650,24
Maharashtra,Pune,Pune(Moshi),Potato,Other,FAQ,06/08/2022,1100,1600,1350,24
Maharashtra,Pune,Pune(Moshi),Potato,Other,FAQ,09/08/2022,1000,1900,1450,24
Maharashtra,Pune,Pune(Moshi),Potato,Other,FAQ,11/08/2022,1000,1800,1400,24
Maharashtra,Pune,Pune(Moshi),Potato,Other,FAQ,27/08/2022,800,1800,1300,24
Maharashtra,Pune,Pune(Moshi),Potato,Other,FAQ,28/08/2022,1200,1900,1550,24
Maharashtra,Pune,Pune(Moshi),Potato,Other,FAQ,29/08/2022,1600,1800,1700,24
Maharashtra,Pune,Pune(Moshi),Potato,Other,FAQ,04/09/2022,1400,1800,1600,24
Maharashtra,Pune,Pune(Moshi),Potato,Other,FAQ,15/09/2022,1000,1800,1400,24
Maharashtra,Pune,Pune(Moshi),Potato,Other,FAQ,09/10/2022,1200,1800,1500,24
Maharashtra,Pune,Pune(Moshi),Potato,Other,FAQ,17/10/2022,1500,1800,1650,24
Maharashtra,Pune,Pune(Moshi),Potato,Other,FAQ,18/10/2022,1600,2000,1800,24
Maharashtra,Pune,Pune(Moshi),Potato,Other,FAQ,28/10/2022,1400,2000,1700,24
Maharashtra,Pune,Pune(Moshi),Potato,Other,FAQ,06/11/2022,1700,2100,1900,24
Maharashtra,Pune,Pune(Moshi),Potato,Other,FAQ,13/11/2022,1500,2000,1750,24
Maharashtra,Pune,Pune(Moshi),Potato,Other,FAQ,15/11/2022,1000,1300,1150,24
Maharashtra,Pune,Pune(Moshi),Potato,Other,FAQ,21/11/2022,1200,1700,1450,24
Maharashtra,Pune,Pune(Moshi),Potato,Other,FAQ,01/12/2022,700,1500,1100,24
Maharashtra,Pune,Pune(Moshi),Potato,Other,FAQ,03/12/2022,1000,1600,1300,24
Maharashtra,Pune,Pune(Moshi),Potato,Other,FAQ,06/12/2022,500,1800,1150,24
Maharashtra,Pune,Pune(Moshi),Potato,Other,FAQ,09/12/2022,800,1700,1250,24
Maharashtra,Pune,Pune(Moshi),Potato,Other,FAQ,13/12/2022,1400,1700,1550,24
Maharashtra,Pune,Pune(Moshi),Potato,Other,FAQ,17/12/2022,1000,1800,1400,24
Maharashtra,Pune,Pune(Moshi),Potato,Other,FAQ,22/12/2022,400,1600,1000,24
Maharashtra,Pune,Pune(Moshi),Potato,Other,FAQ,26/12/2022,700,1600,1150,24
Maharashtra,Pune,Pune(Moshi),Potato,Local,Local,14/08/2025,1300,1600,1450,24
Maharashtra,Pune,Pune(Moshi),Potato,Local,Local,25/08/2025,1300,1400,1350,24
Maharashtra,Pune,Pune(Moshi),Potato,Local,Local,26/08/2025,1000,1400,1200,24
Maharashtra,Pune,Pune(Moshi),Potato,Local,Local,30/08/2025,1200,1400,1300,24
Maharashtra,Pune,Pune(Moshi),Potato,Local,Local,05/06/2025,1000,1500,1250,24
Maharashtra,Pune,Pune(Moshi),Potato,Local,Local,06/06/2025,1200,1600,1400,24
Maharashtra,Pune,Pune(Moshi),Potato,Local,Local,12/06/2025,1000,1500,1250,24
Maharashtra,Pune,Pune(Moshi),Potato,Local,Local,01/07/2025,1000,1800,1400,24
Maharashtra,Pune,Pune(Moshi),Potato,Local,Local,04/07/2025,1400,1600,1500,24
Maharashtra,Pune,Pune(Moshi),Potato,Local,Local,12/07/2025,1300,1600,1450,24
Maharashtra,Pune,Pune(Moshi),Potato,Local,Local,15/07/2025,1300,1600,1450,24
Maharashtra,Pune,Pune(Moshi),Potato,Local,Local,20/07/2025,1100,1600,1350,24
Maharashtra,Pune,Pune(Moshi),Potato,Local,Local,25/07/2025,1100,1600,1350,24
Maharashtra,Pune,Pune(Moshi),Potato,Local,Local,27/07/2025,1000,1200,1100,24
Maharashtra,Pune,Pune(Moshi),Potato,Local,Local,28/07/2025,1000,1300,1150,24
Maharashtra,Pune,Pune(Moshi),Potato,Local,Local,05/09/2025,1400,1400,1400,24
Maharashtra,Pune,Pune(Moshi),Potato,Local,Local,09/09/2025,1000,1400,1200,24
Maharashtra,Pune,Pune(Moshi),Potato,Local,Local,12/09/2025,1300,1400,1350,24
Maharashtra,Pune,Pune(Moshi),Potato,Local,Local,13/09/2025,1300,1400,1350,24
Maharashtra,Pune,Pune(Moshi),Potato,Local,Local,16/09/2025,1400,1500,1450,24
Maharashtra,Pune,Pune(Moshi),Potato,Local,Local,27/09/2025,1400,1600,1500,24
Maharashtra,Pune,Pune(Moshi),Potato,Local,Local,28/09/2025,1300,1600,1450,24
Maharashtra,Pune,Pune(Moshi),Potato,Local,Local,02/11/2025,1300,1500,1400,24
Maharashtra,Pune,Pune(Moshi),Potato,Local,Local,03/11/2025,1400,1700,1550,24
Maharashtra,Pune,Pune(Moshi),Potato,Local,Local,13/10/2025,1100,1600,1350,24
Maharashtra,Pune,Pune(Moshi),Potato,Local,Local,16/10/2025,1200,1500,1350,24
Maharashtra,Pune,Pune(Moshi),Potato,Local,Local,24/10/2025,1200,1700,1450,24
Maharashtra,Pune,Pune(Moshi),Potato,Other,FAQ,20/07/2021,700,1000,850,24
Maharashtra,Pune,Pune(Moshi),Potato,Other,FAQ,26/07/2021,700,1000,850,24
Maharashtra,Pune,Pune(Moshi),Potato,Other,FAQ,12/08/2021,700,900,750,24
Maharashtra,Pune,Pune(Moshi),Potato,Other,FAQ,05/09/2021,700,1000,850,24
Maharashtra,Pune,Pune(Moshi),Potato,Other,FAQ,11/09/2021,700,1000,850,24
Maharashtra,Pune,Pune(Moshi),Potato,Other,FAQ,18/09/2021,700,1000,850,24
Maharashtra,Pune,Pune(Moshi),Potato,Other,FAQ,04/10/2021,800,2000,1400,24
Maharashtra,Pune,Pune(Moshi),Potato,Other,FAQ,22/10/2021,1000,1200,1100,24
Maharashtra,Pune,Pune(Moshi),Potato,Other,FAQ,31/10/2021,1000,1300,1150,24
Maharashtra,Pune,Pune(Moshi),Potato,Other,FAQ,11/11/2021,1000,1400,1200,24
Maharashtra,Pune,Pune(Moshi),Potato,Other,FAQ,12/11/2021,900,1500,1200,24
Maharashtra,Pune,Pune(Moshi),Potato,Other,FAQ,16/11/2021,1000,1500,1250,24
Maharashtra,Pune,Pune(Moshi),Potato,Other,FAQ,18/11/2021,800,1600,1200,24
Maharashtra,Pune,Pune(Moshi),Potato,Other,FAQ,19/11/2021,900,1500,1200,24
Maharashtra,Pune,Pune(Moshi),Potato,Other,FAQ,21/11/2021,1000,1500,1250,24
Maharashtra,Pune,Pune(Moshi),Potato,Other,FAQ,22/11/2021,900,1500,1200,24
Maharashtra,Pune,Pune(Moshi),Potato,Other,FAQ,23/11/2021,900,1500,1200,24
Maharashtra,Pune,Pune(Moshi),Potato,Other,FAQ,05/12/2021,700,2000,1350,24
Maharashtra,Pune,Pune(Moshi),Potato,Other,FAQ,14/12/2021,700,1200,950,24
Maharashtra,Pune,Pune(Moshi),Potato,Other,FAQ,25/12/2021,600,1000,800,24
Maharashtra,Pune,Pune(Moshi),Potato,Other,FAQ,31/12/2021,700,1000,850,24
Maharashtra,Pune,Pune(Moshi),Potato,Other,FAQ,02/03/2021,300,1000,650,24
Maharashtra,Pune,Pune(Moshi),Potato,Other,FAQ,04/03/2021,700,1000,850,24
Maharashtra,Pune,Pune(Moshi),Potato,Other,FAQ,05/03/2021,300,1000,650,24
Maharashtra,Pune,Pune(Moshi),Potato,Other,FAQ,08/03/2021,600,1200,900,24
Maharashtra,Pune,Pune(Moshi),Potato,Other,FAQ,14/03/2021,300,1200,750,24
Maharashtra,Pune,Pune(Moshi),Potato,Other,FAQ,21/03/2021,800,1000,900,24
Maharashtra,Pune,Pune(Moshi),Potato,Other,FAQ,15/04/2021,800,1100,950,24
Maharashtra,Pune,Pune(Moshi),Potato,Other,FAQ,29/04/2021,800,1000,900,24
Maharashtra,Pune,Pune(Moshi),Potato,Other,FAQ,03/05/2021,700,1000,850,24
Maharashtra,Pune,Pune(Moshi),Potato,Other,FAQ,11/05/2021,700,1000,850,24
Maharashtra,Pune,Pune(Moshi),Potato,Other,FAQ,21/05/2021,900,1000,950,24
Maharashtra,Pune,Pune(Moshi),Potato,Other,FAQ,31/05/2021,800,1000,900,24
Maharashtra,Pune,Pune(Moshi),Potato,Other,FAQ,03/06/2021,700,1100,900,24
Maharashtra,Pune,Pune(Moshi),Potato,Other,FAQ,15/06/2021,1500,2000,1750,24
Maharashtra,Pune,Pune(Moshi),Potato,Other,FAQ,24/06/2021,700,1200,950,24
Maharashtra,Pune,Pune(Moshi),Potato,Other,FAQ,29/06/2021,700,1000,850,24
Maharashtra,Pune,Pune(Moshi),Potato,Other,FAQ,10/07/2021,700,1700,1200,24
Maharashtra,Pune,Pune(Moshi),Potato,Other,FAQ,16/07/2021,700,1000,850,24
Maharashtra,Pune,Pune(Moshi),Potato,Other,FAQ,10/01/2022,600,1000,800,24
Maharashtra,Pune,Pune(Moshi),Potato,Other,FAQ,11/01/2022,800,1000,900,24
Maharashtra,Pune,Pune(Moshi),Potato,Other,FAQ,14/01/2022,800,1000,900,24
Maharashtra,Pune,Pune(Moshi),Potato,Other,FAQ,20/01/2022,500,1000,750,24
Maharashtra,Pune,Pune(Moshi),Potato,Other,FAQ,23/01/2022,600,1500,1050,24
Maharashtra,Pune,Pune(Moshi),Potato,Other,FAQ,01/02/2022,800,1000,900,24
Maharashtra,Pune,Pune(Moshi),Potato,Other,FAQ,06/02/2022,800,1000,900,24
Maharashtra,Pune,Pune(Moshi),Potato,Other,FAQ,13/02/2022,400,1100,750,24
Maharashtra,Pune,Pune(Moshi),Potato,Other,FAQ,15/02/2022,700,1000,850,24
Maharashtra,Pune,Pune(Moshi),Potato,Other,FAQ,18/02/2022,900,1100,1000,24
Maharashtra,Pune,Pune(Moshi),Potato,Other,FAQ,27/02/2022,700,1100,900,24
Maharashtra,Pune,Pune(Moshi),Potato,Other,FAQ,04/03/2022,900,1300,1050,24
Maharashtra,Pune,Pune(Moshi),Potato,Other,FAQ,10/03/2022,500,1200,850,24
Maharashtra,Pune,Pune(Moshi),Potato,Other,FAQ,13/03/2022,500,1200,850,24
Maharashtra,Pune,Pune(Moshi),Potato,Other,FAQ,15/03/2022,1000,1000,1000,24
Maharashtra,Pune,Pune(Moshi),Potato,Other,FAQ,21/03/2022,800,1300,1050,24
Maharashtra,Pune,Pune(Moshi),Potato,Other,FAQ,22/03/2022,700,1400,1050,24
Maharashtra,Pune,Pune(Moshi),Potato,Other,FAQ,27/03/2022,800,1400,1100,24
Maharashtra,Pune,Pune(Moshi),Potato,Other,FAQ,15/04/2022,700,1200,950,24
Maharashtra,Pune,Pune(Moshi),Potato,Other,FAQ,21/04/2022,1000,1600,1300,24
Maharashtra,Pune,Pune(Moshi),Potato,Other,FAQ,24/04/2022,1000,1600,1300,24
Maharashtra,Pune,Pune(Moshi),Potato,Other,FAQ,06/05/2022,1000,1500,1250,24
Maharashtra,Pune,Pune(Moshi),Potato,Other,FAQ,07/05/2022,1300,1600,1450,24
Maharashtra,Pune,Pune(Moshi),Potato,Other,FAQ,16/05/2022,1300,1600,1450,24
Maharashtra,Pune,Pune(Moshi),Potato,Other,FAQ,19/05/2022,900,1600,1250,24
Maharashtra,Pune,Pune(Moshi),Potato,Other,FAQ,27/05/2022,1100,1600,1350,24
Maharashtra,Pune,Pune(Moshi),Potato,Other,FAQ,28/05/2022,1000,1600,1300,24
Maharashtra,Pune,Pune(Moshi),Potato,Other,FAQ,30/05/2022,1100,1800,1450,24
Maharashtra,Pune,Pune(Moshi),Potato,Other,FAQ,04/06/2022,1000,1700,1350,24
Maharashtra,Pune,Pune(Moshi),Potato,Other,FAQ,12/06/2022,1400,1600,1500,24
Maharashtra,Pune,Pune(Moshi),Potato,Other,FAQ,26/06/2022,1400,1800,1600,24
Maharashtra,Pune,Pune(Moshi),Potato,Other,FAQ,30/06/2022,1300,1800,1550,24
Maharashtra,Pune,Pune(Moshi),Potato,Other,FAQ,07/07/2022,1200,1900,1550,24
Maharashtra,Pune,Pune(Moshi),Potato,Other,FAQ,11/07/2022,1500,1900,1700,24
Maharashtra,Pune,Pune(Moshi),Potato,Other,FAQ,16/07/2022,1600,1800,1700,24
Maharashtra,Pune,Pune(Moshi),Potato,Other,FAQ,23/07/2022,1000,1800,1400,24
Maharashtra,Pune,Pune(Moshi),Potato,Other,FAQ,26/07/2022,1600,1800,1700,24
Maharashtra,Pune,Pune(Moshi),Potato,Other,FAQ,08/08/2022,1000,1800,1400,24
Maharashtra,Pune,Pune(Moshi),Potato,Other,FAQ,16/08/2022,1200,1800,1500,24
Maharashtra,Pune,Pune(Moshi),Potato,Other,FAQ,18/08/2022,1000,1800,1400,24
Maharashtra,Pune,Pune(Moshi),Potato,Other,FAQ,19/08/2022,1500,1900,1700,24
Maharashtra,Pune,Pune(Moshi),Potato,Other,FAQ,20/08/2022,1600,1700,1650,24
Maharashtra,Pune,Pune(Moshi),Potato,Other,FAQ,30/08/2022,1600,2000,1800,24
Maharashtra,Pune,Pune(Moshi),Potato,Other,FAQ,08/09/2022,900,1700,1300,24
Maharashtra,Pune,Pune(Moshi),Potato,Other,FAQ,09/09/2022,1500,1700,1600,24
Maharashtra,Pune,Pune(Moshi),Potato,Other,FAQ,19/09/2022,1400,1600,1500,24
Maharashtra,Pune,Pune(Moshi),Potato,Other,FAQ,24/09/2022,1500,1700,1600,24
Maharashtra,Pune,Pune(Moshi),Potato,Other,FAQ,26/09/2022,1500,1800,1650,24
Maharashtra,Pune,Pune(Moshi),Potato,Other,FAQ,03/10/2022,1500,1600,1550,24
Maharashtra,Pune,Pune(Moshi),Potato,Other,FAQ,13/10/2022,1600,2000,1800,24
Maharashtra,Pune,Pune(Moshi),Potato,Other,FAQ,14/10/2022,1600,1800,1700,24
Maharashtra,Pune,Pune(Moshi),Potato,Other,FAQ,15/10/2022,1600,1800,1700,24
Maharashtra,Pune,Pune(Moshi),Potato,Other,FAQ,21/10/2022,1500,1800,1650,24
Maharashtra,Pune,Pune(Moshi),Potato,Other,FAQ,27/10/2022,1500,1600,1550,24
Maharashtra,Pune,Pune(Moshi),Potato,Other,FAQ,29/10/2022,1000,2000,1500,24
Maharashtra,Pune,Pune(Moshi),Potato,Other,FAQ,31/10/2022,1500,2000,1750,24
Maharashtra,Pune,Pune(Moshi),Potato,Other,FAQ,05/11/2022,800,1800,1300,24
Maharashtra,Pune,Pune(Moshi),Potato,Other,FAQ,08/11/2022,1500,2000,1750,24
Maharashtra,Pune,Pune(Moshi),Potato,Other,FAQ,11/11/2022,1400,1500,1450,24
Maharashtra,Pune,Pune(Moshi),Potato,Other,FAQ,12/11/2022,600,1800,1200,24
Maharashtra,Pune,Pune(Moshi),Potato,Other,FAQ,04/12/2022,700,1500,1100,24
Maharashtra,Pune,Pune(Moshi),Potato,Other,FAQ,05/12/2022,600,1600,1100,24
Maharashtra,Pune,Pune(Moshi),Potato,Other,FAQ,12/12/2022,1000,1200,1100,24
Maharashtra,Pune,Pune(Moshi),Potato,Other,FAQ,18/12/2022,400,1600,1000,24
Maharashtra,Pune,Pune(Moshi),Potato,Other,FAQ,29/12/2022,1000,1700,1350,24
Maharashtra,Pune,Pune(Moshi),Potato,Other,FAQ,31/12/2022,1000,1600,1300,24
Maharashtra,Pune,Pune(Moshi),Potato,Local,FAQ,20/06/2024,1800,2000,1900,24
Maharashtra,Pune,Pune(Moshi),Potato,Local,FAQ,03/06/2024,1800,2100,1950,24
Maharashtra,Pune,Pune(Moshi),Potato,Local,FAQ,02/05/2024,1500,2200,1850,24
Maharashtra,Pune,Pune(Moshi),Potato,Local,FAQ,12/05/2024,1400,1800,1600,24
Maharashtra,Pune,Pune(Moshi),Potato,Local,FAQ,14/05/2024,1500,2000,1750,24
Maharashtra,Pune,Pune(Moshi),Potato,Local,FAQ,14/01/2024,800,1200,1000,24
Maharashtra,Pune,Pune(Moshi),Potato,Local,FAQ,16/01/2024,1000,1500,1250,24
Maharashtra,Pune,Pune(Moshi),Potato,Local,FAQ,25/01/2024,800,1300,1050,24
Maharashtra,Pune,Pune(Moshi),Potato,Local,FAQ,29/01/2024,700,1200,950,24
Maharashtra,Pune,Pune(Moshi),Potato,Local,FAQ,02/02/2024,800,1000,900,24
Maharashtra,Pune,Pune(Moshi),Potato,Local,FAQ,04/02/2024,800,1300,1050,24
Maharashtra,Pune,Pune(Moshi),Potato,Local,FAQ,09/02/2024,800,1200,1000,24
Maharashtra,Pune,Pune(Moshi),Potato,Local,FAQ,16/02/2024,1000,1200,1100,24
Maharashtra,Pune,Pune(Moshi),Potato,Local,FAQ,20/02/2024,1000,1500,1250,24
Maharashtra,Pune,Pune(Moshi),Potato,Local,FAQ,22/02/2024,1000,1500,1250,24
Maharashtra,Pune,Pune(Moshi),Potato,Local,FAQ,07/03/2024,500,1500,1000,24
Maharashtra,Pune,Pune(Moshi),Potato,Local,FAQ,10/03/2024,1200,1800,1500,24
Maharashtra,Pune,Pune(Moshi),Potato,Local,FAQ,19/03/2024,1200,1500,1350,24
Maharashtra,Pune,Pune(Moshi),Potato,Local,FAQ,21/03/2024,1000,1600,1300,24
Maharashtra,Pune,Pune(Moshi),Potato,Local,FAQ,24/03/2024,1100,1500,1300,24
Maharashtra,Pune,Pune(Moshi),Potato,Local,FAQ,07/04/2024,1000,2200,1600,24
Maharashtra,Pune,Pune(Moshi),Potato,Local,FAQ,20/04/2024,1200,2000,1600,24
Maharashtra,Pune,Pune(Moshi),Potato,Local,FAQ,26/04/2024,1600,1800,1700,24
Maharashtra,Pune,Pune(Moshi),Potato,Local,FAQ,27/04/2024,1800,2500,2150,24
Maharashtra,Pune,Pune(Moshi),Potato,Local,FAQ,28/04/2024,1500,2000,1750,24
Maharashtra,Pune,Pune(Moshi),Potato,Local,FAQ,29/04/2024,1300,2300,1800,24
Maharashtra,Pune,Pune(Moshi),Potato,Local,FAQ,09/09/2024,2200,2400,2300,24
Maharashtra,Pune,Pune(Moshi),Potato,Local,FAQ,15/09/2024,2000,2300,2150,24
Maharashtra,Pune,Pune(Moshi),Potato,Local,FAQ,26/09/2024,2000,2800,2400,24
Maharashtra,Pune,Pune(Moshi),Potato,Local,FAQ,06/01/2025,500,1800,1150,24
Maharashtra,Pune,Pune(Moshi),Potato,Local,FAQ,20/01/2025,500,1700,1100,24
Maharashtra,Pune,Pune(Moshi),Potato,Local,Local,03/02/2025,500,1700,1100,24
Maharashtra,Pune,Pune(Moshi),Potato,Local,Local,06/02/2025,500,1400,950,24
Maharashtra,Pune,Pune(Moshi),Potato,Local,Local,16/02/2025,1000,1800,1400,24
Maharashtra,Pune,Pune(Moshi),Potato,Local,Local,17/02/2025,500,1600,1050,24
Maharashtra,Pune,Pune(Moshi),Potato,Local,Local,22/02/2025,700,1800,1250,24
Maharashtra,Pune,Pune(Moshi),Potato,Local,Local,23/02/2025,1000,1600,1300,24
Maharashtra,Pune,Pune(Moshi),Potato,Local,Local,24/02/2025,400,1500,950,24
Maharashtra,Pune,Pune(Moshi),Potato,Local,Local,28/02/2025,700,1400,1050,24
Maharashtra,Pune,Pune(Moshi),Potato,Local,FAQ,07/10/2024,2100,2600,2350,24
Maharashtra,Pune,Pune(Moshi),Potato,Local,FAQ,21/10/2024,1800,2500,2150,24
Maharashtra,Pune,Pune(Moshi),Potato,Local,FAQ,15/10/2024,2000,2300,2150,24
Maharashtra,Pune,Pune(Moshi),Potato,Local,Local,07/03/2025,700,1400,1050,24
Maharashtra,Pune,Pune(Moshi),Potato,Local,Local,13/03/2025,1000,1400,1200,24
Maharashtra,Pune,Pune(Moshi),Potato,Local,Local,20/03/2025,800,1600,1200,24
Maharashtra,Pune,Pune(Moshi),Potato,Local,Local,01/06/2025,1200,1600,1400,24
Maharashtra,Pune,Pune(Moshi),Potato,Local,Local,16/06/2025,1000,1600,1300,24
Maharashtra,Pune,Pune(Moshi),Potato,Local,Local,20/06/2025,1300,1400,1350,24
Maharashtra,Pune,Pune(Moshi),Potato,Local,Local,08/07/2025,1000,1600,1300,24
Maharashtra,Pune,Pune(Moshi),Potato,Local,Local,14/07/2025,1000,1600,1300,24
Maharashtra,Pune,Pune(Moshi),Potato,Local,Local,18/07/2025,1300,1600,1450,24
Maharashtra,Pune,Pune(Moshi),Potato,Local,Local,22/07/2025,1100,1400,1250,24
Maharashtra,Pune,Pune(Moshi),Potato,Local,Local,08/05/2025,1000,1600,1300,24
Maharashtra,Pune,Pune(Moshi),Potato,Local,Local,10/05/2025,1200,1600,1400,24
Maharashtra,Pune,Pune(Moshi),Potato,Local,Local,23/05/2025,1100,1400,1250,24
Maharashtra,Pune,Pune(Moshi),Potato,Local,Local,29/05/2025,1000,1500,1250,24
Maharashtra,Pune,Pune(Moshi),Potato,Local,Local,30/05/2025,1600,1800,1700,24
Maharashtra,Pune,Pune(Moshi),Potato,Local,Local,31/05/2025,1400,1600,1500,24
Maharashtra,Pune,Pune(Moshi),Potato,Local,Local,06/04/2025,1000,1800,1400,24
Maharashtra,Pune,Pune(Moshi),Potato,Local,Local,12/04/2025,800,1600,1200,24
Maharashtra,Pune,Pune(Moshi),Potato,Local,Local,26/04/2025,1200,1400,1300,24
Maharashtra,Pune,Pune(Moshi),Potato,Local,FAQ,11/11/2024,2000,2500,2250,24
Maharashtra,Pune,Pune(Moshi),Potato,Local,FAQ,25/11/2024,2000,2500,2250,24
Maharashtra,Pune,Pune(Moshi),Potato,Local,FAQ,19/11/2024,2200,2800,2500,24
Maharashtra,Pune,Pune(Moshi),Potato,Local,FAQ,10/12/2024,2000,2500,2250,24
Maharashtra,Pune,Pune(Moshi),Potato,Local,FAQ,12/12/2024,1500,3000,2250,24
Maharashtra,Pune,Pune(Moshi),Potato,Local,FAQ,16/12/2024,800,2200,1500,24
Maharashtra,Pune,Pune(Moshi),Potato,Local,FAQ,08/12/2024,1800,2600,2200,24
Maharashtra,Pune,Pune(Moshi),Potato,Local,FAQ,15/12/2024,800,2500,1650,24
Maharashtra,Pune,Pune(Moshi),Potato,Local,FAQ,29/12/2024,700,1800,1250,24
Maharashtra,Pune,Pune(Moshi),Potato,Local,FAQ,09/08/2024,2000,2800,2400,24
Maharashtra,Pune,Pune(Moshi),Potato,Local,FAQ,13/08/2024,2000,2800,2400,24
Maharashtra,Pune,Pune(Moshi),Potato,Local,FAQ,19/08/2024,1800,2700,2250,24
Maharashtra,Pune,Pune(Moshi),Potato,Local,FAQ,31/08/2024,2200,2400,2300,24
Maharashtra,Pune,Pune(Moshi),Potato,Local,FAQ,02/07/2024,1700,2500,2100,24
Maharashtra,Pune,Pune(Moshi),Potato,Local,FAQ,20/07/2024,2200,3000,2600,24
Maharashtra,Pune,Pune(Moshi),Potato,Local,FAQ,12/07/2024,2200,2800,2500,24
Maharashtra,Pune,Pune(Moshi),Potato,Local,FAQ,26/07/2024,2300,2500,2400,24
Maharashtra,Pune,Pune(Moshi),Potato,Local,FAQ,02/06/2023,900,900,900,24
Maharashtra,Pune,Pune(Moshi),Potato,Local,FAQ,04/06/2023,700,1000,850,24
Maharashtra,Pune,Pune(Moshi),Potato,Local,FAQ,06/06/2023,800,1000,900,24
Maharashtra,Pune,Pune(Moshi),Potato,Local,FAQ,08/06/2023,600,1000,800,24
Maharashtra,Pune,Pune(Moshi),Potato,Local,FAQ,09/06/2023,800,1100,950,24
Maharashtra,Pune,Pune(Moshi),Potato,Local,FAQ,12/06/2023,800,1000,900,24
Maharashtra,Pune,Pune(Moshi),Potato,Local,FAQ,30/06/2023,800,1700,1250,24
Maharashtra,Pune,Pune(Moshi),Potato,Local,FAQ,04/07/2023,1000,1000,1000,24
Maharashtra,Pune,Pune(Moshi),Potato,Local,FAQ,07/07/2023,800,1800,1300,24
Maharashtra,Pune,Pune(Moshi),Potato,Local,FAQ,08/07/2023,800,1500,1150,24
Maharashtra,Pune,Pune(Moshi),Potato,Local,FAQ,21/07/2023,900,1200,1050,24
Maharashtra,Pune,Pune(Moshi),Potato,Local,FAQ,23/07/2023,1200,1200,1200,24
Maharashtra,Pune,Pune(Moshi),Potato,Local,FAQ,25/07/2023,1000,1200,1100,24
Maharashtra,Pune,Pune(Moshi),Potato,Local,FAQ,08/08/2023,1000,1200,1100,24
Maharashtra,Pune,Pune(Moshi),Potato,Local,FAQ,18/08/2023,1000,2000,1500,24
Maharashtra,Pune,Pune(Moshi),Potato,Local,FAQ,20/08/2023,800,1700,1250,24
Maharashtra,Pune,Pune(Moshi),Potato,Local,FAQ,08/09/2023,800,1600,1200,24
Maharashtra,Pune,Pune(Moshi),Potato,Local,FAQ,09/09/2023,800,1000,900,24
Maharashtra,Pune,Pune(Moshi),Potato,Local,FAQ,25/09/2023,800,1000,900,24
Maharashtra,Pune,Pune(Moshi),Potato,Local,FAQ,02/10/2023,1000,1800,1400,24
Maharashtra,Pune,Pune(Moshi),Potato,Local,FAQ,05/10/2023,700,1200,950,24
Maharashtra,Pune,Pune(Moshi),Potato,Local,FAQ,06/10/2023,900,1200,1050,24
Maharashtra,Pune,Pune(Moshi),Potato,Local,FAQ,08/10/2023,1000,1600,1300,24
Maharashtra,Pune,Pune(Moshi),Potato,Local,FAQ,17/10/2023,800,1200,1000,24
Maharashtra,Pune,Pune(Moshi),Potato,Local,FAQ,23/10/2023,900,1800,1350,24
Maharashtra,Pune,Pune(Moshi),Potato,Local,FAQ,03/11/2023,800,1000,900,24
Maharashtra,Pune,Pune(Moshi),Potato,Local,FAQ,06/11/2023,1000,1600,1300,24
Maharashtra,Pune,Pune(Moshi),Potato,Local,FAQ,14/11/2023,800,1500,1150,24
Maharashtra,Pune,Pune(Moshi),Potato,Local,FAQ,16/11/2023,800,1200,1000,24
Maharashtra,Pune,Pune(Moshi),Potato,Local,FAQ,21/11/2023,1100,1500,1300,24
Maharashtra,Pune,Pune(Moshi),Potato,Local,FAQ,26/11/2023,800,1400,1100,24
Maharashtra,Pune,Pune(Moshi),Potato,Local,FAQ,08/12/2023,800,1600,1200,24
Maharashtra,Pune,Pune(Moshi),Potato,Local,FAQ,14/12/2023,800,1600,1200,24
Maharashtra,Pune,Pune(Moshi),Potato,Other,FAQ,02/01/2023,400,1500,950,24
Maharashtra,Pune,Pune(Moshi),Potato,Other,FAQ,03/01/2023,400,1600,1000,24
Maharashtra,Pune,Pune(Moshi),Potato,Other,FAQ,06/01/2023,600,1600,1100,24
Maharashtra,Pune,Pune(Moshi),Potato,Other,FAQ,21/01/2023,600,1200,900,24
Maharashtra,Pune,Pune(Moshi),Potato,Other,FAQ,24/01/2023,500,1400,950,24
Maharashtra,Pune,Pune(Moshi),Potato,Other,FAQ,31/01/2023,1000,1200,1100,24
Maharashtra,Pune,Pune(Moshi),Potato,Other,FAQ,03/02/2023,300,1500,900,24
Maharashtra,Pune,Pune(Moshi),Potato,Other,FAQ,17/02/2023,300,1000,650,24
Maharashtra,Pune,Pune(Moshi),Potato,Other,FAQ,03/03/2023,300,800,550,24
Maharashtra,Pune,Pune(Moshi),Potato,Other,FAQ,09/03/2023,300,800,550,24
Maharashtra,Pune,Pune(Moshi),Potato,Other,FAQ,10/03/2023,300,1000,650,24
Maharashtra,Pune,Pune(Moshi),Potato,Other,FAQ,13/03/2023,400,1500,950,24
Maharashtra,Pune,Pune(Moshi),Potato,Other,FAQ,16/03/2023,300,800,550,24
Maharashtra,Pune,Pune(Moshi),Potato,Other,FAQ,30/03/2023,300,800,550,24
Maharashtra,Pune,Pune(Moshi),Potato,Other,FAQ,06/04/2023,300,1000,650,24
Maharashtra,Pune,Pune(Moshi),Potato,Other,FAQ,18/04/2023,900,1000,950,24
Maharashtra,Pune,Pune(Moshi),Potato,Other,FAQ,24/04/2023,700,1000,850,24
Maharashtra,Pune,Pune(Moshi),Potato,Other,FAQ,11/05/2023,800,1100,950,24
Maharashtra,Pune,Pune(Moshi),Potato,Other,FAQ,14/05/2023,1600,1600,1600,24
Maharashtra,Pune,Pune(Moshi),Potato,Other,FAQ,18/05/2023,800,1000,900,24
Maharashtra,Pune,Pune(Moshi),Potato,Other,FAQ,28/05/2023,800,1000,900,24
Maharashtra,Pune,Pune(Moshi),Potato,Other,FAQ,30/05/2023,800,1000,900,24
Maharashtra,Pune,Pune(Moshi),Potato,Local,FAQ,10/09/2024,1800,2400,2100,24
Maharashtra,Pune,Pune(Moshi),Potato,Local,FAQ,22/09/2024,2000,2300,2150,24
Maharashtra,Pune,Pune(Moshi),Potato,Local,FAQ,29/09/2024,1800,2500,2150,24
Maharashtra,Pune,Pune(Moshi),Potato,Local,Local,16/08/2025,1000,1300,1150,24
Maharashtra,Pune,Pune(Moshi),Potato,Local,Local,01/08/2025,1200,1600,1400,24
Maharashtra,Pune,Pune(Moshi),Potato,Local,Local,02/08/2025,1300,1600,1450,24
Maharashtra,Pune,Pune(Moshi),Potato,Local,Local,08/08/2025,1200,1600,1400,24
Maharashtra,Pune,Pune(Moshi),Potato,Local,Local,11/08/2025,1200,1400,1300,24
Maharashtra,Pune,Pune(Moshi),Potato,Local,Local,12/08/2025,1400,1600,1500,24
Maharashtra,Pune,Pune(Moshi),Potato,Local,Local,19/09/2025,1300,1600,1450,24
Maharashtra,Pune,Pune(Moshi),Potato,Local,Local,20/09/2025,1200,1600,1400,24
Maharashtra,Pune,Pune(Moshi),Potato,Local,Local,25/09/2025,1400,1700,1550,24
Maharashtra,Pune,Pune(Moshi),Potato,Local,Local,29/09/2025,1400,1600,1500,24
Maharashtra,Pune,Pune(Moshi),Potato,Local,Local,09/10/2025,1000,1600,1300,24
Maharashtra,Pune,Pune(Moshi),Potato,Local,Local,12/10/2025,1200,1500,1350,24
Maharashtra,Pune,Pune(Moshi),Potato,Local,Local,14/10/2025,1400,1500,1450,24
Maharashtra,Pune,Pune(Moshi),Potato,Local,Local,17/10/2025,1300,1400,1350,24
Maharashtra,Pune,Pune(Moshi),Potato,Local,Local,26/10/2025,1300,1800,1550,24
Maharashtra,Pune,Pune(Moshi) APMC,Potato,Local,Local,21/12/2025,700,1200,950,24
Maharashtra,Pune,Pune(Moshi) APMC,Potato,Local,Local,12/12/2025,1100,1400,1250,24
Maharashtra,Pune,Pune(Moshi) APMC,Potato,Local,Local,13/12/2025,1100,1400,1250,24
Maharashtra,Pune,Pune(Moshi) APMC,Potato,Local,Local,04/11/2025,1600,2000,1800,24
Maharashtra,Pune,Pune(Moshi) APMC,Potato,Local,Local,27/11/2025,1200,1500,1350,24
Maharashtra,Pune,Pune(Moshi) APMC,Potato,Local,Local,03/11/2025,1400,1700,1550,24
Maharashtra,Pune,Pune(Moshi) APMC,Potato,Local,Local,25/11/2025,1300,1600,1450,24
Maharashtra,Pune,Pune(Moshi) APMC,Potato,Local,Local,03/02/2026,700,1000,850,24
Maharashtra,Pune,Pune(Moshi) APMC,Potato,Local,Local,01/01/2026,900,1200,1050,24
Maharashtra,Pune,Pune(Moshi) APMC,Potato,Local,Local,08/01/2026,900,1200,1050,24
Maharashtra,Pune,Pune(Moshi) APMC,Potato,Local,Local,13/01/2026,900,1000,950,24
Maharashtra,Pune,Pune(Moshi) APMC,Potato,Local,Local,19/01/2026,800,1000,900,24
Maharashtra,Pune,Pune(Moshi) APMC,Potato,Local,Local,18/01/2026,800,1000,900,24
Maharashtra,Pune,Pune(Moshi) APMC,Potato,Local,Local,23/01/2026,700,1000,850,24
Maharashtra,Pune,Pune(Moshi) APMC,Potato,Local,Local,30/01/2026,800,1000,900,24
Maharashtra,Pune,Pune(Moshi) APMC,Potato,Local,Local,31/01/2026,400,1000,700,24
Maharashtra,Pune,Pune(Moshi) APMC,Potato,Local,Local,15/11/2025,1600,1800,1700,24
Maharashtra,Pune,Pune(Moshi) APMC,Potato,Local,Local,16/11/2025,1400,1700,1550,24
Maharashtra,Pune,Pune(Moshi) APMC,Potato,Local,Local,18/11/2025,1600,1700,1650,24
Maharashtra,Pune,Pune(Moshi) APMC,Potato,Local,Local,02/11/2025,1300,1500,1400,24
Maharashtra,Pune,Pune(Moshi) APMC,Potato,Local,Local,27/12/2025,900,1400,1150,24
Maharashtra,Pune,Pune(Moshi) APMC,Potato,Local,Local,09/12/2025,1200,1500,1350,24
Maharashtra,Pune,Pune(Moshi) APMC,Potato,Local,Local,15/12/2025,1000,1400,1200,24
Maharashtra,Pune,Pune(Moshi) APMC,Potato,Local,Local,20/01/2026,800,1000,900,24
Maharashtra,Pune,Pune(Moshi) APMC,Potato,Local,Local,27/01/2026,1000,1000,1000,24
Maharashtra,Pune,Pune(Moshi) APMC,Potato,Local,Local,01/02/2026,700,1000,850,24
Maharashtra,Pune,Pune(Moshi) APMC,Potato,Local,Local,02/02/2026,800,1000,900,24
Maharashtra,Pune,Pune(Moshi) APMC,Potato,Local,Local,07/02/2026,700,1000,850,24
Maharashtra,Pune,Pune(Moshi) APMC,Potato,Local,Local,09/02/2026,800,1000,900,24
Maharashtra,Pune,Pune(Moshi) APMC,Potato,Local,Local,13/02/2026,800,1000,900,24
Maharashtra,Pune,Pune(Moshi) APMC,Potato,Local,Local,14/02/2026,800,1000,900,24
Maharashtra,Pune,Pune(Moshi) APMC,Potato,Local,Local,21/02/2026,800,1000,900,24
Maharashtra,Pune,Pune(Moshi) APMC,Potato,Local,Local,01/12/2025,1300,1500,1400,24
Maharashtra,Pune,Pune(Moshi) APMC,Potato,Local,Local,08/12/2025,1000,1400,1200,24
Maharashtra,Pune,Pune(Moshi) APMC,Potato,Local,Local,05/12/2025,1000,1500,1250,24
Maharashtra,Pune,Pune(Moshi) APMC,Potato,Local,Local,06/12/2025,1400,1600,1500,24
Maharashtra,Pune,Pune(Moshi) APMC,Potato,Local,Local,07/12/2025,1000,1400,1200,24
Maharashtra,Pune,Pune(Moshi) APMC,Potato,Local,Local,14/12/2025,1100,1300,1200,24
Maharashtra,Pune,Pune(Moshi) APMC,Potato,Local,Local,26/12/2025,600,1200,900,24
Maharashtra,Pune,Pune(Moshi) APMC,Potato,Local,Local,13/11/2025,1600,1800,1700,24
Maharashtra,Pune,Pune(Moshi) APMC,Potato,Local,Local,21/11/2025,1400,1600,1500,24
Maharashtra,Pune,Pune(Moshi) APMC,Potato,Local,Local,23/11/2025,1300,1600,1450,24
Maharashtra,Pune,Pune(Moshi) APMC,Potato,Local,Local,28/11/2025,1300,1600,1450,24
Maharashtra,Pune,Pune(Moshi) APMC,Potato,Local,Local,07/11/2025,1600,1800,1700,24
Maharashtra,Pune,Pune(Moshi) APMC,Potato,Local,Local,11/11/2025,1600,1800,1700,24
Maharashtra,Pune,Pune(Moshi) APMC,Potato,Local,Local,01/11/2025,1300,1500,1400,24
Maharashtra,Pune,Pune(Moshi) APMC,Potato,Local,Local,06/11/2025,1700,1800,1750,24
Maharashtra,Pune,Pune(Moshi) APMC,Potato,Local,Local,06/01/2026,1000,1200,1100,24
Maharashtra,Pune,Pune(Moshi) APMC,Potato,Local,Local,08/02/2026,800,1000,900,24
Maharashtra,Pune,Pune(Moshi) APMC,Potato,Local,Local,10/02/2026,700,1000,850,24
Maharashtra,Pune,Pune(Moshi) APMC,Potato,Local,Local,17/02/2026,700,1000,850,24
Maharashtra,Pune,Pune(Moshi) APMC,Potato,Local,Local,20/02/2026,700,1000,850,24
Maharashtra,Pune,Pune(Moshi) APMC,Potato,Local,Local,17/11/2025,1400,1600,1500,24
Maharashtra,Pune,Pune(Moshi) APMC,Potato,Local,Local,14/11/2025,1300,1800,1550,24
Maharashtra,Pune,Pune(Moshi) APMC,Potato,Local,Local,08/11/2025,1600,2000,1800,24
Maharashtra,Pune,Pune(Moshi) APMC,Potato,Local,Local,24/11/2025,1500,1600,1550,24
Maharashtra,Pune,Pune(Moshi) APMC,Potato,Local,Local,04/12/2025,700,1500,1100,24
Maharashtra,Pune,Pune(Moshi) APMC,Potato,Local,Local,19/12/2025,1200,1600,1400,24
Maharashtra,Pune,Pune(Moshi) APMC,Potato,Local,Local,20/12/2025,1100,1400,1250,24
Maharashtra,Pune,Pune(Moshi) APMC,Potato,Local,Local,25/12/2025,900,1400,1150,24
Maharashtra,Pune,Pune(Moshi) APMC,Potato,Local,Local,06/02/2026,700,1000,850,24
Maharashtra,Pune,Pune(Moshi) APMC,Potato,Local,Local,12/02/2026,700,1000,850,24
Maharashtra,Pune,Pune(Moshi) APMC,Potato,Local,Local,15/02/2026,800,1000,1000,24
Maharashtra,Pune,Pune(Moshi) APMC,Potato,Local,Local,22/02/2026,800,1000,900,24
Maharashtra,Pune,Pune(Moshi) APMC,Potato,Local,Local,04/01/2026,1000,1200,1100,24
Maharashtra,Pune,Pune(Moshi) APMC,Potato,Local,Local,12/01/2026,700,1000,850,24
Maharashtra,Pune,Pune(Moshi) APMC,Potato,Local,Local,10/01/2026,800,1000,900,24
Maharashtra,Pune,Pune(Moshi) APMC,Potato,Local,Local,11/01/2026,800,1000,900,24
Maharashtra,Pune,Pune(Moshi) APMC,Potato,Local,Local,17/01/2026,800,1000,900,24
Maharashtra,Pune,Pune(Moshi) APMC,Potato,Local,Local,09/01/2026,800,1000,900,24
Maharashtra,Pune,Pune(Moshi) APMC,Potato,Local,Local,09/11/2025,1500,1900,1700,24
Maharashtra,Pune,Pune(Moshi) APMC,Potato,Local,Local,10/11/2025,1600,2000,1800,24
Maharashtra,Pune,Pune(Moshi) APMC,Potato,Local,Local,20/11/2025,1300,1800,1550,24
Maharashtra,Pune,Pune(Moshi) APMC,Potato,Local,Local,22/11/2025,1500,1600,1550,24
Maharashtra,Pune,Pune(Moshi) APMC,Potato,Local,Local,29/11/2025,1300,1500,1400,24
Maharashtra,Pune,Pune(Moshi) APMC,Potato,Local,Local,30/11/2025,1000,1400,1200,24
Maharashtra,Pune,Pune(Moshi) APMC,Potato,Local,Local,05/02/2026,700,1000,850,24
Maharashtra,Pune,Pune(Moshi) APMC,Potato,Local,Local,16/02/2026,900,1000,950,24
Maharashtra,Pune,Pune(Moshi) APMC,Potato,Local,Local,19/02/2026,400,1200,800,24
Maharashtra,Pune,Pune(Moshi) APMC,Potato,Local,Local,02/01/2026,500,1200,850,24
Maharashtra,Pune,Pune(Moshi) APMC,Potato,Local,Local,03/01/2026,800,1200,1000,24
Maharashtra,Pune,Pune(Moshi) APMC,Potato,Local,Local,05/01/2026,900,1400,1150,24
Maharashtra,Pune,Pune(Moshi) APMC,Potato,Local,Local,16/01/2026,900,1200,1050,24
Maharashtra,Pune,Pune(Moshi) APMC,Potato,Local,Local,22/01/2026,600,1000,800,24
Maharashtra,Pune,Pune(Moshi) APMC,Potato,Local,Local,24/01/2026,700,1000,850,24
Maharashtra,Pune,Pune(Moshi) APMC,Potato,Local,Local,25/01/2026,800,1200,1000,24
Maharashtra,Pune,Pune(Moshi) APMC,Potato,Local,Local,16/12/2025,1000,1400,1200,24
Maharashtra,Pune,Pune(Moshi) APMC,Potato,Local,Local,18/12/2025,800,1400,1100,24
Maharashtra,Pune,Pune(Moshi) APMC,Potato,Local,Local,22/12/2025,500,1200,850,24
Maharashtra,Pune,Pune(Moshi) APMC,Potato,Local,Local,28/12/2025,1000,1400,1200,24
Maharashtra,Pune,Pune(Moshi) APMC,Potato,Local,Local,02/12/2025,1300,1400,1350,24
Maharashtra,Pune,Pune(Moshi) APMC,Potato,Local,Local,11/12/2025,1000,1500,1250,24
Maharashtra,Pune,Pune(Moshi) APMC,Potato,Local,Local,23/12/2025,1000,1400,1200,24
Maharashtra,Pune,Pune(Moshi) APMC,Potato,Local,Local,30/12/2025,1000,1200,1000,24
Maharashtra,Pune,Pune(Pimpri),Potato,Local,FAQ,10/03/2024,1800,1800,1800,24
Maharashtra,Pune,Pune(Pimpri),Potato,Other,FAQ,21/02/2021,1300,1300,1300,24
Maharashtra,Pune,Pune(Pimpri),Potato,Other,FAQ,24/02/2021,1200,1200,1200,24
Maharashtra,Pune,Pune(Pimpri),Potato,Other,FAQ,27/02/2021,1000,1300,1150,24
Maharashtra,Pune,Pune(Pimpri),Potato,Other,FAQ,01/06/2021,1300,1300,1300,24
Maharashtra,Pune,Pune(Pimpri),Potato,Other,FAQ,01/11/2021,700,700,700,24
Maharashtra,Pune,Pune(Pimpri),Potato,Other,FAQ,13/12/2021,1600,1600,1600,24
Maharashtra,Pune,Pune(Pimpri),Potato,Other,FAQ,19/12/2021,1400,1400,1400,24
Maharashtra,Pune,Pune(Pimpri),Potato,Other,FAQ,22/12/2021,1300,1300,1300,24
Maharashtra,Pune,Pune(Pimpri),Potato,Local,FAQ,26/01/2025,1600,1600,1600,24
Maharashtra,Pune,Pune(Pimpri),Potato,Other,FAQ,16/02/2022,1200,1200,1200,24
Maharashtra,Pune,Pune(Pimpri),Potato,Other,FAQ,23/03/2022,1300,1600,1450,24
Maharashtra,Pune,Pune(Pimpri),Potato,Other,FAQ,31/03/2022,1600,1600,1600,24
Maharashtra,Pune,Pune(Pimpri),Potato,Other,FAQ,10/04/2022,1600,1600,1600,24
Maharashtra,Pune,Pune(Pimpri),Potato,Other,FAQ,20/04/2022,800,1500,1150,24
Maharashtra,Pune,Pune(Pimpri),Potato,Other,FAQ,11/12/2022,2800,2900,2850,24
Maharashtra,Pune,Pune(Pimpri),Potato,Local,Local,22/03/2025,1200,1200,1200,24
Maharashtra,Pune,Pune(Pimpri),Potato,Local,FAQ,16/12/2023,1600,1700,1650,24
Maharashtra,Pune,Pune(Pimpri),Potato,Other,FAQ,03/02/2023,1300,1300,1300,24
Maharashtra,Pune,Pune(Pimpri),Potato,Other,FAQ,27/02/2023,1100,1200,1150,24
Maharashtra,Pune,Pune(Pimpri),Potato,Local,Local,08/02/2025,800,1500,1150,24
Maharashtra,Pune,Pune(Pimpri),Potato,Local,Local,17/02/2025,1800,1800,1800,24
Maharashtra,Pune,Pune(Pimpri),Potato,Local,FAQ,05/03/2024,1400,1500,1450,24
Maharashtra,Pune,Pune(Pimpri),Potato,Local,FAQ,09/03/2024,1700,1700,1700,24
Maharashtra,Pune,Pune(Pimpri),Potato,Other,FAQ,06/03/2021,1000,1000,1000,24
Maharashtra,Pune,Pune(Pimpri),Potato,Other,FAQ,08/03/2021,1000,1000,1000,24
Maharashtra,Pune,Pune(Pimpri),Potato,Other,FAQ,09/03/2021,1100,1100,1100,24
Maharashtra,Pune,Pune(Pimpri),Potato,Other,FAQ,11/03/2021,1200,1200,1200,24
Maharashtra,Pune,Pune(Pimpri),Potato,Other,FAQ,22/03/2021,800,800,800,24
Maharashtra,Pune,Pune(Pimpri),Potato,Other,FAQ,11/05/2021,1300,1300,1300,24
Maharashtra,Pune,Pune(Pimpri),Potato,Other,FAQ,18/05/2021,1400,1500,1450,24
Maharashtra,Pune,Pune(Pimpri),Potato,Other,FAQ,28/05/2021,1400,1400,1400,24
Maharashtra,Pune,Pune(Pimpri),Potato,Other,FAQ,31/05/2021,1300,1300,1300,24
Maharashtra,Pune,Pune(Pimpri),Potato,Other,FAQ,27/06/2021,1000,1000,1000,24
Maharashtra,Pune,Pune(Pimpri),Potato,Other,FAQ,26/11/2021,1300,1500,1400,24
Maharashtra,Pune,Pune(Pimpri),Potato,Other,FAQ,23/12/2021,1000,1200,1100,24
Maharashtra,Pune,Pune(Pimpri),Potato,Local,Local,02/04/2025,400,400,400,24
Maharashtra,Pune,Pune(Pimpri),Potato,Other,FAQ,17/01/2022,1400,1400,1400,24
Maharashtra,Pune,Pune(Pimpri),Potato,Other,FAQ,19/01/2022,1300,1300,1300,24
Maharashtra,Pune,Pune(Pimpri),Potato,Other,FAQ,28/01/2022,1200,1200,1200,24
Maharashtra,Pune,Pune(Pimpri),Potato,Other,FAQ,20/02/2022,1300,1500,1400,24
Maharashtra,Pune,Pune(Pimpri),Potato,Other,FAQ,30/03/2022,600,1600,1100,24
Maharashtra,Pune,Pune(Pimpri),Potato,Other,FAQ,01/04/2022,1600,1600,1600,24
Maharashtra,Pune,Pune(Pimpri),Potato,Other,FAQ,06/04/2022,1600,1600,1600,24
Maharashtra,Pune,Pune(Pimpri),Potato,Other,FAQ,11/04/2022,1000,1000,1000,24
Maharashtra,Pune,Pune(Pimpri),Potato,Other,FAQ,25/04/2022,700,1500,1100,24
Maharashtra,Pune,Pune(Pimpri),Potato,Other,FAQ,16/02/2023,1100,1100,1100,24
Maharashtra,Pune,Pune(Pimpri),Potato,Other,FAQ,19/02/2023,1200,1200,1200,24
Maharashtra,Pune,Pune(Pimpri),Potato,Other,FAQ,01/03/2023,1000,1000,1000,24
Maharashtra,Pune,Pune(Pimpri),Potato,Local,Local,10/07/2025,1300,1300,1300,24
Maharashtra,Pune,Pune(Pimpri),Potato,Other,FAQ,22/02/2021,1000,1000,1000,24
Maharashtra,Pune,Pune(Pimpri),Potato,Other,FAQ,01/03/2021,1100,1100,1100,24
Maharashtra,Pune,Pune(Pimpri),Potato,Other,FAQ,03/03/2021,1200,1200,1200,24
Maharashtra,Pune,Pune(Pimpri),Potato,Other,FAQ,30/11/2021,1500,1500,1500,24
Maharashtra,Pune,Pune(Pimpri),Potato,Other,FAQ,17/12/2021,600,1400,1000,24
Maharashtra,Pune,Pune(Pimpri),Potato,Other,FAQ,24/12/2021,1400,1400,1400,24
Maharashtra,Pune,Pune(Pimpri),Potato,Other,FAQ,30/12/2021,1300,1400,1350,24
Maharashtra,Pune,Pune(Pimpri),Potato,Other,FAQ,21/01/2022,1300,1300,1300,24
Maharashtra,Pune,Pune(Pimpri),Potato,Other,FAQ,24/01/2022,1200,1200,1200,24
Maharashtra,Pune,Pune(Pimpri),Potato,Other,FAQ,30/01/2022,1100,1300,1200,24
Maharashtra,Pune,Pune(Pimpri),Potato,Other,FAQ,02/02/2022,1400,1400,1400,24
Maharashtra,Pune,Pune(Pimpri),Potato,Other,FAQ,03/04/2022,1600,1600,1600,24
Maharashtra,Pune,Pune(Pimpri),Potato,Other,FAQ,26/04/2022,700,700,700,24
Maharashtra,Pune,Pune(Pimpri),Potato,Other,FAQ,25/12/2022,2000,2000,2000,24
Maharashtra,Pune,Pune(Pimpri),Potato,Other,FAQ,02/02/2023,1100,1400,1250,24
Maharashtra,Pune,Pune(Pimpri),Potato,Local,FAQ,24/02/2024,600,800,700,24
Maharashtra,Pune,Pune(Pimpri),Potato,Local,FAQ,01/04/2024,1400,1400,1400,24
Maharashtra,Pune,Pune(Pimpri),Potato,Local,Local,12/03/2025,500,1200,850,24
Maharashtra,Pune,Pune(Pimpri),Potato,Other,FAQ,04/03/2021,1100,1100,1100,24
Maharashtra,Pune,Pune(Pimpri),Potato,Other,FAQ,10/03/2021,1100,1100,1100,24
Maharashtra,Pune,Pune(Pimpri),Potato,Other,FAQ,20/05/2021,1400,1400,1400,24
Maharashtra,Pune,Pune(Pimpri),Potato,Other,FAQ,19/11/2021,1300,1300,1300,24
Maharashtra,Pune,Pune(Pimpri),Potato,Other,FAQ,15/12/2021,1300,1300,1300,24
Maharashtra,Pune,Pune(Pimpri),Potato,Other,FAQ,28/12/2021,1400,1400,1400,24
Maharashtra,Pune,Pune(Pimpri),Potato,Local,FAQ,25/01/2024,800,1400,1100,24
Maharashtra,Pune,Pune(Pimpri),Potato,Other,FAQ,24/02/2023,1100,1100,1100,24
Maharashtra,Pune,Pune(Pimpri),Potato,Other,FAQ,25/02/2023,1000,1200,1100,24
Maharashtra,Pune,Pune(Pimpri),Potato,Local,Local,07/02/2025,800,1500,1150,24
Maharashtra,Pune,Pune(Pimpri),Potato,Local,FAQ,25/01/2025,1600,1600,1600,24
Maharashtra,Pune,Pune(Pimpri),Potato,Local,Local,26/01/2025,1600,1600,1600,24
Maharashtra,Pune,Pune(Pimpri),Potato,Local,Local,17/03/2025,1000,1500,1250,24
Maharashtra,Pune,Pune(Pimpri),Potato,Other,FAQ,25/01/2022,1200,1200,1200,24
Maharashtra,Pune,Pune(Pimpri),Potato,Other,FAQ,22/02/2022,1400,1400,1400,24
Maharashtra,Pune,Pune(Pimpri),Potato,Other,FAQ,27/03/2022,1200,1400,1300,24
Maharashtra,Pune,Pune(Pimpri),Potato,Other,FAQ,28/03/2022,1500,1600,1550,24
Maharashtra,Pune,Pune(Pimpri),Potato,Other,FAQ,04/04/2022,1600,1600,1600,24
Maharashtra,Pune,Pune(Pimpri),Potato,Other,FAQ,05/04/2022,1500,1600,1550,24
Maharashtra,Pune,Pune(Pimpri),Potato,Other,FAQ,07/04/2022,1600,1600,1600,24
Maharashtra,Pune,Pune(Pimpri),Potato,Other,FAQ,08/04/2022,1600,1600,1600,24
Maharashtra,Pune,Pune(Pimpri),Potato,Other,FAQ,09/04/2022,1600,1600,1600,24
Maharashtra,Pune,Pune(Pimpri),Potato,Other,FAQ,10/12/2022,2800,2900,2850,24
Maharashtra,Pune,Pune(Pimpri),Potato,Other,FAQ,21/03/2021,1100,1100,1100,24
Maharashtra,Pune,Pune(Pimpri),Potato,Other,FAQ,21/04/2021,1000,1000,1000,24
Maharashtra,Pune,Pune(Pimpri),Potato,Other,FAQ,03/05/2021,800,1500,1150,24
Maharashtra,Pune,Pune(Pimpri),Potato,Other,FAQ,05/05/2021,500,1300,900,24
Maharashtra,Pune,Pune(Pimpri),Potato,Other,FAQ,07/05/2021,1500,1500,1500,24
Maharashtra,Pune,Pune(Pimpri),Potato,Other,FAQ,27/11/2021,1400,1500,1450,24
Maharashtra,Pune,Pune(Pimpri),Potato,Other,FAQ,08/12/2021,1500,1500,1500,24
Maharashtra,Pune,Pune(Pimpri),Potato,Other,FAQ,09/12/2021,1500,1600,1550,24
Maharashtra,Pune,Pune(Pimpri),Potato,Other,FAQ,10/12/2021,1100,1300,1200,24
Maharashtra,Pune,Pune(Pimpri),Potato,Other,FAQ,20/12/2021,1200,1200,1200,24
Maharashtra,Pune,Pune(Pimpri),Potato,Other,FAQ,25/12/2021,1200,1300,1250,24
Maharashtra,Pune,Pune(Pimpri),Potato,Other,FAQ,04/01/2022,1400,1400,1400,24
Maharashtra,Pune,Pune(Pimpri),Potato,Other,FAQ,22/01/2022,1000,1300,1150,24
Maharashtra,Pune,Pune(Pimpri),Potato,Other,FAQ,23/01/2022,1200,1200,1200,24
Maharashtra,Pune,Pune(Pimpri),Potato,Other,FAQ,27/01/2022,1000,1200,1100,24
Maharashtra,Pune,Pune(Pimpri),Potato,Other,FAQ,03/02/2022,1200,1300,1250,24
Maharashtra,Pune,Pune(Pimpri),Potato,Other,FAQ,09/12/2022,2800,2900,2850,24
Maharashtra,Pune,Pune(Pimpri),Potato,Local,FAQ,14/03/2024,1700,1700,1700,24
Maharashtra,Pune,Pune(Pimpri),Potato,Local,Local,09/02/2025,1500,1600,1550,24
Maharashtra,Pune,Pune(Pimpri),Potato,Local,Local,14/02/2025,800,1500,1150,24
Maharashtra,Pune,Pune(Pimpri),Potato,Local,Local,02/03/2025,500,1000,750,24
Maharashtra,Pune,Pune(Pimpri),Potato,Local,Local,15/03/2025,1400,1400,1400,24
Maharashtra,Pune,Pune(Pimpri),Potato,Other,FAQ,01/02/2023,1300,1300,1300,24
Maharashtra,Pune,Pune(Pimpri) APMC,Potato,Local,Local,06/02/2026,950,1000,975,24
Maharashtra,Pune,Pune(Pimpri) APMC,Potato,Local,Local,07/02/2026,900,900,900,24
Maharashtra,Pune,Pune(Pimpri) APMC,Potato,Local,Local,22/02/2026,1200,1200,1200,24
Maharashtra,Pune,Pune(Pimpri) APMC,Potato,Local,Local,13/01/2026,1200,1200,1200,24
Maharashtra,Pune,Pune(Pimpri) APMC,Potato,Local,Local,16/01/2026,1200,1200,1200,24
Maharashtra,Pune,Pune(Pimpri) APMC,Potato,Local,Local,18/02/2026,500,500,500,24
Maharashtra,Pune,Pune(Pimpri) APMC,Potato,Local,Local,14/02/2026,1200,1200,1200,24
