tree
version=v4
num_class=1
num_tree_per_iteration=1
label_index=0
max_feature_idx=33
objective=quantile
feature_names=mandi_name district state variety is_real_trade day_of_week month day_of_year is_weekend is_holiday price_roll_mean_7 price_roll_std_7 price_roll_mean_30 price_expanding_mean sin_365_1 cos_365_1 sin_365_2 cos_365_2 rainfall_7d_sum rainfall_30d_sum temp_7d_avg price_lag_1 price_lag_2 price_lag_3 price_lag_7 temp_mean_lag1 rainfall_lag1 temp_mean temp_lag1 temp_lag7 precip_lag1 precip_roll7 precip_roll30 evapotrans_lag1
feature_infos=-1:6:7:8:5:3:4:1:2:0:9 none none -1:1:0 none [0:6] [1:12] [1:366] [0:1] [0:1] [614.28571428571433:3721.4285714285716] [0:5430.2174822710276] [655:3058.3333333333335] [738.33333333333337:1853.1746031746031] [-0.9999994220246925:0.99998555065071859] [-0.99997919295908233:0.9999907524084426] [-0.9999994220246925:0.99995318436087299] [-0.99999768809943823:0.99996300980480612] [0:213.90000000000001] [0:525.89999999999998] [18.542857142857141:32.56428571428571] [13:16000] [13:16000] [13:16000] [13:16000] [15.949999999999999:33.350000000000001] [0:74.5] [15.949999999999999:33.350000000000001] [15.949999999999999:33.350000000000001] [15.949999999999999:33.350000000000001] [0:74.5] [0:213.90000000000001] [0:525.89999999999998] [0.84999999999999998:9.5500000000000007]
tree_sizes=1530 1485 1610 1683 1705 1705 1706 1434 1686 1864 1782 1778 1694 1880 1852 1872 1868 1886 1863 1886 1870 1872 1866 1882 1859 1805 1883 1768 1770 1883 1853 1508 1880 1826 1776 1704 1765 1693 1889 1768 1686 1895 1782 1876 1879 1796 1885 1879 1873 1635 1881 1867 1809 1888 1871 1884 1901 1883 1889 1886 1852 1895 1799 1893 1873 1896 1890 1846 1890 1893 1797 1898 1875 1885 1901 1912 1827 1815 1900 1890 1897 1797 1892 1893 1795 1890 1645 1809 1832 1482 1722 1822 1654 1743 1884 1907 1905 1575 1369

Tree=0
num_leaves=19
num_cat=1
split_feature=10 10 10 21 21 13 15 0 22 17 10 21 22 13 22 17 31 21
split_gain=286.928 29.4883 20.8301 7.65989 5.09452 4.31287 3.312 2.18874 1.56663 1.544 1.42096 1.29102 0.941169 0.622325 0.528206 0.275768 0.123839 0.0217666
threshold=1092.9285714285718 972.50000000000011 1187.5000000000002 1027.5000000000002 1122.5000000000002 1106.8172222701398 0.51849435583340198 0 1022.5000000000001 0.26659387353423869 1475.0000000000002 1077.5000000000002 1122.5000000000002 1229.4760731596286 1122.5000000000002 -0.29343329057636974 0.099999999999996467 1016.0000000000001
decision_type=2 2 2 2 2 2 2 1 2 2 2 2 2 2 2 2 2 2
left_child=1 17 5 8 13 14 -7 10 -3 16 -6 -8 -9 -4 -2 -16 -5 -1
right_child=2 3 4 9 7 6 11 12 -10 -11 -12 -13 -14 -15 15 -17 -18 -19
leaf_value=989.5 995.5 997 997.67500006593764 1000 999.40000039339066 1003 998.5 1000 997 994.75000021234155 1006.4500004760921 1000 1009 1000 999.25000012293458 996.55000012740493 998.27500007487833 994
leaf_weight=419 92 172 60 69 177 128 57 55 103 96 214 144 3849 77 56 58 68 70
leaf_count=419 92 172 60 69 177 128 57 55 103 96 214 144 3849 77 56 58 68 70
internal_value=999.999 999.984 1000 999.989 1000 999.996 999.998 1000 999.986 999.994 1000 999.996 1000 999.997 999.993 999.995 999.996 999.979
internal_weight=5964 997 4967 508 4432 535 329 4295 275 233 391 201 3904 137 206 114 137 489
internal_count=5964 997 4967 508 4432 535 329 4295 275 233 391 201 3904 137 206 114 137 489
cat_boundaries=0 1
cat_threshold=518
is_linear=0
shrinkage=1


Tree=1
num_leaves=16
num_cat=0
split_feature=10 10 13 13 22 12 11 13 10 28 22 20 19 23 13
split_gain=193.541 27.9112 5.91157 4.48836 3.50054 2.03796 1.77773 1.55606 1.43409 1.78344 1.1692 0.886426 0.76026 0.739382 0.485494
threshold=972.50000000000011 1193.214285714286 1013.0703830315191 1234.4497863247864 992.50000000000011 1222.4166666666667 241.0295378065525 1154.4572568940496 1107.5000000000002 26.075000000000006 1197.5000000000002 27.342857142857145 10.999999999999998 1162.5000000000002 1086.2217309144673
decision_type=2 2 2 2 2 2 2 2 2 2 2 2 2 2 2
left_child=3 2 8 11 12 6 14 -6 9 -2 -7 -1 -4 -12 -3
right_child=1 5 4 -5 7 10 -8 -9 -10 -11 13 -13 -14 -15 -16
leaf_value=-10.185 -5.794424839277565 -0.27000000000000002 -6.9397498784288754 -5.8064999897405505 -2.8965000038221476 0 -5.9664750039964902 0.040500033460557458 -3.1162498606592419 -2.2409999931603668 0.020925006993859789 -7.1849999999999996 -4.4099999966472385 8.7300000000000004 3.0697499980218708
leaf_weight=339 72 77 64 52 270 100 64 500 70 52 74 98 51 3872 209
leaf_count=339 72 77 64 52 270 100 64 500 70 52 74 98 51 3872 209
internal_value=-0.000211735 0.00139701 -0.00290556 -0.0182816 -0.00179458 0.00246373 0.000128205 -0.000992218 -0.00770769 -0.009864 0.00265456 -0.0193699 -0.00672414 0.00273702 0.00126481
internal_weight=5964 5475 1079 489 885 4396 350 770 194 124 4046 437 115 3946 286
internal_count=5964 5475 1079 489 885 4396 350 770 194 124 4046 437 115 3946 286
is_linear=0
shrinkage=0.03


Tree=2
num_leaves=17
num_cat=2
split_feature=10 10 0 13 10 21 17 13 0 17 10 10 20 12 14 12
split_gain=189.943 25.4797 8.60293 4.27289 3.38192 2.89416 2.05721 1.453 1.35724 1.22066 1.14779 0.809352 0.643969 0.503508 0.233908 0.227
threshold=972.50000000000011 1207.5000000000002 0 1234.4497863247864 1079.2857142857144 1122.5000000000002 0.33222858587828868 1356.4488457096966 1 -0.49812626372919411 1037.5000000000002 1475.0000000000002 27.342857142857145 1098.3500000000001 0.34235194516023087 1198.8333333333335
decision_type=2 2 1 2 2 2 2 2 1 2 2 2 2 2 2 2
left_child=3 2 4 12 6 14 -2 13 11 -6 -9 -7 -1 -4 -3 -10
right_child=1 5 7 -5 9 8 -8 10 15 -11 -12 -13 -14 -15 -16 -17
leaf_value=-9.8794500000000021 -2.8231049413786811 -0.046298234235450202 -0.51180879901877141 -5.6323049900483326 -1.2124877883310305 -0.87936320290653269 -7.2018075036471334 -1.9504018989053524 3.1580425482980305 -3.6958615335183911 -0.001215001003818088 6.1779303786836568 -6.969450000000001 0.15628499262593551 -2.0532898695208135 8.4680999999999997
leaf_weight=339 111 50 107 52 99 165 107 57 144 235 189 214 98 261 57 3679
leaf_count=339 111 50 107 52 99 165 107 57 144 235 189 214 98 261 57 3679
internal_value=-0.000196647 0.00139701 -0.00251671 -0.018098 -0.00518472 0.00246682 -0.00831507 0 0.002596 -0.00314328 -0.00180972 0.000646154 -0.0191644 0.0011626 -0.00216667 0.00276839
internal_weight=5964 5475 1166 489 552 4309 218 614 4202 334 246 379 437 368 107 3823
internal_count=5964 5475 1166 489 552 4309 218 614 4202 334 246 379 437 368 107 3823
cat_boundaries=0 1 2
cat_threshold=276 518
is_linear=0
shrinkage=0.03


Tree=3
num_leaves=18
num_cat=0
split_feature=10 10 13 13 11 10 12 11 13 17 22 13 13 10 11 29 10
split_gain=185.28 23.7099 7.78661 3.92348 3.3988 2.5244 1.85357 1.81713 1.08724 0.850263 0.694112 0.667285 2.4053 0.426626 0.172184 0.128773 0.0892381
threshold=972.50000000000011 1207.5000000000002 1008.124553115424 1234.4497863247864 149.20423841803051 1079.2857142857144 1222.4166666666667 153.91710817994075 1154.4572568940496 -0.58481178939031186 1197.5000000000002 966.60217460825083 1088.5591931958304 1071.7857142857144 188.66700319673774 26.475000000000005 1275.0000000000002
decision_type=2 2 2 2 2 2 2 2 2 2 2 2 2 2 2 2 2
left_child=3 2 9 11 8 -6 7 16 -4 -2 -8 -1 15 -11 -12 -13 -3
right_child=1 6 4 -5 5 -7 10 -9 -10 13 14 12 -14 -15 -16 -17 -18
leaf_value=-5.2603664999999999 -2.0390960098922357 4.0431662236104042 -2.6079989008084179 -5.4633358403468844 -6.5985880508596919 -1.6209332922229116 0.047824449005908251 -2.7498666314970599 0.059139262966746174 -4.2474165677355984 8.2140569999999968 -7.333066500000001 -12.583066500000001 -4.1606365407834334 5.7979769297607442 -7.0249063659735915 5.08386480851338
leaf_weight=164 64 113 219 52 84 180 93 101 496 62 3352 101 103 61 580 69 70
leaf_count=164 64 113 219 52 84 180 93 101 496 62 3352 101 103 61 580 69 70
internal_value=-0.000111148 0.00146275 -0.00231105 -0.0177918 -0.00118163 -0.00408679 0.00249466 0 -4.18993e-05 -0.00794681 0.00266021 -0.0188219 -0.0167737 -0.00972581 0.00272082 -0.0135965 0.00192391
internal_weight=5964 5475 1166 489 979 264 4309 284 715 187 4025 437 273 123 3932 170 183
internal_count=5964 5475 1166 489 979 264 4309 284 715 187 4025 437 273 123 3932 170 183
is_linear=0
shrinkage=0.03


Tree=4
num_leaves=18
num_cat=2
split_feature=10 10 0 10 12 0 20 17 27 16 22 10 11 21 16 23 12
split_gain=185.805 22.4689 9.71816 3.81955 3.75752 2.22088 2.16916 2.05721 1.88372 1.45661 1.25071 1.08044 0.583312 0.574745 0.491891 0.294593 0.111949
threshold=972.50000000000011 1207.5000000000002 0 1079.2857142857144 993.36666666666679 1 27.342857142857145 0.33222858587828868 24.525000000000002 -0.49813403728436417 1000.5000000000001 1700.714285714286 188.66700319673774 1122.5000000000002 0.019351116170480156 1227.5000000000002 1169.1666666666667
decision_type=2 2 1 2 2 1 2 2 2 2 2 2 2 2 2 2 2
left_child=4 2 3 7 6 11 -1 -2 -6 -5 14 12 -3 -7 -4 -12 -15
right_child=1 5 10 9 8 13 -8 -9 -10 -11 15 -13 -14 16 -16 -17 -18
leaf_value=-9.2055745050000013 -2.5404541631731412 2.5360591742854761 0.082322271328401933 -4.0755959116435783 -8.1779357472451348 -0.28606602475865983 -7.4828977614426675 -6.852190525840558 -4.7399789602814115 -1.2900019890638668 0.087047271137296323 11.091023580778856 -1.1506449338763982 2.436532373852188 -1.424832067782263 -0.0029527288627036797 7.9676352900000005
leaf_weight=284 111 144 50 110 61 54 94 107 50 224 372 168 216 90 138 54 3637
leaf_count=284 111 144 50 110 61 54 94 107 50 224 372 168 216 90 138 54 3637
internal_value=-8.60016e-05 0.00149014 -0.00218252 -0.00502487 -0.0177918 0.00249466 -0.0194485 -0.00831507 -0.011625 -0.00287463 0.0003792 0.000517625 -0.000290859 0.00275 -0.00153968 0.00134192 0.00280204
internal_weight=5964 5475 1166 552 489 4309 378 218 111 334 614 528 360 3781 188 426 3727
internal_count=5964 5475 1166 552 489 4309 378 218 111 334 614 528 360 3781 188 426 3727
cat_boundaries=0 1 2
cat_threshold=276 519
is_linear=0
shrinkage=0.03


Tree=5
num_leaves=18
num_cat=1
split_feature=10 10 12 11 10 20 20 0 17 22 21 13 11 32 7 12 21
split_gain=185.868 18.554 6.07344 5.75047 4.09491 2.57754 2.10818 1.89881 1.74983 1.48161 0.878571 0.831909 0.735607 0.678277 0.457023 0.407943 0.180146
threshold=972.50000000000011 1193.214285714286 999.61666666666679 146.79107277903861 1079.2857142857144 27.342857142857145 24.089285714285719 0 0.33222858587828868 992.50000000000011 1227.5000000000002 1000.4029151968799 121.98750911856713 0.5499999999999966 63.500000000000007 1254.2833333333335 1277.5000000000002
decision_type=2 2 2 2 2 2 2 1 2 2 2 2 2 2 2 2 2
left_child=2 3 5 9 8 -1 -4 14 -5 -2 12 -6 -9 -11 -3 -12 -16
right_child=1 7 6 4 11 -7 -8 10 -10 13 15 -13 -14 -15 16 -17 -18
leaf_value=-8.9294072698500031 -2.2442711982843182 -3.0408033601461235 -7.475986421082677 -2.9246577944900096 -5.166055566980333 -7.8780685394216974 -4.5093751303577552 2.4683117728590211 -6.7289298473017709 -1.1017211143429453 2.6783504848641688 -1.8570163901839811 -0.62905136982570553 0.079852603188550114 -0.46786693498243709 9.228606231299997 3.9731548312770042
leaf_weight=299 76 68 50 65 53 101 59 163 67 121 280 167 115 527 52 3514 168
leaf_count=299 76 68 50 65 53 101 59 163 67 121 280 167 115 527 52 3514 168
internal_value=-5.0453e-06 0.00161173 -0.0173294 -0.00189136 -0.00503966 -0.0191895 -0.00998182 0.00248682 -0.00931579 -0.000293793 0.00265026 -0.00223982 0.000784946 0.000106318 0 0.00278182 0.000746606
internal_weight=5945 5436 509 1076 352 400 109 4360 132 724 4072 220 278 648 288 3794 220
internal_count=5945 5436 509 1076 352 400 109 4360 132 724 4072 220 278 648 288 3794 220
cat_boundaries=0 1
cat_threshold=517
is_linear=0
shrinkage=0.03


Tree=6
num_leaves=18
num_cat=2
split_feature=10 10 0 12 11 10 15 0 10 22 23 7 12 13 19 17 13
split_gain=169.167 16.4026 6.66322 4.88387 3.7656 2.91929 2.88654 1.84851 1.12291 0.992183 0.751282 0.559497 0.462882 0.357359 0.345169 0.187774 0.0273308
threshold=972.50000000000011 1193.214285714286 0 999.61666666666679 146.79107277903861 1079.2857142857144 0.689015599449598 1 1507.5000000000002 1022.5000000000001 912.50000000000011 82.500000000000014 1254.2833333333335 1133.956473214286 0.15000000000000005 -0.95437928252617776 1290.9722222222224
decision_type=2 2 1 2 2 2 2 1 2 2 2 2 2 2 2 2 2
left_child=3 2 4 10 9 -6 -5 8 11 -2 -1 -3 13 -9 -4 -16 -10
right_child=1 7 14 6 5 -7 -8 12 16 -11 -12 -13 -14 -15 15 -17 -18
leaf_value=-8.6615250517545022 -2.0194077308742422 -3.0239130982072959 -1.1162454594676949 -4.3808438765476057 -5.3273095370845658 -2.7962657884369992 -7.4280938679655018 0.1121805895727761 4.9358723133668132 -0.95023336059216545 -7.321798491348968 0.3811845501795062 7.4517480443609951 3.6726456487489325 0.077457025092893442 0.082040274907520819 7.9429839275411949
leaf_weight=282 124 110 50 58 125 169 51 138 62 261 118 161 3474 225 51 296 190
leaf_count=282 124 110 50 58 125 169 51 138 62 261 118 161 3474 225 51 296 190
internal_value=6.55904e-05 0.00162277 -0.00166852 -0.0164471 -0.00346087 -0.00611186 -0.00970909 0.00244554 0.000606742 -0.00139896 -0.0181421 -0.000595588 0.00267568 0.00138462 0.00133824 0.00174138 0.00209881
internal_weight=5945 5436 1076 509 679 294 109 4360 523 385 400 271 3837 363 397 347 252
internal_count=5945 5436 1076 509 679 294 109 4360 523 385 400 271 3837 363 397 347 252
cat_boundaries=0 1 2
cat_threshold=308 519
is_linear=0
shrinkage=0.03


Tree=7
num_leaves=15
num_cat=2
split_feature=21 23 22 21 0 11 24 22 32 14 0 21 24 23
split_gain=138.437 19.5853 11.649 8.27808 4.40481 3.66443 2.67794 2.2842 1.42145 1.0893 0.986086 0.928526 0.828264 0.330785
threshold=992.50000000000011 855.00000000000011 992.50000000000011 1205.0000000000002 0 197.30324738476281 992.50000000000011 1205.0000000000002 1.0000000180025095e-35 0.30983042691905771 1 855.00000000000011 1377.5000000000002 1137.5000000000002
decision_type=2 2 2 2 1 2 2 2 2 2 1 2 2 2
left_child=2 -2 5 4 8 11 -4 10 -3 -8 -5 -1 -6 -9
right_child=1 3 6 7 12 -7 9 13 -10 -11 -12 -13 -14 -15
leaf_value=-8.4016793002018666 -7.1899610295624328 0.59411644591776624 -4.3225813995083486 -1.5168551636566714 0.079678291784495273 -7.3060550326427105 -0.37512419244039757 0.27251404112349453 -3.2318354677997543 -4.9615578769781692 2.7281956030301648 -6.399241131722742 -0.63054923847991085 7.2281956030301648
leaf_weight=186 93 52 87 156 608 57 50 58 340 71 158 134 101 3794
leaf_count=186 93 52 87 156 608 57 50 58 340 71 158 134 101 3794
internal_value=0.000116045 0.00163682 -0.0137201 0.0018861 -0.000392014 -0.0169683 -0.00756459 0.00249892 -0.00292556 -0.00403279 0 -0.0183645 0.000975 0.00269946
internal_weight=5945 5360 585 5267 1101 377 208 4166 392 121 314 320 709 3852
internal_count=5945 5360 585 5267 1101 377 208 4166 392 121 314 320 709 3852
cat_boundaries=0 1 2
cat_threshold=276 788
is_linear=0
shrinkage=0.03


Tree=8
num_leaves=18
num_cat=2
split_feature=10 10 11 10 10 13 21 22 17 11 12 11 16 0 11 24 0
split_gain=158.438 15.9126 6.18837 5.00911 3.9972 2.73214 1.975 1.70645 1.59592 1.35818 0.941298 0.927752 0.857866 0.830408 0.791332 0.528573 0.183173
threshold=972.50000000000011 1193.214285714286 146.79107277903861 915.71428571428589 1079.2857142857144 992.09306226516389 1227.5000000000002 992.50000000000011 0.36447543099728863 197.30324738476281 1254.2833333333335 121.98750911856713 -0.56457669118955289 0 195.1800145897121 1377.5000000000002 1
decision_type=2 2 2 2 2 2 2 2 2 2 2 2 2 1 2 2 1
left_child=3 2 7 9 8 -5 11 -2 -4 -1 14 -3 -6 -9 -8 -13 -12
right_child=1 6 4 5 12 -7 10 13 -10 -11 16 15 -14 -15 -16 -17 -18
leaf_value=-8.1496289211958111 -2.045130465187794 2.165183597225893 -2.3896867958931405 -4.9447502022873877 -3.6274304391427399 -4.1947158626869641 3.8089169880062386 -1.0582042411974077 -6.2368105570928938 -8.294292806294651 3.1307636044075062 2.3777483499612782 -0.93508898112369543 0.072605468092133377 -1.6299856311914445 -1.2220131245339636 8.5113497349392606
leaf_weight=316 76 170 68 56 80 84 258 165 64 53 159 72 140 483 77 110 3514
leaf_count=316 76 170 68 56 80 84 258 165 64 53 159 72 140 483 77 110 3514
internal_value=0.00012109 0.00162829 -0.00161281 -0.0158588 -0.00486969 -0.0101064 0.00243866 0 -0.00909023 -0.0178865 0.00262884 0.000144476 -0.00210407 0.000476117 0.000892857 -0.00119672 0.00277463
internal_weight=5945 5436 1076 509 352 140 4360 724 132 369 4008 352 220 648 335 182 3673
internal_count=5945 5436 1076 509 352 140 4360 724 132 369 4008 352 220 648 335 182 3673
cat_boundaries=0 1 2
cat_threshold=272 517
is_linear=0
shrinkage=0.03


Tree=9
num_leaves=20
num_cat=1
split_feature=12 21 21 23 0 13 23 11 11 29 12 19 7 21 11 13 21 12 21
split_gain=129.358 17.437 12.5443 8.88796 4.60222 4.12981 4.01411 2.4377 2.08432 2.08036 1.44015 1.22191 0.932935 0.707038 0.504629 0.374931 0.26932 0.178494 0.0837178
threshold=1017.5000000000001 906.00000000000011 1027.5000000000002 855.00000000000011 0 1057.6666666666667 1240.0000000000002 197.30324738476281 118.01936887043489 23.575000000000006 1222.4166666666667 11.999999999999996 49.500000000000007 1077.5000000000002 164.03227392351226 1132.60419367384 1240.0000000000002 1185.0333333333335 1027.5000000000002
decision_type=2 2 2 2 1 2 2 2 2 2 2 2 2 2 2 2 2 2 2
left_child=1 7 4 -3 9 13 8 -1 15 -2 14 -11 -10 -5 -8 -4 -12 -6 -7
right_child=2 3 6 5 17 18 10 -9 12 11 16 -13 -14 -15 -16 -17 -18 -19 -20
leaf_value=-7.9051400535599363 -5.3486269784158269 -6.4371515661127612 -0.47770976917067598 -5.6512800869395523 0.073635579377191257 -1.0343320206217599 1.7807959225533831 -9.3128124253333304 -4.321381575131352 -3.4828270880133161 1.3636585801130785 -1.064179181410368 -0.59564997493729166 -3.1476151514049011 -2.207295910889723 0.55793551433231436 7.3194142852065154 -0.090811797802980557 0.40337968975795258
leaf_weight=264 92 71 78 67 68 70 174 55 78 63 129 95 265 56 73 433 3673 84 57
leaf_count=264 92 71 78 67 68 70 174 55 78 63 129 95 265 56 73 433 3673 84 57
internal_value=0.000201816 -0.0125195 0.00174708 -0.00730435 -0.00329777 -0.00436255 0.00217047 -0.0175875 0.000242105 -0.00568965 0.00256593 -0.00333962 -0.0015 -0.00827419 0.000145161 0.0015 0.00271128 0.000680982 -0.0001875
internal_weight=5945 640 5305 321 402 250 4903 319 854 250 4049 158 343 123 247 511 3802 152 127
internal_count=5945 640 5305 321 402 250 4903 319 854 250 4049 158 343 123 247 511 3802 152 127
cat_boundaries=0 1
cat_threshold=308
is_linear=0
shrinkage=0.03


Tree=10
num_leaves=19
num_cat=0
split_feature=10 10 21 21 13 13 17 14 21 11 11 7 22 22 11 23 23 23
split_gain=137.936 15.9205 5.63106 4.55979 3.21959 2.82238 2.23086 2.01554 1.98072 1.43118 0.899523 0.704593 0.695389 0.574337 0.928893 0.508582 0.0311012 0.0228843
threshold=979.64285714285722 1193.214285714286 906.00000000000011 992.50000000000011 1121.491877513256 1057.6666666666667 0.19969739736768838 0.26037272046371446 1205.0000000000002 180.23628198404725 138.44373104863874 67.500000000000014 1000.5000000000001 1240.0000000000002 221.60127440883429 1162.5000000000002 912.50000000000011 1205.0000000000002
decision_type=2 2 2 2 2 2 2 2 2 2 2 2 2 2 2 2 2 2
left_child=2 3 9 7 6 -4 -5 -2 10 16 17 -12 -6 14 -10 -15 -1 -3
right_child=1 8 5 4 12 -7 -8 -9 13 -11 11 -13 -14 15 -16 -17 -18 -19
leaf_value=-7.6860077778348028 -1.1359674515788212 1.3469205146831109 -5.6125540865946366 -1.0888693457700274 -1.2470373215400785 -3.9516940477802525 -3.8099770801779576 -5.7096579440403925 2.8641098003069185 -7.8930164163212941 -2.7025138614160915 0.090233570439720412 0.072801486482682087 1.1994197961221003 -3.275686151454841 7.4422292994888508 -4.7455187309561451 2.8227488227096886
leaf_weight=198 73 88 114 233 159 88 137 93 147 60 52 129 380 57 53 3779 64 106
leaf_count=198 73 88 114 233 159 88 137 93 147 60 52 129 380 57 53 3779 64 106
internal_value=0.000162203 0.00157518 -0.01452 -0.00167286 -0.000778022 -0.00994581 -0.00295148 -0.00626946 0.00237715 -0.0172105 0.000159575 -0.00121978 0.000633333 0.00257196 0.000671642 0.00265911 -0.0185133 0.00167692
internal_weight=6010 5486 524 1075 909 202 370 166 4411 322 375 181 539 4036 200 3836 262 194
internal_count=6010 5486 524 1075 909 202 370 166 4411 322 375 181 539 4036 200 3836 262 194
is_linear=0
shrinkage=0.03


Tree=11
num_leaves=19
num_cat=0
split_feature=10 10 12 21 13 20 17 14 21 12 11 11 7 22 21 27 22 23
split_gain=132.9 15.8138 6.03594 4.55979 3.21959 2.79725 2.23086 2.01554 1.95483 1.01617 0.899523 0.713978 0.704593 0.695389 0.462679 0.441728 0.43348 0.0228843
threshold=979.64285714285722 1193.214285714286 970.83333333333337 992.50000000000011 1121.491877513256 24.025000000000006 0.19969739736768838 0.26037272046371446 1205.0000000000002 1254.2833333333335 138.44373104863874 153.91710817994075 67.500000000000014 1000.5000000000001 906.00000000000011 26.125000000000004 1240.0000000000002 1205.0000000000002
decision_type=2 2 2 2 2 2 2 2 2 2 2 2 2 2 2 2 2 2
left_child=2 3 14 7 6 -4 -5 -2 10 11 17 -10 -12 -6 15 -1 -11 -3
right_child=1 8 5 4 13 -7 -8 -9 9 16 12 -13 -14 -15 -16 -17 -18 -19
leaf_value=-7.4434896675692341 -1.101888428031456 1.3065128992426207 -7.3630974420541202 -1.0562032653969264 -1.209626201893875 -3.7890701792445372 -3.6956777677726178 -5.5383682057191814 3.7641136620196445 1.8016630740087494 -2.6214384455736104 -0.58159804303569573 0.087526563326527904 0.070617441888200572 -4.7704668138893602 -7.8458916720551857 8.6231607409069948 2.7380663580283997
leaf_weight=148 73 88 64 233 159 96 137 93 229 104 52 98 129 380 111 105 3605 106
leaf_count=148 73 88 64 233 159 96 137 93 229 104 52 98 129 380 111 105 3605 106
internal_value=0.000177175 0.00156424 -0.0142343 -0.00167286 -0.000778022 -0.0086646 -0.00295148 -0.00626946 0.00236355 0.0025571 0.000159575 0.00075 -0.00121978 0.000633333 -0.0165288 -0.0179764 0.00270404 0.00167692
internal_weight=6010 5486 524 1075 909 160 370 166 4411 4036 375 327 181 539 364 253 3709 194
internal_count=6010 5486 524 1075 909 160 370 166 4411 4036 375 327 181 539 364 253 3709 194
is_linear=0
shrinkage=0.03


Tree=12
num_leaves=18
num_cat=0
split_feature=10 10 21 10 13 12 17 12 14 11 22 15 11 12 11 23 13
split_gain=112.69 15.8671 4.20078 4.04115 2.89552 2.2448 2.02928 1.96256 1.81688 1.79407 1.10754 1.09274 0.693234 0.689528 0.480337 0.463564 0.0938709
threshold=979.64285714285722 1193.214285714286 992.50000000000011 797.357142857143 1121.491877513256 970.83333333333337 0.19969739736768838 1254.2833333333335 0.26037272046371446 94.153458079202906 1240.0000000000002 0.78724360164103002 138.44373104863874 1286.7500000000002 188.66700319673774 1240.0000000000002 916.94749308193809
decision_type=2 2 2 2 2 2 2 2 2 2 2 2 2 2 2 2 2
left_child=3 2 8 -1 6 16 -4 11 -2 -7 14 12 -3 -6 -9 -12 -5
right_child=1 7 4 5 13 9 -8 10 -10 -11 15 -13 -14 -15 -16 -17 -18
leaf_value=-10.214100927331801 -1.0688317751905132 3.5549165242245122 -1.0245171674350193 -3.0263066704449368 0.13283215456020608 -1.5434144706592123 -3.5848074347394392 1.9244115525558132 -5.3722171595476071 -6.053604934387244 0.18568142874721943 -1.0691305249445522 -0.17380151216523468 -1.1743805169727757 -1.6520097659236859 7.5544651131230101 -6.3435741352264845
leaf_weight=71 73 262 233 94 436 51 137 115 93 100 101 85 145 103 78 3625 208
leaf_count=71 73 262 233 94 436 51 137 115 93 100 101 85 145 103 78 3625 208
internal_value=0.000291965 0.00156971 -0.00167286 -0.0129771 -0.000810989 -0.0116432 -0.00287062 0.00237035 -0.00608982 -0.00777632 0.00259745 0.00046856 0.00119118 0.000522222 0.000123711 0.00271344 -0.013396
internal_weight=6010 5486 1075 524 909 453 370 4411 166 151 3919 492 407 539 193 3726 302
internal_count=6010 5486 1075 524 909 453 370 4411 166 151 3919 492 407 539 193 3726 302
is_linear=0
shrinkage=0.03


Tree=13
num_leaves=20
num_cat=1
split_feature=10 10 12 0 11 17 14 12 10 10 20 13 22 11 13 19 11 23 13
split_gain=102.472 12.6865 5.88259 4.98126 3.02401 2.93795 2.25627 1.83524 1.69448 1.66022 1.54864 0.983829 0.979932 0.848547 0.688788 0.575881 0.51667 0.476891 0.403504
threshold=993.92857142857156 1207.5000000000002 970.83333333333337 0 94.153458079202906 0.2332836900311728 0.24372619187392155 1254.2833333333335 1044.2857142857144 797.357142857143 24.953571428571433 1443.5541032109379 1240.0000000000002 138.44373104863874 997.72822818536508 27.150000000000002 188.66700319673774 1240.0000000000002 1133.956473214286
decision_type=2 2 2 1 2 2 2 2 2 2 2 2 2 2 2 2 2 2 2
left_child=2 3 9 5 -4 14 -7 13 11 -1 -6 -5 16 15 -2 -3 -9 -14 -15
right_child=1 7 4 8 10 6 -8 12 -10 -11 -12 -13 17 18 -16 -17 -18 -19 -20
leaf_value=-9.9076779007710609 -1.7896589469133966 3.7079489829007763 -0.93682149221895661 -0.45097990651371417 -6.9323766009869336 -1.5232093925750994 -5.6460252801379571 1.9013398911305326 0.15445346215582723 -5.2167894011919449 -4.9800368545153866 -1.6179910267168416 1.3709545826610792 -1.6307379167455243 0.15052500830489027 -0.17045220334961203 -1.6024494729459768 7.3278311597293166 0.17812341929533482
leaf_weight=62 78 187 79 85 69 169 86 106 451 309 58 51 97 68 183 68 78 3624 102
leaf_count=62 78 187 79 85 69 169 86 106 451 309 58 51 97 68 183 68 78 3624 102
internal_value=0.000331892 0.00161649 -0.0116678 -0.00122826 -0.00708696 -0.00335294 -0.00574219 0.00235165 0.00061204 -0.0140645 -0.0100312 -0.00216788 0.0025576 0.000352113 -0.000961832 0.00152344 0.000145946 0.0026647 -0.00114035
internal_weight=6010 5433 577 1103 206 516 255 4330 587 371 127 136 3905 425 261 255 184 3721 170
internal_count=6010 5433 577 1103 206 516 255 4330 587 371 127 136 3905 425 261 255 184 3721 170
cat_boundaries=0 1
cat_threshold=276
is_linear=0
shrinkage=0.03


Tree=14
num_leaves=20
num_cat=3
split_feature=10 10 21 0 0 17 15 10 24 10 0 10 13 10 29 20 21 11 11
split_gain=94.0643 10.0886 8.52416 5.2567 4.63161 2.49015 1.79101 1.64819 1.12766 1.24811 1.03921 0.884819 0.817778 0.667363 0.555284 0.314852 0.136728 0.0055236 0.0132717
threshold=1013.9285714285716 1307.5000000000002 881.00000000000011 0 1 0.2332836900311728 0.97832380634958016 797.357142857143 1377.5000000000002 1050.714285714286 2 1700.714285714286 1414.4340778437474 972.50000000000011 25.025000000000002 25.375000000000004 1352.5000000000002 241.0295378065525 293.5821455580645
decision_type=2 2 2 1 1 2 2 2 2 2 1 2 2 2 2 2 2 2 2
left_child=2 3 7 5 13 14 -7 -1 9 -5 17 16 -6 -4 -2 -9 -12 -3 -19
right_child=1 10 4 8 12 6 -8 15 -10 -11 11 -13 -14 -15 -16 -17 -18 18 -20
leaf_value=-9.6080331506057082 -2.1774094209178463 8.6079962249374358 -5.2383041472156489 -1.1697639883847282 0.15244925964854555 -3.4475679366550942 0.32736211653639291 -5.3956453985393384 -1.1797534769890801 0.57887356979438032 -0.55347270599896203 11.370594999128047 -3.1122625931490178 -5.0540907298863029 0.44242869971688881 -6.5659188634607322 1.8936185484875079 2.7950935347695141 4.7804787700957556
leaf_weight=63 95 3085 208 97 63 224 61 114 89 781 101 219 62 61 248 94 228 52 65
leaf_count=63 95 3085 208 97 63 224 61 114 89 781 101 219 62 61 248 94 228 52 65
internal_value=0.000396773 0.0017284 -0.0102252 -0.000244361 -0.00714684 -0.00238028 -0.00451049 -0.0144926 0.00111043 0.00147782 0.00257931 0.00114311 -0.00132353 -0.00927857 -0.000540698 -0.012445 3.63637e-05 0.00279832 0.00132203
internal_weight=6010 5345 665 1595 394 628 285 271 967 878 3750 548 125 269 343 208 329 3202 117
internal_count=6010 5345 665 1595 394 628 285 271 967 878 3750 548 125 269 343 208 329 3202 117
cat_boundaries=0 1 2 3
cat_threshold=276 276 488
is_linear=0
shrinkage=0.03


Tree=15
num_leaves=20
num_cat=2
split_feature=10 21 10 10 0 13 27 16 21 32 16 0 10 11 22 6 11 22 27
split_gain=81.8688 13.1515 8.70803 4.09646 3.75557 3.06949 2.40406 2.12051 2.10371 1.26449 0.896786 0.874743 0.72105 0.682994 0.552215 0.531068 0.438337 0.387526 0.281917
threshold=1044.2857142857144 906.00000000000011 1193.214285714286 797.357142857143 0 1008.124553115424 22.325000000000006 -0.814291907305839 1205.0000000000002 0.89999999999999658 -0.42180583328916638 1 1502.6428571428573 121.98750911856713 992.50000000000011 2.5000000000000004 125.35663410560191 837.50000000000011 26.075000000000006
decision_type=2 2 2 2 1 2 2 2 2 2 2 1 2 2 2 2 2 2 2
left_child=1 3 4 -1 6 10 -2 -8 13 -7 -3 -10 -13 -4 17 -15 -11 -5 -6
right_child=2 5 8 14 18 9 7 -9 11 16 -12 12 -14 15 -16 -17 -18 -19 -20
leaf_value=-9.3101345090951781 -3.4638218500675597 -1.667514636021268 1.6260077814671359 -6.6744165114187135 0.15427103982339496 -4.9893157023242001 -2.9411581807468941 -0.67276549358703275 6.1571257512607955 -0.20288401375479817 -5.4490620035088835 0.28613494146657298 7.9554806316843587 -2.2317286198801942 -5.0398685503130105 0.10466509473014414 -3.1495547791416798 -3.9803986686275974 -0.0055501942639130724
leaf_weight=66 54 60 176 86 281 75 68 253 3455 146 101 272 307 52 86 147 61 147 116
leaf_count=66 54 60 176 86 281 75 68 253 3455 146 101 272 307 52 86 147 61 147 116
internal_value=0.000431281 -0.00831242 0.00183867 -0.0124352 -0.00105951 -0.00460811 -0.00318653 -0.00208696 0.00235646 -0.00246996 -0.00803704 0.00255688 0.00124068 7.97873e-05 -0.01065 -0.00099 -0.000980769 -0.0118205 0.000897059
internal_weight=6009 828 5181 385 772 443 375 321 4409 282 161 4034 579 375 319 199 207 233 397
internal_count=6009 828 5181 385 772 443 375 321 4409 282 161 4034 579 375 319 199 207 233 397
cat_boundaries=0 1 2
cat_threshold=276 488
is_linear=0
shrinkage=0.03


Tree=16
num_leaves=20
num_cat=2
split_feature=10 21 10 10 0 13 21 27 19 25 0 11 12 6 12 33 18 11 33
split_gain=80.2223 13.9018 8.29229 4.09646 3.47716 2.76279 2.09037 2.08993 1.41734 1.19339 0.963937 0.682994 0.658974 0.531068 0.489743 0.300439 0.192504 0.180832 0.120633
threshold=1044.2857142857144 906.00000000000011 1193.214285714286 797.357142857143 0 1008.124553115424 1205.0000000000002 22.325000000000006 1.6999999999999968 25.125000000000004 1 121.98750911856713 1562.166666666667 2.5000000000000004 1098.3500000000001 5.9650000000000007 2.4999999999999933 192.41572057347403 3.5150000000000001
decision_type=2 2 2 2 1 2 2 2 2 2 1 2 2 2 2 2 2 2 2
left_child=1 3 4 -1 7 -3 11 -2 -7 -9 -8 16 -12 -13 -10 18 -4 -5 -6
right_child=2 5 6 17 15 8 10 9 14 -11 12 13 -14 -15 -16 -17 -18 -19 -20
leaf_value=-9.0308304738223235 -3.3599071945655323 -4.4563439340558819 1.8547105308717216 -3.8876647468730874 0.056715872013605464 -4.8542097550936649 5.972411978722973 -0.095040627143359036 -1.679537329519345 -3.0461252990606074 0.56118469435744422 -2.1647767612837887 8.3113387588181062 0.10152514188823832 0.16665418862722234 -0.023762719135885107 0.32412192260595285 -6.8334447835291234 0.13110447883694931
leaf_weight=66 54 161 111 258 51 79 3455 155 146 166 338 52 241 147 57 88 65 61 258
leaf_count=66 54 161 111 258 51 79 3455 155 146 166 338 52 241 147 57 88 65 61 258
internal_value=0.000451248 -0.00820386 0.00184446 -0.0124352 -0.000981889 -0.00440541 0.00234966 -0.00303109 -0.00236396 -0.00199379 0.00254944 7.97873e-05 0.00118983 -0.00099 -0.000764706 0.000897059 0.00154237 -0.01065 0.00139355
internal_weight=6009 828 5181 385 772 443 4409 375 282 321 4034 375 579 199 203 397 176 319 309
internal_count=6009 828 5181 385 772 443 4409 375 282 321 4034 375 579 199 203 397 176 319 309
cat_boundaries=0 1 2
cat_threshold=276 488
is_linear=0
shrinkage=0.03


Tree=17
num_leaves=20
num_cat=1
split_feature=10 21 10 10 21 10 22 16 15 3 10 22 19 32 24 21 7 10 14
split_gain=74.3583 11.9424 7.76949 2.22939 1.94148 1.17059 0.914275 0.864195 1.14614 0.825499 0.609015 0.605875 0.572431 0.977529 0.487534 0.40984 0.371299 0.295081 0.273208
threshold=1044.2857142857144 906.00000000000011 1193.214285714286 797.357142857143 1205.0000000000002 941.07142857142878 992.50000000000011 -0.80418297442179421 0.79253265336324141 0 1143.214285714286 1205.0000000000002 0.75000000000000011 41.250000000000007 1377.5000000000002 1467.5000000000002 82.500000000000014 1437.5000000000002 0.80926549319045582
decision_type=2 2 2 2 2 2 2 2 2 1 2 2 2 2 2 2 2 2 2
left_child=1 3 7 -1 14 18 -5 10 -9 -10 -2 15 -7 -14 -4 -6 -16 -13 -3
right_child=2 5 4 6 11 12 -8 8 9 -11 -12 17 13 -15 16 -17 -18 -19 -20
leaf_value=-8.7599055596076543 -2.6741963489800642 -2.5229164819374859 1.2120438479691931 -4.6372191778991834 1.7340417133517887 -4.2535818969706956 -4.7720425513974289 0.037029874579531434 -0.220433416254219 -4.1130025439080269 -1.0065554411734217 3.2921555524700232 -0.62501311756841249 -2.2246923293750296 -2.1875647015359849 -1.5171902036511393 0.20656722846121769 10.880874634676942 -5.4414649738245489
leaf_weight=66 52 68 231 233 139 73 86 453 125 90 52 782 130 117 58 53 86 3060 55
leaf_count=66 52 68 231 233 139 73 86 453 125 90 52 782 130 117 58 53 86 3060 55
internal_value=0.000526123 -0.00780579 0.00186762 -0.0117358 0.00235646 -0.00427027 -0.010275 -0.000865459 -0.000390134 -0.00222222 -0.00345714 0.00254944 -0.00303738 -0.00203226 0.000159575 0.00057513 -0.00105517 0.00263622 -0.00706452
internal_weight=6009 828 5181 385 4409 443 319 772 668 215 104 4034 320 247 375 192 144 3842 123
internal_count=6009 828 5181 385 4409 443 319 772 668 215 104 4034 320 247 375 192 144 3842 123
cat_boundaries=0 1
cat_threshold=2
is_linear=0
shrinkage=0.03


Tree=18
num_leaves=20
num_cat=0
split_feature=12 21 21 23 23 12 21 16 13 12 11 17 11 13 13 20 32 23 16
split_gain=72.335 10.4847 7.14444 2.2787 2.09271 2.01518 1.52228 1.45217 1.28089 1.24005 0.880491 0.784688 0.75803 0.583176 0.739866 0.536667 0.379753 0.210177 0.201091
threshold=1017.5000000000001 1205.0000000000002 912.50000000000011 1027.5000000000002 806.00000000000011 1225.2500000000002 912.50000000000011 -0.022576249993022688 1065.9416926667725 1092.5000000000002 129.09944487358192 -0.54220090575550783 80.917359371269271 1096.0992495464295 916.94749308193809 26.13571428571429 39.95000000000001 1197.5000000000002 0.76558307451930629
decision_type=2 2 2 2 2 2 2 2 2 2 2 2 2 2 2 2 2 2 2
left_child=2 3 7 6 -4 10 -2 -1 -6 15 -3 -8 -11 14 -9 -5 -12 -7 -10
right_child=1 5 4 9 8 17 11 13 18 12 16 -13 -14 -15 -16 -17 -18 -19 -20
leaf_value=-4.2850888711389121 -5.0364060986517085 2.8434799895356639 -7.7212902271976089 -2.4671087135729826 -3.9112217357512451 1.0786651173250412 0.18623505430766726 -2.3373695230223124 -1.1297403921094702 0.46923702761396452 -2.0301278034467662 -1.9135725209715218 -0.19320218571085895 -8.506766039811783 -3.6147365653343706 0.03284201125040271 0.19872679689190181 5.9532872813778637 0.30485983217529355
leaf_weight=127 58 169 50 95 135 68 76 56 81 301 92 196 415 63 87 51 67 3771 51
leaf_count=127 58 169 50 95 135 68 76 56 81 301 92 196 415 63 87 51 67 3771 51
internal_value=0.000561065 0.00171493 -0.00887097 -0.000736798 -0.00535849 0.00242706 -0.00285498 -0.0120539 -0.00400746 2.43338e-05 2.73557e-05 -0.00168132 0.000589958 -0.0140435 -0.0117083 -0.00242857 -0.001425 0.00262031 -0.00142105
internal_weight=6009 5359 650 1192 317 4167 330 333 267 862 328 272 716 206 143 146 159 3839 132
internal_count=6009 5359 650 1192 317 4167 330 333 267 862 328 272 716 206 143 146 159 3839 132
is_linear=0
shrinkage=0.03


Tree=19
num_leaves=20
num_cat=1
split_feature=21 22 22 0 23 23 14 11 19 24 33 33 16 21 30 24 7 14 13
split_gain=62.5832 12.5336 8.98316 4.24831 3.85203 3.40245 2.1011 1.80291 1.66873 1.11324 1.00048 0.867603 0.676749 0.671918 0.524176 0.477666 0.298731 0.279728 0.220299
threshold=992.50000000000011 1227.5000000000002 992.50000000000011 0 1162.5000000000002 855.00000000000011 0.30983042691905771 213.94810158718192 0.75000000000000011 1016.0000000000001 4.7950000000000008 6.0050000000000008 -0.63920832810365547 1227.5000000000002 1.5500000000000003 937.50000000000011 137.50000000000003 0.81428061195174062 1175.5529452529456
decision_type=2 2 2 1 2 2 2 2 2 2 2 2 2 2 2 2 2 2 2
left_child=2 3 5 9 7 15 -4 18 11 12 -11 -5 -2 -6 -10 -1 -7 -8 -3
right_child=1 4 6 8 13 16 17 -9 14 10 -12 -13 -14 -15 -16 -17 -18 -19 -20
leaf_value=-5.8466751204026162 -0.63467145718945228 -0.59675640303365929 0.2127682014292662 -2.297517029985241 0.56018813815266832 -5.1073248197385714 -5.7830593858260437 -6.8955651159600784 0.21778258664384112 -2.4641861874325599 0.57294324199628077 0.19880764610396742 -4.2202581473645457 5.9808453488081588 -0.35742900249816756 -5.453500845991277 -2.1539313187017393 -1.9465615257336497 2.2298871524368451
leaf_weight=133 51 50 86 96 186 114 78 61 440 196 104 70 157 3808 128 54 80 60 57
leaf_count=133 51 50 86 96 186 114 78 61 440 196 104 70 157 3808 128 54 80 60 57
internal_value=0.000566057 0.00159796 -0.00856436 -0.00102092 0.00239034 -0.0114188 -0.00348 -0.00189941 0.000398658 -0.00310405 -0.00174419 -0.00213772 -0.00498086 0.00258248 0.00122847 -0.0146489 -0.00801538 -0.00576259 5.55557e-05
internal_weight=6009 5404 605 1242 4162 381 224 168 734 508 300 166 208 3994 568 187 194 138 107
internal_count=6009 5404 605 1242 4162 381 224 168 734 508 300 166 208 3994 568 187 194 138 107
cat_boundaries=0 1
cat_threshold=276
is_linear=0
shrinkage=0.03


Tree=20
num_leaves=20
num_cat=1
split_feature=10 10 21 13 3 25 11 11 21 10 14 16 22 21 23 11 25 23 11
split_gain=73.3637 10.2373 6.46724 3.84789 2.11357 2.00394 1.63908 1.50878 1.29389 1.12162 1.36942 1.07047 0.70077 0.594482 0.586645 0.37381 0.353404 0.215083 0.133779
threshold=1000.0714285714287 1307.5000000000002 906.00000000000011 1154.4572568940496 0 28.525000000000002 67.259270913455168 149.20423841803051 1197.5000000000002 1151.0714285714287 -0.63921128368950708 0.75721938155395518 1277.5000000000002 1027.5000000000002 806.00000000000011 180.23628198404725 25.275000000000002 1240.0000000000002 186.44544714716537
decision_type=2 2 2 2 1 2 2 2 2 2 2 2 2 2 2 2 2 2 2
left_child=2 3 5 9 6 15 -4 13 -3 10 -2 -9 18 -5 -8 -1 -11 -14 -10
right_child=1 8 4 7 -6 -7 14 11 12 16 -12 -13 17 -15 -16 -17 -18 -19 -20
leaf_value=-5.1519138283315149 -0.28081495446020732 -1.0843313184117707 -1.4990332791241463 -0.44828802029758952 -0.15070400474124312 -5.0329307916405162 -5.4770412266160413 0.15672058909446457 2.4128229968020407 -0.76146850778175046 -2.2561839461850441 -4.5785049520112047 2.4826933149038117 1.3468814349436173 -3.1056366897925631 -6.0350344111850527 1.6083456090548107 7.3014199883439161 -1.2534042031060422
leaf_weight=253 108 57 63 87 57 52 52 114 58 149 271 76 51 756 117 54 82 3532 50
leaf_count=253 108 57 63 87 57 52 52 114 58 149 271 76 51 756 117 54 82 3532 50
internal_value=0.000518543 0.00167248 -0.009 -0.000277372 -0.00533793 -0.0118 -0.00660515 0.000806576 0.00253908 -0.00218494 -0.00320526 -0.00149215 0.00261322 0.00137915 -0.00822353 -0.0128377 -0.000310345 0.00268527 0
internal_weight=6039 5391 648 1643 289 359 232 1033 3748 610 379 190 3691 843 169 307 231 3583 108
internal_count=6039 5391 648 1643 289 359 232 1033 3748 610 379 190 3691 843 169 307 231 3583 108
cat_boundaries=0 1
cat_threshold=2
is_linear=0
shrinkage=0.03


Tree=21
num_leaves=20
num_cat=1
split_feature=10 10 21 0 12 10 25 14 12 13 13 29 11 21 16 11 6 11 22
split_gain=71.9476 9.56984 6.52478 3.41536 2.85934 1.95436 1.93523 1.58032 1.40167 1.26577 0.959267 0.91814 0.877844 0.71014 0.599466 0.390968 0.363627 0.315384 0.223794
threshold=1000.0714285714287 1307.5000000000002 906.00000000000011 0 970.83333333333337 1115.0000000000002 28.525000000000002 -0.63921128368950708 1254.2833333333335 1266.4191794024512 1348.6130030959755 26.475000000000005 180.23628198404725 1240.0000000000002 -0.27694476165744958 138.44373104863874 1.5000000000000002 180.23628198404725 1240.0000000000002
decision_type=2 2 2 1 2 2 2 2 2 2 2 2 2 2 2 2 2 2 2
left_child=2 3 6 5 14 7 17 -2 12 -6 16 -7 -3 -10 -4 -12 -5 -1 -15
right_child=1 8 4 10 9 11 -8 -9 13 -11 15 -13 -14 18 -16 -17 -18 -19 -20
leaf_value=-4.997356413481568 0.445228157956499 3.6591187068941231 -2.9722504718672891 -1.2919771260245345 -3.8598214829022401 -0.74508756224858075 -4.8819428678913006 -2.6324641593362519 0.025461209286965877 0.21471295041947086 0.02397072691568345 1.0965106490066703 -2.5146636099036406 1.5091284398481455 -4.3340354390489768 -1.0540616260148454 2.0173316251876687 -5.8539833788495015 7.0823773886935983
leaf_weight=253 72 83 50 53 109 357 52 251 89 58 227 150 53 50 72 99 434 54 3473
leaf_count=253 72 83 50 53 109 357 52 251 89 58 227 150 53 50 72 99 434 54 3473
internal_value=0.000518543 0.00166135 -0.00890755 -0.000222628 -0.00523448 -0.0015874 -0.0117167 -0.00344444 0.00249907 -0.00228571 0.00112136 -0.00034252 -0.00019708 0.00261306 -0.00885366 0 0.00197951 -0.0127403 0.00267991
internal_weight=6039 5391 648 1643 289 830 359 323 3748 167 813 507 136 3612 122 326 487 307 3523
internal_count=6039 5391 648 1643 289 830 359 323 3748 167 813 507 136 3612 122 326 487 307 3523
cat_boundaries=0 1
cat_threshold=308
is_linear=0
shrinkage=0.03


Tree=22
num_leaves=20
num_cat=2
split_feature=10 10 21 0 12 27 10 25 24 11 14 20 0 13 13 10 15 21 29
split_gain=66.3302 9.54158 5.32787 3.78746 2.62274 2.33112 1.62056 1.41933 1.32649 1.19459 1.16641 0.842646 0.768693 0.546211 0.357133 0.328091 0.31454 0.231878 0.151688
threshold=1000.0714285714287 1373.214285714286 906.00000000000011 0 970.83333333333337 24.325000000000006 1115.0000000000002 28.525000000000002 855.00000000000011 143.04517262883334 -0.63921128368950708 26.403571428571432 1 1348.6130030959755 1479.0186644277967 1789.2857142857144 0.88117331841669433 1337.5000000000002 24.525000000000002
decision_type=2 2 2 1 2 2 2 2 2 2 2 2 1 2 2 2 2 2 2
left_child=2 3 7 13 11 -6 10 8 -1 -8 -5 -4 15 16 -15 -3 -2 -14 -10
right_child=1 12 4 6 5 -7 9 -9 18 -11 -12 -13 17 14 -16 -17 -18 -19 -20
leaf_value=-4.9459097003505752 2.5975676394990002 -0.90638163548354234 -4.4152841377209109 0.43494761829600814 -4.4947051220507976 0.20984316419753951 0.60261525701830665 -4.7354845818545614 -4.9273848788509724 -0.89822947459607128 -2.1176152871462812 -2.4672346202362503 1.9544625443945363 -0.10713167562562684 0.85498289265672289 6.9460344567965491 0.24109588447834276 7.0975676394990002 -3.662906745257231
leaf_weight=164 514 109 56 74 71 96 400 52 76 314 293 66 113 190 90 58 104 3132 67
leaf_count=164 514 109 56 74 71 96 400 52 76 314 293 66 113 190 90 58 104 3132 67
internal_value=0.000558278 0.00165579 -0.00849153 0 -0.00513103 -0.00228571 -0.00119231 -0.01105 -0.011961 -0.000297902 -0.00283696 -0.00860976 0.00261676 0.00142904 0.000160142 0.000202247 0.00195315 0.00271806 -0.00879167
internal_weight=6039 5391 648 1979 289 167 1081 359 307 714 367 122 3412 898 280 167 618 3245 143
internal_count=6039 5391 648 1979 289 167 1081 359 307 714 367 122 3412 898 280 167 618 3245 143
cat_boundaries=0 1 2
cat_threshold=713 517
is_linear=0
shrinkage=0.03


Tree=23
num_leaves=20
num_cat=2
split_feature=10 10 10 0 21 12 27 0 10 13 14 10 29 20 20 20 21 7 25
split_gain=59.7211 9.76622 4.31616 2.42001 2.23775 1.77967 2.30784 1.47441 1.38879 1.33328 1.24114 1.12256 0.91814 0.910618 0.699552 0.697053 0.510456 0.441823 0.254499
threshold=1000.0714285714287 1307.5000000000002 774.42857142857156 0 906.00000000000011 970.83333333333337 24.325000000000006 1 1115.0000000000002 1362.5848265073951 -0.33425342068356556 1700.714285714286 26.475000000000005 24.346428571428579 26.403571428571432 24.989285714285717 1337.5000000000002 275.50000000000006 25.275000000000002
decision_type=2 2 2 1 2 2 2 1 2 2 2 2 2 2 2 2 2 2 2
left_child=2 3 -1 8 13 14 -7 11 10 -5 -2 17 -10 -4 -6 -11 -9 -3 -15
right_child=1 7 4 9 5 6 -8 16 12 15 -12 -13 -14 18 -16 -17 -18 -19 -20
leaf_value=-7.6257218198826555 -0.2253651975786386 -4.0588186261898542 -4.3225975318532281 0.88969703381390963 -4.3272506857211006 -4.3598639683892726 0.20298767495611764 1.0901353932342288 -0.72280328019740314 -0.30002716748642005 -2.659883749487602 9.5592313760516632 1.0500393960239125 -2.2070939419004953 -2.273303201953762 0.042116431543132563 6.6569790378478206 2.0560916157449323 -4.5477821343865363
leaf_weight=59 102 159 125 556 54 71 95 236 357 108 221 165 150 51 64 149 3109 79 129
leaf_count=59 102 159 125 556 54 71 95 236 357 108 221 165 150 51 64 149 3109 79 129
internal_value=0.00060298 0.00164466 -0.00798305 -0.000259124 -0.00704746 -0.00474737 -0.00231737 0.00249106 -0.00140904 0.000866505 -0.00298148 0.000565217 -0.00034252 -0.00901961 -0.0077395 -0.000790698 0.00269964 -0.000589958 -0.00687845
internal_weight=6039 5391 648 1643 589 284 166 3748 830 813 323 403 507 305 118 257 3345 238 180
internal_count=6039 5391 648 1643 589 284 166 3748 830 813 323 403 507 305 118 257 3345 238 180
cat_boundaries=0 1 2
cat_threshold=308 519
is_linear=0
shrinkage=0.03


Tree=24
num_leaves=20
num_cat=4
split_feature=12 23 22 21 0 21 16 24 0 0 5 16 20 19 15 22 22 0 12
split_gain=46.5848 7.33696 6.48597 3.66345 2.11296 2.06005 1.52939 1.41556 1.21672 0.966197 0.890389 0.872964 1.32459 0.828524 0.75672 0.463769 0.401495 0.399754 0.441931
threshold=1092.5000000000002 837.50000000000011 1205.0000000000002 992.50000000000011 0 1337.5000000000002 -0.21022365857738434 837.50000000000011 1 2 2.5000000000000004 0.80033572242307993 25.117857142857151 52.45000000000001 0.6174544326165855 1022.5000000000001 1440.0000000000002 3 1433.8333333333335
decision_type=2 2 2 2 1 2 2 2 1 1 2 2 2 2 2 2 2 1 2
left_child=1 7 4 6 11 8 10 -1 14 -5 -3 13 -13 -2 -4 -6 -10 18 -7
right_child=2 3 5 9 15 17 -8 -9 16 -11 -12 12 -14 -15 -16 -17 -18 -19 -20
leaf_value=-7.3921213395414007 0.0083214134465199423 -0.36426358824971306 0.62455333970456783 -2.6080535840508596 -0.26878794391168948 -0.70072425706186914 -3.9731641753433089 -4.9520822237443598 1.8373569595934949 -0.018583552477311145 -3.7774042382910862 -4.1849179422943665 -0.47362692632805581 -1.9666100380912797 -2.2653611271193261 0.95990639753439455 -0.46690706876210514 6.4572696667123859 7.8578744571460648
leaf_weight=95 197 56 101 255 123 108 201 111 382 189 70 57 53 86 88 411 67 3179 210
leaf_count=95 197 56 101 255 123 108 201 111 382 189 70 57 53 86 88 411 67 3179 210
internal_value=0.000712252 -0.00526994 0.00187656 -0.00382383 -0.000349138 0.00238636 -0.00629268 -0.0104203 0.00071831 -0.00189438 -0.00304724 -0.0020198 -0.00445946 -0.000971831 -0.00114 0.000820184 0.0015913 0.00267753 0.00121277
internal_weight=6039 977 5062 771 927 4135 327 206 638 444 126 393 110 283 189 534 449 3497 318
internal_count=6039 977 5062 771 927 4135 327 206 638 444 126 393 110 283 189 534 449 3497 318
cat_boundaries=0 1 2 3 4
cat_threshold=774 277 276 519
is_linear=0
shrinkage=0.03


Tree=25
num_leaves=19
num_cat=1
split_feature=10 10 10 0 21 12 11 12 22 22 18 16 11 11 18 16 11 23
split_gain=37.6199 9.8894 5.63093 4.32205 1.75871 1.83591 1.47311 1.16027 1.06229 0.830923 0.770846 0.722649 0.70377 0.585576 0.554706 0.30853 0.266696 0.0107299
threshold=1000.0714285714287 1416.0714285714287 797.357142857143 0 881.00000000000011 890.25000000000011 151.18578920369069 957.51666666666677 1137.5000000000002 1337.5000000000002 11.349999999999993 0.21652696009750597 131.3845682030616 121.49857925879205 22.449999999999996 0.14889030080148793 113.38934190277898 1352.5000000000002
decision_type=2 2 2 1 2 2 2 2 2 2 2 2 2 2 2 2 2 2
left_child=2 3 -1 6 5 16 11 15 14 -3 -8 -2 -9 -10 -5 -6 -4 -11
right_child=1 9 4 8 7 -7 10 12 13 17 -12 -13 -14 -15 -16 -17 -18 -19
leaf_value=-7.1751865250999343 0.61734051879547303 -0.1972657129189726 -1.234666794894727 -0.28452093760827663 -2.0184675289906786 -4.1725221673394106 -3.124065369964498 -0.079150393975899888 1.9466198980537297 1.7429517467624818 -0.21149027267090617 -0.95366546430875687 -4.8765921343023342 0.23866500802301083 0.3402127487727854 -4.1237029071401725 -5.0845300409168095 7.7635515767110155
leaf_weight=68 213 64 50 271 89 105 284 130 836 58 84 147 50 276 68 65 50 3090
leaf_count=68 213 64 50 271 89 105 284 130 836 58 84 147 50 276 68 65 50 3090
internal_value=0.000851642 0.00165579 -0.00620724 7.4312e-05 -0.00503333 -0.00742718 -0.00177402 -0.00341194 0.0010383 0.00271429 -0.00314634 -0.000290859 -0.00140884 0.00150135 -0.000317647 -0.00543871 -0.00371287 0.00278469
internal_weight=5998 5391 607 2179 539 205 728 334 1451 3212 368 360 180 1112 339 154 100 3148
internal_count=5998 5391 607 2179 539 205 728 334 1451 3212 368 360 180 1112 339 154 100 3148
cat_boundaries=0 1
cat_threshold=276
is_linear=0
shrinkage=0.03


Tree=26
num_leaves=20
num_cat=2
split_feature=10 10 10 13 11 11 13 19 0 23 22 21 16 13 0 28 16 22 16
split_gain=33.9904 8.67364 4.28894 4.23432 2.50416 1.63221 1.27536 1.23841 1.03388 1.16931 0.82156 0.676357 0.651246 0.615177 0.612542 0.45388 0.428348 0.402695 0.313691
threshold=1151.0714285714287 966.42857142857144 1416.0714285714287 1087.6197732567482 143.04517262883334 146.79107277903861 1132.60419367384 59.45000000000001 0 1277.5000000000002 1337.5000000000002 1052.5000000000002 -0.20075075429075132 1025.2061709150928 1 24.725000000000005 0.056949529780582521 837.50000000000011 0.3362885358101006
decision_type=2 2 2 2 2 2 2 2 1 2 2 2 2 2 1 2 2 2 2
left_child=1 3 4 17 14 11 -5 13 9 -6 -4 12 -3 -7 -2 -13 -16 -1 -10
right_child=2 5 10 6 8 7 -8 -9 18 -11 -12 15 -14 -15 16 -17 -18 -19 -20
leaf_value=-2.8445113801069097 2.1297282995057829 0.20486726252444443 -0.19134774153140396 -6.9599309293469371 -0.20202720820005482 -7.1705291416517607 -4.4217265490223747 0.054804368120094898 0.42554983330333696 -2.52554689147295 7.5306450294096834 0.63559941165371225 -0.94624852604615184 -2.794903249706485 2.2419163280694256 -0.088995536664309899 -0.1948575138094438 -2.5276353870871651 -1.7337112612608405
leaf_weight=94 755 77 64 71 140 59 76 76 105 131 3148 138 228 138 131 123 155 228 61
leaf_count=94 755 77 64 71 140 59 76 76 105 131 3148 138 228 138 131 123 155 228 61
internal_value=0.000876646 -0.00338503 0.00207525 -0.0066766 0.00069574 -0.00148571 -0.0111081 -0.00341606 -0.00115068 -0.0022766 0.00269561 -0.000470899 -0.00147059 -0.00466667 0.0015144 0.000526718 0.000111111 -0.00448607 0.000525424
internal_weight=5998 1308 4690 469 1478 839 147 273 437 271 3212 566 305 197 1041 261 286 322 166
internal_count=5998 1308 4690 469 1478 839 147 273 437 271 3212 566 305 197 1041 261 286 322 166
cat_boundaries=0 1 2
cat_threshold=278 482
is_linear=0
shrinkage=0.03


Tree=27
num_leaves=19
num_cat=3
split_feature=10 23 10 10 11 0 33 7 27 0 23 11 13 19 13 0 21 20
split_gain=30.6403 9.12209 5.06326 2.86988 2.56709 1.82445 1.30282 0.920101 0.750133 0.73419 0.706587 0.658934 0.550966 0.490093 0.33041 0.266555 0.219686 0.134072
threshold=1193.214285714286 662.50000000000011 966.42857142857144 1450.714285714286 174.23301310929034 0 3.1850000000000005 44.500000000000007 22.325000000000006 1 1240.0000000000002 113.38934190277898 1088.5591931958304 0.75000000000000011 1110.1676230610601 2 1625.0000000000002 24.882142857142863
decision_type=2 2 2 2 2 1 2 2 2 1 2 2 2 2 2 1 2 2
left_child=1 -1 6 4 7 13 -3 11 -7 10 -6 -2 -8 -4 -9 16 -5 -11
right_child=3 2 5 15 9 8 12 14 -10 17 -12 -13 -14 -15 -16 -17 -18 -19
leaf_value=-8.5263787058943148 0.93199276025325384 -0.59427071130819864 -0.43399640466225958 -0.12298914041861188 -2.7331311270306946 -1.9245023262354581 -2.7157707022766138 1.2008615066489026 -0.91503529284004981 0.62312933306288132 -3.1558459123903049 -1.9780823208253016 -4.7716670280250071 0.20418513258332954 2.6617441430633653 8.804725678527392 8.9917327726950624 -1.2872163974791173
leaf_weight=59 114 51 106 66 59 99 265 118 601 60 85 50 99 300 831 2903 71 61
leaf_count=59 114 51 106 66 59 99 265 118 601 60 85 50 99 300 831 2903 71 61
internal_value=0.000886648 -0.00268501 -0.00219579 0.00217447 0.000985497 -0.0010813 -0.00504808 0.00163734 -0.00200422 -0.00157895 -0.00292258 -0.0002 -0.00567945 0.000438849 0.00200211 0.00269813 0.000648649 0
internal_weight=5998 1580 1521 4418 1378 1106 415 1113 700 265 144 164 364 406 949 3040 137 121
internal_count=5998 1580 1521 4418 1378 1106 415 1113 700 265 144 164 364 406 949 3040 137 121
cat_boundaries=0 1 2 3
cat_threshold=203 262 517
is_linear=0
shrinkage=0.03


Tree=28
num_leaves=19
num_cat=3
split_feature=10 23 10 21 0 26 11 0 11 18 14 7 14 0 7 21 22 11
split_gain=29.7642 6.83666 4.95666 3.53964 3.13792 1.56138 2.12079 1.36875 1.24111 0.73006 0.651311 0.627003 0.501898 0.403567 0.402019 0.265243 0.236766 0.199686
threshold=1121.7857142857144 662.50000000000011 1445.0000000000002 881.00000000000011 0 0.15000000000000005 118.01936887043489 1 143.04517262883334 23.900000000000009 0.90892735371523092 44.500000000000007 -0.97113884758256674 2 26.500000000000004 1625.0000000000002 1027.5000000000002 105.7850471024978
decision_type=2 2 2 2 1 2 2 1 2 2 2 2 2 1 2 2 2 2
left_child=1 -1 4 5 11 6 -3 16 14 -9 -10 17 -13 15 -6 -4 -5 -2
right_child=2 3 13 7 8 -7 -8 9 10 -11 -12 12 -14 -15 -16 -17 -18 -19
leaf_value=-8.3523646024253022 0.32841074159419359 -1.276250689850841 -0.29287253839841187 -0.24078766394075854 -0.45945448247134962 -1.0415615159415874 -5.4877703355826242 -1.8985100218594655 -1.9357134624532157 -0.099898229891988419 0.52410586166009887 -0.96658354581663197 2.2895216409849328 8.2062567953067518 1.4343482943383303 8.7219807895142107 0.36545313360519921 -1.2665745751765585
leaf_weight=58 112 65 67 61 65 80 114 530 309 147 73 51 894 2925 232 71 87 57
leaf_count=58 112 65 67 61 65 80 114 530 309 147 73 51 894 2925 232 71 87 57
internal_value=0.000921654 -0.00341995 0.00195244 -0.00282304 0.000665552 -0.00595385 -0.0076 -0.00177966 -0.000895652 -0.00234593 -0.00206005 0.00165067 0.00196617 0.0026906 0.000422819 0.000463087 0.000622642 0
internal_weight=5998 1142 4856 1084 1793 259 179 825 679 677 382 1114 945 3063 297 138 148 169
internal_count=5998 1142 4856 1084 1793 259 179 825 679 677 382 1114 945 3063 297 138 148 169
cat_boundaries=0 1 2 3
cat_threshold=233 72 517
is_linear=0
shrinkage=0.03


Tree=29
num_leaves=20
num_cat=1
split_feature=10 10 10 10 11 11 19 33 7 32 14 26 11 31 28 12 11 20 0
split_gain=28.141 9.23017 2.80047 2.53804 2.35733 1.70359 1.60223 1.15228 0.75835 0.755883 0.858779 0.748657 0.713867 0.682667 0.596641 0.578126 0.470129 0.411346 0.330579
threshold=1193.214285714286 966.42857142857144 1450.714285714286 774.42857142857156 174.23301310929034 149.20423841803051 59.45000000000001 3.1850000000000005 44.500000000000007 11.999999999999996 0.94425825643485939 2.0500000000000003 141.42135623730971 1.3999999999999986 24.725000000000005 1277.0833333333337 113.38934190277898 24.575000000000006 0
decision_type=2 2 2 2 2 2 2 2 2 2 2 2 2 2 2 2 2 2 1
left_child=1 3 4 -1 8 11 13 -5 16 10 -6 15 -9 -7 -13 -3 -2 -11 -4
right_child=2 5 18 7 9 6 -8 12 -10 17 -12 14 -14 -15 -16 -17 -18 -19 -20
leaf_value=-6.2977824428904992 0.89418065519783341 0.14520697463052076 2.8593914068454009 -0.72092272756615405 -4.8797889117850284 -3.7434926888539821 0.28224786388196105 -2.1715389571119479 2.3038084603968128 0.93065969255988101 0.32077459650205498 -0.0090261522246177922 -4.9093064662419676 -0.81340051009220604 -1.8652040748332082 -0.16645717543564814 -1.862675862523048 -1.6948395902901221 8.2943962043123722
leaf_weight=51 114 542 223 54 80 181 106 228 949 75 50 70 136 70 52 90 50 60 2817
leaf_count=51 114 542 223 54 80 181 106 228 949 75 50 70 136 70 52 90 50 60 2817
internal_value=0.000926655 -0.00249526 0.0021609 -0.0060383 0.000985497 -0.000955036 -0.0026648 -0.00506205 0.00161041 -0.00146617 -0.0030916 -8.34436e-05 -0.00567945 -0.00397619 -0.00226829 0.000270142 -1.81817e-05 0 0.0026784
internal_weight=5998 1580 4418 469 1378 1111 357 418 1113 265 130 754 364 251 122 632 164 135 3040
internal_count=5998 1580 4418 469 1378 1111 357 418 1113 265 130 754 364 251 122 632 164 135 3040
cat_boundaries=0 1
cat_threshold=515
is_linear=0
shrinkage=0.03


Tree=30
num_leaves=20
num_cat=4
split_feature=10 21 21 13 0 0 3 0 16 10 22 13 14 16 32 32 13 14 11
split_gain=36.4897 6.57242 5.97141 4.50025 2.52617 1.72037 1.32045 1.71848 1.31351 1.14134 0.838765 0.727974 0.640928 0.6173 0.558895 0.782122 0.476789 0.389432 2.08436
threshold=1044.2857142857144 881.00000000000011 1337.5000000000002 1096.0992495464295 0 1 2 3 -0.42860892273876966 1657.8571428571431 1205.0000000000002 1357.953500304606 -0.95754239937548935 0.019351116170480156 56.050000000000004 0.5499999999999966 1327.6142229292805 -0.17647087149565668 115.47005383792309
decision_type=2 2 2 2 1 1 1 1 2 2 2 2 2 2 2 2 2 2 2
left_child=1 3 4 17 11 9 7 -3 -9 16 -7 12 -2 -13 15 -6 -4 -1 -19
right_child=2 6 5 -5 14 10 -8 8 -10 -11 -12 13 -14 -15 -16 -17 -18 18 -20
leaf_value=-1.0071641245626783 -1.0379212859196483 -0.25471693169289095 0.75466508424250955 -6.0510084033653397 0.017523236950558366 -0.056318070262068566 -0.026871710816179079 -1.4342224298863793 -3.9346515152987984 8.2342527064244493 5.2086591406631992 0.46577717608501301 1.2911859887291013 -0.13514722617074487 0.055823806717221473 -1.6576392554227468 -2.1200857355781531 -1.0457813809680907 -5.222896008326936
leaf_weight=62 51 115 102 85 167 80 115 92 207 162 3177 97 575 181 168 319 116 58 70
leaf_count=62 51 115 102 85 167 80 115 92 207 162 3177 97 575 181 168 319 116 58 70
internal_value=0.000857 -0.00507205 0.00178406 -0.00891304 0.000198204 0.0024508 -0.00297736 -0.00376626 -0.00489677 0.000345269 0.00267319 0.00124262 0.00182297 0 -0.00117744 -0.00171869 -0.000917808 -0.00589005 -0.00713953
internal_weight=5999 804 5195 275 1558 3637 529 414 299 380 3257 904 626 278 654 486 218 190 128
internal_count=5999 804 5195 275 1558 3637 529 414 299 380 3257 904 626 278 654 486 218 190 128
cat_boundaries=0 1 2 3 4
cat_threshold=106 519 2 105
is_linear=0
shrinkage=0.03


Tree=31
num_leaves=16
num_cat=4
split_feature=10 10 10 0 0 3 13 19 29 13 15 0 16 23 16
split_gain=33.5381 6.13008 3.89222 2.95131 2.49306 2.23058 1.81143 0.801861 0.73508 0.700088 0.680438 0.669376 0.208044 0.194789 0.0218404
threshold=1044.2857142857144 1464.6428571428573 774.42857142857156 0 1 2 1104.0383838383841 0.34999999999999654 20.875000000000004 1452.7212626854023 0.99530134160901229 3 0.24998082458982465 1197.5000000000002 0.50371950759872852
decision_type=2 2 2 1 1 1 2 2 2 2 2 1 2 2 2
left_child=2 3 -1 8 12 6 -6 13 -2 -10 -9 -3 -4 -5 -7
right_child=1 11 4 7 5 14 -8 10 9 -11 -12 -13 -14 -15 -16
leaf_value=-5.9061140193375534 -1.0078289094441812 0.73615589947834192 0.26154165067737312 -0.084603999888787654 -2.508744709286602 -1.4440817614307448 -4.4042379886593235 -0.78908633399926642 1.8537195671826074 0.12423617959914927 1.328361758648779 7.8893045439631049 -0.51666134519216811 1.384131921894608 0.58962322586760019
leaf_weight=55 59 125 52 74 398 50 103 701 901 290 57 2815 96 173 50
leaf_count=55 59 125 52 74 398 50 103 701 901 290 57 2815 96 173 50
internal_value=0.000872 0.00176097 -0.00481118 0.000558511 -0.004144 -0.00497059 -0.00588048 -0.000620079 0.0015345 0.00172651 -0.00113439 0.00266746 -0.000132075 0.00075 -0.000445544
internal_weight=5999 5195 804 2255 749 601 501 1005 1250 1191 758 2940 148 247 100
internal_count=5999 5195 804 2255 749 601 501 1005 1250 1191 758 2940 148 247 100
cat_boundaries=0 1 2 3 4
cat_threshold=232 105 2 517
is_linear=0
shrinkage=0.03


Tree=32
num_leaves=20
num_cat=1
split_feature=12 21 21 13 11 29 21 22 22 3 21 11 18 7 25 33 16 20 21
split_gain=28.6443 7.89009 3.35694 3.78496 2.40993 1.6852 1.64468 1.31865 0.469228 0.446535 0.432929 1.04097 0.404648 0.393195 0.479549 0.361347 0.261972 0.25446 0.110726
threshold=1030.0833333333337 1337.5000000000002 881.00000000000011 1091.4710364352318 85.91246929842201 24.225000000000005 912.50000000000011 1205.0000000000002 1162.5000000000002 0 1505.0000000000002 160.17093175150708 0.19999999999999649 251.50000000000003 29.375000000000004 3.7350000000000008 0.878110924644389 27.01071428571429 1162.5000000000002
decision_type=2 2 2 2 2 2 2 2 2 1 2 2 2 2 2 2 2 2 2
left_child=2 4 3 15 8 6 -6 12 17 13 11 -9 -3 14 -4 -1 -7 -2 -10
right_child=1 7 9 -5 5 16 -8 10 18 -11 -12 -13 -14 -15 -16 -17 -18 -19 -20
leaf_value=-0.82920154795930412 -0.053699220891867801 1.9751240578882368 -3.0896955256148138 -5.6971235562491405 -2.6707899583036125 0.11296165019230407 -0.92579987654911589 3.0778965052030562 1.1074107131481798 -0.5237202913140474 7.9423772215223334 -0.13028218192257449 -0.98586317824296799 -0.18851826014215733 -0.89521771818970197 -4.0499877980031433 -0.65623159274153753 0.64465760006767514 1.7482130260853279
leaf_weight=51 257 70 227 73 51 421 367 1014 61 83 2307 164 68 58 71 121 93 52 390
leaf_count=51 257 70 227 73 51 421 367 1014 61 83 2307 164 68 58 71 121 93 52 390
internal_value=0.000892 0.00164221 -0.00486569 -0.00780488 -2.30359e-05 -0.00107074 -0.00248449 0.00243212 0.00120237 -0.00310909 0.00254733 0.00194148 -0.000151079 -0.00360504 -0.00408361 -0.00490751 0 0.000135484 0.00183186
internal_weight=5999 5315 684 245 1692 932 418 3623 760 439 3485 1178 138 356 298 172 514 309 451
internal_count=5999 5315 684 245 1692 932 418 3623 760 439 3485 1178 138 356 298 172 514 309 451
cat_boundaries=0 1
cat_threshold=2
is_linear=0
shrinkage=0.03


Tree=33
num_leaves=20
num_cat=4
split_feature=10 10 21 13 0 3 0 16 7 14 0 27 13 13 21 14 32 31 21
split_gain=30.7681 5.95324 5.4181 3.18179 2.47575 1.0237 1.29566 1.13553 0.803757 0.85678 0.773147 0.708138 1.20145 0.598394 0.562988 0.44701 0.401836 0.163816 0.0536292
threshold=1044.2857142857144 1450.714285714286 881.00000000000011 1096.0992495464295 0 1 2 -0.67803021058859214 61.500000000000007 -0.97113884758256674 3 22.225000000000005 1132.60419367384 1357.953500304606 1625.0000000000002 -0.17647087149565668 0.5499999999999966 9.0499999999999954 1505.0000000000002
decision_type=2 2 2 2 1 1 1 2 2 2 1 2 2 2 2 2 2 2 2
left_child=2 4 3 15 8 6 17 -8 13 -10 14 12 -6 -2 -3 -1 -13 -4 -12
right_child=1 10 5 -5 11 -7 7 -9 9 -11 18 16 -14 -15 -16 -17 -18 -19 -20
leaf_value=-0.80271706716819347 1.3116485393101973 -1.3320613719589722 0.25243111452313655 -5.5213810239967778 -2.1777756948505469 -0.005372897177836471 -0.3494967796715609 -3.5969095200503629 -1.139269586728237 1.8822023673856825 4.5602885124881229 0.67181098715568388 -0.076537276871826598 -0.12045553146425191 7.726869097681929 -3.4713654707952335 -0.30721189100998481 -0.47843762131935036 8.9143540909985415
leaf_weight=62 149 67 58 85 50 115 63 236 54 788 715 284 75 106 62 128 664 57 2181
leaf_count=62 149 67 58 85 50 115 63 236 54 788 715 284 75 106 62 128 664 57 2181
internal_value=0.000892 0.00174365 -0.00455031 -0.00804348 0.000518194 -0.00263774 -0.00333253 -0.00431613 0.00152166 0.00198221 0.0026074 -0.000476015 -0.00261905 0 0 -0.00541885 -0.000148577 0 0.00270485
internal_weight=5999 5195 804 275 2170 529 414 299 1097 842 3025 1073 125 255 129 190 948 115 2896
internal_count=5999 5195 804 275 2170 529 414 299 1097 842 3025 1073 125 255 129 190 948 115 2896
cat_boundaries=0 1 2 3 4
cat_threshold=104 2 105 517
is_linear=0
shrinkage=0.03


Tree=34
num_leaves=19
num_cat=3
split_feature=22 23 23 0 11 22 31 11 3 7 0 17 25 7 13 7 13 27
split_gain=26.4918 5.34837 3.58012 1.99626 1.54215 1.41606 1.17261 1.05756 1.01753 0.981334 0.974247 0.93195 0.716123 0.519837 0.488989 0.409463 0.137309 0.101975
threshold=1022.5000000000001 1240.0000000000002 662.50000000000011 0 146.79107277903861 1467.5000000000002 44.200000000000003 90.632696717527196 1 277.50000000000006 2 -0.28725831407847041 23.175000000000004 102.50000000000001 983.22570850202442 81.500000000000014 1354.4798642194696 21.725000000000005
decision_type=2 2 2 1 2 2 2 2 1 2 1 2 2 2 2 2 2 2
left_child=2 4 -1 16 14 7 8 17 -5 11 13 -6 -9 -7 -2 -16 -4 -3
right_child=1 5 3 6 9 10 -8 12 -10 -11 -12 -13 -14 -15 15 -17 -18 -19
leaf_value=-5.3870742868087298 -1.1272305328144092 1.3920390848817077 0.21288482680731804 -2.7665385898303798 -0.27404932662523468 -0.34453829205981157 0.12080063981354504 -0.45585614380692929 -2.2212642478285551 0.30709760126484847 7.1469234682685849 -4.5618931316055962 0.60702357403037366 3.8414985326956952 -0.013534174760894803 0.72875347129837176 -0.22681035210462974 2.4660878979316703
leaf_weight=56 50 51 52 514 96 54 55 115 137 84 2678 129 419 227 274 364 60 584
leaf_count=56 50 51 52 514 96 54 55 115 137 84 2678 129 419 227 274 364 60 584
internal_value=0.000897 0.00172649 -0.003912 -0.00332234 -0.000204409 0.00220368 -0.00388703 0.00124103 -0.00429755 -0.00199355 0.00256824 -0.0030531 0.000162617 0.000575343 0.000535559 0.000812207 0.000170732 0.00207547
internal_weight=5999 5125 874 818 997 4128 706 1169 651 309 2959 225 534 281 688 638 112 635
internal_count=5999 5125 874 818 997 4128 706 1169 651 309 2959 225 534 281 688 638 112 635
cat_boundaries=0 1 2 3
cat_threshold=201 2 519
is_linear=0
shrinkage=0.03


Tree=35
num_leaves=18
num_cat=3
split_feature=10 10 10 0 0 13 21 25 20 19 0 21 14 13 12 29 20
split_gain=30.856 7.01217 4.01061 2.50614 1.53284 1.3616 1.08153 0.834508 0.657293 0.632655 0.622836 0.691066 0.585864 0.460776 0.43266 0.359372 0.0669331
threshold=1022.1428571428572 1475.0000000000002 774.42857142857156 0 1 1096.0992495464295 1137.5000000000002 24.725000000000005 21.167857142857148 0.34999999999999654 2 1862.5000000000002 0.21022171450811275 1248.9382022471912 1188.5000000000002 21.125000000000004 25.846428571428579
decision_type=2 2 2 1 1 2 2 2 2 2 1 2 2 2 2 2 2
left_child=2 3 -1 6 5 8 7 -2 -4 14 11 -3 -11 -7 -5 -8 -6
right_child=1 10 4 9 16 13 15 -9 -10 12 -12 -13 -14 -15 -16 -17 -18
leaf_value=-5.1989561902375012 0.67516239825600166 -0.34203484354381752 -2.9885624426463102 -0.17504237267180081 0.298357351962041 -4.247658100576734 -0.20745833742209741 -0.12915156895804245 -2.0274271263213834 -0.28074964264584429 6.9325157642205273 10.284686597107388 -1.6725758457536424 -2.7847048345611265 1.8867116821971603 2.0879980640911517 -0.37175187217235667
leaf_weight=54 98 97 50 118 53 53 69 122 404 463 2688 118 328 50 124 1096 55
leaf_count=54 98 97 50 118 53 53 69 122 404 463 2688 118 328 50 124 1096 55
internal_value=0.000871545 0.00166629 -0.00494167 0.000450186 -0.00418919 -0.00479577 0.0012894 -0.000475113 -0.00396264 -0.000637931 0.00266322 0.000663717 -0.00107576 -0.00842308 0.000580247 0.00167238 -0.00017647
internal_weight=6040 5321 719 2418 665 557 1385 220 454 1033 2903 215 791 103 242 1165 108
internal_count=6040 5321 719 2418 665 557 1385 220 454 1033 2903 215 791 103 242 1165 108
cat_boundaries=0 1 2 3
cat_threshold=744 278 515
is_linear=0
shrinkage=0.03


Tree=36
num_leaves=19
num_cat=0
split_feature=10 10 10 11 10 27 10 16 13 14 21 11 33 21 11 22 11 15
split_gain=29.5486 6.96042 4.16212 2.10414 1.12279 1.09 0.923614 0.886575 0.838701 0.658155 0.737219 0.609055 0.357056 0.591719 0.287699 0.12086 0.70097 0.117077
threshold=1022.1428571428572 1475.0000000000002 774.42857142857156 149.20423841803051 1200.3571428571431 24.225000000000005 900.857142857143 0.019351116170480156 997.72822818536508 0.97112537654464559 1077.5000000000002 74.801324154313576 3.2750000000000004 881.00000000000011 55.634864026381457 1575.0000000000002 160.17093175150708 0.63089349388778826
decision_type=2 2 2 2 2 2 2 2 2 2 2 2 2 2 2 2 2 2
left_child=2 3 -1 4 7 12 8 -2 -7 10 -5 -6 -4 -14 -8 16 -3 -18
right_child=1 15 5 9 11 6 14 -9 -10 -11 -12 -13 13 -15 -16 -17 17 -19
leaf_value=-5.0429875045303767 0.72858263852063287 4.0010966801388026 -0.7365089057578379 0.060274875111381583 2.0106780219587548 -1.4664078922868438 0.19309592669875625 -0.0855088106697455 -3.3861397390294732 4.3351400841955616 -1.7195825421784079 1.2097454993604082 -3.4622696578974788 -3.2766688387389271 -1.4746795064478604 8.2245402912939074 2.7780987568689 -0.63219007535251526
leaf_weight=54 227 607 50 188 574 89 65 399 91 60 423 547 69 110 191 2181 51 64
leaf_count=54 227 607 50 188 574 89 65 399 91 60 423 547 69 110 191 2181 51 64
internal_value=0.000871545 0.00164938 -0.00481667 0.000437784 0.000998856 -0.00405405 -0.00294508 0 -0.00472376 -0.000955357 -0.00129412 0.00156684 -0.00594783 -0.00676667 -0.00150584 0.00264256 0.00202075 0
internal_weight=6040 5321 719 2418 1747 665 436 626 180 671 611 1121 229 179 256 2903 722 115
internal_count=6040 5321 719 2418 1747 665 436 626 180 671 611 1121 229 179 256 2903 722 115
is_linear=0
shrinkage=0.03


Tree=37
num_leaves=18
num_cat=2
split_feature=10 10 10 0 10 23 33 27 0 10 15 31 15 14 21 29 15
split_gain=29.0314 5.40693 4.85334 1.96884 1.76356 1.918 1.00614 1.30911 1.0057 0.602176 0.808141 0.57054 0.51853 1.00619 0.396929 0.364536 0.289229
threshold=1092.9285714285718 774.42857142857156 1475.0000000000002 0 966.42857142857144 1137.5000000000002 3.1850000000000005 24.375000000000004 1 1193.214285714286 -0.091258822863740666 8.1000000000000068 0.78724360164103002 0.27694220057652758 1737.5000000000002 21.125000000000004 0.68274389090025245
decision_type=2 2 2 1 2 2 2 2 1 2 2 2 2 2 2 2 2
left_child=1 -1 3 9 6 11 -3 -8 14 10 -2 -6 16 -14 -4 -11 -5
right_child=2 4 8 12 5 -7 7 -9 -10 15 -12 -13 13 -15 -16 -17 -18
leaf_value=-4.8916978793944645 2.2822761138970225 -0.50205348212075762 -1.0710769443534061 -0.090677162544916673 -0.028018286532415573 -3.3801607145413151 -3.2788198781397102 -3.023543832423337 6.542219256456824 -0.42701576711796391 -0.12274941476370249 -1.0094916304955808 -0.084913445109005337 -4.439848488586045 7.0883345545673038 1.9284573013906365 0.98614581364501364
leaf_weight=54 96 66 67 519 298 93 132 236 2778 58 141 140 203 68 58 978 55
leaf_count=54 96 66 67 519 298 93 132 236 2778 58 141 140 203 68 58 978 55
internal_value=0.000876511 -0.00372353 0.00181959 0.000697971 -0.00313665 -0.00182707 -0.00462759 -0.00526016 0.0026219 0.00144393 0 -0.000867881 -0.000385514 -0.00147794 0 0.0017676 4.69566e-05
internal_weight=6040 1019 5021 2118 965 531 434 368 2903 1273 237 438 845 271 125 1036 574
internal_count=6040 1019 5021 2118 965 531 434 368 2903 1273 237 438 845 271 125 1036 574
cat_boundaries=0 1 2
cat_threshold=744 517
is_linear=0
shrinkage=0.03


Tree=38
num_leaves=20
num_cat=1
split_feature=10 10 10 11 27 10 16 11 11 14 12 0 15 27 11 27 19 10 11
split_gain=27.6832 6.81419 4.41914 2.14171 1.2629 0.952078 0.927315 0.786229 0.888544 0.753045 0.742 0.694606 0.763519 0.686034 0.561664 0.479141 0.448071 0.253164 0.0468394
threshold=1022.1428571428572 1475.0000000000002 774.42857142857156 149.20423841803051 24.225000000000005 1200.3571428571431 0.080548957663405765 143.92458342578968 195.1800145897121 0.96904697354198299 944.75000000000011 0 0.83258597624099873 28.375000000000004 74.801324154313576 22.025000000000002 100.05000000000001 1700.714285714286 354.6460242005233
decision_type=2 2 2 2 2 2 2 2 2 2 2 1 2 2 2 2 2 2 2
left_child=2 3 -1 5 15 6 -2 10 -9 13 -6 12 17 -5 -7 -4 -17 -3 -13
right_child=1 11 4 9 7 14 -8 8 -10 -11 -12 18 -14 -15 -16 16 -18 -19 -20
leaf_value=-4.7449469430126312 0.71069574574139827 0.022238366490703359 -1.0270224447146217 -0.78045022938066633 -1.6166995423572463 1.8925039622582751 -0.11601831208575733 -3.474135479092832 -2.4559077056160867 2.4770468724389136 0.070997165288776656 6.4028189309447523 -1.1638028898670467 -4.5495478275272472 1.1155994153378765 -3.7042110586613473 -1.0710669783346307 9.9698302114811685 2.9530635440963269
leaf_weight=54 238 68 76 523 132 574 388 92 75 65 137 2580 69 83 547 85 68 133 53
leaf_count=54 238 68 76 523 132 574 388 92 75 65 137 2580 69 83 547 85 68 133 53
internal_value=0.000896375 0.00164938 -0.00460833 0.000450186 -0.00382883 0.00101602 4.7848e-06 -0.00267048 -0.00442857 -0.000955357 -0.0014 0.00263223 0.000800712 -0.00132949 0.00154011 -0.00581739 -0.00705195 0.00187129 0.00278896
internal_weight=6040 5321 719 2418 665 1747 626 436 167 671 269 2903 270 606 1121 229 153 201 2633
internal_count=6040 5321 719 2418 665 1747 626 436 167 671 269 2903 270 606 1121 229 153 201 2633
cat_boundaries=0 1
cat_threshold=519
is_linear=0
shrinkage=0.03


Tree=39
num_leaves=19
num_cat=0
split_feature=10 10 10 11 27 10 12 29 12 17 26 11 11 27 19 11 10 27
split_gain=26.9541 6.81419 4.52353 1.95071 1.20818 0.995709 0.772866 0.672045 0.565075 0.54929 0.654279 0.497893 0.438429 0.398982 0.45623 0.083447 0.636561 0.273021
threshold=1022.1428571428572 1475.0000000000002 774.42857142857156 129.09944487358192 24.225000000000005 1200.3571428571431 840.83333333333337 23.875000000000004 1281.9500000000003 -0.29343329057636974 0.15000000000000005 279.66817072074269 74.801324154313576 22.025000000000002 10.499999999999998 198.80595947760176 1789.2857142857144 24.375000000000004
decision_type=2 2 2 2 2 2 2 2 2 2 2 2 2 2 2 2 2 2
left_child=2 3 -1 5 13 8 -6 -8 -2 11 -11 -5 -7 -4 -15 -3 17 -17
right_child=1 15 4 9 6 12 7 -9 -10 10 -12 -13 -14 14 -16 16 -18 -19
leaf_value=-4.6025985347222509 0.10237681325273736 6.0894529369330508 -0.99621177137318406 0.9051915303792476 -2.3471375593541781 1.8357288433905234 -2.9839850518088626 -0.64292709007861737 -0.14087814159706544 -1.5301308867183268 0.016235965274667447 -2.2750726233827483 1.21724417486978 -4.6914492160182517 -1.3339994073011539 -0.6232661507774574 9.5516738405143471 2.1764241641708097
leaf_weight=54 455 2486 76 245 56 574 56 324 83 355 174 80 452 56 97 57 282 78
leaf_count=54 455 2486 76 245 56 574 56 324 83 355 174 80 452 56 97 57 282 78
internal_value=0.000906307 0.00164938 -0.004525 0.000450186 -0.00373874 0.00109073 -0.00260183 -0.00192913 0 -0.000670175 -0.00127925 0.000184049 0.00163875 -0.00568696 -0.00685714 0.00263223 0.00180861 0
internal_weight=6040 5321 719 2418 665 1564 436 380 538 854 529 325 1026 229 153 2903 417 135
internal_count=6040 5321 719 2418 665 1564 436 380 538 854 529 325 1026 229 153 2903 417 135
is_linear=0
shrinkage=0.03


Tree=40
num_leaves=18
num_cat=2
split_feature=12 12 10 0 27 16 23 10 11 7 0 14 14 13 11 10 7
split_gain=22.7569 5.86144 4.91241 2.02315 1.7466 1.35965 1.31177 1.18026 1.03572 1.03006 0.654271 0.582961 0.553519 0.517995 0.484244 0.346667 0.0195476
threshold=1098.3500000000001 825.83333333333337 1475.0000000000002 0 23.625000000000004 0.80033572242307993 737.50000000000011 1013.9285714285716 129.09944487358192 61.500000000000007 1 -0.63921128368950708 -0.97509794945709805 1349.9269390607121 230.5531288895402 1700.714285714286 32.500000000000007
decision_type=2 2 2 1 2 2 2 2 2 2 1 2 2 2 2 2 2
left_child=1 -1 3 9 7 14 -6 16 -7 13 15 -8 -11 -2 -5 -4 -3
right_child=2 4 10 5 6 8 11 -9 -10 12 -12 -13 -14 -15 -16 -17 -18
leaf_value=-4.4645205786805837 0.82941569871966558 -1.4243169779662992 -0.94919420766113261 0.26754561868390797 -5.4836646473526098 0.26410985250266483 0.3375355263892646 -1.4165629606154198 -3.058975277499576 -0.24822562751131691 5.9067693488250619 -0.9121810745464809 1.2156529893901253 -0.18232826575875161 -2.2609821084863602 3.1192228286147956 -3.751568932839723
leaf_weight=70 166 53 59 464 52 61 146 67 130 56 2754 529 993 165 117 64 93
leaf_count=70 166 53 59 464 52 61 146 67 130 56 2754 529 993 165 117 64 93
internal_value=0.000960596 -0.00313056 0.00179165 0.000678588 -0.00243889 -0.000509578 -0.00164011 -0.00493458 -0.00271875 0.00136952 0.00260806 -0.00119822 0.00184 0 0.000134021 0 -0.0065102
internal_weight=6039 1010 5029 2152 940 772 727 213 191 1380 2877 675 1049 331 581 123 146
internal_count=6039 1010 5029 2152 940 772 727 213 191 1380 2877 675 1049 331 581 123 146
cat_boundaries=0 1 2
cat_threshold=233 517
is_linear=0
shrinkage=0.03


Tree=41
num_leaves=20
num_cat=2
split_feature=22 21 21 7 0 24 13 15 16 15 0 18 13 29 11 16 16 11 22
split_gain=18.9251 7.79412 2.59056 2.66064 2.21415 1.97237 1.36491 1.34335 0.916833 0.869435 0.639954 0.603225 0.57351 0.558941 0.555405 0.881251 0.523993 0.387893 0.340207
threshold=977.50000000000011 1337.5000000000002 906.00000000000011 98.500000000000014 0 1205.0000000000002 978.33782437230718 -0.28519997588938989 -0.049435780479547518 -0.52765736634565841 1 34.550000000000004 1348.6130030959755 24.525000000000002 122.83360783846059 -0.23432901867687267 0.76140650896573492 149.20423841803051 1737.5000000000002
decision_type=2 2 2 2 1 2 2 2 2 2 1 2 2 2 2 2 2 2 2
left_child=2 4 3 6 8 17 -1 -6 11 -4 18 -2 -10 -5 -11 -16 -9 -3 -7
right_child=1 5 9 13 7 10 -8 16 12 14 -12 -13 -14 -15 15 -17 -18 -19 -20
leaf_value=-1.3815874686273093 0.79943042890575211 1.9271540918391847 0.56100434183594494 -1.4858993434716647 -2.3330332569796304 -0.98400820138991052 -4.3868436521476886 -0.0016904746124937597 0.478160554322414 -0.50358613655849438 4.2562994740301647 -0.017865315281662787 -0.1548128629548686 -0.37527487791529107 -3.4561778149557862 -2.6873294241202719 -1.9297406176556295 -0.91575703223722871 7.0028002378063743
leaf_weight=53 377 71 70 56 171 82 107 424 372 75 3282 57 296 94 50 96 122 130 54
leaf_count=53 377 71 70 56 171 82 107 424 372 75 3282 57 296 94 50 96 122 130 54
internal_value=0.00097053 0.00153502 -0.00405648 -0.00602894 -4.2857e-05 0.00234033 -0.00885093 -0.00135165 0.000773585 -0.00178767 0.00251214 0.00185517 1.3453e-05 -0.00268212 -0.00275676 -0.00385714 -0.000542961 -0.000356436 2.04083e-05
internal_weight=6039 5438 601 310 1819 3619 160 717 1102 291 3418 434 668 150 221 146 546 201 136
internal_count=6039 5438 601 310 1819 3619 160 717 1102 291 3418 434 668 150 221 146 546 201 136
cat_boundaries=0 1 2
cat_threshold=107 517
is_linear=0
shrinkage=0.03


Tree=42
num_leaves=19
num_cat=2
split_feature=10 10 10 11 16 0 10 27 11 27 29 14 11 0 29 20 10 24
split_gain=19.0091 5.62509 3.84302 2.15781 2.40451 1.61181 0.968251 0.887515 0.788049 0.864189 0.732591 0.731485 0.582821 0.457901 0.408542 0.373379 0.271505 0.0695954
threshold=1044.2857142857144 1475.0000000000002 774.42857142857156 143.92458342578968 0.74300049550786151 0 900.857142857143 24.725000000000005 262.76913640612617 27.025000000000002 20.875000000000004 -0.97509794945709805 192.41572057347403 1 22.225000000000005 25.846428571428579 1700.714285714286 1440.0000000000002
decision_type=2 2 2 2 2 1 2 2 2 2 2 2 2 1 2 2 2 2
left_child=2 5 -1 6 12 10 7 -4 14 -10 -2 -12 -5 16 -7 -8 -3 -15
right_child=1 13 3 4 -6 8 15 -9 9 -11 11 -13 -14 17 -16 -17 -18 -19
leaf_value=-4.2413890433466577 -1.1230026737272767 -0.8911981353895998 -1.771962182056608 -2.4085649391520008 -3.4624808452354534 0.3239926440553999 0.12606489877762375 -0.35729038699889865 0.001040925115946254 -6.7766329320830359 -0.99638873745763534 0.99499813176447838 -0.34982274693579368 2.6018772841394071 -0.21770306125390743 -0.73779154847882455 2.9052175592232685 5.7285805924740583
leaf_weight=53 70 59 93 92 94 93 172 99 76 71 65 1278 79 116 686 140 64 2639
leaf_count=53 70 59 93 92 94 93 172 99 76 71 65 1278 79 116 686 140 64 2639
internal_value=0.00100033 0.0016742 -0.00321871 -0.00259481 -0.00484962 0.00055641 -0.00131287 -0.003 -0.000381003 -0.00239189 0.00119663 0.00137946 -0.00233721 0.00256652 0 -0.000124601 0.000179105 0.00264642
internal_weight=6039 5217 822 769 265 2339 504 192 926 147 1413 1343 171 2878 779 312 123 2755
internal_count=6039 5217 822 769 265 2339 504 192 926 147 1413 1343 171 2878 779 312 123 2755
cat_boundaries=0 1 2
cat_threshold=233 517
is_linear=0
shrinkage=0.03


Tree=43
num_leaves=20
num_cat=2
split_feature=12 23 21 21 0 12 7 27 0 7 12 12 7 11 14 14 31 11 22
split_gain=18.201 4.30649 4.0318 1.87731 1.72103 1.48845 1.28491 1.23089 0.898947 0.725426 0.620798 0.534018 1.19673 0.931695 0.396027 0.284839 0.259392 0.231982 0.216501
threshold=1098.3500000000001 662.50000000000011 1427.5000000000002 881.00000000000011 0 1562.166666666667 61.500000000000007 23.725000000000005 1 16.500000000000004 1172.5000000000002 957.51666666666677 112.50000000000001 241.0295378065525 -0.97113884758256674 0.26037272046371446 12.399999999999984 241.0295378065525 1575.0000000000002
decision_type=2 2 2 2 1 2 2 2 1 2 2 2 2 2 2 2 2 2 2
left_child=1 -1 6 7 5 15 9 -3 17 -2 -11 12 -5 -13 -10 -4 -9 -8 -6
right_child=2 3 4 11 18 -7 8 16 14 10 -12 13 -14 -15 -16 -17 -18 -19 -20
leaf_value=-5.0404416598424655 0.82171031889581969 -3.2933377782204989 -0.27506779824290251 -2.9647709459603204 2.8332795635447292 6.9785699744696608 0.13581149003284151 -2.1271120081060069 -0.29187762434444026 0.45006605126494093 -0.8838229777374973 -0.031825189577961724 -0.21814462317802982 -4.0985342481881792 0.81331784431433263 -5.0726976179309817 -0.28055973213906293 -2.7109246868705519 8.430019866365182
leaf_weight=63 131 71 57 100 885 133 333 127 50 121 330 443 101 50 884 69 55 51 1985
leaf_count=63 131 71 57 100 885 133 333 127 50 121 330 443 101 50 884 69 55 51 1985
internal_value=0.00097053 -0.00268546 0.00171412 -0.00211392 0.00238083 0 0.000591794 -0.0043937 0.0011213 -0.000530017 -0.00115487 -0.00121295 -0.00258416 -0.000558704 0.00161587 -0.00233858 -0.00267213 -7.59483e-06 0.00258764
internal_weight=6039 1010 5029 947 3129 259 1900 253 1318 582 451 694 201 493 934 126 182 384 2870
internal_count=6039 1010 5029 947 3129 259 1900 253 1318 582 451 694 201 493 934 126 182 384 2870
cat_boundaries=0 1 2
cat_threshold=518 900
is_linear=0
shrinkage=0.03


Tree=44
num_leaves=20
num_cat=2
split_feature=10 10 10 11 16 12 0 15 7 15 10 11 27 15 19 0 10 31 10
split_gain=18.1862 5.22629 3.92654 2.09349 2.57406 1.94068 1.40602 0.804616 0.749974 0.940033 0.847289 0.673582 1.03661 0.59938 0.543838 0.447014 0.286911 0.28114 0.203784
threshold=1044.2857142857144 1478.9285714285718 774.42857142857156 143.92458342578968 0.74300049550786151 957.51666666666677 0 -0.34234976856068178 35.500000000000007 0.97461712852231652 1157.5000000000002 262.76913640612617 27.025000000000002 -0.24372464231556024 0.34999999999999654 1 1700.714285714286 8.1000000000000068 1625.0000000000002
decision_type=2 2 2 2 2 2 1 2 2 2 2 2 2 2 2 1 2 2 2
left_child=2 6 -1 5 13 7 8 -4 9 -2 -10 14 -13 -5 -8 16 -3 -7 -17
right_child=1 15 3 4 -6 17 11 -9 10 -11 -12 12 -14 -15 -16 18 -18 -19 -20
leaf_value=-3.9629341222509837 -0.45602729216578664 -1.0660216643505447 -0.15971392879537208 -2.4359403002600604 -3.2428971640099973 0.2349537527395727 1.1064430567580581 -2.5155477576779202 -0.02255128400592531 1.5282775735268532 1.4072679490801643 0.046708907521750394 -6.4211530155826129 -0.28731295962289183 -0.3399718430603183 2.7025019105090906 2.6794654919253573 -0.50462457235514724 9.6771192703742255
leaf_weight=53 91 57 84 83 94 170 198 140 203 51 1091 77 71 88 585 908 64 110 1821
leaf_count=53 91 57 84 83 94 170 198 140 203 51 1091 77 71 88 585 908 64 110 1821
internal_value=0.000980464 0.00163971 -0.00314581 -0.00251688 -0.00473684 -0.00125347 0.000572635 -0.00334667 0.0011631 -0.000692308 0.00141081 -0.000299363 -0.00215436 -0.00216279 0 0.00250965 0.000136364 0.000266904 0.00258832
internal_weight=6039 5217 822 769 265 504 2367 224 1436 142 1294 931 148 171 783 2850 121 280 2729
internal_count=6039 5217 822 769 265 504 2367 224 1436 142 1294 931 148 171 783 2850 121 280 2729
cat_boundaries=0 1 2
cat_threshold=233 517
is_linear=0
shrinkage=0.03


Tree=45
num_leaves=19
num_cat=1
split_feature=10 21 10 15 15 33 3 27 24 13 14 12 10 13 24 32 15 29
split_gain=16.3723 4.69299 3.0285 1.39375 1.29659 1.23047 1.28292 1.42333 0.862126 0.588081 0.574645 0.497575 0.487302 0.484878 0.341123 0.142134 0.131531 0.121204
threshold=1044.2857142857144 1412.5000000000002 774.42857142857156 0.78724360164103002 0.95936279103287792 3.4350000000000005 0 24.875000000000004 1227.5000000000002 1128.3737947658403 -0.9905448150984083 1115.0166666666669 1657.8571428571431 1282.3915367410041 1790.0000000000002 13.750000000000002 -0.40613878790836594 27.325000000000006
decision_type=2 2 2 2 2 2 1 2 2 2 2 2 2 2 2 2 2 2
left_child=2 3 -1 10 9 16 7 -7 15 -5 -2 -12 14 -6 -10 -3 -4 -8
right_child=1 8 5 4 13 6 17 -9 12 -11 11 -13 -14 -15 -16 -17 -18 -19
leaf_value=-3.8016367069925319 -1.6968025509715017 -1.4242258635655394 -0.61047766895919986 -2.2894492775538891 -0.27820205327936476 -2.7698858873175078 1.1091075261770253 -1.6123378882660362 2.6672061193231182 -0.38821896955475388 0.0064997195849833727 1.078381615522314 10.886805692262996 0.98447202029729775 -1.7287412758243084 3.6892138243801225 0.13837644325462328 -0.53360187966353623
leaf_weight=53 54 61 52 57 141 224 78 279 1190 254 269 1116 1766 137 50 51 52 52
leaf_count=53 54 61 52 57 141 224 78 279 1190 254 269 1116 1766 137 50 51 52 52
internal_value=0.00102122 0.00164426 -0.00297724 0.000492361 -0.000691525 -0.00239024 -0.0028959 -0.00358333 0.00237865 -0.00205769 0.00100833 0.00114719 0.00247522 0.000677419 0.00189766 0 0.000257143 0
internal_weight=5936 5146 790 2028 589 737 633 503 3118 311 1439 1385 3006 278 1240 112 104 130
internal_count=5936 5146 790 2028 589 737 633 503 3118 311 1439 1385 3006 278 1240 112 104 130
cat_boundaries=0 1
cat_threshold=2
is_linear=0
shrinkage=0.03


Tree=46
num_leaves=20
num_cat=1
split_feature=10 10 21 11 3 16 13 15 15 22 11 31 12 24 33 15 22 17 10
split_gain=16.08 3.80074 3.6521 2.75506 1.80667 1.90023 1.22785 1.15258 1.32351 0.934815 0.631954 0.615042 0.919284 0.580139 0.521326 0.43 0.355839 0.324704 0.266201
threshold=1121.7857142857144 836.50000000000011 1427.5000000000002 146.79107277903861 0 0.74300049550786151 1096.0992495464295 0.78724360164103002 0.95436825032516992 1240.0000000000002 143.92458342578968 25.850000000000001 979.58333333333337 1277.5000000000002 5.7400000000000011 0.93158198870884079 1505.0000000000002 -0.9695716238223514 1278.9285714285718
decision_type=2 2 2 2 1 2 2 2 2 2 2 2 2 2 2 2 2 2 2
left_child=1 6 7 11 5 -5 -1 10 15 -4 17 12 -3 -11 -12 -9 -15 -2 -10
right_child=2 3 9 4 -6 -7 -8 8 18 13 14 -13 -14 16 -16 -17 -18 -19 -20
leaf_value=-1.3336329992832072 0.13323942147597709 -1.5018761844326509 -0.29139032479576682 -2.056258116540743 -0.89028562978887926 -4.145007162763835 -3.7426038022316979 -0.37434601321173122 0.95938690462061738 0.47342897433073161 -0.56565697606444898 0.29641417217313137 -0.02930801611141861 2.5871899357434267 1.6222271044589924 -2.1386034652740373 6.8106335981811492 1.7977414491164643 -0.061516732611158476
leaf_weight=54 109 157 73 151 114 68 62 189 148 95 169 134 397 760 109 50 2181 808 108
leaf_count=54 109 157 73 151 114 68 62 189 148 95 169 134 397 760 109 50 2181 808 108
internal_value=0.00100606 -0.00218278 0.00177125 -0.00153816 -0.00379042 -0.0054 -0.00741026 0.000612064 -0.000544355 0.0023865 0.00112876 -0.00037881 -0.00087027 0.00247053 0 -0.0022 0.00254521 0.0015098 0.000828794
internal_weight=5936 1137 4799 1021 333 219 116 1690 495 3109 1195 688 554 3036 278 239 2941 917 256
internal_count=5936 1137 4799 1021 333 219 116 1690 495 3109 1195 688 554 3036 278 239 2941 917 256
cat_boundaries=0 1
cat_threshold=2
is_linear=0
shrinkage=0.03


Tree=47
num_leaves=20
num_cat=0
split_feature=10 23 21 11 11 22 11 12 31 15 10 29 15 27 29 24 12 11 20
split_gain=14.7662 4.98646 2.4425 2.14443 1.62508 1.44747 1.05261 0.94331 0.827019 0.812339 0.785975 0.645712 0.344121 0.323243 0.460441 0.205846 0.115875 0.112017 0.111292
threshold=1193.214285714286 662.50000000000011 1505.0000000000002 146.79107277903861 138.44373104863874 1205.0000000000002 180.23628198404725 979.58333333333337 11.599999999999991 0.7487283477006671 1475.0000000000002 24.475000000000005 -0.92272482904738262 24.375000000000004 22.625000000000004 1467.5000000000002 1433.8333333333335 57.735026918962568 24.853571428571431
decision_type=2 2 2 2 2 2 2 2 2 2 2 2 2 2 2 2 2 2 2
left_child=1 -1 4 7 9 6 -5 8 -3 17 -4 -11 -9 14 -6 -12 -17 -2 -15
right_child=2 3 10 5 13 -7 -8 12 -10 11 15 -13 -14 18 -16 16 -18 -19 -20
leaf_value=-3.5753094917158057 2.352348697075811 -1.5234106890602912 0.70195747436227085 -2.4938621437216892 0.3636806952501524 0.33962860698600095 -2.2239007202312395 -1.1374157914748897 0.08670307306558607 1.0728261117656892 1.9055101207838743 -0.82394235643741465 0.12116494842348724 2.4654627367052622 -1.4118759428359293 2.3734429159363368 7.3558825135496768 1.9784428280282054 -0.027181319594674624
leaf_weight=61 506 176 101 157 68 97 211 50 72 329 95 66 746 76 124 66 2063 653 219
leaf_count=61 506 176 101 157 68 97 211 50 72 329 95 66 746 76 124 66 2063 653 219
internal_value=0.00103638 -0.00144176 0.00193794 -0.0010649 0.00114006 -0.00276824 -0.00363415 -0.000261244 -0.00189157 0.00161865 0.00261823 0.00030303 0.00019197 -0.000295082 -0.00129016 0.00273573 0.00280845 0.00202759 0.000202703
internal_weight=5936 1570 4366 1509 2041 465 368 1044 248 1554 2325 395 796 487 192 2224 2129 1159 295
internal_count=5936 1570 4366 1509 2041 465 368 1044 248 1554 2325 395 796 487 192 2224 2129 1159 295
is_linear=0
shrinkage=0.03


Tree=48
num_leaves=20
num_cat=3
split_feature=10 23 0 21 0 14 0 29 12 13 10 13 16 32 12 17 17 16 10
split_gain=14.2157 5.06206 2.63892 2.49596 1.83365 1.35025 1.28733 1.23771 0.970996 0.834916 0.693277 0.601866 0.262385 0.219334 0.440085 0.269078 0.214966 0.12228 0.061726
threshold=1193.214285714286 662.50000000000011 0 1505.0000000000002 1 -0.861146256326485 2 26.575000000000006 1535.8333333333337 1395.5499139691576 1029.2857142857144 1342.3016541822724 0.878110924644389 0.75000000000000011 1355.0833333333337 0.98901092807778201 0.74729605595282422 0.080548957663405765 1460.714285714286
decision_type=2 2 1 2 1 2 1 2 2 2 2 2 2 2 2 2 2 2 2
left_child=1 -1 11 4 7 17 8 9 -5 -2 -7 16 -13 14 -6 -15 -3 -4 -8
right_child=3 2 5 6 13 10 18 -9 -10 -11 -12 12 -14 15 -16 -17 -18 -19 -20
leaf_value=-3.4680502069643331 -1.0819961068388544 0.78558500278800514 0.046841610975090667 -4.4303826909980071 1.791452961885295 -2.1869402693729287 2.4813186163707233 2.1739046284034544 5.1922802481820067 0.74692584127560102 -0.72315713711416296 0.31648575523246547 -0.19382315645390003 2.0179997003067722 -0.034391608504592837 0.82120907302759827 0.0097289512270527061 0.37921172388783414 6.2550194170502635
leaf_weight=61 278 206 76 56 147 483 52 268 135 166 395 156 71 922 181 79 64 58 2082
leaf_count=61 278 206 76 56 147 483 52 268 135 166 395 156 71 922 181 79 64 58 2082
internal_value=0.00104649 -0.00138447 -0.0010053 0.00193107 0.00112537 -0.00188563 0.00261823 -5.39418e-05 0 -0.00108539 -0.00234471 0.000720473 -0.000236842 0.00177761 0.000848024 0.00205389 0.00171587 0.000644445 0.00282378
internal_weight=5936 1570 1509 4366 2041 1012 2325 712 191 444 878 497 227 1329 328 1001 270 134 2134
internal_count=5936 1570 1509 4366 2041 1012 2325 712 191 444 878 497 227 1329 328 1001 270 134 2134
cat_boundaries=0 1 2 3
cat_threshold=233 271 518
is_linear=0
shrinkage=0.03


Tree=49
num_leaves=17
num_cat=1
split_feature=0 23 24 23 12 15 33 15 6 13 14 13 23 14 23 24
split_gain=12.7863 5.50916 2.82633 1.76481 1.14044 1.14736 0.903685 0.548795 0.51183 0.663776 0.414333 0.397183 0.325339 0.266494 0.211807 0.0279833
threshold=0 662.50000000000011 1652.5000000000002 1575.0000000000002 1086.8500000000001 0.41202506375868281 3.4350000000000005 0.93158198870884079 3.5000000000000004 1347.8955180433397 -0.99467753128998015 1599.2274989337998 1652.5000000000002 0.44505654568748165 1027.5000000000002 1440.0000000000002
decision_type=1 2 2 2 2 2 2 2 2 2 2 2 2 2 2 2
left_child=3 -2 4 8 6 -6 -3 12 9 13 -10 -11 -4 -1 -12 -5
right_child=1 2 7 15 5 -7 -8 -9 10 11 14 -13 -14 -15 -16 -17
leaf_value=0.070978909116965944 -3.3640087007554027 0.12647710267844728 0.49654736121625315 1.6606942346488471 0.64870358268806139 -0.75389154819541959 -2.0891015415026803 -1.622866127742387 -0.32270004128264806 -0.10638799398022464 0.071629398384999626 2.3799610073742898 8.4243214772498813 1.7866354360084078 1.8246907909082277 6.9475554556316768
leaf_weight=51 63 96 84 57 465 581 600 57 53 336 65 71 270 167 1222 1698
leaf_count=51 63 96 84 57 465 581 600 57 53 336 65 71 270 167 1222 1698
internal_value=0.00103638 -0.000753031 -0.000476323 0.00211069 -0.00102065 -0.000340974 -0.00197561 0.00171845 0.00144964 0.000623003 0.00180089 0 0.00218873 0.0019589 0.0019146 0.00283599
internal_weight=5936 2216 2153 3720 1742 1046 696 411 1965 625 1340 407 354 218 1287 1755
internal_count=5936 2216 2153 3720 1742 1046 696 411 1965 625 1340 407 354 218 1287 1755
cat_boundaries=0 1
cat_threshold=232
is_linear=0
shrinkage=0.03


Tree=50
num_leaves=20
num_cat=2
split_feature=10 10 23 0 11 0 26 21 13 15 17 32 15 6 13 18 10 11 13
split_gain=12.9041 5.23077 2.84375 1.35167 1.31016 1.05604 0.761046 1.85099 0.754621 0.711097 0.590621 0.618259 0.61153 0.509112 0.395685 0.394302 0.274782 0.527844 0.180741
threshold=1022.1428571428572 1486.0714285714287 662.50000000000011 0 92.523654858726204 1 1.0500000000000003 881.00000000000011 1355.6659628008754 0.04621408538533487 0.2332836900311728 2.1500000000000008 -0.23537842981696178 7.5000000000000009 1159.294523809524 27.149999999999988 1732.1428571428576 224.93385271060427 995.13993710691841
decision_type=2 2 2 1 2 1 2 2 2 2 2 2 2 2 2 2 2 2 2
left_child=2 3 -1 8 15 13 7 -6 14 -10 12 -12 -5 -3 -2 18 17 -7 -4
right_child=1 5 4 10 6 16 -8 -9 9 -11 11 -13 -14 -15 -16 -17 -18 -19 -20
leaf_value=-3.2630884397327393 -0.046789878830830849 -2.0423538591854453 -1.4635213715432882 -0.88840307233178972 -3.1172131376234677 2.5007787462555777 -0.60747390056597272 -1.1084385801332268 3.429854251894334 -0.13305090214002271 -3.0382610311804639 -0.22831989522012125 0.50277641794064964 2.5136019792335293 1.1672072206556259 0.72092044680718614 11.239128791962729 -0.68322409696690811 -0.11512641933263884
leaf_weight=56 64 50 85 118 130 1072 89 169 96 255 75 460 527 74 874 57 1554 51 120
leaf_count=56 64 50 85 118 130 1072 89 169 96 255 75 460 527 74 874 57 1554 51 120
internal_value=0.00102945 0.00154525 -0.00275389 0.00051498 -0.00209677 0.00243683 -0.00321594 -0.00396 0.00118615 0 -0.000188917 -0.000951492 0.000371517 -2.22221e-05 0.00163898 -0.000262357 0.00255804 0.00204982 -0.00101942
internal_weight=5976 5270 706 2469 650 2801 388 299 1289 351 1180 535 645 124 938 262 2677 1123 205
internal_count=5976 5270 706 2469 650 2801 388 299 1289 351 1180 535 645 124 938 262 2677 1123 205
cat_boundaries=0 1 2
cat_threshold=104 517
is_linear=0
shrinkage=0.03


Tree=51
num_leaves=20
num_cat=2
split_feature=10 10 10 11 0 0 5 13 17 15 14 26 17 24 32 31 7 7 10
split_gain=11.9482 5.29038 2.33297 1.64582 1.35167 0.893157 0.826717 0.754621 0.715347 0.711097 0.665881 0.660197 0.590621 0.718428 0.618259 0.375176 0.352329 0.30016 0.274782
threshold=1022.1428571428572 1486.0714285714287 797.357142857143 121.49857925879205 0 1 2.5000000000000004 1355.6659628008754 -0.87810534180523914 0.04621408538533487 -0.97509794945709805 0.65000000000000002 0.2332836900311728 1240.0000000000002 2.1500000000000008 1.3999999999999986 215.50000000000003 116.50000000000001 1732.1428571428576
decision_type=2 2 2 2 1 1 2 2 2 2 2 2 2 2 2 2 2 2 2
left_child=2 4 -1 6 7 16 17 10 -5 -9 -2 -10 13 -6 -14 -8 -3 -4 -7
right_child=1 5 3 8 12 18 15 9 11 -11 -12 -13 14 -15 -16 -17 -18 -19 -20
leaf_value=-2.5531235833550316 -1.3808881208394501 -1.9810832434098842 -1.2327990943960236 -0.25953655384698288 0.63587821840206471 2.3355990561605404 -0.2946563561954354 3.3269586243375047 -2.5591436886956593 -0.12905937507582319 1.0461873385085139 -1.6128130879429272 -2.9471132002450515 -0.41978653109987674 -0.2214702983635175 0.22047744740932476 2.4381939198565243 -0.062763141245697249 10.90195492820385
leaf_weight=65 55 50 82 65 351 1123 101 96 173 255 883 66 75 294 460 94 74 60 1554
leaf_count=65 55 50 82 65 351 1123 101 96 173 255 883 66 75 294 460 94 74 60 1554
internal_value=0.00105454 0.00155094 -0.00258416 -0.00193458 0.00051498 0.00244754 -0.000337278 0.00118615 -0.00355082 0 0.00163898 -0.004325 -0.000188917 0.000371517 -0.000951492 0.000765306 0 -0.00216084 0.00255804
internal_weight=5976 5270 706 641 2469 2801 337 1289 304 351 938 239 1180 645 535 195 124 142 2677
internal_count=5976 5270 706 641 2469 2801 337 1289 304 351 938 239 1180 645 535 195 124 142 2677
cat_boundaries=0 1 2
cat_threshold=104 517
is_linear=0
shrinkage=0.03


Tree=52
num_leaves=19
num_cat=2
split_feature=21 23 10 0 11 10 0 19 17 13 13 23 16 18 7 7 11 10
split_gain=11.8608 5.54143 2.6001 1.69093 1.50773 1.42003 1.03134 0.706411 0.628566 0.786746 0.626442 0.597341 0.509503 0.429192 0.425988 0.278915 0.195603 0.0555007
threshold=1337.5000000000002 662.50000000000011 1022.1428571428572 0 92.523654858726204 1789.2857142857144 1 1.8499999999999968 0.2332836900311728 1128.3737947658403 1348.6130030959755 1575.0000000000002 0.080548957663405765 0.39999999999999653 39.500000000000007 237.50000000000003 160.72751268321829 1517.8571428571429
decision_type=2 2 2 1 2 2 1 2 2 2 2 2 2 2 2 2 2 2
left_child=1 -1 4 11 13 8 10 -6 15 -10 -4 14 -8 -3 -2 -5 -16 -13
right_child=3 2 6 5 7 -7 12 -9 9 -11 -12 17 -14 -15 16 -17 -18 -19
leaf_value=-3.9255201831390401 0.42120201556727349 -0.94767176823228505 0.95084366569583989 1.54659837361409 -2.4584308551116587 8.3721524175718436 0.1226048191961281 -1.5505160797903181 1.2798615168446281 -1.941822570578198 0.013976076661027945 2.0109374312544941 -0.47888174872817985 0.12083670166800731 2.0430133295141504 -0.96802267439737189 0.95408984250057649 6.0748962803577342
leaf_weight=64 96 115 447 163 129 262 474 252 65 119 306 53 395 147 950 115 84 1740
leaf_count=64 96 115 447 163 129 262 474 252 65 119 306 53 395 147 950 115 84 1740
internal_value=0.0010445 -0.000612875 -0.000344219 0.00211513 -0.00196584 0.000689796 0.000271719 -0.00317277 -0.000213823 -0.00163784 0.00109162 0.00244172 -0.000395454 -3.42204e-05 0.00179045 0.000569893 0.00196812 0.00283946
internal_weight=5976 2329 2265 3647 643 724 1622 381 462 184 753 2923 869 262 1130 278 1034 1793
internal_count=5976 2329 2265 3647 643 724 1622 381 462 184 753 2923 869 262 1130 278 1034 1793
cat_boundaries=0 1 2
cat_threshold=248 74
is_linear=0
shrinkage=0.03


Tree=53
num_leaves=20
num_cat=2
split_feature=21 10 11 0 10 15 0 13 16 11 16 13 17 15 23 21 19 7 29
split_gain=10.4383 3.28048 2.20457 1.53392 1.35994 1.17568 0.859155 0.927693 0.786429 1.28924 0.776217 0.530755 0.522757 0.774297 0.521401 0.510067 0.426803 0.425988 0.41469
threshold=1337.5000000000002 1000.0714285714287 92.523654858726204 0 1789.2857142857144 0.79253265336324141 1 1348.6130030959755 0.74300049550786151 151.18578920369069 0.80033572242307993 1385.7979626485571 0.72399708366809723 0.96633974041180493 1575.0000000000002 906.00000000000011 86.750000000000014 39.500000000000007 30.325000000000006
decision_type=2 2 2 1 2 2 1 2 2 2 2 2 2 2 2 2 2 2 2
left_child=1 2 -1 14 5 11 7 16 15 -10 -9 -5 18 -14 17 -4 -3 -2 -8
right_child=3 6 8 4 -6 -7 12 10 9 -11 -12 -13 13 -15 -16 -17 -18 -19 -20
leaf_value=-0.0070727747718995404 0.40856595510025268 1.0747404758286756 -2.8596132119810767 1.4223210456720401 8.1209878450446862 -1.624886288873906 0.16083742181156888 0.31818590716809281 -0.87456383953758832 -2.6538415986184192 -0.19186795874187487 -3.5849476959911906 -2.1743044912675544 0.067730515896168297 5.8926493919470015 -0.35490473324417543 0.1673793972271132 1.969082036669908 -1.8723594753939092
leaf_weight=228 96 295 154 317 262 87 637 211 51 65 118 58 141 112 1793 109 157 1034 51
leaf_count=228 96 295 154 317 262 87 637 211 51 65 118 58 141 112 1793 109 157 1034 51
internal_value=0.0010947 -0.000458369 -0.00235855 0.00209868 0.000730612 -0.000149028 0.000186303 0.000931818 -0.00375789 -0.0061282 -0.000145454 0.000478724 -0.000390756 -0.00155905 0.00241104 -0.00252273 0.00183444 0.00179045 0
internal_weight=5976 2329 607 3647 724 462 1722 781 379 116 329 375 941 253 2923 263 452 1130 688
internal_count=5976 2329 607 3647 724 462 1722 781 379 116 329 375 941 253 2923 263 452 1130 688
cat_boundaries=0 1 2
cat_threshold=248 74
is_linear=0
shrinkage=0.03


Tree=54
num_leaves=20
num_cat=0
split_feature=10 12 15 26 15 12 11 20 13 7 25 11 13 11 10 10 12 13 10
split_gain=10.1474 3.96298 1.51162 1.42485 1.07561 0.967124 0.97872 0.880276 0.732937 0.741187 0.692149 0.709508 0.649249 0.514514 0.40411 0.362875 0.492155 0.299319 0.17192
threshold=1478.9285714285718 1030.0833333333337 0.78724360164103002 0.15000000000000005 0.95436825032516992 854.16666666666686 149.20423841803051 21.617857142857151 1354.4798642194696 61.500000000000007 25.525000000000002 115.47005383792309 1154.4572568940496 417.68906950856416 1344.6428571428573 1667.8571428571429 1624.1666666666667 1597.72111410602 1586.4285714285718
decision_type=2 2 2 2 2 2 2 2 2 2 2 2 2 2 2 2 2 2 2
left_child=1 3 8 5 7 -1 -7 -4 12 -10 11 -5 -3 15 -6 16 18 -18 -2
right_child=13 2 4 10 14 6 -8 -9 9 -11 -12 -13 -14 -15 -16 -17 17 -19 -20
leaf_value=-2.8997488981442241 2.0709880628182504 0.23071406702879299 0.38706755281519389 0.074993784049207701 0.38986624432684913 -0.38055366043988714 -2.5056905000835092 -1.0407253913628247 -0.26441176148857176 0.58998916719445371 0.63014927912875696 -1.9610628217402 1.1267682429387547 0.1987667308094353 -0.92516874273043104 8.715869910188589 -0.81830446745588059 3.5612794485080546 3.4815990749092975
leaf_weight=89 733 415 111 89 254 211 144 278 97 350 68 77 884 81 58 1713 104 67 153
leaf_count=89 733 415 111 89 254 211 144 278 97 350 68 77 884 81 58 1713 104 67 153
internal_value=0.00109972 -6.71784e-05 0.000480392 -0.00210751 -0.00065812 -0.00310786 -0.00219101 -0.00173846 0.000963366 0 -1.27658e-05 -0.00123952 0.00132462 0.00239411 0.000546326 0.00246301 0.00187713 0.000104651 0.00216798
internal_weight=5976 3125 2447 678 701 444 355 389 1746 447 234 166 1299 2851 312 2770 1057 171 886
internal_count=5976 3125 2447 678 701 444 355 389 1746 447 234 166 1299 2851 312 2770 1057 171 886
is_linear=0
shrinkage=0.03


Tree=55
num_leaves=20
num_cat=2
split_feature=10 0 0 10 16 19 16 10 10 18 7 11 26 12 26 18 12 15 13
split_gain=11.5395 2.83377 2.74802 1.85503 1.72104 1.42612 1.08248 1.05027 0.866538 1.08546 0.714921 0.556943 0.667654 0.426226 0.417339 0.533748 0.410869 0.394403 0.280408
threshold=1250.3571428571431 0 1 1700.714285714286 0.43152950955792641 0.75000000000000011 0.44313197806314492 1486.0714285714287 1151.0714285714287 15.449999999999994 44.500000000000007 141.42135623730971 0.15000000000000005 1193.4166666666667 1.6500000000000001 33.250000000000007 1238.7500000000002 -0.12545862287572049 1088.5591931958304
decision_type=2 1 1 2 2 2 2 2 2 2 2 2 2 2 2 2 2 2 2
left_child=1 4 3 6 11 16 17 10 9 -6 -4 18 -13 -12 -7 -16 -3 -2 -1
right_child=2 5 7 -5 8 14 -8 -9 -10 -11 13 12 -14 -15 15 -17 -18 -19 -20
leaf_value=0.1118799117157486 -6.6167068474365012 -0.086972300363154939 -0.34060063682338926 3.7612699222511683 -2.4425330718912055 0.38484636495404362 -4.6065290985456349 4.2225113188903087 -0.10351351524938122 -0.20011319410406672 -1.1438603133388097 -1.5326174436011228 0.16502287313733974 1.5094169790006753 -0.9912280170957356 0.34503331019219058 -0.57365407464001694 0.24469454401675808 -0.80317990797128558
leaf_weight=282 56 108 98 157 283 526 79 2534 83 61 59 212 107 914 64 65 74 163 58
leaf_count=282 56 108 98 157 283 526 79 2534 83 61 59 212 107 914 64 65 74 163 58
internal_value=0.00102172 -0.000876299 0.00193179 -0.000193133 -0.00188423 0.000396227 -0.00167559 0.00220686 -0.00342056 -0.00409565 0.00133209 -0.000845454 -0.00174375 0.00159548 0.00109756 -0.000138461 -0.00185246 -0.000354545 0
internal_weight=5983 1923 4060 455 1086 837 298 3605 427 344 1071 659 319 973 655 129 182 219 340
internal_count=5983 1923 4060 455 1086 837 298 3605 427 344 1071 659 319 973 655 129 182 219 340
cat_boundaries=0 1 2
cat_threshold=788 519
is_linear=0
shrinkage=0.03


Tree=56
num_leaves=20
num_cat=2
split_feature=21 0 0 16 12 22 19 16 13 31 19 6 30 32 22 13 14 10 12
split_gain=11.3907 3.48455 2.27363 1.80746 1.56874 1.31231 1.18013 0.976573 1.23742 0.676249 0.652257 0.595362 0.293917 0.404196 0.351173 0.265413 0.264787 0.118381 0.122709
threshold=1412.5000000000002 0 1 0.43152950955792641 1562.166666666667 1205.0000000000002 28.850000000000005 -0.20075075429075132 1348.6130030959755 22.900000000000006 0.75000000000000011 8.5000000000000018 0.25000000000000006 0.95000000000000007 1205.0000000000002 1184.8704922083741 0.039769539193789977 1603.5714285714287 1500.8333333333337
decision_type=2 1 1 2 2 2 2 2 2 2 2 2 2 2 2 2 2 2 2
left_child=1 3 4 12 16 6 -5 9 11 -3 -10 -9 13 -1 -14 17 -2 18 -4
right_child=2 7 15 5 -6 -7 -8 8 10 -11 -12 -13 14 -15 -16 -17 -18 -19 -20
leaf_value=0.267342158109863 -0.47556269447098709 1.3547357112719776 0.94127636569401729 -2.4717067796181498 4.1171131838996544 -0.18071202755488025 -0.3719510475880547 0.56713819763956519 -0.33026478912648105 -0.23724538663132921 0.010579857161655841 -0.60267802905917911 -0.32982417960204807 -0.89172036470683391 1.6741596222402444 4.1537601476503854 -5.525925801627845 4.0315512670772469 -0.42820989141504268
leaf_weight=120 52 417 103 267 133 129 116 446 228 101 235 89 180 467 62 2545 73 170 50
leaf_count=120 52 417 103 267 133 129 116 446 228 101 235 89 180 467 62 2545 73 170 50
internal_value=0.00102172 -0.0003338 0.0022747 -0.00145118 -0.000301115 -0.00288304 -0.00376562 0.000630648 3.90391e-05 0.00169364 -0.00104741 0.00106343 -0.000527711 -0.000908163 0.000209877 0.00251441 -0.00285714 0.00137037 0.000350649
internal_weight=5983 2857 3126 1341 258 512 383 1516 998 518 463 535 829 587 242 2868 125 323 153
internal_count=5983 2857 3126 1341 258 512 383 1516 998 518 463 535 829 587 242 2868 125 323 153
cat_boundaries=0 1 2
cat_threshold=789 518
is_linear=0
shrinkage=0.03


Tree=57
num_leaves=20
num_cat=0
split_feature=21 22 7 24 13 12 16 22 13 20 10 29 16 22 7 33 32 22 23
split_gain=11.3975 2.97523 1.92256 1.65607 1.40228 0.938284 1.04615 0.791349 0.55345 0.506571 0.482384 0.369022 0.361148 0.314483 0.235897 0.22708 0.216451 0.193609 0.248904
threshold=1412.5000000000002 956.00000000000011 96.500000000000014 1240.0000000000002 1085.2085773015108 1017.5000000000001 -0.40614512594453095 1077.5000000000002 1132.60419367384 21.775000000000006 1743.214285714286 24.725000000000005 0.056949529780582521 881.00000000000011 137.50000000000003 4.0150000000000006 13.750000000000002 1277.5000000000002 1302.5000000000002
decision_type=2 2 2 2 2 2 2 2 2 2 2 2 2 2 2 2 2 2 2
left_child=1 2 4 16 13 7 15 -3 -6 -8 17 12 -4 -1 -9 -7 -2 -5 -19
right_child=3 5 11 10 8 6 9 14 -10 -11 -12 -13 -14 -15 -16 -17 -18 18 -20
leaf_value=0.24117240400362597 -2.4759571431564766 -0.06155860652991809 -1.4083290746700543 0.15081550678905389 -3.0429180266846072 0.25808048864032579 0.52289231349819387 -1.6769337018570487 -2.1817162349821633 -0.060640809694022114 9.7031056688867068 0.17811516990328827 -0.030080405028575202 -1.2821109526727266 -4.474681119311902 1.0158817658799844 0.36544734373244475 0.36458109492423219 2.0257878027303664
leaf_weight=63 67 134 63 52 56 216 188 50 82 1256 1525 174 58 52 51 414 50 78 1354
leaf_count=63 67 134 63 52 56 216 188 50 82 1256 1525 174 58 52 51 414 50 78 1354
internal_value=0.0010117 -0.000344297 -0.00233333 0.00226511 -0.00427559 0.000109091 0.000331084 -0.00165254 -0.00641007 -8.5121e-05 0.00240598 -0.000506757 -0.00181967 -0.0012931 -0.00364706 0.00135499 -0.000966102 0.00191717 0.00198255
internal_weight=5983 2857 548 3126 253 2309 2074 235 138 1444 3009 295 121 115 101 630 117 1484 1432
internal_count=5983 2857 548 3126 253 2309 2074 235 138 1444 3009 295 121 115 101 630 117 1484 1432
is_linear=0
shrinkage=0.03


Tree=58
num_leaves=20
num_cat=0
split_feature=21 11 10 16 24 21 7 13 7 10 11 16 16 11 19 20 18 19 7
split_gain=10.6118 3.12654 1.67788 1.99205 1.63734 1.29056 0.8284 0.806427 0.574095 0.485331 0.674322 0.447812 0.642702 0.438546 0.339452 0.551079 0.328539 0.262832 0.19594
threshold=1412.5000000000002 149.20423841803051 1029.2857142857144 -0.159513159777915 1240.0000000000002 1027.5000000000002 97.500000000000014 1085.2085773015108 53.500000000000007 1743.214285714286 246.40269015228606 0.080548957663405765 0.66045618230038983 262.76913640612617 1.0000000180025095e-35 24.717857142857145 30.199999999999999 21.350000000000001 39.500000000000007
decision_type=2 2 2 2 2 2 2 2 2 2 2 2 2 2 2 2 2 2 2
left_child=1 5 3 -3 13 6 8 -5 -1 10 18 16 -13 -2 -4 -16 -7 -8 -6
right_child=4 2 14 7 9 11 17 -9 -10 -11 -12 12 -14 -15 15 -17 -18 -19 -20
leaf_value=-0.13111297918680673 2.3314642637406515 -1.179884248587588 0.66645955967967418 -2.245212588115626 1.2099741493188014 0.96469313011160118 0.31867223715061438 -3.2648532575966582 -2.0667754643800316 9.4120124988201042 -2.8365779856006865 -0.23586951662249941 0.44817961439477899 -4.6850819133487027 -0.04516329260118182 -1.8849175358656338 -0.11213251062862549 -0.20973957653353451 1.9911434936105581
leaf_weight=128 66 86 71 79 136 655 67 64 154 1525 61 345 443 51 235 230 99 201 1287
leaf_count=128 66 86 71 79 136 655 67 64 154 1525 61 345 443 51 235 230 99 201 1287
internal_value=0.00103676 -0.000270819 -0.00191906 -0.00412174 0.00224592 0.000311037 -0.000898366 -0.00629167 -0.00204594 0.00238605 0.00189697 0.000771873 0.000201521 -0.000966102 -0.000888268 -0.00122318 0.00130728 0.000144982 0.00203933
internal_weight=5983 2857 765 229 3126 2092 550 143 282 3009 1484 1542 788 117 536 465 754 268 1423
internal_count=5983 2857 765 229 3126 2092 550 143 282 3009 1484 1542 788 117 536 465 754 268 1423
is_linear=0
shrinkage=0.03


Tree=59
num_leaves=20
num_cat=2
split_feature=21 0 0 16 12 22 16 16 13 7 31 19 11 20 14 23 13 14 14
split_gain=10.6053 3.24464 2.24178 1.65156 1.27725 1.14168 0.980566 0.898505 0.849054 0.749136 0.676249 0.498831 0.482835 0.4216 0.237829 0.220865 0.197342 0.185164 0.105344
threshold=1412.5000000000002 0 1 0.43152950955792641 1562.166666666667 1205.0000000000002 0.96687895796550427 -0.20075075429075132 1348.6130030959755 249.50000000000003 22.900000000000006 0.75000000000000011 153.91710817994075 29.296428571428578 0.96687895796550427 1302.5000000000002 1045.4177164261935 0.039769539193789977 0.534952257794027
decision_type=2 1 1 2 2 2 2 2 2 2 2 2 2 2 2 2 2 2 2
left_child=1 7 4 12 17 6 -5 10 9 -9 -1 -10 14 -14 -3 -4 -17 -2 -7
right_child=2 3 15 5 -6 18 -8 8 11 -11 -12 -13 13 -15 -16 16 -18 -19 -20
leaf_value=1.2592226549210173 -0.43388733111705552 0.13374920473671448 0.87971557816849011 -2.084310256638485 3.4919263230185518 -2.1264874884165823 -0.62686736824286182 0.56840968903677036 -0.3139323204717423 -1.0792165680980892 -0.18132292011580448 0.029367482820430248 -0.34410299533934885 -3.7380077909285809 -1.1090877035468045 0.16775354705654921 3.885992773867442 -5.3249217108664126 0.29118347509699299
leaf_weight=417 52 388 101 294 133 53 89 459 228 76 101 235 284 59 98 50 2717 73 76
leaf_count=417 52 388 101 294 133 53 89 459 228 76 101 235 284 59 98 50 2717 73 76
internal_value=0.00104679 -0.000260322 0.00225552 -0.00134024 -0.000301115 -0.0027076 -0.00353125 0.000669941 9.90992e-05 0.000951493 0.00169364 -0.000788793 -0.000455422 -0.00132558 6.77619e-05 0.00249357 0.00255997 -0.00261905 0
internal_weight=5983 2857 3126 1341 258 512 383 1516 998 535 518 463 829 343 486 2868 2767 125 129
internal_count=5983 2857 3126 1341 258 512 383 1516 998 535 518 463 829 343 486 2868 2767 125 129
cat_boundaries=0 1 2
cat_threshold=234 518
is_linear=0
shrinkage=0.03


Tree=60
num_leaves=20
num_cat=2
split_feature=23 11 0 16 23 13 19 14 14 23 31 0 13 29 15 11 7 19 25
split_gain=8.36514 3.02476 1.50665 1.02037 0.956312 0.926114 0.870075 0.648545 0.876193 0.638079 0.58813 0.531272 0.524116 0.345758 0.340104 0.229892 0.220336 0.215135 0.199229
threshold=1412.5000000000002 146.79107277903861 0 -0.21967031843447349 837.50000000000011 1173.7990022225379 29.849999999999998 0.26037272046371446 0.61237135649459018 1652.5000000000002 44.200000000000003 1 1287.7755742090214 24.525000000000002 0.33222858587828868 198.80595947760176 345.50000000000006 39.95000000000001 21.325000000000006
decision_type=2 2 1 2 2 2 2 2 2 2 2 1 2 2 2 2 2 2 2
left_child=1 3 6 13 15 10 -2 16 -9 11 -5 14 -7 17 -4 -3 -6 -1 -13
right_child=2 4 9 5 7 12 -8 8 -10 -11 -12 18 -14 -15 -16 -17 -18 -19 -20
leaf_value=1.5857556860840984 -4.6946355629106868 -3.6553969631256273 1.3824491847302665 -0.92451065360554585 0.33486989836262937 1.305573218541352 2.6979272497183566 -1.6801420480522848 -0.69841835687180098 6.6988410977341744 0.7145764254825272 1.1427021434002478 0.00744424235369677 0.76744614850052739 -1.4771819914666631 -2.2707996643275941 -0.35638473823410544 -0.20143126390992347 1.6802683238956546
leaf_weight=56 52 52 108 380 247 318 50 107 255 1754 60 51 606 550 50 69 60 103 1046
leaf_count=56 52 52 108 380 247 318 50 107 255 1754 60 51 606 550 50 69 60 103 1046
internal_value=0.00105891 -9.63686e-05 0.00213625 0.00048891 -0.00168774 0 -0.00114159 -0.00114627 -0.00200826 0.00225894 -0.00112245 0.00164809 0.000548108 0.00141127 0 -0.00427869 0 0 0.00187365
internal_weight=5974 2863 3111 2073 790 1364 102 669 362 3009 440 1255 924 709 158 121 307 159 1097
internal_count=5974 2863 3111 2073 790 1364 102 669 362 3009 440 1255 924 709 158 121 307 159 1097
cat_boundaries=0 1 2
cat_threshold=516 258
is_linear=0
shrinkage=0.03


Tree=61
num_leaves=20
num_cat=2
split_feature=10 0 0 16 13 12 10 12 14 23 12 13 27 15 32 33 10 19 27
split_gain=9.10023 2.44996 1.43131 1.0115 0.80298 2.86692 0.690506 0.632201 0.598935 0.532859 0.657893 1.01537 0.498245 0.48118 0.669147 0.612516 0.462303 0.50937 0.436325
threshold=1373.214285714286 0 1 0.52217737485370563 1085.2085773015108 1092.5000000000002 1700.714285714286 1320.7000000000003 -0.074117382312902977 1652.5000000000002 1612.5000000000002 1336.3803475935831 23.425000000000008 -0.30164489695395946 3.2499999999999969 6.1300000000000008 1157.5000000000002 128.65000000000003 24.075000000000006
decision_type=2 1 1 2 2 2 2 2 2 2 2 2 2 2 2 2 2 2 2
left_child=1 3 9 13 18 -6 -4 16 -9 10 -2 -12 -10 15 -15 -1 -3 -18 -5
right_child=2 7 6 4 5 -7 -8 8 12 -11 11 -13 -14 14 -16 -17 17 -19 -20
leaf_value=-0.063848226278227949 1.6448172304380257 0.025232250585051394 -0.42604412429980809 -1.8182213289481586 -3.9137955545537872 -1.2152732272870161 2.8146197672545812 1.2299578850803508 -1.9112003653279497 7.312107107707452 -1.8253990398762669 1.6447212590716846 -0.060085008396127751 0.96619084650073894 -0.64498704044045396 -2.9635738707523993 1.3319723131040599 -0.073830042894681994 -0.032507980676749135
leaf_weight=127 1158 453 247 102 50 118 200 129 64 1556 55 150 170 147 393 99 519 77 160
leaf_count=127 1158 453 247 102 50 118 200 129 64 1556 55 150 170 147 393 99 519 77 160
internal_value=0.00105389 -0.000261019 0.00208583 -0.00126512 -0.002471 -0.0042071 0.000340611 0.000562895 -0.000428571 0.00232833 0.00179912 1.06334e-10 -0.00141702 -0.000543677 0 -0.00170485 0.000954286 0.00151256 -0.0011749
internal_weight=5974 2608 3366 1196 430 168 447 1412 363 2919 1363 205 234 766 540 226 1049 596 262
internal_count=5974 2608 3366 1196 430 168 447 1412 363 2919 1363 205 234 766 540 226 1049 596 262
cat_boundaries=0 1 2
cat_threshold=276 488
is_linear=0
shrinkage=0.03


Tree=62
num_leaves=19
num_cat=0
split_feature=10 22 10 21 15 15 14 5 21 10 14 24 7 10 24 15 27 24
split_gain=8.77198 2.2795 0.775027 0.7448 0.733329 0.567301 0.678083 0.554236 0.445393 0.432701 0.410438 0.375141 0.336244 0.315146 0.304945 0.0901003 0.0557612 0.0122175
threshold=1445.0000000000002 881.00000000000011 1157.5000000000002 1352.5000000000002 0.11478523713130605 0.84658398682345093 0.29342972903661901 4.5000000000000009 1812.5000000000002 864.71428571428589 0.97112537654464559 1137.5000000000002 343.50000000000006 922.14285714285722 1467.5000000000002 0.59003219687534991 22.875000000000004 1427.5000000000002
decision_type=2 2 2 2 2 2 2 2 2 2 2 2 2 2 2 2 2 2
left_child=1 4 7 -2 9 14 -7 10 12 -1 -3 -9 17 15 -4 -6 -14 -5
right_child=3 2 5 8 13 6 -8 11 -10 -11 -12 -13 16 -15 -16 -17 -18 -19
leaf_value=0.26666885196129475 -0.3895463115709249 -0.56428811319909766 0.82203174930289591 0.5921349259611618 -3.4026250148421662 0.23266888351495071 -2.105028169888215 0.4092653162560676 10.092743894476225 -0.97954364385814807 0.33504415373533381 -0.83218328721548185 -0.37541520168473608 -0.36047500086870288 -0.25673387482620025 -1.1318395664295526 1.0689821542909246 2.4467040499821118
leaf_weight=63 66 671 1050 150 53 271 87 225 1270 98 108 73 72 52 154 62 52 1397
leaf_count=63 66 671 1050 150 53 271 87 225 1270 98 108 73 72 52 154 62 52 1397
internal_value=0.00107397 -6.8733e-05 0.000209091 0.00221609 -0.00243465 0.000646833 -0.000309192 -0.000384044 0.00229028 -0.000629629 -0.000830769 0.000632107 0.00187679 -0.00389286 0.000968465 -0.00491379 0 0.002
internal_weight=5974 2967 2639 3007 328 1562 358 1077 2941 161 779 298 1671 167 1204 115 124 1547
internal_count=5974 2967 2639 3007 328 1562 358 1077 2941 161 779 298 1671 167 1204 115 124 1547
is_linear=0
shrinkage=0.03


Tree=63
num_leaves=20
num_cat=2
split_feature=10 11 10 0 12 10 14 15 18 23 29 0 23 15 24 12 25 33 11
split_gain=8.20111 3.11369 1.10953 0.907514 0.876562 0.721151 0.611959 0.446172 0.902643 0.422196 0.408939 0.404299 0.383788 0.367106 0.35719 0.334066 0.504665 0.285299 0.271192
threshold=1475.0000000000002 146.79107277903861 1136.0714285714287 0 1108.4166666666667 1700.714285714286 -0.78326540922535159 -0.12545862287572049 0.099999999999996467 1337.5000000000002 20.875000000000004 1 1652.5000000000002 0.73721509932751383 1240.0000000000002 1532.5833333333337 22.875000000000004 6.3550000000000013 172.51638983558854
decision_type=2 2 2 1 2 2 2 2 2 2 2 1 2 2 2 2 2 2 2
left_child=1 4 6 12 7 -5 -3 -1 -9 14 -6 -12 15 -7 -4 -2 -17 -11 -8
right_child=3 2 9 5 10 13 18 8 -10 17 11 -13 -14 -15 -16 16 -18 -19 -20
leaf_value=0.13548944277909977 1.7329174966272356 0.1241733207533042 1.6139059530146456 -0.35003420525797108 -1.0538478449399982 5.8071820825857845 -2.9985960368298339 0.20161758905000557 -1.3135642594805146 -1.4283590892169484 -0.5923762925946342 0.52506943960808328 7.0193427729767608 -0.67466087983398171 -0.31893600061614674 -0.98235126923064342 1.3677511287201887 1.4673762768634471 -1.7960921473346818
leaf_weight=245 565 62 105 130 73 149 104 195 203 162 110 1398 1553 51 171 50 348 50 250
leaf_count=245 565 62 105 130 73 149 104 195 203 162 110 1398 1553 51 171 50 348 50 250
internal_value=0.00104887 0 -0.00149503 0.00221391 0.00059191 0.000483871 -0.00265468 -0.00028882 -0.000954887 -0.000411043 0.000978508 0.0010994 0.00241116 0.00171642 0.000227437 0.00179876 0.000924812 -0.0014507 -0.00313521
internal_weight=5974 3128 904 2846 2224 330 416 643 398 488 1581 1508 2516 200 276 963 398 212 354
internal_count=5974 3128 904 2846 2224 330 416 643 398 488 1581 1508 2516 200 276 963 398 212 354
cat_boundaries=0 1 2
cat_threshold=488 644
is_linear=0
shrinkage=0.03


Tree=64
num_leaves=20
num_cat=0
split_feature=10 11 10 11 10 17 10 19 17 14 20 18 20 15 13 12 31 31 7
split_gain=7.76565 2.48403 1.14865 1.21258 1.07826 1.50549 0.736387 0.663844 0.6204 1.04357 0.473442 0.438969 0.560316 0.435564 0.501993 0.319551 0.561949 0.511458 0.138087
threshold=1437.5000000000002 146.79107277903861 1743.214285714286 256.92758512179256 1000.0714285714287 -0.88622145408796527 1157.5000000000002 1.6999999999999968 0.2332836900311728 0.40614137006726808 24.767857142857149 40.95000000000001 27.342857142857145 0.83730377313544024 1354.4798642194696 1325.8333333333337 0.099999999999985836 13.599999999999996 342.50000000000006
decision_type=2 2 2 2 2 2 2 2 2 2 2 2 2 2 2 2 2 2 2
left_child=1 6 3 13 5 -3 11 -7 10 -10 -6 12 -1 -2 -15 17 -17 -8 -4
right_child=2 4 18 -5 8 7 15 -9 9 -11 -12 -13 -14 14 -16 16 -18 -19 -20
leaf_value=-0.2516092407021136 1.8494045724431716 0.36351482781142508 8.3087624897874548 -1.8436792636376975 1.2469738169565066 -3.5985893852878057 1.2501237146077073 -2.3424876655268569 -0.26079081481788025 -2.5250736031736505 -0.30607599398731583 0.87746320856101778 0.26384051149545007 -1.1348800711138718 1.4486117139160124 -0.70396244780553996 1.1893734708117745 -0.12315046661280273 1.6091022341116648
leaf_weight=694 1141 52 1431 65 83 63 600 101 221 58 289 91 157 50 228 171 260 86 133
leaf_count=694 1141 52 1431 65 83 63 600 101 221 58 289 91 157 50 228 171 260 86 133
internal_value=0.00103883 -5.0222e-05 0.00209872 0.00143232 -0.00141014 -0.00330415 0.000500971 -0.00474545 -0.000708589 -0.00177857 0 -7.31706e-05 -0.000330986 0.00163521 0.000354839 0.00102504 0.00025 0.00144541 0.00270096
internal_weight=5974 2926 3048 1484 867 216 2059 164 651 279 372 942 851 1419 278 1117 431 686 1564
internal_count=5974 2926 3048 1484 867 216 2059 164 651 279 372 942 851 1419 278 1117 431 686 1564
is_linear=0
shrinkage=0.03


Tree=65
num_leaves=20
num_cat=1
split_feature=21 11 12 0 14 16 24 14 11 25 10 13 11 7 27 31 7 12 27
split_gain=8.64254 2.93727 1.6776 1.54146 1.23588 0.861154 0.824684 0.790317 1.06738 0.726 0.620053 0.611619 0.462555 0.419649 0.292733 0.182836 0.150025 0.137174 0.0648304
threshold=1337.5000000000002 146.38501094228025 1724.1666666666667 0 0.30983042691905771 -0.67803021058859214 912.50000000000011 0.97112537654464559 162.46439487947725 25.075000000000006 1337.8571428571431 1278.7860857390494 262.76913640612617 293.50000000000006 21.575000000000006 1.3999999999999986 342.50000000000006 1612.5000000000002 22.925000000000004
decision_type=2 2 2 1 2 2 2 2 2 2 2 2 2 2 2 2 2 2 2
left_child=1 5 3 11 12 -1 9 8 -6 -7 -8 13 15 -2 -5 -3 -4 -16 -18
right_child=2 4 16 14 7 6 10 -9 -10 -11 -12 -13 -14 -15 17 -17 18 -19 -20
leaf_value=0.67113016184586116 0.88384331661237214 -0.79224137695832986 7.8301184197590139 0.58609762304510471 -3.3328416311082663 -0.16920883166986961 0.091867976716492245 -0.33532855838071984 -1.6862248447810408 -2.2878906280213895 -1.2683710695127086 -2.813773036717893 -1.6154134887596636 -1.1633896875234919 1.5459518176015568 0.45893838922173102 0.6126605824771213 1.4498764283523975 3.3529718317225639
leaf_weight=276 234 77 1452 80 55 129 1080 79 255 85 95 105 88 53 1434 141 86 134 77
leaf_count=276 234 77 1452 80 55 129 1080 79 255 85 95 105 88 53 1434 141 86 134 77
internal_value=0.00106217 -0.000336722 0.00197757 0.00135963 -0.00198276 0.00032413 0 -0.00312308 -0.00381029 -0.00168837 0.000331633 -0.000245657 -0.000381107 0.000333333 0.00175949 0.000178082 0.00272896 0.00186042 0.0012439
internal_weight=6015 2360 3655 2040 695 1665 1389 389 310 214 1175 392 306 287 1648 218 1615 1568 163
internal_count=6015 2360 3655 2040 695 1665 1389 389 310 214 1175 392 306 287 1648 218 1615 1568 163
cat_boundaries=0 1
cat_threshold=774
is_linear=0
shrinkage=0.03


Tree=66
num_leaves=20
num_cat=0
split_feature=21 11 10 17 22 24 11 15 25 11 33 17 15 11 12 10 13 12 10
split_gain=8.06714 2.99523 1.36085 1.30175 1.21184 1.01347 0.982189 0.913971 0.796742 0.7957 0.537747 0.71013 0.433395 0.604284 0.427064 0.347669 0.339652 0.23114 0.191684
threshold=1412.5000000000002 146.79107277903861 1089.2857142857144 -0.92272482904738262 1625.0000000000002 912.50000000000011 151.18578920369069 -0.099822328936730861 25.075000000000006 172.51638983558854 3.8450000000000002 0.24998039114150908 -0.96234030595689413 85.91246929842201 1340.7000000000003 1532.1428571428576 1128.3737947658403 1532.5833333333337 1608.3571428571431
decision_type=2 2 2 2 2 2 2 2 2 2 2 2 2 2 2 2 2 2 2
left_child=1 5 3 -3 6 7 15 -1 -9 -5 -4 -12 14 -14 -7 17 -6 -2 -18
right_child=4 2 10 9 16 12 -8 8 -10 -11 11 -13 13 -15 -16 -17 18 -19 -20
leaf_value=0.19771584004722945 2.0868807356036245 0.7928555397611593 0.31109550282718107 -2.7474036975249239 2.0190674097936823 -0.53882506400623598 -0.19289275413937651 -0.30916611633794416 -2.2524772655067364 -1.8072559562883426 -0.12117918797696588 -1.4238680246798785 0.43337059665059235 0.073600628244708532 0.99461505282818674 0.69177946826887493 1.3917077441912931 0.51852261813487721 6.3623632659986002
leaf_weight=99 636 52 126 75 93 60 262 88 67 189 239 108 1026 664 54 359 75 56 1687
leaf_count=99 636 52 126 75 93 60 262 88 67 189 239 108 1026 664 54 359 75 56 1687
internal_value=0.00107214 -7.16291e-05 -0.0016557 -0.0032082 0.00211392 0.000514327 0.00134247 -0.00118824 -0.00269231 -0.00408679 -0.000518987 -0.00118966 0.000779501 0.000913661 -0.000808696 0.00175665 0.0026347 0.00219481 0.00273454
internal_weight=6015 2847 789 316 3168 2058 1313 254 155 264 473 347 1804 1690 114 1051 1855 692 1762
internal_count=6015 2847 789 316 3168 2058 1313 254 155 264 473 347 1804 1690 114 1051 1855 692 1762
is_linear=0
shrinkage=0.03


Tree=67
num_leaves=20
num_cat=3
split_feature=10 10 11 11 32 3 14 0 17 10 18 20 27 22 0 27 7 31 29
split_gain=7.21636 2.52203 1.77315 1.71145 1.49591 0.784538 1.00394 0.639965 0.616832 0.564893 0.446672 0.50976 0.422942 0.418507 0.391121 0.496476 0.367289 0.291676 0.0818182
threshold=1187.5000000000002 1714.6428571428573 188.66700319673774 146.79107277903861 56.050000000000004 0 0.54219432480460406 1 -0.85227283847737434 817.857142857143 40.95000000000001 27.01071428571429 23.275000000000002 1625.0000000000002 2 23.425000000000008 358.50000000000006 32.649999999999999 25.025000000000002
decision_type=2 2 2 2 2 1 2 1 2 2 2 2 2 2 1 2 2 2 2
left_child=3 2 14 9 5 8 -7 12 -5 -1 11 -11 -4 -3 15 -2 -16 -6 -9
right_child=1 13 7 4 17 6 -8 18 -10 10 -12 -13 -14 -15 16 -17 -18 -19 -20
leaf_value=-1.2781722428800595 -0.76904567092200804 0.27607422223762457 0.30416144606657858 -0.60531002937208256 0.80110090496142172 -1.9820880635050964 1.5661512386874796 0.3847434091003063 -3.062220601924238 -0.14678764602089234 0.46458782396446147 0.31928163333587123 -2.5279273282172965 7.6337251645211035 1.1840817496522604 0.80672000668411947 -0.11073583654915117 -1.2061862149758706 0.19584162003080205
leaf_weight=59 104 66 54 51 71 91 58 71 184 671 108 190 199 1599 1913 362 51 53 60
leaf_count=59 104 66 54 51 71 91 58 71 184 671 108 190 199 1599 1913 362 51 53 60
internal_value=0.00107214 0.00168348 0.00110728 -0.000681197 -0.00210413 -0.00304675 -0.00092 -0.000709091 -0.00419492 0 0.000197938 0 -0.00161364 0.00262905 0.001413 0.000446541 0.00160861 0.000456 0.000760563
internal_weight=6015 4479 2814 1536 508 384 149 384 235 1028 969 861 253 1665 2430 466 1964 124 131
internal_count=6015 4479 2814 1536 508 384 149 384 235 1028 969 861 253 1665 2430 466 1964 124 131
cat_boundaries=0 1 2 3
cat_threshold=2 902 521
is_linear=0
shrinkage=0.03


Tree=68
num_leaves=20
num_cat=1
split_feature=21 11 0 10 19 10 18 22 25 32 33 29 16 20 11 12 12 7 10
split_gain=7.5883 2.7129 1.75953 1.23604 0.958624 0.800189 0.692987 0.509145 0.496938 0.460286 0.899632 0.441994 0.439897 0.418624 0.315981 0.281804 0.203005 0.161557 0.151998
threshold=1412.5000000000002 146.79107277903861 0 1029.2857142857144 0.89999999999999658 817.857142857143 9.4999999999999947 1790.0000000000002 21.275000000000002 1.0000000180025095e-35 4.4600000000000009 21.825000000000006 -0.65234524191686594 26.232142857142865 146.3646780526748 1555.8333333333337 1500.8333333333337 313.50000000000006 1560.714285714286
decision_type=2 2 1 2 2 2 2 2 2 2 2 2 2 2 2 2 2 2 2
left_child=1 5 6 4 -3 -1 14 16 11 -5 -11 -7 -10 -6 -2 -16 18 -18 -4
right_child=2 3 7 9 13 8 -8 -9 12 10 -12 -13 -14 -15 15 -17 17 -19 -20
leaf_value=-1.2398270755936585 -1.0782677411560249 -1.723057424235332 1.8605014451431017 0.69055554022953647 -0.72659370345540386 0.33179442606188891 4.368644527930587 8.6753322142506573 0.79117515349058209 0.016046657033613396 -1.482373430789272 -1.3491373704357343 0.072981841664929714 -3.5928686177483447 -1.2652667407474127 1.3296108249336258 1.8585765628237461 0.24462268907327034 2.4662590644868962
leaf_weight=59 52 65 650 76 113 89 150 1383 383 259 214 50 1477 62 110 72 552 133 66
leaf_count=59 52 65 650 76 113 89 150 1383 383 259 214 50 1477 62 110 72 552 133 66
internal_value=0.00103723 -7.16291e-05 0.00204765 -0.00157975 -0.00342324 0.000485187 0 0.00230662 0.000606 -0.000687273 -0.00108861 -0.000985714 0.000749597 -0.001875 -0.000906383 -4.91802e-05 0.00181027 0.00126822 0.0022636
internal_weight=6015 2847 3168 789 240 2058 384 2784 1999 549 473 139 1860 175 234 182 1401 685 716
internal_count=6015 2847 3168 789 240 2058 384 2784 1999 549 473 139 1860 175 234 182 1401 685 716
cat_boundaries=0 1
cat_threshold=534
is_linear=0
shrinkage=0.03


Tree=69
num_leaves=20
num_cat=2
split_feature=10 11 10 22 3 17 24 10 15 17 14 0 28 15 7 24 13 23 11
split_gain=6.89286 2.44711 1.33725 1.28024 1.2267 1.7989 0.900321 0.832619 0.816188 0.686006 1.49491 0.666377 0.637466 0.472414 0.436111 0.433469 0.369966 0.327936 0.258974
threshold=1416.0714285714287 146.79107277903861 1037.5000000000002 1337.5000000000002 0 -0.6652727025667432 912.50000000000011 1860.714285714286 -0.099822328936730861 0.2332836900311728 0.40614137006726808 1 25.075000000000006 -0.96234030595689413 342.50000000000006 1137.5000000000002 1348.6130030959755 1862.5000000000002 60.969347290642837
decision_type=2 2 2 2 1 2 2 2 2 2 2 1 2 2 2 2 2 2 2
left_child=1 6 4 -2 5 -3 8 11 -1 15 -11 -5 -10 18 -9 -4 -15 -13 -8
right_child=3 2 9 7 -6 -7 13 14 12 10 -12 17 -14 16 -16 -17 -18 -19 -20
leaf_value=0.18362444099399167 -0.68637902322749933 -0.91046147463844496 0.67944322261443391 -0.39201937281203669 0.6244237894824296 -4.1927503460428159 -0.65219576112721611 11.306689894578499 -0.27196566697284918 -0.10417667471185177 -2.806084038529967 1.7436922510488142 -2.1093629679873231 0.49444426289725868 1.3937165793246302 -0.20350898879523829 0.038004640246582781 0.20471632960500649 0.36569136705776301
leaf_weight=99 76 83 140 111 54 113 51 1136 88 189 53 1703 67 1191 110 192 433 76 50
leaf_count=99 76 83 140 111 54 113 51 1136 88 189 53 1703 67 1191 110 192 433 76 50
internal_value=0.00103723 -3.42367e-05 -0.00142182 0.00198599 -0.00328685 -0.00440102 0.000521212 0.00208575 -0.00107059 -0.000526956 -0.00176543 0.00162612 -0.0025 0.000782155 0.00274499 0.000243243 0.000921231 0.00176648 -0.001
internal_weight=6015 2803 824 3212 250 196 1979 3136 254 574 242 1890 155 1725 1246 332 1624 1779 101
internal_count=6015 2803 824 3212 250 196 1979 3136 254 574 242 1890 155 1725 1246 332 1624 1779 101
cat_boundaries=0 1 2
cat_threshold=2 518
is_linear=0
shrinkage=0.03


Tree=70
num_leaves=19
num_cat=1
split_feature=0 22 22 22 7 7 14 11 27 31 13 11 22 26 20 7 14 24
split_gain=7.16951 2.09977 1.77529 0.696148 0.990368 0.687066 0.832285 0.880646 0.62198 0.864496 0.552855 0.416026 0.374319 0.388368 0.35573 0.251397 0.0524721 0.0870388
threshold=0 2025.0000000000002 1625.0000000000002 992.50000000000011 125.50000000000001 39.500000000000007 0.22700754078277605 90.632696717527196 22.875000000000004 1.1999999999999968 1085.2085773015108 262.76913640612617 1122.5000000000002 8.0500000000000025 25.657142857142862 81.500000000000014 0.97314989601849466 1505.0000000000002
decision_type=1 2 2 2 2 2 2 2 2 2 2 2 2 2 2 2 2 2
left_child=2 3 5 4 10 6 -1 -8 9 -5 -2 -10 15 -14 -6 -7 17 -4
right_child=1 -3 16 8 14 12 7 -9 11 -11 -12 -13 13 -15 -16 -17 -18 -19
leaf_value=2.0855448276562925 -1.4930383743344258 9.1870463840033256 1.5894792333688545 -1.749575842253194 -0.61942224892024844 -0.21435054794299055 0.29898275486954379 -1.4680168404842366 0.18155131526330701 0.21561208720971797 -2.3739824264982929 -2.3997918732645149 1.0891132173095794 0.26400936285221471 0.44408020641510643 0.11485878839513099 2.5921426756264894 5.8412565741532401
leaf_weight=80 169 188 66 178 156 111 127 78 988 54 142 167 1631 173 74 203 69 1374
leaf_count=80 169 188 66 178 156 111 127 78 988 54 142 167 1631 173 74 203 69 1374
internal_value=0.00101161 -0.000379407 0.00177186 -0.000695179 -0.00162731 0.00123295 0 -0.00116505 -0.000298271 -0.00171245 -0.00273077 0 0.00142001 0.00159391 0 0.000276191 0.0026106 0.00267523
internal_weight=6028 2116 3912 1928 541 2403 285 205 1387 232 311 1155 2118 1804 230 314 1509 1440
internal_count=6028 2116 3912 1928 541 2403 285 205 1387 232 311 1155 2118 1804 230 314 1509 1440
cat_boundaries=0 1
cat_threshold=233
is_linear=0
shrinkage=0.03


Tree=71
num_leaves=20
num_cat=3
split_feature=21 0 0 16 21 17 12 15 19 10 12 18 23 15 0 29 16 32 14
split_gain=7.02065 1.96313 1.7008 0.836453 0.7599 0.662672 0.661184 1.08641 0.672287 0.646656 0.516119 0.431943 1.03899 0.411442 0.501617 0.342462 0.342166 0.291701 0.278226
threshold=1412.5000000000002 0 1 0.080548957663405765 1925.0000000000002 -0.89404254237865755 854.16666666666686 -0.048362832084465616 1.0000000180025095e-35 864.71428571428589 1900.8333333333337 9.4999999999999947 1505.0000000000002 0.77652048701313048 2 29.975000000000005 0.96687895796550427 110.35000000000002 0.98667101781630195
decision_type=2 1 1 2 2 2 2 2 2 2 2 2 2 2 1 2 2 2 2
left_child=2 4 6 15 11 18 7 -1 -8 -10 13 12 -2 -3 -15 17 -7 -4 -5
right_child=1 10 3 5 -6 16 8 -9 9 -11 -12 -13 -14 14 -16 -17 -18 -19 -20
leaf_value=0.099764782393853765 -0.32883940756144087 2.3146790125374834 0.80601815968246804 -2.2519043264109748 5.2719197194976166 -0.0069291441431662618 0.7455192610294703 -2.366510240404661 0.24253378582939822 -1.0174122586609882 8.7854149664953169 1.1080141389449176 -1.6829594566902941 -0.32029259361020429 1.5740725983123935 -0.015080200667461531 0.81705362495185407 0.051035526265062067 -0.12758882588383261
leaf_weight=52 109 1391 548 61 117 605 139 67 92 875 1076 82 55 117 210 83 167 116 66
leaf_count=52 109 1391 548 61 117 605 139 67 92 875 1076 82 55 117 210 83 167 116 66
internal_value=0.000991707 0.00196833 -6.68523e-05 0.000544961 -1.60427e-05 -1.99999e-05 -0.00092233 -0.00315 -0.000647696 -0.000954545 0.00223422 -0.00108097 -0.00201818 0.0018377 0.000658537 0.00129144 0.000260026 0.00152932 -0.0020625
internal_weight=6028 3157 2871 1646 363 899 1225 119 1106 967 2794 246 164 1718 327 747 772 664 127
internal_count=6028 3157 2871 1646 363 899 1225 119 1106 967 2794 246 164 1718 327 747 772 664 127
cat_boundaries=0 1 2 3
cat_threshold=534 276 73
is_linear=0
shrinkage=0.03


Tree=72
num_leaves=20
num_cat=3
split_feature=21 0 0 16 12 16 10 32 14 12 13 11 27 20 10 23 0 25 18
split_gain=6.96656 1.91031 1.53902 0.825182 0.709582 0.945 0.658235 0.63676 0.606236 0.599039 0.56962 0.565589 0.791108 0.786394 0.458722 0.357118 0.318315 1.17309 0.245139
threshold=1412.5000000000002 0 1 -0.20075075429075132 854.16666666666686 -0.098750666093870385 1657.8571428571431 0.65000000000000024 0.26037272046371446 1900.8333333333337 1212.9563782991204 78.679579246945352 23.625000000000004 25.76071428571429 1015.0000000000001 1337.5000000000002 2 23.775000000000002 2.9999999999999898
decision_type=2 1 1 2 2 2 2 2 2 2 2 2 2 2 2 2 1 2 2
left_child=2 6 4 15 5 -1 10 14 -9 16 -2 13 -13 -5 -6 -4 -3 -18 -8
right_child=1 9 3 11 7 -7 18 8 -10 -11 -12 12 -14 -15 -16 -17 17 -19 -20
leaf_value=0.020201366682704048 0.37873532386666992 2.0488607793587699 0.96467240926607623 0.77284134830002682 -1.0758736298593188 -2.2649275175923442 -0.22240474079058847 -0.12715385886363773 -1.3049054176697137 8.521852517500454 -2.546421060135386 -1.4561554671744759 0.022329805526392046 -0.21731200312556265 1.459904938941738 0.25534968312146827 -0.97198298245795833 1.764068783088923 5.5338375725283742
leaf_weight=50 80 1222 330 408 72 69 51 577 382 1076 119 120 302 193 168 200 86 410 113
leaf_count=50 80 1222 330 408 72 69 51 577 382 1076 119 120 302 193 168 200 86 410 113
internal_value=0.000966827 0.00193984 -8.77436e-05 0.000533248 -0.000851016 -0.00315 -1.60427e-05 -0.00059 -0.00095625 0.00220214 -0.00129 0 -0.000801418 0.000627907 0.000684647 0.00149718 0.00178534 0.000893491 0.00125455
internal_weight=6028 3157 2871 1553 1318 119 363 1199 959 2794 199 1023 422 601 240 530 1718 496 164
internal_count=6028 3157 2871 1553 1318 119 363 1199 959 2794 199 1023 422 601 240 530 1718 496 164
cat_boundaries=0 1 2 3
cat_threshold=534 277 224
is_linear=0
shrinkage=0.03


Tree=73
num_leaves=20
num_cat=3
split_feature=21 0 0 16 12 7 10 12 17 10 22 29 0 7 12 11 14 32 18
split_gain=6.84281 1.85821 1.39799 0.851185 0.699156 1.01454 0.658235 0.613432 0.60831 0.593909 0.686522 0.425522 0.362576 1.46623 0.356151 0.310877 0.278226 0.272662 0.245139
threshold=1412.5000000000002 0 1 0.080548957663405765 854.16666666666686 95.500000000000014 1657.8571428571431 1900.8333333333337 -0.89404254237865755 864.71428571428589 1162.5000000000002 29.975000000000005 2 271.50000000000006 1286.7500000000002 267.26124191242553 0.98667101781630195 110.35000000000002 2.9999999999999898
decision_type=2 1 1 2 2 2 2 2 2 2 2 2 1 2 2 2 2 2 2
left_child=2 6 4 11 5 -1 15 12 16 -6 -11 17 13 -3 -10 -2 -5 -4 -8
right_child=1 7 3 8 9 -7 18 -9 14 10 -12 -13 -14 -15 -16 -17 -18 -19 -20
leaf_value=-2.2122733998646624 -0.087154683618285433 1.7696861855176393 0.79950653586900344 -2.1406625382643547 0.18601603306362771 0.087481810489497228 -0.21573259856687108 8.2661969419754389 0.23386053307080892 -1.0596490618484506 0.07277641634131185 -0.024525924831641632 1.985980883969672 -2.4712276171692182 -0.14448327102307021 -3.357947212430715 -0.12083642883966672 0.036941676608103803 5.3678224453525205
leaf_weight=68 132 364 548 61 104 51 51 1076 445 597 405 83 1280 74 327 67 66 116 113
leaf_count=68 132 364 548 61 104 51 51 1076 445 597 405 83 1280 74 327 67 66 116 113
internal_value=0.000946923 0.00191134 -9.81893e-05 0.000454436 -0.000873786 -0.00315 -1.60427e-05 0.00217005 -0.00012 -0.000593496 -0.00084646 0.00121123 0.00175044 0.000755011 0.000143596 -0.00129 -0.0020625 0.00148421 0.00125455
internal_weight=6028 3157 2871 1646 1225 119 363 2794 899 1106 1002 747 1718 438 772 199 127 664 164
internal_count=6028 3157 2871 1646 1225 119 363 2794 899 1106 1002 747 1718 438 772 199 127 664 164
cat_boundaries=0 1 2 3
cat_threshold=534 276 264
is_linear=0
shrinkage=0.03


Tree=74
num_leaves=20
num_cat=2
split_feature=10 0 10 16 12 15 17 15 15 0 15 13 16 33 18 16 29 15 33
split_gain=6.05755 1.70329 0.936749 0.821885 0.785684 0.847324 0.726949 0.964618 0.689812 0.622479 0.437204 0.357656 0.588083 0.400721 0.274733 0.269023 0.248605 0.192239 0.183198
threshold=1486.0714285714287 0 1843.214285714286 -0.20075075429075132 854.16666666666686 -0.048362832084465616 0.19969739736768838 0.96633974041180493 0.68274389090025245 1 0.92519182738459482 1348.6130030959755 0.86113431103781346 4.0050000000000008 35.25 -0.97509344079810367 30.025000000000002 0.11478523713130605 4.3850000000000007
decision_type=2 1 2 2 2 2 2 2 2 1 2 2 2 2 2 2 2 2 2
left_child=1 3 9 14 5 -3 8 -8 -6 18 -4 13 -13 -5 16 -11 -1 -17 -2
right_child=2 4 10 11 6 -7 7 -9 -10 15 -12 12 -14 -15 -16 17 -18 -19 -20
leaf_value=1.087398174377989 0.13539196091115219 -0.25457523418300249 9.6384370195406195 -0.0070983603672601604 -0.080882134664083546 -2.1611989056688112 -1.0278595918534277 0.077312908156335305 1.3110686988136313 0.19130693253839581 2.882972771879456 0.40273651444784664 -0.2124028522768312 0.81317253775778364 -0.057280523514789933 2.3953606080589731 0.63356563693610446 0.82857389090652989 -0.40832821379287382
leaf_weight=420 76 56 1164 296 771 67 507 198 99 90 143 282 117 263 68 657 80 622 52
leaf_count=420 76 56 1164 296 771 67 507 198 99 90 143 282 117 263 68 657 80 622 52
internal_value=0.000946923 4.55815e-05 0.00196684 0.000782694 -0.000591574 -0.00295161 -0.000380711 -0.00110482 0.000154994 0.00138585 0.00259633 0.00019708 -0.00042 0.000717857 0.00170299 0.00157391 0.00194611 0.00169688 -0.000366906
internal_weight=6028 3224 2804 1526 1698 123 1575 705 870 1497 1307 958 399 559 568 1369 500 1279 128
internal_count=6028 3224 2804 1526 1698 123 1575 705 870 1497 1307 958 399 559 568 1369 500 1279 128
cat_boundaries=0 1 2
cat_threshold=232 519
is_linear=0
shrinkage=0.03


Tree=75
num_leaves=20
num_cat=1
split_feature=21 0 21 11 10 11 16 21 10 11 24 20 16 27 20 22 27 10 13
split_gain=6.74579 1.79776 1.30662 1.30148 0.907144 0.698404 0.66875 0.586263 0.695313 0.787251 0.579702 0.57279 0.666302 0.542702 1.5104 0.928642 0.468774 0.432183 0.322145
threshold=1412.5000000000002 0 1652.5000000000002 85.91246929842201 1532.1428571428576 130.47532151257488 0.40024370752619226 1052.5000000000002 993.92857142857156 37.796447300919411 1652.5000000000002 29.625000000000004 -0.55657263146136127 23.425000000000008 21.775000000000006 1077.5000000000002 25.375000000000004 1595.8571428571431 1339.8319942148576
decision_type=2 1 2 2 2 2 2 2 2 2 2 2 2 2 2 2 2 2 2
left_child=3 5 4 7 -3 -2 11 8 -1 -10 18 16 -13 14 -8 -15 -5 -6 -7
right_child=1 2 -4 6 17 10 13 -9 9 -11 -12 12 -14 15 -16 -17 -18 -19 -20
leaf_value=0.17316584023887929 -1.4491189236791613 1.0684165391873852 5.471358475412079 -0.24082423800087197 -0.37386414781644933 0.16176615958003526 0.51805475922501543 0.4968585254102631 -0.76249666947568362 -0.0025369922723455008 3.485249523915642 -2.4182109088955608 0.027753354334240709 -1.1491338829006104 -2.4048302038240967 0.041965190614447527 0.57068121334810096 1.5965230000374864 -2.3949658347781657
leaf_weight=164 69 702 1615 517 244 99 63 895 66 87 150 70 72 223 102 280 346 234 65
leaf_count=164 69 702 1615 517 244 99 63 895 66 87 150 70 72 223 102 280 346 234 65
internal_value=0.000869723 0.00182416 0.00208482 -0.00016632 0.00125741 -1.52283e-05 -0.00072043 0.000561418 -0.00045283 -0.00198701 0.000466667 -0.000178926 -0.00195105 -0.00146637 -0.00307229 -0.000845238 6.25001e-05 0.00014405 -0.000563636
internal_weight=6063 3178 2795 2885 1180 383 1673 1212 317 153 314 1005 142 668 165 503 863 478 164
internal_count=6063 3178 2795 2885 1180 383 1673 1212 317 153 314 1005 142 668 165 503 863 478 164
cat_boundaries=0 1
cat_threshold=534
is_linear=0
shrinkage=0.03


Tree=76
num_leaves=19
num_cat=1
split_feature=10 0 21 21 11 13 13 15 13 10 11 15 10 13 25 15 25 25
split_gain=6.8403 2.2093 0.745802 0.652005 0.724301 0.702028 0.586932 0.492278 0.419799 0.825731 0.639326 0.502781 0.409599 0.591561 0.356733 0.194302 0.112348 0.0774133
threshold=1625.0000000000002 0 1575.0000000000002 1077.5000000000002 64.549722436790503 1184.8704922083741 1128.3737947658403 0.04621408538533487 940.53363392783388 1022.1428571428572 94.153458079202906 0.99530134160901229 1008.9285714285714 1459.5601933319811 21.925000000000004 0.3484035575467645 24.975000000000005 21.325000000000006
decision_type=2 1 2 2 2 2 2 2 2 2 2 2 2 2 2 2 2 2
left_child=1 3 -2 12 5 -5 -4 -6 15 10 -10 -11 -1 -14 17 16 -3 -8
right_child=2 8 6 4 7 -7 14 -9 9 11 -12 -13 13 -15 -16 -17 -18 -19
leaf_value=0.1871440243341409 -0.2821706104322973 0.14115532131731379 0.011450944562466927 -0.24397147996645593 0.73985344809987508 1.1589310859862256 3.0115000510909038 -0.043166407863074997 0.017829737030843621 -0.22417018232857572 -1.2636092886312387 1.8899555789729332 -0.93868141464169852 0.28661345609497213 5.1968576462056353 -0.16191293694021594 0.34017755345920014 -0.24874925721596169
leaf_weight=72 88 64 77 50 519 978 75 521 90 1148 344 59 81 53 1624 75 92 53
leaf_count=72 88 64 77 50 519 978 75 521 90 1148 344 59 81 53 1624 75 92 53
internal_value=0.000835092 0.000138172 0.00231804 0.000773304 0.000946834 0.00152478 0.00244918 0.000331412 -0.000610196 -0.000792935 -0.00193793 -0.000342715 -0.000710145 -0.0018 0.00256189 0.000465517 0.00116561 0.000534884
internal_weight=6063 4146 1917 2274 2068 1028 1829 1040 1872 1641 434 1207 206 134 1752 231 156 128
internal_count=6063 4146 1917 2274 2068 1028 1829 1040 1872 1641 434 1207 206 134 1752 231 156 128
cat_boundaries=0 1
cat_threshold=232
is_linear=0
shrinkage=0.03


Tree=77
num_leaves=19
num_cat=2
split_feature=10 0 27 13 11 33 0 11 10 17 21 11 21 7 12 19 12 20
split_gain=6.78381 2.11736 0.909326 0.760129 0.676928 0.539576 0.527575 0.428114 0.54298 0.424928 0.397693 0.371047 0.359913 0.326291 0.286753 0.258623 0.22398 0.060923
threshold=1632.1428571428576 0 22.525000000000002 1128.3737947658403 24.397501823727087 4.9850000000000012 1 149.20423841803051 1022.1428571428572 -0.87810534180523914 1077.5000000000002 132.28756555323028 1240.0000000000002 344.50000000000006 1939.1666666666667 0.39999999999999653 1535.8333333333337 24.539285714285718
decision_type=2 1 2 2 2 2 1 2 2 2 2 2 2 2 2 2 2 2
left_child=1 4 13 -4 -1 6 -6 11 9 -9 -10 15 -7 14 -2 -3 -5 -13
right_child=2 7 3 16 5 12 -8 8 10 -11 -12 17 -14 -15 -16 -17 -18 -19
leaf_value=1.7768898151805166 0.28712468103462169 0.27397511296176191 -0.081402367420566182 0.63899425884837258 0.48691081036906775 0.031782737433437208 -0.089958144321104896 0.17328167909188633 0.30254514647336478 -1.2323495268360947 -0.44994418216086018 0.42983506584278958 1.1160161651405511 -0.67649622968478063 5.3108641764866169 -0.33162920821990216 5.1311128787844176 0.9035072586363655
leaf_weight=261 88 162 83 51 488 268 700 50 174 173 494 68 572 59 80 666 1528 98
leaf_count=261 88 162 83 51 488 268 700 50 174 173 494 68 572 59 80 666 1528 98
internal_value=0.000815304 0.000128623 0.00230794 0.00255622 0.000748696 0.000536718 8.32634e-05 -0.000601266 -0.00108969 -0.0024375 -0.000569507 -0.000123618 0.00112366 0.000289474 0.00111834 -0.000423402 0.0027038 0.00109581
internal_weight=6063 4174 1889 1662 2289 2028 1188 1885 891 223 668 994 840 227 168 828 1579 166
internal_count=6063 4174 1889 1662 2289 2028 1188 1885 891 223 668 994 840 227 168 828 1579 166
cat_boundaries=0 1 2
cat_threshold=232 64
is_linear=0
shrinkage=0.03


Tree=78
num_leaves=20
num_cat=0
split_feature=10 11 10 11 15 14 13 7 13 31 15 11 21 23 23 14 16 29 25
split_gain=6.59407 1.75307 0.990229 0.924809 0.890027 0.979846 0.642517 0.628066 0.667914 0.555218 0.572396 0.531745 0.509353 0.576752 0.500123 0.511545 0.203283 0.132814 0.0209341
threshold=1632.1428571428576 95.118973121140925 922.14285714285722 445.07891221134952 0.78192542922038288 0.22700754078277605 1184.8704922083741 344.50000000000006 1125.5403736297671 10.299999999999985 0.59003219687534991 262.76913640612617 1077.5000000000002 1505.0000000000002 881.00000000000011 0.83849049182116964 0.43152950955792641 21.675000000000001 22.575000000000006
decision_type=2 2 2 2 2 2 2 2 2 2 2 2 2 2 2 2 2 2 2
left_child=1 6 9 7 11 -6 14 8 -2 10 -3 -4 16 -14 -1 -16 -8 -10 -9
right_child=3 2 4 -5 5 -7 12 18 17 -11 -12 -13 13 -15 15 -17 -18 -19 -20
leaf_value=0.45172127008111279 -0.05583285307110078 -2.1616016413538519 0.27923294370249108 -0.51976583457499703 -0.037721947719407234 -1.3158623377872265 0.033323945924956487 -0.15683908790487994 1.9605851038330275 0.54717143187992257 -0.10595029492353901 -1.8740751961318083 0.87654191194379716 -0.023168123628177346 -0.79754762589576278 1.2100989925452672 -0.28171352483808498 5.1570930315964567 2.7739829141836063
leaf_weight=71 74 155 1041 57 323 187 54 51 60 51 55 190 1326 259 290 74 98 1592 55
leaf_count=71 74 155 1041 57 323 187 54 51 60 51 55 190 1326 259 290 74 98 1592 55
internal_value=0.000820251 0.000142994 -0.000483774 0.00229206 -0.000196326 -0.00126223 0.000741371 0.00241735 0.0025553 -0.00222137 -0.00291469 0.000209416 0.0010046 0.00117276 -0.000206422 -0.000747945 -0.00045098 0.00268058 0
internal_weight=6063 4174 2002 1889 1741 510 2172 1832 1726 261 210 1231 1737 1585 435 364 152 1652 106
internal_count=6063 4174 2002 1889 1741 510 2172 1832 1726 261 210 1231 1737 1585 435 364 152 1652 106
is_linear=0
shrinkage=0.03


Tree=79
num_leaves=20
num_cat=0
split_feature=21 13 12 7 15 20 18 17 7 21 27 25 22 23 23 29 21 7 32
split_gain=6.18139 1.36643 1.02064 0.755437 0.995767 1.20598 0.516593 0.720354 0.739057 0.618239 0.470922 0.412921 0.441808 0.386674 0.379442 0.340984 0.340701 0.22171 0.0724318
threshold=1625.0000000000002 1184.8704922083741 1648.5000000000002 39.500000000000007 0.97461712852231652 21.839285714285715 30.599999999999998 0.19969739736768838 30.500000000000004 1000.5000000000001 22.525000000000002 23.775000000000002 1575.0000000000002 1077.5000000000002 1505.0000000000002 25.025000000000002 1197.5000000000002 342.50000000000006 150.55000000000004
decision_type=2 2 2 2 2 2 2 2 2 2 2 2 2 2 2 2 2 2 2
left_child=1 6 11 4 5 -3 7 9 -9 -1 17 -2 -13 15 -15 -5 18 -4 -8
right_child=2 3 10 13 -6 -7 16 8 -10 -11 -12 12 -14 14 -16 -17 -18 -19 -20
leaf_value=-0.97479002471211185 -0.32953206116130412 0.45410639956789983 3.1111194899977197 0.1346484477549294 0.86693164470394146 -1.1576998245022929 0.69524653220858779 0.10548734347279702 -1.0639005044319323 0.27649103879971076 6.439255506698399 -0.64576040897843823 2.5559372324626302 0.69036299778366494 0.27709973884288286 -0.38312600286167586 -0.1135717017541949 -0.18067559156303195 0.27649930911725751
leaf_weight=315 77 95 132 76 120 207 92 126 314 424 1394 68 179 1648 430 164 89 50 63
leaf_count=315 77 95 132 76 120 207 92 126 314 424 1394 68 179 1648 430 164 89 50 63
internal_value=0.000844987 0.000185879 0.0022646 0.000585553 -0.00051773 -0.00151485 -0.000551966 -0.000828813 -0.00180272 -0.000186486 0.00258909 0.000544615 0.00123387 0.000805951 0.00094228 -0.000186722 0.0006 0.000770492 0.00153846
internal_weight=6063 4163 1900 2740 422 302 1423 1179 440 739 1576 324 247 2318 2078 240 244 182 155
internal_count=6063 4163 1900 2740 422 302 1423 1179 440 739 1576 324 247 2318 2078 240 244 182 155
is_linear=0
shrinkage=0.03


Tree=80
num_leaves=20
num_cat=2
split_feature=21 0 25 21 0 23 12 13 7 24 19 13 23 27 12 12 22 12 13
split_gain=5.56194 2.25389 1.09128 0.99006 0.971527 0.637363 0.756891 0.617189 0.5632 0.522219 0.492686 1.40544 0.408961 0.400868 0.507904 0.499537 0.374431 0.360501 0.316906
threshold=1412.5000000000002 0 22.825000000000006 1652.5000000000002 1 1505.0000000000002 1535.8333333333337 1278.7860857390494 344.50000000000006 1652.5000000000002 0.75000000000000011 1354.4798642194696 662.50000000000011 23.625000000000004 1120.8333333333337 1325.8333333333337 1205.0000000000002 1254.2833333333335 1128.3737947658403
decision_type=2 1 2 2 1 2 2 2 2 2 2 2 2 2 2 2 2 2 2
left_child=4 3 -3 5 7 6 -2 12 18 -4 11 -6 -1 15 -15 -12 -14 -13 -5
right_child=1 2 9 8 10 -7 -8 -9 -10 -11 13 17 16 14 -16 -17 -18 -19 -20
leaf_value=-1.7022738139984881 2.1450798405753106 -2.2497328873719442 -0.32633677344651096 0.83460485723502664 0.86996069032845214 0.46479164877708601 -1.3461466729674865 -2.3308907178520291 1.3721804467779959 2.6640329066796928 0.1750513660031236 -0.22310625281453519 -0.55934534123544288 -0.055084773186649928 0.79173937721786403 -0.43109038016368734 0.26967952104617066 -1.0382614105833483 5.9786116919097312
leaf_weight=62 613 69 223 60 148 431 84 53 85 156 237 102 845 203 630 161 301 143 1460
leaf_count=62 613 69 223 60 148 431 84 53 85 156 237 102 845 203 630 161 301 143 1460
internal_value=0.000855942 0.00172156 -0.00017647 0.00204227 -8.316e-05 0.00128344 0.00185673 -0.000716981 0.00255915 0.000347369 0.000383486 -0.000472081 -0.000538461 0.000696429 0.00107194 0 -0.000363557 -0.00195122 0.00269231
internal_weight=6066 3181 448 2733 2885 1128 697 1261 1605 379 1624 393 1208 1231 833 398 1146 245 1520
internal_count=6066 3181 448 2733 2885 1128 697 1261 1605 379 1624 393 1208 1231 833 398 1146 245 1520
cat_boundaries=0 1 2
cat_threshold=488 788
is_linear=0
shrinkage=0.03


Tree=81
num_leaves=19
num_cat=0
split_feature=21 11 11 21 23 21 25 16 14 11 7 7 20 27 22 19 7 14
split_gain=5.27172 1.57466 1.18612 1.21953 0.964211 0.901215 0.577511 0.583186 0.534097 0.510477 0.502482 0.488598 0.433564 0.516367 0.349288 0.147078 0.136379 0.0556834
threshold=1790.0000000000002 95.118973121140925 262.76913640612617 2052.5000000000005 837.50000000000011 1162.5000000000002 23.175000000000004 0.3362885358101006 0.98049069993378934 34.50327796713669 343.50000000000006 12.500000000000002 27.342857142857145 25.625000000000004 806.00000000000011 10.999999999999998 88.500000000000014 0.96904697354198299
decision_type=2 2 2 2 2 2 2 2 2 2 2 2 2 2 2 2 2 2
left_child=1 5 10 -4 14 12 11 -8 9 -7 -2 -6 13 -1 -3 -16 -10 -14
right_child=2 4 3 -5 6 8 7 -9 16 -11 -12 -13 17 -15 15 -17 -18 -19
leaf_value=0.015051619205969273 6.8131706567901196 -1.8172480899767547 -1.8901994039998724 5.9118575525715809 1.1785392145947073 2.3192321572552803 0.42711471887004393 -0.31392898189746238 -0.36566115727567305 0.6949276754884165 0.74339974896988048 -0.40882557312946466 0.54334001279564781 -0.39933360399424445 0.0082307277329370845 -2.6982685125360244 0.38940212149539011 0.056202389795457192
leaf_weight=340 1382 62 63 84 56 349 946 575 54 1304 74 361 58 122 70 56 60 50
leaf_count=340 1382 62 63 84 56 349 946 575 54 1304 74 361 58 122 70 56 60 50
internal_value=0.000836163 0.000294355 0.00231546 0 -0.000280677 0.000836613 -5.72459e-05 0.000189225 0.00117421 0.00132044 0.00257584 -0.0010622 -0.000131348 -0.000602592 -0.00233333 -0.00092126 -0.000547826 0.00145872
internal_weight=6066 4463 1603 147 2126 2337 1938 1521 1767 1653 1456 417 570 462 188 126 114 108
internal_count=6066 4463 1603 147 2126 2337 1938 1521 1767 1653 1456 417 570 462 188 126 114 108
is_linear=0
shrinkage=0.03


Tree=82
num_leaves=20
num_cat=2
split_feature=10 0 0 25 11 10 10 10 16 15 20 24 17 21 21 12 16 27 10
split_gain=5.62535 1.59914 1.44425 1.95786 0.775975 0.558399 0.58008 0.543541 0.50478 0.50465 0.421236 0.379539 0.431311 0.355218 0.316886 0.275392 0.253749 0.236631 0.178238
threshold=1603.5714285714287 0 1 23.225000000000005 24.397501823727087 1015.0000000000001 864.71428571428589 774.42857142857156 -0.15207594512309344 0.60383265664488517 25.76071428571429 1240.0000000000002 0.24998039114150908 1122.5000000000002 1625.0000000000002 1562.166666666667 -0.54220184589352438 21.125000000000004 2130.0000000000005
decision_type=2 1 1 2 2 2 2 2 2 2 2 2 2 2 2 2 2 2 2
left_child=1 4 14 -4 -1 6 7 -3 15 -8 -10 12 -7 -13 -2 -6 18 -16 -5
right_child=2 5 3 16 8 11 9 -9 10 -11 -12 13 -14 -15 17 -17 -18 -19 -20
leaf_value=2.1113472761034155 0.54491992258892552 -1.4678984970974525 -1.9689649590478442 -0.5823451941873552 0.80316613173049012 0.35250851257912508 -1.0783178801390045 0.2349883829484653 0.24469354140357621 -0.55303123145857924 -0.28110020217293269 0.29499565557165819 -0.31379787227047246 -0.64256114635668082 4.3858840851492937 -1.0892128724628347 4.4113901112138079 4.9238876328640862 12.546747928972826
leaf_weight=266 135 51 93 87 786 356 280 145 844 127 294 117 288 458 50 55 217 1360 57
leaf_count=266 135 51 93 87 786 356 280 145 844 127 294 117 288 458 50 55 217 1360 57
internal_value=0.000801549 0.000148968 0.002106 0.000445161 0.000691489 -0.000495908 -0.00125166 0 0.000460606 -0.00189706 7.90178e-06 -8.85245e-05 0.000367442 -0.000677083 0.00254499 0.001019 0.00154144 0.00271084 0.000186207
internal_weight=6066 4067 1999 454 2245 1822 603 196 1979 407 1138 1219 644 575 1545 841 361 1410 144
internal_count=6066 4067 1999 454 2245 1822 603 196 1979 407 1138 1219 644 575 1545 841 361 1410 144
cat_boundaries=0 1 2
cat_threshold=232 232
is_linear=0
shrinkage=0.03


Tree=83
num_leaves=20
num_cat=2
split_feature=10 0 0 25 11 16 10 13 7 21 13 13 21 32 12 24 27 17 11
split_gain=5.36715 1.61469 1.33518 1.43384 0.779872 0.482706 0.442943 0.787243 0.666345 0.434916 0.612277 0.320171 0.316886 0.281353 0.277759 0.274231 0.236631 0.196 0.189313
threshold=1603.5714285714287 0 1 23.225000000000005 24.397501823727087 -0.15207594512309344 1015.0000000000001 940.53363392783388 53.500000000000007 1575.0000000000002 1125.5403736297671 1324.186016511868 1625.0000000000002 14.149999999999999 1562.166666666667 1137.5000000000002 21.125000000000004 0.19969739736768838 109.65313275878269
decision_type=2 1 1 2 2 2 2 2 2 2 2 2 2 2 2 2 2 2 2
left_child=1 4 12 -4 -1 14 7 17 -9 15 -11 -7 -2 -5 -6 -8 -14 -3 -15
right_child=2 6 3 13 5 11 9 8 -10 10 -12 -13 16 18 -16 -17 -18 -19 -20
leaf_value=1.9970869536535152 0.52857232491125972 0.2166834313454237 -1.9098960102764115 -0.063468013944212337 0.66627034910517979 0.3150762711212971 0.19911552894445889 0.094724336891042704 -1.9414670013157136 0.57901561908546595 -4.3905794638667892 -0.093418939777207027 4.2543075625948177 1.0930622929727807 -1.0565364862889479 -0.27404309863367293 4.7761710038781633 -0.11920661915926214 4.7614202155028691
leaf_weight=273 135 100 93 61 837 476 346 113 301 51 63 725 50 54 55 653 1360 74 246
leaf_count=273 135 100 93 61 837 476 346 113 301 51 63 725 50 54 55 653 1360 74 246
internal_value=0.000846053 0.000207965 0.002121 0.000509678 0.000720656 0.000498567 -0.00048014 -0.0011562 -0.00188675 -8.61758e-05 -0.00185217 6.4892e-05 0.00254499 0.00145856 0.00103136 7.20001e-05 0.00271084 0.000325714 0.00184385
internal_weight=6066 4067 1999 454 2366 2093 1701 588 414 1113 114 1201 1545 361 892 999 1410 174 300
internal_count=6066 4067 1999 454 2366 2093 1701 588 414 1113 114 1201 1545 361 892 999 1410 174 300
cat_boundaries=0 1 2
cat_threshold=233 232
is_linear=0
shrinkage=0.03


Tree=84
num_leaves=19
num_cat=0
split_feature=10 10 11 11 20 13 14 15 29 7 13 20 14 29 7 32 7 15
split_gain=5.6252 1.47032 1.12542 0.937795 0.855029 0.813574 0.802059 0.790457 1.15197 0.758777 0.533999 0.457998 0.453102 0.301708 0.394557 0.191514 0.108181 0.00181418
threshold=1603.5714285714287 1092.9285714285718 445.07891221134952 26.726124191246267 25.003571428571433 966.60217460825083 0.98522604642031408 0.7710868207630478 24.975000000000005 342.50000000000006 1128.3737947658403 23.396428571428576 -0.99630266176052629 24.025000000000002 47.500000000000007 150.55000000000004 84.500000000000014 0.84658398682345093
decision_type=2 2 2 2 2 2 2 2 2 2 2 2 2 2 2 2 2 2
left_child=1 4 9 17 13 -6 -7 12 -9 10 -2 -11 -5 14 -1 -15 -12 -3
right_child=2 3 -4 7 5 6 -8 8 -10 11 16 -13 -14 15 -16 -17 -18 -19
leaf_value=0.21678252771853052 0.54343705387198604 2.2680666679240109 -0.6864706456507973 -2.0756835461013097 0.21644565051322609 -1.3124930040273686 0.16800786175315555 -0.0038778034000736452 -1.650219392591123 4.4123326984110607 1.6760157486244929 -2.7943433911929079 0.44859167449792126 0.32677407213186788 -0.84268447138537039 -0.054926077611050839 5.3476512546716526 2.2325390926776723
leaf_weight=191 99 217 55 61 93 374 63 670 63 61 275 57 1975 116 129 65 1452 50
leaf_count=191 99 217 55 61 93 374 63 670 63 61 275 57 1975 116 129 65 1452 50
internal_value=0.000846053 0.000193215 0.002151 0.000534409 -0.000767442 -0.00161017 -0.00217808 0.000350903 -0.000457766 0.00228123 0.00243186 0 0.000664212 3.58567e-05 -0.000420561 0.00108791 0.00255556 0.00226119
internal_weight=6066 4067 1999 3036 1031 530 437 2769 733 1944 1826 118 2036 501 320 181 1727 267
internal_count=6066 4067 1999 3036 1031 530 437 2769 733 1944 1826 118 2036 501 320 181 1727 267
is_linear=0
shrinkage=0.03


Tree=85
num_leaves=20
num_cat=0
split_feature=21 21 11 11 23 17 6 7 21 15 11 15 15 12 17 17 14 11 23
split_gain=5.25413 1.53145 1.23236 1.01958 0.735812 0.724866 0.540291 0.518559 0.508866 0.445087 0.591813 0.526333 0.358036 0.532302 0.383182 0.332549 0.264239 0.238101 0.207947
threshold=1412.5000000000002 1925.0000000000002 85.91246929842201 67.259270913432218 837.50000000000011 0.92763104771667149 1.5000000000000002 342.50000000000006 1205.0000000000002 0.59003219687534991 267.26124191242553 0.98174098242282837 -0.12545862287572049 957.51666666666677 0.76141046967515369 0.98448590438035632 -0.05695216311707673 141.42135623730971 1862.5000000000002
decision_type=2 2 2 2 2 2 2 2 2 2 2 2 2 2 2 2 2 2 2
left_child=2 3 8 18 17 6 -6 -3 12 10 -5 -11 14 -14 -1 -10 -7 -4 -2
right_child=1 7 4 9 5 16 -8 -9 15 11 -12 -13 13 -15 -16 -17 -18 -19 -20
leaf_value=0.16981331116187279 1.9509293404104608 9.7126065254281997 -0.3280110000954361 1.2397691052418516 -1.548004923128423 -0.61567972788435632 -0.13845360457348049 1.4914616521125028 0.87477554580632655 -0.14390071521513556 -2.1642211138113749 1.2888596246908071 -1.5150799636981207 0.0064977124637087963 -0.79057183533997721 -0.23990445029339214 1.1833858250417533 -2.2253054443030402 5.1872217170315
leaf_weight=197 703 1023 71 749 129 56 1183 78 498 325 85 90 56 343 52 50 113 123 56
leaf_count=197 703 1023 71 749 129 56 1183 78 498 325 85 90 56 343 52 50 113 123 56
internal_value=0.000895335 0.00174984 -1.46238e-05 0.00121404 -0.000554892 -0.000291498 -0.000555217 0.00268421 0.000704261 0.0006336 0.00103832 -7.21153e-05 6.00926e-05 -0.00042 0.001008 0.00138251 0.00148235 -0.00232308 0.00210789
internal_weight=5980 3109 2871 2008 1675 1481 1312 1101 1196 1249 834 415 648 399 249 548 169 194 759
internal_count=5980 3109 2871 2008 1675 1481 1312 1101 1196 1249 834 415 648 399 249 548 169 194 759
is_linear=0
shrinkage=0.03


Tree=86
num_leaves=17
num_cat=1
split_feature=12 0 7 11 15 23 14 27 27 26 11 29 7 11 13 29
split_gain=5.18474 2.24883 1.15359 0.913195 0.91363 0.726692 0.509816 0.57146 0.40033 0.351624 0.332939 0.269542 0.289109 0.279655 0.250051 0.0503922
threshold=1670.8333333333337 0 342.50000000000006 24.397501823713377 -0.10837475778693638 662.50000000000011 0.26037272046371446 24.325000000000006 22.975000000000005 3.0500000000000003 78.67957924693728 22.775000000000002 35.500000000000007 332.37953969094229 1128.3737947658403 23.675000000000004
decision_type=2 1 2 2 2 2 2 2 2 2 2 2 2 2 2 2
left_child=1 3 11 -1 9 -3 14 -8 15 -5 -6 12 -2 -13 -7 -4
right_child=2 5 8 4 10 6 7 -9 -10 -11 -12 13 -14 -15 -16 -17
leaf_value=1.9257108100488474 -0.50072248597558322 -1.9880268223253326 -2.4340073525355375 0.80310058206856927 0.27608135556219082 -0.043250229581023848 -1.449049858709121 -0.12470759193842995 2.2990882600312146 0.1571055868210558 -0.14527531841239913 5.135154673326439 2.9227782679887335 0.93764480022135122 0.2118737046527906 -0.034202777029478285
leaf_weight=249 63 71 50 696 589 591 202 807 75 264 536 1327 122 63 224 51
leaf_count=249 63 71 50 696 589 591 202 807 75 264 536 1327 122 63 224 51
internal_value=0.000860224 0.000279433 0.0022363 0.000907036 0.000675935 -0.000472193 -0.000330411 -0.000790099 0 0.00135796 5.32861e-05 0.00249365 0.000967742 0.00266355 0.000183824 -0.00129412
internal_weight=5980 4229 1751 2334 2085 1895 1824 1009 176 960 1125 1575 185 1390 815 101
internal_count=5980 4229 1751 2334 2085 1895 1824 1009 176 960 1125 1575 185 1390 815 101
cat_boundaries=0 1
cat_threshold=232
is_linear=0
shrinkage=0.03


Tree=87
num_leaves=19
num_cat=2
split_feature=12 0 7 23 21 13 14 12 14 17 0 12 13 19 21 13 29 7
split_gain=5.041 1.94246 1.28388 0.755731 0.694169 0.768837 0.450427 0.559343 0.421858 0.582542 0.392543 0.358252 0.342882 0.281179 0.272268 0.250051 0.0436075 0.270897
threshold=1670.8333333333337 0 342.50000000000006 662.50000000000011 1427.5000000000002 1593.6685733668421 -0.97113884758256674 1450.4166666666667 0.26037272046371446 0.2332836900311728 1 1482.5000000000002 1608.4384630823818 183.55000000000004 1862.5000000000002 1128.3737947658403 22.775000000000002 37.500000000000007
decision_type=2 1 2 2 2 2 2 2 2 2 1 2 2 2 2 2 2 2
left_child=1 4 10 -3 6 13 -1 -8 15 -10 14 -7 -4 -6 -2 -5 17 -12
right_child=2 3 12 8 5 11 7 -9 9 -11 16 -13 -14 -15 -16 -17 -18 -19
leaf_value=-0.61009575046204367 -0.16649279096033079 -1.9283860176555734 -1.4953961114314518 -0.041952722693591557 1.4102077934447654 2.7366343022708426 0.29379643790637855 -0.19490229996975195 -0.13321741536344087 -0.9380560220368257 -0.2844675662332608 -0.11023440816884258 3.2006363267898332 0.45610710607275945 5.875962778413772 0.20551749351320611 4.8469199960562603 4.0495315368960281
leaf_weight=63 63 71 99 591 729 54 1044 189 730 279 52 124 77 131 84 224 1273 103
leaf_count=63 63 71 99 591 729 54 1044 189 730 279 52 124 77 131 84 224 1273 103
internal_value=0.000845176 0.000272341 0.00220205 -0.000424974 0.000855864 0.00145236 0.000349268 0.000505673 -0.000281096 -0.00070099 0.00247462 -0.000117318 0 0.00182927 0.000417722 0.000183824 0.00263308 0.00134615
internal_weight=5980 4229 1751 1895 2334 1038 1296 1233 1824 1009 1575 178 176 860 147 815 1428 155
internal_count=5980 4229 1751 1895 2334 1038 1296 1233 1824 1009 1575 178 176 860 147 815 1428 155
cat_boundaries=0 1 2
cat_threshold=232 7
is_linear=0
shrinkage=0.03


Tree=88
num_leaves=19
num_cat=1
split_feature=12 0 27 21 7 12 33 19 10 15 21 25 19 16 19 12 27 19
split_gain=5.07925 1.73848 0.966122 0.722874 0.573181 0.556728 0.484466 0.641072 0.476772 0.888173 0.338253 0.326218 2.14642 0.412065 0.322802 0.313591 0.321217 0.24621
threshold=1670.8333333333337 0 23.175000000000004 1427.5000000000002 343.50000000000006 840.83333333333337 4.9850000000000012 0.65000000000000024 1532.1428571428576 0.48877522411129348 1505.0000000000002 29.025000000000002 8.8499999999999996 0.74300049550786151 155.95000000000002 1979.0833333333335 22.425000000000001 190.75000000000003
decision_type=2 1 2 2 2 2 2 2 2 2 2 2 2 2 2 2 2 2
left_child=1 3 4 6 15 -3 14 -8 17 -10 -4 13 -13 -7 -1 16 -2 -5
right_child=2 5 10 8 -6 11 7 -9 9 -11 -12 12 -14 -15 -16 -17 -18 -19
leaf_value=-0.1462010694389255 3.105660969344612 -1.1676242857103665 0.21999492503221829 1.1820441211509918 -1.4505342280885054 0.058319648470545979 -0.014479177635681011 0.96749360408210017 1.508597148600515 -0.41313805113644547 4.8055537082497333 -0.02628640188714244 -3.0004009107157752 -0.45096776340138678 0.60387705934435898 4.8398585693887384 -0.40546436195470625 0.22957578172730186
leaf_weight=572 75 98 72 550 99 1019 255 326 289 104 1336 266 50 462 143 118 51 95
leaf_count=572 75 98 72 550 99 1019 255 326 289 104 1336 266 50 462 143 118 51 95
internal_value=0.000840161 0.000265248 0.00220205 0.000817484 0.000593023 -0.000393494 0.000303007 0.000958763 0.00142348 0.000441624 0.00256139 -0.000246941 -0.00112618 -2.834e-05 -0.000167598 0.00145714 2.36221e-05 0.00195046
internal_weight=5980 4229 1751 2334 343 1895 1296 581 1038 393 1408 1797 316 1481 715 244 126 645
internal_count=5980 4229 1751 2334 343 1895 1296 581 1038 393 1408 1797 316 1481 715 244 126 645
cat_boundaries=0 1
cat_threshold=232
is_linear=0
shrinkage=0.03


Tree=89
num_leaves=15
num_cat=1
split_feature=21 0 11 23 15 11 10 15 7 16 17 22 30 21
split_gain=4.98887 2.12934 0.853385 0.75597 0.702699 0.695186 0.55902 0.465409 0.383633 0.380789 0.819305 0.428278 0.320871 0.0329825
threshold=1790.0000000000002 0 24.397501823727087 662.50000000000011 -0.10837475778693638 262.76913640612617 2130.0000000000005 0.97263757644091875 343.50000000000006 0.80033572242307993 0.19969739736768838 1737.5000000000002 3.0500000000000003 1925.0000000000002
decision_type=2 1 2 2 2 2 2 2 2 2 2 2 2 2
left_child=1 2 -1 -3 12 8 -7 -6 13 11 -11 -5 -4 -2
right_child=5 3 4 9 7 6 -8 -9 -10 10 -12 -13 -14 -15
leaf_value=1.8439223722284788 3.1161980363759909 -1.8355057085545925 0.75748871258783124 0.014390410719731104 -0.013232706865786535 -0.94609782139788001 7.5168594010599143 0.73471541170192167 1.9364143737629154 -0.006929266082396239 -1.0894214536781162 -1.6579859196508722 0.15209032847994206 10.449691481042857
leaf_weight=281 397 71 695 1352 1072 67 77 166 83 272 151 85 274 937
leaf_count=281 397 71 695 1352 1072 67 77 166 83 272 151 85 274 937
internal_value=0.000835145 0.000308145 0.000891957 -0.000423275 0.000668478 0.00229706 0 0.000152542 0.00250071 -0.000282106 -0.00107547 -1.66897e-05 0.00128041 0.00262697
internal_weight=5980 4419 2488 1931 2207 1561 144 1238 1417 1860 423 1437 969 1334
internal_count=5980 4419 2488 1931 2207 1561 144 1238 1417 1860 423 1437 969 1334
cat_boundaries=0 1
cat_threshold=232
is_linear=0
shrinkage=0.03


Tree=90
num_leaves=18
num_cat=2
split_feature=21 0 23 0 31 17 19 32 7 7 27 21 27 10 23 21 25
split_gain=4.87399 1.71601 1.55592 1.09396 0.974654 0.617375 0.898707 0.612788 0.497423 0.468849 0.634596 0.338457 0.145307 0.133646 0.356064 0.0742857 0.0458158
threshold=1625.0000000000002 0 662.50000000000011 1 4.4999999999999938 -0.40613878790836594 1.8499999999999968 0.2499999999999965 344.50000000000006 100.50000000000001 25.225000000000005 1575.0000000000002 24.725000000000005 1867.8571428571429 1812.5000000000002 2052.5000000000005 22.875000000000004
decision_type=2 1 2 1 2 2 2 2 2 2 2 2 2 2 2 2 2
left_child=2 8 -1 9 12 7 -7 -5 13 10 -4 -11 -3 14 -2 -6 -10
right_child=1 4 3 5 15 6 -8 -9 16 11 -12 -13 -14 -15 -16 -17 -18
leaf_value=-1.9054167937070725 1.9725478693072214 -2.8814515788786466 0.99513101283022287 1.1121113179864037 0.41045016449444488 -0.59497988347590136 -0.021074578887853156 0.005913490428507198 -0.84333115678282444 0.75039914820658127 -0.17605162207102609 0.097802891260839478 -1.0537762397129569 7.4944902731003005 -0.026110413925611909 8.8436951652898586 1.9617823527109506
leaf_weight=68 478 50 172 360 62 351 1401 682 52 751 219 117 65 1015 65 63 50
leaf_count=68 478 50 172 360 62 351 1401 682 52 751 219 117 65 1015 65 63 50
internal_value=0.000800067 0.00205944 0.000208151 0.000294524 -0.000179283 -2.24598e-05 -0.000381631 0.000537872 0.00239677 0.0010252 4.59185e-05 0.00142578 -0.00232759 0.00254586 0.00186397 0.00142857 0
internal_weight=6021 1900 4121 4053 240 2794 1752 1042 1660 1259 391 868 115 1558 543 125 102
internal_count=6021 1900 4121 4053 240 2794 1752 1042 1660 1259 391 868 115 1558 543 125 102
cat_boundaries=0 1 2
cat_threshold=488 192
is_linear=0
shrinkage=0.03


Tree=91
num_leaves=19
num_cat=1
split_feature=21 13 0 15 15 12 21 17 18 33 31 7 32 25 29 16 7 21
split_gain=4.69545 1.7242 1.07746 0.867736 0.894773 0.590231 0.567044 0.640828 0.555504 0.504246 0.425932 0.405414 0.362624 0.303975 0.30275 0.279326 0.131777 0.0649123
threshold=1790.0000000000002 1184.8704922083741 0 0.78724360164103002 0.97263757644091875 854.16666666666686 1427.5000000000002 -0.92272482904738262 6.7999999999999767 3.3150000000000004 70.200000000000003 95.500000000000014 0.49999999999999994 21.925000000000004 21.125000000000004 0.96687895796550427 53.500000000000007 2052.5000000000005
decision_type=2 2 1 2 2 2 2 2 2 2 2 2 2 2 2 2 2 2
left_child=1 5 13 6 9 11 7 -3 -4 -5 12 -1 -7 -2 -6 -8 -15 -10
right_child=2 3 8 4 14 10 15 -9 17 -11 -12 -13 -14 16 -16 -17 -18 -19
leaf_value=-1.4472781555636349 1.3728040961493602 -0.35415744771281094 -1.9096992261840904 0.67560970233433781 -0.29192042363695114 0.18659251459421314 1.2950704995033822 0.35162297523175018 0.25643028388811157 -0.3917029931237167 0.69547037701054781 -0.18184772753819178 -0.29095605700185845 1.1040844779346748 0.96542312112984352 0.48533267958787202 5.8640191448630929 8.5783843103311668
leaf_weight=69 92 242 95 80 63 215 923 902 50 412 54 51 1099 80 223 102 1206 63
leaf_count=69 92 242 95 80 63 215 923 902 50 412 54 51 1099 80 223 102 1206 63
internal_value=0.000790103 0.000277277 0.00219471 0.000704206 -0.000103979 -0.000537945 0.00101475 0.000495197 0 -0.000931034 -0.000322133 -0.00260331 -0.000458555 0.00249028 0.00116028 0.00154971 0.00263636 0.00152632
internal_weight=6021 4435 1586 2947 778 1488 2169 1144 208 492 1368 120 1314 1378 286 1025 1286 113
internal_count=6021 4435 1586 2947 778 1488 2169 1144 208 492 1368 120 1314 1378 286 1025 1286 113
cat_boundaries=0 1
cat_threshold=488
is_linear=0
shrinkage=0.03


Tree=92
num_leaves=17
num_cat=2
split_feature=10 0 23 25 21 21 17 14 15 20 14 0 32 12 14 12
split_gain=4.74994 2.08678 1.17482 0.91145 0.838603 0.668857 0.507117 0.868549 0.456995 0.62296 0.411204 0.396282 0.363465 0.176351 0.140535 0.0618219
threshold=1867.8571428571429 0 662.50000000000011 22.775000000000002 1427.5000000000002 2025.0000000000002 -0.96408458524605689 0.99761913169647187 0.60383265664488517 22.81785714285715 -0.83377653105606597 1 0.39999999999999653 987.35000000000002 -0.57780908558020239 1777.5000000000002
decision_type=2 1 2 2 2 2 2 2 2 2 2 1 2 2 2 2
left_child=1 4 -3 5 6 -2 7 -1 14 -10 13 -8 -12 -4 -6 -5
right_child=3 2 10 15 8 -7 11 -9 9 -11 12 -13 -14 -15 -16 -17
leaf_value=-0.57878282902051637 -1.2784968363084419 -1.8464946937008369 -0.39588809488398596 0.24789695247062404 0.57190713783475344 9.9834870483425799 -0.034743220711245228 0.86411980117898679 0.97504585932378929 -0.17162439236464747 0.12067062998596184 0.39603782467970361 -0.29261676854514485 1.012663686248934 1.7780097751620265 7.3146869554726566
leaf_weight=87 71 67 68 50 365 98 278 54 187 261 375 878 1336 176 642 1028
leaf_count=87 71 67 68 50 365 98 278 54 187 261 375 878 1336 176 642 1028
internal_value=0.000755231 0.000313508 -0.000402853 0.00240865 0.000854506 7.05883e-05 0.00025886 -0.00135211 0.00135989 0.000420936 -0.000245399 0.000495246 -0.00042757 0.000844898 0.00173214 0.00273309
internal_weight=6021 4774 2022 1247 2752 169 1297 141 1455 448 1955 1156 1711 244 1007 1078
internal_count=6021 4774 2022 1247 2752 169 1297 141 1455 448 1955 1156 1711 244 1007 1078
cat_boundaries=0 1 2
cat_threshold=232 32
is_linear=0
shrinkage=0.03


Tree=93
num_leaves=18
num_cat=1
split_feature=10 0 23 7 21 11 15 12 17 14 29 17 19 25 14 10 25
split_gain=4.61877 1.97995 1.17482 0.940027 0.741059 0.716253 0.469973 0.613294 0.391866 0.740284 0.489358 0.384878 0.436206 0.344546 0.167197 0.135597 0.0564943
threshold=1867.8571428571429 0 662.50000000000011 342.50000000000006 1427.5000000000002 377.25511573428963 0.60383265664488517 1500.8333333333337 -0.96408458524605689 0.99761913169647187 20.875000000000004 -0.40613878790836594 1.8499999999999968 29.275000000000002 -0.57780908558020239 2160.7142857142862 21.875000000000004
decision_type=2 1 2 2 2 2 2 2 2 2 2 2 2 2 2 2 2
left_child=1 4 -3 5 8 16 14 -8 9 -1 -10 13 -13 -4 -6 -5 -2
right_child=3 2 11 15 6 -7 7 -9 10 -11 -12 12 -14 -15 -16 -17 -18
leaf_value=-0.56141934414990013 4.7768885272691266 -1.7910998528898119 0.27525854035077907 -1.5277094898744634 0.5547499236997081 -0.044187623821315039 2.5489699026878716 -0.11104565933301506 -0.70570016491289511 0.83819620714361809 0.32342570619505395 -0.96533468725419735 -0.069388254502622551 -0.24206891953175319 1.7246694819071668 5.9451398993312869 7.46604529524204
leaf_weight=87 52 67 509 51 365 55 155 293 64 54 1092 258 988 200 642 57 1032
leaf_count=87 52 67 509 51 365 55 155 293 64 54 1092 258 988 200 642 57 1032
internal_value=0.000730322 0.00029466 -0.000402853 0.00236058 0.000821933 0.00261579 0.00129808 0.00035412 0.00025886 -0.00114084 0.000469317 -0.000245399 -0.00057498 0.000270423 0.00167262 0 0.00278986
internal_weight=6021 4774 2022 1247 2752 1139 1455 448 1297 141 1156 1955 1246 709 1007 108 1084
internal_count=6021 4774 2022 1247 2752 1139 1455 448 1297 141 1156 1955 1246 709 1007 108 1084
cat_boundaries=0 1
cat_threshold=232
is_linear=0
shrinkage=0.03


Tree=94
num_leaves=20
num_cat=2
split_feature=10 0 21 23 0 19 19 18 33 11 10 12 13 25 33 27 14 32 18
split_gain=4.55223 1.41854 1.27016 0.981645 0.870676 0.691832 0.625605 0.593393 0.576584 0.505285 0.616537 0.400364 0.377117 0.429698 0.241604 0.545401 0.211245 0.0594667 0.0573043
threshold=1595.8571428571431 0 1575.0000000000002 662.50000000000011 1 0.2499999999999965 2.3500000000000005 7.449999999999994 4.205000000000001 67.259270913432218 1157.5000000000002 1008.4166666666669 1125.5403736297671 21.925000000000004 5.7400000000000011 25.425000000000004 0.89787622492179153 0.2499999999999965 32.649999999999999
decision_type=2 1 2 2 1 2 2 2 2 2 2 2 2 2 2 2 2 2 2
left_child=1 9 8 -3 12 11 -7 -6 -2 10 -1 -5 -4 -14 15 -11 -12 -16 -9
right_child=2 3 4 5 7 6 -8 18 -10 14 16 -13 13 -15 17 -17 -18 -19 -20
leaf_value=-0.2805003443939062 1.0348462211771663 -1.6957081088312316 0.29307024978679674 -1.1643176757293034 -1.6624403520462938 -0.59034378667951237 -0.02062439729936439 1.1375566137430142 -2.3180804281801981 0.19772548426315067 1.1372236411301433 1.1377391252729181 0.95843265427664326 3.3970903808574633 0.28533206592639221 -0.60950135036655717 0.33842914486542847 1.1214938983468739 6.3297375300401715
leaf_weight=58 55 68 59 66 85 443 1838 51 54 293 540 389 108 1545 70 81 51 104 63
leaf_count=58 55 68 59 66 85 443 1838 51 54 293 540 389 108 1545 70 81 51 104 63
internal_value=0.000730322 0.000131934 0.00189263 -0.000224867 0.00208054 -0.000119474 -0.000347064 0 -0.000981818 0.000998344 0.00158769 0.000921053 0.00229309 0.00239057 0.000234973 -8.79999e-05 0.00190541 0.00118286 0.00153913
internal_weight=6021 4001 2020 2804 1911 2736 2281 199 109 1197 649 455 1712 1653 548 374 591 174 114
internal_count=6021 4001 2020 2804 1911 2736 2281 199 109 1197 649 455 1712 1653 548 374 591 174 114
cat_boundaries=0 1 2
cat_threshold=192 488
is_linear=0
shrinkage=0.03


Tree=95
num_leaves=20
num_cat=0
split_feature=12 13 7 27 29 33 10 7 15 17 7 25 29 21 5 12 29 31 12
split_gain=4.74439 1.16989 1.15203 1.08342 0.795914 1.46813 0.559562 0.708144 0.663801 0.469761 0.440314 0.410193 0.683693 0.515639 0.926176 0.574139 0.347715 0.279759 0.232098
threshold=1734.1666666666667 1184.8704922083741 88.500000000000014 23.175000000000004 22.325000000000006 4.9850000000000012 2130.0000000000005 22.500000000000004 0.76002003530985496 0.99351059783078122 84.500000000000014 24.175000000000004 24.425000000000004 1302.5000000000002 1.0000000180025095e-35 1496.7500000000002 21.875000000000004 0.50000000000001077 1847.5000000000002
decision_type=2 2 2 2 2 2 2 2 2 2 2 2 2 2 2 2 2 2 2
left_child=1 11 4 6 -3 -6 7 -2 -9 17 18 12 16 14 -13 -15 -1 -4 -5
right_child=3 2 9 10 5 -7 -8 8 -10 -11 -12 13 -14 15 -16 -17 -18 -19 -20
leaf_value=0.51056570459634543 1.9311045538928153 0.66442551286080276 0.78610329276750057 -0.058126182792702472 -1.1976847063028087 0.023973707987510962 9.2860563772492259 2.2639422716707087 -1.6345763630500272 -0.49494005004672487 5.258769197122799 0.34289516349996763 0.79428884267112765 0.7770041000273834 -0.97682487528633488 -0.96580237097342314 -1.0032017444884391 0.40434809759357343 2.1771020421069589
leaf_weight=119 54 226 607 88 244 547 131 58 92 77 1082 129 135 189 622 93 238 1186 108
leaf_count=119 54 226 607 88 244 547 131 58 92 77 1082 129 135 189 622 93 238 1186 108
internal_value=0.000647196 0.000127125 0.000490305 0.00204089 -0.000288801 -0.000772727 0.000357143 -0.000453658 -0.00168874 0.000938001 0.00244644 -0.000530799 0.000103448 -0.000876209 -0.00129255 7.42051e-05 -0.000486033 0.00105017 0.00077665
internal_weight=6025 4412 2887 1613 1017 791 335 204 150 1870 1278 1525 492 1033 751 282 357 1793 196
internal_count=6025 4412 2887 1613 1017 791 335 204 150 1870 1278 1525 492 1033 751 282 357 1793 196
is_linear=0
shrinkage=0.03


Tree=96
num_leaves=20
num_cat=3
split_feature=22 0 15 15 33 14 8 31 0 14 10 21 19 0 24 7 11 16 25
split_gain=4.72782 1.64017 0.858454 0.730122 0.699804 0.573881 0.894322 0.656379 0.49678 0.602156 0.472543 0.666595 0.413024 0.326716 0.326664 0.811255 0.319912 0.288938 0.287739
threshold=1812.5000000000002 0 0.77652048701313048 0.063390085881955341 4.5900000000000007 0.62587949062545845 1.0000000180025095e-35 0.89999999999998848 1 -0.36647417525074694 1625.0000000000002 1505.0000000000002 124.55000000000001 2 1427.5000000000002 237.50000000000003 53.452248382486587 0.96851839807117801 24.175000000000004
decision_type=2 1 2 2 2 2 2 2 1 2 2 2 2 1 2 2 2 2 2
left_child=1 3 -2 14 12 6 -6 -7 -4 -10 11 -5 13 -3 15 -1 -12 -16 -14
right_child=2 4 8 10 5 7 -8 -9 9 -11 16 -13 18 -15 17 -17 -18 -19 -20
leaf_value=0.51247454312561369 6.3906372357005505 0.012366388570914292 4.7105530416381223 0.069062016237478055 -1.0135096377985138 -0.009322043267856843 0.09793451239192523 -1.5872096280034194 4.4901146143434785 -1.7644683068411773 -0.10969626694922778 -0.32111605502876683 0.11938160744953133 0.35224726135426848 1.5093267637768915 -0.66763491063511182 1.1212060346917168 -0.27993530592595595 -0.85555754354574121
leaf_weight=575 1018 427 126 991 160 604 85 136 60 55 64 140 107 280 632 98 236 51 180
leaf_count=575 1018 427 126 991 160 604 85 136 60 55 64 140 107 280 632 98 236 51 180
internal_value=0.000657152 0.0002146 0.00229524 0.000688349 -0.000431156 -0.00100406 -0.00231707 -0.000506073 0.000446281 -0.000714286 0.000180168 -6.36041e-05 8.74373e-05 0.000516949 0.00119602 0.000614243 0.00124585 0.00170175 -0.0008125
internal_weight=6025 4766 1259 2787 1979 985 245 740 241 115 1431 1131 994 707 1356 673 300 683 287
internal_count=6025 4766 1259 2787 1979 985 245 740 241 115 1431 1131 994 707 1356 673 300 683 287
cat_boundaries=0 1 2 3
cat_threshold=232 160 272
is_linear=0
shrinkage=0.03


Tree=97
num_leaves=16
num_cat=1
split_feature=10 0 15 10 20 32 10 24 14 14 11 27 5 7 28
split_gain=4.38139 1.76229 1.16077 0.999291 0.821417 1.07685 0.640129 0.571909 0.788272 0.535883 0.479166 0.472037 0.431396 0.353801 0.0309151
threshold=1986.4285714285718 0 0.063390085881955341 1817.8571428571429 25.082142857142863 0.099999999999996467 1000.0714285714287 1427.5000000000002 0.24372619187392155 0.80926549319045582 393.39789623472058 20.925000000000001 4.5000000000000009 343.50000000000006 31.475000000000005
decision_type=2 1 2 2 2 2 2 2 2 2 2 2 2 2 2
left_child=1 2 7 6 11 -6 9 8 -1 -3 13 -4 -8 -2 -9
right_child=10 3 4 -5 5 -7 12 14 -10 -11 -12 -13 -14 -15 -16
leaf_value=-0.17433887979959842 9.2294092405042836 -0.044740194220683899 -0.35515891856061343 -1.7691426516253799 0.49910143893980119 -0.41150140784070088 -0.059248492664001638 1.7287272912410758 0.44948157879808787 -1.5214983196243852 -0.11705342618398341 0.40757035847022077 0.44990206007300626 0.97340445262152453 1.054152163661443
leaf_weight=309 859 331 125 59 196 326 902 780 391 223 56 963 394 56 55
leaf_count=309 859 331 125 59 196 326 902 780 391 223 56 963 394 56 55
internal_value=0.000637239 0.000272404 0.000712928 -0.00043125 0.000121043 -0.000820268 -0.00028363 0.00130859 0.000577746 -0.00114054 0.00248765 0.000614325 4.85737e-05 0.00265284 0.00186603
internal_weight=6025 5054 3145 1909 1610 522 1850 1535 700 554 971 1088 1296 915 835
internal_count=6025 5054 3145 1909 1610 522 1850 1535 700 554 971 1088 1296 915 835
cat_boundaries=0 1
cat_threshold=233
is_linear=0
shrinkage=0.03


Tree=98
num_leaves=14
num_cat=2
split_feature=23 23 21 0 23 0 29 20 11 16 26 11 7
split_gain=4.40243 1.07487 1.03244 1.20937 0.870414 0.678421 0.707655 0.604867 0.614133 0.460454 0.37204 0.603539 0.060697
threshold=1737.5000000000002 662.50000000000011 2052.5000000000005 0 1925.0000000000002 1 21.875000000000004 30.110714285714288 18.898223650460597 -0.022576249993022688 1.0000000180025095e-35 69.006555934235493 342.50000000000006
decision_type=2 2 2 1 2 1 2 2 2 2 2 2 2
left_child=1 -1 3 10 -5 6 -3 8 -7 -8 11 -2 -4
right_child=2 5 12 4 -6 7 9 -9 -10 -11 -12 -13 -14
leaf_value=-1.6472471262945292 -0.36258501739224241 1.0955176426014555 11.566269493822501 0.29451292342949603 -1.8850571512520284 2.419720297758972 -0.18087009096466944 1.3147348532699927 0.026191261296001456 -1.3829945953424372 3.2689177601166444 1.8723532010790447 9.2919569110944309
leaf_weight=65 88 90 769 92 98 214 253 274 3270 239 273 249 51
leaf_count=65 88 90 769 92 98 214 253 274 3270 239 273 249 51
internal_value=0.00063226 0.000129369 0.00197101 0.00110487 -0.000820895 0.000196959 -0.00072344 0.000352614 0.000231564 -0.00123529 0.00176329 0.000905326 0.00275883
internal_weight=6025 4405 1620 800 190 4340 582 3758 3484 492 610 337 820
internal_count=6025 4405 1620 800 190 4340 582 3758 3484 492 610 337 820
cat_boundaries=0 1 2
cat_threshold=232 529
is_linear=0
shrinkage=0.03


end of trees

feature_importances:
price_roll_mean_7=237
price_roll_std_7=166
mandi_name=138
price_lag_1=137
price_expanding_mean=123
price_roll_mean_30=108
day_of_year=81
cos_365_1=79
sin_365_1=74
sin_365_2=74
price_lag_3=73
price_lag_2=69
temp_mean=51
cos_365_2=50
rainfall_30d_sum=43
temp_7d_avg=42
temp_lag7=40
price_lag_7=35
temp_mean_lag1=34
precip_roll30=29
evapotrans_lag1=26
rainfall_7d_sum=23
precip_roll7=23
variety=11
rainfall_lag1=11
month=7
day_of_week=5
temp_lag1=5
precip_lag1=3
is_weekend=1

parameters:
[boosting: gbdt]
[objective: quantile]
[metric: quantile]
[tree_learner: serial]
[device_type: cpu]
[data_sample_strategy: bagging]
[data: ]
[valid: ]
[num_iterations: 2000]
[learning_rate: 0.03]
[num_leaves: 20]
[num_threads: 0]
[seed: 42]
[deterministic: 0]
[force_col_wise: 0]
[force_row_wise: 0]
[histogram_pool_size: -1]
[max_depth: 5]
[min_data_in_leaf: 50]
[min_sum_hessian_in_leaf: 0.001]
[bagging_fraction: 0.8]
[pos_bagging_fraction: 1]
[neg_bagging_fraction: 1]
[bagging_freq: 5]
[bagging_seed: 400]
[bagging_by_query: 0]
[feature_fraction: 0.8]
[feature_fraction_bynode: 1]
[feature_fraction_seed: 30056]
[extra_trees: 0]
[extra_seed: 12879]
[early_stopping_round: 0]
[early_stopping_min_delta: 0]
[first_metric_only: 0]
[max_delta_step: 0]
[lambda_l1: 1.5]
[lambda_l2: 1]
[linear_lambda: 0]
[min_gain_to_split: 0]
[drop_rate: 0.1]
[max_drop: 50]
[skip_drop: 0.5]
[xgboost_dart_mode: 0]
[uniform_drop: 0]
[drop_seed: 17869]
[top_rate: 0.2]
[other_rate: 0.1]
[min_data_per_group: 100]
[max_cat_threshold: 32]
[cat_l2: 10]
[cat_smooth: 10]
[max_cat_to_onehot: 4]
[top_k: 20]
[monotone_constraints: ]
[monotone_constraints_method: basic]
[monotone_penalty: 0]
[feature_contri: ]
[forcedsplits_filename: ]
[refit_decay_rate: 0.9]
[cegb_tradeoff: 1]
[cegb_penalty_split: 0]
[cegb_penalty_feature_lazy: ]
[cegb_penalty_feature_coupled: ]
[path_smooth: 0]
[interaction_constraints: ]
[verbosity: -1]
[saved_feature_importance_type: 0]
[use_quantized_grad: 0]
[num_grad_quant_bins: 4]
[quant_train_renew_leaf: 0]
[stochastic_rounding: 1]
[linear_tree: 0]
[max_bin: 255]
[max_bin_by_feature: ]
[min_data_in_bin: 3]
[bin_construct_sample_cnt: 200000]
[data_random_seed: 175]
[is_enable_sparse: 1]
[enable_bundle: 1]
[use_missing: 1]
[zero_as_missing: 0]
[feature_pre_filter: 1]
[pre_partition: 0]
[two_round: 0]
[header: 0]
[label_column: ]
[weight_column: ]
[group_column: ]
[ignore_column: ]
[categorical_feature: 0,1,2,3]
[forcedbins_filename: ]
[precise_float_parser: 0]
[parser_config_file: ]
[objective_seed: 16083]
[num_class: 1]
[is_unbalance: 0]
[scale_pos_weight: 1]
[sigmoid: 1]
[boost_from_average: 1]
[reg_sqrt: 0]
[alpha: 0.1]
[fair_c: 1]
[poisson_max_delta_step: 0.7]
[tweedie_variance_power: 1.5]
[lambdarank_truncation_level: 30]
[lambdarank_norm: 1]
[label_gain: ]
[lambdarank_position_bias_regularization: 0]
[eval_at: ]
[multi_error_top_k: 1]
[auc_mu_weights: ]
[num_machines: 1]
[local_listen_port: 12400]
[time_out: 120]
[machine_list_filename: ]
[machines: ]
[gpu_platform_id: -1]
[gpu_device_id: -1]
[gpu_use_dp: 0]
[num_gpu: 1]

end of parameters

pandas_categorical:[["Junnar", "Junnar(Narayangaon)", "Junnar(Otur)", "Khed(Chakan)", "Manchar", "Pune", "Pune(Khadiki)", "Pune(Manjri)", "Pune(Moshi)", "Pune(Pimpri)"], ["Pune"], ["Maharashtra"], ["Local", "Other"]]
