tree
version=v4
num_class=1
num_tree_per_iteration=1
label_index=0
max_feature_idx=34
objective=quantile
feature_names=mandi_name district state variety is_real_trade day_of_week month day_of_year is_weekend is_holiday price_roll_mean_7 price_roll_std_7 price_roll_mean_30 price_expanding_mean sin_365_1 cos_365_1 sin_365_2 cos_365_2 rainfall_7d_sum rainfall_30d_sum temp_7d_avg price_lag_7 price_lag_8 price_lag_9 price_lag_14 price_lag_30 temp_mean_lag7 rainfall_lag7 temp_mean temp_lag1 temp_lag7 precip_lag1 precip_roll7 precip_roll30 evapotrans_lag1
feature_infos=-1:1:3:5:6:7:8:0:2:4:9:11 none none -1:1:0 none [0:6] [1:12] [1:366] [0:1] [0:1] [3681.4285714285716:8819.2857142857138] [7.648047850270221e-05:1929.1085900956793] [3811.9666666666667:7792.1333333333332] [4072.2127659574467:6348.7837837837842] [-0.9999994220246925:0.99998555065071859] [-0.99997919295908233:0.9999907524084426] [-0.9999994220246925:0.99993006579620569] [-0.99999768809943823:0.99996300980480612] [0:275.5] [0:567.69999999999993] [18.171428571428571:36.235714285714288] [2450:9600] [2450:9600] [2450:9600] [2450:9600] [2450:9600] [17.149999999999999:37.100000000000001] [0:100.59999999999999] [17.149999999999999:37.100000000000001] [17.149999999999999:37.100000000000001] [17.149999999999999:37.100000000000001] [0:100.59999999999999] [0:275.5] [0:567.69999999999993] [0.87:10.619999999999999]
tree_sizes=1424 1588 1426 1568 1425 1496 1495 1629 1454 1536 1595 1767 1767 1688 1592 1830 1539 1687 1507 1518 1604 1511 1431 1695 1609 1585 1591 1680 1600 1752 1617 1774 1745 1580 2003 1690 1840 1612 1842 1688 1967 1759 1685 1591 1704 1675 1576 1947 1509 1967 2180 1937 1786 1780 1794 2119 2039 1844 1870 1867 1622 1849 1609 1772 1712 1851 1875 1942 1970 1987 2054 1944 2143 2060 1940 1959 1970 2338 1799 1893 1954 2106 2121 1690 2200 2275 2148 1966 2213 2275 2238 1690 1704 1609 2128 2231 2316 2402 1882 2126 2049 2024 2147 2236 2038 2064 2225 2393 2226 2150 2133 2251 2041 2286 2406 1877 2291 2400 1886 2341 1886 2142 2129 1909 2144 2282 2205 2123 1939 2378 2418 1883 2303 2325 1840 2155 1697 1881 1941 2209 1883 1883 2133 1701 2309 2123 2469 1674 2131 2138 2052 2049 1948 2279 1851 2039 2215 1950 2508 2277 2488 2385 2047 2341 2639 2383 2302 2374 2672 1979 2211 1975 2132 2210 2057 2212 2473 2108 2300 2197 2328 2469 2550 2392 2468 2119 2082 2294 2055 2252 2060 2171 1800 2329 1803 2592 2727 2448 2472 2429 2068 1985 1897 2045 1792 2048 2609 1963 2002 2485 2321 2327 1871 2055 1960 1971 2064 1734 2850 2327 2400 2138 2415 2146 2160 2072 2228 2553 2741 2154 1891 2381 2190 2306 2510 2748 2831 2158 2484 2317 2333 2437 2351 2248 2232 2742 2328 2559 2071 2295 2456 2413 2603 2058 2325 2576 2831 2729 2668 2808 2825 1891 2163 1905 1922 2652 2268 2851 2411 2085 2842 2462 2673 2550 2843 2394 2830 2636 2833 2252 2602 1909 2743 2075 2343 2417 2544 2679 2147 2737 2312 2833 2058 2406 2473 2487 2228 2555 2237 2082 2834 2491 2843 2849 2504 2171 2432 2586 1970 1981 2576 2669 2374 2127 2144 2511 2510 2050 2833 2135 2562 2856 2677 2818 2333 2238 2419 2432 2649 2591 2421 2541 2787 2821 2578 2339 2850 2614 2738 2666 2475 2155 2511 2753 2477 2825 2671 2730 2818 2855 2863 2870 2156 2675 2253 2146 2741 2401 2671 2644 2669 2355 2505 2746 2679 2834 2754 2581 2656 2494 2620 2583 2855 2723 2304 2387 2864 2341 2870 2544 2828 2768 2514 1890 2314 2841 2846 2822 2847 2816 2739 2579 2782 2738 2093 2408 2481 2654 2589 2812 2232 2052 2345 2503 2325 2900 2884 2817 2570 2733 2010 2676 2240 2704 2005 2841 1920 2755 2513 2498 2253 2252 2502 2346 2818 2212 2701 2870 2651 2816 2428 2520

Tree=0
num_leaves=16
num_cat=2
split_feature=12 33 0 14 12 15 18 19 12 24 18 20 22 0 13
split_gain=49.7456 9.50803 4.31628 3.61282 2.50464 2.1666 2.33043 1.78874 0.712434 0.617394 0.564353 0.226509 0.140313 0.215117 0.904453
threshold=4114.666666666667 3.5500000000000003 0 0.14250626876356556 4235.166666666667 0.34033495509342487 0.50000000000000366 13.30000000000001 3970.7166666666672 4188.5000000000009 23.049999999999994 23.532142857142862 4341.0000000000009 1 5245.2068525218137
decision_type=2 2 9 2 2 2 2 2 2 2 2 2 2 9 2
left_child=1 -1 8 7 5 -2 -7 -4 -3 10 -6 -10 13 14 -11
right_child=4 2 3 -5 9 6 -8 -9 11 12 -12 -13 -14 -15 -16
leaf_value=3882.4929516697675 3886.8479516601565 3884.3479516601565 3884.9239516615867 3882.0729516769202 3885.4279516640304 3885.3479516601565 3883.2819516886771 3883.4479516765477 3884.3604516677933 3883.3479516601565 3882.6744516638296 3885.3479516601565 3888.6119517388938 3886.0069516801091 3887.4269516865165
leaf_weight=44 91 43 33 76 53 36 59 45 42 35 30 35 2643 207 123
leaf_count=44 91 43 33 76 53 36 59 45 42 35 30 35 2643 207 123
internal_value=3885.2 3885.2 3885.2 3885.2 3885.2 3885.2 3885.2 3885.2 3885.2 3885.2 3885.2 3885.2 3885.2 3885.2 3885.2
internal_weight=3595 318 274 154 3277 186 95 78 120 3091 83 77 3008 365 158
internal_count=3595 318 274 154 3277 186 95 78 120 3091 83 77 3008 365 158
cat_boundaries=0 1 2
cat_threshold=338 2062
is_linear=0
shrinkage=1


Tree=1
num_leaves=17
num_cat=0
split_feature=12 33 14 10 16 18 25 33 13 18 24 26 14 10 17 20
split_gain=48.2502 9.81891 4.1366 3.88897 1.5086 1.719 1.26331 1.14314 0.805365 0.771027 0.484385 0.445232 0.18887 0.100906 0.0620253 0.0600273
threshold=4114.666666666667 3.5500000000000003 0.14250626876356556 4168.2142857142871 0.54217677573236234 0.29999999999999472 4021.5000000000005 12.700000000000006 5050.7357750435203 0.19999999999999826 4188.5000000000009 26.475000000000005 -0.96689237009891416 4199.2857142857147 -0.27694043983797384 23.346428571428579
decision_type=2 2 2 2 2 2 2 2 2 2 2 2 2 2 2 2
left_child=1 -1 7 4 5 -2 8 15 -4 -9 12 -7 -5 -12 -14 -3
right_child=3 2 6 10 -6 11 -8 9 -10 -11 13 -13 14 -15 -16 -17
leaf_value=-2.6799295070864266 0.14091898343996534 -0.32766351139819561 -1.904729510868342 -2.5002445129651596 1.1399304831989094 -1.0608525095613002 -2.970729492182286 -1.4094795029819034 -1.7718732369160293 -1.3594794798851035 0.12902049029022236 -2.3740505049040324 1.2980409905595758 3.1138804826110618 -1.3084782284214731 -0.12135951089203423
leaf_weight=44 44 39 34 30 62 42 56 38 42 34 38 48 55 2928 30 31
leaf_count=44 44 39 34 30 62 42 56 38 42 34 38 48 55 2928 30 31
internal_value=7.6474e-06 -0.00370219 -0.00292 0.000371721 -0.000974619 -0.00157778 -0.0042406 -0.0016014 -0.00301299 -0.00252055 0.000460902 -0.00236264 -0.000107759 0.00048635 2.90698e-05 -0.000492958
internal_weight=3595 318 274 3277 196 134 132 142 76 72 3081 90 115 2966 85 70
internal_count=3595 318 274 3277 196 134 132 142 76 72 3081 90 115 2966 85 70
is_linear=0
shrinkage=0.01


Tree=2
num_leaves=15
num_cat=0
split_feature=10 14 24 11 10 13 20 32 32 14 24 33 14 17
split_gain=46.8545 11.7902 2.16513 1.83165 1.11607 0.737881 0.825851 0.96372 0.718067 0.662616 0.407769 0.242608 0.208563 0.0297468
threshold=4086.5714285714289 0.26037272046371446 3947.5000000000005 94.993724002722587 4199.2857142857147 5158.3033436233136 22.625000000000004 3.5999999999999899 1.400000000000001 -0.90529520250134576 4188.5000000000009 105.55000000000003 -0.96689237009891416 -0.32614339955141752
decision_type=2 2 2 2 2 2 2 2 2 2 2 2 2 2
left_child=1 3 -3 5 9 6 -1 -8 -5 -2 12 -11 -6 -14
right_child=4 2 -4 8 10 -7 7 -9 -10 11 -12 -13 13 -15
leaf_value=-0.24596287375328302 -1.6231483941443798 -2.6531302030748658 -1.7717330129149467 -1.8019930066651697 -2.4752420678355067 0.17865108362739635 -1.6338121750300474 -0.56261547977730919 -1.7590789812903496 -1.9642742146110397 3.0827416777849521 0.66869528130752176 1.7865401183155336 -0.094734723799215326
leaf_weight=41 32 84 63 47 30 34 65 37 42 31 2928 83 48 30
leaf_count=41 32 84 63 47 30 34 65 37 42 31 2928 83 48 30
internal_value=1.32091e-05 -0.00314855 -0.00544932 -0.00182397 0.000427584 -0.00113202 -0.00144792 -0.00193204 -0.00306111 -0.000387755 0.000470201 0 -5.50459e-05 0.000113924
internal_weight=3595 413 147 266 3182 177 143 102 89 146 3036 114 108 78
internal_count=3595 413 147 266 3182 177 143 102 89 146 3036 114 108 78
is_linear=0
shrinkage=0.01


Tree=3
num_leaves=17
num_cat=0
split_feature=10 33 7 7 11 10 26 13 23 23 34 24 33 32 22 12
split_gain=46.8545 8.92166 4.76593 1.5795 1.32921 1.11607 1.00281 0.942681 0.581551 0.466781 0.684175 0.407769 0.0933776 0.0820338 0.0704635 0.2139
threshold=4086.5714285714289 3.5500000000000003 52.500000000000007 15.500000000000002 93.213144912286666 4199.2857142857147 26.375000000000004 5057.5222804630821 4287.5000000000009 4000.5000000000005 4.2750000000000012 4188.5000000000009 132.25000000000003 1.2000000000000013 4350.5000000000009 4254.2166666666681
decision_type=2 2 2 2 2 2 2 2 2 2 2 2 2 2 2 2
left_child=1 -1 3 -3 9 8 -6 -5 12 10 -4 14 -2 -11 15 -7
right_child=5 2 4 7 6 11 -8 -9 -10 13 -12 -13 -14 -15 -16 -17
leaf_value=-2.5965989095377791 -1.3478532222673942 -2.0779084571947535 -0.74055261502159364 -3.3644909019352371 -0.82988354006769005 0.18121261263543603 -3.2971764843563727 -1.8478829040275466 -1.9002216206157334 0.2780058082453129 0.020233662203462028 3.0519142610071048 1.1474367037137392 -0.30585506037051585 0.79138275607622888 -2.7894896234494038
leaf_weight=46 45 52 45 41 52 40 31 55 34 31 30 2928 67 30 32 36
leaf_count=46 45 52 45 41 52 40 31 55 34 31 30 2928 67 30 32 36
internal_value=1.32091e-05 -0.00314855 -0.00257201 -0.004 -0.00154773 0.000427584 -0.00260119 -0.00486598 -0.000387755 -0.000817518 -0.00134868 0.000470201 0 0 -5.50459e-05 -0.000285714
internal_weight=3595 413 367 148 219 3182 83 96 146 136 75 3036 112 61 108 76
internal_count=3595 413 367 148 219 3182 83 96 146 136 75 3036 112 61 108 76
is_linear=0
shrinkage=0.01


Tree=4
num_leaves=15
num_cat=1
split_feature=10 16 24 0 21 26 10 23 23 33 15 24 33 22
split_gain=46.3066 9.54048 3.86078 2.82928 1.17002 1.1549 1.12461 0.758991 0.581551 0.554741 1.05352 0.310097 0.0933776 0.0686383
threshold=4086.5714285714289 0.51295437088821561 3947.5000000000005 0 3947.5000000000005 26.375000000000004 4199.2857142857147 3947.5000000000005 4287.5000000000009 25.550000000000001 0.97648852793709995 4188.5000000000009 132.25000000000003 4251.0000000000009
decision_type=2 2 2 9 2 2 2 2 2 2 2 2 2 2
left_child=1 3 -3 9 -4 7 8 -5 12 10 -1 13 -2 -8
right_child=6 2 4 5 -6 -7 11 -9 -10 -11 -12 -13 -14 -15
leaf_value=-0.54756732027402488 -1.3343746900447189 -2.6006329119487375 -1.554446893461586 -1.2715659425220065 -1.5048260291503404 -3.2136358902655169 -2.0385947255310795 -0.8029547753515951 -1.8812194044095747 0.17586483437029163 0.020779358007603509 3.0213951183970358 1.1359623366766038 0.13393956523576014
leaf_weight=35 45 84 41 42 31 32 48 62 34 53 33 2928 67 60
leaf_count=35 45 84 41 42 31 32 48 62 34 53 33 2928 67 60
internal_value=1.87709e-05 -0.0031244 -0.00510828 -0.00186628 -0.00306849 -0.00280272 0.000430726 -0.00226667 -0.000387755 -0.000450758 -0.00110145 0.000473494 0 0
internal_weight=3595 413 156 257 72 136 3182 104 146 121 68 3036 112 108
internal_count=3595 413 156 257 72 136 3182 104 146 121 68 3036 112 108
cat_boundaries=0 1
cat_threshold=562
is_linear=0
shrinkage=0.01


Tree=5
num_leaves=16
num_cat=0
split_feature=10 10 14 34 11 24 10 11 12 11 24 24 10 14 12
split_gain=44.4928 10.945 3.14388 3.05721 1.2143 1.15283 0.924184 0.980609 0.746049 0.636488 0.466973 0.32095 0.114575 0.0749303 0.0360893
threshold=3904.3571428571436 4115.0714285714294 0.15951094710994371 4.3950000000000005 85.331956110961144 4031.0000000000005 4199.2857142857147 113.35142778800883 3963.8666666666672 104.51520447332653 3947.5000000000005 4127.5000000000009 4043.0714285714289 -0.60554068365937697 4284.3000000000011
decision_type=2 2 2 2 2 2 2 2 2 2 2 2 2 2 2
left_child=2 3 -1 8 5 -5 7 13 -2 12 -4 14 -10 -3 -8
right_child=1 6 10 4 -6 -7 11 -9 9 -11 -12 -13 -14 -15 -16
leaf_value=-2.0414035910853925 -0.8050776471955321 0.99217405473511622 -2.6881478798004914 -1.2371203229404493 -2.481116675856347 -0.18638161551506621 -0.89354019133952278 -2.0500242683778565 0.15645740990747842 -1.7227350979846856 -2.4111781571774693 2.9424837250999816 -0.24882041984701037 -0.83235224892313509 0.76636116740364557
leaf_weight=48 38 64 59 37 30 30 35 34 73 33 39 2982 43 31 31
leaf_count=48 38 64 59 37 30 30 35 34 73 33 39 2982 43 31 31
internal_value=3.14579e-05 0.000262998 -0.00535374 -0.00160702 -0.00307653 -0.00200735 0.000433763 -0.00035 -0.000779255 -0.00037 -0.00647475 0.000470318 0 7.8125e-05 -0.000104478
internal_weight=3607 3461 146 284 97 67 3177 129 187 149 98 3048 116 95 66
internal_count=3607 3461 146 284 97 67 3177 129 187 149 98 3048 116 95 66
is_linear=0
shrinkage=0.01


Tree=6
num_leaves=16
num_cat=0
split_feature=10 10 16 34 11 24 10 11 12 11 24 24 10 12 23
split_gain=44.4928 10.945 3.14388 3.05721 1.2143 1.15283 0.924184 0.980609 0.746049 0.636488 0.466973 0.32095 0.114575 0.0360893 0.0300981
threshold=3904.3571428571436 4115.0714285714294 0.32612888491727243 4.3950000000000005 85.331956110961144 4031.0000000000005 4199.2857142857147 113.35142778800883 3963.8666666666672 104.51520447332653 3947.5000000000005 4127.5000000000009 4043.0714285714289 4284.3000000000011 4199.0000000000009
decision_type=2 2 2 2 2 2 2 2 2 2 2 2 2 2 2
left_child=2 3 -1 8 5 -5 7 14 -2 12 -4 13 -10 -8 -3
right_child=1 6 10 4 -6 -7 11 -9 9 -11 -12 -13 -14 -15 -16
leaf_value=-2.0209895551745394 -0.79702687072357703 0.32877063991568573 -2.6612664010024867 -1.2247491197110452 -2.4563055090977834 -0.18451779935991547 -0.88460478942612752 -2.0295240256940774 0.15489283580840352 -1.7055077470048385 -2.3870663756056958 2.9130588878489823 -0.2463322156485393 0.75869755572960729 -0.17461420298129113
leaf_weight=48 38 46 59 37 30 30 35 34 73 33 39 2982 43 31 49
leaf_count=48 38 46 59 37 30 30 35 34 73 33 39 2982 43 31 49
internal_value=3.14579e-05 0.000262998 -0.00535374 -0.00160702 -0.00307653 -0.00200735 0.000433763 -0.00035 -0.000779255 -0.00037 -0.00647475 0.000470318 0 -0.000104478 7.8125e-05
internal_weight=3607 3461 146 284 97 67 3177 129 187 149 98 3048 116 66 95
internal_count=3607 3461 146 284 97 67 3177 129 187 149 98 3048 116 66 95
is_linear=0
shrinkage=0.01


Tree=7
num_leaves=17
num_cat=1
split_feature=12 15 12 15 27 13 24 32 25 22 0 13 14 14 23 17
split_gain=40.8937 10.2429 1.91376 1.72973 1.70016 1.63912 0.797702 0.630233 0.593117 0.377833 0.671343 0.541494 1.10153 0.340285 0.0611902 0.0346726
threshold=4114.666666666667 0.93158198870884079 4254.2166666666681 0.18281312110578132 1.0000000180025095e-35 5040.7972302854387 3962.5000000000005 4.9999999999999902 4176.0000000000009 4350.5000000000009 0 5252.8597909035425 -0.72101013194340913 -0.074117382312902977 4247.5000000000009 -0.022576210847469604
decision_type=2 2 2 2 2 2 2 2 2 2 9 2 2 2 2 2
left_child=1 5 3 14 -5 -1 -7 8 13 10 11 12 -4 -3 -2 -13
right_child=2 7 9 4 -6 6 -8 -9 -10 -11 -12 15 -14 -15 -16 -17
leaf_value=-2.994339461280497 1.6742008753258497 -0.053575316471632259 -2.0912201450508103 0.028254015058932859 -2.1111483349580817 -1.7602872623490058 -1.0950224183473356 -0.16235656339346388 -2.2747440039371996 3.4326257410835797 0.95222071758660876 2.9263752803434597 1.2762293038092212 -0.4682620609629497 -0.0052725897499132654 0.2009757625658358
leaf_weight=70 96 38 36 52 58 47 52 33 30 2611 281 53 48 41 31 30
leaf_count=70 96 38 36 52 58 47 52 33 30 2611 281 53 48 41 31 30
internal_value=4.5316e-05 -0.00341186 0.000375493 -0.000468487 -0.0013964 -0.00509118 -0.003905 -0.00132168 -0.00168636 0.000444281 0.000142539 -0.000317416 -0.000917647 -0.00100625 0.000261719 0.000136905
internal_weight=3607 311 3296 237 110 169 99 142 109 3059 448 167 84 79 127 83
internal_count=3607 311 3296 237 110 169 99 142 109 3059 448 167 84 79 127 83
cat_boundaries=0 1
cat_threshold=2061
is_linear=0
shrinkage=0.01


Tree=8
num_leaves=15
num_cat=1
split_feature=10 14 0 10 11 13 31 12 10 29 23 14 13 7
split_gain=39.6758 10.5163 2.74445 1.42879 2.3475 1.16568 0.857859 0.82577 0.704056 0.652068 0.114601 0.0539633 0.0530004 0.046868
threshold=4070.2857142857147 0.35846314187849709 0 4199.2857142857147 143.51041110396929 5040.7972302854387 1.0000000180025095e-35 4038.9333333333338 3904.3571428571436 22.675000000000004 4075.5000000000005 -0.53493989022977317 5075.2804515929483 337.50000000000006
decision_type=2 2 9 2 2 2 2 2 2 2 2 2 2 2
left_child=1 2 9 4 11 -3 7 -4 -7 -1 -5 12 -2 -11
right_child=3 5 6 10 -6 8 -8 -9 -10 13 -12 -13 -14 -15
leaf_value=-0.57494239329470587 0.28916127942229408 -3.2214021187256972 -1.1762264452939408 -0.045947933312360016 -1.9922656375857823 -1.6608973087780079 -1.1355226996439132 -2.5764432921045533 -0.67920525202078141 0.19090111463090956 2.7389344580686932 -0.83469045868483382 0.6903170027369564 -0.13676902147430647
leaf_weight=48 30 61 47 30 32 43 33 46 31 49 3018 30 77 32
leaf_count=48 30 61 47 30 32 43 33 46 31 49 3018 30 77 32
internal_value=5.08592e-05 -0.00295396 -0.00168945 0.000419049 -0.000444118 -0.00523897 -0.00267883 -0.00344149 -0.00390667 -0.000396429 0.000470318 6.15942e-05 0.000217593 6.09757e-06
internal_weight=3607 390 255 3217 169 135 126 93 74 129 3048 137 107 81
internal_count=3607 390 255 3217 169 135 126 93 74 129 3048 137 107 81
cat_boundaries=0 1
cat_threshold=626
is_linear=0
shrinkage=0.01


Tree=9
num_leaves=16
num_cat=1
split_feature=10 14 0 10 11 24 31 20 15 25 24 25 14 13 11
split_gain=39.6758 10.5163 2.74445 1.42879 2.3475 1.2939 0.857859 0.722732 1.20218 0.496151 0.32095 0.225602 0.0539633 0.0530004 0.000751084
threshold=4070.2857142857147 0.35846314187849709 0 4199.2857142857147 143.51041110396929 3947.5000000000005 1.0000000180025095e-35 23.31071428571429 0.98332250088165762 4236.0000000000009 4127.5000000000009 3975.5000000000005 -0.53493989022977317 5075.2804515929483 165.45672649048726
decision_type=2 2 9 2 2 2 2 2 2 2 2 2 2 2 2
left_child=1 2 7 4 12 -3 9 8 -1 -4 14 -7 13 -2 -5
right_child=3 5 6 10 -6 11 -8 -9 -10 -11 -12 -13 -14 -15 -16
leaf_value=-0.53492744747652576 0.28626966662807024 -2.5496104481241635 -1.2740417667685158 -0.35157294175631898 -1.9723429812099258 -1.4326342567750672 -1.1241674726474746 0.16721246114519661 0.057885100531572198 -2.328215807709018 2.8234102501429605 -1.8585991765007073 -0.82634355409798688 0.68341383270958456 -0.27262786620808943
leaf_weight=32 30 73 53 36 32 30 33 65 32 40 2982 32 30 77 30
leaf_count=32 30 73 53 36 32 30 33 65 32 40 2982 32 30 77 30
internal_value=5.08592e-05 -0.00295396 -0.00168945 0.000419049 -0.000444118 -0.00523897 -0.00267883 -0.000396429 -0.0012 -0.00344149 0.000470318 -0.00363492 6.15942e-05 0.000217593 -0.000104478
internal_weight=3607 390 255 3217 169 135 126 129 64 93 3048 62 137 107 66
internal_count=3607 390 255 3217 169 135 126 129 64 93 3048 62 137 107 66
cat_boundaries=0 1
cat_threshold=626
is_linear=0
shrinkage=0.01


Tree=10
num_leaves=17
num_cat=0
split_feature=10 14 11 33 10 10 11 10 7 24 24 14 11 10 12 21
split_gain=42.6894 9.29476 2.38023 1.61752 1.35167 0.87487 0.864158 0.770889 0.697453 0.503433 0.332776 0.280534 0.0876223 0.0383504 0.0265661 0.0151321
threshold=4086.5714285714289 0.26037272046371446 95.522620306461292 35.500000000000007 3885.7857142857147 4199.2857142857147 143.51041110396929 4029.2857142857147 311.50000000000006 4188.5000000000009 3947.5000000000005 -0.95500086777008153 53.452248382468326 4157.7857142857147 4239.9666666666681 4152.5000000000009
decision_type=2 2 2 2 2 2 2 2 2 2 2 2 2 2 2 2
left_child=1 2 7 -4 -3 6 13 8 -1 11 -6 -7 -10 -2 -13 -11
right_child=5 4 3 -5 10 9 -8 -9 12 15 -12 14 -14 -15 -16 -17
leaf_value=-1.347066877546798 0.21136457634156386 -2.5036490405598175 -0.30988149547814769 -1.6454941686479752 -1.5081833002293334 -2.5212665976026414 -1.9565686049969848 -1.4605612747196963 -0.30672424406654553 0.60241316422412317 -1.5939679552686343 -0.042762175317157973 0.13599430665431156 -0.13809889875531509 1.4696254961668731 2.8426760365906283
leaf_weight=48 73 67 36 52 34 35 30 37 30 33 43 30 59 53 45 2920
leaf_count=48 73 67 36 52 34 35 30 37 30 33 43 30 59 53 45 2920
internal_value=3.37838e-05 -0.00301474 -0.00182129 -0.00321348 -0.00508966 0.000422205 -0.000267516 -0.00104571 -0.00059058 0.000460672 -0.00373718 -0.000135135 0 2.36221e-05 9.86842e-05 0.00048629
internal_weight=3625 406 262 88 144 3219 156 174 137 3063 77 110 89 126 75 2953
internal_count=3625 406 262 88 144 3219 156 174 137 3063 77 110 89 126 75 2953
is_linear=0
shrinkage=0.01


Tree=11
num_leaves=19
num_cat=0
split_feature=10 14 11 33 10 10 11 10 24 24 21 26 14 13 12 13 12 21
split_gain=42.6894 9.29476 2.38023 1.61752 1.35167 0.87487 0.864158 0.770889 0.503433 0.332776 0.289546 0.471694 0.280534 0.0755963 0.0640579 0.0469834 0.0265661 0.0151321
threshold=4086.5714285714289 0.26037272046371446 95.522620306461292 35.500000000000007 3885.7857142857147 4199.2857142857147 143.51041110396929 4029.2857142857147 4188.5000000000009 3947.5000000000005 3962.5000000000005 22.825000000000006 -0.95500086777008153 5226.3228676842946 4245.2500000000009 5116.5931835290585 4239.9666666666681 4152.5000000000009
decision_type=2 2 2 2 2 2 2 2 2 2 2 2 2 2 2 2 2 2
left_child=1 2 7 -4 -3 6 13 10 12 -6 11 -1 -7 14 -2 -12 -14 -10
right_child=5 4 3 -5 9 8 -8 -9 17 -11 15 -13 16 -15 -16 -17 -18 -19
leaf_value=-0.068240356478506042 0.61746015267323917 -2.4786125501542213 -0.30678268052336477 -1.6290392269614957 -1.4931014672270422 -2.4960539316266135 -1.9370029189470162 -1.4459556619725007 0.5963890325818797 -1.5780282757159498 -0.2815667997580043 -1.1978728948733934 -0.042334553563988318 0.62510786211476299 -0.52726790333922746 0.20590546078719255 1.4549292412052048 2.8142492762247229
leaf_weight=32 35 67 36 52 34 35 30 37 33 43 36 39 30 61 30 30 45 2920
leaf_count=32 35 67 36 52 34 35 30 37 33 43 36 39 30 61 30 30 45 2920
internal_value=3.37838e-05 -0.00301474 -0.00182129 -0.00321348 -0.00508966 0.000422205 -0.000267516 -0.00104571 0.000460672 -0.00373718 -0.00059058 -0.00103472 -0.000135135 2.36221e-05 -0.000113636 0 9.86842e-05 0.00048629
internal_weight=3625 406 262 88 144 3219 156 174 3063 77 137 71 110 126 65 66 75 2953
internal_count=3625 406 262 88 144 3219 156 174 3063 77 137 71 110 126 65 66 75 2953
is_linear=0
shrinkage=0.01


Tree=12
num_leaves=19
num_cat=0
split_feature=10 14 11 33 10 10 11 10 24 24 21 26 14 13 12 13 12 21
split_gain=42.0819 8.88422 2.38023 1.61752 1.09359 0.87487 0.864158 0.770889 0.503433 0.332776 0.289546 0.471694 0.280534 0.0755963 0.0640579 0.0469834 0.0265661 0.0151321
threshold=4086.5714285714289 0.26037272046371446 95.522620306461292 35.500000000000007 3885.7857142857147 4199.2857142857147 143.51041110396929 4029.2857142857147 4188.5000000000009 3947.5000000000005 3962.5000000000005 22.825000000000006 -0.95500086777008153 5226.3228676842946 4245.2500000000009 5116.5931835290585 4239.9666666666681 4152.5000000000009
decision_type=2 2 2 2 2 2 2 2 2 2 2 2 2 2 2 2 2 2
left_child=1 2 7 -4 -3 6 13 10 12 -6 11 -1 -7 14 -2 -12 -14 -10
right_child=5 4 3 -5 9 8 -8 -9 17 -11 15 -13 16 -15 -16 -17 -18 -19
leaf_value=-0.067557952913722769 0.61128555114650751 -2.45382642465268 -0.30371485371813323 -1.6127488346918799 -1.4781704525547721 -2.4710933923103471 -1.9176328897575443 -1.4314961053527739 0.59042514225605958 -1.5622479929587902 -0.27875113176042521 -1.1858941659246596 -0.041911208028346712 0.61885678349361428 -0.52199522430583567 0.20384640617932145 1.4403799487931523 2.7861067834624738
leaf_weight=32 35 67 36 52 34 35 30 37 33 43 36 39 30 61 30 30 45 2920
leaf_count=32 35 67 36 52 34 35 30 37 33 43 36 39 30 61 30 30 45 2920
internal_value=3.65417e-05 -0.00299017 -0.00182129 -0.00321348 -0.00502069 0.000422205 -0.000267516 -0.00104571 0.000460672 -0.00373718 -0.00059058 -0.00103472 -0.000135135 2.36221e-05 -0.000113636 0 9.86842e-05 0.00048629
internal_weight=3625 406 262 88 144 3219 156 174 3063 77 137 71 110 126 65 66 75 2953
internal_count=3625 406 262 88 144 3219 156 174 3063 77 137 71 110 126 65 66 75 2953
is_linear=0
shrinkage=0.01


Tree=13
num_leaves=18
num_cat=0
split_feature=10 14 11 33 25 10 11 10 10 24 21 11 14 10 14 21 11
split_gain=40.8799 9.35715 2.25865 2.04898 1.89133 0.87487 0.864158 0.557689 0.519054 0.503433 0.289546 0.315282 0.280534 0.0383504 0.0265661 0.0151321 0.00806451
threshold=4086.5714285714289 0.26037272046371446 95.522620306461292 35.500000000000007 3900.5000000000005 4199.2857142857147 143.51041110396929 3885.7857142857147 4029.2857142857147 4188.5000000000009 3962.5000000000005 62.05738335947111 -0.95500086777008153 4157.7857142857147 0.06553689391773225 4152.5000000000009 57.728840360268357
decision_type=2 2 2 2 2 2 2 2 2 2 2 2 2 2 2 2 2
left_child=1 2 8 -4 -3 6 13 -6 10 12 11 -1 -7 -2 -14 -11 -12
right_child=5 4 3 -5 7 9 -8 -9 -10 15 16 -13 14 -15 -16 -17 -18
leaf_value=-0.064561144001123727 0.19690259778095967 -1.4818558083261821 -0.30067770518095077 -1.5966213463449603 -2.9823892079302858 -2.4463824583872449 -1.8984565608599697 -1.6029555445575927 -1.4171811442992455 0.58452089083349745 -0.33868712064393519 -1.4061812490434067 0.39256896576298345 -0.12622527849131029 -0.031864784910731032 2.7582457156278499 0.16478093368269989
leaf_weight=36 73 30 36 52 56 35 30 58 37 33 30 35 45 53 30 2920 36
leaf_count=36 73 30 36 52 56 35 30 58 37 33 30 35 45 53 30 2920 36
internal_value=4.20574e-05 -0.00294103 -0.00174525 -0.00310112 -0.00502069 0.000422205 -0.000267516 -0.00567826 -0.000988571 0.000460672 -0.00059058 -0.00103472 -0.000135135 2.36221e-05 9.86842e-05 0.00048629 0
internal_weight=3625 406 262 88 144 3219 156 114 174 3063 137 71 110 126 75 2953 66
internal_count=3625 406 262 88 144 3219 156 114 174 3063 137 71 110 126 75 2953 66
is_linear=0
shrinkage=0.01


Tree=14
num_leaves=17
num_cat=0
split_feature=10 14 26 10 10 20 20 24 10 19 24 12 12 16 14 21
split_gain=40.21 9.59765 2.13832 1.09359 0.867192 0.714028 1.68076 0.631277 0.50743 0.497399 0.332776 0.2785 0.312161 0.20177 0.124569 0.0151321
threshold=4086.5714285714289 0.26037272046371446 26.375000000000004 3885.7857142857147 4199.2857142857147 23.103571428571431 22.278571428571432 4188.5000000000009 4022.0714285714289 104.95000000000002 3947.5000000000005 4328.5333333333338 4239.9666666666681 -0.72176009310251998 -0.89015004145349408 4152.5000000000009
decision_type=2 2 2 2 2 2 2 2 2 2 2 2 2 2 2 2
left_child=1 2 5 -3 9 6 -1 11 13 -2 -5 12 -6 -7 -11 -9
right_child=4 3 -4 10 7 8 -8 15 -10 14 -12 -13 -14 -15 -16 -17
leaf_value=-0.19215005929750703 -1.8597267272555891 -2.4039658692635335 -2.147496409398272 -1.4477830416306834 0.12294317605287867 -0.62716821332584127 -1.4020996986241709 0.57867568192516172 -0.43117088440829493 -0.42294679236143667 -1.5307170573577527 3.0292033068661808 -2.4451606579082932 0.067776492138928002 0.37136355355771822 2.7306632584715724
leaf_weight=42 40 67 53 34 37 31 44 33 32 31 43 42 31 60 85 2920
leaf_count=42 40 67 53 34 37 31 44 33 32 31 43 42 31 60 85 2920
internal_value=4.20574e-05 -0.00291646 -0.00170722 -0.00502069 0.000419099 -0.00116905 -0.00191954 0.000457409 -0.000552419 -0.000267516 -0.00373718 -0.000225225 -0.000666667 -4.8913e-05 0 0.00048629
internal_weight=3625 406 262 144 3219 209 86 3063 123 156 77 110 68 91 116 2953
internal_count=3625 406 262 144 3219 209 86 3063 123 156 77 110 68 91 116 2953
is_linear=0
shrinkage=0.01


Tree=15
num_leaves=20
num_cat=0
split_feature=12 14 24 11 13 12 13 7 11 12 7 23 20 7 25 6 34 12 24
split_gain=38.8258 9.08164 2.84124 1.71522 1.31759 2.49082 0.961839 0.910189 0.888959 1.4083 0.326251 0.166846 0.246705 0.152256 0.148495 0.0834897 0.0464005 0.0223678 0.0230771
threshold=4168.1000000000013 0.30164402523644185 3940.5000000000005 49.492182841924453 5158.3033436233136 4025.3166666666671 5278.4338057569776 258.50000000000006 153.51915145315996 4270.7500000000009 337.50000000000006 4321.0000000000009 26.525000000000006 332.50000000000006 4701.0000000000009 5.5000000000000009 6.8800000000000017 4245.2500000000009 4176.0000000000009
decision_type=2 2 2 2 2 2 2 2 2 2 2 2 2 2 2 2 2 2 2
left_child=1 3 -3 -1 5 10 7 14 11 -10 -5 12 -9 -7 16 -16 -2 -8 -19
right_child=6 2 -4 4 -6 13 17 8 9 -11 -12 -13 -14 -15 15 -17 -18 18 -20
leaf_value=-0.081008183386890864 1.5295322353497707 -2.4260621082263549 -1.5839016841366904 -0.85502492673352093 -0.37668412269344254 -1.9886314954336197 0.4562902309504972 0.21342962244614455 -2.335607154733069 -0.081599751112945249 -0.25103700044752325 0.70772649793952791 -0.24899962739058498 -1.1142506422197855 2.2858566293513785 -1.3451499588337592 2.63688997068112 0.6545818935231863 3.1867886358860842
leaf_weight=52 286 73 72 36 40 30 30 38 31 44 40 68 33 31 32 30 52 30 2596
leaf_count=52 286 73 72 36 40 30 30 38 31 44 40 68 33 31 32 30 52 30 2596
internal_value=4.99314e-05 -0.00299467 -0.00498288 -0.00167609 -0.00214326 -0.00261957 0.000402018 2.76423e-05 -0.00047907 -0.00134868 -0.00119481 0 -0.000340278 -0.00418548 0.00032419 0 0.00041003 0.000484757 0.00048839
internal_weight=3644 374 145 229 177 137 3270 614 214 75 76 139 71 61 400 62 338 2656 2626
internal_count=3644 374 145 229 177 137 3270 614 214 75 76 139 71 61 400 62 338 2656 2626
is_linear=0
shrinkage=0.01


Tree=16
num_leaves=16
num_cat=1
split_feature=12 14 24 0 10 11 32 19 26 10 24 14 24 21 11
split_gain=38.2891 8.68818 2.53772 1.77318 1.39428 1.93906 1.22063 0.53415 0.598329 0.529078 0.328055 0.209081 0.194554 0.090767 0.0661793
threshold=4168.1000000000013 0.30164402523644185 3940.5000000000005 0 4199.2857142857147 143.51041110396929 1.3499999999999897 26.500000000000011 22.675000000000004 3885.7857142857147 4188.5000000000009 -0.93843426604005675 4376.0000000000009 4167.0000000000009 89.691931531637991
decision_type=2 2 2 9 2 2 2 2 2 2 2 2 2 2 2
left_child=1 3 -3 7 5 12 -5 8 -1 -4 11 -6 14 -12 -2
right_child=4 2 9 6 10 -7 -8 -9 -10 -11 13 -13 -14 -15 -16
leaf_value=-0.018126143273985259 0.71189709407734147 -2.4018014871440925 -1.9108494770124289 -1.8626636914441534 -2.3122510831857368 -1.6081030561004235 -1.3142399071444302 0.22152120098229194 -0.46066774740779565 -1.5496383555019124 0.86482184663632355 2.6086385682285407 -0.33320148638353192 2.6714887395279994 -0.051464167127283425
leaf_weight=36 103 73 31 49 31 37 59 37 48 41 41 64 40 2924 30
leaf_count=36 103 73 31 49 31 37 59 37 48 41 41 64 40 2924 30
internal_value=5.54184e-05 -0.002968 -0.00491438 -0.00167609 0.000405075 -0.00035545 -0.00257143 -0.000526515 -0.00103529 -0.00320548 0.000460634 -2.60417e-05 3.73563e-05 0.000479602 0.000272388
internal_weight=3644 374 145 229 3270 210 108 121 84 72 3060 95 173 2965 133
internal_count=3644 374 145 229 3270 210 108 121 84 72 3060 95 173 2965 133
cat_boundaries=0 1
cat_threshold=818
is_linear=0
shrinkage=0.01


Tree=17
num_leaves=18
num_cat=1
split_feature=10 14 0 24 25 24 11 10 20 7 10 13 22 25 12 32 13
split_gain=33.1116 8.08438 2.96193 2.15193 0.804647 0.75474 0.701749 1.67794 0.498425 0.76241 0.392907 0.346124 0.322238 0.0667394 0.0497867 0.0491315 0.001914
threshold=4070.2857142857147 0.30164402523644185 0 3947.5000000000005 4209.0000000000009 4200.5000000000009 146.38501094223463 4457.7857142857147 23.43214285714286 350.50000000000006 4242.5000000000009 5069.6244456762761 4310.5000000000009 4373.5000000000009 4376.7500000000009 3.1000000000000041 5171.819027617953
decision_type=2 2 9 2 2 2 2 2 2 2 2 2 2 2 2 2 2
left_child=1 2 8 -3 -4 6 13 -8 9 -1 12 -5 14 -2 16 -6 -7
right_child=5 3 4 11 15 10 7 -9 -10 -11 -12 -13 -14 -15 -16 -17 -18
leaf_value=-0.51350761867085148 0.64127074441785992 -2.3549826188010416 -0.7223129893281427 -1.8201347719060152 -2.109352525731043 0.17654487299610014 -2.3800409749762506 1.4538080945016429 0.18625080762634105 0.16389616004743637 2.6537831721980685 -0.5730213788330496 -1.0075300761595609 -0.01522759261352114 -0.13458531647798735 -1.4207193951985095 0.82865246137385618
leaf_weight=43 89 76 54 34 32 30 30 36 65 35 2848 31 38 52 30 34 87
leaf_count=43 89 76 54 34 32 30 30 36 65 35 2848 31 38 52 30 34 87
internal_value=8.01098e-05 -0.00261235 -0.00150947 -0.00457394 -0.00259542 0.000419624 -0.000127404 -0.001 -0.000314935 -0.000898734 0.000460283 -0.00284091 0 0.000214789 0.000226351 -0.00368657 0.000326271
internal_weight=3644 404 263 141 120 3240 207 66 143 78 3033 65 185 141 147 66 117
internal_count=3644 404 263 141 120 3240 207 66 143 78 3033 65 185 141 147 66 117
cat_boundaries=0 1
cat_threshold=818
is_linear=0
shrinkage=0.01


Tree=18
num_leaves=16
num_cat=0
split_feature=10 14 13 11 20 20 10 11 20 29 19 23 25 25 14
split_gain=32.0434 7.31804 1.87252 1.59161 1.00368 1.7775 0.676858 1.14104 0.666717 0.274472 0.241333 0.214045 0.10951 0.0672989 9.80424e-05
threshold=4070.2857142857147 0.30164402523644185 5069.6244456762761 46.314401692718214 23.103571428571431 22.332142857142863 4242.5000000000009 113.35142778800883 25.475000000000005 24.075000000000006 5.1499999999999995 4098.5000000000009 4398.0000000000009 4500.5000000000009 -0.99904708746719695
decision_type=2 2 2 2 2 2 2 2 2 2 2 2 2 2 2
left_child=1 3 10 -1 5 -5 7 12 9 -6 -3 -8 -2 -14 -13
right_child=6 2 -4 4 8 -7 11 -9 -10 -11 -12 14 13 -15 -16
leaf_value=0.077612009462750917 0.6129066737936204 -2.3892499989548064 -1.5009696757224782 -0.85560757191510239 -0.6320818880376049 -1.552548917998448 -0.14361280418486758 -2.2973993998619409 -1.4613901417897162 0.076170458547703698 -2.4062501098830573 0.93540599278160597 -0.39936781678466032 0.23721023643919295 2.6182360204107407
leaf_weight=43 139 51 55 31 67 37 30 53 54 31 35 38 34 37 2909
leaf_count=43 139 51 55 31 67 37 30 53 54 31 35 38 34 37 2909
internal_value=8.55967e-05 -0.00256296 -0.0044331 -0.00150947 -0.0018552 -0.00298551 0.000419624 -3.2197e-05 -0.00126797 -0.000616162 -0.00548276 0.000462895 0.000260664 0 0.000472693
internal_weight=3644 404 141 263 220 68 3240 263 152 98 86 2977 210 71 2947
internal_count=3644 404 141 263 220 68 3240 263 152 98 86 2977 210 71 2947
is_linear=0
shrinkage=0.01


Tree=19
num_leaves=16
num_cat=0
split_feature=10 10 16 11 7 22 13 10 11 24 7 24 24 21 7
split_gain=31.9766 5.90617 2.5174 1.97353 1.39343 1.84053 1.07446 0.775378 0.603732 0.523428 0.281127 0.166475 0.106979 0.090767 0.0196696
threshold=4070.2857142857147 3894.7857142857147 0.57957876984334955 46.314401692718214 341.50000000000006 3991.0000000000005 5099.2566801763378 4199.2857142857147 113.35142778800883 4188.5000000000009 273.50000000000006 4350.5000000000009 3940.5000000000005 4167.0000000000009 142.50000000000003
decision_type=2 2 2 2 2 2 2 2 2 2 2 2 2 2 2
left_child=1 2 -1 -3 5 -5 -7 8 11 10 14 -2 -4 -11 -9
right_child=7 3 12 4 -6 6 -8 9 -10 13 -12 -13 -14 -15 -16
leaf_value=-1.6924662385504292 0.25313858162931091 -0.029751448889926833 -2.8118865343593353 -1.3209085171302177 -0.60478755570928822 -0.016927823980565703 -1.3879407689297256 0.011245038290162448 -0.90718072067114608 0.85379167703851122 -2.3419761785633244 -0.42050859891493664 -1.777930423472196 2.5920536602066342 0.67931932363251579
leaf_weight=51 104 58 46 73 53 36 53 30 38 41 34 30 34 2924 39
leaf_count=51 104 58 46 73 53 36 53 30 38 41 34 30 34 2924 39
internal_value=8.28532e-05 -0.00256296 -0.00435227 -0.00165511 -0.00209491 -0.00257055 -0.00139444 0.000416538 -0.000196532 0.00045422 -0.000177885 5.18519e-05 -0.00555556 0.000479602 6.42857e-05
internal_weight=3644 404 131 273 215 162 89 3240 172 3068 103 134 80 2965 69
internal_count=3644 404 131 273 215 162 89 3240 172 3068 103 134 80 2965 69
is_linear=0
shrinkage=0.01


Tree=20
num_leaves=17
num_cat=1
split_feature=10 14 0 13 10 14 24 7 12 20 33 23 13 24 24 24
split_gain=35.4812 7.14131 2.31202 1.46114 1.18701 0.496757 0.343581 0.287306 0.37226 0.25142 0.233083 0.2205 0.210329 0.0397437 0.0270883 0.0256177
threshold=4059.6428571428573 0.30164402523644185 0 5029.8562914410568 4199.2857142857147 -0.90529520250134576 3991.0000000000005 349.50000000000006 4025.3166666666671 23.103571428571431 105.55000000000003 4064.0000000000005 4293.0308517983822 4188.5000000000009 4115.5000000000009 4040.5000000000005
decision_type=2 2 9 2 2 2 2 2 2 2 2 2 2 2 2 2
left_child=1 2 9 12 5 -2 -5 8 -4 -1 -7 -6 -3 14 -13 -11
right_child=4 3 7 6 11 10 -8 -9 -10 15 -12 13 -14 -15 -16 -17
leaf_value=-0.38977423621236623 -1.1146822655867794 -2.3734576773011486 -1.6284044580724384 -1.4848345692086442 -0.17979511267193574 -0.62531324303731395 -0.50983883293121013 -1.1188627551761965 -2.1352400380069683 0.11260526753130407 0.49042815986835375 1.0852918489939829 -2.4917676819890957 2.5661331236045681 -0.097149666740715707 -0.14165511874048778
leaf_weight=42 46 33 30 51 30 45 32 34 58 38 90 51 38 2968 58 32
leaf_count=42 46 33 30 51 30 45 32 34 58 38 90 51 38 2968 58 32
internal_value=8.64836e-05 -0.00276607 -0.00158723 -0.00447097 0.000426877 -0.000326923 -0.00319643 -0.00247368 -0.00310112 -0.000276423 0 0.000474099 -0.00575694 0.000483593 0.000131818 0
internal_weight=3676 388 234 154 3288 181 83 122 88 112 135 3107 71 3077 109 70
internal_count=3676 388 234 154 3288 181 83 122 88 112 135 3107 71 3077 109 70
cat_boundaries=0 1
cat_threshold=786
is_linear=0
shrinkage=0.01


Tree=21
num_leaves=16
num_cat=0
split_feature=10 6 10 26 11 10 19 33 20 17 33 23 11 24 24
split_gain=34.8455 4.90474 1.92734 1.53357 1.52354 1.17758 1.05976 0.458694 0.503336 0.421531 0.264263 0.218604 0.136039 0.0378552 0.0270883
threshold=4059.6428571428573 7.5000000000000009 3910.0714285714289 26.375000000000004 74.267374101274854 4199.2857142857147 3.3000000000000078 8.5500000000000025 23.503571428571433 -0.64743680879621224 105.55000000000003 4064.0000000000005 83.985542973583946 4188.5000000000009 4115.5000000000009
decision_type=2 2 2 2 2 2 2 2 2 2 2 2 2 2 2
left_child=1 2 6 7 -4 9 -1 -3 -9 -2 -11 -7 -10 14 -13
right_child=5 3 4 -5 -6 11 -8 8 12 10 -12 13 -14 -15 -16
leaf_value=-1.5864969879468391 -1.0759731230577365 0.067451234557558706 -0.46500721977920056 -2.0072999921045347 -1.6548570494679391 -0.17799716154521719 -2.1208311017223838 -1.3131267709036225 0.19269768619578231 -0.64206573349774931 0.48552387826967058 1.0744389305040423 -0.65775794156035194 2.5404717923685212 -0.096178170073308367
leaf_weight=30 49 36 59 40 38 30 87 38 30 42 90 51 30 2968 58
leaf_count=30 49 36 59 40 38 30 87 38 30 42 90 51 30 2968 58
internal_value=8.64836e-05 -0.00274036 -0.0037814 -0.00138857 -0.00246429 0.000423837 -0.00475847 -0.000762963 -0.00112121 -0.000326923 0 0.000470882 -0.000327869 0.000480344 0.000131818
internal_weight=3676 388 214 174 97 3288 117 134 98 181 132 3107 60 3077 109
internal_count=3676 388 214 174 97 3288 117 134 98 181 132 3107 60 3077 109
is_linear=0
shrinkage=0.01


Tree=22
num_leaves=15
num_cat=1
split_feature=10 16 0 13 10 19 7 10 33 20 17 23 13 26
split_gain=34.3494 5.89281 2.36483 1.89332 1.03262 0.982958 0.531514 0.339013 0.322655 0.25142 0.219824 0.218604 0.0738239 0.0130186
threshold=4059.6428571428573 0.57957876984334955 0 5029.8562914410568 4199.2857142857147 81.40000000000002 338.50000000000006 3904.3571428571436 105.55000000000003 23.103571428571431 -0.63090078682092632 4064.0000000000005 4882.9310897435907 24.925000000000004
decision_type=2 2 9 2 2 2 2 2 2 2 2 2 2 2
left_child=1 2 9 12 8 6 -4 -5 -2 -1 -10 -6 -3 -11
right_child=4 3 5 7 11 -7 -8 -9 10 13 -12 -13 -14 -15
leaf_value=-0.37316928617584683 -1.2391929768433474 -1.7806984492846931 -1.6601634302891262 -1.3898304859353312 -0.17621718992976582 -2.1027789112958213 -0.62913162983355753 -0.51144712835576889 -0.56946162949667112 0.075401329310686618 0.48066863948697297 2.408552472062111 -2.6426467374244602 -0.09831930422119052
leaf_weight=42 57 40 33 42 30 42 38 50 34 33 90 3077 31 37
leaf_count=42 57 40 33 42 30 42 38 50 34 33 90 3077 31 37
internal_value=9.19228e-05 -0.00271465 -0.00158186 -0.00419817 0.000426877 -0.00252823 -0.00172917 -0.00294624 -0.000271978 -0.000276423 0 0.000470882 -0.00561806 0
internal_weight=3676 388 225 163 3288 113 71 92 181 112 124 3107 71 70
internal_count=3676 388 225 163 3288 113 71 92 181 112 124 3107 71 70
cat_boundaries=0 1
cat_threshold=786
is_linear=0
shrinkage=0.01


Tree=23
num_leaves=18
num_cat=1
split_feature=10 14 0 13 10 24 12 13 14 24 10 23 14 14 13 23 12
split_gain=33.1701 6.93258 1.9705 1.45884 1.02384 0.673993 0.336898 0.361609 0.335371 0.271906 0.205963 0.392466 0.193353 0.168836 0.0738239 0.0555871 0.047725
threshold=4059.6428571428573 0.30164402523644185 0 5029.8562914410568 4199.2857142857147 3991.0000000000005 4025.3166666666671 5162.6276732249798 -0.90529520250134576 4236.0000000000009 3943.1428571428573 4000.5000000000005 -0.96689237009891416 -0.52032787705993211 4882.9310897435907 4143.0000000000009 4280.0166666666673
decision_type=2 2 9 2 2 2 2 2 2 2 2 2 2 2 2 2 2
left_child=1 2 10 14 8 -5 -4 -8 -2 12 -1 -12 -6 16 -3 -14 -10
right_child=4 3 6 5 9 -7 7 -9 13 -11 11 -13 15 -15 -16 -17 -18
leaf_value=0.16680558064974677 -1.082058110524811 -1.7628914647918481 -1.2217480074163849 -1.4416013941883408 -1.3066273180132542 -0.48307740282366096 -2.0779637779255582 -1.1240089545442074 0.67758916277655257 2.4909815497242151 -0.35247575055126568 0.078889806168801674 0.11260640929830867 -0.53689201218690907 -2.6162202700502157 1.4635558512796505 -0.2824766210214591
leaf_weight=31 46 40 44 51 40 32 48 30 69 2906 46 35 30 36 31 131 30
leaf_count=31 46 40 44 51 40 32 48 30 69 2906 46 35 30 36 31 131 30
internal_value=9.46424e-05 -0.00266324 -0.00150213 -0.00434194 0.000423837 -0.00307738 -0.00232331 -0.00305063 -0.000271978 0.000467664 -0.000276423 -0.000603659 5.19802e-05 0 -0.00561806 0.00025 0.000195
internal_weight=3676 388 234 154 3288 83 122 78 181 3107 112 81 201 135 71 161 99
internal_count=3676 388 234 154 3288 83 122 78 181 3107 112 81 201 135 71 161 99
cat_boundaries=0 1
cat_threshold=786
is_linear=0
shrinkage=0.01


Tree=24
num_leaves=17
num_cat=1
split_feature=10 14 0 10 13 24 12 13 14 24 33 7 14 33 13 17
split_gain=32.0761 6.27662 1.9705 1.02384 0.97814 0.673993 0.336898 0.361609 0.335371 0.271906 0.233083 0.217036 0.193353 0.135246 0.10669 0.0555871
threshold=4059.6428571428573 0.30164402523644185 0 4199.2857142857147 5029.8562914410568 3991.0000000000005 4025.3166666666671 5162.6276732249798 -0.90529520250134576 4236.0000000000009 105.55000000000003 336.50000000000006 -0.96689237009891416 25.550000000000001 4293.0308517983822 0.50927729752534534
decision_type=2 2 9 2 2 2 2 2 2 2 2 2 2 2 2 2
left_child=1 2 11 8 14 -6 -4 -8 -2 12 -10 13 -5 -1 -3 -14
right_child=3 4 6 9 5 -7 7 -9 10 -11 -12 -13 15 -15 -16 -17
leaf_value=-0.36008347807425323 -1.0712375294195615 -2.2930788903701522 -1.2095305273422208 -1.2935610448331201 -1.4271853802464589 -0.4782466287954239 -2.0571841401463025 -1.112768864998767 -0.59691392642757823 2.4660717342269711 0.47436642263860679 0.099050634523055084 1.752599199690738 0.036963012418773804 -2.3970138036498532 0.066539175956910168
leaf_weight=37 46 33 44 40 51 32 48 30 45 2906 90 45 131 30 38 30
leaf_count=37 46 33 44 40 51 32 48 30 45 2906 90 45 131 30 38 30
internal_value=0.000100082 -0.00261183 -0.00150213 0.000423837 -0.0042129 -0.00307738 -0.00232331 -0.00305063 -0.000271978 0.000467664 0 -0.000276423 5.19802e-05 -0.000683824 -0.00534028 0.00025
internal_weight=3676 388 234 3288 154 83 122 78 181 3107 135 112 201 67 71 161
internal_count=3676 388 234 3288 154 83 122 78 181 3107 135 112 201 67 71 161
cat_boundaries=0 1
cat_threshold=786
is_linear=0
shrinkage=0.01


Tree=25
num_leaves=17
num_cat=0
split_feature=10 14 26 13 14 11 20 11 24 10 25 10 10 18 24 10
split_gain=25.7397 5.3156 3.2835 1.30903 1.87641 1.81714 0.67581 0.637029 0.279301 0.249838 0.159613 0.123784 0.0553124 0.0459179 0.0217625 0.0224325
threshold=4059.6428571428573 0.35846314187849709 26.375000000000004 5252.8597909035425 -0.90529520250134576 143.51041110396929 23.053571428571434 49.492182841924453 4127.5000000000009 3910.0714285714289 4273.0000000000009 3904.3571428571436 3991.7857142857151 67.050000000000026 4127.5000000000009 4168.2142857142871
decision_type=2 2 2 2 2 2 2 2 2 2 2 2 2 2 2 2
left_child=1 2 6 4 5 10 7 -1 -6 -8 -2 -3 -11 -10 -5 -16
right_child=3 11 -4 14 8 -7 9 -9 13 12 -12 -13 -14 -15 15 -17
leaf_value=-0.17505761003135567 0.51229704199715576 -2.0461682013075704 -2.0284063830126668 0.26516956727329866 -1.0930646638793351 -2.2488729225723785 -0.95940464878264853 -1.2784208921220459 1.1524630367783117 0.10523493187532981 -1.4119736882459928 -0.6754054949160524 -0.51772502712648505 0.93567514322557943 0.19612268979976741 2.6914110168846994
leaf_weight=33 47 89 41 30 31 58 32 54 279 60 37 44 36 52 30 2694
leaf_count=33 47 89 41 30 31 58 32 54 279 60 37 44 36 52 30 2694
internal_value=0.000102385 -0.00232179 -0.00140856 0.00039552 -5.54455e-05 -0.00104196 -0.000844907 -0.00155114 0.000305785 -0.00027907 0 -0.00398134 0 0.000408133 0.00048167 0.000485138
internal_weight=3647 389 256 3258 504 142 215 87 362 128 84 133 96 331 2754 2724
internal_count=3647 389 256 3258 504 142 215 87 362 128 84 133 96 331 2754 2724
is_linear=0
shrinkage=0.01


Tree=26
num_leaves=17
num_cat=1
split_feature=10 14 30 24 0 14 20 11 10 22 10 10 33 23 10 13
split_gain=25.7984 5.3156 3.2835 1.30029 1.59455 3.90304 0.67581 0.637029 0.288243 0.256296 0.249838 0.123784 0.111905 0.092639 0.0553124 0.0172372
threshold=4059.6428571428573 0.35846314187849709 26.375000000000004 4300.5000000000009 0 -0.90529520250134576 23.053571428571434 49.492182841924453 4168.2142857142871 4050.5000000000005 3910.0714285714289 3904.3571428571436 67.750000000000014 4376.0000000000009 3991.7857142857151 5295.3088793103461
decision_type=2 2 2 2 9 2 2 2 2 2 2 2 2 2 2 2
left_child=1 2 6 4 5 -2 7 -1 -5 -6 -8 -3 -7 -11 -12 -15
right_child=3 11 -4 8 9 12 10 -9 -10 13 14 -13 -14 15 -16 -17
leaf_value=-0.17330703393104352 -2.3746916445418877 -2.0257065192944963 -2.0081223191825401 -0.37812731212858913 -0.32944367480502929 2.2744842114588604 -0.94981060229482084 -1.2656366832008252 2.4610786678441947 0.65013300310793365 0.10418258255657779 -0.6686514399668918 -1.1925015412297817 -0.18005070844683402 -0.51254777685522213 1.8614557584240925
leaf_weight=33 32 89 41 45 30 51 32 54 2769 237 60 44 31 31 36 32
leaf_count=33 32 89 41 45 30 51 32 54 2769 237 60 44 31 31 36 32
internal_value=0.000105126 -0.00232179 -0.00140856 0.000398589 -8.53932e-05 -0.001064 -0.000844907 -0.00155114 0.000478508 0.000249267 -0.00027907 -0.00398134 0 0.000365449 0 0
internal_weight=3647 389 256 3258 444 114 215 87 2814 330 128 133 82 300 96 63
internal_count=3647 389 256 3258 444 114 215 87 2814 330 128 133 82 300 96 63
cat_boundaries=0 1
cat_threshold=2197
is_linear=0
shrinkage=0.01


Tree=27
num_leaves=18
num_cat=0
split_feature=10 14 26 10 11 20 14 24 14 10 13 22 25 12 13 10 10
split_gain=24.8368 5.16744 3.39697 1.25372 2.58771 0.541298 0.507335 0.484594 0.578522 0.249838 0.24339 0.128841 0.125899 0.115694 0.0855288 0.355706 0.0553124
threshold=4059.6428571428573 0.35846314187849709 26.375000000000004 4199.2857142857147 143.51041110396929 23.053571428571434 1.0000000180025095e-35 4269.5000000000009 -0.95500086777008153 3910.0714285714289 5198.4042208352021 4127.5000000000009 4686.0000000000009 4280.0166666666673 5040.7972302854387 3904.3571428571436 3991.7857142857151
decision_type=2 2 2 2 2 2 2 2 2 2 2 2 2 2 2 2 2
left_child=1 2 5 4 11 6 -1 8 10 -7 -5 -2 -10 -9 -3 -16 -11
right_child=3 14 -4 7 -6 9 -8 13 12 16 -12 -13 -14 -15 15 -17 -18
leaf_value=-0.34650015124672334 -0.085878711289108997 -2.3773977474101042 -1.9880410959907167 -2.3374023606308354 -1.7063576988305653 -0.94031249627187341 -1.3895374824173155 0.13903765995542347 1.6712933330419497 0.10314075673101375 0.13619304295312287 0.51799174882047416 -0.15218197585941834 2.4537255749591771 -1.4757517367189081 -0.45972194803324157 -0.50742229908667047
leaf_weight=50 47 60 41 30 36 32 37 32 156 60 30 99 39 2789 43 30 36
leaf_count=50 47 60 41 30 36 32 37 32 156 60 30 99 39 2789 43 30 36
internal_value=0.000110609 -0.00227051 -0.00136965 0.000398589 -0.000377049 -0.000798611 -0.0014375 0.000447839 0 -0.00027907 -0.000819672 0.000156463 0.000293367 0.000485648 -0.00390672 -0.00302027 0
internal_weight=3647 389 256 3258 182 215 87 3076 255 128 60 146 195 2821 133 73 96
internal_count=3647 389 256 3258 182 215 87 3076 255 128 60 146 195 2821 133 73 96
is_linear=0
shrinkage=0.01


Tree=28
num_leaves=17
num_cat=1
split_feature=12 14 12 11 18 33 7 26 18 29 20 0 12 21 18 11
split_gain=19.5014 4.5265 2.63474 3.97765 1.29993 0.898654 0.788304 0.56646 0.355048 0.305831 0.393957 0.297213 0.238403 0.155467 0.103512 0.0919146
threshold=4124.8833333333341 0.35846314187849709 4334.1333333333341 153.51915145315996 9.9999999999999947 23.750000000000004 255.50000000000003 26.725000000000005 1.2000000000000013 24.125000000000004 23.103571428571431 0 4618.3833333333341 3947.5000000000005 3.5499999999999896 57.248405911576562
decision_type=2 2 2 2 2 2 2 2 2 2 2 9 2 2 2 2
left_child=1 5 3 6 -5 9 -2 14 -7 10 -1 12 -4 15 -8 -3
right_child=2 13 11 4 -6 8 7 -9 -10 -11 -12 -13 -14 -15 -16 -17
leaf_value=-0.54186538932563955 1.4693271044993481 -0.71781564282298915 -1.2221551764170167 -0.63021928679352268 -2.2161253083042416 -1.3908817484385716 0.18580150310931001 -1.2191293409815294 -1.9117030576588239 0.014901334070093109 -0.010221712686394175 2.6372732602952267 2.2053488857454933 -1.9496803113038947 -0.34552700785242219 -2.2303112845656052
leaf_weight=50 238 40 30 34 52 33 50 48 30 38 45 2759 73 37 32 58
leaf_count=50 238 40 30 34 52 33 50 48 30 38 45 2759 73 37 32 58
internal_value=0.000124315 -0.00218223 0.000358155 -0.000336264 -0.00226437 -0.0011269 9.21409e-05 -0.000496183 -0.00216406 -0.000548507 -0.000859375 0.000471883 0 -0.00362132 0 -0.0040505
internal_weight=3647 331 3316 454 86 196 368 130 63 133 95 2862 103 135 82 98
internal_count=3647 331 3316 454 86 196 368 130 63 133 95 2862 103 135 82 98
cat_boundaries=0 1
cat_threshold=2560
is_linear=0
shrinkage=0.01


Tree=29
num_leaves=19
num_cat=0
split_feature=10 10 11 10 11 13 7 25 14 24 14 13 16 25 12 7 22 24
split_gain=22.0076 4.42656 1.82509 1.414 2.48235 1.09032 0.924754 0.757364 0.611269 0.484594 0.578522 0.24339 0.229047 0.125899 0.115694 0.114133 0.08225 0.0627345
threshold=4059.6428571428573 3904.3571428571436 104.51520447332653 4199.2857142857147 143.51041110396929 5002.987946264263 58.500000000000007 4050.5000000000005 0.21022171450811275 4269.5000000000009 -0.95500086777008153 5198.4042208352021 -0.84829621879359263 4686.0000000000009 4280.0166666666673 258.50000000000006 4010.5000000000005 4275.5000000000009
decision_type=2 2 2 2 2 2 2 2 2 2 2 2 2 2 2 2 2 2
left_child=1 5 8 4 15 6 -1 -7 12 10 11 -5 -3 -12 -11 -2 -14 -17
right_child=3 2 -4 9 -6 7 -8 -9 -10 14 13 -13 16 -15 -16 17 -18 -19
leaf_value=-2.4643867617323405 1.0297119714773733 -0.19406722485932867 -1.3361535775176365 -2.2918670839414879 -1.6770725700780889 -1.2838336440472922 -0.3065532543547515 -1.9936684594848004 -0.68619376110707664 0.14983857676568155 1.6398871286665377 0.14416784796745014 0.20448731110558313 -0.13843860433665395 2.4041245555816797 -0.13800637090105325 -0.50581327457454495 0.32254151240531564
leaf_weight=33 82 36 52 30 36 42 31 43 58 32 156 30 55 39 2789 30 39 34
leaf_count=33 82 36 52 30 36 42 31 43 58 32 156 30 55 39 2789 30 39 34
internal_value=0.000124315 -0.00211667 -0.00120332 0.00039552 -0.000431694 -0.00350333 -0.00212308 -0.00438953 -0.000666667 0.000447839 0 -0.000819672 -0.00019084 0.000293367 0.000485648 8.84354e-05 0 -0.000123077
internal_weight=3647 389 240 3258 182 149 64 85 188 3076 255 60 130 195 2821 146 94 64
internal_count=3647 389 240 3258 182 149 64 85 188 3076 255 60 130 195 2821 146 94 64
is_linear=0
shrinkage=0.01


Tree=30
num_leaves=17
num_cat=1
split_feature=10 10 34 6 13 0 19 20 25 17 20 26 22 25 24 32
split_gain=25.2441 5.67982 1.73716 1.24096 1.04615 1.50046 2.99521 1.92557 0.526147 0.272714 0.244146 0.211536 0.0948391 0.0539952 0.00383711 0.00222409
threshold=4086.5714285714289 3894.7857142857147 4.4250000000000007 2.5000000000000004 5286.7055619430876 0 54.750000000000007 26.817857142857147 4376.0000000000009 -0.97741745716939288 22.864285714285717 24.125000000000004 4251.0000000000009 4040.5000000000005 4152.5000000000009 80.750000000000014
decision_type=2 2 2 2 2 9 2 2 2 2 2 2 2 2 2 2
left_child=1 3 8 -1 5 9 12 -8 10 -2 -3 -4 -7 -12 -6 -11
right_child=4 2 11 -5 14 6 7 -9 -10 15 13 -13 -14 -15 -16 -17
leaf_value=-1.4622633076328384 -0.30769527260616081 -1.0548401702009573 -0.59937575849334901 -1.7271405113424612 0.60719904211525377 -1.018872305341884 -0.37656703423991644 -2.312405232379438 -1.3244817730619196 1.0407135620498955 -0.33649855496365844 -0.81348094518427494 1.3970409673253474 0.040672797552114046 2.8378173256191537 1.3241895246862918
leaf_weight=79 36 40 41 53 38 31 32 30 39 347 34 65 79 73 2613 36
leaf_count=79 36 40 41 53 38 31 32 30 39 347 34 65 79 73 2613 36
internal_value=0.000104445 -0.00218353 -0.00134471 -0.00393985 0.000407339 9.29055e-06 -0.00073224 -0.00252381 -0.000679144 0.000347674 -0.000314189 -0.00240187 0.000135135 0 0.00049227 0.000446615
internal_weight=3666 424 292 132 3242 591 172 62 186 419 147 106 110 107 2651 383
internal_count=3666 424 292 132 3242 591 172 62 186 419 147 106 110 107 2651 383
cat_boundaries=0 1
cat_threshold=842
is_linear=0
shrinkage=0.01


Tree=31
num_leaves=19
num_cat=1
split_feature=10 14 0 25 11 24 11 10 21 10 34 10 13 24 10 12 10 10
split_gain=25.4261 5.72773 2.24447 1.88599 1.23794 0.824864 1.00948 1.92447 0.670014 0.505139 0.321903 0.318586 0.257484 0.24062 0.191917 0.094773 0.0343145 0.00638984
threshold=4086.5714285714289 0.21022171450811275 0 4067.0000000000005 158.39597758246299 4300.5000000000009 144.90908466042029 4312.357142857144 4020.5000000000005 3894.7857142857147 4.6250000000000009 4168.2142857142871 5040.7972302854387 4013.0000000000005 3991.7857142857151 4430.9833333333345 4599.7142857142871 4230.2857142857147
decision_type=2 2 9 2 2 2 2 2 2 2 2 2 2 2 2 2 2 2
left_child=1 2 13 9 8 6 12 -8 -4 -3 -11 -7 -2 -1 -15 -14 -9 -13
right_child=5 3 4 -5 -6 11 7 16 -10 10 -12 17 15 14 -16 -17 -18 -19
leaf_value=0.13137293214802065 -1.5153439614714284 -1.2112272204126995 -1.3787936954601645 -1.9603959219284885 -1.5043775515301554 -0.49843729869427023 -2.2864165306269588 -0.22730571978536165 -0.020801583606819118 -0.7098391025372115 -0.51977286190967198 0.32922774788241271 0.86719968190099739 0.072405020492920372 -0.17380149513167414 0.39115491616991049 5.041491269166551 2.5753632835964835
leaf_weight=59 32 53 59 58 32 39 32 30 30 33 31 37 259 38 31 31 41 2741
leaf_count=59 32 53 59 58 32 39 32 30 30 33 31 37 259 38 31 31 41 2741
internal_value=0.000112626 -0.00218353 -0.001142 -0.00359375 -0.00204167 0.00041659 0 -0.000850962 -0.00139444 -0.00263983 -0.00166154 0.000478531 0.000281734 -4.31655e-05 -0.000507143 0.000395189 0 0.000492623
internal_weight=3666 424 249 175 121 3242 425 103 89 117 64 2817 322 128 69 290 71 2778
internal_count=3666 424 249 175 121 3242 425 103 89 117 64 2817 322 128 69 290 71 2778
cat_boundaries=0 1
cat_threshold=818
is_linear=0
shrinkage=0.01


Tree=32
num_leaves=19
num_cat=2
split_feature=10 14 25 0 25 13 14 11 13 24 25 0 13 11 18 24 7 24
split_gain=22.6881 5.50894 2.48348 2.10472 1.36287 0.892453 1.03214 1.04435 0.711542 0.776901 0.260622 0.22405 0.222096 0.4872 0.189529 0.156268 0.237181 0.00383711
threshold=4086.5714285714289 0.21022171450811275 4067.0000000000005 0 4349.5000000000009 5286.7055619430876 -0.90529520250134576 153.51915145315996 5040.7972302854387 3962.5000000000005 4310.5000000000009 1 5217.3613793103459 102.20915655211591 0.20000000000000009 4013.0000000000005 330.50000000000006 4152.5000000000009
decision_type=2 2 2 9 2 2 2 2 2 2 2 9 2 2 2 2 2 2
left_child=1 3 8 15 14 6 7 10 -3 -10 -2 -8 -13 -14 -5 -1 -17 -7
right_child=5 2 -4 4 -6 17 11 -9 9 -11 -12 12 13 -15 -16 16 -18 -19
leaf_value=0.13005920282653841 0.28838840780958941 -1.1696558292514914 -1.9407919627092041 -1.1144972973649592 -1.755857612394423 0.59245505487509098 1.4945384568561679 -2.1498265439678437 -1.2034319331633385 -0.033790772981844686 -1.8316248830494994 0.53737212778974996 1.1867879433855713 -2.0875588421176885 -0.76088568523434841 0.16798066126894781 -0.18814930247413042 2.7836855195269989
leaf_weight=59 57 53 58 30 30 38 284 44 34 30 30 100 45 31 61 36 33 2613
leaf_count=59 57 53 58 30 30 38 284 44 34 30 30 100 45 31 61 36 33 2613
internal_value=0.000126261 -0.00204235 -0.0034233 -0.001022 -0.00189015 0.000413506 4.30743e-05 -0.000715909 -0.00238559 -0.00135385 0 0.000281996 0 -0.000415584 -0.00124457 0 -0.000364286 0.00049227
internal_weight=3666 424 175 249 121 3242 591 131 117 64 87 460 176 76 91 128 69 2651
internal_count=3666 424 175 249 121 3242 591 131 117 64 87 460 176 76 91 128 69 2651
cat_boundaries=0 1 2
cat_threshold=818 267
is_linear=0
shrinkage=0.01


Tree=33
num_leaves=17
num_cat=0
split_feature=10 14 25 26 24 14 20 24 20 24 24 10 24 25 14 10
split_gain=22.8032 5.03836 2.69381 1.72073 0.837298 0.858698 1.80604 0.698204 0.890991 0.62569 0.228721 0.201352 0.122709 0.118765 0.0292689 6.24998e-05
threshold=4086.5714285714289 0.21022171450811275 4067.0000000000005 26.375000000000004 4300.5000000000009 -0.90529520250134576 26.796428571428578 4013.0000000000005 23.103571428571431 3940.5000000000005 4050.5000000000005 4230.2857142857147 4167.0000000000009 4686.0000000000009 -0.19337636264337835 4168.2142857142871
decision_type=2 2 2 2 2 2 2 2 2 2 2 2 2 2 2 2
left_child=1 3 9 7 5 6 -2 14 -9 -3 -7 15 -10 -12 -1 -6
right_child=4 2 -4 -5 11 10 -8 8 12 -11 13 -13 -14 -15 -16 -17
leaf_value=0.041706898063028693 0.044986039129635551 -1.1982023578472214 -1.9213840430821116 -1.7339658420986874 -0.47195466026765132 -2.0791182086429583 -2.2305955021662847 -1.2119155451161805 0.050095430296887511 -0.58695979986226432 0.98320158528003876 2.5329662248416254 -0.36695878102128698 0.095023558012584872 -0.24294318010359245 0.30732923477555213
leaf_weight=41 59 52 58 52 39 33 40 32 42 65 241 2741 30 52 52 37
leaf_count=41 59 52 58 52 39 33 40 32 42 65 241 2741 30 52 52 37
internal_value=0.000131715 -0.00204235 -0.00336648 -0.001062 0.000419673 0 -0.000805 -0.000563131 -0.00112381 -0.00230085 0.000253823 0.000482079 -0.000328767 0.000362245 0 0
internal_weight=3666 424 175 249 3242 425 99 197 104 117 326 2817 72 293 93 76
internal_count=3666 424 175 249 3242 425 99 197 104 117 326 2817 72 293 93 76
is_linear=0
shrinkage=0.01


Tree=34
num_leaves=22
num_cat=0
split_feature=10 14 11 13 13 22 24 11 10 10 10 11 13 20 20 24 10 13 13 10 12
split_gain=21.7242 4.63155 2.01086 1.02593 2.47273 1.74596 1.0063 1.04899 1.94965 0.768381 0.260309 0.199494 0.19235 0.156628 0.132866 0.0885459 0.0605301 0.0477278 0.198646 0.0343145 0.0141433
threshold=4059.6428571428573 0.21022171450811275 158.39597758246299 5099.2566801763378 5040.7972302854387 3899.5000000000005 4300.5000000000009 144.90908466042029 4312.357142857144 3894.7857142857147 4264.7857142857147 77.810973117841186 5040.7972302854387 25.146428571428576 24.092857142857145 3962.5000000000005 3983.5714285714289 5286.7055619430876 5198.4042208352021 4599.7142857142871 4376.7500000000009
decision_type=2 2 2 2 2 2 2 2 2 2 2 2 2 2 2 2 2 2 2 2 2
left_child=1 2 9 4 5 -3 7 12 -9 -1 17 16 -2 -14 -13 -6 -11 18 -8 -10 -15
right_child=6 3 -4 -5 15 -7 10 8 19 11 -12 14 13 20 -16 -17 -18 -19 -20 -21 -22
leaf_value=-1.1129289558189643 -1.2826901081639919 -2.1441077220821341 -1.4295378080807764 -1.4269149632886866 -0.28867050697191832 -0.8283472169510846 0.051644691189788344 -2.2140188460019878 -0.18240403955454018 0.18611053019628387 2.6314395094535574 -1.2153846181540704 -0.15900511637034531 0.97363304397548056 -0.0036531963940130297 -0.25019312980507513 -0.16727026294368749 1.1344126220112458 -1.1337394157667535 4.984752399615358 1.4031429597908429
leaf_weight=31 36 36 33 36 30 42 52 36 30 52 2694 30 32 242 30 31 45 47 30 41 30
leaf_count=31 36 36 33 36 30 42 52 36 30 52 2694 30 32 242 30 31 45 47 30 41 30
internal_value=0.000134442 -0.00207053 -0.00103378 -0.00330966 -0.00271786 -0.00393671 0.000405075 -1.45089e-05 -0.000893518 -0.000560847 0.000475035 -0.000199367 0.000234604 0.000334426 -0.000655738 -0.000959677 0 0 -0.000108434 0 0.000424908
internal_weight=3666 396 221 175 139 78 3270 447 107 188 2823 157 340 304 60 61 97 129 82 71 272
internal_count=3666 396 221 175 139 78 3270 447 107 188 2823 157 340 304 60 61 97 129 82 71 272
is_linear=0
shrinkage=0.01


Tree=35
num_leaves=18
num_cat=0
split_feature=12 14 25 10 11 12 13 11 12 14 21 20 10 21 12 17 13
split_gain=20.0634 4.11193 1.69377 1.47571 2.99751 1.25942 1.71035 0.758086 0.280365 0.28361 0.150921 0.128545 0.0842371 0.0747468 0.0249339 0.0143626 0.00211292
threshold=4168.1000000000013 0.21022171450811275 4067.0000000000005 4242.5000000000009 144.90908466042029 4038.9333333333338 5162.6276732249798 46.314401692718214 4284.3000000000011 -0.96689237009891416 3937.5000000000005 27.239285714285717 4264.7857142857147 3947.5000000000005 4224.2500000000009 -0.99763124042248752 5116.5931835290585
decision_type=2 2 2 2 2 2 2 2 2 2 2 2 2 2 2 2 2
left_child=1 5 7 4 11 13 16 -3 9 -5 -9 14 -10 -1 -2 -14 -7
right_child=3 2 -4 8 -6 6 -8 10 12 -11 -12 -13 15 -15 -16 -17 -18
leaf_value=-0.43956924269432296 0.2022018876661556 -1.1257954643904866 -1.6320791294621617 -2.0533902729604074 -1.6104585581914674 -0.91286277353167944 -0.16527495434272346 -1.8690799020322049 0.85718534264478541 1.2407174335842028 -0.43069365167601165 -0.012442033326496191 0.50215047945747759 0.09761567522244155 0.44964920754341636 2.3060211100222365 -2.0314812296933464
leaf_weight=44 53 35 60 42 55 32 43 43 43 70 33 46 33 49 128 2805 31
leaf_count=44 53 35 60 42 55 32 43 43 43 70 33 46 33 49 128 2805 31
internal_value=0.000137822 -0.00206199 -0.00322384 0.000389957 -0.000279152 -0.0010025 -0.00174766 -0.00227232 0.000456413 0 -0.00288312 0.000190789 0.000475538 -3.7234e-05 0.000332418 0.000482212 -0.00278906
internal_weight=3645 370 171 3275 282 199 106 111 2993 112 76 227 2881 93 181 2838 63
internal_count=3645 370 171 3275 282 199 106 111 2993 112 76 227 2881 93 181 2838 63
is_linear=0
shrinkage=0.01


Tree=36
num_leaves=20
num_cat=0
split_feature=10 14 25 23 24 11 10 11 11 10 22 12 10 19 19 12 14 17 11
split_gain=19.3253 4.52884 1.88066 1.19965 0.953553 0.915142 1.63913 0.800386 0.485361 0.34498 0.332969 0.855678 0.490115 0.153762 0.222647 0.0842432 0.0617848 0.0756219 0.00599807
threshold=4086.5714285714289 0.21022171450811275 4067.0000000000005 4199.0000000000009 4300.5000000000009 144.90908466042029 4312.357142857144 47.103988060554727 46.314401692718214 4264.7857142857147 3951.0000000000005 4038.9333333333338 4022.0714285714289 166.95000000000002 211.85000000000005 4328.5333333333338 -0.91936887716170002 0.2332836900311728 101.11450367979177
decision_type=2 2 2 2 2 2 2 2 2 2 2 2 2 2 2 2 2 2 2
left_child=1 3 7 8 5 13 -7 -3 -1 16 11 -10 -12 18 -15 -8 -6 -18 -2
right_child=4 2 -4 -5 9 6 15 -9 10 -11 12 -13 -14 14 -16 -17 17 -19 -20
leaf_value=0.065258864767020586 0.78806227249393945 -1.1099973894176114 -1.6957882940601763 -1.993485181319631 -0.14505679243885636 -2.177206396674392 -0.16533620209171246 -1.0368745417636562 -0.40651081298981356 2.3427053219485567 0.10192631362892622 -1.1666879319708416 -0.46100190660490503 -2.6006294271604564 1.0471801333723993 4.2420221095214741 0.83468199417180688 -0.79341942057766579 0.079755508706854925
leaf_weight=36 174 36 57 32 33 35 34 70 34 2684 73 30 38 31 72 46 66 32 32
leaf_count=36 174 36 57 32 33 35 34 70 34 2684 73 30 38 31 72 46 66 32 32
internal_value=0.000140565 -0.00190909 -0.00322256 -0.000977459 0.00040108 -1.88235e-05 -0.000797414 -0.00221495 -0.000634434 0.000467862 -0.000866477 -0.00150769 -0.000397321 0.000240323 0 0 0 9.09091e-05 0.000400966
internal_weight=3645 406 163 243 3239 424 115 106 211 2815 175 64 111 309 103 80 131 98 206
internal_count=3645 406 163 243 3239 424 115 106 211 2815 175 64 111 309 103 80 131 98 206
is_linear=0
shrinkage=0.01


Tree=37
num_leaves=17
num_cat=1
split_feature=12 14 25 13 0 19 12 28 11 13 14 24 11 24 23 24
split_gain=19.1932 4.09149 1.88718 1.26435 2.3614 7.10079 1.11473 1.55857 0.7349 0.469206 0.155689 0.0685382 0.0494869 0.0101398 0.00109287 0.000576945
threshold=4168.1000000000013 0.21022171450811275 4067.0000000000005 5286.7055619430876 0 54.750000000000007 4038.9333333333338 23.525000000000002 47.103988060554727 5162.6276732249798 -0.99372698525316483 3991.0000000000005 34.126851274996994 3947.5000000000005 4269.5000000000009 4152.5000000000009
decision_type=2 2 2 2 9 2 2 2 2 2 2 2 2 2 2 2
left_child=1 6 8 4 5 14 11 -8 -3 -9 -6 -1 -12 -10 -2 -5
right_child=3 2 -4 15 10 -7 7 9 13 -11 12 -13 -14 -15 -16 -17
leaf_value=0.11737220556669506 1.0920752211879832 -1.0988974155234368 -1.5988004552269408 0.59143212141613488 -0.31372304222805963 -2.1554343322807803 -1.8015686605147274 -0.68139252456497146 -0.96932947819854653 0.29764283392826119 0.40519297127934806 -0.3172200191314562 0.66897727066848078 -2.0428514894217167 1.54531794669581 2.6348349031789668
leaf_weight=48 30 36 60 39 33 55 43 32 36 31 50 45 407 39 82 2579
leaf_count=48 30 36 60 39 33 55 43 32 36 31 50 45 407 39 82 2579
internal_value=0.000143308 -0.00200809 -0.0031657 0.000389957 0 -0.000991573 -0.0009525 -0.00165421 -0.00218304 -0.000445312 0.000349301 -3.7234e-05 0.000411572 -0.00279605 0.000318584 0.000488354
internal_weight=3645 370 171 3275 657 167 199 106 111 63 490 93 457 75 112 2618
internal_count=3645 370 171 3275 657 167 199 106 111 63 490 93 457 75 112 2618
cat_boundaries=0 1
cat_threshold=2181
is_linear=0
shrinkage=0.01


Tree=38
num_leaves=20
num_cat=1
split_feature=12 10 34 10 11 7 33 29 26 12 25 0 20 10 28 11 32 22 18
split_gain=17.9241 3.3754 1.60447 1.44068 3.00627 1.35561 0.535112 0.624996 0.421135 0.348586 0.210399 0.164343 0.146834 0.133385 0.0743422 0.0324548 0.0297201 0.0225082 0.0189736
threshold=4168.1000000000013 3894.7857142857147 4.5550000000000006 4199.2857142857147 144.90908466042029 57.500000000000007 8.5500000000000025 22.825000000000006 24.025000000000002 4284.3000000000011 4349.5000000000009 0 23.289285714285718 4326.357142857144 26.525000000000002 74.801324154285666 21.050000000000004 4152.5000000000009 39.449999999999996
decision_type=2 2 2 2 2 2 2 2 2 2 2 9 2 2 2 2 2 2 2
left_child=1 5 6 4 14 -1 -3 -8 -4 10 16 13 -9 -11 -2 -16 -5 -13 -18
right_child=3 2 8 9 -6 -7 7 12 -10 11 -12 17 -14 -15 15 -17 18 -19 -20
leaf_value=-1.6613651027122254 0.39393178808119611 0.038253002291899686 -1.1749004896146269 0.58558246148497828 -1.4753455896823484 -1.6271462851313152 -0.82678518500164844 -0.48775361456023059 -2.0968249671171195 -0.36921018499093367 -2.0826269490862224 1.0287515153138593 0.22145621180027408 1.9453058137251582 -0.07275180499052121 0.10910812856099765 -1.1501201694587178 2.2084865541471754 0.75690926239371692
leaf_weight=72 85 42 31 60 42 57 46 31 39 30 32 30 52 86 40 30 30 2778 32
leaf_count=72 85 42 31 60 42 57 46 31 39 30 32 30 52 86 40 30 30 2778 32
internal_value=0.000151536 -0.00192722 -0.00115496 0.000389957 -0.000411616 -0.00327308 -0.000549419 -0.000888462 -0.00246479 0.000444625 0 0.00046906 -0.000220238 0 0.000176282 0 0.000170732 0.00048386 0
internal_weight=3645 370 241 3275 197 129 171 129 70 3078 154 2924 83 116 155 70 122 2808 62
internal_count=3645 370 241 3275 197 129 171 129 70 3078 154 2924 83 116 155 70 122 2808 62
cat_boundaries=0 1
cat_threshold=2560
is_linear=0
shrinkage=0.01


Tree=39
num_leaves=18
num_cat=2
split_feature=10 14 19 13 0 24 25 0 11 10 14 24 10 33 10 31 17
split_gain=17.7205 4.37757 1.86379 1.58119 1.45183 1.05549 0.966376 0.734166 0.777969 0.419124 0.317795 0.273319 0.270642 0.191025 0.143748 0.111175 0.044549
threshold=4086.5714285714289 0.21022171450811275 9.3500000000000103 5029.8562914410568 0 4269.5000000000009 4349.5000000000009 1 146.38501094223463 4242.5000000000009 -0.91936887716170002 3962.5000000000005 3943.1428571428573 157.75000000000003 3991.7857142857151 3.5500000000000003 0.097680735332368748
decision_type=2 2 2 2 9 2 2 9 2 2 2 2 2 2 2 2 2
left_child=1 4 3 -3 14 7 12 15 13 10 -7 -5 -6 -9 -1 -2 -12
right_child=5 2 -4 11 6 9 -8 8 -10 -11 16 -13 -14 -15 -16 -17 -18
leaf_value=0.13298056458798396 1.0805985663770243 -1.9659521742874573 -1.2776099102017866 -0.25576241380637532 -1.0509518990834328 -1.3800840273718353 -1.8133688748985686 0.11678058602385427 -1.9958185928853516 2.1634318529105263 0.6950747442854649 -0.17858227790344991 -0.18697165126472534 -2.4634418337016242 -0.21247757261472253 -0.065710754928922907 0.0057116585852301687
leaf_weight=72 140 57 37 35 49 36 33 61 49 2777 69 34 37 32 52 43 32
leaf_count=72 140 57 37 35 49 36 33 61 49 2777 69 34 37 32 52 43 32
internal_value=0.000151536 -0.00181081 -0.00310061 -0.00233858 -0.000895492 0.00040108 -0.00161923 -0.000115031 -0.000647059 0.000462093 -1.08696e-05 -0.00107857 -0.001 -3.7234e-05 0 0.000265464 0.00020098
internal_weight=3645 406 163 126 243 3239 119 325 142 2914 137 69 86 93 124 183 101
internal_count=3645 406 163 126 243 3239 119 325 142 2914 137 69 86 93 124 183 101
cat_boundaries=0 1 2
cat_threshold=818 330
is_linear=0
shrinkage=0.01


Tree=40
num_leaves=21
num_cat=1
split_feature=10 10 25 24 34 10 11 7 24 14 16 0 11 29 12 11 12 10 17 19
split_gain=17.3802 3.78091 1.58225 1.57437 1.1114 0.845516 1.25988 0.592764 0.544285 0.499177 0.212299 0.19769 0.155359 0.115436 0.111114 0.0928069 0.0821668 0.0622666 0.0400139 0.0113951
threshold=4086.5714285714289 3904.3571428571436 4326.0000000000009 3951.0000000000005 4.745000000000001 4199.2857142857147 113.35142778800883 309.50000000000006 4188.5000000000009 -0.95500086777008153 0.93315540453694978 0 104.51520447332653 24.175000000000004 4538.0833333333348 69.006555934246151 4257.7166666666681 4157.7857142857147 -0.26037588076992096 8.7500000000000018
decision_type=2 2 2 2 2 2 2 2 2 2 2 9 2 2 2 2 2 2 2 2
left_child=1 2 3 10 7 6 17 12 9 -7 -1 14 19 15 -10 -9 -13 -2 -11 -3
right_child=5 4 -4 -5 -6 8 -8 13 11 18 -12 16 -14 -15 -16 -17 -18 -19 -20 -21
leaf_value=-1.6977310234910419 0.22659838234286736 -0.10008600544105979 -3.5172259249478874 -0.29437652237545253 -2.0366683375377481 -2.0223955159953135 -1.3579383112588548 -0.2552290932406775 -0.35507488755499439 1.1129365503176858 -1.5961208114810312 0.086038249164771638 -1.1579157003359404 0.035670270880954848 1.3945219847059613 -0.15392780889193364 2.1984346891857394 0.049371481894930333 0.069400590508054846 -0.53954225011924595
leaf_weight=31 72 34 32 58 42 35 37 30 30 59 31 46 31 57 74 36 2841 46 30 41
leaf_count=31 72 34 32 58 42 35 37 30 30 59 31 46 31 57 74 36 2841 46 30 41
internal_value=0.000158771 -0.00174175 -0.00303268 -0.00231405 -0.000972426 0.000408132 -0.000272436 -0.000632609 0.000445282 -0.000144 -0.00347619 0.000473095 -0.00118692 -6.85484e-05 0 -0.000402985 0.00048775 0.000159664 0.000161111 -0.000690789
internal_weight=3693 423 152 120 271 3270 155 229 3115 124 62 2991 106 123 104 66 2887 118 89 75
internal_count=3693 423 152 120 271 3270 155 229 3115 124 62 2991 106 123 104 66 2887 118 89 75
cat_boundaries=0 1
cat_threshold=2560
is_linear=0
shrinkage=0.01


Tree=41
num_leaves=19
num_cat=0
split_feature=10 10 25 12 34 13 14 11 16 25 13 25 10 16 21 13 21 11
split_gain=17.0498 3.69585 1.58225 1.45402 1.23276 1.01337 1.35785 1.58658 0.493379 0.432194 0.375116 0.228185 0.167602 0.112905 0.0689626 0.067218 0.0405097 0.014543
threshold=4070.2857142857147 3904.3571428571436 4326.0000000000009 3918.9000000000005 4.745000000000001 5249.2194310051118 -0.90529520250134576 153.51915145315996 0.091256449300296943 4067.0000000000005 5099.2566801763378 4324.5000000000009 4178.7142857142871 -0.8098839673871151 4167.0000000000009 5198.4042208352021 4010.5000000000005 34.994895561959005
decision_type=2 2 2 2 2 2 2 2 2 2 2 2 2 2 2 2 2 2
left_child=1 2 3 -1 8 6 7 11 13 -5 -10 -2 15 -3 -7 -8 -15 -14
right_child=5 4 -4 9 -6 14 12 -9 10 -11 -12 -13 17 16 -16 -17 -18 -19
leaf_value=-1.505413150302767 0.17886960790957951 -0.51678947960792287 -3.4820536656984076 -0.068367342324374414 -2.0286743917310632 0.16889322883169139 0.039957340274136166 -1.9604121749158483 -0.50054980187134068 -0.70675565309050348 -0.90208210886767159 -1.6547021459991578 0.97825611853618111 0.28818780721852977 2.2855266849733846 -1.369914055646404 -0.35250597798343519 1.8034188784197591
leaf_weight=42 67 49 32 34 41 49 53 44 41 44 40 30 30 47 2731 32 34 253
leaf_count=42 67 49 32 34 41 49 53 44 41 44 40 30 30 47 2731 32 34 253
internal_value=0.000158771 -0.00177284 -0.00303268 -0.00231405 -0.000964427 0.000399544 0 -0.000841549 -0.000587264 -0.00127848 -0.00121341 -1.53061e-05 0.000308943 -0.000114504 0.000474649 0 6.09757e-06 0.000427817
internal_weight=3693 404 152 120 252 3289 509 141 211 78 81 97 368 130 2780 85 81 283
internal_count=3693 404 152 120 252 3289 509 141 211 78 81 97 368 130 2780 85 81 283
is_linear=0
shrinkage=0.01


Tree=42
num_leaves=18
num_cat=0
split_feature=10 10 34 7 24 10 11 19 24 7 11 10 21 17 12 7 23
split_gain=17.098 3.69585 1.23276 1.06001 1.26687 0.965657 2.20015 1.11143 0.492305 0.491297 0.296033 0.169596 0.0669616 0.0398445 0.0225469 0.0172117 0.0155045
threshold=4070.2857142857147 3904.3571428571436 4.745000000000001 63.500000000000007 3947.5000000000005 4273.5714285714303 102.20915655211591 104.95000000000002 4167.0000000000009 309.50000000000006 58.65434919345757 4447.0000000000009 4010.5000000000005 0.26659387353423869 4264.5000000000009 343.50000000000006 4251.0000000000009
decision_type=2 2 2 2 2 2 2 2 2 2 2 2 2 2 2 2 2
left_child=1 3 9 4 -1 6 13 -8 11 10 -3 -7 15 -2 -10 -11 -15
right_child=5 2 -4 -5 -6 8 7 -9 14 12 -12 -13 -14 16 -16 -17 -18
leaf_value=-1.6988341756861696 0.80911203342425331 -0.12760786788225573 -2.0083876478137546 -1.6342340241533375 -1.1836368074435053 -1.7828302760341688 -2.3147764019788664 -0.42541328549192037 0.24068562864793502 0.04853852790627846 -0.76160938875131068 0.43581949144282489 -0.9666932776409507 -0.080071227607164952 2.2718745257628199 0.28796145938783735 1.1359056426342022
leaf_weight=57 185 36 41 57 38 41 30 55 30 30 63 43 45 47 2823 37 35
leaf_count=57 185 36 41 57 38 41 30 55 30 30 63 43 45 47 2823 37 35
internal_value=0.000161478 -0.00177284 -0.000964427 -0.00303268 -0.00377604 0.000402584 -6.79887e-05 -0.00148256 0.000462389 -0.000587264 -0.001105 -0.000211765 -3.53982e-05 0.000348881 0.000485809 5.14706e-05 1.20482e-05
internal_weight=3693 404 252 152 95 3289 352 85 2937 211 99 84 112 267 2853 67 82
internal_count=3693 404 252 152 95 3289 352 85 2937 211 99 84 112 267 2853 67 82
is_linear=0
shrinkage=0.01


Tree=43
num_leaves=17
num_cat=0
split_feature=10 10 25 24 34 24 14 20 7 28 10 11 24 18 22 11
split_gain=16.8054 3.5269 1.15801 1.57437 1.1114 0.883712 1.1685 1.57932 0.592764 0.212299 0.185314 0.155359 0.104375 0.105221 0.0781574 0.054236
threshold=4086.5714285714289 3904.3571428571436 4326.0000000000009 3951.0000000000005 4.745000000000001 4300.5000000000009 -0.90529520250134576 26.796428571428578 309.50000000000006 26.625000000000004 4168.2142857142871 104.51520447332653 4050.5000000000005 65.850000000000009 4043.5000000000005 55.618810875868256
decision_type=2 2 2 2 2 2 2 2 2 2 2 2 2 2 2 2
left_child=1 2 3 9 8 6 7 -2 11 -1 -7 -3 -8 -14 15 -10
right_child=5 4 -4 -5 -6 10 12 -9 14 -11 -12 -13 13 -15 -16 -17
leaf_value=-1.7313852700127397 0.39692998502561389 -0.50864802639773099 -3.4306000881329126 -0.26802286037925743 -1.9759310337669231 -0.91745700136232744 -0.76711032705422977 -2.0316430299995747 -0.09340962979656274 -1.2481842994278576 2.1472090110773752 -1.116642143408664 1.1554020395391225 0.28453254618105911 -1.0561647720332541 0.23251713178227326
leaf_weight=31 58 75 32 58 42 38 36 45 30 31 2790 31 252 51 42 51
leaf_count=31 58 75 32 58 42 38 36 45 30 31 2790 31 252 51 42 51
internal_value=0.00015065 -0.00171816 -0.00296732 -0.00231405 -0.000972426 0.000395903 0 -0.000947115 -0.000632609 -0.00347619 0.00046094 -0.00118692 0.000263235 0.000333882 -6.85484e-05 6.09757e-06
internal_weight=3693 423 152 120 271 3270 442 103 229 62 2828 106 339 303 123 81
internal_count=3693 423 152 120 271 3270 442 103 229 62 2828 106 339 303 123 81
is_linear=0
shrinkage=0.01


Tree=44
num_leaves=18
num_cat=1
split_feature=10 10 34 13 0 33 7 24 7 11 21 17 21 11 7 24 7
split_gain=15.6788 3.6415 1.21178 1.01941 1.31862 3.04736 0.789739 0.795683 0.316508 0.487439 0.14632 0.130989 0.0781445 0.0241543 0.0208691 0.0195443 0.0117265
threshold=4070.2857142857147 3894.7857142857147 4.745000000000001 5286.7055619430876 0 70.350000000000009 63.500000000000007 3947.5000000000005 309.50000000000006 58.65434919345757 4010.5000000000005 -0.97741745716939288 4310.5000000000009 34.126851274996994 343.50000000000006 4149.5000000000009 338.50000000000006
decision_type=2 2 2 2 9 2 2 2 2 2 2 2 2 2 2 2 2
left_child=1 6 8 4 11 12 7 -1 9 -3 14 -2 -6 -13 -10 -5 -15
right_child=3 2 -4 15 5 -7 -8 -9 10 -11 -12 13 -14 16 -16 -17 -18
leaf_value=-1.8763437682167177 -0.21091785802235069 -0.12124530893945917 -1.8448170853110204 0.27135878238088179 -0.059852115150058477 -2.0399707407334366 -1.6406394696542208 -0.97480792910323011 0.047520568427655924 -0.74198289612909407 -1.3896948454063074 1.189202095949413 1.0567801691986454 0.83244160138687207 0.27820331155439187 2.4757369209666011 0.16812467415456012
leaf_weight=53 35 36 51 30 54 57 51 33 30 64 46 56 70 324 40 2633 30
leaf_count=53 35 36 51 30 54 57 51 33 30 64 46 56 70 324 40 2633 30
internal_value=0.000153357 -0.00169877 -0.00095709 0.000384347 4.7847e-06 -0.000674479 -0.00305435 -0.00375862 -0.000562212 -0.000990099 -0.000102564 0.0003125 9.6e-05 0.000377129 7.04225e-05 0.000469782 0.000414085
internal_weight=3693 404 267 3289 626 181 137 86 216 100 116 445 124 410 70 2663 354
internal_count=3693 404 267 3289 626 181 137 86 216 100 116 445 124 410 70 2663 354
cat_boundaries=0 1
cat_threshold=842
is_linear=0
shrinkage=0.01


Tree=45
num_leaves=18
num_cat=0
split_feature=10 14 25 24 10 11 11 25 28 12 11 20 21 24 14 21 17
split_gain=14.845 2.7759 1.84577 1.24495 1.23991 1.46905 1.12379 0.446109 0.976584 0.322528 0.79971 0.227505 0.101608 0.0973906 0.0417381 0.0337236 0.0330316
threshold=4059.6428571428573 0.21022171450811275 4067.0000000000005 3940.5000000000005 4199.2857142857147 146.38501094223463 158.39597758246299 4261.0000000000009 23.525000000000002 4264.5000000000009 147.74968805029337 22.864285714285717 4167.0000000000009 4387.5000000000009 -0.99815974739704505 3900.5000000000005 0.2769436411835739
decision_type=2 2 2 2 2 2 2 2 2 2 2 2 2 2 2 2 2
left_child=1 6 3 -3 5 13 7 11 -9 10 -6 -1 -11 16 -14 -13 -2
right_child=4 2 -4 -5 9 -7 -8 8 -10 12 -12 15 14 -15 -16 -17 -18
leaf_value=-0.43846555100735229 0.7790138585336428 -1.0478829729566856 -2.9078774161220537 -0.39618454243686851 1.0407091034752367 -1.3404809851367983 -1.0251562382886759 -1.6651545670365182 -0.088383795857751718 0.02568359050162437 -1.9578650658053094 -0.071131845514551387 0.46712502230067382 -1.2395483973608006 2.1320955607697223 0.10451164179185816 -0.056466806337769862
leaf_weight=40 88 48 55 58 95 31 30 34 37 34 30 30 59 31 2836 52 31
leaf_count=40 88 48 55 58 95 31 30 34 37 34 30 30 59 31 2836 52 31
internal_value=0.00016837 -0.00168312 -0.00271296 -0.00174766 0.000391687 -0.000381868 -0.000886161 -0.000533505 -0.00117361 0.000440917 0 -7.31707e-05 0.000462287 0 0.00046875 0.00013253 0.0001625
internal_weight=3619 384 161 106 3235 181 223 193 71 3054 125 122 2929 150 2895 82 119
internal_count=3619 384 161 106 3235 181 223 193 71 3054 125 122 2929 150 2895 82 119
is_linear=0
shrinkage=0.01


Tree=46
num_leaves=17
num_cat=0
split_feature=12 34 25 13 7 18 24 25 32 11 12 21 11 15 12 13
split_gain=14.2127 2.71377 1.76896 1.27296 1.24121 1.93163 0.960572 0.688783 0.539171 0.440941 0.212329 0.178677 0.245907 0.116459 0.0822099 0.0131917
threshold=4168.1000000000013 4.5550000000000006 4324.5000000000009 5252.8597909035425 276.50000000000006 15.299999999999992 3940.5000000000005 4067.0000000000005 1.1000000000000039 75.693616517915103 4229.2500000000009 4341.0000000000009 138.4962576968596 0.99748108949426018 4400.4000000000005 5278.4338057569776
decision_type=2 2 2 2 2 2 2 2 2 2 2 2 2 2 2 2
left_child=1 2 8 4 11 10 -3 -8 9 -1 -6 12 14 -10 -2 -5
right_child=3 6 -4 15 5 -7 7 -9 13 -11 -12 -13 -14 -15 -16 -17
leaf_value=-0.10877166436971634 0.49912423794538885 -1.4294521515971581 -1.665292519954457 1.190027410487059 -0.5683274613528615 -1.9713482416341932 -0.35441980287493885 -1.8143402383327014 0.06607273024097364 -0.71565517108448951 0.78143691540533367 1.3870904831145108 -0.73858802243702204 -0.39551347288053534 -0.39244039701622468 2.4296585961492383
leaf_weight=40 144 60 50 73 34 45 44 34 77 44 58 184 30 30 32 2640
leaf_count=40 144 60 50 73 34 45 44 34 77 44 58 184 30 30 32 2640
internal_value=0.000165608 -0.00165921 -0.000948347 0.000382598 -5.01894e-05 -0.000880435 -0.00281295 -0.00178481 -0.000440104 -0.00103529 0 0.000217391 0 0 0.000158192 0.000470339
internal_weight=3619 379 241 3240 527 137 138 78 191 84 92 390 206 107 176 2713
internal_count=3619 379 241 3240 527 137 138 78 191 84 92 390 206 107 176 2713
is_linear=0
shrinkage=0.01


Tree=47
num_leaves=21
num_cat=2
split_feature=12 14 11 12 11 7 0 25 25 0 12 19 7 32 22 22 17 14 16 26
split_gain=12.188 2.42045 1.41243 0.931134 2.44582 1.24725 0.910761 0.807878 0.341812 0.280614 0.462266 0.157475 0.154011 0.0945829 0.0397046 0.0217583 0.0216456 0.0196696 0.0172481 0.0134623
threshold=4168.1000000000013 0.30164402523644185 65.752964501940966 4334.1333333333341 153.51915145315996 276.50000000000006 0 4244.0000000000009 4149.5000000000009 1 4611.2500000000009 6.3500000000000014 258.50000000000006 1.1999999999999897 4152.5000000000009 4200.5000000000009 -0.99763124042248752 -0.80924678377697201 -0.11798870221290077 25.875000000000004
decision_type=2 2 2 2 2 2 9 2 2 9 2 2 2 2 2 2 2 2 2 2
left_child=1 6 11 4 12 -6 13 8 -8 10 -5 -3 19 -1 -14 17 -17 -11 -15 -2
right_child=3 2 -4 9 5 -7 7 -9 -10 15 -12 -13 14 18 -16 16 -18 -19 -20 -21
leaf_value=-0.061469233407172939 0.85741203485442852 -0.30089803752985872 -2.4888244577583132 -1.0070074495884938 -0.018234485380984461 -1.8458369133376786 -0.55594467474593545 -1.6780212194735449 0.11506779363589718 1.1703527683677057 1.8053522003777016 -0.89606197143055366 -0.052385978229587543 0.066024701166577673 0.17437786893455459 1.1318787545644045 2.405362010187746 -0.30067468224004712 -0.046800905626501611 1.3176877432516687
leaf_weight=54 30 35 75 31 30 41 39 43 30 39 71 33 37 38 50 30 2626 30 32 225
leaf_count=54 30 35 75 31 30 41 39 43 30 39 71 33 37 38 50 30 2626 30 32 225
internal_value=0.000187707 -0.00150132 -0.00255903 0.000388769 -3.26087e-05 -0.00172917 -0.000810127 -0.00141463 -0.00065 0.000453854 0 -0.00124638 0.000294461 -5.92592e-05 0 0.000472405 0.000480994 6.42857e-05 7.04225e-05 0.000419922
internal_weight=3619 379 143 3240 413 71 236 112 69 2827 102 68 342 124 87 2725 2656 69 70 255
internal_count=3619 379 143 3240 413 71 236 112 69 2827 102 68 342 124 87 2725 2656 69 70 255
cat_boundaries=0 1 2
cat_threshold=818 2560
is_linear=0
shrinkage=0.01


Tree=48
num_leaves=16
num_cat=0
split_feature=10 14 11 11 10 21 26 14 12 11 14 10 10 17 17
split_gain=12.3523 2.59859 2.62848 1.03207 0.544045 0.495738 0.243205 0.236154 0.234017 0.541646 0.187348 0.07963 0.138934 0.00648499 0.0222785
threshold=4199.2857142857147 0.21022171450811275 158.39597758246299 65.752964501940966 3894.7857142857147 3937.5000000000005 27.525000000000002 -0.61237985104942771 4264.5000000000009 147.74968805029337 0.73283908552571664 4389.7857142857147 4360.357142857144 0.2332836900311728 0.48877522411129348
decision_type=2 2 2 2 2 2 2 2 2 2 2 2 2 2 2
left_child=1 2 4 10 -1 -5 7 -6 9 -2 -3 12 13 -10 -15
right_child=8 3 -4 5 6 -7 -8 -9 11 -11 -12 -13 -14 14 -16
leaf_value=-1.6150698839718711 1.0173512270336054 -0.83506975074836254 -1.1190809929091874 -2.4880144636884762 0.26351471360393441 -1.8261640477853771 -1.5604846337813214 -0.29160067310532145 1.0118518379095363 -1.9001145635975363 -0.13892131143343722 2.8813083900858691 -0.0278323168635847 0.085850814827267433 0.62262805682290023
leaf_weight=34 95 57 51 52 113 38 35 154 182 30 31 2558 50 33 106
leaf_count=34 95 57 51 52 113 38 35 154 182 30 31 2558 50 33 106
internal_value=0.00019047 -0.00116166 -0.000661082 -0.00218436 -0.000302671 -0.00302198 -0.000128713 0 0.00044419 0 -0.00119101 0.000462287 0.00025672 0.000343168 0.000139286
internal_weight=3619 565 387 178 336 90 302 267 3054 125 88 2929 371 321 139
internal_count=3619 565 387 178 336 90 302 267 3054 125 88 2929 371 321 139
is_linear=0
shrinkage=0.01


Tree=49
num_leaves=21
num_cat=1
split_feature=10 0 14 10 11 6 29 24 24 24 14 11 23 15 17 24 33 12 17 10
split_gain=12.251 2.93819 1.69155 1.47006 2.03003 1.83749 0.382979 0.354086 0.275086 0.253352 0.343939 0.24762 0.195014 0.149714 0.11859 0.0637822 0.0488202 0.00997941 0.00970588 0.00657118
threshold=4199.2857142857147 0 0.26037272046371446 3943.1428571428573 158.39597758246299 10.500000000000002 24.425000000000004 3951.0000000000005 3910.5000000000005 4300.5000000000009 -0.95500086777008153 130.51135194893254 4020.5000000000005 -0.048362832084465616 0.45847758937963173 4324.5000000000009 6.1500000000000012 4339.8000000000002 -0.99763124042248752 4273.5714285714303
decision_type=2 9 2 2 2 2 2 2 2 2 2 2 2 2 2 2 2 2 2 2
left_child=1 3 6 5 13 -1 7 -3 -4 10 11 -2 -9 -5 -12 -8 -10 -16 -11 -20
right_child=9 2 8 4 -6 -7 15 12 16 18 14 -13 -14 -15 17 -17 -18 -19 19 -21
leaf_value=-2.205722574255454 0.21939189928425126 0.10251231129883195 -1.1732874432287161 -1.1107353678401284 -1.104156758609119 -1.5165110092186944 0.10180580885821952 -0.48526874099301753 -0.17978975575894524 0.32354796111561607 1.8753320829408433 -1.881113417961561 0.057713048339468824 0.074324991104530169 0.3957237552294931 0.032939872097931179 -0.33765953098598345 -0.059244487309844843 0.18929688752241039 2.35249530618501
leaf_weight=50 30 32 40 38 32 36 102 59 31 34 185 30 30 45 46 31 39 30 78 2621
leaf_count=50 30 32 40 38 32 36 102 59 31 34 185 30 30 45 46 31 39 30 78 2621
internal_value=0.000184945 -0.00116166 -0.000528 -0.00212028 -0.00131466 -0.00329885 -5.09804e-05 -0.000487705 -0.00157658 0.000437643 0.000125776 -0.000491803 -0.000838889 -0.000339286 0.000307252 0.000272388 -0.000915493 0 0.000470556 0.000473889
internal_weight=3619 565 364 201 115 86 254 121 110 3054 321 60 89 83 261 133 70 76 2733 2699
internal_count=3619 565 364 201 115 86 254 121 110 3054 321 60 89 83 261 133 70 76 2733 2699
cat_boundaries=0 1
cat_threshold=2189
is_linear=0
shrinkage=0.01


Tree=50
num_leaves=24
num_cat=3
split_feature=23 0 7 13 0 11 25 13 34 28 20 7 0 24 19 25 5 22 16 14 7 18 23
split_gain=11.76 2.64425 3.61782 1.6112 3.36789 5.59799 0.626578 0.497748 0.476072 0.350225 0.274424 0.201305 0.156686 0.136573 0.131248 0.125338 0.125658 0.112952 0.0882656 0.016403 0.00960206 0.0140673 0.00833094
threshold=4020.5000000000005 0 65.500000000000014 5252.8597909035425 1 112.2127018691876 4067.0000000000005 4882.9310897435907 4.1050000000000013 25.275000000000002 23.289285714285718 266.50000000000006 2 4673.0000000000009 233.55000000000004 4273.0000000000009 1.5000000000000002 4127.5000000000009 0.27694220057652758 -0.99904708746719695 37.500000000000007 75.850000000000009 5963.5000000000009
decision_type=2 9 2 2 9 2 2 2 2 2 2 2 9 2 2 2 2 2 2 2 2 2 2
left_child=1 10 6 4 5 18 7 -3 -4 -8 -1 20 13 -5 22 16 -13 -14 -2 -19 -6 -22 -15
right_child=3 2 8 12 11 -7 9 -9 -10 -11 -12 15 17 14 -16 -17 -18 19 -20 -21 21 -23 -24
leaf_value=-0.45568424593401269 -2.3015798702306207 -0.26723503128355208 0.14339912291163015 -0.078782103888336924 0.039711027061448217 -1.3998384854524568 -1.104965823674368 -2.1384518577088794 -0.58314430674984363 -3.9514440325569384 0.018338643155866165 -1.305764907143145 0.10344518570480399 2.8499606793803856 -0.17102964687684108 0.23070414335062786 -0.0084610600398954232 0.2959116682312426 1.2772028090869476 2.3289703531231591 1.3211997010735084 1.437331274863306 5.9779606346013816
leaf_weight=37 31 34 38 35 30 39 31 30 50 34 64 30 31 141 30 80 58 32 39 2437 240 30 30
leaf_count=37 31 34 38 35 30 39 31 30 50 34 64 30 31 141 30 80 58 32 39 2437 240 30 30
internal_value=0.000163959 -0.00166458 -0.00224342 0.000342939 -0.000123702 -0.00162917 -0.00342692 -0.00227692 -0.000629213 -0.00435606 -8.48214e-05 0.000237996 0.000445013 0.00011336 0.00025 0 -0.000292135 0.000469932 0 0.000479555 0.000398671 0.000424354 0.000380814
internal_weight=3631 318 217 3313 577 109 129 64 88 65 101 468 2736 236 201 168 88 2500 70 2469 300 270 171
internal_count=3631 318 217 3313 577 109 129 64 88 65 101 468 2736 236 201 168 88 2500 70 2469 300 270 171
cat_boundaries=0 1 2 3
cat_threshold=274 2069 2049
is_linear=0
shrinkage=0.01


Tree=51
num_leaves=21
num_cat=0
split_feature=12 14 25 26 13 14 11 13 20 25 23 21 27 25 25 33 14 11 14 24
split_gain=12.2691 2.57086 1.72555 1.04581 0.826766 1.28207 1.64213 0.701382 0.647236 0.368629 0.151767 0.120922 0.0800173 0.178057 0.0443929 0.042285 0.0727121 0.0400139 0.0155365 0.0111743
threshold=4182.0833333333339 0.30164402523644185 4067.0000000000005 26.375000000000004 5252.8597909035425 -0.85227431625818906 144.90908466042029 5040.7972302854387 23.103571428571431 4092.0000000000005 4152.5000000000009 3900.5000000000005 0.25000000000000006 4398.0000000000009 4273.0000000000009 374.25000000000006 -0.78856175031405207 67.486682674178667 -0.99904708746719695 4152.5000000000009
decision_type=2 2 2 2 2 2 2 2 2 2 2 2 2 2 2 2 2 2 2 2
left_child=1 3 7 8 5 6 14 -3 9 -1 -6 -10 -7 -14 -2 18 -17 -13 -12 -20
right_child=4 2 -4 -5 10 12 -8 -9 11 -11 15 17 13 -15 -16 16 -18 -19 19 -21
leaf_value=-0.46366096682775843 0.22404794745620119 -1.2989840368012784 -3.1120393017616625 -1.6632971058681372 0.14555670158689851 0.90549203261538236 -1.2309729395566233 -0.58244721840020131 -0.46623799660455767 -1.0811895226299051 0.28555958544232285 -0.056196472032758828 1.4210109556749524 -0.60023011068276932 -0.0059148914770562255 -0.16931935040807275 1.7513915651578162 0.20679249253811705 0.87326062085832834 2.3056806495919271
leaf_weight=42 45 45 50 32 47 222 57 50 40 41 31 30 83 46 46 32 64 59 33 2536
leaf_count=42 45 45 50 32 47 222 57 50 40 41 31 30 83 46 46 32 64 59 33 2536
internal_value=0.000169466 -0.00150128 -0.00258562 -0.000808163 0.00037342 0 -0.000778523 -0.00158854 -0.000488263 -0.00117262 0.000441509 0 0.000328125 3.46154e-05 0 0.000451613 8.24742e-05 0.000161111 0.000461361 0.000464786
internal_weight=3631 389 145 244 3242 499 148 95 212 83 2743 129 351 129 91 2696 96 89 2600 2569
internal_count=3631 389 145 244 3242 499 148 95 212 83 2743 129 351 129 91 2696 96 89 2600 2569
is_linear=0
shrinkage=0.01


Tree=52
num_leaves=19
num_cat=2
split_feature=21 0 14 0 23 7 22 25 32 7 13 13 34 23 20 24 14 11
split_gain=10.0088 2.41549 2.77911 1.31954 2.49302 3.71668 0.614511 0.543737 0.86435 0.491381 0.227949 0.838243 0.221456 0.188465 0.128882 0.115714 0.0884552 0.0276458
threshold=4043.5000000000005 0 0.30164402523644185 1 4491.0000000000009 234.50000000000003 4200.5000000000009 4092.0000000000005 3.5499999999999896 330.50000000000006 5050.7357750435203 4293.0308517983822 3.4850000000000008 4299.0000000000009 23.289285714285718 4100.5000000000009 -0.99904708746719695 51.783661380951521
decision_type=2 9 2 9 2 2 2 2 2 2 2 2 2 2 2 2 2 2
left_child=1 14 7 4 5 -2 9 -3 -9 13 11 -4 -6 15 -1 -5 -8 -16
right_child=3 2 10 6 12 -7 16 8 -10 -11 -12 -13 -14 -15 17 -17 -18 -19
leaf_value=-0.27936859468299835 0.80012213857527059 0.028273414823512928 -2.248749582965301 -0.061659341841553021 -0.16762615690399343 -2.4281921269958433 0.14748309070078142 -1.1249114281169439 -0.090390522624428829 -0.55501990966301018 -1.1195354704575384 -2.0345442784611119 2.5103899374965382 -0.87865126221648615 0.00076587328720255539 0.37358582758549647 1.8113808158649842 0.24402610866344535
leaf_weight=37 45 39 30 42 58 32 40 59 40 37 36 31 169 30 30 146 2684 46
leaf_count=37 45 39 30 42 58 32 40 59 40 37 36 31 169 30 30 146 2684 46
internal_value=0.000183232 -0.0014212 -0.00196138 0.00035673 -0.000247619 -0.0018141 0.000421237 -0.00101439 -0.001405 -9.76561e-06 -0.00338265 -0.00402419 0.000234649 0.00013242 -2.82258e-05 0.000285714 0.000466789 0.000103896
internal_weight=3631 348 235 3283 304 77 2979 138 99 255 97 61 227 218 113 188 2724 76
internal_count=3631 348 235 3283 304 77 2979 138 99 255 97 61 227 218 113 188 2724 76
cat_boundaries=0 1 2
cat_threshold=274 2049
is_linear=0
shrinkage=0.01


Tree=53
num_leaves=19
num_cat=2
split_feature=10 0 13 19 13 13 0 14 32 24 23 5 28 24 13 14 12 12
split_gain=11.9236 4.89346 2.57195 1.90493 1.29677 1.42304 0.410564 0.760434 0.344401 0.241494 0.45366 0.231169 0.15988 0.134573 0.1871 0.0825363 0.0197706 0.00931942
threshold=4168.2142857142871 0 5029.8562914410568 130.45000000000005 5111.3496756595496 5252.8597909035425 1 -0.9442364261229238 0.19999999999999826 4031.0000000000005 3910.5000000000005 2.5000000000000004 24.025000000000002 4673.0000000000009 5249.2194310051118 -0.99904708746719695 4198.8833333333341 5966.1333333333341
decision_type=2 9 2 2 2 2 9 2 2 2 2 2 2 2 2 2 2 2
left_child=1 8 -3 4 12 -6 7 -2 9 10 -1 -12 -4 14 -9 -8 -17 -15
right_child=6 2 3 -5 5 -7 15 13 -10 -11 11 -13 -14 17 -16 16 -18 -19
leaf_value=0.0081337605375010318 -1.7821963735892667 -2.7752014021808975 -0.21662707837003722 0.47014665962002383 -1.4305434273123745 -0.01453357499158147 0.15910756823926758 1.3273462037455275 0.055170706089841696 0.15311704641478016 -0.81515802115928693 -0.0056029034739449738 -0.73415116500149991 3.076774304822032 -0.55560582332166641 0.2185317562384424 1.8151186753055939 5.8700203223844802
leaf_weight=35 31 54 30 44 79 30 42 46 102 40 33 30 35 153 34 30 2753 30
leaf_count=35 31 54 30 44 79 30 42 46 102 40 33 30 35 153 34 30 2753 30
internal_value=0.000191492 -0.00121637 -0.00209894 -0.00160274 -0.00207429 -0.00277727 0.000426122 2.29508e-05 -7.96813e-05 -0.000438849 -0.000717172 -0.00122656 -0.000719697 0.000232955 0 0.0004628 0.000471085 0.000388587
internal_weight=3631 512 272 218 174 109 3119 294 240 138 98 63 65 263 80 2825 2783 183
internal_count=3631 512 272 218 174 109 3119 294 240 138 98 63 65 263 80 2825 2783 183
cat_boundaries=0 1 2
cat_threshold=786 2049
is_linear=0
shrinkage=0.01


Tree=54
num_leaves=19
num_cat=2
split_feature=10 0 13 16 19 25 32 0 17 25 23 25 23 32 17 7 23 10
split_gain=11.3672 4.54677 2.8061 1.77023 1.66049 1.72272 1.92355 0.410564 0.515995 0.403065 0.799165 0.278563 0.153398 0.121899 0.0800447 0.0690595 0.0197688 0.00413055
threshold=4168.2142857142871 0 5040.7972302854387 0.67799886003753596 130.45000000000005 4200.5000000000009 0.099999999999998243 1 -0.83019045640726863 3997.5000000000005 3928.5000000000005 4040.5000000000005 4399.5000000000009 0.099999999999998243 -0.99763124042248752 320.50000000000006 4064.0000000000005 4599.7142857142871
decision_type=2 9 2 2 2 2 2 9 2 2 2 2 2 2 2 2 2 2
left_child=1 9 3 -3 5 11 -7 8 -2 10 -1 -4 -10 15 -9 -11 -16 -14
right_child=7 2 4 -5 -6 6 -8 14 12 13 -12 -13 17 -15 16 -17 -18 -19
leaf_value=0.044536313144992089 -1.674373924925747 -0.70035479169283588 -1.3135125083528025 -3.9228849526159855 0.46544519302382142 -1.1445110228304847 -1.4452252036993352 0.17994514934473238 -0.13804073235172143 0.038022589942654783 -0.43653340324165807 -0.047021658448226311 1.0027239373934405 0.049334913094714765 0.030519666243448547 -0.17489978231481107 1.7963749885175191 3.6956615822272068
leaf_weight=40 40 30 37 30 44 30 56 43 44 40 33 45 30 97 30 30 2752 180
leaf_count=40 40 30 37 30 44 30 56 43 44 40 33 45 30 97 30 30 2752 180
internal_value=0.000196999 -0.00117739 -0.00202827 -0.00409836 -0.00147418 -0.00192899 -0.00295402 0.000426122 2.29508e-05 -7.96813e-05 -0.000722973 -0.000710843 0.000223529 0.000139881 0.0004628 -7.04225e-05 0.000471074 0.00035545
internal_weight=3631 512 272 60 212 168 86 3119 294 240 73 82 254 167 2825 70 2782 210
internal_count=3631 512 272 60 212 168 86 3119 294 240 73 82 254 167 2825 70 2782 210
cat_boundaries=0 1 2
cat_threshold=786 2049
is_linear=0
shrinkage=0.01


Tree=55
num_leaves=23
num_cat=3
split_feature=12 0 7 12 0 33 12 19 7 34 23 25 13 18 0 19 22 24 14 12 28 12
split_gain=9.30413 3.23226 2.57415 1.1768 2.68891 4.30588 0.682094 0.501744 0.373818 0.47297 0.29397 0.900547 0.226297 0.0973941 0.076346 0.144026 0.029789 0.027126 0.0161956 0.0162897 0.0146198 0.00806479
threshold=4182.0833333333339 0 63.500000000000007 4464.0166666666673 1 70.350000000000009 3955.8500000000008 81.40000000000002 255.50000000000003 3.7050000000000005 3928.5000000000005 3997.5000000000005 5122.3147676771905 25.050000000000004 2 166.95000000000002 3900.5000000000005 4673.0000000000009 -0.99904708746719695 4520.2500000000009 25.375000000000004 5943.6166666666677
decision_type=2 9 2 2 9 2 2 2 2 2 2 2 2 2 9 2 2 2 2 2 2 2
left_child=1 10 6 4 5 -2 -3 -4 20 -10 16 -12 -13 -11 15 17 -1 -5 -16 -20 -6 -19
right_child=3 2 7 14 8 -7 -8 -9 9 13 11 12 -14 -15 18 -17 -18 21 19 -21 -22 -23
leaf_value=-0.12702356514252108 0.61227051576902569 -2.6371720761365349 -0.37498383641799082 0.72864828668200177 0.44891451386967635 -1.8476312081245303 -1.5217668775532109 -1.2269897784480488 -0.16817610249376103 0.035679905636484079 -0.42833283902047564 0.030376970717291344 -0.30527482655136429 -0.60868406746437165 0.26906729921993267 -0.1313841923498012 0.074221955115528773 2.4465143940820941 0.88691963319992351 3.1283950982991247 1.2997396755441277 4.3914342696339981
leaf_weight=40 59 35 43 49 31 41 51 44 48 122 35 65 41 31 32 41 43 138 74 2225 349 30
leaf_count=40 59 35 43 49 31 41 51 44 48 122 35 65 41 31 32 41 43 138 74 2225 349 30
internal_value=0.000178162 -0.00126005 -0.00224728 0.00035616 0 -0.00144144 -0.00364368 -0.000982955 0.000254223 -4.70297e-05 -0.000331915 -0.000630282 -6.54205e-05 0.000172078 0.000453475 0.000182156 1.78572e-05 0.00031422 0.000476302 0.000482391 0.000446194 0.000378698
internal_weight=3667 397 173 3270 681 100 86 87 581 201 224 141 106 153 2589 258 83 217 2331 2299 380 168
internal_count=3667 397 173 3270 681 100 86 87 581 201 224 141 106 153 2589 258 83 217 2331 2299 380 168
cat_boundaries=0 1 2 3
cat_threshold=850 2053 2049
is_linear=0
shrinkage=0.01


Tree=56
num_leaves=22
num_cat=2
split_feature=10 25 10 13 0 13 20 24 19 18 20 34 7 12 0 17 10 7 12 7 17
split_gain=10.7186 2.24438 2.18022 2.15028 1.13257 1.00487 0.886514 0.594099 0.480143 0.928936 0.44932 0.29011 0.101661 0.0841843 0.0582965 0.101077 0.0849842 0.043066 0.0201565 0.0196696 0.0108406
threshold=3936.428571428572 4176.0000000000009 4242.5000000000009 5040.7972302854387 0 4882.9310897435907 27.060714285714287 4188.5000000000009 113.75000000000001 3.3499999999999899 23.289285714285718 4.245000000000001 48.500000000000007 4309.4666666666681 1 -0.83019045640726863 4559.6428571428578 44.500000000000007 4261.6166666666677 293.50000000000006 -0.99763124042248752
decision_type=2 2 2 2 9 2 2 2 2 2 2 2 2 2 9 2 2 2 2 2 2
left_child=1 3 4 5 10 -1 8 11 9 -6 -2 -4 -5 -12 15 -9 -17 -3 -16 -10 -20
right_child=2 17 7 12 6 -7 -8 14 19 -11 13 -13 -14 -15 18 16 -18 -19 20 -21 -22
leaf_value=-0.30786372073060031 -0.48639443698042728 -2.378486406947169 -1.7284899313840205 -0.87358634353321063 -0.15075975690285681 -1.9208462513671654 -1.8022751060518214 -0.13007035042630377 0.91983982382514895 -0.81960104662847799 0.2948297938753795 0.53068649619163533 0.073150089222708312 -0.026990004003348847 0.18997917827721147 0.3174284801735236 3.1967149972903446 -1.3308231163254098 0.73976200039289974 -0.0071127071510259741 1.9382183000159985
leaf_weight=40 39 33 53 31 62 31 44 30 39 37 177 53 46 31 30 53 190 32 34 30 2552
leaf_count=40 39 33 53 31 62 31 44 30 39 37 177 53 46 31 30 53 190 32 34 30 2552
internal_value=0.000186341 -0.00197897 0.0003233 -0.00118121 -0.000305435 -0.00242361 -0.000825112 0.000423064 -0.000449704 -0.000905 0.000129845 -0.000252336 0 0.000354067 0.000451384 0.000198944 0.000293033 -0.00359848 0.00047126 6.42857e-05 0.000476614
internal_weight=3667 213 3454 148 459 71 212 2995 168 99 247 106 77 208 2889 273 243 65 2616 69 2586
internal_count=3667 213 3454 148 459 71 212 2995 168 99 247 106 77 208 2889 273 243 65 2616 69 2586
cat_boundaries=0 1 2
cat_threshold=522 2049
is_linear=0
shrinkage=0.01


Tree=57
num_leaves=20
num_cat=0
split_feature=10 10 11 25 13 18 13 12 24 7 12 7 20 14 19 24 7 10 10
split_gain=10.1828 2.24665 2.95327 1.93096 2.15028 1.27943 1.00487 0.634995 0.577217 0.512395 0.29967 0.349447 0.205793 0.161968 0.185731 0.127997 0.101661 0.0199072 0.0111071
threshold=3936.428571428572 4242.5000000000009 146.38501094223463 4176.0000000000009 5040.7972302854387 15.549999999999994 4882.9310897435907 3959.5000000000005 4188.5000000000009 273.50000000000006 4409.6166666666677 326.50000000000006 23.68928571428572 -0.94705910369513524 325.85000000000008 4548.0000000000009 48.500000000000007 4273.5714285714303 4257.6428571428578
decision_type=2 2 2 2 2 2 2 2 2 2 2 2 2 2 2 2 2 2 2
left_child=3 2 7 4 6 -4 -1 -2 9 -3 11 -9 -5 14 15 -10 -6 18 -15
right_child=1 8 5 12 16 -7 -8 10 13 -11 -12 -13 -14 17 -16 -17 -18 -19 -20
leaf_value=-0.30478508352329597 -0.43144666222875655 0.43315672395474553 -0.56331142948544544 -0.99514243052027707 -0.86485048009787935 -1.5079178513634168 -1.901637788853495 0.1063359480748028 0.0063837634752539783 -1.7697191492837669 -1.0881925782923447 -0.20049996749289439 -1.7045570179959342 0.96325364448069695 -0.12876964692204182 1.6777289643159703 0.07241858833048323 2.3277289643159702 0.0036600543565844744
leaf_weight=40 32 64 31 34 31 32 31 257 62 42 32 75 31 34 31 203 46 2524 35
leaf_count=40 32 64 31 34 31 32 31 257 62 42 32 75 31 34 31 203 46 2524 35
internal_value=0.000178162 0.000311722 -0.000327174 -0.00193224 -0.00118121 -0.00232031 -0.00242361 0 0.000413051 -0.000252336 0.000115069 0.000228228 -0.00344697 0.000441003 0.000161616 0.000272556 0 0.000468967 6.42857e-05
internal_weight=3667 3454 459 213 148 63 71 396 2995 106 364 332 65 2889 296 265 77 2593 69
internal_count=3667 3454 459 213 148 63 71 396 2995 106 364 332 65 2889 296 265 77 2593 69
is_linear=0
shrinkage=0.01


Tree=58
num_leaves=20
num_cat=1
split_feature=10 10 11 19 22 7 14 12 20 12 7 7 12 12 24 0 23 22 10
split_gain=10.2631 1.90951 2.45697 0.868419 1.85169 1.26334 0.68576 0.685863 0.898974 0.383291 0.233729 0.225363 0.247159 0.160054 0.104304 0.0964699 0.282649 0.0822445 0.0777082
threshold=3936.428571428572 4199.2857142857147 146.38501094223463 9.6500000000000057 3899.5000000000005 329.50000000000006 -0.94705910369513524 4328.5333333333338 26.796428571428578 3959.5000000000005 263.50000000000006 326.50000000000006 4050.1833333333338 4334.1333333333341 4050.5000000000005 0 4411.0000000000009 3941.5000000000005 4366.2857142857147
decision_type=2 2 2 2 2 2 2 2 2 2 2 2 2 2 2 9 2 2 2
left_child=3 2 9 4 -1 -5 7 8 -3 -2 -9 13 -13 -11 -8 16 -16 -6 -12
right_child=1 6 -4 5 17 -7 14 10 -10 11 18 12 -14 -15 15 -17 -18 -19 -20
leaf_value=-1.7507897848694471 -0.42713219560647048 0.42996363336584692 -1.0799469824007075 -1.4168976878760924 -0.43160294722086601 -0.82082934344965053 0.013413806461127989 -0.12748195045282046 -1.8306829285092574 0.0625557579937355 0.16831011270131058 0.065597937290581429 -0.2758902185307931 -0.36967971618129847 -0.18014722643330014 2.0220041466344898 2.2057296387773984 0.051067724695399309 1.4489263143440272
leaf_weight=56 32 37 52 42 40 37 32 49 35 176 35 30 45 30 40 2458 209 38 194
leaf_count=56 32 37 52 42 40 37 32 49 35 176 35 30 45 30 40 2458 209 38 194
internal_value=0.000186341 0.000320405 -0.000348361 -0.00193224 -0.00128148 -0.00288125 0.000402751 0 -0.000876712 0 0.00021147 0.000108156 -0.000296053 0.000304348 0.000456022 0.000462888 0.000171154 -0.00013924 0.000367391
internal_weight=3667 3454 365 213 134 79 3089 350 72 313 278 281 75 206 2739 2707 249 78 229
internal_count=3667 3454 365 213 134 79 3089 350 72 313 278 281 75 206 2739 2707 249 78 229
cat_boundaries=0 1
cat_threshold=2064
is_linear=0
shrinkage=0.01


Tree=59
num_leaves=20
num_cat=2
split_feature=10 10 11 19 22 7 18 24 7 12 0 19 14 33 0 10 22 29 10
split_gain=9.87004 1.89885 2.26438 1.00131 1.58479 1.26334 0.76324 0.58282 0.512395 0.398632 0.326872 0.248116 0.109112 0.21733 0.103381 0.0980427 0.0822445 0.0790133 0.00669537
threshold=3936.428571428572 4242.5000000000009 146.38501094223463 9.6500000000000057 3899.5000000000005 329.50000000000006 15.549999999999994 4188.5000000000009 273.50000000000006 3959.5000000000005 0 91.250000000000014 -0.94705910369513524 332.9500000000001 1 4476.857142857144 3941.5000000000005 23.175000000000004 4569.0714285714303
decision_type=2 2 2 2 2 2 2 2 2 2 9 2 2 2 9 2 2 2 2
left_child=3 2 9 4 -1 -5 -4 8 -3 -2 17 -12 13 15 18 -9 -6 -11 -14
right_child=1 7 6 5 16 -7 -8 12 -10 10 11 -13 14 -15 -16 -17 -18 -19 -20
leaf_value=-1.7332818870207518 -0.42286087365040403 0.43145716461863959 -0.54687884536658438 -1.4027287109973332 -0.42728691774865946 -0.81262105001515528 -1.4786608914416843 0.18806710901076173 -1.733715128505835 -0.096003376736999671 -0.44208668824100339 0.0075504274697373655 0.11102573590742874 -0.1262071309482917 2.2281492410606565 1.6622264941773393 0.050557047448446725 0.098836858766945715 1.5921786962703284
leaf_weight=56 32 64 31 42 40 37 32 85 42 30 53 59 50 30 2491 181 38 222 52
leaf_count=56 32 64 31 42 40 37 32 85 42 30 53 59 50 30 2491 181 38 222 52
internal_value=0.000191794 0.0003233 -0.000261957 -0.00188551 -0.00120741 -0.00288125 -0.00200781 0.000416389 -0.000252336 0 0.000115069 -0.000276423 0.000444464 0.000195286 0.000468967 0.000310861 -0.00013924 0.000326996 8.84957e-06
internal_weight=3667 3454 459 213 134 79 63 2995 106 396 364 112 2889 296 2593 266 78 252 102
internal_count=3667 3454 459 213 134 79 63 2995 106 396 364 112 2889 296 2593 266 78 252 102
cat_boundaries=0 1 2
cat_threshold=779 2560
is_linear=0
shrinkage=0.01


Tree=60
num_leaves=17
num_cat=2
split_feature=10 10 25 34 21 0 18 21 20 6 17 22 0 17 21 21
split_gain=7.89276 1.46666 1.28296 1.0193 1.20161 0.888864 1.80371 0.557579 0.358155 0.260194 0.191082 0.128158 0.124929 0.515313 0.078575 0.000500865
threshold=3943.1428571428573 4278.9285714285725 4326.0000000000009 4.7950000000000008 3899.5000000000005 0 9.9999999999999947 3926.5000000000005 23.646428571428576 1.5000000000000002 -0.99763124042248752 4000.5000000000005 1 -0.79384213008979243 4299.0000000000009 5997.0000000000009
decision_type=2 2 2 2 2 9 2 2 2 2 2 2 9 2 2 2
left_child=2 5 3 7 -5 6 -2 -1 9 -7 -3 -10 13 -12 -13 -15
right_child=1 10 -4 4 -6 8 -8 -9 11 -11 12 14 -14 15 -16 -17
leaf_value=0.10489625709518428 0.70847778726429778 -0.25568168307195832 -2.1754053760299037 -1.6498980581637943 -0.65771803725994804 0.033148719786915172 -1.7382022787721507 -1.0045810498256609 -0.096141479776599786 -0.3805675326885144 -0.49753579165317974 0.29031813645573862 1.9686765035199949 1.6818305996801932 0.006573911380326241 4.8634859778624788
leaf_weight=55 55 32 30 37 49 34 53 38 50 47 36 231 2571 193 61 32
leaf_count=55 55 32 30 37 49 34 53 38 50 47 36 231 2571 193 61 32
internal_value=0.000228017 0.000346731 -0.00164524 -0.001225 -0.00203448 -0.000121241 -0.000890756 -0.000356383 7.25807e-05 -0.000481707 0.000436998 0.000236152 0.000446876 0.000148897 0.000327645 0.000365044
internal_weight=3604 3395 209 179 86 531 108 93 423 81 2864 342 2832 261 292 225
internal_count=3604 3395 209 179 86 531 108 93 423 81 2864 342 2832 261 292 225
cat_boundaries=0 1 2
cat_threshold=2181 2049
is_linear=0
shrinkage=0.01


Tree=61
num_leaves=20
num_cat=2
split_feature=10 12 25 10 0 20 26 33 14 0 24 11 23 26 12 12 10 12 27
split_gain=7.5458 1.36548 1.83452 1.26899 0.915884 1.53721 0.352154 0.522567 0.344612 0.510921 0.396969 0.280179 0.153364 0.107279 0.0836513 0.0253618 0.0122408 0.00806451 0.000738777
threshold=3943.1428571428573 3930.4000000000005 4244.0000000000009 4278.9285714285725 0 26.860714285714288 23.725000000000005 8.5500000000000025 -0.93235440815991333 1 4460.5000000000009 68.604282666815607 4948.5000000000009 27.875000000000004 4392.5500000000011 4284.3000000000011 4366.2857142857147 4264.5000000000009 31.250000000000004
decision_type=2 2 2 2 9 2 2 2 2 9 2 2 2 2 2 2 2 2 2
left_child=1 -1 11 4 5 15 7 -6 9 10 -5 -3 -12 14 -8 -2 -11 -15 -10
right_child=3 2 -4 8 6 -7 13 -9 18 16 12 -13 -14 17 -16 -17 -18 -19 -20
leaf_value=-1.1488056820598798 -0.15105246648063916 0.030944092790482835 -1.7254277120332671 -1.0984489383301363 0.071972910169129614 -1.737325091008483 0.14581979159649971 -0.49455602758585293 2.2933438878676253 0.20625461579981486 0.48289289461823431 -1.5810028530794547 -0.11996970172227521 -0.76679915508782714 0.0039564647299104427 1.2365004780504805 1.4341016445186077 0.11006183916265312 4.0289131804565317
leaf_weight=52 30 56 46 32 34 45 252 38 2474 30 52 55 39 30 30 36 199 36 38
leaf_count=52 30 56 46 32 34 45 252 38 2474 30 52 55 39 30 30 36 199 36 38
internal_value=0.000233565 -0.00159762 -0.00102215 0.000349676 -8.36466e-05 -0.000856557 0.000116009 -0.000465753 0.000433508 0.000101983 -0.00036194 -0.00021875 0 0.000269341 0.00035689 0 0.00039375 0 0.000475925
internal_weight=3604 209 157 3395 531 111 420 72 2864 352 123 111 91 348 282 66 229 66 2512
internal_count=3604 209 157 3395 531 111 420 72 2864 352 123 111 91 348 282 66 229 66 2512
cat_boundaries=0 1 2
cat_threshold=2193 29
is_linear=0
shrinkage=0.01


Tree=62
num_leaves=17
num_cat=2
split_feature=10 10 12 25 0 33 19 7 14 0 10 11 23 22 25 23
split_gain=7.5458 1.37465 1.36548 1.83452 0.876394 1.22234 0.770792 0.401068 0.337068 0.345769 0.293647 0.280179 0.239265 0.111687 0.088989 0.0878061
threshold=3943.1428571428573 4278.9285714285725 3930.4000000000005 4244.0000000000009 0 54.750000000000007 118.95000000000003 330.50000000000006 -0.94705910369513524 1 4406.7142857142871 68.604282666815607 5041.5000000000009 3947.5000000000005 4200.5000000000009 4299.0000000000009
decision_type=2 2 2 2 9 2 2 2 2 9 2 2 2 2 2 2
left_child=2 4 -1 11 5 -2 -7 13 9 10 -3 -4 -12 -6 -9 -15
right_child=1 8 3 -5 7 6 -8 14 -10 -11 12 -13 -14 15 -16 -17
leaf_value=-1.1373176252392807 0.30131249786359926 -1.1339993428593942 0.030634651862579056 -1.7081734349129345 -0.35929858567295847 -1.7731245776050188 -0.18398456985591538 -0.33814937597958661 2.270333603765653 1.1194896081473242 0.51416246854963243 -1.565192824548659 -0.11877000470505208 0.16783968643788072 0.0014321051773748873 0.071347034907574367
leaf_weight=52 48 31 56 46 31 30 33 34 2549 164 88 55 32 238 30 87
leaf_count=52 48 31 56 46 31 30 33 34 2549 164 88 55 32 238 30 87
internal_value=0.000233565 0.000349676 -0.00159762 -0.00102215 -0.000102444 -0.000856557 -0.00185156 9.28074e-05 0.000436998 8.70253e-05 -0.000212963 -0.00021875 0 0.000246499 -0.000584615 0.000314417
internal_weight=3604 3395 209 157 531 111 63 420 2864 315 151 111 120 356 64 325
internal_count=3604 3395 209 157 531 111 63 420 2864 315 151 111 120 356 64 325
cat_boundaries=0 1 2
cat_threshold=2193 15
is_linear=0
shrinkage=0.01


Tree=63
num_leaves=19
num_cat=2
split_feature=10 12 25 10 0 20 7 14 0 13 11 23 20 22 23 12 10 27
split_gain=7.5226 1.36548 1.83452 1.35724 0.876394 1.53721 0.401068 0.344612 0.510921 0.312039 0.280179 0.147112 0.128149 0.111687 0.0878061 0.0253618 0.0122408 0.000738777
threshold=3943.1428571428573 3930.4000000000005 4244.0000000000009 4278.9285714285725 0 26.860714285714288 330.50000000000006 -0.93235440815991333 1 5385.2001414048773 68.604282666815607 4948.5000000000009 23.289285714285718 3947.5000000000005 4299.0000000000009 4284.3000000000011 4366.2857142857147 31.250000000000004
decision_type=2 2 2 2 9 2 2 2 9 2 2 2 2 2 2 2 2 2
left_child=1 -1 10 4 5 15 13 8 9 -5 -3 -11 -8 -6 -15 -2 -10 -9
right_child=3 2 -4 7 6 -7 12 17 16 11 -12 -13 -14 14 -16 -17 -18 -19
leaf_value=-1.1259444489868895 -0.1389618264180163 0.030328305343951222 -1.6910917005638038 -0.93651977378057294 -0.35570559981622785 -1.7149337138633782 -0.66410261925201286 2.2477071129512916 0.20313787432677516 0.2772899173066421 -1.5495408963031707 -0.11758230465800353 0.0017417025432227809 0.16616128957350398 0.070633564558500603 1.2263084404390585 1.4294524621219964 3.965920712614309
leaf_weight=52 30 56 46 35 31 45 32 2474 30 49 55 39 32 238 87 36 199 38
leaf_count=52 30 56 46 35 31 45 32 2474 30 49 55 39 32 238 87 36 199 38
internal_value=0.000230791 -0.00159762 -0.00102215 0.000346731 -0.000102444 -0.000856557 9.28074e-05 0.000433508 0.000101983 -0.00036194 -0.00021875 0 -0.000584615 0.000246499 0.000314417 0 0.00039375 0.000475925
internal_weight=3604 209 157 3395 531 111 420 2864 352 123 111 88 64 356 325 66 229 2512
internal_count=3604 209 157 3395 531 111 420 2864 352 123 111 88 64 356 325 66 229 2512
cat_boundaries=0 1 2
cat_threshold=2193 29
is_linear=0
shrinkage=0.01


Tree=64
num_leaves=18
num_cat=1
split_feature=10 10 11 0 21 6 13 7 24 18 20 21 14 33 14 23 14
split_gain=7.13878 1.44866 1.20957 0.837784 1.55004 0.776172 0.653609 0.371196 0.34301 0.196424 0.128149 0.0983696 0.0759954 0.210418 0.0745218 0.0712988 0.00829707
threshold=3943.1428571428573 4278.9285714285725 64.549722436790518 0 4287.5000000000009 10.500000000000002 5002.987946264263 330.50000000000006 4176.0000000000009 24.550000000000001 23.289285714285718 3951.0000000000005 -0.94705910369513524 332.9500000000001 -0.95995996396290595 4299.0000000000009 -0.57780908558020239
decision_type=2 2 2 9 2 2 2 2 2 2 2 2 2 2 2 2 2
left_child=2 3 6 4 16 -4 -1 11 9 -3 -9 -5 13 14 -10 -13 -2
right_child=1 8 5 7 -6 -7 -8 10 12 -11 -12 15 -14 -15 -16 -17 -18
leaf_value=-0.68697684894451727 -1.050290794013953 0.36658555243272117 -1.9614172536792311 -0.35214854381806537 -1.2209488320951971 -1.2075549248221644 0.018399029477132102 -0.65746159305949348 0.86288676241022066 -1.1598290456055531 0.0017242855177896481 0.17294322688713526 2.2702664081972128 -0.11640648161142508 0.11480564341752142 0.062805010031847144 0.29106601860580145
leaf_weight=32 30 51 67 31 39 53 57 32 222 30 32 239 2496 33 32 86 42
leaf_count=32 30 51 67 31 39 53 57 32 222 30 32 239 2496 33 32 86 42
internal_value=0.000230791 0.000343787 -0.00155 -0.000121241 -0.000856557 -0.0022314 -0.000505556 6.96056e-05 0.000433508 -0.000115854 -0.000584615 0.000218487 0.000453125 0.000220486 0.000341176 0.000283742 0
internal_weight=3604 3395 209 531 111 120 89 420 2864 81 64 356 2783 287 254 325 72
internal_count=3604 3395 209 531 111 120 89 420 2864 81 64 356 2783 287 254 325 72
cat_boundaries=0 1
cat_threshold=2193
is_linear=0
shrinkage=0.01


Tree=65
num_leaves=20
num_cat=2
split_feature=10 0 34 15 19 0 14 25 12 23 34 27 13 20 14 22 26 12 12
split_gain=6.22296 3.26584 1.64388 0.655845 0.585365 0.513797 1.39894 0.422642 0.296569 0.164467 0.121039 0.0936324 0.179158 0.115754 0.0920747 0.0878603 0.0236254 0.00117533 0.0283723
threshold=4168.2142857142871 0 4.7750000000000012 0.89691351184655443 31.400000000000002 1 -0.94705910369513524 4373.5000000000009 3930.4000000000005 4100.5000000000009 3.4850000000000008 0.35000000000000003 5177.5929963459203 23.646428571428576 -0.99904708746719695 4290.5000000000009 26.625000000000004 4574.2666666666673 4453.8500000000013
decision_type=2 9 2 2 2 9 2 2 2 2 2 2 2 2 2 2 2 2 2
left_child=1 8 3 7 -5 6 -2 16 -1 -7 -8 12 13 -10 -11 -12 -3 18 -16
right_child=5 2 -4 4 -6 9 10 -9 11 14 15 -13 -14 -15 17 -17 -18 -19 -20
leaf_value=-0.1772237934476501 -1.6255271592822615 -0.14209042970794236 -1.8263759845369105 -0.42221173864814654 -0.74959457885867664 0.038818487410150697 -0.073598197749189798 -0.62691328032805849 -0.093745836923116083 0.07971516558087488 0.91490509509130136 0.22498435337172112 -0.47526905324630853 0.13901598020091968 0.562689583447607 1.5588145424022768 0.59828786515989241 3.0638032525550467 0.57655288926049675
leaf_weight=36 32 31 55 57 30 43 56 32 66 37 30 81 33 86 433 185 36 2149 157
leaf_count=36 32 31 55 57 30 43 56 32 66 37 30 81 33 86 433 185 36 2149 157
internal_value=0.000229815 -0.000750919 -0.00158532 -0.00110695 -0.00177841 0.000403778 0 -0.000405 0 0.000445053 0.000240809 8.61423e-05 0 0.000104575 0.000456608 0.000358796 0 0.000463321 0.00034687
internal_weight=3665 543 241 186 87 3122 303 99 302 2819 271 266 185 152 2776 215 67 2739 590
internal_count=3665 543 241 186 87 3122 303 99 302 2819 271 266 185 152 2776 215 67 2739 590
cat_boundaries=0 1 2
cat_threshold=818 2049
is_linear=0
shrinkage=0.01


Tree=66
num_leaves=20
num_cat=2
split_feature=23 0 13 34 0 14 28 22 33 28 21 14 14 13 25 34 21 21 21
split_gain=5.76016 2.23296 1.62748 1.12467 0.696343 1.08479 0.466874 0.307851 0.53987 0.287589 0.187712 0.109142 0.0640579 0.0427559 0.113227 0.0423383 0.0220645 0.0160217 0.0167299
threshold=4100.5000000000009 0 5171.819027617953 4.205000000000001 1 -0.93235440815991333 24.925000000000004 4427.5000000000009 54.750000000000007 27.075000000000006 4000.5000000000005 -0.99815974739704505 -0.51297808981038739 5137.8693119309564 3997.5000000000005 3.4850000000000008 4725.5000000000009 8130.5000000000009 4427.5000000000009
decision_type=2 9 2 2 9 2 2 2 2 2 2 2 2 2 2 2 2 2 2
left_child=1 9 3 -3 5 -2 -5 8 -7 13 -6 16 -4 14 -1 -9 -12 18 -13
right_child=4 2 12 6 10 7 -8 15 -10 -11 11 17 -14 -15 -16 -17 -18 -19 -20
leaf_value=-0.16222231826553923 -1.5832797326119279 -0.53703815466863336 1.0196657180694078 -0.38605285945693391 -0.83467565452781334 1.356807945916058 -2.2918734855904761 1.4431655685228555 -0.86832587998923305 -0.063942788277659965 -0.2649746544360575 0.41250468326297518 -0.57196745921195913 -0.031174999959219823 0.030249769594063287 2.5307141509252742 1.3226783852876873 2.0790530221006609 2.6544233363788541
leaf_weight=52 36 59 35 32 32 37 57 48 31 35 30 583 30 48 96 160 34 30 2200
leaf_count=52 36 59 35 32 32 37 57 48 31 35 30 583 30 48 96 160 34 30 2200
internal_value=0.000232542 -0.000826966 -0.00153348 -0.00218792 0.000381906 -4.33436e-05 -0.00295 0.000137184 -0.000376812 -5.99173e-05 0.000429623 0.000440757 -0.000113636 4.06091e-05 0.000161074 0.000354067 0 0.000450071 0.000453125
internal_weight=3665 444 213 148 3221 312 89 276 68 231 2909 2877 65 196 148 208 64 2813 2783
internal_count=3665 444 213 148 3221 312 89 276 68 231 2909 2877 65 196 148 208 64 2813 2783
cat_boundaries=0 1 2
cat_threshold=790 2049
is_linear=0
shrinkage=0.01


Tree=67
num_leaves=21
num_cat=0
split_feature=10 12 11 24 7 33 25 24 14 5 16 23 14 7 18 12 21 11 21 10
split_gain=5.58249 1.89006 1.06905 0.825581 0.776602 0.581042 0.308494 0.371666 0.260563 0.254798 0.236218 0.197694 0.121158 0.114595 0.102293 0.100187 0.0604571 0.023208 0.0202132 0.00515469
threshold=4168.2142857142871 3930.4000000000005 75.693616517915103 4176.0000000000009 273.50000000000006 90.950000000000017 4067.0000000000005 3962.5000000000005 0.76696112484652035 2.5000000000000004 -0.82958102951528834 4149.5000000000009 -0.8781231054254196 347.50000000000006 79.500000000000014 4520.2500000000009 3922.0000000000005 129.1925472120667 4427.5000000000009 5597.857142857144
decision_type=2 2 2 2 2 2 2 2 2 2 2 2 2 2 2 2 2 2 2 2
left_child=1 8 10 4 17 6 9 -8 -1 -4 -3 -7 14 16 15 18 -12 -2 -5 -17
right_child=3 2 5 12 -6 11 7 -9 -10 -11 13 -13 -14 -15 -16 19 -18 -19 -20 -21
leaf_value=-0.8756147912566502 0.82498306143180766 -0.58122208794266339 0.23545822511669404 -0.02245350674308572 -1.8408109123285707 0.023833068143614571 -2.2689547717276186 -0.60383321077122087 -1.2025867879973311 -0.68668107308377413 -0.076636602203102935 -0.54407618210873376 1.842200657596756 -0.045026670634056618 -0.083154347876366053 1.5045118108910764 0.063177575908288333 0.095559429736113061 0.38514879225168025 1.7123312789404872
leaf_weight=31 42 31 31 67 38 38 37 57 31 30 36 54 2575 45 30 276 122 30 34 30
leaf_count=31 42 31 31 67 38 38 37 57 31 30 36 54 2575 45 30 276 122 30 34 30
internal_value=0.000232542 -0.000695772 -0.000455394 0.000397374 -0.000405405 -0.000913306 -0.00129808 -0.00171579 -0.00236508 -0.000475806 0 -0.000150538 0.000430136 0.000154412 0.000224886 0.000278186 0.000308176 8.21918e-05 0 0.000368078
internal_weight=3665 543 481 3122 110 247 155 94 62 61 234 92 3012 203 437 407 158 72 101 306
internal_count=3665 543 481 3122 110 247 155 94 62 61 234 92 3012 203 437 407 158 72 101 306
is_linear=0
shrinkage=0.01


Tree=68
num_leaves=21
num_cat=0
split_feature=10 12 11 16 25 24 33 34 13 13 5 10 23 33 10 25 18 18 10 11
split_gain=4.89572 1.36087 1.06636 0.744383 0.587142 0.584996 0.377483 0.374059 0.336853 0.130797 0.519883 0.0663473 0.137599 0.0533376 0.0733968 0.047937 0.0473945 0.0786341 0.0134359 0.00253697
threshold=4168.2142857142871 3930.4000000000005 75.693616517915103 -0.91895236716066997 4324.5000000000009 4167.0000000000009 77.250000000000014 4.245000000000001 4882.9310897435907 5137.8693119309564 3.5000000000000004 4559.6428571428578 4701.0000000000009 374.25000000000006 5748.357142857144 3997.5000000000005 13.250000000000002 19.800000000000008 7840.7142857142871 62.447501362806058
decision_type=2 2 2 2 2 2 2 2 2 2 2 2 2 2 2 2 2 2 2 2
left_child=1 8 9 -4 6 7 -5 -2 -1 15 -11 12 16 18 -15 -3 -7 -18 -13 -17
right_child=5 2 3 4 -6 11 -8 -9 -10 10 -12 13 -14 14 -16 19 17 -19 -20 -21
leaf_value=-0.20548312651861453 -1.6075211731503576 -0.074684076975463545 0.040438328588362278 -0.59631132289769195 -1.6036789733764056 1.3432968591842291 0.00691512633233756 0.83183900154193435 -1.2231006375177902 0.08303741539151295 -0.70324009680857857 3.9258425931675358 -0.040413972533269081 -0.082322804397604157 6.0242024526858495 0.031798440625464594 -0.026290829122662264 0.16147186293243912 3.160074080369093 0.14364612436729787
leaf_weight=31 47 32 47 97 57 427 46 54 31 47 34 2143 55 31 63 91 31 238 33 30
leaf_count=31 47 32 47 97 57 427 46 54 31 47 34 2143 55 31 63 91 31 238 33 30
internal_value=0.000246181 -0.000622243 -0.0004139 -0.000872984 -0.00114428 0.000400576 -0.000684028 -0.000289216 -0.00204762 2.97872e-05 -0.000237805 0.000427035 0.000299867 0.000464553 7.36842e-05 0.000237013 0.000341463 0.000164815 0.000476803 0.000331967
internal_weight=3665 543 481 247 200 3122 143 101 62 234 81 3021 751 2270 94 153 696 269 2176 121
internal_count=3665 543 481 247 200 3122 143 101 62 234 81 3021 751 2270 94 153 696 269 2176 121
is_linear=0
shrinkage=0.01


Tree=69
num_leaves=21
num_cat=2
split_feature=10 0 34 15 24 19 15 25 12 13 0 19 20 12 12 15 16 12 10 33
split_gain=4.7001 2.55673 1.2396 0.821714 0.575278 0.340703 0.335524 0.332496 0.300663 0.223627 0.0966709 0.0931297 0.0830035 0.0726526 0.0840856 0.06125 0.0393429 0.0265661 0.0184306 0.00491657
threshold=4157.7857142857147 0 4.7750000000000012 0.90070004940655357 4167.0000000000009 31.400000000000002 1.0000000180025095e-35 4373.5000000000009 3951.7500000000005 5069.6244456762761 1 130.45000000000005 27.475000000000005 4574.2666666666673 4453.8500000000013 0.73721509932751383 -0.90163369914317015 4217.666666666667 4206.4285714285716 344.75000000000006
decision_type=2 9 2 2 2 2 2 2 2 2 9 2 2 2 2 2 2 2 2 2
left_child=1 8 3 7 6 9 -2 17 15 -5 12 18 -6 14 -13 -1 -10 -3 -12 -15
right_child=4 2 -4 5 10 -7 -8 -9 16 -11 11 13 -14 19 -16 -17 -18 -19 -20 -21
leaf_value=0.014864798415991866 1.4329389126822409 0.019549146084857711 -1.9334667805661516 -0.74882561786095903 0.48984049688047399 -0.63091019232568613 -1.580637533334827 -0.60126228469148757 0.0039164128335638683 0.16887805036333586 0.72294708150267639 0.15968636859142626 -0.13082992194776183 2.4444032145978234 -0.089707605684536396 -0.34611864790122487 0.068652754101645591 -0.10816036606291668 1.8924272272595102 2.3596495071388017
leaf_weight=31 52 45 63 31 87 36 49 32 42 30 31 106 41 457 37 30 156 30 2146 133
leaf_count=31 52 45 63 31 87 36 49 32 42 30 31 106 41 457 37 30 156 30 2146 133
internal_value=0.000246181 -0.000620493 -0.00128237 -0.000868293 0.000394745 -0.00154592 -0.000289216 -0.000152778 7.22222e-05 -0.000798387 0.000420862 0.000433071 2.8777e-05 0.000294959 1.04167e-05 -0.000475806 0.000296482 9.86842e-05 0.000476814 0.00034687
internal_weight=3665 526 267 204 3139 97 101 107 259 61 3038 2910 128 733 143 61 198 75 2177 590
internal_count=3665 526 267 204 3139 97 101 107 259 61 3038 2910 128 733 143 61 198 75 2177 590
cat_boundaries=0 1 2
cat_threshold=786 2560
is_linear=0
shrinkage=0.01


Tree=70
num_leaves=22
num_cat=2
split_feature=12 0 14 0 14 25 25 12 12 13 22 19 14 14 7 13 21 21 7 13 14
split_gain=6.01152 2.33884 1.7642 0.741598 1.8932 0.587032 0.628071 0.292977 0.2612 0.259227 0.230767 0.369324 0.137953 0.0582726 0.039301 0.0352101 0.134352 0.0148285 0.00452696 0.00947322 0.00142711
threshold=4182.0833333333339 0 -0.0053757284505435614 1 -0.93235440815991333 4200.5000000000009 4011.5000000000005 3930.4000000000005 4257.7166666666681 5111.3496756595496 4373.5000000000009 54.750000000000007 -0.93235440815991333 -0.99866806308218525 309.50000000000006 5245.2068525218137 4441.5000000000009 8206.0000000000018 25.500000000000004 5984.2500000000009 -0.35041564478062465
decision_type=2 9 2 9 2 2 2 2 2 2 2 2 2 2 2 2 2 2 2 2 2
left_child=1 7 9 4 -2 6 -4 -1 12 -3 11 -6 -5 -10 -14 16 -15 -17 -12 -20 -9
right_child=3 2 5 8 10 -7 -8 20 13 -11 18 -13 14 15 -16 17 -18 -19 19 -21 -22
leaf_value=-0.24599333225417636 -1.4860343297682568 -0.10108338397791944 -1.3524326445755492 -0.87540451615298653 1.4897923314990151 -1.3074506169681679 -1.3919950257365756 0.03031132848584241 0.24112312183957293 -1.1350323134223357 1.4926118676357545 -1.8203344673585935 0.5231670839920125 0.0011746291929194974 -0.045725568979872795 1.9132780748860443 1.1868933903930377 2.5310701941419733 1.574092000066468 4.4903711319809201 0.053366908213975883
leaf_weight=32 36 53 38 42 36 33 49 30 49 58 30 30 102 117 32 2406 158 32 155 30 84
leaf_count=32 36 53 38 42 36 33 49 30 49 58 30 30 102 117 32 2406 158 32 155 30 84
internal_value=0.000230113 -0.000956349 -0.00154752 0.000370854 -6.55488e-05 -0.00247934 -0.00177841 1.91083e-05 0.000420142 -0.000575893 0.000179078 -0.000253731 0 0.00044553 0.0002 0.000451916 0.000244565 0.000471095 0.000358796 0.000389785 0.000321739
internal_weight=3632 377 231 3255 317 120 87 146 2938 111 281 66 176 2762 134 2713 275 2438 215 185 114
internal_count=3632 377 231 3255 317 120 87 146 2938 111 281 66 176 2762 134 2713 275 2438 215 185 114
cat_boundaries=0 1 2
cat_threshold=530 2049
is_linear=0
shrinkage=0.01


Tree=71
num_leaves=21
num_cat=0
split_feature=10 12 10 11 25 15 13 11 13 28 12 18 12 10 17 33 31 27 25 24
split_gain=6.46724 1.0236 0.594925 0.579492 0.550488 1.44598 0.625526 0.509925 0.459003 0.433207 0.240023 0.454343 0.206065 0.165388 0.108627 0.0811072 0.176091 0.10231 0.0698711 0.0198362
threshold=4086.5714285714289 3930.4000000000005 4389.7857142857147 44.978036120136274 4212.5000000000009 0.93158198870884079 5063.680628032158 146.38501094223463 5313.2567118277793 25.625000000000004 4409.6166666666677 14.850000000000003 3970.7166666666672 4352.857142857144 0.018276388667550599 344.75000000000006 13.550000000000002 29.250000000000004 4000.5000000000005 4064.0000000000005
decision_type=2 2 2 2 2 2 2 2 2 2 2 2 2 2 2 2 2 2 2 2
left_child=1 -1 7 -3 6 9 12 10 -9 -6 13 14 -5 -2 -12 17 -17 19 -8 -4
right_child=2 3 15 4 5 -7 18 8 -10 -11 11 -13 -14 -15 -16 16 -18 -19 -20 -21
leaf_value=-1.2318394241533399 0.38354621396553512 0.067132793005657096 0.12123971237138047 -1.1077012839854068 -0.024563431930021307 -1.2867450101940801 -0.10687177088951318 -1.6420286731939218 2.9227561420620725 -1.1099953506320948 1.1651787991934293 -0.40544925776297852 -0.13955446134026125 -1.0587087516846849 -0.33986048475730435 3.7031008584300227 -0.090235728127331646 0.060763795977341419 0.076966918848059132 2.4200309525944701
leaf_weight=57 361 52 30 34 55 34 37 43 36 35 89 38 30 30 30 85 32 34 72 2418
leaf_count=57 361 52 30 34 55 34 37 43 36 35 89 38 30 30 30 85 32 34 72 2418
internal_value=0.000230113 -0.00095086 0.000382089 -0.000701429 -0.000877517 -0.001424 -0.000422414 8.51911e-05 -0.00063125 -0.000604396 0.00020765 -7.27848e-05 -0.0012 0.000345663 0.0001625 0.000449808 7.20339e-05 0.000463552 0 0.000471213
internal_weight=3632 406 3226 349 297 124 173 627 79 90 548 157 64 391 119 2599 117 2482 109 2448
internal_count=3632 406 3226 349 297 124 173 627 79 90 548 157 64 391 119 2599 117 2482 109 2448
is_linear=0
shrinkage=0.01


Tree=72
num_leaves=23
num_cat=2
split_feature=12 0 14 25 14 24 28 29 0 12 21 14 13 33 19 24 12 13 21 22 18 14
split_gain=5.49245 2.10831 1.51327 1.34711 0.755651 0.765184 0.674113 0.406945 0.347621 0.292977 0.198662 0.165592 0.181768 0.156059 0.122528 0.29719 0.110859 0.0847782 0.0174715 0.0180695 0.00931942 0.00142711
threshold=4182.0833333333339 0 -0.32614396506100213 4349.5000000000009 -0.9259986516102553 4188.5000000000009 25.525000000000002 24.125000000000004 1 3930.4000000000005 4000.5000000000005 -0.96689237009891416 5278.4338057569776 231.15000000000001 107.25000000000001 4712.5000000000009 4224.2500000000009 5853.357985162047 7875.0000000000009 4149.5000000000009 69.550000000000011 -0.35041564478062465
decision_type=2 9 2 2 2 2 2 2 9 2 2 2 2 2 2 2 2 2 2 2 2 2
left_child=1 9 10 6 5 -2 7 -4 14 -1 -3 17 -13 -14 15 -6 -10 20 19 -18 -7 -11
right_child=4 2 3 -5 8 11 -8 -9 16 21 -12 12 13 -15 -16 -17 18 -19 -20 -21 -22 -23
leaf_value=-0.23121500469009956 -1.4624282766141232 -0.98326605841997328 -0.47769570911685033 -1.917126342312655 -0.84697734811694758 0.3529710591935708 -1.8107256832324823 0.090031442201463752 0.052687779153454656 0.029796962919845113 0.11453833641403911 -0.70416589933812523 2.4703828111006416 -0.089333370846056831 0.61601716298934295 0.92469160877971446 0.092905777088458846 0.62570381696017252 4.5166300158634156 1.752099331839319 0.44930326966855966 0.054348265406730718
leaf_weight=32 45 31 56 32 30 153 45 31 65 30 36 30 68 30 66 38 30 52 30 2588 30 84
leaf_count=32 45 31 56 32 30 153 45 31 65 30 36 30 68 30 66 38 30 52 30 2588 30 84
internal_value=0.000230113 -0.000903439 -0.00146488 -0.00204848 0.000364711 -1.46699e-05 -0.00145865 -0.000755682 0.000422577 1.91083e-05 -9.55882e-05 0.000114011 -0.000124031 0 -2.06896e-05 -0.000376812 0.000446586 0.000286017 0.000458286 0.000461627 0.000388587 0.000321739
internal_weight=3632 377 231 164 3255 408 132 87 2847 146 67 363 128 98 134 68 2713 235 2648 2618 183 114
internal_count=3632 377 231 164 3255 408 132 87 2847 146 67 363 128 98 134 68 2713 235 2648 2618 183 114
cat_boundaries=0 1 2
cat_threshold=530 2560
is_linear=0
shrinkage=0.01


Tree=73
num_leaves=22
num_cat=2
split_feature=10 0 14 29 25 0 14 25 23 17 10 24 10 21 25 22 14 34 21 19 12
split_gain=6.33588 2.43263 1.46511 1.65529 1.0708 0.700731 1.9346 0.465542 0.60307 0.37663 0.212968 0.210509 0.192759 0.0748646 0.0768455 0.0698277 0.0641546 0.0154416 0.0143704 0.0097722 0.00318829
threshold=4115.0714285714294 0 -0.47558551945199218 25.975000000000005 4176.0000000000009 1 -0.93235440815991333 4021.5000000000005 3910.5000000000005 -0.34234976856068178 4273.5714285714303 4199.0000000000009 4278.9285714285725 4299.0000000000009 4251.0000000000009 4300.5000000000009 -0.99866806308218525 3.4850000000000008 8206.0000000000018 141.55000000000004 4384.2500000000009
decision_type=2 9 2 2 2 9 2 2 2 2 2 2 2 2 2 2 2 2 2 2 2
left_child=1 7 9 4 -4 6 -2 8 -1 -3 -8 -9 13 14 -7 -15 -14 -12 -18 -19 -16
right_child=5 2 3 -5 -6 12 10 11 -10 -11 17 -13 16 15 20 -17 18 19 -20 -21 -22
leaf_value=0.11597413448339668 -1.4415877166241544 -0.84187893733658059 -0.14476780792191504 -2.4555010401157609 -1.2623373949991734 -0.70014189011631511 -0.78394926573626489 0.12405801154010361 -0.30713333570945056 0.012532436873773698 0.92137181627753006 -0.041079847547560069 0.22743863427876765 -0.073471136839436013 0.68908487059062107 0.062470766730714743 1.810771553814156 1.6411660563709214 2.4685011196881455 3.3673079926971003 0.84162175386923199
leaf_weight=39 36 34 39 33 53 48 32 116 51 39 56 33 49 30 113 41 2538 159 32 30 31
leaf_count=39 36 34 39 33 53 48 32 116 51 39 56 33 49 30 113 41 2538 159 32 30 31
internal_value=0.00022736 -0.000893836 -0.00167943 -0.00244048 -0.00154839 0.000384074 -4.16667e-05 -0.000122 -0.000714286 -0.000452703 0.000210432 0.000163333 0.000432423 0.000119318 0.000238342 -6.25e-05 0.000461641 0.000335366 0.000468689 0.000392105 0.000358621
internal_weight=3632 437 198 125 92 3195 313 239 90 73 277 149 2882 263 192 71 2619 245 2570 189 144
internal_count=3632 437 198 125 92 3195 313 239 90 73 277 149 2882 263 192 71 2619 245 2570 189 144
cat_boundaries=0 1 2
cat_threshold=850 2049
is_linear=0
shrinkage=0.01


Tree=74
num_leaves=21
num_cat=2
split_feature=10 0 12 13 28 0 19 10 13 7 10 11 23 19 13 19 11 25 17 21
split_gain=6.144 2.26063 0.918341 0.940966 1.31407 0.758054 1.23123 0.469112 0.291225 0.251046 0.201328 0.129866 0.108576 0.0804677 0.229576 0.064024 0.0354638 0.0350265 0.0317955 0.014279
threshold=4086.5714285714289 0 3955.8500000000008 5111.3496756595496 23.875000000000004 1 166.95000000000002 4273.5714285714303 4327.2746300974386 45.500000000000007 4278.9285714285725 101.11450367979177 4143.0000000000009 118.95000000000003 5249.2194310051118 33.650000000000013 191.48542155128686 4251.0000000000009 -0.99467580659249177 8206.0000000000018
decision_type=2 9 2 2 2 9 2 2 2 2 2 2 2 2 2 2 2 2 2 2
left_child=1 8 9 11 -5 6 7 -2 -1 -3 13 -4 -12 14 -7 -10 -9 -15 -14 -20
right_child=5 2 3 4 -6 10 -8 16 15 -11 12 -13 18 17 -16 -17 -18 -19 19 -21
leaf_value=-0.23215764168383751 -0.85717517002301225 -1.6387122555604094 -0.48458206487218375 -1.2649762245322373 -0.83044384929015191 -1.6287215215117439 -1.4316927683020364 1.4302053363072633 0.054741949687554574 -1.3058431291138077 0.15002837873126226 0.0023638922751846102 0.28469379497937769 0.1630142779260482 0.65743670568626145 0.10608485309270732 1.7542825376427056 0.5511848858864079 1.8533486654886673 2.4438161084912657
leaf_weight=30 39 30 55 31 63 58 48 175 98 31 30 38 62 45 89 30 52 101 2495 32
leaf_count=30 39 30 55 31 63 58 48 175 98 31 30 38 62 45 89 30 52 101 2495 32
internal_value=0.000224608 -0.00092629 -0.00149035 -0.0010984 -0.00182105 0.000372792 -7.07692e-05 0.000161049 0 -0.00273387 0.000422853 -0.00025 0.000454008 0.00012415 0 0.000263566 0.000366228 0.000292517 0.000461197 0.000468157
internal_weight=3632 406 248 187 94 3226 314 266 158 61 2912 93 2619 293 147 128 227 146 2589 2527
internal_count=3632 406 248 187 94 3226 314 266 158 61 2912 93 2619 293 147 128 227 146 2589 2527
cat_boundaries=0 1 2
cat_threshold=530 2049
is_linear=0
shrinkage=0.01


Tree=75
num_leaves=21
num_cat=3
split_feature=24 0 14 10 21 11 14 7 14 0 10 27 15 10 0 17 23 32 31 14
split_gain=6.15153 1.71952 1.71707 1.41207 0.858639 0.44869 0.274422 0.259344 0.524237 0.241684 0.327068 0.314126 0.210219 0.175608 0.145556 0.114779 0.104405 0.0699375 0.0432219 0.00238398
threshold=4040.5000000000005 0 0.21022171450811275 4236.4285714285716 4299.0000000000009 46.314401692718214 -0.99815974739704505 337.50000000000006 0.57077594689671507 1 4070.2857142857147 1.0000000180025095e-35 0.92191100909954782 4653.6428571428578 2 -0.15314025082153274 4127.5000000000009 58.999999999999993 2.7500000000000004 -0.80924678377697201
decision_type=2 9 2 2 2 2 2 2 2 9 2 2 2 2 9 2 2 2 2 2
left_child=1 2 -1 4 9 -3 13 8 12 19 11 -11 -7 -5 18 -12 -16 -18 -8 -2
right_child=3 5 -4 6 -6 7 14 -9 -10 10 15 -13 -14 -15 16 -17 17 -19 -20 -21
leaf_value=-0.46365458844378882 0.15977590654598542 0.028926217494962492 -1.4929739571463594 -0.40921139243367782 -1.0743942835134142 -2.2936238391292427 0.64871313522341267 0.0036318586230424102 -0.052042072480062262 -0.1263522735836857 0.53218510005936626 -1.0689853730265646 -0.3767828851356233 2.2114157713542273 0.2891864835369915 -0.9265632521065803 1.7161669391737764 1.069058344095718 -0.37716213251956549 0.24263483992128859
leaf_weight=49 30 58 55 32 44 31 67 36 35 56 91 35 30 32 30 50 2431 358 43 90
leaf_count=49 30 58 55 32 44 31 67 36 35 56 91 35 30 32 30 50 2431 358 43 90
internal_value=0.000214848 -0.00116271 -0.00215652 0.000337611 -0.000206549 -0.000422886 0.000412993 -0.000781955 -0.00105155 -1.13314e-05 -0.000222222 -0.000701087 -0.00160484 -0.000123077 0.000428157 3.52114e-06 0.000441519 0.000449642 0 0.000305344
internal_weight=3683 294 104 3389 396 190 2993 132 96 352 232 91 61 64 2929 141 2819 2789 110 120
internal_count=3683 294 104 3389 396 190 2993 132 96 352 232 91 61 64 2929 141 2819 2789 110 120
cat_boundaries=0 1 2 3
cat_threshold=169 643 2560
is_linear=0
shrinkage=0.01


Tree=76
num_leaves=21
num_cat=2
split_feature=10 0 14 12 25 11 32 18 12 32 0 29 34 10 28 14 7 33 33 21
split_gain=5.78937 2.36265 2.18819 0.639541 0.792863 0.511655 0.413766 0.349002 0.308584 0.283828 0.218699 0.171302 0.355448 0.142486 0.120094 0.0956201 0.0671907 0.0397287 0.0793595 0.0158901
threshold=4086.5714285714289 0 0.30164402523644185 4464.0166666666673 4686.0000000000009 165.45672649048726 1.0000000180025095e-35 16.850000000000005 4004.9500000000003 3.5999999999999899 1 25.825000000000006 4.4250000000000007 4342.1428571428578 22.825000000000006 -0.99866806308218525 295.50000000000006 374.25000000000006 404.55000000000007 8206.0000000000018
decision_type=2 9 2 2 2 2 2 2 2 2 9 2 2 2 2 2 2 2 2 2
left_child=1 11 6 4 5 10 -3 -7 -8 -10 13 12 14 -2 -1 -5 -12 19 -19 -17
right_child=3 2 -4 15 -6 7 8 -9 9 -11 16 -13 -14 -15 -16 17 -18 18 -20 -21
leaf_value=-0.27302306018169137 0.15526914546876916 -0.054727661682559409 -2.0488021063554949 0.11783219642821344 -1.0582844583735471 0.0020460600279384568 -0.20493107906690777 -0.7766353477558724 -1.8099863829361222 -0.81481848760772468 0.82144425043699776 0.020997998235822907 -0.20218530826297784 -0.72827453223933614 0.19568165725222891 2.3099540394776819 0.0017737965927511392 -0.07039781572928859 4.6118867087327891 2.3940316125761947
leaf_weight=47 102 38 58 34 30 43 33 32 33 30 379 74 54 36 59 2430 42 31 67 31
leaf_count=47 102 38 58 34 30 43 33 32 33 30 379 74 54 36 59 2430 42 31 67 31
internal_value=0.00022842 -0.000859485 -0.00164532 0.000374002 7.81955e-05 0.000168504 -0.000911111 -0.000559211 -0.00125773 -0.00169531 0.000284821 -9.38775e-05 -0.000310559 -6.7114e-06 0 0.000445837 0.000394676 0.00045293 9.09091e-05 0.000463241
internal_weight=3683 426 192 3257 664 634 134 75 96 63 559 234 160 138 106 2593 421 2559 98 2461
internal_count=3683 426 192 3257 664 634 134 75 96 63 559 234 160 138 106 2593 421 2559 98 2461
cat_boundaries=0 1 2
cat_threshold=626 277
is_linear=0
shrinkage=0.01


Tree=77
num_leaves=26
num_cat=3
split_feature=10 0 14 12 11 18 32 12 32 12 13 0 13 33 19 19 0 21 21 32 15 27 26 18 19
split_gain=5.81852 2.36265 2.18819 0.581577 0.426741 0.749629 0.413766 0.308584 0.283828 0.280839 0.42646 0.170852 0.139916 0.177155 0.183676 0.0983367 0.221003 0.139127 0.458438 0.0663214 0.0381213 0.0225568 0.0178894 0.0121229 0.0161209
threshold=4086.5714285714289 0 0.30164402523644185 4464.0166666666673 144.90908466042029 25.050000000000004 1.0000000180025095e-35 4004.9500000000003 3.5999999999999899 4409.6166666666677 5278.4338057569776 1 4327.2746300974386 8.4000000000000092 19.550000000000001 166.95000000000002 2 5506.0000000000009 4636.5000000000009 17.349999999999991 0.29958852271690523 21.000000000000004 25.425000000000004 1.9000000000000037 186.75000000000003
decision_type=2 9 2 2 2 2 2 2 2 2 2 9 2 2 2 2 9 2 2 2 2 2 2 2 2
left_child=1 12 6 4 9 20 -3 -8 -9 11 -11 19 -1 -14 -15 21 17 18 -17 -2 -6 -5 -16 -18 -25
right_child=3 2 -4 15 5 -7 7 8 -10 10 -12 -13 13 14 22 16 23 -19 -20 -21 -22 -23 -24 24 -26
leaf_value=-0.21869734403575547 1.2201560968683927 -0.0541803850657335 -2.0283140852919384 2.385848574148945 0.43093450243692971 -1.0846320337687452 -0.20288176827624096 -1.791886519106761 -0.80667030273164786 -0.80153588750743421 0.55074437335161075 0.55117680826689064 0.053316057906278032 -0.37641166388567399 0.32340098402437473 0.27934531349548491 7.0859431353948956 3.347058245881565 -0.43110856670606396 -0.28257073145322925 -0.11091291943287121 2.8679248807525339 -0.022532016649876436 2.2895712611386254 2.331192132735517
leaf_weight=33 44 38 58 2031 43 30 33 33 30 37 61 350 79 49 36 61 30 61 44 69 30 30 37 30 306
leaf_count=33 44 38 58 2031 43 30 33 33 30 37 61 350 79 49 36 61 30 61 44 69 30 30 37 30 306
internal_value=0.000231135 -0.000859485 -0.00164532 0.000377072 9.32331e-05 -0.000466346 -0.000911111 -0.00125773 -0.00169531 0.000214413 -0.000212121 0.000326509 -9.38775e-05 0 -0.000235772 0.000445837 0.000273921 0 -0.000259434 0 0 0.000485209 0 0.000405836 0.000439169
internal_weight=3683 426 192 3257 664 103 134 96 63 561 98 463 234 201 122 2593 532 166 105 113 73 2061 73 366 336
internal_count=3683 426 192 3257 664 103 134 96 63 561 98 463 234 201 122 2593 532 166 105 113 73 2061 73 366 336
cat_boundaries=0 1 2 3
cat_threshold=626 273 13
is_linear=0
shrinkage=0.01


Tree=78
num_leaves=19
num_cat=0
split_feature=10 12 20 30 23 16 21 14 10 21 19 33 22 10 12 30 31 31
split_gain=5.45909 1.80269 0.804207 0.636763 0.531381 0.305985 0.610973 0.264298 0.164813 0.123026 0.0784555 0.224855 0.25248 0.0649683 0.0692793 0.0639611 0.0218118 0.0185912
threshold=4199.2857142857147 3930.4000000000005 26.546428571428578 27.725000000000005 3851.0000000000005 0.70288017738294994 4199.0000000000009 -0.99815974739704505 4653.6428571428578 4167.0000000000009 166.95000000000002 195.00000000000003 4511.5000000000009 4278.9285714285725 4415.7000000000007 25.175000000000004 23.500000000000004 25.100000000000005
decision_type=2 2 2 2 2 2 2 2 2 2 2 2 2 2 2 2 2 2
left_child=1 2 -1 4 -3 6 -6 8 -2 -9 13 12 -12 14 -11 -7 -13 -15
right_child=7 3 -4 -5 5 15 -8 9 -10 10 11 16 -14 17 -16 -17 -18 -19
leaf_value=-0.99306371562180928 -0.38205232138850387 -1.4796781206931413 -0.94711516207173363 -2.2942762714043416 -0.15410717843051847 -0.11925642087674247 -1.0062544328520644 -0.024304048426326792 2.1645107599086546 0.47394574679711859 -1.4366097300362837 1.2405761982728132 1.4147004552629923 1.8689270989270543 -0.026076599636437558 0.46506295786212443 1.1634273991278641 3.7840134564449115
leaf_weight=32 33 58 33 41 239 52 47 54 32 99 39 414 66 2238 34 85 56 31
leaf_count=32 33 58 33 41 239 52 47 54 32 99 39 414 66 2238 34 85 56 31
internal_value=0.000236564 -0.000640306 -0.00223485 -0.000418738 -0.000289419 -0.000137972 -0.000337979 0.0004062 -0.000113636 0.000420679 0.000429315 0.000273438 -7.07547e-05 0.000462339 0.000123134 0.000206522 0.00037155 0.000477753
internal_weight=3683 587 65 522 481 423 286 3096 65 3031 2977 575 105 2402 133 137 470 2269
internal_count=3683 587 65 522 481 423 286 3096 65 3031 2977 575 105 2402 133 137 470 2269
is_linear=0
shrinkage=0.01


Tree=79
num_leaves=20
num_cat=1
split_feature=10 25 10 6 29 21 24 7 23 24 33 0 24 33 17 23 17 14 31
split_gain=5.22292 1.71278 1.21009 0.729457 0.624341 0.544617 0.464302 0.434284 0.224913 0.224194 0.220602 0.146413 0.0990391 0.0880713 0.110419 0.070902 0.0528571 0.0597235 0.0136987
threshold=3936.428571428572 4349.5000000000009 4206.4285714285716 10.500000000000002 26.825000000000006 4269.5000000000009 4176.0000000000009 273.50000000000006 4000.5000000000005 3951.0000000000005 29.050000000000004 0 4360.5000000000009 178.20000000000002 -0.15951288319385923 4200.5000000000009 0.2332836900311728 -0.082689790342551819 25.100000000000005
decision_type=2 2 2 2 2 2 2 2 2 2 2 9 2 2 2 2 2 2 2
left_child=1 3 5 4 -1 8 7 -4 9 -2 -11 16 15 18 -15 -10 -8 -18 -13
right_child=2 -3 6 -5 -6 -7 11 -9 12 10 -12 13 -14 14 -16 -17 17 -19 -20
leaf_value=-1.2317798585919371 0.010474324750603167 -2.7921058124089333 0.31365930427022598 0.067466638734909615 -0.37605213089161099 -1.0139125307380814 0.64556630842653362 -1.7370988912144418 0.17090935332278234 -0.98820293533488246 0.013599085207257468 1.6539526627262293 -0.57759954895273991 0.30173998103540411 2.0141559116729222 0.031157032416568812 -1.4964760586662471 0.90750804171649124 1.6587426502509492
leaf_weight=71 40 32 63 57 56 30 48 37 143 48 34 2298 42 303 235 51 30 32 33
leaf_count=71 40 32 63 57 56 30 48 37 143 48 34 2298 42 303 235 51 30 32 33
internal_value=0.000241992 -0.00125346 0.000338379 -0.0008 -0.00122266 -0.000169666 0.000405682 -0.00019802 -3.06407e-05 -0.000398374 -0.000710843 0.000429362 0.000118143 0.000442535 0.000276438 0.000241026 0 -0.000142857 0.000478345
internal_weight=3683 216 3467 184 127 388 3079 100 358 122 82 2979 236 2869 538 194 110 62 2331
internal_count=3683 216 3467 184 127 388 3079 100 358 122 82 2979 236 2869 538 194 110 62 2331
cat_boundaries=0 1
cat_threshold=2560
is_linear=0
shrinkage=0.01


Tree=80
num_leaves=21
num_cat=3
split_feature=12 0 14 22 25 14 13 20 0 20 20 15 25 23 13 27 14 33 0 27
split_gain=3.61559 2.12258 1.64993 1.0584 1.03581 0.768155 1.17133 1.22274 0.322623 0.484689 0.431448 0.148727 0.120295 0.293109 0.115265 0.0851948 0.0832416 0.204485 0.0270848 0.00259137
threshold=4182.0833333333339 0 -0.40614700388750385 4481.0000000000009 4127.5000000000009 -0.91936887716170002 5241.1237346003254 26.796428571428578 1 26.76071428571429 30.667857142857148 0.76556758748011056 3997.5000000000005 3928.5000000000005 5122.3147676771905 16.850000000000005 -0.8781231054254196 344.75000000000006 2 31.250000000000004
decision_type=2 9 2 2 2 2 2 2 9 2 2 2 2 2 2 2 2 2 9 2
left_child=1 12 -3 5 -4 6 7 -2 9 -7 -11 15 13 -1 -14 -10 17 18 -5 -18
right_child=3 2 4 16 -6 8 -8 -9 11 10 -12 -13 14 -15 -16 -17 19 -19 -20 -21
leaf_value=0.11283044377855315 0.0049053299680290718 0.026647852834421028 -1.2017245440435544 0.19689221238206567 -2.3912094512763509 0.15875065824136861 0.68611826949109633 -1.4958974278707053 0.88076759343126998 -1.3740442108412287 0.030037446500043391 -0.41809324064387371 0.033735823091659504 -0.33328443672480135 -0.13182030890570501 -0.16377795476455562 2.9466415733723355 -0.08003442570657171 1.3408376159639142 4.3837071182491734
leaf_weight=41 43 45 56 113 62 66 68 59 449 48 31 30 98 31 52 30 2046 35 205 38
leaf_count=41 43 45 56 113 62 66 68 59 449 48 31 30 98 31 52 30 2046 35 205 38
internal_value=0.000239375 -0.000667098 -0.00148563 0.000349632 -0.00219328 2.66667e-05 -0.000555556 -0.00125243 0.000193893 -0.000176282 -0.00075625 0.000316346 0 -0.000328767 0.000165563 0.000373958 0.000454676 0.00024435 0.000341693 0.000485372
internal_weight=3646 385 163 3261 118 824 170 102 654 145 79 509 222 72 150 479 2437 353 318 2084
internal_count=3646 385 163 3261 118 824 170 102 654 145 79 509 222 72 150 479 2437 353 318 2084
cat_boundaries=0 1 2 3
cat_threshold=850 2324 204
is_linear=0
shrinkage=0.01


Tree=81
num_leaves=23
num_cat=2
split_feature=12 0 7 19 12 11 22 13 7 23 20 22 24 0 17 17 33 21 27 7 21 13
split_gain=3.48564 3.60476 0.925625 0.800269 0.662509 0.591458 0.57238 0.468964 0.679677 0.234985 0.123527 0.199665 0.173576 0.0906235 0.142734 0.339552 0.0728029 0.205166 0.112147 0.0667953 0.021093 0.00109287
threshold=4257.7166666666681 0 57.500000000000007 88.350000000000009 3951.7500000000005 58.65434919345757 4481.0000000000009 5252.8597909035425 264.50000000000006 4349.5000000000009 23.053571428571434 3947.5000000000005 4199.0000000000009 1 0.21652658465572394 0.67485701100832973 344.75000000000006 5090.5000000000009 29.650000000000002 301.50000000000006 8206.0000000000018 5203.7635118078188
decision_type=2 9 2 2 2 2 2 2 2 2 2 2 2 9 2 2 2 2 2 2 2 2
left_child=1 4 -3 -4 5 -1 7 8 9 21 11 -6 -12 -9 -15 -16 18 -18 20 -14 -8 -2
right_child=6 2 3 -5 10 -7 16 13 -10 -11 12 -13 19 14 15 -17 17 -19 -20 -21 -22 -23
leaf_value=0.03646285295275703 0.17699060959156804 -1.9452469496915443 0.044848421846634248 -1.5659436206108492 0.069050181337097866 -1.1719697766055814 2.4171751576386122 0.82009516608293509 -1.0899440657872701 -0.41313454665729721 0.19641033877524527 -0.88869893113438081 0.76230060077114048 1.6048362396148244 -1.4781725650591933 0.65580410183944982 -0.079234081449503724 4.2806878014696101 0.57148480427214554 -0.8096096288679081 2.7056273315098021 0.72211155147119765
leaf_weight=42 82 47 30 49 32 41 2242 270 59 37 194 30 75 104 31 34 30 94 31 32 30 30
leaf_count=42 82 47 30 49 32 41 2242 270 59 37 194 30 75 104 31 34 30 94 31 32 30 30
internal_value=0.000247601 -0.000460733 -0.00187591 -0.00113125 0 -0.000815476 0.000382764 9.79938e-05 -0.000267943 3e-05 0.000168956 -0.000142857 0.000266556 0.000294318 2.5e-05 -0.000265151 0.000454489 9.6e-05 0.000469401 0 0.000477783 0.000318584
internal_weight=3646 572 126 79 446 83 3074 647 208 149 363 62 301 439 169 65 2427 124 2303 107 2272 112
internal_count=3646 572 126 79 446 83 3074 647 208 149 363 62 301 439 169 65 2427 124 2303 107 2272 112
cat_boundaries=0 1 2
cat_threshold=858 166
is_linear=0
shrinkage=0.01


Tree=82
num_leaves=23
num_cat=3
split_feature=12 0 12 24 11 22 0 33 20 28 20 22 24 20 20 12 14 33 12 0 15 27
split_gain=3.51272 3.60476 0.662509 0.596549 0.591458 0.516644 0.411124 0.735314 0.953891 0.136782 0.123527 0.199665 0.173576 0.110018 0.185082 0.139396 0.0863607 0.202443 0.0539952 0.0280412 0.0130208 0.00258567
threshold=4257.7166666666681 0 3951.7500000000005 4098.5000000000009 58.65434919345757 4481.0000000000009 1 70.350000000000009 26.725000000000005 25.725000000000005 23.053571428571434 3947.5000000000005 4199.0000000000009 26.93928571428572 27.175000000000004 4409.6166666666677 -0.8781231054254196 344.75000000000006 4205.9666666666681 2 0.78724360164103002 31.250000000000004
decision_type=2 9 2 2 2 2 9 2 2 2 2 2 2 2 2 2 2 2 2 9 2 2
left_child=1 2 4 -3 -1 6 7 -2 -9 -5 11 -4 -12 20 -15 -16 17 19 -14 -7 -8 -18
right_child=5 3 10 9 -6 16 13 8 -10 -11 12 -13 18 14 15 -17 21 -19 -20 -21 -22 -23
leaf_value=0.036098224423228936 0.94951718665229967 -2.1908965595318182 0.068359679523728525 -0.44405387018900938 -1.1602500788395245 0.17009597480340582 0.99387358086680921 0.0011403504099873497 -1.8646857085305166 -1.1888142553780259 0.19444623538749106 -0.87981194182303568 -0.66188185297327717 -0.27921627999502063 0.41332878111622146 -0.024852544428016467 2.9040942400951666 -0.078441740635007598 0.12428870819991429 1.3835392300565021 0.0066524802673537421 4.3341551990239591
leaf_weight=42 57 62 32 33 41 112 215 37 30 31 194 30 34 40 166 72 2041 35 73 201 30 38
leaf_count=42 57 62 32 33 41 112 215 37 30 31 194 30 34 40 166 72 2041 35 73 201 30 38
internal_value=0.000250343 -0.000460733 0 -0.00187591 -0.000815476 0.000386016 0.000113426 -0.000355556 -0.001125 -0.00104615 0.000168956 -0.000142857 0.000266556 0.000246255 6.81004e-05 0.000205021 0.000454489 0.000240688 0 0.000339172 0.000416667 0.000485337
internal_weight=3646 572 446 126 83 3074 647 124 67 64 363 62 301 523 278 238 2427 348 107 313 245 2079
internal_count=3646 572 446 126 83 3074 647 124 67 64 363 62 301 523 278 238 2427 348 107 313 245 2079
cat_boundaries=0 1 2 3
cat_threshold=858 2065 204
is_linear=0
shrinkage=0.01


Tree=83
num_leaves=18
num_cat=2
split_feature=10 25 22 14 0 18 26 13 21 22 14 33 28 24 0 27 21
split_gain=4.17332 2.08601 1.44089 0.646952 0.569098 1.19764 0.565098 0.340537 0.514436 0.0857766 0.0832416 0.204485 0.0446387 0.0310985 0.0270848 0.00259137 0.00119582
threshold=3919.7142857142862 4251.0000000000009 4481.0000000000009 0.66527693225344786 0 15.85 22.125000000000004 5249.2194310051118 4310.5000000000009 4115.5000000000009 -0.8781231054254196 344.75000000000006 24.175000000000004 3991.0000000000005 1 31.250000000000004 4950.5000000000009
decision_type=2 2 2 2 9 2 2 2 2 2 2 2 2 2 9 2 2
left_child=1 3 4 13 5 12 -6 8 -8 -9 11 14 -2 -1 16 -12 -4
right_child=2 -3 10 -5 6 -7 7 9 -10 -11 15 -13 -14 -15 -16 -17 -18
leaf_value=-0.22323102167774217 -0.2474851489366223 -2.3479770181727599 0.14766582101999148 -0.90930833083544826 -0.66329465171494084 -1.3595651605171306 0.015431218479084369 -0.024742829457450703 -0.33439531869859712 0.96252982147400856 2.8639624636612733 -0.077657323228659147 0.4173629942458284 0.089149270494439908 1.3195548129376522 4.2908136470337208 1.5428933108821457
leaf_weight=32 30 42 63 53 39 59 352 31 68 389 2046 35 73 41 205 38 50
leaf_count=32 30 42 63 53 39 59 352 31 68 389 2046 35 73 41 205 38 50
internal_value=0.000244859 -0.00127811 0.000321644 -0.000527559 4.79859e-07 -0.000514451 0.000111798 0.000178359 0 0.000380048 0.000454676 0.00024435 1.44231e-05 0 0.000341693 0.000485372 5.24194e-05
internal_weight=3646 168 3478 126 1041 162 879 840 420 420 2437 353 103 73 318 2084 113
internal_count=3646 168 3478 126 1041 162 879 840 420 420 2437 353 103 73 318 2084 113
cat_boundaries=0 1 2
cat_threshold=2065 204
is_linear=0
shrinkage=0.01


Tree=84
num_leaves=24
num_cat=3
split_feature=12 0 14 20 22 0 20 33 18 7 33 21 25 5 22 14 33 32 20 0 20 27 21
split_gain=3.65982 1.8312 1.52882 0.956505 0.932831 0.827776 0.815748 0.803598 0.290813 0.286034 0.522381 0.127643 0.0938048 0.41515 0.0881175 0.0832416 0.204485 0.0722695 0.0558846 0.0270848 0.01544 0.00259137 0.00119582
threshold=4182.0833333333339 0 -0.40614700388750385 23.903571428571432 4481.0000000000009 1 26.657142857142862 70.350000000000009 3.4499999999999971 264.50000000000006 142.35000000000005 4310.5000000000009 3997.5000000000005 2.5000000000000004 3991.0000000000005 -0.8781231054254196 344.75000000000006 0.099999999999998243 23.003571428571433 2 23.903571428571432 31.250000000000004 4950.5000000000009
decision_type=2 9 2 2 2 9 2 2 2 2 2 2 2 2 2 2 2 2 2 9 2 2 2
left_child=1 12 -3 18 5 6 -2 -8 20 11 -11 -10 13 -1 -14 16 19 -16 -4 22 -7 -17 -6
right_child=4 2 3 -5 15 8 7 -9 9 10 -12 -13 14 -15 17 21 -18 -19 -20 -21 -22 -23 -24
leaf_value=-0.26905832195906759 0.094488851317199266 0.043857792910690641 -1.5262004529596738 -2.2397454485975978 0.14618916280979222 1.0340179665526785 -0.029294490237417398 -1.4053507206964968 0.55906716559721181 -1.4629654437237911 0.031032372571592255 -0.033213095980910129 0.051304328414379492 0.17511941350114396 -0.1277643290340186 2.8353228390246614 -0.076880749996371386 0.038127700114846855 -0.14937066322018874 1.3063592648082778 0.86465624932229901 4.2479055105633838 1.5274643777733263
leaf_weight=36 55 45 31 57 63 30 40 43 169 46 81 79 76 36 30 2046 35 44 30 205 281 38 50
leaf_count=36 55 45 31 57 63 30 40 43 169 46 81 79 76 36 30 2046 35 44 30 205 281 38 50
internal_value=0.000244859 -0.000667098 -0.00142816 -0.00210924 0.000355763 5.09091e-05 -0.000610738 -0.00129167 0.000205165 0 -0.000363281 0.000216867 0 -0.000328767 9.93378e-05 0.000454676 0.00024435 -4e-05 -0.000959677 0.000341693 0.000434295 0.000485372 5.24194e-05
internal_weight=3646 385 163 118 3261 824 138 83 686 375 127 248 222 72 150 2437 353 74 61 318 311 2084 113
internal_count=3646 385 163 118 3261 824 138 83 686 375 127 248 222 72 150 2437 353 74 61 318 311 2084 113
cat_boundaries=0 1 2 3
cat_threshold=850 2053 204
is_linear=0
shrinkage=0.01


Tree=85
num_leaves=25
num_cat=3
split_feature=12 0 34 25 12 0 11 29 7 32 22 12 33 19 0 21 21 29 28 12 22 19 7 26
split_gain=4.67627 2.53452 2.16833 1.3596 0.916008 0.777196 2.01989 0.320404 0.199379 0.164056 0.481907 0.163059 0.160609 0.13829 0.282485 0.258644 0.778408 0.087447 0.309193 0.0973515 0.0116196 0.00912996 0.00806451 0.00303931
threshold=4182.0833333333339 0 4.745000000000001 4326.0000000000009 4497.2166666666681 1 104.51520447332653 24.025000000000002 258.50000000000006 0.3999999999999983 4200.5000000000009 4415.7000000000007 88.950000000000003 166.95000000000002 2 5506.0000000000009 4636.5000000000009 25.575000000000006 24.175000000000004 4025.3166666666671 4269.5000000000009 184.25000000000003 122.50000000000001 32.975000000000009
decision_type=2 9 2 2 2 9 2 2 2 2 2 2 2 2 9 2 2 2 2 2 2 2 2 2
left_child=1 17 3 7 5 6 12 -3 11 -10 -11 23 -2 20 15 16 -15 18 19 -1 -6 -16 -13 -7
right_child=4 2 -4 -5 13 8 -8 -9 9 10 -12 22 -14 14 21 -17 -18 -19 -20 -21 -22 -23 -24 -25
leaf_value=0.073936093650045956 0.41352255367840574 -0.33354655278041068 -2.1797915552460454 -0.96590302886548118 1.7883109990516262 0.98393332008945478 -1.6129089760977735 0.030855647512982736 0.53765228591086012 -0.70221963226099127 0.037107943275305533 0.98189011310706853 -0.90525160896751622 0.2671282546916191 3.5299335786196626 3.2302815538954675 -0.54983215101430083 0.064026407329316706 -0.13420447214892942 -0.16708778374357869 2.4301054373386886 2.5974242333075042 -0.21463954860281348 0.11892385720991236
leaf_weight=65 70 42 48 34 34 277 38 56 69 42 109 31 30 57 31 65 38 76 42 41 2019 319 30 35
leaf_count=65 70 42 48 34 34 277 38 56 69 42 109 31 30 57 31 65 38 76 42 41 2019 319 30 35
internal_value=0.000221411 -0.000785185 -0.00162304 -0.000932331 0.000348103 2.11749e-05 -0.000610738 -0.000212121 0.000192881 0 -0.000226974 0.000338235 1.18029e-11 0.000437403 0.000244618 -5.84795e-05 -0.000442708 0 -0.000174497 2.80374e-05 0.000480282 0.000401662 0 0.000434505
internal_weight=3698 404 180 132 3294 731 138 98 593 220 151 373 100 2563 510 160 95 224 148 106 2053 350 61 312
internal_count=3698 404 180 132 3294 731 138 98 593 220 151 373 100 2563 510 160 95 224 148 106 2053 350 61 312
cat_boundaries=0 1 2 3
cat_threshold=850 2193 13
is_linear=0
shrinkage=0.01


Tree=86
num_leaves=23
num_cat=2
split_feature=10 13 12 12 7 25 5 0 20 7 19 0 21 21 29 11 23 27 11 10 10 11
split_gain=5.67161 1.32271 1.09404 0.906229 0.800408 0.556627 0.509036 0.382857 0.448348 0.253269 0.13829 0.282485 0.258644 0.778408 0.0866805 0.0824503 0.0400961 0.0216105 0.0208691 0.0175136 0.011589 0.000400649
threshold=3936.428571428572 5116.5931835290585 4497.2166666666681 3930.4000000000005 264.50000000000006 4647.5000000000009 1.0000000180025095e-35 0 26.589285714285719 33.500000000000007 166.95000000000002 1 5506.0000000000009 4636.5000000000009 26.375000000000004 185.88586988248622 4349.5000000000009 20.200000000000006 101.11450367979177 4292.6428571428578 6020.1428571428578 60.749289629422627
decision_type=2 2 2 2 2 2 2 9 2 2 2 9 2 2 2 2 2 2 2 2 2 2
left_child=1 3 4 -1 5 15 14 21 -9 -5 17 12 13 -12 -6 16 -2 19 -11 -4 -13 -8
right_child=2 -3 10 9 6 -7 7 8 -10 18 11 20 -14 -15 -16 -17 -18 -19 -20 -21 -22 -23
leaf_value=-1.1161435852976387 0.26494966134276932 -1.0720555095132429 0.62231895808231552 -0.78179937720140458 -0.1372291752680824 -0.69906117473515661 0.0053349560120746122 0.019813917924719537 -1.0357612759309498 0.0923102571563474 0.26445697214470243 2.7473378997436031 3.1979787383565115 -0.5443338295041561 -0.99931699739065216 0.017030567943604115 0.40127340743165307 2.7749112802954476 -0.037181964411511635 2.4522417961728653 1.7024462300020256 0.09327760980125778
leaf_weight=54 369 50 32 36 35 51 30 88 80 40 57 320 65 38 31 30 133 30 30 1991 30 78
leaf_count=54 369 50 32 36 35 51 30 88 80 40 57 320 65 38 31 30 133 30 30 1991 30 78
internal_value=0.000232225 -0.00135071 0.000330754 -0.000807453 2.42981e-05 0.000259418 -0.000346939 -0.000115523 -0.000424581 -0.000158878 0.000437403 0.000244618 -5.84795e-05 -0.000442708 -0.00114925 0.00036773 0.000399602 0.000480282 7.04225e-05 0.000484931 0.000401662 0.000285714
internal_weight=3698 210 3488 160 925 583 342 276 168 106 2563 510 160 95 66 532 502 2053 70 2023 350 108
internal_count=3698 210 3488 160 925 583 342 276 168 106 2563 510 160 95 66 532 502 2053 70 2023 350 108
cat_boundaries=0 1 2
cat_threshold=612 13
is_linear=0
shrinkage=0.01


Tree=87
num_leaves=21
num_cat=2
split_feature=10 24 11 6 14 0 26 27 29 28 16 10 10 10 14 0 33 28 10 21
split_gain=5.67161 1.09521 0.830945 0.717594 0.630028 0.421354 0.468906 0.3525 0.321409 0.366122 0.229146 0.206666 0.169919 0.156225 0.153893 0.0985954 0.203392 0.0801752 0.0671387 0.0210455
threshold=3936.428571428572 4450.5000000000009 58.243121928459445 10.500000000000002 -0.95244167294248061 0 27.975000000000005 5.1500000000000012 22.975000000000005 22.475000000000005 0.80033572242307993 4389.7857142857147 4070.2857142857147 4086.5714285714289 -0.99815974739704505 1 199.45000000000002 26.975000000000005 4569.0714285714303 8206.0000000000018
decision_type=2 2 2 2 2 9 2 2 2 2 2 2 2 2 2 9 2 2 2 2
left_child=2 4 10 17 7 6 12 11 9 -7 -1 -2 -6 -10 -3 16 18 -4 -16 -17
right_child=1 14 3 -5 5 8 -8 -9 13 -11 -12 -13 -14 -15 15 19 -18 -19 -20 -21
leaf_value=0.21605972798798273 -1.6030172110450258 0.02710359937799197 -1.5276356509673499 -0.49417256079669375 -0.16608670286655952 0.17468393567912316 -0.6710930342864555 0.0074361032235129576 -0.011972012660741976 -1.2798646440028605 -0.7482375340733457 -0.094231601631567505 0.39891782720430136 0.71990277047774298 0.18567872020671414 1.9848153291569559 -0.065170282691224199 -0.52767915837794599 2.6227681314637765 2.6836213771810686
leaf_weight=30 36 46 59 54 38 34 30 44 116 38 37 32 56 538 31 2214 30 30 175 30
leaf_count=30 36 46 59 54 38 34 30 44 116 38 37 32 56 538 31 2214 30 30 175 30
internal_value=0.000232225 0.000330754 -0.00135071 -0.00179514 3.21911e-05 0.000135135 -0.000355556 -0.000654867 0.000234735 -0.000328767 -0.000242647 -0.00110145 0 0.000316031 0.000440443 0.000451431 0.000153846 -0.00239444 0.000304348 0.000475388
internal_weight=3698 3488 210 143 962 850 124 112 726 72 67 68 94 654 2526 2480 236 89 206 2244
internal_count=3698 3488 210 143 962 850 124 112 726 72 67 68 94 654 2526 2480 236 89 206 2244
cat_boundaries=0 1 2
cat_threshold=2128 2049
is_linear=0
shrinkage=0.01


Tree=88
num_leaves=24
num_cat=2
split_feature=10 13 12 12 7 18 10 25 12 12 7 11 19 0 21 21 0 28 11 10 28 10 18
split_gain=5.65192 1.32271 1.15612 0.906229 0.754017 0.640679 0.882661 0.535128 0.369997 0.295465 0.253269 0.222571 0.13829 0.282485 0.258644 0.778408 0.107524 0.0927586 0.0208691 0.016615 0.0137017 0.011589 0.0156968
threshold=3936.428571428572 5116.5931835290585 4497.2166666666681 3930.4000000000005 264.50000000000006 15.299999999999992 4398.5000000000009 4647.5000000000009 4261.6166666666677 4261.6166666666677 33.500000000000007 93.213144912286666 166.95000000000002 0 5506.0000000000009 4636.5000000000009 1 27.025000000000002 101.11450367979177 4292.6428571428578 32.625000000000007 6020.1428571428578 1.9000000000000037
decision_type=2 2 2 2 2 2 2 2 2 2 2 2 2 9 2 2 9 2 2 2 2 2 2
left_child=1 3 4 -1 7 9 8 16 -7 11 -5 -6 19 14 15 -14 17 -2 -12 -4 -18 22 -15
right_child=2 -3 12 10 5 6 -8 -9 -10 -11 18 -13 13 21 -16 -17 20 -19 -20 -21 -22 -23 -24
leaf_value=-1.0924336860363459 -0.034689020369941141 -1.0540340663867542 0.61423898129942334 -0.75870502691971464 -0.075613974164114917 -1.0666427005554124 0.040168403970453931 -0.6776561538329503 -1.275793714784365 0.21038837730168147 0.096455912605565533 -0.73320684504086042 0.25859662544544149 8.4470507662401264 3.1405603496304026 -0.55873864450068444 0.38932188125359124 0.28411687967136362 -0.031868419159427924 2.4162268186295783 1.4208041970460712 1.6624289870433395 2.6481251077626009
leaf_weight=54 53 50 32 36 117 30 36 51 31 88 40 40 57 30 65 38 392 57 30 2021 30 30 290
leaf_count=54 53 50 32 36 117 30 36 51 31 88 40 40 57 30 65 38 392 57 30 2021 30 30 290
internal_value=0.000229522 -0.00135071 0.000327888 -0.000807453 1.34989e-05 -0.000346939 -0.00103571 0.000242295 -0.00176613 -3.04878e-05 -0.000158878 -0.000325949 0.000437403 0.000244618 -5.84795e-05 -0.000442708 0.000348968 0 7.04225e-05 0.000480282 0.000418014 0.000401662 0.000436137
internal_weight=3698 210 3488 160 925 342 97 583 61 245 106 157 2563 510 160 95 532 110 70 2053 422 350 320
internal_count=3698 210 3488 160 925 342 97 583 61 245 106 157 2563 510 160 95 532 110 70 2053 422 350 320
cat_boundaries=0 1 2
cat_threshold=13 48
is_linear=0
shrinkage=0.01


Tree=89
num_leaves=25
num_cat=3
split_feature=12 0 34 25 12 0 33 20 29 22 33 0 21 21 11 29 28 12 12 20 27 24 23 33
split_gain=4.55185 2.36972 1.80739 1.3596 0.739909 0.815535 1.89243 1.58393 0.320404 0.109173 0.102421 0.225985 0.225519 0.608715 0.0956742 0.087447 0.309193 0.0973515 0.082465 0.107477 0.0191014 0.0150049 0.00822377 0.00535924
threshold=4182.0833333333339 0 4.745000000000001 4326.0000000000009 4538.0833333333348 1 70.350000000000009 26.76071428571429 24.025000000000002 4167.0000000000009 186.75000000000003 2 5506.0000000000009 4636.5000000000009 93.213144912286666 25.575000000000006 24.175000000000004 4025.3166666666671 4415.7000000000007 26.996428571428577 20.350000000000005 4269.5000000000009 4491.0000000000009 207.75000000000003
decision_type=2 9 2 2 2 9 2 2 2 2 2 9 2 2 2 2 2 2 2 2 2 2 2 2
left_child=1 15 3 8 5 6 -2 -8 -3 14 20 12 13 -12 -7 16 17 -1 22 -20 21 -6 -11 -13
right_child=4 2 -4 -5 10 9 7 -9 -10 18 11 23 -14 -15 -16 -17 -18 -19 19 -21 -22 -23 -24 -25
leaf_value=0.07393452774041942 0.89405579214636433 -0.30378452678962747 -2.1518197362478042 -0.92396507036481479 4.131222065563728 0.35339793446026008 0.020403450063885345 -1.7959433527954043 0.053137687434937853 0.47474608586163441 1.8935656505731016 2.6996592386623535 2.8477463834938561 -0.26367684350270798 -0.60440841801648693 0.081973388061356942 -0.1081717969925467 -0.16305324870026738 0.90948695016573056 -0.064775087702090048 2.7222136693728691 2.4641357168214379 0.18748126799237314 2.2912767550579849
leaf_weight=65 78 42 48 34 33 65 31 37 56 344 35 32 56 35 44 76 42 41 102 76 31 1982 30 283
leaf_count=65 78 42 48 34 33 65 31 37 56 344 35 32 56 35 44 76 42 41 102 76 31 1982 30 283
internal_value=0.000232225 -0.000760494 -0.00157068 -0.000932331 0.000357208 7.85891e-05 -0.00055414 -0.00182609 -0.000212121 0.000238839 0.000443529 0.00025 -5.10949e-05 -0.000492958 0 0 -0.000174497 2.80374e-05 0.000300181 5.02793e-05 0.000480215 0.000484871 0.000392 0.000391104
internal_weight=3698 404 180 132 3294 807 146 68 98 661 2487 441 126 70 109 224 148 106 552 178 2046 2015 374 315
internal_count=3698 404 180 132 3294 807 146 68 98 661 2487 441 126 70 109 224 148 106 552 178 2046 2015 374 315
cat_boundaries=0 1 2 3
cat_threshold=850 2193 13
is_linear=0
shrinkage=0.01


Tree=90
num_leaves=24
num_cat=2
split_feature=10 25 12 0 33 19 7 14 13 13 24 7 0 19 5 21 10 21 10 21 25 14 12
split_gain=4.59522 1.53892 1.04936 0.491179 0.70373 1.14209 0.45198 0.338195 0.208477 0.383976 0.350591 0.18915 0.134503 0.233873 0.129353 0.113874 0.109102 0.0730571 0.0565076 0.0178508 0.0047118 0.00113399 0.000750749
threshold=3943.1428571428573 4349.5000000000009 4464.0166666666673 0 62.400000000000006 101.05000000000003 337.50000000000006 -0.96235977360714686 5093.7310957594727 5050.7357750435203 3925.5000000000005 266.50000000000006 1 166.95000000000002 1.0000000180025095e-35 4200.5000000000009 4157.7857142857147 4020.5000000000005 4559.6428571428578 8206.0000000000018 4535.5000000000009 -0.99866806308218525 4313.4333333333343
decision_type=2 2 2 9 2 2 2 2 2 2 2 2 9 2 2 2 2 2 2 2 2 2 2
left_child=1 6 3 11 16 -6 8 -7 9 10 -1 17 13 18 -13 -16 -5 -2 -4 21 -19 -14 -18
right_child=2 -3 12 4 5 7 -8 -9 -10 -11 -12 14 19 -15 15 -17 22 20 -20 -21 -22 -23 -24
leaf_value=-0.10079401622567287 -0.02967145624394564 -2.6302039714647578 0.3127055022881976 -0.16123097069835357 -1.5827889200359195 -1.2450763441085675 0.20093630678303728 0.10669082087484323 -0.8292078581161022 0.056040208691995219 -1.5122881865456135 -0.21933560564604701 0.24514985108314441 -0.056294424984275795 0.031625362209218306 -0.00443212717793712 0.06713585214892602 0.87731213271804709 2.5256762566567632 2.1585125931038314 0.45952325445856218 2.1120253008213954 1.0033360587036562
leaf_weight=35 31 31 36 43 33 31 40 70 33 47 33 37 38 42 79 62 30 316 175 31 31 2243 80
leaf_count=35 31 31 36 43 33 31 40 70 33 47 33 37 38 42 79 62 30 316 175 31 31 2243 80
internal_value=0.000251792 -0.00113864 0.000344383 2.54739e-05 -0.000290268 -0.000837037 -0.000719577 -0.000191176 -0.000979866 -0.000625 -0.00110145 0.000208113 0.000445246 0.000138258 -5.58658e-06 7.39437e-05 0.000107143 0.000340369 0.000308962 0.000471804 0.000383621 0.00047787 0.000315315
internal_weight=3627 219 3408 843 287 134 188 101 148 115 68 556 2565 253 178 141 153 378 211 2312 347 2281 110
internal_count=3627 219 3408 843 287 134 188 101 148 115 68 556 2565 253 178 141 153 378 211 2312 347 2281 110
cat_boundaries=0 1 2
cat_threshold=554 2049
is_linear=0
shrinkage=0.01


Tree=91
num_leaves=18
num_cat=2
split_feature=10 0 24 22 0 18 13 12 13 23 10 34 14 33 12 25 27
split_gain=4.09103 1.66434 1.05851 0.980962 0.57198 1.27746 0.364025 0.286158 0.22514 0.172647 0.172176 0.126248 0.0723748 0.195285 0.0327568 0.0217604 0.00826342
threshold=3943.1428571428573 0 3962.5000000000005 4411.0000000000009 1 12.950000000000001 5087.8326786088428 3930.4000000000005 5226.3228676842946 4349.5000000000009 4070.2857142857147 2.9100000000000006 -0.8781231054254196 344.75000000000006 4505.2833333333338 7875.0000000000009 4.8000000000000016
decision_type=2 9 2 2 9 2 2 2 2 2 2 2 2 2 2 2 2
left_child=1 7 -3 4 5 14 -4 -1 9 10 -6 -10 13 -5 -2 -14 -13
right_child=3 2 6 12 8 -7 -8 -9 11 -11 -12 16 15 -15 -16 -17 -18
leaf_value=-0.16722573768000537 1.3898424846802473 -2.2431338808951269 -0.10721927233449112 0.5189812862020553 -0.11523802566821958 -1.5751036089538324 -1.1391428078306676 0.15751085822406827 -0.0059097130309452815 -0.2796396594151625 0.28952757831360193 0.7651843927601506 2.4177153108598661 -0.055731480734434624 0.14353814102265958 10.657777573872353 0.0037085815034019354
leaf_weight=41 51 44 31 326 157 52 37 66 39 33 159 309 2120 37 30 30 65
leaf_count=41 51 44 31 326 157 52 37 66 39 33 159 309 2120 37 30 30 65
internal_value=0.000262817 -0.00104773 -0.00182114 0.000350249 5.30134e-05 -0.000510417 -0.000956522 0 0.00016947 0 5.67823e-05 0.00032971 0.000452068 0.000251374 0.000128049 0.000481172 0.000392
internal_weight=3627 219 112 3408 895 133 68 107 762 349 316 413 2513 363 81 2150 374
internal_count=3627 219 112 3408 895 133 68 107 762 349 316 413 2513 363 81 2150 374
cat_boundaries=0 1 2
cat_threshold=531 2177
is_linear=0
shrinkage=0.01


Tree=92
num_leaves=18
num_cat=1
split_feature=10 13 22 12 0 18 7 25 7 18 26 18 14 19 12 25 21
split_gain=3.8009 1.29784 0.944646 0.68152 0.461119 1.04385 0.247573 0.256635 0.148136 0.143874 0.140363 0.138521 0.0723748 0.150615 0.0327568 0.0217604 0.00175658
threshold=3936.428571428572 5099.2566801763378 4411.0000000000009 3930.4000000000005 0 12.950000000000001 326.50000000000006 4050.5000000000005 27.500000000000004 60.800000000000011 23.425000000000004 1.1999999999999897 -0.8781231054254196 325.85000000000008 4505.2833333333338 7875.0000000000009 6992.5000000000009
decision_type=2 2 2 2 9 2 2 2 2 2 2 2 2 2 2 2 2
left_child=1 3 4 -1 5 14 7 8 -6 -9 -5 -8 13 16 -2 -14 -4
right_child=2 -3 12 10 6 -7 11 9 -10 -11 -12 -13 15 -15 -16 -17 -18
leaf_value=-1.0358627131817864 1.3759440598334451 -1.0806020221515755 0.47043018262657382 -2.528006787468732 0.013879304875729788 -1.5593525728642956 -0.1567405442433806 0.30047016556637929 -1.2890579059391154 0.0033379166174960042 0.16999027762917709 0.036705165998072102 2.393538157751272 -0.047432087788685545 0.14210275961243085 10.551199798133633 1.572920261153661
leaf_weight=53 51 54 287 30 33 52 41 511 30 119 61 49 2120 46 30 30 30
leaf_count=53 51 54 287 30 33 52 41 511 30 119 61 49 2120 46 30 30 30
internal_value=0.000271086 -0.0010603 0.000351166 -0.000468965 6.32497e-05 -0.000440972 0.000165617 0.000239914 -0.000289062 0.000309033 0 -0.000274725 0.000452068 0.000251374 0.000128049 0.000481172 0.000341195
internal_weight=3627 198 3429 144 916 133 783 693 63 630 91 90 2513 363 81 2150 317
internal_count=3627 198 3429 144 916 133 783 693 63 630 91 90 2513 363 81 2150 317
cat_boundaries=0 1
cat_threshold=2177
is_linear=0
shrinkage=0.01


Tree=93
num_leaves=17
num_cat=1
split_feature=10 13 22 14 32 12 7 0 10 10 26 22 14 33 14 18
split_gain=3.47777 1.41798 1.02074 0.721808 0.645604 0.514713 0.289873 0.298922 0.461407 0.220047 0.140363 0.0971672 0.0792401 0.152677 0.0334595 0.0189736
threshold=3936.428571428572 5099.2566801763378 4411.0000000000009 -0.96235977360714686 21.050000000000004 3930.4000000000005 324.50000000000006 0 4283.2142857142871 4043.0714285714289 23.425000000000004 4360.5000000000009 -0.84315017450793706 344.75000000000006 -0.89015004145349408 1.3499999999999897
decision_type=2 2 2 2 2 2 2 9 2 2 2 2 2 2 2 2
left_child=1 5 3 4 -2 -1 7 8 -5 15 -7 -9 13 14 -4 -8
right_child=2 -3 12 6 -6 10 9 11 -10 -11 -12 -13 -14 -15 -16 -17
leaf_value=-1.0255040860499682 0.37446408686849908 -1.069796001930059 0.70877923307474122 -0.39011494905893701 -1.3936951788828917 -2.5027267195940448 -0.1138421690948794 0.34690315283120149 0.4456112522434868 -0.62662062979643818 0.1682903748528867 0.0059066919488394379 2.3702615719589084 -0.048506182353893125 0.39806510863325445 0.21409455916044842
leaf_weight=53 35 54 314 84 47 30 30 501 73 33 61 81 2107 45 47 32
leaf_count=53 35 54 314 84 47 30 30 501 73 33 61 81 2107 45 47 32
internal_value=0.000262817 -0.00101005 0.000339504 4.14395e-05 -0.000831325 -0.0004 0.00014012 0.000215541 -0.000127976 -0.000338542 0 0.000322091 0.000444113 0.000253071 0.000332873 0
internal_weight=3627 198 3429 916 82 144 834 739 157 95 91 582 2513 406 361 62
internal_count=3627 198 3429 916 82 144 834 739 157 95 91 582 2513 406 361 62
cat_boundaries=0 1
cat_threshold=2336
is_linear=0
shrinkage=0.01


Tree=94
num_leaves=23
num_cat=2
split_feature=12 0 26 7 22 32 7 20 18 25 7 16 33 0 19 19 12 33 28 27 33 33
split_gain=2.98731 0.780454 0.95094 0.773025 0.630801 0.584594 0.948031 1.64869 0.537522 0.513913 0.108114 0.0953241 0.0864008 0.182539 0.0844667 0.0709496 0.0692843 0.0636548 0.0620481 0.0181981 0.0113641 0.000301199
threshold=4182.0833333333339 0 26.975000000000005 57.500000000000007 4411.0000000000009 12.649999999999995 273.50000000000006 26.76071428571429 1.1999999999999897 4550.5000000000009 345.50000000000006 -0.4149617871988161 186.75000000000003 1 142.35000000000005 132.25000000000003 3930.4000000000005 325.85000000000008 32.625000000000007 22.450000000000003 257.55000000000001 196.85000000000002
decision_type=2 9 2 2 2 2 2 2 2 2 2 2 2 9 2 2 2 2 2 2 2 2
left_child=1 11 3 8 5 14 9 -8 16 15 -5 -1 19 17 18 -7 -3 20 -2 -6 -14 -15
right_child=4 2 -4 10 12 6 7 -9 -10 -11 -12 -13 13 21 -16 -17 -18 -19 -20 -21 -22 -23
leaf_value=-0.080558227354119896 0.73509915019330563 -0.83643107308370734 -1.743377527488865 0.095248242875994954 2.0096941912731081 0.001311655135735052 0.52094126045267941 -1.4891091950487541 -0.067344460775173087 -0.66318254160131984 -0.21067415052883834 0.057275017696531448 0.0064743135754031546 0.78660451918807328 -6.8119322459725309 0.76813863600407195 -1.3462450077856056 -0.054214783225665995 0.84791851856655376 2.1875752103488568 4.2665319072754171 2.0861806141898587
leaf_weight=30 303 31 32 71 2025 81 31 37 34 41 58 77 79 34 30 157 55 32 46 31 35 277
leaf_count=30 303 31 32 71 2025 81 31 37 34 41 58 77 79 34 30 157 55 32 46 31 35 277
internal_value=0.000262817 -0.00055527 -0.000820205 -0.000582 0.000364043 8.66575e-05 -0.000191092 -0.00124638 -0.00115702 3.39286e-05 0 0.000114407 0.000440135 0.000258734 0.000367105 0.000246862 -0.00157471 0 0.000412857 0.00047545 6.08696e-05 0.000389752
internal_weight=3627 388 281 249 3239 726 347 68 120 279 129 107 2513 457 379 238 86 146 349 2056 114 311
internal_count=3627 388 281 249 3239 726 347 68 120 279 129 107 2513 457 379 238 86 146 349 2056 114 311
cat_boundaries=0 1 2
cat_threshold=18 197
is_linear=0
shrinkage=0.01


Tree=95
num_leaves=24
num_cat=2
split_feature=10 0 12 0 32 14 10 21 5 19 23 33 19 12 23 12 14 29 14 22 19 19 13
split_gain=3.57062 1.01573 0.724944 0.818087 1.16394 0.521541 0.289353 0.247668 0.171499 0.357553 0.261362 0.142856 0.380503 0.292958 0.132797 0.0980903 0.0952322 0.0933596 0.0491115 0.018843 0.0205183 0.105311 0.0138058
threshold=4086.5714285714289 0 4580.6000000000013 1 16.850000000000005 -0.47558551945199218 3943.1428571428573 3802.5000000000005 2.5000000000000004 18.050000000000008 3940.5000000000005 88.950000000000003 132.25000000000003 4376.7500000000009 4399.5000000000009 4445.7166666666681 -0.99866806308218525 23.525000000000002 -0.30983472475487867 4269.5000000000009 236.45000000000002 257.55000000000001 5122.3147676771905
decision_type=2 9 2 9 2 2 2 2 2 2 2 2 2 2 2 2 2 2 2 2 2 2 2
left_child=1 8 3 4 15 -3 7 -7 9 10 -1 17 13 -13 -14 -2 -4 -5 -10 -18 -21 -22 -19
right_child=2 5 16 11 -6 6 -8 -9 18 -11 -12 12 14 -15 -16 -17 19 22 -20 20 21 -23 -24
leaf_value=0.028191173581684943 1.6925238489186201 -0.47656856032217698 0.77594091489243455 0.11920757695800056 -1.3426043939890488 -1.2021531531021803 -0.1517366005208777 -1.5578483035653283 -0.028971461837668581 0.18517853700193179 -0.56027414276922061 -0.36020472968829498 0.87585495660783752 0.045639711847411911 -0.024176055999724715 -0.2566174844212098 1.6705577933171387 0.0708744616277735 0.13411777485491358 2.4383692300462525 -0.090679784588456658 2.4072674917536943 0.88437304928302896
leaf_weight=31 55 53 36 30 45 36 44 74 30 38 36 45 205 35 60 35 30 31 71 2061 38 218 312
leaf_count=31 55 53 36 30 45 36 44 74 30 38 36 45 205 35 60 35 30 31 71 2061 38 218 312
internal_value=0.000253288 -0.000612319 0.000367006 0.000101288 -0.000565068 -0.00108486 -0.00143871 -0.00175676 -3.22581e-05 -0.000353774 -0.000830882 0.000245542 6.50289e-05 -0.000493827 0.000272556 0 0.000457844 0.000391711 0.00020098 0.000465716 0.000469586 0.000264591 0.000440407
internal_weight=3649 413 3236 853 135 207 154 110 206 105 67 718 345 80 265 90 2383 373 101 2347 2317 256 343
internal_count=3649 413 3236 853 135 207 154 110 206 105 67 718 345 80 265 90 2383 373 101 2347 2317 256 343
cat_boundaries=0 1 2
cat_threshold=786 2053
is_linear=0
shrinkage=0.01


Tree=96
num_leaves=25
num_cat=0
split_feature=10 33 11 26 11 12 18 18 20 20 26 12 10 26 7 32 7 14 22 33 33 15 11 11
split_gain=3.64924 0.763883 0.912824 1.37571 0.610881 0.561787 0.70465 0.6136 0.746947 0.7202 0.356791 0.521429 0.258109 0.132542 0.383509 0.118636 0.0953519 0.0952081 0.0188329 0.0199341 0.111114 0.0168845 0.000750749 4.24794e-05
threshold=4199.2857142857147 120.95000000000002 98.577500129439571 26.625000000000004 116.65302516854855 4580.6000000000013 7.9999999999999991 29.999999999999996 26.796428571428578 27.317857142857147 26.325000000000006 3930.4000000000005 4029.2857142857147 27.775000000000002 201.50000000000003 11.349999999999993 41.500000000000007 -0.99866806308218525 4299.0000000000009 237.95000000000002 257.55000000000001 -0.86548532668110156 129.1925472120667 51.175466853901987
decision_type=2 2 2 2 2 2 2 2 2 2 2 2 2 2 2 2 2 2 2 2 2 2 2 2
left_child=1 2 10 4 -4 6 16 8 -8 -10 11 -1 -13 22 -15 -3 -2 -7 -19 -20 -21 -18 -9 -17
right_child=5 15 3 -5 -6 17 7 13 9 -11 -12 12 -14 14 -16 23 21 18 19 20 -22 -23 -24 -25
leaf_value=-0.71537958730983753 -0.021301265921368794 -0.27449051825989307 -2.1489435636887464 -0.99079548339239298 0.05032514537720157 0.76818150574350907 0.26235066769948329 0.22179272043640891 -1.5194715390710838 -0.20473374298415409 0.20898319064368676 -0.14272014417095402 -0.76778494471523662 0.71152460820490926 -0.4706402784330998 0.98964949816896142 0.86229901706688394 1.6538522153839674 2.4060650846301335 -0.14848523157590574 2.3879816072178253 1.2617184391398497 0.068194160803650455 0.58101591647740958
leaf_weight=35 30 39 37 30 48 36 39 80 31 32 64 164 47 59 30 30 30 30 2056 36 221 339 30 76
leaf_count=35 30 39 37 30 48 36 39 80 31 32 64 164 47 59 30 30 30 30 2056 36 221 339 30 76
internal_value=0.000245069 -0.000481611 -0.000698357 -0.00148707 -0.000668605 0.000382955 0.000114123 -0.000230132 -0.000864078 -0.00153906 -0.000369775 -0.000554656 -0.000304245 4.75e-05 -0.000172222 8.56164e-05 0.00039875 0.000457773 0.000465657 0.000469533 0.000265504 0.000444595 0.000315315 0.000308411
internal_weight=3649 570 425 115 85 3079 700 301 102 63 310 246 211 199 89 145 399 2379 2343 2313 257 369 110 106
internal_count=3649 570 425 115 85 3079 700 301 102 63 310 246 211 199 89 145 399 2379 2343 2313 257 369 110 106
is_linear=0
shrinkage=0.01


Tree=97
num_leaves=26
num_cat=0
split_feature=10 33 11 26 23 12 18 18 26 23 13 15 19 32 26 14 14 26 11 19 23 19 19 15 11
split_gain=3.50538 0.615938 0.760185 1.45613 0.58793 0.561787 0.70465 0.6136 0.294972 0.335378 0.280151 0.321787 0.271919 0.136915 0.132542 0.383509 0.0952081 0.0928826 0.0479874 0.0251313 0.0188329 0.0199341 0.10317 0.0168633 0.000750749
threshold=4199.2857142857147 123.85000000000002 98.577500129439571 26.625000000000004 3947.5000000000005 4580.6000000000013 7.9999999999999991 29.999999999999996 25.775000000000002 3928.5000000000005 5286.7055619430876 1.0000000180025095e-35 20.600000000000001 11.349999999999993 27.775000000000002 -0.30163705152652742 -0.99866806308218525 22.675000000000004 64.549722436790518 7.9499999999999993 4299.0000000000009 236.45000000000002 257.55000000000001 -0.86548532668110156 129.1925472120667
decision_type=2 2 2 2 2 2 2 2 2 2 2 2 2 2 2 2 2 2 2 2 2 2 2 2 2
left_child=1 2 8 4 -4 6 17 10 9 19 11 -8 -11 -3 24 -16 -7 -2 -10 -1 -18 -22 -23 -19 -9
right_child=5 13 3 -5 -6 16 7 14 18 12 -12 -13 -14 -15 15 -17 20 23 -20 -21 21 22 -24 -25 -26
leaf_value=0.28682965164518598 -0.018330342095756826 -0.80524000937291573 -2.298719816963775 -0.97803463000405677 0.02884119823551539 0.7604996906860737 -0.08787848959014774 0.21957479323204393 0.23916020826486822 -0.88564261664759758 0.0029605251248452191 -1.5124194042253216 -0.00051715257852170905 0.79483370916611451 -0.46593387564876815 0.70440936212286076 0.76228310812385591 0.8536760268962138 -0.027637633369787907 -0.14372611269363644 2.3820044337838291 -0.05893201201014682 2.3593150007639796 1.2572869692942379 0.067512219195614315
leaf_weight=32 31 34 33 31 53 36 30 80 50 96 42 30 44 102 30 59 30 30 51 44 2056 39 218 338 30
leaf_count=32 31 34 33 31 53 36 30 80 50 96 42 30 44 102 30 59 30 30 51 44 2056 39 218 338 30
internal_value=0.000247808 -0.000464098 -0.000650575 -0.00136864 -0.00054023 0.000382955 0.000114123 -0.000230132 -0.000350629 -0.000562212 -0.000864078 -0.00131148 -0.000851064 5.83942e-05 4.75e-05 -0.000172222 0.000457773 0.00039875 4.90197e-06 0 0.000465657 0.000469533 0.000265504 0.000444444 0.000315315
internal_weight=3649 570 434 117 86 3079 700 301 317 216 102 60 140 136 199 89 2379 399 101 76 2343 2313 257 368 110
internal_count=3649 570 434 117 86 3079 700 301 317 216 102 60 140 136 199 89 2379 399 101 76 2343 2313 257 368 110
is_linear=0
shrinkage=0.01


Tree=98
num_leaves=20
num_cat=2
split_feature=10 0 10 12 32 0 32 23 13 12 31 19 33 29 16 14 27 22 15
split_gain=3.39107 0.856947 0.757251 0.548165 0.642482 0.667324 0.553787 0.422115 0.375341 0.316908 0.188855 0.276989 0.347574 0.14187 0.133518 0.0967913 0.063118 0.0196137 0.0118614
threshold=4206.4285714285716 0 3943.1428571428573 4580.6000000000013 14.550000000000002 1 29.999999999999996 4247.5000000000009 4327.2746300974386 4305.3500000000013 1.1500000000000001 8.7500000000000018 29.050000000000004 23.525000000000002 1.0000000180025095e-35 -0.99866806308218525 1.1500000000000001 4299.0000000000009 -0.86548532668110156
decision_type=2 9 2 2 2 9 2 2 2 2 2 2 2 2 2 2 2 2 2
left_child=1 2 -1 4 13 16 -7 14 -3 -8 11 -10 -13 -2 -4 -5 -6 -17 -15
right_child=3 8 7 15 5 6 9 -9 10 -11 -12 12 -14 18 -16 17 -18 -19 -20
leaf_value=-1.5711547592140698 -0.010081013177421721 -0.80757701417043937 -0.38470096849023278 0.75289469377921192 0.035246307832374514 -1.3937979547346213 0.072940832550485543 -0.77675348593504778 0.05906493095739971 -0.32446285614437381 0.56374012161632892 -0.31017134223375009 -0.0026490064850500654 0.87509413486810206 0.33002259435571374 1.620782395207724 0.25741804902511711 2.2647828332300759 1.2356667467698017
leaf_weight=64 43 47 40 36 30 45 45 30 84 55 86 68 124 32 46 30 96 2313 335
leaf_count=64 43 47 40 36 30 45 45 30 84 55 86 68 124 32 46 30 96 2313 335
internal_value=0.000253288 -0.000433051 -0.000994764 0.000388762 0.000118035 -0.000237132 -0.000689103 -0.000444444 -0.000132143 -0.00019802 0 -0.000151625 -0.00038342 0.000377129 0 0.000461975 0.000240876 0.000469923 0.000444293
internal_weight=3649 589 180 3060 681 271 145 116 409 100 362 276 192 410 86 2379 126 2343 367
internal_count=3649 589 180 3060 681 271 145 116 409 100 362 276 192 410 86 2379 126 2343 367
cat_boundaries=0 1 2
cat_threshold=2188 546
is_linear=0
shrinkage=0.01


Tree=99
num_leaves=23
num_cat=2
split_feature=10 0 33 10 18 0 13 18 13 25 26 19 33 24 7 17 10 22 14 14 33 24
split_gain=3.36448 1.06549 0.704848 0.602771 0.607497 0.662759 0.459804 0.768435 0.390891 0.267785 0.187059 0.177004 0.357574 0.13903 0.121259 0.0987228 0.0971508 0.0903873 0.0365288 0.114084 0.0713852 0.0189736
threshold=4199.2857142857147 0 120.95000000000002 4440.2857142857147 7.4999999999999991 1 5346.1803277515401 29.999999999999996 4327.2746300974386 4031.0000000000005 25.675000000000004 8.7500000000000018 29.050000000000004 4350.5000000000009 258.50000000000006 0.28931730210571233 3943.1428571428573 4251.0000000000009 -0.89785546691630314 -0.95995996396290595 250.65000000000003 4393.0000000000009
decision_type=2 9 2 2 2 9 2 2 2 2 2 2 2 2 2 2 2 2 2 2 2 2
left_child=1 2 9 4 15 14 7 -7 -3 -1 11 -10 -13 -12 -6 -2 -11 -5 19 -19 -21 -17
right_child=3 8 -4 17 5 6 -8 -9 10 16 13 12 -14 -15 -16 21 -18 18 -20 20 -22 -23
leaf_value=-0.94113114189423119 1.1093466300846382 -0.79950124402873513 0.0037749859408295005 1.0307093826027984 0.97455495352704036 -1.4589294890008713 0.021229325101574333 -0.016415958480658958 0.056634800101367157 -1.4411752146119554 0.20041364249782695 -0.2982790011764313 0.024468093371643854 -0.029140421640821281 -0.12897797800157662 0.7163538964260695 -0.765132201277964 1.0046154989950691 2.7597308009945234 0.81874894879098048 -0.12928511894445308 -0.095497110032602375
leaf_weight=35 262 47 40 37 103 33 43 53 56 34 129 69 71 30 30 32 59 193 2169 61 33 30
leaf_count=35 262 47 40 37 103 33 43 53 56 34 129 69 71 30 30 32 59 193 2169 61 33 30
internal_value=0.000250548 -0.000446585 -0.00109497 0.000382955 7.32538e-05 -0.000262357 -0.000753571 -0.00122989 -0.000118644 -0.00151938 0 -0.000213198 -0.000425532 0.000246875 0.000184028 0.000375385 -0.00184574 0.000451684 0.000459096 0.000255208 0 0
internal_weight=3649 570 168 3079 586 262 129 86 402 128 355 196 140 159 133 324 93 2493 2456 287 94 62
internal_count=3649 570 168 3079 586 262 129 86 402 128 355 196 140 159 133 324 93 2493 2456 287 94 62
cat_boundaries=0 1 2
cat_threshold=2188 522
is_linear=0
shrinkage=0.01


Tree=100
num_leaves=22
num_cat=1
split_feature=10 0 21 34 23 34 20 11 33 12 27 33 21 20 33 19 25 27 23 7 21
split_gain=3.31283 2.13442 1.07631 1.34462 0.8488 0.333195 0.224942 0.214236 0.213838 0.192355 0.46882 0.229425 0.15332 0.182229 0.10167 0.0614881 0.0553288 0.0428996 0.0187541 0.015752 0.0144899
threshold=4283.2142857142871 0 3899.5000000000005 4.7750000000000012 4275.5000000000009 4.4250000000000007 24.092857142857145 47.892485998684101 8.5500000000000025 4580.6000000000013 4.0500000000000007 196.85000000000002 4299.0000000000009 27.153571428571432 122.35000000000002 180.95000000000002 4590.5000000000009 29.650000000000002 4287.5000000000009 43.500000000000007 8130.5000000000009
decision_type=2 9 2 2 2 2 2 2 2 2 2 2 2 2 2 2 2 2 2 2 2
left_child=1 4 3 -3 5 -1 7 -4 -9 10 14 -12 16 -14 19 -16 -8 18 -11 -2 -20
right_child=9 2 6 -5 -6 -7 12 8 -10 17 11 -13 13 -15 15 -17 -18 -19 20 -21 -22
leaf_value=-0.83111544108323498 0.0058757768596591053 0.021192570871792712 0.10337413245655296 -1.6022670540175481 -1.0979497049060847 -0.21612584254108613 0.1723554628865083 0.074382816037778549 -0.18718094377059355 0.70441514070037248 -0.16028750110173134 0.13704419291285097 0.3436861868896009 -0.0945791397650627 -0.081423086438090028 0.21874779606030126 0.17504142255268837 1.2458340222876221 2.2821817422811628 1.0327156861369071 1.523094440385206
leaf_weight=31 30 55 36 40 31 39 312 30 65 30 51 36 37 44 41 48 33 57 2250 292 32
leaf_count=31 30 55 36 40 31 39 312 30 65 30 51 36 37 44 41 48 33 57 2250 292 32
internal_value=0.000259597 -0.000322944 -8.14479e-05 -0.00106771 -0.00160268 -0.000915493 6.89964e-05 -0.000261364 -0.000546875 0.000416144 0.000198397 -0.000414773 0.000194379 -0.000115854 0.000353155 0 0.000296243 0.000457595 0.000465197 0.000436533 0.00046912
internal_weight=3620 753 652 95 101 70 557 131 95 2867 498 87 426 81 411 89 345 2369 2312 322 2282
internal_count=3620 753 652 95 101 70 557 131 95 2867 498 87 426 81 411 89 345 2369 2312 322 2282
cat_boundaries=0 1
cat_threshold=2180
is_linear=0
shrinkage=0.01


Tree=101
num_leaves=22
num_cat=0
split_feature=10 11 12 26 17 33 21 25 16 21 12 27 33 20 33 27 33 23 7 21 7
split_gain=3.31283 1.02124 0.965356 0.682685 0.37094 0.410665 0.282032 0.285267 0.400645 0.243443 0.192355 0.46882 0.229425 0.147579 0.10167 0.0428996 0.0369416 0.0187541 0.015752 0.0144899 0.0107504
threshold=4283.2142857142871 77.023032997571946 3955.8500000000008 27.725000000000005 0.65720762023595369 18.050000000000008 3882.5000000000005 4398.0000000000009 -0.52766560075116253 4200.5000000000009 4580.6000000000013 4.0500000000000007 196.85000000000002 23.289285714285718 122.35000000000002 29.650000000000002 186.75000000000003 4287.5000000000009 43.500000000000007 8130.5000000000009 93.500000000000014
decision_type=2 2 2 2 2 2 2 2 2 2 2 2 2 2 2 2 2 2 2 2 2
left_child=1 6 -3 4 9 -6 -1 13 -9 -4 11 14 -13 -8 18 17 -16 -12 -2 -19 -10
right_child=10 2 3 -5 5 -7 7 8 20 -11 15 12 -14 -15 16 -17 -18 19 -20 -21 -22
leaf_value=-0.32534405333911165 0.0058170190910617169 -1.6791038708630419 0.080748902765495637 -1.8874642309507506 0.0052345807279762192 -0.42491855906255893 -0.0368608089656541 -0.42350786839069043 0.83927469016422696 -1.0578622703969602 0.69737098929336694 -0.15868462609071415 0.13567375098372117 0.19438801433457545 -0.056871797561270671 1.2333756820647475 0.29777182697343607 2.2593599248583529 1.0223885292755399 1.5078634959813497 0.0082919027305070111
leaf_weight=38 30 39 122 46 33 31 56 35 32 71 30 51 36 220 47 57 42 2250 292 32 30
leaf_count=38 30 39 122 46 33 31 56 35 32 71 30 51 36 220 47 57 42 2250 292 32 30
internal_value=0.000259597 -0.000322944 -0.000725948 -0.000488487 -0.000238372 -0.000892308 0 9.75936e-05 -0.000321429 0 0.000416144 0.000198397 -0.000414773 0.000281588 0.000353155 0.000457595 0 0.000465197 0.000436533 0.00046912 1.5873e-05
internal_weight=3620 753 342 303 257 64 411 373 97 193 2867 498 87 276 411 2369 89 2312 322 2282 62
internal_count=3620 753 342 303 257 64 411 373 97 193 2867 498 87 276 411 2369 89 2312 322 2282 62
is_linear=0
shrinkage=0.01


Tree=102
num_leaves=23
num_cat=1
split_feature=10 0 33 27 24 21 28 12 32 18 20 20 34 25 12 13 27 17 24 21 24 6
split_gain=3.16881 1.68939 0.67277 0.902577 0.810798 0.400014 0.621345 0.379383 0.641943 0.47077 0.740621 0.248773 0.194811 0.144041 0.151767 0.0657603 0.0429638 0.0377937 0.0339282 0.0138012 0.0145106 0.0133846
threshold=4199.2857142857147 0 120.95000000000002 1.0000000180025095e-35 4127.5000000000009 3882.5000000000005 25.425000000000004 4580.6000000000013 14.550000000000002 29.999999999999996 26.817857142857147 24.125000000000004 4.205000000000001 4398.0000000000009 4430.9833333333345 5283.1379107981229 29.650000000000002 0.59523493136393801 4310.5000000000009 8130.5000000000009 4269.5000000000009 11.500000000000002
decision_type=2 9 2 2 2 2 2 2 2 2 2 2 2 2 2 2 2 2 2 2 2 2
left_child=1 2 3 4 -1 6 -3 8 17 10 -10 12 21 15 -15 -11 19 -2 -13 20 -9 -7
right_child=7 5 -4 -5 -6 11 -8 16 9 13 -12 18 -14 14 -16 -17 -18 -19 -20 -21 -22 -23
leaf_value=-1.0227744044079241 1.2048068982827169 0.31789952793113624 -0.67848307551783849 -0.7431787709292037 0.60803380877199376 -0.051211892792124021 -1.3655617529439537 2.6694450378175381 0.20985475144086552 0.38984826667086558 -1.1864465867072198 0.16615567650373339 -0.12865786319985656 -0.21335547710274147 0.11339704515396087 5.8725480380417139e-06 1.2210419252440996 0.0084303649144994112 0.037839473101598069 1.4927848610215404 2.1932842561255481 0.21210649314849922
leaf_weight=59 349 34 44 35 37 30 30 32 30 102 53 151 50 30 34 30 57 57 51 32 2259 34
leaf_count=59 349 34 44 35 37 30 30 32 30 102 53 151 50 30 34 30 57 57 51 32 2259 34
internal_value=0.000267882 -0.000418165 -0.00119624 -0.001625 -0.000948454 0 -0.000738462 0.000395466 0.000163994 -0.000180357 -0.000815476 0.000119874 -0.0002 4.06091e-05 -0.000276923 0.000270677 0.000457791 0.000425061 0.000349754 0.000465361 0.000469241 3.07692e-05
internal_weight=3620 555 175 131 96 380 64 3065 685 279 83 316 114 196 64 132 2380 406 202 2323 2291 64
internal_count=3620 555 175 131 96 380 64 3065 685 279 83 316 114 196 64 132 2380 406 202 2323 2291 64
cat_boundaries=0 1
cat_threshold=2188
is_linear=0
shrinkage=0.01


Tree=103
num_leaves=24
num_cat=1
split_feature=10 0 23 14 21 28 10 32 19 7 20 20 11 23 24 19 17 16 10 17 14 23 21
split_gain=3.16881 1.68939 1.04407 0.763204 0.400014 0.621345 0.337959 0.555829 0.333623 0.479081 0.614148 0.248773 0.224924 0.265467 0.166272 0.0675966 0.0655326 0.0412878 0.0337236 0.0302827 0.0178937 0.016111 0.0118576
threshold=4199.2857142857147 0 4225.5000000000009 -0.05695216311707673 3882.5000000000005 25.425000000000004 4559.6428571428578 14.550000000000002 196.85000000000002 193.50000000000003 26.817857142857147 24.125000000000004 47.892485998684101 4000.5000000000005 4020.5000000000005 123.35000000000001 0.59523493136393801 -0.92641089502887486 4283.2142857142871 0.81800285027139286 -0.99866806308218525 4324.5000000000009 8130.5000000000009
decision_type=2 9 2 2 2 2 2 2 2 2 2 2 2 2 2 2 2 2 2 2 2 2 2
left_child=1 2 3 15 5 -3 7 16 9 18 -11 12 -6 -14 -5 -1 -2 -13 -9 -18 -8 -22 -23
right_child=6 4 -4 14 11 -7 20 8 -10 10 -12 17 13 -15 -16 -17 19 -19 -20 -21 21 22 -24
leaf_value=-0.34851158292783196 1.1182049326363723 0.31472053265182293 -0.84758402216656847 -0.95973670997217386 0.10409093342158421 -1.3519061354145145 0.60399576379390807 0.0089622199396874446 0.26455756019029281 0.32344231643541205 -0.71819930069691307 0.094185381737489027 -0.18524867463488967 0.17623098462318404 -1.0325774446752347 0.17595811972183861 -0.056171149951516661 0.17209115645764242 0.78968618243391941 0.41206553144202479 0.68621030010754935 3.110778773927259 1.5221651488135175
leaf_weight=47 389 34 30 31 40 30 30 30 103 32 94 48 44 30 35 32 38 154 52 43 31 2190 33
leaf_count=47 389 34 30 31 40 30 30 30 103 32 94 48 44 30 35 32 38 154 52 43 31 2190 33
internal_value=0.000267882 -0.000418165 -0.00119624 -0.000804794 0 -0.000738462 0.000395466 0.000192455 -0.000110577 -0.000363636 -0.00076378 0.000119874 -0.0002 -0.000573333 -0.00159701 -6.24999e-06 0.000414013 0.000349754 0.00013253 6.09757e-06 0.000460394 0.000464302 0.0004683
internal_weight=3620 555 175 145 380 64 3065 781 311 208 126 316 114 74 66 79 470 202 82 81 2284 2254 2223
internal_count=3620 555 175 145 380 64 3065 781 311 208 126 316 114 74 66 79 470 202 82 81 2284 2254 2223
cat_boundaries=0 1
cat_threshold=2188
is_linear=0
shrinkage=0.01


Tree=104
num_leaves=22
num_cat=0
split_feature=10 11 12 26 15 19 12 18 25 27 13 26 15 20 25 14 27 12 24 21 33
split_gain=3.08325 0.801153 0.913777 0.880061 0.352736 0.535709 0.314891 0.365104 0.258905 0.24881 0.52198 0.167925 0.285433 0.0916852 0.0916784 0.209675 0.0419483 0.0334755 0.0182248 0.013923 0.00382425
threshold=4199.2857142857147 77.023032997571946 3955.8500000000008 27.725000000000005 0.83730377313544024 8.7500000000000018 4538.0833333333348 2.1999999999999971 4376.0000000000009 0.25000000000000006 5286.7055619430876 25.175000000000004 0.8852232634113919 26.657142857142862 4261.0000000000009 -0.95244167294248061 29.650000000000002 3959.5000000000005 4244.0000000000009 8130.5000000000009 374.25000000000006
decision_type=2 2 2 2 2 2 2 2 2 2 2 2 2 2 2 2 2 2 2 2 2
left_child=1 8 -3 4 13 -6 7 -2 11 10 -9 12 -1 -4 -11 -16 18 -14 -8 20 -20
right_child=6 2 3 -5 5 -7 16 9 -10 14 -12 -13 17 -15 15 -17 -18 -19 19 -21 -22
leaf_value=-0.31501680083354772 1.1408547107943929 -1.6417527644447163 0.12367984178027186 -1.7142218471532871 0.14922959957995732 -0.70656014980945148 2.5271397350184852 -0.52181839404035713 -0.44095171586115256 0.2235977492704985 0.7404852108940283 0.16783789781068872 0.013592840089074715 -0.30910750793570935 -0.42134768972550701 0.015021459506103584 1.1977779833793616 0.055579695630854485 2.0778337331982 1.4626353609231899 3.3929267790257893
leaf_weight=36 255 39 72 30 36 46 30 54 51 90 52 113 31 48 46 109 57 53 2261 32 79
leaf_count=36 255 39 72 30 36 46 30 54 51 90 52 113 31 48 46 109 57 53 2261 32 79
internal_value=0.000276167 -0.00040018 -0.000788603 -0.00048927 -0.000192118 -0.000710843 0.00040199 0.000169687 0 -1.27841e-05 -0.000439252 0.000113248 -8.26446e-05 8.26446e-05 0.000132114 0 0.000455081 0.000141176 0.000462339 0.000466077 0.000469885
internal_weight=3620 555 271 232 202 82 3065 606 284 351 106 233 120 120 245 155 2459 84 2402 2372 2340
internal_count=3620 555 271 232 202 82 3065 606 284 351 106 233 120 120 245 155 2459 84 2402 2372 2340
is_linear=0
shrinkage=0.01


Tree=105
num_leaves=22
num_cat=0
split_feature=10 26 14 14 11 24 23 19 23 11 19 24 10 12 12 29 12 23 23 10 24
split_gain=2.71892 0.746478 0.570176 0.448514 0.425565 0.314196 0.302027 0.191527 0.163777 0.127191 0.177049 0.100272 0.0801333 0.074987 0.109178 0.0684399 0.0627173 0.0466143 0.0113775 0.0092955 0.0031312
threshold=4168.2142857142871 27.725000000000005 -0.05695216311707673 -0.94705910369513524 71.355079481682267 4188.5000000000009 3900.5000000000005 325.85000000000008 3928.5000000000005 98.577500129439571 101.05000000000003 4064.0000000000005 4599.7142857142871 4580.6000000000013 4409.6166666666677 23.425000000000004 4436.9333333333343 4590.5000000000009 4411.0000000000009 7840.7142857142871 4290.5000000000009
decision_type=2 2 2 2 2 2 2 2 2 2 2 2 2 2 2 2 2 2 2 2 2
left_child=1 2 9 5 8 -2 -6 12 -4 15 -11 -5 17 14 18 -1 -16 -7 -13 -15 -17
right_child=3 -3 4 11 6 7 -8 -9 -10 10 -12 13 -14 19 16 20 -18 -19 -20 -21 -22
leaf_value=-0.026595414273890564 -1.2807319083698172 -1.5843722961365696 0.048729710429020273 -0.34947354697525912 -1.5062555077827051 0.12651274413364372 -0.55278035306597351 -0.28519502144947184 -0.38144633954006979 -0.30131522469245675 0.027771447055763936 0.82000906804389073 1.0163216451054253 2.3017310556259192 -0.1788182788132146 0.17967719074026292 0.6822038619767743 -0.10774413016180884 0.79190772748808491 2.2783034029756091 0.20333583279688075
leaf_weight=47 39 33 55 31 41 98 55 30 57 51 44 314 152 2132 44 95 186 46 30 35 30
leaf_count=47 39 33 55 31 41 98 55 30 57 51 44 314 152 2132 44 95 186 46 30 35 30
internal_value=0.000283187 -0.000385069 -0.000257353 0.000394678 -0.000650718 3.4153e-05 -0.00115464 0.00016208 -0.000123894 1.30597e-05 -0.000234375 0.000438514 0.000262626 0.000445113 0.000290435 0.000208092 6.49351e-05 1.37931e-05 0.000411594 0.000481319 0.000337302
internal_weight=3645 508 475 3137 208 365 96 326 112 267 95 2772 296 2741 574 172 230 144 344 2167 125
internal_count=3645 508 475 3137 208 365 96 326 112 267 95 2772 296 2741 574 172 230 144 344 2167 125
is_linear=0
shrinkage=0.01


Tree=106
num_leaves=24
num_cat=1
split_feature=10 0 33 13 13 10 34 33 13 25 5 32 32 16 34 20 18 33 31 22 13 7 13
split_gain=2.60854 1.3032 0.998751 0.816694 0.768205 0.469421 0.544025 0.637462 0.325461 0.224483 0.364706 0.215353 0.226736 0.105498 0.0964344 0.0863642 0.0854538 0.0784357 0.189689 0.0193176 0.0138484 0.00806452 0.00638765
threshold=4168.2142857142871 0 120.95000000000002 5256.6979702687258 5116.5931835290585 4535.9285714285716 3.2050000000000005 204.45000000000002 5063.680628032158 3997.5000000000005 2.5000000000000004 14.550000000000002 23.249999999999993 -0.73866412149774419 4.6150000000000011 22.625000000000004 40.650000000000006 344.75000000000006 14.200000000000001 4324.5000000000009 5586.723207686623 276.50000000000006 5148.6823406072845
decision_type=2 9 2 2 2 2 2 2 2 2 2 2 2 2 2 2 2 2 2 2 2 2 2
left_child=1 9 3 4 8 6 7 16 -3 10 -1 15 -13 22 -14 -8 -2 19 -19 -7 -17 -4 -11
right_child=5 2 21 -5 -6 17 11 -9 -10 13 -12 12 14 -15 -16 20 -18 18 -20 -21 -22 -23 -24
leaf_value=-0.2811489487403338 -1.1749664295979125 -2.4438309103901377 1.0290374827840412 0.029495015726460006 -0.8514357372639485 1.3098436342061188 0.16800461635425065 0.51996651238332947 -0.15261551169917123 0.076238200625966937 0.10240176709108439 -0.088900375326164224 0.59929063992896847 0.11069645206747181 -0.066234784960746612 0.94617465413754531 -0.0062500127795961655 2.4562932348380797 -0.28177612091755927 2.7396263198694122 1.8596591631001809 -0.47193645569743076 -0.030187561860291971
leaf_weight=37 32 45 30 30 56 30 32 47 42 41 31 44 127 135 55 398 36 89 31 2186 30 30 31
leaf_count=37 32 45 30 30 56 30 32 47 42 41 31 44 127 135 55 398 36 89 31 2186 30 30 31
internal_value=0.000269473 -0.000385069 -0.000915984 -0.00134195 -0.00165625 0.000378744 0.000150249 -0.000452586 -0.000869318 6.11888e-05 -0.000376812 0.000266376 0 0.000257212 0.000169399 0.000390456 -0.00110145 0.000452717 8.26446e-05 0.0004682 0.000428904 1.09927e-11 0
internal_weight=3645 508 233 173 143 3137 801 115 87 275 68 686 226 207 182 460 68 2336 120 2216 428 60 72
internal_count=3645 508 233 173 143 3137 801 115 87 275 68 686 226 207 182 460 68 2336 120 2216 428 60 72
cat_boundaries=0 1
cat_threshold=787
is_linear=0
shrinkage=0.01


Tree=107
num_leaves=26
num_cat=3
split_feature=10 0 33 13 13 12 18 19 0 25 13 25 23 14 0 16 23 23 13 23 15 16 23 13 21
split_gain=2.60854 1.3032 0.998751 0.816694 0.768205 0.533006 0.468086 0.410636 0.598977 0.617517 0.325461 0.224483 0.252332 0.134032 0.267274 0.105498 0.0841834 0.27906 0.0458257 0.0172117 0.0142921 0.00806452 0.00757677 0.00638765 0.00283759
threshold=4168.2142857142871 0 120.95000000000002 5256.6979702687258 5116.5931835290585 4538.0833333333348 2.1999999999999971 188.35000000000005 1 4299.0000000000009 5063.680628032158 3997.5000000000005 3922.5000000000005 -0.84315017450793706 2 -0.73866412149774419 4826.0000000000009 5800.5000000000009 5245.2068525218137 4601.0000000000009 0.76556758748011056 -0.039769906970920914 4350.5000000000009 5148.6823406072845 4376.0000000000009
decision_type=2 9 2 2 2 2 2 2 9 2 2 2 2 2 9 2 2 2 2 2 2 2 2 2 2
left_child=1 11 3 4 10 6 20 8 18 -10 -3 12 -1 14 16 23 19 -18 -8 -7 -2 -4 -15 -13 -9
right_child=5 2 21 -5 -6 13 7 24 9 -11 -12 15 -14 22 -16 -17 17 -19 -20 -21 -22 -23 -24 -25 -26
leaf_value=0.093331929515765175 1.2129019221339972 -2.4193926012862348 -0.46721709114045845 0.029200065569197031 -0.84292137989131122 0.85042376746252657 0.0038109601673241068 0.31083826053806723 0.0061421489685050436 -0.54748074049061757 -0.15108935658218156 0.075475818619706994 -0.24808253838990929 1.3393616912981923 1.2614461952819531 0.10958948754679922 -0.28858879280921645 1.1419742755014266 0.66368463704324765 1.1940154704139898 0.66246148067281885 1.0187471079561998 2.1668756813582322 -0.029885686241689947 0.1099170877312583
leaf_weight=36 246 45 30 30 56 30 52 93 50 95 42 41 32 36 269 135 31 38 63 37 30 30 2037 31 30
leaf_count=36 246 45 30 30 56 30 52 93 50 95 42 41 32 36 269 135 31 38 63 37 30 30 2037 31 30
internal_value=0.000269473 -0.000385069 -0.000915984 -0.00134195 -0.00165625 0.000378744 0.000105303 -0.00010026 -0.000344828 -0.000753205 -0.000869318 6.11888e-05 -0.000376812 0.000447358 0.000227833 0.000257212 -8.16326e-05 -0.000364286 0.000138889 5.14706e-05 0.000425993 1.09927e-11 0.000485294 0 0.000334677
internal_weight=3645 508 233 173 143 3137 659 383 260 145 87 275 68 2478 405 207 136 69 115 67 276 60 2073 72 123
internal_count=3645 508 233 173 143 3137 659 383 260 145 87 275 68 2478 405 207 136 69 115 67 276 60 2073 72 123
cat_boundaries=0 1 2 3
cat_threshold=787 74 137
is_linear=0
shrinkage=0.01


Tree=108
num_leaves=24
num_cat=3
split_feature=10 0 33 6 24 34 33 18 18 34 10 0 34 14 0 21 10 5 34 10 15 28 16
split_gain=2.63043 1.3032 0.998751 0.502184 0.456316 0.425519 0.912941 0.28263 0.280935 0.203062 0.187501 0.298726 0.354828 0.152463 0.243262 0.119429 0.10404 0.0980351 0.110792 0.0638721 0.0447996 0.0301917 0.00806452
threshold=4168.2142857142871 0 120.95000000000002 10.500000000000002 4188.5000000000009 4.245000000000001 201.55000000000004 0.099999999999998243 1.3499999999999897 4.9050000000000011 4535.9285714285716 1 3.9850000000000008 -0.8781231054254196 2 5090.5000000000009 4503.4285714285725 1.0000000180025095e-35 3.7950000000000004 4342.1428571428578 -0.9575230291762723 26.625000000000004 -0.039769906970920914
decision_type=2 9 2 2 2 2 2 2 2 2 2 9 2 2 9 2 2 2 2 2 2 2 2
left_child=1 17 3 7 5 6 -2 9 -5 -3 11 12 -6 14 15 -12 20 -1 -19 -14 -13 -20 -4
right_child=4 2 22 8 10 -7 -8 -9 -10 -11 13 16 19 -15 -16 -17 -18 18 21 -21 -22 -23 -24
leaf_value=-0.033375520841226199 -1.8451488347446678 -1.5309477225907719 -0.46254492022905491 0.0253946791850128 -0.28416069762480178 0.56775286520919488 0.40846487365226991 -0.67134690855710322 -0.39882972244131842 -1.8067098632810237 -0.22628372905552716 0.62541323021190187 -0.17264474144770409 3.4868103182874619 1.6478639717513692 1.3484527045426433 0.036214298248164474 -0.040623584594809303 0.095412073183811452 1.0559949033250546 0.37360057503982447 0.033828545546043184 1.0085596368766379
leaf_weight=53 31 31 30 42 30 59 30 35 35 30 61 80 30 2027 167 47 47 50 122 56 472 50 30
leaf_count=53 31 31 30 42 30 59 30 35 35 30 61 80 30 2027 167 47 47 50 122 56 472 50 30
internal_value=0.000272216 -0.000385069 -0.000915984 -0.00134195 0.000381931 -0.000165289 -0.000798387 -0.00187629 -0.000532051 -0.00112097 0.000407058 0.000233939 -0.000173228 0.000456361 0.000172101 -0.000134454 0.000327049 6.11888e-05 0.000183857 3.44828e-05 0.000372514 0.000323699 1.09927e-11
internal_weight=3645 508 233 173 3137 120 61 96 77 61 3017 715 116 2302 275 108 599 275 222 86 552 172 60
internal_count=3645 508 233 173 3137 120 61 96 77 61 3017 715 116 2302 275 108 599 275 222 86 552 172 60
cat_boundaries=0 1 2 3
cat_threshold=787 2068 201
is_linear=0
shrinkage=0.01


Tree=109
num_leaves=23
num_cat=0
split_feature=10 30 14 24 7 11 23 10 32 19 7 23 14 33 34 11 19 31 29 11 20 24
split_gain=2.58673 0.746478 0.570176 0.568056 0.639324 0.425565 0.302027 0.22319 0.291306 0.202328 0.480388 0.163777 0.152463 0.187164 0.130762 0.127191 0.177049 0.0849842 0.0684399 0.0325578 0.0159925 0.0031312
threshold=4168.2142857142871 27.725000000000005 -0.05695216311707673 4188.5000000000009 273.50000000000006 71.355079481682267 3900.5000000000005 4535.9285714285716 2.1999999999999971 132.25000000000003 201.50000000000003 3928.5000000000005 -0.8781231054254196 344.75000000000006 4.5850000000000009 98.577500129439571 101.05000000000003 1.0000000180025095e-35 23.425000000000004 146.38501094223463 22.68214285714286 4290.5000000000009
decision_type=2 2 2 2 2 2 2 2 2 2 2 2 2 2 2 2 2 2 2 2 2 2
left_child=1 2 15 4 19 11 -7 8 20 10 -10 -4 13 17 -11 18 -17 -9 -1 -2 -5 -20
right_child=3 -3 5 7 -6 6 -8 12 9 14 -12 -13 -14 -15 -16 16 -18 -19 21 -21 -22 -23
leaf_value=-0.023740931012949745 0.93059055663898149 -1.540330081369877 0.078845866041165127 0.36284189970177566 -1.5055395887221059 -1.424493618955305 -0.51490646281826846 0.032700869400976121 0.04814822440295384 0.26600611776611183 -0.19241051480736474 -0.36607090283299137 3.4519422151045909 -0.27324268417231923 -0.20242726313071577 -0.2760076180174667 0.034508025618647985 0.95448325536639622 0.17631067115693527 0.0061263692424955805 1.016836784350871 0.20068095608393685
leaf_weight=47 52 33 55 30 37 41 55 53 142 170 42 57 2027 32 30 51 44 190 95 31 301 30
leaf_count=47 52 33 55 30 37 41 55 53 142 170 42 57 2027 32 30 51 44 190 95 31 301 30
internal_value=0.000266731 -0.000385069 -0.000257353 0.000375558 -0.000247934 -0.000650718 -0.00115464 0.000403744 0.000219972 5.19482e-06 -0.000205405 -0.000123894 0.000456361 0.000172101 0.000248756 1.30597e-05 -0.000234375 0.000293033 0.000208092 0.000136905 0.000438253 0.000337302
internal_weight=3645 508 475 3137 120 208 96 3017 715 384 184 112 2302 275 200 267 95 243 172 83 331 125
internal_count=3645 508 475 3137 120 208 96 3017 715 384 184 112 2302 275 200 267 95 243 172 83 331 125
is_linear=0
shrinkage=0.01


Tree=110
num_leaves=23
num_cat=2
split_feature=10 0 13 34 25 0 19 20 12 10 16 23 12 12 12 34 23 25 13 34 10 11
split_gain=2.79251 1.98856 1.42434 1.34387 1.74312 0.329191 0.998565 0.179976 0.165344 0.155739 0.177265 0.368929 0.190833 0.114387 0.151968 0.0772646 0.0662799 0.0381213 0.0273402 0.00998919 0.0094128 0.00363852
threshold=4199.2857142857147 0 5256.6979702687258 4.6150000000000011 4326.0000000000009 1 166.95000000000002 25.675000000000004 3951.7500000000005 4599.7142857142871 -0.0053757035942445328 4590.5000000000009 4602.1333333333341 4025.3166666666671 4082.2500000000005 3.4850000000000008 4449.5000000000009 4212.5000000000009 5217.3613793103459 7.2800000000000002 4292.6428571428578 88.177707060351523
decision_type=2 9 2 2 2 9 2 2 2 2 2 2 2 2 2 2 2 2 2 2 2 2
left_child=1 7 3 4 17 6 15 8 -1 10 18 16 -13 -10 -15 -2 -12 -3 20 -17 -7 -9
right_child=5 2 -4 -5 -6 9 -8 21 13 -11 11 12 -14 14 -16 19 -18 -19 -20 -21 -22 -23
leaf_value=-0.20265920276362245 -0.12597429704817828 0.31612169287176112 0.039594517474005018 -1.867780280561151 -0.78513784532447928 -0.03788648920980326 -1.0599411924868531 0.13535227480035195 0.086716932589999227 3.3304228229495858 0.53841701750508875 -0.32550143439883522 0.12243302257833724 -0.12204404055277342 0.058189181790962038 1.0114899372799147 0.22152595153783844 -0.2944450475123998 1.176952615333962 1.1492678926906985 0.88092055554404125 0.040734653916728404
leaf_weight=32 57 43 53 54 39 30 43 117 95 2014 235 30 36 31 54 162 79 30 334 30 31 31
leaf_count=32 57 43 53 54 39 30 43 117 95 2014 235 30 36 31 54 162 79 30 334 30 31 31
internal_value=0.000264955 -0.000362931 -0.00108913 -0.0015988 -0.000831858 0.000386275 1.9802e-05 8.08625e-05 -6.57277e-05 0.000419464 0.000267397 7.87402e-05 -0.000552239 1.2349e-11 -0.000203488 0.000298 0.000244444 0 0.00042298 0.000393782 8.06453e-06 0.000362416
internal_weight=3660 579 219 166 112 3081 292 360 212 2789 775 380 66 180 85 249 314 73 395 192 61 148
internal_count=3660 579 219 166 112 3081 292 360 212 2789 775 380 66 180 85 249 314 73 395 192 61 148
cat_boundaries=0 1 2
cat_threshold=851 2049
is_linear=0
shrinkage=0.01


Tree=111
num_leaves=24
num_cat=1
split_feature=10 3 10 10 18 11 26 15 7 16 11 14 33 20 16 17 32 11 14 22 25 20 22
split_gain=2.71026 0.744321 1.04515 0.478857 0.492678 0.466577 0.423372 0.738054 0.380106 0.37073 0.267744 0.211022 0.161476 0.161255 0.296582 0.144737 0.12618 0.0769991 0.0631886 0.0216393 0.0200342 0.0158604 0.00741091
threshold=4206.4285714285716 0 3919.7142857142862 4559.6428571428578 1.999999999999986 75.693616517915103 24.175000000000004 0.91511078773075516 45.500000000000007 -0.8098839673871151 146.38501094223463 -0.89785546691630314 325.85000000000008 26.796428571428578 0.57075747273004163 0.45847758937963173 19.500000000000004 118.34151168134738 -0.97694226132849327 4399.5000000000009 7760.0000000000009 22.725000000000005 4741.0000000000009
decision_type=2 1 2 2 2 2 2 2 2 2 2 2 2 2 2 2 2 2 2 2 2 2 2
left_child=1 2 5 4 21 -1 7 -3 -6 -4 15 12 16 18 -15 -11 -5 -8 -10 -13 -21 -2 -18
right_child=3 6 9 11 8 -7 17 -9 13 10 -12 19 -14 14 -16 -17 22 -19 -20 20 -22 -23 -24
leaf_value=-0.59406833588401609 0.60272311382986477 -0.75279273826414084 -1.1699916417350242 -0.16229374794783122 -0.027263110936433358 -2.3084522789917963 0.10845648476773073 0.044829551563872083 0.47465218842337237 0.63946723783673298 -0.70329893651382425 0.9820796169580025 -0.26104474604056577 0.067396387010392286 -0.19058276640056562 -0.090454694294176172 0.43105291774782445 -0.0050379469192045083 0.83490829293122093 3.3929591467893792 11.742715276198373 0.95364566869591105 0.93972856925622628
leaf_weight=34 30 30 41 30 30 48 143 58 33 84 36 30 30 220 54 89 30 31 111 2010 31 296 131
leaf_count=34 30 30 41 30 30 48 143 58 33 84 36 30 30 220 54 89 30 31 111 2010 31 296 131
internal_value=0.000251297 -0.000357983 -0.000672673 0.000372677 0.000138065 -0.0016747 3.80229e-06 -0.000516854 -5.79064e-05 -0.000298805 -7.38095e-05 0.000447449 9.23424e-05 0 -0.00012 3.73563e-05 0.000236979 0.000325714 0.000289655 0.000480454 0.000485064 0.000437309 0.000373457
internal_weight=3660 594 332 3066 774 82 262 88 448 250 209 2292 221 418 274 173 191 174 144 2071 2041 326 161
internal_count=3660 594 332 3066 774 82 262 88 448 250 209 2292 221 418 274 173 191 174 144 2071 2041 326 161
cat_boundaries=0 1
cat_threshold=2
is_linear=0
shrinkage=0.01


Tree=112
num_leaves=22
num_cat=3
split_feature=10 0 14 25 10 0 13 14 14 0 33 24 10 27 27 25 13 25 23 23 25
split_gain=2.68775 1.94126 1.36921 1.01349 0.702806 0.698401 1.28689 0.390152 0.211022 0.184838 0.352345 0.153126 0.145934 0.134376 0.120112 0.109391 0.0950283 0.0442408 0.0265661 0.0216393 0.0175352
threshold=4086.5714285714289 0 0.58481550752069722 4326.0000000000009 4559.6428571428578 1 5265.502740787344 -0.99815974739704505 -0.89785546691630314 2 250.65000000000003 4127.5000000000009 3926.928571428572 14.050000000000002 1.5500000000000003 4021.5000000000005 5122.3147676771905 4212.5000000000009 4885.5000000000009 4349.5000000000009 7760.0000000000009
decision_type=2 9 2 2 2 9 2 2 2 9 2 2 2 2 2 2 2 2 2 2 2
left_child=1 12 3 17 5 6 -2 -7 9 -6 18 -9 -1 -13 -8 -14 -17 -3 -11 -10 -21
right_child=4 2 -4 -5 8 7 14 11 19 10 -12 13 15 -15 -16 16 -18 -19 -20 20 -22
leaf_value=0.12387644028713934 -0.77813522614106423 0.1741201032014365 -1.1843973791193148 -0.88252532305210785 1.4446171253732467 -0.59168574872917801 0.31055941115855162 -0.6493706981314139 0.46920908548683693 0.046143102510536667 -0.26749778136357455 0.54417660322556272 -0.14556105264410321 0.026220972754362498 -0.26441187899067581 0.10968165617775064 -0.061158887213044882 -0.7302803286737678 0.91748042228970927 3.371127606604948 11.873030743152171
leaf_weight=91 38 54 30 47 115 31 79 48 30 30 31 651 50 65 30 63 57 34 45 2009 32
leaf_count=91 38 54 30 47 115 31 79 48 30 30 31 651 50 65 30 63 57 34 45 2009 32
internal_value=0.000251297 -0.000484777 -0.00129261 -0.000827206 0.000351468 0.000107105 -0.000484177 0.00023263 0.000447449 9.23424e-05 -0.000145299 0.000290196 3.8603e-05 0.000331939 0 -8.77193e-05 1.20071e-11 -6.74157e-05 9.86842e-05 0.000480454 0.000485064
internal_weight=3660 426 165 135 3234 942 147 795 2292 221 106 764 261 716 109 170 120 88 75 2071 2041
internal_count=3660 426 165 135 3234 942 147 795 2292 221 106 764 261 716 109 170 120 88 75 2071 2041
cat_boundaries=0 1 2 3
cat_threshold=850 2068 306
is_linear=0
shrinkage=0.01


Tree=113
num_leaves=25
num_cat=3
split_feature=10 0 13 14 33 33 14 0 25 13 10 18 0 13 20 12 23 12 12 34 26 22 34 7
split_gain=2.88338 1.87526 1.33159 1.46699 0.459127 0.906134 0.45248 0.388005 0.273786 0.334438 0.198824 0.272388 0.341438 0.221386 0.134242 0.165344 0.124677 0.114387 0.151968 0.104042 0.0731628 0.0207799 0.0127754 0.0094128
threshold=4206.4285714285716 0 5256.6979702687258 0.534952257794027 120.95000000000002 88.250000000000014 -0.9259986516102553 1 4525.5000000000009 5853.357985162047 4559.6428571428578 1.999999999999986 2 5426.5379704301085 25.675000000000004 3951.7500000000005 4449.5000000000009 4025.3166666666671 4082.2500000000005 4.4350000000000014 27.425000000000004 4399.5000000000009 4.2950000000000008 237.50000000000003
decision_type=2 9 2 2 2 2 2 9 2 2 2 2 9 2 2 2 2 2 2 2 2 2 2 2
left_child=1 14 3 4 5 -3 7 8 -2 -10 11 22 13 -13 15 -1 -14 -17 -19 -9 -16 -12 -8 -4
right_child=6 2 23 -5 -6 -7 10 19 9 -11 21 12 16 -15 20 17 -18 18 -20 -21 -22 -23 -24 -25
leaf_value=-0.19061716899251507 -1.0311536138561435 -0.36410235755142895 0.576390755998477 -2.1525063000745623 -0.53279182951106685 -0.7591073678230984 0.30578209785411409 0.51777902426962485 0.96494177472545006 -0.26205015255429431 0.96756672993355453 -0.026686701924544379 0.67807174254364011 0.7364207179324519 0.13981257520714815 0.088209920733481093 -0.0084480978138205022 -0.11888545352388313 0.05837790901417881 0.41451255362507489 0.046328998289865711 3.3252128774308241 1.0356323512170271 0.0085517791190130431
leaf_weight=32 47 56 31 34 46 33 31 174 70 38 30 68 142 34 122 95 37 31 54 52 30 2069 274 30
leaf_count=32 47 56 31 34 46 33 31 174 70 38 30 68 142 34 122 95 37 31 54 52 30 2069 274 30
internal_value=0.000254029 -0.00037479 -0.00105809 -0.00156176 -0.000974265 -0.00139444 0.000379198 2.74869e-05 -0.000316265 0 0.000425354 0.000226576 0 -0.000433628 5.86667e-05 -6.57277e-05 0.000260526 1.2349e-11 -0.000203488 0.000308017 0.000300654 0.000475952 0.000433007 8.06453e-06
internal_weight=3660 594 230 169 135 89 3066 381 155 108 2685 586 281 102 364 212 179 180 85 226 152 2099 305 61
internal_count=3660 594 230 169 135 89 3066 381 155 108 2685 586 281 102 364 212 179 180 85 226 152 2099 305 61
cat_boundaries=0 1 2 3
cat_threshold=851 141 2404
is_linear=0
shrinkage=0.01


Tree=114
num_leaves=26
num_cat=1
split_feature=10 3 10 14 11 26 15 31 20 10 18 25 25 33 19 31 22 31 14 20 10 22 25 34 18
split_gain=2.83353 0.671005 1.04515 0.515277 0.466577 0.363981 0.738054 0.296901 0.498853 0.239911 0.315999 0.229563 0.846322 0.220943 0.11771 0.0998179 0.0946851 0.0872796 0.075104 0.0536764 0.0297468 0.0207799 0.0166406 0.0127754 0.0106054
threshold=4206.4285714285716 0 3919.7142857142862 -0.9259986516102553 75.693616517915103 24.175000000000004 0.91511078773075516 0.65000000000000002 26.453571428571433 4559.6428571428578 1.999999999999986 4525.5000000000009 4341.0000000000009 344.75000000000006 8.7500000000000018 0.35000000000000003 4590.5000000000009 8.7500000000000018 -0.99866806308218525 26.93928571428572 4139.1428571428578 4399.5000000000009 7760.0000000000009 4.2950000000000008 9.2499999999999947
decision_type=2 1 2 2 2 2 2 2 2 2 2 2 2 2 2 2 2 2 2 2 2 2 2 2 2
left_child=1 2 4 11 -1 6 -3 8 14 10 23 12 19 18 -4 -7 17 -12 -13 -2 -9 -11 -23 -5 -20
right_child=3 5 7 9 -6 15 -8 20 -10 21 16 13 -14 -15 -16 -17 -18 -19 24 -21 -22 22 -24 -25 -26
leaf_value=-0.5595080845631385 0.84573726102839786 -0.72839976345776702 0.29500758564411489 0.30272427687557601 -2.2649751137576022 0.069443252284665982 0.042886626214226835 0.21330418431929754 -1.0912144148150142 0.9578910626342203 0.32852663697047674 -0.022272972285361341 -1.0115657609431283 -0.25313881924098042 -0.099926073571085752 0.066572279493295278 -0.028182993791611349 -0.0062898858647401426 1.4584781025312747 -0.039743592117869021 -0.33940296957626492 3.2895391497110062 8.6119189766959714 1.025276027704858 0.79975355579730434
leaf_weight=34 55 30 38 31 48 128 58 48 53 30 167 30 30 30 81 46 41 73 30 35 30 2037 32 274 171
leaf_count=34 55 30 38 31 48 128 58 48 53 30 167 30 30 30 81 46 41 73 30 35 30 2037 32 274 171
internal_value=0.000248566 -0.00037479 -0.000672673 0.000372677 -0.0016747 0 -0.000516854 -0.000298805 -0.000543353 0.000421631 0.00020954 1.30891e-06 -0.000330578 0.000192748 -8.75e-05 0.000268571 0 4.14938e-05 0.000325431 5.49451e-05 0.000113924 0.000475952 0.000480435 0.000433007 0.000398515
internal_weight=3660 594 332 3066 82 262 88 250 172 2685 586 381 120 261 119 174 281 240 231 90 78 2099 2069 305 201
internal_count=3660 594 332 3066 82 262 88 250 172 2685 586 381 120 261 119 174 281 240 231 90 78 2099 2069 305 201
cat_boundaries=0 1
cat_threshold=2
is_linear=0
shrinkage=0.01


Tree=115
num_leaves=20
num_cat=2
split_feature=10 11 10 6 0 13 20 20 14 21 7 16 14 0 11 10 27 14 27
split_gain=3.24622 1.3933 1.04858 0.907752 0.868734 0.716937 1.52137 0.368159 0.350061 0.377622 0.258407 0.217614 0.136125 0.214941 0.114298 0.105568 0.083983 0.00672123 0.00246874
threshold=3936.428571428572 75.693616517915103 4440.2857142857147 10.500000000000002 0 5304.1832347206355 26.657142857142862 23.289285714285718 -0.96689237009891416 4299.0000000000009 35.500000000000007 0.94704596667653973 -0.84315017450793706 1 180.27756377322609 4820.0000000000009 14.050000000000002 -0.95500086777008153 31.250000000000004
decision_type=2 2 2 2 9 2 2 2 2 2 2 2 2 9 2 2 2 2 2
left_child=1 11 4 -3 5 6 -2 10 9 -9 -6 -1 13 15 -10 17 -15 -4 -14
right_child=2 3 12 -5 7 -7 -8 8 14 -11 -12 -13 18 16 -16 -17 -18 -19 -20
leaf_value=0.11091685482644423 -0.0093023510639920672 -1.937507056304411 0.8748390880448621 -0.30724998901931189 0.048925835390672273 0.62153882286721096 -0.88277779839994841 0.27159505004248713 0.31098735072114297 -0.97980536204309265 -0.87415302308120602 -0.29332216267389633 2.4529852277720616 0.8374802556533556 -0.0013896538878515141 -0.28004885390880729 0.47198343680298893 0.023285317719889329 2.142857485433038
leaf_weight=69 57 56 30 50 34 50 35 33 612 37 39 31 2078 224 42 51 34 36 37
leaf_count=69 57 56 30 50 34 50 35 33 612 37 39 31 2078 224 42 51 34 36 37
internal_value=0.000252338 -0.000951691 0.000327843 -0.00174766 3.1383e-05 -0.000647059 -0.00122581 0.000171411 0.000251034 -0.000352113 -0.000452703 0 0.000435568 0.000206117 0.000331298 -8.98437e-05 0.00036803 4.47761e-05 0.000471408
internal_weight=3635 206 3429 106 939 142 92 797 724 70 73 100 2490 375 654 117 258 66 2115
internal_count=3635 206 3429 106 939 142 92 797 724 70 73 100 2490 375 654 117 258 66 2115
cat_boundaries=0 1 2
cat_threshold=2068 197
is_linear=0
shrinkage=0.01


Tree=116
num_leaves=25
num_cat=3
split_feature=12 0 14 11 20 12 0 18 23 32 20 32 14 0 33 15 14 20 24 18 24 24 19 11
split_gain=3.05828 1.38004 1.01235 1.27472 0.668347 0.629754 1.2984 0.894161 0.583257 0.17802 0.175877 0.12751 0.0920213 0.150897 0.128821 0.0711506 0.0679321 0.0638954 0.0198333 0.00829707 0.00713714 0.00698102 0.00502518 0.000222577
threshold=4182.0833333333339 0 -0.32614396506100213 75.693616517915103 24.125000000000004 4538.0833333333348 1 2.1999999999999971 4290.5000000000009 1.1000000000000039 24.039285714285718 78.650000000000006 -0.84315017450793706 2 250.65000000000003 0.78724360164103002 -0.9954993026558282 23.053571428571434 4251.0000000000009 2.1000000000000041 4650.5000000000009 6377.5000000000009 195.00000000000003 52.144716148753822
decision_type=2 9 2 2 2 2 9 2 2 2 2 2 2 9 2 2 2 2 2 2 2 2 2 2
left_child=1 17 19 10 9 6 7 -2 -9 -5 -4 15 13 14 22 16 -8 -1 -14 -3 -15 -22 -7 -19
right_child=5 2 3 4 -6 12 11 8 -10 -11 -12 -13 18 20 -16 -17 -18 23 -20 -21 21 -23 -24 -25
leaf_value=-0.0044689334902092703 0.57632998404784896 -0.030707412033166168 0.11071288495225817 -0.77490385315955312 -2.2707432770498319 1.8861325525414971 0.0016713789213797358 -0.22039541257173326 -0.9576388766294005 -0.077072149214467742 -0.24612617209985996 -0.010325741391438159 3.1655174976377167 0.43010929678309284 -0.26575645785602903 0.0074332946400915145 0.46066911980434277 0.015369972338454933 2.0713141013136416 0.31732531316513174 2.1443201115565809 1.2561851368503851 0.77272996323480614 0.17415629537679769
leaf_weight=42 55 30 36 35 30 38 35 31 41 33 38 57 30 30 38 30 544 30 2045 42 191 32 45 77
leaf_count=42 55 30 36 35 30 38 35 31 41 33 38 57 30 30 38 30 544 30 2045 42 191 32 45 77
internal_value=0.000255088 -0.000567259 -0.00101176 -0.00146821 -0.00223232 0.000358002 9.63476e-05 -0.000771739 -0.00156164 -0.0013913 -0.000306667 0.000285081 0.000438571 0.000232 0 0.000335246 0.000361207 0.000153125 0.000470857 0 0.00036553 0.000408482 0.000136905 0.000310185
internal_weight=3635 393 244 172 98 3242 793 127 72 68 74 666 2449 374 121 609 579 149 2075 72 253 223 83 107
internal_count=3635 393 244 172 98 3242 793 127 72 68 74 666 2449 374 121 609 579 149 2075 72 253 223 83 107
cat_boundaries=0 1 2 3
cat_threshold=770 2053 73
is_linear=0
shrinkage=0.01


Tree=117
num_leaves=26
num_cat=2
split_feature=10 0 19 20 20 12 33 20 17 19 7 17 11 16 7 14 0 33 21 10 7 27 25 10 27
split_gain=2.81627 1.43177 1.2414 0.571184 0.621709 0.368731 0.42983 0.446443 0.491473 0.367134 0.188116 0.176628 0.107493 0.101524 0.120544 0.0947446 0.158169 0.144065 0.0675966 0.0628906 0.0612248 0.0306725 0.00806452 0.00713714 0.00237373
threshold=4199.2857142857147 0 104.95000000000002 24.739285714285717 22.864285714285717 4538.0833333333348 62.400000000000006 26.93928571428572 0.81800285027139286 135.05000000000004 48.500000000000007 -0.24372464231556024 97.250900439680109 -0.69057042736241547 27.500000000000004 -0.84315017450793706 1 250.65000000000003 3851.0000000000005 4043.0714285714289 276.50000000000006 3.9500000000000006 4388.5000000000009 5471.7857142857147 31.250000000000004
decision_type=2 9 2 2 2 2 2 2 2 2 2 2 2 2 2 2 9 2 2 2 2 2 2 2 2
left_child=1 13 3 4 -3 6 10 20 9 -9 -2 -5 -4 19 -15 16 17 21 -6 -1 -8 -7 -10 -18 -17
right_child=5 2 12 11 18 15 7 8 22 -11 -12 -13 -14 14 -16 24 23 -19 -20 -21 -22 -23 -24 -25 -26
leaf_value=0.1409016693635802 -0.013403066498984359 -1.3120714851108664 0.61099986398120176 -0.56995060229707561 0.18051827077451307 0.84769285484190549 0.69486990998897735 -0.31243313980695503 1.1994853871472788 -0.25780245072090352 0.95877380028487169 -1.3504864806204291 -0.74704395812734437 -0.0070449799418336578 0.15305446677026865 2.0581484782739223 1.5071453654967906 -0.26638229556402659 -0.085136210298543277 -0.59676716453194711 0.00043674108441040443 0.56531950481861859 0.28130546101871523 1.1432086773297701 2.1007157695655732
leaf_weight=40 30 35 59 47 32 50 92 32 30 52 307 53 50 41 153 2037 223 36 47 31 30 31 30 30 37
leaf_count=40 30 35 59 47 32 50 92 32 30 52 307 53 50 41 153 2037 223 36 47 31 30 31 30 30 37
internal_value=0.000257838 -0.000366723 -0.000803892 -0.00126977 -0.000634783 0.000381726 0.000134934 -0.000138577 -0.000537931 -0.00103529 0.000380178 -0.00188119 0 0.000153986 0.000292308 0.000438446 0.000229111 -1.17187e-05 -6.24999e-06 -6.25e-05 0.000252033 0.000128049 1.09927e-11 0.00036553 0.000470843
internal_weight=3635 588 323 214 114 3047 603 266 144 84 337 100 109 265 194 2444 370 117 79 71 122 81 60 253 2074
internal_count=3635 588 323 214 114 3047 603 266 144 84 337 100 109 265 194 2444 370 117 79 71 122 81 60 253 2074
cat_boundaries=0 1 2
cat_threshold=786 73
is_linear=0
shrinkage=0.01


Tree=118
num_leaves=20
num_cat=2
split_feature=24 0 13 24 14 12 0 33 13 14 5 10 32 29 14 18 33 27 27
split_gain=2.78258 2.13901 1.2748 0.742696 0.691494 0.54847 0.718135 0.356681 0.751703 0.250729 0.171438 0.114213 0.129546 0.10755 0.099659 0.0919531 0.0877821 0.0185652 0.00324013
threshold=4127.5000000000009 0 5261.066369501912 3836.5000000000005 -0.05695216311707673 4538.0833333333348 1 101.75000000000001 5278.4338057569776 -0.99372698525316483 1.0000000180025095e-35 4086.5714285714289 68.100000000000009 22.725000000000005 -0.84315017450793706 3.4499999999999971 344.75000000000006 14.050000000000002 31.250000000000004
decision_type=2 9 2 2 2 2 9 2 2 2 2 2 2 2 2 2 2 2 2
left_child=1 10 3 -3 -5 6 7 8 -2 -8 -1 15 -13 -12 16 -11 17 -7 -16
right_child=5 2 -4 4 -6 14 9 -9 -10 11 13 12 -14 -15 18 -17 -18 -19 -20
leaf_value=-0.020395260641186325 -0.89898256287855638 -1.0566539423433177 0.15792823588033048 -0.80512299581421853 -1.7632146450961914 0.95441293591063614 -0.12321322120073909 0.057618143856286719 -0.028402565372492097 0.20460821714030136 -0.08280515589383404 0.63626239213413738 0.12505540890904193 0.10110093059940457 2.0742197717204873 -0.80520746502701968 -0.20599442277622412 0.6959550408521491 2.0797086118699148
leaf_weight=48 34 32 39 51 54 287 47 48 37 41 45 470 80 141 2028 31 36 49 37
leaf_count=48 34 32 39 51 54 287 47 48 37 41 45 470 80 141 2028 31 36 49 37
internal_value=0.000266089 -0.000498783 -0.00129412 -0.00182246 -0.00224057 0.000366553 0.000119138 -0.000542308 -0.00103472 0.000256618 0.000110204 0.000322632 0.000372051 0.000283422 0.000442371 0 0.000230563 0.000290801 0.000475557
internal_weight=3635 410 176 137 105 3225 788 119 71 669 234 622 550 186 2437 72 372 336 2065
internal_count=3635 410 176 137 105 3225 788 119 71 669 234 622 550 186 2437 72 372 336 2065
cat_boundaries=0 1 2
cat_threshold=850 2068
is_linear=0
shrinkage=0.01


Tree=119
num_leaves=26
num_cat=2
split_feature=10 0 10 23 12 18 25 18 7 21 24 33 21 20 12 23 24 34 19 0 19 28 17 27 19
split_gain=2.42404 1.31527 0.813664 0.410226 0.286205 0.402146 0.37269 0.632851 0.215517 0.275625 0.15835 0.1533 0.15214 0.123809 0.0972301 0.0966367 0.0817425 0.0761654 0.0611804 0.165681 0.0771508 0.0288199 0.0220645 0.0204489 0.0103149
threshold=4206.4285714285716 0 3926.928571428572 4221.5000000000009 4538.0833333333348 15.85 4349.5000000000009 33.250000000000014 55.500000000000007 3882.5000000000005 4387.5000000000009 88.950000000000003 3882.5000000000005 24.092857142857145 4485.0666666666675 4399.5000000000009 4300.5000000000009 4.1250000000000009 166.95000000000002 1 236.45000000000002 26.275000000000002 -0.016126424138694709 19.500000000000004 196.85000000000002
decision_type=2 9 2 2 2 2 2 2 2 2 2 2 2 2 2 2 2 2 2 9 2 2 2 2 2
left_child=1 2 12 11 5 14 15 -8 9 -3 13 -4 -1 17 -2 -7 -9 -10 23 20 -20 -11 -16 -6 -21
right_child=4 8 3 -5 18 6 7 16 10 21 -12 -13 -14 -15 22 -17 -18 -19 19 24 -22 -23 -24 -25 -26
leaf_value=-0.90436767095535975 0.90609081849696371 -2.1793612060667944 -0.43512414674227884 -0.58951255592886986 1.8334168632525696 0.79780107601467676 -1.1942308334280904 -0.020931830453099529 0.11400458783951582 -0.12363592026840994 -0.018376505914284476 0.20190957800337742 -1.7847763270537313 0.20411010505532429 1.1046363783872477 -0.029459207718057562 0.080611510059818259 -0.078177082145498566 1.5249470330986499 0.99009682850973502 -0.25265783728986352 0.14084902327562229 -0.085570253476072472 2.1270322710100653 2.2599961740199945
leaf_weight=30 287 30 51 30 1912 93 37 33 39 60 37 47 34 176 34 36 42 33 65 64 63 33 30 30 309
leaf_count=30 287 30 51 30 1912 93 37 33 39 60 37 47 34 176 34 36 42 33 65 64 63 33 30 30 309
internal_value=0.00027159 -0.000299501 -0.000955665 -0.000434109 0.000387846 0.000161889 -0.000121901 -0.000566372 9.54655e-06 -0.000310484 0.000183566 -1.0101e-05 -0.00196923 0.000297189 0.000384943 0.000188462 0 0 0.000438421 0.00027988 0 0 0 0.000474009 0.00038151
internal_weight=3635 600 192 128 3035 592 241 112 408 123 285 98 64 248 351 129 75 72 2443 501 128 93 64 1942 373
internal_count=3635 600 192 128 3035 592 241 112 408 123 285 98 64 248 351 129 75 72 2443 501 128 93 64 1942 373
cat_boundaries=0 1 2
cat_threshold=2188 69
is_linear=0
shrinkage=0.01


Tree=120
num_leaves=20
num_cat=1
split_feature=13 0 15 26 7 22 19 25 25 11 25 7 27 20 11 33 19 19 12
split_gain=2.36002 1.35393 1.02923 0.394704 0.418959 0.413254 0.300358 0.4082 0.23933 0.375422 0.164369 0.126547 0.111085 0.0822763 0.0644341 0.0237487 0.0625404 0.0175176 0.0107886
threshold=5256.6979702687258 0 -0.15950993297387572 26.675000000000008 52.500000000000007 3947.5000000000005 7.4500000000000011 4021.5000000000005 4324.5000000000009 77.810973117841186 4398.0000000000009 336.50000000000006 29.650000000000002 23.532142857142862 712.44212400090612 125.15000000000002 127.65000000000002 307.55000000000001 7019.6000000000013
decision_type=2 9 2 2 2 2 2 2 2 2 2 2 2 2 2 2 2 2 2
left_child=1 6 10 4 5 -4 -1 -8 13 -10 -3 -6 14 -9 15 -2 -17 -14 -16
right_child=12 2 3 -5 11 -7 7 8 9 -11 -12 -13 17 -15 18 16 -18 -19 -20
leaf_value=0.20694791895365391 1.4186153521902949 0.87902874823872323 -2.4999306289976144 -1.1914708792777182 0.11352246414850788 -0.14305031465236587 -0.15535232665907203 -0.0060078423208790796 -0.12064703659201075 0.091480300460358641 -0.50025238500878821 -0.64315252183354343 -0.13205808681466707 0.25930733153523877 0.16666869414336163 0.1254116977607585 0.85744387550342904 2.376205959179948 2.2316232820361046
leaf_weight=195 1935 75 39 57 48 33 40 30 86 79 31 36 30 156 50 33 618 31 32
leaf_count=195 1935 75 39 57 48 33 40 30 86 79 31 36 30 156 50 33 618 31 32
internal_value=0.000282531 -0.000151766 -0.000668182 -0.00109112 -0.000713376 -0.00128767 0.000122278 -1.14796e-05 7.24432e-05 -0.000165663 2.80374e-05 -9.41176e-05 0.00043022 0.000336898 0.000439865 0.000449555 0.000330521 0 1.20482e-05
internal_weight=3634 905 319 213 156 72 586 391 351 165 106 84 2729 186 2668 2586 651 61 82
internal_count=3634 905 319 213 156 72 586 391 351 165 106 84 2729 186 2668 2586 651 61 82
cat_boundaries=0 1
cat_threshold=835
is_linear=0
shrinkage=0.01


Tree=121
num_leaves=23
num_cat=2
split_feature=12 0 24 23 0 19 29 6 5 21 28 20 15 5 12 21 14 14 27 12 27 19
split_gain=2.35386 0.902631 0.953104 0.521385 0.715667 0.669252 0.360275 0.336026 0.389566 0.302 0.136256 0.120329 0.117166 0.134178 0.0488135 0.0938888 0.0513291 0.0801898 0.024605 0.014647 0.00478148 0.000608722
threshold=4464.0166666666673 0 4100.5000000000009 4000.5000000000005 1 32.350000000000009 26.625000000000004 8.5000000000000018 1.0000000180025095e-35 3899.5000000000005 23.325000000000006 26.589285714285719 -0.84774213365954088 3.5000000000000004 4580.6000000000013 4550.5000000000009 -0.8781231054254196 -0.90529520250134576 6.6000000000000005 4096.1833333333343 13.000000000000002 3.8500000000000076
decision_type=2 9 2 2 9 2 2 2 2 2 2 2 2 2 2 2 2 2 2 2 2 2
left_child=1 2 -1 4 10 9 -4 12 -9 -6 -3 -10 13 -5 15 21 17 18 -16 -14 -20 -2
right_child=14 3 6 7 5 -7 -8 8 11 -11 -12 -13 19 -15 16 -17 -18 -19 20 -21 -22 -23
leaf_value=-0.72849715909349855 0.4173689131406737 -0.048041983200288421 0.16320741456426377 0.73787950641756861 -1.9922196304671607 0.063753853050019668 -1.442354342105602 -0.076627686559188224 0.097789513236803627 -0.11345790564192594 0.081515278387863294 -0.010364423259814869 0.0089090399636488106 -0.030873249448835925 0.84607034044010576 -0.0082875632476617639 2.2040503280717836 0.2656119482351707 0.50994184460781811 1.0667356835697095 1.0911547955681229 0.91237935146703286
leaf_weight=33 31 40 39 92 35 36 40 48 123 59 86 83 30 46 194 55 2089 44 32 256 50 93
leaf_count=33 31 40 39 92 35 36 40 48 123 59 86 83 30 46 194 55 2089 44 32 256 50 93
internal_value=0.000271527 -0.000121299 -0.000926829 -3.17459e-06 -0.000396887 -0.000886525 -0.00025625 0.000131075 -0.000129412 -0.0014 9.48905e-05 1.44928e-05 0.000310588 0 0.000434144 0.000163889 0.00045 0.000249221 0.00031769 0.000428571 1.20482e-05 0.000336
internal_weight=3634 1046 112 934 256 130 79 678 254 94 126 206 424 138 2588 179 2409 320 276 286 82 124
internal_count=3634 1046 112 934 256 130 79 678 254 94 126 206 424 138 2588 179 2409 320 276 286 82 124
cat_boundaries=0 1 2
cat_threshold=2180 530
is_linear=0
shrinkage=0.01


Tree=122
num_leaves=23
num_cat=2
split_feature=12 0 13 25 33 13 5 29 27 15 13 3 25 21 12 12 16 14 14 14 27 27
split_gain=2.19945 0.812909 0.731976 0.891227 0.80647 0.43383 0.359375 0.60637 0.233099 0.217631 0.221143 0.178684 0.65651 0.232458 0.0592154 0.0488135 0.129053 0.0977971 0.0513291 0.0801898 0.024605 0.00478148
threshold=4464.0166666666673 0 5265.502740787344 4350.5000000000009 93.850000000000037 5198.4042208352021 1.0000000180025095e-35 26.625000000000004 3.2500000000000004 0.95436825032516992 5188.1449435404429 1 4149.5000000000009 4200.5000000000009 4328.5333333333338 4580.6000000000013 0.29342023166772885 0.60555468348150676 -0.8781231054254196 -0.90529520250134576 6.6000000000000005 13.000000000000002
decision_type=2 9 2 2 2 2 2 2 2 2 2 1 2 2 2 2 2 2 2 2 2 2
left_child=1 5 3 9 -5 6 7 -1 14 10 -3 12 -8 -13 -4 16 -2 -18 19 20 -17 -22
right_child=15 2 8 4 -6 -7 11 -9 -10 -11 -12 13 -14 -15 -16 18 17 -19 -20 -21 21 -23
leaf_value=-0.49214565814171629 0.77981300460232106 0.27134483684818878 -0.00017576244370602289 -1.9081224851221534 -0.43791507161690951 1.0427369509802535 -0.79011533575119663 0.10355327456507965 -0.010727130845786879 -0.30084362215913879 -1.095544444093802 0.06591049023803916 0.20231371631306744 -0.17606034220431951 0.81278323476300562 0.83760963703570734 -0.076853840564229586 0.90420154243382767 2.18200982479107 0.26295582875281726 0.50484242616173847 1.0802432476124388
leaf_weight=54 107 62 30 43 37 227 57 32 33 34 34 173 86 56 88 194 41 31 2089 44 32 50
leaf_count=54 107 62 30 43 37 227 57 32 33 34 34 173 86 56 88 194 41 31 2089 44 32 50
internal_value=0.000277029 -0.000102197 -0.000482527 -0.000876777 -0.0017284 8.97989e-05 -6.75381e-05 -0.000655172 0 -0.000267176 0 4.28955e-05 -0.000197917 0.000236957 0.000243697 0.000434144 0.000163889 -5.47945e-05 0.00045 0.000249221 0.00031769 1.20482e-05
internal_weight=3634 1046 361 210 80 685 458 86 151 130 96 372 143 229 118 2588 179 72 2409 320 276 82
internal_count=3634 1046 361 210 80 685 458 86 151 130 96 372 143 229 118 2588 179 72 2409 320 276 82
cat_boundaries=0 1 2
cat_threshold=779 2
is_linear=0
shrinkage=0.01


Tree=123
num_leaves=20
num_cat=1
split_feature=10 0 26 14 12 32 7 13 33 17 22 13 25 12 14 14 27 10 27
split_gain=2.27307 1.05632 0.946119 0.994436 0.388076 0.463182 0.325563 0.309439 0.258753 0.43754 0.42994 0.155466 0.108698 0.06012 0.0480206 0.0792934 0.0239337 0.0125363 0.00478148
threshold=4206.4285714285716 0 27.725000000000005 -0.32614396506100213 4580.6000000000013 14.550000000000002 44.500000000000007 5226.3228676842946 201.55000000000004 0.93158198870884079 4411.0000000000009 5153.9764274340314 3951.0000000000005 4257.7166666666681 -0.8781231054254196 -0.90529520250134576 6.6000000000000005 3860.3571428571436 13.000000000000002
decision_type=2 9 2 2 2 2 2 2 2 2 2 2 2 2 2 2 2 2 2
left_child=1 11 3 13 5 6 -2 17 9 10 -7 12 -1 -3 15 16 -6 -5 -18
right_child=4 2 -4 7 14 8 -8 -9 -10 -11 -12 -13 -14 -15 -16 -17 18 -19 -20
leaf_value=0.0010374596886532166 -0.0096148316829303259 0.16445623770355253 -1.826811666890519 -0.27328386867148058 0.8284101128148792 -0.8039274554050323 1.0695674425651343 0.048591843006551373 0.66132622410437325 0.10750103194281443 0.080750085718504019 -0.018947474672420146 0.041279032498398455 -0.0043813333661958118 2.159525537700679 0.26032627046529089 0.49979400190012335 -1.0291938801051377 1.0694408151363179
leaf_weight=48 31 95 35 33 191 75 356 32 79 61 43 56 161 37 2088 44 32 87 50
leaf_count=48 31 95 35 33 191 75 356 32 79 61 43 56 161 37 2088 44 32 87 50
internal_value=0.000274278 -0.000287179 -0.000668182 -0.000449123 0.00038512 0.000143189 0.000369845 -0.00100654 -0.000158301 -0.000391667 -0.000764706 0.000153986 0.000307143 0.000120301 0.000445761 0.000246855 0.000315693 -0.00123967 1.20482e-05
internal_weight=3634 584 319 284 3050 645 387 152 258 179 118 265 209 132 2405 317 273 120 82
internal_count=3634 584 319 284 3050 645 387 152 258 179 118 265 209 132 2405 317 273 120 82
cat_boundaries=0 1
cat_threshold=531
is_linear=0
shrinkage=0.01


Tree=124
num_leaves=23
num_cat=0
split_feature=10 26 14 10 18 11 25 18 12 7 24 33 17 24 25 14 14 18 32 33 14 10
split_gain=2.43244 0.873519 0.413267 0.298178 0.337337 0.295944 0.429501 0.418382 0.326188 0.244244 0.237804 0.225433 0.312832 0.324556 0.123002 0.108538 0.0936686 0.055857 0.0520588 0.033272 0.0224301 0.000309713
threshold=4206.4285714285716 27.725000000000005 -0.54220184589352438 4559.6428571428578 24.550000000000001 77.023032997571946 4031.0000000000005 1.1999999999999897 4050.1833333333338 37.500000000000007 4310.5000000000009 201.55000000000004 0.93158198870884079 4360.5000000000009 3997.5000000000005 -0.8781231054254196 -0.96689237009891416 0.49999999999999833 14.950000000000001 250.65000000000003 -0.9259986516102553 4713.2142857142871
decision_type=2 2 2 2 2 2 2 2 2 2 2 2 2 2 2 2 2 2 2 2 2 2
left_child=1 2 10 4 9 8 -7 -8 14 17 -1 12 13 -6 -4 16 21 -2 -11 20 -18 -5
right_child=3 -3 5 15 11 6 7 -9 -10 18 -12 -13 -14 -15 -16 -17 19 -19 -20 -21 -22 -23
leaf_value=0.25368148513226763 0.13456755893077291 -1.5939350524929763 -0.039476393635453223 0.4563048993802461 -1.4484570136475712 0.072390511046705477 -1.2263546118499089 -0.066626366926858971 -0.49090415117349467 0.99934348414465957 -0.014544527317920145 0.30853013317733935 0.6324664910330684 -0.017879316256819457 0.088941237077232158 3.0813073302106346 1.3246342484332916 -0.0095186833661032155 0.0081999301548828958 -0.27123211696316424 0.91807444451940912 0.7510923034126451
leaf_weight=137 33 46 64 32 42 46 60 39 55 396 49 86 54 58 88 2046 42 31 52 39 31 108
leaf_count=137 33 46 64 32 42 46 60 39 55 396 49 86 54 58 88 2046 42 31 52 39 31 108
internal_value=0.000277029 -0.000304273 -0.000168831 0.000391675 0.000193891 -0.000379603 -0.000736301 -0.001105 -7.93269e-05 0.00034308 0.000176471 -8.29875e-05 -0.000341935 -0.000693069 0.000104575 0.000451936 0.000181818 -0.000123077 0.000432071 0 8.78378e-05 0.00035461
internal_weight=3634 584 538 3050 752 352 145 99 207 512 186 240 154 100 152 2298 252 64 448 112 73 140
internal_count=3634 584 538 3050 752 352 145 99 207 512 186 240 154 100 152 2298 252 64 448 112 73 140
is_linear=0
shrinkage=0.01


Tree=125
num_leaves=25
num_cat=4
split_feature=24 0 0 30 13 0 12 10 21 21 25 20 17 11 6 0 19 17 5 10 21 17 17 13
split_gain=2.06415 0.98717 0.788273 0.545758 0.5053 0.406794 0.460873 1.05907 0.399438 0.431902 0.208643 0.24762 0.113606 0.188927 0.0977181 0.0828312 0.103832 0.0541441 0.0505685 0.0430686 0.0425763 0.00803951 0.030627 0.00283759
threshold=4127.5000000000009 0 1 26.625000000000004 5278.4338057569776 2 4305.3500000000013 4467.2857142857147 3851.0000000000005 4020.5000000000005 4151.0000000000009 24.225000000000005 0.83730377313544024 53.607687918777295 9.5000000000000018 3 99.750000000000014 -0.99467580659249177 1.0000000180025095e-35 4317.5714285714303 4152.5000000000009 0.5475998096715059 -0.52765736634565841 5116.5931835290585
decision_type=2 9 9 2 2 9 2 2 2 2 2 2 2 2 2 9 2 2 2 2 2 2 2 2
left_child=1 18 10 8 5 6 20 -8 -4 -10 11 -3 14 -14 -7 16 -6 -17 -1 -16 -2 22 -18 -20
right_child=4 2 3 -5 15 12 7 -9 9 -11 -12 -13 13 -15 19 17 21 -19 23 -21 -22 -23 -24 -25
leaf_value=-0.0071933012109907839 -0.17615318217108267 -0.11597373933011312 -0.10470786197947204 -1.0183261342736891 1.9327188650758516 0.64725378079733897 -0.88555594350173683 0.67730098028450403 -1.5779790201617363 -1.0122158131439671 0.32242007209533041 0.22079905072075318 -0.14479936510089997 1.040967634919906 -0.011642596010694282 0.14258476012108595 -0.23905327424701958 1.3550687346145003 0.048725042565727447 0.89860085053125882 0.31208944552483303 -0.13796311544117845 1.5595928913398163 0.055166815529555491
leaf_weight=31 38 30 39 31 131 244 38 30 33 40 58 30 35 52 74 52 30 2369 93 49 50 30 39 30
leaf_count=31 38 30 39 31 131 244 38 30 33 40 58 30 35 52 74 52 30 2369 93 49 50 30 39 30
internal_value=0.000285015 -0.000366587 -0.000733456 -0.00122403 0.000371091 9.00164e-05 -0.000311377 -0.000956522 -0.000831858 -0.00126351 -7.75193e-06 -0.000491803 0.000251613 0 0.000335598 0.000431938 0.000145228 0.000452508 0.000224242 1.20968e-05 4.49438e-05 -4.99999e-06 0 0.000334677
internal_weight=3676 415 261 143 3261 610 156 68 112 73 118 60 454 87 367 2651 230 2421 154 123 88 99 69 123
internal_count=3676 415 261 143 3261 610 156 68 112 73 118 60 454 87 367 2651 230 2421 154 123 88 99 69 123
cat_boundaries=0 1 2 3 4
cat_threshold=514 368 2076 2049
is_linear=0
shrinkage=0.01


Tree=126
num_leaves=24
num_cat=2
split_feature=10 0 10 25 0 19 29 10 14 17 29 24 25 13 24 19 26 25 17 14 14 14 15
split_gain=2.29401 1.14515 0.981443 0.379323 0.322387 0.557209 0.2459 0.143216 0.179392 0.141504 0.127024 0.124465 0.262533 0.188074 0.114955 0.124503 0.0947034 0.155211 0.0378434 0.0220328 0.0187258 0.0617962 0.00806479
threshold=4206.4285714285716 0 3926.928571428572 4449.5000000000009 1 166.95000000000002 25.575000000000006 4467.2857142857147 -0.98664820696349753 0.74729605595282422 26.675000000000008 3925.5000000000005 4021.5000000000005 5122.3147676771905 4673.0000000000009 54.750000000000007 26.475000000000005 4200.5000000000009 0.95436825032516992 -0.95500086777008153 -0.75579217237767959 -0.78326540922535159 -0.9260227363677036
decision_type=2 9 2 2 9 2 2 2 2 2 2 2 2 2 2 2 2 2 2 2 2 2 2
left_child=1 10 6 16 5 14 -3 8 -6 19 11 -1 -13 -14 15 -2 17 -4 -11 -10 21 -9 -16
right_child=4 2 3 -5 7 -7 -8 20 9 18 -12 12 13 -15 22 -17 -18 -19 -20 -21 -22 -23 -24
leaf_value=0.044178650873222709 0.8829229091082057 -1.2221683655598827 0.045297302454251127 -0.3459004202453822 -0.02662251099965654 -0.99229977229040089 -1.7975896800313649 0.75240112667998182 0.30432483822569062 -0.0043793695304002603 0.17619344434678319 -0.19754117634195589 0.1123936220189644 -0.018286545511235274 5.3298664632478427 -0.19769222155754912 0.23591627933670684 -0.93420628475650958 0.41557759181070564 0.50403335179331477 2.6214235614195607 0.80922483715920468 1.3498541218917288
leaf_weight=60 45 48 35 43 36 38 30 384 57 57 91 55 81 73 30 41 52 30 59 357 1805 31 138
leaf_count=60 45 48 35 43 36 38 30 384 57 57 91 55 81 73 30 41 52 30 59 357 1805 31 138
internal_value=0.000271417 -0.000285476 -0.000807229 -0.000310559 0.000382917 1.9802e-05 -0.00178481 0.000415803 0.000234568 0.000291902 5.39084e-05 -2.03704e-05 -0.000169048 0 0.000223529 0 0 -0.000265151 0 0.000378313 0.000459253 0.00030649 0.000378698
internal_weight=3676 598 238 160 3078 292 78 2786 566 530 360 269 209 154 254 86 117 65 116 414 2220 415 168
internal_count=3676 598 238 160 3078 292 78 2786 566 530 360 269 209 154 254 86 117 65 116 414 2220 415 168
cat_boundaries=0 1 2
cat_threshold=851 2049
is_linear=0
shrinkage=0.01


Tree=127
num_leaves=23
num_cat=3
split_feature=10 0 10 20 14 0 5 15 32 20 21 33 16 16 30 24 13 13 32 22 0 10
split_gain=1.92265 0.849925 0.837735 1.04314 0.352111 0.37786 0.311749 0.525324 0.306447 0.184913 0.318682 0.168458 0.159781 0.147802 0.241543 0.103078 0.102596 0.097564 0.0864502 0.0770442 0.0602763 0.0938245
threshold=4283.2142857142871 0 3919.7142857142862 24.446428571428577 -0.89015004145349408 1 2.5000000000000004 -0.61236746317008228 2.3000000000000012 23.289285714285718 3991.0000000000005 184.25000000000003 -0.69057042736241547 -0.48971288843577082 26.725000000000005 4098.5000000000009 5907.4542854206638 5450.1282296898471 16.050000000000001 3899.5000000000005 2 4569.0714285714303
decision_type=2 9 2 2 2 9 2 2 2 2 2 2 2 2 2 2 2 2 2 2 9 2
left_child=1 9 3 -3 5 11 12 -8 -9 10 -1 -2 -4 14 -11 -6 -13 18 -7 -15 21 -17
right_child=4 2 6 -5 15 17 7 8 -10 13 -12 16 -14 19 -16 20 -18 -19 -20 -21 -22 -23
leaf_value=0.013925042596707833 0.059327379393588009 -0.89451032235455163 -0.11924117266643107 -1.9538799424929767 0.00083834278068968039 -0.068371010867641135 -1.3128231888063084 0.63761650245850676 -0.26341558527270759 0.047854130411923566 -0.28060300651656173 -0.68632267067010955 0.35688893986198017 -0.010991787682035072 -1.01892547258544 -0.0018054092674375469 0.21231653456559102 1.4348820420574473 0.1979480374304888 0.16738367682796831 1.4952141328102968 0.99005779423317308
leaf_weight=47 36 30 30 37 30 36 37 53 59 84 31 48 100 36 43 57 30 187 79 206 2170 210
leaf_count=47 36 30 30 37 30 36 37 53 59 84 31 48 100 36 43 57 30 187 79 206 2170 210
internal_value=0.000271417 -0.000155542 -0.00052381 -0.00156618 0.000392337 9.11271e-05 -0.000251786 -0.00057 -0.000123894 0.000116812 -0.000265823 -0.000344 3.8168e-05 0.000228378 0 0.000439019 -0.00064557 0.000290735 0 0.000374486 0.000446473 0.000192446
internal_weight=3676 793 346 67 2883 416 279 149 112 447 78 114 130 369 127 2467 78 302 115 242 2437 267
internal_count=3676 793 346 67 2883 416 279 149 112 447 78 114 130 369 127 2467 78 302 115 242 2437 267
cat_boundaries=0 1 2 3
cat_threshold=915 73 2564
is_linear=0
shrinkage=0.01


Tree=128
num_leaves=21
num_cat=4
split_feature=13 0 10 12 10 15 14 7 22 14 0 16 5 22 27 34 0 14 0 13
split_gain=1.938 1.36918 1.12939 0.466639 0.90368 0.263833 0.394266 0.148118 0.177383 0.139018 0.174016 0.322315 0.101466 0.0966489 0.109895 0.0938194 0.0899847 0.0809 0.0561179 0.0511048
threshold=5278.4338057569776 0 3919.7142857142862 4309.4666666666681 4457.7857142857147 0.18281312110578132 -0.93235440815991333 33.500000000000007 3962.5000000000005 -0.8781231054254196 1 0.35845153958890236 3.5000000000000004 4200.5000000000009 1.1500000000000001 4.4350000000000014 2 -0.99815974739704505 3 5395.3378125449935
decision_type=2 9 2 2 2 2 2 2 2 2 9 2 2 2 2 2 9 2 9 2
left_child=1 2 -1 13 -5 12 -7 8 -8 10 11 19 -3 14 -4 -14 -9 -12 -11 -2
right_child=9 5 3 4 -6 6 7 16 -10 18 17 -13 15 -15 -16 -17 -18 -19 -20 -21
leaf_value=-1.5975942362668472 0.084072695226836899 0.64506076928298428 0.018743289970316268 -1.0407180698382523 0.53932844149684445 -1.0376725070157327 -0.69401756927261216 -0.00011311567103512166 0.038872770691354808 0.43691838487541246 -0.069176120338868136 -0.26451688315125016 0.66695342560891779 0.70123284759432314 -0.26273160782379729 -0.048079975976717683 0.072653471535642389 1.311200184503426 1.475639458850033 1.4394274680754222
leaf_weight=42 30 216 46 32 30 30 49 121 55 164 34 47 53 50 33 35 198 200 2137 74
leaf_count=42 30 216 46 32 30 30 49 121 55 164 34 47 53 50 33 35 198 200 2137 74
internal_value=0.000274137 -9.58628e-05 -0.000752049 -0.000388021 -0.00109524 0.000102214 -2.97357e-05 2.71227e-05 -0.000266667 0.000414217 0.000187824 -2.77778e-05 0.000334426 0 -0.00025625 0 0.000154688 0.000355102 0.000447654 0.000209524
internal_weight=3676 990 233 191 62 757 453 423 104 2686 385 151 304 129 79 88 319 234 2301 104
internal_count=3676 990 233 191 62 757 453 423 104 2686 385 151 304 129 79 88 319 234 2301 104
cat_boundaries=0 1 2 3 4
cat_threshold=2092 225 82 2304
is_linear=0
shrinkage=0.01


Tree=129
num_leaves=26
num_cat=2
split_feature=10 0 10 20 14 0 12 13 26 14 20 19 33 13 11 13 6 26 10 27 7 7 10 19 22
split_gain=1.92265 0.849925 0.837735 1.04314 0.352111 0.37786 0.338468 0.669979 0.313712 0.364513 0.184913 0.296677 0.168458 0.102596 0.101849 0.097564 0.0937129 0.0860526 0.0663475 0.299648 0.10895 0.0973489 0.0620787 0.0285762 0.0197775
threshold=4283.2142857142871 0 3919.7142857142862 24.446428571428577 -0.89015004145349408 1 4309.4666666666681 5283.1379107981229 25.625000000000004 -0.0053757284505435614 23.289285714285718 8.7500000000000018 184.25000000000003 5907.4542854206638 40.868546527430574 5450.1282296898471 9.5000000000000018 26.725000000000005 4559.6428571428578 2.4500000000000006 202.50000000000003 37.500000000000007 4043.0714285714289 175.75000000000003 4366.5000000000009
decision_type=2 9 2 2 2 9 2 2 2 2 2 2 2 2 2 2 2 2 2 2 2 2 2 2 2
left_child=1 10 3 -3 5 12 8 -8 9 -4 11 -1 -2 -14 -12 23 -16 -18 19 21 -21 -6 -10 -7 -20
right_child=4 2 6 -5 18 15 7 -9 22 -11 14 -13 13 -15 16 -17 17 -19 24 20 -22 -23 -24 -25 -26
leaf_value=0.033702543168187556 0.05942586680304273 -0.87365537196504395 -0.80735489238017299 -1.9201723537970059 0.011310313511052716 -0.032726956949948934 -1.000863296314326 0.035033632760514979 -0.047044160445789983 0.033577290195753562 -0.022773231102349079 -0.20547263917566361 -0.67178876384751729 0.21088513042332338 0.16279907821968195 1.4074212197918357 0.041232365877305971 -1.1671351273229293 0.6985139768052322 -0.16544753301239226 0.048501358388778108 0.74069947645439016 0.62508740566411169 0.19685964488688801 2.9759234079507921
leaf_weight=35 36 30 32 37 64 50 33 53 31 32 57 43 48 30 194 187 81 37 30 33 30 288 98 65 2022
leaf_count=35 36 30 32 37 64 50 33 53 31 32 57 43 48 30 194 187 81 37 30 33 30 288 98 65 2022
internal_value=0.000271417 -0.000155542 -0.00052381 -0.00156618 0.000392337 9.11271e-05 -0.000251786 -0.000770115 0 -0.000584615 0.000116812 -0.000265823 -0.000344 -0.00064557 0.000228378 0.000290735 0.000306709 0 0.000439019 0.000258413 -0.000289062 0.000385269 0.000265385 0 0.000470531
internal_weight=3676 793 346 67 2883 416 279 86 193 64 447 78 114 78 369 302 312 118 2467 415 63 352 129 115 2052
internal_count=3676 793 346 67 2883 416 279 86 193 64 447 78 114 78 369 302 312 118 2467 415 63 352 129 115 2052
cat_boundaries=0 1 2
cat_threshold=915 73
is_linear=0
shrinkage=0.01


Tree=130
num_leaves=26
num_cat=2
split_feature=24 0 14 24 20 0 13 24 16 20 15 14 34 17 13 14 23 23 25 19 25 25 25 17 25
split_gain=1.73977 1.13893 0.998636 0.779096 0.672516 0.258601 0.359414 0.167341 0.26332 0.541453 0.238188 0.139583 0.196424 0.128877 0.10729 0.0969409 0.0740436 0.199665 0.0706092 0.0332289 0.109714 0.0674921 0.0236772 0.0143778 0.0132391
threshold=4321.0000000000009 0 -0.91936887716170002 4098.5000000000009 24.446428571428577 1 5050.7357750435203 4723.5000000000009 0.57075747273004163 27.075000000000006 0.80290535434334509 0.056951373111866731 3.6250000000000004 0.45847758937963173 5226.3228676842946 -0.99866806308218525 4349.5000000000009 4511.5000000000009 4481.0000000000009 236.45000000000002 5951.0000000000009 5848.5000000000009 3975.5000000000005 -0.9575230291762723 7974.5000000000009
decision_type=2 9 2 2 2 9 2 2 2 2 2 2 2 2 2 2 2 2 2 2 2 2 2 2 2
left_child=1 5 -3 4 -4 18 -7 8 14 10 -10 12 -8 -5 16 -9 -2 -18 22 24 21 -21 -1 -16 -17
right_child=7 2 3 13 -6 6 11 15 9 -11 -12 -13 -14 -15 23 19 17 -19 -20 20 -22 -23 -24 -25 -26
leaf_value=0.025311215926511067 0.028720562794229538 -1.3156998755796463 -0.12863981951986309 0.48522738530837872 -1.7774339752281703 -1.3396508449562339 0.46766862950022409 -0.040974181379325111 0.66222035261165835 -0.40404418059925734 -0.4657116060626057 0.32985158164711559 -0.066190374836848198 -0.017519397679397492 0.10473370303392689 2.9350066561841648 -0.25916721500547263 0.42656698451479669 0.014100794387781024 0.97908739442764137 3.1952930059277485 -0.24531174916630938 0.19504674903711242 0.92622596191524487 5.7001154718858871
leaf_weight=59 58 35 49 97 37 31 55 35 138 46 32 85 129 34 30 1713 30 32 32 62 134 34 214 421 34
leaf_count=59 58 35 49 97 37 31 55 35 138 46 32 85 129 34 30 1713 30 32 32 62 134 34 214 421 34
internal_value=0.00027837 -0.000106643 -0.000661597 -0.000373853 -0.00111494 0.000117695 -6.43087e-05 0.000399821 0.000245558 -9.21658e-06 0.000204678 1.66667e-05 -9.72973e-05 4.16667e-05 0.000359266 0.000455042 1.20071e-11 -0.000142857 0.000324367 0.000464358 0.000238095 0 0.000388686 0.000432522 0.000488272
internal_weight=3656 857 252 217 86 605 300 2799 787 216 170 269 184 131 571 2012 120 62 305 1977 230 96 273 451 1747
internal_count=3656 857 252 217 86 605 300 2799 787 216 170 269 184 131 571 2012 120 62 305 1977 230 96 273 451 1747
cat_boundaries=0 1 2
cat_threshold=858 770
is_linear=0
shrinkage=0.01


Tree=131
num_leaves=20
num_cat=2
split_feature=10 0 13 22 28 28 32 33 7 23 26 14 0 23 14 27 13 23 7
split_gain=1.86704 0.923407 0.971741 0.420143 0.52272 0.438284 0.365102 0.289163 0.481986 0.219804 0.216102 0.122295 0.113777 0.104581 0.0977903 0.0721885 0.0337236 0.0206961 0.00943746
threshold=4559.6428571428578 0 5286.7055619430876 3941.5000000000005 24.875000000000004 27.025000000000002 2.2000000000000015 196.85000000000002 193.50000000000003 3910.5000000000005 22.225000000000005 -0.89015004145349408 1 5800.5000000000009 -0.98370366633421236 15.65 5099.2566801763378 4324.5000000000009 38.500000000000007
decision_type=2 9 2 2 2 2 2 2 2 2 2 2 9 2 2 2 2 2 2
left_child=1 2 -1 4 16 9 10 8 -8 -6 -5 12 -2 14 -14 -9 -3 -13 -12
right_child=11 3 -4 6 5 -7 7 15 -10 -11 18 17 13 -15 -16 -17 -18 -19 -20
leaf_value=-0.48231903219134231 1.6420725597815848 0.073238595221617311 -0.028239257053188044 -0.046948708613638618 -2.0216680414868278 0.0009884411215256184 0.17865632121726993 0.97564084527776529 -0.37976027630754944 -0.16627992215018364 0.05018120828467245 0.8187062578473292 0.40091910480029902 0.77453685585034349 -0.22192490375302865 0.044940108589714305 -0.044485506734145981 2.9315308595758598 0.38111789089281967
leaf_weight=54 112 52 58 43 30 39 149 133 250 34 67 30 30 47 45 32 30 2027 394
leaf_count=54 112 52 58 43 30 39 149 133 250 34 67 30 30 47 45 32 30 2027 394
internal_value=0.000272901 -1.28111e-05 -0.000845528 6.05222e-05 -0.000362903 -0.000850962 0.00014406 -1.41593e-05 -0.00017625 -0.00135385 0.000340594 0.000447426 0.000157447 0 -0.000296053 0.000316265 0.00013253 0.000475462 0.000412338
internal_weight=3656 1365 112 1253 185 103 1068 564 399 64 504 2291 234 122 75 165 82 2057 461
internal_count=3656 1365 112 1253 185 103 1068 564 399 64 504 2291 234 122 75 165 82 2057 461
cat_boundaries=0 1 2
cat_threshold=2052 290
is_linear=0
shrinkage=0.01


Tree=132
num_leaves=25
num_cat=2
split_feature=10 0 13 11 19 28 23 19 25 7 19 0 12 16 23 25 20 22 15 10 22 10 11 15
split_gain=1.72101 0.846036 0.922504 0.892591 0.799916 1.10647 0.198376 0.110767 0.282156 0.24762 0.105727 0.303472 0.289691 0.61682 0.474571 0.0930176 0.0774095 0.0768157 0.0789381 0.0452562 0.0256914 0.0202524 0.016129 0.0150433
threshold=4440.2857142857147 0 5317.3203006430094 77.810973117841186 130.45000000000005 27.725000000000005 4325.5000000000009 117.85000000000001 4349.5000000000009 237.50000000000003 124.65000000000002 1 5740.2833333333338 0.35845153958890236 4701.0000000000009 3975.5000000000005 26.489285714285717 4460.5000000000009 -0.80926783187727869 4559.6428571428578 4535.5000000000009 4503.4285714285725 55.618810875868256 -0.9260227363677036
decision_type=2 9 2 2 2 2 2 2 2 2 2 9 2 2 2 2 2 2 2 2 2 2 2 2
left_child=1 7 3 6 5 -5 16 15 -9 -10 19 12 13 20 -15 22 -3 18 -4 21 -12 -2 -1 -17
right_child=10 2 17 4 -6 -7 -8 8 9 -11 11 -13 -14 14 -16 23 -18 -19 -20 -21 -22 -23 -24 -25
leaf_value=-0.080541452587167828 0.10967056663386221 -0.0080906312765835018 0.044978168168240573 -1.3071138970931557 0.058632189942737237 0.39852390379838631 -0.16198006813801322 0.41496268830359101 0.35939708723555974 -1.0008988878961378 -0.05631029857587052 1.3907357623103811 1.7371314137136573 0.012867742175168076 -0.47121240359652361 0.022338874560389667 0.58631055172529667 -0.14103850194755466 0.61623662473110141 2.8770761806516476 2.0742982876126934 0.38431213133660391 0.048673821715632393 0.16023381223163102
leaf_weight=30 44 97 30 154 53 31 31 90 30 30 37 407 105 31 33 30 70 43 142 1729 53 58 30 268
leaf_count=30 44 97 30 154 53 31 31 90 30 30 37 407 105 31 33 30 70 43 142 1729 53 58 30 268
internal_value=0.000275636 -3.49138e-05 -0.000278701 -0.000553776 -0.000966527 -0.00127688 -5.02511e-06 0.000258189 0 -0.000491803 0.000423739 0.000274363 0 -0.000277419 -0.00104615 0.000359331 8.03572e-05 0.000219907 0.000323699 0.000472435 0.000164835 0.000106796 0 0.000431438
internal_weight=3656 1159 651 436 238 185 198 508 150 60 2497 666 259 154 64 358 167 215 172 1831 90 102 60 298
internal_count=3656 1159 651 436 238 185 198 508 150 60 2497 666 259 154 64 358 167 215 172 1831 90 102 60 298
cat_boundaries=0 1 2
cat_threshold=771 2189
is_linear=0
shrinkage=0.01


Tree=133
num_leaves=25
num_cat=1
split_feature=10 0 11 13 25 20 14 34 34 25 33 14 16 12 17 5 10 33 10 22 22 14 10 7
split_gain=1.57152 0.879254 0.841758 0.630967 1.08888 0.629543 0.235041 0.204575 0.268432 0.186447 0.200836 0.146954 0.293937 0.227782 0.11955 0.112799 0.109212 0.0778202 0.058177 0.0828517 0.0164098 0.0120484 0.015954 0.010382
threshold=4398.5000000000009 0 97.250900439680109 5346.1803277515401 4212.5000000000009 26.546428571428578 -0.95500086777008153 4.2650000000000006 3.3150000000000004 4000.5000000000005 7.9499999999999993 -0.75579217237767959 0.35845153958890236 4762.7166666666681 0.77652048701313048 3.5000000000000004 4157.7857142857147 344.75000000000006 4559.6428571428578 4548.0000000000009 4402.0000000000009 -0.99697703579879204 4717.9285714285725 39.500000000000007
decision_type=2 9 2 2 2 2 2 2 2 2 2 2 2 2 2 2 2 2 2 2 2 2 2 2
left_child=1 6 7 4 -4 -6 -1 8 -3 10 -8 12 21 -14 23 -16 -9 -15 19 -13 -20 22 -2 -11
right_child=11 2 3 -5 5 -7 9 16 -10 14 -12 18 13 17 15 -17 -18 -19 20 -21 -22 -23 -24 -25
leaf_value=-0.90344508035930371 -0.083745485617926343 0.077716022468394 -0.41455207153055912 1.0964485465126914 -1.7970854350765817 -1.2521995831031476 0.020152628564235244 -0.18706544337251224 -0.56094805068633102 0.08857124689168662 -0.13710818271302308 0.35338894542372923 -0.23117245775599371 0.61954205214607116 0.20741784400015323 -0.030961793801174357 0.66700816267531804 -0.20112897003979746 1.0561583484916601 -0.0079527339783031 3.0184662044354118 1.2215515964757999 0.9689493378899231 0.15649600500625979
leaf_weight=42 30 39 58 38 40 39 53 58 49 31 30 79 52 98 90 50 104 30 32 59 1901 259 36 359
leaf_count=42 30 39 58 38 40 39 53 58 49 31 30 79 52 98 90 50 104 30 32 59 1901 259 36 359
internal_value=0.000283839 -2.77521e-05 -0.000384174 -0.000923295 -0.00124275 -0.00200625 0.000191441 0 -0.000404494 0.000254886 -0.00010119 0.000418316 0.000222332 -5.52486e-05 0.000329567 1.21534e-11 0.000190184 0.000108527 0.000461149 0.000136691 0.000479059 0.000406442 4.47761e-05 0.000421995
internal_weight=3656 1080 425 175 137 79 655 250 88 613 83 2576 505 180 530 140 162 128 2071 138 1933 325 66 390
internal_count=3656 1080 425 175 137 79 655 250 88 613 83 2576 505 180 530 140 162 128 2071 138 1933 325 66 390
cat_boundaries=0 1
cat_threshold=867
is_linear=0
shrinkage=0.01


Tree=134
num_leaves=20
num_cat=3
split_feature=12 0 32 23 22 28 21 0 16 6 19 0 12 16 17 15 25 13 12
split_gain=1.44383 1.02686 0.893015 1.14807 0.437212 0.554318 0.612766 0.234447 0.267164 0.559319 0.116213 0.284371 0.315123 0.624132 0.641467 0.101125 0.0324723 0.0253618 0.0056042
threshold=4538.0833333333348 0 1.1999999999999897 4247.5000000000009 3900.5000000000005 24.875000000000004 3882.5000000000005 1 -0.55657263146136127 9.5000000000000018 124.65000000000002 2 5740.2833333333338 1.0000000180025095e-35 -0.13185729634369445 -0.94426098523567992 4548.0000000000009 5236.4992359233584 4182.0833333333339
decision_type=2 9 2 2 2 2 2 9 2 2 2 9 2 2 2 2 2 2 2
left_child=1 2 17 -4 5 -3 -7 8 18 -10 -2 12 13 -12 -15 -9 -17 -1 -6
right_child=10 4 3 -5 7 6 -8 15 9 -11 11 -13 -14 14 -16 16 -18 -19 -20
leaf_value=-0.17532826953855338 1.7753293252516691 0.03600267016882646 0.039007417156769225 -1.07434053807741 0.035248257143913241 -1.9778792657445647 -0.16562481037408261 -0.010018523577639431 0.032227286217366202 -0.87032264654877567 3.1593544180849285 1.9856188659193219 1.7978488802607686 -0.40562540523533214 2.1577673121907051 0.16040710798351523 0.073345806638867347 0.62993833928344756 0.6600038531098501
leaf_weight=30 1816 61 33 45 30 30 42 51 219 48 77 380 111 44 30 405 54 36 114
leaf_count=30 1816 61 33 45 30 30 42 51 219 48 77 380 111 44 30 405 54 36 114
internal_value=0.000283839 0 -0.00076129 -0.00153165 0.000109859 -0.000399254 -0.0010137 0.00019577 0 -0.000173507 0.000422529 0.000265941 0 -0.000292763 -0.000973333 0.000335893 0.000390217 0 0.000358621
internal_weight=3656 1198 144 78 1054 133 72 921 411 267 2458 642 262 151 74 510 459 66 144
internal_count=3656 1198 144 78 1054 133 72 921 411 267 2458 642 262 151 74 510 459 66 144
cat_boundaries=0 1 2 3
cat_threshold=2180 89 2189
is_linear=0
shrinkage=0.01


Tree=135
num_leaves=23
num_cat=1
split_feature=22 33 19 29 33 23 14 7 3 24 21 18 11 32 20 14 7 31 7 27 11 16
split_gain=1.19395 0.494209 1.30488 0.626023 0.616391 0.479351 0.338475 0.353717 0.321211 0.299801 0.283406 0.185777 0.474859 0.095091 0.0919072 0.0742133 0.0494582 0.0172869 0.00843411 0.0512301 0.00806451 0.00780908
threshold=4481.0000000000009 70.350000000000009 94.750000000000014 27.725000000000005 88.250000000000014 4032.5000000000005 -0.84315017450793706 258.50000000000006 0 4050.5000000000005 5205.0000000000009 1.0000000180025095e-35 78.826207844261759 78.650000000000006 23.003571428571433 -0.99697703579879204 44.500000000000007 4.8000000000000016 27.500000000000004 0.15000000000000005 73.529067760413753 0.29342023166772885
decision_type=2 2 2 2 2 2 2 2 1 2 2 2 2 2 2 2 2 2 2 2 2 2
left_child=1 5 4 9 -3 8 7 10 11 -4 -2 12 -1 -11 -7 -9 -10 -16 19 -8 -13 -17
right_child=6 2 3 -5 -6 14 18 15 16 13 -12 20 -14 -15 17 21 -18 -19 -20 -21 -22 -23
leaf_value=0.024860327838455164 -0.2098125317010181 -0.073821890929582773 -0.92542102248390368 -0.361416794233405 -0.97462722280916303 0.069786048657670727 0.54321207617561074 0.017081437812248086 -0.04690650339944262 0.17278502235027862 1.1314824038247884 -0.031351004694831354 -2.6203728336214955 -0.016735350481987224 0.50162355855266616 1.2189196476790314 0.07341848556521656 0.021452580566963479 2.3742218256124268 0.005807650683930827 0.010083604395029347 0.25305280119926465
leaf_weight=35 59 38 31 41 32 32 219 59 55 318 44 30 30 54 359 165 72 30 1812 31 36 31
leaf_count=35 59 38 31 41 32 32 219 59 55 318 44 30 30 54 359 165 72 30 1812 31 36 31
internal_value=0.000272966 5.4439e-06 -0.000219417 0 -0.00147887 0.000190441 0.000400661 8.078e-05 -0.000119691 0.000102723 -0.000370192 -0.000488636 -0.000871212 0.000203753 0.000404028 0.000302734 0.000183594 0.000447436 0.000451285 0.000258964 0 0.000395939
internal_weight=3613 1193 514 444 70 679 2420 358 258 403 103 131 65 372 421 255 127 389 2062 250 66 196
internal_count=3613 1193 514 444 70 679 2420 358 258 403 103 131 65 372 421 255 127 389 2062 250 66 196
cat_boundaries=0 1
cat_threshold=2
is_linear=0
shrinkage=0.01


Tree=136
num_leaves=18
num_cat=3
split_feature=10 0 13 14 0 15 29 20 0 21 23 14 29 29 5 23 20
split_gain=1.49623 1.11612 1.3449 0.265269 0.39755 0.476204 0.259382 0.444153 0.540481 0.706354 0.24815 0.302211 0.0951633 0.0641145 0.0574028 0.0187436 0.00934207
threshold=4559.6428571428578 0 5286.7055619430876 -0.861146256326485 1 -0.18493013702746822 28.425000000000008 26.903571428571432 2 4247.5000000000009 4032.5000000000005 0.42179998225932674 22.975000000000005 27.675000000000004 3.5000000000000004 4300.5000000000009 32.996428571428574
decision_type=2 9 2 2 9 2 2 2 9 2 2 2 2 2 2 2 2
left_child=1 2 -1 4 5 -2 7 10 9 -9 11 -3 -12 -10 -4 -5 -8
right_child=3 6 14 15 -6 -7 16 8 13 -11 12 -13 -14 -15 -16 -17 -18
leaf_value=-0.69121857557096322 -0.23756883661136072 0.0096439362665380647 -0.25902966521516463 0.72991484293845943 1.5921036821099517 0.44456060789765373 0.88690191855980105 0.68874313778781104 0.22802078761283084 -0.78252470814600872 0.029311154361014755 -1.4014344129944447 0.26930551884039078 -0.025244961154181456 0.68469519643869348 2.8005029870311451 0.90200981844071504
leaf_weight=46 49 197 35 30 156 53 190 45 94 95 74 69 407 34 34 1974 31
leaf_count=46 49 197 35 30 156 53 190 45 94 95 74 69 407 34 34 1974 31
internal_value=0.000267432 0 -0.000892857 0.000424658 7.33591e-05 -0.000345133 9.46271e-05 1.72244e-05 -0.000319703 -0.000728477 0.000151738 -6.36704e-05 0.000291494 0.000100719 0 0.000464838 0.000407658
internal_weight=3613 1351 115 2262 258 102 1236 1015 268 140 747 266 481 128 69 2004 221
internal_count=3613 1351 115 2262 258 102 1236 1015 268 140 747 266 481 128 69 2004 221
cat_boundaries=0 1 2 3
cat_threshold=2052 201 185
is_linear=0
shrinkage=0.01


Tree=137
num_leaves=20
num_cat=2
split_feature=10 0 13 28 20 18 31 7 10 19 0 17 15 12 17 5 18 17 20
split_gain=1.54944 1.098 1.3449 0.270519 0.383188 0.435139 0.880262 0.278633 0.228807 0.136879 0.412186 0.400231 1.12905 0.0684814 0.0649874 0.0574028 0.0304448 0.0143941 0.0117004
threshold=4559.6428571428578 0 5286.7055619430876 28.425000000000008 26.903571428571432 17.349999999999991 0.65000000000000002 52.500000000000007 3936.428571428572 124.65000000000002 1 -0.06339081865169055 -0.18493013702746822 4229.2500000000009 0.45847758937963173 3.5000000000000004 2.8500000000000005 -0.98006184984776434 32.996428571428574
decision_type=2 9 2 2 2 2 2 2 2 2 9 2 2 2 2 2 2 2 2
left_child=1 2 -1 4 7 13 -7 8 -3 -2 11 12 -11 -6 -9 -4 -12 -18 -5
right_child=9 3 15 18 5 6 -8 14 -10 10 16 -13 -14 -15 -16 -17 17 -19 -20
leaf_value=-0.68430638981525393 2.7486202154218247 -0.92913803246270454 -0.25643936856301297 0.62432957890442908 -0.19152825110900079 -0.93287286511188627 -0.01592875824590699 0.26425746182026416 0.010700471038730165 -0.59911291353563634 3.0984229338694935 3.7981788868213289 1.9517569111194122 0.093677554919642678 0.012006583229452802 0.67784824447430569 0.4058617861749883 1.6651888722970316 0.88746964487600277
leaf_weight=46 1712 86 35 189 30 34 121 352 159 34 57 53 37 90 145 34 31 338 30
leaf_count=46 1712 86 35 189 30 34 121 352 159 34 57 53 37 90 145 34 31 338 30
internal_value=0.000264665 0 -0.000892857 8.66079e-05 8.34972e-06 -0.000298913 -0.000657051 0.000135935 -0.000111789 0.000424658 0.000245009 -0.000207407 -0.000756944 8.26446e-05 0.000278112 0 0.000395881 0.000444595 0.000406818
internal_weight=3613 1351 115 1236 1017 275 155 742 245 2262 550 124 71 120 497 69 426 369 219
internal_count=3613 1351 115 1236 1017 275 155 742 245 2262 550 124 71 120 497 69 426 369 219
cat_boundaries=0 1 2
cat_threshold=2052 133
is_linear=0
shrinkage=0.01


Tree=138
num_leaves=21
num_cat=3
split_feature=10 0 10 28 0 20 24 23 19 0 17 7 29 25 5 23 17 15 7 23
split_gain=1.47863 0.922792 1.16086 0.281915 0.355781 0.42199 0.449587 0.299879 0.17623 0.389962 0.422078 1.09816 0.115157 0.0956086 0.0882656 0.0743656 0.0343145 0.0165313 0.00939689 0.000950947
threshold=4569.0714285714303 0 4273.5714285714303 28.425000000000008 1 26.903571428571432 4548.0000000000009 4020.5000000000005 124.65000000000002 2 -0.06339081865169055 263.50000000000006 22.375000000000004 4548.0000000000009 3.5000000000000004 4701.0000000000009 -0.34234976856068178 0.77652048701313048 165.50000000000003 4402.0000000000009
decision_type=2 9 2 2 9 2 2 2 2 9 2 2 2 2 2 2 2 2 2 2
left_child=1 2 -1 4 12 7 -7 -6 19 10 11 -10 -3 -14 -4 16 -11 -17 -5 -2
right_child=8 3 14 18 5 6 -8 -9 9 15 -12 -13 13 -15 -16 17 -18 -19 -20 -21
leaf_value=-0.69332076278946742 0.93484708432247521 -0.025045059471974402 -0.24877747944565903 0.62400943959489219 -0.21056577370107893 -0.4968545097575327 0.20364193183544654 0.14782524785376211 -0.59312178440028174 -0.1623490072274987 3.7601970979531187 1.9264842196454444 0.11321073424727014 0.0069070010638295236 0.13415482596398262 2.1063574170972839 3.1651544831354075 6.889242823776299 1.2705446104937606 2.7412218202102943
leaf_weight=45 38 30 31 191 156 121 48 305 34 30 53 35 289 81 39 323 41 30 31 1662
leaf_count=45 38 30 31 191 156 121 48 305 34 30 53 35 289 81 39 323 41 30 31 1662
internal_value=0.000261898 0 -0.000813492 8.39272e-05 4.84967e-06 -0.000132605 -0.000561765 1.08226e-06 0.000419671 0.000224863 -0.000218045 -0.000792857 0.000243309 0.000309973 0 0.000372414 0 0.00044209 0.000408072 0.00047619
internal_weight=3613 1367 115 1252 1030 630 169 461 2246 546 122 69 400 370 70 424 71 353 222 1700
internal_count=3613 1367 115 1252 1030 630 169 461 2246 546 122 69 400 370 70 424 71 353 222 1700
cat_boundaries=0 1 2 3
cat_threshold=2052 578 133
is_linear=0
shrinkage=0.01


Tree=139
num_leaves=24
num_cat=2
split_feature=13 0 19 19 25 20 7 0 34 7 26 24 14 20 34 25 25 25 20 32 13 14 13
split_gain=1.07355 1.14374 1.28246 0.332767 0.514842 0.455121 0.292576 0.218756 0.249511 0.232529 0.176808 0.293167 0.165037 0.331329 0.121235 0.0716431 0.0575982 0.046952 0.0379862 0.0315011 0.108205 0.00473676 0.00171108
threshold=5265.502740787344 0 70.350000000000009 88.350000000000009 4612.0000000000009 27.110714285714288 52.500000000000007 1 4.6650000000000009 263.50000000000006 24.125000000000004 3925.5000000000005 -0.95500086777008153 26.93928571428572 4.8850000000000007 4686.0000000000009 4350.5000000000009 4398.0000000000009 22.725000000000005 25.349999999999994 5378.0800717213124 -0.99372698525316483 5907.4542854206638
decision_type=2 9 2 2 2 2 2 9 2 2 2 2 2 2 2 2 2 2 2 2 2 2 2
left_child=1 2 -1 19 5 17 10 9 21 -6 16 -12 13 -8 -10 18 -3 -5 -14 -2 -21 -9 -22
right_child=3 6 -4 4 7 -7 12 8 14 -11 11 -13 15 -15 -16 -17 -18 -19 -20 20 22 -23 -24
leaf_value=0.00013480329748061516 1.2381169708943811 0.065296555631388989 -1.3081500408704032 0.3089185358092062 -0.21180869464261873 -0.14216715935864652 0.26240062783556167 0.14471926888266709 -0.47008751436566154 1.979798622541276 0.08574650378185758 -0.96442426221680566 0.030587753619240241 -0.81595856502480346 0.30092651513364904 -0.048214206386002358 -0.44412413527386202 -0.0027910499250855844 0.10689372117642941 -0.19069708808156394 1.6362390923181245 1.7019386654645772 2.2455348202015415
leaf_weight=56 1594 69 46 49 56 50 45 36 40 55 30 42 43 34 65 52 39 50 462 30 101 538 31
leaf_count=56 1594 69 46 49 56 50 45 36 40 55 30 42 43 34 65 52 39 50 462 30 101 538 31
internal_value=0.000272966 -1.19695e-05 -0.000964602 0.000373702 0.000201596 -0.000303333 0.000106409 0.000309735 0.000376087 -3.68852e-05 -0.000220994 -0.00060274 0.000216641 -0.00013125 0 0.00028405 0 0 0.000321146 0.000459875 0.000190184 0.000464348 0.000345865
internal_weight=3613 918 102 2695 939 149 816 790 679 111 180 72 636 79 105 557 108 99 505 1756 162 574 132
internal_count=3613 918 102 2695 939 149 816 790 679 111 180 72 636 79 105 557 108 99 505 1756 162 574 132
cat_boundaries=0 1 2
cat_threshold=2180 2049
is_linear=0
shrinkage=0.01


Tree=140
num_leaves=20
num_cat=2
split_feature=10 0 13 11 14 0 31 25 29 12 25 14 33 12 19 24 10 7 24
split_gain=1.73753 1.33286 0.871375 0.687791 0.323058 0.23197 0.377604 0.233805 0.22614 0.278264 0.184826 0.128686 0.0810762 0.0865041 0.0348101 0.0205511 0.0281498 0.0175176 0.00967502
threshold=4476.857142857144 0 5283.1379107981229 102.20915655211591 -0.98664820696349753 1 8.3500000000000032 4151.0000000000009 22.975000000000005 3955.8500000000008 4149.5000000000009 -0.75579217237767959 186.75000000000003 4766.1000000000013 218.45000000000002 4200.5000000000009 4559.6428571428578 285.50000000000006 5992.5000000000009
decision_type=2 9 2 2 2 9 2 2 2 2 2 2 2 2 2 2 2 2 2
left_child=1 2 3 -1 -3 8 7 -7 10 -10 -6 12 -2 -14 -15 -13 -17 -4 -16
right_child=11 4 17 -5 5 6 -8 -9 9 -11 -12 15 13 14 18 16 -18 -19 -20
leaf_value=-0.26546432863177194 1.1463719337787306 -0.15758248200991617 -0.099942607170964121 -1.138574586392906 0.14765357960863396 -0.30273491382226975 -0.036182187449557084 0.064046205264820577 -0.4487973807710548 0.35411131943330437 -0.9248584304175187 3.5118276055942843 -0.16141709832234105 0.090248029709109764 1.390220843567558 0.11790032000069318 2.7708711094258081 3.3734676387799944 0.74732082642067077
leaf_weight=51 197 40 30 42 46 63 41 273 57 475 30 30 56 31 112 67 1891 31 51
leaf_count=51 197 40 30 42 46 63 41 273 57 475 30 30 56 31 112 67 1891 31 51
internal_value=0.000281328 -2.58474e-05 -0.000866667 -0.0015266 9.89382e-05 0.000144523 -2.96392e-05 5.34125e-05 0.000264943 0.000348968 -0.000155844 0.000434113 0.000231027 5.9761e-05 0.000189744 0.00047461 0.000479326 0 0.000253049
internal_weight=3614 1179 154 93 1025 985 377 336 608 532 76 2435 447 250 194 1988 1958 61 163
internal_count=3614 1179 154 93 1025 985 377 336 608 532 76 2435 447 250 194 1988 1958 61 163
cat_boundaries=0 1 2
cat_threshold=2180 586
is_linear=0
shrinkage=0.01


Tree=141
num_leaves=20
num_cat=2
split_feature=10 0 18 33 0 13 20 15 14 25 29 23 20 19 23 25 12 7 22
split_gain=1.66545 0.850655 1.22671 1.07702 0.321162 0.417549 1.06382 0.34376 0.181386 0.179423 0.176244 0.138743 0.117197 0.0637536 0.0190686 0.0162164 0.0133846 0.0094128 0.0068109
threshold=4569.0714285714303 0 0.79999999999999838 104.30000000000001 1 5040.7972302854387 25.603571428571431 0.79253265336324141 -0.8781231054254196 4376.0000000000009 26.075000000000006 4750.5000000000009 23.053571428571434 325.85000000000008 4349.5000000000009 4548.0000000000009 4528.0666666666675 43.500000000000007 7202.5000000000009
decision_type=2 9 2 2 9 2 2 2 2 2 2 2 2 2 2 2 2 2 2
left_child=1 2 -1 -4 12 6 17 10 11 -9 -7 -2 -3 18 -10 -14 -17 -6 -13
right_child=8 4 3 -5 5 7 -8 9 14 -11 -12 13 15 -15 -16 16 -18 -19 -20
leaf_value=0.17568207459486587 -0.10489337116733935 -0.0049070154317800577 -0.4726493407758916 -0.0049737004793013219 -0.027847177649803125 0.54818366071510416 -2.4384943691047383 -0.0015395463366228287 0.71244210153161047 -0.1319517257966055 0.064761771732304116 0.80215990607708676 0.19037988318953114 0.33212511702181452 2.8731129584562511 -0.016505908170053294 1.0309481205923412 0.1167709886151465 0.5079181553162162
leaf_weight=46 55 45 44 30 30 179 35 101 31 52 431 125 260 30 1995 30 34 31 30
leaf_count=46 55 45 44 30 30 179 35 101 31 52 431 125 260 30 1995 30 34 31 30
internal_value=0.000281328 0 -0.000763359 -0.00164 8.39387e-05 -1.2069e-05 -0.000639175 5.43194e-05 0.000446846 -0.000347403 0.000171849 0.000124481 0.000327632 0.000282258 0.00048002 0.000406154 3.07692e-05 8.06453e-06 0.00036859
internal_weight=3614 1348 120 74 1228 859 96 763 2266 153 610 240 369 185 2026 324 64 61 155
internal_count=3614 1348 120 74 1228 859 96 763 2266 153 610 240 369 185 2026 324 64 61 155
cat_boundaries=0 1 2
cat_threshold=2064 514
is_linear=0
shrinkage=0.01


Tree=142
num_leaves=23
num_cat=1
split_feature=10 0 13 21 11 7 15 18 12 33 15 19 12 21 15 16 21 10 10 10 16 21
split_gain=1.72586 1.07123 1.04494 0.594816 0.281339 0.388722 0.183999 0.367323 0.187568 0.178594 0.131234 0.107841 0.200406 0.112058 0.0882353 0.0178764 0.0140289 0.00358393 0.0256564 0.00324221 0.00517147 0.00521257
threshold=4447.0000000000009 0 5226.3228676842946 4010.5000000000005 168.8758304666442 291.50000000000006 0.037621334799590643 14.65 4280.0166666666673 70.350000000000009 -0.9260227363677036 166.95000000000002 4766.1000000000013 4661.0000000000009 -0.98932651372861458 0.57075747273004163 4399.5000000000009 4569.0714285714303 4535.9285714285716 4628.1428571428578 0.98519415784776321 6499.5000000000009
decision_type=2 9 2 2 2 2 2 2 2 2 2 2 2 2 2 2 2 2 2 2 2 2
left_child=1 2 3 -1 6 -6 10 8 -8 -4 14 17 13 15 -3 -13 -12 18 -2 -14 21 -21
right_child=11 4 9 -5 5 -7 7 -9 -10 -11 16 12 19 -15 -16 -17 -18 -19 -20 20 -22 -23
leaf_value=-0.1980379685332512 0.25477363962241928 0.58736381736212306 0.10050994539930683 -1.2368694190540519 -0.73779960675225142 0.070619613464609265 -0.0016978422063698357 -0.42051924941308555 0.42722915589456295 -0.21526246565504387 0.74055211476492899 0.14688781202788798 3.1044358198434505 -0.78421722157256146 -0.083751934231152667 0.027991896684184267 0.27972627758207153 2.6449885916204221 0.17635926306468172 2.0829457165672403 2.3472206011720327 0.3808974012118469
leaf_weight=32 97 50 47 32 42 42 347 33 160 35 239 38 30 38 50 31 30 1813 39 328 30 31
leaf_count=32 97 50 47 32 42 42 347 33 160 35 239 38 30 38 50 31 30 1813 39 328 30 31
internal_value=0.000278562 -3.55263e-05 -0.000808917 -0.00181538 7.61952e-05 -0.000447059 0.000136813 1.28078e-11 8.56299e-05 0 0.000309459 0.0004271 0.000252372 -6.01852e-05 0 6.42857e-05 0.000424074 0.000468974 0.00020438 0.000355952 0.000370513 0.0003875
internal_weight=3614 1139 146 64 993 84 909 540 507 82 369 2475 526 107 100 69 269 1949 136 419 389 359
internal_count=3614 1139 146 64 993 84 909 540 507 82 369 2475 526 107 100 69 269 1949 136 419 389 359
cat_boundaries=0 1
cat_threshold=2180
is_linear=0
shrinkage=0.01


Tree=143
num_leaves=18
num_cat=2
split_feature=10 0 13 0 34 25 13 21 16 12 17 14 14 29 21 23 5
split_gain=1.81151 0.893709 1.19434 0.299038 0.676267 0.393003 0.252693 0.161294 0.304587 0.252822 0.228842 0.120621 0.095621 0.0840527 0.0307372 0.0190686 0.0187546
threshold=4569.0714285714303 0 5283.1379107981229 1 2.9550000000000005 4550.5000000000009 5357.8378211059999 4500.5000000000009 -0.14250758662009075 4066.8333333333335 0.59004310983071195 -0.8781231054254196 -0.94975917145599731 23.625000000000004 5177.5000000000009 4349.5000000000009 3.5000000000000004
decision_type=2 9 2 9 2 2 2 2 2 2 2 2 2 2 2 2 2
left_child=1 2 -1 7 -5 6 -6 9 -9 10 -3 12 -2 -11 -14 -13 -4
right_child=11 3 16 4 5 -7 -8 8 -10 13 -12 15 14 -15 -16 -17 -18
leaf_value=-0.56094369608740535 0.57327076705085078 -0.68399261163087677 -0.085796897510547615 -0.37862389668061847 -0.11101375559779487 0.46384198880545741 0.66219568424288777 0.78905510746334573 -0.22185254613853628 0.017515019377118236 0.051648698034189103 0.67886779460008739 -0.20657500341205043 0.56912538169183702 2.4270077995371149 2.8179319429554761 0.62556433851055715
leaf_weight=51 163 70 31 36 274 146 58 42 35 33 110 31 38 429 39 1995 33
leaf_count=51 163 70 31 36 274 146 58 42 35 33 110 31 38 429 39 1995 33
internal_value=0.000278562 -4.44773e-06 -0.000813492 6.95338e-05 -0.000100952 0 -0.000192192 0.000204795 -0.000147436 0.000265941 0 0.000451257 0.000165975 0.000390929 -1.92308e-05 0.00048002 0
internal_weight=3614 1348 115 1233 514 478 332 719 77 642 180 2266 240 462 77 2026 64
internal_count=3614 1348 115 1233 514 478 332 719 77 642 180 2266 240 462 77 2026 64
cat_boundaries=0 1 2
cat_threshold=2052 586
is_linear=0
shrinkage=0.01


Tree=144
num_leaves=25
num_cat=1
split_feature=12 14 25 3 17 25 33 30 33 25 14 16 12 22 28 14 18 17 22 18 21 21 21 12
split_gain=1.56283 0.53072 1.45023 0.384803 0.307778 0.313983 0.583131 0.246612 0.200813 0.189971 0.10773 0.305369 0.261013 0.108848 0.0891714 0.0868023 0.0851208 0.0639107 0.0362515 0.0337855 0.0102749 0.0564078 0.00841618 0.00812404
threshold=4497.2166666666681 -0.95500086777008153 4349.5000000000009 0 -0.22701029611497395 4350.5000000000009 70.350000000000009 23.725000000000005 7.9499999999999993 4149.5000000000009 -0.75579217237767959 0.51295437088821561 4766.1000000000013 4341.0000000000009 26.575000000000006 -0.99815974739704505 29.150000000000002 -0.56547028338718019 4360.5000000000009 32.050000000000004 4601.0000000000009 4511.5000000000009 4561.0000000000009 5774.8000000000011
decision_type=2 2 2 1 2 2 2 2 2 2 2 2 2 2 2 2 2 2 2 2 2 2 2 2
left_child=1 2 16 4 14 9 -7 8 -5 -6 11 15 -13 -12 17 -2 -1 -3 -9 -14 21 -15 -23 -21
right_child=10 3 -4 7 5 6 -8 18 -10 -11 13 12 19 20 -16 -17 -18 -19 -20 23 -22 22 -24 -25
leaf_value=0.18889987553690099 0.48558824279235824 -0.13109533736350745 -0.88024571285175779 0.051601773323238759 -0.60072220467658477 -0.12371053002818451 -0.40554673371002009 0.18590680603887308 -0.13302371643454075 0.023575265430222175 0.11254287336955915 -0.51376261645095744 2.0144527251316755 0.4443199639227311 0.67995485176172921 1.1639126613960402 -0.29274418488551496 0.63466917669630341 0.067032669987603322 -0.21039449681315969 3.0671036686588127 -0.034857543939480234 0.24417074344920506 0.69871721362739192
leaf_weight=51 36 34 34 37 98 84 40 279 42 160 31 37 49 107 101 311 36 35 56 30 1795 37 53 41
leaf_count=51 36 34 34 37 98 84 40 279 42 160 31 37 49 107 101 311 36 35 56 30 1795 37 53 41
internal_value=0.000284094 -2.43566e-05 -0.000651639 4.44674e-05 -0.000115732 -0.000284595 -0.000704 0.000281928 -0.00013125 -4.2471e-05 0.000420688 0.000241584 -7.27848e-05 0.000460227 0.000204678 0.000412356 0 0 0.000409226 8.26446e-05 0.000469644 0.00024495 0 0
internal_weight=3614 1087 121 966 552 382 124 414 79 258 2527 504 157 2023 170 347 87 69 335 120 1992 197 90 71
internal_count=3614 1087 121 966 552 382 124 414 79 258 2527 504 157 2023 170 347 87 69 335 120 1992 197 90 71
cat_boundaries=0 1
cat_threshold=2
is_linear=0
shrinkage=0.01


Tree=145
num_leaves=23
num_cat=2
split_feature=13 0 25 19 19 21 28 0 21 7 21 28 23 17 25 11 20 34 18 16 16 21
split_gain=1.303 1.05266 0.966054 0.935748 0.367678 0.327824 0.719528 0.260246 0.271131 0.492573 0.431218 0.165815 0.11904 0.0933845 0.236681 0.108157 0.0894105 0.0838087 0.0173094 0.00806452 0.00794274 0.00691358
threshold=5256.6979702687258 0 4376.0000000000009 67.750000000000014 99.750000000000014 3882.5000000000005 25.425000000000004 1 5400.5000000000009 273.50000000000006 4636.5000000000009 25.925000000000008 4500.5000000000009 -0.83019045640726863 4310.5000000000009 40.868546527430574 23.289285714285718 4.3950000000000005 2.5499999999999896 -0.95010216670023806 0.97650828179861848 7377.5000000000009
decision_type=2 9 2 2 2 2 2 9 2 2 2 2 2 2 2 2 2 2 2 2 2 2
left_child=1 2 11 -4 -2 6 -3 18 9 10 -9 -1 -11 14 -7 17 -17 -15 19 -6 -20 -10
right_child=4 5 3 -5 7 13 -8 8 21 12 -12 -13 -14 15 -16 16 -18 -19 20 -21 -22 -23
leaf_value=-0.24349974877006411 1.1035543410935018 0.1526635016426838 -0.14010393310878716 -0.37640399233282074 7.9497141519432173 0.20676808020098839 -1.6280839852893361 -0.0031459714496808728 3.3397726163626791 -0.0020296332104077935 -0.42806205159103322 0.2645995392528801 1.174525484114584 0.093485107960378247 -0.8989505217680569 0.0057945385233060418 0.13187126961843984 -0.56856065793369082 0.82516574592461767 1.6298849745809245 2.3124326162137936 0.34150618999060228
leaf_weight=48 1859 45 30 30 30 72 41 67 126 74 55 43 101 56 30 82 402 30 359 30 32 30
leaf_count=48 1859 45 30 30 30 72 41 67 126 74 55 43 101 56 30 82 402 30 359 30 32 30
internal_value=0.000290226 -2.8022e-05 -0.000768518 -0.00180328 0.000398517 0.000115735 -0.000425287 0.000212155 1.40086e-05 -0.000139262 -0.000642276 -4.8913e-05 0.00015625 0.00020208 0 0.00025394 0.000313402 0 0.00037987 1.09927e-11 0.000422194 0.000369427
internal_weight=3672 909 151 60 2763 758 86 904 453 297 122 91 175 672 102 570 484 86 451 60 391 156
internal_count=3672 909 151 60 2763 758 86 904 453 297 122 91 175 672 102 570 484 86 451 60 391 156
cat_boundaries=0 1 2
cat_threshold=2196 342
is_linear=0
shrinkage=0.01


Tree=146
num_leaves=27
num_cat=3
split_feature=10 0 25 14 0 28 34 12 0 16 11 24 20 33 7 24 16 5 7 10 10 7 33 5 11 7
split_gain=1.41212 2.3328 0.637777 0.367426 0.320735 0.30065 0.41377 0.259827 0.18448 0.180291 0.174039 0.173007 0.137399 0.108674 0.202756 0.107985 0.0722719 0.0608872 0.0548062 0.0396758 0.154612 0.0265661 0.02509 0.0142921 0.0130208 0.00327543
threshold=4206.4285714285716 0 4376.0000000000009 -0.8781231054254196 1 26.375000000000004 4.1250000000000009 3959.5000000000005 2 -0.8098839673871151 77.810973117841186 4100.5000000000009 27.43928571428572 40.95000000000001 165.50000000000003 4115.5000000000009 -0.97509344079810367 2.5000000000000004 234.50000000000003 4559.6428571428578 4503.4285714285725 276.50000000000006 245.85000000000002 4.5000000000000009 62.837653395698624 47.500000000000007
decision_type=2 9 2 2 9 2 2 2 9 2 2 2 2 2 2 2 2 2 2 2 2 2 2 2 2 2
left_child=1 2 11 4 5 21 -7 10 13 16 17 -1 22 25 -15 -10 -9 -3 -16 20 -17 -2 24 -11 -6 -5
right_child=3 7 -4 8 12 6 -8 9 15 23 -12 -13 -14 14 18 19 -18 -19 -20 -21 -22 -23 -24 -25 -26 -27
leaf_value=-1.2144095955704572 0.10517042758905881 -0.086736202691805278 -0.3717017049354539 0.014939473840748235 0.10884852062303171 0.051150841596073561 -0.94497554659055694 0.15582908937794185 0.15744269354385867 0.1122881978475333 -0.58670297728384702 0.16125636033543292 -0.42388290911392168 -0.30903115766197109 0.019072772066430082 0.57435302752565576 -0.72957426507615797 0.076191926328921938 0.93560637289903004 3.0231223884508616 -0.08647524504432734 1.6815192574127991 0.66291060666178814 0.086328799473539747 0.76298861766159309 1.1555574511214373
leaf_weight=30 30 42 51 30 30 42 42 32 30 246 40 34 30 31 66 407 46 49 62 1808 53 45 55 30 215 96
leaf_count=30 30 42 51 30 30 42 42 32 30 246 40 34 30 31 66 407 46 49 62 1808 53 45 55 30 215 96
internal_value=0.000282058 -0.00014975 -0.00136905 0.000369671 9.08163e-05 -0.000238235 -0.000682353 0.000146169 0.000418537 0.000301408 -0.000185606 -0.000584615 0.000278592 0.000109797 -3.12499e-06 0.000449978 -1.26582e-05 0 0.000108527 0.000460115 0.000303688 9.86842e-05 0.000365449 0.000425993 0.000416667 0.000338583
internal_weight=3672 600 115 3072 489 159 84 485 2583 354 131 64 330 285 159 2298 78 91 128 2268 460 75 300 276 245 126
internal_count=3672 600 115 3072 489 159 84 485 2583 354 131 64 330 285 159 2298 78 91 128 2268 460 75 300 276 245 126
cat_boundaries=0 1 2 3
cat_threshold=2212 137 2564
is_linear=0
shrinkage=0.01


Tree=147
num_leaves=18
num_cat=2
split_feature=10 0 13 0 25 20 14 16 10 23 34 10 25 13 7 13 10
split_gain=1.25235 0.990729 0.745863 0.296431 0.548401 0.657306 0.266627 0.326713 0.324363 0.216829 0.201384 0.159886 0.140146 0.102616 0.0563502 0.00916263 0.00516447
threshold=4559.6428571428578 0 5261.066369501912 1 4075.5000000000005 25.603571428571431 -0.8781231054254196 0.35845153958890236 4926.1428571428578 4324.5000000000009 5.285000000000001 3926.928571428572 4548.0000000000009 5249.2194310051118 261.50000000000006 5148.6823406072845 4663.2857142857147
decision_type=2 9 2 9 2 2 2 2 2 2 2 2 2 2 2 2 2
left_child=1 2 -1 12 5 -5 7 16 -9 -8 11 -6 -3 -14 -4 -12 -2
right_child=6 3 14 4 10 -7 9 8 -10 -11 15 -13 13 -15 -16 -17 -18
leaf_value=-0.51051161695530545 0.41135738766407526 0.10540284872409267 -0.25424267861073802 0.025673907774503544 -0.71656226422376379 -1.1421738039236016 -0.094466556320360162 -0.26773669854878468 0.80371679389496964 2.7065482372566989 0.025002622015187072 0.0481375514684384 -0.040852382004370934 0.77993461123200691 1.8023883256434128 1.048740478999735 0.88249410879895684
leaf_weight=53 31 372 34 55 61 34 30 48 47 2005 30 460 30 69 30 151 132
leaf_count=53 31 372 34 55 61 34 30 48 47 2005 30 460 30 69 30 151 132
internal_value=0.000282058 3.58696e-05 -0.000792969 0.000126473 0 -0.000727778 0.000425676 7.33591e-05 -0.000338542 0.000465373 0.000100996 0 0.000322614 0 0 0.000387363 0.000375
internal_weight=3672 1379 117 1262 791 89 2293 258 95 2035 702 521 471 99 64 181 163
internal_count=3672 1379 117 1262 791 89 2293 258 95 2035 702 521 471 99 64 181 163
cat_boundaries=0 1 2
cat_threshold=2052 578
is_linear=0
shrinkage=0.01


Tree=148
num_leaves=23
num_cat=3
split_feature=12 0 22 24 0 11 19 34 33 12 32 11 29 14 0 32 5 17 24 21 21 33
split_gain=1.18036 0.916548 0.949984 0.305674 0.963182 0.443372 0.29082 0.642386 0.286704 0.260839 0.192105 0.174918 0.110203 0.0955802 0.0882433 0.132854 0.0813353 0.122714 0.0767316 0.0612916 0.0221548 0.00184194
threshold=4766.1000000000013 0 4290.5000000000009 4236.0000000000009 1 98.577500129439571 113.75000000000001 4.9650000000000007 148.40000000000006 3955.8500000000008 0.14999999999999294 77.810973117841186 26.425000000000008 -0.99815974739704505 2 38.100000000000016 3.5000000000000004 0.7912140244565844 4200.5000000000009 5300.5000000000009 8130.5000000000009 139.75000000000003
decision_type=2 9 2 2 9 2 2 2 2 2 2 2 2 2 9 2 2 2 2 2 2 2
left_child=1 2 -1 4 9 10 16 8 -8 11 -6 -3 -4 -2 15 21 -5 -18 -11 -17 -16 -15
right_child=13 3 12 6 5 -7 7 -9 -10 18 -12 -13 -14 14 20 19 17 -19 -20 -21 -22 -23
leaf_value=-0.63855097223155877 0.45083867646252862 0.016123204131586789 -0.086922172496051359 0.62442618941335182 -0.22036221974062578 -1.1042222967113806 -0.0054324495737725189 -0.51576774758443766 0.24424551621082155 0.15164859058943578 0.055242081938823011 -0.49665598687076384 0.11846834923639903 1.8980509390394544 3.4949955057364424 -0.20208716090823553 0.63974108193383117 -0.012533591848936907 0.3382831423127684 3.341827450274355 0.93589842214381669 2.2568157684590116
leaf_weight=45 34 59 42 439 50 56 98 33 204 291 63 30 41 102 1736 30 126 64 35 33 30 31
leaf_count=45 34 59 42 439 50 56 98 33 204 291 63 30 41 102 1736 30 126 64 35 33 30 31
internal_value=0.000279336 7.63268e-05 -0.000690647 0.000150096 -1.36752e-05 -0.000641667 0.00026114 0 0.000168317 0.000228873 -0.00020614 -0.000172222 0 0.000444667 0.000453897 0.000135266 0.000388095 0.00013089 0.000376147 -0.000132812 0.000480023 0.000347015
internal_weight=3672 1676 128 1548 584 169 964 335 302 415 113 89 83 1996 1962 196 629 190 326 63 1766 133
internal_count=3672 1676 128 1548 584 169 964 335 302 415 113 89 83 1996 1962 196 629 190 326 63 1766 133
cat_boundaries=0 1 2 3
cat_threshold=2052 842 2049
is_linear=0
shrinkage=0.01


Tree=149
num_leaves=23
num_cat=2
split_feature=10 0 13 24 19 0 24 34 16 14 12 16 11 25 19 23 29 14 34 13 23 13
split_gain=1.16556 1.65768 0.868163 0.583866 0.43821 0.450994 0.521152 0.401917 0.365252 0.41512 0.259827 0.180291 0.174039 0.12648 0.145625 0.0757194 0.0608872 0.0400645 0.0347284 0.0952621 0.0142921 0.000463708
threshold=4206.4285714285716 0 5256.6979702687258 4098.5000000000009 99.750000000000014 1 4712.5000000000009 4.6150000000000011 1.0000000180025095e-35 -0.75579217237767959 3959.5000000000005 -0.8098839673871151 77.810973117841186 4612.0000000000009 132.25000000000003 4098.5000000000009 25.575000000000006 -0.77786766366919291 3.0850000000000004 5308.2117295857452 3851.0000000000005 5997.4020621346617
decision_type=2 9 2 2 2 9 2 2 2 2 2 2 2 2 2 2 2 2 2 2 2 2
left_child=1 2 3 -1 18 6 -6 13 -9 -10 12 15 16 14 -7 -12 -3 -8 19 -2 -13 -21
right_child=4 10 -4 -5 5 7 17 8 9 -11 11 20 -14 -15 -16 -17 -18 -19 -20 21 -22 -23
leaf_value=-1.1856941611663547 -0.081690425562563437 -0.08558464478717219 0.0065797961136557295 -0.27009383491114947 -1.4860294234881897 -0.0078643776609100963 -0.20006628929915177 0.84855207531785415 -0.94081418109645243 1.6242610090367229 0.061809794092060201 0.077172702201770249 -0.5755422032035401 1.433992110771984 0.17641632800632626 -0.53597431712671462 0.097619468304571688 0.57846948291066158 1.031607841505561 1.4951665307405944 0.13742607787106553 4.4029942606196339
leaf_weight=30 32 42 39 46 37 31 30 76 43 32 48 30 40 556 154 30 49 44 1914 92 246 31
leaf_count=30 32 42 39 46 37 31 30 76 43 32 48 30 40 556 154 30 49 44 1914 92 246 31
internal_value=0.000290226 -9.98336e-05 -0.00113095 -0.00184416 0.000369671 0.000180777 -0.000364754 0.000261351 -0.000161184 -0.000690789 0.000146169 0.000301408 -0.000185606 0.000364555 6.72043e-05 -1.26582e-05 0 0 0.00045628 0.000176282 0.000425993 0.000334677
internal_weight=3672 600 115 76 3072 1003 111 892 151 75 485 354 131 741 185 78 91 74 2069 155 276 123
internal_count=3672 600 115 76 3072 1003 111 892 151 75 485 354 131 741 185 78 91 74 2069 155 276 123
cat_boundaries=0 1 2
cat_threshold=2212 2049
is_linear=0
shrinkage=0.01


Tree=150
num_leaves=22
num_cat=2
split_feature=10 0 24 14 14 7 26 34 7 34 24 16 23 15 23 34 34 28 15 0 14
split_gain=1.37921 0.757302 0.764006 0.403197 0.306158 0.368771 0.276044 0.661109 0.259051 0.254002 0.24339 0.2079 0.104574 0.101102 0.101094 0.094253 0.0747052 0.0625001 0.0450256 0.0305786 0.00594795
threshold=4569.0714285714303 0 4098.5000000000009 -0.98046803196378884 -0.89015004145349408 263.50000000000006 26.275000000000002 4.5550000000000006 29.500000000000004 3.1150000000000007 4449.5000000000009 0.878110924644389 4360.5000000000009 -0.9260227363677036 5205.0000000000009 4.1450000000000005 2.7950000000000004 22.625000000000004 -0.98932651372861458 1 -0.99866806308218525
decision_type=2 9 2 2 2 2 2 2 2 2 2 2 2 2 2 2 2 2 2 9 2
left_child=1 8 6 10 5 14 7 -3 15 -5 -4 -11 -6 18 -2 -1 -15 -18 -10 -14 -7
right_child=4 2 3 9 12 20 -8 -9 13 11 -12 -13 19 16 -16 -17 17 -19 -20 -21 -22
leaf_value=-0.15451981741821527 -0.22304841239258286 0.083963215512765199 -0.5826066275501689 -0.010627164938813131 0.5076022528643066 0.38547877666210639 -1.1763241330904741 -1.1933349093557719 0.55451033278914064 0.13776471227150736 0.037177889444765799 -0.13031736046380057 1.488276025867233 0.065409071313735523 0.28261713832648327 0.0011471420094683255 0.016102508468543341 0.1853394118458207 -0.076480938461253672 2.9888378594082861 0.80531661407966837
leaf_weight=35 47 58 30 43 32 30 33 32 34 309 30 79 199 30 36 46 39 517 38 1804 117
leaf_count=35 47 58 30 43 32 30 33 32 34 309 30 79 199 30 36 46 39 517 38 1804 117
internal_value=0.00026499 4.8006e-06 -0.0002448 -4.97967e-05 0.000415931 2.1645e-05 -0.000955645 -0.000494505 0.000226 3.58796e-05 -0.000819672 0.000138817 0.00045555 0.000301973 -0.000458333 -0.000237805 0.000345826 0.000373429 0 0.00046482 0.000361486
internal_weight=3618 1353 614 491 2265 230 123 90 739 431 60 388 2035 658 83 81 586 556 72 2003 147
internal_count=3618 1353 614 491 2265 230 123 90 739 431 60 388 2035 658 83 81 586 556 72 2003 147
cat_boundaries=0 1 2
cat_threshold=978 2052
is_linear=0
shrinkage=0.01


Tree=151
num_leaves=22
num_cat=2
split_feature=10 0 24 18 26 31 11 19 33 14 16 19 19 28 12 26 10 23 6 0 14
split_gain=1.22725 0.624413 0.66994 0.70505 0.655987 0.594663 0.795121 0.345278 0.371904 0.306158 0.368771 0.254567 0.226383 0.185684 0.19589 0.119751 0.146436 0.104574 0.058572 0.0305786 0.00594795
threshold=4569.0714285714303 0 4086.0000000000005 15.85 26.325000000000006 0.45000000000000007 165.45672649048726 14.550000000000002 7.9499999999999993 -0.89015004145349408 0.35845153958890236 245.85000000000002 130.45000000000005 22.975000000000005 4025.3166666666671 21.875000000000004 4150.857142857144 4360.5000000000009 1.5000000000000002 1 -0.99866806308218525
decision_type=2 9 2 2 2 2 2 2 2 2 2 2 2 2 2 2 2 2 2 9 2
left_child=1 13 4 15 7 6 -5 8 -3 10 20 -12 -7 14 -1 -4 -17 -11 -15 -19 -2
right_child=9 2 3 5 -6 12 -8 -9 -10 17 11 -13 -14 18 -16 16 -18 19 -20 -21 -22
leaf_value=0.10915754698238507 0.38162398889548399 -0.0048382750455151328 -0.058548204937140511 -1.0791076398191728 -1.261814397646656 -0.26785743637549081 -0.026186522312558178 0.11754222422497199 -0.68340275126320715 0.50252623033565991 0.1513211957844271 -0.24381268472748094 0.095990372047537978 -0.0060360425578176325 -0.18063388416265258 -0.00030489784905729403 0.56974106310055717 1.4733932656085631 0.2045389051313013 2.9589494808141992 0.79726344793886983
leaf_weight=35 30 37 31 30 30 65 31 56 41 32 45 38 111 39 31 66 288 199 462 1804 117
leaf_count=35 30 37 31 30 30 65 31 56 41 32 45 38 111 39 31 66 288 199 462 1804 117
internal_value=0.00027328 2.69572e-05 -0.0001468 0 -0.000715151 -0.000426471 -0.00128226 -0.000318519 -0.000772152 0.000415931 2.1645e-05 -0.000458333 -6.77966e-05 0.000282872 -0.000104478 0.000265544 0.000329577 0.00045555 0.000359562 0.00046482 0.000361486
internal_weight=3618 1353 786 622 164 237 61 134 78 2265 230 83 176 567 66 385 354 2035 501 2003 147
internal_count=3618 1353 786 622 164 237 61 134 78 2265 230 83 176 567 66 385 354 2035 501 2003 147
cat_boundaries=0 1 2
cat_threshold=834 2052
is_linear=0
shrinkage=0.01


Tree=152
num_leaves=21
num_cat=3
split_feature=10 0 32 10 0 34 14 7 19 34 32 25 22 27 22 28 7 11 0 14
split_gain=1.17845 0.523098 0.971692 0.397684 0.516651 0.526418 0.306158 0.368771 0.254567 0.155352 0.301156 0.13352 0.10955 0.108045 0.0863672 0.0806452 0.0438743 0.0356043 0.0315749 0.00594795
threshold=4569.0714285714303 0 15.799999999999992 3953.2857142857147 1 4.745000000000001 -0.89015004145349408 263.50000000000006 245.85000000000002 3.0850000000000004 33.750000000000007 4040.5000000000005 4399.5000000000009 14.050000000000002 4349.5000000000009 23.425000000000004 35.500000000000007 41.748681047693573 2 -0.99866806308218525
decision_type=2 9 2 2 9 2 2 2 2 2 2 2 2 2 2 2 2 2 9 2
left_child=1 2 14 4 16 15 7 8 -2 10 -5 -11 -8 -13 -1 -6 -3 -12 -14 -9
right_child=6 3 -4 9 5 -7 12 19 -10 11 17 13 18 -15 -16 -17 -18 -19 -20 -21
leaf_value=0.21383872804159815 0.14980798382658234 0.023865367464801938 -1.1130800958974905 -0.31013920263496136 -0.20554262629794021 -1.3418412052897022 0.015061081374810926 0.37780774900652775 -0.24137455788020748 -0.45582861479247022 0.036827910186409601 0.17406940892009934 1.4473142408065838 -0.019545971344761916 -0.083266678766231672 0.26158929429818445 0.10050993024202991 0.31665198121703519 2.9259874976780527 0.78929081345947727
leaf_weight=63 45 32 36 35 30 47 30 30 38 45 30 791 198 61 31 30 68 54 1807 117
leaf_count=63 45 32 36 35 30 47 30 30 38 45 30 791 198 61 31 30 68 54 1807 117
internal_value=0.000276043 3.43427e-05 -0.000531915 0.000106564 -0.000271635 -0.000733051 0.000415931 2.1645e-05 -0.000458333 0.00019469 -8.75e-05 0.000243318 0.00045555 0.000276671 0 0 0.00018018 0.000141176 0.000464855 0.000361486
internal_weight=3618 1353 130 1223 207 107 2265 230 83 1016 119 897 2035 852 94 60 100 84 2005 147
internal_count=3618 1353 130 1223 207 107 2265 230 83 1016 119 897 2035 852 94 60 100 84 2005 147
cat_boundaries=0 1 2 3
cat_threshold=2049 834 2052
is_linear=0
shrinkage=0.01


Tree=153
num_leaves=25
num_cat=3
split_feature=10 0 18 10 0 34 14 7 33 13 16 20 28 33 20 17 7 15 0 24 28 24 14 24
split_gain=1.17845 0.523098 1.25292 0.397684 0.351489 0.677344 0.306158 0.368771 0.213786 0.149267 0.26732 0.758241 0.128288 0.315085 0.110956 0.101308 0.0405157 0.0274091 0.01992 0.021213 0.016129 0.00841761 0.00594795 0.00402549
threshold=4569.0714285714303 0 15.85 3953.2857142857147 1 4.745000000000001 -0.89015004145349408 263.50000000000006 245.85000000000002 5231.2284313725495 0.57075747273004163 27.046428571428578 26.675000000000008 123.85000000000002 23.053571428571434 -0.98410644190245056 44.500000000000007 0.50370931781787065 2 4200.5000000000009 23.425000000000004 5497.5000000000009 -0.99866806308218525 5977.0000000000009
decision_type=2 9 2 2 9 2 2 2 2 2 2 2 2 2 2 2 2 2 9 2 2 2 2 2
left_child=1 2 17 4 16 20 7 8 -2 12 15 -12 14 -14 -5 -11 -3 -1 21 -20 -6 -8 -9 -23
right_child=6 3 -4 9 5 -7 18 22 -10 10 11 -13 13 -15 -16 -17 -18 -19 19 -21 -22 23 -24 -25
leaf_value=0.40697243609494116 0.11980879883432327 0.024466722873582293 -1.3687196345755979 -0.17156207576024643 -0.20348720003496265 -1.3284227932368051 1.2399745183938455 0.37402967151646094 -0.22579073435616054 -0.045242644035859113 0.17956749996111182 -0.48740323246999973 -0.18307666212275156 0.11825903897846743 0.10730574365918509 0.54973184173143619 0.11369155695436708 -0.0049025685410746334 3.2327703430649151 2.868902322777438 0.25897340135520325 1.3813453309544033 0.78139790532488673 3.1942597532631392
leaf_weight=40 43 47 38 47 30 47 101 30 40 32 163 30 52 92 199 401 53 52 30 1803 30 52 117 49
leaf_count=40 43 47 38 47 30 47 101 30 40 32 163 30 52 92 199 401 53 52 30 1803 30 52 117 49
internal_value=0.000276043 3.43427e-05 -0.000531915 0.000106564 -0.000271635 -0.000648305 0.000415931 2.1645e-05 -0.000458333 0.00019469 0.000291866 0 1.27877e-05 -0.000193103 0.000174089 0.000429724 9.00901e-05 0 0.00045555 0.000475325 0 0.000192488 0.000361486 4.90197e-06
internal_weight=3618 1353 130 1223 207 107 2265 230 83 1016 626 193 390 144 246 433 100 92 2035 1833 60 202 147 101
internal_count=3618 1353 130 1223 207 107 2265 230 83 1016 626 193 390 144 246 433 100 92 2035 1833 60 202 147 101
cat_boundaries=0 1 2 3
cat_threshold=2049 834 2052
is_linear=0
shrinkage=0.01


Tree=154
num_leaves=20
num_cat=2
split_feature=12 0 18 22 11 34 18 18 19 7 21 30 19 0 17 24 19 24 29
split_gain=1.25616 0.506808 1.24005 0.439303 0.391192 0.380736 0.285139 0.329235 1.04088 0.166553 0.130974 0.121963 0.10883 0.337093 0.256612 0.0545192 0.0543622 0.0504255 0.0316587
threshold=4766.1000000000013 0 15.85 3941.5000000000005 79.638317131941704 4.5750000000000011 1.1000000000000039 4.9499999999999904 88.350000000000009 38.500000000000007 4299.0000000000009 23.525000000000002 210.05000000000004 1 -0.79384213008979243 4577.5000000000009 352.45000000000005 3962.5000000000005 22.875000000000004
decision_type=2 9 2 2 2 2 2 2 2 2 2 2 2 9 2 2 2 2 2
left_child=1 2 11 4 17 -6 9 8 -8 15 -9 -1 -2 14 -14 -5 -16 -3 -11
right_child=12 3 -4 6 5 -7 7 10 -10 18 -12 -13 13 -15 16 -17 -18 -19 -20
leaf_value=-0.064297627732345389 3.5871349935276169 -0.0032673685359351622 -1.33181656888233 -0.32787586799065366 -0.0072810626844355911 -1.8081490716180557 0.0086129840579402522 0.18341325825085789 -1.2575539973562246 0.024225725048169444 0.0046998645111674337 0.119974804617624 -0.25882060680852725 2.2661862385294875 -0.20657676396010832 0.10210502313212232 3.1725626956002668 0.082785160006627598 0.63772414940988487
leaf_weight=30 1637 46 39 53 40 30 118 241 32 58 337 80 35 233 31 38 52 48 440
leaf_count=30 1637 46 39 53 40 30 118 241 32 58 337 80 35 233 31 38 52 48 440
internal_value=0.00026499 5.21153e-05 -0.000471875 0.000114276 -0.000351515 -0.000915493 0.000180956 3.29218e-05 -0.000364238 0.00034661 0.000153713 0 0.000434389 0.000214489 -0.000162791 0 1.78572e-05 0 0.000418838
internal_weight=3618 1630 149 1481 164 70 1317 728 150 589 578 110 1988 351 118 91 83 94 498
internal_count=3618 1630 149 1481 164 70 1317 728 150 589 578 110 1988 351 118 91 83 94 498
cat_boundaries=0 1 2
cat_threshold=2049 45
is_linear=0
shrinkage=0.01


Tree=155
num_leaves=22
num_cat=3
split_feature=10 0 13 14 0 7 23 0 14 21 18 34 15 34 7 12 23 23 7 23 13
split_gain=1.30808 1.03034 1.09155 0.337316 0.395531 0.522552 0.281886 0.230842 0.257386 0.228736 0.410274 0.358568 0.223859 0.198037 0.122462 0.117596 0.102026 0.0969909 0.0733939 0.0229719 0.00683854
threshold=4569.0714285714303 0 5265.502740787344 -0.73282214301478099 1 263.50000000000006 4064.0000000000005 2 0.66527693225344786 4310.5000000000009 7.4999999999999991 4.5850000000000009 0.97461712852231652 4.205000000000001 301.50000000000006 4766.1000000000013 3975.5000000000005 4411.0000000000009 258.50000000000006 4149.5000000000009 5040.7972302854387
decision_type=2 9 2 2 9 2 2 9 2 2 2 2 2 2 2 2 2 2 2 2 2
left_child=1 2 -1 4 5 -2 7 16 12 14 13 -12 -9 -11 20 -6 -3 -5 -4 -16 -8
right_child=3 6 18 17 15 -7 9 8 -10 10 11 -13 -14 -15 19 -17 -18 -19 -20 -21 -22
leaf_value=-1.1845403068990212 -0.22505181230470442 0.059309828966744117 -0.27623642929740611 0.5649826139090286 0.021601929141706423 1.7073719190255738 0.25529172958729357 0.020881415980206697 -0.40334115879489718 -0.11101339915178407 0.0036129494669471596 -0.5230925042244372 -0.073850174249410303 0.77516149330974415 0.010536113352615745 1.9050656789218032 -0.33628354015838791 2.6962076520322005 1.8214392872317187 -0.0047782840643393991 0.72084154609971107
leaf_weight=45 57 94 32 37 50 60 34 144 36 47 149 53 49 211 35 211 34 1853 34 48 331
leaf_count=45 57 94 32 37 50 60 34 144 36 47 149 53 49 211 35 211 34 1853 34 48 331
internal_value=0.000263923 1.30719e-05 -0.000856557 0.000411635 0.000102902 -0.000324219 0.00010384 -0.000115922 -0.000314583 0.00020242 2.1692e-05 -0.00029064 -0.000121134 0.000305019 0.000365256 0.000332721 0.000172662 0.000468006 0 0 0.000443989
internal_weight=3644 1376 111 2268 378 117 1265 357 229 908 460 202 193 258 448 261 128 1890 66 83 365
internal_count=3644 1376 111 2268 378 117 1265 357 229 908 460 202 193 258 448 261 128 1890 66 83 365
cat_boundaries=0 1 2 3
cat_threshold=2052 141 514
is_linear=0
shrinkage=0.01


Tree=156
num_leaves=24
num_cat=3
split_feature=10 0 26 14 14 0 29 0 22 13 10 33 13 16 16 33 19 24 28 13 26 13 26
split_gain=1.22163 0.954135 1.08828 0.575822 0.455007 0.598445 0.893523 0.282674 0.21951 0.669775 0.193677 0.274833 0.260794 0.146795 0.308244 0.142298 0.310394 0.0952231 0.084536 0.0750402 0.0591892 0.00806451 0.00252566
threshold=4199.2857142857147 0 27.725000000000005 0.46800856592688472 -0.73282214301478099 1 26.075000000000006 2 5600.5000000000009 5562.1626273296615 4829.9285714285716 8.5500000000000025 5116.5931835290585 0.45272350407489786 -0.14250758662009075 237.95000000000002 257.55000000000001 4152.5000000000009 22.825000000000006 5558.1530348855413 22.475000000000005 5111.3496756595496 27.325000000000006
decision_type=2 9 2 2 2 9 2 9 2 2 2 2 2 2 2 2 2 2 2 2 2 2 2
left_child=1 18 3 13 5 6 -2 10 9 -8 11 -6 -13 14 -3 -7 -17 -9 21 -12 -20 -1 -22
right_child=4 2 -4 -5 7 15 8 17 -10 -11 19 12 -14 -15 -16 16 -18 -19 20 -21 22 -23 -24
leaf_value=0.030529389921545358 1.810918529323065 0.0085671554847006112 -1.29500021632782 -1.2716392005652921 0.87783359274204065 0.81472854886362345 -0.26414681602193091 0.0058969502499416149 0.36616951385053148 -0.53251261152427143 3.8568590939299363 -0.04213007908995732 -0.94547126508607537 0.30078773380358093 -0.69374125102036144 -0.19626153131404903 1.2626603584268656 1.1244816569585283 0.0094218037488041102 0.45489775784220626 0.092956485379232415 -0.015766371555143984 0.12519198905318099
leaf_weight=33 105 102 30 42 43 302 92 36 36 32 128 36 33 58 30 30 79 2084 33 30 189 30 31
leaf_count=33 105 102 30 42 43 302 92 36 36 32 128 36 33 58 30 30 79 2084 33 30 189 30 31
internal_value=0.00026941 -0.000139896 -0.000582418 -0.000317597 0.000349853 0.000100443 -0.000244565 0.000416144 -0.000745342 -0.000944 5.33808e-05 -0.000212389 -0.00065 -2.6178e-05 -0.000255639 0.000344787 0 0.000455185 0.000207951 0.000308176 0.000301181 0 0.000361991
internal_weight=3644 578 262 232 3066 676 265 2390 160 124 270 112 69 190 132 411 109 2120 316 158 253 63 220
internal_count=3644 578 262 232 3066 676 265 2390 160 124 270 112 69 190 132 411 109 2120 316 158 253 63 220
cat_boundaries=0 1 2 3
cat_threshold=595 141 2816
is_linear=0
shrinkage=0.01


Tree=157
num_leaves=21
num_cat=3
split_feature=10 0 13 14 0 15 0 13 28 15 18 28 22 18 20 20 34 6 10 15
split_gain=1.13391 0.727674 1.02688 0.32613 0.395531 0.522552 0.300817 0.411524 1.02538 0.303438 0.269757 0.123317 0.11242 0.0805093 0.0769067 0.0514311 0.0360893 0.0134805 0.0107504 0.00537506
threshold=4569.0714285714303 0 5265.502740787344 -0.73282214301478099 1 -0.18493013702746822 2 5040.7972302854387 26.025000000000002 0.95936279103287792 3.5499999999999896 22.675000000000004 4441.5000000000009 3.3499999999999899 24.332142857142863 23.003571428571433 4.1850000000000014 9.5000000000000018 3904.3571428571436 -0.98049353344232182
decision_type=2 9 2 2 9 2 9 2 2 2 2 2 2 2 2 2 2 2 2 2
left_child=1 2 -1 4 5 -2 14 8 18 10 -9 -11 -5 -6 15 -3 -17 -4 -8 -16
right_child=3 6 17 12 13 -7 7 9 -10 11 -12 -13 -14 -15 19 16 -18 -19 -20 -21
leaf_value=-1.1611343079129142 -0.21747616806641362 0.092666826074346426 -0.23530898580739212 -0.031600591439598522 1.9343734280967135 1.6859141308241616 0.087717498264263116 0.33041824428583949 -2.0252862092950341 0.055857277118699908 -0.0048124536928710396 -0.2659228922414143 2.6259584192323739 0.74318900772140761 0.76056063940568164 0.025792692255274835 -0.29036229424152904 1.9241860839435878 0.028076210948005303 0.1561418678274191
leaf_weight=45 57 50 34 30 30 60 32 307 36 34 282 34 1860 231 30 31 35 32 30 364
leaf_count=45 57 50 34 30 30 60 32 307 36 34 282 34 1860 231 30 31 35 32 30 364
internal_value=0.00026941 3.48584e-05 -0.000692623 0.000407228 0.000102902 -0.000324219 0.000111677 -3.26369e-06 -0.000616162 7.37082e-05 0.00016017 -0.000521739 0.000462718 0.000332721 0.000297505 0 -0.000104478 0 1.5873e-05 0.000372152
internal_weight=3644 1376 111 2268 378 117 1265 755 98 657 589 68 1890 261 510 116 66 66 62 394
internal_count=3644 1376 111 2268 378 117 1265 755 98 657 589 68 1890 261 510 116 66 66 62 394
cat_boundaries=0 1 2 3
cat_threshold=2052 141 546
is_linear=0
shrinkage=0.01


Tree=158
num_leaves=27
num_cat=0
split_feature=13 33 33 26 21 24 23 11 16 14 7 21 18 24 16 25 15 10 27 18 20 14 24 27 13 28
split_gain=1.051 0.379746 0.643211 0.545424 0.981642 0.806881 0.360124 0.48473 0.309988 0.307513 0.371825 0.323488 0.346425 0.272153 0.187892 0.301845 0.141573 0.0934253 0.0821252 0.0675966 0.0549003 0.0282372 0.0174573 0.015811 0.00247452 0.00206578
threshold=5337.5509694251668 70.350000000000009 142.35000000000005 25.475000000000005 4324.5000000000009 4199.0000000000009 4064.0000000000005 77.023032997571946 -0.2530974457044447 -0.73282214301478099 263.50000000000006 5506.0000000000009 44.850000000000016 3947.5000000000005 0.39034993933883777 4349.5000000000009 0.98174098242282837 3983.5714285714289 17.150000000000002 27.899999999999999 32.157142857142865 -0.99697703579879204 4236.0000000000009 30.550000000000004 4327.2746300974386 32.625000000000007
decision_type=2 2 2 2 2 2 2 2 2 2 2 2 2 2 2 2 2 2 2 2 2 2 2 2 2 2
left_child=1 6 3 -3 5 -5 7 17 -9 10 11 12 19 -10 15 -4 20 24 21 -2 25 -12 -11 -24 -1 -8
right_child=9 2 14 4 -6 -7 16 8 13 22 18 -13 -14 -15 -16 -17 -18 -19 -20 -21 -22 -23 23 -25 -26 -27
leaf_value=0.028041715577460113 -0.28110062767925753 0.016895900706068341 0.12538536378053328 -0.50078985211302351 -0.54895732372475892 0.055984550595673838 0.46944830747207655 0.13863557623193537 -0.13074688457172406 1.1506546363201264 0.042673796866820303 0.84630786693748972 -0.36601852252663991 -0.71937974631054258 0.70716806907925389 -0.64299986608852555 -0.057054315703772243 -0.020972957532066593 0.34791617522237356 0.74119488241617337 0.80585216244420699 1.5627340823816034 1.8759804610203108 1.9757878590043243 0.082195938838416027 1.0996827773869757
leaf_weight=31 47 54 63 30 38 97 339 35 46 30 59 81 38 37 126 35 36 37 30 32 47 268 1834 31 107 36
leaf_count=31 47 54 63 30 38 97 339 35 46 30 59 81 38 37 126 35 36 37 30 32 47 268 1834 31 107 36
internal_value=0.000274897 2.25942e-05 -0.000199324 -0.000593182 -0.000888554 -0.000363281 0.000166888 -7.9932e-05 -0.000596639 0.000393717 0.000157374 -0.000155779 -0.000521186 -0.000934524 0.000142222 -0.000111111 0.000346405 0.000213068 0.000358939 -6.24999e-06 0.000404255 0.000407012 0.000457542 0.000462219 0.000352518 0.000445479
internal_weight=3644 1194 443 219 165 127 751 293 118 2450 555 198 117 83 224 98 458 175 357 79 422 327 1895 1865 138 375
internal_count=3644 1194 443 219 165 127 751 293 118 2450 555 198 117 83 224 98 458 175 357 79 422 327 1895 1865 138 375
is_linear=0
shrinkage=0.01


Tree=159
num_leaves=25
num_cat=3
split_feature=10 0 23 0 14 14 0 14 20 22 16 15 10 25 14 13 14 19 19 10 10 10 24 7
split_gain=1.03784 0.811985 0.610174 0.539963 0.539761 0.459101 0.332921 0.296718 0.211445 0.259097 0.114005 0.113435 0.292836 0.099752 0.0791887 0.0503608 0.0398441 0.132161 0.139562 0.0370537 0.0463386 0.0293351 0.00962179 0.001914
threshold=4168.2142857142871 0 4199.0000000000009 1 -0.05695216311707673 -0.9259986516102553 2 0.29342972903661901 26.417857142857148 4725.5000000000009 0.3744682635859638 0.61067742788105683 4043.0714285714289 4701.0000000000009 1.0000000180025095e-35 5226.3228676842946 -0.73282214301478099 178.20000000000002 264.90000000000003 4663.2857142857147 4628.1428571428578 3926.928571428572 4251.0000000000009 332.50000000000006
decision_type=2 9 2 9 2 2 9 2 2 2 2 2 2 2 2 2 2 2 2 2 2 2 2 2
left_child=1 2 4 7 -1 6 8 10 -5 -10 -2 -3 14 15 23 -8 17 -7 -19 20 -18 -16 -21 -13
right_child=3 11 -4 5 -6 16 13 -9 9 -11 -12 12 -14 -15 21 -17 19 18 -20 22 -22 -23 -24 -25
leaf_value=0.10550565323557859 0.11413821419289077 0.13297417532048716 -0.99018742302981755 0.93254729793420765 -0.7298826813525463 2.3276689519083202 0.12809370731709735 -0.4509432748415817 -0.64122424869917216 -0.23035262235313034 -1.0417033009657071 0.063228548040447197 -0.18862999622962318 0.62722357840566856 0.077559078422731353 -0.0076614185171142392 0.3663790767882677 -0.1339080881853652 3.2057463392025052 3.5794184836070033 0.23381781813626121 -0.023510715558467649 3.3678493231745552 0.18135891631584483
leaf_weight=64 52 102 36 40 49 149 45 30 54 30 31 30 38 146 74 60 550 76 65 35 38 57 1706 87
leaf_count=64 52 102 36 40 49 149 45 30 54 30 31 30 38 146 74 60 550 76 65 35 38 57 1706 87
internal_value=0.000277641 -0.000114312 -0.000721875 0.000348616 -0.00029386 0.000375042 1.99468e-05 -0.000270161 -0.000355556 -0.000682353 0 0.000110276 0 0.00025 0.000136546 0 0.000423473 0.000223368 0 0.000443991 0.000312394 0 0.000482491 0.000326271
internal_weight=3644 537 149 3107 113 2994 375 113 124 84 83 388 286 251 248 105 2619 290 141 2329 588 131 1741 117
internal_count=3644 537 149 3107 113 2994 375 113 124 84 83 388 286 251 248 105 2619 290 141 2329 588 131 1741 117
cat_boundaries=0 1 2 3
cat_threshold=2188 2560 137
is_linear=0
shrinkage=0.01


Tree=160
num_leaves=27
num_cat=2
split_feature=10 0 27 34 33 34 0 11 21 17 16 10 19 17 33 21 7 19 11 34 11 32 32 27 24 21
split_gain=1.22956 1.21748 0.82452 0.324987 0.318175 0.444067 0.31503 0.266242 0.430263 0.261597 0.680472 0.204266 0.247815 0.193284 0.18973 0.184075 0.457307 0.164554 0.0656278 0.0649424 0.0256407 0.0206852 0.0462898 0.0191298 0.0168846 0.000688236
threshold=4273.5714285714303 0 1.0000000180025095e-35 4.1050000000000013 88.950000000000003 4.6650000000000009 1 83.687056812725757 3900.5000000000005 -0.06339081865169055 1.0000000180025095e-35 4366.2857142857147 154.75000000000003 0.26659387353423869 9.3500000000000103 5400.5000000000009 297.50000000000006 23.750000000000004 116.65302516854855 3.0850000000000004 45.075067724628198 37.250000000000007 2.4000000000000017 10.850000000000003 3940.5000000000005 7505.0000000000009
decision_type=2 9 2 2 2 2 9 2 2 2 2 2 2 2 2 2 2 2 2 2 2 2 2 2 2 2
left_child=1 2 13 20 19 6 15 14 -9 10 -7 12 -8 -1 24 16 -6 -16 -10 21 -3 22 -2 -21 -5 -13
right_child=4 3 -4 7 5 9 11 8 18 -11 -12 25 -14 -15 17 -17 -18 -19 -20 23 -22 -23 -24 -25 -26 -27
leaf_value=0.60350729930013935 -0.11349686336994559 0.17420007387712563 -1.2803444241258699 0.013811429739310939 -0.6705944905460689 0.57901484721952834 -0.052160223555564017 -1.5920179512834427 -0.036161503219686322 2.0979178766227884 -0.86492214342920881 1.1016599409192103 0.69264927089254258 -0.40749910465353351 -0.37076750904058725 6.3376230360313688 0.88991542466711393 0.064342720546979454 0.13706268136002059 1.0556068160180418 0.16152167205428089 0.10913799040338049 1.3382216474400346 0.74704707599252917 0.13163444800073817 0.42952288738817457
leaf_weight=30 30 57 44 55 30 57 30 37 47 40 44 661 51 30 30 37 37 88 54 1787 189 30 67 30 112 35
leaf_count=30 30 57 44 55 30 57 30 37 47 40 44 661 51 30 30 37 37 88 54 1787 189 30 67 30 112 35
internal_value=0.000275267 -6.91214e-05 -0.00102609 8.01471e-05 0.000368386 0.000206256 0.000295351 -6.7217e-05 -0.000438849 -0.000278169 -0.000583333 0.000366117 0 -0.000163934 7.86713e-05 -0.000156522 -0.000536765 -0.000176471 0 0.000448329 0.000376518 0.000105469 0.000188776 0.000466722 0.000318452 0.000427547
internal_weight=3739 773 104 669 2966 1022 881 423 138 141 101 777 81 60 285 104 67 118 101 1944 246 127 97 1817 167 696
internal_count=3739 773 104 669 2966 1022 881 423 138 141 101 777 81 60 285 104 67 118 101 1944 246 127 97 1817 167 696
cat_boundaries=0 1 2
cat_threshold=2180 2049
is_linear=0
shrinkage=0.01


Tree=161
num_leaves=26
num_cat=2
split_feature=12 0 13 23 24 19 14 16 11 11 22 28 0 18 20 23 20 14 10 10 24 25 24 18 11
split_gain=1.15674 1.00725 0.721625 0.662308 0.318483 0.262719 0.253362 0.577772 0.372348 0.848923 0.220293 0.500433 0.238013 0.34159 1.12022 0.205222 0.125825 0.0957274 0.0845068 0.0846657 0.0666985 0.0624925 0.044902 0.036171 0.0162956
threshold=4538.0833333333348 0 5278.4338057569776 4275.5000000000009 4098.5000000000009 99.750000000000014 -0.73282214301478099 0.35845153958890236 127.91815821764611 70.73592291962207 3899.5000000000005 24.875000000000004 1 17.349999999999991 27.132142857142863 4376.0000000000009 24.125000000000004 -0.99866806308218525 4569.0714285714303 4503.4285714285725 4000.5000000000005 4548.0000000000009 3910.5000000000005 47.350000000000009 712.44212400090612
decision_type=2 9 2 2 2 2 2 2 2 2 2 2 9 2 2 2 2 2 2 2 2 2 2 2 2
left_child=1 2 3 4 -1 -4 7 17 9 -9 11 -3 13 16 -15 -8 -12 -2 19 -17 22 -22 -14 -10 -20
right_child=6 10 5 -5 -6 -7 15 8 23 -11 12 -13 20 14 -16 18 -18 -19 24 -21 21 -23 -24 -25 -26
leaf_value=-0.89569343987880023 0.20663283097968857 0.13077159297183111 0.45166823763442721 -0.56603094656447095 0.033169812341617345 -0.047077200095587156 -0.16766944195215339 0.69994710291529805 -0.016266867585854213 -0.27295349862301616 -0.011231834934485079 -0.9380308684872154 0.090425533667291183 0.15477953210217221 -0.64672359332840912 0.054160504362099453 0.32691893065314681 1.6231186256628263 2.512192331634663 -0.14398986570126099 0.29452395533088876 0.041854488723797392 -0.0029783049862161844 0.70878440822896149 7.1494294369541898
leaf_weight=35 32 50 88 34 47 54 30 45 41 30 51 44 48 56 30 70 154 300 1840 50 403 78 50 47 32
leaf_count=35 32 50 88 34 47 54 30 45 41 30 51 44 48 56 30 70 154 300 1840 50 403 78 50 47 32
internal_value=0.00026992 8.99429e-06 -0.000524164 -0.00112821 -0.000469879 0 0.000392573 0.00015625 -0.000295732 -0.000822368 0.000166154 -0.000242105 0.000223881 0 -0.00054023 0.000445378 0.000206311 0.000408408 0.000459609 8.26446e-05 0.000338136 0.000395228 0 4.49438e-05 0.000478377
internal_weight=3739 1222 258 116 82 142 2517 495 163 75 964 94 870 291 86 2022 205 332 1992 120 579 481 98 88 1872
internal_count=3739 1222 258 116 82 142 2517 495 163 75 964 94 870 291 86 2022 205 332 1992 120 579 481 98 88 1872
cat_boundaries=0 1 2
cat_threshold=2212 337
is_linear=0
shrinkage=0.01


Tree=162
num_leaves=22
num_cat=1
split_feature=12 28 26 3 20 11 14 6 21 13 32 24 17 22 16 10 29 10 10 19 10
split_gain=1.19012 0.390307 0.637782 0.966459 0.292677 0.342063 0.245662 0.580337 0.302883 0.325978 0.42316 0.222122 0.227273 0.140359 0.134025 0.0897677 0.072062 0.0531629 0.0967439 0.0448035 0.020491
threshold=4485.0666666666675 28.275000000000002 27.875000000000004 0 27.060714285714287 86.592779835000769 -0.73282214301478099 9.5000000000000018 5506.0000000000009 5707.0409663865548 20.5 4040.5000000000005 0.6490740716826261 4366.5000000000009 0.30983042691905771 4178.7142857142871 27.175000000000008 4569.0714285714303 4503.4285714285725 188.35000000000005 4278.9285714285725
decision_type=2 2 2 1 2 2 2 2 2 2 2 2 2 2 2 2 2 2 2 2 2
left_child=1 2 4 16 11 20 7 8 9 10 -2 12 -1 -8 -13 -3 -4 18 -15 -10 -6
right_child=6 15 3 -5 5 -7 13 -9 19 -11 -12 14 -14 17 -16 -17 -18 -19 -20 -21 -22
leaf_value=-0.68529533471902027 -0.35779931727732733 -0.059746291449517062 -1.5035172830679213 0.32105758008961593 0.36100776424787229 -0.64025635600801256 -0.023618814430203017 1.6491227478718167 0.54985498945503553 -0.39870621513006677 0.34408203471827165 0.0073496084992631305 0.014133249046230182 0.014267727994492311 0.53240017814406992 0.9971953466496507 -0.036447418694464141 2.4528067142837187 -0.13944349895246361 0.93821545114465921 -0.030497115542197275
leaf_weight=111 39 30 33 38 33 50 51 296 30 30 71 221 141 83 214 197 34 1889 53 65 30
leaf_count=111 39 30 33 38 33 50 51 296 30 30 71 221 141 83 214 197 34 1889 53 65 30
internal_value=0.000267246 0 -9.65784e-05 -0.000825472 0 -0.000469298 0.000384778 0.000160714 -0.000180085 -0.000496454 -0.000135135 7.77616e-05 -0.000134387 0.000437169 0.000223624 0.000366228 -0.00156618 0.000450395 0.000131387 0.000182292 0
internal_weight=3739 1132 905 105 800 113 2607 531 235 140 110 687 252 2076 435 227 67 2025 136 95 63
internal_count=3739 1132 905 105 800 113 2607 531 235 140 110 687 252 2076 435 227 67 2025 136 95 63
cat_boundaries=0 1
cat_threshold=2
is_linear=0
shrinkage=0.01


Tree=163
num_leaves=25
num_cat=1
split_feature=12 3 21 24 11 32 12 14 15 14 15 21 12 23 22 28 14 10 10 29 12 20 14 25
split_gain=0.927628 0.472358 0.631567 0.498592 0.48348 0.439108 0.838362 0.401385 0.53987 0.245662 0.639088 0.442881 0.243333 0.241941 0.157958 0.127671 0.0874393 0.0514906 0.104538 0.0484234 0.0337236 0.0220486 0.00805417 0.00181595
threshold=4485.0666666666675 0 3922.0000000000005 4040.5000000000005 84.875957130167208 33.750000000000007 4289.2000000000007 -0.93235440815991333 0.011826144619637555 -0.73282214301478099 -0.18493013702746822 5506.0000000000009 4445.7166666666681 4399.5000000000009 4741.0000000000009 25.175000000000004 -0.99866806308218525 4569.0714285714303 4503.4285714285725 22.675000000000004 6991.9666666666681 26.76071428571429 -0.80924678377697201 3928.5000000000005
decision_type=2 1 2 2 2 2 2 2 2 2 2 2 2 2 2 2 2 2 2 2 2 2 2 2
left_child=1 2 3 4 -1 12 21 8 -3 10 11 14 15 -11 -2 -4 -12 18 -15 -9 -13 -7 -21 -24
right_child=9 7 5 -5 -6 6 -8 19 -10 13 16 20 -14 17 -16 -17 -18 -19 -20 22 -22 -23 23 -25
leaf_value=-0.073513540095732466 -0.018454082258081844 0.13660906310572793 0.0050160083868381255 0.074498215665764533 -1.7415759227071272 0.094679726508501788 -0.18953414213654404 0.0054658088721123259 -0.95289221068697727 -0.12733002151742803 -0.077724535365302147 1.9696362424983824 -0.10938960845156079 0.019755344638473324 -0.31098501033753817 0.28645351897072646 1.5672023469450782 2.4573237974227049 -0.13908455332686859 0.10093391968750816 0.11727370544588002 1.2214863687096724 0.049904622959513631 0.25256497841004977
leaf_weight=31 39 37 114 30 31 30 56 47 31 49 36 52 39 88 53 250 321 1887 52 32 30 41 36 327
leaf_count=31 39 37 114 30 31 30 56 47 31 49 36 52 39 88 53 250 321 1887 52 32 30 41 36 327
internal_value=0.000280615 3.17741e-05 -0.000142857 -0.000903226 -0.0014127 0 -0.000519531 0.000264188 -0.000376812 0.000384778 0.000160714 -0.000302857 0.000152228 0.000437169 -0.000795699 0.000252055 0.000414804 0.000455375 0.000141844 0.000386005 0.00013253 7.63889e-05 0.00042298 0.000443681
internal_weight=3739 1132 622 92 62 530 127 510 68 2607 531 174 403 2076 92 364 357 2027 140 442 82 71 395 363
internal_count=3739 1132 622 92 62 530 127 510 68 2607 531 174 403 2076 92 364 357 2027 140 442 82 71 395 363
cat_boundaries=0 1
cat_threshold=2
is_linear=0
shrinkage=0.01


Tree=164
num_leaves=29
num_cat=3
split_feature=10 0 14 23 0 7 11 34 23 23 0 16 16 17 17 5 24 21 11 13 7 10 22 10 24 32 7 25
split_gain=1.00125 1.04179 0.440503 0.398185 0.344295 0.727995 0.312616 0.567498 0.138401 0.118624 0.0824167 0.233661 0.333713 0.0813317 0.171406 0.111951 0.0805047 0.0502174 0.0676576 0.044022 0.0342235 0.0552557 0.0224446 0.0130823 0.013053 0.0104056 0.00900278 0.00387492
threshold=4283.2142857142871 0 -0.8781231054254196 4199.0000000000009 1 263.50000000000006 93.213144912286666 4.5850000000000009 4612.0000000000009 4449.5000000000009 2 0.40614137006726808 0.86113431103781346 0.41203268437863022 0.6490740716826261 3.5000000000000004 3896.5000000000005 4247.5000000000009 105.58677776524964 5431.6878934566002 11.500000000000002 4619.1428571428578 4251.0000000000009 7503.5714285714294 4325.5000000000009 8.4999999999999947 142.50000000000003 4590.5000000000009
decision_type=2 9 2 2 9 2 2 2 2 2 9 2 2 2 2 2 2 2 2 2 2 2 2 2 2 2 2 2
left_child=1 3 4 -1 5 -2 13 17 9 -6 11 26 -13 16 -15 -16 -3 18 -8 -7 21 -12 24 -24 -22 -10 -4 -18
right_child=2 6 10 -5 8 19 7 -9 25 -11 20 12 -14 14 15 -17 27 -19 -20 -21 22 -23 23 -25 -26 -27 -28 -29
leaf_value=-0.342211607747619 -0.64048811662148097 0.038189768690779842 0.8468724989655797 -0.47008637310138968 0.8196532915471586 -0.32089571549193679 -0.053183102086722618 -1.1659443031893875 1.0794538514973522 -0.055074635311602761 -0.073226655546072536 -0.6882667027756969 0.16728803884056315 -0.93893865394899434 0.059440675317616265 -0.0014310755043871648 0.24615914961121216 -0.82686095881475041 0.29984618587233824 1.5627416082152119 -0.017671340983840409 5.4956801121691283 1.3752793959121539 1.9424335137177073 1.3268668717555432 0.63515440740450957 0.93844777875381769 0.47158519306226859
leaf_weight=50 31 32 30 57 77 30 41 30 30 58 39 43 43 41 116 62 229 39 71 46 31 59 2037 32 34 168 149 34
leaf_count=50 31 32 30 57 77 30 41 30 30 58 39 43 43 41 116 62 229 39 71 46 31 59 2037 32 34 168 149 34
internal_value=0.000277941 -2.36613e-05 0.000363683 -0.000902542 4.53515e-05 -0.000394068 0.000109773 -0.000217033 0.000222384 0 0.000415733 0.000153986 -0.000195402 0.000246602 4.31818e-05 0.000217877 0.000363176 0 0.000141593 0 0.00043959 9.09091e-05 0.000452927 0.000461111 3.78788e-05 0.000396985 0.000386111 0.000422348
internal_weight=3739 802 2937 107 440 107 695 181 333 135 2497 265 86 514 219 178 295 151 112 76 2232 98 2134 2069 65 198 179 263
internal_count=3739 802 2937 107 440 107 695 181 333 135 2497 265 86 514 219 178 295 151 112 76 2232 98 2134 2069 65 198 179 263
cat_boundaries=0 1 2 3
cat_threshold=2084 193 2576
is_linear=0
shrinkage=0.01


Tree=165
num_leaves=26
num_cat=0
split_feature=10 13 27 11 20 19 10 16 28 21 24 19 21 15 21 18 27 15 24 20 24 16 34 21 16
split_gain=1.01515 0.451809 0.352352 0.34451 0.497083 1.10303 0.31639 0.259057 0.678333 0.288031 0.257305 0.24988 0.321282 0.368167 0.249686 0.301723 0.766558 0.188356 0.170952 0.1133 0.0714885 0.0539109 0.0159976 0.01487 0.00906467
threshold=4754.357142857144 5274.3185056840284 0.35000000000000003 97.250900439680109 26.625000000000004 121.85000000000001 3943.1428571428573 -0.14250758662009075 26.525000000000002 4661.0000000000009 4040.5000000000005 233.55000000000004 5506.0000000000009 -0.18493013702746822 4299.0000000000009 0.60000000000000109 1.0000000180025095e-35 0.7254836971458194 4977.5000000000009 23.782142857142862 4402.0000000000009 -0.91895236716066997 8.6150000000000002 8206.0000000000018 0.95566275305367776
decision_type=2 2 2 2 2 2 2 2 2 2 2 2 2 2 2 2 2 2 2 2 2 2 2 2 2
left_child=1 3 18 14 6 -6 10 20 -9 -10 -5 23 13 -13 17 -16 -17 21 22 -19 -4 -1 24 -2 -3
right_child=11 2 7 4 5 -7 -8 8 9 -11 -12 12 -14 -15 15 16 -18 19 -20 -21 -22 -23 -24 -25 -26
leaf_value=0.223147201659916 3.5621513118606565 0.5603823491122476 0.46235831696972995 -1.5957167215467116 -1.2806312130071213 -0.0078670991839010045 0.17861642873949052 -0.42597229478692022 0.61565426799609169 -0.35141442008928331 0.051011972448543295 -0.30472625169216538 2.6116435465694066 1.6463407472702576 0.65857545207735557 -0.16868097472930646 0.11873629767209888 0.012036000030643335 -0.027042182981304085 -0.022501370877296863 1.3744194752447134 0.15464145793057812 1.4658515318542227 1.4480904178912315 0.20613183572184007
leaf_weight=41 1680 474 30 37 40 56 84 42 93 47 30 58 131 40 37 33 49 130 34 83 117 220 30 32 34
leaf_count=41 1680 474 30 37 40 56 84 42 93 47 30 58 131 40 37 33 49 130 34 83 117 220 30 32 34
internal_value=0.000269074 8.6395e-05 0.000244457 -7.13436e-05 -0.000389113 -0.000948454 0 0 -0.00026776 1.21534e-11 -0.000536765 0.000427652 6.30435e-05 -0.000313131 4.46128e-05 -0.0003375 -0.000710843 0.000162105 0.000394415 -1.63551e-05 0.000293919 0.00034542 0.000443414 0.00047052 0.000459725
internal_weight=3682 1741 901 840 247 96 151 329 182 140 67 1941 229 98 593 119 82 474 572 213 147 261 538 1712 508
internal_count=3682 1741 901 840 247 96 151 329 182 140 67 1941 229 98 593 119 82 474 572 213 147 261 538 1712 508
is_linear=0
shrinkage=0.01


Tree=166
num_leaves=25
num_cat=2
split_feature=10 0 13 33 25 20 23 32 10 24 16 14 0 21 17 7 25 14 13 7 17 28 18 13
split_gain=1.28572 0.600981 0.734615 0.55133 0.589841 0.888526 0.388622 0.459887 0.349836 0.322337 0.280326 0.269882 0.370607 0.531685 0.212467 0.195389 0.179677 0.112131 0.118939 0.0630602 0.0307688 0.021628 0.0154106 0.00681263
threshold=4754.357142857144 0 5274.3185056840284 88.950000000000003 4561.0000000000009 27.060714285714287 4275.5000000000009 1.2000000000000013 4230.2857142857147 4098.5000000000009 -0.14250758662009075 -0.73282214301478099 1 5506.0000000000009 0.92273549546025413 37.500000000000007 4460.5000000000009 -0.91936887716170002 5198.4042208352021 288.50000000000006 0.99138911339924218 22.575000000000006 23.049999999999994 4327.2746300974386
decision_type=2 9 2 2 2 2 2 2 2 2 2 2 9 2 2 2 2 2 2 2 2 2 2 2
left_child=1 14 6 15 5 -5 7 9 -8 -3 -6 12 13 -2 17 -4 20 18 -1 -9 -16 -19 -17 -23
right_child=11 2 3 4 10 -7 8 19 -10 -11 -12 -13 -14 -15 16 22 -18 21 -20 -21 -22 23 -24 -25
leaf_value=-0.44546370736093699 -0.31935625563915088 -1.1342369147218982 -0.039899748206916601 0.35283810273024968 1.3558882362445597 -0.46644263218631826 -0.48502267311156316 0.2007617329037541 -0.03230605333524024 0.42323979055704164 -0.051671521309607213 3.7716457591674133 2.3048687098476979 0.75177828871516061 0.17589583449741245 0.83426050948416208 -0.11162993418633109 0.054660690806278243 0.79773645951408467 -0.35309869596184384 0.16007434564814907 0.024720060100168053 0.64264802725753389 0.2498613714973468
leaf_weight=48 48 90 49 39 99 32 30 85 31 30 92 1679 155 59 49 280 44 58 89 48 30 32 30 456
leaf_count=48 48 90 49 39 99 32 30 85 31 30 92 1679 155 59 49 280 44 58 89 48 30 32 30 456
internal_value=0.000250068 4.62113e-05 -0.000118922 6.51126e-05 -0.000262357 -0.00103472 -0.00051746 -0.00028937 -0.00128226 -0.000743802 0 0.000427652 7.98479e-05 -0.000309322 0.00024847 0.000331944 -6.85484e-05 0.00032383 0 4.85075e-05 0.00011875 0.000389397 0.000434084 0.000417178
internal_weight=3682 1741 935 621 262 71 314 253 61 120 191 1941 262 107 806 359 123 683 137 133 79 546 310 488
internal_count=3682 1741 935 621 262 71 314 253 61 120 191 1941 262 107 806 359 123 683 137 133 79 546 310 488
cat_boundaries=0 1 2
cat_threshold=835 205
is_linear=0
shrinkage=0.01


Tree=167
num_leaves=26
num_cat=2
split_feature=12 0 24 33 34 11 10 13 29 34 14 0 6 21 14 25 17 24 11 21 10 24 16 22 21
split_gain=1.21018 0.539266 0.493883 0.734578 0.618011 0.414465 0.674096 0.383066 0.228916 0.224932 0.182165 0.294212 0.52398 0.893455 0.144351 0.234758 0.128828 0.0879951 0.0638592 0.0176029 0.0171938 0.0165714 0.0157793 0.0153775 0.0121887
threshold=4766.1000000000013 0 4086.0000000000005 70.350000000000009 5.1950000000000012 77.810973117841186 3943.1428571428573 5357.8378211059999 22.975000000000005 3.6050000000000004 -0.73282214301478099 1 9.5000000000000018 5592.5000000000009 -0.91936887716170002 4321.0000000000009 0.92273549546025413 3962.5000000000005 47.559486560617486 3900.5000000000005 4678.6428571428578 3910.5000000000005 -0.98648013042059113 4749.5000000000009 4673.0000000000009
decision_type=2 9 2 2 2 2 2 2 2 2 2 9 2 2 2 2 2 2 2 2 2 2 2 2 2
left_child=1 14 5 8 7 19 -7 -5 9 -4 11 12 13 -2 15 -1 17 21 -18 -3 -12 -16 -10 -19 -13
right_child=10 2 3 4 -6 6 -8 -9 22 -11 20 24 -14 -15 16 -17 18 23 -20 -21 -22 -23 -24 -25 -26
leaf_value=0.17487569810251516 -0.39446568029378171 0.26678802931704215 0.26217636515497089 -0.14527395405751864 -0.48703414026071484 -1.4496909580403301 -0.02464790073053023 0.19027367728318126 1.1004856412293289 -0.064508537709325062 1.2345952361471071 2.4333478907322759 2.336587378851338 0.65800496761167038 0.093375473763161992 -0.72730216518306134 -0.054021640709813606 0.25904771687101913 0.37285794505810371 -0.17575128669054016 4.0044329608019673 -0.32753642311153291 0.58008375769810383 2.0635387905487077 1.7603147162178281
leaf_weight=45 30 34 49 168 32 52 58 204 30 43 31 30 70 37 34 30 55 391 46 33 1624 34 293 31 198
leaf_count=45 30 34 49 168 32 52 58 204 30 43 31 30 70 37 34 30 55 391 46 33 1624 34 293 31 198
internal_value=0.000255498 4.87072e-05 -9.13605e-05 0 -0.000291358 -0.000570225 -0.000945946 -0.000144772 0.00030649 -4.30107e-05 0.000420584 0.000170765 -0.00014527 -0.000830882 0.00027031 -3.28947e-05 0.000330236 0.000397149 0 0 0.000469505 0 0.000436728 0.000451537 0.000393305
internal_weight=3682 1662 996 819 404 177 110 372 415 92 2020 365 137 67 666 75 591 490 101 67 1655 68 323 422 228
internal_count=3682 1662 996 819 404 177 110 372 415 92 2020 365 137 67 666 75 591 490 101 67 1655 68 323 422 228
cat_boundaries=0 1 2
cat_threshold=771 141
is_linear=0
shrinkage=0.01


Tree=168
num_leaves=29
num_cat=3
split_feature=12 0 13 16 14 11 11 25 14 20 29 14 0 6 21 12 19 15 13 29 25 29 32 14 0 23 21 16
split_gain=1.08907 0.539104 0.472148 0.462281 0.442524 0.377197 0.695616 0.510687 0.199643 0.306666 0.192333 0.182165 0.294212 0.52398 0.893455 0.132866 0.0859506 0.0810703 0.110549 0.0541495 0.0914892 0.053875 0.0424672 0.0311958 0.0138268 0.0376108 0.0121887 0.00906106
threshold=4766.1000000000013 0 5274.3185056840284 0.51295437088821561 0.30983042691905771 97.250900439680109 202.18667329235265 4212.5000000000009 -0.8781231054254196 27.110714285714288 24.025000000000002 -0.73282214301478099 1 9.5000000000000018 5592.5000000000009 4590.9000000000005 99.750000000000014 -0.94426098523567992 5270.0953828424017 22.675000000000004 4100.5000000000009 22.225000000000005 0.59999999999999476 -0.98214942551678475 2 5041.5000000000009 4673.0000000000009 0.10837544681456425
decision_type=2 9 2 2 2 2 2 2 2 2 2 2 9 2 2 2 2 2 2 2 2 2 2 2 9 2 2 2
left_child=1 8 5 16 -5 10 7 -7 9 23 -3 12 13 14 -2 -11 27 18 -10 21 -21 -19 -12 -1 25 -13 -14 -4
right_child=11 2 3 4 -6 6 -8 -9 17 15 22 24 26 -15 -16 -17 -18 19 -20 20 -22 -23 -24 -25 -26 -27 -28 -29
leaf_value=0.085921342065030132 -0.39052102349084467 -0.092459026662930863 1.0146888826265867 -0.44753461990643856 0.021030623811080226 -0.099431856115474185 0.042738669174163281 -1.4408916150659619 -0.06926801741771757 -0.37297836324675421 -0.10139787709365243 0.38238566736888457 2.4090144118249559 2.3132215050628244 0.65142491793555735 -0.021718208756857961 0.013168236689254098 0.096287165606193936 0.75971396074554354 0.005183191793136129 0.34979194575576517 -0.077072829063802764 0.43109608912373182 0.58886963466089737 3.9609630478637223 2.7237233506341187 1.7427115690556472 0.28656892977840853
leaf_weight=39 30 43 185 57 48 46 34 64 30 30 41 30 30 70 37 30 56 80 47 129 475 49 82 66 1495 130 198 31
leaf_count=39 30 43 185 57 48 46 34 64 30 30 41 30 30 70 37 30 56 80 47 129 475 49 82 66 1495 130 198 31
internal_value=0.000263644 6.67469e-05 -0.000138252 7.53968e-05 -0.000448113 -0.000434084 -0.000813793 -0.00121622 0.000220588 -4.51807e-05 -4.19162e-05 0.000420584 0.000170765 -0.00014527 -0.000830882 -0.000655738 0.000315018 0.000289766 0 0.000322207 0.000366942 3.46154e-05 9.27419e-05 0.000212264 0.000469505 0.000175439 0.000393305 0.00040553
internal_weight=3682 1662 687 377 105 310 144 110 975 165 166 2020 365 137 67 60 272 810 77 733 604 129 123 105 1655 160 228 216
internal_count=3682 1662 687 377 105 310 144 110 975 165 166 2020 365 137 67 60 272 810 77 733 604 129 123 105 1655 160 228 216
cat_boundaries=0 1 2 3
cat_threshold=867 141 2304
is_linear=0
shrinkage=0.01


Tree=169
num_leaves=21
num_cat=2
split_feature=10 0 10 18 32 11 34 23 26 29 33 14 0 15 19 26 32 11 26 28
split_gain=1.08943 0.582863 0.589314 0.54004 0.717117 0.404765 0.415962 0.540858 0.342865 0.279737 0.318687 0.269882 0.370607 0.504776 0.164356 0.110021 0.0729386 0.0590704 0.0512404 0.0260209
threshold=4754.357142857144 0 4157.7857142857147 27.500000000000007 32.649999999999999 77.810973117841186 4.745000000000001 4199.0000000000009 28.025000000000002 22.975000000000005 24.850000000000012 -0.73282214301478099 1 -0.18493013702746822 99.750000000000014 32.525000000000006 0.59999999999999476 233.28016139722243 20.925000000000001 22.525000000000002
decision_type=2 9 2 2 2 2 2 2 2 2 2 2 9 2 2 2 2 2 2 2
left_child=1 15 5 9 -5 16 7 -7 -6 10 -4 12 13 -2 -11 17 -3 18 -1 -20
right_child=11 2 3 4 8 6 -8 -9 -10 14 -12 -13 -14 -15 -16 -17 -18 -19 19 -21
leaf_value=-0.0020250816181011768 -0.35337979516703166 -0.13143235681511004 -0.081746488861017486 -1.0894482359423976 0.1222343861551312 0.034224241098789729 -1.4061947262449064 -0.34842906071127672 -0.17182209713973209 0.5308038941913733 0.62087470778146259 3.6644706065356338 2.2467897598964841 0.96020868238508772 0.0022206784776422623 -0.012508656086798272 0.33583572440424719 0.0071281385513854191 0.056124816062731758 0.18356651884654285
leaf_weight=37 60 52 31 37 96 82 32 35 60 304 30 1679 155 47 130 33 46 31 82 623
leaf_count=37 60 52 31 37 96 82 32 35 60 304 30 1679 155 47 130 33 46 31 82 623
internal_value=0.000263644 7.49139e-05 -8.72093e-05 4.93469e-05 -0.000378866 -0.000510081 -0.000836667 -0.000436441 -1.27388e-05 0.000236895 -0.000314516 0.000427652 7.98479e-05 -0.000309322 0.000337931 0.00027295 0 0.000305556 0.000324361 0.000343484
internal_weight=3682 1741 935 688 193 247 149 117 156 495 61 1941 262 107 434 806 98 773 742 705
internal_count=3682 1741 935 688 193 247 149 117 156 495 61 1941 262 107 434 806 98 773 742 705
cat_boundaries=0 1 2
cat_threshold=835 205
is_linear=0
shrinkage=0.01


Tree=170
num_leaves=24
num_cat=3
split_feature=13 0 19 14 28 0 21 19 14 15 0 23 19 15 23 26 17 25 6 10 13 21 10
split_gain=1.29536 1.04 0.5057 0.259505 0.404174 0.260153 0.355115 0.259067 0.246733 0.423819 0.497008 0.71305 0.971436 0.171412 0.118962 0.110337 0.115083 0.0916644 0.024418 0.15054 0.0189736 0.0180801 0.00410614
threshold=5337.5509694251668 0 70.350000000000009 -0.95500086777008153 27.075000000000006 1 3951.0000000000005 12.200000000000005 -0.73282214301478099 0.071972700440407641 2 5506.0000000000009 210.05000000000004 -0.9260227363677036 4300.5000000000009 24.175000000000004 0.6490740716826261 4686.0000000000009 1.5000000000000002 4717.9285714285725 5421.7695698721591 4325.5000000000009 4743.2142857142871
decision_type=2 9 2 2 2 9 2 2 2 2 9 2 2 2 2 2 2 2 2 2 2 2 2
left_child=1 2 7 4 -3 6 -5 -1 9 10 22 12 -12 -8 20 16 -7 -17 19 -16 -10 -20 -2
right_child=8 3 -4 5 -6 15 13 -9 14 -11 11 -13 -14 -15 18 17 -18 -19 21 -21 -22 -23 -24
leaf_value=-0.7716756848860814 0.29972951542619325 0.10201077598724032 -0.48140648459675578 -0.35096258482766773 -0.88073598969253086 -0.74349182036274031 -0.19732272421936775 0.30542236091189262 1.1044768999894488 1.5336286895366271 -0.042457718670717293 0.26069157641539703 -0.59600597402463973 0.21310826334597793 -0.082311866630529029 0.15203171942270766 0.021239732236929459 0.040618687827864604 0.60340306480983874 5.7441796073704436 -0.10926944401823577 2.0865349383847063 1.9459641467468027
leaf_weight=36 30 52 48 53 53 65 40 34 32 267 53 62 33 277 50 382 90 60 32 191 30 1570 102
leaf_count=36 30 52 48 53 53 65 40 34 32 267 53 62 33 277 50 382 90 60 32 191 30 1570 102
internal_value=0.000258304 -4.19814e-06 -0.000860465 8.86427e-05 -0.000353774 0.000148244 -3.93701e-05 -0.000211268 0.000389727 0.00017062 -7.11744e-05 -0.000477987 -0.00111494 5.81761e-05 0.000447272 0.000277138 0 0.000363431 0.000461768 0.00025 0 0.000487211 0.000321678
internal_weight=3642 1190 118 1072 105 967 370 70 2452 547 280 148 86 317 1905 597 155 442 1843 241 62 1602 132
internal_count=3642 1190 118 1072 105 967 370 70 2452 547 280 148 86 317 1905 597 155 442 1843 241 62 1602 132
cat_boundaries=0 1 2 3
cat_threshold=2084 280 306
is_linear=0
shrinkage=0.01


Tree=171
num_leaves=21
num_cat=0
split_feature=12 33 7 21 33 32 27 11 7 12 28 11 19 31 34 14 30 18 25 27
split_gain=1.20474 0.3083 0.426033 0.394914 0.466014 0.874591 0.737527 0.268712 0.196094 0.300145 0.181072 0.224056 0.157923 0.171385 0.131366 0.103631 0.0819922 0.0715799 0.0518284 0.00635656
threshold=4766.1000000000013 70.350000000000009 53.500000000000007 4794.5000000000009 130.45000000000005 0.50000000000000366 5.1500000000000012 99.296314967364893 276.50000000000006 4415.7000000000007 24.775000000000002 59.16582295149756 0.9000000000000018 8.1500000000000021 4.6150000000000011 -0.95754239937548935 23.725000000000005 59.649999999999999 4696.0000000000009 32.800000000000004
decision_type=2 2 2 2 2 2 2 2 2 2 2 2 2 2 2 2 2 2 2 2
left_child=1 2 7 4 5 -3 -7 10 14 -10 18 -12 -4 16 -6 17 -14 -2 -1 -17
right_child=15 3 12 -5 8 6 -8 -9 9 -11 11 -13 13 -15 -16 19 -18 -19 -20 -21
leaf_value=0.043802993898449709 0.40259630763035215 0.39352292519504595 -0.032117886253899039 -0.97722624340301534 0.39430680827401438 -0.49295177108614996 0.31463662756605548 -1.3892356383532394 -0.65454076075476808 0.53532834904527482 -0.48146159806994016 0.091704944751448844 0.057490911447747151 -0.013734022130270364 -0.047146179090585445 3.3312883663627137 0.71153542941097714 -0.16671801672961847 0.061977785385938448 2.8885548042031219
leaf_weight=97 91 102 53 37 250 120 46 56 60 54 45 57 112 30 39 1802 473 48 36 34
leaf_count=97 91 102 53 37 250 120 46 56 60 54 45 57 112 30 39 1802 473 48 36 34
internal_value=0.000261049 5.60552e-05 0.000176563 -9.30888e-05 -2.15774e-05 -0.000356877 -0.000820359 -0.000118151 0.00017698 -0.000113043 0 -0.000281553 0.00031988 0.000369318 0.000325862 0.000428897 0.000413823 6.78572e-05 0.000272388 0.000450735
internal_weight=3642 1667 959 708 671 268 166 291 403 114 235 102 668 615 289 1975 585 139 133 1836
internal_count=3642 1667 959 708 671 268 166 291 403 114 235 102 668 615 289 1975 585 139 133 1836
is_linear=0
shrinkage=0.01


Tree=172
num_leaves=23
num_cat=2
split_feature=12 0 10 27 14 10 20 20 24 33 12 14 0 7 23 10 32 21 15 25 7 10
split_gain=1.05298 0.552605 0.81195 0.381266 0.357641 0.425954 0.310061 0.215972 0.271082 0.213862 0.207562 0.145449 0.384018 0.345117 0.56597 0.0976641 0.0634698 0.0511467 0.0270777 0.0245098 0.0184504 0.0132896
threshold=4766.1000000000013 0 3919.7142857142862 14.050000000000002 -0.95500086777008153 4389.7857142857147 24.446428571428577 22.68214285714286 4647.5000000000009 76.200000000000003 4701.5000000000009 -0.73282214301478099 1 274.50000000000006 5687.5000000000009 4678.6428571428578 68.100000000000009 4725.5000000000009 -0.91595872546125101 3951.0000000000005 273.50000000000006 7097.5000000000009
decision_type=2 9 2 2 2 2 2 2 2 2 2 2 9 2 2 2 2 2 2 2 2 2
left_child=1 4 6 7 5 -1 -3 8 -4 -9 16 12 13 14 -2 -13 19 -12 -18 -6 -7 -14
right_child=11 2 3 -5 10 20 -8 9 -10 -11 17 15 21 -15 -16 -17 18 -19 -20 -21 -22 -23
leaf_value=-1.0836752131644749 -0.37620297661866758 -0.95850052810633368 -0.27901524034256819 -0.6687932049252292 0.090218805435310592 0.03572582085451767 -1.6165302871485212 0.30406116874881589 0.11693513732581937 -0.0040728622462385912 0.86223087923402808 0.79854951968889543 1.7275323832268226 1.5220490755780787 0.53838007323697856 3.8141993647393964 -0.037289608960145958 -0.60348876676583052 0.69074213356045133 0.1141355486380654 0.33622318965325365 0.63694351325632981
leaf_weight=35 30 32 39 41 55 30 32 282 36 232 30 37 221 40 30 1587 30 31 37 687 38 30
leaf_count=35 30 32 39 41 55 30 32 282 36 232 30 37 221 40 30 1587 30 31 37 687 38 30
internal_value=0.000266539 7.40408e-05 -0.000131915 -7.92392e-06 0.000230183 -0.000274038 -0.0012 4.15254e-05 -0.000427632 0.000130097 0.000304248 0.000423836 0.00018608 -0.00027027 -0.000819672 0.000468923 0.000351235 -0.000153226 0 0.000378197 5.7971e-05 0.000402672
internal_weight=3642 1667 694 630 973 103 64 589 75 514 870 1975 351 100 60 1624 809 61 67 742 68 251
internal_count=3642 1667 694 630 973 103 64 589 75 514 870 1975 351 100 60 1624 809 61 67 742 68 251
cat_boundaries=0 1 2
cat_threshold=739 13
is_linear=0
shrinkage=0.01


Tree=173
num_leaves=24
num_cat=3
split_feature=12 0 24 23 27 32 22 20 19 0 21 14 0 7 23 10 15 10 32 25 10 24 25
split_gain=1.05298 0.515882 0.698378 0.580064 0.373956 0.291277 0.462457 0.284936 0.402383 0.203955 0.176828 0.145449 0.384018 0.345117 0.56597 0.143508 0.113248 0.0976641 0.0398 0.0384012 0.0132896 0.00942152 0.00806451
threshold=4766.1000000000013 0 4188.5000000000009 4275.5000000000009 10.850000000000003 1.3499999999999897 3899.5000000000005 22.575000000000006 28.650000000000002 1 4794.5000000000009 -0.73282214301478099 2 274.50000000000006 5687.5000000000009 4326.357142857144 -0.94426098523567992 4678.6428571428578 5.9499999999999904 3951.0000000000005 7097.5000000000009 3962.5000000000005 4535.5000000000009
decision_type=2 9 2 2 2 2 2 2 2 9 2 2 9 2 2 2 2 2 2 2 2 2 2
left_child=1 10 3 5 7 6 -3 8 -4 -9 16 12 13 14 -2 -6 22 -13 -7 -18 -14 -21 -1
right_child=11 2 4 -5 15 18 -8 9 -10 -11 -12 17 20 -15 -16 -17 19 -19 -20 21 -22 -23 -24
leaf_value=0.48596638796546066 -0.37244094685248241 -0.83104874405737339 -0.12484211487209484 -0.67210191413379872 -0.25530376373402797 0.12141538703484626 -0.3613846922959727 0.34955648776172082 0.52246416465699219 -0.004738286540736652 -0.032564993331072406 0.79056402449200536 1.7102570593945587 1.5068285848222962 0.53299627250460835 -0.4685204825010047 0.040488486380324054 3.7760573710920005 -0.0063576100544122487 0.013187675805134112 0.63057407812376498 0.18245486620481152 -0.068609388617463629
leaf_weight=40 30 39 35 34 31 49 76 396 31 156 40 37 221 40 30 30 47 1587 40 62 30 531 30
leaf_count=40 30 39 35 34 31 49 76 396 31 156 40 37 221 40 30 30 47 1587 40 62 30 531 30
internal_value=0.000266539 7.40408e-05 -7.70474e-05 -0.000548117 7.27941e-05 -0.000282927 -0.000625 0.000159935 -0.000402985 0.000245931 0.000269382 0.000423836 0.00018608 -0.00027027 -0.000819672 -0.000637097 0.000316456 0.000468923 5e-05 0.000358814 0.000402672 0.000381313 0
internal_weight=3642 1667 917 238 679 204 115 618 66 552 750 1975 351 100 60 61 710 1624 89 640 251 593 70
internal_count=3642 1667 917 238 679 204 115 618 66 552 750 1975 351 100 60 61 710 1624 89 640 251 593 70
cat_boundaries=0 1 2 3
cat_threshold=610 141 13
is_linear=0
shrinkage=0.01


Tree=174
num_leaves=22
num_cat=1
split_feature=10 13 3 10 20 16 25 26 21 7 21 25 20 10 25 25 19 23 23 21 21
split_gain=1.01815 0.417505 0.524787 0.567184 0.481978 0.434715 1.0249 0.374488 0.365342 0.412645 0.226721 0.325517 0.138808 0.133644 0.0908095 0.0617782 0.0591101 0.115193 0.0807448 0.00813799 0.0120749
threshold=4846.5000000000009 5274.3185056840284 0 3919.7142857142862 24.225000000000005 -0.14250758662009075 5100.5000000000009 28.475000000000005 4299.0000000000009 276.50000000000006 4794.5000000000009 4837.5000000000009 22.68214285714286 4273.5714285714303 4350.5000000000009 4590.5000000000009 141.55000000000004 5555.5000000000009 5205.0000000000009 4200.5000000000009 4251.0000000000009
decision_type=2 2 1 2 2 2 2 2 2 2 2 2 2 2 2 2 2 2 2 2 2
left_child=1 2 3 4 -1 13 10 12 19 15 14 -12 -5 -3 -7 -10 -2 18 -18 -4 -21
right_child=16 5 8 7 -6 6 -8 -9 9 -11 11 -13 -14 -15 -16 -17 17 -19 -20 20 -22
leaf_value=-0.6112649572385197 4.0711849223539129 0.00047199053052913222 0.062424428151962939 -0.031047776203121571 -1.3628637264872219 -0.0042651856697891065 -0.36839930689399564 -0.16673303177831661 0.64635831278743672 -0.80820415552831903 -0.26605667720101817 0.41402715376070914 0.04523834044451025 1.3659138269532798 0.24015828999497274 -0.055006460719286547 2.0988961177848515 1.6211947686058548 -0.67329835331080634 -0.56710050598031569 0.10490536920358701
leaf_weight=31 1354 56 258 53 43 67 31 49 56 36 30 44 262 519 335 31 59 234 31 30 33
leaf_count=31 1354 56 258 53 43 67 31 49 56 36 30 44 262 519 335 31 59 234 31 30 33
internal_value=0.000269284 0.000107888 -4.41676e-05 -0.000298405 -0.00110667 0.000240997 6.88978e-06 -0.00010411 0.00018427 -0.000229839 0.000142558 -0.000306667 0 0.000429688 0.00025062 3.97727e-05 0.000452055 0.000252308 0 0.000374224 2.34375e-05
internal_weight=3642 1964 882 438 74 1082 507 364 444 123 476 74 315 575 402 87 1678 324 90 321 63
internal_count=3642 1964 882 438 74 1082 507 364 444 123 476 74 315 575 402 87 1678 324 90 321 63
cat_boundaries=0 1
cat_threshold=2
is_linear=0
shrinkage=0.01


Tree=175
num_leaves=24
num_cat=4
split_feature=10 0 13 7 14 0 29 0 7 20 10 14 0 10 11 7 21 21 25 10 22 25 15
split_gain=1.15121 0.692213 0.788052 0.375451 0.394629 0.582473 0.638008 0.269547 0.265108 0.302129 0.218715 0.180786 0.131613 0.125271 0.0972881 0.140282 0.0869924 0.199665 0.062655 0.0331123 0.0203962 0.0215924 0.00806479
threshold=4846.5000000000009 0 5270.0953828424017 53.500000000000007 -0.8781231054254196 1 27.775000000000002 2 10.500000000000002 22.864285714285717 4115.0714285714294 -0.73282214301478099 3 4029.2857142857147 117.49488286429774 276.50000000000006 5506.0000000000009 4950.5000000000009 6819.0000000000009 4440.2857142857147 4625.5000000000009 7974.5000000000009 -0.27694043983797384
decision_type=2 9 2 2 2 9 2 9 2 2 2 2 9 2 2 2 2 2 2 2 2 2 2
left_child=1 2 -1 7 5 6 -5 19 -9 -10 13 16 -12 -6 -4 -16 17 -2 -18 -3 -13 -22 -7
right_child=11 3 14 4 10 22 -8 8 9 -11 12 20 -14 -15 15 -17 18 -19 -20 -21 21 -23 -24
leaf_value=-0.33872982666079876 1.7890369837172906 0.049275377944895879 0.95482289858761615 -0.08984742198096804 0.083949829666221526 0.741870205175161 -0.47868304396832773 0.071286488980599 -1.1410630226493967 -0.54328946986612703 0.049355639658142325 2.2589833231252898 0.94123945138815135 -0.18326440662996532 -0.33415525315773364 1.0495378550618295 1.4100911553896589 -0.24088296220031211 -0.012772973372494612 -0.012938755867422654 3.9600019390952594 10.010959266224175 0.21356790216782376
leaf_weight=53 32 86 46 202 173 30 30 44 33 103 296 30 605 56 30 31 95 30 30 30 1440 30 138
leaf_count=53 32 86 46 202 173 30 30 44 33 103 296 30 605 56 30 31 95 30 30 30 1440 30 138
internal_value=0.00024129 7.19678e-05 -0.000526316 0.000132281 0.000199216 -4.98753e-05 -0.000386831 -0.000175084 -0.000418848 -0.000671533 0.000296198 0.000434538 0.000366408 0 0 -0.000314516 7.18085e-05 -0.000142857 0.000257937 0.000141732 0.000473018 0.000479266 0.000357542
internal_weight=3673 1986 160 1826 1530 400 232 296 180 136 1130 1687 901 229 107 61 187 62 125 116 1500 1470 168
internal_count=3673 1986 160 1826 1530 400 232 296 180 136 1130 1687 901 229 107 61 187 62 125 116 1500 1470 168
cat_boundaries=0 1 2 3 4
cat_threshold=2052 233 194 816
is_linear=0
shrinkage=0.01


Tree=176
num_leaves=27
num_cat=2
split_feature=10 0 0 33 23 27 16 17 16 24 22 27 24 22 33 16 28 17 16 20 5 28 18 21 26 31
split_gain=0.994971 0.576434 0.444669 0.374314 0.378919 1.22636 0.402369 0.344348 0.190485 0.148748 0.357612 0.128558 0.22446 0.343117 0.107125 0.103165 0.0974935 0.08895 0.0889177 0.0778873 0.0594442 0.125406 0.0491664 0.014857 0.0143926 0.012799
threshold=4283.2142857142871 0 1 150.35000000000005 4269.5000000000009 1.0000000180025095e-35 0.77241981449888963 -0.79384213008979243 -0.8098839673871151 4793.5000000000009 4698.5000000000009 0.35000000000000003 4635.5000000000009 4601.0000000000009 250.65000000000003 0.94135275643221272 22.775000000000002 0.018276388667550599 0.57075747273004163 30.228571428571431 1.0000000180025095e-35 27.425000000000004 2.69999999999999 5853.5000000000009 26.375000000000004 17.950000000000003
decision_type=2 9 9 2 2 2 2 2 2 2 2 2 2 2 2 2 2 2 2 2 2 2 2 2 2 2
left_child=1 16 7 4 6 -6 8 -2 -3 10 -9 14 13 18 25 22 -1 -8 -13 -11 24 -22 -14 -17 -18 -4
right_child=2 3 11 -5 5 -7 17 9 -10 19 -12 12 15 -15 -16 23 20 -19 -20 -21 21 -23 -24 -25 -26 -27
leaf_value=-0.015818444954345839 -0.30675335026828904 -0.75839884837049654 1.1884365044705845 0.60240916555842616 0.0027684617619412087 -0.69935219900208656 -0.64819839841272864 0.30715239922784204 0.016141512383516968 1.7687296130355532 -0.55407685231242121 0.15204634387838742 0.40180272064798433 -0.039914281579144804 0.16236201851882473 -0.1964343117628338 -0.034321196494293181 -1.1867916391969688 -0.24584915120941808 1.7567287141687338 0.19325856378022291 0.021070641661927587 1.7191751186087687 1.2695072581817013 0.21513865742538346 0.71405121247396008
leaf_weight=56 45 47 1690 58 44 37 32 64 152 138 32 112 47 34 30 30 31 31 31 30 227 48 513 52 30 32
leaf_count=56 45 47 1690 58 44 37 32 64 152 138 32 112 47 34 30 30 31 31 31 30 227 48 513 52 30 32
internal_value=0.000260343 -4.21914e-05 0.000347102 -0.00031432 -0.000460756 -0.00109146 -0.000224335 0 0 0.000120755 -0.000123711 0.000389427 0.000255488 -8.42695e-06 0.000448374 0.000343701 0.0002134 -0.000914062 0.000149306 0.000319527 0.000290801 0.000353261 0.000392157 0 0 0.000459083
internal_weight=3673 793 2880 401 343 81 262 309 199 264 96 2571 819 177 1752 642 392 63 143 168 336 275 560 82 61 1722
internal_count=3673 793 2880 401 343 81 262 309 199 264 96 2571 819 177 1752 642 392 63 143 168 336 275 560 82 61 1722
cat_boundaries=0 1 2
cat_threshold=595 2561
is_linear=0
shrinkage=0.01


Tree=177
num_leaves=23
num_cat=4
split_feature=12 0 13 20 29 33 33 32 0 33 14 0 20 23 3 32 15 19 10 14 32 10
split_gain=1.14208 0.801982 0.608637 0.339812 0.251617 0.269835 0.808557 0.251258 0.387533 0.43359 0.224507 0.503651 0.342995 0.306551 0.238623 0.179327 0.10445 0.0733939 0.059576 0.0523119 0.0330811 0.0288337
threshold=4766.1000000000013 0 5270.0953828424017 23.103571428571431 21.100000000000005 22.750000000000004 8.5500000000000025 25.349999999999994 1 236.45000000000002 -0.8781231054254196 2 27.060714285714287 4032.5000000000005 3 36.350000000000009 -0.9260227363677036 99.750000000000014 4168.2142857142871 -0.78856175031405207 49.850000000000001 4511.0000000000009
decision_type=2 9 2 2 2 2 2 2 9 2 2 9 2 2 1 2 2 2 2 2 2 2
left_child=1 2 -1 4 -3 6 -6 -2 9 20 11 12 -5 14 -12 19 -15 -4 -13 -10 -9 -7
right_child=7 3 17 10 5 21 -8 8 15 -11 13 18 -14 16 -16 -17 -18 -19 -20 -21 -22 -23
leaf_value=-0.33121098097250923 3.3234688300989341 0.13141490674534309 0.056945592496767353 0.10082293387836458 -0.044504659464798133 0.14365141141718993 -0.80088331743455143 -0.10042736210254953 -0.23394261690035159 -0.22440334105571391 -0.1532083866243239 -0.28141635452347707 -0.66645582227900568 0.10352878728619742 0.098255159873882364 1.6776724680500039 0.34304184983161817 -0.24694250057827241 0.062219053667507102 4.2112331030585661 2.5079632423987808 -0.070588649313392204
leaf_weight=53 1446 49 34 53 67 38 36 36 35 34 110 30 52 145 112 363 678 32 142 54 44 30
leaf_count=53 1446 49 34 53 67 38 36 36 35 34 110 30 52 145 112 363 678 32 142 54 44 30
internal_value=0.000249456 4.84356e-05 -0.000696154 0.000116549 -0.000226244 -0.00043314 -0.000754808 0.000410333 0.000199295 -0.000264 0.000182162 -4.13669e-05 -0.000581897 0.000250956 -4.03587e-05 0.000336933 0.000341626 0 0.000251366 0 1.14978e-11 0
internal_weight=3673 1661 119 1542 220 171 103 2012 566 114 1322 277 105 1045 222 452 823 66 172 89 80 68
internal_count=3673 1661 119 1542 220 171 103 2012 566 114 1322 277 105 1045 222 452 823 66 172 89 80 68
cat_boundaries=0 1 2 3 4
cat_threshold=2052 2053 225 2
is_linear=0
shrinkage=0.01


Tree=178
num_leaves=25
num_cat=5
split_feature=10 0 34 16 7 0 33 14 0 28 28 10 0 14 0 11 14 32 24 14 33 22 25 15
split_gain=1.15121 0.566886 0.626296 1.04279 0.362315 0.335445 0.383259 0.311395 0.516703 0.432482 0.309101 0.227308 0.198361 0.180786 0.156316 0.0890168 0.0785247 0.170841 0.445382 0.054236 0.0462895 0.0203962 0.0215924 0.00806479
threshold=4846.5000000000009 0 4.3450000000000006 -0.18598319447470388 53.500000000000007 1 11.850000000000003 -0.8781231054254196 2 26.175000000000008 24.775000000000002 4157.7857142857147 3 -0.73282214301478099 4 53.607687918777295 -0.94975917145599731 32.050000000000004 6433.5000000000009 0.40614137006726808 6.1500000000000012 4625.5000000000009 7974.5000000000009 -0.27694043983797384
decision_type=2 9 2 2 2 9 2 2 9 2 2 2 9 2 9 2 2 2 2 2 2 2 2 2
left_child=1 2 3 -1 5 15 10 8 9 -6 -7 12 -9 16 -13 20 -2 -18 -19 -4 -3 -15 -23 -10
right_child=13 4 19 -5 7 6 -8 11 23 -11 -12 14 -14 21 -16 -17 17 18 -20 -21 -22 22 -24 -25
leaf_value=0.081898119822568449 1.1118680242837951 -0.079945481564663773 0.57038459270013864 -0.5490273716882611 0.22855294858611649 -0.2330610391336935 0.13949682481702616 -0.0069366676990757631 0.73689684608941786 -0.36233162094845323 -1.6051476663168638 0.002380064175918135 0.097151823057246858 2.193092912722471 0.79211618072057222 0.046921228506801874 2.7539475517528293 -0.78867602737534914 1.5427655141993271 -0.12921116147370804 0.065120142514609139 3.8706023524281803 9.859993694071763 0.20460062274805452
leaf_weight=34 70 33 51 45 68 39 40 111 30 164 49 157 164 30 698 102 53 33 31 30 33 1440 30 138
leaf_count=34 70 33 51 45 68 39 40 111 30 164 49 157 164 30 698 102 53 33 31 30 33 1440 30 138
internal_value=0.00024129 7.19678e-05 -0.000467836 -0.00113125 0.000126837 -0.000175084 -0.000546763 0.000192685 -2.49376e-05 -0.000345679 -0.000966292 0.000278515 0 0.000434538 0.000359229 7.82123e-05 7.18085e-05 -1.27119e-05 -0.000430769 6.09757e-06 -0.000104478 0.000473018 0.000479266 0.000357542
internal_weight=3673 1986 160 79 1826 296 128 1530 400 232 88 1130 275 1687 855 168 187 117 64 81 66 1500 1470 168
internal_count=3673 1986 160 79 1826 296 128 1530 400 232 88 1130 275 1687 855 168 187 117 64 81 66 1500 1470 168
cat_boundaries=0 1 2 3 4 5
cat_threshold=2052 707 233 120 784
is_linear=0
shrinkage=0.01


Tree=179
num_leaves=24
num_cat=3
split_feature=13 0 29 20 33 0 31 23 3 14 20 22 26 26 14 7 19 20 24 19 15 14 7
split_gain=0.95008 0.995916 0.323826 0.425273 0.986268 0.316883 0.371646 0.272271 0.512787 0.284486 0.323469 0.167371 0.21212 0.147991 0.147159 0.199288 0.187449 0.113422 0.0945543 0.08147 0.0576214 0.033498 0.0130999
threshold=5479.0700439535676 0 23.525000000000002 27.089285714285719 70.350000000000009 1 8.5500000000000025 3851.0000000000005 2 -0.8781231054254196 27.410714285714288 4247.5000000000009 24.575000000000006 22.375000000000004 -0.73282214301478099 246.50000000000003 240.15000000000001 26.796428571428578 3962.5000000000005 8.6500000000000039 0.77652048701313048 -0.99697703579879204 263.50000000000006
decision_type=2 9 2 2 2 9 2 2 1 2 2 2 2 2 2 2 2 2 2 2 2 2 2
left_child=1 2 -1 11 -5 6 20 8 -3 10 17 12 -4 19 15 16 -7 -9 -15 -11 -2 -17 -23
right_child=5 7 3 4 -6 14 -8 9 -10 13 -12 -13 -14 18 -16 21 -18 -19 -20 -21 -22 22 -24
leaf_value=-0.15234764479502252 2.39196627107113 -1.1727658991977754 0.3782516073715923 0.32074937835638323 -0.42965008674927357 -0.27450899961262382 -0.19295652768286739 0.75419181694335335 0.10614652413043438 -0.22078454059383607 -0.21672828188293522 0.047375625102185376 -0.11294894700757384 0.012999660569900371 2.5879239335442383 0.0066629849384980348 2.5007251514829583 -0.62176026558855735 0.36010046712064475 0.093124939747260049 0.52140733673306894 0.31075524185844244 1.3957503180514363
leaf_weight=52 83 32 31 53 40 42 34 78 37 65 33 83 49 83 1446 48 33 99 862 72 55 63 200
leaf_count=52 83 32 31 53 40 42 34 78 37 65 33 83 49 83 1446 48 33 99 862 72 55 63 200
internal_value=0.000252177 6.85629e-05 -0.000426332 -0.000241245 -0.000781915 0.0004 0 0.000189869 -0.000364286 0.000228925 -7.109e-05 9.14635e-06 -0.000246914 0.000296399 0.00043733 0.00021447 -0.000164474 4.77528e-05 0.000340909 0 0.000208633 0.000338141 0.00038447
internal_weight=3673 1669 308 256 93 2004 172 1361 69 1292 210 163 80 1082 1832 386 75 177 945 137 138 311 263
internal_count=3673 1669 308 256 93 2004 172 1361 69 1292 210 163 80 1082 1832 386 75 177 945 137 138 311 263
cat_boundaries=0 1 2 3
cat_threshold=2100 2049 2
is_linear=0
shrinkage=0.01


Tree=180
num_leaves=25
num_cat=2
split_feature=12 0 14 28 13 0 31 21 16 32 32 12 16 28 20 14 10 15 16 17 26 28 13 19
split_gain=1.21803 0.459375 0.725032 0.79527 0.723394 0.233424 0.38276 0.181723 0.248431 0.184384 0.43353 0.144817 0.133493 0.130277 0.120555 0.109785 0.106344 0.102028 0.0987033 0.153546 0.0758146 0.0686563 0.0447391 0.0176997
threshold=4766.1000000000013 0 -0.93235440815991333 23.125000000000004 5236.4992359233584 1 8.5500000000000025 4086.0000000000005 0.96522610578843548 14.550000000000002 21.450000000000003 4743.4333333333343 -0.7614135502316719 25.125000000000004 23.053571428571434 -0.99815974739704505 7840.7142857142871 0.99349222267034787 0.57957876984334955 0.41789902429155973 28.025000000000002 31.025000000000002 5270.0953828424017 106.45000000000002
decision_type=2 9 2 2 2 9 2 2 2 2 2 2 2 2 2 2 2 2 2 2 2 2 2 2
left_child=1 7 4 22 -3 6 23 8 12 11 -11 14 13 -1 -9 -7 -17 -14 21 -20 -12 -5 -4 -2
right_child=5 2 3 18 -6 15 -8 9 -10 10 20 -13 17 -15 -16 16 -18 -19 19 -21 -22 -23 -24 -25
leaf_value=0.081554508195589015 3.7962777058675559 -1.075047616634041 -0.23988107849250129 0.24834013135219946 -0.025097783022285349 0.037294767440632558 -0.18672294394345548 0.040216664292959142 -0.67002833603710177 -0.040190703057967986 0.31432319287450938 -0.30494972536144654 0.064528246524249697 -0.72208299135043319 0.55916613667654758 2.8501165970259748 0.69955665428127167 -0.010359908094035817 0.084438335344416873 -1.3021572462760693 0.16517039262966318 -0.019215589914564474 -0.061774114104544101 0.89732890799758525
leaf_weight=31 92 32 45 145 32 30 37 88 38 55 204 33 170 31 442 1749 33 31 95 37 91 35 40 52
leaf_count=31 92 32 45 145 32 30 37 88 38 55 204 33 170 31 442 1749 33 31 95 37 91 35 40 52
internal_value=0.00025184 4.62411e-05 -0.000210805 -2.88945e-05 -0.0012 0.000419509 2.60418e-06 0.000152653 -3.14569e-05 0.00022593 1.4245e-05 0.000339539 4.35606e-05 -0.000301587 0.000386064 0.000453099 0.000466068 0.000200495 0.000178914 0 0.000194257 0.000331492 -0.000901163 0.000289655
internal_weight=3668 1675 461 397 64 1993 181 1214 301 913 350 563 263 62 530 1812 1782 201 312 132 295 180 85 144
internal_count=3668 1675 461 397 64 1993 181 1214 301 913 350 563 263 62 530 1812 1782 201 312 132 295 180 85 144
cat_boundaries=0 1 2
cat_threshold=874 2049
is_linear=0
shrinkage=0.01


Tree=181
num_leaves=27
num_cat=3
split_feature=12 19 0 20 20 16 18 10 0 31 22 0 12 19 13 14 10 17 19 7 29 25 22 27 19 10
split_gain=1.07311 0.578028 0.486811 1.01669 0.385898 0.319058 0.615362 0.223942 0.220176 0.38276 0.184358 0.161596 0.308057 0.121535 0.107564 0.105634 0.102071 0.103643 0.0902468 0.0450947 0.0397636 0.0335417 0.0236895 0.0209589 0.0176997 0.0109454
threshold=4766.1000000000013 51.250000000000007 0 27.43928571428572 23.053571428571434 -0.55657263146136127 32.250000000000007 4022.0714285714289 1 8.5500000000000025 3941.5000000000005 2 4505.2833333333338 196.85000000000002 5570.6126184791274 -0.99815974739704505 7840.7142857142871 0.9980355542543059 142.35000000000005 52.500000000000007 25.525000000000002 4251.0000000000009 4612.0000000000009 32.150000000000006 106.45000000000002 3910.0714285714289
decision_type=2 2 9 2 2 2 2 2 9 2 2 9 2 2 2 2 2 2 2 2 2 2 2 2 2 2
left_child=1 4 7 5 11 18 -7 -3 9 24 19 21 -13 14 -9 -10 17 23 -4 20 -6 -1 -14 -17 -2 -12
right_child=8 2 3 -5 10 6 -8 13 15 -11 25 12 22 -15 -16 16 -18 -19 -20 -21 -22 -23 -24 -25 -26 -27
leaf_value=0.048386688002115624 3.7583149288088817 -0.45401833672273884 0.11026763019610643 -0.35250112879511597 0.036128759904245696 -1.0542624803701395 0.034574315579436944 -0.0055576624753992925 0.03692181976622784 -0.18485571450402091 0.048151607270192243 -0.91914870354114475 0.016704385785029363 0.50590273463169522 1.6486210956623675 2.8536590154520458 0.69256108773846192 1.8445986879589047 -0.0030286831577876123 0.065267762433438362 -1.2099245817686357 -0.017596037418200722 -0.092702347421609196 1.7604065814144074 0.88835561891760839 0.36978786441453737
leaf_weight=53 92 31 73 33 30 53 44 281 30 37 31 45 35 162 65 1685 33 34 30 42 47 54 30 30 52 536
leaf_count=53 92 31 73 33 30 53 44 281 30 37 31 45 35 162 65 1685 33 34 30 42 47 54 30 30 52 536
internal_value=0.00025184 5.81742e-05 -0.000134541 -0.000506148 0.00023396 -0.000199005 -0.000627551 1.72727e-05 0.000409478 2.60418e-06 0.000353712 -9.86238e-05 -0.000371901 8.6444e-05 0 0.000442128 0.000454851 0.000465429 0.000110577 0 -0.000147436 0.000114407 0 0.000476399 0.000289655 0.000428697
internal_weight=3668 1675 772 233 903 200 97 539 1993 181 686 217 110 508 346 1812 1782 1749 103 119 77 107 65 1715 144 567
internal_count=3668 1675 772 233 903 200 97 539 1993 181 686 217 110 508 346 1812 1782 1749 103 119 77 107 65 1715 144 567
cat_boundaries=0 1 2 3
cat_threshold=814 2049 738
is_linear=0
shrinkage=0.01


Tree=182
num_leaves=28
num_cat=3
split_feature=10 33 0 16 16 19 13 21 7 29 0 32 14 12 10 16 0 19 32 14 32 24 19 7 24 25 13
split_gain=1.00222 0.491348 0.54382 0.712116 0.951915 0.467919 0.524255 0.637651 0.322879 0.256375 0.175245 0.260479 0.109716 0.105779 0.0912718 0.0739723 0.064096 0.164516 0.223738 0.0633065 0.103893 0.30628 0.0491115 0.0313163 0.0203389 0.0190507 0.0186915
threshold=4846.5000000000009 67.750000000000014 0 -0.55657263146136127 0.59004413292372648 135.05000000000004 5454.8424517478752 4324.5000000000009 52.500000000000007 27.675000000000004 1 3.2499999999999933 -0.73282214301478099 4066.8333333333335 3936.428571428572 -0.8098839673871151 2 9.3500000000000103 0.29999999999999472 -0.94975917145599731 32.050000000000004 6433.5000000000009 108.65000000000001 27.500000000000004 4360.5000000000009 7974.5000000000009 5252.8597909035425
decision_type=2 2 9 2 2 2 2 2 2 2 9 2 2 2 2 2 9 2 2 2 2 2 2 2 2 2 2
left_child=1 8 3 -3 -5 6 7 -4 16 15 11 -10 19 14 -12 -7 23 18 -18 -2 -21 -22 -8 -1 -14 -26 -19
right_child=12 2 5 4 -6 9 22 -9 10 -11 13 -13 24 -15 -16 -17 17 26 -20 20 21 -23 -24 -25 25 -27 -28
leaf_value=0.038058860170216272 1.0727602705885979 0.044442892325644356 -0.042185543854199314 -0.813168608549792 -0.039349916766516564 0.01121057440425767 1.0378432106956621 -0.35481705497026006 0.90111921968173481 -0.28928730762447791 0.091502495044900947 -0.035805652463893764 2.8821529331777347 0.65919736338828061 -0.50337295862473586 0.38757354498854474 -1.3641614097454156 0.05315148439365041 0.0099946237833479657 2.4186801468287071 -0.24589739960555068 2.2537184330422497 0.72626992776538157 0.14720325757135408 3.9252173479063406 12.895382429905398 -0.021179935919895532
leaf_weight=59 73 44 136 36 32 53 71 38 85 59 62 30 30 551 41 429 59 39 34 53 32 31 30 57 1420 31 53
leaf_count=59 73 44 136 36 32 53 71 38 85 59 62 30 30 551 41 429 59 39 34 53 32 31 30 57 1420 31 53
internal_value=0.000257291 9.95498e-05 -6.02799e-05 -0.000682927 -0.0013913 2.17654e-05 -0.000298913 -0.000645714 0.000247432 0.000203875 0.000356494 0 0.000439856 0.000416541 1.44231e-05 0.000291925 0 -0.000140306 -0.000462766 0.000128947 0 -0.000289062 0.00020098 0.000141732 0.000472672 0.000478994 6.45161e-05
internal_weight=3668 1998 928 112 68 816 275 174 1070 541 769 115 1670 654 103 482 301 185 93 189 116 63 101 116 1481 1451 92
internal_count=3668 1998 928 112 68 816 275 174 1070 541 769 115 1670 654 103 482 301 185 93 189 116 63 101 116 1481 1451 92
cat_boundaries=0 1 2 3
cat_threshold=2049 260 578
is_linear=0
shrinkage=0.01


Tree=183
num_leaves=26
num_cat=1
split_feature=10 33 19 24 18 27 20 11 10 19 24 22 22 32 18 7 19 21 22 10 18 22 26 11 3
split_gain=1.13206 0.43606 0.551411 0.464427 0.599326 0.71074 0.431753 0.397563 0.316028 0.267788 0.227968 0.632562 0.155036 0.142865 0.206287 0.105675 0.0985246 0.154697 0.20364 0.0868385 0.0845273 0.092673 0.0790287 0.0694386 0.0371897
threshold=4846.5000000000009 67.750000000000014 135.05000000000004 4321.0000000000009 0.59999999999999476 3.5500000000000003 23.053571428571434 185.88586988248622 4805.9285714285716 123.35000000000001 4561.0000000000009 4043.5000000000005 3900.5000000000005 32.649999999999999 24.550000000000001 17.500000000000004 141.55000000000004 5506.0000000000009 5197.5000000000009 6122.857142857144 40.650000000000006 4917.5000000000009 27.975000000000005 84.875957130167208 0
decision_type=2 2 2 2 2 2 2 2 2 2 2 2 2 2 2 2 2 2 2 2 2 2 2 2 1
left_child=1 6 3 4 -3 -6 10 9 13 -5 11 24 23 14 -4 -12 -2 18 -18 -19 21 -14 -15 -8 -1
right_child=16 2 8 7 5 -7 12 -9 -10 -11 15 -13 20 22 -16 -17 17 19 -20 -21 -22 -23 -24 -25 -26
leaf_value=-0.21111283918912166 3.9283008409073852 0.17726686778672263 0.3358770058340047 0.26981795125302233 -0.74472899993967356 -0.031307884999291422 0.091333370934814792 -0.2755534682069648 -0.16758636674622587 -0.065790387453192614 -0.056222499256332055 -1.0076393107541801 0.22910358767502037 0.5685445466643817 -0.11263129796019489 0.13389517449909563 1.977451553687207 2.4962222914453678 -0.24168663564196244 -0.048400924611141177 0.040831423280053791 0.62732296026991652 0.15334551327306634 -0.87540936986385709 0.039832728653692417
leaf_weight=43 1354 37 196 151 61 33 55 30 42 35 47 32 683 236 76 80 61 193 31 31 30 30 31 32 38
leaf_count=43 1354 37 196 151 61 33 55 30 42 35 47 32 683 236 76 80 61 193 31 31 30 30 31 32 38
internal_value=0.000246389 7.95398e-05 -7.10441e-05 -0.000392241 -0.000867424 -0.00129474 0.000219421 -5.52995e-05 0.000103952 6.95187e-05 -0.000124481 -0.000469298 0.000330927 0.000184259 0 0.000105469 0.000439856 0.000214511 -4.30107e-05 0.000364444 0.00037836 0.000401261 0.000348881 0 0
internal_weight=3668 1998 928 347 131 94 1070 216 581 186 240 113 830 539 272 127 1670 316 92 224 743 713 267 87 81
internal_count=3668 1998 928 347 131 94 1070 216 581 186 240 113 830 539 272 127 1670 316 92 224 743 713 267 87 81
cat_boundaries=0 1
cat_threshold=2
is_linear=0
shrinkage=0.01


Tree=184
num_leaves=27
num_cat=3
split_feature=12 33 0 24 29 7 14 31 31 11 28 14 31 0 15 0 29 29 21 23 11 14 12 23 27 15
split_gain=0.894247 0.735421 0.477597 0.946617 0.352006 0.305794 0.262408 0.246322 0.239326 0.464664 0.37223 0.236706 0.176761 0.110606 0.175335 0.105307 0.141622 0.120325 0.0978285 0.0907314 0.131738 0.0526954 0.0412706 0.0210196 0.0143983 0.00057255
threshold=4766.1000000000013 70.350000000000009 0 4188.5000000000009 27.525000000000002 52.500000000000007 -0.94705910369513524 10.150000000000002 0.65000000000000002 133.19900803608036 26.175000000000008 -0.95244167294248061 8.1500000000000021 1 -0.78324956448884031 2 25.975000000000005 22.975000000000005 7505.0000000000009 4601.0000000000009 32.080949092124648 -0.99697703579879204 3978.7833333333338 4020.5000000000005 30.550000000000004 0.90070004940655357
decision_type=2 2 9 2 2 2 2 2 2 2 2 2 2 9 2 9 2 2 2 2 2 2 2 2 2 2
left_child=1 5 3 -3 11 15 7 21 9 10 -4 -5 22 14 -8 23 17 -17 24 20 -10 -2 -7 -1 -15 -16
right_child=6 2 8 4 -6 12 13 -9 19 -11 -12 -13 -14 18 25 16 -18 -19 -20 -21 -22 -23 -24 -25 -26 -27
leaf_value=0.083539884276293247 0.21716966069553692 -1.2626082245699328 0.13164070076799753 -0.24749814176301538 -0.28855528905570793 0.0018805901118898044 -0.13347825253096782 -0.13829710247391863 -0.031412583564653512 0.24112660611135475 -0.077213025778251079 0.17326957634073836 -0.0049498128084927437 3.4119607121851097 2.4451346186532454 -0.15974830091970077 -1.4976269288827539 0.052207814803265348 1.3675935400254864 -0.0053171208825190689 0.51968503235964281 0.84857424641565882 0.38571515968431996 0.029734807989185479 1.9013162664284122 1.2737574853261722
leaf_weight=70 34 47 41 32 39 54 30 45 41 80 57 139 30 1582 83 73 31 78 37 38 187 90 592 46 33 59
leaf_count=70 34 47 41 32 39 54 30 45 41 80 57 139 30 1582 83 73 31 78 37 38 187 90 592 46 33 59
internal_value=0.000260016 8.20406e-05 -0.000155983 -0.000490672 -0.000165877 0.00026359 0.000404463 0 2.63736e-05 -0.00022905 -0.000717172 0 0.000381093 0.000439452 8.74317e-05 0 -0.000150259 0 0.000466627 0.000235955 0.000323144 0.000256 0.000421947 0.000220472 0.000481126 0.000286713
internal_weight=3668 1675 701 257 210 974 1993 169 444 178 98 171 676 1824 172 298 182 151 1652 266 228 124 646 116 1615 142
internal_count=3668 1675 701 257 210 974 1993 169 444 178 98 171 676 1824 172 298 182 151 1652 266 228 124 646 116 1615 142
cat_boundaries=0 1 2 3
cat_threshold=2261 2304 578
is_linear=0
shrinkage=0.01


Tree=185
num_leaves=23
num_cat=0
split_feature=13 14 15 21 10 13 13 18 33 14 10 13 14 11 10 24 10 20 14 15 13 10
split_gain=1.21094 0.331989 0.385908 0.341611 0.579518 0.277819 0.261805 0.257329 0.469187 0.611495 0.133358 0.187557 0.118288 0.116948 0.0687263 0.0660294 0.0639935 0.0598008 0.131589 0.0870035 0.0132912 0.00760261
threshold=5337.5509694251668 -0.73282214301478099 -0.27694043983797384 5506.0000000000009 4805.9285714285716 5016.9167069376354 5050.7357750435203 0.59999999999999476 130.45000000000005 -0.01397611846945947 4168.2142857142871 5171.819027617953 -0.98214942551678475 165.45672649048726 4292.6428571428578 4647.5000000000009 4730.1428571428578 25.06071428571429 0.1849296026015865 -0.93237865822738086 5353.996859352791 4754.357142857144
decision_type=2 2 2 2 2 2 2 2 2 2 2 2 2 2 2 2 2 2 2 2 2 2
left_child=5 2 3 4 15 17 -7 10 9 -9 11 -8 16 -10 -3 -2 -4 18 -1 -19 -16 -12
right_child=1 14 12 -5 -6 6 7 8 13 -11 21 -13 -14 -15 20 -17 -18 19 -20 -21 -22 -23
leaf_value=0.060644120274065794 -0.20073660491053388 0.28593993137502838 -0.015903681257172474 1.1742993876346941 -0.63905337635403703 -1.8666514796492277 0.039358509692501611 -0.14070495271857708 0.51148271507666554 0.012038659694269127 0.59372459450121129 -0.82758304926424076 2.4778935020034458 -0.0031885433463223357 0.6398099689140897 1.5024101355427366 0.33194135297783839 -0.048746596333185795 -1.3288310904572973 0.17461421778100447 1.7005616125822056 1.7542537322516218
leaf_weight=57 33 46 63 69 30 44 114 196 145 175 133 33 255 30 32 33 82 30 30 180 1824 30
leaf_count=57 33 46 63 69 30 44 114 196 145 175 133 33 255 30 32 33 82 30 30 180 1824 30
internal_value=0.000259754 0.000386345 0.00014576 -0.000225904 -0.000639175 0 -8.87902e-05 -3.73395e-05 -0.000177331 -0.000388441 0.000176849 0 0.00032419 0.000213068 0.000452444 0 1.71233e-05 0.000263423 0 0.00035545 0.000462036 0.000375
internal_weight=3664 2467 565 165 96 1197 900 856 546 371 310 147 400 175 1902 66 145 297 87 210 1856 163
internal_count=3664 2467 565 165 96 1197 900 856 546 371 310 147 400 175 1902 66 145 297 87 210 1856 163
is_linear=0
shrinkage=0.01


Tree=186
num_leaves=22
num_cat=1
split_feature=10 13 0 20 16 28 7 28 29 12 14 16 26 14 11 29 34 26 16 7 31
split_gain=1.21527 0.496189 0.557713 1.41774 0.716219 0.402087 0.25314 0.718148 0.629739 0.411789 0.194272 0.296688 0.172876 0.161258 0.174333 0.153575 0.140728 0.109336 0.0905796 0.105605 0.0741186
threshold=4846.5000000000009 5426.5379704301085 0 27.43928571428572 -0.5484990889199054 22.775000000000002 266.50000000000006 26.875000000000004 27.125000000000004 4651.2666666666673 -0.73282214301478099 0.94135275643221272 24.125000000000004 -0.98214942551678475 125.35663410559364 21.975000000000005 4.2750000000000012 25.325000000000006 0.54217677573236234 232.50000000000003 10.150000000000002
decision_type=2 2 9 2 2 2 2 2 2 2 2 2 2 2 2 2 2 2 2 2 2
left_child=1 2 6 5 -5 -4 9 12 -9 17 11 20 -8 14 -3 -15 -7 -1 -17 -20 -2
right_child=10 13 3 4 -6 16 7 8 -10 -11 -12 -13 -14 15 -16 18 -18 -19 19 -21 -22
leaf_value=0.016191668957409002 1.4916056330408198 0.52120390763832269 -0.22267409487833825 -0.12739385091638744 -0.5674259217564408 0.019062084111927155 -0.0031464797260159051 -1.0560978160357137 0.072825915576181108 -0.23959131723243995 3.8463025089550738 -0.26044941659056348 0.137695752240651 -0.041478536184731837 -0.24221382626949428 1.3264430379234644 -0.0045512050037084433 0.30829825672837347 0.52417099979305637 -0.047790967483256036 -0.0394118418845869
leaf_weight=173 125 40 61 31 38 127 64 30 33 44 1485 33 184 32 34 431 156 370 102 41 30
leaf_count=173 125 40 61 31 38 127 64 30 33 44 1485 33 184 32 34 431 156 370 102 41 30
internal_value=0.000246112 7.30422e-05 -3.39177e-05 -0.000338443 -0.00165 -5.21739e-05 9.79098e-05 -0.000110577 -0.00107031 0.000227041 0.000445938 7.40741e-05 9.63856e-05 0.000293686 -4e-05 0.000350906 7.57042e-05 0.000315257 0.000394783 7.98611e-05 0.000304487
internal_weight=3664 1991 1311 413 69 344 898 311 63 587 1673 188 248 680 74 606 283 543 574 143 155
internal_count=3664 1991 1311 413 69 344 898 311 63 587 1673 188 248 680 74 606 283 543 574 143 155
cat_boundaries=0 1
cat_threshold=715
is_linear=0
shrinkage=0.01


Tree=187
num_leaves=25
num_cat=2
split_feature=13 0 28 20 20 19 0 7 12 13 7 28 17 5 11 26 28 31 26 22 7 19 21 7
split_gain=0.932668 0.376333 0.46267 0.26849 0.655841 0.265096 0.420152 0.449639 1.1446 0.220908 0.231119 0.73276 0.197541 0.195232 0.111889 0.0898628 0.0846829 0.0956306 0.0799272 0.0766089 0.0682887 0.0161962 0.016129 0.00283372
threshold=5469.7223678256951 0 22.625000000000004 27.089285714285719 29.68214285714286 126.05000000000001 1 278.50000000000006 5645.5000000000009 5221.7146792653721 276.50000000000006 26.875000000000004 0.98802988639542011 4.5000000000000009 40.868546527430574 24.125000000000004 25.825000000000006 1.2500000000000002 22.125000000000004 4741.0000000000009 236.50000000000003 150.35000000000005 4977.5000000000009 361.50000000000006
decision_type=2 9 2 2 2 2 9 2 2 2 2 2 2 2 2 2 2 2 2 2 2 2 2 2
left_child=1 2 -1 16 -5 23 21 8 -8 10 13 15 18 14 -3 -12 -4 -18 22 -20 -10 -7 -11 -2
right_child=5 9 3 4 -6 6 7 -9 20 12 11 -13 -14 -15 -16 -17 17 -19 19 -21 -22 -23 -24 -25
leaf_value=-0.37825825397532942 2.0783385520071258 -0.2479523273278926 0.015356432955837239 -0.43179305617678565 0.54605152789743006 1.4340669991593222 -0.466198244651017 1.537029883718483 2.9072667052643495 -0.1637958956850141 -0.0031150149287540721 -0.92785302872275932 -0.030048485271458453 -0.17809204274864532 0.13077381942025088 0.11841161687222421 -0.0033812383340559348 0.44318554319241166 0.64760785589370262 0.16960062186433969 -0.036970134399085426 2.7090469922593923 5.2259491413459997 2.0322290577236566
leaf_weight=31 1378 55 79 48 38 30 57 99 66 30 64 41 39 45 373 149 60 43 378 148 36 309 30 38
leaf_count=31 1378 55 79 48 38 30 57 99 66 30 64 41 39 45 373 149 60 43 378 148 36 309 30 38
internal_value=0.000259754 7.59685e-05 -0.000227419 -5.94795e-05 -0.00054023 0.000405412 0.000198161 -7.80669e-05 -0.000440625 0.000151137 1.8544e-05 -0.000207843 0.000291534 0.000161392 0.000242424 0 0.000114754 0 0.000345826 0.000385199 0.000106796 0.000427143 0 0.000485533
internal_weight=3664 1651 299 268 86 2013 597 258 159 1352 727 254 625 473 428 213 182 103 586 526 102 339 60 1416
internal_count=3664 1651 299 268 86 2013 597 258 159 1352 727 254 625 473 428 213 182 103 586 526 102 339 60 1416
cat_boundaries=0 1 2
cat_threshold=2100 370
is_linear=0
shrinkage=0.01


Tree=188
num_leaves=22
num_cat=2
split_feature=13 0 28 14 0 7 20 20 13 7 28 26 25 16 29 26 24 26 28 24 16
split_gain=0.925053 0.391495 0.46267 0.346286 0.519147 0.76604 0.26849 0.655841 0.194801 0.188389 0.510883 0.180141 0.179509 0.174793 0.791548 0.140834 0.0919037 0.0898628 0.0846829 0.109742 0.0840589
threshold=5469.7223678256951 0 22.625000000000004 -0.73282214301478099 1 278.50000000000006 27.089285714285719 29.68214285714286 5221.7146792653721 276.50000000000006 26.875000000000004 25.875000000000004 4499.0000000000009 -0.030099068566675755 28.025000000000002 22.125000000000004 3962.5000000000005 24.125000000000004 25.825000000000006 4200.5000000000009 0.94135275643221272
decision_type=2 9 2 2 9 2 2 2 2 2 2 2 2 2 2 2 2 2 2 2 2
left_child=1 2 -1 4 5 -2 18 -8 9 11 17 16 -13 -10 15 -15 -3 -11 -4 -20 -6
right_child=3 8 6 -5 20 -7 7 -9 13 10 -12 12 -14 14 -16 -17 -18 -19 19 -21 -22
leaf_value=-0.3744756714355772 -0.36634972793203502 -0.54333331748773017 0.015202868626279826 2.0668116337581406 1.2606888424912208 1.3960692546728339 -0.4274751256150161 0.54059101261845643 1.0512485676545047 -0.0030838647794652662 -0.91857449843553041 0.27284310289019181 -0.057783753841332774 -0.055152244838435921 -0.52911641515514263 0.48516029451865061 0.011120906213267121 0.11722750070349985 -0.0030663123931537195 0.15072851453098579 1.7727041383515576
leaf_weight=31 65 70 79 1588 273 56 48 38 314 64 41 231 55 59 32 220 117 149 41 62 31
leaf_count=31 65 70 79 1588 273 56 48 38 314 64 41 231 55 59 32 220 117 149 41 62 31
internal_value=0.000265211 8.20218e-05 -0.000227419 0.000410377 0.000123239 -0.000375 -5.94795e-05 -0.00054023 0.000158474 3.22802e-05 -0.000168627 0.000161392 0.000324042 0.000291534 8.17308e-05 0.000283929 -3.45745e-05 0 0.000114754 0 0.000355556
internal_weight=3664 1651 299 2013 425 121 268 86 1352 727 254 473 286 625 311 279 187 213 182 103 304
internal_count=3664 1651 299 2013 425 121 268 86 1352 727 254 473 286 625 311 279 187 213 182 103 304
cat_boundaries=0 1 2
cat_threshold=2100 13
is_linear=0
shrinkage=0.01


Tree=189
num_leaves=24
num_cat=1
split_feature=10 13 25 16 24 5 16 34 0 28 33 15 24 14 16 33 16 15 10 33 34 32 34
split_gain=0.953028 0.35671 0.445925 0.387664 1.09849 0.343839 0.561526 0.821818 0.219837 0.219394 0.414982 0.214654 0.26629 0.194272 0.296688 0.118628 0.155211 0.100947 0.130006 0.0716886 0.0682147 0.0342374 0.0189289
threshold=4846.5000000000009 5265.502740787344 4349.5000000000009 -0.34235511113144612 4950.5000000000009 2.5000000000000004 -0.56457669118955289 4.1250000000000009 0 26.475000000000005 88.950000000000003 0.037621334799590643 4031.0000000000005 -0.73282214301478099 0.94135275643221272 54.750000000000007 -0.34235511113144612 0.6174544326165855 4043.0714285714289 325.85000000000008 3.4150000000000005 77.40000000000002 9.0500000000000025
decision_type=2 2 2 2 2 2 2 2 9 2 2 2 2 2 2 2 2 2 2 2 2 2 2
left_child=1 2 8 20 9 15 -7 -8 11 10 -5 -1 -13 14 19 -4 -17 -10 -19 -2 -3 -11 -22
right_child=13 3 5 4 -6 6 7 -9 17 21 -12 12 -14 -15 -16 16 -18 18 -20 -21 22 -23 -24
leaf_value=0.26663575309411219 1.3532282891479497 0.040489884243807651 0.074417498020103487 0.035345987355803139 -0.27046543848278987 0.12619115835700057 -0.14315867929543061 -1.5144070528799851 0.25689581559931607 0.43524782883165974 -0.12626849119720368 0.021258427017291963 -0.88380582530813689 3.7745785060032637 -0.26492913517036298 -0.11462216614511248 0.17736312290985534 0.022225498197615469 -1.1720099855310202 0.13402836417047762 1.1040653286398598 0.54824571273264811 1.2452599559484805
leaf_weight=60 124 44 63 146 56 57 55 51 181 288 65 43 44 1485 33 30 35 195 31 31 468 49 30
leaf_count=60 124 44 63 146 56 57 55 51 181 288 65 43 44 1485 33 30 35 195 31 31 468 49 30
internal_value=0.00026794 0.000113203 -3.25059e-05 0.000229294 3.63636e-05 -0.000357877 -0.000661585 -0.00109346 0.000120721 0.000189435 -2.12264e-05 -0.000167722 -0.000528409 0.000445938 7.40741e-05 0 -0.000265151 0.000247608 5.72687e-05 0.000304487 0.000425414 0.000350592 0.000458918
internal_weight=3664 1991 845 1146 604 291 163 106 554 548 211 147 87 1673 188 128 65 407 226 155 542 337 498
internal_count=3664 1991 845 1146 604 291 163 106 554 548 211 147 87 1673 188 128 65 407 226 155 542 337 498
cat_boundaries=0 1
cat_threshold=136
is_linear=0
shrinkage=0.01


Tree=190
num_leaves=22
num_cat=2
split_feature=10 0 10 34 19 24 19 16 10 34 10 17 0 34 10 7 17 19 24 16 22
split_gain=0.772959 0.428522 0.598183 0.511938 0.510863 0.443681 0.322126 0.220608 0.172421 0.0941452 0.0916913 0.0687569 0.169894 0.260895 0.112867 0.0758122 0.0270528 0.0186158 0.101038 0.0128348 0.0089534
threshold=4846.5000000000009 0 4157.7857142857147 4.6150000000000011 70.350000000000009 5140.5000000000009 130.45000000000005 -0.3098332921407298 3983.5714285714289 4.3350000000000009 7840.7142857142871 0.7912140244565844 1 4.1150000000000011 4820.0000000000009 163.50000000000003 -0.86655446526867463 141.55000000000004 5506.0000000000009 0.71503381463111937 5143.0000000000009
decision_type=2 9 2 2 2 2 2 2 2 2 2 2 9 2 2 2 2 2 2 2 2
left_child=1 2 3 8 19 11 7 -6 -1 -8 17 14 13 -13 16 -14 -3 -2 20 -4 -19
right_child=10 5 4 -5 6 -7 9 -9 -10 -11 -12 12 15 -15 -16 -17 -18 18 -20 -21 -22
leaf_value=0.42501345966885778 3.7495500252433658 0.10405119978085133 0.58341399864945953 -1.2705406110563562 0.087345804666956933 -0.15594508682316549 0.2477707085095561 -0.22451493947394618 -0.011643022039774693 -0.23837075158783883 0.78600083897785566 0.11111926469283102 0.013584282042360715 -0.080527484064860821 -0.25988013300875856 0.47442372745847083 0.11749116073095023 1.9524099650183582 1.678973823836015 0.4243309034396951 -0.24481948169134873
leaf_weight=35 1333 156 211 35 33 41 104 47 56 49 36 77 61 47 41 145 805 44 256 30 30
leaf_count=35 1333 156 211 35 33 41 104 47 56 49 36 77 61 47 41 145 805 44 256 30 30
internal_value=0.000287503 0.000145137 -6.54664e-05 -0.000685039 7.78947e-05 0.000243136 -0.000228632 -0.000740741 -0.000157609 0 0.000446765 0.000282071 0.00010574 -0.000133333 0.00033001 0.000290323 0.00035395 0.000457632 0.000287009 0.000415289 0
internal_weight=3672 1973 600 126 474 1373 233 80 91 153 1699 1332 330 124 1002 206 961 1663 330 241 74
internal_count=3672 1973 600 126 474 1373 233 80 91 153 1699 1332 330 124 1002 206 961 1663 330 241 74
cat_boundaries=0 1 2
cat_threshold=2088 832
is_linear=0
shrinkage=0.01


Tree=191
num_leaves=23
num_cat=2
split_feature=10 0 10 34 19 13 12 10 17 10 17 0 33 14 21 14 14 14 25 22 26 26
split_gain=0.772959 0.428522 0.598183 0.511938 0.510863 0.330768 0.949903 0.245579 0.354111 0.172421 0.132026 0.206228 0.150793 0.0968187 0.0905939 0.0814442 0.0569463 0.0425052 0.0682849 0.0216462 0.0128348 0.00224762
threshold=4846.5000000000009 0 4157.7857142857147 4.6150000000000011 70.350000000000009 5513.090414166446 4409.6166666666677 4820.0000000000009 0.029024409397335523 3983.5714285714289 0.7912140244565844 1 18.050000000000008 -0.73282214301478099 4601.0000000000009 -0.82415615971448097 0.26037272046371446 -0.96235977360714686 4398.0000000000009 4561.0000000000009 22.625000000000004 33.525000000000006
decision_type=2 9 2 2 2 2 2 2 2 2 2 9 2 2 2 2 2 2 2 2 2 2
left_child=1 2 3 9 20 6 -6 10 -9 -1 17 12 -12 15 -7 -2 -13 18 -3 -15 -4 -19
right_child=13 7 4 -5 5 14 -8 8 -10 -11 11 16 -14 19 -16 -17 -18 21 -20 -21 -22 -23
leaf_value=0.42076332507217118 0.93774255552133612 -0.47851022036313495 0.2518710509741402 -1.2578352049457935 0.006999871391551683 1.4659010743737104 -0.40531245401315757 -0.28819334570806127 1.9145112055985549 -0.011526591819378625 0.041867639791520334 0.14543312462342275 -0.053654714558799353 1.8952852023818951 -0.24105981246887392 -0.055765372015510364 -0.026876232628737888 0.13142232359159661 0.24055655871307516 3.7213320430763894 0.62868741348128321 1.0443234451993899
leaf_weight=35 149 49 30 35 67 67 36 30 33 56 52 185 51 30 63 56 30 822 90 1464 211 31
leaf_count=35 149 49 30 35 67 67 36 30 33 56 52 185 51 30 63 56 30 822 90 1464 211 31
internal_value=0.000287503 0.000145137 -6.54664e-05 -0.000685039 7.78947e-05 -0.000228632 -0.000658654 0.000243136 -0.000289062 -0.000157609 0.000278413 5.95611e-05 -0.00025 0.000446765 3.8168e-05 0.000157767 0.000254425 0.000338369 6.78572e-05 0.000479599 0.000415289 0.000370609
internal_weight=3672 1973 600 126 474 233 103 1373 63 91 1310 318 103 1699 130 205 215 992 139 1494 241 853
internal_count=3672 1973 600 126 474 233 103 1373 63 91 1310 318 103 1699 130 205 215 992 139 1494 241 853
cat_boundaries=0 1 2
cat_threshold=2088 336
is_linear=0
shrinkage=0.01


Tree=192
num_leaves=19
num_cat=0
split_feature=10 24 7 10 13 12 17 25 13 33 7 10 25 14 14 7 7 22
split_gain=0.772959 0.342823 0.818333 0.307086 0.259467 0.255845 0.411911 0.196122 0.161576 0.145566 0.142243 0.377077 0.147363 0.0968187 0.0814442 0.0791536 0.0663674 0.0216462
threshold=4846.5000000000009 5140.5000000000009 285.50000000000006 4283.2142857142871 5040.7972302854387 4305.3500000000013 -0.15314025082153274 5227.5000000000009 4657.3056206089004 86.850000000000009 326.50000000000006 4029.2857142857147 3951.0000000000005 -0.73282214301478099 -0.82415615971448097 37.500000000000007 290.50000000000006 4561.0000000000009
decision_type=2 2 2 2 2 2 2 2 2 2 2 2 2 2 2 2 2 2
left_child=1 3 -3 5 8 10 9 15 -5 -7 12 -12 -1 14 -2 -6 -9 -15
right_child=13 2 -4 4 7 6 -8 16 -10 -11 11 -13 -14 17 -16 -17 -18 -19
leaf_value=-0.25498496634732415 0.92836512996612353 -0.31357625151054686 3.2158345793891265 0.050189103484229121 0.0057808540354396575 0.85960751083046638 -0.16358477187716314 -0.2378865923330164 -0.46749747907329553 -0.043462661944030929 0.12030501898972523 -0.28259407669369524 0.062286246843638961 1.8763323503580733 -0.05520771829535806 0.51117916108284434 1.2971597424602046 3.6841187226456249
leaf_weight=60 149 30 39 37 94 61 50 30 30 43 114 30 412 30 56 906 37 1464
leaf_count=60 149 30 39 37 94 61 50 30 30 43 114 30 412 30 56 906 37 1464
internal_value=0.000287503 0.000145137 -0.000507143 0.000174278 0.000279295 6.4851e-06 -0.000341935 0.000321629 -0.000242647 0 0.000110211 -0.000124138 0.00020296 0.000446765 0.000157767 0.00035964 -9.55882e-05 0.000479599
internal_weight=3672 1973 69 1904 1134 770 154 1067 67 104 616 144 472 1699 205 1000 67 1494
internal_count=3672 1973 69 1904 1134 770 154 1067 67 104 616 144 472 1699 205 1000 67 1494
is_linear=0
shrinkage=0.01


Tree=193
num_leaves=25
num_cat=1
split_feature=10 0 19 33 27 11 12 24 34 13 25 10 21 25 19 11 10 11 10 19 24 30 22 27
split_gain=0.860488 0.371666 0.436716 1.00178 0.550589 0.530643 0.49688 0.421583 0.345238 0.155212 0.231303 0.262636 0.146841 0.129552 0.105926 0.102477 0.0916913 0.0607337 0.0601427 0.0186158 0.101038 0.0130208 0.0089534 0.00489863
threshold=4846.5000000000009 0 97.15000000000002 157.75000000000003 2.0500000000000003 143.51041110396929 4114.666666666667 5140.5000000000009 4.4850000000000012 5226.3228676842946 4324.5000000000009 4043.0714285714289 4636.5000000000009 4273.0000000000009 70.350000000000009 51.175466853901987 7840.7142857142871 51.783661380951521 4825.5714285714303 141.55000000000004 5506.0000000000009 22.625000000000004 5143.0000000000009 32.800000000000004
decision_type=2 9 2 2 2 2 2 2 2 2 2 2 2 2 2 2 2 2 2 2 2 2 2 2
left_child=1 2 6 4 5 -4 8 9 -1 10 15 -12 17 -11 21 -3 19 -5 -15 -2 22 -8 -21 -22
right_child=16 7 3 12 -6 -7 14 -9 -10 13 11 -13 -14 18 -16 -17 -18 -19 -20 20 23 -23 -24 -25
leaf_value=0.19586291081905885 3.6578691235157605 0.008591851630612872 -0.05029898035767278 0.040649815937063717 -0.36998225660932882 0.57100506181296806 0.25022604282997318 -0.14836793998274819 -1.2441870961723884 0.0010780958969490051 0.09144189281855844 -0.16419204741937601 -0.37827773268971471 0.51234993411652729 -0.028326539419294496 0.095397533308457585 0.7792505614911841 0.48992335956278321 0.27723285839847933 1.9142247885133004 1.6721645144524573 0.62026190839293405 -0.25015841988959997 0.5565519854407156
leaf_weight=30 1333 102 30 30 30 32 30 41 32 42 68 164 30 652 50 261 36 91 43 44 225 215 30 31
leaf_count=30 1333 102 30 30 30 32 30 41 32 42 68 164 30 652 50 261 36 91 43 44 225 215 30 31
internal_value=0.000279336 0.000129939 -6.54664e-05 -0.000403689 -0.00122581 -0.000460317 0.000135475 0.00022146 -0.000619048 0.000259565 0.000113255 -0.000103004 3.61842e-05 0.000363821 0.000329392 0.000278846 0.000446765 0.00025 0.000398707 0.000457632 0.000287009 0.000416667 0 0.000381323
internal_weight=3672 1973 600 243 92 62 357 1373 62 1332 595 232 151 737 295 363 1699 121 695 1663 330 245 74 256
internal_count=3672 1973 600 243 92 62 357 1373 62 1332 595 232 151 737 295 363 1699 121 695 1663 330 245 74 256
cat_boundaries=0 1
cat_threshold=2088
is_linear=0
shrinkage=0.01


Tree=194
num_leaves=19
num_cat=0
split_feature=10 24 7 13 14 23 14 13 13 7 10 16 25 11 10 11 11 22
split_gain=0.917431 0.308513 0.818333 0.291141 0.268694 0.163768 0.158884 0.151868 0.241949 0.150639 0.164079 0.147206 0.119084 0.102654 0.0827144 0.0805448 0.0555413 0.0216462
threshold=4846.5000000000009 5140.5000000000009 285.50000000000006 5270.0953828424017 -0.98214942551678475 4725.5000000000009 -0.73282214301478099 5002.987946264263 5040.7972302854387 37.500000000000007 4292.6428571428578 0.46800856592688472 6751.5000000000009 40.868546527430574 4511.0000000000009 52.144716148753822 127.91815821764611 4561.0000000000009
decision_type=2 2 2 2 2 2 2 2 2 2 2 2 2 2 2 2 2 2
left_child=1 3 -3 7 5 -5 12 13 -9 15 -11 -10 16 -1 -15 -6 -2 -8
right_child=6 2 -4 4 9 -7 17 8 11 10 -12 -13 -14 14 -16 -17 -18 -19
leaf_value=-0.13815855092558654 0.60621519677647218 -0.30823249211387493 3.1851599129950654 -0.053347813256563181 0.65074286200524001 0.32170028499692976 1.8209903356193382 -0.86136579658165546 -0.0041677355955755183 0.0024400283569491611 0.8040902407890177 0.036928810824528577 -0.07547863909424897 0.089773976703929767 -0.013845267562890876 -0.17635727081596511 1.5564762424422651 3.6106988441840158
leaf_weight=34 31 30 39 41 34 41 30 36 372 153 742 218 38 158 30 45 136 1464
leaf_count=34 31 30 39 41 34 41 30 36 372 153 742 218 38 158 30 45 136 1464
internal_value=0.000268445 0.000114742 -0.000507143 0.000142782 0.000253548 -0.000228916 0.000440882 0 -7.49601e-05 0.000304615 0.000343192 -8.46022e-06 0.000109223 0.0002287 0.000338624 -6.24999e-06 0.000258929 0.000479599
internal_weight=3672 1973 69 1904 1056 82 1699 848 626 974 895 590 205 222 188 79 167 1494
internal_count=3672 1973 69 1904 1056 82 1699 848 626 974 895 590 205 222 188 79 167 1494
is_linear=0
shrinkage=0.01


Tree=195
num_leaves=28
num_cat=1
split_feature=12 19 34 7 12 26 0 34 32 7 7 19 13 11 23 16 26 21 23 11 12 26 16 18 10 18 17
split_gain=1.07462 0.534439 0.956813 0.404746 0.369946 0.419183 0.358311 0.355767 0.275555 0.366637 0.370413 0.437292 0.274663 0.25843 0.224235 0.214688 0.147588 0.145241 0.112515 0.110611 0.089154 0.0737487 0.0385975 0.0165786 0.0120749 0.00410614 0.00286689
threshold=4766.1000000000013 93.350000000000037 5.1950000000000012 264.50000000000006 4347.3833333333341 26.725000000000005 0 3.4150000000000005 29.550000000000001 230.50000000000003 263.50000000000006 178.20000000000002 5421.7695698721591 89.691931531637991 4064.0000000000005 -0.18598319447470388 25.775000000000002 4010.5000000000005 4780.5000000000009 84.875957130167208 4400.4000000000005 22.125000000000004 0.93315540453694978 38.800000000000004 5977.5714285714303 3.5999999999999899 0.99683437150207233
decision_type=2 2 2 2 2 2 9 2 2 2 2 2 2 2 2 2 2 2 2 2 2 2 2 2 2 2 2
left_child=1 6 3 12 5 -5 14 15 26 23 11 -11 20 -6 17 -8 19 22 -12 -9 -3 -16 -1 24 -10 -18 -2
right_child=8 2 -4 4 13 -7 7 16 9 10 18 -13 -14 -15 21 -17 25 -19 -20 -21 -22 -23 -24 -25 -26 -27 -28
leaf_value=0.057222268756187862 2.8000456014439759 0.53358188320330857 -0.41164375094011418 -0.015760931283234639 -0.022016584926860951 -0.82704811274835555 0.02539466557679778 0.010210869597325761 0.27654946815646225 2.1099174383856423 -0.10035267037182564 -0.28279429602341294 -0.046954982832383758 0.71146212068581438 0.23558962448879103 -0.12431061473818171 0.27216280520582675 -0.53422004813237201 1.0397634019761637 -0.044797612435542401 -0.13504597917356051 0.49455127400149096 0.0030718850606895266 2.9971877380212089 14.534063775543059 0.0092748876003272904 2.6694133947797916
leaf_weight=95 1443 193 34 77 48 75 32 132 30 36 30 51 59 84 44 33 102 39 93 65 30 453 30 237 33 30 37
leaf_count=95 1443 193 34 77 48 75 32 132 30 36 30 51 59 84 44 33 102 39 93 65 30 453 30 237 33 30 37
internal_value=0.000242046 4.67995e-05 -0.000183028 -6.52557e-05 -0.00034386 -0.000679739 0.000187027 -3.20988e-05 0.000399297 0.000166341 -0.000118483 -0.000642045 0.000180212 0 0.000328125 -0.000719697 7.42424e-05 0 0.000173387 -5.80808e-05 0.000363839 0.000438755 0.000178571 0.000398671 2.34375e-05 0.000345865 0.000472654
internal_weight=3645 1655 600 566 284 152 1055 394 1990 510 210 87 282 132 661 65 329 164 123 197 223 497 125 300 63 132 1480
internal_count=3645 1655 600 566 284 152 1055 394 1990 510 210 87 282 132 661 65 329 164 123 197 223 497 125 300 63 132 1480
cat_boundaries=0 1
cat_threshold=171
is_linear=0
shrinkage=0.01


Tree=196
num_leaves=30
num_cat=1
split_feature=12 19 21 0 7 15 26 32 7 7 19 11 14 26 20 26 32 23 22 5 25 13 25 33 10 15 15 7 23
split_gain=0.887616 0.374674 0.510645 0.588643 0.545427 0.759366 0.31904 0.275555 0.366637 0.370413 0.437292 0.256447 0.177655 0.391984 0.152034 0.147187 0.139005 0.112515 0.0865702 0.0848508 0.077809 0.0772875 0.054765 0.0311131 0.030627 0.0303395 0.0220645 0.0219531 0.0177201
threshold=4766.1000000000013 41.95000000000001 4247.5000000000009 0 298.50000000000006 -0.6391983530350368 24.225000000000005 29.550000000000001 230.50000000000003 263.50000000000006 178.20000000000002 74.267374101274854 -0.36647417525074694 28.075000000000006 27.110714285714288 27.725000000000005 0.29999999999999472 4780.5000000000009 4149.5000000000009 4.5000000000000009 4398.0000000000009 4957.1453828685362 4696.0000000000009 70.350000000000009 4292.6428571428578 -0.9575230291762723 0.98005052076767474 303.50000000000006 3884.0000000000005
decision_type=2 2 2 9 2 2 2 2 2 2 2 2 2 2 2 2 2 2 2 2 2 2 2 2 2 2 2 2 2
left_child=1 6 15 12 5 -5 11 25 23 10 -10 21 14 -14 -4 20 18 -11 -13 28 -3 -1 -23 -9 -21 -2 -18 -22 -8
right_child=7 2 3 4 -6 -7 19 8 9 17 -12 16 13 -15 -16 -17 26 -19 -20 24 27 22 -24 -25 -26 -27 -28 -29 -30
leaf_value=0.0011035726982483185 2.8625693276322295 0.29280221376906013 0.11319486166144309 0.0039001903032554524 0.1321534629704087 -0.56690498579575299 0.0056761068360618528 1.9979210605691435 2.0888182640017892 -0.099349143668109152 -0.27996635306318313 -0.21533246166833397 -0.15262606461479852 0.39566472297081784 -0.0049432741525676782 -1.1915856884191538 0.15495903519089649 1.0293657679563994 -1.1387125489405554 -0.022304368106809417 0.32221548965180263 0.12865671970884324 0.0013357297289123648 3.1888651296084682 0.70690855978207712 2.7713544856584491 -0.001680965218486027 -0.025064874126851225 0.43735495109062394
leaf_weight=43 65 194 153 48 47 114 30 57 36 30 51 51 35 45 63 46 34 93 31 30 35 133 40 243 39 1415 30 31 383
leaf_count=43 65 194 153 48 47 114 30 57 36 30 51 51 35 45 63 46 34 93 31 30 35 133 40 243 39 1415 30 31 383
internal_value=0.00025576 7.69928e-05 -6.71182e-05 -0.000271739 -0.000661364 -0.00097546 0.000227219 0.000399297 0.000166341 -0.000118483 -0.000642045 0 0 -0.00037037 0.000175115 0.000237785 -0.000319728 0.000173387 -0.000590361 0.000395445 0.000344828 0.000221198 0.000324713 0.000398671 0 0.000472654 0 0 0.000450483
internal_weight=3645 1655 811 505 209 162 844 1990 510 210 87 362 296 80 216 306 146 123 82 482 260 216 173 300 69 1480 64 66 413
internal_count=3645 1655 811 505 209 162 844 1990 510 210 87 362 296 80 216 306 146 123 82 482 260 216 173 300 69 1480 64 66 413
cat_boundaries=0 1
cat_threshold=822
is_linear=0
shrinkage=0.01


Tree=197
num_leaves=27
num_cat=2
split_feature=12 18 0 20 33 22 7 32 0 21 32 20 24 18 7 12 26 29 13 12 26 28 28 17 26 17
split_gain=0.743282 0.405964 0.477557 0.547325 0.870957 1.41835 0.289989 0.230418 0.337364 0.312852 0.208992 0.20048 0.191708 0.189304 0.247815 0.170591 0.15572 0.135098 0.0851769 0.270311 0.0795175 0.0712622 0.0362326 0.0159402 0.0111892 0.00286689
threshold=4766.1000000000013 2.4000000000000017 0 27.060714285714287 70.350000000000009 4449.5000000000009 345.50000000000006 29.550000000000001 1 5506.0000000000009 5.4999999999999938 26.746428571428577 3962.5000000000005 38.100000000000016 237.50000000000003 4662.0333333333338 28.075000000000006 22.875000000000004 5069.6244456762761 3918.9000000000005 22.125000000000004 32.625000000000007 27.125000000000004 -0.9575230291762723 20.875000000000004 0.99683437150207233
decision_type=2 2 9 2 2 2 2 2 9 2 2 2 2 2 2 2 2 2 2 2 2 2 2 2 2 2
left_child=1 12 3 10 -5 -6 11 25 9 -9 -3 -4 18 14 -10 20 -13 -17 19 -1 24 -22 -12 -15 -14 -2
right_child=7 2 6 4 5 -7 -8 8 13 -11 22 16 15 23 -16 17 -18 -19 -20 -21 21 -23 -24 -25 -26 -27
leaf_value=0.049747713048581221 2.7443316005729539 -0.15618196674028059 0.1632020879991799 0.19283332006840298 -0.69065043403381854 -0.014336355123430877 -0.28491109554556177 -0.2407076354807321 3.9073163864196094 1.6063348100189194 0.22973893958868249 -0.028892987590877581 0.019172419191906383 0.44670105661132292 -0.2505528376988968 -0.22470588777147227 0.80169604169453368 0.42567739709322744 0.045923227359690913 -1.1864090416777382 0.22204219469152051 0.5862932648303677 0.036673935619887778 2.5108410704244735 -0.0013566800301634586 2.6150057159754097
leaf_weight=30 1443 32 193 32 37 41 32 50 51 50 91 164 31 30 30 39 109 69 57 43 549 41 30 299 35 37
leaf_count=30 1443 32 193 32 37 41 32 50 51 50 91 164 31 30 30 39 109 69 57 43 549 41 30 299 35 37
internal_value=0.000272216 0.000107186 -5.18373e-05 -0.000395985 -0.000945946 -0.00153165 0.000115914 0.000404319 0.00018591 -0.00027027 0 0.000199143 0.000253631 0.000320665 0 0.00031634 0 0 -3.81679e-05 -0.000317568 0.000377473 0.000414552 0.000168033 0.000437879 0 0.000472654
internal_weight=3645 1655 761 263 110 78 498 1990 510 100 153 466 894 410 81 764 273 108 130 73 656 590 121 329 66 1480
internal_count=3645 1655 761 263 110 78 498 1990 510 100 153 466 894 410 81 764 273 108 130 73 656 590 121 329 66 1480
cat_boundaries=0 1 2
cat_threshold=2273 2053
is_linear=0
shrinkage=0.01


Tree=198
num_leaves=27
num_cat=3
split_feature=10 11 0 34 10 22 16 15 29 28 19 0 7 7 0 11 11 23 7 28 32 29 17 7 25 28
split_gain=0.671743 0.386846 0.349016 0.674892 0.303274 0.422271 0.854634 0.26614 0.272634 0.237597 0.204195 0.238301 0.291887 0.391888 0.16513 0.163549 0.31662 0.13123 0.0930292 0.0805899 0.0514424 0.0132425 0.0120749 0.0097722 0.00771434 0.00606001
threshold=4854.0000000000009 71.355079481682267 0 3.5750000000000006 4242.5000000000009 4086.0000000000005 -0.55657263146136127 0.071972700440407641 26.675000000000008 26.075000000000006 141.55000000000004 1 230.50000000000003 263.50000000000006 2 41.748681047693573 36.779199116519813 3851.0000000000005 35.500000000000007 27.775000000000002 78.650000000000006 21.475000000000005 0.82414901459271639 201.50000000000003 7377.5000000000009 22.275000000000002
decision_type=2 2 9 2 2 2 2 2 2 2 2 9 2 2 9 2 2 2 2 2 2 2 2 2 2 2
left_child=1 14 3 -3 5 17 -7 8 -6 -5 24 12 -12 -14 15 16 22 -4 -9 25 21 -16 -1 -13 -2 -17
right_child=10 2 4 9 7 6 -8 18 -10 -11 11 23 13 -15 20 19 -18 -19 -20 -21 -22 -23 -24 -25 -26 -27
leaf_value=0.018760129442116916 3.4757821724667886 -0.82374791409524706 -0.65673631767335894 0.051637996487612345 -0.26285555447633502 -1.1369831626759155 0.3012167039203073 0.00072074092004024818 0.08909170614796913 -0.06466181974922533 2.7746760749880326 1.9452453569916071 -0.53023235042976524 1.09867800950832 0.23265682414624592 0.10739494778595748 -0.55789649778017925 0.06461520243933902 0.6907183893519977 0.012599086350823364 0.062417911323844846 0.25015305450289416 -0.059262150591060277 3.1673920937007107 8.3849291373340371 0.083454716820793126
leaf_weight=33 1306 30 37 59 64 52 73 30 228 44 51 30 38 33 30 30 31 142 339 47 47 528 30 159 36 118
leaf_count=33 1306 30 37 59 64 52 73 30 228 44 51 30 38 33 30 30 31 142 339 47 47 528 30 159 36 118
internal_value=0.000274959 0.000143502 8.18928e-06 -0.000440972 8.45287e-05 -0.000157377 -0.000615079 0.000212236 0 0 0.000427146 0.000145833 -0.000142857 -0.000618056 0.000298324 4.83333e-05 -0.000242105 0.000108333 0.000390541 0.000242347 0.000393669 0.000427549 2.34375e-05 0.0003725 0.000484736 0.000362416
internal_weight=3645 1992 1098 133 965 304 125 661 292 103 1653 311 122 71 894 289 94 179 369 195 605 558 63 189 1342 148
internal_count=3645 1992 1098 133 965 304 125 661 292 103 1653 311 122 71 894 289 94 179 369 195 605 558 63 189 1342 148
cat_boundaries=0 1 2 3
cat_threshold=2049 141 837
is_linear=0
shrinkage=0.01


Tree=199
num_leaves=26
num_cat=1
split_feature=10 0 34 11 20 14 11 18 19 33 24 13 21 22 10 11 18 21 10 34 34 24 25 18 22
split_gain=0.671743 0.389535 0.484321 0.539024 0.334204 0.265984 0.196865 0.15982 0.189694 0.610791 0.187404 0.143726 0.23078 0.148628 0.126612 0.0875125 0.0712781 0.172007 0.0686138 0.0602801 0.044022 0.020305 0.0190249 0.0130269 0.00572436
threshold=4854.0000000000009 0 3.5050000000000003 124.15590865617885 27.38214285714286 -0.73282214301478099 72.510753227378018 0.59999999999999476 152.85000000000002 77.250000000000014 3962.5000000000005 5450.1282296898471 4750.5000000000009 4325.5000000000009 4529.2857142857147 51.175466853901987 27.899999999999999 5506.0000000000009 7241.357142857144 2.9750000000000005 2.7150000000000003 4360.5000000000009 7974.5000000000009 77.050000000000011 3900.5000000000005
decision_type=2 9 2 2 2 2 2 2 2 2 2 2 2 2 2 2 2 2 2 2 2 2 2 2 2
left_child=1 6 3 4 15 16 19 10 9 -9 -8 12 13 -4 -10 -3 -2 -18 -19 20 -1 -7 -23 24 -21
right_child=5 2 11 -5 -6 21 7 8 14 -11 -12 -13 -14 -15 -16 -17 17 18 -20 23 -22 22 -24 -25 -26
leaf_value=0.42552667527483823 2.3957308838414066 -0.068606371796513674 -0.0021494808329305145 -0.33208835286872701 -0.12062771931629217 2.0621750932694578 -0.26324388058456727 0.12177749909774686 0.59764790399893231 -0.29580221427418119 0.46316823012296143 1.3975865269317513 -0.34211711150108615 0.057472788268339355 -0.020284828134036405 0.1626752852170795 -0.25452603577706984 2.1173031260355475 -0.1133084019708699 0.0072012785080391431 -0.0043677452738165356 3.4422936331269747 11.755441089836951 0.17681561161569967 0.23014483237647895
leaf_weight=46 60 31 262 46 33 30 49 93 112 74 201 120 30 169 76 73 32 60 31 34 30 1409 31 30 483
leaf_count=46 60 31 262 46 33 30 49 93 112 74 201 120 30 169 76 73 32 60 31 34 30 1409 31 30 483
internal_value=0.000274959 0.000143502 -2.32258e-05 -0.000480978 -8.33333e-05 0.000427146 0.00025343 0.000103135 -7.02246e-06 -0.000276786 0.000298805 0.000103952 1.08226e-06 8.21759e-05 0.000179894 0.000114286 8.15219e-06 -6.85484e-05 5.97826e-05 0.000387019 0 0.000472468 0.000478834 0.000426095 0.00044112
internal_weight=3645 1992 764 183 137 1653 1228 605 355 167 250 581 461 431 188 104 183 123 91 623 76 1470 1440 547 517
internal_count=3645 1992 764 183 137 1653 1228 605 355 167 250 581 461 431 188 104 183 123 91 623 76 1470 1440 547 517
cat_boundaries=0 1
cat_threshold=682
is_linear=0
shrinkage=0.01


Tree=200
num_leaves=22
num_cat=3
split_feature=12 0 34 14 15 32 13 14 0 24 22 25 0 15 25 19 13 16 25 14 13
split_gain=0.964497 0.51906 0.454946 0.438055 0.409293 0.4196 0.584268 0.278136 0.319465 0.506396 0.447043 0.196538 0.147529 0.348299 0.142333 0.127889 0.0993954 0.0714366 0.0555302 0.0104165 0.00369808
threshold=4766.1000000000013 0 3.9250000000000003 -0.73282214301478099 -0.18493013702746822 29.550000000000001 5735.083477135463 0.78325454425165997 1 4075.5000000000005 4064.0000000000005 4612.0000000000009 2 -0.8901731938066898 4793.5000000000009 88.950000000000003 6062.1138164067606 -0.05695216311707673 3975.5000000000005 0.99552231814189451 5484.4423484848494
decision_type=2 9 2 2 2 2 2 2 9 2 2 2 9 2 2 2 2 2 2 2 2
left_child=1 2 -1 4 5 -2 -7 8 14 10 -10 -11 13 -5 18 -4 -6 -16 -3 -14 -15
right_child=3 7 15 12 16 6 -8 -9 9 11 -12 -13 19 20 17 -17 -18 -19 -20 -21 -22
leaf_value=-0.36236109433428715 1.5499332881774279 0.040041869116671347 0.14427904810040568 -0.91385630235980131 1.2720698079998622 0.87556047869698217 -0.23124121226073499 0.39979813784572743 -0.036130706593374841 -0.0048646954665570157 -1.2271469425509716 0.42806521611546211 3.1056706571619292 3.5294951524832414 0.31374633920791101 -0.04827269101439427 0.065330617815954201 -0.1223681518753942 0.13018644000498764 3.583521995081532 0.59637977453622482
leaf_weight=49 46 37 59 30 173 37 57 211 106 457 38 230 1439 99 43 38 54 30 380 35 30
leaf_count=49 46 37 59 30 173 37 57 211 106 457 38 230 1439 99 43 38 54 30 380 35 30
internal_value=0.000230769 4.70518e-05 -0.000490446 0.00037981 3.66848e-05 -0.00035461 -0.000768421 0.000107583 4.5764e-05 -6.47268e-05 -0.000606897 3.4157e-05 0.000450734 5.58824e-05 0.000249501 -1.53061e-05 0.000322368 -4.72973e-05 0.00033134 0.000482828 0.000342308
internal_weight=3678 1678 146 2000 367 140 94 1532 1321 831 144 687 1633 159 490 97 227 73 417 1474 129
internal_count=3678 1678 146 2000 367 140 94 1532 1321 831 144 687 1633 159 490 97 227 73 417 1474 129
cat_boundaries=0 1 2 3
cat_threshold=2064 578 2304
is_linear=0
shrinkage=0.01


Tree=201
num_leaves=21
num_cat=1
split_feature=10 0 14 7 14 31 11 30 11 17 7 22 7 10 15 22 14 11 10 20
split_gain=0.998052 0.435517 0.551005 0.373659 0.348791 0.32276 0.391925 0.287607 0.264739 0.261215 0.222243 0.110132 0.0519565 0.0506592 0.050684 0.0203358 0.0215463 0.0203357 0.0197768 0.0157812
threshold=4854.0000000000009 0 -0.99697703579879204 44.500000000000007 -0.73282214301478099 5.8500000000000005 113.35142778800883 24.125000000000004 99.296314967364893 0.56192200557241578 263.50000000000006 5897.5000000000009 27.500000000000004 4805.9285714285716 -0.98049353344232182 4612.0000000000009 0.99466373373798567 712.44212400090612 4115.0714285714294 23.003571428571433
decision_type=2 9 2 2 2 2 2 2 2 2 2 2 2 2 2 2 2 2 2 2
left_child=1 12 -3 7 10 9 -7 8 -4 -5 11 -2 19 14 -14 -6 17 -17 -16 -1
right_child=4 2 3 5 15 6 -8 -9 -10 -11 -12 -13 13 -15 18 16 -18 -19 -20 -21
leaf_value=0.085816216497286921 -0.1873767069605676 -0.411173764823066 0.010774032123550926 0.16305840540298058 2.0451769532801025 0.0042032439249002967 -0.37270638817671115 -0.49442350843517074 -1.303841898707466 -0.025200756102798257 1.4091132067598158 0.095304424808667659 0.41355698984945949 0.457915256082565 0.032107498554765808 3.3755447078392353 4.4054306199258102 6.5000315656228409 0.56952739588017565 -0.10675873902482642
leaf_weight=31 41 52 94 703 30 127 53 33 36 240 86 57 40 37 132 1389 30 31 405 31
leaf_count=31 41 52 94 703 30 127 53 33 36 240 86 57 40 37 132 1389 30 31 405 31
internal_value=0.000238924 8.28784e-05 -1.55671e-05 1.7871e-05 0.000421622 9.03025e-05 -0.000276243 -0.000417683 -0.000114504 0.000171081 0 -0.000313131 0.00028821 0.000320325 0.000343426 0.000472654 0.00047898 0.000485574 0.000368959 0
internal_weight=3678 2014 1338 1286 1664 1123 180 163 130 943 184 98 676 614 577 1480 1450 1420 537 62
internal_count=3678 2014 1338 1286 1664 1123 180 163 130 943 184 98 676 614 577 1480 1450 1420 537 62
cat_boundaries=0 1
cat_threshold=578
is_linear=0
shrinkage=0.01


Tree=202
num_leaves=20
num_cat=3
split_feature=10 0 16 12 10 24 22 13 19 0 17 0 25 10 15 11 17 25 25
split_gain=0.998052 0.435517 0.315399 0.790411 0.55503 0.325527 0.643332 0.247369 0.239567 0.409142 0.345771 0.183909 0.0492362 0.0483504 0.0478213 0.0217988 0.0113991 0.00773107 0.000909818
threshold=4854.0000000000009 0 -0.56457669118955289 4977.1000000000013 4278.9285714285725 4075.5000000000005 4050.5000000000005 5308.2117295857452 166.95000000000002 1 -0.06339081865169055 2 3951.0000000000005 4805.9285714285716 -0.98049353344232182 182.35346346828831 -0.97741745716939288 7377.5000000000009 5014.5000000000009
decision_type=2 9 2 2 2 2 2 2 2 9 2 9 2 2 2 2 2 2 2
left_child=1 12 4 5 7 6 -4 15 16 10 -10 -7 -1 14 -14 -3 -2 -18 -16
right_child=8 2 3 -5 -6 11 -8 -9 9 -11 -12 -13 13 -15 18 -17 17 -19 -20
leaf_value=0.032411849437600865 4.5613763167067827 -0.10238929498249463 -0.0328171792456994 -0.38412627491811324 1.2847019902291417 -0.052988011832144473 -0.90797914244408318 -0.013536886366293273 -0.23522975488292955 2.9630409141829936 1.9653024102343426 0.0094759145631314132 0.40942141995096509 0.45333610352173759 0.12867407450527441 0.10910678124242258 3.2812733104354321 11.060980184267136 0.46366547257764007
leaf_weight=34 34 80 125 47 288 107 30 32 56 173 49 598 40 37 534 31 1316 36 31
leaf_count=34 34 80 125 47 288 107 30 32 56 173 49 598 40 37 534 31 1316 36 31
internal_value=0.000238924 8.28784e-05 -1.55671e-05 -0.000128304 0.000197917 -4.64576e-05 -0.000464744 -0.000267361 0.000421622 0.000103943 -0.000323276 3.18697e-05 0.00028821 0.000312597 0.000334158 0 0.00047801 0.000484848 0.000357774
internal_weight=3678 2014 1338 907 431 860 155 143 1664 278 105 705 676 642 605 111 1386 1352 565
internal_count=3678 2014 1338 907 431 860 155 143 1664 278 105 705 676 642 605 111 1386 1352 565
cat_boundaries=0 1 2 3
cat_threshold=578 141 2176
is_linear=0
shrinkage=0.01


Tree=203
num_leaves=22
num_cat=2
split_feature=10 0 20 20 14 0 25 20 14 16 32 18 11 29 25 15 32 10 24 14 25
split_gain=1.02949 0.3654 0.933763 0.396665 0.348791 0.269552 0.41378 0.513803 0.239716 0.222243 0.271391 0.44811 0.121211 0.095935 0.0649486 0.0553056 0.0969709 0.0264624 0.0203358 0.0190484 0.0203342
threshold=4854.0000000000009 0 29.317857142857147 28.01071428571429 -0.73282214301478099 1 4561.0000000000009 27.110714285714288 -0.95754239937548935 0.35845153958890236 32.050000000000004 73.550000000000026 141.85294605378144 28.075000000000006 4000.5000000000005 0.50370931781787065 0.60000000000000109 4273.5714285714303 4360.5000000000009 0.99466373373798567 7760.0000000000009
decision_type=2 9 2 2 2 9 2 2 2 2 2 2 2 2 2 2 2 2 2 2 2
left_child=1 2 12 5 9 13 7 -7 -8 -2 -11 -12 15 14 -3 -1 -17 -5 -6 20 -20
right_child=4 3 -4 17 18 6 8 -9 -10 10 11 -13 -14 -15 -16 16 -18 -19 19 -21 -22
leaf_value=1.1782260230952077 1.3893786935429235 0.0079091706147462453 -0.71744893897597639 0.33472290439408303 1.9919124506429453 -0.0082101742540869865 -0.078294825052617645 -0.42230639419638716 0.4290030090246198 1.7361488837548626 -0.69948375986456501 1.9997919906478954 -0.044599661253605351 -0.17655042437749735 0.12986694008825389 0.29787127654236389 -0.38040603220329272 0.90476283220449261 3.2703208574801477 4.3657625513045426 11.18791215949598
leaf_weight=66 86 52 34 61 30 408 79 79 315 34 34 30 40 31 462 40 30 317 1388 31 31
leaf_count=66 86 52 34 61 30 408 79 79 315 34 34 30 40 31 462 40 30 317 1388 31 31
internal_value=0.000236206 7.79156e-05 -0.000294118 0.000127824 0.000421622 4.41486e-05 -5.54933e-05 -0.000259221 0.00016962 0 -0.000313131 -0.000738462 0 0.000220324 0.000266019 0.000131387 0 0.000419525 0.000472654 0.00047898 0.000485563
internal_weight=3678 2014 210 1804 1664 1426 881 487 394 184 98 64 176 545 514 136 70 378 1480 1450 1419
internal_count=3678 2014 210 1804 1664 1426 881 487 394 184 98 64 176 545 514 136 70 378 1480 1450 1419
cat_boundaries=0 1 2
cat_threshold=2304 578
is_linear=0
shrinkage=0.01


Tree=204
num_leaves=19
num_cat=3
split_feature=10 24 16 0 10 19 0 17 20 0 25 34 20 13 23 17 23 25
split_gain=0.967067 0.316888 1.07415 0.307736 0.39203 0.239567 0.409142 0.345771 0.23416 0.272233 0.286047 0.142408 0.113029 0.0145475 0.0153513 0.0113991 0.0107504 0.00773107
threshold=4854.0000000000009 5140.5000000000009 -0.37447172655954952 0 4283.2142857142871 166.95000000000002 1 -0.06339081865169055 28.01071428571429 2 4650.5000000000009 3.8350000000000004 27.132142857142863 5245.2068525218137 4866.0000000000009 -0.97741745716939288 4275.5000000000009 7377.5000000000009
decision_type=2 2 2 9 2 2 9 2 2 9 2 2 2 2 2 2 2 2
left_child=1 3 -3 4 -1 15 7 -7 9 12 -11 -6 -5 16 -15 -2 -10 -17
right_child=5 2 -4 8 11 6 -8 -9 13 10 -12 -13 -14 14 -16 17 -18 -19
leaf_value=-0.81043703153816526 4.472104928026674 3.3767127749507093 -0.30393653656821867 0.093077022905112883 -0.27528288251220906 -0.23263080800561617 2.9195167181057338 1.9129461775571945 0.42405225693533832 -0.029386563067745161 0.16055754288107627 0.45198776195888984 0.0089038348269644008 0.88159150715202617 2.505864377995247 3.215757368756273 -0.006741444758034597 10.858285237019871
leaf_weight=53 34 47 32 659 31 56 173 49 32 438 195 65 124 278 30 1316 30 36
leaf_count=53 34 47 32 659 31 56 173 49 32 438 195 65 124 278 30 1316 30 36
internal_value=0.000241642 8.78412e-05 -0.00050625 0.00011751 -0.000284375 0.000421622 0.000103943 -0.000323276 0.000157485 9.03317e-05 -5.20186e-05 0 0.000215995 0.000390836 0.000433657 0.00047801 1.5873e-05 0.000484848
internal_weight=3678 2014 79 1935 149 1664 278 105 1786 1416 633 96 783 370 308 1386 62 1352
internal_count=3678 2014 79 1935 149 1664 278 105 1786 1416 633 96 783 370 308 1386 62 1352
cat_boundaries=0 1 2 3
cat_threshold=2052 141 835
is_linear=0
shrinkage=0.01


Tree=205
num_leaves=22
num_cat=0
split_feature=10 13 22 34 14 13 14 34 11 10 21 17 7 32 32 16 11 16 23 23 14
split_gain=1.15458 0.315306 0.407408 0.76058 0.315192 0.348779 0.281404 0.255561 0.469973 0.370843 0.388546 0.282608 0.168518 0.225186 0.390931 0.0890341 0.302037 0.0764739 0.0261264 0.0203632 0.00158377
threshold=4854.0000000000009 5513.090414166446 4701.0000000000009 5.1950000000000012 -0.95754239937548935 5853.357985162047 -0.75579217237767959 2.7950000000000004 93.549068838985718 4168.2142857142871 4199.0000000000009 0.28931730210571233 263.50000000000006 32.050000000000004 70.600000000000009 -0.31901381043993143 73.192505471172808 0.76558307451930629 4712.5000000000009 4525.5000000000009 0.99274428880883148
decision_type=2 2 2 2 2 2 2 2 2 2 2 2 2 2 2 2 2 2 2 2 2
left_child=1 2 7 15 5 -3 12 8 -1 10 -9 -11 13 -2 -15 -4 -17 -6 -19 -8 -21
right_child=6 4 3 -5 17 -7 19 9 -10 11 -12 -13 -14 14 -16 16 -18 18 -20 20 -22
leaf_value=0.007700411892065228 1.7186323144876385 0.055645877933250126 1.0769722217883619 -0.31261665558288237 1.5228149625468832 -0.22410969389073493 2.2544162871992453 0.00085911171702228505 -0.67717854225360896 0.27444668149404022 -0.21469395721275489 0.00034923463252553507 1.5703885649173381 -0.18491774832278574 0.60266832409179227 0.46110540492173568 -0.27077467024736301 -0.088456014428494031 2.3797103089025522 3.2441157453941196 4.6273838817266366
leaf_weight=52 35 55 57 34 342 31 30 458 30 461 58 271 82 30 30 31 41 35 40 1421 38
leaf_count=52 35 55 57 34 342 31 30 458 30 461 58 271 82 30 30 31 41 35 40 1421 38
internal_value=0.000232323 6.40962e-05 -2.34269e-06 -0.000478659 0.000280754 -0.000195402 0.000427714 4.88355e-05 -0.000469879 9.1273e-05 -0.00010058 0.000240109 0 -0.000234375 -0.000655738 -4.23077e-05 -0.000328767 0.00040311 0 0.000472819 0.00047911
internal_weight=3662 1996 1493 163 503 86 1666 1330 82 1248 516 732 177 95 60 129 72 417 75 1489 1459
internal_count=3662 1996 1493 163 503 86 1666 1330 82 1248 516 732 177 95 60 129 72 417 75 1489 1459
is_linear=0
shrinkage=0.01


Tree=206
num_leaves=28
num_cat=1
split_feature=13 14 7 18 0 33 19 19 23 18 28 14 23 34 11 5 19 23 15 14 7 14 16 18 11 14 7
split_gain=0.892173 0.477331 0.474657 0.493896 0.434745 0.423859 0.419432 0.772898 0.98752 0.633315 0.230967 0.155612 0.19923 0.275495 0.16356 0.143755 0.223247 0.114465 0.112182 0.117135 0.088067 0.075904 0.0703943 0.185527 0.0264288 0.0166391 0.0097722
threshold=5513.090414166446 -0.75579217237767959 263.50000000000006 27.500000000000007 0 186.75000000000003 59.40000000000002 130.45000000000005 4199.0000000000009 4.0999999999999899 22.875000000000004 -0.98664820696349753 4086.0000000000005 4.745000000000001 74.801324154285666 3.5000000000000004 8.4000000000000092 4399.5000000000009 -0.9955251950901236 -0.77786766366919291 330.50000000000006 -0.99866806308218525 0.71503381463111937 28.550000000000004 154.78862513483213 0.99552231814189451 33.500000000000007
decision_type=2 2 2 2 9 2 2 2 2 2 2 2 2 2 2 2 2 2 2 2 2 2 2 2 2 2 2
left_child=4 2 3 -2 11 -5 10 8 -8 -10 -6 -1 13 20 -15 26 -17 -3 -14 -20 -13 -4 23 -9 -7 -19 -12
right_child=1 17 21 5 6 24 7 22 9 -11 15 12 18 14 -16 16 -18 25 19 -21 -22 -23 -24 -25 -26 -27 -28
leaf_value=-0.056960324022074335 1.8952372127029893 0.069046340653288851 -0.16443971682774997 0.62511360723065601 -0.01557686576275609 -0.24644424035102633 0.033633104474200336 0.032564451731489127 -0.018939220801949954 -0.99112414773970803 0.011764715642251367 0.053740103690851429 -0.029375157545478162 0.0084693375577088465 -0.92267855934963461 -1.4279726045708347 0.36459583460116807 2.3511967534716276 0.097230871407883127 0.46415875318857991 -0.0047404171710509323 1.5482324771999161 0.73741677288951435 -0.009330403989305798 -0.14294670846450316 3.6324459363482466 0.21191154357105732
leaf_weight=52 51 30 31 31 52 36 49 58 36 71 30 89 34 33 30 31 46 1457 162 656 63 217 62 32 32 32 159
leaf_count=52 51 30 31 31 52 36 49 58 36 71 30 89 34 33 30 31 46 1457 162 656 63 217 62 32 32 32 159
internal_value=0.000235053 0.000385037 4.76191e-05 -0.000364238 6.4433e-05 -0.000805 -0.000136578 -0.000407767 -0.000904459 -0.00144907 9.09091e-05 0.000185398 0.000218633 -1.15741e-05 -0.000601562 0.000235955 -1.92308e-05 0.000466776 0.000288394 0.000316239 0.000169935 0.000337349 3.92157e-05 -5.4945e-05 -0.00124638 0.00047953 0.000392105
internal_weight=3662 1917 398 150 1745 99 626 308 156 107 318 1119 1067 215 63 266 77 1519 852 818 152 248 152 90 68 1489 189
internal_count=3662 1917 398 150 1745 99 626 308 156 107 318 1119 1067 215 63 266 77 1519 852 818 152 248 152 90 68 1489 189
cat_boundaries=0 1
cat_threshold=331
is_linear=0
shrinkage=0.01


Tree=207
num_leaves=21
num_cat=1
split_feature=10 14 13 10 0 11 18 14 13 11 13 25 25 12 32 18 31 23 18 14
split_gain=1.08295 0.366347 0.283809 0.411622 0.354311 0.519711 0.38329 0.321355 0.34166 0.215592 0.279056 0.183244 0.110741 0.0860243 0.0838776 0.0806452 0.0721429 0.0203632 0.0175176 0.00158377
threshold=4854.0000000000009 -0.75579217237767959 5517.1582233021591 4799.9285714285725 0 74.267374101274854 3.9999999999999973 -0.95754239937548935 5853.357985162047 53.607687918777295 5261.066369501912 6751.5000000000009 4612.0000000000009 5740.2833333333338 60.800000000000011 27.899999999999999 5.1500000000000012 4525.5000000000009 1.999999999999986 0.99274428880883148
decision_type=2 2 2 2 9 2 2 2 2 2 2 2 2 2 2 2 2 2 2 2
left_child=2 11 3 4 9 14 -7 8 -4 10 -1 13 18 15 -6 -2 -11 -3 -9 -19
right_child=1 17 7 -5 5 6 -8 12 -10 16 -12 -13 -14 -15 -16 -17 -18 19 -20 -21
leaf_value=-0.0057948740276586022 1.7092020190710988 2.2352345924360333 0.5972003701917411 -0.28183555864605225 0.13333993439294664 -0.0076862648443065196 -0.29608446362318391 0.73533119526344692 -0.21981417714760448 0.098325275909046009 0.5986596920055639 -0.11102698822796857 1.5539369184253153 1.2230046157176366 -0.0086488437501972184 -0.14679607983482418 0.19638768434672113 3.1881626204054645 -0.13970973382806126 4.544785583545881
leaf_weight=161 30 30 53 50 231 262 160 31 31 428 118 34 349 83 34 30 58 1421 30 38
leaf_count=161 30 30 53 50 231 262 160 31 31 428 118 34 349 83 34 30 58 1421 30 38
internal_value=0.000232323 0.000421716 6.91037e-05 0 3.16586e-05 -0.000123925 -0.000352246 0.000276768 -0.000211765 0.000183634 -1.7857e-06 0 0.00040146 0.000149306 0.000197368 0 0.000314168 0.000472819 0 0.00047911
internal_weight=3662 1666 1996 1502 1452 687 422 494 84 765 279 177 410 143 265 60 486 1489 61 1459
internal_count=3662 1666 1996 1502 1452 687 422 494 84 765 279 177 410 143 265 60 486 1489 61 1459
cat_boundaries=0 1
cat_threshold=835
is_linear=0
shrinkage=0.01


Tree=208
num_leaves=21
num_cat=1
split_feature=12 14 14 32 16 28 21 16 33 13 33 29 0 17 14 14 14 11 14 28
split_gain=0.916263 0.401683 0.301317 0.271861 0.320702 0.383957 0.257474 0.646483 0.249012 0.244751 0.394408 0.318867 0.144078 0.0862542 0.0651875 0.0346223 0.0179412 0.0115868 0.00900278 0.00721514
threshold=4766.1000000000013 -0.75579217237767959 0.79383249484937135 29.550000000000001 0.35845153958890236 26.875000000000004 4794.5000000000009 -0.50649299882381349 199.45000000000002 5265.502740787344 79.15000000000002 26.275000000000002 0 0.62252290335232308 -0.05695216311707673 -0.98214942551678475 0.99552231814189451 191.48542155128686 -0.47558551945199218 27.375000000000004
decision_type=2 2 2 2 2 2 2 2 2 2 2 2 9 2 2 2 2 2 2 2
left_child=2 3 6 19 15 -6 8 -8 9 11 -11 -1 13 -3 -15 -5 -14 -4 -10 -2
right_child=1 12 17 4 5 -7 7 -9 18 10 -12 -13 16 14 -16 -17 -18 -19 -20 -21
leaf_value=0.0019016074808136374 1.2828403760523737 1.7301797071076872 0.35131344740522386 0.069464748404664808 -0.22677022788989531 2.3342182957652944 1.1449780543512855 -0.54062024804477316 0.40500728272535369 0.27761361984859784 -0.010787726863735326 -0.1426138385917089 3.0076982865014692 1.229574328489887 -0.11219966725046147 2.0820528857919065 3.5641324394515563 0.68873080280477184 0.60433246004769159 1.6627030975434003
leaf_weight=371 129 71 187 53 53 34 43 32 149 346 207 261 1461 45 45 53 32 30 30 30
leaf_count=371 129 71 187 53 53 34 43 32 149 346 207 261 1461 45 45 53 32 30 30 30
internal_value=0.000240513 0.000385152 5.9143e-05 4.53258e-05 -0.00017268 -0.000642045 0 -0.000559211 3.80953e-05 -6.32376e-06 0.000138087 -0.000148499 0.00045136 6.10465e-05 -5.4945e-05 0.000121495 0.000483045 0.000405963 0.000386111 0.000371875
internal_weight=3662 2006 1656 352 193 87 1439 75 1364 1185 553 632 1654 161 90 106 1493 217 179 159
internal_count=3662 2006 1656 352 193 87 1439 75 1364 1185 553 632 1654 161 90 106 1493 217 179 159
cat_boundaries=0 1
cat_threshold=2304
is_linear=0
shrinkage=0.01


Tree=209
num_leaves=27
num_cat=4
split_feature=12 0 14 23 32 15 28 27 13 24 14 34 22 33 0 0 15 0 14 24 26 19 14 14 28 14
split_gain=1.1059 0.410991 0.401683 0.387735 0.271861 0.320702 0.383957 0.194078 0.396158 0.586705 0.17366 0.230427 0.580716 0.556924 0.158549 0.144078 0.144146 0.142797 0.280866 0.104995 0.0901664 0.0644673 0.0346223 0.0179412 0.00721514 0.00298526
threshold=4766.1000000000013 0 -0.75579217237767959 4686.0000000000009 29.550000000000001 -0.18493013702746822 26.875000000000004 1.0000000180025095e-35 4600.5500740466505 4360.5000000000009 0.79383249484937135 4.745000000000001 3947.5000000000005 70.350000000000009 1 2 -0.90531874877253482 3 0.40614137006726808 4310.5000000000009 22.525000000000002 93.350000000000037 -0.98214942551678475 0.99552231814189451 27.375000000000004 -0.43733984355855576
decision_type=2 9 2 2 2 2 2 2 2 2 2 2 2 2 9 9 2 9 2 2 2 2 2 2 2 2
left_child=1 10 4 7 24 6 -6 17 -9 -10 11 14 -13 -14 19 16 -4 25 -19 -1 -16 -18 -7 -17 -2 -3
right_child=2 3 15 -5 5 22 -8 8 9 -11 -12 12 13 -15 20 23 21 18 -20 -21 -22 -23 -24 -25 -26 -27
leaf_value=-0.0071972300342234771 1.270011972291851 0.8647575493660502 -0.1608806684571 -0.070572832915970121 -0.22450252561099959 0.068770100920622371 2.3108761128076454 0.17180786472548001 -0.78580095959737295 0.023271705835371082 0.41962084874443711 -0.94611484613767116 0.29392886913394117 -0.24722939030946772 0.0030830132525771561 2.9776213036364574 2.1920338595801123 0.037930952923664114 -1.1373143856005268 0.30197852203981612 0.11323634028883911 0.16931656029633133 2.0612323569339854 3.5284911150570371 1.6460760665679675 0.21383435802298223
leaf_weight=83 129 30 32 51 53 53 34 48 65 63 173 30 163 61 97 1461 99 80 46 123 449 30 53 32 30 94
leaf_count=83 129 30 32 51 53 53 34 48 65 63 173 30 163 61 97 1461 99 80 46 123 449 30 53 32 30 94
internal_value=0.000226863 2.8968e-05 0.000385152 -0.000207992 4.53258e-05 -0.00017268 -0.000642045 -8.6651e-05 -0.000350282 -0.000666667 0.000134034 7.24926e-05 -0.000168627 0 0.000167331 0.00045136 6.10465e-05 5.9761e-05 -0.000124088 -3.22581e-05 0.000256733 0.000265385 0.000121495 0.000483045 0.000371875 0.000311111
internal_weight=3662 1656 2006 477 352 193 87 426 176 128 1179 1006 254 224 752 1654 161 250 126 206 546 129 106 1493 159 124
internal_count=3662 1656 2006 477 352 193 87 426 176 128 1179 1006 254 224 752 1654 161 250 126 206 546 129 106 1493 159 124
cat_boundaries=0 1 2 3 4
cat_threshold=363 33 2304 144
is_linear=0
shrinkage=0.01


Tree=210
num_leaves=25
num_cat=2
split_feature=10 11 16 24 13 34 14 20 30 11 14 0 14 0 11 11 29 32 24 24 22 11 13 20
split_gain=0.83259 0.331929 0.290455 0.877746 0.545741 0.48672 0.845452 0.259748 0.495968 0.286069 0.257617 0.173192 0.170405 0.14333 0.126895 0.378979 0.125987 0.0752847 0.187129 0.0656779 0.0204405 0.0166302 0.0159137 0.000576703
threshold=4854.0000000000009 71.355079481682267 -0.14250758662009075 4950.5000000000009 5346.1803277515401 4.745000000000001 0.78857998149907527 26.746428571428577 27.775000000000002 101.11450367979177 -0.79384350655589164 0 -0.98370366633421236 1 53.607687918777295 48.682154773649295 27.975000000000005 32.050000000000004 6433.5000000000009 4013.0000000000005 4577.5000000000009 712.44212400090612 6013.0699031319027 24.175000000000001
decision_type=2 2 2 2 2 2 2 2 2 2 2 9 2 9 2 2 2 2 2 2 2 2 2 2
left_child=1 11 4 5 7 13 -7 9 -9 -3 17 14 -13 -4 15 16 -1 -2 -19 -14 -12 -22 -6 -16
right_child=10 2 3 -5 22 6 -8 8 -10 -11 20 12 19 -15 23 -17 -18 18 -20 -21 21 -23 -24 -25
leaf_value=0.11902100180567086 1.6082580421216981 -0.033907957069997191 -0.0069260170844879926 -0.31989755266548731 1.2901954671411822 -0.88551407961823436 0.42608753169349844 -0.77541546269449935 0.56189526097472764 0.14091185514823115 1.5180297528069171 -0.035813030750183036 0.0073879569163912981 0.064922017403645824 0.12861224815604022 -0.14469582397734612 -0.18252629684876737 -0.16337466056147773 0.25552593217505953 0.4729203358724996 3.0964277983000286 2.4035483669757665 0.56012361915693576 0.18690014044826675
leaf_weight=105 57 82 101 44 298 72 48 70 35 112 30 30 43 223 30 40 37 42 53 532 1453 32 30 79
leaf_count=105 57 82 101 44 298 72 48 70 35 112 30 30 43 223 30 40 37 42 53 532 1453 32 30 79
internal_value=0.000266105 0.000122018 0 -0.000175869 0.000148885 -1.79775e-05 -0.000578512 -0.000135 -0.000542453 3.58974e-05 0.000433753 0.000265329 0.000361201 0.00016 1.82119e-05 -0.000103825 7.69231e-05 0 -0.000130208 0.000412326 0.000473285 0.000479475 0.00043769 0.000313636
internal_weight=3678 2011 1115 488 627 444 120 299 105 194 1667 896 605 324 291 182 142 152 95 575 1515 1485 328 109
internal_count=3678 2011 1115 488 627 444 120 299 105 194 1667 896 605 324 291 182 142 152 95 575 1515 1485 328 109
cat_boundaries=0 1 2
cat_threshold=852 2117
is_linear=0
shrinkage=0.01


Tree=211
num_leaves=25
num_cat=3
split_feature=10 11 14 13 15 0 29 27 0 7 15 31 0 14 11 11 29 25 21 24 22 11 7 7
split_gain=0.83259 0.280482 0.257617 0.248779 0.578786 0.315437 0.348632 0.267152 0.325273 0.654317 0.26176 0.158906 0.154526 0.239888 0.126895 0.378979 0.125987 0.108434 0.0875582 0.0652749 0.0204405 0.0166302 0.0107888 0.000576703
threshold=4854.0000000000009 71.355079481682267 -0.79384350655589164 5353.996859352791 -0.73865259438682551 0 27.175000000000008 0.45000000000000007 1 278.50000000000006 0.95436825032516992 3.6500000000000008 2 -0.95500086777008153 53.607687918777295 48.682154773649295 27.975000000000005 6788.0000000000009 5506.0000000000009 4013.0000000000005 4577.5000000000009 712.44212400090612 21.500000000000004 65.500000000000014
decision_type=2 2 2 2 2 9 2 2 9 2 2 2 9 2 2 2 2 2 2 2 2 2 2 2
left_child=1 12 17 4 -3 10 -7 11 9 -9 -6 -5 14 -14 15 16 -1 18 -2 -15 -4 -22 -21 -16
right_child=2 3 20 7 5 6 -8 8 -10 -11 -12 -13 13 19 23 -17 -18 -19 -20 22 21 -23 -24 -25
leaf_value=0.11783079178761309 -0.11592369477060328 -1.2248183908788275 1.5028494552788489 0.75740077855555032 0.14693886986458773 -0.31528023445498116 0.19605846367863822 -0.28674653294143804 0.99700408158915699 1.0544314851984566 -0.034846259944029102 -0.022171395422505756 -0.0099249123167959395 0.0073140773472281165 0.073974532577780111 -0.14324886573757467 -0.18070103388028075 -0.13065175869399284 1.0574483571170152 0.33260239713035633 3.0654635203170257 2.3795128833060075 0.52258834489215344 0.36145228257747491
leaf_weight=105 37 38 30 270 203 259 63 56 104 55 30 37 39 43 30 40 37 30 85 32 1453 32 491 79
leaf_count=105 37 38 30 270 203 259 63 56 104 55 30 37 39 43 30 40 37 30 85 32 1453 32 491 79
internal_value=0.000266105 0.000122018 0.000433753 6.72044e-06 -0.000123737 -2.2482e-05 -0.000237237 0.000173996 -5.78704e-05 -0.000446721 0.000231557 0.000368507 0.000254181 0.000344968 1.82119e-05 -0.000103825 7.69231e-05 0 0.000170732 0.000410935 0.000473285 0.000479475 0.000441794 0.000313636
internal_weight=3678 2011 1667 1115 593 555 322 522 215 111 233 307 896 605 291 182 142 152 122 566 1515 1485 523 109
internal_count=3678 2011 1667 1115 593 555 322 522 215 111 233 307 896 605 291 182 142 152 122 566 1515 1485 523 109
cat_boundaries=0 1 2 3
cat_threshold=852 2201 852
is_linear=0
shrinkage=0.01


Tree=212
num_leaves=20
num_cat=2
split_feature=10 26 29 7 12 13 26 19 0 25 0 16 26 10 21 25 23 11 12
split_gain=0.827887 0.278113 0.543052 0.845377 0.235016 0.212663 0.244867 0.197529 0.317628 0.32703 0.190151 0.360355 0.21939 0.0957485 0.0336598 0.0227239 0.016129 0.0156127 0.0112346
threshold=4854.0000000000009 28.875000000000004 29.075000000000006 132.50000000000003 4114.666666666667 5148.6823406072845 25.325000000000006 141.55000000000004 0 6377.5000000000009 1 -0.55657263146136127 27.725000000000005 4278.9285714285725 5687.5000000000009 7505.0000000000009 4251.0000000000009 133.19900803608036 5645.5000000000009
decision_type=2 2 2 2 2 2 2 2 9 2 9 2 2 2 2 2 2 2 2
left_child=1 2 4 -4 5 6 -1 15 18 14 11 -6 -12 16 -10 -2 -3 -15 -9
right_child=7 13 3 -5 10 -7 -8 8 9 -11 12 -13 -14 17 -16 -17 -18 -19 -20
leaf_value=-0.0060556030106181805 3.0325976048887737 0.77435417768480108 0.52511241470043424 -0.35333610273638111 0.37223095354845853 -1.0584150202347911 0.049285863635854077 0.60196082404233631 -0.14743113268944724 -0.96530423828273315 0.15033095529285295 -0.027383949658411524 -0.031765753204059374 0.76365193766414041 2.4630224820078981 11.096471777854065 -0.09243462710609357 1.2069740028233351 2.4112787686158703
leaf_weight=191 1320 30 35 46 107 37 93 30 33 30 836 198 91 287 43 30 30 30 181
leaf_count=191 1320 30 35 46 107 37 93 30 33 30 836 198 91 287 43 30 30 30 181
internal_value=0.000260669 0.000117048 5.3211e-05 -0.00072561 0.000100708 -0.000122671 0 0.000427758 0.000152516 -0.000230769 0.000167072 -2.37342e-05 0.000238273 0.000366402 0 0.000484826 0 0.000435535 0.000385135
internal_weight=3678 2011 1634 81 1553 321 284 1667 317 106 1232 305 927 377 76 1350 60 317 211
internal_count=3678 2011 1634 81 1553 321 284 1667 317 106 1232 305 927 377 76 1350 60 317 211
cat_boundaries=0 1 2
cat_threshold=314 2193
is_linear=0
shrinkage=0.01


Tree=213
num_leaves=22
num_cat=2
split_feature=10 26 29 7 0 25 15 15 10 19 0 32 32 26 17 16 25 34 23 11 24
split_gain=0.891125 0.290995 0.533585 0.845377 0.2842 0.266739 0.567002 0.403763 0.0957485 0.0887377 0.155938 0.162695 0.21549 0.0783588 0.155701 0.0708352 0.0212957 0.0226727 0.016129 0.0156127 0.0105394
threshold=4854.0000000000009 28.875000000000004 29.075000000000006 132.50000000000003 0 4388.5000000000009 0.16587474750015932 0.037621334799590643 4278.9285714285725 141.55000000000004 1 67.050000000000026 32.050000000000004 27.275000000000002 0.41203268437863022 0.40614137006726808 7505.0000000000009 9.3600000000000012 4251.0000000000009 133.19900803608036 4997.5000000000009
decision_type=2 2 2 2 9 2 2 2 2 2 9 2 2 2 2 2 2 2 2 2 2
left_child=1 2 4 -4 13 7 -7 -6 18 16 11 12 -11 14 -1 -15 17 -2 -3 -10 -12
right_child=9 8 3 -5 5 6 -8 -9 19 10 20 -13 -14 15 -16 -17 -18 -19 -20 -21 -22
leaf_value=0.2213789547110678 3.0044829090649636 0.76661063590795187 0.51986129055342678 -0.3498027417090146 0.061888753747024038 -0.047529311637829308 0.18889358444337059 -0.45400352143794698 0.7560154182874993 1.1975770098692902 1.7477823654554201 1.38404277319835 -0.16825196513017282 -0.0039656400986483121 0.0056717399397024151 0.45331731463732833 10.985507060075522 1.8325381340975753 -0.091510280835030711 1.1949042627950981 2.4465314255861137
leaf_weight=339 1290 30 35 46 106 148 372 246 287 32 30 52 33 74 216 52 30 30 30 30 170
leaf_count=339 1290 30 35 46 106 148 372 246 287 32 30 52 33 74 216 52 30 30 30 30 170
internal_value=0.000260669 0.000112078 4.70948e-05 -0.00072561 9.42729e-05 -1.5855e-05 0.000115163 -0.00023796 0.000366402 0.000433753 0.000215409 -1.17187e-05 -0.000416667 0.000246387 0.000301259 0 0.000477424 0.000484481 0 0.000435535 0.000379147
internal_weight=3678 2011 1634 81 1553 872 520 352 377 1667 317 117 65 681 555 126 1350 1320 60 317 200
internal_count=3678 2011 1634 81 1553 872 520 352 377 1667 317 117 65 681 555 126 1350 1320 60 317 200
cat_boundaries=0 1 2
cat_threshold=834 141
is_linear=0
shrinkage=0.01


Tree=214
num_leaves=21
num_cat=3
split_feature=12 14 14 0 15 13 34 20 0 25 7 0 11 20 13 28 25 21 12 19
split_gain=0.720858 0.326373 0.316787 0.307134 0.812796 0.306369 0.232843 0.676351 1.18055 0.927689 0.158885 0.158401 0.196 0.186158 0.508564 0.323781 0.159874 0.102896 0.0542131 0.0349338
threshold=4762.7166666666681 -0.94705910369513524 0.78857998149907527 0 -0.89787881968372518 5860.8960540738044 4.7350000000000012 29.903571428571436 1 4561.0000000000009 273.50000000000006 2 93.549068838985718 27.060714285714287 5426.5379704301085 22.625000000000004 4548.0000000000009 7505.0000000000009 4538.0833333333348 106.45000000000002
decision_type=2 2 2 9 2 2 2 2 9 2 2 9 2 2 2 2 2 2 2 2
left_child=2 5 6 4 -3 -2 11 8 18 -10 -7 12 16 15 -15 -13 -1 -5 -8 -6
right_child=1 3 -4 17 19 10 7 -9 9 -11 -12 13 -14 14 -16 -17 -18 -19 -20 -21
leaf_value=0.052216427734390988 0.7851013329488834 -0.88396324364681944 0.30654136949585759 2.5980157143614999 2.1901910658125194 -0.24329709555188941 0.13093281118386527 0.7018669533177615 -1.1786323447654834 -0.0055535872353593288 0.026832568302614494 -0.018777274827951242 0.35778918640688118 -0.45033287218966822 0.35542044500793979 0.036867139543718501 -0.0024051582012775716 1.0505320057409595 0.17150280669962326 0.29704151815199764
leaf_weight=314 102 30 219 1630 115 31 79 135 66 62 34 89 233 57 41 239 90 35 30 47
leaf_count=314 102 30 219 1630 115 31 79 135 66 62 34 89 233 57 41 239 90 35 30 47
internal_value=0.000257951 0.000386173 9.48641e-05 0.000424381 0 0 3.3078e-05 -0.000171582 -0.000510504 -0.0011223 -0.000568182 0.000114192 0.000213735 -1.60183e-05 -0.000414141 7.29483e-05 5.4321e-05 0.000466885 0.000204167 0.000312883
internal_weight=3678 2024 1654 1857 192 167 1435 372 237 128 65 1063 637 426 98 328 404 1665 109 162
internal_count=3678 2024 1654 1857 192 167 1435 372 237 128 65 1063 637 426 98 328 404 1665 109 162
cat_boundaries=0 1 2 3
cat_threshold=2304 787 842
is_linear=0
shrinkage=0.01


Tree=215
num_leaves=21
num_cat=0
split_feature=10 24 16 14 19 15 13 29 18 25 5 25 29 26 29 34 22 25 34 14
split_gain=0.79911 0.503617 1.51245 0.305693 0.284822 0.589708 0.30399 0.240324 0.329533 0.219849 0.201883 0.506455 0.180529 0.136528 0.119472 0.108348 0.017947 0.019042 0.0152163 0.00395839
threshold=4846.5000000000009 5140.5000000000009 -0.34235511113144612 -0.73282214301478099 62.400000000000006 0.93158198870884079 5274.3185056840284 27.675000000000004 15.050000000000002 6751.5000000000009 3.5000000000000004 4350.5000000000009 26.575000000000006 22.125000000000004 22.725000000000005 4.3450000000000006 4601.0000000000009 7974.5000000000009 9.3600000000000012 0.99274428880883148
decision_type=2 2 2 2 2 2 2 2 2 2 2 2 2 2 2 2 2 2 2 2
left_child=1 4 -3 9 6 7 10 12 -9 15 14 -12 -6 -8 -1 -2 -5 18 19 -18
right_child=3 2 -4 16 5 -7 13 8 -10 -11 11 -13 -14 -15 -16 -17 17 -19 -20 -21
leaf_value=-0.0035420200165628378 1.1948692690192448 2.9817024684471538 -0.31488420417020846 1.3134605243919963 0.0032818645288374372 -0.76522731213436967 -0.0005711603942518906 -0.06145121541859043 0.052783241925316471 -0.11763876588431753 0.047545494727430575 -0.67339364735815965 0.28100387404549848 0.56654972519211888 0.061587954069419054 -0.032264739977769075 2.9484579228307028 7.715292421323138 1.9122395903240668 3.4906670524010401
leaf_weight=75 103 47 30 30 378 33 54 47 91 33 101 51 330 478 235 58 1370 30 32 37
leaf_count=75 103 47 30 30 378 33 54 47 91 33 101 51 330 478 235 58 1370 30 32 37
internal_value=0.000250137 0.000105074 -0.000660256 0.000411157 0.000142209 0 0.000258291 6.25738e-05 -0.000294964 0 4.53564e-05 -0.000222222 0.000146685 0.000424015 0.000209003 0.000188272 0.000459667 0.000465646 0.000471875 0.000478338
internal_weight=3643 1950 77 1693 1873 879 994 846 138 194 462 152 708 532 310 161 1499 1469 1439 1407
internal_count=3643 1950 77 1693 1873 879 994 846 138 194 462 152 708 532 310 161 1499 1469 1439 1407
is_linear=0
shrinkage=0.01


Tree=216
num_leaves=22
num_cat=0
split_feature=10 24 16 33 7 29 14 10 25 10 14 23 21 34 20 5 22 25 34 5 14
split_gain=0.858088 0.488847 1.51245 0.39731 0.39185 0.315754 0.305693 0.226795 0.219849 0.211597 0.660625 0.163731 0.141584 0.108348 0.107813 0.046093 0.017947 0.019042 0.0152163 0.00701497 0.00395839
threshold=4846.5000000000009 5140.5000000000009 -0.34235511113144612 77.250000000000014 176.50000000000003 22.975000000000005 -0.73282214301478099 3904.3571428571436 6751.5000000000009 4428.7142857142871 -0.98664820696349753 4000.5000000000005 4794.5000000000009 4.3450000000000006 26.43928571428572 2.5000000000000004 4601.0000000000009 7974.5000000000009 9.3600000000000012 3.5000000000000004 0.99274428880883148
decision_type=2 2 2 2 2 2 2 2 2 2 2 2 2 2 2 2 2 2 2 2 2
left_child=1 3 -3 5 -5 11 8 14 13 10 -6 -1 -11 -2 -7 -13 -8 18 20 -9 -18
right_child=6 2 -4 4 9 7 16 19 -10 12 -12 15 -14 -15 -16 -17 17 -19 -20 -21 -22
leaf_value=-0.0084567588507015162 1.1829205763290511 2.9518854437626829 -0.31173536212850766 -0.41075985840180951 -0.50759750588371588 -0.66257914844588128 1.3003259191480743 0.2498920450694071 -0.11646237822547459 0.16815901614943132 0.00020358828705198479 0.12788365974335955 -0.050641132375594963 -0.031942092577988898 0.056574860289235175 -0.0057352976315585289 2.9189733436023926 7.638139497109905 1.8931171944208254 0.25055525812445423 3.4557603818770253
leaf_weight=59 103 47 30 30 36 57 30 493 33 276 394 84 88 58 42 83 1370 30 32 231 37
leaf_count=59 103 47 30 30 36 57 30 493 33 276 394 84 88 58 42 83 1370 30 32 231 37
internal_value=0.000244649 9.48232e-05 -0.000660256 0.000131537 -2.18182e-05 0.000261429 0.000411157 0.000353762 0 8.80504e-06 -0.00012761 -3.0837e-05 0.00019726 0.000188272 -4.99999e-06 8.03572e-05 0.000459667 0.000465646 0.000471875 0.000416552 0.000478338
internal_weight=3643 1950 77 1873 824 1049 1693 823 194 794 430 226 364 161 99 167 1499 1469 1439 724 1407
internal_count=3643 1950 77 1873 824 1049 1693 823 194 794 430 226 364 161 99 167 1499 1469 1439 724 1407
is_linear=0
shrinkage=0.01


Tree=217
num_leaves=18
num_cat=1
split_feature=10 24 7 26 0 25 10 14 25 32 27 34 24 22 25 34 14
split_gain=0.79911 0.503617 1.43038 0.363898 0.334334 0.343025 0.850129 0.305693 0.219849 0.156412 0.200523 0.108348 0.0703067 0.017947 0.019042 0.0152163 0.00395839
threshold=4846.5000000000009 5140.5000000000009 278.50000000000006 28.875000000000004 0 4067.0000000000005 3910.0714285714289 -0.73282214301478099 6751.5000000000009 0.099999999999998243 2.0500000000000003 4.3450000000000006 3962.5000000000005 4601.0000000000009 7974.5000000000009 9.3600000000000012 0.99274428880883148
decision_type=2 2 2 2 9 2 2 2 2 2 2 2 2 2 2 2 2
left_child=1 3 -3 4 9 -6 -7 8 11 12 -11 -2 -1 -9 15 16 -15
right_child=7 2 -4 -5 5 6 -8 13 -10 10 -12 -13 -14 14 -16 -17 -18
leaf_value=0.052106754576292443 1.1710913705657633 -0.30743393379700462 2.6195807906285 0.61025572778370041 0.056009112931272587 -1.5141391868207381 -0.0012456271803911437 1.2873226599565919 -0.11529775444322309 -0.0042990047322474167 0.28094004034619319 -0.031622671652208972 0.36954741108981454 2.889783610166369 7.5617581021388105 1.8741860224766205 3.4212027780582588
leaf_weight=41 103 31 46 345 102 43 490 30 33 345 254 58 253 1370 30 32 37
leaf_count=41 103 31 46 345 102 43 490 30 33 345 254 58 253 1370 30 32 37
internal_value=0.000250137 0.000105074 -0.000660256 0.000142209 6.80183e-05 -9.67492e-05 -0.000212547 0.000411157 0 0.000195243 8.25e-05 0.000188272 0.00039661 0.000459667 0.000465646 0.000471875 0.000478338
internal_weight=3643 1950 77 1873 1528 635 533 1693 194 893 599 161 294 1499 1469 1439 1407
internal_count=3643 1950 77 1873 1528 635 533 1693 194 893 599 161 294 1499 1469 1439 1407
cat_boundaries=0 1
cat_threshold=467
is_linear=0
shrinkage=0.01


Tree=218
num_leaves=31
num_cat=1
split_feature=10 18 14 0 21 7 12 10 10 25 10 25 20 27 28 20 21 21 29 32 29 32 12 22 25 21 17 11 11 14
split_gain=0.858088 0.314245 0.305693 0.265548 0.407749 0.346128 0.679608 0.250656 0.468788 0.219849 0.180555 0.119746 0.110567 0.104116 0.103334 0.219067 0.521086 0.0951795 0.0951738 0.117468 0.127733 0.0592526 0.0572674 0.017947 0.019042 0.014222 0.0152446 0.00649609 0.00536852 0.00273981
threshold=4846.5000000000009 2.1999999999999864 -0.73282214301478099 0 4299.0000000000009 278.50000000000006 4930.7166666666681 4168.2142857142871 4043.0714285714289 6751.5000000000009 4070.2857142857147 4350.5000000000009 25.675000000000004 0.35000000000000003 27.325000000000006 27.075000000000006 4450.5000000000009 4780.5000000000009 24.225000000000005 0.099999999999998243 22.375000000000004 29.150000000000002 5613.7833333333338 4601.0000000000009 7974.5000000000009 4814.5000000000009 -0.94139465211055529 122.71452879027611 47.103988060554727 0.99274428880883148
decision_type=2 2 2 9 2 2 2 2 2 2 2 2 2 2 2 2 2 2 2 2 2 2 2 2 2 2 2 2 2 2
left_child=1 7 9 14 10 6 -6 8 11 22 13 12 -1 -5 15 17 -17 -3 19 -9 -21 -7 -2 -4 29 26 -20 -16 -12 -25
right_child=2 3 23 4 5 21 -8 18 -10 -11 28 -13 -14 -15 27 16 -18 -19 25 20 -22 -23 -24 24 -26 -27 -28 -29 -30 -31
leaf_value=0.061896285758672162 0.524230328025305 0.13086877181816209 1.2744494333570242 0.077674609637894618 -0.014185202447209642 0.24676782588252702 -0.41358637567588225 0.54817187366853826 -0.20520315366487471 -0.11414477689878889 0.40538230268717473 -0.47737879943613581 0.0026875551156656991 -0.30723259515660495 0.36813475078884828 -0.095762502714846653 0.16326129006793216 -0.072579827352193566 1.1143977576905024 0.039862927901935893 -0.25901404254205945 -0.14206526386493895 1.0557978403746839 2.8329018596671416 7.4861405211174228 2.7053552914778467 0.60919031252152256 0.55008869887794365 0.30115867319565248 3.3869907502776728
leaf_weight=145 49 230 30 53 177 70 30 79 39 33 30 41 72 36 122 39 53 30 31 44 35 39 112 1402 30 30 383 30 112 37
leaf_count=145 49 230 30 53 177 70 30 79 39 33 30 41 72 36 122 39 53 30 31 44 35 39 112 1402 30 30 383 30 112 37
internal_value=0.000244649 9.48232e-05 0.000411157 -1.37833e-05 -0.000172939 -0.000416404 -0.00065625 0.000232778 0 0 0.000109914 0.000150579 0.000268349 -0.000172222 0.000139806 1.69972e-05 -0.000365591 0.000191571 0.000349917 5.66038e-05 -0.00013125 0 0.000188272 0.000459667 0.000465646 0.000431461 0.000450602 0.000366013 0.000356643 0.000471875
internal_weight=3643 1950 1693 1051 547 316 207 899 297 194 231 258 217 89 504 352 92 260 602 158 79 109 161 1499 1469 444 414 152 142 1439
internal_count=3643 1950 1693 1051 547 316 207 899 297 194 231 258 217 89 504 352 92 260 602 158 79 109 161 1499 1469 444 414 152 142 1439
cat_boundaries=0 1
cat_threshold=678
is_linear=0
shrinkage=0.01


Tree=219
num_leaves=25
num_cat=1
split_feature=10 24 7 33 29 29 34 7 0 19 25 17 24 5 12 17 29 12 27 23 34 17 27 25
split_gain=0.742038 0.518555 1.43038 0.241159 0.299365 0.353398 0.29829 0.265154 0.227529 0.217144 0.287396 0.194265 0.163634 0.117699 0.232304 0.101304 0.0739767 0.0385975 0.0288337 0.0186354 0.0149657 0.0137568 0.0121362 0.00764133
threshold=4846.5000000000009 5140.5000000000009 278.50000000000006 70.350000000000009 27.675000000000004 23.075000000000006 4.6150000000000011 44.500000000000007 0 141.55000000000004 6751.5000000000009 0.80417972082707845 5506.0000000000009 2.5000000000000004 4004.9500000000003 -0.91853850481124188 28.625000000000004 3959.5000000000005 1.2500000000000002 4020.5000000000005 9.3600000000000012 -0.97741745716939288 32.150000000000006 7377.5000000000009
decision_type=2 2 2 2 2 2 2 2 9 2 2 2 2 2 2 2 2 2 2 2 2 2 2 2
left_child=1 3 -3 7 5 -5 18 13 11 20 12 -9 -11 17 -15 -7 -8 -1 -6 -10 21 -2 -14 -23
right_child=9 2 -4 4 6 15 16 8 19 10 -12 -13 22 14 -16 -17 -18 -19 -20 -21 -22 23 -24 -25
leaf_value=-0.10645839563091469 3.8928954033445735 -0.30022373070227659 2.5927586301847465 -0.53981790633620241 -0.0027932223352328724 -0.0045181086328058284 -0.50756508466707262 0.83816921183232829 0.007204133881158252 -0.35318109640618489 -0.13084323762673825 -0.010990167362837186 1.5549216042252518 0.044686334965156206 -0.15523331926997991 0.10376987458588877 -0.029624499968528208 0.10231653299786092 0.044188885606277858 0.4619044394831176 1.8271151436551882 2.7891918534506948 0.70678261586689506 3.9940668366005538
leaf_weight=30 33 31 46 39 30 113 32 110 112 51 50 48 197 63 56 561 32 95 38 514 32 1264 30 36
leaf_count=30 33 31 46 39 30 113 32 110 112 51 50 48 197 63 56 561 32 95 38 514 32 1264 30 36
internal_value=0.000255626 0.000115325 -0.000660256 0.000152882 1.47754e-05 0.000107143 -0.000406015 0.00025656 0.000346497 0.000411157 0.000133739 0 0.000283154 0 -0.000254167 0.000173333 -0.000892308 0.000178571 0 0.000428571 0.000470351 0.000477136 0.000410088 0.000484243
internal_weight=3643 1950 77 1873 845 713 132 1028 784 1693 328 158 278 244 119 674 64 125 68 626 1365 1333 227 1300
internal_count=3643 1950 77 1873 845 713 132 1028 784 1693 328 158 278 244 119 674 64 125 68 626 1365 1333 227 1300
cat_boundaries=0 1
cat_threshold=276
is_linear=0
shrinkage=0.01


Tree=220
num_leaves=26
num_cat=0
split_feature=12 21 16 13 25 14 16 26 17 14 13 13 7 26 7 7 13 13 7 14 14 25 19 14 25
split_gain=0.796985 0.272567 0.820912 0.304317 0.368614 0.570269 0.327531 0.411768 0.26647 0.240454 0.226958 0.430485 1.0016 0.178654 0.155333 0.160617 0.149021 0.131589 0.117087 0.0953795 0.0812905 0.0290077 0.0208691 0.0143695 0.0129734
threshold=4766.1000000000013 4794.5000000000009 -0.31901381043993143 5265.502740787344 4349.5000000000009 -0.91936887716170002 0.57075747273004163 27.475000000000005 0.2332836900311728 -0.73282214301478099 5735.083477135463 5907.4542854206638 263.50000000000006 22.625000000000004 276.50000000000006 337.50000000000006 5337.5509694251668 5188.1449435404429 52.500000000000007 -0.98664820696349753 -0.98370366633421236 4251.0000000000009 27.650000000000009 0.99552231814189451 7974.5000000000009
decision_type=2 2 2 2 2 2 2 2 2 2 2 2 2 2 2 2 2 2 2 2 2 2 2 2 2
left_child=1 3 22 4 14 -6 19 13 -7 10 -2 12 -12 -8 18 -16 17 -11 -1 -5 -13 -21 -3 24 -18
right_child=9 2 -4 6 5 8 7 -9 -10 16 11 20 -14 -15 15 -17 23 -19 -20 21 -22 -23 -24 -25 -26
leaf_value=0.0037377056343817811 1.3830852921828491 1.2524914123976212 -0.59634293157801022 -0.014322910753548421 -0.50589548786288907 0.1094618404316282 -0.11997140466329427 -0.41910581320749074 -0.094010068390697352 14.969797259633092 -1.1405996651364556 0.10346435806505419 0.98551543533329611 0.38711552207886996 -0.55635643525391021 0.080217014718440241 2.4349685766660438 -0.1007715971598591 0.23227198315715239 0.0078309579191870073 1.4383687960883595 0.55977101877186952 0.17882921978764685 3.2885689139730654 8.0951575402513729
leaf_weight=155 148 40 30 30 34 127 32 30 128 57 30 47 45 123 89 91 1489 30 227 62 98 435 30 32 33
leaf_count=155 148 40 30 30 34 127 32 30 128 57 30 47 45 123 89 91 1489 30 227 62 98 435 30 32 33
internal_value=0.000254833 8.50361e-05 -0.00039604 0.000122442 0 -0.000294828 0.000274895 -4.03226e-05 -8.78906e-05 0.000390299 0.000119241 -4.52489e-05 -0.000690789 0.000112179 0.000143872 -5.52486e-05 0.000444884 0 0.000263708 0.000404356 0.000222603 0.000438755 7.04225e-05 0.000467524 0.000473408
internal_weight=3672 1663 100 1563 851 289 712 185 255 2009 368 220 75 155 562 180 1641 87 382 527 145 497 70 1554 1522
internal_count=3672 1663 100 1563 851 289 712 185 255 2009 368 220 75 155 562 180 1641 87 382 527 145 497 70 1554 1522
is_linear=0
shrinkage=0.01


Tree=221
num_leaves=23
num_cat=3
split_feature=12 26 0 12 14 28 14 18 0 7 0 15 11 13 16 16 14 10 31 14 16 13
split_gain=0.838261 0.286275 0.361499 0.378315 0.239024 0.573648 0.229648 0.270759 0.248453 0.537564 0.226924 0.545239 0.115747 0.0976852 0.146834 0.0828692 0.0517471 0.0515535 0.0216218 0.017885 0.0157812 0.00355884
threshold=4766.1000000000013 28.875000000000004 0 4718.7166666666681 0.81428061195174062 28.075000000000006 -0.73282214301478099 32.050000000000004 1 263.50000000000006 2 -0.89787881968372518 52.839147819533103 5198.4042208352021 0.66527693225344786 -0.90893575921103265 -0.98214942551678475 4268.5000000000009 30.550000000000004 0.99552231814189451 -0.97509344079810367 5575.5496727322579
decision_type=2 2 9 2 2 2 2 2 9 2 9 2 2 2 2 2 2 2 2 2 2 2
left_child=1 2 12 4 5 -4 7 -2 16 -10 11 -8 13 14 -1 20 -9 -3 19 -12 -14 -13
right_child=6 17 3 -5 -6 -7 10 8 9 -11 18 21 15 -15 -16 -17 -18 -19 -20 -21 -22 -23
leaf_value=0.0052168066819093927 1.4296210628998614 0.03339484847072044 -0.0016767621760592232 -0.91168992735578747 0.52739681366304236 -0.64010572532789445 -0.40405446489229307 -0.031403653708571018 -0.53926047450042247 0.50519034434654331 2.7666311586113741 1.8255691742679829 0.68343596800229034 0.53457701468359542 -0.008260029094939508 0.12008276536949514 2.2797498639568339 0.61202155601381991 2.1394405504553835 3.2556832248333354 -0.52035259319498883 0.25257703673978416
leaf_weight=52 162 47 741 37 98 38 30 30 43 58 1421 98 31 84 31 264 75 209 30 32 31 30
leaf_count=52 162 47 741 37 98 38 30 30 43 58 1421 98 31 84 31 264 75 209 30 32 31 30
internal_value=0.000246665 7.30168e-05 9.58808e-06 -0.000100541 -4.72665e-05 -0.000116026 0.000385323 0.000119241 -8.21256e-05 -0.000441964 0.000438794 0 0.000231151 0 -0.000220238 0.000345566 0.000193966 0.000381323 0.000476238 0.000485901 0 0.000341085
internal_weight=3672 1663 1407 914 877 779 2009 368 206 101 1641 158 493 167 83 326 105 256 1483 1453 62 128
internal_count=3672 1663 1407 914 877 779 2009 368 206 101 1641 158 493 167 83 326 105 256 1483 1453 62 128
cat_boundaries=0 1 2 3
cat_threshold=770 2346 2304
is_linear=0
shrinkage=0.01


Tree=222
num_leaves=26
num_cat=2
split_feature=12 20 20 27 25 18 7 14 18 0 7 0 15 29 28 29 10 14 23 25 16 14 27 14 13
split_gain=0.803861 0.256835 0.34323 0.470686 0.275796 0.608695 0.270484 0.229648 0.270759 0.248453 0.537564 0.226924 0.545239 0.220957 0.19998 0.141592 0.140616 0.138391 0.124658 0.102637 0.092638 0.0517471 0.0216218 0.017885 0.00355884
threshold=4766.1000000000013 28.01071428571429 27.060714285714287 1.0000000180025095e-35 4561.0000000000009 49.20000000000001 55.500000000000007 -0.73282214301478099 32.050000000000004 0 263.50000000000006 1 -0.89787881968372518 24.125000000000004 22.675000000000004 27.275000000000002 4273.5714285714303 -0.96689237009891416 4324.5000000000009 4449.5000000000009 0.9962888416657264 -0.98214942551678475 29.250000000000004 0.99552231814189451 5575.5496727322579
decision_type=2 2 2 2 2 2 2 2 2 9 2 9 2 2 2 2 2 2 2 2 2 2 2 2 2
left_child=1 2 6 -4 5 -5 14 8 -2 21 -11 12 -9 18 -1 -6 19 -15 -8 -3 -16 -10 23 -13 -14
right_child=7 16 3 4 15 -7 13 11 9 10 -12 22 24 17 20 -17 -18 -19 -20 -21 -22 -23 -24 -25 -26
leaf_value=0.052765841021680346 1.4153248522708617 0.39781734541248981 0.0048650123941209921 -0.48559796902243718 0.46012783593197204 0.0036498244557268446 -0.16477627552777352 -0.40001392024336907 -0.031089617171487349 -0.53386786975542022 0.50013844090307957 2.7389648470252563 1.8073134825253039 -0.021195153881401967 -0.1200032879991928 -0.24919791968806432 0.73245459458768725 0.21409568980380564 0.068587260703313266 -0.64773415544162927 0.088145201800330919 2.2569523653172685 2.7681981799060642 3.2231263925849976 0.25005126637238267
leaf_weight=77 162 43 77 47 38 45 111 30 30 43 58 1421 98 86 202 37 239 507 89 30 35 75 30 32 30
leaf_count=77 162 43 77 47 38 45 111 30 30 43 58 1421 98 86 202 37 239 507 89 30 35 75 30 32 30
internal_value=0.000249387 7.90265e-05 1.14645e-05 -0.000318367 -0.000633929 -0.00101075 9.34116e-05 0.000385323 0.000119241 -8.21256e-05 -0.000441964 0.000438794 0 0.000197103 -0.000136508 -3.28947e-05 0.000338658 0.000297138 -4.97512e-05 0 -0.00030042 0.000193966 0.000476238 0.000485901 0.000341085
internal_weight=3672 1663 1351 244 167 92 1107 2009 368 206 101 1641 158 793 314 75 312 593 200 73 237 105 1483 1453 128
internal_count=3672 1663 1351 244 167 92 1107 2009 368 206 101 1641 158 793 314 75 312 593 200 73 237 105 1483 1453 128
cat_boundaries=0 1 2
cat_threshold=2346 2304
is_linear=0
shrinkage=0.01


Tree=223
num_leaves=23
num_cat=2
split_feature=12 20 14 18 0 13 12 12 12 21 0 15 25 11 25 10 25 16 27 14 11 13
split_gain=0.581462 0.304715 0.296878 0.313153 0.256186 0.229141 0.404406 0.228249 0.240926 0.435542 0.143349 0.346596 0.134668 0.126157 0.110478 0.099575 0.0838619 0.0394282 0.0216218 0.017885 0.00857588 0.00355884
threshold=4766.1000000000013 27.93928571428572 -0.73282214301478099 32.050000000000004 0 5735.083477135463 5613.7833333333338 4718.7166666666681 4328.5333333333338 4299.0000000000009 1 -0.89787881968372518 4793.5000000000009 60.749289629422627 4021.5000000000005 4236.4285714285716 6825.5000000000009 -0.90893575921103265 29.250000000000004 0.99552231814189451 55.869103716990573 5575.5496727322579
decision_type=2 2 2 2 9 2 2 2 2 2 9 2 2 2 2 2 2 2 2 2 2 2
left_child=1 4 3 -2 12 -5 -7 8 9 -6 11 -4 14 -10 20 -3 -8 -16 19 -12 -1 -13
right_child=2 15 10 5 7 6 16 -9 13 -11 18 21 -14 -15 17 -17 -18 -19 -20 -21 -22 -23
leaf_value=-0.0013316004230035806 1.4011716037481545 -0.50518870584829756 -0.39601378104093399 1.0394807946748013 -0.00021433694160951831 -0.32227415736255927 0.51703974782446405 -0.88641968556948469 -0.015577976055218355 -0.52093805354453759 2.7115751985550038 1.78924034770005 -0.0084560163357978672 0.060012445025212482 0.095497507586908018 0.45787200017451152 -0.10827502820235775 0.13775717451986258 2.7405161981070041 3.1908951286591467 0.093268386624573804 0.24755075370865473
leaf_weight=30 162 30 30 57 358 40 79 38 102 51 1421 98 47 331 51 287 30 295 30 32 43 30
leaf_count=30 162 30 30 57 358 40 79 38 102 51 1421 98 47 331 51 287 30 295 30 32 43 30
internal_value=0.000268445 0.000121094 0.000385323 9.21409e-05 4.67706e-05 -0.000130435 -0.00037 -4.48934e-05 0 -0.000184146 0.000444884 5.32544e-05 0.000236897 0.000153226 0.000308333 0.000404088 0 0.000383285 0.000476238 0.000485901 0 0.000341085
internal_weight=3672 1663 2009 368 1346 206 149 880 842 409 1641 158 466 433 419 317 109 346 1483 1453 73 128
internal_count=3672 1663 2009 368 1346 206 149 880 842 409 1641 158 466 433 419 317 109 346 1483 1453 73 128
cat_boundaries=0 1 2
cat_threshold=770 2304
is_linear=0
shrinkage=0.01


Tree=224
num_leaves=23
num_cat=0
split_feature=10 14 7 18 14 20 28 27 32 17 23 10 26 12 18 13 19 13 13 27 10 10
split_gain=0.711378 0.335788 0.326001 0.32662 0.245376 0.241705 0.520361 0.257055 0.493458 0.209368 0.175659 0.169147 0.152137 0.147113 0.158479 0.142797 0.107317 0.128772 0.0565241 0.0190064 0.0091822 0.0137121
threshold=4389.7857142857147 -0.73282214301478099 263.50000000000006 67.450000000000017 0.81428061195174062 29.903571428571436 28.075000000000006 0.8500000000000002 28.950000000000006 0.73866113298174818 4269.5000000000009 4569.0714285714303 26.625000000000004 4602.1333333333341 0.3999999999999983 6068.2478501228516 1.0000000180025095e-35 5553.6423975044572 5416.7887517332047 30.550000000000004 5037.0000000000009 4428.7142857142871
decision_type=2 2 2 2 2 2 2 2 2 2 2 2 2 2 2 2 2 2 2 2 2 2
left_child=4 2 3 12 5 6 7 8 -1 -9 -3 13 -2 -12 -15 20 17 -13 -14 -18 21 -4
right_child=1 10 15 -5 -6 -7 -8 9 -10 -11 11 16 18 14 -16 -17 19 -19 -20 -21 -22 -23
leaf_value=-0.00045685387043907261 -0.24956295252102459 -0.27168443989234281 0.014265966701123119 -0.39166960177612936 0.29602738625637942 0.57275087365391486 -0.52846612419259009 0.17861328471146429 -0.94628266051347232 -0.017973118823362971 0.32688781000311529 -0.22958091429668756 0.12083139812715558 0.042465448521785298 -0.18737442276754926 -0.010129519843640475 1.8084535479320096 2.6981434391249604 0.64948636480403366 2.3659411755705304 0.72613877547703098 0.51469991244189806
leaf_weight=444 41 32 30 50 138 109 41 225 31 73 77 35 30 36 30 59 1748 69 83 30 30 231
leaf_count=444 41 32 30 50 138 109 41 225 31 73 77 35 30 36 30 59 1748 69 83 30 30 231
internal_value=0.000257555 0.000346669 0.000102703 -0.000185366 2.87194e-05 -2.00216e-05 -8.95705e-05 -1.74418e-05 -0.000173319 0.000197324 0.000407434 0.00042078 0 1.04167e-05 -0.000253731 0.000299145 0.000446628 1.90476e-05 0.000232456 0.000465992 0.000395548 0.000421756
internal_weight=3672 2611 554 204 1061 923 814 773 475 298 2057 2025 154 143 66 350 1882 104 113 1778 291 261
internal_count=3672 2611 554 204 1061 923 814 773 475 298 2057 2025 154 143 66 350 1882 104 113 1778 291 261
is_linear=0
shrinkage=0.01


Tree=225
num_leaves=22
num_cat=0
split_feature=13 14 16 26 29 17 11 17 16 28 10 16 27 20 34 11 32 12 23 23 26
split_gain=0.960733 0.550612 0.333605 0.265173 0.427304 0.175263 0.265062 0.399581 0.257472 0.359986 0.241251 0.150157 0.14233 0.0826834 0.145526 0.0478425 0.0373049 0.0303153 0.104692 0.0185738 0.00676209
threshold=5337.5509694251668 -0.9259986516102553 0.35845153958890236 28.075000000000006 28.950000000000006 0.41203268437863022 111.14833494346878 0.6490740716826261 -0.039769906970920914 26.875000000000004 3904.3571428571436 0.59004413292372648 31.250000000000004 27.017857142857149 4.3350000000000009 637.51695295207617 48.550000000000004 4762.7166666666681 4698.5000000000009 4449.5000000000009 33.525000000000006
decision_type=2 2 2 2 2 2 2 2 2 2 2 2 2 2 2 2 2 2 2 2 2
left_child=3 2 13 4 5 8 7 -7 9 -1 -10 20 15 14 16 17 -2 18 -3 -19 -5
right_child=1 12 -4 11 -6 6 -8 -9 10 -11 -12 -13 -14 -15 -16 -17 -18 19 -20 -21 -22
leaf_value=0.044773849429157152 1.3858555195865787 0.43805205348891585 -0.18081884741556145 0.64690891407924611 -0.40476026099260254 -0.97796001278139533 0.17544061125071664 -0.00062263025545307828 -0.00071000603201409722 -0.69285190083394754 0.28190149013817911 -0.37817580023861658 0.10891345413462858 0.10527308269847051 -0.10220055808781751 0.41518084167592167 1.0013618130144573 1.2203953680268782 0.10359902067665921 2.4011523205103336 0.065790919697848338
leaf_weight=153 58 364 56 187 46 64 83 236 62 50 239 30 44 79 37 50 55 30 99 1623 32
leaf_count=153 58 364 56 187 46 64 83 236 62 50 239 30 44 79 37 50 55 30 99 1623 32
internal_value=0.00024429 0.000355569 -2.62238e-05 8.45321e-07 -6.79871e-05 -7.31981e-06 -0.000178385 -0.000332226 0.00010297 -0.000139706 0.000299669 0.000298 0.000409317 0.000106522 0 0.00042132 0.000144737 0.000428909 0.000283405 0.000463422 0.000406818
internal_weight=3677 2495 285 1182 933 887 383 300 504 203 301 249 2210 229 150 2166 113 2116 463 1653 219
internal_count=3677 2495 285 1182 933 887 383 300 504 203 301 249 2210 229 150 2166 113 2116 463 1653 219
is_linear=0
shrinkage=0.01


Tree=226
num_leaves=24
num_cat=0
split_feature=10 24 7 10 19 19 34 18 10 25 14 22 22 26 26 34 14 33 14 20 34 26 25
split_gain=0.840616 0.328622 1.00911 0.338734 0.255961 0.20358 0.186228 0.20901 0.194989 0.178972 0.169106 0.20514 0.676073 0.276391 0.161742 0.122217 0.105638 0.0733978 0.0198863 0.018976 0.0187045 0.011928 0.00761411
threshold=4854.0000000000009 5061.5000000000009 276.50000000000006 4273.5714285714303 59.40000000000002 139.75000000000003 4.9650000000000007 19.500000000000004 4389.7857142857147 5706.0000000000009 0.81428061195174062 4199.0000000000009 4200.5000000000009 26.125000000000004 22.375000000000004 3.7450000000000006 -0.9259986516102553 237.95000000000002 0.99552231814189451 22.625000000000004 9.2650000000000023 21.675000000000004 7377.5000000000009
decision_type=2 2 2 2 2 2 2 2 2 2 2 2 2 2 2 2 2 2 2 2 2 2 2
left_child=1 3 -3 10 14 18 8 -8 -6 -7 11 13 -13 -1 21 -11 -17 -18 20 -16 22 -5 -2
right_child=5 2 -4 4 6 9 7 -9 -10 15 -12 12 -14 -15 19 16 17 -19 -20 -21 -22 -23 -24
leaf_value=-0.00087559583475544744 2.7779826336103732 -0.40318358771380547 1.9584060254958529 0.058692743397770607 -0.028732514663132661 -0.15492993735730071 -0.18085132760447287 0.10534949330830339 0.2575836466031442 1.8635467565072603 0.32098964104123257 -1.1932215673094659 -0.0026600365564955421 0.12604866769289844 0.016878510924936464 -0.12230420876684495 -0.10658000003885519 2.9833866042883903 3.5751886721143178 0.55992248526417687 1.6235099683389189 -0.0098551665195048405 3.8914820715238911
leaf_weight=294 1249 33 61 54 104 30 45 38 358 158 84 31 181 156 30 30 42 78 30 472 31 52 36
leaf_count=294 1249 33 61 54 104 30 45 38 358 158 84 31 181 156 30 30 42 78 30 472 31 52 36
internal_value=0.00024429 9.85456e-05 -0.000452632 0.000131316 0.000239601 0.000410683 5.95238e-05 -0.000339286 0.000153348 0.000144543 -2.27577e-05 -8.89894e-05 -0.000347418 1.10865e-05 0.000384236 0.000239482 0 0.000165289 0.000469933 0.000459245 0.000476841 0 0.000484059
internal_weight=3677 1993 94 1899 1153 1684 545 83 462 338 746 662 212 450 608 308 150 120 1346 502 1316 106 1285
internal_count=3677 1993 94 1899 1153 1684 545 83 462 338 746 662 212 450 608 308 150 120 1346 502 1316 106 1285
is_linear=0
shrinkage=0.01


Tree=227
num_leaves=28
num_cat=3
split_feature=10 16 11 0 15 0 18 16 10 19 0 34 34 27 11 15 26 16 23 14 19 14 23 34 15 12 25
split_gain=0.992101 0.405571 0.683379 0.501782 0.362695 0.324396 1.25103 0.301715 0.258175 0.20358 0.232241 0.211001 0.17379 0.170768 0.16356 0.160895 0.152039 0.128107 0.0597243 0.0538228 0.0291124 0.0198863 0.0189736 0.0187045 0.0147183 0.0114465 0.00761411
threshold=4854.0000000000009 -0.66528308454101848 124.15590865617885 0 0.84199059757024453 1 29.150000000000002 0.61237135649459018 4206.4285714285716 139.75000000000003 2 3.8750000000000004 4.6150000000000011 15.750000000000002 193.75362004384979 0.56901594657981336 22.075000000000006 0.78325454425165997 4590.5000000000009 -0.94705910369513524 38.750000000000007 0.99552231814189451 4590.5000000000009 9.2650000000000023 0.7487283477006671 3970.7166666666672 7377.5000000000009
decision_type=2 2 2 9 2 9 2 2 2 2 9 2 2 2 2 2 2 2 2 2 2 2 2 2 2 2 2
left_child=1 8 3 7 17 12 22 25 15 21 19 -12 18 -9 -13 -1 -6 -5 -4 -11 -17 23 -7 26 -10 -3 -2
right_child=9 2 5 4 16 6 -8 13 24 10 11 14 -14 -15 -16 20 -18 -19 -20 -21 -22 -23 -24 -25 -26 -27 -28
leaf_value=-0.24499516463089607 2.750202807274273 0.054299700262713337 0.2336052284665531 -0.017625080149243692 0.016461097424809688 -0.0031841006336326971 -0.7013213679068393 0.038861159077801133 0.87080290898887192 1.0664382031256443 0.92135860094571298 -1.3912922303104964 -0.36692782482478231 -0.19552948209191265 0.54308547313532252 -0.30725115940722286 -0.20771231537464319 0.14356174323613413 -0.1517067549658826 3.0027112199670221 0.033663262285593125 3.5394367853931721 0.89985156399099075 1.6072748686555287 1.2675876493321234 0.28245973047216999 3.8525672508086553
leaf_weight=35 1249 31 85 170 48 30 49 278 354 44 57 30 56 35 33 30 89 129 31 174 80 30 32 31 31 400 36
leaf_count=35 1249 31 85 170 48 30 49 278 354 44 57 30 56 35 33 30 89 129 31 174 80 30 32 31 31 400 36
internal_value=0.000230696 7.34704e-05 -5.806e-06 9.31414e-05 -0.000161074 -0.000452465 -0.000856557 0.000254305 0.000310734 0.000410683 0.000144543 -0.000152672 -7.65027e-05 0 -0.000601562 0 -0.00059058 0 6.83761e-05 0.000344978 0.000135135 0.000469933 0 0.000476841 0.000446891 0.000429398 0.000484059
internal_weight=3677 1993 1463 1180 436 283 111 744 530 1684 338 120 172 313 63 145 137 299 116 218 110 1346 62 1316 385 431 1285
internal_count=3677 1993 1463 1180 436 283 111 744 530 1684 338 120 172 313 63 145 137 299 116 218 110 1346 62 1316 385 431 1285
cat_boundaries=0 1 2 3
cat_threshold=682 844 362
is_linear=0
shrinkage=0.01


Tree=228
num_leaves=30
num_cat=2
split_feature=13 14 15 0 20 30 24 30 28 28 0 34 13 15 25 13 23 23 22 18 14 16 13 6 24 33 21 14 12
split_gain=0.748593 0.606267 0.48817 0.258404 0.597551 0.927262 0.431675 0.304983 0.233583 0.239972 0.212341 0.297394 0.200817 0.170193 0.157301 0.147377 0.11901 0.198243 0.0966713 0.0933499 0.0919126 0.149201 0.0835137 0.0692523 0.0644055 0.0637536 0.0288337 0.00806452 0.0068109
threshold=5346.1803277515401 -0.9259986516102553 -0.18493013702746822 0 27.132142857142863 28.175000000000004 4040.5000000000005 26.275000000000002 26.625000000000004 27.725000000000005 1 3.6400000000000001 6062.1138164067606 0.98174098242282837 4725.5000000000009 5099.2566801763378 4064.0000000000005 3991.0000000000005 4251.0000000000009 15.85 -0.73282214301478099 0.77241981449888963 5040.7972302854387 9.5000000000000018 4701.0000000000009 109.25000000000001 4225.5000000000009 -0.8781231054254196 5836.0000000000009
decision_type=2 2 2 9 2 2 2 2 2 2 9 2 2 2 2 2 2 2 2 2 2 2 2 2 2 2 2 2 2
left_child=3 2 -2 7 6 -6 15 8 16 -10 11 -3 25 22 23 -5 17 -1 26 -7 21 -20 -8 -9 -13 -4 -12 -25 -27
right_child=1 10 12 4 5 19 13 14 9 -11 18 24 -14 -15 -16 -17 -18 -19 20 -21 -22 -23 -24 27 -26 28 -28 -29 -30
leaf_value=0.0094552605132339398 -0.18168703883349926 -0.23601210209796872 0.34017348330032915 -0.00084634277699698361 -0.57206938259332918 0.67823468736107062 -0.6747152010119607 0.4590280483391927 -0.69377314169839366 0.057596130326279464 1.73032191237024 0.0044341314615470992 -0.073063296160169391 -0.062586793254707757 -0.005301990894699897 -0.41082505875143832 0.045309896434121928 -0.40834762532235586 3.529527845796125 -0.37224543637846785 1.4079801646872883 -0.16539846223387175 0.072429329820872301 -0.032247024712468535 0.93235735097649097 0.30026612092547678 -0.017848707995803494 0.095424369665484121 0.69702828860460775
leaf_weight=84 56 59 30 59 39 38 33 315 46 43 38 34 43 43 30 39 88 43 118 30 1694 90 202 47 121 125 30 30 30
leaf_count=84 56 59 30 59 39 38 33 315 46 43 38 34 43 43 30 39 88 43 118 30 1694 90 202 47 121 125 30 30 30
internal_value=0.000241572 0.000341839 -6.31579e-05 2.85124e-05 -0.000138664 -0.000800926 2.12202e-05 0.000153324 -5.90164e-05 -0.000505556 0.000399085 3.11111e-05 0.000104804 0.000247312 0.000333333 -0.000515151 8.10185e-05 -5.07812e-05 0.0004316 0 0.000447189 0.000162679 0.000370763 0.000396947 0.000304487 0.000282258 0 0 0.00036859
internal_weight=3677 2468 284 1209 483 107 376 726 304 89 2184 214 228 278 422 98 215 127 1970 68 1902 208 235 392 155 185 68 77 155
internal_count=3677 2468 284 1209 483 107 376 726 304 89 2184 214 228 278 422 98 215 127 1970 68 1902 208 235 392 155 185 68 77 155
cat_boundaries=0 1 2
cat_threshold=714 2064
is_linear=0
shrinkage=0.01


Tree=229
num_leaves=23
num_cat=1
split_feature=10 0 12 10 15 14 34 14 19 13 13 6 33 14 19 34 19 14 14 34 11 28
split_gain=0.755236 0.405392 0.412856 0.398367 0.351677 0.289734 0.288428 0.241788 0.169425 0.181932 0.451062 0.189005 0.161629 0.125349 0.106964 0.0761415 0.150639 0.111905 0.018845 0.0175482 0.0138268 0.013793
threshold=4854.0000000000009 0 4977.1000000000013 3943.1428571428573 0.98174098242282837 -0.95244167294248061 4.1850000000000014 -0.61913973745509387 8.7500000000000018 5469.7223678256951 5407.5333333333338 7.5000000000000009 100.45000000000003 -0.97694226132849327 166.95000000000002 3.7450000000000006 241.85000000000005 -0.89015004145349408 0.99552231814189451 9.2650000000000023 669.22369602388414 23.525000000000002
decision_type=2 9 2 2 2 2 2 2 2 2 2 2 2 2 2 2 2 2 2 2 2 2
left_child=1 8 3 6 5 -5 -3 14 -1 10 12 -12 -10 -11 -2 -16 -17 -18 19 20 -9 -15
right_child=7 2 -4 4 -6 -7 -8 18 9 13 11 -13 -14 21 15 16 17 -19 -20 -21 -22 -23
leaf_value=0.12509661323381049 2.3178345973636292 0.11122885149234149 -0.43173638436038558 -0.22013259938241192 -0.16667746950044646 0.26405363339248866 -1.2601345805787272 2.7233434258960383 -0.00098814620431968603 -0.020776321352106279 0.043745655997916515 -0.2207747387423028 0.01607577498085001 0.98290959271254708 1.1565823088639577 -0.38505635813502426 -0.11661437347619906 2.90768217214569 3.4899626158923631 1.5870225656159251 3.3656286961233617 1.6273756279939344
leaf_weight=338 86 31 48 104 51 529 58 1326 206 43 30 33 259 30 66 30 31 51 30 31 33 233
leaf_count=338 86 31 48 104 51 529 58 1326 206 43 30 33 259 30 66 30 31 51 30 31 33 233
internal_value=0.000252447 0.000113591 -4.74759e-05 0 9.0511e-05 0.000167981 -0.000616667 0.000410683 0.000233305 0.00014012 7.56145e-06 -0.000757812 0.00013412 0.000335505 8.30189e-05 -5.58658e-06 -0.000212389 0 0.000464462 0.000470884 0.000477574 0.000422348
internal_weight=3677 1993 821 773 684 633 89 1684 1172 834 528 63 465 306 264 178 112 82 1420 1390 1359 263
internal_count=3677 1993 821 773 684 633 89 1684 1172 834 528 63 465 306 264 178 112 82 1420 1390 1359 263
cat_boundaries=0 1
cat_threshold=754
is_linear=0
shrinkage=0.01


Tree=230
num_leaves=20
num_cat=2
split_feature=14 13 0 21 29 0 10 21 16 31 11 29 14 6 27 24 27 11 14
split_gain=0.708452 0.566627 0.493293 0.706844 0.677521 0.429449 0.428855 0.844687 0.353091 0.232791 0.274843 0.113677 0.100698 0.0749915 0.0835286 0.0749585 0.0179692 0.0190614 0.00094697
threshold=-0.9259986516102553 5570.6126184791274 0 4299.0000000000009 26.375000000000004 1 4898.7142857142871 4794.5000000000009 0.89693165594635726 3.5500000000000003 124.15590865617885 27.575000000000006 -0.861146256326485 1.5000000000000002 16.650000000000002 4449.5000000000009 32.150000000000006 783.43554587421056 0.15951094710994371
decision_type=2 2 9 2 2 9 2 2 2 2 2 2 2 2 2 2 2 2 2
left_child=2 5 3 -1 -5 12 7 8 -7 11 -11 -4 -2 18 -15 -3 17 -17 -14
right_child=1 15 9 4 -6 6 -8 -9 -10 10 -12 -13 13 14 -16 16 -18 -19 -20
leaf_value=0.28875441087254144 -0.0026835064299469647 0.95633062796982327 0.34172496655640006 -0.0063498908910443828 -0.49654617018902758 0.0075768101719009837 2.7508716507810536 -0.79541024844004671 -0.44474882497389251 0.17223956238844332 -0.073216626573031893 -0.003967829799830516 0.022506231746510928 0.20696182533762369 0.23543353319861843 2.0901352738371504 1.7314792489964199 3.6189261865415978 0.0030158071079840129
leaf_weight=37 46 43 157 32 47 503 176 31 117 52 54 45 30 694 32 1444 30 30 65
leaf_count=37 46 43 157 32 47 503 176 31 117 52 54 45 30 694 32 1444 30 30 65
internal_value=0.000254364 0.000305521 -0.000112941 -0.000645669 -0.00125625 0.000169322 0 -0.000114264 -1.6103e-05 7.52351e-05 -0.000252336 0.000300493 0.000322893 0.000353406 0.000389271 0.000447997 0.000459801 0.000465763 0
internal_weight=3665 3241 424 116 79 1694 827 651 620 308 106 202 867 821 726 1547 1504 1474 95
internal_count=3665 3241 424 116 79 1694 827 651 620 308 106 202 867 821 726 1547 1504 1474 95
cat_boundaries=0 1 2
cat_threshold=9 707
is_linear=0
shrinkage=0.01


Tree=231
num_leaves=26
num_cat=3
split_feature=14 12 0 29 25 0 17 10 25 20 0 15 31 25 10 16 29 5 10 19 12 19 27 14 10
split_gain=0.646792 0.570985 0.531711 0.52452 0.902694 0.375607 0.329368 0.303294 0.864451 0.342252 0.23586 0.293106 0.206776 0.172537 0.160249 0.150683 0.129257 0.116857 0.107889 0.104949 0.0915938 0.0561872 0.0196376 0.0157072 0.001914
threshold=-0.9259986516102553 4766.1000000000013 0 26.275000000000002 4349.5000000000009 1 -0.22701029611497395 4283.2142857142871 4350.5000000000009 23.646428571428576 2 -0.90531874877253482 5.8500000000000005 4850.5000000000009 4758.2142857142871 0.86440767487108461 27.525000000000002 1.0000000180025095e-35 4352.857142857144 106.45000000000002 4692.4666666666681 79.15000000000002 31.250000000000004 0.99552231814189451 4485.7857142857147
decision_type=2 2 9 2 2 9 2 2 2 2 9 2 2 2 2 2 2 2 2 2 2 2 2 2 2
left_child=2 5 3 -1 -5 13 24 8 -8 -9 11 -3 16 15 -14 17 -4 -2 -17 -13 -18 -15 23 -12 -7
right_child=1 10 12 4 -6 6 7 9 -10 -11 22 19 14 21 -16 18 20 -19 -20 -21 -22 -23 -24 -25 -26
leaf_value=0.30476685597401809 0.005398745762266041 -0.89885238394798095 0.40217565355848572 0.0088938603718385408 -0.48463145699561111 0.56040946478107634 0.00053598760449005234 -0.043549058333849394 -1.1813674759014361 0.36458586977825763 2.5321697341543019 1.9029830042333169 -0.3320575018605384 0.26100717889115649 1.7260799596131355 0.038891437077643594 0.14571482289858373 0.16834356148228707 -0.44827988473112196 -0.036507198272584029 -0.063184007959649763 -0.1696192456585203 1.7141644565064595 3.0281029229961387 1.3137164734482178
leaf_weight=40 150 30 164 30 46 87 98 55 58 98 1577 116 40 30 37 169 37 581 30 40 30 30 30 32 30
leaf_count=40 150 30 164 30 46 87 98 55 58 98 1577 116 40 30 37 169 37 581 30 40 30 30 30 32 30
internal_value=0.00025982 0.000308606 -8.94118e-05 -0.000645669 -0.00119481 0.000146789 -8.46682e-05 -0.000275806 -0.000585987 0 0.000428532 1.52284e-05 0.000106583 0.000254745 -0.000275641 0.000295381 0.000282328 0.000362705 0 0.000242038 0 -0.000163934 0.000466364 0.000474845 0.000326271
internal_weight=3665 3241 424 116 76 1416 426 309 156 153 1825 186 308 990 77 930 231 731 199 156 67 60 1639 1609 117
internal_count=3665 3241 424 116 76 1416 426 309 156 153 1825 186 308 990 77 930 231 731 199 156 67 60 1639 1609 117
cat_boundaries=0 1 2 3
cat_threshold=9 683 2304
is_linear=0
shrinkage=0.01


Tree=232
num_leaves=24
num_cat=0
split_feature=14 12 31 17 20 14 32 25 19 26 16 20 16 11 19 19 19 13 13 11 26 27 11
split_gain=0.875053 0.570985 0.393728 0.497888 0.360427 0.213894 0.237278 0.206762 0.220742 0.166776 0.163675 0.147119 0.138022 0.236681 0.207693 0.225026 0.133859 0.124712 0.0635201 0.0175176 0.0109387 0.00838276 0.00815441
threshold=-0.9259986516102553 4766.1000000000013 9.0500000000000025 -0.94139465211055529 25.01071428571429 -0.99372698525316483 23.249999999999993 4842.5000000000009 14.050000000000002 21.025000000000002 0.57075747273004163 24.039285714285718 0.96522610578843548 78.679579246933912 117.85000000000001 130.45000000000005 1.0000000180025095e-35 5583.6032359264636 5132.9288648912852 129.1925472120667 34.775000000000006 32.150000000000006 78.826207844261759
decision_type=2 2 2 2 2 2 2 2 2 2 2 2 2 2 2 2 2 2 2 2 2 2 2
left_child=2 4 5 -4 7 6 -1 8 9 -2 18 -10 14 -14 20 -16 17 -3 -7 -8 -6 -18 -20
right_child=1 16 3 -5 12 10 19 -9 11 -11 -12 -13 13 -15 15 -17 21 -19 22 -21 -22 -23 -24
leaf_value=-0.48204310983119519 0.0097435548771217587 -0.2975318314194787 0.61471355689970963 -0.19786608066155092 0.23864296051540548 -0.14295933824305762 1.0433153437051335 -0.33740028442674008 0.13472511780360522 -0.057650599304689902 -0.12348486513088287 -0.008325415457760282 0.15187153249933802 -1.3135813229903701 -0.10774108970064031 0.18292412136282182 2.3518333692097046 3.3075303987745186 0.34477740485356551 -0.040708217355192165 0.49176716452437935 1.8235562361469131 0.78402282660849398
leaf_weight=40 44 31 34 53 553 32 31 40 150 220 35 55 72 30 33 189 1704 57 30 30 30 33 139
leaf_count=40 44 31 34 53 553 32 31 40 150 220 35 55 72 30 33 189 1704 57 30 30 30 33 139
internal_value=0.000251637 0.000308606 -0.00016 -0.000755682 0.000146789 0 -0.000387255 -5e-05 0 -0.000181132 0.000160338 0.000254854 0.000268172 0 0.000313275 4.48432e-06 0.000428532 0 0.000299505 0 0.000413527 0.000447929 0.000379412
internal_weight=3665 3241 424 87 1416 337 101 509 469 264 236 205 907 102 805 222 1825 88 201 61 583 1737 169
internal_count=3665 3241 424 87 1416 337 101 509 469 264 236 205 907 102 805 222 1825 88 201 61 583 1737 169
is_linear=0
shrinkage=0.01


Tree=233
num_leaves=25
num_cat=2
split_feature=14 12 0 21 29 7 26 0 34 31 28 10 27 23 11 29 12 7 22 13 34 14 14 10
split_gain=0.718719 0.51589 0.493293 0.706844 0.677521 0.391819 0.340062 0.228352 0.293106 0.173391 0.163959 0.160249 0.159315 0.306059 0.129193 0.1002 0.0989347 0.0915938 0.0912299 0.0592755 0.0224104 0.0172117 0.0156091 0.00525791
threshold=-0.9259986516102553 4766.1000000000013 0 4299.0000000000009 26.375000000000004 43.500000000000007 24.125000000000004 1 5.4450000000000012 5.8500000000000005 20.875000000000004 4758.2142857142871 12.200000000000001 4300.5000000000009 99.296314967364893 27.525000000000002 4718.7166666666681 281.50000000000006 4460.5000000000009 5493.4433922558928 2.1250000000000004 -0.30163705152652742 0.99552231814189451 4292.6428571428578
decision_type=2 2 9 2 2 2 2 9 2 2 2 2 2 2 2 2 2 2 2 2 2 2 2 2
left_child=2 5 3 -1 -5 6 14 8 19 15 -7 -11 16 -14 18 23 -12 -17 -2 -3 21 -9 -22 -4
right_child=1 7 9 4 -6 10 -8 20 -10 11 12 -13 13 -15 -16 17 -18 -19 -20 -21 22 -23 -24 -25
leaf_value=0.28166552644007042 0.052308482836564398 4.779495502849656 0.02393752341322803 -0.0038031075092178389 -0.48576812522502033 -0.01945616668521398 -0.40197979154129498 0.8468989324387951 -0.31126614787354134 -0.32679545662146742 0.09340348305427966 1.7009789317509156 0.37929258274340333 -0.056826834389757115 -1.1177273183294441 -0.060159078595001754 0.072833070205948439 0.20678550006454607 -0.011684864491287 0.2715087494374861 2.4501410166112443 3.1335437641326553 2.974303560074075 0.76496996206496237
leaf_weight=37 88 97 31 32 47 37 59 30 30 40 972 37 52 37 41 30 70 37 60 59 1540 37 32 133
leaf_count=37 88 97 31 32 47 37 59 30 30 40 972 37 52 37 41 30 70 37 60 59 1540 37 32 133
internal_value=0.000257092 0.000308606 -0.000112941 -0.000645669 -0.00125625 0.000153846 -0.000184739 0.000423056 1.52284e-05 7.52351e-05 0.000234388 -0.000275641 0.000261042 -6.11111e-05 0 0.000239224 0.000298178 0 0.000161074 0.000242038 0.000460303 5.14706e-05 0.000474253 0.000375758
internal_weight=3665 3241 424 116 79 1416 248 1825 186 308 1168 77 1131 89 189 231 1042 67 148 156 1639 67 1572 164
internal_count=3665 3241 424 116 79 1416 248 1825 186 308 1168 77 1131 89 189 231 1042 67 148 156 1639 67 1572 164
cat_boundaries=0 1 2
cat_threshold=9 2304
is_linear=0
shrinkage=0.01


Tree=234
num_leaves=27
num_cat=3
split_feature=10 0 12 6 24 19 25 0 0 34 17 26 34 17 22 26 10 27 23 23 11 33 25 17 11 18
split_gain=0.637525 0.451725 0.41324 1.33096 0.323354 0.221534 0.200249 0.190488 0.175043 0.207225 0.171544 0.123909 0.123383 0.225333 0.163325 0.0967631 0.0859757 0.0828278 0.0658391 0.0848118 0.0582133 0.044754 0.00946855 0.00586502 0.00258273 0.00750726
threshold=4911.2857142857147 0 4977.1000000000013 9.5000000000000018 4127.5000000000009 139.75000000000003 4349.5000000000009 1 2 3.8350000000000004 -0.2665969552767416 24.925000000000004 3.9050000000000007 -0.87810534180523914 4000.5000000000005 22.475000000000005 4559.6428571428578 15.050000000000002 4032.5000000000005 3962.5000000000005 149.03363228390597 116.05000000000003 7377.5000000000009 -0.97113716369942038 380.13033353458678 15.549999999999994
decision_type=2 9 2 2 2 2 2 9 9 2 2 2 2 2 2 2 2 2 2 2 2 2 2 2 2 2
left_child=1 12 4 -4 6 22 11 10 9 -6 -7 -3 13 -1 -15 -14 -10 -16 19 -17 -12 -20 23 -2 25 -9
right_child=5 2 3 -5 8 7 -8 24 16 -11 20 -13 15 14 17 18 -18 -19 21 -21 -22 -23 -24 -25 -26 -27
leaf_value=-0.056506065870589775 3.8748316742827957 -0.48121173595444033 -0.47918000492719559 1.309571917476597 -0.49588040077081119 -0.046971207268667624 -0.46882019149273846 4.9989857392341639 0.018631179569965947 0.048163274902482275 -0.45175918887545424 0.17739551295977421 -1.0033797086360097e-05 -0.0091761962174330813 0.14358729741209378 0.021062682408258697 0.82566903758687293 -3.292346582718757e-06 0.48855584270127383 -0.014758506040197135 1.6218467818939095 0.31179198368865263 3.2239691322532362 3.1245192495473293 2.5801450062068887 3.6229735623290793
leaf_weight=49 36 54 31 39 38 42 48 30 328 96 30 42 47 35 263 90 194 48 443 42 53 226 34 1165 30 132
leaf_count=49 36 54 31 39 38 42 48 30 328 96 30 42 47 35 263 90 194 48 443 42 53 226 34 1165 30 132
internal_value=0.000246181 0.000126064 -3.97276e-05 -0.000774648 1.24844e-05 0.000403091 -0.0004 0.000121069 0.000118721 -0.000158621 -0.000128676 -2.06185e-05 0.000248405 6.94445e-05 0.000181556 0.000322733 0.000208255 0.000274038 0.000349751 4.51128e-05 1.78572e-05 0.000394776 0.000467233 0.000474626 0.000325123 0.000374233
internal_weight=3665 2113 870 70 800 1552 144 317 656 134 125 96 1243 395 346 848 522 311 801 132 83 669 1235 1201 192 162
internal_count=3665 2113 870 70 800 1552 144 317 656 134 125 96 1243 395 346 848 522 311 801 132 83 669 1235 1201 192 162
cat_boundaries=0 1 2 3
cat_threshold=754 2204 2052
is_linear=0
shrinkage=0.01


Tree=235
num_leaves=30
num_cat=3
split_feature=12 0 27 32 34 17 31 0 32 29 20 33 34 16 24 32 3 31 24 21 13 11 12 27 16 11 19 27 15
split_gain=0.816163 0.574439 0.581868 0.428387 0.736469 0.321098 0.228831 0.200693 0.275632 0.196982 0.176207 0.165428 0.3813 0.372432 0.211726 0.150358 0.280935 0.118761 0.120193 0.10872 0.108538 0.0921336 0.150235 0.081085 0.0685763 0.0670002 0.0563467 0.0139338 0.00423902
threshold=4766.1000000000013 0 1.0000000180025095e-35 40.150000000000013 3.6050000000000004 -0.91336200528690714 6.3500000000000005 1 31.600000000000009 26.525000000000002 24.81071428571429 74.15000000000002 4.5750000000000011 0.95566275305367776 4548.0000000000009 1.2000000000000013 2 0.95000000000000007 3962.5000000000005 4000.5000000000005 5252.8597909035425 34.503277967228392 4453.8500000000013 2.1500000000000008 0.72692958206603386 81.897136429957285 94.750000000000014 32.150000000000006 -0.7614016681079937
decision_type=2 9 2 2 2 2 2 9 2 2 2 2 2 2 2 2 1 2 2 2 2 2 2 2 2 2 2 2 2
left_child=1 11 10 4 -4 6 23 8 24 -6 15 13 21 17 -14 16 -3 18 -1 -15 -19 -13 -23 25 -7 -2 28 -9 -12
right_child=5 2 3 -5 9 7 -8 27 -10 -11 26 12 14 19 -16 -17 -18 20 -20 -21 -22 22 -24 -25 -26 -27 -28 -29 -30
leaf_value=0.0042420994026938974 0.007262938834830329 -0.73840101532450164 -0.95908089913028616 0.015329764117606028 0.077429016854443089 1.0392918870785948 -0.034953062951465837 2.295440971436995 -0.57832805971165346 -0.25182025558158527 0.65263103248150289 -0.01024122719227321 -0.32960280019293769 -0.75958234735309815 -0.10202552459806484 0.052733804884538146 0.013150553529441927 -0.1284720640818548 0.21885858107750258 -0.0011858177238023289 0.53408519089403361 0.097179904834197806 -0.0010589948721925178 -0.07353691359515524 1.0247601471161922 2.1351364383259428 0.0080284282538142879 1.4872912806718883 0.25437315404760219
leaf_weight=90 30 35 30 51 45 109 30 1552 45 60 30 47 45 30 51 44 42 30 486 39 46 240 99 50 30 105 30 30 103
leaf_count=90 30 35 30 51 45 109 30 1552 45 60 30 47 45 30 51 44 42 30 486 39 46 240 99 50 30 105 30 30 103
internal_value=0.000215321 4.56989e-05 -0.000239085 -0.000679144 -0.000974265 0.000353431 0 0.000397849 1.02564e-05 -0.000448113 7.01756e-06 0.00016598 2.07041e-06 0.00026385 -0.000536082 -0.000241803 -0.000532051 0.000346095 0.000395147 -0.000364286 0 0.000162791 0.000233824 0.000120968 0.000282143 0.000275735 0.000253049 0.000433773 0.000347015
internal_weight=3654 1673 470 186 135 1981 215 1766 184 105 284 1203 482 721 96 121 77 652 576 69 76 386 339 185 139 135 163 1582 133
internal_count=3654 1673 470 186 135 1981 215 1766 184 105 284 1203 482 721 96 121 77 652 576 69 76 386 339 185 139 135 163 1582 133
cat_boundaries=0 1 2 3
cat_threshold=874 2052 2
is_linear=0
shrinkage=0.01


Tree=236
num_leaves=31
num_cat=2
split_feature=14 0 0 29 30 10 22 13 33 11 28 31 16 14 22 11 23 11 28 21 18 16 23 14 7 33 14 7 10 13
split_gain=0.932046 0.611764 0.57809 0.644027 0.451757 0.352937 0.375366 0.630577 0.304302 0.2943 0.272607 0.39958 0.255066 0.234981 0.219046 0.133453 0.330561 0.213544 0.104489 0.411654 0.150028 0.267986 0.208715 0.0841326 0.0646205 0.0387437 0.0779109 0.0197644 0.0111131 0.0107801
threshold=-0.8781231054254196 0 1 27.075000000000006 27.475000000000005 4857.7857142857147 4701.0000000000009 5502.5979853479867 139.75000000000003 191.48542155128686 25.875000000000004 8.9500000000000011 0.77241981449888963 -0.9905448150984083 4300.5000000000009 54.055079190240612 4310.5000000000009 93.213144912286666 23.325000000000006 4043.5000000000005 52.050000000000004 0.97508442350096236 4247.5000000000009 -0.76694339346796603 243.50000000000003 0.19999999999999826 0.85673801594079257 11.500000000000002 4326.357142857144 6103.9122342402625
decision_type=2 9 9 2 2 2 2 2 2 2 2 2 2 2 2 2 2 2 2 2 2 2 2 2 2 2 2 2 2 2
left_child=2 14 4 10 28 6 15 -8 29 -5 -4 13 -10 -12 18 16 -3 -17 19 -2 21 -20 -22 24 -16 26 -25 -27 -1 -7
right_child=1 5 3 9 -6 8 7 -9 12 -11 11 -13 -14 -15 23 17 -18 -19 20 -21 22 -23 -24 25 -26 27 -28 -29 -30 -31
leaf_value=0.060993416568872548 0.056933760949384356 0.0031854089055953477 0.79631468146812157 -0.48703066540365253 -0.048501604862661252 1.8994247285348098 -0.65736696682477014 0.76186352541059332 2.429541617619619 -0.0477129903098358 -0.15960149246669741 -0.13248881144033947 -1.0880506357144706 0.28552893408276875 -0.2202500000451324 0.10512757043111175 -0.23475686805035945 -0.016530365244333333 0.077878523695301946 -1.0450004070605141 0.71625660611177311 -0.57628845666041073 -0.024814534034753831 2.4029166196091261 4.3398942581512348 0.65144739658533102 -0.033202097776246539 1.0491754259864172 0.74497853303176609 1.3076783920340931
leaf_weight=30 52 90 65 47 56 298 35 33 30 40 30 31 35 71 50 158 38 123 300 31 35 34 30 66 58 68 31 1480 179 30
leaf_count=30 52 90 65 47 56 298 35 33 30 40 30 31 35 71 50 158 38 123 300 31 35 34 30 66 58 68 31 1480 179 30
internal_value=0.000212586 0.000280908 -0.000155455 -0.000467797 0.000153986 3.97276e-05 -0.000128661 -0.000811594 0.000270305 -0.00121023 -0.000108586 -0.000406015 -0.000265151 0 0.000368433 0 -0.00027907 0.000108156 0.000146998 -0.00010119 0.00022375 0.000319403 -0.000113636 0.000425599 3.66973e-05 0.000445018 8.67347e-05 0.000460943 0.000402381 0.000407295
internal_weight=3654 3105 549 284 265 870 477 68 393 87 197 132 65 101 2235 409 128 281 482 83 399 334 65 1753 108 1645 97 1548 209 328
internal_count=3654 3105 549 284 265 870 477 68 393 87 197 132 65 101 2235 409 128 281 482 83 399 334 65 1753 108 1645 97 1548 209 328
cat_boundaries=0 1 2
cat_threshold=235 806
is_linear=0
shrinkage=0.01


Tree=237
num_leaves=23
num_cat=1
split_feature=14 13 21 3 21 25 25 18 22 7 10 13 10 11 31 23 13 27 7 27 23 25
split_gain=0.882785 0.413682 0.275794 0.366683 0.628511 0.256639 0.348118 0.620372 0.449916 0.287168 0.246773 0.219358 0.137924 0.122937 0.107575 0.0967104 0.0951431 0.0912482 0.0896726 0.110315 0.0607001 0.0102047
threshold=-0.9259986516102553 5575.5496727322579 4977.5000000000009 0 4794.5000000000009 4212.5000000000009 4612.0000000000009 29.999999999999996 4324.5000000000009 276.50000000000006 3919.7142857142862 5831.8248639720177 4792.9285714285725 637.51695295207617 3.6500000000000008 4449.5000000000009 5522.0749812734093 30.550000000000004 27.500000000000004 12.200000000000001 4020.5000000000005 4341.0000000000009
decision_type=2 2 2 1 2 2 2 2 2 2 2 2 2 2 2 2 2 2 2 2 2 2
left_child=5 2 3 4 10 -1 7 8 -7 11 -2 16 -6 15 -11 -3 -8 21 20 -20 -5 -17
right_child=1 13 -4 18 12 6 9 -9 -10 14 -12 -13 -14 -15 -16 17 -18 -19 19 -21 -22 -23
leaf_value=0.20328026130052468 -1.0162018111413584 -0.0048298156238385558 2.0861559798985376 0.038593700957094364 -0.11504603767929211 -0.61135836700709578 -0.18751676904103676 0.02564866522972949 -0.43865136249566022 0.76256196824173306 0.0056354302050560003 -0.044804483662960734 -0.68900920292484347 0.18901303612961967 -0.030529320292799218 1.8812457664244355 0.70312080064173244 0.73101761444808033 0.13551958701288791 0.013147581725646659 -0.080907535126890584 2.0085518803753102
leaf_weight=62 84 30 272 36 33 32 30 50 37 104 627 47 35 51 35 32 39 34 515 42 35 1392
leaf_count=62 84 30 272 36 33 32 30 50 37 104 627 47 35 51 35 32 39 34 515 42 35 1392
internal_value=0.000220793 0.000279279 0.000160417 9.48154e-05 -3.91026e-05 -0.000187643 -0.000301333 -0.000754167 -0.00136429 -4.88281e-05 3.58146e-05 -0.000444444 -0.000956522 0.000402273 0.000210714 0.000419073 0 0.000431117 0.00027663 0.000319892 0 0.000443509
internal_weight=3654 3218 1679 1407 779 436 374 119 69 255 711 116 68 1539 139 1488 69 1458 628 557 71 1424
internal_count=3654 3218 1679 1407 779 436 374 119 69 255 711 116 68 1539 139 1488 69 1458 628 557 71 1424
cat_boundaries=0 1
cat_threshold=2
is_linear=0
shrinkage=0.01


Tree=238
num_leaves=27
num_cat=3
split_feature=33 0 17 7 26 0 13 24 26 21 20 7 0 15 11 23 11 18 33 33 13 19 18 28 11 12
split_gain=0.648728 0.497444 0.41493 0.396364 0.726867 0.342727 0.331156 0.327327 0.307565 0.224187 0.489162 0.198547 0.289258 0.70382 0.216382 0.173645 0.168395 0.147025 0.119479 0.338161 0.0902468 0.0682592 0.066004 0.0295893 0.0138283 0.0133846
threshold=67.750000000000014 0 -0.91336200528690714 289.50000000000006 26.175000000000004 1 5353.996859352791 4491.0000000000009 26.975000000000005 4275.5000000000009 27.075000000000006 52.500000000000007 2 -0.30164489695395946 97.250900439680109 3991.0000000000005 56.694670951428705 8.2999999999999901 236.45000000000002 257.55000000000001 5669.2776934183021 107.25000000000001 95.200000000000017 22.625000000000004 540.23860011897807 4895.5500000000011
decision_type=2 9 2 2 2 9 2 2 2 2 2 2 9 2 2 2 2 2 2 2 2 2 2 2 2 2
left_child=6 3 5 4 -2 20 11 9 -7 17 -11 14 13 -13 15 -1 -17 -4 22 -20 -3 -6 -9 -14 -8 -5
right_child=1 2 7 25 21 8 24 18 -10 10 -12 12 23 -15 -16 16 -18 -19 19 -21 -22 -23 -24 -25 -26 -27
leaf_value=0.071094132385769587 -0.87006224683771727 0.71750768003815402 -0.017344182146029313 0.0051543487536260899 -0.69907012808119928 -0.37280504200193276 1.1237718710231872 1.3891212988933412 0.0088680148314694025 0.12129044581442115 -0.31573818286371413 -0.53035450816380325 0.005324926884945117 0.534437936992463 -1.1083628907588619 -0.19293264924468317 0.024032435808510218 0.6014258960660156 -0.74485337909829608 1.9363014400466378 -0.030953865397890863 0.0035675991847137771 0.76645862810751941 0.20191898744118766 2.7714709470036984 2.8262306587267716
leaf_weight=95 35 73 66 30 30 69 1373 442 41 94 68 39 57 95 52 30 56 157 30 187 30 39 47 355 30 34
leaf_count=95 35 73 66 30 30 69 1373 442 41 94 68 39 57 95 52 30 56 157 30 187 30 39 47 355 30 34
internal_value=0.000229001 5.83843e-05 0.000130798 -0.000424581 -0.000838095 -0.00025 0.000339441 0.000215659 -0.000619835 0 -0.000300613 0.000153205 0.000261426 -8.96552e-05 -5.76923e-05 5.76923e-05 -0.000195402 0.000185268 0.000343706 8.48624e-05 0.000100877 -7.85714e-05 0.000437755 0.000392435 0.000435541 3.07692e-05
internal_weight=3654 1472 1304 168 104 213 2182 1091 110 385 162 779 546 134 233 181 86 223 706 217 103 69 489 412 1403 64
internal_count=3654 1472 1304 168 104 213 2182 1091 110 385 162 779 546 134 233 181 86 223 706 217 103 69 489 412 1403 64
cat_boundaries=0 1 2 3
cat_threshold=2176 294 260
is_linear=0
shrinkage=0.01


Tree=239
num_leaves=25
num_cat=3
split_feature=33 0 16 32 24 25 27 10 10 0 31 26 17 16 25 13 11 3 11 11 19 19 21 16
split_gain=0.590871 0.501844 0.542525 0.80871 0.447434 0.549065 0.323749 0.281075 0.635668 0.222881 0.572209 0.136059 0.149402 0.125112 0.149306 0.0984953 0.0959155 0.092517 0.119292 0.0903663 0.0258991 0.0239357 0.0120687 0.0023051
threshold=76.200000000000003 0 -0.66528308454101848 40.150000000000013 4793.5000000000009 4212.5000000000009 5.0500000000000007 4168.2142857142871 4043.0714285714289 1 0.75000000000000011 27.525000000000002 -0.19337602734302625 0.97872324816535838 6692.5000000000009 5050.7357750435203 34.503277967228392 2 82.81031040215089 110.42395200953059 1.7000000000000093 0.19999999999999826 4152.5000000000009 0.92023804793023134
decision_type=2 9 2 2 2 2 2 2 2 9 2 2 2 2 2 2 2 1 2 2 2 2 2 2
left_child=7 11 19 4 5 -4 -6 8 15 10 20 16 -13 14 -5 17 -2 18 -1 -3 -9 -11 -18 -22
right_child=1 2 3 13 6 -7 -8 9 -10 21 -12 12 -14 -15 -16 -17 22 -19 -20 -21 23 -23 -24 -25
leaf_value=0.070403020665086857 0.20863029668810676 0.0024267991491121223 0.15521572281723173 0.17183009231455654 0.73041581981292425 -0.56152408252114872 -0.2284448126951443 1.0538764472952442 -1.0241522890413888 1.9010912361995873 -0.37685945793462544 -0.042802504069912664 0.35812384959151017 -0.62411464624510427 -0.039011289280372771 0.071922829666476923 0.062668425431927896 0.028960127487875319 -1.8544459876531929 0.50078455759514451 0.76399285706607301 0.73175893310596241 0.77319915740921785 0.060762058362417229
leaf_weight=33 30 58 36 285 79 155 36 46 35 102 40 41 85 31 35 166 32 80 33 172 159 1510 345 30
leaf_count=33 30 58 36 285 79 155 36 46 35 102 40 41 85 31 35 166 32 80 33 172 159 1510 345 30
internal_value=0.000231737 6.33357e-05 -7.40534e-05 -0.000230243 -0.000609121 -0.000908854 -2.15517e-05 0.000334228 3.87931e-05 0.00038321 6.11888e-05 0.000306066 0 7.24432e-05 0.000155763 0.000210863 0.000400735 0 -0.000253731 0.000324675 0.000286017 0.000428835 0.000445767 0.000339474
internal_weight=3654 1420 887 657 306 191 115 2234 347 1887 275 533 126 351 320 312 407 146 66 230 235 1612 377 189
internal_count=3654 1420 887 657 306 191 115 2234 347 1887 275 533 126 351 320 312 407 146 66 230 235 1612 377 189
cat_boundaries=0 1 2 3
cat_threshold=290 2320 2
is_linear=0
shrinkage=0.01


Tree=240
num_leaves=25
num_cat=0
split_feature=10 14 16 25 6 10 23 28 29 19 29 32 22 16 15 31 19 14 18 22 25 31 10 19
split_gain=0.559336 0.446433 0.301974 0.48409 0.520792 0.314928 0.376684 0.232741 0.229579 0.155991 0.14616 0.184046 0.164275 0.131845 0.11095 0.0765047 0.0290887 0.0225592 0.0172397 0.0159334 0.0196877 0.00240802 4.24794e-05 4.24794e-05
threshold=4854.0000000000009 -0.73282214301478099 -0.56457669118955289 5127.5000000000009 9.5000000000000018 4206.4285714285716 4149.5000000000009 27.325000000000006 27.025000000000002 121.85000000000001 27.425000000000004 55.550000000000004 4481.0000000000009 -0.48971288843577082 -0.46800559042974538 13.000000000000002 0.19999999999999826 0.85673801594079257 158.20000000000002 4601.0000000000009 7974.5000000000009 2.4500000000000006 6100.2142857142871 118.95000000000003
decision_type=2 2 2 2 2 2 2 2 2 2 2 2 2 2 2 2 2 2 2 2 2 2 2 2
left_child=2 8 5 7 -5 6 23 10 14 -8 11 -4 -12 -9 -2 -15 17 -3 19 -18 -21 -7 -16 -1
right_child=1 16 3 4 -6 21 9 13 -10 -11 12 -13 -14 15 22 -17 18 -19 -20 20 -22 -23 -24 -25
leaf_value=0.11676418278271672 -0.21292423475940481 1.277401844546203 -0.0012094481593448254 -0.36717150226838974 0.19646500631806479 0.90607781130672915 -0.13497198649867578 -0.32886698618505461 -0.19659100251697484 5.9495430273307508e-05 -0.38996496688819621 0.19668750421804107 0.50745648681325517 0.19956753464645055 1.6091409526740637 0.1441243528068267 1.1267491532799725 0.64813266448994356 0.63211847317843795 2.7024157345629001 6.9473978572921338 0.4532399205124274 0.91922291165929526 0.039653619296968923
leaf_weight=76 41 71 658 31 52 436 38 31 40 33 57 148 48 318 76 32 31 30 30 1264 30 35 30 30
leaf_count=76 41 71 658 31 52 436 38 31 40 33 57 148 48 318 76 32 31 30 30 1264 30 35 30 30
internal_value=0.000238069 0.000378041 0.000119318 2.72529e-05 -0.000696429 0.000298921 -8.42695e-06 8.19799e-05 -3.45745e-05 -0.000618056 0 4.08922e-05 -0.000353774 0.000289267 9.12162e-05 0.000356125 0.000437886 0.000102941 0.000455383 0.000461916 0.000468726 0.000435381 0.000308411 0.000308411
internal_weight=3666 1643 2023 1375 83 648 177 1292 187 71 911 806 105 381 147 350 1456 101 1355 1325 1294 471 106 106
internal_count=3666 1643 2023 1375 83 648 177 1292 187 71 911 806 105 381 147 350 1456 101 1355 1325 1294 471 106 106
is_linear=0
shrinkage=0.01


Tree=241
num_leaves=26
num_cat=1
split_feature=10 14 24 7 13 25 13 10 33 25 28 29 26 20 7 15 0 25 24 17 19 25 18 25 10
split_gain=0.531677 0.434543 0.414778 1.38583 0.268561 0.315016 0.443755 0.531928 0.24905 0.544396 0.664922 0.229579 0.199158 0.173867 0.111108 0.11095 0.0987857 0.0779547 0.0542023 0.0524812 0.0417579 0.0203906 0.0183614 0.0196397 4.24794e-05
threshold=4854.0000000000009 -0.73282214301478099 5061.5000000000009 271.50000000000006 5270.0953828424017 4349.5000000000009 5122.3147676771905 4230.2857142857147 88.950000000000003 4612.0000000000009 26.625000000000004 27.025000000000002 22.125000000000004 21.821428571428577 344.50000000000006 -0.46800559042974538 0 5506.0000000000009 4449.5000000000009 0.8277910979379729 0.19999999999999826 5205.0000000000009 158.20000000000002 7974.5000000000009 6100.2142857142871
decision_type=2 2 2 2 2 2 2 2 2 2 2 2 2 2 2 2 9 2 2 2 2 2 2 2 2
left_child=2 11 4 -4 5 13 7 -7 12 10 -10 15 -6 -1 -14 -2 -15 -11 -3 -8 21 -20 23 -22 -17
right_child=1 18 3 -5 8 6 19 -9 9 17 -12 -13 14 16 -16 24 -18 -19 20 -21 22 -23 -24 -25 -26
leaf_value=-0.0046860987115194454 -0.21079499241181324 1.240972374729735 -0.38195591328923101 1.3648073855102747 -0.052555947356471309 -0.23599345490670662 0.0050590675503994452 -0.38256240934983732 -0.011521962485228557 0.48174196963528942 0.017808495703056832 -0.19462509249180535 0.47680177857902378 -0.0073635628800007274 0.0045594634550179718 1.5930495431473202 0.053157870745578623 0.12765875865072202 0.17414741086396229 -0.15440958059751314 2.7242586571692007 2.606855158399521 0.62579728844665095 6.8779238787192103 0.91003068254269781
leaf_weight=30 41 49 33 69 56 49 153 41 46 242 75 40 555 156 30 76 396 55 54 37 1252 41 30 30 30
leaf_count=30 41 49 33 69 56 49 153 41 46 242 75 40 555 156 30 76 396 55 54 37 1252 41 30 30 30
internal_value=0.000235342 0.000371959 0.000119318 -0.000475728 0.000156348 1.27462e-05 -0.00024911 -0.000824176 0.000263679 4.53461e-05 -0.000487705 -3.45745e-05 0.000390187 0.000156089 0.000447952 9.12162e-05 0.000209765 0.00029698 0.000431023 0 0.000442827 7.8125e-05 0.000461538 0.000468433 0.000308411
internal_weight=3666 1643 2023 102 1921 862 280 90 1059 418 121 187 641 582 585 147 552 297 1456 190 1407 95 1312 1282 106
internal_count=3666 1643 2023 102 1921 862 280 90 1059 418 121 187 641 582 585 147 552 297 1456 190 1407 95 1312 1282 106
cat_boundaries=0 1
cat_threshold=136
is_linear=0
shrinkage=0.01


Tree=242
num_leaves=25
num_cat=1
split_feature=10 14 16 24 15 10 13 29 0 15 34 11 16 26 23 15 11 24 19 18 16 11 11 10
split_gain=0.603284 0.434543 0.302881 0.646116 0.772739 0.288213 0.448976 0.229579 0.221845 0.314763 0.452911 0.233462 0.197853 0.148542 0.112744 0.11095 0.0972784 0.0542023 0.0417579 0.0183614 0.018153 0.0162945 0.0146516 4.24794e-05
threshold=4854.0000000000009 -0.73282214301478099 -0.56457669118955289 5061.5000000000009 0.071972700440407641 4206.4285714285716 5188.1449435404429 27.025000000000002 0 0.98486764554468398 2.8450000000000002 165.45672649048726 0.056949529780582521 25.175000000000004 4152.5000000000009 -0.46800559042974538 245.34956206435353 4449.5000000000009 0.19999999999999826 158.20000000000002 -0.99910023951593252 134.57038228658908 712.44212400090612 6100.2142857142871
decision_type=2 2 2 2 2 2 2 2 9 2 2 2 2 2 2 2 2 2 2 2 2 2 2 2
left_child=2 7 5 8 -5 6 14 15 11 10 -10 13 -13 -4 -1 -2 20 -3 21 22 -7 -19 -20 -17
right_child=1 17 3 4 -6 16 -8 -9 9 -11 -12 12 -14 -15 -16 23 -18 18 19 -21 -22 -23 -24 -25
leaf_value=0.12612794781768036 -0.20868704248769276 1.228562650982439 0.0015749862607114149 -0.39884801447594953 0.28118110975649713 0.80136703475311555 -0.045185452522033431 -0.19267884156688908 -0.40283888832300274 -0.0264005817947182 0.025176249663548502 -0.45306946598554493 0.66573168361101642 0.17529480714543008 -0.24371918781681826 1.5771190477158445 0.51163817146379953 1.6998743443570881 2.6898514459702558 0.61953931556218245 0.83454236379400859 0.14895228811078581 5.8544815917728554 0.90093037571726742
leaf_weight=104 41 49 275 30 30 30 40 40 39 52 336 36 36 541 33 76 31 64 1250 30 410 31 32 30
leaf_count=104 41 49 275 30 30 30 40 40 39 52 336 36 36 541 33 76 31 64 1250 30 410 31 32 30
internal_value=0.000227161 0.000371959 0.000104496 1.2718e-05 -0.000983607 0.000283513 -8.42695e-06 -3.45745e-05 6.64894e-05 -0.000106164 0 0.000160178 -0.000328767 0.00021787 0.000206522 9.12162e-05 0.000414195 0.000431023 0.000442827 0.000461538 0.000453515 7.8125e-05 0.000468433 0.000308411
internal_weight=3666 1643 2023 1375 60 648 177 187 1315 427 375 888 72 816 137 147 471 1456 1407 1312 440 95 1282 106
internal_count=3666 1643 2023 1375 60 648 177 187 1315 427 375 888 72 816 137 147 471 1456 1407 1312 440 95 1282 106
cat_boundaries=0 1
cat_threshold=795
is_linear=0
shrinkage=0.01


Tree=243
num_leaves=24
num_cat=0
split_feature=10 14 16 12 10 12 29 11 29 26 27 31 27 15 11 5 24 19 25 18 25 16 10
split_gain=0.628038 0.434543 0.321469 0.699019 0.288213 0.432349 0.241611 0.416924 0.229579 0.193345 0.180642 0.490185 0.160335 0.11095 0.0972784 0.0762953 0.0542023 0.0417579 0.0203906 0.0183614 0.0196397 0.018153 4.24794e-05
threshold=4854.0000000000009 -0.73282214301478099 -0.56457669118955289 4977.1000000000013 4206.4285714285716 4264.5000000000009 22.975000000000005 97.250900439680109 27.025000000000002 26.875000000000004 12.200000000000001 0.75000000000000011 0.55000000000000016 -0.46800559042974538 245.34956206435353 2.5000000000000004 4449.5000000000009 0.19999999999999826 5205.0000000000009 158.20000000000002 7974.5000000000009 -0.99910023951593252 6100.2142857142871
decision_type=2 2 2 2 2 2 2 2 2 2 2 2 2 2 2 2 2 2 2 2 2 2 2
left_child=2 8 4 6 5 9 7 15 13 -1 12 -12 -8 -2 21 -4 -3 18 -18 20 -19 -6 -15
right_child=1 16 3 -5 14 -7 10 -9 -10 -11 11 -13 -14 22 -16 -17 17 19 -20 -21 -22 -23 -24
leaf_value=0.075177828134312577 -0.2066001720628195 1.2162770244726191 0.13892079337352775 -0.3465323248612498 0.79335336440558824 -0.038132897106086874 0.013766504924750397 -0.2472554616931284 -0.19075205315122204 -0.20383839136041773 -0.44909418855959665 0.069052748477169426 0.24327758850562411 1.5613478572386823 0.50652178974916606 -0.0038847788117239491 0.16083541989618191 2.670117556137809 2.5637878633719531 0.61334392240656066 6.7648406603541735 0.82619694015607015 0.89192107196009229
leaf_weight=112 41 49 79 57 30 30 582 53 40 35 34 97 385 76 31 88 54 1252 41 30 30 410 30
leaf_count=112 41 49 79 57 30 30 582 53 40 35 34 97 385 76 31 88 54 1252 41 30 30 410 30
internal_value=0.000224434 0.000371959 9.95553e-05 5.45059e-06 0.000283513 -8.42695e-06 5.98939e-05 -0.000226244 -3.45745e-05 0.000158784 0.000126479 -0.000185606 0.000179236 9.12162e-05 0.000414195 0 0.000431023 0.000442827 7.8125e-05 0.000461538 0.000468433 0.000453515 0.000308411
internal_weight=3666 1643 2023 1375 648 177 1318 220 187 147 1098 131 967 147 471 167 1456 1407 95 1312 1282 440 106
internal_count=3666 1643 2023 1375 648 177 1318 220 187 147 1098 131 967 147 471 167 1456 1407 95 1312 1282 440 106
is_linear=0
shrinkage=0.01


Tree=244
num_leaves=24
num_cat=0
split_feature=33 34 28 26 24 13 24 15 25 28 16 21 33 34 13 14 11 15 32 15 32 7 34
split_gain=0.654145 0.498274 0.927432 0.594191 0.767185 0.40717 0.382546 0.349375 0.528834 0.272052 0.237705 0.234612 0.28858 0.188663 0.186162 0.445837 0.162411 0.15427 0.0866259 0.0746988 0.0343145 0.0144152 0.00591295
threshold=88.250000000000014 4.5750000000000011 26.175000000000008 26.875000000000004 4793.5000000000009 5353.996859352791 4050.5000000000005 -0.94426098523567992 4460.5000000000009 27.175000000000008 -0.39727776132405557 4402.0000000000009 112.25000000000001 3.4350000000000005 5780.9042133665434 -0.9259986516102553 34.503277967228392 0.61067742788105683 38.100000000000016 0.99349222267034787 55.550000000000004 338.50000000000006 7.4350000000000014
decision_type=2 2 2 2 2 2 2 2 2 2 2 2 2 2 2 2 2 2 2 2 2 2 2
left_child=5 6 -3 4 -4 7 -2 8 -1 -5 22 12 -8 19 21 -16 -14 -15 -7 -12 -20 -13 -9
right_child=1 2 3 9 -6 18 11 10 -10 -11 13 14 16 17 15 -17 -18 -19 20 -21 -22 -23 -24
leaf_value=0.62884886460086975 -0.55808510244705611 0.91947706510703631 -0.42102294456442635 -0.59693457117125248 -0.23375764791668643 1.1957143961336898 -0.079637517202729186 0.20502083773664434 -0.25487744790236166 1.040512876521366 -0.29724943771827356 0.71673448990948407 -0.011726451155128104 0.08545080844383604 -0.06306765759686557 1.9861272310653229 0.16131917566370971 0.00045928391787089073 -0.18852524839540472 -0.00080001203024212685 1.8780889150429034 0.92986065125536599 0.71619316218632412
leaf_weight=32 38 84 34 37 32 1436 60 297 37 41 30 339 45 125 92 235 251 254 30 33 41 31 32
leaf_count=32 38 84 34 37 32 1436 60 297 37 41 30 339 45 125 92 235 251 254 30 33 41 31 32
internal_value=0.000224434 3.75e-05 -0.000375546 -0.000882759 -0.00159701 0.00032517 0.000133242 0.000130797 -0.000507143 -0.00013924 0.000201425 0.000176945 -5.60223e-06 2.48307e-05 0.000284384 7.16464e-05 9.42761e-05 0.000130263 0.000426724 -0.000445312 0 0.000444744 0.000407576
internal_weight=3666 1319 228 144 66 2347 1091 840 69 78 771 1053 356 442 697 327 296 379 1507 63 71 370 329
internal_count=3666 1319 228 144 66 2347 1091 840 69 78 771 1053 356 442 697 327 296 379 1507 63 71 370 329
is_linear=0
shrinkage=0.01


Tree=245
num_leaves=30
num_cat=4
split_feature=14 10 0 15 0 21 25 26 26 26 11 0 10 21 13 14 13 28 22 24 0 28 21 18 24 21 13 15 10
split_gain=0.854925 0.614474 0.679759 0.999979 0.370564 0.461779 0.445719 0.546515 0.364394 0.220496 0.353575 0.161271 0.271251 0.414424 0.425589 0.339055 0.139533 0.119224 0.237181 0.100649 0.0741673 0.0590174 0.0255587 0.0220486 0.0185907 0.0142182 0.00750726 0.00741267 0.0122286
threshold=-0.9259986516102553 4292.6428571428578 0 -0.6391983530350368 1 4349.5000000000009 6145.0000000000009 26.975000000000005 27.475000000000005 24.425000000000004 94.993724002722587 2 4951.7857142857147 4794.5000000000009 5553.6423975044572 -0.64578423485557612 5203.7635118078188 25.925000000000008 4043.5000000000005 4167.0000000000009 3 22.775000000000002 3962.5000000000005 28.550000000000004 4661.0000000000009 4290.5000000000009 5193.870910328731 -0.99818570902816506 4559.6428571428578
decision_type=2 2 9 2 9 2 2 2 2 2 2 9 2 2 2 2 2 2 2 2 9 2 2 2 2 2 2 2 2
left_child=4 2 3 -2 5 23 7 -7 26 10 21 19 13 16 -15 -14 -13 18 -5 -3 22 -4 -11 -1 -17 -22 -6 -21 -29
right_child=1 11 9 17 8 6 -8 -9 -10 20 -12 12 15 14 -16 24 -18 -19 -20 27 25 -23 -24 -25 -26 -27 -28 28 -30
leaf_value=0.22145280177919938 -0.51221618815965608 0.0006697607437361852 -0.08915635483810698 0.051353802435539747 0.066262563747022829 -0.45292947090637115 0.59504196979987334 -0.0036910583545783633 -0.05464132811402201 -0.0021751916179897001 -1.2135626514403066 -0.049241092882711827 -0.24786262227294956 -0.21583948255829977 2.9264317400831175 2.3506303277543452 0.15471980415302602 0.34860967884817329 -0.69608829926938731 0.46631013845870889 0.13051005417992609 0.051589590336095476 0.21105543924541331 0.10277427824370163 2.7453290436188134 0.24762579133991983 0.71998849151432043 0.28187269122531061 1.793973383279784
leaf_weight=41 34 30 31 36 30 54 45 56 59 32 32 48 49 75 34 30 210 42 33 33 244 114 87 30 441 30 132 243 1279
leaf_count=41 34 30 31 36 30 54 45 56 59 32 32 48 49 75 34 30 210 42 33 33 244 114 87 30 441 30 132 243 1279
internal_value=0.000224759 0.000283407 1.04749e-05 -0.000560897 -0.000170759 -0.000451477 -0.000785256 -0.00112613 8.83621e-05 0.000180723 -6.46067e-05 0.000358269 0.000215479 0 -0.000504545 0.000364683 0.000227799 -4.01786e-05 -0.000364286 0.000427632 0.000321066 8.56164e-05 0 7.63889e-05 0.000456568 0.000410526 0.000374233 0.000441838 0.000447144
internal_weight=3634 3187 715 145 447 226 155 110 221 570 177 2472 887 367 109 520 258 111 69 1585 393 145 119 71 471 274 162 1555 1522
internal_count=3634 3187 715 145 447 226 155 110 221 570 177 2472 887 367 109 520 258 111 69 1585 393 145 119 71 471 274 162 1555 1522
cat_boundaries=0 1 2 3 4
cat_threshold=2340 217 47 18
is_linear=0
shrinkage=0.01


Tree=246
num_leaves=25
num_cat=1
split_feature=10 16 11 0 7 25 33 12 25 10 5 11 13 12 24 21 13 24 25 7 29 23 30 15
split_gain=0.610706 0.495727 0.727988 0.493181 0.41122 0.639296 0.401572 0.396395 0.372352 0.23307 0.17179 0.169316 0.19077 0.156766 0.136709 0.136118 0.230014 0.134909 0.108338 0.0610145 0.0387764 0.0326802 0.0189643 0.00739792
threshold=4951.7857142857147 -0.60468929461279042 97.250900439680109 0 271.50000000000006 4350.5000000000009 141.55000000000004 4994.666666666667 6751.5000000000009 4168.2142857142871 3.5000000000000004 54.055079190240612 5570.6126184791274 5645.5000000000009 4310.5000000000009 4826.0000000000009 5570.6126184791274 4013.0000000000005 3951.0000000000005 250.50000000000003 23.325000000000006 6095.0000000000009 24.225000000000005 -0.9955251950901236
decision_type=2 2 2 9 2 2 2 2 2 2 2 2 2 2 2 2 2 2 2 2 2 2 2 2
left_child=1 9 10 7 5 -5 23 17 13 14 15 12 -12 -8 20 18 -17 -4 -3 -13 -1 -15 -11 -2
right_child=6 2 3 4 -6 -7 8 -9 -10 22 11 19 -14 21 -16 16 -18 -19 -20 -21 -22 -23 -24 -25
leaf_value=-0.26881317044267306 7.8064971333976141 -0.0013329219002265217 -0.66533162985489225 0.030781292126860382 -0.25285860105104352 -0.77132886755408692 -0.18372454396973248 -0.25724012068603264 -0.24938468968992594 0.31398594820674047 -0.066378514080566942 0.10612047861461457 1.2584351000786016 1.9120269756232458 -0.056316464577521978 -0.14531818427301468 2.0232280051326934 0.090551917472805096 0.14109382139484658 -0.18689093418543398 0.017741139673653268 0.6892196259133907 0.75048586963844499 3.2858271353560005
leaf_weight=31 36 40 30 31 59 52 43 40 49 30 123 118 36 157 41 30 43 245 589 49 98 52 471 1141
leaf_count=31 36 40 30 31 59 52 43 40 49 30 123 118 36 157 41 30 43 245 589 49 98 52 471 1141
internal_value=0.000238514 0.000124247 1.51413e-05 -0.000308952 -0.000777778 -0.00129167 0.000398242 -3.83435e-05 3.47682e-05 0.000350446 0.000169096 0 -0.000253125 0.000221344 0 0.000257468 -4.72973e-05 6.34058e-05 0.00030873 0.000199405 0.000188462 0.000354762 0.000459163 0.000482598
internal_weight=3634 2156 1485 457 142 83 1478 315 301 671 1028 326 159 252 170 702 73 275 629 167 129 209 501 1177
internal_count=3634 2156 1485 457 142 83 1478 315 301 671 1028 326 159 252 170 702 73 275 629 167 129 209 501 1177
cat_boundaries=0 1
cat_threshold=366
is_linear=0
shrinkage=0.01


Tree=247
num_leaves=28
num_cat=3
split_feature=14 12 29 33 34 26 32 26 26 5 33 16 0 25 29 22 0 7 20 31 32 10 31 33 10 27 0
split_gain=1.0729 0.46148 0.340615 0.501354 0.3979 0.332973 0.316889 0.252895 0.30802 0.238566 0.217973 0.194258 0.167461 0.539253 0.156367 0.143299 0.108558 0.101531 0.136039 0.0980783 0.0640789 0.0875335 0.062885 0.0628049 0.160288 0.0142723 0.012458
threshold=-0.9259986516102553 4762.7166666666681 27.025000000000002 184.25000000000003 2.9100000000000006 23.725000000000005 0.20000000000000009 20.875000000000004 22.425000000000004 2.5000000000000004 70.350000000000009 0.96522610578843548 0 4750.5000000000009 27.725000000000005 7252.5000000000009 1 278.50000000000006 26.625000000000004 6.6000000000000005 2.2000000000000015 4029.2857142857147 0.35000000000000003 0.19999999999999826 4951.7857142857147 32.800000000000004 2
decision_type=2 2 2 2 2 2 2 2 2 2 2 2 9 2 2 2 9 2 2 2 2 2 2 2 2 2 9
left_child=2 5 4 14 9 6 7 -2 -9 -1 11 19 13 -12 -4 23 17 18 -6 -7 -8 -22 -14 24 -3 26 -25
right_child=1 15 3 -5 16 10 20 8 -10 -11 12 -13 22 -15 -16 -17 -18 -19 -20 -21 21 -23 -24 25 -26 -27 -28
leaf_value=-0.18846278072651651 0.1480781356383527 -0.17205965617181221 0.21346756599937664 -0.40082931937522942 0.70815734105993833 0.23321106230709659 0.084719986245334306 -0.10494721398694359 -0.90591434208129562 0.045170450912222326 0.078772669751546093 -0.0019147573202269845 0.0032151675637407712 -0.21696041843109468 -0.022489564806751714 0.0097575641194327638 0.31932955662993151 1.0296186970479853 -0.030448680888416839 0.0048590977833124875 0.14096832021589442 -0.10266487395773091 0.2888470294068563 0.71338273001969299 1.6278014524621358 1.3608617300933399 2.1990071929837764
leaf_weight=33 31 34 60 60 30 552 80 58 84 34 78 50 120 40 35 43 119 46 30 30 42 32 193 147 83 30 1460
leaf_count=33 31 34 60 60 30 552 80 58 84 34 78 50 120 40 35 43 119 46 30 30 42 32 193 147 83 30 1460
internal_value=0.000230261 0.000295954 -0.000215402 -0.000592949 0 0.000147376 -0.00011128 -0.000422414 -0.000622378 -0.000683824 0.000236372 0.00035703 3.58796e-05 -0.00024031 -2.60417e-05 0.000405172 0.000188053 0 -0.000327869 0.000413379 0.000174194 0 0.000174383 0.000419943 7.20339e-05 0.000438645 0.000443719
internal_weight=3634 3187 447 155 292 1390 327 173 142 67 1063 632 431 118 95 1797 225 106 60 582 154 74 313 1754 117 1637 1607
internal_count=3634 3187 447 155 292 1390 327 173 142 67 1063 632 431 118 95 1797 225 106 60 582 154 74 313 1754 117 1637 1607
cat_boundaries=0 1 2 3
cat_threshold=2752 300 2304
is_linear=0
shrinkage=0.01


Tree=248
num_leaves=22
num_cat=0
split_feature=14 10 10 15 21 15 12 20 12 32 22 13 13 21 26 17 34 23 12 34 22
split_gain=0.725958 0.575406 0.30477 0.411797 0.291098 0.318986 0.414904 0.261125 0.256857 0.128942 0.120426 0.156425 0.242065 0.339552 0.169856 0.0978891 0.0829871 0.189987 0.07457 0.0395054 0.017615
threshold=-0.9259986516102553 4292.6428571428578 4264.7857142857147 -0.81925291736142491 4325.5000000000009 -0.27694043983797384 4328.5333333333338 23.053571428571434 3978.7833333333338 3.1000000000000041 7252.5000000000009 5570.6126184791274 5543.6120137046864 4901.0000000000009 22.425000000000004 -0.35846749276936624 2.9550000000000005 4612.0000000000009 4305.3500000000013 2.1250000000000004 4402.0000000000009
decision_type=2 2 2 2 2 2 2 2 2 2 2 2 2 2 2 2 2 2 2 2 2
left_child=4 2 7 -4 -1 -6 -7 8 -2 15 11 12 14 -14 -3 -9 -8 -18 -11 -13 -21
right_child=1 10 3 -5 5 6 16 9 -10 18 -12 19 13 -15 -16 -17 17 -19 -20 20 -22
leaf_value=0.081584090301987849 -0.44543608873301593 -0.009721001713257172 -0.023737505627331457 0.30963185377981772 -0.3275517224843163 -0.43496499387279419 -0.026526891564338212 0.16449552268277468 0.024751076880364497 0.18548149387673704 0.0096599884782392204 0.63549865056473021 -0.32701054226203141 1.2712464391718663 0.4143821929616609 -0.00061279036391912053 -0.0064863115517693106 0.40665094483957426 0.044930673884005304 1.6257922775211273 1.8846937172958571
leaf_weight=101 41 129 30 32 34 36 44 74 53 205 43 57 31 34 750 243 58 174 37 30 1398
leaf_count=101 41 129 30 32 34 36 44 74 53 205 43 57 31 34 750 243 58 174 37 30 1398
internal_value=0.000235763 0.00028968 2.44414e-05 -0.000619048 -0.000126116 -0.000279539 -0.000140575 0.000101682 -0.000347368 0.000195536 0.000362313 0.000372222 0.000245503 -0.000265151 0.000294886 2.67296e-05 0 6.86695e-05 0.000374486 0.000445828 0.000457663
internal_weight=3634 3187 715 62 447 346 312 653 94 559 2472 2429 944 65 879 317 276 232 242 1485 1428
internal_count=3634 3187 715 62 447 346 312 653 94 559 2472 2429 944 65 879 317 276 232 242 1485 1428
is_linear=0
shrinkage=0.01


Tree=249
num_leaves=25
num_cat=2
split_feature=14 13 33 0 28 20 13 18 22 26 7 20 20 26 26 21 0 27 19 21 23 23 31 7
split_gain=0.811663 0.496023 0.307509 0.289513 0.425289 0.215704 0.325062 0.19184 0.171552 0.151628 0.134282 0.131024 0.614672 0.121196 0.15216 0.223484 0.106949 0.106406 0.102904 0.0579401 0.0577388 0.0155335 0.0165371 0.0133846
threshold=-0.9259986516102553 5570.6126184791274 344.75000000000006 0 23.425000000000004 27.060714285714287 5411.981585970264 12.950000000000001 7252.5000000000009 27.575000000000006 20.500000000000004 29.903571428571436 27.43928571428572 22.425000000000004 21.025000000000002 4561.0000000000009 1 12.200000000000001 0.19999999999999826 4376.0000000000009 4300.5000000000009 4360.5000000000009 31.250000000000004 278.50000000000006
decision_type=2 2 2 9 2 2 2 2 2 2 2 2 2 2 2 2 9 2 2 2 2 2 2 2
left_child=2 3 5 13 10 9 7 -7 21 16 -5 12 -6 14 -2 -16 19 18 -15 -1 -19 -3 -23 -8
right_child=1 8 -4 4 11 6 23 -9 -10 -11 -12 -13 -14 17 15 -17 -18 20 -20 -21 -22 22 -24 -25
leaf_value=0.30360049899945291 0.086503688960557212 0.19397865202183473 -0.10604377976055612 -0.086226654455027682 0.062088810750537821 0.0050817914794440014 0.0043234010446208896 -0.40435180630221385 -0.072174176360611283 -0.040530072856813079 -0.043261338264687907 0.50257497944608653 -0.18479034209450454 0.011466602495047074 -0.40710398076983773 0.73061941818586296 0.29792353795046139 0.47377635588000938 0.23884972482886027 -0.078725795263697634 -0.087908836734486337 1.8628081624101216 1.6049065680956074 1.521624152992874
leaf_weight=41 68 30 30 31 246 31 30 54 37 30 53 102 65 74 46 44 127 31 870 70 34 1426 30 34
leaf_count=41 68 30 30 31 246 31 30 54 37 30 53 102 65 74 46 44 127 31 870 70 34 1426 30 34
internal_value=0.000235763 0.000292817 -0.000148437 0.000163363 -2.26378e-05 -5.14354e-05 -0.00037 -0.000784884 0.000427493 8.92193e-05 -0.000682353 8.81643e-05 0 0.000249151 0 -0.000274725 0.000205021 0.000291584 0.000319577 0 0 0.000445864 0.000451613 3.07692e-05
internal_weight=3634 3187 447 1664 497 417 149 85 1523 268 84 413 311 1167 158 90 238 1009 944 111 65 1486 1456 64
internal_count=3634 3187 447 1664 497 417 149 85 1523 268 84 413 311 1167 158 90 238 1009 944 111 65 1486 1456 64
cat_boundaries=0 1 2
cat_threshold=907 205
is_linear=0
shrinkage=0.01


Tree=250
num_leaves=27
num_cat=2
split_feature=14 0 19 0 29 33 10 19 24 14 34 25 14 22 13 21 31 23 29 19 11 34 32 11 22 13
split_gain=0.932399 0.558671 0.430414 0.367885 0.80955 0.360804 0.287489 0.569533 0.266143 0.672751 0.264286 0.236054 0.216921 0.199134 0.164996 0.125318 0.254743 0.232201 0.113492 0.0688471 0.0575102 0.0556451 0.0381213 0.024458 0.0224296 0.0203281
threshold=-0.8781231054254196 0 59.40000000000002 1 27.025000000000002 184.25000000000003 4951.7857142857147 0.19999999999999826 4793.5000000000009 -0.38242426011641079 3.2350000000000008 4149.5000000000009 -0.73282214301478099 4149.5000000000009 5148.6823406072845 4402.0000000000009 10.150000000000002 4299.0000000000009 21.575000000000006 264.90000000000003 61.256668548230273 4.205000000000001 49.20000000000001 49.492182841924453 4725.5000000000009 5183.3290621175038
decision_type=2 9 2 9 2 2 2 2 2 2 2 2 2 2 2 2 2 2 2 2 2 2 2 2 2 2
left_child=3 2 20 15 10 -6 7 -3 9 25 -5 13 19 -9 -11 17 -17 -1 -13 -8 23 -12 -10 -2 -14 -4
right_child=1 6 8 4 5 -7 12 11 22 14 21 18 24 -15 -16 16 -18 -19 -20 -21 -22 -23 -24 -25 -26 -27
leaf_value=0.14668374236083961 0.052051107444007164 -0.1948699711668116 0.54427720531227297 -0.045351201051015748 -0.026094391264222631 -0.43209817721940691 -0.47652655864037541 0.0043956296264985794 0.90119610925435367 -0.31990552866812516 0.39344718374045784 0.0029750483263682992 2.552021625722249 -0.727735947116113 -0.7687768948786089 0.88639738739142415 -0.052548649486437643 -0.0084899690014670712 0.32924035232689397 1.7540287236067968 0.14671256034370381 -0.22938940335944163 -0.19289370853076704 -0.094688999037386395 3.6347906563900416 -0.021525341522397108
leaf_weight=38 60 58 34 52 47 39 32 112 43 32 76 67 30 30 30 161 32 50 1173 31 109 53 30 30 1164 31
leaf_count=38 60 58 34 52 47 39 32 112 43 32 76 67 30 30 30 161 32 50 1173 31 109 53 30 30 1164 31
internal_value=0.000211797 0.000280271 -5e-05 -0.000156648 -0.000419065 -0.00122989 0.000331795 0.000222068 -0.00039801 -0.000675781 0 0.000268257 0.000451908 -6.2937e-05 -0.0014127 7.02055e-05 0.000239691 -0.000179775 0.000314263 0 0.0002475 0.000188462 0 0 0.000482845 0
internal_weight=3644 3096 399 548 267 86 2697 1440 200 127 181 1382 1257 142 62 281 193 88 1240 63 199 129 73 90 1194 65
internal_count=3644 3096 399 548 267 86 2697 1440 200 127 181 1382 1257 142 62 281 193 88 1240 63 199 129 73 90 1194 65
cat_boundaries=0 1 2
cat_threshold=2576 2854
is_linear=0
shrinkage=0.01


Tree=251
num_leaves=26
num_cat=2
split_feature=14 10 0 17 20 0 28 21 20 18 14 26 29 18 26 14 7 11 10 29 29 26 24 33 7
split_gain=0.891752 0.482047 0.474841 0.53222 0.409157 0.395432 0.527837 0.514921 0.364465 0.515945 0.356106 0.228745 0.20845 0.187007 0.186423 0.170675 0.154897 0.325195 0.229642 0.148136 0.127382 0.115025 0.0553766 0.0143009 0.00806452
threshold=-0.8781231054254196 4951.7857142857147 0 0.70747208174348741 22.725000000000005 1 25.675000000000004 4299.0000000000009 26.43928571428572 24.550000000000001 -0.61913973745509387 28.175000000000004 21.575000000000006 72.950000000000017 27.475000000000005 -0.159513159777915 61.500000000000007 109.65313275875154 4926.1428571428578 26.625000000000004 27.575000000000006 26.775000000000002 4612.0000000000009 157.75000000000003 273.50000000000006
decision_type=2 2 9 2 2 9 2 2 2 2 2 2 2 2 2 2 2 2 2 2 2 2 2 2 2
left_child=5 2 3 21 -5 6 -1 24 -9 -10 13 -6 15 23 20 -4 17 -14 -18 -16 -7 -2 -12 -3 -8
right_child=1 10 12 4 11 14 7 8 9 -11 22 -13 16 -15 19 -17 18 -19 -20 -21 -22 -23 -24 -25 -26
leaf_value=0.9202675805253786 0.097877941173213703 2.8722290976969003 0.077385284549805269 0.17644291496511089 -0.53810642662106489 0.47183983946659425 0.26389067793250448 0.0019170013451146474 -0.078881772099594016 -0.42581619357080319 1.8049309927592145 -0.10841638838675101 0.02458378648812163 -0.30054730442067601 -0.039599285633380006 -0.04330997212227386 0.34868783585583374 -0.19418580818989997 -0.10217871247654596 0.11610212843769936 -0.00081034367362058145 -0.088134943583593042 3.4820165615735958 1.3900869129487015 -0.22297146453721695
leaf_weight=58 105 51 57 30 38 154 30 37 76 62 54 30 249 46 30 30 1039 38 35 33 38 57 1193 44 30
leaf_count=58 105 51 57 30 38 154 30 37 76 62 54 30 249 46 30 30 1039 38 35 33 38 57 1193 44 30
internal_value=0.000203567 0.000270584 0.000148625 -0.000221402 -0.000818182 -0.000156648 -0.00040625 -0.000646186 -0.000923295 -0.00115827 0.000413247 -0.00124638 0.00022207 0 0.000103383 -0.0001875 0.000257342 1.21528e-05 0.000313488 -0.000289062 0.000290155 6.74847e-05 0.000467548 0.000182292 1.09927e-11
internal_weight=3644 3096 1708 260 98 548 293 235 175 138 1388 68 1448 141 255 87 1361 287 1074 63 192 162 1247 95 60
internal_count=3644 3096 1708 260 98 548 293 235 175 138 1388 68 1448 141 255 87 1361 287 1074 63 192 162 1247 95 60
cat_boundaries=0 1 2
cat_threshold=2320 233
is_linear=0
shrinkage=0.01


Tree=252
num_leaves=28
num_cat=1
split_feature=14 0 28 31 17 13 29 13 13 23 34 28 16 12 25 26 29 25 23 16 31 14 16 16 16 24 23
split_gain=0.628334 0.528174 0.356638 0.367045 0.516431 0.277429 0.257808 0.519702 0.250969 0.339257 0.224941 0.191789 0.16663 0.188535 0.19763 0.142646 0.445605 0.172845 0.132587 0.178224 0.122084 0.103071 0.116799 0.0652672 0.034116 0.0131437 0.0031312
threshold=-0.8781231054254196 0 28.075000000000006 9.0500000000000025 -0.94139465211055529 5575.5496727322579 23.375000000000004 5819.799973347549 5543.6120137046864 4997.5000000000009 4.0850000000000009 26.175000000000008 0.3744682635859638 4337.1166666666677 4942.5000000000009 26.575000000000006 27.275000000000002 4511.5000000000009 4167.0000000000009 0.96522610578843548 18.700000000000006 -0.61913973745509387 0.94135275643221272 0.98802474685579866 -0.91895236716066997 4511.5000000000009 4499.0000000000009
decision_type=2 9 2 2 2 2 2 2 2 2 2 2 2 2 2 2 2 2 2 2 2 2 2 2 2 2 2
left_child=2 6 3 11 -5 8 7 10 18 -10 -2 -1 24 -14 -15 16 -13 -17 19 -3 -20 22 26 -24 -8 -23 -7
right_child=1 5 -4 4 -6 21 12 -9 9 -11 -12 15 13 14 -16 17 -18 -19 20 -21 -22 25 23 -25 -26 -27 -28
leaf_value=0.63717357290167786 -0.69826340601053427 0.0038958705643206215 -0.42051738938213445 0.24208362556446772 -0.16986496109359395 3.6324709162605426 0.12809144522927365 5.5749546154683562 -0.24158405455817458 1.5032615100567912 -0.00281986057155446 0.21523945470854347 0.063409116985854511 -0.39276678055299075 0.025960814882680303 -0.0052709012508021296 -0.36621672038304526 0.63175987597140071 0.34487593266121636 -0.51348764726758656 -0.0098522137874604582 1.1978957594860449 -0.28071463385839673 1.2633716864820956 0.20043903348046313 2.1846189632501889 3.561888975709012
leaf_weight=132 30 282 30 32 59 30 47 37 40 35 32 67 61 30 50 76 42 110 938 37 33 33 30 36 112 1108 95
leaf_count=132 30 282 30 32 59 30 47 37 40 35 32 67 61 30 50 76 42 110 938 37 33 33 30 36 112 1108 95
internal_value=0.00021454 0.000270584 -8.37887e-05 -1.92677e-06 -0.000592391 0.000320716 -5e-05 -0.000505 0.000206808 -0.000296053 -0.00109524 0.000101636 6.64452e-05 -0.000137324 -0.000493827 -8.44593e-06 -0.000322727 0.000122995 0.000243997 2.96875e-05 0.000304012 0.000432108 0.000132813 -0.000104478 0.000309375 0.000473292 0.000337302
internal_weight=3644 3096 548 518 91 2697 399 99 1365 75 62 427 300 141 80 295 109 186 1290 319 971 1332 191 66 159 1141 125
internal_count=3644 3096 548 518 91 2697 399 99 1365 75 62 427 300 141 80 295 109 186 1290 319 971 1332 191 66 159 1141 125
cat_boundaries=0 1
cat_threshold=2576
is_linear=0
shrinkage=0.01


Tree=253
num_leaves=22
num_cat=3
split_feature=14 0 29 0 34 10 10 14 19 31 10 20 0 25 34 26 13 11 22 11 12
split_gain=0.79121 0.511827 0.450232 0.426075 0.706311 0.564173 0.278021 0.3819 0.314836 0.280851 0.250968 0.232499 0.140453 0.133273 0.122225 0.375769 0.0948391 0.0736513 0.0685066 0.193483 0.0101305
threshold=-0.8781231054254196 0 23.175000000000004 1 4.5850000000000009 4805.9285714285716 4951.7857142857147 -0.61913973745509387 1.0000000180025095e-35 0.8500000000000002 4273.5714285714303 23.053571428571434 2 4273.0000000000009 3.5950000000000002 27.125000000000004 5158.3033436233136 312.65719334038869 4275.5000000000009 196.00917084323137 4409.6166666666677
decision_type=2 9 2 9 2 2 2 2 2 2 2 2 9 2 2 2 2 2 2 2 2
left_child=3 2 -2 4 5 16 8 9 -3 -8 -5 13 -13 -10 15 -12 -1 20 -4 -20 -16
right_child=1 6 18 10 -6 -7 7 -9 11 -11 14 12 -14 -15 17 -17 -18 -19 19 -21 -22
leaf_value=-0.29082737593056002 -0.61105886131815024 -0.28350196585054249 0.0549999983270964 -0.016506054218736316 -0.50572164695825295 -0.076867064315378472 2.9894099156142562 3.5387763772478502 -0.076090895979244857 -0.29062232531086513 0.71333391456786099 0.086851692551433268 0.34256897629444916 0.026118088947820181 0.20263362382663733 -0.13718714785441197 0.72623303441546072 0.23022564232595027 -0.28304931843611181 0.24848230289708412 0.70566460244718732
leaf_weight=31 34 34 77 46 33 41 87 1224 79 52 60 500 783 153 30 34 79 30 41 32 164
leaf_count=31 34 34 77 46 33 41 87 1224 79 52 60 500 783 153 30 34 79 30 41 32 164
internal_value=0.000217284 0.000280271 -0.000194872 -0.000120219 -0.000502564 -0.000161184 0.000313377 0.00042632 0.000209355 -3.57141e-06 5.86667e-05 0.000235818 0.00028933 -1.71674e-05 0.000184953 -3.15789e-05 0.000135135 0.00032 0 -0.000182432 0.000394872
internal_weight=3644 3096 184 548 184 151 2912 1363 1549 139 364 1515 1283 232 318 94 110 224 150 73 194
internal_count=3644 3096 184 548 184 151 2912 1363 1549 139 364 1515 1283 232 318 94 110 224 150 73 194
cat_boundaries=0 1 2 3
cat_threshold=2560 73 296
is_linear=0
shrinkage=0.01


Tree=254
num_leaves=25
num_cat=2
split_feature=33 34 28 15 0 23 10 12 13 29 32 13 20 15 32 7 27 26 3 33 16 25 13 7
split_gain=0.709365 0.425926 0.708358 0.530473 0.382019 0.46966 0.337944 0.358386 0.889455 0.330462 0.311409 0.733265 0.179623 0.371321 0.213601 0.164951 0.136584 0.132497 0.129866 0.0841351 0.0956877 0.0544759 0.0350915 0.0191041
threshold=67.750000000000014 4.5750000000000011 26.175000000000008 -0.71351286834145922 0 4360.5000000000009 4951.7857142857147 4949.916666666667 5558.1530348855413 21.575000000000006 16.850000000000005 5502.5979853479867 26.275000000000006 -0.38243420677835349 15.150000000000002 61.500000000000007 26.200000000000003 24.125000000000004 1 78.050000000000011 0.83373797915484082 5400.5000000000009 5158.3033436233136 242.50000000000003
decision_type=2 2 2 2 9 2 2 2 2 2 2 2 2 2 2 2 2 2 1 2 2 2 2 2
left_child=6 4 -3 -4 5 -2 7 9 -9 18 11 -5 19 16 -15 17 -14 -11 -1 -6 -21 -7 -17 -12
right_child=1 2 3 10 12 21 -8 8 -10 15 23 -13 13 14 -16 22 -18 -19 -20 20 -22 -23 -24 -25
leaf_value=-0.027320912921595265 -1.4053768647392593 0.8029630898498249 0.22824529176221728 -0.49602172155227353 0.40166647618564222 0.33826462290996828 3.1025229026590075 -0.88269405299553061 0.76557922411152801 0.029657379122316536 -0.65154770069690926 -0.053512951422193242 0.62067174455755958 0.14758573865450494 -0.019401540696418047 0.0034660672165166204 -0.28985357753951468 -0.18350394942917292 0.12886414737406748 0.67173711683856807 0.21595063482425894 -0.16440127574585298 0.62026061808998367 -0.12884945965841957
leaf_weight=55 39 85 57 30 31 45 979 30 65 205 30 38 354 88 193 138 30 109 38 337 33 58 544 33
leaf_count=55 39 85 57 30 31 45 979 30 65 205 30 38 354 88 193 138 30 109 38 337 33 58 544 33
internal_value=0.000217284 4.08232e-05 -0.000304745 -0.000666667 0.000127378 -0.000320261 0.00033341 0.000204219 -0.000338542 0.000261009 -0.00101894 -0.00153623 0.000197772 7.88288e-05 -0.000175532 0.000318957 0.000290909 8.57143e-05 -0.00025 0.000374378 0.00041779 0 0.00041142 -0.000289062
internal_weight=3644 1481 273 188 1208 142 2163 1184 95 1089 131 68 1066 665 281 996 384 314 93 401 370 103 682 63
internal_count=3644 1481 273 188 1208 142 2163 1184 95 1089 131 68 1066 665 281 996 384 314 93 401 370 103 682 63
cat_boundaries=0 1 2
cat_threshold=2049 2
is_linear=0
shrinkage=0.01


Tree=255
num_leaves=28
num_cat=2
split_feature=33 12 25 10 0 16 15 34 29 23 7 25 26 26 23 15 18 12 10 23 0 12 15 17 23 11 31
split_gain=0.930021 0.5837 1.33309 0.678724 0.557557 0.787119 1.95661 0.532776 0.428542 0.386545 0.346135 0.569916 0.182694 0.164036 0.205659 0.159615 0.157001 0.145188 0.140198 0.266102 0.324113 0.135987 0.0912211 0.0544416 0.0512021 0.0492576 0.00131948
threshold=67.750000000000014 4464.0166666666673 4373.5000000000009 4264.7857142857147 0 -0.11798870221290077 -0.69676771491221523 3.8750000000000004 26.725000000000005 4086.0000000000005 276.50000000000006 4212.5000000000009 25.575000000000006 23.625000000000004 3947.5000000000005 -0.85225707553516283 46.850000000000009 3951.7500000000005 4951.7857142857147 4776.0000000000009 1 4224.2500000000009 0.10623888086365087 -0.92923506988415838 4449.5000000000009 26.530604568487853 13.000000000000002
decision_type=2 2 2 2 9 2 2 2 2 2 2 2 2 2 2 2 2 2 2 2 9 2 2 2 2 2 2
left_child=9 2 10 8 23 22 26 -8 -4 12 15 -12 13 17 -15 -2 18 -1 19 25 -21 -13 -6 -3 -24 -11 -7
right_child=1 4 3 -5 5 6 7 -9 -10 16 11 21 -14 14 -16 -17 -18 -19 -20 20 -22 -23 24 -25 -26 -27 -28
leaf_value=-0.24194640248747942 -0.040114625160321625 0.3415478900466426 -0.015301829660883644 -0.10771727625580844 -0.040513021351718657 2.0337580893332015 -0.07666411402214314 -0.60185767062456019 0.16095933492358286 0.13209531532632102 0.17231997729875889 -0.31071483482614309 0.10437923497685647 -0.00049158238346995171 -0.67345814664831216 0.33150562513213466 -0.0085381356594956825 0.049910575023910962 3.1697715908653108 -0.056807545029852753 1.446325384033688 -0.86691218419824856 1.0038509153194404 1.8584772809448091 1.2062712701497291 0.42171881727352473 0.92055061059030552
leaf_weight=30 52 50 56 37 50 110 87 89 30 44 59 30 84 55 48 159 31 92 944 104 149 32 47 340 206 579 62
leaf_count=30 52 50 56 37 50 110 87 89 30 44 59 30 84 55 48 159 31 92 944 104 149 32 47 340 206 579 62
internal_value=0.000177194 -8.01602e-06 -0.0003125 -0.00119758 0.000115643 -5.21148e-05 -0.000389685 -0.00114124 -0.00054023 0.000310042 0 -0.000405738 0 -0.000165929 -0.000466346 0.000261792 0.000364741 8.13009e-06 0.000378913 0.000259977 0 -0.00109524 0.000300987 0.000411471 0.000379921 0.000370994 0.000323699
internal_weight=3656 1496 455 123 1041 651 348 176 86 2160 332 121 309 225 103 211 1851 122 1820 876 253 62 303 390 253 623 172
internal_count=3656 1496 455 123 1041 651 348 176 86 2160 332 121 309 225 103 211 1851 122 1820 876 253 62 303 390 253 623 172
cat_boundaries=0 1 2
cat_threshold=290 468
is_linear=0
shrinkage=0.01


Tree=256
num_leaves=31
num_cat=2
split_feature=33 12 25 31 11 0 16 15 21 7 25 21 26 12 15 13 12 0 7 18 15 7 15 15 14 7 11 18 11 31
split_gain=1.00049 0.699425 1.2684 0.586176 1.18465 0.492658 0.657737 1.66713 0.920304 0.435479 0.46553 0.245397 0.253681 0.347419 0.159615 0.146612 0.135987 0.100818 0.112025 0.0901733 0.0795077 0.0777601 0.0677414 0.0862387 0.0544416 0.0542377 0.00827263 0.00490196 0.00222917 0.00131948
threshold=67.750000000000014 4464.0166666666673 4373.5000000000009 2.8500000000000001 104.51520447332653 0 -0.11798870221290077 -0.69676771491221523 4794.5000000000009 276.50000000000006 4212.5000000000009 4901.0000000000009 24.525000000000002 4949.916666666667 -0.85225707553516283 5313.2567118277793 4224.2500000000009 1 144.50000000000003 43.20000000000001 -0.94426098523567992 51.500000000000007 0.94909129669788206 0.79253265336324141 -0.98214942551678475 43.500000000000007 83.687056812725757 10.600000000000005 69.570618155951067 13.000000000000002
decision_type=2 2 2 2 2 9 2 2 2 2 2 2 2 2 2 2 2 9 2 2 2 2 2 2 2 2 2 2 2 2
left_child=11 2 9 4 -4 24 15 29 -9 14 -11 12 17 19 -2 -7 -12 22 25 21 27 -14 23 -1 -3 -19 -17 -13 -24 -8
right_child=1 5 3 -5 -6 6 7 8 -10 10 16 20 13 -15 -16 26 -18 18 -20 -21 -22 -23 28 -25 -26 -27 -28 -29 -30 -31
leaf_value=0.29987506469050679 -0.039713478908719763 0.33813241114617543 -0.36178873626465197 -0.01259884011632023 -0.0057453253416760164 -0.092259309954504126 2.0134205084398729 0.0034085634184417624 -0.36946849650022651 0.17059677752577204 -0.30760768647788023 -0.10068350284069644 0.019480981952362822 -0.22156711228113307 0.32819056888081272 0.96014028596489243 -0.85824306235626757 -0.037491264375981263 -0.33045703495507406 0.0057718067591242582 2.4908947129555812 0.41976349552264181 0.11646753687571688 -0.0088127280171684582 1.8398925081353641 0.2649513565800663 1.0491715513901432 3.0382836676795302 0.03056949664724164 0.91134510448440553
leaf_weight=51 52 50 35 49 39 30 110 59 117 59 30 30 39 42 159 30 32 110 46 30 941 590 89 67 340 45 243 50 30 62
leaf_count=51 52 50 35 49 39 30 110 59 117 59 30 30 39 42 159 30 32 110 46 30 941 590 89 67 340 45 243 50 30 62
internal_value=0.000190867 -1.33599e-06 -0.00033443 -0.00119758 -0.00177333 0.000134837 -2.19033e-05 -0.000332378 -0.00102825 0 -0.000487705 0.000328552 0.000210088 0.000328348 0.000261792 0.000300987 -0.00109524 0 -0.000139151 0.000393182 0.000450587 0.000419841 0.000155242 0 0.000411471 0 0.000388686 1.14978e-11 0.000329167 0.000323699
internal_weight=3656 1496 455 123 74 1041 651 348 176 332 121 2160 1139 701 211 303 62 438 201 659 1021 629 237 118 390 155 273 80 119 172
internal_count=3656 1496 455 123 74 1041 651 348 176 332 121 2160 1139 701 211 303 62 438 201 659 1021 629 237 118 390 155 273 80 119 172
cat_boundaries=0 1 2
cat_threshold=290 930
is_linear=0
shrinkage=0.01


Tree=257
num_leaves=30
num_cat=3
split_feature=14 12 0 29 30 18 15 19 0 18 15 33 19 34 14 3 33 12 11 10 11 28 11 19 14 14 27 12 12
split_gain=0.872844 0.537855 0.380055 0.734535 0.383842 0.340096 0.327961 0.472939 0.234266 0.787367 0.414188 0.210754 0.228055 0.19451 0.18286 0.244626 0.176914 0.178564 0.148316 0.146748 0.116394 0.0875335 0.0791936 0.0763934 0.0617419 0.0595595 0.0270967 0.015954 0.0147763
threshold=-0.91936887716170002 4766.1000000000013 0 27.025000000000002 27.475000000000005 25.050000000000004 0.73721509932751383 101.05000000000003 1 32.050000000000004 -0.77243990499604276 54.750000000000007 72.050000000000011 2.8450000000000002 0.44505654568748165 2 0.19999999999999826 5048.4000000000005 39.639283881198232 4168.2142857142871 111.14833494346878 27.075000000000006 69.006555934246151 139.75000000000003 0.92273069556937592 -0.98214942551678475 23.300000000000001 5992.2166666666681 4662.0333333333338
decision_type=2 2 9 2 2 2 2 2 9 2 2 2 2 2 2 1 2 2 2 2 2 2 2 2 2 2 2 2 2
left_child=2 6 4 13 22 -5 11 14 9 23 -11 19 -13 -4 20 -16 17 -10 -14 21 -8 -2 -1 24 -3 -15 -18 -28 -21
right_child=1 8 3 5 -6 -7 7 -9 16 10 -12 12 18 25 15 -17 26 -19 -20 28 -22 -23 -24 -25 -26 -27 27 -29 -30
leaf_value=0.027694806722695021 0.065850543874667503 2.1026368809223879 -0.044001509090549895 -0.3157343580238437 -0.053225897614285901 -0.38448622306520408 0.00037348460356061776 -0.89161661043551665 -0.2295312265280938 0.47316407572419666 -1.1260395457714238 -0.064077532560720712 -0.040655722598410549 -0.012763576042263851 -0.38592238735406342 0.15697621115971566 2.4180452051790282 2.2199629694197505 0.064821289918300606 0.58417335884401067 0.4255242219072462 -0.50602032646130146 0.37649560813029043 0.085162480537669727 0.3125576913269435 0.67083881976235105 2.9527823043810959 0.86267794714356683 0.63210260939447149
leaf_weight=30 42 238 31 44 53 33 299 44 41 35 32 45 70 59 40 48 1228 70 312 357 98 32 143 30 44 61 36 30 31
leaf_count=30 42 238 31 44 53 33 299 44 41 35 32 45 70 59 40 48 1228 70 312 357 98 32 143 30 44 61 36 30 31
internal_value=0.000193601 0.0002532 -0.000204396 -0.000485356 5.48523e-05 -0.00130128 9.79563e-05 -8.5849e-05 0.000370868 0.000101282 -0.000830882 0.000218539 3.15421e-05 -2.96052e-05 0 -0.000404494 0.000432557 0 0.000133159 0.00036933 9.67337e-05 0 0.000324713 0.000338658 0.000392226 8.26446e-05 0.000468726 4.47761e-05 0.000447301
internal_weight=3656 3202 454 228 226 77 1418 529 1784 379 67 889 427 151 485 88 1405 111 382 462 397 74 173 312 282 120 1294 66 388
internal_count=3656 3202 454 228 226 77 1418 529 1784 379 67 889 427 151 485 88 1405 111 382 462 397 74 173 312 282 120 1294 66 388
cat_boundaries=0 1 2 3
cat_threshold=806 2180 2
is_linear=0
shrinkage=0.01


Tree=258
num_leaves=29
num_cat=2
split_feature=14 0 21 25 10 10 14 26 31 7 0 17 22 20 34 19 31 26 29 29 20 20 34 24 7 7 18 15
split_gain=0.756786 0.382295 0.442291 0.579714 0.545177 0.380532 0.334355 0.318347 0.469206 0.309477 0.293908 0.398324 0.536105 0.272843 0.360084 0.264954 0.255484 0.250911 0.342161 0.424206 0.155131 0.133059 0.131805 0.0942916 0.0700199 0.0544428 0.01558 0.0144034
threshold=-0.8781231054254196 0 4247.5000000000009 4411.0000000000009 4805.9285714285716 4951.7857142857147 -0.72696319516528884 27.475000000000005 0.35000000000000003 263.50000000000006 1 0.7912140244565844 4789.0000000000009 27.857142857142865 7.0550000000000006 51.250000000000007 0.8500000000000002 26.125000000000004 25.975000000000005 27.275000000000002 23.053571428571434 27.110714285714288 2.8450000000000002 4449.5000000000009 43.500000000000007 278.50000000000006 154.00000000000003 -0.99761278905001471
decision_type=2 9 2 2 2 2 2 2 2 2 9 2 2 2 2 2 2 2 2 2 2 2 2 2 2 2 2 2
left_child=1 2 -1 -4 25 10 16 21 -9 -6 17 13 15 24 -15 -13 -7 18 20 -20 -2 -3 -19 -8 -12 -5 27 -25
right_child=5 7 3 4 9 6 23 8 -10 -11 11 12 -14 14 -16 -17 -18 22 19 -21 -22 -23 -24 26 -26 -27 -28 -29
leaf_value=0.20417969521889923 0.002765971391472004 0.74033984356761962 -0.8476884355075508 -0.056460136380795188 -0.33068812535129122 2.8363660087380116 1.9725460403610293 0.6813509830643345 -0.15894971952299788 -0.0021770265831274121 -0.0108943108960406 0.005032964419851127 -0.1758029994140631 -1.1345899626491942 0.95914319290310335 -0.36516772041967316 -0.33435565099483228 0.25534133880720811 -0.22723591506280219 0.22559991752945027 0.22954600548361925 -0.00065595158684610393 0.40561302858924114 11.67240310237378 0.13795875307731362 1.0253695704860777 0.86599155862190624 3.2023778083354357
leaf_weight=66 160 184 32 37 36 40 35 31 32 37 55 116 42 38 33 50 38 53 61 54 222 40 531 32 322 57 31 1191
leaf_count=66 160 184 32 37 36 40 35 31 32 37 55 116 42 38 33 50 38 53 61 54 222 40 531 32 322 57 31 1191
internal_value=0.000212743 -0.000115732 -0.000389493 -0.0006525 -0.00033631 0.000274396 0.000404605 0.000112416 -0.000445312 -0.000993243 0.000165995 0 -0.000363636 0.000164811 -0.000340278 -4.19162e-05 -0.00013924 0.000266026 7.73092e-05 -0.000366379 0.000237598 0.00032 0.000413675 0.000445349 0.000287037 7.36842e-05 0.000459761 0.000466912
internal_weight=3656 552 265 199 167 3104 1367 287 63 73 1737 656 208 448 71 166 78 1081 497 115 382 224 584 1289 377 94 1254 1223
internal_count=3656 552 265 199 167 3104 1367 287 63 73 1737 656 208 448 71 166 78 1081 497 115 382 224 584 1289 377 94 1254 1223
cat_boundaries=0 1 2
cat_threshold=217 171
is_linear=0
shrinkage=0.01


Tree=259
num_leaves=31
num_cat=0
split_feature=33 12 25 10 17 7 29 27 33 7 23 10 12 13 26 26 10 11 28 33 17 23 10 20 11 7 18 18 26 13
split_gain=0.820401 0.562152 0.975185 0.654313 0.352645 0.757689 0.446048 0.565615 0.34927 0.329615 0.570331 0.309603 0.308107 0.872174 0.403114 0.290791 0.198061 0.232413 0.162349 0.180911 0.150344 0.10385 0.101489 0.0940517 0.0741169 0.0434756 0.0197758 0.0154261 0.0120299 0.00986824
threshold=67.750000000000014 4485.0666666666675 4373.5000000000009 4264.7857142857147 -0.056952064366225956 263.50000000000006 26.925000000000008 1.0500000000000003 123.85000000000002 276.50000000000006 4152.5000000000009 4951.7857142857147 4949.916666666667 5575.5496727322579 24.225000000000005 24.125000000000004 4688.9285714285725 121.49857925878028 26.875000000000004 195.00000000000003 0.45847758937963173 4373.5000000000009 4825.5714285714303 22.575000000000006 74.267374101274854 51.500000000000007 25.050000000000004 154.00000000000003 27.425000000000004 5780.9042133665434
decision_type=2 2 2 2 2 2 2 2 2 2 2 2 2 2 2 2 2 2 2 2 2 2 2 2 2 2 2 2 2 2
left_child=11 2 9 8 5 6 7 -3 -4 20 -11 12 14 -14 15 24 17 -6 28 -20 -2 -12 -8 -18 -1 -16 -13 -25 -7 -27
right_child=1 4 3 -5 16 18 22 -9 -10 10 21 26 13 -15 25 -17 23 -19 19 -21 -22 -23 -24 27 -26 29 -28 -29 -30 -31
leaf_value=0.025013045466222943 0.32335128930139712 -0.021072519896042804 -0.013108686487456811 -0.035520486375634611 1.3022654901876345 1.3158787717905591 0.11167321870753937 -0.26966712757826988 0.27110350971975483 0.1334251527053858 -1.1481397394557733 3.0802223094235153 -0.29333986818306762 2.1907911673757217 0.029170348892309694 -0.15748007012387563 1.9327802824379161 -0.24049166791106863 0.42827756990015003 -0.1418862273106255 -0.036076091292934973 -0.0012616025556678597 -0.17711446702958009 1.8989916535604494 -0.015271762918798398 0.41027673016388383 1.0892063233635698 0.85733164303568399 0.42431252943365194 0.39065376100534904
leaf_weight=214 156 38 49 48 44 195 48 62 37 50 42 919 40 63 50 37 32 30 43 34 55 32 46 394 152 624 30 31 30 31
leaf_count=214 156 38 49 48 44 195 48 62 37 50 42 919 40 63 50 37 32 30 43 34 55 32 46 394 152 624 30 31 30 31
internal_value=0.00019907 1.20241e-05 -0.000267021 -0.000985185 0.000149319 -2.41449e-05 -0.000528205 -0.000990099 -0.000310345 0 -0.000384 0.000323924 0.000202558 -0.000274038 0.000256087 0 0.000329887 -4e-05 0.000267327 -1.92308e-05 0.000261792 -0.000973333 0 0.000411572 8.99183e-05 0.000400142 0.000467895 0.000451878 0.000409292 0.000423018
internal_weight=3656 1496 469 134 1027 496 194 100 86 335 124 2160 1211 103 1108 403 531 74 302 77 211 74 94 457 366 705 949 425 225 655
internal_count=3656 1496 469 134 1027 496 194 100 86 335 124 2160 1211 103 1108 403 531 74 302 77 211 74 94 457 366 705 949 425 225 655
is_linear=0
shrinkage=0.01


Tree=260
num_leaves=31
num_cat=4
split_feature=10 14 0 15 14 0 34 11 33 32 27 13 25 14 0 13 20 23 26 15 11 0 15 17 28 19 14 19 32 11
split_gain=1.06995 0.578795 0.559348 0.638991 0.401701 0.424798 0.45977 0.31535 0.243329 0.448343 0.497219 0.16748 0.234485 0.303493 0.207146 0.16377 0.214026 0.160771 0.0928051 0.0819891 0.0692668 0.0689126 0.0617086 0.0556425 0.0253618 0.0248597 0.0841193 0.0182843 0.0177783 0.0094128
threshold=4678.6428571428578 -0.75579217237767959 0 -0.18493013702746822 -0.94975917145599731 1 3.6850000000000005 98.577500129439571 196.85000000000002 12.950000000000001 2.0500000000000003 5213.2817673421932 4350.5000000000009 0.57077594689671507 2 5366.5494588744596 24.039285714285718 4701.0000000000009 22.625000000000004 -0.99818570902816506 360.36687580788879 3 0.51849435583340198 0.16587474750015932 27.425000000000004 0.19999999999999826 0.84773968378660736 70.350000000000009 154.00000000000003 126.63689986891568
decision_type=2 2 9 2 2 9 2 2 2 2 2 2 2 2 9 2 2 2 2 2 2 9 2 2 2 2 2 2 2 2
left_child=4 2 3 -2 8 6 7 -6 9 24 -11 12 14 -14 -7 16 -8 18 -13 -3 -4 23 -17 -21 -1 26 -23 -25 -27 -10
right_child=1 19 20 -5 5 11 15 -9 29 10 -12 17 13 -15 -16 22 -18 -19 -20 21 -22 25 -24 27 -26 28 -28 -29 -30 -31
leaf_value=0.58749702992876585 -0.34199132312393882 -0.0037788853843069483 0.93334903619482223 0.23390228335023083 -0.025782444295415399 -0.0044504705235288546 0.13355059604503072 -0.64560104525581152 0.77924198345468387 -0.70857128667008118 -0.0028773912067212404 0.030761677898046982 -0.036167377788047891 0.31925157259415582 0.080061297029940234 0.29564140418038076 -0.14974316552496053 -0.026522856784459928 0.50082371781361967 -0.27531972349085299 0.14144816011783165 2.1467602086832054 0.034193932664544582 0.91689368912995706 -0.20935478737004498 1.9961671784490087 -0.090088091024187508 0.28107530544460468 0.45093926838578263 0.0046566957821719867
leaf_weight=36 58 36 152 43 58 165 37 31 31 41 57 64 96 42 208 93 96 53 371 33 54 76 30 68 30 1429 34 47 31 30
leaf_count=36 58 36 152 43 58 165 37 31 31 41 57 64 96 42 208 93 96 53 371 33 54 76 30 68 30 1429 34 47 31 30
internal_value=0.00019967 0.000349418 -2.11039e-05 -0.000620536 0 6.84015e-05 -0.000217697 -0.000838889 -0.000387168 -0.000593939 -0.0010202 0.000177723 3.02734e-05 -0.000294964 0.000177807 0 -0.00025 0.000314928 0.000384174 0.000419943 0.00024424 0.000429901 0.000254032 8.80503e-05 0 0.000452245 0.000135135 0.000237069 0.000472279 8.06453e-06
internal_weight=3630 2061 307 101 1569 1344 345 89 225 164 98 999 511 138 373 256 133 488 435 1754 206 1718 123 148 66 1570 110 115 1460 61
internal_count=3630 2061 307 101 1569 1344 345 89 225 164 98 999 511 138 373 256 133 488 435 1754 206 1718 123 148 66 1570 110 115 1460 61
cat_boundaries=0 1 2 3 4
cat_threshold=197 2100 138 2064
is_linear=0
shrinkage=0.01


Tree=261
num_leaves=20
num_cat=2
split_feature=10 14 0 7 14 14 0 11 24 23 33 18 15 31 14 14 17 17 33
split_gain=0.923408 0.655661 0.721834 0.606834 0.36795 0.276824 0.190269 0.345726 0.245053 0.332038 0.124061 0.089342 0.0855846 0.078455 0.0654356 0.0865423 0.0343145 0.020491 0.015196
threshold=4678.6428571428578 -0.75579217237767959 0 264.50000000000006 -0.99815974739704505 0.80417553764032002 1 110.42395200953059 4561.0000000000009 4449.5000000000009 9.6500000000000057 154.00000000000003 -0.99818570902816506 8.5500000000000025 0.85673801594079257 0.88621069759564464 0.70747208174348741 -0.96408458524605689 254.00000000000003
decision_type=2 2 9 2 2 2 9 2 2 2 2 2 2 2 2 2 2 2 2
left_child=4 2 3 18 -1 6 7 16 9 -8 -10 12 -3 -4 -14 -16 -6 -5 -2
right_child=1 11 13 17 5 -7 8 -9 10 -11 -12 -13 14 -15 15 -17 -18 -19 -20
leaf_value=-0.3633574656903637 -0.73467383880523529 -0.0037410965304645904 1.2947034385027107 -0.005884840701536641 0.071317261586448369 0.23140100233703606 0.0013293782262960383 -0.21917137704680137 0.00012481863319928953 -0.065157154295348962 0.64652979793179588 0.4433032442753651 1.8233363576501365 -0.06561628856732328 -0.22816428658022528 1.7920656254521996 -0.25822972000290206 1.202574699037873 -0.21856523392187754
leaf_weight=43 34 36 149 30 41 163 803 53 63 115 258 33 1393 31 37 255 30 33 30
leaf_count=43 34 36 149 30 41 163 803 53 63 115 258 33 1393 31 37 255 30 33 30
internal_value=0.000205178 0.000344568 -5.35714e-05 -0.000626812 1.56051e-05 4.78062e-05 0 -0.000355556 3.96e-05 -3.37323e-05 0.000281056 0.000419943 0.000430023 0.000314136 0.000440391 0.000225256 0 0 -0.00135385
internal_weight=3630 2061 307 127 1569 1526 1363 124 1239 918 321 1754 1721 180 1685 292 71 63 64
internal_count=3630 2061 307 127 1569 1526 1363 124 1239 918 321 1754 1721 180 1685 292 71 63 64
cat_boundaries=0 1 2
cat_threshold=220 2064
is_linear=0
shrinkage=0.01


Tree=262
num_leaves=23
num_cat=3
split_feature=10 14 0 15 14 14 19 32 32 0 15 31 26 0 17 19 14 17 19 32 19 11
split_gain=0.923408 0.655661 0.721834 0.606834 0.36795 0.254714 0.249032 0.288726 0.455647 0.213824 0.0819891 0.078455 0.0721129 0.0689126 0.0556425 0.0248597 0.0841193 0.020491 0.0182843 0.0177783 0.015196 0.00962412
threshold=4678.6428571428578 -0.75579217237767959 0 -0.15950993297387572 -0.99815974739704505 0.81428061195174062 196.85000000000002 12.649999999999995 18.249999999999996 1 -0.99818570902816506 8.5500000000000025 25.475000000000005 2 0.16587474750015932 0.19999999999999826 0.84773968378660736 -0.96408458524605689 70.350000000000009 154.00000000000003 254.00000000000003 209.51552721008215
decision_type=2 2 9 2 2 2 2 2 2 9 2 2 2 9 2 2 2 2 2 2 2 2
left_child=4 2 3 20 -1 6 7 9 -9 -6 -3 -4 -8 14 -12 16 -15 -5 -16 -17 -2 -14
right_child=1 10 11 17 5 -7 12 8 -10 -11 13 -13 21 15 18 19 -18 -19 -20 -21 -22 -23
leaf_value=-0.35972389103345798 -1.0633262896814601 -0.0037036855651588377 1.2817564041176863 -0.0058259922945208108 0.05429304926886086 0.29707740135779254 0.15192731101428636 -0.089480934626552017 -0.018718100150543735 -0.0078316066728332211 -0.27297075335347909 -0.064960125681648023 0.4722647548502934 2.1070592430198727 0.88949138866215505 1.9579721430880224 -0.10003706217306693 1.1905489520474977 0.26003118881365817 0.43509667800075691 -0.16527732735356626 0.64072444210571056
leaf_weight=43 34 36 149 30 473 154 30 53 251 378 33 31 157 76 68 1429 34 33 47 31 30 30
leaf_count=43 34 36 149 30 473 154 30 53 251 378 33 31 157 76 68 1429 34 33 47 31 30 30
internal_value=0.000205178 0.000344568 -5.35714e-05 -0.000626812 1.56051e-05 4.78062e-05 0 -5.40657e-05 -0.000321311 2.99296e-05 0.000419943 0.000314136 0.00031422 0.000429901 8.80503e-05 0.000452245 0.000135135 0 0.000237069 0.000472279 -0.00135385 0.000390957
internal_weight=3630 2061 307 127 1569 1526 1372 1155 304 851 1754 180 217 1718 148 1570 110 63 115 1460 64 187
internal_count=3630 2061 307 127 1569 1526 1372 1155 304 851 1754 180 217 1718 148 1570 110 63 115 1460 64 187
cat_boundaries=0 1 2 3
cat_threshold=220 915 2064
is_linear=0
shrinkage=0.01


Tree=263
num_leaves=20
num_cat=2
split_feature=10 14 0 7 14 14 18 0 24 20 10 18 33 31 18 15 14 14 17
split_gain=0.923408 0.655661 0.546127 0.478793 0.36795 0.254714 0.206065 0.183588 0.239996 0.298502 0.238598 0.240691 0.124061 0.100106 0.089342 0.0855846 0.0654356 0.0865423 0.020491
threshold=4678.6428571428578 -0.75579217237767959 0 264.50000000000006 -0.99815974739704505 0.81428061195174062 53.750000000000007 1 4561.0000000000009 26.860714285714288 4223.6428571428578 13.250000000000002 9.6500000000000057 4.4500000000000011 154.00000000000003 -0.99818570902816506 0.85673801594079257 0.88621069759564464 -0.96408458524605689
decision_type=2 2 9 2 2 2 2 9 2 2 2 2 2 2 2 2 2 2 2
left_child=4 2 3 6 -1 7 -2 10 9 -9 -6 -12 -10 -4 15 -3 -17 -18 -5
right_child=1 14 13 18 5 -7 -8 8 12 -11 11 -13 -14 -15 -16 16 17 -19 -20
leaf_value=-0.35612665212312444 -0.40993255836167919 -0.0036666487095028677 1.453902189120762 -0.0057677323715770489 0.013329375862387343 0.29410662734421639 -0.24537435855052894 0.0036658750492096315 -0.00035723536118977163 -0.013741022898443556 -0.011545605297841153 -0.72877956929326815 0.64004962915424668 -0.0048828677643942987 0.43451924505259598 1.7855232726427535 -0.22408402382386203 1.7607392714879087 1.1786434625270203
leaf_weight=43 34 36 133 30 55 154 30 607 63 318 41 30 258 47 33 1393 37 255 33
leaf_count=43 34 36 133 30 55 154 30 607 63 318 41 30 258 47 33 1393 37 255 33
internal_value=0.000205178 0.000344568 -5.35714e-05 -0.000554348 1.56051e-05 4.78062e-05 -0.0012 0 4.21639e-05 -2.96976e-05 -0.000343066 -0.000756944 0.000281056 0.00026178 0.000419943 0.000430023 0.000440391 0.000225256 0
internal_weight=3630 2061 307 127 1569 1526 64 1372 1246 925 126 71 321 180 1754 1721 1685 292 63
internal_count=3630 2061 307 127 1569 1526 64 1372 1246 925 126 71 321 180 1754 1721 1685 292 63
cat_boundaries=0 1 2
cat_threshold=220 2064
is_linear=0
shrinkage=0.01


Tree=264
num_leaves=20
num_cat=2
split_feature=10 14 0 15 14 33 33 13 0 16 28 27 18 15 24 14 14 17 11
split_gain=0.876011 0.578795 0.491879 0.529148 0.278103 0.246352 0.567932 0.344759 0.330476 0.469282 0.176277 0.143572 0.089342 0.0855846 0.0798094 0.0654356 0.0865423 0.0506402 0.0105394
threshold=4678.6428571428578 -0.75579217237767959 0 -0.18493013702746822 0.81428061195174062 196.85000000000002 175.75000000000003 5388.7259513742074 1 0.76558307451930629 22.975000000000005 16.850000000000005 154.00000000000003 -0.99818570902816506 5152.0000000000009 0.85673801594079257 0.88621069759564464 -0.72696193466471681 209.51552721008215
decision_type=2 2 9 2 2 2 2 2 9 2 2 2 2 2 2 2 2 2 2
left_child=4 2 3 -2 5 6 8 -8 10 -10 -1 18 13 -3 -4 -15 -17 -16 -7
right_child=1 12 14 -5 -6 11 7 -9 9 -11 -12 -13 -14 15 17 16 -18 -19 -20
leaf_value=-0.0068229330586251444 -0.40324069697151127 -0.0036299822224084601 0.94363555506325469 0.36415746921264258 0.29116556107077374 0.5063228859221558 -0.3631488152229394 -0.066216535091802989 -0.00089291405448650404 -0.88347984028806548 0.060630399897552735 -0.14896164553192523 0.43017405260206804 1.7676680399163291 -0.015612214203105209 -0.22184318358562496 1.7431318787730277 1.1318339654694185 0.67461191317449709
leaf_weight=122 55 36 119 52 154 170 30 38 422 86 487 30 33 1393 40 37 255 41 30
leaf_count=122 55 36 119 52 154 170 30 38 422 86 487 30 33 1393 40 37 255 41 30
internal_value=0.00021344 0.000349418 -2.11039e-05 -0.000563559 2.8344e-05 -8.82767e-06 -7.37774e-05 -0.000956522 -1.02862e-05 -0.000204239 0.00013629 0.000281385 0.000419943 0.000430023 0.000236967 0.000440391 0.000225256 0 0.00039801
internal_weight=3630 2061 307 107 1569 1415 1185 68 1117 508 609 230 1754 1721 200 1685 292 81 200
internal_count=3630 2061 307 107 1569 1415 1185 68 1117 508 609 230 1754 1721 200 1685 292 81 200
cat_boundaries=0 1 2
cat_threshold=204 599
is_linear=0
shrinkage=0.01


Tree=265
num_leaves=29
num_cat=2
split_feature=13 14 0 20 25 24 17 0 16 19 7 30 30 25 13 20 20 30 17 16 7 12 13 28 17 19 18 10
split_gain=0.756024 0.416665 0.344741 0.9819 0.86762 0.418198 0.286765 0.244151 0.294298 0.608715 0.194541 0.379155 0.163715 0.184283 0.147377 0.145658 0.118697 0.100891 0.129285 0.0815874 0.0623312 0.0519598 0.0481386 0.0409876 0.0408066 0.148633 0.0256712 0.0131279
threshold=5337.5509694251668 -0.98214942551678475 0 27.132142857142863 4349.5000000000009 4040.5000000000005 -0.9575230291762723 1 0.76558307451930629 78.050000000000011 290.50000000000006 26.925000000000008 26.275000000000002 4673.0000000000009 5099.2566801763378 22.332142857142863 24.092857142857145 24.125000000000004 -0.18704161936942101 -0.96688789938088693 197.50000000000003 4320.0333333333338 5217.3613793103459 26.875000000000004 -0.056952064366225956 236.45000000000002 0.3999999999999983 4467.2857142857147
decision_type=2 2 9 2 2 2 2 9 2 2 2 2 2 2 2 2 2 2 2 2 2 2 2 2 2 2 2 2
left_child=2 6 10 5 -5 14 23 8 20 -10 12 16 17 -14 -4 -7 -12 -1 -19 -17 26 -9 -6 -2 25 -23 -3 -26
right_child=1 7 3 4 22 15 -8 21 9 -11 11 -13 13 -15 -16 19 -18 18 -20 -21 -22 24 -24 -25 27 -27 -28 -29
leaf_value=0.017615291245010462 0.6423921779218088 0.67390355027601678 -0.0012019665289991401 0.13660729355218798 -0.24008766306851764 -0.06062850454280054 -0.050597813841030369 0.36566818449181326 1.075358474661954 -0.66214653275688651 -0.0062160010120751417 -0.063847736383737294 0.34457663574821107 -0.0076730893001166348 -0.42352198933520341 0.005966245863734003 0.1759708284891863 0.0018527532580339436 -0.16843974479913137 0.1424935960648758 0.89402329679316572 0.73721376244635484 -1.2187804656219081 -0.041485511409124272 0.17039883110067472 -0.065209235819456132 -0.067541364330111486 1.5843658238264846
leaf_weight=85 47 38 59 35 36 48 33 44 35 35 58 30 309 31 39 33 76 42 57 189 111 664 30 52 70 108 50 1178
leaf_count=85 47 38 59 35 36 48 33 44 35 35 58 30 309 31 39 33 76 42 57 189 111 664 30 52 70 108 50 1178
internal_value=0.000218327 0.000317316 0 -0.000198958 -0.00107353 1.08401e-05 -0.000180451 0.000349829 1.60714e-05 -0.000492958 0.000148784 -0.000109091 0.000251429 0.000381232 -0.000515151 0.000239852 5.18519e-05 0 -0.000205 0.000363229 0.0002475 0.000386506 -0.00174627 0 0.000395844 0.000292367 0 0.000451561
internal_weight=3622 2465 1157 469 101 368 132 2333 269 70 688 164 524 340 98 270 134 184 99 222 199 2064 66 99 2020 772 88 1248
internal_count=3622 2465 1157 469 101 368 132 2333 269 70 688 164 524 340 98 270 134 184 99 222 199 2064 66 99 2020 772 88 1248
cat_boundaries=0 1 2
cat_threshold=714 2176
is_linear=0
shrinkage=0.01


Tree=266
num_leaves=24
num_cat=1
split_feature=10 19 25 0 16 20 31 18 30 20 16 30 32 34 34 30 10 30 17 11 19 15 25
split_gain=0.69213 0.311946 0.512489 0.297028 0.310887 0.387237 0.339007 0.321268 0.196036 0.392642 0.732193 0.277898 0.269802 0.160021 0.123335 0.18721 0.139419 0.167344 0.14575 0.117803 0.0514224 0.0190177 0.0155374
threshold=4951.7857142857147 139.75000000000003 6700.5000000000009 0 -0.11798870221290077 29.317857142857147 2.1500000000000008 1.1999999999999897 28.625000000000004 27.110714285714288 -0.52766560075116253 27.575000000000006 29.150000000000002 4.3450000000000006 6.7950000000000008 30.425000000000004 4070.2857142857147 25.425000000000004 0.83730377313544024 44.978036120136274 254.00000000000003 -0.99761278905001471 7377.5000000000009
decision_type=2 2 2 9 2 2 2 2 2 2 2 2 2 2 2 2 2 2 2 2 2 2 2
left_child=3 21 13 8 14 6 7 -6 9 11 -11 19 -12 -3 16 -16 17 -5 -18 -1 -8 -2 -23
right_child=1 2 -4 4 5 -7 20 -9 -10 10 12 -13 -14 -15 15 -17 18 -19 -20 -21 -22 22 -24
leaf_value=0.02319258972344786 9.6184074973918356 1.4612986692709851 -0.22422255037385477 0.66388097510792721 -0.0013745536148954479 -0.68716566981678118 0.2498613243431537 -0.36163280364873357 0.58283786659913539 -0.23587379032202321 0.16656301639476381 -0.081168857568541294 -0.075139906788483549 -0.11313039568905904 -0.17647144786969343 0.58843378521708045 0.34160330263428829 -0.19371006830761262 -0.025826697004931089 0.052680820359502445 0.20842772699520193 2.8871731022575098 2.2934228452872722
leaf_weight=150 30 182 55 37 184 33 96 124 258 49 99 57 51 56 30 47 267 34 35 598 36 1082 32
leaf_count=150 30 182 55 37 184 33 96 124 258 49 99 57 51 56 30 47 267 34 35 598 36 1082 32
internal_value=0.000215567 0.000388387 5.61225e-05 9.72095e-05 -3.05139e-05 -0.000218354 -0.000113379 -0.00031068 0.000197172 0.000121393 -0.0002525 0.000226427 3.31126e-05 0.000288703 0.000144124 -0.000147436 0.000231283 -6.25e-05 0.000333333 0.000285714 0.000270677 0.000464629 0.000472646
internal_weight=3622 1437 293 2185 923 473 440 308 1262 1004 199 805 150 238 450 77 373 71 302 748 132 1144 1114
internal_count=3622 1437 293 2185 923 473 440 308 1262 1004 199 805 150 238 450 77 373 71 302 748 132 1144 1114
cat_boundaries=0 1
cat_threshold=679
is_linear=0
shrinkage=0.01


Tree=267
num_leaves=31
num_cat=1
split_feature=10 14 25 13 23 25 18 21 18 12 3 5 18 20 7 21 16 28 20 19 14 11 11 18 25 25 25 7 27 14
split_gain=0.779888 0.575032 0.446411 0.324771 0.593726 0.619972 0.675565 0.406166 0.289263 0.279088 0.270346 0.451567 0.188925 0.366941 1.14837 0.105119 0.0997791 0.0975807 0.10072 0.085465 0.0802715 0.0760779 0.0483781 0.0456482 0.0436304 0.0105531 0.00880208 0.00388599 0.00639045 0.00151143
threshold=4688.9285714285725 -0.79902248885025529 6700.5000000000009 5265.502740787344 4299.0000000000009 4310.5000000000009 1.999999999999986 4794.5000000000009 5.4999999999999938 4766.1000000000013 0 3.5000000000000004 27.500000000000007 27.110714285714288 197.50000000000003 4310.5000000000009 0.95566275305367776 26.225000000000005 26.489285714285717 0.19999999999999826 -0.98046803196378884 48.795003647654475 122.71452879027611 134.70000000000002 5205.0000000000009 7974.5000000000009 4999.0000000000009 283.50000000000006 16.650000000000002 -0.75579217237767959
decision_type=2 2 2 2 2 2 2 2 2 2 1 2 2 2 2 2 2 2 2 2 2 2 2 2 2 2 2 2 2 2
left_child=3 2 9 4 8 22 -7 12 10 -2 11 -1 16 -14 -15 -8 20 18 -11 24 -5 -12 -6 25 26 29 -3 28 -10 -21
right_child=1 19 -4 7 5 6 15 -9 27 17 21 -13 13 14 -16 -17 -18 -19 -20 23 -22 -23 -24 -25 -26 -27 -28 -29 -30 -31
leaf_value=0.0010280400294998095 -0.16358701886793714 2.0950230296900756 -0.21865838796575993 0.20224545065382579 0.053535209615508193 0.14498614516237882 -0.011529132251987489 -0.082083941748110498 0.2296995253292021 0.87686705445216262 -0.0012201197601546311 -1.1210062982666544 0.35302062548884083 0.79392549190587036 -0.31553919975697553 -0.29914995228686658 0.020786778757037716 0.93336438993125814 -0.1404664753117458 1.3416708311413164 0.19077964076144002 0.054506508705227733 -0.0020878681558057196 0.39785982347657889 2.2332249332545215 6.433098650588942 -0.20271087734621687 0.034508804157187399 0.3279120794797008 1.621832282160486
leaf_weight=120 32 37 37 31 49 42 36 40 146 42 53 73 84 44 30 47 48 121 30 35 504 136 31 51 52 31 47 30 31 1532
leaf_count=120 32 37 37 31 49 42 36 40 146 42 53 73 84 44 30 47 48 121 30 35 504 136 31 51 52 31 47 30 31 1532
internal_value=0.000204527 0.00033374 -7.22433e-05 3.01396e-05 -0.000104403 -0.000570388 -0.0010119 0.000179668 4.15254e-05 5.53097e-05 -0.000101828 -0.000378866 0.000243261 -6.28929e-06 -0.000573333 -0.00152976 0.000327911 0.000239691 0 0.000398936 0.00036847 0.000128947 1.14978e-11 0.000420909 5.83942e-05 0.000430894 0 0.000353365 0.000384831 0.000435906
internal_weight=3622 2047 262 1575 794 205 125 781 589 225 382 193 741 158 74 83 583 193 72 1785 535 189 80 1649 136 1598 84 207 177 1567
internal_count=3622 2047 262 1575 794 205 125 781 589 225 382 193 741 158 74 83 583 193 72 1785 535 189 80 1649 136 1598 84 207 177 1567
cat_boundaries=0 1
cat_threshold=2
is_linear=0
shrinkage=0.01


Tree=268
num_leaves=26
num_cat=0
split_feature=10 14 25 13 22 21 12 25 14 16 13 25 23 33 34 14 12 31 34 10 24 15 25 24 32
split_gain=0.728977 0.442944 0.509266 0.353241 0.438036 0.240639 0.477929 0.213493 0.226147 0.186295 0.164304 0.415614 0.582305 0.209439 0.195354 0.115297 0.0962917 0.0814357 0.0770631 0.0580242 0.0164697 0.0153414 0.0142028 0.0138235 0.0106692
threshold=4951.7857142857147 -0.72696319516528884 6700.5000000000009 5346.1803277515401 4789.0000000000009 4794.5000000000009 4766.1000000000013 5876.5000000000009 0.85673801594079257 0.89693165594635726 5265.502740787344 4349.5000000000009 4299.0000000000009 74.15000000000002 4.5550000000000006 -0.98664820696349753 4618.3833333333341 13.000000000000002 4.3450000000000006 4278.9285714285725 4612.0000000000009 -0.99761278905001471 7377.5000000000009 4440.5000000000009 154.00000000000003
decision_type=2 2 2 2 2 2 2 2 2 2 2 2 2 2 2 2 2 2 2 2 2 2 2 2 2
left_child=3 2 18 4 10 9 -7 8 -8 15 11 14 -13 -12 -1 -5 -11 -17 -2 -15 23 -22 24 -3 -23
right_child=1 20 -4 5 -6 6 7 -9 -10 16 13 12 -14 19 -16 17 -18 -19 -20 -21 21 22 -24 -25 -26
leaf_value=0.0348933815409843 0.85985255740103128 6.0460491660290918 -0.21813277278578347 -4.1266973268702659e-06 -0.31755969622681218 -0.16472336056455356 1.0768639168050878 -0.072966769397080244 -0.12380980759765056 -0.046587855405471591 0.14853417436784783 0.0035434474385549011 -0.18028111630502977 -0.0014634000971641321 -0.0023123897086600271 0.53244611520121565 0.47027214079750373 0.00046036896420785343 -0.010356697700424888 0.16426237893486673 9.6154470686161382 2.8838144074740706 6.5974444994152091 0.72393720310250431 0.50337193347351428
leaf_weight=363 82 35 36 51 37 49 204 43 62 59 168 148 120 30 182 560 41 37 42 31 31 1113 32 32 34
leaf_count=363 82 35 36 51 37 49 204 43 62 59 168 148 120 30 182 560 41 37 42 31 31 1113 32 32 34
internal_value=0.000204527 0.000381433 -6.21118e-05 8.34858e-05 -3.75e-05 0.000210479 0 0.000143548 0.000273408 0.000312417 0 -6.57248e-05 -0.000394052 0.000236957 7.78388e-05 0.000375963 0 0.000415552 0.000176 -0.000153226 0.000444836 0.000458299 0.000465678 5.14706e-05 0.000473432
internal_weight=3622 1437 160 2185 1079 1106 358 309 266 748 1042 813 268 229 545 648 100 597 124 61 1277 1210 1179 67 1147
internal_count=3622 1437 160 2185 1079 1106 358 309 266 748 1042 813 268 229 545 648 100 597 124 61 1277 1210 1179 67 1147
is_linear=0
shrinkage=0.01


Tree=269
num_leaves=22
num_cat=3
split_feature=10 14 25 0 16 22 29 24 0 11 10 23 11 24 11 11 23 27 0 24 32
split_gain=0.70495 0.442944 0.509266 0.322427 0.285527 0.252498 0.610568 0.288403 0.373356 0.276332 0.194123 0.318716 0.16356 0.131832 0.131603 0.0749853 0.0630982 0.0585721 0.0581596 0.0499592 0.0206996
threshold=4951.7857142857147 -0.72696319516528884 6700.5000000000009 0 -0.67803021058859214 4925.5000000000009 26.925000000000008 4127.5000000000009 1 41.748681047693573 4278.9285714285725 4149.5000000000009 80.651364207910817 4000.5000000000005 180.27756377322609 245.34956206435353 5876.5000000000009 12.200000000000001 2 5300.5000000000009 154.00000000000003
decision_type=2 2 2 9 2 2 2 2 9 2 2 2 2 2 2 2 2 2 9 2 2
left_child=3 2 16 13 10 7 -7 8 -6 -9 11 -5 -13 -1 17 -12 -2 -15 19 -3 -20
right_child=1 18 -4 4 5 6 -8 9 -10 -11 15 12 -14 14 -16 -17 -18 -19 20 -21 -22
leaf_value=-0.00082809281750212741 -0.039212971770583527 -0.37093016917906929 -0.21595144505792555 0.028778038178263323 0.0092105585792368501 0.42515485899436739 -0.43803339729296176 -0.11275556092170934 -0.47898685084564718 0.016085081423020259 0.72875941307791392 -0.022946353611071814 -0.3051976315294882 0.39284813057289891 -0.0078391841094756116 0.083214738264162411 0.90120635621114564 0.37387391059302633 3.1740591659122259 0.82538068348305516 0.35235058866061708
leaf_weight=57 48 35 36 70 123 54 39 132 119 694 275 33 30 441 39 35 76 44 1129 83 30
leaf_count=57 48 35 36 70 123 54 39 132 119 694 275 33 30 441 39 35 76 44 1129 83 30
internal_value=0.000207287 0.000381433 -6.21118e-05 8.80604e-05 7.43035e-06 -6.84165e-05 -0.000569149 -1.49672e-05 -0.000325103 6.40871e-05 0.000228604 -2.61194e-05 -0.000601562 0.000288007 0.000346667 0.000369775 0.000176 0.000396091 0.000444836 6.97675e-05 0.000469658
internal_weight=3622 1437 160 2185 1604 1161 93 1068 242 826 443 133 63 581 524 310 124 485 1277 118 1159
internal_count=3622 1437 160 2185 1604 1161 93 1068 242 826 443 133 63 581 524 310 124 485 1277 118 1159
cat_boundaries=0 1 2 3
cat_threshold=130 848 2064
is_linear=0
shrinkage=0.01


Tree=270
num_leaves=31
num_cat=1
split_feature=12 14 15 32 19 11 20 15 33 10 29 23 29 12 22 23 34 15 29 19 10 26 0 11 24 21 24 12 10 12
split_gain=0.743876 0.522479 0.499011 0.448315 0.465521 0.587473 0.351164 0.493929 0.4649 0.370986 0.367277 0.330401 0.3101 0.705676 0.309477 0.246245 0.207585 0.421247 0.15265 0.151475 0.259924 0.113095 0.0698529 0.0635742 0.0298078 0.0285732 0.184388 0.0299988 0.018343 0.0182861
threshold=4766.1000000000013 -0.63255557784149707 -0.15950993297387572 27.899999999999999 178.20000000000002 97.250900439680109 23.103571428571431 0.94909129669788206 51.250000000000007 4168.2142857142871 27.725000000000005 4310.5000000000009 26.275000000000002 3945.9166666666674 4491.0000000000009 4499.0000000000009 3.6950000000000007 -0.31800055644052067 27.375000000000004 0.19999999999999826 4951.7857142857147 27.625000000000004 0 51.783661380951521 5165.5000000000009 3991.0000000000005 4511.5000000000009 4651.2666666666673 5767.7142857142871 4724.7833333333338
decision_type=2 2 2 2 2 2 2 2 2 2 2 2 2 2 2 2 2 2 2 2 2 2 9 2 2 2 2 2 2 2
left_child=6 2 3 -2 -5 -6 7 15 9 12 16 -12 23 -14 -13 -1 17 -10 -4 20 -3 -18 24 -8 -21 -9 -27 -28 -26 -11
right_child=1 19 18 4 5 -7 8 25 10 29 11 14 13 -15 -16 -17 21 -19 -20 22 -22 -23 -24 -25 28 26 27 -29 -30 -31
leaf_value=-6.0871215694538616 1.0519354929932447 -0.33604626661765535 1.7009126679855899 0.32244680732280673 0.41075224042629388 -0.33787993449157855 -0.0034044933853911697 0.087880696719413579 0.12060343293864596 0.42232404305699461 0.20769139296265018 -0.35945065203445675 0.030111493503865949 -1.0862902213955965 -0.15226908549577739 -0.039115741573204611 0.16021021026365403 -0.081512762992533155 -0.05427462122127763 -0.091043391693323872 1.8653930653018418 -0.25675358519839586 2.1554354364337502 0.083109025793676655 1.0650709299639467 -0.11905317245941176 0.052148000172204195 -0.088748370686331693 7.9780895835211245 0.75269200291925487
leaf_weight=30 50 34 227 48 33 51 30 56 156 419 35 36 59 31 37 33 303 86 30 49 79 88 1250 97 61 30 43 39 45 30
leaf_count=30 50 34 227 48 33 51 30 56 156 419 35 36 59 31 37 33 303 86 30 49 79 88 1250 97 61 30 43 39 45 30
internal_value=0.000193966 0.000326098 0 -0.000377049 -0.000706767 -0.00115294 2.98963e-05 -0.000321121 9.48154e-05 0.000289355 -6.67116e-05 -0.000605505 -6.88072e-06 -0.000494505 -0.000993243 -0.00107031 1.02524e-05 -0.000201646 0.000304264 0.000414088 0 0.000167092 0.000442745 0.000261719 0.000105422 0 -0.000123894 1.20482e-05 0.000214953 0.000454444
internal_weight=3595 1957 439 182 132 84 1638 231 1407 666 741 108 217 90 73 63 633 242 257 1518 113 391 1405 127 155 168 112 82 106 449
internal_count=3595 1957 439 182 132 84 1638 231 1407 666 741 108 217 90 73 63 633 242 257 1518 113 391 1405 127 155 168 112 82 106 449
cat_boundaries=0 1
cat_threshold=2052
is_linear=0
shrinkage=0.01


Tree=271
num_leaves=27
num_cat=0
split_feature=19 13 34 28 19 28 24 21 13 25 15 26 20 29 26 27 33 21 22 15 32 18 15 15 25 21
split_gain=0.586219 0.61205 0.343217 0.641181 0.272655 0.34035 0.249051 0.269201 0.261669 0.216504 0.862606 0.406743 0.24507 0.236031 0.19773 0.393528 0.237904 0.0801621 0.360525 0.0716576 0.0637517 0.0362041 0.0233155 0.0137213 0.0213185 0.0121979
threshold=113.75000000000001 5337.5509694251668 4.5750000000000011 26.175000000000008 257.55000000000001 27.425000000000004 4050.5000000000005 6181.0000000000009 5846.8356643356647 4842.5000000000009 0.40418040343369133 25.975000000000005 26.396428571428576 22.825000000000006 27.475000000000005 2.6500000000000008 240.15000000000001 4901.0000000000009 4917.5000000000009 0.73721509932751383 28.950000000000006 47.350000000000009 0.95436825032516992 -0.97696767110351213 6450.5000000000009 3899.5000000000005
decision_type=2 2 2 2 2 2 2 2 2 2 2 2 2 2 2 2 2 2 2 2 2 2 2 2 2 2
left_child=1 9 6 -4 5 -5 -2 14 -9 11 -11 12 13 -1 16 -16 -8 18 19 -3 25 -22 -21 24 -19 -13
right_child=2 17 3 4 -6 -7 7 8 -10 10 -12 20 -14 -15 15 -17 -18 23 -20 22 21 -23 -24 -25 -26 -27
leaf_value=-0.055523433667837664 -0.6884365300980797 0.64727063875929403 0.84609949591103528 -0.71996399810995471 1.1337972161242709 -0.22649803952982581 0.28570050103011851 -0.14571236874057841 1.3627603397908339 -0.43754677971719852 0.30488192142178316 0.019397148122446965 -0.40359111683125715 0.0139127903007389 -0.062743906456759937 0.50665785626896287 0.19551367199097291 3.0516393689968955 -0.23351590879183623 -0.025416005867455224 -0.20785115000140678 0.0027928947236110753 0.37054095448872104 2.166264199518066 3.6048412363871503 0.33126446114637903
leaf_weight=128 32 446 60 42 34 42 356 30 32 30 44 31 36 244 79 97 262 41 52 64 30 42 66 988 31 256
leaf_count=128 32 446 60 42 34 42 356 30 32 30 44 31 36 244 79 97 262 41 52 64 30 42 66 988 31 256
internal_value=0.000199527 0.000282411 0 -0.000396648 -0.000848739 -0.00115294 8.32396e-05 0.000126021 -0.000460317 4.80998e-05 -0.00044 0.000108724 -8.80195e-05 0 0.000184906 -6.77966e-05 0.000273021 0.000393132 0.000260731 0.000343154 0.000359722 0 3.8168e-05 0.000461828 8.21918e-05 0.000428819
internal_weight=3595 2529 1066 178 118 84 888 856 62 841 74 767 408 372 794 176 618 1688 628 576 359 72 130 1060 72 287
internal_count=3595 2529 1066 178 118 84 888 856 62 841 74 767 408 372 794 176 618 1688 628 576 359 72 130 1060 72 287
is_linear=0
shrinkage=0.01


Tree=272
num_leaves=29
num_cat=2
split_feature=14 0 10 20 33 0 32 18 19 13 29 14 14 25 12 18 19 19 10 16 27 25 25 14 22 10 12 26
split_gain=0.694264 0.582487 0.345256 0.29499 0.497212 0.246686 0.411156 0.897285 0.213145 0.275045 0.359929 0.186982 0.411864 0.211506 0.119854 0.116354 0.115721 0.103035 0.233466 0.0925631 0.0651131 0.0694386 0.0623181 0.0829247 0.0618704 0.0570793 0.0498569 0.00991753
threshold=-0.91936887716170002 0 4292.6428571428578 26.43928571428572 245.85000000000002 1 32.050000000000004 19.050000000000008 233.55000000000004 5608.3776099562774 23.175000000000004 -0.32614396506100213 -0.57780908558020239 4244.0000000000009 4409.6166666666677 1.0000000180025095e-35 5.0999999999999988 0.19999999999999826 4951.7857142857147 -0.80418297442179421 2.0500000000000003 4590.5000000000009 6592.5000000000009 0.85673801594079257 7252.5000000000009 5043.6428571428578 4762.7166666666681 30.425000000000004
decision_type=2 9 2 2 2 9 2 2 2 2 2 2 2 2 2 2 2 2 2 2 2 2 2 2 2 2 2 2
left_child=3 8 11 25 5 6 7 -5 9 10 -2 12 19 -14 -12 16 -13 18 -4 -3 21 -7 23 -11 26 -1 -19 -17
right_child=1 2 17 4 -6 20 -8 -9 -10 22 14 15 13 -15 -16 27 -18 24 -20 -21 -22 -23 -24 -25 -26 -27 -28 -29
leaf_value=0.90788457555205071 -0.15862375550956956 -0.008016325854355905 -0.27864740053021014 0.2282714650291873 -0.090902523742416086 -0.0030723853067355744 0.013834850455221117 -0.49397961076099156 -0.32005687900592522 2.6762518750867073 0.049643901946541356 0.038828768785370442 0.029358389293453861 -0.13291394358852063 -0.078384978485215945 0.13179920351003577 -0.29220188011515363 0.18615948736639604 1.8588657417376455 0.61517565661401952 0.17021193296805184 0.55294295889489631 -0.33291421965224566 0.28044853011384502 1.2457165241301016 0.66485574021987515 2.0220360926889858 0.002409491430136614
leaf_weight=84 59 54 38 42 51 32 47 33 53 183 120 63 31 39 131 161 82 531 84 81 69 55 31 32 42 30 1307 30
leaf_count=84 59 54 38 42 51 32 47 33 53 183 120 63 31 39 131 161 82 531 84 81 69 55 31 32 42 30 1307 30
internal_value=0.000202308 0.00025563 0.000321652 -0.000154279 -0.000319697 -0.000111111 -0.000443609 -0.000953947 -8.87095e-06 3.2316e-05 -0.000144695 7.47233e-05 -0.000133495 -0.000774648 0 0.000231454 0 0.000384923 8.13009e-06 0.000128676 0.000107784 0 0.000295547 0.000358796 0.00040404 0.000234783 0.000412724 0.000393229
internal_weight=3595 3152 2543 443 329 278 122 75 609 556 310 541 205 70 251 336 145 2002 122 135 156 87 246 215 1880 114 1838 191
internal_count=3595 3152 2543 443 329 278 122 75 609 556 310 541 205 70 251 336 145 2002 122 135 156 87 246 215 1880 114 1838 191
cat_boundaries=0 1 2
cat_threshold=2580 393
is_linear=0
shrinkage=0.01


Tree=273
num_leaves=28
num_cat=0
split_feature=14 12 7 11 20 33 19 31 23 32 14 31 11 33 18 21 19 10 29 11 7 11 10 23 11 24 11
split_gain=0.767556 0.429802 0.431786 0.653844 0.328852 0.456049 0.272128 0.242044 0.300837 0.232857 0.317828 0.3869 0.194318 0.185725 0.376718 0.494108 0.159242 0.259924 0.145689 0.126274 0.0825781 0.0697064 0.0570793 0.0513052 0.113169 0.00947248 0.00812404
threshold=-0.91936887716170002 4766.1000000000013 43.500000000000007 104.51520447332653 26.43928571428572 245.85000000000002 113.75000000000001 0.65000000000000002 4152.5000000000009 32.050000000000004 -0.63255557784149707 0.8500000000000002 34.503277967228392 196.85000000000002 12.950000000000001 4673.0000000000009 0.19999999999999826 4951.7857142857147 23.075000000000006 167.47543430211741 337.50000000000006 341.43601858294568 5043.6428571428578 3991.0000000000005 56.452677189869227 4450.5000000000009 256.22455602579049
decision_type=2 2 2 2 2 2 2 2 2 2 2 2 2 2 2 2 2 2 2 2 2 2 2 2 2 2 2
left_child=4 2 3 23 22 13 18 8 -8 16 11 -11 -9 14 -6 -16 17 -3 20 -12 -4 -20 -1 -2 -25 -18 -21
right_child=1 9 6 -5 5 -7 7 12 -10 10 19 -13 -14 -15 15 -17 25 -19 21 26 -22 -23 -24 24 -26 -27 -28
leaf_value=0.89880572979652984 0.074978709414925473 -0.32552386214899881 -0.41489038600722916 -0.94902553273948531 0.36708446380802962 -0.089993498504991651 0.028625655572016646 -0.043032214295444973 -0.53894885537722315 2.7909517372305208 2.5877508750524818 -0.30243942484057601 0.53276370336997081 0.27151418846808312 -0.32249241659580846 0.48930370945710044 6.3522686089959812 1.806487835236267 0.12168653456204359 -0.13298270967041478 0.0096028102250313285 0.33539523429430346 0.65820718281767987 -0.29103246361182439 0.015348886600751741 1.9161808591989344 1.0299929019488008
leaf_weight=84 69 34 31 42 66 51 30 50 76 37 177 55 145 71 87 54 33 79 691 30 107 32 30 62 65 1266 41
leaf_count=84 69 34 31 42 66 51 30 50 76 37 177 55 145 71 87 54 33 79 691 30 107 32 30 62 65 1266 41
internal_value=0.000199527 0.00025563 0.000114204 -0.00025523 -0.000176802 -0.00035 0.000198624 -3.14569e-05 -0.000439252 0.000362807 8.79766e-05 -0.000365591 0.000140306 -0.000146953 -0.000319712 -0.000630282 0.000421798 0 0.000290603 0.000297189 0 0.000347376 0.000234783 0 -0.000128906 0.000453462 0
internal_weight=3595 3152 1400 238 443 329 1162 301 106 1752 340 92 195 278 207 141 1412 113 861 248 138 723 114 196 127 1299 71
internal_count=3595 3152 1400 238 443 329 1162 301 106 1752 340 92 195 278 207 141 1412 113 861 248 138 723 114 196 127 1299 71
is_linear=0
shrinkage=0.01


Tree=274
num_leaves=31
num_cat=1
split_feature=14 0 31 5 10 29 26 11 11 18 32 22 24 23 16 16 13 21 26 20 19 10 7 20 18 31 11 14 16 16
split_gain=0.554991 0.413723 0.372705 0.823423 0.292454 0.291772 0.397915 0.165143 0.226223 0.149137 0.145927 0.320569 0.266631 0.220271 0.160886 0.145133 0.164851 0.131538 0.201485 0.126835 0.109513 0.233466 0.0575756 0.046868 0.044022 0.0367607 0.0189736 0.0133846 0.0102693 0.00741091
threshold=-0.9259986516102553 0 9.0500000000000025 1.5000000000000002 4178.7142857142871 27.075000000000006 26.575000000000006 93.213144912286666 115.35750683697295 67.450000000000017 38.100000000000016 4925.5000000000009 4946.5000000000009 4686.0000000000009 -0.90893575921103265 0.83373797915484082 5941.3682699464798 4064.0000000000005 25.925000000000008 27.339285714285719 0.19999999999999826 4951.7857142857147 6.5000000000000009 27.475000000000005 24.099999999999991 18.700000000000006 134.57038228658908 -0.35041564478062465 0.86113431103781346 0.95566275305367776
decision_type=2 9 2 2 2 2 2 2 2 2 2 2 2 2 2 2 2 2 2 2 2 2 2 2 2 2 2 2 2 2
left_child=2 10 5 -4 7 19 -7 17 -9 20 12 23 13 14 -2 25 -17 29 -19 -1 21 -6 -22 -12 -8 -11 -5 -10 -14 -3
right_child=1 4 3 26 9 6 24 8 27 15 11 -13 28 -15 -16 16 -18 18 -20 -21 22 -23 -24 -25 -26 -27 -28 -29 -30 -31
leaf_value=0.31286337404402143 -0.025663482415928165 0.06427936232633244 -0.13095165402305578 -0.034951853987972008 -0.2726056879034171 -0.34443521768682339 0.28084791330912129 -1.0655469057903573 0.12274727097369598 1.0442686436708912 0.20202414131882238 -0.85891687692375618 0.8222140433244256 -0.22459990326231441 0.043156840917648535 -0.053194683896169041 1.6242357913669907 -0.41240296524283182 0.26293128331635318 -0.0063744770792999251 0.0044123901307827522 1.822212205967908 0.7717367404726595 -0.35969283664994645 -0.18964962499003224 0.51798600555191188 1.2708514352287739 -0.081692519059324079 0.46708134912662713 0.0023197531018872971
leaf_weight=184 57 131 32 30 38 43 46 57 34 100 49 49 166 51 177 55 31 32 42 33 45 84 1801 32 30 44 32 30 30 30
leaf_count=184 57 131 32 30 38 43 46 57 34 100 49 49 166 51 177 55 31 32 42 33 45 84 1801 32 30 44 32 30 30 30
internal_value=0.000216212 0.00026295 -0.000104408 -0.000663158 0.000318519 2.37389e-05 -0.0003375 2.2409e-05 -0.000241803 0.000363347 8.84246e-06 -0.000267176 0.000104772 -6.11888e-05 2.97872e-05 6.49351e-05 -0.000195402 0.000201271 -4e-05 0.000268349 0.000393093 8.13009e-06 0.000413102 6.09757e-06 0 0.000289655 0 3.07692e-05 0.000395939 0.000373457
internal_weight=3595 3165 430 94 2554 336 119 356 121 2198 611 130 481 285 234 230 86 235 74 217 1968 122 1846 81 76 144 62 64 196 161
internal_count=3595 3165 430 94 2554 336 119 356 121 2198 611 130 481 285 234 230 86 235 74 217 1968 122 1846 81 76 144 62 64 196 161
cat_boundaries=0 1
cat_threshold=2580
is_linear=0
shrinkage=0.01


Tree=275
num_leaves=26
num_cat=0
split_feature=19 13 31 27 15 17 21 16 21 14 13 25 15 32 21 22 25 31 29 11 13 11 22 11 23
split_gain=0.679358 0.308682 0.446517 0.270644 0.299739 0.26831 0.277674 0.448455 0.603313 0.300862 0.266404 0.240439 0.154136 0.178893 0.299011 0.138712 0.172164 0.132558 0.131911 0.115768 0.111028 0.0769312 0.0113055 0.00847619 0.00921946
threshold=106.45000000000002 5353.996859352791 2.9500000000000006 21.500000000000004 -0.8739740505118182 -0.091260510743598464 4826.0000000000009 0.32612888491727243 5653.5000000000009 -0.99697703579879204 5824.4809986905811 4460.5000000000009 0.97062204580664158 1.0000000180025095e-35 3991.0000000000005 3900.5000000000005 4850.5000000000009 3.6500000000000008 22.225000000000005 34.126851274996994 5241.1237346003254 96.407355585999127 6095.0000000000009 577.98886992210021 4225.5000000000009
decision_type=2 2 2 2 2 2 2 2 2 2 2 2 2 2 2 2 2 2 2 2 2 2 2 2 2
left_child=1 2 12 5 -5 6 9 17 -9 -2 -6 -4 15 -14 -15 21 -17 -8 -7 -20 -11 -1 -21 24 -3
right_child=3 23 11 4 10 18 7 8 -10 20 -12 -13 13 14 -16 16 -18 -19 19 22 -22 -23 -24 -25 -26
leaf_value=0.038892814602443926 -0.31022837481245169 0.12507594148088597 0.0023159957129325905 0.84671090685358397 -0.038726980759632296 -0.71116136525623475 1.0803230444809169 -0.52662536074725952 -0.097831836212101314 -4.5770741330446456e-05 -0.25020946366934632 -0.16456986376362781 0.1817220111241484 0.064591966282349228 -0.16022139650372796 0.074321176204800873 -0.24524508145991861 -0.08927151600623745 0.11378859734589693 0.5470861090910385 0.75021664060327209 -0.76734627749753503 6.5552125249748432 0.41509846691105923 0.97519554500400552
leaf_weight=56 43 31 41 45 41 30 66 31 54 156 35 37 61 41 39 519 59 33 47 312 238 31 30 31 1520
leaf_count=56 43 31 41 45 41 30 66 31 54 156 35 37 61 41 39 519 59 33 47 312 238 31 30 31 1520
internal_value=0.000235254 0.00032955 0.000160452 2.62479e-05 -0.000405738 8.64553e-05 -3.13505e-05 -0.000367568 -0.000901163 8.78996e-05 -0.000805195 -0.000518987 0.000239157 0 -0.00037037 0.000304054 0.000360967 0 0.000284524 0.000344872 0.000194937 0 0.000411079 0.000417562 0.000422358
internal_weight=3627 2466 884 1161 121 1040 621 184 85 437 76 78 806 141 80 665 578 99 419 389 394 87 342 1582 1551
internal_count=3627 2466 884 1161 121 1040 621 184 85 437 76 78 806 141 80 665 578 99 419 389 394 87 342 1582 1551
is_linear=0
shrinkage=0.01


Tree=276
num_leaves=31
num_cat=2
split_feature=0 14 24 31 12 16 25 10 25 10 0 11 13 7 28 11 33 10 13 24 5 34 20 15 34 24 27 31 21 11
split_gain=0.618434 0.533721 0.396504 0.510682 0.45737 0.359294 0.595447 0.608119 0.358987 0.267679 0.36078 0.343903 0.260537 0.385122 0.456983 0.138877 0.124999 0.131589 0.121703 0.283848 0.0937094 0.0899562 0.0725587 0.0657859 0.0448035 0.0435811 0.0175176 0.0143633 0.0123978 0.0122924
threshold=0 -0.73282214301478099 4950.5000000000009 0.8500000000000002 5645.5000000000009 0.29342023166772885 4376.0000000000009 4678.6428571428578 6692.5000000000009 4292.6428571428578 1 41.748681047693573 5221.7146792653721 276.50000000000006 26.525000000000002 74.267374101274854 1.0000000180025095e-35 5017.857142857144 5498.2566992370512 4411.0000000000009 2.5000000000000004 4.995000000000001 25.603571428571431 -0.99818570902816506 4.5750000000000011 4020.5000000000005 0.65000000000000002 32.150000000000006 4821.5000000000009 37.441700323947749
decision_type=9 2 2 2 2 2 2 2 2 2 9 2 2 2 2 2 2 2 2 2 2 2 2 2 2 2 2 2 2 2
left_child=5 2 12 24 -5 18 22 -8 -6 10 29 -12 13 -2 -15 -13 17 -11 19 25 -9 28 -7 -18 -4 -1 -23 -25 -14 -3
right_child=1 9 3 4 8 6 7 20 -10 16 11 15 21 14 -16 -17 23 -19 -20 -21 -22 26 -24 27 -26 -27 -28 -29 -30 -31
leaf_value=0.051456930835928748 0.30416616949107289 0.0024923809406496881 1.3562637845624148 -0.27059664537739059 0.83558268131022617 -0.2164685075879822 -0.56621199119415633 0.60243266107339699 -0.15052172272763575 -0.3667530514579716 -0.21597237216417881 0.24789901280023371 0.79791291906170869 0.019266068063989845 -0.56649554402370006 -0.52586405268837688 0.042931085240780806 1.438625406392031 1.7038427450832445 -0.12878109868112861 -0.90702631736373551 0.98541091769831413 0.050346381904284358 0.78025245192129056 -0.046456440845870688 0.090639116103168646 -0.093431057424257932 2.8286380076890465 0.23989840427614334 0.066400954418983471
leaf_weight=33 71 30 65 42 58 30 34 32 31 30 40 76 262 45 35 118 44 57 131 50 36 31 61 1794 30 70 30 30 31 200
leaf_count=33 71 30 65 42 58 30 34 32 31 30 40 76 262 45 35 118 44 57 131 50 36 31 61 1794 30 70 30 30 31 200
internal_value=0.000235254 0.000286302 3.48361e-05 -0.000295154 -0.000715909 -8.5041e-05 -0.000430412 -0.000961165 -0.000172222 0.000359298 0.000111828 -0.000134694 0.000202569 -9.53947e-05 -0.000617284 0 0.000412832 0 0.000112281 -2.27273e-05 -0.000231884 0.000357746 5.97826e-05 0.000430177 0.000182292 0.000206731 0 0.000439452 0.000430272 0.000394191
internal_weight=3627 3150 731 226 131 477 193 102 89 2419 464 234 505 151 80 194 1955 87 284 153 68 354 91 1868 95 103 61 1824 293 230
internal_count=3627 3150 731 226 131 477 193 102 89 2419 464 234 505 151 80 194 1955 87 284 153 68 354 91 1868 95 103 61 1824 293 230
cat_boundaries=0 1 2
cat_threshold=2576 195
is_linear=0
shrinkage=0.01


Tree=277
num_leaves=29
num_cat=0
split_feature=19 13 31 27 13 13 25 34 28 19 28 17 19 21 17 5 26 21 29 21 25 10 11 23 11 21 21 23
split_gain=0.529144 0.396854 0.400276 0.295127 0.259425 0.476002 0.240439 0.19821 0.370154 0.525453 0.493758 0.162833 0.167206 0.298039 0.140265 0.242089 0.116002 0.109005 0.130379 0.105837 0.0841253 0.0806452 0.070303 0.0440318 0.00752947 0.0129228 0.248625 0.00451792
threshold=106.45000000000002 5353.996859352791 2.9500000000000006 21.500000000000004 6161.7266744096023 5819.799973347549 4460.5000000000009 4.5750000000000011 26.275000000000002 237.95000000000002 27.375000000000004 0.8842148469408333 9.3500000000000103 3991.0000000000005 -0.72696193466471681 1.0000000180025095e-35 27.575000000000006 6181.0000000000009 22.475000000000005 3871.0000000000005 4850.5000000000009 4708.4285714285716 96.407355585999127 4010.5000000000005 577.98886992210021 4901.0000000000009 4899.5000000000009 4225.5000000000009
decision_type=2 2 2 2 2 2 2 2 2 2 2 2 2 2 2 2 2 2 2 2 2 2 2 2 2 2 2 2
left_child=1 2 11 7 5 21 -4 14 -9 10 -10 19 13 -13 15 -2 -17 18 -16 22 -21 -5 -1 -14 25 26 27 -3
right_child=3 24 6 4 -6 -7 -8 8 9 -11 -12 12 23 -15 17 16 -18 -19 -20 20 -22 -23 -24 -25 -26 -27 -28 -29
leaf_value=0.16216508474208399 -0.042932192699255155 0.53323773897160986 0.00178937193676461 -0.55223497812633393 5.0782272388849741 -0.25204425700025385 -0.16146197161559553 0.86502469416259276 -0.92930901951505018 1.8439121112271204 -0.2874605936036832 0.05953211911192989 0.0032653163459614473 -0.49527116546363731 -0.56934371943144857 0.046166634880136052 -0.093112588925548467 -0.15671783401222814 0.41112474887670991 0.060890832019692732 -0.02359879145417999 2.3427589654931018 -0.72292955752819743 0.4578197140327272 0.41130470081171494 2.2492779487079311 -0.14387628668344529 0.4437409430585772
leaf_weight=32 54 30 41 30 30 31 37 65 37 37 40 38 31 38 33 206 40 33 495 515 54 30 32 66 31 986 33 502
leaf_count=32 54 30 41 30 30 31 37 65 37 37 40 38 31 38 33 206 40 33 495 515 54 30 32 66 31 986 33 502
internal_value=0.000229741 0.000313336 0.000126554 4.34596e-05 -0.000405738 -0.000701087 -0.000518987 0.000105668 -0.000169444 -0.000547826 -0.00104487 0.000201983 -2.01149e-05 -0.000415584 0.000174594 0 0.000133603 0.000267794 0.000310019 0.000278391 0.000323684 0 0 0.000188776 0.000411244 0.000415915 0.00030477 0.00036773
internal_weight=3627 2466 884 1161 121 91 78 1040 179 114 77 806 173 76 861 300 246 561 528 633 569 60 64 97 1582 1551 565 532
internal_count=3627 2466 884 1161 121 91 78 1040 179 114 77 806 173 76 861 300 246 561 528 633 569 60 64 97 1582 1551 565 532
is_linear=0
shrinkage=0.01


Tree=278
num_leaves=31
num_cat=3
split_feature=18 21 0 7 29 29 19 14 11 0 31 0 11 11 13 34 18 21 33 11 14 31 19 11 22 11 19 13 13 14
split_gain=0.443818 0.504151 0.449732 0.525246 0.522538 0.557886 0.366955 0.317105 0.265689 0.259331 0.340464 0.258093 0.219088 0.193284 0.160658 0.265531 0.154327 0.107753 0.0954999 0.0952661 0.0875831 0.0714299 0.0685304 0.0624876 0.0609306 0.0174708 0.0107504 0.00741067 0.185513 0.0203512
threshold=24.550000000000001 4086.0000000000005 0 220.50000000000003 26.275000000000002 26.775000000000002 175.75000000000003 -0.97694226132849327 161.8347187425347 1 0.55000000000000016 2 34.503277967228392 27.213408287369678 5016.9167069376354 4.745000000000001 2.5499999999999896 4901.0000000000009 0.95000000000000717 167.47543430211741 -0.99372698525316483 29.650000000000002 123.35000000000001 51.783661380951521 3899.5000000000005 360.36687580788879 204.45000000000002 5562.1626273296615 5543.6120137046864 -0.90529520250134576
decision_type=2 2 9 2 2 2 2 2 2 9 2 9 2 2 2 2 2 2 2 2 2 2 2 2 2 2 2 2 2 2
left_child=1 11 7 19 17 -6 -7 8 26 10 18 23 13 -9 24 16 -16 -5 -3 -4 -11 25 -20 -1 -13 -14 -2 28 -22 -29
right_child=2 9 3 4 5 6 -8 12 -10 20 -12 14 21 -15 15 -17 -18 -19 22 -21 27 -23 -24 -25 -26 -27 -28 29 -30 -31
leaf_value=0.00089660193204751178 0.0033690184640042097 -0.33801806521680888 0.63819181248258428 0.45110445790918713 -0.71213575089063796 0.20058870837360401 -1.362857864029529 0.54424166092680093 -0.11261975997586907 0.0024590822172487 -0.25943852475490597 -0.085829114534363898 0.70216387197326413 -0.20526181811990235 0.13077788749488661 -1.0097313404479562 -0.67832109480583713 -0.23008805562796553 0.39110796160973144 -0.43430994373750126 0.18837257363524706 0.089938006084069641 0.10667740222331576 0.063953564582852326 0.066312456291445623 0.83532354092079442 0.87152998446373864 0.79883960121630371 -0.10923741256257632 1.5411929581377473
leaf_weight=34 30 32 89 49 32 31 45 30 43 32 54 39 390 30 67 33 33 31 270 35 709 36 56 115 71 63 32 30 46 1040
leaf_count=34 30 32 89 49 32 31 45 30 43 32 54 39 390 30 67 33 33 31 270 35 709 36 56 115 71 63 32 30 46 1040
internal_value=0.000229741 0.000296957 3.41262e-05 -0.000260062 -0.000613757 -0.00106422 -0.000415584 0.000190977 -0.000259434 0.000354405 8.51064e-05 -1.01781e-05 0.000299091 -0.000163934 -0.000230315 -0.000473881 -9.90099e-05 0 0.000220056 0.000176 0.000406049 0.000376531 0.000284404 0.000278125 0 0.000410793 1.5873e-05 0.000417579 0.000327381 0.000471522
internal_weight=3627 2661 966 312 188 108 76 654 105 2269 412 392 549 60 243 133 100 80 358 124 1857 489 326 149 110 453 62 1825 755 1070
internal_count=3627 2661 966 312 188 108 76 654 105 2269 412 392 549 60 243 133 100 80 358 124 1857 489 326 149 110 453 62 1825 755 1070
cat_boundaries=0 1 2 3
cat_threshold=874 2832 195
is_linear=0
shrinkage=0.01


Tree=279
num_leaves=24
num_cat=2
split_feature=0 16 29 14 34 27 13 0 15 14 18 21 14 14 33 14 13 10 31 19 27 13 10
split_gain=0.463396 0.567406 0.415231 0.344749 0.453915 0.541568 0.371004 0.315928 0.567881 0.299027 0.281195 0.246581 0.223509 0.15116 0.142465 0.116721 0.105203 0.0986358 0.085234 0.0739761 0.00662703 0.00423902 0.00410614
threshold=0 0.32612888491727243 26.875000000000004 -0.96689237009891416 3.3250000000000006 1.2500000000000002 5337.5509694251668 1 -0.94426098523567992 0.30983042691905771 67.450000000000017 4086.0000000000005 -0.73282214301478099 -0.90529520250134576 344.75000000000006 -0.99815974739704505 5498.2566992370512 7241.357142857144 13.000000000000002 93.350000000000037 9.1500000000000004 6123.1735716390895 4778.7857142857147
decision_type=9 2 2 2 2 2 2 9 2 2 2 2 2 2 2 2 2 2 2 2 2 2 2
left_child=1 16 9 4 5 -2 7 13 -9 -3 14 -10 -12 -5 17 -6 19 -8 -14 -1 -15 -18 -17
right_child=3 2 -4 6 15 -7 10 8 11 -11 12 -13 18 20 -16 22 21 -19 -20 -21 -22 -23 -24
leaf_value=0.14985192084595572 -0.09345977100098822 -1.1003459627650996 0.0030501647968404332 -0.0051036206689566398 -0.30842552205937274 0.015742156037977278 0.93621326540246641 -0.2698738979405047 -0.22585086914479263 -0.053789414816512372 -0.4870084816509776 0.1683165498987399 1.3969628329003054 0.12251037964223889 0.19835615471495346 0.20891087178251724 1.5075461487215613 -0.061844539890995344 0.38022557555813247 -0.011183628080641678 0.36272971268380205 4.3976739877445485 1.057117230515924
leaf_weight=46 38 32 46 30 48 33 1745 52 208 40 46 296 98 397 46 102 103 31 70 30 30 30 30
leaf_count=46 38 32 46 30 48 33 1745 52 208 40 46 296 98 397 46 102 103 31 70 30 30 30 30
internal_value=0.000229741 -0.000107988 -0.000680672 0.000265781 -5.75397e-05 -0.000756944 0.000296557 0.000124753 -2.1164e-05 -0.00115068 0.000377025 6.33663e-05 0 0.000317308 0.000417444 0.000165746 0.000164286 0.000432189 0.000201183 -2.5974e-05 0.000382009 0.000347015 0.000345865
internal_weight=3627 327 118 3300 251 71 3049 1013 556 72 2036 504 214 457 1822 180 209 1776 168 76 427 133 132
internal_count=3627 327 118 3300 251 71 3049 1013 556 72 2036 504 214 457 1822 180 209 1776 168 76 427 133 132
cat_boundaries=0 1 2
cat_threshold=2064 195
is_linear=0
shrinkage=0.01


Tree=280
num_leaves=28
num_cat=1
split_feature=0 33 13 20 25 15 33 13 24 29 34 33 26 7 25 19 25 25 13 25 21 34 17 13 12 7 17
split_gain=0.49466 0.345408 0.327338 0.2896 0.446474 0.242035 0.301658 0.206795 0.719516 0.729344 0.24844 0.18622 0.184347 0.210659 0.187012 0.143317 0.102472 0.0998153 0.164324 0.0752693 0.0709057 0.06125 0.057805 0.0449407 0.0190414 0.0189736 0.0148983
threshold=0 119.15000000000001 5353.996859352791 26.046428571428574 6751.5000000000009 -0.43733099657705293 245.85000000000002 5498.2566992370512 4411.0000000000009 24.725000000000005 4.9450000000000012 236.45000000000002 22.575000000000006 27.500000000000004 4977.5000000000009 174.60000000000005 6592.5000000000009 4376.0000000000009 5274.3185056840284 4942.5000000000009 3871.0000000000005 3.9150000000000005 -0.94354439864104889 5099.2566801763378 4050.1833333333338 226.50000000000003 -0.98410644190245056
decision_type=9 2 2 2 2 2 2 2 2 2 2 2 2 2 2 2 2 2 2 2 2 2 2 2 2 2 2
left_child=7 2 12 -3 5 15 -7 8 17 -10 -11 16 13 -2 20 -5 19 23 21 25 -14 -19 26 -1 -15 -9 -4
right_child=1 3 22 4 -6 6 -8 11 9 10 -12 -13 14 24 -16 -17 -18 18 -20 -21 -22 -23 -24 -25 -26 -27 -28
leaf_value=0.079071183738839923 -0.14589488082679503 1.4164990995015683 1.0740027359070297 -0.011002412340760961 -0.20547496143914878 0.0022012078556764899 -0.12387267938665648 -0.25089365426713811 -0.26118671915766678 0.18373943428454159 -0.066508272652827105 -0.30068290012184978 -0.048755428023230352 -0.00053897127016349397 -0.1189122119649846 0.82671848503704826 -1.3864968142436584 -0.0065308808588838019 0.67855899840171985 1.0626706854214458 0.10581792310265659 -0.1975225691749265 1.0743036613037158 -0.0010251529387137104 0.099367246276119647 3.0675569610736306 0.42771554705337894
leaf_weight=100 50 177 35 84 38 250 53 30 34 50 36 46 52 31 34 214 35 31 43 226 500 30 1326 40 39 32 50
leaf_count=100 50 177 35 84 38 250 53 30 34 50 36 46 52 31 34 214 35 31 43 226 500 30 1326 40 39 32 50
internal_value=0.000216253 0.000273947 0.000343957 8.32313e-05 -7.81237e-07 5.06645e-05 -0.000126645 -4.70429e-06 -0.000186301 -0.000826446 -0.000195402 0.000147297 0.000145686 -0.000165289 0.000226576 0.000264214 0.000251543 8.97959e-05 -7.61905e-05 0.00032526 0.000282098 -0.000475806 0.000435907 0.000283688 7.04225e-05 0 2.90698e-05
internal_weight=3666 2933 2117 816 639 601 303 733 364 120 86 369 706 120 586 298 323 244 104 288 552 61 1411 140 70 62 85
internal_count=3666 2933 2117 816 639 601 303 733 364 120 86 369 706 120 586 298 323 244 104 288 552 61 1411 140 70 62 85
cat_boundaries=0 1
cat_threshold=2580
is_linear=0
shrinkage=0.01


Tree=281
num_leaves=20
num_cat=0
split_feature=13 18 11 21 12 7 14 23 18 32 18 20 30 16 33 14 14 25 32
split_gain=0.55527 0.313305 0.313737 0.297163 0.367239 0.821692 0.301522 0.213836 0.286862 0.21949 0.211932 0.123795 0.367119 0.0903609 0.0863415 0.0487956 0.0487661 0.135679 0.0155409
threshold=5431.6878934566002 31.600000000000009 113.35142778800883 4973.0000000000009 4701.5000000000009 268.50000000000006 0.78325454425165997 4299.0000000000009 15.299999999999992 0.10000000000000007 38.800000000000004 26.046428571428574 26.375000000000004 0.96851839807117801 344.75000000000006 -0.98664820696349753 0.85673801594079257 5001.0000000000009 32.649999999999999
decision_type=2 2 2 2 2 2 2 2 2 2 2 2 2 2 2 2 2 2 2
left_child=3 14 13 4 6 -6 7 9 -9 -1 -4 -12 -13 -3 15 -2 18 -18 -17
right_child=1 2 10 -5 5 -7 -8 8 -10 -11 11 12 -14 -15 -16 16 17 -19 -20
leaf_value=-0.00067555132370384718 0.47055849271494438 1.1726377965153534 -0.32056804020140789 1.8455341617224463 -0.35125959921865879 0.39694300348566336 0.32122653839857856 0.0016721134293226215 -0.051278241551789158 0.051015508682684479 1.8548067334156302 -0.10072960345723177 0.012229714579674878 0.024617040144490704 0.40236139077651695 1.2340056029163058 -0.19025524870431504 1.9988217351770527 0.091096204166068825
leaf_weight=228 47 201 38 179 41 49 173 255 169 406 70 50 138 30 30 1262 70 200 30
leaf_count=228 47 201 38 179 41 49 173 255 169 406 70 50 138 30 30 1262 70 200 30
internal_value=0.000216253 0.000319797 8.23864e-05 5.996e-05 3.78228e-07 -0.000604396 5.31656e-05 -9.44274e-07 -0.000183529 0.000105512 -0.000107744 0 -0.000137566 0.000368534 0.000389939 0.000400311 0.000410109 0.000202952 0.000445476
internal_weight=3666 2166 527 1500 1321 90 1231 1058 424 634 296 258 188 231 1639 1609 1562 270 1292
internal_count=3666 2166 527 1500 1321 90 1231 1058 424 634 296 258 188 231 1639 1609 1562 270 1292
is_linear=0
shrinkage=0.01


Tree=282
num_leaves=30
num_cat=2
split_feature=13 0 32 0 25 7 20 12 12 14 10 30 24 14 24 11 24 21 20 24 21 14 15 34 12 14 25 25 11
split_gain=0.588604 0.493424 0.478931 0.453107 0.629626 0.374569 0.705993 0.390579 0.395234 0.282569 0.53872 0.257264 0.246256 0.243656 0.18847 0.234096 0.165648 0.234022 0.159632 0.25435 0.143431 0.135942 0.0971753 0.167726 0.127153 0.0782482 0.198874 0.0729474 0.062655
threshold=5479.0700439535676 0 27.899999999999999 1 6741.0000000000009 221.50000000000003 29.68214285714286 4096.1833333333343 4574.2666666666673 -0.861146256326485 4730.1428571428578 22.425000000000004 4449.5000000000009 -0.9259986516102553 4676.0000000000009 83.985542973583946 5853.5000000000009 4901.0000000000009 26.796428571428578 4251.0000000000009 4794.5000000000009 -0.98664820696349753 -0.94426098523567992 4.6150000000000011 4114.666666666667 0.79383249484937135 5001.0000000000009 4899.5000000000009 178.208077922716
decision_type=2 9 2 9 2 2 2 2 2 2 2 2 2 2 2 2 2 2 2 2 2 2 2 2 2 2 2 2 2
left_child=1 5 21 13 16 6 7 -1 -9 10 18 14 28 20 15 -11 17 -5 -3 -20 -4 -2 23 -13 -24 -23 27 -27 -7
right_child=2 9 3 4 -6 12 -8 8 -10 11 -12 22 -14 -15 -16 -17 -18 -19 19 -21 -22 25 24 -25 -26 26 -28 -29 -30
leaf_value=0.088223748342012381 0.11307694747412902 0.61925615228991182 0.018722379413696137 0.675678067545885 -0.7842032438197245 0.0099910572809162063 0.24003547229720432 -0.91527477592152229 -0.016708009371452791 -0.20413170148905352 -0.21370077812399488 0.54947290652550873 -0.082757631247016142 1.7743873791082618 0.66213755176964495 0.065071746640663661 0.90212547375762386 -0.82113273851042745 -0.5441079484699286 0.026473771447138417 -0.099116128781804702 1.5141041173046088 0.0079143527604737633 -0.15142706365265746 0.32326915904107745 0.11793484531551045 1.4514410704278005 -0.27757639310105087 0.023587472049942961
leaf_weight=32 48 84 37 47 33 95 44 45 37 60 32 70 33 241 69 37 80 32 35 82 49 1117 197 57 612 39 250 42 30
leaf_count=32 48 84 37 47 33 95 44 45 37 60 32 70 33 241 69 37 80 32 35 82 49 1117 197 57 612 39 250 42 30
internal_value=0.000205345 5.78087e-05 0.000321181 3.75e-05 -0.000315271 -0.000281346 -0.00063522 -0.00106957 -0.00143373 0.000146731 -0.000143162 0.000218495 0 0.000276627 -0.000101796 -0.000423469 -3.12499e-06 -0.00038125 2.47526e-06 -0.000182203 -8.04598e-05 0.000412826 0.000286019 0 0.000326543 0.000430642 0.00022741 -0.000115854 0.000257937
internal_weight=3666 1651 2015 519 192 316 158 114 82 1335 233 1102 158 327 166 97 159 79 201 117 86 1496 936 127 809 1448 331 81 125
internal_count=3666 1651 2015 519 192 316 158 114 82 1335 233 1102 158 327 166 97 159 79 201 117 86 1496 936 127 809 1448 331 81 125
cat_boundaries=0 1 2
cat_threshold=2100 299
is_linear=0
shrinkage=0.01


Tree=283
num_leaves=22
num_cat=1
split_feature=13 32 0 16 10 22 18 13 23 23 32 16 26 14 31 32 14 14 33 5 14
split_gain=0.559429 0.478931 0.453107 0.509408 0.387592 0.537597 1.40862 0.247515 0.33617 0.484515 0.310595 0.251866 0.247579 0.243656 0.177822 0.145432 0.135942 0.0782482 0.0650372 0.0632398 0.0275661
threshold=5479.0700439535676 27.899999999999999 0 0.76558307451930629 4854.0000000000009 4698.5000000000009 6.0500000000000007 5265.502740787344 4299.0000000000009 4360.5000000000009 60.800000000000011 -0.7614135502316719 22.125000000000004 -0.9259986516102553 10.150000000000002 50.650000000000013 -0.98664820696349753 0.79383249484937135 0.55000000000000726 2.5000000000000004 0.8697513045430848
decision_type=2 2 9 2 2 2 2 2 2 2 2 2 2 2 2 2 2 2 2 2 2
left_child=4 16 13 15 5 7 -7 8 11 -10 12 -1 -9 14 -3 -4 -2 -18 -19 -8 -20
right_child=1 2 3 -5 -6 6 19 10 9 -11 -12 -13 -14 -15 -16 -17 17 18 20 -21 -22
leaf_value=-0.0086953931357292968 0.11194617799938975 0.70614798402381751 -0.11637766669548252 -0.48883705393919158 1.6926575144205895 -0.18403152409044152 0.37044231034725578 -0.13833638282463742 -0.058701634663666784 0.0016368956491240496 -0.036157146188613626 0.037749903479008674 0.156844762079663 1.7566435053171747 -0.10932771776296484 2.2691385709162915 1.4989630761315622 0.57571471487193238 0.47053373130851128 -0.14458638814981606 0.89039567851680379
leaf_weight=109 48 54 55 54 221 55 58 38 80 108 40 483 408 241 32 83 1117 75 47 51 209
leaf_count=109 48 54 55 54 221 55 58 38 80 108 40 483 408 241 32 83 1117 75 47 51 209
internal_value=0.000208072 0.000321181 3.75e-05 -0.000315271 6.3862e-05 0 -0.000533333 7.34017e-05 -2.56082e-05 -0.000402116 0.000252567 7.75717e-05 0.000342282 0.000276627 -8.04598e-05 0 0.000412826 0.000430642 0.00022741 4.09091e-05 0.000303502
internal_weight=3666 2015 519 192 1651 1430 164 1266 780 188 486 592 446 327 86 138 1496 1448 331 109 256
internal_count=3666 2015 519 192 1651 1430 164 1266 780 188 486 592 446 327 86 138 1496 1448 331 109 256
cat_boundaries=0 1
cat_threshold=299
is_linear=0
shrinkage=0.01


Tree=284
num_leaves=25
num_cat=2
split_feature=14 0 28 22 19 29 23 11 27 25 21 20 26 0 22 24 7 26 24 32 21 19 16 20
split_gain=0.499592 0.577885 0.518532 0.353821 0.257756 0.369002 0.223268 0.426145 0.270774 0.209024 0.284688 0.177902 0.515733 0.159255 0.15037 0.345428 0.109624 0.107761 0.0898009 0.0834053 0.0616041 0.047975 0.0370295 0.00807733
threshold=-0.8781231054254196 0 27.975000000000005 4300.5000000000009 25.550000000000001 23.375000000000004 5777.5000000000009 783.43554587421056 2.3500000000000001 4701.0000000000009 4324.5000000000009 25.603571428571431 25.775000000000002 1 4349.5000000000009 4647.5000000000009 6.5000000000000009 23.725000000000005 4950.5000000000009 154.00000000000003 4010.5000000000005 0.19999999999999826 0.45272350407489786 27.132142857142863
decision_type=2 9 2 2 2 2 2 2 2 2 2 2 2 9 2 2 2 2 2 2 2 2 2 2
left_child=2 4 6 11 22 -6 8 -8 9 10 -1 17 -13 -14 -7 -16 -5 20 -11 21 -3 -18 -2 -10
right_child=1 3 -4 16 5 14 7 -9 23 18 -12 12 13 -15 15 -17 19 -19 -20 -21 -22 -23 -24 -25
leaf_value=0.0014556879837070848 0.17201942892064392 0.072429118858740912 -0.30428750299428797 0.28065255406545797 -0.32501533602315241 0.056253819097018827 -0.10595261185166184 0.84945796692956566 0.19696476207612015 0.41629380036106584 -0.31999348782257486 -0.17607856235708583 -0.0045470684595648233 0.40008823174511426 -0.33051226507342329 0.064585393455929174 0.054542982789592631 0.12236565256124468 -0.087756262634599499 0.29629161363863077 -0.49605511948897407 0.79147871513487456 0.047221915665151298 0.048785428453947011
leaf_weight=67 80 67 34 51 51 78 41 30 169 84 56 54 134 110 37 89 117 158 58 31 37 1936 66 31
leaf_count=67 80 67 34 51 51 78 41 30 169 84 56 54 134 110 37 89 117 158 58 31 37 1936 66 31
internal_value=0.000213526 0.000264127 -4.37828e-05 0.000316888 -7.16019e-05 -0.000283203 1.48976e-05 -0.000479167 0.000112661 -6.57895e-05 -0.000391129 7.13013e-05 -7.02341e-05 8.97959e-05 -3.90244e-05 -0.000291339 0.000378043 0.000269962 0.000146853 0.000389448 0 0.000397517 0.00022449 0.00039801
internal_weight=3666 3096 570 2695 401 255 536 71 465 265 123 560 298 244 204 126 2135 262 142 2084 104 2053 146 200
internal_count=3666 3096 570 2695 401 255 536 71 465 265 123 560 298 244 204 126 2135 262 142 2084 104 2053 146 200
cat_boundaries=0 1 2
cat_threshold=2576 354
is_linear=0
shrinkage=0.01


Tree=285
num_leaves=26
num_cat=1
split_feature=12 29 32 7 7 23 0 11 32 34 20 14 23 7 20 19 13 11 20 14 26 12 15 19 11
split_gain=0.606649 0.429922 0.421952 0.348143 0.440248 0.555273 0.263529 0.395517 0.276581 0.258024 0.213894 0.191145 0.177339 0.163024 0.160892 0.148487 0.133385 0.128963 0.120266 0.102756 0.0742697 0.0188118 0.0134899 0.00857588 0.000922799
threshold=4769.9000000000005 21.975000000000005 29.550000000000001 222.50000000000003 255.50000000000003 5943.0000000000009 0 191.48542155128686 70.600000000000009 4.4050000000000011 22.782142857142862 -0.98664820696349753 4765.5000000000009 59.500000000000007 23.103571428571431 0.19999999999999826 5575.5496727322579 167.47543430211741 22.525000000000006 -0.99372698525316483 32.525000000000006 4472.9500000000007 -0.98372925196996197 85.250000000000014 712.44212400090612
decision_type=2 2 2 2 2 2 9 2 2 2 2 2 2 2 2 2 2 2 2 2 2 2 2 2 2
left_child=1 10 15 17 5 -5 11 8 13 -9 21 -3 -6 -8 18 16 -2 -4 -13 -17 -16 -1 -21 -19 -14
right_child=2 6 3 4 12 -7 7 9 -10 -11 -12 14 24 -15 20 19 -18 23 -20 22 -22 -23 -24 -25 -26
leaf_value=-0.23124888498576282 -0.3675904127135951 -0.0095595196583305418 2.4142375856839426 -0.39003911027113569 -0.15562580932118383 0.011313314342765427 -0.16066690991895663 -0.32127964218371163 -0.039221827854477372 0.09480430249261193 0.078716186371779073 0.056775441134007759 0.66480989161084936 0.035937229043844568 0.16048392114147167 0.19934222392235382 1.7029563497377274 -0.60687318326815853 -0.48123627373927036 2.0652460588301542 0.033386674380972529 -0.081851678459189586 1.9074737320529529 0.80076164215465073 0.80119773758258694
leaf_weight=30 30 51 197 35 30 50 122 30 53 31 42 54 81 404 709 32 86 30 38 32 56 34 1303 43 30
leaf_count=30 30 51 197 35 30 50 122 30 53 31 42 54 81 404 709 32 86 30 38 32 56 34 1303 43 30
internal_value=0.000213676 6.46526e-05 0.000333081 5.6338e-05 -0.000207048 -0.000784884 0.000112331 -3.0722e-05 3.36207e-05 -0.000798387 -0.00053271 0.00022198 7.39437e-05 0.000119545 0.000266317 0.000418801 0 0.000313653 -4.30107e-05 0.000448465 0.00031658 -0.000892308 0.000462201 0 0.000316964
internal_weight=3633 1654 1979 496 226 85 1548 640 579 61 106 908 141 526 857 1483 116 270 92 1367 765 64 1335 73 111
internal_count=3633 1654 1979 496 226 85 1548 640 579 61 106 908 141 526 857 1483 116 270 92 1367 765 64 1335 73 111
cat_boundaries=0 1
cat_threshold=346
is_linear=0
shrinkage=0.01


Tree=286
num_leaves=28
num_cat=3
split_feature=10 16 11 33 0 16 0 0 34 34 7 10 26 13 10 24 15 24 11 26 7 32 18 32 18 25 15
split_gain=0.621631 0.539735 0.543192 0.513719 0.476636 0.847995 0.442505 0.387684 0.724057 0.373801 0.369474 0.356473 0.343992 0.498947 0.299985 0.42278 0.227913 0.157537 0.109595 0.101508 0.107968 0.0865806 0.0661682 0.060284 0.030627 0.0141214 0.00810937
threshold=4951.7857142857147 -0.60468929461279042 104.51520447332653 141.55000000000004 0 0.83373797915484082 1 2 3.3350000000000004 4.6150000000000011 165.50000000000003 4529.2857142857147 27.125000000000004 5426.5379704301085 4206.4285714285716 4387.5000000000009 0.52583933546504591 5706.0000000000009 271.03250511184433 22.125000000000004 240.50000000000003 0.14999999999999294 59.649999999999999 0.30000000000000365 46.850000000000009 7377.5000000000009 -0.9955251950901236
decision_type=2 2 2 2 9 2 9 9 2 2 2 2 2 2 2 2 2 2 2 2 2 2 2 2 2 2 2
left_child=1 14 6 25 5 24 19 9 -9 22 -10 -11 16 -14 15 23 -8 -6 -16 21 -21 -3 -4 -1 -5 26 -2
right_child=3 2 7 4 17 -7 12 8 10 11 -12 -13 13 -15 18 -17 -18 -19 -20 20 -22 -23 -24 -25 -26 -27 -28
leaf_value=0.001321352468669591 8.8854743416267148 0.045772882136758238 0.25615420235192815 1.5541291405286839 -1.4131883580193869 -1.0688456510120024 0.54362033854031877 -0.37130722022350682 -0.29366389052374797 -0.68982848545068109 0.021266410583316148 0.024165667887058966 -0.21644782471583987 0.092269494586479192 0.66144762534158275 -0.55061853528389748 -0.0068009787836395934 2.6839456390808061 1.1502154708487258 0.2054401253172653 0.0075292577144587917 -0.39486801995802173 -0.0074432086977935267 0.0085257740715887834 -0.081057649113449093 6.2596324413717985 2.679830603776844
leaf_weight=52 35 34 108 39 30 33 113 41 37 31 96 54 74 70 497 31 167 169 30 457 137 30 31 80 30 32 1095
leaf_count=52 35 34 108 39 30 33 113 41 37 31 96 54 74 70 497 31 167 169 30 457 137 30 31 80 30 32 1095
internal_value=0.000208173 9.44265e-05 -6.75218e-06 0.000369877 0 -0.000522124 0.000102493 -0.000328321 -0.000664865 0 -0.00025 -0.000552326 -0.000133333 -0.000537931 0.000325615 0 3.55872e-05 0.000283333 0.000442235 0.000267564 0.000314286 0 0.000282143 0.000195489 0 0.000465176 0.000473033
internal_weight=3633 2170 1480 1463 301 102 1082 398 174 224 133 85 424 144 690 163 280 199 527 658 594 64 139 132 69 1162 1130
internal_count=3633 2170 1480 1463 301 102 1082 398 174 224 133 85 424 144 690 163 280 199 527 658 594 64 139 132 69 1162 1130
cat_boundaries=0 1 2 3
cat_threshold=212 155 360
is_linear=0
shrinkage=0.01


Tree=287
num_leaves=29
num_cat=1
split_feature=12 32 7 23 7 0 25 28 33 27 18 5 22 26 14 12 19 12 11 34 14 27 22 26 26 14 15 19
split_gain=0.503715 0.460822 0.403214 0.312806 0.638621 0.307686 0.317871 0.286987 0.221378 0.327743 0.552018 0.226607 0.261258 0.219085 0.164511 0.15337 0.142611 0.135723 0.128963 0.112668 0.100027 0.0935065 0.100305 0.0657809 0.0542131 0.0517645 0.01216 0.00857588
threshold=4769.9000000000005 29.550000000000001 222.50000000000003 5913.5000000000009 255.50000000000003 0 4819.5000000000009 25.825000000000006 88.250000000000014 6.6000000000000005 24.550000000000001 3.5000000000000004 4247.5000000000009 22.375000000000004 0.091259403071267925 4611.2500000000009 0.19999999999999826 5048.4000000000005 167.47543430211741 3.4250000000000003 -0.99372698525316483 14.050000000000002 3928.5000000000005 26.375000000000004 27.425000000000004 -0.98664820696349753 -0.98372925196996197 85.250000000000014
decision_type=2 2 2 2 2 9 2 2 2 2 2 2 2 2 2 2 2 2 2 2 2 2 2 2 2 2 2 2
left_child=5 16 18 4 -4 13 8 -8 11 10 -10 15 -13 14 -1 -7 17 -2 -3 -6 -18 22 -15 -5 -11 -24 -22 -20
right_child=1 2 3 23 19 6 7 -9 9 24 -12 12 -14 21 -16 -17 20 -19 27 -21 26 -23 25 -25 -26 -27 -28 -29
leaf_value=0.22559809758679458 -0.19025672388816087 2.3880408085739346 -0.38141704765830015 -0.16544673332207091 -0.080240718458594013 0.076461411689920933 -0.69745768638588301 0.0011697010438726225 0.00057739925585677254 0.15758534431923849 -0.33425546824764657 -0.50549416524603719 0.028484623864094925 0.0046109885023284305 -0.7009522075994753 -0.054269223563966643 0.20150761791472693 1.5165368553569583 -0.64800367582333285 0.89652392767656008 2.0443809341360257 -0.035942962674425448 0.0027900725619891299 0.90006305849792401 0.12807713943395765 0.28821145885194482 1.8757253715293167 0.79646584664140563
leaf_weight=38 48 197 35 35 39 273 49 54 146 79 74 75 97 47 30 33 32 68 30 54 32 43 42 63 30 544 1303 43
leaf_count=38 48 197 35 35 39 273 49 54 146 79 74 75 97 47 30 33 32 68 30 54 32 43 42 63 30 544 1303 43
internal_value=0.000213676 0.00032298 3.62173e-05 -0.000251101 -0.000589147 7.67372e-05 -3.80022e-05 -0.0005625 1.67079e-05 -0.000168182 -0.00040724 0.000164927 -8.09248e-05 0.000227815 -0.000231884 0.000335505 0.000412062 0 0.000313653 -3.7234e-05 0.000441155 0.000292467 0.00032571 9.09091e-05 0.000222727 0.000362862 0.000454716 0
internal_weight=3633 1979 496 226 128 1654 910 103 807 329 220 478 172 744 68 306 1483 116 270 93 1367 676 633 98 109 586 1335 73
internal_count=3633 1979 496 226 128 1654 910 103 807 329 220 478 172 744 68 306 1483 116 270 93 1367 676 633 98 109 586 1335 73
cat_boundaries=0 1
cat_threshold=266
is_linear=0
shrinkage=0.01


Tree=288
num_leaves=23
num_cat=0
split_feature=10 14 16 12 20 13 13 24 18 34 14 7 19 10 24 13 19 29 29 15 15 10
split_gain=0.471473 0.510569 0.190169 0.346088 1.13645 0.318128 0.27821 0.271249 0.222279 0.416345 0.178231 0.163516 0.175689 0.156137 0.0833015 0.0455626 0.0576258 0.0377358 0.0392418 0.0265982 0.0277146 0.0184968
threshold=4951.7857142857147 -0.61913973745509387 -0.60468929461279042 4936.5833333333339 27.289285714285718 5236.4992359233584 5892.3159022177433 4387.5000000000009 35.050000000000004 2.8450000000000002 0.85673801594079257 237.50000000000003 233.55000000000004 4273.5714285714303 4040.5000000000005 5785.7711669283108 299.05000000000007 28.075000000000006 25.725000000000005 -0.97696767110351213 -0.98667386918526234 4918.357142857144
decision_type=2 2 2 2 2 2 2 2 2 2 2 2 2 2 2 2 2 2 2 2 2 2
left_child=2 11 5 8 6 7 -5 14 9 -4 -11 12 -2 -7 -1 -13 -17 18 -10 20 -3 -15
right_child=1 19 3 4 -6 13 -8 -9 17 10 -12 15 -14 21 -16 16 -18 -19 -20 -21 -22 -23
leaf_value=-0.014294804546203415 0.29243663008667525 9.1392416887949519 -0.36759992180579731 1.1668107936439394 -0.90106675835569383 -0.00030722854950687939 -0.18684764874091392 -0.29973140858043318 0.048027747797773718 0.0003132946128891473 0.23813153946265281 -0.15979493826592053 -0.32736740323688152 0.84919000802607147 0.11315727426041557 1.6230278761581056 0.3477702837049928 0.27102060753182711 0.18974187747316379 2.794723852684585 4.0873169857496432 0.82987884486559482
leaf_weight=48 30 78 41 82 30 41 33 37 47 751 161 40 44 434 100 85 30 43 292 1126 30 30
leaf_count=48 30 78 41 82 30 41 33 37 47 751 161 40 44 434 100 85 30 43 292 1126 30 30
internal_value=0.000227435 0.000369877 0.00012667 5.40176e-05 -0.000393836 0.000267728 0 -4.03226e-05 0.000110404 1.72956e-05 7.22892e-05 -2.3913e-05 -0.00044 0.000400198 9.39597e-05 0.000112179 0.000237069 0.000315927 0.000351471 0.000451012 0.00012844 0.000455914
internal_weight=3633 1463 2170 1480 145 690 115 185 1335 953 912 229 74 505 148 155 115 382 339 1234 108 464
internal_count=3633 1463 2170 1480 145 690 115 185 1335 953 912 229 74 505 148 155 115 382 339 1234 108 464
is_linear=0
shrinkage=0.01


Tree=289
num_leaves=30
num_cat=0
split_feature=18 10 18 14 20 16 22 13 15 28 18 22 19 32 13 5 14 29 34 16 22 21 33 28 19 33 32 15 10
split_gain=0.469153 0.422918 0.35326 0.671483 0.904478 0.236304 0.297818 0.410296 0.352549 0.20137 0.37107 0.200261 0.186417 0.174326 0.224032 0.153305 0.130509 0.11826 0.201146 0.111629 0.0861221 0.0676074 0.106967 0.0387384 0.0380168 0.0211972 0.0184808 0.014678 0.00224754
threshold=24.550000000000001 4951.7857142857147 29.999999999999996 -0.73282214301478099 26.796428571428578 -0.60468929461279042 4698.5000000000009 5575.5496727322579 -0.15950993297387572 26.425000000000008 38.100000000000016 4200.5000000000009 15.600000000000009 60.149999999999999 5907.4542854206638 3.5000000000000004 0.091259403071267925 26.725000000000005 3.5350000000000006 0.95566275305367776 4149.5000000000009 6181.0000000000009 72.050000000000011 27.175000000000008 311.55000000000001 141.55000000000004 18.249999999999996 0.71952396275653763 4911.2857142857147
decision_type=2 2 2 2 2 2 2 2 2 2 2 2 2 2 2 2 2 2 2 2 2 2 2 2 2 2 2 2 2
left_child=1 5 3 4 -2 11 15 8 -8 10 -4 12 -1 -12 -15 19 -17 18 24 -7 -14 22 -19 -9 -11 26 -3 -27 -13
right_child=2 25 9 -5 -6 6 7 23 -10 17 13 28 20 14 -16 16 -18 21 -20 -21 -22 -23 -24 -25 -26 27 -28 -29 -30
leaf_value=-0.5370609856989772 0.13070882073683848 2.7483901291337625 -0.94309454967133377 1.0457006730651763 -0.82618329882336006 0.056775911071803006 -0.43378375647098472 1.1447267060028679 -0.028080938045322471 0.15928759048060528 0.41395286527150832 0.55662584408770943 0.053574081433895158 -0.030957134389172865 1.4920219258677296 0.010879346190644505 -0.22408157415854171 0.0030077305181834715 -0.24810284637836763 0.0062791583713675703 6.5814720238445141e-05 0.26737253113631143 0.7762320960365976 0.058314303365441876 -0.026528992090297559 1.1166657717505168 9.930892962068711 -1.3318191302418425 0.64710668560388696
leaf_weight=36 35 1016 40 45 30 390 33 57 88 94 95 428 93 104 71 108 135 54 33 64 42 30 299 53 30 35 30 30 35
leaf_count=36 35 1016 40 45 30 390 33 57 88 94 95 428 93 104 71 108 135 54 33 64 42 30 299 53 30 35 30 30 35
internal_value=0.000221932 0.000290389 2.08117e-05 -0.000495495 -0.00117424 0.000173385 5.8127e-05 -0.000234914 -0.000651639 9.98825e-05 -8.03858e-05 0.000325984 0 1.84502e-05 -0.000127841 0.000169771 0 0.000221811 0 0.000279121 0.000202206 0.000316406 0.000357345 0.000135135 0.000176 0.000445594 0.000461318 3.78788e-05 0.000434267
internal_weight=3633 2673 960 110 65 1562 928 231 121 850 310 634 171 270 175 697 243 540 157 454 135 383 353 110 124 1111 1046 65 463
internal_count=3633 2673 960 110 65 1562 928 231 121 850 310 634 171 270 175 697 243 540 157 454 135 383 353 110 124 1111 1046 65 463
is_linear=0
shrinkage=0.01


Tree=290
num_leaves=25
num_cat=4
split_feature=14 0 13 28 0 34 13 22 31 11 18 33 26 0 0 27 20 25 22 21 12 11 14 22
split_gain=0.593152 0.73513 0.884694 0.474702 0.871275 0.855861 0.472907 0.34948 0.39096 0.206306 0.168315 0.159616 0.146039 0.324518 0.182125 0.134649 0.127649 0.148515 0.0939549 0.0793542 0.0632682 0.0440318 0.0119761 0.00413055
threshold=-0.72101013194340913 0 4738.4897959183681 25.625000000000004 1 4.5850000000000009 5353.996859352791 4349.5000000000009 0.35000000000000003 233.28016139722243 148.90000000000001 0.19999999999999826 25.175000000000004 2 3 3.7500000000000004 27.110714285714288 4701.0000000000009 4251.0000000000009 4127.5000000000009 5992.2166666666681 42.894657838127635 -0.95754239937548935 4149.5000000000009
decision_type=2 9 2 2 9 2 2 2 2 2 2 2 2 9 9 2 2 2 2 2 2 2 2 2
left_child=3 2 21 19 16 7 11 -6 -9 -4 18 -3 14 -14 -13 -7 20 -18 -8 -1 23 -2 -21 -5
right_child=1 6 9 4 5 15 10 8 -10 -11 -12 12 13 -15 -16 -17 17 -19 -20 22 -22 -23 -24 -25
leaf_value=0.053256227343600131 -0.160783913358365 -0.047634378777753422 -0.94875421054591547 0.24828352446206473 0.19649912707845996 -0.44228481087186639 0.15681291306049885 0.4379880350819545 -0.20515657058373599 -0.11891889842382401 -0.085859995818374377 -0.13909525767382744 -0.023883556915913404 0.40173271945366174 0.018787385813509496 -1.0984307683188594 -0.013582242724426501 0.12204539669871789 0.99510918628577461 0.64176498231065648 -0.0037994976962344856 0.060596728307608545 1.5567348019485459 0.64144989817768472
leaf_weight=30 31 43 39 30 74 34 33 31 100 30 36 139 106 334 198 31 34 50 1763 30 30 66 194 180
leaf_count=30 31 43 39 30 74 34 33 31 100 30 36 139 106 334 198 31 34 50 1763 30 30 66 194 180
internal_value=0.000213526 0.000283434 -0.000322034 -7.06712e-06 -0.000173109 -0.000587189 0.000325197 -0.000230583 -0.000564394 -0.00122143 0.000417894 0.000109622 0.000152314 0.000272109 0 -0.00162879 0.000155224 -9.41176e-05 0.000432944 0.000341176 0.000290456 0.000188776 0.000408889 0.00035545
internal_weight=3666 2818 166 848 594 270 2652 205 131 69 1832 820 777 440 337 65 324 84 1796 254 240 97 224 210
internal_count=3666 2818 166 848 594 270 2652 205 131 69 1832 820 777 440 337 65 324 84 1796 254 240 97 224 210
cat_boundaries=0 1 2 3 4
cat_threshold=2560 2914 308 78
is_linear=0
shrinkage=0.01


Tree=291
num_leaves=31
num_cat=3
split_feature=13 33 21 18 0 34 21 14 29 26 34 20 29 0 15 0 10 28 28 31 11 28 28 26 11 19 21 14 14 14
split_gain=0.527153 0.594392 0.446276 0.31137 0.259771 0.488126 0.916237 0.244476 0.301672 0.618767 0.709153 0.574485 0.246331 0.208949 0.469237 0.191381 0.229273 0.169131 0.162747 0.154871 0.236681 0.148114 0.284002 0.11004 0.101857 0.0373684 0.0188307 0.013053 0.0116929 0.0820551
threshold=5366.5494588744596 125.15000000000002 6127.5000000000009 71.700000000000031 0 3.9850000000000008 4661.0000000000009 0.79383249484937135 26.275000000000002 26.875000000000004 4.5750000000000011 26.110714285714288 22.825000000000006 1 -0.9260227363677036 2 4704.0714285714303 27.175000000000008 26.475000000000005 11.450000000000001 121.49857925878028 21.100000000000005 22.725000000000005 27.625000000000004 51.783661380951521 6.3500000000000014 4325.5000000000009 0.62587949062545845 0.92273069556937592 0.9550229469509578
decision_type=2 2 2 2 9 2 2 2 2 2 2 2 2 9 2 9 2 2 2 2 2 2 2 2 2 2 2 2 2 2
left_child=7 15 4 -4 5 -3 -7 8 12 10 18 -12 21 14 -11 16 -2 -15 -10 24 -21 -1 -23 25 -6 -14 27 -17 -28 -30
right_child=1 2 3 -5 19 6 -8 -9 9 13 11 -13 23 17 -16 26 -18 -19 -20 20 -22 22 -24 -25 -26 -27 28 -29 29 -31
leaf_value=0.093377943592787338 -0.17007673787080613 0.59403007396410978 -0.19816322989959884 0.70526687642917507 0.51330574734745982 0.0074373425670552782 -1.0488332135531548 0.26114646129564917 0.038904031921978749 -0.26317797673559001 -0.056223057830423875 -0.29764182159603275 0.013121923125146746 -0.0019532771127330696 0.1937955150645336 0.027279330286792157 0.61696960120173949 0.65902542086752358 -0.029357970200658012 2.0021390614049142 -0.10987159711604091 -0.1048718629792128 0.027468967887034807 -0.10372000747136632 1.1791518245441621 0.082119656475587319 1.0591535559538798 0.28110182001915629 0.084852545231841811 1.3615483871987382
leaf_weight=67 34 84 30 35 57 41 36 178 48 33 35 45 51 74 67 31 122 163 77 72 30 82 51 42 311 273 1283 34 43 137
leaf_count=67 34 84 30 35 57 41 36 178 48 33 35 45 51 74 67 31 122 163 77 72 30 82 51 42 311 273 1283 34 43 137
internal_value=0.000213526 0.000302394 4.01722e-05 -0.000719697 0.000135285 -0.000171512 -0.000788462 4.11811e-05 -5.41027e-06 -0.00018232 -0.000618932 -0.00135802 0.000146384 5.47337e-05 -0.00027027 0.000404748 0 0.000235887 -5.95238e-05 0.000259875 0 -9.95025e-05 -0.000324627 0.000307902 0.000363144 0.000375385 0.000437947 3.78788e-05 0.000451844 0.000220994
internal_weight=3666 2380 696 65 631 161 77 1286 1108 542 205 80 566 337 100 1684 156 237 125 470 102 200 133 366 368 324 1528 65 1463 180
internal_count=3666 2380 696 65 631 161 77 1286 1108 542 205 80 566 337 100 1684 156 237 125 470 102 200 133 366 368 324 1528 65 1463 180
cat_boundaries=0 1 2 3
cat_threshold=2060 337 2064
is_linear=0
shrinkage=0.01


Tree=292
num_leaves=22
num_cat=0
split_feature=10 33 21 18 15 16 21 27 33 33 25 22 16 13 19 10 34 25 17 11 11
split_gain=0.526851 0.602469 0.416261 0.298764 0.236424 0.49501 0.440207 0.222576 0.247242 0.504548 0.325589 0.29121 0.305817 0.267844 0.107359 0.0930166 0.0787698 0.0150636 0.0136227 0.0111131 0.00548702
threshold=4688.9285714285725 125.15000000000002 6127.5000000000009 72.950000000000017 -0.77243990499604276 0.32612888491727243 5600.5000000000009 22.450000000000003 196.85000000000002 175.75000000000003 4577.5000000000009 4749.5000000000009 -0.40614512594453095 5265.502740787344 0.19999999999999826 4951.7857142857147 2.3350000000000004 7505.0000000000009 0.9980355542543059 217.55283877320008 88.772710958061552
decision_type=2 2 2 2 2 2 2 2 2 2 2 2 2 2 2 2 2 2 2 2 2
left_child=7 14 4 -4 -3 20 -7 8 9 11 -11 13 -13 -1 15 -2 -16 18 -18 -10 -6
right_child=1 2 3 -5 5 6 -8 -9 19 10 -12 12 -14 -15 16 -17 17 -19 -20 -21 -22
leaf_value=-0.00074215440769688165 -0.33773813014595583 2.6852451501894707 -0.19618159760060519 0.64508680970973731 0.91266597873706534 -0.37142922266856149 1.1984512282870257 -0.57008836757369796 0.4815984669457834 -0.43975797014819834 -0.10730055553784017 1.1743243068478797 -0.13555596771556022 0.11324975090247164 0.05872926448445874 1.155841817636623 1.356549490670077 5.618981012186123 2.2475425579560078 1.0070101668239224 1.090657420020553
leaf_weight=654 39 157 30 34 30 82 63 32 179 35 34 32 35 549 39 89 1349 30 31 30 113
leaf_count=654 39 157 30 34 30 82 63 32 179 35 34 32 35 549 39 89 1349 30 31 30 113
internal_value=0.000202618 0.000308098 0 -0.000738462 0.000117713 -2.07612e-05 -0.000462329 5.6926e-05 8.00517e-05 2.20149e-05 -0.000792857 7.47443e-05 -0.000536765 0.000117525 0.000404626 3.10078e-05 0.00043069 0.000442948 0.00044895 0.000402381 0.000357639
internal_weight=3666 2086 509 64 445 288 145 1580 1548 1339 69 1270 67 1203 1577 128 1449 1410 1380 209 143
internal_count=3666 2086 509 64 445 288 145 1580 1548 1339 69 1270 67 1203 1577 128 1449 1410 1380 209 143
is_linear=0
shrinkage=0.01


Tree=293
num_leaves=26
num_cat=3
split_feature=14 0 25 13 0 28 21 25 13 26 28 34 0 26 13 26 12 18 22 10 20 12 21 12 11
split_gain=0.626032 0.702052 0.675099 0.59017 0.545049 1.10169 0.858466 0.50058 0.808244 0.230076 0.229293 0.228272 0.212319 0.328353 0.277189 0.556127 0.211263 0.165316 0.0919487 0.0900266 0.070251 0.0297468 0.00992374 0.00946453 0.0114709
threshold=-0.72101013194340913 0 4601.0000000000009 5353.996859352791 1 25.625000000000004 4299.0000000000009 4411.0000000000009 5562.1626273296615 27.525000000000002 27.375000000000004 4.4050000000000011 2 26.275000000000002 5116.5931835290585 25.425000000000004 3963.8666666666672 148.90000000000001 4251.0000000000009 4206.4285714285716 24.282142857142862 4261.6166666666677 4901.0000000000009 6180.8333333333348 48.795003647654475
decision_type=2 9 2 2 9 2 2 2 2 2 2 2 9 2 2 2 2 2 2 2 2 2 2 2 2
left_child=4 2 20 12 9 -6 21 -8 -9 19 -4 -11 14 16 -3 -16 -14 18 -5 -1 -2 -7 -20 24 -21
right_child=1 3 10 17 5 6 7 8 -10 11 -12 -13 13 -15 15 -17 -18 -19 22 23 -22 -23 -24 -25 -26
leaf_value=0.067170135948469309 -0.31463079080773954 0.10678365451582895 -1.5827456751739051 0.13974880906435233 0.69876076713233104 -0.11506425090145606 -0.29142408535057263 0.0061228464656696673 -0.34556175942861006 -0.09900154054132633 -0.078238649854943901 0.65064881932238638 -0.30039377371997833 0.34013591597502107 0.0014958497315667072 -0.21581168964992758 0.061762417571514974 -0.09654162724106119 0.28544154614629663 0.36595830447247113 0.058037192434991731 0.18990752557218557 2.2115837530600566 2.000659356810504 0.6638420352153892
leaf_weight=55 34 89 35 33 127 30 31 82 91 50 32 37 67 291 128 69 176 36 566 31 65 48 1197 30 236
leaf_count=55 34 89 35 33 127 30 31 82 91 50 32 37 67 291 128 69 176 36 566 31 65 48 1197 30 236
internal_value=0.000197164 0.000269244 -0.000322034 0.000310177 -3.06243e-05 -0.00029881 -0.000667845 -0.00101463 -0.00070977 0.000198889 -0.001125 -0.0001875 7.30816e-05 0.00019633 -0.000124579 -0.000361111 -3.48361e-05 0.000412439 0.000427379 0.000328612 9.5e-05 0.000113924 0.000437358 0.000397651 0.000423507
internal_weight=3666 2818 166 2652 848 409 282 204 173 439 67 87 820 534 286 197 243 1832 1796 352 99 78 1763 297 267
internal_count=3666 2818 166 2652 848 409 282 204 173 439 67 87 820 534 286 197 243 1832 1796 352 99 78 1763 297 267
cat_boundaries=0 1 2 3
cat_threshold=2560 866 356
is_linear=0
shrinkage=0.01


Tree=294
num_leaves=27
num_cat=3
split_feature=14 10 0 18 32 20 23 0 34 31 18 11 23 24 24 31 19 10 16 18 18 11 23 0 11 7
split_gain=0.626032 0.620158 0.496064 0.667493 0.420323 0.413677 0.402731 0.51496 0.858253 0.30068 0.292823 0.247522 0.222065 0.423453 0.193433 0.186812 0.174805 0.179771 0.173247 0.166577 0.102969 0.127268 0.100766 0.069727 0.0530046 0.010727
threshold=-0.72101013194340913 4688.9285714285725 0 7.1000000000000041 0.20000000000000009 25.75357142857143 4152.5000000000009 1 4.5850000000000009 0.35000000000000003 0.29999999999999472 133.19900803608036 4491.0000000000009 4261.0000000000009 4590.5000000000009 11.450000000000001 0.19999999999999826 4951.7857142857147 0.95566275305367776 148.90000000000001 65.850000000000009 36.779199116519813 4449.5000000000009 2 59.683291091674811 351.50000000000006
decision_type=2 2 9 2 2 2 2 9 2 2 2 2 2 2 2 2 2 2 2 2 2 2 2 9 2 2
left_child=5 2 3 14 10 -1 -7 12 9 -9 18 -10 13 -8 24 -14 17 -3 -4 22 25 -22 -18 -24 -2 -6
right_child=1 16 4 -5 20 6 7 8 11 -11 -12 -13 15 -15 -16 -17 19 -19 -20 -21 21 -23 23 -25 -26 -27
leaf_value=2.7424190989319004 -8.8450942970143764e-05 -0.34210049419454153 0.027709958499575738 -0.57520140534391084 0.12118019233629745 0.2010974266476272 0.88734774120509941 0.39628963278856211 -0.62214696971097483 -0.17128592848131274 -0.075502681669908644 -0.34584320624447901 0.57309236437489253 -0.0054939185702265574 -0.025928568381444399 -0.085740627788649854 -0.029994834490573299 1.1442684409629453 -0.25022852080823882 -0.095576210968650238 -0.19693841305330728 0.48365688267319801 0.22992817709437788 1.6527309697821275 0.085949279151512473 0.35602967608083497
leaf_weight=149 40 38 271 30 420 102 41 56 35 143 34 31 193 63 31 35 30 89 63 36 30 55 154 1409 58 30
leaf_count=149 40 38 271 30 420 102 41 56 35 143 34 31 193 63 31 35 30 89 63 36 30 55 154 1409 58 30
internal_value=0.000197164 0.000269244 6.67921e-05 -0.000414706 0.000165755 -3.06243e-05 -0.000143571 -0.000253344 -0.000570652 -0.0002025 -7.04607e-05 -0.00159701 0 -0.000361905 -4.23077e-05 0.00019214 0.000385885 0 0 0.000413804 0.000349813 0 0.000430678 0.000442136 9.09091e-05 0.0004102
internal_weight=3666 2818 1062 159 903 848 699 597 265 199 368 66 332 104 129 228 1756 127 334 1629 535 85 1593 1563 98 450
internal_count=3666 2818 1062 159 903 848 699 597 265 199 368 66 332 104 129 228 1756 127 334 1629 535 85 1593 1563 98 450
cat_boundaries=0 1 2 3
cat_threshold=2368 2914 2052
is_linear=0
shrinkage=0.01


Tree=295
num_leaves=27
num_cat=4
split_feature=14 10 14 32 7 27 0 22 18 0 26 10 13 32 0 7 23 31 16 10 16 16 12 10 10 0
split_gain=0.652457 0.369384 0.430913 0.482207 0.40775 0.285547 0.241588 0.447261 0.902301 0.239299 0.707026 0.254166 0.24762 0.187215 0.185388 0.351562 0.330604 0.168528 0.128725 0.111104 0.18937 0.137026 0.0558041 0.0497983 0.0344677 0.00587132
threshold=-0.94705910369513524 4951.7857142857147 -0.61913973745509387 72.950000000000017 61.500000000000007 0.15000000000000005 0 4749.5000000000009 5.0000000000000018 1 24.125000000000004 4457.7857142857147 5441.2705278592384 28.950000000000006 2 277.50000000000006 4373.5000000000009 1.9500000000000002 -0.96688789938088693 4206.4285714285716 -0.69057042736241547 0.90159200968320541 3939.9166666666674 5243.2142857142871 4398.5000000000009 3
decision_type=2 2 2 2 2 2 9 2 2 9 2 2 2 2 9 2 2 2 2 2 2 2 2 2 2 9
left_child=5 4 3 23 9 13 7 18 -9 10 24 22 -13 -1 -7 16 -16 -18 -6 20 -8 -21 -11 -3 -2 -4
right_child=1 2 25 -5 6 14 19 8 -10 11 -12 12 -14 -15 15 -17 17 -19 -20 21 -22 -23 -24 -25 -26 -27
leaf_value=-0.0067823998724430845 -0.55581908480757769 1.085441944495863 0.91116689351097824 -0.23443899193729534 -0.015580492634304792 0.57711140518905113 -0.0035856478540844693 -0.44333801644492399 0.2650604104925659 0.0019360532106912388 -0.79646663507175974 -0.13760795864681963 0.10432454374321014 -0.19084582174418874 0.0094383163957475411 0.20891740466032907 -0.28554072649920148 -0.083372966787489844 0.13531431616984232 0.51764346196226962 0.091292686533594958 -0.029009689715107676 0.064827220835354971 1.5319241876665657 0.27121903183666601 2.8188891708329016
leaf_weight=40 31 34 106 49 48 105 100 48 74 57 44 30 30 32 34 70 33 39 279 734 167 43 134 84 42 1128
leaf_count=40 31 34 106 49 48 105 100 48 74 57 44 30 30 32 34 70 33 39 279 734 167 43 134 84 42 1128
internal_value=0.000212251 0.000257738 0.000385521 -3.86905e-05 0.000156015 -0.000179379 0.000231928 9.78262e-06 -0.000479675 -0.000124661 -0.000480469 2.09924e-05 -0.000491803 -0.000739726 0 -0.000224599 -0.000626168 -0.0010137 0.000224085 0.000314692 8.76866e-05 0.000383676 0.000236979 0.000243697 0 0.000451012
internal_weight=3615 3262 1401 167 1861 353 1493 449 122 368 117 251 60 72 281 176 106 72 327 1044 267 777 191 118 73 1234
internal_count=3615 3262 1401 167 1861 353 1493 449 122 368 117 251 60 72 281 176 106 72 327 1044 267 777 191 118 73 1234
cat_boundaries=0 1 2 3 4
cat_threshold=2388 2088 338 2064
is_linear=0
shrinkage=0.01


Tree=296
num_leaves=24
num_cat=4
split_feature=14 13 0 33 20 27 32 10 23 32 0 23 20 23 27 34 0 13 14 0 14 31 14
split_gain=0.790625 0.392142 0.300303 0.279015 0.259322 0.241975 0.321686 0.224489 0.247493 0.23812 0.202296 0.291871 0.400519 0.174445 0.17605 0.174367 0.164433 0.0961468 0.0718204 0.0447614 0.0523857 0.0343163 0.00156651
threshold=-0.91936887716170002 5575.5496727322579 0 1.0000000180025095e-35 23.239285714285717 0.15000000000000005 14.950000000000001 4292.6428571428578 4199.0000000000009 0.49999999999999833 1 4449.5000000000009 26.43928571428572 4399.5000000000009 23.300000000000001 3.0850000000000004 2 5543.6120137046864 -0.50556189049999822 3 0.06553689391773225 3.5500000000000003 0.84773968378660736
decision_type=2 2 9 2 2 2 2 2 2 2 9 2 2 2 2 2 9 2 2 9 2 2 2
left_child=5 2 7 -4 16 6 -1 8 -2 -9 11 -7 -13 -3 19 -12 -5 -6 -16 20 -15 -17 -21
right_child=1 13 3 4 17 10 -8 9 -10 -11 15 12 -14 14 18 21 -18 -19 -20 22 -22 -23 -24
leaf_value=0.74579231582036132 -0.1149104014877091 -0.092273253645324155 -0.086501063703151998 -0.13150308876959829 0.18215091265678113 0.21185867495361999 -0.10334482813928837 -0.19740822648298473 -0.059763610509460482 0.058107043279981348 -0.011887633851416651 0.23935938921002137 -0.093423881057601743 -0.40376255721963528 -0.04724057593026669 0.4572084036294688 0.053175364244192655 0.00095746525468200618 2.9773673683962336 1.780288712397075 1.5266959122597394 0.24924202450531088 1.0150024798581467
leaf_weight=43 52 30 53 105 1061 48 55 39 43 90 34 30 49 68 32 121 177 44 33 1057 97 48 206
leaf_count=43 52 30 53 105 1061 48 55 39 43 90 34 30 49 68 32 121 177 44 33 1057 97 48 206
internal_value=0.000212251 0.000267723 0.000151351 0.000206754 0.000240274 -0.000177156 -0.000616162 -0.000161702 -0.000546875 3.46154e-05 -1.51057e-05 -0.000336957 -0.00075625 0.000388123 0.000405957 0.000147196 0 0.000309675 0 0.000429671 0.000127841 0.000320588 0.000456436
internal_weight=3615 3187 1664 1440 1387 428 98 224 95 129 330 127 79 1523 1493 203 282 1105 65 1428 165 169 1263
internal_count=3615 3187 1664 1440 1387 428 98 224 95 129 330 127 79 1523 1493 203 282 1105 65 1428 165 169 1263
cat_boundaries=0 1 2 3 4
cat_threshold=2084 41 89 2052
is_linear=0
shrinkage=0.01


Tree=297
num_leaves=28
num_cat=1
split_feature=14 10 7 16 27 0 28 26 27 21 32 28 33 21 26 24 16 16 24 25 10 12 10 20 20 19 25
split_gain=1.03004 0.392525 0.405327 0.249622 0.49006 0.248399 0.50149 1.07963 0.222012 0.364804 0.450056 0.412124 0.633691 0.195621 0.147997 0.138255 0.0941907 0.172624 0.0910797 0.0915287 0.0681482 0.0951431 0.0592978 0.0563709 0.124968 0.0929103 0.0511149
threshold=-0.91936887716170002 4966.2857142857147 61.500000000000007 0.98334239299093984 0.95000000000000007 0 29.125000000000004 29.025000000000002 2.3500000000000001 4866.0000000000009 5.4999999999999938 26.125000000000004 175.75000000000003 4511.5000000000009 27.725000000000005 5653.5000000000009 0.94704596667653973 0.9962888416657264 4449.5000000000009 7377.5000000000009 4447.0000000000009 4289.2000000000007 4569.0714285714303 23.053571428571434 22.364285714285717 110.25000000000003 4031.0000000000005
decision_type=2 2 2 2 2 9 2 2 2 2 2 2 2 2 2 2 2 2 2 2 2 2 2 2 2 2 2
left_child=8 2 13 18 -5 6 14 -8 9 10 -1 -12 -13 16 -4 20 26 -18 -3 -20 21 -10 -15 24 -7 -25 -2
right_child=1 3 5 4 -6 23 7 -9 15 -11 11 12 -14 22 -16 -17 17 -19 19 -21 -22 -23 -24 25 -26 -27 -28
leaf_value=0.55432754339728829 0.028061116631086454 3.202561280821417 0.085994414141466607 1.9449354012288083 -0.52283943517035991 0.76187703083212799 -0.27940586607916329 0.86106858716740309 0.26081292423395297 0.31069946844345731 0.070662829659990406 -0.0033637427029150225 -0.46497747206800089 -0.18815976526738024 -0.13646609143446145 -0.088282797998616311 -0.23718489084160876 0.041117381083517035 2.5977595420541872 2.7893443919816501 0.15279929918833129 -0.0022445501967275064 -0.028150932665921769 0.18314429804075083 -0.39506493552961702 0.26071118100589202 0.028047709391864201
leaf_weight=41 73 35 199 73 30 60 35 37 39 53 36 62 37 45 65 53 65 31 1195 37 77 30 55 678 32 339 103
leaf_count=41 73 35 199 73 30 60 35 37 39 53 36 62 37 45 65 53 65 31 1195 37 77 30 55 678 32 339 103
internal_value=0.000201189 0.000264586 0.000158691 0.00039752 0 0.00023686 0 -0.000739726 -0.000247086 -0.000458696 -0.000689266 -0.000974265 -0.001305 -0.000117962 0.000196226 0 0 -0.000226804 0.000436514 0.000450933 0.000156463 0 -0.000495049 0.000307589 0 0.000332515 0.000158192
internal_weight=3615 3187 1817 1370 103 1445 336 72 428 229 176 135 99 372 264 199 272 96 1267 1232 146 69 100 1109 92 1017 176
internal_count=3615 3187 1817 1370 103 1445 336 72 428 229 176 135 99 372 264 199 272 96 1267 1232 146 69 100 1109 92 1017 176
cat_boundaries=0 1
cat_threshold=2372
is_linear=0
shrinkage=0.01


Tree=298
num_leaves=24
num_cat=2
split_feature=14 10 0 33 30 10 18 32 11 34 32 0 23 19 11 25 27 10 10 18 11 23 10
split_gain=0.930353 0.431695 0.329921 0.420363 0.289325 0.284029 0.242398 0.217922 0.211554 0.276982 0.135179 0.122326 0.312852 0.188418 0.109628 0.10015 0.0894541 0.0889701 0.173182 0.0694124 0.0151306 0.0163287 0.00878472
threshold=-0.91936887716170002 4951.7857142857147 0 0.19999999999999826 22.775000000000002 4178.7142857142871 5.9499999999999904 72.950000000000017 61.256668548230273 2.9100000000000006 0.19999999999999826 1 4481.0000000000009 127.65000000000002 193.75362004384979 5902.5000000000009 23.300000000000001 4007.2857142857151 4569.0714285714303 56.550000000000011 783.43554587421056 4590.5000000000009 4898.7142857142871
decision_type=2 2 9 2 2 2 2 2 2 2 2 9 2 2 2 2 2 2 2 2 2 2 2
left_child=8 2 3 -2 17 6 -5 20 -1 -10 -7 12 -11 -13 22 -9 -17 -4 -19 -15 21 -3 -6
right_child=1 7 4 5 14 10 -8 15 9 11 -12 13 -14 19 -16 16 -18 18 -20 -21 -22 -23 -24
leaf_value=-0.038190609800650491 -0.27483848381999859 5.122712354605734 0.058981449171295976 -0.25888984929878461 0.21468792303491033 0.64047395337393742 0.070097667034738548 -0.50183422470274264 -0.048959197140158846 0.21465035172190625 0.0058047815736497459 -0.0024271941360892758 -0.199015253780362 0.44242148726358138 0.034160346692970557 2.9445682626665048 -0.038194832742316609 -0.082755767368148381 0.10664072049787267 0.36409702362991897 1.1455247514507061 2.3644881995363325 0.32352580511058199
leaf_weight=51 30 30 54 153 677 195 62 31 55 50 464 49 50 139 51 85 36 37 48 34 30 1174 30
leaf_count=51 30 30 54 153 677 195 62 31 55 50 464 49 50 139 51 85 36 37 48 34 30 1174 30
internal_value=0.000201189 0.000261449 0.000150111 2.18581e-06 0.000284692 5.37143e-05 -0.000243056 0.000398702 -0.000223776 -0.000109788 0.000165909 0 -0.00027027 0.000133047 0.000367589 0 0.000168033 -7.5e-05 -0.000319767 0.000324713 0.000442915 0.000449793 0.000400424
internal_weight=3615 3187 1801 904 897 874 215 1386 428 377 659 322 100 222 758 152 121 139 85 173 1234 1204 707
internal_count=3615 3187 1801 904 897 874 215 1386 428 377 659 322 100 222 758 152 121 139 85 173 1234 1204 707
cat_boundaries=0 1 2
cat_threshold=2412 521
is_linear=0
shrinkage=0.01


Tree=299
num_leaves=22
num_cat=2
split_feature=14 10 33 10 7 11 34 27 0 20 0 29 23 7 25 10 13 11 24 10 10
split_gain=0.835953 0.435829 0.384656 0.455695 0.300764 0.234666 0.296326 0.185541 0.165067 0.343966 0.144024 0.163475 0.139797 0.13067 0.206132 0.221047 0.14589 0.0936433 0.0912726 0.0675009 0.00649609
threshold=-0.91936887716170002 4966.2857142857147 0.19999999999999826 4799.9285714285725 57.500000000000007 61.256668548230273 2.9100000000000006 23.300000000000001 0 24.175000000000001 1 21.875000000000004 4020.5000000000005 273.50000000000006 4511.5000000000009 4926.1428571428578 5217.3613793103459 783.43554587421056 4449.5000000000009 4115.0714285714294 4805.9285714285716
decision_type=2 2 2 2 2 2 2 2 9 2 9 2 2 2 2 2 2 2 2 2 2
left_child=5 2 3 -2 8 -1 -7 17 9 -4 19 -12 -10 14 -8 -16 -15 18 -3 -6 -18
right_child=1 7 4 -5 10 6 13 -9 12 -11 11 -13 -14 16 15 -17 20 -19 -20 -21 -22
leaf_value=-0.037808703702640993 0.00299079822223696 3.1468907860178454 -0.029055252571738396 -0.27209009898180236 0.040260246939245639 -0.048469605168758916 0.22802910571370449 -0.035474766447929212 0.076901615482039984 -0.52600318796599177 -0.012746797751465642 0.086989304192383016 -0.0072177659184025364 -0.23208587623309282 -0.12888297944068228 0.58113510091039211 0.18562452629873932 0.3374518734643755 2.5243644313271889 0.5939886388164628 0.61485396318243613
leaf_weight=51 50 35 90 30 77 55 53 59 92 34 64 846 98 44 36 37 122 32 1244 436 30
leaf_count=51 50 35 90 30 77 55 53 59 92 34 64 846 98 44 36 37 122 32 1244 436 30
internal_value=0.000201189 0.000258312 0.00014769 -0.000493827 0.000183257 -0.000200466 -8.33333e-05 0.00039752 -7.30159e-05 -0.000355556 0.00024684 0.00014658 7.46269e-05 3.09599e-06 -0.000212598 -0.000587838 0.000192893 0.000423399 0.000437109 0.000394084 0.000366013
internal_weight=3615 3187 1817 80 1737 428 377 1370 314 124 1423 910 190 322 126 73 196 1311 1279 513 152
internal_count=3615 3187 1817 80 1737 428 377 1370 314 124 1423 910 190 322 126 73 196 1311 1279 513 152
cat_boundaries=0 1 2
cat_threshold=2089 131
is_linear=0
shrinkage=0.01


Tree=300
num_leaves=31
num_cat=2
split_feature=14 13 0 29 15 0 21 15 33 18 24 25 24 18 19 18 20 10 22 19 33 34 27 17 33 19 11 34 11 15
split_gain=0.75057 0.5347 0.471566 0.559208 0.446544 0.608877 0.544225 0.833449 0.296995 0.281952 0.346095 0.234712 0.16872 0.180703 0.166472 0.190085 0.155836 0.199469 0.208342 0.169294 0.1495 0.207369 0.146006 0.0865806 0.0865398 0.0857444 0.0620253 0.0488146 0.0208262 0.0148689
threshold=-0.72696319516528884 5575.5496727322579 0 22.125000000000004 0.31595530242620651 1 4661.0000000000009 -0.18493013702746822 257.55000000000001 0.60000000000000109 4399.5000000000009 4273.0000000000009 4650.5000000000009 148.90000000000001 188.35000000000005 16.050000000000001 23.053571428571434 4569.0714285714303 4064.0000000000005 0.19999999999999826 190.95000000000002 3.6950000000000007 14.200000000000001 -0.96408458524605689 76.200000000000003 286.75000000000006 78.826207844261759 4.035000000000001 577.98886992210021 -0.99700296666818056
decision_type=2 2 9 2 2 9 2 2 2 2 2 2 2 2 2 2 2 2 2 2 2 2 2 2 2 2 2 2 2 2
left_child=4 2 16 -4 5 20 14 8 -8 10 -5 -6 27 28 15 -7 17 18 -2 -18 21 -1 -22 -9 -11 -21 -23 -3 29 -14
right_child=1 12 3 9 11 6 7 23 -10 24 -12 -13 13 -15 -16 -17 19 -19 -20 25 22 26 -24 -25 -26 -27 -28 -29 -30 -31
leaf_value=-0.098047020454854333 0.050713365722917826 0.7698076497767582 -0.11430217625822199 0.020861684730868371 -0.17129043100475635 0.19626092596978933 -0.71564855808833228 -0.20951370228375843 -0.087939918971710579 0.082126372269405959 -0.10722506317835323 0.4448934842774237 2.3787273779397902 -0.077368712790991043 0.051014724653103846 -0.29957969483392521 -0.00070039188885410509 0.93261573882353244 -0.50735602472188446 0.23221065834645743 0.91764160934800587 -0.0030855599207695655 -0.029574374164979777 0.54417542206115666 0.0016770902715929604 0.049428340912600371 0.60374282996851425 -0.30116557955054069 1.9942071160146264 1.9472435127973273
leaf_weight=39 43 46 49 127 35 37 51 30 32 129 100 226 33 39 53 56 52 110 57 644 150 30 31 34 107 30 55 62 30 1132
leaf_count=39 43 46 49 127 35 37 51 30 32 129 100 226 33 39 53 56 52 110 57 644 150 30 31 34 107 30 55 62 30 1132
internal_value=0.000190274 0.000270512 0.000126984 -0.00010325 -5.87209e-05 -0.000218698 -0.000537829 -0.000989865 -0.00164881 0 -0.000247807 0.000269084 0.000417722 0.000451012 -4.7619e-05 -0.000356383 0.00026188 0 -0.00029703 0.00033425 7.12025e-05 -0.000144 0.000277473 0 0.000244726 0.000380741 2.90698e-05 0 0.000474498 0.000482419
internal_weight=3649 2790 1448 512 859 598 293 147 83 463 227 261 1342 1234 146 93 936 210 100 726 305 124 181 64 236 674 85 108 1195 1165
internal_count=3649 2790 1448 512 859 598 293 147 83 463 227 261 1342 1234 146 93 936 210 100 726 305 124 181 64 236 674 85 108 1195 1165
cat_boundaries=0 1 2
cat_threshold=395 818
is_linear=0
shrinkage=0.01


Tree=301
num_leaves=27
num_cat=2
split_feature=33 21 0 24 30 30 21 23 25 34 0 23 16 21 20 24 14 16 27 13 32 14 31 16 15 7
split_gain=0.631316 0.651665 0.591606 0.713143 0.507738 0.550434 0.406306 0.41377 0.348086 0.40758 0.36634 0.805047 0.282067 0.278411 0.222048 0.210207 0.193101 0.325609 0.174533 0.146716 0.128632 0.0859216 0.0403125 0.0175176 0.0117564 0.00475543
threshold=119.15000000000001 4977.5000000000009 0 4765.5000000000009 29.125000000000004 25.725000000000005 6127.5000000000009 7377.5000000000009 5943.0000000000009 4.6150000000000011 1 4373.5000000000009 0.95566275305367776 4661.0000000000009 23.053571428571434 4427.5000000000009 -0.27694604220087021 -0.2530974457044447 23.500000000000004 5261.066369501912 38.100000000000016 -0.96235977360714686 15.850000000000003 -0.12546116083924153 0.76556758748011056 294.50000000000006
decision_type=2 2 9 2 2 2 2 2 2 2 9 2 2 2 2 2 2 2 2 2 2 2 2 2 2 2
left_child=1 2 12 16 5 -5 8 -8 9 10 11 -2 14 -11 19 -14 25 -18 -12 -1 -3 -16 24 -22 -10 -4
right_child=6 20 3 4 -6 -7 7 -9 22 13 18 -13 15 -15 21 -17 17 -19 -20 -21 23 -23 -24 -25 -26 -27
leaf_value=-0.38471927372823156 -0.68911186121679113 2.078277218951885 0.00028596045231925083 -0.0042180118819182613 0.37374655054366118 -0.89290478641998539 -0.30405444213549038 0.4602333749776531 1.4800478005495379 -0.030007368857392455 0.11670917022888368 0.22637759628403054 -0.35829699384867442 -0.65580276095489409 -0.020383912626577013 0.067401578710583554 -0.082097050800435237 0.034545204873531923 -0.26030153168076925 0.28266309633588149 3.1734220282568053 0.22197812684249144 0.25245293294457727 -0.70821622297410369 3.8190718203766534 0.10930315035977635
leaf_weight=53 35 1054 30 47 33 30 42 42 190 59 459 74 38 45 33 46 77 190 30 103 31 694 47 30 30 107
leaf_count=53 35 1054 30 47 33 30 42 42 190 59 459 74 38 45 33 46 77 190 30 103 31 694 47 30 30 107
internal_value=0.000184795 0.000268772 0.000121795 -0.000139048 -0.000855856 -0.00130128 -1.28083e-05 -0.000682353 3.5567e-05 -6.97013e-05 1.50251e-05 -0.0004625 0.000269427 -0.000647619 0.000329751 -0.000211765 2.96296e-05 -9.88806e-05 0.000149 0 0.000454749 0.000403159 0.000348881 0 0.00040724 0.000351449
internal_weight=3649 2596 1481 514 110 77 1053 84 969 702 598 109 967 104 883 84 404 267 489 156 1115 727 267 61 220 137
internal_count=3649 2596 1481 514 110 77 1053 84 969 702 598 109 967 104 883 84 404 267 489 156 1115 727 267 61 220 137
cat_boundaries=0 1 2
cat_threshold=171 17
is_linear=0
shrinkage=0.01


Tree=302
num_leaves=31
num_cat=1
split_feature=14 13 0 24 31 11 19 28 25 10 20 10 5 13 25 7 19 13 24 26 33 33 31 7 19 33 29 11 19 33
split_gain=0.594853 0.563738 0.526144 0.4912 0.737665 0.449489 0.682914 0.428786 0.417493 0.423267 0.273449 0.224991 0.205172 0.444187 0.2003 0.313313 0.1981 0.183546 0.16872 0.143474 0.136039 0.131361 0.103997 0.0921284 0.0898779 0.0790005 0.0781811 0.0192959 0.0183177 0.0297468
threshold=-0.72696319516528884 5575.5496727322579 0 4950.5000000000009 1.1500000000000001 783.43554587421056 241.85000000000005 27.875000000000004 4826.0000000000009 4607.7142857142871 23.053571428571434 4653.6428571428578 3.5000000000000004 5274.3185056840284 4273.0000000000009 270.50000000000006 1.0000000180025095e-35 5388.7259513742074 4650.5000000000009 24.875000000000004 332.9500000000001 237.95000000000002 30.550000000000004 256.50000000000006 294.95000000000005 299.05000000000007 26.825000000000006 577.98886992210021 139.75000000000003 57.95000000000001
decision_type=2 2 9 2 2 2 2 2 2 2 2 2 2 2 2 2 2 2 2 2 2 2 2 2 2 2 2 2 2 2
left_child=3 2 10 7 26 6 -6 14 12 -10 11 17 19 -14 15 -1 -12 -2 28 -4 -8 23 27 -16 -23 -18 -5 -20 29 -3
right_child=1 18 8 4 5 -7 20 -9 9 -11 16 -13 13 -15 21 -17 25 -19 22 -21 -22 24 -24 -25 -26 -27 -28 -29 -30 -31
leaf_value=0.53041002631140022 -0.17729862917444106 -0.045169390639304155 -0.0026584304037512961 1.3055851175401068 -0.27032108344818029 0.51030254560993615 1.2605379146926077 -0.2306257831726409 -0.061592429677496965 -0.23272130028595941 -0.18552977392447376 1.4043271287366228 -1.0118893643737006 0.036123568303031268 0.030249823758887351 -0.05421323533842777 0.20875032451623099 0.2658361394050387 1.8244308719143771 0.050203054788450205 -0.056850321338141052 -0.027412003198138555 1.1985488090388325 0.36870090982594123 1.3224548676946173 0.049840524580231325 -0.19493011172828914 1.9813472070842222 -1.6294500745234746 1.2036291117824507
leaf_weight=58 105 30 69 69 43 30 30 48 32 30 42 74 71 60 67 60 774 46 1172 115 30 30 32 305 36 30 53 30 30 48
leaf_count=58 105 30 69 69 43 30 30 48 32 30 42 74 71 60 67 60 774 46 1172 115 30 30 32 305 36 30 53 30 30 48
internal_value=0.000195753 0.000266929 0.000120083 -2.38372e-05 -0.000400391 -0.000921642 -0.00123558 0.000119008 -0.000184278 -0.000936508 0.000236137 -3.31858e-05 -7.91138e-06 -0.000337121 0.000211849 -9.2437e-05 0.000322314 -0.000292763 0.000417722 0.000172973 -0.000327869 0.000316629 0.000451012 0.000391421 0 0.000362733 8.94309e-05 0.000466334 0 0.000113924
internal_weight=3649 2790 1448 859 255 133 103 604 377 62 1071 225 315 131 556 118 846 151 1342 184 60 438 1234 372 66 804 122 1202 108 78
internal_count=3649 2790 1448 859 255 133 103 604 377 62 1071 225 315 131 556 118 846 151 1342 184 60 438 1234 372 66 804 122 1202 108 78
cat_boundaries=0 1
cat_threshold=459
is_linear=0
shrinkage=0.01


Tree=303
num_leaves=31
num_cat=2
split_feature=14 0 15 15 12 30 14 28 13 31 25 5 28 13 13 13 34 14 30 0 21 11 21 11 30 16 11 14 7 29
split_gain=0.633646 0.532828 0.468356 0.43647 0.315629 0.393822 0.399616 0.28717 0.332868 0.398393 0.278928 0.290916 0.452386 0.212176 0.766424 0.344303 0.197408 0.173489 0.362683 0.172123 0.14482 0.127173 0.112008 0.0865806 0.0853531 0.0183395 0.0172117 0.015954 0.0118613 0.00259682
threshold=-0.94705910369513524 0 0.10623888086365087 -0.38243420677835349 4769.9000000000005 22.425000000000004 0.1849296026015865 27.875000000000004 5831.8248639720177 9.0500000000000025 4411.0000000000009 2.5000000000000004 22.275000000000002 5411.981585970264 5116.5931835290585 5768.631007341256 2.3350000000000004 -0.25205528343633254 24.625000000000004 1 4550.5000000000009 141.85294605378144 7323.0000000000009 105.58677776524964 27.075000000000006 0.99758684199993486 71.933329709548559 -0.9905448150984083 11.500000000000002 26.175000000000008
decision_type=2 9 2 2 2 2 2 2 2 2 2 2 2 2 2 2 2 2 2 9 2 2 2 2 2 2 2 2 2 2
left_child=7 4 3 13 5 6 26 8 19 -10 11 -4 -13 14 -3 -15 23 18 -7 29 -21 -19 25 -6 28 -18 -2 -22 -12 -1
right_child=1 2 10 -5 16 17 -8 -9 9 -11 24 12 -14 15 -16 -17 22 21 -20 20 27 -23 -24 -25 -26 -27 -28 -29 -30 -31
leaf_value=0.39465136856795158 0.39175294365323121 0.74552217123992492 0.051648149163266564 -0.5836316732447161 2.331219843520218 -0.29959395528173349 -0.27168956617293738 -0.27010911631729279 0.30600977656981798 -0.095669466766760303 0.24755427117359863 -0.16338620268218371 0.0015504086630801551 1.3695258215880122 -0.39590648970542935 -0.64721545212657861 1.7394089982446101 0.17934393537168347 0.033391343091022756 -0.0082587492442800711 0.14008735510735082 -0.054931061168970861 0.29926905460432324 -0.20434227141033512 0.066614942351950757 1.0451522107218216 -0.022812110355079584 0.14749416446682337 0.96797143550035625 0.023717424837314018
leaf_weight=31 37 81 102 31 34 50 53 30 54 36 30 30 91 126 62 62 1167 449 335 57 30 48 30 30 30 31 30 36 328 108
leaf_count=31 37 81 102 31 34 50 53 30 54 36 30 30 91 126 62 62 1167 449 335 57 30 48 30 30 30 31 30 36 328 108
internal_value=0.000190274 0.000236689 2.69309e-05 -0.000245179 0.00031974 0.000170489 -0.000330578 -0.000180157 -6.79887e-05 -0.000604396 0.000205065 -3.79464e-05 -0.000405738 -0.000103916 -0.00040625 7.40741e-05 0.000430008 0.000250283 5.82902e-05 7.98479e-05 -0.00013806 0.000378514 0.00045891 0 0.00037018 0.000474562 5.14706e-05 4.47761e-05 0.000415042 0.00033
internal_weight=3649 3267 973 362 2294 1002 120 382 352 90 611 223 121 331 143 188 1292 882 385 262 123 497 1228 64 388 1198 67 66 358 139
internal_count=3649 3267 973 362 2294 1002 120 382 352 90 611 223 121 331 143 188 1292 882 385 262 123 497 1228 64 388 1198 67 66 358 139
cat_boundaries=0 1 2
cat_threshold=187 267
is_linear=0
shrinkage=0.01


Tree=304
num_leaves=27
num_cat=1
split_feature=14 0 16 15 15 22 13 31 24 22 12 20 27 25 12 30 20 13 13 13 30 12 25 14 25 21
split_gain=0.570664 0.549566 0.386713 0.382696 0.46498 0.340922 0.24153 0.398393 0.257709 0.416622 0.20257 0.244398 0.227979 0.176365 0.277659 0.168059 0.157885 0.155641 0.679663 0.344303 0.0994258 0.0821655 0.0746988 0.0672721 0.0337361 0.0206033
threshold=-0.94705910369513524 0 0.94135275643221272 0.10623888086365087 -0.38243420677835349 3924.5000000000005 5831.8248639720177 9.0500000000000025 4511.5000000000009 4376.0000000000009 4769.9000000000005 23.053571428571434 2.4500000000000006 4149.5000000000009 6061.8000000000011 27.225000000000005 22.482142857142861 5411.981585970264 5217.3613793103459 5768.631007341256 22.475000000000005 4651.2666666666673 4100.5000000000009 -0.99372698525316483 4299.0000000000009 7202.5000000000009
decision_type=2 9 2 2 2 2 2 2 2 2 2 2 2 2 2 2 2 2 2 2 2 2 2 2 2 2
left_child=6 2 10 4 17 22 8 -8 9 24 11 21 -13 -4 20 16 -7 18 -3 -19 -15 -2 -5 -10 -1 -12
right_child=1 3 13 5 -6 15 7 -9 23 -11 25 12 -14 14 -16 -17 -18 19 -20 -21 -22 -23 -24 -25 -26 -27
leaf_value=0.12154996356023855 0.020541565315765165 0.11135860164275403 -0.1460901248172434 0.026361922264053723 -0.57779535651226821 0.0038138396698336199 0.30294967880411661 -0.094712772099094358 0.0038570575944650454 -0.15548687637021277 1.6898043249050994 0.17412090679371645 -0.0047049205260564671 -0.028114597573912416 -0.21322219766992376 -0.12904320859943214 0.2318269561893069 1.3558305633721366 -1.0102185122911711 -0.64074329760531712 0.27274614688389037 -0.13794141533938853 -0.8235870185168892 0.53935440568099968 -0.0077803411673105652 1.961145905336461
leaf_weight=44 116 102 33 33 31 130 54 36 57 51 1103 595 118 42 47 44 374 126 41 62 169 41 30 105 35 30
leaf_count=44 116 102 33 33 31 130 54 36 57 51 1103 595 118 42 47 44 374 126 41 62 169 41 30 105 35 30
internal_value=0.000195753 0.000239749 0.000324078 2.69309e-05 -0.000217631 0.000188726 -0.000154047 -0.000604396 0 -0.000343511 0.000375 0.000235362 0.000317227 0 7.33591e-05 0.00028051 0.000340594 -7.37952e-05 -0.000336806 7.40741e-05 0.000261792 -7.27848e-05 -0.000445312 0.000251534 0 0.000473104
internal_weight=3649 3267 2294 973 362 611 382 90 292 130 2003 870 713 291 258 548 504 331 143 188 211 157 63 162 79 1133
internal_count=3649 3267 2294 973 362 611 382 90 292 130 2003 870 713 291 258 548 504 331 143 188 211 157 63 162 79 1133
cat_boundaries=0 1
cat_threshold=187
is_linear=0
shrinkage=0.01


Tree=305
num_leaves=23
num_cat=2
split_feature=10 33 0 16 0 10 11 16 11 14 29 28 5 17 30 25 28 15 28 7 25 15
split_gain=0.623352 0.708641 0.756417 0.738168 0.332898 0.331572 0.264705 0.573416 0.839663 0.261872 0.226143 0.306589 0.259044 0.225306 0.208616 0.155631 0.117407 0.0786264 0.0635741 0.00700688 0.0049918 0.00885784
threshold=4966.2857142857147 137.40000000000003 0 0.77241981449888963 1 4918.357142857144 41.748681047693573 0.19336742136696447 30.442335350620748 -0.95500086777008153 23.075000000000006 26.125000000000004 2.5000000000000004 -0.9575230291762723 22.775000000000002 5876.5000000000009 25.475000000000005 0.98332250088165762 22.625000000000004 43.500000000000007 7315.0000000000009 -0.9955251950901236
decision_type=2 2 9 2 9 2 2 2 2 2 2 2 2 2 2 2 2 2 2 2 2 2
left_child=4 20 3 16 9 6 7 -6 -9 13 12 -12 -8 -1 17 -4 -3 19 -16 -11 21 -2
right_child=1 2 15 -5 5 -7 10 8 -10 14 11 -13 -14 -15 18 -17 -18 -19 -20 -21 -22 -23
leaf_value=0.52442659100139444 8.8351576099512119 3.3482701754494819 -0.076838625701572391 -0.76463082633747659 0.28604680126724752 -0.24041050528834221 0.014041625276120809 0.59996302062990614 -0.62244130820811916 -0.11349933611795422 0.10060747070843651 -0.00016613764491790861 -0.1253184077372837 -0.012876812678885142 0.098782621291090306 2.1657218645376508 -0.082733775239387908 0.30444878626898514 0.24180080346910601 0.017047110121070512 6.5552612472866745 2.2559319807966878
leaf_weight=34 34 34 30 36 65 54 85 35 46 30 388 668 86 49 41 164 39 34 515 30 35 1073
leaf_count=34 34 34 30 36 65 54 85 35 46 30 388 668 86 49 41 164 39 34 515 30 35 1073
internal_value=0.000178175 0.000340595 -6.08552e-05 -0.0007125 6.47848e-05 -1.84284e-05 4.73073e-06 -0.000387755 -0.000969512 0.000237231 5.98534e-05 0.000121097 -0.000258721 -0.000220238 0.0003149 0.000278049 -4.72973e-05 -3.15789e-05 0.000391382 -0.000327869 0.000455818 0.000463448
internal_weight=3605 1445 303 109 2160 1427 1373 146 81 733 1227 1056 171 83 650 194 73 94 556 60 1142 1107
internal_count=3605 1445 303 109 2160 1427 1373 146 81 733 1227 1056 171 83 650 194 73 94 556 60 1142 1107
cat_boundaries=0 1 2
cat_threshold=2260 19
is_linear=0
shrinkage=0.01


Tree=306
num_leaves=26
num_cat=2
split_feature=12 14 0 20 27 7 0 25 21 26 34 20 20 29 26 13 32 33 12 12 11 14 13 12 11
split_gain=0.675013 0.347114 0.344223 0.63609 0.393911 0.401704 0.228302 0.41854 0.278091 0.268212 0.622786 0.192617 0.335124 0.272011 0.409166 0.187864 0.174753 0.166084 0.285091 0.145443 0.0901779 0.0848631 0.081898 0.0323979 0.0106054
threshold=4766.1000000000013 0.80417553764032002 0 28.171428571428574 21.500000000000004 222.50000000000003 1 4450.5000000000009 4765.5000000000009 22.525000000000002 3.6150000000000007 23.103571428571431 22.482142857142861 26.275000000000002 26.725000000000005 5583.6032359264636 108.95000000000002 0.19999999999999826 4968.7166666666681 4568.1166666666677 637.51695295207617 0.091259403071267925 4957.1453828685362 5075.3666666666677 158.39597758246299
decision_type=2 2 9 2 2 2 9 2 2 2 2 2 2 2 2 2 2 2 2 2 2 2 2 2 2
left_child=1 6 3 15 16 -6 11 9 19 -8 -11 12 21 22 -15 23 17 18 -4 -9 -19 -1 -13 -2 -3
right_child=2 24 4 -5 5 -7 7 8 -10 10 -12 13 -14 14 -16 -17 -18 20 -20 -21 -22 -23 -24 -25 -26
leaf_value=0.30727054456439074 0.68034532319989749 0.18986246239588994 -0.28028051959852812 -0.84880772649786507 2.4574055648909106 -0.10525991143927392 0.0035223235436629939 -0.0037788656873800194 -0.47453387491787469 -0.066249153889921322 -0.028602648756184713 0.0037526733343997945 -0.47900472412613165 -0.050716847288888457 0.055716526172894736 -0.28234618208120354 -0.0043039925498643125 1.5371757432500648 1.8769422254081241 0.39625458005536496 0.47596816156053828 -0.16361171824318135 0.25313863175656198 2.5605589501370547 0.48836712905144369
leaf_weight=59 47 171 30 31 37 37 41 97 30 43 161 58 58 126 306 30 55 1460 68 127 67 41 289 106 30
leaf_count=59 47 171 30 31 37 37 41 97 30 43 161 58 58 126 306 30 55 1460 68 127 67 41 289 106 30
internal_value=0.000161536 5.18927e-06 0.00028644 -5.77778e-05 0.000332578 -0.000306667 -4.31454e-05 -0.000216667 2.7451e-05 -0.000518293 -0.000673171 4.06118e-05 -0.000257862 0.000114744 -3.23325e-05 0.000116848 0.000368828 0.000388991 0 0.000186667 0.000414594 1.18029e-11 0.000326149 0.000301948 0.000398515
internal_weight=3605 1637 1968 214 1754 74 1436 499 254 245 204 937 158 779 432 183 1680 1625 98 224 1527 100 347 153 201
internal_count=3605 1637 1968 214 1754 74 1436 499 254 245 204 937 158 779 432 183 1680 1625 98 224 1527 100 347 153 201
cat_boundaries=0 1 2
cat_threshold=2304 795
is_linear=0
shrinkage=0.01


Tree=307
num_leaves=28
num_cat=2
split_feature=12 14 29 26 29 0 28 26 25 25 33 0 20 11 25 12 15 19 16 16 7 26 14 5 21 11 10
split_gain=0.668733 0.337532 0.332979 0.710617 0.305268 0.298825 0.543194 0.44969 0.343403 0.475257 0.257765 0.243095 0.30219 0.24033 0.201257 0.200027 0.142003 0.121035 0.107757 0.153911 0.0960346 0.086325 0.0829091 0.0706214 0.0185841 0.0172798 0.0106054
threshold=4766.1000000000013 0.80417553764032002 25.975000000000005 26.575000000000006 23.075000000000006 0 25.475000000000005 28.875000000000004 6751.5000000000009 5777.5000000000009 148.40000000000006 1 21.639285714285716 68.604282666815607 4349.5000000000009 4339.8000000000002 1.0000000180025095e-35 38.750000000000007 0.77241981449888963 0.95938219844953276 360.50000000000006 27.625000000000004 -0.96235977360714686 2.5000000000000004 7155.0000000000009 77.023032997571946 4758.2142857142871
decision_type=2 2 2 2 2 9 2 2 2 2 2 9 2 2 2 2 2 2 2 2 2 2 2 2 2 2 2
left_child=1 2 4 10 11 22 20 8 9 -8 13 25 -13 -4 16 -16 -5 -9 21 -20 -7 -6 -2 -12 -24 -1 -3
right_child=5 26 3 14 18 6 7 17 -10 -11 23 12 -14 -15 15 -17 -18 -19 19 -21 -22 -23 24 -25 -26 -27 -28
leaf_value=0.12130910778937408 0.6634822910777638 0.18796383777193071 -0.0016214568696562238 0.45422531013086925 0.091971336007160537 2.2493596091033741 -0.205531521772086 1.3275822040601595 -0.24858937512764542 0.76716645068958311 0.31246026673752086 0.0058636264014933336 -0.20534351686424812 -0.27208126607525546 -0.027709157261117775 5.4915071317481087e-05 -0.0034153881378112152 -0.032003770737520226 -0.15631671206593292 0.14869704338190626 1.0613634346870395 -0.033381630699423112 1.5897046474443344 -0.5119569569337219 3.0692248524059562 0.015600817686016915 1.4473865594425519
leaf_weight=59 41 171 47 145 293 464 203 188 44 171 42 37 131 81 71 268 56 46 41 59 32 31 748 30 31 45 30
leaf_count=59 41 171 47 145 293 464 203 188 44 171 42 37 131 81 71 268 56 46 41 59 32 31 748 30 31 45 30
internal_value=0.000167083 1.12943e-05 -3.61865e-05 -0.000188934 0.000111908 0.000291519 0.000167386 -6.12556e-06 -0.000217184 -8.8e-05 -0.000696517 -0.000124542 -0.000368715 -0.000976744 0 -0.000148529 0.00025 0.00032766 0.000287059 0 0.000418511 0.000375385 0.000445247 -5.47945e-05 0.000473718 0.000191304 0.000398515
internal_weight=3605 1637 1436 740 696 1968 1148 652 418 374 200 272 168 128 540 339 201 234 424 100 496 324 820 72 779 104 201
internal_count=3605 1637 1436 740 696 1968 1148 652 418 374 200 272 168 128 540 339 201 234 424 100 496 324 820 72 779 104 201
cat_boundaries=0 1 2
cat_threshold=35 674
is_linear=0
shrinkage=0.01


Tree=308
num_leaves=21
num_cat=3
split_feature=10 33 0 16 19 30 13 0 34 7 34 28 0 15 14 28 18 17 23 10
split_gain=0.560041 0.663285 0.756417 0.738168 0.389059 0.638926 0.312882 0.402607 0.37734 0.389789 0.187075 0.267373 0.18262 0.178267 0.210035 0.117407 0.108284 0.057327 0.0171046 0.0100602
threshold=4966.2857142857147 137.40000000000003 0 0.77241981449888963 0.19999999999999826 26.275000000000002 5575.5496727322579 1 3.0550000000000002 145.50000000000003 6.0950000000000006 26.375000000000004 2 0.011826144619637555 0.21022171450811275 25.475000000000005 29.999999999999996 0.99530134160901229 4698.5000000000009 4820.0000000000009
decision_type=2 2 9 2 2 2 2 9 2 2 2 2 9 2 2 2 2 2 2 2
left_child=4 17 3 15 5 -1 7 8 -6 -10 11 -9 13 14 -8 -3 -4 18 -2 -12
right_child=1 2 16 -5 6 -7 12 10 9 -11 19 -13 -14 -15 -16 -17 -18 -19 -20 -21
leaf_value=-0.17025595450582354 4.7614441479780565 3.280636346446447 0.20619533667676179 -0.75389388207477026 -0.21623617126782249 0.01671906593175836 -0.07711625852719417 0.017104954297451659 -0.23725928146092526 0.011106730702812935 0.65599240213254884 -0.01053996350069963 1.1711429479571345 0.95242351517710744 0.022914403618652646 -0.088090975249702649 2.3356438202371343 2.1992910026243662 2.2170364411446348 1.1322244468043423
leaf_weight=31 30 34 46 36 31 51 35 679 82 152 163 478 319 73 36 39 148 49 1063 30
leaf_count=31 30 34 46 36 31 51 35 679 82 152 163 478 319 73 36 39 148 49 1063 30
internal_value=0.000172629 0.000326763 -6.08552e-05 -0.0007125 6.47848e-05 -0.000590361 9.57191e-05 2.32055e-05 -0.000317029 -0.000140426 9.91918e-05 4.18826e-05 0.000326509 0 -0.000340278 -4.72973e-05 0.000278049 0.00043832 0.000453839 0.00039433
internal_weight=3605 1445 303 109 2160 82 2078 1615 265 234 1350 1157 463 144 71 73 194 1142 1093 193
internal_count=3605 1445 303 109 2160 82 2078 1615 265 234 1350 1157 463 144 71 73 194 1142 1093 193
cat_boundaries=0 1 2 3
cat_threshold=2260 2084 2057
is_linear=0
shrinkage=0.01


Tree=309
num_leaves=21
num_cat=0
split_feature=10 33 25 25 13 12 33 7 28 19 32 22 16 20 21 17 14 23 25 14
split_gain=0.456833 0.663285 0.609527 0.570359 0.268486 0.693006 0.335438 0.423064 0.36828 0.257524 0.21407 0.168371 0.233882 0.144996 0.132471 0.057327 0.0201145 0.0171046 0.0185807 0.0120749
threshold=4966.2857142857147 137.40000000000003 6751.5000000000009 5777.5000000000009 5575.5496727322579 4949.916666666667 70.350000000000009 55.500000000000007 28.075000000000006 130.45000000000005 0.29999999999999472 4899.5000000000009 0.35845153958890236 23.053571428571434 6127.5000000000009 0.99530134160901229 0.62587949062545845 4698.5000000000009 7315.0000000000009 0.84313847884979054
decision_type=2 2 2 2 2 2 2 2 2 2 2 2 2 2 2 2 2 2 2 2
left_child=4 15 3 -3 5 6 7 10 9 -8 -1 16 -13 -9 -5 17 -6 -2 -19 -18
right_child=1 2 -4 14 11 -7 8 13 -10 -11 -12 12 -14 -15 -16 -17 19 18 -20 -21
leaf_value=-0.11375174603203314 4.7138297064982746 -0.38695716909394234 -0.28702722410188858 2.0990873580965395 1.0861824283076857 -0.43236376409017546 -0.06696459803215557 -0.0017794042561377172 -0.14260742384028566 0.022000446133733687 0.082088980274153137 1.2139396527723803 -0.1049521772284996 0.16007304988019372 -0.032121847873957068 2.1772980925981189 -0.020895766804824002 2.1908038360534774 5.6771522580745248 0.45842636227140943
leaf_weight=196 30 31 50 182 286 58 226 94 48 376 105 95 46 567 40 49 30 1033 30 33
leaf_count=196 30 31 50 182 286 58 226 94 48 376 105 95 46 567 40 49 30 1033 30 33
internal_value=0.000186495 0.000326763 -6.08552e-05 0.000104331 8.79223e-05 2.09456e-05 6.57161e-05 0.000187954 -9.98464e-05 -1.49254e-05 -9.76821e-05 0.000295316 0 0.000333082 0.000318386 0.00043832 0.000412857 0.000453839 0.000461936 2.34375e-05
internal_weight=3605 1445 303 253 2160 1670 1612 962 650 602 301 490 141 661 222 1142 349 1093 1063 63
internal_count=3605 1445 303 253 2160 1670 1612 962 650 602 301 490 141 661 222 1142 349 1093 1063 63
is_linear=0
shrinkage=0.01


Tree=310
num_leaves=28
num_cat=2
split_feature=14 10 21 0 29 31 26 17 26 0 18 33 10 19 18 10 29 12 32 18 19 31 18 7 18 10 15
split_gain=1.09238 0.451588 0.296541 0.415533 0.747102 0.423284 0.433571 0.273463 0.252302 0.248115 0.524047 0.21284 0.435741 0.273082 0.261687 0.213973 0.193651 0.0935404 0.0860372 0.0806841 0.2225 0.0680511 0.0562213 0.0421173 0.0152232 0.0133333 0.00384738
threshold=-0.9259986516102553 4688.9285714285725 4299.0000000000009 0 27.025000000000002 2.3500000000000001 27.125000000000004 -0.35846749276936624 26.975000000000005 1 25.050000000000004 137.40000000000003 6071.5000000000009 0.19999999999999826 3.1000000000000041 4966.2857142857147 27.675000000000004 6134.166666666667 49.20000000000001 19.050000000000008 117.85000000000001 3.0500000000000003 1.2000000000000013 301.50000000000006 75.15000000000002 4511.0000000000009 -0.99761278905001471
decision_type=2 2 2 9 2 2 2 2 2 9 2 2 2 2 2 2 2 2 2 2 2 2 2 2 2 2 2
left_child=2 7 -1 4 8 16 18 23 -4 10 22 13 14 15 -13 -3 -5 -16 -7 20 -11 -21 -9 25 26 -2 -15
right_child=1 11 3 5 -6 6 -8 9 -10 19 -12 12 -14 24 17 -17 -18 -19 -20 21 -22 -23 -24 -25 -26 -27 -28
leaf_value=0.18921526571766162 0.26055355120504842 -0.18145998170028765 -0.12265204150801537 0.52331745304655475 -0.26337172271860632 -0.011182933846603014 -0.18328629660896553 -0.0077056240264153468 0.47603351713469466 0.0048571814381168322 -0.17206961327482653 -0.34898849508879953 -0.32775297871478903 1.8885698055598454 2.33915105627963 1.0895931166436383 -0.004470502881919706 0.14487369752823079 1.4090304737209109 0.25336662972418178 -0.08364253840353264 0.32677234166639052 0.011992962350691637 0.20206431762562532 2.7717330197705561 1.5660639778943792 1.3061264574931568
leaf_weight=74 222 46 45 118 31 43 33 91 31 570 55 47 35 35 225 85 36 30 31 62 44 129 71 48 30 30 1370
leaf_count=74 222 46 45 118 31 43 33 91 31 570 55 47 35 35 225 85 36 30 31 62 44 129 71 48 30 30 1370
internal_value=0.000186341 0.00025186 -0.000268623 -0.000395664 -0.000902542 -0.000108456 -0.000615741 9.90174e-05 -0.000285714 1.07527e-05 -0.000269737 0.000352679 8.43195e-05 0.000403957 0.000234323 0 0.000174194 0.000380859 -4e-05 0.000101103 2.76423e-05 0.000289063 0 0.000365449 0.000443942 0.000418972 0.000449858
internal_weight=3667 3225 442 368 107 261 107 1322 76 1022 217 1903 337 1566 302 131 154 255 74 805 614 191 162 300 1435 252 1405
internal_count=3667 3225 442 368 107 261 107 1322 76 1022 217 1903 337 1566 302 131 154 255 74 805 614 191 162 300 1435 252 1405
cat_boundaries=0 1 2
cat_threshold=25 2096
is_linear=0
shrinkage=0.01


Tree=311
num_leaves=29
num_cat=2
split_feature=14 28 10 24 7 17 33 10 19 18 10 12 0 33 26 0 26 10 12 27 19 21 34 7 10 18 10 15
split_gain=0.837264 0.502412 0.451588 0.445429 0.548351 0.273463 0.21284 0.435741 0.273082 0.261687 0.213973 0.193481 0.190417 0.289599 0.501751 0.175642 0.124537 0.130067 0.0935404 0.0865412 0.0858426 0.0755337 0.068187 0.0421173 0.0196696 0.0152232 0.0133333 0.00384738
threshold=-0.9259986516102553 27.875000000000004 4688.9285714285725 4950.5000000000009 263.50000000000006 -0.35846749276936624 137.40000000000003 6071.5000000000009 0.19999999999999826 3.1000000000000041 4966.2857142857147 5399.8166666666675 0 51.250000000000007 27.725000000000005 1 25.675000000000004 4569.0714285714303 6134.166666666667 2.0500000000000003 18.050000000000008 4064.0000000000005 4.5850000000000009 301.50000000000006 5076.857142857144 75.15000000000002 4511.0000000000009 -0.99761278905001471
decision_type=2 2 2 2 2 2 2 2 2 2 2 2 9 2 2 9 2 2 2 2 2 2 2 2 2 2 2 2
left_child=1 3 5 15 -5 23 8 9 10 -8 -4 -6 16 20 -15 19 21 -18 -11 -1 -14 -7 -17 26 -13 27 -2 -10
right_child=2 -3 6 4 11 12 7 -9 25 18 -12 24 13 14 -16 22 17 -19 -20 -21 -22 -23 -24 -25 -26 -27 -28 -29
leaf_value=-0.22373336290461673 0.25794801569300047 -0.26085614108774663 -0.17964538188328921 -0.15824140798550831 -0.23044098366030327 0.045022386613058255 -0.34549861013791322 -0.32447544892764235 1.8696841075042443 2.3157595457168334 1.0786971854772054 0.86394926598217714 -0.015731447782130474 -0.0068671975682643837 -0.41063170546210431 0.18349630059926822 0.22711289283394076 -0.054351066573191657 0.14342496055295023 0.03967920095029958 0.33473567244940688 -0.021343245125342598 0.1107785974364278 0.20004367444936905 0.14383296430313391 2.744015689572854 1.5504033381154354 1.2930651929182215
leaf_weight=51 222 30 46 30 30 170 47 35 35 225 85 39 129 122 40 143 275 30 30 54 70 186 35 48 30 30 30 1370
leaf_count=51 222 30 46 30 30 170 47 35 35 225 85 39 129 122 40 143 275 30 30 54 70 186 35 48 30 30 30 1370
internal_value=0.00019452 -0.000200903 0.00025186 -8.23244e-05 -0.000580769 9.90174e-05 0.000352679 8.43195e-05 0.000403957 0.000234323 0 -0.000105 1.07527e-05 -0.000159946 -0.000484663 0.000110916 0.000119792 0.000269608 0.000380859 -0.000150862 4.75e-05 0 0.000312169 0.000365449 6.42857e-05 0.000443942 0.000418972 0.000449858
internal_weight=3667 442 3225 412 129 1322 1903 337 1566 302 131 99 1022 361 162 283 661 305 255 105 199 356 178 300 69 1435 252 1405
internal_count=3667 442 3225 412 129 1322 1903 337 1566 302 131 99 1022 361 162 283 661 305 255 105 199 356 178 300 69 1435 252 1405
cat_boundaries=0 1 2
cat_threshold=715 244
is_linear=0
shrinkage=0.01


Tree=312
num_leaves=26
num_cat=3
split_feature=14 23 28 31 5 0 19 31 16 0 19 10 19 33 13 20 34 27 0 10 11 28 7 20 10
split_gain=0.978404 0.493408 0.455637 0.459565 0.447126 0.338209 0.294171 0.263853 0.359995 0.249006 0.217229 0.272645 0.204109 0.501072 0.205161 0.184484 0.18177 0.169831 0.10172 0.0801782 0.0732739 0.0683908 0.034026 0.015954 0.00283759
threshold=-0.9259986516102553 4200.5000000000009 27.875000000000004 9.0500000000000025 1.5000000000000002 0 62.400000000000006 2.3500000000000001 -0.53585195597499147 1 0.19999999999999826 4966.2857142857147 130.45000000000005 67.750000000000014 5256.6979702687258 27.43928571428572 2.3350000000000004 15.850000000000003 2 7840.7142857142871 112.2127018691876 25.225000000000005 318.50000000000006 27.017857142857149 4735.857142857144
decision_type=2 2 2 2 2 9 2 2 2 9 2 2 2 2 2 2 2 2 9 2 2 2 2 2 2
left_child=2 9 3 15 -5 6 24 8 -8 21 11 -7 13 14 -11 17 20 18 -1 -18 -12 22 -2 -9 -3
right_child=1 5 -4 4 -6 10 7 23 -10 12 16 -13 -14 -15 -16 -17 19 -19 -20 -21 -22 -23 -24 -25 -26
leaf_value=0.0027000355861780028 -0.08145024942408173 0.020923129949714202 -0.2582475796768669 -0.15665899390565061 -0.033079066933877639 -0.20244621274421018 0.0070271252149856772 -0.029867212864940457 -0.42730075419812447 -0.0028452977669306428 0.40448852819238851 0.9974618835119885 0.44690277788187288 -0.22562139093050884 0.411973612190842 -0.11566124251298797 0.63665892114557887 -0.054410305056540431 0.42428495980925673 0.39899055300205599 -0.039087480854780893 0.13387274479868153 0.06782191093147652 0.15750974296639617 0.70973013924565576
leaf_weight=120 47 30 30 30 55 40 51 30 43 179 66 82 51 52 65 35 2096 30 142 32 49 117 66 36 93
leaf_count=120 47 30 30 30 55 40 51 30 43 179 66 82 51 52 65 35 2096 30 142 32 49 117 66 36 93
internal_value=0.000183615 0.00024566 -0.00024605 -0.000130751 -0.000784884 0.000303511 0 -0.000310559 -0.000663158 -2.59514e-06 0.000341961 0 -0.000185754 -0.000309764 -7.34694e-05 1.06707e-05 0.000366087 0.000122867 0.000231939 0.000387036 0 0.000228216 0 4.47761e-05 0.000334677
internal_weight=3667 3225 442 412 85 2648 283 160 94 577 2365 122 347 296 244 327 2243 292 262 2128 115 230 113 66 123
internal_count=3667 3225 442 412 85 2648 283 160 94 577 2365 122 347 296 244 327 2243 292 262 2128 115 230 113 66 123
cat_boundaries=0 1 2 3
cat_threshold=2576 913 75
is_linear=0
shrinkage=0.01


Tree=313
num_leaves=23
num_cat=3
split_feature=14 10 33 0 28 15 33 13 14 23 23 15 23 0 0 16 14 19 27 24 27 12
split_gain=0.902615 0.620894 0.497982 0.357046 0.403459 0.66126 0.304681 0.259351 0.331285 0.245752 0.689321 0.287583 0.241562 0.18362 0.163054 0.152152 0.0951369 0.0753401 0.0347494 0.0330415 0.0107504 0.0105394
threshold=-0.98214942551678475 4966.2857142857147 137.40000000000003 0 25.475000000000005 -0.77243990499604276 0.19999999999999826 5431.6878934566002 0.7090011537757156 4449.5000000000009 4650.5000000000009 -0.074115882986646633 3962.5000000000005 1 2 0.51295437088821561 0.73865729060996177 172.10000000000002 3.6500000000000008 4950.5000000000009 6.3500000000000005 4188.1500000000005
decision_type=2 2 2 9 2 2 2 2 2 2 2 2 2 9 9 2 2 2 2 2 2 2
left_child=9 6 18 4 -4 -6 12 8 13 -1 -11 -12 -2 -8 15 -9 -16 -5 -3 -13 -20 -10
right_child=1 2 3 17 5 -7 7 14 21 10 11 19 -14 -15 16 -17 -18 -19 20 -21 -22 -23
leaf_value=0.16339098830879067 0.00055980307016956676 2.3120824930285067 2.1908373021217891 1.3544820551639176 0.50621966798082407 -0.33552690973392507 0.0095732623464604514 0.7857616388105324 0.23878110711643746 -0.178063044952391 -0.026916085691822415 0.35566066255406553 -0.16958719901607591 -0.017018421252576691 0.7127240260051122 -0.11929498962352819 0.064129168253500138 2.8570963305880754 3.5020556773873701 -0.10144828899772822 4.8177507669756032 0.29762587120225986
leaf_weight=55 33 1086 48 30 30 38 676 172 30 31 32 42 48 337 437 38 93 129 30 50 32 170
leaf_count=55 33 1086 48 30 30 38 676 172 30 31 32 42 48 337 437 38 93 129 30 50 32 170
internal_value=0.000169984 0.000210671 0.000373244 0 -0.000409449 -0.000956522 9.18919e-05 0.000121034 2.18287e-05 -0.000450237 -0.000657051 -0.000224 -0.000481707 -4.28994e-05 0.000269906 0 0.000360444 0.000291176 0.000464752 0 1.5873e-05 0.00039801
internal_weight=3667 3457 1423 275 116 68 2034 1953 1213 210 155 124 81 1013 740 210 530 159 1148 92 62 200
internal_count=3667 3457 1423 275 116 68 2034 1953 1213 210 155 124 81 1013 740 210 530 159 1148 92 62 200
cat_boundaries=0 1 2 3
cat_threshold=2264 907 2057
is_linear=0
shrinkage=0.01


Tree=314
num_leaves=23
num_cat=2
split_feature=14 12 31 7 23 31 32 14 19 7 23 24 24 0 0 19 12 12 11 11 33 15
split_gain=0.935429 0.458663 0.404499 0.541446 0.245752 0.517197 0.2693 0.209779 0.188337 0.151097 0.436527 0.17632 0.217186 0.15616 0.143152 0.306912 0.114144 0.0719937 0.0570793 0.043567 0.0308129 0.0152791
threshold=-0.98214942551678475 4773.8833333333341 13.000000000000002 222.50000000000003 4449.5000000000009 2.5500000000000003 16.850000000000005 0.77788564761185042 0.19999999999999826 147.50000000000003 4647.5000000000009 4525.5000000000009 4299.0000000000009 0 1 106.45000000000002 5075.3666666666677 4735.2166666666681 167.47543430211741 130.51135194893254 359.40000000000003 0.32410992729244009
decision_type=2 2 2 2 2 2 2 2 2 2 2 2 2 9 9 2 2 2 2 2 2 2
left_child=4 7 8 18 -1 6 -6 9 16 10 13 12 -11 -2 15 -10 21 -13 -4 -9 -16 -3
right_child=1 2 3 -5 5 -7 -8 19 14 11 -12 17 -14 -15 20 -17 -18 -19 -20 -21 -22 -23
leaf_value=0.1617570784257012 0.087061219215920221 -0.25168216933151405 2.1316596911026027 -0.16671985351838584 -0.11610821190887553 -0.099925512436483704 0.41948845653014344 0.21438965321141656 1.3909148873818935 0.0047549902721171437 -0.2218891716861571 0.26142141257981144 -0.014861512445387264 -0.013319722992840207 1.7320079540916729 -0.29420939323233908 0.8282736135919635 0.27911079859127386 0.18471113218244589 0.16646376284297912 0.97115791917122907 0.95182938966075126
leaf_weight=55 105 30 84 55 37 56 62 183 154 418 35 212 307 205 1314 65 56 62 30 49 61 32
leaf_count=55 105 30 84 55 37 56 62 183 154 418 35 212 307 205 1314 65 56 62 30 49 61 32
internal_value=0.000180889 0.000222238 0.000329702 -9.11765e-05 -0.000450237 -0.000657051 -0.000105 8.75079e-05 0.000377116 3.12268e-05 -0.000137283 9.95e-05 3.44354e-06 0 0.000405643 8.47826e-05 0 0.000316364 0.000234783 0.000369099 0.000445527 -0.000301587
internal_weight=3667 3457 1881 169 210 155 99 1576 1712 1344 345 999 725 310 1594 219 118 274 114 232 1375 62
internal_count=3667 3457 1881 169 210 155 99 1576 1712 1344 345 999 725 310 1594 219 118 274 114 232 1375 62
cat_boundaries=0 1 2
cat_threshold=386 2176
is_linear=0
shrinkage=0.01


Tree=315
num_leaves=27
num_cat=2
split_feature=21 14 27 15 16 0 29 29 5 11 34 16 24 23 24 24 20 14 13 0 16 24 5 15 11 18
split_gain=1.06569 0.744604 0.445785 0.431864 0.379166 0.458764 0.537614 0.753103 1.01307 0.406878 0.568289 0.609095 0.321495 0.380055 0.221717 0.221702 0.213322 0.116171 0.11304 0.104017 0.176279 0.0555546 0.0248392 0.0122907 0.011026 0.0123315
threshold=4997.5000000000009 -0.61913973745509387 4.5500000000000007 -0.27694043983797384 -0.71504042705586657 0 29.125000000000004 23.075000000000006 2.5000000000000004 71.355079481682267 4.5550000000000006 0.42178632996157733 4561.0000000000009 4450.5000000000009 4977.5000000000009 4040.5000000000005 27.43928571428572 -0.76694339346796603 5029.8562914410568 1 -0.96688789938088693 4612.0000000000009 1.0000000180025095e-35 -0.99761278905001471 610.477234757931 148.90000000000001
decision_type=2 2 2 2 2 9 2 2 2 2 2 2 2 2 2 2 2 2 2 9 2 2 2 2 2 2
left_child=4 2 17 -4 15 9 7 8 -7 12 14 -12 13 -6 -11 -1 -9 -2 -17 20 -20 -3 -21 -23 25 -25
right_child=1 21 3 -5 5 6 -8 16 -10 10 11 -13 -14 -15 -16 18 -18 -19 19 22 -22 23 -24 24 -26 -27
leaf_value=-0.027346140968657451 0.68579995074797739 0.62027236769186678 -0.28397761591294896 0.40940009338597982 0.018628988185034563 0.065614379038811108 -0.44635004402338441 0.054315937260144137 -0.1937537892511233 0.01039774118029262 -0.024692759841453304 -0.3609166853358064 0.75735540477921104 -0.16095636107770542 -0.076575054567922254 -0.065467587492764587 -0.27068702018487195 -0.032057335583044452 -0.012193042390657492 0.3899697548384502 0.12036424836470885 5.9986454283616215 0.71206859763593844 2.101676599267444 1.9496775693706201 1.7203600765065954
leaf_weight=44 88 48 47 41 322 38 46 266 53 289 99 84 252 32 46 31 70 47 58 61 106 31 289 1091 32 32
leaf_count=44 88 48 47 41 322 38 46 266 53 289 99 84 252 32 46 31 70 47 58 61 106 31 289 1091 32 32
internal_value=0.000118414 0.000328189 -0.000171875 -0.000741573 -1.69181e-05 -0.000101064 -0.000358471 -0.000225467 -0.00102717 1.76213e-06 -0.000194605 -0.000644022 0.000186161 0 2.23214e-05 0.000194068 0 0.000128676 0.000260989 0.000304854 1.14286e-05 0.000426721 0.000401662 0.000440607 0.000447664 0.000455071
internal_weight=3643 1457 223 88 2186 1597 473 427 91 1124 518 183 606 354 335 589 336 135 545 514 164 1234 350 1186 1155 1123
internal_count=3643 1457 223 88 2186 1597 473 427 91 1124 518 183 606 354 335 589 336 135 545 514 164 1234 350 1186 1155 1123
cat_boundaries=0 1 2
cat_threshold=187 2088
is_linear=0
shrinkage=0.01


Tree=316
num_leaves=27
num_cat=1
split_feature=21 14 27 16 13 21 3 34 29 31 7 31 11 23 33 16 32 11 14 16 29 5 24 17 34 31
split_gain=0.92096 0.725021 0.445785 0.431864 0.393347 0.484264 0.594197 0.864117 0.402453 0.222491 0.269361 0.218495 0.315642 0.335328 0.289278 0.55902 0.2318 0.119919 0.116171 0.0866273 0.0987687 0.0626729 0.0528101 0.0377694 0.0158001 0.0146664
threshold=4997.5000000000009 -0.61913973745509387 4.5500000000000007 0.54217677573236234 5265.502740787344 4794.5000000000009 0 5.535000000000001 23.075000000000006 13.000000000000002 201.50000000000003 9.1500000000000004 40.868546527430574 3991.0000000000005 70.350000000000009 0.54217677573236234 0.19999999999999826 76.498832229438577 -0.76694339346796603 -0.97717844506743556 25.125000000000004 1.5000000000000002 4612.0000000000009 0.99530134160901229 9.3600000000000012 30.550000000000004
decision_type=2 2 2 2 2 2 1 2 2 2 2 2 2 2 2 2 2 2 2 2 2 2 2 2 2 2
left_child=4 2 18 -4 11 9 7 8 -7 19 -11 12 13 -1 16 -16 -14 -8 -2 20 -6 -21 -3 24 25 -24
right_child=1 22 3 -5 5 6 17 -9 -10 10 -12 -13 14 -15 15 -17 -18 -19 -20 21 -22 -23 23 -25 -26 -27
leaf_value=0.072513161896646972 0.67894195124049406 0.61406964401495134 0.40530609245212423 -0.28113783975382306 2.7350849630926555 -0.15245165964034046 1.0245771682228335 -0.53923464378761321 0.56204358497111806 0.26231102283031749 -0.12784559452464636 0.34695099405628926 -0.0065838856946745673 -0.24763884395905147 -0.078547164702253522 0.58998047439998691 0.047542993185369815 -0.048260300377547624 -0.031736762227214686 0.011963864725534073 -0.01020546342244589 0.18965399281042561 2.0935676112575878 2.2835849009908289 1.234397952836255 3.1732599049123889
leaf_weight=36 88 48 41 47 49 30 110 55 107 30 34 83 223 55 206 62 165 55 47 289 47 550 1069 56 30 31
leaf_count=36 88 48 41 47 49 30 110 55 107 30 34 83 223 55 206 62 165 55 47 289 47 550 1069 56 30 31
internal_value=0.000126647 0.000321331 -0.000171875 -0.000741573 0 0.000101695 -0.000199721 -0.000590674 -8.33333e-05 0.0002195 -0.000276923 -0.000174489 -0.000235963 -0.000809783 -0.00014003 -0.000394052 1.02828e-05 0.000195783 0.000128676 0.000264423 0 0.000297024 0.000418623 0.000432182 0.000446508 0.000454133
internal_weight=3643 1457 223 88 2186 1356 357 192 137 999 64 830 747 91 656 268 388 165 135 935 96 839 1234 1186 1130 1100
internal_count=3643 1457 223 88 2186 1356 357 192 137 999 64 830 747 91 656 268 388 165 135 935 96 839 1234 1186 1130 1100
cat_boundaries=0 1
cat_threshold=2
is_linear=0
shrinkage=0.01


Tree=317
num_leaves=22
num_cat=3
split_feature=10 33 0 16 33 3 13 25 0 11 25 28 15 15 34 12 32 33 28 17 31
split_gain=0.984893 0.581381 0.862505 1.35786 0.308825 0.432 0.274075 0.352854 0.372353 0.406947 0.316054 0.626266 0.381054 1.43075 0.209392 0.154395 0.101434 0.0849728 0.0659653 0.0474456 0.050608
threshold=4966.2857142857147 137.40000000000003 0 0.77241981449888963 0.19999999999999826 1 5265.502740787344 4673.0000000000009 2 163.15030021829912 4273.0000000000009 26.675000000000008 -0.18493013702746822 -0.38243420677835349 4.3950000000000005 3978.7833333333338 30.699999999999999 174.60000000000005 25.475000000000005 0.99530134160901229 8.5500000000000025
decision_type=2 2 9 2 2 1 2 2 9 2 2 2 2 2 2 2 2 2 2 2 2
left_child=4 19 3 18 5 -1 7 8 15 -10 11 -8 13 -12 -9 -6 -14 -4 -3 20 -2
right_child=1 2 17 -5 6 -7 10 14 9 -11 12 -13 16 -15 -16 -17 -18 -19 -20 -21 -22
leaf_value=-0.36276275534028857 2.2060620900053705 3.6224982952159599 1.1710978974045867 -1.1206989003915606 -0.22173806376564614 0.0088605429538633606 -0.043525480658912104 -0.18914785019286429 -0.0069533135842536854 -0.15385444286277192 0.13432917982713025 0.47366280603976352 0.24175315133413181 -0.35018341084418786 -0.012233457068652118 0.036761401382589029 0.0088239675229519858 1.6177431276778773 -0.098443590360380875 2.1656593524817218 0.45422280394401049
leaf_weight=36 1037 39 30 33 91 45 53 38 261 30 482 47 602 60 41 330 77 169 35 53 54
leaf_count=36 1037 39 30 33 91 45 53 38 261 30 482 47 602 60 41 330 77 169 35 53 54
internal_value=0.000132135 0.000334252 -2.28013e-05 -0.000733051 0 -0.000603659 2.177e-05 -0.000119318 -3.36606e-05 -0.000312914 0.000113843 -0.00039604 0.000164075 -1.65746e-05 -0.00075625 0.000140046 0.000322794 0.000330952 0 0.000438428 0.000453755
internal_weight=3643 1450 306 107 2193 81 2112 791 712 291 1321 100 1221 542 79 421 679 199 74 1144 1091
internal_count=3643 1450 306 107 2193 81 2112 791 712 291 1321 100 1221 542 79 421 679 199 74 1144 1091
cat_boundaries=0 1 2 3
cat_threshold=2260 2 968
is_linear=0
shrinkage=0.01


Tree=318
num_leaves=31
num_cat=2
split_feature=12 0 20 22 24 19 31 18 22 12 15 11 0 11 14 31 21 34 11 19 12 13 24 26 24 31 15 14 5 7
split_gain=0.955484 0.431646 0.574604 0.801135 1.04994 0.376508 0.274356 0.716425 0.795121 0.388369 0.481349 0.325205 0.270235 0.376412 0.254597 0.386103 0.243937 0.201507 0.201128 0.194793 0.287363 0.136304 0.0848671 0.072506 0.0265661 0.0176031 0.0165101 0.0117564 0.0112326 0.0105394
threshold=4773.8833333333341 0 26.546428571428578 5506.0000000000009 5061.5000000000009 5.0999999999999988 0.65000000000000002 24.550000000000001 4449.5000000000009 4718.7166666666681 -0.18493013702746822 115.35750683697295 1 124.15590865617885 -0.63255557784149707 12.200000000000001 6127.5000000000009 3.8650000000000007 39.639283881198232 0.19999999999999826 4968.7166666666681 5780.9042133665434 3947.5000000000005 25.475000000000005 6181.0000000000009 30.150000000000002 0.9989598388634241 -0.99372698525316483 4.5000000000000009 344.50000000000006
decision_type=2 9 2 2 2 2 2 2 2 2 2 2 9 2 2 2 2 2 2 2 2 2 2 2 2 2 2 2 2 2
left_child=5 2 21 4 -4 17 7 9 -9 11 -11 -7 23 18 15 16 27 -1 -14 20 -16 29 -19 -8 -5 26 -21 -3 -24 -2
right_child=1 14 3 24 -6 6 12 8 -10 10 -12 -13 13 -15 19 -17 -18 22 -20 25 -22 -23 28 -25 -26 -27 -28 -29 -30 -31
leaf_value=-0.062196286766236224 2.0877493312260267 1.0198007989019906 -0.033042695529053548 4.07349237154666 -1.1278133799092533 -0.0080100847450285031 -0.014466485682963777 -0.78497029207345781 -0.045892829401802802 -0.32865871293475019 0.060196472183663592 0.19548195252696451 -0.17552853780607933 -0.12326376641106374 -0.26222808316601975 -0.07252965196540398 -0.10289827443736081 0.011763346973717153 0.056101918537077626 1.708293575102932 1.9290451485089843 -0.21373552256472692 0.17406105193603935 0.26480153513045174 0.068429056586990389 2.4536186567678726 1.5939415399965042 1.1149590107698255 0.083823946392813625 1.6419372965066186
leaf_weight=37 170 30 42 45 31 519 31 30 31 37 38 212 35 48 30 50 52 30 163 1110 69 32 230 199 30 30 31 190 31 30
leaf_count=37 170 30 42 45 31 519 31 30 31 37 38 212 35 48 30 50 52 30 163 1110 69 32 230 199 30 30 31 190 31 30
internal_value=0.000132135 0.000281804 0 -0.000510067 -0.00126351 -3.85765e-05 -0.000117932 -0.000226382 -0.00128226 -0.00013259 -0.000822368 -4.71311e-05 5.87002e-05 -0.000143969 0.000353088 6.50155e-05 0.000241758 0.000255319 0 0.000420928 0 0.000283262 0.000361301 0.000311203 9.86842e-05 0.000456911 0.000464536 0.00040724 0.000421756 0.00039801
internal_weight=3643 1972 380 148 73 1671 1343 867 61 806 75 731 476 246 1592 322 272 328 198 1270 99 232 291 230 75 1171 1141 220 261 200
internal_count=3643 1972 380 148 73 1671 1343 867 61 806 75 731 476 246 1592 322 272 328 198 1270 99 232 291 230 75 1171 1141 220 261 200
cat_boundaries=0 1 2
cat_threshold=2308 75
is_linear=0
shrinkage=0.01


Tree=319
num_leaves=23
num_cat=2
split_feature=10 33 0 28 26 29 23 27 0 12 29 34 21 21 34 34 26 23 33 17 31 21
split_gain=0.998481 0.512245 0.725965 0.618395 0.358859 0.390383 0.837104 0.355264 0.271291 0.313004 0.31022 0.303451 0.290796 0.25426 0.246268 0.13493 0.113897 0.254656 0.0849728 0.0474456 0.050608 0.0257816
threshold=4966.2857142857147 137.40000000000003 0 25.475000000000005 29.075000000000006 29.075000000000006 4590.5000000000009 0.15000000000000005 1 4328.5333333333338 22.775000000000002 3.6950000000000007 4299.0000000000009 4866.0000000000009 3.7350000000000008 3.0100000000000002 32.475000000000009 4350.5000000000009 174.60000000000005 0.99530134160901229 8.5500000000000025 4661.0000000000009
decision_type=2 2 9 2 2 2 2 2 9 2 2 2 2 2 2 2 2 2 2 2 2 2
left_child=4 19 3 -3 5 8 -7 -8 10 12 11 -1 -10 -11 -5 -12 -6 -18 -4 20 -2 -19
right_child=1 2 18 14 16 6 7 -9 9 13 15 -13 -14 -15 -16 -17 17 21 -20 -21 -22 -23
leaf_value=-0.036895662321229976 2.1791924053820528 3.5560608770398585 1.1602488737578864 -0.10520328512267188 0.40565663062802743 0.095928865657687643 -0.53713541018846389 -0.067820378049360905 -0.021680450536513123 0.015423239835227443 -0.0084102245175937656 0.0012780852440379298 -0.24933090505214633 -0.123432323110984 -0.60510768332403631 0.075146160570948986 -0.13150855070139136 0.23604441203497004 1.5904161062933966 2.12777536899929 0.45726521707257894 1.3283760160449452
leaf_weight=70 1037 42 30 35 203 58 39 31 272 372 81 83 39 80 30 669 49 49 169 53 54 98
leaf_count=70 1037 42 30 35 203 58 39 31 272 372 81 83 39 80 30 669 49 49 169 53 54 98
internal_value=0.000137624 0.000341144 0 -0.000648305 0 -5.73816e-05 -0.000589147 -0.00133803 -1.01979e-05 -0.000153101 0.000100109 -0.000282468 -0.000399038 0 -0.00132576 0.000193076 0.00027375 4.06091e-05 0.000330952 0.000438428 0.000453755 0.000293919
internal_weight=3643 1450 306 107 2193 1794 128 70 1666 763 903 153 311 452 65 750 399 196 199 1144 1091 147
internal_count=3643 1450 306 107 2193 1794 128 70 1666 763 903 153 311 452 65 750 399 196 199 1144 1091 147
cat_boundaries=0 1 2
cat_threshold=2260 966
is_linear=0
shrinkage=0.01


Tree=320
num_leaves=28
num_cat=4
split_feature=14 10 33 28 0 10 3 18 11 20 29 7 0 0 7 13 33 21 31 17 10 13 20 15 31 22 11
split_gain=0.584252 0.754684 0.572966 0.572132 0.89612 0.637215 0.366482 0.363996 0.477525 0.281094 0.631932 0.233428 0.20041 0.172873 0.109979 0.100114 0.0959418 0.0933499 0.0829869 0.0805477 0.0673591 0.0875945 0.0539153 0.0207565 0.018863 0.012921 0.00969851
threshold=-0.72696319516528884 4966.2857142857147 1.0000000180025095e-35 25.675000000000004 0 4898.7142857142871 1 29.999999999999996 87.126751671413913 27.075000000000006 27.025000000000002 356.50000000000006 2 3 27.500000000000004 4936.3737063691979 96.950000000000031 4500.5000000000009 1.4500000000000002 0.99530134160901229 4125.2142857142871 6075.706759695543 26.417857142857148 0.52583933546504591 29.650000000000002 4750.5000000000009 223.73927210996467
decision_type=2 2 2 2 9 2 1 2 2 2 2 2 9 9 2 2 2 2 2 2 2 2 2 2 2 2 2
left_child=3 2 -2 20 9 7 11 8 -6 26 -11 13 16 -4 17 -16 23 -8 -9 24 -1 -22 -7 -3 25 -14 -5
right_child=1 12 6 4 5 22 14 18 -10 10 -12 -13 19 -15 15 -17 -18 -19 -20 -21 21 -23 -24 -25 -26 -27 -28
leaf_value=-0.019632181761030067 -0.16137795171716476 0.17013366752831058 0.016831653810821565 0.58120126464933441 -0.24884835364062191 -0.070372318879497728 0.20914321065322136 -0.0012463972403985268 -0.24078142490673465 -0.02657816153687715 0.020185187603709007 -0.024915467542817066 1.7744122286231132 -0.0081559755529583972 0.01698966889264434 0.25491384301693409 -0.36158585209115701 -0.14353124121805941 0.034556885466670392 1.7264267918558511 0.83741767791710831 0.15312949223194625 -0.62794323063920909 1.784751498362753 3.6674649099653727 2.2991616330294686 0.94084421509882443
leaf_weight=30 46 39 622 158 43 30 38 45 94 30 47 39 33 242 86 446 30 30 63 41 198 31 46 50 30 1051 30
leaf_count=30 46 39 622 158 43 30 38 45 94 30 47 39 33 242 86 446 30 30 63 41 198 31 46 50 30 1051 30
internal_value=0.00015372 0.000223619 6.74194e-05 -6.79669e-05 -0.000250426 -0.000600904 0.00010738 -0.000315041 -0.000663043 0.000153986 -0.000275641 -9.40264e-06 0.00040549 1.38728e-05 0.000299501 0.000348968 0 0 3.66973e-05 0.000443825 0.000305769 0.000367391 -0.00145455 0.000161111 0.000463677 0.000471889 0.000391534
internal_weight=3668 2823 1549 845 586 321 1503 245 137 265 77 903 1274 864 600 532 119 68 108 1155 259 229 76 89 1114 1084 188
internal_count=3668 2823 1549 845 586 321 1503 245 137 265 77 903 1274 864 600 532 119 68 108 1155 259 229 76 89 1114 1084 188
cat_boundaries=0 1 2 3 4
cat_threshold=802 2 2064 108
is_linear=0
shrinkage=0.01


Tree=321
num_leaves=31
num_cat=4
split_feature=19 0 16 15 17 13 33 22 15 34 16 14 13 12 24 14 0 15 18 0 23 22 17 12 31 0 30 31 32 14
split_gain=0.664228 0.627001 0.64963 0.960038 1.28697 0.504778 0.695094 0.46628 0.469369 0.605015 0.354526 0.613646 0.919283 0.246929 0.321044 0.230959 0.233107 0.298361 0.202307 0.190228 0.246456 0.218951 0.360569 0.148136 0.140782 0.132812 0.107554 0.0973349 0.0913006 0.0725587
threshold=93.350000000000037 0 -0.56457669118955289 -0.70289845916694649 -0.60383963676313723 5353.996859352791 1.0000000180025095e-35 4499.0000000000009 -0.056951011027366626 3.7550000000000003 -0.28622501271271089 -0.0053757284505435614 5241.1237346003254 4305.3500000000013 4310.5000000000009 -0.84315017450793706 1 -0.18493013702746822 15.299999999999992 2 5152.0000000000009 4561.0000000000009 -0.050510150083665391 5233.0500000000002 10.150000000000002 3 23.725000000000005 32.150000000000006 31.300000000000008 -0.61237985104942771
decision_type=2 9 2 2 2 2 2 2 2 2 2 2 2 2 2 2 9 2 2 9 2 2 2 2 2 9 2 2 2 2
left_child=5 2 29 -4 23 6 -1 8 13 -10 26 12 -12 -3 -15 16 17 -9 -11 20 21 -7 -23 -5 -18 -13 -8 -17 -22 -2
right_child=1 7 3 4 -6 19 10 15 9 18 11 25 -14 14 -16 27 24 -19 -20 -21 28 22 -24 -25 -26 -27 -28 -29 -30 -31
leaf_value=-0.27258155388458039 0.67079762360438711 0.28807646729380709 1.5028505111447339 -0.50169233149428083 -1.4705736414917236 0.3482798034377757 0.022215091417828656 -0.18545490292924779 -0.018255092946397135 0.00029626782593012753 -6.868204406430545e-06 0.11040771759479615 -0.6477011185947581 -0.073936825707595383 0.32669437143572549 1.4735550560353798 0.88712128544743152 0.050599296884841001 -0.24519652272552492 0.92875168783136053 3.3277264731210883 -0.16851917242664319 0.07796041894199511 0.5109035760974493 -0.11089598542735431 -0.0076631046851029904 0.26090433453820283 1.1736022928245693 -0.65206258563420261 -0.0025505202183563171
leaf_weight=31 61 145 38 30 46 80 49 38 34 105 57 109 34 30 43 324 139 67 37 1041 226 67 122 33 31 238 320 32 31 30
leaf_count=31 61 145 38 30 46 80 49 38 34 105 57 109 34 30 43 324 139 67 37 1041 226 67 122 33 31 238 320 32 31 30
internal_value=0.000148269 -3.04588e-05 -0.000485944 -0.000922297 -0.00141364 0.000246259 3.4565e-05 6.99807e-05 -0.00018481 -0.000576271 0.000103342 -7.0615e-05 -0.000809783 8.6758e-05 -0.000317568 0.000246044 0 -0.000323276 -0.000202797 0.000352997 0.000154562 -2.03704e-05 -0.000239474 -0.000289062 0.000248619 9.62644e-05 0.000336486 0.000414566 0.000381783 5.97826e-05
internal_weight=3668 1263 238 147 109 2405 838 1025 394 176 807 438 91 218 73 631 275 105 142 1567 526 269 189 63 170 347 369 356 257 91
internal_count=3668 1263 238 147 109 2405 838 1025 394 176 807 438 91 218 73 631 275 105 142 1567 526 269 189 63 170 347 369 356 257 91
cat_boundaries=0 1 2 3 4
cat_threshold=2180 88 2076 582
is_linear=0
shrinkage=0.01


Tree=322
num_leaves=29
num_cat=1
split_feature=33 10 25 15 34 21 33 12 16 3 33 16 18 34 26 23 23 29 13 21 32 16 7 7 13 15 34 7
split_gain=0.6245 0.501204 0.344792 0.48827 1.19665 0.431008 0.513713 0.400953 0.606955 0.34454 0.605935 0.250209 0.246245 0.233928 0.21725 0.190983 0.380616 0.190617 0.182214 0.20306 0.175958 0.147898 0.104734 0.0491653 0.0427443 0.0155652 0.00505011 0.00406956
threshold=88.950000000000003 4966.2857142857147 4561.0000000000009 -0.056951011027366626 3.7450000000000006 6127.5000000000009 137.40000000000003 4305.3500000000013 0.57075747273004163 0 0.19999999999999826 -0.67803021058859214 72.65000000000002 3.4550000000000005 22.525000000000002 4149.5000000000009 4373.5000000000009 22.425000000000004 5530.5529162224602 4741.0000000000009 38.100000000000016 0.96231527631374336 341.50000000000006 330.50000000000006 5659.5397912963717 0.9989598388634241 3.8550000000000004 218.50000000000003
decision_type=2 2 2 2 2 2 2 2 2 1 2 2 2 2 2 2 2 2 2 2 2 2 2 2 2 2 2 2
left_child=1 9 3 7 -5 17 -7 27 -9 10 -1 24 -8 -13 22 -6 -17 -4 19 -19 25 -20 -11 26 -12 -3 -16 -2
right_child=2 20 5 4 15 6 12 8 -10 14 11 13 -14 -15 23 16 -18 18 21 -21 -22 -23 -24 -25 -26 -27 -28 -29
leaf_value=-0.33281479529861385 0.43390003330976629 2.0210777574079555 -1.4901931023564714 -0.026971609330765201 0.26896310042164023 8.1010120013335918 -0.24959763763895404 0.52888559379724098 -0.34245136357332884 -0.052673430541246014 0.31435736106294504 -0.069662766881467525 -0.010435666808879774 0.0031966914418949961 0.0077708165132668559 -0.98544137503879248 0.00045765658291337124 0.014984349862825907 0.94384286571838849 -0.13083945076731776 -0.47347962025056933 -0.25270969199865645 0.23170666058001968 0.044208456657015074 0.7443492613897239 2.008859765522637 0.22162776564749556 0.3715389845786547
leaf_weight=41 31 948 30 35 43 38 30 46 34 56 193 87 33 439 35 50 69 125 502 58 37 58 38 50 44 31 366 121
leaf_count=41 31 948 30 35 43 38 30 46 34 56 193 87 33 439 35 50 69 125 502 58 37 58 38 50 44 31 366 121
internal_value=0.000161897 0.000258876 -6.51839e-06 -0.000245349 -0.000613636 9.94286e-05 -0.000485294 2.57511e-05 -0.000493827 0.000121852 0 5.43194e-05 -0.00107031 -5.12334e-05 0.000315934 -0.000177914 -0.000420833 0.000189276 0.000230511 0 0.000430678 0.000320856 -3.15789e-05 0.000410398 0.000329832 0.000458673 0.000449005 0.000366013
internal_weight=3668 2365 1303 429 197 874 101 232 80 1349 804 763 63 526 545 162 119 773 743 183 1016 560 94 451 237 979 401 152
internal_count=3668 2365 1303 429 197 874 101 232 80 1349 804 763 63 526 545 162 119 773 743 183 1016 560 94 451 237 979 401 152
cat_boundaries=0 1
cat_threshold=2
is_linear=0
shrinkage=0.01


Tree=323
num_leaves=31
num_cat=2
split_feature=33 10 0 12 13 0 19 33 15 16 22 23 26 20 23 26 26 15 12 10 10 29 26 10 32 11 16 26 15 12
split_gain=0.624526 0.677735 0.517005 0.616258 0.865642 0.462767 0.629563 0.465874 0.457967 0.974317 1.19028 0.58525 0.528955 0.234064 0.216244 0.198306 0.174031 0.16135 0.149906 0.263654 0.129785 0.125625 0.114071 0.0978576 0.0859044 0.0775089 0.032988 0.0246762 0.0158871 0.0157812
threshold=119.15000000000001 4966.2857142857147 0 4701.5000000000009 5469.7223678256951 1 152.85000000000002 137.40000000000003 -0.7614016681079937 0.19336742136696447 4725.5000000000009 4350.5000000000009 26.875000000000004 21.821428571428577 3884.0000000000005 22.525000000000002 28.625000000000004 0.94909129669788206 4257.7166666666681 4043.0714285714289 5161.5714285714294 27.775000000000002 25.225000000000005 4918.357142857144 38.100000000000016 360.36687580788879 -0.098750666093870385 21.325000000000006 0.9989598388634241 4430.9833333333345
decision_type=2 2 9 2 2 9 2 2 2 2 2 2 2 2 2 2 2 2 2 2 2 2 2 2 2 2 2 2 2 2
left_child=1 2 15 13 -5 6 7 29 -7 11 -11 -10 -12 -4 -15 17 -6 -1 19 -17 -13 22 -8 -20 28 -24 -26 -19 -3 -2
right_child=5 24 3 4 16 8 21 -9 9 10 12 20 -14 14 -16 18 -18 27 23 -21 -22 -23 25 -25 26 -27 -28 -29 -30 -31
leaf_value=-0.085460330658587616 -0.048011845402165132 2.0251978262987693 -0.0021441023801395758 -0.3297978174879595 -0.12232655868219734 1.7096829918612246 -0.012810761383286469 -0.16326423450802444 -0.47490970749937889 0.11690710141189378 -1.0464727744641165 0.523388892982248 -0.22300151769699575 -0.15691923567560179 0.05667019853399155 0.08936335733582991 0.9030927938354667 0.005901086385648258 0.32963450756475737 -0.89173383588874255 -0.032228307223983323 -0.15582083239493133 0.5226556304835992 0.026588391772906474 8.4586486565741623 0.33959111462585151 -0.83593016086082828 0.54781784558752489 1.988771167867406 0.4711760065568798
leaf_weight=34 31 998 33 35 92 88 44 43 55 47 33 125 44 56 467 100 56 33 506 32 32 31 404 32 42 35 32 46 31 31
leaf_count=34 31 998 33 35 92 88 44 43 55 47 33 125 44 56 467 100 56 33 506 32 32 31 404 32 42 35 32 46 31 31
internal_value=0.000161897 0.000244669 9.91464e-05 -8.06667e-05 -0.000589674 -3.68774e-05 0.00012619 -0.000542453 -0.000294253 -0.000480712 -0.001184 -1.87793e-05 -0.00194231 6.82226e-05 0.00013645 0.000278967 -0.000174497 -3.07017e-05 0.000350224 0 0.000243671 0.000285437 0.000333678 0.000424861 0.000436141 0.000385227 0 0.00011875 0.00046068 0
internal_weight=3668 2625 1522 739 183 1043 619 105 424 336 124 212 77 556 523 783 148 113 670 132 157 514 483 538 1103 439 74 79 1029 62
internal_count=3668 2625 1522 739 183 1043 619 105 424 336 124 212 77 556 523 783 148 113 670 132 157 514 483 538 1103 439 74 79 1029 62
cat_boundaries=0 1 2
cat_threshold=167 810
is_linear=0
shrinkage=0.01


Tree=324
num_leaves=25
num_cat=3
split_feature=14 10 28 21 28 0 13 30 30 16 0 19 20 7 30 0 11 17 19 23 31 12 15 30
split_gain=0.65352 0.599372 0.536161 0.833551 0.50619 0.375617 0.841547 0.2464 0.260717 0.268625 0.193825 0.339664 0.200532 0.186382 0.1261 0.116577 0.101026 0.0807024 0.0339299 0.0189206 0.0204546 0.011812 0.00572576 0.00881257
threshold=-0.72696319516528884 4951.7857142857147 25.675000000000004 6053.0000000000009 28.075000000000006 0 5261.066369501912 28.875000000000004 27.375000000000004 -0.13292143739675699 1 233.55000000000004 27.075000000000006 61.500000000000007 27.575000000000006 2 59.683291091674811 0.99530134160901229 38.750000000000007 4698.5000000000009 29.650000000000002 4261.6166666666677 -0.99818570902816506 35.250000000000007
decision_type=2 2 2 2 2 9 2 2 2 2 9 2 2 2 2 9 2 2 2 2 2 2 2 2
left_child=2 5 14 4 10 6 16 8 13 -10 12 -12 -4 -7 21 18 -2 19 -3 -17 -21 -1 -9 -24
right_child=1 15 3 -5 -6 7 -8 22 9 -11 11 -13 -14 -15 -16 17 -18 -19 -20 20 -22 -23 23 -25
leaf_value=0.1167252908354105 -0.030775708281815587 0.62696824980304722 0.52468782827047411 -0.18736953070321311 -0.22691395083189789 -0.0013903598205333742 -0.92040615969732398 0.27495889455793032 -0.30983110401751252 -0.016897943819943657 0.0029606168119205175 -0.2100465978139367 -0.0079541206388112316 0.078847363517485392 -0.14901794825902279 3.2223098003928969 0.27021420379461075 1.6684066094454566 -0.33873782341177333 2.1336380416880529 3.5991000181705908 1.0935644598601921 0.4552146840767865 0.44224284987252654
leaf_weight=30 38 69 177 50 33 331 36 31 30 122 172 79 75 546 38 30 62 41 51 1065 30 191 310 31
leaf_count=30 38 69 177 50 33 331 36 31 30 122 172 79 75 546 38 30 62 41 51 1065 30 191 310 31
internal_value=0.00017825 0.000251948 -5.61466e-05 -0.00023339 -9.68343e-05 0.000109558 -0.000353741 0.000163244 7.23301e-05 -0.000287582 0 -0.000208015 0.000174905 0.000146355 0.000305769 0.000414141 1.18029e-11 0.00044435 1.10906e-11 0.000464032 0.000472172 0.000407658 0.000391421 0.000410819
internal_weight=3668 2823 845 586 536 1537 136 1401 1029 152 503 251 252 877 259 1286 100 1166 120 1125 1095 221 372 341
internal_count=3668 2823 845 586 536 1537 136 1401 1029 152 503 251 252 877 259 1286 100 1166 120 1125 1095 221 372 341
cat_boundaries=0 1 2 3
cat_threshold=2304 2850 2064
is_linear=0
shrinkage=0.01


Tree=325
num_leaves=24
num_cat=1
split_feature=10 14 31 23 26 29 10 7 14 14 7 24 18 0 26 24 22 12 33 13 7 32 16
split_gain=0.884343 0.957247 0.410078 0.509962 0.312133 0.864159 1.32571 0.320608 0.356003 0.30177 0.235836 0.215919 0.204026 0.15697 0.0976825 0.093099 0.0476029 0.0311379 0.0307184 0.020491 0.0178521 0.0167193 0.00226569
threshold=4951.7857142857147 -0.71504373327588355 0.8500000000000002 5913.5000000000009 29.075000000000006 29.125000000000004 4758.2142857142871 55.500000000000007 -0.94705910369513524 0.76696112484652035 207.50000000000003 4650.5000000000009 60.149999999999999 0 24.125000000000004 4612.0000000000009 4300.5000000000009 4305.3500000000013 114.05000000000003 5324.9237913789011 361.50000000000006 148.90000000000001 -0.97288670536264454
decision_type=2 2 2 2 2 2 2 2 2 2 2 2 2 9 2 2 2 2 2 2 2 2 2
left_child=4 2 -2 -4 5 7 19 9 11 14 16 -9 -5 -10 -1 18 17 -6 -3 -7 21 -17 -18
right_child=1 15 3 12 10 6 -8 8 13 -11 -12 -13 -14 -15 -16 20 22 -19 -20 -21 -22 -23 -24
leaf_value=0.0033700472731762643 1.7644646491934202 2.4782799061816605 -0.4066976800378137 -0.14583203540291645 0.52015163836908296 -0.08214242103005974 -0.52155987714029883 -0.025301631770794218 0.20881453171629891 -0.3750157175158863 -0.19541109103143281 0.37715249801911233 1.3025971931599856 0.0057168130963120125 -0.088703333260629388 2.1829267507121317 0.64212403303740828 -0.013346720223177651 -1.47261441086435 0.26519627585402228 1.9221517045244545 0.82182742663885988 0.558504533349232
leaf_weight=222 63 40 35 31 43 30 43 156 370 36 33 146 38 675 90 1153 35 36 31 33 30 31 252
leaf_count=222 63 40 35 31 43 30 43 156 370 36 33 146 38 675 90 1153 35 36 31 33 30 31 252
internal_value=0.000149466 0.000341363 -0.00033631 -0.000742857 1.81736e-05 -3.30189e-05 -0.000906542 1.62146e-05 9.16172e-05 -0.000246418 0.00027375 -0.000194719 -7.85714e-05 0.000184034 -0.000108626 0.000437403 0.000362398 0 0 0 0.000458436 0.000465823 0.000428819
internal_weight=3652 1452 167 104 2200 1801 106 1695 1347 348 399 302 69 1045 312 1285 366 79 71 63 1214 1184 287
internal_count=3652 1452 167 104 2200 1801 106 1695 1347 348 399 302 69 1045 312 1285 366 79 71 63 1214 1184 287
cat_boundaries=0 1
cat_threshold=259
is_linear=0
shrinkage=0.01


Tree=326
num_leaves=26
num_cat=2
split_feature=10 14 31 7 0 10 34 26 7 7 14 19 24 13 21 11 0 22 34 34 24 14 7 14 7
split_gain=0.846378 0.938128 0.410078 0.464708 0.334973 0.332657 0.829606 0.746928 0.864856 0.28075 0.336476 0.241748 0.218208 0.200702 0.211297 0.183435 0.230574 0.0984158 0.091213 0.0520479 0.0466308 0.0295852 0.0177729 0.0166528 0.0152304
threshold=4951.7857142857147 -0.71504373327588355 0.8500000000000002 240.50000000000003 0 4792.9285714285725 5.535000000000001 29.025000000000002 100.50000000000001 55.500000000000007 -0.99697703579879204 254.00000000000003 4535.5000000000009 5198.4042208352021 4050.5000000000005 40.868546527430574 1 4701.0000000000009 3.8750000000000004 3.0100000000000002 4612.0000000000009 -0.94705910369513524 361.50000000000006 -0.62588817255938378 52.500000000000007
decision_type=2 2 2 2 9 2 2 2 2 2 2 2 2 2 2 2 9 2 2 2 2 2 2 2 2
left_child=4 2 -2 -4 13 9 11 8 -8 15 -11 18 -12 14 -1 -6 -17 -3 -7 -15 -19 -5 23 -22 -21
right_child=1 17 3 21 5 6 7 -9 -10 10 12 -13 -14 19 -16 16 -18 20 -20 24 22 -23 -24 -25 -26
leaf_value=0.024542545832952043 1.7468200027014849 0.22071794289383614 -0.38016844656034099 -0.12339767628174697 -0.19537825156203109 0.0033281042080808378 -0.078629658327541707 0.31536703860516685 -0.59413639282241293 -0.18163427091247411 0.0015868797561667809 -0.040281217187025646 0.26020633320047409 0.32097392515892553 -0.013969397999319131 0.022158665133363217 -0.529400630061586 1.3480571212239501 1.2172604503538 0.40199981987189909 1.5980829161839116 0.72965477920456834 1.9029301874792108 2.1802766016679764 0.88326881118407996
leaf_weight=58 63 31 36 37 32 42 30 30 31 50 745 32 446 46 30 113 111 54 100 30 31 31 30 1139 274
leaf_count=58 63 31 36 37 32 42 30 30 31 50 745 32 446 46 30 113 111 54 100 30 31 31 30 1139 274
internal_value=0.000146729 0.00033448 -0.00033631 -0.000742857 1.81736e-05 -3.89171e-05 -0.000366541 -0.00113587 -0.00176613 1.23498e-05 8.09179e-05 0 0.000122064 0.000265033 -6.74157e-05 -0.000280156 -0.000124444 0.000429627 0.000216783 0.000384615 0.000443825 -8.69565e-05 0.000457952 0.000465414 0.000432787
internal_weight=3652 1452 167 104 2200 1762 265 91 61 1497 1241 174 1191 438 88 256 224 1285 142 350 1254 68 1200 1170 304
internal_count=3652 1452 167 104 2200 1762 265 91 61 1497 1241 174 1191 438 88 256 224 1285 142 350 1254 68 1200 1170 304
cat_boundaries=0 1 2
cat_threshold=2 929
is_linear=0
shrinkage=0.01


Tree=327
num_leaves=26
num_cat=2
split_feature=21 0 13 33 22 14 33 25 25 14 20 13 14 19 13 28 34 19 13 0 32 26 19 19 16
split_gain=0.76803 0.529439 0.402058 0.358764 0.639053 0.330083 0.314294 0.799165 0.297756 0.285428 0.428452 0.284464 0.198803 0.205795 0.332002 0.302841 0.185491 0.180144 0.118371 0.115002 0.0931668 0.0711264 0.0576258 0.0184504 0.0165841
threshold=5600.5000000000009 0 5562.1626273296615 175.75000000000003 5197.5000000000009 -0.63255557784149707 201.55000000000004 4561.0000000000009 6700.5000000000009 -0.861146256326485 27.060714285714287 5530.5529162224602 0.14250626876356556 5.0999999999999988 5122.3147676771905 32.150000000000006 3.0100000000000002 5.0999999999999988 5208.4806853582568 1 60.149999999999999 27.175000000000008 156.50000000000003 139.75000000000003 -0.98946429056429952
decision_type=2 9 2 2 2 2 2 2 2 2 2 2 2 2 2 2 2 2 2 9 2 2 2 2 2
left_child=1 2 9 12 6 8 7 -5 22 10 23 16 17 15 -15 -14 -11 -3 -8 -19 24 -12 -2 -1 -4
right_child=5 3 20 4 -6 -7 18 -9 -10 11 21 -13 13 14 -16 -17 -18 19 -20 -21 -22 -23 -24 -25 -26
leaf_value=-0.01407123914753651 0.16788730639679955 -0.070279497985327205 1.2164762383047549 -0.43250075814930661 -0.58416117215428076 8.4917808700553099 0.22525135106085689 0.026814677214315269 -0.19208145389812858 -0.024757056098168771 -0.40871519455853916 -0.29153373052821602 0.080618511088660458 -0.52405127167460219 -0.010053626409909729 -0.40295584682755781 0.079071322727911425 0.0019325095721606596 -0.0075267341153610065 0.24660805764261218 7.0788252720808135e-05 -0.0085149277527293479 0.72385195249122392 0.78961446824430404 0.98557023508916919
leaf_weight=30 30 44 31 33 30 794 73 40 39 53 30 34 201 91 208 31 516 200 108 369 34 30 85 38 480
leaf_count=30 30 44 31 33 30 794 73 40 39 53 30 34 201 91 208 31 516 200 108 369 34 30 85 38 480
internal_value=0.000157679 6.72828e-05 0.000216006 -5.97637e-05 -0.000378947 0.000404636 -0.000168627 -0.000722973 0 4.84973e-05 -0.000356589 0.00015149 1.04804e-05 -0.000121241 -0.000301667 6.86695e-05 0.000218421 0.000140879 2.74727e-06 0.000200877 0.000425824 -0.000983607 0.000237069 5.7971e-05 0.000459961
internal_weight=3652 2704 1276 1428 284 948 254 73 154 731 128 603 1144 531 299 232 569 613 181 569 545 60 115 68 511
internal_count=3652 2704 1276 1428 284 948 254 73 154 731 128 603 1144 531 299 232 569 613 181 569 545 60 115 68 511
cat_boundaries=0 1 2
cat_threshold=226 2568
is_linear=0
shrinkage=0.01


Tree=328
num_leaves=29
num_cat=2
split_feature=10 14 0 31 23 22 19 29 25 25 20 24 31 0 12 11 14 27 33 22 30 11 24 12 14 33 11 28
split_gain=0.733293 0.809234 0.351931 0.33234 0.644688 0.223404 0.387587 0.759615 0.317654 0.53452 0.529062 0.310143 0.286171 0.155709 0.146664 0.12952 0.121837 0.155013 0.123655 0.0984158 0.0902048 0.0513454 0.0466308 0.0190132 0.0152848 0.0143517 0.0131567 0.00806451
threshold=4951.7857142857147 -0.71504373327588355 0 0.8500000000000002 5913.5000000000009 4698.5000000000009 10.250000000000002 29.025000000000002 4411.0000000000009 4350.5000000000009 26.489285714285717 4550.5000000000009 11.450000000000001 1 3978.7833333333338 55.618810875868256 -0.89785546691630314 0.15000000000000005 0.19999999999999826 4701.0000000000009 23.525000000000002 577.98886992210021 4612.0000000000009 4637.7500000000009 -0.62588817255938378 338.65000000000003 39.639283881198232 24.875000000000004
decision_type=2 2 9 2 2 2 2 2 2 2 2 2 2 9 2 2 2 2 2 2 2 2 2 2 2 2 2 2
left_child=2 3 16 -2 -5 8 7 27 9 14 -11 -8 -13 15 -4 -10 17 -1 -18 -3 23 -6 -21 -20 -24 -22 -15 -7
right_child=1 19 5 4 21 6 11 -9 13 10 -12 12 -14 26 -16 -17 18 -19 20 22 25 -23 24 -25 -26 -27 -28 -29
leaf_value=-0.052939897042514943 1.7230292169790531 0.21766166434795828 -0.05019822381080441 -0.39573196517740189 1.3574560116133054 0.088687932493280927 -0.13807438337444614 -0.48066386099128577 -0.1921191023259792 -0.1614386471676604 -0.039302476113137613 0.1086939734840961 -0.11914253043141841 0.20727265301560976 0.0098180106182057265 0.017949450158444485 -0.0039492326070783576 0.47800731662465767 -0.0045251798283350046 1.3340977740712197 0.44259688691650456 -0.12373889144114181 1.5780874707901023 0.78141753764535871 2.1472880386612356 0.25717338860173761 0.20412700299375602 -0.025292725916153353
leaf_weight=37 63 31 126 35 33 31 34 30 42 46 34 259 42 30 421 248 37 71 60 54 336 36 31 37 1169 31 218 30
leaf_count=37 63 31 126 35 33 31 34 30 42 46 34 259 42 30 421 248 37 71 60 54 336 36 31 37 1169 31 218 30
internal_value=0.000165891 0.000341363 4.54339e-05 -0.000276786 -0.000647619 -2.77778e-05 -0.000227166 -0.000809783 3.64494e-05 -0.000105892 -0.000864198 -3.72024e-05 3.47682e-05 0.000220779 0 1.66113e-05 0.000249194 0 0.000319721 0.000429627 0.000369892 0 0.000443825 0 0.000457952 0.000444293 0.000401544 0
internal_weight=3652 1452 2200 167 104 1591 426 91 1165 627 80 335 301 538 547 290 609 108 501 1285 464 69 1254 97 1200 367 248 61
internal_count=3652 1452 2200 167 104 1591 426 91 1165 627 80 335 301 538 547 290 609 108 501 1285 464 69 1254 97 1200 367 248 61
cat_boundaries=0 1 2
cat_threshold=66 2828
is_linear=0
shrinkage=0.01


Tree=329
num_leaves=28
num_cat=1
split_feature=10 33 12 21 0 22 25 25 24 32 19 16 29 10 18 16 16 26 10 29 21 24 7 16 16 7 24
split_gain=0.870247 0.640821 0.63862 0.365463 0.312576 0.371269 0.466733 0.51733 0.35872 0.552674 0.446329 0.547723 0.436484 0.329315 0.268247 0.231098 0.171522 0.161733 0.119952 0.0812934 0.0679232 0.0705023 0.0174876 0.0164128 0.00962412 0.00888979 0.0134623
threshold=4951.7857142857147 137.40000000000003 5645.5000000000009 6127.5000000000009 0 4698.5000000000009 4411.0000000000009 4350.5000000000009 4686.0000000000009 23.249999999999993 10.250000000000002 0.32612888491727243 25.925000000000008 4264.7857142857147 72.950000000000017 0.90159200968320541 0.98091558679606194 25.725000000000005 4317.5714285714303 31.475000000000005 4287.5000000000009 4000.5000000000005 361.50000000000006 0.99758684199993486 0.97109394436505758 76.500000000000014 4925.5000000000009
decision_type=2 2 2 2 9 2 2 2 2 2 2 2 2 2 2 2 2 2 2 2 2 2 2 2 2 2 2
left_child=4 22 -3 24 18 6 7 17 9 -7 12 -12 -10 -9 -5 19 -17 -6 20 -8 21 -1 23 -2 -4 -20 -27
right_child=1 2 3 14 5 8 15 13 10 -11 11 -13 -14 -15 -16 16 -18 -19 25 -21 -22 -23 -24 -25 -26 26 -28
leaf_value=-0.0072138179700863949 2.0701026415156689 -1.4821459106911254 2.9772991679328227 -0.22341430710196228 -0.0042040546692031335 -0.16153373616619895 0.15775358861821506 -0.13509417941848942 0.92272006696205622 0.042199140283727579 0.68338487650916735 -0.10170593591975788 -0.40600895814688398 -0.042255399839800527 0.6880113002300482 -0.54135846779042762 0.044770458995526605 0.015774606563248045 0.39522231084722459 0.013473528015394922 -0.0088507650835923848 0.37770380739518433 1.8617048061288721 0.90775355519552892 1.1132854997325108 1.006318061385036 0.75270003647415562
leaf_weight=42 1091 50 157 30 239 55 463 49 36 43 216 83 65 31 33 43 31 348 30 60 36 75 30 31 30 225 30
leaf_count=42 1091 50 157 30 239 55 463 49 36 43 216 83 65 31 33 43 31 348 30 60 36 75 30 31 30 225 30
internal_value=0.000157679 0.000348245 -3.32226e-05 0.000139442 2.72603e-05 -2.76368e-05 5.6917e-05 -0.000114521 -0.000262525 -0.000818182 -9.97506e-05 6.5e-05 -0.000681373 -0.000864198 -0.000445312 0.00026505 -0.000173333 0 0.000265033 0.000346374 0 0.00015678 0.000456201 0.000463936 0.000390957 0.000393357 0.000419922
internal_weight=3652 1452 300 250 2200 1762 1264 667 498 98 400 299 101 80 63 597 74 587 438 523 153 117 1152 1122 187 285 255
internal_count=3652 1452 300 250 2200 1762 1264 667 498 98 400 299 101 80 63 597 74 587 438 523 153 117 1152 1122 187 285 255
cat_boundaries=0 1
cat_threshold=2
is_linear=0
shrinkage=0.01


Tree=330
num_leaves=26
num_cat=2
split_feature=10 33 0 25 13 23 33 14 14 32 25 20 0 20 15 14 31 10 17 11 17 11 25 10 16
split_gain=0.614379 0.78351 0.509557 0.654759 0.305037 0.478738 0.740265 0.267458 0.243484 0.300864 0.231161 0.370221 0.187497 0.711132 0.268037 0.17831 0.422824 0.113668 0.11467 0.0597292 0.0528531 0.0365189 0.0161805 0.00779035 0.00462855
threshold=4966.2857142857147 137.40000000000003 0 6700.5000000000009 5426.5379704301085 4776.0000000000009 59.40000000000002 0.78325454425165997 0.75014288946266361 0.44999999999999296 6123.0000000000009 26.417857142857148 1 27.075000000000006 -0.056951011027366626 -0.94705910369513524 10.150000000000002 4619.1428571428578 0.7912140244565844 88.772710958061552 0.99530134160901229 95.522620306461292 7377.5000000000009 3904.3571428571436 0.95239763423914636
decision_type=2 2 9 2 2 2 2 2 2 2 2 2 9 2 2 2 2 2 2 2 2 2 2 2 2
left_child=4 20 24 10 5 7 -7 12 15 -10 11 -4 14 -14 -1 16 19 18 -17 -6 22 -11 -2 -9 -3
right_child=1 2 3 -5 8 6 -8 23 9 21 -12 -13 13 -15 -16 17 -18 -19 -20 -21 -22 -23 -24 -25 -26
leaf_value=0.24543303612469625 1.8876528619827813 2.5358685560769141 1.1266815383177193 -0.59933400693209049 0.22299703973385204 -0.23768736380585548 0.1970798947406458 0.00096978773561617675 -0.37801639362122536 0.46847067196125691 0.77001742017203001 -0.63389240176610329 0.0011153137861349006 -0.22728257298612864 -0.0038977874023377263 0.77391302845111443 -0.14235258794754002 0.83890016641589837 -0.049605949754567773 0.41671667064755058 1.9028662505545597 -0.0062007585593855941 5.1976821620895048 0.29080312756413429 3.1050861706043267
leaf_weight=276 1048 106 53 36 30 32 33 30 56 55 56 42 262 83 461 139 32 370 58 89 52 30 31 135 30
leaf_count=276 1048 106 53 36 30 32 33 30 56 55 56 42 262 83 461 139 32 370 58 89 52 30 31 135 30
internal_value=0.000160645 0.000320962 -8.79629e-05 -0.000436869 4.85728e-05 -4.11272e-05 -0.000871212 0 0.000197093 -0.000137324 -9.53947e-05 -0.000442708 -5.44783e-05 -0.000245787 2.47326e-05 0.000276773 0 0.000358275 9.34344e-05 0.000245833 0.000446555 0.000145349 0.0004625 0.000376506 0.000326531
internal_weight=3625 1454 323 187 2171 1312 65 1247 859 141 151 95 1082 345 737 718 151 567 197 119 1131 85 1079 165 136
internal_count=3625 1454 323 187 2171 1312 65 1247 859 141 151 95 1082 345 737 718 151 567 197 119 1131 85 1079 165 136
cat_boundaries=0 1 2
cat_threshold=290 922
is_linear=0
shrinkage=0.01


Tree=331
num_leaves=27
num_cat=1
split_feature=10 33 0 25 12 13 23 33 14 14 32 20 26 15 16 25 14 12 27 14 14 25 15 10 15 12
split_gain=0.659946 0.78351 0.509557 0.654759 0.323048 0.293356 0.469751 0.740265 0.279277 0.227776 0.300864 0.186135 0.654211 0.286585 0.179971 0.221428 0.467272 0.171452 0.0962216 0.0365189 0.0136578 0.0108497 0.00968845 0.00779035 0.00614151 0.00462855
threshold=4966.2857142857147 137.40000000000003 0 6700.5000000000009 5613.7833333333338 5426.5379704301085 4776.0000000000009 59.40000000000002 0.78325454425165997 0.75014288946266361 0.44999999999999296 27.060714285714287 26.725000000000005 -0.056951011027366626 -0.40614512594453095 5400.5000000000009 -0.98664820696349753 4668.0500000000011 10.700000000000001 0.8697513045430848 0.62587949062545845 7377.5000000000009 0.9989598388634241 3904.3571428571436 -0.9955251950901236 6134.166666666667
decision_type=2 2 9 2 2 2 2 2 2 2 2 2 2 2 2 2 2 2 2 2 2 2 2 2 2 2
left_child=5 21 25 4 -4 6 8 -8 11 14 -11 13 -13 -1 20 17 -17 -16 -6 -12 -7 22 24 -10 -2 -3
right_child=1 2 3 -5 18 9 7 -9 23 10 19 12 -14 -15 15 16 -18 -19 -20 -21 -22 -23 -24 -25 -26 -27
leaf_value=0.22609545381982143 7.8240064745263851 2.642872076120057 -1.2486280160060594 -0.59334066686277331 1.0967440750015534 0.96085164635018006 -0.23531049016779659 0.19510909579324126 0.00096008985825805546 -0.37423622968501752 -0.0061387509737924296 -0.2600174652090731 -0.0021238824937139938 -0.0020769010832365187 -0.0051411275099336948 0.62801343658913744 -0.17020136137307049 0.60373212666173415 -0.09026127915290276 0.69964257906937222 0.68083199870393374 5.2760889250317042 1.9137268209309719 0.28789509628849652 1.8401441131427894 2.6781483867294367
leaf_weight=169 35 106 33 36 72 306 32 33 30 56 30 40 255 618 116 34 33 198 46 55 31 32 33 135 1031 30
leaf_count=169 35 106 33 36 72 306 32 33 30 56 30 40 255 618 116 34 33 198 46 55 31 32 33 135 1031 30
internal_value=0.00015513 0.000320962 -8.79629e-05 -0.000436869 -9.53947e-05 3.93647e-05 -4.87433e-05 -0.000871212 0 0.000185465 -0.000137324 -6.37119e-05 -0.000278716 4.44164e-06 0.000262865 7.98429e-05 -0.000389706 0.000212698 7.56303e-05 0.000145349 0.000439349 0.000446555 0.000454091 0.000376506 0.000462043 0.000326531
internal_weight=3625 1454 323 187 151 2171 1312 65 1247 859 141 1082 295 787 718 381 67 314 118 85 337 1131 1099 165 1066 136
internal_count=3625 1454 323 187 151 2171 1312 65 1247 859 141 1082 295 787 718 381 67 314 118 85 337 1131 1099 165 1066 136
cat_boundaries=0 1
cat_threshold=290
is_linear=0
shrinkage=0.01


Tree=332
num_leaves=30
num_cat=2
split_feature=10 33 21 23 12 0 33 17 20 34 10 18 31 15 31 14 12 7 11 0 23 23 5 18 17 10 11 10 28
split_gain=0.659946 0.680577 0.505845 0.649075 0.482577 0.187896 0.395797 0.372591 0.296447 0.486242 0.303326 0.243924 0.288994 0.174817 0.313621 0.307956 0.232885 0.139115 0.26693 0.112988 0.182532 0.207525 0.111364 0.0866496 0.0497066 0.0214808 0.00955276 0.00222917 0.00199107
threshold=4966.2857142857147 137.40000000000003 6127.5000000000009 7377.5000000000009 5613.7833333333338 0 245.85000000000002 0.92763104771667149 27.075000000000006 3.4350000000000005 4157.7857142857147 0.59999999999999476 0.95000000000000007 0.14888728888808328 1.0000000180025095e-35 -0.40614700388750385 4662.0333333333338 61.500000000000007 105.58677776524964 1 4349.5000000000009 4511.5000000000009 1.0000000180025095e-35 158.20000000000002 0.99530134160901229 4835.357142857144 783.43554587421056 4178.7142857142871 26.275000000000002
decision_type=2 2 2 2 2 9 2 2 2 2 2 2 2 2 2 2 2 2 2 9 2 2 2 2 2 2 2 2 2
left_child=5 24 4 -4 -3 13 7 8 10 -10 -7 -9 -13 19 17 16 -16 18 -15 25 27 -22 -19 -6 26 28 -2 -21 -1
right_child=1 2 3 -5 23 6 -8 11 9 -11 -12 12 -14 14 15 -17 -18 22 -20 20 21 -23 -24 -25 -26 -27 -28 -29 -30
leaf_value=0.23807458060527598 1.8735336281365389 -1.5192850916252518 -0.38300130223888706 0.22549173779093859 2.2707237790579136 -0.0015840388515506818 -0.10412439788110944 0.11276992680524987 -0.24937516538612139 -0.0040020382097675847 0.33716706165580873 -0.17630306241461088 -0.0010350568418608574 0.016379661203653084 -0.030036044121988292 0.073351298141505206 0.24424968143683842 -0.050499772515781388 -0.14650193070886736 0.16339991115746497 -0.12127272073737003 0.016291845391321585 0.12036972571109963 -0.034908031673306236 1.8647003198397105 0.20313007362858654 1.2758131032221509 0.54620027789551662 0.62889578307233329
leaf_weight=35 1046 49 34 32 178 141 38 33 32 226 374 40 41 186 43 56 30 61 37 30 37 74 266 30 52 58 33 89 244
leaf_count=35 1046 49 34 32 178 141 38 33 32 226 374 40 41 186 43 56 30 61 37 30 37 74 266 30 52 58 33 89 244
internal_value=0.00015513 0.000320962 -5.70988e-05 -0.000850746 0.000110465 3.93647e-05 -6.14316e-05 -7.31981e-06 6.00775e-05 -0.000196911 0.000208333 -0.000547826 -0.000847561 0.000121718 0 -0.000426923 -0.000858108 0.000117967 -3.79464e-05 0.000252641 2.07469e-05 -0.00021875 0.000254573 0.000354067 0.000437721 0.000369253 0.000453241 0.000329167 0.000426786
internal_weight=3625 1454 323 66 257 2171 925 887 773 258 515 114 81 1246 679 129 73 550 223 567 230 111 327 208 1131 337 1079 119 279
internal_count=3625 1454 323 66 257 2171 925 887 773 258 515 114 81 1246 679 129 73 550 223 567 230 111 327 208 1131 337 1079 119 279
cat_boundaries=0 1 2
cat_threshold=666 146
is_linear=0
shrinkage=0.01


Tree=333
num_leaves=31
num_cat=2
split_feature=10 33 13 16 13 20 0 16 20 29 32 32 14 13 11 13 17 18 11 22 0 11 16 22 33 14 26 11 7 25
split_gain=0.763303 0.65834 0.557786 0.790034 0.360692 0.348464 1.12291 0.944209 0.718113 0.46239 0.369509 0.398429 0.348033 0.331506 0.302012 0.263114 0.262711 0.251533 0.338276 0.246495 0.215106 0.210311 0.174058 0.254593 0.17221 0.160669 0.0938427 0.0674532 0.0187706 0.0174158
threshold=5076.857142857144 137.40000000000003 5853.357985162047 0.83373797915484082 5450.1282296898471 27.060714285714287 0 -0.0053757035942445328 27.196428571428577 22.975000000000005 1.2000000000000013 1.0000000180025095e-35 0.75014288946266361 5321.456440440822 120.49026583713841 5249.2194310051118 -0.57606379612791392 0.44999999999999296 78.679579246933912 6181.0000000000009 1 141.85294605378144 -0.39727776132405557 4590.5000000000009 132.25000000000003 -0.97694226132849327 26.975000000000005 57.248405911576562 27.500000000000004 7377.5000000000009
decision_type=2 2 2 2 2 2 9 2 2 2 2 2 2 2 2 2 2 2 2 2 9 2 2 2 2 2 2 2 2 2
left_child=4 29 3 -3 5 9 8 16 -7 10 11 -1 20 -9 17 21 -8 18 -14 -4 22 -11 -6 -24 -10 26 -22 -12 -27 -2
right_child=1 2 19 -5 12 6 7 13 24 15 27 -13 14 -15 -16 -17 -18 -19 -20 -21 25 -23 23 -25 -26 28 -28 -29 -30 -31
leaf_value=-0.00076048176771454008 2.7137168128168194 -0.03575266010852806 1.4576564073804497 -1.0862515682325049 0.99341514404376796 -0.22813763636388079 0.48311064171592061 -0.16731512701666559 0.2005185382892995 0.037116173517994552 -0.0050378605589354031 -0.24691737710478506 -0.47730102295275456 -0.46809142835817585 -0.086285320775923907 0.16881727243828887 -0.17085180494797911 0.52839319087012615 0.70988886643734961 -0.13806216156452922 0.80651143605047737 -0.031133906524012253 0.27644869642031539 -0.1179161954668252 -0.0078838980570237159 0.16246655539420438 -0.14316088688760142 0.095920622546269402 0.92598194072994477 4.982299306767012
leaf_weight=73 944 71 160 32 98 34 38 32 186 385 30 60 47 32 32 288 47 88 31 33 42 85 34 66 52 30 31 58 455 31
leaf_count=73 944 71 160 32 98 34 38 32 186 385 30 60 47 32 32 288 47 88 31 33 42 85 34 66 52 30 31 58 455 31
internal_value=0.000144098 0.000342374 -4.0404e-05 -0.000658654 3.26964e-05 -6.42398e-05 -0.000306872 -0.000971875 5.65371e-05 3.01021e-05 -0.000358108 -0.000697761 0.00018534 -0.00196923 -0.000155779 0.000156785 -0.000203488 0 -0.000392405 0.000239691 0.000287979 0 0 -0.00029703 0.000288703 0.000384886 0 4.49438e-05 0.000457819 0.00046875
internal_weight=3625 1271 296 103 2354 1400 421 149 272 979 221 133 954 64 198 758 85 166 78 193 756 470 198 100 238 558 73 88 485 975
internal_count=3625 1271 296 103 2354 1400 421 149 272 979 221 133 954 64 198 758 85 166 78 193 756 470 198 100 238 558 73 88 485 975
cat_boundaries=0 1 2
cat_threshold=651 2057
is_linear=0
shrinkage=0.01


Tree=334
num_leaves=28
num_cat=2
split_feature=10 33 16 19 29 16 0 25 29 10 33 34 18 0 18 31 31 25 17 12 17 16 32 25 15 17 23
split_gain=0.624072 0.607364 0.399792 0.516097 0.180657 0.25 0.222608 0.264127 0.207558 0.207154 0.382746 0.198253 0.485293 0.197808 0.147516 0.14739 0.12414 0.124553 0.0845009 0.0698711 0.0497066 0.0380436 0.0188987 0.0145229 0.0116581 0.00741091 0.00175361
threshold=4966.2857142857147 137.40000000000003 0.94135275643221272 404.55000000000007 23.075000000000006 0.32612888491727243 0 4196.5000000000009 25.525000000000002 4835.357142857144 10.750000000000002 2.9750000000000005 38.100000000000016 1 0.49999999999999833 1.0000000180025095e-35 15.65 4251.0000000000009 -0.79384213008979243 4936.5833333333339 0.99530134160901229 -0.083761810613583024 1.1999999999999897 7377.5000000000009 0.91852788691372023 0.90893208180343155 4050.5000000000005
decision_type=2 2 2 2 2 2 9 2 2 2 2 2 2 9 2 2 2 2 2 2 2 2 2 2 2 2 2
left_child=4 20 15 -4 5 6 26 -8 16 11 -11 12 -10 -13 -7 -3 17 21 -17 -12 23 -6 -9 -2 -19 -20 -1
right_child=1 2 3 -5 8 14 7 22 9 10 19 13 -14 -15 -16 18 -18 24 25 -21 -22 -23 -24 -25 -26 -27 -28
leaf_value=0.092676139053857493 1.8237713002688682 -0.97819719345340161 -0.48225568379921174 1.5585643449236688 -0.0042430009539587057 -0.014237688791345465 0.027729934981667294 -0.062882685491991261 -0.31751067069100702 -0.37740930326732952 -0.070606791606503863 0.12738128187616191 0.13814365331160297 0.00068880624445210659 -0.18199458442265851 -0.050778506469669311 -0.024171712810606608 0.34924770081389611 1.466218166377828 0.74331328630116478 1.8316584959744642 0.036234867137482037 -0.06032502048612752 5.0273747243602251 0.13340581923812597 6.3397176333460674 0.47239557766313306
leaf_weight=30 1048 51 32 31 42 42 46 30 41 53 37 405 71 704 36 48 30 322 131 72 52 62 32 31 30 30 86
leaf_count=30 1048 51 32 31 42 42 46 30 41 53 37 405 71 704 36 48 30 322 131 72 52 62 32 31 30 30 86
internal_value=0.000166161 0.000327835 -2.62346e-05 -0.000757812 5.31768e-05 -0.000161716 0 -0.000302521 9.33155e-05 2.27601e-05 -0.000300613 7.40589e-05 -0.000300885 0.000121171 -0.00064557 0.000114943 0.000273101 0.000323851 0.000259524 0 0.000437721 0 -0.000777778 0.000453241 0.000413598 0.000373457 0.000299213
internal_weight=3625 1454 323 63 2171 302 224 108 1869 1383 162 1221 112 1109 78 260 486 456 209 109 1131 104 62 1079 352 161 116
internal_count=3625 1454 323 63 2171 302 224 108 1869 1383 162 1221 112 1109 78 260 486 456 209 109 1131 104 62 1079 352 161 116
cat_boundaries=0 1 2
cat_threshold=307 2242
is_linear=0
shrinkage=0.01


Tree=335
num_leaves=25
num_cat=2
split_feature=10 19 21 25 29 28 11 31 20 17 0 10 0 34 11 12 20 15 11 7 25 15 34 34
split_gain=0.759755 0.601482 0.420556 0.445053 0.374213 0.346859 0.353977 0.463281 0.50579 0.390699 0.318576 0.37281 0.267701 0.249244 0.374265 0.444108 0.217009 0.186999 0.0902411 0.073864 0.0688228 0.0217476 0.0107809 0.0154958
threshold=5076.857142857144 137.40000000000003 6181.0000000000009 5853.5000000000009 22.975000000000005 24.875000000000004 141.85294605378144 0.15000000000000005 26.43928571428572 -0.22072160979833103 0 4730.1428571428578 1 4.455000000000001 56.452677189869227 4606.0666666666675 24.332142857142863 0.94353349168649059 783.43554587421056 357.50000000000006 6751.5000000000009 -0.99761278905001471 3.8650000000000007 3.4850000000000008
decision_type=2 2 2 2 2 2 2 2 2 2 9 2 9 2 2 2 2 2 2 2 2 2 2 2
left_child=4 18 3 -3 12 19 10 9 -9 -8 16 -12 17 14 -14 -16 -7 -1 21 22 -5 -2 23 -6
right_child=1 2 -4 20 5 6 7 8 -10 -11 11 -13 13 -15 15 -17 -18 -19 -20 -21 -22 -23 -24 -25
leaf_value=-0.0092022655850133826 9.1941831970668346 -0.60167572496426314 -0.19599200771131636 2.2496117199084558 0.16973859097102476 -0.33813643851714548 0.23872694638762984 0.23880594296311547 -0.16354984871197623 -0.088259792569671994 0.0046973699778686965 -0.089618752837681018 -0.20658910484159859 0.1954405907193057 0.036577566112373366 -0.085058136870956411 0.13981967659647812 0.18998515874644803 0.23453789916108933 -0.0011391116009885991 -0.0074105539989104763 2.9284459856260194 0.3381598286092708 0.0022009480165946405
leaf_weight=30 30 38 50 156 36 33 132 48 81 63 580 166 43 51 71 43 600 83 39 34 36 911 269 31
leaf_count=30 30 38 50 156 36 33 132 48 81 63 580 166 43 51 71 43 600 83 39 34 36 911 269 31
internal_value=0.00014145 0.000340999 -3.55872e-05 0.000108225 3.21503e-05 8.51013e-05 1.84859e-05 -0.000270769 -0.000734615 0 9.38406e-05 -3.56671e-05 -0.00027795 -0.000484018 -0.000705696 -0.000286957 0.00025854 5.24194e-05 0.000458716 0.000363881 0.000341969 0.000478238 0.000409496 5.14706e-05
internal_weight=3654 1260 280 230 2394 2073 1703 324 129 195 1379 746 321 208 157 114 633 113 980 370 192 941 336 67
internal_count=3654 1260 280 230 2394 2073 1703 324 129 195 1379 746 321 208 157 114 633 113 980 370 192 941 336 67
cat_boundaries=0 1 2
cat_threshold=2579 290
is_linear=0
shrinkage=0.01


Tree=336
num_leaves=31
num_cat=0
split_feature=12 32 11 29 12 21 33 31 11 28 25 33 22 13 23 11 29 12 13 17 29 20 20 20 14 17 11 14 22 29
split_gain=0.781826 0.399373 0.517659 0.393822 0.374826 0.828177 0.371754 0.606071 0.802482 0.842747 0.266269 0.261238 0.248711 0.50561 0.35909 0.218699 0.273969 0.176989 0.172433 0.137851 0.196664 0.532096 0.116815 0.0935655 0.0886642 0.0908364 0.0746988 0.0690577 0.0603182 0.0544759
threshold=4773.8833333333341 27.899999999999999 113.35142778800883 22.975000000000005 5645.5000000000009 4821.5000000000009 93.250000000000043 0.45000000000000007 112.2127018691876 26.175000000000008 6927.5000000000009 0.19999999999999826 4098.5000000000009 5388.7259513742074 4590.5000000000009 34.503277967228392 26.125000000000004 5090.9333333333343 5366.5494588744596 -0.32003627663099971 25.975000000000005 29.903571428571436 23.053571428571434 26.417857142857148 -0.9905448150984083 0.99731940924863693 84.875957130167208 0.85673801594079257 4590.5000000000009 21.525000000000002
decision_type=2 2 2 2 2 2 2 2 2 2 2 2 2 2 2 2 2 2 2 2 2 2 2 2 2 2 2 2 2 2
left_child=3 11 -3 12 5 -4 19 8 9 -8 23 17 29 14 -14 -9 -17 26 -10 28 22 -22 -21 -6 -13 27 -2 -26 -5 -1
right_child=1 2 4 6 10 -7 7 15 18 -11 -12 24 13 -15 -16 16 -18 -19 -20 20 21 -23 -24 -25 25 -27 -28 -29 -30 -31
leaf_value=0.067245150570756126 0.33707533903254827 1.0329779953653877 0.50608236292000675 0.18242492118792739 2.2644857619656871 -0.28052591061172616 0.0047346731800037792 -0.073218879328556918 -0.07174723508364135 -0.30845249528576751 -0.15687792309188089 0.12412655275927797 -0.9208080550091553 0.053427329611746448 -0.015673393020432982 -0.035195460701852976 0.14954733821574376 1.0012847658218635 0.48153669953536238 -0.0025646682742134766 -0.01051858105265624 0.33544364996163195 0.088432874800979486 -0.077930879116739848 1.4471073645131798 0.080342367778214768 -0.26068350040569627 0.52725228602259822 0.42380955956576899 -0.02463608396641908
leaf_weight=45 33 217 33 224 81 30 44 54 68 54 38 31 36 67 58 45 253 53 64 68 129 166 205 119 1057 32 30 218 44 58
leaf_count=45 33 217 33 224 81 30 44 54 68 54 38 31 36 67 58 45 253 53 64 68 129 166 205 119 1057 32 30 218 44 58
internal_value=0.00014145 0.000276736 1.73411e-05 -1.12894e-05 -0.000230132 -0.000914062 4.86258e-05 -0.000135506 -0.000541126 -0.00122222 -4.18409e-06 0.000362199 -0.000369811 -0.000614198 -0.00108421 0.000101983 0.000230769 -1.7094e-05 0 0.000188769 7.73287e-05 -7.60135e-05 0.000279197 9.95025e-05 0.000402539 0.00041552 -0.000445312 0.000429075 0.000386617 0
internal_weight=3654 1972 518 1682 301 63 1418 582 230 98 238 1454 264 161 94 352 298 116 132 836 568 295 273 200 1338 1307 63 1275 268 103
internal_count=3654 1972 518 1682 301 63 1418 582 230 98 238 1454 264 161 94 352 298 116 132 836 568 295 273 200 1338 1307 63 1275 268 103
is_linear=0
shrinkage=0.01


Tree=337
num_leaves=28
num_cat=1
split_feature=10 14 27 21 0 13 24 29 15 13 21 26 7 26 17 18 24 10 28 14 33 23 33 33 7 15 7
split_gain=0.804051 0.70625 0.347622 0.294612 0.271597 0.298843 0.923227 0.237689 1.06219 0.35312 0.345763 0.320724 0.57421 0.205564 0.18772 0.178954 0.120901 0.111853 0.163338 0.0755067 0.0739761 0.0598157 0.0579206 0.0283831 0.0170096 0.012764 0.0121887
threshold=5076.857142857144 -0.75579217237767959 0.95000000000000007 6181.0000000000009 0 5342.0687998124713 4765.5000000000009 27.025000000000002 0.50370931781787065 5566.6875021226742 4794.5000000000009 29.125000000000004 105.50000000000001 27.475000000000005 -0.91336200528690714 148.90000000000001 4612.0000000000009 4273.5714285714303 27.225000000000005 -0.97113884758256674 150.35000000000005 4376.0000000000009 42.050000000000004 250.65000000000003 33.500000000000007 -0.99761278905001471 327.50000000000006
decision_type=2 2 2 2 9 2 2 2 2 2 2 2 2 2 2 2 2 2 2 2 2 2 2 2 2 2 2
left_child=4 2 -2 -4 5 6 17 9 11 10 13 12 -9 -6 20 16 -3 18 -1 -11 -7 -13 -19 24 -16 -18 -21
right_child=1 15 3 -5 7 14 -8 8 -10 19 -12 21 -14 -15 23 -17 25 22 -20 26 -22 -23 -24 -25 -26 -27 -28
leaf_value=0.0091848586802724657 0.55463219541127862 1.3232574913278976 -0.11140330539024003 -0.17717739814406394 0.0038030091109360936 0.56313101383490061 -0.16980976706821577 0.37446167219035081 -1.1182312192103685 0.16219351517645483 -0.15660711241238201 0.014052618760391614 -0.09197314110546391 -0.065329678841527239 0.45902304236558233 -0.19368250937300704 8.8207982302580739 0.42838377313765669 -0.0037095496613726532 0.77856024600913698 -0.090795121935886805 0.5808515198562787 0.0017934417158889219 0.01095806930136149 1.1205029971469986 2.8852800887107009 0.50337582765786781
leaf_weight=228 39 62 43 35 462 46 32 76 31 32 30 75 232 80 30 34 33 121 46 198 30 119 93 58 345 1014 30
leaf_count=228 39 62 43 35 462 46 32 76 31 32 30 75 232 80 30 34 33 121 46 198 30 119 93 58 345 1014 30
internal_value=0.000135978 0.000340999 -0.000351695 -0.000772152 2.37996e-05 0.000148558 0 -6.35901e-05 -0.000231273 3.12125e-05 -9.42408e-05 -9.74155e-05 -0.00031068 -1.65746e-05 0.000322549 0.000420892 0.000445496 8.99796e-05 -1.09091e-05 0.000344828 -2.5974e-05 0.000189744 0.000265116 0.000406682 0.000445479 0.000470897 0.00041048
internal_weight=3654 1260 117 78 2394 1029 520 1365 533 832 572 502 308 542 509 1143 1109 488 274 260 76 194 214 433 375 1047 228
internal_count=3654 1260 117 78 2394 1029 520 1365 533 832 572 502 308 542 509 1143 1109 488 274 260 76 194 214 433 375 1047 228
cat_boundaries=0 1
cat_threshold=323
is_linear=0
shrinkage=0.01


Tree=338
num_leaves=30
num_cat=3
split_feature=10 14 27 21 0 29 26 14 10 13 13 24 10 12 17 18 0 24 10 28 25 13 14 24 20 0 25 11 12
split_gain=0.699196 0.690352 0.347622 0.294612 0.261704 0.27767 0.63959 0.467467 0.70398 0.305117 0.267872 0.626258 0.226359 0.363223 0.18772 0.17406 0.131778 0.115874 0.111853 0.163338 0.0858199 0.13437 0.0755067 0.0665423 0.0566675 0.019203 0.0729758 0.0121887 0.0102322
threshold=5076.857142857144 -0.75579217237767959 0.95000000000000007 6181.0000000000009 0 27.025000000000002 29.125000000000004 0.96687895796550427 4857.7857142857147 5566.6875021226742 5342.0687998124713 4765.5000000000009 4607.7142857142871 4611.2500000000009 -0.91336200528690714 148.90000000000001 1 4612.0000000000009 4273.5714285714303 27.225000000000005 4701.0000000000009 5435.9516002917399 -0.97113884758256674 4950.5000000000009 23.503571428571433 2 6499.5000000000009 47.103988060554727 5356.1000000000013
decision_type=2 2 2 2 9 2 2 2 2 2 2 2 2 2 2 2 9 2 2 2 2 2 2 2 2 9 2 2 2
left_child=4 2 -2 -4 10 9 7 8 -7 12 11 18 16 -14 23 17 -6 -3 19 -1 21 -8 -11 -12 -20 26 -19 -24 -16
right_child=1 15 3 -5 5 6 20 -9 -10 22 14 -13 13 -15 28 -17 -18 25 24 -21 -22 -23 27 -25 -26 -27 -28 -29 -30
leaf_value=0.0090930100934691858 0.54908587345716242 1.310024916414616 -0.11028927233633989 -0.17540562416262781 -0.0037624113284312095 -0.033736839292625692 0.39215367493937792 0.50524189952901088 -0.42052594213863259 0.16057158002469368 0.41519191367612318 -0.16811166939753758 0.82499632660981648 -0.18480030217673576 0.94829696377213968 -0.19174568427928113 0.0061029834114881103 2.2990649959660803 -0.01390702670578235 -0.0036724541647588514 0.52398387792583012 -0.06180629122774698 0.68956726794126899 -0.16516121353667451 0.28459890305740426 2.8938066231419266 -0.76633978493139598 0.81412401103234167 0.0076472036012362058
leaf_weight=228 39 62 43 35 114 252 53 47 40 32 45 32 34 40 403 34 384 67 30 46 99 42 30 31 184 946 34 198 30
leaf_count=228 39 62 43 35 114 252 53 47 40 32 45 32 34 40 403 34 384 67 30 46 99 42 30 31 184 946 34 198 30
internal_value=0.00014145 0.000333069 -0.000351695 -0.000772152 3.63257e-05 -4.90552e-05 -0.000231273 -0.000501471 -0.000662116 5.52221e-05 0.000158173 0 -5.93368e-05 -0.000573333 0.000322549 0.00041215 0 0.000436486 8.99796e-05 -1.09091e-05 0.000189744 0 0.000344828 -2.5974e-05 0.000265116 0.000461355 9.375e-05 0.00041048 0.000406682
internal_weight=3654 1260 117 78 2394 1365 533 339 292 832 1029 520 572 74 509 1143 498 1109 488 274 194 95 260 76 214 1047 101 228 433
internal_count=3654 1260 117 78 2394 1365 533 339 292 832 1029 520 572 74 509 1143 498 1109 488 274 194 95 260 76 214 1047 101 228 433
cat_boundaries=0 1 2 3
cat_threshold=323 48 2052
is_linear=0
shrinkage=0.01


Tree=339
num_leaves=29
num_cat=2
split_feature=10 33 15 25 25 0 33 14 29 15 26 7 20 33 29 20 26 27 31 10 26 12 24 25 0 25 15 11
split_gain=0.720365 0.768552 0.452968 0.300839 0.608161 0.200044 0.267013 0.251711 0.242439 0.734696 0.320724 0.40374 0.208565 0.33439 0.1888 0.188156 0.176743 0.267928 0.162243 0.152739 0.15084 0.132347 0.108575 0.0858199 0.0851246 0.0124202 0.00925429 0.00222917
threshold=5076.857142857144 137.40000000000003 -0.77243990499604276 6700.5000000000009 5902.5000000000009 0 1.0000000180025095e-35 -0.89785546691630314 27.025000000000002 0.50370931781787065 29.125000000000004 105.50000000000001 27.110714285714288 122.35000000000002 22.975000000000005 23.239285714285717 27.475000000000005 0.25000000000000006 9.1500000000000004 4273.5714285714303 24.975000000000005 4678.1833333333343 4500.5000000000009 4701.0000000000009 1 7377.5000000000009 -0.9955251950901236 170.78251276601861
decision_type=2 2 2 2 2 9 2 2 2 2 2 2 2 2 2 2 2 2 2 2 2 2 2 2 9 2 2 2
left_child=5 25 27 4 -4 6 -1 12 14 10 11 -10 18 -14 20 21 24 -18 -8 -17 22 -9 -7 -12 -16 26 -2 -3
right_child=1 2 3 -5 -6 8 7 15 9 -11 23 -13 13 -15 16 19 17 -19 -20 -21 -22 -23 -24 -25 -26 -27 -28 -29
leaf_value=-0.12707401184192652 7.8836187397208413 4.296351124961455 -1.0390502768965351 -0.19554920907421389 0.72107228967140535 -0.20284098572167991 0.48104153215135809 -0.012210478687845683 0.3720213964023536 -1.1067115386253392 0.01453015579956494 -0.086848150273017705 0.042210358627037287 -0.14440399759418326 0.00026972427078272106 0.0066216043208989104 0.21324159707037937 -0.06895667613468813 -0.11474221492050628 0.76757034247755085 -0.26373106948360803 0.67403684186150203 0.040637278809164554 0.5187440391465683 0.099653750198338428 5.297270996061834 2.8118604806128209 2.3303207950298925
leaf_weight=48 35 89 33 48 86 59 106 87 76 31 95 232 31 33 144 202 64 59 31 437 51 54 74 99 381 33 906 30
leaf_count=48 35 89 33 48 86 59 106 87 76 31 95 232 31 33 144 202 64 59 31 437 51 54 74 99 381 33 906 30
internal_value=0.000138714 0.000333069 -9.40766e-05 -0.000455357 -8.75e-05 3.21503e-05 0.000138942 0.000183809 -4.17878e-05 -0.000212547 -9.74155e-05 -0.00031068 -9.65346e-05 -0.000584615 5.52221e-05 0.000268886 0.000144838 -0.000149194 6.15942e-05 0.000342969 -0.000205405 0 0 0.000189744 0.00023289 0.000468718 0.000478238 0.000329167
internal_weight=3654 1260 286 167 119 2394 1029 981 1365 533 502 308 201 64 832 780 648 123 137 639 184 141 133 194 525 974 941 119
internal_count=3654 1260 286 167 119 2394 1029 981 1365 533 502 308 201 64 832 780 648 123 137 639 184 141 133 194 525 974 941 119
cat_boundaries=0 1 2
cat_threshold=323 48
is_linear=0
shrinkage=0.01


Tree=340
num_leaves=27
num_cat=1
split_feature=10 0 27 32 32 13 34 18 33 10 12 34 34 10 10 30 11 11 14 31 10 32 12 10 13 22
split_gain=0.53733 0.451146 0.41897 0.698723 0.396068 0.35667 0.432567 0.671312 0.321527 0.394793 0.265657 0.942877 0.242067 0.423074 0.366871 0.206991 0.168435 0.218876 0.161696 0.218099 0.145188 0.124445 0.0923229 0.0359874 0.020491 0.0128144
threshold=5840.2857142857156 0 1.9500000000000002 40.150000000000013 26.849999999999984 5459.9088188461437 3.0100000000000002 32.050000000000004 178.20000000000002 6071.5000000000009 4602.1333333333341 5.535000000000001 4.7000000000000011 4168.2142857142871 4918.357142857144 26.375000000000004 350.53177400722961 55.618810875868256 0.73865729060996177 11.450000000000001 4877.0714285714303 15.150000000000002 4936.5833333333339 5043.6428571428578 5236.4992359233584 4360.5000000000009
decision_type=2 9 2 2 2 2 2 2 2 2 2 2 2 2 2 2 2 2 2 2 2 2 2 2 2 2
left_child=1 2 12 4 15 6 7 -3 -2 -10 21 -12 16 -14 -15 -4 17 -1 19 25 -5 -8 -20 -24 -9 -7
right_child=8 5 3 20 -6 18 10 24 9 -11 11 -13 13 14 -16 -17 -18 -19 22 -21 -22 -23 23 -25 -26 -27
leaf_value=-0.2039211513899491 8.8552646334937393 -0.24868037556159997 0.0092272434461479064 0.10706165178905465 -0.16858414428971938 1.2553608340431193 0.035830900873854959 0.2683225810471167 2.2323258999424049 -0.48134610078639134 0.0079638844902955169 -0.62756343399955672 -0.91484323150099545 0.33534695782694007 -0.40096584022775206 -0.31887738222290046 -0.037198991504161276 0.22053690504184736 -0.06762376523491534 -0.022212904809888655 -1.2863926900799196 0.00036323941998810241 0.70779125856630654 0.23464999813106599 -0.053163722873435244 0.91081649571405177
leaf_weight=61 714 30 42 92 30 33 530 33 88 33 207 30 35 188 45 40 36 313 33 55 30 183 93 31 30 615
leaf_count=61 714 30 42 92 30 33 530 33 88 33 207 30 35 188 45 40 36 313 33 55 30 183 93 31 30 615
internal_value=0.000176664 0.000105646 -6.93391e-05 -0.000438298 -0.00100885 0.000194096 5.89081e-05 -0.000569149 0.000403708 0 0.000131441 -0.000132353 4.27099e-05 -0.000171004 0 -0.000469879 0.000206813 0.000285333 0.000348432 0.000414063 8.13009e-06 0.000233193 0 0.000176 0 0.000468413
internal_weight=3650 2815 912 234 112 1903 1043 93 835 121 950 237 678 268 233 82 410 374 860 703 122 713 157 124 63 648
internal_count=3650 2815 912 234 112 1903 1043 93 835 121 950 237 678 268 233 82 410 374 860 703 122 713 157 124 63 648
cat_boundaries=0 1
cat_threshold=2076
is_linear=0
shrinkage=0.01


Tree=341
num_leaves=23
num_cat=1
split_feature=10 33 21 0 21 13 17 32 20 31 33 34 18 15 26 29 31 21 13 10 15 24
split_gain=0.52048 0.40847 0.366267 0.289087 0.487338 0.45418 0.329277 0.509439 0.495695 0.270371 0.288003 0.249517 0.460312 0.262391 0.534094 0.225304 0.197547 0.103138 0.06877 0.0400139 0.017143 0.0198629
threshold=5840.2857142857156 178.20000000000002 6127.5000000000009 0 4901.0000000000009 5469.7223678256951 -0.091260510743598464 60.149999999999999 28.01071428571429 0.35000000000000003 98.850000000000009 3.0100000000000002 29.999999999999996 -0.9260227363677036 28.875000000000004 25.625000000000004 0.75000000000000011 4550.5000000000009 5256.6979702687258 5991.7857142857147 -0.99168640063982161 4376.0000000000009
decision_type=2 2 2 9 2 2 2 2 2 2 2 2 2 2 2 2 2 2 2 2 2 2
left_child=3 -2 19 4 9 11 7 8 -7 10 17 12 -5 14 -13 -6 -15 -1 -14 -3 -8 -22
right_child=1 2 -4 5 15 6 20 -9 -10 -11 -12 13 18 16 -16 -17 -18 -19 -20 -21 21 -23
leaf_value=-0.038676825470906791 8.7667119871588017 2.8798810542980875 -0.45129788273688276 -0.31049291833848996 -0.063201380977061211 0.56658736313910962 0.68454252693297046 -0.46618050190568155 -0.054621236483076929 0.14089869782447395 -0.43952718383654088 -0.31587361448373819 0.17600755547757857 0.0039742260043848692 0.39903501858030466 -0.34429060150313101 0.16220861572059089 0.92504901301173426 -0.045267047168348347 0.91388608082158329 0.83547229359444142 0.97785333565314381
leaf_weight=146 714 59 32 38 43 369 30 30 65 127 54 37 45 853 62 52 168 68 37 30 30 561
leaf_count=146 714 59 32 38 43 369 30 30 65 127 54 37 45 853 62 52 168 68 37 30 30 561
internal_value=0.000168447 0.000391746 -7.78688e-05 9.8544e-05 -0.00010978 0.000146618 0.000296961 6.88172e-05 0.000177012 1.89394e-05 -0.000133829 8.05803e-06 -0.000413223 6.24443e-05 -0.000405 -0.000755208 0.000117906 0 0 0.000161111 0.000450965 0.000465372
internal_weight=3650 835 121 2815 490 2325 1085 464 434 395 268 1240 120 1120 99 95 1021 214 82 89 621 591
internal_count=3650 835 121 2815 490 2325 1085 464 434 395 268 1240 120 1120 99 95 1021 214 82 89 621 591
cat_boundaries=0 1
cat_threshold=2056
is_linear=0
shrinkage=0.01


Tree=342
num_leaves=27
num_cat=2
split_feature=10 33 21 27 0 0 15 25 22 15 10 18 16 33 14 24 23 14 24 34 12 11 10 13 14 11
split_gain=0.506581 0.40847 0.366267 0.33857 0.53663 0.425436 0.357514 0.473979 0.503414 0.275722 0.723106 0.232778 0.224283 0.172284 0.167998 0.159745 0.237051 0.0985473 0.0826634 0.0637558 0.041863 0.0405219 0.0400139 0.0347987 0.031772 0.000750749
threshold=5840.2857142857156 178.20000000000002 6127.5000000000009 0.15000000000000005 0 1 -0.70289845916694649 5943.0000000000009 5251.0000000000009 -0.099822328936730861 4792.9285714285725 15.050000000000002 -0.3098332921407298 116.05000000000003 0.22700754078277605 3962.5000000000005 3962.5000000000005 -0.91936887716170002 4360.5000000000009 5.9750000000000005 4559.6000000000013 34.503277967228392 5991.7857142857147 5093.7310957594727 0.26037272046371446 146.38501094223463
decision_type=2 2 2 2 9 9 2 2 2 2 2 2 2 2 2 2 2 2 2 2 2 2 2 2 2 2
left_child=3 -2 22 5 11 9 18 8 -8 10 20 13 23 24 -14 16 -7 -17 -6 -19 -1 -13 -3 -11 -5 -20
right_child=1 2 -4 4 6 15 7 -9 -10 12 -12 21 14 -15 -16 17 -18 19 25 -21 -22 -23 -24 -25 -26 -27
leaf_value=0.16496196358697376 8.6790448672872156 2.8510822437551027 -0.44678490390951298 0.03729627116128572 -0.017061023194172562 0.11650717754014252 -0.028625588802806891 0.34370565414828042 -0.51079148053471779 0.029662909429535606 -0.62916347529114613 0.16437167507910677 -0.14003560339789403 -0.042907789695752145 0.0078185923631893337 -0.012847104629211148 -0.11472915657271021 0.27864971898920865 0.49370885996247682 0.46735028276473883 -0.021281550125632469 0.56059360342799691 0.90474722001336716 0.52980035670707515 -0.066037486025750852 1.3028294991538638
leaf_weight=47 714 59 32 50 54 46 355 80 35 51 46 53 84 45 224 50 30 709 80 268 51 241 30 156 30 30
leaf_count=47 714 59 32 50 54 46 355 80 35 51 46 53 84 45 224 50 30 709 80 268 51 241 30 156 30 30
internal_value=0.000171186 0.000391746 -7.78688e-05 0.000102095 -3.17837e-05 0.000187748 -0.000221705 -0.00037155 -0.000524297 -7.46256e-07 -0.0004 0.000231395 9.20543e-05 -5.95238e-05 -5.17799e-05 0.000306553 -2.5974e-05 0.000343872 0.000133333 0.000366564 0 0.00039661 0.000161111 0.000353365 0.000123457 0.000315315
internal_weight=3650 835 121 2815 1053 1762 634 470 390 659 144 419 515 125 308 1103 76 1027 164 977 98 294 89 207 80 110
internal_count=3650 835 121 2815 1053 1762 634 470 390 659 144 419 515 125 308 1103 76 1027 164 977 98 294 89 207 80 110
cat_boundaries=0 1 2
cat_threshold=834 2888
is_linear=0
shrinkage=0.01


Tree=343
num_leaves=30
num_cat=3
split_feature=27 0 16 31 24 21 10 29 24 10 0 19 21 0 32 33 14 22 13 22 11 34 14 16 34 13 7 11 33
split_gain=0.536002 0.726019 0.428436 0.820775 0.350461 0.881947 0.338083 0.336904 0.285501 0.285458 0.214804 0.208041 0.314485 0.186012 0.181539 0.161182 0.134189 0.178271 0.130116 0.215737 0.14255 0.113379 0.0915327 0.0906948 0.103321 0.0782761 0.0274088 0.018925 0.021097
threshold=0.15000000000000005 0 0.45272350407489786 2.1500000000000008 4635.5000000000009 4535.5000000000009 5068.6428571428578 26.325000000000006 4793.5000000000009 4268.5000000000009 1 0.19999999999999826 4899.5000000000009 2 24.000000000000007 141.55000000000004 -0.89785546691630314 5251.0000000000009 5256.6979702687258 4176.0000000000009 88.177707060351523 2.9750000000000005 -0.91936887716170002 -0.95468869869168038 2.0150000000000001 5122.3147676771905 271.50000000000006 560.28302787363907 0.1000000000000018
decision_type=2 9 2 2 2 2 2 2 2 2 9 2 2 9 2 2 2 2 2 2 2 2 2 2 2 2 2 2 2
left_child=6 2 8 -4 5 10 11 -5 9 -2 14 12 -1 18 -3 27 17 26 19 -13 -20 -15 -23 -18 -25 -12 -6 28 -8
right_child=1 4 3 7 16 -7 15 -9 -10 -11 25 13 -14 21 -16 -17 23 -19 20 -21 -22 22 -24 24 -26 -27 -28 -29 -30
leaf_value=0.018954840910353328 0.0041337176526455282 -0.20623039778053451 -0.72440817581204042 -0.31559600115982173 0.0010885532442297019 -0.13077168107218959 1.5322890102470432 0.83819307798466824 0.51258419557910972 -0.095901692571783936 0.0090407437377233515 -0.0070599256237752518 -0.18325704912434654 -0.0022293621173180758 0.1330078024639369 0.12839510468249457 0.135667728036694 -0.14634834292909699 -0.034375167469893532 -0.47470707563832976 0.38209594854354473 -0.017395419948757991 0.14473365266647897 1.1431562981788987 1.2000656661842184 0.040199212136602366 0.44026686704624113 1.0269221569357692 2.7901672176024017
leaf_weight=59 34 60 57 35 43 40 30 52 96 45 75 100 53 58 58 43 30 38 107 35 146 46 835 31 391 199 72 30 752
leaf_count=59 34 60 57 35 43 40 30 52 96 45 75 100 53 58 58 43 30 38 107 35 146 46 835 31 391 199 72 30 752
internal_value=0.000171186 5.89537e-06 -0.000395455 -0.000813793 0.000141698 -5.54272e-05 0.000264488 -7.38636e-05 -1.42045e-05 -0.00050625 6.61578e-05 0.000159375 -0.000212389 0.000198419 -0.00024031 0.000429322 0.000301155 0 0 -0.000238971 0.000143701 0.000273158 0.000306689 0.000388521 0.000427896 0.000235088 0.000237069 0.000462485 0.000473819
internal_weight=3650 1356 319 144 1037 432 2294 87 175 79 392 1439 112 1327 118 855 605 153 388 135 253 939 881 452 422 274 115 812 782
internal_count=3650 1356 319 144 1037 432 2294 87 175 79 392 1439 112 1327 118 855 605 153 388 135 253 939 881 452 422 274 115 812 782
cat_boundaries=0 1 2 3
cat_threshold=2196 289 2572
is_linear=0
shrinkage=0.01


Tree=344
num_leaves=27
num_cat=2
split_feature=27 0 20 14 21 10 0 21 12 25 32 15 22 25 17 27 20 20 34 10 26 14 10 7 25 18
split_gain=0.504334 0.474131 0.502225 0.484296 0.732826 0.448724 0.397551 0.235382 0.688321 0.533371 0.740244 0.225678 0.980736 0.197159 0.192062 0.349009 0.167932 0.352645 0.0903051 0.0822731 0.0795171 0.07687 0.0689944 0.0646088 0.030608 0.0125447
threshold=1.0500000000000003 0 26.817857142857147 -0.89015004145349408 4794.5000000000009 5824.1428571428578 1 4251.0000000000009 4662.0333333333338 4212.5000000000009 25.349999999999994 -0.57782411410281842 4725.5000000000009 4273.0000000000009 -0.13185729634369445 2.5500000000000003 27.089285714285719 26.76071428571429 3.6050000000000004 4199.2857142857147 27.475000000000005 0.94138322595482449 4043.0714285714289 57.500000000000007 4612.0000000000009 139.65000000000003
decision_type=2 9 2 2 2 2 9 2 2 2 2 2 2 2 2 2 2 2 2 2 2 2 2 2 2 2
left_child=5 2 3 -2 -5 6 11 -3 9 -9 -11 12 24 18 15 -10 17 -13 -8 22 -4 -21 -15 -20 -1 -16
right_child=1 7 20 4 -6 -7 13 8 14 10 -12 16 -14 19 25 -17 -18 -19 23 21 -22 -23 -24 -25 -26 -27
leaf_value=-0.0057081028628975664 0.0059998385214087534 0.22218513214988109 0.45042150130467562 -0.0071668796973382498 -0.7467037614098393 8.4690029969410148 -0.0056254192050673125 0.050574077178057807 -0.10747042723269125 -0.097532310092309477 -0.060703920501381008 0.0051707384118154769 -0.92511533500627841 0.32021710694890504 2.1365462440105749 0.43353861218416584 0.13484390880141692 -0.59602147273524497 -0.0005679401616971501 0.27550062455933355 -0.04975975640662237 0.30612762269920007 -0.17276506138382261 0.11108004769702948 0.14223613920287079 1.5632886315720831
leaf_weight=43 42 164 57 39 44 632 44 42 35 38 83 496 33 47 205 135 112 43 79 876 58 94 38 97 44 30
leaf_count=43 42 164 57 39 44 632 44 42 35 38 83 496 33 47 205 135 112 43 79 876 58 94 38 97 44 30
internal_value=0.000171186 -1.43885e-05 -0.000398406 -0.000853175 -0.00129167 0.000242255 0.000162677 0.000102288 0 -0.000539634 -0.000897541 -5.75446e-06 -0.000413223 0.000270218 0.000227833 0 5.44479e-05 -9.25913e-07 0 0.000329072 0 0.000355304 0 0.000101695 3.97727e-05 0.000413136
internal_weight=3650 972 240 125 83 2678 2046 732 568 163 121 771 120 1275 405 170 651 539 220 1055 115 970 85 176 87 235
internal_count=3650 972 240 125 83 2678 2046 732 568 163 121 771 120 1275 405 170 651 539 220 1055 115 970 85 176 87 235
cat_boundaries=0 1 2
cat_threshold=2196 2952
is_linear=0
shrinkage=0.01


Tree=345
num_leaves=31
num_cat=3
split_feature=10 14 27 12 31 0 15 5 29 26 10 29 23 26 28 10 0 14 21 29 0 24 21 21 32 24 11 25 18 15
split_gain=0.71561 0.903087 0.484896 0.595936 0.890624 0.280628 0.244593 0.418184 0.368343 0.474679 0.672795 0.317022 0.256934 0.250208 0.234262 0.158518 0.145584 0.142808 0.121902 0.291889 0.109181 0.140091 0.0996705 0.0689959 0.0400645 0.038033 0.0374168 0.0339773 0.0169304 0.00597862
threshold=4966.2857142857147 -0.61913973745509387 0.8500000000000002 6016.5500000000002 1.1500000000000001 0 0.97062204580664158 2.5000000000000004 27.025000000000002 29.325000000000006 4835.357142857144 22.625000000000004 4366.5000000000009 27.475000000000005 26.625000000000004 4264.7857142857147 1 -0.861146256326485 4064.0000000000005 26.625000000000004 2 5120.5000000000009 5777.5000000000009 4741.0000000000009 0.10000000000000007 4901.0000000000009 55.618810875868256 4612.0000000000009 142.20000000000002 -0.99700296666818056
decision_type=2 2 2 2 2 9 2 2 2 2 2 2 2 2 2 2 9 2 2 2 9 2 2 2 2 2 2 2 2 2
left_child=5 2 -2 22 -5 15 8 24 13 10 -10 -9 -11 16 -15 18 -7 23 26 -20 21 -3 -4 27 -8 -19 -1 -17 29 -22
right_child=1 20 3 4 -6 6 7 11 9 12 -12 -13 -14 14 -16 17 -18 25 19 -21 28 -23 -24 -25 -26 -27 -28 -29 -30 -31
leaf_value=-0.0034427985061890997 1.1656785903868467 -0.46078692278584987 -0.15581617785028407 0.86232730927336554 -0.3327865631184686 0.00029050801661012786 -0.04147824455578384 -0.097416156316881872 -0.030177921879258669 -0.015539965061342816 -0.2724898220527826 -0.10075414051692526 0.61217171115715996 -0.30251523066313168 0.047350822701027695 -0.00059128572009949033 0.056564762307255254 0.32353834948292426 -0.070748689078819052 0.18035770377954427 7.1974894581314004 2.1435387434033646 0.9293518980429073 -0.16905079911002246 0.06134313860194119 0.68397152856415344 0.073004252733554181 0.94594565484703597 1.1885086160018277 1.9197828762633293
leaf_weight=30 86 31 31 32 33 185 30 44 322 99 55 30 137 81 73 32 503 270 30 37 35 93 45 34 44 55 56 55 30 1003
leaf_count=30 86 31 31 32 33 185 30 44 322 99 55 30 137 81 73 32 503 270 30 37 35 93 45 34 44 55 56 55 30 1003
internal_value=0.00012714 0.000302465 -0.000247807 -0.000630282 -0.00132576 9.53247e-06 -5.48327e-05 -0.000442953 -8.58515e-06 -0.00020114 -0.000427249 -0.000973333 0.000118143 0.00011981 -0.000212903 0.000195902 0.000208999 0.000297539 -2.27273e-05 -0.000389706 0.000415759 1.48148e-05 0 0 0 0.000406442 0.000149425 0.000153409 0.000448563 0.00046102
internal_weight=3621 1419 227 141 65 2202 1603 148 1455 613 377 74 236 842 154 599 688 446 153 67 1192 124 76 121 74 325 86 87 1068 1038
internal_count=3621 1419 227 141 65 2202 1603 148 1455 613 377 74 236 842 154 599 688 446 153 67 1192 124 76 121 74 325 86 87 1068 1038
cat_boundaries=0 1 2 3
cat_threshold=130 2081 2304
is_linear=0
shrinkage=0.01


Tree=346
num_leaves=29
num_cat=1
split_feature=10 14 27 12 31 3 7 7 11 19 33 20 20 10 16 7 11 14 27 23 27 21 11 33 24 24 24 15
split_gain=0.658181 0.880563 0.484896 0.595936 0.890624 0.29554 0.446722 0.461247 0.444738 0.349033 0.857825 0.344125 0.24552 0.231478 0.279714 0.159324 0.140332 0.137021 0.348769 0.112364 0.101208 0.0996705 0.090635 0.0830962 0.072606 0.0721009 0.0233407 0.0184748
threshold=4966.2857142857147 -0.61913973745509387 0.8500000000000002 6016.5500000000002 1.1500000000000001 0 355.50000000000006 277.50000000000006 113.35142778800883 117.85000000000001 127.95000000000002 30.839285714285719 27.075000000000006 4326.357142857144 -0.8098839673871151 27.500000000000004 153.51915145315996 -0.97694226132849327 3.0500000000000003 4020.5000000000005 6.1500000000000012 5777.5000000000009 669.22369602388414 1.0000000180025095e-35 3991.0000000000005 4612.0000000000009 5100.5000000000009 -0.99761278905001471
decision_type=2 2 2 2 2 1 2 2 2 2 2 2 2 2 2 2 2 2 2 2 2 2 2 2 2 2 2 2
left_child=5 2 -2 21 -5 6 7 8 12 15 -11 -10 -1 14 -9 19 24 18 -12 -7 -19 -4 23 26 -17 -25 -3 -27
right_child=1 22 3 4 -6 9 -8 13 11 10 17 -13 -14 -15 -16 16 -18 20 -20 -21 -22 -23 -24 25 -26 27 -28 -29
leaf_value=0.020985273354558246 1.1540218044829771 -0.027313597345903887 -0.15425801607178122 0.85370403618063051 -0.32945869748728723 0.055803786600301192 -0.050129125218293186 -0.17583979365701949 -0.22864240251163995 -0.063674314326970433 -0.20004282724400926 0.73517843011137485 -0.032194518429974221 0.67957117776330789 0.044884861732986371 0.01904967991465285 -0.14187352922058988 0.35199185971026437 0.6069604669236468 -0.10280373919706134 0.0010171344994076091 0.92005837906247712 1.0712230573573815 3.570640284797201 0.18529015264709336 6.9351332361263545 1.4387256424202197 2.0836568684110515
leaf_weight=319 86 34 31 32 33 35 44 52 184 32 30 31 313 221 113 75 37 112 32 40 92 45 31 44 440 30 38 1015
leaf_count=319 86 34 31 32 33 35 44 52 184 32 30 31 313 221 113 75 37 112 32 40 92 45 31 44 440 30 38 1015
internal_value=0.00012714 0.000295423 -0.000247807 -0.000630282 -0.00132576 1.40717e-05 -7.9421e-05 -3.52512e-05 -0.000172759 0.000153888 -0.000103679 -0.00056713 -2.21169e-05 0.00024031 0 0.000292197 0.00035443 4.86892e-05 -0.000301587 -3.28947e-05 0.000204878 0 0.000407376 0.000422117 0.000402132 0.000444495 0 0.000461281
internal_weight=3621 1419 227 141 65 2202 1277 1233 847 925 298 215 632 386 165 627 552 266 62 75 204 76 1192 1161 515 1089 72 1045
internal_count=3621 1419 227 141 65 2202 1277 1233 847 925 298 215 632 386 165 627 552 266 62 75 204 76 1192 1161 515 1089 72 1045
cat_boundaries=0 1
cat_threshold=2
is_linear=0
shrinkage=0.01


Tree=347
num_leaves=30
num_cat=4
split_feature=10 14 0 7 0 7 14 7 25 0 31 11 21 34 25 0 7 34 20 24 10 15 29 5 7 14 13 32 15
split_gain=0.635746 0.880563 0.386115 0.813697 0.305509 0.428978 0.409121 0.385449 0.531042 0.454897 0.26877 0.350948 0.246873 0.371771 0.204309 0.191198 0.145078 0.122026 0.123834 0.116487 0.109777 0.155211 0.0977321 0.0709669 0.0690151 0.0388152 0.0270777 0.0169304 0.00597862
threshold=4966.2857142857147 -0.61913973745509387 0 263.50000000000006 1 355.50000000000006 -0.94705910369513524 283.50000000000006 4349.5000000000009 2 0.35000000000000003 56.694670951428705 4086.0000000000005 4.3750000000000009 4326.0000000000009 3 52.500000000000007 3.9250000000000003 26.246428571428577 3991.0000000000005 5824.1428571428578 0.8511460603353429 25.325000000000006 1.0000000180025095e-35 46.500000000000007 -0.80924678377697201 5346.1803277515401 148.90000000000001 -0.99700296666818056
decision_type=2 2 9 2 9 2 2 2 2 9 2 2 2 2 2 9 2 2 2 2 2 2 2 2 2 2 2 2 2
left_child=4 2 22 -4 6 7 10 8 16 -10 -1 -12 13 -9 17 20 -6 18 -8 -19 21 -3 -2 -14 26 -26 -16 28 -17
right_child=1 15 3 -5 5 -7 14 12 9 -11 11 -13 23 -15 24 27 -18 19 -20 -21 -22 -23 -24 -25 25 -27 -28 -29 -30
leaf_value=0.30098809733642068 -0.25923011048814087 -0.48425835480212343 -0.32180155311987163 0.72972576524520638 -0.034281388591746918 -0.047224162274084595 -0.070438452286958303 0.096197564373286998 -0.011841831997641763 -0.23810852827757398 0.26289391716725069 -0.18227539602471321 0.0034707758078549532 -0.71841001857868192 -0.01453007528188667 7.0561632311888172 0.22081483376730085 -0.0087300913030877499 0.021928748974441567 0.42144966265338824 8.0382074306911733 2.3003087319183875 1.1062967847640244 0.28419710624476258 0.0059427405745006634 0.47016257615415896 0.043936421119121619 1.1557869611577012 1.8797484788165861
leaf_weight=51 30 30 59 59 108 45 41 62 447 125 31 53 40 31 30 35 191 51 30 97 59 35 79 235 89 408 37 30 1003
leaf_count=51 30 30 59 59 108 45 41 62 447 125 31 53 40 31 30 35 191 51 30 97 59 35 79 235 89 408 37 30 1003
internal_value=0.000129901 0.000295423 -0.000247807 -0.000627907 1.8611e-05 -7.56757e-05 0.000160388 -3.26613e-05 -0.000154243 -0.000338569 -0.0003125 -0.000682353 0.000227642 -0.000143617 0.000257015 0.000407376 0.000165 0 -0.000340278 0.000161074 0 -0.000265151 0.000120833 0.000389493 0.000357522 0.000398594 0 0.000448563 0.00046102
internal_weight=3621 1419 227 118 2202 1284 918 1239 871 572 135 84 368 93 783 1192 299 219 71 148 124 65 109 275 564 497 67 1068 1038
internal_count=3621 1419 227 118 2202 1284 918 1239 871 572 135 84 368 93 783 1192 299 219 71 148 124 65 109 275 564 497 67 1068 1038
cat_boundaries=0 1 2 3 4
cat_threshold=291 147 108 2304
is_linear=0
shrinkage=0.01


Tree=348
num_leaves=31
num_cat=4
split_feature=10 33 0 16 0 13 10 34 26 15 23 34 22 13 0 21 16 34 11 0 15 23 19 13 28 11 27 20 16 11
split_gain=0.635746 0.628818 0.57836 1.67722 0.35457 0.381653 0.304369 0.228999 0.440868 1.08492 1.50714 0.411419 0.413286 0.622018 0.319275 0.183394 0.15786 0.253607 0.146076 0.144236 0.181039 0.140158 0.205767 0.133907 0.0858987 0.0844265 0.0785968 0.0420319 0.0411278 0.0620817
threshold=4966.2857142857147 137.40000000000003 0 0.77241981449888963 1 5261.066369501912 4371.357142857144 4.6150000000000011 29.075000000000006 -0.18493013702746822 4647.5000000000009 3.6400000000000001 4199.0000000000009 5426.5379704301085 2 4086.0000000000005 -0.48971288843577082 4.2150000000000007 341.43601858294568 3 0.70138038092733435 4376.0000000000009 6.5499999999999998 5892.3159022177433 25.175000000000004 50.662740395848765 14.200000000000001 26.275000000000006 0.69056404122701587 67.486682674178667
decision_type=2 2 9 2 9 2 2 2 2 2 2 2 2 2 9 2 2 2 2 9 2 2 2 2 2 2 2 2 2 2
left_child=4 19 3 27 5 6 16 11 9 10 -9 12 -6 -14 -11 24 17 -1 -4 20 -2 22 -10 28 -13 -18 -17 -3 -7 -30
right_child=1 2 18 -5 7 23 -8 8 21 14 -12 15 13 -15 -16 26 25 -19 -20 -21 -22 -23 -24 -25 -26 -27 -28 -29 29 -31
leaf_value=-0.49841109369046649 -0.34372163093740393 2.2685874116528137 2.3688334763202308 -1.7799612972644991 0.087374787592586253 0.48282228981097214 -0.19377871590902643 -0.051676059694223751 0.34126124414571612 -0.22788136944573034 -0.48558375880408811 -0.099601855641860193 -0.061940937695464118 0.064617265876613594 0.1141132829538444 0.1527594409152615 -0.0065648160540065286 0.0033599962021943468 -0.12370249751895535 1.8313990503314281 3.1433689278580075 0.54136146004755104 -0.055092840076659225 -0.10068957843484072 0.13969456907893307 0.091022835659798712 -0.0031277472041859899 -0.12804236459708959 0.14800415771823816 -0.0027981784180466022
leaf_weight=32 40 45 162 31 68 466 33 48 34 143 32 91 122 114 134 298 62 51 46 997 68 101 30 33 39 126 30 30 85 30
leaf_count=32 40 45 162 31 68 466 33 48 34 143 32 91 122 114 134 298 62 51 46 997 68 101 30 33 39 126 30 30 85 30
internal_value=0.000129901 0.000295423 -7.30159e-05 -0.00065812 1.8611e-05 0.000171152 -9.18033e-05 -8.33977e-05 -0.000246654 -0.000451117 -0.00148148 1.44168e-05 -0.000255738 -0.000472574 -0.000113309 0.000215686 0 -0.000339286 0.000200913 0.000409132 0 0.000135542 -0.000123077 0.000320325 -3.81679e-05 0.000179894 0.000346505 0 0.000361684 6.46552e-05
internal_weight=3621 1419 314 106 2202 918 304 1284 522 357 80 762 304 236 277 458 271 83 208 1105 108 165 64 614 130 188 328 75 581 115
internal_count=3621 1419 314 106 2202 918 304 1284 522 357 80 762 304 236 277 458 271 83 208 1105 108 165 64 614 130 188 328 75 581 115
cat_boundaries=0 1 2 3 4
cat_threshold=2260 147 40 2304
is_linear=0
shrinkage=0.01


Tree=349
num_leaves=31
num_cat=2
split_feature=12 14 7 0 24 31 19 16 18 28 7 19 22 28 14 5 18 11 25 14 22 0 16 15 7 30 11 11 30 28
split_gain=0.552649 0.651771 0.646996 0.635778 0.882145 0.524401 0.274536 0.221722 0.337643 0.482659 0.713739 0.304745 0.332115 0.208813 0.206013 0.180616 0.163923 0.120951 0.130299 0.119691 0.373608 0.118124 0.112027 0.144181 0.0835516 0.0788409 0.0455532 0.0152791 0.011812 0.0111919
threshold=4769.9000000000005 -0.72696319516528884 264.50000000000006 0 5197.5000000000009 9.0500000000000025 5.0999999999999988 -0.60468929461279042 34.350000000000001 27.875000000000004 105.50000000000001 97.15000000000002 4350.5000000000009 26.875000000000004 -0.78326540922535159 2.5000000000000004 148.90000000000001 34.503277967228392 4398.0000000000009 0.84773968378660736 5001.0000000000009 1 0.94704596667653973 0.98005052076767474 286.50000000000006 23.875000000000004 253.11164783030628 214.11258984197789 32.475000000000009 33.375000000000007
decision_type=2 2 2 9 2 2 2 2 2 2 2 2 2 2 2 2 2 2 2 2 2 9 2 2 2 2 2 2 2 2
left_child=6 2 5 4 -3 15 22 11 9 13 -11 25 14 -9 -13 -2 19 -10 -19 -5 -21 24 23 29 27 -8 -6 -4 -27 -1
right_child=1 3 21 16 26 -7 7 8 17 10 -12 12 -14 -15 -16 -17 -18 18 -20 20 -22 -23 -24 -25 -26 28 -28 -29 -30 -31
leaf_value=0.092663267313091463 0.49078069513274492 -0.51383862021972171 0.11738726652975839 1.4746950196396338 3.2404121657039493 -0.25111406914793533 -0.17890842649325181 -0.020745015861015317 -0.07312907631868569 0.60091611179039994 -0.16718349508042757 -0.0057497925687088024 0.2308754147393268 0.044050630458195565 -0.080763720775192172 -0.18536044809216903 -0.20377347141669591 0.15462324355772916 -0.0018094714125668299 -0.2649511036462241 1.53850805434677 1.3648652020089389 -0.00048451779199054949 -0.017641556058298095 2.2670251149375442 0.31009129325043239 0.067258176015580151 -0.15525630554389108 0.28375342611350624 0.46851727638060153
leaf_weight=229 53 46 32 1129 66 42 30 386 52 36 68 46 51 139 42 54 35 134 110 86 185 125 57 35 41 191 30 30 30 31
leaf_count=229 53 46 32 1129 66 42 30 386 52 36 68 46 51 139 42 54 35 134 110 86 185 125 57 35 41 191 30 30 30 31
internal_value=0.000129901 0.00024399 -0.000109788 0.000334918 -0.000254902 -0.000636667 0 -7.02887e-05 -0.000159287 -0.000294444 -0.000933333 0.00011509 -0.000217857 -0.000147338 -0.000629213 -0.000152778 0.000399378 9.42761e-05 0.000212245 0.000421128 0.000167279 0.00019214 0.000243626 0.000329392 0 0.000339286 0.000185567 -0.000301587 0.000407658 0.000421456
internal_weight=3621 1954 377 1577 142 149 1667 1315 925 629 104 390 139 525 88 107 1435 296 244 1400 271 228 352 295 103 251 96 62 221 260
internal_count=3621 1954 377 1577 142 149 1667 1315 925 629 104 390 139 525 88 107 1435 296 244 1400 271 228 352 295 103 251 96 62 221 260
cat_boundaries=0 1 2
cat_threshold=2304 91
is_linear=0
shrinkage=0.01


Tree=350
num_leaves=31
num_cat=2
split_feature=10 14 0 20 16 0 18 18 25 23 11 5 34 20 10 10 23 34 18 23 27 19 19 26 10 14 19 15 11 24
split_gain=0.551216 0.735023 0.507768 0.546219 0.291422 0.317341 0.340197 0.395885 0.42717 0.351614 0.251823 0.212386 0.195103 0.485474 0.136095 0.133688 0.187476 0.111207 0.0994933 0.0937275 0.0872721 0.078358 0.0972692 0.0738182 0.0592154 0.0440103 0.0213919 0.0172715 0.0137389 0.00883774
threshold=4966.2857142857147 -0.61913973745509387 0 26.110714285714288 -0.57693561556757644 1 32.050000000000004 16.050000000000001 4635.5000000000009 4776.0000000000009 147.74968805029337 1.0000000180025095e-35 7.2800000000000002 31.367857142857147 4206.4285714285716 3953.2857142857147 3940.5000000000005 3.0100000000000002 148.90000000000001 3962.5000000000005 3.7500000000000004 107.25000000000001 307.55000000000001 32.625000000000007 6667.9285714285725 0.72695311118111527 1.0000000180025095e-35 -0.99761278905001471 669.22369602388414 5100.5000000000009
decision_type=2 2 9 2 2 9 2 2 2 2 2 2 2 2 2 2 2 2 2 2 2 2 2 2 2 2 2 2 2 2
left_child=4 2 3 -2 11 10 7 9 -9 -7 15 14 19 -14 -1 16 -6 -17 26 -13 -5 23 -23 -8 -4 -16 29 -28 -29 -3
right_child=1 18 24 20 5 6 21 8 -10 -11 -12 12 13 -15 25 17 -18 -19 -20 -21 -22 22 -24 -25 -26 -27 27 28 -30 -31
leaf_value=-0.14327845065846775 0.96506035659810863 0.25940288383256888 1.7010431519348044 -0.14929017786118601 0.02955580191775348 6.5796830759100447e-05 -0.010283475480808947 -0.60453710293544893 -0.07526952600230917 -0.20641507711732551 -0.18045296382859394 0.033350418954578152 -0.062294263969534087 0.82252046009428625 0.57669319575802003 0.030349746741734403 -0.083625522678408407 0.23043333686155701 0.1466787416713127 0.21638701891314413 -0.73597371237596632 0.45286100583852956 -0.00065786115283080816 0.48542306207896446 0.62076132207527357 -0.047040187334237094 8.0779741832009329 2.0408539946945421 2.6637111270644978 1.8068214827390776
leaf_weight=35 39 33 88 33 41 453 45 41 53 115 39 30 30 71 75 75 33 369 30 468 34 164 42 30 30 32 30 1056 32 31
leaf_count=35 39 33 88 33 41 453 45 41 53 115 39 30 30 71 75 75 33 369 30 468 34 164 42 30 30 32 30 1056 32 31
internal_value=0.000170881 0.000325679 -0.000168889 -0.00065812 6.71276e-05 -6.66221e-06 -0.000124214 -0.000254902 -0.000873684 -0.000133568 0.000173416 0.000229784 0.000315833 0 -6.2937e-05 0.000248555 -4e-05 0.000319101 0.000425392 0.000398798 -0.00127206 0.000143617 0.000256039 -3.28947e-05 0.000224806 3.24074e-05 0.000440406 0.00045487 0.00046281 3.07692e-05
internal_weight=3677 1436 224 106 2241 1500 943 662 94 568 557 741 599 101 142 518 74 444 1212 498 67 281 206 75 118 107 1182 1118 1088 64
internal_count=3677 1436 224 106 2241 1500 943 662 94 568 557 741 599 101 142 518 74 444 1212 498 67 281 206 75 118 107 1182 1118 1088 64
cat_boundaries=0 1 2
cat_threshold=157 546
is_linear=0
shrinkage=0.01


Tree=351
num_leaves=31
num_cat=2
split_feature=10 14 0 27 13 24 15 33 28 0 28 15 15 13 7 34 27 34 24 18 18 33 26 10 19 15 14 25 24 24
split_gain=0.625885 0.639858 0.414025 0.417569 0.237377 1.18178 0.433048 0.637898 0.929781 0.230516 0.366983 0.473474 0.530902 0.236225 0.190122 0.169731 0.151652 0.114162 0.101193 0.0994933 0.0839342 0.0681362 0.0604072 0.0592154 0.0213919 0.0172715 0.0139442 0.0133333 0.00883774 0.00875555
threshold=4966.2857142857147 -0.61913973745509387 0 0.8500000000000002 5346.1803277515401 4839.5000000000009 0.037621334799590643 93.250000000000043 26.525000000000002 1 27.125000000000004 -0.71351286834145922 -0.18493013702746822 5853.357985162047 55.500000000000007 4.0850000000000009 12.200000000000001 3.6700000000000004 4548.0000000000009 148.90000000000001 70.600000000000009 3.3000000000000078 22.875000000000004 6667.9285714285725 1.0000000180025095e-35 -0.99761278905001471 0.96234642434711437 4673.0000000000009 5100.5000000000009 7086.0000000000009
decision_type=2 2 9 2 2 2 2 2 2 9 2 2 2 2 2 2 2 2 2 2 2 2 2 2 2 2 2 2 2 2
left_child=4 2 3 -2 5 6 17 14 -9 13 16 18 -13 22 -8 -5 21 20 -12 24 -1 -11 -6 -4 28 -26 -24 -19 -3 -27
right_child=1 19 23 15 9 -7 7 8 -10 10 11 12 -14 -15 -16 -17 -18 27 -20 -21 -22 -23 26 -25 25 29 -28 -29 -30 -31
leaf_value=-0.005049011259048026 0.57419792571399852 0.256808854994239 1.6840327204154568 -0.15849345058184511 0.0023710207926766215 -0.18252576523976291 -0.046893376525984735 -0.0011688485129083819 -0.50415580471277499 -0.013129302281643369 -0.020058453240638659 -0.17021607310305822 0.051747504631080014 -0.076717325559874927 0.023720599034291912 -1.1477412509992266 -0.025426097158512909 0.34662803784187651 0.81064944502185077 0.14521195425460104 0.43760484767769636 0.37550432626486463 0.68798581955956184 0.61455370885452409 7.9971944413689213 2.0199594398451617 0.37540332850974906 0.0055107797316382512 1.7887532679116875 10.904078150539702
leaf_weight=75 38 33 88 38 43 40 223 109 52 30 30 65 70 37 305 30 42 222 82 30 59 295 402 30 30 1054 30 30 31 34
leaf_count=75 38 33 88 38 43 40 223 109 52 30 30 65 70 37 305 30 42 222 82 30 59 295 402 30 30 1054 30 30 31 34
internal_value=0.000168162 0.000332637 -0.000124444 -0.00057265 5.8207e-05 -3.80824e-05 1.6264e-05 -0.000123913 -0.000675926 0.000162378 1.12e-05 -0.000268145 -0.000680147 0.0003174 2.6465e-05 -0.00110145 0.000226902 0.00029199 0.000141593 0.000425392 0 0.000314417 0.000393908 0.000224806 0.000440406 0.00045487 0.000429561 0.000418972 3.07692e-05 0.00046281
internal_weight=3677 1436 224 106 2241 1115 1075 689 161 1126 614 247 135 512 528 68 367 386 112 1212 134 325 475 118 1182 1118 432 252 64 1088
internal_count=3677 1436 224 106 2241 1115 1075 689 161 1126 614 247 135 512 528 68 367 386 112 1212 134 325 475 118 1182 1118 432 252 64 1088
cat_boundaries=0 1 2
cat_threshold=157 339
is_linear=0
shrinkage=0.01


Tree=352
num_leaves=23
num_cat=2
split_feature=10 14 0 20 0 33 12 22 32 21 32 34 34 18 7 13 10 19 11 24 24 12
split_gain=0.582599 0.639858 0.414025 0.441092 0.377938 0.216256 0.265718 0.211344 0.279894 0.188205 0.23553 0.149984 0.105274 0.0994933 0.0771071 0.0657884 0.0592154 0.0213919 0.0122993 0.0187112 0.00883774 0.00326531
threshold=4966.2857142857147 -0.61913973745509387 0 26.110714285714288 1 0.19999999999999826 4114.666666666667 4043.5000000000005 1.2000000000000013 4221.5000000000009 0.099999999999998243 4.0550000000000006 3.0100000000000002 148.90000000000001 316.50000000000006 5193.870910328731 6667.9285714285725 1.0000000180025095e-35 669.22369602388414 4500.5000000000009 5100.5000000000009 4025.3166666666671
decision_type=2 2 9 2 9 2 2 2 2 2 2 2 2 2 2 2 2 2 2 2 2 2
left_child=4 2 3 -2 12 -6 7 8 -7 14 -11 -5 -1 17 -8 21 -4 20 19 -19 -3 -14
right_child=1 13 16 11 5 6 9 -9 -10 10 -12 -13 15 -15 -16 -17 -18 18 -20 -21 -22 -23
leaf_value=-0.051804912837517661 0.96589791802178426 0.25424076644429666 1.6671923932113026 -0.15859856054578381 -0.15176201047553675 -0.064023891282191561 0.20329248093429589 -0.60958204012302242 0.10199741119939694 0.37550364335665193 -0.0011827758600772085 -1.1362638384892327 0.026886447933131871 0.14375983471205511 0.00034611078876973866 0.56341454072206321 0.60840817176598261 0.85998117370566718 2.6168744213953956 2.0488404934009932 1.7708657352325727 -0.0051727896472583733
leaf_weight=49 39 33 88 37 53 146 247 31 68 271 938 30 48 30 56 304 30 30 32 1056 31 30
leaf_count=49 39 33 88 37 53 146 247 31 68 271 938 30 48 30 56 304 30 30 32 1056 31 30
internal_value=0.0001736 0.000332637 -0.000124444 -0.00057265 6.71276e-05 0 2.18999e-05 -0.00027439 -0.000106977 7.66689e-05 1.19835e-05 -0.001125 0.000329186 0.000425392 0.000300987 0.000394256 0.000224806 0.000440406 0.00045487 0.000462741 3.07692e-05 0
internal_weight=3677 1436 224 106 2241 1810 1757 245 214 1512 1209 67 431 1212 303 382 118 1182 1118 1086 64 78
internal_count=3677 1436 224 106 2241 1810 1757 245 214 1512 1209 67 431 1212 303 382 118 1182 1118 1086 64 78
cat_boundaries=0 1 2
cat_threshold=157 2
is_linear=0
shrinkage=0.01


Tree=353
num_leaves=29
num_cat=1
split_feature=12 32 16 0 29 16 32 18 19 26 15 11 20 12 22 13 17 12 28 19 16 17 11 20 19 18 18 25
split_gain=0.439232 0.496766 0.467013 0.336558 0.237717 0.224189 0.234462 0.467095 0.540674 0.229059 0.352805 0.191574 0.190053 0.301651 0.167604 0.155346 0.155479 0.133498 0.28958 0.211036 0.195272 0.0995582 0.0878603 0.0820429 0.0690786 0.0149395 0.015954 0.0122533
threshold=5055.0833333333339 27.899999999999999 0.94135275643221272 0 26.875000000000004 -0.57693561556757644 32.050000000000004 24.550000000000001 196.85000000000002 27.975000000000005 -0.88220415136009767 167.47543430211741 26.417857142857148 6054.7833333333338 4590.5000000000009 5198.4042208352021 0.1147873601445511 4930.7166666666681 29.125000000000004 101.05000000000003 -0.96688789938088693 -0.98631490141008282 34.503277967228392 23.38214285714286 1.0000000180025095e-35 50.650000000000013 77.40000000000002 4196.5000000000009
decision_type=2 2 2 9 2 2 2 2 2 2 2 2 2 2 2 2 2 2 2 2 2 2 2 2 2 2 2 2
left_child=3 21 11 15 -4 17 7 14 -9 22 -11 -3 -13 -14 -7 16 -1 19 -19 23 -21 -2 -8 -5 -23 -17 -27 -26
right_child=1 2 4 5 -6 6 9 8 -10 10 -12 12 13 -15 -16 25 -18 18 -20 20 -22 24 -24 -25 27 26 -28 -29
leaf_value=-0.0094994028173398786 0.11477053162677184 1.9873366011826448 -0.3771136021530363 0.048583679687082916 0.025974173843342562 0.0021582714786842283 -0.033383238259218496 -0.73041966853303053 0.40131216353154225 0.20426181959999981 -0.061083052982430289 0.99204449669615236 -1.0601587490349769 0.4178732182958661 -0.02861680449136102 0.74727800942201383 0.055933718432039758 1.1602933962473494 -0.082272721409524935 -0.026001532396390584 0.0045677044631477186 0.58814247676974163 0.33999210197194502 0.21167971965867924 2.5481230053449142 0.003146973591830431 0.37236163722142551 1.988650217541684
leaf_weight=39 31 149 31 31 31 472 30 48 30 94 31 86 38 53 305 305 53 42 36 44 111 46 185 348 33 30 36 909
leaf_count=39 31 149 31 31 31 472 30 48 30 94 31 86 38 53 305 305 53 42 36 44 111 46 185 348 33 30 36 909
internal_value=0.0001736 0.000314986 0 8.14619e-05 -0.000777778 1.29263e-05 -6.06187e-05 -0.00015479 -0.000898734 0.000146628 -0.000138889 0.00016208 -8.42695e-06 -0.000375 -6.61954e-05 0.00031962 0 0.00017292 -0.00013924 0.000237383 -1.60256e-05 0.000430882 0.000358796 0.000367105 0.000448938 0.000418011 4.47761e-05 0.000467656
internal_weight=3677 1407 388 2270 62 1807 1195 855 78 340 125 326 177 91 777 463 92 612 78 534 155 1019 215 379 988 371 66 942
internal_count=3677 1407 388 2270 62 1807 1195 855 78 340 125 326 177 91 777 463 92 612 78 534 155 1019 215 379 988 371 66 942
cat_boundaries=0 1
cat_threshold=2
is_linear=0
shrinkage=0.01


Tree=354
num_leaves=24
num_cat=2
split_feature=10 14 0 20 26 20 0 7 32 19 7 26 17 18 26 11 10 10 19 15 11 24 22
split_gain=0.604068 0.639858 0.414025 0.441092 0.344372 0.512728 0.445069 0.282222 0.401132 0.290086 0.135116 0.18721 0.166313 0.0994933 0.0680867 0.0664141 0.0592154 0.0356164 0.0213919 0.0172715 0.0137389 0.00883774 0.00817114
threshold=4966.2857142857147 -0.61913973745509387 0 26.110714285714288 28.875000000000004 29.114285714285717 1 61.500000000000007 0.20000000000000009 59.40000000000002 347.50000000000006 23.425000000000004 -0.81052350355985869 148.90000000000001 35.175000000000011 369.94036207297 6667.9285714285725 4273.5714285714303 1.0000000180025095e-35 -0.99761278905001471 669.22369602388414 5100.5000000000009 4950.5000000000009
decision_type=2 2 9 2 2 2 9 2 2 2 2 2 2 2 2 2 2 2 2 2 2 2 2
left_child=4 2 3 -2 5 6 10 8 -8 -9 12 -12 -1 18 17 -5 -4 -6 21 -20 -21 -3 -19
right_child=1 13 16 15 14 -7 7 9 -10 -11 11 -13 -14 -15 -16 -17 -18 22 19 20 -22 -23 -24
leaf_value=0.00069595923467871137 0.9600100748630952 0.24581693401216076 1.6306385647618791 -0.44259107938292952 0.00029568713666031733 -0.27711835716964345 -0.34088613267049028 0.42270066091030201 0.028363252012341009 -0.0033620512077183985 0.01059858006483543 -0.031483968867341679 0.055353299607062693 0.13674910805954352 0.1558802749307007 -0.11950723164370093 0.60428133099077197 0.34805414847518379 7.8839233115714924 1.9725703896449509 2.5875876250263712 1.7456842977860278 0.19541051070512375
leaf_weight=209 39 33 88 32 50 55 120 168 63 453 47 30 691 30 31 35 30 293 30 1056 32 31 31
leaf_count=209 39 33 88 32 50 55 120 168 63 453 47 30 691 30 31 35 30 293 30 1056 32 31 31
internal_value=0.000170881 0.000332637 -0.000124444 -0.00057265 6.26673e-05 0 3.39506e-05 -0.000132515 -0.000480978 -1.52733e-05 0.000180668 -0.000147436 0.000221976 0.000425392 0.000326355 -0.001125 0.000224806 0.000365333 0.000440406 0.00045487 0.00046281 3.07692e-05 0.000406154
internal_weight=3677 1436 224 106 2241 1836 1781 804 183 621 977 77 900 1212 405 67 118 374 1182 1118 1088 64 324
internal_count=3677 1436 224 106 2241 1836 1781 804 183 621 977 77 900 1212 405 67 118 374 1182 1118 1088 64 324
cat_boundaries=0 1 2
cat_threshold=157 966
is_linear=0
shrinkage=0.01


Tree=355
num_leaves=23
num_cat=3
split_feature=0 22 14 14 10 14 23 28 15 5 0 10 15 28 34 20 0 34 26 22 18 15
split_gain=0.559454 0.882316 0.799027 0.712971 0.449533 0.476936 0.412448 0.645884 0.364968 0.435923 0.296155 0.356975 0.434295 0.241064 0.189986 0.175035 0.17394 0.394672 0.187575 0.161664 0.110405 0.0128246
threshold=0 4349.5000000000009 -0.61913973745509387 -0.8781231054254196 5068.6428571428578 -0.63255557784149707 5090.5000000000009 27.175000000000008 -0.57782411410281842 2.5000000000000004 1 4805.9285714285716 -0.18493013702746822 27.675000000000004 3.0100000000000002 27.153571428571432 2 2.9550000000000005 22.575000000000006 3924.5000000000005 142.20000000000002 -0.99700296666818056
decision_type=9 2 2 2 2 2 2 2 2 2 9 2 2 2 2 2 9 2 2 2 2 2
left_child=1 19 -3 10 6 8 16 -8 9 -6 15 13 -13 14 -12 -2 17 -5 -18 -1 21 -7
right_child=3 2 -4 4 5 20 7 -9 -10 -11 11 12 -14 -15 -16 -17 18 -19 -20 -21 -22 -23
leaf_value=-0.051225024653169235 0.4791829284361262 0.19356676383978216 -0.91660876131556623 -0.050657263413107084 1.112362705205229 7.4396865955184879 0.41102810657547856 -0.38309249295447445 2.1696355565868091 -0.51878614955093616 -0.15461681145676845 -0.28656824857684526 0.032442402375558718 -0.075011391178423134 0.16567276751338381 -0.028990126872281134 -0.0025223704497522466 0.0051365472288166939 0.14455151348043505 0.032102788076426983 0.13538161697895232 2.6829180559041634
leaf_weight=36 115 30 54 31 31 33 56 32 58 35 33 41 43 36 208 39 169 422 1002 91 30 1028
leaf_count=36 115 30 54 31 31 33 56 32 58 35 33 41 43 36 208 39 169 422 1002 91 30 1028
internal_value=0.000138615 -0.000335586 -0.00115294 0.000171156 0.000233436 0.000384457 0.000120257 -0.000516854 -0.000144 -0.000701493 -0.000159884 -0.000321237 -0.000917647 -0.000113309 0 0.000163636 0.000161231 0 0.000224619 0.000105469 0.000453755 0.000471281
internal_weight=3653 211 84 3442 2927 1215 1712 88 124 66 515 361 84 277 241 154 1624 453 1171 127 1091 1061
internal_count=3653 211 84 3442 2927 1215 1712 88 124 66 515 361 84 277 241 154 1624 453 1171 127 1091 1061
cat_boundaries=0 1 2 3
cat_threshold=2560 292 416
is_linear=0
shrinkage=0.01


Tree=356
num_leaves=30
num_cat=2
split_feature=14 0 31 19 21 10 13 0 21 19 19 19 14 27 32 26 28 10 25 10 10 7 19 13 13 21 19 28 10
split_gain=0.565129 0.569756 0.570163 0.617972 0.537441 0.491708 0.442871 0.430018 0.512217 0.419889 0.378458 0.328239 0.285135 0.229504 0.401573 0.228074 0.37689 0.169279 0.229856 0.306932 0.117277 0.103727 0.101113 0.0743299 0.159272 0.0595737 0.0532898 0.0350039 0.0103378
threshold=-0.91936887716170002 0 0.55000000000000016 79.15000000000002 4997.5000000000009 4303.357142857144 5729.7024007080436 1 4247.5000000000009 1.0000000180025095e-35 106.45000000000002 325.85000000000008 -0.63255557784149707 1.0000000180025095e-35 9.9999999999999947 25.775000000000002 26.675000000000008 4476.857142857144 4212.5000000000009 4360.357142857144 7241.357142857144 204.50000000000003 216.70000000000002 5907.4542854206638 5768.631007341256 3847.0000000000005 254.00000000000003 25.075000000000006 3936.428571428572
decision_type=2 9 2 2 2 2 2 9 2 2 2 2 2 2 2 2 2 2 2 2 2 2 2 2 2 2 2 2 2
left_child=11 5 9 4 -4 7 21 8 27 -3 25 13 -12 14 -1 16 -9 18 -15 -20 23 -5 -19 24 -7 -11 -24 -2 -17
right_child=1 2 3 6 -6 20 -8 15 -10 10 12 -13 -14 17 -16 28 -18 22 19 -21 -22 -23 26 -25 -26 -27 -28 -29 -30
leaf_value=1.3585144362000654 -0.0015255122528139858 -0.13003943925393746 -0.27731609635880078 -0.10044845864766241 0.010551653232482696 0.48116801303259543 -0.1554579779177539 0.042881857080038145 -0.026809084631198223 -0.096944153117638307 0.00025523548775724944 -0.078328650741243233 -0.62384658404886428 0.26596117542201247 -0.16420268771339033 0.0030448317996402798 -0.065575571108386937 0.29411916872933075 -0.0022926381968971631 -0.1521405022257708 0.018019879506353503 0.73378410572728969 -0.13836181690113822 2.5971920552844048 0.29804918485883752 0.14142759470442681 0.50544304782728122 0.010201204954590004 0.29973250161060044
leaf_weight=31 37 36 53 34 33 955 30 126 32 31 65 37 30 42 30 30 31 114 77 32 42 96 54 607 189 531 39 42 167
leaf_count=31 37 36 53 34 33 955 30 126 32 31 65 37 30 42 30 30 31 114 77 32 42 96 54 607 189 531 39 42 167
internal_value=0.000138615 0.000187148 -1.10526e-05 -0.000433198 -0.00111494 0.000272807 0 0 -0.000528689 0.00012464 0.000195289 -0.000179431 -0.000338542 -7.2619e-05 -0.000637097 0.000156164 -7.27848e-05 0 -0.000226974 -0.000504545 0.00034922 0.00019084 0.000209135 0.000362728 0.000289956 0.00030373 0 -6.24999e-06 0.000396465
internal_weight=3653 3197 939 246 86 2258 160 465 111 693 657 456 95 419 61 354 157 358 151 109 1793 130 207 1751 1144 562 93 79 197
internal_count=3653 3197 939 246 86 2258 160 465 111 693 657 456 95 419 61 354 157 358 151 109 1793 130 207 1751 1144 562 93 79 197
cat_boundaries=0 1 2
cat_threshold=111 96
is_linear=0
shrinkage=0.01


Tree=357
num_leaves=26
num_cat=2
split_feature=14 13 33 0 24 22 21 19 21 13 7 12 11 0 13 23 13 12 18 13 27 26 17 11 15
split_gain=0.517572 0.545638 0.489447 0.456185 0.452111 0.443302 0.495321 0.370384 0.553245 0.266826 0.568967 0.244883 0.175147 0.151503 0.163311 0.496846 0.191615 0.105933 0.103618 0.103614 0.186625 0.0696528 0.0206481 0.00628768 0.001914
threshold=-0.91936887716170002 5877.8154440513872 344.75000000000006 0 4449.5000000000009 4199.0000000000009 4349.5000000000009 0.19999999999999826 4866.0000000000009 5819.799973347549 209.50000000000003 4773.8833333333341 560.28302787363907 1 5513.090414166446 4450.5000000000009 6062.1138164067606 4936.5833333333339 134.70000000000002 5346.1803277515401 2.6500000000000008 26.925000000000008 0.99351059783078122 89.691931531637991 -0.20180761162458913
decision_type=2 2 2 9 2 2 2 2 2 2 2 2 2 9 2 2 2 2 2 2 2 2 2 2 2
left_child=2 3 13 4 5 -2 -7 8 -5 11 -11 -9 18 14 15 21 -16 -6 22 20 -15 -1 -3 -10 -21
right_child=1 12 -4 7 17 6 -8 9 23 10 -12 -13 -14 19 16 -17 -18 -19 -20 24 -22 -23 -24 -25 -26
leaf_value=0.24412009301739532 0.00074040063624166103 2.4551174806682932 -0.092176568281199051 0.025954708096624837 0.27469390088212481 -0.072154937636166511 -0.027811323583467416 0.017860914667185718 -0.058284865488743433 1.2136405886491346 -0.66458540753248019 1.2261574919831635 -0.22855248860257768 -0.38214867999463603 0.40395224149416903 -0.19999049319383908 -0.20135129414804795 -0.19951823750637598 0.42647375899765055 0.017186644339792053 0.13326402353999042 -0.0097063758900267898 2.6677914189547693 -0.27237732965827627 0.83993609669346003
leaf_weight=41 44 670 31 64 92 39 36 1168 35 37 30 819 34 32 86 42 36 37 32 30 36 35 30 30 87
leaf_count=41 44 670 31 64 92 39 36 1168 35 37 30 819 34 32 86 42 36 37 32 30 36 35 30 30 87
internal_value=0.000124932 0.000171513 -0.000179431 9.27221e-05 -0.000293436 -0.000754167 -0.00121711 0.000141978 -0.00035 0.000178589 -0.000389706 0.000202968 0.000408083 -6.4554e-05 -0.000239044 -0.000512605 0 3.46154e-05 0.000444748 0.000114796 -8.69565e-05 0 0.000470756 -0.00102273 0.000326271
internal_weight=3653 3197 456 2431 248 119 75 2183 129 2054 67 1987 766 425 240 118 122 129 732 185 68 76 700 65 117
internal_count=3653 3197 456 2431 248 119 75 2183 129 2054 67 1987 766 425 240 118 122 129 732 185 68 76 700 65 117
cat_boundaries=0 1 2
cat_threshold=2080 94
is_linear=0
shrinkage=0.01


Tree=358
num_leaves=29
num_cat=3
split_feature=10 14 28 21 18 34 0 21 34 26 29 0 14 34 16 26 0 22 7 19 16 16 32 14 34 25 16 16
split_gain=0.560611 0.80337 0.32554 0.41211 0.287816 0.266369 0.359361 0.793047 0.550544 0.618796 0.384481 0.351647 0.811448 0.386577 0.303973 0.295106 0.21841 0.124285 0.148787 0.15569 0.112355 0.179817 0.101355 0.0792455 0.0769193 0.0583442 0.0374168 0.0144194
threshold=5076.857142857144 -0.72696319516528884 25.725000000000005 6127.5000000000009 148.90000000000001 3.0100000000000002 0 4794.5000000000009 5.5650000000000004 29.025000000000002 23.075000000000006 1 -0.41398024697495356 2.4000000000000008 -0.5484990889199054 32.525000000000006 2 4366.5000000000009 27.500000000000004 250.65000000000003 -0.66528308454101848 -0.93881210897455081 33.750000000000007 0.73865729060996177 4.455000000000001 6499.5000000000009 0.78325454425165997 0.9962888416657264
decision_type=2 2 2 2 2 2 9 2 2 2 2 9 2 2 2 2 9 2 2 2 2 2 2 2 2 2 2 2
left_child=5 2 -2 -4 16 11 17 14 10 -10 -9 22 13 -13 23 -16 25 20 -19 -20 21 -7 -1 -8 -22 26 -3 -18
right_child=1 4 3 -5 -6 6 7 8 9 -11 -12 12 -14 -15 15 -17 27 18 19 -21 24 -23 -24 -25 -26 -27 -28 -29
leaf_value=-0.0072948606213556182 1.6494056008552369 2.6390737471495753 0.1287524125885002 -0.24745946933354898 -0.17289291452532779 0.070045001723812367 0.33115711751385746 -0.22379219650968446 -0.58063513442089631 0.12988083910195553 0.23207147188416222 -0.026431465247534595 0.16955247789120453 -0.34828894659160797 0.0025921282671764827 -0.1356983855072503 2.6834646775135433 -0.099459807555257226 0.53609451768815131 -0.012284337094001084 0.060151141927118131 -0.0084227895069164914 0.47424417790968582 0.12198685088004947 0.011906775522001376 -2.7195312956038813 -0.027301402625748105 1.537591969702633
leaf_weight=44 37 56 51 47 35 50 303 40 78 30 145 30 50 37 514 46 960 31 469 37 138 53 72 30 171 36 30 33
leaf_count=44 37 56 51 47 35 50 303 40 78 30 145 30 50 37 514 46 960 31 469 37 138 53 72 30 171 36 30 33
internal_value=0.000135879 0.00030521 -0.000386029 -0.000717172 0.000395308 3.96792e-05 7.84176e-05 -3.09106e-05 -0.000488095 -0.00106422 -9.4086e-05 -0.000271368 -0.000636719 -0.00141912 0.000107942 -1.78253e-05 0.000427867 0.000223438 0.000331784 0.000380671 6.2954e-05 -0.000177885 6.29921e-05 0.000348802 0.000175806 0 0.000149425 0.000474602
internal_weight=3653 1285 135 98 1150 2368 2135 1186 293 108 185 233 117 67 893 560 1115 949 537 506 412 103 116 333 309 122 86 993
internal_count=3653 1285 135 98 1150 2368 2135 1186 293 108 185 233 117 67 893 560 1115 949 537 506 412 103 116 333 309 122 86 993
cat_boundaries=0 1 2 3
cat_threshold=547 856 2052
is_linear=0
shrinkage=0.01


Tree=359
num_leaves=29
num_cat=3
split_feature=10 14 27 33 0 20 12 25 14 25 29 18 0 29 7 0 12 7 25 29 16 29 12 20 25 26 16 16
split_gain=0.579999 0.80337 0.466653 0.364987 0.28986 0.535939 0.973529 0.43266 0.289465 0.411725 0.627665 0.287816 0.21841 0.185513 0.181624 0.137509 0.410187 0.136742 0.197036 0.117976 0.328412 0.118583 0.106895 0.0830536 0.0583442 0.0552594 0.0374168 0.0144194
threshold=5076.857142857144 -0.72696319516528884 0.95000000000000007 240.15000000000001 0 27.650000000000002 4930.7166666666681 4548.0000000000009 -0.94705910369513524 5876.5000000000009 27.675000000000004 148.90000000000001 1 22.975000000000005 32.500000000000007 2 4424.3166666666675 332.50000000000006 4676.0000000000009 25.925000000000008 -0.61237701952678392 23.375000000000004 3951.7500000000005 27.132142857142863 6499.5000000000009 24.475000000000005 0.78325454425165997 0.9962888416657264
decision_type=2 2 2 2 9 2 2 2 2 2 2 2 9 2 2 9 2 2 2 2 2 2 2 2 2 2 2 2
left_child=4 2 -2 -4 8 14 7 -7 9 10 23 12 24 17 -6 16 -15 18 -10 21 -21 -16 -17 -1 26 -19 -3 -14
right_child=1 11 3 -5 5 6 -8 -9 13 -11 -12 -13 27 15 19 22 -18 25 -20 20 -22 -23 -24 -25 -26 -27 -28 -29
leaf_value=0.33067905716383833 0.74481104254430097 2.6126830096780829 -0.80660897177281432 -0.063476493698645969 -0.15372238004595898 -0.13539618623297547 -0.42083691388724304 0.40282879771471453 -0.13647247302642299 -0.14571533467119299 -0.098977005127670561 -0.1711639853800716 2.6566300307384108 -0.013225201861276655 0.0008255563575920833 -0.0041742739104603643 0.4411892346753909 0.10066337714682166 0.15247111704545194 -0.23400576623712038 0.030389709048841116 0.44020105694421491 0.22343308004379989 0.00072767025798951173 -2.6923359826478439 -0.0028558892547549653 -0.027028388599487023 1.5222160500056072
leaf_weight=110 46 56 37 52 59 30 39 76 66 35 34 35 960 85 86 59 127 62 39 33 221 174 940 50 36 43 30 33
leaf_count=110 46 56 37 52 59 30 39 76 66 35 34 35 960 85 86 59 127 62 39 33 221 174 940 50 36 43 30 33
internal_value=0.000133142 0.00030521 -0.000386029 -0.000838889 3.5458e-05 -0.000124829 -0.000667808 -6.54205e-05 0.000111379 -0.000197826 0 0.000395308 0.000427867 0.000169128 0 0.000219059 0 -7.109e-05 -0.000353774 7.18447e-05 -5.09804e-05 0.000229885 0.000266832 0.000248447 0 0.000117925 0.000149425 0.000474602
internal_weight=3653 1285 135 89 2368 718 145 106 1650 229 194 1150 1115 1421 573 1211 212 210 105 514 254 260 999 160 122 105 86 993
internal_count=3653 1285 135 89 2368 718 145 106 1650 229 194 1150 1115 1421 573 1211 212 210 105 514 254 260 999 160 122 105 86 993
cat_boundaries=0 1 2 3
cat_threshold=619 2052 32
is_linear=0
shrinkage=0.01


Tree=360
num_leaves=29
num_cat=2
split_feature=10 14 28 0 11 11 19 28 33 6 14 13 20 19 14 29 23 21 0 16 19 28 5 33 21 23 23 31
split_gain=0.815313 1.07589 0.400546 0.399799 0.371568 0.755386 0.457817 0.599422 0.48241 0.354554 0.35264 0.484146 0.389291 0.264117 0.26067 0.251979 0.219432 0.20012 0.185705 0.288638 0.108352 0.0989045 0.0961357 0.0792668 0.0748098 0.0561872 0.038495 0.0143696
threshold=5076.857142857144 -0.72696319516528884 25.875000000000004 0 55.01990123731715 49.900853342559209 9.6500000000000057 31.400000000000006 7.9499999999999993 6.5000000000000009 -0.861146256326485 5203.7635118078188 22.053571428571431 240.15000000000001 -0.99697703579879204 27.225000000000005 4064.0000000000005 4794.5000000000009 1 0.77241981449888963 106.45000000000002 27.075000000000006 3.5000000000000004 1.0000000180025095e-35 4000.5000000000005 5951.0000000000009 4917.5000000000009 30.550000000000004
decision_type=2 2 2 9 2 2 2 2 2 2 2 2 2 2 2 2 2 2 9 2 2 2 2 2 2 2 2 2
left_child=3 2 -2 10 5 9 7 8 -6 22 11 -1 -12 -4 -8 -11 24 21 19 -3 -16 -13 -5 -18 -14 -15 -20 -28
right_child=1 18 13 4 6 -7 14 -9 -10 15 12 17 16 25 20 -17 23 -19 26 -21 -22 -23 -24 -25 -26 -27 27 -29
leaf_value=-0.19377389956796262 1.5228549063950179 3.0061600494715406 -0.56493445701721368 0.2701247195447421 0.016629874181982047 -0.19378174765203349 -0.1494583532771116 -0.42119328913223114 -0.7979880713945724 -0.0003578496500316073 -0.011386369460467479 0.52139639973657637 0.022645616185752414 -0.096199224124574684 0.045645983932583858 -0.21466860008683725 -0.031794481229096394 -0.12834469619805244 1.6648809281692349 -0.2877244588846245 0.0069487807969418015 -0.086932472058470087 -0.15986418152794232 0.30682909096570943 -0.02439661800661699 0.62014197576255603 2.6109890028353138 2.7512716083097395
leaf_weight=33 37 99 46 84 240 54 47 39 43 79 47 101 89 30 321 31 34 48 60 30 356 38 54 602 30 30 944 33
leaf_count=33 37 99 46 84 240 54 47 39 43 79 47 101 89 30 321 31 34 48 60 30 356 38 54 602 30 30 944 33
internal_value=0.00010856 0.000308779 -0.000475694 0 -0.00011479 -0.000425743 -1.62369e-05 -0.000337461 -0.000135563 -0.000144578 0.000146176 -0.000180995 0.000250311 -0.000813084 0.000113103 -0.000585586 0.000314153 0 0.000413882 0 0.000174779 0.000210714 0.000136691 0.000389325 -4.16665e-06 -0.000163934 0.000456584 0.000479039
internal_weight=3679 1309 143 2370 1348 302 1046 322 283 248 1022 220 802 106 724 110 755 187 1166 129 677 139 138 636 119 60 1037 977
internal_count=3679 1309 143 2370 1348 302 1046 322 283 248 1022 220 802 106 724 110 755 187 1166 129 677 139 138 636 119 60 1037 977
cat_boundaries=0 1 2
cat_threshold=195 2176
is_linear=0
shrinkage=0.01


Tree=361
num_leaves=25
num_cat=1
split_feature=10 14 25 0 16 14 13 13 31 14 21 12 13 28 22 14 13 18 12 7 28 25 10 14
split_gain=0.727254 0.613407 0.469291 0.463681 0.497323 0.36617 0.327793 0.324426 0.337354 0.321444 0.91764 0.314372 0.311246 0.843239 0.342701 0.191176 0.157563 0.103428 0.0779109 0.0738515 0.0414683 0.0212795 0.00796644 0.0101731
threshold=5657.2857142857147 -0.63255557784149707 6700.5000000000009 0 -0.14250758662009075 0.89404822654372251 5621.1301273810923 5304.1832347206355 0.55000000000000016 0.34235194516023087 4075.5000000000005 4964.1166666666677 5747.4298293891034 25.675000000000004 5026.0000000000009 -0.95754239937548935 5221.7146792653721 148.90000000000001 3963.8666666666672 132.50000000000003 26.875000000000004 7974.5000000000009 5215.2857142857156 0.96234642434711437
decision_type=2 2 2 9 2 2 2 2 2 2 2 2 2 2 2 2 2 2 2 2 2 2 2 2
left_child=3 2 20 7 6 12 11 8 9 10 -1 16 14 -14 -6 -9 -5 21 -11 -8 -2 -3 23 -17
right_child=1 17 -4 4 5 -7 19 15 -10 18 -12 -13 13 -15 -16 22 -18 -19 -20 -21 -22 -23 -24 -25
leaf_value=0.033374859454734 0.65043364111826218 8.5032300351857888 -0.19945670783953404 -0.041962947252124752 -0.034528914446272138 0.57780057225635229 0.08793751318127814 -0.082674121231228914 0.14444559900409421 -0.0058311455794006197 -0.17729073555721928 -0.27024330604674957 0.37347335174302648 -0.41126887665236384 0.74864385356278118 0.88148115063486243 0.035736120363851959 0.20982480927309691 0.32535185374385217 1.0620506882044014 -0.050477201561303517 7.162742266691021 2.9457742162347627 0.24755031211471903
leaf_weight=59 48 791 33 194 628 101 39 50 111 31 67 34 58 76 80 497 316 33 66 240 35 30 31 31
leaf_count=59 48 791 33 194 628 101 39 50 111 31 67 34 58 76 80 497 316 33 66 240 35 30 31 31
internal_value=0.000119429 0.000355304 -0.000273504 3.11808e-05 -6.02138e-05 -0.000220869 0.000111044 0.000211216 -8.95521e-06 -0.000261161 -0.000606299 -1.46789e-05 -0.000295374 -0.000762963 -0.000191819 0.000351639 2.93542e-05 0.000452632 8.67347e-05 0.000391071 1.78572e-05 0.000475061 0.000409821 0.00042344
internal_weight=3679 970 116 2709 1766 943 823 943 334 223 126 544 842 134 708 609 510 854 97 279 83 821 559 528
internal_count=3679 970 116 2709 1766 943 823 943 334 223 126 544 842 134 708 609 510 854 97 279 83 821 559 528
cat_boundaries=0 1
cat_threshold=67
is_linear=0
shrinkage=0.01


Tree=362
num_leaves=27
num_cat=1
split_feature=10 14 25 3 19 18 10 10 12 13 14 10 34 18 7 13 18 24 26 20 22 12 20 33 33 25
split_gain=0.727254 0.613407 0.469291 0.451901 0.543775 0.390185 0.46769 0.454101 0.882387 0.362976 0.333236 0.345438 0.294996 0.1919 0.155308 0.116086 0.103428 0.097298 0.0844999 0.064353 0.0538052 0.242481 0.0278717 0.0221852 0.0947244 0.0212795
threshold=5657.2857142857147 -0.63255557784149707 6700.5000000000009 0 0.19999999999999826 25.050000000000004 4168.2142857142871 4268.5000000000009 4436.9333333333343 5553.6423975044572 -0.91936887716170002 4296.7857142857147 4.745000000000001 1.0000000180025095e-35 59.500000000000007 5002.987946264263 148.90000000000001 4031.0000000000005 26.725000000000005 25.975000000000005 4973.0000000000009 4602.1333333333341 26.51071428571429 132.25000000000003 195.00000000000003 7974.5000000000009
decision_type=2 2 2 1 2 2 2 2 2 2 2 2 2 2 2 2 2 2 2 2 2 2 2 2 2 2
left_child=3 2 22 4 9 6 12 18 -9 -1 11 -5 -6 -8 20 19 25 -17 -7 -16 21 -12 -2 -13 -25 -3
right_child=1 16 -4 10 5 7 13 8 -10 -11 14 23 -14 -15 15 17 -18 -19 -20 -21 -22 -23 -24 24 -26 -27
leaf_value=-0.39516421166757226 0.95880458021439718 8.4181977348339299 -0.19746214076114313 -0.39676571433358659 -0.00024956440707622448 -0.054479032612826314 0.66828680283927333 -0.03426580119567145 -0.078668274702095475 -0.021740631446091695 0.037926019027256751 0.17602313310759976 -0.92429851188777234 0.0023605152528405203 -0.035167134719770704 -0.45022824817448409 0.20772656118036278 0.47473761445490559 0.1943027249801805 0.17871239792600357 1.4455920421489248 -0.10712395074144571 -0.020720287045843069 -0.1420395534246339 0.34768313341012658 7.0911148440241139
leaf_weight=30 42 791 33 30 182 36 384 47 222 39 126 38 63 551 39 30 33 535 80 73 53 39 41 56 56 30
leaf_count=30 42 791 33 30 182 36 384 47 222 39 126 38 63 551 39 30 33 535 80 73 53 39 41 56 56 30
internal_value=0.000119429 0.000355304 -0.000273504 3.11808e-05 -6.91131e-05 -2.39463e-05 5.92718e-05 -0.000304404 -0.000538889 -0.000935714 0.000192844 -0.000165746 -0.000315041 0.000168269 0.000276228 0.00035177 0.000452632 0.000410777 0.000153846 0 0 -4.51807e-05 1.78572e-05 0 -3.53982e-05 0.000475061
internal_weight=3679 970 116 2709 1634 1565 1180 385 269 69 1075 180 245 935 895 677 854 565 116 112 218 165 83 150 112 821
internal_count=3679 970 116 2709 1634 1565 1180 385 269 69 1075 180 245 935 895 677 854 565 116 112 218 165 83 150 112 821
cat_boundaries=0 1
cat_threshold=2
is_linear=0
shrinkage=0.01


Tree=363
num_leaves=30
num_cat=1
split_feature=10 14 25 0 16 13 7 19 25 13 23 15 33 29 13 10 13 13 19 15 14 25 18 7 27 28 25 15 14
split_gain=0.692344 0.613407 0.469291 0.441514 0.744031 0.539705 0.978144 0.331834 0.503711 0.331184 0.332687 1.21745 0.43062 0.330649 0.627672 0.34121 0.262228 0.271148 0.277484 0.240335 0.40113 0.149454 0.103428 0.0915938 0.0432638 0.0414683 0.0212795 0.0125586 0.0101005
threshold=5657.2857142857147 -0.63255557784149707 6700.5000000000009 0 0.76558307451930629 5747.4298293891034 57.500000000000007 129.05000000000004 4901.0000000000009 5575.5496727322579 4826.0000000000009 -0.29342786347392819 88.250000000000014 22.775000000000002 5304.1832347206355 4007.2857142857151 5081.1519979690283 4600.5500740466505 123.35000000000001 1.0000000180025095e-35 -0.91246704667116951 5876.5000000000009 148.90000000000001 289.50000000000006 11.650000000000002 26.875000000000004 7974.5000000000009 0.98899263613956456 0.98213580174693105
decision_type=2 2 2 9 2 2 2 2 2 2 2 2 2 2 2 2 2 2 2 2 2 2 2 2 2 2 2 2 2
left_child=3 2 25 13 9 7 -7 8 -6 10 12 -12 -5 14 15 -1 17 -15 -19 20 -11 28 26 -23 -9 -2 -3 -21 -18
right_child=1 22 -4 4 5 6 -8 24 -10 19 11 -13 -14 16 -16 -17 21 18 -20 27 -22 23 -24 -25 -26 -27 -28 -29 -30
leaf_value=0.00021377996355077274 0.64070817019912196 8.3340157574855951 -0.1954875193535355 0.035883322253947865 -0.19431574646794139 0.21151884737208343 -1.1631747699689601 0.42227517174938778 0.074711974467504647 -0.22432147997250046 -0.46036359648375064 0.011721745280558018 -0.034416194040699372 0.043263216245791263 0.79148272524203123 -0.18767344701327612 0.29862201293871493 0.087474826295237854 -0.22469114007602567 1.0933839192951222 0.31566422334562527 -0.14126979608214599 0.20564929556855671 2.9277624972201051 0.042386778155340574 -0.049765226675232109 7.0202036955838683 1.0364400269369003 0.35837772120026573
leaf_weight=31 48 791 33 456 122 33 32 63 69 32 33 78 241 103 91 38 633 60 37 267 132 30 33 37 30 35 30 31 30
leaf_count=31 48 791 33 456 122 33 32 63 69 32 33 78 241 103 91 38 633 60 37 267 132 30 33 37 30 35 30 31 30
internal_value=0.000124864 0.000355304 -0.000273504 3.85609e-05 -6.16564e-05 -0.000472857 -0.00132576 -0.000238596 -0.000492187 4.3273e-05 -6.92212e-05 -0.000575893 0 0.000195277 -0.000186335 -0.000935714 0.000273899 0 -0.000423469 0.000261339 0 0.000362517 0.000452632 0 0.000175532 1.78572e-05 0.000475061 0.000431438 0.000408886
internal_weight=3679 970 116 2709 1619 349 65 284 191 1270 808 111 697 1090 160 69 930 200 97 462 164 730 854 67 93 83 821 298 663
internal_count=3679 970 116 2709 1619 349 65 284 191 1270 808 111 697 1090 160 69 930 200 97 462 164 730 854 67 93 83 821 298 663
cat_boundaries=0 1
cat_threshold=579
is_linear=0
shrinkage=0.01


Tree=364
num_leaves=29
num_cat=1
split_feature=10 14 25 3 16 7 23 10 10 19 23 13 16 17 13 18 29 7 18 34 23 34 14 17 28 23 25 19
split_gain=0.692344 0.613407 0.469291 0.412754 0.590259 0.468867 0.652936 1.01343 0.376621 0.33703 0.30487 0.294928 0.373493 0.475441 0.23217 0.295113 0.220352 0.123186 0.103428 0.0971157 0.0550782 0.0525643 0.0728362 0.0426434 0.0414683 0.0236895 0.0212795 0.0067513
threshold=5657.2857142857147 -0.63255557784149707 6700.5000000000009 0 -0.14250758662009075 250.50000000000003 4499.0000000000009 4754.357142857144 5259.5714285714294 1.3000000000000007 4500.5000000000009 5221.7146792653721 -0.36547639117285574 -0.42764225457030058 5153.9764274340314 3.4499999999999971 30.125000000000004 20.500000000000004 148.90000000000001 2.9100000000000006 4020.5000000000005 4.5750000000000011 -0.97694226132849327 -0.32003627663099971 26.875000000000004 4167.0000000000009 7974.5000000000009 0.1000000000000018
decision_type=2 2 2 1 2 2 2 2 2 2 2 2 2 2 2 2 2 2 2 2 2 2 2 2 2 2 2 2
left_child=3 2 24 4 9 8 25 -8 10 -1 -6 12 13 -5 15 -11 -16 -13 26 -19 -15 22 -14 -23 -2 -7 -3 -21
right_child=1 18 -4 11 5 6 7 -9 -10 14 -12 17 21 20 16 -17 -18 19 -20 27 -22 23 -24 -25 -26 -27 -28 -29
leaf_value=-0.063249496091603991 0.63430108849713096 8.2506755999107373 -0.19353264416000288 -0.37113079436588847 -0.054238474873756638 -0.019026945871863481 -0.29150122568840298 -0.07338029166153591 -0.8558904074931688 0.13146756241459107 0.04585615843861824 -0.11998627427582274 0.0006465117401763473 -0.010233721674916164 0.34519497435657881 -0.64822376890537559 -0.0051688437562746169 -0.0020389389166345427 0.20359280261286725 0.7453492282388553 0.048401038731096677 0.11534027570381598 0.10450569898963688 -0.0090848669686876531 -0.049267574408482756 0.3925084896235761 6.9500016586280253 0.47581967876860254
leaf_weight=42 48 791 33 35 306 30 39 57 37 68 360 35 30 34 491 33 136 53 33 30 52 41 121 60 35 35 30 584
leaf_count=42 48 791 33 35 306 30 39 57 37 68 360 35 30 34 491 33 136 53 33 30 52 41 121 60 35 35 30 584
internal_value=0.000124864 0.000355304 -0.000273504 3.85609e-05 -5.68807e-05 -0.000240462 -0.000737654 -0.00125773 -0.000111506 0.000136187 -4.04797e-05 0.000192844 -9.35828e-06 -0.000487705 0.000197531 -0.000191176 0.000276274 0.000314367 0.000452632 0.000349551 0 0.000181818 0.000299342 0 1.78572e-05 0 0.000475061 0.000385366
internal_weight=3679 970 116 2709 1634 864 161 96 703 770 666 1075 373 121 728 101 627 702 854 667 86 252 151 101 83 65 821 614
internal_count=3679 970 116 2709 1634 864 161 96 703 770 666 1075 373 121 728 101 627 702 854 667 86 252 151 101 83 65 821 614
cat_boundaries=0 1
cat_threshold=2
is_linear=0
shrinkage=0.01


Tree=365
num_leaves=31
num_cat=2
split_feature=12 18 0 11 16 11 0 28 20 12 18 30 11 11 18 28 22 13 19 13 15 30 27 24 31 17 24 11 11 15
split_gain=0.681536 0.523418 0.8004 0.728459 0.903673 0.722906 0.443473 0.374329 0.359285 0.301002 0.487881 0.279825 0.252904 0.504618 0.241922 0.230794 0.263779 0.476813 0.227525 0.216274 0.282362 0.171306 0.147873 0.140183 0.136747 0.091452 0.106828 0.053268 0.132586 0.0501145
threshold=4773.8833333333341 32.050000000000004 0 125.35663410559364 -0.11798870221290077 312.65719334038869 1 27.325000000000006 23.053571428571434 4735.2166666666681 10.850000000000003 28.425000000000008 114.58516560931194 83.687056812725757 16.050000000000001 22.225000000000005 3991.0000000000005 5388.7259513742074 0.19999999999999826 5153.9764274340314 0.7487283477006671 26.125000000000004 14.050000000000002 7377.5000000000009 8.5500000000000025 -0.13185729634369445 5352.5000000000009 80.17837257370725 56.694670951428705 -0.70289845916694649
decision_type=2 2 9 2 2 2 9 2 2 2 2 2 2 2 2 2 2 2 2 2 2 2 2 2 2 2 2 2 2 2
left_child=6 18 23 29 -5 -6 8 11 15 19 -11 12 13 -8 -14 -1 -17 -18 21 20 -10 -2 -21 -3 25 26 -20 28 -9 -4
right_child=1 2 3 4 5 -7 7 27 9 10 -12 -13 14 -15 -16 16 17 -19 24 22 -22 -23 -24 -25 -26 -27 -28 -29 -30 -31
leaf_value=0.031929771676948084 -0.076764510194481023 1.3690867253235883 1.7295638950208412 0.53731138751513297 -0.35407595533099673 -0.091484637978536121 -0.0028580089562112282 0.53378631371582219 -0.0082619386921980002 -0.11942769281281834 0.48570890250485205 -0.66587294707373679 0.24087724481509043 -0.087643495801327603 -0.35467725539992428 0.0466141044159206 -0.82877794312418385 -0.048058517858734294 0.050227763663009482 0.22925389944899874 0.10133262666514632 1.3992365764467685 -0.079245144984401869 -0.13017393747797443 -0.16968082885036473 1.5103832837309594 2.2113912573442893 0.17328794318920612 -0.012625682003096279 -0.081183756758864578
leaf_weight=47 48 251 49 32 30 32 153 49 265 41 38 30 80 85 36 31 41 35 234 470 130 71 36 30 40 903 204 62 41 30
leaf_count=47 48 251 49 32 30 32 153 49 265 41 38 30 80 85 36 31 41 35 234 470 130 71 36 30 40 903 204 62 41 30
internal_value=0.000121931 0.000249105 -2.85714e-05 -0.0005625 -0.00118947 -0.00188889 -2.09455e-05 -0.000259598 8.47162e-05 0.000163099 -0.00038125 -0.000436364 -0.00031831 -0.000506276 0 -0.000341935 -0.000615741 -0.000935065 0.000339773 0.000222284 1.89394e-05 -4.16665e-06 0.000360947 0.000275685 0.000376628 0.000395306 0.000225513 0.000104575 0 0
internal_weight=3624 1954 454 173 94 62 1670 536 1134 980 79 384 354 238 116 154 107 76 1500 901 395 119 506 281 1381 1341 438 152 90 79
internal_count=3624 1954 454 173 94 62 1670 536 1134 980 79 384 354 238 116 154 107 76 1500 901 395 119 506 281 1381 1341 438 152 90 79
cat_boundaries=0 1 2
cat_threshold=362 843
is_linear=0
shrinkage=0.01


Tree=366
num_leaves=30
num_cat=1
split_feature=23 14 27 14 3 15 29 34 28 16 26 15 31 24 23 29 13 13 23 27 11 29 11 18 16 33 18 24 15
split_gain=0.601944 0.674576 0.363625 0.33984 0.337678 0.329842 0.571212 0.299864 0.243468 0.206302 0.336708 0.544054 0.213076 0.181297 0.313511 0.150658 0.149916 0.233138 0.129227 0.20831 0.170651 0.117721 0.100746 0.105497 0.0346726 0.0291505 0.0273295 0.0195121 0.0189955
threshold=5197.5000000000009 -0.63255557784149707 0.95000000000000007 -0.95244167294248061 0 -0.46800559042974538 26.875000000000004 2.8450000000000002 27.775000000000002 -0.67803021058859214 27.775000000000002 -0.93237865822738086 0.15000000000000005 4601.0000000000009 4449.5000000000009 22.975000000000005 5081.1519979690283 4738.4897959183681 4225.5000000000009 2.3500000000000001 104.08329997330338 22.375000000000004 669.22369602388414 139.65000000000003 -0.47653456831620439 125.15000000000002 44.850000000000016 4661.0000000000009 -0.99761278905001471
decision_type=2 2 2 2 1 2 2 2 2 2 2 2 2 2 2 2 2 2 2 2 2 2 2 2 2 2 2 2 2
left_child=3 2 -2 7 9 6 -4 -1 13 18 12 -12 -11 14 -9 21 17 -17 20 -20 -5 24 23 27 -6 -18 -7 -3 -29
right_child=1 22 5 4 15 26 -8 8 -10 10 11 -13 -14 -15 -16 16 25 -19 19 -21 -22 -23 -24 -25 -26 -27 -28 28 -30
leaf_value=-0.19213339713632266 0.37961169279583595 0.97227167817161952 -0.53018791171758906 -0.021018533352886868 0.016992366034240616 1.1344438099101268 0.87138287361179434 0.0090122242231217564 -0.2497518712612978 -0.031175542500645578 0.0064722956922964236 -0.37352487368242904 0.13040750427960349 0.43486568858642244 -0.0094727042779079763 0.15521072326736998 0.31605031663686922 -0.017511154733533891 0.31201183793372289 -0.018687540186434412 0.27011363416356882 -0.1218445813074639 1.1556310929848497 0.16424512679236347 0.14094643621329589 0.20709147758742949 -0.085725625382165188 7.351286575240727 2.9125639070932787
leaf_weight=35 68 30 32 60 30 32 34 72 36 489 117 90 186 105 30 105 459 62 267 38 43 53 30 31 53 122 43 31 841
leaf_count=35 68 30 32 60 30 32 34 72 36 489 117 90 186 105 30 105 459 62 267 38 43 53 30 31 53 122 43 31 841
internal_value=0.00012469 0.00031202 -0.000169048 3.09825e-05 7.67816e-05 -0.000489437 -0.001 -0.000290323 -0.000116803 -1.93648e-05 -0.000112118 -0.000463942 0 0 -0.000281553 0.000228249 0.000285714 0 0.000156479 0.000269608 -8.17308e-05 -1.45985e-05 0.000426867 0.000445931 0.000136905 0.000361684 0 0.000466224 0.000476518
internal_weight=3624 1172 209 2452 2174 141 66 278 243 1290 882 207 675 207 102 884 748 167 408 305 103 136 963 933 83 581 75 902 872
internal_count=3624 1172 209 2452 2174 141 66 278 243 1290 882 207 675 207 102 884 748 167 408 305 103 136 963 933 83 581 75 902 872
cat_boundaries=0 1
cat_threshold=2
is_linear=0
shrinkage=0.01


Tree=367
num_leaves=28
num_cat=2
split_feature=0 12 32 16 7 19 11 20 29 0 24 14 33 31 23 11 25 20 16 22 34 20 11 15 24 15 26
split_gain=0.646128 0.650615 0.734318 0.697279 0.761512 0.370597 0.352143 0.279764 0.3871 0.262709 0.363368 0.344613 0.140031 0.13592 0.128918 0.12598 0.125783 0.124011 0.0927586 0.0707463 0.0733939 0.0692597 0.0358327 0.0217892 0.0189736 0.0139351 0.00701518
threshold=0 5003.3833333333341 32.050000000000004 0.35845153958890236 222.50000000000003 0.19999999999999826 279.59902407976881 30.017857142857146 30.900000000000002 1 4491.0000000000009 -0.98664820696349753 139.75000000000003 2.9500000000000006 4977.5000000000009 141.85294605378144 4021.5000000000005 29.114285714285717 -0.53585195597499147 4725.5000000000009 7.705000000000001 34.246428571428581 61.256668548230273 0.5969655492110445 6053.0000000000009 -0.96234030595689413 25.675000000000004
decision_type=9 2 2 2 2 2 2 2 2 9 2 2 2 2 2 2 2 2 2 2 2 2 2 2 2 2 2
left_child=5 7 12 -4 24 14 -6 8 9 11 -11 -2 22 16 -1 17 -7 26 -14 21 -21 -9 23 -3 -5 -18 -15
right_child=1 2 3 4 6 13 -8 19 -10 10 -12 -13 18 15 -16 -17 25 -19 -20 20 -22 -23 -24 -25 -26 -27 -28
leaf_value=-0.017027963576206707 -0.04754388966036803 0.016013318432351844 0.80691464267004631 3.3076281101782907 -0.34609496333585854 0.0044016964978053135 -0.24498479551914415 0.37462565780917728 -0.28089477272601421 -0.032499173027578154 -0.00023407624467449941 0.017764388883741832 3.2910681533184065 0.1821657115069393 0.17473068048155299 -0.15631888766405197 0.57777975233956869 -0.094598360972102891 -0.14940378986952246 -0.19714812240790111 0.95164430355401319 0.21522474169852179 1.8512442766113903 1.4898705475215874 -0.063420928699099668 0.49766204508339157 0.37412648002484844
leaf_weight=43 43 30 100 32 30 52 33 123 33 234 177 646 57 30 51 51 30 30 53 32 34 32 526 70 30 895 127
leaf_count=43 43 30 100 32 30 52 33 123 33 234 177 646 57 30 51 51 30 30 53 32 34 32 526 70 30 895 127
internal_value=0.000121931 1.61221e-05 0.000218815 -0.000254425 -0.00077381 0.000298864 -0.00153906 -0.000120295 -0.000188272 -0.000145322 -0.000342417 -7.85713e-06 0.000377205 0.000351563 -0.000242105 7.94979e-05 0.000407464 0.000231383 0 0.000182432 0 0.000304487 0.000435407 9.90099e-05 0 0.000434665 0.000370253
internal_weight=3624 2315 961 225 125 1309 63 1354 1133 1100 411 689 736 1215 94 238 977 187 110 221 66 155 626 100 62 925 157
internal_count=3624 2315 961 225 125 1309 63 1354 1133 1100 411 689 736 1215 94 238 977 187 110 221 66 155 626 100 62 925 157
cat_boundaries=0 1 2
cat_threshold=322 649
is_linear=0
shrinkage=0.01


Tree=368
num_leaves=29
num_cat=2
split_feature=10 33 0 16 0 12 10 17 27 18 25 19 14 31 29 21 5 32 10 10 23 26 18 23 29 16 20 10
split_gain=0.793386 0.622715 0.689792 1.50066 0.408951 0.303226 0.488398 0.810839 0.463429 0.767833 0.282943 0.250244 0.237259 0.218511 0.189757 0.171498 0.153866 0.149904 0.108538 0.0980177 0.123917 0.0944252 0.0881919 0.0544141 0.0320455 0.014175 0.0121145 0.000922799
threshold=4951.7857142857147 137.40000000000003 0 0.83373797915484082 1 4977.1000000000013 4835.357142857144 -0.084834093387464782 12.200000000000001 50.650000000000013 4650.5000000000009 0.19999999999999826 -0.94705910369513524 3.6500000000000008 22.775000000000002 4427.5000000000009 2.5000000000000004 38.100000000000016 6043.7857142857147 5068.6428571428578 5090.5000000000009 32.525000000000006 53.149999999999999 5127.5000000000009 26.925000000000008 0.99274428880883148 26.246428571428577 4552.5714285714294
decision_type=2 2 9 2 9 2 2 2 2 2 2 2 2 2 2 2 2 2 2 2 2 2 2 2 2 2 2 2
left_child=4 17 3 26 11 6 8 -8 10 -10 -6 -1 13 15 16 -13 -14 19 -19 20 -2 -16 24 -22 -4 -21 -3 -7
right_child=1 2 22 -5 5 27 7 -9 9 -11 -12 12 14 -15 21 -17 -18 18 -20 25 23 -23 -24 -25 -26 -27 -28 -29
leaf_value=-0.014541194613044459 0.70675797880417957 0.58921414659250049 -0.083471618381991672 -0.48101742000000147 -0.0051800016842761488 0.84857929054960568 -0.30029850524618601 0.2812279178904184 -0.19508813461580965 0.12677128338143892 0.025695024029472244 -0.11380750280660969 0.058078955452801506 -0.01440056359248831 0.1624066136733211 0.3955709230115062 -0.0013532575109114796 -1.9514325809505055 6.9606599692322702 2.3324804552088976 -0.46721349697259201 -0.0010514259417696958 2.1827012964956625 0.21724457476790726 1.8786866087320711 1.4461669815225708 -0.13836450432706074 1.156524562791734
leaf_weight=49 87 49 43 32 584 30 40 32 30 40 267 30 65 49 656 75 62 30 46 886 31 76 124 32 35 33 30 81
leaf_count=49 87 49 43 32 584 30 40 32 30 40 267 30 65 49 656 75 62 30 46 886 31 76 124 32 35 33 30 81
internal_value=0.000113655 0.000294037 -7.48408e-05 -0.000692623 -3.23026e-06 -0.000141704 -0.000204728 -0.0010137 -0.00012961 -0.000915493 -5.223e-05 0.000131407 0.000174063 -0.000148387 0.000243605 2.35849e-05 -5.07812e-05 0.000403578 0 0.000434112 9.93378e-05 0.000308322 0.000239437 -0.000132812 0 0.000477717 0 0.000316964
internal_weight=3624 1458 313 111 2166 1104 993 72 921 70 851 1062 1013 154 859 105 127 1145 76 1069 150 732 202 63 78 919 79 111
internal_count=3624 1458 313 111 2166 1104 993 72 921 70 851 1062 1013 154 859 105 127 1145 76 1069 150 732 202 63 78 919 79 111
cat_boundaries=0 1 2
cat_threshold=2260 835
is_linear=0
shrinkage=0.01


Tree=369
num_leaves=27
num_cat=2
split_feature=10 19 0 16 0 24 13 25 20 22 15 25 16 16 11 11 16 10 10 18 28 24 13 15 7 10
split_gain=0.816948 0.545519 0.741513 1.59381 0.38887 0.345568 0.401779 0.321687 0.388714 0.278827 0.45226 0.349724 0.177876 0.650093 0.261949 0.115939 0.0895766 0.120595 0.124884 0.067174 0.0440506 0.0404787 0.0288337 0.0192005 0.01703 0.00797425
threshold=4951.7857142857147 137.40000000000003 0 0.83373797915484082 1 5050.5000000000009 5261.066369501912 5555.5000000000009 30.76428571428572 4698.5000000000009 -0.65883892954715351 4411.0000000000009 -0.33324245164869215 -0.60468929461279042 51.175466853901987 669.22369602388414 0.99758684199993486 5068.6428571428578 5043.6428571428578 18.249999999999996 25.475000000000005 4511.5000000000009 5357.8378211059999 -0.99700296666818056 48.500000000000007 6043.7857142857147
decision_type=2 2 9 2 9 2 2 2 2 2 2 2 2 2 2 2 2 2 2 2 2 2 2 2 2 2
left_child=4 15 3 20 5 6 12 8 9 11 -11 -6 13 -1 -14 16 17 18 -2 -4 -3 22 -10 -19 -8 -21
right_child=1 2 19 -5 7 -7 24 -9 21 10 -12 -13 14 -15 -16 -17 -18 23 -20 25 -22 -23 -24 -25 -26 -27
leaf_value=0.048018502089198577 0.82021596096723759 2.8876627836082882 1.0903053346455667 -0.48495903380190269 -0.012847835774190504 -0.062514475068096834 0.077734571835435709 0.70743586601135522 0.35649952843700322 0.71531942633134293 -0.11127888792860548 0.0094175113075393863 -0.0082027690685568325 -0.13665889355326363 0.14563473671440724 0.76729625042981842 0.670172353333646 7.2625776767115768 -0.32971484041655652 1.4711876641712118 -0.15710874134647598 0.75540389299943811 -0.027569969835298646 2.298554818560123 0.68077137823322598 0.96823138351157778
leaf_weight=121 101 39 30 31 404 42 30 98 38 54 214 351 101 53 191 53 33 31 36 137 41 93 30 896 346 30
leaf_count=121 101 39 30 31 404 42 30 98 38 54 214 351 101 53 191 53 33 31 36 137 41 93 30 896 346 30
internal_value=0.000110897 0.000294037 -5.17799e-05 -0.000692623 -7.84493e-06 0.000147486 0.000202847 -0.00012297 -0.000175527 -0.000252441 -0.000542751 -0.000135582 0 -0.000245714 0.000156997 0.000395308 0.000417577 0.000433803 6.15942e-05 0.00028125 0 0.00025 0 0.000477909 0.000445623 0.000377976
internal_weight=3624 1458 308 111 2166 884 842 1282 1184 1023 268 755 466 174 292 1150 1097 1064 137 197 80 161 68 927 376 167
internal_count=3624 1458 308 111 2166 884 842 1282 1184 1023 268 755 466 174 292 1150 1097 1064 137 197 80 161 68 927 376 167
cat_boundaries=0 1 2
cat_threshold=2260 771
is_linear=0
shrinkage=0.01


Tree=370
num_leaves=28
num_cat=1
split_feature=10 14 20 13 24 14 15 25 16 14 29 33 15 28 0 34 25 11 18 11 13 25 24 11 15 28 11
split_gain=0.814967 0.704205 0.367507 0.325411 0.835165 0.380081 0.400282 0.665456 0.312223 0.476027 0.307352 0.290029 0.414352 0.871859 0.235761 0.214838 0.174562 0.157264 0.0804029 0.0811476 0.0606702 0.0562459 0.0525424 0.0501145 0.0125289 0.00958571 0.00207251
threshold=5076.857142857144 -0.72101013194340913 26.546428571428578 5366.5494588744596 4977.5000000000009 -0.86976336936302323 1.0000000180025095e-35 4449.5000000000009 0.35845153958890236 -0.9259986516102553 22.775000000000002 16.350000000000009 -0.15101602693478741 32.350000000000001 0 5.9750000000000005 4650.5000000000009 62.05738335947111 148.90000000000001 669.22369602388414 6068.2478501228516 6692.5000000000009 4612.0000000000009 130.51135194893254 -0.99700296666818056 22.225000000000005 49.492182841924453
decision_type=2 2 2 2 2 2 2 2 2 2 2 2 2 2 9 2 2 2 2 2 2 2 2 2 2 2 2
left_child=3 2 21 4 5 6 23 -8 11 -10 17 12 13 -5 -12 16 -11 -7 19 22 25 -2 -3 -1 -24 -13 -14
right_child=1 18 -4 8 -6 10 7 -9 9 15 14 20 26 -15 -16 -17 -18 -19 -20 -21 -22 -23 24 -25 -26 -27 -28
leaf_value=0.3407603567894113 0.85129314397060951 2.271208974048597 -0.40829403451035134 -0.19359118369670861 -0.39725343065601937 0.00021138252846800794 -0.1994256733689368 0.14692834173098782 -0.1121072606500694 -0.058215993335971689 0.10782873266178443 0.25971495354546037 1.1726518441965508 0.81374989887629801 -0.00095542844343300866 -0.16767879577724532 0.27192331926334518 -0.03371580479569853 0.54713988212943709 1.4613819926496143 0.29502342921398433 -0.14340394229579467 6.8449245561314092 -0.0062409776146521304 2.4051519250637301 0.61425729483613378 0.75725872249906645
leaf_weight=49 52 53 55 41 31 65 81 41 45 86 398 30 30 54 371 46 268 100 37 39 40 30 33 30 963 495 88
leaf_count=49 52 53 55 41 31 65 81 41 45 86 398 30 30 54 371 46 268 100 37 39 40 30 33 30 963 495 88
internal_value=0.000127464 0.000333333 -0.000300725 1.44352e-05 -0.000100257 -4.62148e-05 -0.000443069 -0.000804878 0.000131944 -6.16592e-05 2.8877e-05 0.000255456 -1.63551e-05 -0.000546875 0.000122727 2.49377e-05 0.000132394 -0.000346386 0.000419627 0.000435262 0.000375442 1.20482e-05 0.000451905 0 0.000469408 0.000403992 0.000327731
internal_weight=3651 1262 137 2389 1166 1135 201 122 1223 445 934 778 213 95 769 400 354 165 1125 1088 565 82 1049 79 996 525 118
internal_count=3651 1262 137 2389 1166 1135 201 122 1223 445 934 778 213 95 769 400 354 165 1125 1088 565 82 1049 79 996 525 118
cat_boundaries=0 1
cat_threshold=139
is_linear=0
shrinkage=0.01


Tree=371
num_leaves=28
num_cat=3
split_feature=10 14 27 27 13 0 15 13 10 0 14 23 0 28 5 21 24 13 26 14 18 11 26 23 33 23 24
split_gain=0.726857 0.704205 0.31024 0.471148 0.226219 0.357754 0.547625 0.645748 0.348876 0.331753 0.295928 0.27969 0.268955 0.37555 0.411144 0.249065 0.362744 0.222485 0.277248 0.112662 0.0804029 0.0811476 0.0559689 0.0525424 0.0287059 0.0175176 0.0150244
threshold=5076.857142857144 -0.72101013194340913 0.95000000000000007 8.3500000000000032 5575.5496727322579 0 -0.8611288361322974 5342.0687998124713 5043.6428571428578 1 -0.8781231054254196 4590.5000000000009 2 26.175000000000008 2.5000000000000004 4299.0000000000009 4750.5000000000009 5535.2662518686129 23.725000000000005 -0.95244167294248061 148.90000000000001 669.22369602388414 27.125000000000004 4917.5000000000009 125.15000000000002 4925.5000000000009 4661.0000000000009
decision_type=2 2 2 2 2 9 2 2 2 9 2 2 9 2 2 2 2 2 2 2 2 2 2 2 2 2 2
left_child=4 2 -2 -4 5 10 7 -7 12 22 15 -11 13 -6 -15 24 -17 18 -12 25 21 23 -8 -3 -1 -14 -25
right_child=1 20 3 -5 8 6 9 -9 -10 11 17 -13 19 14 -16 16 -18 -19 -20 -21 -22 -23 -24 26 -26 -27 -28
leaf_value=-0.2281142699187817 0.60509705516290213 1.2892954359038062 -0.60981918558031178 0.0022504983575977609 0.66005545816924582 -0.40679159483401622 0.33455433819877678 0.021137441009542624 -0.16691526444247082 -0.0021531295432070502 -0.0092434315575026012 -0.071091195678640112 -0.064222552661563709 -0.23439503665446013 0.43746641885126702 -0.097509505954227096 0.19387694310290962 -0.11317369425141742 0.13212191711802065 0.93806997561379202 0.54166848330814554 1.4467681727231156 -0.070392030935502808 2.5996744694663732 0.3204053318180875 0.8541320759674379 2.416502792099561
leaf_weight=30 42 53 40 55 85 35 132 34 46 278 225 63 30 47 39 105 32 39 689 372 37 39 30 32 47 31 964
leaf_count=30 42 53 40 55 85 35 132 34 46 278 225 63 30 47 39 105 32 39 689 372 37 39 30 32 47 31 964
internal_value=0.000138417 0.000333333 -0.000300725 -0.000651042 3.11716e-05 -2.32758e-05 -0.000229846 -0.00107857 0.000192012 -9.62301e-05 7.08829e-05 -0.00028267 0.000267769 -2.47253e-05 -0.00054023 -0.000246512 -0.000518116 0.000153564 0.000193443 0.000397523 0.000419627 0.000435262 0.000236994 0.000451905 0.000108974 0 0.000469408
internal_weight=3651 1262 137 95 2389 1739 572 69 650 503 1167 341 604 171 86 214 137 953 914 433 1125 1088 162 1049 77 61 996
internal_count=3651 1262 137 95 2389 1739 572 69 650 503 1167 341 604 171 86 214 137 953 914 433 1125 1088 162 1049 77 61 996
cat_boundaries=0 1 2 3
cat_threshold=715 256 2057
is_linear=0
shrinkage=0.01


Tree=372
num_leaves=31
num_cat=2
split_feature=12 0 15 22 14 33 17 16 13 12 5 29 32 32 0 30 13 18 14 15 30 30 16 7 32 23 29 7 34 34
split_gain=0.763739 0.528577 0.983141 1.19775 0.414353 0.491703 0.404888 0.516994 0.322712 0.661344 0.21307 0.206718 0.451828 0.689687 0.185382 0.314987 0.245154 0.178257 0.225654 0.18119 0.14205 0.141754 0.141177 0.126255 0.105409 0.065946 0.0515355 0.0409243 0.0400645 0.0325225
threshold=4769.9000000000005 0 -0.29342786347392819 5506.0000000000009 -0.86976336936302323 236.45000000000002 -0.29343329057636974 0.878110924644389 5198.4042208352021 4245.2500000000009 1.0000000180025095e-35 23.375000000000004 1.1999999999999897 1.0000000180025095e-35 1 32.475000000000009 5562.1626273296615 50.650000000000013 -0.97694226132849327 -0.31800055644052067 26.275000000000002 23.175000000000004 -0.5484990889199054 43.500000000000007 158.20000000000002 4948.5000000000009 26.225000000000005 11.500000000000002 3.7350000000000008 6.3450000000000006
decision_type=2 9 2 2 2 2 2 2 2 2 2 2 2 2 9 2 2 2 2 2 2 2 2 2 2 2 2 2 2 2
left_child=4 2 3 29 5 8 7 17 9 -1 -10 12 13 21 16 23 20 19 -19 -3 -13 -6 -18 -16 -8 -4 -12 -14 -5 -2
right_child=1 6 25 28 11 -7 24 -9 10 -11 26 14 27 -15 15 -17 22 18 -20 -21 -22 -23 -24 -25 -26 -27 -28 -29 -30 -31
leaf_value=0.16707087035513282 -1.6592824194759788 -0.014838960725292019 0.10226093370732713 -0.24524278617192294 0.05604415202096287 -0.11567023673371273 1.3962179557853978 -0.1210416177868877 -0.013825588204138387 -0.090209513108064632 0.16857670804172997 0.052508563356541249 0.016666169982365749 -0.24135655648547549 -0.26656716168071642 -0.12256011581210743 0.48622049970159231 -0.15271469394726586 0.49415265259172941 0.85610098617673591 0.27877836866582273 -0.099218214600749532 -0.084975811310955496 0.0060417226548592174 0.35546874696556346 1.5223197631170087 0.012658083570426451 0.095366220521493517 2.6500190372045895 -0.14780860618099678
leaf_weight=44 30 107 61 30 56 34 1058 41 36 51 30 235 38 65 58 34 34 39 35 282 304 56 31 372 32 182 121 81 44 30
leaf_count=44 30 107 61 30 56 34 1058 41 36 51 30 235 38 65 58 34 34 39 35 282 304 56 31 372 32 182 121 81 44 30
internal_value=0.000127464 0.00026141 -5.54124e-05 -0.000762963 -2.37953e-05 -0.000353312 0.00034081 8.31683e-05 -0.000173145 -0.000651042 1.8617e-05 4.54213e-05 -0.000175084 -0.000514045 0.000115996 -1.68421e-05 0.000230894 0.000197198 -0.000173333 0.00029359 0.000313889 0 -0.000265151 3.48028e-05 0.000453712 0.000293033 0.000233553 0.000245833 0 -0.00180328
internal_weight=3651 1971 377 134 1680 316 1594 504 282 95 187 1364 296 177 1068 464 604 463 74 389 539 112 65 430 1090 243 151 119 74 60
internal_count=3651 1971 377 134 1680 316 1594 504 282 95 187 1364 296 177 1068 464 604 463 74 389 539 112 65 430 1090 243 151 119 74 60
cat_boundaries=0 1 2
cat_threshold=2308 143
is_linear=0
shrinkage=0.01


Tree=373
num_leaves=30
num_cat=3
split_feature=10 27 17 20 0 13 21 28 10 18 15 0 20 7 32 13 18 32 0 11 11 32 23 34 23 18 7 7 17
split_gain=0.74845 0.469169 0.569388 0.779055 0.29717 0.369216 0.313362 0.25392 0.664997 0.943661 0.727648 0.384117 0.367507 0.342403 0.384144 0.267812 0.219055 0.17591 0.163128 0.0888789 0.0825028 0.0634543 0.052254 0.0504445 0.0501145 0.0189736 0.0163188 0.0107504 0.00741091
threshold=5076.857142857144 0.95000000000000007 -0.029024744910506859 26.546428571428578 0 5198.4042208352021 4064.0000000000005 26.125000000000004 4825.5714285714303 2.7000000000000015 -0.23537842981696178 1 22.68214285714286 246.50000000000003 3.6000000000000014 5388.7259513742074 31.600000000000009 0.79999999999999838 2 47.559486560617486 669.22369602388414 154.00000000000003 4917.5000000000009 3.0100000000000002 5001.0000000000009 70.600000000000009 38.500000000000007 58.500000000000007 0.96407344085605606
decision_type=2 2 2 2 9 2 2 2 2 2 2 9 2 2 2 2 2 2 9 2 2 2 2 2 2 2 2 2 2
left_child=4 20 3 25 5 6 27 11 13 10 -10 16 15 18 -15 -13 17 -6 -9 -14 22 28 -2 -7 -11 -3 -25 -1 -4
right_child=1 2 21 -5 7 23 -8 8 9 24 -12 12 19 14 -16 -17 -18 -19 -20 -21 -22 -23 -24 26 -26 -27 -28 -29 -30
leaf_value=0.011839291278687037 1.3454344280650401 -0.13785347605653681 3.8990408419357934 -0.50875146875754818 -0.030454184380937423 0.078387552805845667 -0.043328836806474147 -0.0058238095101236413 -0.52122578590216306 0.39836799174322962 -0.042857552275853639 -0.11338981785109692 -0.071604040469031072 0.067104451782486835 -0.026300025636917957 0.75256520361079193 -0.57505491725570823 0.098899144427747512 0.20225924735543629 0.23198737300707692 0.29570768800227193 0.31575744919400384 2.2741767060740221 0.076743992804886432 -0.010311066134285363 1.2234987515594451 0.71333034729247502 0.082189637676306618 6.3159977130983833
leaf_weight=30 54 30 131 33 75 48 31 159 40 49 56 94 52 56 214 46 30 49 436 518 39 31 882 30 30 32 314 32 30
leaf_count=30 54 30 131 33 75 48 31 159 40 49 56 94 52 56 214 46 30 49 436 518 39 31 882 30 30 32 314 32 30
internal_value=0.000135679 0.000333333 0 -0.000651042 2.69875e-05 0.000246976 -0.00025 -2.50653e-05 -0.000134486 -0.000696023 -0.00136082 9.47977e-05 0.00020111 -8.66049e-06 -0.000313653 -0.000212766 -0.000321212 -6.4e-05 0.000113255 0.000323993 0.000438012 0.000290155 0.000456777 0.000396947 0 0 0.00044058 1.5873e-05 0.000373457
internal_weight=3651 1262 287 95 2389 485 93 1904 1040 175 96 864 710 865 270 140 154 124 595 570 975 192 936 392 79 62 344 62 161
internal_count=3651 1262 287 95 2389 485 93 1904 1040 175 96 864 710 865 270 140 154 124 595 570 975 192 936 392 79 62 344 62 161
cat_boundaries=0 1 2 3
cat_threshold=2 2576 2336
is_linear=0
shrinkage=0.01


Tree=374
num_leaves=25
num_cat=0
split_feature=10 28 10 24 15 12 12 29 5 5 13 11 10 13 11 18 29 18 11 11 11 24 7 7
split_gain=0.696657 0.429629 0.463491 0.397124 0.462167 1.31235 0.320872 0.221806 0.220986 0.271658 0.370734 0.264504 0.218128 0.155311 0.254975 0.130628 0.12498 0.111117 0.0805448 0.0536117 0.0208691 0.0130468 0.0107055 0.0053504
threshold=5908.9285714285725 25.125000000000004 4653.6428571428578 5050.5000000000009 -0.27694043983797384 5645.5000000000009 6005.1833333333343 23.375000000000004 5.5000000000000009 1.5000000000000002 5050.7357750435203 72.510753227378018 7503.5714285714294 5388.7259513742074 88.177707060351523 50.650000000000013 25.125000000000004 142.20000000000002 114.58516560931194 67.486682674178667 65.752964501940966 4373.5000000000009 359.50000000000006 21.500000000000004
decision_type=2 2 2 2 2 2 2 2 2 2 2 2 2 2 2 2 2 2 2 2 2 2 2 2
left_child=1 2 7 8 5 -5 -7 13 9 11 -11 -3 17 14 -1 19 23 -2 -18 -6 -15 -4 -23 -9
right_child=12 3 21 4 15 6 -8 16 -10 10 -12 -13 -14 20 -16 -17 18 -19 -20 -21 -22 22 -24 -25
leaf_value=-0.026989534979449337 5.6903481304158383 0.079317191753296254 0.85661416485050002 -0.53437429807852022 -0.085424408363300938 2.4814335231066922 -0.81789612522769317 0.036764554629850309 -0.62040568602381374 -0.09124852021772599 0.060865805604484589 -0.020050527146263489 -0.066720630024921027 0.22976952192076647 0.02323416190115727 -0.14611178668100469 -0.15328174143496956 0.31259987470206108 0.66738950512049944 0.69196045512301863 -0.031317822347346216 0.90551759995519376 1.3223097601785037 0.21559389679382451
leaf_weight=109 684 266 30 50 30 64 38 31 31 122 857 275 53 40 58 43 45 31 34 78 30 486 32 134
leaf_count=109 684 266 30 50 30 64 38 31 31 122 857 275 53 40 58 43 45 31 34 78 30 486 32 134
internal_value=0.000138417 6.29334e-05 0.00022767 -2.31806e-05 -0.000356908 -0.000745098 0 0 3.57603e-05 5.91716e-05 0.000162755 -0.000109779 0.000408323 -0.000216387 -0.000395833 0 0.000212245 0.000457402 -6.24999e-06 0.000220183 7.04225e-05 0.00042623 0.000441233 0.000376506
internal_weight=3651 2883 1029 1854 303 152 102 481 1551 1520 979 541 768 237 167 151 244 715 79 108 70 548 518 165
internal_count=3651 2883 1029 1854 303 152 102 481 1551 1520 979 541 768 237 167 151 244 715 79 108 70 548 518 165
is_linear=0
shrinkage=0.01


Tree=375
num_leaves=26
num_cat=3
split_feature=10 18 0 28 7 19 3 11 29 29 34 7 0 26 19 10 32 20 10 33 33 27 10 15 21
split_gain=0.670195 0.697093 1.1448 0.710067 0.763376 0.40166 0.490669 0.292817 0.330826 0.326728 0.326199 0.301036 0.170358 0.231097 0.180781 0.373364 0.168896 0.168227 0.0870035 0.0659307 0.0707037 0.0168206 0.015625 0.0150629 0.00933264
threshold=4951.7857142857147 29.550000000000001 0 25.475000000000005 222.50000000000003 0.19999999999999826 1 71.355079481682267 22.425000000000004 25.275000000000002 3.6950000000000007 342.50000000000006 2 22.625000000000004 46.900000000000013 4268.5000000000009 0.099999999999998243 22.864285714285717 6990.7142857142871 1.0000000180025095e-35 141.55000000000004 15.65 5138.7857142857156 0.9989598388634241 5687.5000000000009
decision_type=2 2 9 2 2 2 1 2 2 2 2 2 9 2 2 2 2 2 2 2 2 2 2 2 2
left_child=5 19 18 -4 -5 6 -1 12 11 17 -11 -9 13 -7 16 -16 -14 -10 -3 22 23 -15 -2 -21 -22
right_child=1 2 3 4 -6 7 -8 8 9 10 -12 -13 14 21 15 -17 -18 -19 -20 20 24 -23 -24 -25 -26
leaf_value=-0.2416289977034102 -0.076446536320570468 2.5588731070198829 2.1153072808541986 -0.082544087808713265 -0.48534988753451985 -0.015287719289530717 0.017764470864338241 -0.2411133991772485 -0.0011987362933377434 -0.018771121565769041 0.00013102684967088423 -0.028271976654400986 -0.00057682367100016002 0.28571576302356716 0.20193208433035051 -0.076892064286101749 0.080248713590486076 0.27598449520295204 0.91872364994460887 1.7433198158372429 0.67388228995638666 0.20246169073946538 5.163132532935256 1.5126186059636075 1.4534060898945063
leaf_weight=33 44 180 30 45 46 43 43 30 47 158 600 58 115 336 97 96 192 267 30 972 51 30 35 32 31
leaf_count=33 44 180 30 45 46 43 43 30 47 158 600 58 115 336 97 96 192 267 30 972 51 30 35 32 31
internal_value=0.000142916 0.000305945 -7.37952e-05 -0.000829545 -0.00135326 2.44641e-05 -0.000675325 5.5314e-05 -4.30663e-05 0 -0.000106719 -0.000629213 0.000191758 0.000344048 3.9139e-05 -0.00017268 0.000206169 0.00027619 0.000339367 0.000422384 0.000444342 0.000444142 0 0.000469652 1.20482e-05
internal_weight=3641 1496 331 121 91 2145 76 2069 1160 1072 758 88 909 409 500 193 307 314 210 1165 1086 366 79 1004 82
internal_count=3641 1496 331 121 91 2145 76 2069 1160 1072 758 88 909 409 500 193 307 314 210 1165 1086 366 79 1004 82
cat_boundaries=0 1 2 3
cat_threshold=299 2 135
is_linear=0
shrinkage=0.01


Tree=376
num_leaves=31
num_cat=1
split_feature=10 14 27 19 16 11 31 0 10 27 23 18 11 13 7 34 32 14 14 14 11 10 23 22 15 19 30 30 23 16
split_gain=0.777636 0.848036 0.530407 0.714478 0.41542 0.467141 0.620503 0.463894 0.423431 0.379925 0.699383 0.377302 0.501074 0.259548 0.169653 0.168081 0.164039 0.135898 0.101516 0.0965578 0.0807608 0.0691575 0.130162 0.0509236 0.0508712 0.0400139 0.0317764 0.0321717 0.0185214 0.0166943
threshold=4951.7857142857147 -0.71504373327588355 1.0500000000000003 240.15000000000001 -0.60468929461279042 144.90908466042029 0.15000000000000005 0 4206.4285714285716 0.75000000000000011 4776.0000000000009 60.149999999999999 253.11164783030628 5188.1449435404429 55.500000000000007 4.995000000000001 154.00000000000003 -0.98046803196378884 0.62587949062545845 -0.05695216311707673 53.452248382468326 5068.6428571428578 5090.5000000000009 3975.5000000000005 0.61067742788105683 118.95000000000003 27.425000000000004 31.750000000000004 4948.5000000000009 -0.84829621879359263
decision_type=2 2 2 2 2 2 2 9 2 2 2 2 2 2 2 2 2 2 2 2 2 2 2 2 2 2 2 2 2 2
left_child=4 2 -2 -4 8 7 19 14 13 10 -9 12 -8 23 20 -11 21 -16 -10 -7 -6 22 -3 -1 -24 -25 -20 -28 29 -23
right_child=1 16 3 -5 5 6 11 9 18 15 -12 -13 -14 -15 17 -17 -18 -19 26 -21 -22 28 24 25 -26 -27 27 -29 -30 -31
leaf_value=-0.018031668523154232 1.043906843372493 0.81342002907830668 -0.49852527630700638 0.13028842216998648 -0.081956600279933275 0.12230320129152811 -0.43674107138953544 -0.0008164415702441968 0.66581198009891085 0.20549067415533265 -0.20991668607956329 0.0021038798653218158 -0.050595138772721822 -0.0088701243886467433 -0.008114916571865631 -0.091143507652722125 -0.071528807240514442 0.15198408454945841 -0.015986044062871938 -0.039300931250967563 0.028854631843743435 2.3462233266632131 -0.28613306957500739 0.043591791042443206 0.18435858253741522 -0.16031838764080011 0.52386802861813675 0.22270036291120363 2.3277385424643628 1.8133210682786134
leaf_weight=39 60 95 44 67 72 72 39 334 360 198 89 31 31 34 56 30 35 420 36 46 73 37 32 59 33 30 60 36 1062 31
leaf_count=39 60 95 44 67 72 72 39 334 360 198 89 31 31 34 56 30 35 420 36 46 73 37 32 59 33 30 60 36 1062 31
internal_value=0.000137425 0.000312625 -0.00031686 -0.000754464 1.04846e-05 -7.67426e-05 -0.000502273 0 0.000224427 -0.000188066 -0.000373821 -0.00107353 -0.00147887 -0.000177914 0.000190665 0.000104804 0.000401584 0.000289308 0.000377282 0 -5.13698e-05 0.000422153 0.000124224 0 -0.000113636 0.000161111 4.51128e-05 0.000185567 0.000455349 5.7971e-05
internal_weight=3641 1496 171 111 2145 1491 219 1272 654 651 423 101 70 162 621 228 1325 476 492 118 145 1290 160 128 65 89 132 96 1130 68
internal_count=3641 1496 171 111 2145 1491 219 1272 654 651 423 101 70 162 621 228 1325 476 492 118 145 1290 160 128 65 89 132 96 1130 68
cat_boundaries=0 1
cat_threshold=547
is_linear=0
shrinkage=0.01


Tree=377
num_leaves=25
num_cat=2
split_feature=10 32 0 16 16 11 33 13 13 5 13 23 19 22 17 13 0 33 28 20 10 27 17 16
split_gain=0.984136 0.598135 0.774397 1.58557 0.398521 0.405263 0.374149 0.252822 0.909585 0.297245 0.249659 0.223134 0.341911 0.205493 0.118322 0.114129 0.0830796 0.0901566 0.0751686 0.165409 0.0397547 0.0325616 0.0218754 0.0109091
threshold=4951.7857142857147 27.899999999999999 0 0.78725952717486247 -0.82958102951528834 72.510753227378018 0.19999999999999826 5353.996859352791 5317.3203006430094 2.5000000000000004 5575.5496727322579 4300.5000000000009 41.95000000000001 3975.5000000000005 -0.2665969552767416 5029.8562914410568 1 1.0000000180025095e-35 26.875000000000004 29.317857142857147 5259.5714285714294 3.6500000000000008 0.99683437150207233 -0.86976336936302323
decision_type=2 2 9 2 2 2 2 2 2 2 2 2 2 2 2 2 9 2 2 2 2 2 2 2
left_child=4 16 14 21 15 10 -7 8 -8 -9 11 13 -13 -6 -3 -1 20 23 -17 -20 -2 -4 -19 -18
right_child=1 2 3 -5 5 6 7 9 -10 -11 -12 12 -14 -15 -16 18 17 22 19 -21 -22 -23 -24 -25
leaf_value=-0.020168981089211266 -0.16529337505408434 0.1618010175280277 1.5067740851174938 -0.50255446736785048 -0.0069287643416897386 -0.24082800334325946 -0.014272434253762106 -0.01027818061145833 -0.052224948942075237 0.33991161357757338 0.76303072988412635 0.024449506077944699 -0.044832688708660466 0.14280490938865961 3.0283881400738113 0.64279650996103954 1.2110387253486488 1.704082537420504 -0.027966447575252091 0.5545763816480157 3.6169536519296059 -0.18986976394629185 1.4284775840352095 -0.072820740261611297
leaf_weight=31 30 45 44 43 108 32 401 218 31 228 151 175 150 240 171 217 32 950 48 115 70 37 30 44
leaf_count=31 30 45 44 43 108 32 401 218 31 228 151 175 150 240 171 217 32 950 48 115 70 37 30 44
internal_value=0.000115459 0.000312625 -2.93255e-05 -0.000651852 -1.74744e-05 -8.81844e-05 -0.000236004 -0.000183163 -0.000355658 0 6.30303e-05 -5.19287e-06 -0.000207055 0.000154728 0.000299559 0.000256068 0.00042178 0.000447985 0.000314961 7.0122e-05 1.07396e-11 6.09757e-06 0.000479103 0
internal_weight=3641 1496 340 124 2145 1734 910 878 432 446 824 673 325 348 216 411 1156 1056 380 163 100 81 980 76
internal_count=3641 1496 340 124 2145 1734 910 878 432 446 824 673 325 348 216 411 1156 1056 380 163 100 81 980 76
cat_boundaries=0 1 2
cat_threshold=299 2064
is_linear=0
shrinkage=0.01


Tree=378
num_leaves=31
num_cat=2
split_feature=21 18 0 16 16 3 21 34 12 16 31 7 17 25 15 33 32 33 27 12 20 24 13 17 12 12 15 27 7 15
split_gain=0.731318 0.728546 0.796576 0.958149 0.430103 0.385665 0.540428 0.913909 0.357188 0.351883 0.78949 0.265531 0.241286 0.192435 0.187668 0.169856 0.168226 0.161716 0.154413 0.096366 0.0962799 0.137011 0.0913939 0.0831445 0.0813637 0.0416681 0.0181133 0.0168221 0.0146126 0.0083784
threshold=4997.5000000000009 29.550000000000001 0 0.83373797915484082 -0.71504042705586657 1 4794.5000000000009 5.535000000000001 4818.1833333333343 -0.33324245164869215 1.0000000180025095e-35 55.500000000000007 -0.95044791409952745 4701.0000000000009 0.71353761266622884 98.850000000000009 1.1000000000000039 1.0000000180025095e-35 2.1500000000000008 7096.7666666666673 24.039285714285718 4499.0000000000009 5595.8751262626274 0.63920574196977176 4602.1333333333341 4400.4000000000005 -0.8611288361322974 4.2500000000000009 130.50000000000003 0.9989598388634241
decision_type=2 2 9 2 2 1 2 2 2 2 2 2 2 2 2 2 2 2 2 2 2 2 2 2 2 2 2 2 2 2
left_child=4 17 3 23 13 6 12 8 -8 10 25 24 18 15 -14 20 -17 22 -6 -4 -1 -22 -2 -3 -11 -7 -13 29 -15 -19
right_child=1 2 19 -5 5 9 7 -9 -10 11 -12 26 14 28 -16 16 -18 27 -20 -21 21 -23 -24 -25 -26 -27 -28 -29 -30 -31
leaf_value=-0.0087335056522936313 -0.12431424700448002 -0.07032971966167359 2.177531346247525 -0.65810676237648669 7.686066856668062e-05 0.015271293915138102 -0.072032587232609427 -0.60402798024320503 0.49209330824581982 0.022709967518462198 -0.33366860198282033 0.24818592192317041 0.025356377679569001 0.24137082126200241 -0.0044300254325551755 0.02532997770826844 -0.086907945912080967 1.6148534360378759 -0.056504974378313748 0.10412482502734846 0.31404345574457743 -0.16896227819902579 1.4127005351986748 3.7136166952222345 -0.083578825741658286 1.1133283344732867 0.19976867744495649 0.50111558922324972 0.9768776281497451 1.5249581277323396
leaf_weight=30 32 42 171 38 44 30 40 43 76 115 56 94 443 30 224 32 37 989 37 44 159 35 44 47 41 61 288 30 255 34
leaf_count=30 32 42 171 38 44 30 40 43 76 115 56 94 443 30 224 32 37 989 37 44 159 35 44 47 41 61 288 30 255 34
internal_value=0.000123696 0.000295856 -8.45481e-05 -0.000699275 2.3031e-06 -7.78405e-05 -0.00021641 -0.000753125 -0.000188034 9.11079e-05 -0.000314189 0.000220779 -8.81175e-05 0.000240069 -9.73053e-06 2.21089e-05 -0.000364286 0.000419912 -0.000603659 0.000254425 0.000186667 0.000292308 0 -6.11111e-05 -7.64331e-05 0.000168478 0.000368146 0.000452087 0.000428322 0.000460449
internal_weight=3641 1471 342 127 2170 1592 907 159 116 685 147 538 748 578 667 293 69 1129 81 215 224 194 76 89 156 91 382 1053 285 1023
internal_count=3641 1471 342 127 2170 1592 907 159 116 685 147 538 748 578 667 293 69 1129 81 215 224 194 76 89 156 91 382 1053 285 1023
cat_boundaries=0 1 2
cat_threshold=2197 2
is_linear=0
shrinkage=0.01


Tree=379
num_leaves=27
num_cat=1
split_feature=10 14 34 20 20 0 14 20 12 12 34 13 13 24 14 10 25 32 28 29 10 23 29 23 15 15
split_gain=0.918453 0.644248 0.46075 0.324746 0.335501 0.517143 0.477168 0.387788 0.330354 0.324271 0.295811 0.253988 0.197723 0.281251 0.191743 0.158149 0.108015 0.0900225 0.0757272 0.0737052 0.0732759 0.132381 0.0681902 0.0556544 0.0481049 0.0152467
threshold=4951.7857142857147 -0.63255557784149707 3.2350000000000008 30.839285714285719 26.903571428571432 0 -0.54220184589352438 27.43928571428572 4930.7166666666681 4424.3166666666675 4.6450000000000005 6045.4284138856938 5378.0800717213124 4612.0000000000009 -0.98370366633421236 3991.7857142857151 4793.5000000000009 154.00000000000003 28.725000000000005 26.675000000000008 5068.6428571428578 5090.5000000000009 26.925000000000008 4948.5000000000009 0.61067742788105683 -0.99761278905001471
decision_type=2 2 2 2 2 9 2 2 2 2 2 2 2 2 2 2 2 2 2 2 2 2 2 2 2 2
left_child=3 2 -2 4 6 14 11 9 -9 -7 22 15 13 -8 -6 -1 -14 20 -5 -16 21 -3 -4 -22 -23 -25
right_child=1 17 10 18 5 7 12 8 -10 -11 -12 -13 16 -15 19 -17 -18 -19 -20 -21 23 24 -24 25 -26 -27
leaf_value=-0.024972051726103187 -0.10477966764134752 0.78047893110100508 1.4102135011285417 -0.0053349945942400079 -0.036806203958368471 -0.190350454563294 -0.0014671617714800641 -0.033974267365919991 -0.39363721693425391 0.027478642686105951 -0.98413996971397522 -0.27861061953344229 0.1981658821861452 -0.024390079533827748 -0.0058764670161223029 0.41041270937011454 -0.011699232581821893 0.98685603762895913 0.58584620410547117 0.14864915628442199 3.0477485642524802 -0.28130038900659182 0.3081357975237522 5.6123027484342689 0.13898735335152521 2.269194218237566
leaf_weight=30 44 93 108 31 49 43 423 119 38 120 31 30 117 65 53 472 107 31 216 232 52 32 30 32 31 1012
leaf_count=30 44 93 108 31 49 43 423 119 38 120 31 30 117 65 53 472 107 31 216 232 52 32 30 32 31 1012
internal_value=0.000129187 0.000319305 -0.000156542 0 -4.79199e-05 -0.000233588 4.17671e-05 -0.000513595 -0.00089557 -0.000112805 2.64706e-05 0.000273921 -0.000117812 -0.000237219 2.02899e-05 0.00033996 9.77778e-05 0.000406153 0.000336694 0.000148601 0.000419793 0.00011465 0.000280576 0.000453965 -0.000132812 0.000470813
internal_weight=3641 1496 213 2145 1898 654 1244 320 157 163 169 532 712 488 334 502 224 1283 247 285 1252 156 138 1096 63 1044
internal_count=3641 1496 213 2145 1898 654 1244 320 157 163 169 532 712 488 334 502 224 1283 247 285 1252 156 138 1096 63 1044
cat_boundaries=0 1
cat_threshold=538
is_linear=0
shrinkage=0.01


Tree=380
num_leaves=31
num_cat=3
split_feature=10 33 0 16 34 0 18 25 21 17 15 11 33 0 11 7 33 23 28 16 11 10 31 18 29 21 34 34 17 26
split_gain=0.938083 0.949054 0.686132 0.682675 0.452777 1.01016 0.48655 0.296783 0.659314 0.276747 0.472194 0.274242 0.26723 0.266117 0.261784 0.53414 0.94324 0.307404 0.229695 0.148452 0.145998 0.143509 0.132866 0.127655 0.110752 0.0728823 0.0684956 0.0670632 0.0669964 0.0506587
threshold=4688.9285714285725 132.25000000000003 0 0.77241981449888963 3.6950000000000007 1 71.700000000000031 4481.0000000000009 4199.0000000000009 -0.79384213008979243 -0.15101602693478741 292.35506758454852 0.19999999999999826 2 111.14833494346878 276.50000000000006 101.75000000000001 4324.5000000000009 25.475000000000005 -0.14250758662009075 136.13506541849719 4951.7857142857147 3.9500000000000006 8.4999999999999947 24.425000000000004 4698.5000000000009 3.4250000000000003 4.4350000000000014 0.99530134160901229 25.975000000000005
decision_type=2 2 9 2 2 9 2 2 2 2 2 2 2 9 2 2 2 2 2 2 2 2 2 2 2 2 2 2 2 2
left_child=4 12 3 18 5 20 7 8 -7 10 -4 14 21 23 15 17 -17 -6 -3 -16 26 -2 -20 -14 -11 -15 -1 -21 -27 -23
right_child=1 2 9 -5 11 6 -8 -9 -10 24 -12 -13 13 25 19 16 -18 -19 22 27 -22 29 -24 -25 -26 28 -28 -29 -30 -31
leaf_value=0.16183547581914245 -0.2145400662885999 2.4636750904210052 -0.1187226202536866 -0.85175476434924113 0.084162827258011497 -0.0016522915463295315 0.15190987478597878 -0.17125505684206643 -0.05748996393220418 -0.40063501400125562 0.42044288403079327 -0.16700574897724707 0.26625286773285939 0.47457207499630133 0.30017254286311146 0.020796535813196002 -0.28010391741896906 -0.018792865496026906 -0.24678905674365287 0.22197744219741097 -0.02493677570315897 -0.059047133288602026 0.11522510608737598 -0.22493591776874272 1.7951842691505981 1.0986088508701979 0.0055913673899250886 -0.018577847054811678 0.082191073602957299 1.378105773440498
leaf_weight=128 36 36 32 35 369 31 31 63 51 36 62 37 82 78 235 153 73 242 30 37 30 44 30 38 220 1214 48 49 47 59
leaf_count=128 36 36 32 35 369 31 31 63 51 36 62 37 82 78 235 153 73 242 30 37 30 44 30 38 220 1214 48 49 47 59
internal_value=8.9691e-05 0.000230529 -0.000144191 -0.000735915 -8.96705e-05 -0.000389034 -0.000919786 -0.00121575 -0.0016747 6.92521e-05 -0.000347368 0 0.000349594 0.000390069 3.36497e-05 -4.95227e-05 -0.000471366 9.06863e-05 -0.000226804 0.000281056 5.99078e-05 -3.57141e-06 -0.000655738 0 0.000264591 0.000429259 0.000214689 0 0.00045206 0.000110577
internal_weight=3656 2079 481 131 1577 382 176 145 82 350 94 1195 1598 1459 1158 837 226 611 96 321 206 139 60 120 256 1339 176 86 1261 103
internal_count=3656 2079 481 131 1577 382 176 145 82 350 94 1195 1598 1459 1158 837 226 611 96 321 206 139 60 120 256 1339 176 86 1261 103
cat_boundaries=0 1 2 3
cat_threshold=2244 523 2064
is_linear=0
shrinkage=0.01


Tree=381
num_leaves=30
num_cat=2
split_feature=10 33 13 13 0 29 15 10 20 24 15 7 24 0 16 22 15 19 31 10 26 33 19 11 24 24 16 15 13
split_gain=0.819265 0.547966 0.374442 0.599338 0.346705 0.356068 0.466854 0.61241 0.620708 0.341028 0.594724 0.334484 0.303806 0.230965 0.808482 0.209895 0.203551 0.202402 0.167457 0.324433 0.146101 0.113695 0.196567 0.0917001 0.0687168 0.0267021 0.0190347 0.00889008 0.00660217
threshold=5076.857142857144 137.40000000000003 5853.357985162047 5758.671135723308 0 25.525000000000002 0.45082531555062549 3885.7857142857147 26.167857142857148 5050.5000000000009 -0.18493013702746822 348.50000000000006 4535.5000000000009 1 0.36848418633289504 6181.0000000000009 0.98005052076767474 8.5500000000000025 1.8500000000000003 5969.2857142857147 27.525000000000002 116.05000000000003 152.85000000000002 39.639283881198232 3975.5000000000005 4548.0000000000009 0.99274428880883148 -0.97696767110351213 6242.9044459257466
decision_type=2 2 2 2 9 2 2 2 2 2 2 2 2 9 2 2 2 2 2 2 2 2 2 2 2 2 2 2 2
left_child=4 18 3 -3 11 13 9 -8 -9 12 -11 21 -7 14 25 28 20 -18 26 -20 -15 24 -23 -24 -1 -6 -2 -26 -4
right_child=1 2 15 -5 5 6 7 8 -10 10 -12 -13 -14 16 -16 -17 17 -19 19 -21 -22 22 23 -25 27 -27 -28 -29 -30
leaf_value=0.021289904028945542 2.1714372520721223 2.4673191248633124 1.9680904859100365 -0.78947969970908982 0.15048456813799746 -0.00871440232541793 0.093080560078505514 -0.020914984778823306 -0.53410073973658168 -0.16706011566585599 0.58044810941602643 -0.0063753081220861898 0.23148566722878591 0.12324752008780136 -0.04789882244496553 -0.22407360035655052 -0.14471393359734724 0.065383041851278037 -2.0871892995055759 7.3732073812512606 -0.074930159580517755 -0.054293571590481274 -0.039136048889551099 0.54366765013423979 0.21855238939078697 0.66640261992724847 1.4404877543013512 0.37525727220847038 0.66529859167843952
leaf_weight=35 851 44 123 47 41 453 51 94 36 45 39 33 344 372 50 32 41 55 30 85 32 52 45 109 30 64 31 362 30
leaf_count=35 851 44 123 47 41 453 51 94 36 45 39 33 344 372 50 32 41 55 30 85 32 52 45 109 30 64 31 362 30
internal_value=0.000114301 0.000319074 -4.33213e-05 -0.000592391 6.29208e-07 -7.03125e-05 -0.000187206 -0.000656593 -0.00103053 -7.87982e-05 -0.000682353 0.000196455 -1.87969e-06 0.000102896 -0.000195783 0.000174731 0.000215264 -0.000123711 0.000429359 0 0.000325926 0.000262618 1.44928e-05 0.00023871 0.000358645 0.000212264 0.000476784 0.000396947 0.000366883
internal_weight=3656 1273 276 91 2383 1717 1062 181 130 881 84 666 797 655 155 185 500 96 997 115 404 633 206 154 427 105 882 392 153
internal_count=3656 1273 276 91 2383 1717 1062 181 130 881 84 666 797 655 155 185 500 96 997 115 404 633 206 154 427 105 882 392 153
cat_boundaries=0 1 2
cat_threshold=66 2065
is_linear=0
shrinkage=0.01


Tree=382
num_leaves=27
num_cat=2
split_feature=10 33 25 34 0 10 33 16 10 0 34 14 25 14 11 13 33 27 32 34 32 5 16 24 16 19
split_gain=0.88695 0.729638 0.730382 0.426505 0.81723 0.510356 0.701595 0.416043 0.39528 0.285997 0.336048 0.284554 0.251222 0.224085 0.183973 0.179674 0.158813 0.226667 0.145447 0.0707204 0.0640536 0.0590278 0.0523779 0.0432638 0.0216311 0.00691358
threshold=5076.857142857144 137.40000000000003 6700.5000000000009 3.7050000000000005 0 4678.6428571428578 130.45000000000005 0.45272350407489786 5053.9285714285725 1 4.7950000000000008 0.86113431103781346 5800.5000000000009 -0.9259986516102553 147.74968805029337 5329.2186665868703 1.0000000180025095e-35 1.0000000180025095e-35 38.100000000000016 3.5950000000000002 21.950000000000006 2.5000000000000004 -0.098750666093870385 4561.0000000000009 0.99274428880883148 178.20000000000002
decision_type=2 2 2 2 9 2 2 2 2 9 2 2 2 2 2 2 2 2 2 2 2 2 2 2 2 2
left_child=3 18 12 4 14 6 7 -6 9 10 15 -12 -3 -7 19 -5 -11 -18 24 -1 -14 -8 -20 -15 -2 -22
right_child=1 2 -4 8 5 13 21 -9 -10 16 11 -13 20 23 -16 -17 17 -19 22 -21 25 -23 -24 -25 -26 -27
leaf_value=0.25038858486428545 2.1680933364353967 -0.55472068045924761 -0.21354168021369441 -0.00050332786354058 -0.036968659500945737 -0.017081672487336667 -0.028329148204470515 -0.4087343315335305 -0.17076120328048564 -0.080266259553257613 -0.062178378150519915 0.086593969926439626 0.36182623427330052 -0.047335909842872254 -0.061124371163834186 0.36880116771031174 0.28642645311291554 0.0025125927540015649 6.5865115960683216 0.0033770915911089097 1.6682565936067328 0.037432105043437087 -0.28471202116191835 0.82628033178408067 1.3398114249450117 1.4612507016425682
leaf_weight=181 878 37 53 192 105 42 35 33 33 53 273 101 30 30 33 173 607 364 46 30 30 35 43 63 30 126
leaf_count=181 878 37 53 192 105 42 35 33 33 53 273 101 30 30 33 173 607 364 46 30 30 35 43 63 30 126
internal_value=9.78945e-05 0.000311224 -0.000115523 -1.19547e-05 -0.00024915 -0.000560734 -0.000889952 -0.00130216 6.01002e-05 8.58844e-05 -5.4e-05 -0.000274667 9.59822e-05 -1.83823e-05 0.000164706 0.000143443 0.000195169 0.000231996 0.000439379 0.000308962 0.000283422 0 0 0.000175532 0.000477448 0.000369427
internal_weight=3656 1273 276 2383 587 343 208 138 1796 1763 739 374 223 135 244 365 1024 971 997 211 186 70 89 93 908 156
internal_count=3656 1273 276 2383 587 343 208 138 1796 1763 739 374 223 135 244 365 1024 971 997 211 186 70 89 93 908 156
cat_boundaries=0 1 2
cat_threshold=522 2604
is_linear=0
shrinkage=0.01


Tree=383
num_leaves=20
num_cat=1
split_feature=10 33 25 25 0 7 19 14 10 7 29 32 32 10 18 18 10 20 19
split_gain=0.800852 0.729638 0.730382 0.251222 0.247192 0.256087 0.379216 0.2433 0.23423 0.208947 0.166249 0.145447 0.0640536 0.0287059 0.0256469 0.0231062 0.0092774 0.013793 0.00691358
threshold=5076.857142857144 137.40000000000003 6700.5000000000009 5800.5000000000009 0 283.50000000000006 94.750000000000014 -0.99815974739704505 5053.9285714285725 355.50000000000006 25.525000000000002 38.100000000000016 21.950000000000006 4347.2142857142871 66.350000000000009 57.350000000000016 4007.2857142857151 23.43214285714286 178.20000000000002
decision_type=2 2 2 2 9 2 2 2 2 2 2 2 2 2 2 2 2 2 2
left_child=4 11 3 -3 5 14 13 -6 9 10 -9 -2 -5 -7 16 -13 -1 -18 -14
right_child=1 2 -4 12 7 6 -8 8 -10 -11 -12 15 18 -15 -16 -17 17 -19 -20
leaf_value=0.081592286256510924 2.1371065454752882 -0.54917347365465297 -0.21140626341155547 0.35820797193056658 -0.14200117700770717 0.012928611729881837 -0.10947393977281847 0.031401092510572971 -0.1387527180101035 -0.029901903551337084 -0.0031546426879464789 -1.9743396906127078 1.6515740276706619 0.63625993929144031 0.19704936064129655 1.9871712549537646 0.28136361843234747 0.55303405355808699 1.4466381946261411
leaf_weight=30 908 37 53 30 47 30 30 665 38 53 1127 30 30 47 53 59 30 233 126
leaf_count=30 908 37 53 30 47 30 30 665 38 53 1127 30 30 47 53 59 30 233 126
internal_value=0.000108832 0.000311224 -0.000115523 9.59822e-05 0 0.000207974 -0.000152778 -4.89438e-05 -2.57431e-05 -4.06283e-06 8.9236e-06 0.000439379 0.000283422 0.000108974 0.000354467 0 0.000396259 0.000422348 0.000369427
internal_weight=3656 1273 276 223 2383 453 107 1930 1883 1845 1792 997 186 77 346 89 293 263 156
internal_count=3656 1273 276 223 2383 453 107 1930 1883 1845 1792 997 186 77 346 89 293 263 156
cat_boundaries=0 1
cat_threshold=2
is_linear=0
shrinkage=0.01


Tree=384
num_leaves=25
num_cat=3
split_feature=10 14 34 0 10 14 11 12 0 0 19 13 25 28 25 31 16 25 16 5 32 26 18 16
split_gain=0.717907 0.721114 0.486356 0.231904 0.256227 0.291017 0.520847 0.331399 0.363367 0.222777 0.327461 0.216164 0.430755 0.449977 0.199341 0.170534 0.0624706 0.0558036 0.0508091 0.0506113 0.0179865 0.0151997 0.0104728 0.00974224
threshold=5076.857142857144 -0.61913973745509387 2.3350000000000004 0 5043.6428571428578 -0.96235977360714686 170.78251276601861 4977.1000000000013 1 2 38.750000000000007 5342.0687998124713 4439.0000000000009 26.175000000000008 4635.5000000000009 9.4500000000000011 -0.52766560075116253 6700.5000000000009 0.86440767487108461 1.5000000000000002 148.90000000000001 22.675000000000004 24.550000000000001 0.99196248624718542
decision_type=2 2 2 9 2 2 2 2 9 9 2 2 2 2 2 2 2 2 2 2 2 2 2 2
left_child=3 2 -2 11 5 6 14 8 -7 10 -3 12 16 -14 -5 21 -1 19 -18 -4 23 -13 -9 -11
right_child=1 9 17 4 -6 7 -8 22 -10 20 -12 15 13 -15 -16 -17 18 -19 -20 -21 -22 -23 -24 -25
leaf_value=0.00011752765791582271 -0.32622332346108646 1.5710738112097717 -0.13239505899314549 -0.19232382741852261 -0.21008728479411004 -0.013654755041919009 0.29793515009631433 1.0451068455179544 0.0041469508410862813 2.268963971092802 -1.0970026364721561 0.88349014049541896 0.0034049193355124296 -0.15133163846369377 -0.0033900909164432326 -0.096384510785946426 0.17814035995660946 -0.097627357104599424 0.09526089391922811 0.90519754252725082 3.2983042455118756 0.61175702632111084 1.1638563445304886 1.6501280524941266
leaf_weight=50 32 73 38 62 46 322 64 169 1000 905 39 30 39 52 49 30 126 35 41 87 30 273 30 34
leaf_count=50 32 73 38 62 46 322 64 169 1000 905 39 30 39 52 49 30 126 35 41 87 30 273 30 34
internal_value=0.000111567 0.000303375 -0.000227979 4.82384e-06 -5.07701e-05 -2.47495e-05 -0.000411932 1.34691e-05 -3.7037e-05 0.000407116 0 0.000169479 0 -0.000592391 -0.00084375 0.000348802 0.000222477 0 0.000318452 9.92064e-05 0.000453571 0.000432566 0.0003975 0.000467553
internal_weight=3656 1273 192 2383 1742 1696 175 1521 1322 1081 112 641 308 91 111 333 217 160 167 125 969 303 199 939
internal_count=3656 1273 192 2383 1742 1696 175 1521 1322 1081 112 641 308 91 111 333 217 160 167 125 969 303 199 939
cat_boundaries=0 1 2 3
cat_threshold=258 2084 2112
is_linear=0
shrinkage=0.01


Tree=385
num_leaves=31
num_cat=1
split_feature=10 14 34 11 7 12 15 15 13 34 3 13 19 18 11 14 22 7 26 17 24 10 21 23 12 18 24 23 26 7
split_gain=0.700946 1.01379 0.678574 0.386849 0.385507 0.47153 0.598966 1.22362 0.428901 0.288694 0.261865 0.257919 0.220198 0.300047 0.23366 0.204462 0.194871 0.179931 0.176461 0.261979 0.12588 0.123535 0.322248 0.119314 0.0964269 0.0934198 0.0565449 0.102345 0.0477971 0.041307
threshold=4951.7857142857147 -0.61913973745509387 2.3350000000000004 72.510753227378018 288.50000000000006 4559.6000000000013 -0.65883892954715351 -0.18493013702746822 5321.456440440822 4.6650000000000009 0 5469.7223678256951 101.05000000000003 4.0999999999999899 99.296314967364893 -0.89785546691630314 3975.5000000000005 273.50000000000006 21.875000000000004 0.45847758937963173 3925.5000000000005 5068.6428571428578 5090.5000000000009 4050.5000000000005 6991.9666666666681 66.350000000000009 4612.0000000000009 4917.5000000000009 24.775000000000002 326.50000000000006
decision_type=2 2 2 2 2 2 2 2 2 2 1 2 2 2 2 2 2 2 2 2 2 2 2 2 2 2 2 2 2 2
left_child=3 2 -2 10 5 17 11 -8 12 24 15 -7 14 -14 -6 -1 20 23 -17 -20 -12 22 -3 -5 28 -18 -23 -28 -4 -10
right_child=1 21 9 4 8 6 7 -9 29 -11 16 -13 13 -15 -16 18 25 -19 19 -21 -22 26 -24 -25 -26 -27 27 -29 -30 -31
leaf_value=-0.12356982690272141 -0.32296109022647734 0.74128420140911477 1.0752513643735333 -0.019310453524413188 -0.012632612347868388 -0.14376016987180196 -0.15322575429369184 -0.021893829342434317 1.7796076484943297 -0.74759631157367723 0.053952140758684451 0.57401959925558599 -0.25872043947303203 0.00035664611930338484 0.12672079004011916 -0.049562586299006152 0.11786201877804146 -0.15279603088372992 0.2955294572739719 -0.0081255048456013272 -0.023861906453398477 1.6861169667366782 -0.18799388683088725 0.1025933349810698 -0.072154379418202214 0.1893230295475766 0.013321074148272842 2.0964797259787233 0.7973517817551623 0.27570159323572563
leaf_weight=30 32 109 37 107 50 30 56 177 202 36 31 110 31 48 80 36 377 45 188 199 37 49 47 218 42 64 33 1015 92 51
leaf_count=30 32 109 37 107 50 30 56 177 202 36 31 110 31 48 80 36 377 45 188 199 37 49 47 218 42 64 33 1015 92 51
internal_value=0.000111885 0.000278634 -0.00029375 0 -0.000122305 -0.000266801 -0.00051738 -0.000826923 8.85529e-05 -3.125e-05 0.000146417 0 -0.000216667 -0.00063125 0 -7.70924e-06 0.000302941 0 2.71227e-05 0.000112113 -8.69565e-05 0.000395933 5.09554e-05 6.90184e-05 9.01163e-05 0.000385747 0.000435792 0.000451859 0.000265385 0.000379921
internal_weight=3659 1492 239 2167 1205 743 373 233 462 207 962 140 209 79 130 453 509 370 423 387 68 1253 156 325 171 441 1097 1048 129 253
internal_count=3659 1492 239 2167 1205 743 373 233 462 207 962 140 209 79 130 453 509 370 423 387 68 1253 156 325 171 441 1097 1048 129 253
cat_boundaries=0 1
cat_threshold=2
is_linear=0
shrinkage=0.01


Tree=386
num_leaves=31
num_cat=2
split_feature=10 14 21 11 0 16 34 17 17 18 22 12 18 11 13 19 0 13 20 20 10 20 18 34 19 31 22 18 16 24
split_gain=0.792227 0.887852 0.518423 0.492426 0.357211 0.5421 0.437797 0.393993 0.599653 0.359913 0.325308 0.433481 0.365772 0.299991 0.277549 0.329863 0.246756 0.352269 0.211174 0.255839 0.120431 0.115599 0.0937654 0.0934131 0.0754198 0.060422 0.0582836 0.0400139 0.0305762 0.0190132
threshold=4951.7857142857147 -0.72696319516528884 6053.0000000000009 783.43554587421056 0 -0.5484990889199054 4.6250000000000009 -0.79384213008979243 -0.94139465211055529 66.350000000000009 4590.5000000000009 4769.9000000000005 44.45000000000001 113.35142778800883 5378.0800717213124 5.2999999999999998 1 5853.357985162047 25.93928571428572 26.882142857142863 4835.357142857144 26.567857142857147 148.90000000000001 6.7950000000000008 1.0000000180025095e-35 1.5500000000000003 4917.5000000000009 91.550000000000026 0.95752911693909493 5100.5000000000009
decision_type=2 2 2 2 9 2 2 2 2 2 2 2 2 2 2 2 9 2 2 2 2 2 2 2 2 2 2 2 2 2
left_child=4 2 21 -4 6 18 7 8 -1 10 12 -12 -7 -10 15 -9 17 -3 -6 -20 -16 -2 24 -21 29 26 28 -11 -8 -18
right_child=1 16 3 -5 5 9 25 14 13 27 11 -13 -14 -15 20 -17 22 -19 19 23 -22 -23 -24 -25 -26 -27 -28 -29 -30 -31
leaf_value=0.30303243474175057 1.2075511326336834 -0.95378835661886974 -0.27522416523992882 0.059468527373223064 0.34441559450581266 -0.0038086509247098662 0.1820462731455319 -0.033749847326629341 -0.00065989330890411577 0.15327287568990536 -0.10406365120409965 -0.15306765620705487 -0.13758155548353704 -0.20751411173030421 0.46505428833508577 0.00039038647069665949 -0.078614931855769551 1.8515070540438761 -0.09533556709230076 0.49055878887827958 -0.003282490777607866 -0.30263004160585522 0.24250413098032056 -0.014018330420398205 1.59943983493318 0.1510998268073224 0.82032889769004202 0.08733225637904718 0.05259261413474494 1.3546437705131229
leaf_weight=56 65 35 39 33 148 288 377 51 37 59 85 116 35 53 217 286 40 85 38 76 40 36 31 50 1091 33 38 30 54 37
leaf_count=56 65 35 39 33 148 288 377 51 37 59 85 116 35 53 217 286 40 85 38 76 40 36 31 50 1091 33 38 30 54 37
internal_value=0.000100956 0.000278634 -0.000364943 -0.0010137 -1.68358e-05 -0.000168269 8.85874e-05 -5.39811e-05 -0.00052381 -0.00034772 -0.000453333 -0.000789604 -0.00021142 -0.00104396 4.53782e-05 -0.000122781 0.000370833 0 0.000146965 -4.84848e-05 0.000304264 4.90197e-06 0.00041281 0.000102362 0.000431138 0.00032008 0.00035 0.000161111 0.000383102 0
internal_weight=3659 1492 173 72 2167 925 1242 740 146 613 524 201 323 90 594 337 1319 120 312 164 257 101 1199 126 1168 502 469 89 431 77
internal_count=3659 1492 173 72 2167 925 1242 740 146 613 524 201 323 90 594 337 1319 120 312 164 257 101 1199 126 1168 502 469 89 431 77
cat_boundaries=0 1 2
cat_threshold=679 2064
is_linear=0
shrinkage=0.01


Tree=387
num_leaves=31
num_cat=3
split_feature=12 17 31 15 23 0 18 13 7 32 33 0 21 15 12 12 32 34 18 21 33 12 20 33 12 20 0 33 12 33
split_gain=0.706907 0.666342 0.579532 0.710229 0.323221 0.574434 0.554915 1.05698 0.512896 0.69406 2.03882 0.296047 0.413449 0.268199 0.25201 0.385937 0.23238 0.217136 0.201927 0.178436 0.166426 0.142872 0.141572 0.124142 0.124053 0.102398 0.0855966 0.0842981 0.0807448 0.0448571
threshold=4773.8833333333341 -0.022576210847469604 0.8500000000000002 -0.56369940867848845 4299.0000000000009 0 8.4999999999999947 5198.4042208352021 283.50000000000006 21.950000000000006 79.15000000000002 1 5165.5000000000009 0.5475998096715059 5233.0500000000002 5114.2333333333345 27.899999999999999 3.5650000000000004 158.20000000000002 4843.0000000000009 116.05000000000003 4606.0666666666675 29.796428571428574 29.050000000000004 4004.9500000000003 24.225000000000005 2 294.95000000000005 4430.9833333333345 21.000000000000007
decision_type=2 2 2 2 2 9 2 2 2 2 2 9 2 2 2 2 2 2 2 2 2 2 2 2 2 2 9 2 2 2
left_child=4 2 14 -4 13 6 25 -8 9 10 -7 12 -3 26 15 22 -5 -9 -13 -18 23 -10 -2 24 -15 29 -1 -16 -11 -6
right_child=1 11 3 16 5 8 7 17 21 28 -12 18 -14 20 27 -17 19 -19 -20 -21 -22 -23 -24 -25 -26 -27 -28 -29 -30 -31
leaf_value=0.0040410509805971825 0.42294473069478705 -0.27099873522971091 -0.50044898492918055 0.52409368847497173 -0.019165775491967303 -0.029596975676354376 -0.16073768494112642 -0.090125630726695841 0.59557106930573933 -0.1675763256899451 -0.18833872495699019 1.5037676828508899 2.0486736514920283 0.0030812531125777778 3.0729729491738129 -0.49447869114903831 0.51039481399677589 0.074291890869620111 -0.08280731341130379 -0.14477631045473563 -6.0893280428622978 -0.050510190699054755 -0.14392675466164506 0.033501420335726888 -0.0088657010307689431 0.6117472971609893 0.16548078484151038 0.14032569454358096 0.023844982702282289 0.053264600618307803
leaf_weight=105 207 43 42 60 62 115 37 70 68 31 41 1023 94 184 275 31 37 128 30 87 31 32 31 97 71 221 272 31 59 44
leaf_count=105 207 43 42 60 62 115 37 70 68 31 41 1023 94 184 275 31 37 128 30 87 31 32 31 97 71 221 272 31 59 44
internal_value=9.54918e-05 0.000223645 0 -0.000427313 -5.15278e-05 -0.000182618 1.74521e-06 -0.000349576 -0.000495798 -0.000757085 -0.00115924 0.000373636 -1.01351e-05 9.19842e-05 0.000169271 -2.03704e-05 -9.72973e-05 -5.02511e-06 0.000429041 -0.000384 -7.42187e-05 1.18029e-11 7.94979e-05 0 -0.000126953 0.000285061 0.000287037 0.000368078 0 0
internal_weight=3659 1991 801 226 1668 908 562 235 346 246 156 1190 137 760 575 269 184 198 1053 124 383 100 238 352 255 327 377 306 90 106
internal_count=3659 1991 801 226 1668 908 562 235 346 246 156 1190 137 760 575 269 184 198 1053 124 383 100 238 352 255 327 377 306 90 106
cat_boundaries=0 1 2 3
cat_threshold=311 2304 688
is_linear=0
shrinkage=0.01


Tree=388
num_leaves=31
num_cat=1
split_feature=10 33 25 13 0 34 25 6 11 16 26 12 7 26 24 16 25 11 34 7 31 18 34 10 13 15 15 22 10 18
split_gain=0.673033 0.975829 0.673496 1.03544 0.523996 0.499363 0.37748 0.334709 0.653001 0.646827 0.846932 0.27849 0.335894 0.282942 0.251052 0.362083 0.236168 0.225894 0.214761 0.169493 0.130525 0.119243 0.105346 0.103301 0.0951431 0.0387853 0.0220486 0.0200926 0.0184504 0.0167917
threshold=5068.6428571428578 137.40000000000003 6700.5000000000009 5989.918510995939 0 4.6450000000000005 5800.5000000000009 9.5000000000000018 122.71452879027611 0.10196183112029107 28.025000000000002 4289.2000000000007 246.50000000000003 25.175000000000004 4127.5000000000009 -0.2530974457044447 5876.5000000000009 113.35142778800883 3.4650000000000003 65.500000000000014 0.45000000000000007 25.050000000000004 2.4000000000000008 4303.357142857144 5691.5130632040064 0.94066717844141279 0.78192542922038288 5041.5000000000009 5215.2857142857156 66.350000000000009
decision_type=2 2 2 2 9 2 2 2 2 2 2 2 2 2 2 2 2 2 2 2 2 2 2 2 2 2 2 2 2 2
left_child=4 22 5 -4 14 6 -3 8 11 10 -10 13 -13 -6 15 -1 25 18 20 -11 -9 -19 -2 -20 -23 29 -17 28 -24 -16
right_child=1 2 3 -5 7 -7 -8 17 9 19 -12 12 -14 -15 16 26 -18 21 23 -21 -22 24 27 -25 -26 -27 -28 -29 -30 -31
leaf_value=-0.17144787557462837 3.1329089065485398 -0.3890199396667372 -0.92156468786444645 1.5619500051545077 -0.73432179433122247 -0.53515969549400411 1.6852602911288734 -0.011069360747289689 -0.35431773290954466 -0.051106888772421095 0.068478495163134076 -0.0099673215016844834 -0.079617439794782377 0.1964907064314021 0.23375012643439955 0.029540796532641789 -0.099980165913839653 0.47378525678890959 -0.0025599369595919103 0.086879935618321608 0.0018884865059298921 -0.11958433230750981 0.061825545606697431 0.034954179006300268 1.7027381015685108 0.031586899798446151 0.12010215077534989 2.0025008738538648 2.1524262222904249 0.23732245565237992
leaf_weight=30 30 36 30 31 103 30 179 31 45 40 30 521 44 170 540 30 33 217 115 89 31 30 30 71 39 45 41 903 38 57
leaf_count=30 30 36 30 31 103 30 179 31 45 40 30 521 44 170 540 30 33 217 115 89 31 30 30 71 39 45 41 903 38 57
internal_value=0.000103689 0.00028555 -0.000185668 -0.00112097 0 1.01626e-05 0.000219907 -0.000102079 -0.000209971 -0.000721951 -0.00148026 -7.27056e-05 -0.000207597 0.000169708 0.000213469 -0.000191176 0.00029216 8.78505e-05 -0.000104418 -0.000196154 -0.000619048 0.000289199 0.000439621 1.60428e-05 0 0.000343701 7.63889e-05 0.000458333 5.7971e-05 0.000365385
internal_weight=3659 1307 306 61 2352 245 215 1576 1042 204 75 838 565 273 776 101 675 534 248 129 62 286 1001 186 69 642 71 971 68 597
internal_count=3659 1307 306 61 2352 245 215 1576 1042 204 75 838 565 273 776 101 675 534 248 129 62 286 1001 186 69 642 71 971 68 597
cat_boundaries=0 1
cat_threshold=7
is_linear=0
shrinkage=0.01


Tree=389
num_leaves=31
num_cat=2
split_feature=10 14 29 0 15 12 13 15 23 34 29 0 22 10 6 10 28 34 24 22 13 24 34 25 25 24 19 10 15 32
split_gain=0.672984 0.879633 0.430207 0.638474 0.480584 0.454037 0.939842 0.425347 0.4678 0.376781 0.279262 0.366238 0.570928 1.10766 0.271641 0.276983 0.237859 0.14758 0.122545 0.310784 0.0850375 0.0846325 0.0883104 0.0821859 0.0753477 0.0469527 0.023867 0.0208691 0.0165588 0.0161824
threshold=5657.2857142857147 -0.63255557784149707 25.525000000000002 0 0.45082531555062549 4958.7666666666673 5308.2117295857452 0.071972700440407641 4917.5000000000009 3.2500000000000004 23.075000000000006 1 4813.0000000000009 4007.2857142857151 9.5000000000000018 4379.2857142857147 25.875000000000004 3.1450000000000005 4625.5000000000009 4149.5000000000009 5484.4423484848494 3900.5000000000005 5.4450000000000012 4411.0000000000009 5261.5000000000009 6433.5000000000009 250.65000000000003 4678.6428571428578 -0.99761278905001471 148.90000000000001
decision_type=2 2 2 9 2 2 2 2 2 2 2 9 2 2 2 2 2 2 2 2 2 2 2 2 2 2 2 2 2 2
left_child=2 9 10 14 7 6 -6 8 -5 -2 11 12 13 -1 16 -16 -4 20 19 -13 -12 -19 -23 -9 -20 -11 -18 -17 -3 -30
right_child=1 28 3 4 5 -7 -8 23 -10 25 17 18 -14 -15 15 27 26 21 24 -21 -22 22 -24 -25 -26 -27 -28 -29 29 -31
leaf_value=0.020519575383659831 -0.33862392879399095 6.3842494330154338 -0.045439232262551137 -0.0067173042036653896 -0.22009649835426373 0.033024965915921398 -0.11149631469064461 0.00055155252401555607 -0.24012428260976468 -0.11479530351261387 0.025682282331370154 0.061889768528804033 0.56303825536530949 -0.26842288815571053 -0.013668776904167002 0.38835266058923346 0.2278057707520301 0.011187300000001774 0.3500512279382042 -0.65670154660425373 -0.007155770097846007 0.31081798901118357 -0.0017880726642341613 0.66283640547729694 0.81631805862798079 1.0852876038048245 0.015014816549152456 -0.061938548994862209 7.553594014067011 1.8856817166744111
leaf_weight=33 41 31 50 493 71 56 31 54 109 40 57 78 53 34 54 40 412 30 155 66 30 500 33 124 33 39 83 30 767 32
leaf_count=33 41 31 50 493 71 56 31 54 109 40 57 78 53 34 54 40 412 30 155 66 30 500 33 124 33 39 83 30 767 32
internal_value=0.000111885 0.000341746 2.74908e-05 -7.24502e-05 -0.000243414 -0.000761006 -0.00115534 -0.000128041 -0.000263682 -0.000413223 0.00018223 0 -0.000458015 -0.001125 0.000153676 -0.000224 0.000260989 0.0003149 0.000163265 0 0 0.000375 0.000405431 0.000273743 0.000338624 0 0.000337702 7.04225e-05 0.000463297 0.000474375
internal_weight=3659 950 2709 1607 938 158 102 780 602 120 1102 452 120 67 669 124 545 650 332 144 87 563 533 178 188 79 495 70 830 799
internal_count=3659 950 2709 1607 938 158 102 780 602 120 1102 452 120 67 669 124 545 650 332 144 87 563 533 178 188 79 495 70 830 799
cat_boundaries=0 1 2
cat_threshold=579 2752
is_linear=0
shrinkage=0.01


Tree=390
num_leaves=30
num_cat=2
split_feature=21 33 17 0 34 20 28 20 13 16 16 28 21 3 21 23 26 33 13 5 13 7 11 7 23 28 12 26 28
split_gain=0.902262 0.793182 0.448356 0.346899 0.493753 0.938762 0.356656 0.560209 0.381502 0.260217 0.257635 0.764381 0.251928 0.564966 0.268963 0.44391 0.249153 0.137287 0.112461 0.113782 0.0738182 0.0691178 0.0670028 0.0578024 0.05285 0.0491115 0.0288337 0.014512 0.00453694
threshold=4997.5000000000009 137.40000000000003 0.2332836900311728 0 3.2850000000000006 27.075000000000006 29.075000000000006 30.589285714285715 5353.996859352791 -0.60468929461279042 0.35845153958890236 26.425000000000008 4850.5000000000009 1 4686.0000000000009 4341.0000000000009 26.425000000000008 130.45000000000005 5256.6979702687258 1.0000000180025095e-35 6154.940045897878 324.50000000000006 669.22369602388414 197.50000000000003 4723.5000000000009 25.975000000000005 4384.2500000000009 26.475000000000005 34.425000000000004
decision_type=2 2 2 9 2 2 2 2 2 2 2 2 2 1 2 2 2 2 2 2 2 2 2 2 2 2 2 2 2
left_child=3 22 10 9 5 17 8 -8 16 18 27 -12 14 -14 15 -11 -6 -5 19 -1 -13 -10 -2 -4 -16 -21 -9 -3 -20
right_child=1 2 23 4 6 -7 7 26 21 12 11 20 13 -15 24 -17 -18 -19 28 25 -22 -23 -24 -25 -26 -27 -28 -29 -30
leaf_value=-0.068422473069101597 1.4272985992867484 -0.12097098286658273 1.6960996774990955 -0.087923232101169244 0.00036241753601297616 -0.21772751366439191 -0.24288858748404998 -0.065563915417061441 0.45718459274919088 0.027809714518910275 -0.74903158126655922 -0.20148363358476559 -0.30277852571724234 0.69122327864022581 0.27849018280704935 -0.018606525627119386 -0.66045190802001497 0.70393877511439784 0.62205956848355404 0.03737120880856027 1.5970704466004384 0.15079492606069472 0.82819279259688106 2.7130355876872141 0.28529824336501763 0.0084436261510074436 0.32745750138877638 0.99826414701788257 0.41036881511334178
leaf_weight=30 1083 33 34 37 179 32 55 30 238 460 36 45 34 41 44 261 86 36 264 71 30 30 45 102 168 30 38 32 32
leaf_count=30 1083 33 34 37 179 32 55 30 238 460 36 45 34 41 44 261 86 36 264 71 30 30 45 102 168 30 38 32 32
internal_value=0.000117679 0.000312283 -0.000108626 -5.46198e-06 -0.000180699 -0.000825472 -6.39269e-05 -0.000552419 3.08989e-05 8.12587e-05 -0.000463277 -0.000754464 0 -0.000559211 3.90792e-05 -4.08587e-05 -0.000216165 -4.72973e-05 0.000288551 0 -3.28947e-05 0.000312268 0.000437555 0.000277372 0.000356808 0.00020098 0 0 0.000397306
internal_weight=3636 1440 312 2196 761 105 656 123 533 1435 176 111 1008 75 933 721 265 73 427 131 75 268 1128 136 212 101 68 65 296
internal_count=3636 1440 312 2196 761 105 656 123 533 1435 176 111 1008 75 933 721 265 73 427 131 75 268 1128 136 212 101 68 65 296
cat_boundaries=0 1 2
cat_threshold=603 2
is_linear=0
shrinkage=0.01


Tree=391
num_leaves=28
num_cat=2
split_feature=10 33 0 28 7 0 20 34 10 24 16 12 31 26 19 25 16 26 28 14 15 11 5 22 26 34 28
split_gain=1.13744 0.744444 0.414895 0.539789 0.458315 0.323423 0.677626 0.939753 0.674083 0.386097 0.327597 0.316479 0.291918 0.289281 0.192556 0.132537 0.179968 0.156218 0.115887 0.153645 0.0975742 0.0778311 0.0725422 0.125126 0.0658786 0.0539517 0.0122959
threshold=4951.7857142857147 137.40000000000003 0 25.475000000000005 222.50000000000003 1 27.060714285714287 3.2750000000000004 4835.357142857144 4031.0000000000005 -0.60468929461279042 5097.916666666667 0.65000000000000002 27.125000000000004 41.95000000000001 4299.0000000000009 -0.11798870221290077 24.625000000000004 26.425000000000008 -0.61913973745509387 -0.85225707553516283 669.22369602388414 1.0000000180025095e-35 4310.5000000000009 24.175000000000004 3.6950000000000007 32.475000000000009
decision_type=2 2 9 2 2 9 2 2 2 2 2 2 2 2 2 2 2 2 2 2 2 2 2 2 2 2 2
left_child=5 21 3 -3 -5 10 9 -8 13 24 22 12 14 -9 -12 16 -11 -17 19 -4 -14 -2 23 -1 -7 -24 -27
right_child=1 2 18 4 -6 6 7 8 -10 15 11 -13 20 -15 -16 17 -18 -19 -20 -21 -22 -23 25 -25 -26 26 -28
leaf_value=-0.067738248338409607 1.4626453368568226 1.6290523117148621 -0.69561259436522593 -0.30198649489982754 -0.2652695737230229 -0.24424357265771726 -0.2155502385277458 -0.019810237252104311 -0.2842343042109472 -0.31432117800761217 -0.00040407981411004338 -0.24383549062212875 0.19481893627852209 0.019389553434058522 -0.13839276147274146 -0.0032254182228816796 0.20022162221599671 0.25394517402253547 1.4826459038350774 3.2372740797210855 0.19387637663118784 1.1441957675569834 0.017094500516248296 0.47619599896613762 -0.54509025593313165 0.24044540018545371 0.27762988876324468
leaf_weight=30 1097 47 37 30 43 37 32 58 31 30 446 33 171 151 145 97 44 244 109 44 211 42 41 54 31 236 65
leaf_count=30 1097 47 37 30 43 37 32 58 31 30 446 33 171 151 145 97 44 244 109 44 211 42 41 54 31 236 65
internal_value=0.000109431 0.000327241 -8.03858e-05 -0.000534351 -0.00112838 -3.0393e-05 -0.000199086 -0.000600733 -0.00033195 3.09919e-06 5.26681e-05 -3.67428e-05 0 -7.38095e-05 -0.000142736 0.000138221 -0.000173333 0.00023538 0.000174129 0 0.000211488 0.00044693 0.000288056 0 -0.000666667 0.00035277 0.000399007
internal_weight=3636 1449 310 120 73 2187 755 272 240 483 1432 1006 973 209 591 415 74 341 190 81 382 1139 426 84 68 342 301
internal_count=3636 1449 310 120 73 2187 755 272 240 483 1432 1006 973 209 591 415 74 341 190 81 382 1139 426 84 68 342 301
cat_boundaries=0 1 2
cat_threshold=2140 603
is_linear=0
shrinkage=0.01


Tree=392
num_leaves=30
num_cat=2
split_feature=10 33 0 28 15 0 25 25 6 24 23 21 14 10 15 18 17 29 27 20 28 14 28 11 6 10 10 10 15
split_gain=0.987543 0.720693 0.414895 0.539789 0.458315 0.290497 0.261396 0.531821 0.571946 0.698831 0.416978 0.865941 0.298055 0.186885 0.180523 0.400223 0.140626 0.138591 0.23159 0.126334 0.115887 0.153645 0.0804218 0.0746276 0.0402518 0.0329907 0.0228776 0.0595334 0.0164346
threshold=4951.7857142857147 137.40000000000003 0 25.475000000000005 -0.70289845916694649 1 4349.5000000000009 4411.0000000000009 9.5000000000000018 5140.5000000000009 4360.5000000000009 4199.0000000000009 -0.65882179392489248 4278.9285714285725 1.0000000180025095e-35 23.299999999999994 -0.93919267210266388 26.275000000000002 0.35000000000000003 22.864285714285717 26.425000000000008 -0.61913973745509387 22.825000000000006 669.22369602388414 2.5000000000000004 4825.5714285714303 5086.0714285714294 5053.9285714285725 -0.85225707553516283
decision_type=2 2 9 2 2 9 2 2 2 2 2 2 2 2 2 2 2 2 2 2 2 2 2 2 2 2 2 2 2
left_child=5 23 3 -3 -5 13 14 10 9 -9 11 -8 -10 17 28 19 -15 22 -19 -16 21 -4 -1 26 -18 -26 27 -2 -7
right_child=1 2 20 4 -6 6 7 8 12 -11 -12 -13 -14 16 15 -17 24 18 -20 -21 -22 -23 -24 -25 25 -27 -28 -29 -30
leaf_value=-0.00078749298544081759 0.84243544455063957 1.6127617885977124 -0.68865646842157358 0.60859427738715965 -0.26261687798578942 0.30359056635244341 -0.33144613122700789 -0.019144066659371854 0.85016375337318484 -0.2046435918826407 0.16665025107502499 -0.1254300152483746 -0.0020915513863447284 -0.0062320167076650602 -0.053630398319092179 -0.37826471842661052 0.0061594518758808703 -0.024055028909166921 0.25160783279706411 0.020162415064822439 1.4678194447967277 3.2049013389238765 0.20247830706509282 1.1327538098814134 0.34455131103149411 0.5645248484145291 2.0505818991840026 0.0048179767617440696 0.2784781708594829
leaf_weight=30 121 47 37 30 43 57 57 557 253 37 35 51 85 55 81 30 48 31 30 230 109 44 66 42 267 57 925 51 130
leaf_count=30 121 47 37 30 43 57 57 557 253 37 35 51 85 55 81 30 48 31 30 230 109 44 66 42 267 57 925 51 130
internal_value=0.000117679 0.000320345 -8.03858e-05 -0.000534351 -0.00112838 -1.21115e-05 -8.58116e-05 -0.000178903 -7.9314e-05 -0.00027395 -0.000753472 -0.00106422 0.000233038 0.000171429 8.31758e-05 -2.77778e-05 0.000288551 -7.27848e-05 -0.000475806 4.96795e-05 0.000174129 0 8.24742e-05 0.000438158 0.000364611 0.000406154 0.000454007 0.000208092 0.000337766
internal_weight=3636 1449 310 120 73 2187 1603 1075 932 594 143 108 338 584 528 341 427 157 61 311 190 81 96 1139 372 324 1097 172 187
internal_count=3636 1449 310 120 73 2187 1603 1075 932 594 143 108 338 584 528 341 427 157 61 311 190 81 96 1139 372 324 1097 172 187
cat_boundaries=0 1 2
cat_threshold=2140 66
is_linear=0
shrinkage=0.01


Tree=393
num_leaves=30
num_cat=0
split_feature=10 33 21 12 29 29 15 25 12 20 16 24 12 13 7 25 5 30 16 33 16 11 16 30 25 16 10 10 30
split_gain=1.02849 0.643073 0.341554 0.380621 0.226305 0.440786 0.373153 0.521775 0.44044 0.517091 0.253165 0.246446 0.558026 0.23026 0.214689 0.425224 0.199634 0.199341 0.120485 0.0781296 0.0763901 0.0746276 0.0723597 0.0459255 0.0408485 0.0255643 0.0228776 0.0595334 0.0189736
threshold=4951.7857142857147 137.40000000000003 6127.5000000000009 5645.5000000000009 25.525000000000002 22.975000000000005 0.69521084835931835 4365.5000000000009 4930.7166666666681 28.617857142857147 1.0000000180025095e-35 4650.5000000000009 4400.4000000000005 5388.7259513742074 339.50000000000006 4373.5000000000009 3.5000000000000004 26.125000000000004 0.77241981449888963 7.1000000000000023 0.94911049632748046 669.22369602388414 0.90159200968320541 22.125000000000004 4837.5000000000009 -0.98390363056499475 5086.0714285714294 5053.9285714285725 26.925000000000008
decision_type=2 2 2 2 2 2 2 2 2 2 2 2 2 2 2 2 2 2 2 2 2 2 2 2 2 2 2 2 2
left_child=4 21 3 -3 5 13 8 19 11 10 -10 12 -6 14 15 -1 -16 -13 23 -8 -20 26 -5 -7 -15 -25 27 -2 -24
right_child=1 2 -4 22 6 18 7 -9 9 -11 -12 17 -14 24 16 -17 -18 -19 20 -21 -22 -23 28 25 -26 -27 -28 -29 -30
leaf_value=-0.037551399591095234 0.83401109010513386 -1.048597590273679 -0.3311174142791441 2.4058033654890987 0.0059949480960792565 0.0064813575755799926 -0.031936204594891535 -0.022548920191106891 0.39268002078190789 -0.24836956773557078 -0.36614515309751816 -0.19035726788768828 -0.01446422697628061 0.10639453938579597 0.15100295800987387 -0.22557546132900896 -0.015068746220004639 0.57915667852690123 -0.010558036293574418 0.12144544931968625 0.27507976326505884 1.1214262717826009 -0.079504694592209518 0.022056860692185345 0.053218843609583469 0.24617745933960325 2.0300760801921611 0.0047697969941256479 0.93640403614220946
leaf_weight=67 121 53 54 141 543 47 31 37 72 54 40 36 234 60 57 31 35 321 51 33 46 42 30 61 30 301 925 51 32
leaf_count=67 121 53 54 141 543 47 31 37 72 54 40 36 234 60 57 31 35 321 51 33 46 42 30 61 30 301 925 51 32
internal_value=0.000120429 0.000327241 -4.82315e-05 7.00389e-05 -1.21115e-05 0.00011817 -9.2368e-05 -0.000681373 -3.8432e-05 -0.000520958 -3.53982e-05 2.37886e-05 -6.61954e-05 -0.000177936 -0.00039267 -0.000717172 0 0.000247207 0.000301775 0 0 0.000438158 0.000301471 0.000376829 0.000164835 0.000415978 0.000454007 0.000208092 0
internal_weight=3636 1449 310 256 2187 786 1401 101 1300 166 112 1134 777 280 190 98 92 357 506 64 97 1139 203 409 90 362 1097 172 62
internal_count=3636 1449 310 256 2187 786 1401 101 1300 166 112 1134 777 280 190 98 92 357 506 64 97 1139 203 409 90 362 1097 172 62
is_linear=0
shrinkage=0.01


Tree=394
num_leaves=22
num_cat=1
split_feature=10 33 21 12 0 14 15 7 16 33 13 21 14 20 33 21 11 16 10 10 26
split_gain=1.10965 0.643073 0.341554 0.380621 0.247082 0.43754 0.566649 0.677521 0.209397 0.257324 0.336269 0.655047 0.249125 0.129843 0.139274 0.199554 0.0746276 0.0723597 0.0228776 0.0595334 0.0189736
threshold=4951.7857142857147 137.40000000000003 6127.5000000000009 5645.5000000000009 0 -0.71504373327588355 -0.79904327102181261 108.50000000000001 -0.82958102951528834 0.19999999999999826 5459.9088188461437 4269.5000000000009 -0.98214942551678475 25.75357142857143 8.7500000000000018 4548.0000000000009 669.22369602388414 0.90159200968320541 5086.0714285714294 5053.9285714285725 26.925000000000008
decision_type=2 2 2 2 9 2 2 2 2 2 2 2 2 2 2 2 2 2 2 2 2
left_child=4 16 3 -3 5 -1 -7 -8 13 -10 11 -11 -12 -6 -15 -16 18 -5 19 -2 -19
right_child=1 2 -4 17 8 6 7 -9 9 10 12 -13 -14 14 15 -17 -18 20 -20 -21 -22
leaf_value=0.01972719489544188 0.82567097920408006 -1.0381116143709403 -0.32780624013635307 2.3817453318342068 0.39208834973379991 0.12594620682772178 0.02016390948072368 -0.74185231648545125 -0.04755305662883396 0.024951609401157669 -0.059103049522148197 -0.015034445258119309 0.52645928282212895 0.54155292626191598 -0.093020711632892036 0.26720076982128371 1.1102120090647791 -0.078709647646286629 2.0097753193902412 0.0047220990241859575 0.927039995780785
leaf_weight=61 121 53 54 141 162 39 32 47 58 537 78 510 438 82 65 78 42 30 925 51 32
leaf_count=61 121 53 54 141 162 39 32 47 58 537 78 510 438 82 65 78 42 30 925 51 32
internal_value=0.00011218 0.000327241 -4.82315e-05 7.00389e-05 -2.58227e-05 -0.000371053 -0.000764706 -0.00125625 1.98119e-06 -4.28483e-05 -1.18286e-05 -0.000120706 0.000189555 0.000215206 1.1062e-05 -0.000128472 0.000438158 0.000301471 0.000454007 0.000208092 0
internal_weight=3636 1449 310 256 2187 179 118 79 2008 1621 1563 1047 516 387 225 143 1139 203 1097 172 62
internal_count=3636 1449 310 256 2187 179 118 79 2008 1621 1563 1047 516 387 225 143 1139 203 1097 172 62
cat_boundaries=0 1
cat_threshold=2052
is_linear=0
shrinkage=0.01


Tree=395
num_leaves=26
num_cat=3
split_feature=10 14 0 14 22 24 15 13 23 11 12 15 19 0 10 10 31 29 0 32 33 14 26 24 26
split_gain=1.00285 0.739507 0.449693 0.531282 0.458419 0.484054 0.813023 0.374712 0.619571 0.320637 0.36828 0.297901 0.289193 0.233249 0.562253 0.188421 0.154533 0.146583 0.133131 0.114049 0.105189 0.0827699 0.0669304 0.0210107 0.0109513
threshold=5086.0714285714294 -0.61913973745509387 0 -0.99697703579879204 4698.5000000000009 4915.0000000000009 -0.59177783207548873 5411.981585970264 4794.5000000000009 87.126751671413913 4409.6166666666677 -0.46800559042974538 278.85000000000008 1 4322.7142857142871 5043.6428571428578 10.150000000000002 22.975000000000005 2 148.90000000000001 40.95000000000001 0.95242846126021108 27.475000000000005 7202.5000000000009 22.225000000000005
decision_type=2 2 9 2 2 2 2 2 2 2 2 2 2 9 2 2 2 2 9 2 2 2 2 2 2
left_child=2 11 3 -1 13 6 -6 8 9 10 -4 12 -2 14 -5 -7 21 -15 20 -20 -3 24 -11 -13 -9
right_child=1 18 7 4 5 15 -8 16 -10 22 -12 23 -14 17 -16 -17 -18 -19 19 -21 -22 -23 -24 -25 -26
leaf_value=-0.21413755829650705 -0.45611587521744307 1.9875113929457422 0.017461080293728476 -0.025374547741651408 0.63796270406161515 0.2824546640141094 -0.14136017024988332 0.95688131722299774 -0.034588672468659203 0.13643742561473199 -0.0082122385331976043 0.46583351129582073 0.2673431735523753 -0.055448312634520047 0.050998533565023665 -0.10142660871011824 -0.028404153805973317 0.022539617813527091 2.0957787976115152 0.040917061357730482 -1.3562186284166078 0.0016238363867225659 0.36955552350281373 0.085699512657124929 0.66261090582460935
leaf_weight=37 47 64 311 73 63 123 127 31 59 184 108 69 51 79 81 34 56 570 934 31 54 33 39 30 380
leaf_count=37 47 64 311 73 63 123 127 31 59 184 108 69 51 79 81 34 56 570 934 31 54 33 39 30 380
internal_value=9.37585e-05 0.000320062 -2.34408e-05 -0.000164023 -0.000117289 -0.000420977 -0.000759162 0.000107673 -2.77778e-05 4.82115e-05 -9.64286e-05 -0.000209596 -0.000616162 1.86568e-06 -0.000321212 0 0.000319361 9.77273e-05 0.000425738 0.000463627 0 0.000386517 0.000363839 9.5e-05 0.000425971
internal_weight=3668 1280 2388 1187 1150 347 190 1201 701 642 419 197 98 803 154 157 500 649 1083 965 118 444 223 99 411
internal_count=3668 1280 2388 1187 1150 347 190 1201 701 642 419 197 98 803 154 157 500 649 1083 965 118 444 223 99 411
cat_boundaries=0 1 2 3
cat_threshold=2744 32 2052
is_linear=0
shrinkage=0.01


Tree=396
num_leaves=27
num_cat=4
split_feature=10 14 0 22 24 22 10 14 27 18 33 34 11 23 15 5 0 0 22 16 0 18 33 24 24 28
split_gain=0.956558 0.739507 0.345784 0.469417 0.532104 0.491138 0.424462 0.404081 0.362322 0.478597 0.372618 0.369876 0.355528 0.340902 0.297901 0.289193 0.25481 0.195582 0.224552 0.166127 0.133131 0.114049 0.105189 0.0836882 0.0210107 0.0139903
threshold=5086.0714285714294 -0.61913973745509387 0 4698.5000000000009 4686.0000000000009 4797.5000000000009 5043.6428571428578 -0.98664820696349753 2.0500000000000003 0.19999999999999826 1.0000000180025095e-35 4.2950000000000008 87.126751671413913 4801.0000000000009 -0.46800559042974538 2.5000000000000004 1 2 4366.5000000000009 0.90159200968320541 3 148.90000000000001 40.95000000000001 4040.5000000000005 7202.5000000000009 27.875000000000004
decision_type=2 2 9 2 2 2 2 2 2 2 2 2 2 2 2 2 9 9 2 2 9 2 2 2 2 2
left_child=2 14 3 7 5 -5 13 -1 9 10 -4 12 -11 -6 15 -2 -13 18 -9 -19 22 -22 -3 -12 -16 -10
right_child=1 20 8 4 6 -7 -8 17 25 11 23 16 -14 -15 24 -17 -18 19 -20 -21 21 -23 -24 -25 -26 -27
leaf_value=-0.055120574105089498 0.0035493317490876697 1.9676362790162858 -0.08169793655990383 -0.25765591329779974 -0.028142448528716297 -0.030937024240525277 -0.26730921277209824 -0.019510579598097023 0.28988923824951168 -0.017159958236194275 0.0080125340611615116 -0.026762513740607421 0.0063807975035248925 0.64501144937508259 0.46117517618286685 -0.45155471646526685 0.32920328182846542 0.05774788090180976 0.18869337430584318 -0.34901388529517519 2.0748210096354027 0.040507890744155443 -1.3426564421324461 0.66259225159809065 0.084842517530555925 0.77693458509006197
leaf_weight=40 51 64 53 33 99 34 42 198 238 158 70 115 100 153 69 47 144 443 75 70 934 31 54 293 30 30
leaf_count=40 51 64 53 33 99 34 42 198 238 158 70 115 100 153 69 47 144 443 75 70 934 31 54 293 30 30
internal_value=9.92096e-05 0.000320062 -1.50691e-05 -0.000138982 -0.000440608 -0.00127206 -0.000213559 0 9.94225e-05 0 0.000258993 -0.000195946 -0.000467181 -1.58103e-05 -0.000209596 -0.000616162 3.65385e-05 4.19314e-05 -0.000153169 0.000165076 0.000425738 0.000463627 0 0.000388736 9.5e-05 0.000423792
internal_weight=3668 1280 2388 1187 361 67 294 826 1201 933 416 517 258 252 197 98 259 786 273 513 1083 965 118 363 99 268
internal_count=3668 1280 2388 1187 361 67 294 826 1201 933 416 517 258 252 197 98 259 786 273 513 1083 965 118 363 99 268
cat_boundaries=0 1 2 3 4
cat_threshold=2744 324 544 2052
is_linear=0
shrinkage=0.01


Tree=397
num_leaves=29
num_cat=4
split_feature=21 14 34 33 14 0 13 28 20 16 16 15 0 15 5 23 25 0 19 11 27 0 29 20 28 5 15 32
split_gain=0.77449 0.783047 0.301098 0.527009 0.645531 0.436949 0.705867 0.297064 0.533677 0.664366 0.732548 0.372772 0.284998 0.261142 0.289193 0.228684 0.255512 0.160819 0.2006 0.139228 0.132253 0.129865 0.0898461 0.0717609 0.0826204 0.0328366 0.0152916 0.0170585
threshold=5127.5000000000009 -0.61913973745509387 3.7050000000000005 190.95000000000002 -0.91246704667116951 0 5553.6423975044572 27.125000000000004 30.589285714285715 -0.48971288843577082 -0.71504042705586657 0.50370931781787065 1 -0.46800559042974538 2.5000000000000004 4780.5000000000009 4793.5000000000009 2 38.750000000000007 124.15590865617885 0.15000000000000005 3 33.525000000000006 27.475000000000005 21.525000000000002 1.5000000000000002 -0.99700296666818056 139.65000000000003
decision_type=2 2 2 2 2 9 2 2 2 2 2 2 9 2 2 2 2 9 2 2 2 9 2 2 2 2 2 2
left_child=2 13 3 4 -1 6 -6 12 9 10 -9 -11 15 14 -2 16 -4 18 -3 -5 -7 22 -10 24 -14 -15 -19 -28
right_child=1 17 7 19 5 20 -8 8 21 11 -12 -13 23 25 -16 -17 -18 26 -20 -21 -22 -23 -24 -25 -26 -27 27 -29
leaf_value=-0.15873240033264258 0.0035138384315963967 1.8121795061454811 0.00027853888273071296 0.50054888178853429 -0.057837490042819038 -0.0127782834799634 0.47674834219756335 -0.011643699280167029 -0.095588642246052249 0.04268679423369804 -0.35919926182251388 -0.068463967103346651 0.022636042941351155 -0.074538449054331601 -0.44703916930061105 0.86405332363252385 -0.13320813654437977 5.217477197995585 -1.3573689304558674 -0.0015161484871478524 0.43573252123148343 0.6643937616606499 0.53679415354866211 -0.16790248336868707 0.28722872192382115 0.82966487747090012 2.024718603177432 0.99065856227083371
leaf_weight=49 51 66 378 126 75 161 56 73 64 325 43 51 31 35 47 112 57 31 37 52 79 165 48 31 446 70 878 31
leaf_count=49 51 66 378 126 75 161 56 73 64 325 43 51 31 35 47 112 57 31 37 52 79 165 48 31 446 70 878 31
internal_value=9.64841e-05 0.000299118 -3.71439e-06 -0.000202003 -0.0004038 -0.000227151 -0.000665493 5.58904e-05 -8.50649e-05 -0.000292089 -0.000957265 -5.83554e-05 0.000168087 -0.000237745 -0.000616162 0 -9.7477e-05 0.000413314 0 0.000217877 1.20219e-11 0.000246403 0 0.00033526 0.000373431 2.35849e-05 0.000452156 0.000466484
internal_weight=3668 1246 2422 598 420 371 131 1824 769 492 116 376 1055 203 98 547 435 1043 103 178 240 277 112 508 477 105 940 909
internal_count=3668 1246 2422 598 420 371 131 1824 769 492 116 376 1055 203 98 547 435 1043 103 178 240 277 112 508 477 105 940 909
cat_boundaries=0 1 2 3 4
cat_threshold=2160 2602 2112 296
is_linear=0
shrinkage=0.01


Tree=398
num_leaves=28
num_cat=2
split_feature=10 14 16 5 24 0 25 13 13 22 14 31 24 6 23 24 33 17 14 0 18 33 13 13 24 13 13
split_gain=0.889305 0.739507 0.297901 0.289193 0.288578 0.595973 0.444916 0.264207 0.230503 0.486059 0.295075 0.200333 0.211597 0.188293 0.147373 0.261827 0.268184 0.262816 0.182671 0.133131 0.114049 0.105189 0.0669219 0.0462898 0.0210107 0.0110093 0.00672123
threshold=5086.0714285714294 -0.61913973745509387 0.83373797915484082 2.5000000000000004 4299.0000000000009 0 5555.5000000000009 5198.4042208352021 5575.5496727322579 4701.0000000000009 0.75014288946266361 6.7500000000000009 4793.5000000000009 1.5000000000000002 4100.5000000000009 3910.5000000000005 29.050000000000004 0.93771382312378282 -0.96689237009891416 1 148.90000000000001 40.95000000000001 6045.4284138856938 5177.5929963459203 7202.5000000000009 5122.3147676771905 4600.5500740466505
decision_type=2 2 2 2 2 9 2 2 2 2 2 2 2 2 2 2 2 2 2 9 2 2 2 2 2 2 2
left_child=4 2 24 -4 14 7 8 -6 9 -7 -10 13 -13 -9 15 -1 17 -17 -16 21 -21 -3 -8 -18 -2 26 -20
right_child=1 19 3 -5 5 6 22 11 10 -11 -12 12 -14 -15 18 16 23 -19 25 20 -22 -23 -24 -25 -26 -27 -28
leaf_value=0.051008709757072078 0.44812922184425702 1.9277127301943511 0.0034787000472773989 -0.4425687776076081 -0.006957416818376352 -0.0072544655982206656 1.0211526850588526 -0.010226837208769084 0.51535181172319044 -0.1195286910890706 -0.066313404708108661 0.33351895942828463 -0.12255848107559224 0.66474863326406197 -0.0048440384270050964 -0.040953532094885149 0.10781208277896724 0.14650151316240337 0.36152919086441915 2.0338256135072745 0.030196226214001136 -1.3156561884065636 0.077132525121706305 -1.9957530469232321e-05 0.084739476845793749 0.25327167947397278 -0.061006607752879367
leaf_weight=116 69 64 51 47 41 502 110 31 239 195 98 36 30 343 47 130 67 31 30 934 31 54 31 30 30 245 36
leaf_count=116 69 64 51 47 41 502 110 31 239 195 98 36 30 343 47 130 67 31 30 934 31 54 31 30 30 245 36
internal_value=0.000107386 0.000320062 -0.000209596 -0.000616162 -2.5115e-06 -7.9662e-05 -0.000204469 0.000204268 -0.000283092 -0.000388968 -3.40237e-05 0.000294785 -0.000104478 0.000392 0.000158254 0 -0.000158301 -0.000429012 0.000303621 0.000425738 0.000463627 0 0.000285211 0.000188776 9.5e-05 0.000402244 4.47761e-05
internal_weight=3668 1280 197 98 2388 1656 1175 481 1034 697 337 440 66 374 732 374 258 161 358 1083 965 118 141 97 99 311 66
internal_count=3668 1280 197 98 2388 1656 1175 481 1034 697 337 440 66 374 732 374 258 161 358 1083 965 118 141 97 99 311 66
cat_boundaries=0 1 2
cat_threshold=3 2052
is_linear=0
shrinkage=0.01


Tree=399
num_leaves=31
num_cat=5
split_feature=10 14 0 21 29 29 25 15 16 0 15 5 0 27 10 11 31 15 5 17 3 0 18 33 34 16 32 25 25 12
split_gain=0.867405 0.739507 0.343892 0.39777 0.441827 0.45313 0.708481 0.420784 0.537926 0.311022 0.297901 0.289193 0.254669 0.310697 0.663896 0.250866 0.328359 0.314517 0.537564 0.214857 0.203793 0.133131 0.114049 0.105189 0.0808094 0.0555897 0.0510663 0.0210107 0.0189736 0.0138085
threshold=5086.0714285714294 -0.61913973745509387 0 4269.5000000000009 25.525000000000002 23.075000000000006 4826.0000000000009 -0.67168186667784702 0.86972315351350449 1 -0.46800559042974538 2.5000000000000004 2 0.15000000000000005 4070.2857142857147 85.912469298447235 5.4500000000000011 0.89309379682046119 3.5000000000000004 -0.029024744910506859 3 4 148.90000000000001 40.95000000000001 3.2500000000000004 -0.81862078084264434 65.200000000000017 6692.5000000000009 4299.0000000000009 3959.5000000000005
decision_type=2 2 9 2 2 2 2 2 2 9 2 2 9 2 2 2 2 2 2 2 1 9 2 2 2 2 2 2 2 2
left_child=2 10 15 12 5 6 -5 9 -9 -6 11 -2 13 14 -4 17 -17 19 -19 20 -1 23 -23 -3 -7 28 -21 -12 -14 -27
right_child=1 21 3 4 7 24 -8 8 -10 -11 27 -13 25 -15 -16 16 -18 18 -20 26 -22 22 -24 -25 -26 29 -28 -29 -30 -31
leaf_value=-0.21059665165303848 0.0034439130468003178 1.9084356028924032 0.0027945243476915922 0.0091093065107704183 0.49185422279780727 -0.0067706779192142786 -0.31087073518724856 -0.04310132863117664 -0.27153569612128897 -0.16338877490122844 0.48194735252262982 -0.43814308983153361 -0.38419092708320179 0.0020055810872044756 -0.54099408957453865 0.37653493717917924 -0.15557529085583002 0.039245823085363389 -0.018567338870078637 0.31138894021291208 0.0080077656400976034 2.0134873573722012 0.029894263951863388 -1.3024996265225022 0.43615253747038624 0.018329446429119493 0.23264469916650701 -0.023509393599570608 0.1178044176009474 0.25191525796457542
leaf_weight=53 51 64 75 81 130 32 39 309 38 100 69 47 30 55 30 320 30 58 43 206 218 934 31 54 171 58 71 30 32 209
leaf_count=53 51 64 75 81 130 32 39 309 38 100 69 47 30 55 30 320 30 58 43 206 218 934 31 54 171 58 71 30 32 209
internal_value=0.000110112 0.000320062 0 -0.000103929 -0.000233074 3.54938e-05 -0.000413223 -0.000400519 -0.000622126 -2.1645e-05 -0.000209596 -0.000616162 0.000111225 -0.000175439 -0.000542453 0.000138119 0.000356125 6.92309e-06 -0.000485294 0.000116576 -5.33088e-05 0.000425738 0.000463627 0 0.00035049 0.000277941 0.000318345 9.5e-05 0 0.000348881
internal_weight=3668 1280 2388 1389 900 323 120 577 347 230 197 98 489 160 105 999 350 649 101 548 271 1083 965 118 203 329 277 99 62 267
internal_count=3668 1280 2388 1389 900 323 120 577 347 230 197 98 489 160 105 999 350 649 101 548 271 1083 965 118 203 329 277 99 62 267
cat_boundaries=0 1 2 3 4 5
cat_threshold=71 176 2592 2 2052
is_linear=0
shrinkage=0.01


Tree=400
num_leaves=24
num_cat=2
split_feature=10 16 0 11 20 10 12 20 15 5 16 24 0 18 11 24 20 26 10 16 28 29 10
split_gain=0.752411 0.3961 0.554207 1.06954 0.258709 0.462492 0.460374 0.876329 0.445594 0.372946 0.201392 0.19875 0.202882 0.189633 0.148724 0.136455 0.098302 0.284203 0.0931237 0.0850071 0.0736188 0.123647 0.0155526
threshold=5930.6428571428578 -0.71504042705586657 0 167.47543430211741 26.110714285714288 4653.6428571428578 4958.7666666666673 28.482142857142865 0.48126256173783166 4.5000000000000009 0.32612888491727243 4000.5000000000005 1 103.55000000000003 61.256668548230273 4834.0000000000009 25.75357142857143 27.775000000000002 7503.5714285714294 0.83373797915484082 32.475000000000009 32.975000000000009 3974.928571428572
decision_type=2 2 9 2 2 2 2 2 2 2 2 2 9 2 2 2 2 2 2 2 2 2 2
left_child=1 11 3 10 5 9 8 -8 -6 -4 -3 -1 16 18 -12 -7 -13 -18 -2 -15 22 -22 -14
right_child=13 2 4 -5 6 15 7 -9 -10 -11 14 12 20 19 -16 -17 17 -19 -20 -21 21 -23 -24
leaf_value=-0.31428888590236381 6.9429299922867509 0.15713179925907547 0.0018833248148679932 -0.48896789402904672 0.0063036396402249154 -0.049704668837315377 -0.019497213000321062 -0.93919684311415075 -0.20490206956930629 -0.017453905031018013 -0.18223905028512868 0.13811205225509834 0.10454101978931146 3.5060163056288829 -0.0064097634198641718 1.045468168510084 -0.33525516521171667 0.47223828348482855 0.15766345131138176 -0.18862690276123317 -0.14259158240220524 0.49785375039275837 0.48433738368530971
leaf_weight=34 646 70 384 39 814 47 238 31 52 51 43 70 31 33 52 404 32 43 38 30 37 71 402
leaf_count=34 646 70 384 39 814 47 238 31 52 51 43 70 31 33 52 404 32 43 38 30 37 71 402
internal_value=0.000120769 4.49763e-05 -1.68463e-05 -0.000502326 2.97736e-05 0.000161218 -6.38204e-05 -0.000427778 3.80623e-05 -5.16055e-05 -0.000105422 0.000249653 0.000295488 0.000405749 -0.000442708 0.000388274 0 -0.000296053 0.000455474 0 0.000381341 3.66973e-05 0.000452765
internal_weight=3692 2945 2225 204 2021 886 1135 269 866 435 165 720 686 747 95 451 145 75 684 63 541 108 433
internal_count=3692 2945 2225 204 2021 886 1135 269 866 435 165 720 686 747 95 451 145 75 684 63 541 108 433
cat_boundaries=0 1 2
cat_threshold=2064 288
is_linear=0
shrinkage=0.01


Tree=401
num_leaves=22
num_cat=0
split_feature=10 16 14 11 13 13 13 28 20 15 13 33 25 21 17 25 11 28 21 18 11
split_gain=0.667522 0.401368 0.345341 0.256728 0.496922 0.333626 0.447016 0.207633 0.334669 0.392513 0.199554 0.171423 0.167988 0.158387 0.460226 0.122562 0.118202 0.0598636 0.0332354 0.0276458 0.0139915
threshold=5930.6428571428578 -0.60468929461279042 -0.53493989022977317 167.47543430211741 6062.1138164067606 5885.604247168555 5846.8356643356647 26.225000000000005 29.903571428571436 -0.62587551141915865 6150.0323404255332 1.0000000180025095e-35 6700.5000000000009 5288.0000000000009 -0.51297720034420879 4326.0000000000009 86.592779835000769 30.675000000000001 4043.5000000000005 91.550000000000026 52.144716148753822
decision_type=2 2 2 2 2 2 2 2 2 2 2 2 2 2 2 2 2 2 2 2 2
left_child=1 7 12 5 13 6 11 15 9 -9 -6 -3 19 14 -5 18 -11 -10 -1 -2 -17
right_child=2 3 -4 4 10 -7 -8 8 17 16 -12 -13 -14 -15 -16 20 -18 -19 -20 -21 -22
leaf_value=0.025802406968019512 1.3751686416792408 -0.099363160168545087 7.9483911762029829 0.049071550455146107 -0.37683839869612479 1.1511470910552652 -0.34203855969575758 -0.31027433099073387 -0.033029064725023038 -0.0073385432884519068 -0.1079983525484295 0.0013189157078937453 -0.17885480993212916 1.3583360665450155 -0.57320641903877811 0.25887646893656424 0.05613945936119652 0.52775013291011885 -0.014746583451840869 0.27458475538976829 0.5577948335484707
leaf_weight=37 46 59 638 112 31 174 47 33 33 44 41 1522 33 87 33 30 51 163 44 30 404
leaf_count=37 46 59 638 112 31 174 47 33 33 44 41 1522 33 87 33 30 51 163 44 30 404
internal_value=0.000123477 5.17651e-05 0.00039238 -1.75605e-05 -0.000288525 2.27399e-05 -1.59607e-05 0.0002375 6.15386e-06 -0.000356589 -0.0010137 6.63718e-06 -5e-05 -1.71674e-05 -0.000256849 0.000363372 0 0.000294416 0 0.000103896 0.000429885
internal_weight=3692 2945 747 2106 304 1802 1628 839 324 128 72 1581 109 232 145 515 95 196 81 76 434
internal_count=3692 2945 747 2106 304 1802 1628 839 324 128 72 1581 109 232 145 515 95 196 81 76 434
is_linear=0
shrinkage=0.01


Tree=402
num_leaves=25
num_cat=1
split_feature=10 14 0 32 29 26 23 7 33 13 15 10 12 7 33 29 32 18 12 34 10 10 28 11
split_gain=0.696481 0.345341 0.318552 0.713387 0.448567 0.840095 0.435726 0.350137 0.302724 0.435275 0.278916 0.189456 0.393993 0.187495 0.357448 0.191778 0.161802 0.178886 0.150436 0.144408 0.134259 0.127355 0.0741935 0.0254667
threshold=5930.6428571428578 -0.53493989022977317 0 15.150000000000002 27.625000000000004 27.475000000000005 4647.5000000000009 240.50000000000003 1.0000000180025095e-35 5353.996859352791 0.98899263613956456 5053.9285714285725 4025.3166666666671 61.500000000000007 42.050000000000004 21.725000000000005 1.0000000180025095e-35 28.550000000000004 4066.8333333333335 3.2500000000000004 5068.6428571428578 4178.7142857142871 28.775000000000002 262.60329401452833
decision_type=2 2 9 2 2 2 2 2 2 2 2 2 2 2 2 2 2 2 2 2 2 2 2 2
left_child=2 19 8 13 5 7 -7 -5 9 -1 16 12 -12 14 20 -15 18 -18 -10 -2 -4 -17 -6 -21
right_child=1 -3 3 4 22 6 -8 -9 10 -11 11 -13 -14 15 -16 21 17 -19 -20 23 -22 -23 -24 -25
leaf_value=-0.28320627894520961 -0.2233034375781589 7.8689072644409555 -0.035496519989144971 0.38810159555394941 0.12119247505110028 -0.33706047675080042 -0.42868939402216427 -0.022504904108612042 0.00061874245187252608 0.2515927656639857 0.093366288048673904 1.1186452656566177 -0.089099530991398043 -0.18571336187308071 -0.61203845682340063 -0.0038405048966838914 0.00044825541296718762 0.19373306068096774 0.74067841038188353 0.049112161112987066 1.1197634168745905 0.53154181768566244 -0.081194976699880947 1.1256847194607031
leaf_weight=32 35 638 118 58 62 42 42 135 100 55 37 31 47 50 30 57 676 439 435 30 74 395 30 44
leaf_count=32 35 638 118 58 62 42 42 135 100 55 37 31 47 50 30 57 676 439 435 30 74 395 30 44
internal_value=0.000118061 0.00039238 4.49763e-05 -8.4692e-05 -0.000447297 -0.000652878 -0.00150588 -0.000224227 0.000126677 -0.000414773 0.000159966 -0.000280172 -0.000564706 8.55173e-05 -0.000130045 0.000200795 0.00019685 0.000114247 0.000349813 -5e-05 0 0.000278146 6.45161e-05 9.33333e-05
internal_weight=3692 747 2945 1093 369 277 84 193 1852 87 1765 115 84 724 222 502 1650 1115 535 109 192 452 92 74
internal_count=3692 747 2945 1093 369 277 84 193 1852 87 1765 115 84 724 222 502 1650 1115 535 109 192 452 92 74
cat_boundaries=0 1
cat_threshold=970
is_linear=0
shrinkage=0.01


Tree=403
num_leaves=27
num_cat=0
split_feature=10 16 14 26 24 11 17 18 18 20 10 21 15 20 11 21 28 15 27 28 33 7 11 10 29 7
split_gain=0.72599 0.368007 0.345341 0.217123 0.361964 0.301728 0.33705 0.572105 0.291639 0.268946 0.170346 0.372215 0.196638 0.502571 0.159398 0.153079 0.360782 0.357942 0.0977038 0.0832244 0.0602352 0.0196696 0.017763 0.014647 0.0136268 0.0172869
threshold=5930.6428571428578 -0.71504042705586657 -0.53493989022977317 24.125000000000004 4866.0000000000009 161.8347187425347 -0.51297720034420879 41.900000000000013 27.899999999999999 23.239285714285717 4168.2142857142871 4043.5000000000005 -0.6391983530350368 30.492857142857151 36.779199116519813 4794.5000000000009 26.325000000000006 -0.15950993297387572 8.5500000000000025 25.925000000000008 3.3000000000000078 236.50000000000003 66.809607562830962 4829.9285714285716 22.425000000000004 336.50000000000006
decision_type=2 2 2 2 2 2 2 2 2 2 2 2 2 2 2 2 2 2 2 2 2 2 2 2 2 2
left_child=1 10 18 4 9 15 8 -8 -7 14 11 -1 13 -12 -3 16 -5 -17 21 23 -11 -2 -15 -6 -14 -26
right_child=2 3 -4 5 19 6 7 -9 -10 20 12 -13 24 22 -16 17 -18 -19 -20 -21 -22 -23 -24 -25 25 -27
leaf_value=0.048449097203825668 2.9682177358849722 0.19658091509020814 7.7902181917965452 -0.016546185802222734 0.00098940619387330475 0.26402250854470732 -0.68019157111980522 0.073824294661519546 -0.098081074501130308 0.0094818404665303162 -0.10606611416318064 -0.10126701724238277 0.62209839912436327 0.47311539385522317 -0.026754322088562172 -0.12176924103826642 0.021805409837808012 0.063893643051400453 -0.15902092018692807 -0.1984484722042745 0.107913878543434 0.042509444665073559 0.41858471453109036 1.2969685057038109 0.91008673516311078 0.53010786397888088
leaf_weight=75 39 43 638 252 30 118 45 38 95 30 30 59 30 86 163 175 638 220 40 32 90 30 51 256 359 30
leaf_count=75 39 43 638 252 30 118 45 38 95 30 30 59 30 86 163 175 638 220 40 32 90 30 51 256 359 30
internal_value=0.000112646 3.81874e-05 0.00039238 -2.13387e-05 0.000127132 -8.81795e-05 -0.000377104 -0.000934524 -0.000109813 -8.25688e-05 0.000235784 -2.22222e-05 0.000311755 0 -0.000323671 -1.36081e-05 5.05051e-05 -0.000183081 -5e-05 0.000373041 0.000247934 6.42857e-05 0.000278986 0.000428571 0.000427381 0.000447436
internal_weight=3692 2945 747 2225 644 1581 296 83 213 326 720 134 586 167 206 1285 890 395 109 318 120 69 137 286 419 389
internal_count=3692 2945 747 2225 644 1581 296 83 213 326 720 134 586 167 206 1285 890 395 109 318 120 69 137 286 419 389
is_linear=0
shrinkage=0.01


Tree=404
num_leaves=25
num_cat=2
split_feature=10 0 16 18 18 14 29 12 29 0 13 17 14 19 13 24 25 34 18 32 17 19 7 18
split_gain=0.711167 0.355028 0.687201 0.571305 0.880936 0.345341 0.220201 0.413137 0.325552 0.291153 0.360612 0.927309 0.19893 0.19053 0.179517 0.310426 0.167988 0.148023 0.130475 0.089191 0.0840894 0.065336 0.064024 0.0276458
threshold=5930.6428571428578 0 0.29342023166772885 49.20000000000001 1.1999999999999897 -0.53493989022977317 25.625000000000004 4758.0833333333348 24.275000000000002 1 5558.1530348855413 -0.06339081865169055 0.78325454425165997 2.9499999999999988 5203.7635118078188 4376.0000000000009 6700.5000000000009 3.0100000000000002 25.050000000000004 58.45000000000001 0.9899370942838045 110.25000000000003 346.50000000000006 91.550000000000026
decision_type=2 9 2 2 2 2 2 2 2 9 2 2 2 2 2 2 2 2 2 2 2 2 2 2
left_child=1 2 18 4 -4 16 7 8 13 10 12 -12 -8 -3 15 -11 23 -16 22 20 -9 -10 -1 -2
right_child=5 6 3 -5 -6 -7 9 19 21 14 11 -13 -14 -15 17 -17 -18 -19 -20 -21 -22 -23 -24 -25
leaf_value=0.19786780540565496 1.354618962134893 -0.039306405839160286 -0.25456245203920647 0.030114826763293332 -0.92459628954502704 7.7123160098785837 -0.0055761722027529246 1.0429222562859983 0.10763991729948816 0.021232074410935928 -0.18669085496132695 0.56003648431077668 0.57379870376078224 -0.0026610125415882863 -0.018398787340088287 -0.0076458555517083197 -0.1748775119122534 0.24808603015724751 -0.021554831269319747 -0.0012849507168721081 0.73583906737332216 0.037214719945087182 -0.041574413586550014 0.27293799542660863
leaf_weight=98 46 35 50 34 30 638 428 469 180 128 183 130 111 332 46 45 33 454 34 30 37 61 30 30
leaf_count=98 46 35 50 34 30 638 428 469 180 128 183 130 111 332 46 45 33 454 34 30 37 61 30 30
internal_value=0.000115353 4.15818e-05 -0.000285714 -0.000895652 -0.00135802 0.00039238 8.00373e-05 0.000185153 0 0 -0.00012051 -0.000393312 1.75926e-05 -0.000180707 0.000155702 -7.75862e-05 -5e-05 0.000259481 6.74847e-05 0.000387337 0.000420118 0.000291322 0.000263566 0.000103896
internal_weight=3692 2945 276 114 80 747 2669 1144 608 1525 852 313 539 367 673 173 109 500 162 536 506 241 128 76
internal_count=3692 2945 276 114 80 747 2669 1144 608 1525 852 313 539 367 673 173 109 500 162 536 506 241 128 76
cat_boundaries=0 1 2
cat_threshold=2064 301
is_linear=0
shrinkage=0.01


Tree=405
num_leaves=31
num_cat=1
split_feature=24 14 7 31 0 20 24 13 24 23 23 15 31 32 15 13 13 17 26 32 18 14 18 11 11 7 14 34 31 22
split_gain=0.598887 0.686118 0.617066 0.438509 0.360942 0.581917 0.973046 0.375288 0.301949 0.725189 0.285883 0.28309 0.257727 0.447813 0.217509 0.317867 0.439628 0.203834 0.211597 0.169003 0.174243 0.109115 0.100352 0.100231 0.0991189 0.0700902 0.0297867 0.0187106 0.0148995 0.0144154
threshold=5177.5000000000009 -0.63255557784149707 263.50000000000006 8.5500000000000025 0 26.860714285714288 5041.5000000000009 5308.2117295857452 4548.0000000000009 4275.5000000000009 4300.5000000000009 -0.65883892954715351 9.0500000000000025 15.150000000000002 0.5969655492110445 5388.7259513742074 5308.2117295857452 -0.91336200528690714 27.225000000000005 2.69999999999999 0.59999999999999476 -0.05695216311707673 148.90000000000001 669.22369602388414 167.47543430211741 58.500000000000007 0.66527693225344786 4.3550000000000013 14.050000000000002 5041.5000000000009
decision_type=2 2 2 2 9 2 2 2 2 2 2 2 2 2 2 2 2 2 2 2 2 2 2 2 2 2 2 2 2 2
left_child=4 2 3 27 7 14 8 10 9 -7 19 -10 13 -12 24 16 -16 18 -9 20 -1 -17 23 29 -6 26 -19 -2 -27 -3
right_child=1 22 -4 -5 5 6 -8 17 11 -11 12 -13 -14 -15 15 21 -18 25 -20 -21 -22 -23 -24 -25 -26 28 -28 -29 -30 -31
leaf_value=0.013124826155468335 0.37732686148347044 0.16048203837895464 0.97519425971200679 -0.27724158523063519 0.22897333168068201 0.016128777806855923 -0.25073785305685869 0.47758861609825692 0.59328585371167919 -0.08227999948925907 -0.0017771504977759905 -0.034458670439313013 0.029813678495662223 -0.15039537581355436 -0.0034220428354563336 0.95984947867097892 -0.079773645832213275 0.062927516359798222 -0.15090572608720096 0.19573752482628973 -0.02737894490668432 0.0021229476650429292 0.017187247876493287 0.31956276756672142 0.051583527970911661 0.63170630022199792 -0.013321915369640579 -0.090146686539261001 0.60271738532519048 2.3145945618896562
leaf_weight=173 36 32 120 54 217 114 36 36 113 138 81 130 34 55 196 125 57 69 30 154 32 93 30 33 50 446 37 42 30 852
leaf_count=173 36 32 120 54 217 114 36 36 113 138 81 130 34 55 196 125 57 69 30 154 32 93 30 33 50 446 37 42 30 852
internal_value=0.00011588 0.000299583 -0.000134387 -0.000631579 2.16592e-05 -9.02344e-05 -0.000346804 0.000150253 -0.000206653 -0.000450593 -2.92453e-05 6.14755e-06 -0.000380117 -0.00059854 7.98376e-05 -3.07203e-05 -0.00028937 0.00031433 -0.000104478 0.000109722 -3.64078e-05 0.000223744 0.000425633 0.000444989 0.000311567 0.000379074 2.80374e-05 -1.26582e-05 0.000436059 0.000465537
internal_weight=3645 1199 252 132 2446 1269 531 1177 495 252 529 243 170 136 738 471 253 648 66 359 205 218 947 917 267 582 106 78 476 884
internal_count=3645 1199 252 132 2446 1269 531 1177 495 252 529 243 170 136 738 471 253 648 66 359 205 218 947 917 267 582 106 78 476 884
cat_boundaries=0 1
cat_threshold=595
is_linear=0
shrinkage=0.01


Tree=406
num_leaves=31
num_cat=1
split_feature=10 14 27 21 18 0 20 10 15 26 24 23 15 10 10 15 13 21 26 17 21 14 22 31 21 17 11 31 7 10
split_gain=0.718035 0.897312 0.355048 0.438738 0.299703 0.296253 0.658672 0.621229 1.28475 1.24517 0.633357 1.05028 0.267137 0.257432 0.706878 0.249923 0.239324 0.326293 0.269175 0.187096 0.233742 0.19568 0.186795 0.387345 0.137451 0.0969709 0.0745859 0.0723045 0.0707886 0.0655105
threshold=5086.0714285714294 -0.72696319516528884 0.8500000000000002 6053.0000000000009 148.90000000000001 0 26.903571428571432 4730.1428571428578 -0.26867065956352881 29.925000000000004 4548.0000000000009 4275.5000000000009 0.5969655492110445 4389.7857142857147 3991.7857142857151 0.9863035000474919 5308.2117295857452 4324.5000000000009 26.325000000000006 -0.40613878790836594 4843.0000000000009 0.86113431103781346 4450.5000000000009 2.8500000000000001 4064.0000000000005 0.41789902429155973 669.22369602388414 5.3500000000000005 108.50000000000001 4125.2142857142871
decision_type=2 2 2 2 2 9 2 2 2 2 2 2 2 2 2 2 2 2 2 2 2 2 2 2 2 2 2 2 2 2
left_child=5 2 -2 -4 26 16 12 10 9 -9 11 -8 29 14 -14 -15 17 18 24 20 28 -22 23 -19 -1 -24 -3 -12 -18 -7
right_child=1 4 3 -5 -6 6 7 8 -10 -11 27 -13 13 15 -16 -17 19 22 -20 -21 21 -23 25 -25 -26 -27 -28 -29 -30 -31
leaf_value=0.016248542080358752 0.81495342401900983 1.9077151801146637 0.24690578168106128 -0.36827572243653889 -0.20262454177575098 0.024416593046469159 0.078459634644858958 -0.52368886693952466 0.40915716019443282 -0.031054884268364589 0.48072303249542525 -0.11193516417942161 0.053656402198875172 0.33859905503698307 -0.24003657710440773 -0.081080951524837699 -0.0034124145719333482 -0.2772760026704314 0.17213914684352052 0.47945508820224292 -0.12884033478677753 0.53075938501997388 0.14018339127083476 0.0014385534801815778 -0.016805290498187436 -0.014350943576898173 0.78695117895812616 -0.035879805499432836 0.5503218959877344 0.32492730642985562
leaf_weight=149 35 1046 48 44 35 31 110 38 47 33 126 121 118 202 55 39 30 33 165 399 45 50 40 35 60 30 43 31 115 292
leaf_count=149 35 1046 48 44 35 31 110 38 47 33 126 121 118 202 55 39 30 33 165 399 45 50 40 35 60 30 43 31 115 292
internal_value=0.000121366 0.000315895 -0.000441406 -0.000795699 0.000410667 1.54489e-05 -8.65231e-05 -0.000368836 -0.00101681 -0.00186806 -0.000143959 -0.000493534 9.28184e-05 -5.54217e-05 -0.000364943 0.000126033 0.000133821 -7.79726e-06 0.000125333 0.000264844 1.25207e-11 -0.000338542 -0.000438849 -0.000811594 -7.38095e-05 0 0.000444495 0.000306962 0.000291096 0.000313272
internal_weight=3645 1251 127 92 1124 2394 1243 506 118 71 388 231 737 414 173 241 1151 512 374 639 240 95 138 68 209 70 1089 157 145 323
internal_count=3645 1251 127 92 1124 2394 1243 506 118 71 388 231 737 414 173 241 1151 512 374 639 240 95 138 68 209 70 1089 157 145 323
cat_boundaries=0 1
cat_threshold=595
is_linear=0
shrinkage=0.01


Tree=407
num_leaves=31
num_cat=2
split_feature=12 31 14 0 14 24 34 11 18 7 11 0 28 12 14 20 13 13 15 12 27 11 19 14 19 19 12 27 15 11
split_gain=0.588255 0.745833 0.881334 0.419438 0.404463 0.723866 0.444618 0.525717 0.348128 0.282115 0.28092 0.259587 0.607317 0.643389 0.171923 0.337856 0.323979 0.168227 0.35408 0.159613 0.124179 0.112656 0.131988 0.0979171 0.14883 0.110747 0.0951105 0.0902692 0.0787128 0.0530004
threshold=5003.3833333333341 8.5500000000000025 -0.63255557784149707 0 0.70290292807158605 4511.5000000000009 3.6950000000000007 109.65313275875154 58.45000000000001 65.500000000000014 104.51520447332653 1 25.925000000000008 5233.0500000000002 -0.91936887716170002 26.960714285714293 5530.5529162224602 5158.3033436233136 -0.91249077947840473 4568.1166666666677 1.0500000000000003 74.801324154285666 9.3500000000000103 -0.69674959280705229 16.20000000000001 126.05000000000001 4949.916666666667 8.8500000000000032 1.0000000180025095e-35 205.83518605534758
decision_type=2 2 2 9 2 2 2 2 2 2 2 9 2 2 2 2 2 2 2 2 2 2 2 2 2 2 2 2 2 2
left_child=3 11 8 4 6 -6 7 19 -3 10 21 12 -2 -14 15 -11 -17 18 -16 -1 -13 22 -5 25 -25 -8 -19 28 -22 -4
right_child=1 2 29 9 5 -7 23 -9 -10 14 -12 20 13 -15 17 16 -18 26 -20 -21 27 -23 -24 24 -26 -27 -28 -29 -30 -31
leaf_value=-0.024819632761182521 2.0063930945801451 -0.19935316445421333 4.0058006642360695 -0.010042270249152479 -0.0013901934713288178 -0.22688302427273402 -0.009576147820118272 -0.4664379141241109 -0.1249751706711585 0.27623988344195072 -0.035545691924410545 1.4058147430450894 -0.51625840924433586 0.11147963983533486 -0.11548460173413774 -0.0075035582269053751 0.48392599879365877 0.33207405059029155 0.031034175735782037 0.7502800208376309 -0.21617437417845062 0.10277974553841263 0.081633485472437928 -0.018733391067533033 0.28585948757118845 0.0405814300083168 -0.065452526249953749 0.88668008731133285 1.891038238687861 -0.61953165743956595
leaf_weight=37 148 31 77 155 57 50 53 46 49 104 41 868 30 60 34 94 33 748 245 47 83 81 36 30 148 56 40 87 47 30
leaf_count=37 148 31 77 155 57 50 53 46 49 104 41 868 30 60 34 94 33 748 245 47 83 81 36 30 148 56 40 87 47 30
internal_value=0.000110395 0.000261416 -0.000300532 0 -0.000239252 -0.000800926 -7.53588e-05 -0.000572519 -0.00111111 8.35389e-05 -0.000170382 0.000348565 0 -0.000604396 0.000153195 -6.25e-05 -0.000441406 0.00020927 0 0 0.000412865 -1.4652e-05 -0.000179687 0.000116319 0.000273743 -5e-05 0.000283904 0.000130734 0 0.000217593
internal_weight=3645 1510 187 2135 524 107 417 130 80 1611 313 1323 238 90 1298 231 127 1067 279 84 1085 272 191 287 178 109 788 217 130 107
internal_count=3645 1510 187 2135 524 107 417 130 80 1611 313 1323 238 90 1298 231 127 1067 279 84 1085 272 191 287 178 109 788 217 130 107
cat_boundaries=0 1 2
cat_threshold=2212 2320
is_linear=0
shrinkage=0.01


Tree=408
num_leaves=28
num_cat=3
split_feature=10 32 0 25 34 0 18 26 10 17 29 10 20 29 25 25 32 12 17 12 0 10 21 28 34 28 10
split_gain=0.859812 0.641736 0.60528 0.515396 0.266256 0.630647 0.896433 0.723992 0.688118 0.409953 0.286378 0.56448 0.385225 0.319543 0.272863 0.264387 0.394907 0.237723 0.231339 0.219688 0.176144 0.159496 0.247309 0.101742 0.0808889 0.0408485 0.00180217
threshold=5098.4285714285725 16.050000000000001 0 6540.5000000000009 3.6950000000000007 1 48.550000000000004 27.225000000000005 4663.2857142857147 -0.91336200528690714 27.025000000000002 5017.857142857144 29.903571428571436 30.900000000000002 4696.0000000000009 4511.5000000000009 0.14999999999999294 3993.4500000000003 -0.15951288319385923 6086.8333333333348 2 4312.357142857144 4247.5000000000009 27.225000000000005 5.5650000000000004 26.375000000000004 5128.0714285714294
decision_type=2 2 9 2 2 9 2 2 2 2 2 2 2 2 2 2 2 2 2 2 9 2 2 2 2 2 2
left_child=4 26 18 19 5 9 7 8 -7 -1 14 12 13 -12 15 17 -17 -6 -3 -4 -14 22 -11 24 -16 -8 -2
right_child=1 2 3 -5 10 6 25 -9 -10 21 11 -13 20 -15 23 16 -18 -19 -20 -21 -22 -23 -24 -25 -26 -27 -28
leaf_value=-0.14376522690583918 0.28371628135820126 -0.069152945033221891 -0.34217473601040332 -2.7060842974275956 -0.021062690686683903 -0.030134672283941059 0.002772323728501671 -0.17958616674509637 0.30700087424102501 0.040201188313090511 -0.00090539905065169062 -0.40294063129325736 -0.032690408504371549 -0.21772710246245744 0.5641337512546144 0.37852563965186742 -0.012610005082332494 0.11636349127442441 3.3145456979819183 0.46385709104367379 0.71444896129096214 0.41904538162466282 -0.048592685445085132 0.0035619269911663976 -0.0065354295671576643 0.10088646836252307 2.0944835712504344
leaf_weight=37 37 59 53 30 133 92 30 34 57 78 428 31 121 36 368 52 71 301 192 42 189 172 30 52 36 60 824
leaf_count=37 37 59 53 30 133 92 30 34 57 78 428 31 121 36 368 52 71 301 192 42 189 172 30 52 36 60 824
internal_value=9.9424e-05 0.000313813 -5.30503e-06 -0.000569853 -6.64175e-06 -0.000194585 -0.000540493 -0.000970109 -0.00057 8.68903e-05 4.8928e-05 -8.37469e-05 -1.67742e-05 -0.000210753 0.000164201 0 -0.000391129 0.000131034 0.00025 -0.000130208 0.000241158 0.00024911 0 0.000345733 0.0004 0.000164835 0.000464617
internal_weight=3645 1237 376 125 2408 590 273 183 149 317 1818 805 774 464 1013 557 123 434 251 95 310 280 108 456 404 90 861
internal_count=3645 1237 376 125 2408 590 273 183 149 317 1818 805 774 464 1013 557 123 434 251 95 310 280 108 456 404 90 861
cat_boundaries=0 1 2 3
cat_threshold=299 554 296
is_linear=0
shrinkage=0.01


Tree=409
num_leaves=30
num_cat=4
split_feature=21 14 20 13 13 23 0 7 14 15 0 22 13 7 31 11 29 29 7 0 28 24 32 32 29 0 22 19 15
split_gain=0.768682 0.550912 0.340931 0.31117 0.301084 0.355097 0.500886 0.553856 0.370473 0.283335 0.357854 0.322883 0.267763 0.264882 0.26057 0.321044 0.242681 0.432241 0.235647 0.190358 0.26622 0.178117 0.177704 0.104196 0.100353 0.0945689 0.130422 0.0356043 0.0116295
threshold=5127.5000000000009 -0.72101013194340913 26.51071428571429 6114.1996031746039 5575.5496727322579 4275.5000000000009 0 288.50000000000006 0.81428061195174062 0.34033495509342487 1 4064.0000000000005 5308.2117295857452 289.50000000000006 10.150000000000002 90.632696717523444 30.400000000000006 33.600000000000001 102.50000000000001 2 25.475000000000005 4360.5000000000009 139.65000000000003 0.59999999999999476 25.525000000000002 3 4950.5000000000009 190.95000000000002 -0.99700296666818056
decision_type=2 2 2 2 2 2 9 2 2 2 9 2 2 2 2 2 2 2 2 9 2 2 2 2 2 9 2 2 2
left_child=4 2 27 -4 5 9 12 8 -8 21 11 -11 13 -7 16 -16 25 -18 -14 20 -3 -1 28 -9 -12 26 -6 -2 -21
right_child=1 19 3 -5 14 6 7 23 -10 10 24 -13 18 -15 15 -17 17 -19 -20 22 -22 -23 -24 -25 -26 -27 -28 -29 -30
leaf_value=0.33049602455537985 -0.081156467720195608 2.0435299213250833 0.033043141023252148 -0.25253462560665524 0.61356860419714265 -0.0010587697915041645 -0.068131540685225658 1.0284093627534856 0.001254603874933714 -0.0036438139201385167 0.04751322785646097 -0.35240744494034187 -0.0060315240341043174 -0.01453212552042121 0.99387416600527545 -0.13718317573781064 -0.12490448667375809 0.59767279964302 0.41317681520625849 5.7983026710797718 -0.39874689305531436 -0.15555968381698568 -0.13155064916787093 -0.0016649407601089091 0.0053711689852190677 0.87670725301257768 -0.66842066481579565 0.72456396647360177 1.9189935054533118
leaf_weight=245 30 76 36 37 88 121 332 77 70 182 129 61 91 30 43 30 40 56 248 34 45 30 40 65 73 379 31 54 872
leaf_count=245 30 76 36 37 88 121 332 77 70 182 129 61 91 30 43 30 40 56 248 34 45 30 40 65 73 379 31 54 872
internal_value=0.000107652 0.000311837 -0.000199367 -0.000722973 2.06454e-07 -6.43875e-05 -0.000186473 -0.000392793 -0.000593052 9.70874e-05 -3.92377e-05 -0.000309055 2.99401e-05 -0.000292763 0.00018488 -0.000317568 0.000263866 -0.000123711 0.000204412 0.000396536 0 0.000353261 0.000442006 7.69231e-05 0.000239437 0.000358717 0 0.000141176 0.000477398
internal_weight=3645 1224 157 73 2421 1754 1034 544 402 720 445 243 490 151 667 73 594 96 339 1067 121 275 946 142 202 498 119 84 906
internal_count=3645 1224 157 73 2421 1754 1034 544 402 720 445 243 490 151 667 73 594 96 339 1067 121 275 946 142 202 498 119 84 906
cat_boundaries=0 1 2 3 4
cat_threshold=83 59 2304 24
is_linear=0
shrinkage=0.01


Tree=410
num_leaves=21
num_cat=2
split_feature=10 14 0 10 13 13 24 21 21 33 29 31 34 32 15 10 5 25 0 32
split_gain=1.06512 0.540068 0.462348 0.601358 0.4401 0.429067 0.379734 1.13412 0.344201 0.298589 0.350344 0.295998 0.246965 0.21631 0.19976 0.181158 0.315617 0.271432 0.110798 0.0183923
threshold=5840.2857142857156 -0.64578423485557612 0 5181.7857142857147 5885.604247168555 5261.066369501912 4601.0000000000009 4612.0000000000009 4701.0000000000009 0.19999999999999826 27.175000000000008 9.0500000000000025 3.2350000000000008 0.099999999999998243 -0.70289845916694649 3953.2857142857147 1.0000000180025095e-35 4310.5000000000009 1 142.20000000000002
decision_type=2 2 9 2 2 2 2 2 2 2 2 2 2 2 2 2 2 2 9 2
left_child=2 11 3 4 8 6 15 -8 12 10 -7 -2 -1 18 -15 16 -4 -17 -11 -3
right_child=1 19 5 -5 -6 9 7 -9 -10 13 -12 -13 -14 14 -16 17 -18 -19 -20 -21
leaf_value=-0.083478334920140493 0.024472858834874264 7.7099639392134813 -0.53647217318461149 -0.83030247130692292 0.9098416658933306 0.17236097290139404 -0.16723612731085993 0.41847585805858084 -0.10666241318041855 0.015902454599958461 -0.16492179432644807 -0.27739062665311326 -0.00012896185247004928 0.22577923964695529 -0.00046566523597565984 0.031927773263672313 -0.0032022588696938186 -0.007104598023523161 0.92497969133783242 0.13695664015007464
leaf_weight=34 57 711 34 38 86 52 32 31 54 136 35 31 190 283 717 311 184 229 389 31
leaf_count=34 57 711 34 38 86 52 32 31 54 136 35 31 190 283 717 311 184 229 389 31
internal_value=6.34206e-05 0.000379061 -2.55642e-05 -0.000336562 -0.000186301 2.31179e-05 -0.000157543 -0.000914062 -0.000397849 0.000121513 -0.000414773 -0.000292135 -0.000168889 0.000158912 5.99401e-05 -8.03689e-05 -0.000324201 1.28078e-11 0.000327947 0.000472409
internal_weight=3665 830 2835 402 364 2433 821 63 278 1612 87 88 224 1525 1000 758 218 540 525 742
internal_count=3665 830 2835 402 364 2433 821 63 278 1612 87 88 224 1525 1000 758 218 540 525 742
cat_boundaries=0 1 2
cat_threshold=2080 24
is_linear=0
shrinkage=0.01


Tree=411
num_leaves=29
num_cat=2
split_feature=23 14 0 29 19 27 7 31 7 12 19 18 14 0 11 18 20 31 24 11 11 28 13 19 29 15 32 7
split_gain=1.07305 0.636494 0.465628 0.407343 0.633602 0.793486 0.405311 0.527989 0.304186 0.516113 0.442383 0.316435 0.313287 0.249759 0.348228 0.219776 0.453255 0.175839 0.175124 0.105384 0.0804047 0.0543119 0.0541199 0.0297468 0.0276783 0.018014 0.0197436 0.0107504
threshold=5100.5000000000009 -0.63255557784149707 0 27.625000000000004 107.25000000000001 1.0000000180025095e-35 263.50000000000006 9.0500000000000025 61.500000000000007 4936.5833333333339 8.4000000000000092 0.49999999999999833 -0.94975917145599731 1 88.177707060351523 14.850000000000003 26.903571428571432 0.75000000000000011 4661.0000000000009 637.51695295207617 198.71646077961913 25.625000000000004 5600.8149977548283 146.50000000000003 22.525000000000002 -0.99761278905001471 148.90000000000001 176.50000000000003
decision_type=2 2 9 2 2 2 2 2 2 2 2 2 2 9 2 2 2 2 2 2 2 2 2 2 2 2 2 2
left_child=2 6 3 4 5 -1 7 20 9 10 11 -4 15 17 -15 23 -17 -14 -3 25 -2 -6 -11 -10 -12 -20 -27 -5
right_child=1 18 8 27 21 -7 -8 -9 12 22 24 -13 13 14 -16 16 -18 -19 19 -21 -22 -23 -24 -25 -26 26 -28 -29
leaf_value=-0.097593708739591611 -0.27648095111574966 -0.29793125463174958 -0.46549829996140335 0.00040423322846536717 0.10142675789076748 -0.56252514244978602 0.77693064561229952 -0.24888233219824815 0.68379310207736854 0.032694306044846952 -0.016025526870945859 0.010544723777459575 0.33182952820143158 -0.011029942615170818 0.12696024745663484 0.0064474196777479153 -0.13246685300314448 0.037424896649292369 6.0437340090454068 0.16610820872827012 0.074017542299115099 -0.057438301012388705 0.86507783378723713 -0.0088042240472679563 0.037248898817797679 1.8093397079447184 0.8317574244050091 0.40316564294210649
leaf_weight=47 30 34 127 30 32 30 91 39 48 33 40 49 394 470 472 116 88 162 30 30 53 35 89 30 91 913 30 32
leaf_count=47 30 34 127 30 32 30 91 39 48 33 40 49 394 470 472 116 88 162 30 30 53 35 89 30 91 913 30 32
internal_value=6.88762e-05 0.000307754 -5.07036e-05 -0.000493088 -0.000813793 -0.00142949 -0.000156542 -0.000560976 -2.47746e-06 -0.000245349 -0.000475649 -0.00080226 5.05334e-05 0.000112742 1.04933e-06 -0.000243816 -0.000429268 0.00027866 0.000412813 0.000439741 0 0 0.000252033 0.000113924 0 0.000458419 0.000467691 1.5873e-05
internal_weight=3665 1250 2415 206 144 77 213 122 2209 429 307 176 1780 1498 942 282 204 556 1037 1003 83 67 122 78 131 973 943 62
internal_count=3665 1250 2415 206 144 77 213 122 2209 429 307 176 1780 1498 942 282 204 556 1037 1003 83 67 122 78 131 973 943 62
cat_boundaries=0 1 2
cat_threshold=2064 259
is_linear=0
shrinkage=0.01


Tree=412
num_leaves=24
num_cat=0
split_feature=10 14 34 24 24 32 33 29 19 33 14 20 34 6 12 25 28 7 14 25 12 10 18
split_gain=0.961217 0.540068 0.295998 0.275318 0.540185 0.397423 0.498646 0.428554 0.375265 0.628106 0.349644 0.272083 0.227794 0.201074 0.148147 0.146905 0.144682 0.132518 0.0862949 0.074016 0.0708675 0.25571 0.0183923
threshold=5840.2857142857156 -0.64578423485557612 3.2500000000000004 4040.5000000000005 3947.5000000000005 0.099999999999998243 0.19999999999999826 27.175000000000008 152.85000000000002 5.2999999999999998 0.73865729060996177 23.532142857142862 4.3350000000000009 9.5000000000000018 4114.666666666667 4251.0000000000009 27.225000000000005 43.500000000000007 0.59868201182722736 4127.5000000000009 3955.8500000000008 3953.2857142857147 132.35000000000002
decision_type=2 2 2 2 2 2 2 2 2 2 2 2 2 2 2 2 2 2 2 2 2 2 2
left_child=3 2 -2 4 17 6 7 -5 9 11 -11 -7 16 -14 20 19 -10 -1 -17 -8 -6 -22 -3
right_child=1 22 -4 5 14 8 15 -9 12 10 -12 -13 13 -15 -16 18 -18 -19 -20 -21 21 -23 -24
leaf_value=-0.14639838939837316 -0.272127897064601 7.5793589856954453 0.10452722116591918 0.16384266862388827 -0.0036976302892084106 -0.005172232004368919 0.36040937990004068 -0.18938271543375526 0.12553083837129417 -0.016027487196031028 -0.10679843795105975 0.47752455278691391 -0.24911343938091829 0.25918578345704679 0.018042753563734949 0.77198378878786578 -0.081988926778151838 0.025337821331522129 0.10147581192482939 -0.011181078784315051 -0.19142903185688334 -0.39509012361561174 0.13267269804600113
leaf_weight=58 31 711 57 50 42 85 36 31 351 702 118 217 90 81 32 470 104 84 166 47 39 32 31
leaf_count=58 31 711 57 50 42 85 36 31 351 702 118 217 90 81 32 470 104 84 166 47 39 32 31
internal_value=7.97872e-05 0.000379061 -0.000292135 -4.4076e-06 -0.000300347 2.51079e-05 0.000212235 -0.000481707 -5.48885e-05 -0.000168299 -0.000316687 0.00020132 0.000132376 -0.000142442 -0.000736301 0.000304861 0.000257675 7.69231e-05 0.000357928 0 -0.000907895 -0.00117361 0.000472409
internal_weight=3665 830 88 2835 287 2548 800 81 1748 1122 820 302 626 171 145 719 455 142 636 83 113 71 742
internal_count=3665 830 88 2835 287 2548 800 81 1748 1122 820 302 626 171 145 719 455 142 636 83 113 71 742
is_linear=0
shrinkage=0.01


Tree=413
num_leaves=29
num_cat=1
split_feature=10 14 7 3 13 27 28 22 10 30 22 28 12 33 10 21 25 5 27 20 30 11 32 6 33 32 24 24
split_gain=1.09282 0.415861 0.346223 0.421416 0.389863 0.41575 0.316535 0.604083 0.606062 0.37477 0.310501 0.257838 0.762367 0.531015 0.400761 0.377101 0.217691 0.175011 0.161794 0.122781 0.117731 0.0968717 0.108919 0.0941566 0.0557795 0.0183923 0.0109254 0.00750726
threshold=5840.2857142857156 -0.64578423485557612 288.50000000000006 0 5329.2186665868703 0.15000000000000005 26.525000000000002 4901.0000000000009 4299.0714285714303 26.075000000000006 4032.5000000000005 25.425000000000004 4895.5500000000011 240.15000000000001 4671.5000000000009 3962.5000000000005 4647.5000000000009 2.5000000000000004 0.95000000000000007 23.103571428571431 26.275000000000002 51.783661380951521 23.249999999999993 9.5000000000000018 93.250000000000043 142.20000000000002 5800.5000000000009 5026.0000000000009
decision_type=2 2 2 1 2 2 2 2 2 2 2 2 2 2 2 2 2 2 2 2 2 2 2 2 2 2 2 2
left_child=2 18 3 11 5 19 7 8 -5 17 -7 14 15 -14 16 -13 -1 -8 -2 -4 -12 -6 26 -11 -21 -3 -23 -16
right_child=1 25 4 6 21 10 9 -9 -10 23 20 12 13 -15 27 -17 -18 -19 -20 24 -22 22 -24 -25 -26 -27 -28 -29
leaf_value=-0.00033459252395334429 0.7143613291088281 7.5473892190870213 -0.13593987735451474 0.041473910864567157 0.20279565433488636 0.043220342582236337 -0.13578184251248479 0.8601428354811046 -0.1243956920763295 0.29861619243073934 -0.0034561720529398604 -1.0886441583112738 -0.37687714434342623 0.023114448874730159 0.20197662556630186 -0.00020129512068517392 -0.72745071222565993 0.01383726266523647 -0.25332262451756249 0.070483094066885812 -0.0059778796111549541 0.88101911209945161 0.44759390109003461 0.048268440498713858 0.00086023132536232338 0.13134597106554105 2.1409948474397154 1.0671431575532697
leaf_weight=101 32 711 54 85 49 33 50 106 114 353 32 48 207 54 30 575 40 41 56 138 41 379 54 30 58 31 31 132
leaf_count=101 32 711 54 85 49 33 50 106 114 353 32 48 207 54 30 575 40 41 56 138 41 379 54 30 58 31 31 132
internal_value=7.16039e-05 0.000391095 -1.8512e-05 -9.50686e-05 0.000143103 -8.96358e-05 7.62821e-05 -0.000155229 -0.0005025 0.000246316 -0.000626168 -0.000215909 -0.000302825 -0.00076145 4.93422e-06 -9.375e-05 -0.000348592 -0.000266304 -0.000179775 9.96016e-05 -0.000993243 0.00032393 0.000369892 0.000394531 0.000243655 0.000472409 0.000425791 0.000374233
internal_weight=3665 830 2835 1966 869 356 779 305 199 474 106 1187 884 261 303 623 141 91 88 250 73 513 464 383 196 742 410 162
internal_count=3665 830 2835 1966 869 356 779 305 199 474 106 1187 884 261 303 623 141 91 88 250 73 513 464 383 196 742 410 162
cat_boundaries=0 1
cat_threshold=2
is_linear=0
shrinkage=0.01


Tree=414
num_leaves=21
num_cat=1
split_feature=10 0 26 20 33 33 17 10 10 7 15 23 18 7 32 18 10 10 23 23
split_gain=0.933196 0.663939 0.523441 0.664402 0.354765 0.501544 0.560995 0.298169 0.254701 0.356205 0.539923 0.278028 0.225413 0.30286 0.215104 0.175289 0.116638 0.09912 0.0537243 0.0239197
threshold=5840.2857142857156 0 28.375000000000004 31.367857142857147 46.000000000000007 161.75000000000003 -0.15314025082153274 7241.357142857144 5076.857142857144 61.500000000000007 0.5969655492110445 4794.5000000000009 0.099999999999998243 250.50000000000003 47.350000000000009 134.70000000000002 4941.2142857142871 4398.5000000000009 4925.5000000000009 4601.0000000000009
decision_type=2 9 2 2 2 2 2 2 2 2 2 2 2 2 2 2 2 2 2 2
left_child=1 2 4 -4 17 6 -6 15 9 10 -3 -12 16 -14 18 -2 -11 -1 -10 -7
right_child=7 8 3 -5 5 19 -8 -9 14 12 11 -13 13 -15 -16 -17 -18 -19 -20 -21
leaf_value=-0.059702240017388546 5.4989974376401838 -0.10231691035043486 -0.33709760017307311 0.094987499124412123 0.0033732306818288296 0.42148916023400129 -0.15895381148348139 -0.1686073340804316 1.5745470555168481 0.22749744009118383 -0.020847010522383198 0.7402712266388376 0.096890929638357243 -0.0018466218356975046 -0.4233775641370135 -0.076441867637357566 -0.32200815427897034 0.40626649894219918 1.0048963801692365 -0.00020293588370204064
leaf_weight=36 730 44 45 35 41 40 65 58 49 395 263 84 620 615 41 42 35 96 287 44
leaf_count=36 730 44 45 35 41 40 65 58 49 395 263 84 620 615 41 42 35 96 287 44
internal_value=9.61539e-05 6.17068e-06 -0.000360775 -0.00111111 -0.000151703 -0.000445026 -0.000906542 0.000391095 7.22177e-05 2.3335e-05 -0.000241071 -7.61494e-05 9.15366e-05 1.41586e-05 0.000313492 0.000447607 0.000290023 0.000195489 0.000409496 2.35294e-05
internal_weight=3665 2835 402 80 322 190 106 830 2433 2056 391 347 1665 1235 377 772 430 132 336 84
internal_count=3665 2835 402 80 322 190 106 830 2433 2056 391 347 1665 1235 377 772 430 132 336 84
cat_boundaries=0 1
cat_threshold=2080
is_linear=0
shrinkage=0.01


Tree=415
num_leaves=31
num_cat=2
split_feature=10 14 14 20 24 32 32 0 31 29 14 26 29 15 27 27 7 10 21 0 33 16 6 5 27 13 29 11 16 15
split_gain=1.01036 0.592162 0.46177 0.654966 0.65695 1.00133 0.53059 0.420876 0.336564 0.264217 0.388975 0.883169 0.364253 0.479727 0.256048 0.529368 0.250039 0.236244 0.329386 0.134064 0.227275 0.300324 0.10635 0.0821787 0.0716886 0.0389843 0.0355341 0.0302184 0.0172861 0.0166736
threshold=5086.0714285714294 -0.72101013194340913 -0.91936887716170002 26.903571428571432 4650.5000000000009 12.649999999999995 29.550000000000001 0 9.0500000000000025 23.075000000000006 -0.14250824554987665 24.125000000000004 25.525000000000002 0.45082531555062549 0.95000000000000007 8.3500000000000032 277.50000000000006 3904.3571428571436 3871.0000000000005 1 40.95000000000001 0.40614137006726808 2.5000000000000004 1.0000000180025095e-35 13.400000000000002 5274.3185056840284 25.325000000000006 58.243121928459445 0.99351232050787985 -0.99700296666818056
decision_type=2 2 2 2 2 2 2 9 2 2 2 2 2 2 2 2 2 2 2 9 2 2 2 2 2 2 2 2 2 2
left_child=2 14 3 8 5 -5 -7 17 24 10 27 -12 23 -14 -2 -16 -6 18 -4 20 -3 -22 26 -11 -1 -24 -19 -9 29 -21
right_child=1 19 7 4 16 6 -8 9 -10 12 11 -13 13 -15 15 -17 -18 22 -20 28 21 -23 25 -25 -26 -27 -28 -29 -30 -31
leaf_value=0.33573666958099951 0.11787012135525586 1.2328624653368581 0.15307693016483445 0.14133939266888251 -0.084882653741556111 -0.25415915090873281 -0.0030017736501727122 -0.0041170606140891828 -0.0035390770708877491 -0.012791499762688204 -0.04907225341731529 -0.43407568921256728 0.000530690311155653 -0.16141945317592168 -0.50156655457762822 0.10661509810422259 0.42999192844408529 0.022043971372470418 -0.0059675149394584764 4.6851797653190861 2.2745651805344154 -2.0234869973482161 0.027900482609498241 0.036158587872827552 0.052518018492026794 0.52786026913804796 -0.0041368883403255499 0.086318433640802258 0.1385391426940234 1.8344008701549757
leaf_weight=124 41 112 32 33 42 43 31 30 42 49 73 33 513 150 41 51 55 109 31 32 47 32 145 268 31 474 43 64 31 887
leaf_count=124 41 112 32 33 42 43 31 30 42 49 73 33 513 150 41 51 55 109 31 32 47 32 145 268 31 474 43 64 31 887
internal_value=0.000106911 0.000334902 -9.3129e-06 -0.000322139 -0.000721951 -0.00126389 -0.00190667 4.8139e-05 4.29293e-05 -6.71704e-05 -0.00039801 -0.000813084 0 -0.000133283 -0.00025 -0.000580645 -1.53061e-05 0.000221302 -0.000289062 0.000411997 7.67327e-05 -0.00025625 0.000279145 0.000278302 0.000304487 0.000337903 0 0 0.000463059 0.000477717
internal_weight=3689 1274 2415 401 204 107 74 2014 197 1180 200 106 980 663 133 92 97 834 63 1141 191 79 771 317 155 619 152 94 950 919
internal_count=3689 1274 2415 401 204 107 74 2014 197 1180 200 106 980 663 133 92 97 834 63 1141 191 79 771 317 155 619 152 94 950 919
cat_boundaries=0 1 2
cat_threshold=135 2113
is_linear=0
shrinkage=0.01


Tree=416
num_leaves=20
num_cat=1
split_feature=10 0 10 14 7 14 10 25 33 22 14 14 13 31 10 7 28 19 31
split_gain=0.927309 0.556066 1.34966 0.53486 0.594982 0.444738 0.373856 0.239101 0.290678 0.235207 0.233389 0.397351 0.31769 0.195053 0.136039 0.0926347 0.0501393 0.0666364 0.0186378
threshold=5840.2857142857156 0 4552.5714285714294 -0.91936887716170002 258.50000000000006 -0.75579217237767959 3953.2857142857147 4449.5000000000009 142.35000000000005 4020.5000000000005 0.7090011537757156 0.8697513045430848 5469.7223678256951 3.6500000000000008 7241.357142857144 338.50000000000006 24.925000000000004 142.35000000000005 30.550000000000004
decision_type=2 9 2 2 2 2 2 2 2 2 2 2 2 2 2 2 2 2 2
left_child=1 2 16 4 -3 14 9 8 -6 15 12 -12 -8 -9 -2 -5 -1 -18 -7
right_child=5 3 -4 6 7 18 10 13 -10 -11 11 -13 -14 -15 -16 -17 17 -19 -20
leaf_value=-0.025271674675543115 1.0055113705716452 -0.10590814244786284 -0.49721083108749387 -0.0070223735596277028 -0.29789342162468418 5.6264776603764481 0.0042369908082294464 0.22899073615836027 -0.00068406579405751904 -0.59001030453151637 -0.03471779736460933 0.38918493717902392 0.73785232122786881 -0.094499916983593626 -0.37570463687758027 0.10938248091688541 0.0083302983201520697 -0.0027204259367851987 2.1322127206916197
leaf_weight=38 30 58 56 122 34 759 760 158 81 31 196 258 835 61 30 42 69 40 31
leaf_count=38 30 58 56 122 34 759 760 158 81 31 196 258 835 61 30 42 69 40 31
internal_value=0.000115041 2.44718e-05 -0.00046028 6.7246e-05 -0.000264631 0.000405405 0.000130067 -6.86567e-05 -0.000452586 -0.000267857 0.000172927 -6.59339e-06 0.000230263 8.86364e-05 -0.000327869 -4.84848e-05 0 0.000131818 0.000474083
internal_weight=3689 2839 203 2636 392 850 2244 334 115 195 2049 454 1595 219 60 164 147 109 790
internal_count=3689 2839 203 2636 392 850 2244 334 115 195 2049 454 1595 219 60 164 147 109 790
cat_boundaries=0 1
cat_threshold=2560
is_linear=0
shrinkage=0.01


Tree=417
num_leaves=30
num_cat=3
split_feature=10 28 14 0 11 16 13 13 17 0 10 17 19 19 14 19 25 24 0 19 10 20 19 10 11 13 24 18 15
split_gain=0.945504 0.566632 0.444738 0.420495 0.569658 0.459502 0.761633 0.376979 0.281827 0.358633 0.616898 0.27434 0.248577 0.340682 0.215757 0.281154 0.168328 0.330761 0.145998 0.241909 0.136039 0.0759294 0.0665926 0.0239742 0.0234317 0.0224439 0.0120749 0.0111435 0.0107504
threshold=5840.2857142857156 24.875000000000004 -0.75579217237767959 0 97.590007294894264 0.40614137006726808 5566.6875021226742 5122.3147676771905 0.59004310983071195 1 4671.5000000000009 0.097680735332368748 7.9499999999999993 13.30000000000001 0.8697513045430848 257.55000000000001 4673.0000000000009 4625.5000000000009 2 21.000000000000007 7241.357142857144 24.87857142857143 0.3999999999999983 3919.7142857142862 51.175466853901987 5261.066369501912 4793.5000000000009 148.90000000000001 0.97062204580664158
decision_type=2 2 2 9 2 2 2 2 2 9 2 2 2 2 2 2 2 2 9 2 2 2 2 2 2 2 2 2 2
left_child=1 8 20 11 12 7 -7 -6 24 10 -10 14 21 -14 15 -3 23 -18 19 -13 -2 -5 -16 -11 26 -20 -1 -4 -12
right_child=2 3 27 4 5 6 -8 -9 9 16 28 18 13 -15 22 -17 17 -19 25 -21 -22 -23 -24 -25 -26 -27 -28 -29 -30
leaf_value=-0.095189143998109196 0.99545625686592432 -0.005734686880908578 6.1290722441588841 -0.43945106417611585 -0.23120577038102563 -0.098524390507117962 -0.2978799410266082 -0.00014583865077272791 -0.032809277361722608 0.0031413947981268099 0.031425343670576388 -0.63418707108625871 -0.098649262111988587 -0.0002610351934520086 0.071355626374486114 1.6855326384011113 -0.11204466290238349 0.76318129795080891 0.02802304189832094 0.64382664397429512 -0.37194759050880682 0.24144518308796359 0.62321299218021364 0.060258682044570189 0.67918265687055335 0.54776785567582986 0.79216427159177838 0.38506975527233345 0.18583071347272648
leaf_weight=30 30 457 756 30 44 59 71 217 41 54 30 30 48 265 30 73 35 99 60 75 30 131 104 217 348 226 33 34 32
leaf_count=30 30 457 756 30 44 59 71 217 41 54 30 30 48 265 30 73 35 99 60 75 30 131 104 217 348 226 33 34 32
internal_value=0.000112331 2.09507e-05 0.000405405 -7.28787e-05 -0.000236872 -0.000521684 -0.00103053 -0.000227099 0.000227717 4.71513e-05 -0.000425439 5.394e-05 0 -0.000170382 -5.71428e-05 -0.000160075 0.000198317 -2.22222e-05 0.000269133 0 -0.000327869 0.000311728 0.000274074 0.000351103 0.000425971 0.000380471 2.34375e-05 0.000474083 1.5873e-05
internal_weight=3689 2839 850 1920 865 391 130 261 919 508 103 1055 474 313 664 530 405 134 391 105 60 161 134 271 411 286 63 790 62
internal_count=3689 2839 850 1920 865 391 130 261 919 508 103 1055 474 313 664 530 405 134 391 105 60 161 134 271 411 286 63 790 62
cat_boundaries=0 1 2 3
cat_threshold=470 2128 260
is_linear=0
shrinkage=0.01


Tree=418
num_leaves=27
num_cat=1
split_feature=10 0 14 28 10 26 29 10 13 15 14 14 32 13 11 10 19 10 7 16 26 7 14 26 18 34
split_gain=0.98238 0.562728 0.444738 0.378405 0.727608 0.484104 0.403076 0.336991 0.301233 0.293187 0.25453 0.608443 0.233277 0.374858 0.22531 0.275562 0.195365 0.136039 0.123356 0.0971137 0.0753851 0.0400645 0.038226 0.0260759 0.0111435 0.0105394
threshold=5840.2857142857156 0 -0.75579217237767959 24.875000000000004 5053.9285714285725 28.775000000000002 26.775000000000002 4287.4285714285716 5459.9088188461437 0.95178258287705175 -0.91936887716170002 -0.95754239937548935 47.350000000000009 5846.8356643356647 46.314401692718214 5053.9285714285725 0.9000000000000018 7241.357142857144 61.500000000000007 -0.93881210897455081 32.475000000000009 279.50000000000006 -0.62588817255938378 22.575000000000006 148.90000000000001 3.5750000000000006
decision_type=2 9 2 2 2 2 2 2 2 2 2 2 2 2 2 2 2 2 2 2 2 2 2 2 2 2
left_child=1 8 17 9 5 7 -6 -5 10 23 11 21 19 -14 -11 -16 -12 -2 -18 22 -7 -1 -10 -3 -4 -25
right_child=2 3 24 4 6 20 -8 -9 12 14 16 -13 13 -15 15 -17 18 -19 -20 -21 -22 -23 -24 25 -26 -27
leaf_value=0.18668036934369778 0.98550169429726919 0.0021326190383183403 6.0677815217172943 0.00050423473795991409 -0.0067453435675787852 0.22005099891545715 -0.23620369618553105 -0.034667406538596367 4.2589825228467788 0.062038589012170298 -0.03400622153137766 -0.10441883813280436 0.66100891064450562 -0.77929059567074721 -0.14555019279013662 0.91291624044463338 -0.00072439568494346573 -0.36822811460371602 0.084251299324309928 0.74719665454454121 0.13986518059958672 -0.37058182515640636 -0.0039946376241143519 0.21633334432726328 0.38121905771960818 0.35424766867065982
leaf_weight=44 30 52 756 291 46 125 48 382 46 50 53 34 53 33 99 31 148 30 467 469 85 30 53 30 34 170
leaf_count=44 30 52 756 291 46 125 48 382 46 50 53 34 53 33 99 31 148 30 467 469 85 30 53 30 34 170
internal_value=0.000106911 1.39085e-05 0.000405405 -0.000123592 -0.000236708 -0.00013405 -0.00108421 -0.000272255 0.000156142 0.000106236 1.0296e-05 -0.000422018 0.000316031 -8.04598e-05 -0.000165746 -0.000419847 9.56652e-05 -0.000327869 0.000158279 0.000393673 0.000260664 0 0 0.000339921 0.000474083 0.00039801
internal_weight=3689 2839 850 1409 977 883 94 673 1430 432 776 108 654 86 180 130 668 60 615 568 210 74 99 252 790 200
internal_count=3689 2839 850 1409 977 883 94 673 1430 432 776 108 654 86 180 130 668 60 615 568 210 74 99 252 790 200
cat_boundaries=0 1
cat_threshold=391
is_linear=0
shrinkage=0.01


Tree=419
num_leaves=27
num_cat=1
split_feature=10 28 11 31 18 32 24 16 21 10 3 10 29 15 10 12 17 11 34 15 5 34 34 21 12 21
split_gain=0.945504 0.400742 0.438416 0.746366 0.731707 0.562969 0.367474 0.367709 0.653475 0.293499 0.280145 0.235738 0.536244 0.466101 0.204708 0.325312 0.169753 0.136689 0.275734 0.15013 0.0934438 0.0736916 0.0696976 0.0398433 0.0167556 0.0108637
threshold=5840.2857142857156 24.875000000000004 147.74968805029337 0.25000000000000006 65.200000000000017 16.850000000000005 4850.5000000000009 -0.56457669118955289 4794.5000000000009 7241.357142857144 0 4792.9285714285725 29.225000000000005 0.73721509932751383 4347.2142857142871 4305.3500000000013 -0.13185729634369445 176.19138574743428 5.3150000000000004 0.62420859727530387 3.5000000000000004 3.2850000000000006 2.1250000000000004 4948.5000000000009 4776.5500000000011 5197.5000000000009
decision_type=2 2 2 2 2 2 2 2 2 2 1 2 2 2 2 2 2 2 2 2 2 2 2 2 2 2
left_child=1 6 10 17 5 -5 7 21 20 22 11 13 -13 -3 15 -12 -11 18 -4 -19 -9 -1 -2 -16 -8 -23
right_child=9 2 3 4 -6 -7 24 8 -10 16 14 12 -14 -15 23 -17 -18 19 -20 -21 -22 25 -24 -25 -26 -27
leaf_value=-0.0336250726937063 1.7505526607960571 0.0035398543649420634 0.11044002851818814 -0.0010198527868449879 0.24753365495580884 -0.2269673779034154 0.0017428953890388885 0.034473782608321873 -0.7656302789903735 -0.33769111068735358 0.026928900234144557 -0.0014413280482152896 -0.24191114478396195 -0.75057403620839946 0.32015409123447902 -0.0036569759831795289 11.143253647533353 0.33877409949574117 -0.049981477505296502 -0.037904483019787348 -0.0060439084846143354 0.30672034337015303 4.088898634134158 0.14546802187480623 0.95121767462945028 1.654286123866606
leaf_weight=31 48 590 41 43 48 100 30 180 35 32 200 160 41 48 289 87 30 118 32 46 105 175 740 77 333 30
leaf_count=31 48 590 41 43 48 100 30 180 35 32 200 160 41 48 289 87 30 118 32 46 105 175 740 77 333 30
internal_value=0.000112331 2.09507e-05 -5.72618e-05 -0.000340326 -0.000804687 -0.00117014 0.000195109 1.43627e-05 -0.000186916 0.000405405 1.74146e-05 -9.58333e-05 -0.000393564 0 0.000178135 0 -0.000142857 0 -0.000317568 0.000193939 0 0.000329114 0.000461343 0.00033515 0.000443681 0.000400485
internal_weight=3689 2839 1920 428 191 143 919 556 320 850 1492 839 201 638 653 287 62 237 73 164 285 236 788 366 363 205
internal_count=3689 2839 1920 428 191 143 919 556 320 850 1492 839 201 638 653 287 62 237 73 164 285 236 788 366 363 205
cat_boundaries=0 1
cat_threshold=2
is_linear=0
shrinkage=0.01


Tree=420
num_leaves=24
num_cat=0
split_feature=10 14 27 34 10 13 25 32 15 33 11 7 23 17 34 28 5 32 24 12 11 10 11
split_gain=0.838643 1.07547 0.517698 0.660906 0.206794 0.26197 0.332303 0.370831 0.340056 0.314263 0.183393 0.494738 0.645314 0.240995 0.166002 0.142438 0.180443 0.103091 0.0598889 0.0156409 0.0149952 0.0143084 0.00701518
threshold=5098.4285714285725 -0.63255557784149707 0.8500000000000002 3.2950000000000004 5061.357142857144 5575.5496727322579 4349.5000000000009 0.14999999999999294 -0.69676771491221523 0.19999999999999826 113.35142778800883 286.50000000000006 4826.0000000000009 0.91852788691372023 4.6650000000000009 27.575000000000006 1.0000000180025095e-35 154.00000000000003 4612.0000000000009 5156.3333333333348 637.51695295207617 5128.0714285714294 138.4962576968596
decision_type=2 2 2 2 2 2 2 2 2 2 2 2 2 2 2 2 2 2 2 2 2 2 2
left_child=4 2 -2 -4 5 6 15 9 -9 -8 13 12 -12 19 -5 16 -1 18 -3 -7 21 -20 -17
right_child=1 17 3 14 -6 10 7 8 -10 -11 11 -13 -14 -15 -16 22 -18 -19 20 -21 -22 -23 -24
leaf_value=-0.016595134570649345 0.88714389333824073 1.9380853480868809 -0.3555278641698687 0.035865296281355652 -0.086107533183976487 0.85652950927850457 -0.36008136844434929 0.0022552297500885803 -0.032459251299148388 0.10854023170567459 -0.12297617062415815 1.6483618149195218 0.0050839811322821483 -0.13533248409407855 -0.87277591619107664 0.24493493235820091 0.0058770611057787038 0.50530717892074617 0.20139982879134827 0.13819200641692142 0.11669588456544869 2.0243012633597637 0.13468988935661558
leaf_weight=91 69 50 30 55 53 288 30 213 495 285 47 125 76 39 30 127 457 30 33 30 32 925 30
leaf_count=91 69 50 30 55 53 288 30 213 495 285 47 125 76 39 30 127 457 30 33 30 32 925 30
internal_value=9.88739e-05 0.000308367 -0.000367568 -0.000797414 -7.1219e-06 2.78493e-06 -5.55234e-05 -0.000174316 -0.000304654 8.70253e-05 0.000185644 0 -0.000471774 0.000331006 -0.000203488 0.000102691 7.28599e-06 0.000434174 0.000451489 0.000435737 0.000469223 0.000478624 0.000370253
internal_weight=3640 1254 184 115 2386 2333 1728 1023 708 315 605 248 123 357 85 705 548 1070 1040 318 990 958 157
internal_count=3640 1254 184 115 2386 2333 1728 1023 708 315 605 248 123 357 85 705 548 1070 1040 318 990 958 157
is_linear=0
shrinkage=0.01


Tree=421
num_leaves=24
num_cat=2
split_feature=10 14 27 12 0 10 11 27 32 12 10 19 33 19 10 15 21 32 0 10 5 28 5
split_gain=0.925138 0.944897 0.492475 0.442519 0.418583 0.553107 0.607189 0.436102 0.465532 0.204976 0.25962 0.150977 0.17706 0.273339 0.190833 0.134188 0.126597 0.103091 0.0681108 0.0582928 0.0529189 0.0142182 0.00298526
threshold=5098.4285714285725 -0.63255557784149707 0.95000000000000007 6016.5500000000002 0 5025.5714285714294 74.267374101274854 12.200000000000001 38.100000000000016 4964.1166666666677 4835.357142857144 1.0000000180025095e-35 6.900000000000003 8.4000000000000092 4299.0714285714303 0.94066717844141279 4350.5000000000009 154.00000000000003 1 5824.1428571428578 2.5000000000000004 33.82500000000001 3.5000000000000004
decision_type=2 2 2 2 9 2 2 2 2 2 2 2 2 2 2 2 2 2 9 2 2 2 2
left_child=4 2 -2 -4 11 7 -7 9 -9 10 -6 -1 15 14 -14 21 -15 18 19 -3 -17 -13 -11
right_child=1 17 3 -5 5 6 -8 8 -10 22 -12 12 13 16 -16 20 -18 -19 -20 -21 -22 -23 -24
leaf_value=-0.061953879305576706 0.65515024936892063 -0.44888110276416299 -0.025985883799667986 -0.34438893968518997 -0.00085599835772073212 -0.61479627677348414 0.097757396543381531 -0.26002598222800832 0.022192720027953073 1.2321061932908426 -0.12338615255200892 0.17216585516903188 0.014251037748215928 -0.00062984927500959217 -0.066578578523851004 0.063054125736803357 0.11725352201248061 0.50025410713153917 1.9293495145467012 6.1751094904925594 -0.0038185973180746287 1.0160674650422505 0.34050433746751646
leaf_weight=58 73 57 52 59 719 30 32 37 48 94 55 244 36 366 30 34 507 30 924 59 36 30 30
leaf_count=58 73 57 52 59 719 30 32 37 48 94 55 244 36 366 30 34 507 30 924 59 36 30 30
internal_value=9.61274e-05 0.000316335 -0.000313513 -0.000754464 -1.55006e-05 -0.000168087 -0.00109524 -0.000100102 -0.000784884 -2.33593e-05 -9.41935e-05 9.65237e-05 0.000125779 4.20213e-05 -0.000552239 0.000324638 9.89703e-05 0.000434174 0.000451489 6.29921e-05 0 0.000425455 0.000336
internal_weight=3640 1254 184 111 2386 1045 62 983 85 898 774 1341 1283 939 66 344 873 1070 1040 116 70 274 124
internal_count=3640 1254 184 111 2386 1045 62 983 85 898 774 1341 1283 939 66 344 873 1070 1040 116 70 274 124
cat_boundaries=0 1 2
cat_threshold=839 2304
is_linear=0
shrinkage=0.01


Tree=422
num_leaves=27
num_cat=3
split_feature=10 14 27 34 0 10 13 12 15 27 34 11 26 34 31 28 34 0 0 31 6 14 10 11 18 10
split_gain=0.776761 1.05045 0.517698 0.660906 0.38071 0.463791 0.308318 0.496253 0.893455 0.306135 0.543755 0.206119 0.236058 0.170518 0.230246 0.221384 0.166002 0.159932 0.148125 0.134393 0.0822713 0.0716826 0.0468245 0.0597235 0.0198496 0.0192215
threshold=5098.4285714285725 -0.63255557784149707 0.8500000000000002 3.2950000000000004 0 5043.6428571428578 5411.981585970264 4735.2166666666681 0.089118976521498999 12.200000000000001 4.3250000000000011 53.607687918777295 26.725000000000005 3.8550000000000004 0.65000000000000002 24.875000000000004 4.6650000000000009 1 2 10.150000000000002 1.5000000000000002 0.94138322595482449 6086.9285714285716 154.78862513483213 142.20000000000002 5138.7857142857156
decision_type=2 2 2 2 9 2 2 2 2 2 2 2 2 2 2 2 2 9 9 2 2 2 2 2 2 2
left_child=4 2 -2 -4 6 9 7 11 -9 13 -11 12 -1 14 -6 -15 -5 22 -13 20 -8 -22 23 -3 25 -19
right_child=1 17 3 16 5 -7 19 8 -10 10 -12 18 -14 15 -16 -17 -18 24 -20 -21 21 -23 -24 -25 -26 -27
leaf_value=-0.003976336909911565 0.87172095191117227 0.83964358459860167 -0.3485286961313222 0.037995323675839424 -0.058327805061535724 -0.18684386911718634 0.1968570337051477 -0.59057659607267377 0.052114237567040117 -0.010387405115764718 -0.3015139017715559 -0.009873773947346929 0.1102457056760091 0.20174972352383932 0.00027576347372394228 -0.0061190007642503066 -0.86060426763231634 0.51761345032620509 0.040997092404127723 -0.058014729879495228 0.67691954191122772 0.00027272505116630505 6.4124115797600352 -0.9381304023851369 1.7431653535782869 2.0976745517199538
leaf_weight=136 69 32 30 55 84 49 30 30 37 54 31 151 126 160 151 516 30 31 358 59 374 40 45 30 30 902
leaf_count=136 69 32 30 55 84 49 30 30 37 54 31 151 126 160 151 516 30 31 358 59 374 40 45 30 30 902
internal_value=9.88739e-05 0.000300398 -0.000367568 -0.000797414 -2.93254e-06 -0.000149148 0.00010392 -1.19188e-06 -0.000830882 -9.22768e-05 -0.000668605 5.89378e-05 -0.000148289 -2.6864e-05 -0.00026483 4.13589e-05 -0.000203488 0.000424837 0.000185294 0.000300595 0.000364045 0.00040241 0 -0.000142857 0.000463552 0.000478051
internal_weight=3640 1254 184 115 2386 1045 1341 838 67 996 85 771 262 911 235 676 85 1070 509 503 444 414 107 62 963 933
internal_count=3640 1254 184 115 2386 1045 1341 838 67 996 85 771 262 911 235 676 85 1070 509 503 444 414 107 62 963 933
cat_boundaries=0 1 2 3
cat_threshold=839 2112 5
is_linear=0
shrinkage=0.01


Tree=423
num_leaves=25
num_cat=2
split_feature=10 14 27 34 0 13 12 15 10 27 34 25 13 34 29 31 5 34 31 32 6 14 0 10
split_gain=0.796784 1.07547 0.517698 0.660906 0.352033 0.308318 0.496253 0.893455 0.29095 0.306135 0.543755 0.2026 0.295373 0.170518 0.319933 0.230246 0.170452 0.166002 0.134393 0.103091 0.0822713 0.0716826 0.0681108 0.0582928
threshold=5098.4285714285725 -0.63255557784149707 0.8500000000000002 3.2950000000000004 0 5411.981585970264 4735.2166666666681 0.089118976521498999 5043.6428571428578 12.200000000000001 4.3250000000000011 4310.5000000000009 5270.0953828424017 3.8550000000000004 25.575000000000006 0.65000000000000002 1.0000000180025095e-35 4.6650000000000009 10.150000000000002 154.00000000000003 1.5000000000000002 0.94138322595482449 1 5824.1428571428578
decision_type=2 2 2 2 9 2 2 2 2 2 2 2 2 2 2 2 2 2 2 2 2 2 9 2
left_child=4 2 -2 -4 5 6 11 -8 9 13 -11 16 -13 15 -15 -6 -1 -5 20 22 -7 -22 23 -3
right_child=1 19 3 17 8 18 7 -9 -10 10 -12 12 -14 14 -16 -17 -18 -19 -20 -21 21 -23 -24 -25
leaf_value=-0.0036384286545704976 0.86300374239206323 -0.43792247481070756 -0.34504340917000897 0.03761537043907829 -0.057744527010918638 0.19488846336809895 -0.58467083011194954 0.051593095191366456 -0.1849754304260145 -0.010283531064608919 -0.2984987627538398 -0.014455699580373628 0.13510046893682412 0.20383790071766544 -0.011510888004947163 0.00027300583898556943 0.066392023034507183 -0.85199822495599664 -0.057434582580698355 0.48188576068006556 0.67015034649211724 0.00026999780065412499 1.9019055118698185 6.0923816500704291
leaf_weight=62 69 57 30 55 84 30 30 37 49 54 31 246 150 221 455 151 313 30 59 30 374 40 924 59
leaf_count=62 69 57 30 55 84 30 30 37 49 54 31 246 150 221 455 151 313 30 59 30 374 40 924 59
internal_value=0.000104367 0.000308367 -0.000367568 -0.000797414 0 0.00010392 -1.19188e-06 -0.000830882 -0.000139678 -9.22768e-05 -0.000668605 5.89378e-05 -8.06045e-05 -2.6864e-05 4.13589e-05 -0.00026483 0.000232713 -0.000203488 0.000300595 0.000434174 0.000364045 0.00040241 0.000451489 6.29921e-05
internal_weight=3640 1254 184 115 2386 1341 838 67 1045 996 85 771 396 911 676 235 375 85 503 1070 444 414 1040 116
internal_count=3640 1254 184 115 2386 1341 838 67 1045 996 85 771 396 911 676 235 375 85 503 1070 444 414 1040 116
cat_boundaries=0 1 2
cat_threshold=839 2304
is_linear=0
shrinkage=0.01


Tree=424
num_leaves=31
num_cat=3
split_feature=10 33 0 5 16 0 16 31 29 27 10 13 12 15 10 33 16 31 11 11 25 0 31 11 28 6 11 11 31 10
split_gain=0.7324 0.576358 0.373589 0.585829 1.01738 0.276041 0.429699 0.344586 0.803095 0.320285 0.318874 0.308318 0.496253 0.893455 0.302701 0.286625 0.487372 0.245807 0.25203 0.206119 0.515043 0.148125 0.134393 0.13281 0.125491 0.0822713 0.0548904 0.023208 0.0220645 0.0215332
threshold=5098.4285714285725 137.40000000000003 0 2.5000000000000004 0.67799886003753596 1 0.86972315351350449 0.45000000000000007 25.575000000000006 0.15000000000000005 4150.857142857144 5411.981585970264 4735.2166666666681 0.089118976521498999 5025.5714285714294 157.75000000000003 0.42178632996157733 4.5500000000000007 241.2197607703414 53.607687918777295 4449.5000000000009 2 10.150000000000002 124.15590865617885 27.525000000000002 1.5000000000000002 180.27756377322609 441.27381611815576 2.9500000000000006 5128.0714285714294
decision_type=2 2 9 2 2 9 2 2 2 2 2 2 2 2 2 2 2 2 2 2 2 9 2 2 2 2 2 2 2 2
left_child=5 17 26 27 -5 11 9 8 -8 14 -10 12 19 -14 24 16 -11 29 -19 20 -1 -21 25 -17 -7 -13 -3 -4 -9 -2
right_child=1 2 3 4 -6 6 7 28 10 15 -12 22 13 -15 -16 23 -18 18 -20 21 -22 -23 -24 -25 -26 -27 -28 -29 -30 -31
leaf_value=0.044290822239159339 0.140108380480787 2.6719364155519902 0.95698816449848156 0.098456983149039279 -1.4277501662319065 0.17764270271219432 0.00030270359907818829 0.53163420483195734 -0.60486979930079754 -0.041410202500614231 -0.66724523244023803 0.19293957873441453 -0.57882412181082576 0.051077164239451529 -0.17208769088796047 0.10858276752337689 -0.19328066528226728 6.5768670845437667 -0.27256811831943428 -0.010034717734792141 -0.074851644604675846 0.039923201249740081 -0.056860236754890811 -0.0065740309671468459 0.0015712509328519864 0.58794029471871512 -0.0098266072185259692 0.012955102704253534 -0.59466130820936336 1.8904212811844221
leaf_weight=190 30 105 42 41 35 308 49 34 32 154 34 30 30 37 32 74 31 53 30 151 72 358 59 85 182 414 36 30 30 852
leaf_count=190 30 105 42 41 35 308 49 34 32 154 34 30 30 37 32 74 31 53 30 151 72 358 59 85 182 414 36 30 30 852
internal_value=0.000112606 0.000308367 -5.34483e-05 -0.000415094 -0.00106494 5.44618e-06 -0.000111269 -0.000558333 -0.000883621 -8.0738e-06 -0.00159701 0.00010392 -1.19188e-06 -0.000830882 0.000135755 -0.000255072 -0.000524194 0.000427019 0 5.89378e-05 -0.000148289 0.000185294 0.000300595 0 0.000213849 0.000364045 0.000266447 8.21918e-05 0 0.000476784
internal_weight=3640 1254 289 148 76 2386 1045 179 115 866 66 1341 838 67 522 344 185 965 83 771 262 509 503 159 490 444 141 72 64 882
internal_count=3640 1254 289 148 76 2386 1045 179 115 866 66 1341 838 67 522 344 185 965 83 771 262 509 503 159 490 444 141 72 64 882
cat_boundaries=0 1 2 3
cat_threshold=291 839 5
is_linear=0
shrinkage=0.01


Tree=425
num_leaves=24
num_cat=2
split_feature=22 32 0 16 0 17 26 26 25 21 18 29 29 12 29 26 29 17 33 22 26 5 17
split_gain=0.704784 0.621622 0.483202 0.690616 0.390566 0.274641 0.238055 0.33916 0.269901 0.222077 0.21814 0.215468 0.362592 0.496108 0.242099 0.475853 0.151418 0.146265 0.096521 0.057819 0.0382888 0.00806451 0.00716894
threshold=5050.5000000000009 13.650000000000002 0 0.78725952717486247 1 -0.15951288319385923 25.975000000000005 25.625000000000004 4535.5000000000009 6181.0000000000009 51.650000000000013 33.475000000000009 31.175000000000004 4445.7166666666681 28.025000000000002 27.725000000000005 22.975000000000005 -0.93919267210266388 139.75000000000003 4848.5000000000009 22.725000000000005 2.5000000000000004 0.97263757644091875
decision_type=2 2 9 2 9 2 2 2 2 2 2 2 2 2 2 2 2 2 2 2 2 2 2
left_child=4 18 5 9 6 10 7 8 16 -4 -3 12 14 -14 15 -6 -1 21 -2 -16 -10 -8 -19
right_child=1 2 3 -5 11 -7 17 -9 20 -11 -12 -13 13 -15 19 -17 -18 22 -20 -21 -22 -23 -24
leaf_value=-0.015173497576708469 1.1863570113786177 -0.19744296557871552 1.6018456737141846 -0.36670297493072967 -0.001433434871228118 2.9660651319856846 -0.075101782009191154 -0.24945266469155705 0.064340513409085864 -0.72291805420933652 1.127562089751609 0.48681803753620173 0.13001636080778303 -0.18670649985424484 0.23619199292333679 -0.14130625985208439 0.020893121489472345 0.27675582270608801 0.52600887827879739 -0.18459143327813532 0.38957010304890505 0.35630186681840814 0.19536021402991083
leaf_weight=53 855 39 79 44 946 207 30 34 49 32 33 83 39 37 137 156 90 382 36 30 150 33 31
leaf_count=53 855 39 79 44 946 207 30 34 49 32 33 83 39 37 137 156 90 382 36 30 150 33 31
internal_value=0.000119939 0.000303545 0 -0.000436747 8.7681e-06 0.000239655 0.000180765 0 9.0379e-05 0 -0.000191781 -8.75608e-05 -0.000124443 -0.000805195 -7.51968e-05 -0.000135086 -0.000197917 0.000331237 0.000454596 0.000258929 0.0003475 0 0.000402174
internal_weight=3605 1325 434 155 2280 279 852 376 342 111 72 1428 1345 76 1269 1102 143 476 891 167 199 63 413
internal_count=3605 1325 434 155 2280 279 852 376 342 111 72 1428 1345 76 1269 1102 143 476 891 167 199 63 413
cat_boundaries=0 1 2
cat_threshold=299 194
is_linear=0
shrinkage=0.01


Tree=426
num_leaves=29
num_cat=1
split_feature=21 0 16 26 21 14 26 33 14 25 25 14 34 23 7 19 26 11 29 14 32 22 13 20 21 34 19 13
split_gain=0.829382 0.657826 0.684624 0.567864 0.883239 0.372928 0.501338 0.29996 0.298447 0.313667 0.578894 0.880829 0.542188 0.289597 0.259865 0.427309 0.26349 0.21591 0.288803 0.187704 0.169075 0.115668 0.106589 0.0886332 0.188729 0.0723382 0.0665208 0.0267766
threshold=4561.0000000000009 0 -0.11798870221290077 23.725000000000005 4901.0000000000009 -0.73282214301478099 27.625000000000004 0.19999999999999826 0.84313847884979054 4701.0000000000009 4349.5000000000009 -0.9259986516102553 5.9250000000000016 4977.5000000000009 301.50000000000006 101.05000000000003 26.575000000000006 341.43601858294568 26.275000000000002 -0.65882179392489248 154.00000000000003 5050.5000000000009 5664.5334316617509 30.017857142857146 4450.5000000000009 4.995000000000001 7.9499999999999993 5595.8751262626274
decision_type=2 9 2 2 2 2 2 2 2 2 2 2 2 2 2 2 2 2 2 2 2 2 2 2 2 2 2 2
left_child=8 2 22 -4 -5 6 17 13 9 10 14 -12 -13 -7 16 -16 -1 25 -19 -11 21 -9 -2 24 -21 -3 -10 -15
right_child=1 5 3 4 -6 7 -8 20 26 19 11 12 -14 27 15 -17 -18 18 -20 23 -22 -23 -24 -25 -26 -27 -28 -29
leaf_value=-0.0018240113127297914 -0.048749269423362315 0.46001080959643903 0.0010250945850873363 0.0087061234518794346 -0.75915718225890583 -0.29862787570794469 -0.43708045669767159 0.4286402342490373 0.25704632045892417 0.5950014099928137 -0.161758263085304 -0.0016088899956016737 -0.145057655511663 -0.019321305567489577 -0.0018898138759415263 -0.21397274410381234 0.090233387034444751 0.75538732151364074 -0.19018302734937984 -0.196382574621943 -0.18442444281450676 1.5452026865890802 2.3728351100671188 0.1934066118896135 0.17690158574457704 -0.025575435392672836 -0.013115559943245474 1.1360939437881394
leaf_weight=202 30 188 32 30 36 36 47 593 121 132 52 285 50 35 115 30 236 36 44 36 30 943 87 31 34 30 33 51
leaf_count=202 30 188 32 30 36 36 47 593 121 132 52 285 50 35 115 30 236 36 44 36 30 943 87 31 34 30 33 51
internal_value=0.000100527 0.000219653 -0.000276549 -0.000919192 -0.00144776 0.000277153 0 0.000339846 -8.94698e-05 -0.000148256 -0.00023172 -0.000532216 -0.00030506 -7.31707e-05 -1.45548e-05 -0.000393836 8.88383e-05 0.000130435 -0.000246914 0.000155983 0.00037843 0.000395576 0.00015678 -9.31372e-05 -0.000352113 0.000315069 0.000303226 0.000149425
internal_weight=3605 2248 215 98 66 2033 345 1688 1357 1203 970 387 335 122 583 145 438 298 80 233 1566 1536 117 101 70 218 154 86
internal_count=3605 2248 215 98 66 2033 345 1688 1357 1203 970 387 335 122 583 145 438 298 80 233 1566 1536 117 101 70 218 154 86
cat_boundaries=0 1
cat_threshold=2576
is_linear=0
shrinkage=0.01


Tree=427
num_leaves=31
num_cat=3
split_feature=24 0 26 7 0 17 29 20 15 27 16 31 26 21 21 22 32 25 34 29 23 32 0 12 28 10 28 34 33 34
split_gain=0.820178 0.64841 0.717926 0.884424 0.515506 0.407618 0.386555 0.935154 0.308076 0.347059 0.237723 0.339813 0.202388 0.201758 0.289127 0.180883 0.178421 0.380741 0.903251 0.189325 0.181129 0.177477 0.173474 0.123304 0.105394 0.222418 0.0654354 0.0449937 0.0184987 0.00703466
threshold=4625.5000000000009 0 27.025000000000002 179.50000000000003 1 1.0000000180025095e-35 27.575000000000006 27.075000000000006 -0.26867065956352881 0.15000000000000005 0.54217677573236234 12.200000000000001 22.725000000000005 3991.0000000000005 4300.5000000000009 4712.5000000000009 2.3000000000000012 4460.5000000000009 4.4250000000000007 26.475000000000005 3884.0000000000005 154.00000000000003 2 4657.2500000000009 26.875000000000004 5959.0000000000009 33.07500000000001 6.8800000000000017 1.0000000180025095e-35 3.1450000000000005
decision_type=2 9 2 2 9 2 2 2 2 2 2 2 2 2 2 2 2 2 2 2 2 2 9 2 2 2 2 2 2 2
left_child=4 2 15 -4 12 10 7 8 -6 -10 24 22 13 -1 -15 -2 20 19 -19 -18 -14 23 -12 -7 29 -26 -22 -8 -25 -3
right_child=1 5 3 -5 6 21 27 -9 9 -11 11 -13 16 14 -16 -17 17 18 -20 -21 26 -23 -24 28 25 -27 -28 -29 -30 -31
leaf_value=0.03413763009589265 -0.23482025274254451 0.018298636111003894 0.10654847797184332 -1.4794687325260372 0.41282810392978148 -0.00038638239585145567 0.12862976949986238 -0.24274957997949173 -0.012879554641798002 -0.10328745711806932 -0.14289884610343612 -0.14923411557837402 -0.0096385192270075047 -0.1899192579601339 -0.025422937160119834 1.0385997996691083 -0.0071111382588885308 0.0065278340134282062 -0.11802566436766189 0.15080465239541513 0.13556444634536596 -0.15409426956756869 0.67391433201745887 0.52818253221967237 -0.017975228704976122 10.78071191027758 0.039935033719066697 -0.0094240593706835865 1.0413866492354245 0.69313898363621274
leaf_weight=40 36 32 54 44 52 59 80 45 174 78 113 31 37 31 35 106 108 70 32 186 396 33 154 30 155 117 30 36 1019 192
leaf_count=40 36 32 54 44 52 59 80 45 174 78 113 31 37 31 35 106 108 70 32 186 396 33 154 30 155 117 30 36 1019 192
internal_value=0.000100527 0.000224035 -0.000239044 -0.000919192 -8.03634e-05 0.000286485 -0.000351891 -0.00053 -0.000288525 -0.000450593 9.68554e-05 -0.000103679 4.35451e-05 -0.000345794 -0.000701493 0.000146853 0.00010407 -3.02267e-05 -0.000572816 0.000125424 0.000240302 0.000411997 0 0.000436429 0.000237425 5.86081e-05 0.000311475 6.83761e-05 0.000461429 0.000408889
internal_weight=3605 2175 240 98 1430 1935 465 349 304 252 794 298 965 106 66 142 859 396 102 294 463 1141 267 1108 496 272 426 116 1049 224
internal_count=3605 2175 240 98 1430 1935 465 349 304 252 794 298 965 106 66 142 859 396 102 294 463 1141 267 1108 496 272 426 116 1049 224
cat_boundaries=0 1 2 3
cat_threshold=2564 970 408
is_linear=0
shrinkage=0.01


Tree=428
num_leaves=29
num_cat=2
split_feature=22 14 0 24 34 24 13 12 21 27 20 0 33 20 28 34 14 19 7 28 11 26 11 14 20 11 19 32
split_gain=0.708169 0.695959 0.431313 0.345155 0.434008 0.338702 0.332291 0.362 0.326891 0.303276 0.560209 0.264767 0.513064 0.182329 0.813902 0.245497 0.147925 0.193193 0.116427 0.163987 0.131701 0.0952407 0.080683 0.074614 0.0375594 0.0288337 0.0270777 0.0164872
threshold=5076.5000000000009 -0.72101013194340913 0 4127.5000000000009 3.7950000000000004 3947.5000000000005 5353.996859352791 4626.7166666666681 4686.0000000000009 0.8500000000000002 26.51071428571429 1 38.750000000000007 30.589285714285715 31.750000000000004 3.7450000000000006 0.84773968378660736 6.900000000000003 264.50000000000006 26.225000000000005 51.783661380951521 22.875000000000004 116.65302516854855 -0.98370366633421236 33.346428571428582 560.28302787363907 21.950000000000006 148.90000000000001
decision_type=2 2 9 2 2 2 2 2 2 2 2 9 2 2 2 2 2 2 2 2 2 2 2 2 2 2 2 2
left_child=2 9 6 4 -4 -6 7 18 -9 -2 25 12 -3 14 15 -5 21 -18 20 -20 -1 -8 -7 -23 -15 -11 -26 -13
right_child=1 11 3 13 5 22 16 8 -10 10 -12 27 -14 24 -16 -17 17 -19 19 -21 -22 23 -24 -25 26 -27 -28 -29
leaf_value=0.00065674264460903996 0.79805166287805518 1.1045445112269912 0.086005053812722887 -0.011521174054288352 -0.4482367280741969 -1.5554039379291931 -0.0011710267894609989 -0.1192515040556593 -0.033656060680111309 1.3795721812316613 -0.3176070684819341 1.4117079630678782 -0.52741055427257 0.40291235244389895 -0.24514398959047526 0.0039933601567526166 -0.76465094433019798 0.72004737269147545 0.0016916066862634304 -0.011430264155240717 0.031730832198953153 0.0010662725487590064 -0.079113284438437556 0.7426427464741423 -0.064264109524993465 -0.11708577357397351 0.52231087523691855 0.84924245436225221
leaf_weight=171 48 85 32 216 51 31 58 38 39 38 55 979 40 84 31 462 34 49 170 69 204 40 30 424 30 30 37 30
leaf_count=171 48 85 32 216 51 31 58 38 39 38 55 979 40 84 31 462 34 49 170 69 204 40 30 424 30 30 37 30
internal_value=0.000114393 0.000300536 4.34595e-06 -0.000145813 -0.000606897 -0.000920354 0.000128539 -6.50288e-06 -0.000660256 -0.000258721 -0.000552419 0.000393833 0 -5.8072e-05 -0.000134507 -4.56554e-05 0.000301155 0 6.01626e-05 -8.54167e-05 0.000179521 0.000365201 -0.00144355 0.000412903 0.000233553 0 0 0.000445588
internal_weight=3605 1305 2300 1004 144 112 1296 691 77 171 123 1134 125 860 709 678 605 83 614 239 375 522 61 464 151 68 67 1009
internal_count=3605 1305 2300 1004 144 112 1296 691 77 171 123 1134 125 860 709 678 605 83 614 239 375 522 61 464 151 68 67 1009
cat_boundaries=0 1 2
cat_threshold=978 2176
is_linear=0
shrinkage=0.01


Tree=429
num_leaves=31
num_cat=3
split_feature=24 0 16 24 17 15 32 24 13 13 14 25 20 21 25 0 32 25 22 18 21 26 21 12 22 0 21 16 12 15
split_gain=0.587585 0.513691 0.577647 0.3415 0.321367 0.597687 0.533402 0.447009 0.36516 0.724843 0.306059 0.590577 0.374498 0.29767 0.379575 0.277429 0.208056 0.146544 0.132572 0.173411 0.172207 0.116236 0.107473 0.263983 0.0881483 0.0735401 0.0336598 0.0328224 0.020491 0.020265
threshold=4625.5000000000009 0 0.17646842360078763 5140.5000000000009 -0.091260510743598464 -0.18493013702746822 0.3999999999999983 4848.5000000000009 5353.996859352791 5299.0648871782823 -0.95244167294248061 4349.5000000000009 23.289285714285718 3991.0000000000005 4187.5000000000009 1 154.00000000000003 4673.0000000000009 3975.5000000000005 3.4499999999999971 3937.5000000000005 26.625000000000004 4349.5000000000009 4305.3500000000013 4698.5000000000009 2 3871.0000000000005 -0.21967031843447349 4538.0833333333348 -0.99818570902816506
decision_type=2 9 2 2 2 2 2 2 2 2 2 2 2 2 2 9 2 2 2 2 2 2 2 2 2 9 2 2 2 2
left_child=10 2 24 -4 5 6 -3 -8 9 -6 11 21 13 26 -15 22 29 -16 20 -20 -17 -1 23 -14 -2 27 -12 -7 -24 -10
right_child=1 4 3 -5 8 25 7 -9 16 -11 12 -13 15 14 17 18 -18 -19 19 -21 -22 -23 28 -25 -26 -27 -28 -29 -30 -31
leaf_value=-0.014638085970875663 -0.18518706088270448 5.6331270987081785 -0.0069459223911337497 -0.2884962460910091 0.4314799712389607 0.36785349327021133 0.35491510411055116 -0.14959084579659382 1.0447606207474642 -0.51834032809777497 -0.13706581245358762 -0.14356820881389293 0.0018268798018781364 -0.36455709582880502 0.056259790555225155 0.0095804825867093699 -0.17576515014796329 -0.51777264308850368 0.23363484856921041 0.001461190551105006 -0.01477670058450699 0.029959353204294513 0.093616565578193547 -0.043569032628941289 1.4332132325216336 0.67773514181455696 0.040299775339287809 -0.046103608499473162 -0.062348149119071196 0.97615838005330346
leaf_weight=32 30 80 43 45 94 44 51 150 30 30 33 56 53 31 41 95 30 43 454 351 44 56 33 35 108 345 43 75 30 1020
leaf_count=32 30 80 43 45 94 44 51 150 30 30 33 56 53 31 41 95 30 43 454 351 44 56 33 35 108 345 43 75 30 1020
internal_value=0.000119939 0.000224035 -0.000198312 -0.000853933 0.000277806 9.7185e-05 -0.000246454 -0.000542079 0.000383402 -6.4e-05 -3.14465e-05 -0.000468965 1.0101e-05 -0.000388021 -0.000711207 8.89599e-05 0.000444033 -0.000211765 0.000159162 0.00021402 -7.5e-05 0 -0.000274691 -0.000516854 0.000136691 0.000326882 0 0 0 0.00047098
internal_weight=3605 2175 226 88 1949 745 281 201 1204 124 1430 144 1286 191 115 1095 1080 84 944 805 139 88 151 88 138 464 76 119 63 1050
internal_count=3605 2175 226 88 1949 745 281 201 1204 124 1430 144 1286 191 115 1095 1080 84 944 805 139 88 151 88 138 464 76 119 63 1050
cat_boundaries=0 1 2 3
cat_threshold=2576 2080 72
is_linear=0
shrinkage=0.01


Tree=430
num_leaves=26
num_cat=1
split_feature=10 0 13 13 19 18 27 16 17 15 5 14 33 16 29 20 18 29 34 28 14 18 23 22 11
split_gain=0.881407 0.314111 0.401213 0.373124 0.440453 0.3604 0.333061 0.317946 0.31077 0.572711 0.683547 0.27905 0.277426 0.314989 0.271015 0.720071 0.190578 0.158863 0.138792 0.0965381 0.0561872 0.0322149 0.0236449 0.0178044 0.0109258
threshold=5840.2857142857156 0 6062.1138164067606 5459.9088188461437 0.20000000000000714 0.099999999999998243 2.6500000000000008 0.76558307451930629 -0.27694043983797384 -0.18493013702746822 2.5000000000000004 -0.75579217237767959 307.55000000000001 0.9962888416657264 31.275000000000002 30.925000000000001 148.90000000000001 23.375000000000004 6.1350000000000007 24.225000000000005 -0.89015004145349408 17.850000000000005 4813.0000000000009 4499.0000000000009 637.51695295207617
decision_type=2 9 2 2 2 2 2 2 2 2 2 2 2 2 2 2 2 2 2 2 2 2 2 2 2
left_child=1 3 7 4 -1 19 -7 14 9 10 -5 20 13 -9 17 -16 24 -3 -11 -6 -2 23 -23 -10 -13
right_child=11 2 -4 8 5 6 -8 12 21 18 -12 16 -14 -15 15 -17 -18 -19 -20 -21 -22 22 -24 -25 -26
leaf_value=-0.20714288768232936 0.062247889969085222 -0.015172711967627683 -0.35607222769309166 -0.055592629812031849 0.14885280283359531 -0.0087485016336816164 0.089210245202489977 -0.80817057273261284 0.38644625359827767 0.51512644485606462 0.11617207899470479 6.0156834233762995 0.51501671065489529 0.12485131839345151 -0.1096075210978615 0.29304289988965621 -0.28950271051838367 0.019691102397429942 -0.066156831948014347 0.29920247657452087 -0.29724099001923149 0.34379645999032471 0.53799587520359704 0.72152625683273519 4.438623288686089
leaf_weight=37 30 175 44 60 86 431 194 180 30 207 51 713 38 30 31 61 34 497 32 183 30 51 42 388 34
leaf_count=37 30 175 44 60 86 431 194 180 30 207 51 713 38 30 31 61 34 497 32 183 30 51 42 388 34
internal_value=9.60705e-05 8.42402e-06 -0.000123711 9.20688e-05 -3.70172e-05 0 -0.000123802 -7.30503e-05 0.0002442 0 -0.000575893 0.000380641 -0.000385542 -0.000545024 1.56863e-05 -0.000473118 0.000435422 9.80684e-05 0.000289583 0.000312963 -0.000163934 0.000401367 6.91489e-05 0.000451074 0.000472594
internal_weight=3689 2848 1056 1792 931 894 625 1012 861 350 111 841 248 210 764 92 781 672 239 269 60 511 93 418 747
internal_count=3689 2848 1056 1792 931 894 625 1012 861 350 111 841 248 210 764 92 781 672 239 269 60 511 93 418 747
cat_boundaries=0 1
cat_threshold=483
is_linear=0
shrinkage=0.01


Tree=431
num_leaves=27
num_cat=1
split_feature=10 0 13 15 10 26 29 19 14 32 14 14 32 24 16 14 19 28 18 16 5 24 14 14 25 23
split_gain=0.795761 0.314716 0.498054 0.493963 1.67526 1.22741 0.28237 0.33622 0.27905 0.260732 0.250647 0.22885 0.228467 0.228357 0.236321 0.221179 0.212771 0.209269 0.190578 0.190407 0.144877 0.0887179 0.0805025 0.0561872 0.0184193 0.00867353
threshold=5840.2857142857156 0 5469.7223678256951 1.0000000180025095e-35 4854.0000000000009 27.125000000000004 22.775000000000002 0.20000000000000714 -0.75579217237767959 0.099999999999998243 -0.05695216311707673 -0.94975917145599731 49.850000000000001 4915.0000000000009 0.77241981449888963 0.80417553764032002 9.3500000000000103 26.325000000000006 148.90000000000001 0.96522610578843548 1.0000000180025095e-35 4535.5000000000009 0.92922379131507438 -0.89015004145349408 7760.0000000000009 4801.0000000000009
decision_type=2 9 2 2 2 2 2 2 2 2 2 2 2 2 2 2 2 2 2 2 2 2 2 2 2 2
left_child=1 2 6 4 11 -6 9 -8 23 -1 -9 -3 15 14 20 -4 -11 -14 24 -16 -5 -13 -17 -2 -10 -15
right_child=8 3 12 13 5 -7 7 10 18 16 -12 21 17 25 19 22 -18 -19 -20 -21 -22 -23 -24 -25 -26 -27
leaf_value=0.080612645060795324 0.061625411069390096 -0.15100279882913006 0.78526488214619083 -0.15002273600690288 -0.044203350031003688 -0.63348511490102455 -0.22162154332412429 -0.0014453516165897347 6.6762647680437057 -0.029848345538488284 0.1057023631432864 -0.02715039082784116 -0.096530411161416127 0.67073631565906866 -0.95909767354891695 -0.097157595223196586 -0.011325682816023313 0.50180558511020557 -0.28660768341319648 0.009959789299388757 0.013682972031793313 0.3766854667300924 1.0816663721268254 -0.29426858011903734 4.6750900692414437 0.98077244898421312
leaf_weight=55 30 53 545 60 59 57 36 420 716 36 350 195 30 30 60 46 60 57 34 44 335 138 37 30 31 145
leaf_count=55 30 53 545 60 59 57 36 420 716 36 350 195 30 30 60 46 60 57 34 44 335 138 37 30 31 145
internal_value=0.000109621 2.5974e-05 0.000116459 -9.43555e-05 -0.000335984 -0.00138462 -2.24426e-05 4.08922e-05 0.000380641 -0.000424342 9.72763e-05 0 0.000317737 6.96296e-05 -2.1e-05 0.000387917 -0.000742268 -7.38636e-05 0.000435422 -0.000457143 6.94445e-05 7.93413e-05 0 -0.000163934 0.000472594 0.000383523
internal_weight=3689 2848 1672 1176 502 116 957 806 841 151 770 386 715 674 499 628 96 87 781 104 395 333 83 60 747 175
internal_count=3689 2848 1672 1176 502 116 957 806 841 151 770 386 715 674 499 628 96 87 781 104 395 333 83 60 747 175
cat_boundaries=0 1
cat_threshold=467
is_linear=0
shrinkage=0.01


end of trees

feature_importances:
price_roll_mean_7=863
sin_365_1=738
mandi_name=698
price_expanding_mean=538
price_roll_std_7=517
price_roll_mean_30=460
price_lag_30=444
price_lag_14=415
day_of_year=400
precip_roll30=369
rainfall_30d_sum=362
price_lag_7=344
sin_365_2=336
temp_7d_avg=335
cos_365_1=324
price_lag_9=309
rainfall_7d_sum=300
evapotrans_lag1=300
temp_mean_lag7=265
temp_lag1=239
precip_roll7=238
price_lag_8=235
temp_mean=232
cos_365_2=211
rainfall_lag7=194
precip_lag1=166
day_of_week=92
temp_lag7=57
month=38
variety=32

parameters:
[boosting: gbdt]
[objective: quantile]
[metric: quantile]
[tree_learner: serial]
[device_type: cpu]
[data_sample_strategy: bagging]
[data: ]
[valid: ]
[num_iterations: 3000]
[learning_rate: 0.01]
[num_leaves: 31]
[num_threads: 0]
[seed: 42]
[deterministic: 0]
[force_col_wise: 0]
[force_row_wise: 0]
[histogram_pool_size: -1]
[max_depth: 6]
[min_data_in_leaf: 30]
[min_sum_hessian_in_leaf: 0.001]
[bagging_fraction: 0.8]
[pos_bagging_fraction: 1]
[neg_bagging_fraction: 1]
[bagging_freq: 5]
[bagging_seed: 400]
[bagging_by_query: 0]
[feature_fraction: 0.8]
[feature_fraction_bynode: 1]
[feature_fraction_seed: 30056]
[extra_trees: 0]
[extra_seed: 12879]
[early_stopping_round: 0]
[early_stopping_min_delta: 0]
[first_metric_only: 0]
[max_delta_step: 0]
[lambda_l1: 1]
[lambda_l2: 1]
[linear_lambda: 0]
[min_gain_to_split: 0]
[drop_rate: 0.1]
[max_drop: 50]
[skip_drop: 0.5]
[xgboost_dart_mode: 0]
[uniform_drop: 0]
[drop_seed: 17869]
[top_rate: 0.2]
[other_rate: 0.1]
[min_data_per_group: 100]
[max_cat_threshold: 32]
[cat_l2: 10]
[cat_smooth: 10]
[max_cat_to_onehot: 4]
[top_k: 20]
[monotone_constraints: ]
[monotone_constraints_method: basic]
[monotone_penalty: 0]
[feature_contri: ]
[forcedsplits_filename: ]
[refit_decay_rate: 0.9]
[cegb_tradeoff: 1]
[cegb_penalty_split: 0]
[cegb_penalty_feature_lazy: ]
[cegb_penalty_feature_coupled: ]
[path_smooth: 0]
[interaction_constraints: ]
[verbosity: -1]
[saved_feature_importance_type: 0]
[use_quantized_grad: 0]
[num_grad_quant_bins: 4]
[quant_train_renew_leaf: 0]
[stochastic_rounding: 1]
[linear_tree: 0]
[max_bin: 255]
[max_bin_by_feature: ]
[min_data_in_bin: 3]
[bin_construct_sample_cnt: 200000]
[data_random_seed: 175]
[is_enable_sparse: 1]
[enable_bundle: 1]
[use_missing: 1]
[zero_as_missing: 0]
[feature_pre_filter: 1]
[pre_partition: 0]
[two_round: 0]
[header: 0]
[label_column: ]
[weight_column: ]
[group_column: ]
[ignore_column: ]
[categorical_feature: 0,1,2,3]
[forcedbins_filename: ]
[precise_float_parser: 0]
[parser_config_file: ]
[objective_seed: 16083]
[num_class: 1]
[is_unbalance: 0]
[scale_pos_weight: 1]
[sigmoid: 1]
[boost_from_average: 1]
[reg_sqrt: 0]
[alpha: 0.05]
[fair_c: 1]
[poisson_max_delta_step: 0.7]
[tweedie_variance_power: 1.5]
[lambdarank_truncation_level: 30]
[lambdarank_norm: 1]
[label_gain: ]
[lambdarank_position_bias_regularization: 0]
[eval_at: ]
[multi_error_top_k: 1]
[auc_mu_weights: ]
[num_machines: 1]
[local_listen_port: 12400]
[time_out: 120]
[machine_list_filename: ]
[machines: ]
[gpu_platform_id: -1]
[gpu_device_id: -1]
[gpu_use_dp: 0]
[num_gpu: 1]

end of parameters

pandas_categorical:[["Achalpur", "Amarawati", "Anajngaon", "Chandur Bazar", "Chandur Railway", "Daryapur", "Dhamngaon-Railway", "Morshi", "Nandgaon Khandeshwar", "Shetkari Khushi Bazar", "Varud", "Varud(Rajura Bazar)"], ["Amarawati"], ["Maharashtra"], ["Other", "Yellow"]]
