tree
version=v4
num_class=1
num_tree_per_iteration=1
label_index=0
max_feature_idx=33
objective=quantile
feature_names=mandi_name district state variety is_real_trade day_of_week month day_of_year is_weekend is_holiday price_roll_mean_7 price_roll_std_7 price_roll_mean_30 price_expanding_mean sin_365_1 cos_365_1 sin_365_2 cos_365_2 rainfall_7d_sum rainfall_30d_sum temp_7d_avg price_lag_1 price_lag_2 price_lag_3 price_lag_7 temp_mean_lag1 rainfall_lag1 temp_mean temp_lag1 temp_lag7 precip_lag1 precip_roll7 precip_roll30 evapotrans_lag1
feature_infos=-1:1:3:5:6:7:8:0:2:4:9:11 none none -1:1:0 none [0:6] [1:12] [1:366] [0:1] [0:1] [3547.4285714285716:8819.2857142857138] [7.648047850270221e-05:1929.1085900956793] [3749:7792.1333333333332] [4016.9607843137255:6348.7837837837842] [-0.9999994220246925:0.99998555065071859] [-0.99997919295908233:0.9999907524084426] [-0.9999994220246925:0.99993006579620569] [-0.99999768809943823:0.99996300980480612] [0:275.5] [0:567.69999999999993] [18.171428571428571:36.235714285714288] [2450:9600] [2450:9600] [2450:9600] [2450:9600] [17.149999999999999:37.100000000000001] [0:100.59999999999999] [17.149999999999999:37.100000000000001] [17.149999999999999:37.100000000000001] [17.149999999999999:37.100000000000001] [0:100.59999999999999] [0:275.5] [0:567.69999999999993] [0.87:10.619999999999999]
tree_sizes=745 912 819 992 900 903 1076 990 1159 1065 1083 1064 1243 1081 1069 1079 1162 1156 1338 1165 1080 1240 1171 1248 1079 1341 1242 1342 1261 1256 1175 1333 1178 1353 1366 1347 1253 1349 1606 1425 1245 1153 1341 1249 1249 1258 1520 1509 1358 1523 1521 1506 1632 1539 1586 1193 1180 1010 1176 1201 1391 1200 1192 1352 1321 1620 1431 1042 1111 1197 1522 1282 1012 1335 1268 1022 1025 1129 1017 1015 921 936 934 1197 1012 1423 1774 1693 1523 1506 1181 1097 1160 1172 1196 1341 1537 1183 1181 1119 1353 1189 1114 1711 1279 1533 1360 1360 1360 1458 1554 1365 1516 1225 1438 1214 1191 1195 1101 1216 1504 1300 1388 1341 1123 1712 1463 1783 1727 1709 941 1012 778 1115 940 1444 1545 1349 1363 961 1820 1635 1811 1179 1648 1202 1556 1268 1567 1380 1098 1488 1557 1523 1742 1116 1190 1121 1233 1411 1548 1639 1708 1301 1641 1551 1191 1545 1649 1547 1647 1470 1292 1719 1027 1716 1408 1810 1293 1275 1118 1629 1111 1199 1286 1805 1583 1795 1713 1385 1205 1030 958 1695 1031 1139 1107 1059 1018 1831 1210 1305 1385 1117 1230 1809 1628 1649 1273 1800 1895 1637 1572 1856 1560 1302 1119 1134 1575 1636 1633 1217 1200 1643 1204 1661 1565 1553 1550 1476 1140 1374 868 1448 1015 1138 1268 1226 1213 1237 1376 1297 1545 1625 1570 1296 1121 1392 1202 1221 1216 935 1033 1093 1296 1542 1556 1292 1282 1097 1652 1885

Tree=0
num_leaves=8
num_cat=0
split_feature=21 15 23 21 12 21 22
split_gain=195.637 9.13065 7.19338 1.45619 0.894439 0.746372 0.123839
threshold=6355.0000000000009 0.70138038092733435 6355.0000000000009 6026.0000000000009 6016.5500000000002 6700.5000000000009 6040.5000000000009
decision_type=2 2 2 2 2 2 2
left_child=2 5 3 6 -5 -2 -1
right_child=1 -3 -4 4 -6 -7 -8
leaf_value=6371.7399787425993 6421.7979989385603 6405.9249990880489 6410.5 6403 6397 6457.5339974594117 6395.0859989142418
leaf_weight=2973 107 52 73 56 98 223 67
leaf_count=2973 107 52 73 56 98 223 67
internal_value=6400 6400.02 6400 6400 6400 6400.02 6400
internal_weight=3649 382 3267 3194 154 330 3040
internal_count=3649 382 3267 3194 154 330 3040
is_linear=0
shrinkage=1


Tree=1
num_leaves=9
num_cat=0
split_feature=22 15 22 14 23 22 11 16
split_gain=182.153 12.9699 4.80824 3.43249 1.08462 0.533839 1.46008 0.526818
threshold=6306.0000000000009 0.70138038092733435 6026.0000000000009 0.39036257410962044 6592.5000000000009 5555.5000000000009 220.55187902723031 -0.35142503082623217
decision_type=2 2 2 2 2 2 2 2
left_child=2 4 5 7 -2 -1 -7 -4
right_child=1 -3 3 -5 -6 6 -8 -9
leaf_value=-36.95219936227798 22.514434535273463 5.2222489902377127 5.7199657115908087 10.644732024639183 55.048975552225109 -8.1349804483328096 2.8139997196197508 -5.9100000000000001
leaf_weight=2711 88 59 55 53 254 250 99 80
leaf_count=2711 88 59 55 53 254 250 99 80
internal_value=-0.000126576 0.0189104 -0.00249585 0.00201587 0.0211924 -0.00278831 -0.00140571 -0.000220589
internal_weight=3649 401 3248 188 342 3060 349 135
internal_count=3649 401 3248 188 342 3060 349 135
is_linear=0
shrinkage=0.03


Tree=2
num_leaves=8
num_cat=0
split_feature=21 15 23 21 11 21 21
split_gain=178.81 8.36482 7.62686 1.53793 1.3696 0.20186 0.126454
threshold=6377.5000000000009 0.66367808336324663 6355.0000000000009 6026.0000000000009 225.86848133596428 5600.5000000000009 5777.5000000000009
decision_type=2 2 2 2 2 2 2
left_child=2 -2 3 5 -5 -1 -7
right_child=1 -3 -4 4 -6 6 -8
leaf_value=-35.543633381409627 47.622510809650905 5.665581796065581 9.4417557013831974 -1.3119756994961889 2.9686680750709864 -6.4436353841256908 -6.4081499488280036
leaf_weight=2730 324 51 74 108 52 57 253
leaf_count=2730 324 51 74 108 52 57 253
internal_value=-0.000192329 0.0193883 -0.00245405 -0.0026851 0 -0.00283624 -0.0016881
internal_weight=3649 375 3274 3200 160 3040 310
internal_count=3649 375 3274 3200 160 3040 310
is_linear=0
shrinkage=0.03


Tree=3
num_leaves=10
num_cat=0
split_feature=10 22 7 14 10 16 22 11 10
split_gain=165.089 8.78061 8.04991 5.35537 2.49997 2.55132 1.10263 1.52067 0.462111
threshold=6368.9285714285725 6181.0000000000009 250.50000000000003 0.39827038710620805 6765.2142857142871 -0.51941337148263467 5288.0000000000009 339.84859710784895 6122.857142857144
decision_type=2 2 2 2 2 2 2 2 2
left_child=1 6 4 -3 5 -2 -1 8 -8
right_child=2 3 -4 -5 -6 -7 7 -9 -10
leaf_value=-36.844326238916999 7.6198350647910136 -0.79709779724202001 8.1956114559651727 13.518868542280215 58.193835485361383 19.816741204964128 -6.4433424101753172 5.6990535391534927 0.05331761118394665
leaf_weight=2600 50 65 52 52 192 73 431 75 59
leaf_count=2600 50 65 52 52 192 73 431 75 59
internal_value=-0.000225206 -0.00237314 0.0188152 0.00554237 0.0206962 0.0157742 -0.00268162 -0.00132509 -0.00198574
internal_weight=3649 3282 367 117 315 123 3165 565 490
internal_count=3649 3282 367 117 315 123 3165 565 490
is_linear=0
shrinkage=0.03


Tree=4
num_leaves=9
num_cat=0
split_feature=21 23 23 21 21 11 21 10
split_gain=161.145 7.46164 6.42559 2.04333 1.52787 1.3696 0.238519 0.144514
threshold=6377.5000000000009 6450.5000000000009 6355.0000000000009 6602.5000000000009 6026.0000000000009 225.86848133596428 5400.5000000000009 5614.357142857144
decision_type=2 2 2 2 2 2 2 2
left_child=2 -2 4 -3 6 -6 -1 -8
right_child=1 3 -4 -5 5 -7 7 -9
leaf_value=-34.871994592799815 13.09048281771658 18.122623745660427 8.806028583380888 50.598019598256457 -1.1904703551689586 2.8933926076857217 -2.3090279904512299 -6.4111462643854029
leaf_weight=2664 89 55 74 231 108 52 56 320
leaf_count=2664 89 55 74 231 108 52 56 320
internal_value=-0.000315617 0.0182713 -0.00246321 0.0207909 -0.00267573 0 -0.00282637 -0.00175862
internal_weight=3649 375 3274 286 3200 160 3040 376
internal_count=3649 375 3274 286 3200 160 3040 376
is_linear=0
shrinkage=0.03


Tree=5
num_leaves=9
num_cat=0
split_feature=21 15 22 21 21 11 21 11
split_gain=155.359 6.45732 6.36164 1.90035 1.06338 0.663005 0.07237 0.373477
threshold=6377.5000000000009 0.66367808336324663 6201.0000000000009 6602.5000000000009 6026.0000000000009 212.93859359092446 5227.5000000000009 220.55187902723031
decision_type=2 2 2 2 2 2 2 2
left_child=2 3 4 -2 6 -6 -1 -8
right_child=1 -3 -4 -5 5 -7 7 -9
leaf_value=-36.075834755015826 17.108732344555211 4.4783149032717082 8.5173150952404413 48.930079832852861 -1.2799236150387798 2.4787464387029559 -8.8456879371489308 -3.7721593342866591
leaf_weight=2592 78 51 89 262 85 51 320 143
leaf_count=2592 78 51 89 262 85 51 320 143
internal_value=-0.00035621 0.0174796 -0.00250076 0.0190469 -0.0027312 0 -0.00284686 -0.00205604
internal_weight=3671 391 3280 340 3191 136 3055 463
internal_count=3671 391 3280 340 3191 136 3055 463
is_linear=0
shrinkage=0.03


Tree=6
num_leaves=11
num_cat=0
split_feature=22 10 25 17 10 18 11 22 29 23
split_gain=134.889 8.52936 3.82851 3.23893 2.2282 1.48656 1.05175 1.16345 0.709216 0.00455162
threshold=6255.0000000000009 6465.7142857142871 34.275000000000006 0.26659387353423869 6049.857142857144 6.2999999999999989 359.04423298291471 5328.0000000000009 24.275000000000002 6637.5000000000009
decision_type=2 2 2 2 2 2 2 2 2 2
left_child=4 3 9 -2 6 8 -1 -8 -6 -3
right_child=1 2 -4 -5 5 -7 7 -9 -10 -11
leaf_value=-22.545575415136298 11.659895067570568 14.71475260020391 9.7041755309954709 3.6725890072198877 4.438218393318242 -5.3858791072994547 -25.947562110169354 5.8680775805429377 0.00079661145508091015 53.462177437867268
leaf_weight=2908 50 52 63 55 50 75 103 57 51 207
leaf_count=2908 50 52 63 55 50 75 103 57 51 207
internal_value=-0.000478759 0.0153364 0.0178607 0.00707547 -0.00257843 0.000491525 -0.00276931 -9.31684e-05 0.00305882 0.0196846
internal_weight=3671 427 322 105 3244 176 3068 160 101 259
internal_count=3671 427 322 105 3244 176 3068 160 101 259
is_linear=0
shrinkage=0.03


Tree=7
num_leaves=10
num_cat=0
split_feature=21 15 23 16 21 21 11 21 11
split_gain=137.32 5.68129 4.4649 3.08105 1.09999 0.676812 0.238149 0.177413 0.382163
threshold=6377.5000000000009 0.66367808336324663 6355.0000000000009 0.69056404122701587 6026.0000000000009 6637.5000000000009 220.55187902723031 5400.5000000000009 220.55187902723031
decision_type=2 2 2 2 2 2 2 2 2
left_child=2 3 4 5 7 -2 -6 -1 -9
right_child=1 -3 -4 -5 6 -7 -8 8 -10
leaf_value=-32.067192449911282 13.434589429284786 4.2108189021190849 8.4160173717653421 66.258304819122714 -0.73648335245301877 14.632153022204553 2.3101957550515544 -7.1385328895577915 -3.0510963606374912
leaf_weight=2692 67 51 73 103 99 170 50 254 112
leaf_count=2692 67 51 73 103 99 170 50 254 112
internal_value=-0.000511439 0.0162551 -0.00252819 0.0177273 -0.00270449 0.0151008 0 -0.0028274 -0.00180654
internal_weight=3671 391 3280 340 3207 237 149 3058 366
internal_count=3671 391 3280 340 3207 237 149 3058 366
is_linear=0
shrinkage=0.03


Tree=8
num_leaves=12
num_cat=0
split_feature=21 22 22 23 16 21 11 10 11 21 11
split_gain=128.654 4.95843 4.13623 1.36614 1.04591 0.856408 0.841562 0.346575 0.345802 0.0811965 0.256325
threshold=6377.5000000000009 6759.0000000000009 6150.5000000000009 6355.0000000000009 -0.68352903331423187 6026.0000000000009 334.84208997090906 6433.5714285714294 153.51915145315996 5227.5000000000009 220.55187902723031
decision_type=2 2 2 2 2 2 2 2 2 2 2
left_child=2 4 5 -4 -2 9 -3 -6 -7 -1 -11
right_child=1 6 3 -5 7 8 -8 -9 -10 10 -12
leaf_value=-33.355176676413947 6.0381327363162347 12.869837397669556 -0.33253219989811095 8.9543548285216144 9.9071808440677671 -4.6607181543760143 65.380557012077261 15.200781244842165 1.0742243093179074 -8.1653379720294286 -2.6366613891499271
leaf_weight=2591 60 114 63 52 56 51 99 62 69 316 138
leaf_count=2591 60 114 63 52 56 51 99 62 69 316 138
internal_value=-0.000584968 0.0156429 -0.00253734 0.00284483 0.0111788 -0.00274795 0.0190935 0.0132857 0 -0.00284636 -0.00203736
internal_weight=3671 391 3280 115 178 3165 213 118 120 3045 454
internal_count=3671 391 3280 115 178 3165 213 118 120 3045 454
is_linear=0
shrinkage=0.03


Tree=9
num_leaves=11
num_cat=0
split_feature=21 15 25 21 11 23 21 11 21 11
split_gain=117.03 5.46061 4.35584 3.58733 2.45331 0.843477 0.44301 0.554812 0.277616 0.00541477
threshold=6377.5000000000009 0.66367808336324663 34.275000000000006 6026.0000000000009 284.25829154926367 6450.5000000000009 5400.5000000000009 220.55187902723031 6150.5000000000009 379.04176518061155
decision_type=2 2 2 2 2 2 2 2 2 2
left_child=3 2 5 6 8 -2 -1 -8 -5 -9
right_child=1 -3 -4 4 -6 -7 7 9 -10 -11
leaf_value=-30.104521376121529 12.024348465152304 3.7872789097334811 7.2706708709089254 -3.0396621988489692 8.8156140467306674 47.009142290125894 -6.6794167637101873 -2.6723628393731911 0.17245008378882776 0.98934240680127727
leaf_weight=2702 54 51 63 76 58 223 258 77 59 50
leaf_count=2702 54 51 63 76 58 223 258 77 59 50
internal_value=-0.000674837 0.014801 0.0162317 -0.00253734 0.00126804 0.018 -0.00279016 -0.0015544 -0.000661765 0
internal_weight=3671 391 340 3280 193 277 3087 385 135 127
internal_count=3671 391 340 3280 193 277 3087 385 135 127
is_linear=0
shrinkage=0.03


Tree=10
num_leaves=11
num_cat=0
split_feature=21 21 21 11 25 20 21 11 32 22
split_gain=94.4766 4.37833 3.42297 1.70289 1.38698 0.391512 0.384335 0.362325 0.297804 0.106846
threshold=6377.5000000000009 6800.5000000000009 6026.0000000000009 284.25829154926367 31.575000000000006 26.725000000000005 5400.5000000000009 379.04176518061155 37.000000000000014 5750.5000000000009
decision_type=2 2 2 2 2 2 2 2 2 2
left_child=2 4 6 8 -2 -3 -1 9 -4 -8
right_child=1 5 3 -5 -6 -7 7 -9 -10 -11
leaf_value=-29.213387676041947 11.619057786798594 40.543871787243567 0.14218552810967022 10.105705372330032 5.2923742678307653 48.433326174794367 -3.0801917607749454 0.46018728906294337 -5.5362473724536905 -6.1190356126322332
leaf_weight=2715 116 58 86 58 60 135 84 58 58 271
leaf_count=2715 116 58 86 58 60 135 84 58 58 271
internal_value=-0.000935676 0.013427 -0.00254428 0.00107882 0.00930508 0.0168866 -0.00279291 -0.00165217 -0.000393104 -0.00202247
internal_weight=3699 369 3330 202 176 193 3128 413 144 355
internal_count=3699 369 3330 202 176 193 3128 413 144 355
is_linear=0
shrinkage=0.03


Tree=11
num_leaves=11
num_cat=0
split_feature=21 21 22 14 15 21 7 13 21 11
split_gain=79.582 5.21819 3.6497 1.90606 1.38124 1.33579 1.03088 0.95044 0.264831 0.322247
threshold=6377.5000000000009 7003.5000000000009 6377.5000000000009 0.73865729060996177 -0.49065906150552346 6026.0000000000009 166.50000000000003 6053.977773556232 5400.5000000000009 379.04176518061155
decision_type=2 2 2 2 2 2 2 2 2 2
left_child=2 3 5 6 -3 8 -2 -7 -1 -10
right_child=1 4 -4 -5 -6 7 -8 -9 9 -11
leaf_value=-28.389066507478418 2.5008850342566866 65.370871150845417 7.5131976821944013 9.8240217495746478 8.0809794366689207 1.9817506038956922 24.874053098799617 -3.9291806210826983 -5.7794664096402171 0.24372037174651076
leaf_weight=2709 66 60 63 137 51 83 55 77 347 51
leaf_count=2709 66 60 63 137 51 83 55 77 347 51
internal_value=-0.00104919 0.0121297 -0.00252627 0.00934749 0.0180536 -0.0026732 0.0057541 0 -0.00281081 -0.00175188
internal_weight=3699 369 3330 258 111 3267 121 160 3107 398
internal_count=3699 369 3330 258 111 3267 121 160 3107 398
is_linear=0
shrinkage=0.03


Tree=12
num_leaves=13
num_cat=0
split_feature=21 21 14 15 21 13 11 29 11 29 33 13
split_gain=74.0828 6.90637 4.29367 2.77835 1.30076 1.27557 0.992681 0.778291 0.336377 0.258624 0.233694 0.0768028
threshold=6228.5000000000009 6965.5000000000009 0.73865729060996177 -0.38243420677835349 5288.0000000000009 5578.2810862629167 284.25829154926367 24.975000000000005 225.86848133596428 21.100000000000005 6.955000000000001 5685.1537800687292
decision_type=2 2 2 2 2 2 2 2 2 2 2 2
left_child=4 2 5 -3 -1 -2 9 -8 -7 -6 -4 -11
right_child=1 3 10 -5 6 8 7 -9 -10 11 -12 -13
leaf_value=-28.973312109332262 8.929151015538622 61.084745213015381 9.8616633965443068 6.8275485716966884 -1.1701558038438249 -0.14884555461297166 -2.4446980853998315 5.9779251935755511 4.2711041111593291 -5.7992312259210497 11.742370661131268 -5.3398320614891341
leaf_weight=2653 50 81 73 56 96 55 71 71 51 60 59 323
leaf_count=2653 50 81 73 56 96 55 71 71 51 60 59 323
internal_value=-0.00111405 0.0106338 0.00765052 0.0164783 -0.00265557 0.00380255 -0.00128296 0.000692307 0.00137383 -0.0019625 0.011797 -0.00232813
internal_weight=3699 425 288 137 3274 156 621 142 106 479 132 383
internal_count=3699 425 288 137 3274 156 621 142 106 479 132 383
is_linear=0
shrinkage=0.03


Tree=13
num_leaves=11
num_cat=0
split_feature=10 20 6 14 14 22 14 31 31 14
split_gain=64.251 4.54661 6.09715 5.3978 3.46527 2.47896 3.69588 0.968265 0.815545 0.031081
threshold=6368.9285714285725 34.332142857142863 8.5000000000000018 -0.23537230790205757 0.73865729060996177 5400.5000000000009 0.66527693225344786 12.649999999999995 0.30000000000000365 0.99274428880883148
decision_type=2 2 2 2 2 2 2 2 2 2
left_child=5 2 3 -2 -5 9 7 8 -7 -1
right_child=1 -3 -4 4 -6 6 -8 -9 -10 -11
leaf_value=-26.797746228017402 61.652202677810983 1.9482907238238727 4.916301466701448 6.0811829663761419 8.7334210128363274 -3.2948862701132891 10.317423694437345 -6.1634523033091604 1.3203790308167116 -18.897138553194555
leaf_weight=2654 59 61 53 64 136 168 54 261 131 58
leaf_count=2654 59 61 53 64 136 168 54 261 131 58
internal_value=-0.0011627 0.0106043 0.0121054 0.0140308 0.0111194 -0.00249865 -0.000678049 -0.00147059 -0.000140001 -0.00289385
internal_weight=3699 373 312 259 200 3326 614 560 299 2712
internal_count=3699 373 312 259 200 3326 614 560 299 2712
is_linear=0
shrinkage=0.03


Tree=14
num_leaves=11
num_cat=0
split_feature=21 21 17 15 7 21 15 29 7 10
split_gain=66.264 5.98557 2.84644 2.16678 1.6558 1.38188 1.55743 2.6121 1.21543 0.420064
threshold=6228.5000000000009 6965.5000000000009 -0.050510150083665391 -0.49065906150552346 115.50000000000001 5328.0000000000009 -0.31800055644052067 24.975000000000005 168.50000000000003 6049.857142857144
decision_type=2 2 2 2 2 2 2 2 2 2
left_child=5 2 4 -3 -2 -1 -7 9 -4 -8
right_child=1 3 8 -5 -6 6 7 -9 -10 -11
leaf_value=-26.682184202996094 11.215662042336344 59.172636661849666 0.65540229806478734 6.6298079971401078 7.587307712531393 -5.5131449721209176 -5.7823471620161291 9.6827639897001241 8.9160408680470624 0.32135947910961887
leaf_weight=2688 89 69 89 68 50 276 190 58 60 62
leaf_count=2688 89 69 89 68 50 276 190 58 60 62
internal_value=-0.00117892 0.00992958 0.00713149 0.0153913 0.0104143 -0.00263725 -0.00118058 0.000144694 0.00372 -0.00103162
internal_weight=3699 425 288 137 139 3274 586 310 149 252
internal_count=3699 425 288 137 139 3274 586 310 149 252
is_linear=0
shrinkage=0.03


Tree=15
num_leaves=11
num_cat=0
split_feature=21 10 16 15 21 14 15 16 21 11
split_gain=63.5685 6.87773 8.24203 3.48664 2.11941 1.81659 1.54364 1.50203 0.442928 0.49898
threshold=6181.0000000000009 6368.9285714285725 -0.77719744692517556 0.19969739736768838 6040.5000000000009 0.34235194516023087 -0.31800055644052067 0.55656748448714433 5227.5000000000009 334.84208997090906
decision_type=2 2 2 2 2 2 2 2 2 2
left_child=4 5 -3 7 8 -2 -6 -4 -1 -10
right_child=1 2 3 -5 6 -7 -8 -9 9 -11
leaf_value=-27.189714833121887 -4.1649263161803525 3.3569389065693795 12.017160972759209 5.2614352082950981 -1.7900322507022013 9.7697833985650515 3.8197757059604149 55.447457848096469 -6.2784520218927975 0.17065606294803987
leaf_weight=2596 55 89 131 80 56 62 53 65 425 88
leaf_count=2596 55 89 131 80 56 62 53 65 425 88
internal_value=-0.00104161 0.00908696 0.0111475 0.0137437 -0.00257502 0.00223729 0.00125454 0.0161269 -0.00272412 -0.00168093
internal_weight=3700 482 365 276 3218 117 109 196 3109 513
internal_count=3700 482 365 276 3218 117 109 196 3109 513
is_linear=0
shrinkage=0.03


Tree=16
num_leaves=12
num_cat=0
split_feature=10 20 6 11 21 14 12 11 21 13 12
split_gain=60.7399 5.46024 4.39047 5.60856 4.07258 3.16456 1.48283 0.384328 0.41486 0.331028 0.259672
threshold=6368.9285714285725 34.403571428571432 8.5000000000000018 334.84208997090906 6040.5000000000009 0.62587949062545845 6147.5000000000009 201.41315021986264 4899.5000000000009 6009.669623611343 6033.6833333333343
decision_type=2 2 2 2 2 2 2 2 2 2 2
left_child=4 2 3 6 7 9 -2 -1 -9 -6 -10
right_child=1 -3 -4 -5 5 -7 -8 8 10 -11 -12
leaf_value=-20.434023388128235 9.7400607457255379 0.97039868040734456 7.9538913658345161 48.753375906931815 0.2258644686753527 12.039555266855585 7.8288326499837488 -27.058029766778898 -4.2978536610084195 -2.9615734294478435 1.0733955229573242
leaf_weight=2673 51 63 58 89 82 54 135 183 176 77 59
leaf_count=2673 51 63 58 89 82 54 135 183 176 77 59
internal_value=-0.00109835 0.00996725 0.011515 0.0131522 -0.00244085 0.00142991 0.00960962 -0.00272251 -0.00159666 -0.000450001 -0.000508475
internal_weight=3700 396 333 275 3304 213 186 3091 418 159 235
internal_count=3700 396 333 275 3304 213 186 3091 418 159 235
is_linear=0
shrinkage=0.03


Tree=17
num_leaves=12
num_cat=0
split_feature=10 16 7 7 21 14 29 32 21 24 24
split_gain=56.5673 8.89629 4.0308 4.69868 3.32377 2.83969 0.633278 0.580717 0.406922 0.30024 0.238928
threshold=6368.9285714285725 -0.77719744692517556 242.50000000000003 197.50000000000003 6013.0000000000009 0.62587949062545845 29.725000000000005 0.74999999999999833 5227.5000000000009 4850.5000000000009 5963.5000000000009
decision_type=2 2 2 2 2 2 2 2 2 2 2
left_child=4 7 3 6 8 10 -3 -2 -1 -10 -6
right_child=1 2 -4 -5 5 -7 -8 -9 9 -11 -12
leaf_value=-25.71591795575964 2.6040664591071883 5.8828621833818691 8.5894702405671577 53.234661431473796 1.0705177086326771 11.66728491089876 10.925810805451972 -1.0014999435965843 0.22555466218327963 -5.5594564111745139 -1.9093531962901809
leaf_weight=2589 50 106 53 58 50 56 75 54 50 438 121
leaf_count=2589 50 106 53 58 50 56 75 54 50 438 121
internal_value=-0.0011632 0.00951385 0.012215 0.01395 -0.002459 0.000894736 0.0109451 0.00145714 -0.00272125 -0.00167485 -0.000802326
internal_weight=3700 396 292 239 3304 227 181 104 3077 488 171
internal_count=3700 396 292 239 3304 227 181 104 3077 488 171
is_linear=0
shrinkage=0.03


Tree=18
num_leaves=14
num_cat=0
split_feature=21 16 12 21 11 16 29 15 21 11 11 24 23
split_gain=52.1283 5.48639 5.71298 3.61928 1.45947 1.34497 2.14253 0.986944 0.572721 0.381048 0.315694 0.150331 0.0671472
threshold=6377.5000000000009 -0.77719744692517556 6204.7166666666681 6040.5000000000009 284.25829154926367 0.74300049550786151 29.725000000000005 0.19969739736768838 5328.0000000000009 334.84208997090906 127.17029744855735 5897.5000000000009 5328.0000000000009
decision_type=2 2 2 2 2 2 2 2 2 2 2 2 2
left_child=3 -2 7 8 10 6 -4 -3 12 11 -5 -10 -1
right_child=1 2 5 4 -6 -7 -8 -9 9 -11 -12 -13 -14
leaf_value=-24.2995251478116 1.8997671040497204 20.332038593493568 5.7036821502839237 0.30210692056703781 9.2460290370219163 50.454389423375268 11.210555770254759 0.65986572620157946 -4.9362659439052461 0.11646776489153089 -1.0335881050359812 -5.1461734215126826 -12.075756759299408
leaf_weight=2623 86 50 81 50 59 71 58 50 126 76 86 232 52
leaf_count=2623 86 50 81 50 59 71 58 50 126 76 86 232 52
internal_value=-0.00118752 0.00906045 0.0109486 -0.00243177 0.00137755 0.0138626 0.0110571 0.00430693 -0.00268553 -0.00144138 -2.18985e-05 -0.00186351 -0.00286996
internal_weight=3700 396 310 3304 195 210 139 100 3109 434 136 358 2675
internal_count=3700 396 310 3304 195 210 139 100 3109 434 136 358 2675
is_linear=0
shrinkage=0.03


Tree=19
num_leaves=12
num_cat=0
split_feature=22 21 14 22 27 33 14 7 27 21 14
split_gain=48.4424 8.25574 4.31852 1.92793 1.48297 1.46782 1.44833 1.24663 0.601839 0.190797 0.0268547
threshold=6255.0000000000009 7252.5000000000009 0.90162119223771331 5400.5000000000009 32.625000000000007 3.9450000000000007 0.534952257794027 324.50000000000006 32.350000000000009 5328.0000000000009 0.99274428880883148
decision_type=2 2 2 2 2 2 2 2 2 2 2
left_child=3 2 4 9 5 -2 7 -5 -4 10 -1
right_child=1 -3 8 6 -6 -7 -8 -9 -10 -11 -12
leaf_value=-23.507673320400649 1.6333482271175759 49.210761309800127 4.7483638295692767 -4.731449708676573 0.080443327597283176 12.981743132874886 3.2108565775089768 2.0769826138175862 8.4969852097266259 -1.8913045063268932 -22.037558453318596
leaf_weight=2589 76 65 57 374 75 120 81 94 52 58 59
leaf_count=2589 76 65 57 374 75 120 81 94 52 58 59
internal_value=-0.00124426 0.00800448 0.00610236 -0.00252457 0.00379412 0.00516244 -0.000785455 -0.00149041 0.0113455 -0.00286036 -0.00290261
internal_weight=3700 445 380 3255 271 196 549 468 109 2706 2648
internal_count=3700 445 380 3255 271 196 549 468 109 2706 2648
is_linear=0
shrinkage=0.03


Tree=20
num_leaves=11
num_cat=0
split_feature=21 31 14 22 11 15 5 14 21 25
split_gain=51.7151 5.17553 4.05867 2.28754 1.32124 0.996543 0.670173 0.896675 0.651038 0.42457
threshold=6400.5000000000009 21.450000000000003 0.95242846126021108 5328.0000000000009 220.55187902723031 -0.39827153806311183 3.5000000000000004 0.78857998149907527 6181.0000000000009 24.625000000000004
decision_type=2 2 2 2 2 2 2 2 2 2
left_child=3 2 6 -1 8 -6 7 -2 -5 -7
right_child=1 -3 -4 4 5 9 -8 -9 -10 -11
leaf_value=-22.178315023814758 1.8208165744930787 47.914438191556371 8.6906339278992988 -4.3480934711764521 -2.1005034741173674 0.67089505362993818 1.4504104586171833 7.7760828236857487 0.2891196054761998 8.3641138119998715
leaf_weight=2718 88 91 57 375 75 101 67 75 53 51
leaf_count=2718 88 91 57 375 75 101 67 75 53 51
internal_value=-0.00132409 0.00915831 0.00685417 -0.00251452 -0.000823171 0.000894736 0.00474026 0.00589024 -0.00183916 0.00241176
internal_weight=3751 378 287 3373 655 227 230 163 428 152
internal_count=3751 378 287 3373 655 227 230 163 428 152
is_linear=0
shrinkage=0.03


Tree=21
num_leaves=13
num_cat=0
split_feature=21 31 17 21 25 15 11 22 14 25 11 11
split_gain=48.8806 4.61466 3.78376 2.3297 0.898812 0.815257 0.543361 0.736179 0.456906 0.45597 0.155686 0.0498652
threshold=6400.5000000000009 21.450000000000003 -0.71502926860092908 6013.0000000000009 31.675000000000004 -0.52765736634565841 220.55187902723031 5328.0000000000009 0.39036257410962044 23.325000000000006 406.48571035744658 132.0308377821012
decision_type=2 2 2 2 2 2 2 2 2 2 2 2
left_child=3 2 -2 6 8 11 -1 -8 -4 -7 -9 -5
right_child=1 -3 4 5 -6 9 7 10 -10 -11 -12 -13
leaf_value=-17.699959743050812 7.3937035229851951 46.477005045809669 3.8668330492243674 -2.7513898831454235 1.7420112243173769 0.093820887241651885 -13.6819485959247 2.5287688555287793 5.8046887407316667 3.483000104865269 -4.8014084586655548 -2.5352617424791091
leaf_weight=2760 77 91 62 50 75 69 242 94 73 51 52 55
leaf_count=2760 77 91 62 50 75 69 242 94 73 51 52 55
internal_value=-0.00134808 0.00884169 0.00664583 -0.00250563 0.00419431 0.000265486 -0.00271801 -0.00141131 0.00573529 0.00210744 0 -0.0014151
internal_weight=3751 378 287 3373 210 225 3148 388 135 120 146 105
internal_count=3751 378 287 3373 210 225 3148 388 135 120 146 105
is_linear=0
shrinkage=0.03


Tree=22
num_leaves=12
num_cat=0
split_feature=21 31 17 22 11 15 14 14 23 21 12
split_gain=46.0513 4.63448 4.28546 2.34854 1.25431 0.996543 0.710621 0.896792 0.576838 0.50451 0.274997
threshold=6400.5000000000009 21.450000000000003 -0.71502926860092908 5328.0000000000009 220.55187902723031 -0.39827153806311183 0.86113431103781346 0.70290292807158605 6100.5000000000009 5897.5000000000009 6033.6833333333343
decision_type=2 2 2 2 2 2 2 2 2 2 2
left_child=3 2 -2 10 8 -6 7 -4 -5 -7 -1
right_child=1 -3 6 4 5 9 -8 -9 -10 -11 -12
leaf_value=-21.323970488694556 7.171892417295628 45.08269489443537 1.3968687390257735 -4.2175798579622219 -2.1419783730397919 0.21738151153253407 0.80350087789899505 8.0661589681846557 0.080773863811910221 4.5335217219948332 -3.2600230426128523
leaf_weight=2668 77 91 110 341 75 69 50 50 87 83 50
leaf_count=2668 77 91 110 341 75 69 50 50 87 83 50
internal_value=-0.00136407 0.00852507 0.00633333 -0.00248785 -0.00077744 0.000894736 0.00376777 0.00475155 -0.00176923 0.00241176 -0.00288305
internal_weight=3751 378 287 3373 655 227 210 160 428 152 2718
internal_count=3751 378 287 3373 655 227 210 160 428 152 2718
is_linear=0
shrinkage=0.03


Tree=23
num_leaves=13
num_cat=0
split_feature=21 21 14 22 14 25 17 11 12 13 10 14
split_gain=45.3944 4.44785 3.3619 2.07536 1.39504 0.724915 1.51554 0.450546 0.269322 0.143803 0.10988 0.032944
threshold=6400.5000000000009 7505.0000000000009 0.95242846126021108 5328.0000000000009 0.63920241694561786 31.675000000000004 -0.48314634702607501 220.55187902723031 6033.6833333333343 6060.8350059997829 6049.857142857144 0.99274428880883148
decision_type=2 2 2 2 2 2 2 2 2 2 2 2
left_child=3 2 5 8 7 6 -2 10 11 -9 -5 -1
right_child=1 -3 -4 4 -6 -7 -8 9 -10 -11 -12 -13
leaf_value=-20.94734523410807 2.7050095572218429 44.855212062767649 7.9929470318538831 -4.9740468292530196 1.968528500735641 1.8098903452865887 13.136825034216892 0.56381796953847751 -3.1622223513344534 -5.3209327086502878 -0.66335706707999775 -18.745364939290802
leaf_weight=2610 51 56 57 297 67 83 131 141 50 51 99 58
leaf_count=2610 51 56 57 297 67 83 131 141 50 51 99 58
internal_value=-0.00137207 0.00844591 0.00680805 -0.00248785 -0.000868903 0.00507519 0.00627869 -0.00139049 -0.00286098 0 -0.00197229 -0.00290334
internal_weight=3751 378 322 3373 655 265 182 588 2718 192 396 2668
internal_count=3751 378 322 3373 655 265 182 588 2718 192 396 2668
is_linear=0
shrinkage=0.03


Tree=24
num_leaves=11
num_cat=0
split_feature=21 21 14 22 14 21 5 23 11 21
split_gain=39.7175 5.72301 2.12972 1.58462 1.27211 0.840012 0.930144 0.365383 0.303232 0.296491
threshold=6377.5000000000009 7505.0000000000009 0.95242846126021108 5328.0000000000009 0.63920241694561786 6602.5000000000009 3.5000000000000004 6255.0000000000009 220.55187902723031 5288.0000000000009
decision_type=2 2 2 2 2 2 2 2 2 2
left_child=3 2 5 9 7 -2 -7 8 -5 -1
right_child=1 -3 -4 4 -6 6 -8 -9 -10 -11
leaf_value=-20.400821479075219 1.4989267205557464 43.509555700884626 7.6072685761363692 -4.1599092744383599 2.939550408648905 8.0139618285995535 4.6379070151959469 0.38147640730646792 -1.0484459972999218 -2.2416585966873357
leaf_weight=2652 97 56 58 367 58 130 53 65 149 66
leaf_count=2652 97 56 58 367 58 130 53 65 149 66
internal_value=-0.00144403 0.00752658 0.00581416 -0.00251221 -0.00105 0.0044306 0.00573913 -0.00152577 -0.00180464 -0.00283891
internal_weight=3751 394 338 3357 639 280 183 581 516 2718
internal_count=3751 394 338 3357 639 280 183 581 516 2718
is_linear=0
shrinkage=0.03


Tree=25
num_leaves=14
num_cat=0
split_feature=21 18 21 17 5 18 29 29 22 11 11 20 12
split_gain=35.0761 7.48887 3.62367 2.33781 1.4933 0.843551 0.793397 1.17182 0.725308 0.526337 0.429509 0.278396 0.268207
threshold=6450.5000000000009 19.050000000000008 6040.5000000000009 -0.24372464231556024 1.5000000000000002 29.999999999999996 31.275000000000002 22.825000000000006 5205.0000000000009 146.38501094227942 244.51010237932266 26.817857142857147 6016.5500000000002
decision_type=2 2 2 2 2 2 2 2 2 2 2 2 2
left_child=2 3 8 4 -2 6 7 -4 12 -10 -5 -11 -1
right_child=1 -3 5 10 -6 -7 -8 -9 9 11 -12 -13 -14
leaf_value=-20.838796834702951 9.4660872880700087 41.73926899051903 0.31080999809560023 -0.36034228512486693 3.4353914314267455 -3.6457717206362816 -0.71965404515908293 9.8888469719880892 -4.7914092851019365 -3.2879393480271548 4.9437025144464783 1.2004083900561615 -1.6483229867443465
leaf_weight=2571 57 77 58 62 103 55 54 60 251 213 50 61 50
leaf_count=2571 57 77 58 62 103 55 54 60 251 213 50 61 50
internal_value=-0.00141579 0.00759429 -0.00236337 0.00497802 0.00736025 0.00115789 0.00230636 0.00370588 -0.00263203 -0.00142586 0.00114159 -0.000316364 -0.00285584
internal_weight=3722 349 3373 272 160 227 172 118 3146 525 112 274 2621
internal_count=3722 349 3373 272 160 227 172 118 3146 525 112 274 2621
is_linear=0
shrinkage=0.03


Tree=26
num_leaves=13
num_cat=0
split_feature=21 18 23 31 21 19 16 12 13 11 21 11
split_gain=34.478 7.66409 3.29644 2.66413 1.10953 0.83182 0.636251 0.543439 0.53745 0.382018 0.434085 0.343893
threshold=6450.5000000000009 19.050000000000008 6127.5000000000009 0.099999999999998243 6013.0000000000009 37.000000000000014 -0.48971288843577082 6368.6833333333343 5994.6698412698424 201.41315021986264 4899.5000000000009 274.81465610675178
decision_type=2 2 2 2 2 2 2 2 2 2 2 2
left_child=2 3 4 11 9 6 -4 -5 -6 -1 -11 -2
right_child=1 -3 5 7 8 -7 -8 -9 -10 10 -12 -13
leaf_value=-16.163632929661851 3.3527176623616795 40.487090920803453 0.13500238579660528 1.7385755384918236 3.4090197788114502 -2.6195102242527608 5.6318503987425661 -0.59077444296975101 -1.6209883071507665 -23.838400343113783 -1.879618397351176 7.1853751556419772
leaf_weight=2665 78 77 64 72 51 55 60 53 69 200 209 69
leaf_count=2665 78 77 64 72 51 55 60 53 69 200 209 69
internal_value=-0.00142385 0.00750857 -0.00236337 0.00486813 -0.00259061 0.00143333 0.002904 0.00119048 0 -0.00270146 -0.00156585 0.00766216
internal_weight=3722 349 3373 272 3194 179 124 125 120 3074 409 147
internal_count=3722 349 3373 272 3194 179 124 125 120 3074 409 147
is_linear=0
shrinkage=0.03


Tree=27
num_leaves=14
num_cat=0
split_feature=21 18 21 31 19 13 21 17 23 23 16 28 16
split_gain=33.5753 7.84093 3.71533 2.48095 1.28641 0.961331 0.725618 0.661606 0.403109 0.4027 0.354003 0.0591169 0.0225849
threshold=6450.5000000000009 19.050000000000008 5400.5000000000009 0.099999999999998243 36.45000000000001 5624.2388841687916 6800.5000000000009 -0.6391983530350368 6127.5000000000009 5400.5000000000009 -0.8098839673871151 24.175000000000004 -0.998663445439673
decision_type=2 2 2 2 2 2 2 2 2 2 2 2 2
left_child=2 3 9 7 5 -4 -5 -2 -7 12 -6 -12 -1
right_child=1 -3 4 6 10 8 -8 -9 -10 -11 11 -13 -14
leaf_value=-10.52130410074855 6.9639133479814683 39.272478193179339 8.7326602303760907 3.9622760119097387 1.5690832999139268 -1.251323808301176 -1.0632081830283935 4.0779650013699964 1.0491041274277038 -0.99430703198947823 -2.5205062203286084 -3.4802469600869346 -18.678723941772002
leaf_weight=58 71 77 61 74 55 138 51 76 98 54 55 222 2632
leaf_count=58 71 77 61 74 55 138 51 76 98 54 55 222 2632
internal_value=-0.00139162 0.00742286 -0.00231891 0.00475824 -0.000161905 0.00118792 0.00119048 0.00745946 0.000113923 -0.00279672 -0.00150451 -0.00196403 -0.00284838
internal_weight=3722 349 3373 272 629 297 125 147 236 2744 332 277 2690
internal_count=3722 349 3373 272 629 297 125 147 236 2744 332 277 2690
is_linear=0
shrinkage=0.03


Tree=28
num_leaves=13
num_cat=0
split_feature=21 18 21 31 14 17 7 23 23 32 7 14
split_gain=32.4104 8.19943 3.37183 2.97375 1.93718 0.661606 0.488285 0.562245 0.395841 0.325218 0.0711898 0.0444972
threshold=6450.5000000000009 19.050000000000008 5400.5000000000009 0.099999999999998243 0.63920241694561786 -0.6391983530350368 324.50000000000006 6127.5000000000009 5400.5000000000009 3.2000000000000077 344.50000000000006 0.99274428880883148
decision_type=2 2 2 2 2 2 2 2 2 2 2 2
left_child=2 3 8 5 6 -2 7 -4 11 -5 -8 -1
right_child=1 -3 4 9 -6 -7 10 -9 -10 -11 -12 -13
leaf_value=-18.118362223518851 6.7549959475420271 38.094303847383962 -3.3532737327611626 -0.59685075205099347 7.4548574351201466 3.9556260513288932 4.421156144341956 0.29486336601122443 -0.96447782102979052 1.5675499919797591 -0.2258931860916972 -16.39554406679159
leaf_weight=2636 71 77 359 53 72 76 50 96 54 72 52 54
leaf_count=2636 71 77 359 53 72 76 50 96 54 72 52 54
internal_value=-0.00140774 0.00725143 -0.00231891 0.00453846 -0.000257144 0.00745946 -0.000924732 -0.00138158 -0.00277486 0.000714285 0.000669902 -0.00282609
internal_weight=3722 349 3373 272 629 147 557 455 2744 125 102 2690
internal_count=3722 349 3373 272 629 147 557 455 2744 125 102 2690
is_linear=0
shrinkage=0.03


Tree=29
num_leaves=13
num_cat=0
split_feature=21 18 21 31 14 17 7 12 12 7 32 14
split_gain=30.26 7.40465 3.10209 2.1887 1.52742 0.914512 0.476866 0.415774 0.354945 0.315594 0.25781 0.210641
threshold=6450.5000000000009 19.050000000000008 5400.5000000000009 0.099999999999998243 0.66527693225344786 -0.6391983530350368 324.50000000000006 6121.7500000000009 5893.1333333333341 192.50000000000003 3.2000000000000077 0.99274428880883148
decision_type=2 2 2 2 2 2 2 2 2 2 2 2
left_child=2 3 7 5 6 -2 9 11 -8 -4 -5 -1
right_child=1 -3 4 10 -6 -7 8 -9 -10 -11 -12 -13
leaf_value=-17.574811356813296 6.5523460691157727 36.951474731962435 -0.660910797476289 -0.57894522948946148 7.4648571007828313 3.8369572697890204 -2.0412124860424199 -2.4327195299039506 2.8736374096771922 -4.3953486153398309 1.5205234922203641 -15.093678338450108
leaf_weight=2637 71 77 283 53 62 76 52 52 50 182 72 55
leaf_count=2637 71 77 283 53 62 76 52 52 50 182 72 55
internal_value=-0.00145608 0.00690857 -0.00233669 0.00431868 -0.000352382 0.00685135 -0.000908451 -0.00277486 0.000669902 -0.00135193 0.00095238 -0.00282622
internal_weight=3722 349 3373 272 629 147 567 2744 102 465 125 2692
internal_count=3722 349 3373 272 629 147 567 2744 102 465 125 2692
is_linear=0
shrinkage=0.03


Tree=30
num_leaves=12
num_cat=0
split_feature=21 31 21 14 17 11 18 20 14 18 12
split_gain=28.0317 6.94306 3.22248 2.17943 2.01199 0.948973 0.45053 0.435379 0.370013 0.35202 0.315966
threshold=6450.5000000000009 21.450000000000003 5555.5000000000009 0.73283908552571664 -0.71502926860092908 180.27756377317687 46.850000000000009 29.521428571428576 0.99274428880883148 0.30000000000000365 6033.6833333333343
decision_type=2 2 2 2 2 2 2 2 2 2 2
left_child=2 4 8 6 -2 -6 9 -7 10 -4 -1
right_child=1 -3 3 -5 5 7 -8 -9 -10 -11 -12
leaf_value=-16.739144670933037 5.9159694004484216 35.182933479772537 -2.5604276245936477 10.228871270653146 -0.45633440809433523 1.6013631881439674 -3.7768674696111106 6.9864773713749093 -9.5048252438067422 0.41677675280055432 -2.3923245348510607
leaf_weight=2661 80 73 165 50 68 58 167 59 56 208 63
leaf_count=2661 80 73 165 50 68 58 167 59 56 208 63
internal_value=-0.0014907 0.00669911 -0.0023272 -0.000228427 0.00417293 0.00209677 -0.00085952 0.00376271 -0.0027562 -0.000144386 -0.00280624
internal_weight=3708 338 3370 590 265 185 540 117 2780 373 2724
internal_count=3708 338 3370 590 265 185 540 117 2780 373 2724
is_linear=0
shrinkage=0.03


Tree=31
num_leaves=14
num_cat=0
split_feature=23 31 22 17 32 24 12 12 12 32 10 13 12
split_gain=24.3323 5.62963 3.25941 1.51983 1.41636 1.04901 0.714623 0.244642 0.21613 0.347355 0.218315 0.215854 0.152909
threshold=6433.5000000000009 21.450000000000003 5400.5000000000009 -0.6391983530350368 13.30000000000001 5897.5000000000009 6302.2666666666673 6016.5500000000002 6147.5000000000009 66.050000000000026 6061.357142857144 4412.3662873399726 6054.7833333333338
decision_type=2 2 2 2 2 2 2 2 2 2 2 2 2
left_child=2 3 7 -2 5 -4 -5 11 9 -6 -10 -1 -7
right_child=1 -3 4 6 8 12 -8 -9 10 -11 -12 -13 -14
leaf_value=-14.745394392594662 6.177431472156159 33.902444563428304 9.8586582725358589 3.6410095470493853 -0.95556066581400778 0.71010967276947368 -0.38725285972271151 -2.4683925621286873 0.52849342452391246 -4.4665623930730618 -2.7162927485393467 -16.388183956958855 -0.35426007964971767
leaf_weight=97 93 86 50 84 109 57 97 50 73 212 54 2580 66
leaf_count=97 93 86 50 84 109 57 97 50 73 212 54 2580 66
internal_value=-0.00150688 0.00585873 -0.00231383 0.00350182 -0.000270097 0.00193103 0.00154945 -0.00276246 -0.00122272 -0.00163975 0 -0.00280284 4.83864e-05
internal_weight=3708 360 3348 274 621 173 181 2727 448 321 127 2677 123
internal_count=3708 360 3348 274 621 173 181 2727 448 321 127 2677 123
is_linear=0
shrinkage=0.03


Tree=32
num_leaves=12
num_cat=0
split_feature=21 31 21 14 17 11 18 14 18 12 12
split_gain=24.7473 7.22762 3.33466 2.13751 1.49536 0.802759 0.366698 0.366684 0.35202 0.312524 0.0957894
threshold=6450.5000000000009 21.450000000000003 5555.5000000000009 0.73283908552571664 -0.71502926860092908 244.51010237932266 46.850000000000009 0.99274428880883148 0.30000000000000365 6033.6833333333343 6147.5000000000009
decision_type=2 2 2 2 2 2 2 2 2 2 2
left_child=2 4 7 6 -2 -6 8 9 -4 -1 -8
right_child=1 -3 3 -5 5 -7 10 -9 -10 -11 -12
leaf_value=-15.745324812096277 5.5531673742702878 33.110372138476514 -2.5070961352668379 9.7941221178588513 -0.088179985655216536 4.1726053112373229 -4.3222917546361534 -9.1217365686999585 0.29614208853481505 -2.6242242814963355 -1.5656377674670152
leaf_weight=2661 80 73 165 50 95 90 113 56 208 63 54
leaf_count=2661 80 73 165 50 95 90 113 56 208 63 54
internal_value=-0.00152305 0.00616814 -0.0023094 -0.000177666 0.00360902 0.00177419 -0.000804067 -0.00274542 -0.000144386 -0.00279523 -0.002
internal_weight=3708 338 3370 590 265 185 540 2780 373 2724 167
internal_count=3708 338 3370 590 265 185 540 2780 373 2724 167
is_linear=0
shrinkage=0.03


Tree=33
num_leaves=14
num_cat=0
split_feature=21 21 14 21 14 13 26 12 14 20 16 14 13
split_gain=20.6732 7.03208 2.68807 1.20379 0.985174 0.909109 0.877898 0.699621 0.330226 0.291839 0.256266 0.0578603 0.0232714
threshold=6095.0000000000009 7252.5000000000009 0.95242846126021108 5197.5000000000009 0.534952257794027 5690.1512575900342 1.0000000180025095e-35 6147.5000000000009 0.074116354202380205 20.714285714285719 -0.51941337148263467 0.99274428880883148 6090.2931835532781
decision_type=2 2 2 2 2 2 2 2 2 2 2 2 2
left_child=3 2 5 11 7 10 -7 9 -9 -5 -2 12 -1
right_child=1 -3 -4 4 -6 6 -8 8 -10 -11 -12 -13 -14
leaf_value=-17.081387412909244 0.43803901190476974 31.667056718550594 8.0389050920626879 -0.38107878094609093 3.340788909913357 0.48324661188443996 -1.9739887947094561 0.70466732672903698 -2.8119004666367498 -4.9301005247781475 13.570828640249891 -14.997424591681693 -12.441331806016445
leaf_weight=2481 72 71 62 52 61 211 75 56 54 353 50 52 58
leaf_count=2481 72 71 62 52 61 211 75 56 54 353 50 52 58
internal_value=-0.00159585 0.00378598 0.00232484 -0.0025303 -0.00114905 0.00129829 0.000198606 -0.00162791 0.000135134 -0.00221675 0.0034878 -0.00281945 -0.00285118
internal_weight=3708 541 470 3167 576 408 286 515 110 405 122 2591 2539
internal_count=3708 541 470 3167 576 408 286 515 110 405 122 2591 2539
is_linear=0
shrinkage=0.03


Tree=34
num_leaves=14
num_cat=1
split_feature=22 11 11 24 7 22 23 13 20 0 15 24 15
split_gain=18.4076 3.54824 1.71367 1.12052 1.02572 0.920849 0.700277 0.650922 0.448916 0.330828 0.197904 0.13512 0.115387
threshold=6150.5000000000009 339.84859710784895 201.41315021986264 6800.5000000000009 222.50000000000003 4698.5000000000009 5925.5000000000009 5578.2810862629167 25.75357142857143 0 -0.39827153806311183 6013.0000000000009 0.46611290379786346
decision_type=2 2 2 2 2 2 2 2 2 9 2 2 2
left_child=2 3 6 9 -3 -4 -1 -7 -9 12 -11 -8 -2
right_child=1 4 5 -5 -6 7 11 8 -10 10 -12 -13 -14
leaf_value=-13.604732079560959 -1.0652437958329204 29.442044105043024 -20.100994220862038 3.5877108607593429 6.9898509431314979 7.6342391442601905 -0.036629057048526432 0.33151638951947804 -5.1966741973308226 0.029204689967222971 6.41161016266605 -2.427474916687999 0.66932287317237893
leaf_weight=2574 75 86 144 99 58 63 106 166 107 51 55 74 50
leaf_count=2574 75 86 144 99 58 63 106 166 107 51 55 74 50
internal_value=-0.00162011 0.00385895 -0.00243802 0.00194864 0.00788276 -0.000654886 -0.00273212 8.0118e-05 -0.000416059 0.000568965 0.00176923 -0.000580111 -0.000220589
internal_weight=3708 474 3234 330 144 480 2754 336 273 231 106 180 125
internal_count=3708 474 3234 330 144 480 2754 336 273 231 106 180 125
cat_boundaries=0 1
cat_threshold=102
is_linear=0
shrinkage=0.03


Tree=35
num_leaves=14
num_cat=0
split_feature=21 21 14 22 20 33 12 12 14 10 12 25 24
split_gain=18.2368 4.44442 2.95284 1.73431 0.963052 1.04147 0.592959 0.58807 0.419743 0.201963 0.163111 0.330909 0.201455
threshold=6150.5000000000009 7252.5000000000009 0.90892735371523092 5687.5000000000009 30.839285714285719 5.2250000000000005 5836.0000000000009 6134.166666666667 0.99274428880883148 6788.0714285714294 6134.166666666667 23.075000000000006 6150.5000000000009
decision_type=2 2 2 2 2 2 2 2 2 2 2 2 2
left_child=3 2 4 7 5 -2 -5 8 -1 -6 11 -8 -12
right_child=1 -3 -4 6 9 -7 10 -9 -10 -11 12 -13 -14
leaf_value=-14.350316876192363 0.16020626515529818 28.783783300452132 6.3289524828465247 4.1360149114009666 -1.1483577865480465 7.444286578566536 -0.44318938532866375 2.3267933382137507 -3.2041733310039078 0.23501924959100973 0.35618001316356712 -3.3010016572969785 -1.8400024579764538
leaf_weight=2699 133 66 100 75 75 51 70 53 53 50 78 152 69
leaf_count=2699 133 66 100 75 75 51 70 53 53 50 78 152 69
internal_value=-0.00166631 0.00378151 0.00245854 -0.00247754 0.000832257 0.00228649 -0.000600001 -0.00275838 -0.00281911 -0.000952382 -0.00116757 -0.00170852 -4.05413e-05
internal_weight=3724 475 409 3249 309 184 444 2805 2752 125 369 222 147
internal_count=3724 475 409 3249 309 184 444 2805 2752 125 369 222 147
is_linear=0
shrinkage=0.03


Tree=36
num_leaves=13
num_cat=0
split_feature=21 21 14 22 20 33 12 11 14 14 12 10
split_gain=17.4647 3.51335 2.95284 1.71564 0.963052 1.04147 0.584028 0.539288 0.416283 0.228381 0.395128 0.201963
threshold=6150.5000000000009 7252.5000000000009 0.90892735371523092 5687.5000000000009 30.839285714285719 5.2250000000000005 6134.166666666667 86.588930319797257 0.99274428880883148 0.3261394409934788 6134.166666666667 6788.0714285714294
decision_type=2 2 2 2 2 2 2 2 2 2 2 2
left_child=3 2 4 6 5 -2 8 -5 -1 10 -9 -6
right_child=1 -3 -4 7 11 -7 -8 9 -10 -11 -12 -13
leaf_value=-13.919807369906584 0.1554000772006342 27.920269801438561 6.1390839083611164 -3.5268838555040136 -1.1139070529515966 7.2209579812095326 2.2569895380673315 -2.7737665280615786 -3.1080481310737786 3.4612025926772265 0.36727441961127899 0.22796867210326593
leaf_weight=2699 133 66 100 117 75 51 53 151 53 86 90 50
leaf_count=2699 133 66 100 117 75 51 53 151 53 86 90 50
internal_value=-0.00167436 0.00365546 0.00245854 -0.00246831 0.000832257 0.00228649 -0.00274768 -0.000600001 -0.00280821 0 -0.000446282 -0.000952382
internal_weight=3724 475 409 3249 309 184 2805 444 2752 327 241 125
internal_count=3724 475 409 3249 309 184 2805 444 2752 327 241 125
is_linear=0
shrinkage=0.03


Tree=37
num_leaves=14
num_cat=0
split_feature=21 21 14 23 20 33 12 14 14 12 10 23 25
split_gain=16.4153 3.23883 2.3798 1.65116 0.963052 1.04147 0.433188 0.39574 0.261125 0.350053 0.201963 0.0787247 0.0702551
threshold=6150.5000000000009 7252.5000000000009 0.90892735371523092 5925.5000000000009 30.839285714285719 5.2250000000000005 6134.166666666667 0.99274428880883148 0.3261394409934788 6134.166666666667 6788.0714285714294 5555.5000000000009 24.275000000000002
decision_type=2 2 2 2 2 2 2 2 2 2 2 2 2
left_child=3 2 4 6 5 -2 7 11 9 12 -6 -1 -5
right_child=1 -3 -4 8 10 -7 -8 -9 -10 -11 -12 -13 -14
leaf_value=-13.75270010075219 0.15073807488462568 27.082661707395399 5.9549113911102713 -1.7489539015741598 -1.0804898413630482 7.0043292417732408 -1.4930958009443078 -3.0148066871415673 3.3139094744078896 0.24081092605245458 0.22112961194017328 -2.3977279754936256 -3.331072829383964
leaf_weight=2667 133 66 100 53 75 51 84 53 57 95 50 158 82
leaf_count=2667 133 66 100 53 75 51 84 53 57 95 50 158 82
internal_value=-0.00169852 0.00346639 0.00231219 -0.00246831 0.000832257 0.00228649 -0.00268005 -0.00274366 -0.000125001 -0.000714286 -0.000952382 -0.00279193 -0.00176471
internal_weight=3724 475 409 3249 309 184 2962 2878 287 230 125 2825 135
internal_count=3724 475 409 3249 309 184 2962 2878 287 230 125 2825 135
is_linear=0
shrinkage=0.03


Tree=38
num_leaves=17
num_cat=0
split_feature=21 11 16 21 14 7 12 16 24 15 29 14 14 15 12 11
split_gain=15.6837 3.10523 2.08286 1.43231 1.36308 0.805882 0.60511 0.580217 0.527986 0.48373 0.391477 0.320915 0.240192 0.223281 0.170714 0.0114798
threshold=6150.5000000000009 322.55342776365995 0.66527693225344786 5555.5000000000009 0.9550229469509578 137.50000000000003 6134.166666666667 -0.12546116083924153 6400.5000000000009 -0.35042475891464198 24.475000000000005 0.3261394409934788 0.99274428880883148 -0.54940789553007929 6147.5000000000009 172.99359771631643
decision_type=2 2 2 2 2 2 2 2 2 2 2 2 2 2 2 2
left_child=3 4 5 6 7 -3 12 13 -9 14 11 -11 15 -2 -5 -1
right_child=1 2 -4 9 -6 -7 -8 8 -10 10 -12 -13 -14 -15 -16 -17
leaf_value=-13.535481479749341 -0.84326215645025393 6.7767373255700205 27.170182070750261 -2.9973161841340756 3.414227115360303 0.58077493128726609 0.35301044103042867 -0.0059560038203997929 11.231735767575119 -3.3262217332309425 9.0665221277218304 3.0745839181790706 -12.032549970462988 0.046376720802522663 -0.5463505889722805 -10.136703089993423
leaf_weight=2289 100 51 63 143 52 50 50 58 51 104 52 79 51 50 88 393
leaf_count=2289 100 51 63 143 52 50 50 58 51 104 52 79 51 50 88 393
internal_value=-0.00170658 0.00334034 0.00674545 -0.00245908 0.00138461 0.00335294 -0.00272414 0.000299999 0.00207273 -0.000777303 0 -0.000456522 -0.00278493 -0.000695365 -0.00175862 -0.00282557
internal_weight=3724 475 164 3249 311 101 2783 259 109 466 235 183 2733 150 231 2682
internal_count=3724 475 164 3249 311 101 2783 259 109 466 235 183 2733 150 231 2682
is_linear=0
shrinkage=0.03


Tree=39
num_leaves=15
num_cat=0
split_feature=10 28 23 11 7 12 12 31 27 20 31 11 13 12
split_gain=14.6552 2.2939 2.13766 1.18126 1.68478 1.54866 0.776559 0.689777 0.339919 0.816903 0.341973 0.295735 0.595596 0.205178
threshold=6465.7142857142871 34.225000000000009 5555.5000000000009 142.11908131994207 235.50000000000003 6680.9333333333343 6097.5000000000009 7.8499999999999934 23.325000000000006 30.546428571428574 2.69999999999999 146.38501094227942 5002.987946264263 6147.5000000000009
decision_type=2 2 2 2 2 2 2 2 2 2 2 2 2 2
left_child=2 3 6 -2 5 -5 11 8 10 -10 -4 -1 -13 -9
right_child=1 -3 7 4 -6 -7 -8 13 9 -11 -12 12 -14 -15
leaf_value=-13.276056215455682 0.05629185274776223 -0.80016819747298951 -2.6055238945298282 8.7876727227961595 8.2345569158966807 13.541763745007374 2.9331968120626533 -3.0005325634749331 6.7060022830336736 -0.22965387580883878 0.70658454448719099 8.1417056877441283 -10.267794375440724 -0.91370570304947363
leaf_weight=2185 65 63 144 108 52 53 50 178 95 54 55 56 482 84
leaf_count=2185 65 63 144 108 52 53 50 178 95 54 55 56 482 84
internal_value=-0.00171463 0.00415789 -0.00232092 0.00534409 0.00647663 0.00803704 -0.00267989 -0.000613749 0.000146131 0.00132 -0.000510001 -0.0027511 -0.00185343 -0.00179088
internal_weight=3724 341 3383 278 213 161 2773 610 348 149 199 2723 538 262
internal_count=3724 341 3383 278 213 161 2773 610 348 149 199 2723 538 262
is_linear=0
shrinkage=0.03


Tree=40
num_leaves=13
num_cat=0
split_feature=22 11 14 11 7 10 14 14 5 10 7 7
split_gain=15.3938 2.17904 1.75947 1.75554 1.51224 1.51357 1.25802 0.623133 0.810092 0.615012 0.527304 0.359584
threshold=6181.0000000000009 322.55342776365995 0.9550229469509578 170.58603464208596 230.50000000000003 6813.857142857144 -0.84315017450793706 0.69676570133721638 1.0000000180025095e-35 6012.4285714285725 178.50000000000003 61.500000000000007
decision_type=2 2 2 2 2 2 2 2 2 2 2 2
left_child=3 2 10 9 5 -3 -5 8 -8 -1 11 -2
right_child=1 4 -4 6 -6 -7 7 -9 -10 -11 -12 -13
leaf_value=-10.410399415993909 3.7490906331446276 3.5228471383416258 5.1184327740921667 -20.25549700565703 8.5981256958220893 29.245138699741119 4.2527707747790604 7.4429880402900732 -2.0470106622168771 -0.11508277074327244 9.9227351237613224 -0.5487505724269609
leaf_weight=2532 53 61 50 213 56 56 54 51 330 88 57 157
leaf_count=2532 53 61 50 213 56 56 54 51 330 88 57 157
internal_value=-0.00164645 0.00326884 0.0015849 -0.00239798 0.00606896 0.00808475 -0.000892142 0 -0.000381819 -0.00275277 0.000425372 -7.10908e-05
internal_weight=3758 490 317 3268 173 117 648 435 384 2620 267 210
internal_count=3758 490 317 3268 173 117 648 435 384 2620 267 210
is_linear=0
shrinkage=0.03


Tree=41
num_leaves=12
num_cat=0
split_feature=21 21 14 11 21 21 21 13 23 14 16
split_gain=13.9438 3.80723 1.3364 0.943563 1.04834 0.622706 1.14103 0.658625 0.430842 0.292728 0.0358855
threshold=5977.0000000000009 7760.0000000000009 0.95242846126021108 170.58603464208596 4899.5000000000009 6602.5000000000009 6759.0000000000009 6057.347670250897 5061.5000000000009 0.06553689391773225 -0.90163369914317015
decision_type=2 2 2 2 2 2 2 2 2 2 2
left_child=3 2 5 -1 10 7 -7 -2 -6 -10 -5
right_child=1 -3 -4 4 8 6 -8 -9 9 -11 -12
leaf_value=-10.783460984393669 0.76562179686859555 28.671473245820692 6.1357751565772212 -9.6381863305785238 4.7994231291512097 3.3978802607247207 0.35896587050274059 -1.3492793983444646 -5.5137353187548799 2.9276522043167064 -19.024449683344425
leaf_weight=2500 228 51 64 51 75 50 149 157 136 53 244
leaf_count=2500 228 51 64 51 75 50 149 157 136 53 244
internal_value=-0.00170232 0.00208286 0.00137288 -0.00258235 -0.00130714 0.00082564 0.00219 0 0 -0.000694738 -0.00253378
internal_weight=3758 699 648 3059 559 584 199 385 264 189 295
internal_count=3758 699 648 3059 559 584 199 385 264 189 295
is_linear=0
shrinkage=0.03


Tree=42
num_leaves=14
num_cat=0
split_feature=21 21 11 5 11 27 21 10 31 13 14 29 13
split_gain=13.3862 3.90234 1.34801 1.75763 1.03004 1.02666 0.96816 0.790049 0.438363 0.365694 0.364222 0.0689477 0.0632441
threshold=5977.0000000000009 7760.0000000000009 151.87963760329697 1.5000000000000002 170.58603464208596 26.475000000000005 4899.5000000000009 4966.2857142857147 0.099999999999987585 5874.3961038961052 0.06553689391773225 26.575000000000006 5910.2800014797294
decision_type=2 2 2 2 2 2 2 2 2 2 2 2 2
left_child=4 2 9 5 -1 -4 12 -8 -5 -2 -9 -11 -6
right_child=1 -3 3 8 6 -7 7 10 -10 11 -12 -13 -14
leaf_value=-10.459957154861849 0.62620121201841716 27.81132904844608 0.43259051072793708 3.1788737811782601 -18.344152477986437 7.7830028337326427 5.3819951717959214 -5.3884039435889148 -0.29875111900921392 -0.96496126794820236 3.0090351185841193 -0.78498432501401194 -6.9365079223727744
leaf_weight=2500 77 51 60 111 229 103 62 151 132 57 51 108 66
leaf_count=2500 77 51 60 111 229 103 62 151 132 57 51 108 66
internal_value=-0.0017103 0.00199714 0.00128043 0.00235135 -0.00257255 0.00479268 -0.00125357 0 0.000516393 -0.000333334 -0.000842365 -0.00126506 -0.00243243
internal_weight=3758 699 648 406 3059 163 559 264 243 242 202 165 295
internal_count=3758 699 648 406 3059 163 559 264 243 242 202 165 295
is_linear=0
shrinkage=0.03


Tree=43
num_leaves=13
num_cat=0
split_feature=22 21 21 14 14 7 12 14 33 33 11 23
split_gain=12.0478 2.58548 1.71716 0.828603 0.677282 0.625915 0.374592 0.337541 0.289093 0.60417 0.295346 0.289032
threshold=6181.0000000000009 7505.0000000000009 5400.5000000000009 0.63920241694561786 0.95242846126021108 324.50000000000006 5794.5333333333338 0.99274428880883148 6.8800000000000017 4.4350000000000014 237.33881662954758 6127.5000000000009
decision_type=2 2 2 2 2 2 2 2 2 2 2 2
left_child=2 4 6 5 8 11 7 -1 9 -2 -10 -4
right_child=1 -3 3 -5 -6 -7 -8 -9 10 -11 -12 -13
leaf_value=-11.646158440216004 0.085216843383307345 26.855513694163996 -2.618606078429107 5.8864769676377051 5.127466073694781 1.1408664344430757 -8.3991547505917126 -9.4304187256658114 -0.92004952084861857 4.270718994476316 1.7850738370368799 0.052165957987024926
leaf_weight=2598 133 53 353 50 58 81 73 60 58 137 51 53
leaf_count=2598 133 53 353 50 58 81 73 60 58 137 51 53
internal_value=-0.00174222 0.00259674 -0.00240716 -0.00073606 0.00169863 -0.00118033 -0.00271889 -0.00277886 0.00107368 0.00160517 0 -0.0017027
internal_weight=3758 490 3268 537 437 487 2731 2658 379 270 109 406
internal_count=3758 490 3268 537 437 487 2731 2658 379 270 109 406
is_linear=0
shrinkage=0.03


Tree=44
num_leaves=13
num_cat=1
split_feature=22 21 21 12 0 33 15 12 7 12 23 7
split_gain=11.4763 2.26955 1.65638 0.916839 0.513065 1.0504 0.59052 0.45724 0.233733 0.440619 0.293976 0.100519
threshold=6181.0000000000009 7252.5000000000009 5205.0000000000009 4883.1000000000013 0 4.4250000000000007 -0.41399101439218416 5794.5333333333338 324.50000000000006 5700.1166666666677 6127.5000000000009 117.50000000000001
decision_type=2 2 2 2 9 2 2 2 2 2 2 2
left_child=2 4 7 -4 11 -6 -7 -1 10 -10 -5 -2
right_child=1 -3 3 8 5 6 -8 -9 9 -11 -12 -13
leaf_value=-12.355948996611216 -0.55809598077132316 24.784681913316284 7.3533693654668815 -2.5231335018571519 -1.6572347035740884 1.5061221207567506 5.2045558045833422 -4.9351749009180548 -5.6700500236287263 2.590779873683791 0.043836529789096072 0.28759498639020897
leaf_weight=2554 56 72 50 407 87 113 90 66 76 51 64 72
leaf_count=2554 56 72 50 407 87 113 90 66 76 51 64 72
internal_value=-0.00175818 0.00247454 -0.00240716 -0.000938367 0.0014821 0.00214286 0.00341176 -0.00275277 -0.0013172 0 -0.00162712 0
internal_weight=3758 490 3268 648 418 290 203 2620 598 127 471 128
internal_count=3758 490 3268 648 418 290 203 2620 598 127 471 128
cat_boundaries=0 1
cat_threshold=6
is_linear=0
shrinkage=0.03


Tree=45
num_leaves=13
num_cat=0
split_feature=21 21 12 24 16 12 14 13 10 25 27 29
split_gain=9.66901 3.17522 1.54662 0.534508 0.52619 0.798635 0.462207 0.458208 0.406247 0.295906 0.552821 0.248993
threshold=6181.0000000000009 7252.5000000000009 5740.2833333333338 5555.5000000000009 -0.76763861105243425 6680.9333333333343 0.99274428880883148 5690.1512575900342 5487.1428571428578 23.125000000000004 20.925000000000001 27.325000000000006
decision_type=2 2 2 2 2 2 2 2 2 2 2 2
left_child=2 4 6 -4 -2 7 8 -6 -1 10 -5 -11
right_child=1 -3 3 9 5 -7 -8 -9 -10 11 -12 -13
leaf_value=-10.926095217111197 -0.62853486290952298 22.42778403281849 2.5991643346190823 -2.6782791857535178 9.4627238013961357 5.9041701447289201 -0.93166773796736857 -0.0098358113057659194 -0.57170891952620106 -2.2073823168206719 3.2418077840713408 -1.2500650195381171
leaf_weight=2559 95 71 64 77 71 58 64 163 53 215 53 137
leaf_count=2559 95 71 64 77 71 58 64 163 53 215 53 137
internal_value=-0.00182152 0.00220261 -0.00240801 -0.000828154 0.00098969 0.00166894 -0.00271311 0.000651063 -0.00277497 -0.0012236 0 -0.00167422
internal_weight=3680 458 3222 546 387 292 2676 234 2612 482 130 352
internal_count=3680 458 3222 546 387 292 2676 234 2612 482 130 352
is_linear=0
shrinkage=0.03


Tree=46
num_leaves=16
num_cat=0
split_feature=22 21 21 14 11 32 20 12 12 20 20 14 11 14 21
split_gain=9.7791 2.62118 1.41158 0.941917 0.544377 0.595379 0.729475 0.45841 0.337568 0.171294 0.0824801 0.0781819 0.0584996 0.135468 0.0179575
threshold=6181.0000000000009 7252.5000000000009 5227.5000000000009 0.61915405168109316 140.99983113803049 1.700000000000002 28.421428571428574 5992.2166666666681 5794.5333333333338 27.51071428571429 21.400000000000006 0.49812943072827093 172.99359771631643 -0.83377653105606597 6759.0000000000009
decision_type=2 2 2 2 2 2 2 2 2 2 2 2 2 2 2
left_child=2 4 8 7 11 14 -7 10 12 -9 -4 -2 -1 -14 -6
right_child=1 -3 3 -5 5 6 -8 9 -10 -11 -12 -13 13 -15 -16
leaf_value=-11.927313936306236 0.17324848588707248 22.292734467490288 -0.58165682003841757 11.110539942964477 1.9570971024201402 1.9807909755316397 9.2694804547946035 0.021552284962911089 -6.0058938039935601 -1.5732180672087004 -3.3428366818835533 -0.81460830675444429 -18.177167038756799 -6.6836467982688461 -1.4749766363014383
leaf_weight=2204 50 68 57 51 57 122 59 173 78 86 268 59 145 152 51
leaf_count=2204 50 68 57 51 57 122 59 173 78 86 268 59 145 152 51
internal_value=-0.00182967 0.00217773 -0.0024252 -0.00103774 0.00110526 0.00182069 0.00286813 -0.00143077 -0.00274884 -0.000276924 -0.00220859 -0.000381819 -0.00281295 -0.00183222 0
internal_weight=3680 466 3214 635 398 289 181 584 2579 259 325 109 2501 297 108
internal_count=3680 466 3214 635 398 289 181 584 2579 259 325 109 2501 297 108
is_linear=0
shrinkage=0.03


Tree=47
num_leaves=16
num_cat=0
split_feature=22 31 18 21 14 11 32 12 12 5 20 11 14 21 23
split_gain=9.13677 2.63418 1.97222 1.70042 0.864544 0.810147 0.775471 0.737974 0.337568 0.323267 0.209811 0.0584996 0.135468 0.0214099 0.00490194
threshold=6181.0000000000009 19.050000000000008 40.150000000000013 5227.5000000000009 0.61915405168109316 151.87963760329697 1.700000000000002 6134.166666666667 5794.5333333333338 1.0000000180025095e-35 21.63214285714286 172.99359771631643 -0.83377653105606597 6759.0000000000009 5902.5000000000009
decision_type=2 2 2 2 2 2 2 2 2 2 2 2 2 2 2
left_child=3 5 -3 8 9 -2 13 -8 11 14 -11 -1 -13 -7 -5
right_child=1 2 -4 4 -6 6 7 -9 -10 10 -12 12 -14 -15 -16
leaf_value=-11.569494518217061 -0.67315681245379499 23.974890118629645 7.6485438624461546 0.43960930136865317 10.777223744675547 1.989444742082906 0.2141812245950552 4.4601707958189856 -5.8257169898737464 -0.10893704422496699 -2.3641820195700309 -17.631852027594089 -6.4831373943207922 -1.1268923735672922 -0.64471314989939088
leaf_weight=2204 102 58 51 50 51 54 60 85 78 102 382 145 152 56 50
leaf_count=2204 102 58 51 50 51 54 60 85 78 102 382 145 152 56 50
internal_value=-0.00182152 0.00204925 0.00616364 -0.0023972 -0.000896227 0.000653631 0.00164062 0.00308219 -0.00274884 -0.00127692 -0.00160206 -0.00281295 -0.00183222 0 0
internal_weight=3680 466 109 3214 635 357 255 145 2579 584 484 2501 297 110 100
internal_count=3680 466 109 3214 635 357 255 145 2579 584 484 2501 297 110 100
is_linear=0
shrinkage=0.03


Tree=48
num_leaves=14
num_cat=0
split_feature=22 16 31 21 14 16 29 12 12 25 23 20 14
split_gain=8.66548 2.43811 2.12091 1.60162 0.890061 0.40571 0.803515 0.337568 0.250538 0.312646 0.193753 0.179172 0.0224938
threshold=6181.0000000000009 0.69056404122701587 21.450000000000003 5227.5000000000009 0.61915405168109316 -0.57693561556757644 28.375000000000004 5794.5333333333338 5992.2166666666681 26.925000000000008 6827.0000000000009 21.400000000000006 0.99274428880883148
decision_type=2 2 2 2 2 2 2 2 2 2 2 2 2
left_child=3 5 -3 7 8 10 -7 12 11 -10 -2 -5 -1
right_child=1 2 -4 4 -6 6 -8 -9 9 -11 -12 -13 -14
leaf_value=-10.943408106962169 -0.67398997821334028 2.2727397758251571 23.426468400157447 -0.55450971230258705 10.453907032335291 -0.1629203130634817 5.2510710544331438 -5.6509454801775449 0.4501373310936253 -1.3230856910375857 0.90288995462673161 -3.2077352954756559 -10.437231690445433
leaf_weight=2444 103 73 56 57 51 94 83 78 153 106 57 268 57
leaf_count=2444 103 73 56 57 51 94 83 78 153 106 57 268 57
internal_value=-0.00184597 0.00192077 0.00544615 -0.00240653 -0.000943397 0.000426035 0.00148315 -0.00274884 -0.00132821 -0.000392308 -0.000465839 -0.00193252 -0.00281295
internal_weight=3680 466 129 3214 635 337 177 2579 584 259 160 325 2501
internal_count=3680 466 129 3214 635 337 177 2579 584 259 160 325 2501
is_linear=0
shrinkage=0.03


Tree=49
num_leaves=16
num_cat=0
split_feature=23 32 13 15 12 11 14 11 15 20 14 14 33 20 23
split_gain=8.52461 1.64508 2.26692 1.68321 1.31399 0.623296 1.74549 0.547936 0.595395 0.542133 0.381255 0.0951396 0.0806055 0.028666 0.0120535
threshold=6127.5000000000009 19.550000000000001 6009.669623611343 -0.77243990499604276 5992.2166666666681 146.38501094227942 0.82414472752956958 175.68232111999393 -0.30164489695395946 25.26071428571429 0.15951094710994371 -0.16799356919963607 5.535000000000001 25.175000000000004 5825.5000000000009
decision_type=2 2 2 2 2 2 2 2 2 2 2 2 2 2 2
left_child=4 7 3 -3 5 14 13 -2 -9 10 -6 -11 -10 -7 -1
right_child=1 2 -4 -5 9 6 -8 8 12 11 -12 -13 -14 -15 -16
leaf_value=-9.8098284589840112 -0.40331353779124451 23.819031436275573 -1.356906313035843 2.6844153317300457 5.728777732379057 -5.1276236920037137 11.979297791003173 -0.59927801351428733 2.1626526654184368 -2.0080314267378698 -2.3491111395394642 -0.68280965614620681 4.6673232567673457 -11.505821048856031 -1.9325439196121605
leaf_weight=2165 130 60 53 68 51 245 56 93 58 107 51 71 51 332 89
leaf_count=2165 130 60 53 68 51 245 56 93 58 107 51 71 51 332 89
internal_value=-0.00182967 0.00170428 0.00402198 0.0062093 -0.00241667 -0.00260942 -0.00159937 0.000297297 0.00137438 -0.000266905 0.00125243 -0.00139106 0.00289091 -0.00213841 -0.00287228
internal_weight=3680 513 181 128 3167 2887 633 332 202 280 102 178 109 577 2254
internal_count=3680 513 181 128 3167 2887 633 332 202 280 102 178 109 577 2254
is_linear=0
shrinkage=0.03


Tree=50
num_leaves=16
num_cat=2
split_feature=21 11 0 13 29 0 11 21 10 13 27 11 15 13 19
split_gain=7.98424 2.73012 2.02062 1.67709 1.38035 0.655992 0.505759 0.877504 0.512182 0.269452 0.219816 0.14574 0.366917 0.0508504 0.0372208
threshold=5400.5000000000009 244.51010237932266 0 6000.4377104377118 28.125000000000004 1 172.99359771631643 4899.5000000000009 4932.5000000000009 5667.5342727340822 23.375000000000004 140.99983113803049 -0.30164489695395946 5910.2800014797294 22.400000000000002
decision_type=2 2 9 2 2 9 2 2 2 2 2 2 2 2 2
left_child=6 5 3 14 -5 10 -1 13 -9 -4 -2 -7 -13 -8 -3
right_child=1 2 9 4 -6 11 7 8 -10 -11 -12 12 -14 -15 -16
leaf_value=-9.875110807548289 -0.28840683841342085 8.0483186880560016 1.797798220612187 -1.4684255695233328 3.3175734021231924 -1.4338672567295707 -15.448171979775582 6.8087581106816737 -6.1282391786221719 -4.023175999930233 1.5244633204967764 -2.1692520350827862 1.4335450628771762 -7.3409015779572266 16.652356193024549
leaf_weight=2297 51 50 61 73 50 283 211 54 65 81 74 106 84 67 85
leaf_count=2297 51 50 61 73 50 283 211 54 65 81 74 106 84 67 85
internal_value=-0.00184159 0.000411411 0.00235661 0.00386989 0.00101613 -0.000816361 -0.00269277 -0.00144724 0.000399999 -0.000333334 0.000882352 -0.00135124 -0.000392671 -0.00239785 0.00639706
internal_weight=3692 998 400 258 123 598 2694 397 119 142 125 473 190 278 135
internal_count=3692 998 400 258 123 598 2694 397 119 142 125 473 190 278 135
cat_boundaries=0 1 2
cat_threshold=106 208
is_linear=0
shrinkage=0.03


Tree=51
num_leaves=16
num_cat=2
split_feature=21 11 0 20 13 0 12 25 16 27 14 11 21 16 24
split_gain=8.22983 2.99545 1.67754 1.59575 1.24326 0.655992 0.599142 0.529041 0.343338 0.31184 0.181606 0.128823 0.722911 0.122296 0.0684608
threshold=5400.5000000000009 244.51010237932266 0 27.282142857142862 6009.669623611343 1 5794.5333333333338 31.675000000000004 0.17646842360078763 24.975000000000005 0.79383249484937135 172.99359771631643 4776.0000000000009 -0.90893575921103265 6433.5000000000009
decision_type=2 2 9 2 2 9 2 2 2 2 2 2 2 2 2
left_child=6 5 3 4 -3 8 11 -5 -2 -4 14 -1 -13 -14 -7
right_child=1 2 9 7 -6 10 -8 -9 -10 -11 -12 12 13 -15 -16
leaf_value=-9.5725824990037882 -0.18853992871861625 5.1796708295009788 -5.3455747150483024 18.449986093366604 -3.6793265677180305 -1.9444590308113088 -4.9573729475149806 2.5442405134627801 1.8055073296570958 0.78191908480192185 -0.28621879564414027 -15.369504239888316 5.7568101846024051 -6.8547353238073336 -0.18454202185751223
leaf_weight=2284 64 86 51 52 66 328 86 54 61 91 69 212 53 59 76
leaf_count=2284 64 86 51 52 66 328 86 54 61 91 69 212 53 59 76
internal_value=-0.00181722 0.000471471 0.00250623 0.00386989 0.00162745 -0.000816361 -0.00268163 0.00698131 0.000882352 0 -0.00135124 -0.00276313 -0.00174462 0 -0.00162222
internal_weight=3692 998 400 258 152 598 2694 106 125 142 473 2608 324 112 404
internal_count=3692 998 400 258 152 598 2694 106 125 142 473 2608 324 112 404
cat_boundaries=0 1 2
cat_threshold=106 208
is_linear=0
shrinkage=0.03


Tree=52
num_leaves=17
num_cat=1
split_feature=21 11 20 25 12 0 12 16 10 11 16 11 16 16 21 21
split_gain=7.7395 2.45633 1.51374 1.59879 0.765431 0.643659 0.59539 0.345576 0.213302 0.13629 0.562479 0.123958 0.248361 0.071182 0.050692 0.0195886
threshold=5555.5000000000009 244.51010237932266 27.282142857142862 31.575000000000006 6121.7500000000009 0 6147.5000000000009 0.17646842360078763 6049.857142857144 172.99359771631643 -0.90163369914317015 140.99983113803049 -0.47653456831620439 -0.57693561556757644 4997.5000000000009 5261.5000000000009
decision_type=2 2 2 2 2 9 2 2 2 2 2 2 2 2 2 2
left_child=4 5 6 -4 9 7 8 -2 -3 15 -11 13 -13 -7 -12 -1
right_child=1 2 3 -5 -6 11 -8 -9 -10 10 14 12 -14 -15 -16 -17
leaf_value=-9.6167837278106685 -0.15682251912269943 -5.021573125564748 17.896485759547087 1.4996188340459418 0.73806410688669688 -0.55647430778054674 3.5776995287469386 2.1597126388874144 0.080794116235327465 0.043532177720638096 -14.363415824154984 -1.8360830197111206 0.40586377531001711 -1.846454453584579 -4.3690384988509923 -6.1549956355664843
leaf_weight=2240 62 68 71 88 50 50 98 60 53 92 230 67 106 230 68 59
leaf_count=2240 62 68 71 88 50 50 98 60 53 92 230 67 106 230 68 59
internal_value=-0.00184159 0.00044654 0.00235092 0.0046125 -0.00265402 -0.000729167 0.000490908 0.000969924 -0.000639345 -0.00272565 -0.00180307 -0.00128017 -0.000310346 -0.00176157 -0.00243813 -0.00286174
internal_weight=3692 953 378 159 2739 575 219 122 121 2689 390 453 173 280 298 2299
internal_count=3692 953 378 159 2739 575 219 122 121 2689 390 453 173 280 298 2299
cat_boundaries=0 1
cat_threshold=208
is_linear=0
shrinkage=0.03


Tree=53
num_leaves=16
num_cat=1
split_feature=21 11 13 16 0 24 16 11 16 21 7 11 25 13 21
split_gain=7.7395 2.66345 1.21498 0.841117 0.712288 0.703242 0.510975 0.463838 0.740529 0.362819 0.31233 0.145636 0.27797 0.0834035 0.0059143
threshold=5555.5000000000009 334.84208997090906 6009.669623611343 -0.66528308454101848 0 6433.5000000000009 -0.24372844578285471 172.99359771631643 -0.90163369914317015 6076.0000000000009 176.50000000000003 140.99983113803049 26.925000000000008 5694.5472096267886 5261.5000000000009
decision_type=2 2 2 2 9 2 2 2 2 2 2 2 2 2 2
left_child=7 4 3 -3 5 9 -7 14 13 -2 -10 -6 -13 -9 -1
right_child=1 2 -4 -5 11 6 -8 8 10 -11 -12 12 -14 -15 -16
leaf_value=-9.3264898122903599 0.36535018053431539 1.1031350455751927 -0.55537467268884189 16.954590982912777 -1.3532945423878782 0.26672267458803994 6.1708413972074467 -0.5916083527902013 -3.2326760258340199 -1.1914918030987303 -9.4693673713449016 0.54506676564375489 -4.6796606447889273 3.7558643270506757 -5.776305560250103
leaf_weight=2247 137 77 65 90 218 82 53 50 51 110 278 70 51 52 61
leaf_count=2247 137 77 65 90 218 82 53 50 51 110 278 70 51 52 61
internal_value=-0.00184159 0.00044654 0.00325751 0.00460714 -0.000398893 0.000404579 0.00220588 -0.00265402 -0.0015 -0.000387097 -0.00221818 -0.00140571 -0.000147542 0.00037864 -0.00284929
internal_weight=3692 953 232 167 721 382 135 2739 431 247 329 339 121 102 2308
internal_count=3692 953 232 167 721 382 135 2739 431 247 329 339 121 102 2308
cat_boundaries=0 1
cat_threshold=248
is_linear=0
shrinkage=0.03


Tree=54
num_leaves=17
num_cat=0
split_feature=23 11 20 10 12 12 25 7 13 12 11 13 23 15 24 23
split_gain=6.18078 1.7273 1.4836 1.33022 0.960083 0.594038 0.337595 0.496044 0.329356 0.291331 0.26667 0.277825 0.472879 0.18707 0.032132 0.00771178
threshold=5600.5000000000009 248.08781002100415 26.675000000000004 6788.0714285714294 6121.7500000000009 6204.7166666666681 24.275000000000002 46.500000000000007 5525.0348588135976 6086.8333333333348 225.86848133596428 5581.9663773148159 4499.0000000000009 -0.98521978256641018 5997.0000000000009 5300.5000000000009
decision_type=2 2 2 2 2 2 2 2 2 2 2 2 2 2 2 2
left_child=4 6 5 9 10 -3 7 14 -8 -4 15 12 -12 -10 -2 -1
right_child=1 2 3 -5 -6 -7 8 -9 13 -11 11 -13 -14 -15 -16 -17
leaf_value=-8.8690820045841612 -2.8493538694286591 -1.196137148400753 3.5568387040582823 15.568416296287873 1.1972035623555335 2.9635699464233047 0.089852194916431649 3.5448633659341717 -0.070540594834695186 -1.1590079789127106 -19.0208440762629 -6.8505580704394644 10.465879329091917 -1.0199701107485619 -0.067263506007243123 -3.1495217414819963
leaf_weight=2402 66 109 50 77 50 75 50 72 50 52 53 135 52 284 56 59
leaf_count=2402 66 109 50 77 50 75 50 72 50 52 53 135 52 284 56 59
internal_value=-0.00188221 0.000171974 0.00182967 0.00376667 -0.00260102 0 -0.000792747 1.53839e-05 -0.00131688 0.000961164 -0.00268246 -0.00130705 0 -0.00169254 -0.00090244 -0.00279773
internal_weight=3692 941 363 179 2751 184 578 194 384 102 2701 240 105 334 122 2461
internal_count=3692 941 363 179 2751 184 578 194 384 102 2701 240 105 334 122 2461
is_linear=0
shrinkage=0.03


Tree=55
num_leaves=12
num_cat=1
split_feature=23 0 11 32 14 12 14 11 27 23 13
split_gain=6.82085 2.28584 1.58462 1.43699 1.08905 0.522229 0.40725 0.307982 0.353331 0.136422 0.109112
threshold=5205.0000000000009 0 349.06735456108873 150.35000000000005 -0.39036798905311365 5794.5333333333338 0.9916835347852474 86.588930319797257 21.325000000000006 6181.0000000000009 6009.669623611343
decision_type=2 9 2 2 2 2 2 2 2 2 2
left_child=5 9 7 4 -4 6 -1 10 -9 -2 -3
right_child=1 2 3 -5 -6 -7 -8 8 -10 -11 -12
leaf_value=-9.3530095444466408 -2.698239975240218 -0.18174047764256926 15.978901086401855 -4.1861432221638042 2.631492297588041 -0.034347295187557268 -6.7440177795562608 3.0402465820768443 0.01715138345022622 -2.4997201736671393 -0.72332766468508713
leaf_weight=2474 230 50 60 51 84 59 73 75 441 54 86
leaf_count=2474 230 50 60 51 84 59 73 75 441 54 86
internal_value=-0.00189567 1.06e-05 0.000832167 0.00321429 0.00477931 -0.00273993 -0.00280455 5.97236e-05 0.000458413 -0.00222712 -0.00111679
internal_weight=3737 1131 847 195 144 2606 2547 652 516 284 136
internal_count=3737 1131 847 195 144 2606 2547 652 516 284 136
cat_boundaries=0 1
cat_threshold=2309
is_linear=0
shrinkage=0.03


Tree=56
num_leaves=12
num_cat=1
split_feature=21 22 0 12 14 22 14 22 14 13 5
split_gain=6.76677 1.94798 0.882303 0.678455 0.528124 0.397274 1.25577 0.311707 0.216242 0.139453 0.107044
threshold=5848.5000000000009 7202.5000000000009 0 5992.2166666666681 0.9916835347852474 6856.0000000000009 0.84313847884979054 5687.5000000000009 -0.79384350655589164 5751.4464560017559 3.5000000000000004
decision_type=2 2 9 2 2 2 2 2 2 2 2
left_child=3 2 5 4 7 6 -2 -1 -5 10 -4
right_child=1 -3 9 8 -6 -7 -8 -9 -10 -11 -12
leaf_value=-8.0980384204845421 0.087024732186770287 14.909309137132013 0.75989086265669292 -21.162084237728514 -4.0447834477179843 -0.48676984424845871 4.976150349903766 -1.0064157176224087 3.2139574716548891 -2.3075913447249574 -2.0702401345798043
leaf_weight=2639 399 77 58 54 75 95 61 62 56 111 50
leaf_count=2639 399 77 58 54 75 95 61 62 56 111 50
internal_value=-0.00190369 0.000401408 0 -0.00259889 -0.00269103 0.000583038 0.00100868 -0.00276018 0 -0.00161739 -0.000357799
internal_weight=3737 851 774 2886 2776 555 460 2701 110 219 108
internal_count=3737 851 774 2886 2776 555 460 2701 110 219 108
cat_boundaries=0 1
cat_threshold=186
is_linear=0
shrinkage=0.03


Tree=57
num_leaves=10
num_cat=0
split_feature=21 22 12 24 12 22 23 13 22
split_gain=6.37281 1.68246 0.666844 0.61096 0.322533 0.315878 0.171092 0.0701963 0.443421
threshold=5848.5000000000009 7202.5000000000009 6121.7500000000009 5506.0000000000009 6713.2000000000016 5600.5000000000009 6127.5000000000009 4520.978998779 4100.5000000000009
decision_type=2 2 2 2 2 2 2 2 2
left_child=2 3 5 -2 6 7 -5 8 -1
right_child=1 -3 -4 4 -6 -7 -8 -9 -10
leaf_value=-37.202984977644014 6.170543083189048 14.462029863018042 -0.26733782023910824 -1.1848959395754153 2.7679385463560759 -1.8662709153483596 -0.043137119444999789 -7.7695709961498585 3.5761750589700045
leaf_weight=101 52 77 74 312 98 96 312 2565 50
leaf_count=101 52 77 74 312 98 96 312 2565 50
internal_value=-0.00190369 0.000330985 -0.00257811 -3.48394e-05 -0.000319503 -0.00265233 -0.000619201 -0.00271734 -0.00130263
internal_weight=3737 851 2886 774 722 2812 624 2716 151
internal_count=3737 851 2886 774 722 2812 624 2716 151
is_linear=0
shrinkage=0.03


Tree=58
num_leaves=12
num_cat=0
split_feature=21 13 12 25 23 19 12 21 16 22 23
split_gain=5.8593 1.36802 1.34301 0.969188 0.53558 0.671348 0.421073 0.315555 0.260308 0.0993752 0.0702435
threshold=5165.5000000000009 5017.9719831328302 6527.1500000000005 26.375000000000004 6127.5000000000009 7.7500000000000027 5794.5333333333338 6500.5000000000009 -0.74514031746906351 5143.0000000000009 5127.5000000000009
decision_type=2 2 2 2 2 2 2 2 2 2 2
left_child=6 -2 4 -4 8 -6 9 -5 -3 10 -1
right_child=1 2 3 7 5 -7 -8 -9 -10 -11 -12
leaf_value=-10.450394364495878 7.3630253796220773 -0.44912164090684908 10.355683252124745 3.3054578098352962 -0.89682328841813452 2.6364076861329502 -6.8093506808753164 -0.26125916825281992 -1.6672175645067955 -2.4703916465240763 -2.5963925849396037
leaf_weight=2370 54 117 53 61 125 141 69 129 499 68 51
leaf_count=2370 54 117 53 61 125 141 69 129 499 68 51
internal_value=-0.00192777 -0.000137289 -0.000399645 0.0015 -0.000975086 0 -0.00273505 0.000235601 -0.00146353 -0.0028 -0.00284393
internal_weight=3737 1179 1125 243 882 266 2558 190 616 2489 2421
internal_count=3737 1179 1125 243 882 266 2558 190 616 2489 2421
is_linear=0
shrinkage=0.03


Tree=59
num_leaves=12
num_cat=1
split_feature=21 0 11 14 14 12 16 19 13 22 23
split_gain=5.33956 1.28451 1.16833 1.06002 0.997664 0.553242 0.340808 0.392626 0.146757 0.105945 0.0781632
threshold=5165.5000000000009 0 334.84208997090906 -0.62588817255938378 -0.35041564478062465 5774.8000000000011 -0.83789107429055565 67.750000000000014 5501.0543552203499 5143.0000000000009 5127.5000000000009
decision_type=2 9 2 2 2 2 2 2 2 2 2
left_child=5 8 6 -4 -5 9 -3 -8 -2 10 -1
right_child=1 2 3 4 -6 -7 7 -9 -10 -11 -12
leaf_value=-10.160880836974393 -1.6946672547192294 -0.82882058214431797 -0.37337230703647645 15.210492470687484 1.9950438689029393 -5.0691589354917923 0.75465925999474037 -1.4899144035811482 -2.5549139293963323 -2.3542798871147714 -2.5184991980660199
leaf_weight=2367 78 97 71 50 100 74 395 161 227 67 50
leaf_count=2367 78 97 71 50 100 74 395 161 227 67 50
internal_value=-0.00195185 -0.000238984 0.000308474 0.00221622 0.0036755 -0.00272333 -0.000266056 0 -0.00189873 -0.0027996 -0.00284367
internal_weight=3737 1179 874 221 150 2558 653 556 305 2484 2417
internal_count=3737 1179 874 221 150 2558 653 556 305 2484 2417
cat_boundaries=0 1
cat_threshold=2309
is_linear=0
shrinkage=0.03


Tree=60
num_leaves=14
num_cat=1
split_feature=11 14 0 7 27 23 17 16 31 14 14 14 14
split_gain=5.29209 1.90136 1.61946 1.46367 1.05463 1.04202 0.205843 0.0336927 0.0136075 0.012161 0.0123154 0.108121 0.0461636
threshold=197.64686675126487 -0.84315017450793706 0 84.500000000000014 25.275000000000002 5777.5000000000009 -0.056952064366225956 0.82048548965790546 56.550000000000011 0.78857998149907527 0.039769539193789977 -0.53493989022977317 0.3261394409934788
decision_type=2 2 9 2 2 2 2 2 2 2 2 2 2
left_child=5 8 3 7 -5 -1 -4 -3 -2 10 11 -7 -12
right_child=1 2 6 4 -6 9 -8 -9 -10 -11 12 -13 -14
leaf_value=-6.868521223914108 -14.676618685881692 -2.4576378719634309 0.055698689440766218 0.86114285383385658 8.0363411159363363 -1.4269343606726523 -4.7677305096963964 -0.062233675580010174 -8.0007732499171507 -0.15030153349889888 -2.110735193032323 -0.036214147117943664 -0.1803124300467577
leaf_weight=2433 143 55 53 106 216 51 123 50 50 58 109 113 106
leaf_count=2433 143 55 53 106 216 51 123 50 50 58 109 113 106
internal_value=-0.00189065 0.000222082 0.00110265 0.00210959 0.00318576 -0.00249216 -0.00113904 -0.000566038 -0.00228866 -0.000972603 -0.0010579 -0.000345455 -0.00138889
internal_weight=3666 796 603 427 322 2870 176 105 193 437 379 164 215
internal_count=3666 796 603 427 322 2870 176 105 193 437 379 164 215
cat_boundaries=0 1
cat_threshold=234
is_linear=0
shrinkage=0.03


Tree=61
num_leaves=12
num_cat=1
split_feature=23 0 13 12 7 19 17 29 14 33 15
split_gain=5.14758 1.97773 1.35761 0.689103 0.931592 0.62813 0.453258 0.295746 0.280497 0.223799 0.00913339
threshold=5197.5000000000009 0 5560.0839469329667 5322.3666666666677 298.50000000000006 227.05000000000004 0.34235372601783864 30.550000000000004 0.9916835347852474 5.1050000000000013 -0.82899557272681157
decision_type=2 9 2 2 2 2 2 2 2 2 2
left_child=3 2 7 8 -5 6 -4 -2 -1 10 -3
right_child=1 9 5 4 -6 -7 -8 -9 -10 -11 -12
leaf_value=-8.5664980209350485 14.422649801978968 -1.3373457005909193 -0.19477262055019468 -7.8780752667328544 2.8479950316302403 -2.4644915181489009 1.133011066943673 0.38632107573937807 -5.950873961775951 -0.61190812121192428 -2.6124168377414225
leaf_weight=2308 62 69 281 99 50 89 274 51 65 68 250
leaf_count=2308 62 69 281 99 50 89 274 51 65 68 250
internal_value=-0.0018661 -0.000154586 0.000695312 -0.00262426 -0.000280001 9.76737e-05 0.000539568 0.00373684 -0.00275232 -0.0018995 -0.0022875
internal_weight=3666 1144 757 2522 149 644 555 113 2373 387 319
internal_count=3666 1144 757 2522 149 644 555 113 2373 387 319
cat_boundaries=0 1
cat_threshold=234
is_linear=0
shrinkage=0.03


Tree=62
num_leaves=12
num_cat=0
split_feature=21 21 14 21 23 21 16 16 22 7 22
split_gain=5.22259 1.64133 1.09721 2.23057 0.438497 0.351702 0.198012 0.118344 0.146681 0.278938 0.0732143
threshold=5165.5000000000009 7202.5000000000009 0.78857998149907527 6736.0000000000009 5197.5000000000009 6679.0000000000009 -0.77719744692517556 -0.95468869869168038 4441.5000000000009 310.50000000000006 5127.5000000000009
decision_type=2 2 2 2 2 2 2 2 2 2 2
left_child=4 2 5 -4 7 6 -2 8 -1 -10 -9
right_child=1 -3 3 -5 -6 -7 -8 10 9 -11 -12
leaf_value=-25.515002142224603 -0.58827466938823392 14.857188130235878 5.9265415241101858 -0.54728627001241215 -2.5407615196605242 0.66533285477135606 -1.3128409568753565 -9.3294600821660367 -12.015002142224603 0.72014341163335682 -1.5896007078774528
leaf_weight=101 163 80 99 93 64 80 645 2158 56 77 50
leaf_count=101 163 80 99 93 64 80 645 2158 56 77 50
internal_value=-0.00187428 -0.000167959 -0.000513414 0.0014456 -0.00264579 -0.000988752 -0.00119778 -0.00271019 -0.00151915 -0.000402986 -0.0028153
internal_weight=3666 1160 1080 192 2506 888 808 2442 234 133 2208
internal_count=3666 1160 1080 192 2506 888 808 2442 234 133 2208
is_linear=0
shrinkage=0.03


Tree=63
num_leaves=14
num_cat=1
split_feature=22 11 20 12 0 14 15 15 20 6 12 11 26
split_gain=4.79513 1.51902 2.07375 1.11251 0.533257 0.374674 0.224677 0.339055 0.296649 0.194207 0.851053 0.149722 0.112942
threshold=5600.5000000000009 334.84208997090906 27.282142857142862 6016.5500000000002 0 0.9916835347852474 0.50370931781787065 0.95436825032516992 26.782142857142862 10.500000000000002 5029.1833333333343 574.75301003055085 4.0500000000000007
decision_type=2 2 2 2 9 2 2 2 2 2 2 2 2
left_child=3 4 11 5 6 9 8 -8 -2 -1 -11 -3 -6
right_child=1 2 -4 -5 12 -7 7 -9 -10 10 -12 -13 -14
leaf_value=-8.077953590206846 -1.3709790828740371 2.2434392263209335 13.46987827243281 1.4068445032875077 -2.0070337781772287 -3.0439243480468705 4.1075854576529398 -0.36704619889134132 -0.015223817633063543 -6.1170379966874222 0.101137320899015 -6.3435959502249437 -1.2561558939845778
leaf_weight=1995 83 71 97 65 168 68 83 69 240 487 127 63 50
leaf_count=1995 83 71 97 65 168 68 83 69 240 487 127 63 50
internal_value=-0.00184974 0 0.00212069 -0.0024794 -0.000682998 -0.00257879 -6.99067e-10 0.000843137 -0.000537038 -0.00263678 -0.00189756 0 -0.00187336
internal_weight=3666 924 231 2742 693 2677 475 152 323 2609 614 134 218
internal_count=3666 924 231 2742 693 2677 475 152 323 2609 614 134 218
cat_boundaries=0 1
cat_threshold=122
is_linear=0
shrinkage=0.03


Tree=64
num_leaves=14
num_cat=0
split_feature=22 11 20 12 14 22 7 22 11 26 7 12 13
split_gain=4.50662 1.30244 1.65773 1.10589 0.370817 0.273526 0.262724 0.244896 0.233269 0.21213 0.202379 0.873013 0.0578939
threshold=5600.5000000000009 368.28238766224405 27.282142857142862 6016.5500000000002 0.9916835347852474 6150.5000000000009 178.50000000000003 6666.0000000000009 574.75301003055085 10.950000000000001 306.50000000000006 5029.1833333333343 5757.417855053387
decision_type=2 2 2 2 2 2 2 2 2 2 2 2 2
left_child=3 5 8 4 10 9 7 -7 -3 12 -1 -12 -2
right_child=1 2 -4 -5 -6 6 -8 -9 -10 -11 11 -13 -14
leaf_value=-7.8399546269783329 -0.32716138470869122 3.1935327415149608 13.354471924034183 1.3646391681888925 -2.9526066176054648 0.26935084925901304 11.881201987109272 -0.5356965338338513 -6.1532880717181708 0.017296126894413198 -5.8858220350439847 0.14428593075349652 -1.3298497311165483
leaf_weight=2011 90 51 74 65 68 142 59 150 63 72 475 123 223
leaf_count=2011 90 51 74 65 68 142 59 150 63 72 475 123 223
internal_value=-0.00185792 0 0.0021746 -0.00246847 -0.00256759 -0.000614655 0 -0.00037884 0 -0.0011658 -0.00262529 -0.00186811 -0.00150955
internal_weight=3666 924 188 2742 2677 736 351 292 114 385 2609 598 313
internal_count=3666 924 188 2742 2677 736 351 292 114 385 2609 598 313
is_linear=0
shrinkage=0.03


Tree=65
num_leaves=17
num_cat=1
split_feature=21 11 7 21 23 13 12 0 29 19 16 7 21 19 12 7
split_gain=5.38563 1.44873 1.29522 0.760748 1.18898 0.828267 0.655811 0.523752 0.435209 0.410878 0.568531 0.348831 0.218374 0.0723216 0.0413421 0.01355
threshold=5848.5000000000009 368.28238766224405 222.50000000000003 4925.5000000000009 4843.0000000000009 5910.2800014797294 4802.0333333333338 0 20.925000000000001 36.45000000000001 -0.20075075429075132 179.50000000000003 6001.0000000000009 1.4999999999999984 5587.3333333333348 285.50000000000006
decision_type=2 2 2 2 2 2 2 9 2 2 2 2 2 2 2 2
left_child=3 7 -3 5 -5 14 -6 11 -8 10 -9 13 -11 -2 -1 -7
right_child=1 2 -4 4 6 15 8 9 -10 12 -12 -13 -14 -15 -16 -17
leaf_value=-12.678570745988536 -0.52505676175429861 13.360083722705458 -0.61463148861733663 5.3160479499035436 3.6948334221244687 -6.8412707591077737 0.14392479818062501 -0.13266560175146377 -2.6479004126665151 0.041608654506588474 2.8698119048426531 -0.061038401650779388 -1.9170100722975791 -2.5318132401181095 -4.1252677951329799 2.0727635342663233
leaf_weight=2042 56 89 74 50 50 53 50 145 525 52 135 94 62 147 56 52
leaf_count=2042 56 89 74 50 50 53 50 145 525 52 135 94 62 147 56 52
internal_value=-0.0018299 0.000214034 0.00278049 -0.00245189 -0.00142012 -0.00274682 -0.00182109 -0.00032948 -0.00213542 0.000303703 0.00101423 -0.00128571 -0.00101739 -0.00202941 -0.00287709 0
internal_weight=3732 854 163 2878 675 2203 625 691 575 394 280 297 114 203 2098 105
internal_count=3732 854 163 2878 675 2203 625 691 575 394 280 297 114 203 2098 105
cat_boundaries=0 1
cat_threshold=263
is_linear=0
shrinkage=0.03


Tree=66
num_leaves=15
num_cat=0
split_feature=21 11 7 21 23 13 12 29 5 23 16 12 12 7
split_gain=5.11671 1.30953 1.2331 0.760748 1.18898 0.828267 0.655811 0.435209 0.345842 0.27233 0.271129 0.179676 0.0413421 0.01355
threshold=5848.5000000000009 379.04176518061155 222.50000000000003 4925.5000000000009 4843.0000000000009 5910.2800014797294 4802.0333333333338 20.925000000000001 1.0000000180025095e-35 5951.0000000000009 -0.16693488597178294 6347.9000000000005 5587.3333333333348 285.50000000000006
decision_type=2 2 2 2 2 2 2 2 2 2 2 2 2 2
left_child=3 8 -3 5 -5 12 -6 -8 11 -10 -11 -2 -1 -7
right_child=1 2 -4 4 6 13 7 -9 9 10 -12 -13 -14 -15
leaf_value=-12.298213623608881 2.3107376488073208 14.046718098861458 -0.59619254395881749 5.156566511406429 3.5839884194607414 -6.636032636334539 0.13960705423520384 -2.5684634002865119 -1.3008469643812663 -0.55367705709874737 0.20938575138485929 -0.49932537629813389 -4.0015097612789789 2.0105806282383307
leaf_weight=2042 85 82 74 50 50 53 50 525 117 213 232 51 56 52
leaf_count=2042 85 82 74 50 50 53 50 525 117 213 232 51 56 52
internal_value=-0.00184597 0.000143859 0.00265605 -0.00245189 -0.00142012 -0.00274682 -0.00182109 -0.00213542 -0.000356224 -0.000730018 -0.000269059 0.000854014 -0.00287709 0
internal_weight=3732 854 156 2878 675 2203 625 575 698 562 445 136 2098 105
internal_count=3732 854 156 2878 675 2203 625 575 698 562 445 136 2098 105
is_linear=0
shrinkage=0.03


Tree=67
num_leaves=10
num_cat=1
split_feature=23 10 0 16 25 11 19 16 22
split_gain=4.71692 1.35016 0.783192 0.719146 1.70544 0.500895 0.423298 0.539317 0.225599
threshold=5197.5000000000009 7089.6428571428578 0 -0.90163369914317015 24.375000000000004 180.27756377317687 286.75000000000006 -0.82958102951528834 5165.5000000000009
decision_type=2 2 9 2 2 2 2 2 2
left_child=3 2 -2 4 -1 -6 7 -4 -5
right_child=1 -3 6 8 5 -7 -8 -9 -10
leaf_value=5.2938695237889206 -1.8544438225026998 13.635332128231077 -0.84333928337260955 -7.8027576805365619 -7.6060173115339289 0.08391093785071066 -1.3781416814557594 0.52409042050173749 -0.70455351608641903
leaf_weight=69 276 75 164 2154 237 51 83 570 53
leaf_count=69 276 75 164 2154 237 51 83 570 53
internal_value=-0.00186204 -0.000238666 -0.000542962 -0.00258363 -0.00110615 -0.00221107 -7.24708e-06 0.000167346 -0.00280163
internal_weight=3732 1168 1093 2564 357 288 817 734 2207
internal_count=3732 1168 1093 2564 357 288 817 734 2207
cat_boundaries=0 1
cat_threshold=261
is_linear=0
shrinkage=0.03


Tree=68
num_leaves=11
num_cat=1
split_feature=21 21 12 0 12 11 7 12 21 11
split_gain=5.0281 1.56409 1.36936 0.72925 0.530355 0.437608 0.307095 0.159978 0.109294 0.771792
threshold=5100.5000000000009 7377.5000000000009 4789.2333333333345 0 5356.1000000000013 92.170388989329737 293.50000000000006 6713.2000000000016 4925.5000000000009 111.76974124350413
decision_type=2 2 2 9 2 2 2 2 2 2
left_child=4 2 -2 7 8 -5 -6 -4 -1 -10
right_child=1 -3 3 5 6 -7 -8 -9 9 -11
leaf_value=-11.325965788180168 8.4074381596401189 14.236558698987478 -1.63255388466504 -1.2229874602181696 -6.0100204069381027 0.17400855942081286 2.9211051591404287 -0.15647882094106347 -2.7070088288829539 5.2805899672131833
leaf_weight=2084 53 58 482 110 101 492 50 50 194 58
leaf_count=2084 53 58 482 110 101 492 50 50 194 58
internal_value=-0.00186204 -0.000264848 -0.000535354 -0.000790309 -0.00264309 0 -0.000513159 -0.00158564 -0.00276123 -0.00162451
internal_weight=3732 1245 1187 1134 2487 602 151 532 2336 252
internal_count=3732 1245 1187 1134 2487 602 151 532 2336 252
cat_boundaries=0 1
cat_threshold=2311
is_linear=0
shrinkage=0.03


Tree=69
num_leaves=12
num_cat=1
split_feature=23 0 10 16 12 13 11 16 22 11 33
split_gain=4.76515 1.17856 0.949092 0.637588 2.13475 0.400092 0.494937 0.405644 0.222905 0.0900158 0.0895393
threshold=5197.5000000000009 0 7089.6428571428578 -0.91895236716066997 5029.1833333333343 5757.417855053387 86.588930319797257 -0.2270106897347694 5165.5000000000009 148.00119912941511 4.9050000000000011
decision_type=2 9 2 2 2 2 2 2 2 2 2
left_child=3 10 5 4 9 7 -7 -3 -5 -1 -2
right_child=1 2 -4 8 -6 6 -8 -9 -10 -11 -12
leaf_value=-8.4596553754464594 -1.7822963775315082 -0.10662782834902158 13.234958909040303 -7.439954204910844 6.8182015557351763 -0.9396443418608591 -0.022987443197157897 6.099913411926507 -0.63444029406389091 -6.2046285951672075 -1.0652603049883214
leaf_weight=203 229 119 70 2187 60 121 497 80 53 61 52
leaf_count=203 229 119 70 2187 60 121 497 80 53 61 52
internal_value=-0.00187008 -0.000238666 0.000260578 -0.00259532 -0.00109846 0 -0.000402262 0.00114 -0.00279117 -0.00236604 -0.00191096
internal_weight=3732 1168 887 2564 324 817 618 199 2240 264 281
internal_count=3732 1168 887 2564 324 817 618 199 2240 264 281
cat_boundaries=0 1
cat_threshold=261
is_linear=0
shrinkage=0.03


Tree=70
num_leaves=16
num_cat=0
split_feature=23 11 15 7 7 13 13 23 13 5 13 20 7 23 16
split_gain=3.67132 0.98873 0.849724 2.21896 0.719149 0.947932 0.73375 1.11966 0.396561 0.380837 0.393984 0.25717 0.212811 0.17367 0.0888311
threshold=6127.5000000000009 136.38477665064894 -0.81925291736142491 178.50000000000003 306.50000000000006 4783.1153153153164 5525.0348588135976 4899.5000000000009 6146.8112244897975 1.5000000000000002 6034.6654411764712 21.51428571428572 361.50000000000006 6555.0000000000009 -0.63920832810365547
decision_type=2 2 2 2 2 2 2 2 2 2 2 2 2 2 2
left_child=1 8 3 -2 5 -3 -6 -8 12 10 -4 -7 -1 -11 -15
right_child=2 4 9 -5 6 11 7 -9 -10 13 -12 -13 -14 14 -16
leaf_value=-5.2974044067665123 -0.73161071498312746 5.2353021307789991 -1.4162885849445235 16.520699896358948 -7.494363789183744 -0.44390668824395868 5.0259713561353241 -0.90636425202815707 -0.92007294965731601 -0.081582605464397273 2.9068427699808739 -5.0283106967443274 -0.4380953161756409 -0.69122041136025314 -1.2303888727095753
leaf_weight=2180 87 51 66 50 99 59 52 134 71 95 76 502 54 52 90
leaf_count=2180 87 51 66 50 99 59 52 134 71 95 76 502 54 52 90
internal_value=-0.00198683 -0.00236684 0.000284332 0.00234783 -0.0014098 -0.00199184 -7.12755e-10 0.000946523 -0.00271899 -0.000347369 0.000692307 -0.00238078 -0.0027906 -0.00115966 -0.00182518
internal_weight=3718 3202 516 137 897 612 285 186 2305 379 142 561 2234 237 142
internal_count=3718 3202 516 137 897 612 285 186 2305 379 142 561 2234 237 142
is_linear=0
shrinkage=0.03


Tree=71
num_leaves=13
num_cat=1
split_feature=21 12 14 29 20 0 25 29 12 7 24 29
split_gain=4.03047 1.0921 0.721347 1.66309 0.681954 1.31314 1.15222 0.416967 0.241984 1.43894 0.186139 0.171274
threshold=5100.5000000000009 6713.2000000000016 -0.63255557784149707 33.475000000000009 27.360714285714288 0 29.325000000000006 19.525000000000002 5029.1833333333343 306.50000000000006 6013.0000000000009 28.875000000000004
decision_type=2 2 2 2 2 9 2 2 2 2 2 2
left_child=8 4 -3 -4 7 6 -6 -2 -1 -10 -9 -7
right_child=1 2 3 -5 5 11 -8 10 9 -11 -12 -13
leaf_value=-10.302295099744342 0.38635960379591799 -1.9718023864045819 11.789968488576459 -0.5119695158451526 13.175187922254292 0.12469553832034279 0.03424252531482317 -1.3235672545062949 -3.4888023287522794 4.9988697114140503 -0.80357213489273738 -2.2559899118805373
leaf_weight=2118 54 55 52 58 50 50 80 493 300 60 230 118
leaf_count=2118 54 55 52 58 50 50 80 493 300 60 230 118
internal_value=-0.00198683 -0.000543917 0.00162651 0.00310811 -0.000920075 0.000170568 0.00244681 -0.00139589 -0.0026902 -0.0016205 -0.00160774 -0.00139106
internal_weight=3718 1240 165 110 1075 298 130 777 2478 360 723 168
internal_count=3718 1240 165 110 1075 298 130 777 2478 360 723 168
cat_boundaries=0 1
cat_threshold=360
is_linear=0
shrinkage=0.03


Tree=72
num_leaves=10
num_cat=0
split_feature=21 13 12 14 29 29 13 16 10
split_gain=3.68876 1.15254 1.3303 0.65714 1.47778 0.357326 0.342274 0.313669 0.309464
threshold=5014.5000000000009 5002.987946264263 6713.2000000000016 -0.62588817255938378 33.475000000000009 19.525000000000002 5910.2800014797294 -0.21967031843447349 4932.5000000000009
decision_type=2 2 2 2 2 2 2 2 2
left_child=6 -2 5 -4 -5 -3 -1 -8 -7
right_child=1 2 3 4 -6 8 7 -9 -10
leaf_value=-9.2986383454371282 6.0377153871802545 0.35995489441209849 -1.7704874445818828 11.615171551872734 -0.49661043036978697 2.1298059635041438 2.1669057728598209 -4.9574119922681401 -1.1002572970092719
leaf_weight=2228 68 56 56 51 58 53 57 62 1029
leaf_count=2228 68 56 56 51 58 53 57 62 1029
internal_value=-0.00199489 -0.000712829 -0.000938651 0.00144578 0.00289091 -0.00132485 -0.00272402 -0.000600001 -0.00145983
internal_weight=3718 1371 1303 165 109 1138 2347 119 1082
internal_count=3718 1371 1303 165 109 1138 2347 119 1082
is_linear=0
shrinkage=0.03


Tree=73
num_leaves=14
num_cat=0
split_feature=21 11 5 14 14 17 25 12 16 25 10 12 29
split_gain=3.51966 0.918856 0.906483 0.628281 0.436996 0.430803 0.221 0.189806 0.3176 0.183975 0.178349 0.0921505 0.0398435
threshold=5014.5000000000009 146.38501094227942 1.5000000000000002 0.84313847884979054 -0.40614700388750385 0.94705089305139489 26.275000000000002 5233.0500000000002 -0.27694476165744958 23.225000000000005 6788.0714285714294 6491.8000000000011 25.375000000000004
decision_type=2 2 2 2 2 2 2 2 2 2 2 2 2
left_child=7 5 3 4 -3 11 9 -1 -9 -4 -8 -2 -7
right_child=1 2 6 -5 -6 12 10 8 -10 -11 -12 -13 -14
leaf_value=-8.964267096388884 -1.4696820178749981 6.7292793791864476 -0.58399173268046867 4.8960846939154257 -0.26741371231412675 -0.36028671512262755 -1.1324689825972598 0.84666573430630709 -5.7209221043777996 2.2089897973567658 -0.20904348770226575 -0.39349703915283007 0.81662724095588834
leaf_weight=2198 447 85 126 61 128 56 170 70 79 120 63 51 64
leaf_count=2198 447 85 126 61 128 56 170 70 79 120 63 51 64
internal_value=-0.00201103 -0.00075656 0 0.00132 0.000308411 -0.00161389 -0.000837501 -0.00272402 -0.00108 -1.21465e-05 -0.00151282 -0.002002 0
internal_weight=3718 1371 753 274 213 618 479 2347 149 246 233 498 120
internal_count=3718 1371 753 274 213 618 479 2347 149 246 233 498 120
is_linear=0
shrinkage=0.03


Tree=74
num_leaves=13
num_cat=0
split_feature=22 11 5 14 17 13 16 14 22 25 12 29
split_gain=3.40424 0.896324 0.699391 0.680947 0.446865 0.368322 0.388423 0.300588 0.201552 0.207389 0.094647 0.0298788
threshold=5001.0000000000009 146.38501094227942 1.5000000000000002 0.85673801594079257 0.94705089305139489 5910.2800014797294 -0.49813403728436417 -0.40614700388750385 7050.5000000000009 24.775000000000002 6491.8000000000011 25.375000000000004
decision_type=2 2 2 2 2 2 2 2 2 2 2 2
left_child=5 4 3 7 10 -1 -7 -3 9 -4 -2 -6
right_child=1 2 8 -5 11 6 -8 -9 -10 -11 -12 -13
leaf_value=-8.7220128369840921 -1.3881353339185152 6.5041255624063661 -0.20151358913350623 4.7492024644022308 -0.32750362344845491 4.0164957145119331 -4.8278014661191078 -0.25083557101733278 5.762101911035292 -1.1187765535085725 -0.3816921279782442 0.78600944371735482
leaf_weight=2226 455 86 173 51 54 50 65 136 57 249 51 65
leaf_count=2226 455 86 173 51 54 50 65 136 57 249 51 65
internal_value=-0.00201909 -0.000788099 -2.78892e-05 0.00111679 -0.00162939 -0.00272331 -0.000517242 0.000174887 -0.000775001 -0.00104255 -0.00201775 0
internal_weight=3718 1377 752 273 625 2341 115 222 479 422 506 119
internal_count=3718 1377 752 273 625 2341 115 222 479 422 506 119
is_linear=0
shrinkage=0.03


Tree=75
num_leaves=10
num_cat=0
split_feature=21 13 21 13 16 12 21 22 11
split_gain=4.21884 0.853965 0.930641 0.42829 0.370146 0.310339 0.637854 0.257846 0.182871
threshold=5100.5000000000009 5002.987946264263 7505.0000000000009 5910.2800014797294 -0.58482091572441486 6680.9333333333343 6555.0000000000009 5014.5000000000009 56.721955255145737
decision_type=2 2 2 2 2 2 2 2 2
left_child=3 -2 5 7 -5 8 -7 -1 -3
right_child=1 2 -4 4 -6 6 -8 -9 -10
leaf_value=-8.5346139575616515 11.108975874540059 -1.2897478091832544 12.044802579893704 2.8238435423805579 -3.1345246637775555 5.0768585622722417 -0.84427839388944959 -1.0535798179500468 -0.63583293919657946
leaf_weight=2194 57 141 51 50 115 51 82 135 847
leaf_count=2194 57 141 51 50 115 51 82 135 847
internal_value=-0.00190763 -0.000424391 -0.000631714 -0.00262004 -0.000722892 -0.000844921 0.000268656 -0.00273476 -0.00104045
internal_weight=3723 1229 1172 2494 165 1121 133 2329 988
internal_count=3723 1229 1172 2494 165 1121 133 2329 988
is_linear=0
shrinkage=0.03


Tree=76
num_leaves=10
num_cat=0
split_feature=21 21 13 23 11 20 13 16 22
split_gain=3.98082 0.793831 0.772127 0.405997 0.276717 0.418448 0.141946 0.941677 0.0573743
threshold=5100.5000000000009 7505.0000000000009 5002.987946264263 5120.5000000000009 65.283265557937924 25.360714285714288 5694.5472096267886 -0.90163369914317015 5026.0000000000009
decision_type=2 2 2 2 2 2 2 2 2
left_child=3 2 -2 6 -4 -6 8 -8 -1
right_child=1 -3 4 -5 5 -7 7 -9 -10
leaf_value=-9.6110350280759551 10.946042007146064 11.655192535875686 -1.0233162818614967 -0.62180427706247532 0.040297022377278738 -0.71525768283248126 4.270143952351181 -3.3039643383640525 -1.0661092436216295
leaf_weight=1960 56 52 193 83 431 497 60 339 52
leaf_count=1960 56 52 193 83 431 497 60 339 52
internal_value=-0.00189152 -0.000448781 -0.000641766 -0.00258397 -0.000844921 -0.000558666 -0.00265672 -0.001755 -0.00281222
internal_weight=3723 1229 1177 2494 1121 928 2411 399 2012
internal_count=3723 1229 1177 2494 1121 928 2411 399 2012
is_linear=0
shrinkage=0.03


Tree=77
num_leaves=11
num_cat=1
split_feature=21 21 12 12 7 0 21 24 13 13
split_gain=3.93479 0.793831 0.636304 0.437706 1.40049 0.356921 0.415204 0.40977 0.0486851 0.00759833
threshold=5100.5000000000009 7505.0000000000009 4789.2333333333345 5029.1833333333343 306.50000000000006 0 6433.5000000000009 6450.5000000000009 5882.6226024631551 4482.9200805322134
decision_type=2 2 2 2 2 9 2 2 2 2
left_child=3 2 -2 8 -5 7 -7 -4 9 -1
right_child=1 -3 5 4 -6 6 -8 -9 -10 -11
leaf_value=-12.110894274236472 8.8483826872474314 11.305536759799399 0.14994047471854993 -2.4871159221221455 7.1419093517097538 -1.216669922507629 1.6519923209063418 -0.71879706809720656 -1.701576744761677 -8.6393092288185738
leaf_weight=117 53 52 378 321 55 458 109 179 52 1949
leaf_count=117 53 52 378 321 55 458 109 179 52 1949
internal_value=-0.00188346 -0.000448781 -0.000641766 -0.00257194 -0.00136074 -0.000824001 -0.00135986 -0.000169015 -0.00276498 -0.00280261
internal_weight=3723 1229 1177 2494 376 1124 567 557 2118 2066
internal_count=3723 1229 1177 2494 376 1124 567 557 2118 2066
cat_boundaries=0 1
cat_threshold=154
is_linear=0
shrinkage=0.03


Tree=78
num_leaves=10
num_cat=0
split_feature=21 21 12 12 7 12 24 7 23
split_gain=3.88902 0.793831 0.636304 0.424908 1.40049 0.333165 0.533858 0.220163 0.100745
threshold=5100.5000000000009 7505.0000000000009 4789.2333333333345 5029.1833333333343 306.50000000000006 5992.2166666666681 5897.5000000000009 21.500000000000004 4964.0000000000009
decision_type=2 2 2 2 2 2 2 2 2
left_child=3 2 -2 8 -5 7 -7 -4 -1
right_child=1 -3 5 4 -6 6 -8 -9 -10
leaf_value=-9.1301299519540038 8.5829312066300183 10.966370657005427 -0.091990829782145109 -2.4125024444584846 6.9276520711584624 2.2935732595911396 -0.42436349483019126 -1.0844658146129313 -2.4636227485750499
leaf_weight=2028 53 52 64 321 55 75 517 468 90
leaf_count=2028 53 52 64 321 55 75 517 468 90
internal_value=-0.0018754 -0.000448781 -0.000641766 -0.00255992 -0.00136074 -0.000824001 -0.000237775 -0.00139024 -0.00275083
internal_weight=3723 1229 1177 2494 376 1124 592 532 2118
internal_count=3723 1229 1177 2494 376 1124 592 532 2118
is_linear=0
shrinkage=0.03


Tree=79
num_leaves=10
num_cat=0
split_feature=22 21 13 13 27 12 20 7 12
split_gain=3.90395 0.848742 0.946737 0.548532 0.500786 0.402164 0.492624 0.36761 0.028768
threshold=5001.0000000000009 7505.0000000000009 4925.3565712584214 5910.2800014797294 25.325000000000006 5992.2166666666681 23.646428571428576 320.50000000000006 5587.3333333333348
decision_type=2 2 2 2 2 2 2 2 2
left_child=3 2 -2 8 -5 6 -4 -7 -1
right_child=1 -3 5 4 -6 7 -8 -9 -10
leaf_value=-7.6562260533953941 9.1878608997357514 10.637379537295242 -0.35147901805085741 3.695416262221237 -7.5879330466432435 -0.27292979304126752 -1.4635017745488452 4.226504268123616 -4.1088342521265293
leaf_weight=2158 52 52 316 59 67 538 368 59 54
leaf_count=2158 52 52 316 59 67 538 368 59 54
internal_value=-0.00186735 -0.000562771 -0.000737632 -0.00262035 -0.000259843 -0.000926678 -0.00144088 -0.00026087 -0.0027343
internal_weight=3723 1385 1333 2338 126 1281 684 597 2212
internal_count=3723 1385 1333 2338 126 1281 684 597 2212
is_linear=0
shrinkage=0.03


Tree=80
num_leaves=9
num_cat=0
split_feature=21 22 13 12 24 21 24 13
split_gain=3.19132 0.95157 0.908239 0.784935 0.307564 0.329518 0.0648356 0.0096323
threshold=5001.0000000000009 7252.5000000000009 5036.8504719525363 5448.0833333333339 4719.5000000000009 5897.5000000000009 5227.5000000000009 5947.017150928169
decision_type=2 2 2 2 2 2 2 2
left_child=3 2 -2 7 -4 -6 -5 -1
right_child=1 -3 4 6 5 -7 -8 -9
leaf_value=-7.1990882480100682 5.6835690910401313 7.696705664772546 0.66666489619732572 2.2374317249729514 -1.2604000105614086 -0.34321934488684458 -4.4879349270657043 -3.3830681686192907
leaf_weight=2186 65 67 55 56 507 661 63 57
leaf_count=2186 65 67 55 56 507 661 63 57
internal_value=-0.00193814 -0.000730089 -0.000937937 -0.00261151 -0.00114706 -0.00126518 0 -0.00273797
internal_weight=3717 1355 1288 2362 1223 1168 119 2243
internal_count=3717 1355 1288 2362 1223 1168 119 2243
is_linear=0
shrinkage=0.03


Tree=81
num_leaves=9
num_cat=0
split_feature=22 22 24 22 18 15 16 11
split_gain=3.36448 0.864533 0.593518 0.304477 0.459864 0.348723 0.239025 0.720226
threshold=4964.0000000000009 7252.5000000000009 4765.5000000000009 5853.5000000000009 6.3000000000000043 0.99249573635719013 -0.93197223986804445 121.24993727468393
decision_type=2 2 2 2 2 2 2 2
left_child=6 2 -2 5 -5 -4 7 -1
right_child=1 -3 3 4 -6 -7 -8 -9
leaf_value=-6.7316392670780294 3.0658352958099071 7.3484896855104163 -1.1637222459030456 -0.038761140147610486 -1.0643198182373976 0.03164789997270822 -8.3524473573869908 1.0241111693497758
leaf_weight=178 79 70 515 462 265 58 1995 95
leaf_count=178 79 70 515 462 265 58 1995 95
internal_value=-0.00190586 -0.000732415 -0.00092174 -0.00109531 -0.000585166 -0.00166202 -0.00263508 -0.00140146
internal_weight=3717 1449 1379 1300 727 573 2268 273
internal_count=3717 1449 1379 1300 727 573 2268 273
is_linear=0
shrinkage=0.03


Tree=82
num_leaves=9
num_cat=0
split_feature=22 22 12 12 16 20 11 23
split_gain=3.4731 0.839429 0.98629 0.733984 0.333075 0.280135 0.346343 0.311212
threshold=4964.0000000000009 7252.5000000000009 4789.2333333333345 5322.3666666666677 -0.55657263146136127 23.746428571428577 117.00630833626164 6792.5000000000009
decision_type=2 2 2 2 2 2 2 2
left_child=3 2 -2 -1 -5 6 -4 -7
right_child=1 -3 5 4 -6 7 -8 -9
leaf_value=-7.623483110565104 3.0152431871073389 7.1280349949451232 -0.85643634405837155 3.7175226485370843 -4.0149932135485473 -1.0780095121072304 0.16764869150954709 -0.17330570975452947
leaf_weight=2143 69 70 268 50 75 673 219 150
leaf_count=2143 69 70 268 50 75 673 219 150
internal_value=-0.00188166 -0.000691035 -0.000878262 -0.00262186 -7.09579e-10 -0.00108696 -0.000381148 -0.00144903
internal_weight=3717 1449 1379 2268 125 1310 487 823
internal_count=3717 1449 1379 2268 125 1310 487 823
is_linear=0
shrinkage=0.03


Tree=83
num_leaves=12
num_cat=0
split_feature=21 22 12 13 20 20 27 12 13 13 13
split_gain=3.33526 0.896757 0.869377 0.853132 0.415993 0.362265 0.619819 0.232928 0.0380762 0.00112831 0.041197
threshold=5001.0000000000009 7252.5000000000009 5114.2333333333345 5036.8504719525363 25.317857142857147 25.360714285714288 25.925000000000008 6605.5166666666673 6065.5990829346101 5694.5472096267886 5736.5654984840385
decision_type=2 2 2 2 2 2 2 2 2 2 2
left_child=2 3 9 -2 -4 6 -5 -7 -6 -1 -11
right_child=1 -3 4 5 8 7 -8 -9 -10 10 -12
leaf_value=-8.2209786777047906 5.3306296638214059 7.0315087544157571 1.8623516392785282 -0.83491316290851636 -5.5346116554418812 -0.99860136996384097 2.1747283484359929 -0.43096811920665956 -3.3642511928625849 -2.2049030344823817 -3.1695942899096528
leaf_weight=1938 65 67 58 590 94 435 68 130 50 53 169
leaf_count=1938 65 67 58 590 94 435 68 130 50 53 169
internal_value=-0.00187359 -0.000641594 -0.00256073 -0.000844842 -0.000399015 -0.00104902 -0.000468893 -0.00164311 -0.00142759 -0.00274179 -0.00170852
internal_weight=3717 1355 2362 1288 202 1223 658 565 144 2160 222
internal_count=3717 1355 2362 1288 202 1223 658 565 144 2160 222
is_linear=0
shrinkage=0.03


Tree=84
num_leaves=10
num_cat=0
split_feature=22 13 12 22 20 15 13 14 13
split_gain=3.41255 1.01642 0.866873 0.832268 0.388454 0.765976 0.282999 0.232459 0.0533128
threshold=4925.5000000000009 5068.2539717529262 5322.3666666666677 7252.5000000000009 25.360714285714288 0.61067742788105683 6198.3207479045786 -0.95500086777008153 5904.2916294177257
decision_type=2 2 2 2 2 2 2 2 2
left_child=2 -2 8 4 5 -3 -6 -4 -1
right_child=1 3 7 -5 6 -7 -8 -9 -10
leaf_value=-7.8237794055753582 2.8981664746712275 2.9183849072419727 -5.5227504194928363 6.8205634917833082 -1.0720688842413306 -0.80593860433447595 -0.50122395700165501 3.7498446690370808 -4.3087480902069331
leaf_weight=2041 72 63 51 67 487 670 155 60 51
leaf_count=2041 72 63 51 67 487 670 155 60 51
internal_value=-0.00184938 -0.000710892 -0.00261071 -0.000908525 -0.00109012 -0.000523161 -0.00166563 0 -0.00274773
internal_weight=3717 1514 2203 1442 1375 733 642 111 2092
internal_count=3717 1514 2203 1442 1375 733 642 111 2092
is_linear=0
shrinkage=0.03


Tree=85
num_leaves=15
num_cat=0
split_feature=21 12 7 10 15 21 23 11 14 19 19 29 24 7
split_gain=4.03595 1.10052 1.46568 1.59681 0.810043 2.41301 0.569505 0.360242 0.29889 0.234546 0.312768 0.2187 0.148436 0.122378
threshold=5897.5000000000009 5016.7500000000009 306.50000000000006 5061.357142857144 -0.82899557272681157 6792.5000000000009 5853.5000000000009 154.78862513483213 0.9916835347852474 78.050000000000011 16.250000000000011 20.575000000000006 5288.0000000000009 186.50000000000003
decision_type=2 2 2 2 2 2 2 2 2 2 2 2 2 2
left_child=1 8 11 -4 5 7 -6 13 -1 10 -8 -3 -5 -2
right_child=4 2 3 12 6 -7 9 -9 -10 -11 -12 -13 -14 -15
leaf_value=-6.696955559211708 -0.19701622989099957 -0.88424202900618809 8.9255835142187987 -1.0136415503374785 2.9073437789507746 14.575421177475834 -0.42111911855080625 -0.74933610738821321 -2.8849314892479159 -1.8156084817038878 3.3020178906256787 -1.5855387717618115 0.38965406417030751 1.1390611781287614
leaf_weight=2146 59 52 50 71 55 50 332 65 61 105 68 520 54 50
leaf_count=2146 59 52 50 71 55 50 332 65 61 105 68 520 54 50
internal_value=-0.00181573 -0.00232386 -0.00121123 0.00102273 4.20375e-05 0.00161333 -0.000508022 0 -0.00267935 -0.000889329 -0.000411472 -0.00197382 -0.000476191 0.000981817
internal_weight=3738 2954 747 175 784 224 560 174 2207 505 400 572 125 109
internal_count=3738 2954 747 175 784 224 560 174 2207 505 400 572 125 109
is_linear=0
shrinkage=0.03


Tree=86
num_leaves=19
num_cat=0
split_feature=12 15 23 7 27 13 22 14 29 25 27 15 17 7 7 12 12 19
split_gain=3.74526 0.763336 1.96341 0.857656 1.01327 0.716461 1.59465 0.605744 0.436114 0.38614 0.374791 0.364975 0.272462 0.186904 0.591162 0.63061 0.0585832 0.0227832
threshold=5114.2333333333345 -0.81925291736142491 6759.0000000000009 306.50000000000006 23.225000000000005 4520.978998779 4176.0000000000009 0.63920241694561786 23.325000000000006 24.225000000000005 21.325000000000006 -0.98667386918526234 0.73866113298174818 306.50000000000006 320.50000000000006 4446.9333333333343 4895.5500000000011 31.400000000000002
decision_type=2 2 2 2 2 2 2 2 2 2 2 2 2 2 2 2 2 2
left_child=5 2 11 7 17 6 -1 10 -9 -6 -3 -2 -13 -7 15 -15 -16 -5
right_child=1 3 -4 4 9 13 -8 8 -10 -11 -12 12 -14 14 16 -17 -18 -19
leaf_value=-27.344410208406462 1.1894832343027624 -0.17267230187530988 14.138158542151537 -0.1447741310315411 6.2392583198873623 -5.4330286194476294 5.7596713143657592 1.6562344440149612 -0.39789272668880704 2.1685538103176771 -3.0820727631012743 -0.038805659059987674 -2.2190048741822905 -15.098108837159536 -6.0225671490981822 4.5059272719246897 -0.48454784513307275 -1.9497969178618957
leaf_weight=106 71 117 50 60 51 1794 50 72 183 53 398 84 92 52 315 51 84 55
leaf_count=106 71 117 50 60 51 1794 50 72 183 53 398 84 92 52 315 51 84 55
internal_value=-0.00182375 -0.000468532 0.000785234 -0.00089091 0.000627272 -0.0025157 -0.000210192 -0.00138132 -7.12462e-10 0.00288571 -0.00197674 -0.000145162 -0.0010339 -0.00265259 -0.00183101 0 -0.002355 -0.00103448
internal_weight=3738 1286 297 989 219 2452 156 770 255 104 515 247 176 2296 502 103 399 115
internal_count=3738 1286 297 989 219 2452 156 770 255 104 515 247 176 2296 502 103 399 115
is_linear=0
shrinkage=0.03


Tree=87
num_leaves=18
num_cat=0
split_feature=21 12 16 10 14 14 21 13 16 20 10 16 29 12 23 13 27
split_gain=3.75851 0.981752 1.38832 0.966183 0.652106 2.73561 0.377329 0.64925 0.310214 1.01363 0.321065 0.267551 0.247178 0.18476 0.136965 0.0667602 0.0636382
threshold=5897.5000000000009 5016.7500000000009 -0.79384350655589164 4877.0714285714303 -0.39036798905311365 -0.56368474752277564 4850.5000000000009 5405.835451845197 -0.20075075429075132 28.360714285714291 6122.857142857144 0.62585923293574564 20.875000000000004 6740.7666666666673 4843.0000000000009 5805.7556662087927 21.475000000000005
decision_type=2 2 2 2 2 2 2 2 2 2 2 2 2 2 2 2 2
left_child=1 6 3 -3 5 -2 15 -8 10 11 -6 -10 -4 -12 -9 -1 -14
right_child=4 2 12 -5 8 -7 7 14 9 -11 13 -13 16 -15 -16 -17 -18
leaf_value=-8.5308482298215988 -0.71491489106171258 6.9695054244043257 -0.77638921572448594 -1.2500585281084795 0.76235551375564314 8.0704103836692429 1.7732600736252999 -1.2511420862071136 -1.0251082904011077 2.6630221863497781 -2.2141885076520569 0.24590657704573854 -0.57669106217819499 -0.34217175093000413 -2.181214703842699 -2.926800890987864 -1.1897310461620711
leaf_weight=1891 99 53 61 72 61 63 53 50 148 60 156 128 55 69 162 51 506
leaf_count=1891 99 53 61 72 61 63 53 50 148 60 156 128 55 69 162 51 506
internal_value=-0.00182375 -0.00231371 -0.00125134 0.00142857 0 0.00171166 -0.00265217 -0.0012406 -0.000418941 8.0118e-05 -0.00116028 -0.000552347 -0.00186356 -0.00172566 -0.00207042 -0.0028209 -0.0020605
internal_weight=3738 2954 747 125 784 162 2207 265 622 336 286 276 622 225 212 1942 561
internal_count=3738 2954 747 125 784 162 2207 265 622 336 286 276 622 225 212 1942 561
is_linear=0
shrinkage=0.03


Tree=88
num_leaves=16
num_cat=0
split_feature=12 21 12 15 21 16 14 7 14 15 22 17 22 12 12
split_gain=3.65542 0.849384 0.853791 0.68233 2.20212 0.841307 0.715846 0.695144 0.47984 0.372204 0.347486 0.200679 0.170125 0.13636 0.0406839
threshold=5114.2333333333345 4850.5000000000009 4678.7166666666681 -0.81925291736142491 6792.5000000000009 -0.72176009310251998 0.534952257794027 306.50000000000006 -0.57780908558020239 -0.98667386918526234 6741.0000000000009 0.73866113298174818 6150.5000000000009 6605.5166666666673 4942.8166666666675
decision_type=2 2 2 2 2 2 2 2 2 2 2 2 2 2 2
left_child=1 14 -3 4 9 7 12 13 -4 -2 -8 -11 -7 -5 -1
right_child=3 2 8 5 -6 6 10 -9 -10 11 -12 -13 -14 -15 -16
leaf_value=-8.3301209955618383 1.0284105230861043 2.3836369815350706 1.3922113970041528 -4.2671859269308641 13.019500174414761 -1.8587765511857162 0.55706627395947172 4.0147431053011253 -1.2396829218664047 -0.21398087311740921 -0.71282160515647974 -2.149149191363779 -2.2096417145270317 0.065763315059711253 -1.7833314932060429
leaf_weight=1898 67 69 66 59 53 434 162 99 340 84 78 93 106 51 79
leaf_count=1898 67 69 66 59 53 434 162 99 340 84 78 93 106 51 79
internal_value=-0.00183177 -0.0025157 -0.00119748 -0.000491842 0.000684563 -0.00089091 -0.00136364 0.000657142 -0.00177641 -0.000355103 0 -0.00121348 -0.00196858 -0.000675676 -0.0028089
internal_weight=3738 2452 475 1286 297 989 780 209 406 244 240 177 540 110 1977
internal_count=3738 2452 475 1286 297 989 780 209 406 244 240 177 540 110 1977
is_linear=0
shrinkage=0.03


Tree=89
num_leaves=16
num_cat=0
split_feature=21 21 23 24 13 16 17 24 15 11 29 29 13 22 10
split_gain=3.75851 0.78453 0.976484 0.803477 0.762398 0.637304 2.66453 0.498969 0.282753 0.284532 0.255144 0.231549 0.229185 0.05624 0.0195553
threshold=5897.5000000000009 4843.0000000000009 4815.5000000000009 4760.5000000000009 5811.7437314067156 0.62585923293574564 0.32207272259607772 5897.5000000000009 -0.98667386918526234 244.51010237932266 20.875000000000004 23.325000000000006 5377.3813194959239 4866.0000000000009 4813.0000000000009
decision_type=2 2 2 2 2 2 2 2 2 2 2 2 2 2 2
left_child=1 4 3 -3 13 7 11 -2 -9 -10 -4 -7 -12 -1 -6
right_child=5 2 10 -5 14 6 -8 8 9 -11 12 -13 -14 -15 -16
leaf_value=-8.5931167425275063 2.3042781660377254 4.4860201719279251 -0.55551118859646786 -3.2475039557953802 -6.2571567020123302 1.296451026759756 7.7638071088791856 1.3779084351140278 -0.83639390331212693 -0.45369096964321398 -0.11667204281432803 -2.1947383142003782 -1.2447310287812026 -1.1575102567370192 1.3215023811443734
leaf_weight=1888 77 56 59 55 55 60 79 55 260 152 51 101 686 52 52
leaf_count=1888 77 56 59 55 55 60 79 55 260 152 51 101 686 52 52
internal_value=-0.00182375 -0.00231371 -0.00146035 0.000910714 -0.00266895 0 0.00130705 -0.000544955 -0.00097436 -0.00128571 -0.00184818 -0.000666667 -0.002 -0.00280526 0
internal_weight=3738 2954 907 111 2047 784 240 544 467 412 796 161 737 1940 107
internal_count=3738 2954 907 111 2047 784 240 544 467 412 796 161 737 1940 107
is_linear=0
shrinkage=0.03


Tree=90
num_leaves=12
num_cat=0
split_feature=21 10 17 12 17 24 12 21 10 10 11
split_gain=3.41562 1.07042 1.82503 1.04174 2.00768 0.70049 0.509188 0.504691 0.336811 0.0400372 0.0144927
threshold=4843.0000000000009 6813.857142857144 0.32207272259607772 4789.2333333333345 -0.22701029611497395 4749.5000000000009 4942.8166666666675 6965.5000000000009 5843.2142857142871 4628.1428571428578 225.86848133596428
decision_type=2 2 2 2 2 2 2 2 2 2 2
left_child=6 3 7 4 -2 -5 -1 -3 -7 -8 -11
right_child=1 2 -4 5 -6 8 9 -9 -10 10 -12
leaf_value=-8.4958200583024297 7.9790832180195093 1.7560932313684006 12.481082547303952 5.4462967489552101 -4.2283312364695069 -1.1497842766986974 -0.91588716667038139 -0.88904759314406867 -0.56154529947611109 -3.9048799265410956 -1.9581060401296808
leaf_weight=1834 50 56 50 64 66 666 50 79 644 68 60
leaf_count=1834 50 56 50 64 66 666 50 79 644 68 60
internal_value=-0.00179122 -0.000751791 0.00129032 -0.00103622 0.00151282 -0.00128509 -0.00263338 -0.000220589 -0.00145309 -0.000720671 -0.001
internal_weight=3687 1675 185 1490 116 1374 2012 135 1310 178 128
internal_count=3687 1675 185 1490 116 1374 2012 135 1310 178 128
is_linear=0
shrinkage=0.03


Tree=91
num_leaves=11
num_cat=0
split_feature=21 13 21 12 7 12 21 29 16 29
split_gain=3.71536 1.21365 1.0298 0.688834 1.41099 0.549707 0.464699 0.337902 0.198248 0.121453
threshold=5001.0000000000009 4925.3565712584214 7377.5000000000009 4942.8166666666675 303.50000000000006 6640.8166666666675 6500.5000000000009 19.125000000000004 -0.99763297024448894 24.375000000000004
decision_type=2 2 2 2 2 2 2 2 2 2
left_child=3 -2 5 8 9 7 -7 -3 -1 -5
right_child=1 2 -4 4 -6 6 -8 -9 -10 -11
leaf_value=-0.98833780817342642 7.914683756152634 1.5349153871591996 7.0229838089321417 -1.104114839179859 6.7563879703330958 3.4955314740377355 -0.457228031630108 -0.81806955007647231 -7.536839577062052 -2.6321627073752212
leaf_weight=54 55 52 56 62 50 59 94 1047 1880 278
leaf_count=54 55 52 56 62 50 59 94 1047 1880 278
internal_value=-0.00174241 -0.000457479 -0.000671506 -0.00247613 -0.00111253 -0.000878692 0.000623376 -0.00112909 -0.00272713 -0.0018915
internal_weight=3687 1363 1308 2324 390 1252 153 1099 1934 340
internal_count=3687 1363 1308 2324 390 1252 153 1099 1934 340
is_linear=0
shrinkage=0.03


Tree=92
num_leaves=12
num_cat=0
split_feature=21 13 10 17 13 24 20 12 21 12 10
split_gain=3.72521 1.81819 1.63107 1.47088 0.72308 0.467957 0.497615 0.337811 0.28421 0.103481 0.0634413
threshold=4843.0000000000009 4856.0299552071674 6813.857142857144 0.2332836900311728 5811.7437314067156 4749.5000000000009 23.617857142857151 4964.1166666666677 7003.5000000000009 4977.1000000000013 4813.0000000000009
decision_type=2 2 2 2 2 2 2 2 2 2 2
left_child=4 -2 5 8 9 7 -7 -3 -4 -1 -6
right_child=1 2 3 -5 10 6 -8 -9 -10 -11 -12
leaf_value=-7.8729789043346337 7.7822271143324731 -3.1809367618641096 1.2027140040822872 11.86947491168848 -8.0909905404329248 -0.3505427237912816 -1.1179907244762286 6.3004225812303973 -0.89702348356692208 -4.2969902538994766 0.96304781351462276
leaf_weight=1816 52 58 64 51 51 478 854 53 65 89 56
leaf_count=1816 52 58 64 51 51 478 854 53 65 89 56
internal_value=-0.00172614 -0.000644392 -0.00084606 0.00174033 -0.00260358 -0.00120083 -0.00136609 0.000374999 0 -0.00273872 0
internal_weight=3687 1675 1623 180 2012 1443 1332 111 129 1905 107
internal_count=3687 1675 1623 180 2012 1443 1332 111 129 1905 107
is_linear=0
shrinkage=0.03


Tree=93
num_leaves=12
num_cat=0
split_feature=22 10 27 14 12 7 24 7 21 27 21
split_gain=3.66213 1.15753 1.27486 0.978551 0.534274 1.81738 0.208192 0.162199 0.123374 0.103681 0.0685126
threshold=4925.5000000000009 6813.857142857144 26.675000000000008 0.95242846126021108 4872.1000000000013 301.50000000000006 4749.5000000000009 61.500000000000007 4843.0000000000009 25.275000000000002 7003.5000000000009
decision_type=2 2 2 2 2 2 2 2 2 2 2
left_child=4 3 -3 6 8 9 -2 -8 -1 -6 -4
right_child=1 2 10 -5 5 -7 7 -9 -10 -11 -12
leaf_value=-8.4670322090668808 0.84148814160254015 8.7055061104297646 0.71604438594659447 3.3575783699149704 -1.9997783127496835 6.2583375097659983 -0.31703969859159131 -1.1134292948068798 -0.72129057242982253 -3.3829176125242482 -0.7977486070192481
leaf_weight=1773 66 55 71 78 55 51 393 792 63 229 61
leaf_count=1773 66 55 71 78 55 51 393 792 63 229 61
internal_value=-0.00172614 -0.000555703 0.00156383 -0.000888723 -0.0025221 -0.00116071 -0.00111661 -0.00121417 -0.00274524 -0.0022 0
internal_weight=3687 1516 187 1329 2171 335 1251 1185 1836 284 132
internal_count=3687 1516 187 1329 2171 335 1251 1185 1836 284 132
is_linear=0
shrinkage=0.03


Tree=94
num_leaves=12
num_cat=0
split_feature=22 21 13 13 12 21 16 16 27 12 12
split_gain=3.74055 0.906401 0.932491 0.642004 0.514675 0.376558 0.336225 0.321714 0.268868 0.11694 0.174153
threshold=4925.5000000000009 7377.5000000000009 5036.8504719525363 5850.548974916519 6605.5166666666673 6500.5000000000009 -0.61237701952678392 -0.99763297024448894 21.325000000000006 4958.7666666666673 5069.2333333333345
decision_type=2 2 2 2 2 2 2 2 2 2 2
left_child=3 2 -2 7 8 -6 -5 -1 -4 -9 -11
right_child=1 -3 4 6 5 -7 -8 9 -10 10 -12
leaf_value=-1.0641828286097053 8.257712542725006 6.2808175733424374 -0.048351982542742956 2.1002851905589655 2.605811644891014 -0.43700989046702637 -2.8100543344104949 -6.8512437409561784 -0.88816672071205183 -0.41248551391939375 -4.2718150276880271
leaf_weight=58 67 57 184 51 71 97 77 1846 1040 58 81
leaf_count=58 67 57 184 51 71 97 77 1846 1040 58 81
internal_value=-0.00171801 -0.000535927 -0.00070685 -0.0025221 -0.000898062 0.000479289 -6.97682e-05 -0.00265362 -0.00112408 -0.00271903 -0.00115714
internal_weight=3687 1516 1459 2171 1392 168 128 2043 1224 1985 139
internal_count=3687 1516 1459 2171 1392 168 128 2043 1224 1985 139
is_linear=0
shrinkage=0.03


Tree=95
num_leaves=14
num_cat=0
split_feature=22 13 14 21 14 21 15 7 25 11 29 21 21
split_gain=3.94631 1.45007 0.957995 1.18477 0.889445 0.821467 0.750749 0.616774 0.323941 0.097195 0.0899335 0.0497212 0.124254
threshold=4925.5000000000009 5889.2734146726698 0.95242846126021108 6500.5000000000009 0.10837544681456425 6679.0000000000009 0.99611390731392835 290.50000000000006 20.775000000000002 94.808698355281962 23.775000000000002 4850.5000000000009 4948.5000000000009
decision_type=2 2 2 2 2 2 2 2 2 2 2 2 2
left_child=1 11 4 -4 5 6 -2 -3 9 -6 -10 -1 -13
right_child=2 7 3 -5 8 -7 -8 -9 10 -11 -12 12 -14
leaf_value=-6.7370766005931584 -0.61947466258022776 -2.5431848263731949 6.0262696134724267 -0.51759348198722099 -0.62284555095821448 6.3194954549698261 0.42005962442317485 3.660755896618161 -0.67942589345277282 0.54947528334500351 -0.98700213250722568 -0.20878500543286801 -2.6365601422207194
leaf_weight=1980 579 54 56 52 52 93 69 50 202 59 362 66 59
leaf_count=1980 579 54 56 52 52 93 69 50 202 59 362 66 59
internal_value=-0.00170166 -0.00251674 -0.000489837 0.00211927 -0.000721948 0 -0.000383668 0.000599999 -0.00150888 0 -0.0018 -0.00269231 -0.00119048
internal_weight=3733 2209 1524 108 1416 741 648 104 675 111 564 2105 125
internal_count=3733 2209 1524 108 1416 741 648 104 675 111 564 2105 125
is_linear=0
shrinkage=0.03


Tree=96
num_leaves=16
num_cat=0
split_feature=22 13 14 21 14 7 23 31 7 16 25 11 21 21 16
split_gain=3.78495 1.41516 0.778461 0.987059 0.936869 0.836641 1.9631 0.731367 0.616774 0.232916 0.326959 0.229923 0.113214 0.166936 0.0362717
threshold=4925.5000000000009 5889.2734146726698 0.95242846126021108 6500.5000000000009 0.10837544681456425 221.50000000000003 6181.0000000000009 12.649999999999995 290.50000000000006 0.89404822654372251 20.225000000000005 136.38477665064894 4843.0000000000009 4899.5000000000009 -0.98026352646938919
decision_type=2 2 2 2 2 2 2 2 2 2 2 2 2 2 2
left_child=1 12 4 -4 5 6 -2 -7 -3 10 -6 -11 14 -14 -1
right_child=2 8 3 -5 9 7 -8 -9 -10 11 -12 -13 13 -15 -16
leaf_value=-4.8989092300690604 -0.32688913758086013 -2.4668892815819943 5.8454815250682568 -0.50206567752760478 -0.0089222840862920663 0.0030763249249109101 10.60271311815521 -4.1758249202919195 3.5509332197196222 -0.5236280337674879 -1.0819913799693179 1.7552154338050208 -0.06478944814183181 -1.7620802185418492 -6.9152097583881478
leaf_weight=104 171 54 56 52 69 345 65 160 50 113 425 68 59 102 1840
leaf_count=104 171 54 56 52 69 345 65 160 50 113 425 68 59 102 1840
internal_value=-0.00167756 -0.00247602 -0.000489837 0.00184404 -0.000700777 0 0.00150633 -0.000652175 0.000599999 -0.00150888 -0.00187273 -0.000263737 -0.00264957 -0.00122222 -0.00274396
internal_weight=3733 2209 1524 108 1416 741 236 505 104 675 494 181 2105 161 1944
internal_count=3733 2209 1524 108 1416 741 236 505 104 675 494 181 2105 161 1944
is_linear=0
shrinkage=0.03


Tree=97
num_leaves=12
num_cat=0
split_feature=22 13 14 21 15 7 14 17 15 21 21
split_gain=3.73191 1.40361 0.778461 0.987059 0.873653 0.616774 0.597097 2.00633 0.304107 0.106961 0.166936
threshold=4925.5000000000009 5889.2734146726698 0.95242846126021108 6500.5000000000009 0.99611390731392835 290.50000000000006 -0.39036798905311365 0.56192200557241578 -0.98667386918526234 4843.0000000000009 4899.5000000000009
decision_type=2 2 2 2 2 2 2 2 2 2 2
left_child=1 9 4 -4 6 -3 7 -2 -8 -1 -11
right_child=2 5 3 -5 -6 -7 8 -9 -10 10 -12
leaf_value=-6.5768914902832423 -1.0951774974856068 -2.3928826031345447 5.6701170793162179 -0.48700370720177222 0.18181298706512852 3.4444052231280278 0.24593584378960992 5.925381079009326 -0.76983338683426028 -0.06284576469758052 -1.7092178119855894
leaf_weight=1944 351 54 56 52 69 50 88 61 847 59 102
leaf_count=1944 351 54 56 52 69 50 88 61 847 59 102
internal_value=-0.00166952 -0.00246244 -0.000489837 0.00184404 -0.000700777 0.000599999 -0.000894659 0 -0.0013141 -0.00263533 -0.00122222
internal_weight=3733 2209 1524 108 1416 104 1347 412 935 2105 161
internal_count=3733 2209 1524 108 1416 104 1347 412 935 2105 161
is_linear=0
shrinkage=0.03


Tree=98
num_leaves=12
num_cat=0
split_feature=21 13 13 23 7 17 23 25 22 25 22
split_gain=3.64881 0.931198 0.910065 0.676189 0.777419 0.740454 0.626381 0.47237 0.34906 0.300755 0.285042
threshold=4843.0000000000009 5790.5216802168025 4856.0299552071674 6792.5000000000009 306.50000000000006 0.34235372601783864 4899.5000000000009 21.100000000000005 6975.5000000000009 26.325000000000006 4843.0000000000009
decision_type=2 2 2 2 2 2 2 2 2 2 2
left_child=1 10 -2 4 7 8 -6 -4 -5 -3 -1
right_child=2 9 3 5 6 -7 -8 -9 -10 -11 -12
leaf_value=-7.3033621697924369 7.2900536355626855 2.5178950166198932 0.045132494283081664 1.5579180530092849 3.0212462122773482 10.330583496667701 -0.43368888140747053 -0.90574541739957593 -1.1186854322443873 -4.7155302330400266 -0.91351531845148981
leaf_weight=1864 58 64 128 71 57 62 324 905 83 54 63
leaf_count=1864 58 64 128 71 57 62 324 905 83 54 63
internal_value=-0.00167756 -0.00253666 -0.000609237 -0.000763336 -0.00101555 0.000677419 3.14129e-05 -0.00144487 -0.000174194 0 -0.00269502
internal_weight=3733 2045 1688 1630 1414 216 381 1033 154 118 1927
internal_count=3733 2045 1688 1630 1414 216 381 1033 154 118 1927
is_linear=0
shrinkage=0.03


Tree=99
num_leaves=11
num_cat=0
split_feature=22 12 15 16 20 11 14 18 15 12
split_gain=3.78956 0.760864 0.854225 0.750693 1.21488 0.568985 0.526293 0.298007 0.142605 0.0545919
threshold=4964.0000000000009 4789.2333333333345 0.99611390731392835 -0.91895236716066997 25.210714285714293 114.95340671020602 -0.71504373327588355 31.300000000000008 0.63089349388778826 5322.3666666666677
decision_type=2 2 2 2 2 2 2 2 2 2
left_child=3 -2 5 4 -1 7 -7 -3 -6 -5
right_child=1 2 -4 9 8 6 -8 -9 -10 -11
leaf_value=3.3330799282217898 4.5968704686706703 -0.79994567809342509 0.22246762405083548 -5.1507921120238178 -4.9115353948946554 -6.3982031231110774 0.036953051418229806 -0.34880593728311299 -1.6431563856255853 -2.7580464690023319
leaf_weight=69 75 420 68 1880 157 118 682 106 64 94
leaf_count=69 75 420 68 1880 157 118 682 106 64 94
internal_value=-0.00166149 -0.000436735 -0.000621506 -0.00243576 -0.000773197 -0.000816127 -0.000243446 -0.00159962 -0.00197297 -0.00265671
internal_weight=3733 1469 1394 2264 290 1326 800 526 221 1974
internal_count=3733 1469 1394 2264 290 1326 800 526 221 1974
is_linear=0
shrinkage=0.03


Tree=100
num_leaves=14
num_cat=0
split_feature=22 16 28 11 14 17 15 22 15 14 16 27 20
split_gain=4.2571 0.956403 1.52207 0.542704 1.21799 1.13678 0.597796 1.27126 0.437903 0.284978 0.420875 0.18443 0.110219
threshold=4964.0000000000009 -0.90163369914317015 25.025000000000002 140.99983113803049 0.95242846126021108 0.97009571160424379 -0.81925291736142491 6433.5000000000009 -0.39827153806311183 -0.39036798905311365 0.90623151893102627 26.425000000000008 25.675000000000004
decision_type=2 2 2 2 2 2 2 2 2 2 2 2 2
left_child=1 2 -1 5 6 9 7 -5 -8 11 -11 -2 -4
right_child=3 -3 12 4 -6 -7 8 -9 -10 10 -12 -13 -14
leaf_value=3.8271239181595509 0.33116113502614308 -4.9152064647950739 -0.91905609029961866 -0.13295609098004577 4.4443602192980078 0.76115449565725646 -2.49144420194341 9.4650055235998938 -0.080451156205786467 -1.1566377146167732 -0.14340965318376567 -0.8183922433998746 -4.9679593334974053
leaf_weight=94 76 1922 54 107 59 77 160 52 403 360 104 52 177
leaf_count=94 76 1922 54 107 59 77 160 52 403 360 104 52 177
internal_value=-0.00162412 -0.00244484 -0.000736197 -0.000320469 0.000168797 -0.00095821 -0.000112034 0.001425 -0.00062766 -0.00145194 -0.0018 0 -0.00214655
internal_weight=3697 2247 325 1450 781 669 722 159 563 592 464 128 231
internal_count=3697 2247 325 1450 781 669 722 159 563 592 464 128 231
is_linear=0
shrinkage=0.03


Tree=101
num_leaves=12
num_cat=0
split_feature=21 11 14 15 10 17 20 16 12 12 11
split_gain=4.01082 0.936579 0.81832 0.558509 0.471756 1.34446 0.606623 0.377805 0.322137 0.284256 0.273188
threshold=4765.5000000000009 140.99983113803049 0.95242846126021108 0.99249573635719013 6813.857142857144 -0.10837475778693638 25.360714285714288 -0.99629805505515945 4802.0333333333338 5992.2166666666681 322.55342776365995
decision_type=2 2 2 2 2 2 2 2 2 2 2
left_child=7 3 4 8 6 -6 -3 -1 -2 -10 -9
right_child=1 2 -4 -5 5 -7 -8 10 9 -11 -12
leaf_value=-1.1118043657013115 0.14939062473028517 0.30401985120895403 4.2492027928319951 0.49715838342801266 -2.2139141233513659 7.631815114870296 -1.346656695226141 -7.1509070907417129 -1.0355613049473074 -0.30025387012188937 -5.574755841093503
leaf_weight=51 78 357 63 51 74 58 310 1739 622 211 83
leaf_count=51 78 357 63 51 74 58 310 1739 622 211 83
internal_value=-0.00162412 -0.000590138 7.99529e-05 -0.00123676 -0.000127501 0.00142105 -0.000502995 -0.00260619 -0.00143421 -0.00161151 -0.00267746
internal_weight=3697 1824 862 962 799 132 667 1873 911 833 1822
internal_count=3697 1824 862 962 799 132 667 1873 911 833 1822
is_linear=0
shrinkage=0.03


Tree=102
num_leaves=11
num_cat=0
split_feature=21 12 11 15 10 17 24 15 12 16
split_gain=3.81174 1.17937 0.797393 0.597764 0.529793 1.27549 0.41381 0.389935 0.359927 0.0293309
threshold=4686.0000000000009 4574.7000000000007 140.99983113803049 0.99249573635719013 6813.857142857144 -0.10837475778693638 5061.5000000000009 -0.35042475891464198 5992.2166666666681 -0.99385384359725149
decision_type=2 2 2 2 2 2 2 2 2 2
left_child=6 -2 3 8 7 -6 9 -4 -3 -1
right_child=1 2 4 -5 5 -7 -8 -9 -10 -11
leaf_value=-5.3680086083223681 2.2212286558564172 -1.1316837852545962 -1.2964612274016214 0.46377626896426566 -0.67799444732760983 7.4028606614242012 -1.489180693371315 -0.0023443879289963341 -0.27111708967661174 -9.8032230581289781
leaf_weight=55 74 811 247 53 87 58 50 460 212 1590
leaf_count=55 74 811 247 53 87 58 50 460 212 1590
internal_value=-0.00163223 -0.000714429 -0.000875584 -0.0014234 -0.00013013 0.00143836 -0.00268868 -0.00051695 -0.00160547 -0.00277035
internal_weight=3697 2002 1928 1076 852 145 1695 707 1023 1645
internal_count=3697 2002 1928 1076 852 145 1695 707 1023 1645
is_linear=0
shrinkage=0.03


Tree=103
num_leaves=18
num_cat=0
split_feature=22 16 12 28 11 20 16 12 15 31 27 16 16 12 23 21 21
split_gain=4.01304 1.04051 1.3961 2.12261 0.734481 0.714447 1.76648 0.875817 0.514082 0.448114 0.877083 0.264133 0.238492 0.129412 0.0924395 0.0733548 0.217018
threshold=4925.5000000000009 -0.90163369914317015 4454.7833333333338 26.375000000000004 140.99983113803049 26.76071428571429 -0.75015329512557205 5949.4833333333345 0.99249573635719013 12.649999999999995 25.025000000000002 0.89693165594635726 -0.7614135502316719 5114.2333333333345 6340.5000000000009 4843.0000000000009 4899.5000000000009
decision_type=2 2 2 2 2 2 2 2 2 2 2 2 2 2 2 2 2
left_child=1 2 -1 -4 8 9 -7 -8 11 10 -6 12 -2 -13 -11 -3 -17
right_child=4 15 3 -5 5 6 7 -9 -10 14 -12 13 -14 -15 -16 16 -18
leaf_value=-12.343996426168735 -0.32898108170260154 -5.7934867125709184 4.2411303207701394 -4.1464283624744827 -0.90103445430447993 -1.9426529840180087 10.132607466035907 1.4075265052586572 0.46833034385624972 -4.1799910204860957 2.9100429446589091 -0.42903649568111529 -0.94081849168277565 0.11524147425204259 -2.2671969370924474 -0.066458037280525697 -1.4251939936455662
leaf_weight=158 103 1721 85 68 260 98 54 145 51 93 93 50 398 116 52 57 95
leaf_count=158 103 1721 85 68 260 98 54 145 51 93 93 50 398 116 52 57 95
internal_value=-0.00161601 -0.00244256 -0.000634616 0.00120779 -0.000392339 0.000188441 0.00138926 0.00309 -0.00109736 -0.000438878 1.69484e-05 -0.00135629 -0.00170916 -1.79648e-05 -0.00184932 -0.00271825 -0.00131373
internal_weight=3697 2184 311 153 1513 795 297 199 718 498 353 667 501 166 145 1873 152
internal_count=3697 2184 311 153 1513 795 297 199 718 498 353 667 501 166 145 1873 152
is_linear=0
shrinkage=0.03


Tree=104
num_leaves=13
num_cat=2
split_feature=22 11 17 32 0 16 16 21 19 32 0 31
split_gain=3.89326 0.831821 0.557101 0.503709 0.770775 0.653811 0.479088 0.991753 0.346443 0.326079 0.281736 0.0950539
threshold=4749.5000000000009 125.79508536689643 0.97009571160424379 214.05000000000004 0 -0.2270106897347694 -0.90163369914317015 4548.0000000000009 97.100000000000023 0.1000000000000018 1 60.149999999999999
decision_type=2 2 2 2 9 2 2 2 2 2 9 2
left_child=6 2 9 4 5 -3 7 -1 -6 -2 -11 -5
right_child=1 3 -4 11 8 -7 -8 -9 -10 10 -12 -13
leaf_value=-13.025069564579434 0.096639355105188604 0.038381079510452547 0.41734564157431292 -4.1123566784665169 -0.92205837889514308 2.6714652256390714 -8.1818646357472318 1.4178397320137006 2.0824042259512088 -0.32403377486681045 -1.0161050792068735 -2.2857468700040835
leaf_weight=169 68 205 85 82 358 193 1553 67 89 135 643 50
leaf_count=169 68 205 85 82 358 193 1553 67 89 135 643 50
internal_value=-0.0016079 -0.000633317 -0.00127468 0 0.000248226 0.00122494 -0.00262123 -0.00102532 -0.000537119 -0.00152657 -0.00170603 -0.00173684
internal_weight=3697 1908 931 977 845 398 1789 236 447 846 778 132
internal_count=3697 1908 931 977 845 398 1789 236 447 846 778 132
cat_boundaries=0 1 2
cat_threshold=104 272
is_linear=0
shrinkage=0.03


Tree=105
num_leaves=16
num_cat=0
split_feature=22 11 10 24 16 31 15 15 14 12 13 13 12 11 32
split_gain=3.60907 1.08356 0.501819 0.563961 0.719352 0.535692 0.456531 1.47507 1.93157 1.01481 0.310267 0.243246 0.243216 0.109512 0.0912487
threshold=4577.5000000000009 170.58603464208596 4951.7857142857147 6095.0000000000009 0.57075747273004163 3.3499999999999899 0.43540432083943431 0.76556758748011056 0.69676570133721638 5949.4833333333345 5690.1512575900342 5653.4015009380864 6033.6833333333343 96.351785991090011 2.2500000000000004
decision_type=2 2 2 2 2 2 2 2 2 2 2 2 2 2 2
left_child=10 6 5 12 -5 -3 9 8 -8 14 -1 -9 -4 -11 -2
right_child=1 2 3 4 -6 -7 7 11 -10 13 -12 -13 -14 -15 -16
leaf_value=-12.089865825935576 -0.88707747924078917 3.5340718413532057 -2.369950807043204 -0.5791362947211004 4.0682510443162707 -0.80215435912748057 1.9361800884559035 -2.2858764912278704 -0.33212566527484327 0.18233253884030221 -3.3084975371796963 -0.50397435603787744 0.15176666717462742 -0.44554683772141551 -2.3091242923446074
leaf_weight=1433 63 71 217 246 120 58 56 211 96 109 84 258 63 140 501
leaf_count=1433 63 71 217 246 120 58 56 211 96 109 84 258 63 140 501
internal_value=-0.00165093 -0.00084706 0 -0.000282845 0.000400544 0.00175385 -0.00133589 -0.000607718 0.00182353 -0.00183538 -0.00279051 -0.00149362 -0.00133452 -4.80007e-05 -0.00254336
internal_weight=3726 2209 775 646 366 129 1434 621 152 813 1517 469 280 249 564
internal_count=3726 2209 775 646 366 129 1434 621 152 813 1517 469 280 249 564
is_linear=0
shrinkage=0.03


Tree=106
num_leaves=14
num_cat=0
split_feature=21 24 17 12 27 12 27 24 21 14 16 22 19
split_gain=3.93436 0.694788 1.08633 0.791226 0.680486 0.522148 0.480086 0.449894 0.421081 0.292724 0.105195 0.242269 0.00771519
threshold=4765.5000000000009 4661.0000000000009 0.080548817997453351 6457.7000000000016 26.325000000000006 4908.9833333333345 29.075000000000006 6001.0000000000009 6500.5000000000009 -0.861146256326485 -0.96435839813458457 4325.5000000000009 0.45000000000000007
decision_type=2 2 2 2 2 2 2 2 2 2 2 2 2
left_child=5 2 -2 6 -5 10 7 -3 -6 -7 11 -1 -8
right_child=1 3 -4 4 8 9 12 -9 -10 -11 -12 -13 -14
leaf_value=-16.845126218126321 2.823863195887844 -0.58684428442230119 -1.6998141832079421 5.1782293795758685 1.24364973712597 -5.9796889801955428 -0.50530483833621009 0.11029443357050479 -0.54697098734194638 2.093399965647778 -7.2316897958491806 0.34398701103033119 -2.1693688601585959
leaf_weight=67 57 919 51 51 73 100 51 269 147 51 1634 51 205
leaf_count=67 57 919 51 51 73 100 51 269 147 51 1634 51 205
internal_value=-0.00165093 -0.000621711 0.00156881 -0.000786714 0.000595588 -0.0026124 -0.00107751 -0.000764509 0 -0.000513159 -0.00276726 -0.00108403 -0.0023463
internal_weight=3726 1823 108 1715 271 1903 1444 1188 220 151 1752 118 256
internal_count=3726 1823 108 1715 271 1903 1444 1188 220 151 1752 118 256
is_linear=0
shrinkage=0.03


Tree=107
num_leaves=14
num_cat=0
split_feature=21 24 12 24 17 27 27 23 21 16 14 7 29
split_gain=3.80719 0.686149 0.583072 0.647257 0.783981 0.581964 0.451281 0.605492 0.421081 0.356248 0.508736 0.0672973 0.012928
threshold=4765.5000000000009 5100.5000000000009 6457.7000000000016 4701.0000000000009 0.080548817997453351 26.325000000000006 29.075000000000006 6377.5000000000009 6500.5000000000009 -0.96435839813458457 -0.68430824382591193 128.50000000000003 33.975000000000009
decision_type=2 2 2 2 2 2 2 2 2 2 2 2 2
left_child=1 9 3 4 -2 -4 7 -5 -7 10 -1 -10 -8
right_child=2 -3 5 6 -6 8 12 -9 11 -11 -12 -13 -14
leaf_value=0.61335189997377726 2.5756898827153023 0.60255165790120679 4.9347862088196219 -0.54285272673163021 -1.1913517437616761 1.2063402450121792 -1.9361812506759135 3.59869969251152 -0.25080730180427641 -6.7528487115952753 -9.0465417547220817 -1.1497503824927042 -1.6119155118087958
leaf_weight=57 75 55 54 1057 67 73 198 102 67 1710 81 80 50
leaf_count=57 75 55 54 1057 67 73 198 102 67 1710 81 80 50
internal_value=-0.00163483 -0.00258088 -0.000621711 -0.000859356 0.000902097 0.000556363 -0.0010696 -0.000760346 0 -0.00268199 -0.000712231 -0.00105405 -0.0023253
internal_weight=3726 1903 1823 1549 142 274 1407 1159 220 1848 138 147 248
internal_count=3726 1903 1823 1549 142 274 1407 1159 220 1848 138 147 248
is_linear=0
shrinkage=0.03


Tree=108
num_leaves=14
num_cat=1
split_feature=22 13 12 0 24 27 6 12 27 21 24 14 13
split_gain=3.8373 0.692749 0.616922 0.836444 0.730413 0.669736 0.61915 0.527172 0.526434 0.379484 0.357777 0.151358 0.143392
threshold=4686.0000000000009 5690.1512575900342 6457.7000000000016 0 4650.5000000000009 26.275000000000002 10.500000000000002 5949.4833333333345 22.775000000000002 6500.5000000000009 6228.5000000000009 -0.89015004145349408 6152.3243922393649
decision_type=2 2 2 9 2 2 2 2 2 2 2 2 2
left_child=1 -1 3 4 -2 -4 7 -5 -8 -7 -6 -3 -11
right_child=2 11 5 6 10 9 8 -9 -10 12 -12 -13 -14
leaf_value=-9.1108756169867018 1.5509564797337421 -5.9924101245341914 4.8454734821343601 -1.4895201152254647 -0.26838868413896649 1.1204955381790567 -1.9158936805884581 -0.38565745350449743 0.87438714732863576 -2.721029262858075 2.362754314790088 1.4255804410840631 -0.1249162458364219
leaf_weight=1585 61 79 52 597 444 77 131 282 142 76 71 56 73
leaf_count=1585 61 79 52 597 444 77 131 282 142 76 71 56 73
internal_value=-0.00162678 -0.00267577 -0.000704037 -0.000924813 0 0.000505376 -0.00138521 -0.00178636 0 -1.32166e-05 -0.000348838 -0.000220589 -0.00108
internal_weight=3726 1720 2006 1728 576 278 1152 879 273 226 515 135 149
internal_count=3726 1720 2006 1728 576 278 1152 879 273 226 515 135 149
cat_boundaries=0 1
cat_threshold=2376
is_linear=0
shrinkage=0.03


Tree=109
num_leaves=15
num_cat=0
split_feature=22 11 10 24 15 14 10 14 11 14 16 13 17 14
split_gain=3.88163 0.99328 0.75373 0.668139 0.638725 1.60974 1.01162 0.624203 0.33604 0.320986 0.316907 0.310267 0.255493 0.0273529
threshold=4577.5000000000009 190.98082763140818 4966.2857142857147 6095.0000000000009 0.34033495509342487 -0.64578423485557612 5934.7857142857156 -0.23537230790205757 244.51010237932266 0.056951373111866731 0.98519415784776321 5690.1512575900342 0.21652658465572394 0.98049069993378934
decision_type=2 2 2 2 2 2 2 2 2 2 2 2 2 2
left_child=11 4 8 12 6 -6 13 -5 -3 -8 -7 -1 -4 -2
right_child=1 2 3 7 5 10 9 -9 -10 -11 -12 -13 -14 -15
leaf_value=-11.034307427424574 -2.1775597665410151 3.4524082181252229 -4.2565591462518544 4.5743288821845853 1.936569099896583 -0.74395484373680343 0.60162628008588281 -0.38494350107896935 0.50396364329561449 -0.25392840347765427 0.4563907093773335 -2.8242225160925676 -0.2629867817250956 -0.65163935433955344
leaf_weight=1433 522 51 133 122 55 584 98 225 56 147 50 84 116 50
leaf_count=1433 522 51 133 122 55 584 98 225 56 147 50 84 116 50
internal_value=-0.00161068 -0.000779186 9.37493e-05 -0.000256282 -0.00121632 -0.000452175 -0.0018044 0.000499999 0.00244444 -7.12348e-10 -0.000940158 -0.00279051 -0.001488 -0.00249738
internal_weight=3726 2209 703 596 1506 689 817 347 107 245 634 1517 249 572
internal_count=3726 2209 703 596 1506 689 817 347 107 245 634 1517 249 572
is_linear=0
shrinkage=0.03


Tree=110
num_leaves=16
num_cat=1
split_feature=21 0 12 32 20 24 17 10 24 29 32 16 12 20 16
split_gain=4.31751 0.968808 0.903429 0.446524 0.41582 0.378632 0.488809 0.372848 0.793461 0.529771 0.344286 0.157577 0.139179 0.116318 0.00130738
threshold=4698.5000000000009 0 6043.0000000000009 0.20000000000000714 28.421428571428574 4650.5000000000009 -0.15951288319385923 6813.857142857144 7057.5000000000009 22.875000000000004 46.900000000000013 0.90623151893102627 5525.4500000000007 34.082142857142863 -0.98026352646938919
decision_type=2 9 2 2 2 2 2 2 2 2 2 2 2 2 2
left_child=12 2 3 -2 10 6 -3 9 -9 -7 -4 -5 14 -6 -1
right_child=1 5 4 11 13 7 -8 8 -10 -11 -12 -13 -14 -15 -16
leaf_value=-8.2574486946202903 0.029789676040334931 3.1622166239812786 -0.50804517912778069 -1.8062828956589874 -0.90365069194347425 0.23146078019866276 -0.60868919119802856 3.3034435746447075 -1.3664502596302317 -0.54840085340721456 3.033145997654501 -0.44487024546813836 -2.5147011742193919 -0.1010392424005348 -8.3961084621536965
leaf_weight=84 72 50 63 481 51 211 55 71 69 698 62 100 59 51 1559
leaf_count=84 72 50 63 481 51 211 55 71 69 698 62 100 59 51 1559
internal_value=-0.00155017 -0.000588207 -0.00132997 -0.00191743 0.000105262 0 0.00169811 -0.000182858 0.00117021 -0.000441759 0.00142857 -0.00219588 -0.00267234 -0.00107767 -0.00273358
internal_weight=3736 2034 880 653 227 1154 105 1049 140 909 125 581 1702 102 1643
internal_count=3736 2034 880 653 227 1154 105 1049 140 909 125 581 1702 102 1643
cat_boundaries=0 1
cat_threshold=2071
is_linear=0
shrinkage=0.03


Tree=111
num_leaves=14
num_cat=1
split_feature=21 0 12 14 32 21 12 25 10 31 12 14 7
split_gain=4.35492 0.925564 0.88771 0.509391 0.472805 0.362224 0.33294 0.430206 0.559011 0.537029 0.293628 0.16403 0.0433646
threshold=4673.0000000000009 0 5956.6333333333341 0.074116354202380205 0.20000000000000714 6001.0000000000009 4574.7000000000007 24.175000000000004 6813.857142857144 1.8499999999999897 4908.9833333333345 0.69056404122701587 55.500000000000007
decision_type=2 9 2 2 2 2 2 2 2 2 2 2 2
left_child=10 2 4 5 -2 -4 -3 9 -9 -8 -1 -5 -6
right_child=1 6 3 11 12 -7 7 8 -10 -11 -12 -13 -14
leaf_value=-8.4787999892099322 0.028895985759125657 1.4645902442843048 1.5544597945306593 -1.263253322281241 -1.2191459874112744 -0.12376240705318318 0.038196769566710087 -0.68451492792011459 1.9270258940862821 1.4153275088560922 -2.3186619895979499 -0.17109264000637878 -2.0344991136409507
leaf_weight=1567 72 61 61 95 82 71 266 630 138 79 101 69 444
leaf_count=1567 72 61 61 95 82 71 266 630 138 79 101 69 444
internal_value=-0.00151806 -0.000569841 -0.0012895 0 -0.00196828 0.00142105 0 -0.000129265 -0.000557868 0.000693641 -0.00266567 -0.00107273 -0.00228273
internal_weight=3736 2068 894 296 598 132 1174 1113 768 345 1668 164 526
internal_count=3736 2068 894 296 598 132 1174 1113 768 345 1668 164 526
cat_boundaries=0 1
cat_threshold=2071
is_linear=0
shrinkage=0.03


Tree=112
num_leaves=16
num_cat=0
split_feature=22 13 17 14 18 14 24 11 23 17 12 13 13 6 22
split_gain=3.94625 1.08665 1.08997 0.380766 0.735053 1.0957 1.70342 0.611869 0.460843 0.358344 0.450871 0.175153 0.417584 0.196546 0.0753118
threshold=4925.5000000000009 5850.548974916519 -0.6652727025667432 -0.63255557784149707 0.30000000000000365 -0.39826117949089107 6001.0000000000009 125.79508536689643 5041.5000000000009 0.97263757644091875 6713.2000000000016 5633.2540976535556 5732.1671636419733 8.5000000000000018 4548.0000000000009
decision_type=2 2 2 2 2 2 2 2 2 2 2 2 2 2 2
left_child=1 11 -3 8 9 6 -6 -7 -2 10 -5 14 13 -13 -1
right_child=3 2 -4 4 5 7 -8 -9 -10 -11 -12 12 -14 -15 -16
leaf_value=-11.676903417592765 1.116500735466937 -3.7135728712473348 2.659875419043308 -0.51294469956376632 0.14432541441744481 -0.76366508167606983 8.8624818249032487 0.86133120783947192 -3.9398519945467472 0.30183337560635637 0.57233868736297822 -2.2180866678712698 -3.4245892700710088 2.266201976369921 -1.9030918411191768
leaf_weight=1359 50 72 51 584 81 213 50 255 164 53 74 87 127 54 462
leaf_count=1359 50 72 51 584 81 213 50 255 164 53 74 87 127 54 462
internal_value=-0.00154215 -0.00235472 4.83864e-05 -0.00033246 -0.000102976 0.000629999 0.00304545 0 -0.00152093 -0.000783709 -0.00101518 -0.0025177 -0.00137175 0 -0.00266081
internal_weight=3736 2212 123 1524 1310 599 131 468 214 711 658 2089 268 141 1821
internal_count=3736 2212 123 1524 1310 599 131 468 214 711 658 2089 268 141 1821
is_linear=0
shrinkage=0.03


Tree=113
num_leaves=12
num_cat=1
split_feature=21 0 13 16 23 14 32 21 7 24 13
split_gain=4.16764 0.737398 0.714988 0.576592 0.969998 0.823388 0.489247 0.353849 0.837801 0.420818 0.090132
threshold=4512.5000000000009 0 4783.1153153153164 -0.90163369914317015 5090.5000000000009 -0.70822003333690042 0.20000000000000714 5902.5000000000009 172.50000000000003 4577.5000000000009 5694.5472096267886
decision_type=2 9 2 2 2 2 2 2 2 2 2
left_child=10 6 -3 5 -5 -4 -2 9 -9 -8 -1
right_child=1 2 3 4 -6 -7 7 8 -10 -11 -12
leaf_value=-11.523196814083128 0.13768384446368429 6.1681350006283875 2.7695531883168014 -1.3553269551505416 0.0084951201150484414 -0.82777864101808141 -0.080556254167605035 -0.82888137679500362 1.0389615917480057 -1.9565267013460184 -3.7583524710540819
leaf_weight=1353 73 51 57 508 708 141 67 126 98 484 70
leaf_count=1353 73 51 57 508 708 141 67 126 98 484 70
internal_value=-0.00151004 -0.000697494 -0.000243903 -0.000400707 -0.000668037 0.00101005 -0.00140745 -0.00166237 -0.000386667 -0.00209783 -0.00279775
internal_weight=3736 2313 1465 1414 1216 198 848 775 224 551 1423
internal_count=3736 2313 1465 1414 1216 198 848 775 224 551 1423
cat_boundaries=0 1
cat_threshold=2055
is_linear=0
shrinkage=0.03


Tree=114
num_leaves=15
num_cat=1
split_feature=22 0 12 16 10 19 32 24 17 31 14 14 29 14
split_gain=3.96414 0.75332 0.666438 0.620776 1.23133 0.454194 0.422183 0.572883 0.652881 0.51662 0.322405 0.151951 0.147597 0.0900444
threshold=4749.5000000000009 0 6043.0000000000009 -0.86976336936302323 4423.357142857144 0.60000000000000731 201.55000000000004 4765.5000000000009 -0.022576210847469604 23.350000000000005 0.074116354202380205 0.69056404122701587 21.375000000000004 -0.63255557784149707
decision_type=2 9 2 2 2 2 2 2 2 2 2 2 2 2
left_child=3 6 5 4 -1 -3 7 8 -2 -9 -4 -12 -7 -8
right_child=1 2 10 -5 -6 12 13 9 -10 -11 11 -13 -14 -15
leaf_value=-11.702765164397318 4.2320348150198859 0.021435319034068246 1.8936768116761762 -6.5043696833315776 1.4481553802763152 -0.68253355084859935 -2.7172286371460155 -0.21257928754359071 -0.24308791496328672 1.8773913483677118 -1.0900513126065812 0.08299611463434739 -1.4201036287939131 -0.21732175677365748
leaf_weight=170 58 93 88 1542 96 62 89 698 53 123 77 60 467 60
leaf_count=170 58 93 88 1542 96 62 89 698 53 123 77 60 467 60
internal_value=-0.00151004 -0.000533438 -0.0011958 -0.00252571 -0.000910113 -0.0017191 0 0.000234726 0.00225 0 0 -0.000695653 -0.00206038 -0.00148
internal_weight=3736 1928 847 1808 266 622 1081 932 111 821 225 137 529 149
internal_count=3736 1928 847 1808 266 622 1081 932 111 821 225 137 529 149
cat_boundaries=0 1
cat_threshold=488
is_linear=0
shrinkage=0.03


Tree=115
num_leaves=12
num_cat=1
split_feature=21 24 17 22 14 14 0 25 13 13 19
split_gain=4.45555 0.812651 1.28698 0.76479 0.646777 0.778905 0.427855 0.322842 0.148434 0.112635 0.0331983
threshold=4661.0000000000009 4661.0000000000009 0.063390085881955341 5041.5000000000009 -0.62588817255938378 -0.40614700388750385 0 26.175000000000008 5624.2388841687916 5714.8928571428578 0.3999999999999983
decision_type=2 2 2 2 2 2 9 2 2 2 2
left_child=8 2 -2 6 -5 -6 7 -3 -1 -10 -8
right_child=1 3 -4 4 5 -7 10 -9 9 -11 -12
leaf_value=-8.1440866323731207 2.9671045695308398 0.51249044881643169 -1.7496317180547465 -3.1295648377107259 3.3438537446443131 -0.13705058391072672 -0.43576915113234949 -1.3408857610748264 -2.4555810552770114 -3.6612430591120884 -1.812978266688106
leaf_weight=1508 95 118 65 170 139 984 50 134 50 107 275
leaf_count=1508 95 118 65 170 139 984 50 134 50 107 275
internal_value=-0.00152597 -0.000553915 0.00139751 -0.000745591 -0.000296755 0 -0.00167128 -0.000422054 -0.00268307 -0.00117722 -0.00241071
internal_weight=3695 2030 160 1870 1293 1123 577 252 1665 157 325
internal_count=3695 2030 160 1870 1293 1123 577 252 1665 157 325
cat_boundaries=0 1
cat_threshold=440
is_linear=0
shrinkage=0.03


Tree=116
num_leaves=12
num_cat=0
split_feature=21 24 17 12 29 24 16 33 15 13 13
split_gain=4.58605 0.787263 1.28698 0.611306 0.800083 0.599839 0.513597 0.480447 0.459903 0.148434 0.112635
threshold=4661.0000000000009 4661.0000000000009 0.063390085881955341 6457.7000000000016 23.875000000000004 6945.0000000000009 -0.16693488597178294 4.5050000000000008 -0.98667386918526234 5624.2388841687916 5714.8928571428578
decision_type=2 2 2 2 2 2 2 2 2 2 2
left_child=9 2 -2 4 7 6 -5 -3 -6 -1 -11
right_child=1 3 -4 5 8 -7 -8 -9 -10 10 -12
leaf_value=-7.8997640334019366 2.8780914324449269 -0.33480953853787337 -1.6971427665131011 0.18381104722347666 0.25327293292358177 -0.49773458038654461 3.2982848249741079 0.62915014588346319 -0.86774825705588055 -2.3819136236186882 -3.5514057673387232
leaf_weight=1508 95 361 65 95 87 108 56 179 984 50 107
leaf_count=1508 95 361 65 95 87 108 56 179 984 50 107
internal_value=-0.00150974 -0.000524373 0.00139751 -0.000713523 -0.000941688 0.000530769 0.00185526 0 -0.00141605 -0.00268307 -0.00117722
internal_weight=3695 2030 160 1870 1611 259 151 540 1071 1665 157
internal_count=3695 2030 160 1870 1611 259 151 540 1071 1665 157
is_linear=0
shrinkage=0.03


Tree=117
num_leaves=12
num_cat=1
split_feature=21 24 33 23 14 16 0 11 13 11 28
split_gain=4.45143 0.965886 0.831083 0.770648 0.534737 0.953582 0.447292 0.233573 0.149707 0.115606 0.0610311
threshold=4636.5000000000009 4590.5000000000009 4.3350000000000009 5090.5000000000009 -0.62588817255938378 0.76140650896573492 0 216.9312882596528 5676.8895211442796 99.907685502048992 25.875000000000004
decision_type=2 2 2 2 2 2 9 2 2 2 2
left_child=8 2 -2 6 10 -6 9 -8 -1 -3 -5
right_child=1 3 -4 4 5 -7 7 -9 -10 -11 -12
leaf_value=-8.1458946867662334 -0.7879963518479921 0.75491464213276882 4.3978801889850514 -1.0226729512508361 -0.20429783570328142 1.1476962806703217 -1.1731305574139692 -3.3853620544664742 -3.292602180581806 -1.3898752855681282 -3.7131522803553603
leaf_weight=1497 63 65 63 54 843 242 513 50 104 87 114
leaf_count=1497 63 65 63 54 843 242 513 50 104 87 114
internal_value=-0.00150974 -0.000571361 0.00186614 -0.000751143 -0.000258374 0 -0.00155028 -0.00192335 -0.00270787 0 -0.0018284
internal_weight=3695 2094 126 1968 1253 1085 715 563 1601 152 168
internal_count=3695 2094 126 1968 1253 1085 715 563 1601 152 168
cat_boundaries=0 1
cat_threshold=264
is_linear=0
shrinkage=0.03


Tree=118
num_leaves=11
num_cat=0
split_feature=21 13 27 23 33 12 25 21 13 13
split_gain=4.57353 0.879085 0.717883 0.880495 0.556452 0.459997 0.384862 0.300184 0.140092 0.112635
threshold=4661.0000000000009 4783.1153153153164 26.625000000000004 6792.5000000000009 4.5050000000000008 6605.5166666666673 25.975000000000005 6736.0000000000009 5624.2388841687916 5714.8928571428578
decision_type=2 2 2 2 2 2 2 2 2 2
left_child=8 -2 3 4 -3 6 -4 -7 -1 -10
right_child=1 2 5 -5 -6 7 -8 -9 9 -11
leaf_value=-7.4451597463845136 5.9395083585395012 -0.59820000592533262 0.19625663892938391 6.9861759807152595 0.23326578364482173 0.68684890299458412 -0.91831626633659913 -0.49201122318251128 -2.2347493270689567 -3.3460855289011069
leaf_weight=1508 57 788 52 58 286 67 640 82 50 107
leaf_count=1508 57 788 52 58 286 67 640 82 50 107
internal_value=-0.00149351 -0.000509602 -0.000635259 -9.79707e-05 -0.000332094 -0.00130404 -0.00163204 0 -0.00266507 -0.00117722
internal_weight=3695 2030 1973 1132 1074 841 692 149 1665 157
internal_count=3695 2030 1973 1132 1074 841 692 149 1665 157
is_linear=0
shrinkage=0.03


Tree=119
num_leaves=12
num_cat=1
split_feature=21 13 12 29 24 0 14 25 29 13 7
split_gain=4.48337 0.647133 0.639146 0.746883 0.456178 0.425663 0.483045 0.405516 0.262998 0.123782 0.384203
threshold=4661.0000000000009 4783.1153153153164 5992.2166666666681 25.875000000000004 4719.5000000000009 0 0.074116354202380205 23.875000000000004 32.525000000000006 5624.2388841687916 291.50000000000006
decision_type=2 2 2 2 2 9 2 2 2 2 2
left_child=9 -2 3 4 -3 6 -4 -7 -5 -1 -11
right_child=1 2 5 8 -6 7 -8 -9 -10 10 -12
leaf_value=-7.221804953992967 5.7613231077833138 2.1648329804055795 1.8946771629001284 -1.6306216856000684 -0.26450291841306806 0.28442443443939314 -0.032368480066179296 -2.706168166600138 -0.44064355520963999 -3.6779200475990308 3.2134623557731521
leaf_weight=1508 57 96 206 485 648 52 289 94 103 107 50
leaf_count=1508 57 96 206 485 648 52 289 94 103 107 50
internal_value=-0.00146916 -0.000494831 -0.000604864 -0.000983497 -0.000277853 0.000112149 0.000592885 -0.00116561 -0.00179796 -0.00262905 -0.00117722
internal_weight=3695 2030 1973 1332 744 641 495 146 588 1665 157
internal_count=3695 2030 1973 1332 744 641 495 146 588 1665 157
cat_boundaries=0 1
cat_threshold=186
is_linear=0
shrinkage=0.03


Tree=120
num_leaves=16
num_cat=0
split_feature=21 15 15 10 11 10 10 15 27 32 15 29 12 28 33
split_gain=4.48639 0.824883 1.4175 1.59806 1.74137 1.0349 1.02173 0.90961 0.883898 0.838622 0.638242 0.351592 0.273296 0.191167 0.17786
threshold=4512.5000000000009 0.34033495509342487 0.78192542922038288 4941.2142857142871 140.99983113803049 6813.857142857144 5108.2142857142871 -0.79904327102181261 24.975000000000005 1.4999999999999984 0.99611390731392835 30.550000000000004 4908.9833333333345 23.375000000000004 4.3050000000000006
decision_type=2 2 2 2 2 2 2 2 2 2 2 2 2 2 2
left_child=12 5 3 4 -3 8 14 -7 -2 -10 -8 -9 -1 -5 -4
right_child=1 2 6 13 -6 7 10 11 9 -11 -12 -13 -14 -15 -16
leaf_value=-9.6837383862025241 0.35131493111515999 3.1036348352771865 -2.2457226596558288 -1.0454781790088827 0.90362920822047743 8.1044339127366918 -0.53616929798818502 -3.9640453865531047 0.14371896120275943 -1.1682660404713989 0.44148729503583728 0.83304050665566076 -2.5802121693955069 0.3193594289586888 -0.38366725983369504
leaf_weight=1318 51 62 199 79 94 51 364 69 150 855 64 54 67 167 51
leaf_count=1318 51 62 199 79 94 51 364 69 150 855 64 54 67 167 51
internal_value=-0.00141234 -0.000577673 0 0.00143672 0.00380255 -0.00110886 -0.000808543 0.000874285 -0.00147871 -0.0016998 0 -0.000193549 -0.00277056 0 -0.00233068
internal_weight=3695 2310 1080 402 156 1230 678 174 1056 1005 428 123 1385 246 250
internal_count=3695 2310 1080 402 156 1230 678 174 1056 1005 428 123 1385 246 250
is_linear=0
shrinkage=0.03


Tree=121
num_leaves=13
num_cat=1
split_feature=21 15 14 27 19 19 12 0 10 15 33 12
split_gain=4.65478 0.942304 1.56956 1.01111 1.04717 0.962869 0.929938 0.537694 0.449496 0.373376 0.293101 0.273296
threshold=4512.5000000000009 0.34033495509342487 -0.68430824382591193 25.325000000000006 2.0000000000000009 138.85000000000002 4872.1000000000013 0 6851.1428571428578 0.99611390731392835 4.2750000000000012 4908.9833333333345
decision_type=2 2 2 2 2 2 2 9 2 2 2 2
left_child=11 3 5 -2 7 -3 10 -5 -6 -8 -4 -1
right_child=1 2 6 4 8 -7 9 -9 -10 -11 -12 -13
leaf_value=-9.3932262346164617 0.70803543177180439 2.8670254068609213 -4.2858571172719993 1.0443437441843817 -1.1199664732377717 0.7115416588627721 -0.14913173032798019 -0.35021141690689267 0.34488042924560708 0.28147148868306893 -1.8733832382896736 -2.5028058043136556
leaf_weight=1318 74 72 162 158 814 69 653 102 82 72 52 67
leaf_count=1318 74 72 162 158 814 69 653 102 82 72 52 67
internal_value=-0.00138799 -0.000538729 6.93795e-05 -0.00110886 -0.00135091 0.00304225 -0.000331916 0.000172413 -0.00184281 0.000123966 -0.00207907 -0.00277056
internal_weight=3695 2310 1080 1230 1156 141 939 260 896 725 214 1385
internal_count=3695 2310 1080 1230 1156 141 939 260 896 725 214 1385
cat_boundaries=0 1
cat_threshold=360
is_linear=0
shrinkage=0.03


Tree=122
num_leaves=14
num_cat=1
split_feature=22 19 0 24 27 19 13 12 13 21 17 21 26
split_gain=4.47736 0.898478 0.782307 1.439 0.963071 0.73749 0.677296 0.592705 0.314793 0.233387 0.181268 0.113011 0.0132619
threshold=4686.0000000000009 211.85000000000005 0 4765.5000000000009 26.675000000000008 42.95000000000001 5690.1512575900342 5992.2166666666681 6184.3318044616335 5951.0000000000009 -0.60383963676313723 4548.0000000000009 12.200000000000001
decision_type=2 2 9 2 2 2 2 2 2 2 2 2 2
left_child=6 2 3 -2 7 -5 11 -4 -6 12 -8 -1 -3
right_child=1 9 4 5 8 -7 10 -9 -10 -11 -12 -13 -14
leaf_value=-9.0678866133985956 2.3469864801796523 -2.1650097199608425 -0.3153209109254852 0.22340668947144224 -0.86636067890503066 -1.930655379955021 -3.0183689276042216 2.2381463454684667 0.069511126733806994 -0.12617988484349513 2.1261637460436069 -1.9212583344879364 -0.30552678028393987
leaf_weight=1322 83 199 460 370 431 159 78 154 75 52 50 212 50
leaf_count=1322 83 199 460 370 431 159 78 154 75 52 50 212 50
internal_value=-0.0013961 -0.000424779 -0.000133296 0.000688603 -0.000623343 3.39616e-05 -0.00255622 0.000102438 -0.00160355 -0.00194702 -6.97682e-05 -0.0027342 -0.002328
internal_weight=3695 2033 1732 612 1120 529 1662 614 506 301 128 1534 249
internal_count=3695 2033 1732 612 1120 529 1662 614 506 301 128 1534 249
cat_boundaries=0 1
cat_threshold=2400
is_linear=0
shrinkage=0.03


Tree=123
num_leaves=14
num_cat=0
split_feature=21 15 14 11 10 12 24 13 16 12 13 33 12
split_gain=4.3071 0.751771 1.68088 1.5384 1.01037 0.812009 0.668318 0.64733 0.616643 0.403584 0.329305 0.293101 0.217104
threshold=4512.5000000000009 0.34033495509342487 -0.68430824382591193 232.22526010012749 6813.857142857144 4872.1000000000013 7057.5000000000009 4783.1153153153164 -0.27694476165744958 4752.7166666666681 5969.6997774696047 4.2750000000000012 4984.0000000000009
decision_type=2 2 2 2 2 2 2 2 2 2 2 2 2
left_child=9 4 3 -3 7 11 8 -2 -6 -1 -9 -4 -7
right_child=1 2 5 -5 6 12 -8 10 -10 -11 -12 -13 -14
leaf_value=-9.157710496739961 6.0069110521110662 2.9848500979774912 -4.1031260603522242 -3.8066367851648915 -0.17484539975232671 1.1519077383982363 -2.0912419282417263 -1.4914289017649491 7.8232684073596683 -2.2642661245641782 -0.27217596719844628 -1.802904242961094 -0.067838311530797904
leaf_weight=1294 51 90 162 51 55 52 68 700 51 91 305 52 673
leaf_count=1294 51 90 162 51 55 52 68 700 51 91 305 52 673
internal_value=-0.0013961 -0.000577673 0 0.00304225 -0.00108448 -0.000459575 0.000874285 -0.00145033 0.00249533 -0.00272727 -0.00164016 -0.00207907 0
internal_weight=3695 2310 1080 141 1230 939 174 1056 106 1385 1005 214 725
internal_count=3695 2310 1080 141 1230 939 174 1056 106 1385 1005 214 725
is_linear=0
shrinkage=0.03


Tree=124
num_leaves=11
num_cat=0
split_feature=22 16 23 33 25 32 16 20 12 12
split_gain=4.26211 0.72421 0.594206 0.929239 0.662241 0.494328 0.810288 0.550624 0.143971 0.0632887
threshold=4500.5000000000009 -0.99763297024448894 5090.5000000000009 4.0750000000000011 24.425000000000004 70.350000000000009 -0.15207594512309344 26.782142857142862 4752.7166666666681 4895.5500000000011
decision_type=2 2 2 2 2 2 2 2 2 2
left_child=8 -2 3 9 -5 6 -4 -7 -1 -3
right_child=1 2 5 4 -6 7 -8 -9 -10 -11
leaf_value=-8.857320394992648 1.1562625069718611 -3.1625786167214622 -0.45906987565134272 0.79810464642748757 -0.65710613263125428 -0.76092652341721856 0.54728720869099767 0.23662436043128762 -1.8638309841471439 -0.94939731418420248
leaf_weight=1281 56 280 383 109 518 332 435 106 83 112
leaf_count=1281 56 280 383 109 518 332 435 106 83 112
internal_value=-0.00140422 -0.000599486 -0.000698595 -0.00124706 -0.000439491 -0.000217184 0.00017216 -0.00104556 -0.00274506 -0.00241985
internal_weight=3695 2331 2275 1019 627 1256 818 438 1364 392
internal_count=3695 2331 2275 1019 627 1256 818 438 1364 392
is_linear=0
shrinkage=0.03


Tree=125
num_leaves=18
num_cat=1
split_feature=21 0 19 16 12 7 11 18 12 17 19 16 18 6 26 11 17
split_gain=4.19166 0.745901 0.84978 0.795672 0.744089 1.20097 0.626605 1.08784 0.528613 0.51562 0.438034 0.468771 0.371519 0.164829 0.141265 0.127243 0.0559695
threshold=4590.5000000000009 0 36.45000000000001 -0.79384350655589164 5949.4833333333345 179.50000000000003 148.00119912941511 0.3999999999999983 4752.7166666666681 0.36447543099728863 0.60000000000000731 -0.91895236716066997 0.099999999999998243 2.5000000000000004 13.550000000000002 244.51010237932266 -0.050510150083665391
decision_type=2 9 2 2 2 2 2 2 2 2 2 2 2 2 2 2 2
left_child=8 2 6 -4 10 13 12 -8 -1 -7 16 -12 -2 -6 -5 -10 -3
right_child=1 4 3 14 5 9 7 -9 15 -11 11 -13 -14 -15 -16 -17 -18
leaf_value=-7.9553990882446577 0.094595964038597047 -0.224391872344334 1.1686427227429756 -1.8927477968543749 -0.35432399572785156 -0.30780376865545006 0.085259437357671386 5.4178784997056981 -2.3262683051429436 1.8162299709688849 -0.27404891823534466 -1.3492628599240626 -1.1075160305500604 -0.52667313323254206 -0.35976979759075739 1.4513219298036442 0.43906816711107099
leaf_weight=1425 170 53 98 272 52 59 163 100 64 111 116 583 146 149 71 50 50
leaf_count=1425 170 53 98 272 52 59 163 100 64 111 116 583 146 149 71 50 50
internal_value=-0.00146826 -0.000598907 0 -0.000990951 -0.0011098 0 0.000755172 0.00184091 -0.00267662 0.0018421 -0.00163263 -0.00190286 -9.46444e-06 -0.00157426 -0.00172674 -0.000234783 0
internal_weight=3732 2193 1020 441 1173 371 579 263 1539 170 802 699 316 201 343 114 103
internal_count=3732 2193 1020 441 1173 371 579 263 1539 170 802 699 316 201 343 114 103
cat_boundaries=0 1
cat_threshold=360
is_linear=0
shrinkage=0.03


Tree=126
num_leaves=15
num_cat=1
split_feature=22 0 12 14 13 19 12 19 19 13 24 16 19 17
split_gain=3.90155 0.826777 0.873902 0.908274 0.618517 0.534269 0.514204 0.662045 0.499549 0.313513 0.281765 0.227316 0.194565 0.0559695
threshold=4590.5000000000009 0 5949.4833333333345 0.074116354202380205 5164.7479620207678 211.85000000000005 5097.916666666667 37.000000000000014 0.60000000000000731 5690.1512575900342 4719.5000000000009 -0.93197223986804445 1.3000000000000007 -0.050510150083665391
decision_type=2 9 2 2 2 2 2 2 2 2 2 2 2 2
left_child=9 4 8 5 -2 -4 10 -8 13 -1 -6 -10 -5 -3
right_child=1 2 3 12 6 -7 7 -9 11 -11 -12 -13 -14 -15
leaf_value=-7.2262521669421815 6.6675222366084439 -0.2176601161740046 3.0089142850772133 -0.023372611366546493 0.0066921508082815311 -0.16715254124672665 0.47217766599548372 -0.70336172843996625 -0.84205421753204202 -1.9478393162980128 -1.3793286099208699 -1.2876905914932879 -0.92466616136086699 0.42589612209773664
leaf_weight=1450 64 53 108 58 127 55 319 299 101 77 258 579 134 50
leaf_count=1450 64 53 108 58 127 55 319 299 101 77 258 579 134 50
internal_value=-0.00146022 -0.000625567 -0.00118277 0 0 0.00168293 -0.000203188 0.000276251 -0.00175255 -0.00263482 -0.00108808 -0.00204846 -0.00135233 0
internal_weight=3732 2205 1138 355 1067 163 1003 618 783 1527 385 680 192 103
internal_count=3732 2205 1138 355 1067 163 1003 618 783 1527 385 680 192 103
cat_boundaries=0 1
cat_threshold=2408
is_linear=0
shrinkage=0.03


Tree=127
num_leaves=19
num_cat=1
split_feature=21 0 19 12 14 12 11 18 29 19 19 33 27 10 13 19 14 11
split_gain=4.16909 0.785372 0.678082 0.636492 0.802389 0.614781 0.556286 0.929548 0.558853 0.420202 0.415933 0.41326 0.939662 0.411549 0.206431 0.203668 0.165297 0.152891
threshold=4590.5000000000009 0 36.45000000000001 5949.4833333333345 0.074116354202380205 4736.1000000000013 148.00119912941511 0.3999999999999983 23.775000000000002 0.60000000000000731 211.85000000000005 3.9050000000000007 25.825000000000006 4688.9285714285725 6130.0382882882886 1.3000000000000007 0.73283908552571664 187.90069838183069
decision_type=2 9 2 2 2 2 2 2 2 2 2 2 2 2 2 2 2 2
left_child=5 2 6 9 10 -1 8 -8 -2 16 -5 14 -13 -11 -4 -6 -3 -7
right_child=1 3 11 4 15 17 7 -9 -10 13 -12 12 -14 -15 -16 -17 -18 -19
leaf_value=-7.6080780339499441 0.16397173619546762 0.6425141808731698 -1.6924648286389092 2.791663804577476 -0.022671433025550296 -3.0318505615058355 0.12408151253457543 5.0553164776162749 -0.56888525179412019 -0.16542338521786634 -0.1793643731933306 1.4859744564046813 -2.2434954163162542 -1.2400461944911259 -0.51461867771441816 -1.0048077812972143 -0.40190996475500479 0.7763731090487519
leaf_weight=1416 117 51 177 118 58 54 163 100 199 104 56 83 130 595 51 139 52 69
leaf_count=1416 117 51 177 118 58 54 163 100 199 104 56 83 130 595 51 139 52 69
internal_value=-0.00145218 -0.000585233 0 -0.0011098 0 -0.00265714 0.000703448 0.00172727 -9.46444e-06 -0.00159527 0.00138857 -0.000855204 0 -0.00186 -0.00174236 -0.00139394 0 -0.000193549
internal_weight=3732 2193 1020 1173 371 1539 579 263 316 802 174 441 213 699 228 197 103 123
internal_count=3732 2193 1020 1173 371 1539 579 263 316 802 174 441 213 699 228 197 103 123
cat_boundaries=0 1
cat_threshold=360
is_linear=0
shrinkage=0.03


Tree=128
num_leaves=18
num_cat=1
split_feature=21 0 19 11 18 12 24 7 12 7 10 19 15 15 26 19 11
split_gain=4.14872 0.709685 0.586536 0.59924 0.914932 0.517592 0.489763 0.874584 0.486228 0.631328 0.4716 0.530459 0.384958 0.352093 0.299289 0.171639 0.114847
threshold=4601.0000000000009 0 36.45000000000001 148.00119912941511 0.3999999999999983 4752.7166666666681 4765.5000000000009 292.50000000000006 5949.4833333333345 179.50000000000003 4688.9285714285725 0.60000000000000731 -0.82899557272681157 0.97062204580664158 13.550000000000002 1.3000000000000007 248.08781002100415
decision_type=2 9 2 2 2 2 2 2 2 2 2 2 2 2 2 2 2
left_child=5 2 3 13 -5 -1 7 -4 10 15 -3 -12 -11 -2 -8 -10 -7
right_child=1 8 6 4 -6 16 14 -9 9 12 11 -13 -14 -15 -16 -17 -18
leaf_value=-6.84010693689984 -0.34061660860342335 0.22424321161335165 -1.8130625122680026 0.12764337957340785 4.903656983287779 -1.783047517694516 -1.7649305389233192 1.963729641453045 -0.02199129003478208 1.529846168913922 0.062037290658545609 -1.1924456525420573 -0.067728997171438543 0.30106033817361977 0.4256452415737253 -0.84520567356764686 1.3184532763677983
leaf_weight=1473 253 78 60 162 100 77 258 50 58 68 101 588 100 51 59 143 53
leaf_count=1473 253 78 60 162 100 77 258 50 58 68 101 588 100 51 59 143 53
internal_value=-0.00143611 -0.000540846 5.97539e-06 0.000682539 0.00174525 -0.00259601 -0.000785047 0.000675675 -0.00104882 -3.24331e-05 -0.00149219 -0.00175652 0.00118935 -8.85253e-05 -0.00143396 -0.00127723 -0.000343512
internal_weight=3732 2129 993 566 262 1603 427 110 1136 369 767 689 168 304 317 201 130
internal_count=3732 2129 993 566 262 1603 427 110 1136 369 767 689 168 304 317 201 130
cat_boundaries=0 1
cat_threshold=360
is_linear=0
shrinkage=0.03


Tree=129
num_leaves=18
num_cat=1
split_feature=21 0 19 12 11 18 29 33 27 12 14 10 19 14 7 13 19
split_gain=3.91994 0.781873 0.632394 0.557171 0.549318 0.914932 0.679323 0.438393 1.00767 0.429382 0.551797 0.437886 0.487158 0.325 0.246653 0.200884 0.167167
threshold=4601.0000000000009 0 36.45000000000001 4736.1000000000013 148.00119912941511 0.3999999999999983 23.775000000000002 3.9050000000000007 25.825000000000006 5992.2166666666681 0.074116354202380205 4688.9285714285725 0.60000000000000731 -0.95754239937548935 216.50000000000003 6130.0382882882886 1.3000000000000007
decision_type=2 9 2 2 2 2 2 2 2 2 2 2 2 2 2 2 2
left_child=3 2 4 -1 6 -6 -2 15 -9 11 14 -3 -13 -5 -11 -4 -12
right_child=1 9 7 13 5 -7 -8 8 -10 10 16 12 -14 -15 -16 -17 -18
leaf_value=-6.7098824878364596 0.18277896872232297 0.20337699361444148 -1.6049612959918391 -7.499220108894205 0.12381407818619436 4.7565472737891428 -0.90280903439335414 1.6009447080362067 -2.0166701293729825 1.5522182939642686 -0.021331551333739637 0.060176171938783524 -0.94832493685739694 1.3731275267573817 1.5934026818407747 -0.44623220121528234 -1.010352698068449
leaf_weight=1462 111 79 172 59 162 100 193 79 125 53 58 101 642 82 83 51 120
leaf_count=1462 111 79 172 59 162 100 193 79 125 53 58 101 642 82 83 51 120
internal_value=-0.001412 -0.000540846 3.58559e-05 -0.0025399 0.000735449 0.00174525 0 -0.000785047 1.46334e-05 -0.00107498 0 -0.00144715 -0.00168548 -0.000338029 0.00129197 -0.00171429 -0.00122346
internal_weight=3732 2129 993 1603 566 262 304 427 204 1136 314 822 743 141 136 223 178
internal_count=3732 2129 993 1603 566 262 304 427 204 1136 314 822 743 141 136 223 178
cat_boundaries=0 1
cat_threshold=360
is_linear=0
shrinkage=0.03


Tree=130
num_leaves=9
num_cat=0
split_feature=22 16 13 12 17 16 25 12
split_gain=3.52101 1.09011 0.758307 0.750656 0.714526 0.711555 0.330909 0.28175
threshold=4500.5000000000009 -0.99763297024448894 5164.7479620207678 4895.5500000000011 0.94705089305139489 -0.57693561556757644 34.175000000000004 4736.1000000000013
decision_type=2 2 2 2 2 2 2 2
left_child=7 -2 5 6 -5 -3 -4 -1
right_child=1 2 3 4 -6 -7 -8 -9
leaf_value=-7.6332112576023787 1.1082387351856344 -1.7870278785073463 -1.8968221868413913 -0.32379280592892268 0.39045499587680593 9.9460419665810775 0.054400849573852827 -1.1215513596184115
leaf_weight=1305 54 52 533 1362 207 59 53 81
leaf_count=1305 54 52 533 1362 207 59 53 81
internal_value=-0.00143324 -0.000691513 -0.000808558 -0.000946197 -0.000561784 0.00144643 -0.00189608 -0.00264095
internal_weight=3706 2320 2266 2155 1569 111 586 1386
internal_count=3706 2320 2266 2155 1569 111 586 1386
is_linear=0
shrinkage=0.03


Tree=131
num_leaves=10
num_cat=0
split_feature=10 14 7 27 22 27 15 25 27
split_gain=3.66918 0.533107 0.59765 1.89375 1.00601 0.840058 0.779588 0.706174 0.157379
threshold=4447.0000000000009 0.99274428880883148 300.50000000000006 23.175000000000004 4801.0000000000009 21.475000000000005 -0.88220415136009767 19.700000000000003 22.775000000000002
decision_type=2 2 2 2 2 2 2 2 2
left_child=-1 2 5 8 -5 7 -7 -2 -4
right_child=1 -3 3 4 -6 6 -8 -9 -10
leaf_value=-8.7153459231611698 -2.1025267194856294 1.6666432875712556 -1.4931091203588482 3.3807184403649271 0.36649109132753155 -0.10037048841326504 -0.9987339037278079 0.87758544109329151 -0.23706437630352858
leaf_weight=1217 52 50 242 84 184 421 1296 108 52
leaf_count=1217 52 50 242 84 184 421 1296 108 52
internal_value=-0.00142514 -0.00073976 -0.000816394 0 0.00186245 -0.00107348 -0.00127823 0.000838509 -0.00161695
internal_weight=3706 2489 2439 562 268 1877 1717 160 294
internal_count=3706 2489 2439 562 268 1877 1717 160 294
is_linear=0
shrinkage=0.03


Tree=132
num_leaves=7
num_cat=0
split_feature=10 16 13 24 14 16
split_gain=3.94808 0.956346 0.756422 0.880615 0.607219 0.424387
threshold=4447.0000000000009 -0.998663445439673 4783.1153153153164 5100.5000000000009 -0.63255557784149707 -0.88622299073327826
decision_type=2 2 2 2 2 2
left_child=-1 -2 -3 5 -5 -4
right_child=1 2 3 4 -6 -7
leaf_value=-8.4538855454663313 0.98723570716879738 4.4959127317431458 -0.47281581394585426 -3.2017766101388636 0.0038671000869447331 -1.2151696688537712
leaf_weight=1217 50 66 191 191 1031 960
leaf_count=1217 50 66 191 191 1031 960
internal_value=-0.00137659 -0.000667471 -0.000767214 -0.000869419 -0.00026247 -0.00147396
internal_weight=3706 2489 2439 2373 1222 1151
internal_count=3706 2489 2439 2373 1222 1151
is_linear=0
shrinkage=0.03


Tree=133
num_leaves=11
num_cat=0
split_feature=10 16 23 32 21 17 20 11 13 13
split_gain=3.94852 0.94308 0.714826 0.761878 0.676301 1.85657 0.566335 0.376076 0.164081 0.0585845
threshold=4447.0000000000009 -0.998663445439673 5090.5000000000009 0.60000000000000731 5205.0000000000009 0.8842148469408333 27.339285714285719 72.104916686045257 5570.0531914893627 5542.542862021859
decision_type=2 2 2 2 2 2 2 2 2 2
left_child=9 -2 3 8 5 -4 -6 -5 -3 -1
right_child=1 2 4 7 6 -7 -8 -9 -10 -11
leaf_value=-8.3111342450415577 0.95761863595372676 1.7428879814107343 -0.18778167728348213 -1.3288094340534065 -0.49253924076108141 1.2936342199037369 0.10214553824604229 -1.1501157338514882 -0.21925118542532931 -2.2221531500032476
leaf_weight=1166 50 52 160 389 679 54 367 640 98 51
leaf_count=1166 50 52 160 389 679 54 367 640 98 51
internal_value=-0.00135231 -0.000643374 -0.000742624 -0.00128136 -0.000202221 0.00126977 -0.000547279 -0.00158447 0.000496688 -0.00276355
internal_weight=3706 2489 2439 1179 1260 214 1046 1029 150 1217
internal_count=3706 2489 2439 1179 1260 214 1046 1029 150 1217
is_linear=0
shrinkage=0.03


Tree=134
num_leaves=9
num_cat=0
split_feature=10 16 13 12 18 16 25 13
split_gain=3.62467 0.727094 0.587578 0.626624 0.42889 0.427554 0.413623 0.166827
threshold=4447.0000000000009 -0.998663445439673 5093.4900243309012 4958.7666666666673 81.300000000000011 -0.47653456831620439 29.225000000000005 5533.230385487529
decision_type=2 2 2 2 2 2 2 2
left_child=7 -2 6 5 -5 -4 -3 -1
right_child=1 2 3 4 -6 -7 -8 -9
leaf_value=-8.1158010459564682 0.92889007687511815 9.2537926517494977 -0.42538605711263117 -0.10624373225816375 -1.0233991648500347 -1.8472606449261577 -0.713275044183592 -1.2239856786778087
leaf_weight=1159 50 50 327 1398 132 480 52 58
leaf_count=1159 50 50 327 1398 132 480 52 58
internal_value=-0.00138468 -0.000703615 -0.000791804 -0.000900771 -0.000499674 -0.00160396 0.00125243 -0.00273892
internal_weight=3706 2489 2439 2337 1530 807 102 1217
internal_count=3706 2489 2439 2337 1530 807 102 1217
is_linear=0
shrinkage=0.03


Tree=135
num_leaves=15
num_cat=0
split_feature=10 18 14 10 15 11 21 21 20 16 20 23 16 23
split_gain=4.11847 0.99005 1.64528 1.05049 0.790392 0.492905 0.482269 0.446821 0.504256 0.525795 0.430477 0.378683 0.200339 0.0797197
threshold=4406.7142857142871 7.1000000000000041 -0.68430824382591193 4854.0000000000009 0.51849435583340198 193.05186730398353 6736.0000000000009 5897.5000000000009 26.675000000000004 -0.098750666093870385 34.082142857142863 4441.5000000000009 -0.878119045158818 5977.0000000000009
decision_type=2 2 2 2 2 2 2 2 2 2 2 2 2 2
left_child=-1 2 4 10 -2 -6 -5 11 13 -10 -4 -3 -13 -9
right_child=1 7 3 6 5 -7 -8 8 9 -11 -12 12 -14 -15
leaf_value=-8.1783261863116241 -0.10639773707645926 0.019599791644446429 -2.8540159387548125 0.054905752822198485 4.7677836567702405 1.1631901562019931 -0.60293214030448172 -0.26877478773715341 -1.7884163769468513 1.467501109885869 0.053773418574571089 -0.369726569136892 -1.4753312994034047 -2.4293737830380144
leaf_weight=1168 54 60 298 945 55 50 142 51 55 100 60 56 534 77
leaf_count=1168 54 60 298 945 55 50 142 51 55 100 60 56 534 77
internal_value=-0.0012952 -0.000593381 -0.000110281 -0.000456432 0.0027375 0.00424528 0 -0.00137473 -0.000190142 0.00076923 -0.00186351 -0.00182028 -0.00205584 -0.00169768
internal_weight=3705 2537 1604 1445 159 105 1087 933 283 155 358 650 590 128
internal_count=3705 2537 1604 1445 159 105 1087 933 283 155 358 650 590 128
is_linear=0
shrinkage=0.03


Tree=136
num_leaves=16
num_cat=0
split_feature=10 31 17 25 11 22 32 31 21 21 20 20 22 33 13
split_gain=4.22161 0.829022 0.946498 1.10944 1.23117 0.64927 0.635227 0.561953 0.460089 0.538491 0.393724 0.374867 0.361896 0.101332 0.0190777
threshold=4440.2857142857147 6.3999999999999995 0.16587474750015932 26.175000000000008 240.53798913272141 5041.5000000000009 2.0000000000000009 0.20000000000000009 5902.5000000000009 6001.0000000000009 34.082142857142863 27.410714285714288 4499.0000000000009 5.0450000000000008 5533.230385487529
decision_type=2 2 2 2 2 2 2 2 2 2 2 2 2 2 2
left_child=14 2 3 4 -2 10 -5 -7 12 -10 -4 -11 -3 -14 -1
right_child=1 8 5 6 -6 7 -8 -9 9 11 -12 -13 13 -15 -16
leaf_value=-7.7306645620659165 2.0385022283191709 -0.049747700473482877 -2.1818842287039866 0.2260545360794293 -4.000664371074488 -0.54638489261371403 -1.435147836404205 1.0012960519497356 0.44935440061105414 -2.5053344665472794 0.039468935462704371 0.53398359479614199 -1.3991353902582777 -0.26798647481513349 -3.3095362488722024
leaf_weight=1173 230 73 278 239 59 329 147 190 86 109 62 101 475 98 56
leaf_count=1173 230 73 278 239 59 329 147 190 86 109 62 101 475 98 56
internal_value=-0.0012952 -0.000558337 -9.57662e-05 0.000710058 0.00213103 -0.000781396 -0.000240311 -2.30776e-05 -0.00126299 -0.000111112 -0.00180352 -0.00106635 -0.00172025 -0.00197561 -0.00274146
internal_weight=3705 2476 1534 675 289 859 386 519 942 296 340 210 646 573 1229
internal_count=3705 2476 1534 675 289 859 386 519 942 296 340 210 646 573 1229
is_linear=0
shrinkage=0.03


Tree=137
num_leaves=14
num_cat=0
split_feature=10 18 14 10 24 15 21 24 7 20 23 20 26
split_gain=4.20211 0.875382 1.58118 1.11542 0.613429 0.526334 0.500239 0.485447 0.448898 0.43608 0.288902 0.167107 0.0992353
threshold=4398.5000000000009 7.1000000000000041 -0.68430824382591193 4854.0000000000009 4676.0000000000009 -0.77243990499604276 6736.0000000000009 5848.5000000000009 179.50000000000003 34.082142857142863 4441.5000000000009 29.01071428571429 15.65
decision_type=2 2 2 2 2 2 2 2 2 2 2 2 2
left_child=-1 2 4 9 -2 7 -5 11 -9 -4 -7 -3 -12
right_child=1 5 3 6 -6 10 -8 8 -10 -11 12 -13 -14
leaf_value=-7.7029879227851792 2.4453515689186798 -1.0210473755524976 -2.7226085315392377 0.048860743175645337 0.024873045896981319 -0.16658114539504459 -0.60226566843963936 -1.3712619745920385 0.71344153625046791 0.050976147953458034 -1.8990062860413468 -0.21283709286617586 -0.074923071320700252
leaf_weight=1152 104 120 304 945 57 57 142 58 137 60 466 51 52
leaf_count=1152 104 120 304 945 57 57 142 58 137 60 466 51 52
internal_value=-0.00126282 -0.000561473 -0.000106014 -0.000446282 0.00266667 -0.00129299 0 -0.000253407 0.000612244 -0.00188219 -0.001875 -0.0015 -0.00209827
internal_weight=3705 2553 1612 1451 161 941 1087 366 195 364 575 171 518
internal_count=3705 2553 1612 1451 161 941 1087 366 195 364 575 171 518
is_linear=0
shrinkage=0.03


Tree=138
num_leaves=14
num_cat=0
split_feature=10 31 14 22 7 5 20 12 7 10 27 5 12
split_gain=3.95715 0.856496 1.08416 1.15775 0.967827 0.460083 0.363358 0.977837 0.522363 0.192018 0.127254 0.0877015 0.059818
threshold=4398.5000000000009 6.3999999999999995 -0.68430824382591193 4612.0000000000009 307.50000000000006 3.5000000000000004 26.76071428571429 4984.0000000000009 178.50000000000003 4688.9285714285725 28.425000000000008 2.5000000000000004 4603.2166666666681
decision_type=2 2 2 2 2 2 2 2 2 2 2 2 2
left_child=12 2 4 -4 -2 -5 9 10 -9 -3 -8 -6 -1
right_child=1 6 3 5 11 -7 7 8 -10 -11 -12 -13 -14
leaf_value=-7.8625427212479968 -0.13466309588524297 -0.88135599301827328 -3.5389867842287721 -0.32525505205467387 2.8390275179927471 0.36672638720233991 -1.3401208639899069 -1.0182859910246675 1.1562201169833786 -1.9151941755789565 -0.39193047510108975 2.0401487647991461 -1.9041449365981655
leaf_weight=1102 74 72 190 816 50 404 249 79 151 359 59 50 50
leaf_count=1102 74 72 190 816 50 404 249 79 151 359 59 50 50
internal_value=-0.00125472 -0.000573219 -0.000111673 -0.0004146 0.00207429 -3.68558e-05 -0.00128041 -0.000628943 0.000714285 -0.00198611 -0.0017767 0.0040099 -0.0027242
internal_weight=3705 2553 1584 1410 174 1220 969 538 230 431 308 100 1152
internal_count=3705 2553 1584 1410 174 1220 969 538 230 431 308 100 1152
is_linear=0
shrinkage=0.03


Tree=139
num_leaves=9
num_cat=1
split_feature=10 14 16 0 17 11 6 21
split_gain=4.07913 0.716339 0.548131 0.494732 1.28709 0.40286 0.266654 0.0543845
threshold=4440.2857142857147 -0.96689237009891416 -0.98803388382128665 0 -0.78989723390792843 223.32311565436342 8.5000000000000018 4411.0000000000009
decision_type=2 2 2 9 2 2 2 2
left_child=7 -2 5 6 -5 -3 -4 -1
right_child=1 2 3 4 -6 -7 -8 -9
leaf_value=-7.5158577749504722 -3.4430290162633264 0.62033455316663111 -0.53897077142120864 3.5407049677239342 -0.1015665969600943 -1.0063879015818566 -0.09305163691390389 -0.66298712933895976
leaf_weight=1157 181 73 1009 53 752 51 357 72
leaf_count=1157 181 73 1009 53 752 51 357 72
internal_value=-0.00127091 -0.000546226 -0.000378921 -0.000505526 3.6764e-05 0.001464 -0.000851853 -0.00269268
internal_weight=3705 2476 2295 2171 805 124 1366 1229
internal_count=3705 2476 2295 2171 805 124 1366 1229
cat_boundaries=0 1
cat_threshold=47
is_linear=0
shrinkage=0.03


Tree=140
num_leaves=19
num_cat=2
split_feature=10 12 18 13 27 31 0 7 13 11 24 18 14 0 13 11 21 29
split_gain=3.95073 0.888853 0.609754 0.56671 0.875398 0.565319 0.440059 0.447314 0.443996 0.306097 0.330562 0.283725 0.173339 0.158799 0.118551 0.10722 0.0951187 0.0307961
threshold=4440.2857142857147 5016.7500000000009 0.40000000000000097 5690.1512575900342 27.175000000000008 0.19999999999999826 0 166.50000000000003 5624.2388841687916 50.503652200229261 4781.5000000000009 0.099999999999998243 -0.89015004145349408 1 5380.5716584756838 190.98082763140818 4450.5000000000009 26.225000000000005
decision_type=2 2 2 2 2 2 9 2 2 2 2 2 2 9 2 2 2 2
left_child=12 2 6 4 5 -3 7 -2 -8 11 -11 -5 14 17 -1 -6 -15 -4
right_child=1 3 13 9 15 -7 8 -9 -10 10 -12 -13 -14 16 -16 -17 -18 -19
leaf_value=-4.3208653623657085 -0.22718091500559742 0.10158476851327791 -1.9441455677633901 0.29787638679646822 -0.60821268648633009 2.1278700460503348 -1.3210622506596652 1.345718803346075 0.27808319031510265 4.7685127364630304 -0.41209370925614958 -0.012394619480669262 -7.7586148112907809 -2.6476487822413328 -0.45876237293582406 -1.1937048528944771 -1.4137374011982122 0.0025603678233572834
leaf_weight=144 107 152 62 50 66 135 186 50 98 50 920 51 1004 55 66 50 387 67
leaf_count=144 107 152 62 50 66 135 186 50 98 50 920 51 1004 55 66 50 387 67
internal_value=-0.00122805 -0.000519904 -0.00120533 -1.83058e-05 0.00090594 0.00185417 -0.000244345 0.000857142 -0.00100678 -0.000408583 -0.000602472 0.000999999 -0.00263951 -0.00186713 -0.00135071 -0.00105128 -0.00216556 -0.000300001
internal_weight=3700 2486 1012 1474 403 287 441 157 284 1071 970 101 1214 571 210 116 442 129
internal_count=3700 2486 1012 1474 403 287 441 157 284 1071 970 101 1214 571 210 116 442 129
cat_boundaries=0 1 2
cat_threshold=88 2433
is_linear=0
shrinkage=0.03


Tree=141
num_leaves=17
num_cat=0
split_feature=22 12 18 19 33 11 25 20 17 18 11 20 24 22 15 29
split_gain=3.902 0.707385 0.503349 0.466937 0.495132 0.45331 0.699096 0.694064 0.406091 0.402719 0.319549 0.203874 0.0935497 0.147938 0.0758086 0.0105301
threshold=4449.5000000000009 5038.1666666666679 0.59999999999999476 96.15000000000002 4.5550000000000006 75.376673090167898 22.875000000000004 23.746428571428577 -0.44697929599948477 0.29999999999999472 172.99359771631643 26.625000000000004 4499.0000000000009 4325.5000000000009 0.96633974041180493 30.975000000000005
decision_type=2 2 2 2 2 2 2 2 2 2 2 2 2 2 2 2
left_child=12 2 3 4 -2 6 14 -8 11 -10 15 -7 -1 -14 -3 -4
right_child=1 5 10 -5 -6 8 7 -9 9 -11 -12 -13 13 -15 -16 -17
leaf_value=-7.1418579777079865 -2.4399911584510572 -1.3041972076435817 -1.3855480084380736 3.1618315336127294 0.031370049239368231 -2.4075917100795579 0.77031384793165936 0.043404798929024886 -0.85844068466909429 0.46309326975027215 0.045316168828679296 -0.40404237142098742 -5.0993090610275047 -0.16282778306898379 -0.01720554648630853 -0.47554246010750956
leaf_weight=1127 167 55 420 56 262 139 59 164 315 481 51 157 76 60 50 61
leaf_count=1127 167 55 420 56 262 139 59 164 315 481 51 157 76 60 50 61
internal_value=-0.00124426 -0.000519279 -0.00112574 -0.000308643 -0.000725582 -5.27804e-05 0.000884498 0.00190179 -0.00037603 0 -0.00178424 -0.00132323 -0.00260601 -0.00111679 -0.000849057 -0.00202905
internal_weight=3700 2437 1017 485 429 1420 328 223 1092 796 532 296 1263 136 105 481
internal_count=3700 2437 1017 485 429 1420 328 223 1092 796 532 296 1263 136 105 481
is_linear=0
shrinkage=0.03


Tree=142
num_leaves=19
num_cat=1
split_feature=22 12 33 11 14 7 11 10 7 25 14 20 0 10 12 27 13 19
split_gain=3.76991 0.65763 0.500515 0.516675 0.426331 0.634886 0.399469 0.506046 0.568431 0.468611 0.461606 0.436639 0.322692 0.451163 0.243841 0.232475 0.127382 0.0469376
threshold=4449.5000000000009 5016.7500000000009 4.5550000000000006 165.11179473893353 -0.86976336936302323 263.50000000000006 75.376673090167898 4932.5000000000009 298.50000000000006 22.875000000000004 -0.56368474752277564 23.746428571428577 0 4825.5714285714303 4872.1000000000013 25.975000000000005 5805.7556662087927 97.100000000000023
decision_type=2 2 2 2 2 2 2 2 2 2 2 2 9 2 2 2 2 2
left_child=4 2 3 14 5 -1 9 8 -8 16 -9 -11 13 -4 -2 -14 -3 -5
right_child=1 6 12 17 -6 -7 7 10 -10 11 -12 -13 15 -15 -16 -17 -18 -19
leaf_value=0.8076741272236021 -2.0498330084357299 0.046333875008314714 1.2170763639334263 -1.9180074230206483 -7.3116006276208187 -3.9409038611385858 -1.4731281426278953 -3.4359556742712614 5.0292681119435478 0.70298061591273564 -0.15159066807303198 0.021043382384500604 0.094699374880004003 -0.36887376670976729 -0.11529778416627989 -1.0600084285139673 -0.86995733151874899 0.28215697715389759
leaf_weight=51 395 50 50 52 1018 194 53 207 50 63 804 176 68 56 55 251 56 51
leaf_count=51 395 50 50 52 1018 194 53 207 50 63 804 176 68 56 55 251 56 51
internal_value=-0.00121994 -0.000506974 -0.00111236 -0.00172202 -0.00255855 -0.00109756 -6.98637e-05 -0.000373992 0.0015 0.000780346 -0.000610673 0.001575 -0.000211268 0.000999999 -0.00216186 -0.000763637 -0.000588786 0
internal_weight=3700 2437 978 553 1263 245 1459 1114 103 345 1011 239 425 106 450 319 106 103
internal_count=3700 2437 978 553 1263 245 1459 1114 103 345 1011 239 425 106 450 319 106 103
cat_boundaries=0 1
cat_threshold=96
is_linear=0
shrinkage=0.03


Tree=143
num_leaves=12
num_cat=0
split_feature=22 12 14 7 14 24 14 14 20 23 23
split_gain=3.83154 0.764234 0.51867 0.798095 0.502267 0.470916 0.57337 0.599755 0.43271 0.394833 0.176071
threshold=4349.5000000000009 5016.7500000000009 -0.70822003333690042 300.50000000000006 0.98213580174693105 4765.5000000000009 -0.63255557784149707 -0.39036798905311365 33.846428571428582 4441.5000000000009 4977.5000000000009
decision_type=2 2 2 2 2 2 2 2 2 2 2
left_child=-1 2 3 9 8 -3 10 -8 -4 -2 -7
right_child=1 5 4 -5 -6 6 7 -9 -10 -11 -12
leaf_value=-7.7717443072709793 0.43533252709658454 1.7174473404894077 -1.5212357387031363 1.7307879364226775 0.3680157217969563 -0.91767385551177216 1.6963649805655245 -0.048609272338532156 0.05910336408572598 -1.3009419422609558 -3.295014509731983
leaf_weight=1045 72 79 737 71 51 80 130 1015 79 179 162
leaf_count=1045 72 79 737 71 51 80 130 1015 79 179 162
internal_value=-0.00120373 -0.000576055 -0.00114454 0 -0.00152765 -8.38453e-05 -0.000242076 0 -0.0017295 -0.000904763 -0.0015679
internal_weight=3700 2655 1189 322 867 1466 1387 1145 816 251 242
internal_count=3700 2655 1189 322 867 1466 1387 1145 816 251 242
is_linear=0
shrinkage=0.03


Tree=144
num_leaves=17
num_cat=1
split_feature=22 12 14 7 18 19 25 11 25 21 17 10 11 21 7 0
split_gain=3.77573 0.527292 0.527004 0.576812 0.429348 0.439409 0.485198 0.39316 0.497273 0.469922 0.406091 0.40582 0.385946 0.137471 0.0597235 0.0586827
threshold=4449.5000000000009 5038.1666666666679 -0.86976336936302323 263.50000000000006 0.59999999999999476 96.15000000000002 25.975000000000005 75.376673090167898 27.075000000000006 5227.5000000000009 -0.44697929599948477 5025.5714285714294 156.95130261192097 6500.5000000000009 289.50000000000006 0
decision_type=2 2 2 2 2 2 2 2 2 2 2 2 2 2 2 9
left_child=2 4 3 -1 5 6 -2 8 9 -3 13 -12 15 -9 -5 -6
right_child=1 7 -4 14 12 -7 -8 10 -10 -11 11 -13 -14 -15 -16 -17
leaf_value=0.78760210072575243 -1.0224328768009361 0.21657934629628348 -6.8591002795740854 -5.7588543042677314 -1.1374382288298308 3.0883710199474033 0.18320435914880612 -0.81065128388745455 0.3275071699609659 -0.56354584990788104 3.6971342339891895 -0.14826979889408506 0.06439936495612153 -1.2547192964303944 -1.2160628034762049 -1.2449686645172078
leaf_weight=51 217 158 1018 105 113 56 212 184 59 111 51 745 67 112 89 352
leaf_count=51 217 158 1018 105 113 56 212 184 59 111 51 745 67 112 89 352
internal_value=-0.00119562 -0.000482363 -0.00253481 -0.00097561 -0.00100786 -0.000246914 -0.000655815 -7.38923e-05 0.000793312 6.6666e-05 -0.00037603 0 -0.00161539 -0.00132323 -0.00183077 -0.00193133
internal_weight=3700 2437 1263 245 1017 485 429 1420 328 269 1092 796 532 296 194 465
internal_count=3700 2437 1263 245 1017 485 429 1420 328 269 1092 796 532 296 194 465
cat_boundaries=0 1
cat_threshold=388
is_linear=0
shrinkage=0.03


Tree=145
num_leaves=12
num_cat=1
split_feature=10 14 18 6 14 15 14 0 21 29 12
split_gain=4.09746 0.715574 0.655264 0.505187 2.03996 0.615299 1.07089 0.759027 0.430014 0.394346 0.369466
threshold=4371.357142857144 0.93544191479114935 0.40000000000000097 10.500000000000002 -0.70822003333690042 -0.88220415136009767 -0.36647417525074694 0 6592.5000000000009 25.075000000000006 4839.1166666666677
decision_type=2 2 2 2 2 2 2 9 2 2 2
left_child=-1 3 8 5 9 6 -2 -7 -3 -5 -6
right_child=1 2 -4 4 10 7 -8 -9 -10 -11 -12
leaf_value=-6.6533272711868721 2.2756892152318273 3.7997618514886922 -0.77981332097787948 0.3481077844594655 -1.8426009226704252 -0.0076804972765317468 -0.3806036713569273 -0.84315660809573301 -0.0059702949555175203 4.7748529467433745 -0.14253289257326388
leaf_weight=1093 53 69 81 52 175 351 380 1076 52 56 292
leaf_count=1093 53 69 81 52 175 351 380 1076 52 56 292
internal_value=-0.00121013 -0.000548143 0.00107882 -0.000701971 0 -0.000943042 0 -0.0012437 0.00255738 0.00377064 -0.000782052
internal_weight=3730 2637 202 2435 575 1860 433 1427 121 108 467
internal_count=3730 2637 202 2435 575 1860 433 1427 121 108 467
cat_boundaries=0 1
cat_threshold=776
is_linear=0
shrinkage=0.03


Tree=146
num_leaves=16
num_cat=1
split_feature=22 14 32 12 21 15 12 0 14 15 16 14 10 15 21
split_gain=4.33007 0.691445 0.599648 0.536374 0.661706 1.62378 0.492427 0.45627 0.505971 0.398908 0.39533 0.159064 0.207404 0.0541328 0.00325749
threshold=4590.5000000000009 0.93544191479114935 2.0000000000000009 4852.7666666666673 4917.5000000000009 0.43540432083943431 4678.7166666666681 0 -0.69674959280705229 -0.88220415136009767 -0.52766560075116253 -0.78856175031405207 4395.1428571428578 0.071972700440407641 4299.0000000000009
decision_type=2 2 2 2 2 2 2 9 2 2 2 2 2 2 2
left_child=6 3 -3 7 5 -5 11 8 -2 -6 -8 12 14 -4 -1
right_child=1 2 13 4 9 -7 10 -9 -10 -11 -12 -13 -14 -15 -16
leaf_value=-6.4973444652098769 1.1513121591496116 1.4124722642738683 0.027298254757775548 -0.31239731061435388 0.22439357688778264 3.1993760319300333 1.1649639874997062 -1.2003538836233067 -2.2098578706440128 -0.31060378744639067 -3.3779515882877242 -5.8912427101082807 -0.15641971857043743 -1.0410502637228451 -1.3472445482489426
leaf_weight=162 52 97 50 190 244 57 78 346 106 1037 83 1018 92 51 67
leaf_count=162 52 97 50 190 244 57 78 346 106 1037 83 1018 92 51 67
internal_value=-0.00117797 -0.000316003 0.00131156 -0.000497295 -0.000182473 0.00118548 -0.00242838 -0.0013604 0 -0.00048206 -0.000481482 -0.00262836 -0.00163975 0 -0.00213913
internal_weight=3730 2230 198 2032 1528 247 1500 504 158 1281 161 1339 321 101 229
internal_count=3730 2230 198 2032 1528 247 1500 504 158 1281 161 1339 321 101 229
cat_boundaries=0 1
cat_threshold=265
is_linear=0
shrinkage=0.03


Tree=147
num_leaves=13
num_cat=0
split_feature=10 14 13 7 7 11 15 7 32 15 12 14
split_gain=4.18776 0.679616 0.786453 0.507338 1.33264 0.712025 0.666273 1.06174 0.531448 0.412896 0.321565 0.0513255
threshold=4395.1428571428578 0.93544191479114935 5589.4214601769918 300.50000000000006 319.50000000000006 204.73687068985348 -0.86548532668110156 204.50000000000003 1.0999999999999985 0.071972700440407641 4834.0000000000009 -0.97694226132849327
decision_type=2 2 2 2 2 2 2 2 2 2 2 2
left_child=11 3 -3 6 5 -5 7 -2 -8 -4 -6 -1
right_child=1 2 9 4 10 -7 8 -9 -10 -11 -12 -13
leaf_value=-4.8523697924421656 -0.34447083344514923 3.6593938600325133 0.1738184135483965 4.2464391773943744 -1.7523013383341162 -0.089649610982425521 -0.037207337634774067 1.6777151260182059 -1.0710825623766973 -1.3786451345693014 -0.071497336678226261 -6.1769311826695494
leaf_weight=51 387 57 79 82 172 51 250 59 1095 66 295 1086
leaf_count=51 387 57 79 82 172 51 250 59 1095 66 295 1086
internal_value=-0.00119405 -0.000506554 0.00107882 -0.0006597 2.49577e-05 0.00273134 -0.000914063 0 -0.00124814 0 -0.000653847 -0.00272056
internal_weight=3730 2593 202 2391 600 133 1791 446 1345 145 467 1137
internal_count=3730 2593 202 2391 600 133 1791 446 1345 145 467 1137
is_linear=0
shrinkage=0.03


Tree=148
num_leaves=16
num_cat=1
split_feature=22 0 12 17 12 7 21 24 21 12 16 21 12 14 33
split_gain=4.29101 0.547218 1.27107 0.872474 0.624981 0.491833 0.37607 0.752209 0.361972 0.302479 0.429079 0.371533 0.156842 0.0692847 0.0641884
threshold=4500.5000000000009 0 6457.7000000000016 -0.74586550181710298 6886.5000000000009 263.50000000000006 4776.0000000000009 4776.0000000000009 4535.5000000000009 4862.5833333333339 -0.7614135502316719 5127.5000000000009 4752.7166666666681 -0.79902248885025529 4.5850000000000009
decision_type=2 9 2 2 2 2 2 2 2 2 2 2 2 2 2
left_child=8 3 9 5 -4 -2 14 -8 12 10 -3 -11 13 -1 -5
right_child=1 2 4 6 -6 -7 7 -9 -10 11 -12 -13 -14 -15 -16
leaf_value=-2.4787649670972476 3.5336129931425497 -0.15557772256084645 1.5126663585668092 -2.1372058214986307 -0.37932147681367712 -0.71780898588898645 0.86267934531414114 -0.040626743062871611 -1.2171486201254533 0.0062713778478873834 -1.4544642870567854 -0.48401595591176921 -1.4253710078720658 -6.0202645155638601 -1.1505221307469538
leaf_weight=269 79 104 99 72 81 55 52 450 85 368 304 613 56 991 52
leaf_count=269 79 104 99 72 81 55 52 450 85 368 304 613 56 991 52
internal_value=-0.00117797 -0.000365666 -0.00069114 0.000252918 0.00157458 0.00246667 -0.000148326 0.000137176 -0.00249501 -0.00102302 -0.0017824 -0.000659879 -0.00262187 -0.00270024 -0.001656
internal_weight=3730 2329 1569 760 180 134 626 502 1401 1389 408 981 1316 1260 124
internal_count=3730 2329 1569 760 180 134 626 502 1401 1389 408 981 1316 1260 124
cat_boundaries=0 1
cat_threshold=328
is_linear=0
shrinkage=0.03


Tree=149
num_leaves=14
num_cat=1
split_feature=22 0 12 22 12 33 29 21 12 15 11 7 12
split_gain=4.25743 0.612341 0.881332 0.875588 0.790267 0.559905 0.445957 0.353561 0.319116 0.413845 0.316889 0.265023 0.151651
threshold=4500.5000000000009 0 6713.2000000000016 6856.0000000000009 4506.416666666667 3.1850000000000005 26.825000000000006 4535.5000000000009 4862.5833333333339 -0.8901731938066898 255.49455975183304 300.50000000000006 4752.7166666666681
decision_type=2 9 2 2 2 2 2 2 2 2 2 2 2
left_child=7 4 8 -4 -2 6 -6 12 11 -10 -7 -3 -1
right_child=1 2 3 -5 5 10 -8 -9 9 -11 -12 -13 -14
leaf_value=-5.0854651421332546 2.29878681281029 -1.4003324247884872 3.462288732634065 -0.39429846542165303 0.00043229664630447102 0.00046963405170967086 1.1382547185794303 -1.180634161521702 0.097541613734441604 -0.39822496891525733 -0.92542687389655598 -0.55225703349983368 -1.3826098776359075
leaf_weight=1260 50 228 60 54 81 595 54 85 154 730 194 129 56
leaf_count=1260 50 228 60 54 81 595 54 85 154 730 194 129 56
internal_value=-0.00116189 -0.00035279 -0.000768668 0.0015913 0.000185786 0 0.00176471 -0.00247361 -0.00102899 -0.000640679 -0.000318988 -0.00186034 -0.00259909
internal_weight=3730 2329 1355 114 974 924 135 1401 1241 884 789 357 1316
internal_count=3730 2329 1355 114 974 924 135 1401 1241 884 789 357 1316
cat_boundaries=0 1
cat_threshold=456
is_linear=0
shrinkage=0.03


Tree=150
num_leaves=11
num_cat=0
split_feature=21 32 14 14 16 22 11 26 16 25
split_gain=4.35624 0.613182 0.613059 1.07844 0.842155 0.675155 0.608641 0.581928 0.54756 0.192013
threshold=4441.5000000000009 218.45000000000002 -0.39036798905311365 -0.49064630004295678 -0.90163369914317015 4720.5000000000009 248.08781002100415 12.65 -0.7614135502316719 30.225000000000005
decision_type=2 2 2 2 2 2 2 2 2 2
left_child=6 2 3 4 -2 9 -1 -3 -7 -4
right_child=1 7 5 -5 -6 8 -8 -9 -10 -11
leaf_value=-5.5222694704093911 1.2077864585784142 -1.5021862259856462 -2.591182419293288 3.4591354746237259 -1.2220727215707226 -0.85586756341368198 -0.9955861705187472 0.11057907229275969 0.015736323752499282 -0.38252856342902553
leaf_weight=1196 191 254 173 81 296 208 65 82 1088 60
leaf_count=1196 191 254 173 81 296 208 65 82 1088 60
internal_value=-0.00116834 -0.000404274 -0.000188752 0.000616871 0 -0.000517648 -0.00260539 -0.00161128 -0.000210486 -0.00202564
internal_weight=3694 2433 2097 568 487 1529 1261 336 1296 233
internal_count=3694 2433 2097 568 487 1529 1261 336 1296 233
is_linear=0
shrinkage=0.03


Tree=151
num_leaves=15
num_cat=1
split_feature=10 12 0 12 5 6 21 20 7 20 16 16 24 14
split_gain=4.17113 0.55484 1.03715 0.91546 0.548284 0.717171 0.624207 0.472053 0.529338 0.517804 0.288261 0.231148 0.0973387 0.0907874
threshold=4371.357142857144 4852.7666666666673 0 4553.7166666666681 1.0000000180025095e-35 10.500000000000002 5897.5000000000009 23.746428571428577 41.500000000000007 26.817857142857147 -0.60468929461279042 -0.96435839813458457 4350.5000000000009 -0.95754239937548935
decision_type=2 2 9 2 2 2 2 2 2 2 2 2 2 2
left_child=13 2 3 -2 5 6 -3 8 -6 -9 -5 -4 -13 -1
right_child=1 4 11 10 7 -7 -8 9 -10 -11 -12 12 -14 -15
leaf_value=-3.8773123403057306 1.2611764778945718 -1.1327152503849469 -0.14210332549335786 0.48197452178430128 -0.30343520010270442 4.7577829718460141 0.81369105536589359 -0.63889744352456501 0.97235582929517628 -0.039637878312068289 -1.731546078522779 -0.17367968545116791 -1.6048221165604057 -5.6696964218381645
leaf_weight=69 98 127 50 68 214 52 131 508 195 512 145 53 454 1018
leaf_count=69 98 127 50 68 214 52 131 508 195 512 145 53 454 1018
internal_value=-0.00119269 -0.000519939 -0.0011496 0.000130434 -0.000179311 0.000916398 8.10804e-05 -0.000448952 0.000336585 -0.000808032 -0.000813085 -0.00191197 -0.0021378 -0.00276287
internal_weight=3694 2607 868 311 1739 310 258 1429 409 1020 213 557 507 1087
internal_count=3694 2607 868 311 1739 310 258 1429 409 1020 213 557 507 1087
cat_boundaries=0 1
cat_threshold=840
is_linear=0
shrinkage=0.03


Tree=152
num_leaves=16
num_cat=0
split_feature=21 33 33 15 12 15 16 14 16 11 33 14 7 11 12
split_gain=4.35624 0.595167 1.77018 1.21924 1.02431 0.613733 0.847847 0.775178 0.554935 0.599026 0.512017 0.493218 0.665718 0.425516 0.209279
threshold=4441.5000000000009 5.0450000000000008 5.7800000000000002 0.5969655492110445 4862.5833333333339 -0.77243990499604276 0.66527693225344786 -0.35041564478062465 -0.7614135502316719 96.351785991090011 5.4850000000000003 -0.69674959280705229 289.50000000000006 248.08781002100415 6640.8166666666675
decision_type=2 2 2 2 2 2 2 2 2 2 2 2 2 2 2
left_child=13 4 3 10 11 7 -7 -6 14 -10 -3 12 -2 -1 -4
right_child=1 2 8 -5 5 6 -8 -9 9 -11 -12 -13 -14 -15 -16
leaf_value=-5.2349885990396929 -0.95821589548473129 -0.097319709320996706 -2.2353172318716528 2.2415369603208557 1.1894372406193379 0.001552889824001172 -1.3282584869200573 -0.31788992716808656 -0.52616786491070533 0.66649982317097478 1.1298641973824048 -2.0867996995019085 1.1068464348746618 -0.96764107206705907 -0.037452918703559296
leaf_weight=1196 124 113 164 59 100 586 291 155 156 167 61 328 76 65 53
leaf_count=1196 124 113 164 59 100 586 291 155 156 167 61 328 76 65 53
internal_value=-0.00116834 -0.000404274 0.000240309 0.00246154 -0.000731488 -0.000177406 -0.0005877 0.00105469 -0.000637709 1.85178e-05 0.000874285 -0.00183176 -0.000373135 -0.00260539 -0.00181651
internal_weight=3694 2433 773 233 1660 1132 877 255 540 323 174 528 200 1261 217
internal_count=3694 2433 773 233 1660 1132 877 255 540 323 174 528 200 1261 217
is_linear=0
shrinkage=0.03


Tree=153
num_leaves=16
num_cat=2
split_feature=10 11 5 33 33 12 22 0 33 0 18 21 14 16 23
split_gain=4.00825 0.535976 0.734618 0.587649 1.9591 1.07702 0.796859 0.566153 0.42534 0.385877 0.371902 0.291762 0.239789 0.160489 0.117487
threshold=4371.357142857144 151.87963760329697 1.5000000000000002 5.1350000000000007 5.3150000000000004 4862.5833333333339 4843.0000000000009 0 3.1850000000000005 1 8.4999999999999947 4801.0000000000009 -0.95754239937548935 -0.77719744692517556 6181.0000000000009
decision_type=2 2 2 2 2 2 2 9 2 9 2 2 2 2 2
left_child=12 3 8 5 -5 13 -7 14 -3 -6 -10 -9 -1 -2 -4
right_child=1 2 7 4 9 6 -8 11 10 -11 -12 -13 -14 -15 -16
leaf_value=-3.6039433121253532 -0.15197913356242684 2.6530818438402242 -2.2651867579363394 1.3998533683277643 0.1334973609922819 1.6252581934919919 -0.14828990256630753 1.1038116458166487 0.8105226249500983 -0.413802238125973 -1.8609446250635469 -0.34737553847806713 -5.342555871211828 -1.8131171545672424 -0.21992036907070148
leaf_weight=69 84 55 171 50 131 51 564 103 190 305 79 338 1018 425 61
leaf_count=69 84 55 171 50 131 51 564 103 190 305 79 338 1018 425 61
internal_value=-0.00116834 -0.000508436 0 -0.000847301 0 -0.001224 -0.000292209 -0.000525223 0.00120923 -0.000624715 0.00051111 2.6548e-05 -0.00270772 -0.00225882 -0.00169136
internal_weight=3694 2607 997 1610 486 1124 615 673 324 436 269 441 1087 509 232
internal_count=3694 2607 997 1610 486 1124 615 673 324 436 269 441 1087 509 232
cat_boundaries=0 1 2
cat_threshold=404 329
is_linear=0
shrinkage=0.03


Tree=154
num_leaves=18
num_cat=1
split_feature=21 11 33 33 12 18 10 14 33 16 0 10 16 12 15 14 14
split_gain=3.88439 0.548625 0.496274 1.65478 1.03097 0.97526 0.543002 0.977899 0.966988 0.479087 0.444499 0.354199 0.303064 0.17549 0.111025 0.101029 0.118514
threshold=4441.5000000000009 216.9312882596528 5.1350000000000007 5.7800000000000002 4862.5833333333339 0.099999999999998243 4885.2142857142871 -0.89785546691630314 3.6850000000000005 -0.7614135502316719 0 4476.857142857144 -0.74514031746906351 6640.8166666666675 -0.21022037796396451 -0.861146256326485 -0.91936887716170002
decision_type=2 2 2 2 2 2 2 2 2 2 9 2 2 2 2 2 2
left_child=1 15 4 5 11 -4 7 -6 -8 13 -11 -2 -13 -5 -7 16 -1
right_child=2 -3 3 9 6 14 8 -9 -10 10 -12 12 -14 -15 -16 -17 -18
leaf_value=-3.7553523832033839 0.019779763863862931 -0.99961411184367399 1.4347873505677629 -2.1607694079716335 -3.3922456826460814 0.39281706566694624 0.12111819316727969 2.4973907453469768 -0.4667000623205721 -0.34445357297905704 0.68899208300026615 -0.34506735110195114 -1.4734933252313005 -0.023915263998672054 -0.04459131276955107 -5.387796630386311 -1.0670314802081429
leaf_weight=155 63 85 77 164 53 50 443 82 593 158 165 134 344 53 54 966 55
leaf_count=155 63 85 77 164 53 50 443 82 593 158 165 134 344 53 54 966 55
internal_value=-0.0011521 -0.0025103 -0.000428924 0.000182825 -0.000712785 0.0027033 -0.000168943 0.00154412 -0.000436838 -0.000582256 1.85178e-05 -0.00180443 -0.0020856 -0.0016789 0.000314285 -0.00267885 -0.00149289
internal_weight=3694 1261 2433 721 1712 181 1171 135 1036 540 323 541 478 217 104 1176 210
internal_count=3694 1261 2433 721 1712 181 1171 135 1036 540 323 541 478 217 104 1176 210
cat_boundaries=0 1
cat_threshold=135
is_linear=0
shrinkage=0.03


Tree=155
num_leaves=11
num_cat=0
split_feature=22 14 12 17 17 10 14 14 13 12
split_gain=3.89859 0.594169 0.420212 0.842707 0.698275 0.464824 1.05104 0.629539 0.343819 0.226768
threshold=4349.5000000000009 0.99053107487289871 4936.5833333333339 -0.016126424138694709 -0.93159275750773085 4868.0714285714303 -0.84315017450793706 -0.63255557784149707 5496.0724763224771 4640.1833333333343
decision_type=2 2 2 2 2 2 2 2 2 2
left_child=9 2 3 4 -2 6 -4 -7 -5 -1
right_child=1 -3 5 8 -6 7 -8 -9 -10 -11
leaf_value=-5.8437911367504514 -3.7946078298853667 1.0692826299699547 -2.5069835694586371 -2.3002712524894449 0.25145689679586625 -3.1126089325395689 3.4440294305832775 -0.024803986767412571 -0.46191568996470372 -2.862992412797233
leaf_weight=1001 101 67 64 340 329 230 70 1213 256 51
leaf_count=1001 101 67 64 340 329 230 70 1213 256 51
internal_value=-0.00114182 -0.000511045 -0.000596775 -0.00108374 0 -0.000250951 0.00135555 -0.000432134 -0.00181407 -0.00269801
internal_weight=3722 2670 2603 1026 430 1577 134 1443 596 1052
internal_count=3722 2670 2603 1026 430 1577 134 1443 596 1052
is_linear=0
shrinkage=0.03


Tree=156
num_leaves=12
num_cat=0
split_feature=22 14 14 22 14 24 14 22 11 13 14
split_gain=3.87897 0.497292 0.872276 1.1753 0.859449 1.37707 0.43533 0.33 0.142167 0.0958257 0.0282663
threshold=4349.5000000000009 -0.98370366633421236 -0.39036798905311365 4720.5000000000009 -0.49064630004295678 4760.5000000000009 0.84313847884979054 5300.5000000000009 100.80365600575341 5476.4333148586693 -0.93843426604005675
decision_type=2 2 2 2 2 2 2 2 2 2 2
left_child=9 -2 4 8 5 -3 -5 -6 -4 10 -1
right_child=1 2 3 6 7 -7 -8 -9 -10 -11 -12
leaf_value=-3.1449209264039206 -3.8832619498572245 1.0547610590155998 -2.7093461172808411 -0.20227754876034662 0.13277821626522882 -0.80485604353034579 0.33562162621241776 4.9662195683388068 -0.96708301810594377 -2.9580998002942849 -6.0419445256989484
leaf_weight=81 162 319 289 1033 51 340 319 51 106 65 906
leaf_count=81 162 319 289 1033 51 340 319 51 106 65 906
internal_value=-0.00111765 -0.000488582 -0.000362296 -0.000741419 0.000448818 0 -0.000281597 0.003 -0.00219697 -0.00266952 -0.00276923
internal_weight=3722 2670 2508 1747 761 659 1352 102 395 1052 987
internal_count=3722 2670 2508 1747 761 659 1352 102 395 1052 987
is_linear=0
shrinkage=0.03


Tree=157
num_leaves=11
num_cat=0
split_feature=10 14 14 33 21 12 14 14 15 13
split_gain=3.84358 0.630789 0.796503 0.904338 0.716357 0.869529 0.703672 0.433394 0.346055 0.225927
threshold=4395.1428571428578 -0.95995996396290595 -0.39036798905311365 5.0450000000000008 4776.0000000000009 4802.0333333333338 -0.49064630004295678 -0.861146256326485 -0.95242240592625282 5212.8953977989486
decision_type=2 2 2 2 2 2 2 2 2 2
left_child=7 -2 3 6 8 -6 -3 9 -4 -1
right_child=1 2 4 -5 5 -7 -8 -9 -10 -11
leaf_value=-4.2300122463251535 -2.9985001668346789 -0.17395950442047503 0.22933265070443579 1.4746330911874357 3.2217402085769056 -0.13699947780257934 1.9066364404985745 -5.1866040058673644 -1.8885694580993821 0.007786252698584982
leaf_weight=99 228 533 66 50 61 1222 101 941 325 96
leaf_count=99 228 533 66 50 61 1222 101 941 325 96
internal_value=-0.00112571 -0.000465018 -0.000296313 0.000529926 -0.000660896 -0.000275702 0.000146456 -0.00258839 -0.00180612 -0.000918368
internal_weight=3722 2586 2358 684 1674 1283 634 1136 391 195
internal_count=3722 2586 2358 684 1674 1283 634 1136 391 195
is_linear=0
shrinkage=0.03


Tree=158
num_leaves=12
num_cat=1
split_feature=10 14 17 24 24 0 14 14 14 33 13
split_gain=3.79965 0.61958 0.720394 0.82634 0.729071 0.653461 0.541877 0.433394 0.317524 0.260761 0.225927
threshold=4395.1428571428578 -0.95995996396290595 -0.24372464231556024 4776.0000000000009 4977.5000000000009 0 -0.61237985104942771 -0.861146256326485 -0.40614700388750385 6.8800000000000017 5212.8953977989486
decision_type=2 2 2 2 2 9 2 2 2 2 2
left_child=7 -2 3 5 6 -3 -4 10 -6 -5 -1
right_child=1 2 4 9 8 -7 -8 -9 -10 -11 -12
leaf_value=-4.1031118789354091 -2.9085451618296387 0.066756089629197546 0.086516615148522533 -0.30345261395450396 0.49616951841829848 3.1850147230220252 -1.1681532592165824 -5.0310058856913367 -0.14941949201236579 0.58865046449990022 0.0075526651176246072
leaf_weight=99 228 103 111 358 214 100 538 941 808 126 96
leaf_count=99 228 103 111 358 214 100 538 941 808 126 96
internal_value=-0.00113376 -0.000476615 -0.00030903 0.00047093 -0.000656699 0.00208823 -0.00144923 -0.00258839 -0.000108505 -0.000117526 -0.000918368
internal_weight=3722 2586 2358 687 1671 203 649 1136 1022 484 195
internal_count=3722 2586 2358 687 1671 203 649 1136 1022 484 195
cat_boundaries=0 1
cat_threshold=138
is_linear=0
shrinkage=0.03


Tree=159
num_leaves=14
num_cat=1
split_feature=22 32 0 24 16 16 16 27 15 12 15 7 13
split_gain=4.03143 0.621862 0.606094 0.449604 0.39308 0.847507 0.356715 0.319863 0.290077 0.661775 0.660016 0.271924 0.183351
threshold=4399.5000000000009 0.55000000000000726 0 4511.5000000000009 -0.57693561556757644 0.71051919230648819 -0.62588817255938378 28.275000000000002 0.79253265336324141 5038.1666666666679 0.52583933546504591 158.50000000000003 5476.4333148586693
decision_type=2 2 9 2 2 2 2 2 2 2 2 2 2
left_child=3 4 6 12 -2 -6 11 -8 10 -10 -4 -3 -1
right_child=1 2 8 -5 5 -7 7 -9 9 -11 -12 -13 -14
leaf_value=-4.6341403002700483 -0.50930704219965495 -0.39645780267411446 -0.12649410415645476 -0.1210984979823391 0.90082041873125029 0.0057102591104398279 -0.89831947397052481 -0.12414761855493033 -2.3408413391555452 0.022685793020162208 1.369678917990792 0.10797028954226438 -2.9958886232898485
leaf_weight=1051 90 100 874 78 54 100 476 104 161 283 171 125 55
leaf_count=1051 90 100 874 78 54 100 476 104 161 283 171 125 55
internal_value=-0.00107736 -0.000381647 -0.000547713 -0.00252911 0.000991836 0.00195484 -0.00121324 -0.00162651 -0.000148001 -0.000802248 8.60414e-05 -7.12091e-10 -0.00268564
internal_weight=3722 2538 2294 1184 244 154 805 580 1489 444 1045 225 1106
internal_count=3722 2538 2294 1184 244 154 805 580 1489 444 1045 225 1106
cat_boundaries=0 1
cat_threshold=519
is_linear=0
shrinkage=0.03


Tree=160
num_leaves=16
num_cat=0
split_feature=12 14 22 22 14 11 14 14 14 19 13 24 11 33 33
split_gain=4.35728 0.667988 0.754735 0.632218 0.567497 0.632314 0.537589 0.399708 1.08717 0.799394 0.793721 0.512098 0.508339 0.190993 0.17522
threshold=4684.8333333333348 -0.68430824382591193 4221.5000000000009 4843.0000000000009 -0.98046803196378884 106.96848979797367 -0.95754239937548935 -0.39036798905311365 -0.49064630004295678 142.35000000000005 5581.9663773148159 4834.0000000000009 51.150569946755617 3.3250000000000006 8.3000000000000025
decision_type=2 2 2 2 2 2 2 2 2 2 2 2 2 2 2
left_child=1 2 -1 -3 -4 -6 13 8 10 -10 -8 14 -13 -2 -9
right_child=6 3 4 -5 5 -7 7 11 9 -11 -12 12 -14 -15 -16
leaf_value=-5.8845029692927682 -0.55761126762320601 -3.7799853130742864 -2.7880545683721816 0.25570165676561285 1.7409722199760072 -0.20756643479499429 1.0279111394022586 -1.7693265976452779 5.1829230186340318 0.053114544297614683 -0.48492655207877822 0.080676497748682241 -0.075425205916649737 -3.545627947553442 -0.11917577945013491
leaf_weight=185 53 1067 89 61 74 88 117 151 59 50 355 183 1067 118 51
leaf_count=185 53 1067 89 61 74 88 117 151 59 50 355 183 1067 118 51
internal_value=-0.00093367 -0.00214505 -0.000967964 -0.0025589 0 0.00115951 -5.30619e-05 6.19462e-05 0.000742267 0.00343636 1.90268e-05 -0.000179629 1.19897e-05 -0.00167442 -0.00158128
internal_weight=3768 1564 436 1128 251 162 2204 2033 581 109 472 1452 1250 171 202
internal_count=3768 1564 436 1128 251 162 2204 2033 581 109 472 1452 1250 171 202
is_linear=0
shrinkage=0.03


Tree=161
num_leaves=17
num_cat=2
split_feature=21 12 12 33 0 13 11 15 0 25 11 24 23 25 32 32
split_gain=4.15009 0.898095 0.584855 1.22604 0.826625 0.673708 0.501196 0.518647 0.882298 0.577661 0.430336 0.303408 0.273723 0.26914 0.0428548 0.228206
threshold=4399.5000000000009 4736.1000000000013 4862.5833333333339 4.205000000000001 0 5624.2388841687916 51.150569946755617 -0.88220415136009767 1 26.375000000000004 35.038748124290677 4402.0000000000009 4450.5000000000009 26.075000000000006 172.10000000000002 271.20000000000005
decision_type=2 2 2 2 9 2 2 2 9 2 2 2 2 2 2 2
left_child=1 14 3 12 5 -5 10 8 -8 -9 -4 -6 -2 -12 -1 -16
right_child=2 -3 6 4 11 -7 7 9 -10 -11 13 -13 -14 -15 15 -17
leaf_value=-4.2279413482793577 -0.4883260013761791 1.1588864813053428 -0.35797355977346956 1.2699911927789964 0.39142379991136445 -1.0915382697917015 -0.51080973966922005 0.057091018157699971 0.86259652732118797 -0.66991616202552673 0.043805081701367411 -0.70515850218400999 -1.5782765022596377 0.20972808854536817 -0.28533721015766289 -5.4997012079183341
leaf_weight=968 50 50 56 105 73 55 105 763 157 516 86 217 360 55 72 80
leaf_count=968 50 50 56 105 73 55 105 763 157 516 86 217 360 55 72 80
internal_value=-0.00093367 -0.00242101 -0.000245865 -0.000888502 9.97776e-05 0.0018421 4.65778e-05 -0.00010895 0.00106084 -0.000384376 0.00148485 -0.000747509 -0.00208029 0.00240845 -0.00260928 -0.00131373
internal_weight=3768 1170 2598 860 450 160 1738 1541 262 1279 197 290 410 141 1120 152
internal_count=3768 1170 2598 860 450 160 1738 1541 262 1279 197 290 410 141 1120 152
cat_boundaries=0 1 2
cat_threshold=328 396
is_linear=0
shrinkage=0.03


Tree=162
num_leaves=18
num_cat=2
split_feature=12 21 17 32 30 33 28 0 20 24 0 32 7 17 32 13 11
split_gain=4.35728 0.810133 0.73794 0.471597 0.585688 0.321725 0.6614 0.287053 0.386217 0.317998 0.259487 0.407839 0.241808 0.0494704 0.49002 0.00840119 0.00294113
threshold=4684.8333333333348 4399.5000000000009 0.24998039114150908 216.70000000000002 11.850000000000003 2.8450000000000002 25.275000000000002 0 22.060714285714287 7057.5000000000009 1 23.750000000000004 293.50000000000006 -0.48314634702607501 161.75000000000003 5397.7606431852992 96.351785991090011
decision_type=2 2 2 2 2 2 2 9 2 2 9 2 2 2 2 2 2
left_child=1 13 10 5 12 6 -2 9 -9 -7 16 -12 -5 14 15 -1 -3
right_child=3 2 -4 4 -6 7 -8 8 -10 -11 11 -13 -14 -15 -16 -17 -18
leaf_value=-5.0584611559096988 -1.1996419145399786 -2.763656892795832 -2.2954962488159034 -1.1635087267988629 0.29763493245411105 0.3201204615135736 1.1860541681648786 -1.4421736178873932 -0.044347833914246355 -1.6938208880738828 2.9567425582937683 -0.094938804092274703 -0.026751256335956198 -4.3694451502539478 0.53345867040825279 -1.5395379949635117 -0.10671631933472568
leaf_weight=238 64 51 196 204 85 719 64 154 811 53 51 105 50 771 52 50 50
leaf_count=238 64 51 196 204 85 719 64 154 811 53 51 105 50 771 52 50 50
internal_value=-0.00093367 -0.00214505 -0.000911895 -5.30619e-05 -0.00109412 0.000112539 0.00155814 0 -0.000338115 0.000432949 0 0.000880239 -0.00187059 -0.00260612 -0.00180352 -0.00231488 -0.000964286
internal_weight=3768 1564 453 2204 339 1865 128 1737 965 772 257 156 254 1111 340 288 101
internal_count=3768 1564 453 2204 339 1865 128 1737 965 772 257 156 254 1111 340 288 101
cat_boundaries=0 1 2
cat_threshold=2168 34
is_linear=0
shrinkage=0.03


Tree=163
num_leaves=13
num_cat=1
split_feature=10 14 14 17 15 24 10 0 32 6 33 13
split_gain=4.16135 0.691178 0.554524 0.656511 1.50486 0.898705 0.575563 0.519752 0.465491 0.319265 0.297543 0.182533
threshold=4395.1428571428578 -0.861146256326485 -0.95995996396290595 -0.24372464231556024 0.5475998096715059 4977.5000000000009 6851.1428571428578 0 64.350000000000023 9.5000000000000018 3.3150000000000004 5373.3407203809938
decision_type=2 2 2 2 2 2 2 9 2 2 2 2
left_child=1 9 10 4 7 8 -7 -4 -5 -1 -2 -11
right_child=2 -3 3 5 -6 6 -8 -9 -10 11 -12 -13
leaf_value=0.54535078638331491 -0.1444088100044921 -4.2356809516390443 0.90058546946708407 -1.3539459966449741 4.8674066983444515 -0.02486789835507577 5.6715543378921485 -0.23354096420239084 -0.11005183233177254 -5.2100055380182058 -3.0762452539441507 0.026302711978419387
leaf_weight=59 57 920 101 415 71 986 71 518 254 99 167 50
leaf_count=59 57 920 101 415 71 986 71 518 254 99 167 50
internal_value=-0.000949589 -0.00247919 -0.000278304 -0.000125363 0.000629522 -0.000453388 5.1039e-05 7.74186e-05 -0.00131642 -0.000617226 -0.00172 -0.00148
internal_weight=3768 1128 2640 2416 690 1726 1057 619 669 208 224 149
internal_count=3768 1128 2640 2416 690 1726 1057 619 669 208 224 149
cat_boundaries=0 1
cat_threshold=336
is_linear=0
shrinkage=0.03


Tree=164
num_leaves=17
num_cat=1
split_feature=21 12 12 33 0 13 19 33 20 13 24 11 7 7 13 7
split_gain=3.87214 0.885582 0.450871 1.01204 0.7141 0.58095 0.304434 0.312439 0.626142 0.472353 0.303408 0.227363 0.0459094 0.713007 0.140472 0.0300784
threshold=4399.5000000000009 4736.1000000000013 4862.5833333333339 4.205000000000001 0 5624.2388841687916 286.75000000000006 5.7000000000000011 26.625000000000004 6060.8350059997829 4402.0000000000009 160.1124841712307 242.50000000000003 274.50000000000006 5283.8835379481379 229.50000000000003
decision_type=2 2 2 2 9 2 2 2 2 2 2 2 2 2 2 2
left_child=1 12 3 11 5 -5 7 8 -4 -9 -6 -2 -1 -14 -15 -8
right_child=2 -3 6 4 10 -7 15 9 -10 -11 -12 -13 13 14 -16 -17
leaf_value=-3.9226885545220793 -1.6152434496426122 1.1324565508096736 -0.0073673791101364359 1.2147366756965421 0.39552093941957694 -1.0613895066172814 -0.049938134191179914 -0.69456559551195984 0.49765902891217995 0.27411897075070596 -0.61520795868903733 -0.55199350736069563 0.72779896244740971 -9.7403136614504202 -1.5306916434198885 -3.1114873494864934
leaf_weight=743 359 50 880 105 73 55 50 256 307 157 217 51 50 252 75 88
leaf_count=743 359 50 880 105 73 55 50 256 307 157 217 51 50 252 75 88
internal_value=-0.000957549 -0.00239539 -0.000292036 -0.000853659 3.32587e-05 0.00166667 0 0.00010306 0.000373737 -0.000565218 -0.000747509 -0.00193431 -0.00258252 -0.00184127 -0.00239634 -0.00135971
internal_weight=3768 1170 2598 860 450 160 1738 1600 1187 413 290 410 1120 377 327 138
internal_count=3768 1170 2598 860 450 160 1738 1600 1187 413 290 410 1120 377 327 138
cat_boundaries=0 1
cat_threshold=328
is_linear=0
shrinkage=0.03


Tree=165
num_leaves=16
num_cat=1
split_feature=21 12 17 31 10 14 27 13 3 6 13 23 32 31 13
split_gain=4.38489 0.618527 0.750694 0.850924 0.661168 0.598867 0.518962 0.658764 0.487503 0.326241 0.30592 0.280767 0.210885 0.203162 0.0978854
threshold=4360.5000000000009 4895.5500000000011 0.16587474750015932 0.44999999999999296 4786.1428571428578 -0.861146256326485 26.675000000000008 5690.1512575900342 0 9.5000000000000018 5745.598039215688 4441.5000000000009 2.7500000000000004 58.150000000000013 5323.3926889437107
decision_type=2 2 2 2 2 2 2 2 1 2 2 2 2 2 2
left_child=5 2 3 8 -3 9 7 -6 -2 -1 -8 -5 -4 -14 -11
right_child=1 4 12 11 6 -7 10 -9 -10 14 -12 -13 13 -15 -16
leaf_value=0.65468770413227029 1.8831471765064911 1.0605200198601072 -1.0994929161545512 0.16335103764979367 0.24169472659009983 -4.7061580451479124 -1.2756816551028143 -0.076267934208760615 -0.58840327011473326 -6.8058096584905856 -0.040547074744912225 -0.78355536628526457 -2.1777164589616662 -0.35982380247349116 -2.698547585064051
leaf_weight=50 125 95 62 67 300 923 201 647 73 77 462 186 328 71 76
leaf_count=50 125 95 62 67 300 923 201 647 73 77 462 186 328 71 76
internal_value=-0.000935898 -0.000242934 -0.000877328 0 7.03393e-05 -0.00250488 -4.65556e-05 0.000373417 0.00146231 -0.000705883 -0.000713856 -0.00115748 -0.00172727 -0.00198 -0.00151948
internal_weight=3743 2617 912 451 1705 1126 1610 947 198 203 663 253 461 399 153
internal_count=3743 2617 912 451 1705 1126 1610 947 198 203 663 253 461 399 153
cat_boundaries=0 1
cat_threshold=2
is_linear=0
shrinkage=0.03


Tree=166
num_leaves=12
num_cat=2
split_feature=21 13 13 0 17 13 0 32 7 7 13
split_gain=4.38489 0.335828 0.464255 0.659405 0.762419 0.479855 0.213887 0.240896 0.135363 0.652405 0.331939
threshold=4360.5000000000009 4645.4441964285725 5344.5894337834643 0 0.34235372601783864 5491.8225264299281 1 20.250000000000004 242.50000000000003 274.50000000000006 5356.6392459186327
decision_type=2 2 2 9 2 2 9 2 2 2 2
left_child=8 -2 6 4 -4 -5 7 -3 -1 -10 -11
right_child=1 2 3 5 -6 -7 -8 -9 9 10 -12
leaf_value=-4.1344095802345961 3.2106765708559459 -3.1496245641781204 1.0442444019950177 -0.76197695244284935 -1.169644965198803 -0.028991033819013023 -1.4587772953807849 0.68841565029060703 0.6350470730083132 -8.1009698761294473 -2.6175910710951737
leaf_weight=710 50 55 63 281 59 1866 189 54 50 300 66
leaf_count=710 50 55 63 281 59 1866 189 54 50 300 66
internal_value=-0.000935898 -0.000242934 -0.000306075 -0.000137446 0.00187218 -0.000280816 -0.00143478 0 -0.00250488 -0.00173381 -0.00221526
internal_weight=3743 2617 2567 2269 122 2147 298 109 1126 416 366
internal_count=3743 2617 2567 2269 122 2147 298 109 1126 416 366
cat_boundaries=0 1 2
cat_threshold=256 724
is_linear=0
shrinkage=0.03


Tree=167
num_leaves=16
num_cat=0
split_feature=21 14 12 17 18 10 29 14 14 22 7 23 24 32 7
split_gain=4.32669 0.576011 0.517642 0.683034 0.68507 0.668995 0.577039 0.395734 1.21075 0.466323 0.326241 0.298998 0.291556 0.159178 0.0710683
threshold=4360.5000000000009 -0.861146256326485 4895.5500000000011 -0.016126424138694709 0.44999999999999296 4786.1428571428578 25.925000000000008 -0.63255557784149707 -0.39036798905311365 4977.5000000000009 274.50000000000006 4441.5000000000009 4650.5000000000009 74.15000000000002 289.50000000000006
decision_type=2 2 2 2 2 2 2 2 2 2 2 2 2 2 2
left_child=1 10 3 4 6 -4 -2 9 -9 -7 -1 -6 -5 -14 -12
right_child=2 -3 5 12 11 7 -8 8 -10 -11 14 -13 13 -15 -16
leaf_value=0.61599566081805712 1.5245848031127895 -4.4409410163864402 1.0102559845921761 -2.0748898038361423 0.41474829112135653 0.36841361097372932 0.23687734075737321 2.0551233137799421 -0.041224203297008793 -2.8392854518397477 -4.8856621729878613 -0.73891761783335463 -1.0485756256747509 0.019756125099381721 -2.7832660448785296
leaf_weight=50 51 923 95 234 67 79 107 158 1210 163 74 180 163 110 79
leaf_count=50 51 923 95 234 67 79 107 158 1210 163 74 180 163 110 79
internal_value=-0.000919873 -0.00247826 -0.000231475 -0.000811611 0 5.27543e-05 0.00164151 -6.51776e-05 0.000102994 -0.00119753 -0.000705883 -0.000870968 -0.00154724 -0.000635037 -0.00151948
internal_weight=3743 1126 2617 912 405 1705 158 1610 1368 242 203 247 507 273 153
internal_count=3743 1126 2617 912 405 1705 158 1610 1368 242 203 247 507 273 153
is_linear=0
shrinkage=0.03


Tree=168
num_leaves=17
num_cat=1
split_feature=21 14 0 14 20 13 32 24 7 27 27 17 20 27 21 13
split_gain=4.19004 0.576011 0.369053 1.10337 0.51942 0.572048 0.53655 0.351251 0.326241 0.249076 0.504104 0.294675 0.16569 0.137612 0.0995401 0.0978854
threshold=4360.5000000000009 -0.861146256326485 0 0.95242846126021108 25.26071428571429 6110.4660553801323 42.95000000000001 4850.5000000000009 274.50000000000006 28.875000000000004 28.025000000000002 0.65720762023595369 26.782142857142862 23.175000000000004 4449.5000000000009 5323.3926889437107
decision_type=2 2 9 2 2 2 2 2 2 2 2 2 2 2 2 2
left_child=1 8 4 9 6 14 7 -2 -1 10 -4 -11 -7 -8 -6 -10
right_child=2 -3 3 -5 5 12 13 -9 15 11 -12 -13 -14 -15 -16 -17
leaf_value=0.59751579099351582 -1.4739284483741142 -4.3077127858948545 -0.028495923981379116 2.0402239851234207 -0.37065073079070676 -1.7998416216883728 0.06147460192035839 0.045959519758528328 -6.2318007195833767 -1.6205687004384082 1.2318842012818929 0.44128331171297869 0.41024902500928412 2.6801101259482585 -0.68997942056461947 -2.4240293893299438
leaf_weight=50 100 923 1018 62 68 59 71 211 77 145 53 52 123 56 599 76
leaf_count=50 100 923 1018 62 68 59 71 211 77 145 53 52 123 56 599 76
internal_value=-0.000943911 -0.00247826 -0.000265853 5.59277e-05 -0.00062866 -0.00107294 0.000116172 -0.000442308 -0.000705883 -0.000101656 3.91784e-05 -0.00109091 0.000213114 0.00182812 -0.00149102 -0.00151948
internal_weight=3743 1126 2617 1330 1287 849 438 311 203 1268 1071 197 182 127 667 153
internal_count=3743 1126 2617 1330 1287 849 438 311 203 1268 1071 197 182 127 667 153
cat_boundaries=0 1
cat_threshold=15
is_linear=0
shrinkage=0.03


Tree=169
num_leaves=16
num_cat=1
split_feature=21 14 12 17 0 18 10 20 21 33 7 12 10 23 13
split_gain=4.19004 0.576011 0.462634 0.641644 1.03893 0.903333 0.529194 0.509995 0.538284 0.435436 0.326241 0.321965 0.295482 0.10318 0.0978854
threshold=4360.5000000000009 -0.861146256326485 4895.5500000000011 0.16587474750015932 0 0.49999999999999833 4786.1428571428578 23.746428571428577 5227.5000000000009 3.4550000000000005 274.50000000000006 4795.3666666666677 4503.4285714285725 4801.0000000000009 5323.3926889437107
decision_type=2 2 2 2 9 2 2 2 2 2 2 2 2 2 2
left_child=1 10 3 4 5 -2 -4 8 -8 -9 -1 -5 -6 -13 -12
right_child=2 -3 6 11 12 -7 7 9 -10 -11 14 13 -14 -15 -16
leaf_value=0.57959031726371424 4.4653698194068703 -4.1784814023180017 0.97516580036037814 -1.9919299461697622 0.15169213832207251 -0.28619453514841514 0.46371892106034646 0.18213155313238519 -0.1004100464113928 -0.26289550420560875 -6.0448466979958697 0.14646016003730128 -1.0812907542553001 -0.80665509765299637 -2.3513085076500464
leaf_weight=50 50 923 95 326 136 51 177 210 309 914 77 65 214 70 76
leaf_count=50 50 923 95 326 136 51 177 210 309 914 77 65 214 70 76
internal_value=-0.000943911 -0.00247826 -0.000265853 -0.000811611 0 0.00251786 0 -0.000102422 0.000671457 -0.000477334 -0.000705883 -0.0015974 -0.000789474 -7.09997e-10 -0.00151948
internal_weight=3743 1126 2617 912 451 101 1705 1610 486 1124 203 461 350 135 153
internal_count=3743 1126 2617 912 451 101 1705 1610 486 1124 203 461 350 135 153
cat_boundaries=0 1
cat_threshold=336
is_linear=0
shrinkage=0.03


Tree=170
num_leaves=17
num_cat=1
split_feature=10 7 7 12 32 10 0 29 28 18 29 21 21 20 24 11
split_gain=3.88912 0.534689 0.965601 0.582427 0.48111 0.371039 0.302712 0.374065 0.917431 0.446673 0.184548 0.437085 0.268212 0.0997491 0.0461485 0.0153736
threshold=4636.857142857144 242.50000000000003 263.50000000000006 4487.7500000000009 299.05000000000007 4503.4285714285725 0 27.575000000000006 29.075000000000006 18.249999999999996 23.775000000000002 5227.5000000000009 5943.0000000000009 26.746428571428577 4612.0000000000009 50.000000000175241
decision_type=2 2 2 2 2 2 9 2 2 2 2 2 2 2 2 2
left_child=1 14 -3 15 6 -5 10 9 -9 -8 11 -2 -12 -6 -1 -4
right_child=4 2 3 5 13 -7 7 8 -10 -11 12 -13 -14 -15 -16 -17
leaf_value=-3.053149400444545 0.6130889624783411 0.59828620809271926 -4.5728176974242798 1.0010907884629932 -1.9608384359340647 -0.96620753751090183 0.042533027238480188 1.3356265582749713 -0.18776478830900484 -1.6920021654779029 -0.70739231804695379 -0.8548559056038133 0.032437176938392674 -0.026155221752237404 -1.5259878385451529 -5.0524044418679157
leaf_weight=854 59 66 52 110 92 104 730 179 284 184 312 128 106 51 51 334
leaf_count=854 59 66 52 110 92 104 730 179 284 184 312 128 106 51 51 334
internal_value=-0.00101515 -0.00214886 -0.00135382 -0.00177205 -0.000155222 -0.000265117 -1.05907e-05 0.000211815 0.000918103 -9.50827e-05 -0.000584416 0 -0.000952268 -0.00183333 -0.00268212 -0.00248837
internal_weight=3696 1571 666 600 2125 214 1982 1377 463 914 605 187 418 143 905 386
internal_count=3696 1571 666 600 2125 214 1982 1377 463 914 605 187 418 143 905 386
cat_boundaries=0 1
cat_threshold=149
is_linear=0
shrinkage=0.03


Tree=171
num_leaves=15
num_cat=1
split_feature=10 14 22 14 21 32 26 0 11 16 16 12 10 29
split_gain=4.04425 0.831889 0.675367 0.577379 1.13822 0.42125 0.527079 0.360578 0.445158 0.803628 0.349042 0.430467 0.277219 0.273488
threshold=4636.857142857144 -0.68430824382591193 4221.5000000000009 -0.98046803196378884 4499.0000000000009 216.70000000000002 12.65 0 128.58413691385684 -0.59263320653766849 0.95752911693909493 6527.1500000000005 4799.9285714285725 22.425000000000004
decision_type=2 2 2 2 2 2 2 9 2 2 2 2 2 2
left_child=1 2 -1 -4 -5 7 12 8 13 -10 11 -9 -7 -2
right_child=5 -3 3 4 -6 6 -8 10 9 -11 -12 -13 -14 -15
leaf_value=-4.8162162147429983 0.33840375632664715 -2.9571004704715906 -2.8078385065442255 1.20423993497552 -0.37158360428022247 -0.022543484318298473 0.16200471474713218 -0.3854107483116303 -0.54230243247868593 1.4242292018415046 0.59469616975193218 1.0661080342705815 -1.977072172345185 -0.34514374646861029
leaf_weight=213 83 1029 105 114 110 50 81 773 199 318 69 88 169 295
leaf_count=213 83 1029 105 114 110 50 81 773 199 318 69 88 169 295
internal_value=-0.000974575 -0.00212977 -0.00103315 -3.63643e-05 0.000679999 -9.87778e-05 -0.00114618 4.92873e-05 0.000496688 0.0010888 -0.000334751 -0.000542924 -0.00196364 -0.000182059
internal_weight=3696 1571 542 329 224 2125 300 1825 895 517 930 861 219 378
internal_count=3696 1571 542 329 224 2125 300 1825 895 517 930 861 219 378
cat_boundaries=0 1
cat_threshold=2408
is_linear=0
shrinkage=0.03


Tree=172
num_leaves=13
num_cat=0
split_feature=21 14 24 14 10 7 33 12 14 21 14 14
split_gain=4.01683 0.557087 0.495284 0.448589 0.502116 0.416597 0.963176 0.39187 0.293684 0.269726 0.223387 0.036878
threshold=4360.5000000000009 0.99053107487289871 4925.5000000000009 -0.67166439702596292 6919.7857142857147 163.50000000000003 5.1050000000000013 4646.416666666667 0.81428061195174062 4826.0000000000009 -0.861146256326485 -0.95500086777008153
decision_type=2 2 2 2 2 2 2 2 2 2 2 2
left_child=7 2 5 9 -5 8 -7 10 -2 -4 11 -1
right_child=1 -3 3 4 -6 6 -8 -9 -10 -11 -12 -13
leaf_value=-3.3642849131736012 -1.9166610208843711 1.005062684957394 0.28959709323186839 0.00044301452883750339 3.4382348226582686 -0.44193460287688124 0.47011773884142627 -0.88411408151606008 -0.1733183560924979 -3.3875349787332021 -3.8003217774488247 -1.9231739141478958
leaf_weight=79 211 64 50 1212 79 631 110 64 78 144 890 84
leaf_count=79 211 64 50 1212 79 631 110 64 78 144 890 84
internal_value=-0.00096646 -0.00029535 -0.000381559 -7.14774e-10 0.000171826 -0.000887489 -0.000428572 -0.00247406 -0.00190345 -0.00136923 -0.0026129 -0.00106098
internal_weight=3696 2579 2515 1485 1291 1030 741 1117 289 194 1053 163
internal_count=3696 2579 2515 1485 1291 1030 741 1117 289 194 1053 163
is_linear=0
shrinkage=0.03


Tree=173
num_leaves=18
num_cat=1
split_feature=22 11 32 17 7 0 16 33 22 11 22 14 7 14 22 12 25
split_gain=3.48919 0.481103 0.568609 0.507416 0.493718 0.738193 0.742489 0.538178 0.422422 0.50668 0.406447 0.370684 0.339996 0.329487 0.40063 0.303222 0.120411
threshold=4349.5000000000009 150.82179644832419 0.60000000000000731 0.98901092807778201 218.50000000000003 0 -0.7614135502316719 4.455000000000001 5076.5000000000009 72.640791005429776 4601.0000000000009 -0.861146256326485 289.50000000000006 -0.96235977360714686 4199.0000000000009 4818.1833333333343 26.425000000000008
decision_type=2 2 2 2 2 9 2 2 2 2 2 2 2 2 2 2 2
left_child=11 2 8 12 5 16 -7 10 9 -2 -6 13 -4 -1 -15 -5 -3
right_child=1 4 3 15 7 6 -8 -9 -10 -11 -12 -13 -14 14 -16 -17 -18
leaf_value=-3.2349709212708997 0.47400178103040846 -0.091270100237068427 -0.68758540761320741 -1.699201732342605 0.64853660318107376 -0.8344473809865236 2.1238401730457905 -1.6647639056765031 -0.034082855977813818 -0.34888138474207026 -0.74303954523879201 -3.981790578465779 -0.018494804731259057 -4.7848684169979627 0.94712613601460649 0.86954370673955028 -1.2721110812496548
leaf_weight=77 58 54 1086 52 59 78 268 113 71 60 327 843 272 56 58 73 91
leaf_count=77 58 54 1086 52 59 78 268 113 71 60 327 843 272 56 58 73 91
internal_value=-0.000974575 -0.000379648 -0.000693964 -0.000905661 0.000105953 0.000817072 0.00158823 -0.000504001 0.000726315 0.00194118 0 -0.00246087 -0.0010883 -0.000875001 0 0.000714285 -0.000769231
internal_weight=3696 2662 1672 1483 990 491 346 499 189 118 386 1034 1358 191 114 125 145
internal_count=3696 2662 1672 1483 990 491 346 499 189 118 386 1034 1358 191 114 125 145
cat_boundaries=0 1
cat_threshold=134
is_linear=0
shrinkage=0.03


Tree=174
num_leaves=10
num_cat=0
split_feature=21 14 14 14 14 23 21 22 14
split_gain=3.9061 0.545632 0.433292 0.399645 0.264154 0.834208 0.753072 0.222388 0.419131
threshold=4360.5000000000009 0.99053107487289871 -0.85227431625818906 -0.98214942551678475 -0.36647417525074694 4781.5000000000009 4499.0000000000009 4199.0000000000009 -0.95754239937548935
decision_type=2 2 2 2 2 2 2 2 2
left_child=2 3 7 -2 6 -6 -5 -1 -9
right_child=1 -3 -4 4 5 -7 -8 8 -10
leaf_value=-4.0391467716250817 -2.653506491778534 0.97023540972518796 -3.5949072036197607 1.2514394797872341 -1.5994833012883132 -0.022559018824529344 -0.058987717949036053 -3.1237290713790178 0.67817746051212136
leaf_weight=85 151 64 896 64 367 1206 727 76 60
leaf_count=85 151 64 896 64 367 1206 727 76 60
internal_value=-0.000934001 -0.000272094 -0.00242039 -0.000357711 -0.000239747 -0.000472682 0.000166666 -0.000891893 0
internal_weight=3696 2579 1117 2515 2364 1573 791 221 136
internal_count=3696 2579 1117 2515 2364 1573 791 221 136
is_linear=0
shrinkage=0.03


Tree=175
num_leaves=18
num_cat=1
split_feature=22 0 12 14 7 33 12 12 16 7 25 13 7 22 15 13 12
split_gain=3.1187 0.711106 0.597772 0.417247 0.331786 0.328205 0.305342 0.368044 1.0766 0.465286 0.262918 0.24881 0.231798 0.230352 0.222426 0.053885 0.00490194
threshold=4349.5000000000009 0 6713.2000000000016 -0.861146256326485 307.50000000000006 4.4050000000000011 6043.0000000000009 5114.2333333333345 -0.2270106897347694 149.50000000000003 26.375000000000004 6226.3118714901402 145.50000000000003 4199.0000000000009 -0.11692317777808843 5745.598039215688 4432.0333333333338
decision_type=2 9 2 2 2 2 2 2 2 2 2 2 2 2 2 2 2
left_child=3 6 4 13 14 -6 7 9 -9 -2 15 -4 -12 -1 -3 -8 -15
right_child=1 2 11 -5 5 -7 10 8 -10 -11 12 -13 -14 16 -16 -17 -18
leaf_value=-4.2641818813899652 -0.66282047211700301 -0.35567651930609678 2.7585283373743477 -3.7309455893696661 -0.53452072719657473 3.3757392088076306 -1.014293154240884 -1.4276850057943387 0.52662572259068707 0.1786694679008306 -0.059145039430299792 -0.051433195080903084 -1.7114484151410072 0.35688729951400339 -0.79303937801828428 0.70244484986167921 -0.84405778202954262
leaf_weight=78 221 688 58 871 235 51 50 90 197 338 50 50 97 50 501 58 55
leaf_count=78 221 688 58 871 235 51 50 90 197 338 50 50 97 50 501 58 55
internal_value=-0.00107756 -0.00051285 -0.000918445 -0.00247109 -0.00109756 -1.04537e-05 3.77691e-05 0.000350649 0.00122917 -2.14293e-05 -0.000820313 0.00101835 -0.00166216 -0.000782609 -0.00132101 0 0
internal_weight=3738 2684 1583 1054 1475 286 1101 846 287 559 255 108 147 183 1189 108 105
internal_count=3738 2684 1583 1054 1475 286 1101 846 287 559 255 108 147 183 1189 108 105
cat_boundaries=0 1
cat_threshold=456
is_linear=0
shrinkage=0.03


Tree=176
num_leaves=14
num_cat=1
split_feature=21 14 14 0 12 12 6 26 15 11 13 14 13
split_gain=3.26052 0.647423 0.568222 0.402733 0.48517 0.352375 0.327976 0.310658 0.283363 0.280713 0.236964 0.174676 0.0492656
threshold=4393.0000000000009 -0.861146256326485 -0.98214942551678475 0 6713.2000000000016 6043.0000000000009 9.5000000000000018 0.25000000000000006 -0.41399101439218416 51.150569946755617 6216.7155172413804 -0.96235977360714686 5434.4156343102613
decision_type=2 2 2 9 2 2 2 2 2 2 2 2 2
left_child=1 6 -2 5 9 7 -1 -4 -7 -5 -6 -8 -3
right_child=2 12 3 4 10 8 11 -9 -10 -11 -12 -13 -14
leaf_value=0.65990085172802559 -2.9261908344959133 -3.4041869210261733 0.016516240878902567 -0.0023943652421663957 4.6533601600776695 -1.2762327624221435 -3.8966441479024962 0.60295887484023514 0.010886549598461998 -0.56649016590729939 -0.031425412138700502 -1.1289039699944186 -1.7155769586373126
leaf_weight=57 147 917 583 288 50 133 81 187 106 1004 54 80 51
leaf_count=57 147 917 583 288 50 133 81 187 106 1004 54 80 51
internal_value=-0.00104547 -0.00235299 -0.000419507 -0.000286784 -0.00062047 0.000135293 -0.000589042 0.000486381 -0.000800001 -0.000805105 0.00117143 -0.00140741 -0.00270279
internal_weight=3738 1186 2552 2405 1396 1009 218 770 239 1292 104 161 968
internal_count=3738 1186 2552 2405 1396 1009 218 770 239 1292 104 161 968
cat_boundaries=0 1
cat_threshold=456
is_linear=0
shrinkage=0.03


Tree=177
num_leaves=19
num_cat=1
split_feature=21 0 18 18 11 11 16 17 7 7 7 20 17 17 7 20 11 11
split_gain=3.21524 0.407418 0.42893 0.562448 0.807443 0.411124 0.298945 0.270854 0.438575 0.706672 0.301262 0.228345 0.381374 0.290502 0.268443 0.2096 0.163143 0.105378
threshold=4393.0000000000009 0 3.849999999999997 0.29999999999999472 104.32834909262165 75.376673090167898 0.21022171450811275 -0.46800559042974538 96.500000000000014 263.50000000000006 289.50000000000006 22.317857142857147 -0.62083866033519952 -0.24372464231556024 261.50000000000006 26.817857142857147 129.6079081350023 150.82179644832419
decision_type=2 9 2 2 2 2 2 2 2 2 2 2 2 2 2 2 2 2
left_child=7 2 3 5 -5 -2 16 8 -1 -10 -11 17 14 -14 -13 -8 -4 -3
right_child=1 11 6 4 -6 -7 15 -9 9 10 -12 12 13 -15 -16 -17 -18 -19
leaf_value=-3.4422213506077877 0.20612998932148294 -2.2211613918754325 -0.76584644630768095 -1.6013694883707099 3.0599742847070717 -0.22229863277164871 -1.185273106868511 -3.1257924782253768 1.1677266794033756 -3.2570663553026225 -0.79336152049887287 -0.43399801921906583 0.2249206229590856 -0.11692750380688077 -2.5342337061866322 0.24452258167044913 -1.8224751101131409 -0.40073791986455432
leaf_weight=153 123 107 100 51 112 355 127 803 52 97 81 209 167 810 128 99 97 67
leaf_count=153 123 107 100 51 112 355 127 803 52 97 81 209 167 810 128 99 97 67
internal_value=-0.00102942 -0.000407756 2.78999e-06 0.00053271 0.00204878 0 -0.000693397 -0.00232772 -0.00139063 -0.000324676 -0.00139106 -0.000726485 -0.000545248 -0.000190185 -0.00143787 0 -0.00154546 -0.00186857
internal_weight=3738 2552 1064 641 163 478 423 1186 383 230 178 1488 1314 977 337 226 197 174
internal_count=3738 2552 1064 641 163 478 423 1186 383 230 178 1488 1314 977 337 226 197 174
cat_boundaries=0 1
cat_threshold=456
is_linear=0
shrinkage=0.03


Tree=178
num_leaves=13
num_cat=1
split_feature=22 14 14 22 14 24 29 14 29 0 22 12
split_gain=3.13876 0.637913 0.670547 0.586513 0.540806 0.633081 0.465618 0.397323 0.333242 0.304093 0.230352 0.00490194
threshold=4349.5000000000009 -0.98370366633421236 -0.36647417525074694 4720.5000000000009 -0.49064630004295678 4760.5000000000009 26.475000000000005 -0.861146256326485 32.825000000000003 0 4199.0000000000009 4432.0333333333338
decision_type=2 2 2 2 2 2 2 2 2 9 2 2
left_child=7 -2 4 8 5 -3 -6 10 -4 -5 -1 -12
right_child=1 2 3 9 6 -7 -8 -9 -10 -11 11 -13
leaf_value=-4.1910852508821943 -2.9258579807997194 0.4747562962522231 -1.663996367552693 0.21463781255580092 0.21930875643835948 -0.56099713983079358 4.1681087841177797 -3.4231178397110118 -0.26546638808445128 -0.15488134671908838 0.29135185459466151 -0.79196471333156837
leaf_weight=78 163 324 311 242 90 351 50 871 66 1087 50 55
leaf_count=78 163 324 311 242 90 351 50 871 66 1087 50 55
internal_value=-0.00104547 -0.00047933 -0.000340207 -0.000687171 0.000330882 0 0.00202128 -0.00244265 -0.00176191 -0.000347369 -0.000782609 0
internal_weight=3738 2684 2521 1706 815 675 140 1054 377 1329 183 105
internal_count=3738 2684 2521 1706 815 675 140 1054 377 1329 183 105
cat_boundaries=0 1
cat_threshold=320
is_linear=0
shrinkage=0.03


Tree=179
num_leaves=13
num_cat=2
split_feature=22 0 33 5 7 7 7 24 0 12 12 12
split_gain=3.25294 0.413281 0.763866 0.731643 0.328154 0.648191 0.574847 0.470479 0.307333 0.277541 0.261659 0.248656
threshold=4349.5000000000009 0 4.6050000000000013 1.5000000000000002 307.50000000000006 319.50000000000006 266.50000000000006 4299.0000000000009 1 4780.3833333333341 4528.916666666667 5956.6333333333341
decision_type=2 9 2 2 2 2 2 2 9 2 2 2
left_child=10 2 9 -4 6 -6 7 -3 -7 -2 -1 -11
right_child=1 4 3 -5 5 8 -8 -9 -10 11 -12 -13
leaf_value=-3.3372244573774008 -1.4029455545180689 0.34511956283826839 -0.1329415461519092 1.007465078887952 3.0149188827933426 0.19481863355718104 -2.48835136019951 -0.28483934368733571 -0.66030940490262002 0.2874320633305803 -0.53336818533635633 -1.3202825757892158
leaf_weight=959 75 50 58 83 63 150 210 1548 196 151 95 100
leaf_count=959 75 50 58 83 63 150 210 1548 196 151 95 100
internal_value=-0.0010214 -0.000445811 0.000301255 0.00219718 -0.000622083 4.39017e-05 -0.000800996 -0.000568481 -0.000354468 -0.000376148 -0.00244265 0
internal_weight=3738 2684 467 141 2217 409 1808 1598 346 326 1054 251
internal_count=3738 2684 467 141 2217 409 1808 1598 346 326 1054 251
cat_boundaries=0 1 2
cat_threshold=320 131
is_linear=0
shrinkage=0.03


Tree=180
num_leaves=11
num_cat=0
split_feature=22 14 14 21 10 14 16 12 17 32
split_gain=3.70241 0.623301 0.738373 1.19057 0.987572 0.495835 0.397978 0.225722 0.0492579 0.0180769
threshold=4349.5000000000009 -0.98370366633421236 -0.39036798905311365 4450.5000000000009 4735.857142857144 -0.49064630004295678 -0.7614135502316719 4528.916666666667 0.98901092807778201 99.600000000000023
decision_type=2 2 2 2 2 2 2 2 2 2
left_child=7 -2 3 -3 8 -5 -6 -1 -4 -9
right_child=1 2 4 5 6 -7 -8 9 -10 -11
leaf_value=-3.3101437888636611 -2.7221269048259051 2.0687389747542206 -1.5416290928677649 -0.077667731155319941 -0.792536247549952 1.583222315823821 0.0057509212770422615 -0.69654411675454952 -1.6990190713802313 -0.66224130723869112
leaf_weight=952 167 73 330 605 225 97 1128 51 55 52
leaf_count=952 167 73 330 605 225 97 1128 51 55 52
internal_value=-0.000987688 -0.000374861 -0.000236278 0.000502577 -0.00059172 5.54758e-05 -0.000172822 -0.0025 -0.00194301 -0.000519231
internal_weight=3735 2680 2513 775 1738 702 1353 1055 385 103
internal_count=3735 2680 2513 775 1738 702 1353 1055 385 103
is_linear=0
shrinkage=0.03


Tree=181
num_leaves=17
num_cat=2
split_feature=22 13 7 3 13 16 0 13 22 17 10 7 13 12 33 19
split_gain=3.74337 0.50178 0.362455 0.648758 0.622639 0.480319 0.333248 0.566984 0.488753 0.398397 0.321149 0.246904 0.226707 0.208557 0.195617 0.157787
threshold=4349.5000000000009 5969.6997774696047 224.50000000000003 0 6216.7155172413804 -0.7614135502316719 1 5767.3320674745419 5197.5000000000009 -0.25414035925338746 5037.0000000000009 158.50000000000003 5476.4333148586693 4560.6000000000013 3.6550000000000007 0.3999999999999983
decision_type=2 2 2 1 2 2 9 2 2 2 2 2 2 2 2 2
left_child=12 6 3 4 -3 -4 8 9 15 -8 -9 -5 13 -1 -7 -2
right_child=1 2 5 11 -6 14 7 10 -10 -11 -12 -13 -14 -15 -16 -17
leaf_value=-3.2108394751977536 -0.0022491115954596814 0.70794817356636786 4.0398871282279254 -0.45710639671074427 -0.72873871767001541 -0.33582832921029371 0.30510161825411292 0.53006229531389437 0.36904322633351061 -0.10024184529062712 -2.1248069028545022 0.085471112144902717 -1.7714449035261657 -0.47893090062353155 -1.7117056920131892 -0.86551217510714784
leaf_weight=940 61 197 57 117 67 80 365 51 88 720 179 59 64 51 90 549
leaf_count=940 61 197 57 117 67 80 365 51 88 720 179 59 64 51 90 549
internal_value=-0.000979658 -0.000363671 0.000305389 0.000850339 0.00182264 -0.000552632 -0.000607746 -0.000271494 -0.00115515 0 -0.00162338 -0.000355933 -0.0025 -0.00261895 -0.00149123 -0.00149755
internal_weight=3735 2680 667 440 264 227 2013 1315 698 1085 230 176 1055 991 170 610
internal_count=3735 2680 667 440 264 227 2013 1315 698 1085 230 176 1055 991 170 610
cat_boundaries=0 1 2
cat_threshold=2 547
is_linear=0
shrinkage=0.03


Tree=182
num_leaves=11
num_cat=0
split_feature=22 14 14 21 21 14 12 12 13 12
split_gain=3.70241 0.500165 0.605355 0.801517 0.756537 0.569136 0.547579 0.421879 0.226707 0.208557
threshold=4349.5000000000009 -0.98370366633421236 -0.40614700388750385 4776.0000000000009 4450.5000000000009 -0.49064630004295678 4802.0333333333338 4862.5833333333339 5476.4333148586693 4560.6000000000013
decision_type=2 2 2 2 2 2 2 2 2 2
left_child=8 -2 4 7 -3 -6 -5 -4 9 -1
right_child=1 2 3 6 5 -7 -8 -9 -10 -11
leaf_value=-3.1145142909418246 -2.6220863635871545 2.025618427719877 -1.4173267579331923 1.8195586540958382 -0.093891987497193102 2.3130764121581504 -0.082760772186432227 0.13698974592689961 -1.7183015564203685 -0.4645629736048203
leaf_weight=940 167 73 407 55 605 79 1243 51 64 51
leaf_count=940 167 73 407 55 605 79 1243 51 64 51
internal_value=-0.000987688 -0.000374861 -0.000248211 -0.000565169 0.00042744 4.81745e-05 -0.000145497 -0.0016536 -0.0025 -0.00261895
internal_weight=3735 2680 2513 1756 757 684 1298 458 1055 991
internal_count=3735 2680 2513 1756 757 684 1298 458 1055 991
is_linear=0
shrinkage=0.03


Tree=183
num_leaves=12
num_cat=0
split_feature=22 14 14 10 22 7 13 14 22 14 13
split_gain=3.58347 0.517151 0.457462 0.893814 0.646475 0.658899 0.34869 0.234405 0.346835 0.123142 0.00507738
threshold=4349.5000000000009 -0.98370366633421236 -0.39036798905311365 4735.857142857144 4441.5000000000009 222.50000000000003 6100.9642684547553 -0.861146256326485 4199.0000000000009 0.80417553764032002 5344.5894337834643
decision_type=2 2 2 2 2 2 2 2 2 2 2
left_child=7 -2 4 9 -3 -6 -5 8 -1 -4 -10
right_child=1 2 3 6 5 -7 -8 -9 10 -11 -12
leaf_value=-4.1706613408102742 -2.5434237726795388 1.6029772059501977 -1.5605225964818974 -0.10993723121676988 0.24243163200696133 -0.087930241735930337 0.25675667127485824 -2.9586576992361855 -0.97423424012509452 -0.030590778298065863 0.79904663031553347
leaf_weight=86 167 52 326 1118 112 611 235 863 56 59 50
leaf_count=86 167 52 326 1118 112 611 235 863 56 59 50
internal_value=-0.000955568 -0.000352481 -0.000224344 -0.000505464 0.000347937 4.9723e-05 -0.000106352 -0.00244318 -0.00104145 -0.00178757 0
internal_weight=3735 2680 2513 1738 775 723 1353 1055 192 385 106
internal_count=3735 2680 2513 1738 775 723 1353 1055 192 385 106
is_linear=0
shrinkage=0.03


Tree=184
num_leaves=13
num_cat=0
split_feature=22 13 26 26 13 29 19 24 13 33 32 33
split_gain=3.30999 0.39355 0.380551 0.393415 0.313102 0.270282 0.376602 0.25752 0.195964 0.170009 0.120607 0.0657568
threshold=4349.5000000000009 6152.3243922393649 3.8500000000000001 2.1500000000000008 6240.0931400966192 31.475000000000005 214.05000000000004 5076.5000000000009 5476.4333148586693 4.0850000000000009 72.050000000000011 2.8100000000000001
decision_type=2 2 2 2 2 2 2 2 2 2 2 2
left_child=8 2 3 7 5 6 -3 -2 11 10 -4 -1
right_child=1 4 9 -5 -6 -7 -8 -9 -10 -11 -12 -13
leaf_value=-1.9445569622137251 -0.30233055667268283 1.4230988555689863 -0.19546231414375539 0.50228367424071263 -0.85892626846411668 0.042674640199815747 -0.054880717679785258 -0.005873058630786885 -1.5525407568918379 -0.018973542427038841 -0.6799393248692075 -2.9156784578838484
leaf_weight=64 1093 57 58 98 91 87 52 829 64 59 256 927
leaf_count=64 1093 57 58 98 91 87 52 829 64 59 256 927
internal_value=-0.000955568 -0.000374861 -0.000511279 -0.00031915 0.000604166 0.00135533 0.00234545 -0.000432138 -0.00238636 -0.00142781 -0.00170476 -0.00249798
internal_weight=3735 2680 2393 2020 287 196 109 1922 1055 373 314 991
internal_count=3735 2680 2393 2020 287 196 109 1922 1055 373 314 991
is_linear=0
shrinkage=0.03


Tree=185
num_leaves=19
num_cat=0
split_feature=10 14 7 12 11 11 15 26 20 33 12 12 17 11 13 11 13 13
split_gain=3.2964 0.710428 0.791947 0.411466 0.794789 0.452544 0.443407 0.404127 0.461417 0.394427 0.692361 0.454637 0.42075 0.265745 0.17696 0.16384 0.11949 0.0870208
threshold=4467.2857142857147 -0.85227431625818906 264.50000000000006 5003.3833333333341 51.150569946755617 37.567378864496341 0.76002003530985496 15.850000000000003 25.43571428571429 4.4050000000000011 4780.3833333333341 4862.5833333333339 0.71953727073011842 87.102840148332248 5323.3926889437107 177.98076641122506 5505.9248032319647 5428.8565520945231
decision_type=2 2 2 2 2 2 2 2 2 2 2 2 2 2 2 2 2 2
left_child=1 2 -1 9 5 -5 -7 8 -6 11 13 15 -12 -11 -4 -2 -16 -3
right_child=3 17 14 4 7 6 -8 -9 -10 10 12 -13 -14 -15 16 -17 -18 -19
leaf_value=0.84847810549090386 -1.1801394977298028 -2.4716925128796601 -3.6216603828335092 -0.070816298253410986 0.020586846560148017 0.21498665763688848 0.14100195459345433 0.46043594866990722 -0.57064235850247313 -0.037508811907646239 -0.86894581849133723 0.26754336886428959 0.34598569507636751 1.5825556647915986 0.79197003596487481 -0.19877389924514408 -1.8356442907197503 -0.35822275980783608
leaf_weight=63 353 955 111 56 542 53 59 97 691 81 195 68 57 140 52 56 50 65
leaf_count=63 353 955 111 56 542 53 59 97 691 81 195 68 57 140 52 56 50 65
internal_value=-0.00101656 -0.00224595 -0.000660651 -0.000346673 -6.00472e-06 0.00189941 0.003 -0.000281744 -0.000457051 -0.000835963 -0.000113925 -0.00145607 -0.00126878 0.000999999 -0.00165421 -0.00185854 -0.000203884 -0.00262978
internal_weight=3744 1296 276 2448 1498 168 112 1330 1233 950 473 477 252 221 213 409 102 1020
internal_count=3744 1296 276 2448 1498 168 112 1330 1233 950 473 477 252 221 213 409 102 1020
is_linear=0
shrinkage=0.03


Tree=186
num_leaves=16
num_cat=1
split_feature=12 14 15 7 33 21 0 10 21 21 21 10 14 11 26
split_gain=3.14848 0.415034 0.458913 0.365038 0.771156 0.636995 0.625758 0.522314 0.463166 0.414607 0.624436 0.463587 0.304226 0.250933 0.124375
threshold=4487.7500000000009 -0.93843426604005675 -0.11692317777808843 165.50000000000003 5.2550000000000008 4887.5000000000009 0 4805.9285714285716 6736.0000000000009 5848.5000000000009 6001.0000000000009 4503.4285714285725 0.98667101781630195 52.839147819533103 1.0000000180025095e-35
decision_type=2 2 2 2 2 2 9 2 2 2 2 2 2 2 2
left_child=1 2 -1 5 9 14 8 -6 -7 11 -11 -5 -3 -8 -2
right_child=3 12 -4 4 7 6 13 -9 -10 10 -12 -13 -14 -15 -16
leaf_value=1.3060975994469819 -1.5308235811611481 -2.3204600093613457 -2.8327091012983101 0.83878648406362111 1.0845278946417323 0.34066725289756722 0.019399205524973595 -0.041963913254104528 -0.73143280553566903 0.30534080542223069 -0.46355012643188642 -0.36320442200985231 -0.074520436970417561 -0.7308477601001504 -0.76566991267367124
leaf_weight=50 244 989 109 117 72 309 68 52 79 136 245 849 56 305 64
leaf_count=50 244 989 109 117 72 309 68 52 79 136 245 849 56 305 64
internal_value=-0.000992524 -0.00226307 -0.000450001 -0.000371902 -3.26094e-05 -0.000796262 -0.000259843 0.002184 0.000503759 -0.000271514 0.000502617 -0.000623579 -0.00249522 -0.00115625 -0.00197087
internal_weight=3744 1204 159 2540 1471 1069 761 124 388 1347 381 966 1045 373 308
internal_count=3744 1204 159 2540 1471 1069 761 124 388 1347 381 966 1045 373 308
cat_boundaries=0 1
cat_threshold=313
is_linear=0
shrinkage=0.03


Tree=187
num_leaves=19
num_cat=1
split_feature=22 12 0 33 14 14 26 21 14 14 23 13 22 14 16 13 14 14
split_gain=3.17418 0.504293 0.479901 0.627877 0.62227 0.473374 0.44387 0.830572 0.454657 0.721325 0.606348 0.323686 0.215182 0.200455 0.18957 0.142571 0.112848 0.0218953
threshold=4349.5000000000009 5003.3833333333341 0 3.9950000000000006 0.29342972903661901 -0.85227431625818906 12.65 5977.0000000000009 -0.62588817255938378 -0.39036798905311365 4701.0000000000009 5594.4395968614726 4176.0000000000009 -0.72101013194340913 0.80033572242307993 5653.4015009380864 -0.95995996396290595 0.98049069993378934
decision_type=2 2 9 2 2 2 2 2 2 2 2 2 2 2 2 2 2 2
left_child=5 2 3 13 -5 12 8 -8 10 -10 -3 14 -1 -2 -4 -13 -14 -7
right_child=1 6 11 4 -6 17 7 -9 9 -11 -12 15 16 -15 -16 -17 -18 -19
leaf_value=-3.6645212253560002 -0.18094818839873497 1.0574044486006726 -1.1292883643684544 0.82770847405381764 -0.07907298273874816 -2.6915304306101415 0.50266297124939907 -0.37917930626498536 2.0390183773054935 -0.021127088234620946 -3.1643907437799035 0.072817858709366565 -2.3947750909812715 -1.3922282608116863 -0.285812122989128 -0.36352501761716882 0.81362288954172068 -1.5428093748884293
leaf_weight=89 50 69 434 147 153 810 71 69 115 967 202 60 59 109 51 181 54 54
leaf_count=89 50 69 434 147 153 810 71 69 115 967 202 60 59 109 51 181 54 54
internal_value=-0.00094446 -0.000372901 -0.000834739 0 0.000747508 -0.00233646 0 0.00159574 -0.000172822 6.37112e-05 -0.00127941 -0.00130665 -0.000694582 -0.001575 -0.00179012 -0.000198348 0 -0.00266705
internal_weight=3744 2678 1185 459 300 1066 1493 140 1353 1082 271 726 202 159 485 241 113 864
internal_count=3744 2678 1185 459 300 1066 1493 140 1353 1082 271 726 202 159 485 241 113 864
cat_boundaries=0 1
cat_threshold=344
is_linear=0
shrinkage=0.03


Tree=188
num_leaves=18
num_cat=1
split_feature=22 12 26 20 32 10 0 33 7 23 28 12 11 27 16 17 32
split_gain=3.0284 0.473974 0.44387 0.875712 0.599471 0.615551 0.420255 0.345999 0.641386 0.34535 0.429709 0.217795 0.199387 0.126753 0.124653 0.0878658 0.026907
threshold=4349.5000000000009 5003.3833333333341 12.65 26.782142857142862 216.70000000000002 4868.0714285714303 0 3.9950000000000006 166.50000000000003 4673.0000000000009 28.675000000000008 4560.6000000000013 122.31973844078105 32.350000000000009 -0.90163369914317015 -0.7614016681079937 130.45000000000005
decision_type=2 2 2 2 2 2 9 2 2 2 2 2 2 2 2 2 2
left_child=11 6 4 -4 5 -3 7 16 -9 14 -11 13 -6 15 -8 -1 -2
right_child=1 2 3 -5 12 -7 9 8 -10 10 -12 -13 -14 -15 -16 -17 -18
leaf_value=-1.946981927907891 -2.0125721719755516 2.1146404223863198 -0.44605462799964329 0.83877622298982724 -0.11148576814387599 -0.010267921508751898 -0.30943810544911832 -0.16065532028742877 0.86777851796074812 0.016521182231510528 -0.99951456547645867 -0.2799731852321487 -3.3224162760406846 -0.28587965292609507 -1.8278938995665679 -2.9836086892707416 -0.21585020136191263
leaf_weight=160 65 56 70 70 54 1113 61 135 113 289 142 93 130 55 330 758 50
leaf_count=160 65 56 70 70 54 1113 61 135 113 289 142 93 130 55 330 758 50
internal_value=-0.000920428 -0.000361703 0 0.00159574 -0.000172822 4.10249e-05 -0.000809444 0 0.000686746 -0.00117767 -0.000458334 -0.00228023 -0.00176757 -0.00242711 -0.00188265 -0.0025234 -0.0012931
internal_weight=3744 2678 1493 140 1353 1169 1185 363 248 822 431 1066 184 973 391 918 115
internal_count=3744 2678 1493 140 1353 1169 1185 363 248 822 431 1066 184 973 391 918 115
cat_boundaries=0 1
cat_threshold=88
is_linear=0
shrinkage=0.03


Tree=189
num_leaves=14
num_cat=1
split_feature=22 24 14 0 17 21 25 18 16 26 17 32 11
split_gain=2.78462 0.623881 0.714021 0.664284 0.529275 1.07655 0.470424 0.366167 0.354585 0.353838 0.575453 0.425416 0.348539
threshold=4176.0000000000009 4650.5000000000009 -0.68430824382591193 0 0.98901092807778201 5205.0000000000009 27.975000000000005 12.950000000000001 0.38044714639866822 11.850000000000003 0.7912140244565844 216.70000000000002 46.189310186911378
decision_type=2 2 2 9 2 2 2 2 2 2 2 2 2
left_child=-1 2 3 7 9 -6 -4 -2 -5 11 -11 -3 -8
right_child=1 4 6 8 5 -7 12 -9 -10 10 -12 -13 -14
leaf_value=-5.7891955195671683 3.7986852184506721 -0.091298443253759992 -1.803571957072158 -1.1240615595917667 1.1580938544065182 -0.14429648208514329 -1.0322222020684753 0.052115675542073019 1.327811592055028 0.57714051242756237 -0.55118284922484884 -1.0318852406444416 0.0023320347986952473
leaf_weight=654 50 1553 354 216 55 71 88 55 51 109 84 226 178
leaf_count=654 50 1553 354 216 55 71 88 55 51 109 84 226 178
internal_value=-0.000904407 -0.000509545 -0.00113897 0 -0.000190091 0.00162992 -0.00176329 0.00181034 -0.000884893 -0.000329955 0.000804123 -0.000478652 -0.000573034
internal_weight=3744 3090 992 372 2098 126 620 105 267 1972 193 1779 266
internal_count=3744 3090 992 372 2098 126 620 105 267 1972 193 1779 266
cat_boundaries=0 1
cat_threshold=596
is_linear=0
shrinkage=0.03


Tree=190
num_leaves=12
num_cat=0
split_feature=22 13 12 16 32 32 11 14 22 33 12
split_gain=3.15854 0.593042 0.615692 0.744356 0.836823 0.49045 0.298833 0.468574 0.34987 0.177836 0.0567945
threshold=4221.5000000000009 4583.7575757575769 4862.5833333333339 -0.14250758662009075 93.950000000000031 231.40000000000006 228.58519183649133 -0.62588817255938378 4789.0000000000009 7.3450000000000006 4311.1000000000013
decision_type=2 2 2 2 2 2 2 2 2 2 2
left_child=9 -2 3 4 -3 -5 8 -8 -4 10 -1
right_child=1 2 6 5 -6 -7 7 -9 -10 -11 -12
leaf_value=-5.5047722162955148 2.5149540685068938 -0.36265341193634532 1.1158121894766533 -1.4409992658051249 0.72185772982835239 0.01016865560046297 -3.7450961490543029 0.0027109652268245137 0.0084584021870968938 -0.92271492806613642 -1.4492256144787004
leaf_weight=596 55 456 114 473 129 116 188 364 1086 51 121
leaf_count=596 55 456 114 473 129 116 188 364 1086 51 121
internal_value=-0.000747201 -0.000287727 -0.000359755 -0.000891065 -5.11953e-05 -0.00164746 0 -0.000580471 0.000262281 -0.00246944 -0.00259889
internal_weight=3749 2981 2926 1174 585 589 1752 552 1200 768 717
internal_count=3749 2981 2926 1174 585 589 1752 552 1200 768 717
is_linear=0
shrinkage=0.03


Tree=191
num_leaves=10
num_cat=0
split_feature=22 11 14 17 16 24 29 21 10
split_gain=3.12797 0.467986 0.354603 0.319388 0.872404 0.612382 0.200095 0.12101 0.10037
threshold=4221.5000000000009 28.572764094403635 -0.98664820696349753 -0.27694043983797384 -0.89405649444168434 4750.5000000000009 27.775000000000002 4550.5000000000009 4068.0000000000005
decision_type=2 2 2 2 2 2 2 2 2
left_child=6 -2 7 4 -4 -5 -1 -3 -8
right_child=1 2 3 5 -6 -7 8 -9 -10
leaf_value=-4.6347702104711592 -0.9810018909522914 -3.1202541931304162 1.7098933121905033 -0.88157676917373728 0.0084463256862582301 0.004139110905708422 -3.8562329120942906 -1.7783846498683458 0.21438289863991641
leaf_weight=661 140 85 77 550 786 1268 53 75 54
leaf_count=661 140 85 77 550 786 1268 53 75 54
internal_value=-0.000755201 -0.000297787 -0.000196341 -9.61976e-05 0.000354166 -0.0003348 -0.00246944 -0.00158385 -0.000611112
internal_weight=3749 2981 2841 2681 863 1818 768 160 107
internal_count=3749 2981 2841 2681 863 1818 768 160 107
is_linear=0
shrinkage=0.03


Tree=192
num_leaves=9
num_cat=1
split_feature=22 11 14 14 0 29 21 10
split_gain=3.12797 0.467986 0.354603 0.258662 0.332853 0.200095 0.12101 0.10037
threshold=4221.5000000000009 28.572764094403635 -0.98664820696349753 0.99053107487289871 0 27.775000000000002 4550.5000000000009 4068.0000000000005
decision_type=2 2 2 2 9 2 2 2
left_child=5 -2 6 4 -4 -1 -3 -7
right_child=1 2 3 -5 -6 7 -8 -9
leaf_value=-4.4957271041570204 -0.95157183422373059 -3.026646567336496 -0.26978154528493142 0.60135830915449717 0.01179845313679938 -3.740545924731467 -1.7250331103722842 0.20795141168071651
leaf_weight=661 140 85 862 67 1752 53 75 54
leaf_count=661 140 85 862 67 1752 53 75 54
internal_value=-0.000755201 -0.000297787 -0.000196341 -9.61976e-05 -0.000159465 -0.00246944 -0.00158385 -0.000611112
internal_weight=3749 2981 2841 2681 2614 768 160 107
internal_count=3749 2981 2841 2681 2614 768 160 107
cat_boundaries=0 1
cat_threshold=2148
is_linear=0
shrinkage=0.03


Tree=193
num_leaves=18
num_cat=0
split_feature=22 13 17 14 17 21 27 7 25 29 32 7 29 27 19 10 17
split_gain=3.18924 0.495672 0.529235 0.425599 0.426149 0.295715 0.259536 0.677216 0.596847 0.559536 0.483335 0.346662 0.200095 0.150393 0.1457 0.10037 0.0419248
threshold=4221.5000000000009 5457.5021500473822 0.26659387353423869 -0.98664820696349753 -0.7614016681079937 5076.5000000000009 28.025000000000002 165.50000000000003 26.375000000000004 24.975000000000005 256.55000000000007 128.50000000000003 27.775000000000002 28.775000000000002 28.650000000000002 4068.0000000000005 0.96117374062971617
decision_type=2 2 2 2 2 2 2 2 2 2 2 2 2 2 2 2 2
left_child=12 2 3 -2 -5 16 8 11 9 -3 -10 -8 -1 -9 -7 -14 -4
right_child=1 6 5 4 -6 14 7 13 10 -11 -12 -13 15 -15 -16 -17 -18
leaf_value=-4.3608552910323199 -2.615638026821212 -0.18019543182183362 -1.3736322454933703 1.3305994058960215 -0.055956082978639611 0.29110392501565785 0.24370050044276853 0.053214506429923959 -0.79139077858281726 0.24895680600158679 0.066752257601616835 -0.96711522878146161 -3.6283295469895331 1.1163538405719968 -2.1359588869396013 0.20171286933030541 -0.78049528080714137
leaf_weight=661 68 646 259 131 285 72 188 51 368 393 125 205 53 64 50 54 76
leaf_count=661 68 646 259 131 285 72 188 51 368 393 125 205 53 64 50 54 76
internal_value=-0.000739201 -0.000277667 -0.000847134 -5.56708e-05 0.000208632 -0.00158515 0 0.000571709 -0.000209394 0.000161538 -0.00108097 0 -0.00246944 0.00258621 0 -0.000611112 -0.00205357
internal_weight=3749 2981 941 484 416 457 2040 508 1532 1039 493 393 768 115 122 107 335
internal_count=3749 2981 941 484 416 457 2040 508 1532 1039 493 393 768 115 122 107 335
is_linear=0
shrinkage=0.03


Tree=194
num_leaves=10
num_cat=0
split_feature=22 11 14 32 11 14 29 21 10
split_gain=3.31341 0.509159 0.395416 0.271158 0.842502 0.411236 0.200095 0.12101 0.10037
threshold=4221.5000000000009 28.572764094403635 -0.98664820696349753 0.55000000000000726 72.640791005429776 -0.36647417525074694 27.775000000000002 4550.5000000000009 4068.0000000000005
decision_type=2 2 2 2 2 2 2 2 2
left_child=6 -2 7 4 -4 -5 -1 -3 -8
right_child=1 2 3 5 -6 -7 8 -9 -10
leaf_value=-4.2300296323013375 -0.89457106362365457 -2.8902143703765639 0.21030269608760346 0.09543183708893066 -0.15159612292304936 -0.22105528667340138 -3.5194796605798531 -1.6682665951616689 0.19566148325038893
leaf_weight=661 140 85 88 912 145 1536 53 75 54
leaf_count=661 140 85 88 912 145 1536 53 75 54
internal_value=-0.000707201 -0.000237425 -0.000133006 -2.90835e-05 0.000923076 -0.000138425 -0.00246944 -0.00158385 -0.000611112
internal_weight=3749 2981 2841 2681 233 2448 768 160 107
internal_count=3749 2981 2841 2681 233 2448 768 160 107
is_linear=0
shrinkage=0.03


Tree=195
num_leaves=11
num_cat=1
split_feature=22 14 12 25 10 0 14 20 25 12
split_gain=2.97634 1.0337 0.644295 0.568877 0.767224 0.658411 0.468243 0.592079 0.467162 0.212856
threshold=4221.5000000000009 0.99053107487289871 4776.5500000000011 25.475000000000005 5017.857142857144 0 -0.68430824382591193 26.696428571428577 27.875000000000004 4474.0333333333338
decision_type=2 2 2 2 2 9 2 2 2 2
left_child=9 2 6 4 -4 -5 7 -2 -8 -1
right_child=1 -3 3 5 -6 -7 8 -9 -10 -11
leaf_value=-4.0886603245272095 0.40241471670822276 0.89953124709317311 0.74811779256467004 -0.76135984197681661 -0.017983932006444055 0.01839165817473698 -1.5361281807157354 -0.44306191757263319 -0.29402952334200066 -0.61288101328014699
leaf_weight=703 158 72 178 563 623 515 425 179 228 50
leaf_count=703 158 72 178 563 623 515 425 179 228 50
internal_value=-0.000884169 -0.000434399 -0.000537283 -0.000181916 0.000389027 -0.000647823 -0.00116549 -0.00010651 -0.0016422 -0.00257825
internal_weight=3694 2941 2869 1879 801 1078 990 337 653 753
internal_count=3694 2941 2869 1879 801 1078 990 337 653 753
cat_boundaries=0 1
cat_threshold=428
is_linear=0
shrinkage=0.03


Tree=196
num_leaves=11
num_cat=0
split_feature=22 14 12 33 7 24 25 15 10 12
split_gain=2.94642 1.04057 0.557821 0.532333 0.873346 0.739723 0.495611 0.786212 0.68002 0.212856
threshold=4221.5000000000009 0.99053107487289871 4776.5500000000011 5.0450000000000008 174.50000000000003 4287.5000000000009 25.475000000000005 -0.8901731938066898 4885.2142857142871 4474.0333333333338
decision_type=2 2 2 2 2 2 2 2 2 2
left_child=9 2 3 5 -5 -2 8 -8 -4 -1
right_child=1 -3 6 4 -6 -7 7 -9 -10 -11
leaf_value=-3.9660005147913946 0.089511773277074741 0.87254530968037214 1.0407125874546252 -0.64260615061058379 1.0787162534317192 -1.3053552382233227 0.16928011337992155 -0.39302530666308511 -0.0069405479104971395 -0.59449458288173329
leaf_weight=703 128 72 119 236 61 565 299 779 682 50
leaf_count=703 128 72 119 236 61 565 299 779 682 50
internal_value=-0.000892288 -0.000444596 -0.000547736 -0.00113522 0 -0.00159078 -0.000213831 -0.000647823 0.000314214 -0.00257825
internal_weight=3694 2941 2869 990 297 693 1879 1078 801 753
internal_count=3694 2941 2869 990 297 693 1879 1078 801 753
is_linear=0
shrinkage=0.03


Tree=197
num_leaves=10
num_cat=1
split_feature=22 14 17 14 21 0 25 18 29
split_gain=3.06691 0.793517 0.447736 0.633206 0.939277 0.672513 0.168334 0.0672411 0.0403219
threshold=4221.5000000000009 0.99053107487289871 -0.84887481510128715 -0.36647417525074694 4834.0000000000009 0 26.325000000000006 34.550000000000011 27.625000000000004
decision_type=2 2 2 2 2 9 2 2 2
left_child=8 2 6 5 -5 -4 7 -2 -1
right_child=1 -3 3 4 -6 -7 -8 -9 -10
leaf_value=-4.0171081151636807 -1.0022707871570906 0.84636895038996041 0.51257215291822422 -0.93145925423683251 -0.01976114166946763 -0.22159114919774267 -1.7062858107539758 0.28511501465318967 -2.0201252746718477
leaf_weight=630 54 72 304 643 1072 493 251 52 123
leaf_count=630 54 72 304 643 1072 493 251 52 123
internal_value=-0.000859811 -0.000403808 -0.000495471 -0.000330681 -0.000664336 0.000330826 -0.00152514 -2.80381e-05 -0.00257825
internal_weight=3694 2941 2869 2512 1715 797 357 106 753
internal_count=3694 2941 2869 2512 1715 797 357 106 753
cat_boundaries=0 1
cat_threshold=2567
is_linear=0
shrinkage=0.03


Tree=198
num_leaves=10
num_cat=0
split_feature=22 14 12 16 12 17 22 12 27
split_gain=3.07395 0.76921 0.661641 0.68237 0.495073 0.425051 0.649418 0.203584 0.0871648
threshold=4221.5000000000009 0.99053107487289871 4684.8333333333348 -0.93197223986804445 4257.0000000000009 -0.8697618612574799 4525.5000000000009 4474.0333333333338 26.725000000000005
decision_type=2 2 2 2 2 2 2 2 2
left_child=7 2 3 -2 -5 8 -7 -1 -4
right_child=1 -3 5 4 -6 6 -8 -9 -10
leaf_value=-3.7416837766231241 0.14948292343023975 0.82097788187827059 -0.94188480285278298 0.69839442717816025 -0.98260771207952147 2.1465828167601955 -0.031563687689241039 -0.45614650194037376 -1.6105118323366052
leaf_weight=703 96 72 90 65 644 69 1805 50 100
leaf_count=703 96 72 90 65 644 69 1805 50 100
internal_value=-0.000819216 -0.000363019 -0.000453659 -0.00119107 -0.00153803 -0.000143826 0 -0.00253846 -0.00149215
internal_weight=3694 2941 2869 805 709 2064 1874 753 190
internal_count=3694 2941 2869 805 709 2064 1874 753 190
is_linear=0
shrinkage=0.03


Tree=199
num_leaves=19
num_cat=2
split_feature=13 21 12 0 17 29 16 14 28 26 27 31 0 29 27 14 13 18
split_gain=2.79694 0.646136 0.590815 0.543655 0.521208 0.694705 0.537311 0.419265 0.572452 0.349972 0.344068 0.267507 0.26579 0.21079 0.200265 0.227671 0.164473 0.139822
threshold=5344.5894337834643 4499.0000000000009 4506.416666666667 0 -0.70291145964310642 22.625000000000004 0.97109394436505758 0.95242846126021108 26.125000000000004 0.25000000000000006 24.175000000000004 54.949999999999996 1 26.225000000000005 32.075000000000003 -0.85227431625818906 5525.0348588135976 23.799999999999994
decision_type=2 2 2 9 2 2 2 2 2 2 2 2 9 2 2 2 2 2
left_child=1 14 -3 7 11 12 -7 8 10 -4 -2 13 -6 -5 15 17 -10 -1
right_child=3 2 9 4 5 6 -8 -9 16 -11 -12 -13 -14 -15 -16 -17 -18 -19
leaf_value=-2.6968369260952825 -0.31994895987465294 0.22853469769827489 -1.2648509858398513 -0.018574817160048059 0.040448867614834384 0.31848670764978682 -0.26365275372940183 0.10152962451307615 -0.32251742959575075 0.21283384925222182 0.16612542734417579 0.33133551559254837 -0.61869620047145879 -0.57054225951853743 -0.1087720945014751 -2.5781874416397019 -1.2423714232478209 -0.20255823374398726
leaf_weight=73 308 66 138 56 119 749 85 75 177 57 195 57 122 180 62 773 306 96
leaf_count=73 308 66 138 56 119 749 85 75 177 57 195 57 122 180 62 773 306 96
internal_value=-0.000819216 -0.00196683 -0.000412214 -0.00020247 0.000167512 0.000501858 0.000937724 -0.000716419 -0.000914894 -0.00137755 -0.000107144 -0.00089796 -0.000818183 -0.00140506 -0.00232537 -0.00244009 -0.00166116 -0.000952942
internal_weight=3694 1265 261 2429 1368 1075 834 1061 986 195 503 293 241 236 1004 942 483 169
internal_count=3694 1265 261 2429 1368 1075 834 1061 986 195 503 293 241 236 1004 942 483 169
cat_boundaries=0 1 2
cat_threshold=228 265
is_linear=0
shrinkage=0.03


Tree=200
num_leaves=12
num_cat=0
split_feature=22 14 13 14 14 13 16 14 14 33 29
split_gain=2.83909 0.759855 0.622956 0.66447 0.505666 0.389473 0.355806 0.352958 0.446055 0.319197 0.0918856
threshold=4200.5000000000009 0.99053107487289871 5472.4693325606122 -0.61237985104942771 -0.95995996396290595 5361.0507853232548 -0.93197223986804445 -0.90529520250134576 -0.36647417525074694 3.3150000000000004 27.775000000000002
decision_type=2 2 2 2 2 2 2 2 2 2 2
left_child=5 2 3 4 -2 10 -5 9 -9 -4 -1
right_child=1 -3 7 6 -6 -7 -8 8 -10 -11 -12
leaf_value=-4.4306313934969586 -1.8314333897834936 1.0666348798827714 0.31550834331877237 0.09226316866991878 0.76081574831558485 -0.21234810123545844 -0.88188137020931412 0.24533458977392941 -0.060701214196577521 -1.6105180791547502 -1.9883565891211106
leaf_weight=601 121 78 63 63 153 62 657 493 1214 172 86
leaf_count=601 121 78 63 63 153 62 657 493 1214 172 86
internal_value=-0.000715729 -0.000287563 -0.000378959 -0.000991961 0.000119999 -0.002376 -0.00147712 -4.16888e-05 8.43084e-05 -0.00114407 -0.0025814
internal_weight=3763 3014 2936 994 274 749 720 1942 1707 235 687
internal_count=3763 3014 2936 994 274 749 720 1942 1707 235 687
is_linear=0
shrinkage=0.03


Tree=201
num_leaves=13
num_cat=1
split_feature=21 33 14 17 14 33 26 0 13 15 26 14
split_gain=2.90418 0.742475 0.429522 0.438961 0.566942 0.598638 0.416076 0.313661 0.302743 0.293632 0.0825118 0.045435
threshold=4290.5000000000009 7.0450000000000008 0.98522604642031408 -0.8611288361322974 -0.36647417525074694 4.5050000000000008 11.850000000000003 0 5390.2306928171174 0.011826144619637555 2.5500000000000003 -0.85227431625818906
decision_type=2 2 2 2 2 2 2 9 2 2 2 2
left_child=1 8 3 7 6 -6 -5 10 11 -4 -2 -1
right_child=2 -3 9 4 5 -7 -8 -9 -10 -11 -12 -13
leaf_value=-2.1755890253340571 -1.8569614734070989 0.096719735058283476 0.91570065884133234 0.062414765755337658 -0.50724487421483289 0.0064143646147097532 0.50190001795543671 -1.5681724380493094 -0.3244588444137767 -0.089011442838020136 0.27861427839345193 -3.6145148386158112
leaf_weight=123 63 68 50 708 791 862 91 166 72 50 52 667
leaf_count=123 63 68 50 708 791 862 91 166 72 50 52 667
internal_value=-0.000715729 -0.00217508 -0.000220184 -0.000305048 -0.000155321 -0.000486095 0.000472499 -0.00144681 -0.00242294 0.00163366 0 -0.00259798
internal_weight=3763 930 2833 2733 2452 1653 799 281 862 100 115 790
internal_count=3763 930 2833 2733 2452 1653 799 281 862 100 115 790
cat_boundaries=0 1
cat_threshold=344
is_linear=0
shrinkage=0.03


Tree=202
num_leaves=14
num_cat=0
split_feature=21 12 14 12 16 27 27 15 16 27 6 12 17
split_gain=2.9373 0.594173 0.423877 0.483918 0.666975 0.412879 0.330579 0.683735 0.606226 0.326933 0.293632 0.221607 0.00303171
threshold=4290.5000000000009 4528.916666666667 0.98522604642031408 4709.3666666666677 -0.93197223986804445 27.975000000000005 26.925000000000008 -0.90531874877253482 -0.7614135502316719 31.625000000000004 3.5000000000000004 4506.416666666667 -0.81052350355985869
decision_type=2 2 2 2 2 2 2 2 2 2 2 2 2
left_child=1 9 3 4 11 -6 8 -8 -5 12 -4 -2 -1
right_child=2 -3 10 6 5 -7 7 -9 -10 -11 -12 -13 -14
leaf_value=-1.9516309770821723 0.24601009224368062 0.59214498513583758 -0.086341099552866493 2.1728416469771084 -0.90856123885262507 0.052726800418127905 0.1406115578808913 -0.49289043535516491 -0.0068381257841027571 -0.82961960460238193 0.88822963907609742 -0.89499365795789765 -3.2618741095029788
leaf_weight=101 60 66 50 221 483 123 239 556 1001 51 50 50 712
leaf_count=101 60 66 50 221 483 123 239 556 1001 51 50 50 712
internal_value=-0.000707758 -0.00217508 -0.000209598 -0.000294075 -0.000966528 -0.0013888 -3.27064e-05 -0.000527639 0.000252657 -0.0023896 0.00163366 0.000945945 -0.00253563
internal_weight=3763 930 2833 2733 716 606 2017 795 1222 864 100 110 813
internal_count=3763 930 2833 2733 716 606 2017 795 1222 864 100 110 813
is_linear=0
shrinkage=0.03


Tree=203
num_leaves=11
num_cat=0
split_feature=21 14 12 16 12 14 33 20 12 25
split_gain=2.80038 0.650133 0.798126 0.751312 0.748206 0.262678 0.305399 0.235436 0.0884349 0.0545825
threshold=4152.5000000000009 0.99053107487289871 4709.3666666666677 -0.93881210897455081 4231.9333333333343 -0.98370366633421236 5.7800000000000002 25.475000000000005 4311.1000000000013 30.750000000000004
decision_type=2 2 2 2 2 2 2 2 2 2
left_child=8 2 3 7 -5 -4 -7 -2 9 -1
right_child=1 -3 5 4 -6 6 -8 -9 -10 -11
leaf_value=-5.9847891306128727 -0.39856383124136807 0.79295875738172472 -1.8669953534672383 1.0623186580268067 -0.88190335144339504 0.04373420032674389 -0.40048965903981021 0.19374830044651131 -0.37671575280767372 -4.030315216181914
leaf_weight=533 55 83 109 57 787 1501 451 75 62 50
leaf_count=533 55 83 109 57 787 1501 451 75 62 50
internal_value=-0.000699788 -0.000310677 -0.000395258 -0.00110462 -0.00145207 -3.78281e-05 1.99686e-05 0.000801526 -0.00250774 -0.00266096
internal_weight=3763 3118 3035 974 844 2061 1952 130 645 583
internal_count=3763 3118 3035 974 844 2061 1952 130 645 583
is_linear=0
shrinkage=0.03


Tree=204
num_leaves=12
num_cat=1
split_feature=21 14 15 13 0 17 12 21 16 12 28
split_gain=2.93146 0.474536 0.787234 0.583319 0.447654 0.779752 0.43126 0.395825 0.367544 0.0884349 0.0545825
threshold=4152.5000000000009 0.98522604642031408 1.0000000180025095e-35 5348.9018528989609 0 -0.65234411079832233 4231.9333333333343 4815.5000000000009 -0.96026770555568497 4311.1000000000013 30.750000000000004
decision_type=2 2 2 2 9 2 2 2 2 2 2
left_child=9 3 -3 6 7 -6 -2 -5 -8 10 -1
right_child=1 2 -4 4 5 -7 8 -9 -10 -11 -12
leaf_value=-5.805245456694494 0.87190558454034017 1.0756650453835133 -0.68660543365727977 0.838047915400702 -0.9656633011429181 -0.017695888391984282 0.061567246688511067 -0.00061796388392333418 -0.99476574766882031 -0.36541428022345512 -3.9094057596964449
leaf_weight=533 57 56 59 227 317 1358 59 420 565 62 50
leaf_count=533 57 56 59 227 317 1358 59 420 565 62 50
internal_value=-0.000659937 -0.000262585 0.00155172 -0.000347537 -9.94411e-05 -0.000373666 -0.0011261 0.000537993 -0.0013872 -0.00250774 -0.00266096
internal_weight=3763 3118 115 3003 2322 1675 681 647 624 645 583
internal_count=3763 3118 115 3003 2322 1675 681 647 624 645 583
cat_boundaries=0 1
cat_threshold=2313
is_linear=0
shrinkage=0.03


Tree=205
num_leaves=19
num_cat=0
split_feature=22 25 33 33 17 31 14 14 15 20 24 32 11 20 11 14 14 33
split_gain=2.81113 0.67263 0.555218 0.963349 0.927007 0.492457 0.504413 0.45483 0.414621 0.38178 0.733244 0.863545 0.4025 0.299168 0.216019 0.201257 0.136348 0.0458632
threshold=4325.5000000000009 31.625000000000004 5.1050000000000013 5.7800000000000002 -0.55656394595157355 0.9000000000000038 0.98522604642031408 -0.82415615971448097 -0.18493013702746822 26.657142857142862 4887.5000000000009 184.25000000000003 129.6079081350023 26.38214285714286 117.00630833626164 -0.36647417525074694 -0.95244167294248061 6.5450000000000008
decision_type=2 2 2 2 2 2 2 2 2 2 2 2 2 2 2 2 2 2
left_child=1 7 9 4 -4 6 -5 8 -1 13 12 -12 -11 15 -6 -2 -10 -9
right_child=2 -3 3 5 14 -7 -8 17 16 10 11 -13 -14 -15 -16 -17 -18 -19
leaf_value=0.55876194268150192 -0.014185670947062358 0.17561154776957175 -0.43728704962468523 -0.092784869271058723 1.0028037810324066 -1.1786727766391214 0.71400804076773583 -2.6622161990897992 -2.0191006549171306 -0.45353519702127087 0.13202605494570521 0.637729721183938 0.53337869050435138 -1.2165440743105684 0.87110091254057698 -0.35547305382033267 -0.57799334025720372 -0.7815243368560193
leaf_weight=52 485 52 95 439 90 118 58 662 79 278 169 84 51 130 51 672 58 92
leaf_count=52 485 52 95 439 90 118 58 662 79 278 169 84 51 130 51 672 58 92
internal_value=-0.000621637 -0.00198795 -0.000104742 0.000507042 0.00213924 -4.8702e-05 0.000289156 -0.00218644 -0.000536843 -0.000407487 0.000169811 0.00144094 -0.000672728 -0.000703417 0.00367606 -0.00049741 -0.00156522 -0.00253907
internal_weight=3715 995 2720 851 236 615 497 943 189 1869 582 253 329 1287 141 1157 137 754
internal_count=3715 995 2720 851 236 615 497 943 189 1869 582 253 329 1287 141 1157 137 754
is_linear=0
shrinkage=0.03


Tree=206
num_leaves=17
num_cat=0
split_feature=21 33 14 7 33 14 20 12 20 27 18 10 11 12 21 13
split_gain=2.8579 0.509904 0.51886 0.904759 0.42967 0.798094 0.939523 0.606431 0.624418 0.734384 0.646302 0.577825 0.447901 0.428012 0.398316 0.034561
threshold=4310.5000000000009 7.0450000000000008 -0.82415615971448097 271.50000000000006 5.1050000000000013 0.30983042691905771 24.93214285714286 4743.6333333333341 26.675000000000004 26.725000000000005 3.849999999999997 4820.0000000000009 76.605668039720499 4743.6333333333341 4673.0000000000009 5344.5894337834643
decision_type=2 2 2 2 2 2 2 2 2 2 2 2 2 2 2 2
left_child=1 2 3 -1 7 11 -7 12 10 -10 -9 -6 -2 -8 -14 -4
right_child=4 -3 15 -5 5 6 13 8 9 -11 -12 -13 14 -15 -16 -17
leaf_value=1.0929182241005977 -1.3562557748830324 0.029371480116347427 -3.2651986235286126 -3.2379222826716259 1.1510327965836966 1.0577862108070826 0.17859192344199418 0.023101312341014944 0.61399740387353385 -0.028890510902513631 -0.79292677051208893 -0.045335130333890757 0.038519226329518402 -0.47658906002350337 -1.8697606745000976 -0.64352208627592034
leaf_weight=51 195 68 649 133 94 82 142 570 139 251 414 52 213 486 103 73
leaf_count=51 195 68 649 133 94 82 142 570 139 251 414 52 213 486 103 73
internal_value=-0.00062971 -0.00202769 -0.00221941 -0.000470271 -0.000115974 0.000416569 0 -0.000381761 -1.96371e-05 0.000959079 -0.000453808 0.00242857 -0.00126563 -0.000395867 -0.000388013 -0.00260166
internal_weight=3715 974 906 184 2741 856 710 1885 1374 390 984 146 511 628 316 722
internal_count=3715 974 906 184 2741 856 710 1885 1374 390 984 146 511 628 316 722
is_linear=0
shrinkage=0.03


Tree=207
num_leaves=17
num_cat=2
split_feature=21 25 27 25 18 23 0 20 11 14 20 21 14 22 13 0
split_gain=2.82374 0.472624 0.460485 1.27978 0.945652 0.508598 0.542323 0.617802 0.439273 0.341069 0.338675 0.404887 0.271878 0.271446 0.374152 0.185415
threshold=4310.5000000000009 31.125000000000004 28.025000000000002 28.875000000000004 3.9999999999999973 4561.0000000000009 0 26.817857142857147 47.410818503603529 -0.68430824382591193 34.914285714285718 4725.5000000000009 -0.72101013194340913 4247.5000000000009 5222.195860441384 1
decision_type=2 2 2 2 2 2 9 2 2 2 2 2 2 2 2 9
left_child=1 12 5 4 -4 9 7 -7 -8 15 11 -5 13 14 -1 -2
right_child=2 -3 3 10 -6 6 8 -9 -10 -11 -12 -13 -14 -15 -16 -17
leaf_value=-2.7283183923221292 -0.74304994807448854 0.0018595003207181745 2.3140054775581698 0.20701522457175703 0.12873799558357302 -0.0081740872525333328 0.044304341146886306 0.29966060574875392 -0.45921717621844421 -1.4662012313549448 0.66947341990271025 -0.6113508538441319 -2.5568919156650654 0.6483724515414343 0.0058100842180766367 0.40944515068138365
leaf_weight=124 103 72 67 160 87 770 88 196 586 158 73 348 649 77 52 105
leaf_count=124 103 72 67 160 87 770 88 196 586 158 73 348 649 77 52 105
internal_value=-0.000637783 -0.00202769 -0.000126915 0.00048913 0.00292258 -0.000375188 -0.000118831 0.000303991 -0.000783942 -0.00139782 -8.24749e-05 -0.000430256 -0.00221595 -0.00103937 -0.00171187 -0.000330144
internal_weight=3715 974 2741 735 154 2006 1640 966 674 366 581 508 902 253 176 208
internal_count=3715 974 2741 735 154 2006 1640 966 674 366 581 508 902 253 176 208
cat_boundaries=0 1 2
cat_threshold=398 330
is_linear=0
shrinkage=0.03


Tree=208
num_leaves=13
num_cat=0
split_feature=22 33 13 13 20 19 18 11 18 10 13 29
split_gain=2.72001 0.739586 0.524221 0.720297 0.295118 1.27224 0.721567 0.264439 0.313623 0.313034 0.111698 0.118208
threshold=4221.5000000000009 7.0450000000000008 4583.7575757575769 5344.5894337834643 26.817857142857147 256.55000000000007 5.4999999999999938 165.11179473893353 0.59999999999999476 4257.6428571428578 5222.195860441384 27.175000000000008
decision_type=2 2 2 2 2 2 2 2 2 2 2 2
left_child=1 10 -2 7 6 -6 -5 9 -9 -4 -1 -12
right_child=2 -3 3 4 5 -7 -8 8 -10 -11 11 -13
leaf_value=-4.8734922863414774 2.4484693960005113 0.30405994835590616 -0.093057280267385814 0.019804464149959851 0.011611973562516623 0.37450838524333496 -0.71989764551041491 -0.96582937017552006 0.55164326094272298 -0.84150093896803213 -1.1746500232465868 -0.048239158429308114
leaf_weight=526 56 57 63 936 898 73 492 54 55 345 110 50
leaf_count=526 56 57 63 936 898 73 492 54 55 345 110 50
internal_value=-0.000621637 -0.00225 -0.00019879 -0.000268427 -3.00007e-05 0.000351851 -0.000321204 -0.00128571 0 -0.0016357 -0.00253712 -0.00121118
internal_weight=3715 743 2972 2916 2399 971 1428 517 109 408 686 160
internal_count=3715 743 2972 2916 2399 971 1428 517 109 408 686 160
is_linear=0
shrinkage=0.03


Tree=209
num_leaves=19
num_cat=2
split_feature=21 13 27 16 23 0 20 11 14 10 29 33 28 17 0 21 14 17
split_gain=2.79257 0.451613 0.395696 1.0551 0.557516 0.553219 0.549168 0.44095 0.408013 0.341747 0.523291 0.339696 0.938265 0.314139 0.22764 0.159412 0.093219 0.0876364
threshold=4299.0000000000009 5361.0507853232548 28.025000000000002 -0.57693561556757644 4561.0000000000009 0 26.817857142857147 51.725457384722361 -0.68430824382591193 4379.2857142857147 34.225000000000009 5.1050000000000013 29.075000000000006 -0.91336200528690714 1 5090.5000000000009 -0.85227431625818906 -0.7614016681079937
decision_type=2 2 2 2 2 9 2 2 2 2 2 2 2 2 9 2 2 2
left_child=1 13 4 9 8 6 -6 -7 14 -4 -11 15 -13 -1 -2 -5 -15 -3
right_child=2 17 3 11 5 7 -8 -9 -10 10 -12 12 -14 16 -16 -17 -18 -19
leaf_value=-0.5358732210631989 -0.71949557076626114 -0.68274021416243735 0.22648973576380399 -0.60965762637949372 -0.0021988820047174622 0.020678983270746274 0.28482789986352447 -0.56106340143540301 -1.3873458236944418 -1.0704368781018068 0.21643693614819792 2.0777548863115278 0.17536249795500003 -1.5260332903888363 0.3539184289922771 0.18075951657022832 -3.0874755481166805 0.94571246407344955
leaf_weight=67 117 54 50 50 771 118 198 558 186 249 106 69 163 81 106 67 651 54
leaf_count=67 117 54 50 50 771 118 198 558 186 249 106 69 163 81 106 67 651 54
internal_value=-0.00060549 -0.00205507 -0.000120684 0.000441059 -0.000348906 -7.29047e-05 0.000355101 -0.000746726 -0.00134634 -0.000517242 -0.000926967 0.00168 0.00235622 -0.0023025 -0.000241072 0 -0.00248431 0
internal_weight=3715 907 2808 754 2054 1645 969 676 409 405 355 349 232 799 223 117 732 108
internal_count=3715 907 2808 754 2054 1645 969 676 409 405 355 349 232 799 223 117 732 108
cat_boundaries=0 1 2
cat_threshold=398 394
is_linear=0
shrinkage=0.03


Tree=210
num_leaves=20
num_cat=1
split_feature=12 25 22 29 18 32 23 24 20 12 15 17 7 12 21 25 27 5 0
split_gain=2.85705 0.682083 0.451657 0.376863 0.596969 0.524399 1.05287 0.703152 0.460559 0.927369 0.449323 0.43894 0.910684 0.438021 0.984024 0.516268 0.368882 0.265686 0.244117
threshold=4465.1333333333341 32.075000000000003 4399.5000000000009 27.275000000000002 7.1000000000000041 93.950000000000031 4815.5000000000009 4901.0000000000009 26.817857142857147 5016.7500000000009 -0.90531874877253482 0.88917497572200743 166.50000000000003 6640.8166666666675 6827.0000000000009 29.875000000000004 31.125000000000004 3.5000000000000004 0
decision_type=2 2 2 2 2 2 2 2 2 2 2 2 2 2 2 2 2 2 9
left_child=1 2 16 4 5 7 -7 -2 18 -10 11 12 -5 15 -15 -12 -1 -13 -6
right_child=3 -3 -4 10 8 6 -8 -9 9 -11 13 17 -14 14 -16 -17 -18 -19 -20
leaf_value=-1.8864208272574541 -0.68967836595045473 0.15833841185354866 -0.05972579324063005 -0.099762099390828529 -0.31331888616109499 1.9904288425502574 -0.12012999961512483 0.032048943738804681 -0.48460241929789571 0.84328917940263903 0.18161936417233254 0.34524176435615461 1.1973417849821839 3.1253985424390458 -0.3501754703325537 -1.1732545060470552 -0.1013309966570607 -1.1763551750934229 -1.3870225149620599
leaf_weight=875 320 72 138 56 114 70 102 730 115 53 223 133 57 52 62 180 60 56 265
leaf_count=875 320 72 138 56 114 70 102 730 115 53 223 133 57 52 62 180 60 56 265
internal_value=-0.000584896 -0.00183246 -0.00203352 -1.50644e-05 -0.000277967 5.64179e-05 0.00161272 -0.000156994 -0.00110584 0 0.00049756 0.00141584 0.00294737 0 0.0015913 -0.000504951 -0.00227564 0.000252631 -0.00168947
internal_weight=3733 1145 1073 2588 1769 1222 172 1050 547 168 819 302 113 517 114 403 935 189 379
internal_count=3733 1145 1073 2588 1769 1222 172 1050 547 168 819 302 113 517 114 403 935 189 379
cat_boundaries=0 1
cat_threshold=2069
is_linear=0
shrinkage=0.03


Tree=211
num_leaves=17
num_cat=0
split_feature=13 10 14 16 10 19 12 20 22 7 16 11 16 25 20 14
split_gain=2.76287 0.768464 0.39307 0.455795 0.569013 0.656844 0.538696 0.521637 0.40921 0.329083 0.319669 0.473694 0.488759 0.295214 0.150707 0.0522594
threshold=5344.5894337834643 4156.7857142857147 -0.96235977360714686 0.34841060557183762 4576.4285714285725 122.80000000000003 4936.5833333333339 26.839285714285719 4749.5000000000009 220.50000000000003 -0.95468869869168038 134.96031162636478 0.15950578425779627 27.975000000000005 26.817857142857147 0.92922379131507438
decision_type=2 2 2 2 2 2 2 2 2 2 2 2 2 2 2 2
left_child=1 15 14 4 5 -4 9 -8 -6 -5 -3 13 -13 -12 -2 -1
right_child=2 10 3 6 8 -7 7 -9 -10 -11 11 12 -14 -15 -16 -17
leaf_value=-4.6741394571143182 -1.8355083441839957 0.14699419128924671 0.75798428302441911 -0.57586552110440947 -0.9765558771503251 -0.99271067223714438 -0.11643289152479891 0.55854675724595415 0.11139415412550419 -0.053721840012357865 -1.2436833788733346 -0.51505519980848091 3.9393254915749241 -0.27747629899685944 -0.56241772387564126 -5.2424167138586055
leaf_weight=506 97 73 146 198 158 57 579 112 924 102 317 123 51 147 93 50
leaf_count=506 97 73 146 198 158 57 579 112 924 102 317 123 51 147 93 50
internal_value=-0.000617033 -0.00175552 -1.33773e-05 7.77331e-05 0.000466562 0.00194118 -0.000381049 1.73403e-05 0.000146814 -0.00144518 -0.000994383 -0.00123474 0 -0.00173548 -0.00133508 -0.00264452
internal_weight=3733 1267 2466 2276 1285 203 991 691 1082 300 711 638 174 464 190 556
internal_count=3733 1267 2466 2276 1285 203 991 691 1082 300 711 638 174 464 190 556
is_linear=0
shrinkage=0.03


Tree=212
num_leaves=16
num_cat=1
split_feature=21 12 6 18 11 20 20 16 23 26 33 12 25 0 20
split_gain=2.87725 0.599435 0.647773 0.447045 0.468148 0.418395 1.18741 1.05969 0.46031 0.346222 0.343134 0.291184 0.28909 0.260512 0.0531442
threshold=4152.5000000000009 4958.7666666666673 3.5000000000000004 6.8499999999999996 204.73687068985348 26.782142857142862 26.01071428571429 -0.30061409409415352 4741.0000000000009 0.35000000000000003 7.455000000000001 4311.1000000000013 27.425000000000004 0 27.907142857142862
decision_type=2 2 2 2 2 2 2 2 2 2 2 2 2 9 2
left_child=11 2 12 4 -4 6 8 10 -3 -9 -7 14 -2 -5 -1
right_child=1 5 3 13 -6 7 -8 9 -10 -11 -12 -13 -14 -15 -16
leaf_value=-4.7420628997941217 -1.3024553075983702 4.4239207016791005 0.094798672284859137 0.017912974786798951 -2.7549337581147086 -0.82221305772097653 -1.2068294848535293 0.090982277449403237 0.026058350424300211 1.1344477029465367 0.253066248798198 -0.17666476918531554 -0.46029527355967026 -0.48530300905390678 -3.5176404291761112
leaf_weight=516 193 50 537 132 84 119 260 103 762 162 134 57 51 523 50
leaf_count=516 193 50 537 132 84 119 260 103 762 162 134 57 51 523 50
internal_value=-0.000576862 -0.000188043 -0.000621302 -0.000307753 0.000212218 0.000197988 -0.000103449 0.000907514 0.000416973 0.00225564 -0.000330709 -0.00244231 -0.00206939 -0.000868903 -0.00265079
internal_weight=3733 3110 1520 1276 621 1590 1072 518 812 265 253 623 244 655 566
internal_count=3733 3110 1520 1276 621 1590 1072 518 812 265 253 623 244 655 566
cat_boundaries=0 1
cat_threshold=517
is_linear=0
shrinkage=0.03


Tree=213
num_leaves=20
num_cat=0
split_feature=22 27 12 18 20 12 25 31 17 25 15 33 29 25 15 22 15 12 20
split_gain=2.63583 0.946353 0.571371 0.32925 0.981103 0.792741 1.19966 0.537185 0.40632 0.805634 0.540488 0.273247 0.260012 0.459053 0.238952 0.257698 0.152196 0.198167 0.0933484
threshold=4399.5000000000009 28.775000000000002 4560.6000000000013 7.1000000000000041 26.817857142857147 4818.1833333333343 26.725000000000005 3.5999999999999899 0.16587474750015932 24.425000000000004 -0.9292178835113839 3.5650000000000004 25.575000000000006 22.625000000000004 0.089118976521498999 4275.5000000000009 -0.82899557272681157 4539.3333333333339 26.425000000000004
decision_type=2 2 2 2 2 2 2 2 2 2 2 2 2 2 2 2 2 2 2
left_child=1 2 -1 7 16 11 -7 8 9 -2 -10 -6 13 -9 15 -3 -5 -18 -4
right_child=3 14 18 4 5 6 -8 12 10 -11 -12 -13 -14 -15 -16 -17 17 -19 -20
leaf_value=-1.6925415381108491 2.5330311614052765 0.37767415342045885 -2.3577062707529275 -0.21370675397185046 -1.0576642088350383 1.142667626592438 0.030457903521348979 0.93941299264324041 0.95480525773212865 0.010861930700434397 -0.54993370094176486 -0.088267702788035307 0.35989073440171526 -0.41415692900315859 -2.2597086573102021 -0.14052510917180139 -0.57733797233640316 -1.4851349514983523 1.2996221667704095
leaf_weight=852 115 67 51 91 76 87 208 50 54 563 715 112 74 55 68 83 51 311 50
leaf_count=852 115 67 51 91 76 87 208 50 54 563 715 112 74 55 68 83 51 311 50
internal_value=-0.000576862 -0.00175597 -0.00216352 -1.98993e-05 -0.000483459 0.000384297 0.00141892 0.000219422 0 0.000561119 -0.000444157 -0.001 0.00176667 0.000283018 0 0.000695364 -0.00150661 -0.00179339 0
internal_weight=3733 1171 953 2562 936 483 295 1626 1447 678 769 188 179 105 218 150 453 362 101
internal_count=3733 1171 953 2562 936 483 295 1626 1447 678 769 188 179 105 218 150 453 362 101
is_linear=0
shrinkage=0.03


Tree=214
num_leaves=16
num_cat=1
split_feature=21 27 25 16 23 14 19 25 33 24 0 16 29 31 13
split_gain=2.67854 0.440776 0.870164 0.697089 0.972194 0.68199 0.600221 0.534113 0.464319 0.409008 0.360543 0.652245 0.228737 0.228512 0.112966
threshold=4152.5000000000009 28.075000000000006 28.775000000000002 -0.90163369914317015 4673.0000000000009 -0.70822003333690042 78.050000000000011 24.975000000000005 5.1050000000000013 4251.0000000000009 0 -0.57693561556757644 27.625000000000004 3.849999999999997 5657.1492732558154
decision_type=2 2 2 2 2 2 2 2 2 2 9 2 2 2 2
left_child=12 3 8 5 9 7 -6 -2 -3 -5 11 -4 -1 -12 -7
right_child=1 2 10 4 6 14 -8 -9 -10 -11 13 -13 -14 -15 -16
leaf_value=-4.1669581960714446 3.864463149189231 0.079823050103895718 -0.44146620366955208 -0.086527880381635253 0.05795320423532991 0.14301917005899961 -0.25364153568886932 0.10692231013613848 1.3155439956602382 -1.170449389463716 -0.50065578386285781 0.620217215206329 -1.0886063023544335 0.093271344788110958 -2.9155165733077095
leaf_weight=543 54 88 181 160 817 59 564 50 50 546 286 96 80 98 61
leaf_count=543 54 88 181 160 817 59 564 50 50 546 286 96 80 98 61
internal_value=-0.000592931 -0.000216973 0.000359999 -0.000435987 -0.00062069 0.00108 -0.000121564 0.00288571 0.00252518 -0.00153183 -2.7191e-05 0.000708333 -0.00239423 -0.00067595 -0.000123968
internal_weight=3733 3110 799 2311 2087 224 1381 104 138 706 661 277 623 384 120
internal_count=3733 3110 799 2311 2087 224 1381 104 138 706 661 277 623 384 120
cat_boundaries=0 1
cat_threshold=2344
is_linear=0
shrinkage=0.03


Tree=215
num_leaves=13
num_cat=1
split_feature=22 14 0 14 25 12 13 12 31 32 29 23
split_gain=2.97796 0.455003 0.390875 0.479066 0.450949 0.635267 0.523551 0.350895 0.286808 0.256621 0.136179 0.046518
threshold=4152.5000000000009 -0.98370366633421236 0 0.10837544681456425 27.375000000000004 4758.1333333333341 5344.5894337834643 4762.8833333333341 47.350000000000009 1.3999999999999984 27.875000000000004 4725.5000000000009
decision_type=2 2 9 2 2 2 2 2 2 2 2 2
left_child=8 11 3 7 6 -6 -4 -3 10 -5 -1 -2
right_child=1 2 4 9 5 -7 -8 -9 -10 -11 -12 -13
leaf_value=-4.6493940418745821 -1.957438804897089 -0.42360590506938439 -0.86130542400490928 -0.037060025981299247 0.35448247515709458 0.17805419669283121 0.079079300382391457 0.30188044849930123 -0.81387849555555303 -0.43089280500017335 -3.134927570935675 -1.1464134921234121
leaf_weight=506 128 218 262 186 205 338 896 363 56 415 59 64
leaf_count=506 128 218 262 186 205 338 896 363 56 415 59 64
internal_value=-0.000495808 -9.753e-05 0 -0.00041995 0.000287382 0.00100368 -7.76603e-06 0.000123711 -0.00239228 -0.00102658 -0.00259717 -0.00150777
internal_weight=3696 3075 2883 1182 1701 543 1158 581 621 601 565 192
internal_count=3696 3075 2883 1182 1701 543 1158 581 621 601 565 192
cat_boundaries=0 1
cat_threshold=38
is_linear=0
shrinkage=0.03


Tree=216
num_leaves=11
num_cat=0
split_feature=21 14 16 14 17 10 28 11 29 23
split_gain=2.93388 0.482096 0.375719 0.311582 0.886406 0.797419 0.186829 0.172243 0.172973 0.170498
threshold=4088.5000000000005 -0.98664820696349753 0.96851839807117801 -0.70822003333690042 -0.29343329057636974 5108.2142857142871 29.225000000000005 44.98677054217363 22.625000000000004 4725.5000000000009
decision_type=2 2 2 2 2 2 2 2 2 2
left_child=6 9 3 4 -3 -5 -1 -4 -9 -2
right_child=1 2 7 5 -6 -7 -8 8 -10 -11
leaf_value=-5.0886739261132812 -2.3526104437005282 0.023877819758272009 0.0045066445095024938 -0.16501053894852505 1.5877440230018181 0.14544739184273006 -2.5912822733892651 -0.30593268919052935 -0.73599171492223892 -1.1210106928473784
leaf_weight=467 115 468 51 1186 84 1006 53 64 147 55
leaf_count=467 115 468 51 1186 84 1006 53 64 147 55
internal_value=-0.000471464 -0.000114259 -1.09751e-05 7.75949e-05 0.000721518 -6.42962e-05 -0.00256238 -0.00110646 -0.0015 -0.00166667
internal_weight=3696 3176 3006 2744 552 2192 520 262 211 170
internal_count=3696 3176 3006 2744 552 2192 520 262 211 170
is_linear=0
shrinkage=0.03


Tree=217
num_leaves=11
num_cat=1
split_feature=21 14 16 0 31 10 25 11 29 23
split_gain=2.83933 0.454838 0.352608 0.375216 0.779987 0.278771 0.186829 0.172243 0.172973 0.170498
threshold=4088.5000000000005 -0.98664820696349753 0.96851839807117801 0 3.7500000000000004 4398.5000000000009 29.225000000000005 44.98677054217363 22.625000000000004 4725.5000000000009
decision_type=2 2 2 9 2 2 2 2 2 2
left_child=6 9 3 4 -3 -5 -1 -4 -9 -2
right_child=1 2 7 5 -6 -7 -8 8 -10 -11
leaf_value=-4.9360137083298854 -2.2820321303895121 -0.10520517272906284 0.0043714451742297208 -0.22652705160424269 0.31993825215380606 0.0068664716002719683 -2.513543805187596 -0.29675470851480712 -0.71391196347456631 -1.087380372061955
leaf_weight=467 115 356 51 400 310 1678 53 64 147 55
leaf_count=467 115 356 51 400 310 1678 53 64 147 55
internal_value=-0.000503923 -0.000152031 -5.0882e-05 3.38791e-05 0.000660265 -0.000147918 -0.00256238 -0.00110646 -0.0015 -0.00166667
internal_weight=3696 3176 3006 2744 666 2078 520 262 211 170
internal_count=3696 3176 3006 2744 666 2078 520 262 211 170
cat_boundaries=0 1
cat_threshold=657
is_linear=0
shrinkage=0.03


Tree=218
num_leaves=16
num_cat=1
split_feature=22 0 25 29 13 13 13 13 16 15 12 19 18 21 15
split_gain=3.05031 0.329064 0.68547 0.658869 0.577661 0.511912 0.522561 0.394869 0.413904 0.388328 0.312068 0.22396 0.57978 0.293279 0.102605
threshold=4088.5000000000005 0 27.375000000000004 25.925000000000008 5122.4937519501946 5344.5894337834643 5424.3318095708764 5424.3318095708764 -0.90893575921103265 -0.15950993297387572 4231.9333333333343 25.550000000000001 7.1000000000000041 6759.0000000000009 0.19969739736768838
decision_type=2 9 2 2 2 2 2 2 2 2 2 2 2 2 2
left_child=14 7 5 -4 -5 9 -7 8 -2 -3 -10 13 -13 -9 -1
right_child=1 2 3 4 -6 6 -8 11 10 -11 -12 12 -14 -15 -16
leaf_value=-1.1940257536328585 0.21014536369308939 0.14941636304488115 0.56603865775924578 1.3009097487360524 -0.032635368837606815 0.35897943578540498 -0.048210790515365844 -0.039009337602115467 -0.10515984722746514 -1.0581772245729333 -1.0688707532550537 0.53326353423835704 -0.18767521329950621 -0.59767003048455436 -5.5746750640406653
leaf_weight=64 51 84 64 73 249 137 582 600 77 212 296 221 448 90 448
leaf_count=64 51 84 64 73 249 137 582 600 77 212 296 221 448 90 448
internal_value=-0.000463349 -0.000102669 0.000220962 0.00131008 0.000585139 -0.000147639 0.000233333 -0.000381272 -0.00119294 -0.00122222 -0.00158824 -9.70595e-05 0.000250746 -0.000499277 -0.00261404
internal_weight=3696 3184 1401 386 322 1015 719 1783 424 296 373 1359 669 690 512
internal_count=3696 3184 1401 386 322 1015 719 1783 424 296 373 1359 669 690 512
cat_boundaries=0 1
cat_threshold=46
is_linear=0
shrinkage=0.03


Tree=219
num_leaves=17
num_cat=1
split_feature=22 0 27 16 19 13 12 15 12 7 30 33 12 22 21 15
split_gain=3.02631 0.386604 0.823816 1.04219 0.671928 0.428458 0.581987 0.427371 0.342226 0.633795 0.569558 0.292584 0.565813 0.289496 0.2272 0.102605
threshold=4088.5000000000005 0 28.025000000000002 -0.57693561556757644 3.5500000000000003 5344.5894337834643 5183.4500000000016 -0.15950993297387572 4977.1000000000013 96.500000000000014 4.3500000000000005 3.6700000000000004 5645.5000000000009 6975.5000000000009 4650.5000000000009 0.19969739736768838
decision_type=2 9 2 2 2 2 2 2 2 2 2 2 2 2 2 2
left_child=15 8 5 14 -5 7 -7 -3 9 -2 -11 12 -10 -13 -4 -1
right_child=1 2 3 4 -6 6 -8 -9 11 10 -12 13 -14 -15 -16 -17
leaf_value=-1.1582049810238817 -0.57164549383504326 0.33232569576309251 0.37058101731149962 2.1379465104308428 0.17317341038917641 0.27719128313324282 -0.19172487592830945 -1.0994245561516864 1.0197751277764049 0.021545283423589932 -0.90486661839078741 -0.031501433129352219 -0.037336007073898281 -0.78673492138206313 -1.1338517253527962 -5.4074348121194351
leaf_weight=64 165 76 50 51 82 356 427 203 57 613 205 586 166 62 85 448
leaf_count=64 165 76 50 51 82 356 427 203 57 613 205 586 166 62 85 448
internal_value=-0.000471464 -0.000112089 0.00025727 0.00175093 0.00362686 -7.62002e-05 0.000237244 -0.00111429 -0.000400537 -0.000786586 -0.00037729 0 0.000964285 -0.000291218 0 -0.00261404
internal_weight=3696 3184 1330 268 133 1062 783 279 1854 983 818 871 223 648 135 512
internal_count=3696 3184 1330 268 133 1062 783 279 1854 983 818 871 223 648 135 512
cat_boundaries=0 1
cat_threshold=558
is_linear=0
shrinkage=0.03


Tree=220
num_leaves=17
num_cat=0
split_feature=21 15 12 14 27 14 23 33 23 14 12 14 21 20 21 21
split_gain=2.41415 0.422385 0.417908 1.05083 1.19897 0.639076 0.708471 0.427903 0.365368 0.3204 0.586029 0.392354 1.50128 0.357585 0.179755 0.163271
threshold=4088.5000000000005 0.19969739736768838 4949.916666666667 -0.69674959280705229 27.625000000000004 -0.98370366633421236 4512.5000000000009 7.3800000000000017 4561.0000000000009 -0.69674959280705229 5740.2833333333338 0.24372619187392155 5227.5000000000009 26.657142857142862 6500.5000000000009 4481.0000000000009
decision_type=2 2 2 2 2 2 2 2 2 2 2 2 2 2 2 2
left_child=1 -1 3 5 8 15 -7 -6 -5 10 13 12 -11 -4 -13 -2
right_child=2 -3 9 4 7 6 -8 -9 -10 11 -12 14 -14 -15 -16 -17
leaf_value=-0.70353138801084625 -1.5833623110367867 -5.2522471986281012 -0.73094492146014356 -1.4194545381807504 0.10002852912638963 0.72846979530255385 -0.0748876655668375 -0.54771581674171621 -0.44152888221069447 1.3539588486831364 -4.2657723301957491 0.040628660156539043 0.05294073659176611 1.2440920973668648 -0.13868440022784839 -0.28533016045823761
leaf_weight=65 65 453 85 309 330 219 153 153 314 102 170 534 484 51 185 50
leaf_count=65 65 453 85 309 330 219 153 153 314 102 170 534 484 51 185 50
internal_value=-0.000593877 -0.00250289 -0.000270516 -0.000617316 -0.00114092 0.000479507 0.00115013 0 -0.00200962 4.46643e-05 -0.000791532 0.00027565 0.000863713 0.000416058 -0.000141667 -0.0012931
internal_weight=3722 518 3204 1593 1106 487 372 483 623 1611 306 1305 586 136 719 115
internal_count=3722 518 3204 1593 1106 487 372 483 623 1611 306 1305 586 136 719 115
is_linear=0
shrinkage=0.03


Tree=221
num_leaves=12
num_cat=1
split_feature=10 26 28 27 28 27 12 14 27 0 17
split_gain=2.43144 0.383312 0.487663 0.421809 1.13962 0.719241 0.53983 0.846413 0.420457 0.39556 0.176055
threshold=4093.2142857142858 19.500000000000004 25.675000000000004 28.025000000000002 28.675000000000008 28.425000000000008 4709.3666666666677 -0.69674959280705229 25.825000000000006 0 -0.81052350355985869
decision_type=2 2 2 2 2 2 2 2 2 9 2
left_child=10 3 -3 6 5 -5 7 -2 -8 -6 -1
right_child=1 2 -4 4 9 -7 8 -9 -10 -11 -12
leaf_value=-0.83106847921757976 -0.016667704032135328 -0.32757943334104089 0.41856949883044603 -0.03236506707647191 0.24122963045486909 1.2998774331231437 0.06755979408105571 -1.26526399256606 -0.26386556801141947 -0.10717476342223865 -5.1566590113934581
leaf_weight=55 355 69 80 62 219 100 877 449 567 459 430
leaf_count=55 355 69 80 62 219 100 877 449 567 459 430
internal_value=-0.000601935 -0.000289068 0.00112 -0.000371966 0.000160522 0.00244785 -0.00059093 -0.00122609 -0.000205537 -0.000322534 -0.00259259
internal_weight=3722 3237 149 3088 840 162 2248 804 1444 678 485
internal_count=3722 3237 149 3088 840 162 2248 804 1444 678 485
cat_boundaries=0 1
cat_threshold=25
is_linear=0
shrinkage=0.03


Tree=222
num_leaves=12
num_cat=0
split_feature=21 15 26 25 16 23 15 7 5 25 17
split_gain=2.43575 0.422385 0.378193 0.377853 0.29877 0.568919 0.6192 0.424971 0.368813 0.59915 0.417595
threshold=4088.5000000000005 0.19969739736768838 19.500000000000004 25.425000000000004 -0.36547639117285574 4561.0000000000009 -0.099822328936730861 215.50000000000003 3.5000000000000004 24.425000000000004 0.2332836900311728
decision_type=2 2 2 2 2 2 2 2 2 2 2
left_child=1 -1 4 -4 8 6 -6 -7 10 -10 -2
right_child=2 -3 3 -5 5 7 -8 -9 9 -11 -12
leaf_value=-0.57963296042465495 0.087670865467840142 -4.9399800123274407 -1.2645172069155726 0.17919828739073401 -0.28328481731039257 0.035317092046858123 -1.1492584560875871 -0.24802051938136435 3.0590114202818208 0.0024122186040891479 -0.80355730549626347
leaf_weight=65 447 453 57 91 259 888 282 427 108 285 360
leaf_count=65 447 453 57 91 259 888 282 427 108 285 360
internal_value=-0.000585819 -0.00250289 -0.000261155 0.00114765 -0.000344456 -0.000583199 -0.00141697 -0.000205168 0 0.000776649 -0.000341585
internal_weight=3722 518 3204 148 3056 1856 541 1315 1200 393 807
internal_count=3722 518 3204 148 3056 1856 541 1315 1200 393 807
is_linear=0
shrinkage=0.03


Tree=223
num_leaves=17
num_cat=0
split_feature=10 20 20 15 15 29 16 23 25 25 23 24 16 16 17 33
split_gain=2.43144 0.246156 0.459115 0.471814 0.800456 0.599328 0.428335 0.612007 0.651482 0.648325 0.502197 0.267766 0.346411 0.246491 0.176055 0.063178
threshold=4093.2142857142858 26.625000000000004 27.203571428571433 -0.074115882986646633 0.31595530242620651 27.475000000000005 -0.90893575921103265 4676.0000000000009 26.775000000000002 24.375000000000004 4801.0000000000009 6355.0000000000009 -0.05695216311707673 -0.26037633224328088 -0.81052350355985869 4.1150000000000011
decision_type=2 2 2 2 2 2 2 2 2 2 2 2 2 2 2 2
left_child=14 6 3 5 -5 -3 10 8 -8 -9 -2 13 -13 -4 -1 -12
right_child=1 2 11 4 -6 -7 7 9 -10 -11 15 12 -14 -15 -16 -17
leaf_value=-0.7923036251917781 2.5004266479901514 0.44287022564545636 -0.030499199541902233 -1.128032838758964 1.2090974445915788 -0.21870144478264 -1.1144494700414136 0.09696342384760695 0.36056558345125678 -0.30940655217673424 0.0096637639277477472 -0.0070693872501594035 5.5033643825634444 -0.28362397419383345 -4.8537598406818319 -1.4455091915995582
leaf_weight=55 92 185 472 138 56 77 371 583 75 436 53 183 57 402 430 57
leaf_count=55 92 185 472 138 56 77 371 583 75 436 53 183 57 402 430 57
internal_value=-0.000601935 -0.000289068 0 0.000781181 -0.000138462 0.00163118 -0.000543166 -0.000736699 -0.00168456 -0.000276471 0.000635467 -0.000347086 0.000435684 -0.000613715 -0.00259259 -0.000405406
internal_weight=3722 3237 1570 456 194 262 1667 1465 446 1019 202 1114 240 874 485 110
internal_count=3722 3237 1570 456 194 262 1667 1465 446 1019 202 1114 240 874 485 110
is_linear=0
shrinkage=0.03


Tree=224
num_leaves=12
num_cat=0
split_feature=10 26 27 27 25 25 16 23 23 22 15
split_gain=2.36185 0.472847 0.787234 0.439142 1.00577 0.767533 0.578557 0.57638 0.511917 0.463404 0.070069
threshold=4093.2142857142858 23.300000000000001 26.475000000000005 28.025000000000002 28.675000000000008 27.625000000000004 -0.59263320653766849 4550.5000000000009 4673.0000000000009 4850.5000000000009 0.30778899014954286
decision_type=2 2 2 2 2 2 2 2 2 2 2
left_child=10 3 -3 6 5 -5 9 -6 -8 -2 -1
right_child=1 2 -4 4 7 -7 8 -9 -10 -11 -12
leaf_value=-0.66747915641092803 0.26880077563724553 -1.0596554517357821 0.34848500315058589 0.0088522988336582568 0.12505915869481701 1.3109127902842423 -0.90707253855118009 -0.25176543806175999 -0.11266243426219552 -0.68727600601192929 -4.7372819741459571
leaf_weight=66 260 59 56 77 198 89 657 484 1128 229 419
leaf_count=66 260 59 56 77 198 89 657 484 1128 229 419
internal_value=-0.000569703 -0.000261273 0.00155172 -0.00034294 0.000201413 0.00231736 -0.000565715 -0.000250367 -0.000823069 0.000281632 -0.00253086
internal_weight=3722 3237 115 3122 848 166 2274 682 1785 489 485
internal_count=3722 3237 115 3122 848 166 2274 682 1785 489 485
is_linear=0
shrinkage=0.03


Tree=225
num_leaves=17
num_cat=1
split_feature=10 0 33 27 16 23 16 16 14 14 22 11 19 22 13 27
split_gain=2.63281 0.446912 0.70452 0.969393 0.457715 0.463014 0.389636 1.07177 0.361321 0.356813 0.574999 0.306356 0.226531 0.218678 0.20864 0.136512
threshold=4156.7857142857147 0 4.9650000000000007 32.425000000000011 -0.0053757035942445328 4612.0000000000009 0.31596169403973995 0.57957876984334955 -0.86976336936302323 -0.861146256326485 4275.5000000000009 49.713463247731973 96.15000000000002 4366.5000000000009 5231.1546608807466 27.975000000000005
decision_type=2 9 2 2 2 2 2 2 2 2 2 2 2 2 2 2
left_child=14 2 6 15 9 8 12 -8 -6 13 -11 -7 -2 -3 -1 -4
right_child=1 4 3 -5 5 11 7 -9 -10 10 -12 -13 -14 -15 -16 -17
leaf_value=-3.7377512168028697 -0.57447401580615587 -0.60137994485881363 0.78730598000117846 -0.72513226089610761 -0.09587490957004427 0.039268626646754283 0.81380912901554558 -0.21593651265739716 -1.0359556694542444 0.1807452790083699 -0.002946567567913005 -0.25961927580060873 -0.02650826226853787 -1.8316821389521571 -1.5853524122501781 1.2090080043231524
leaf_weight=504 194 81 74 53 80 132 66 192 308 63 951 651 160 115 50 73
leaf_count=504 194 81 74 53 80 132 66 192 308 63 951 651 160 115 50 73
internal_value=-0.00061793 -0.000270508 0.000302551 0.00186567 -0.000484114 -0.000911264 -0.000132138 0.000660231 -0.00179692 -3.71601e-05 0.000150738 -0.000413266 -0.00083662 -0.0012335 -0.00253514 0.0032027
internal_weight=3747 3193 812 200 2381 1171 612 258 388 1210 1014 783 354 196 554 147
internal_count=3747 3193 812 200 2381 1171 612 258 388 1210 1014 783 354 196 554 147
cat_boundaries=0 1
cat_threshold=848
is_linear=0
shrinkage=0.03


Tree=226
num_leaves=16
num_cat=1
split_feature=10 0 24 15 11 21 25 25 16 31 24 27 5 13 24
split_gain=2.70271 0.469016 0.623109 0.841215 0.434818 0.517521 0.393382 0.420995 0.365582 0.626973 0.415794 0.32001 0.220602 0.20864 0.0657621
threshold=4156.7857142857147 0 4411.0000000000009 -0.69676771491221523 151.87963760329697 6759.0000000000009 26.575000000000006 29.025000000000002 -0.79384350655589164 0.59999999999999476 4650.5000000000009 23.325000000000006 2.5000000000000004 5231.1546608807466 6788.0000000000009
decision_type=2 9 2 2 2 2 2 2 2 2 2 2 2 2 2
left_child=13 2 3 -2 8 11 12 -8 9 -3 -10 -6 -4 -1 -7
right_child=1 4 6 -5 5 14 7 -9 10 -11 -12 -13 -14 -15 -16
leaf_value=-3.625618680298774 -0.088831154216902145 -0.14983147235546806 -0.0014532170166697044 1.4991151705715897 -0.15237058941734008 -1.9304652046358841 0.83665637679286953 -0.62278949601972589 -0.77366334450893726 0.29228556193490801 -0.10516407870007144 0.23557444140507808 -1.1532956688307099 -1.5377918398826673 -0.61685236475651406
leaf_weight=504 66 175 139 52 185 70 118 63 602 126 871 550 111 50 65
leaf_count=504 66 175 139 52 185 70 118 63 602 126 871 550 111 50 65
internal_value=-0.000593917 -0.00024233 0.000514285 0.00244538 -0.00041695 8.61072e-05 0 0.00105494 -0.000691268 0.000139072 -0.000891453 0.000448369 -0.000776893 -0.00253514 -0.00154412
internal_weight=3747 3193 549 118 2644 870 431 181 1774 301 1473 735 250 554 135
internal_count=3747 3193 549 118 2644 870 431 181 1774 301 1473 735 250 554 135
cat_boundaries=0 1
cat_threshold=592
is_linear=0
shrinkage=0.03


Tree=227
num_leaves=16
num_cat=1
split_feature=10 0 24 17 19 16 23 11 29 27 17 10 13 6 20
split_gain=2.77344 0.434664 0.623109 0.714964 0.616423 0.46063 0.719623 0.506212 0.42151 0.881072 0.567151 0.316657 0.20864 0.205421 0.098687
threshold=4156.7857142857147 0 4411.0000000000009 0.063390085881955341 6.7500000000000009 -0.10837644903917555 4612.0000000000009 51.150569946755617 23.425000000000004 22.175000000000001 -0.21022037796396451 5955.0714285714294 5231.1546608807466 8.5000000000000018 24.87857142857143
decision_type=2 9 2 2 2 2 2 2 2 2 2 2 2 2 2
left_child=12 2 3 -2 14 8 13 -8 9 -3 -10 -6 -1 -7 -4
right_child=1 5 4 -5 11 6 7 -9 10 -11 -12 -13 -14 -15 -16
leaf_value=-3.516850119889821 1.4227370071257235 -0.24753939279747433 0.019754171359194914 -0.018540483726017812 -0.35331165403026882 -0.93999442332866145 0.060280412168067204 -0.13146470462309651 0.10356323930003948 0.97225382180218833 -0.44499248818726334 0.23122505748575828 -1.4916580846861884 -0.45866912865324688 1.3826821237891811
leaf_weight=504 54 61 54 64 214 340 169 780 478 96 610 112 50 110 51
leaf_count=504 54 61 54 64 214 340 169 780 478 96 610 112 50 110 51
internal_value=-0.000569905 -0.000214152 0.000514285 0.00244538 0 -0.000383052 -0.000758572 -0.000233685 0 0.00148101 -0.000173554 -0.000651377 -0.00253514 -0.00176275 0.00198113
internal_weight=3747 3193 549 118 431 2644 1399 949 1245 157 1088 326 554 450 105
internal_count=3747 3193 549 118 431 2644 1399 949 1245 157 1088 326 554 450 105
cat_boundaries=0 1
cat_threshold=592
is_linear=0
shrinkage=0.03


Tree=228
num_leaves=16
num_cat=2
split_feature=10 17 20 33 21 12 0 13 11 10 0 27 31 31 13
split_gain=2.84501 0.413322 1.07542 0.983116 0.971816 0.584363 0.520139 0.475373 0.849529 0.447359 0.358907 0.327434 0.604106 0.366028 0.20864
threshold=4156.7857142857147 -0.21022037796396451 25.103571428571431 7.3100000000000014 6500.5000000000009 4958.7666666666673 0 5690.1512575900342 75.376673090167898 4599.7142857142871 1 27.625000000000004 46.400000000000013 0.19999999999999826 5231.1546608807466
decision_type=2 2 2 2 2 2 9 2 2 2 9 2 2 2 2
left_child=14 2 9 6 -5 11 -4 8 -7 -2 -9 13 -13 -3 -1
right_child=1 5 3 4 -6 7 -8 10 -10 -11 -12 12 -14 -15 -16
leaf_value=-3.411344616293134 0.086325060471698953 -0.1083768257796278 0.32507349541927938 0.47327769099492906 -0.11198902928641775 0.38255282518102779 -0.32658793259129604 -0.012200935168642282 -0.10668482234652821 4.7238772884922646 -1.0800805743213693 -0.5217699439664073 0.55345206048650641 -1.0467066572189943 -1.4469083421455902
leaf_weight=504 51 180 138 55 62 117 858 560 222 81 157 263 65 384 50
leaf_count=504 51 180 138 55 62 117 858 560 222 81 157 263 65 384 50
internal_value=-0.000545892 -0.000185974 0.000216693 -4.84747e-05 0.00249152 -0.000466394 -0.000394183 0 0.000935293 0.00277444 -0.000426185 -0.00103136 -0.000118542 -0.00148142 -0.00253514
internal_weight=3747 3193 1245 1113 117 1948 996 1056 339 132 717 892 328 564 554
internal_count=3747 3193 1245 1113 117 1948 996 1056 339 132 717 892 328 564 554
cat_boundaries=0 1 2
cat_threshold=592 59
is_linear=0
shrinkage=0.03


Tree=229
num_leaves=15
num_cat=1
split_feature=10 0 16 24 14 24 15 16 19 14 20 16 13 27
split_gain=2.70271 0.409096 0.511852 0.584413 0.536828 0.501578 0.663761 0.489327 0.504462 0.473385 0.353525 0.280503 0.20864 0.177358
threshold=4156.7857142857147 0 -0.10837644903917555 4765.5000000000009 0.97508442350096236 4411.0000000000009 -0.69676771491221523 -0.20075075429075132 6.7500000000000009 -0.78856175031405207 26.782142857142862 -0.71504042705586657 5231.1546608807466 24.275000000000002
decision_type=2 9 2 2 2 2 2 2 2 2 2 2 2 2
left_child=12 5 4 9 11 6 -2 13 -9 -4 -5 -3 -1 -7
right_child=1 2 3 10 -6 7 -8 8 -10 -11 -12 -13 -14 -15
leaf_value=-3.3090042778043496 -0.078211111733658634 0.031549166546841499 -0.1849721062266419 -0.17933984968360328 0.48738274402120274 -2.1284412548141316 1.4017074003780949 1.1554018747813852 -0.0046518584359752915 -0.90192005214649251 0.10029189730487323 -0.33105528429929465 -1.4035010918812272 -0.045467492507645778
leaf_weight=504 66 636 146 612 59 72 52 59 174 397 244 550 50 126
leaf_count=504 66 636 146 612 59 72 52 59 174 397 244 550 50 126
internal_value=-0.000593917 -0.00024233 -0.00040565 -0.000801429 0 0.000460714 0.00219328 0 0.000923076 -0.00158824 -0.000248542 -0.000103623 -0.00253514 -0.0011005
internal_weight=3747 3193 2644 1399 1245 549 118 431 233 543 856 1186 554 198
internal_count=3747 3193 2644 1399 1245 549 118 431 233 543 856 1186 554 198
cat_boundaries=0 1
cat_threshold=592
is_linear=0
shrinkage=0.03


Tree=230
num_leaves=11
num_cat=1
split_feature=10 14 29 25 19 27 0 29 12 15
split_gain=2.30178 0.500349 0.44205 0.919851 0.534727 0.503205 0.406517 0.354123 0.337062 0.210877
threshold=4093.2142857142858 -0.98370366633421236 26.475000000000005 26.825000000000006 42.95000000000001 28.125000000000004 0 25.875000000000004 5114.2333333333345 0.21652257995689161
decision_type=2 2 2 2 2 2 9 2 2 2
left_child=9 -2 6 4 -4 -5 7 -3 -8 -1
right_child=1 2 3 5 -6 -7 8 -9 -10 -11
leaf_value=-0.12834189382143552 -1.3075763145851025 0.062797242355414659 1.3064659550970494 -0.39244652742288716 0.11437506394051671 0.031413676598791705 -0.32462517329090557 -1.7238020947436443 -0.058910773720656277 -4.5363429701665821
leaf_weight=50 190 751 55 384 384 690 385 119 290 435
leaf_count=50 190 751 55 384 384 690 385 119 290 435
internal_value=-0.000592931 -0.000289013 -0.000179471 0.000162483 0.00133636 -0.00027628 -0.000543338 -5.1079e-05 -0.0010933 -0.00253086
internal_weight=3733 3248 3058 1513 439 1074 1545 870 675 485
internal_count=3733 3248 3058 1513 439 1074 1545 870 675 485
cat_boundaries=0 1
cat_threshold=413
is_linear=0
shrinkage=0.03


Tree=231
num_leaves=14
num_cat=0
split_feature=10 27 22 25 12 27 27 18 7 24 21 32 15
split_gain=2.28155 0.426682 0.943207 0.764783 0.594581 0.398503 0.386612 0.324344 0.28815 0.685828 0.264337 0.254583 0.210877
threshold=4093.2142857142858 28.375000000000004 4350.5000000000009 28.775000000000002 4305.9666666666681 27.075000000000006 34.175000000000004 72.950000000000017 206.50000000000003 4901.0000000000009 4499.0000000000009 33.650000000000013 0.21652257995689161
decision_type=2 2 2 2 2 2 2 2 2 2 2 2 2
left_child=12 5 4 -4 -3 8 -5 11 9 -2 -10 -7 -1
right_child=1 2 3 6 -6 7 -8 -9 10 -11 -12 -13 -14
leaf_value=-0.12449163700680504 -0.78143865156993508 -0.31043428132153827 1.3338456303198978 -0.79705145683792944 0.25103032034248385 -0.072307489103763861 0.029394937450904792 0.045846382036717183 0.40617820290411843 -0.0062037924606090974 -0.10010253625659075 -0.87904148217477063 -4.4002526810615867
leaf_weight=50 257 59 87 343 93 100 201 75 297 517 909 310 435
leaf_count=50 257 59 87 343 93 100 201 75 297 517 909 310 435
internal_value=-0.000600965 -0.000298246 0.000275509 -0.000170887 0.00241176 -0.000498784 -0.000655047 -0.0012963 -0.000280162 -0.000731614 0 -0.00164234 -0.00253086
internal_weight=3733 3248 783 631 152 2465 544 485 1980 774 1206 410 485
internal_count=3733 3248 783 631 152 2465 544 485 1980 774 1206 410 485
is_linear=0
shrinkage=0.03


Tree=232
num_leaves=8
num_cat=0
split_feature=10 14 14 14 27 14 20
split_gain=2.32208 0.509852 0.452246 0.334592 0.440723 0.33715 0.115673
threshold=4093.2142857142858 0.99053107487289871 -0.98370366633421236 -0.36647417525074694 27.925000000000004 -0.47558551945199218 27.739285714285717
decision_type=2 2 2 2 2 2 2
left_child=6 2 -2 5 -5 -4 -1
right_child=1 -3 3 4 -6 -7 -8
leaf_value=-3.8226606348942589 -1.271582946601546 0.67906611341985768 -0.022235657478471858 -0.19961438132423751 0.0036117825760681611 0.27290550758697363 -2.2790853859294216
leaf_weight=425 190 81 934 1121 763 159 60
leaf_count=425 190 81 934 1121 763 159 60
internal_value=-0.000584896 -0.000279779 -0.000352273 -0.000243788 -0.000491778 0.000142595 -0.00253086
internal_weight=3733 3248 3167 2977 1884 1093 485
internal_count=3733 3248 3167 2977 1884 1093 485
is_linear=0
shrinkage=0.03


Tree=233
num_leaves=15
num_cat=0
split_feature=10 15 18 26 33 18 7 22 10 22 10 17 29 11
split_gain=2.25391 0.377544 0.345639 0.924038 0.900473 0.578972 0.526292 0.737037 0.48782 0.461326 0.353184 0.311964 0.541564 0.121725
threshold=4093.2142857142858 0.21652257995689161 6.8499999999999996 0.95000000000000007 4.9450000000000012 3.1000000000000041 84.500000000000014 4525.5000000000009 6828.7857142857156 4749.5000000000009 4389.7857142857147 -0.48314634702607501 25.675000000000004 49.713463247731973
decision_type=2 2 2 2 2 2 2 2 2 2 2 2 2 2
left_child=1 -1 5 10 8 6 9 -8 -5 -2 -4 -7 -13 -12
right_child=2 -3 3 4 -6 11 7 -9 -10 -11 13 12 -14 -15
leaf_value=-0.047753654670314671 -0.80653396921528486 -4.1535652815828996 -0.080098536988978411 -0.24665765113444799 1.033353500064107 -0.16152511202168779 0.24520606608433981 -0.032660959109307219 5.9913132083655762 -0.032295178818181614 -0.17377907652168895 0.13947722324446221 0.31241137825260701 -1.481663368944186
leaf_weight=50 208 435 90 769 50 50 224 839 53 432 50 101 51 331
leaf_count=50 208 435 90 769 50 50 224 839 53 432 50 101 51 331
internal_value=-0.000552759 -0.00246914 -0.000252078 -0.000620536 0 0 -0.000172536 0.000203007 -0.000280681 -0.000865835 -0.00169068 0.00152217 0.00221569 -0.00208901
internal_weight=3733 485 3248 1343 872 1905 1703 1063 822 640 471 202 152 381
internal_count=3733 485 3248 1343 872 1905 1703 1063 822 640 471 202 152 381
is_linear=0
shrinkage=0.03


Tree=234
num_leaves=10
num_cat=0
split_feature=10 14 15 17 15 7 33 27 10
split_gain=2.10847 0.52243 0.358902 0.32303 0.935429 0.250668 0.994475 0.393059 0.224418
threshold=4093.2142857142858 -0.98370366633421236 0.21652257995689161 -0.89404254237865755 -0.11692317777808843 165.50000000000003 5.1750000000000007 21.475000000000005 4721.7857142857147
decision_type=2 2 2 2 2 2 2 2 2
left_child=2 -2 -1 4 -3 7 -7 -5 -6
right_child=1 3 -4 5 8 6 -8 -9 -10
leaf_value=-0.04632104503020007 -1.2223308784682354 1.0698537405490802 -4.0289583231354147 0.16539308032483274 -1.1345769657677947 -0.069582381082204325 0.96286434987603109 -0.2452822250473301 0.34770807990959807
leaf_weight=50 190 55 435 150 70 1527 149 1023 84
leaf_count=50 190 55 435 150 70 1527 149 1023 84
internal_value=-0.000552759 -0.000261312 -0.00240741 -0.00015005 0.000942856 -0.000246317 0 -0.000582624 0
internal_weight=3733 3248 485 3058 209 2849 1676 1173 154
internal_count=3733 3248 485 3058 209 2849 1676 1173 154
is_linear=0
shrinkage=0.03


Tree=235
num_leaves=11
num_cat=1
split_feature=23 18 13 13 24 25 0 14 18 13
split_gain=2.35916 0.382013 0.380776 0.466401 0.969981 0.54398 0.462982 0.344628 0.247693 0.0876703
threshold=4176.0000000000009 36.350000000000009 4645.4441964285725 5348.9018528989609 4275.5000000000009 27.625000000000004 0 -0.78856175031405207 0.49999999999998584 5248.8761877022662
decision_type=2 2 2 2 2 2 9 2 2 2
left_child=1 9 -2 5 -5 7 -6 -4 -7 -1
right_child=2 -3 3 4 6 8 -8 -9 -10 -11
leaf_value=-3.3029179598487195 0.55743204355951592 -0.089298722112538795 -0.059139937853879804 0.60253591517517213 -0.17192221537033189 -0.6621273111714564 0.038453846288735279 -1.0659503310279335 0.11768368012600862 -2.1204309631232428
leaf_weight=500 75 71 123 78 965 65 1345 241 189 59
leaf_count=500 75 71 123 78 965 65 1345 241 189 59
internal_value=-0.000441272 -0.00211569 -8.37126e-05 -0.000150649 2.13471e-05 -0.000886915 -7.13984e-05 -0.00163562 1.1764e-05 -0.00237857
internal_weight=3711 630 3081 3006 2388 618 2310 364 254 559
internal_count=3711 630 3081 3006 2388 618 2310 364 254 559
cat_boundaries=0 1
cat_threshold=116
is_linear=0
shrinkage=0.03


Tree=236
num_leaves=13
num_cat=0
split_feature=21 13 13 18 17 13 24 12 27 14 22 17
split_gain=2.25421 0.856933 0.502144 0.840401 0.343845 0.309707 0.641948 0.408783 0.382066 0.362606 0.245361 0.204199
threshold=4210.5000000000009 5248.8761877022662 5036.8504719525363 0.3999999999999983 -0.89404254237865755 5348.9018528989609 4275.5000000000009 4818.1833333333343 29.125000000000004 -0.78326540922535159 4349.5000000000009 -0.24372464231556024
decision_type=2 2 2 2 2 2 2 2 2 2 2 2
left_child=1 4 3 -2 -1 8 -7 -8 9 -4 -10 -3
right_child=2 11 5 -5 -6 6 7 -9 10 -11 -12 -13
leaf_value=-0.77945019848396402 -0.43562304096940718 0.53772608879585027 -0.021638760482090826 1.5138063353344906 -2.7943859934316726 0.51123266413043678 -0.2167178879368612 0.01084596589793674 0.10212012792513746 -0.92935010259123363 -0.71942308009153511 -2.1300763214525098
leaf_weight=50 53 73 121 76 563 69 577 1705 57 237 64 66
leaf_count=50 53 73 121 76 563 69 577 1705 57 237 64 66
internal_value=-0.00043319 -0.0019004 -4.45953e-05 0.00175385 -0.00238437 -0.00014306 0 -8.80428e-05 -0.000837501 -0.00136212 0.000344262 0
internal_weight=3711 752 2959 129 613 2830 2351 2282 479 358 121 139
internal_count=3711 752 2959 129 613 2830 2351 2282 479 358 121 139
is_linear=0
shrinkage=0.03


Tree=237
num_leaves=12
num_cat=1
split_feature=22 13 13 13 24 25 33 17 0 25 17
split_gain=2.27413 0.486983 0.386064 0.509193 0.933435 0.62255 0.429454 0.417192 0.390528 0.29922 0.0429542
threshold=4088.5000000000005 5248.8761877022662 4715.1181318681329 5348.9018528989609 4275.5000000000009 28.675000000000008 5.7800000000000002 -0.25414035925338746 0 27.525000000000002 -0.81429049538372056
decision_type=2 2 2 2 2 2 2 2 9 2 2
left_child=1 10 9 5 -5 7 -7 -4 -6 -2 -1
right_child=2 -3 3 4 8 6 -8 -9 -10 -11 -12
leaf_value=-0.79461656549243864 -0.70116220751569858 0.091779748357974839 -0.075942955271652651 0.88610405855494045 0.020363156918437184 0.62498128946707721 -0.086872526922020174 -1.0877940500233088 -0.1614635611365059 1.4683924498264171 -3.2268390035807077
leaf_weight=50 51 50 212 86 1296 55 137 278 1022 56 418
leaf_count=50 51 50 212 86 1296 55 137 278 1022 56 418
internal_value=-0.000425108 -0.00227168 -0.000110834 -0.000185618 1.24669e-06 -0.000909225 0.000357512 -0.00149695 -9.4438e-05 0.00161111 -0.00257783
internal_weight=3711 518 3193 3086 2404 682 192 490 2318 107 468
internal_count=3711 518 3193 3086 2404 682 192 490 2318 107 468
cat_boundaries=0 1
cat_threshold=395
is_linear=0
shrinkage=0.03


Tree=238
num_leaves=12
num_cat=0
split_feature=23 32 15 13 15 10 27 12 13 24 17
split_gain=2.24151 0.322163 0.37951 0.590177 0.588397 1.30072 0.552206 0.41813 0.261466 0.147215 0.0337051
threshold=4050.5000000000005 368.15000000000003 -0.056951011027366626 5348.9018528989609 -0.59177783207548873 4440.2857142857147 26.925000000000008 4409.9000000000005 5212.8953977989486 4723.5000000000009 -0.7614016681079937
decision_type=2 2 2 2 2 2 2 2 2 2 2
left_child=8 2 4 9 7 -6 -5 -2 10 -4 -1
right_child=1 -3 3 6 5 -7 -8 -9 -10 -11 -12
leaf_value=-1.6875541140979831 -0.75094455408282212 -0.89898565762245985 -0.87907646964436503 0.05583301335083584 0.57361805387056863 0.063368303041050886 -0.64174048315574339 0.019090218989324583 -1.2025958492700128 -0.3237645802751325 -3.594090565006161
leaf_weight=52 207 109 312 1113 102 379 208 723 58 75 373
leaf_count=52 207 109 312 1113 102 379 208 723 58 75 373
internal_value=-0.00043319 -0.000132859 -6.15392e-05 -0.000373904 0.000284702 0.00114523 -3.63093e-05 -0.000112783 -0.00234298 -0.00140722 -0.00260563
internal_weight=3711 3228 3119 1708 1411 481 1321 930 483 387 425
internal_count=3711 3228 3119 1708 1411 481 1321 930 483 387 425
is_linear=0
shrinkage=0.03


Tree=239
num_leaves=12
num_cat=1
split_feature=22 13 32 15 24 0 16 21 33 15 17
split_gain=2.29513 0.486983 0.330526 0.402653 0.419647 0.413131 0.579482 0.428011 0.358535 0.0825859 0.0429542
threshold=4088.5000000000005 5248.8761877022662 368.15000000000003 0.78192542922038288 4843.0000000000009 0 -0.91895236716066997 4210.5000000000009 3.7450000000000006 0.99349222267034787 -0.81429049538372056
decision_type=2 2 2 2 2 9 2 2 2 2 2
left_child=1 10 3 5 9 7 -7 -2 -6 -5 -1
right_child=2 -3 -4 4 8 6 -8 -9 -10 -11 -12
leaf_value=-0.74440577443835143 -0.92446973167792545 0.087351365506709563 -0.86924800384518519 -1.2259876014199924 0.23135499051027061 0.22846605388730901 -0.12000578967108817 0.14490421037383444 -0.56513505926218843 -0.9373195157460712 -3.0653130426825115
leaf_weight=50 79 50 108 162 317 210 1101 927 239 50 418
leaf_count=50 79 50 108 162 317 210 1101 927 239 50 418
internal_value=-0.000417027 -0.00227168 -0.000101441 -2.91647e-05 -0.000635891 0.000152717 -0.000172467 0.000616518 -0.000113107 -0.00178873 -0.00257783
internal_weight=3711 518 3193 3085 768 2317 1311 1006 556 212 468
internal_count=3711 518 3193 3085 768 2317 1311 1006 556 212 468
cat_boundaries=0 1
cat_threshold=850
is_linear=0
shrinkage=0.03


Tree=240
num_leaves=14
num_cat=1
split_feature=23 27 7 13 16 0 20 13 27 26 20 17 13
split_gain=1.88996 0.696774 1.21075 0.636987 0.581057 0.445842 0.930364 0.406293 0.39173 0.530775 0.478506 0.310879 0.0267739
threshold=4050.5000000000005 28.125000000000004 165.50000000000003 5496.0724763224771 -0.99763297024448894 0 29.01071428571429 6184.3318044616335 26.675000000000008 10.950000000000001 26.646428571428576 -0.81052350355985869 5164.7479620207678
decision_type=2 2 2 2 2 9 2 2 2 2 2 2 2
left_child=11 4 5 -4 -2 6 -3 -7 10 -10 -6 -1 -13
right_child=1 2 3 -5 8 7 -8 -9 9 -11 -12 12 -14
leaf_value=-0.80719524268060294 1.4963660123050619 1.4754149034493511 0.21194049588378322 1.2015893775485655 -0.12257218499401334 -0.33147282422651764 -0.38453899290735472 0.27459751686679457 -0.76453390952814593 0.056117409731727887 0.13173727625622605 -3.7147354704610969 -1.8050749447392225
leaf_weight=68 51 54 86 88 1384 336 165 69 573 120 317 323 76
leaf_count=68 51 54 86 88 1384 336 165 69 573 120 317 323 76
internal_value=-0.000464835 -0.000192356 0.000551939 0.00276 -0.000453803 0 0.000991304 -0.000649039 -0.00053737 -0.0011585 -0.000257345 -0.00225641 -0.00258
internal_weight=3710 3243 798 174 2445 624 219 405 2394 693 1701 467 399
internal_count=3710 3243 798 174 2445 624 219 405 2394 693 1701 467 399
cat_boundaries=0 1
cat_threshold=344
is_linear=0
shrinkage=0.03


Tree=241
num_leaves=13
num_cat=2
split_feature=10 14 33 0 29 0 12 10 16 17 17 16
split_gain=1.58625 0.490033 0.481957 0.347599 0.553481 0.474962 0.274452 0.260815 0.211359 0.168822 0.162283 0.108167
threshold=4162.0000000000009 0.99053107487289871 3.1850000000000005 0 30.875000000000004 1 5966.1333333333341 4317.5714285714303 0.73430383941986921 -0.81052350355985869 0.59523493136393801 -0.95010216670023806
decision_type=2 2 2 9 2 9 2 2 2 2 2 2
left_child=2 3 -1 6 7 -6 10 -5 -8 -4 -2 -11
right_child=1 -3 9 4 5 -7 8 -9 -10 11 -12 -13
leaf_value=0.18791827042019524 -0.43710857733961489 0.63842083092224322 -1.1134467641705812 0.082370339809300794 -0.018413583758082976 0.68692021274412973 -0.69325633539167286 -0.099120250423056458 0.77106835297318177 -1.8415586043730956 -0.16158089647870758 -2.9421162010811801
leaf_weight=55 440 88 65 230 168 162 132 1629 53 60 243 385
leaf_count=55 440 88 65 230 168 162 132 1629 53 60 243 385
internal_value=-0.000489087 -0.000209791 -0.00196113 -0.000286462 -6.00007e-05 0.0010423 -0.000795223 -0.000280646 0 -0.00226027 -0.00108772 -0.00248879
internal_weight=3710 3145 565 3057 2189 330 868 1859 185 510 683 445
internal_count=3710 3145 565 3057 2189 330 868 1859 185 510 683 445
cat_boundaries=0 1 2
cat_threshold=37 386
is_linear=0
shrinkage=0.03


Tree=242
num_leaves=16
num_cat=0
split_feature=23 27 7 25 20 13 15 13 23 25 12 17 12 13 13
split_gain=1.7548 0.416478 0.868645 0.518034 0.522033 0.414222 0.39246 0.342829 0.39363 0.333406 0.305863 0.289669 0.270859 0.20099 0.00923685
threshold=4050.5000000000005 28.125000000000004 165.50000000000003 26.325000000000006 26.646428571428576 6152.3243922393649 0.51849435583340198 5448.153213562754 4843.0000000000009 29.125000000000004 6527.1500000000005 -0.81052350355985869 4994.666666666667 5036.8504719525363 5164.7479620207678
decision_type=2 2 2 2 2 2 2 2 2 2 2 2 2 2 2
left_child=11 3 9 4 6 13 -2 -4 -9 -3 -11 -1 -6 -5 -13
right_child=1 2 7 5 12 -7 -8 8 -10 10 -12 14 -14 -15 -16
leaf_value=-0.76128820542219455 -0.72363431286004054 0.3099763357791353 0.075320445233246422 0.049430312625248773 0.025144076630313626 0.11195981491967578 -0.00034189806250374446 1.1873874012863503 0.68579153328140807 -0.38920774203237296 0.24729462122458251 -3.5281410255283316 1.1964248332407563 -0.42697584540783934 -1.67916763335374
leaf_weight=68 271 90 68 59 102 85 1113 51 55 417 117 323 60 755 76
leaf_count=68 271 90 68 59 102 85 1113 51 55 417 117 323 60 755 76
internal_value=-0.000464835 -0.000201604 0.000364205 -0.000404743 -4.07247e-05 -0.000980001 -0.000257762 0.00224571 0.00333645 -9.12007e-05 -0.000442991 -0.00219231 0.00152761 -0.00121104 -0.002505
internal_weight=3710 3243 798 2445 1546 899 1384 174 106 624 534 467 162 814 399
internal_count=3710 3243 798 2445 1546 899 1384 174 106 624 534 467 162 814 399
is_linear=0
shrinkage=0.03


Tree=243
num_leaves=17
num_cat=0
split_feature=23 33 7 11 15 7 20 12 11 21 19 29 17 13 20 13
split_gain=1.82561 0.405651 0.781325 1.05651 0.839976 0.811294 0.523617 0.886467 0.765045 0.583656 0.408478 0.619116 0.289669 0.222807 0.069857 0.00923685
threshold=4050.5000000000005 4.5050000000000008 298.50000000000006 139.06225001097235 -0.9575230291762723 128.50000000000003 26.625000000000004 4994.666666666667 146.38501094227942 6001.0000000000009 152.85000000000002 26.225000000000005 -0.81052350355985869 5448.153213562754 26.01071428571429 5164.7479620207678
decision_type=2 2 2 2 2 2 2 2 2 2 2 2 2 2 2 2
left_child=12 6 4 -4 13 -6 10 8 -8 -9 11 -2 -1 -3 -12 -14
right_child=1 2 3 -5 5 -7 7 9 -10 -11 14 -13 15 -15 -16 -17
leaf_value=-0.73844955925954037 -0.39746791794423031 0.16591596971276362 1.4424879503728116 -0.10173933878592728 0.071798144280175905 -0.59289238680971845 -0.36657304571559163 0.68396780182294903 0.60865915483310173 -0.49747891416702406 -0.48081651148008731 1.5305221425665954 -3.4222967947624801 0.75625872917454118 -1.5396710808267453 -1.6287926043531153
leaf_weight=68 766 57 64 59 666 510 360 118 50 90 135 91 323 78 199 76
leaf_count=68 766 57 64 59 666 510 360 118 50 90 135 91 323 78 199 76
internal_value=-0.000432499 -0.000164612 0.000190243 0.00246774 0 -0.000282923 -0.000470719 0.000179321 -0.000547446 0.00182297 -0.000845638 -0.000426574 -0.00219231 0.00220588 -0.00178209 -0.002505
internal_weight=3710 3243 1434 123 1311 1176 1809 618 410 208 1191 857 467 135 334 399
internal_count=3710 3243 1434 123 1311 1176 1809 618 410 208 1191 857 467 135 334 399
is_linear=0
shrinkage=0.03


Tree=244
num_leaves=16
num_cat=2
split_feature=23 33 17 25 0 14 13 21 21 0 31 17 11 30 13
split_gain=1.60763 0.440495 0.716284 0.832561 0.716257 0.519274 0.506307 0.555557 0.452074 0.689764 0.434106 0.433686 0.366863 0.093491 0.00923685
threshold=4050.5000000000005 4.5050000000000008 0.85561368268953431 25.075000000000006 0 0.80417553764032002 6130.0382882882886 5992.5000000000009 5977.0000000000009 1 58.45000000000001 -0.81052350355985869 107.94176228568689 0.35000000000000003 5164.7479620207678
decision_type=2 2 2 2 9 2 2 2 2 9 2 2 2 2 2
left_child=11 6 3 4 -3 -5 8 10 9 -2 -8 -1 -10 -4 -13
right_child=1 2 13 5 -6 -7 7 -9 12 -11 -12 14 -14 -15 -16
leaf_value=-0.71629607248175209 -0.017820758821558896 1.2992333577092721 0.13836171517421139 -0.22949212186437506 -0.090980152378995927 0.072144520450890232 -0.013142264906070142 -1.0620585643415605 0.35881448850204284 -0.63784701707928149 0.77342918177880826 -3.3196278909196026 -0.063801781073217295 0.85244189783369528 -1.5799288262225166
leaf_weight=68 666 102 52 611 140 454 52 52 50 732 50 323 207 75 76
leaf_count=68 666 102 52 611 140 454 52 52 50 732 50 323 207 75 76
internal_value=-0.000472919 -0.000220099 0.000148431 -2.75237e-05 0.00151852 -0.00042214 -0.000537017 0.000987096 -0.000706522 -0.000928521 0.00241748 -0.00212821 0.000325581 0.00229687 -0.002505
internal_weight=3710 3243 1434 1307 242 1065 1809 154 1655 1398 102 467 257 127 399
internal_count=3710 3243 1434 1307 242 1065 1809 154 1655 1398 102 467 257 127 399
cat_boundaries=0 1 2
cat_threshold=278 2953
is_linear=0
shrinkage=0.03


Tree=245
num_leaves=13
num_cat=0
split_feature=23 17 13 16 27 22 23 15 27 16 27 22
split_gain=2.34288 0.598417 0.378109 0.456162 0.758832 0.903249 0.573527 0.553459 0.452723 0.34329 0.313462 0.31276
threshold=4050.5000000000005 -0.81429049538372056 5017.9719831328302 -0.67246555226382421 29.775000000000002 4850.5000000000009 4661.0000000000009 0.96849880583763492 28.175000000000004 -0.66528308454101848 27.675000000000004 4548.0000000000009
decision_type=2 2 2 2 2 2 2 2 2 2 2 2
left_child=1 -1 9 4 5 -4 8 -8 -5 -2 -11 -6
right_child=2 -3 3 6 11 -7 7 -9 -10 10 -12 -13
leaf_value=0.06342441572267643 -0.12681143846714224 -3.1393646147246486 0.75316383355384875 -0.76282652945502127 0.068779398593549756 -0.062402138087709697 -0.042716893895610987 0.33521664521682959 0.097482426284132756 0.099566004866740554 6.3106471495428051 -0.84149584713855485
leaf_weight=60 53 423 235 673 97 220 1292 192 120 50 53 232
leaf_count=60 53 423 235 673 97 220 1292 192 120 50 53 232
internal_value=-0.000393138 -0.00234298 -8.57683e-05 -0.000172437 0.000424203 0.00125 -0.000397718 -1.81825e-05 -0.00105038 0.00131847 0.00236538 -0.000581819
internal_weight=3700 483 3217 3061 784 455 2277 1484 793 156 103 329
internal_count=3700 483 3217 3061 784 455 2277 1484 793 156 103 329
is_linear=0
shrinkage=0.03


Tree=246
num_leaves=11
num_cat=0
split_feature=23 15 14 16 32 20 23 29 31 17
split_gain=2.17495 0.631375 0.290928 0.363745 0.648523 1.23547 0.551762 0.512415 0.991388 0.342434
threshold=4050.5000000000005 0.21652257995689161 -0.99697703579879204 0.14889030080148793 184.25000000000003 26.657142857142862 5001.0000000000009 23.425000000000004 0.14999999999999294 0.080548817997453351
decision_type=2 2 2 2 2 2 2 2 2 2
left_child=1 -1 -2 7 6 -6 -5 8 -4 -9
right_child=2 -3 3 4 5 -7 -8 9 -10 -11
leaf_value=0.06850595903804492 -1.5326844193827767 -3.1633733610484067 -0.035404574038595434 -0.54402315865825046 -0.43174548855875056 0.30330433779082894 -0.039940230628033473 0.089015103012809446 0.78942337844291144 -0.33372374101388069
leaf_weight=54 89 429 133 531 220 201 497 709 117 720
leaf_count=54 89 429 133 531 220 201 497 709 117 720
internal_value=-0.000401244 -0.00228099 -0.000104413 -4.12279e-05 -0.00040138 0.000526066 -0.000825074 0.000242856 0.00149402 0
internal_weight=3700 483 3217 3128 1449 421 1028 1679 250 1429
internal_count=3700 483 3217 3128 1449 421 1028 1679 250 1429
is_linear=0
shrinkage=0.03


Tree=247
num_leaves=14
num_cat=1
split_feature=23 15 7 33 11 13 0 13 15 23 20 29 5
split_gain=1.9562 0.605096 0.316389 0.749392 0.706864 0.42104 0.296872 0.358899 0.264086 0.641226 0.387726 0.219875 0.00637263
threshold=4050.5000000000005 0.21652257995689161 292.50000000000006 4.5050000000000008 139.06225001097235 4583.7575757575769 0 5667.5342727340822 -0.056951011027366626 4866.0000000000009 26.657142857142862 26.325000000000006 4.5000000000000009
decision_type=2 2 2 2 2 2 9 2 2 2 2 2 2
left_child=1 -1 5 6 -5 -2 7 -4 10 -10 -7 -8 -3
right_child=2 12 3 4 -6 8 11 -9 9 -11 -12 -13 -14
leaf_value=0.066450780266911133 1.6911428088049314 -3.1128800952384412 0.71848897654184374 2.3138071515899252 -0.042170543128171159 -0.37676544456055305 -0.61758252670656566 -0.091407322258307735 -0.87932609173788567 -0.029619180687203355 0.029569567704926331 0.68705899229579981 -2.2214720912239976
leaf_weight=54 63 373 157 64 58 304 275 97 462 521 1152 64 56
leaf_count=54 63 373 157 64 58 304 275 97 462 521 1152 64 56
internal_value=-0.000433667 -0.00221901 -0.000151026 0.000377094 0.00251219 -0.000320017 0 0.000690565 -0.000398361 -0.000786586 -0.000105011 -0.000634286 -0.0026093
internal_weight=3700 483 3217 715 122 2502 593 254 2439 983 1456 339 429
internal_count=3700 483 3217 715 122 2502 593 254 2439 983 1456 339 429
cat_boundaries=0 1
cat_threshold=2249
is_linear=0
shrinkage=0.03


Tree=248
num_leaves=12
num_cat=0
split_feature=21 25 14 14 16 26 16 24 29 20 13
split_gain=1.61053 0.415142 0.265648 0.284711 0.482938 0.594217 0.379012 0.62358 0.360322 0.339326 0.0794131
threshold=4033.5000000000005 28.950000000000006 -0.99697703579879204 -0.35041564478062465 0.92919371535393525 15.850000000000003 0.14889030080148793 4901.0000000000009 23.425000000000004 26.93928571428572 5186.5619767239887
decision_type=2 2 2 2 2 2 2 2 2 2 2
left_child=1 10 -2 4 5 -4 8 -8 -5 -6 -1
right_child=2 -3 3 6 9 -7 7 -9 -10 -11 -12
leaf_value=-2.9757550714358407 -1.5508062726234413 0.28562349119253555 0.069334622174567109 0.30647949529515078 -1.4061832054863219 1.0373812361556998 -0.72163758335039319 -0.037869932956682478 -0.027561816188174579 0.066833438865249811 -1.2120381596188747
leaf_weight=361 90 51 950 171 120 63 358 537 886 52 61
leaf_count=361 90 51 950 171 120 63 358 537 886 52 61
internal_value=-0.000433667 -0.00207595 -0.000178439 -0.000116636 0.000227655 0.000508875 -0.000348695 -0.000803572 0 -0.00116185 -0.00239007
internal_weight=3700 473 3227 3137 1185 1013 1952 895 1057 172 422
internal_count=3700 473 3227 3137 1185 1013 1952 895 1057 172 422
is_linear=0
shrinkage=0.03


Tree=249
num_leaves=12
num_cat=1
split_feature=23 17 14 0 13 22 17 10 33 11 13
split_gain=1.82071 0.520587 0.265972 0.247205 0.255553 1.28864 0.517343 0.20636 0.299015 0.208489 0.0736101
threshold=4050.5000000000005 -0.81429049538372056 -0.99697703579879204 0 5405.835451845197 4525.5000000000009 -0.28725831407847041 4496.5000000000009 4.3950000000000005 48.795003647495129 5154.9616363037485
decision_type=2 2 2 9 2 2 2 2 2 2 2
left_child=1 -1 -2 7 6 -6 -5 8 -4 -9 -3
right_child=2 10 3 4 5 -7 -8 9 -10 -11 -12
leaf_value=0.054744084926990101 -1.4137999158704679 -2.9184510844472125 -1.4375667021056764 0.155417463911351 0.51246071274621063 -0.00291252179190649 -0.4868415202894063 0.016614817758870335 0.25857730721278799 -0.47568717799929988 -1.9803379554165599
leaf_weight=60 89 333 54 330 156 1428 574 61 73 452 90
leaf_count=60 89 333 54 330 156 1428 574 61 73 452 90
internal_value=-0.000433667 -0.00215703 -0.000160349 -9.87543e-05 2.04075e-05 0.000266876 -0.000361327 -0.000622121 0.000187499 -0.00092218 -0.00253302
internal_weight=3700 483 3217 3128 2488 1584 904 640 127 513 423
internal_count=3700 483 3217 3128 2488 1584 904 640 127 513 423
cat_boundaries=0 1
cat_threshold=36
is_linear=0
shrinkage=0.03


Tree=250
num_leaves=12
num_cat=0
split_feature=12 14 17 21 15 12 33 14 17 14 19
split_gain=1.5787 0.408521 0.338828 0.914803 2.30255 0.805363 0.989946 0.533282 0.501551 0.30272 0.0478611
threshold=4112.5000000000009 -0.98664820696349753 -0.27694043983797384 4449.5000000000009 -0.42958798411962301 4762.8833333333341 4.5050000000000008 0.99053107487289871 -0.056952064366225956 0.93544191479114935 180.95000000000002
decision_type=2 2 2 2 2 2 2 2 2 2 2
left_child=9 10 3 4 -3 6 -4 -5 -7 -1 -2
right_child=1 2 5 7 -6 8 -8 -9 -10 -11 -12
leaf_value=-3.2838613844995357 -0.31218839709966356 1.0747355287463916 -1.0615924643448214 -0.064653747414730206 0.11763497790932509 -0.27071434816069323 0.059070311622724518 0.80214941037657872 0.067044407359463848 -0.74250784410221871 -1.7563714568521425
leaf_weight=336 65 66 492 636 310 135 237 58 1232 50 111
leaf_count=336 65 66 492 636 310 135 237 58 1232 50 111
internal_value=-0.000356397 -0.000131918 -3.88387e-05 0.000378151 0.00158355 -0.000273248 -0.00108493 -0.000211512 0.000127192 -0.0021783 -0.00154237
internal_weight=3728 3342 3166 1070 376 2096 729 694 1367 386 176
internal_count=3728 3342 3166 1070 376 2096 729 694 1367 386 176
is_linear=0
shrinkage=0.03


Tree=251
num_leaves=9
num_cat=0
split_feature=12 14 14 14 14 14 32 20
split_gain=1.5787 0.408521 0.308657 0.378892 0.391956 0.30272 0.135519 0.0390528
threshold=4112.5000000000009 -0.98664820696349753 0.99053107487289871 0.8697513045430848 0.81428061195174062 0.93544191479114935 0.9000000000000018 26.960714285714293
decision_type=2 2 2 2 2 2 2 2
left_child=5 7 3 4 -3 -1 -5 -2
right_child=1 2 -4 6 -6 -7 -8 -9
leaf_value=-3.1853455429645452 -1.4481700057949045 -0.013968819996600036 0.77808473282970758 -0.069958482517121778 0.27508367254564264 -0.72023260877915973 -0.583484209487931 -0.62295238370300665
leaf_weight=336 110 2670 78 68 110 50 240 66
leaf_count=336 110 2670 78 68 110 50 240 66
internal_value=-0.000356397 -0.000131918 -3.88387e-05 -0.000100033 0 -0.0021783 -0.00109709 -0.00154237
internal_weight=3728 3342 3166 3088 2780 386 308 176
internal_count=3728 3342 3166 3088 2780 386 308 176
is_linear=0
shrinkage=0.03


Tree=252
num_leaves=10
num_cat=0
split_feature=21 13 15 14 13 22 14 13 30
split_gain=1.46319 0.541608 0.513695 0.457963 0.443852 1.08864 0.680828 0.35425 0.0800643
threshold=4033.5000000000005 4583.7575757575769 0.29958852271690523 -0.98664820696349753 5348.9018528989609 4525.5000000000009 -0.83377653105606597 5164.7479620207678 2.5500000000000003
decision_type=2 2 2 2 2 2 2 2 2
left_child=2 -2 -1 8 6 -6 -5 -4 -3
right_child=1 3 7 4 5 -7 -8 -9 -10
leaf_value=0.43312613475255313 1.1687250308494579 -1.6601048282929403 -2.9374225437788879 0.32657683104930768 0.31999301170138794 -0.024068573872682394 -0.50276995582778938 -1.0127409655766526 -0.25606201017503727
leaf_weight=68 68 108 328 119 319 1982 603 68 65
leaf_count=68 68 108 328 119 319 1982 603 68 65
internal_value=-0.000348351 -0.000109342 -0.00192903 -0.000179231 -7.73817e-05 0.000109469 -0.000734441 -0.00235013 -0.00168966
internal_weight=3728 3264 464 3196 3023 2301 722 396 173
internal_count=3728 3264 464 3196 3023 2301 722 396 173
is_linear=0
shrinkage=0.03


Tree=253
num_leaves=11
num_cat=0
split_feature=21 13 15 13 13 10 15 7 19 11
split_gain=1.47916 0.536955 0.513695 0.35425 0.349906 0.962443 0.465295 0.84499 0.363358 0.17692
threshold=4033.5000000000005 4583.7575757575769 0.29958852271690523 5164.7479620207678 5348.9018528989609 4307.357142857144 -0.074115882986646633 237.50000000000003 211.85000000000005 151.87963760329697
decision_type=2 2 2 2 2 2 2 2 2 2
left_child=2 -2 -1 -4 6 -6 7 -3 -7 -8
right_child=1 4 3 -5 5 8 9 -9 -10 -11
leaf_value=0.42013235070997945 1.1336632799239699 -0.15978523903371114 -2.8492998674655277 -0.98235873660934281 0.664717639817615 0.0081475236831703417 -0.74499443000581111 0.96039138543809188 -0.18033485388392101 -0.078606659723976041
leaf_weight=68 68 342 328 68 92 1955 295 74 377 61
leaf_count=68 68 342 328 68 92 1955 295 74 377 61
internal_value=-0.000340306 -0.000100154 -0.00192903 -0.00235013 -0.000169847 0 -0.000725745 0 -0.000111874 -0.00152101
internal_weight=3728 3264 464 396 3196 2424 772 416 2332 356
internal_count=3728 3264 464 396 3196 2424 772 416 2332 356
is_linear=0
shrinkage=0.03


Tree=254
num_leaves=13
num_cat=2
split_feature=10 14 17 12 0 0 24 29 27 20 19 14
split_gain=1.60786 0.433298 0.285671 0.802774 0.70751 0.673982 0.395616 0.383183 0.324918 0.276665 0.0478611 0.0142685
threshold=4028.5000000000005 -0.98664820696349753 -0.27694043983797384 4438.666666666667 0 1 4961.5000000000009 25.925000000000008 29.725000000000005 27.907142857142862 180.95000000000002 -0.52766804058324157
decision_type=2 2 2 2 9 9 2 2 2 2 2 2
left_child=9 10 4 8 7 -5 -6 -3 -4 11 -2 -1
right_child=1 2 3 5 6 -7 -8 -9 -10 -11 -12 -13
leaf_value=-0.67531531294794489 -0.2567271835812347 0.83151173181234228 -0.90555564982013592 0.078465667430026684 0.15444355165583121 -0.17991509338979264 -0.27088309939540961 0.26253825064183567 -0.0064039607916725689 -1.6921512537080554 -1.6200458820760641 -3.1747374328259985
leaf_weight=50 65 53 252 1083 558 652 332 116 90 50 111 316
leaf_count=50 65 53 252 1083 558 652 332 116 90 50 111 316
internal_value=-0.000332261 -9.68918e-05 -9.57043e-07 -0.000219442 0.000384905 1.72804e-05 0 0.0021 -0.00154811 -0.00209353 -0.00154237 -0.00237875
internal_weight=3728 3312 3136 2077 1059 1735 890 169 342 416 176 366
internal_count=3728 3312 3136 2077 1059 1735 890 169 342 416 176 366
cat_boundaries=0 1 2
cat_threshold=2832 2251
is_linear=0
shrinkage=0.03


Tree=255
num_leaves=16
num_cat=2
split_feature=10 27 7 27 18 0 20 0 20 27 12 20 33 16 14
split_gain=1.50712 0.485284 0.739208 0.718724 0.533552 0.44245 0.512 0.379464 0.943153 0.497694 0.277069 0.275692 0.267733 0.063165 0.00606496
threshold=4028.5000000000005 28.125000000000004 165.50000000000003 27.075000000000006 81.300000000000011 0 30.053571428571434 1 22.467857142857145 21.100000000000005 6713.2000000000016 27.803571428571434 5.1050000000000013 0.76558307451930629 -0.54220184589352438
decision_type=2 2 2 2 2 9 2 9 2 2 2 2 2 2 2
left_child=11 3 5 7 13 6 -3 8 -2 -9 -7 14 -4 -5 -1
right_child=1 2 12 4 -6 10 -8 9 -10 -11 -12 -13 -14 -15 -16
leaf_value=-1.3102349862106364 -1.0995822484253901 1.1233820868248234 0.21173152150539384 -1.0792863945416429 0.13528010878298644 -0.58371224945074485 -0.35136333905735784 0.20391715294051249 0.27991658839346778 -0.15800516779070536 0.20961559913708849 -1.8743223049905688 0.8728962853510821 -0.19760278486445079 -3.1442776093751945
leaf_weight=51 101 55 94 271 50 419 64 138 474 1333 80 50 97 121 313
leaf_count=51 101 55 94 271 50 419 64 138 474 1333 80 50 97 121 313
internal_value=-0.000376617 -0.000147363 0.000466666 -0.000365208 -0.00146953 0 0.00152308 -0.000104055 0.000511945 -0.000376519 -0.000435295 -0.00208916 0.00209375 -0.0018855 -0.00237534
internal_weight=3711 3297 809 2488 442 618 119 2046 575 1471 499 414 191 392 364
internal_count=3711 3297 809 2488 442 618 119 2046 575 1471 499 414 191 392 364
cat_boundaries=0 1 2
cat_threshold=337 518
is_linear=0
shrinkage=0.03


Tree=256
num_leaves=16
num_cat=1
split_feature=10 27 15 27 26 13 13 28 0 33 27 15 27 13 11
split_gain=1.55327 0.430716 0.827347 0.691273 0.510051 0.485598 0.466971 0.482048 0.34388 0.836086 0.471158 0.275692 0.237023 0.163159 0.0776769
threshold=4028.5000000000005 28.075000000000006 -0.9575230291762723 27.075000000000006 10.500000000000002 5448.153213562754 5226.562695368003 31.400000000000006 0 5.1350000000000007 21.100000000000005 0.3484035575467645 30.125000000000004 5154.9616363037485 185.43494202175427
decision_type=2 2 2 2 2 2 2 2 9 2 2 2 2 2 2
left_child=11 3 5 8 14 -3 7 -4 9 -2 -10 -1 -8 -13 -5
right_child=1 2 6 4 -6 -7 12 -9 10 -11 -12 13 -14 -15 -16
leaf_value=-1.8180926358408531 0.012001637079215815 0.0077783526082620506 1.349265296428535 -0.73789621113085802 0.029855011171837701 0.86804645802716085 0.26432317599355115 -0.49187342238811477 0.19779963835229905 0.50686798366904795 -0.15326501275697269 -2.6834123287966434 -0.37516019161610631 -2.2998296040305002 -0.51637039063368195
leaf_weight=50 511 63 68 284 63 95 121 50 138 64 1333 312 424 52 83
leaf_count=50 511 63 68 284 63 95 121 50 138 64 1333 312 424 52 83
internal_value=-0.000352371 -0.000120073 0.000452554 -0.00032822 -0.00142691 0.00239623 0 0.00168907 -7.47442e-05 0.000511945 -0.000336033 -0.00208916 -0.000384616 -0.00237534 -0.00189131
internal_weight=3711 3297 821 2476 430 158 663 118 2046 575 1471 414 545 364 367
internal_count=3711 3297 821 2476 430 158 663 118 2046 575 1471 414 545 364 367
cat_boundaries=0 1
cat_threshold=518
is_linear=0
shrinkage=0.03


Tree=257
num_leaves=13
num_cat=0
split_feature=10 14 29 29 5 10 16 27 15 20 23 14
split_gain=1.56879 0.372142 0.296446 0.548858 0.786074 0.482118 0.322245 0.510894 0.275692 0.177942 0.112237 0.0138299
threshold=4028.5000000000005 -0.98046803196378884 26.475000000000005 23.775000000000002 3.5000000000000004 4326.357142857144 0.94135275643221272 24.975000000000005 0.3484035575467645 26.93928571428572 4673.0000000000009 -0.52766804058324157
decision_type=2 2 2 2 2 2 2 2 2 2 2 2
left_child=8 10 3 5 -5 -3 7 -4 -1 -8 -2 -10
right_child=1 2 6 4 -6 -7 9 -9 11 -11 -12 -13
leaf_value=-1.7635498567656258 -1.1905863618048387 0.27263645680583193 1.3610259599532724 -0.52909349389880622 0.06043408749602415 0.0066222742124475006 -1.5960337750081501 0.031057657736997948 -1.1288880170163929 0.03796646396411469 -0.50426298126270108 -2.9755210752355037
leaf_weight=50 142 52 86 544 287 674 90 1278 50 52 92 314
leaf_count=50 142 52 86 544 287 674 90 1278 50 52 92 314
internal_value=-0.00034429 -0.000110977 -7.83361e-06 -0.000311939 -0.000850962 0.000243466 0.000276708 0.000441758 -0.00208916 -0.000986015 -0.00126383 -0.00237534
internal_weight=3711 3297 3063 1557 831 726 1506 1364 414 142 234 364
internal_count=3711 3297 3063 1557 831 726 1506 1364 414 142 234 364
is_linear=0
shrinkage=0.03


Tree=258
num_leaves=13
num_cat=0
split_feature=21 15 13 13 13 17 17 15 15 7 27 13
split_gain=1.51463 0.555207 0.495232 0.373839 0.540975 0.779348 0.703051 0.503084 0.718309 0.392484 0.203779 0.0368927
threshold=4033.5000000000005 0.29958852271690523 4715.1181318681329 5352.6723056846404 5505.9248032319647 0.56192200557241578 0.26659387353423869 -0.074115882986646633 -0.59177783207548873 290.50000000000006 27.675000000000004 5164.7479620207678
decision_type=2 2 2 2 2 2 2 2 2 2 2 2
left_child=1 -1 10 7 6 -6 -5 8 -4 -9 -2 -3
right_child=2 11 3 4 5 -7 -8 9 -10 -11 -12 -13
leaf_value=0.61806076498291196 0.047638302919166535 -2.5681295639030588 -0.43285668389718929 0.49021738104200702 -0.097330345911773544 0.082925488320303428 -0.19194419178775396 -0.82377487530090843 0.49001954948853899 -0.13206907716317473 1.4504190173240006 -1.7658209682166552
leaf_weight=66 60 322 257 256 1258 644 254 186 102 182 56 68
leaf_count=66 60 322 257 256 1258 644 254 186 102 182 56 68
internal_value=-0.000352371 -0.00197593 -0.000110566 -0.000194905 0 -0.000247505 0.000851271 -0.00079121 0 -0.00156911 0.00176923 -0.00241688
internal_weight=3711 456 3255 3139 2412 1902 510 727 359 368 116 390
internal_count=3711 456 3255 3139 2412 1902 510 727 359 368 116 390
is_linear=0
shrinkage=0.03


Tree=259
num_leaves=11
num_cat=0
split_feature=10 13 13 24 15 15 15 15 7 13
split_gain=1.52244 0.354388 0.3614 0.626213 0.574176 0.917042 0.533472 0.275692 0.263713 0.163159
threshold=4028.5000000000005 4520.978998779 5352.6723056846404 4269.5000000000009 -0.074115882986646633 -0.59177783207548873 0.96849880583763492 0.3484035575467645 290.50000000000006 5154.9616363037485
decision_type=2 2 2 2 2 2 2 2 2 2
left_child=7 -2 4 -4 5 -3 -5 -1 -6 -9
right_child=1 2 3 6 8 -7 -8 9 -10 -11
leaf_value=-1.7291851840121351 0.99631800485474842 -0.34243529779484327 0.66485702540065361 -0.044870489725085616 -0.85716684338121429 0.80267380491890505 0.15246071831948305 -2.4654531677404528 -0.18662827111085489 -2.1415864912988836
leaf_weight=50 70 300 91 2108 193 116 222 312 197 52
leaf_count=50 70 300 91 2108 193 116 222 312 197 52
internal_value=-0.000368535 -0.000138266 -0.000197027 0 -0.000747213 0 -0.000109396 -0.00208916 -0.00157289 -0.00237534
internal_weight=3711 3297 3227 2421 806 416 2330 414 390 364
internal_count=3711 3297 3227 2421 806 416 2330 414 390 364
is_linear=0
shrinkage=0.03


Tree=260
num_leaves=17
num_cat=1
split_feature=23 0 13 13 17 7 21 17 17 33 33 13 14 23 10 7
split_gain=1.4291 0.504235 0.481439 0.456783 0.427543 0.469066 0.40329 0.348743 0.305058 0.434584 1.0244 0.371424 0.305964 0.414657 0.270118 0.193852
threshold=4067.0000000000005 0 5348.9018528989609 5657.1492732558154 -0.78989723390792843 264.50000000000006 5251.0000000000009 -0.81052350355985869 -0.55656394595157355 5.0450000000000008 5.535000000000001 5653.4015009380864 0.98522604642031408 4261.0000000000009 5934.7857142857156 235.50000000000003
decision_type=2 9 2 2 2 2 2 2 2 2 2 2 2 2 2 2
left_child=7 2 4 6 5 -2 -4 -1 12 11 -11 -10 13 -3 -5 -6
right_child=1 8 3 14 15 -7 -8 -9 9 10 -12 -13 -14 -15 -16 -17
leaf_value=-0.71709331852572644 2.1070118754692966 0.40521710252668597 0.38389100012953464 -0.36844039671926604 -0.52020530204834681 -0.32083943891981065 -0.15015004185117384 -2.2309106844467848 -0.40024376212150448 1.1391907994117849 -0.018887610682906005 -0.019707818876620205 0.052382007888683378 -0.90193362262314392 0.3026717314447977 -0.056311087639285745
leaf_weight=70 50 59 295 251 246 58 65 406 497 85 324 533 82 380 186 108
leaf_count=70 50 59 295 251 246 58 65 406 497 85 324 533 82 380 186 108
internal_value=-0.000413962 -0.000171429 0.000274015 0.00074436 -0.000434126 0.00101835 0.0015374 -0.00195598 -0.000479453 -0.000216667 0.000556097 -0.000567411 -0.00112644 -0.00145909 0 -0.00100563
internal_weight=3695 3219 1259 797 462 108 360 476 1960 1439 409 1030 521 439 437 354
internal_count=3695 3219 1259 797 462 108 360 476 1960 1439 409 1030 521 439 437 354
cat_boundaries=0 1
cat_threshold=793
is_linear=0
shrinkage=0.03


Tree=261
num_leaves=20
num_cat=2
split_feature=13 15 0 0 20 7 13 17 17 24 11 11 25 7 33 20 20 16 13
split_gain=1.299 0.790662 1.119 0.790089 0.601415 0.631855 0.431594 1.45206 0.751157 0.709313 0.316703 0.451569 0.389282 0.290722 0.281504 0.280062 0.252457 0.189375 0.135945
threshold=5348.9018528989609 0.34033495509342487 0 1 26.746428571428577 197.50000000000003 5496.0724763224771 0.35444694528809534 0.36447543099728863 4399.5000000000009 232.22526010012749 185.43494202175427 26.125000000000004 32.500000000000007 3.4550000000000005 30.446428571428573 21.821428571428577 -0.97288670536264454 4947.2862595419856
decision_type=2 2 9 9 2 2 2 2 2 2 2 2 2 2 2 2 2 2 2
left_child=1 2 18 6 -4 -6 7 9 17 -2 11 12 -5 -10 -12 -16 -3 -8 -1
right_child=3 16 4 10 5 -7 8 -9 13 -11 14 -13 -14 -15 15 -17 -18 -19 -20
leaf_value=-0.0095407124463083963 0.11299492713116621 -0.15118490362805079 -1.3547432741788323 0.028902118436025814 0.1618152597596485 1.1252665010074396 0.16212690326084364 -0.14524321423969178 -0.13363094029017875 1.2689964387299835 0.72111542448696564 1.8608945586977634 -0.32917936651822044 0.29581309845221904 -3.0547098648298019 -0.25387436059332802 -1.6835900472940657 -0.21014374648498507 -0.45806708138096314
leaf_weight=57 68 62 54 343 83 51 78 139 83 71 50 94 402 337 172 50 593 518 390
leaf_count=57 68 62 54 343 83 51 78 139 83 71 50 94 402 337 172 50 593 518 390
internal_value=-0.000405845 -0.00117351 -0.000330189 0 0.00146231 0.00268889 0.000508045 0.00158064 0.000174041 0.00377143 -0.000577541 -0.000228572 -0.000522789 0.00117577 -0.0015055 -0.00197758 -0.00192073 -0.000457287 -0.00119214
internal_weight=3695 1290 635 2405 188 134 1294 278 1016 139 1111 839 745 420 272 222 655 596 447
internal_count=3695 1290 635 2405 188 134 1294 278 1016 139 1111 839 745 420 272 222 655 596 447
cat_boundaries=0 1 2
cat_threshold=395 283
is_linear=0
shrinkage=0.03


end of trees

feature_importances:
sin_365_1=324
price_lag_1=309
price_roll_mean_30=277
price_expanding_mean=234
price_roll_std_7=192
price_lag_2=174
sin_365_2=163
price_roll_mean_7=142
day_of_year=136
cos_365_1=135
mandi_name=120
cos_365_2=120
price_lag_3=114
temp_7d_avg=107
price_lag_7=95
temp_mean=94
evapotrans_lag1=91
temp_mean_lag1=84
temp_lag7=82
rainfall_30d_sum=57
precip_roll30=56
rainfall_7d_sum=54
precip_roll7=41
rainfall_lag1=28
day_of_week=21
temp_lag1=16
month=15
precip_lag1=4
variety=2

parameters:
[boosting: gbdt]
[objective: quantile]
[metric: quantile]
[tree_learner: serial]
[device_type: cpu]
[data_sample_strategy: bagging]
[data: ]
[valid: ]
[num_iterations: 2000]
[learning_rate: 0.03]
[num_leaves: 20]
[num_threads: 0]
[seed: 42]
[deterministic: 0]
[force_col_wise: 0]
[force_row_wise: 0]
[histogram_pool_size: -1]
[max_depth: 5]
[min_data_in_leaf: 50]
[min_sum_hessian_in_leaf: 0.001]
[bagging_fraction: 0.8]
[pos_bagging_fraction: 1]
[neg_bagging_fraction: 1]
[bagging_freq: 5]
[bagging_seed: 400]
[bagging_by_query: 0]
[feature_fraction: 0.8]
[feature_fraction_bynode: 1]
[feature_fraction_seed: 30056]
[extra_trees: 0]
[extra_seed: 12879]
[early_stopping_round: 0]
[early_stopping_min_delta: 0]
[first_metric_only: 0]
[max_delta_step: 0]
[lambda_l1: 1.5]
[lambda_l2: 1]
[linear_lambda: 0]
[min_gain_to_split: 0]
[drop_rate: 0.1]
[max_drop: 50]
[skip_drop: 0.5]
[xgboost_dart_mode: 0]
[uniform_drop: 0]
[drop_seed: 17869]
[top_rate: 0.2]
[other_rate: 0.1]
[min_data_per_group: 100]
[max_cat_threshold: 32]
[cat_l2: 10]
[cat_smooth: 10]
[max_cat_to_onehot: 4]
[top_k: 20]
[monotone_constraints: ]
[monotone_constraints_method: basic]
[monotone_penalty: 0]
[feature_contri: ]
[forcedsplits_filename: ]
[refit_decay_rate: 0.9]
[cegb_tradeoff: 1]
[cegb_penalty_split: 0]
[cegb_penalty_feature_lazy: ]
[cegb_penalty_feature_coupled: ]
[path_smooth: 0]
[interaction_constraints: ]
[verbosity: -1]
[saved_feature_importance_type: 0]
[use_quantized_grad: 0]
[num_grad_quant_bins: 4]
[quant_train_renew_leaf: 0]
[stochastic_rounding: 1]
[linear_tree: 0]
[max_bin: 255]
[max_bin_by_feature: ]
[min_data_in_bin: 3]
[bin_construct_sample_cnt: 200000]
[data_random_seed: 175]
[is_enable_sparse: 1]
[enable_bundle: 1]
[use_missing: 1]
[zero_as_missing: 0]
[feature_pre_filter: 1]
[pre_partition: 0]
[two_round: 0]
[header: 0]
[label_column: ]
[weight_column: ]
[group_column: ]
[ignore_column: ]
[categorical_feature: 0,1,2,3]
[forcedbins_filename: ]
[precise_float_parser: 0]
[parser_config_file: ]
[objective_seed: 16083]
[num_class: 1]
[is_unbalance: 0]
[scale_pos_weight: 1]
[sigmoid: 1]
[boost_from_average: 1]
[reg_sqrt: 0]
[alpha: 0.9]
[fair_c: 1]
[poisson_max_delta_step: 0.7]
[tweedie_variance_power: 1.5]
[lambdarank_truncation_level: 30]
[lambdarank_norm: 1]
[label_gain: ]
[lambdarank_position_bias_regularization: 0]
[eval_at: ]
[multi_error_top_k: 1]
[auc_mu_weights: ]
[num_machines: 1]
[local_listen_port: 12400]
[time_out: 120]
[machine_list_filename: ]
[machines: ]
[gpu_platform_id: -1]
[gpu_device_id: -1]
[gpu_use_dp: 0]
[num_gpu: 1]

end of parameters

pandas_categorical:[["Achalpur", "Amarawati", "Anajngaon", "Chandur Bazar", "Chandur Railway", "Daryapur", "Dhamngaon-Railway", "Morshi", "Nandgaon Khandeshwar", "Shetkari Khushi Bazar", "Varud", "Varud(Rajura Bazar)"], ["Amarawati"], ["Maharashtra"], ["Other", "Yellow"]]
